Trace Name,Result Code,Fixpoint (ms),Termination (ms),Nontermination (ms),Nontermination Cumul (ms),pasttel (ms),PaSTTeL Status,Stem Size,Loop Size,Total Size Trace,Algo
ATVA2026_benchmark/NON_TERM_LASSO//lasso_traces_01_inc-originalVarNames-noSymmetry.bpl/lasso_trace_13.txt,NONTERMINATING,"1,27",0,0,"1,27",2,NONTERMINATING,4,4,8,Fixpoint / Fixpoint
ATVA2026_benchmark/NON_TERM_LASSO//lasso_traces_01_inc-originalVarNames.bpl/lasso_trace_1.txt,NONTERMINATING,"2,81",0,0,"2,81",2,NONTERMINATING,0,1,1,Fixpoint / Fixpoint
ATVA2026_benchmark/NON_TERM_LASSO//lasso_traces_01-exsec2_true-valid-ltl.c/lasso_trace_1.txt,NONTERMINATING,"3,14",0,0,"3,14",1,NONTERMINATING,5,2,7,Fixpoint / Fixpoint
ATVA2026_benchmark/NON_TERM_LASSO//lasso_traces_03-toyacquirerelease_true-valid-ltl.c/lasso_trace_1.txt,NONTERMINATING,"3,09",0,0,"3,09",2,NONTERMINATING,5,3,8,Fixpoint / Fixpoint
ATVA2026_benchmark/NON_TERM_LASSO//lasso_traces_08-postgreSQL_pgarch_false-valid-ltl.c/lasso_trace_3.txt,NONTERMINATING,"1,28",0,0,"1,28",2,NONTERMINATING,32,22,54,Fixpoint / Fixpoint
ATVA2026_benchmark/NON_TERM_LASSO//lasso_traces_1.t2.c/lasso_trace_2.txt,NONTERMINATING,"1,71",0,0,"1,71",2,NONTERMINATING,119,30,149,Fixpoint / Fixpoint
ATVA2026_benchmark/NON_TERM_LASSO//lasso_traces_1394-fail.t2.c/lasso_trace_3.txt,NONTERMINATING,"2,73",0,0,"2,73",3,NONTERMINATING,327,29,356,Fixpoint / Fixpoint
ATVA2026_benchmark/NON_TERM_LASSO//lasso_traces_1394-succeed.t2.c/lasso_trace_3.txt,NONTERMINATING,"2,63",0,0,"2,63",3,NONTERMINATING,323,29,352,Fixpoint / Fixpoint
ATVA2026_benchmark/NON_TERM_LASSO//lasso_traces_1394complete-fail.t2.c/lasso_trace_4.txt,NONTERMINATING,"2,59",0,0,"2,59",3,NONTERMINATING,348,26,374,Fixpoint / Fixpoint
ATVA2026_benchmark/NON_TERM_LASSO//lasso_traces_1394complete-succeed.t2.c/lasso_trace_7.txt,NONTERMINATING,"2,47",0,0,"2,47",3,NONTERMINATING,395,8,403,Fixpoint / Fixpoint
ATVA2026_benchmark/NON_TERM_LASSO//lasso_traces_14-windows_os_frag2_true-valid-ltl.c/lasso_trace_1.txt,NONTERMINATING,"2,94",0,0,"2,94",2,NONTERMINATING,9,1,10,Fixpoint / Fixpoint
ATVA2026_benchmark/NON_TERM_LASSO//lasso_traces_15-windows_os_frag2_wbug_false-valid-ltl.c/lasso_trace_1.txt,NONTERMINATING,"2,92",0,0,"2,92",2,NONTERMINATING,9,1,10,Fixpoint / Fixpoint
ATVA2026_benchmark/NON_TERM_LASSO//lasso_traces_16-windows_os_frag3_true-valid-ltl.c/lasso_trace_1.txt,NONTERMINATING,"2,56",0,0,"2,56",1,NONTERMINATING,4,6,10,Fixpoint / Fixpoint
ATVA2026_benchmark/NON_TERM_LASSO//lasso_traces_1997FMSD-Halbwachs.c/lasso_trace_1.txt,NONTERMINATING,"3,23",0,0,"3,23",2,NONTERMINATING,5,4,9,Fixpoint / Fixpoint
ATVA2026_benchmark/NON_TERM_LASSO//lasso_traces_2.t2.c/lasso_trace_2.txt,NONTERMINATING,"5,23",0,0,"5,23",2,NONTERMINATING,119,30,149,Fixpoint / Fixpoint
ATVA2026_benchmark/NON_TERM_LASSO//lasso_traces_2001TACAS-BallPodelskiRajamani.c/lasso_trace_1.txt,NONTERMINATING,"3,03",0,0,"3,03",1,NONTERMINATING,5,2,7,Fixpoint / Fixpoint
ATVA2026_benchmark/NON_TERM_LASSO//lasso_traces_2013POPL-BenAmGen-Ex3.20-Real.bpl/lasso_trace_1.txt,NONTERMINATING,"3,69",0,0,"3,69",1,NONTERMINATING,0,1,1,Fixpoint / Fixpoint
ATVA2026_benchmark/NON_TERM_LASSO//lasso_traces_2020ProgVerif-Sheet09Ex01.bpl/lasso_trace_1.txt,NONTERMINATING,"1,88",0,"50,06","51,94",5,NONTERMINATING,1,2,3,GNTA / GNTA
ATVA2026_benchmark/NON_TERM_LASSO//lasso_traces_205_9a_array_unsafes_linux-3.16-rc1.tar.xz-205_9a-drivers--net--wan--hdlc_x25.ko-entry_point_true-unreach-call.cil.out.c/lasso_trace_2.txt,NONTERMINATING,"17,45",0,0,"17,45",15,NONTERMINATING,18,3,21,Fixpoint / Fixpoint
ATVA2026_benchmark/NON_TERM_LASSO//lasso_traces_21-windows_os_frag6_wbug_false-valid-ltl.c/lasso_trace_2.txt,NONTERMINATING,"3,36",0,0,"3,36",1,NONTERMINATING,5,4,9,Fixpoint / Fixpoint
ATVA2026_benchmark/NON_TERM_LASSO//lasso_traces_23-windows_os_frag8_true-valid-ltl.c/lasso_trace_1.txt,NONTERMINATING,"3,21",0,0,"3,21",2,NONTERMINATING,9,1,10,Fixpoint / Fixpoint
ATVA2026_benchmark/NON_TERM_LASSO//lasso_traces_3.t2.c/lasso_trace_1.txt,NONTERMINATING,"2,3",0,0,"2,3",1,NONTERMINATING,16,8,24,Fixpoint / Fixpoint
ATVA2026_benchmark/NON_TERM_LASSO//lasso_traces_39_framing_condition_summary_minimal.bpl/lasso_trace_1.txt,NONTERMINATING,"3,4",0,0,"3,4",1,NONTERMINATING,1,1,2,Fixpoint / Fixpoint
ATVA2026_benchmark/NON_TERM_LASSO//lasso_traces_40_framing_condition_with_procedure.bpl/lasso_trace_1.txt,NONTERMINATING,"2,72",0,0,"2,72",1,NONTERMINATING,0,1,1,Fixpoint / Fixpoint
ATVA2026_benchmark/NON_TERM_LASSO//lasso_traces_41_loop_leaves_some_indices_unchanged.bpl/lasso_trace_1.txt,NONTERMINATING,"4,19",0,0,"4,19",2,NONTERMINATING,1,1,2,Fixpoint / Fixpoint
ATVA2026_benchmark/NON_TERM_LASSO//lasso_traces_6.t2.c/lasso_trace_1.txt,NONTERMINATING,"2,44",0,0,"2,44",1,NONTERMINATING,16,8,24,Fixpoint / Fixpoint
ATVA2026_benchmark/NON_TERM_LASSO//lasso_traces_7.t2.c/lasso_trace_1.txt,NONTERMINATING,"2,84",0,0,"2,84",2,NONTERMINATING,24,16,40,Fixpoint / Fixpoint
ATVA2026_benchmark/NON_TERM_LASSO//lasso_traces_a.02.c/lasso_trace_1.txt,NONTERMINATING,"3,51",0,0,"3,51",2,NONTERMINATING,1,1,2,Fixpoint / Fixpoint
ATVA2026_benchmark/NON_TERM_LASSO//lasso_traces_a.02.real.c/lasso_trace_1.txt,NONTERMINATING,"6,83",0,0,"6,83",3,NONTERMINATING,1,1,2,Fixpoint / Fixpoint
ATVA2026_benchmark/NON_TERM_LASSO//lasso_traces_a.03-no-inv.c/lasso_trace_3.txt,NONTERMINATING,"2,19",0,0,"2,19",7,NONTERMINATING,3,1,4,Fixpoint / Fixpoint
ATVA2026_benchmark/NON_TERM_LASSO//lasso_traces_a.03.c/lasso_trace_3.txt,NONTERMINATING,"2,18",0,0,"2,18",7,NONTERMINATING,3,1,4,Fixpoint / Fixpoint
ATVA2026_benchmark/NON_TERM_LASSO//lasso_traces_a.03.real-no-inv.c/lasso_trace_3.txt,NONTERMINATING,"2,82",0,0,"2,82",5,NONTERMINATING,3,2,5,Fixpoint / Fixpoint
ATVA2026_benchmark/NON_TERM_LASSO//lasso_traces_a.03.real.c/lasso_trace_3.txt,NONTERMINATING,"2,22",0,0,"2,22",5,NONTERMINATING,3,2,5,Fixpoint / Fixpoint
ATVA2026_benchmark/NON_TERM_LASSO//lasso_traces_a.09.c/lasso_trace_1.txt,NONTERMINATING,"3,73",0,0,"3,73",2,NONTERMINATING,1,1,2,Fixpoint / Fixpoint
ATVA2026_benchmark/NON_TERM_LASSO//lasso_traces_Ack.c/lasso_trace_2.txt,NONTERMINATING,"1,02",0,"223,19","224,21",6,NONTERMINATING,12,4,16,GNTA / GNTA
ATVA2026_benchmark/NON_TERM_LASSO//lasso_traces_Ackermann_false-termination_true-valid-memsafety.c/lasso_trace_1.txt,NONTERMINATING,"2,31",0,"223,11","225,42",3,NONTERMINATING,7,4,11,GNTA / GNTA
ATVA2026_benchmark/NON_TERM_LASSO//lasso_traces_Ackermann_false-termination.c/lasso_trace_1.txt,NONTERMINATING,"3,06",0,"218,73","221,79",3,NONTERMINATING,7,4,11,GNTA / GNTA
ATVA2026_benchmark/NON_TERM_LASSO//lasso_traces_acqrel-fail.t2.c/lasso_trace_1.txt,NONTERMINATING,"2,96",0,0,"2,96",2,NONTERMINATING,32,30,62,Fixpoint / Fixpoint
ATVA2026_benchmark/NON_TERM_LASSO//lasso_traces_ACSL-array_loop_invariant.c/lasso_trace_1.txt,NONTERMINATING,"3,37",0,0,"3,37",2,NONTERMINATING,6,3,9,Fixpoint / Fixpoint
ATVA2026_benchmark/NON_TERM_LASSO//lasso_traces_ACSL-at.c/lasso_trace_1.txt,NONTERMINATING,"3,62",0,0,"3,62",2,NONTERMINATING,8,3,11,Fixpoint / Fixpoint
ATVA2026_benchmark/NON_TERM_LASSO//lasso_traces_ACSL-boolConversion.c/lasso_trace_1.txt,NONTERMINATING,"2,48",0,0,"2,48",1,NONTERMINATING,5,3,8,Fixpoint / Fixpoint
ATVA2026_benchmark/NON_TERM_LASSO//lasso_traces_add-sub01.bpl/lasso_trace_1.txt,NONTERMINATING,"5,07",0,0,"5,07",1,NONTERMINATING,2,3,5,Fixpoint / Fixpoint
ATVA2026_benchmark/NON_TERM_LASSO//lasso_traces_add-sub02.bpl/lasso_trace_1.txt,NONTERMINATING,"4,31",0,0,"4,31",1,NONTERMINATING,2,3,5,Fixpoint / Fixpoint
ATVA2026_benchmark/NON_TERM_LASSO//lasso_traces_add-sub03.bpl/lasso_trace_1.txt,NONTERMINATING,"4,32",0,0,"4,32",1,NONTERMINATING,2,3,5,Fixpoint / Fixpoint
ATVA2026_benchmark/NON_TERM_LASSO//lasso_traces_add-sub04.bpl/lasso_trace_1.txt,NONTERMINATING,"6,83",0,0,"6,83",1,NONTERMINATING,2,3,5,Fixpoint / Fixpoint
ATVA2026_benchmark/NON_TERM_LASSO//lasso_traces_add-sub05.bpl/lasso_trace_1.txt,NONTERMINATING,"6,56",0,0,"6,56",1,NONTERMINATING,2,3,5,Fixpoint / Fixpoint
ATVA2026_benchmark/NON_TERM_LASSO//lasso_traces_add-sub06.bpl/lasso_trace_1.txt,NONTERMINATING,"4,18",0,0,"4,18",1,NONTERMINATING,2,3,5,Fixpoint / Fixpoint
ATVA2026_benchmark/NON_TERM_LASSO//lasso_traces_add-sub07.bpl/lasso_trace_1.txt,NONTERMINATING,"6,55",0,0,"6,55",1,NONTERMINATING,2,3,5,Fixpoint / Fixpoint
ATVA2026_benchmark/NON_TERM_LASSO//lasso_traces_add-sub08.bpl/lasso_trace_1.txt,NONTERMINATING,"6,94",0,0,"6,94",1,NONTERMINATING,2,3,5,Fixpoint / Fixpoint
ATVA2026_benchmark/NON_TERM_LASSO//lasso_traces_add-sub09.bpl/lasso_trace_1.txt,NONTERMINATING,"5,9",0,0,"5,9",1,NONTERMINATING,2,3,5,Fixpoint / Fixpoint
ATVA2026_benchmark/NON_TERM_LASSO//lasso_traces_addNotUpdatedVar.bpl/lasso_trace_1.txt,NONTERMINATING,"2,8",0,0,"2,8",1,NONTERMINATING,0,1,1,Fixpoint / Fixpoint
ATVA2026_benchmark/NON_TERM_LASSO//lasso_traces_afagp-fail.t2.c/lasso_trace_1.txt,NONTERMINATING,2,0,"1644,79","1646,79",5,NONTERMINATING,416,32,448,GNTA / GNTA
ATVA2026_benchmark/NON_TERM_LASSO//lasso_traces_afagx1.t2.c/lasso_trace_1.txt,NONTERMINATING,"2,88",0,0,"2,88",1,NONTERMINATING,20,21,41,Fixpoint / Fixpoint
ATVA2026_benchmark/NON_TERM_LASSO//lasso_traces_AffineTerms.c/lasso_trace_1.txt,NONTERMINATING,"5,36",0,0,"5,36",1,NONTERMINATING,6,2,8,Fixpoint / Fixpoint
ATVA2026_benchmark/NON_TERM_LASSO//lasso_traces_agafp.t2.c/lasso_trace_1.txt,NONTERMINATING,"1,95",0,"2402,57","2404,52",5,NONTERMINATING,689,9,698,GNTA / GNTA
ATVA2026_benchmark/NON_TERM_LASSO//lasso_traces_AiHelpful.bpl/lasso_trace_1.txt,NONTERMINATING,"3,59",0,0,"3,59",1,NONTERMINATING,1,1,2,Fixpoint / Fixpoint
ATVA2026_benchmark/NON_TERM_LASSO//lasso_traces_and-01-false_no-overflow.c/lasso_trace_1.txt,NONTERMINATING,"1,78",0,"96,88","98,66",2,NONTERMINATING,5,1,6,GNTA / GNTA
ATVA2026_benchmark/NON_TERM_LASSO//lasso_traces_and-01-false.c/lasso_trace_1.txt,NONTERMINATING,"1,89",0,"108,55","110,44",2,NONTERMINATING,5,1,6,GNTA / GNTA
ATVA2026_benchmark/NON_TERM_LASSO//lasso_traces_and-02-false_no-overflow.c/lasso_trace_1.txt,NONTERMINATING,"1,82",0,"115,72","117,54",2,NONTERMINATING,5,1,6,GNTA / GNTA
ATVA2026_benchmark/NON_TERM_LASSO//lasso_traces_and-02-false.c/lasso_trace_1.txt,NONTERMINATING,"1,85",0,"130,31","132,16",2,NONTERMINATING,5,1,6,GNTA / GNTA
ATVA2026_benchmark/NON_TERM_LASSO//lasso_traces_and-03-false_termination.c/lasso_trace_1.txt,NONTERMINATING,"2,7",0,0,"2,7",1,NONTERMINATING,5,1,6,Fixpoint / Fixpoint
ATVA2026_benchmark/NON_TERM_LASSO//lasso_traces_and-03-false.c/lasso_trace_1.txt,NONTERMINATING,"3,23",0,0,"3,23",1,NONTERMINATING,5,1,6,Fixpoint / Fixpoint
ATVA2026_benchmark/NON_TERM_LASSO//lasso_traces_and-04-false_termination.c/lasso_trace_1.txt,NONTERMINATING,"2,73",0,0,"2,73",1,NONTERMINATING,5,1,6,Fixpoint / Fixpoint
ATVA2026_benchmark/NON_TERM_LASSO//lasso_traces_and-04-false.c/lasso_trace_1.txt,NONTERMINATING,"3,02",0,0,"3,02",1,NONTERMINATING,5,1,6,Fixpoint / Fixpoint
ATVA2026_benchmark/NON_TERM_LASSO//lasso_traces_AnnoyingVillain.bpl/lasso_trace_1.txt,NONTERMINATING,"1,93",0,"73,78","75,71",3,NONTERMINATING,1,1,2,GNTA / GNTA
ATVA2026_benchmark/NON_TERM_LASSO//lasso_traces_apchild-accepted-fail.t2.c/lasso_trace_3.txt,NONTERMINATING,"2,91",0,0,"2,91",4,NONTERMINATING,552,70,622,Fixpoint / Fixpoint
ATVA2026_benchmark/NON_TERM_LASSO//lasso_traces_apchild-accepted.t2.c/lasso_trace_3.txt,NONTERMINATING,"3,22",0,0,"3,22",4,NONTERMINATING,552,70,622,Fixpoint / Fixpoint
ATVA2026_benchmark/NON_TERM_LASSO//lasso_traces_apchild-live.t2.c/lasso_trace_4.txt,NONTERMINATING,"4,54",0,0,"4,54",6,NONTERMINATING,621,79,700,Fixpoint / Fixpoint
ATVA2026_benchmark/NON_TERM_LASSO//lasso_traces_apchildlive-succeed.t2.c/lasso_trace_3.txt,NONTERMINATING,"2,99",0,0,"2,99",4,NONTERMINATING,531,86,617,Fixpoint / Fixpoint
ATVA2026_benchmark/NON_TERM_LASSO//lasso_traces_array04_alloca_no-overflow.c/lasso_trace_3.txt,NONTERMINATING,"1,74",0,0,"1,74",3,NONTERMINATING,9,2,11,Fixpoint / Fixpoint
ATVA2026_benchmark/NON_TERM_LASSO//lasso_traces_array04_alloca.c/lasso_trace_3.txt,NONTERMINATING,"1,95",0,0,"1,95",4,NONTERMINATING,9,2,11,Fixpoint / Fixpoint
ATVA2026_benchmark/NON_TERM_LASSO//lasso_traces_array19_alloca_no-overflow.c/lasso_trace_3.txt,NONTERMINATING,"1,92",0,0,"1,92",4,NONTERMINATING,9,2,11,Fixpoint / Fixpoint
ATVA2026_benchmark/NON_TERM_LASSO//lasso_traces_array19_alloca.c/lasso_trace_3.txt,NONTERMINATING,"2,64",0,0,"2,64",3,NONTERMINATING,9,2,11,Fixpoint / Fixpoint
ATVA2026_benchmark/NON_TERM_LASSO//lasso_traces_ArrayExtensionality.bpl/lasso_trace_1.txt,NONTERMINATING,"2,13",0,0,"2,13",1,NONTERMINATING,1,1,2,Fixpoint / Fixpoint
ATVA2026_benchmark/NON_TERM_LASSO//lasso_traces_ArrayRead03.bpl/lasso_trace_1.txt,NONTERMINATING,"1,59",0,0,"1,59",2,NONTERMINATING,2,1,3,Fixpoint / Fixpoint
ATVA2026_benchmark/NON_TERM_LASSO//lasso_traces_Arrays02-EquivalentConstantIndices_false-termination.c/lasso_trace_1.txt,NONTERMINATING,"8,3",0,0,"8,3",2,NONTERMINATING,5,5,10,Fixpoint / Fixpoint
ATVA2026_benchmark/NON_TERM_LASSO//lasso_traces_Arrays02-EquivalentConstantIndices_no-overflow.c/lasso_trace_1.txt,NONTERMINATING,"4,08",0,0,"4,08",2,NONTERMINATING,6,5,11,Fixpoint / Fixpoint
ATVA2026_benchmark/NON_TERM_LASSO//lasso_traces_Arrays02-EquivalentConstantIndices.c/lasso_trace_1.txt,NONTERMINATING,"4,69",0,0,"4,69",2,NONTERMINATING,6,5,11,Fixpoint / Fixpoint
ATVA2026_benchmark/NON_TERM_LASSO//lasso_traces_Arrays20.bpl/lasso_trace_22.txt,NONTERMINATING,"2,82",0,0,"2,82",4,NONTERMINATING,40,2,42,Fixpoint / Fixpoint
ATVA2026_benchmark/NON_TERM_LASSO//lasso_traces_ATVA2013-nonIntegral-real.bpl/lasso_trace_1.txt,NONTERMINATING,"3,1",0,0,"3,1",1,NONTERMINATING,1,1,2,Fixpoint / Fixpoint
ATVA2026_benchmark/NON_TERM_LASSO//lasso_traces_b.03-no-inv.c/lasso_trace_1.txt,NONTERMINATING,"22,69",0,0,"22,69",2,NONTERMINATING,1,1,2,Fixpoint / Fixpoint
ATVA2026_benchmark/NON_TERM_LASSO//lasso_traces_b.03.c/lasso_trace_1.txt,NONTERMINATING,"18,29",0,0,"18,29",2,NONTERMINATING,1,1,2,Fixpoint / Fixpoint
ATVA2026_benchmark/NON_TERM_LASSO//lasso_traces_b.08.c/lasso_trace_1.txt,NONTERMINATING,"3,1",0,0,"3,1",2,NONTERMINATING,1,1,2,Fixpoint / Fixpoint
ATVA2026_benchmark/NON_TERM_LASSO//lasso_traces_b.09-no-inv.c/lasso_trace_1.txt,NONTERMINATING,"2,38",0,"51,45","53,83",3,NONTERMINATING,1,1,2,GNTA / GNTA
ATVA2026_benchmark/NON_TERM_LASSO//lasso_traces_b.09.c/lasso_trace_1.txt,NONTERMINATING,"2,32",0,"46,07","48,39",3,NONTERMINATING,1,1,2,GNTA / GNTA
ATVA2026_benchmark/NON_TERM_LASSO//lasso_traces_Bakery.bpl/lasso_trace_3.txt,NONTERMINATING,1,0,0,1,2,NONTERMINATING,6,6,12,Fixpoint / Fixpoint
ATVA2026_benchmark/NON_TERM_LASSO//lasso_traces_Bangalore_false-termination.c/lasso_trace_1.txt,NONTERMINATING,"4,97",0,0,"4,97",1,NONTERMINATING,6,1,7,Fixpoint / Fixpoint
ATVA2026_benchmark/NON_TERM_LASSO//lasso_traces_Bangalore_v2_false-termination.c/lasso_trace_1.txt,NONTERMINATING,"13,82",0,0,"13,82",2,NONTERMINATING,6,1,7,Fixpoint / Fixpoint
ATVA2026_benchmark/NON_TERM_LASSO//lasso_traces_Bangalore_v2_no-overflow.c/lasso_trace_1.txt,NONTERMINATING,"3,19",0,0,"3,19",2,NONTERMINATING,6,1,7,Fixpoint / Fixpoint
ATVA2026_benchmark/NON_TERM_LASSO//lasso_traces_Bangalore_v2.c/lasso_trace_1.txt,NONTERMINATING,"3,12",0,0,"3,12",2,NONTERMINATING,6,1,7,Fixpoint / Fixpoint
ATVA2026_benchmark/NON_TERM_LASSO//lasso_traces_Bangalore_v3_false-termination.c/lasso_trace_1.txt,NONTERMINATING,"11,26",0,0,"11,26",2,NONTERMINATING,6,1,7,Fixpoint / Fixpoint
ATVA2026_benchmark/NON_TERM_LASSO//lasso_traces_Bangalore_v3_no-overflow.c/lasso_trace_1.txt,NONTERMINATING,"2,95",0,0,"2,95",2,NONTERMINATING,6,1,7,Fixpoint / Fixpoint
ATVA2026_benchmark/NON_TERM_LASSO//lasso_traces_Bangalore_v3.c/lasso_trace_1.txt,NONTERMINATING,"6,26",0,0,"6,26",2,NONTERMINATING,6,1,7,Fixpoint / Fixpoint
ATVA2026_benchmark/NON_TERM_LASSO//lasso_traces_Bangalore-1_no-overflow.c/lasso_trace_1.txt,NONTERMINATING,"3,27",0,0,"3,27",2,NONTERMINATING,6,1,7,Fixpoint / Fixpoint
ATVA2026_benchmark/NON_TERM_LASSO//lasso_traces_Bangalore-1.c/lasso_trace_1.txt,NONTERMINATING,"3,51",0,0,"3,51",2,NONTERMINATING,6,1,7,Fixpoint / Fixpoint
ATVA2026_benchmark/NON_TERM_LASSO//lasso_traces_Bangalore2.bpl/lasso_trace_1.txt,NONTERMINATING,"5,05",0,0,"5,05",1,NONTERMINATING,1,1,2,Fixpoint / Fixpoint
ATVA2026_benchmark/NON_TERM_LASSO//lasso_traces_Barcelona.bpl/lasso_trace_1.txt,NONTERMINATING,"3,31",0,0,"3,31",1,NONTERMINATING,1,1,2,Fixpoint / Fixpoint
ATVA2026_benchmark/NON_TERM_LASSO//lasso_traces_bball.bpl/lasso_trace_1.txt,NONTERMINATING,"3,49",0,0,"3,49",2,NONTERMINATING,1,2,3,Fixpoint / Fixpoint
ATVA2026_benchmark/NON_TERM_LASSO//lasso_traces_BigBranchingExample.bpl/lasso_trace_179.txt,NONTERMINATING,"4,63",0,0,"4,63",4,NONTERMINATING,215,2,217,Fixpoint / Fixpoint
ATVA2026_benchmark/NON_TERM_LASSO//lasso_traces_Binary_Search_true-termination.c/lasso_trace_2.txt,NONTERMINATING,"1,67",0,0,"1,67",4,NONTERMINATING,9,4,13,Fixpoint / Fixpoint
ATVA2026_benchmark/NON_TERM_LASSO//lasso_traces_Binary_Search-1_no-overflow.c/lasso_trace_1.txt,NONTERMINATING,"3,59",0,0,"3,59",2,NONTERMINATING,6,4,10,Fixpoint / Fixpoint
ATVA2026_benchmark/NON_TERM_LASSO//lasso_traces_Binary_Search-1.c/lasso_trace_1.txt,NONTERMINATING,"4,48",0,0,"4,48",2,NONTERMINATING,6,4,10,Fixpoint / Fixpoint
ATVA2026_benchmark/NON_TERM_LASSO//lasso_traces_Binary_Search-2_no-overflow.c/lasso_trace_2.txt,NONTERMINATING,"1,81",0,0,"1,81",3,NONTERMINATING,11,4,15,Fixpoint / Fixpoint
ATVA2026_benchmark/NON_TERM_LASSO//lasso_traces_Binary_Search-2.c/lasso_trace_2.txt,NONTERMINATING,"1,92",0,0,"1,92",3,NONTERMINATING,11,4,15,Fixpoint / Fixpoint
ATVA2026_benchmark/NON_TERM_LASSO//lasso_traces_boogieBoolConversionForWhileForCondex.c/lasso_trace_1.txt,NONTERMINATING,"3,54",0,0,"3,54",1,NONTERMINATING,5,5,10,Fixpoint / Fixpoint
ATVA2026_benchmark/NON_TERM_LASSO//lasso_traces_bpl.bpl/lasso_trace_1.txt,NONTERMINATING,"2,74",0,0,"2,74",1,NONTERMINATING,0,1,1,Fixpoint / Fixpoint
ATVA2026_benchmark/NON_TERM_LASSO//lasso_traces_BradleyMannaSipma-2005CAV-Fig1-modified-alloca_unknown-termination.c/lasso_trace_2.txt,NONTERMINATING,"5,13",0,0,"5,13",4,NONTERMINATING,13,9,22,Fixpoint / Fixpoint
ATVA2026_benchmark/NON_TERM_LASSO//lasso_traces_BradleyMannaSipma-2005ICALP-Fig1-alloca_unknown-termination.c/lasso_trace_1.txt,NONTERMINATING,"5,39",0,0,"5,39",3,NONTERMINATING,10,9,19,Fixpoint / Fixpoint
ATVA2026_benchmark/NON_TERM_LASSO//lasso_traces_BradleyMannaSipma-CAV2005-Fig1-modified_false-termination.c/lasso_trace_1.txt,NONTERMINATING,"5,36",0,0,"5,36",2,NONTERMINATING,6,1,7,Fixpoint / Fixpoint
ATVA2026_benchmark/NON_TERM_LASSO//lasso_traces_BradleyMannaSipma-CAV2005-Fig1-modified_no-overflow.c/lasso_trace_1.txt,NONTERMINATING,"2,89",0,0,"2,89",2,NONTERMINATING,6,1,7,Fixpoint / Fixpoint
ATVA2026_benchmark/NON_TERM_LASSO//lasso_traces_BradleyMannaSipma-CAV2005-Fig1-modified.c/lasso_trace_1.txt,NONTERMINATING,"5,95",0,0,"5,95",2,NONTERMINATING,6,1,7,Fixpoint / Fixpoint
ATVA2026_benchmark/NON_TERM_LASSO//lasso_traces_bs.t2.c/lasso_trace_1.txt,NONTERMINATING,"3,07",0,0,"3,07",2,NONTERMINATING,40,25,65,Fixpoint / Fixpoint
ATVA2026_benchmark/NON_TERM_LASSO//lasso_traces_BuchiAutomizer01.bpl/lasso_trace_1.txt,NONTERMINATING,"2,52",0,0,"2,52",1,NONTERMINATING,1,1,2,Fixpoint / Fixpoint
ATVA2026_benchmark/NON_TERM_LASSO//lasso_traces_bug-FalseStemFeasible.c/lasso_trace_3.txt,NONTERMINATING,"1,84",0,0,"1,84",2,NONTERMINATING,7,1,8,Fixpoint / Fixpoint
ATVA2026_benchmark/NON_TERM_LASSO//lasso_traces_bug-IndexOutOfBounds.c/lasso_trace_2.txt,NONTERMINATING,"22,35",0,0,"22,35",2,NONTERMINATING,6,2,8,Fixpoint / Fixpoint
ATVA2026_benchmark/NON_TERM_LASSO//lasso_traces_bug-old-stmt-4.bpl/lasso_trace_1.txt,NONTERMINATING,"1,37",0,0,"1,37",2,NONTERMINATING,12,8,20,Fixpoint / Fixpoint
ATVA2026_benchmark/NON_TERM_LASSO//lasso_traces_bug06_IsEmptyHeuristic.c/lasso_trace_3.txt,NONTERMINATING,"1,55",0,0,"1,55",1,NONTERMINATING,8,14,22,Fixpoint / Fixpoint
ATVA2026_benchmark/NON_TERM_LASSO//lasso_traces_bug07_IsEmptyHeuristic.c/lasso_trace_1.txt,NONTERMINATING,"1,92",0,"199,14","201,06",4,NONTERMINATING,6,3,9,GNTA / GNTA
ATVA2026_benchmark/NON_TERM_LASSO//lasso_traces_bug08_IsEmptyHeuristic.c/lasso_trace_1.txt,NONTERMINATING,"4,21",0,"171,35","175,56",2,NONTERMINATING,6,3,9,GNTA / GNTA
ATVA2026_benchmark/NON_TERM_LASSO//lasso_traces_BugCNF01.bpl/lasso_trace_1.txt,NONTERMINATING,"3,13",0,0,"3,13",1,NONTERMINATING,1,1,2,Fixpoint / Fixpoint
ATVA2026_benchmark/NON_TERM_LASSO//lasso_traces_BugCNF02.bpl/lasso_trace_1.txt,NONTERMINATING,"2,8",0,0,"2,8",1,NONTERMINATING,1,1,2,Fixpoint / Fixpoint
ATVA2026_benchmark/NON_TERM_LASSO//lasso_traces_BugDoubleLoopEntry.bpl/lasso_trace_1.txt,NONTERMINATING,"2,76",0,0,"2,76",1,NONTERMINATING,1,2,3,Fixpoint / Fixpoint
ATVA2026_benchmark/NON_TERM_LASSO//lasso_traces_BugFreshConstantInSSA.bpl/lasso_trace_1.txt,NONTERMINATING,"2,74",0,0,"2,74",1,NONTERMINATING,1,1,2,Fixpoint / Fixpoint
ATVA2026_benchmark/NON_TERM_LASSO//lasso_traces_BugHoareAnnotation.bpl/lasso_trace_1.txt,NONTERMINATING,"2,61",0,0,"2,61",1,NONTERMINATING,1,8,9,Fixpoint / Fixpoint
ATVA2026_benchmark/NON_TERM_LASSO//lasso_traces_BugIncorrectHoareAnnotation01SimplifiedA.bpl/lasso_trace_2.txt,NONTERMINATING,"1,48",0,0,"1,48",2,NONTERMINATING,3,1,4,Fixpoint / Fixpoint
ATVA2026_benchmark/NON_TERM_LASSO//lasso_traces_BugIncorrectHoareAnnotation01SimplifiedB.bpl/lasso_trace_2.txt,NONTERMINATING,"1,37",0,0,"1,37",1,NONTERMINATING,3,1,4,Fixpoint / Fixpoint
ATVA2026_benchmark/NON_TERM_LASSO//lasso_traces_BugInterproceduralSequentialComposition_Berlin.bpl/lasso_trace_1.txt,NONTERMINATING,"3,01",0,0,"3,01",2,NONTERMINATING,4,1,5,Fixpoint / Fixpoint
ATVA2026_benchmark/NON_TERM_LASSO//lasso_traces_BugInterproceduralSequentialComposition_Berlin.c/lasso_trace_1.txt,NONTERMINATING,"28,68",0,0,"28,68",5,NONTERMINATING,6,1,7,Fixpoint / Fixpoint
ATVA2026_benchmark/NON_TERM_LASSO//lasso_traces_BugInterproceduralSequentialComposition_SouthTyrol-minimized.c/lasso_trace_1.txt,NONTERMINATING,"6,11",0,0,"6,11",1,NONTERMINATING,4,1,5,Fixpoint / Fixpoint
ATVA2026_benchmark/NON_TERM_LASSO//lasso_traces_BugInterproceduralSequentialComposition_SouthTyrol.bpl/lasso_trace_1.txt,NONTERMINATING,"2,84",0,0,"2,84",1,NONTERMINATING,2,1,3,Fixpoint / Fixpoint
ATVA2026_benchmark/NON_TERM_LASSO//lasso_traces_BugLabelAtEndOfLoop.bpl/lasso_trace_1.txt,NONTERMINATING,"2,11",0,0,"2,11",1,NONTERMINATING,1,1,2,Fixpoint / Fixpoint
ATVA2026_benchmark/NON_TERM_LASSO//lasso_traces_BugMapElimination_AuxVar01.bpl/lasso_trace_1.txt,NONTERMINATING,"3,13",0,0,"3,13",1,NONTERMINATING,3,1,4,Fixpoint / Fixpoint
ATVA2026_benchmark/NON_TERM_LASSO//lasso_traces_BugNestedSsaWithPendingContexts.bpl/lasso_trace_1.txt,NONTERMINATING,"3,01",0,"65,94","68,95",2,NONTERMINATING,1,7,8,GNTA / GNTA
ATVA2026_benchmark/NON_TERM_LASSO//lasso_traces_BugNoPredecessorOfReturnTransition.bpl/lasso_trace_1.txt,NONTERMINATING,"1,86",0,"41,61","43,47",2,NONTERMINATING,1,2,3,GNTA / GNTA
ATVA2026_benchmark/NON_TERM_LASSO//lasso_traces_BugPrenexNormalForm01.bpl/lasso_trace_1.txt,NONTERMINATING,"2,99",0,0,"2,99",1,NONTERMINATING,1,1,2,Fixpoint / Fixpoint
ATVA2026_benchmark/NON_TERM_LASSO//lasso_traces_BugSequentialCompositionOfCall.bpl/lasso_trace_1.txt,NONTERMINATING,"2,77",0,0,"2,77",1,NONTERMINATING,3,1,4,Fixpoint / Fixpoint
ATVA2026_benchmark/NON_TERM_LASSO//lasso_traces_BugTirQuantifierElimination01.bpl/lasso_trace_1.txt,NONTERMINATING,"4,32",0,0,"4,32",1,NONTERMINATING,1,1,2,Fixpoint / Fixpoint
ATVA2026_benchmark/NON_TERM_LASSO//lasso_traces_BugUnsolvableEquationSystem.bpl/lasso_trace_1.txt,NONTERMINATING,"2,8",0,0,"2,8",1,NONTERMINATING,0,1,1,Fixpoint / Fixpoint
ATVA2026_benchmark/NON_TERM_LASSO//lasso_traces_c.05.c/lasso_trace_1.txt,NONTERMINATING,"22,34",0,0,"22,34",2,NONTERMINATING,1,1,2,Fixpoint / Fixpoint
ATVA2026_benchmark/NON_TERM_LASSO//lasso_traces_c.10.c/lasso_trace_1.txt,NONTERMINATING,"6,03",0,0,"6,03",2,NONTERMINATING,1,1,2,Fixpoint / Fixpoint
ATVA2026_benchmark/NON_TERM_LASSO//lasso_traces_Cairo_nondet_false-termination.c/lasso_trace_1.txt,NONTERMINATING,"1,78",0,"108,73","110,51",3,NONTERMINATING,6,1,7,GNTA / GNTA
ATVA2026_benchmark/NON_TERM_LASSO//lasso_traces_Cairo_nondet_no-overflow.c/lasso_trace_1.txt,NONTERMINATING,"2,99",0,"107,77","110,76",2,NONTERMINATING,6,1,7,GNTA / GNTA
ATVA2026_benchmark/NON_TERM_LASSO//lasso_traces_Cairo_nondet.c/lasso_trace_1.txt,NONTERMINATING,"1,96",0,"107,55","109,51",2,NONTERMINATING,6,1,7,GNTA / GNTA
ATVA2026_benchmark/NON_TERM_LASSO//lasso_traces_Cairo_step2_false-termination.c/lasso_trace_1.txt,NONTERMINATING,"0,6",0,"107,56","108,16",2,NONTERMINATING,7,1,8,GNTA / GNTA
ATVA2026_benchmark/NON_TERM_LASSO//lasso_traces_Cairo_step2-2_no-overflow.c/lasso_trace_1.txt,NONTERMINATING,"0,5",0,"82,26","82,76",3,NONTERMINATING,7,1,8,GNTA / GNTA
ATVA2026_benchmark/NON_TERM_LASSO//lasso_traces_Cairo_step2-2.c/lasso_trace_1.txt,NONTERMINATING,"1,02",0,"96,04","97,06",3,NONTERMINATING,7,1,8,GNTA / GNTA
ATVA2026_benchmark/NON_TERM_LASSO//lasso_traces_Cairo2.bpl/lasso_trace_1.txt,NONTERMINATING,"0,72",0,"30,28",31,2,NONTERMINATING,2,1,3,GNTA / GNTA
ATVA2026_benchmark/NON_TERM_LASSO//lasso_traces_call-error-after-infloop.bpl/lasso_trace_1.txt,NONTERMINATING,"2,24",0,0,"2,24",1,NONTERMINATING,0,1,1,Fixpoint / Fixpoint
ATVA2026_benchmark/NON_TERM_LASSO//lasso_traces_CallNTimes_incorrect.bpl/lasso_trace_1.txt,NONTERMINATING,"1,78",0,"76,85","78,63",2,NONTERMINATING,0,2,2,GNTA / GNTA
ATVA2026_benchmark/NON_TERM_LASSO//lasso_traces_CallNTimes.bpl/lasso_trace_1.txt,NONTERMINATING,"1,85",0,76,"77,85",2,NONTERMINATING,0,2,2,GNTA / GNTA
ATVA2026_benchmark/NON_TERM_LASSO//lasso_traces_calloc01.c/lasso_trace_1.txt,NONTERMINATING,"3,38",0,0,"3,38",2,NONTERMINATING,1,1,2,Fixpoint / Fixpoint
ATVA2026_benchmark/NON_TERM_LASSO//lasso_traces_calloc04.c/lasso_trace_1.txt,NONTERMINATING,"3,11",0,0,"3,11",2,NONTERMINATING,1,1,2,Fixpoint / Fixpoint
ATVA2026_benchmark/NON_TERM_LASSO//lasso_traces_cav2.c/lasso_trace_1.txt,NONTERMINATING,"2,08",0,"92,04","94,12",3,NONTERMINATING,1,1,2,GNTA / GNTA
ATVA2026_benchmark/NON_TERM_LASSO//lasso_traces_cfg.t2.c/lasso_trace_1.txt,NONTERMINATING,"1,78",0,"114,31","116,09",2,NONTERMINATING,17,10,27,GNTA / GNTA
ATVA2026_benchmark/NON_TERM_LASSO//lasso_traces_chaining1.c/lasso_trace_1.txt,NONTERMINATING,"2,4",0,"75,05","77,45",2,NONTERMINATING,1,1,2,GNTA / GNTA
ATVA2026_benchmark/NON_TERM_LASSO//lasso_traces_ChenCookFuhsNimkarOHearn-TACAS2014-Introduction_false-termination.c/lasso_trace_1.txt,NONTERMINATING,"2,65",0,0,"2,65",2,NONTERMINATING,5,1,6,Fixpoint / Fixpoint
ATVA2026_benchmark/NON_TERM_LASSO//lasso_traces_ChenCookFuhsNimkarOHearn-TACAS2014-Introduction_no-overflow.c/lasso_trace_1.txt,NONTERMINATING,"2,8",0,0,"2,8",2,NONTERMINATING,5,1,6,Fixpoint / Fixpoint
ATVA2026_benchmark/NON_TERM_LASSO//lasso_traces_ChenCookFuhsNimkarOHearn-TACAS2014-Introduction.c/lasso_trace_1.txt,NONTERMINATING,"2,55",0,0,"2,55",2,NONTERMINATING,5,1,6,Fixpoint / Fixpoint
ATVA2026_benchmark/NON_TERM_LASSO//lasso_traces_ChenFlurMukhopadhyay-SAS2012-Ex2.03_false-termination.c/lasso_trace_1.txt,NONTERMINATING,"3,01",0,0,"3,01",2,NONTERMINATING,5,1,6,Fixpoint / Fixpoint
ATVA2026_benchmark/NON_TERM_LASSO//lasso_traces_ChenFlurMukhopadhyay-SAS2012-Ex2.03_no-overflow.c/lasso_trace_1.txt,NONTERMINATING,"5,17",0,0,"5,17",2,NONTERMINATING,5,1,6,Fixpoint / Fixpoint
ATVA2026_benchmark/NON_TERM_LASSO//lasso_traces_ChenFlurMukhopadhyay-SAS2012-Ex2.03.c/lasso_trace_1.txt,NONTERMINATING,"3,32",0,0,"3,32",2,NONTERMINATING,5,1,6,Fixpoint / Fixpoint
ATVA2026_benchmark/NON_TERM_LASSO//lasso_traces_ChenFlurMukhopadhyay-SAS2012-Ex2.04_false-termination.c/lasso_trace_1.txt,NONTERMINATING,"4,12",0,0,"4,12",2,NONTERMINATING,5,1,6,Fixpoint / Fixpoint
ATVA2026_benchmark/NON_TERM_LASSO//lasso_traces_ChenFlurMukhopadhyay-SAS2012-Ex2.04_no-overflow.c/lasso_trace_1.txt,NONTERMINATING,"3,69",0,0,"3,69",1,NONTERMINATING,5,1,6,Fixpoint / Fixpoint
ATVA2026_benchmark/NON_TERM_LASSO//lasso_traces_ChenFlurMukhopadhyay-SAS2012-Ex2.04.c/lasso_trace_1.txt,NONTERMINATING,"3,38",0,0,"3,38",2,NONTERMINATING,5,1,6,Fixpoint / Fixpoint
ATVA2026_benchmark/NON_TERM_LASSO//lasso_traces_ChenFlurMukhopadhyay-SAS2012-Ex2.05_false-termination.c/lasso_trace_1.txt,NONTERMINATING,"3,3",0,0,"3,3",2,NONTERMINATING,5,1,6,Fixpoint / Fixpoint
ATVA2026_benchmark/NON_TERM_LASSO//lasso_traces_ChenFlurMukhopadhyay-SAS2012-Ex2.05_no-overflow.c/lasso_trace_1.txt,NONTERMINATING,"3,04",0,0,"3,04",2,NONTERMINATING,5,1,6,Fixpoint / Fixpoint
ATVA2026_benchmark/NON_TERM_LASSO//lasso_traces_ChenFlurMukhopadhyay-SAS2012-Ex2.05.c/lasso_trace_1.txt,NONTERMINATING,"3,25",0,0,"3,25",2,NONTERMINATING,5,1,6,Fixpoint / Fixpoint
ATVA2026_benchmark/NON_TERM_LASSO//lasso_traces_ChenFlurMukhopadhyay-SAS2012-Ex2.12_false-termination.c/lasso_trace_1.txt,NONTERMINATING,"3,11",0,0,"3,11",1,NONTERMINATING,5,1,6,Fixpoint / Fixpoint
ATVA2026_benchmark/NON_TERM_LASSO//lasso_traces_ChenFlurMukhopadhyay-SAS2012-Ex2.12_no-overflow.c/lasso_trace_1.txt,NONTERMINATING,"3,23",0,0,"3,23",2,NONTERMINATING,5,1,6,Fixpoint / Fixpoint
ATVA2026_benchmark/NON_TERM_LASSO//lasso_traces_ChenFlurMukhopadhyay-SAS2012-Ex2.12.c/lasso_trace_1.txt,NONTERMINATING,"3,24",0,0,"3,24",2,NONTERMINATING,5,1,6,Fixpoint / Fixpoint
ATVA2026_benchmark/NON_TERM_LASSO//lasso_traces_ChenFlurMukhopadhyay-SAS2012-Ex2.14_false-termination.c/lasso_trace_1.txt,NONTERMINATING,"2,93",0,0,"2,93",2,NONTERMINATING,5,1,6,Fixpoint / Fixpoint
ATVA2026_benchmark/NON_TERM_LASSO//lasso_traces_ChenFlurMukhopadhyay-SAS2012-Ex2.14_no-overflow.c/lasso_trace_1.txt,NONTERMINATING,"3,44",0,0,"3,44",2,NONTERMINATING,5,1,6,Fixpoint / Fixpoint
ATVA2026_benchmark/NON_TERM_LASSO//lasso_traces_ChenFlurMukhopadhyay-SAS2012-Ex2.14.c/lasso_trace_1.txt,NONTERMINATING,"2,98",0,0,"2,98",2,NONTERMINATING,5,1,6,Fixpoint / Fixpoint
ATVA2026_benchmark/NON_TERM_LASSO//lasso_traces_ChenFlurMukhopadhyay-SAS2012-Ex2.15_false-termination.c/lasso_trace_1.txt,NONTERMINATING,"3,35",0,0,"3,35",1,NONTERMINATING,5,1,6,Fixpoint / Fixpoint
ATVA2026_benchmark/NON_TERM_LASSO//lasso_traces_ChenFlurMukhopadhyay-SAS2012-Ex2.15_no-overflow.c/lasso_trace_1.txt,NONTERMINATING,"3,66",0,0,"3,66",2,NONTERMINATING,5,1,6,Fixpoint / Fixpoint
ATVA2026_benchmark/NON_TERM_LASSO//lasso_traces_ChenFlurMukhopadhyay-SAS2012-Ex2.15.c/lasso_trace_1.txt,NONTERMINATING,"3,15",0,0,"3,15",2,NONTERMINATING,5,1,6,Fixpoint / Fixpoint
ATVA2026_benchmark/NON_TERM_LASSO//lasso_traces_ChenFlurMukhopadhyay-SAS2012-Ex2.17_false-termination.c/lasso_trace_1.txt,NONTERMINATING,"1,92",0,"106,78","108,7",3,NONTERMINATING,5,1,6,GNTA / GNTA
ATVA2026_benchmark/NON_TERM_LASSO//lasso_traces_ChenFlurMukhopadhyay-SAS2012-Ex2.17_no-overflow.c/lasso_trace_1.txt,NONTERMINATING,"2,1",0,"107,59","109,69",4,NONTERMINATING,5,1,6,GNTA / GNTA
ATVA2026_benchmark/NON_TERM_LASSO//lasso_traces_ChenFlurMukhopadhyay-SAS2012-Ex2.17.c/lasso_trace_1.txt,NONTERMINATING,"3,59",0,"100,28","103,87",3,NONTERMINATING,5,1,6,GNTA / GNTA
ATVA2026_benchmark/NON_TERM_LASSO//lasso_traces_ChenFlurMukhopadhyay-SAS2012-Ex3.02_false-termination.c/lasso_trace_1.txt,NONTERMINATING,"3,2",0,0,"3,2",2,NONTERMINATING,5,1,6,Fixpoint / Fixpoint
ATVA2026_benchmark/NON_TERM_LASSO//lasso_traces_ChenFlurMukhopadhyay-SAS2012-Ex3.02_no-overflow.c/lasso_trace_1.txt,NONTERMINATING,"3,5",0,0,"3,5",2,NONTERMINATING,5,1,6,Fixpoint / Fixpoint
ATVA2026_benchmark/NON_TERM_LASSO//lasso_traces_ChenFlurMukhopadhyay-SAS2012-Ex3.02.c/lasso_trace_1.txt,NONTERMINATING,"3,02",0,0,"3,02",2,NONTERMINATING,5,1,6,Fixpoint / Fixpoint
ATVA2026_benchmark/NON_TERM_LASSO//lasso_traces_ChenFlurMukhopadhyay-SAS2012-Ex3.08_false-termination.c/lasso_trace_1.txt,NONTERMINATING,"3,22",0,0,"3,22",2,NONTERMINATING,5,1,6,Fixpoint / Fixpoint
ATVA2026_benchmark/NON_TERM_LASSO//lasso_traces_ChenFlurMukhopadhyay-SAS2012-Ex4.01_false-termination.c/lasso_trace_1.txt,NONTERMINATING,"4,1",0,0,"4,1",2,NONTERMINATING,5,1,6,Fixpoint / Fixpoint
ATVA2026_benchmark/NON_TERM_LASSO//lasso_traces_CNFsimplifiesFormula.bpl/lasso_trace_1.txt,NONTERMINATING,"2,58",0,0,"2,58",1,NONTERMINATING,1,1,2,Fixpoint / Fixpoint
ATVA2026_benchmark/NON_TERM_LASSO//lasso_traces_Collatz.bpl/lasso_trace_2.txt,NONTERMINATING,"1,53",0,0,"1,53",1,NONTERMINATING,0,3,3,Fixpoint / Fixpoint
ATVA2026_benchmark/NON_TERM_LASSO//lasso_traces_ComplInterv2_no-overflow.c/lasso_trace_1.txt,NONTERMINATING,"4,92",0,0,"4,92",2,NONTERMINATING,5,1,6,Fixpoint / Fixpoint
ATVA2026_benchmark/NON_TERM_LASSO//lasso_traces_ComplInterv2.c/lasso_trace_1.txt,NONTERMINATING,"3,11",0,0,"3,11",2,NONTERMINATING,5,1,6,Fixpoint / Fixpoint
ATVA2026_benchmark/NON_TERM_LASSO//lasso_traces_ComplInterv3_false-no-overflow_false-termination.c/lasso_trace_1.txt,NONTERMINATING,"2,02",0,"113,11","115,13",5,NONTERMINATING,5,1,6,GNTA / GNTA
ATVA2026_benchmark/NON_TERM_LASSO//lasso_traces_ComplInterv3.c/lasso_trace_1.txt,NONTERMINATING,"1,88",0,"101,59","103,47",3,NONTERMINATING,5,1,6,GNTA / GNTA
ATVA2026_benchmark/NON_TERM_LASSO//lasso_traces_CompoundExpression01.c/lasso_trace_1.txt,NONTERMINATING,"3,74",0,0,"3,74",1,NONTERMINATING,5,2,7,Fixpoint / Fixpoint
ATVA2026_benchmark/NON_TERM_LASSO//lasso_traces_concurrent_FiveToOne_nonterminating.bpl/lasso_trace_5.txt,NONTERMINATING,"0,98",0,0,"0,98",2,NONTERMINATING,11,8,19,Fixpoint / Fixpoint
ATVA2026_benchmark/NON_TERM_LASSO//lasso_traces_concurrent_increment_nonterminating.bpl/lasso_trace_6.txt,NONTERMINATING,"0,98",0,0,"0,98",2,NONTERMINATING,11,4,15,Fixpoint / Fixpoint
ATVA2026_benchmark/NON_TERM_LASSO//lasso_traces_concurrent_increment_nonterminating2.bpl/lasso_trace_6.txt,NONTERMINATING,"1,04",0,0,"1,04",1,NONTERMINATING,13,4,17,Fixpoint / Fixpoint
ATVA2026_benchmark/NON_TERM_LASSO//lasso_traces_concurrent_ThreeThreadsAlternating_nonterminating.bpl/lasso_trace_6.txt,NONTERMINATING,"0,71",0,0,"0,71",2,NONTERMINATING,8,6,14,Fixpoint / Fixpoint
ATVA2026_benchmark/NON_TERM_LASSO//lasso_traces_concurrent_TwoOne_nonterminating.bpl/lasso_trace_4.txt,NONTERMINATING,"0,99",0,0,"0,99",1,NONTERMINATING,9,6,15,Fixpoint / Fixpoint
ATVA2026_benchmark/NON_TERM_LASSO//lasso_traces_ConstantValue-Safe.bpl/lasso_trace_1.txt,NONTERMINATING,"3,19",0,0,"3,19",1,NONTERMINATING,1,1,2,Fixpoint / Fixpoint
ATVA2026_benchmark/NON_TERM_LASSO//lasso_traces_consts1nt.t2.c/lasso_trace_1.txt,NONTERMINATING,"1,78",0,"124,82","126,6",2,NONTERMINATING,16,13,29,GNTA / GNTA
ATVA2026_benchmark/NON_TERM_LASSO//lasso_traces_consts2nt.t2.c/lasso_trace_1.txt,NONTERMINATING,"1,81",0,"109,87","111,68",2,NONTERMINATING,16,9,25,GNTA / GNTA
ATVA2026_benchmark/NON_TERM_LASSO//lasso_traces_consts3nt.t2.c/lasso_trace_1.txt,NONTERMINATING,"1,72",0,"113,37","115,09",2,NONTERMINATING,16,9,25,GNTA / GNTA
ATVA2026_benchmark/NON_TERM_LASSO//lasso_traces_consts4nt.t2.c/lasso_trace_1.txt,NONTERMINATING,"1,67",0,"106,96","108,63",2,NONTERMINATING,16,9,25,GNTA / GNTA
ATVA2026_benchmark/NON_TERM_LASSO//lasso_traces_consts5nt.t2.c/lasso_trace_1.txt,NONTERMINATING,"1,77",0,"135,77","137,54",2,NONTERMINATING,20,10,30,GNTA / GNTA
ATVA2026_benchmark/NON_TERM_LASSO//lasso_traces_continue-Safe.c/lasso_trace_1.txt,NONTERMINATING,"2,49",0,0,"2,49",1,NONTERMINATING,5,1,6,Fixpoint / Fixpoint
ATVA2026_benchmark/NON_TERM_LASSO//lasso_traces_Continue.bpl/lasso_trace_1.txt,NONTERMINATING,"2,97",0,0,"2,97",1,NONTERMINATING,1,1,2,Fixpoint / Fixpoint
ATVA2026_benchmark/NON_TERM_LASSO//lasso_traces_ConvLower_no-overflow.c/lasso_trace_1.txt,NONTERMINATING,"3,32",0,0,"3,32",3,NONTERMINATING,5,1,6,Fixpoint / Fixpoint
ATVA2026_benchmark/NON_TERM_LASSO//lasso_traces_ConvLower.c/lasso_trace_1.txt,NONTERMINATING,"2,95",0,0,"2,95",1,NONTERMINATING,5,1,6,Fixpoint / Fixpoint
ATVA2026_benchmark/NON_TERM_LASSO//lasso_traces_coolant_basis_1_neg_false-valid-ltl.c/lasso_trace_5.txt,NONTERMINATING,"0,58",0,"281,73","282,31",8,NONTERMINATING,29,10,39,GNTA / GNTA
ATVA2026_benchmark/NON_TERM_LASSO//lasso_traces_coolant_basis_1_neg.c/lasso_trace_2.txt,NONTERMINATING,"0,69",0,"317,04","317,73",7,NONTERMINATING,20,7,27,GNTA / GNTA
ATVA2026_benchmark/NON_TERM_LASSO//lasso_traces_coolant_basis_1_safe_sfty_true-valid-ltl.c/lasso_trace_5.txt,NONTERMINATING,"0,6",0,"285,09","285,69",8,NONTERMINATING,29,10,39,GNTA / GNTA
ATVA2026_benchmark/NON_TERM_LASSO//lasso_traces_coolant_basis_1_unsafe_sfty_false-valid-ltl.c/lasso_trace_5.txt,NONTERMINATING,"0,57",0,"286,83","287,4",8,NONTERMINATING,29,10,39,GNTA / GNTA
ATVA2026_benchmark/NON_TERM_LASSO//lasso_traces_coolant_basis_1_unsafe_sfty.c/lasso_trace_2.txt,NONTERMINATING,"0,54",0,"327,02","327,56",7,NONTERMINATING,20,7,27,GNTA / GNTA
ATVA2026_benchmark/NON_TERM_LASSO//lasso_traces_coolant_basis_2_neg_false-valid-ltl.c/lasso_trace_5.txt,NONTERMINATING,"0,67",0,"306,19","306,86",9,NONTERMINATING,28,10,38,GNTA / GNTA
ATVA2026_benchmark/NON_TERM_LASSO//lasso_traces_coolant_basis_2_neg.c/lasso_trace_2.txt,NONTERMINATING,"0,59",0,"341,94","342,53",8,NONTERMINATING,19,7,26,GNTA / GNTA
ATVA2026_benchmark/NON_TERM_LASSO//lasso_traces_coolant_basis_2_safe_liveness_true-valid-ltl.c/lasso_trace_5.txt,NONTERMINATING,"0,69",0,"294,9","295,59",9,NONTERMINATING,28,10,38,GNTA / GNTA
ATVA2026_benchmark/NON_TERM_LASSO//lasso_traces_coolant_basis_2_safe_liveness.c/lasso_trace_2.txt,NONTERMINATING,"0,82",0,"327,91","328,73",8,NONTERMINATING,19,7,26,GNTA / GNTA
ATVA2026_benchmark/NON_TERM_LASSO//lasso_traces_coolant_basis_2_unsafe_liveness_false-valid-ltl.c/lasso_trace_5.txt,NONTERMINATING,"1,87",0,0,"1,87",4,NONTERMINATING,28,10,38,Fixpoint / Fixpoint
ATVA2026_benchmark/NON_TERM_LASSO//lasso_traces_coolant_basis_2_unsafe_liveness.c/lasso_trace_2.txt,NONTERMINATING,"1,7",0,0,"1,7",4,NONTERMINATING,19,7,26,Fixpoint / Fixpoint
ATVA2026_benchmark/NON_TERM_LASSO//lasso_traces_coolant_basis_3_safe_sftyliveness_true-valid-ltl.c/lasso_trace_1.txt,NONTERMINATING,"1,65",0,0,"1,65",4,NONTERMINATING,10,5,15,Fixpoint / Fixpoint
ATVA2026_benchmark/NON_TERM_LASSO//lasso_traces_coolant_basis_3_unsafe_sftyliveness_false-valid-ltl.c/lasso_trace_1.txt,NONTERMINATING,"1,57",0,0,"1,57",4,NONTERMINATING,10,5,15,Fixpoint / Fixpoint
ATVA2026_benchmark/NON_TERM_LASSO//lasso_traces_coolant_basis_4_1_unsafe_sftyliveness_false-valid-ltl.c/lasso_trace_1.txt,NONTERMINATING,"1,72",0,0,"1,72",4,NONTERMINATING,10,5,15,Fixpoint / Fixpoint
ATVA2026_benchmark/NON_TERM_LASSO//lasso_traces_coolant_basis_4_1_unsafe_sftyliveness.c/lasso_trace_1.txt,NONTERMINATING,"1,54",0,0,"1,54",3,NONTERMINATING,11,6,17,Fixpoint / Fixpoint
ATVA2026_benchmark/NON_TERM_LASSO//lasso_traces_coolant_basis_4_2_unsafe_sftyliveness_false-valid-ltl.c/lasso_trace_1.txt,NONTERMINATING,"1,37",0,0,"1,37",4,NONTERMINATING,10,5,15,Fixpoint / Fixpoint
ATVA2026_benchmark/NON_TERM_LASSO//lasso_traces_coolant_basis_4_2_unsafe_sftyliveness.c/lasso_trace_1.txt,NONTERMINATING,"1,56",0,0,"1,56",2,NONTERMINATING,11,6,17,Fixpoint / Fixpoint
ATVA2026_benchmark/NON_TERM_LASSO//lasso_traces_coolant_basis_4_neg_false-valid-ltl.c/lasso_trace_1.txt,NONTERMINATING,"1,55",0,0,"1,55",4,NONTERMINATING,10,5,15,Fixpoint / Fixpoint
ATVA2026_benchmark/NON_TERM_LASSO//lasso_traces_coolant_basis_4_safe_sftyliveness_true-valid-ltl.c/lasso_trace_1.txt,NONTERMINATING,"2,12",0,0,"2,12",4,NONTERMINATING,10,5,15,Fixpoint / Fixpoint
ATVA2026_benchmark/NON_TERM_LASSO//lasso_traces_coolant_basis_4_unsafe_sftyliveness_false-valid-ltl.c/lasso_trace_1.txt,NONTERMINATING,"1,56",0,0,"1,56",4,NONTERMINATING,10,5,15,Fixpoint / Fixpoint
ATVA2026_benchmark/NON_TERM_LASSO//lasso_traces_coolant_basis_4_unsafe_sftyliveness.c/lasso_trace_1.txt,NONTERMINATING,"1,48",0,0,"1,48",2,NONTERMINATING,11,6,17,Fixpoint / Fixpoint
ATVA2026_benchmark/NON_TERM_LASSO//lasso_traces_coolant_basis_5_neg_false-valid-ltl.c/lasso_trace_1.txt,NONTERMINATING,"2,24",0,0,"2,24",4,NONTERMINATING,10,5,15,Fixpoint / Fixpoint
ATVA2026_benchmark/NON_TERM_LASSO//lasso_traces_coolant_basis_5_safe_sftyliveness_true-valid-ltl.c/lasso_trace_1.txt,NONTERMINATING,"1,71",0,0,"1,71",4,NONTERMINATING,10,5,15,Fixpoint / Fixpoint
ATVA2026_benchmark/NON_TERM_LASSO//lasso_traces_coolant_basis_5_unsafe_sftyliveness_false-valid-ltl.c/lasso_trace_1.txt,NONTERMINATING,"2,07",0,0,"2,07",4,NONTERMINATING,10,5,15,Fixpoint / Fixpoint
ATVA2026_benchmark/NON_TERM_LASSO//lasso_traces_coolant_basis_5_unsafe_sftyliveness.c/lasso_trace_1.txt,NONTERMINATING,"1,58",0,0,"1,58",2,NONTERMINATING,11,6,17,Fixpoint / Fixpoint
ATVA2026_benchmark/NON_TERM_LASSO//lasso_traces_coolant_basis_6_safe_sftyliveness_true-valid-ltl.c/lasso_trace_1.txt,NONTERMINATING,"1,57",0,0,"1,57",4,NONTERMINATING,10,5,15,Fixpoint / Fixpoint
ATVA2026_benchmark/NON_TERM_LASSO//lasso_traces_coolant_basis_6_safe_sftyliveness.c/lasso_trace_1.txt,NONTERMINATING,"1,38",0,0,"1,38",2,NONTERMINATING,11,6,17,Fixpoint / Fixpoint
ATVA2026_benchmark/NON_TERM_LASSO//lasso_traces_coolant_basis_6_unsafe_sftyliveness_false-valid-ltl.c/lasso_trace_1.txt,NONTERMINATING,"1,62",0,0,"1,62",3,NONTERMINATING,10,5,15,Fixpoint / Fixpoint
ATVA2026_benchmark/NON_TERM_LASSO//lasso_traces_coolant_basis_6_unsafe_sftyliveness.c/lasso_trace_1.txt,NONTERMINATING,"1,68",0,0,"1,68",2,NONTERMINATING,11,6,17,Fixpoint / Fixpoint
ATVA2026_benchmark/NON_TERM_LASSO//lasso_traces_coolant.bpl/lasso_trace_1.txt,NONTERMINATING,"3,7",0,0,"3,7",2,NONTERMINATING,2,1,3,Fixpoint / Fixpoint
ATVA2026_benchmark/NON_TERM_LASSO//lasso_traces_coolant2_unsafe.bpl/lasso_trace_1.txt,NONTERMINATING,"4,46",0,0,"4,46",1,NONTERMINATING,2,4,6,Fixpoint / Fixpoint
ATVA2026_benchmark/NON_TERM_LASSO//lasso_traces_coolant2.bpl/lasso_trace_1.txt,NONTERMINATING,"3,91",0,0,"3,91",2,NONTERMINATING,2,4,6,Fixpoint / Fixpoint
ATVA2026_benchmark/NON_TERM_LASSO//lasso_traces_coolant3.bpl/lasso_trace_1.txt,NONTERMINATING,"1,92",0,0,"1,92",3,NONTERMINATING,7,5,12,Fixpoint / Fixpoint
ATVA2026_benchmark/NON_TERM_LASSO//lasso_traces_coolant4_safe.bpl/lasso_trace_1.txt,NONTERMINATING,"1,2",0,0,"1,2",2,NONTERMINATING,6,5,11,Fixpoint / Fixpoint
ATVA2026_benchmark/NON_TERM_LASSO//lasso_traces_coolant4.bpl/lasso_trace_1.txt,NONTERMINATING,"1,49",0,0,"1,49",2,NONTERMINATING,6,5,11,Fixpoint / Fixpoint
ATVA2026_benchmark/NON_TERM_LASSO//lasso_traces_coolant5_safe.bpl/lasso_trace_1.txt,NONTERMINATING,"1,33",0,0,"1,33",2,NONTERMINATING,6,5,11,Fixpoint / Fixpoint
ATVA2026_benchmark/NON_TERM_LASSO//lasso_traces_coolant5_unsafe.bpl/lasso_trace_1.txt,NONTERMINATING,"1,38",0,0,"1,38",2,NONTERMINATING,6,5,11,Fixpoint / Fixpoint
ATVA2026_benchmark/NON_TERM_LASSO//lasso_traces_coolant5.bpl/lasso_trace_1.txt,NONTERMINATING,"1,52",0,0,"1,52",2,NONTERMINATING,6,5,11,Fixpoint / Fixpoint
ATVA2026_benchmark/NON_TERM_LASSO//lasso_traces_Cousot_false-no-overflow_false-termination.c/lasso_trace_3.txt,NONTERMINATING,"0,36",0,"102,56","102,92",2,NONTERMINATING,6,1,7,GNTA / GNTA
ATVA2026_benchmark/NON_TERM_LASSO//lasso_traces_cousot_rec.bpl/lasso_trace_1.txt,NONTERMINATING,"1,76",0,"96,94","98,7",3,NONTERMINATING,0,2,2,GNTA / GNTA
ATVA2026_benchmark/NON_TERM_LASSO//lasso_traces_Cousot.c/lasso_trace_3.txt,NONTERMINATING,"0,34",0,"96,96","97,3",3,NONTERMINATING,6,1,7,GNTA / GNTA
ATVA2026_benchmark/NON_TERM_LASSO//lasso_traces_ctl.t2.c/lasso_trace_1.txt,NONTERMINATING,"2,71",0,0,"2,71",1,NONTERMINATING,40,12,52,Fixpoint / Fixpoint
ATVA2026_benchmark/NON_TERM_LASSO//lasso_traces_ctrans-bug-npe-2.c/lasso_trace_1.txt,NONTERMINATING,"1,61",0,0,"1,61",1,NONTERMINATING,4,1,5,Fixpoint / Fixpoint
ATVA2026_benchmark/NON_TERM_LASSO//lasso_traces_curious.t2.c/lasso_trace_2.txt,NONTERMINATING,"2,7",0,0,"2,7",1,NONTERMINATING,16,22,38,Fixpoint / Fixpoint
ATVA2026_benchmark/NON_TERM_LASSO//lasso_traces_curious4.t2.c/lasso_trace_2.txt,NONTERMINATING,"4,52",0,0,"4,52",4,NONTERMINATING,364,98,462,Fixpoint / Fixpoint
ATVA2026_benchmark/NON_TERM_LASSO//lasso_traces_cutoff_test.bpl/lasso_trace_1.txt,NONTERMINATING,"2,8",0,0,"2,8",1,NONTERMINATING,2,1,3,Fixpoint / Fixpoint
ATVA2026_benchmark/NON_TERM_LASSO//lasso_traces_d.t2.c/lasso_trace_1.txt,NONTERMINATING,"3,29",0,0,"3,29",2,NONTERMINATING,28,22,50,Fixpoint / Fixpoint
ATVA2026_benchmark/NON_TERM_LASSO//lasso_traces_ddlm2013.i_3.bpl/lasso_trace_1.txt,NONTERMINATING,"2,27",0,"143,77","146,04",6,NONTERMINATING,1,2,3,GNTA / GNTA
ATVA2026_benchmark/NON_TERM_LASSO//lasso_traces_dead.neg-st88b-succeed.t2.c/lasso_trace_1.txt,NONTERMINATING,3,0,0,3,2,NONTERMINATING,32,43,75,Fixpoint / Fixpoint
ATVA2026_benchmark/NON_TERM_LASSO//lasso_traces_destroy_seg_leak.t2.c/lasso_trace_4.txt,NONTERMINATING,"2,44",0,0,"2,44",4,NONTERMINATING,482,99,581,Fixpoint / Fixpoint
ATVA2026_benchmark/NON_TERM_LASSO//lasso_traces_dijkstra1-both-nt_termination.c/lasso_trace_1.txt,NONTERMINATING,"4,03",0,0,"4,03",2,NONTERMINATING,6,1,7,Fixpoint / Fixpoint
ATVA2026_benchmark/NON_TERM_LASSO//lasso_traces_dijkstra1-both-nt.c/lasso_trace_1.txt,NONTERMINATING,"3,16",0,0,"3,16",3,NONTERMINATING,6,1,7,Fixpoint / Fixpoint
ATVA2026_benchmark/NON_TERM_LASSO//lasso_traces_dijkstra2-both-nt_no-overflow.c/lasso_trace_1.txt,NONTERMINATING,"13,56",0,0,"13,56",3,NONTERMINATING,6,1,7,Fixpoint / Fixpoint
ATVA2026_benchmark/NON_TERM_LASSO//lasso_traces_dijkstra2-both-nt.c/lasso_trace_1.txt,NONTERMINATING,"3,5",0,0,"3,5",2,NONTERMINATING,6,1,7,Fixpoint / Fixpoint
ATVA2026_benchmark/NON_TERM_LASSO//lasso_traces_dijkstra3-both-nt_no-overflow.c/lasso_trace_1.txt,NONTERMINATING,"3,73",0,0,"3,73",3,NONTERMINATING,6,1,7,Fixpoint / Fixpoint
ATVA2026_benchmark/NON_TERM_LASSO//lasso_traces_dijkstra4-both-nt_no-overflow.c/lasso_trace_1.txt,NONTERMINATING,"3,97",0,0,"3,97",3,NONTERMINATING,6,1,7,Fixpoint / Fixpoint
ATVA2026_benchmark/NON_TERM_LASSO//lasso_traces_dijkstra4-both-nt.c/lasso_trace_1.txt,NONTERMINATING,"3,48",0,0,"3,48",3,NONTERMINATING,6,1,7,Fixpoint / Fixpoint
ATVA2026_benchmark/NON_TERM_LASSO//lasso_traces_dijkstra5-both-nt_no-overflow.c/lasso_trace_1.txt,NONTERMINATING,"3,52",0,0,"3,52",3,NONTERMINATING,6,1,7,Fixpoint / Fixpoint
ATVA2026_benchmark/NON_TERM_LASSO//lasso_traces_dijkstra5-both-nt.c/lasso_trace_1.txt,NONTERMINATING,"3,61",0,0,"3,61",3,NONTERMINATING,6,1,7,Fixpoint / Fixpoint
ATVA2026_benchmark/NON_TERM_LASSO//lasso_traces_dijkstra6-both-nt_no-overflow.c/lasso_trace_1.txt,NONTERMINATING,"3,3",0,0,"3,3",2,NONTERMINATING,6,1,7,Fixpoint / Fixpoint
ATVA2026_benchmark/NON_TERM_LASSO//lasso_traces_dijkstra6-both-nt.c/lasso_trace_1.txt,NONTERMINATING,"3,12",0,0,"3,12",3,NONTERMINATING,6,1,7,Fixpoint / Fixpoint
ATVA2026_benchmark/NON_TERM_LASSO//lasso_traces_divbin1-both-nt_termination.c/lasso_trace_1.txt,NONTERMINATING,"6,07",0,0,"6,07",4,NONTERMINATING,9,1,10,Fixpoint / Fixpoint
ATVA2026_benchmark/NON_TERM_LASSO//lasso_traces_divbin1-both-nt.c/lasso_trace_1.txt,NONTERMINATING,"4,01",0,0,"4,01",4,NONTERMINATING,9,1,10,Fixpoint / Fixpoint
ATVA2026_benchmark/NON_TERM_LASSO//lasso_traces_DivisibilityInterpolantRequired01-BackwardSuccess.bpl/lasso_trace_1.txt,NONTERMINATING,"1,9",0,"38,82","40,72",1,NONTERMINATING,1,1,2,GNTA / GNTA
ATVA2026_benchmark/NON_TERM_LASSO//lasso_traces_DivisibilityInterpolantRequired02-ForwardSuccess.bpl/lasso_trace_1.txt,NONTERMINATING,"2,03",0,"37,44","39,47",2,NONTERMINATING,1,1,2,GNTA / GNTA
ATVA2026_benchmark/NON_TERM_LASSO//lasso_traces_DivisibilityInterpolantRequired03-FPBPCannibalizationSuccess.bpl/lasso_trace_1.txt,NONTERMINATING,2,0,"61,44","63,44",2,NONTERMINATING,1,1,2,GNTA / GNTA
ATVA2026_benchmark/NON_TERM_LASSO//lasso_traces_Division_false-termination.c/lasso_trace_1.txt,NONTERMINATING,"3,12",0,0,"3,12",1,NONTERMINATING,5,1,6,Fixpoint / Fixpoint
ATVA2026_benchmark/NON_TERM_LASSO//lasso_traces_Division-2_no-overflow.c/lasso_trace_1.txt,NONTERMINATING,"6,15",0,0,"6,15",1,NONTERMINATING,5,1,6,Fixpoint / Fixpoint
ATVA2026_benchmark/NON_TERM_LASSO//lasso_traces_Division-2.c/lasso_trace_1.txt,NONTERMINATING,"3,16",0,0,"3,16",1,NONTERMINATING,5,1,6,Fixpoint / Fixpoint
ATVA2026_benchmark/NON_TERM_LASSO//lasso_traces_Division.bpl/lasso_trace_1.txt,NONTERMINATING,"2,59",0,0,"2,59",1,NONTERMINATING,1,1,2,Fixpoint / Fixpoint
ATVA2026_benchmark/NON_TERM_LASSO//lasso_traces_division.c/lasso_trace_1.txt,NONTERMINATING,"2,9",0,0,"2,9",2,NONTERMINATING,8,3,11,Fixpoint / Fixpoint
ATVA2026_benchmark/NON_TERM_LASSO//lasso_traces_doNothingGlobal.bpl/lasso_trace_1.txt,NONTERMINATING,"3,03",0,0,"3,03",1,NONTERMINATING,0,2,2,Fixpoint / Fixpoint
ATVA2026_benchmark/NON_TERM_LASSO//lasso_traces_doubleLoopUniformIterations.bpl/lasso_trace_1.txt,NONTERMINATING,"2,17",0,"69,96","72,13",2,NONTERMINATING,1,1,2,GNTA / GNTA
ATVA2026_benchmark/NON_TERM_LASSO//lasso_traces_DownwardConversions.c/lasso_trace_1.txt,NONTERMINATING,"2,55",0,0,"2,55",1,NONTERMINATING,5,2,7,Fixpoint / Fixpoint
ATVA2026_benchmark/NON_TERM_LASSO//lasso_traces_DoyenHenzingerRaskin-Fig1.bpl/lasso_trace_1.txt,NONTERMINATING,"2,88",0,0,"2,88",4,NONTERMINATING,4,3,7,Fixpoint / Fixpoint
ATVA2026_benchmark/NON_TERM_LASSO//lasso_traces_DraegerElevator-FSEN2007.bpl/lasso_trace_1.txt,NONTERMINATING,"3,48",0,0,"3,48",3,NONTERMINATING,1,2,3,Fixpoint / Fixpoint
ATVA2026_benchmark/NON_TERM_LASSO//lasso_traces_DrAlban01-easy.bpl/lasso_trace_1.txt,NONTERMINATING,"1,87",0,"37,72","39,59",2,NONTERMINATING,1,1,2,GNTA / GNTA
ATVA2026_benchmark/NON_TERM_LASSO//lasso_traces_DrAlban02-medium.bpl/lasso_trace_1.txt,NONTERMINATING,"1,89",0,"38,33","40,22",2,NONTERMINATING,1,1,2,GNTA / GNTA
ATVA2026_benchmark/NON_TERM_LASSO//lasso_traces_DrAlban03-hard.bpl/lasso_trace_1.txt,NONTERMINATING,"1,82",0,"40,47","42,29",2,NONTERMINATING,1,1,2,GNTA / GNTA
ATVA2026_benchmark/NON_TERM_LASSO//lasso_traces_Drawbacks_UnsatCores_02.bpl/lasso_trace_1.txt,NONTERMINATING,"2,9",0,0,"2,9",1,NONTERMINATING,1,1,2,Fixpoint / Fixpoint
ATVA2026_benchmark/NON_TERM_LASSO//lasso_traces_Drawbacks_UnsatCores.bpl/lasso_trace_1.txt,NONTERMINATING,"3,55",0,0,"3,55",1,NONTERMINATING,1,1,2,Fixpoint / Fixpoint
ATVA2026_benchmark/NON_TERM_LASSO//lasso_traces_Dresden.bpl/lasso_trace_1.txt,NONTERMINATING,"1,73",0,"34,25","35,98",1,NONTERMINATING,1,1,2,GNTA / GNTA
ATVA2026_benchmark/NON_TERM_LASSO//lasso_traces_dropbuf.t2.c/lasso_trace_2.txt,NONTERMINATING,"1,47",0,0,"1,47",2,NONTERMINATING,146,8,154,Fixpoint / Fixpoint
ATVA2026_benchmark/NON_TERM_LASSO//lasso_traces_dummy.t2.c/lasso_trace_1.txt,NONTERMINATING,"1,83",0,"131,71","133,54",2,NONTERMINATING,20,10,30,GNTA / GNTA
ATVA2026_benchmark/NON_TERM_LASSO//lasso_traces_DynamicUnsatCoresHelpful01_02.bpl/lasso_trace_3.txt,NONTERMINATING,"0,96",0,0,"0,96",1,NONTERMINATING,5,2,7,Fixpoint / Fixpoint
ATVA2026_benchmark/NON_TERM_LASSO//lasso_traces_DynamicUnsatCoresHelpful01.bpl/lasso_trace_1.txt,NONTERMINATING,"2,19",0,"71,18","73,37",2,NONTERMINATING,1,1,2,GNTA / GNTA
ATVA2026_benchmark/NON_TERM_LASSO//lasso_traces_e-1394complete-succeed.t2.c/lasso_trace_4.txt,NONTERMINATING,"2,35",0,0,"2,35",3,NONTERMINATING,324,26,350,Fixpoint / Fixpoint
ATVA2026_benchmark/NON_TERM_LASSO//lasso_traces_e-acqrel-fail.t2.c/lasso_trace_2.txt,NONTERMINATING,"2,6",0,0,"2,6",1,NONTERMINATING,45,8,53,Fixpoint / Fixpoint
ATVA2026_benchmark/NON_TERM_LASSO//lasso_traces_e-acqrel-succeed.t2.c/lasso_trace_1.txt,NONTERMINATING,"3,16",0,0,"3,16",2,NONTERMINATING,36,30,66,Fixpoint / Fixpoint
ATVA2026_benchmark/NON_TERM_LASSO//lasso_traces_e-pgarch-fail.t2.c/lasso_trace_2.txt,NONTERMINATING,"1,08",0,0,"1,08",2,NONTERMINATING,102,8,110,Fixpoint / Fixpoint
ATVA2026_benchmark/NON_TERM_LASSO//lasso_traces_e-pgarch-succeed.t2.c/lasso_trace_1.txt,NONTERMINATING,"3,16",0,0,"3,16",2,NONTERMINATING,110,8,118,Fixpoint / Fixpoint
ATVA2026_benchmark/NON_TERM_LASSO//lasso_traces_e-popl07-fail.t2.c/lasso_trace_3.txt,NONTERMINATING,"1,15",0,0,"1,15",2,NONTERMINATING,159,8,167,Fixpoint / Fixpoint
ATVA2026_benchmark/NON_TERM_LASSO//lasso_traces_EasyArray2.bpl/lasso_trace_1.txt,NONTERMINATING,"4,54",0,0,"4,54",2,NONTERMINATING,1,1,2,Fixpoint / Fixpoint
ATVA2026_benchmark/NON_TERM_LASSO//lasso_traces_EasyBool.bpl/lasso_trace_1.txt,NONTERMINATING,"3,45",0,0,"3,45",1,NONTERMINATING,1,1,2,Fixpoint / Fixpoint
ATVA2026_benchmark/NON_TERM_LASSO//lasso_traces_efegp.t2.c/lasso_trace_2.txt,NONTERMINATING,"1,89",0,"1228,26","1230,15",7,NONTERMINATING,308,32,340,GNTA / GNTA
ATVA2026_benchmark/NON_TERM_LASSO//lasso_traces_Eiger.bpl/lasso_trace_1.txt,NONTERMINATING,"1,94",0,"90,19","92,13",2,NONTERMINATING,1,10,11,GNTA / GNTA
ATVA2026_benchmark/NON_TERM_LASSO//lasso_traces_einzeiler.bpl/lasso_trace_1.txt,NONTERMINATING,"2,9",0,0,"2,9",1,NONTERMINATING,0,2,2,Fixpoint / Fixpoint
ATVA2026_benchmark/NON_TERM_LASSO//lasso_traces_Elevator-Integer.bpl/lasso_trace_1.txt,NONTERMINATING,"3,72",0,0,"3,72",30,NONTERMINATING,1,2,3,Fixpoint / Fixpoint
ATVA2026_benchmark/NON_TERM_LASSO//lasso_traces_ElevatorWithAssignments.bpl/lasso_trace_1.txt,NONTERMINATING,"3,45",0,0,"3,45",29,NONTERMINATING,1,2,3,Fixpoint / Fixpoint
ATVA2026_benchmark/NON_TERM_LASSO//lasso_traces_emptyLoop-bug-npe.bpl/lasso_trace_1.txt,NONTERMINATING,"2,02",0,0,"2,02",1,NONTERMINATING,0,1,1,Fixpoint / Fixpoint
ATVA2026_benchmark/NON_TERM_LASSO//lasso_traces_emptyLoop-bug-stackoverflow.bpl/lasso_trace_2.txt,NONTERMINATING,"1,72",0,0,"1,72",1,NONTERMINATING,2,1,3,Fixpoint / Fixpoint
ATVA2026_benchmark/NON_TERM_LASSO//lasso_traces_encT_TRE_with_Boogie_Specs-Light.bpl/lasso_trace_3.txt,NONTERMINATING,"2,54",0,0,"2,54",1,NONTERMINATING,1,28,29,Fixpoint / Fixpoint
ATVA2026_benchmark/NON_TERM_LASSO//lasso_traces_encT_TRE_with_Boogie_Specs.bpl/lasso_trace_3.txt,NONTERMINATING,"2,79",0,0,"2,79",2,NONTERMINATING,2,15,17,Fixpoint / Fixpoint
ATVA2026_benchmark/NON_TERM_LASSO//lasso_traces_encT_TRE.bpl/lasso_trace_3.txt,NONTERMINATING,"2,37",0,0,"2,37",2,NONTERMINATING,2,13,15,Fixpoint / Fixpoint
ATVA2026_benchmark/NON_TERM_LASSO//lasso_traces_EnsuresGlobalIncrement01.bpl/lasso_trace_1.txt,NONTERMINATING,"1,78",0,"41,97","43,75",2,NONTERMINATING,1,2,3,GNTA / GNTA
ATVA2026_benchmark/NON_TERM_LASSO//lasso_traces_EnsuresGlobalIncrement02.bpl/lasso_trace_1.txt,NONTERMINATING,"2,24",0,"41,89","44,13",1,NONTERMINATING,1,1,2,GNTA / GNTA
ATVA2026_benchmark/NON_TERM_LASSO//lasso_traces_enter-call-in-loop-2.bpl/lasso_trace_1.txt,NONTERMINATING,"1,81",0,0,"1,81",1,NONTERMINATING,4,6,10,Fixpoint / Fixpoint
ATVA2026_benchmark/NON_TERM_LASSO//lasso_traces_enter-call-in-loop.bpl/lasso_trace_1.txt,NONTERMINATING,"2,52",0,0,"2,52",1,NONTERMINATING,0,3,3,Fixpoint / Fixpoint
ATVA2026_benchmark/NON_TERM_LASSO//lasso_traces_eric3.t2.c/lasso_trace_2.txt,NONTERMINATING,"0,47",0,"266,03","266,5",4,NONTERMINATING,39,31,70,GNTA / GNTA
ATVA2026_benchmark/NON_TERM_LASSO//lasso_traces_error-after-call-infloop.bpl/lasso_trace_1.txt,NONTERMINATING,"1,79",0,0,"1,79",1,NONTERMINATING,1,1,2,Fixpoint / Fixpoint
ATVA2026_benchmark/NON_TERM_LASSO//lasso_traces_error-after-infloop.bpl/lasso_trace_1.txt,NONTERMINATING,"2,14",0,0,"2,14",1,NONTERMINATING,0,1,1,Fixpoint / Fixpoint
ATVA2026_benchmark/NON_TERM_LASSO//lasso_traces_Et2_false-no-overflow_false-termination.c/lasso_trace_1.txt,NONTERMINATING,"3,07",0,0,"3,07",2,NONTERMINATING,5,1,6,Fixpoint / Fixpoint
ATVA2026_benchmark/NON_TERM_LASSO//lasso_traces_Et2.c/lasso_trace_1.txt,NONTERMINATING,"3,4",0,0,"3,4",2,NONTERMINATING,5,1,6,Fixpoint / Fixpoint
ATVA2026_benchmark/NON_TERM_LASSO//lasso_traces_Et4_false-no-overflow_false-termination.c/lasso_trace_1.txt,NONTERMINATING,"3,79",0,0,"3,79",2,NONTERMINATING,5,1,6,Fixpoint / Fixpoint
ATVA2026_benchmark/NON_TERM_LASSO//lasso_traces_Et4.c/lasso_trace_1.txt,NONTERMINATING,"3,57",0,0,"3,57",3,NONTERMINATING,5,1,6,Fixpoint / Fixpoint
ATVA2026_benchmark/NON_TERM_LASSO//lasso_traces_Even_false-no-overflow_false-termination.c/lasso_trace_1.txt,NONTERMINATING,"1,98",0,"102,59","104,57",3,NONTERMINATING,5,1,6,GNTA / GNTA
ATVA2026_benchmark/NON_TERM_LASSO//lasso_traces_even_rec.bpl/lasso_trace_1.txt,NONTERMINATING,"2,36",0,"120,24","122,6",2,NONTERMINATING,0,4,4,GNTA / GNTA
ATVA2026_benchmark/NON_TERM_LASSO//lasso_traces_Even.c/lasso_trace_1.txt,NONTERMINATING,"1,89",0,"106,13","108,02",4,NONTERMINATING,5,1,6,GNTA / GNTA
ATVA2026_benchmark/NON_TERM_LASSO//lasso_traces_EvenOdd.bpl/lasso_trace_1.txt,NONTERMINATING,"1,96",0,"80,57","82,53",3,NONTERMINATING,0,4,4,GNTA / GNTA
ATVA2026_benchmark/NON_TERM_LASSO//lasso_traces_Ex01_false-no-overflow_false-termination.c/lasso_trace_1.txt,NONTERMINATING,"2,5",0,"88,36","90,86",2,NONTERMINATING,5,1,6,GNTA / GNTA
ATVA2026_benchmark/NON_TERM_LASSO//lasso_traces_ex01_rec.bpl/lasso_trace_1.txt,NONTERMINATING,"2,44",0,"83,1","85,54",2,NONTERMINATING,0,3,3,GNTA / GNTA
ATVA2026_benchmark/NON_TERM_LASSO//lasso_traces_ex01.bpl/lasso_trace_1.txt,NONTERMINATING,"2,73",0,0,"2,73",1,NONTERMINATING,1,1,2,Fixpoint / Fixpoint
ATVA2026_benchmark/NON_TERM_LASSO//lasso_traces_Ex01.c/lasso_trace_1.txt,NONTERMINATING,2,0,"88,55","90,55",2,NONTERMINATING,5,1,6,GNTA / GNTA
ATVA2026_benchmark/NON_TERM_LASSO//lasso_traces_Ex02_no-overflow.c/lasso_trace_1.txt,NONTERMINATING,"6,28",0,0,"6,28",2,NONTERMINATING,5,1,6,Fixpoint / Fixpoint
ATVA2026_benchmark/NON_TERM_LASSO//lasso_traces_Ex02.c/lasso_trace_1.txt,NONTERMINATING,"3,31",0,0,"3,31",2,NONTERMINATING,5,1,6,Fixpoint / Fixpoint
ATVA2026_benchmark/NON_TERM_LASSO//lasso_traces_Ex03_no-overflow.c/lasso_trace_1.txt,NONTERMINATING,"7,03",0,0,"7,03",2,NONTERMINATING,5,1,6,Fixpoint / Fixpoint
ATVA2026_benchmark/NON_TERM_LASSO//lasso_traces_Ex03.c/lasso_trace_1.txt,NONTERMINATING,"3,05",0,0,"3,05",2,NONTERMINATING,5,1,6,Fixpoint / Fixpoint
ATVA2026_benchmark/NON_TERM_LASSO//lasso_traces_Ex04_false-no-overflow_false-termination.c/lasso_trace_1.txt,NONTERMINATING,"1,77",0,"85,98","87,75",2,NONTERMINATING,5,1,6,GNTA / GNTA
ATVA2026_benchmark/NON_TERM_LASSO//lasso_traces_ex04_rec.bpl/lasso_trace_1.txt,NONTERMINATING,"1,6",0,"84,42","86,02",2,NONTERMINATING,0,2,2,GNTA / GNTA
ATVA2026_benchmark/NON_TERM_LASSO//lasso_traces_Ex04.c/lasso_trace_1.txt,NONTERMINATING,"1,88",0,"86,21","88,09",2,NONTERMINATING,5,1,6,GNTA / GNTA
ATVA2026_benchmark/NON_TERM_LASSO//lasso_traces_Ex05_no-overflow.c/lasso_trace_1.txt,NONTERMINATING,"5,77",0,0,"5,77",1,NONTERMINATING,5,1,6,Fixpoint / Fixpoint
ATVA2026_benchmark/NON_TERM_LASSO//lasso_traces_ex05_rec.bpl/lasso_trace_1.txt,NONTERMINATING,"2,67",0,0,"2,67",1,NONTERMINATING,0,2,2,Fixpoint / Fixpoint
ATVA2026_benchmark/NON_TERM_LASSO//lasso_traces_Ex05.c/lasso_trace_1.txt,NONTERMINATING,"2,46",0,0,"2,46",1,NONTERMINATING,5,1,6,Fixpoint / Fixpoint
ATVA2026_benchmark/NON_TERM_LASSO//lasso_traces_Ex06_no-overflow.c/lasso_trace_1.txt,NONTERMINATING,"3,54",0,0,"3,54",2,NONTERMINATING,5,1,6,Fixpoint / Fixpoint
ATVA2026_benchmark/NON_TERM_LASSO//lasso_traces_Ex06.c/lasso_trace_1.txt,NONTERMINATING,"2,89",0,0,"2,89",2,NONTERMINATING,5,1,6,Fixpoint / Fixpoint
ATVA2026_benchmark/NON_TERM_LASSO//lasso_traces_Ex07_no-overflow.c/lasso_trace_3.txt,NONTERMINATING,"1,38",0,0,"1,38",2,NONTERMINATING,6,2,8,Fixpoint / Fixpoint
ATVA2026_benchmark/NON_TERM_LASSO//lasso_traces_ex07_rec.bpl/lasso_trace_1.txt,NONTERMINATING,"2,85",0,0,"2,85",1,NONTERMINATING,0,2,2,Fixpoint / Fixpoint
ATVA2026_benchmark/NON_TERM_LASSO//lasso_traces_Ex07.c/lasso_trace_3.txt,NONTERMINATING,"1,04",0,0,"1,04",2,NONTERMINATING,6,2,8,Fixpoint / Fixpoint
ATVA2026_benchmark/NON_TERM_LASSO//lasso_traces_ex1.t2.c/lasso_trace_1.txt,NONTERMINATING,"2,87",0,"176,48","179,35",2,NONTERMINATING,24,12,36,GNTA / GNTA
ATVA2026_benchmark/NON_TERM_LASSO//lasso_traces_ex10.t2.c/lasso_trace_2.txt,NONTERMINATING,"0,37",0,"341,97","342,34",4,NONTERMINATING,71,31,102,GNTA / GNTA
ATVA2026_benchmark/NON_TERM_LASSO//lasso_traces_ex11.t2.c/lasso_trace_7.txt,NONTERMINATING,"1,3",0,0,"1,3",2,NONTERMINATING,168,125,293,Fixpoint / Fixpoint
ATVA2026_benchmark/NON_TERM_LASSO//lasso_traces_ex16.t2.c/lasso_trace_6.txt,NONTERMINATING,"0,59",0,"581,65","582,24",3,NONTERMINATING,129,22,151,GNTA / GNTA
ATVA2026_benchmark/NON_TERM_LASSO//lasso_traces_ex19.t2.c/lasso_trace_2.txt,NONTERMINATING,"0,42",0,"205,23","205,65",5,NONTERMINATING,31,21,52,GNTA / GNTA
ATVA2026_benchmark/NON_TERM_LASSO//lasso_traces_ex2.t2.c/lasso_trace_1.txt,NONTERMINATING,"1,62",0,"226,4","228,02",2,NONTERMINATING,45,12,57,GNTA / GNTA
ATVA2026_benchmark/NON_TERM_LASSO//lasso_traces_ex31.t2.c/lasso_trace_1.txt,NONTERMINATING,"3,2",0,0,"3,2",2,NONTERMINATING,20,21,41,Fixpoint / Fixpoint
ATVA2026_benchmark/NON_TERM_LASSO//lasso_traces_ex36.t2.c/lasso_trace_16.txt,NONTERMINATING,"0,29",0,"1273,97","1274,26",4,NONTERMINATING,351,54,405,GNTA / GNTA
ATVA2026_benchmark/NON_TERM_LASSO//lasso_traces_ex40.t2.c/lasso_trace_1.txt,NONTERMINATING,"1,69",0,"166,34","168,03",2,NONTERMINATING,24,12,36,GNTA / GNTA
ATVA2026_benchmark/NON_TERM_LASSO//lasso_traces_ex8.t2.c/lasso_trace_2.txt,NONTERMINATING,"1,1",0,0,"1,1",1,NONTERMINATING,45,12,57,Fixpoint / Fixpoint
ATVA2026_benchmark/NON_TERM_LASSO//lasso_traces_ex9.t2.c/lasso_trace_2.txt,NONTERMINATING,"1,07",0,0,"1,07",1,NONTERMINATING,49,16,65,Fixpoint / Fixpoint
ATVA2026_benchmark/NON_TERM_LASSO//lasso_traces_example_01.bpl/lasso_trace_1.txt,NONTERMINATING,"1,91",0,"60,88","62,79",2,NONTERMINATING,2,2,4,GNTA / GNTA
ATVA2026_benchmark/NON_TERM_LASSO//lasso_traces_example_02.bpl/lasso_trace_1.txt,NONTERMINATING,"2,01",0,"55,3","57,31",2,NONTERMINATING,2,2,4,GNTA / GNTA
ATVA2026_benchmark/NON_TERM_LASSO//lasso_traces_example_03.bpl/lasso_trace_1.txt,NONTERMINATING,"2,71",0,"55,76","58,47",2,NONTERMINATING,2,2,4,GNTA / GNTA
ATVA2026_benchmark/NON_TERM_LASSO//lasso_traces_example_04.bpl/lasso_trace_1.txt,NONTERMINATING,"2,12",0,"55,97","58,09",2,NONTERMINATING,2,2,4,GNTA / GNTA
ATVA2026_benchmark/NON_TERM_LASSO//lasso_traces_example_05.bpl/lasso_trace_1.txt,NONTERMINATING,"2,13",0,"55,04","57,17",2,NONTERMINATING,2,2,4,GNTA / GNTA
ATVA2026_benchmark/NON_TERM_LASSO//lasso_traces_example_06.bpl/lasso_trace_1.txt,NONTERMINATING,"2,16",0,"62,14","64,3",2,NONTERMINATING,2,2,4,GNTA / GNTA
ATVA2026_benchmark/NON_TERM_LASSO//lasso_traces_example_07.bpl/lasso_trace_1.txt,NONTERMINATING,"2,88",0,"56,84","59,72",1,NONTERMINATING,2,2,4,GNTA / GNTA
ATVA2026_benchmark/NON_TERM_LASSO//lasso_traces_example_08.bpl/lasso_trace_1.txt,NONTERMINATING,"4,44",0,"52,43","56,87",2,NONTERMINATING,2,2,4,GNTA / GNTA
ATVA2026_benchmark/NON_TERM_LASSO//lasso_traces_example_09.bpl/lasso_trace_1.txt,NONTERMINATING,"2,41",0,"61,98","64,39",2,NONTERMINATING,2,2,4,GNTA / GNTA
ATVA2026_benchmark/NON_TERM_LASSO//lasso_traces_example_10.bpl/lasso_trace_1.txt,NONTERMINATING,"2,24",0,"62,39","64,63",2,NONTERMINATING,2,2,4,GNTA / GNTA
ATVA2026_benchmark/NON_TERM_LASSO//lasso_traces_example_11.bpl/lasso_trace_1.txt,NONTERMINATING,"2,03",0,"65,78","67,81",2,NONTERMINATING,2,2,4,GNTA / GNTA
ATVA2026_benchmark/NON_TERM_LASSO//lasso_traces_example_12.bpl/lasso_trace_1.txt,NONTERMINATING,"2,05",0,"118,95",121,1,NONTERMINATING,2,2,4,GNTA / GNTA
ATVA2026_benchmark/NON_TERM_LASSO//lasso_traces_exampleFile.c/lasso_trace_1.txt,NONTERMINATING,"2,79",0,0,"2,79",2,NONTERMINATING,8,2,10,Fixpoint / Fixpoint
ATVA2026_benchmark/NON_TERM_LASSO//lasso_traces_ExponentialGrowth.bpl/lasso_trace_1.txt,NONTERMINATING,"2,95",0,0,"2,95",1,NONTERMINATING,1,1,2,Fixpoint / Fixpoint
ATVA2026_benchmark/NON_TERM_LASSO//lasso_traces_exsec2.bpl/lasso_trace_1.txt,NONTERMINATING,"1,53",0,0,"1,53",1,NONTERMINATING,2,1,3,Fixpoint / Fixpoint
ATVA2026_benchmark/NON_TERM_LASSO//lasso_traces_fake-succeed.t2.c/lasso_trace_1.txt,NONTERMINATING,"4,67",0,0,"4,67",3,NONTERMINATING,405,8,413,Fixpoint / Fixpoint
ATVA2026_benchmark/NON_TERM_LASSO//lasso_traces_FallowDeerShadows01.bpl/lasso_trace_1.txt,NONTERMINATING,"3,08",0,0,"3,08",1,NONTERMINATING,1,1,2,Fixpoint / Fixpoint
ATVA2026_benchmark/NON_TERM_LASSO//lasso_traces_fast_poll.t2.c/lasso_trace_1.txt,NONTERMINATING,"4,06",0,0,"4,06",3,NONTERMINATING,217,8,225,Fixpoint / Fixpoint
ATVA2026_benchmark/NON_TERM_LASSO//lasso_traces_Fibonacci.bpl/lasso_trace_1.txt,NONTERMINATING,"3,66",0,"143,55","147,21",3,NONTERMINATING,0,4,4,GNTA / GNTA
ATVA2026_benchmark/NON_TERM_LASSO//lasso_traces_fibonacciLikeCfg.bpl/lasso_trace_1.txt,NONTERMINATING,"2,68",0,0,"2,68",1,NONTERMINATING,0,1,1,Fixpoint / Fixpoint
ATVA2026_benchmark/NON_TERM_LASSO//lasso_traces_fibonacciLikeCfgSimplified.bpl/lasso_trace_1.txt,NONTERMINATING,"2,46",0,0,"2,46",1,NONTERMINATING,0,1,1,Fixpoint / Fixpoint
ATVA2026_benchmark/NON_TERM_LASSO//lasso_traces_fischer.bpl/lasso_trace_1.txt,NONTERMINATING,"2,27",0,"79,07","81,34",2,NONTERMINATING,5,1,6,GNTA / GNTA
ATVA2026_benchmark/NON_TERM_LASSO//lasso_traces_Fischer.bpl/lasso_trace_1.txt,NONTERMINATING,"2,15",0,"82,89","85,04",2,NONTERMINATING,5,1,6,GNTA / GNTA
ATVA2026_benchmark/NON_TERM_LASSO//lasso_traces_FischerWithBug.bpl/lasso_trace_1.txt,NONTERMINATING,"2,2",0,"79,3","81,5",2,NONTERMINATING,5,1,6,GNTA / GNTA
ATVA2026_benchmark/NON_TERM_LASSO//lasso_traces_Flip_no-overflow.c/lasso_trace_1.txt,NONTERMINATING,"3,21",0,0,"3,21",2,NONTERMINATING,5,1,6,Fixpoint / Fixpoint
ATVA2026_benchmark/NON_TERM_LASSO//lasso_traces_Flip.c/lasso_trace_1.txt,NONTERMINATING,"2,83",0,0,"2,83",2,NONTERMINATING,5,1,6,Fixpoint / Fixpoint
ATVA2026_benchmark/NON_TERM_LASSO//lasso_traces_fork_loop_inc.bpl/lasso_trace_1.txt,NONTERMINATING,"0,77",0,0,"0,77",2,NONTERMINATING,13,1,14,Fixpoint / Fixpoint
ATVA2026_benchmark/NON_TERM_LASSO//lasso_traces_fork_loop_local.bpl/lasso_trace_1.txt,NONTERMINATING,"0,73",0,0,"0,73",2,NONTERMINATING,9,1,10,Fixpoint / Fixpoint
ATVA2026_benchmark/NON_TERM_LASSO//lasso_traces_fork_loop_mutex.bpl/lasso_trace_1.txt,NONTERMINATING,"3,09",0,0,"3,09",1,NONTERMINATING,2,3,5,Fixpoint / Fixpoint
ATVA2026_benchmark/NON_TERM_LASSO//lasso_traces_fork_loop_noop.bpl/lasso_trace_1.txt,NONTERMINATING,"2,07",0,0,"2,07",2,NONTERMINATING,13,1,14,Fixpoint / Fixpoint
ATVA2026_benchmark/NON_TERM_LASSO//lasso_traces_fork_loop_unsafe.bpl/lasso_trace_1.txt,NONTERMINATING,"2,74",0,0,"2,74",2,NONTERMINATING,19,1,20,Fixpoint / Fixpoint
ATVA2026_benchmark/NON_TERM_LASSO//lasso_traces_fork_loop_unsafe2.bpl/lasso_trace_1.txt,NONTERMINATING,"0,9",0,0,"0,9",2,NONTERMINATING,10,1,11,Fixpoint / Fixpoint
ATVA2026_benchmark/NON_TERM_LASSO//lasso_traces_ForkInLoop02-Incrementer.bpl/lasso_trace_1.txt,NONTERMINATING,"1,15",0,0,"1,15",2,NONTERMINATING,19,1,20,Fixpoint / Fixpoint
ATVA2026_benchmark/NON_TERM_LASSO//lasso_traces_fourn.c.i.fourn.pl.t2.fixed.t2.c/lasso_trace_3.txt,NONTERMINATING,"0,64",0,"686,29","686,93",4,NONTERMINATING,158,39,197,GNTA / GNTA
ATVA2026_benchmark/NON_TERM_LASSO//lasso_traces_fourn.c.i.fourn.pl.t2.nor.t2.rlgfixed.t2.c/lasso_trace_3.txt,NONTERMINATING,"0,61",0,691,"691,61",4,NONTERMINATING,158,39,197,GNTA / GNTA
ATVA2026_benchmark/NON_TERM_LASSO//lasso_traces_fourn.t2.c/lasso_trace_3.txt,NONTERMINATING,"0,62",0,"699,02","699,64",5,NONTERMINATING,158,39,197,GNTA / GNTA
ATVA2026_benchmark/NON_TERM_LASSO//lasso_traces_FourStateCircle.bpl/lasso_trace_1.txt,NONTERMINATING,"2,74",0,0,"2,74",2,NONTERMINATING,3,2,5,Fixpoint / Fixpoint
ATVA2026_benchmark/NON_TERM_LASSO//lasso_traces_fun1.t2.c/lasso_trace_10.txt,NONTERMINATING,"2,09",0,0,"2,09",3,NONTERMINATING,135,193,328,Fixpoint / Fixpoint
ATVA2026_benchmark/NON_TERM_LASSO//lasso_traces_fun10.t2.c/lasso_trace_1.txt,NONTERMINATING,"8,52",0,0,"8,52",8,NONTERMINATING,804,24,828,Fixpoint / Fixpoint
ATVA2026_benchmark/NON_TERM_LASSO//lasso_traces_fun10b.t2.c/lasso_trace_1.txt,NONTERMINATING,"10,57",0,0,"10,57",7,NONTERMINATING,740,24,764,Fixpoint / Fixpoint
ATVA2026_benchmark/NON_TERM_LASSO//lasso_traces_fun11.t2.c/lasso_trace_1.txt,NONTERMINATING,"1,7",0,"323,85","325,55",2,NONTERMINATING,62,26,88,GNTA / GNTA
ATVA2026_benchmark/NON_TERM_LASSO//lasso_traces_fun1b.t2.c/lasso_trace_5.txt,NONTERMINATING,"2,25",0,0,"2,25",5,NONTERMINATING,118,193,311,Fixpoint / Fixpoint
ATVA2026_benchmark/NON_TERM_LASSO//lasso_traces_fun6.t2.c/lasso_trace_1.txt,NONTERMINATING,"3,39",0,0,"3,39",4,NONTERMINATING,160,52,212,Fixpoint / Fixpoint
ATVA2026_benchmark/NON_TERM_LASSO//lasso_traces_fun7.t2.c/lasso_trace_1.txt,NONTERMINATING,"3,68",0,0,"3,68",3,NONTERMINATING,144,125,269,Fixpoint / Fixpoint
ATVA2026_benchmark/NON_TERM_LASSO//lasso_traces_fun9.t2.c/lasso_trace_6.txt,NONTERMINATING,"1,67",0,0,"1,67",3,NONTERMINATING,257,41,298,Fixpoint / Fixpoint
ATVA2026_benchmark/NON_TERM_LASSO//lasso_traces_functions.bpl/lasso_trace_1.txt,NONTERMINATING,"2,72",0,0,"2,72",2,NONTERMINATING,0,8,8,Fixpoint / Fixpoint
ATVA2026_benchmark/NON_TERM_LASSO//lasso_traces_GasCake01_InvariantCheck.c/lasso_trace_1.txt,NONTERMINATING,"2,53",0,0,"2,53",1,NONTERMINATING,2,1,3,Fixpoint / Fixpoint
ATVA2026_benchmark/NON_TERM_LASSO//lasso_traces_GasCake01.bpl/lasso_trace_1.txt,NONTERMINATING,"4,52",0,0,"4,52",2,NONTERMINATING,1,3,4,Fixpoint / Fixpoint
ATVA2026_benchmark/NON_TERM_LASSO//lasso_traces_GasCake02_Pointerless.c/lasso_trace_1.txt,NONTERMINATING,"4,16",0,0,"4,16",114,NONTERMINATING,6,22,28,Fixpoint / Fixpoint
ATVA2026_benchmark/NON_TERM_LASSO//lasso_traces_GasCake02_StricterInput_Pointerless_v2.c/lasso_trace_1.txt,NONTERMINATING,"3,91",0,0,"3,91",277,NONTERMINATING,6,22,28,Fixpoint / Fixpoint
ATVA2026_benchmark/NON_TERM_LASSO//lasso_traces_GasCake02_StricterInput_Pointerless.c/lasso_trace_1.txt,NONTERMINATING,4,0,0,4,164,NONTERMINATING,6,22,28,Fixpoint / Fixpoint
ATVA2026_benchmark/NON_TERM_LASSO//lasso_traces_GasCake02_woNullCheck.c/lasso_trace_1.txt,NONTERMINATING,"5,88",0,0,"5,88",5,NONTERMINATING,6,31,37,Fixpoint / Fixpoint
ATVA2026_benchmark/NON_TERM_LASSO//lasso_traces_GasCake02.c/lasso_trace_2.txt,NONTERMINATING,"4,03",0,0,"4,03",5,NONTERMINATING,6,37,43,Fixpoint / Fixpoint
ATVA2026_benchmark/NON_TERM_LASSO//lasso_traces_GasCake03.c/lasso_trace_1.txt,NONTERMINATING,"2,93",0,0,"2,93",2,NONTERMINATING,4,3,7,Fixpoint / Fixpoint
ATVA2026_benchmark/NON_TERM_LASSO//lasso_traces_GasCake04.c/lasso_trace_1.txt,NONTERMINATING,"2,89",0,0,"2,89",1,NONTERMINATING,4,3,7,Fixpoint / Fixpoint
ATVA2026_benchmark/NON_TERM_LASSO//lasso_traces_GasCake05.c/lasso_trace_1.txt,NONTERMINATING,"3,56",0,0,"3,56",1,NONTERMINATING,4,3,7,Fixpoint / Fixpoint
ATVA2026_benchmark/NON_TERM_LASSO//lasso_traces_GasCakeWithJohoFractions01.bpl/lasso_trace_1.txt,NONTERMINATING,"3,55",0,0,"3,55",1,NONTERMINATING,1,4,5,Fixpoint / Fixpoint
ATVA2026_benchmark/NON_TERM_LASSO//lasso_traces_GCD-1_no-overflow.c/lasso_trace_1.txt,NONTERMINATING,"3,37",0,0,"3,37",2,NONTERMINATING,5,3,8,Fixpoint / Fixpoint
ATVA2026_benchmark/NON_TERM_LASSO//lasso_traces_GCD-1.c/lasso_trace_1.txt,NONTERMINATING,"3,11",0,0,"3,11",2,NONTERMINATING,5,3,8,Fixpoint / Fixpoint
ATVA2026_benchmark/NON_TERM_LASSO//lasso_traces_GCD.c/lasso_trace_1.txt,NONTERMINATING,"2,89",0,0,"2,89",2,NONTERMINATING,5,3,8,Fixpoint / Fixpoint
ATVA2026_benchmark/NON_TERM_LASSO//lasso_traces_GCD2_no-overflow.c/lasso_trace_1.txt,NONTERMINATING,"2,93",0,0,"2,93",2,NONTERMINATING,5,3,8,Fixpoint / Fixpoint
ATVA2026_benchmark/NON_TERM_LASSO//lasso_traces_GCD2.c/lasso_trace_1.txt,NONTERMINATING,"3,74",0,0,"3,74",2,NONTERMINATING,5,3,8,Fixpoint / Fixpoint
ATVA2026_benchmark/NON_TERM_LASSO//lasso_traces_GeometricalIntegerCake.bpl/lasso_trace_1.txt,NONTERMINATING,"4,14",0,0,"4,14",2,NONTERMINATING,1,2,3,Fixpoint / Fixpoint
ATVA2026_benchmark/NON_TERM_LASSO//lasso_traces_GeometricalIntegerCakeWithArray.bpl/lasso_trace_1.txt,NONTERMINATING,"4,84",0,0,"4,84",3,NONTERMINATING,1,2,3,Fixpoint / Fixpoint
ATVA2026_benchmark/NON_TERM_LASSO//lasso_traces_Glastonbury.bpl/lasso_trace_1.txt,NONTERMINATING,"2,63",0,0,"2,63",1,NONTERMINATING,0,1,1,Fixpoint / Fixpoint
ATVA2026_benchmark/NON_TERM_LASSO//lasso_traces_Goa2Threads2Ressources.bpl/lasso_trace_1.txt,NONTERMINATING,"2,96",0,0,"2,96",1,NONTERMINATING,1,1,2,Fixpoint / Fixpoint
ATVA2026_benchmark/NON_TERM_LASSO//lasso_traces_goblint.bpl/lasso_trace_1.txt,NONTERMINATING,"1,6",0,0,"1,6",2,NONTERMINATING,10,1,11,Fixpoint / Fixpoint
ATVA2026_benchmark/NON_TERM_LASSO//lasso_traces_gotolabelnotfound.c/lasso_trace_1.txt,NONTERMINATING,"2,89",0,0,"2,89",1,NONTERMINATING,4,1,5,Fixpoint / Fixpoint
ATVA2026_benchmark/NON_TERM_LASSO//lasso_traces_GripperTest-correct.bpl/lasso_trace_1.txt,NONTERMINATING,"3,9",0,0,"3,9",5,NONTERMINATING,1,2,3,Fixpoint / Fixpoint
ATVA2026_benchmark/NON_TERM_LASSO//lasso_traces_GripperTest-incorrect_SVComp.c/lasso_trace_1.txt,NONTERMINATING,"3,66",0,0,"3,66",14,NONTERMINATING,5,2,7,Fixpoint / Fixpoint
ATVA2026_benchmark/NON_TERM_LASSO//lasso_traces_GripperTest-incorrect.bpl/lasso_trace_1.txt,NONTERMINATING,"3,56",0,0,"3,56",4,NONTERMINATING,1,2,3,Fixpoint / Fixpoint
ATVA2026_benchmark/NON_TERM_LASSO//lasso_traces_growfall_faulty.bpl/lasso_trace_1.txt,NONTERMINATING,"2,69",0,0,"2,69",1,NONTERMINATING,1,2,3,Fixpoint / Fixpoint
ATVA2026_benchmark/NON_TERM_LASSO//lasso_traces_growfall.bpl/lasso_trace_1.txt,NONTERMINATING,"2,74",0,0,"2,74",1,NONTERMINATING,1,2,3,Fixpoint / Fixpoint
ATVA2026_benchmark/NON_TERM_LASSO//lasso_traces_Hammereisenbach-AlternatingBranches_false-termination.c/lasso_trace_3.txt,NONTERMINATING,"0,64",0,"54,68","55,32",3,NONTERMINATING,6,2,8,GNTA / GNTA
ATVA2026_benchmark/NON_TERM_LASSO//lasso_traces_HarrisLalNoriRajamani-2010SAS-Fig2-alloca_unknown-termination.c/lasso_trace_2.txt,NONTERMINATING,"1,86",0,0,"1,86",3,NONTERMINATING,19,5,24,Fixpoint / Fixpoint
ATVA2026_benchmark/NON_TERM_LASSO//lasso_traces_HarrisLalNoriRajamani-SAS2010-Fig2_false-termination.c/lasso_trace_1.txt,NONTERMINATING,"3,91",0,0,"3,91",2,NONTERMINATING,13,1,14,Fixpoint / Fixpoint
ATVA2026_benchmark/NON_TERM_LASSO//lasso_traces_HarrisLalNoriRajamani-SAS2010-Fig2_no-overflow.c/lasso_trace_1.txt,NONTERMINATING,"5,04",0,0,"5,04",2,NONTERMINATING,13,1,14,Fixpoint / Fixpoint
ATVA2026_benchmark/NON_TERM_LASSO//lasso_traces_HarrisLalNoriRajamani-SAS2010-Fig2.c/lasso_trace_1.txt,NONTERMINATING,"3,98",0,0,"3,98",2,NONTERMINATING,13,1,14,Fixpoint / Fixpoint
ATVA2026_benchmark/NON_TERM_LASSO//lasso_traces_HavocInLoop.bpl/lasso_trace_2.txt,NONTERMINATING,"0,4",0,"41,08","41,48",2,NONTERMINATING,2,3,5,GNTA / GNTA
ATVA2026_benchmark/NON_TERM_LASSO//lasso_traces_HavocInLoopBool.bpl/lasso_trace_1.txt,NONTERMINATING,"1,59",0,0,"1,59",1,NONTERMINATING,2,1,3,Fixpoint / Fixpoint
ATVA2026_benchmark/NON_TERM_LASSO//lasso_traces_HavocInLoopInt.bpl/lasso_trace_1.txt,NONTERMINATING,"1,09",0,0,"1,09",1,NONTERMINATING,2,1,3,Fixpoint / Fixpoint
ATVA2026_benchmark/NON_TERM_LASSO//lasso_traces_heater_faulty.bpl/lasso_trace_1.txt,NONTERMINATING,"3,07",0,0,"3,07",1,NONTERMINATING,1,2,3,Fixpoint / Fixpoint
ATVA2026_benchmark/NON_TERM_LASSO//lasso_traces_heater.bpl/lasso_trace_1.txt,NONTERMINATING,"3,05",0,0,"3,05",1,NONTERMINATING,1,2,3,Fixpoint / Fixpoint
ATVA2026_benchmark/NON_TERM_LASSO//lasso_traces_heidy1.t2.c/lasso_trace_1.txt,NONTERMINATING,"1,68",0,"127,29","128,97",2,NONTERMINATING,20,8,28,GNTA / GNTA
ATVA2026_benchmark/NON_TERM_LASSO//lasso_traces_heidy2.t2.c/lasso_trace_1.txt,NONTERMINATING,"1,62",0,"151,37","152,99",2,NONTERMINATING,20,13,33,GNTA / GNTA
ATVA2026_benchmark/NON_TERM_LASSO//lasso_traces_heidy3.t2.c/lasso_trace_2.txt,NONTERMINATING,"1,11",0,0,"1,11",1,NONTERMINATING,29,8,37,Fixpoint / Fixpoint
ATVA2026_benchmark/NON_TERM_LASSO//lasso_traces_heidy6.t2.c/lasso_trace_2.txt,NONTERMINATING,"1,31",0,0,"1,31",1,NONTERMINATING,34,8,42,Fixpoint / Fixpoint
ATVA2026_benchmark/NON_TERM_LASSO//lasso_traces_heidy7-simple.t2.c/lasso_trace_2.txt,NONTERMINATING,"1,14",0,0,"1,14",1,NONTERMINATING,29,12,41,Fixpoint / Fixpoint
ATVA2026_benchmark/NON_TERM_LASSO//lasso_traces_heidy7.t2.c/lasso_trace_2.txt,NONTERMINATING,"1,05",0,0,"1,05",1,NONTERMINATING,29,13,42,Fixpoint / Fixpoint
ATVA2026_benchmark/NON_TERM_LASSO//lasso_traces_heidy8.t2.c/lasso_trace_2.txt,NONTERMINATING,"1,08",0,0,"1,08",1,NONTERMINATING,37,13,50,Fixpoint / Fixpoint
ATVA2026_benchmark/NON_TERM_LASSO//lasso_traces_HenzingerJhalaMajumdarSutre-POPL2002-LockingExample_false-termination.c/lasso_trace_2.txt,NONTERMINATING,"1,62",0,"141,89","143,51",3,NONTERMINATING,6,10,16,GNTA / GNTA
ATVA2026_benchmark/NON_TERM_LASSO//lasso_traces_HenzingerJhalaMajumdarSutre-POPL2002-LockingExample_no-overflow.c/lasso_trace_2.txt,NONTERMINATING,"5,39",0,"200,08","205,47",3,NONTERMINATING,6,10,16,GNTA / GNTA
ATVA2026_benchmark/NON_TERM_LASSO//lasso_traces_HenzingerJhalaMajumdarSutre-POPL2002-LockingExample.c/lasso_trace_2.txt,NONTERMINATING,"1,94",0,"139,43","141,37",3,NONTERMINATING,6,10,16,GNTA / GNTA
ATVA2026_benchmark/NON_TERM_LASSO//lasso_traces_HiddenEquality-Safe.bpl/lasso_trace_1.txt,NONTERMINATING,"2,01",0,"63,88","65,89",2,NONTERMINATING,1,1,2,GNTA / GNTA
ATVA2026_benchmark/NON_TERM_LASSO//lasso_traces_hqr.c.i.hqr.pl.t2.fixed.t2.c/lasso_trace_5.txt,NONTERMINATING,"3,62",0,0,"3,62",5,NONTERMINATING,244,166,410,Fixpoint / Fixpoint
ATVA2026_benchmark/NON_TERM_LASSO//lasso_traces_hqr.c.i.hqr.pl.t2.nor.t2.rlgfixed.t2.c/lasso_trace_5.txt,NONTERMINATING,"3,5",0,0,"3,5",5,NONTERMINATING,248,166,414,Fixpoint / Fixpoint
ATVA2026_benchmark/NON_TERM_LASSO//lasso_traces_hqr.t2.c/lasso_trace_5.txt,NONTERMINATING,"3,05",0,0,"3,05",4,NONTERMINATING,248,166,414,Fixpoint / Fixpoint
ATVA2026_benchmark/NON_TERM_LASSO//lasso_traces_hybrid.bpl/lasso_trace_1.txt,NONTERMINATING,"1,87",0,"40,81","42,68",2,NONTERMINATING,2,3,5,GNTA / GNTA
ATVA2026_benchmark/NON_TERM_LASSO//lasso_traces_id2_b2_o3_true-unreach-call.c/lasso_trace_1.txt,NONTERMINATING,"1,84",0,"189,34","191,18",2,NONTERMINATING,6,6,12,GNTA / GNTA
ATVA2026_benchmark/NON_TERM_LASSO//lasso_traces_ImpulseTest.bpl/lasso_trace_1.txt,NONTERMINATING,"2,1",0,"66,02","68,12",2,NONTERMINATING,1,2,3,GNTA / GNTA
ATVA2026_benchmark/NON_TERM_LASSO//lasso_traces_INC_FlaggedConditional2.bpl/lasso_trace_1.txt,NONTERMINATING,"1,89",0,"69,83","71,72",2,NONTERMINATING,1,1,2,GNTA / GNTA
ATVA2026_benchmark/NON_TERM_LASSO//lasso_traces_INC_FlaggedConditional4.bpl/lasso_trace_1.txt,NONTERMINATING,"2,12",0,"84,96","87,08",4,NONTERMINATING,1,1,2,GNTA / GNTA
ATVA2026_benchmark/NON_TERM_LASSO//lasso_traces_INC_FlaggedConditional8.bpl/lasso_trace_1.txt,NONTERMINATING,"2,16",0,"117,08","119,24",5,NONTERMINATING,1,1,2,GNTA / GNTA
ATVA2026_benchmark/NON_TERM_LASSO//lasso_traces_INC_likeFlaggedButNoFlag2.bpl/lasso_trace_1.txt,NONTERMINATING,"1,92",0,"50,57","52,49",2,NONTERMINATING,2,1,3,GNTA / GNTA
ATVA2026_benchmark/NON_TERM_LASSO//lasso_traces_INC_likeFlaggedButNoFlag4.bpl/lasso_trace_1.txt,NONTERMINATING,"2,2",0,"77,33","79,53",2,NONTERMINATING,2,1,3,GNTA / GNTA
ATVA2026_benchmark/NON_TERM_LASSO//lasso_traces_INC_likeFlaggedButNoFlag8.bpl/lasso_trace_1.txt,NONTERMINATING,"2,01",0,"131,58","133,59",2,NONTERMINATING,2,1,3,GNTA / GNTA
ATVA2026_benchmark/NON_TERM_LASSO//lasso_traces_INC_noReduceIncer2_oneAssert.bpl/lasso_trace_1.txt,NONTERMINATING,"1,99",0,"51,02","53,01",1,NONTERMINATING,1,1,2,GNTA / GNTA
ATVA2026_benchmark/NON_TERM_LASSO//lasso_traces_INC_noReduceIncer4_oneAssert.bpl/lasso_trace_1.txt,NONTERMINATING,"2,08",0,"77,48","79,56",2,NONTERMINATING,1,1,2,GNTA / GNTA
ATVA2026_benchmark/NON_TERM_LASSO//lasso_traces_INC_noReduceIncer6_oneAssert.bpl/lasso_trace_1.txt,NONTERMINATING,"2,01",0,"98,57","100,58",2,NONTERMINATING,1,1,2,GNTA / GNTA
ATVA2026_benchmark/NON_TERM_LASSO//lasso_traces_INC_simpleIncer2_oneAssert.bpl/lasso_trace_1.txt,NONTERMINATING,"4,32",0,0,"4,32",1,NONTERMINATING,1,2,3,Fixpoint / Fixpoint
ATVA2026_benchmark/NON_TERM_LASSO//lasso_traces_INC_simpleIncer4_oneAssert.bpl/lasso_trace_1.txt,NONTERMINATING,"3,52",0,0,"3,52",2,NONTERMINATING,1,2,3,Fixpoint / Fixpoint
ATVA2026_benchmark/NON_TERM_LASSO//lasso_traces_INC_simpleIncer8_oneAssert.bpl/lasso_trace_1.txt,NONTERMINATING,"3,26",0,0,"3,26",18,NONTERMINATING,1,2,3,Fixpoint / Fixpoint
ATVA2026_benchmark/NON_TERM_LASSO//lasso_traces_incr-decr01.bpl/lasso_trace_1.txt,NONTERMINATING,"3,87",0,0,"3,87",1,NONTERMINATING,2,2,4,Fixpoint / Fixpoint
ATVA2026_benchmark/NON_TERM_LASSO//lasso_traces_incr-decr02.bpl/lasso_trace_1.txt,NONTERMINATING,"2,85",0,0,"2,85",1,NONTERMINATING,2,2,4,Fixpoint / Fixpoint
ATVA2026_benchmark/NON_TERM_LASSO//lasso_traces_incr-decr03.bpl/lasso_trace_1.txt,NONTERMINATING,"3,36",0,0,"3,36",1,NONTERMINATING,2,2,4,Fixpoint / Fixpoint
ATVA2026_benchmark/NON_TERM_LASSO//lasso_traces_incr-decr04.bpl/lasso_trace_1.txt,NONTERMINATING,"3,22",0,0,"3,22",1,NONTERMINATING,2,2,4,Fixpoint / Fixpoint
ATVA2026_benchmark/NON_TERM_LASSO//lasso_traces_incr-decr05.bpl/lasso_trace_1.txt,NONTERMINATING,"3,07",0,0,"3,07",2,NONTERMINATING,2,2,4,Fixpoint / Fixpoint
ATVA2026_benchmark/NON_TERM_LASSO//lasso_traces_incr-decr06.bpl/lasso_trace_1.txt,NONTERMINATING,"5,13",0,0,"5,13",1,NONTERMINATING,2,2,4,Fixpoint / Fixpoint
ATVA2026_benchmark/NON_TERM_LASSO//lasso_traces_incr-decr07.bpl/lasso_trace_1.txt,NONTERMINATING,"3,53",0,0,"3,53",1,NONTERMINATING,2,2,4,Fixpoint / Fixpoint
ATVA2026_benchmark/NON_TERM_LASSO//lasso_traces_incr-decr08.bpl/lasso_trace_1.txt,NONTERMINATING,"3,23",0,0,"3,23",1,NONTERMINATING,2,2,4,Fixpoint / Fixpoint
ATVA2026_benchmark/NON_TERM_LASSO//lasso_traces_incr-decr09.bpl/lasso_trace_1.txt,NONTERMINATING,"5,85",0,0,"5,85",1,NONTERMINATING,2,2,4,Fixpoint / Fixpoint
ATVA2026_benchmark/NON_TERM_LASSO//lasso_traces_incr-decr10.bpl/lasso_trace_1.txt,NONTERMINATING,"4,11",0,0,"4,11",1,NONTERMINATING,2,2,4,Fixpoint / Fixpoint
ATVA2026_benchmark/NON_TERM_LASSO//lasso_traces_incr-decr11.bpl/lasso_trace_1.txt,NONTERMINATING,"2,97",0,0,"2,97",1,NONTERMINATING,2,2,4,Fixpoint / Fixpoint
ATVA2026_benchmark/NON_TERM_LASSO//lasso_traces_incr-decr12.bpl/lasso_trace_1.txt,NONTERMINATING,"4,15",0,0,"4,15",1,NONTERMINATING,2,2,4,Fixpoint / Fixpoint
ATVA2026_benchmark/NON_TERM_LASSO//lasso_traces_infinite.c/lasso_trace_1.txt,NONTERMINATING,"2,92",0,0,"2,92",2,NONTERMINATING,5,23,28,Fixpoint / Fixpoint
ATVA2026_benchmark/NON_TERM_LASSO//lasso_traces_infiniteLoop.bpl/lasso_trace_1.txt,NONTERMINATING,"2,78",0,0,"2,78",1,NONTERMINATING,1,1,2,Fixpoint / Fixpoint
ATVA2026_benchmark/NON_TERM_LASSO//lasso_traces_insertsort.t2.c/lasso_trace_2.txt,NONTERMINATING,"0,34",0,"183,91","184,25",2,NONTERMINATING,37,12,49,GNTA / GNTA
ATVA2026_benchmark/NON_TERM_LASSO//lasso_traces_INT_anubhav.bpl/lasso_trace_1.txt,NONTERMINATING,"2,21",0,"77,77","79,98",3,NONTERMINATING,1,1,2,GNTA / GNTA
ATVA2026_benchmark/NON_TERM_LASSO//lasso_traces_INT_CalcTest_inlined.bpl/lasso_trace_1.txt,NONTERMINATING,"3,46",0,0,"3,46",3,NONTERMINATING,1,2,3,Fixpoint / Fixpoint
ATVA2026_benchmark/NON_TERM_LASSO//lasso_traces_INT_FlaggedConditionalEx2.bpl/lasso_trace_2.txt,NONTERMINATING,"0,69",0,0,"0,69",1,NONTERMINATING,1,4,5,Fixpoint / Fixpoint
ATVA2026_benchmark/NON_TERM_LASSO//lasso_traces_intSqRoot.t2.c/lasso_trace_1.txt,NONTERMINATING,"2,96",0,0,"2,96",2,NONTERMINATING,28,21,49,Fixpoint / Fixpoint
ATVA2026_benchmark/NON_TERM_LASSO//lasso_traces_InvariantSum-1.bpl/lasso_trace_1.txt,NONTERMINATING,"3,14",0,0,"3,14",2,NONTERMINATING,1,1,2,Fixpoint / Fixpoint
ATVA2026_benchmark/NON_TERM_LASSO//lasso_traces_InvariantSum-2.bpl/lasso_trace_1.txt,NONTERMINATING,"4,97",0,0,"4,97",2,NONTERMINATING,1,1,2,Fixpoint / Fixpoint
ATVA2026_benchmark/NON_TERM_LASSO//lasso_traces_InvariantSum-4Vars.bpl/lasso_trace_1.txt,NONTERMINATING,"3,25",0,0,"3,25",5,NONTERMINATING,1,1,2,Fixpoint / Fixpoint
ATVA2026_benchmark/NON_TERM_LASSO//lasso_traces_InvariantSynthesis_Disjunctive02.bpl/lasso_trace_1.txt,NONTERMINATING,"2,43",0,"45,35","47,78",2,NONTERMINATING,1,1,2,GNTA / GNTA
ATVA2026_benchmark/NON_TERM_LASSO//lasso_traces_InvariantSynthesis_SimpleExample.bpl/lasso_trace_1.txt,NONTERMINATING,"2,9",0,0,"2,9",1,NONTERMINATING,1,1,2,Fixpoint / Fixpoint
ATVA2026_benchmark/NON_TERM_LASSO//lasso_traces_InvariantSynthesisWpOverapproxIntRealNegationBug.bpl/lasso_trace_1.txt,NONTERMINATING,"3,97",0,0,"3,97",1,NONTERMINATING,1,1,2,Fixpoint / Fixpoint
ATVA2026_benchmark/NON_TERM_LASSO//lasso_traces_IRS-Dep-InfiniteRecursion.bpl/lasso_trace_1.txt,NONTERMINATING,"2,66",0,0,"2,66",1,NONTERMINATING,0,1,1,Fixpoint / Fixpoint
ATVA2026_benchmark/NON_TERM_LASSO//lasso_traces_jain_1.i_2.bpl/lasso_trace_1.txt,NONTERMINATING,"3,08",0,0,"3,08",2,NONTERMINATING,1,2,3,Fixpoint / Fixpoint
ATVA2026_benchmark/NON_TERM_LASSO//lasso_traces_jain_2.i_2.bpl/lasso_trace_1.txt,NONTERMINATING,"3,34",0,0,"3,34",2,NONTERMINATING,1,2,3,Fixpoint / Fixpoint
ATVA2026_benchmark/NON_TERM_LASSO//lasso_traces_jain_4.i_2.bpl/lasso_trace_1.txt,NONTERMINATING,"3,57",0,0,"3,57",2,NONTERMINATING,1,2,3,Fixpoint / Fixpoint
ATVA2026_benchmark/NON_TERM_LASSO//lasso_traces_jain_6-1.c/lasso_trace_1.txt,NONTERMINATING,"3,48",0,0,"3,48",3,NONTERMINATING,5,6,11,Fixpoint / Fixpoint
ATVA2026_benchmark/NON_TERM_LASSO//lasso_traces_jain_6.i_2.bpl/lasso_trace_1.txt,NONTERMINATING,"3,94",0,0,"3,94",2,NONTERMINATING,1,2,3,Fixpoint / Fixpoint
ATVA2026_benchmark/NON_TERM_LASSO//lasso_traces_jain_7.i_2.bpl/lasso_trace_1.txt,NONTERMINATING,"3,75",0,0,"3,75",2,NONTERMINATING,1,2,3,Fixpoint / Fixpoint
ATVA2026_benchmark/NON_TERM_LASSO//lasso_traces_janne_complex.t2.c/lasso_trace_11.txt,NONTERMINATING,"0,27",0,"257,99","258,26",3,NONTERMINATING,259,31,290,GNTA / GNTA
ATVA2026_benchmark/NON_TERM_LASSO//lasso_traces_joey_false-termination.c/lasso_trace_4.txt,NONTERMINATING,"1,38",0,0,"1,38",2,NONTERMINATING,9,8,17,Fixpoint / Fixpoint
ATVA2026_benchmark/NON_TERM_LASSO//lasso_traces_joey_no-overflow.c/lasso_trace_4.txt,NONTERMINATING,"1,88",0,0,"1,88",2,NONTERMINATING,9,8,17,Fixpoint / Fixpoint
ATVA2026_benchmark/NON_TERM_LASSO//lasso_traces_joey.c/lasso_trace_4.txt,NONTERMINATING,"1,47",0,0,"1,47",2,NONTERMINATING,9,8,17,Fixpoint / Fixpoint
ATVA2026_benchmark/NON_TERM_LASSO//lasso_traces_Jordan17LargeNumbers.bpl/lasso_trace_1.txt,NONTERMINATING,"1,94",0,"35,12","37,06",2,NONTERMINATING,1,1,2,GNTA / GNTA
ATVA2026_benchmark/NON_TERM_LASSO//lasso_traces_Jordan32PropagateHavocTwo.bpl/lasso_trace_1.txt,NONTERMINATING,"1,58",0,0,"1,58",1,NONTERMINATING,2,1,3,Fixpoint / Fixpoint
ATVA2026_benchmark/NON_TERM_LASSO//lasso_traces_Jordan40HavocEachIteration.bpl/lasso_trace_1.txt,NONTERMINATING,"1,93",0,"40,73","42,66",2,NONTERMINATING,1,1,2,GNTA / GNTA
ATVA2026_benchmark/NON_TERM_LASSO//lasso_traces_Jordan41HavocBeforeAndAfter.bpl/lasso_trace_1.txt,NONTERMINATING,"3,38",0,0,"3,38",1,NONTERMINATING,1,1,2,Fixpoint / Fixpoint
ATVA2026_benchmark/NON_TERM_LASSO//lasso_traces_Klaus.bpl/lasso_trace_1.txt,NONTERMINATING,"2,64",0,0,"2,64",3,NONTERMINATING,4,3,7,Fixpoint / Fixpoint
ATVA2026_benchmark/NON_TERM_LASSO//lasso_traces_Krtek01.c/lasso_trace_1.txt,NONTERMINATING,"3,51",0,0,"3,51",2,NONTERMINATING,5,2,7,Fixpoint / Fixpoint
ATVA2026_benchmark/NON_TERM_LASSO//lasso_traces_LabelEncodingWithUnrolling.bpl/lasso_trace_1.txt,NONTERMINATING,"3,87",0,0,"3,87",1,NONTERMINATING,1,2,3,Fixpoint / Fixpoint
ATVA2026_benchmark/NON_TERM_LASSO//lasso_traces_Lcm_false-no-overflow_false-termination.c/lasso_trace_1.txt,NONTERMINATING,"3,23",0,0,"3,23",2,NONTERMINATING,5,1,6,Fixpoint / Fixpoint
ATVA2026_benchmark/NON_TERM_LASSO//lasso_traces_Lcm.c/lasso_trace_1.txt,NONTERMINATING,"3,94",0,0,"3,94",2,NONTERMINATING,5,1,6,Fixpoint / Fixpoint
ATVA2026_benchmark/NON_TERM_LASSO//lasso_traces_lex4_false-termination.bpl/lasso_trace_1.txt,NONTERMINATING,"3,2",0,0,"3,2",1,NONTERMINATING,0,1,1,Fixpoint / Fixpoint
ATVA2026_benchmark/NON_TERM_LASSO//lasso_traces_LiveVariablesBackwardTest.bpl/lasso_trace_1.txt,NONTERMINATING,"2,81",0,0,"2,81",1,NONTERMINATING,1,1,2,Fixpoint / Fixpoint
ATVA2026_benchmark/NON_TERM_LASSO//lasso_traces_LiveVariablesUseful01.bpl/lasso_trace_1.txt,NONTERMINATING,"2,03",0,"33,62","35,65",1,NONTERMINATING,1,1,2,GNTA / GNTA
ATVA2026_benchmark/NON_TERM_LASSO//lasso_traces_lockingExample-correct.bpl/lasso_trace_2.txt,NONTERMINATING,"2,18",0,"59,07","61,25",2,NONTERMINATING,1,9,10,GNTA / GNTA
ATVA2026_benchmark/NON_TERM_LASSO//lasso_traces_lockingExample-incorrect.bpl/lasso_trace_2.txt,NONTERMINATING,"2,46",0,"90,34","92,8",2,NONTERMINATING,1,9,10,GNTA / GNTA
ATVA2026_benchmark/NON_TERM_LASSO//lasso_traces_LockingExample.bpl/lasso_trace_1.txt,NONTERMINATING,"1,89",0,"60,26","62,15",2,NONTERMINATING,1,2,3,GNTA / GNTA
ATVA2026_benchmark/NON_TERM_LASSO//lasso_traces_loi01.c/lasso_trace_1.txt,NONTERMINATING,"2,6",0,0,"2,6",1,NONTERMINATING,5,1,6,Fixpoint / Fixpoint
ATVA2026_benchmark/NON_TERM_LASSO//lasso_traces_loi02.c/lasso_trace_1.txt,NONTERMINATING,"2,66",0,0,"2,66",1,NONTERMINATING,5,1,6,Fixpoint / Fixpoint
ATVA2026_benchmark/NON_TERM_LASSO//lasso_traces_Loop-2_no-overflow.c/lasso_trace_1.txt,NONTERMINATING,"2,7",0,0,"2,7",1,NONTERMINATING,5,1,6,Fixpoint / Fixpoint
ATVA2026_benchmark/NON_TERM_LASSO//lasso_traces_Loop-2.c/lasso_trace_1.txt,NONTERMINATING,"2,64",0,0,"2,64",1,NONTERMINATING,5,1,6,Fixpoint / Fixpoint
ATVA2026_benchmark/NON_TERM_LASSO//lasso_traces_Loop.bpl/lasso_trace_1.txt,NONTERMINATING,"3,45",0,0,"3,45",1,NONTERMINATING,1,1,2,Fixpoint / Fixpoint
ATVA2026_benchmark/NON_TERM_LASSO//lasso_traces_Loop.c/lasso_trace_1.txt,NONTERMINATING,"2,56",0,0,"2,56",1,NONTERMINATING,5,1,6,Fixpoint / Fixpoint
ATVA2026_benchmark/NON_TERM_LASSO//lasso_traces_loopNondet1.bpl/lasso_trace_1.txt,NONTERMINATING,"2,96",0,0,"2,96",1,NONTERMINATING,0,1,1,Fixpoint / Fixpoint
ATVA2026_benchmark/NON_TERM_LASSO//lasso_traces_loopNondet2.bpl/lasso_trace_1.txt,NONTERMINATING,"2,98",0,0,"2,98",1,NONTERMINATING,0,1,1,Fixpoint / Fixpoint
ATVA2026_benchmark/NON_TERM_LASSO//lasso_traces_loopNondet3.bpl/lasso_trace_1.txt,NONTERMINATING,"2,93",0,0,"2,93",1,NONTERMINATING,0,1,1,Fixpoint / Fixpoint
ATVA2026_benchmark/NON_TERM_LASSO//lasso_traces_loopNondet4.bpl/lasso_trace_1.txt,NONTERMINATING,"1,94",0,"38,45","40,39",1,NONTERMINATING,0,1,1,GNTA / GNTA
ATVA2026_benchmark/NON_TERM_LASSO//lasso_traces_loopNondet5.bpl/lasso_trace_1.txt,NONTERMINATING,"2,75",0,0,"2,75",1,NONTERMINATING,0,1,1,Fixpoint / Fixpoint
ATVA2026_benchmark/NON_TERM_LASSO//lasso_traces_LoopUnwinding-incorrect.bpl/lasso_trace_1.txt,NONTERMINATING,"1,88",0,"34,85","36,73",2,NONTERMINATING,1,1,2,GNTA / GNTA
ATVA2026_benchmark/NON_TERM_LASSO//lasso_traces_LoopWithoutStatements.c/lasso_trace_1.txt,NONTERMINATING,"3,86",0,0,"3,86",1,NONTERMINATING,4,1,5,Fixpoint / Fixpoint
ATVA2026_benchmark/NON_TERM_LASSO//lasso_traces_LTL_Coolant_Nonterminating01.bpl/lasso_trace_1.txt,NONTERMINATING,"2,11",0,"65,88","67,99",2,NONTERMINATING,1,1,2,GNTA / GNTA
ATVA2026_benchmark/NON_TERM_LASSO//lasso_traces_Luxembourg-ArraysIntegefied.bpl/lasso_trace_1.txt,NONTERMINATING,"2,16",0,"43,12","45,28",3,NONTERMINATING,1,1,2,GNTA / GNTA
ATVA2026_benchmark/NON_TERM_LASSO//lasso_traces_Luxembourg-sophisticated.bpl/lasso_trace_1.txt,NONTERMINATING,"2,11",0,"81,4","83,51",2,NONTERMINATING,1,1,2,GNTA / GNTA
ATVA2026_benchmark/NON_TERM_LASSO//lasso_traces_Luxembourg.bpl/lasso_trace_1.txt,NONTERMINATING,"2,01",0,"68,07","70,08",2,NONTERMINATING,1,1,2,GNTA / GNTA
ATVA2026_benchmark/NON_TERM_LASSO//lasso_traces_LuxembourgOctopus.bpl/lasso_trace_1.txt,NONTERMINATING,"2,2",0,"73,89","76,09",2,NONTERMINATING,1,1,2,GNTA / GNTA
ATVA2026_benchmark/NON_TERM_LASSO//lasso_traces_Madrid_false-termination.c/lasso_trace_1.txt,NONTERMINATING,"2,8",0,0,"2,8",1,NONTERMINATING,5,1,6,Fixpoint / Fixpoint
ATVA2026_benchmark/NON_TERM_LASSO//lasso_traces_Madrid_no-overflow.c/lasso_trace_1.txt,NONTERMINATING,"3,03",0,0,"3,03",1,NONTERMINATING,5,1,6,Fixpoint / Fixpoint
ATVA2026_benchmark/NON_TERM_LASSO//lasso_traces_Madrid.bpl/lasso_trace_1.txt,NONTERMINATING,"1,53",0,0,"1,53",2,NONTERMINATING,2,1,3,Fixpoint / Fixpoint
ATVA2026_benchmark/NON_TERM_LASSO//lasso_traces_Madrid.c/lasso_trace_1.txt,NONTERMINATING,"3,2",0,0,"3,2",1,NONTERMINATING,5,1,6,Fixpoint / Fixpoint
ATVA2026_benchmark/NON_TERM_LASSO//lasso_traces_ManyFactsAboutX_LBE.bpl/lasso_trace_1.txt,NONTERMINATING,"2,03",0,"49,88","51,91",2,NONTERMINATING,1,1,2,GNTA / GNTA
ATVA2026_benchmark/NON_TERM_LASSO//lasso_traces_ManyInterpolants.bpl/lasso_trace_1.txt,NONTERMINATING,"2,97",0,0,"2,97",2,NONTERMINATING,1,3,4,Fixpoint / Fixpoint
ATVA2026_benchmark/NON_TERM_LASSO//lasso_traces_ManyInterpolants2.bpl/lasso_trace_2.txt,NONTERMINATING,"3,75",0,0,"3,75",2,NONTERMINATING,1,6,7,Fixpoint / Fixpoint
ATVA2026_benchmark/NON_TERM_LASSO//lasso_traces_map-aggr-update3.bpl/lasso_trace_2.txt,NONTERMINATING,"1,95",0,0,"1,95",2,NONTERMINATING,5,3,8,Fixpoint / Fixpoint
ATVA2026_benchmark/NON_TERM_LASSO//lasso_traces_Marbie1_false-no-overflow_false-termination.c/lasso_trace_1.txt,NONTERMINATING,"1,89",0,"91,26","93,15",2,NONTERMINATING,5,1,6,GNTA / GNTA
ATVA2026_benchmark/NON_TERM_LASSO//lasso_traces_Marbie1.c/lasso_trace_1.txt,NONTERMINATING,"1,89",0,"84,76","86,65",2,NONTERMINATING,5,1,6,GNTA / GNTA
ATVA2026_benchmark/NON_TERM_LASSO//lasso_traces_Marbie2_false-no-overflow_false-termination.c/lasso_trace_1.txt,NONTERMINATING,"1,91",0,"87,12","89,03",2,NONTERMINATING,5,1,6,GNTA / GNTA
ATVA2026_benchmark/NON_TERM_LASSO//lasso_traces_Marbie2.c/lasso_trace_1.txt,NONTERMINATING,"1,96",0,"86,2","88,16",3,NONTERMINATING,5,1,6,GNTA / GNTA
ATVA2026_benchmark/NON_TERM_LASSO//lasso_traces_max-array.c/lasso_trace_1.txt,NONTERMINATING,"3,71",0,0,"3,71",2,NONTERMINATING,0,3,3,Fixpoint / Fixpoint
ATVA2026_benchmark/NON_TERM_LASSO//lasso_traces_mem_slave_tlm.1_true-unreach-call_false-termination.cil.c/lasso_trace_10.txt,NONTERMINATING,"2,87",0,0,"2,87",5,NONTERMINATING,18,5,23,Fixpoint / Fixpoint
ATVA2026_benchmark/NON_TERM_LASSO//lasso_traces_mergesort-no-inv.c/lasso_trace_1.txt,NONTERMINATING,"3,19",0,0,"3,19",2,NONTERMINATING,1,1,2,Fixpoint / Fixpoint
ATVA2026_benchmark/NON_TERM_LASSO//lasso_traces_MicrosoftZuneBug_false-termination.bpl/lasso_trace_1.txt,NONTERMINATING,"4,84",0,0,"4,84",3,NONTERMINATING,1,5,6,Fixpoint / Fixpoint
ATVA2026_benchmark/NON_TERM_LASSO//lasso_traces_MicrosoftZuneBug_false-termination.c/lasso_trace_1.txt,NONTERMINATING,"3,22",0,0,"3,22",3,NONTERMINATING,5,5,10,Fixpoint / Fixpoint
ATVA2026_benchmark/NON_TERM_LASSO//lasso_traces_Middle_false-no-overflow_false-termination.c/lasso_trace_1.txt,NONTERMINATING,"2,06",0,"108,84","110,9",3,NONTERMINATING,5,1,6,GNTA / GNTA
ATVA2026_benchmark/NON_TERM_LASSO//lasso_traces_middle_rec.bpl/lasso_trace_1.txt,NONTERMINATING,"1,86",0,"136,98","138,84",3,NONTERMINATING,0,3,3,GNTA / GNTA
ATVA2026_benchmark/NON_TERM_LASSO//lasso_traces_Middle.c/lasso_trace_1.txt,NONTERMINATING,"2,08",0,"108,74","110,82",3,NONTERMINATING,5,1,6,GNTA / GNTA
ATVA2026_benchmark/NON_TERM_LASSO//lasso_traces_min-max-sample-2.bpl/lasso_trace_1.txt,NONTERMINATING,"4,04",0,0,"4,04",2,NONTERMINATING,4,2,6,Fixpoint / Fixpoint
ATVA2026_benchmark/NON_TERM_LASSO//lasso_traces_min-max-sample-abs-2.bpl/lasso_trace_1.txt,NONTERMINATING,"4,92",0,0,"4,92",2,NONTERMINATING,4,3,7,Fixpoint / Fixpoint
ATVA2026_benchmark/NON_TERM_LASSO//lasso_traces_min-max-sample-abs-nonatomic.bpl/lasso_trace_1.txt,NONTERMINATING,"3,82",0,0,"3,82",2,NONTERMINATING,3,3,6,Fixpoint / Fixpoint
ATVA2026_benchmark/NON_TERM_LASSO//lasso_traces_min-max-sample.bpl/lasso_trace_1.txt,NONTERMINATING,"3,23",0,0,"3,23",2,NONTERMINATING,3,2,5,Fixpoint / Fixpoint
ATVA2026_benchmark/NON_TERM_LASSO//lasso_traces_min-max-split-sample.bpl/lasso_trace_4.txt,NONTERMINATING,"1,83",0,0,"1,83",5,NONTERMINATING,8,4,12,Fixpoint / Fixpoint
ATVA2026_benchmark/NON_TERM_LASSO//lasso_traces_min2-max2-sample.bpl/lasso_trace_3.txt,NONTERMINATING,"1,85",0,0,"1,85",2,NONTERMINATING,5,2,7,Fixpoint / Fixpoint
ATVA2026_benchmark/NON_TERM_LASSO//lasso_traces_minepump_spec1_product01_true-unreach-call.cil.c/lasso_trace_2.txt,NONTERMINATING,"1,67",0,0,"1,67",4,NONTERMINATING,22,22,44,Fixpoint / Fixpoint
ATVA2026_benchmark/NON_TERM_LASSO//lasso_traces_MirabelleConcurrentIncrementNondetSeq.bpl/lasso_trace_1.txt,NONTERMINATING,"2,22",0,0,"2,22",2,NONTERMINATING,2,1,3,Fixpoint / Fixpoint
ATVA2026_benchmark/NON_TERM_LASSO//lasso_traces_MirrorInterv_false-no-overflow_false-termination.c/lasso_trace_1.txt,NONTERMINATING,"2,29",0,"118,25","120,54",6,NONTERMINATING,5,1,6,GNTA / GNTA
ATVA2026_benchmark/NON_TERM_LASSO//lasso_traces_MirrorInterv.c/lasso_trace_1.txt,NONTERMINATING,"2,12",0,"113,54","115,66",6,NONTERMINATING,5,1,6,GNTA / GNTA
ATVA2026_benchmark/NON_TERM_LASSO//lasso_traces_MirrorIntervSim_no-overflow.c/lasso_trace_1.txt,NONTERMINATING,4,0,0,4,2,NONTERMINATING,5,1,6,Fixpoint / Fixpoint
ATVA2026_benchmark/NON_TERM_LASSO//lasso_traces_MirrorIntervSim.c/lasso_trace_1.txt,NONTERMINATING,"3,74",0,0,"3,74",2,NONTERMINATING,5,1,6,Fixpoint / Fixpoint
ATVA2026_benchmark/NON_TERM_LASSO//lasso_traces_mixed.bpl/lasso_trace_1.txt,NONTERMINATING,"1,77",0,0,"1,77",1,NONTERMINATING,0,1,1,Fixpoint / Fixpoint
ATVA2026_benchmark/NON_TERM_LASSO//lasso_traces_Modulo-Ihringen-ModuloResolved.bpl/lasso_trace_1.txt,NONTERMINATING,"3,07",0,0,"3,07",1,NONTERMINATING,1,1,2,Fixpoint / Fixpoint
ATVA2026_benchmark/NON_TERM_LASSO//lasso_traces_Modulo-Ihringen.bpl/lasso_trace_1.txt,NONTERMINATING,"3,05",0,0,"3,05",1,NONTERMINATING,1,1,2,Fixpoint / Fixpoint
ATVA2026_benchmark/NON_TERM_LASSO//lasso_traces_ModuloInvariant-Breisach.bpl/lasso_trace_1.txt,NONTERMINATING,"1,91",0,"36,51","38,42",2,NONTERMINATING,1,1,2,GNTA / GNTA
ATVA2026_benchmark/NON_TERM_LASSO//lasso_traces_motivating.bpl/lasso_trace_1.txt,NONTERMINATING,"1,98",0,"61,96","63,94",2,NONTERMINATING,3,2,5,GNTA / GNTA
ATVA2026_benchmark/NON_TERM_LASSO//lasso_traces_MultipleSummaries01.bpl/lasso_trace_1.txt,NONTERMINATING,"2,72",0,0,"2,72",1,NONTERMINATING,3,1,4,Fixpoint / Fixpoint
ATVA2026_benchmark/NON_TERM_LASSO//lasso_traces_MutualRecursion_1a_false-termination.c/lasso_trace_3.txt,NONTERMINATING,"1,2",0,0,"1,2",2,NONTERMINATING,28,24,52,Fixpoint / Fixpoint
ATVA2026_benchmark/NON_TERM_LASSO//lasso_traces_MutualRecursion_1a_no-overflow.c/lasso_trace_3.txt,NONTERMINATING,"1,41",0,0,"1,41",2,NONTERMINATING,28,24,52,Fixpoint / Fixpoint
ATVA2026_benchmark/NON_TERM_LASSO//lasso_traces_MutualRecursion_1a.c/lasso_trace_3.txt,NONTERMINATING,"1,22",0,0,"1,22",2,NONTERMINATING,28,24,52,Fixpoint / Fixpoint
ATVA2026_benchmark/NON_TERM_LASSO//lasso_traces_n-1.t2.c/lasso_trace_1.txt,NONTERMINATING,"2,88",0,0,"2,88",2,NONTERMINATING,52,33,85,Fixpoint / Fixpoint
ATVA2026_benchmark/NON_TERM_LASSO//lasso_traces_n-10.t2.c/lasso_trace_1.txt,NONTERMINATING,"3,09",0,0,"3,09",2,NONTERMINATING,64,27,91,Fixpoint / Fixpoint
ATVA2026_benchmark/NON_TERM_LASSO//lasso_traces_n-12.t2.c/lasso_trace_1.txt,NONTERMINATING,"2,98",0,0,"2,98",1,NONTERMINATING,24,19,43,Fixpoint / Fixpoint
ATVA2026_benchmark/NON_TERM_LASSO//lasso_traces_n-12a.t2.c/lasso_trace_1.txt,NONTERMINATING,"3,18",0,0,"3,18",1,NONTERMINATING,20,9,29,Fixpoint / Fixpoint
ATVA2026_benchmark/NON_TERM_LASSO//lasso_traces_n-13.t2.c/lasso_trace_1.txt,NONTERMINATING,"1,86",0,"124,77","126,63",2,NONTERMINATING,20,9,29,GNTA / GNTA
ATVA2026_benchmark/NON_TERM_LASSO//lasso_traces_n-14.t2.c/lasso_trace_1.txt,NONTERMINATING,"2,98",0,0,"2,98",1,NONTERMINATING,24,19,43,Fixpoint / Fixpoint
ATVA2026_benchmark/NON_TERM_LASSO//lasso_traces_n-15.t2.c/lasso_trace_1.txt,NONTERMINATING,"1,82",0,"113,36","115,18",2,NONTERMINATING,16,9,25,GNTA / GNTA
ATVA2026_benchmark/NON_TERM_LASSO//lasso_traces_n-15a.t2.c/lasso_trace_2.txt,NONTERMINATING,"1,37",0,0,"1,37",2,NONTERMINATING,31,23,54,Fixpoint / Fixpoint
ATVA2026_benchmark/NON_TERM_LASSO//lasso_traces_n-16.t2.c/lasso_trace_1.txt,NONTERMINATING,"3,29",0,"118,72","122,01",2,NONTERMINATING,16,9,25,GNTA / GNTA
ATVA2026_benchmark/NON_TERM_LASSO//lasso_traces_n-16a.t2.c/lasso_trace_1.txt,NONTERMINATING,"2,74",0,0,"2,74",1,NONTERMINATING,24,9,33,Fixpoint / Fixpoint
ATVA2026_benchmark/NON_TERM_LASSO//lasso_traces_n-17.t2.c/lasso_trace_2.txt,NONTERMINATING,"0,49",0,"116,75","117,24",4,NONTERMINATING,23,13,36,GNTA / GNTA
ATVA2026_benchmark/NON_TERM_LASSO//lasso_traces_n-18.t2.c/lasso_trace_1.txt,NONTERMINATING,"1,84",0,"133,53","135,37",2,NONTERMINATING,20,9,29,GNTA / GNTA
ATVA2026_benchmark/NON_TERM_LASSO//lasso_traces_n-18a.t2.c/lasso_trace_1.txt,NONTERMINATING,"3,31",0,0,"3,31",1,NONTERMINATING,24,13,37,Fixpoint / Fixpoint
ATVA2026_benchmark/NON_TERM_LASSO//lasso_traces_n-1c.t2.c/lasso_trace_1.txt,NONTERMINATING,"3,33",0,0,"3,33",2,NONTERMINATING,56,27,83,Fixpoint / Fixpoint
ATVA2026_benchmark/NON_TERM_LASSO//lasso_traces_n-1d.t2.c/lasso_trace_1.txt,NONTERMINATING,"2,85",0,0,"2,85",2,NONTERMINATING,28,19,47,Fixpoint / Fixpoint
ATVA2026_benchmark/NON_TERM_LASSO//lasso_traces_n-20.t2.c/lasso_trace_1.txt,NONTERMINATING,"3,4",0,0,"3,4",2,NONTERMINATING,118,21,139,Fixpoint / Fixpoint
ATVA2026_benchmark/NON_TERM_LASSO//lasso_traces_n-21.t2.c/lasso_trace_1.txt,NONTERMINATING,"1,92",0,"168,87","170,79",2,NONTERMINATING,24,14,38,GNTA / GNTA
ATVA2026_benchmark/NON_TERM_LASSO//lasso_traces_n-3.t2.c/lasso_trace_1.txt,NONTERMINATING,"1,91",0,"154,81","156,72",2,NONTERMINATING,24,14,38,GNTA / GNTA
ATVA2026_benchmark/NON_TERM_LASSO//lasso_traces_n-32.t2.c/lasso_trace_1.txt,NONTERMINATING,"3,78",0,0,"3,78",1,NONTERMINATING,20,18,38,Fixpoint / Fixpoint
ATVA2026_benchmark/NON_TERM_LASSO//lasso_traces_n-33.t2.c/lasso_trace_1.txt,NONTERMINATING,"2,85",0,0,"2,85",2,NONTERMINATING,24,32,56,Fixpoint / Fixpoint
ATVA2026_benchmark/NON_TERM_LASSO//lasso_traces_n-36.t2.c/lasso_trace_1.txt,NONTERMINATING,"3,35",0,0,"3,35",2,NONTERMINATING,116,39,155,Fixpoint / Fixpoint
ATVA2026_benchmark/NON_TERM_LASSO//lasso_traces_n-37.t2.c/lasso_trace_1.txt,NONTERMINATING,"2,07",0,"241,77","243,84",2,NONTERMINATING,40,16,56,GNTA / GNTA
ATVA2026_benchmark/NON_TERM_LASSO//lasso_traces_n-3a.t2.c/lasso_trace_1.txt,NONTERMINATING,"2,77",0,0,"2,77",1,NONTERMINATING,28,21,49,Fixpoint / Fixpoint
ATVA2026_benchmark/NON_TERM_LASSO//lasso_traces_n-4.t2.c/lasso_trace_2.txt,NONTERMINATING,"1,47",0,0,"1,47",2,NONTERMINATING,48,15,63,Fixpoint / Fixpoint
ATVA2026_benchmark/NON_TERM_LASSO//lasso_traces_n-40.t2.c/lasso_trace_5.txt,NONTERMINATING,"0,29",0,"198,21","198,5",2,NONTERMINATING,32,29,61,GNTA / GNTA
ATVA2026_benchmark/NON_TERM_LASSO//lasso_traces_n-46.t2.c/lasso_trace_1.txt,NONTERMINATING,"1,91",0,"210,46","212,37",2,NONTERMINATING,43,8,51,GNTA / GNTA
ATVA2026_benchmark/NON_TERM_LASSO//lasso_traces_n-48.t2.c/lasso_trace_1.txt,NONTERMINATING,"1,7",0,"235,03","236,73",2,NONTERMINATING,49,13,62,GNTA / GNTA
ATVA2026_benchmark/NON_TERM_LASSO//lasso_traces_n-5.t2.c/lasso_trace_2.txt,NONTERMINATING,"1,55",0,0,"1,55",2,NONTERMINATING,95,28,123,Fixpoint / Fixpoint
ATVA2026_benchmark/NON_TERM_LASSO//lasso_traces_n-6.t2.c/lasso_trace_1.txt,NONTERMINATING,"1,77",0,"193,16","194,93",2,NONTERMINATING,28,19,47,GNTA / GNTA
ATVA2026_benchmark/NON_TERM_LASSO//lasso_traces_n-6a.t2.c/lasso_trace_2.txt,NONTERMINATING,"1,64",0,0,"1,64",2,NONTERMINATING,39,26,65,Fixpoint / Fixpoint
ATVA2026_benchmark/NON_TERM_LASSO//lasso_traces_n-7.t2.c/lasso_trace_2.txt,NONTERMINATING,"1,81",0,"203,67","205,48",3,NONTERMINATING,28,25,53,GNTA / GNTA
ATVA2026_benchmark/NON_TERM_LASSO//lasso_traces_n-8.t2.c/lasso_trace_1.txt,NONTERMINATING,"3,28",0,0,"3,28",2,NONTERMINATING,48,23,71,Fixpoint / Fixpoint
ATVA2026_benchmark/NON_TERM_LASSO//lasso_traces_n-8a.t2.c/lasso_trace_1.txt,NONTERMINATING,"3,25",0,0,"3,25",2,NONTERMINATING,44,17,61,Fixpoint / Fixpoint
ATVA2026_benchmark/NON_TERM_LASSO//lasso_traces_n-9.t2.c/lasso_trace_1.txt,NONTERMINATING,"3,29",0,0,"3,29",2,NONTERMINATING,48,27,75,Fixpoint / Fixpoint
ATVA2026_benchmark/NON_TERM_LASSO//lasso_traces_nav01.bpl/lasso_trace_1.txt,NONTERMINATING,"4,08",0,0,"4,08",2,NONTERMINATING,1,2,3,Fixpoint / Fixpoint
ATVA2026_benchmark/NON_TERM_LASSO//lasso_traces_nav04_phaver.bpl/lasso_trace_1.txt,NONTERMINATING,"5,2",0,0,"5,2",3,NONTERMINATING,1,2,3,Fixpoint / Fixpoint
ATVA2026_benchmark/NON_TERM_LASSO//lasso_traces_nav04.bpl/lasso_trace_1.txt,NONTERMINATING,"5,2",0,0,"5,2",3,NONTERMINATING,1,2,3,Fixpoint / Fixpoint
ATVA2026_benchmark/NON_TERM_LASSO//lasso_traces_Nconcurrent_FourLoopsAlternating_nonterminating.bpl/lasso_trace_8.txt,NONTERMINATING,"1,2",0,0,"1,2",2,NONTERMINATING,5,8,13,Fixpoint / Fixpoint
ATVA2026_benchmark/NON_TERM_LASSO//lasso_traces_Nconcurrent_ThreeThreadsComplexAlternation_nonterminating.bpl/lasso_trace_6.txt,NONTERMINATING,"1,11",0,0,"1,11",2,NONTERMINATING,15,12,27,Fixpoint / Fixpoint
ATVA2026_benchmark/NON_TERM_LASSO//lasso_traces_neg-1394complete-fail.t2.c/lasso_trace_7.txt,NONTERMINATING,"1,95",0,0,"1,95",3,NONTERMINATING,391,8,399,Fixpoint / Fixpoint
ATVA2026_benchmark/NON_TERM_LASSO//lasso_traces_neg-1394complete-succeed.t2.c/lasso_trace_4.txt,NONTERMINATING,"2,17",0,0,"2,17",3,NONTERMINATING,344,26,370,Fixpoint / Fixpoint
ATVA2026_benchmark/NON_TERM_LASSO//lasso_traces_neg-e-1394complete-fail.t2.c/lasso_trace_4.txt,NONTERMINATING,"2,43",0,0,"2,43",3,NONTERMINATING,320,26,346,Fixpoint / Fixpoint
ATVA2026_benchmark/NON_TERM_LASSO//lasso_traces_neg-e-1394complete-succeed.t2.c/lasso_trace_4.txt,NONTERMINATING,"2,14",0,0,"2,14",3,NONTERMINATING,320,26,346,Fixpoint / Fixpoint
ATVA2026_benchmark/NON_TERM_LASSO//lasso_traces_neg-e-acqrel-fail.t2.c/lasso_trace_1.txt,NONTERMINATING,3,0,0,3,2,NONTERMINATING,40,30,70,Fixpoint / Fixpoint
ATVA2026_benchmark/NON_TERM_LASSO//lasso_traces_neg-e-acqrel-succeed.t2.c/lasso_trace_2.txt,NONTERMINATING,"2,62",0,0,"2,62",1,NONTERMINATING,49,8,57,Fixpoint / Fixpoint
ATVA2026_benchmark/NON_TERM_LASSO//lasso_traces_neg-e-pgarch-fail.t2.c/lasso_trace_2.txt,NONTERMINATING,"3,02",0,0,"3,02",2,NONTERMINATING,90,8,98,Fixpoint / Fixpoint
ATVA2026_benchmark/NON_TERM_LASSO//lasso_traces_neg-e-pgarch-succeed.t2.c/lasso_trace_1.txt,NONTERMINATING,"3,03",0,0,"3,03",2,NONTERMINATING,82,8,90,Fixpoint / Fixpoint
ATVA2026_benchmark/NON_TERM_LASSO//lasso_traces_neg-e-popl07-succeed.t2.c/lasso_trace_3.txt,NONTERMINATING,"1,17",0,0,"1,17",2,NONTERMINATING,151,8,159,Fixpoint / Fixpoint
ATVA2026_benchmark/NON_TERM_LASSO//lasso_traces_neg-pgarch-succeed.t2.c/lasso_trace_2.txt,NONTERMINATING,"0,94",0,0,"0,94",2,NONTERMINATING,102,8,110,Fixpoint / Fixpoint
ATVA2026_benchmark/NON_TERM_LASSO//lasso_traces_neg-popl07-fail.t2.c/lasso_trace_2.txt,NONTERMINATING,"1,38",0,0,"1,38",2,NONTERMINATING,129,8,137,Fixpoint / Fixpoint
ATVA2026_benchmark/NON_TERM_LASSO//lasso_traces_neg-popl07-succeed.t2.c/lasso_trace_2.txt,NONTERMINATING,"2,03",0,0,"2,03",2,NONTERMINATING,146,8,154,Fixpoint / Fixpoint
ATVA2026_benchmark/NON_TERM_LASSO//lasso_traces_neg-smagilla-fail.t2.c/lasso_trace_11.txt,NONTERMINATING,"0,97",0,0,"0,97",2,NONTERMINATING,205,8,213,Fixpoint / Fixpoint
ATVA2026_benchmark/NON_TERM_LASSO//lasso_traces_neg-smagilla-succeed.t2.c/lasso_trace_7.txt,NONTERMINATING,"0,66",0,0,"0,66",2,NONTERMINATING,133,8,141,Fixpoint / Fixpoint
ATVA2026_benchmark/NON_TERM_LASSO//lasso_traces_Nest.bpl/lasso_trace_1.txt,NONTERMINATING,"1,61",0,"114,62","116,23",2,NONTERMINATING,0,3,3,GNTA / GNTA
ATVA2026_benchmark/NON_TERM_LASSO//lasso_traces_NestedRecursion_1a_false-termination.c/lasso_trace_2.txt,NONTERMINATING,"2,58",0,0,"2,58",1,NONTERMINATING,6,27,33,Fixpoint / Fixpoint
ATVA2026_benchmark/NON_TERM_LASSO//lasso_traces_NestedRecursion_1a-1_no-overflow.c/lasso_trace_2.txt,NONTERMINATING,"2,78",0,0,"2,78",1,NONTERMINATING,6,27,33,Fixpoint / Fixpoint
ATVA2026_benchmark/NON_TERM_LASSO//lasso_traces_NestedRecursion_1a-1.c/lasso_trace_2.txt,NONTERMINATING,"2,64",0,0,"2,64",1,NONTERMINATING,6,27,33,Fixpoint / Fixpoint
ATVA2026_benchmark/NON_TERM_LASSO//lasso_traces_NestedRecursion_1a-2_no-overflow.c/lasso_trace_2.txt,NONTERMINATING,"2,79",0,0,"2,79",2,NONTERMINATING,7,27,34,Fixpoint / Fixpoint
ATVA2026_benchmark/NON_TERM_LASSO//lasso_traces_NestedRecursion_1a-2.c/lasso_trace_2.txt,NONTERMINATING,"2,63",0,0,"2,63",1,NONTERMINATING,7,27,34,Fixpoint / Fixpoint
ATVA2026_benchmark/NON_TERM_LASSO//lasso_traces_NestedRecursion_2a_false-termination.c/lasso_trace_1.txt,NONTERMINATING,"1,81",0,"141,08","142,89",2,NONTERMINATING,6,3,9,GNTA / GNTA
ATVA2026_benchmark/NON_TERM_LASSO//lasso_traces_NestedRecursion_2a_no-overflow.c/lasso_trace_1.txt,NONTERMINATING,"1,88",0,"143,03","144,91",2,NONTERMINATING,6,3,9,GNTA / GNTA
ATVA2026_benchmark/NON_TERM_LASSO//lasso_traces_NestedRecursion_2a.c/lasso_trace_1.txt,NONTERMINATING,"1,8",0,"145,73","147,53",3,NONTERMINATING,6,3,9,GNTA / GNTA
ATVA2026_benchmark/NON_TERM_LASSO//lasso_traces_NestedRecursion_2b_false-termination.c/lasso_trace_4.txt,NONTERMINATING,"1,1",0,0,"1,1",2,NONTERMINATING,14,12,26,Fixpoint / Fixpoint
ATVA2026_benchmark/NON_TERM_LASSO//lasso_traces_NestedRecursion_2b_no-overflow.c/lasso_trace_4.txt,NONTERMINATING,"1,15",0,0,"1,15",2,NONTERMINATING,14,12,26,Fixpoint / Fixpoint
ATVA2026_benchmark/NON_TERM_LASSO//lasso_traces_NestedRecursion_2b.c/lasso_trace_4.txt,NONTERMINATING,"1,47",0,0,"1,47",2,NONTERMINATING,14,12,26,Fixpoint / Fixpoint
ATVA2026_benchmark/NON_TERM_LASSO//lasso_traces_nestedWhileSimple-Safe.bpl/lasso_trace_1.txt,NONTERMINATING,"1,98",0,"38,58","40,56",2,NONTERMINATING,1,2,3,GNTA / GNTA
ATVA2026_benchmark/NON_TERM_LASSO//lasso_traces_NO_00_no-overflow.c/lasso_trace_1.txt,NONTERMINATING,"2,92",0,0,"2,92",1,NONTERMINATING,5,1,6,Fixpoint / Fixpoint
ATVA2026_benchmark/NON_TERM_LASSO//lasso_traces_NO_00.bpl/lasso_trace_1.txt,NONTERMINATING,"2,78",0,0,"2,78",2,NONTERMINATING,1,1,2,Fixpoint / Fixpoint
ATVA2026_benchmark/NON_TERM_LASSO//lasso_traces_NO_00.c/lasso_trace_1.txt,NONTERMINATING,"2,73",0,0,"2,73",2,NONTERMINATING,5,1,6,Fixpoint / Fixpoint
ATVA2026_benchmark/NON_TERM_LASSO//lasso_traces_NO_01_no-overflow.c/lasso_trace_2.txt,NONTERMINATING,"0,96",0,0,"0,96",2,NONTERMINATING,8,1,9,Fixpoint / Fixpoint
ATVA2026_benchmark/NON_TERM_LASSO//lasso_traces_NO_01.c/lasso_trace_2.txt,NONTERMINATING,"1,22",0,0,"1,22",1,NONTERMINATING,8,1,9,Fixpoint / Fixpoint
ATVA2026_benchmark/NON_TERM_LASSO//lasso_traces_NO_02_no-overflow.c/lasso_trace_2.txt,NONTERMINATING,"2,59",0,0,"2,59",1,NONTERMINATING,6,1,7,Fixpoint / Fixpoint
ATVA2026_benchmark/NON_TERM_LASSO//lasso_traces_NO_02.bpl/lasso_trace_2.txt,NONTERMINATING,"3,25",0,0,"3,25",1,NONTERMINATING,2,1,3,Fixpoint / Fixpoint
ATVA2026_benchmark/NON_TERM_LASSO//lasso_traces_NO_02.c/lasso_trace_2.txt,NONTERMINATING,"3,06",0,0,"3,06",2,NONTERMINATING,6,1,7,Fixpoint / Fixpoint
ATVA2026_benchmark/NON_TERM_LASSO//lasso_traces_NO_03_no-overflow.c/lasso_trace_2.txt,NONTERMINATING,"4,1",0,0,"4,1",2,NONTERMINATING,5,3,8,Fixpoint / Fixpoint
ATVA2026_benchmark/NON_TERM_LASSO//lasso_traces_NO_03.bpl/lasso_trace_2.txt,NONTERMINATING,"2,32",0,0,"2,32",1,NONTERMINATING,1,3,4,Fixpoint / Fixpoint
ATVA2026_benchmark/NON_TERM_LASSO//lasso_traces_NO_03.c/lasso_trace_2.txt,NONTERMINATING,"2,26",0,0,"2,26",1,NONTERMINATING,5,3,8,Fixpoint / Fixpoint
ATVA2026_benchmark/NON_TERM_LASSO//lasso_traces_NO_04_no-overflow.c/lasso_trace_5.txt,NONTERMINATING,"1,23",0,0,"1,23",2,NONTERMINATING,9,1,10,Fixpoint / Fixpoint
ATVA2026_benchmark/NON_TERM_LASSO//lasso_traces_NO_04.bpl/lasso_trace_7.txt,NONTERMINATING,"1,06",0,0,"1,06",2,NONTERMINATING,5,1,6,Fixpoint / Fixpoint
ATVA2026_benchmark/NON_TERM_LASSO//lasso_traces_NO_04.c/lasso_trace_5.txt,NONTERMINATING,"1,39",0,0,"1,39",2,NONTERMINATING,9,1,10,Fixpoint / Fixpoint
ATVA2026_benchmark/NON_TERM_LASSO//lasso_traces_NO_05.bpl/lasso_trace_68.txt,NONTERMINATING,"0,57",0,0,"0,57",1,NONTERMINATING,354,1,355,Fixpoint / Fixpoint
ATVA2026_benchmark/NON_TERM_LASSO//lasso_traces_NO_10_false-no-overflow_false-termination.c/lasso_trace_1.txt,NONTERMINATING,"1,96",0,"83,86","85,82",2,NONTERMINATING,5,1,6,GNTA / GNTA
ATVA2026_benchmark/NON_TERM_LASSO//lasso_traces_NO_10.bpl/lasso_trace_1.txt,NONTERMINATING,"1,85",0,"57,07","58,92",2,NONTERMINATING,1,1,2,GNTA / GNTA
ATVA2026_benchmark/NON_TERM_LASSO//lasso_traces_NO_10.c/lasso_trace_1.txt,NONTERMINATING,"1,89",0,"76,47","78,36",2,NONTERMINATING,5,1,6,GNTA / GNTA
ATVA2026_benchmark/NON_TERM_LASSO//lasso_traces_NO_20.bpl/lasso_trace_1.txt,NONTERMINATING,"1,75",0,0,"1,75",1,NONTERMINATING,1,1,2,Fixpoint / Fixpoint
ATVA2026_benchmark/NON_TERM_LASSO//lasso_traces_NO_21_no-overflow.c/lasso_trace_1.txt,NONTERMINATING,"2,74",0,0,"2,74",1,NONTERMINATING,5,1,6,Fixpoint / Fixpoint
ATVA2026_benchmark/NON_TERM_LASSO//lasso_traces_NO_21.bpl/lasso_trace_1.txt,NONTERMINATING,"2,94",0,0,"2,94",2,NONTERMINATING,1,1,2,Fixpoint / Fixpoint
ATVA2026_benchmark/NON_TERM_LASSO//lasso_traces_NO_21.c/lasso_trace_1.txt,NONTERMINATING,"2,67",0,0,"2,67",1,NONTERMINATING,5,1,6,Fixpoint / Fixpoint
ATVA2026_benchmark/NON_TERM_LASSO//lasso_traces_noInlineTest.bpl/lasso_trace_1.txt,NONTERMINATING,"1,77",0,"72,54","74,31",2,NONTERMINATING,3,8,11,GNTA / GNTA
ATVA2026_benchmark/NON_TERM_LASSO//lasso_traces_non_term.t2.c/lasso_trace_1.txt,NONTERMINATING,"1,61",0,"144,35","145,96",2,NONTERMINATING,22,13,35,GNTA / GNTA
ATVA2026_benchmark/NON_TERM_LASSO//lasso_traces_NonterminatingForLoopSafe.c/lasso_trace_1.txt,NONTERMINATING,"2,79",0,0,"2,79",1,NONTERMINATING,5,2,7,Fixpoint / Fixpoint
ATVA2026_benchmark/NON_TERM_LASSO//lasso_traces_NonTermination3_false-termination_true-valid-memsafety.c/lasso_trace_2.txt,NONTERMINATING,"3,28",0,0,"3,28",2,NONTERMINATING,5,5,10,Fixpoint / Fixpoint
ATVA2026_benchmark/NON_TERM_LASSO//lasso_traces_NonTermination3_false-termination.c/lasso_trace_2.txt,NONTERMINATING,"3,35",0,0,"3,35",3,NONTERMINATING,5,5,10,Fixpoint / Fixpoint
ATVA2026_benchmark/NON_TERM_LASSO//lasso_traces_NonTermination3.bpl/lasso_trace_1.txt,NONTERMINATING,"2,79",0,0,"2,79",2,NONTERMINATING,0,1,1,Fixpoint / Fixpoint
ATVA2026_benchmark/NON_TERM_LASSO//lasso_traces_NonterminationDifficult05_ComplexEigenvalues.bpl/lasso_trace_1.txt,NONTERMINATING,"1,9",0,"37,34","39,24",2,NONTERMINATING,0,1,1,GNTA / GNTA
ATVA2026_benchmark/NON_TERM_LASSO//lasso_traces_NonTerminationFixedPoint.bpl/lasso_trace_1.txt,NONTERMINATING,"3,03",0,0,"3,03",1,NONTERMINATING,0,1,1,Fixpoint / Fixpoint
ATVA2026_benchmark/NON_TERM_LASSO//lasso_traces_NonTerminationPartitioned.bpl/lasso_trace_1.txt,NONTERMINATING,"1,73",0,"70,95","72,68",2,NONTERMINATING,0,1,1,GNTA / GNTA
ATVA2026_benchmark/NON_TERM_LASSO//lasso_traces_NonTerminationSimple.bpl/lasso_trace_1.txt,NONTERMINATING,"2,12",0,0,"2,12",1,NONTERMINATING,0,1,1,Fixpoint / Fixpoint
ATVA2026_benchmark/NON_TERM_LASSO//lasso_traces_NonTerminationSimple2_false-termination.c/lasso_trace_1.txt,NONTERMINATING,"2,14",0,"89,81","91,95",2,NONTERMINATING,5,1,6,GNTA / GNTA
ATVA2026_benchmark/NON_TERM_LASSO//lasso_traces_NonTerminationSimple2_no-overflow.c/lasso_trace_1.txt,NONTERMINATING,"2,19",0,"92,66","94,85",2,NONTERMINATING,5,1,6,GNTA / GNTA
ATVA2026_benchmark/NON_TERM_LASSO//lasso_traces_NonTerminationSimple2.bpl/lasso_trace_1.txt,NONTERMINATING,"1,7",0,"37,12","38,82",2,NONTERMINATING,0,1,1,GNTA / GNTA
ATVA2026_benchmark/NON_TERM_LASSO//lasso_traces_NonTerminationSimple2.c/lasso_trace_1.txt,NONTERMINATING,"2,05",0,"89,58","91,63",2,NONTERMINATING,5,1,6,GNTA / GNTA
ATVA2026_benchmark/NON_TERM_LASSO//lasso_traces_NonTerminationSimple3_false-termination.c/lasso_trace_1.txt,NONTERMINATING,"3,12",0,0,"3,12",1,NONTERMINATING,5,1,6,Fixpoint / Fixpoint
ATVA2026_benchmark/NON_TERM_LASSO//lasso_traces_NonTerminationSimple3_no-overflow.c/lasso_trace_1.txt,NONTERMINATING,"3,54",0,0,"3,54",2,NONTERMINATING,5,1,6,Fixpoint / Fixpoint
ATVA2026_benchmark/NON_TERM_LASSO//lasso_traces_NonTerminationSimple3.bpl/lasso_trace_1.txt,NONTERMINATING,"3,07",0,0,"3,07",1,NONTERMINATING,0,1,1,Fixpoint / Fixpoint
ATVA2026_benchmark/NON_TERM_LASSO//lasso_traces_NonTerminationSimple3.c/lasso_trace_1.txt,NONTERMINATING,"3,98",0,0,"3,98",2,NONTERMINATING,5,1,6,Fixpoint / Fixpoint
ATVA2026_benchmark/NON_TERM_LASSO//lasso_traces_NonTerminationSimple4_false-termination.c/lasso_trace_1.txt,NONTERMINATING,"1,72",0,"116,82","118,54",2,NONTERMINATING,6,1,7,GNTA / GNTA
ATVA2026_benchmark/NON_TERM_LASSO//lasso_traces_NonTerminationSimple4_no-overflow.c/lasso_trace_1.txt,NONTERMINATING,"2,18",0,"125,78","127,96",2,NONTERMINATING,6,1,7,GNTA / GNTA
ATVA2026_benchmark/NON_TERM_LASSO//lasso_traces_NonTerminationSimple4.bpl/lasso_trace_1.txt,NONTERMINATING,2,0,"49,07","51,07",2,NONTERMINATING,1,1,2,GNTA / GNTA
ATVA2026_benchmark/NON_TERM_LASSO//lasso_traces_NonTerminationSimple4.c/lasso_trace_1.txt,NONTERMINATING,"1,83",0,"129,08","130,91",3,NONTERMINATING,6,1,7,GNTA / GNTA
ATVA2026_benchmark/NON_TERM_LASSO//lasso_traces_NonTerminationSimple5_false-termination.c/lasso_trace_1.txt,NONTERMINATING,"1,75",0,"109,96","111,71",3,NONTERMINATING,5,1,6,GNTA / GNTA
ATVA2026_benchmark/NON_TERM_LASSO//lasso_traces_NonTerminationSimple5_no-overflow.c/lasso_trace_1.txt,NONTERMINATING,"1,92",0,"106,85","108,77",3,NONTERMINATING,5,1,6,GNTA / GNTA
ATVA2026_benchmark/NON_TERM_LASSO//lasso_traces_NonTerminationSimple5.bpl/lasso_trace_1.txt,NONTERMINATING,"1,79",0,"41,73","43,52",2,NONTERMINATING,0,1,1,GNTA / GNTA
ATVA2026_benchmark/NON_TERM_LASSO//lasso_traces_NonTerminationSimple5.c/lasso_trace_1.txt,NONTERMINATING,"1,83",0,"108,43","110,26",3,NONTERMINATING,5,1,6,GNTA / GNTA
ATVA2026_benchmark/NON_TERM_LASSO//lasso_traces_NonTerminationSimple6_false-termination.c/lasso_trace_1.txt,NONTERMINATING,"1,62",0,"99,05","100,67",2,NONTERMINATING,5,1,6,GNTA / GNTA
ATVA2026_benchmark/NON_TERM_LASSO//lasso_traces_NonTerminationSimple6_no-overflow.c/lasso_trace_1.txt,NONTERMINATING,"1,88",0,"89,3","91,18",2,NONTERMINATING,5,1,6,GNTA / GNTA
ATVA2026_benchmark/NON_TERM_LASSO//lasso_traces_NonTerminationSimple6.bpl/lasso_trace_1.txt,NONTERMINATING,"1,94",0,"39,29","41,23",2,NONTERMINATING,1,1,2,GNTA / GNTA
ATVA2026_benchmark/NON_TERM_LASSO//lasso_traces_NonTerminationSimple6.c/lasso_trace_1.txt,NONTERMINATING,"2,26",0,"97,43","99,69",2,NONTERMINATING,5,1,6,GNTA / GNTA
ATVA2026_benchmark/NON_TERM_LASSO//lasso_traces_NonTerminationSimple7_false-termination.c/lasso_trace_1.txt,NONTERMINATING,"2,81",0,0,"2,81",2,NONTERMINATING,6,1,7,Fixpoint / Fixpoint
ATVA2026_benchmark/NON_TERM_LASSO//lasso_traces_NonTerminationSimple7_no-overflow.c/lasso_trace_1.txt,NONTERMINATING,"2,97",0,0,"2,97",2,NONTERMINATING,6,1,7,Fixpoint / Fixpoint
ATVA2026_benchmark/NON_TERM_LASSO//lasso_traces_NonTerminationSimple7.bpl/lasso_trace_1.txt,NONTERMINATING,"2,9",0,0,"2,9",1,NONTERMINATING,1,1,2,Fixpoint / Fixpoint
ATVA2026_benchmark/NON_TERM_LASSO//lasso_traces_NonTerminationSimple7.c/lasso_trace_1.txt,NONTERMINATING,"4,65",0,0,"4,65",2,NONTERMINATING,6,1,7,Fixpoint / Fixpoint
ATVA2026_benchmark/NON_TERM_LASSO//lasso_traces_NonTerminationSimple8_false-termination.c/lasso_trace_1.txt,NONTERMINATING,"2,02",0,"115,77","117,79",5,NONTERMINATING,5,1,6,GNTA / GNTA
ATVA2026_benchmark/NON_TERM_LASSO//lasso_traces_NonTerminationSimple8_no-overflow.c/lasso_trace_1.txt,NONTERMINATING,"2,16",0,"113,67","115,83",5,NONTERMINATING,5,1,6,GNTA / GNTA
ATVA2026_benchmark/NON_TERM_LASSO//lasso_traces_NonTerminationSimple8.bpl/lasso_trace_1.txt,NONTERMINATING,"1,89",0,"40,37","42,26",2,NONTERMINATING,0,2,2,GNTA / GNTA
ATVA2026_benchmark/NON_TERM_LASSO//lasso_traces_NonTerminationSimple8.c/lasso_trace_1.txt,NONTERMINATING,"1,97",0,"111,65","113,62",5,NONTERMINATING,5,1,6,GNTA / GNTA
ATVA2026_benchmark/NON_TERM_LASSO//lasso_traces_NonTerminationSimple9_false-termination.c/lasso_trace_1.txt,NONTERMINATING,"3,41",0,0,"3,41",1,NONTERMINATING,5,1,6,Fixpoint / Fixpoint
ATVA2026_benchmark/NON_TERM_LASSO//lasso_traces_NonTerminationSimple9_no-overflow.c/lasso_trace_1.txt,NONTERMINATING,"3,16",0,0,"3,16",1,NONTERMINATING,5,1,6,Fixpoint / Fixpoint
ATVA2026_benchmark/NON_TERM_LASSO//lasso_traces_NonTerminationSimple9.bpl/lasso_trace_1.txt,NONTERMINATING,"2,76",0,0,"2,76",1,NONTERMINATING,0,1,1,Fixpoint / Fixpoint
ATVA2026_benchmark/NON_TERM_LASSO//lasso_traces_NonTerminationSimple9.c/lasso_trace_1.txt,NONTERMINATING,"3,76",0,0,"3,76",1,NONTERMINATING,5,1,6,Fixpoint / Fixpoint
ATVA2026_benchmark/NON_TERM_LASSO//lasso_traces_NonTerminationSwap.bpl/lasso_trace_1.txt,NONTERMINATING,"1,74",0,"41,82","43,56",2,NONTERMINATING,0,1,1,GNTA / GNTA
ATVA2026_benchmark/NON_TERM_LASSO//lasso_traces_noOrEndlessLoop4Vars.bpl/lasso_trace_1.txt,NONTERMINATING,"1,99",0,"121,68","123,67",2,NONTERMINATING,0,1,1,GNTA / GNTA
ATVA2026_benchmark/NON_TERM_LASSO//lasso_traces_NoProgenitorBug01.bpl/lasso_trace_1.txt,NONTERMINATING,"3,09",0,0,"3,09",1,NONTERMINATING,1,1,2,Fixpoint / Fixpoint
ATVA2026_benchmark/NON_TERM_LASSO//lasso_traces_noReturn01.c/lasso_trace_1.txt,NONTERMINATING,"2,73",0,0,"2,73",1,NONTERMINATING,5,1,6,Fixpoint / Fixpoint
ATVA2026_benchmark/NON_TERM_LASSO//lasso_traces_noReturn02.c/lasso_trace_1.txt,NONTERMINATING,"2,76",0,0,"2,76",1,NONTERMINATING,5,1,6,Fixpoint / Fixpoint
ATVA2026_benchmark/NON_TERM_LASSO//lasso_traces_not-02-false_termination.c/lasso_trace_1.txt,NONTERMINATING,"3,91",0,0,"3,91",1,NONTERMINATING,5,1,6,Fixpoint / Fixpoint
ATVA2026_benchmark/NON_TERM_LASSO//lasso_traces_not-02-false.c/lasso_trace_1.txt,NONTERMINATING,"2,99",0,0,"2,99",1,NONTERMINATING,5,1,6,Fixpoint / Fixpoint
ATVA2026_benchmark/NON_TERM_LASSO//lasso_traces_not-03-false_termination.c/lasso_trace_1.txt,NONTERMINATING,"2,88",0,0,"2,88",2,NONTERMINATING,5,1,6,Fixpoint / Fixpoint
ATVA2026_benchmark/NON_TERM_LASSO//lasso_traces_not-03-false.c/lasso_trace_1.txt,NONTERMINATING,"2,83",0,0,"2,83",2,NONTERMINATING,5,1,6,Fixpoint / Fixpoint
ATVA2026_benchmark/NON_TERM_LASSO//lasso_traces_not-04-false_termination.c/lasso_trace_1.txt,NONTERMINATING,"3,3",0,0,"3,3",1,NONTERMINATING,5,1,6,Fixpoint / Fixpoint
ATVA2026_benchmark/NON_TERM_LASSO//lasso_traces_not-04-false.c/lasso_trace_1.txt,NONTERMINATING,"3,31",0,0,"3,31",1,NONTERMINATING,5,1,6,Fixpoint / Fixpoint
ATVA2026_benchmark/NON_TERM_LASSO//lasso_traces_not-05-false_termination.c/lasso_trace_1.txt,NONTERMINATING,"3,73",0,0,"3,73",1,NONTERMINATING,5,1,6,Fixpoint / Fixpoint
ATVA2026_benchmark/NON_TERM_LASSO//lasso_traces_not-05-false.c/lasso_trace_1.txt,NONTERMINATING,"3,68",0,0,"3,68",1,NONTERMINATING,5,1,6,Fixpoint / Fixpoint
ATVA2026_benchmark/NON_TERM_LASSO//lasso_traces_nullProgramm.bpl/lasso_trace_1.txt,NONTERMINATING,"1,82",0,"35,67","37,49",1,NONTERMINATING,1,1,2,GNTA / GNTA
ATVA2026_benchmark/NON_TERM_LASSO//lasso_traces_OatFlakesBread.bpl/lasso_trace_1.txt,NONTERMINATING,"2,84",0,0,"2,84",1,NONTERMINATING,2,1,3,Fixpoint / Fixpoint
ATVA2026_benchmark/NON_TERM_LASSO//lasso_traces_oct_vs_subpoly.t2.c/lasso_trace_1.txt,NONTERMINATING,"2,24",0,"170,56","172,8",2,NONTERMINATING,20,12,32,GNTA / GNTA
ATVA2026_benchmark/NON_TERM_LASSO//lasso_traces_OctagonTest_InOut.bpl/lasso_trace_1.txt,NONTERMINATING,"1,64",0,0,"1,64",1,NONTERMINATING,2,1,3,Fixpoint / Fixpoint
ATVA2026_benchmark/NON_TERM_LASSO//lasso_traces_Octopussy.bpl/lasso_trace_1.txt,NONTERMINATING,"1,92",0,"70,71","72,63",2,NONTERMINATING,1,1,2,GNTA / GNTA
ATVA2026_benchmark/NON_TERM_LASSO//lasso_traces_OnlyRequires01.bpl/lasso_trace_1.txt,NONTERMINATING,"1,67",0,0,"1,67",1,NONTERMINATING,4,3,7,Fixpoint / Fixpoint
ATVA2026_benchmark/NON_TERM_LASSO//lasso_traces_OnlyRequires02.bpl/lasso_trace_1.txt,NONTERMINATING,"1,55",0,0,"1,55",1,NONTERMINATING,4,3,7,Fixpoint / Fixpoint
ATVA2026_benchmark/NON_TERM_LASSO//lasso_traces_or-01-false_no-overflow.c/lasso_trace_1.txt,NONTERMINATING,"8,65",0,"120,87","129,52",6,NONTERMINATING,5,1,6,GNTA / GNTA
ATVA2026_benchmark/NON_TERM_LASSO//lasso_traces_or-01-false.c/lasso_trace_1.txt,NONTERMINATING,"2,28",0,"83,27","85,55",6,NONTERMINATING,5,1,6,GNTA / GNTA
ATVA2026_benchmark/NON_TERM_LASSO//lasso_traces_or-04_termination.c/lasso_trace_3.txt,NONTERMINATING,"2,09",0,0,"2,09",2,NONTERMINATING,6,1,7,Fixpoint / Fixpoint
ATVA2026_benchmark/NON_TERM_LASSO//lasso_traces_or-04.c/lasso_trace_3.txt,NONTERMINATING,"1,96",0,0,"1,96",2,NONTERMINATING,6,1,7,Fixpoint / Fixpoint
ATVA2026_benchmark/NON_TERM_LASSO//lasso_traces_or-05_termination.c/lasso_trace_1.txt,NONTERMINATING,"2,19",0,0,"2,19",2,NONTERMINATING,6,1,7,Fixpoint / Fixpoint
ATVA2026_benchmark/NON_TERM_LASSO//lasso_traces_or-05-false_termination.c/lasso_trace_1.txt,NONTERMINATING,"2,02",0,0,"2,02",2,NONTERMINATING,6,1,7,Fixpoint / Fixpoint
ATVA2026_benchmark/NON_TERM_LASSO//lasso_traces_or-05-false.c/lasso_trace_1.txt,NONTERMINATING,"1,81",0,0,"1,81",2,NONTERMINATING,6,1,7,Fixpoint / Fixpoint
ATVA2026_benchmark/NON_TERM_LASSO//lasso_traces_or-05.c/lasso_trace_1.txt,NONTERMINATING,"1,63",0,0,"1,63",2,NONTERMINATING,6,1,7,Fixpoint / Fixpoint
ATVA2026_benchmark/NON_TERM_LASSO//lasso_traces_p-1.t2.c/lasso_trace_1.txt,NONTERMINATING,"3,61",0,0,"3,61",2,NONTERMINATING,52,25,77,Fixpoint / Fixpoint
ATVA2026_benchmark/NON_TERM_LASSO//lasso_traces_p-10.t2.c/lasso_trace_1.txt,NONTERMINATING,3,0,0,3,2,NONTERMINATING,60,25,85,Fixpoint / Fixpoint
ATVA2026_benchmark/NON_TERM_LASSO//lasso_traces_p-19.t2.c/lasso_trace_1.txt,NONTERMINATING,"3,08",0,0,"3,08",2,NONTERMINATING,52,25,77,Fixpoint / Fixpoint
ATVA2026_benchmark/NON_TERM_LASSO//lasso_traces_p-19a.t2.c/lasso_trace_1.txt,NONTERMINATING,"3,25",0,0,"3,25",2,NONTERMINATING,64,33,97,Fixpoint / Fixpoint
ATVA2026_benchmark/NON_TERM_LASSO//lasso_traces_p-1a.t2.c/lasso_trace_1.txt,NONTERMINATING,"3,49",0,0,"3,49",2,NONTERMINATING,68,25,93,Fixpoint / Fixpoint
ATVA2026_benchmark/NON_TERM_LASSO//lasso_traces_p-1c.t2.c/lasso_trace_1.txt,NONTERMINATING,"3,06",0,0,"3,06",2,NONTERMINATING,68,25,93,Fixpoint / Fixpoint
ATVA2026_benchmark/NON_TERM_LASSO//lasso_traces_p-20.t2.c/lasso_trace_1.txt,NONTERMINATING,"4,32",0,0,"4,32",2,NONTERMINATING,93,25,118,Fixpoint / Fixpoint
ATVA2026_benchmark/NON_TERM_LASSO//lasso_traces_p-32.t2.c/lasso_trace_1.txt,NONTERMINATING,"3,05",0,0,"3,05",1,NONTERMINATING,20,18,38,Fixpoint / Fixpoint
ATVA2026_benchmark/NON_TERM_LASSO//lasso_traces_p-33.t2.c/lasso_trace_1.txt,NONTERMINATING,"2,87",0,0,"2,87",2,NONTERMINATING,20,32,52,Fixpoint / Fixpoint
ATVA2026_benchmark/NON_TERM_LASSO//lasso_traces_p-34.t2.c/lasso_trace_1.txt,NONTERMINATING,"3,33",0,0,"3,33",2,NONTERMINATING,108,59,167,Fixpoint / Fixpoint
ATVA2026_benchmark/NON_TERM_LASSO//lasso_traces_p-36.t2.c/lasso_trace_1.txt,NONTERMINATING,"3,26",0,0,"3,26",2,NONTERMINATING,104,34,138,Fixpoint / Fixpoint
ATVA2026_benchmark/NON_TERM_LASSO//lasso_traces_p-5.t2.c/lasso_trace_2.txt,NONTERMINATING,"1,61",0,0,"1,61",2,NONTERMINATING,95,28,123,Fixpoint / Fixpoint
ATVA2026_benchmark/NON_TERM_LASSO//lasso_traces_p-52.t2.c/lasso_trace_1.txt,NONTERMINATING,"3,77",0,0,"3,77",2,NONTERMINATING,64,21,85,Fixpoint / Fixpoint
ATVA2026_benchmark/NON_TERM_LASSO//lasso_traces_p-8.t2.c/lasso_trace_1.txt,NONTERMINATING,"3,22",0,0,"3,22",2,NONTERMINATING,44,21,65,Fixpoint / Fixpoint
ATVA2026_benchmark/NON_TERM_LASSO//lasso_traces_p-9.t2.c/lasso_trace_1.txt,NONTERMINATING,"3,02",0,0,"3,02",2,NONTERMINATING,44,21,65,Fixpoint / Fixpoint
ATVA2026_benchmark/NON_TERM_LASSO//lasso_traces_pals_lcr-var-start-time.3_false-unreach-call.1.ufo.BOUNDED-6.pals.c/lasso_trace_1.txt,NONTERMINATING,"6,08",0,0,"6,08",186,NONTERMINATING,11,1,12,Fixpoint / Fixpoint
ATVA2026_benchmark/NON_TERM_LASSO//lasso_traces_pals_lcr.3_false-unreach-call.1.ufo.BOUNDED-6.pals.c/lasso_trace_1.txt,NONTERMINATING,"4,78",0,0,"4,78",24,NONTERMINATING,11,1,12,Fixpoint / Fixpoint
ATVA2026_benchmark/NON_TERM_LASSO//lasso_traces_parallelIncrementDecrementConCom3.bpl/lasso_trace_4.txt,NONTERMINATING,"0,66",0,0,"0,66",2,NONTERMINATING,4,2,6,Fixpoint / Fixpoint
ATVA2026_benchmark/NON_TERM_LASSO//lasso_traces_PastaC10_false-no-overflow_false-termination.c/lasso_trace_1.txt,NONTERMINATING,"3,91",0,0,"3,91",2,NONTERMINATING,5,1,6,Fixpoint / Fixpoint
ATVA2026_benchmark/NON_TERM_LASSO//lasso_traces_PastaC10.c/lasso_trace_1.txt,NONTERMINATING,"3,66",0,0,"3,66",2,NONTERMINATING,5,1,6,Fixpoint / Fixpoint
ATVA2026_benchmark/NON_TERM_LASSO//lasso_traces_pc_sfifo_1_false-unreach-call_false-termination.cil.c/lasso_trace_8.txt,NONTERMINATING,"1,33",0,0,"1,33",3,NONTERMINATING,48,8,56,Fixpoint / Fixpoint
ATVA2026_benchmark/NON_TERM_LASSO//lasso_traces_pcatest0.bpl/lasso_trace_1.txt,NONTERMINATING,"3,31",0,0,"3,31",1,NONTERMINATING,1,2,3,Fixpoint / Fixpoint
ATVA2026_benchmark/NON_TERM_LASSO//lasso_traces_Peterson.bpl/lasso_trace_1.txt,NONTERMINATING,"2,87",0,0,"2,87",2,NONTERMINATING,2,7,9,Fixpoint / Fixpoint
ATVA2026_benchmark/NON_TERM_LASSO//lasso_traces_PetersonWithBug.bpl/lasso_trace_1.txt,NONTERMINATING,"3,97",0,0,"3,97",2,NONTERMINATING,2,7,9,Fixpoint / Fixpoint
ATVA2026_benchmark/NON_TERM_LASSO//lasso_traces_pgarch.t2.c/lasso_trace_1.txt,NONTERMINATING,"8,29",0,0,"8,29",7,NONTERMINATING,1088,232,1320,Fixpoint / Fixpoint
ATVA2026_benchmark/NON_TERM_LASSO//lasso_traces_phases_false-unreach-call2.c/lasso_trace_1.txt,NONTERMINATING,"3,34",0,0,"3,34",2,NONTERMINATING,5,2,7,Fixpoint / Fixpoint
ATVA2026_benchmark/NON_TERM_LASSO//lasso_traces_phases_true-unreach-call2.c/lasso_trace_1.txt,NONTERMINATING,"3,61",0,0,"3,61",2,NONTERMINATING,5,2,7,Fixpoint / Fixpoint
ATVA2026_benchmark/NON_TERM_LASSO//lasso_traces_pointer.c/lasso_trace_1.txt,NONTERMINATING,"2,35",0,0,"2,35",3,NONTERMINATING,9,3,12,Fixpoint / Fixpoint
ATVA2026_benchmark/NON_TERM_LASSO//lasso_traces_pointerAndIntAsLoopCondition.c/lasso_trace_1.txt,NONTERMINATING,"1,73",0,"81,45","83,18",4,NONTERMINATING,5,1,6,GNTA / GNTA
ATVA2026_benchmark/NON_TERM_LASSO//lasso_traces_polling.bug.t2.c/lasso_trace_1.txt,NONTERMINATING,"3,82",0,0,"3,82",3,NONTERMINATING,213,8,221,Fixpoint / Fixpoint
ATVA2026_benchmark/NON_TERM_LASSO//lasso_traces_polling.t2.c/lasso_trace_1.txt,NONTERMINATING,"4,52",0,0,"4,52",3,NONTERMINATING,201,8,209,Fixpoint / Fixpoint
ATVA2026_benchmark/NON_TERM_LASSO//lasso_traces_popl07-fail.t2.c/lasso_trace_2.txt,NONTERMINATING,"1,34",0,0,"1,34",2,NONTERMINATING,121,8,129,Fixpoint / Fixpoint
ATVA2026_benchmark/NON_TERM_LASSO//lasso_traces_popl07-succeed.t2.c/lasso_trace_2.txt,NONTERMINATING,"1,55",0,0,"1,55",2,NONTERMINATING,121,8,129,Fixpoint / Fixpoint
ATVA2026_benchmark/NON_TERM_LASSO//lasso_traces_PositiveValue-Safe.bpl/lasso_trace_1.txt,NONTERMINATING,"3,23",0,0,"3,23",2,NONTERMINATING,1,1,2,Fixpoint / Fixpoint
ATVA2026_benchmark/NON_TERM_LASSO//lasso_traces_PreprocessorBranchingTest.bpl/lasso_trace_1.txt,NONTERMINATING,"2,37",0,"37,11","39,48",2,NONTERMINATING,1,1,2,GNTA / GNTA
ATVA2026_benchmark/NON_TERM_LASSO//lasso_traces_Primes_no-overflow.c/lasso_trace_11.txt,NONTERMINATING,"1,51",0,0,"1,51",3,NONTERMINATING,36,10,46,Fixpoint / Fixpoint
ATVA2026_benchmark/NON_TERM_LASSO//lasso_traces_Primes_true-unreach-call.c/lasso_trace_11.txt,NONTERMINATING,"1,35",0,0,"1,35",2,NONTERMINATING,36,10,46,Fixpoint / Fixpoint
ATVA2026_benchmark/NON_TERM_LASSO//lasso_traces_Primes.c/lasso_trace_11.txt,NONTERMINATING,"1,38",0,0,"1,38",3,NONTERMINATING,36,10,46,Fixpoint / Fixpoint
ATVA2026_benchmark/NON_TERM_LASSO//lasso_traces_printf.c/lasso_trace_1.txt,NONTERMINATING,"2,98",0,0,"2,98",1,NONTERMINATING,6,1,7,Fixpoint / Fixpoint
ATVA2026_benchmark/NON_TERM_LASSO//lasso_traces_Problem01_label00_true-unreach-call.c/lasso_trace_7.txt,NONTERMINATING,"1,2",0,0,"1,2",3,NONTERMINATING,13,59,72,Fixpoint / Fixpoint
ATVA2026_benchmark/NON_TERM_LASSO//lasso_traces_Problem01_label19_true-unreach-call.c/lasso_trace_7.txt,NONTERMINATING,"1,19",0,0,"1,19",5,NONTERMINATING,71,59,130,Fixpoint / Fixpoint
ATVA2026_benchmark/NON_TERM_LASSO//lasso_traces_Problem01_label20_false-unreach-call.c/lasso_trace_7.txt,NONTERMINATING,"1,45",0,0,"1,45",4,NONTERMINATING,71,59,130,Fixpoint / Fixpoint
ATVA2026_benchmark/NON_TERM_LASSO//lasso_traces_Problem02_label00_true-unreach-call.c/lasso_trace_10.txt,NONTERMINATING,"1,58",0,0,"1,58",3,NONTERMINATING,98,81,179,Fixpoint / Fixpoint
ATVA2026_benchmark/NON_TERM_LASSO//lasso_traces_Problem02_label06_true-unreach-call.c/lasso_trace_8.txt,NONTERMINATING,"1,34",0,0,"1,34",4,NONTERMINATING,98,81,179,Fixpoint / Fixpoint
ATVA2026_benchmark/NON_TERM_LASSO//lasso_traces_procedural-example-08.bpl/lasso_trace_1.txt,NONTERMINATING,"2,93",0,0,"2,93",2,NONTERMINATING,0,2,2,Fixpoint / GNTA
ATVA2026_benchmark/NON_TERM_LASSO//lasso_traces_prodbin-both-nt_no-overflow.c/lasso_trace_1.txt,NONTERMINATING,"2,69",0,0,"2,69",3,NONTERMINATING,7,1,8,Fixpoint / Fixpoint
ATVA2026_benchmark/NON_TERM_LASSO//lasso_traces_prodbin-both-nt.c/lasso_trace_1.txt,NONTERMINATING,"3,16",0,0,"3,16",3,NONTERMINATING,7,1,8,Fixpoint / Fixpoint
ATVA2026_benchmark/NON_TERM_LASSO//lasso_traces_psyco_abp_1_false-unreach-call_false-termination.c/lasso_trace_1.txt,NONTERMINATING,"3,44",0,0,"3,44",3,NONTERMINATING,5,3,8,Fixpoint / Fixpoint
ATVA2026_benchmark/NON_TERM_LASSO//lasso_traces_psyco_io_1.c/lasso_trace_1.txt,NONTERMINATING,"3,55",0,0,"3,55",3,NONTERMINATING,5,3,8,Fixpoint / Fixpoint
ATVA2026_benchmark/NON_TERM_LASSO//lasso_traces_psyco_security.c/lasso_trace_1.txt,NONTERMINATING,"3,35",0,0,"3,35",2,NONTERMINATING,5,2,7,Fixpoint / Fixpoint
ATVA2026_benchmark/NON_TERM_LASSO//lasso_traces_pthread_conditionals.bpl/lasso_trace_1.txt,NONTERMINATING,"1,18",0,0,"1,18",2,NONTERMINATING,7,1,8,Fixpoint / Fixpoint
ATVA2026_benchmark/NON_TERM_LASSO//lasso_traces_pthread_double_lock_p1_vs.bpl/lasso_trace_1.txt,NONTERMINATING,"2,93",0,0,"2,93",1,NONTERMINATING,4,6,10,Fixpoint / Fixpoint
ATVA2026_benchmark/NON_TERM_LASSO//lasso_traces_pthread_inc.bpl/lasso_trace_1.txt,NONTERMINATING,"0,96",0,0,"0,96",3,NONTERMINATING,8,1,9,Fixpoint / Fixpoint
ATVA2026_benchmark/NON_TERM_LASSO//lasso_traces_pthread_inc2.bpl/lasso_trace_1.txt,NONTERMINATING,"0,85",0,0,"0,85",2,NONTERMINATING,9,1,10,Fixpoint / Fixpoint
ATVA2026_benchmark/NON_TERM_LASSO//lasso_traces_pthread_nondet_loop_bound.bpl/lasso_trace_1.txt,NONTERMINATING,"1,23",0,0,"1,23",2,NONTERMINATING,25,1,26,Fixpoint / Fixpoint
ATVA2026_benchmark/NON_TERM_LASSO//lasso_traces_pthread_rand.bpl/lasso_trace_1.txt,NONTERMINATING,"0,94",0,0,"0,94",2,NONTERMINATING,7,1,8,Fixpoint / Fixpoint
ATVA2026_benchmark/NON_TERM_LASSO//lasso_traces_pthread_simple_loop.bpl/lasso_trace_1.txt,NONTERMINATING,"5,2",0,0,"5,2",1,NONTERMINATING,4,3,7,Fixpoint / Fixpoint
ATVA2026_benchmark/NON_TERM_LASSO//lasso_traces_pthread_spin2003.bpl/lasso_trace_1.txt,NONTERMINATING,"0,68",0,0,"0,68",2,NONTERMINATING,9,1,10,Fixpoint / Fixpoint
ATVA2026_benchmark/NON_TERM_LASSO//lasso_traces_pthread_tas.bpl/lasso_trace_1.txt,NONTERMINATING,"2,96",0,0,"2,96",2,NONTERMINATING,3,6,9,Fixpoint / Fixpoint
ATVA2026_benchmark/NON_TERM_LASSO//lasso_traces_pthread_ticket.bpl/lasso_trace_1.txt,NONTERMINATING,"1,01",0,0,"1,01",2,NONTERMINATING,9,1,10,Fixpoint / Fixpoint
ATVA2026_benchmark/NON_TERM_LASSO//lasso_traces_pthread_unverifi.bpl/lasso_trace_1.txt,NONTERMINATING,"3,86",0,"258,55","262,41",2,NONTERMINATING,6,3,9,GNTA / GNTA
ATVA2026_benchmark/NON_TERM_LASSO//lasso_traces_pthread5_vs.bpl/lasso_trace_1.txt,NONTERMINATING,"2,94",0,0,"2,94",2,NONTERMINATING,6,3,9,Fixpoint / Fixpoint
ATVA2026_benchmark/NON_TERM_LASSO//lasso_traces_QuantifiedFloatInvariant.c/lasso_trace_1.txt,NONTERMINATING,"1,86",0,"69,1","70,96",2,NONTERMINATING,6,2,8,GNTA / GNTA
ATVA2026_benchmark/NON_TERM_LASSO//lasso_traces_RailwayCrossing-Incorrenct.bpl/lasso_trace_1.txt,NONTERMINATING,"12,17",0,"168,04","180,21",5,NONTERMINATING,1,1,2,GNTA / GNTA
ATVA2026_benchmark/NON_TERM_LASSO//lasso_traces_RailwayCrossing.bpl/lasso_trace_1.txt,NONTERMINATING,"6,89",0,"266,77","273,66",5,NONTERMINATING,1,1,2,GNTA / GNTA
ATVA2026_benchmark/NON_TERM_LASSO//lasso_traces_RanFile001.bpl/lasso_trace_1.txt,NONTERMINATING,"20,07",0,0,"20,07",2,NONTERMINATING,0,2,2,Fixpoint / Fixpoint
ATVA2026_benchmark/NON_TERM_LASSO//lasso_traces_RanFile001.c/lasso_trace_1.txt,NONTERMINATING,"3,5",0,0,"3,5",2,NONTERMINATING,0,2,2,Fixpoint / Fixpoint
ATVA2026_benchmark/NON_TERM_LASSO//lasso_traces_RanFile004.bpl/lasso_trace_1.txt,NONTERMINATING,"20,09",0,0,"20,09",2,NONTERMINATING,1,1,2,Fixpoint / GNTA
ATVA2026_benchmark/NON_TERM_LASSO//lasso_traces_RanFile004.c/lasso_trace_1.txt,NONTERMINATING,"3,74",0,0,"3,74",2,NONTERMINATING,1,1,2,Fixpoint / Fixpoint
ATVA2026_benchmark/NON_TERM_LASSO//lasso_traces_RanFile005.bpl/lasso_trace_1.txt,NONTERMINATING,"12,18",0,0,"12,18",2,NONTERMINATING,5,3,8,Fixpoint / Fixpoint
ATVA2026_benchmark/NON_TERM_LASSO//lasso_traces_RanFile005.c/lasso_trace_1.txt,NONTERMINATING,"2,39",0,0,"2,39",2,NONTERMINATING,5,3,8,Fixpoint / Fixpoint
ATVA2026_benchmark/NON_TERM_LASSO//lasso_traces_RanFile007.bpl/lasso_trace_1.txt,NONTERMINATING,"13,31",0,0,"13,31",3,NONTERMINATING,0,2,2,Fixpoint / Fixpoint
ATVA2026_benchmark/NON_TERM_LASSO//lasso_traces_RanFile007.c/lasso_trace_1.txt,NONTERMINATING,"4,09",0,0,"4,09",3,NONTERMINATING,0,2,2,Fixpoint / Fixpoint
ATVA2026_benchmark/NON_TERM_LASSO//lasso_traces_RanFile008.bpl/lasso_trace_1.txt,NONTERMINATING,"17,22",0,0,"17,22",2,NONTERMINATING,1,1,2,Fixpoint / Fixpoint
ATVA2026_benchmark/NON_TERM_LASSO//lasso_traces_RanFile008.c/lasso_trace_1.txt,NONTERMINATING,"3,19",0,0,"3,19",2,NONTERMINATING,1,1,2,Fixpoint / Fixpoint
ATVA2026_benchmark/NON_TERM_LASSO//lasso_traces_RanFile009.bpl/lasso_trace_1.txt,NONTERMINATING,"12,96",0,0,"12,96",1,NONTERMINATING,1,1,2,Fixpoint / Fixpoint
ATVA2026_benchmark/NON_TERM_LASSO//lasso_traces_RanFile009.c/lasso_trace_1.txt,NONTERMINATING,"4,1",0,0,"4,1",2,NONTERMINATING,1,1,2,Fixpoint / Fixpoint
ATVA2026_benchmark/NON_TERM_LASSO//lasso_traces_RanFile010.bpl/lasso_trace_1.txt,NONTERMINATING,"3,55",0,"246,65","250,2",2,NONTERMINATING,0,2,2,GNTA / GNTA
ATVA2026_benchmark/NON_TERM_LASSO//lasso_traces_RanFile010.c/lasso_trace_1.txt,NONTERMINATING,"1,66",0,"62,7","64,36",2,NONTERMINATING,0,2,2,GNTA / GNTA
ATVA2026_benchmark/NON_TERM_LASSO//lasso_traces_RanFile011.bpl/lasso_trace_1.txt,NONTERMINATING,"11,75",0,0,"11,75",2,NONTERMINATING,1,1,2,Fixpoint / Fixpoint
ATVA2026_benchmark/NON_TERM_LASSO//lasso_traces_RanFile011.c/lasso_trace_1.txt,NONTERMINATING,"3,82",0,0,"3,82",3,NONTERMINATING,1,1,2,Fixpoint / Fixpoint
ATVA2026_benchmark/NON_TERM_LASSO//lasso_traces_RanFile014.bpl/lasso_trace_1.txt,NONTERMINATING,"79,64",0,0,"79,64",2,NONTERMINATING,1,1,2,Fixpoint / Fixpoint
ATVA2026_benchmark/NON_TERM_LASSO//lasso_traces_RanFile014.c/lasso_trace_1.txt,NONTERMINATING,"4,4",0,0,"4,4",3,NONTERMINATING,1,1,2,Fixpoint / Fixpoint
ATVA2026_benchmark/NON_TERM_LASSO//lasso_traces_RanFile015.bpl/lasso_trace_1.txt,NONTERMINATING,"26,29",0,0,"26,29",2,NONTERMINATING,2,1,3,Fixpoint / Fixpoint
ATVA2026_benchmark/NON_TERM_LASSO//lasso_traces_RanFile015.c/lasso_trace_1.txt,NONTERMINATING,"5,52",0,0,"5,52",2,NONTERMINATING,2,1,3,Fixpoint / Fixpoint
ATVA2026_benchmark/NON_TERM_LASSO//lasso_traces_RanFile016.bpl/lasso_trace_1.txt,NONTERMINATING,"19,35",0,0,"19,35",1,NONTERMINATING,0,1,1,Fixpoint / Fixpoint
ATVA2026_benchmark/NON_TERM_LASSO//lasso_traces_RanFile016.c/lasso_trace_1.txt,NONTERMINATING,"3,15",0,0,"3,15",2,NONTERMINATING,0,1,1,Fixpoint / Fixpoint
ATVA2026_benchmark/NON_TERM_LASSO//lasso_traces_RanFile017.bpl/lasso_trace_1.txt,NONTERMINATING,"23,69",0,0,"23,69",3,NONTERMINATING,1,1,2,Fixpoint / Fixpoint
ATVA2026_benchmark/NON_TERM_LASSO//lasso_traces_RanFile017.c/lasso_trace_1.txt,NONTERMINATING,"4,01",0,0,"4,01",3,NONTERMINATING,1,1,2,Fixpoint / Fixpoint
ATVA2026_benchmark/NON_TERM_LASSO//lasso_traces_RanFile018.bpl/lasso_trace_1.txt,NONTERMINATING,"28,15",0,0,"28,15",2,NONTERMINATING,1,2,3,Fixpoint / Fixpoint
ATVA2026_benchmark/NON_TERM_LASSO//lasso_traces_RanFile018.c/lasso_trace_1.txt,NONTERMINATING,"4,21",0,0,"4,21",2,NONTERMINATING,1,2,3,Fixpoint / Fixpoint
ATVA2026_benchmark/NON_TERM_LASSO//lasso_traces_RanFile019.bpl/lasso_trace_1.txt,NONTERMINATING,"32,82",0,0,"32,82",2,NONTERMINATING,1,1,2,Fixpoint / Fixpoint
ATVA2026_benchmark/NON_TERM_LASSO//lasso_traces_RanFile019.c/lasso_trace_1.txt,NONTERMINATING,"3,83",0,0,"3,83",2,NONTERMINATING,1,1,2,Fixpoint / Fixpoint
ATVA2026_benchmark/NON_TERM_LASSO//lasso_traces_RanFile020.bpl/lasso_trace_1.txt,NONTERMINATING,"31,93",0,0,"31,93",2,NONTERMINATING,0,2,2,Fixpoint / Fixpoint
ATVA2026_benchmark/NON_TERM_LASSO//lasso_traces_RanFile020.c/lasso_trace_1.txt,NONTERMINATING,"2,9",0,0,"2,9",1,NONTERMINATING,0,2,2,Fixpoint / Fixpoint
ATVA2026_benchmark/NON_TERM_LASSO//lasso_traces_RanFile021.bpl/lasso_trace_1.txt,NONTERMINATING,"17,31",0,0,"17,31",2,NONTERMINATING,1,2,3,Fixpoint / Fixpoint
ATVA2026_benchmark/NON_TERM_LASSO//lasso_traces_RanFile021.c/lasso_trace_1.txt,NONTERMINATING,"3,78",0,0,"3,78",2,NONTERMINATING,1,2,3,Fixpoint / Fixpoint
ATVA2026_benchmark/NON_TERM_LASSO//lasso_traces_RanFile022.bpl/lasso_trace_1.txt,NONTERMINATING,"28,17",0,0,"28,17",1,NONTERMINATING,0,1,1,Fixpoint / Fixpoint
ATVA2026_benchmark/NON_TERM_LASSO//lasso_traces_RanFile022.c/lasso_trace_1.txt,NONTERMINATING,"2,47",0,0,"2,47",1,NONTERMINATING,0,1,1,Fixpoint / Fixpoint
ATVA2026_benchmark/NON_TERM_LASSO//lasso_traces_RanFile023.bpl/lasso_trace_1.txt,NONTERMINATING,"39,65",0,0,"39,65",3,NONTERMINATING,1,1,2,Fixpoint / Fixpoint
ATVA2026_benchmark/NON_TERM_LASSO//lasso_traces_RanFile023.c/lasso_trace_1.txt,NONTERMINATING,"4,54",0,0,"4,54",3,NONTERMINATING,1,1,2,Fixpoint / Fixpoint
ATVA2026_benchmark/NON_TERM_LASSO//lasso_traces_RanFile024.bpl/lasso_trace_1.txt,NONTERMINATING,"80,44",0,0,"80,44",3,NONTERMINATING,1,1,2,Fixpoint / Fixpoint
ATVA2026_benchmark/NON_TERM_LASSO//lasso_traces_RanFile024.c/lasso_trace_1.txt,NONTERMINATING,"5,82",0,0,"5,82",3,NONTERMINATING,1,1,2,Fixpoint / Fixpoint
ATVA2026_benchmark/NON_TERM_LASSO//lasso_traces_RanFile025.bpl/lasso_trace_1.txt,NONTERMINATING,"11,18",0,0,"11,18",1,NONTERMINATING,0,2,2,Fixpoint / Fixpoint
ATVA2026_benchmark/NON_TERM_LASSO//lasso_traces_RanFile025.c/lasso_trace_1.txt,NONTERMINATING,"2,9",0,0,"2,9",1,NONTERMINATING,0,2,2,Fixpoint / Fixpoint
ATVA2026_benchmark/NON_TERM_LASSO//lasso_traces_RanFile026.bpl/lasso_trace_1.txt,NONTERMINATING,"14,69",0,0,"14,69",2,NONTERMINATING,1,2,3,Fixpoint / Fixpoint
ATVA2026_benchmark/NON_TERM_LASSO//lasso_traces_RanFile026.c/lasso_trace_1.txt,NONTERMINATING,"5,15",0,0,"5,15",2,NONTERMINATING,1,2,3,Fixpoint / Fixpoint
ATVA2026_benchmark/NON_TERM_LASSO//lasso_traces_RanFile027.bpl/lasso_trace_1.txt,NONTERMINATING,"18,81",0,0,"18,81",2,NONTERMINATING,1,1,2,Fixpoint / Fixpoint
ATVA2026_benchmark/NON_TERM_LASSO//lasso_traces_RanFile027.c/lasso_trace_1.txt,NONTERMINATING,"3,11",0,0,"3,11",2,NONTERMINATING,1,1,2,Fixpoint / Fixpoint
ATVA2026_benchmark/NON_TERM_LASSO//lasso_traces_RanFile028.bpl/lasso_trace_1.txt,NONTERMINATING,"15,08",0,0,"15,08",2,NONTERMINATING,1,1,2,Fixpoint / Fixpoint
ATVA2026_benchmark/NON_TERM_LASSO//lasso_traces_RanFile028.c/lasso_trace_1.txt,NONTERMINATING,"3,18",0,0,"3,18",2,NONTERMINATING,1,1,2,Fixpoint / GNTA
ATVA2026_benchmark/NON_TERM_LASSO//lasso_traces_RanFile029.bpl/lasso_trace_1.txt,NONTERMINATING,"13,75",0,0,"13,75",2,NONTERMINATING,0,1,1,Fixpoint / Fixpoint
ATVA2026_benchmark/NON_TERM_LASSO//lasso_traces_RanFile029.c/lasso_trace_1.txt,NONTERMINATING,"3,39",0,0,"3,39",2,NONTERMINATING,0,1,1,Fixpoint / Fixpoint
ATVA2026_benchmark/NON_TERM_LASSO//lasso_traces_RanFile030.bpl/lasso_trace_1.txt,NONTERMINATING,"20,14",0,0,"20,14",2,NONTERMINATING,1,1,2,Fixpoint / Fixpoint
ATVA2026_benchmark/NON_TERM_LASSO//lasso_traces_RanFile030.c/lasso_trace_1.txt,NONTERMINATING,"3,61",0,0,"3,61",2,NONTERMINATING,1,1,2,Fixpoint / Fixpoint
ATVA2026_benchmark/NON_TERM_LASSO//lasso_traces_RanFile031.bpl/lasso_trace_1.txt,NONTERMINATING,"25,33",0,0,"25,33",2,NONTERMINATING,2,1,3,Fixpoint / Fixpoint
ATVA2026_benchmark/NON_TERM_LASSO//lasso_traces_RanFile031.c/lasso_trace_1.txt,NONTERMINATING,"3,52",0,0,"3,52",2,NONTERMINATING,2,1,3,Fixpoint / Fixpoint
ATVA2026_benchmark/NON_TERM_LASSO//lasso_traces_RanFile032.bpl/lasso_trace_1.txt,NONTERMINATING,"33,34",0,0,"33,34",3,NONTERMINATING,1,1,2,Fixpoint / Fixpoint
ATVA2026_benchmark/NON_TERM_LASSO//lasso_traces_RanFile032.c/lasso_trace_1.txt,NONTERMINATING,"4,11",0,0,"4,11",3,NONTERMINATING,1,1,2,Fixpoint / Fixpoint
ATVA2026_benchmark/NON_TERM_LASSO//lasso_traces_RanFile033.bpl/lasso_trace_1.txt,NONTERMINATING,"14,14",0,0,"14,14",2,NONTERMINATING,1,2,3,Fixpoint / Fixpoint
ATVA2026_benchmark/NON_TERM_LASSO//lasso_traces_RanFile033.c/lasso_trace_1.txt,NONTERMINATING,"2,84",0,0,"2,84",2,NONTERMINATING,1,2,3,Fixpoint / Fixpoint
ATVA2026_benchmark/NON_TERM_LASSO//lasso_traces_RanFile034.bpl/lasso_trace_1.txt,NONTERMINATING,"26,68",0,0,"26,68",1,NONTERMINATING,0,1,1,Fixpoint / Fixpoint
ATVA2026_benchmark/NON_TERM_LASSO//lasso_traces_RanFile034.c/lasso_trace_1.txt,NONTERMINATING,"2,57",0,0,"2,57",1,NONTERMINATING,0,1,1,Fixpoint / Fixpoint
ATVA2026_benchmark/NON_TERM_LASSO//lasso_traces_RanFile035.bpl/lasso_trace_1.txt,NONTERMINATING,"40,48",0,0,"40,48",2,NONTERMINATING,0,2,2,Fixpoint / Fixpoint
ATVA2026_benchmark/NON_TERM_LASSO//lasso_traces_RanFile035.c/lasso_trace_1.txt,NONTERMINATING,"2,86",0,0,"2,86",2,NONTERMINATING,0,2,2,Fixpoint / Fixpoint
ATVA2026_benchmark/NON_TERM_LASSO//lasso_traces_RanFile037.bpl/lasso_trace_1.txt,NONTERMINATING,"15,17",0,0,"15,17",2,NONTERMINATING,1,1,2,Fixpoint / Fixpoint
ATVA2026_benchmark/NON_TERM_LASSO//lasso_traces_RanFile037.c/lasso_trace_1.txt,NONTERMINATING,"3,51",0,0,"3,51",2,NONTERMINATING,1,1,2,Fixpoint / Fixpoint
ATVA2026_benchmark/NON_TERM_LASSO//lasso_traces_RanFile038.bpl/lasso_trace_1.txt,NONTERMINATING,"18,58",0,0,"18,58",2,NONTERMINATING,2,2,4,Fixpoint / Fixpoint
ATVA2026_benchmark/NON_TERM_LASSO//lasso_traces_RanFile038.c/lasso_trace_1.txt,NONTERMINATING,"1,52",0,0,"1,52",2,NONTERMINATING,0,1,1,Fixpoint / Fixpoint
ATVA2026_benchmark/NON_TERM_LASSO//lasso_traces_RanFile039.bpl/lasso_trace_1.txt,NONTERMINATING,"19,29",0,0,"19,29",2,NONTERMINATING,1,1,2,Fixpoint / Fixpoint
ATVA2026_benchmark/NON_TERM_LASSO//lasso_traces_RanFile039.c/lasso_trace_1.txt,NONTERMINATING,"3,3",0,0,"3,3",2,NONTERMINATING,1,1,2,Fixpoint / Fixpoint
ATVA2026_benchmark/NON_TERM_LASSO//lasso_traces_RanFile040.bpl/lasso_trace_1.txt,NONTERMINATING,"59,09",0,0,"59,09",1,NONTERMINATING,0,1,1,Fixpoint / Fixpoint
ATVA2026_benchmark/NON_TERM_LASSO//lasso_traces_RanFile040.c/lasso_trace_1.txt,NONTERMINATING,"2,36",0,0,"2,36",1,NONTERMINATING,0,1,1,Fixpoint / Fixpoint
ATVA2026_benchmark/NON_TERM_LASSO//lasso_traces_RanFile041.bpl/lasso_trace_1.txt,NONTERMINATING,"14,78",0,0,"14,78",4,NONTERMINATING,1,4,5,Fixpoint / Fixpoint
ATVA2026_benchmark/NON_TERM_LASSO//lasso_traces_RanFile041.c/lasso_trace_1.txt,NONTERMINATING,"3,85",0,0,"3,85",4,NONTERMINATING,1,4,5,Fixpoint / Fixpoint
ATVA2026_benchmark/NON_TERM_LASSO//lasso_traces_RanFile042.bpl/lasso_trace_1.txt,NONTERMINATING,"17,72",0,0,"17,72",3,NONTERMINATING,1,3,4,Fixpoint / Fixpoint
ATVA2026_benchmark/NON_TERM_LASSO//lasso_traces_RanFile042.c/lasso_trace_1.txt,NONTERMINATING,"3,74",0,0,"3,74",3,NONTERMINATING,1,3,4,Fixpoint / Fixpoint
ATVA2026_benchmark/NON_TERM_LASSO//lasso_traces_RanFile043.bpl/lasso_trace_1.txt,NONTERMINATING,15,0,0,15,2,NONTERMINATING,1,1,2,Fixpoint / Fixpoint
ATVA2026_benchmark/NON_TERM_LASSO//lasso_traces_RanFile043.c/lasso_trace_1.txt,NONTERMINATING,"3,18",0,0,"3,18",2,NONTERMINATING,1,1,2,Fixpoint / Fixpoint
ATVA2026_benchmark/NON_TERM_LASSO//lasso_traces_RanFile044.bpl/lasso_trace_1.txt,NONTERMINATING,"29,65",0,0,"29,65",1,NONTERMINATING,1,1,2,Fixpoint / Fixpoint
ATVA2026_benchmark/NON_TERM_LASSO//lasso_traces_RanFile044.c/lasso_trace_1.txt,NONTERMINATING,"2,94",0,0,"2,94",1,NONTERMINATING,1,1,2,Fixpoint / Fixpoint
ATVA2026_benchmark/NON_TERM_LASSO//lasso_traces_RanFile045.bpl/lasso_trace_1.txt,NONTERMINATING,"20,26",0,0,"20,26",2,NONTERMINATING,1,1,2,Fixpoint / Fixpoint
ATVA2026_benchmark/NON_TERM_LASSO//lasso_traces_RanFile045.c/lasso_trace_1.txt,NONTERMINATING,"3,44",0,0,"3,44",2,NONTERMINATING,1,1,2,Fixpoint / Fixpoint
ATVA2026_benchmark/NON_TERM_LASSO//lasso_traces_RanFile046.bpl/lasso_trace_1.txt,NONTERMINATING,"16,02",0,0,"16,02",3,NONTERMINATING,1,1,2,Fixpoint / GNTA
ATVA2026_benchmark/NON_TERM_LASSO//lasso_traces_RanFile046.c/lasso_trace_1.txt,NONTERMINATING,"3,95",0,0,"3,95",3,NONTERMINATING,1,1,2,Fixpoint / Fixpoint
ATVA2026_benchmark/NON_TERM_LASSO//lasso_traces_RanFile047.bpl/lasso_trace_1.txt,NONTERMINATING,"18,11",0,0,"18,11",2,NONTERMINATING,1,1,2,Fixpoint / Fixpoint
ATVA2026_benchmark/NON_TERM_LASSO//lasso_traces_RanFile047.c/lasso_trace_1.txt,NONTERMINATING,"2,94",0,0,"2,94",2,NONTERMINATING,1,1,2,Fixpoint / Fixpoint
ATVA2026_benchmark/NON_TERM_LASSO//lasso_traces_RanFile048.bpl/lasso_trace_1.txt,NONTERMINATING,"21,33",0,0,"21,33",1,NONTERMINATING,1,1,2,Fixpoint / Fixpoint
ATVA2026_benchmark/NON_TERM_LASSO//lasso_traces_RanFile048.c/lasso_trace_1.txt,NONTERMINATING,"2,93",0,0,"2,93",1,NONTERMINATING,1,1,2,Fixpoint / Fixpoint
ATVA2026_benchmark/NON_TERM_LASSO//lasso_traces_RanFile049.bpl/lasso_trace_2.txt,NONTERMINATING,"26,35",0,0,"26,35",1,NONTERMINATING,2,1,3,Fixpoint / Fixpoint
ATVA2026_benchmark/NON_TERM_LASSO//lasso_traces_RanFile049.c/lasso_trace_2.txt,NONTERMINATING,"3,13",0,0,"3,13",1,NONTERMINATING,2,1,3,Fixpoint / Fixpoint
ATVA2026_benchmark/NON_TERM_LASSO//lasso_traces_RanFile050.bpl/lasso_trace_1.txt,NONTERMINATING,"16,68",0,0,"16,68",1,NONTERMINATING,1,2,3,Fixpoint / Fixpoint
ATVA2026_benchmark/NON_TERM_LASSO//lasso_traces_RanFile050.c/lasso_trace_1.txt,NONTERMINATING,"3,04",0,0,"3,04",2,NONTERMINATING,1,2,3,Fixpoint / Fixpoint
ATVA2026_benchmark/NON_TERM_LASSO//lasso_traces_RanFile051.bpl/lasso_trace_1.txt,NONTERMINATING,"31,76",0,0,"31,76",2,NONTERMINATING,0,4,4,Fixpoint / Fixpoint
ATVA2026_benchmark/NON_TERM_LASSO//lasso_traces_RanFile051.c/lasso_trace_1.txt,NONTERMINATING,"3,35",0,0,"3,35",2,NONTERMINATING,0,4,4,Fixpoint / Fixpoint
ATVA2026_benchmark/NON_TERM_LASSO//lasso_traces_RanFile052.bpl/lasso_trace_1.txt,NONTERMINATING,"11,53",0,0,"11,53",2,NONTERMINATING,3,1,4,Fixpoint / Fixpoint
ATVA2026_benchmark/NON_TERM_LASSO//lasso_traces_RanFile052.c/lasso_trace_1.txt,NONTERMINATING,2,0,0,2,2,NONTERMINATING,3,1,4,Fixpoint / Fixpoint
ATVA2026_benchmark/NON_TERM_LASSO//lasso_traces_RanFile053.bpl/lasso_trace_1.txt,NONTERMINATING,"13,45",0,0,"13,45",2,NONTERMINATING,0,2,2,Fixpoint / Fixpoint
ATVA2026_benchmark/NON_TERM_LASSO//lasso_traces_RanFile053.c/lasso_trace_1.txt,NONTERMINATING,"3,43",0,0,"3,43",2,NONTERMINATING,0,2,2,Fixpoint / Fixpoint
ATVA2026_benchmark/NON_TERM_LASSO//lasso_traces_RanFile054.bpl/lasso_trace_1.txt,NONTERMINATING,"10,71",0,0,"10,71",2,NONTERMINATING,0,1,1,Fixpoint / Fixpoint
ATVA2026_benchmark/NON_TERM_LASSO//lasso_traces_RanFile054.c/lasso_trace_1.txt,NONTERMINATING,"4,07",0,0,"4,07",2,NONTERMINATING,0,1,1,Fixpoint / Fixpoint
ATVA2026_benchmark/NON_TERM_LASSO//lasso_traces_RanFile055.bpl/lasso_trace_1.txt,NONTERMINATING,"42,98",0,0,"42,98",2,NONTERMINATING,1,3,4,Fixpoint / Fixpoint
ATVA2026_benchmark/NON_TERM_LASSO//lasso_traces_RanFile055.c/lasso_trace_1.txt,NONTERMINATING,"5,94",0,0,"5,94",2,NONTERMINATING,1,3,4,Fixpoint / Fixpoint
ATVA2026_benchmark/NON_TERM_LASSO//lasso_traces_RanFile056.bpl/lasso_trace_1.txt,NONTERMINATING,"13,12",0,0,"13,12",1,NONTERMINATING,1,1,2,Fixpoint / Fixpoint
ATVA2026_benchmark/NON_TERM_LASSO//lasso_traces_RanFile056.c/lasso_trace_1.txt,NONTERMINATING,"2,95",0,0,"2,95",2,NONTERMINATING,1,1,2,Fixpoint / Fixpoint
ATVA2026_benchmark/NON_TERM_LASSO//lasso_traces_RanFile057.bpl/lasso_trace_1.txt,NONTERMINATING,"16,89",0,0,"16,89",2,NONTERMINATING,1,1,2,Fixpoint / Fixpoint
ATVA2026_benchmark/NON_TERM_LASSO//lasso_traces_RanFile057.c/lasso_trace_1.txt,NONTERMINATING,"2,78",0,0,"2,78",2,NONTERMINATING,1,1,2,Fixpoint / Fixpoint
ATVA2026_benchmark/NON_TERM_LASSO//lasso_traces_RanFile058.bpl/lasso_trace_2.txt,NONTERMINATING,"10,9",0,0,"10,9",1,NONTERMINATING,0,4,4,Fixpoint / Fixpoint
ATVA2026_benchmark/NON_TERM_LASSO//lasso_traces_RanFile058.c/lasso_trace_2.txt,NONTERMINATING,"2,79",0,0,"2,79",2,NONTERMINATING,0,4,4,Fixpoint / Fixpoint
ATVA2026_benchmark/NON_TERM_LASSO//lasso_traces_RanFile059.bpl/lasso_trace_1.txt,NONTERMINATING,"17,78",0,0,"17,78",2,NONTERMINATING,0,2,2,Fixpoint / Fixpoint
ATVA2026_benchmark/NON_TERM_LASSO//lasso_traces_RanFile059.c/lasso_trace_1.txt,NONTERMINATING,"3,16",0,0,"3,16",2,NONTERMINATING,0,2,2,Fixpoint / Fixpoint
ATVA2026_benchmark/NON_TERM_LASSO//lasso_traces_RanFile060.bpl/lasso_trace_1.txt,NONTERMINATING,"19,9",0,0,"19,9",1,NONTERMINATING,0,1,1,Fixpoint / Fixpoint
ATVA2026_benchmark/NON_TERM_LASSO//lasso_traces_RanFile060.c/lasso_trace_1.txt,NONTERMINATING,"2,87",0,0,"2,87",1,NONTERMINATING,0,1,1,Fixpoint / Fixpoint
ATVA2026_benchmark/NON_TERM_LASSO//lasso_traces_RanFile061.bpl/lasso_trace_1.txt,NONTERMINATING,"23,74",0,0,"23,74",3,NONTERMINATING,1,1,2,Fixpoint / Fixpoint
ATVA2026_benchmark/NON_TERM_LASSO//lasso_traces_RanFile061.c/lasso_trace_1.txt,NONTERMINATING,"4,78",0,0,"4,78",3,NONTERMINATING,1,1,2,Fixpoint / Fixpoint
ATVA2026_benchmark/NON_TERM_LASSO//lasso_traces_RanFile062.bpl/lasso_trace_1.txt,NONTERMINATING,"25,47",0,0,"25,47",2,NONTERMINATING,1,1,2,Fixpoint / Fixpoint
ATVA2026_benchmark/NON_TERM_LASSO//lasso_traces_RanFile062.c/lasso_trace_1.txt,NONTERMINATING,"4,02",0,0,"4,02",1,NONTERMINATING,1,1,2,Fixpoint / Fixpoint
ATVA2026_benchmark/NON_TERM_LASSO//lasso_traces_RanFile063.bpl/lasso_trace_1.txt,NONTERMINATING,"18,66",0,0,"18,66",2,NONTERMINATING,1,2,3,Fixpoint / Fixpoint
ATVA2026_benchmark/NON_TERM_LASSO//lasso_traces_RanFile063.c/lasso_trace_1.txt,NONTERMINATING,"3,14",0,0,"3,14",1,NONTERMINATING,1,2,3,Fixpoint / Fixpoint
ATVA2026_benchmark/NON_TERM_LASSO//lasso_traces_RanFile064.bpl/lasso_trace_1.txt,NONTERMINATING,"12,58",0,0,"12,58",1,NONTERMINATING,1,1,2,Fixpoint / Fixpoint
ATVA2026_benchmark/NON_TERM_LASSO//lasso_traces_RanFile064.c/lasso_trace_1.txt,NONTERMINATING,"2,65",0,0,"2,65",1,NONTERMINATING,1,1,2,Fixpoint / Fixpoint
ATVA2026_benchmark/NON_TERM_LASSO//lasso_traces_RanFile065.bpl/lasso_trace_1.txt,NONTERMINATING,"14,08",0,0,"14,08",1,NONTERMINATING,1,3,4,Fixpoint / Fixpoint
ATVA2026_benchmark/NON_TERM_LASSO//lasso_traces_RanFile065.c/lasso_trace_1.txt,NONTERMINATING,"2,71",0,0,"2,71",2,NONTERMINATING,1,3,4,Fixpoint / Fixpoint
ATVA2026_benchmark/NON_TERM_LASSO//lasso_traces_RanFile066.bpl/lasso_trace_1.txt,NONTERMINATING,"85,64",0,0,"85,64",2,NONTERMINATING,1,1,2,Fixpoint / Fixpoint
ATVA2026_benchmark/NON_TERM_LASSO//lasso_traces_RanFile066.c/lasso_trace_1.txt,NONTERMINATING,"2,72",0,0,"2,72",2,NONTERMINATING,1,1,2,Fixpoint / Fixpoint
ATVA2026_benchmark/NON_TERM_LASSO//lasso_traces_RanFile067.bpl/lasso_trace_1.txt,NONTERMINATING,"11,45",0,0,"11,45",2,NONTERMINATING,0,2,2,Fixpoint / Fixpoint
ATVA2026_benchmark/NON_TERM_LASSO//lasso_traces_RanFile067.c/lasso_trace_1.txt,NONTERMINATING,"3,31",0,0,"3,31",1,NONTERMINATING,0,2,2,Fixpoint / Fixpoint
ATVA2026_benchmark/NON_TERM_LASSO//lasso_traces_RanFile068.bpl/lasso_trace_1.txt,NONTERMINATING,"16,66",0,0,"16,66",3,NONTERMINATING,1,1,2,Fixpoint / Fixpoint
ATVA2026_benchmark/NON_TERM_LASSO//lasso_traces_RanFile068.c/lasso_trace_1.txt,NONTERMINATING,"3,83",0,0,"3,83",3,NONTERMINATING,1,1,2,Fixpoint / Fixpoint
ATVA2026_benchmark/NON_TERM_LASSO//lasso_traces_RanFile069.bpl/lasso_trace_1.txt,NONTERMINATING,"27,08",0,0,"27,08",1,NONTERMINATING,1,2,3,Fixpoint / GNTA
ATVA2026_benchmark/NON_TERM_LASSO//lasso_traces_RanFile069.c/lasso_trace_1.txt,NONTERMINATING,"2,39",0,0,"2,39",1,NONTERMINATING,1,2,3,Fixpoint / Fixpoint
ATVA2026_benchmark/NON_TERM_LASSO//lasso_traces_RanFile070.bpl/lasso_trace_1.txt,NONTERMINATING,"16,06",0,0,"16,06",1,NONTERMINATING,1,1,2,Fixpoint / Fixpoint
ATVA2026_benchmark/NON_TERM_LASSO//lasso_traces_RanFile070.c/lasso_trace_1.txt,NONTERMINATING,"2,78",0,0,"2,78",1,NONTERMINATING,1,1,2,Fixpoint / Fixpoint
ATVA2026_benchmark/NON_TERM_LASSO//lasso_traces_RanFile071.bpl/lasso_trace_1.txt,NONTERMINATING,"8,62",0,0,"8,62",2,NONTERMINATING,0,2,2,Fixpoint / Fixpoint
ATVA2026_benchmark/NON_TERM_LASSO//lasso_traces_RanFile071.c/lasso_trace_1.txt,NONTERMINATING,"2,83",0,0,"2,83",2,NONTERMINATING,0,2,2,Fixpoint / Fixpoint
ATVA2026_benchmark/NON_TERM_LASSO//lasso_traces_RanFile072.bpl/lasso_trace_1.txt,NONTERMINATING,"10,12",0,0,"10,12",2,NONTERMINATING,1,2,3,Fixpoint / Fixpoint
ATVA2026_benchmark/NON_TERM_LASSO//lasso_traces_RanFile072.c/lasso_trace_1.txt,NONTERMINATING,"3,57",0,0,"3,57",2,NONTERMINATING,1,2,3,Fixpoint / Fixpoint
ATVA2026_benchmark/NON_TERM_LASSO//lasso_traces_RanFile073.bpl/lasso_trace_1.txt,NONTERMINATING,"36,38",0,0,"36,38",2,NONTERMINATING,1,1,2,Fixpoint / Fixpoint
ATVA2026_benchmark/NON_TERM_LASSO//lasso_traces_RanFile073.c/lasso_trace_1.txt,NONTERMINATING,"3,14",0,0,"3,14",2,NONTERMINATING,1,1,2,Fixpoint / Fixpoint
ATVA2026_benchmark/NON_TERM_LASSO//lasso_traces_RanFile074.bpl/lasso_trace_1.txt,NONTERMINATING,"12,01",0,0,"12,01",2,NONTERMINATING,2,1,3,Fixpoint / Fixpoint
ATVA2026_benchmark/NON_TERM_LASSO//lasso_traces_RanFile074.c/lasso_trace_1.txt,NONTERMINATING,"3,46",0,0,"3,46",2,NONTERMINATING,2,1,3,Fixpoint / Fixpoint
ATVA2026_benchmark/NON_TERM_LASSO//lasso_traces_RanFile075.bpl/lasso_trace_1.txt,NONTERMINATING,"43,8",0,0,"43,8",2,NONTERMINATING,1,4,5,Fixpoint / Fixpoint
ATVA2026_benchmark/NON_TERM_LASSO//lasso_traces_RanFile075.c/lasso_trace_1.txt,NONTERMINATING,"2,79",0,0,"2,79",2,NONTERMINATING,1,4,5,Fixpoint / Fixpoint
ATVA2026_benchmark/NON_TERM_LASSO//lasso_traces_RanFile076.bpl/lasso_trace_1.txt,NONTERMINATING,"17,4",0,0,"17,4",2,NONTERMINATING,1,1,2,Fixpoint / Fixpoint
ATVA2026_benchmark/NON_TERM_LASSO//lasso_traces_RanFile076.c/lasso_trace_1.txt,NONTERMINATING,"3,37",0,0,"3,37",2,NONTERMINATING,1,1,2,Fixpoint / Fixpoint
ATVA2026_benchmark/NON_TERM_LASSO//lasso_traces_RanFile077.bpl/lasso_trace_1.txt,NONTERMINATING,"7,37",0,0,"7,37",2,NONTERMINATING,2,1,3,Fixpoint / Fixpoint
ATVA2026_benchmark/NON_TERM_LASSO//lasso_traces_RanFile077.c/lasso_trace_1.txt,NONTERMINATING,"2,24",0,0,"2,24",2,NONTERMINATING,2,1,3,Fixpoint / Fixpoint
ATVA2026_benchmark/NON_TERM_LASSO//lasso_traces_RanFile078.bpl/lasso_trace_1.txt,NONTERMINATING,"13,85",0,0,"13,85",2,NONTERMINATING,1,3,4,Fixpoint / Fixpoint
ATVA2026_benchmark/NON_TERM_LASSO//lasso_traces_RanFile078.c/lasso_trace_1.txt,NONTERMINATING,"3,54",0,0,"3,54",2,NONTERMINATING,1,3,4,Fixpoint / Fixpoint
ATVA2026_benchmark/NON_TERM_LASSO//lasso_traces_RanFile079.bpl/lasso_trace_1.txt,NONTERMINATING,"29,11",0,0,"29,11",2,NONTERMINATING,1,1,2,Fixpoint / Fixpoint
ATVA2026_benchmark/NON_TERM_LASSO//lasso_traces_RanFile079.c/lasso_trace_1.txt,NONTERMINATING,5,0,0,5,2,NONTERMINATING,1,1,2,Fixpoint / Fixpoint
ATVA2026_benchmark/NON_TERM_LASSO//lasso_traces_RanFile080.bpl/lasso_trace_1.txt,NONTERMINATING,"65,78",0,0,"65,78",3,NONTERMINATING,1,1,2,Fixpoint / Fixpoint
ATVA2026_benchmark/NON_TERM_LASSO//lasso_traces_RanFile080.c/lasso_trace_1.txt,NONTERMINATING,"3,91",0,0,"3,91",3,NONTERMINATING,1,1,2,Fixpoint / Fixpoint
ATVA2026_benchmark/NON_TERM_LASSO//lasso_traces_RanFile081.bpl/lasso_trace_1.txt,NONTERMINATING,"19,78",0,0,"19,78",2,NONTERMINATING,0,4,4,Fixpoint / Fixpoint
ATVA2026_benchmark/NON_TERM_LASSO//lasso_traces_RanFile081.c/lasso_trace_1.txt,NONTERMINATING,"5,21",0,0,"5,21",2,NONTERMINATING,0,4,4,Fixpoint / Fixpoint
ATVA2026_benchmark/NON_TERM_LASSO//lasso_traces_RanFile082.bpl/lasso_trace_1.txt,NONTERMINATING,"18,27",0,0,"18,27",3,NONTERMINATING,1,1,2,Fixpoint / Fixpoint
ATVA2026_benchmark/NON_TERM_LASSO//lasso_traces_RanFile082.c/lasso_trace_1.txt,NONTERMINATING,"3,71",0,0,"3,71",4,NONTERMINATING,1,1,2,Fixpoint / Fixpoint
ATVA2026_benchmark/NON_TERM_LASSO//lasso_traces_RanFile083.bpl/lasso_trace_1.txt,NONTERMINATING,"40,35",0,0,"40,35",2,NONTERMINATING,0,2,2,Fixpoint / Fixpoint
ATVA2026_benchmark/NON_TERM_LASSO//lasso_traces_RanFile083.c/lasso_trace_1.txt,NONTERMINATING,"3,53",0,0,"3,53",2,NONTERMINATING,0,2,2,Fixpoint / Fixpoint
ATVA2026_benchmark/NON_TERM_LASSO//lasso_traces_RanFile084.bpl/lasso_trace_1.txt,NONTERMINATING,"10,25",0,0,"10,25",2,NONTERMINATING,0,3,3,Fixpoint / Fixpoint
ATVA2026_benchmark/NON_TERM_LASSO//lasso_traces_RanFile084.c/lasso_trace_1.txt,NONTERMINATING,"3,26",0,0,"3,26",2,NONTERMINATING,0,3,3,Fixpoint / Fixpoint
ATVA2026_benchmark/NON_TERM_LASSO//lasso_traces_RanFile085.bpl/lasso_trace_1.txt,NONTERMINATING,"14,48",0,0,"14,48",2,NONTERMINATING,1,2,3,Fixpoint / Fixpoint
ATVA2026_benchmark/NON_TERM_LASSO//lasso_traces_RanFile085.c/lasso_trace_1.txt,NONTERMINATING,"3,33",0,0,"3,33",3,NONTERMINATING,1,2,3,Fixpoint / Fixpoint
ATVA2026_benchmark/NON_TERM_LASSO//lasso_traces_RanFile086.bpl/lasso_trace_1.txt,NONTERMINATING,"9,96",0,0,"9,96",2,NONTERMINATING,1,1,2,Fixpoint / Fixpoint
ATVA2026_benchmark/NON_TERM_LASSO//lasso_traces_RanFile086.c/lasso_trace_1.txt,NONTERMINATING,"3,68",0,0,"3,68",2,NONTERMINATING,1,1,2,Fixpoint / Fixpoint
ATVA2026_benchmark/NON_TERM_LASSO//lasso_traces_RanFile087.bpl/lasso_trace_1.txt,NONTERMINATING,"15,12",0,0,"15,12",1,NONTERMINATING,1,1,2,Fixpoint / Fixpoint
ATVA2026_benchmark/NON_TERM_LASSO//lasso_traces_RanFile087.c/lasso_trace_1.txt,NONTERMINATING,"2,85",0,0,"2,85",2,NONTERMINATING,1,1,2,Fixpoint / Fixpoint
ATVA2026_benchmark/NON_TERM_LASSO//lasso_traces_RanFile088.bpl/lasso_trace_1.txt,NONTERMINATING,"18,63",0,0,"18,63",1,NONTERMINATING,0,1,1,Fixpoint / Fixpoint
ATVA2026_benchmark/NON_TERM_LASSO//lasso_traces_RanFile088.c/lasso_trace_1.txt,NONTERMINATING,"2,77",0,0,"2,77",2,NONTERMINATING,0,1,1,Fixpoint / Fixpoint
ATVA2026_benchmark/NON_TERM_LASSO//lasso_traces_RanFile089.bpl/lasso_trace_1.txt,NONTERMINATING,"18,66",0,0,"18,66",2,NONTERMINATING,1,1,2,Fixpoint / Fixpoint
ATVA2026_benchmark/NON_TERM_LASSO//lasso_traces_RanFile089.c/lasso_trace_1.txt,NONTERMINATING,"3,53",0,0,"3,53",2,NONTERMINATING,1,1,2,Fixpoint / Fixpoint
ATVA2026_benchmark/NON_TERM_LASSO//lasso_traces_RanFile090.bpl/lasso_trace_1.txt,NONTERMINATING,"10,74",0,0,"10,74",2,NONTERMINATING,1,1,2,Fixpoint / Fixpoint
ATVA2026_benchmark/NON_TERM_LASSO//lasso_traces_RanFile090.c/lasso_trace_1.txt,NONTERMINATING,"5,48",0,0,"5,48",2,NONTERMINATING,1,1,2,Fixpoint / Fixpoint
ATVA2026_benchmark/NON_TERM_LASSO//lasso_traces_RanFile091.bpl/lasso_trace_1.txt,NONTERMINATING,"10,81",0,0,"10,81",1,NONTERMINATING,0,3,3,Fixpoint / Fixpoint
ATVA2026_benchmark/NON_TERM_LASSO//lasso_traces_RanFile091.c/lasso_trace_1.txt,NONTERMINATING,"3,76",0,0,"3,76",2,NONTERMINATING,0,3,3,Fixpoint / Fixpoint
ATVA2026_benchmark/NON_TERM_LASSO//lasso_traces_RanFile092.bpl/lasso_trace_1.txt,NONTERMINATING,"11,45",0,0,"11,45",2,NONTERMINATING,0,3,3,Fixpoint / Fixpoint
ATVA2026_benchmark/NON_TERM_LASSO//lasso_traces_RanFile092.c/lasso_trace_1.txt,NONTERMINATING,"3,9",0,0,"3,9",2,NONTERMINATING,0,3,3,Fixpoint / Fixpoint
ATVA2026_benchmark/NON_TERM_LASSO//lasso_traces_RanFile093.bpl/lasso_trace_1.txt,NONTERMINATING,"19,49",0,0,"19,49",1,NONTERMINATING,1,1,2,Fixpoint / Fixpoint
ATVA2026_benchmark/NON_TERM_LASSO//lasso_traces_RanFile093.c/lasso_trace_1.txt,NONTERMINATING,"2,83",0,0,"2,83",1,NONTERMINATING,1,1,2,Fixpoint / Fixpoint
ATVA2026_benchmark/NON_TERM_LASSO//lasso_traces_RanFile094.bpl/lasso_trace_1.txt,NONTERMINATING,"19,05",0,0,"19,05",2,NONTERMINATING,0,1,1,Fixpoint / Fixpoint
ATVA2026_benchmark/NON_TERM_LASSO//lasso_traces_RanFile094.c/lasso_trace_1.txt,NONTERMINATING,"3,93",0,0,"3,93",2,NONTERMINATING,0,1,1,Fixpoint / Fixpoint
ATVA2026_benchmark/NON_TERM_LASSO//lasso_traces_RanFile095.bpl/lasso_trace_1.txt,NONTERMINATING,"7,77",0,0,"7,77",2,NONTERMINATING,2,1,3,Fixpoint / Fixpoint
ATVA2026_benchmark/NON_TERM_LASSO//lasso_traces_RanFile095.c/lasso_trace_1.txt,NONTERMINATING,"4,85",0,0,"4,85",2,NONTERMINATING,2,1,3,Fixpoint / Fixpoint
ATVA2026_benchmark/NON_TERM_LASSO//lasso_traces_RanFile096.bpl/lasso_trace_1.txt,NONTERMINATING,"32,76",0,0,"32,76",2,NONTERMINATING,1,1,2,Fixpoint / Fixpoint
ATVA2026_benchmark/NON_TERM_LASSO//lasso_traces_RanFile096.c/lasso_trace_1.txt,NONTERMINATING,"3,14",0,0,"3,14",1,NONTERMINATING,1,1,2,Fixpoint / Fixpoint
ATVA2026_benchmark/NON_TERM_LASSO//lasso_traces_RanFile097.bpl/lasso_trace_1.txt,NONTERMINATING,"11,89",0,0,"11,89",2,NONTERMINATING,1,1,2,Fixpoint / Fixpoint
ATVA2026_benchmark/NON_TERM_LASSO//lasso_traces_RanFile097.c/lasso_trace_1.txt,NONTERMINATING,"3,01",0,0,"3,01",2,NONTERMINATING,1,1,2,Fixpoint / Fixpoint
ATVA2026_benchmark/NON_TERM_LASSO//lasso_traces_RanFile098.bpl/lasso_trace_1.txt,NONTERMINATING,"32,26",0,0,"32,26",1,NONTERMINATING,1,3,4,Fixpoint / Fixpoint
ATVA2026_benchmark/NON_TERM_LASSO//lasso_traces_RanFile098.c/lasso_trace_1.txt,NONTERMINATING,"3,15",0,0,"3,15",2,NONTERMINATING,1,3,4,Fixpoint / Fixpoint
ATVA2026_benchmark/NON_TERM_LASSO//lasso_traces_RanFile099.bpl/lasso_trace_1.txt,NONTERMINATING,"14,96",0,0,"14,96",1,NONTERMINATING,0,1,1,Fixpoint / Fixpoint
ATVA2026_benchmark/NON_TERM_LASSO//lasso_traces_RanFile099.c/lasso_trace_1.txt,NONTERMINATING,"2,74",0,0,"2,74",1,NONTERMINATING,0,1,1,Fixpoint / Fixpoint
ATVA2026_benchmark/NON_TERM_LASSO//lasso_traces_ReachDef-NestedLoop.bpl/lasso_trace_1.txt,NONTERMINATING,"3,51",0,0,"3,51",1,NONTERMINATING,1,2,3,Fixpoint / Fixpoint
ATVA2026_benchmark/NON_TERM_LASSO//lasso_traces_ReachDef-Simple.bpl/lasso_trace_1.txt,NONTERMINATING,"2,18",0,"72,9","75,08",2,NONTERMINATING,1,1,2,GNTA / GNTA
ATVA2026_benchmark/NON_TERM_LASSO//lasso_traces_ReadonlyNonlinear.bpl/lasso_trace_1.txt,NONTERMINATING,"3,2",0,0,"3,2",1,NONTERMINATING,1,1,2,Fixpoint / Fixpoint
ATVA2026_benchmark/NON_TERM_LASSO//lasso_traces_recursive-Collatz.bpl/lasso_trace_2.txt,NONTERMINATING,"1,48",0,0,"1,48",1,NONTERMINATING,0,3,3,Fixpoint / Fixpoint
ATVA2026_benchmark/NON_TERM_LASSO//lasso_traces_recursive-endless.bpl/lasso_trace_1.txt,NONTERMINATING,"2,18",0,0,"2,18",1,NONTERMINATING,0,1,1,Fixpoint / Fixpoint
ATVA2026_benchmark/NON_TERM_LASSO//lasso_traces_recursive-wrong-prestate.bpl/lasso_trace_1.txt,NONTERMINATING,"1,92",0,"75,17","77,09",3,NONTERMINATING,1,3,4,GNTA / GNTA
ATVA2026_benchmark/NON_TERM_LASSO//lasso_traces_recursive.c/lasso_trace_1.txt,NONTERMINATING,"2,78",0,0,"2,78",1,NONTERMINATING,5,3,8,Fixpoint / Fixpoint
ATVA2026_benchmark/NON_TERM_LASSO//lasso_traces_RecursiveNonterminating_false-termination.c/lasso_trace_1.txt,NONTERMINATING,"3,16",0,0,"3,16",2,NONTERMINATING,6,3,9,Fixpoint / Fixpoint
ATVA2026_benchmark/NON_TERM_LASSO//lasso_traces_RecursiveNonterminating-1_no-overflow.c/lasso_trace_1.txt,NONTERMINATING,"2,99",0,0,"2,99",2,NONTERMINATING,7,3,10,Fixpoint / Fixpoint
ATVA2026_benchmark/NON_TERM_LASSO//lasso_traces_RecursiveNonterminating-1.c/lasso_trace_1.txt,NONTERMINATING,"3,16",0,0,"3,16",2,NONTERMINATING,7,3,10,Fixpoint / Fixpoint
ATVA2026_benchmark/NON_TERM_LASSO//lasso_traces_RecursiveNonterminating-2_no-overflow.c/lasso_trace_1.txt,NONTERMINATING,"3,14",0,0,"3,14",1,NONTERMINATING,6,3,9,Fixpoint / Fixpoint
ATVA2026_benchmark/NON_TERM_LASSO//lasso_traces_RecursiveNonterminating-2.c/lasso_trace_1.txt,NONTERMINATING,"2,83",0,0,"2,83",2,NONTERMINATING,6,3,9,Fixpoint / Fixpoint
ATVA2026_benchmark/NON_TERM_LASSO//lasso_traces_refine_disj_problem.t2.c/lasso_trace_4.txt,NONTERMINATING,"0,35",0,"159,65",160,4,NONTERMINATING,59,22,81,GNTA / GNTA
ATVA2026_benchmark/NON_TERM_LASSO//lasso_traces_RequiresOldVarEquality.bpl/lasso_trace_1.txt,NONTERMINATING,"2,1",0,"44,62","46,72",2,NONTERMINATING,1,2,3,GNTA / GNTA
ATVA2026_benchmark/NON_TERM_LASSO//lasso_traces_RespectsModifies01.bpl/lasso_trace_1.txt,NONTERMINATING,"1,84",0,"36,63","38,47",2,NONTERMINATING,1,2,3,GNTA / GNTA
ATVA2026_benchmark/NON_TERM_LASSO//lasso_traces_returnZero.bpl/lasso_trace_1.txt,NONTERMINATING,"2,49",0,0,"2,49",1,NONTERMINATING,0,1,1,Fixpoint / Fixpoint
ATVA2026_benchmark/NON_TERM_LASSO//lasso_traces_rev_nt2.t2.c/lasso_trace_2.txt,NONTERMINATING,"2,09",0,0,"2,09",3,NONTERMINATING,274,13,287,Fixpoint / Fixpoint
ATVA2026_benchmark/NON_TERM_LASSO//lasso_traces_rev_nt3.t2.c/lasso_trace_2.txt,NONTERMINATING,"2,28",0,0,"2,28",2,NONTERMINATING,266,9,275,Fixpoint / Fixpoint
ATVA2026_benchmark/NON_TERM_LASSO//lasso_traces_reverse_div4.t2.c/lasso_trace_2.txt,NONTERMINATING,"2,21",0,0,"2,21",3,NONTERMINATING,327,74,401,Fixpoint / Fixpoint
ATVA2026_benchmark/NON_TERM_LASSO//lasso_traces_rewrite.t2.c/lasso_trace_1.txt,NONTERMINATING,"2,7",0,0,"2,7",1,NONTERMINATING,20,18,38,Fixpoint / Fixpoint
ATVA2026_benchmark/NON_TERM_LASSO//lasso_traces_rlft3.c.i.rlft3.pl.t2.fixed.t2.c/lasso_trace_3.txt,NONTERMINATING,"0,52",0,"692,1","692,62",4,NONTERMINATING,152,29,181,GNTA / GNTA
ATVA2026_benchmark/NON_TERM_LASSO//lasso_traces_rlft3.t2.c/lasso_trace_3.txt,NONTERMINATING,"0,49",0,"691,84","692,33",4,NONTERMINATING,152,29,181,GNTA / GNTA
ATVA2026_benchmark/NON_TERM_LASSO//lasso_traces_Rotation01.bpl/lasso_trace_1.txt,NONTERMINATING,"3,02",0,0,"3,02",1,NONTERMINATING,0,1,1,Fixpoint / Fixpoint
ATVA2026_benchmark/NON_TERM_LASSO//lasso_traces_Rotation02.bpl/lasso_trace_1.txt,NONTERMINATING,"1,84",0,0,"1,84",1,NONTERMINATING,2,1,3,Fixpoint / Fixpoint
ATVA2026_benchmark/NON_TERM_LASSO//lasso_traces_Rotation180_false-termination.c/lasso_trace_1.txt,NONTERMINATING,"3,22",0,0,"3,22",2,NONTERMINATING,5,1,6,Fixpoint / Fixpoint
ATVA2026_benchmark/NON_TERM_LASSO//lasso_traces_Rotation180-1_no-overflow.c/lasso_trace_1.txt,NONTERMINATING,"3,74",0,0,"3,74",2,NONTERMINATING,7,1,8,Fixpoint / Fixpoint
ATVA2026_benchmark/NON_TERM_LASSO//lasso_traces_Rotation180-1.c/lasso_trace_1.txt,NONTERMINATING,"3,11",0,0,"3,11",2,NONTERMINATING,7,1,8,Fixpoint / Fixpoint
ATVA2026_benchmark/NON_TERM_LASSO//lasso_traces_Rotation180-2_no-overflow.c/lasso_trace_1.txt,NONTERMINATING,"3,93",0,0,"3,93",2,NONTERMINATING,5,1,6,Fixpoint / Fixpoint
ATVA2026_benchmark/NON_TERM_LASSO//lasso_traces_Rotation180-2.c/lasso_trace_1.txt,NONTERMINATING,"3,92",0,0,"3,92",2,NONTERMINATING,5,1,6,Fixpoint / Fixpoint
ATVA2026_benchmark/NON_TERM_LASSO//lasso_traces_s3_clnt_1_Safe.bpl/lasso_trace_13.txt,NONTERMINATING,"3,24",0,0,"3,24",39,NONTERMINATING,6,37,43,Fixpoint / Fixpoint
ATVA2026_benchmark/NON_TERM_LASSO//lasso_traces_s3_clnt_1_Unsafe.bpl/lasso_trace_13.txt,NONTERMINATING,"3,15",0,0,"3,15",39,NONTERMINATING,6,37,43,Fixpoint / Fixpoint
ATVA2026_benchmark/NON_TERM_LASSO//lasso_traces_s3_clnt_3.BV.c.cil.c_19.bpl/lasso_trace_6.txt,NONTERMINATING,"4,36",0,0,"4,36",24,NONTERMINATING,13,10,23,Fixpoint / Fixpoint
ATVA2026_benchmark/NON_TERM_LASSO//lasso_traces_s3_srvr_1_false-unreach-call.cil.c/lasso_trace_20.txt,NONTERMINATING,"3,67",0,0,"3,67",9,NONTERMINATING,56,161,217,Fixpoint / Fixpoint
ATVA2026_benchmark/NON_TERM_LASSO//lasso_traces_s3_srvr_1_true-unreach-call.BV.c.cil.c/lasso_trace_23.txt,NONTERMINATING,"3,38",0,0,"3,38",20,NONTERMINATING,54,160,214,Fixpoint / Fixpoint
ATVA2026_benchmark/NON_TERM_LASSO//lasso_traces_s3_srvr_14_false-unreach-call.cil.c/lasso_trace_19.txt,NONTERMINATING,"3,78",0,0,"3,78",10,NONTERMINATING,207,189,396,Fixpoint / Fixpoint
ATVA2026_benchmark/NON_TERM_LASSO//lasso_traces_s3_srvr_2_alt.BV.c.cil.c_13.bpl/lasso_trace_6.txt,NONTERMINATING,"3,1",0,0,"3,1",3,NONTERMINATING,8,5,13,Fixpoint / Fixpoint
ATVA2026_benchmark/NON_TERM_LASSO//lasso_traces_s3_srvr_2.BV.c.cil.c_13.bpl/lasso_trace_6.txt,NONTERMINATING,"2,91",0,0,"2,91",5,NONTERMINATING,8,5,13,Fixpoint / Fixpoint
ATVA2026_benchmark/NON_TERM_LASSO//lasso_traces_sameRankingfunction_false-termination.bpl/lasso_trace_1.txt,NONTERMINATING,"2,88",0,0,"2,88",1,NONTERMINATING,0,1,1,Fixpoint / Fixpoint
ATVA2026_benchmark/NON_TERM_LASSO//lasso_traces_Sandman01.bpl/lasso_trace_1.txt,NONTERMINATING,"3,12",0,0,"3,12",2,NONTERMINATING,1,1,2,Fixpoint / Fixpoint
ATVA2026_benchmark/NON_TERM_LASSO//lasso_traces_SAS09-incorrect.bpl/lasso_trace_1.txt,NONTERMINATING,"2,05",0,"54,35","56,4",1,NONTERMINATING,1,1,2,GNTA / GNTA
ATVA2026_benchmark/NON_TERM_LASSO//lasso_traces_SAS09.bpl/lasso_trace_1.txt,NONTERMINATING,"2,28",0,"48,69","50,97",2,NONTERMINATING,1,1,2,GNTA / GNTA
ATVA2026_benchmark/NON_TERM_LASSO//lasso_traces_SAS09.c/lasso_trace_1.txt,NONTERMINATING,"1,72",0,"73,36","75,08",2,NONTERMINATING,5,2,7,GNTA / GNTA
ATVA2026_benchmark/NON_TERM_LASSO//lasso_traces_SAS09doubleLoop_incorrect.bpl/lasso_trace_1.txt,NONTERMINATING,"2,05",0,"54,85","56,9",2,NONTERMINATING,1,1,2,GNTA / GNTA
ATVA2026_benchmark/NON_TERM_LASSO//lasso_traces_SAS09doubleLoop-incorrect.bpl/lasso_trace_1.txt,NONTERMINATING,"1,94",0,"59,03","60,97",2,NONTERMINATING,1,1,2,GNTA / GNTA
ATVA2026_benchmark/NON_TERM_LASSO//lasso_traces_SAS09doubleLoop.bpl/lasso_trace_1.txt,NONTERMINATING,"1,88",0,"53,12",55,2,NONTERMINATING,1,1,2,GNTA / GNTA
ATVA2026_benchmark/NON_TERM_LASSO//lasso_traces_SAS09Reals.bpl/lasso_trace_1.txt,NONTERMINATING,"2,19",0,"51,78","53,97",1,NONTERMINATING,1,1,2,GNTA / GNTA
ATVA2026_benchmark/NON_TERM_LASSO//lasso_traces_select.t2.c/lasso_trace_9.txt,NONTERMINATING,"0,37",0,"561,21","561,58",3,NONTERMINATING,159,8,167,GNTA / GNTA
ATVA2026_benchmark/NON_TERM_LASSO//lasso_traces_SelectsStoresEqualities.bpl/lasso_trace_1.txt,NONTERMINATING,"3,82",0,0,"3,82",1,NONTERMINATING,1,1,2,Fixpoint / Fixpoint
ATVA2026_benchmark/NON_TERM_LASSO//lasso_traces_Selestat.bpl/lasso_trace_1.txt,NONTERMINATING,"1,74",0,"36,2","37,94",2,NONTERMINATING,0,1,1,GNTA / GNTA
ATVA2026_benchmark/NON_TERM_LASSO//lasso_traces_ShortCircuit-SideEffect-DoStatement-Safe.c/lasso_trace_1.txt,NONTERMINATING,"2,13",0,"144,92","147,05",3,NONTERMINATING,5,4,9,GNTA / GNTA
ATVA2026_benchmark/NON_TERM_LASSO//lasso_traces_ShortCircuit-SideEffect-DoStatement-Unsafe.c/lasso_trace_2.txt,NONTERMINATING,1,0,0,1,1,NONTERMINATING,6,1,7,Fixpoint / Fixpoint
ATVA2026_benchmark/NON_TERM_LASSO//lasso_traces_ShortCircuit-SideEffect-ForStatement-Safe.c/lasso_trace_1.txt,NONTERMINATING,"1,87",0,"196,57","198,44",3,NONTERMINATING,5,4,9,GNTA / GNTA
ATVA2026_benchmark/NON_TERM_LASSO//lasso_traces_ShortCircuit-SideEffect-ForStatement-Unsafe.c/lasso_trace_2.txt,NONTERMINATING,"1,1",0,0,"1,1",1,NONTERMINATING,7,1,8,Fixpoint / Fixpoint
ATVA2026_benchmark/NON_TERM_LASSO//lasso_traces_ShortCircuit-SideEffect-IfStatement-Safe.c/lasso_trace_1.txt,NONTERMINATING,"2,82",0,0,"2,82",2,NONTERMINATING,6,1,7,Fixpoint / Fixpoint
ATVA2026_benchmark/NON_TERM_LASSO//lasso_traces_ShortCircuit-SideEffect-IfStatement-Unsafe.c/lasso_trace_2.txt,NONTERMINATING,"0,94",0,0,"0,94",2,NONTERMINATING,6,1,7,Fixpoint / Fixpoint
ATVA2026_benchmark/NON_TERM_LASSO//lasso_traces_ShortCircuit-SideEffect-SwitchStatement-Safe.c/lasso_trace_1.txt,NONTERMINATING,"3,18",0,0,"3,18",2,NONTERMINATING,6,1,7,Fixpoint / Fixpoint
ATVA2026_benchmark/NON_TERM_LASSO//lasso_traces_ShortCircuit-SideEffect-SwitchStatement-Unsafe.c/lasso_trace_2.txt,NONTERMINATING,"0,99",0,0,"0,99",1,NONTERMINATING,7,1,8,Fixpoint / Fixpoint
ATVA2026_benchmark/NON_TERM_LASSO//lasso_traces_ShortCircuit-SideEffect-WhileStatement-Unsafe.c/lasso_trace_2.txt,NONTERMINATING,"1,31",0,0,"1,31",1,NONTERMINATING,8,1,9,Fixpoint / Fixpoint
ATVA2026_benchmark/NON_TERM_LASSO//lasso_traces_SimilarQuantifiedVariables.bpl/lasso_trace_1.txt,NONTERMINATING,"3,34",0,0,"3,34",2,NONTERMINATING,1,1,2,Fixpoint / Fixpoint
ATVA2026_benchmark/NON_TERM_LASSO//lasso_traces_simple.c/lasso_trace_1.txt,NONTERMINATING,"2,74",0,0,"2,74",1,NONTERMINATING,5,1,6,Fixpoint / Fixpoint
ATVA2026_benchmark/NON_TERM_LASSO//lasso_traces_simple.t2.c/lasso_trace_1.txt,NONTERMINATING,"1,86",0,"111,34","113,2",2,NONTERMINATING,16,8,24,GNTA / GNTA
ATVA2026_benchmark/NON_TERM_LASSO//lasso_traces_simpleConComLoop.bpl/lasso_trace_1.txt,NONTERMINATING,"2,42",0,"56,97","59,39",2,NONTERMINATING,2,2,4,GNTA / GNTA
ATVA2026_benchmark/NON_TERM_LASSO//lasso_traces_SimultaneousDecrement.bpl/lasso_trace_1.txt,NONTERMINATING,"2,12",0,"70,42","72,54",2,NONTERMINATING,1,1,2,GNTA / GNTA
ATVA2026_benchmark/NON_TERM_LASSO//lasso_traces_SimultaneousIncrement.bpl/lasso_trace_1.txt,NONTERMINATING,"3,72",0,"84,68","88,4",2,NONTERMINATING,1,1,2,GNTA / GNTA
ATVA2026_benchmark/NON_TERM_LASSO//lasso_traces_Singapore_v1_false-termination_true-valid-memsafety.c/lasso_trace_1.txt,NONTERMINATING,"1,94",0,"105,43","107,37",3,NONTERMINATING,8,1,9,GNTA / GNTA
ATVA2026_benchmark/NON_TERM_LASSO//lasso_traces_Singapore_v1_false-termination.c/lasso_trace_1.txt,NONTERMINATING,"1,86",0,"112,87","114,73",3,NONTERMINATING,6,1,7,GNTA / GNTA
ATVA2026_benchmark/NON_TERM_LASSO//lasso_traces_Singapore_v1_no-overflow.c/lasso_trace_1.txt,NONTERMINATING,"3,93",0,"194,49","198,42",3,NONTERMINATING,6,1,7,GNTA / GNTA
ATVA2026_benchmark/NON_TERM_LASSO//lasso_traces_Singapore_v1.c/lasso_trace_1.txt,NONTERMINATING,"1,96",0,"110,45","112,41",3,NONTERMINATING,6,1,7,GNTA / GNTA
ATVA2026_benchmark/NON_TERM_LASSO//lasso_traces_slayer-n1-filtered.t2.c/lasso_trace_2.txt,NONTERMINATING,"2,54",0,0,"2,54",3,NONTERMINATING,284,55,339,Fixpoint / Fixpoint
ATVA2026_benchmark/NON_TERM_LASSO//lasso_traces_slayer-n1.t2.c/lasso_trace_2.txt,NONTERMINATING,"2,13",0,0,"2,13",3,NONTERMINATING,298,78,376,Fixpoint / Fixpoint
ATVA2026_benchmark/NON_TERM_LASSO//lasso_traces_slayer-n5-filtered.t2.c/lasso_trace_2.txt,NONTERMINATING,"3,15",0,0,"3,15",4,NONTERMINATING,419,56,475,Fixpoint / Fixpoint
ATVA2026_benchmark/NON_TERM_LASSO//lasso_traces_smagilla-succeed.t2.c/lasso_trace_11.txt,NONTERMINATING,"0,82",0,0,"0,82",2,NONTERMINATING,205,8,213,Fixpoint / Fixpoint
ATVA2026_benchmark/NON_TERM_LASSO//lasso_traces_smagillb-succeed.t2.c/lasso_trace_4.txt,NONTERMINATING,"0,88",0,0,"0,88",2,NONTERMINATING,91,8,99,Fixpoint / Fixpoint
ATVA2026_benchmark/NON_TERM_LASSO//lasso_traces_smagillc-fail.t2.c/lasso_trace_4.txt,NONTERMINATING,"0,76",0,0,"0,76",2,NONTERMINATING,92,8,100,Fixpoint / Fixpoint
ATVA2026_benchmark/NON_TERM_LASSO//lasso_traces_smagillc-succeed.t2.c/lasso_trace_7.txt,NONTERMINATING,"0,67",0,0,"0,67",2,NONTERMINATING,133,8,141,Fixpoint / Fixpoint
ATVA2026_benchmark/NON_TERM_LASSO//lasso_traces_soundness-bug-3.c/lasso_trace_1.txt,NONTERMINATING,"1,59",0,0,"1,59",2,NONTERMINATING,13,9,22,Fixpoint / Fixpoint
ATVA2026_benchmark/NON_TERM_LASSO//lasso_traces_special-cnf-conversion-bug-2.bpl/lasso_trace_1.txt,NONTERMINATING,"2,79",0,0,"2,79",1,NONTERMINATING,1,1,2,Fixpoint / Fixpoint
ATVA2026_benchmark/NON_TERM_LASSO//lasso_traces_st88.bug.t2.c/lasso_trace_3.txt,NONTERMINATING,"3,19",0,0,"3,19",2,NONTERMINATING,24,40,64,Fixpoint / Fixpoint
ATVA2026_benchmark/NON_TERM_LASSO//lasso_traces_st88.t2.c/lasso_trace_7.txt,NONTERMINATING,"0,37",0,"204,79","205,16",4,NONTERMINATING,53,27,80,GNTA / GNTA
ATVA2026_benchmark/NON_TERM_LASSO//lasso_traces_stateful_check_false-unreach-call.c/lasso_trace_2.txt,NONTERMINATING,"1,57",0,0,"1,57",2,NONTERMINATING,9,6,15,Fixpoint / Fixpoint
ATVA2026_benchmark/NON_TERM_LASSO//lasso_traces_stored.t2.c/lasso_trace_1.txt,NONTERMINATING,"3,33",0,0,"3,33",1,NONTERMINATING,24,38,62,Fixpoint / Fixpoint
ATVA2026_benchmark/NON_TERM_LASSO//lasso_traces_streamserver-succeed.t2.c/lasso_trace_2.txt,NONTERMINATING,"0,67",0,"758,24","758,91",3,NONTERMINATING,183,18,201,GNTA / GNTA
ATVA2026_benchmark/NON_TERM_LASSO//lasso_traces_streamserver.bug.t2.c/lasso_trace_7.txt,NONTERMINATING,"1,34",0,0,"1,34",2,NONTERMINATING,179,8,187,Fixpoint / Fixpoint
ATVA2026_benchmark/NON_TERM_LASSO//lasso_traces_subpoly_crash.t2.c/lasso_trace_1.txt,NONTERMINATING,"3,46",0,"154,56","158,02",3,NONTERMINATING,22,12,34,GNTA / GNTA
ATVA2026_benchmark/NON_TERM_LASSO//lasso_traces_sum_non_eq_false-unreach-call.c/lasso_trace_1.txt,NONTERMINATING,"1,85",0,"169,44","171,29",2,NONTERMINATING,6,3,9,GNTA / GNTA
ATVA2026_benchmark/NON_TERM_LASSO//lasso_traces_sum_rec.bpl/lasso_trace_1.txt,NONTERMINATING,"1,62",0,"112,23","113,85",2,NONTERMINATING,0,3,3,GNTA / GNTA
ATVA2026_benchmark/NON_TERM_LASSO//lasso_traces_sumGeneric_rec.bpl/lasso_trace_1.txt,NONTERMINATING,"2,63",0,"117,85","120,48",2,NONTERMINATING,0,3,3,GNTA / GNTA
ATVA2026_benchmark/NON_TERM_LASSO//lasso_traces_sumGeneric2_rec.bpl/lasso_trace_1.txt,NONTERMINATING,"1,62",0,"115,67","117,29",2,NONTERMINATING,0,3,3,GNTA / GNTA
ATVA2026_benchmark/NON_TERM_LASSO//lasso_traces_sumsumbank.bpl/lasso_trace_1.txt,NONTERMINATING,"3,15",0,0,"3,15",2,NONTERMINATING,3,2,5,Fixpoint / Fixpoint
ATVA2026_benchmark/NON_TERM_LASSO//lasso_traces_sumsuminc.bpl/lasso_trace_3.txt,NONTERMINATING,"1,57",0,0,"1,57",2,NONTERMINATING,4,2,6,Fixpoint / Fixpoint
ATVA2026_benchmark/NON_TERM_LASSO//lasso_traces_sumsumsampleabs.bpl/lasso_trace_1.txt,NONTERMINATING,"3,3",0,0,"3,3",2,NONTERMINATING,1,1,2,Fixpoint / Fixpoint
ATVA2026_benchmark/NON_TERM_LASSO//lasso_traces_svcomp_BradleyMannaSipma-2005CAV-Fig1-modified_false-termination.c/lasso_trace_2.txt,NONTERMINATING,"4,62",0,0,"4,62",3,NONTERMINATING,13,9,22,Fixpoint / Fixpoint
ATVA2026_benchmark/NON_TERM_LASSO//lasso_traces_svcomp_BradleyMannaSipma-2005ICALP-Fig1_true-alloca.c/lasso_trace_1.txt,NONTERMINATING,"4,37",0,0,"4,37",3,NONTERMINATING,10,9,19,Fixpoint / Fixpoint
ATVA2026_benchmark/NON_TERM_LASSO//lasso_traces_svcomp_HarrisLalNoriRajamani-2010SAS-Fig2_false-unreach-label-termination-alloca.c/lasso_trace_2.txt,NONTERMINATING,"2,34",0,0,"2,34",3,NONTERMINATING,19,5,24,Fixpoint / Fixpoint
ATVA2026_benchmark/NON_TERM_LASSO//lasso_traces_svcomp_Urban-2013WST-Fig1_false-unreach-label-termination-alloca.c/lasso_trace_1.txt,NONTERMINATING,"3,51",0,0,"3,51",2,NONTERMINATING,5,4,9,Fixpoint / Fixpoint
ATVA2026_benchmark/NON_TERM_LASSO//lasso_traces_svcomp_Velroyen_false-unreach-label-termination-alloca.c/lasso_trace_3.txt,NONTERMINATING,"1,61",0,0,"1,61",3,NONTERMINATING,9,9,18,Fixpoint / Fixpoint
ATVA2026_benchmark/NON_TERM_LASSO//lasso_traces_SyntaxSupportArrays04-MultipleConstantIndices.bpl/lasso_trace_1.txt,NONTERMINATING,"3,55",0,0,"3,55",1,NONTERMINATING,0,1,1,Fixpoint / Fixpoint
ATVA2026_benchmark/NON_TERM_LASSO//lasso_traces_SyntaxSupportArrays21-ArrayEquality.bpl/lasso_trace_1.txt,NONTERMINATING,"2,38",0,0,"2,38",1,NONTERMINATING,0,1,1,Fixpoint / Fixpoint
ATVA2026_benchmark/NON_TERM_LASSO//lasso_traces_SyntaxSupportBooleans4.bpl/lasso_trace_1.txt,NONTERMINATING,2,0,"38,43","40,43",2,NONTERMINATING,1,1,2,GNTA / GNTA
ATVA2026_benchmark/NON_TERM_LASSO//lasso_traces_SyntaxSupportIte2.bpl/lasso_trace_1.txt,NONTERMINATING,"2,87",0,0,"2,87",1,NONTERMINATING,1,1,2,Fixpoint / Fixpoint
ATVA2026_benchmark/NON_TERM_LASSO//lasso_traces_TerminatorAmirsExample.bpl/lasso_trace_1.txt,NONTERMINATING,"1,95",0,"62,51","64,46",15,NONTERMINATING,1,1,2,GNTA / GNTA
ATVA2026_benchmark/NON_TERM_LASSO//lasso_traces_TerminatorSmall.bpl/lasso_trace_1.txt,NONTERMINATING,"1,89",0,"55,83","57,72",10,NONTERMINATING,1,1,2,GNTA / GNTA
ATVA2026_benchmark/NON_TERM_LASSO//lasso_traces_test_locks_14_false-unreach-call.c/lasso_trace_1.txt,NONTERMINATING,"4,44",0,0,"4,44",5,NONTERMINATING,5,18,23,Fixpoint / Fixpoint
ATVA2026_benchmark/NON_TERM_LASSO//lasso_traces_test_locks_15_true-unreach-call_false-termination.c/lasso_trace_1.txt,NONTERMINATING,"4,08",0,0,"4,08",3,NONTERMINATING,5,17,22,Fixpoint / Fixpoint
ATVA2026_benchmark/NON_TERM_LASSO//lasso_traces_test_locks_5.c/lasso_trace_1.txt,NONTERMINATING,"3,9",0,0,"3,9",3,NONTERMINATING,5,7,12,Fixpoint / Fixpoint
ATVA2026_benchmark/NON_TERM_LASSO//lasso_traces_test2.bpl/lasso_trace_1.txt,NONTERMINATING,"1,96",0,"65,22","67,18",2,NONTERMINATING,1,1,2,GNTA / GNTA
ATVA2026_benchmark/NON_TERM_LASSO//lasso_traces_TestCNF01.bpl/lasso_trace_1.txt,NONTERMINATING,"2,63",0,0,"2,63",1,NONTERMINATING,1,1,2,Fixpoint / Fixpoint
ATVA2026_benchmark/NON_TERM_LASSO//lasso_traces_TestDifferentDeclaration.bpl/lasso_trace_1.txt,NONTERMINATING,"1,9",0,"84,17","86,07",1,NONTERMINATING,0,2,2,GNTA / GNTA
ATVA2026_benchmark/NON_TERM_LASSO//lasso_traces_TestForErrorTraceLocations.bpl/lasso_trace_1.txt,NONTERMINATING,"3,77",0,0,"3,77",1,NONTERMINATING,1,2,3,Fixpoint / Fixpoint
ATVA2026_benchmark/NON_TERM_LASSO//lasso_traces_TestQuantifierEliminationInequality01.bpl/lasso_trace_1.txt,NONTERMINATING,"3,12",0,0,"3,12",2,NONTERMINATING,1,1,2,Fixpoint / Fixpoint
ATVA2026_benchmark/NON_TERM_LASSO//lasso_traces_TestQuantifierEliminationInequality02.bpl/lasso_trace_1.txt,NONTERMINATING,"3,82",0,0,"3,82",1,NONTERMINATING,1,1,2,Fixpoint / Fixpoint
ATVA2026_benchmark/NON_TERM_LASSO//lasso_traces_TestQuantifierEliminationInequality03_WithConstants.bpl/lasso_trace_1.txt,NONTERMINATING,"3,51",0,0,"3,51",2,NONTERMINATING,1,1,2,Fixpoint / Fixpoint
ATVA2026_benchmark/NON_TERM_LASSO//lasso_traces_TestQuantifierEliminationInequality03.bpl/lasso_trace_1.txt,NONTERMINATING,"4,01",0,0,"4,01",2,NONTERMINATING,1,1,2,Fixpoint / Fixpoint
ATVA2026_benchmark/NON_TERM_LASSO//lasso_traces_TestQuantifierEliminationInequality04_WithConstants.bpl/lasso_trace_1.txt,NONTERMINATING,"3,26",0,0,"3,26",1,NONTERMINATING,1,1,2,Fixpoint / Fixpoint
ATVA2026_benchmark/NON_TERM_LASSO//lasso_traces_TestQuantifierEliminationInequality04.bpl/lasso_trace_1.txt,NONTERMINATING,"3,1",0,0,"3,1",1,NONTERMINATING,1,1,2,Fixpoint / Fixpoint
ATVA2026_benchmark/NON_TERM_LASSO//lasso_traces_TestQuantifierEliminationInequality05.bpl/lasso_trace_1.txt,NONTERMINATING,"3,06",0,0,"3,06",1,NONTERMINATING,1,1,2,Fixpoint / Fixpoint
ATVA2026_benchmark/NON_TERM_LASSO//lasso_traces_TestQuantifierEliminationInequality06.bpl/lasso_trace_1.txt,NONTERMINATING,"4,14",0,0,"4,14",1,NONTERMINATING,1,1,2,Fixpoint / Fixpoint
ATVA2026_benchmark/NON_TERM_LASSO//lasso_traces_threadpooling_out_Reals.bpl/lasso_trace_3.txt,NONTERMINATING,"0,59",0,"71,82","72,41",4,NONTERMINATING,9,8,17,GNTA / GNTA
ATVA2026_benchmark/NON_TERM_LASSO//lasso_traces_threadpooling_out.bpl/lasso_trace_3.txt,NONTERMINATING,"0,53",0,"73,59","74,12",3,NONTERMINATING,9,8,17,GNTA / GNTA
ATVA2026_benchmark/NON_TERM_LASSO//lasso_traces_threadpooling_out2.mover.bpl/lasso_trace_3.txt,NONTERMINATING,"0,43",0,"55,86","56,29",3,NONTERMINATING,5,4,9,GNTA / GNTA
ATVA2026_benchmark/NON_TERM_LASSO//lasso_traces_threadpooling_out3_Reals.bpl/lasso_trace_4.txt,NONTERMINATING,"0,42",0,"71,54","71,96",4,NONTERMINATING,9,8,17,GNTA / GNTA
ATVA2026_benchmark/NON_TERM_LASSO//lasso_traces_threadpooling_out3.bpl/lasso_trace_4.txt,NONTERMINATING,"0,5",0,"70,53","71,03",4,NONTERMINATING,9,8,17,GNTA / GNTA
ATVA2026_benchmark/NON_TERM_LASSO//lasso_traces_threadpooling_out3.mover.bpl/lasso_trace_4.txt,NONTERMINATING,"0,44",0,"58,03","58,47",4,NONTERMINATING,5,4,9,GNTA / GNTA
ATVA2026_benchmark/NON_TERM_LASSO//lasso_traces_threadpooling_product_WithoutIf.bpl/lasso_trace_1.txt,NONTERMINATING,"2,23",0,"70,69","72,92",3,NONTERMINATING,1,4,5,GNTA / GNTA
ATVA2026_benchmark/NON_TERM_LASSO//lasso_traces_threadpooling_product_WithProcedures.bpl/lasso_trace_3.txt,NONTERMINATING,"0,68",0,"109,45","110,13",14,NONTERMINATING,2,7,9,GNTA / GNTA
ATVA2026_benchmark/NON_TERM_LASSO//lasso_traces_threadpooling_product.bpl/lasso_trace_3.txt,NONTERMINATING,"0,89",0,"68,75","69,64",3,NONTERMINATING,1,5,6,GNTA / GNTA
ATVA2026_benchmark/NON_TERM_LASSO//lasso_traces_toggletoggle_true-valid-ltl.c/lasso_trace_3.txt,NONTERMINATING,"1,56",0,0,"1,56",1,NONTERMINATING,4,2,6,Fixpoint / Fixpoint
ATVA2026_benchmark/NON_TERM_LASSO//lasso_traces_TotalInterpolationFails.bpl/lasso_trace_1.txt,NONTERMINATING,"3,63",0,0,"3,63",1,NONTERMINATING,1,1,2,Fixpoint / Fixpoint
ATVA2026_benchmark/NON_TERM_LASSO//lasso_traces_transmitter.01_false-unreach-call_false-termination.cil.c/lasso_trace_7.txt,NONTERMINATING,"1,05",0,0,"1,05",2,NONTERMINATING,49,11,60,Fixpoint / Fixpoint
ATVA2026_benchmark/NON_TERM_LASSO//lasso_traces_TrivialPolynomialInvariant.bpl/lasso_trace_1.txt,NONTERMINATING,"3,25",0,0,"3,25",2,NONTERMINATING,1,1,2,Fixpoint / Fixpoint
ATVA2026_benchmark/NON_TERM_LASSO//lasso_traces_TrivialTernaryNegative.c/lasso_trace_1.txt,NONTERMINATING,"2,78",0,0,"2,78",2,NONTERMINATING,4,8,12,Fixpoint / Fixpoint
ATVA2026_benchmark/NON_TERM_LASSO//lasso_traces_TrivialTernaryPositive.c/lasso_trace_1.txt,NONTERMINATING,"2,97",0,0,"2,97",1,NONTERMINATING,4,8,12,Fixpoint / Fixpoint
ATVA2026_benchmark/NON_TERM_LASSO//lasso_traces_TrueDiv_false-no-overflow_false-termination.c/lasso_trace_1.txt,NONTERMINATING,"1,82",0,"86,42","88,24",2,NONTERMINATING,5,1,6,GNTA / GNTA
ATVA2026_benchmark/NON_TERM_LASSO//lasso_traces_trueDiv_rec.bpl/lasso_trace_1.txt,NONTERMINATING,"1,71",0,"75,67","77,38",2,NONTERMINATING,0,2,2,GNTA / GNTA
ATVA2026_benchmark/NON_TERM_LASSO//lasso_traces_TrueDiv.c/lasso_trace_1.txt,NONTERMINATING,"1,9",0,"88,62","90,52",2,NONTERMINATING,5,1,6,GNTA / GNTA
ATVA2026_benchmark/NON_TERM_LASSO//lasso_traces_TwoFloatInterv_no-overflow.c/lasso_trace_1.txt,NONTERMINATING,"4,95",0,0,"4,95",2,NONTERMINATING,5,1,6,Fixpoint / Fixpoint
ATVA2026_benchmark/NON_TERM_LASSO//lasso_traces_TwoFloatInterv.c/lasso_trace_1.txt,NONTERMINATING,"3,44",0,0,"3,44",2,NONTERMINATING,5,1,6,Fixpoint / Fixpoint
ATVA2026_benchmark/NON_TERM_LASSO//lasso_traces_Typedef-safe.bpl/lasso_trace_1.txt,NONTERMINATING,"2,08",0,0,"2,08",1,NONTERMINATING,1,1,2,Fixpoint / Fixpoint
ATVA2026_benchmark/NON_TERM_LASSO//lasso_traces_Typedef-unsafe.bpl/lasso_trace_1.txt,NONTERMINATING,2,0,0,2,1,NONTERMINATING,1,1,2,Fixpoint / Fixpoint
ATVA2026_benchmark/NON_TERM_LASSO//lasso_traces_UpAndDownGlobal.bpl/lasso_trace_1.txt,NONTERMINATING,"3,37",0,"86,13","89,5",2,NONTERMINATING,0,2,2,GNTA / GNTA
ATVA2026_benchmark/NON_TERM_LASSO//lasso_traces_UpAndDownGlobalReals.bpl/lasso_trace_1.txt,NONTERMINATING,"2,09",0,"49,57","51,66",2,NONTERMINATING,0,2,2,GNTA / GNTA
ATVA2026_benchmark/NON_TERM_LASSO//lasso_traces_UpAndDownLocal-correct.bpl/lasso_trace_1.txt,NONTERMINATING,"2,5",0,"61,3","63,8",2,NONTERMINATING,0,2,2,GNTA / GNTA
ATVA2026_benchmark/NON_TERM_LASSO//lasso_traces_UpAndDownLocal-mutual-correct.bpl/lasso_trace_1.txt,NONTERMINATING,"3,22",0,"65,5","68,72",2,NONTERMINATING,0,4,4,GNTA / GNTA
ATVA2026_benchmark/NON_TERM_LASSO//lasso_traces_UpAndDownLocalReals-correct.bpl/lasso_trace_1.txt,NONTERMINATING,"2,29",0,"61,32","63,61",2,NONTERMINATING,0,2,2,GNTA / GNTA
ATVA2026_benchmark/NON_TERM_LASSO//lasso_traces_UpDownGlobal.c/lasso_trace_1.txt,NONTERMINATING,"1,61",0,"165,65","167,26",2,NONTERMINATING,6,3,9,GNTA / GNTA
ATVA2026_benchmark/NON_TERM_LASSO//lasso_traces_Urban-2013WST-Fig1-alloca_false-termination.c/lasso_trace_1.txt,NONTERMINATING,"4,56",0,0,"4,56",2,NONTERMINATING,5,4,9,Fixpoint / Fixpoint
ATVA2026_benchmark/NON_TERM_LASSO//lasso_traces_Urban-2013WST-Fig1-alloca_valid-memsafety.c/lasso_trace_1.txt,NONTERMINATING,"3,75",0,0,"3,75",2,NONTERMINATING,6,4,10,Fixpoint / Fixpoint
ATVA2026_benchmark/NON_TERM_LASSO//lasso_traces_Urban-2013WST-Fig1-alloca.c/lasso_trace_1.txt,NONTERMINATING,"3,74",0,0,"3,74",2,NONTERMINATING,6,4,10,Fixpoint / Fixpoint
ATVA2026_benchmark/NON_TERM_LASSO//lasso_traces_Urban-WST2013-Fig1_false-termination.c/lasso_trace_1.txt,NONTERMINATING,"2,87",0,0,"2,87",2,NONTERMINATING,5,1,6,Fixpoint / Fixpoint
ATVA2026_benchmark/NON_TERM_LASSO//lasso_traces_Urban-WST2013-Fig1_no-overflow.c/lasso_trace_1.txt,NONTERMINATING,"2,83",0,0,"2,83",2,NONTERMINATING,5,1,6,Fixpoint / Fixpoint
ATVA2026_benchmark/NON_TERM_LASSO//lasso_traces_Urban-WST2013-Fig1.c/lasso_trace_1.txt,NONTERMINATING,"2,92",0,0,"2,92",2,NONTERMINATING,5,1,6,Fixpoint / Fixpoint
ATVA2026_benchmark/NON_TERM_LASSO//lasso_traces_UselessIncrement.bpl/lasso_trace_2.txt,NONTERMINATING,"0,59",0,"79,46","80,05",2,NONTERMINATING,2,1,3,GNTA / GNTA
ATVA2026_benchmark/NON_TERM_LASSO//lasso_traces_VariableDeclarationInLoops.c/lasso_trace_1.txt,NONTERMINATING,"2,87",0,0,"2,87",1,NONTERMINATING,5,2,7,Fixpoint / Fixpoint
ATVA2026_benchmark/NON_TERM_LASSO//lasso_traces_Velroyen_false-termination.c/lasso_trace_1.txt,NONTERMINATING,"3,12",0,0,"3,12",2,NONTERMINATING,5,1,6,Fixpoint / Fixpoint
ATVA2026_benchmark/NON_TERM_LASSO//lasso_traces_Velroyen_no-overflow.c/lasso_trace_1.txt,NONTERMINATING,"3,26",0,0,"3,26",2,NONTERMINATING,5,1,6,Fixpoint / Fixpoint
ATVA2026_benchmark/NON_TERM_LASSO//lasso_traces_Velroyen-alloca_false-termination.c/lasso_trace_3.txt,NONTERMINATING,"1,76",0,0,"1,76",3,NONTERMINATING,9,9,18,Fixpoint / Fixpoint
ATVA2026_benchmark/NON_TERM_LASSO//lasso_traces_Velroyen-alloca_valid-memsafety.c/lasso_trace_3.txt,NONTERMINATING,"2,13",0,0,"2,13",3,NONTERMINATING,10,9,19,Fixpoint / Fixpoint
ATVA2026_benchmark/NON_TERM_LASSO//lasso_traces_Velroyen-alloca.c/lasso_trace_3.txt,NONTERMINATING,"1,98",0,0,"1,98",3,NONTERMINATING,10,9,19,Fixpoint / Fixpoint
ATVA2026_benchmark/NON_TERM_LASSO//lasso_traces_Velroyen.c/lasso_trace_1.txt,NONTERMINATING,"3,71",0,0,"3,71",2,NONTERMINATING,5,1,6,Fixpoint / Fixpoint
ATVA2026_benchmark/NON_TERM_LASSO//lasso_traces_Velroyen08-complInterv2.bpl/lasso_trace_1.txt,NONTERMINATING,"5,15",0,0,"5,15",2,NONTERMINATING,1,1,2,Fixpoint / Fixpoint
ATVA2026_benchmark/NON_TERM_LASSO//lasso_traces_Velroyen08-complInterv3.bpl/lasso_trace_1.txt,NONTERMINATING,"3,51",0,"60,26","63,77",3,NONTERMINATING,1,1,2,GNTA / GNTA
ATVA2026_benchmark/NON_TERM_LASSO//lasso_traces_Velroyen08-convLower.bpl/lasso_trace_1.txt,NONTERMINATING,"5,19",0,0,"5,19",1,NONTERMINATING,1,1,2,Fixpoint / Fixpoint
ATVA2026_benchmark/NON_TERM_LASSO//lasso_traces_Velroyen08-cousot.bpl/lasso_trace_1.txt,NONTERMINATING,"4,12",0,"93,64","97,76",4,NONTERMINATING,1,1,2,GNTA / GNTA
ATVA2026_benchmark/NON_TERM_LASSO//lasso_traces_Velroyen08-even.bpl/lasso_trace_1.txt,NONTERMINATING,"2,36",0,"92,85","95,21",2,NONTERMINATING,1,2,3,GNTA / GNTA
ATVA2026_benchmark/NON_TERM_LASSO//lasso_traces_Velroyen08-ex01.bpl/lasso_trace_1.txt,NONTERMINATING,"3,62",0,"76,89","80,51",2,NONTERMINATING,1,1,2,GNTA / GNTA
ATVA2026_benchmark/NON_TERM_LASSO//lasso_traces_Velroyen08-ex02.bpl/lasso_trace_1.txt,NONTERMINATING,"4,67",0,0,"4,67",2,NONTERMINATING,1,1,2,Fixpoint / Fixpoint
ATVA2026_benchmark/NON_TERM_LASSO//lasso_traces_Velroyen08-ex03.bpl/lasso_trace_1.txt,NONTERMINATING,"4,93",0,0,"4,93",2,NONTERMINATING,1,1,2,Fixpoint / Fixpoint
ATVA2026_benchmark/NON_TERM_LASSO//lasso_traces_Velroyen08-ex04.bpl/lasso_trace_1.txt,NONTERMINATING,"2,06",0,0,"2,06",1,NONTERMINATING,1,1,2,Fixpoint / Fixpoint
ATVA2026_benchmark/NON_TERM_LASSO//lasso_traces_Velroyen08-ex05.bpl/lasso_trace_1.txt,NONTERMINATING,"2,04",0,0,"2,04",1,NONTERMINATING,1,1,2,Fixpoint / Fixpoint
ATVA2026_benchmark/NON_TERM_LASSO//lasso_traces_Velroyen08-ex07.bpl/lasso_trace_1.txt,NONTERMINATING,"4,99",0,0,"4,99",1,NONTERMINATING,1,1,2,Fixpoint / Fixpoint
ATVA2026_benchmark/NON_TERM_LASSO//lasso_traces_Velroyen08-lcm.bpl/lasso_trace_1.txt,NONTERMINATING,"9,88",0,0,"9,88",2,NONTERMINATING,1,1,2,Fixpoint / Fixpoint
ATVA2026_benchmark/NON_TERM_LASSO//lasso_traces_Velroyen08-marbie1.bpl/lasso_trace_1.txt,NONTERMINATING,"4,53",0,"66,64","71,17",2,NONTERMINATING,1,1,2,GNTA / GNTA
ATVA2026_benchmark/NON_TERM_LASSO//lasso_traces_Velroyen08-marbie2.bpl/lasso_trace_1.txt,NONTERMINATING,"2,17",0,0,"2,17",1,NONTERMINATING,1,1,2,Fixpoint / Fixpoint
ATVA2026_benchmark/NON_TERM_LASSO//lasso_traces_Velroyen08-middle.bpl/lasso_trace_1.txt,NONTERMINATING,"4,02",0,"80,68","84,7",3,NONTERMINATING,1,1,2,GNTA / GNTA
ATVA2026_benchmark/NON_TERM_LASSO//lasso_traces_Velroyen08-mirrorIntervSim.bpl/lasso_trace_1.txt,NONTERMINATING,"7,18",0,0,"7,18",2,NONTERMINATING,1,3,4,Fixpoint / Fixpoint
ATVA2026_benchmark/NON_TERM_LASSO//lasso_traces_Velroyen08-trueDiv.bpl/lasso_trace_1.txt,NONTERMINATING,"2,41",0,"104,15","106,56",2,NONTERMINATING,1,1,2,GNTA / GNTA
ATVA2026_benchmark/NON_TERM_LASSO//lasso_traces_Velroyen08-whileIncr.bpl/lasso_trace_1.txt,NONTERMINATING,"3,8",0,"71,71","75,51",2,NONTERMINATING,1,1,2,GNTA / GNTA
ATVA2026_benchmark/NON_TERM_LASSO//lasso_traces_Velroyen08-whileIncrPart.bpl/lasso_trace_1.txt,NONTERMINATING,"2,46",0,"74,21","76,67",2,NONTERMINATING,1,1,2,GNTA / GNTA
ATVA2026_benchmark/NON_TERM_LASSO//lasso_traces_Velroyen08-whileNested.bpl/lasso_trace_2.txt,NONTERMINATING,"0,82",0,"60,31","61,13",2,NONTERMINATING,2,1,3,GNTA / GNTA
ATVA2026_benchmark/NON_TERM_LASSO//lasso_traces_Velroyen08-whileNestedOffset.bpl/lasso_trace_2.txt,NONTERMINATING,"0,8",0,"55,31","56,11",2,NONTERMINATING,2,1,3,GNTA / GNTA
ATVA2026_benchmark/NON_TERM_LASSO//lasso_traces_Velroyen08-whilePart.bpl/lasso_trace_1.txt,NONTERMINATING,"6,14",0,0,"6,14",1,NONTERMINATING,1,1,2,Fixpoint / Fixpoint
ATVA2026_benchmark/NON_TERM_LASSO//lasso_traces_Velroyen08-whileSingle.bpl/lasso_trace_1.txt,NONTERMINATING,"7,48",0,0,"7,48",1,NONTERMINATING,1,1,2,Fixpoint / Fixpoint
ATVA2026_benchmark/NON_TERM_LASSO//lasso_traces_Velroyen08-whileTrue.bpl/lasso_trace_1.txt,NONTERMINATING,"2,3",0,0,"2,3",1,NONTERMINATING,1,1,2,Fixpoint / Fixpoint
ATVA2026_benchmark/NON_TERM_LASSO//lasso_traces_w1.t2.c/lasso_trace_1.txt,NONTERMINATING,"2,46",0,0,"2,46",1,NONTERMINATING,21,20,41,Fixpoint / Fixpoint
ATVA2026_benchmark/NON_TERM_LASSO//lasso_traces_w2_nt.t2.c/lasso_trace_2.txt,NONTERMINATING,"1,93",0,0,"1,93",4,NONTERMINATING,230,13,243,Fixpoint / Fixpoint
ATVA2026_benchmark/NON_TERM_LASSO//lasso_traces_WaldkirchSiensbach.bpl/lasso_trace_1.txt,NONTERMINATING,"2,43",0,"50,09","52,52",1,NONTERMINATING,0,1,1,GNTA / GNTA
ATVA2026_benchmark/NON_TERM_LASSO//lasso_traces_WaldkirchSuggental.bpl/lasso_trace_1.txt,NONTERMINATING,"4,1",0,0,"4,1",1,NONTERMINATING,0,1,1,Fixpoint / Fixpoint
ATVA2026_benchmark/NON_TERM_LASSO//lasso_traces_walk.t2.c/lasso_trace_1.txt,NONTERMINATING,"1,78",0,"577,41","579,19",3,NONTERMINATING,129,23,152,GNTA / GNTA
ATVA2026_benchmark/NON_TERM_LASSO//lasso_traces_WhileIncr_false-no-overflow_false-termination.c/lasso_trace_1.txt,NONTERMINATING,2,0,"89,58","91,58",2,NONTERMINATING,5,1,6,GNTA / GNTA
ATVA2026_benchmark/NON_TERM_LASSO//lasso_traces_WhileIncr.c/lasso_trace_1.txt,NONTERMINATING,"2,02",0,"84,86","86,88",2,NONTERMINATING,5,1,6,GNTA / GNTA
ATVA2026_benchmark/NON_TERM_LASSO//lasso_traces_WhileIncrPart_false-no-overflow_false-termination.c/lasso_trace_1.txt,NONTERMINATING,"1,93",0,"100,46","102,39",3,NONTERMINATING,5,1,6,GNTA / GNTA
ATVA2026_benchmark/NON_TERM_LASSO//lasso_traces_WhileIncrPart.c/lasso_trace_1.txt,NONTERMINATING,"1,88",0,"90,88","92,76",2,NONTERMINATING,5,1,6,GNTA / GNTA
ATVA2026_benchmark/NON_TERM_LASSO//lasso_traces_WhileNested_false-no-overflow_false-termination.c/lasso_trace_2.txt,NONTERMINATING,"0,48",0,"80,52",81,2,NONTERMINATING,6,1,7,GNTA / GNTA
ATVA2026_benchmark/NON_TERM_LASSO//lasso_traces_whileNested_rec.bpl/lasso_trace_1.txt,NONTERMINATING,"2,79",0,"99,57","102,36",3,NONTERMINATING,0,3,3,GNTA / GNTA
ATVA2026_benchmark/NON_TERM_LASSO//lasso_traces_WhileNested.c/lasso_trace_2.txt,NONTERMINATING,"0,49",0,"83,07","83,56",2,NONTERMINATING,6,1,7,GNTA / GNTA
ATVA2026_benchmark/NON_TERM_LASSO//lasso_traces_WhileNestedOffset_false-no-overflow_false-termination.c/lasso_trace_2.txt,NONTERMINATING,"0,5",0,"88,56","89,06",2,NONTERMINATING,6,1,7,GNTA / GNTA
ATVA2026_benchmark/NON_TERM_LASSO//lasso_traces_whileNestedOffset_rec.bpl/lasso_trace_1.txt,NONTERMINATING,"2,41",0,"102,63","105,04",2,NONTERMINATING,0,3,3,GNTA / GNTA
ATVA2026_benchmark/NON_TERM_LASSO//lasso_traces_WhileNestedOffset.c/lasso_trace_2.txt,NONTERMINATING,"0,59",0,"84,34","84,93",2,NONTERMINATING,6,1,7,GNTA / GNTA
ATVA2026_benchmark/NON_TERM_LASSO//lasso_traces_WhilePart_no-overflow.c/lasso_trace_1.txt,NONTERMINATING,"3,02",0,0,"3,02",2,NONTERMINATING,5,1,6,Fixpoint / Fixpoint
ATVA2026_benchmark/NON_TERM_LASSO//lasso_traces_WhilePart.c/lasso_trace_1.txt,NONTERMINATING,"2,99",0,0,"2,99",1,NONTERMINATING,5,1,6,Fixpoint / Fixpoint
ATVA2026_benchmark/NON_TERM_LASSO//lasso_traces_WhileSingle_no-overflow.c/lasso_trace_1.txt,NONTERMINATING,"4,79",0,0,"4,79",2,NONTERMINATING,5,1,6,Fixpoint / Fixpoint
ATVA2026_benchmark/NON_TERM_LASSO//lasso_traces_WhileSingle.c/lasso_trace_1.txt,NONTERMINATING,"3,18",0,0,"3,18",2,NONTERMINATING,5,1,6,Fixpoint / Fixpoint
ATVA2026_benchmark/NON_TERM_LASSO//lasso_traces_WhileTrue_false-termination.c/lasso_trace_1.txt,NONTERMINATING,"2,92",0,0,"2,92",1,NONTERMINATING,4,1,5,Fixpoint / Fixpoint
ATVA2026_benchmark/NON_TERM_LASSO//lasso_traces_WhileTrue_no-overflow.c/lasso_trace_1.txt,NONTERMINATING,"1,83",0,"88,27","90,1",2,NONTERMINATING,5,1,6,GNTA / GNTA
ATVA2026_benchmark/NON_TERM_LASSO//lasso_traces_WhileTrue.bpl/lasso_trace_1.txt,NONTERMINATING,"3,85",0,0,"3,85",1,NONTERMINATING,0,1,1,Fixpoint / Fixpoint
ATVA2026_benchmark/NON_TERM_LASSO//lasso_traces_WhileTrue.c/lasso_trace_1.txt,NONTERMINATING,"1,74",0,"87,89","89,63",2,NONTERMINATING,5,1,6,GNTA / GNTA
ATVA2026_benchmark/NON_TERM_LASSO//lasso_traces_WhileTrueInc_false-no-overflow_false-termination.c/lasso_trace_1.txt,NONTERMINATING,"2,03",0,"96,82","98,85",2,NONTERMINATING,5,1,6,GNTA / GNTA
ATVA2026_benchmark/NON_TERM_LASSO//lasso_traces_wrong_loop.t2.c/lasso_trace_6.txt,NONTERMINATING,"0,96",0,0,"0,96",2,NONTERMINATING,194,35,229,Fixpoint / Fixpoint
ATVA2026_benchmark/NON_TERM_LASSO//lasso_traces_xor-01-false_no-overflow.c/lasso_trace_1.txt,NONTERMINATING,"2,04",0,"76,96",79,2,NONTERMINATING,5,1,6,GNTA / GNTA
ATVA2026_benchmark/NON_TERM_LASSO//lasso_traces_xor-01-false.c/lasso_trace_1.txt,NONTERMINATING,"2,16",0,"78,78","80,94",2,NONTERMINATING,5,1,6,GNTA / GNTA
ATVA2026_benchmark/NON_TERM_LASSO/lasso_traces_b---+[.bpl/lasso_trace_1.txt,NONTERMINATING,"7,08",0,0,"7,08",2,NONTERMINATING,1,1,2,Fixpoint / Fixpoint
ATVA2026_benchmark/NON_TERM_LASSO/lasso_traces_b--]+[.bpl/lasso_trace_2.txt,NONTERMINATING,"2,92",0,0,"2,92",2,NONTERMINATING,2,1,3,Fixpoint / Fixpoint
ATVA2026_benchmark/NON_TERM_LASSO/lasso_traces_b--+[.bpl/lasso_trace_1.txt,NONTERMINATING,"3,64",0,0,"3,64",2,NONTERMINATING,1,1,2,Fixpoint / Fixpoint
ATVA2026_benchmark/NON_TERM_LASSO/lasso_traces_b--+[[.bpl/lasso_trace_2.txt,NONTERMINATING,"4,21",0,0,"4,21",2,NONTERMINATING,2,1,3,Fixpoint / Fixpoint
ATVA2026_benchmark/NON_TERM_LASSO/lasso_traces_b--+[].bpl/lasso_trace_1.txt,NONTERMINATING,"5,92",0,0,"5,92",2,NONTERMINATING,1,1,2,Fixpoint / Fixpoint
ATVA2026_benchmark/NON_TERM_LASSO/lasso_traces_b--++[.bpl/lasso_trace_1.txt,NONTERMINATING,"3,73",0,0,"3,73",2,NONTERMINATING,1,1,2,Fixpoint / Fixpoint
ATVA2026_benchmark/NON_TERM_LASSO/lasso_traces_b--b+[.bpl/lasso_trace_1.txt,NONTERMINATING,"10,67",0,0,"10,67",2,NONTERMINATING,1,1,2,Fixpoint / Fixpoint
ATVA2026_benchmark/NON_TERM_LASSO/lasso_traces_b--d+[.bpl/lasso_trace_1.txt,NONTERMINATING,"2,99",0,0,"2,99",2,NONTERMINATING,1,1,2,Fixpoint / Fixpoint
ATVA2026_benchmark/NON_TERM_LASSO/lasso_traces_b-[]+[.bpl/lasso_trace_2.txt,NONTERMINATING,"3,74",0,0,"3,74",2,NONTERMINATING,2,1,3,Fixpoint / Fixpoint
ATVA2026_benchmark/NON_TERM_LASSO/lasso_traces_b-]-+[.bpl/lasso_trace_2.txt,NONTERMINATING,"3,23",0,0,"3,23",2,NONTERMINATING,2,1,3,Fixpoint / Fixpoint
ATVA2026_benchmark/NON_TERM_LASSO/lasso_traces_b-]]+[.bpl/lasso_trace_3.txt,NONTERMINATING,"2,82",0,0,"2,82",2,NONTERMINATING,2,1,3,Fixpoint / Fixpoint
ATVA2026_benchmark/NON_TERM_LASSO/lasso_traces_b-]+[.bpl/lasso_trace_2.txt,NONTERMINATING,"2,87",0,0,"2,87",2,NONTERMINATING,2,1,3,Fixpoint / Fixpoint
ATVA2026_benchmark/NON_TERM_LASSO/lasso_traces_b-]+[[.bpl/lasso_trace_3.txt,NONTERMINATING,"2,94",0,0,"2,94",2,NONTERMINATING,3,1,4,Fixpoint / Fixpoint
ATVA2026_benchmark/NON_TERM_LASSO/lasso_traces_b-]+[].bpl/lasso_trace_2.txt,NONTERMINATING,"2,89",0,0,"2,89",2,NONTERMINATING,2,1,3,Fixpoint / Fixpoint
ATVA2026_benchmark/NON_TERM_LASSO/lasso_traces_b-]+[d.bpl/lasso_trace_2.txt,NONTERMINATING,"2,88",0,0,"2,88",2,NONTERMINATING,2,1,3,Fixpoint / Fixpoint
ATVA2026_benchmark/NON_TERM_LASSO/lasso_traces_b-]++[.bpl/lasso_trace_2.txt,NONTERMINATING,"3,93",0,0,"3,93",1,NONTERMINATING,2,1,3,Fixpoint / Fixpoint
ATVA2026_benchmark/NON_TERM_LASSO/lasso_traces_b-]+d[.bpl/lasso_trace_2.txt,NONTERMINATING,"2,56",0,0,"2,56",2,NONTERMINATING,2,1,3,Fixpoint / Fixpoint
ATVA2026_benchmark/NON_TERM_LASSO/lasso_traces_b-]b+[.bpl/lasso_trace_2.txt,NONTERMINATING,"2,77",0,0,"2,77",2,NONTERMINATING,2,1,3,Fixpoint / Fixpoint
ATVA2026_benchmark/NON_TERM_LASSO/lasso_traces_b-]d+[.bpl/lasso_trace_2.txt,NONTERMINATING,"2,78",0,0,"2,78",2,NONTERMINATING,2,1,3,Fixpoint / Fixpoint
ATVA2026_benchmark/NON_TERM_LASSO/lasso_traces_b-+-+[.bpl/lasso_trace_1.txt,NONTERMINATING,"4,44",0,0,"4,44",2,NONTERMINATING,1,1,2,Fixpoint / Fixpoint
ATVA2026_benchmark/NON_TERM_LASSO/lasso_traces_b-+[-+.bpl/lasso_trace_1.txt,NONTERMINATING,"4,18",0,0,"4,18",2,NONTERMINATING,1,1,2,Fixpoint / Fixpoint
ATVA2026_benchmark/NON_TERM_LASSO/lasso_traces_b-+[.bpl/lasso_trace_1.txt,NONTERMINATING,"9,25",0,0,"9,25",2,NONTERMINATING,1,1,2,Fixpoint / Fixpoint
ATVA2026_benchmark/NON_TERM_LASSO/lasso_traces_b-+[[.bpl/lasso_trace_2.txt,NONTERMINATING,"4,98",0,0,"4,98",2,NONTERMINATING,2,1,3,Fixpoint / Fixpoint
ATVA2026_benchmark/NON_TERM_LASSO/lasso_traces_b-+[[[.bpl/lasso_trace_2.txt,NONTERMINATING,"4,07",0,0,"4,07",2,NONTERMINATING,3,1,4,Fixpoint / Fixpoint
ATVA2026_benchmark/NON_TERM_LASSO/lasso_traces_b-+[]-.bpl/lasso_trace_1.txt,NONTERMINATING,"4,54",0,0,"4,54",2,NONTERMINATING,1,1,2,Fixpoint / Fixpoint
ATVA2026_benchmark/NON_TERM_LASSO/lasso_traces_b-+[].bpl/lasso_trace_1.txt,NONTERMINATING,"4,41",0,0,"4,41",2,NONTERMINATING,1,1,2,Fixpoint / Fixpoint
ATVA2026_benchmark/NON_TERM_LASSO/lasso_traces_b-+[][.bpl/lasso_trace_1.txt,NONTERMINATING,"7,53",0,0,"7,53",2,NONTERMINATING,1,1,2,Fixpoint / Fixpoint
ATVA2026_benchmark/NON_TERM_LASSO/lasso_traces_b-+[]+.bpl/lasso_trace_1.txt,NONTERMINATING,"6,34",0,0,"6,34",2,NONTERMINATING,1,1,2,Fixpoint / Fixpoint
ATVA2026_benchmark/NON_TERM_LASSO/lasso_traces_b-+[]b.bpl/lasso_trace_1.txt,NONTERMINATING,"3,18",0,0,"3,18",2,NONTERMINATING,1,1,2,Fixpoint / Fixpoint
ATVA2026_benchmark/NON_TERM_LASSO/lasso_traces_b-+[]d.bpl/lasso_trace_1.txt,NONTERMINATING,"3,51",0,0,"3,51",2,NONTERMINATING,1,1,2,Fixpoint / Fixpoint
ATVA2026_benchmark/NON_TERM_LASSO/lasso_traces_b-+[+-.bpl/lasso_trace_1.txt,NONTERMINATING,"4,91",0,0,"4,91",2,NONTERMINATING,1,1,2,Fixpoint / Fixpoint
ATVA2026_benchmark/NON_TERM_LASSO/lasso_traces_b-+[+[.bpl/lasso_trace_2.txt,NONTERMINATING,"3,13",0,0,"3,13",2,NONTERMINATING,2,1,3,Fixpoint / Fixpoint
ATVA2026_benchmark/NON_TERM_LASSO/lasso_traces_b-+[bd.bpl/lasso_trace_1.txt,NONTERMINATING,"1,92",0,0,"1,92",2,NONTERMINATING,2,1,3,Fixpoint / Fixpoint
ATVA2026_benchmark/NON_TERM_LASSO/lasso_traces_b-+[db.bpl/lasso_trace_1.txt,NONTERMINATING,"4,18",0,0,"4,18",2,NONTERMINATING,1,1,2,Fixpoint / Fixpoint
ATVA2026_benchmark/NON_TERM_LASSO/lasso_traces_b-+]+[.bpl/lasso_trace_2.txt,NONTERMINATING,"3,38",0,0,"3,38",2,NONTERMINATING,2,1,3,Fixpoint / Fixpoint
ATVA2026_benchmark/NON_TERM_LASSO/lasso_traces_b-++-[.bpl/lasso_trace_1.txt,NONTERMINATING,"5,08",0,0,"5,08",2,NONTERMINATING,1,1,2,Fixpoint / Fixpoint
ATVA2026_benchmark/NON_TERM_LASSO/lasso_traces_b-++[.bpl/lasso_trace_1.txt,NONTERMINATING,"4,34",0,0,"4,34",2,NONTERMINATING,1,1,2,Fixpoint / Fixpoint
ATVA2026_benchmark/NON_TERM_LASSO/lasso_traces_b-++[[.bpl/lasso_trace_2.txt,NONTERMINATING,"4,21",0,0,"4,21",2,NONTERMINATING,2,1,3,Fixpoint / Fixpoint
ATVA2026_benchmark/NON_TERM_LASSO/lasso_traces_b-++[].bpl/lasso_trace_1.txt,NONTERMINATING,"4,67",0,0,"4,67",2,NONTERMINATING,1,1,2,Fixpoint / Fixpoint
ATVA2026_benchmark/NON_TERM_LASSO/lasso_traces_b-+++[.bpl/lasso_trace_1.txt,NONTERMINATING,"4,66",0,0,"4,66",2,NONTERMINATING,1,1,2,Fixpoint / Fixpoint
ATVA2026_benchmark/NON_TERM_LASSO/lasso_traces_b-+b+[.bpl/lasso_trace_1.txt,NONTERMINATING,"4,42",0,0,"4,42",2,NONTERMINATING,1,1,2,Fixpoint / Fixpoint
ATVA2026_benchmark/NON_TERM_LASSO/lasso_traces_b-+bd[.bpl/lasso_trace_1.txt,NONTERMINATING,"5,01",0,0,"5,01",2,NONTERMINATING,1,1,2,Fixpoint / Fixpoint
ATVA2026_benchmark/NON_TERM_LASSO/lasso_traces_b-+d+[.bpl/lasso_trace_1.txt,NONTERMINATING,"2,86",0,0,"2,86",2,NONTERMINATING,1,1,2,Fixpoint / Fixpoint
ATVA2026_benchmark/NON_TERM_LASSO/lasso_traces_b-+db[.bpl/lasso_trace_1.txt,NONTERMINATING,"5,7",0,0,"5,7",2,NONTERMINATING,1,1,2,Fixpoint / Fixpoint
ATVA2026_benchmark/NON_TERM_LASSO/lasso_traces_b-b-+[.bpl/lasso_trace_1.txt,NONTERMINATING,"3,08",0,0,"3,08",2,NONTERMINATING,1,1,2,Fixpoint / Fixpoint
ATVA2026_benchmark/NON_TERM_LASSO/lasso_traces_b-b]+[.bpl/lasso_trace_2.txt,NONTERMINATING,"2,64",0,0,"2,64",2,NONTERMINATING,2,1,3,Fixpoint / Fixpoint
ATVA2026_benchmark/NON_TERM_LASSO/lasso_traces_b-b+[.bpl/lasso_trace_1.txt,NONTERMINATING,"3,75",0,0,"3,75",2,NONTERMINATING,1,1,2,Fixpoint / Fixpoint
ATVA2026_benchmark/NON_TERM_LASSO/lasso_traces_b-b+[[.bpl/lasso_trace_2.txt,NONTERMINATING,"3,18",0,0,"3,18",2,NONTERMINATING,2,1,3,Fixpoint / Fixpoint
ATVA2026_benchmark/NON_TERM_LASSO/lasso_traces_b-b+[].bpl/lasso_trace_1.txt,NONTERMINATING,"4,85",0,0,"4,85",2,NONTERMINATING,1,1,2,Fixpoint / Fixpoint
ATVA2026_benchmark/NON_TERM_LASSO/lasso_traces_b-b++[.bpl/lasso_trace_1.txt,NONTERMINATING,"4,92",0,0,"4,92",2,NONTERMINATING,1,1,2,Fixpoint / Fixpoint
ATVA2026_benchmark/NON_TERM_LASSO/lasso_traces_b-bb+[.bpl/lasso_trace_1.txt,NONTERMINATING,"9,23",0,0,"9,23",2,NONTERMINATING,1,1,2,Fixpoint / Fixpoint
ATVA2026_benchmark/NON_TERM_LASSO/lasso_traces_b-bd+[.bpl/lasso_trace_1.txt,NONTERMINATING,"6,35",0,0,"6,35",2,NONTERMINATING,1,1,2,Fixpoint / Fixpoint
ATVA2026_benchmark/NON_TERM_LASSO/lasso_traces_b-d-+[.bpl/lasso_trace_1.txt,NONTERMINATING,"3,04",0,0,"3,04",1,NONTERMINATING,1,1,2,Fixpoint / Fixpoint
ATVA2026_benchmark/NON_TERM_LASSO/lasso_traces_b-d]+[.bpl/lasso_trace_2.txt,NONTERMINATING,"2,57",0,0,"2,57",2,NONTERMINATING,2,1,3,Fixpoint / Fixpoint
ATVA2026_benchmark/NON_TERM_LASSO/lasso_traces_b-d+[.bpl/lasso_trace_1.txt,NONTERMINATING,"2,84",0,0,"2,84",2,NONTERMINATING,1,1,2,Fixpoint / Fixpoint
ATVA2026_benchmark/NON_TERM_LASSO/lasso_traces_b-d+[[.bpl/lasso_trace_2.txt,NONTERMINATING,"2,61",0,0,"2,61",2,NONTERMINATING,2,1,3,Fixpoint / Fixpoint
ATVA2026_benchmark/NON_TERM_LASSO/lasso_traces_b-d+[].bpl/lasso_trace_1.txt,NONTERMINATING,"2,85",0,0,"2,85",1,NONTERMINATING,1,1,2,Fixpoint / Fixpoint
ATVA2026_benchmark/NON_TERM_LASSO/lasso_traces_b-d+[d.bpl/lasso_trace_1.txt,NONTERMINATING,"3,11",0,0,"3,11",2,NONTERMINATING,1,1,2,Fixpoint / Fixpoint
ATVA2026_benchmark/NON_TERM_LASSO/lasso_traces_b-d++[.bpl/lasso_trace_1.txt,NONTERMINATING,"2,74",0,0,"2,74",2,NONTERMINATING,1,1,2,Fixpoint / Fixpoint
ATVA2026_benchmark/NON_TERM_LASSO/lasso_traces_b-d+d[.bpl/lasso_trace_1.txt,NONTERMINATING,"2,9",0,0,"2,9",2,NONTERMINATING,1,1,2,Fixpoint / Fixpoint
ATVA2026_benchmark/NON_TERM_LASSO/lasso_traces_b-db+[.bpl/lasso_trace_1.txt,NONTERMINATING,"5,81",0,0,"5,81",2,NONTERMINATING,1,1,2,Fixpoint / Fixpoint
ATVA2026_benchmark/NON_TERM_LASSO/lasso_traces_b-dd+[.bpl/lasso_trace_1.txt,NONTERMINATING,"2,81",0,0,"2,81",2,NONTERMINATING,1,1,2,Fixpoint / Fixpoint
ATVA2026_benchmark/NON_TERM_LASSO/lasso_traces_b[]-+[.bpl/lasso_trace_2.txt,NONTERMINATING,"4,41",0,0,"4,41",1,NONTERMINATING,2,1,3,Fixpoint / Fixpoint
ATVA2026_benchmark/NON_TERM_LASSO/lasso_traces_b[]+[.bpl/lasso_trace_2.txt,NONTERMINATING,"3,27",0,0,"3,27",2,NONTERMINATING,2,1,3,Fixpoint / Fixpoint
ATVA2026_benchmark/NON_TERM_LASSO/lasso_traces_b[]+[[.bpl/lasso_trace_3.txt,NONTERMINATING,"3,58",0,0,"3,58",2,NONTERMINATING,3,1,4,Fixpoint / Fixpoint
ATVA2026_benchmark/NON_TERM_LASSO/lasso_traces_b[]++[.bpl/lasso_trace_2.txt,NONTERMINATING,"3,87",0,0,"3,87",2,NONTERMINATING,2,1,3,Fixpoint / Fixpoint
ATVA2026_benchmark/NON_TERM_LASSO/lasso_traces_b[]b+[.bpl/lasso_trace_2.txt,NONTERMINATING,"3,44",0,0,"3,44",2,NONTERMINATING,2,1,3,Fixpoint / Fixpoint
ATVA2026_benchmark/NON_TERM_LASSO/lasso_traces_b[]d+[.bpl/lasso_trace_2.txt,NONTERMINATING,"2,7",0,0,"2,7",1,NONTERMINATING,2,1,3,Fixpoint / Fixpoint
ATVA2026_benchmark/NON_TERM_LASSO/lasso_traces_b]--+[.bpl/lasso_trace_2.txt,NONTERMINATING,"3,19",0,0,"3,19",2,NONTERMINATING,2,1,3,Fixpoint / Fixpoint
ATVA2026_benchmark/NON_TERM_LASSO/lasso_traces_b]-]+[.bpl/lasso_trace_3.txt,NONTERMINATING,"3,22",0,0,"3,22",2,NONTERMINATING,2,1,3,Fixpoint / Fixpoint
ATVA2026_benchmark/NON_TERM_LASSO/lasso_traces_b]-+[.bpl/lasso_trace_2.txt,NONTERMINATING,"4,08",0,0,"4,08",2,NONTERMINATING,2,1,3,Fixpoint / Fixpoint
ATVA2026_benchmark/NON_TERM_LASSO/lasso_traces_b]-+[[.bpl/lasso_trace_3.txt,NONTERMINATING,"3,17",0,0,"3,17",2,NONTERMINATING,3,1,4,Fixpoint / Fixpoint
ATVA2026_benchmark/NON_TERM_LASSO/lasso_traces_b]-+[].bpl/lasso_trace_2.txt,NONTERMINATING,"3,57",0,0,"3,57",2,NONTERMINATING,2,1,3,Fixpoint / Fixpoint
ATVA2026_benchmark/NON_TERM_LASSO/lasso_traces_b]-+[d.bpl/lasso_trace_2.txt,NONTERMINATING,"4,73",0,0,"4,73",2,NONTERMINATING,2,1,3,Fixpoint / Fixpoint
ATVA2026_benchmark/NON_TERM_LASSO/lasso_traces_b]-++[.bpl/lasso_trace_2.txt,NONTERMINATING,"3,5",0,0,"3,5",2,NONTERMINATING,2,1,3,Fixpoint / Fixpoint
ATVA2026_benchmark/NON_TERM_LASSO/lasso_traces_b]-+d[.bpl/lasso_trace_2.txt,NONTERMINATING,"3,89",0,0,"3,89",2,NONTERMINATING,2,1,3,Fixpoint / Fixpoint
ATVA2026_benchmark/NON_TERM_LASSO/lasso_traces_b]-b+[.bpl/lasso_trace_2.txt,NONTERMINATING,"3,08",0,0,"3,08",2,NONTERMINATING,2,1,3,Fixpoint / Fixpoint
ATVA2026_benchmark/NON_TERM_LASSO/lasso_traces_b]-d+[.bpl/lasso_trace_2.txt,NONTERMINATING,"3,6",0,0,"3,6",2,NONTERMINATING,2,1,3,Fixpoint / Fixpoint
ATVA2026_benchmark/NON_TERM_LASSO/lasso_traces_b][]+[.bpl/lasso_trace_2.txt,NONTERMINATING,"3,36",0,0,"3,36",2,NONTERMINATING,3,1,4,Fixpoint / Fixpoint
ATVA2026_benchmark/NON_TERM_LASSO/lasso_traces_b]]-+[.bpl/lasso_trace_3.txt,NONTERMINATING,"5,07",0,0,"5,07",2,NONTERMINATING,2,1,3,Fixpoint / Fixpoint
ATVA2026_benchmark/NON_TERM_LASSO/lasso_traces_b]]]+[.bpl/lasso_trace_3.txt,NONTERMINATING,"4,97",0,0,"4,97",2,NONTERMINATING,2,1,3,Fixpoint / Fixpoint
ATVA2026_benchmark/NON_TERM_LASSO/lasso_traces_b]]+[.bpl/lasso_trace_3.txt,NONTERMINATING,"2,84",0,0,"2,84",2,NONTERMINATING,2,1,3,Fixpoint / Fixpoint
ATVA2026_benchmark/NON_TERM_LASSO/lasso_traces_b]]+[[.bpl/lasso_trace_3.txt,NONTERMINATING,"3,76",0,0,"3,76",2,NONTERMINATING,3,1,4,Fixpoint / Fixpoint
ATVA2026_benchmark/NON_TERM_LASSO/lasso_traces_b]]+[].bpl/lasso_trace_3.txt,NONTERMINATING,"3,37",0,0,"3,37",3,NONTERMINATING,2,1,3,Fixpoint / Fixpoint
ATVA2026_benchmark/NON_TERM_LASSO/lasso_traces_b]]+[d.bpl/lasso_trace_3.txt,NONTERMINATING,"3,66",0,0,"3,66",2,NONTERMINATING,2,1,3,Fixpoint / Fixpoint
ATVA2026_benchmark/NON_TERM_LASSO/lasso_traces_b]]++[.bpl/lasso_trace_3.txt,NONTERMINATING,"3,1",0,0,"3,1",2,NONTERMINATING,2,1,3,Fixpoint / Fixpoint
ATVA2026_benchmark/NON_TERM_LASSO/lasso_traces_b]]+d[.bpl/lasso_trace_3.txt,NONTERMINATING,"2,95",0,0,"2,95",2,NONTERMINATING,2,1,3,Fixpoint / Fixpoint
ATVA2026_benchmark/NON_TERM_LASSO/lasso_traces_b]]b+[.bpl/lasso_trace_3.txt,NONTERMINATING,"3,55",0,0,"3,55",2,NONTERMINATING,2,1,3,Fixpoint / Fixpoint
ATVA2026_benchmark/NON_TERM_LASSO/lasso_traces_b]]d+[.bpl/lasso_trace_3.txt,NONTERMINATING,"3,48",0,0,"3,48",2,NONTERMINATING,2,1,3,Fixpoint / Fixpoint
ATVA2026_benchmark/NON_TERM_LASSO/lasso_traces_b]+-+[.bpl/lasso_trace_2.txt,NONTERMINATING,"3,69",0,0,"3,69",2,NONTERMINATING,2,1,3,Fixpoint / Fixpoint
ATVA2026_benchmark/NON_TERM_LASSO/lasso_traces_b]+[-+.bpl/lasso_trace_2.txt,NONTERMINATING,"4,32",0,0,"4,32",2,NONTERMINATING,2,1,3,Fixpoint / Fixpoint
ATVA2026_benchmark/NON_TERM_LASSO/lasso_traces_b]+[.bpl/lasso_trace_2.txt,NONTERMINATING,"3,95",0,0,"3,95",2,NONTERMINATING,2,1,3,Fixpoint / Fixpoint
ATVA2026_benchmark/NON_TERM_LASSO/lasso_traces_b]+[[.bpl/lasso_trace_3.txt,NONTERMINATING,"3,96",0,0,"3,96",1,NONTERMINATING,3,1,4,Fixpoint / Fixpoint
ATVA2026_benchmark/NON_TERM_LASSO/lasso_traces_b]+[[[.bpl/lasso_trace_3.txt,NONTERMINATING,"3,64",0,0,"3,64",2,NONTERMINATING,4,1,5,Fixpoint / Fixpoint
ATVA2026_benchmark/NON_TERM_LASSO/lasso_traces_b]+[[d.bpl/lasso_trace_4.txt,NONTERMINATING,"3,69",0,0,"3,69",2,NONTERMINATING,3,1,4,Fixpoint / Fixpoint
ATVA2026_benchmark/NON_TERM_LASSO/lasso_traces_b]+[]-.bpl/lasso_trace_2.txt,NONTERMINATING,"4,19",0,0,"4,19",1,NONTERMINATING,2,1,3,Fixpoint / Fixpoint
ATVA2026_benchmark/NON_TERM_LASSO/lasso_traces_b]+[].bpl/lasso_trace_2.txt,NONTERMINATING,"3,58",0,0,"3,58",2,NONTERMINATING,2,1,3,Fixpoint / Fixpoint
ATVA2026_benchmark/NON_TERM_LASSO/lasso_traces_b]+[][.bpl/lasso_trace_2.txt,NONTERMINATING,"3,3",0,0,"3,3",1,NONTERMINATING,2,1,3,Fixpoint / Fixpoint
ATVA2026_benchmark/NON_TERM_LASSO/lasso_traces_b]+[]+.bpl/lasso_trace_2.txt,NONTERMINATING,"3,84",0,0,"3,84",2,NONTERMINATING,2,1,3,Fixpoint / Fixpoint
ATVA2026_benchmark/NON_TERM_LASSO/lasso_traces_b]+[]b.bpl/lasso_trace_2.txt,NONTERMINATING,"2,54",0,0,"2,54",2,NONTERMINATING,2,1,3,Fixpoint / Fixpoint
ATVA2026_benchmark/NON_TERM_LASSO/lasso_traces_b]+[]d.bpl/lasso_trace_2.txt,NONTERMINATING,"4,79",0,0,"4,79",2,NONTERMINATING,2,1,3,Fixpoint / Fixpoint
ATVA2026_benchmark/NON_TERM_LASSO/lasso_traces_b]+[+-.bpl/lasso_trace_2.txt,NONTERMINATING,"7,61",0,0,"7,61",2,NONTERMINATING,2,1,3,Fixpoint / Fixpoint
ATVA2026_benchmark/NON_TERM_LASSO/lasso_traces_b]+[+[.bpl/lasso_trace_3.txt,NONTERMINATING,"3,5",0,0,"3,5",2,NONTERMINATING,3,1,4,Fixpoint / Fixpoint
ATVA2026_benchmark/NON_TERM_LASSO/lasso_traces_b]+[bd.bpl/lasso_trace_2.txt,NONTERMINATING,"2,36",0,0,"2,36",2,NONTERMINATING,3,1,4,Fixpoint / Fixpoint
ATVA2026_benchmark/NON_TERM_LASSO/lasso_traces_b]+[d.bpl/lasso_trace_2.txt,NONTERMINATING,"8,83",0,0,"8,83",2,NONTERMINATING,2,1,3,Fixpoint / Fixpoint
ATVA2026_benchmark/NON_TERM_LASSO/lasso_traces_b]+[d[.bpl/lasso_trace_3.txt,NONTERMINATING,"3,39",0,0,"3,39",2,NONTERMINATING,3,1,4,Fixpoint / Fixpoint
ATVA2026_benchmark/NON_TERM_LASSO/lasso_traces_b]+[dd.bpl/lasso_trace_2.txt,NONTERMINATING,"2,9",0,0,"2,9",2,NONTERMINATING,2,1,3,Fixpoint / Fixpoint
ATVA2026_benchmark/NON_TERM_LASSO/lasso_traces_b]+]+[.bpl/lasso_trace_2.txt,NONTERMINATING,"6,29",0,0,"6,29",2,NONTERMINATING,2,1,3,Fixpoint / Fixpoint
ATVA2026_benchmark/NON_TERM_LASSO/lasso_traces_b]++-[.bpl/lasso_trace_2.txt,NONTERMINATING,"4,09",0,0,"4,09",1,NONTERMINATING,2,1,3,Fixpoint / Fixpoint
ATVA2026_benchmark/NON_TERM_LASSO/lasso_traces_b]++[.bpl/lasso_trace_2.txt,NONTERMINATING,"4,2",0,0,"4,2",1,NONTERMINATING,2,1,3,Fixpoint / Fixpoint
ATVA2026_benchmark/NON_TERM_LASSO/lasso_traces_b]++[[.bpl/lasso_trace_3.txt,NONTERMINATING,"8,04",0,0,"8,04",2,NONTERMINATING,3,1,4,Fixpoint / Fixpoint
ATVA2026_benchmark/NON_TERM_LASSO/lasso_traces_b]++[].bpl/lasso_trace_2.txt,NONTERMINATING,"3,81",0,0,"3,81",1,NONTERMINATING,2,1,3,Fixpoint / Fixpoint
ATVA2026_benchmark/NON_TERM_LASSO/lasso_traces_b]++[d.bpl/lasso_trace_2.txt,NONTERMINATING,"4,42",0,0,"4,42",2,NONTERMINATING,2,1,3,Fixpoint / Fixpoint
ATVA2026_benchmark/NON_TERM_LASSO/lasso_traces_b]+++[.bpl/lasso_trace_2.txt,NONTERMINATING,"3,46",0,0,"3,46",2,NONTERMINATING,2,1,3,Fixpoint / Fixpoint
ATVA2026_benchmark/NON_TERM_LASSO/lasso_traces_b]++d[.bpl/lasso_trace_2.txt,NONTERMINATING,"3,35",0,0,"3,35",1,NONTERMINATING,2,1,3,Fixpoint / Fixpoint
ATVA2026_benchmark/NON_TERM_LASSO/lasso_traces_b]+b+[.bpl/lasso_trace_2.txt,NONTERMINATING,"2,55",0,0,"2,55",2,NONTERMINATING,2,1,3,Fixpoint / Fixpoint
ATVA2026_benchmark/NON_TERM_LASSO/lasso_traces_b]+bd[.bpl/lasso_trace_2.txt,NONTERMINATING,"3,44",0,0,"3,44",2,NONTERMINATING,2,1,3,Fixpoint / Fixpoint
ATVA2026_benchmark/NON_TERM_LASSO/lasso_traces_b]+d[.bpl/lasso_trace_2.txt,NONTERMINATING,"3,62",0,0,"3,62",2,NONTERMINATING,2,1,3,Fixpoint / Fixpoint
ATVA2026_benchmark/NON_TERM_LASSO/lasso_traces_b]+d[[.bpl/lasso_trace_3.txt,NONTERMINATING,"3,04",0,0,"3,04",2,NONTERMINATING,3,1,4,Fixpoint / Fixpoint
ATVA2026_benchmark/NON_TERM_LASSO/lasso_traces_b]+d[].bpl/lasso_trace_2.txt,NONTERMINATING,"3,5",0,0,"3,5",2,NONTERMINATING,2,1,3,Fixpoint / Fixpoint
ATVA2026_benchmark/NON_TERM_LASSO/lasso_traces_b]+d[d.bpl/lasso_trace_2.txt,NONTERMINATING,"2,82",0,0,"2,82",2,NONTERMINATING,2,1,3,Fixpoint / Fixpoint
ATVA2026_benchmark/NON_TERM_LASSO/lasso_traces_b]+d+[.bpl/lasso_trace_2.txt,NONTERMINATING,"3,23",0,0,"3,23",2,NONTERMINATING,2,1,3,Fixpoint / Fixpoint
ATVA2026_benchmark/NON_TERM_LASSO/lasso_traces_b]+dd[.bpl/lasso_trace_2.txt,NONTERMINATING,"2,54",0,0,"2,54",2,NONTERMINATING,2,1,3,Fixpoint / Fixpoint
ATVA2026_benchmark/NON_TERM_LASSO/lasso_traces_b]b-+[.bpl/lasso_trace_2.txt,NONTERMINATING,"2,82",0,0,"2,82",2,NONTERMINATING,2,1,3,Fixpoint / Fixpoint
ATVA2026_benchmark/NON_TERM_LASSO/lasso_traces_b]b]+[.bpl/lasso_trace_3.txt,NONTERMINATING,"2,71",0,0,"2,71",2,NONTERMINATING,2,1,3,Fixpoint / Fixpoint
ATVA2026_benchmark/NON_TERM_LASSO/lasso_traces_b]b+[.bpl/lasso_trace_2.txt,NONTERMINATING,"2,45",0,0,"2,45",2,NONTERMINATING,2,1,3,Fixpoint / Fixpoint
ATVA2026_benchmark/NON_TERM_LASSO/lasso_traces_b]b+[[.bpl/lasso_trace_3.txt,NONTERMINATING,"2,69",0,0,"2,69",2,NONTERMINATING,3,1,4,Fixpoint / Fixpoint
ATVA2026_benchmark/NON_TERM_LASSO/lasso_traces_b]b+[].bpl/lasso_trace_2.txt,NONTERMINATING,"2,93",0,0,"2,93",2,NONTERMINATING,2,1,3,Fixpoint / Fixpoint
ATVA2026_benchmark/NON_TERM_LASSO/lasso_traces_b]b++[.bpl/lasso_trace_2.txt,NONTERMINATING,"2,6",0,0,"2,6",2,NONTERMINATING,2,1,3,Fixpoint / Fixpoint
ATVA2026_benchmark/NON_TERM_LASSO/lasso_traces_b]bb+[.bpl/lasso_trace_2.txt,NONTERMINATING,"13,8",0,0,"13,8",2,NONTERMINATING,2,1,3,Fixpoint / Fixpoint
ATVA2026_benchmark/NON_TERM_LASSO/lasso_traces_b]bd+[.bpl/lasso_trace_2.txt,NONTERMINATING,"3,43",0,0,"3,43",2,NONTERMINATING,2,1,3,Fixpoint / Fixpoint
ATVA2026_benchmark/NON_TERM_LASSO/lasso_traces_b]d-+[.bpl/lasso_trace_2.txt,NONTERMINATING,"3,31",0,0,"3,31",2,NONTERMINATING,2,1,3,Fixpoint / Fixpoint
ATVA2026_benchmark/NON_TERM_LASSO/lasso_traces_b]d]+[.bpl/lasso_trace_3.txt,NONTERMINATING,"3,51",0,0,"3,51",2,NONTERMINATING,2,1,3,Fixpoint / Fixpoint
ATVA2026_benchmark/NON_TERM_LASSO/lasso_traces_b]d+[.bpl/lasso_trace_2.txt,NONTERMINATING,"3,44",0,0,"3,44",2,NONTERMINATING,2,1,3,Fixpoint / Fixpoint
ATVA2026_benchmark/NON_TERM_LASSO/lasso_traces_b]d+[[.bpl/lasso_trace_3.txt,NONTERMINATING,"3,35",0,0,"3,35",2,NONTERMINATING,3,1,4,Fixpoint / Fixpoint
ATVA2026_benchmark/NON_TERM_LASSO/lasso_traces_b]d+[].bpl/lasso_trace_2.txt,NONTERMINATING,"2,91",0,0,"2,91",2,NONTERMINATING,2,1,3,Fixpoint / Fixpoint
ATVA2026_benchmark/NON_TERM_LASSO/lasso_traces_b]d+[d.bpl/lasso_trace_2.txt,NONTERMINATING,"2,8",0,0,"2,8",2,NONTERMINATING,2,1,3,Fixpoint / Fixpoint
ATVA2026_benchmark/NON_TERM_LASSO/lasso_traces_b]d++[.bpl/lasso_trace_2.txt,NONTERMINATING,"3,23",0,0,"3,23",1,NONTERMINATING,2,1,3,Fixpoint / Fixpoint
ATVA2026_benchmark/NON_TERM_LASSO/lasso_traces_b]d+d[.bpl/lasso_trace_2.txt,NONTERMINATING,"3,42",0,0,"3,42",2,NONTERMINATING,2,1,3,Fixpoint / Fixpoint
ATVA2026_benchmark/NON_TERM_LASSO/lasso_traces_b]db+[.bpl/lasso_trace_2.txt,NONTERMINATING,"3,47",0,0,"3,47",2,NONTERMINATING,2,1,3,Fixpoint / Fixpoint
ATVA2026_benchmark/NON_TERM_LASSO/lasso_traces_b]dd+[.bpl/lasso_trace_2.txt,NONTERMINATING,"3,59",0,0,"3,59",2,NONTERMINATING,2,1,3,Fixpoint / Fixpoint
ATVA2026_benchmark/NON_TERM_LASSO/lasso_traces_b+--+[.bpl/lasso_trace_1.txt,NONTERMINATING,"3,95",0,0,"3,95",2,NONTERMINATING,1,1,2,Fixpoint / Fixpoint
ATVA2026_benchmark/NON_TERM_LASSO/lasso_traces_b+-]+[.bpl/lasso_trace_2.txt,NONTERMINATING,"2,84",0,0,"2,84",2,NONTERMINATING,2,1,3,Fixpoint / Fixpoint
ATVA2026_benchmark/NON_TERM_LASSO/lasso_traces_b+-+[.bpl/lasso_trace_1.txt,NONTERMINATING,"4,17",0,0,"4,17",2,NONTERMINATING,1,1,2,Fixpoint / Fixpoint
ATVA2026_benchmark/NON_TERM_LASSO/lasso_traces_b+-+[[.bpl/lasso_trace_2.txt,NONTERMINATING,"3,37",0,0,"3,37",2,NONTERMINATING,2,1,3,Fixpoint / Fixpoint
ATVA2026_benchmark/NON_TERM_LASSO/lasso_traces_b+-+[].bpl/lasso_trace_1.txt,NONTERMINATING,"4,61",0,0,"4,61",1,NONTERMINATING,1,1,2,Fixpoint / Fixpoint
ATVA2026_benchmark/NON_TERM_LASSO/lasso_traces_b+-++[.bpl/lasso_trace_1.txt,NONTERMINATING,8,0,0,8,1,NONTERMINATING,1,1,2,Fixpoint / Fixpoint
ATVA2026_benchmark/NON_TERM_LASSO/lasso_traces_b+-b+[.bpl/lasso_trace_1.txt,NONTERMINATING,"12,56",0,0,"12,56",2,NONTERMINATING,1,1,2,Fixpoint / Fixpoint
ATVA2026_benchmark/NON_TERM_LASSO/lasso_traces_b+-d+[.bpl/lasso_trace_1.txt,NONTERMINATING,"2,87",0,0,"2,87",2,NONTERMINATING,1,1,2,Fixpoint / Fixpoint
ATVA2026_benchmark/NON_TERM_LASSO/lasso_traces_b+[--+.bpl/lasso_trace_1.txt,NONTERMINATING,"9,25",0,0,"9,25",2,NONTERMINATING,1,1,2,Fixpoint / Fixpoint
ATVA2026_benchmark/NON_TERM_LASSO/lasso_traces_b+[-+.bpl/lasso_trace_1.txt,NONTERMINATING,"5,02",0,0,"5,02",2,NONTERMINATING,1,1,2,Fixpoint / Fixpoint
ATVA2026_benchmark/NON_TERM_LASSO/lasso_traces_b+[-+[.bpl/lasso_trace_2.txt,NONTERMINATING,"4,6",0,0,"4,6",2,NONTERMINATING,2,1,3,Fixpoint / Fixpoint
ATVA2026_benchmark/NON_TERM_LASSO/lasso_traces_b+[.bpl/lasso_trace_1.txt,NONTERMINATING,"4,67",0,0,"4,67",2,NONTERMINATING,1,1,2,Fixpoint / Fixpoint
ATVA2026_benchmark/NON_TERM_LASSO/lasso_traces_b+[[-+.bpl/lasso_trace_2.txt,NONTERMINATING,"4,05",0,0,"4,05",2,NONTERMINATING,2,1,3,Fixpoint / Fixpoint
ATVA2026_benchmark/NON_TERM_LASSO/lasso_traces_b+[[.bpl/lasso_trace_2.txt,NONTERMINATING,"5,49",0,0,"5,49",2,NONTERMINATING,2,1,3,Fixpoint / Fixpoint
ATVA2026_benchmark/NON_TERM_LASSO/lasso_traces_b+[[[.bpl/lasso_trace_2.txt,NONTERMINATING,"5,81",0,0,"5,81",1,NONTERMINATING,3,1,4,Fixpoint / Fixpoint
ATVA2026_benchmark/NON_TERM_LASSO/lasso_traces_b+[[[[.bpl/lasso_trace_2.txt,NONTERMINATING,"3,75",0,0,"3,75",2,NONTERMINATING,4,1,5,Fixpoint / Fixpoint
ATVA2026_benchmark/NON_TERM_LASSO/lasso_traces_b+[[+-.bpl/lasso_trace_3.txt,NONTERMINATING,"3,89",0,0,"3,89",2,NONTERMINATING,2,1,3,Fixpoint / Fixpoint
ATVA2026_benchmark/NON_TERM_LASSO/lasso_traces_b+[[+[.bpl/lasso_trace_3.txt,NONTERMINATING,"3,94",0,0,"3,94",2,NONTERMINATING,3,1,4,Fixpoint / Fixpoint
ATVA2026_benchmark/NON_TERM_LASSO/lasso_traces_b+[[bd.bpl/lasso_trace_3.txt,NONTERMINATING,"1,77",0,0,"1,77",2,NONTERMINATING,3,1,4,Fixpoint / Fixpoint
ATVA2026_benchmark/NON_TERM_LASSO/lasso_traces_b+[[db.bpl/lasso_trace_3.txt,NONTERMINATING,"3,42",0,0,"3,42",2,NONTERMINATING,2,1,3,Fixpoint / Fixpoint
ATVA2026_benchmark/NON_TERM_LASSO/lasso_traces_b+[]--.bpl/lasso_trace_1.txt,NONTERMINATING,"4,58",0,0,"4,58",2,NONTERMINATING,1,1,2,Fixpoint / Fixpoint
ATVA2026_benchmark/NON_TERM_LASSO/lasso_traces_b+[]-.bpl/lasso_trace_1.txt,NONTERMINATING,"4,27",0,0,"4,27",1,NONTERMINATING,1,1,2,Fixpoint / Fixpoint
ATVA2026_benchmark/NON_TERM_LASSO/lasso_traces_b+[]-[.bpl/lasso_trace_1.txt,NONTERMINATING,"4,23",0,0,"4,23",1,NONTERMINATING,1,1,2,Fixpoint / Fixpoint
ATVA2026_benchmark/NON_TERM_LASSO/lasso_traces_b+[]-+.bpl/lasso_trace_1.txt,NONTERMINATING,"3,98",0,0,"3,98",2,NONTERMINATING,1,1,2,Fixpoint / Fixpoint
ATVA2026_benchmark/NON_TERM_LASSO/lasso_traces_b+[]-b.bpl/lasso_trace_1.txt,NONTERMINATING,"3,38",0,0,"3,38",2,NONTERMINATING,1,1,2,Fixpoint / Fixpoint
ATVA2026_benchmark/NON_TERM_LASSO/lasso_traces_b+[]-d.bpl/lasso_trace_1.txt,NONTERMINATING,"3,3",0,0,"3,3",2,NONTERMINATING,1,1,2,Fixpoint / Fixpoint
ATVA2026_benchmark/NON_TERM_LASSO/lasso_traces_b+[].bpl/lasso_trace_1.txt,NONTERMINATING,"3,96",0,0,"3,96",2,NONTERMINATING,1,1,2,Fixpoint / Fixpoint
ATVA2026_benchmark/NON_TERM_LASSO/lasso_traces_b+[][-.bpl/lasso_trace_1.txt,NONTERMINATING,"3,71",0,0,"3,71",2,NONTERMINATING,1,1,2,Fixpoint / Fixpoint
ATVA2026_benchmark/NON_TERM_LASSO/lasso_traces_b+[][.bpl/lasso_trace_1.txt,NONTERMINATING,"3,88",0,0,"3,88",1,NONTERMINATING,1,1,2,Fixpoint / Fixpoint
ATVA2026_benchmark/NON_TERM_LASSO/lasso_traces_b+[][[.bpl/lasso_trace_1.txt,NONTERMINATING,"3,98",0,0,"3,98",2,NONTERMINATING,1,1,2,Fixpoint / Fixpoint
ATVA2026_benchmark/NON_TERM_LASSO/lasso_traces_b+[][+.bpl/lasso_trace_1.txt,NONTERMINATING,"3,93",0,0,"3,93",2,NONTERMINATING,1,1,2,Fixpoint / Fixpoint
ATVA2026_benchmark/NON_TERM_LASSO/lasso_traces_b+[][b.bpl/lasso_trace_1.txt,NONTERMINATING,"3,14",0,0,"3,14",2,NONTERMINATING,1,1,2,Fixpoint / Fixpoint
ATVA2026_benchmark/NON_TERM_LASSO/lasso_traces_b+[][d.bpl/lasso_trace_1.txt,NONTERMINATING,"3,72",0,0,"3,72",2,NONTERMINATING,1,1,2,Fixpoint / Fixpoint
ATVA2026_benchmark/NON_TERM_LASSO/lasso_traces_b+[]+-.bpl/lasso_trace_1.txt,NONTERMINATING,"4,05",0,0,"4,05",1,NONTERMINATING,1,1,2,Fixpoint / Fixpoint
ATVA2026_benchmark/NON_TERM_LASSO/lasso_traces_b+[]+.bpl/lasso_trace_1.txt,NONTERMINATING,"4,97",0,0,"4,97",2,NONTERMINATING,1,1,2,Fixpoint / Fixpoint
ATVA2026_benchmark/NON_TERM_LASSO/lasso_traces_b+[]+[.bpl/lasso_trace_1.txt,NONTERMINATING,"6,5",0,0,"6,5",2,NONTERMINATING,1,1,2,Fixpoint / Fixpoint
ATVA2026_benchmark/NON_TERM_LASSO/lasso_traces_b+[]++.bpl/lasso_trace_1.txt,NONTERMINATING,"4,63",0,0,"4,63",2,NONTERMINATING,1,1,2,Fixpoint / Fixpoint
ATVA2026_benchmark/NON_TERM_LASSO/lasso_traces_b+[]+b.bpl/lasso_trace_1.txt,NONTERMINATING,"5,33",0,0,"5,33",2,NONTERMINATING,1,1,2,Fixpoint / Fixpoint
ATVA2026_benchmark/NON_TERM_LASSO/lasso_traces_b+[]+d.bpl/lasso_trace_1.txt,NONTERMINATING,"2,92",0,0,"2,92",2,NONTERMINATING,1,1,2,Fixpoint / Fixpoint
ATVA2026_benchmark/NON_TERM_LASSO/lasso_traces_b+[]b-.bpl/lasso_trace_1.txt,NONTERMINATING,"3,35",0,0,"3,35",2,NONTERMINATING,1,1,2,Fixpoint / Fixpoint
ATVA2026_benchmark/NON_TERM_LASSO/lasso_traces_b+[]b.bpl/lasso_trace_1.txt,NONTERMINATING,"3,29",0,0,"3,29",2,NONTERMINATING,1,1,2,Fixpoint / Fixpoint
ATVA2026_benchmark/NON_TERM_LASSO/lasso_traces_b+[]b[.bpl/lasso_trace_1.txt,NONTERMINATING,"4,29",0,0,"4,29",2,NONTERMINATING,1,1,2,Fixpoint / Fixpoint
ATVA2026_benchmark/NON_TERM_LASSO/lasso_traces_b+[]b+.bpl/lasso_trace_1.txt,NONTERMINATING,"3,3",0,0,"3,3",2,NONTERMINATING,1,1,2,Fixpoint / Fixpoint
ATVA2026_benchmark/NON_TERM_LASSO/lasso_traces_b+[]bb.bpl/lasso_trace_1.txt,NONTERMINATING,"4,42",0,0,"4,42",2,NONTERMINATING,1,1,2,Fixpoint / Fixpoint
ATVA2026_benchmark/NON_TERM_LASSO/lasso_traces_b+[]bd.bpl/lasso_trace_1.txt,NONTERMINATING,"3,45",0,0,"3,45",2,NONTERMINATING,1,1,2,Fixpoint / Fixpoint
ATVA2026_benchmark/NON_TERM_LASSO/lasso_traces_b+[]d-.bpl/lasso_trace_1.txt,NONTERMINATING,"3,54",0,0,"3,54",2,NONTERMINATING,1,1,2,Fixpoint / Fixpoint
ATVA2026_benchmark/NON_TERM_LASSO/lasso_traces_b+[]d.bpl/lasso_trace_1.txt,NONTERMINATING,"2,83",0,0,"2,83",2,NONTERMINATING,1,1,2,Fixpoint / Fixpoint
ATVA2026_benchmark/NON_TERM_LASSO/lasso_traces_b+[]d[.bpl/lasso_trace_1.txt,NONTERMINATING,"2,86",0,0,"2,86",1,NONTERMINATING,1,1,2,Fixpoint / Fixpoint
ATVA2026_benchmark/NON_TERM_LASSO/lasso_traces_b+[]d+.bpl/lasso_trace_1.txt,NONTERMINATING,"3,02",0,0,"3,02",2,NONTERMINATING,1,1,2,Fixpoint / Fixpoint
ATVA2026_benchmark/NON_TERM_LASSO/lasso_traces_b+[]db.bpl/lasso_trace_1.txt,NONTERMINATING,"3,53",0,0,"3,53",2,NONTERMINATING,1,1,2,Fixpoint / Fixpoint
ATVA2026_benchmark/NON_TERM_LASSO/lasso_traces_b+[]dd.bpl/lasso_trace_1.txt,NONTERMINATING,"3,53",0,0,"3,53",2,NONTERMINATING,1,1,2,Fixpoint / Fixpoint
ATVA2026_benchmark/NON_TERM_LASSO/lasso_traces_b+[+-.bpl/lasso_trace_1.txt,NONTERMINATING,"4,4",0,0,"4,4",2,NONTERMINATING,1,1,2,Fixpoint / Fixpoint
ATVA2026_benchmark/NON_TERM_LASSO/lasso_traces_b+[+-[.bpl/lasso_trace_2.txt,NONTERMINATING,"3,57",0,0,"3,57",2,NONTERMINATING,2,1,3,Fixpoint / Fixpoint
ATVA2026_benchmark/NON_TERM_LASSO/lasso_traces_b+[+[.bpl/lasso_trace_2.txt,NONTERMINATING,"3,43",0,0,"3,43",1,NONTERMINATING,2,1,3,Fixpoint / Fixpoint
ATVA2026_benchmark/NON_TERM_LASSO/lasso_traces_b+[+[[.bpl/lasso_trace_2.txt,NONTERMINATING,"3,91",0,0,"3,91",2,NONTERMINATING,3,1,4,Fixpoint / Fixpoint
ATVA2026_benchmark/NON_TERM_LASSO/lasso_traces_b+[++[.bpl/lasso_trace_2.txt,NONTERMINATING,"4,06",0,0,"4,06",2,NONTERMINATING,2,1,3,Fixpoint / Fixpoint
ATVA2026_benchmark/NON_TERM_LASSO/lasso_traces_b+[b-d.bpl/lasso_trace_1.txt,NONTERMINATING,"1,85",0,0,"1,85",3,NONTERMINATING,2,1,3,Fixpoint / Fixpoint
ATVA2026_benchmark/NON_TERM_LASSO/lasso_traces_b+[b+[.bpl/lasso_trace_2.txt,NONTERMINATING,"3,46",0,0,"3,46",2,NONTERMINATING,2,1,3,Fixpoint / Fixpoint
ATVA2026_benchmark/NON_TERM_LASSO/lasso_traces_b+[bd.bpl/lasso_trace_1.txt,NONTERMINATING,"1,93",0,0,"1,93",3,NONTERMINATING,2,1,3,Fixpoint / Fixpoint
ATVA2026_benchmark/NON_TERM_LASSO/lasso_traces_b+[bd[.bpl/lasso_trace_2.txt,NONTERMINATING,"3,35",0,0,"3,35",2,NONTERMINATING,2,1,3,Fixpoint / Fixpoint
ATVA2026_benchmark/NON_TERM_LASSO/lasso_traces_b+[d-b.bpl/lasso_trace_1.txt,NONTERMINATING,"3,69",0,0,"3,69",5,NONTERMINATING,1,1,2,Fixpoint / Fixpoint
ATVA2026_benchmark/NON_TERM_LASSO/lasso_traces_b+[d+[.bpl/lasso_trace_2.txt,NONTERMINATING,"2,37",0,0,"2,37",2,NONTERMINATING,2,1,3,Fixpoint / Fixpoint
ATVA2026_benchmark/NON_TERM_LASSO/lasso_traces_b+[db.bpl/lasso_trace_1.txt,NONTERMINATING,"3,53",0,0,"3,53",2,NONTERMINATING,1,1,2,Fixpoint / Fixpoint
ATVA2026_benchmark/NON_TERM_LASSO/lasso_traces_b+[db[.bpl/lasso_trace_2.txt,NONTERMINATING,"3,17",0,0,"3,17",2,NONTERMINATING,2,1,3,Fixpoint / Fixpoint
ATVA2026_benchmark/NON_TERM_LASSO/lasso_traces_b+[ddb.bpl/lasso_trace_1.txt,NONTERMINATING,"5,39",0,0,"5,39",2,NONTERMINATING,1,1,2,Fixpoint / Fixpoint
ATVA2026_benchmark/NON_TERM_LASSO/lasso_traces_b+]-+[.bpl/lasso_trace_2.txt,NONTERMINATING,"4,79",0,0,"4,79",2,NONTERMINATING,2,1,3,Fixpoint / Fixpoint
ATVA2026_benchmark/NON_TERM_LASSO/lasso_traces_b+]]+[.bpl/lasso_trace_3.txt,NONTERMINATING,"3,58",0,0,"3,58",2,NONTERMINATING,2,1,3,Fixpoint / Fixpoint
ATVA2026_benchmark/NON_TERM_LASSO/lasso_traces_b+]+[.bpl/lasso_trace_2.txt,NONTERMINATING,"3,37",0,0,"3,37",2,NONTERMINATING,2,1,3,Fixpoint / Fixpoint
ATVA2026_benchmark/NON_TERM_LASSO/lasso_traces_b+]+[[.bpl/lasso_trace_3.txt,NONTERMINATING,"3,68",0,0,"3,68",1,NONTERMINATING,3,1,4,Fixpoint / Fixpoint
ATVA2026_benchmark/NON_TERM_LASSO/lasso_traces_b+]+[].bpl/lasso_trace_2.txt,NONTERMINATING,"3,18",0,0,"3,18",2,NONTERMINATING,2,1,3,Fixpoint / Fixpoint
ATVA2026_benchmark/NON_TERM_LASSO/lasso_traces_b+]+[d.bpl/lasso_trace_2.txt,NONTERMINATING,"2,82",0,0,"2,82",2,NONTERMINATING,2,1,3,Fixpoint / Fixpoint
ATVA2026_benchmark/NON_TERM_LASSO/lasso_traces_b+]++[.bpl/lasso_trace_2.txt,NONTERMINATING,"4,57",0,0,"4,57",2,NONTERMINATING,2,1,3,Fixpoint / Fixpoint
ATVA2026_benchmark/NON_TERM_LASSO/lasso_traces_b+]+d[.bpl/lasso_trace_2.txt,NONTERMINATING,"3,51",0,0,"3,51",2,NONTERMINATING,2,1,3,Fixpoint / Fixpoint
ATVA2026_benchmark/NON_TERM_LASSO/lasso_traces_b+]b+[.bpl/lasso_trace_2.txt,NONTERMINATING,"2,72",0,0,"2,72",1,NONTERMINATING,2,1,3,Fixpoint / Fixpoint
ATVA2026_benchmark/NON_TERM_LASSO/lasso_traces_b+]d+[.bpl/lasso_trace_2.txt,NONTERMINATING,"2,85",0,0,"2,85",2,NONTERMINATING,2,1,3,Fixpoint / Fixpoint
ATVA2026_benchmark/NON_TERM_LASSO/lasso_traces_b++-[.bpl/lasso_trace_1.txt,NONTERMINATING,"3,28",0,0,"3,28",2,NONTERMINATING,1,1,2,Fixpoint / Fixpoint
ATVA2026_benchmark/NON_TERM_LASSO/lasso_traces_b++-[[.bpl/lasso_trace_2.txt,NONTERMINATING,"4,27",0,0,"4,27",2,NONTERMINATING,2,1,3,Fixpoint / Fixpoint
ATVA2026_benchmark/NON_TERM_LASSO/lasso_traces_b++-[].bpl/lasso_trace_1.txt,NONTERMINATING,"3,33",0,0,"3,33",2,NONTERMINATING,1,1,2,Fixpoint / Fixpoint
ATVA2026_benchmark/NON_TERM_LASSO/lasso_traces_b++-+[.bpl/lasso_trace_1.txt,NONTERMINATING,"3,54",0,0,"3,54",2,NONTERMINATING,1,1,2,Fixpoint / Fixpoint
ATVA2026_benchmark/NON_TERM_LASSO/lasso_traces_b++[-[.bpl/lasso_trace_2.txt,NONTERMINATING,"3,34",0,0,"3,34",2,NONTERMINATING,2,1,3,Fixpoint / Fixpoint
ATVA2026_benchmark/NON_TERM_LASSO/lasso_traces_b++[-+.bpl/lasso_trace_1.txt,NONTERMINATING,"4,46",0,0,"4,46",2,NONTERMINATING,1,1,2,Fixpoint / Fixpoint
ATVA2026_benchmark/NON_TERM_LASSO/lasso_traces_b++[.bpl/lasso_trace_1.txt,NONTERMINATING,"3,74",0,0,"3,74",2,NONTERMINATING,1,1,2,Fixpoint / Fixpoint
ATVA2026_benchmark/NON_TERM_LASSO/lasso_traces_b++[[.bpl/lasso_trace_2.txt,NONTERMINATING,"3,9",0,0,"3,9",1,NONTERMINATING,2,1,3,Fixpoint / Fixpoint
ATVA2026_benchmark/NON_TERM_LASSO/lasso_traces_b++[[[.bpl/lasso_trace_2.txt,NONTERMINATING,"4,24",0,0,"4,24",2,NONTERMINATING,3,1,4,Fixpoint / Fixpoint
ATVA2026_benchmark/NON_TERM_LASSO/lasso_traces_b++[]-.bpl/lasso_trace_1.txt,NONTERMINATING,"3,85",0,0,"3,85",2,NONTERMINATING,1,1,2,Fixpoint / Fixpoint
ATVA2026_benchmark/NON_TERM_LASSO/lasso_traces_b++[].bpl/lasso_trace_1.txt,NONTERMINATING,"4,31",0,0,"4,31",2,NONTERMINATING,1,1,2,Fixpoint / Fixpoint
ATVA2026_benchmark/NON_TERM_LASSO/lasso_traces_b++[][.bpl/lasso_trace_1.txt,NONTERMINATING,"5,45",0,0,"5,45",2,NONTERMINATING,1,1,2,Fixpoint / Fixpoint
ATVA2026_benchmark/NON_TERM_LASSO/lasso_traces_b++[]+.bpl/lasso_trace_1.txt,NONTERMINATING,"3,68",0,0,"3,68",1,NONTERMINATING,1,1,2,Fixpoint / Fixpoint
ATVA2026_benchmark/NON_TERM_LASSO/lasso_traces_b++[]b.bpl/lasso_trace_1.txt,NONTERMINATING,"2,89",0,0,"2,89",2,NONTERMINATING,1,1,2,Fixpoint / Fixpoint
ATVA2026_benchmark/NON_TERM_LASSO/lasso_traces_b++[]d.bpl/lasso_trace_1.txt,NONTERMINATING,"2,89",0,0,"2,89",2,NONTERMINATING,1,1,2,Fixpoint / Fixpoint
ATVA2026_benchmark/NON_TERM_LASSO/lasso_traces_b++[+-.bpl/lasso_trace_1.txt,NONTERMINATING,"3,41",0,0,"3,41",2,NONTERMINATING,1,1,2,Fixpoint / Fixpoint
ATVA2026_benchmark/NON_TERM_LASSO/lasso_traces_b++[+[.bpl/lasso_trace_2.txt,NONTERMINATING,"3,12",0,0,"3,12",2,NONTERMINATING,2,1,3,Fixpoint / Fixpoint
ATVA2026_benchmark/NON_TERM_LASSO/lasso_traces_b++[bd.bpl/lasso_trace_1.txt,NONTERMINATING,"1,81",0,0,"1,81",4,NONTERMINATING,2,1,3,Fixpoint / Fixpoint
ATVA2026_benchmark/NON_TERM_LASSO/lasso_traces_b++[db.bpl/lasso_trace_1.txt,NONTERMINATING,"4,43",0,0,"4,43",2,NONTERMINATING,1,1,2,Fixpoint / Fixpoint
ATVA2026_benchmark/NON_TERM_LASSO/lasso_traces_b++]+[.bpl/lasso_trace_2.txt,NONTERMINATING,"3,11",0,0,"3,11",1,NONTERMINATING,2,1,3,Fixpoint / Fixpoint
ATVA2026_benchmark/NON_TERM_LASSO/lasso_traces_b+++-[.bpl/lasso_trace_1.txt,NONTERMINATING,"3,23",0,0,"3,23",2,NONTERMINATING,1,1,2,Fixpoint / Fixpoint
ATVA2026_benchmark/NON_TERM_LASSO/lasso_traces_b+++[.bpl/lasso_trace_1.txt,NONTERMINATING,"3,5",0,0,"3,5",1,NONTERMINATING,1,1,2,Fixpoint / Fixpoint
ATVA2026_benchmark/NON_TERM_LASSO/lasso_traces_b+++[[.bpl/lasso_trace_2.txt,NONTERMINATING,"4,97",0,0,"4,97",2,NONTERMINATING,2,1,3,Fixpoint / Fixpoint
ATVA2026_benchmark/NON_TERM_LASSO/lasso_traces_b+++[].bpl/lasso_trace_1.txt,NONTERMINATING,"3,64",0,0,"3,64",1,NONTERMINATING,1,1,2,Fixpoint / Fixpoint
ATVA2026_benchmark/NON_TERM_LASSO/lasso_traces_b++++[.bpl/lasso_trace_1.txt,NONTERMINATING,"3,94",0,0,"3,94",2,NONTERMINATING,1,1,2,Fixpoint / Fixpoint
ATVA2026_benchmark/NON_TERM_LASSO/lasso_traces_b++b+[.bpl/lasso_trace_1.txt,NONTERMINATING,9,0,0,9,2,NONTERMINATING,1,1,2,Fixpoint / Fixpoint
ATVA2026_benchmark/NON_TERM_LASSO/lasso_traces_b++bd[.bpl/lasso_trace_1.txt,NONTERMINATING,"2,93",0,0,"2,93",2,NONTERMINATING,1,1,2,Fixpoint / Fixpoint
ATVA2026_benchmark/NON_TERM_LASSO/lasso_traces_b++d+[.bpl/lasso_trace_1.txt,NONTERMINATING,"4,64",0,0,"4,64",2,NONTERMINATING,1,1,2,Fixpoint / Fixpoint
ATVA2026_benchmark/NON_TERM_LASSO/lasso_traces_b++db[.bpl/lasso_trace_1.txt,NONTERMINATING,"4,47",0,0,"4,47",2,NONTERMINATING,1,1,2,Fixpoint / Fixpoint
ATVA2026_benchmark/NON_TERM_LASSO/lasso_traces_b+b-+[.bpl/lasso_trace_1.txt,NONTERMINATING,"4,29",0,0,"4,29",2,NONTERMINATING,1,1,2,Fixpoint / Fixpoint
ATVA2026_benchmark/NON_TERM_LASSO/lasso_traces_b+b-d[.bpl/lasso_trace_1.txt,NONTERMINATING,"4,74",0,0,"4,74",2,NONTERMINATING,1,1,2,Fixpoint / Fixpoint
ATVA2026_benchmark/NON_TERM_LASSO/lasso_traces_b+b]+[.bpl/lasso_trace_2.txt,NONTERMINATING,"2,75",0,0,"2,75",2,NONTERMINATING,2,1,3,Fixpoint / Fixpoint
ATVA2026_benchmark/NON_TERM_LASSO/lasso_traces_b+b+[.bpl/lasso_trace_1.txt,NONTERMINATING,"2,96",0,0,"2,96",2,NONTERMINATING,1,1,2,Fixpoint / Fixpoint
ATVA2026_benchmark/NON_TERM_LASSO/lasso_traces_b+b+[[.bpl/lasso_trace_2.txt,NONTERMINATING,"2,87",0,0,"2,87",2,NONTERMINATING,2,1,3,Fixpoint / Fixpoint
ATVA2026_benchmark/NON_TERM_LASSO/lasso_traces_b+b+[].bpl/lasso_trace_1.txt,NONTERMINATING,"2,85",0,0,"2,85",2,NONTERMINATING,1,1,2,Fixpoint / Fixpoint
ATVA2026_benchmark/NON_TERM_LASSO/lasso_traces_b+b++[.bpl/lasso_trace_1.txt,NONTERMINATING,"4,94",0,0,"4,94",2,NONTERMINATING,1,1,2,Fixpoint / Fixpoint
ATVA2026_benchmark/NON_TERM_LASSO/lasso_traces_b+b+d[.bpl/lasso_trace_1.txt,NONTERMINATING,"5,13",0,0,"5,13",2,NONTERMINATING,1,1,2,Fixpoint / Fixpoint
ATVA2026_benchmark/NON_TERM_LASSO/lasso_traces_b+bb+[.bpl/lasso_trace_1.txt,NONTERMINATING,"20,88",0,0,"20,88",2,NONTERMINATING,1,1,2,Fixpoint / Fixpoint
ATVA2026_benchmark/NON_TERM_LASSO/lasso_traces_b+bd[.bpl/lasso_trace_1.txt,NONTERMINATING,"4,73",0,0,"4,73",2,NONTERMINATING,1,1,2,Fixpoint / Fixpoint
ATVA2026_benchmark/NON_TERM_LASSO/lasso_traces_b+bd[[.bpl/lasso_trace_2.txt,NONTERMINATING,"4,22",0,0,"4,22",2,NONTERMINATING,2,1,3,Fixpoint / Fixpoint
ATVA2026_benchmark/NON_TERM_LASSO/lasso_traces_b+bd[].bpl/lasso_trace_1.txt,NONTERMINATING,"4,5",0,0,"4,5",2,NONTERMINATING,1,1,2,Fixpoint / Fixpoint
ATVA2026_benchmark/NON_TERM_LASSO/lasso_traces_b+bd+[.bpl/lasso_trace_1.txt,NONTERMINATING,"4,42",0,0,"4,42",2,NONTERMINATING,1,1,2,Fixpoint / Fixpoint
ATVA2026_benchmark/NON_TERM_LASSO/lasso_traces_b+d-+[.bpl/lasso_trace_1.txt,NONTERMINATING,"3,03",0,0,"3,03",2,NONTERMINATING,1,1,2,Fixpoint / Fixpoint
ATVA2026_benchmark/NON_TERM_LASSO/lasso_traces_b+d-b[.bpl/lasso_trace_1.txt,NONTERMINATING,"3,62",0,0,"3,62",2,NONTERMINATING,1,1,2,Fixpoint / Fixpoint
ATVA2026_benchmark/NON_TERM_LASSO/lasso_traces_b+d]+[.bpl/lasso_trace_2.txt,NONTERMINATING,"2,52",0,0,"2,52",2,NONTERMINATING,2,1,3,Fixpoint / Fixpoint
ATVA2026_benchmark/NON_TERM_LASSO/lasso_traces_b+d+[.bpl/lasso_trace_1.txt,NONTERMINATING,"3,94",0,0,"3,94",2,NONTERMINATING,1,1,2,Fixpoint / Fixpoint
ATVA2026_benchmark/NON_TERM_LASSO/lasso_traces_b+d+[[.bpl/lasso_trace_2.txt,NONTERMINATING,"2,75",0,0,"2,75",2,NONTERMINATING,2,1,3,Fixpoint / Fixpoint
ATVA2026_benchmark/NON_TERM_LASSO/lasso_traces_b+d+[].bpl/lasso_trace_1.txt,NONTERMINATING,"2,99",0,0,"2,99",2,NONTERMINATING,1,1,2,Fixpoint / GNTA
ATVA2026_benchmark/NON_TERM_LASSO/lasso_traces_b+d+[d.bpl/lasso_trace_1.txt,NONTERMINATING,"3,72",0,0,"3,72",2,NONTERMINATING,1,1,2,Fixpoint / Fixpoint
ATVA2026_benchmark/NON_TERM_LASSO/lasso_traces_b+d++[.bpl/lasso_trace_1.txt,NONTERMINATING,"3,44",0,0,"3,44",2,NONTERMINATING,1,1,2,Fixpoint / Fixpoint
ATVA2026_benchmark/NON_TERM_LASSO/lasso_traces_b+d+b[.bpl/lasso_trace_1.txt,NONTERMINATING,"3,7",0,0,"3,7",2,NONTERMINATING,1,1,2,Fixpoint / Fixpoint
ATVA2026_benchmark/NON_TERM_LASSO/lasso_traces_b+d+d[.bpl/lasso_trace_1.txt,NONTERMINATING,"3,13",0,0,"3,13",2,NONTERMINATING,1,1,2,Fixpoint / Fixpoint
ATVA2026_benchmark/NON_TERM_LASSO/lasso_traces_b+db[.bpl/lasso_trace_1.txt,NONTERMINATING,"3,35",0,0,"3,35",2,NONTERMINATING,1,1,2,Fixpoint / Fixpoint
ATVA2026_benchmark/NON_TERM_LASSO/lasso_traces_b+db[[.bpl/lasso_trace_2.txt,NONTERMINATING,"3,32",0,0,"3,32",2,NONTERMINATING,2,1,3,Fixpoint / Fixpoint
ATVA2026_benchmark/NON_TERM_LASSO/lasso_traces_b+db[].bpl/lasso_trace_1.txt,NONTERMINATING,"9,21",0,0,"9,21",1,NONTERMINATING,1,1,2,Fixpoint / Fixpoint
ATVA2026_benchmark/NON_TERM_LASSO/lasso_traces_b+db+[.bpl/lasso_trace_1.txt,NONTERMINATING,"3,72",0,0,"3,72",2,NONTERMINATING,1,1,2,Fixpoint / Fixpoint
ATVA2026_benchmark/NON_TERM_LASSO/lasso_traces_b+dd+[.bpl/lasso_trace_1.txt,NONTERMINATING,"4,03",0,0,"4,03",2,NONTERMINATING,1,1,2,Fixpoint / Fixpoint
ATVA2026_benchmark/NON_TERM_LASSO/lasso_traces_b+ddb[.bpl/lasso_trace_1.txt,NONTERMINATING,"5,35",0,0,"5,35",2,NONTERMINATING,1,1,2,Fixpoint / Fixpoint
ATVA2026_benchmark/NON_TERM_LASSO/lasso_traces_bb--+[.bpl/lasso_trace_1.txt,NONTERMINATING,"4,3",0,0,"4,3",2,NONTERMINATING,1,1,2,Fixpoint / Fixpoint
ATVA2026_benchmark/NON_TERM_LASSO/lasso_traces_bb-]+[.bpl/lasso_trace_2.txt,NONTERMINATING,"3,24",0,0,"3,24",2,NONTERMINATING,2,1,3,Fixpoint / Fixpoint
ATVA2026_benchmark/NON_TERM_LASSO/lasso_traces_bb-+[.bpl/lasso_trace_1.txt,NONTERMINATING,"4,93",0,0,"4,93",2,NONTERMINATING,1,1,2,Fixpoint / Fixpoint
ATVA2026_benchmark/NON_TERM_LASSO/lasso_traces_bb-+[[.bpl/lasso_trace_2.txt,NONTERMINATING,"2,76",0,0,"2,76",2,NONTERMINATING,2,1,3,Fixpoint / Fixpoint
ATVA2026_benchmark/NON_TERM_LASSO/lasso_traces_bb-+[].bpl/lasso_trace_1.txt,NONTERMINATING,"3,44",0,0,"3,44",2,NONTERMINATING,1,1,2,Fixpoint / Fixpoint
ATVA2026_benchmark/NON_TERM_LASSO/lasso_traces_bb-++[.bpl/lasso_trace_1.txt,NONTERMINATING,"3,23",0,0,"3,23",2,NONTERMINATING,1,1,2,Fixpoint / Fixpoint
ATVA2026_benchmark/NON_TERM_LASSO/lasso_traces_bb-b+[.bpl/lasso_trace_1.txt,NONTERMINATING,"27,76",0,0,"27,76",2,NONTERMINATING,1,1,2,Fixpoint / Fixpoint
ATVA2026_benchmark/NON_TERM_LASSO/lasso_traces_bb-d+[.bpl/lasso_trace_1.txt,NONTERMINATING,"3,39",0,0,"3,39",2,NONTERMINATING,1,1,2,Fixpoint / Fixpoint
ATVA2026_benchmark/NON_TERM_LASSO/lasso_traces_bb[]+[.bpl/lasso_trace_2.txt,NONTERMINATING,"2,56",0,0,"2,56",2,NONTERMINATING,2,1,3,Fixpoint / Fixpoint
ATVA2026_benchmark/NON_TERM_LASSO/lasso_traces_bb]-+[.bpl/lasso_trace_2.txt,NONTERMINATING,"2,63",0,0,"2,63",1,NONTERMINATING,2,1,3,Fixpoint / Fixpoint
ATVA2026_benchmark/NON_TERM_LASSO/lasso_traces_bb]]+[.bpl/lasso_trace_3.txt,NONTERMINATING,"2,7",0,0,"2,7",2,NONTERMINATING,2,1,3,Fixpoint / Fixpoint
ATVA2026_benchmark/NON_TERM_LASSO/lasso_traces_bb]+[.bpl/lasso_trace_2.txt,NONTERMINATING,"2,41",0,0,"2,41",1,NONTERMINATING,2,1,3,Fixpoint / Fixpoint
ATVA2026_benchmark/NON_TERM_LASSO/lasso_traces_bb]+[[.bpl/lasso_trace_3.txt,NONTERMINATING,"2,47",0,0,"2,47",2,NONTERMINATING,3,1,4,Fixpoint / Fixpoint
ATVA2026_benchmark/NON_TERM_LASSO/lasso_traces_bb]+[].bpl/lasso_trace_2.txt,NONTERMINATING,"2,44",0,0,"2,44",2,NONTERMINATING,2,1,3,Fixpoint / Fixpoint
ATVA2026_benchmark/NON_TERM_LASSO/lasso_traces_bb]+[d.bpl/lasso_trace_2.txt,NONTERMINATING,"2,82",0,0,"2,82",2,NONTERMINATING,2,1,3,Fixpoint / Fixpoint
ATVA2026_benchmark/NON_TERM_LASSO/lasso_traces_bb]++[.bpl/lasso_trace_2.txt,NONTERMINATING,"2,72",0,0,"2,72",2,NONTERMINATING,2,1,3,Fixpoint / Fixpoint
ATVA2026_benchmark/NON_TERM_LASSO/lasso_traces_bb]+d[.bpl/lasso_trace_2.txt,NONTERMINATING,"2,71",0,0,"2,71",2,NONTERMINATING,2,1,3,Fixpoint / Fixpoint
ATVA2026_benchmark/NON_TERM_LASSO/lasso_traces_bb]b+[.bpl/lasso_trace_2.txt,NONTERMINATING,"14,51",0,0,"14,51",2,NONTERMINATING,2,1,3,Fixpoint / Fixpoint
ATVA2026_benchmark/NON_TERM_LASSO/lasso_traces_bb]d+[.bpl/lasso_trace_2.txt,NONTERMINATING,"3,31",0,0,"3,31",2,NONTERMINATING,2,1,3,Fixpoint / Fixpoint
ATVA2026_benchmark/NON_TERM_LASSO/lasso_traces_bb+-+[.bpl/lasso_trace_1.txt,NONTERMINATING,"6,84",0,0,"6,84",2,NONTERMINATING,1,1,2,Fixpoint / Fixpoint
ATVA2026_benchmark/NON_TERM_LASSO/lasso_traces_bb+[-+.bpl/lasso_trace_1.txt,NONTERMINATING,"6,78",0,0,"6,78",2,NONTERMINATING,1,1,2,Fixpoint / Fixpoint
ATVA2026_benchmark/NON_TERM_LASSO/lasso_traces_bb+[.bpl/lasso_trace_1.txt,NONTERMINATING,"4,27",0,0,"4,27",2,NONTERMINATING,1,1,2,Fixpoint / Fixpoint
ATVA2026_benchmark/NON_TERM_LASSO/lasso_traces_bb+[[.bpl/lasso_trace_2.txt,NONTERMINATING,"4,11",0,0,"4,11",2,NONTERMINATING,2,1,3,Fixpoint / Fixpoint
ATVA2026_benchmark/NON_TERM_LASSO/lasso_traces_bb+[[[.bpl/lasso_trace_2.txt,NONTERMINATING,"3,16",0,0,"3,16",2,NONTERMINATING,3,1,4,Fixpoint / Fixpoint
ATVA2026_benchmark/NON_TERM_LASSO/lasso_traces_bb+[]-.bpl/lasso_trace_1.txt,NONTERMINATING,"4,59",0,0,"4,59",2,NONTERMINATING,1,1,2,Fixpoint / Fixpoint
ATVA2026_benchmark/NON_TERM_LASSO/lasso_traces_bb+[].bpl/lasso_trace_1.txt,NONTERMINATING,"5,96",0,0,"5,96",2,NONTERMINATING,1,1,2,Fixpoint / Fixpoint
ATVA2026_benchmark/NON_TERM_LASSO/lasso_traces_bb+[][.bpl/lasso_trace_1.txt,NONTERMINATING,"5,02",0,0,"5,02",2,NONTERMINATING,1,1,2,Fixpoint / Fixpoint
ATVA2026_benchmark/NON_TERM_LASSO/lasso_traces_bb+[]+.bpl/lasso_trace_1.txt,NONTERMINATING,"4,59",0,0,"4,59",2,NONTERMINATING,1,1,2,Fixpoint / Fixpoint
ATVA2026_benchmark/NON_TERM_LASSO/lasso_traces_bb+[]b.bpl/lasso_trace_1.txt,NONTERMINATING,"17,66",0,0,"17,66",2,NONTERMINATING,1,1,2,Fixpoint / Fixpoint
ATVA2026_benchmark/NON_TERM_LASSO/lasso_traces_bb+[]d.bpl/lasso_trace_1.txt,NONTERMINATING,"3,98",0,0,"3,98",2,NONTERMINATING,1,1,2,Fixpoint / Fixpoint
ATVA2026_benchmark/NON_TERM_LASSO/lasso_traces_bb+[+-.bpl/lasso_trace_1.txt,NONTERMINATING,"4,6",0,0,"4,6",2,NONTERMINATING,1,1,2,Fixpoint / Fixpoint
ATVA2026_benchmark/NON_TERM_LASSO/lasso_traces_bb+[+[.bpl/lasso_trace_2.txt,NONTERMINATING,"4,37",0,0,"4,37",2,NONTERMINATING,2,1,3,Fixpoint / Fixpoint
ATVA2026_benchmark/NON_TERM_LASSO/lasso_traces_bb+[bd.bpl/lasso_trace_1.txt,NONTERMINATING,"2,08",0,0,"2,08",3,NONTERMINATING,2,1,3,Fixpoint / Fixpoint
ATVA2026_benchmark/NON_TERM_LASSO/lasso_traces_bb+[db.bpl/lasso_trace_1.txt,NONTERMINATING,"4,03",0,0,"4,03",2,NONTERMINATING,1,1,2,Fixpoint / Fixpoint
ATVA2026_benchmark/NON_TERM_LASSO/lasso_traces_bb+]+[.bpl/lasso_trace_2.txt,NONTERMINATING,"2,83",0,0,"2,83",2,NONTERMINATING,2,1,3,Fixpoint / Fixpoint
ATVA2026_benchmark/NON_TERM_LASSO/lasso_traces_bb++-[.bpl/lasso_trace_1.txt,NONTERMINATING,"3,4",0,0,"3,4",2,NONTERMINATING,1,1,2,Fixpoint / Fixpoint
ATVA2026_benchmark/NON_TERM_LASSO/lasso_traces_bb++[.bpl/lasso_trace_1.txt,NONTERMINATING,"13,26",0,0,"13,26",2,NONTERMINATING,1,1,2,Fixpoint / Fixpoint
ATVA2026_benchmark/NON_TERM_LASSO/lasso_traces_bb++[[.bpl/lasso_trace_2.txt,NONTERMINATING,"6,1",0,0,"6,1",2,NONTERMINATING,2,1,3,Fixpoint / Fixpoint
ATVA2026_benchmark/NON_TERM_LASSO/lasso_traces_bb++[].bpl/lasso_trace_1.txt,NONTERMINATING,"14,26",0,0,"14,26",2,NONTERMINATING,1,1,2,Fixpoint / Fixpoint
ATVA2026_benchmark/NON_TERM_LASSO/lasso_traces_bb+++[.bpl/lasso_trace_1.txt,NONTERMINATING,"3,83",0,0,"3,83",2,NONTERMINATING,1,1,2,Fixpoint / Fixpoint
ATVA2026_benchmark/NON_TERM_LASSO/lasso_traces_bb+b+[.bpl/lasso_trace_1.txt,NONTERMINATING,"10,85",0,0,"10,85",2,NONTERMINATING,1,1,2,Fixpoint / Fixpoint
ATVA2026_benchmark/NON_TERM_LASSO/lasso_traces_bb+bd[.bpl/lasso_trace_1.txt,NONTERMINATING,"5,04",0,0,"5,04",2,NONTERMINATING,1,1,2,Fixpoint / Fixpoint
ATVA2026_benchmark/NON_TERM_LASSO/lasso_traces_bb+d+[.bpl/lasso_trace_1.txt,NONTERMINATING,"3,35",0,0,"3,35",2,NONTERMINATING,1,1,2,Fixpoint / Fixpoint
ATVA2026_benchmark/NON_TERM_LASSO/lasso_traces_bb+db[.bpl/lasso_trace_1.txt,NONTERMINATING,"3,23",0,0,"3,23",2,NONTERMINATING,1,1,2,Fixpoint / Fixpoint
ATVA2026_benchmark/NON_TERM_LASSO/lasso_traces_bbb-+[.bpl/lasso_trace_1.txt,NONTERMINATING,"62,17",0,0,"62,17",2,NONTERMINATING,1,1,2,Fixpoint / Fixpoint
ATVA2026_benchmark/NON_TERM_LASSO/lasso_traces_bbb+[.bpl/lasso_trace_1.txt,NONTERMINATING,"25,6",0,0,"25,6",2,NONTERMINATING,1,1,2,Fixpoint / Fixpoint
ATVA2026_benchmark/NON_TERM_LASSO/lasso_traces_bbb+[[.bpl/lasso_trace_2.txt,NONTERMINATING,"30,53",0,0,"30,53",2,NONTERMINATING,2,1,3,Fixpoint / Fixpoint
ATVA2026_benchmark/NON_TERM_LASSO/lasso_traces_bbb+[].bpl/lasso_trace_1.txt,NONTERMINATING,"16,11",0,0,"16,11",2,NONTERMINATING,1,1,2,Fixpoint / Fixpoint
ATVA2026_benchmark/NON_TERM_LASSO/lasso_traces_bbb++[.bpl/lasso_trace_1.txt,NONTERMINATING,"27,76",0,0,"27,76",2,NONTERMINATING,1,1,2,Fixpoint / Fixpoint
ATVA2026_benchmark/NON_TERM_LASSO/lasso_traces_bbbb+[.bpl/lasso_trace_1.txt,NONTERMINATING,"4,24",0,0,"4,24",2,NONTERMINATING,1,1,2,Fixpoint / Fixpoint
ATVA2026_benchmark/NON_TERM_LASSO/lasso_traces_bbbd+[.bpl/lasso_trace_1.txt,NONTERMINATING,"3,32",0,0,"3,32",2,NONTERMINATING,1,1,2,Fixpoint / Fixpoint
ATVA2026_benchmark/NON_TERM_LASSO/lasso_traces_bbd-+[.bpl/lasso_trace_1.txt,NONTERMINATING,"4,48",0,0,"4,48",2,NONTERMINATING,1,1,2,Fixpoint / Fixpoint
ATVA2026_benchmark/NON_TERM_LASSO/lasso_traces_bbd]+[.bpl/lasso_trace_2.txt,NONTERMINATING,"2,85",0,0,"2,85",1,NONTERMINATING,2,1,3,Fixpoint / Fixpoint
ATVA2026_benchmark/NON_TERM_LASSO/lasso_traces_bbd+[.bpl/lasso_trace_1.txt,NONTERMINATING,"4,01",0,0,"4,01",2,NONTERMINATING,1,1,2,Fixpoint / Fixpoint
ATVA2026_benchmark/NON_TERM_LASSO/lasso_traces_bbd+[[.bpl/lasso_trace_2.txt,NONTERMINATING,"3,43",0,0,"3,43",2,NONTERMINATING,2,1,3,Fixpoint / Fixpoint
ATVA2026_benchmark/NON_TERM_LASSO/lasso_traces_bbd+[].bpl/lasso_trace_1.txt,NONTERMINATING,"3,69",0,0,"3,69",2,NONTERMINATING,1,1,2,Fixpoint / Fixpoint
ATVA2026_benchmark/NON_TERM_LASSO/lasso_traces_bbd++[.bpl/lasso_trace_1.txt,NONTERMINATING,"3,88",0,0,"3,88",2,NONTERMINATING,1,1,2,Fixpoint / Fixpoint
ATVA2026_benchmark/NON_TERM_LASSO/lasso_traces_bbdb+[.bpl/lasso_trace_1.txt,NONTERMINATING,"3,47",0,0,"3,47",2,NONTERMINATING,1,1,2,Fixpoint / Fixpoint
ATVA2026_benchmark/NON_TERM_LASSO/lasso_traces_bbdd+[.bpl/lasso_trace_1.txt,NONTERMINATING,"3,29",0,0,"3,29",2,NONTERMINATING,1,1,2,Fixpoint / Fixpoint
ATVA2026_benchmark/NON_TERM_LASSO/lasso_traces_bd--+[.bpl/lasso_trace_1.txt,NONTERMINATING,"4,9",0,0,"4,9",2,NONTERMINATING,1,1,2,Fixpoint / Fixpoint
ATVA2026_benchmark/NON_TERM_LASSO/lasso_traces_bd-]+[.bpl/lasso_trace_2.txt,NONTERMINATING,3,0,0,3,2,NONTERMINATING,2,1,3,Fixpoint / Fixpoint
ATVA2026_benchmark/NON_TERM_LASSO/lasso_traces_bd-+[.bpl/lasso_trace_1.txt,NONTERMINATING,"3,69",0,0,"3,69",2,NONTERMINATING,1,1,2,Fixpoint / Fixpoint
ATVA2026_benchmark/NON_TERM_LASSO/lasso_traces_bd-+[[.bpl/lasso_trace_2.txt,NONTERMINATING,"3,97",0,0,"3,97",2,NONTERMINATING,2,1,3,Fixpoint / Fixpoint
ATVA2026_benchmark/NON_TERM_LASSO/lasso_traces_bd-+[].bpl/lasso_trace_1.txt,NONTERMINATING,"4,19",0,0,"4,19",2,NONTERMINATING,1,1,2,Fixpoint / Fixpoint
ATVA2026_benchmark/NON_TERM_LASSO/lasso_traces_bd-+[d.bpl/lasso_trace_1.txt,NONTERMINATING,"4,85",0,0,"4,85",2,NONTERMINATING,1,1,2,Fixpoint / Fixpoint
ATVA2026_benchmark/NON_TERM_LASSO/lasso_traces_bd-++[.bpl/lasso_trace_1.txt,NONTERMINATING,"4,42",0,0,"4,42",2,NONTERMINATING,1,1,2,Fixpoint / Fixpoint
ATVA2026_benchmark/NON_TERM_LASSO/lasso_traces_bd-+d[.bpl/lasso_trace_1.txt,NONTERMINATING,"4,17",0,0,"4,17",1,NONTERMINATING,1,1,2,Fixpoint / Fixpoint
ATVA2026_benchmark/NON_TERM_LASSO/lasso_traces_bd-b+[.bpl/lasso_trace_1.txt,NONTERMINATING,"3,05",0,0,"3,05",2,NONTERMINATING,1,1,2,Fixpoint / Fixpoint
ATVA2026_benchmark/NON_TERM_LASSO/lasso_traces_bd-d+[.bpl/lasso_trace_1.txt,NONTERMINATING,"4,12",0,0,"4,12",2,NONTERMINATING,1,1,2,Fixpoint / Fixpoint
ATVA2026_benchmark/NON_TERM_LASSO/lasso_traces_bd[]+[.bpl/lasso_trace_2.txt,NONTERMINATING,"3,42",0,0,"3,42",2,NONTERMINATING,2,1,3,Fixpoint / Fixpoint
ATVA2026_benchmark/NON_TERM_LASSO/lasso_traces_bd]-+[.bpl/lasso_trace_2.txt,NONTERMINATING,"4,57",0,0,"4,57",2,NONTERMINATING,2,1,3,Fixpoint / Fixpoint
ATVA2026_benchmark/NON_TERM_LASSO/lasso_traces_bd]]+[.bpl/lasso_trace_4.txt,NONTERMINATING,"3,07",0,0,"3,07",2,NONTERMINATING,2,1,3,Fixpoint / Fixpoint
ATVA2026_benchmark/NON_TERM_LASSO/lasso_traces_bd]+[.bpl/lasso_trace_2.txt,NONTERMINATING,"7,56",0,0,"7,56",2,NONTERMINATING,2,1,3,Fixpoint / Fixpoint
ATVA2026_benchmark/NON_TERM_LASSO/lasso_traces_bd]+[[.bpl/lasso_trace_3.txt,NONTERMINATING,"3,14",0,0,"3,14",2,NONTERMINATING,3,1,4,Fixpoint / Fixpoint
ATVA2026_benchmark/NON_TERM_LASSO/lasso_traces_bd]+[].bpl/lasso_trace_2.txt,NONTERMINATING,"3,32",0,0,"3,32",2,NONTERMINATING,2,1,3,Fixpoint / Fixpoint
ATVA2026_benchmark/NON_TERM_LASSO/lasso_traces_bd]+[d.bpl/lasso_trace_2.txt,NONTERMINATING,"3,24",0,0,"3,24",2,NONTERMINATING,2,1,3,Fixpoint / Fixpoint
ATVA2026_benchmark/NON_TERM_LASSO/lasso_traces_bd]++[.bpl/lasso_trace_2.txt,NONTERMINATING,"5,07",0,0,"5,07",2,NONTERMINATING,2,1,3,Fixpoint / Fixpoint
ATVA2026_benchmark/NON_TERM_LASSO/lasso_traces_bd]+d[.bpl/lasso_trace_2.txt,NONTERMINATING,"7,4",0,0,"7,4",2,NONTERMINATING,2,1,3,Fixpoint / Fixpoint
ATVA2026_benchmark/NON_TERM_LASSO/lasso_traces_bd]b+[.bpl/lasso_trace_2.txt,NONTERMINATING,"2,91",0,0,"2,91",2,NONTERMINATING,2,1,3,Fixpoint / Fixpoint
ATVA2026_benchmark/NON_TERM_LASSO/lasso_traces_bd]d+[.bpl/lasso_trace_2.txt,NONTERMINATING,"4,11",0,0,"4,11",2,NONTERMINATING,2,1,3,Fixpoint / Fixpoint
ATVA2026_benchmark/NON_TERM_LASSO/lasso_traces_bd+-+[.bpl/lasso_trace_1.txt,NONTERMINATING,"4,27",0,0,"4,27",1,NONTERMINATING,1,1,2,Fixpoint / Fixpoint
ATVA2026_benchmark/NON_TERM_LASSO/lasso_traces_bd+[-+.bpl/lasso_trace_1.txt,NONTERMINATING,"8,92",0,0,"8,92",2,NONTERMINATING,1,1,2,Fixpoint / Fixpoint
ATVA2026_benchmark/NON_TERM_LASSO/lasso_traces_bd+[.bpl/lasso_trace_1.txt,NONTERMINATING,"5,39",0,0,"5,39",2,NONTERMINATING,1,1,2,Fixpoint / Fixpoint
ATVA2026_benchmark/NON_TERM_LASSO/lasso_traces_bd+[[.bpl/lasso_trace_2.txt,NONTERMINATING,"4,9",0,0,"4,9",2,NONTERMINATING,2,1,3,Fixpoint / Fixpoint
ATVA2026_benchmark/NON_TERM_LASSO/lasso_traces_bd+[[[.bpl/lasso_trace_2.txt,NONTERMINATING,"4,63",0,0,"4,63",2,NONTERMINATING,3,1,4,Fixpoint / Fixpoint
ATVA2026_benchmark/NON_TERM_LASSO/lasso_traces_bd+[[d.bpl/lasso_trace_3.txt,NONTERMINATING,"3,07",0,0,"3,07",2,NONTERMINATING,2,1,3,Fixpoint / Fixpoint
ATVA2026_benchmark/NON_TERM_LASSO/lasso_traces_bd+[]-.bpl/lasso_trace_1.txt,NONTERMINATING,"4,09",0,0,"4,09",2,NONTERMINATING,1,1,2,Fixpoint / Fixpoint
ATVA2026_benchmark/NON_TERM_LASSO/lasso_traces_bd+[].bpl/lasso_trace_1.txt,NONTERMINATING,"5,5",0,0,"5,5",2,NONTERMINATING,1,1,2,Fixpoint / Fixpoint
ATVA2026_benchmark/NON_TERM_LASSO/lasso_traces_bd+[][.bpl/lasso_trace_1.txt,NONTERMINATING,"4,88",0,0,"4,88",2,NONTERMINATING,1,1,2,Fixpoint / Fixpoint
ATVA2026_benchmark/NON_TERM_LASSO/lasso_traces_bd+[]+.bpl/lasso_trace_1.txt,NONTERMINATING,"6,34",0,0,"6,34",1,NONTERMINATING,1,1,2,Fixpoint / Fixpoint
ATVA2026_benchmark/NON_TERM_LASSO/lasso_traces_bd+[]b.bpl/lasso_trace_1.txt,NONTERMINATING,"3,54",0,0,"3,54",2,NONTERMINATING,1,1,2,Fixpoint / Fixpoint
ATVA2026_benchmark/NON_TERM_LASSO/lasso_traces_bd+[]d.bpl/lasso_trace_1.txt,NONTERMINATING,"4,22",0,0,"4,22",2,NONTERMINATING,1,1,2,Fixpoint / Fixpoint
ATVA2026_benchmark/NON_TERM_LASSO/lasso_traces_bd+[+-.bpl/lasso_trace_1.txt,NONTERMINATING,"5,64",0,0,"5,64",2,NONTERMINATING,1,1,2,Fixpoint / Fixpoint
ATVA2026_benchmark/NON_TERM_LASSO/lasso_traces_bd+[+[.bpl/lasso_trace_2.txt,NONTERMINATING,"3,71",0,0,"3,71",2,NONTERMINATING,2,1,3,Fixpoint / Fixpoint
ATVA2026_benchmark/NON_TERM_LASSO/lasso_traces_bd+[bd.bpl/lasso_trace_1.txt,NONTERMINATING,"3,6",0,0,"3,6",2,NONTERMINATING,1,1,2,Fixpoint / Fixpoint
ATVA2026_benchmark/NON_TERM_LASSO/lasso_traces_bd+[d.bpl/lasso_trace_1.txt,NONTERMINATING,"5,88",0,0,"5,88",2,NONTERMINATING,1,1,2,Fixpoint / Fixpoint
ATVA2026_benchmark/NON_TERM_LASSO/lasso_traces_bd+[d[.bpl/lasso_trace_2.txt,NONTERMINATING,"3,61",0,0,"3,61",2,NONTERMINATING,2,1,3,Fixpoint / Fixpoint
ATVA2026_benchmark/NON_TERM_LASSO/lasso_traces_bd+[dd.bpl/lasso_trace_1.txt,NONTERMINATING,"4,82",0,0,"4,82",2,NONTERMINATING,1,1,2,Fixpoint / Fixpoint
ATVA2026_benchmark/NON_TERM_LASSO/lasso_traces_bd+]+[.bpl/lasso_trace_2.txt,NONTERMINATING,"3,59",0,0,"3,59",2,NONTERMINATING,2,1,3,Fixpoint / Fixpoint
ATVA2026_benchmark/NON_TERM_LASSO/lasso_traces_bd++-[.bpl/lasso_trace_1.txt,NONTERMINATING,"3,48",0,0,"3,48",2,NONTERMINATING,1,1,2,Fixpoint / Fixpoint
ATVA2026_benchmark/NON_TERM_LASSO/lasso_traces_bd++[.bpl/lasso_trace_1.txt,NONTERMINATING,"4,55",0,0,"4,55",2,NONTERMINATING,1,1,2,Fixpoint / Fixpoint
ATVA2026_benchmark/NON_TERM_LASSO/lasso_traces_bd++[[.bpl/lasso_trace_2.txt,NONTERMINATING,"6,63",0,0,"6,63",2,NONTERMINATING,2,1,3,Fixpoint / Fixpoint
ATVA2026_benchmark/NON_TERM_LASSO/lasso_traces_bd++[].bpl/lasso_trace_1.txt,NONTERMINATING,"4,94",0,0,"4,94",2,NONTERMINATING,1,1,2,Fixpoint / Fixpoint
ATVA2026_benchmark/NON_TERM_LASSO/lasso_traces_bd++[d.bpl/lasso_trace_1.txt,NONTERMINATING,"8,05",0,0,"8,05",2,NONTERMINATING,1,1,2,Fixpoint / Fixpoint
ATVA2026_benchmark/NON_TERM_LASSO/lasso_traces_bd+++[.bpl/lasso_trace_1.txt,NONTERMINATING,"4,07",0,0,"4,07",2,NONTERMINATING,1,1,2,Fixpoint / Fixpoint
ATVA2026_benchmark/NON_TERM_LASSO/lasso_traces_bd++d[.bpl/lasso_trace_1.txt,NONTERMINATING,"5,01",0,0,"5,01",2,NONTERMINATING,1,1,2,Fixpoint / GNTA
ATVA2026_benchmark/NON_TERM_LASSO/lasso_traces_bd+b+[.bpl/lasso_trace_1.txt,NONTERMINATING,"4,65",0,0,"4,65",2,NONTERMINATING,1,1,2,Fixpoint / Fixpoint
ATVA2026_benchmark/NON_TERM_LASSO/lasso_traces_bd+bd[.bpl/lasso_trace_1.txt,NONTERMINATING,"4,2",0,0,"4,2",2,NONTERMINATING,1,1,2,Fixpoint / Fixpoint
ATVA2026_benchmark/NON_TERM_LASSO/lasso_traces_bd+d[.bpl/lasso_trace_1.txt,NONTERMINATING,"3,23",0,0,"3,23",2,NONTERMINATING,1,1,2,Fixpoint / Fixpoint
ATVA2026_benchmark/NON_TERM_LASSO/lasso_traces_bd+d[[.bpl/lasso_trace_2.txt,NONTERMINATING,"3,99",0,0,"3,99",2,NONTERMINATING,2,1,3,Fixpoint / Fixpoint
ATVA2026_benchmark/NON_TERM_LASSO/lasso_traces_bd+d[].bpl/lasso_trace_1.txt,NONTERMINATING,"3,64",0,0,"3,64",1,NONTERMINATING,1,1,2,Fixpoint / Fixpoint
ATVA2026_benchmark/NON_TERM_LASSO/lasso_traces_bd+d[d.bpl/lasso_trace_1.txt,NONTERMINATING,"6,03",0,0,"6,03",2,NONTERMINATING,1,1,2,Fixpoint / Fixpoint
ATVA2026_benchmark/NON_TERM_LASSO/lasso_traces_bd+d+[.bpl/lasso_trace_1.txt,NONTERMINATING,"6,67",0,0,"6,67",2,NONTERMINATING,1,1,2,Fixpoint / Fixpoint
ATVA2026_benchmark/NON_TERM_LASSO/lasso_traces_bd+dd[.bpl/lasso_trace_1.txt,NONTERMINATING,"8,62",0,0,"8,62",2,NONTERMINATING,1,1,2,Fixpoint / Fixpoint
ATVA2026_benchmark/NON_TERM_LASSO/lasso_traces_bdb-+[.bpl/lasso_trace_1.txt,NONTERMINATING,"3,27",0,0,"3,27",2,NONTERMINATING,1,1,2,Fixpoint / Fixpoint
ATVA2026_benchmark/NON_TERM_LASSO/lasso_traces_bdb]+[.bpl/lasso_trace_2.txt,NONTERMINATING,"2,4",0,0,"2,4",2,NONTERMINATING,2,1,3,Fixpoint / Fixpoint
ATVA2026_benchmark/NON_TERM_LASSO/lasso_traces_bdb+[.bpl/lasso_trace_1.txt,NONTERMINATING,"2,93",0,0,"2,93",2,NONTERMINATING,1,1,2,Fixpoint / Fixpoint
ATVA2026_benchmark/NON_TERM_LASSO/lasso_traces_bdb+[[.bpl/lasso_trace_2.txt,NONTERMINATING,"3,62",0,0,"3,62",2,NONTERMINATING,2,1,3,Fixpoint / Fixpoint
ATVA2026_benchmark/NON_TERM_LASSO/lasso_traces_bdb+[].bpl/lasso_trace_1.txt,NONTERMINATING,"3,04",0,0,"3,04",2,NONTERMINATING,1,1,2,Fixpoint / Fixpoint
ATVA2026_benchmark/NON_TERM_LASSO/lasso_traces_bdb++[.bpl/lasso_trace_1.txt,NONTERMINATING,"2,89",0,0,"2,89",2,NONTERMINATING,1,1,2,Fixpoint / Fixpoint
ATVA2026_benchmark/NON_TERM_LASSO/lasso_traces_bdbb+[.bpl/lasso_trace_1.txt,NONTERMINATING,"3,67",0,0,"3,67",2,NONTERMINATING,1,1,2,Fixpoint / Fixpoint
ATVA2026_benchmark/NON_TERM_LASSO/lasso_traces_bdbd+[.bpl/lasso_trace_1.txt,NONTERMINATING,"3,57",0,0,"3,57",2,NONTERMINATING,1,1,2,Fixpoint / Fixpoint
ATVA2026_benchmark/NON_TERM_LASSO/lasso_traces_bdd-+[.bpl/lasso_trace_1.txt,NONTERMINATING,"4,01",0,0,"4,01",2,NONTERMINATING,1,1,2,Fixpoint / Fixpoint
ATVA2026_benchmark/NON_TERM_LASSO/lasso_traces_bdd]+[.bpl/lasso_trace_2.txt,NONTERMINATING,"3,89",0,0,"3,89",2,NONTERMINATING,2,1,3,Fixpoint / Fixpoint
ATVA2026_benchmark/NON_TERM_LASSO/lasso_traces_bdd+[.bpl/lasso_trace_1.txt,NONTERMINATING,"6,29",0,0,"6,29",2,NONTERMINATING,1,1,2,Fixpoint / Fixpoint
ATVA2026_benchmark/NON_TERM_LASSO/lasso_traces_bdd+[[.bpl/lasso_trace_2.txt,NONTERMINATING,"5,07",0,0,"5,07",2,NONTERMINATING,2,1,3,Fixpoint / Fixpoint
ATVA2026_benchmark/NON_TERM_LASSO/lasso_traces_bdd+[].bpl/lasso_trace_1.txt,NONTERMINATING,"4,99",0,0,"4,99",2,NONTERMINATING,1,1,2,Fixpoint / Fixpoint
ATVA2026_benchmark/NON_TERM_LASSO/lasso_traces_bdd+[d.bpl/lasso_trace_1.txt,NONTERMINATING,"6,44",0,0,"6,44",2,NONTERMINATING,1,1,2,Fixpoint / Fixpoint
ATVA2026_benchmark/NON_TERM_LASSO/lasso_traces_bdd++[.bpl/lasso_trace_1.txt,NONTERMINATING,"6,28",0,0,"6,28",2,NONTERMINATING,1,1,2,Fixpoint / Fixpoint
ATVA2026_benchmark/NON_TERM_LASSO/lasso_traces_bdd+d[.bpl/lasso_trace_1.txt,NONTERMINATING,"3,21",0,0,"3,21",2,NONTERMINATING,1,1,2,Fixpoint / GNTA
ATVA2026_benchmark/NON_TERM_LASSO/lasso_traces_bddb+[.bpl/lasso_trace_1.txt,NONTERMINATING,"4,28",0,0,"4,28",2,NONTERMINATING,1,1,2,Fixpoint / Fixpoint
ATVA2026_benchmark/NON_TERM_LASSO/lasso_traces_bddd+[.bpl/lasso_trace_1.txt,NONTERMINATING,"4,9",0,0,"4,9",2,NONTERMINATING,1,1,2,Fixpoint / Fixpoint
ATVA2026_benchmark/NON_TERM_LASSO/lasso_traces_d---+[.bpl/lasso_trace_1.txt,NONTERMINATING,"3,73",0,0,"3,73",1,NONTERMINATING,1,1,2,Fixpoint / Fixpoint
ATVA2026_benchmark/NON_TERM_LASSO/lasso_traces_d--]+[.bpl/lasso_trace_2.txt,NONTERMINATING,"3,89",0,0,"3,89",2,NONTERMINATING,2,1,3,Fixpoint / Fixpoint
ATVA2026_benchmark/NON_TERM_LASSO/lasso_traces_d--+[.bpl/lasso_trace_1.txt,NONTERMINATING,"6,34",0,0,"6,34",1,NONTERMINATING,1,1,2,Fixpoint / Fixpoint
ATVA2026_benchmark/NON_TERM_LASSO/lasso_traces_d--+[[.bpl/lasso_trace_2.txt,NONTERMINATING,"4,06",0,0,"4,06",2,NONTERMINATING,2,1,3,Fixpoint / Fixpoint
ATVA2026_benchmark/NON_TERM_LASSO/lasso_traces_d--+[].bpl/lasso_trace_1.txt,NONTERMINATING,"4,2",0,0,"4,2",2,NONTERMINATING,1,1,2,Fixpoint / Fixpoint
ATVA2026_benchmark/NON_TERM_LASSO/lasso_traces_d--+[d.bpl/lasso_trace_1.txt,NONTERMINATING,"4,35",0,0,"4,35",2,NONTERMINATING,1,1,2,Fixpoint / Fixpoint
ATVA2026_benchmark/NON_TERM_LASSO/lasso_traces_d--++[.bpl/lasso_trace_1.txt,NONTERMINATING,"3,91",0,0,"3,91",1,NONTERMINATING,1,1,2,Fixpoint / Fixpoint
ATVA2026_benchmark/NON_TERM_LASSO/lasso_traces_d--+d[.bpl/lasso_trace_1.txt,NONTERMINATING,"3,51",0,0,"3,51",2,NONTERMINATING,1,1,2,Fixpoint / Fixpoint
ATVA2026_benchmark/NON_TERM_LASSO/lasso_traces_d--b+[.bpl/lasso_trace_1.txt,NONTERMINATING,"5,19",0,0,"5,19",2,NONTERMINATING,1,1,2,Fixpoint / Fixpoint
ATVA2026_benchmark/NON_TERM_LASSO/lasso_traces_d--d+[.bpl/lasso_trace_1.txt,NONTERMINATING,"3,81",0,0,"3,81",1,NONTERMINATING,1,1,2,Fixpoint / Fixpoint
ATVA2026_benchmark/NON_TERM_LASSO/lasso_traces_d-[]+[.bpl/lasso_trace_2.txt,NONTERMINATING,"4,24",0,0,"4,24",2,NONTERMINATING,2,1,3,Fixpoint / Fixpoint
ATVA2026_benchmark/NON_TERM_LASSO/lasso_traces_d-]-+[.bpl/lasso_trace_2.txt,NONTERMINATING,"3,58",0,0,"3,58",2,NONTERMINATING,2,1,3,Fixpoint / Fixpoint
ATVA2026_benchmark/NON_TERM_LASSO/lasso_traces_d-]]+[.bpl/lasso_trace_3.txt,NONTERMINATING,"2,84",0,0,"2,84",1,NONTERMINATING,2,1,3,Fixpoint / Fixpoint
ATVA2026_benchmark/NON_TERM_LASSO/lasso_traces_d-]+[.bpl/lasso_trace_2.txt,NONTERMINATING,"3,02",0,0,"3,02",2,NONTERMINATING,2,1,3,Fixpoint / GNTA
ATVA2026_benchmark/NON_TERM_LASSO/lasso_traces_d-]+[[.bpl/lasso_trace_3.txt,NONTERMINATING,"3,11",0,0,"3,11",1,NONTERMINATING,3,1,4,Fixpoint / Fixpoint
ATVA2026_benchmark/NON_TERM_LASSO/lasso_traces_d-]+[].bpl/lasso_trace_2.txt,NONTERMINATING,"3,48",0,0,"3,48",2,NONTERMINATING,2,1,3,Fixpoint / Fixpoint
ATVA2026_benchmark/NON_TERM_LASSO/lasso_traces_d-]+[d.bpl/lasso_trace_2.txt,NONTERMINATING,"3,4",0,0,"3,4",2,NONTERMINATING,2,1,3,Fixpoint / Fixpoint
ATVA2026_benchmark/NON_TERM_LASSO/lasso_traces_d-]++[.bpl/lasso_trace_2.txt,NONTERMINATING,"3,95",0,0,"3,95",2,NONTERMINATING,2,1,3,Fixpoint / Fixpoint
ATVA2026_benchmark/NON_TERM_LASSO/lasso_traces_d-]+d[.bpl/lasso_trace_2.txt,NONTERMINATING,"3,82",0,0,"3,82",1,NONTERMINATING,2,1,3,Fixpoint / Fixpoint
ATVA2026_benchmark/NON_TERM_LASSO/lasso_traces_d-]b+[.bpl/lasso_trace_2.txt,NONTERMINATING,"3,05",0,0,"3,05",2,NONTERMINATING,2,1,3,Fixpoint / Fixpoint
ATVA2026_benchmark/NON_TERM_LASSO/lasso_traces_d-]d+[.bpl/lasso_trace_2.txt,NONTERMINATING,"3,73",0,0,"3,73",2,NONTERMINATING,2,1,3,Fixpoint / Fixpoint
ATVA2026_benchmark/NON_TERM_LASSO/lasso_traces_d-+-+[.bpl/lasso_trace_1.txt,NONTERMINATING,"4,2",0,0,"4,2",3,NONTERMINATING,1,1,2,Fixpoint / Fixpoint
ATVA2026_benchmark/NON_TERM_LASSO/lasso_traces_d-+[-+.bpl/lasso_trace_1.txt,NONTERMINATING,"4,79",0,0,"4,79",2,NONTERMINATING,1,1,2,Fixpoint / Fixpoint
ATVA2026_benchmark/NON_TERM_LASSO/lasso_traces_d-+[.bpl/lasso_trace_1.txt,NONTERMINATING,"3,72",0,0,"3,72",2,NONTERMINATING,1,1,2,Fixpoint / Fixpoint
ATVA2026_benchmark/NON_TERM_LASSO/lasso_traces_d-+[[.bpl/lasso_trace_2.txt,NONTERMINATING,"4,16",0,0,"4,16",2,NONTERMINATING,2,1,3,Fixpoint / Fixpoint
ATVA2026_benchmark/NON_TERM_LASSO/lasso_traces_d-+[[[.bpl/lasso_trace_2.txt,NONTERMINATING,"4,64",0,0,"4,64",1,NONTERMINATING,3,1,4,Fixpoint / Fixpoint
ATVA2026_benchmark/NON_TERM_LASSO/lasso_traces_d-+[[d.bpl/lasso_trace_3.txt,NONTERMINATING,"3,21",0,0,"3,21",2,NONTERMINATING,2,1,3,Fixpoint / Fixpoint
ATVA2026_benchmark/NON_TERM_LASSO/lasso_traces_d-+[]-.bpl/lasso_trace_1.txt,NONTERMINATING,"3,65",0,0,"3,65",1,NONTERMINATING,1,1,2,Fixpoint / Fixpoint
ATVA2026_benchmark/NON_TERM_LASSO/lasso_traces_d-+[].bpl/lasso_trace_1.txt,NONTERMINATING,"4,71",0,0,"4,71",3,NONTERMINATING,1,1,2,Fixpoint / Fixpoint
ATVA2026_benchmark/NON_TERM_LASSO/lasso_traces_d-+[][.bpl/lasso_trace_1.txt,NONTERMINATING,"3,9",0,0,"3,9",2,NONTERMINATING,1,1,2,Fixpoint / Fixpoint
ATVA2026_benchmark/NON_TERM_LASSO/lasso_traces_d-+[]+.bpl/lasso_trace_1.txt,NONTERMINATING,"4,09",0,0,"4,09",3,NONTERMINATING,1,1,2,Fixpoint / Fixpoint
ATVA2026_benchmark/NON_TERM_LASSO/lasso_traces_d-+[]b.bpl/lasso_trace_1.txt,NONTERMINATING,"22,96",0,0,"22,96",2,NONTERMINATING,1,1,2,Fixpoint / Fixpoint
ATVA2026_benchmark/NON_TERM_LASSO/lasso_traces_d-+[]d.bpl/lasso_trace_1.txt,NONTERMINATING,"3,95",0,0,"3,95",1,NONTERMINATING,1,1,2,Fixpoint / Fixpoint
ATVA2026_benchmark/NON_TERM_LASSO/lasso_traces_d-+[+-.bpl/lasso_trace_1.txt,NONTERMINATING,"4,64",0,0,"4,64",2,NONTERMINATING,1,1,2,Fixpoint / Fixpoint
ATVA2026_benchmark/NON_TERM_LASSO/lasso_traces_d-+[+[.bpl/lasso_trace_2.txt,NONTERMINATING,"3,44",0,0,"3,44",2,NONTERMINATING,2,1,3,Fixpoint / Fixpoint
ATVA2026_benchmark/NON_TERM_LASSO/lasso_traces_d-+[bd.bpl/lasso_trace_1.txt,NONTERMINATING,"2,08",0,0,"2,08",2,NONTERMINATING,2,1,3,Fixpoint / Fixpoint
ATVA2026_benchmark/NON_TERM_LASSO/lasso_traces_d-+[d.bpl/lasso_trace_1.txt,NONTERMINATING,"4,27",0,0,"4,27",2,NONTERMINATING,1,1,2,Fixpoint / Fixpoint
ATVA2026_benchmark/NON_TERM_LASSO/lasso_traces_d-+[d[.bpl/lasso_trace_2.txt,NONTERMINATING,"3,2",0,0,"3,2",2,NONTERMINATING,2,1,3,Fixpoint / Fixpoint
ATVA2026_benchmark/NON_TERM_LASSO/lasso_traces_d-+[dd.bpl/lasso_trace_1.txt,NONTERMINATING,"4,57",0,0,"4,57",2,NONTERMINATING,1,1,2,Fixpoint / Fixpoint
ATVA2026_benchmark/NON_TERM_LASSO/lasso_traces_d-+]+[.bpl/lasso_trace_2.txt,NONTERMINATING,"5,06",0,0,"5,06",2,NONTERMINATING,2,1,3,Fixpoint / Fixpoint
ATVA2026_benchmark/NON_TERM_LASSO/lasso_traces_d-++-[.bpl/lasso_trace_1.txt,NONTERMINATING,"6,89",0,0,"6,89",2,NONTERMINATING,1,1,2,Fixpoint / Fixpoint
ATVA2026_benchmark/NON_TERM_LASSO/lasso_traces_d-++[.bpl/lasso_trace_1.txt,NONTERMINATING,"4,75",0,0,"4,75",1,NONTERMINATING,1,1,2,Fixpoint / Fixpoint
ATVA2026_benchmark/NON_TERM_LASSO/lasso_traces_d-++[[.bpl/lasso_trace_2.txt,NONTERMINATING,"3,39",0,0,"3,39",2,NONTERMINATING,2,1,3,Fixpoint / Fixpoint
ATVA2026_benchmark/NON_TERM_LASSO/lasso_traces_d-++[].bpl/lasso_trace_1.txt,NONTERMINATING,"6,06",0,0,"6,06",1,NONTERMINATING,1,1,2,Fixpoint / Fixpoint
ATVA2026_benchmark/NON_TERM_LASSO/lasso_traces_d-++[d.bpl/lasso_trace_1.txt,NONTERMINATING,"5,27",0,0,"5,27",1,NONTERMINATING,1,1,2,Fixpoint / Fixpoint
ATVA2026_benchmark/NON_TERM_LASSO/lasso_traces_d-+++[.bpl/lasso_trace_1.txt,NONTERMINATING,"4,52",0,0,"4,52",2,NONTERMINATING,1,1,2,Fixpoint / Fixpoint
ATVA2026_benchmark/NON_TERM_LASSO/lasso_traces_d-++d[.bpl/lasso_trace_1.txt,NONTERMINATING,"4,13",0,0,"4,13",1,NONTERMINATING,1,1,2,Fixpoint / Fixpoint
ATVA2026_benchmark/NON_TERM_LASSO/lasso_traces_d-+b+[.bpl/lasso_trace_1.txt,NONTERMINATING,"3,26",0,0,"3,26",2,NONTERMINATING,1,1,2,Fixpoint / Fixpoint
ATVA2026_benchmark/NON_TERM_LASSO/lasso_traces_d-+bd[.bpl/lasso_trace_1.txt,NONTERMINATING,"3,4",0,0,"3,4",2,NONTERMINATING,1,1,2,Fixpoint / Fixpoint
ATVA2026_benchmark/NON_TERM_LASSO/lasso_traces_d-+d[.bpl/lasso_trace_1.txt,NONTERMINATING,"3,54",0,0,"3,54",2,NONTERMINATING,1,1,2,Fixpoint / Fixpoint
ATVA2026_benchmark/NON_TERM_LASSO/lasso_traces_d-+d[[.bpl/lasso_trace_2.txt,NONTERMINATING,"3,33",0,0,"3,33",2,NONTERMINATING,2,1,3,Fixpoint / Fixpoint
ATVA2026_benchmark/NON_TERM_LASSO/lasso_traces_d-+d[].bpl/lasso_trace_1.txt,NONTERMINATING,"2,87",0,0,"2,87",1,NONTERMINATING,1,1,2,Fixpoint / Fixpoint
ATVA2026_benchmark/NON_TERM_LASSO/lasso_traces_d-+d[d.bpl/lasso_trace_1.txt,NONTERMINATING,"5,59",0,0,"5,59",2,NONTERMINATING,1,1,2,Fixpoint / Fixpoint
ATVA2026_benchmark/NON_TERM_LASSO/lasso_traces_d-+d+[.bpl/lasso_trace_1.txt,NONTERMINATING,"3,56",0,0,"3,56",2,NONTERMINATING,1,1,2,Fixpoint / Fixpoint
ATVA2026_benchmark/NON_TERM_LASSO/lasso_traces_d-+dd[.bpl/lasso_trace_1.txt,NONTERMINATING,"4,69",0,0,"4,69",1,NONTERMINATING,1,1,2,Fixpoint / Fixpoint
ATVA2026_benchmark/NON_TERM_LASSO/lasso_traces_d-b-+[.bpl/lasso_trace_1.txt,NONTERMINATING,"4,53",0,0,"4,53",2,NONTERMINATING,1,1,2,Fixpoint / Fixpoint
ATVA2026_benchmark/NON_TERM_LASSO/lasso_traces_d-b]+[.bpl/lasso_trace_2.txt,NONTERMINATING,"2,6",0,0,"2,6",2,NONTERMINATING,2,1,3,Fixpoint / Fixpoint
ATVA2026_benchmark/NON_TERM_LASSO/lasso_traces_d-b+[.bpl/lasso_trace_1.txt,NONTERMINATING,"3,08",0,0,"3,08",2,NONTERMINATING,1,1,2,Fixpoint / Fixpoint
ATVA2026_benchmark/NON_TERM_LASSO/lasso_traces_d-b+[[.bpl/lasso_trace_2.txt,NONTERMINATING,"3,33",0,0,"3,33",1,NONTERMINATING,2,1,3,Fixpoint / Fixpoint
ATVA2026_benchmark/NON_TERM_LASSO/lasso_traces_d-b+[].bpl/lasso_trace_1.txt,NONTERMINATING,3,0,0,3,2,NONTERMINATING,1,1,2,Fixpoint / Fixpoint
ATVA2026_benchmark/NON_TERM_LASSO/lasso_traces_d-b++[.bpl/lasso_trace_1.txt,NONTERMINATING,"3,76",0,0,"3,76",2,NONTERMINATING,1,1,2,Fixpoint / Fixpoint
ATVA2026_benchmark/NON_TERM_LASSO/lasso_traces_d-bb+[.bpl/lasso_trace_1.txt,NONTERMINATING,"4,8",0,0,"4,8",2,NONTERMINATING,1,1,2,Fixpoint / Fixpoint
ATVA2026_benchmark/NON_TERM_LASSO/lasso_traces_d-bd+[.bpl/lasso_trace_1.txt,NONTERMINATING,"3,19",0,0,"3,19",1,NONTERMINATING,1,1,2,Fixpoint / Fixpoint
ATVA2026_benchmark/NON_TERM_LASSO/lasso_traces_d-d-+[.bpl/lasso_trace_1.txt,NONTERMINATING,"3,67",0,0,"3,67",2,NONTERMINATING,1,1,2,Fixpoint / Fixpoint
ATVA2026_benchmark/NON_TERM_LASSO/lasso_traces_d-d]+[.bpl/lasso_trace_2.txt,NONTERMINATING,"2,9",0,0,"2,9",1,NONTERMINATING,2,1,3,Fixpoint / Fixpoint
ATVA2026_benchmark/NON_TERM_LASSO/lasso_traces_d-d+[.bpl/lasso_trace_1.txt,NONTERMINATING,"3,2",0,0,"3,2",2,NONTERMINATING,1,1,2,Fixpoint / Fixpoint
ATVA2026_benchmark/NON_TERM_LASSO/lasso_traces_d-d+[[.bpl/lasso_trace_2.txt,NONTERMINATING,"2,9",0,0,"2,9",1,NONTERMINATING,2,1,3,Fixpoint / Fixpoint
ATVA2026_benchmark/NON_TERM_LASSO/lasso_traces_d-d+[].bpl/lasso_trace_1.txt,NONTERMINATING,"3,46",0,0,"3,46",2,NONTERMINATING,1,1,2,Fixpoint / GNTA
ATVA2026_benchmark/NON_TERM_LASSO/lasso_traces_d-d+[d.bpl/lasso_trace_1.txt,NONTERMINATING,"4,62",0,0,"4,62",2,NONTERMINATING,1,1,2,Fixpoint / Fixpoint
ATVA2026_benchmark/NON_TERM_LASSO/lasso_traces_d-d++[.bpl/lasso_trace_1.txt,NONTERMINATING,"3,39",0,0,"3,39",2,NONTERMINATING,1,1,2,Fixpoint / Fixpoint
ATVA2026_benchmark/NON_TERM_LASSO/lasso_traces_d-d+d[.bpl/lasso_trace_1.txt,NONTERMINATING,"6,65",0,0,"6,65",2,NONTERMINATING,1,1,2,Fixpoint / Fixpoint
ATVA2026_benchmark/NON_TERM_LASSO/lasso_traces_d-db+[.bpl/lasso_trace_1.txt,NONTERMINATING,"2,94",0,0,"2,94",2,NONTERMINATING,1,1,2,Fixpoint / Fixpoint
ATVA2026_benchmark/NON_TERM_LASSO/lasso_traces_d-dd+[.bpl/lasso_trace_1.txt,NONTERMINATING,"5,82",0,0,"5,82",2,NONTERMINATING,1,1,2,Fixpoint / Fixpoint
ATVA2026_benchmark/NON_TERM_LASSO/lasso_traces_d[]-+[.bpl/lasso_trace_2.txt,NONTERMINATING,"3,67",0,0,"3,67",2,NONTERMINATING,2,1,3,Fixpoint / Fixpoint
ATVA2026_benchmark/NON_TERM_LASSO/lasso_traces_d[]+[.bpl/lasso_trace_2.txt,NONTERMINATING,"4,14",0,0,"4,14",2,NONTERMINATING,2,1,3,Fixpoint / Fixpoint
ATVA2026_benchmark/NON_TERM_LASSO/lasso_traces_d[]+[[.bpl/lasso_trace_3.txt,NONTERMINATING,"3,58",0,0,"3,58",1,NONTERMINATING,3,1,4,Fixpoint / Fixpoint
ATVA2026_benchmark/NON_TERM_LASSO/lasso_traces_d[]+[d.bpl/lasso_trace_2.txt,NONTERMINATING,"4,33",0,0,"4,33",2,NONTERMINATING,2,1,3,Fixpoint / Fixpoint
ATVA2026_benchmark/NON_TERM_LASSO/lasso_traces_d[]++[.bpl/lasso_trace_2.txt,NONTERMINATING,"3,92",0,0,"3,92",2,NONTERMINATING,2,1,3,Fixpoint / Fixpoint
ATVA2026_benchmark/NON_TERM_LASSO/lasso_traces_d[]+d[.bpl/lasso_trace_2.txt,NONTERMINATING,"3,25",0,0,"3,25",1,NONTERMINATING,2,1,3,Fixpoint / Fixpoint
ATVA2026_benchmark/NON_TERM_LASSO/lasso_traces_d[]b+[.bpl/lasso_trace_2.txt,NONTERMINATING,"2,88",0,0,"2,88",2,NONTERMINATING,2,1,3,Fixpoint / Fixpoint
ATVA2026_benchmark/NON_TERM_LASSO/lasso_traces_d[]d+[.bpl/lasso_trace_2.txt,NONTERMINATING,"5,24",0,0,"5,24",1,NONTERMINATING,2,1,3,Fixpoint / Fixpoint
ATVA2026_benchmark/NON_TERM_LASSO/lasso_traces_d]--+[.bpl/lasso_trace_2.txt,NONTERMINATING,"4,48",0,0,"4,48",2,NONTERMINATING,2,1,3,Fixpoint / Fixpoint
ATVA2026_benchmark/NON_TERM_LASSO/lasso_traces_d]-]+[.bpl/lasso_trace_3.txt,NONTERMINATING,"3,2",0,0,"3,2",1,NONTERMINATING,2,1,3,Fixpoint / Fixpoint
ATVA2026_benchmark/NON_TERM_LASSO/lasso_traces_d]-+[.bpl/lasso_trace_2.txt,NONTERMINATING,"3,22",0,0,"3,22",1,NONTERMINATING,2,1,3,Fixpoint / Fixpoint
ATVA2026_benchmark/NON_TERM_LASSO/lasso_traces_d]-+[[.bpl/lasso_trace_3.txt,NONTERMINATING,"3,77",0,0,"3,77",2,NONTERMINATING,3,1,4,Fixpoint / Fixpoint
ATVA2026_benchmark/NON_TERM_LASSO/lasso_traces_d]-+[].bpl/lasso_trace_2.txt,NONTERMINATING,"2,92",0,0,"2,92",1,NONTERMINATING,2,1,3,Fixpoint / Fixpoint
ATVA2026_benchmark/NON_TERM_LASSO/lasso_traces_d]-+[d.bpl/lasso_trace_2.txt,NONTERMINATING,"3,88",0,0,"3,88",2,NONTERMINATING,2,1,3,Fixpoint / Fixpoint
ATVA2026_benchmark/NON_TERM_LASSO/lasso_traces_d]-++[.bpl/lasso_trace_2.txt,NONTERMINATING,"3,24",0,0,"3,24",2,NONTERMINATING,2,1,3,Fixpoint / Fixpoint
ATVA2026_benchmark/NON_TERM_LASSO/lasso_traces_d]-+d[.bpl/lasso_trace_2.txt,NONTERMINATING,"3,27",0,0,"3,27",2,NONTERMINATING,2,1,3,Fixpoint / Fixpoint
ATVA2026_benchmark/NON_TERM_LASSO/lasso_traces_d]-b+[.bpl/lasso_trace_2.txt,NONTERMINATING,"2,72",0,0,"2,72",2,NONTERMINATING,2,1,3,Fixpoint / Fixpoint
ATVA2026_benchmark/NON_TERM_LASSO/lasso_traces_d]-d+[.bpl/lasso_trace_2.txt,NONTERMINATING,"3,05",0,0,"3,05",1,NONTERMINATING,2,1,3,Fixpoint / Fixpoint
ATVA2026_benchmark/NON_TERM_LASSO/lasso_traces_d][]+[.bpl/lasso_trace_2.txt,NONTERMINATING,"3,19",0,0,"3,19",2,NONTERMINATING,3,1,4,Fixpoint / Fixpoint
ATVA2026_benchmark/NON_TERM_LASSO/lasso_traces_d]]-+[.bpl/lasso_trace_3.txt,NONTERMINATING,"3,22",0,0,"3,22",2,NONTERMINATING,2,1,3,Fixpoint / Fixpoint
ATVA2026_benchmark/NON_TERM_LASSO/lasso_traces_d]]]+[.bpl/lasso_trace_3.txt,NONTERMINATING,"4,22",0,0,"4,22",2,NONTERMINATING,2,1,3,Fixpoint / Fixpoint
ATVA2026_benchmark/NON_TERM_LASSO/lasso_traces_d]]+[.bpl/lasso_trace_3.txt,NONTERMINATING,"3,82",0,0,"3,82",2,NONTERMINATING,2,1,3,Fixpoint / Fixpoint
ATVA2026_benchmark/NON_TERM_LASSO/lasso_traces_d]]+[[.bpl/lasso_trace_3.txt,NONTERMINATING,"3,32",0,0,"3,32",2,NONTERMINATING,3,1,4,Fixpoint / Fixpoint
ATVA2026_benchmark/NON_TERM_LASSO/lasso_traces_d]]+[].bpl/lasso_trace_3.txt,NONTERMINATING,"3,32",0,0,"3,32",2,NONTERMINATING,2,1,3,Fixpoint / Fixpoint
ATVA2026_benchmark/NON_TERM_LASSO/lasso_traces_d]]+[d.bpl/lasso_trace_3.txt,NONTERMINATING,"3,61",0,0,"3,61",2,NONTERMINATING,2,1,3,Fixpoint / Fixpoint
ATVA2026_benchmark/NON_TERM_LASSO/lasso_traces_d]]++[.bpl/lasso_trace_3.txt,NONTERMINATING,"3,18",0,0,"3,18",2,NONTERMINATING,2,1,3,Fixpoint / Fixpoint
ATVA2026_benchmark/NON_TERM_LASSO/lasso_traces_d]]+d[.bpl/lasso_trace_3.txt,NONTERMINATING,"2,92",0,0,"2,92",2,NONTERMINATING,2,1,3,Fixpoint / Fixpoint
ATVA2026_benchmark/NON_TERM_LASSO/lasso_traces_d]]b+[.bpl/lasso_trace_3.txt,NONTERMINATING,"3,96",0,0,"3,96",2,NONTERMINATING,2,1,3,Fixpoint / Fixpoint
ATVA2026_benchmark/NON_TERM_LASSO/lasso_traces_d]]d+[.bpl/lasso_trace_3.txt,NONTERMINATING,"2,9",0,0,"2,9",2,NONTERMINATING,2,1,3,Fixpoint / Fixpoint
ATVA2026_benchmark/NON_TERM_LASSO/lasso_traces_d]+-+[.bpl/lasso_trace_2.txt,NONTERMINATING,"4,56",0,0,"4,56",2,NONTERMINATING,2,1,3,Fixpoint / Fixpoint
ATVA2026_benchmark/NON_TERM_LASSO/lasso_traces_d]+[-+.bpl/lasso_trace_2.txt,NONTERMINATING,"3,38",0,0,"3,38",2,NONTERMINATING,2,1,3,Fixpoint / Fixpoint
ATVA2026_benchmark/NON_TERM_LASSO/lasso_traces_d]+[.bpl/lasso_trace_2.txt,NONTERMINATING,"3,64",0,0,"3,64",1,NONTERMINATING,2,1,3,Fixpoint / Fixpoint
ATVA2026_benchmark/NON_TERM_LASSO/lasso_traces_d]+[[.bpl/lasso_trace_3.txt,NONTERMINATING,"3,92",0,0,"3,92",2,NONTERMINATING,3,1,4,Fixpoint / Fixpoint
ATVA2026_benchmark/NON_TERM_LASSO/lasso_traces_d]+[[[.bpl/lasso_trace_3.txt,NONTERMINATING,"2,99",0,0,"2,99",1,NONTERMINATING,4,1,5,Fixpoint / Fixpoint
ATVA2026_benchmark/NON_TERM_LASSO/lasso_traces_d]+[[d.bpl/lasso_trace_4.txt,NONTERMINATING,"4,51",0,0,"4,51",2,NONTERMINATING,3,1,4,Fixpoint / Fixpoint
ATVA2026_benchmark/NON_TERM_LASSO/lasso_traces_d]+[]-.bpl/lasso_trace_2.txt,NONTERMINATING,"3,71",0,0,"3,71",1,NONTERMINATING,2,1,3,Fixpoint / Fixpoint
ATVA2026_benchmark/NON_TERM_LASSO/lasso_traces_d]+[].bpl/lasso_trace_2.txt,NONTERMINATING,"4,38",0,0,"4,38",2,NONTERMINATING,2,1,3,Fixpoint / Fixpoint
ATVA2026_benchmark/NON_TERM_LASSO/lasso_traces_d]+[][.bpl/lasso_trace_2.txt,NONTERMINATING,"3,43",0,0,"3,43",2,NONTERMINATING,2,1,3,Fixpoint / Fixpoint
ATVA2026_benchmark/NON_TERM_LASSO/lasso_traces_d]+[]+.bpl/lasso_trace_2.txt,NONTERMINATING,"3,1",0,0,"3,1",2,NONTERMINATING,2,1,3,Fixpoint / Fixpoint
ATVA2026_benchmark/NON_TERM_LASSO/lasso_traces_d]+[]b.bpl/lasso_trace_2.txt,NONTERMINATING,"3,57",0,0,"3,57",2,NONTERMINATING,2,1,3,Fixpoint / Fixpoint
ATVA2026_benchmark/NON_TERM_LASSO/lasso_traces_d]+[]d.bpl/lasso_trace_2.txt,NONTERMINATING,"2,81",0,0,"2,81",2,NONTERMINATING,2,1,3,Fixpoint / Fixpoint
ATVA2026_benchmark/NON_TERM_LASSO/lasso_traces_d]+[+-.bpl/lasso_trace_2.txt,NONTERMINATING,"3,45",0,0,"3,45",2,NONTERMINATING,2,1,3,Fixpoint / Fixpoint
ATVA2026_benchmark/NON_TERM_LASSO/lasso_traces_d]+[+[.bpl/lasso_trace_3.txt,NONTERMINATING,"3,25",0,0,"3,25",2,NONTERMINATING,3,1,4,Fixpoint / Fixpoint
ATVA2026_benchmark/NON_TERM_LASSO/lasso_traces_d]+[bd.bpl/lasso_trace_2.txt,NONTERMINATING,"1,69",0,0,"1,69",2,NONTERMINATING,3,1,4,Fixpoint / Fixpoint
ATVA2026_benchmark/NON_TERM_LASSO/lasso_traces_d]+[d.bpl/lasso_trace_2.txt,NONTERMINATING,"3,21",0,0,"3,21",2,NONTERMINATING,2,1,3,Fixpoint / Fixpoint
ATVA2026_benchmark/NON_TERM_LASSO/lasso_traces_d]+[d[.bpl/lasso_trace_3.txt,NONTERMINATING,"2,85",0,0,"2,85",2,NONTERMINATING,3,1,4,Fixpoint / Fixpoint
ATVA2026_benchmark/NON_TERM_LASSO/lasso_traces_d]+[dd.bpl/lasso_trace_2.txt,NONTERMINATING,"6,26",0,0,"6,26",2,NONTERMINATING,2,1,3,Fixpoint / Fixpoint
ATVA2026_benchmark/NON_TERM_LASSO/lasso_traces_d]+]+[.bpl/lasso_trace_2.txt,NONTERMINATING,"3,79",0,0,"3,79",1,NONTERMINATING,2,1,3,Fixpoint / Fixpoint
ATVA2026_benchmark/NON_TERM_LASSO/lasso_traces_d]++-[.bpl/lasso_trace_2.txt,NONTERMINATING,"3,07",0,0,"3,07",2,NONTERMINATING,2,1,3,Fixpoint / GNTA
ATVA2026_benchmark/NON_TERM_LASSO/lasso_traces_d]++[.bpl/lasso_trace_2.txt,NONTERMINATING,"3,28",0,0,"3,28",1,NONTERMINATING,2,1,3,Fixpoint / Fixpoint
ATVA2026_benchmark/NON_TERM_LASSO/lasso_traces_d]++[[.bpl/lasso_trace_3.txt,NONTERMINATING,"3,04",0,0,"3,04",2,NONTERMINATING,3,1,4,Fixpoint / Fixpoint
ATVA2026_benchmark/NON_TERM_LASSO/lasso_traces_d]++[].bpl/lasso_trace_2.txt,NONTERMINATING,"5,36",0,0,"5,36",1,NONTERMINATING,2,1,3,Fixpoint / Fixpoint
ATVA2026_benchmark/NON_TERM_LASSO/lasso_traces_d]++[d.bpl/lasso_trace_2.txt,NONTERMINATING,"5,65",0,0,"5,65",2,NONTERMINATING,2,1,3,Fixpoint / Fixpoint
ATVA2026_benchmark/NON_TERM_LASSO/lasso_traces_d]+++[.bpl/lasso_trace_2.txt,NONTERMINATING,"3,1",0,0,"3,1",2,NONTERMINATING,2,1,3,Fixpoint / Fixpoint
ATVA2026_benchmark/NON_TERM_LASSO/lasso_traces_d]++d[.bpl/lasso_trace_2.txt,NONTERMINATING,"3,36",0,0,"3,36",1,NONTERMINATING,2,1,3,Fixpoint / Fixpoint
ATVA2026_benchmark/NON_TERM_LASSO/lasso_traces_d]+b+[.bpl/lasso_trace_2.txt,NONTERMINATING,"2,91",0,0,"2,91",2,NONTERMINATING,2,1,3,Fixpoint / Fixpoint
ATVA2026_benchmark/NON_TERM_LASSO/lasso_traces_d]+bd[.bpl/lasso_trace_2.txt,NONTERMINATING,"3,33",0,0,"3,33",2,NONTERMINATING,2,1,3,Fixpoint / Fixpoint
ATVA2026_benchmark/NON_TERM_LASSO/lasso_traces_d]+d[.bpl/lasso_trace_2.txt,NONTERMINATING,"3,05",0,0,"3,05",2,NONTERMINATING,2,1,3,Fixpoint / Fixpoint
ATVA2026_benchmark/NON_TERM_LASSO/lasso_traces_d]+d[[.bpl/lasso_trace_3.txt,NONTERMINATING,"4,47",0,0,"4,47",2,NONTERMINATING,3,1,4,Fixpoint / Fixpoint
ATVA2026_benchmark/NON_TERM_LASSO/lasso_traces_d]+d[].bpl/lasso_trace_2.txt,NONTERMINATING,"4,29",0,0,"4,29",2,NONTERMINATING,2,1,3,Fixpoint / Fixpoint
ATVA2026_benchmark/NON_TERM_LASSO/lasso_traces_d]+d[d.bpl/lasso_trace_2.txt,NONTERMINATING,"8,08",0,0,"8,08",2,NONTERMINATING,2,1,3,Fixpoint / Fixpoint
ATVA2026_benchmark/NON_TERM_LASSO/lasso_traces_d]+d+[.bpl/lasso_trace_2.txt,NONTERMINATING,"3,01",0,0,"3,01",2,NONTERMINATING,2,1,3,Fixpoint / Fixpoint
ATVA2026_benchmark/NON_TERM_LASSO/lasso_traces_d]+dd[.bpl/lasso_trace_2.txt,NONTERMINATING,"3,17",0,0,"3,17",2,NONTERMINATING,2,1,3,Fixpoint / Fixpoint
ATVA2026_benchmark/NON_TERM_LASSO/lasso_traces_d]b-+[.bpl/lasso_trace_2.txt,NONTERMINATING,"3,76",0,0,"3,76",2,NONTERMINATING,2,1,3,Fixpoint / Fixpoint
ATVA2026_benchmark/NON_TERM_LASSO/lasso_traces_d]b]+[.bpl/lasso_trace_3.txt,NONTERMINATING,"3,07",0,0,"3,07",2,NONTERMINATING,2,1,3,Fixpoint / Fixpoint
ATVA2026_benchmark/NON_TERM_LASSO/lasso_traces_d]b+[.bpl/lasso_trace_2.txt,NONTERMINATING,"3,86",0,0,"3,86",2,NONTERMINATING,2,1,3,Fixpoint / Fixpoint
ATVA2026_benchmark/NON_TERM_LASSO/lasso_traces_d]b+[[.bpl/lasso_trace_3.txt,NONTERMINATING,"2,8",0,0,"2,8",2,NONTERMINATING,3,1,4,Fixpoint / Fixpoint
ATVA2026_benchmark/NON_TERM_LASSO/lasso_traces_d]b+[].bpl/lasso_trace_2.txt,NONTERMINATING,"3,02",0,0,"3,02",1,NONTERMINATING,2,1,3,Fixpoint / Fixpoint
ATVA2026_benchmark/NON_TERM_LASSO/lasso_traces_d]b++[.bpl/lasso_trace_2.txt,NONTERMINATING,"3,32",0,0,"3,32",1,NONTERMINATING,2,1,3,Fixpoint / Fixpoint
ATVA2026_benchmark/NON_TERM_LASSO/lasso_traces_d]bb+[.bpl/lasso_trace_2.txt,NONTERMINATING,"4,35",0,0,"4,35",2,NONTERMINATING,2,1,3,Fixpoint / Fixpoint
ATVA2026_benchmark/NON_TERM_LASSO/lasso_traces_d]bd+[.bpl/lasso_trace_2.txt,NONTERMINATING,"3,4",0,0,"3,4",2,NONTERMINATING,2,1,3,Fixpoint / Fixpoint
ATVA2026_benchmark/NON_TERM_LASSO/lasso_traces_d]d-+[.bpl/lasso_trace_2.txt,NONTERMINATING,"3,03",0,0,"3,03",1,NONTERMINATING,2,1,3,Fixpoint / Fixpoint
ATVA2026_benchmark/NON_TERM_LASSO/lasso_traces_d]d]+[.bpl/lasso_trace_3.txt,NONTERMINATING,"3,75",0,0,"3,75",2,NONTERMINATING,2,1,3,Fixpoint / Fixpoint
ATVA2026_benchmark/NON_TERM_LASSO/lasso_traces_d]d+[.bpl/lasso_trace_2.txt,NONTERMINATING,"2,93",0,0,"2,93",2,NONTERMINATING,2,1,3,Fixpoint / Fixpoint
ATVA2026_benchmark/NON_TERM_LASSO/lasso_traces_d]d+[[.bpl/lasso_trace_3.txt,NONTERMINATING,"2,95",0,0,"2,95",1,NONTERMINATING,3,1,4,Fixpoint / Fixpoint
ATVA2026_benchmark/NON_TERM_LASSO/lasso_traces_d]d+[].bpl/lasso_trace_2.txt,NONTERMINATING,"3,36",0,0,"3,36",2,NONTERMINATING,2,1,3,Fixpoint / Fixpoint
ATVA2026_benchmark/NON_TERM_LASSO/lasso_traces_d]d+[d.bpl/lasso_trace_2.txt,NONTERMINATING,"5,95",0,0,"5,95",2,NONTERMINATING,2,1,3,Fixpoint / Fixpoint
ATVA2026_benchmark/NON_TERM_LASSO/lasso_traces_d]d++[.bpl/lasso_trace_2.txt,NONTERMINATING,"3,27",0,0,"3,27",1,NONTERMINATING,2,1,3,Fixpoint / Fixpoint
ATVA2026_benchmark/NON_TERM_LASSO/lasso_traces_d]d+d[.bpl/lasso_trace_2.txt,NONTERMINATING,"3,4",0,0,"3,4",1,NONTERMINATING,2,1,3,Fixpoint / Fixpoint
ATVA2026_benchmark/NON_TERM_LASSO/lasso_traces_d]db+[.bpl/lasso_trace_2.txt,NONTERMINATING,"2,73",0,0,"2,73",2,NONTERMINATING,2,1,3,Fixpoint / Fixpoint
ATVA2026_benchmark/NON_TERM_LASSO/lasso_traces_d]dd+[.bpl/lasso_trace_2.txt,NONTERMINATING,"3,49",0,0,"3,49",1,NONTERMINATING,2,1,3,Fixpoint / Fixpoint
ATVA2026_benchmark/NON_TERM_LASSO/lasso_traces_d+--+[.bpl/lasso_trace_1.txt,NONTERMINATING,"4,67",0,0,"4,67",2,NONTERMINATING,1,1,2,Fixpoint / Fixpoint
ATVA2026_benchmark/NON_TERM_LASSO/lasso_traces_d+-]+[.bpl/lasso_trace_2.txt,NONTERMINATING,"3,45",0,0,"3,45",2,NONTERMINATING,2,1,3,Fixpoint / Fixpoint
ATVA2026_benchmark/NON_TERM_LASSO/lasso_traces_d+-+[.bpl/lasso_trace_1.txt,NONTERMINATING,"3,85",0,0,"3,85",2,NONTERMINATING,1,1,2,Fixpoint / Fixpoint
ATVA2026_benchmark/NON_TERM_LASSO/lasso_traces_d+-+[[.bpl/lasso_trace_2.txt,NONTERMINATING,"4,41",0,0,"4,41",2,NONTERMINATING,2,1,3,Fixpoint / Fixpoint
ATVA2026_benchmark/NON_TERM_LASSO/lasso_traces_d+-+[].bpl/lasso_trace_1.txt,NONTERMINATING,"5,17",0,0,"5,17",2,NONTERMINATING,1,1,2,Fixpoint / Fixpoint
ATVA2026_benchmark/NON_TERM_LASSO/lasso_traces_d+-+[d.bpl/lasso_trace_1.txt,NONTERMINATING,"5,37",0,0,"5,37",2,NONTERMINATING,1,1,2,Fixpoint / Fixpoint
ATVA2026_benchmark/NON_TERM_LASSO/lasso_traces_d+-++[.bpl/lasso_trace_1.txt,NONTERMINATING,"4,43",0,0,"4,43",2,NONTERMINATING,1,1,2,Fixpoint / Fixpoint
ATVA2026_benchmark/NON_TERM_LASSO/lasso_traces_d+-+d[.bpl/lasso_trace_1.txt,NONTERMINATING,"4,09",0,0,"4,09",2,NONTERMINATING,1,1,2,Fixpoint / Fixpoint
ATVA2026_benchmark/NON_TERM_LASSO/lasso_traces_d+-b+[.bpl/lasso_trace_1.txt,NONTERMINATING,"2,66",0,0,"2,66",2,NONTERMINATING,1,1,2,Fixpoint / Fixpoint
ATVA2026_benchmark/NON_TERM_LASSO/lasso_traces_d+-d+[.bpl/lasso_trace_1.txt,NONTERMINATING,"5,62",0,0,"5,62",1,NONTERMINATING,1,1,2,Fixpoint / Fixpoint
ATVA2026_benchmark/NON_TERM_LASSO/lasso_traces_d+[--+.bpl/lasso_trace_1.txt,NONTERMINATING,"4,28",0,0,"4,28",2,NONTERMINATING,1,1,2,Fixpoint / Fixpoint
ATVA2026_benchmark/NON_TERM_LASSO/lasso_traces_d+[-+.bpl/lasso_trace_1.txt,NONTERMINATING,"4,77",0,0,"4,77",2,NONTERMINATING,1,1,2,Fixpoint / Fixpoint
ATVA2026_benchmark/NON_TERM_LASSO/lasso_traces_d+[-+[.bpl/lasso_trace_2.txt,NONTERMINATING,"4,32",0,0,"4,32",2,NONTERMINATING,2,1,3,Fixpoint / GNTA
ATVA2026_benchmark/NON_TERM_LASSO/lasso_traces_d+[-+d.bpl/lasso_trace_1.txt,NONTERMINATING,"4,55",0,0,"4,55",2,NONTERMINATING,1,1,2,Fixpoint / Fixpoint
ATVA2026_benchmark/NON_TERM_LASSO/lasso_traces_d+[-d+.bpl/lasso_trace_1.txt,NONTERMINATING,"12,31",0,0,"12,31",2,NONTERMINATING,1,1,2,Fixpoint / Fixpoint
ATVA2026_benchmark/NON_TERM_LASSO/lasso_traces_d+[.bpl/lasso_trace_1.txt,NONTERMINATING,"5,71",0,0,"5,71",2,NONTERMINATING,1,1,2,Fixpoint / Fixpoint
ATVA2026_benchmark/NON_TERM_LASSO/lasso_traces_d+[[-+.bpl/lasso_trace_2.txt,NONTERMINATING,"4,02",0,0,"4,02",2,NONTERMINATING,2,1,3,Fixpoint / Fixpoint
ATVA2026_benchmark/NON_TERM_LASSO/lasso_traces_d+[[.bpl/lasso_trace_2.txt,NONTERMINATING,"3,99",0,0,"3,99",1,NONTERMINATING,2,1,3,Fixpoint / Fixpoint
ATVA2026_benchmark/NON_TERM_LASSO/lasso_traces_d+[[[.bpl/lasso_trace_2.txt,NONTERMINATING,"3,18",0,0,"3,18",2,NONTERMINATING,3,1,4,Fixpoint / Fixpoint
ATVA2026_benchmark/NON_TERM_LASSO/lasso_traces_d+[[[[.bpl/lasso_trace_2.txt,NONTERMINATING,"3,46",0,0,"3,46",1,NONTERMINATING,4,1,5,Fixpoint / Fixpoint
ATVA2026_benchmark/NON_TERM_LASSO/lasso_traces_d+[[[d.bpl/lasso_trace_3.txt,NONTERMINATING,"4,3",0,0,"4,3",2,NONTERMINATING,3,1,4,Fixpoint / Fixpoint
ATVA2026_benchmark/NON_TERM_LASSO/lasso_traces_d+[[+-.bpl/lasso_trace_3.txt,NONTERMINATING,"3,64",0,0,"3,64",2,NONTERMINATING,2,1,3,Fixpoint / Fixpoint
ATVA2026_benchmark/NON_TERM_LASSO/lasso_traces_d+[[+[.bpl/lasso_trace_3.txt,NONTERMINATING,"5,23",0,0,"5,23",2,NONTERMINATING,3,1,4,Fixpoint / Fixpoint
ATVA2026_benchmark/NON_TERM_LASSO/lasso_traces_d+[[bd.bpl/lasso_trace_3.txt,NONTERMINATING,"1,83",0,0,"1,83",2,NONTERMINATING,3,1,4,Fixpoint / Fixpoint
ATVA2026_benchmark/NON_TERM_LASSO/lasso_traces_d+[[d.bpl/lasso_trace_3.txt,NONTERMINATING,"4,69",0,0,"4,69",2,NONTERMINATING,2,1,3,Fixpoint / Fixpoint
ATVA2026_benchmark/NON_TERM_LASSO/lasso_traces_d+[[d[.bpl/lasso_trace_3.txt,NONTERMINATING,"3,14",0,0,"3,14",1,NONTERMINATING,3,1,4,Fixpoint / Fixpoint
ATVA2026_benchmark/NON_TERM_LASSO/lasso_traces_d+[[dd.bpl/lasso_trace_3.txt,NONTERMINATING,"3,95",0,0,"3,95",2,NONTERMINATING,2,1,3,Fixpoint / Fixpoint
ATVA2026_benchmark/NON_TERM_LASSO/lasso_traces_d+[]--.bpl/lasso_trace_1.txt,NONTERMINATING,"4,18",0,0,"4,18",2,NONTERMINATING,1,1,2,Fixpoint / Fixpoint
ATVA2026_benchmark/NON_TERM_LASSO/lasso_traces_d+[]-.bpl/lasso_trace_1.txt,NONTERMINATING,"4,24",0,0,"4,24",2,NONTERMINATING,1,1,2,Fixpoint / Fixpoint
ATVA2026_benchmark/NON_TERM_LASSO/lasso_traces_d+[]-[.bpl/lasso_trace_1.txt,NONTERMINATING,"4,33",0,0,"4,33",2,NONTERMINATING,1,1,2,Fixpoint / Fixpoint
ATVA2026_benchmark/NON_TERM_LASSO/lasso_traces_d+[]-+.bpl/lasso_trace_1.txt,NONTERMINATING,"3,67",0,0,"3,67",2,NONTERMINATING,1,1,2,Fixpoint / Fixpoint
ATVA2026_benchmark/NON_TERM_LASSO/lasso_traces_d+[]-b.bpl/lasso_trace_1.txt,NONTERMINATING,"8,94",0,0,"8,94",2,NONTERMINATING,1,1,2,Fixpoint / Fixpoint
ATVA2026_benchmark/NON_TERM_LASSO/lasso_traces_d+[]-d.bpl/lasso_trace_1.txt,NONTERMINATING,"5,24",0,0,"5,24",1,NONTERMINATING,1,1,2,Fixpoint / Fixpoint
ATVA2026_benchmark/NON_TERM_LASSO/lasso_traces_d+[].bpl/lasso_trace_1.txt,NONTERMINATING,"4,27",0,0,"4,27",1,NONTERMINATING,1,1,2,Fixpoint / Fixpoint
ATVA2026_benchmark/NON_TERM_LASSO/lasso_traces_d+[][-.bpl/lasso_trace_1.txt,NONTERMINATING,"3,93",0,0,"3,93",1,NONTERMINATING,1,1,2,Fixpoint / Fixpoint
ATVA2026_benchmark/NON_TERM_LASSO/lasso_traces_d+[][.bpl/lasso_trace_1.txt,NONTERMINATING,"5,38",0,0,"5,38",2,NONTERMINATING,1,1,2,Fixpoint / Fixpoint
ATVA2026_benchmark/NON_TERM_LASSO/lasso_traces_d+[][[.bpl/lasso_trace_1.txt,NONTERMINATING,"4,1",0,0,"4,1",1,NONTERMINATING,1,1,2,Fixpoint / Fixpoint
ATVA2026_benchmark/NON_TERM_LASSO/lasso_traces_d+[][+.bpl/lasso_trace_1.txt,NONTERMINATING,"4,25",0,0,"4,25",1,NONTERMINATING,1,1,2,Fixpoint / Fixpoint
ATVA2026_benchmark/NON_TERM_LASSO/lasso_traces_d+[][b.bpl/lasso_trace_1.txt,NONTERMINATING,"11,35",0,0,"11,35",1,NONTERMINATING,1,1,2,Fixpoint / Fixpoint
ATVA2026_benchmark/NON_TERM_LASSO/lasso_traces_d+[][d.bpl/lasso_trace_1.txt,NONTERMINATING,"6,5",0,0,"6,5",2,NONTERMINATING,1,1,2,Fixpoint / Fixpoint
ATVA2026_benchmark/NON_TERM_LASSO/lasso_traces_d+[]+-.bpl/lasso_trace_1.txt,NONTERMINATING,"4,09",0,0,"4,09",2,NONTERMINATING,1,1,2,Fixpoint / Fixpoint
ATVA2026_benchmark/NON_TERM_LASSO/lasso_traces_d+[]+.bpl/lasso_trace_1.txt,NONTERMINATING,"4,02",0,0,"4,02",2,NONTERMINATING,1,1,2,Fixpoint / Fixpoint
ATVA2026_benchmark/NON_TERM_LASSO/lasso_traces_d+[]+[.bpl/lasso_trace_1.txt,NONTERMINATING,"4,11",0,0,"4,11",1,NONTERMINATING,1,1,2,Fixpoint / Fixpoint
ATVA2026_benchmark/NON_TERM_LASSO/lasso_traces_d+[]++.bpl/lasso_trace_1.txt,NONTERMINATING,"4,52",0,0,"4,52",2,NONTERMINATING,1,1,2,Fixpoint / Fixpoint
ATVA2026_benchmark/NON_TERM_LASSO/lasso_traces_d+[]+b.bpl/lasso_trace_1.txt,NONTERMINATING,"3,23",0,0,"3,23",1,NONTERMINATING,1,1,2,Fixpoint / Fixpoint
ATVA2026_benchmark/NON_TERM_LASSO/lasso_traces_d+[]+d.bpl/lasso_trace_1.txt,NONTERMINATING,"7,88",0,0,"7,88",2,NONTERMINATING,1,1,2,Fixpoint / Fixpoint
ATVA2026_benchmark/NON_TERM_LASSO/lasso_traces_d+[]b-.bpl/lasso_trace_1.txt,NONTERMINATING,"3,72",0,0,"3,72",1,NONTERMINATING,1,1,2,Fixpoint / Fixpoint
ATVA2026_benchmark/NON_TERM_LASSO/lasso_traces_d+[]b.bpl/lasso_trace_1.txt,NONTERMINATING,"8,04",0,0,"8,04",2,NONTERMINATING,1,1,2,Fixpoint / Fixpoint
ATVA2026_benchmark/NON_TERM_LASSO/lasso_traces_d+[]b[.bpl/lasso_trace_1.txt,NONTERMINATING,"4,26",0,0,"4,26",1,NONTERMINATING,1,1,2,Fixpoint / Fixpoint
ATVA2026_benchmark/NON_TERM_LASSO/lasso_traces_d+[]b+.bpl/lasso_trace_1.txt,NONTERMINATING,"6,88",0,0,"6,88",1,NONTERMINATING,1,1,2,Fixpoint / Fixpoint
ATVA2026_benchmark/NON_TERM_LASSO/lasso_traces_d+[]bb.bpl/lasso_trace_1.txt,NONTERMINATING,"3,15",0,0,"3,15",2,NONTERMINATING,1,1,2,Fixpoint / Fixpoint
ATVA2026_benchmark/NON_TERM_LASSO/lasso_traces_d+[]bd.bpl/lasso_trace_1.txt,NONTERMINATING,"5,14",0,0,"5,14",2,NONTERMINATING,1,1,2,Fixpoint / Fixpoint
ATVA2026_benchmark/NON_TERM_LASSO/lasso_traces_d+[]d-.bpl/lasso_trace_1.txt,NONTERMINATING,"3,9",0,0,"3,9",2,NONTERMINATING,1,1,2,Fixpoint / Fixpoint
ATVA2026_benchmark/NON_TERM_LASSO/lasso_traces_d+[]d.bpl/lasso_trace_1.txt,NONTERMINATING,"4,42",0,0,"4,42",2,NONTERMINATING,1,1,2,Fixpoint / Fixpoint
ATVA2026_benchmark/NON_TERM_LASSO/lasso_traces_d+[]d[.bpl/lasso_trace_1.txt,NONTERMINATING,"4,31",0,0,"4,31",2,NONTERMINATING,1,1,2,Fixpoint / Fixpoint
ATVA2026_benchmark/NON_TERM_LASSO/lasso_traces_d+[]d+.bpl/lasso_trace_1.txt,NONTERMINATING,"5,46",0,0,"5,46",1,NONTERMINATING,1,1,2,Fixpoint / Fixpoint
ATVA2026_benchmark/NON_TERM_LASSO/lasso_traces_d+[]db.bpl/lasso_trace_1.txt,NONTERMINATING,"4,81",0,0,"4,81",2,NONTERMINATING,1,1,2,Fixpoint / Fixpoint
ATVA2026_benchmark/NON_TERM_LASSO/lasso_traces_d+[]dd.bpl/lasso_trace_1.txt,NONTERMINATING,"4,09",0,0,"4,09",2,NONTERMINATING,1,1,2,Fixpoint / Fixpoint
ATVA2026_benchmark/NON_TERM_LASSO/lasso_traces_d+[+-.bpl/lasso_trace_1.txt,NONTERMINATING,"4,31",0,0,"4,31",2,NONTERMINATING,1,1,2,Fixpoint / Fixpoint
ATVA2026_benchmark/NON_TERM_LASSO/lasso_traces_d+[+-[.bpl/lasso_trace_2.txt,NONTERMINATING,"4,53",0,0,"4,53",2,NONTERMINATING,2,1,3,Fixpoint / Fixpoint
ATVA2026_benchmark/NON_TERM_LASSO/lasso_traces_d+[+-d.bpl/lasso_trace_1.txt,NONTERMINATING,"5,26",0,0,"5,26",2,NONTERMINATING,1,1,2,Fixpoint / Fixpoint
ATVA2026_benchmark/NON_TERM_LASSO/lasso_traces_d+[+[.bpl/lasso_trace_2.txt,NONTERMINATING,"3,38",0,0,"3,38",2,NONTERMINATING,2,1,3,Fixpoint / Fixpoint
ATVA2026_benchmark/NON_TERM_LASSO/lasso_traces_d+[+[[.bpl/lasso_trace_2.txt,NONTERMINATING,"3,16",0,0,"3,16",2,NONTERMINATING,3,1,4,Fixpoint / Fixpoint
ATVA2026_benchmark/NON_TERM_LASSO/lasso_traces_d+[+[d.bpl/lasso_trace_2.txt,NONTERMINATING,"7,37",0,0,"7,37",2,NONTERMINATING,2,1,3,Fixpoint / Fixpoint
ATVA2026_benchmark/NON_TERM_LASSO/lasso_traces_d+[++[.bpl/lasso_trace_2.txt,NONTERMINATING,"3,14",0,0,"3,14",2,NONTERMINATING,2,1,3,Fixpoint / Fixpoint
ATVA2026_benchmark/NON_TERM_LASSO/lasso_traces_d+[+d-.bpl/lasso_trace_1.txt,NONTERMINATING,"4,36",0,0,"4,36",2,NONTERMINATING,1,1,2,Fixpoint / Fixpoint
ATVA2026_benchmark/NON_TERM_LASSO/lasso_traces_d+[+d[.bpl/lasso_trace_2.txt,NONTERMINATING,"5,39",0,0,"5,39",2,NONTERMINATING,2,1,3,Fixpoint / Fixpoint
ATVA2026_benchmark/NON_TERM_LASSO/lasso_traces_d+[b-d.bpl/lasso_trace_1.txt,NONTERMINATING,"2,45",0,0,"2,45",3,NONTERMINATING,2,1,3,Fixpoint / Fixpoint
ATVA2026_benchmark/NON_TERM_LASSO/lasso_traces_d+[b+[.bpl/lasso_trace_2.txt,NONTERMINATING,"12,53",0,0,"12,53",2,NONTERMINATING,2,1,3,Fixpoint / Fixpoint
ATVA2026_benchmark/NON_TERM_LASSO/lasso_traces_d+[bd.bpl/lasso_trace_1.txt,NONTERMINATING,"2,22",0,0,"2,22",2,NONTERMINATING,2,1,3,Fixpoint / Fixpoint
ATVA2026_benchmark/NON_TERM_LASSO/lasso_traces_d+[bd[.bpl/lasso_trace_2.txt,NONTERMINATING,"3,7",0,0,"3,7",2,NONTERMINATING,2,1,3,Fixpoint / Fixpoint
ATVA2026_benchmark/NON_TERM_LASSO/lasso_traces_d+[bdd.bpl/lasso_trace_1.txt,NONTERMINATING,"1,92",0,0,"1,92",3,NONTERMINATING,2,1,3,Fixpoint / Fixpoint
ATVA2026_benchmark/NON_TERM_LASSO/lasso_traces_d+[d-+.bpl/lasso_trace_1.txt,NONTERMINATING,"4,19",0,0,"4,19",2,NONTERMINATING,1,1,2,Fixpoint / Fixpoint
ATVA2026_benchmark/NON_TERM_LASSO/lasso_traces_d+[d.bpl/lasso_trace_1.txt,NONTERMINATING,"4,56",0,0,"4,56",2,NONTERMINATING,1,1,2,Fixpoint / Fixpoint
ATVA2026_benchmark/NON_TERM_LASSO/lasso_traces_d+[d[.bpl/lasso_trace_2.txt,NONTERMINATING,"2,77",0,0,"2,77",2,NONTERMINATING,2,1,3,Fixpoint / Fixpoint
ATVA2026_benchmark/NON_TERM_LASSO/lasso_traces_d+[d[[.bpl/lasso_trace_2.txt,NONTERMINATING,"2,96",0,0,"2,96",2,NONTERMINATING,3,1,4,Fixpoint / Fixpoint
ATVA2026_benchmark/NON_TERM_LASSO/lasso_traces_d+[d[d.bpl/lasso_trace_2.txt,NONTERMINATING,"3,36",0,0,"3,36",2,NONTERMINATING,2,1,3,Fixpoint / Fixpoint
ATVA2026_benchmark/NON_TERM_LASSO/lasso_traces_d+[d+-.bpl/lasso_trace_1.txt,NONTERMINATING,"6,71",0,0,"6,71",2,NONTERMINATING,1,1,2,Fixpoint / Fixpoint
ATVA2026_benchmark/NON_TERM_LASSO/lasso_traces_d+[d+[.bpl/lasso_trace_2.txt,NONTERMINATING,"4,47",0,0,"4,47",2,NONTERMINATING,2,1,3,Fixpoint / Fixpoint
ATVA2026_benchmark/NON_TERM_LASSO/lasso_traces_d+[dbd.bpl/lasso_trace_1.txt,NONTERMINATING,"3,03",0,0,"3,03",3,NONTERMINATING,2,1,3,Fixpoint / Fixpoint
ATVA2026_benchmark/NON_TERM_LASSO/lasso_traces_d+[dd.bpl/lasso_trace_1.txt,NONTERMINATING,"4,33",0,0,"4,33",2,NONTERMINATING,1,1,2,Fixpoint / Fixpoint
ATVA2026_benchmark/NON_TERM_LASSO/lasso_traces_d+[dd[.bpl/lasso_trace_2.txt,NONTERMINATING,"5,1",0,0,"5,1",1,NONTERMINATING,2,1,3,Fixpoint / Fixpoint
ATVA2026_benchmark/NON_TERM_LASSO/lasso_traces_d+[ddd.bpl/lasso_trace_1.txt,NONTERMINATING,"12,85",0,0,"12,85",2,NONTERMINATING,1,1,2,Fixpoint / Fixpoint
ATVA2026_benchmark/NON_TERM_LASSO/lasso_traces_d+]-+[.bpl/lasso_trace_2.txt,NONTERMINATING,"3,03",0,0,"3,03",2,NONTERMINATING,2,1,3,Fixpoint / Fixpoint
ATVA2026_benchmark/NON_TERM_LASSO/lasso_traces_d+]]+[.bpl/lasso_trace_3.txt,NONTERMINATING,"4,31",0,0,"4,31",2,NONTERMINATING,2,1,3,Fixpoint / Fixpoint
ATVA2026_benchmark/NON_TERM_LASSO/lasso_traces_d+]+[.bpl/lasso_trace_2.txt,NONTERMINATING,"3,1",0,0,"3,1",3,NONTERMINATING,2,1,3,Fixpoint / Fixpoint
ATVA2026_benchmark/NON_TERM_LASSO/lasso_traces_d+]+[[.bpl/lasso_trace_3.txt,NONTERMINATING,"3,97",0,0,"3,97",2,NONTERMINATING,3,1,4,Fixpoint / Fixpoint
ATVA2026_benchmark/NON_TERM_LASSO/lasso_traces_d+]+[].bpl/lasso_trace_2.txt,NONTERMINATING,"3,45",0,0,"3,45",2,NONTERMINATING,2,1,3,Fixpoint / Fixpoint
ATVA2026_benchmark/NON_TERM_LASSO/lasso_traces_d+]+[d.bpl/lasso_trace_2.txt,NONTERMINATING,"6,06",0,0,"6,06",2,NONTERMINATING,2,1,3,Fixpoint / Fixpoint
ATVA2026_benchmark/NON_TERM_LASSO/lasso_traces_d+]++[.bpl/lasso_trace_2.txt,NONTERMINATING,"3,27",0,0,"3,27",2,NONTERMINATING,2,1,3,Fixpoint / Fixpoint
ATVA2026_benchmark/NON_TERM_LASSO/lasso_traces_d+]+d[.bpl/lasso_trace_2.txt,NONTERMINATING,"3,08",0,0,"3,08",2,NONTERMINATING,2,1,3,Fixpoint / Fixpoint
ATVA2026_benchmark/NON_TERM_LASSO/lasso_traces_d+]b+[.bpl/lasso_trace_2.txt,NONTERMINATING,"10,36",0,0,"10,36",1,NONTERMINATING,2,1,3,Fixpoint / Fixpoint
ATVA2026_benchmark/NON_TERM_LASSO/lasso_traces_d+]d+[.bpl/lasso_trace_2.txt,NONTERMINATING,"3,29",0,0,"3,29",1,NONTERMINATING,2,1,3,Fixpoint / Fixpoint
ATVA2026_benchmark/NON_TERM_LASSO/lasso_traces_d++-[.bpl/lasso_trace_1.txt,NONTERMINATING,"4,46",0,0,"4,46",2,NONTERMINATING,1,1,2,Fixpoint / Fixpoint
ATVA2026_benchmark/NON_TERM_LASSO/lasso_traces_d++-[[.bpl/lasso_trace_2.txt,NONTERMINATING,"4,66",0,0,"4,66",2,NONTERMINATING,2,1,3,Fixpoint / Fixpoint
ATVA2026_benchmark/NON_TERM_LASSO/lasso_traces_d++-[].bpl/lasso_trace_1.txt,NONTERMINATING,"4,18",0,0,"4,18",2,NONTERMINATING,1,1,2,Fixpoint / Fixpoint
ATVA2026_benchmark/NON_TERM_LASSO/lasso_traces_d++-[d.bpl/lasso_trace_1.txt,NONTERMINATING,"6,3",0,0,"6,3",2,NONTERMINATING,1,1,2,Fixpoint / Fixpoint
ATVA2026_benchmark/NON_TERM_LASSO/lasso_traces_d++-+[.bpl/lasso_trace_1.txt,NONTERMINATING,"3,91",0,0,"3,91",1,NONTERMINATING,1,1,2,Fixpoint / Fixpoint
ATVA2026_benchmark/NON_TERM_LASSO/lasso_traces_d++-d[.bpl/lasso_trace_1.txt,NONTERMINATING,"3,64",0,0,"3,64",1,NONTERMINATING,1,1,2,Fixpoint / Fixpoint
ATVA2026_benchmark/NON_TERM_LASSO/lasso_traces_d++[-[.bpl/lasso_trace_2.txt,NONTERMINATING,"3,96",0,0,"3,96",2,NONTERMINATING,2,1,3,Fixpoint / Fixpoint
ATVA2026_benchmark/NON_TERM_LASSO/lasso_traces_d++[-+.bpl/lasso_trace_1.txt,NONTERMINATING,"4,76",0,0,"4,76",2,NONTERMINATING,1,1,2,Fixpoint / Fixpoint
ATVA2026_benchmark/NON_TERM_LASSO/lasso_traces_d++[.bpl/lasso_trace_1.txt,NONTERMINATING,"4,3",0,0,"4,3",2,NONTERMINATING,1,1,2,Fixpoint / Fixpoint
ATVA2026_benchmark/NON_TERM_LASSO/lasso_traces_d++[[.bpl/lasso_trace_2.txt,NONTERMINATING,"4,7",0,0,"4,7",1,NONTERMINATING,2,1,3,Fixpoint / Fixpoint
ATVA2026_benchmark/NON_TERM_LASSO/lasso_traces_d++[[[.bpl/lasso_trace_2.txt,NONTERMINATING,"3,99",0,0,"3,99",2,NONTERMINATING,3,1,4,Fixpoint / Fixpoint
ATVA2026_benchmark/NON_TERM_LASSO/lasso_traces_d++[[d.bpl/lasso_trace_3.txt,NONTERMINATING,"3,6",0,0,"3,6",2,NONTERMINATING,2,1,3,Fixpoint / Fixpoint
ATVA2026_benchmark/NON_TERM_LASSO/lasso_traces_d++[]-.bpl/lasso_trace_1.txt,NONTERMINATING,"4,4",0,0,"4,4",1,NONTERMINATING,1,1,2,Fixpoint / Fixpoint
ATVA2026_benchmark/NON_TERM_LASSO/lasso_traces_d++[].bpl/lasso_trace_1.txt,NONTERMINATING,"4,6",0,0,"4,6",2,NONTERMINATING,1,1,2,Fixpoint / Fixpoint
ATVA2026_benchmark/NON_TERM_LASSO/lasso_traces_d++[][.bpl/lasso_trace_1.txt,NONTERMINATING,"4,83",0,0,"4,83",2,NONTERMINATING,1,1,2,Fixpoint / Fixpoint
ATVA2026_benchmark/NON_TERM_LASSO/lasso_traces_d++[]+.bpl/lasso_trace_1.txt,NONTERMINATING,"4,74",0,0,"4,74",1,NONTERMINATING,1,1,2,Fixpoint / Fixpoint
ATVA2026_benchmark/NON_TERM_LASSO/lasso_traces_d++[]b.bpl/lasso_trace_1.txt,NONTERMINATING,"3,57",0,0,"3,57",2,NONTERMINATING,1,1,2,Fixpoint / Fixpoint
ATVA2026_benchmark/NON_TERM_LASSO/lasso_traces_d++[]d.bpl/lasso_trace_1.txt,NONTERMINATING,"4,42",0,0,"4,42",1,NONTERMINATING,1,1,2,Fixpoint / Fixpoint
ATVA2026_benchmark/NON_TERM_LASSO/lasso_traces_d++[+-.bpl/lasso_trace_1.txt,NONTERMINATING,"4,61",0,0,"4,61",2,NONTERMINATING,1,1,2,Fixpoint / Fixpoint
ATVA2026_benchmark/NON_TERM_LASSO/lasso_traces_d++[+[.bpl/lasso_trace_2.txt,NONTERMINATING,"3,61",0,0,"3,61",2,NONTERMINATING,2,1,3,Fixpoint / Fixpoint
ATVA2026_benchmark/NON_TERM_LASSO/lasso_traces_d++[bd.bpl/lasso_trace_1.txt,NONTERMINATING,"2,52",0,0,"2,52",3,NONTERMINATING,2,1,3,Fixpoint / Fixpoint
ATVA2026_benchmark/NON_TERM_LASSO/lasso_traces_d++[d.bpl/lasso_trace_1.txt,NONTERMINATING,"3,41",0,0,"3,41",2,NONTERMINATING,1,1,2,Fixpoint / Fixpoint
ATVA2026_benchmark/NON_TERM_LASSO/lasso_traces_d++[d[.bpl/lasso_trace_2.txt,NONTERMINATING,"3,26",0,0,"3,26",2,NONTERMINATING,2,1,3,Fixpoint / Fixpoint
ATVA2026_benchmark/NON_TERM_LASSO/lasso_traces_d++[dd.bpl/lasso_trace_1.txt,NONTERMINATING,"5,65",0,0,"5,65",2,NONTERMINATING,1,1,2,Fixpoint / Fixpoint
ATVA2026_benchmark/NON_TERM_LASSO/lasso_traces_d++]+[.bpl/lasso_trace_2.txt,NONTERMINATING,"3,15",0,0,"3,15",1,NONTERMINATING,2,1,3,Fixpoint / Fixpoint
ATVA2026_benchmark/NON_TERM_LASSO/lasso_traces_d+++-[.bpl/lasso_trace_1.txt,NONTERMINATING,"2,96",0,0,"2,96",2,NONTERMINATING,1,1,2,Fixpoint / Fixpoint
ATVA2026_benchmark/NON_TERM_LASSO/lasso_traces_d+++[.bpl/lasso_trace_1.txt,NONTERMINATING,"4,81",0,0,"4,81",1,NONTERMINATING,1,1,2,Fixpoint / Fixpoint
ATVA2026_benchmark/NON_TERM_LASSO/lasso_traces_d+++[[.bpl/lasso_trace_2.txt,NONTERMINATING,"4,35",0,0,"4,35",2,NONTERMINATING,2,1,3,Fixpoint / Fixpoint
ATVA2026_benchmark/NON_TERM_LASSO/lasso_traces_d+++[].bpl/lasso_trace_1.txt,NONTERMINATING,"4,48",0,0,"4,48",2,NONTERMINATING,1,1,2,Fixpoint / Fixpoint
ATVA2026_benchmark/NON_TERM_LASSO/lasso_traces_d+++[d.bpl/lasso_trace_1.txt,NONTERMINATING,"4,93",0,0,"4,93",2,NONTERMINATING,1,1,2,Fixpoint / Fixpoint
ATVA2026_benchmark/NON_TERM_LASSO/lasso_traces_d++++[.bpl/lasso_trace_1.txt,NONTERMINATING,"4,11",0,0,"4,11",2,NONTERMINATING,1,1,2,Fixpoint / Fixpoint
ATVA2026_benchmark/NON_TERM_LASSO/lasso_traces_d+++d[.bpl/lasso_trace_1.txt,NONTERMINATING,"4,27",0,0,"4,27",2,NONTERMINATING,1,1,2,Fixpoint / Fixpoint
ATVA2026_benchmark/NON_TERM_LASSO/lasso_traces_d++b+[.bpl/lasso_trace_1.txt,NONTERMINATING,"3,19",0,0,"3,19",2,NONTERMINATING,1,1,2,Fixpoint / Fixpoint
ATVA2026_benchmark/NON_TERM_LASSO/lasso_traces_d++bd[.bpl/lasso_trace_1.txt,NONTERMINATING,"5,27",0,0,"5,27",2,NONTERMINATING,1,1,2,Fixpoint / Fixpoint
ATVA2026_benchmark/NON_TERM_LASSO/lasso_traces_d++d-[.bpl/lasso_trace_1.txt,NONTERMINATING,"4,07",0,0,"4,07",1,NONTERMINATING,1,1,2,Fixpoint / Fixpoint
ATVA2026_benchmark/NON_TERM_LASSO/lasso_traces_d++d[.bpl/lasso_trace_1.txt,NONTERMINATING,"3,71",0,0,"3,71",2,NONTERMINATING,1,1,2,Fixpoint / Fixpoint
ATVA2026_benchmark/NON_TERM_LASSO/lasso_traces_d++d[[.bpl/lasso_trace_2.txt,NONTERMINATING,"4,65",0,0,"4,65",1,NONTERMINATING,2,1,3,Fixpoint / Fixpoint
ATVA2026_benchmark/NON_TERM_LASSO/lasso_traces_d++d[].bpl/lasso_trace_1.txt,NONTERMINATING,"4,01",0,0,"4,01",1,NONTERMINATING,1,1,2,Fixpoint / Fixpoint
ATVA2026_benchmark/NON_TERM_LASSO/lasso_traces_d++d[d.bpl/lasso_trace_1.txt,NONTERMINATING,"3,59",0,0,"3,59",2,NONTERMINATING,1,1,2,Fixpoint / Fixpoint
ATVA2026_benchmark/NON_TERM_LASSO/lasso_traces_d++d+[.bpl/lasso_trace_1.txt,NONTERMINATING,"4,14",0,0,"4,14",2,NONTERMINATING,1,1,2,Fixpoint / Fixpoint
ATVA2026_benchmark/NON_TERM_LASSO/lasso_traces_d++dd[.bpl/lasso_trace_1.txt,NONTERMINATING,"4,59",0,0,"4,59",2,NONTERMINATING,1,1,2,Fixpoint / Fixpoint
ATVA2026_benchmark/NON_TERM_LASSO/lasso_traces_d+b-+[.bpl/lasso_trace_1.txt,NONTERMINATING,"19,67",0,0,"19,67",2,NONTERMINATING,1,1,2,Fixpoint / Fixpoint
ATVA2026_benchmark/NON_TERM_LASSO/lasso_traces_d+b-d[.bpl/lasso_trace_1.txt,NONTERMINATING,"2,8",0,0,"2,8",2,NONTERMINATING,1,1,2,Fixpoint / Fixpoint
ATVA2026_benchmark/NON_TERM_LASSO/lasso_traces_d+b]+[.bpl/lasso_trace_2.txt,NONTERMINATING,"13,68",0,0,"13,68",2,NONTERMINATING,2,1,3,Fixpoint / Fixpoint
ATVA2026_benchmark/NON_TERM_LASSO/lasso_traces_d+b+[.bpl/lasso_trace_1.txt,NONTERMINATING,"13,7",0,0,"13,7",1,NONTERMINATING,1,1,2,Fixpoint / Fixpoint
ATVA2026_benchmark/NON_TERM_LASSO/lasso_traces_d+b+[[.bpl/lasso_trace_2.txt,NONTERMINATING,"21,73",0,0,"21,73",2,NONTERMINATING,2,1,3,Fixpoint / Fixpoint
ATVA2026_benchmark/NON_TERM_LASSO/lasso_traces_d+b+[].bpl/lasso_trace_1.txt,NONTERMINATING,"16,82",0,0,"16,82",2,NONTERMINATING,1,1,2,Fixpoint / Fixpoint
ATVA2026_benchmark/NON_TERM_LASSO/lasso_traces_d+b+[d.bpl/lasso_trace_1.txt,NONTERMINATING,"2,03",0,0,"2,03",2,NONTERMINATING,2,1,3,Fixpoint / Fixpoint
ATVA2026_benchmark/NON_TERM_LASSO/lasso_traces_d+b++[.bpl/lasso_trace_1.txt,NONTERMINATING,"12,08",0,0,"12,08",2,NONTERMINATING,1,1,2,Fixpoint / Fixpoint
ATVA2026_benchmark/NON_TERM_LASSO/lasso_traces_d+b+d[.bpl/lasso_trace_1.txt,NONTERMINATING,3,0,0,3,2,NONTERMINATING,1,1,2,Fixpoint / Fixpoint
ATVA2026_benchmark/NON_TERM_LASSO/lasso_traces_d+bb+[.bpl/lasso_trace_1.txt,NONTERMINATING,"3,69",0,0,"3,69",2,NONTERMINATING,1,1,2,Fixpoint / Fixpoint
ATVA2026_benchmark/NON_TERM_LASSO/lasso_traces_d+bd[.bpl/lasso_trace_1.txt,NONTERMINATING,"2,89",0,0,"2,89",1,NONTERMINATING,1,1,2,Fixpoint / Fixpoint
ATVA2026_benchmark/NON_TERM_LASSO/lasso_traces_d+bd[[.bpl/lasso_trace_2.txt,NONTERMINATING,"2,89",0,0,"2,89",2,NONTERMINATING,2,1,3,Fixpoint / Fixpoint
ATVA2026_benchmark/NON_TERM_LASSO/lasso_traces_d+bd[].bpl/lasso_trace_1.txt,NONTERMINATING,"3,14",0,0,"3,14",2,NONTERMINATING,1,1,2,Fixpoint / Fixpoint
ATVA2026_benchmark/NON_TERM_LASSO/lasso_traces_d+bd[d.bpl/lasso_trace_1.txt,NONTERMINATING,"4,71",0,0,"4,71",2,NONTERMINATING,1,1,2,Fixpoint / Fixpoint
ATVA2026_benchmark/NON_TERM_LASSO/lasso_traces_d+bd+[.bpl/lasso_trace_1.txt,NONTERMINATING,"3,11",0,0,"3,11",1,NONTERMINATING,1,1,2,Fixpoint / Fixpoint
ATVA2026_benchmark/NON_TERM_LASSO/lasso_traces_d+bdd[.bpl/lasso_trace_1.txt,NONTERMINATING,"4,78",0,0,"4,78",2,NONTERMINATING,1,1,2,Fixpoint / Fixpoint
ATVA2026_benchmark/NON_TERM_LASSO/lasso_traces_d+d-+[.bpl/lasso_trace_1.txt,NONTERMINATING,"3,63",0,0,"3,63",1,NONTERMINATING,1,1,2,Fixpoint / Fixpoint
ATVA2026_benchmark/NON_TERM_LASSO/lasso_traces_d+d[-+.bpl/lasso_trace_1.txt,NONTERMINATING,"3,09",0,0,"3,09",2,NONTERMINATING,1,1,2,Fixpoint / Fixpoint
ATVA2026_benchmark/NON_TERM_LASSO/lasso_traces_d+d[.bpl/lasso_trace_1.txt,NONTERMINATING,"3,42",0,0,"3,42",2,NONTERMINATING,1,1,2,Fixpoint / Fixpoint
ATVA2026_benchmark/NON_TERM_LASSO/lasso_traces_d+d[[.bpl/lasso_trace_2.txt,NONTERMINATING,"3,22",0,0,"3,22",2,NONTERMINATING,2,1,3,Fixpoint / Fixpoint
ATVA2026_benchmark/NON_TERM_LASSO/lasso_traces_d+d[[[.bpl/lasso_trace_2.txt,NONTERMINATING,"4,52",0,0,"4,52",1,NONTERMINATING,3,1,4,Fixpoint / Fixpoint
ATVA2026_benchmark/NON_TERM_LASSO/lasso_traces_d+d[[d.bpl/lasso_trace_3.txt,NONTERMINATING,"5,43",0,0,"5,43",2,NONTERMINATING,2,1,3,Fixpoint / Fixpoint
ATVA2026_benchmark/NON_TERM_LASSO/lasso_traces_d+d[]-.bpl/lasso_trace_1.txt,NONTERMINATING,"6,52",0,0,"6,52",2,NONTERMINATING,1,1,2,Fixpoint / Fixpoint
ATVA2026_benchmark/NON_TERM_LASSO/lasso_traces_d+d[].bpl/lasso_trace_1.txt,NONTERMINATING,"4,5",0,0,"4,5",2,NONTERMINATING,1,1,2,Fixpoint / Fixpoint
ATVA2026_benchmark/NON_TERM_LASSO/lasso_traces_d+d[][.bpl/lasso_trace_1.txt,NONTERMINATING,"4,13",0,0,"4,13",1,NONTERMINATING,1,1,2,Fixpoint / Fixpoint
ATVA2026_benchmark/NON_TERM_LASSO/lasso_traces_d+d[]+.bpl/lasso_trace_1.txt,NONTERMINATING,"3,67",0,0,"3,67",2,NONTERMINATING,1,1,2,Fixpoint / Fixpoint
ATVA2026_benchmark/NON_TERM_LASSO/lasso_traces_d+d[]b.bpl/lasso_trace_1.txt,NONTERMINATING,"2,89",0,0,"2,89",3,NONTERMINATING,1,1,2,Fixpoint / Fixpoint
ATVA2026_benchmark/NON_TERM_LASSO/lasso_traces_d+d[]d.bpl/lasso_trace_1.txt,NONTERMINATING,"3,54",0,0,"3,54",1,NONTERMINATING,1,1,2,Fixpoint / Fixpoint
ATVA2026_benchmark/NON_TERM_LASSO/lasso_traces_d+d[+-.bpl/lasso_trace_1.txt,NONTERMINATING,"3,72",0,0,"3,72",2,NONTERMINATING,1,1,2,Fixpoint / Fixpoint
ATVA2026_benchmark/NON_TERM_LASSO/lasso_traces_d+d[+[.bpl/lasso_trace_2.txt,NONTERMINATING,"2,86",0,0,"2,86",2,NONTERMINATING,2,1,3,Fixpoint / Fixpoint
ATVA2026_benchmark/NON_TERM_LASSO/lasso_traces_d+d[bd.bpl/lasso_trace_1.txt,NONTERMINATING,"2,49",0,0,"2,49",3,NONTERMINATING,2,1,3,Fixpoint / Fixpoint
ATVA2026_benchmark/NON_TERM_LASSO/lasso_traces_d+d[d.bpl/lasso_trace_1.txt,NONTERMINATING,"6,1",0,0,"6,1",2,NONTERMINATING,1,1,2,Fixpoint / Fixpoint
ATVA2026_benchmark/NON_TERM_LASSO/lasso_traces_d+d[d[.bpl/lasso_trace_2.txt,NONTERMINATING,"3,26",0,0,"3,26",2,NONTERMINATING,2,1,3,Fixpoint / Fixpoint
ATVA2026_benchmark/NON_TERM_LASSO/lasso_traces_d+d[dd.bpl/lasso_trace_1.txt,NONTERMINATING,"5,12",0,0,"5,12",2,NONTERMINATING,1,1,2,Fixpoint / Fixpoint
ATVA2026_benchmark/NON_TERM_LASSO/lasso_traces_d+d]+[.bpl/lasso_trace_2.txt,NONTERMINATING,"5,05",0,0,"5,05",2,NONTERMINATING,2,1,3,Fixpoint / Fixpoint
ATVA2026_benchmark/NON_TERM_LASSO/lasso_traces_d+d+-[.bpl/lasso_trace_1.txt,NONTERMINATING,"3,34",0,0,"3,34",2,NONTERMINATING,1,1,2,Fixpoint / Fixpoint
ATVA2026_benchmark/NON_TERM_LASSO/lasso_traces_d+d+[.bpl/lasso_trace_1.txt,NONTERMINATING,"3,18",0,0,"3,18",1,NONTERMINATING,1,1,2,Fixpoint / Fixpoint
ATVA2026_benchmark/NON_TERM_LASSO/lasso_traces_d+d+[[.bpl/lasso_trace_2.txt,NONTERMINATING,"3,49",0,0,"3,49",2,NONTERMINATING,2,1,3,Fixpoint / Fixpoint
ATVA2026_benchmark/NON_TERM_LASSO/lasso_traces_d+d+[].bpl/lasso_trace_1.txt,NONTERMINATING,"5,14",0,0,"5,14",1,NONTERMINATING,1,1,2,Fixpoint / Fixpoint
ATVA2026_benchmark/NON_TERM_LASSO/lasso_traces_d+d+[d.bpl/lasso_trace_1.txt,NONTERMINATING,"7,77",0,0,"7,77",2,NONTERMINATING,1,1,2,Fixpoint / Fixpoint
ATVA2026_benchmark/NON_TERM_LASSO/lasso_traces_d+d++[.bpl/lasso_trace_1.txt,NONTERMINATING,"6,25",0,0,"6,25",1,NONTERMINATING,1,1,2,Fixpoint / Fixpoint
ATVA2026_benchmark/NON_TERM_LASSO/lasso_traces_d+d+d[.bpl/lasso_trace_1.txt,NONTERMINATING,"4,77",0,0,"4,77",1,NONTERMINATING,1,1,2,Fixpoint / Fixpoint
ATVA2026_benchmark/NON_TERM_LASSO/lasso_traces_d+db+[.bpl/lasso_trace_1.txt,NONTERMINATING,"3,81",0,0,"3,81",2,NONTERMINATING,1,1,2,Fixpoint / Fixpoint
ATVA2026_benchmark/NON_TERM_LASSO/lasso_traces_d+dbd[.bpl/lasso_trace_1.txt,NONTERMINATING,"5,12",0,0,"5,12",1,NONTERMINATING,1,1,2,Fixpoint / Fixpoint
ATVA2026_benchmark/NON_TERM_LASSO/lasso_traces_d+dd[.bpl/lasso_trace_1.txt,NONTERMINATING,"4,23",0,0,"4,23",2,NONTERMINATING,1,1,2,Fixpoint / Fixpoint
ATVA2026_benchmark/NON_TERM_LASSO/lasso_traces_d+dd[[.bpl/lasso_trace_2.txt,NONTERMINATING,"4,04",0,0,"4,04",1,NONTERMINATING,2,1,3,Fixpoint / Fixpoint
ATVA2026_benchmark/NON_TERM_LASSO/lasso_traces_d+dd[].bpl/lasso_trace_1.txt,NONTERMINATING,"3,99",0,0,"3,99",2,NONTERMINATING,1,1,2,Fixpoint / Fixpoint
ATVA2026_benchmark/NON_TERM_LASSO/lasso_traces_d+dd[d.bpl/lasso_trace_1.txt,NONTERMINATING,"8,83",0,0,"8,83",2,NONTERMINATING,1,1,2,Fixpoint / Fixpoint
ATVA2026_benchmark/NON_TERM_LASSO/lasso_traces_d+dd+[.bpl/lasso_trace_1.txt,NONTERMINATING,"4,13",0,0,"4,13",1,NONTERMINATING,1,1,2,Fixpoint / Fixpoint
ATVA2026_benchmark/NON_TERM_LASSO/lasso_traces_d+ddd[.bpl/lasso_trace_1.txt,NONTERMINATING,"3,77",0,0,"3,77",2,NONTERMINATING,1,1,2,Fixpoint / Fixpoint
ATVA2026_benchmark/NON_TERM_LASSO/lasso_traces_db--+[.bpl/lasso_trace_1.txt,NONTERMINATING,"6,94",0,0,"6,94",2,NONTERMINATING,1,1,2,Fixpoint / Fixpoint
ATVA2026_benchmark/NON_TERM_LASSO/lasso_traces_db-]+[.bpl/lasso_trace_2.txt,NONTERMINATING,"2,82",0,0,"2,82",2,NONTERMINATING,2,1,3,Fixpoint / Fixpoint
ATVA2026_benchmark/NON_TERM_LASSO/lasso_traces_db-+[.bpl/lasso_trace_1.txt,NONTERMINATING,"4,24",0,0,"4,24",2,NONTERMINATING,1,1,2,Fixpoint / Fixpoint
ATVA2026_benchmark/NON_TERM_LASSO/lasso_traces_db-+[[.bpl/lasso_trace_2.txt,NONTERMINATING,"5,57",0,0,"5,57",2,NONTERMINATING,2,1,3,Fixpoint / Fixpoint
ATVA2026_benchmark/NON_TERM_LASSO/lasso_traces_db-+[].bpl/lasso_trace_1.txt,NONTERMINATING,"4,52",0,0,"4,52",2,NONTERMINATING,1,1,2,Fixpoint / Fixpoint
ATVA2026_benchmark/NON_TERM_LASSO/lasso_traces_db-++[.bpl/lasso_trace_1.txt,NONTERMINATING,"3,79",0,0,"3,79",1,NONTERMINATING,1,1,2,Fixpoint / Fixpoint
ATVA2026_benchmark/NON_TERM_LASSO/lasso_traces_db-b+[.bpl/lasso_trace_1.txt,NONTERMINATING,"4,66",0,0,"4,66",2,NONTERMINATING,1,1,2,Fixpoint / Fixpoint
ATVA2026_benchmark/NON_TERM_LASSO/lasso_traces_db-d+[.bpl/lasso_trace_1.txt,NONTERMINATING,"2,91",0,0,"2,91",2,NONTERMINATING,1,1,2,Fixpoint / Fixpoint
ATVA2026_benchmark/NON_TERM_LASSO/lasso_traces_db[]+[.bpl/lasso_trace_2.txt,NONTERMINATING,"3,42",0,0,"3,42",2,NONTERMINATING,2,1,3,Fixpoint / Fixpoint
ATVA2026_benchmark/NON_TERM_LASSO/lasso_traces_db]-+[.bpl/lasso_trace_2.txt,NONTERMINATING,"3,16",0,0,"3,16",2,NONTERMINATING,2,1,3,Fixpoint / Fixpoint
ATVA2026_benchmark/NON_TERM_LASSO/lasso_traces_db]]+[.bpl/lasso_trace_3.txt,NONTERMINATING,"2,96",0,0,"2,96",2,NONTERMINATING,2,1,3,Fixpoint / Fixpoint
ATVA2026_benchmark/NON_TERM_LASSO/lasso_traces_db]+[.bpl/lasso_trace_2.txt,NONTERMINATING,"3,19",0,0,"3,19",2,NONTERMINATING,2,1,3,Fixpoint / Fixpoint
ATVA2026_benchmark/NON_TERM_LASSO/lasso_traces_db]+[[.bpl/lasso_trace_3.txt,NONTERMINATING,"4,58",0,0,"4,58",2,NONTERMINATING,3,1,4,Fixpoint / Fixpoint
ATVA2026_benchmark/NON_TERM_LASSO/lasso_traces_db]+[].bpl/lasso_trace_2.txt,NONTERMINATING,"3,43",0,0,"3,43",2,NONTERMINATING,2,1,3,Fixpoint / Fixpoint
ATVA2026_benchmark/NON_TERM_LASSO/lasso_traces_db]+[d.bpl/lasso_trace_2.txt,NONTERMINATING,"3,31",0,0,"3,31",2,NONTERMINATING,2,1,3,Fixpoint / Fixpoint
ATVA2026_benchmark/NON_TERM_LASSO/lasso_traces_db]++[.bpl/lasso_trace_2.txt,NONTERMINATING,"3,45",0,0,"3,45",2,NONTERMINATING,2,1,3,Fixpoint / Fixpoint
ATVA2026_benchmark/NON_TERM_LASSO/lasso_traces_db]+d[.bpl/lasso_trace_2.txt,NONTERMINATING,"2,62",0,0,"2,62",2,NONTERMINATING,2,1,3,Fixpoint / Fixpoint
ATVA2026_benchmark/NON_TERM_LASSO/lasso_traces_db]b+[.bpl/lasso_trace_2.txt,NONTERMINATING,"2,56",0,0,"2,56",2,NONTERMINATING,2,1,3,Fixpoint / Fixpoint
ATVA2026_benchmark/NON_TERM_LASSO/lasso_traces_db]d+[.bpl/lasso_trace_2.txt,NONTERMINATING,"3,58",0,0,"3,58",2,NONTERMINATING,2,1,3,Fixpoint / Fixpoint
ATVA2026_benchmark/NON_TERM_LASSO/lasso_traces_db+-+[.bpl/lasso_trace_1.txt,NONTERMINATING,"3,47",0,0,"3,47",2,NONTERMINATING,1,1,2,Fixpoint / Fixpoint
ATVA2026_benchmark/NON_TERM_LASSO/lasso_traces_db+[-+.bpl/lasso_trace_1.txt,NONTERMINATING,"3,09",0,0,"3,09",2,NONTERMINATING,1,1,2,Fixpoint / Fixpoint
ATVA2026_benchmark/NON_TERM_LASSO/lasso_traces_db+[.bpl/lasso_trace_1.txt,NONTERMINATING,"3,09",0,0,"3,09",2,NONTERMINATING,1,1,2,Fixpoint / Fixpoint
ATVA2026_benchmark/NON_TERM_LASSO/lasso_traces_db+[[.bpl/lasso_trace_2.txt,NONTERMINATING,"3,6",0,0,"3,6",2,NONTERMINATING,2,1,3,Fixpoint / Fixpoint
ATVA2026_benchmark/NON_TERM_LASSO/lasso_traces_db+[[[.bpl/lasso_trace_2.txt,NONTERMINATING,"3,98",0,0,"3,98",2,NONTERMINATING,3,1,4,Fixpoint / Fixpoint
ATVA2026_benchmark/NON_TERM_LASSO/lasso_traces_db+[]-.bpl/lasso_trace_1.txt,NONTERMINATING,"3,96",0,0,"3,96",2,NONTERMINATING,1,1,2,Fixpoint / Fixpoint
ATVA2026_benchmark/NON_TERM_LASSO/lasso_traces_db+[].bpl/lasso_trace_1.txt,NONTERMINATING,"3,64",0,0,"3,64",1,NONTERMINATING,1,1,2,Fixpoint / Fixpoint
ATVA2026_benchmark/NON_TERM_LASSO/lasso_traces_db+[][.bpl/lasso_trace_1.txt,NONTERMINATING,"4,55",0,0,"4,55",2,NONTERMINATING,1,1,2,Fixpoint / Fixpoint
ATVA2026_benchmark/NON_TERM_LASSO/lasso_traces_db+[]+.bpl/lasso_trace_1.txt,NONTERMINATING,"4,09",0,0,"4,09",2,NONTERMINATING,1,1,2,Fixpoint / Fixpoint
ATVA2026_benchmark/NON_TERM_LASSO/lasso_traces_db+[]b.bpl/lasso_trace_1.txt,NONTERMINATING,"3,59",0,0,"3,59",2,NONTERMINATING,1,1,2,Fixpoint / Fixpoint
ATVA2026_benchmark/NON_TERM_LASSO/lasso_traces_db+[]d.bpl/lasso_trace_1.txt,NONTERMINATING,"4,81",0,0,"4,81",2,NONTERMINATING,1,1,2,Fixpoint / Fixpoint
ATVA2026_benchmark/NON_TERM_LASSO/lasso_traces_db+[+-.bpl/lasso_trace_1.txt,NONTERMINATING,"3,16",0,0,"3,16",2,NONTERMINATING,1,1,2,Fixpoint / Fixpoint
ATVA2026_benchmark/NON_TERM_LASSO/lasso_traces_db+[+[.bpl/lasso_trace_2.txt,NONTERMINATING,"2,86",0,0,"2,86",2,NONTERMINATING,2,1,3,Fixpoint / Fixpoint
ATVA2026_benchmark/NON_TERM_LASSO/lasso_traces_db+[bd.bpl/lasso_trace_1.txt,NONTERMINATING,"2,47",0,0,"2,47",2,NONTERMINATING,2,1,3,Fixpoint / Fixpoint
ATVA2026_benchmark/NON_TERM_LASSO/lasso_traces_db+[db.bpl/lasso_trace_1.txt,NONTERMINATING,"3,9",0,0,"3,9",2,NONTERMINATING,1,1,2,Fixpoint / Fixpoint
ATVA2026_benchmark/NON_TERM_LASSO/lasso_traces_db+]+[.bpl/lasso_trace_2.txt,NONTERMINATING,3,0,0,3,1,NONTERMINATING,2,1,3,Fixpoint / Fixpoint
ATVA2026_benchmark/NON_TERM_LASSO/lasso_traces_db++-[.bpl/lasso_trace_1.txt,NONTERMINATING,3,0,0,3,2,NONTERMINATING,1,1,2,Fixpoint / Fixpoint
ATVA2026_benchmark/NON_TERM_LASSO/lasso_traces_db++[.bpl/lasso_trace_1.txt,NONTERMINATING,"3,25",0,0,"3,25",1,NONTERMINATING,1,1,2,Fixpoint / Fixpoint
ATVA2026_benchmark/NON_TERM_LASSO/lasso_traces_db++[[.bpl/lasso_trace_2.txt,NONTERMINATING,"3,56",0,0,"3,56",2,NONTERMINATING,2,1,3,Fixpoint / Fixpoint
ATVA2026_benchmark/NON_TERM_LASSO/lasso_traces_db++[].bpl/lasso_trace_1.txt,NONTERMINATING,"3,15",0,0,"3,15",2,NONTERMINATING,1,1,2,Fixpoint / Fixpoint
ATVA2026_benchmark/NON_TERM_LASSO/lasso_traces_db+++[.bpl/lasso_trace_1.txt,NONTERMINATING,"2,85",0,0,"2,85",1,NONTERMINATING,1,1,2,Fixpoint / Fixpoint
ATVA2026_benchmark/NON_TERM_LASSO/lasso_traces_db+b+[.bpl/lasso_trace_1.txt,NONTERMINATING,"3,77",0,0,"3,77",2,NONTERMINATING,1,1,2,Fixpoint / Fixpoint
ATVA2026_benchmark/NON_TERM_LASSO/lasso_traces_db+bd[.bpl/lasso_trace_1.txt,NONTERMINATING,"3,19",0,0,"3,19",2,NONTERMINATING,1,1,2,Fixpoint / Fixpoint
ATVA2026_benchmark/NON_TERM_LASSO/lasso_traces_db+d+[.bpl/lasso_trace_1.txt,NONTERMINATING,"2,95",0,0,"2,95",2,NONTERMINATING,1,1,2,Fixpoint / Fixpoint
ATVA2026_benchmark/NON_TERM_LASSO/lasso_traces_db+db[.bpl/lasso_trace_1.txt,NONTERMINATING,"3,71",0,0,"3,71",2,NONTERMINATING,1,1,2,Fixpoint / Fixpoint
ATVA2026_benchmark/NON_TERM_LASSO/lasso_traces_dbb-+[.bpl/lasso_trace_1.txt,NONTERMINATING,"3,14",0,0,"3,14",2,NONTERMINATING,1,1,2,Fixpoint / Fixpoint
ATVA2026_benchmark/NON_TERM_LASSO/lasso_traces_dbb]+[.bpl/lasso_trace_2.txt,NONTERMINATING,"2,81",0,0,"2,81",2,NONTERMINATING,2,1,3,Fixpoint / Fixpoint
ATVA2026_benchmark/NON_TERM_LASSO/lasso_traces_dbb+[.bpl/lasso_trace_1.txt,NONTERMINATING,"3,09",0,0,"3,09",2,NONTERMINATING,1,1,2,Fixpoint / Fixpoint
ATVA2026_benchmark/NON_TERM_LASSO/lasso_traces_dbb+[[.bpl/lasso_trace_2.txt,NONTERMINATING,"2,91",0,0,"2,91",2,NONTERMINATING,2,1,3,Fixpoint / Fixpoint
ATVA2026_benchmark/NON_TERM_LASSO/lasso_traces_dbb+[].bpl/lasso_trace_1.txt,NONTERMINATING,"3,61",0,0,"3,61",2,NONTERMINATING,1,1,2,Fixpoint / Fixpoint
ATVA2026_benchmark/NON_TERM_LASSO/lasso_traces_dbb++[.bpl/lasso_trace_1.txt,NONTERMINATING,"3,12",0,0,"3,12",2,NONTERMINATING,1,1,2,Fixpoint / Fixpoint
ATVA2026_benchmark/NON_TERM_LASSO/lasso_traces_dbbb+[.bpl/lasso_trace_1.txt,NONTERMINATING,"6,02",0,0,"6,02",2,NONTERMINATING,1,1,2,Fixpoint / Fixpoint
ATVA2026_benchmark/NON_TERM_LASSO/lasso_traces_dbbd+[.bpl/lasso_trace_1.txt,NONTERMINATING,"4,14",0,0,"4,14",2,NONTERMINATING,1,1,2,Fixpoint / Fixpoint
ATVA2026_benchmark/NON_TERM_LASSO/lasso_traces_dbd-+[.bpl/lasso_trace_1.txt,NONTERMINATING,"3,03",0,0,"3,03",1,NONTERMINATING,1,1,2,Fixpoint / Fixpoint
ATVA2026_benchmark/NON_TERM_LASSO/lasso_traces_dbd]+[.bpl/lasso_trace_2.txt,NONTERMINATING,"2,43",0,0,"2,43",2,NONTERMINATING,2,1,3,Fixpoint / Fixpoint
ATVA2026_benchmark/NON_TERM_LASSO/lasso_traces_dbd+[.bpl/lasso_trace_1.txt,NONTERMINATING,"3,51",0,0,"3,51",2,NONTERMINATING,1,1,2,Fixpoint / Fixpoint
ATVA2026_benchmark/NON_TERM_LASSO/lasso_traces_dbd+[[.bpl/lasso_trace_2.txt,NONTERMINATING,"3,16",0,0,"3,16",2,NONTERMINATING,2,1,3,Fixpoint / Fixpoint
ATVA2026_benchmark/NON_TERM_LASSO/lasso_traces_dbd+[].bpl/lasso_trace_1.txt,NONTERMINATING,"3,26",0,0,"3,26",2,NONTERMINATING,1,1,2,Fixpoint / Fixpoint
ATVA2026_benchmark/NON_TERM_LASSO/lasso_traces_dbd+[d.bpl/lasso_trace_1.txt,NONTERMINATING,"4,62",0,0,"4,62",2,NONTERMINATING,1,1,2,Fixpoint / Fixpoint
ATVA2026_benchmark/NON_TERM_LASSO/lasso_traces_dbd++[.bpl/lasso_trace_1.txt,NONTERMINATING,"5,01",0,0,"5,01",2,NONTERMINATING,1,1,2,Fixpoint / Fixpoint
ATVA2026_benchmark/NON_TERM_LASSO/lasso_traces_dbd+d[.bpl/lasso_trace_1.txt,NONTERMINATING,"3,49",0,0,"3,49",2,NONTERMINATING,1,1,2,Fixpoint / Fixpoint
ATVA2026_benchmark/NON_TERM_LASSO/lasso_traces_dbdb+[.bpl/lasso_trace_1.txt,NONTERMINATING,"3,78",0,0,"3,78",2,NONTERMINATING,1,1,2,Fixpoint / Fixpoint
ATVA2026_benchmark/NON_TERM_LASSO/lasso_traces_dbdd+[.bpl/lasso_trace_1.txt,NONTERMINATING,"2,95",0,0,"2,95",2,NONTERMINATING,1,1,2,Fixpoint / Fixpoint
ATVA2026_benchmark/NON_TERM_LASSO/lasso_traces_dd--+[.bpl/lasso_trace_1.txt,NONTERMINATING,"4,42",0,0,"4,42",2,NONTERMINATING,1,1,2,Fixpoint / Fixpoint
ATVA2026_benchmark/NON_TERM_LASSO/lasso_traces_dd-]+[.bpl/lasso_trace_2.txt,NONTERMINATING,"3,15",0,0,"3,15",2,NONTERMINATING,2,1,3,Fixpoint / Fixpoint
ATVA2026_benchmark/NON_TERM_LASSO/lasso_traces_dd-+[.bpl/lasso_trace_1.txt,NONTERMINATING,"3,89",0,0,"3,89",2,NONTERMINATING,1,1,2,Fixpoint / Fixpoint
ATVA2026_benchmark/NON_TERM_LASSO/lasso_traces_dd-+[[.bpl/lasso_trace_2.txt,NONTERMINATING,"3,32",0,0,"3,32",2,NONTERMINATING,2,1,3,Fixpoint / Fixpoint
ATVA2026_benchmark/NON_TERM_LASSO/lasso_traces_dd-+[].bpl/lasso_trace_1.txt,NONTERMINATING,"4,08",0,0,"4,08",2,NONTERMINATING,1,1,2,Fixpoint / Fixpoint
ATVA2026_benchmark/NON_TERM_LASSO/lasso_traces_dd-+[d.bpl/lasso_trace_1.txt,NONTERMINATING,"7,43",0,0,"7,43",2,NONTERMINATING,1,1,2,Fixpoint / Fixpoint
ATVA2026_benchmark/NON_TERM_LASSO/lasso_traces_dd-++[.bpl/lasso_trace_1.txt,NONTERMINATING,"4,1",0,0,"4,1",1,NONTERMINATING,1,1,2,Fixpoint / Fixpoint
ATVA2026_benchmark/NON_TERM_LASSO/lasso_traces_dd-+d[.bpl/lasso_trace_1.txt,NONTERMINATING,"4,52",0,0,"4,52",2,NONTERMINATING,1,1,2,Fixpoint / Fixpoint
ATVA2026_benchmark/NON_TERM_LASSO/lasso_traces_dd-b+[.bpl/lasso_trace_1.txt,NONTERMINATING,"5,13",0,0,"5,13",2,NONTERMINATING,1,1,2,Fixpoint / Fixpoint
ATVA2026_benchmark/NON_TERM_LASSO/lasso_traces_dd-d+[.bpl/lasso_trace_1.txt,NONTERMINATING,"4,65",0,0,"4,65",1,NONTERMINATING,1,1,2,Fixpoint / Fixpoint
ATVA2026_benchmark/NON_TERM_LASSO/lasso_traces_dd[]+[.bpl/lasso_trace_2.txt,NONTERMINATING,"3,66",0,0,"3,66",1,NONTERMINATING,2,1,3,Fixpoint / Fixpoint
ATVA2026_benchmark/NON_TERM_LASSO/lasso_traces_dd]-+[.bpl/lasso_trace_2.txt,NONTERMINATING,"3,23",0,0,"3,23",1,NONTERMINATING,2,1,3,Fixpoint / Fixpoint
ATVA2026_benchmark/NON_TERM_LASSO/lasso_traces_dd]]+[.bpl/lasso_trace_3.txt,NONTERMINATING,"3,25",0,0,"3,25",1,NONTERMINATING,2,1,3,Fixpoint / Fixpoint
ATVA2026_benchmark/NON_TERM_LASSO/lasso_traces_dd]+[.bpl/lasso_trace_2.txt,NONTERMINATING,"3,37",0,0,"3,37",1,NONTERMINATING,2,1,3,Fixpoint / Fixpoint
ATVA2026_benchmark/NON_TERM_LASSO/lasso_traces_dd]+[[.bpl/lasso_trace_3.txt,NONTERMINATING,"3,9",0,0,"3,9",2,NONTERMINATING,3,1,4,Fixpoint / Fixpoint
ATVA2026_benchmark/NON_TERM_LASSO/lasso_traces_dd]+[].bpl/lasso_trace_2.txt,NONTERMINATING,"3,14",0,0,"3,14",2,NONTERMINATING,2,1,3,Fixpoint / Fixpoint
ATVA2026_benchmark/NON_TERM_LASSO/lasso_traces_dd]+[d.bpl/lasso_trace_2.txt,NONTERMINATING,"3,69",0,0,"3,69",2,NONTERMINATING,2,1,3,Fixpoint / Fixpoint
ATVA2026_benchmark/NON_TERM_LASSO/lasso_traces_dd]++[.bpl/lasso_trace_2.txt,NONTERMINATING,"6,05",0,0,"6,05",2,NONTERMINATING,2,1,3,Fixpoint / Fixpoint
ATVA2026_benchmark/NON_TERM_LASSO/lasso_traces_dd]+d[.bpl/lasso_trace_2.txt,NONTERMINATING,"5,49",0,0,"5,49",2,NONTERMINATING,2,1,3,Fixpoint / Fixpoint
ATVA2026_benchmark/NON_TERM_LASSO/lasso_traces_dd]b+[.bpl/lasso_trace_2.txt,NONTERMINATING,"3,35",0,0,"3,35",2,NONTERMINATING,2,1,3,Fixpoint / Fixpoint
ATVA2026_benchmark/NON_TERM_LASSO/lasso_traces_dd]d+[.bpl/lasso_trace_2.txt,NONTERMINATING,"3,29",0,0,"3,29",1,NONTERMINATING,2,1,3,Fixpoint / Fixpoint
ATVA2026_benchmark/NON_TERM_LASSO/lasso_traces_dd+-+[.bpl/lasso_trace_1.txt,NONTERMINATING,"4,3",0,0,"4,3",1,NONTERMINATING,1,1,2,Fixpoint / Fixpoint
ATVA2026_benchmark/NON_TERM_LASSO/lasso_traces_dd+[-+.bpl/lasso_trace_1.txt,NONTERMINATING,"4,41",0,0,"4,41",2,NONTERMINATING,1,1,2,Fixpoint / Fixpoint
ATVA2026_benchmark/NON_TERM_LASSO/lasso_traces_dd+[.bpl/lasso_trace_1.txt,NONTERMINATING,"3,79",0,0,"3,79",2,NONTERMINATING,1,1,2,Fixpoint / Fixpoint
ATVA2026_benchmark/NON_TERM_LASSO/lasso_traces_dd+[[.bpl/lasso_trace_2.txt,NONTERMINATING,"2,74",0,0,"2,74",2,NONTERMINATING,2,1,3,Fixpoint / Fixpoint
ATVA2026_benchmark/NON_TERM_LASSO/lasso_traces_dd+[[[.bpl/lasso_trace_2.txt,NONTERMINATING,"4,49",0,0,"4,49",2,NONTERMINATING,3,1,4,Fixpoint / Fixpoint
ATVA2026_benchmark/NON_TERM_LASSO/lasso_traces_dd+[[d.bpl/lasso_trace_3.txt,NONTERMINATING,"3,72",0,0,"3,72",2,NONTERMINATING,2,1,3,Fixpoint / Fixpoint
ATVA2026_benchmark/NON_TERM_LASSO/lasso_traces_dd+[]-.bpl/lasso_trace_1.txt,NONTERMINATING,"4,07",0,0,"4,07",2,NONTERMINATING,1,1,2,Fixpoint / Fixpoint
ATVA2026_benchmark/NON_TERM_LASSO/lasso_traces_dd+[].bpl/lasso_trace_1.txt,NONTERMINATING,"3,61",0,0,"3,61",2,NONTERMINATING,1,1,2,Fixpoint / Fixpoint
ATVA2026_benchmark/NON_TERM_LASSO/lasso_traces_dd+[][.bpl/lasso_trace_1.txt,NONTERMINATING,"3,73",0,0,"3,73",2,NONTERMINATING,1,1,2,Fixpoint / Fixpoint
ATVA2026_benchmark/NON_TERM_LASSO/lasso_traces_dd+[]+.bpl/lasso_trace_1.txt,NONTERMINATING,"3,5",0,0,"3,5",2,NONTERMINATING,1,1,2,Fixpoint / Fixpoint
ATVA2026_benchmark/NON_TERM_LASSO/lasso_traces_dd+[]b.bpl/lasso_trace_1.txt,NONTERMINATING,"3,36",0,0,"3,36",2,NONTERMINATING,1,1,2,Fixpoint / Fixpoint
ATVA2026_benchmark/NON_TERM_LASSO/lasso_traces_dd+[]d.bpl/lasso_trace_1.txt,NONTERMINATING,"3,87",0,0,"3,87",2,NONTERMINATING,1,1,2,Fixpoint / Fixpoint
ATVA2026_benchmark/NON_TERM_LASSO/lasso_traces_dd+[+-.bpl/lasso_trace_1.txt,NONTERMINATING,"3,55",0,0,"3,55",2,NONTERMINATING,1,1,2,Fixpoint / Fixpoint
ATVA2026_benchmark/NON_TERM_LASSO/lasso_traces_dd+[+[.bpl/lasso_trace_2.txt,NONTERMINATING,"2,81",0,0,"2,81",2,NONTERMINATING,2,1,3,Fixpoint / Fixpoint
ATVA2026_benchmark/NON_TERM_LASSO/lasso_traces_dd+[bd.bpl/lasso_trace_1.txt,NONTERMINATING,"2,17",0,0,"2,17",2,NONTERMINATING,2,1,3,Fixpoint / Fixpoint
ATVA2026_benchmark/NON_TERM_LASSO/lasso_traces_dd+[d.bpl/lasso_trace_1.txt,NONTERMINATING,"3,9",0,0,"3,9",2,NONTERMINATING,1,1,2,Fixpoint / Fixpoint
ATVA2026_benchmark/NON_TERM_LASSO/lasso_traces_dd+[d[.bpl/lasso_trace_2.txt,NONTERMINATING,"3,37",0,0,"3,37",3,NONTERMINATING,2,1,3,Fixpoint / Fixpoint
ATVA2026_benchmark/NON_TERM_LASSO/lasso_traces_dd+[dd.bpl/lasso_trace_1.txt,NONTERMINATING,5,0,0,5,2,NONTERMINATING,1,1,2,Fixpoint / Fixpoint
ATVA2026_benchmark/NON_TERM_LASSO/lasso_traces_dd+]+[.bpl/lasso_trace_2.txt,NONTERMINATING,"4,23",0,0,"4,23",2,NONTERMINATING,2,1,3,Fixpoint / Fixpoint
ATVA2026_benchmark/NON_TERM_LASSO/lasso_traces_dd++-[.bpl/lasso_trace_1.txt,NONTERMINATING,"3,56",0,0,"3,56",2,NONTERMINATING,1,1,2,Fixpoint / Fixpoint
ATVA2026_benchmark/NON_TERM_LASSO/lasso_traces_dd++[.bpl/lasso_trace_1.txt,NONTERMINATING,"3,11",0,0,"3,11",1,NONTERMINATING,1,1,2,Fixpoint / Fixpoint
ATVA2026_benchmark/NON_TERM_LASSO/lasso_traces_dd++[[.bpl/lasso_trace_2.txt,NONTERMINATING,"3,48",0,0,"3,48",2,NONTERMINATING,2,1,3,Fixpoint / Fixpoint
ATVA2026_benchmark/NON_TERM_LASSO/lasso_traces_dd++[].bpl/lasso_trace_1.txt,NONTERMINATING,"3,77",0,0,"3,77",2,NONTERMINATING,1,1,2,Fixpoint / Fixpoint
ATVA2026_benchmark/NON_TERM_LASSO/lasso_traces_dd++[d.bpl/lasso_trace_1.txt,NONTERMINATING,"6,6",0,0,"6,6",2,NONTERMINATING,1,1,2,Fixpoint / Fixpoint
ATVA2026_benchmark/NON_TERM_LASSO/lasso_traces_dd+++[.bpl/lasso_trace_1.txt,NONTERMINATING,"3,71",0,0,"3,71",2,NONTERMINATING,1,1,2,Fixpoint / Fixpoint
ATVA2026_benchmark/NON_TERM_LASSO/lasso_traces_dd++d[.bpl/lasso_trace_1.txt,NONTERMINATING,"3,96",0,0,"3,96",2,NONTERMINATING,1,1,2,Fixpoint / Fixpoint
ATVA2026_benchmark/NON_TERM_LASSO/lasso_traces_dd+b+[.bpl/lasso_trace_1.txt,NONTERMINATING,"2,8",0,0,"2,8",2,NONTERMINATING,1,1,2,Fixpoint / Fixpoint
ATVA2026_benchmark/NON_TERM_LASSO/lasso_traces_dd+bd[.bpl/lasso_trace_1.txt,NONTERMINATING,"4,98",0,0,"4,98",2,NONTERMINATING,1,1,2,Fixpoint / Fixpoint
ATVA2026_benchmark/NON_TERM_LASSO/lasso_traces_dd+d[.bpl/lasso_trace_1.txt,NONTERMINATING,"4,48",0,0,"4,48",2,NONTERMINATING,1,1,2,Fixpoint / Fixpoint
ATVA2026_benchmark/NON_TERM_LASSO/lasso_traces_dd+d[[.bpl/lasso_trace_2.txt,NONTERMINATING,"3,44",0,0,"3,44",2,NONTERMINATING,2,1,3,Fixpoint / Fixpoint
ATVA2026_benchmark/NON_TERM_LASSO/lasso_traces_dd+d[].bpl/lasso_trace_1.txt,NONTERMINATING,"3,78",0,0,"3,78",2,NONTERMINATING,1,1,2,Fixpoint / Fixpoint
ATVA2026_benchmark/NON_TERM_LASSO/lasso_traces_dd+d[d.bpl/lasso_trace_1.txt,NONTERMINATING,"4,64",0,0,"4,64",2,NONTERMINATING,1,1,2,Fixpoint / Fixpoint
ATVA2026_benchmark/NON_TERM_LASSO/lasso_traces_dd+d+[.bpl/lasso_trace_1.txt,NONTERMINATING,"4,72",0,0,"4,72",2,NONTERMINATING,1,1,2,Fixpoint / GNTA
ATVA2026_benchmark/NON_TERM_LASSO/lasso_traces_dd+dd[.bpl/lasso_trace_1.txt,NONTERMINATING,"3,78",0,0,"3,78",2,NONTERMINATING,1,1,2,Fixpoint / Fixpoint
ATVA2026_benchmark/NON_TERM_LASSO/lasso_traces_ddb-+[.bpl/lasso_trace_1.txt,NONTERMINATING,"5,33",0,0,"5,33",2,NONTERMINATING,1,1,2,Fixpoint / Fixpoint
ATVA2026_benchmark/NON_TERM_LASSO/lasso_traces_ddb]+[.bpl/lasso_trace_2.txt,NONTERMINATING,"3,83",0,0,"3,83",2,NONTERMINATING,2,1,3,Fixpoint / Fixpoint
ATVA2026_benchmark/NON_TERM_LASSO/lasso_traces_ddb+[.bpl/lasso_trace_1.txt,NONTERMINATING,"3,72",0,0,"3,72",2,NONTERMINATING,1,1,2,Fixpoint / Fixpoint
ATVA2026_benchmark/NON_TERM_LASSO/lasso_traces_ddb+[[.bpl/lasso_trace_2.txt,NONTERMINATING,"2,58",0,0,"2,58",2,NONTERMINATING,2,1,3,Fixpoint / Fixpoint
ATVA2026_benchmark/NON_TERM_LASSO/lasso_traces_ddb+[].bpl/lasso_trace_1.txt,NONTERMINATING,"3,25",0,0,"3,25",1,NONTERMINATING,1,1,2,Fixpoint / Fixpoint
ATVA2026_benchmark/NON_TERM_LASSO/lasso_traces_ddb++[.bpl/lasso_trace_1.txt,NONTERMINATING,"5,41",0,0,"5,41",1,NONTERMINATING,1,1,2,Fixpoint / Fixpoint
ATVA2026_benchmark/NON_TERM_LASSO/lasso_traces_ddbb+[.bpl/lasso_trace_1.txt,NONTERMINATING,"6,22",0,0,"6,22",2,NONTERMINATING,1,1,2,Fixpoint / Fixpoint
ATVA2026_benchmark/NON_TERM_LASSO/lasso_traces_ddbd+[.bpl/lasso_trace_1.txt,NONTERMINATING,"7,26",0,0,"7,26",2,NONTERMINATING,1,1,2,Fixpoint / Fixpoint
ATVA2026_benchmark/NON_TERM_LASSO/lasso_traces_ddd-+[.bpl/lasso_trace_1.txt,NONTERMINATING,"4,66",0,0,"4,66",2,NONTERMINATING,1,1,2,Fixpoint / Fixpoint
ATVA2026_benchmark/NON_TERM_LASSO/lasso_traces_ddd]+[.bpl/lasso_trace_2.txt,NONTERMINATING,"3,12",0,0,"3,12",2,NONTERMINATING,2,1,3,Fixpoint / Fixpoint
ATVA2026_benchmark/NON_TERM_LASSO/lasso_traces_ddd+[.bpl/lasso_trace_1.txt,NONTERMINATING,"4,05",0,0,"4,05",1,NONTERMINATING,1,1,2,Fixpoint / Fixpoint
ATVA2026_benchmark/NON_TERM_LASSO/lasso_traces_ddd+[[.bpl/lasso_trace_2.txt,NONTERMINATING,"3,87",0,0,"3,87",1,NONTERMINATING,2,1,3,Fixpoint / Fixpoint
ATVA2026_benchmark/NON_TERM_LASSO/lasso_traces_ddd+[].bpl/lasso_trace_1.txt,NONTERMINATING,"3,91",0,0,"3,91",2,NONTERMINATING,1,1,2,Fixpoint / Fixpoint
ATVA2026_benchmark/NON_TERM_LASSO/lasso_traces_ddd+[d.bpl/lasso_trace_1.txt,NONTERMINATING,"4,59",0,0,"4,59",2,NONTERMINATING,1,1,2,Fixpoint / Fixpoint
ATVA2026_benchmark/NON_TERM_LASSO/lasso_traces_ddd++[.bpl/lasso_trace_1.txt,NONTERMINATING,"3,83",0,0,"3,83",1,NONTERMINATING,1,1,2,Fixpoint / Fixpoint
ATVA2026_benchmark/NON_TERM_LASSO/lasso_traces_ddd+d[.bpl/lasso_trace_1.txt,NONTERMINATING,"4,4",0,0,"4,4",3,NONTERMINATING,1,1,2,Fixpoint / Fixpoint
ATVA2026_benchmark/NON_TERM_LASSO/lasso_traces_dddb+[.bpl/lasso_trace_1.txt,NONTERMINATING,"10,77",0,0,"10,77",2,NONTERMINATING,1,1,2,Fixpoint / Fixpoint
ATVA2026_benchmark/NON_TERM_LASSO/lasso_traces_dddd+[.bpl/lasso_trace_1.txt,NONTERMINATING,"3,86",0,0,"3,86",1,NONTERMINATING,1,1,2,Fixpoint / Fixpoint
