Trace Name,Result Code,Ultimate-Fixpoint (ms),Ultimate (ms),pasttel (ms),PaSTTeL Status,Stem Size,Loop Size,Total Size Trace,Algo
ATVA2026_benchmark/TERM_LASSO/SI_ARRAYS//lasso_traces_20051113-1.c.i_13.bpl/lasso_trace_1.txt,TERMINATING,7.46,106.20,18.00,TERMINATING,1,1,2,Affine template / Affine template
ATVA2026_benchmark/TERM_LASSO/SI_ARRAYS//lasso_traces_20051113-1.c.i_15.bpl/lasso_trace_1.txt,TERMINATING,2.51,121.33,14.00,TERMINATING,1,1,2,Affine template / Affine template
ATVA2026_benchmark/TERM_LASSO/SI_ARRAYS//lasso_traces_20051113-1.c.i_20.bpl/lasso_trace_1.txt,TERMINATING,3.59,109.85,17.00,TERMINATING,1,1,2,Affine template / Affine template
ATVA2026_benchmark/TERM_LASSO/SI_ARRAYS//lasso_traces_20051113-1.c.i_22.bpl/lasso_trace_1.txt,TERMINATING,3.52,112.08,16.00,TERMINATING,1,1,2,Affine template / Affine template
ATVA2026_benchmark/TERM_LASSO/SI_ARRAYS//lasso_traces_20051113-1.c.i_25.bpl/lasso_trace_1.txt,TERMINATING,3.31,103.81,15.00,TERMINATING,1,1,2,Affine template / Affine template
ATVA2026_benchmark/TERM_LASSO/SI_ARRAYS//lasso_traces_20051113-1.c.i_29.bpl/lasso_trace_1.txt,TERMINATING,2.61,107.03,17.00,TERMINATING,1,1,2,Affine template / Affine template
ATVA2026_benchmark/TERM_LASSO/SI_ARRAYS//lasso_traces_20051113-1.c.i_31.bpl/lasso_trace_1.txt,TERMINATING,2.09,113.36,19.00,TERMINATING,1,1,2,Affine template / Affine template
ATVA2026_benchmark/TERM_LASSO/SI_ARRAYS//lasso_traces_20051113-1.c.i_33.bpl/lasso_trace_1.txt,TERMINATING,6.97,116.14,16.00,TERMINATING,1,1,2,Affine template / Affine template
ATVA2026_benchmark/TERM_LASSO/SI_ARRAYS//lasso_traces_20051113-1.c.i_35.bpl/lasso_trace_1.txt,TERMINATING,1.97,75.57,16.00,TERMINATING,1,1,2,Affine template / Affine template
ATVA2026_benchmark/TERM_LASSO/SI_ARRAYS//lasso_traces_20051113-1.c.i_38.bpl/lasso_trace_1.txt,TERMINATING,2.10,106.18,18.00,TERMINATING,1,1,2,Affine template / Affine template
ATVA2026_benchmark/TERM_LASSO/SI_ARRAYS//lasso_traces_20051113-1.c.i_40.bpl/lasso_trace_1.txt,TERMINATING,3.50,67.14,17.00,TERMINATING,1,1,2,Affine template / Affine template
ATVA2026_benchmark/TERM_LASSO/SI_ARRAYS//lasso_traces_20051113-1.c.i_42.bpl/lasso_trace_1.txt,TERMINATING,2.07,63.76,17.00,TERMINATING,1,1,2,Affine template / Affine template
ATVA2026_benchmark/TERM_LASSO/SI_ARRAYS//lasso_traces_20051113-1.c.i_44.bpl/lasso_trace_1.txt,TERMINATING,2.19,94.28,17.00,TERMINATING,1,1,2,Affine template / Affine template
ATVA2026_benchmark/TERM_LASSO/SI_ARRAYS//lasso_traces_960521-1_1.i_11.bpl/lasso_trace_2.txt,TERMINATING,0.70,50.15,27.00,TERMINATING,3,2,5,Affine template / Affine template
ATVA2026_benchmark/TERM_LASSO/SI_ARRAYS//lasso_traces_960521-1_1.i_12.bpl/lasso_trace_1.txt,TERMINATING,3.31,250.66,27.00,TERMINATING,1,1,2,Affine template / Affine template
ATVA2026_benchmark/TERM_LASSO/SI_ARRAYS//lasso_traces_960521-1.i_5.bpl/lasso_trace_1.txt,TERMINATING,4.05,228.67,22.00,TERMINATING,1,2,3,Affine template / Affine template
ATVA2026_benchmark/TERM_LASSO/SI_ARRAYS//lasso_traces_add_last-alloca.i_10.bpl/lasso_trace_1.txt,TERMINATING,1.90,980.83,171.00,TERMINATING,1,2,3,Affine template / Affine template
ATVA2026_benchmark/TERM_LASSO/SI_ARRAYS//lasso_traces_add_last-alloca.i_11.bpl/lasso_trace_1.txt,TERMINATING,2.53,911.24,184.00,TERMINATING,1,2,3,Affine template / Affine template
ATVA2026_benchmark/TERM_LASSO/SI_ARRAYS//lasso_traces_add_last-alloca.i_8.bpl/lasso_trace_1.txt,TERMINATING,2.52,1077.94,126.00,TERMINATING,1,2,3,Affine template / Affine template
ATVA2026_benchmark/TERM_LASSO/SI_ARRAYS//lasso_traces_add_last-alloca.i_9.bpl/lasso_trace_1.txt,TERMINATING,2.47,823.62,179.00,TERMINATING,1,2,3,Affine template / Affine template
ATVA2026_benchmark/TERM_LASSO/SI_ARRAYS//lasso_traces_alternating_list.i_17.bpl/lasso_trace_1.txt,TERMINATING,1.98,365.04,196.00,TERMINATING,1,2,3,Affine template / Affine template
ATVA2026_benchmark/TERM_LASSO/SI_ARRAYS//lasso_traces_alternating_list.i_18.bpl/lasso_trace_1.txt,TERMINATING,1.77,362.77,182.00,TERMINATING,1,2,3,Affine template / Affine template
ATVA2026_benchmark/TERM_LASSO/SI_ARRAYS//lasso_traces_alternating_list.i_22.bpl/lasso_trace_1.txt,TERMINATING,1.88,227.84,190.00,TERMINATING,1,2,3,Affine template / Affine template
ATVA2026_benchmark/TERM_LASSO/SI_ARRAYS//lasso_traces_alternating_list.i_23.bpl/lasso_trace_1.txt,TERMINATING,1.90,440.32,197.00,TERMINATING,1,2,3,Affine template / Affine template
ATVA2026_benchmark/TERM_LASSO/SI_ARRAYS//lasso_traces_alternating_list.i_24.bpl/lasso_trace_1.txt,TERMINATING,1.80,387.28,197.00,TERMINATING,1,2,3,Affine template / Affine template
ATVA2026_benchmark/TERM_LASSO/SI_ARRAYS//lasso_traces_alternating_list.i_25.bpl/lasso_trace_1.txt,TERMINATING,1.90,406.21,215.00,TERMINATING,1,2,3,Affine template / Affine template
ATVA2026_benchmark/TERM_LASSO/SI_ARRAYS//lasso_traces_alternating_list.i_26.bpl/lasso_trace_1.txt,TERMINATING,1.76,410.81,177.00,TERMINATING,1,2,3,Affine template / Affine template
ATVA2026_benchmark/TERM_LASSO/SI_ARRAYS//lasso_traces_alternating_list.i_31.bpl/lasso_trace_1.txt,TERMINATING,2.16,353.31,190.00,TERMINATING,1,2,3,Affine template / Affine template
ATVA2026_benchmark/TERM_LASSO/SI_ARRAYS//lasso_traces_alternating_list.i_33.bpl/lasso_trace_1.txt,TERMINATING,1.91,386.40,202.00,TERMINATING,1,2,3,Affine template / Affine template
ATVA2026_benchmark/TERM_LASSO/SI_ARRAYS//lasso_traces_alternating_list.i_36.bpl/lasso_trace_1.txt,TERMINATING,1.98,395.23,159.00,TERMINATING,1,2,3,Affine template / Affine template
ATVA2026_benchmark/TERM_LASSO/SI_ARRAYS//lasso_traces_alternating_list.i_37.bpl/lasso_trace_1.txt,TERMINATING,1.89,254.60,176.00,TERMINATING,1,2,3,Affine template / Affine template
ATVA2026_benchmark/TERM_LASSO/SI_ARRAYS//lasso_traces_alternating_list.i_40.bpl/lasso_trace_1.txt,TERMINATING,1.84,403.46,196.00,TERMINATING,1,2,3,Affine template / Affine template
ATVA2026_benchmark/TERM_LASSO/SI_ARRAYS//lasso_traces_alternating_list.i_41.bpl/lasso_trace_1.txt,TERMINATING,1.92,409.84,192.00,TERMINATING,1,2,3,Affine template / Affine template
ATVA2026_benchmark/TERM_LASSO/SI_ARRAYS//lasso_traces_array01-alloca.i_4.bpl/lasso_trace_1.txt,TERMINATING,3.64,198.80,13.00,TERMINATING,1,2,3,Affine template / Affine template
ATVA2026_benchmark/TERM_LASSO/SI_ARRAYS//lasso_traces_array01-alloca.i_8.bpl/lasso_trace_1.txt,TERMINATING,2.16,90.97,15.00,TERMINATING,1,2,3,Affine template / Affine template
ATVA2026_benchmark/TERM_LASSO/SI_ARRAYS//lasso_traces_array02-alloca.i_6.bpl/lasso_trace_1.txt,TERMINATING,3.53,94.16,22.00,TERMINATING,1,2,3,Affine template / Affine template
ATVA2026_benchmark/TERM_LASSO/SI_ARRAYS//lasso_traces_array02-alloca.i_8.bpl/lasso_trace_1.txt,TERMINATING,2.74,121.17,19.00,TERMINATING,1,2,3,Affine template / Affine template
ATVA2026_benchmark/TERM_LASSO/SI_ARRAYS//lasso_traces_array03-alloca.i_6.bpl/lasso_trace_1.txt,TERMINATING,2.29,154.25,14.00,TERMINATING,1,2,3,Affine template / Affine template
ATVA2026_benchmark/TERM_LASSO/SI_ARRAYS//lasso_traces_array03-alloca.i_8.bpl/lasso_trace_1.txt,TERMINATING,3.43,249.14,16.00,TERMINATING,1,2,3,Affine template / Affine template
ATVA2026_benchmark/TERM_LASSO/SI_ARRAYS//lasso_traces_array3.i_3.bpl/lasso_trace_1.txt,TERMINATING,2.29,100.11,15.00,TERMINATING,1,1,2,Affine template / Affine template
ATVA2026_benchmark/TERM_LASSO/SI_ARRAYS//lasso_traces_array3.i_5.bpl/lasso_trace_1.txt,TERMINATING,7.51,162.07,20.00,TERMINATING,1,1,2,Affine template / Affine template
ATVA2026_benchmark/TERM_LASSO/SI_ARRAYS//lasso_traces_array3.i_6.bpl/lasso_trace_1.txt,TERMINATING,2.61,141.07,20.00,TERMINATING,1,2,3,Affine template / Affine template
ATVA2026_benchmark/TERM_LASSO/SI_ARRAYS//lasso_traces_array3.i_8.bpl/lasso_trace_1.txt,TERMINATING,2.38,113.00,18.00,TERMINATING,1,1,2,Affine template / Affine template
ATVA2026_benchmark/TERM_LASSO/SI_ARRAYS//lasso_traces_array4.i_3.bpl/lasso_trace_1.txt,TERMINATING,2.46,118.72,13.00,TERMINATING,1,1,2,Affine template / Affine template
ATVA2026_benchmark/TERM_LASSO/SI_ARRAYS//lasso_traces_array4.i_5.bpl/lasso_trace_1.txt,TERMINATING,3.19,154.02,16.00,TERMINATING,1,1,2,Affine template / Affine template
ATVA2026_benchmark/TERM_LASSO/SI_ARRAYS//lasso_traces_Arrays18.bpl/lasso_trace_1.txt,TERMINATING,1.61,1605.79,42.00,TERMINATING,1,1,2,Affine template / Affine template
ATVA2026_benchmark/TERM_LASSO/SI_ARRAYS//lasso_traces_ArraysOfVariableLength2.c_10.bpl/lasso_trace_1.txt,TERMINATING,3.31,217.75,35.00,TERMINATING,1,2,3,Affine template / Affine template
ATVA2026_benchmark/TERM_LASSO/SI_ARRAYS//lasso_traces_ArraysOfVariableLength2.c_12.bpl/lasso_trace_1.txt,TERMINATING,2.47,240.11,44.00,TERMINATING,1,2,3,Affine template / Affine template
ATVA2026_benchmark/TERM_LASSO/SI_ARRAYS//lasso_traces_ArraysOfVariableLength2.c_13.bpl/lasso_trace_1.txt,TERMINATING,2.65,275.45,40.00,TERMINATING,1,2,3,Affine template / Affine template
ATVA2026_benchmark/TERM_LASSO/SI_ARRAYS//lasso_traces_ArraysOfVariableLength2.c_14.bpl/lasso_trace_1.txt,TERMINATING,3.40,213.85,42.00,TERMINATING,1,2,3,Affine template / Affine template
ATVA2026_benchmark/TERM_LASSO/SI_ARRAYS//lasso_traces_ArraysOfVariableLength2.c_16.bpl/lasso_trace_1.txt,TERMINATING,6.05,343.19,55.00,TERMINATING,1,3,4,Affine template / Affine template
ATVA2026_benchmark/TERM_LASSO/SI_ARRAYS//lasso_traces_ArraysOfVariableLength2.c_17.bpl/lasso_trace_1.txt,TERMINATING,2.57,214.32,41.00,TERMINATING,1,3,4,Affine template / Affine template
ATVA2026_benchmark/TERM_LASSO/SI_ARRAYS//lasso_traces_ArraysOfVariableLength2.c_18.bpl/lasso_trace_1.txt,TERMINATING,2.39,354.93,53.00,TERMINATING,1,4,5,Affine template / Affine template
ATVA2026_benchmark/TERM_LASSO/SI_ARRAYS//lasso_traces_ArraysOfVariableLength2.c_18.bpl/lasso_trace_6.txt,TERMINATING,0.87,1016.99,1218.00,TERMINATING,4,6,10,Affine template / Affine template
ATVA2026_benchmark/TERM_LASSO/SI_ARRAYS//lasso_traces_ArraysOfVariableLength2.c_19.bpl/lasso_trace_1.txt,TERMINATING,2.35,291.53,41.00,TERMINATING,1,3,4,Affine template / Affine template
ATVA2026_benchmark/TERM_LASSO/SI_ARRAYS//lasso_traces_ArraysOfVariableLength2.c_20.bpl/lasso_trace_1.txt,TERMINATING,2.32,335.53,54.00,TERMINATING,1,3,4,Affine template / Affine template
ATVA2026_benchmark/TERM_LASSO/SI_ARRAYS//lasso_traces_ArraysOfVariableLength2.c_8.bpl/lasso_trace_1.txt,TERMINATING,2.62,114.72,34.00,TERMINATING,1,1,2,Affine template / Affine template
ATVA2026_benchmark/TERM_LASSO/SI_ARRAYS//lasso_traces_ArraysOfVariableLength4.c_7.bpl/lasso_trace_1.txt,TERMINATING,3.14,124.86,115.00,UNKNOWN,1,2,3,Affine template
ATVA2026_benchmark/TERM_LASSO/SI_ARRAYS//lasso_traces_ArraysOfVariableLength4.c_8.bpl/lasso_trace_1.txt,TERMINATING,4.20,193.09,127.00,UNKNOWN,1,1,2,Affine template
ATVA2026_benchmark/TERM_LASSO/SI_ARRAYS//lasso_traces_ArraysOfVariableLength5.c_10.bpl/lasso_trace_1.txt,TERMINATING,3.36,238.65,31.00,TERMINATING,1,2,3,Affine template / Affine template
ATVA2026_benchmark/TERM_LASSO/SI_ARRAYS//lasso_traces_ArraysOfVariableLength5.c_11.bpl/lasso_trace_1.txt,TERMINATING,3.64,282.74,35.00,TERMINATING,1,2,3,Affine template / Affine template
ATVA2026_benchmark/TERM_LASSO/SI_ARRAYS//lasso_traces_ArraysOfVariableLength5.c_11.bpl/lasso_trace_3.txt,TERMINATING,1.02,198.36,37.00,TERMINATING,4,4,8,Affine template / Affine template
ATVA2026_benchmark/TERM_LASSO/SI_ARRAYS//lasso_traces_ArraysOfVariableLength5.c_12.bpl/lasso_trace_1.txt,TERMINATING,2.24,325.16,31.00,TERMINATING,1,3,4,Affine template / Affine template
ATVA2026_benchmark/TERM_LASSO/SI_ARRAYS//lasso_traces_ArraysOfVariableLength5.c_12.bpl/lasso_trace_3.txt,TERMINATING,0.68,238.50,48.00,TERMINATING,5,4,9,Affine template / Affine template
ATVA2026_benchmark/TERM_LASSO/SI_ARRAYS//lasso_traces_ArraysOfVariableLength5.c_13.bpl/lasso_trace_1.txt,TERMINATING,2.36,205.56,23.00,TERMINATING,1,2,3,Affine template / Affine template
ATVA2026_benchmark/TERM_LASSO/SI_ARRAYS//lasso_traces_ArraysOfVariableLength5.c_13.bpl/lasso_trace_4.txt,TERMINATING,0.63,147.21,45.00,TERMINATING,4,3,7,Affine template / Affine template
ATVA2026_benchmark/TERM_LASSO/SI_ARRAYS//lasso_traces_ArraysOfVariableLength5.c_6.bpl/lasso_trace_1.txt,TERMINATING,2.29,86.71,22.00,TERMINATING,1,1,2,Affine template / Affine template
ATVA2026_benchmark/TERM_LASSO/SI_ARRAYS//lasso_traces_ArraysOfVariableLength5.c_8.bpl/lasso_trace_1.txt,TERMINATING,2.29,260.34,23.00,TERMINATING,1,2,3,Affine template / Affine template
ATVA2026_benchmark/TERM_LASSO/SI_ARRAYS//lasso_traces_ArraysOfVariableLength5.c_9.bpl/lasso_trace_1.txt,TERMINATING,3.37,266.45,30.00,TERMINATING,1,2,3,Affine template / Affine template
ATVA2026_benchmark/TERM_LASSO/SI_ARRAYS//lasso_traces_ArraysOfVariableLength6.c_7.bpl/lasso_trace_1.txt,TERMINATING,3.73,124.93,118.00,UNKNOWN,1,2,3,Affine template
ATVA2026_benchmark/TERM_LASSO/SI_ARRAYS//lasso_traces_ArraysOfVariableLength6.c_8.bpl/lasso_trace_1.txt,TERMINATING,3.26,205.06,123.00,UNKNOWN,1,1,2,Affine template
ATVA2026_benchmark/TERM_LASSO/SI_ARRAYS//lasso_traces_ArraysOfVariableLength.c_10.bpl/lasso_trace_1.txt,TERMINATING,7.16,134.38,18.00,TERMINATING,1,2,3,Affine template / Affine template
ATVA2026_benchmark/TERM_LASSO/SI_ARRAYS//lasso_traces_ArraysOfVariableLength.c_11.bpl/lasso_trace_1.txt,TERMINATING,1.91,202.80,14.00,TERMINATING,1,2,3,Affine template / Affine template
ATVA2026_benchmark/TERM_LASSO/SI_ARRAYS//lasso_traces_ArraysOfVariableLength.c_11.bpl/lasso_trace_3.txt,TERMINATING,0.76,147.96,37.00,TERMINATING,4,4,8,Affine template / Affine template
ATVA2026_benchmark/TERM_LASSO/SI_ARRAYS//lasso_traces_ArraysOfVariableLength.c_12.bpl/lasso_trace_1.txt,TERMINATING,2.63,128.30,25.00,TERMINATING,1,3,4,Affine template / Affine template
ATVA2026_benchmark/TERM_LASSO/SI_ARRAYS//lasso_traces_ArraysOfVariableLength.c_12.bpl/lasso_trace_3.txt,TERMINATING,0.87,249.72,44.00,TERMINATING,5,4,9,Affine template / Affine template
ATVA2026_benchmark/TERM_LASSO/SI_ARRAYS//lasso_traces_ArraysOfVariableLength.c_13.bpl/lasso_trace_1.txt,TERMINATING,2.30,179.50,20.00,TERMINATING,1,2,3,Affine template / Affine template
ATVA2026_benchmark/TERM_LASSO/SI_ARRAYS//lasso_traces_ArraysOfVariableLength.c_13.bpl/lasso_trace_5.txt,TERMINATING,0.56,153.41,34.00,TERMINATING,4,3,7,Affine template / Affine template
ATVA2026_benchmark/TERM_LASSO/SI_ARRAYS//lasso_traces_ArraysOfVariableLength.c_6.bpl/lasso_trace_1.txt,TERMINATING,1.97,157.06,11.00,TERMINATING,1,1,2,Affine template / Affine template
ATVA2026_benchmark/TERM_LASSO/SI_ARRAYS//lasso_traces_ArraysOfVariableLength.c_7.bpl/lasso_trace_1.txt,TERMINATING,2.13,218.50,12.00,TERMINATING,1,2,3,Affine template / Affine template
ATVA2026_benchmark/TERM_LASSO/SI_ARRAYS//lasso_traces_ArraysOfVariableLength.c_8.bpl/lasso_trace_1.txt,TERMINATING,2.16,255.73,15.00,TERMINATING,1,2,3,Affine template / Affine template
ATVA2026_benchmark/TERM_LASSO/SI_ARRAYS//lasso_traces_ArraysOfVariableLength.c_9.bpl/lasso_trace_1.txt,TERMINATING,3.18,181.13,17.00,TERMINATING,1,2,3,Affine template / Affine template
ATVA2026_benchmark/TERM_LASSO/SI_ARRAYS//lasso_traces_ArraysWithLenghtAtDeclaration.c_10.bpl/lasso_trace_2.txt,TERMINATING,2.04,68.56,27.00,TERMINATING,1,4,5,Affine template / Affine template
ATVA2026_benchmark/TERM_LASSO/SI_ARRAYS//lasso_traces_ArraysWithLenghtAtDeclaration.c_10.bpl/lasso_trace_4.txt,TERMINATING,1.02,221.09,37.00,TERMINATING,6,5,11,Affine template / Affine template
ATVA2026_benchmark/TERM_LASSO/SI_ARRAYS//lasso_traces_ArraysWithLenghtAtDeclaration.c_10.bpl/lasso_trace_5.txt,TERMINATING,0.63,177.97,31.00,TERMINATING,7,1,8,Affine template / Affine template
ATVA2026_benchmark/TERM_LASSO/SI_ARRAYS//lasso_traces_ArraysWithLenghtAtDeclaration.c_11.bpl/lasso_trace_2.txt,TERMINATING,1.94,288.91,35.00,TERMINATING,1,4,5,Affine template / Affine template
ATVA2026_benchmark/TERM_LASSO/SI_ARRAYS//lasso_traces_ArraysWithLenghtAtDeclaration.c_11.bpl/lasso_trace_4.txt,TERMINATING,1.20,258.38,44.00,TERMINATING,6,6,12,Affine template / Affine template
ATVA2026_benchmark/TERM_LASSO/SI_ARRAYS//lasso_traces_ArraysWithLenghtAtDeclaration.c_11.bpl/lasso_trace_5.txt,TERMINATING,0.59,166.43,155.00,UNKNOWN,7,2,9,Affine template
ATVA2026_benchmark/TERM_LASSO/SI_ARRAYS//lasso_traces_ArraysWithLenghtAtDeclaration.c_9.bpl/lasso_trace_2.txt,TERMINATING,1.84,287.00,27.00,TERMINATING,1,3,4,Affine template / Affine template
ATVA2026_benchmark/TERM_LASSO/SI_ARRAYS//lasso_traces_ArraysWithLenghtAtDeclaration.c_9.bpl/lasso_trace_4.txt,TERMINATING,1.01,186.23,49.00,TERMINATING,5,4,9,Affine template / Affine template
ATVA2026_benchmark/TERM_LASSO/SI_ARRAYS//lasso_traces_ArraysWithLenghtAtDeclaration.c_9.bpl/lasso_trace_5.txt,TERMINATING,0.55,100.20,31.00,TERMINATING,6,1,7,Affine template / Affine template
ATVA2026_benchmark/TERM_LASSO/SI_ARRAYS//lasso_traces_ArraysWithLenghtAtDeclaration-read.c_11.bpl/lasso_trace_3.txt,TERMINATING,1.78,82.38,45.00,TERMINATING,1,4,5,Affine template / Affine template
ATVA2026_benchmark/TERM_LASSO/SI_ARRAYS//lasso_traces_ArraysWithLenghtAtDeclaration-read.c_11.bpl/lasso_trace_5.txt,TERMINATING,0.62,92.35,41.00,TERMINATING,6,5,11,Affine template / Affine template
ATVA2026_benchmark/TERM_LASSO/SI_ARRAYS//lasso_traces_ArraysWithLenghtAtDeclaration-read.c_11.bpl/lasso_trace_6.txt,TERMINATING,0.53,199.95,180.00,UNKNOWN,7,1,8,Affine template
ATVA2026_benchmark/TERM_LASSO/SI_ARRAYS//lasso_traces_ArraysWithLenghtAtDeclaration-read.c_12.bpl/lasso_trace_3.txt,TERMINATING,1.94,58.05,40.00,TERMINATING,1,6,7,Affine template / Affine template
ATVA2026_benchmark/TERM_LASSO/SI_ARRAYS//lasso_traces_ArraysWithLenghtAtDeclaration-read.c_12.bpl/lasso_trace_5.txt,TERMINATING,0.53,104.99,50.00,TERMINATING,8,8,16,Affine template / Affine template
ATVA2026_benchmark/TERM_LASSO/SI_ARRAYS//lasso_traces_ArraysWithLenghtAtDeclaration-read.c_13.bpl/lasso_trace_3.txt,TERMINATING,1.98,346.84,41.00,TERMINATING,1,5,6,Affine template / Affine template
ATVA2026_benchmark/TERM_LASSO/SI_ARRAYS//lasso_traces_ArraysWithLenghtAtDeclaration-read.c_13.bpl/lasso_trace_5.txt,TERMINATING,0.56,269.07,35.00,TERMINATING,7,6,13,Affine template / Affine template
ATVA2026_benchmark/TERM_LASSO/SI_ARRAYS//lasso_traces_ArraysWithLenghtAtDeclaration-read.c_13.bpl/lasso_trace_6.txt,TERMINATING,0.57,172.73,34.00,TERMINATING,8,1,9,Affine template / Affine template
ATVA2026_benchmark/TERM_LASSO/SI_ARRAYS//lasso_traces_ArraysWithLenghtAtDeclaration-read.c_6.bpl/lasso_trace_1.txt,TERMINATING,3.41,125.26,120.00,UNKNOWN,1,2,3,Affine template
ATVA2026_benchmark/TERM_LASSO/SI_ARRAYS//lasso_traces_ArraysWithLenghtAtDeclaration-read.c_7.bpl/lasso_trace_1.txt,TERMINATING,4.07,190.18,25.00,TERMINATING,1,1,2,Affine template / Affine template
ATVA2026_benchmark/TERM_LASSO/SI_ARRAYS//lasso_traces_ArraysWithLenghtAtDeclaration-write.c_8.bpl/lasso_trace_1.txt,TERMINATING,3.08,141.80,116.00,UNKNOWN,1,2,3,Affine template
ATVA2026_benchmark/TERM_LASSO/SI_ARRAYS//lasso_traces_ArraysWithLenghtAtDeclaration-write.c_9.bpl/lasso_trace_1.txt,TERMINATING,2.74,258.16,132.00,UNKNOWN,1,1,2,Affine template
ATVA2026_benchmark/TERM_LASSO/SI_ARRAYS//lasso_traces_bubblesort-alloca.i_7.bpl/lasso_trace_1.txt,TERMINATING,2.51,133.95,15.00,TERMINATING,1,2,3,Affine template / Affine template
ATVA2026_benchmark/TERM_LASSO/SI_ARRAYS//lasso_traces_bubblesort-alloca.i_8.bpl/lasso_trace_1.txt,TERMINATING,1.54,103.32,10.00,TERMINATING,1,2,3,Affine template / Affine template
ATVA2026_benchmark/TERM_LASSO/SI_ARRAYS//lasso_traces_bubblesort-alloca.i_8.bpl/lasso_trace_2.txt,TERMINATING,1.13,127.33,20.00,TERMINATING,2,2,4,Affine template / Affine template
ATVA2026_benchmark/TERM_LASSO/SI_ARRAYS//lasso_traces_bubblesort-alloca.i_8.bpl/lasso_trace_5.txt,TERMINATING,0.54,1082.44,126.00,TERMINATING,8,2,10,Affine template / Affine template
ATVA2026_benchmark/TERM_LASSO/SI_ARRAYS//lasso_traces_BugMapElimination01-Aleppo-A.bpl/lasso_trace_1.txt,TERMINATING,2.45,94.45,22.00,TERMINATING,1,8,9,Affine template / Affine template
ATVA2026_benchmark/TERM_LASSO/SI_ARRAYS//lasso_traces_BugRewriteArrays04.bpl/lasso_trace_1.txt,TERMINATING,1.86,242.43,20.00,TERMINATING,1,1,2,Affine template / Affine template
ATVA2026_benchmark/TERM_LASSO/SI_ARRAYS//lasso_traces_count_down-alloca.i_6.bpl/lasso_trace_1.txt,TERMINATING,1.76,201.81,13.00,TERMINATING,1,1,2,Affine template / Affine template
ATVA2026_benchmark/TERM_LASSO/SI_ARRAYS//lasso_traces_count_down-alloca.i_7.bpl/lasso_trace_1.txt,TERMINATING,2.61,222.57,20.00,TERMINATING,1,2,3,Affine template / Affine template
ATVA2026_benchmark/TERM_LASSO/SI_ARRAYS//lasso_traces_count_down-alloca.i_8.bpl/lasso_trace_1.txt,TERMINATING,1.80,131.01,18.00,TERMINATING,1,1,2,Affine template / Affine template
ATVA2026_benchmark/TERM_LASSO/SI_ARRAYS//lasso_traces_count_down-alloca.i_8.bpl/lasso_trace_3.txt,TERMINATING,0.56,242.09,36.00,TERMINATING,3,2,5,Affine template / Affine template
ATVA2026_benchmark/TERM_LASSO/SI_ARRAYS//lasso_traces_cstrcat-alloca.i_10.bpl/lasso_trace_1.txt,TERMINATING,1.73,341.36,52.00,TERMINATING,1,2,3,Affine template / Affine template
ATVA2026_benchmark/TERM_LASSO/SI_ARRAYS//lasso_traces_cstrcat-alloca.i_8.bpl/lasso_trace_1.txt,TERMINATING,1.75,139.40,49.00,TERMINATING,1,2,3,Affine template / Affine template
ATVA2026_benchmark/TERM_LASSO/SI_ARRAYS//lasso_traces_cstrcpy-alloca.i_10.bpl/lasso_trace_1.txt,TERMINATING,2.21,1152.91,142.00,TERMINATING,1,2,3,Affine template / Affine template
ATVA2026_benchmark/TERM_LASSO/SI_ARRAYS//lasso_traces_cstrcpy-alloca.i_8.bpl/lasso_trace_1.txt,TERMINATING,2.31,1346.26,128.00,TERMINATING,1,2,3,Affine template / Affine template
ATVA2026_benchmark/TERM_LASSO/SI_ARRAYS//lasso_traces_cstrlen-alloca.i_5.bpl/lasso_trace_1.txt,TERMINATING,2.53,725.22,99.00,TERMINATING,1,2,3,Affine template / Affine template
ATVA2026_benchmark/TERM_LASSO/SI_ARRAYS//lasso_traces_cstrlen-alloca.i_6.bpl/lasso_trace_1.txt,TERMINATING,3.86,835.47,98.00,TERMINATING,1,2,3,Affine template / Affine template
ATVA2026_benchmark/TERM_LASSO/SI_ARRAYS//lasso_traces_cstrncat-alloca.i_10.bpl/lasso_trace_1.txt,TERMINATING,1.86,158.91,51.00,TERMINATING,1,2,3,Affine template / Affine template
ATVA2026_benchmark/TERM_LASSO/SI_ARRAYS//lasso_traces_cstrncat-alloca.i_8.bpl/lasso_trace_1.txt,TERMINATING,2.00,259.27,52.00,TERMINATING,1,2,3,Affine template / Affine template
ATVA2026_benchmark/TERM_LASSO/SI_ARRAYS//lasso_traces_DDDUJD.bpl/lasso_trace_1.txt,TERMINATING,1.99,78.28,11.00,TERMINATING,1,1,2,Affine template / Affine template
ATVA2026_benchmark/TERM_LASSO/SI_ARRAYS//lasso_traces_DDLUJD.bpl/lasso_trace_1.txt,TERMINATING,1.87,85.98,11.00,TERMINATING,1,1,2,Affine template / Affine template
ATVA2026_benchmark/TERM_LASSO/SI_ARRAYS//lasso_traces_DDRUJD.bpl/lasso_trace_1.txt,TERMINATING,1.86,94.13,14.00,TERMINATING,1,1,2,Affine template / Affine template
ATVA2026_benchmark/TERM_LASSO/SI_ARRAYS//lasso_traces_DDRUJL.bpl/lasso_trace_1.txt,TERMINATING,1.82,17459.87,42.00,TERMINATING,1,1,2,2 template / Affine template
ATVA2026_benchmark/TERM_LASSO/SI_ARRAYS//lasso_traces_DDTUJD.bpl/lasso_trace_2.txt,TERMINATING,1.70,75.94,11.00,TERMINATING,2,1,3,Affine template / Affine template
ATVA2026_benchmark/TERM_LASSO/SI_ARRAYS//lasso_traces_DDUJD.bpl/lasso_trace_1.txt,TERMINATING,2.19,76.06,11.00,TERMINATING,1,1,2,Affine template / Affine template
ATVA2026_benchmark/TERM_LASSO/SI_ARRAYS//lasso_traces_DDUJDD.bpl/lasso_trace_1.txt,TERMINATING,2.30,121.95,15.00,TERMINATING,1,1,2,Affine template / Affine template
ATVA2026_benchmark/TERM_LASSO/SI_ARRAYS//lasso_traces_DDUJDJ.bpl/lasso_trace_1.txt,TERMINATING,1.92,85.58,11.00,TERMINATING,1,2,3,Affine template / Affine template
ATVA2026_benchmark/TERM_LASSO/SI_ARRAYS//lasso_traces_DDUJDL.bpl/lasso_trace_1.txt,TERMINATING,1.77,83.31,12.00,TERMINATING,1,1,2,Affine template / Affine template
ATVA2026_benchmark/TERM_LASSO/SI_ARRAYS//lasso_traces_DDUJDT.bpl/lasso_trace_1.txt,TERMINATING,1.92,76.82,11.00,TERMINATING,1,1,2,Affine template / Affine template
ATVA2026_benchmark/TERM_LASSO/SI_ARRAYS//lasso_traces_DDUJJD.bpl/lasso_trace_2.txt,TERMINATING,1.75,62.57,11.00,TERMINATING,1,3,4,Affine template / Affine template
ATVA2026_benchmark/TERM_LASSO/SI_ARRAYS//lasso_traces_DDUJLD.bpl/lasso_trace_1.txt,TERMINATING,1.76,73.15,11.00,TERMINATING,1,1,2,Affine template / Affine template
ATVA2026_benchmark/TERM_LASSO/SI_ARRAYS//lasso_traces_DDULJD.bpl/lasso_trace_1.txt,TERMINATING,3.85,87.80,10.00,TERMINATING,1,1,2,Affine template / Affine template
ATVA2026_benchmark/TERM_LASSO/SI_ARRAYS//lasso_traces_DDUUJD.bpl/lasso_trace_1.txt,TERMINATING,1.90,81.15,11.00,TERMINATING,1,1,2,Affine template / Affine template
ATVA2026_benchmark/TERM_LASSO/SI_ARRAYS//lasso_traces_diff-alloca.i_11.bpl/lasso_trace_1.txt,TERMINATING,2.22,184.72,132.00,TERMINATING,1,2,3,Affine template / Affine template
ATVA2026_benchmark/TERM_LASSO/SI_ARRAYS//lasso_traces_diff-alloca.i_14.bpl/lasso_trace_2.txt,TERMINATING,2.08,185.40,146.00,TERMINATING,1,4,5,Affine template / Affine template
ATVA2026_benchmark/TERM_LASSO/SI_ARRAYS//lasso_traces_diff-alloca.i_14.bpl/lasso_trace_3.txt,TERMINATING,0.76,173.20,111.00,TERMINATING,2,1,3,Affine template / Affine template
ATVA2026_benchmark/TERM_LASSO/SI_ARRAYS//lasso_traces_diff-alloca.i_14.bpl/lasso_trace_4.txt,TERMINATING,0.68,366.96,735.00,TERMINATING,6,1,7,Affine template / Affine template
ATVA2026_benchmark/TERM_LASSO/SI_ARRAYS//lasso_traces_diff-alloca.i_15.bpl/lasso_trace_3.txt,TERMINATING,1.81,252.35,66.00,TERMINATING,1,5,6,Affine template / Affine template
ATVA2026_benchmark/TERM_LASSO/SI_ARRAYS//lasso_traces_diff-alloca.i_15.bpl/lasso_trace_4.txt,TERMINATING,0.74,228.47,181.00,TERMINATING,2,1,3,Affine template / Affine template
ATVA2026_benchmark/TERM_LASSO/SI_ARRAYS//lasso_traces_diff-alloca.i_15.bpl/lasso_trace_5.txt,TERMINATING,0.90,1243.71,545.00,TERMINATING,7,1,8,Affine template / Affine template
ATVA2026_benchmark/TERM_LASSO/SI_ARRAYS//lasso_traces_diff-alloca.i_9.bpl/lasso_trace_2.txt,TERMINATING,2.04,171.24,43.00,TERMINATING,1,4,5,Affine template / Affine template
ATVA2026_benchmark/TERM_LASSO/SI_ARRAYS//lasso_traces_diff-alloca.i_9.bpl/lasso_trace_3.txt,TERMINATING,0.75,184.84,65.00,TERMINATING,2,2,4,Affine template / Affine template
ATVA2026_benchmark/TERM_LASSO/SI_ARRAYS//lasso_traces_diff-alloca.i_9.bpl/lasso_trace_4.txt,TERMINATING,0.83,93.28,74.00,TERMINATING,6,2,8,Affine template / Affine template
ATVA2026_benchmark/TERM_LASSO/SI_ARRAYS//lasso_traces_DJTUJD.bpl/lasso_trace_2.txt,TERMINATING,1.76,80.73,11.00,TERMINATING,2,1,3,Affine template / Affine template
ATVA2026_benchmark/TERM_LASSO/SI_ARRAYS//lasso_traces_DLDUJD.bpl/lasso_trace_1.txt,TERMINATING,2.06,84.59,11.00,TERMINATING,1,1,2,Affine template / Affine template
ATVA2026_benchmark/TERM_LASSO/SI_ARRAYS//lasso_traces_DLLUJD.bpl/lasso_trace_1.txt,TERMINATING,1.98,89.46,11.00,TERMINATING,1,1,2,Affine template / Affine template
ATVA2026_benchmark/TERM_LASSO/SI_ARRAYS//lasso_traces_DLRUJD.bpl/lasso_trace_1.txt,TERMINATING,1.76,106.15,13.00,TERMINATING,1,1,2,Affine template / Affine template
ATVA2026_benchmark/TERM_LASSO/SI_ARRAYS//lasso_traces_DLRUJL.bpl/lasso_trace_1.txt,TERMINATING,1.86,18405.42,45.00,TERMINATING,1,1,2,2 template / Affine template
ATVA2026_benchmark/TERM_LASSO/SI_ARRAYS//lasso_traces_DLTUJD.bpl/lasso_trace_2.txt,TERMINATING,1.68,81.24,12.00,TERMINATING,2,1,3,Affine template / Affine template
ATVA2026_benchmark/TERM_LASSO/SI_ARRAYS//lasso_traces_DLUJD.bpl/lasso_trace_1.txt,TERMINATING,2.04,67.44,11.00,TERMINATING,1,1,2,Affine template / Affine template
ATVA2026_benchmark/TERM_LASSO/SI_ARRAYS//lasso_traces_DLUJDD.bpl/lasso_trace_1.txt,TERMINATING,5.78,123.42,15.00,TERMINATING,1,1,2,Affine template / Affine template
ATVA2026_benchmark/TERM_LASSO/SI_ARRAYS//lasso_traces_DLUJDJ.bpl/lasso_trace_1.txt,TERMINATING,2.14,81.86,16.00,TERMINATING,1,2,3,Affine template / Affine template
ATVA2026_benchmark/TERM_LASSO/SI_ARRAYS//lasso_traces_DLUJDL.bpl/lasso_trace_1.txt,TERMINATING,1.96,79.00,11.00,TERMINATING,1,1,2,Affine template / Affine template
ATVA2026_benchmark/TERM_LASSO/SI_ARRAYS//lasso_traces_DLUJDT.bpl/lasso_trace_1.txt,TERMINATING,2.78,67.88,11.00,TERMINATING,1,1,2,Affine template / Affine template
ATVA2026_benchmark/TERM_LASSO/SI_ARRAYS//lasso_traces_DLUJJD.bpl/lasso_trace_2.txt,TERMINATING,2.31,63.22,11.00,TERMINATING,1,3,4,Affine template / Affine template
ATVA2026_benchmark/TERM_LASSO/SI_ARRAYS//lasso_traces_DLUJLD.bpl/lasso_trace_1.txt,TERMINATING,1.98,71.79,12.00,TERMINATING,1,1,2,Affine template / Affine template
ATVA2026_benchmark/TERM_LASSO/SI_ARRAYS//lasso_traces_DLULJD.bpl/lasso_trace_1.txt,TERMINATING,2.24,75.95,11.00,TERMINATING,1,1,2,Affine template / Affine template
ATVA2026_benchmark/TERM_LASSO/SI_ARRAYS//lasso_traces_DLUUJD.bpl/lasso_trace_1.txt,TERMINATING,2.08,80.26,11.00,TERMINATING,1,1,2,Affine template / Affine template
ATVA2026_benchmark/TERM_LASSO/SI_ARRAYS//lasso_traces_DRDUJD.bpl/lasso_trace_1.txt,TERMINATING,1.77,94.25,17.00,TERMINATING,1,1,2,Affine template / Affine template
ATVA2026_benchmark/TERM_LASSO/SI_ARRAYS//lasso_traces_DRDUJL.bpl/lasso_trace_1.txt,TERMINATING,1.94,25168.73,42.00,TERMINATING,1,1,2,2 template / Affine template
ATVA2026_benchmark/TERM_LASSO/SI_ARRAYS//lasso_traces_DRLUJD.bpl/lasso_trace_1.txt,TERMINATING,1.79,108.21,14.00,TERMINATING,1,1,2,Affine template / Affine template
ATVA2026_benchmark/TERM_LASSO/SI_ARRAYS//lasso_traces_DRRUJD.bpl/lasso_trace_1.txt,TERMINATING,1.73,109.23,16.00,TERMINATING,1,1,2,Affine template / Affine template
ATVA2026_benchmark/TERM_LASSO/SI_ARRAYS//lasso_traces_DRRUJL.bpl/lasso_trace_1.txt,TERMINATING,1.84,52741.68,64.00,TERMINATING,1,1,2,2 template / Affine template
ATVA2026_benchmark/TERM_LASSO/SI_ARRAYS//lasso_traces_DRTUJD.bpl/lasso_trace_2.txt,TERMINATING,1.81,73.61,12.00,TERMINATING,2,1,3,Affine template / Affine template
ATVA2026_benchmark/TERM_LASSO/SI_ARRAYS//lasso_traces_DRUJD.bpl/lasso_trace_1.txt,TERMINATING,2.06,79.95,15.00,TERMINATING,1,1,2,Affine template / Affine template
ATVA2026_benchmark/TERM_LASSO/SI_ARRAYS//lasso_traces_DRUJDD.bpl/lasso_trace_1.txt,TERMINATING,1.88,146.41,19.00,TERMINATING,1,1,2,Affine template / Affine template
ATVA2026_benchmark/TERM_LASSO/SI_ARRAYS//lasso_traces_DRUJDJ.bpl/lasso_trace_1.txt,TERMINATING,1.75,72.76,12.00,TERMINATING,1,2,3,Affine template / Affine template
ATVA2026_benchmark/TERM_LASSO/SI_ARRAYS//lasso_traces_DRUJDT.bpl/lasso_trace_1.txt,TERMINATING,1.79,84.59,13.00,TERMINATING,1,1,2,Affine template / Affine template
ATVA2026_benchmark/TERM_LASSO/SI_ARRAYS//lasso_traces_DRUJJD.bpl/lasso_trace_2.txt,TERMINATING,1.71,92.28,13.00,TERMINATING,1,3,4,Affine template / Affine template
ATVA2026_benchmark/TERM_LASSO/SI_ARRAYS//lasso_traces_DRUJJL.bpl/lasso_trace_3.txt,TERMINATING,0.36,13486.56,49.00,TERMINATING,2,1,3,2 template / Affine template
ATVA2026_benchmark/TERM_LASSO/SI_ARRAYS//lasso_traces_DRUJL.bpl/lasso_trace_1.txt,TERMINATING,1.79,17597.09,49.00,TERMINATING,1,1,2,2 template / Affine template
ATVA2026_benchmark/TERM_LASSO/SI_ARRAYS//lasso_traces_DRUJLL.bpl/lasso_trace_1.txt,TERMINATING,1.71,36430.16,56.00,TERMINATING,1,1,2,2 template / Affine template
ATVA2026_benchmark/TERM_LASSO/SI_ARRAYS//lasso_traces_DRUJLT.bpl/lasso_trace_1.txt,TERMINATING,1.75,17576.68,44.00,TERMINATING,1,1,2,2 template / Affine template
ATVA2026_benchmark/TERM_LASSO/SI_ARRAYS//lasso_traces_DRUJUL.bpl/lasso_trace_1.txt,TERMINATING,1.69,2709.27,317.00,UNKNOWN,1,1,2,Affine template
ATVA2026_benchmark/TERM_LASSO/SI_ARRAYS//lasso_traces_DRUUJD.bpl/lasso_trace_1.txt,TERMINATING,2.39,103.05,17.00,TERMINATING,1,1,2,Affine template / Affine template
ATVA2026_benchmark/TERM_LASSO/SI_ARRAYS//lasso_traces_DRUUJL.bpl/lasso_trace_1.txt,TERMINATING,1.76,14681.12,47.00,TERMINATING,1,1,2,2 template / Affine template
ATVA2026_benchmark/TERM_LASSO/SI_ARRAYS//lasso_traces_DTDUJD.bpl/lasso_trace_2.txt,TERMINATING,1.80,65.77,11.00,TERMINATING,2,1,3,Affine template / Affine template
ATVA2026_benchmark/TERM_LASSO/SI_ARRAYS//lasso_traces_DTLUJD.bpl/lasso_trace_2.txt,TERMINATING,2.04,60.49,11.00,TERMINATING,2,1,3,Affine template / Affine template
ATVA2026_benchmark/TERM_LASSO/SI_ARRAYS//lasso_traces_DTRUJD.bpl/lasso_trace_2.txt,TERMINATING,1.57,71.64,14.00,TERMINATING,2,1,3,Affine template / Affine template
ATVA2026_benchmark/TERM_LASSO/SI_ARRAYS//lasso_traces_DTRUJL.bpl/lasso_trace_2.txt,TERMINATING,2.24,18834.23,42.00,TERMINATING,2,1,3,2 template / Affine template
ATVA2026_benchmark/TERM_LASSO/SI_ARRAYS//lasso_traces_DTTUJD.bpl/lasso_trace_3.txt,TERMINATING,1.71,72.73,11.00,TERMINATING,2,1,3,Affine template / Affine template
ATVA2026_benchmark/TERM_LASSO/SI_ARRAYS//lasso_traces_DTUJD.bpl/lasso_trace_2.txt,TERMINATING,2.34,65.30,11.00,TERMINATING,2,1,3,Affine template / Affine template
ATVA2026_benchmark/TERM_LASSO/SI_ARRAYS//lasso_traces_DTUJDD.bpl/lasso_trace_2.txt,TERMINATING,1.78,102.24,15.00,TERMINATING,2,1,3,Affine template / Affine template
ATVA2026_benchmark/TERM_LASSO/SI_ARRAYS//lasso_traces_DTUJDJ.bpl/lasso_trace_2.txt,TERMINATING,1.87,80.46,11.00,TERMINATING,2,2,4,Affine template / Affine template
ATVA2026_benchmark/TERM_LASSO/SI_ARRAYS//lasso_traces_DTUJDL.bpl/lasso_trace_2.txt,TERMINATING,1.70,65.72,12.00,TERMINATING,2,1,3,Affine template / Affine template
ATVA2026_benchmark/TERM_LASSO/SI_ARRAYS//lasso_traces_DTUJDT.bpl/lasso_trace_2.txt,TERMINATING,1.76,62.86,11.00,TERMINATING,2,1,3,Affine template / Affine template
ATVA2026_benchmark/TERM_LASSO/SI_ARRAYS//lasso_traces_DTUJJD.bpl/lasso_trace_3.txt,TERMINATING,1.78,74.91,11.00,TERMINATING,2,3,5,Affine template / Affine template
ATVA2026_benchmark/TERM_LASSO/SI_ARRAYS//lasso_traces_DTUJLD.bpl/lasso_trace_2.txt,TERMINATING,2.02,76.72,12.00,TERMINATING,2,1,3,Affine template / Affine template
ATVA2026_benchmark/TERM_LASSO/SI_ARRAYS//lasso_traces_DTULJD.bpl/lasso_trace_2.txt,TERMINATING,1.72,76.65,11.00,TERMINATING,2,1,3,Affine template / Affine template
ATVA2026_benchmark/TERM_LASSO/SI_ARRAYS//lasso_traces_DTUUJD.bpl/lasso_trace_2.txt,TERMINATING,2.02,78.91,13.00,TERMINATING,2,1,3,Affine template / Affine template
ATVA2026_benchmark/TERM_LASSO/SI_ARRAYS//lasso_traces_DUDUJD.bpl/lasso_trace_1.txt,TERMINATING,1.80,84.67,11.00,TERMINATING,1,1,2,Affine template / Affine template
ATVA2026_benchmark/TERM_LASSO/SI_ARRAYS//lasso_traces_DUJD.bpl/lasso_trace_1.txt,TERMINATING,1.96,71.03,11.00,TERMINATING,1,1,2,Affine template / Affine template
ATVA2026_benchmark/TERM_LASSO/SI_ARRAYS//lasso_traces_DUJDD.bpl/lasso_trace_1.txt,TERMINATING,1.74,123.54,15.00,TERMINATING,1,1,2,Affine template / Affine template
ATVA2026_benchmark/TERM_LASSO/SI_ARRAYS//lasso_traces_DUJDDD.bpl/lasso_trace_1.txt,TERMINATING,1.94,102.59,20.00,TERMINATING,1,1,2,Affine template / Affine template
ATVA2026_benchmark/TERM_LASSO/SI_ARRAYS//lasso_traces_DUJDDJ.bpl/lasso_trace_1.txt,TERMINATING,1.77,97.38,17.00,TERMINATING,1,2,3,Affine template / Affine template
ATVA2026_benchmark/TERM_LASSO/SI_ARRAYS//lasso_traces_DUJDDL.bpl/lasso_trace_1.txt,TERMINATING,2.70,110.55,14.00,TERMINATING,1,1,2,Affine template / Affine template
ATVA2026_benchmark/TERM_LASSO/SI_ARRAYS//lasso_traces_DUJDDT.bpl/lasso_trace_1.txt,TERMINATING,1.77,115.96,15.00,TERMINATING,1,1,2,Affine template / Affine template
ATVA2026_benchmark/TERM_LASSO/SI_ARRAYS//lasso_traces_DUJDJ.bpl/lasso_trace_1.txt,TERMINATING,2.35,85.78,10.00,TERMINATING,1,2,3,Affine template / Affine template
ATVA2026_benchmark/TERM_LASSO/SI_ARRAYS//lasso_traces_DUJDJD.bpl/lasso_trace_1.txt,TERMINATING,1.93,69.64,12.00,TERMINATING,1,2,3,Affine template / Affine template
ATVA2026_benchmark/TERM_LASSO/SI_ARRAYS//lasso_traces_DUJDJJ.bpl/lasso_trace_1.txt,TERMINATING,1.98,86.95,8.00,TERMINATING,1,2,3,Affine template / Affine template
ATVA2026_benchmark/TERM_LASSO/SI_ARRAYS//lasso_traces_DUJDJL.bpl/lasso_trace_1.txt,TERMINATING,1.97,72.34,12.00,TERMINATING,1,2,3,Affine template / Affine template
ATVA2026_benchmark/TERM_LASSO/SI_ARRAYS//lasso_traces_DUJDJR.bpl/lasso_trace_1.txt,TERMINATING,1.81,103.65,12.00,TERMINATING,1,2,3,Affine template / Affine template
ATVA2026_benchmark/TERM_LASSO/SI_ARRAYS//lasso_traces_DUJDJT.bpl/lasso_trace_1.txt,TERMINATING,1.95,85.16,11.00,TERMINATING,1,2,3,Affine template / Affine template
ATVA2026_benchmark/TERM_LASSO/SI_ARRAYS//lasso_traces_DUJDJU.bpl/lasso_trace_1.txt,TERMINATING,2.05,71.07,8.00,TERMINATING,1,2,3,Affine template / Affine template
ATVA2026_benchmark/TERM_LASSO/SI_ARRAYS//lasso_traces_DUJDL.bpl/lasso_trace_1.txt,TERMINATING,1.81,85.42,9.00,TERMINATING,1,1,2,Affine template / Affine template
ATVA2026_benchmark/TERM_LASSO/SI_ARRAYS//lasso_traces_DUJDLD.bpl/lasso_trace_1.txt,TERMINATING,3.73,97.83,76.00,UNKNOWN,1,1,2,Affine template
ATVA2026_benchmark/TERM_LASSO/SI_ARRAYS//lasso_traces_DUJDLJ.bpl/lasso_trace_1.txt,TERMINATING,2.09,85.16,12.00,TERMINATING,1,2,3,Affine template / Affine template
ATVA2026_benchmark/TERM_LASSO/SI_ARRAYS//lasso_traces_DUJDLL.bpl/lasso_trace_1.txt,TERMINATING,2.43,96.04,12.00,TERMINATING,1,1,2,Affine template / Affine template
ATVA2026_benchmark/TERM_LASSO/SI_ARRAYS//lasso_traces_DUJDLT.bpl/lasso_trace_1.txt,TERMINATING,1.70,85.86,9.00,TERMINATING,1,1,2,Affine template / Affine template
ATVA2026_benchmark/TERM_LASSO/SI_ARRAYS//lasso_traces_DUJDRL.bpl/lasso_trace_1.txt,TERMINATING,5.19,92.04,30.00,TERMINATING,1,1,2,Affine template / Affine template
ATVA2026_benchmark/TERM_LASSO/SI_ARRAYS//lasso_traces_DUJDT.bpl/lasso_trace_1.txt,TERMINATING,2.04,76.43,11.00,TERMINATING,1,1,2,Affine template / Affine template
ATVA2026_benchmark/TERM_LASSO/SI_ARRAYS//lasso_traces_DUJDTD.bpl/lasso_trace_1.txt,TERMINATING,2.41,73.39,15.00,TERMINATING,1,1,2,Affine template / Affine template
ATVA2026_benchmark/TERM_LASSO/SI_ARRAYS//lasso_traces_DUJDTJ.bpl/lasso_trace_1.txt,TERMINATING,1.95,82.58,13.00,TERMINATING,1,1,2,Affine template / Affine template
ATVA2026_benchmark/TERM_LASSO/SI_ARRAYS//lasso_traces_DUJDTL.bpl/lasso_trace_1.txt,TERMINATING,2.10,82.21,11.00,TERMINATING,1,1,2,Affine template / Affine template
ATVA2026_benchmark/TERM_LASSO/SI_ARRAYS//lasso_traces_DUJDTR.bpl/lasso_trace_1.txt,TERMINATING,2.67,89.52,12.00,TERMINATING,1,1,2,Affine template / Affine template
ATVA2026_benchmark/TERM_LASSO/SI_ARRAYS//lasso_traces_DUJDTU.bpl/lasso_trace_1.txt,TERMINATING,2.03,82.92,11.00,TERMINATING,1,1,2,Affine template / Affine template
ATVA2026_benchmark/TERM_LASSO/SI_ARRAYS//lasso_traces_DUJDUD.bpl/lasso_trace_1.txt,TERMINATING,2.02,86.39,11.00,TERMINATING,1,1,2,Affine template / Affine template
ATVA2026_benchmark/TERM_LASSO/SI_ARRAYS//lasso_traces_DUJJD.bpl/lasso_trace_2.txt,TERMINATING,1.65,79.00,10.00,TERMINATING,1,3,4,Affine template / Affine template
ATVA2026_benchmark/TERM_LASSO/SI_ARRAYS//lasso_traces_DUJJDD.bpl/lasso_trace_2.txt,TERMINATING,1.73,71.21,13.00,TERMINATING,1,3,4,Affine template / Affine template
ATVA2026_benchmark/TERM_LASSO/SI_ARRAYS//lasso_traces_DUJJDJ.bpl/lasso_trace_2.txt,TERMINATING,1.75,76.92,16.00,TERMINATING,1,4,5,Affine template / Affine template
ATVA2026_benchmark/TERM_LASSO/SI_ARRAYS//lasso_traces_DUJJDL.bpl/lasso_trace_2.txt,TERMINATING,1.58,73.31,14.00,TERMINATING,1,3,4,Affine template / Affine template
ATVA2026_benchmark/TERM_LASSO/SI_ARRAYS//lasso_traces_DUJJDT.bpl/lasso_trace_2.txt,TERMINATING,1.63,79.30,11.00,TERMINATING,1,3,4,Affine template / Affine template
ATVA2026_benchmark/TERM_LASSO/SI_ARRAYS//lasso_traces_DUJJJD.bpl/lasso_trace_2.txt,TERMINATING,1.77,75.27,10.00,TERMINATING,1,5,6,Affine template / Affine template
ATVA2026_benchmark/TERM_LASSO/SI_ARRAYS//lasso_traces_DUJJLD.bpl/lasso_trace_2.txt,TERMINATING,1.66,67.45,11.00,TERMINATING,1,3,4,Affine template / Affine template
ATVA2026_benchmark/TERM_LASSO/SI_ARRAYS//lasso_traces_DUJLD.bpl/lasso_trace_1.txt,TERMINATING,1.92,86.17,12.00,TERMINATING,1,1,2,Affine template / Affine template
ATVA2026_benchmark/TERM_LASSO/SI_ARRAYS//lasso_traces_DUJLDD.bpl/lasso_trace_1.txt,TERMINATING,5.85,108.99,16.00,TERMINATING,1,1,2,Affine template / Affine template
ATVA2026_benchmark/TERM_LASSO/SI_ARRAYS//lasso_traces_DUJLDJ.bpl/lasso_trace_1.txt,TERMINATING,1.77,94.85,12.00,TERMINATING,1,2,3,Affine template / Affine template
ATVA2026_benchmark/TERM_LASSO/SI_ARRAYS//lasso_traces_DUJLDL.bpl/lasso_trace_1.txt,TERMINATING,1.83,99.23,14.00,TERMINATING,1,1,2,Affine template / Affine template
ATVA2026_benchmark/TERM_LASSO/SI_ARRAYS//lasso_traces_DUJLDT.bpl/lasso_trace_1.txt,TERMINATING,1.71,81.17,12.00,TERMINATING,1,1,2,Affine template / Affine template
ATVA2026_benchmark/TERM_LASSO/SI_ARRAYS//lasso_traces_DUJLLD.bpl/lasso_trace_1.txt,TERMINATING,6.34,90.34,12.00,TERMINATING,1,1,2,Affine template / Affine template
ATVA2026_benchmark/TERM_LASSO/SI_ARRAYS//lasso_traces_DUJRLD.bpl/lasso_trace_1.txt,TERMINATING,1.94,238.48,32.00,TERMINATING,1,1,2,Affine template / Affine template
ATVA2026_benchmark/TERM_LASSO/SI_ARRAYS//lasso_traces_DUJUDD.bpl/lasso_trace_1.txt,TERMINATING,2.04,82.53,11.00,TERMINATING,1,1,2,Affine template / Affine template
ATVA2026_benchmark/TERM_LASSO/SI_ARRAYS//lasso_traces_DULJD.bpl/lasso_trace_1.txt,TERMINATING,1.97,81.85,11.00,TERMINATING,1,1,2,Affine template / Affine template
ATVA2026_benchmark/TERM_LASSO/SI_ARRAYS//lasso_traces_DULJDD.bpl/lasso_trace_1.txt,TERMINATING,1.75,124.97,15.00,TERMINATING,1,1,2,Affine template / Affine template
ATVA2026_benchmark/TERM_LASSO/SI_ARRAYS//lasso_traces_DULJDJ.bpl/lasso_trace_1.txt,TERMINATING,3.71,76.93,11.00,TERMINATING,1,2,3,Affine template / Affine template
ATVA2026_benchmark/TERM_LASSO/SI_ARRAYS//lasso_traces_DULJDL.bpl/lasso_trace_1.txt,TERMINATING,2.03,64.76,18.00,TERMINATING,1,1,2,Affine template / Affine template
ATVA2026_benchmark/TERM_LASSO/SI_ARRAYS//lasso_traces_DULJDT.bpl/lasso_trace_1.txt,TERMINATING,2.43,85.92,11.00,TERMINATING,1,1,2,Affine template / Affine template
ATVA2026_benchmark/TERM_LASSO/SI_ARRAYS//lasso_traces_DULJJD.bpl/lasso_trace_2.txt,TERMINATING,2.40,72.96,10.00,TERMINATING,1,3,4,Affine template / Affine template
ATVA2026_benchmark/TERM_LASSO/SI_ARRAYS//lasso_traces_DULJLD.bpl/lasso_trace_1.txt,TERMINATING,2.07,68.76,12.00,TERMINATING,1,1,2,Affine template / Affine template
ATVA2026_benchmark/TERM_LASSO/SI_ARRAYS//lasso_traces_DULLJD.bpl/lasso_trace_1.txt,TERMINATING,2.37,74.93,12.00,TERMINATING,1,1,2,Affine template / Affine template
ATVA2026_benchmark/TERM_LASSO/SI_ARRAYS//lasso_traces_DULUJD.bpl/lasso_trace_1.txt,TERMINATING,2.61,73.55,11.00,TERMINATING,1,1,2,Affine template / Affine template
ATVA2026_benchmark/TERM_LASSO/SI_ARRAYS//lasso_traces_DURLJD.bpl/lasso_trace_1.txt,TERMINATING,1.84,94.01,15.00,TERMINATING,1,1,2,Affine template / Affine template
ATVA2026_benchmark/TERM_LASSO/SI_ARRAYS//lasso_traces_DURUJD.bpl/lasso_trace_1.txt,TERMINATING,2.16,97.53,14.00,TERMINATING,1,1,2,Affine template / Affine template
ATVA2026_benchmark/TERM_LASSO/SI_ARRAYS//lasso_traces_DUTUJD.bpl/lasso_trace_2.txt,TERMINATING,1.92,79.63,11.00,TERMINATING,2,1,3,Affine template / Affine template
ATVA2026_benchmark/TERM_LASSO/SI_ARRAYS//lasso_traces_DUUDJD.bpl/lasso_trace_1.txt,TERMINATING,2.57,82.27,11.00,TERMINATING,1,1,2,Affine template / Affine template
ATVA2026_benchmark/TERM_LASSO/SI_ARRAYS//lasso_traces_DUUJD.bpl/lasso_trace_1.txt,TERMINATING,3.25,76.87,10.00,TERMINATING,1,1,2,Affine template / Affine template
ATVA2026_benchmark/TERM_LASSO/SI_ARRAYS//lasso_traces_DUUJDD.bpl/lasso_trace_1.txt,TERMINATING,1.94,119.61,15.00,TERMINATING,1,1,2,Affine template / Affine template
ATVA2026_benchmark/TERM_LASSO/SI_ARRAYS//lasso_traces_DUUJDL.bpl/lasso_trace_1.txt,TERMINATING,2.74,86.53,12.00,TERMINATING,1,1,2,Affine template / Affine template
ATVA2026_benchmark/TERM_LASSO/SI_ARRAYS//lasso_traces_DUUJDT.bpl/lasso_trace_1.txt,TERMINATING,2.15,89.99,11.00,TERMINATING,1,1,2,Affine template / Affine template
ATVA2026_benchmark/TERM_LASSO/SI_ARRAYS//lasso_traces_DUUJJD.bpl/lasso_trace_4.txt,TERMINATING,3.10,90.06,16.00,TERMINATING,2,1,3,Affine template / Affine template
ATVA2026_benchmark/TERM_LASSO/SI_ARRAYS//lasso_traces_DUUJLD.bpl/lasso_trace_1.txt,TERMINATING,1.75,80.16,12.00,TERMINATING,1,1,2,Affine template / Affine template
ATVA2026_benchmark/TERM_LASSO/SI_ARRAYS//lasso_traces_DUULJD.bpl/lasso_trace_1.txt,TERMINATING,1.94,80.59,11.00,TERMINATING,1,1,2,Affine template / Affine template
ATVA2026_benchmark/TERM_LASSO/SI_ARRAYS//lasso_traces_DUUUJD.bpl/lasso_trace_1.txt,TERMINATING,3.59,72.90,11.00,TERMINATING,1,1,2,Affine template / Affine template
ATVA2026_benchmark/TERM_LASSO/SI_ARRAYS//lasso_traces_EasterBunnyPuzzle.bpl/lasso_trace_1.txt,TERMINATING,0.47,39.78,7.00,TERMINATING,1,1,2,Affine template / Affine template
ATVA2026_benchmark/TERM_LASSO/SI_ARRAYS//lasso_traces_eureka_05.i_5.bpl/lasso_trace_1.txt,TERMINATING,2.23,171.96,10.00,TERMINATING,1,1,2,Affine template / Affine template
ATVA2026_benchmark/TERM_LASSO/SI_ARRAYS//lasso_traces_IndexEqualityInvisibleForMapElimination.bpl/lasso_trace_1.txt,TERMINATING,0.66,49.41,14.00,TERMINATING,2,1,3,Affine template / Affine template
ATVA2026_benchmark/TERM_LASSO/SI_ARRAYS//lasso_traces_InitFourtytwo04-Rubizhne.bpl/lasso_trace_1.txt,TERMINATING,1.70,311.87,109.00,UNKNOWN,1,1,2,Affine template
ATVA2026_benchmark/TERM_LASSO/SI_ARRAYS//lasso_traces_InitTwoCells01-Vuhledar.bpl/lasso_trace_1.txt,TERMINATING,1.55,92.22,35.00,UNKNOWN,1,1,2,Affine template
ATVA2026_benchmark/TERM_LASSO/SI_ARRAYS//lasso_traces_java_BubbleSort-alloca.i_10.bpl/lasso_trace_2.txt,TERMINATING,1.71,190.28,20.00,TERMINATING,1,4,5,Affine template / Affine template
ATVA2026_benchmark/TERM_LASSO/SI_ARRAYS//lasso_traces_java_BubbleSort-alloca.i_10.bpl/lasso_trace_3.txt,TERMINATING,0.47,111.74,20.00,TERMINATING,2,2,4,Affine template / Affine template
ATVA2026_benchmark/TERM_LASSO/SI_ARRAYS//lasso_traces_java_BubbleSort-alloca.i_6.bpl/lasso_trace_1.txt,TERMINATING,2.34,165.40,19.00,TERMINATING,1,2,3,Affine template / Affine template
ATVA2026_benchmark/TERM_LASSO/SI_ARRAYS//lasso_traces_JDTUJD.bpl/lasso_trace_2.txt,TERMINATING,1.77,61.82,11.00,TERMINATING,2,1,3,Affine template / Affine template
ATVA2026_benchmark/TERM_LASSO/SI_ARRAYS//lasso_traces_JLTUJD.bpl/lasso_trace_2.txt,TERMINATING,1.55,76.47,11.00,TERMINATING,2,1,3,Affine template / Affine template
ATVA2026_benchmark/TERM_LASSO/SI_ARRAYS//lasso_traces_JRTUJD.bpl/lasso_trace_2.txt,TERMINATING,2.12,76.61,12.00,TERMINATING,2,1,3,Affine template / Affine template
ATVA2026_benchmark/TERM_LASSO/SI_ARRAYS//lasso_traces_JTDUJD.bpl/lasso_trace_2.txt,TERMINATING,1.81,74.15,11.00,TERMINATING,2,1,3,Affine template / Affine template
ATVA2026_benchmark/TERM_LASSO/SI_ARRAYS//lasso_traces_JTLUJD.bpl/lasso_trace_2.txt,TERMINATING,1.75,67.83,11.00,TERMINATING,2,1,3,Affine template / Affine template
ATVA2026_benchmark/TERM_LASSO/SI_ARRAYS//lasso_traces_JTRUJD.bpl/lasso_trace_2.txt,TERMINATING,1.64,66.47,14.00,TERMINATING,2,1,3,Affine template / Affine template
ATVA2026_benchmark/TERM_LASSO/SI_ARRAYS//lasso_traces_JTRUJL.bpl/lasso_trace_2.txt,TERMINATING,2.01,16484.65,42.00,TERMINATING,2,1,3,2 template / Affine template
ATVA2026_benchmark/TERM_LASSO/SI_ARRAYS//lasso_traces_JTTUJD.bpl/lasso_trace_3.txt,TERMINATING,1.88,68.23,11.00,TERMINATING,2,1,3,Affine template / Affine template
ATVA2026_benchmark/TERM_LASSO/SI_ARRAYS//lasso_traces_JTUJD.bpl/lasso_trace_2.txt,TERMINATING,1.98,67.59,11.00,TERMINATING,2,1,3,Affine template / Affine template
ATVA2026_benchmark/TERM_LASSO/SI_ARRAYS//lasso_traces_JTUJDD.bpl/lasso_trace_2.txt,TERMINATING,1.76,115.99,15.00,TERMINATING,2,1,3,Affine template / Affine template
ATVA2026_benchmark/TERM_LASSO/SI_ARRAYS//lasso_traces_JTUJDJ.bpl/lasso_trace_2.txt,TERMINATING,1.82,79.10,11.00,TERMINATING,2,2,4,Affine template / Affine template
ATVA2026_benchmark/TERM_LASSO/SI_ARRAYS//lasso_traces_JTUJDL.bpl/lasso_trace_2.txt,TERMINATING,1.67,75.08,12.00,TERMINATING,2,1,3,Affine template / Affine template
ATVA2026_benchmark/TERM_LASSO/SI_ARRAYS//lasso_traces_JTUJDT.bpl/lasso_trace_2.txt,TERMINATING,2.01,64.35,11.00,TERMINATING,2,1,3,Affine template / Affine template
ATVA2026_benchmark/TERM_LASSO/SI_ARRAYS//lasso_traces_JTUJJD.bpl/lasso_trace_3.txt,TERMINATING,1.76,73.94,11.00,TERMINATING,2,3,5,Affine template / Affine template
ATVA2026_benchmark/TERM_LASSO/SI_ARRAYS//lasso_traces_JTUJLD.bpl/lasso_trace_2.txt,TERMINATING,1.70,71.08,12.00,TERMINATING,2,1,3,Affine template / Affine template
ATVA2026_benchmark/TERM_LASSO/SI_ARRAYS//lasso_traces_JTULJD.bpl/lasso_trace_2.txt,TERMINATING,1.79,82.64,11.00,TERMINATING,2,1,3,Affine template / Affine template
ATVA2026_benchmark/TERM_LASSO/SI_ARRAYS//lasso_traces_JTUUJD.bpl/lasso_trace_2.txt,TERMINATING,2.86,69.27,11.00,TERMINATING,2,1,3,Affine template / Affine template
ATVA2026_benchmark/TERM_LASSO/SI_ARRAYS//lasso_traces_JUTUJD.bpl/lasso_trace_2.txt,TERMINATING,1.82,64.03,11.00,TERMINATING,2,1,3,Affine template / Affine template
ATVA2026_benchmark/TERM_LASSO/SI_ARRAYS//lasso_traces_LDDUJD.bpl/lasso_trace_1.txt,TERMINATING,1.90,70.39,11.00,TERMINATING,1,1,2,Affine template / Affine template
ATVA2026_benchmark/TERM_LASSO/SI_ARRAYS//lasso_traces_LDLUJD.bpl/lasso_trace_1.txt,TERMINATING,2.07,74.27,17.00,TERMINATING,1,1,2,Affine template / Affine template
ATVA2026_benchmark/TERM_LASSO/SI_ARRAYS//lasso_traces_LDRUJD.bpl/lasso_trace_1.txt,TERMINATING,1.72,85.69,21.00,TERMINATING,1,1,2,Affine template / Affine template
ATVA2026_benchmark/TERM_LASSO/SI_ARRAYS//lasso_traces_LDRUJL.bpl/lasso_trace_1.txt,TERMINATING,1.77,15253.48,45.00,TERMINATING,1,1,2,2 template / Affine template
ATVA2026_benchmark/TERM_LASSO/SI_ARRAYS//lasso_traces_LDTUJD.bpl/lasso_trace_2.txt,TERMINATING,1.72,83.13,13.00,TERMINATING,2,1,3,Affine template / Affine template
ATVA2026_benchmark/TERM_LASSO/SI_ARRAYS//lasso_traces_LDUJD.bpl/lasso_trace_1.txt,TERMINATING,1.91,75.00,11.00,TERMINATING,1,1,2,Affine template / Affine template
ATVA2026_benchmark/TERM_LASSO/SI_ARRAYS//lasso_traces_LDUJDD.bpl/lasso_trace_1.txt,TERMINATING,1.76,122.69,15.00,TERMINATING,1,1,2,Affine template / Affine template
ATVA2026_benchmark/TERM_LASSO/SI_ARRAYS//lasso_traces_LDUJDJ.bpl/lasso_trace_1.txt,TERMINATING,2.03,75.13,11.00,TERMINATING,1,2,3,Affine template / Affine template
ATVA2026_benchmark/TERM_LASSO/SI_ARRAYS//lasso_traces_LDUJDL.bpl/lasso_trace_1.txt,TERMINATING,1.71,65.52,11.00,TERMINATING,1,1,2,Affine template / Affine template
ATVA2026_benchmark/TERM_LASSO/SI_ARRAYS//lasso_traces_LDUJDT.bpl/lasso_trace_1.txt,TERMINATING,1.91,75.10,13.00,TERMINATING,1,1,2,Affine template / Affine template
ATVA2026_benchmark/TERM_LASSO/SI_ARRAYS//lasso_traces_LDUJJD.bpl/lasso_trace_2.txt,TERMINATING,1.70,72.99,10.00,TERMINATING,1,3,4,Affine template / Affine template
ATVA2026_benchmark/TERM_LASSO/SI_ARRAYS//lasso_traces_LDUJLD.bpl/lasso_trace_1.txt,TERMINATING,1.67,65.48,12.00,TERMINATING,1,1,2,Affine template / Affine template
ATVA2026_benchmark/TERM_LASSO/SI_ARRAYS//lasso_traces_LDULJD.bpl/lasso_trace_1.txt,TERMINATING,1.96,62.88,11.00,TERMINATING,1,1,2,Affine template / Affine template
ATVA2026_benchmark/TERM_LASSO/SI_ARRAYS//lasso_traces_LDUUJD.bpl/lasso_trace_1.txt,TERMINATING,2.86,84.95,10.00,TERMINATING,1,1,2,Affine template / Affine template
ATVA2026_benchmark/TERM_LASSO/SI_ARRAYS//lasso_traces_lis-alloca.i_10.bpl/lasso_trace_1.txt,TERMINATING,2.08,380.31,62.00,TERMINATING,1,1,2,Affine template / Affine template
ATVA2026_benchmark/TERM_LASSO/SI_ARRAYS//lasso_traces_lis-alloca.i_14.bpl/lasso_trace_1.txt,TERMINATING,2.36,398.81,92.00,TERMINATING,1,1,2,Affine template / Affine template
ATVA2026_benchmark/TERM_LASSO/SI_ARRAYS//lasso_traces_lis-alloca.i_5.bpl/lasso_trace_1.txt,TERMINATING,2.57,327.70,66.00,TERMINATING,1,2,3,Affine template / Affine template
ATVA2026_benchmark/TERM_LASSO/SI_ARRAYS//lasso_traces_lis-alloca.i_7.bpl/lasso_trace_1.txt,TERMINATING,2.03,261.60,67.00,TERMINATING,1,1,2,Affine template / Affine template
ATVA2026_benchmark/TERM_LASSO/SI_ARRAYS//lasso_traces_lis-alloca.i_9.bpl/lasso_trace_1.txt,TERMINATING,2.36,209.71,71.00,TERMINATING,1,2,3,Affine template / Affine template
ATVA2026_benchmark/TERM_LASSO/SI_ARRAYS//lasso_traces_lis_unsafe.i_10.bpl/lasso_trace_1.txt,TERMINATING,3.58,166.86,35.00,TERMINATING,1,2,3,Affine template / Affine template
ATVA2026_benchmark/TERM_LASSO/SI_ARRAYS//lasso_traces_lis_unsafe.i_11.bpl/lasso_trace_1.txt,TERMINATING,2.07,180.22,30.00,TERMINATING,1,1,2,Affine template / Affine template
ATVA2026_benchmark/TERM_LASSO/SI_ARRAYS//lasso_traces_lis_unsafe.i_13.bpl/lasso_trace_1.txt,TERMINATING,2.69,162.46,39.00,TERMINATING,1,1,2,Affine template / Affine template
ATVA2026_benchmark/TERM_LASSO/SI_ARRAYS//lasso_traces_LJTUJD.bpl/lasso_trace_2.txt,TERMINATING,1.88,76.16,11.00,TERMINATING,2,1,3,Affine template / Affine template
ATVA2026_benchmark/TERM_LASSO/SI_ARRAYS//lasso_traces_LLDUJD.bpl/lasso_trace_1.txt,TERMINATING,1.95,85.78,11.00,TERMINATING,1,1,2,Affine template / Affine template
ATVA2026_benchmark/TERM_LASSO/SI_ARRAYS//lasso_traces_LLLUJD.bpl/lasso_trace_1.txt,TERMINATING,2.12,75.27,11.00,TERMINATING,1,1,2,Affine template / Affine template
ATVA2026_benchmark/TERM_LASSO/SI_ARRAYS//lasso_traces_LLRUJD.bpl/lasso_trace_1.txt,TERMINATING,1.77,91.08,13.00,TERMINATING,1,1,2,Affine template / Affine template
ATVA2026_benchmark/TERM_LASSO/SI_ARRAYS//lasso_traces_LLRUJL.bpl/lasso_trace_1.txt,TERMINATING,1.66,14842.78,41.00,TERMINATING,1,1,2,2 template / Affine template
ATVA2026_benchmark/TERM_LASSO/SI_ARRAYS//lasso_traces_LLTUJD.bpl/lasso_trace_2.txt,TERMINATING,1.54,89.08,11.00,TERMINATING,2,1,3,Affine template / Affine template
ATVA2026_benchmark/TERM_LASSO/SI_ARRAYS//lasso_traces_LLUJD.bpl/lasso_trace_1.txt,TERMINATING,1.84,69.81,12.00,TERMINATING,1,1,2,Affine template / Affine template
ATVA2026_benchmark/TERM_LASSO/SI_ARRAYS//lasso_traces_LLUJDD.bpl/lasso_trace_1.txt,TERMINATING,1.69,146.32,18.00,TERMINATING,1,1,2,Affine template / Affine template
ATVA2026_benchmark/TERM_LASSO/SI_ARRAYS//lasso_traces_LLUJDJ.bpl/lasso_trace_1.txt,TERMINATING,1.88,78.67,11.00,TERMINATING,1,2,3,Affine template / Affine template
ATVA2026_benchmark/TERM_LASSO/SI_ARRAYS//lasso_traces_LLUJDL.bpl/lasso_trace_1.txt,TERMINATING,1.80,81.09,11.00,TERMINATING,1,1,2,Affine template / Affine template
ATVA2026_benchmark/TERM_LASSO/SI_ARRAYS//lasso_traces_LLUJDT.bpl/lasso_trace_1.txt,TERMINATING,2.11,65.82,11.00,TERMINATING,1,1,2,Affine template / Affine template
ATVA2026_benchmark/TERM_LASSO/SI_ARRAYS//lasso_traces_LLUJJD.bpl/lasso_trace_2.txt,TERMINATING,2.58,79.11,11.00,TERMINATING,1,3,4,Affine template / Affine template
ATVA2026_benchmark/TERM_LASSO/SI_ARRAYS//lasso_traces_LLUJLD.bpl/lasso_trace_1.txt,TERMINATING,1.78,83.98,18.00,TERMINATING,1,1,2,Affine template / Affine template
ATVA2026_benchmark/TERM_LASSO/SI_ARRAYS//lasso_traces_LLULJD.bpl/lasso_trace_1.txt,TERMINATING,1.90,72.80,11.00,TERMINATING,1,1,2,Affine template / Affine template
ATVA2026_benchmark/TERM_LASSO/SI_ARRAYS//lasso_traces_LLUUJD.bpl/lasso_trace_1.txt,TERMINATING,2.18,77.77,11.00,TERMINATING,1,1,2,Affine template / Affine template
ATVA2026_benchmark/TERM_LASSO/SI_ARRAYS//lasso_traces_LRDUJD.bpl/lasso_trace_1.txt,TERMINATING,1.77,64.67,15.00,TERMINATING,1,1,2,Affine template / Affine template
ATVA2026_benchmark/TERM_LASSO/SI_ARRAYS//lasso_traces_LRDUJL.bpl/lasso_trace_1.txt,TERMINATING,1.69,21972.84,49.00,TERMINATING,1,1,2,2 template / Affine template
ATVA2026_benchmark/TERM_LASSO/SI_ARRAYS//lasso_traces_LRLUJD.bpl/lasso_trace_1.txt,TERMINATING,2.02,75.19,14.00,TERMINATING,1,1,2,Affine template / Affine template
ATVA2026_benchmark/TERM_LASSO/SI_ARRAYS//lasso_traces_LRRUJD.bpl/lasso_trace_1.txt,TERMINATING,1.78,122.53,16.00,TERMINATING,1,1,2,Affine template / Affine template
ATVA2026_benchmark/TERM_LASSO/SI_ARRAYS//lasso_traces_LRRUJL.bpl/lasso_trace_1.txt,TERMINATING,1.51,44679.64,64.00,TERMINATING,1,1,2,2 template / Affine template
ATVA2026_benchmark/TERM_LASSO/SI_ARRAYS//lasso_traces_LRTUJD.bpl/lasso_trace_2.txt,TERMINATING,1.72,88.35,12.00,TERMINATING,2,1,3,Affine template / Affine template
ATVA2026_benchmark/TERM_LASSO/SI_ARRAYS//lasso_traces_LRUJD.bpl/lasso_trace_1.txt,TERMINATING,1.78,82.51,13.00,TERMINATING,1,1,2,Affine template / Affine template
ATVA2026_benchmark/TERM_LASSO/SI_ARRAYS//lasso_traces_LRUJDD.bpl/lasso_trace_1.txt,TERMINATING,1.80,112.59,19.00,TERMINATING,1,1,2,Affine template / Affine template
ATVA2026_benchmark/TERM_LASSO/SI_ARRAYS//lasso_traces_LRUJDJ.bpl/lasso_trace_1.txt,TERMINATING,1.89,103.31,14.00,TERMINATING,1,2,3,Affine template / Affine template
ATVA2026_benchmark/TERM_LASSO/SI_ARRAYS//lasso_traces_LRUJDT.bpl/lasso_trace_1.txt,TERMINATING,6.35,525.73,14.00,TERMINATING,1,1,2,Affine template / Affine template
ATVA2026_benchmark/TERM_LASSO/SI_ARRAYS//lasso_traces_LRUJJD.bpl/lasso_trace_2.txt,TERMINATING,2.64,77.19,14.00,TERMINATING,1,3,4,Affine template / Affine template
ATVA2026_benchmark/TERM_LASSO/SI_ARRAYS//lasso_traces_LRUJJL.bpl/lasso_trace_3.txt,TERMINATING,0.42,13016.56,46.00,TERMINATING,2,1,3,2 template / Affine template
ATVA2026_benchmark/TERM_LASSO/SI_ARRAYS//lasso_traces_LRUJL.bpl/lasso_trace_1.txt,TERMINATING,1.82,16829.00,45.00,TERMINATING,1,1,2,2 template / Affine template
ATVA2026_benchmark/TERM_LASSO/SI_ARRAYS//lasso_traces_LRUJLL.bpl/lasso_trace_1.txt,TERMINATING,1.84,25005.47,56.00,TERMINATING,1,1,2,2 template / Affine template
ATVA2026_benchmark/TERM_LASSO/SI_ARRAYS//lasso_traces_LRUJLT.bpl/lasso_trace_1.txt,TERMINATING,1.83,16751.12,43.00,TERMINATING,1,1,2,2 template / Affine template
ATVA2026_benchmark/TERM_LASSO/SI_ARRAYS//lasso_traces_LRUJUL.bpl/lasso_trace_1.txt,TERMINATING,1.72,2296.53,278.00,UNKNOWN,1,1,2,Affine template
ATVA2026_benchmark/TERM_LASSO/SI_ARRAYS//lasso_traces_LRUUJD.bpl/lasso_trace_1.txt,TERMINATING,1.71,64.65,14.00,TERMINATING,1,1,2,Affine template / Affine template
ATVA2026_benchmark/TERM_LASSO/SI_ARRAYS//lasso_traces_LRUUJL.bpl/lasso_trace_1.txt,TERMINATING,1.85,19060.58,49.00,TERMINATING,1,1,2,2 template / Affine template
ATVA2026_benchmark/TERM_LASSO/SI_ARRAYS//lasso_traces_LTDUJD.bpl/lasso_trace_2.txt,TERMINATING,1.71,66.62,11.00,TERMINATING,2,1,3,Affine template / Affine template
ATVA2026_benchmark/TERM_LASSO/SI_ARRAYS//lasso_traces_LTLUJD.bpl/lasso_trace_2.txt,TERMINATING,1.49,63.83,11.00,TERMINATING,2,1,3,Affine template / Affine template
ATVA2026_benchmark/TERM_LASSO/SI_ARRAYS//lasso_traces_LTRUJD.bpl/lasso_trace_2.txt,TERMINATING,1.60,72.80,14.00,TERMINATING,2,1,3,Affine template / Affine template
ATVA2026_benchmark/TERM_LASSO/SI_ARRAYS//lasso_traces_LTRUJL.bpl/lasso_trace_2.txt,TERMINATING,1.68,12943.69,52.00,TERMINATING,2,1,3,2 template / Affine template
ATVA2026_benchmark/TERM_LASSO/SI_ARRAYS//lasso_traces_LTTUJD.bpl/lasso_trace_3.txt,TERMINATING,1.77,64.67,11.00,TERMINATING,2,1,3,Affine template / Affine template
ATVA2026_benchmark/TERM_LASSO/SI_ARRAYS//lasso_traces_LTUJD.bpl/lasso_trace_2.txt,TERMINATING,1.63,83.92,13.00,TERMINATING,2,1,3,Affine template / Affine template
ATVA2026_benchmark/TERM_LASSO/SI_ARRAYS//lasso_traces_LTUJDD.bpl/lasso_trace_2.txt,TERMINATING,1.89,137.31,12.00,TERMINATING,2,1,3,Affine template / Affine template
ATVA2026_benchmark/TERM_LASSO/SI_ARRAYS//lasso_traces_LTUJDJ.bpl/lasso_trace_2.txt,TERMINATING,1.76,71.55,10.00,TERMINATING,2,2,4,Affine template / Affine template
ATVA2026_benchmark/TERM_LASSO/SI_ARRAYS//lasso_traces_LTUJDL.bpl/lasso_trace_2.txt,TERMINATING,1.68,93.47,12.00,TERMINATING,2,1,3,Affine template / Affine template
ATVA2026_benchmark/TERM_LASSO/SI_ARRAYS//lasso_traces_LTUJDT.bpl/lasso_trace_2.txt,TERMINATING,1.46,80.53,11.00,TERMINATING,2,1,3,Affine template / Affine template
ATVA2026_benchmark/TERM_LASSO/SI_ARRAYS//lasso_traces_LTUJJD.bpl/lasso_trace_3.txt,TERMINATING,1.65,65.23,11.00,TERMINATING,2,3,5,Affine template / Affine template
ATVA2026_benchmark/TERM_LASSO/SI_ARRAYS//lasso_traces_LTUJLD.bpl/lasso_trace_2.txt,TERMINATING,1.65,86.41,12.00,TERMINATING,2,1,3,Affine template / Affine template
ATVA2026_benchmark/TERM_LASSO/SI_ARRAYS//lasso_traces_LTULJD.bpl/lasso_trace_2.txt,TERMINATING,1.56,71.16,11.00,TERMINATING,2,1,3,Affine template / Affine template
ATVA2026_benchmark/TERM_LASSO/SI_ARRAYS//lasso_traces_LTUUJD.bpl/lasso_trace_2.txt,TERMINATING,1.50,84.21,13.00,TERMINATING,2,1,3,Affine template / Affine template
ATVA2026_benchmark/TERM_LASSO/SI_ARRAYS//lasso_traces_LUDUJD.bpl/lasso_trace_1.txt,TERMINATING,2.04,80.66,11.00,TERMINATING,1,1,2,Affine template / Affine template
ATVA2026_benchmark/TERM_LASSO/SI_ARRAYS//lasso_traces_LUJD.bpl/lasso_trace_1.txt,TERMINATING,2.28,74.21,11.00,TERMINATING,1,1,2,Affine template / Affine template
ATVA2026_benchmark/TERM_LASSO/SI_ARRAYS//lasso_traces_LUJDD.bpl/lasso_trace_1.txt,TERMINATING,1.90,151.24,15.00,TERMINATING,1,1,2,Affine template / Affine template
ATVA2026_benchmark/TERM_LASSO/SI_ARRAYS//lasso_traces_LUJDDD.bpl/lasso_trace_1.txt,TERMINATING,2.12,109.72,21.00,TERMINATING,1,1,2,Affine template / Affine template
ATVA2026_benchmark/TERM_LASSO/SI_ARRAYS//lasso_traces_LUJDDJ.bpl/lasso_trace_1.txt,TERMINATING,2.31,90.88,15.00,TERMINATING,1,2,3,Affine template / Affine template
ATVA2026_benchmark/TERM_LASSO/SI_ARRAYS//lasso_traces_LUJDDL.bpl/lasso_trace_1.txt,TERMINATING,2.44,121.26,15.00,TERMINATING,1,1,2,Affine template / Affine template
ATVA2026_benchmark/TERM_LASSO/SI_ARRAYS//lasso_traces_LUJDDT.bpl/lasso_trace_1.txt,TERMINATING,1.86,122.38,15.00,TERMINATING,1,1,2,Affine template / Affine template
ATVA2026_benchmark/TERM_LASSO/SI_ARRAYS//lasso_traces_LUJDJ.bpl/lasso_trace_1.txt,TERMINATING,2.16,64.66,11.00,TERMINATING,1,2,3,Affine template / Affine template
ATVA2026_benchmark/TERM_LASSO/SI_ARRAYS//lasso_traces_LUJDJD.bpl/lasso_trace_1.txt,TERMINATING,1.91,78.42,12.00,TERMINATING,1,2,3,Affine template / Affine template
ATVA2026_benchmark/TERM_LASSO/SI_ARRAYS//lasso_traces_LUJDJJ.bpl/lasso_trace_1.txt,TERMINATING,1.86,61.20,11.00,TERMINATING,1,2,3,Affine template / Affine template
ATVA2026_benchmark/TERM_LASSO/SI_ARRAYS//lasso_traces_LUJDJL.bpl/lasso_trace_1.txt,TERMINATING,1.98,62.60,13.00,TERMINATING,1,2,3,Affine template / Affine template
ATVA2026_benchmark/TERM_LASSO/SI_ARRAYS//lasso_traces_LUJDJR.bpl/lasso_trace_1.txt,TERMINATING,1.96,60.43,15.00,TERMINATING,1,2,3,Affine template / Affine template
ATVA2026_benchmark/TERM_LASSO/SI_ARRAYS//lasso_traces_LUJDJT.bpl/lasso_trace_1.txt,TERMINATING,1.84,61.91,11.00,TERMINATING,1,2,3,Affine template / Affine template
ATVA2026_benchmark/TERM_LASSO/SI_ARRAYS//lasso_traces_LUJDJU.bpl/lasso_trace_1.txt,TERMINATING,3.30,66.48,8.00,TERMINATING,1,2,3,Affine template / Affine template
ATVA2026_benchmark/TERM_LASSO/SI_ARRAYS//lasso_traces_LUJDL.bpl/lasso_trace_1.txt,TERMINATING,2.02,72.22,11.00,TERMINATING,1,1,2,Affine template / Affine template
ATVA2026_benchmark/TERM_LASSO/SI_ARRAYS//lasso_traces_LUJDLD.bpl/lasso_trace_1.txt,TERMINATING,8.05,130.03,80.00,UNKNOWN,1,1,2,Affine template
ATVA2026_benchmark/TERM_LASSO/SI_ARRAYS//lasso_traces_LUJDLJ.bpl/lasso_trace_1.txt,TERMINATING,2.07,83.34,12.00,TERMINATING,1,2,3,Affine template / Affine template
ATVA2026_benchmark/TERM_LASSO/SI_ARRAYS//lasso_traces_LUJDLL.bpl/lasso_trace_1.txt,TERMINATING,1.71,82.70,11.00,TERMINATING,1,1,2,Affine template / Affine template
ATVA2026_benchmark/TERM_LASSO/SI_ARRAYS//lasso_traces_LUJDLT.bpl/lasso_trace_1.txt,TERMINATING,1.85,71.72,11.00,TERMINATING,1,1,2,Affine template / Affine template
ATVA2026_benchmark/TERM_LASSO/SI_ARRAYS//lasso_traces_LUJDRL.bpl/lasso_trace_1.txt,TERMINATING,6.82,86.76,31.00,TERMINATING,1,1,2,Affine template / Affine template
ATVA2026_benchmark/TERM_LASSO/SI_ARRAYS//lasso_traces_LUJDT.bpl/lasso_trace_1.txt,TERMINATING,2.12,80.14,11.00,TERMINATING,1,1,2,Affine template / Affine template
ATVA2026_benchmark/TERM_LASSO/SI_ARRAYS//lasso_traces_LUJDTD.bpl/lasso_trace_1.txt,TERMINATING,2.02,77.49,11.00,TERMINATING,1,1,2,Affine template / Affine template
ATVA2026_benchmark/TERM_LASSO/SI_ARRAYS//lasso_traces_LUJDTJ.bpl/lasso_trace_1.txt,TERMINATING,2.18,66.63,11.00,TERMINATING,1,1,2,Affine template / Affine template
ATVA2026_benchmark/TERM_LASSO/SI_ARRAYS//lasso_traces_LUJDTL.bpl/lasso_trace_1.txt,TERMINATING,1.96,74.01,13.00,TERMINATING,1,1,2,Affine template / Affine template
ATVA2026_benchmark/TERM_LASSO/SI_ARRAYS//lasso_traces_LUJDTR.bpl/lasso_trace_1.txt,TERMINATING,2.72,68.73,12.00,TERMINATING,1,1,2,Affine template / Affine template
ATVA2026_benchmark/TERM_LASSO/SI_ARRAYS//lasso_traces_LUJDTU.bpl/lasso_trace_1.txt,TERMINATING,1.95,70.67,12.00,TERMINATING,1,1,2,Affine template / Affine template
ATVA2026_benchmark/TERM_LASSO/SI_ARRAYS//lasso_traces_LUJDUD.bpl/lasso_trace_1.txt,TERMINATING,1.93,69.37,16.00,TERMINATING,1,1,2,Affine template / Affine template
ATVA2026_benchmark/TERM_LASSO/SI_ARRAYS//lasso_traces_LUJJD.bpl/lasso_trace_2.txt,TERMINATING,2.35,64.91,9.00,TERMINATING,1,3,4,Affine template / Affine template
ATVA2026_benchmark/TERM_LASSO/SI_ARRAYS//lasso_traces_LUJJDD.bpl/lasso_trace_2.txt,TERMINATING,1.66,64.64,15.00,TERMINATING,1,3,4,Affine template / Affine template
ATVA2026_benchmark/TERM_LASSO/SI_ARRAYS//lasso_traces_LUJJDJ.bpl/lasso_trace_2.txt,TERMINATING,2.18,68.93,10.00,TERMINATING,1,4,5,Affine template / Affine template
ATVA2026_benchmark/TERM_LASSO/SI_ARRAYS//lasso_traces_LUJJDL.bpl/lasso_trace_2.txt,TERMINATING,1.64,84.90,12.00,TERMINATING,1,3,4,Affine template / Affine template
ATVA2026_benchmark/TERM_LASSO/SI_ARRAYS//lasso_traces_LUJJDT.bpl/lasso_trace_2.txt,TERMINATING,2.43,69.28,9.00,TERMINATING,1,3,4,Affine template / Affine template
ATVA2026_benchmark/TERM_LASSO/SI_ARRAYS//lasso_traces_LUJJJD.bpl/lasso_trace_2.txt,TERMINATING,2.52,70.51,12.00,TERMINATING,1,5,6,Affine template / Affine template
ATVA2026_benchmark/TERM_LASSO/SI_ARRAYS//lasso_traces_LUJJLD.bpl/lasso_trace_2.txt,TERMINATING,1.99,66.28,15.00,TERMINATING,1,3,4,Affine template / Affine template
ATVA2026_benchmark/TERM_LASSO/SI_ARRAYS//lasso_traces_LUJLD.bpl/lasso_trace_1.txt,TERMINATING,1.97,63.81,11.00,TERMINATING,1,1,2,Affine template / Affine template
ATVA2026_benchmark/TERM_LASSO/SI_ARRAYS//lasso_traces_LUJLDD.bpl/lasso_trace_1.txt,TERMINATING,1.73,118.68,17.00,TERMINATING,1,1,2,Affine template / Affine template
ATVA2026_benchmark/TERM_LASSO/SI_ARRAYS//lasso_traces_LUJLDJ.bpl/lasso_trace_1.txt,TERMINATING,1.88,83.19,11.00,TERMINATING,1,2,3,Affine template / Affine template
ATVA2026_benchmark/TERM_LASSO/SI_ARRAYS//lasso_traces_LUJLDL.bpl/lasso_trace_1.txt,TERMINATING,2.14,84.40,14.00,TERMINATING,1,1,2,Affine template / Affine template
ATVA2026_benchmark/TERM_LASSO/SI_ARRAYS//lasso_traces_LUJLDT.bpl/lasso_trace_1.txt,TERMINATING,1.95,70.04,12.00,TERMINATING,1,1,2,Affine template / Affine template
ATVA2026_benchmark/TERM_LASSO/SI_ARRAYS//lasso_traces_LUJLLD.bpl/lasso_trace_1.txt,TERMINATING,1.84,80.38,12.00,TERMINATING,1,1,2,Affine template / Affine template
ATVA2026_benchmark/TERM_LASSO/SI_ARRAYS//lasso_traces_LUJRLD.bpl/lasso_trace_1.txt,TERMINATING,1.43,65.25,28.00,TERMINATING,1,1,2,Affine template / Affine template
ATVA2026_benchmark/TERM_LASSO/SI_ARRAYS//lasso_traces_LUJUDD.bpl/lasso_trace_1.txt,TERMINATING,7.93,80.05,11.00,TERMINATING,1,1,2,Affine template / Affine template
ATVA2026_benchmark/TERM_LASSO/SI_ARRAYS//lasso_traces_LULJD.bpl/lasso_trace_1.txt,TERMINATING,1.99,73.46,11.00,TERMINATING,1,1,2,Affine template / Affine template
ATVA2026_benchmark/TERM_LASSO/SI_ARRAYS//lasso_traces_LULJDD.bpl/lasso_trace_1.txt,TERMINATING,5.87,112.50,15.00,TERMINATING,1,1,2,Affine template / Affine template
ATVA2026_benchmark/TERM_LASSO/SI_ARRAYS//lasso_traces_LULJDJ.bpl/lasso_trace_1.txt,TERMINATING,2.89,80.32,11.00,TERMINATING,1,2,3,Affine template / Affine template
ATVA2026_benchmark/TERM_LASSO/SI_ARRAYS//lasso_traces_LULJDL.bpl/lasso_trace_1.txt,TERMINATING,2.89,82.76,12.00,TERMINATING,1,1,2,Affine template / Affine template
ATVA2026_benchmark/TERM_LASSO/SI_ARRAYS//lasso_traces_LULJDT.bpl/lasso_trace_1.txt,TERMINATING,2.37,71.18,12.00,TERMINATING,1,1,2,Affine template / Affine template
ATVA2026_benchmark/TERM_LASSO/SI_ARRAYS//lasso_traces_LULJJD.bpl/lasso_trace_2.txt,TERMINATING,2.51,68.58,11.00,TERMINATING,1,3,4,Affine template / Affine template
ATVA2026_benchmark/TERM_LASSO/SI_ARRAYS//lasso_traces_LULJLD.bpl/lasso_trace_1.txt,TERMINATING,1.96,83.71,12.00,TERMINATING,1,1,2,Affine template / Affine template
ATVA2026_benchmark/TERM_LASSO/SI_ARRAYS//lasso_traces_LULLJD.bpl/lasso_trace_1.txt,TERMINATING,1.98,68.96,11.00,TERMINATING,1,1,2,Affine template / Affine template
ATVA2026_benchmark/TERM_LASSO/SI_ARRAYS//lasso_traces_LULUJD.bpl/lasso_trace_1.txt,TERMINATING,1.99,67.84,11.00,TERMINATING,1,1,2,Affine template / Affine template
ATVA2026_benchmark/TERM_LASSO/SI_ARRAYS//lasso_traces_LURLJD.bpl/lasso_trace_1.txt,TERMINATING,1.90,75.79,13.00,TERMINATING,1,1,2,Affine template / Affine template
ATVA2026_benchmark/TERM_LASSO/SI_ARRAYS//lasso_traces_LURUJD.bpl/lasso_trace_1.txt,TERMINATING,1.69,95.50,14.00,TERMINATING,1,1,2,Affine template / Affine template
ATVA2026_benchmark/TERM_LASSO/SI_ARRAYS//lasso_traces_LUTUJD.bpl/lasso_trace_2.txt,TERMINATING,1.52,79.72,10.00,TERMINATING,2,1,3,Affine template / Affine template
ATVA2026_benchmark/TERM_LASSO/SI_ARRAYS//lasso_traces_LUUDJD.bpl/lasso_trace_1.txt,TERMINATING,2.03,75.22,11.00,TERMINATING,1,1,2,Affine template / Affine template
ATVA2026_benchmark/TERM_LASSO/SI_ARRAYS//lasso_traces_LUUJD.bpl/lasso_trace_1.txt,TERMINATING,2.48,84.58,11.00,TERMINATING,1,1,2,Affine template / Affine template
ATVA2026_benchmark/TERM_LASSO/SI_ARRAYS//lasso_traces_LUUJDD.bpl/lasso_trace_1.txt,TERMINATING,1.78,94.32,16.00,TERMINATING,1,1,2,Affine template / Affine template
ATVA2026_benchmark/TERM_LASSO/SI_ARRAYS//lasso_traces_LUUJDL.bpl/lasso_trace_1.txt,TERMINATING,2.06,84.47,12.00,TERMINATING,1,1,2,Affine template / Affine template
ATVA2026_benchmark/TERM_LASSO/SI_ARRAYS//lasso_traces_LUUJDT.bpl/lasso_trace_1.txt,TERMINATING,2.06,78.81,11.00,TERMINATING,1,1,2,Affine template / Affine template
ATVA2026_benchmark/TERM_LASSO/SI_ARRAYS//lasso_traces_LUUJJD.bpl/lasso_trace_4.txt,TERMINATING,1.72,80.78,11.00,TERMINATING,2,1,3,Affine template / Affine template
ATVA2026_benchmark/TERM_LASSO/SI_ARRAYS//lasso_traces_LUUJLD.bpl/lasso_trace_1.txt,TERMINATING,1.78,62.50,11.00,TERMINATING,1,1,2,Affine template / Affine template
ATVA2026_benchmark/TERM_LASSO/SI_ARRAYS//lasso_traces_LUULJD.bpl/lasso_trace_1.txt,TERMINATING,2.13,64.95,11.00,TERMINATING,1,1,2,Affine template / Affine template
ATVA2026_benchmark/TERM_LASSO/SI_ARRAYS//lasso_traces_LUUUJD.bpl/lasso_trace_1.txt,TERMINATING,2.03,86.65,8.00,TERMINATING,1,1,2,Affine template / Affine template
ATVA2026_benchmark/TERM_LASSO/SI_ARRAYS//lasso_traces_mcmillan2006.c.i_3.bpl/lasso_trace_1.txt,TERMINATING,2.16,119.59,15.00,TERMINATING,1,1,2,Affine template / Affine template
ATVA2026_benchmark/TERM_LASSO/SI_ARRAYS//lasso_traces_memset2.c_4.bpl/lasso_trace_1.txt,TERMINATING,3.01,191.96,15.00,TERMINATING,1,1,2,Affine template / Affine template
ATVA2026_benchmark/TERM_LASSO/SI_ARRAYS//lasso_traces_memset3.c_4.bpl/lasso_trace_1.txt,TERMINATING,2.25,194.75,17.00,TERMINATING,1,1,2,Affine template / Affine template
ATVA2026_benchmark/TERM_LASSO/SI_ARRAYS//lasso_traces_memset.c_4.bpl/lasso_trace_1.txt,TERMINATING,2.51,191.63,14.00,TERMINATING,1,1,2,Affine template / Affine template
ATVA2026_benchmark/TERM_LASSO/SI_ARRAYS//lasso_traces_memsetNonZero2.c_4.bpl/lasso_trace_1.txt,TERMINATING,2.35,204.43,17.00,TERMINATING,1,1,2,Affine template / Affine template
ATVA2026_benchmark/TERM_LASSO/SI_ARRAYS//lasso_traces_memsetNonZero3.c_4.bpl/lasso_trace_1.txt,TERMINATING,1.96,209.66,17.00,TERMINATING,1,1,2,Affine template / Affine template
ATVA2026_benchmark/TERM_LASSO/SI_ARRAYS//lasso_traces_memsetNonZero.c_4.bpl/lasso_trace_1.txt,TERMINATING,6.85,211.96,15.00,TERMINATING,1,1,2,Affine template / Affine template
ATVA2026_benchmark/TERM_LASSO/SI_ARRAYS//lasso_traces_Minimum.bpl/lasso_trace_2.txt,TERMINATING,0.49,1541.93,67.00,TERMINATING,2,1,3,Affine template / Affine template
ATVA2026_benchmark/TERM_LASSO/SI_ARRAYS//lasso_traces_Minimum.bpl/lasso_trace_4.txt,TERMINATING,0.46,51.59,14.00,TERMINATING,6,1,7,Affine template / Affine template
ATVA2026_benchmark/TERM_LASSO/SI_ARRAYS//lasso_traces_Minimum.bpl/lasso_trace_5.txt,TERMINATING,0.50,63.66,23.00,TERMINATING,7,1,8,Affine template / Affine template
ATVA2026_benchmark/TERM_LASSO/SI_ARRAYS//lasso_traces_Minimum.bpl/lasso_trace_6.txt,TERMINATING,0.61,32.33,38.00,TERMINATING,8,1,9,Affine template / Affine template
ATVA2026_benchmark/TERM_LASSO/SI_ARRAYS//lasso_traces_mult_array-alloca.i_12.bpl/lasso_trace_1.txt,TERMINATING,7.54,145.60,21.00,TERMINATING,1,1,2,Affine template / Affine template
ATVA2026_benchmark/TERM_LASSO/SI_ARRAYS//lasso_traces_mult_array-alloca.i_12.bpl/lasso_trace_3.txt,TERMINATING,0.87,707.20,99.00,TERMINATING,3,2,5,Affine template / Affine template
ATVA2026_benchmark/TERM_LASSO/SI_ARRAYS//lasso_traces_mult_array-alloca.i_6.bpl/lasso_trace_1.txt,TERMINATING,2.94,141.95,31.00,TERMINATING,1,2,3,Affine template / Affine template
ATVA2026_benchmark/TERM_LASSO/SI_ARRAYS//lasso_traces_mult_array-alloca.i_7.bpl/lasso_trace_1.txt,TERMINATING,3.70,133.54,26.00,TERMINATING,1,1,2,Affine template / Affine template
ATVA2026_benchmark/TERM_LASSO/SI_ARRAYS//lasso_traces_MultiLasso.bpl/lasso_trace_12.txt,TERMINATING,0.31,114.45,10.00,TERMINATING,14,2,16,Affine template / Affine template
ATVA2026_benchmark/TERM_LASSO/SI_ARRAYS//lasso_traces_MultiLasso.bpl/lasso_trace_15.txt,TERMINATING,0.32,58.81,11.00,TERMINATING,9,11,20,Affine template / Affine template
ATVA2026_benchmark/TERM_LASSO/SI_ARRAYS//lasso_traces_MultiLasso.bpl/lasso_trace_3.txt,TERMINATING,2.18,106.12,17.00,TERMINATING,5,4,9,Affine template / Affine template
ATVA2026_benchmark/TERM_LASSO/SI_ARRAYS//lasso_traces_MultiLasso.bpl/lasso_trace_4.txt,TERMINATING,0.46,79.75,14.00,TERMINATING,6,5,11,Affine template / Affine template
ATVA2026_benchmark/TERM_LASSO/SI_ARRAYS//lasso_traces_MultiLasso.bpl/lasso_trace_5.txt,TERMINATING,0.37,102.00,14.00,TERMINATING,7,5,12,Affine template / Affine template
ATVA2026_benchmark/TERM_LASSO/SI_ARRAYS//lasso_traces_MultiLasso.bpl/lasso_trace_6.txt,TERMINATING,0.37,45.60,13.00,TERMINATING,8,5,13,Affine template / Affine template
ATVA2026_benchmark/TERM_LASSO/SI_ARRAYS//lasso_traces_MultiLasso.bpl/lasso_trace_7.txt,TERMINATING,0.36,74.28,13.00,TERMINATING,8,8,16,Affine template / Affine template
ATVA2026_benchmark/TERM_LASSO/SI_ARRAYS//lasso_traces_MultiLasso.bpl/lasso_trace_8.txt,TERMINATING,0.30,81.76,9.00,TERMINATING,6,1,7,Affine template / Affine template
ATVA2026_benchmark/TERM_LASSO/SI_ARRAYS//lasso_traces_MysteriousProgram.bpl/lasso_trace_3.txt,TERMINATING,0.32,62.84,45.00,UNKNOWN,1,4,5,Affine template
ATVA2026_benchmark/TERM_LASSO/SI_ARRAYS//lasso_traces_openbsd_cbzero-alloca.i_5.bpl/lasso_trace_1.txt,TERMINATING,6.26,145.69,15.00,TERMINATING,1,2,3,Affine template / Affine template
ATVA2026_benchmark/TERM_LASSO/SI_ARRAYS//lasso_traces_openbsd_cmemchr-alloca.i_4.bpl/lasso_trace_1.txt,TERMINATING,2.58,164.49,50.00,TERMINATING,1,2,3,Affine template / Affine template
ATVA2026_benchmark/TERM_LASSO/SI_ARRAYS//lasso_traces_openbsd_cmemrchr-alloca.i_3.bpl/lasso_trace_1.txt,TERMINATING,2.81,241.20,39.00,TERMINATING,1,2,3,Affine template / Affine template
ATVA2026_benchmark/TERM_LASSO/SI_ARRAYS//lasso_traces_openbsd_cmemset-alloca.i_4.bpl/lasso_trace_1.txt,TERMINATING,2.18,121.42,24.00,TERMINATING,1,2,3,Affine template / Affine template
ATVA2026_benchmark/TERM_LASSO/SI_ARRAYS//lasso_traces_openbsd_cstpcpy-alloca.i_10.bpl/lasso_trace_1.txt,TERMINATING,2.07,1224.72,216.00,TERMINATING,1,2,3,Affine template / Affine template
ATVA2026_benchmark/TERM_LASSO/SI_ARRAYS//lasso_traces_openbsd_cstpcpy-alloca.i_8.bpl/lasso_trace_1.txt,TERMINATING,2.27,1177.63,216.00,TERMINATING,1,2,3,Affine template / Affine template
ATVA2026_benchmark/TERM_LASSO/SI_ARRAYS//lasso_traces_openbsd_cstrcat-alloca.i_9.bpl/lasso_trace_1.txt,TERMINATING,2.27,360.38,58.00,TERMINATING,1,2,3,Affine template / Affine template
ATVA2026_benchmark/TERM_LASSO/SI_ARRAYS//lasso_traces_openbsd_cstrcmp-alloca.i_13.bpl/lasso_trace_1.txt,TERMINATING,1.86,21892.56,729.00,TERMINATING,1,2,3,Affine template / Affine template
ATVA2026_benchmark/TERM_LASSO/SI_ARRAYS//lasso_traces_openbsd_cstrcmp-alloca.i_14.bpl/lasso_trace_1.txt,UNCHECKED,2.01,21085.70,-,,1,2,3,Affine template
ATVA2026_benchmark/TERM_LASSO/SI_ARRAYS//lasso_traces_openbsd_cstrcmp-alloca.i_16.bpl/lasso_trace_1.txt,TERMINATING,1.92,20711.85,598.00,TERMINATING,1,2,3,Affine template / Affine template
ATVA2026_benchmark/TERM_LASSO/SI_ARRAYS//lasso_traces_openbsd_cstrcpy-alloca.i_10.bpl/lasso_trace_1.txt,TERMINATING,2.38,1412.73,215.00,TERMINATING,1,2,3,Affine template / Affine template
ATVA2026_benchmark/TERM_LASSO/SI_ARRAYS//lasso_traces_openbsd_cstrcpy-alloca.i_8.bpl/lasso_trace_1.txt,TERMINATING,2.13,1194.76,210.00,TERMINATING,1,2,3,Affine template / Affine template
ATVA2026_benchmark/TERM_LASSO/SI_ARRAYS//lasso_traces_openbsd_cstrcspn-alloca.i_10.bpl/lasso_trace_1.txt,TERMINATING,2.31,989.41,459.00,TERMINATING,1,2,3,Affine template / Affine template
ATVA2026_benchmark/TERM_LASSO/SI_ARRAYS//lasso_traces_openbsd_cstrlen-alloca.i_5.bpl/lasso_trace_1.txt,TERMINATING,2.57,900.57,95.00,TERMINATING,1,2,3,Affine template / Affine template
ATVA2026_benchmark/TERM_LASSO/SI_ARRAYS//lasso_traces_openbsd_cstrncat-alloca.i_10.bpl/lasso_trace_1.txt,TERMINATING,2.57,258.32,55.00,TERMINATING,1,2,3,Affine template / Affine template
ATVA2026_benchmark/TERM_LASSO/SI_ARRAYS//lasso_traces_openbsd_cstrncat-alloca.i_12.bpl/lasso_trace_1.txt,TERMINATING,2.39,244.76,63.00,TERMINATING,1,2,3,Affine template / Affine template
ATVA2026_benchmark/TERM_LASSO/SI_ARRAYS//lasso_traces_openbsd_cstrpbrk-alloca.i_10.bpl/lasso_trace_1.txt,TERMINATING,1.96,774.36,281.00,TERMINATING,1,2,3,Affine template / Affine template
ATVA2026_benchmark/TERM_LASSO/SI_ARRAYS//lasso_traces_openbsd_cstrpbrk-alloca.i_11.bpl/lasso_trace_1.txt,UNCHECKED,1.93,2185.25,-,,1,2,3,Affine template
ATVA2026_benchmark/TERM_LASSO/SI_ARRAYS//lasso_traces_openbsd_cstrspn-alloca.i_10.bpl/lasso_trace_1.txt,UNCHECKED,1.76,2267.24,-,,1,2,3,Affine template
ATVA2026_benchmark/TERM_LASSO/SI_ARRAYS//lasso_traces_openbsd_cstrspn-alloca.i_9.bpl/lasso_trace_1.txt,TERMINATING,2.24,14677.44,338.00,TERMINATING,1,2,3,Affine template / Affine template
ATVA2026_benchmark/TERM_LASSO/SI_ARRAYS//lasso_traces_openbsd_cstrstr-alloca.i_10.bpl/lasso_trace_1.txt,TERMINATING,2.09,868.13,331.00,TERMINATING,1,2,3,Affine template / Affine template
ATVA2026_benchmark/TERM_LASSO/SI_ARRAYS//lasso_traces_optional_data_creation_test04.i_35.bpl/lasso_trace_1.txt,TERMINATING,2.66,517.90,152.00,TERMINATING,1,2,3,Affine template / Affine template
ATVA2026_benchmark/TERM_LASSO/SI_ARRAYS//lasso_traces_PointerIncrement.bpl/lasso_trace_2.txt,TERMINATING,1.91,180.67,16.00,TERMINATING,5,4,9,Affine template / Affine template
ATVA2026_benchmark/TERM_LASSO/SI_ARRAYS//lasso_traces_RDDUJD.bpl/lasso_trace_1.txt,TERMINATING,9.74,289.87,13.00,TERMINATING,1,1,2,Affine template / Affine template
ATVA2026_benchmark/TERM_LASSO/SI_ARRAYS//lasso_traces_RDLUJD.bpl/lasso_trace_1.txt,TERMINATING,7.63,420.71,16.00,TERMINATING,1,1,2,Affine template / Affine template
ATVA2026_benchmark/TERM_LASSO/SI_ARRAYS//lasso_traces_RDRUJD.bpl/lasso_trace_1.txt,TERMINATING,6.02,550.44,16.00,TERMINATING,1,1,2,Affine template / Affine template
ATVA2026_benchmark/TERM_LASSO/SI_ARRAYS//lasso_traces_RDRUJL.bpl/lasso_trace_1.txt,TERMINATING,7.23,33745.80,59.00,TERMINATING,1,1,2,2 template / Affine template
ATVA2026_benchmark/TERM_LASSO/SI_ARRAYS//lasso_traces_RDTUJD.bpl/lasso_trace_2.txt,TERMINATING,1.79,68.14,14.00,TERMINATING,2,1,3,Affine template / Affine template
ATVA2026_benchmark/TERM_LASSO/SI_ARRAYS//lasso_traces_RDUJD.bpl/lasso_trace_1.txt,TERMINATING,1.79,69.36,17.00,TERMINATING,1,1,2,Affine template / Affine template
ATVA2026_benchmark/TERM_LASSO/SI_ARRAYS//lasso_traces_RDUJDD.bpl/lasso_trace_1.txt,TERMINATING,2.63,136.44,20.00,TERMINATING,1,1,2,Affine template / Affine template
ATVA2026_benchmark/TERM_LASSO/SI_ARRAYS//lasso_traces_RDUJDJ.bpl/lasso_trace_1.txt,TERMINATING,1.95,99.85,19.00,TERMINATING,1,2,3,Affine template / Affine template
ATVA2026_benchmark/TERM_LASSO/SI_ARRAYS//lasso_traces_RDUJDT.bpl/lasso_trace_1.txt,TERMINATING,1.73,63.97,14.00,TERMINATING,1,1,2,Affine template / Affine template
ATVA2026_benchmark/TERM_LASSO/SI_ARRAYS//lasso_traces_RDUJJD.bpl/lasso_trace_2.txt,TERMINATING,1.70,61.96,13.00,TERMINATING,1,3,4,Affine template / Affine template
ATVA2026_benchmark/TERM_LASSO/SI_ARRAYS//lasso_traces_RDUJJL.bpl/lasso_trace_3.txt,TERMINATING,0.39,12059.58,46.00,TERMINATING,2,1,3,2 template / Affine template
ATVA2026_benchmark/TERM_LASSO/SI_ARRAYS//lasso_traces_RDUJL.bpl/lasso_trace_1.txt,TERMINATING,1.72,15477.56,42.00,TERMINATING,1,1,2,2 template / Affine template
ATVA2026_benchmark/TERM_LASSO/SI_ARRAYS//lasso_traces_RDUJLT.bpl/lasso_trace_1.txt,TERMINATING,2.38,15568.88,41.00,TERMINATING,1,1,2,2 template / Affine template
ATVA2026_benchmark/TERM_LASSO/SI_ARRAYS//lasso_traces_RDUJUL.bpl/lasso_trace_1.txt,TERMINATING,1.78,2761.91,338.00,UNKNOWN,1,1,2,Affine template
ATVA2026_benchmark/TERM_LASSO/SI_ARRAYS//lasso_traces_RDUUJD.bpl/lasso_trace_1.txt,TERMINATING,1.89,96.02,17.00,TERMINATING,1,1,2,Affine template / Affine template
ATVA2026_benchmark/TERM_LASSO/SI_ARRAYS//lasso_traces_RDUUJL.bpl/lasso_trace_1.txt,TERMINATING,2.07,14492.35,47.00,TERMINATING,1,1,2,2 template / Affine template
ATVA2026_benchmark/TERM_LASSO/SI_ARRAYS//lasso_traces_reverse_array_alloca_unsafe.i_6.bpl/lasso_trace_1.txt,TERMINATING,2.16,169.90,45.00,TERMINATING,1,2,3,Affine template / Affine template
ATVA2026_benchmark/TERM_LASSO/SI_ARRAYS//lasso_traces_RJTUJD.bpl/lasso_trace_2.txt,TERMINATING,1.56,69.51,14.00,TERMINATING,2,1,3,Affine template / Affine template
ATVA2026_benchmark/TERM_LASSO/SI_ARRAYS//lasso_traces_RJTUJL.bpl/lasso_trace_2.txt,TERMINATING,1.73,17491.01,45.00,TERMINATING,2,1,3,2 template / Affine template
ATVA2026_benchmark/TERM_LASSO/SI_ARRAYS//lasso_traces_RLDUJD.bpl/lasso_trace_1.txt,TERMINATING,1.63,95.91,14.00,TERMINATING,1,1,2,Affine template / Affine template
ATVA2026_benchmark/TERM_LASSO/SI_ARRAYS//lasso_traces_RLLUJD.bpl/lasso_trace_1.txt,TERMINATING,1.81,91.11,14.00,TERMINATING,1,1,2,Affine template / Affine template
ATVA2026_benchmark/TERM_LASSO/SI_ARRAYS//lasso_traces_RLRUJD.bpl/lasso_trace_1.txt,TERMINATING,1.79,84.47,15.00,TERMINATING,1,1,2,Affine template / Affine template
ATVA2026_benchmark/TERM_LASSO/SI_ARRAYS//lasso_traces_RLRUJL.bpl/lasso_trace_1.txt,TERMINATING,2.03,16016.41,48.00,TERMINATING,1,1,2,2 template / Affine template
ATVA2026_benchmark/TERM_LASSO/SI_ARRAYS//lasso_traces_RLTUJD.bpl/lasso_trace_2.txt,TERMINATING,1.53,89.41,12.00,TERMINATING,2,1,3,Affine template / Affine template
ATVA2026_benchmark/TERM_LASSO/SI_ARRAYS//lasso_traces_RLUJD.bpl/lasso_trace_1.txt,TERMINATING,1.90,89.80,14.00,TERMINATING,1,1,2,Affine template / Affine template
ATVA2026_benchmark/TERM_LASSO/SI_ARRAYS//lasso_traces_RLUJDD.bpl/lasso_trace_1.txt,TERMINATING,1.81,123.30,19.00,TERMINATING,1,1,2,Affine template / Affine template
ATVA2026_benchmark/TERM_LASSO/SI_ARRAYS//lasso_traces_RLUJDJ.bpl/lasso_trace_1.txt,TERMINATING,1.78,89.36,16.00,TERMINATING,1,2,3,Affine template / Affine template
ATVA2026_benchmark/TERM_LASSO/SI_ARRAYS//lasso_traces_RLUJDL.bpl/lasso_trace_1.txt,TERMINATING,1.69,78.82,14.00,TERMINATING,1,1,2,Affine template / Affine template
ATVA2026_benchmark/TERM_LASSO/SI_ARRAYS//lasso_traces_RLUJDT.bpl/lasso_trace_1.txt,TERMINATING,1.81,93.74,13.00,TERMINATING,1,1,2,Affine template / Affine template
ATVA2026_benchmark/TERM_LASSO/SI_ARRAYS//lasso_traces_RLUJJD.bpl/lasso_trace_2.txt,TERMINATING,1.58,85.67,13.00,TERMINATING,1,3,4,Affine template / Affine template
ATVA2026_benchmark/TERM_LASSO/SI_ARRAYS//lasso_traces_RLUJLD.bpl/lasso_trace_1.txt,TERMINATING,1.73,86.05,14.00,TERMINATING,1,1,2,Affine template / Affine template
ATVA2026_benchmark/TERM_LASSO/SI_ARRAYS//lasso_traces_RLULJD.bpl/lasso_trace_1.txt,TERMINATING,2.08,80.81,13.00,TERMINATING,1,1,2,Affine template / Affine template
ATVA2026_benchmark/TERM_LASSO/SI_ARRAYS//lasso_traces_RLUUJD.bpl/lasso_trace_1.txt,TERMINATING,1.77,84.30,14.00,TERMINATING,1,1,2,Affine template / Affine template
ATVA2026_benchmark/TERM_LASSO/SI_ARRAYS//lasso_traces_RRDUJD.bpl/lasso_trace_1.txt,TERMINATING,1.74,85.59,16.00,TERMINATING,1,1,2,Affine template / Affine template
ATVA2026_benchmark/TERM_LASSO/SI_ARRAYS//lasso_traces_RRDUJL.bpl/lasso_trace_1.txt,TERMINATING,1.71,42040.74,66.00,TERMINATING,1,1,2,2 template / Affine template
ATVA2026_benchmark/TERM_LASSO/SI_ARRAYS//lasso_traces_RRLUJD.bpl/lasso_trace_1.txt,TERMINATING,1.85,131.26,16.00,TERMINATING,1,1,2,Affine template / Affine template
ATVA2026_benchmark/TERM_LASSO/SI_ARRAYS//lasso_traces_RRLUJL.bpl/lasso_trace_1.txt,TERMINATING,1.55,33077.96,60.00,TERMINATING,1,1,2,2 template / Affine template
ATVA2026_benchmark/TERM_LASSO/SI_ARRAYS//lasso_traces_RRRUJD.bpl/lasso_trace_1.txt,TERMINATING,1.74,84.97,19.00,TERMINATING,1,1,2,Affine template / Affine template
ATVA2026_benchmark/TERM_LASSO/SI_ARRAYS//lasso_traces_RRTUJD.bpl/lasso_trace_2.txt,TERMINATING,1.98,73.59,12.00,TERMINATING,2,1,3,Affine template / Affine template
ATVA2026_benchmark/TERM_LASSO/SI_ARRAYS//lasso_traces_RRUJD.bpl/lasso_trace_1.txt,TERMINATING,1.59,97.28,16.00,TERMINATING,1,1,2,Affine template / Affine template
ATVA2026_benchmark/TERM_LASSO/SI_ARRAYS//lasso_traces_RRUJDD.bpl/lasso_trace_1.txt,TERMINATING,6.54,148.80,23.00,TERMINATING,1,1,2,Affine template / Affine template
ATVA2026_benchmark/TERM_LASSO/SI_ARRAYS//lasso_traces_RRUJDJ.bpl/lasso_trace_1.txt,TERMINATING,2.88,98.00,17.00,TERMINATING,1,2,3,Affine template / Affine template
ATVA2026_benchmark/TERM_LASSO/SI_ARRAYS//lasso_traces_RRUJDT.bpl/lasso_trace_1.txt,TERMINATING,1.79,90.55,17.00,TERMINATING,1,1,2,Affine template / Affine template
ATVA2026_benchmark/TERM_LASSO/SI_ARRAYS//lasso_traces_RRUJJD.bpl/lasso_trace_2.txt,TERMINATING,1.55,122.40,18.00,TERMINATING,1,3,4,Affine template / Affine template
ATVA2026_benchmark/TERM_LASSO/SI_ARRAYS//lasso_traces_RRUUJD.bpl/lasso_trace_1.txt,TERMINATING,2.10,96.39,16.00,TERMINATING,1,1,2,Affine template / Affine template
ATVA2026_benchmark/TERM_LASSO/SI_ARRAYS//lasso_traces_RRUUJL.bpl/lasso_trace_1.txt,TERMINATING,1.96,70689.69,68.00,TERMINATING,1,1,2,2 template / Affine template
ATVA2026_benchmark/TERM_LASSO/SI_ARRAYS//lasso_traces_RTDUJD.bpl/lasso_trace_2.txt,TERMINATING,1.92,75.78,12.00,TERMINATING,2,1,3,Affine template / Affine template
ATVA2026_benchmark/TERM_LASSO/SI_ARRAYS//lasso_traces_RTLUJD.bpl/lasso_trace_2.txt,TERMINATING,1.83,77.16,12.00,TERMINATING,2,1,3,Affine template / Affine template
ATVA2026_benchmark/TERM_LASSO/SI_ARRAYS//lasso_traces_RTRUJD.bpl/lasso_trace_2.txt,TERMINATING,1.53,92.73,14.00,TERMINATING,2,1,3,Affine template / Affine template
ATVA2026_benchmark/TERM_LASSO/SI_ARRAYS//lasso_traces_RTRUJL.bpl/lasso_trace_2.txt,TERMINATING,1.60,16224.07,40.00,TERMINATING,2,1,3,2 template / Affine template
ATVA2026_benchmark/TERM_LASSO/SI_ARRAYS//lasso_traces_RTTUJD.bpl/lasso_trace_3.txt,TERMINATING,1.76,77.85,12.00,TERMINATING,2,1,3,Affine template / Affine template
ATVA2026_benchmark/TERM_LASSO/SI_ARRAYS//lasso_traces_RTUJD.bpl/lasso_trace_2.txt,TERMINATING,1.78,70.67,14.00,TERMINATING,2,1,3,Affine template / Affine template
ATVA2026_benchmark/TERM_LASSO/SI_ARRAYS//lasso_traces_RTUJDD.bpl/lasso_trace_2.txt,TERMINATING,2.50,114.15,16.00,TERMINATING,2,1,3,Affine template / Affine template
ATVA2026_benchmark/TERM_LASSO/SI_ARRAYS//lasso_traces_RTUJDJ.bpl/lasso_trace_2.txt,TERMINATING,1.97,92.65,12.00,TERMINATING,2,2,4,Affine template / Affine template
ATVA2026_benchmark/TERM_LASSO/SI_ARRAYS//lasso_traces_RTUJDL.bpl/lasso_trace_2.txt,TERMINATING,1.83,75.64,14.00,TERMINATING,2,1,3,Affine template / Affine template
ATVA2026_benchmark/TERM_LASSO/SI_ARRAYS//lasso_traces_RTUJDT.bpl/lasso_trace_2.txt,TERMINATING,1.81,82.41,13.00,TERMINATING,2,1,3,Affine template / Affine template
ATVA2026_benchmark/TERM_LASSO/SI_ARRAYS//lasso_traces_RTUJJD.bpl/lasso_trace_3.txt,TERMINATING,2.14,76.77,12.00,TERMINATING,2,3,5,Affine template / Affine template
ATVA2026_benchmark/TERM_LASSO/SI_ARRAYS//lasso_traces_RTUJLD.bpl/lasso_trace_2.txt,TERMINATING,1.92,63.53,13.00,TERMINATING,2,1,3,Affine template / Affine template
ATVA2026_benchmark/TERM_LASSO/SI_ARRAYS//lasso_traces_RTULJD.bpl/lasso_trace_2.txt,TERMINATING,1.77,81.59,14.00,TERMINATING,2,1,3,Affine template / Affine template
ATVA2026_benchmark/TERM_LASSO/SI_ARRAYS//lasso_traces_RTUUJD.bpl/lasso_trace_2.txt,TERMINATING,2.82,76.72,12.00,TERMINATING,2,1,3,Affine template / Affine template
ATVA2026_benchmark/TERM_LASSO/SI_ARRAYS//lasso_traces_RUDUJD.bpl/lasso_trace_1.txt,TERMINATING,1.82,92.64,14.00,TERMINATING,1,1,2,Affine template / Affine template
ATVA2026_benchmark/TERM_LASSO/SI_ARRAYS//lasso_traces_RUDUJL.bpl/lasso_trace_1.txt,TERMINATING,1.79,14519.96,48.00,TERMINATING,1,1,2,2 template / Affine template
ATVA2026_benchmark/TERM_LASSO/SI_ARRAYS//lasso_traces_RUJD.bpl/lasso_trace_1.txt,TERMINATING,1.60,85.95,14.00,TERMINATING,1,1,2,Affine template / Affine template
ATVA2026_benchmark/TERM_LASSO/SI_ARRAYS//lasso_traces_RUJDD.bpl/lasso_trace_1.txt,TERMINATING,5.99,121.96,19.00,TERMINATING,1,1,2,Affine template / Affine template
ATVA2026_benchmark/TERM_LASSO/SI_ARRAYS//lasso_traces_RUJDDD.bpl/lasso_trace_1.txt,TERMINATING,2.12,118.26,26.00,TERMINATING,1,1,2,Affine template / Affine template
ATVA2026_benchmark/TERM_LASSO/SI_ARRAYS//lasso_traces_RUJDDJ.bpl/lasso_trace_1.txt,TERMINATING,1.79,97.82,18.00,TERMINATING,1,2,3,Affine template / Affine template
ATVA2026_benchmark/TERM_LASSO/SI_ARRAYS//lasso_traces_RUJDDT.bpl/lasso_trace_1.txt,TERMINATING,2.72,109.60,17.00,TERMINATING,1,1,2,Affine template / Affine template
ATVA2026_benchmark/TERM_LASSO/SI_ARRAYS//lasso_traces_RUJDJ.bpl/lasso_trace_1.txt,TERMINATING,1.90,78.63,16.00,TERMINATING,1,2,3,Affine template / Affine template
ATVA2026_benchmark/TERM_LASSO/SI_ARRAYS//lasso_traces_RUJDJD.bpl/lasso_trace_1.txt,TERMINATING,7.71,105.87,14.00,TERMINATING,1,2,3,Affine template / Affine template
ATVA2026_benchmark/TERM_LASSO/SI_ARRAYS//lasso_traces_RUJDJJ.bpl/lasso_trace_1.txt,TERMINATING,1.82,91.37,13.00,TERMINATING,1,2,3,Affine template / Affine template
ATVA2026_benchmark/TERM_LASSO/SI_ARRAYS//lasso_traces_RUJDJL.bpl/lasso_trace_1.txt,TERMINATING,1.73,93.52,13.00,TERMINATING,1,2,3,Affine template / Affine template
ATVA2026_benchmark/TERM_LASSO/SI_ARRAYS//lasso_traces_RUJDJR.bpl/lasso_trace_1.txt,TERMINATING,2.79,69.86,15.00,TERMINATING,1,2,3,Affine template / Affine template
ATVA2026_benchmark/TERM_LASSO/SI_ARRAYS//lasso_traces_RUJDJT.bpl/lasso_trace_1.txt,TERMINATING,2.07,84.08,14.00,TERMINATING,1,2,3,Affine template / Affine template
ATVA2026_benchmark/TERM_LASSO/SI_ARRAYS//lasso_traces_RUJDJU.bpl/lasso_trace_1.txt,TERMINATING,1.81,93.20,14.00,TERMINATING,1,2,3,Affine template / Affine template
ATVA2026_benchmark/TERM_LASSO/SI_ARRAYS//lasso_traces_RUJDLL.bpl/lasso_trace_1.txt,TERMINATING,2.15,5750.25,431.00,UNKNOWN,1,1,2,Affine template
ATVA2026_benchmark/TERM_LASSO/SI_ARRAYS//lasso_traces_RUJDLR.bpl/lasso_trace_1.txt,TERMINATING,6.74,211.65,29.00,TERMINATING,1,1,2,Affine template / Affine template
ATVA2026_benchmark/TERM_LASSO/SI_ARRAYS//lasso_traces_RUJDRL.bpl/lasso_trace_1.txt,TERMINATING,2.01,71.00,32.00,TERMINATING,1,1,2,Affine template / Affine template
ATVA2026_benchmark/TERM_LASSO/SI_ARRAYS//lasso_traces_RUJDT.bpl/lasso_trace_1.txt,TERMINATING,1.71,79.60,12.00,TERMINATING,1,1,2,Affine template / Affine template
ATVA2026_benchmark/TERM_LASSO/SI_ARRAYS//lasso_traces_RUJDTD.bpl/lasso_trace_1.txt,TERMINATING,1.97,95.39,14.00,TERMINATING,1,1,2,Affine template / Affine template
ATVA2026_benchmark/TERM_LASSO/SI_ARRAYS//lasso_traces_RUJDTJ.bpl/lasso_trace_1.txt,TERMINATING,2.04,74.46,14.00,TERMINATING,1,1,2,Affine template / Affine template
ATVA2026_benchmark/TERM_LASSO/SI_ARRAYS//lasso_traces_RUJDTL.bpl/lasso_trace_1.txt,TERMINATING,1.89,72.12,13.00,TERMINATING,1,1,2,Affine template / Affine template
ATVA2026_benchmark/TERM_LASSO/SI_ARRAYS//lasso_traces_RUJDTR.bpl/lasso_trace_1.txt,TERMINATING,1.82,71.04,15.00,TERMINATING,1,1,2,Affine template / Affine template
ATVA2026_benchmark/TERM_LASSO/SI_ARRAYS//lasso_traces_RUJDTU.bpl/lasso_trace_1.txt,TERMINATING,2.09,87.43,14.00,TERMINATING,1,1,2,Affine template / Affine template
ATVA2026_benchmark/TERM_LASSO/SI_ARRAYS//lasso_traces_RUJDUD.bpl/lasso_trace_1.txt,TERMINATING,1.87,84.82,14.00,TERMINATING,1,1,2,Affine template / Affine template
ATVA2026_benchmark/TERM_LASSO/SI_ARRAYS//lasso_traces_RUJJD.bpl/lasso_trace_2.txt,TERMINATING,1.51,65.46,14.00,TERMINATING,1,3,4,Affine template / Affine template
ATVA2026_benchmark/TERM_LASSO/SI_ARRAYS//lasso_traces_RUJJDD.bpl/lasso_trace_2.txt,TERMINATING,1.64,84.96,19.00,TERMINATING,1,3,4,Affine template / Affine template
ATVA2026_benchmark/TERM_LASSO/SI_ARRAYS//lasso_traces_RUJJDJ.bpl/lasso_trace_2.txt,TERMINATING,2.17,92.68,13.00,TERMINATING,1,4,5,Affine template / Affine template
ATVA2026_benchmark/TERM_LASSO/SI_ARRAYS//lasso_traces_RUJJDT.bpl/lasso_trace_2.txt,TERMINATING,2.15,69.48,14.00,TERMINATING,1,3,4,Affine template / Affine template
ATVA2026_benchmark/TERM_LASSO/SI_ARRAYS//lasso_traces_RUJJJD.bpl/lasso_trace_2.txt,TERMINATING,1.92,90.22,14.00,TERMINATING,1,5,6,Affine template / Affine template
ATVA2026_benchmark/TERM_LASSO/SI_ARRAYS//lasso_traces_RUJJJL.bpl/lasso_trace_3.txt,TERMINATING,0.38,24435.99,38.00,TERMINATING,3,1,4,2 template / Affine template
ATVA2026_benchmark/TERM_LASSO/SI_ARRAYS//lasso_traces_RUJJL.bpl/lasso_trace_3.txt,TERMINATING,0.40,17344.48,42.00,TERMINATING,2,1,3,2 template / Affine template
ATVA2026_benchmark/TERM_LASSO/SI_ARRAYS//lasso_traces_RUJJLD.bpl/lasso_trace_2.txt,TERMINATING,1.63,3249.18,497.00,UNKNOWN,1,3,4,Affine template
ATVA2026_benchmark/TERM_LASSO/SI_ARRAYS//lasso_traces_RUJJLL.bpl/lasso_trace_3.txt,TERMINATING,0.37,24700.25,53.00,TERMINATING,2,1,3,2 template / Affine template
ATVA2026_benchmark/TERM_LASSO/SI_ARRAYS//lasso_traces_RUJJLT.bpl/lasso_trace_3.txt,TERMINATING,0.39,17230.87,42.00,TERMINATING,2,1,3,2 template / Affine template
ATVA2026_benchmark/TERM_LASSO/SI_ARRAYS//lasso_traces_RUJJUL.bpl/lasso_trace_2.txt,TERMINATING,1.63,1861.26,44.00,TERMINATING,1,3,4,Affine template / Affine template
ATVA2026_benchmark/TERM_LASSO/SI_ARRAYS//lasso_traces_RUJJUL.bpl/lasso_trace_3.txt,TERMINATING,0.34,2610.07,297.00,UNKNOWN,2,1,3,Affine template
ATVA2026_benchmark/TERM_LASSO/SI_ARRAYS//lasso_traces_RUJL.bpl/lasso_trace_1.txt,TERMINATING,2.29,17779.51,41.00,TERMINATING,1,1,2,2 template / Affine template
ATVA2026_benchmark/TERM_LASSO/SI_ARRAYS//lasso_traces_RUJLDJ.bpl/lasso_trace_1.txt,TERMINATING,1.62,3107.99,80.00,TERMINATING,1,2,3,Affine template / Affine template
ATVA2026_benchmark/TERM_LASSO/SI_ARRAYS//lasso_traces_RUJLL.bpl/lasso_trace_1.txt,TERMINATING,2.01,30178.40,52.00,TERMINATING,1,1,2,2 template / Affine template
ATVA2026_benchmark/TERM_LASSO/SI_ARRAYS//lasso_traces_RUJLLT.bpl/lasso_trace_1.txt,TERMINATING,1.85,30276.73,57.00,TERMINATING,1,1,2,2 template / Affine template
ATVA2026_benchmark/TERM_LASSO/SI_ARRAYS//lasso_traces_RUJLRD.bpl/lasso_trace_1.txt,TERMINATING,1.90,210.94,34.00,TERMINATING,1,1,2,Affine template / Affine template
ATVA2026_benchmark/TERM_LASSO/SI_ARRAYS//lasso_traces_RUJLT.bpl/lasso_trace_1.txt,TERMINATING,1.91,17740.75,47.00,TERMINATING,1,1,2,2 template / Affine template
ATVA2026_benchmark/TERM_LASSO/SI_ARRAYS//lasso_traces_RUJLTD.bpl/lasso_trace_1.txt,TERMINATING,1.90,16240.67,44.00,TERMINATING,1,1,2,2 template / Affine template
ATVA2026_benchmark/TERM_LASSO/SI_ARRAYS//lasso_traces_RUJLTJ.bpl/lasso_trace_1.txt,TERMINATING,1.73,18459.83,48.00,TERMINATING,1,1,2,2 template / Affine template
ATVA2026_benchmark/TERM_LASSO/SI_ARRAYS//lasso_traces_RUJLTL.bpl/lasso_trace_1.txt,TERMINATING,1.76,15201.72,51.00,TERMINATING,1,1,2,2 template / Affine template
ATVA2026_benchmark/TERM_LASSO/SI_ARRAYS//lasso_traces_RUJLTR.bpl/lasso_trace_1.txt,TERMINATING,1.95,12231.44,44.00,TERMINATING,1,1,2,2 template / Affine template
ATVA2026_benchmark/TERM_LASSO/SI_ARRAYS//lasso_traces_RUJLTU.bpl/lasso_trace_1.txt,TERMINATING,1.82,15443.78,42.00,TERMINATING,1,1,2,2 template / Affine template
ATVA2026_benchmark/TERM_LASSO/SI_ARRAYS//lasso_traces_RUJRLD.bpl/lasso_trace_1.txt,TERMINATING,7.13,96.45,35.00,TERMINATING,1,1,2,Affine template / Affine template
ATVA2026_benchmark/TERM_LASSO/SI_ARRAYS//lasso_traces_RUJUDD.bpl/lasso_trace_1.txt,TERMINATING,1.78,93.04,14.00,TERMINATING,1,1,2,Affine template / Affine template
ATVA2026_benchmark/TERM_LASSO/SI_ARRAYS//lasso_traces_RUJUL.bpl/lasso_trace_1.txt,TERMINATING,1.75,2840.01,281.00,UNKNOWN,1,1,2,Affine template
ATVA2026_benchmark/TERM_LASSO/SI_ARRAYS//lasso_traces_RUJULJ.bpl/lasso_trace_1.txt,TERMINATING,1.86,1793.29,270.00,UNKNOWN,1,2,3,Affine template
ATVA2026_benchmark/TERM_LASSO/SI_ARRAYS//lasso_traces_RUJULL.bpl/lasso_trace_1.txt,TERMINATING,2.24,5694.81,403.00,UNKNOWN,1,1,2,Affine template
ATVA2026_benchmark/TERM_LASSO/SI_ARRAYS//lasso_traces_RUJULT.bpl/lasso_trace_1.txt,TERMINATING,2.84,2843.62,267.00,UNKNOWN,1,1,2,Affine template
ATVA2026_benchmark/TERM_LASSO/SI_ARRAYS//lasso_traces_RULRJD.bpl/lasso_trace_1.txt,TERMINATING,1.81,73.46,14.00,TERMINATING,1,1,2,Affine template / Affine template
ATVA2026_benchmark/TERM_LASSO/SI_ARRAYS//lasso_traces_RULRJL.bpl/lasso_trace_1.txt,TERMINATING,1.70,18110.31,49.00,TERMINATING,1,1,2,2 template / Affine template
ATVA2026_benchmark/TERM_LASSO/SI_ARRAYS//lasso_traces_RULUJD.bpl/lasso_trace_1.txt,TERMINATING,1.75,101.42,14.00,TERMINATING,1,1,2,Affine template / Affine template
ATVA2026_benchmark/TERM_LASSO/SI_ARRAYS//lasso_traces_RURLJD.bpl/lasso_trace_1.txt,TERMINATING,1.87,92.51,16.00,TERMINATING,1,1,2,Affine template / Affine template
ATVA2026_benchmark/TERM_LASSO/SI_ARRAYS//lasso_traces_RURLJL.bpl/lasso_trace_1.txt,TERMINATING,2.03,37917.77,69.00,TERMINATING,1,1,2,2 template / Affine template
ATVA2026_benchmark/TERM_LASSO/SI_ARRAYS//lasso_traces_RURUJD.bpl/lasso_trace_1.txt,TERMINATING,1.52,82.15,17.00,TERMINATING,1,1,2,Affine template / Affine template
ATVA2026_benchmark/TERM_LASSO/SI_ARRAYS//lasso_traces_RURUJL.bpl/lasso_trace_1.txt,TERMINATING,1.67,56156.89,75.00,TERMINATING,1,1,2,2 template / Affine template
ATVA2026_benchmark/TERM_LASSO/SI_ARRAYS//lasso_traces_RUTUJD.bpl/lasso_trace_2.txt,TERMINATING,1.96,70.29,12.00,TERMINATING,2,1,3,Affine template / Affine template
ATVA2026_benchmark/TERM_LASSO/SI_ARRAYS//lasso_traces_RUUDJD.bpl/lasso_trace_1.txt,TERMINATING,1.74,83.14,14.00,TERMINATING,1,1,2,Affine template / Affine template
ATVA2026_benchmark/TERM_LASSO/SI_ARRAYS//lasso_traces_RUUDJL.bpl/lasso_trace_1.txt,TERMINATING,1.72,15782.15,54.00,TERMINATING,1,1,2,2 template / Affine template
ATVA2026_benchmark/TERM_LASSO/SI_ARRAYS//lasso_traces_RUUJD.bpl/lasso_trace_1.txt,TERMINATING,2.00,111.59,23.00,TERMINATING,1,1,2,Affine template / Affine template
ATVA2026_benchmark/TERM_LASSO/SI_ARRAYS//lasso_traces_RUUJDD.bpl/lasso_trace_1.txt,TERMINATING,1.71,115.71,22.00,TERMINATING,1,1,2,Affine template / Affine template
ATVA2026_benchmark/TERM_LASSO/SI_ARRAYS//lasso_traces_RUUJDT.bpl/lasso_trace_1.txt,TERMINATING,1.75,106.63,15.00,TERMINATING,1,1,2,Affine template / Affine template
ATVA2026_benchmark/TERM_LASSO/SI_ARRAYS//lasso_traces_RUUJJD.bpl/lasso_trace_4.txt,TERMINATING,1.70,89.52,14.00,TERMINATING,2,1,3,Affine template / Affine template
ATVA2026_benchmark/TERM_LASSO/SI_ARRAYS//lasso_traces_RUUJJL.bpl/lasso_trace_3.txt,TERMINATING,0.39,18648.33,45.00,TERMINATING,2,1,3,2 template / Affine template
ATVA2026_benchmark/TERM_LASSO/SI_ARRAYS//lasso_traces_RUUJL.bpl/lasso_trace_1.txt,TERMINATING,2.01,14274.28,50.00,TERMINATING,1,1,2,2 template / Affine template
ATVA2026_benchmark/TERM_LASSO/SI_ARRAYS//lasso_traces_RUUJLL.bpl/lasso_trace_1.txt,TERMINATING,2.23,28912.20,59.00,TERMINATING,1,1,2,2 template / Affine template
ATVA2026_benchmark/TERM_LASSO/SI_ARRAYS//lasso_traces_RUUJLT.bpl/lasso_trace_1.txt,TERMINATING,1.83,14341.27,46.00,TERMINATING,1,1,2,2 template / Affine template
ATVA2026_benchmark/TERM_LASSO/SI_ARRAYS//lasso_traces_RUUJUL.bpl/lasso_trace_1.txt,TERMINATING,1.82,2709.58,306.00,UNKNOWN,1,1,2,Affine template
ATVA2026_benchmark/TERM_LASSO/SI_ARRAYS//lasso_traces_RUUUJD.bpl/lasso_trace_1.txt,TERMINATING,1.63,85.02,14.00,TERMINATING,1,1,2,Affine template / Affine template
ATVA2026_benchmark/TERM_LASSO/SI_ARRAYS//lasso_traces_RUUUJL.bpl/lasso_trace_1.txt,TERMINATING,1.84,13861.92,50.00,TERMINATING,1,1,2,2 template / Affine template
ATVA2026_benchmark/TERM_LASSO/SI_ARRAYS//lasso_traces_sanfoundry_24.i_4.bpl/lasso_trace_1.txt,TERMINATING,2.30,146.07,14.00,TERMINATING,1,2,3,Affine template / Affine template
ATVA2026_benchmark/TERM_LASSO/SI_ARRAYS//lasso_traces_selectionsort-alloca.i_13.bpl/lasso_trace_1.txt,TERMINATING,2.04,309.83,64.00,TERMINATING,1,1,2,Affine template / Affine template
ATVA2026_benchmark/TERM_LASSO/SI_ARRAYS//lasso_traces_selectionsort-alloca.i_14.bpl/lasso_trace_1.txt,TERMINATING,2.55,1828.87,120.00,TERMINATING,1,2,3,Affine template / Affine template
ATVA2026_benchmark/TERM_LASSO/SI_ARRAYS//lasso_traces_selectionsort-alloca.i_15.bpl/lasso_trace_1.txt,TERMINATING,2.58,1858.75,123.00,TERMINATING,1,2,3,Affine template / Affine template
ATVA2026_benchmark/TERM_LASSO/SI_ARRAYS//lasso_traces_selectionsort-alloca.i_16.bpl/lasso_trace_2.txt,TERMINATING,1.91,121.95,20.00,TERMINATING,1,4,5,Affine template / Affine template
ATVA2026_benchmark/TERM_LASSO/SI_ARRAYS//lasso_traces_selectionsort-alloca.i_16.bpl/lasso_trace_3.txt,TERMINATING,0.74,387.05,74.00,TERMINATING,2,2,4,Affine template / Affine template
ATVA2026_benchmark/TERM_LASSO/SI_ARRAYS//lasso_traces_selectionsort-alloca.i_16.bpl/lasso_trace_5.txt,TERMINATING,0.55,985.38,110.00,TERMINATING,8,2,10,Affine template / Affine template
ATVA2026_benchmark/TERM_LASSO/SI_ARRAYS//lasso_traces_selectionsort-alloca.i_7.bpl/lasso_trace_1.txt,TERMINATING,2.05,531.73,73.00,TERMINATING,1,2,3,Affine template / Affine template
ATVA2026_benchmark/TERM_LASSO/SI_ARRAYS//lasso_traces_selectionsort-alloca.i_8.bpl/lasso_trace_1.txt,TERMINATING,2.13,314.81,59.00,TERMINATING,1,2,3,Affine template / Affine template
ATVA2026_benchmark/TERM_LASSO/SI_ARRAYS//lasso_traces_selectionsort-alloca.i_9.bpl/lasso_trace_1.txt,TERMINATING,3.37,359.24,63.00,TERMINATING,1,1,2,Affine template / Affine template
ATVA2026_benchmark/TERM_LASSO/SI_ARRAYS//lasso_traces_SelectionSort.bpl/lasso_trace_5.txt,TERMINATING,0.55,1088.10,101.00,TERMINATING,6,1,7,Affine template / Affine template
ATVA2026_benchmark/TERM_LASSO/SI_ARRAYS//lasso_traces_standard_strcpy_ground.i_10.bpl/lasso_trace_1.txt,TERMINATING,2.18,225.20,51.00,TERMINATING,1,2,3,Affine template / Affine template
ATVA2026_benchmark/TERM_LASSO/SI_ARRAYS//lasso_traces_standard_strcpy_ground.i_11.bpl/lasso_trace_1.txt,TERMINATING,2.46,222.36,40.00,TERMINATING,1,2,3,Affine template / Affine template
ATVA2026_benchmark/TERM_LASSO/SI_ARRAYS//lasso_traces_standard_strcpy_ground.i_8.bpl/lasso_trace_1.txt,TERMINATING,2.46,172.47,51.00,TERMINATING,1,2,3,Affine template / Affine template
ATVA2026_benchmark/TERM_LASSO/SI_ARRAYS//lasso_traces_standard_strcpy_original.i_7.bpl/lasso_trace_1.txt,TERMINATING,3.14,178.96,44.00,TERMINATING,1,2,3,Affine template / Affine template
ATVA2026_benchmark/TERM_LASSO/SI_ARRAYS//lasso_traces_standard_strcpy_original.i_9.bpl/lasso_trace_1.txt,TERMINATING,2.50,225.50,51.00,TERMINATING,1,2,3,Affine template / Affine template
ATVA2026_benchmark/TERM_LASSO/SI_ARRAYS//lasso_traces_string.i_3.bpl/lasso_trace_7.txt,TERMINATING,0.75,211.28,62.00,UNKNOWN,7,1,8,Affine template
ATVA2026_benchmark/TERM_LASSO/SI_ARRAYS//lasso_traces_stroeder1-alloca.i_4.bpl/lasso_trace_1.txt,TERMINATING,2.28,177.75,16.00,TERMINATING,1,2,3,Affine template / Affine template
ATVA2026_benchmark/TERM_LASSO/SI_ARRAYS//lasso_traces_stroeder2-alloca.i_4.bpl/lasso_trace_1.txt,TERMINATING,3.25,170.84,21.00,TERMINATING,1,2,3,Affine template / Affine template
ATVA2026_benchmark/TERM_LASSO/SI_ARRAYS//lasso_traces_stroeder2-alloca.i_8.bpl/lasso_trace_1.txt,TERMINATING,2.32,174.46,20.00,TERMINATING,1,2,3,Affine template / Affine template
ATVA2026_benchmark/TERM_LASSO/SI_ARRAYS//lasso_traces_strreplace-alloca.i_8.bpl/lasso_trace_1.txt,TERMINATING,2.06,9813.51,342.00,TERMINATING,1,2,3,Affine template / Affine template
ATVA2026_benchmark/TERM_LASSO/SI_ARRAYS//lasso_traces_strreplace-alloca.i_9.bpl/lasso_trace_1.txt,TERMINATING,2.07,12429.59,297.00,TERMINATING,1,2,3,Affine template / Affine template
ATVA2026_benchmark/TERM_LASSO/SI_ARRAYS//lasso_traces_SyntaxSupportArrays05-VariableIndices.bpl/lasso_trace_1.txt,TERMINATING,2.00,46.05,6.00,TERMINATING,1,1,2,Affine template / Affine template
ATVA2026_benchmark/TERM_LASSO/SI_ARRAYS//lasso_traces_SyntaxSupportArrays15-DisjointIndices.bpl/lasso_trace_1.txt,TERMINATING,1.97,96.39,19.00,TERMINATING,1,1,2,Affine template / Affine template
ATVA2026_benchmark/TERM_LASSO/SI_ARRAYS//lasso_traces_SyntaxSupportArrays19-IndexIsCell.bpl/lasso_trace_1.txt,TERMINATING,1.96,63.65,6.00,TERMINATING,1,1,2,Affine template / Affine template
ATVA2026_benchmark/TERM_LASSO/SI_ARRAYS//lasso_traces_SyntaxSupportArrays25-AuxiliaryIndicesNeeded.bpl/lasso_trace_1.txt,TERMINATING,0.74,34.42,9.00,TERMINATING,2,1,3,Affine template / Affine template
ATVA2026_benchmark/TERM_LASSO/SI_ARRAYS//lasso_traces_SyntaxSupportArrays26-UselessIndices.bpl/lasso_trace_1.txt,TERMINATING,2.64,64.74,13.00,TERMINATING,0,1,1,Affine template / Affine template
ATVA2026_benchmark/TERM_LASSO/SI_ARRAYS//lasso_traces_SyntaxSupportArrays28-SeveralEquivalentIndices.bpl/lasso_trace_1.txt,TERMINATING,2.40,404.38,75.00,TERMINATING,1,1,2,Affine template / Affine template
ATVA2026_benchmark/TERM_LASSO/SI_ARRAYS//lasso_traces_TDDUJD.bpl/lasso_trace_2.txt,TERMINATING,1.87,80.75,12.00,TERMINATING,2,1,3,Affine template / Affine template
ATVA2026_benchmark/TERM_LASSO/SI_ARRAYS//lasso_traces_TDLUJD.bpl/lasso_trace_2.txt,TERMINATING,1.84,65.67,14.00,TERMINATING,2,1,3,Affine template / Affine template
ATVA2026_benchmark/TERM_LASSO/SI_ARRAYS//lasso_traces_TDRUJD.bpl/lasso_trace_2.txt,TERMINATING,1.76,89.84,14.00,TERMINATING,2,1,3,Affine template / Affine template
ATVA2026_benchmark/TERM_LASSO/SI_ARRAYS//lasso_traces_TDRUJL.bpl/lasso_trace_2.txt,TERMINATING,1.67,16567.55,42.00,TERMINATING,2,1,3,2 template / Affine template
ATVA2026_benchmark/TERM_LASSO/SI_ARRAYS//lasso_traces_TDTUJD.bpl/lasso_trace_2.txt,TERMINATING,2.10,75.04,11.00,TERMINATING,2,1,3,Affine template / Affine template
ATVA2026_benchmark/TERM_LASSO/SI_ARRAYS//lasso_traces_TDUJD.bpl/lasso_trace_2.txt,TERMINATING,1.80,72.76,11.00,TERMINATING,2,1,3,Affine template / Affine template
ATVA2026_benchmark/TERM_LASSO/SI_ARRAYS//lasso_traces_TDUJDD.bpl/lasso_trace_2.txt,TERMINATING,1.81,115.74,13.00,TERMINATING,2,1,3,Affine template / Affine template
ATVA2026_benchmark/TERM_LASSO/SI_ARRAYS//lasso_traces_TDUJDJ.bpl/lasso_trace_2.txt,TERMINATING,1.78,84.51,10.00,TERMINATING,2,2,4,Affine template / Affine template
ATVA2026_benchmark/TERM_LASSO/SI_ARRAYS//lasso_traces_TDUJDL.bpl/lasso_trace_2.txt,TERMINATING,1.85,78.49,12.00,TERMINATING,2,1,3,Affine template / Affine template
ATVA2026_benchmark/TERM_LASSO/SI_ARRAYS//lasso_traces_TDUJDT.bpl/lasso_trace_2.txt,TERMINATING,1.85,74.91,13.00,TERMINATING,2,1,3,Affine template / Affine template
ATVA2026_benchmark/TERM_LASSO/SI_ARRAYS//lasso_traces_TDUJJD.bpl/lasso_trace_3.txt,TERMINATING,2.36,81.56,11.00,TERMINATING,2,3,5,Affine template / Affine template
ATVA2026_benchmark/TERM_LASSO/SI_ARRAYS//lasso_traces_TDUJLD.bpl/lasso_trace_2.txt,TERMINATING,1.73,93.16,11.00,TERMINATING,2,1,3,Affine template / Affine template
ATVA2026_benchmark/TERM_LASSO/SI_ARRAYS//lasso_traces_TDULJD.bpl/lasso_trace_2.txt,TERMINATING,1.81,63.84,11.00,TERMINATING,2,1,3,Affine template / Affine template
ATVA2026_benchmark/TERM_LASSO/SI_ARRAYS//lasso_traces_TDUUJD.bpl/lasso_trace_2.txt,TERMINATING,1.84,77.71,11.00,TERMINATING,2,1,3,Affine template / Affine template
ATVA2026_benchmark/TERM_LASSO/SI_ARRAYS//lasso_traces_TJTUJD.bpl/lasso_trace_2.txt,TERMINATING,2.03,88.83,11.00,TERMINATING,3,1,4,Affine template / Affine template
ATVA2026_benchmark/TERM_LASSO/SI_ARRAYS//lasso_traces_TLDUJD.bpl/lasso_trace_2.txt,TERMINATING,2.49,63.68,11.00,TERMINATING,2,1,3,Affine template / Affine template
ATVA2026_benchmark/TERM_LASSO/SI_ARRAYS//lasso_traces_TLLUJD.bpl/lasso_trace_2.txt,TERMINATING,1.64,65.46,11.00,TERMINATING,2,1,3,Affine template / Affine template
ATVA2026_benchmark/TERM_LASSO/SI_ARRAYS//lasso_traces_TLRUJD.bpl/lasso_trace_2.txt,TERMINATING,2.31,70.77,14.00,TERMINATING,2,1,3,Affine template / Affine template
ATVA2026_benchmark/TERM_LASSO/SI_ARRAYS//lasso_traces_TLRUJL.bpl/lasso_trace_2.txt,TERMINATING,1.83,19731.06,44.00,TERMINATING,2,1,3,2 template / Affine template
ATVA2026_benchmark/TERM_LASSO/SI_ARRAYS//lasso_traces_TLTUJD.bpl/lasso_trace_2.txt,TERMINATING,2.03,65.60,11.00,TERMINATING,2,1,3,Affine template / Affine template
ATVA2026_benchmark/TERM_LASSO/SI_ARRAYS//lasso_traces_TLUJD.bpl/lasso_trace_2.txt,TERMINATING,1.84,73.59,12.00,TERMINATING,2,1,3,Affine template / Affine template
ATVA2026_benchmark/TERM_LASSO/SI_ARRAYS//lasso_traces_TLUJDD.bpl/lasso_trace_2.txt,TERMINATING,1.64,116.19,17.00,TERMINATING,2,1,3,Affine template / Affine template
ATVA2026_benchmark/TERM_LASSO/SI_ARRAYS//lasso_traces_TLUJDJ.bpl/lasso_trace_2.txt,TERMINATING,1.84,77.83,11.00,TERMINATING,2,2,4,Affine template / Affine template
ATVA2026_benchmark/TERM_LASSO/SI_ARRAYS//lasso_traces_TLUJDL.bpl/lasso_trace_2.txt,TERMINATING,1.95,78.37,12.00,TERMINATING,2,1,3,Affine template / Affine template
ATVA2026_benchmark/TERM_LASSO/SI_ARRAYS//lasso_traces_TLUJDT.bpl/lasso_trace_2.txt,TERMINATING,1.96,70.72,11.00,TERMINATING,2,1,3,Affine template / Affine template
ATVA2026_benchmark/TERM_LASSO/SI_ARRAYS//lasso_traces_TLUJJD.bpl/lasso_trace_3.txt,TERMINATING,1.84,64.11,10.00,TERMINATING,2,3,5,Affine template / Affine template
ATVA2026_benchmark/TERM_LASSO/SI_ARRAYS//lasso_traces_TLUJLD.bpl/lasso_trace_2.txt,TERMINATING,2.08,65.18,12.00,TERMINATING,2,1,3,Affine template / Affine template
ATVA2026_benchmark/TERM_LASSO/SI_ARRAYS//lasso_traces_TLULJD.bpl/lasso_trace_2.txt,TERMINATING,2.11,74.16,16.00,TERMINATING,2,1,3,Affine template / Affine template
ATVA2026_benchmark/TERM_LASSO/SI_ARRAYS//lasso_traces_TLUUJD.bpl/lasso_trace_2.txt,TERMINATING,1.76,68.60,11.00,TERMINATING,2,1,3,Affine template / Affine template
ATVA2026_benchmark/TERM_LASSO/SI_ARRAYS//lasso_traces_ToulouseBug.bpl/lasso_trace_2.txt,TERMINATING,2.59,344.42,442.00,TERMINATING,6,10,16,Affine template / Affine template
ATVA2026_benchmark/TERM_LASSO/SI_ARRAYS//lasso_traces_ToulouseBug.bpl/lasso_trace_3.txt,TERMINATING,1.15,256.75,427.00,TERMINATING,6,10,16,Affine template / Affine template
ATVA2026_benchmark/TERM_LASSO/SI_ARRAYS//lasso_traces_TRDUJD.bpl/lasso_trace_2.txt,TERMINATING,1.76,70.57,14.00,TERMINATING,2,1,3,Affine template / Affine template
ATVA2026_benchmark/TERM_LASSO/SI_ARRAYS//lasso_traces_TRDUJL.bpl/lasso_trace_2.txt,TERMINATING,1.64,17848.62,43.00,TERMINATING,2,1,3,2 template / Affine template
ATVA2026_benchmark/TERM_LASSO/SI_ARRAYS//lasso_traces_TRLUJD.bpl/lasso_trace_2.txt,TERMINATING,1.66,86.39,13.00,TERMINATING,2,1,3,Affine template / Affine template
ATVA2026_benchmark/TERM_LASSO/SI_ARRAYS//lasso_traces_TRRUJD.bpl/lasso_trace_2.txt,TERMINATING,1.57,114.39,17.00,TERMINATING,2,1,3,Affine template / Affine template
ATVA2026_benchmark/TERM_LASSO/SI_ARRAYS//lasso_traces_TRRUJL.bpl/lasso_trace_2.txt,TERMINATING,1.60,45113.87,58.00,TERMINATING,2,1,3,2 template / Affine template
ATVA2026_benchmark/TERM_LASSO/SI_ARRAYS//lasso_traces_TRTUJD.bpl/lasso_trace_2.txt,TERMINATING,1.82,90.09,15.00,TERMINATING,2,1,3,Affine template / Affine template
ATVA2026_benchmark/TERM_LASSO/SI_ARRAYS//lasso_traces_TRUJD.bpl/lasso_trace_2.txt,TERMINATING,1.63,66.18,14.00,TERMINATING,2,1,3,Affine template / Affine template
ATVA2026_benchmark/TERM_LASSO/SI_ARRAYS//lasso_traces_TRUJDD.bpl/lasso_trace_2.txt,TERMINATING,2.71,107.64,20.00,TERMINATING,2,1,3,Affine template / Affine template
ATVA2026_benchmark/TERM_LASSO/SI_ARRAYS//lasso_traces_TRUJDJ.bpl/lasso_trace_2.txt,TERMINATING,1.61,86.81,14.00,TERMINATING,2,2,4,Affine template / Affine template
ATVA2026_benchmark/TERM_LASSO/SI_ARRAYS//lasso_traces_TRUJDT.bpl/lasso_trace_2.txt,TERMINATING,1.65,68.91,14.00,TERMINATING,2,1,3,Affine template / Affine template
ATVA2026_benchmark/TERM_LASSO/SI_ARRAYS//lasso_traces_TRUJJD.bpl/lasso_trace_3.txt,TERMINATING,1.70,64.23,13.00,TERMINATING,2,3,5,Affine template / Affine template
ATVA2026_benchmark/TERM_LASSO/SI_ARRAYS//lasso_traces_TRUJJL.bpl/lasso_trace_4.txt,TERMINATING,0.38,13064.21,44.00,TERMINATING,3,1,4,2 template / Affine template
ATVA2026_benchmark/TERM_LASSO/SI_ARRAYS//lasso_traces_TRUJL.bpl/lasso_trace_2.txt,TERMINATING,1.66,16371.59,41.00,TERMINATING,2,1,3,2 template / Affine template
ATVA2026_benchmark/TERM_LASSO/SI_ARRAYS//lasso_traces_TRUJLL.bpl/lasso_trace_2.txt,TERMINATING,1.71,30779.66,54.00,TERMINATING,2,1,3,2 template / Affine template
ATVA2026_benchmark/TERM_LASSO/SI_ARRAYS//lasso_traces_TRUJLT.bpl/lasso_trace_2.txt,TERMINATING,1.91,16372.19,42.00,TERMINATING,2,1,3,2 template / Affine template
ATVA2026_benchmark/TERM_LASSO/SI_ARRAYS//lasso_traces_TRUJUL.bpl/lasso_trace_2.txt,TERMINATING,1.69,2768.89,315.00,UNKNOWN,2,1,3,Affine template
ATVA2026_benchmark/TERM_LASSO/SI_ARRAYS//lasso_traces_TRUUJD.bpl/lasso_trace_2.txt,TERMINATING,1.60,88.14,13.00,TERMINATING,2,1,3,Affine template / Affine template
ATVA2026_benchmark/TERM_LASSO/SI_ARRAYS//lasso_traces_TRUUJL.bpl/lasso_trace_2.txt,TERMINATING,1.62,15414.37,42.00,TERMINATING,2,1,3,2 template / Affine template
ATVA2026_benchmark/TERM_LASSO/SI_ARRAYS//lasso_traces_TTDUJD.bpl/lasso_trace_3.txt,TERMINATING,2.07,80.56,10.00,TERMINATING,2,1,3,Affine template / Affine template
ATVA2026_benchmark/TERM_LASSO/SI_ARRAYS//lasso_traces_TTLUJD.bpl/lasso_trace_3.txt,TERMINATING,1.82,65.84,11.00,TERMINATING,2,1,3,Affine template / Affine template
ATVA2026_benchmark/TERM_LASSO/SI_ARRAYS//lasso_traces_TTRUJD.bpl/lasso_trace_3.txt,TERMINATING,1.92,90.07,14.00,TERMINATING,2,1,3,Affine template / Affine template
ATVA2026_benchmark/TERM_LASSO/SI_ARRAYS//lasso_traces_TTRUJL.bpl/lasso_trace_3.txt,TERMINATING,1.73,16956.65,44.00,TERMINATING,2,1,3,2 template / Affine template
ATVA2026_benchmark/TERM_LASSO/SI_ARRAYS//lasso_traces_TTTUJD.bpl/lasso_trace_2.txt,TERMINATING,2.19,79.45,11.00,TERMINATING,2,1,3,Affine template / Affine template
ATVA2026_benchmark/TERM_LASSO/SI_ARRAYS//lasso_traces_TTUJD.bpl/lasso_trace_3.txt,TERMINATING,1.79,70.04,11.00,TERMINATING,2,1,3,Affine template / Affine template
ATVA2026_benchmark/TERM_LASSO/SI_ARRAYS//lasso_traces_TTUJDD.bpl/lasso_trace_3.txt,TERMINATING,1.75,120.78,15.00,TERMINATING,2,1,3,Affine template / Affine template
ATVA2026_benchmark/TERM_LASSO/SI_ARRAYS//lasso_traces_TTUJDJ.bpl/lasso_trace_3.txt,TERMINATING,1.87,79.92,16.00,TERMINATING,2,2,4,Affine template / Affine template
ATVA2026_benchmark/TERM_LASSO/SI_ARRAYS//lasso_traces_TTUJDL.bpl/lasso_trace_3.txt,TERMINATING,1.85,85.43,12.00,TERMINATING,2,1,3,Affine template / Affine template
ATVA2026_benchmark/TERM_LASSO/SI_ARRAYS//lasso_traces_TTUJDT.bpl/lasso_trace_3.txt,TERMINATING,1.80,72.41,11.00,TERMINATING,2,1,3,Affine template / Affine template
ATVA2026_benchmark/TERM_LASSO/SI_ARRAYS//lasso_traces_TTUJJD.bpl/lasso_trace_3.txt,TERMINATING,1.76,79.91,14.00,TERMINATING,2,3,5,Affine template / Affine template
ATVA2026_benchmark/TERM_LASSO/SI_ARRAYS//lasso_traces_TTUJLD.bpl/lasso_trace_3.txt,TERMINATING,1.99,66.66,12.00,TERMINATING,2,1,3,Affine template / Affine template
ATVA2026_benchmark/TERM_LASSO/SI_ARRAYS//lasso_traces_TTULJD.bpl/lasso_trace_2.txt,TERMINATING,2.10,64.27,11.00,TERMINATING,2,1,3,Affine template / Affine template
ATVA2026_benchmark/TERM_LASSO/SI_ARRAYS//lasso_traces_TTUUJD.bpl/lasso_trace_3.txt,TERMINATING,1.76,71.13,11.00,TERMINATING,2,1,3,Affine template / Affine template
ATVA2026_benchmark/TERM_LASSO/SI_ARRAYS//lasso_traces_TUDUJD.bpl/lasso_trace_2.txt,TERMINATING,1.83,77.64,11.00,TERMINATING,2,1,3,Affine template / Affine template
ATVA2026_benchmark/TERM_LASSO/SI_ARRAYS//lasso_traces_TUJD.bpl/lasso_trace_2.txt,TERMINATING,1.99,68.33,11.00,TERMINATING,2,1,3,Affine template / Affine template
ATVA2026_benchmark/TERM_LASSO/SI_ARRAYS//lasso_traces_TUJDD.bpl/lasso_trace_2.txt,TERMINATING,1.89,106.42,15.00,TERMINATING,2,1,3,Affine template / Affine template
ATVA2026_benchmark/TERM_LASSO/SI_ARRAYS//lasso_traces_TUJDDD.bpl/lasso_trace_2.txt,TERMINATING,2.21,100.85,18.00,TERMINATING,2,1,3,Affine template / Affine template
ATVA2026_benchmark/TERM_LASSO/SI_ARRAYS//lasso_traces_TUJDDJ.bpl/lasso_trace_2.txt,TERMINATING,1.66,74.91,18.00,TERMINATING,2,2,4,Affine template / Affine template
ATVA2026_benchmark/TERM_LASSO/SI_ARRAYS//lasso_traces_TUJDDL.bpl/lasso_trace_2.txt,TERMINATING,1.88,120.41,17.00,TERMINATING,2,1,3,Affine template / Affine template
ATVA2026_benchmark/TERM_LASSO/SI_ARRAYS//lasso_traces_TUJDDT.bpl/lasso_trace_2.txt,TERMINATING,1.77,115.09,14.00,TERMINATING,2,1,3,Affine template / Affine template
ATVA2026_benchmark/TERM_LASSO/SI_ARRAYS//lasso_traces_TUJDJ.bpl/lasso_trace_2.txt,TERMINATING,1.84,84.27,11.00,TERMINATING,2,2,4,Affine template / Affine template
ATVA2026_benchmark/TERM_LASSO/SI_ARRAYS//lasso_traces_TUJDJD.bpl/lasso_trace_2.txt,TERMINATING,1.83,81.48,11.00,TERMINATING,2,2,4,Affine template / Affine template
ATVA2026_benchmark/TERM_LASSO/SI_ARRAYS//lasso_traces_TUJDJJ.bpl/lasso_trace_2.txt,TERMINATING,2.01,65.48,15.00,TERMINATING,2,2,4,Affine template / Affine template
ATVA2026_benchmark/TERM_LASSO/SI_ARRAYS//lasso_traces_TUJDJL.bpl/lasso_trace_2.txt,TERMINATING,1.74,75.90,11.00,TERMINATING,2,2,4,Affine template / Affine template
ATVA2026_benchmark/TERM_LASSO/SI_ARRAYS//lasso_traces_TUJDJR.bpl/lasso_trace_2.txt,TERMINATING,1.90,68.17,12.00,TERMINATING,2,2,4,Affine template / Affine template
ATVA2026_benchmark/TERM_LASSO/SI_ARRAYS//lasso_traces_TUJDJT.bpl/lasso_trace_2.txt,TERMINATING,1.84,80.78,11.00,TERMINATING,2,2,4,Affine template / Affine template
ATVA2026_benchmark/TERM_LASSO/SI_ARRAYS//lasso_traces_TUJDJU.bpl/lasso_trace_2.txt,TERMINATING,1.82,62.07,10.00,TERMINATING,2,2,4,Affine template / Affine template
ATVA2026_benchmark/TERM_LASSO/SI_ARRAYS//lasso_traces_TUJDL.bpl/lasso_trace_2.txt,TERMINATING,1.70,70.55,12.00,TERMINATING,2,1,3,Affine template / Affine template
ATVA2026_benchmark/TERM_LASSO/SI_ARRAYS//lasso_traces_TUJDLD.bpl/lasso_trace_2.txt,TERMINATING,2.27,125.86,73.00,UNKNOWN,2,1,3,Affine template
ATVA2026_benchmark/TERM_LASSO/SI_ARRAYS//lasso_traces_TUJDLJ.bpl/lasso_trace_2.txt,TERMINATING,2.58,66.52,12.00,TERMINATING,2,2,4,Affine template / Affine template
ATVA2026_benchmark/TERM_LASSO/SI_ARRAYS//lasso_traces_TUJDLL.bpl/lasso_trace_2.txt,TERMINATING,1.61,78.57,12.00,TERMINATING,2,1,3,Affine template / Affine template
ATVA2026_benchmark/TERM_LASSO/SI_ARRAYS//lasso_traces_TUJDLT.bpl/lasso_trace_2.txt,TERMINATING,1.78,73.19,12.00,TERMINATING,2,1,3,Affine template / Affine template
ATVA2026_benchmark/TERM_LASSO/SI_ARRAYS//lasso_traces_TUJDRL.bpl/lasso_trace_2.txt,TERMINATING,2.43,272.56,30.00,TERMINATING,2,1,3,Affine template / Affine template
ATVA2026_benchmark/TERM_LASSO/SI_ARRAYS//lasso_traces_TUJDT.bpl/lasso_trace_2.txt,TERMINATING,1.97,70.88,17.00,TERMINATING,2,1,3,Affine template / Affine template
ATVA2026_benchmark/TERM_LASSO/SI_ARRAYS//lasso_traces_TUJDTD.bpl/lasso_trace_2.txt,TERMINATING,1.93,77.20,11.00,TERMINATING,2,1,3,Affine template / Affine template
ATVA2026_benchmark/TERM_LASSO/SI_ARRAYS//lasso_traces_TUJDTJ.bpl/lasso_trace_2.txt,TERMINATING,1.63,82.82,11.00,TERMINATING,2,1,3,Affine template / Affine template
ATVA2026_benchmark/TERM_LASSO/SI_ARRAYS//lasso_traces_TUJDTL.bpl/lasso_trace_2.txt,TERMINATING,1.83,80.44,12.00,TERMINATING,2,1,3,Affine template / Affine template
ATVA2026_benchmark/TERM_LASSO/SI_ARRAYS//lasso_traces_TUJDTR.bpl/lasso_trace_2.txt,TERMINATING,1.82,81.47,12.00,TERMINATING,2,1,3,Affine template / Affine template
ATVA2026_benchmark/TERM_LASSO/SI_ARRAYS//lasso_traces_TUJDTU.bpl/lasso_trace_2.txt,TERMINATING,2.03,62.35,11.00,TERMINATING,2,1,3,Affine template / Affine template
ATVA2026_benchmark/TERM_LASSO/SI_ARRAYS//lasso_traces_TUJDUD.bpl/lasso_trace_2.txt,TERMINATING,1.89,78.54,10.00,TERMINATING,2,1,3,Affine template / Affine template
ATVA2026_benchmark/TERM_LASSO/SI_ARRAYS//lasso_traces_TUJJD.bpl/lasso_trace_3.txt,TERMINATING,1.80,72.48,11.00,TERMINATING,2,3,5,Affine template / Affine template
ATVA2026_benchmark/TERM_LASSO/SI_ARRAYS//lasso_traces_TUJJDD.bpl/lasso_trace_3.txt,TERMINATING,2.37,76.55,15.00,TERMINATING,2,3,5,Affine template / Affine template
ATVA2026_benchmark/TERM_LASSO/SI_ARRAYS//lasso_traces_TUJJDJ.bpl/lasso_trace_3.txt,TERMINATING,1.82,74.31,12.00,TERMINATING,2,4,6,Affine template / Affine template
ATVA2026_benchmark/TERM_LASSO/SI_ARRAYS//lasso_traces_TUJJDL.bpl/lasso_trace_3.txt,TERMINATING,1.87,81.90,12.00,TERMINATING,2,3,5,Affine template / Affine template
ATVA2026_benchmark/TERM_LASSO/SI_ARRAYS//lasso_traces_TUJJDT.bpl/lasso_trace_3.txt,TERMINATING,1.79,76.63,14.00,TERMINATING,2,3,5,Affine template / Affine template
ATVA2026_benchmark/TERM_LASSO/SI_ARRAYS//lasso_traces_TUJJJD.bpl/lasso_trace_3.txt,TERMINATING,1.85,80.28,13.00,TERMINATING,2,5,7,Affine template / Affine template
ATVA2026_benchmark/TERM_LASSO/SI_ARRAYS//lasso_traces_TUJJLD.bpl/lasso_trace_3.txt,TERMINATING,1.68,76.31,12.00,TERMINATING,2,3,5,Affine template / Affine template
ATVA2026_benchmark/TERM_LASSO/SI_ARRAYS//lasso_traces_TUJLD.bpl/lasso_trace_2.txt,TERMINATING,1.66,68.38,12.00,TERMINATING,2,1,3,Affine template / Affine template
ATVA2026_benchmark/TERM_LASSO/SI_ARRAYS//lasso_traces_TUJLDD.bpl/lasso_trace_2.txt,TERMINATING,2.21,100.81,21.00,TERMINATING,2,1,3,Affine template / Affine template
ATVA2026_benchmark/TERM_LASSO/SI_ARRAYS//lasso_traces_TUJLDJ.bpl/lasso_trace_2.txt,TERMINATING,1.64,85.21,11.00,TERMINATING,2,2,4,Affine template / Affine template
ATVA2026_benchmark/TERM_LASSO/SI_ARRAYS//lasso_traces_TUJLDL.bpl/lasso_trace_2.txt,TERMINATING,1.83,69.16,13.00,TERMINATING,2,1,3,Affine template / Affine template
ATVA2026_benchmark/TERM_LASSO/SI_ARRAYS//lasso_traces_TUJLDT.bpl/lasso_trace_2.txt,TERMINATING,1.65,67.79,12.00,TERMINATING,2,1,3,Affine template / Affine template
ATVA2026_benchmark/TERM_LASSO/SI_ARRAYS//lasso_traces_TUJLLD.bpl/lasso_trace_2.txt,TERMINATING,1.46,67.50,10.00,TERMINATING,2,1,3,Affine template / Affine template
ATVA2026_benchmark/TERM_LASSO/SI_ARRAYS//lasso_traces_TUJRLD.bpl/lasso_trace_2.txt,TERMINATING,1.81,239.16,31.00,TERMINATING,2,1,3,Affine template / Affine template
ATVA2026_benchmark/TERM_LASSO/SI_ARRAYS//lasso_traces_TUJUDD.bpl/lasso_trace_2.txt,TERMINATING,2.16,78.29,11.00,TERMINATING,2,1,3,Affine template / Affine template
ATVA2026_benchmark/TERM_LASSO/SI_ARRAYS//lasso_traces_TULJD.bpl/lasso_trace_2.txt,TERMINATING,1.84,82.02,11.00,TERMINATING,2,1,3,Affine template / Affine template
ATVA2026_benchmark/TERM_LASSO/SI_ARRAYS//lasso_traces_TULJDD.bpl/lasso_trace_2.txt,TERMINATING,1.81,122.69,15.00,TERMINATING,2,1,3,Affine template / Affine template
ATVA2026_benchmark/TERM_LASSO/SI_ARRAYS//lasso_traces_TULJDJ.bpl/lasso_trace_2.txt,TERMINATING,1.85,63.81,11.00,TERMINATING,2,2,4,Affine template / Affine template
ATVA2026_benchmark/TERM_LASSO/SI_ARRAYS//lasso_traces_TULJDL.bpl/lasso_trace_2.txt,TERMINATING,1.65,62.16,11.00,TERMINATING,2,1,3,Affine template / Affine template
ATVA2026_benchmark/TERM_LASSO/SI_ARRAYS//lasso_traces_TULJDT.bpl/lasso_trace_2.txt,TERMINATING,1.81,84.54,11.00,TERMINATING,2,1,3,Affine template / Affine template
ATVA2026_benchmark/TERM_LASSO/SI_ARRAYS//lasso_traces_TULJJD.bpl/lasso_trace_3.txt,TERMINATING,2.65,69.51,13.00,TERMINATING,2,3,5,Affine template / Affine template
ATVA2026_benchmark/TERM_LASSO/SI_ARRAYS//lasso_traces_TULJLD.bpl/lasso_trace_2.txt,TERMINATING,1.95,62.83,11.00,TERMINATING,2,1,3,Affine template / Affine template
ATVA2026_benchmark/TERM_LASSO/SI_ARRAYS//lasso_traces_TULLJD.bpl/lasso_trace_2.txt,TERMINATING,2.68,79.50,12.00,TERMINATING,2,1,3,Affine template / Affine template
ATVA2026_benchmark/TERM_LASSO/SI_ARRAYS//lasso_traces_TULUJD.bpl/lasso_trace_2.txt,TERMINATING,1.91,62.85,11.00,TERMINATING,2,1,3,Affine template / Affine template
ATVA2026_benchmark/TERM_LASSO/SI_ARRAYS//lasso_traces_TURLJD.bpl/lasso_trace_2.txt,TERMINATING,1.81,89.35,14.00,TERMINATING,2,1,3,Affine template / Affine template
ATVA2026_benchmark/TERM_LASSO/SI_ARRAYS//lasso_traces_TURUJD.bpl/lasso_trace_2.txt,TERMINATING,1.65,60.02,18.00,TERMINATING,2,1,3,Affine template / Affine template
ATVA2026_benchmark/TERM_LASSO/SI_ARRAYS//lasso_traces_TUTUJD.bpl/lasso_trace_3.txt,TERMINATING,2.24,74.02,11.00,TERMINATING,2,1,3,Affine template / Affine template
ATVA2026_benchmark/TERM_LASSO/SI_ARRAYS//lasso_traces_TUUDJD.bpl/lasso_trace_2.txt,TERMINATING,1.83,66.12,11.00,TERMINATING,2,1,3,Affine template / Affine template
ATVA2026_benchmark/TERM_LASSO/SI_ARRAYS//lasso_traces_TUUJD.bpl/lasso_trace_2.txt,TERMINATING,1.93,69.35,10.00,TERMINATING,2,1,3,Affine template / Affine template
ATVA2026_benchmark/TERM_LASSO/SI_ARRAYS//lasso_traces_TUUJDD.bpl/lasso_trace_2.txt,TERMINATING,1.86,126.50,21.00,TERMINATING,2,1,3,Affine template / Affine template
ATVA2026_benchmark/TERM_LASSO/SI_ARRAYS//lasso_traces_TUUJDL.bpl/lasso_trace_2.txt,TERMINATING,1.69,65.40,11.00,TERMINATING,2,1,3,Affine template / Affine template
ATVA2026_benchmark/TERM_LASSO/SI_ARRAYS//lasso_traces_TUUJDT.bpl/lasso_trace_2.txt,TERMINATING,1.87,71.47,11.00,TERMINATING,2,1,3,Affine template / Affine template
ATVA2026_benchmark/TERM_LASSO/SI_ARRAYS//lasso_traces_TUUJJD.bpl/lasso_trace_5.txt,TERMINATING,1.64,64.02,11.00,TERMINATING,3,1,4,Affine template / Affine template
ATVA2026_benchmark/TERM_LASSO/SI_ARRAYS//lasso_traces_TUUJLD.bpl/lasso_trace_2.txt,TERMINATING,1.70,69.43,9.00,TERMINATING,2,1,3,Affine template / Affine template
ATVA2026_benchmark/TERM_LASSO/SI_ARRAYS//lasso_traces_TUULJD.bpl/lasso_trace_2.txt,TERMINATING,1.91,79.31,11.00,TERMINATING,2,1,3,Affine template / Affine template
ATVA2026_benchmark/TERM_LASSO/SI_ARRAYS//lasso_traces_TUUUJD.bpl/lasso_trace_2.txt,TERMINATING,1.88,69.75,11.00,TERMINATING,2,1,3,Affine template / Affine template
ATVA2026_benchmark/TERM_LASSO/SI_ARRAYS//lasso_traces_UDDUJD.bpl/lasso_trace_1.txt,TERMINATING,2.06,82.56,11.00,TERMINATING,1,1,2,Affine template / Affine template
ATVA2026_benchmark/TERM_LASSO/SI_ARRAYS//lasso_traces_UDLUJD.bpl/lasso_trace_1.txt,TERMINATING,2.06,87.31,11.00,TERMINATING,1,1,2,Affine template / Affine template
ATVA2026_benchmark/TERM_LASSO/SI_ARRAYS//lasso_traces_UDRUJD.bpl/lasso_trace_1.txt,TERMINATING,1.67,95.28,14.00,TERMINATING,1,1,2,Affine template / Affine template
ATVA2026_benchmark/TERM_LASSO/SI_ARRAYS//lasso_traces_UDRUJL.bpl/lasso_trace_1.txt,TERMINATING,1.72,17206.75,45.00,TERMINATING,1,1,2,2 template / Affine template
ATVA2026_benchmark/TERM_LASSO/SI_ARRAYS//lasso_traces_UDTUJD.bpl/lasso_trace_2.txt,TERMINATING,1.76,75.01,11.00,TERMINATING,2,1,3,Affine template / Affine template
ATVA2026_benchmark/TERM_LASSO/SI_ARRAYS//lasso_traces_UDUJD.bpl/lasso_trace_1.txt,TERMINATING,1.90,91.01,11.00,TERMINATING,1,1,2,Affine template / Affine template
ATVA2026_benchmark/TERM_LASSO/SI_ARRAYS//lasso_traces_UDUJDD.bpl/lasso_trace_1.txt,TERMINATING,1.83,127.95,12.00,TERMINATING,1,1,2,Affine template / Affine template
ATVA2026_benchmark/TERM_LASSO/SI_ARRAYS//lasso_traces_UDUJDJ.bpl/lasso_trace_1.txt,TERMINATING,2.18,79.65,8.00,TERMINATING,1,2,3,Affine template / Affine template
ATVA2026_benchmark/TERM_LASSO/SI_ARRAYS//lasso_traces_UDUJDL.bpl/lasso_trace_1.txt,TERMINATING,1.98,80.73,12.00,TERMINATING,1,1,2,Affine template / Affine template
ATVA2026_benchmark/TERM_LASSO/SI_ARRAYS//lasso_traces_UDUJDT.bpl/lasso_trace_1.txt,TERMINATING,2.04,90.46,11.00,TERMINATING,1,1,2,Affine template / Affine template
ATVA2026_benchmark/TERM_LASSO/SI_ARRAYS//lasso_traces_UDUJJD.bpl/lasso_trace_2.txt,TERMINATING,1.86,80.65,10.00,TERMINATING,1,3,4,Affine template / Affine template
ATVA2026_benchmark/TERM_LASSO/SI_ARRAYS//lasso_traces_UDUJLD.bpl/lasso_trace_1.txt,TERMINATING,1.77,85.09,11.00,TERMINATING,1,1,2,Affine template / Affine template
ATVA2026_benchmark/TERM_LASSO/SI_ARRAYS//lasso_traces_UDULJD.bpl/lasso_trace_1.txt,TERMINATING,1.91,69.47,10.00,TERMINATING,1,1,2,Affine template / Affine template
ATVA2026_benchmark/TERM_LASSO/SI_ARRAYS//lasso_traces_UDUUJD.bpl/lasso_trace_1.txt,TERMINATING,2.46,71.01,10.00,TERMINATING,1,1,2,Affine template / Affine template
ATVA2026_benchmark/TERM_LASSO/SI_ARRAYS//lasso_traces_UJD.bpl/lasso_trace_1.txt,TERMINATING,2.03,82.10,11.00,TERMINATING,1,1,2,Affine template / Affine template
ATVA2026_benchmark/TERM_LASSO/SI_ARRAYS//lasso_traces_UJDD.bpl/lasso_trace_1.txt,TERMINATING,5.96,122.25,14.00,TERMINATING,1,1,2,Affine template / Affine template
ATVA2026_benchmark/TERM_LASSO/SI_ARRAYS//lasso_traces_UJDDD.bpl/lasso_trace_1.txt,TERMINATING,1.59,128.65,18.00,TERMINATING,1,1,2,Affine template / Affine template
ATVA2026_benchmark/TERM_LASSO/SI_ARRAYS//lasso_traces_UJDDDD.bpl/lasso_trace_1.txt,TERMINATING,6.96,111.69,21.00,TERMINATING,1,1,2,Affine template / Affine template
ATVA2026_benchmark/TERM_LASSO/SI_ARRAYS//lasso_traces_UJDDDJ.bpl/lasso_trace_1.txt,TERMINATING,1.84,88.47,19.00,TERMINATING,1,2,3,Affine template / Affine template
ATVA2026_benchmark/TERM_LASSO/SI_ARRAYS//lasso_traces_UJDDDL.bpl/lasso_trace_1.txt,TERMINATING,1.96,108.73,22.00,TERMINATING,1,1,2,Affine template / Affine template
ATVA2026_benchmark/TERM_LASSO/SI_ARRAYS//lasso_traces_UJDDDT.bpl/lasso_trace_1.txt,TERMINATING,1.85,126.60,20.00,TERMINATING,1,1,2,Affine template / Affine template
ATVA2026_benchmark/TERM_LASSO/SI_ARRAYS//lasso_traces_UJDDJ.bpl/lasso_trace_1.txt,TERMINATING,1.79,76.90,15.00,TERMINATING,1,2,3,Affine template / Affine template
ATVA2026_benchmark/TERM_LASSO/SI_ARRAYS//lasso_traces_UJDDJD.bpl/lasso_trace_1.txt,TERMINATING,2.58,72.18,18.00,TERMINATING,1,2,3,Affine template / Affine template
ATVA2026_benchmark/TERM_LASSO/SI_ARRAYS//lasso_traces_UJDDJJ.bpl/lasso_trace_1.txt,TERMINATING,1.68,83.31,15.00,TERMINATING,1,2,3,Affine template / Affine template
ATVA2026_benchmark/TERM_LASSO/SI_ARRAYS//lasso_traces_UJDDJL.bpl/lasso_trace_1.txt,TERMINATING,6.78,91.84,16.00,TERMINATING,1,2,3,Affine template / Affine template
ATVA2026_benchmark/TERM_LASSO/SI_ARRAYS//lasso_traces_UJDDJR.bpl/lasso_trace_1.txt,TERMINATING,1.79,109.96,17.00,TERMINATING,1,2,3,Affine template / Affine template
ATVA2026_benchmark/TERM_LASSO/SI_ARRAYS//lasso_traces_UJDDJT.bpl/lasso_trace_1.txt,TERMINATING,2.09,69.17,14.00,TERMINATING,1,2,3,Affine template / Affine template
ATVA2026_benchmark/TERM_LASSO/SI_ARRAYS//lasso_traces_UJDDJU.bpl/lasso_trace_1.txt,TERMINATING,1.81,74.05,15.00,TERMINATING,1,2,3,Affine template / Affine template
ATVA2026_benchmark/TERM_LASSO/SI_ARRAYS//lasso_traces_UJDDL.bpl/lasso_trace_1.txt,TERMINATING,2.17,141.69,15.00,TERMINATING,1,1,2,Affine template / Affine template
ATVA2026_benchmark/TERM_LASSO/SI_ARRAYS//lasso_traces_UJDDLD.bpl/lasso_trace_1.txt,TERMINATING,2.33,188.13,95.00,UNKNOWN,1,1,2,Affine template
ATVA2026_benchmark/TERM_LASSO/SI_ARRAYS//lasso_traces_UJDDLJ.bpl/lasso_trace_1.txt,TERMINATING,1.61,68.77,16.00,TERMINATING,1,2,3,Affine template / Affine template
ATVA2026_benchmark/TERM_LASSO/SI_ARRAYS//lasso_traces_UJDDLL.bpl/lasso_trace_1.txt,TERMINATING,1.86,128.77,15.00,TERMINATING,1,1,2,Affine template / Affine template
ATVA2026_benchmark/TERM_LASSO/SI_ARRAYS//lasso_traces_UJDDLT.bpl/lasso_trace_1.txt,TERMINATING,6.70,117.42,15.00,TERMINATING,1,1,2,Affine template / Affine template
ATVA2026_benchmark/TERM_LASSO/SI_ARRAYS//lasso_traces_UJDDRL.bpl/lasso_trace_1.txt,TERMINATING,5.15,136.52,39.00,TERMINATING,1,1,2,Affine template / Affine template
ATVA2026_benchmark/TERM_LASSO/SI_ARRAYS//lasso_traces_UJDDT.bpl/lasso_trace_1.txt,TERMINATING,1.97,121.51,17.00,TERMINATING,1,1,2,Affine template / Affine template
ATVA2026_benchmark/TERM_LASSO/SI_ARRAYS//lasso_traces_UJDDTD.bpl/lasso_trace_1.txt,TERMINATING,1.73,112.69,15.00,TERMINATING,1,1,2,Affine template / Affine template
ATVA2026_benchmark/TERM_LASSO/SI_ARRAYS//lasso_traces_UJDDTJ.bpl/lasso_trace_1.txt,TERMINATING,1.89,116.00,15.00,TERMINATING,1,1,2,Affine template / Affine template
ATVA2026_benchmark/TERM_LASSO/SI_ARRAYS//lasso_traces_UJDDTL.bpl/lasso_trace_1.txt,TERMINATING,6.29,121.71,14.00,TERMINATING,1,1,2,Affine template / Affine template
ATVA2026_benchmark/TERM_LASSO/SI_ARRAYS//lasso_traces_UJDDTR.bpl/lasso_trace_1.txt,TERMINATING,1.86,146.65,16.00,TERMINATING,1,1,2,Affine template / Affine template
ATVA2026_benchmark/TERM_LASSO/SI_ARRAYS//lasso_traces_UJDDTU.bpl/lasso_trace_1.txt,TERMINATING,1.88,139.22,15.00,TERMINATING,1,1,2,Affine template / Affine template
ATVA2026_benchmark/TERM_LASSO/SI_ARRAYS//lasso_traces_UJDDUD.bpl/lasso_trace_1.txt,TERMINATING,1.79,128.62,14.00,TERMINATING,1,1,2,Affine template / Affine template
ATVA2026_benchmark/TERM_LASSO/SI_ARRAYS//lasso_traces_UJDJ.bpl/lasso_trace_1.txt,TERMINATING,1.91,66.46,11.00,TERMINATING,1,2,3,Affine template / Affine template
ATVA2026_benchmark/TERM_LASSO/SI_ARRAYS//lasso_traces_UJDJD.bpl/lasso_trace_1.txt,TERMINATING,2.11,72.68,11.00,TERMINATING,1,2,3,Affine template / Affine template
ATVA2026_benchmark/TERM_LASSO/SI_ARRAYS//lasso_traces_UJDJDD.bpl/lasso_trace_1.txt,TERMINATING,2.00,70.38,11.00,TERMINATING,1,2,3,Affine template / Affine template
ATVA2026_benchmark/TERM_LASSO/SI_ARRAYS//lasso_traces_UJDJDJ.bpl/lasso_trace_1.txt,TERMINATING,1.85,74.57,11.00,TERMINATING,1,2,3,Affine template / Affine template
ATVA2026_benchmark/TERM_LASSO/SI_ARRAYS//lasso_traces_UJDJDL.bpl/lasso_trace_1.txt,TERMINATING,2.20,61.64,14.00,TERMINATING,1,2,3,Affine template / Affine template
ATVA2026_benchmark/TERM_LASSO/SI_ARRAYS//lasso_traces_UJDJDR.bpl/lasso_trace_1.txt,TERMINATING,1.89,86.09,13.00,TERMINATING,1,2,3,Affine template / Affine template
ATVA2026_benchmark/TERM_LASSO/SI_ARRAYS//lasso_traces_UJDJDT.bpl/lasso_trace_1.txt,TERMINATING,1.96,80.98,10.00,TERMINATING,1,2,3,Affine template / Affine template
ATVA2026_benchmark/TERM_LASSO/SI_ARRAYS//lasso_traces_UJDJDU.bpl/lasso_trace_1.txt,TERMINATING,2.13,68.11,10.00,TERMINATING,1,2,3,Affine template / Affine template
ATVA2026_benchmark/TERM_LASSO/SI_ARRAYS//lasso_traces_UJDJJ.bpl/lasso_trace_1.txt,TERMINATING,1.82,68.17,11.00,TERMINATING,1,2,3,Affine template / Affine template
ATVA2026_benchmark/TERM_LASSO/SI_ARRAYS//lasso_traces_UJDJJD.bpl/lasso_trace_1.txt,TERMINATING,1.98,68.85,11.00,TERMINATING,1,2,3,Affine template / Affine template
ATVA2026_benchmark/TERM_LASSO/SI_ARRAYS//lasso_traces_UJDJJJ.bpl/lasso_trace_1.txt,TERMINATING,1.92,74.43,11.00,TERMINATING,1,2,3,Affine template / Affine template
ATVA2026_benchmark/TERM_LASSO/SI_ARRAYS//lasso_traces_UJDJJL.bpl/lasso_trace_1.txt,TERMINATING,2.20,69.58,10.00,TERMINATING,1,2,3,Affine template / Affine template
ATVA2026_benchmark/TERM_LASSO/SI_ARRAYS//lasso_traces_UJDJJR.bpl/lasso_trace_1.txt,TERMINATING,2.26,79.50,18.00,TERMINATING,1,2,3,Affine template / Affine template
ATVA2026_benchmark/TERM_LASSO/SI_ARRAYS//lasso_traces_UJDJJT.bpl/lasso_trace_1.txt,TERMINATING,1.91,67.66,11.00,TERMINATING,1,2,3,Affine template / Affine template
ATVA2026_benchmark/TERM_LASSO/SI_ARRAYS//lasso_traces_UJDJJU.bpl/lasso_trace_1.txt,TERMINATING,1.96,71.20,10.00,TERMINATING,1,2,3,Affine template / Affine template
ATVA2026_benchmark/TERM_LASSO/SI_ARRAYS//lasso_traces_UJDJL.bpl/lasso_trace_1.txt,TERMINATING,1.93,82.37,11.00,TERMINATING,1,2,3,Affine template / Affine template
ATVA2026_benchmark/TERM_LASSO/SI_ARRAYS//lasso_traces_UJDJLD.bpl/lasso_trace_1.txt,TERMINATING,1.95,73.36,11.00,TERMINATING,1,2,3,Affine template / Affine template
ATVA2026_benchmark/TERM_LASSO/SI_ARRAYS//lasso_traces_UJDJLJ.bpl/lasso_trace_1.txt,TERMINATING,2.82,77.59,11.00,TERMINATING,1,2,3,Affine template / Affine template
ATVA2026_benchmark/TERM_LASSO/SI_ARRAYS//lasso_traces_UJDJLL.bpl/lasso_trace_1.txt,TERMINATING,2.31,78.38,10.00,TERMINATING,1,2,3,Affine template / Affine template
ATVA2026_benchmark/TERM_LASSO/SI_ARRAYS//lasso_traces_UJDJLR.bpl/lasso_trace_1.txt,TERMINATING,1.96,70.05,12.00,TERMINATING,1,2,3,Affine template / Affine template
ATVA2026_benchmark/TERM_LASSO/SI_ARRAYS//lasso_traces_UJDJLT.bpl/lasso_trace_1.txt,TERMINATING,1.94,77.29,11.00,TERMINATING,1,2,3,Affine template / Affine template
ATVA2026_benchmark/TERM_LASSO/SI_ARRAYS//lasso_traces_UJDJLU.bpl/lasso_trace_1.txt,TERMINATING,1.99,68.47,11.00,TERMINATING,1,2,3,Affine template / Affine template
ATVA2026_benchmark/TERM_LASSO/SI_ARRAYS//lasso_traces_UJDJR.bpl/lasso_trace_1.txt,TERMINATING,1.98,80.07,10.00,TERMINATING,1,2,3,Affine template / Affine template
ATVA2026_benchmark/TERM_LASSO/SI_ARRAYS//lasso_traces_UJDJRD.bpl/lasso_trace_1.txt,TERMINATING,2.00,88.23,13.00,TERMINATING,1,2,3,Affine template / Affine template
ATVA2026_benchmark/TERM_LASSO/SI_ARRAYS//lasso_traces_UJDJRJ.bpl/lasso_trace_1.txt,TERMINATING,3.27,78.09,11.00,TERMINATING,1,2,3,Affine template / Affine template
ATVA2026_benchmark/TERM_LASSO/SI_ARRAYS//lasso_traces_UJDJRL.bpl/lasso_trace_1.txt,TERMINATING,1.92,82.79,12.00,TERMINATING,1,2,3,Affine template / Affine template
ATVA2026_benchmark/TERM_LASSO/SI_ARRAYS//lasso_traces_UJDJRR.bpl/lasso_trace_1.txt,TERMINATING,2.67,84.24,15.00,TERMINATING,1,2,3,Affine template / Affine template
ATVA2026_benchmark/TERM_LASSO/SI_ARRAYS//lasso_traces_UJDJRT.bpl/lasso_trace_1.txt,TERMINATING,2.17,84.86,14.00,TERMINATING,1,2,3,Affine template / Affine template
ATVA2026_benchmark/TERM_LASSO/SI_ARRAYS//lasso_traces_UJDJRU.bpl/lasso_trace_1.txt,TERMINATING,2.15,81.01,12.00,TERMINATING,1,2,3,Affine template / Affine template
ATVA2026_benchmark/TERM_LASSO/SI_ARRAYS//lasso_traces_UJDJT.bpl/lasso_trace_1.txt,TERMINATING,1.83,67.94,14.00,TERMINATING,1,2,3,Affine template / Affine template
ATVA2026_benchmark/TERM_LASSO/SI_ARRAYS//lasso_traces_UJDJTD.bpl/lasso_trace_1.txt,TERMINATING,2.14,88.97,10.00,TERMINATING,1,2,3,Affine template / Affine template
ATVA2026_benchmark/TERM_LASSO/SI_ARRAYS//lasso_traces_UJDJTJ.bpl/lasso_trace_1.txt,TERMINATING,2.77,69.81,10.00,TERMINATING,1,3,4,Affine template / Affine template
ATVA2026_benchmark/TERM_LASSO/SI_ARRAYS//lasso_traces_UJDJTL.bpl/lasso_trace_1.txt,TERMINATING,2.00,80.83,11.00,TERMINATING,1,2,3,Affine template / Affine template
ATVA2026_benchmark/TERM_LASSO/SI_ARRAYS//lasso_traces_UJDJTT.bpl/lasso_trace_1.txt,TERMINATING,1.93,66.61,11.00,TERMINATING,1,2,3,Affine template / Affine template
ATVA2026_benchmark/TERM_LASSO/SI_ARRAYS//lasso_traces_UJDJU.bpl/lasso_trace_1.txt,TERMINATING,1.92,83.42,11.00,TERMINATING,1,2,3,Affine template / Affine template
ATVA2026_benchmark/TERM_LASSO/SI_ARRAYS//lasso_traces_UJDJUD.bpl/lasso_trace_1.txt,TERMINATING,1.71,75.55,10.00,TERMINATING,1,2,3,Affine template / Affine template
ATVA2026_benchmark/TERM_LASSO/SI_ARRAYS//lasso_traces_UJDJUJ.bpl/lasso_trace_1.txt,TERMINATING,1.87,68.75,11.00,TERMINATING,1,2,3,Affine template / Affine template
ATVA2026_benchmark/TERM_LASSO/SI_ARRAYS//lasso_traces_UJDJUL.bpl/lasso_trace_1.txt,TERMINATING,2.00,69.37,11.00,TERMINATING,1,2,3,Affine template / Affine template
ATVA2026_benchmark/TERM_LASSO/SI_ARRAYS//lasso_traces_UJDJUR.bpl/lasso_trace_1.txt,TERMINATING,2.11,82.21,13.00,TERMINATING,1,2,3,Affine template / Affine template
ATVA2026_benchmark/TERM_LASSO/SI_ARRAYS//lasso_traces_UJDJUT.bpl/lasso_trace_1.txt,TERMINATING,2.05,76.51,15.00,TERMINATING,1,2,3,Affine template / Affine template
ATVA2026_benchmark/TERM_LASSO/SI_ARRAYS//lasso_traces_UJDJUU.bpl/lasso_trace_1.txt,TERMINATING,1.86,82.99,14.00,TERMINATING,1,2,3,Affine template / Affine template
ATVA2026_benchmark/TERM_LASSO/SI_ARRAYS//lasso_traces_UJDL.bpl/lasso_trace_1.txt,TERMINATING,2.03,78.36,12.00,TERMINATING,1,1,2,Affine template / Affine template
ATVA2026_benchmark/TERM_LASSO/SI_ARRAYS//lasso_traces_UJDLD.bpl/lasso_trace_1.txt,TERMINATING,7.13,124.77,14.00,TERMINATING,1,1,2,Affine template / Affine template
ATVA2026_benchmark/TERM_LASSO/SI_ARRAYS//lasso_traces_UJDLDD.bpl/lasso_trace_1.txt,TERMINATING,1.98,176.22,100.00,UNKNOWN,1,1,2,Affine template
ATVA2026_benchmark/TERM_LASSO/SI_ARRAYS//lasso_traces_UJDLDJ.bpl/lasso_trace_1.txt,TERMINATING,2.13,122.57,18.00,TERMINATING,1,2,3,Affine template / Affine template
ATVA2026_benchmark/TERM_LASSO/SI_ARRAYS//lasso_traces_UJDLDL.bpl/lasso_trace_1.txt,TERMINATING,2.54,108.26,19.00,TERMINATING,1,1,2,Affine template / Affine template
ATVA2026_benchmark/TERM_LASSO/SI_ARRAYS//lasso_traces_UJDLDT.bpl/lasso_trace_1.txt,TERMINATING,6.19,138.16,13.00,TERMINATING,1,1,2,Affine template / Affine template
ATVA2026_benchmark/TERM_LASSO/SI_ARRAYS//lasso_traces_UJDLJ.bpl/lasso_trace_1.txt,TERMINATING,2.13,83.47,15.00,TERMINATING,1,2,3,Affine template / Affine template
ATVA2026_benchmark/TERM_LASSO/SI_ARRAYS//lasso_traces_UJDLJD.bpl/lasso_trace_1.txt,TERMINATING,2.00,82.98,11.00,TERMINATING,1,2,3,Affine template / Affine template
ATVA2026_benchmark/TERM_LASSO/SI_ARRAYS//lasso_traces_UJDLJJ.bpl/lasso_trace_1.txt,TERMINATING,2.92,85.33,12.00,TERMINATING,1,2,3,Affine template / Affine template
ATVA2026_benchmark/TERM_LASSO/SI_ARRAYS//lasso_traces_UJDLJL.bpl/lasso_trace_1.txt,TERMINATING,1.73,90.81,13.00,TERMINATING,1,2,3,Affine template / Affine template
ATVA2026_benchmark/TERM_LASSO/SI_ARRAYS//lasso_traces_UJDLJR.bpl/lasso_trace_1.txt,TERMINATING,1.74,89.18,13.00,TERMINATING,1,2,3,Affine template / Affine template
ATVA2026_benchmark/TERM_LASSO/SI_ARRAYS//lasso_traces_UJDLJT.bpl/lasso_trace_1.txt,TERMINATING,1.77,88.05,14.00,TERMINATING,1,2,3,Affine template / Affine template
ATVA2026_benchmark/TERM_LASSO/SI_ARRAYS//lasso_traces_UJDLJU.bpl/lasso_trace_1.txt,TERMINATING,1.63,87.21,11.00,TERMINATING,1,2,3,Affine template / Affine template
ATVA2026_benchmark/TERM_LASSO/SI_ARRAYS//lasso_traces_UJDLL.bpl/lasso_trace_1.txt,TERMINATING,1.89,71.19,12.00,TERMINATING,1,1,2,Affine template / Affine template
ATVA2026_benchmark/TERM_LASSO/SI_ARRAYS//lasso_traces_UJDLLD.bpl/lasso_trace_1.txt,TERMINATING,1.99,117.26,18.00,TERMINATING,1,1,2,Affine template / Affine template
ATVA2026_benchmark/TERM_LASSO/SI_ARRAYS//lasso_traces_UJDLLJ.bpl/lasso_trace_1.txt,TERMINATING,1.57,62.46,12.00,TERMINATING,1,2,3,Affine template / Affine template
ATVA2026_benchmark/TERM_LASSO/SI_ARRAYS//lasso_traces_UJDLLL.bpl/lasso_trace_1.txt,TERMINATING,6.89,79.84,11.00,TERMINATING,1,1,2,Affine template / Affine template
ATVA2026_benchmark/TERM_LASSO/SI_ARRAYS//lasso_traces_UJDLLT.bpl/lasso_trace_1.txt,TERMINATING,1.87,83.84,14.00,TERMINATING,1,1,2,Affine template / Affine template
ATVA2026_benchmark/TERM_LASSO/SI_ARRAYS//lasso_traces_UJDLRL.bpl/lasso_trace_1.txt,TERMINATING,1.55,79.24,28.00,TERMINATING,1,1,2,Affine template / Affine template
ATVA2026_benchmark/TERM_LASSO/SI_ARRAYS//lasso_traces_UJDLT.bpl/lasso_trace_1.txt,TERMINATING,2.02,74.57,12.00,TERMINATING,1,1,2,Affine template / Affine template
ATVA2026_benchmark/TERM_LASSO/SI_ARRAYS//lasso_traces_UJDLTD.bpl/lasso_trace_1.txt,TERMINATING,1.93,68.82,14.00,TERMINATING,1,1,2,Affine template / Affine template
ATVA2026_benchmark/TERM_LASSO/SI_ARRAYS//lasso_traces_UJDLTJ.bpl/lasso_trace_1.txt,TERMINATING,1.83,81.75,11.00,TERMINATING,1,1,2,Affine template / Affine template
ATVA2026_benchmark/TERM_LASSO/SI_ARRAYS//lasso_traces_UJDLTL.bpl/lasso_trace_1.txt,TERMINATING,1.81,79.20,10.00,TERMINATING,1,1,2,Affine template / Affine template
ATVA2026_benchmark/TERM_LASSO/SI_ARRAYS//lasso_traces_UJDLTR.bpl/lasso_trace_1.txt,TERMINATING,1.95,94.23,12.00,TERMINATING,1,1,2,Affine template / Affine template
ATVA2026_benchmark/TERM_LASSO/SI_ARRAYS//lasso_traces_UJDLTU.bpl/lasso_trace_1.txt,TERMINATING,1.88,74.40,11.00,TERMINATING,1,1,2,Affine template / Affine template
ATVA2026_benchmark/TERM_LASSO/SI_ARRAYS//lasso_traces_UJDLUD.bpl/lasso_trace_1.txt,TERMINATING,6.71,102.26,57.00,UNKNOWN,1,1,2,Affine template
ATVA2026_benchmark/TERM_LASSO/SI_ARRAYS//lasso_traces_UJDRDL.bpl/lasso_trace_1.txt,TERMINATING,1.82,113.41,41.00,TERMINATING,1,1,2,Affine template / Affine template
ATVA2026_benchmark/TERM_LASSO/SI_ARRAYS//lasso_traces_UJDRL.bpl/lasso_trace_1.txt,TERMINATING,1.64,96.21,27.00,TERMINATING,1,1,2,Affine template / Affine template
ATVA2026_benchmark/TERM_LASSO/SI_ARRAYS//lasso_traces_UJDRLD.bpl/lasso_trace_1.txt,TERMINATING,1.77,602.12,41.00,TERMINATING,1,1,2,Affine template / Affine template
ATVA2026_benchmark/TERM_LASSO/SI_ARRAYS//lasso_traces_UJDRLJ.bpl/lasso_trace_1.txt,TERMINATING,1.82,110.69,32.00,TERMINATING,1,2,3,Affine template / Affine template
ATVA2026_benchmark/TERM_LASSO/SI_ARRAYS//lasso_traces_UJDRLL.bpl/lasso_trace_1.txt,TERMINATING,1.49,77.05,29.00,TERMINATING,1,1,2,Affine template / Affine template
ATVA2026_benchmark/TERM_LASSO/SI_ARRAYS//lasso_traces_UJDRLT.bpl/lasso_trace_1.txt,TERMINATING,1.83,103.69,30.00,TERMINATING,1,1,2,Affine template / Affine template
ATVA2026_benchmark/TERM_LASSO/SI_ARRAYS//lasso_traces_veris.c_NetBSD-libc__loop.i_2.bpl/lasso_trace_1.txt,TERMINATING,3.69,128.80,23.00,TERMINATING,1,2,3,Affine template / Affine template
ATVA2026_benchmark/TERM_LASSO/SI_ARRAYS//lasso_traces_verisec_NetBSD-libc__loop.i_2.bpl/lasso_trace_1.txt,TERMINATING,5.36,80.76,20.00,TERMINATING,1,2,3,Affine template / Affine template
ATVA2026_benchmark/TERM_LASSO/SI_ARRAYS//lasso_traces_06-postgreSQL_strmsrv_true-valid-ltl.c/lasso_trace_1.txt,TERMINATING,1.96,294.53,31.00,TERMINATING,8,3,11,Affine template / Affine template
ATVA2026_benchmark/TERM_LASSO/SI_ARRAYS//lasso_traces_07-postgreSQL_strmsrv_wbug_true-valid-ltl.c/lasso_trace_1.txt,TERMINATING,2.00,301.71,31.00,TERMINATING,8,3,11,Affine template / Affine template
ATVA2026_benchmark/TERM_LASSO/SI_ARRAYS//lasso_traces_09-postgreSQL_dropbuf_prop1_false-valid-ltl.c/lasso_trace_1.txt,TERMINATING,2.31,1012.25,124.00,TERMINATING,8,5,13,Affine template / Affine template
ATVA2026_benchmark/TERM_LASSO/SI_ARRAYS//lasso_traces_09-postgreSQL_dropbuf_prop1_false-valid-ltl.c/lasso_trace_2.txt,TERMINATING,1.25,283.82,74.00,TERMINATING,8,7,15,Affine template / Affine template
ATVA2026_benchmark/TERM_LASSO/SI_ARRAYS//lasso_traces_10-postgreSQL_dropbuf_prop2_true-valid-ltl.c/lasso_trace_1.txt,TERMINATING,2.26,1047.79,114.00,TERMINATING,8,5,13,Affine template / Affine template
ATVA2026_benchmark/TERM_LASSO/SI_ARRAYS//lasso_traces_10-postgreSQL_dropbuf_prop2_true-valid-ltl.c/lasso_trace_2.txt,TERMINATING,0.88,272.28,71.00,TERMINATING,8,7,15,Affine template / Affine template
ATVA2026_benchmark/TERM_LASSO/SI_ARRAYS//lasso_traces_13-windows_os_frag1_true-valid-ltl.c/lasso_trace_1.txt,TERMINATING,1.98,263.90,45.00,TERMINATING,8,14,22,Affine template / Affine template
ATVA2026_benchmark/TERM_LASSO/SI_ARRAYS//lasso_traces_19-windows_os_frag5_true-valid-ltl.c/lasso_trace_1.txt,TERMINATING,2.34,334.17,67.00,TERMINATING,12,12,24,Affine template / Affine template
ATVA2026_benchmark/TERM_LASSO/SI_ARRAYS//lasso_traces_4BitCounterPointer.c/lasso_trace_1.txt,TERMINATING,2.60,282.26,50.00,TERMINATING,9,5,14,Affine template / Affine template
ATVA2026_benchmark/TERM_LASSO/SI_ARRAYS//lasso_traces_4BitCounterPointer_no-overflow.c/lasso_trace_1.txt,TERMINATING,2.17,315.57,52.00,TERMINATING,9,5,14,Affine template / Affine template
ATVA2026_benchmark/TERM_LASSO/SI_ARRAYS//lasso_traces_4BitCounterPointer-safe.c/lasso_trace_1.txt,TERMINATING,10.48,489.81,165.00,TERMINATING,9,5,14,Affine template / Affine template
ATVA2026_benchmark/TERM_LASSO/SI_ARRAYS//lasso_traces_4BitCounterPointer_true-termination.c/lasso_trace_1.txt,TERMINATING,2.29,509.09,51.00,TERMINATING,9,5,14,Affine template / Affine template
ATVA2026_benchmark/TERM_LASSO/SI_ARRAYS//lasso_traces_960521-1_1_true-valid-memsafety.c/lasso_trace_2.txt,TERMINATING,1.00,209.06,28.00,TERMINATING,11,2,13,Affine template / Affine template
ATVA2026_benchmark/TERM_LASSO/SI_ARRAYS//lasso_traces_960521-1_1_true-valid-memsafety.c/lasso_trace_4.txt,TERMINATING,0.67,191.75,28.00,TERMINATING,14,2,16,Affine template / Affine template
ATVA2026_benchmark/TERM_LASSO/SI_ARRAYS//lasso_traces_a.01-alloca.c/lasso_trace_3.txt,TERMINATING,2.28,176.56,37.00,TERMINATING,10,13,23,Affine template / Affine template
ATVA2026_benchmark/TERM_LASSO/SI_ARRAYS//lasso_traces_a.01-alloca_false-no-overflow.c/lasso_trace_3.txt,TERMINATING,2.90,282.95,53.00,TERMINATING,10,15,25,Affine template / Affine template
ATVA2026_benchmark/TERM_LASSO/SI_ARRAYS//lasso_traces_a.01-alloca_true-termination.c/lasso_trace_3.txt,TERMINATING,2.67,289.98,53.00,TERMINATING,10,15,25,Affine template / Affine template
ATVA2026_benchmark/TERM_LASSO/SI_ARRAYS//lasso_traces_a.01-alloca_valid-memsafety.c/lasso_trace_3.txt,TERMINATING,2.07,207.59,33.00,TERMINATING,10,13,23,Affine template / Affine template
ATVA2026_benchmark/TERM_LASSO/SI_ARRAYS//lasso_traces_a.04-alloca.c/lasso_trace_1.txt,TERMINATING,2.25,246.17,50.00,TERMINATING,10,5,15,Affine template / Affine template
ATVA2026_benchmark/TERM_LASSO/SI_ARRAYS//lasso_traces_a.04-alloca_false-no-overflow.c/lasso_trace_1.txt,TERMINATING,3.62,236.04,49.00,TERMINATING,10,7,17,Affine template / Affine template
ATVA2026_benchmark/TERM_LASSO/SI_ARRAYS//lasso_traces_a.04-alloca_true-termination.c/lasso_trace_1.txt,TERMINATING,2.78,195.62,43.00,TERMINATING,10,7,17,Affine template / Affine template
ATVA2026_benchmark/TERM_LASSO/SI_ARRAYS//lasso_traces_a.04-alloca_valid-memsafety.c/lasso_trace_1.txt,TERMINATING,2.27,285.70,43.00,TERMINATING,10,5,15,Affine template / Affine template
ATVA2026_benchmark/TERM_LASSO/SI_ARRAYS//lasso_traces_a.05-alloca.c/lasso_trace_2.txt,TERMINATING,2.40,335.42,48.00,TERMINATING,10,7,17,Affine template / Affine template
ATVA2026_benchmark/TERM_LASSO/SI_ARRAYS//lasso_traces_a.05-alloca_false-no-overflow.c/lasso_trace_1.txt,TERMINATING,2.54,222.55,45.00,TERMINATING,10,7,17,Affine template / Affine template
ATVA2026_benchmark/TERM_LASSO/SI_ARRAYS//lasso_traces_a.05-alloca_true-termination.c/lasso_trace_1.txt,TERMINATING,2.78,180.69,39.00,TERMINATING,10,7,17,Affine template / Affine template
ATVA2026_benchmark/TERM_LASSO/SI_ARRAYS//lasso_traces_a.05-alloca_valid-memsafety.c/lasso_trace_2.txt,TERMINATING,2.29,361.53,50.00,TERMINATING,10,7,17,Affine template / Affine template
ATVA2026_benchmark/TERM_LASSO/SI_ARRAYS//lasso_traces_a.06-alloca.c/lasso_trace_7.txt,TERMINATING,3.03,487.46,66.00,TERMINATING,11,22,33,Affine template / Affine template
ATVA2026_benchmark/TERM_LASSO/SI_ARRAYS//lasso_traces_a.06-alloca_false-no-overflow.c/lasso_trace_1.txt,TERMINATING,3.90,339.89,72.00,TERMINATING,11,10,21,Affine template / Affine template
ATVA2026_benchmark/TERM_LASSO/SI_ARRAYS//lasso_traces_a.06-alloca_true-termination.c/lasso_trace_1.txt,TERMINATING,3.28,347.96,69.00,TERMINATING,11,10,21,Affine template / Affine template
ATVA2026_benchmark/TERM_LASSO/SI_ARRAYS//lasso_traces_a.06-alloca_valid-memsafety.c/lasso_trace_7.txt,TERMINATING,3.00,528.18,58.00,TERMINATING,11,22,33,Affine template / Affine template
ATVA2026_benchmark/TERM_LASSO/SI_ARRAYS//lasso_traces_a.07-alloca.c/lasso_trace_2.txt,TERMINATING,3.07,239.49,65.00,TERMINATING,11,10,21,Affine template / Affine template
ATVA2026_benchmark/TERM_LASSO/SI_ARRAYS//lasso_traces_a.07-alloca_false-no-overflow.c/lasso_trace_2.txt,TERMINATING,3.17,283.92,60.00,TERMINATING,11,12,23,Affine template / Affine template
ATVA2026_benchmark/TERM_LASSO/SI_ARRAYS//lasso_traces_a.07-alloca_true-termination.c/lasso_trace_2.txt,TERMINATING,3.64,283.41,57.00,TERMINATING,11,12,23,Affine template / Affine template
ATVA2026_benchmark/TERM_LASSO/SI_ARRAYS//lasso_traces_a.07-alloca_valid-memsafety.c/lasso_trace_2.txt,TERMINATING,2.92,255.44,59.00,TERMINATING,11,10,21,Affine template / Affine template
ATVA2026_benchmark/TERM_LASSO/SI_ARRAYS//lasso_traces_a.08-alloca.c/lasso_trace_2.txt,TERMINATING,2.64,305.99,39.00,TERMINATING,10,9,19,Affine template / Affine template
ATVA2026_benchmark/TERM_LASSO/SI_ARRAYS//lasso_traces_a.08-alloca_false-no-overflow.c/lasso_trace_1.txt,TERMINATING,2.85,205.61,50.00,TERMINATING,10,9,19,Affine template / Affine template
ATVA2026_benchmark/TERM_LASSO/SI_ARRAYS//lasso_traces_a.08-alloca_true-termination.c/lasso_trace_1.txt,TERMINATING,2.83,215.18,56.00,TERMINATING,10,9,19,Affine template / Affine template
ATVA2026_benchmark/TERM_LASSO/SI_ARRAYS//lasso_traces_a.08-alloca_valid-memsafety.c/lasso_trace_2.txt,TERMINATING,2.56,332.06,43.00,TERMINATING,10,9,19,Affine template / Affine template
ATVA2026_benchmark/TERM_LASSO/SI_ARRAYS//lasso_traces_a.09_assume-alloca.c/lasso_trace_2.txt,TERMINATING,2.49,377.87,58.00,TERMINATING,12,11,23,Affine template / Affine template
ATVA2026_benchmark/TERM_LASSO/SI_ARRAYS//lasso_traces_a.09_assume-alloca_false-no-overflow.c/lasso_trace_1.txt,TERMINATING,2.49,347.34,51.00,TERMINATING,12,8,20,Affine template / Affine template
ATVA2026_benchmark/TERM_LASSO/SI_ARRAYS//lasso_traces_a.09_assume-alloca_true-termination.c/lasso_trace_1.txt,TERMINATING,2.59,406.65,55.00,TERMINATING,12,8,20,Affine template / Affine template
ATVA2026_benchmark/TERM_LASSO/SI_ARRAYS//lasso_traces_a.09_assume-alloca_valid-memsafety.c/lasso_trace_2.txt,TERMINATING,2.46,387.06,53.00,TERMINATING,12,11,23,Affine template / Affine template
ATVA2026_benchmark/TERM_LASSO/SI_ARRAYS//lasso_traces_a.10-alloca.c/lasso_trace_1.txt,TERMINATING,2.34,262.90,45.00,TERMINATING,10,8,18,Affine template / Affine template
ATVA2026_benchmark/TERM_LASSO/SI_ARRAYS//lasso_traces_a.10-alloca.c/lasso_trace_2.txt,TERMINATING,0.82,152.05,44.00,TERMINATING,16,8,24,Affine template / Affine template
ATVA2026_benchmark/TERM_LASSO/SI_ARRAYS//lasso_traces_a.10-alloca_false-no-overflow.c/lasso_trace_1.txt,TERMINATING,3.09,357.45,48.00,TERMINATING,10,10,20,Affine template / Affine template
ATVA2026_benchmark/TERM_LASSO/SI_ARRAYS//lasso_traces_a.10-alloca_false-no-overflow.c/lasso_trace_2.txt,TERMINATING,1.27,214.06,46.00,TERMINATING,16,10,26,Affine template / Affine template
ATVA2026_benchmark/TERM_LASSO/SI_ARRAYS//lasso_traces_a.10-alloca_true-termination.c/lasso_trace_1.txt,TERMINATING,2.93,356.69,50.00,TERMINATING,10,10,20,Affine template / Affine template
ATVA2026_benchmark/TERM_LASSO/SI_ARRAYS//lasso_traces_a.10-alloca_true-termination.c/lasso_trace_2.txt,TERMINATING,1.59,208.09,45.00,TERMINATING,16,10,26,Affine template / Affine template
ATVA2026_benchmark/TERM_LASSO/SI_ARRAYS//lasso_traces_a.10-alloca_valid-memsafety.c/lasso_trace_1.txt,TERMINATING,2.35,285.17,45.00,TERMINATING,10,8,18,Affine template / Affine template
ATVA2026_benchmark/TERM_LASSO/SI_ARRAYS//lasso_traces_a.10-alloca_valid-memsafety.c/lasso_trace_2.txt,TERMINATING,0.84,167.25,38.00,TERMINATING,16,8,24,Affine template / Affine template
ATVA2026_benchmark/TERM_LASSO/SI_ARRAYS//lasso_traces_Ackermann01-1.c/lasso_trace_1.txt,TERMINATING,2.09,211.00,23.00,TERMINATING,8,4,12,Affine template / Affine template
ATVA2026_benchmark/TERM_LASSO/SI_ARRAYS//lasso_traces_Ackermann01-1.c/lasso_trace_2.txt,TERMINATING,0.63,153.56,57.00,TERMINATING,9,4,13,Affine template / Affine template
ATVA2026_benchmark/TERM_LASSO/SI_ARRAYS//lasso_traces_Ackermann01-1.c/lasso_trace_3.txt,TERMINATING,0.46,231.44,58.00,TERMINATING,14,4,18,Affine template / Affine template
ATVA2026_benchmark/TERM_LASSO/SI_ARRAYS//lasso_traces_Ackermann01-1_no-overflow.c/lasso_trace_1.txt,TERMINATING,2.05,230.05,20.00,TERMINATING,8,4,12,Affine template / Affine template
ATVA2026_benchmark/TERM_LASSO/SI_ARRAYS//lasso_traces_Ackermann01-1_no-overflow.c/lasso_trace_2.txt,TERMINATING,0.42,167.36,49.00,TERMINATING,9,4,13,Affine template / Affine template
ATVA2026_benchmark/TERM_LASSO/SI_ARRAYS//lasso_traces_Ackermann01-1_no-overflow.c/lasso_trace_3.txt,TERMINATING,0.70,256.75,51.00,TERMINATING,14,4,18,Affine template / Affine template
ATVA2026_benchmark/TERM_LASSO/SI_ARRAYS//lasso_traces_Ackermann01-2.c/lasso_trace_1.txt,TERMINATING,7.87,921.06,20.00,TERMINATING,8,4,12,Affine template / Affine template
ATVA2026_benchmark/TERM_LASSO/SI_ARRAYS//lasso_traces_Ackermann01-2.c/lasso_trace_12.txt,TERMINATING,1.69,699.94,36.00,TERMINATING,53,4,57,Affine template / Affine template
ATVA2026_benchmark/TERM_LASSO/SI_ARRAYS//lasso_traces_Ackermann01-2.c/lasso_trace_2.txt,TERMINATING,2.25,910.27,52.00,TERMINATING,9,4,13,Affine template / Affine template
ATVA2026_benchmark/TERM_LASSO/SI_ARRAYS//lasso_traces_Ackermann01-2.c/lasso_trace_3.txt,TERMINATING,1.68,891.24,51.00,TERMINATING,14,4,18,Affine template / Affine template
ATVA2026_benchmark/TERM_LASSO/SI_ARRAYS//lasso_traces_Ackermann01-2_no-overflow.c/lasso_trace_1.txt,TERMINATING,2.27,203.47,21.00,TERMINATING,8,4,12,Affine template / Affine template
ATVA2026_benchmark/TERM_LASSO/SI_ARRAYS//lasso_traces_Ackermann01-2_no-overflow.c/lasso_trace_12.txt,TERMINATING,0.39,94.26,46.00,TERMINATING,57,4,61,Affine template / Affine template
ATVA2026_benchmark/TERM_LASSO/SI_ARRAYS//lasso_traces_Ackermann01-2_no-overflow.c/lasso_trace_2.txt,TERMINATING,0.48,160.61,54.00,TERMINATING,9,4,13,Affine template / Affine template
ATVA2026_benchmark/TERM_LASSO/SI_ARRAYS//lasso_traces_Ackermann01-2_no-overflow.c/lasso_trace_3.txt,TERMINATING,0.43,217.06,52.00,TERMINATING,14,4,18,Affine template / Affine template
ATVA2026_benchmark/TERM_LASSO/SI_ARRAYS//lasso_traces_Ackermann02.c/lasso_trace_1.txt,TERMINATING,3.35,289.65,41.00,TERMINATING,8,4,12,Affine template / Affine template
ATVA2026_benchmark/TERM_LASSO/SI_ARRAYS//lasso_traces_Ackermann02.c/lasso_trace_10.txt,TERMINATING,0.42,120.99,43.00,TERMINATING,53,4,57,Affine template / Affine template
ATVA2026_benchmark/TERM_LASSO/SI_ARRAYS//lasso_traces_Ackermann02.c/lasso_trace_3.txt,TERMINATING,0.49,230.48,28.00,TERMINATING,12,8,20,Affine template / Affine template
ATVA2026_benchmark/TERM_LASSO/SI_ARRAYS//lasso_traces_Ackermann02.c/lasso_trace_4.txt,TERMINATING,0.50,269.39,41.00,TERMINATING,14,4,18,Affine template / Affine template
ATVA2026_benchmark/TERM_LASSO/SI_ARRAYS//lasso_traces_Ackermann02_no-overflow.c/lasso_trace_1.txt,TERMINATING,2.01,292.42,40.00,TERMINATING,8,4,12,Affine template / Affine template
ATVA2026_benchmark/TERM_LASSO/SI_ARRAYS//lasso_traces_Ackermann02_no-overflow.c/lasso_trace_10.txt,TERMINATING,0.50,123.87,40.00,TERMINATING,53,4,57,Affine template / Affine template
ATVA2026_benchmark/TERM_LASSO/SI_ARRAYS//lasso_traces_Ackermann02_no-overflow.c/lasso_trace_3.txt,TERMINATING,0.87,232.90,29.00,TERMINATING,12,8,20,Affine template / Affine template
ATVA2026_benchmark/TERM_LASSO/SI_ARRAYS//lasso_traces_Ackermann02_no-overflow.c/lasso_trace_4.txt,TERMINATING,0.60,262.63,47.00,TERMINATING,14,4,18,Affine template / Affine template
ATVA2026_benchmark/TERM_LASSO/SI_ARRAYS//lasso_traces_Ackermann03.c/lasso_trace_1.txt,TERMINATING,2.36,320.16,44.00,TERMINATING,8,4,12,Affine template / Affine template
ATVA2026_benchmark/TERM_LASSO/SI_ARRAYS//lasso_traces_Ackermann03.c/lasso_trace_10.txt,TERMINATING,0.39,277.46,48.00,TERMINATING,57,4,61,Affine template / Affine template
ATVA2026_benchmark/TERM_LASSO/SI_ARRAYS//lasso_traces_Ackermann03.c/lasso_trace_3.txt,TERMINATING,0.48,227.49,28.00,TERMINATING,12,8,20,Affine template / Affine template
ATVA2026_benchmark/TERM_LASSO/SI_ARRAYS//lasso_traces_Ackermann03.c/lasso_trace_4.txt,TERMINATING,0.49,276.87,42.00,TERMINATING,14,4,18,Affine template / Affine template
ATVA2026_benchmark/TERM_LASSO/SI_ARRAYS//lasso_traces_Ackermann03_no-overflow.c/lasso_trace_1.txt,TERMINATING,2.39,281.69,43.00,TERMINATING,8,4,12,Affine template / Affine template
ATVA2026_benchmark/TERM_LASSO/SI_ARRAYS//lasso_traces_Ackermann03_no-overflow.c/lasso_trace_11.txt,TERMINATING,0.43,200.52,47.00,TERMINATING,57,4,61,Affine template / Affine template
ATVA2026_benchmark/TERM_LASSO/SI_ARRAYS//lasso_traces_Ackermann03_no-overflow.c/lasso_trace_3.txt,TERMINATING,0.46,225.39,27.00,TERMINATING,12,8,20,Affine template / Affine template
ATVA2026_benchmark/TERM_LASSO/SI_ARRAYS//lasso_traces_Ackermann03_no-overflow.c/lasso_trace_4.txt,TERMINATING,0.46,271.00,50.00,TERMINATING,14,4,18,Affine template / Affine template
ATVA2026_benchmark/TERM_LASSO/SI_ARRAYS//lasso_traces_Ackermann04.c/lasso_trace_1.txt,TERMINATING,2.05,294.19,39.00,TERMINATING,8,4,12,Affine template / Affine template
ATVA2026_benchmark/TERM_LASSO/SI_ARRAYS//lasso_traces_Ackermann04.c/lasso_trace_10.txt,TERMINATING,0.40,122.78,46.00,TERMINATING,53,4,57,Affine template / Affine template
ATVA2026_benchmark/TERM_LASSO/SI_ARRAYS//lasso_traces_Ackermann04.c/lasso_trace_3.txt,TERMINATING,0.50,225.48,28.00,TERMINATING,12,8,20,Affine template / Affine template
ATVA2026_benchmark/TERM_LASSO/SI_ARRAYS//lasso_traces_Ackermann04.c/lasso_trace_4.txt,TERMINATING,0.52,274.99,47.00,TERMINATING,14,4,18,Affine template / Affine template
ATVA2026_benchmark/TERM_LASSO/SI_ARRAYS//lasso_traces_Ackermann04_no-overflow.c/lasso_trace_1.txt,TERMINATING,1.79,296.60,43.00,TERMINATING,8,4,12,Affine template / Affine template
ATVA2026_benchmark/TERM_LASSO/SI_ARRAYS//lasso_traces_Ackermann04_no-overflow.c/lasso_trace_10.txt,TERMINATING,0.37,259.05,40.00,TERMINATING,57,4,61,Affine template / Affine template
ATVA2026_benchmark/TERM_LASSO/SI_ARRAYS//lasso_traces_Ackermann04_no-overflow.c/lasso_trace_3.txt,TERMINATING,0.43,220.45,28.00,TERMINATING,12,8,20,Affine template / Affine template
ATVA2026_benchmark/TERM_LASSO/SI_ARRAYS//lasso_traces_Ackermann04_no-overflow.c/lasso_trace_4.txt,TERMINATING,0.53,256.67,48.00,TERMINATING,14,4,18,Affine template / Affine template
ATVA2026_benchmark/TERM_LASSO/SI_ARRAYS//lasso_traces_add_first_alloca.c/lasso_trace_1.txt,TERMINATING,2.30,1170.77,172.00,TERMINATING,6,6,12,Affine template / Affine template
ATVA2026_benchmark/TERM_LASSO/SI_ARRAYS//lasso_traces_add_first_alloca_def-behavior.c/lasso_trace_1.txt,TERMINATING,2.24,1078.89,194.00,TERMINATING,6,6,12,Affine template / Affine template
ATVA2026_benchmark/TERM_LASSO/SI_ARRAYS//lasso_traces_Addition01-1.c/lasso_trace_1.txt,TERMINATING,2.03,72.18,12.00,TERMINATING,8,4,12,Affine template / Affine template
ATVA2026_benchmark/TERM_LASSO/SI_ARRAYS//lasso_traces_Addition01-1_no-overflow.c/lasso_trace_1.txt,TERMINATING,1.89,69.30,12.00,TERMINATING,8,4,12,Affine template / Affine template
ATVA2026_benchmark/TERM_LASSO/SI_ARRAYS//lasso_traces_Addition01-2.c/lasso_trace_1.txt,TERMINATING,3.45,70.18,12.00,TERMINATING,8,4,12,Affine template / Affine template
ATVA2026_benchmark/TERM_LASSO/SI_ARRAYS//lasso_traces_Addition01-2_no-overflow.c/lasso_trace_1.txt,TERMINATING,2.22,66.46,11.00,TERMINATING,8,4,12,Affine template / Affine template
ATVA2026_benchmark/TERM_LASSO/SI_ARRAYS//lasso_traces_Addition02.c/lasso_trace_1.txt,TERMINATING,2.60,65.41,10.00,TERMINATING,8,4,12,Affine template / Affine template
ATVA2026_benchmark/TERM_LASSO/SI_ARRAYS//lasso_traces_Addition02_no-overflow.c/lasso_trace_1.txt,TERMINATING,3.31,70.97,11.00,TERMINATING,8,4,12,Affine template / Affine template
ATVA2026_benchmark/TERM_LASSO/SI_ARRAYS//lasso_traces_Addition02WithOverflowBug.c/lasso_trace_1.txt,TERMINATING,2.95,64.49,12.00,TERMINATING,6,4,10,Affine template / Affine template
ATVA2026_benchmark/TERM_LASSO/SI_ARRAYS//lasso_traces_Addition02WithOverflowBug.c/lasso_trace_2.txt,TERMINATING,0.77,274.10,14.00,TERMINATING,9,5,14,Affine template / Affine template
ATVA2026_benchmark/TERM_LASSO/SI_ARRAYS//lasso_traces_Addition02WithOverflowBug_no-overflow.c/lasso_trace_1.txt,TERMINATING,1.98,61.09,12.00,TERMINATING,6,4,10,Affine template / Affine template
ATVA2026_benchmark/TERM_LASSO/SI_ARRAYS//lasso_traces_Addition02WithOverflowBug_no-overflow.c/lasso_trace_2.txt,TERMINATING,0.61,225.18,14.00,TERMINATING,9,5,14,Affine template / Affine template
ATVA2026_benchmark/TERM_LASSO/SI_ARRAYS//lasso_traces_Addition03-1.c/lasso_trace_1.txt,TERMINATING,1.93,65.10,12.00,TERMINATING,6,4,10,Affine template / Affine template
ATVA2026_benchmark/TERM_LASSO/SI_ARRAYS//lasso_traces_Addition03-1.c/lasso_trace_2.txt,TERMINATING,0.82,240.30,14.00,TERMINATING,9,5,14,Affine template / Affine template
ATVA2026_benchmark/TERM_LASSO/SI_ARRAYS//lasso_traces_Addition03-1_no-overflow.c/lasso_trace_1.txt,TERMINATING,2.11,61.40,11.00,TERMINATING,6,4,10,Affine template / Affine template
ATVA2026_benchmark/TERM_LASSO/SI_ARRAYS//lasso_traces_Addition03-1_no-overflow.c/lasso_trace_2.txt,TERMINATING,0.56,224.86,14.00,TERMINATING,9,5,14,Affine template / Affine template
ATVA2026_benchmark/TERM_LASSO/SI_ARRAYS//lasso_traces_Addition03-2.c/lasso_trace_1.txt,TERMINATING,2.02,69.31,12.00,TERMINATING,6,4,10,Affine template / Affine template
ATVA2026_benchmark/TERM_LASSO/SI_ARRAYS//lasso_traces_Addition03-2.c/lasso_trace_2.txt,TERMINATING,0.62,229.74,13.00,TERMINATING,9,5,14,Affine template / Affine template
ATVA2026_benchmark/TERM_LASSO/SI_ARRAYS//lasso_traces_Addition03-2_no-overflow.c/lasso_trace_1.txt,TERMINATING,2.14,60.37,11.00,TERMINATING,6,4,10,Affine template / Affine template
ATVA2026_benchmark/TERM_LASSO/SI_ARRAYS//lasso_traces_Addition03-2_no-overflow.c/lasso_trace_2.txt,TERMINATING,0.60,227.19,14.00,TERMINATING,9,5,14,Affine template / Affine template
ATVA2026_benchmark/TERM_LASSO/SI_ARRAYS//lasso_traces_add_last-alloca-2.c/lasso_trace_1.txt,TERMINATING,2.39,968.76,180.00,TERMINATING,6,6,12,Affine template / Affine template
ATVA2026_benchmark/TERM_LASSO/SI_ARRAYS//lasso_traces_add_last-alloca-2_def-behavior.c/lasso_trace_1.txt,TERMINATING,2.01,884.17,199.00,TERMINATING,6,6,12,Affine template / Affine template
ATVA2026_benchmark/TERM_LASSO/SI_ARRAYS//lasso_traces_add_last-alloca_true-termination.c/lasso_trace_1.txt,TERMINATING,10.41,953.31,181.00,TERMINATING,6,6,12,Affine template / Affine template
ATVA2026_benchmark/TERM_LASSO/SI_ARRAYS//lasso_traces_array01-alloca-1.c/lasso_trace_1.txt,TERMINATING,2.75,134.89,21.00,TERMINATING,5,2,7,Affine template / Affine template
ATVA2026_benchmark/TERM_LASSO/SI_ARRAYS//lasso_traces_array01-alloca-1.c/lasso_trace_4.txt,TERMINATING,0.90,239.67,43.00,TERMINATING,10,4,14,Affine template / Affine template
ATVA2026_benchmark/TERM_LASSO/SI_ARRAYS//lasso_traces_array01-alloca-1.c/lasso_trace_5.txt,TERMINATING,0.71,116.69,26.00,TERMINATING,11,4,15,Affine template / Affine template
ATVA2026_benchmark/TERM_LASSO/SI_ARRAYS//lasso_traces_array01-alloca-1_termination.c/lasso_trace_1.txt,TERMINATING,2.45,126.44,20.00,TERMINATING,5,2,7,Affine template / Affine template
ATVA2026_benchmark/TERM_LASSO/SI_ARRAYS//lasso_traces_array01-alloca-1_termination.c/lasso_trace_4.txt,TERMINATING,0.81,247.21,41.00,TERMINATING,10,4,14,Affine template / Affine template
ATVA2026_benchmark/TERM_LASSO/SI_ARRAYS//lasso_traces_array01-alloca-1_termination.c/lasso_trace_5.txt,TERMINATING,0.69,110.12,27.00,TERMINATING,11,4,15,Affine template / Affine template
ATVA2026_benchmark/TERM_LASSO/SI_ARRAYS//lasso_traces_array01-alloca_true-termination.c/lasso_trace_2.txt,TERMINATING,2.17,147.69,18.00,TERMINATING,7,4,11,Affine template / Affine template
ATVA2026_benchmark/TERM_LASSO/SI_ARRAYS//lasso_traces_array01-alloca_true-termination.c/lasso_trace_3.txt,TERMINATING,0.73,67.30,18.00,TERMINATING,8,4,12,Affine template / Affine template
ATVA2026_benchmark/TERM_LASSO/SI_ARRAYS//lasso_traces_array01-alloca_true-termination.c/lasso_trace_4.txt,TERMINATING,0.60,89.02,18.00,TERMINATING,12,4,16,Affine template / Affine template
ATVA2026_benchmark/TERM_LASSO/SI_ARRAYS//lasso_traces_array02-alloca-1.c/lasso_trace_2.txt,TERMINATING,2.07,123.20,17.00,TERMINATING,7,6,13,Affine template / Affine template
ATVA2026_benchmark/TERM_LASSO/SI_ARRAYS//lasso_traces_array02-alloca-1.c/lasso_trace_3.txt,TERMINATING,0.66,104.34,15.00,TERMINATING,8,4,12,Affine template / Affine template
ATVA2026_benchmark/TERM_LASSO/SI_ARRAYS//lasso_traces_array02-alloca-1.c/lasso_trace_4.txt,TERMINATING,0.66,118.35,24.00,TERMINATING,10,4,14,Affine template / Affine template
ATVA2026_benchmark/TERM_LASSO/SI_ARRAYS//lasso_traces_array02-alloca-1.c/lasso_trace_5.txt,TERMINATING,0.62,213.23,23.00,TERMINATING,14,4,18,Affine template / Affine template
ATVA2026_benchmark/TERM_LASSO/SI_ARRAYS//lasso_traces_array02-alloca-1.c/lasso_trace_6.txt,TERMINATING,0.64,127.91,20.00,TERMINATING,16,4,20,Affine template / Affine template
ATVA2026_benchmark/TERM_LASSO/SI_ARRAYS//lasso_traces_array02-alloca-1.c/lasso_trace_7.txt,TERMINATING,0.60,249.63,22.00,TERMINATING,22,4,26,Affine template / Affine template
ATVA2026_benchmark/TERM_LASSO/SI_ARRAYS//lasso_traces_array02-alloca-1_def-behavior.c/lasso_trace_2.txt,TERMINATING,1.63,118.86,16.00,TERMINATING,7,6,13,Affine template / Affine template
ATVA2026_benchmark/TERM_LASSO/SI_ARRAYS//lasso_traces_array02-alloca-1_def-behavior.c/lasso_trace_3.txt,TERMINATING,0.56,102.21,16.00,TERMINATING,8,4,12,Affine template / Affine template
ATVA2026_benchmark/TERM_LASSO/SI_ARRAYS//lasso_traces_array02-alloca-1_def-behavior.c/lasso_trace_4.txt,TERMINATING,0.60,106.66,18.00,TERMINATING,10,4,14,Affine template / Affine template
ATVA2026_benchmark/TERM_LASSO/SI_ARRAYS//lasso_traces_array02-alloca-1_def-behavior.c/lasso_trace_5.txt,TERMINATING,0.51,199.45,23.00,TERMINATING,14,4,18,Affine template / Affine template
ATVA2026_benchmark/TERM_LASSO/SI_ARRAYS//lasso_traces_array02-alloca-1_def-behavior.c/lasso_trace_6.txt,TERMINATING,0.58,111.33,22.00,TERMINATING,16,4,20,Affine template / Affine template
ATVA2026_benchmark/TERM_LASSO/SI_ARRAYS//lasso_traces_array02-alloca-1_def-behavior.c/lasso_trace_7.txt,TERMINATING,0.47,231.67,24.00,TERMINATING,22,4,26,Affine template / Affine template
ATVA2026_benchmark/TERM_LASSO/SI_ARRAYS//lasso_traces_array02-alloca_true-termination.c/lasso_trace_2.txt,TERMINATING,2.04,123.60,15.00,TERMINATING,7,6,13,Affine template / Affine template
ATVA2026_benchmark/TERM_LASSO/SI_ARRAYS//lasso_traces_array02-alloca_true-termination.c/lasso_trace_3.txt,TERMINATING,0.68,104.45,17.00,TERMINATING,8,4,12,Affine template / Affine template
ATVA2026_benchmark/TERM_LASSO/SI_ARRAYS//lasso_traces_array02-alloca_true-termination.c/lasso_trace_4.txt,TERMINATING,0.63,114.45,20.00,TERMINATING,10,4,14,Affine template / Affine template
ATVA2026_benchmark/TERM_LASSO/SI_ARRAYS//lasso_traces_array02-alloca_true-termination.c/lasso_trace_5.txt,TERMINATING,0.59,198.28,17.00,TERMINATING,14,4,18,Affine template / Affine template
ATVA2026_benchmark/TERM_LASSO/SI_ARRAYS//lasso_traces_array02-alloca_true-termination.c/lasso_trace_6.txt,TERMINATING,0.63,118.47,19.00,TERMINATING,16,4,20,Affine template / Affine template
ATVA2026_benchmark/TERM_LASSO/SI_ARRAYS//lasso_traces_array02-alloca_true-termination.c/lasso_trace_7.txt,TERMINATING,0.59,248.70,25.00,TERMINATING,22,4,26,Affine template / Affine template
ATVA2026_benchmark/TERM_LASSO/SI_ARRAYS//lasso_traces_array03-alloca-1.c/lasso_trace_2.txt,TERMINATING,2.05,191.14,22.00,TERMINATING,7,6,13,Affine template / Affine template
ATVA2026_benchmark/TERM_LASSO/SI_ARRAYS//lasso_traces_array03-alloca-1.c/lasso_trace_4.txt,TERMINATING,0.88,201.44,23.00,TERMINATING,11,5,16,Affine template / Affine template
ATVA2026_benchmark/TERM_LASSO/SI_ARRAYS//lasso_traces_array03-alloca-1.c/lasso_trace_5.txt,TERMINATING,0.73,137.35,32.00,TERMINATING,17,5,22,Affine template / Affine template
ATVA2026_benchmark/TERM_LASSO/SI_ARRAYS//lasso_traces_array03-alloca-1.c/lasso_trace_6.txt,TERMINATING,0.74,81.53,22.00,TERMINATING,18,5,23,Affine template / Affine template
ATVA2026_benchmark/TERM_LASSO/SI_ARRAYS//lasso_traces_array03-alloca-1_def-behavior.c/lasso_trace_2.txt,TERMINATING,1.78,189.30,22.00,TERMINATING,7,6,13,Affine template / Affine template
ATVA2026_benchmark/TERM_LASSO/SI_ARRAYS//lasso_traces_array03-alloca-1_def-behavior.c/lasso_trace_4.txt,TERMINATING,0.77,201.17,23.00,TERMINATING,11,5,16,Affine template / Affine template
ATVA2026_benchmark/TERM_LASSO/SI_ARRAYS//lasso_traces_array03-alloca-1_def-behavior.c/lasso_trace_5.txt,TERMINATING,0.64,130.64,32.00,TERMINATING,17,5,22,Affine template / Affine template
ATVA2026_benchmark/TERM_LASSO/SI_ARRAYS//lasso_traces_array03-alloca-1_def-behavior.c/lasso_trace_6.txt,TERMINATING,0.55,80.72,25.00,TERMINATING,18,5,23,Affine template / Affine template
ATVA2026_benchmark/TERM_LASSO/SI_ARRAYS//lasso_traces_array03-alloca_true-termination.c/lasso_trace_2.txt,TERMINATING,1.98,198.89,18.00,TERMINATING,7,6,13,Affine template / Affine template
ATVA2026_benchmark/TERM_LASSO/SI_ARRAYS//lasso_traces_array03-alloca_true-termination.c/lasso_trace_4.txt,TERMINATING,0.90,213.92,21.00,TERMINATING,11,5,16,Affine template / Affine template
ATVA2026_benchmark/TERM_LASSO/SI_ARRAYS//lasso_traces_array03-alloca_true-termination.c/lasso_trace_5.txt,TERMINATING,0.76,138.93,31.00,TERMINATING,17,5,22,Affine template / Affine template
ATVA2026_benchmark/TERM_LASSO/SI_ARRAYS//lasso_traces_array03-alloca_true-termination.c/lasso_trace_6.txt,TERMINATING,0.72,85.59,23.00,TERMINATING,18,5,23,Affine template / Affine template
ATVA2026_benchmark/TERM_LASSO/SI_ARRAYS//lasso_traces_array04_alloca.c/lasso_trace_1.txt,TERMINATING,4.19,123.89,21.00,TERMINATING,6,2,8,Affine template / Affine template
ATVA2026_benchmark/TERM_LASSO/SI_ARRAYS//lasso_traces_array04_alloca_no-overflow.c/lasso_trace_1.txt,TERMINATING,3.86,122.91,20.00,TERMINATING,6,2,8,Affine template / Affine template
ATVA2026_benchmark/TERM_LASSO/SI_ARRAYS//lasso_traces_array05_alloca.c/lasso_trace_1.txt,TERMINATING,2.35,129.06,15.00,TERMINATING,6,2,8,Affine template / Affine template
ATVA2026_benchmark/TERM_LASSO/SI_ARRAYS//lasso_traces_array05_alloca.c/lasso_trace_3.txt,TERMINATING,0.67,33488.94,184.00,TERMINATING,9,3,12,2 template / Affine template
ATVA2026_benchmark/TERM_LASSO/SI_ARRAYS//lasso_traces_array05_alloca_no-overflow.c/lasso_trace_1.txt,TERMINATING,2.61,125.88,15.00,TERMINATING,6,2,8,Affine template / Affine template
ATVA2026_benchmark/TERM_LASSO/SI_ARRAYS//lasso_traces_array05_alloca_no-overflow.c/lasso_trace_3.txt,TERMINATING,0.57,29095.65,164.00,TERMINATING,9,3,12,2 template / Affine template
ATVA2026_benchmark/TERM_LASSO/SI_ARRAYS//lasso_traces_array06_alloca.c/lasso_trace_1.txt,TERMINATING,2.29,123.96,14.00,TERMINATING,6,2,8,Affine template / Affine template
ATVA2026_benchmark/TERM_LASSO/SI_ARRAYS//lasso_traces_array06_alloca.c/lasso_trace_3.txt,TERMINATING,0.71,164.14,25.00,TERMINATING,9,3,12,Affine template / Affine template
ATVA2026_benchmark/TERM_LASSO/SI_ARRAYS//lasso_traces_array06_alloca_no-overflow.c/lasso_trace_1.txt,TERMINATING,2.36,112.09,14.00,TERMINATING,6,2,8,Affine template / Affine template
ATVA2026_benchmark/TERM_LASSO/SI_ARRAYS//lasso_traces_array06_alloca_no-overflow.c/lasso_trace_3.txt,TERMINATING,0.66,160.53,24.00,TERMINATING,9,3,12,Affine template / Affine template
ATVA2026_benchmark/TERM_LASSO/SI_ARRAYS//lasso_traces_array07_alloca.c/lasso_trace_1.txt,TERMINATING,2.14,125.66,15.00,TERMINATING,6,2,8,Affine template / Affine template
ATVA2026_benchmark/TERM_LASSO/SI_ARRAYS//lasso_traces_array07_alloca.c/lasso_trace_3.txt,TERMINATING,0.74,173.25,24.00,TERMINATING,9,3,12,Affine template / Affine template
ATVA2026_benchmark/TERM_LASSO/SI_ARRAYS//lasso_traces_array07_alloca_no-overflow.c/lasso_trace_1.txt,TERMINATING,2.04,109.21,15.00,TERMINATING,6,2,8,Affine template / Affine template
ATVA2026_benchmark/TERM_LASSO/SI_ARRAYS//lasso_traces_array07_alloca_no-overflow.c/lasso_trace_3.txt,TERMINATING,0.69,160.57,26.00,TERMINATING,9,3,12,Affine template / Affine template
ATVA2026_benchmark/TERM_LASSO/SI_ARRAYS//lasso_traces_array08_alloca.c/lasso_trace_1.txt,TERMINATING,3.53,210.43,20.00,TERMINATING,6,5,11,Affine template / Affine template
ATVA2026_benchmark/TERM_LASSO/SI_ARRAYS//lasso_traces_array08_alloca_no-overflow.c/lasso_trace_1.txt,TERMINATING,2.51,186.48,20.00,TERMINATING,6,5,11,Affine template / Affine template
ATVA2026_benchmark/TERM_LASSO/SI_ARRAYS//lasso_traces_array09_alloca.c/lasso_trace_1.txt,TERMINATING,2.77,195.62,19.00,TERMINATING,6,5,11,Affine template / Affine template
ATVA2026_benchmark/TERM_LASSO/SI_ARRAYS//lasso_traces_array09_alloca_no-overflow.c/lasso_trace_1.txt,TERMINATING,2.86,185.58,19.00,TERMINATING,6,5,11,Affine template / Affine template
ATVA2026_benchmark/TERM_LASSO/SI_ARRAYS//lasso_traces_array10_alloca.c/lasso_trace_1.txt,TERMINATING,2.17,128.95,17.00,TERMINATING,6,2,8,Affine template / Affine template
ATVA2026_benchmark/TERM_LASSO/SI_ARRAYS//lasso_traces_array10_alloca_no-overflow.c/lasso_trace_1.txt,TERMINATING,2.09,133.66,16.00,TERMINATING,6,2,8,Affine template / Affine template
ATVA2026_benchmark/TERM_LASSO/SI_ARRAYS//lasso_traces_array10_alloca_no-overflow.c/lasso_trace_3.txt,TERMINATING,0.72,30130.37,161.00,TERMINATING,9,3,12,2 template / Affine template
ATVA2026_benchmark/TERM_LASSO/SI_ARRAYS//lasso_traces_array10_pattern_simplified.c/lasso_trace_1.txt,TERMINATING,2.78,78.42,15.00,TERMINATING,9,1,10,Affine template / Affine template
ATVA2026_benchmark/TERM_LASSO/SI_ARRAYS//lasso_traces_array11_alloca_true-termination.c/lasso_trace_1.txt,TERMINATING,3.88,268.43,20.00,TERMINATING,6,5,11,Affine template / Affine template
ATVA2026_benchmark/TERM_LASSO/SI_ARRAYS//lasso_traces_array12_alloca.c/lasso_trace_1.txt,TERMINATING,5.53,284.50,20.00,TERMINATING,6,5,11,Affine template / Affine template
ATVA2026_benchmark/TERM_LASSO/SI_ARRAYS//lasso_traces_array12_alloca.c/lasso_trace_3.txt,TERMINATING,0.96,879.58,85.00,TERMINATING,12,2,14,Affine template / Affine template
ATVA2026_benchmark/TERM_LASSO/SI_ARRAYS//lasso_traces_array12_alloca_valid-memsafety.c/lasso_trace_1.txt,TERMINATING,2.48,192.98,18.00,TERMINATING,6,5,11,Affine template / Affine template
ATVA2026_benchmark/TERM_LASSO/SI_ARRAYS//lasso_traces_array12_alloca_valid-memsafety.c/lasso_trace_3.txt,TERMINATING,0.61,591.01,91.00,TERMINATING,12,2,14,Affine template / Affine template
ATVA2026_benchmark/TERM_LASSO/SI_ARRAYS//lasso_traces_array13_alloca.c/lasso_trace_1.txt,TERMINATING,3.74,296.14,19.00,TERMINATING,6,5,11,Affine template / Affine template
ATVA2026_benchmark/TERM_LASSO/SI_ARRAYS//lasso_traces_array13_alloca.c/lasso_trace_3.txt,TERMINATING,0.88,1368.12,86.00,TERMINATING,12,2,14,Affine template / Affine template
ATVA2026_benchmark/TERM_LASSO/SI_ARRAYS//lasso_traces_array13_alloca_valid-memsafety.c/lasso_trace_1.txt,TERMINATING,4.06,184.17,17.00,TERMINATING,6,5,11,Affine template / Affine template
ATVA2026_benchmark/TERM_LASSO/SI_ARRAYS//lasso_traces_array13_alloca_valid-memsafety.c/lasso_trace_3.txt,TERMINATING,0.75,1094.41,81.00,TERMINATING,12,2,14,Affine template / Affine template
ATVA2026_benchmark/TERM_LASSO/SI_ARRAYS//lasso_traces_array14_alloca.c/lasso_trace_1.txt,TERMINATING,4.03,197.52,19.00,TERMINATING,6,5,11,Affine template / Affine template
ATVA2026_benchmark/TERM_LASSO/SI_ARRAYS//lasso_traces_array14_alloca_valid-memsafety.c/lasso_trace_1.txt,TERMINATING,2.36,191.65,20.00,TERMINATING,6,5,11,Affine template / Affine template
ATVA2026_benchmark/TERM_LASSO/SI_ARRAYS//lasso_traces_array15_alloca.c/lasso_trace_1.txt,TERMINATING,11.88,922.56,24.00,TERMINATING,6,5,11,Affine template / Affine template
ATVA2026_benchmark/TERM_LASSO/SI_ARRAYS//lasso_traces_array15_alloca_valid-memsafety.c/lasso_trace_1.txt,TERMINATING,2.20,195.19,20.00,TERMINATING,6,5,11,Affine template / Affine template
ATVA2026_benchmark/TERM_LASSO/SI_ARRAYS//lasso_traces_array16_alloca_fixed.c/lasso_trace_1.txt,TERMINATING,4.60,712.37,21.00,TERMINATING,6,5,11,Affine template / Affine template
ATVA2026_benchmark/TERM_LASSO/SI_ARRAYS//lasso_traces_array16_alloca_fixed_valid-memsafety.c/lasso_trace_1.txt,TERMINATING,2.96,193.50,19.00,TERMINATING,6,5,11,Affine template / Affine template
ATVA2026_benchmark/TERM_LASSO/SI_ARRAYS//lasso_traces_array16_alloca_original.c/lasso_trace_1.txt,TERMINATING,2.46,306.76,51.00,TERMINATING,6,5,11,Affine template / Affine template
ATVA2026_benchmark/TERM_LASSO/SI_ARRAYS//lasso_traces_array16_alloca_original_valid-memsafety.c/lasso_trace_1.txt,TERMINATING,2.07,217.26,43.00,TERMINATING,6,5,11,Affine template / Affine template
ATVA2026_benchmark/TERM_LASSO/SI_ARRAYS//lasso_traces_array17_alloca.c/lasso_trace_1.txt,TERMINATING,2.01,147.63,25.00,TERMINATING,8,2,10,Affine template / Affine template
ATVA2026_benchmark/TERM_LASSO/SI_ARRAYS//lasso_traces_array17_alloca_valid-memsafety.c/lasso_trace_1.txt,TERMINATING,2.34,136.29,23.00,TERMINATING,8,2,10,Affine template / Affine template
ATVA2026_benchmark/TERM_LASSO/SI_ARRAYS//lasso_traces_array18_alloca.c/lasso_trace_1.txt,TERMINATING,2.77,213.29,19.00,TERMINATING,6,5,11,Affine template / Affine template
ATVA2026_benchmark/TERM_LASSO/SI_ARRAYS//lasso_traces_array18_alloca_no-overflow.c/lasso_trace_1.txt,TERMINATING,2.20,194.18,19.00,TERMINATING,6,5,11,Affine template / Affine template
ATVA2026_benchmark/TERM_LASSO/SI_ARRAYS//lasso_traces_array19_alloca.c/lasso_trace_1.txt,TERMINATING,4.37,159.53,22.00,TERMINATING,6,2,8,Affine template / Affine template
ATVA2026_benchmark/TERM_LASSO/SI_ARRAYS//lasso_traces_array19_alloca_no-overflow.c/lasso_trace_1.txt,TERMINATING,2.29,132.49,23.00,TERMINATING,6,2,8,Affine template / Affine template
ATVA2026_benchmark/TERM_LASSO/SI_ARRAYS//lasso_traces_array20_alloca.c/lasso_trace_1.txt,TERMINATING,4.33,241.57,22.00,TERMINATING,6,5,11,Affine template / Affine template
ATVA2026_benchmark/TERM_LASSO/SI_ARRAYS//lasso_traces_array20_alloca_no-overflow.c/lasso_trace_1.txt,TERMINATING,3.26,192.12,19.00,TERMINATING,6,5,11,Affine template / Affine template
ATVA2026_benchmark/TERM_LASSO/SI_ARRAYS//lasso_traces_ArrayQuantifierEliminationBug07.c/lasso_trace_1.txt,TERMINATING,4.15,187.15,13.00,TERMINATING,5,2,7,Affine template / Affine template
ATVA2026_benchmark/TERM_LASSO/SI_ARRAYS//lasso_traces_Arrays01-EquivalentConstantIndices-1.c/lasso_trace_1.txt,TERMINATING,5.34,209.82,10.00,TERMINATING,5,2,7,Affine template / Affine template
ATVA2026_benchmark/TERM_LASSO/SI_ARRAYS//lasso_traces_Arrays01-EquivalentConstantIndices-1_no-overflow.c/lasso_trace_1.txt,TERMINATING,2.18,124.33,10.00,TERMINATING,5,2,7,Affine template / Affine template
ATVA2026_benchmark/TERM_LASSO/SI_ARRAYS//lasso_traces_Arrays01-EquivalentConstantIndices-2.c/lasso_trace_1.txt,TERMINATING,5.20,198.70,11.00,TERMINATING,5,4,9,Affine template / Affine template
ATVA2026_benchmark/TERM_LASSO/SI_ARRAYS//lasso_traces_Arrays01-EquivalentConstantIndices-2_def-behavior.c/lasso_trace_1.txt,TERMINATING,2.40,99.71,12.00,TERMINATING,5,4,9,Affine template / Affine template
ATVA2026_benchmark/TERM_LASSO/SI_ARRAYS//lasso_traces_Arrays01-EquivalentConstantIndices_true-termination.c/lasso_trace_1.txt,TERMINATING,2.48,123.81,12.00,TERMINATING,5,4,9,Affine template / Affine template
ATVA2026_benchmark/TERM_LASSO/SI_ARRAYS//lasso_traces_Arrays03-ValueRestictsIndex-2.c/lasso_trace_1.txt,TERMINATING,3.27,359.07,11.00,TERMINATING,5,2,7,Affine template / Affine template
ATVA2026_benchmark/TERM_LASSO/SI_ARRAYS//lasso_traces_Arrays03-ValueRestictsIndex-2_no-overflow.c/lasso_trace_1.txt,TERMINATING,4.22,87.08,12.00,TERMINATING,5,2,7,Affine template / Affine template
ATVA2026_benchmark/TERM_LASSO/SI_ARRAYS//lasso_traces_ArraysOfVariableLength2.c/lasso_trace_1.txt,TERMINATING,2.63,86.39,30.00,TERMINATING,5,12,17,Affine template / Affine template
ATVA2026_benchmark/TERM_LASSO/SI_ARRAYS//lasso_traces_ArraysOfVariableLength2_valid-memsafety.c/lasso_trace_1.txt,TERMINATING,2.27,74.92,31.00,TERMINATING,5,12,17,Affine template / Affine template
ATVA2026_benchmark/TERM_LASSO/SI_ARRAYS//lasso_traces_ArraysOfVariableLength4_no-overflow.c/lasso_trace_33.txt,TERMINATING,1.85,110.70,22.00,TERMINATING,5,103,108,Affine template / Affine template
ATVA2026_benchmark/TERM_LASSO/SI_ARRAYS//lasso_traces_ArraysOfVariableLength4_no-overflow.c/lasso_trace_35.txt,TERMINATING,0.70,102.60,19.00,TERMINATING,8,3,11,Affine template / Affine template
ATVA2026_benchmark/TERM_LASSO/SI_ARRAYS//lasso_traces_ArraysOfVariableLength4_no-overflow.c/lasso_trace_37.txt,TERMINATING,0.61,283.20,17.00,TERMINATING,111,3,114,Affine template / Affine template
ATVA2026_benchmark/TERM_LASSO/SI_ARRAYS//lasso_traces_ArraysOfVariableLength5.c/lasso_trace_1.txt,TERMINATING,9.91,1049.34,16.00,TERMINATING,5,7,12,Affine template / Affine template
ATVA2026_benchmark/TERM_LASSO/SI_ARRAYS//lasso_traces_ArraysOfVariableLength5.c/lasso_trace_5.txt,TERMINATING,3.20,150.89,31.00,TERMINATING,13,10,23,Affine template / Affine template
ATVA2026_benchmark/TERM_LASSO/SI_ARRAYS//lasso_traces_ArraysOfVariableLength5_no-overflow.c/lasso_trace_1.txt,TERMINATING,3.87,169.75,15.00,TERMINATING,5,7,12,Affine template / Affine template
ATVA2026_benchmark/TERM_LASSO/SI_ARRAYS//lasso_traces_ArraysOfVariableLength5_no-overflow.c/lasso_trace_5.txt,TERMINATING,0.69,31.29,29.00,TERMINATING,13,10,23,Affine template / Affine template
ATVA2026_benchmark/TERM_LASSO/SI_ARRAYS//lasso_traces_ArraysOfVariableLength6_no-overflow.c/lasso_trace_33.txt,TERMINATING,1.97,131.76,25.00,TERMINATING,5,103,108,Affine template / Affine template
ATVA2026_benchmark/TERM_LASSO/SI_ARRAYS//lasso_traces_ArraysOfVariableLength6_no-overflow.c/lasso_trace_35.txt,TERMINATING,0.74,168.69,18.00,TERMINATING,8,3,11,Affine template / Affine template
ATVA2026_benchmark/TERM_LASSO/SI_ARRAYS//lasso_traces_ArraysOfVariableLength6_no-overflow.c/lasso_trace_37.txt,TERMINATING,0.60,205.15,103.00,UNKNOWN,111,3,114,Affine template
ATVA2026_benchmark/TERM_LASSO/SI_ARRAYS//lasso_traces_ArraysOfVariableLength.c/lasso_trace_1.txt,TERMINATING,24.89,822.37,10.00,TERMINATING,5,7,12,Affine template / Affine template
ATVA2026_benchmark/TERM_LASSO/SI_ARRAYS//lasso_traces_ArraysOfVariableLength.c/lasso_trace_4.txt,TERMINATING,3.30,162.26,11.00,TERMINATING,13,10,23,Affine template / Affine template
ATVA2026_benchmark/TERM_LASSO/SI_ARRAYS//lasso_traces_ArraysOfVariableLength_no-overflow.c/lasso_trace_1.txt,TERMINATING,2.42,172.19,13.00,TERMINATING,5,7,12,Affine template / Affine template
ATVA2026_benchmark/TERM_LASSO/SI_ARRAYS//lasso_traces_ArraysOfVariableLength_no-overflow.c/lasso_trace_4.txt,TERMINATING,0.53,38.71,11.00,TERMINATING,13,10,23,Affine template / Affine template
ATVA2026_benchmark/TERM_LASSO/SI_ARRAYS//lasso_traces_ArraysWithLenghtAtDeclaration.c/lasso_trace_2.txt,TERMINATING,8.04,367.88,20.00,TERMINATING,5,10,15,Affine template / Affine template
ATVA2026_benchmark/TERM_LASSO/SI_ARRAYS//lasso_traces_ArraysWithLenghtAtDeclaration.c/lasso_trace_6.txt,TERMINATING,4.06,221.89,16.00,TERMINATING,16,13,29,Affine template / Affine template
ATVA2026_benchmark/TERM_LASSO/SI_ARRAYS//lasso_traces_ArraysWithLenghtAtDeclaration_no-overflow.c/lasso_trace_2.txt,TERMINATING,1.73,58.17,18.00,TERMINATING,5,10,15,Affine template / Affine template
ATVA2026_benchmark/TERM_LASSO/SI_ARRAYS//lasso_traces_ArraysWithLenghtAtDeclaration_no-overflow.c/lasso_trace_6.txt,TERMINATING,0.70,35.35,16.00,TERMINATING,16,13,29,Affine template / Affine template
ATVA2026_benchmark/TERM_LASSO/SI_ARRAYS//lasso_traces_ArraysWithLenghtAtDeclaration_-read.c/lasso_trace_3.txt,TERMINATING,7.70,335.87,19.00,TERMINATING,6,13,19,Affine template / Affine template
ATVA2026_benchmark/TERM_LASSO/SI_ARRAYS//lasso_traces_ArraysWithLenghtAtDeclaration_-read.c/lasso_trace_5.txt,TERMINATING,2.99,291.52,16.00,TERMINATING,19,16,35,Affine template / Affine template
ATVA2026_benchmark/TERM_LASSO/SI_ARRAYS//lasso_traces_ArraysWithLenghtAtDeclaration_-read_valid-memsafety.c/lasso_trace_3.txt,TERMINATING,1.74,39.04,18.00,TERMINATING,6,13,19,Affine template / Affine template
ATVA2026_benchmark/TERM_LASSO/SI_ARRAYS//lasso_traces_ArraysWithLenghtAtDeclaration_-read_valid-memsafety.c/lasso_trace_5.txt,TERMINATING,0.70,39.99,15.00,TERMINATING,19,16,35,Affine template / Affine template
ATVA2026_benchmark/TERM_LASSO/SI_ARRAYS//lasso_traces_ArraysWithLenghtAtDeclaration_-write.c/lasso_trace_3.txt,TERMINATING,8.57,230.16,18.00,TERMINATING,6,13,19,Affine template / Affine template
ATVA2026_benchmark/TERM_LASSO/SI_ARRAYS//lasso_traces_ArraysWithLenghtAtDeclaration_-write.c/lasso_trace_5.txt,TERMINATING,6.69,240.33,16.00,TERMINATING,19,16,35,Affine template / Affine template
ATVA2026_benchmark/TERM_LASSO/SI_ARRAYS//lasso_traces_ArraysWithLenghtAtDeclaration_-write_valid-memsafety.c/lasso_trace_3.txt,TERMINATING,1.79,41.69,19.00,TERMINATING,6,13,19,Affine template / Affine template
ATVA2026_benchmark/TERM_LASSO/SI_ARRAYS//lasso_traces_ArraysWithLenghtAtDeclaration_-write_valid-memsafety.c/lasso_trace_5.txt,TERMINATING,0.66,43.42,15.00,TERMINATING,19,16,35,Affine template / Affine template
ATVA2026_benchmark/TERM_LASSO/SI_ARRAYS//lasso_traces_atoi.c/lasso_trace_1.txt,TERMINATING,14.93,1309.65,15.00,TERMINATING,6,2,8,Affine template / Affine template
ATVA2026_benchmark/TERM_LASSO/SI_ARRAYS//lasso_traces_atoi_termination.c/lasso_trace_1.txt,TERMINATING,3.48,158.07,14.00,TERMINATING,6,2,8,Affine template / Affine template
ATVA2026_benchmark/TERM_LASSO/SI_ARRAYS//lasso_traces_atol.c/lasso_trace_1.txt,TERMINATING,11.30,815.58,14.00,TERMINATING,6,2,8,Affine template / Affine template
ATVA2026_benchmark/TERM_LASSO/SI_ARRAYS//lasso_traces_atoll-2.c/lasso_trace_1.txt,TERMINATING,7.96,621.56,28.00,TERMINATING,6,2,8,Affine template / Affine template
ATVA2026_benchmark/TERM_LASSO/SI_ARRAYS//lasso_traces_atoll-2_termination.c/lasso_trace_1.txt,TERMINATING,2.38,83.45,26.00,TERMINATING,6,2,8,Affine template / Affine template
ATVA2026_benchmark/TERM_LASSO/SI_ARRAYS//lasso_traces_atoll.c/lasso_trace_1.txt,TERMINATING,13.06,1667.86,49.00,TERMINATING,9,2,11,Affine template / Affine template
ATVA2026_benchmark/TERM_LASSO/SI_ARRAYS//lasso_traces_atoll_def-behavior.c/lasso_trace_1.txt,TERMINATING,1.79,296.51,53.00,TERMINATING,9,2,11,Affine template / Affine template
ATVA2026_benchmark/TERM_LASSO/SI_ARRAYS//lasso_traces_atol_termination.c/lasso_trace_1.txt,TERMINATING,2.03,144.29,14.00,TERMINATING,6,2,8,Affine template / Affine template
ATVA2026_benchmark/TERM_LASSO/SI_ARRAYS//lasso_traces_Avery-2006FLOPS-Tabel1_true-alloca.c/lasso_trace_2.txt,TERMINATING,10.38,2304.55,41.00,TERMINATING,16,6,22,Affine template / Affine template
ATVA2026_benchmark/TERM_LASSO/SI_ARRAYS//lasso_traces_Avery-2006FLOPS-Tabel1_true-alloca_true-termination.c/lasso_trace_2.txt,TERMINATING,16.11,2244.39,41.00,TERMINATING,16,6,22,Affine template / Affine template
ATVA2026_benchmark/TERM_LASSO/SI_ARRAYS//lasso_traces_Avery-2006FLOPS-Tabel1_true-alloca_valid-memsafety.c/lasso_trace_2.txt,TERMINATING,2.69,396.29,44.00,TERMINATING,16,6,22,Affine template / Affine template
ATVA2026_benchmark/TERM_LASSO/SI_ARRAYS//lasso_traces_aviad_true-alloca.c/lasso_trace_1.txt,TERMINATING,12.95,1605.88,47.00,TERMINATING,10,10,20,Affine template / Affine template
ATVA2026_benchmark/TERM_LASSO/SI_ARRAYS//lasso_traces_aviad_true-alloca_true-termination.c/lasso_trace_1.txt,TERMINATING,11.80,1954.42,46.00,TERMINATING,10,10,20,Affine template / Affine template
ATVA2026_benchmark/TERM_LASSO/SI_ARRAYS//lasso_traces_aviad_true-alloca_valid-memsafety.c/lasso_trace_1.txt,TERMINATING,2.94,316.07,47.00,TERMINATING,10,10,20,Affine template / Affine template
ATVA2026_benchmark/TERM_LASSO/SI_ARRAYS//lasso_traces_b.01-alloca.c/lasso_trace_1.txt,TERMINATING,15.42,1885.89,55.00,TERMINATING,10,5,15,Affine template / Affine template
ATVA2026_benchmark/TERM_LASSO/SI_ARRAYS//lasso_traces_b.01-alloca_false-no-overflow.c/lasso_trace_1.txt,TERMINATING,18.44,1035.07,55.00,TERMINATING,10,7,17,Affine template / Affine template
ATVA2026_benchmark/TERM_LASSO/SI_ARRAYS//lasso_traces_b.01-alloca_true-termination.c/lasso_trace_1.txt,TERMINATING,14.75,2005.72,40.00,TERMINATING,10,7,17,Affine template / Affine template
ATVA2026_benchmark/TERM_LASSO/SI_ARRAYS//lasso_traces_b.01-alloca_valid-memsafety.c/lasso_trace_1.txt,TERMINATING,2.41,377.85,44.00,TERMINATING,10,5,15,Affine template / Affine template
ATVA2026_benchmark/TERM_LASSO/SI_ARRAYS//lasso_traces_b.02-alloca.c/lasso_trace_1.txt,TERMINATING,9.75,1771.81,57.00,TERMINATING,10,7,17,Affine template / Affine template
ATVA2026_benchmark/TERM_LASSO/SI_ARRAYS//lasso_traces_b.02-alloca_false-no-overflow.c/lasso_trace_1.txt,TERMINATING,12.19,1312.34,50.00,TERMINATING,10,9,19,Affine template / Affine template
ATVA2026_benchmark/TERM_LASSO/SI_ARRAYS//lasso_traces_b.02-alloca_true-termination.c/lasso_trace_1.txt,TERMINATING,13.17,1078.45,40.00,TERMINATING,10,9,19,Affine template / Affine template
ATVA2026_benchmark/TERM_LASSO/SI_ARRAYS//lasso_traces_b.02-alloca_valid-memsafety.c/lasso_trace_1.txt,TERMINATING,2.66,346.93,50.00,TERMINATING,10,7,17,Affine template / Affine template
ATVA2026_benchmark/TERM_LASSO/SI_ARRAYS//lasso_traces_b.03_assume-alloca.c/lasso_trace_2.txt,TERMINATING,15.40,1035.72,30.00,TERMINATING,11,11,22,Affine template / Affine template
ATVA2026_benchmark/TERM_LASSO/SI_ARRAYS//lasso_traces_b.03_assume-alloca_false-no-overflow.c/lasso_trace_1.txt,TERMINATING,10.43,900.92,34.00,TERMINATING,11,8,19,Affine template / Affine template
ATVA2026_benchmark/TERM_LASSO/SI_ARRAYS//lasso_traces_b.03_assume-alloca_true-termination.c/lasso_trace_1.txt,TERMINATING,21.59,858.73,32.00,TERMINATING,11,8,19,Affine template / Affine template
ATVA2026_benchmark/TERM_LASSO/SI_ARRAYS//lasso_traces_b.03_assume-alloca_valid-memsafety.c/lasso_trace_2.txt,TERMINATING,2.40,204.27,31.00,TERMINATING,11,11,22,Affine template / Affine template
ATVA2026_benchmark/TERM_LASSO/SI_ARRAYS//lasso_traces_b.03-no-inv_assume-alloca.c/lasso_trace_2.txt,TERMINATING,9.87,1283.45,36.00,TERMINATING,11,9,20,Affine template / Affine template
ATVA2026_benchmark/TERM_LASSO/SI_ARRAYS//lasso_traces_b.03-no-inv_assume-alloca_false-no-overflow.c/lasso_trace_1.txt,TERMINATING,13.22,1381.81,33.00,TERMINATING,11,6,17,Affine template / Affine template
ATVA2026_benchmark/TERM_LASSO/SI_ARRAYS//lasso_traces_b.03-no-inv_assume-alloca_true-termination.c/lasso_trace_1.txt,TERMINATING,10.65,1347.02,36.00,TERMINATING,11,6,17,Affine template / Affine template
ATVA2026_benchmark/TERM_LASSO/SI_ARRAYS//lasso_traces_b.03-no-inv_assume-alloca_valid-memsafety.c/lasso_trace_2.txt,TERMINATING,2.05,254.79,43.00,TERMINATING,11,9,20,Affine template / Affine template
ATVA2026_benchmark/TERM_LASSO/SI_ARRAYS//lasso_traces_b.04-alloca.c/lasso_trace_1.txt,TERMINATING,12.33,2099.06,44.00,TERMINATING,10,9,19,Affine template / Affine template
ATVA2026_benchmark/TERM_LASSO/SI_ARRAYS//lasso_traces_b.04-alloca_true-termination.c/lasso_trace_1.txt,TERMINATING,12.19,854.74,58.00,TERMINATING,10,9,19,Affine template / Affine template
ATVA2026_benchmark/TERM_LASSO/SI_ARRAYS//lasso_traces_b.04-alloca_valid-memsafety.c/lasso_trace_1.txt,TERMINATING,3.10,372.84,40.00,TERMINATING,10,9,19,Affine template / Affine template
ATVA2026_benchmark/TERM_LASSO/SI_ARRAYS//lasso_traces_b.05-alloca.c/lasso_trace_3.txt,TERMINATING,22.57,1400.78,30.00,TERMINATING,10,13,23,Affine template / Affine template
ATVA2026_benchmark/TERM_LASSO/SI_ARRAYS//lasso_traces_b.05-alloca_false-no-overflow.c/lasso_trace_2.txt,TERMINATING,11.38,1068.93,36.00,TERMINATING,10,7,17,Affine template / Affine template
ATVA2026_benchmark/TERM_LASSO/SI_ARRAYS//lasso_traces_b.05-alloca_true-termination.c/lasso_trace_2.txt,TERMINATING,31.84,992.61,36.00,TERMINATING,10,7,17,Affine template / Affine template
ATVA2026_benchmark/TERM_LASSO/SI_ARRAYS//lasso_traces_b.05-alloca_valid-memsafety.c/lasso_trace_3.txt,TERMINATING,2.45,273.89,30.00,TERMINATING,10,13,23,Affine template / Affine template
ATVA2026_benchmark/TERM_LASSO/SI_ARRAYS//lasso_traces_b.06-alloca.c/lasso_trace_2.txt,TERMINATING,2.79,211.21,37.00,TERMINATING,10,10,20,Affine template / Affine template
ATVA2026_benchmark/TERM_LASSO/SI_ARRAYS//lasso_traces_b.06-alloca_true-termination.c/lasso_trace_2.txt,TERMINATING,2.86,360.59,48.00,TERMINATING,10,10,20,Affine template / Affine template
ATVA2026_benchmark/TERM_LASSO/SI_ARRAYS//lasso_traces_b.06-alloca_valid-memsafety.c/lasso_trace_2.txt,TERMINATING,2.83,210.05,38.00,TERMINATING,10,10,20,Affine template / Affine template
ATVA2026_benchmark/TERM_LASSO/SI_ARRAYS//lasso_traces_b.07-alloca.c/lasso_trace_2.txt,TERMINATING,2.88,299.16,46.00,TERMINATING,11,10,21,Affine template / Affine template
ATVA2026_benchmark/TERM_LASSO/SI_ARRAYS//lasso_traces_b.07-alloca_false-no-overflow.c/lasso_trace_2.txt,TERMINATING,3.32,310.93,64.00,TERMINATING,11,12,23,Affine template / Affine template
ATVA2026_benchmark/TERM_LASSO/SI_ARRAYS//lasso_traces_b.07-alloca_true-termination.c/lasso_trace_2.txt,TERMINATING,3.13,313.85,68.00,TERMINATING,11,12,23,Affine template / Affine template
ATVA2026_benchmark/TERM_LASSO/SI_ARRAYS//lasso_traces_b.07-alloca_valid-memsafety.c/lasso_trace_2.txt,TERMINATING,3.06,300.84,57.00,TERMINATING,11,10,21,Affine template / Affine template
ATVA2026_benchmark/TERM_LASSO/SI_ARRAYS//lasso_traces_b.09_assume-alloca.c/lasso_trace_2.txt,TERMINATING,2.97,446.18,88.00,TERMINATING,14,9,23,Affine template / Affine template
ATVA2026_benchmark/TERM_LASSO/SI_ARRAYS//lasso_traces_b.09_assume-alloca.c/lasso_trace_3.txt,TERMINATING,1.40,220.13,50.00,TERMINATING,19,11,30,Affine template / Affine template
ATVA2026_benchmark/TERM_LASSO/SI_ARRAYS//lasso_traces_b.09_assume-alloca_true-termination.c/lasso_trace_2.txt,TERMINATING,2.75,294.31,92.00,TERMINATING,14,9,23,Affine template / Affine template
ATVA2026_benchmark/TERM_LASSO/SI_ARRAYS//lasso_traces_b.09_assume-alloca_true-termination.c/lasso_trace_3.txt,TERMINATING,1.45,191.19,45.00,TERMINATING,19,11,30,Affine template / Affine template
ATVA2026_benchmark/TERM_LASSO/SI_ARRAYS//lasso_traces_b.09_assume-alloca_valid-memsafety.c/lasso_trace_2.txt,TERMINATING,2.79,448.22,88.00,TERMINATING,14,9,23,Affine template / Affine template
ATVA2026_benchmark/TERM_LASSO/SI_ARRAYS//lasso_traces_b.09_assume-alloca_valid-memsafety.c/lasso_trace_3.txt,TERMINATING,1.69,214.25,54.00,TERMINATING,19,11,30,Affine template / Affine template
ATVA2026_benchmark/TERM_LASSO/SI_ARRAYS//lasso_traces_b.09-no-inv_assume-alloca.c/lasso_trace_2.txt,TERMINATING,2.89,226.58,86.00,TERMINATING,14,9,23,Affine template / Affine template
ATVA2026_benchmark/TERM_LASSO/SI_ARRAYS//lasso_traces_b.09-no-inv_assume-alloca_true-termination.c/lasso_trace_2.txt,TERMINATING,2.58,534.96,88.00,TERMINATING,14,9,23,Affine template / Affine template
ATVA2026_benchmark/TERM_LASSO/SI_ARRAYS//lasso_traces_b.09-no-inv_assume-alloca_true-termination.c/lasso_trace_3.txt,TERMINATING,1.76,519.54,100.00,TERMINATING,19,9,28,Affine template / Affine template
ATVA2026_benchmark/TERM_LASSO/SI_ARRAYS//lasso_traces_b.09-no-inv_assume-alloca_valid-memsafety.c/lasso_trace_2.txt,TERMINATING,2.79,223.09,90.00,TERMINATING,14,9,23,Affine template / Affine template
ATVA2026_benchmark/TERM_LASSO/SI_ARRAYS//lasso_traces_b.10-alloca.c/lasso_trace_3.txt,TERMINATING,2.36,448.31,40.00,TERMINATING,10,15,25,Affine template / Affine template
ATVA2026_benchmark/TERM_LASSO/SI_ARRAYS//lasso_traces_b.10-alloca.c/lasso_trace_5.txt,TERMINATING,0.87,154.99,44.00,TERMINATING,23,17,40,Affine template / Affine template
ATVA2026_benchmark/TERM_LASSO/SI_ARRAYS//lasso_traces_b.10-alloca_false-no-overflow.c/lasso_trace_2.txt,TERMINATING,2.78,275.61,48.00,TERMINATING,10,9,19,Affine template / Affine template
ATVA2026_benchmark/TERM_LASSO/SI_ARRAYS//lasso_traces_b.10-alloca_false-no-overflow.c/lasso_trace_3.txt,TERMINATING,1.38,134.61,51.00,TERMINATING,15,11,26,Affine template / Affine template
ATVA2026_benchmark/TERM_LASSO/SI_ARRAYS//lasso_traces_b.10-alloca_true-termination.c/lasso_trace_1.txt,TERMINATING,3.57,350.09,52.00,TERMINATING,10,9,19,Affine template / Affine template
ATVA2026_benchmark/TERM_LASSO/SI_ARRAYS//lasso_traces_b.10-alloca_true-termination.c/lasso_trace_3.txt,TERMINATING,1.55,103.48,47.00,TERMINATING,15,11,26,Affine template / Affine template
ATVA2026_benchmark/TERM_LASSO/SI_ARRAYS//lasso_traces_b.10-alloca_valid-memsafety.c/lasso_trace_3.txt,TERMINATING,2.41,446.27,43.00,TERMINATING,10,15,25,Affine template / Affine template
ATVA2026_benchmark/TERM_LASSO/SI_ARRAYS//lasso_traces_b.10-alloca_valid-memsafety.c/lasso_trace_5.txt,TERMINATING,0.89,153.57,38.00,TERMINATING,23,17,40,Affine template / Affine template
ATVA2026_benchmark/TERM_LASSO/SI_ARRAYS//lasso_traces_b.11-alloca.c/lasso_trace_3.txt,TERMINATING,2.55,344.41,43.00,TERMINATING,10,16,26,Affine template / Affine template
ATVA2026_benchmark/TERM_LASSO/SI_ARRAYS//lasso_traces_b.11-alloca.c/lasso_trace_4.txt,TERMINATING,0.98,213.11,41.00,TERMINATING,24,19,43,Affine template / Affine template
ATVA2026_benchmark/TERM_LASSO/SI_ARRAYS//lasso_traces_b.11-alloca.c/lasso_trace_7.txt,TERMINATING,0.78,313.87,35.00,TERMINATING,27,19,46,Affine template / Affine template
ATVA2026_benchmark/TERM_LASSO/SI_ARRAYS//lasso_traces_b.11-alloca_false-no-overflow.c/lasso_trace_1.txt,TERMINATING,2.76,228.59,37.00,TERMINATING,10,10,20,Affine template / Affine template
ATVA2026_benchmark/TERM_LASSO/SI_ARRAYS//lasso_traces_b.11-alloca_false-no-overflow.c/lasso_trace_2.txt,TERMINATING,1.48,168.60,39.00,TERMINATING,16,13,29,Affine template / Affine template
ATVA2026_benchmark/TERM_LASSO/SI_ARRAYS//lasso_traces_b.11-alloca_false-no-overflow.c/lasso_trace_3.txt,TERMINATING,1.39,195.04,38.00,TERMINATING,19,13,32,Affine template / Affine template
ATVA2026_benchmark/TERM_LASSO/SI_ARRAYS//lasso_traces_b.11-alloca_true-termination.c/lasso_trace_1.txt,TERMINATING,2.60,238.00,43.00,TERMINATING,10,10,20,Affine template / Affine template
ATVA2026_benchmark/TERM_LASSO/SI_ARRAYS//lasso_traces_b.11-alloca_true-termination.c/lasso_trace_2.txt,TERMINATING,1.43,178.61,39.00,TERMINATING,16,13,29,Affine template / Affine template
ATVA2026_benchmark/TERM_LASSO/SI_ARRAYS//lasso_traces_b.11-alloca_true-termination.c/lasso_trace_3.txt,TERMINATING,1.52,202.42,43.00,TERMINATING,19,13,32,Affine template / Affine template
ATVA2026_benchmark/TERM_LASSO/SI_ARRAYS//lasso_traces_b.11-alloca_valid-memsafety.c/lasso_trace_3.txt,TERMINATING,2.32,353.46,44.00,TERMINATING,10,16,26,Affine template / Affine template
ATVA2026_benchmark/TERM_LASSO/SI_ARRAYS//lasso_traces_b.11-alloca_valid-memsafety.c/lasso_trace_4.txt,TERMINATING,0.86,219.79,42.00,TERMINATING,24,19,43,Affine template / Affine template
ATVA2026_benchmark/TERM_LASSO/SI_ARRAYS//lasso_traces_b.11-alloca_valid-memsafety.c/lasso_trace_7.txt,TERMINATING,0.86,303.20,33.00,TERMINATING,27,19,46,Affine template / Affine template
ATVA2026_benchmark/TERM_LASSO/SI_ARRAYS//lasso_traces_b.12-alloca.c/lasso_trace_1.txt,TERMINATING,2.53,340.04,41.00,TERMINATING,10,7,17,Affine template / Affine template
ATVA2026_benchmark/TERM_LASSO/SI_ARRAYS//lasso_traces_b.12-alloca.c/lasso_trace_6.txt,TERMINATING,0.89,392.48,46.00,TERMINATING,12,10,22,Affine template / Affine template
ATVA2026_benchmark/TERM_LASSO/SI_ARRAYS//lasso_traces_b.12-alloca_false-no-overflow.c/lasso_trace_1.txt,TERMINATING,3.30,368.64,33.00,TERMINATING,10,9,19,Affine template / Affine template
ATVA2026_benchmark/TERM_LASSO/SI_ARRAYS//lasso_traces_b.12-alloca_false-no-overflow.c/lasso_trace_5.txt,TERMINATING,1.68,297.07,38.00,TERMINATING,12,12,24,Affine template / Affine template
ATVA2026_benchmark/TERM_LASSO/SI_ARRAYS//lasso_traces_b.12-alloca_true-termination.c/lasso_trace_1.txt,TERMINATING,2.49,374.06,38.00,TERMINATING,10,9,19,Affine template / Affine template
ATVA2026_benchmark/TERM_LASSO/SI_ARRAYS//lasso_traces_b.12-alloca_true-termination.c/lasso_trace_5.txt,TERMINATING,1.75,330.31,39.00,TERMINATING,12,12,24,Affine template / Affine template
ATVA2026_benchmark/TERM_LASSO/SI_ARRAYS//lasso_traces_b.12-alloca_valid-memsafety.c/lasso_trace_1.txt,TERMINATING,2.60,350.51,39.00,TERMINATING,10,7,17,Affine template / Affine template
ATVA2026_benchmark/TERM_LASSO/SI_ARRAYS//lasso_traces_b.12-alloca_valid-memsafety.c/lasso_trace_6.txt,TERMINATING,0.89,357.22,44.00,TERMINATING,12,10,22,Affine template / Affine template
ATVA2026_benchmark/TERM_LASSO/SI_ARRAYS//lasso_traces_b.13-alloca.c/lasso_trace_1.txt,TERMINATING,2.37,164.82,43.00,TERMINATING,11,9,20,Affine template / Affine template
ATVA2026_benchmark/TERM_LASSO/SI_ARRAYS//lasso_traces_b.13-alloca.c/lasso_trace_5.txt,TERMINATING,1.19,371.72,54.00,TERMINATING,14,14,28,Affine template / Affine template
ATVA2026_benchmark/TERM_LASSO/SI_ARRAYS//lasso_traces_b.13-alloca_false-no-overflow.c/lasso_trace_1.txt,TERMINATING,2.92,543.06,65.00,TERMINATING,11,11,22,Affine template / Affine template
ATVA2026_benchmark/TERM_LASSO/SI_ARRAYS//lasso_traces_b.13-alloca_false-no-overflow.c/lasso_trace_5.txt,TERMINATING,1.92,463.57,73.00,TERMINATING,14,16,30,Affine template / Affine template
ATVA2026_benchmark/TERM_LASSO/SI_ARRAYS//lasso_traces_b.13-alloca_true-termination.c/lasso_trace_1.txt,TERMINATING,2.83,361.98,52.00,TERMINATING,11,11,22,Affine template / Affine template
ATVA2026_benchmark/TERM_LASSO/SI_ARRAYS//lasso_traces_b.13-alloca_true-termination.c/lasso_trace_5.txt,TERMINATING,1.81,92.34,54.00,TERMINATING,14,16,30,Affine template / Affine template
ATVA2026_benchmark/TERM_LASSO/SI_ARRAYS//lasso_traces_b.13-alloca_valid-memsafety.c/lasso_trace_1.txt,TERMINATING,2.33,136.15,43.00,TERMINATING,11,9,20,Affine template / Affine template
ATVA2026_benchmark/TERM_LASSO/SI_ARRAYS//lasso_traces_b.13-alloca_valid-memsafety.c/lasso_trace_5.txt,TERMINATING,0.91,366.12,53.00,TERMINATING,14,14,28,Affine template / Affine template
ATVA2026_benchmark/TERM_LASSO/SI_ARRAYS//lasso_traces_b.14-alloca.c/lasso_trace_4.txt,TERMINATING,2.72,144.58,40.00,TERMINATING,10,15,25,Affine template / Affine template
ATVA2026_benchmark/TERM_LASSO/SI_ARRAYS//lasso_traces_b.14-alloca.c/lasso_trace_5.txt,TERMINATING,1.55,180.01,47.00,TERMINATING,15,8,23,Affine template / Affine template
ATVA2026_benchmark/TERM_LASSO/SI_ARRAYS//lasso_traces_b.14-alloca_true-termination.c/lasso_trace_4.txt,TERMINATING,2.67,145.75,43.00,TERMINATING,10,15,25,Affine template / Affine template
ATVA2026_benchmark/TERM_LASSO/SI_ARRAYS//lasso_traces_b.14-alloca_true-termination.c/lasso_trace_5.txt,TERMINATING,1.84,187.78,48.00,TERMINATING,15,8,23,Affine template / Affine template
ATVA2026_benchmark/TERM_LASSO/SI_ARRAYS//lasso_traces_b.14-alloca_valid-memsafety.c/lasso_trace_4.txt,TERMINATING,2.30,144.75,38.00,TERMINATING,10,15,25,Affine template / Affine template
ATVA2026_benchmark/TERM_LASSO/SI_ARRAYS//lasso_traces_b.14-alloca_valid-memsafety.c/lasso_trace_5.txt,TERMINATING,1.65,173.03,48.00,TERMINATING,15,8,23,Affine template / Affine template
ATVA2026_benchmark/TERM_LASSO/SI_ARRAYS//lasso_traces_b.15-alloca.c/lasso_trace_4.txt,TERMINATING,2.64,467.83,58.00,TERMINATING,11,16,27,Affine template / Affine template
ATVA2026_benchmark/TERM_LASSO/SI_ARRAYS//lasso_traces_b.15-alloca.c/lasso_trace_6.txt,TERMINATING,1.88,449.49,49.00,TERMINATING,17,7,24,Affine template / Affine template
ATVA2026_benchmark/TERM_LASSO/SI_ARRAYS//lasso_traces_b.15-alloca_false-no-overflow.c/lasso_trace_4.txt,TERMINATING,2.75,181.18,57.00,TERMINATING,11,18,29,Affine template / Affine template
ATVA2026_benchmark/TERM_LASSO/SI_ARRAYS//lasso_traces_b.15-alloca_false-no-overflow.c/lasso_trace_6.txt,TERMINATING,1.86,198.15,66.00,TERMINATING,17,9,26,Affine template / Affine template
ATVA2026_benchmark/TERM_LASSO/SI_ARRAYS//lasso_traces_b.15-alloca_true-termination.c/lasso_trace_4.txt,TERMINATING,2.87,317.74,79.00,TERMINATING,11,18,29,Affine template / Affine template
ATVA2026_benchmark/TERM_LASSO/SI_ARRAYS//lasso_traces_b.15-alloca_true-termination.c/lasso_trace_5.txt,TERMINATING,2.00,309.48,71.00,TERMINATING,17,9,26,Affine template / Affine template
ATVA2026_benchmark/TERM_LASSO/SI_ARRAYS//lasso_traces_b.15-alloca_valid-memsafety.c/lasso_trace_4.txt,TERMINATING,2.81,478.47,56.00,TERMINATING,11,16,27,Affine template / Affine template
ATVA2026_benchmark/TERM_LASSO/SI_ARRAYS//lasso_traces_b.15-alloca_valid-memsafety.c/lasso_trace_6.txt,TERMINATING,1.50,444.42,48.00,TERMINATING,17,7,24,Affine template / Affine template
ATVA2026_benchmark/TERM_LASSO/SI_ARRAYS//lasso_traces_b.16-alloca.c/lasso_trace_2.txt,TERMINATING,2.36,218.91,33.00,TERMINATING,10,6,16,Affine template / Affine template
ATVA2026_benchmark/TERM_LASSO/SI_ARRAYS//lasso_traces_b.16-alloca.c/lasso_trace_3.txt,TERMINATING,0.86,97.50,31.00,TERMINATING,14,4,18,Affine template / Affine template
ATVA2026_benchmark/TERM_LASSO/SI_ARRAYS//lasso_traces_b.16-alloca_false-no-overflow.c/lasso_trace_2.txt,TERMINATING,2.91,461.57,38.00,TERMINATING,10,8,18,Affine template / Affine template
ATVA2026_benchmark/TERM_LASSO/SI_ARRAYS//lasso_traces_b.16-alloca_false-no-overflow.c/lasso_trace_3.txt,TERMINATING,1.37,301.44,42.00,TERMINATING,14,6,20,Affine template / Affine template
ATVA2026_benchmark/TERM_LASSO/SI_ARRAYS//lasso_traces_b.16-alloca_true-termination.c/lasso_trace_2.txt,TERMINATING,3.01,457.44,39.00,TERMINATING,10,8,18,Affine template / Affine template
ATVA2026_benchmark/TERM_LASSO/SI_ARRAYS//lasso_traces_b.16-alloca_true-termination.c/lasso_trace_3.txt,TERMINATING,1.29,316.22,42.00,TERMINATING,14,6,20,Affine template / Affine template
ATVA2026_benchmark/TERM_LASSO/SI_ARRAYS//lasso_traces_b.16-alloca_valid-memsafety.c/lasso_trace_2.txt,TERMINATING,2.29,224.62,32.00,TERMINATING,10,6,16,Affine template / Affine template
ATVA2026_benchmark/TERM_LASSO/SI_ARRAYS//lasso_traces_b.16-alloca_valid-memsafety.c/lasso_trace_3.txt,TERMINATING,0.87,106.24,30.00,TERMINATING,14,4,18,Affine template / Affine template
ATVA2026_benchmark/TERM_LASSO/SI_ARRAYS//lasso_traces_b.17-alloca.c/lasso_trace_2.txt,TERMINATING,16.25,1273.81,64.00,TERMINATING,11,8,19,Affine template / Affine template
ATVA2026_benchmark/TERM_LASSO/SI_ARRAYS//lasso_traces_b.17-alloca.c/lasso_trace_3.txt,TERMINATING,3.69,1375.29,61.00,TERMINATING,17,5,22,Affine template / Affine template
ATVA2026_benchmark/TERM_LASSO/SI_ARRAYS//lasso_traces_b.17-alloca_false-no-overflow.c/lasso_trace_2.txt,TERMINATING,3.25,330.56,85.00,TERMINATING,11,10,21,Affine template / Affine template
ATVA2026_benchmark/TERM_LASSO/SI_ARRAYS//lasso_traces_b.17-alloca_false-no-overflow.c/lasso_trace_3.txt,TERMINATING,1.62,299.95,57.00,TERMINATING,17,7,24,Affine template / Affine template
ATVA2026_benchmark/TERM_LASSO/SI_ARRAYS//lasso_traces_b.17-alloca_true-termination.c/lasso_trace_2.txt,TERMINATING,2.92,306.45,66.00,TERMINATING,11,10,21,Affine template / Affine template
ATVA2026_benchmark/TERM_LASSO/SI_ARRAYS//lasso_traces_b.17-alloca_true-termination.c/lasso_trace_3.txt,TERMINATING,1.88,251.38,63.00,TERMINATING,17,7,24,Affine template / Affine template
ATVA2026_benchmark/TERM_LASSO/SI_ARRAYS//lasso_traces_b.17-alloca_valid-memsafety.c/lasso_trace_2.txt,TERMINATING,2.32,296.45,56.00,TERMINATING,11,8,19,Affine template / Affine template
ATVA2026_benchmark/TERM_LASSO/SI_ARRAYS//lasso_traces_b.17-alloca_valid-memsafety.c/lasso_trace_3.txt,TERMINATING,0.94,290.82,60.00,TERMINATING,17,5,22,Affine template / Affine template
ATVA2026_benchmark/TERM_LASSO/SI_ARRAYS//lasso_traces_b.18-alloca.c/lasso_trace_4.txt,TERMINATING,2.32,190.04,26.00,TERMINATING,9,13,22,Affine template / Affine template
ATVA2026_benchmark/TERM_LASSO/SI_ARRAYS//lasso_traces_b.18-alloca.c/lasso_trace_6.txt,TERMINATING,1.08,172.57,43.00,TERMINATING,10,17,27,Affine template / Affine template
ATVA2026_benchmark/TERM_LASSO/SI_ARRAYS//lasso_traces_b.18-alloca.c/lasso_trace_7.txt,TERMINATING,0.89,177.78,30.00,TERMINATING,16,4,20,Affine template / Affine template
ATVA2026_benchmark/TERM_LASSO/SI_ARRAYS//lasso_traces_b.18-alloca.c/lasso_trace_8.txt,TERMINATING,1.08,169.86,24.00,TERMINATING,16,4,20,Affine template / Affine template
ATVA2026_benchmark/TERM_LASSO/SI_ARRAYS//lasso_traces_b.18-alloca_true-termination.c/lasso_trace_4.txt,TERMINATING,9.92,203.74,25.00,TERMINATING,9,13,22,Affine template / Affine template
ATVA2026_benchmark/TERM_LASSO/SI_ARRAYS//lasso_traces_b.18-alloca_true-termination.c/lasso_trace_6.txt,TERMINATING,3.36,1156.99,41.00,TERMINATING,10,17,27,Affine template / Affine template
ATVA2026_benchmark/TERM_LASSO/SI_ARRAYS//lasso_traces_b.18-alloca_true-termination.c/lasso_trace_7.txt,TERMINATING,2.91,994.56,24.00,TERMINATING,16,4,20,Affine template / Affine template
ATVA2026_benchmark/TERM_LASSO/SI_ARRAYS//lasso_traces_b.18-alloca_true-termination.c/lasso_trace_8.txt,TERMINATING,2.77,799.00,21.00,TERMINATING,16,4,20,Affine template / Affine template
ATVA2026_benchmark/TERM_LASSO/SI_ARRAYS//lasso_traces_b.18-alloca_valid-memsafety.c/lasso_trace_4.txt,TERMINATING,2.39,191.00,27.00,TERMINATING,9,13,22,Affine template / Affine template
ATVA2026_benchmark/TERM_LASSO/SI_ARRAYS//lasso_traces_b.18-alloca_valid-memsafety.c/lasso_trace_6.txt,TERMINATING,0.85,160.31,40.00,TERMINATING,10,17,27,Affine template / Affine template
ATVA2026_benchmark/TERM_LASSO/SI_ARRAYS//lasso_traces_b.18-alloca_valid-memsafety.c/lasso_trace_7.txt,TERMINATING,0.65,147.84,25.00,TERMINATING,16,4,20,Affine template / Affine template
ATVA2026_benchmark/TERM_LASSO/SI_ARRAYS//lasso_traces_b.18-alloca_valid-memsafety.c/lasso_trace_8.txt,TERMINATING,0.75,168.02,23.00,TERMINATING,16,4,20,Affine template / Affine template
ATVA2026_benchmark/TERM_LASSO/SI_ARRAYS//lasso_traces_basename-3.c/lasso_trace_4.txt,TERMINATING,22.29,696.39,85.00,TERMINATING,9,19,28,Affine template / Affine template
ATVA2026_benchmark/TERM_LASSO/SI_ARRAYS//lasso_traces_basename-3_valid-memsafety.c/lasso_trace_4.txt,TERMINATING,1.78,157.69,92.00,TERMINATING,9,19,28,Affine template / Affine template
ATVA2026_benchmark/TERM_LASSO/SI_ARRAYS//lasso_traces_Ben-Amram-2010LMCS-Ex2.3-alloca.c/lasso_trace_2.txt,TERMINATING,3.09,314.13,59.00,TERMINATING,8,15,23,Affine template / Affine template
ATVA2026_benchmark/TERM_LASSO/SI_ARRAYS//lasso_traces_Ben-Amram-2010LMCS-Ex2.3-alloca.c/lasso_trace_3.txt,TERMINATING,1.77,397.75,50.00,TERMINATING,18,15,33,Affine template / Affine template
ATVA2026_benchmark/TERM_LASSO/SI_ARRAYS//lasso_traces_Ben-Amram-2010LMCS-Ex2.3-alloca_no-overflow.c/lasso_trace_2.txt,TERMINATING,2.79,307.90,54.00,TERMINATING,8,15,23,Affine template / Affine template
ATVA2026_benchmark/TERM_LASSO/SI_ARRAYS//lasso_traces_Ben-Amram-2010LMCS-Ex2.3-alloca_no-overflow.c/lasso_trace_3.txt,TERMINATING,1.54,391.04,53.00,TERMINATING,18,15,33,Affine template / Affine template
ATVA2026_benchmark/TERM_LASSO/SI_ARRAYS//lasso_traces_Ben-Amram-2010LMCS-Ex2.3-alloca_true-termination.c/lasso_trace_2.txt,TERMINATING,3.59,300.89,57.00,TERMINATING,8,15,23,Affine template / Affine template
ATVA2026_benchmark/TERM_LASSO/SI_ARRAYS//lasso_traces_Ben-Amram-2010LMCS-Ex2.3-alloca_true-termination.c/lasso_trace_3.txt,TERMINATING,1.90,387.86,44.00,TERMINATING,18,15,33,Affine template / Affine template
ATVA2026_benchmark/TERM_LASSO/SI_ARRAYS//lasso_traces_binary_search.c/lasso_trace_3.txt,TERMINATING,1.36,152.19,13.00,TERMINATING,10,4,14,Affine template / Affine template
ATVA2026_benchmark/TERM_LASSO/SI_ARRAYS//lasso_traces_binary_search.c/lasso_trace_4.txt,TERMINATING,1.32,70.83,20.00,TERMINATING,14,4,18,Affine template / Affine template
ATVA2026_benchmark/TERM_LASSO/SI_ARRAYS//lasso_traces_binary_search.c/lasso_trace_5.txt,TERMINATING,0.96,112.19,69.00,TERMINATING,10,10,20,Affine template / Affine template
ATVA2026_benchmark/TERM_LASSO/SI_ARRAYS//lasso_traces_binsearch-recursive.c/lasso_trace_3.txt,TERMINATING,1.95,456.12,204.00,TERMINATING,8,7,15,Affine template / Affine template
ATVA2026_benchmark/TERM_LASSO/SI_ARRAYS//lasso_traces_BradleyMannaSipma-2005CAV-Fig1-alloca_unknown-termination.c/lasso_trace_4.txt,TERMINATING,2.63,141.54,37.00,TERMINATING,21,6,27,Affine template / Affine template
ATVA2026_benchmark/TERM_LASSO/SI_ARRAYS//lasso_traces_BrockschmidtCookFuhs-2013CAV-Fig1-alloca-2.c/lasso_trace_2.txt,TERMINATING,3.86,479.31,50.00,TERMINATING,8,9,17,Affine template / Affine template
ATVA2026_benchmark/TERM_LASSO/SI_ARRAYS//lasso_traces_BrockschmidtCookFuhs-2013CAV-Fig1-alloca-2_termination.c/lasso_trace_2.txt,TERMINATING,2.78,388.46,47.00,TERMINATING,8,9,17,Affine template / Affine template
ATVA2026_benchmark/TERM_LASSO/SI_ARRAYS//lasso_traces_BrockschmidtCookFuhs-2013CAV-Fig1-alloca.c/lasso_trace_11.txt,TERMINATING,1.73,79.80,55.00,TERMINATING,25,24,49,Affine template / Affine template
ATVA2026_benchmark/TERM_LASSO/SI_ARRAYS//lasso_traces_BrockschmidtCookFuhs-2013CAV-Fig1-alloca.c/lasso_trace_14.txt,TERMINATING,1.57,138.46,43.00,TERMINATING,30,29,59,Affine template / Affine template
ATVA2026_benchmark/TERM_LASSO/SI_ARRAYS//lasso_traces_BrockschmidtCookFuhs-2013CAV-Fig1-alloca.c/lasso_trace_17.txt,TERMINATING,1.64,275.21,48.00,TERMINATING,35,34,69,Affine template / Affine template
ATVA2026_benchmark/TERM_LASSO/SI_ARRAYS//lasso_traces_BrockschmidtCookFuhs-2013CAV-Fig1-alloca.c/lasso_trace_2.txt,TERMINATING,2.70,227.25,41.00,TERMINATING,5,9,14,Affine template / Affine template
ATVA2026_benchmark/TERM_LASSO/SI_ARRAYS//lasso_traces_BrockschmidtCookFuhs-2013CAV-Fig1-alloca.c/lasso_trace_20.txt,TERMINATING,1.55,280.13,54.00,TERMINATING,41,39,80,Affine template / Affine template
ATVA2026_benchmark/TERM_LASSO/SI_ARRAYS//lasso_traces_BrockschmidtCookFuhs-2013CAV-Fig1-alloca.c/lasso_trace_23.txt,TERMINATING,2.10,298.31,63.00,TERMINATING,45,44,89,Affine template / Affine template
ATVA2026_benchmark/TERM_LASSO/SI_ARRAYS//lasso_traces_BrockschmidtCookFuhs-2013CAV-Fig1-alloca.c/lasso_trace_26.txt,TERMINATING,4.10,62.12,64.00,TERMINATING,50,49,99,Affine template / Affine template
ATVA2026_benchmark/TERM_LASSO/SI_ARRAYS//lasso_traces_BrockschmidtCookFuhs-2013CAV-Fig1-alloca.c/lasso_trace_29.txt,TERMINATING,1.58,257.33,48.00,TERMINATING,55,54,109,Affine template / Affine template
ATVA2026_benchmark/TERM_LASSO/SI_ARRAYS//lasso_traces_BrockschmidtCookFuhs-2013CAV-Fig1-alloca.c/lasso_trace_3.txt,TERMINATING,1.28,402.57,38.00,TERMINATING,12,5,17,Affine template / Affine template
ATVA2026_benchmark/TERM_LASSO/SI_ARRAYS//lasso_traces_BrockschmidtCookFuhs-2013CAV-Fig1-alloca.c/lasso_trace_5.txt,TERMINATING,2.76,94.71,63.00,TERMINATING,15,14,29,Affine template / Affine template
ATVA2026_benchmark/TERM_LASSO/SI_ARRAYS//lasso_traces_BrockschmidtCookFuhs-2013CAV-Fig1-alloca.c/lasso_trace_8.txt,TERMINATING,1.54,454.95,56.00,TERMINATING,20,19,39,Affine template / Affine template
ATVA2026_benchmark/TERM_LASSO/SI_ARRAYS//lasso_traces_BrockschmidtCookFuhs-2013CAV-Fig1-alloca_def-behavior.c/lasso_trace_11.txt,TERMINATING,1.57,67.21,55.00,TERMINATING,25,24,49,Affine template / Affine template
ATVA2026_benchmark/TERM_LASSO/SI_ARRAYS//lasso_traces_BrockschmidtCookFuhs-2013CAV-Fig1-alloca_def-behavior.c/lasso_trace_14.txt,TERMINATING,1.55,152.27,40.00,TERMINATING,30,29,59,Affine template / Affine template
ATVA2026_benchmark/TERM_LASSO/SI_ARRAYS//lasso_traces_BrockschmidtCookFuhs-2013CAV-Fig1-alloca_def-behavior.c/lasso_trace_17.txt,TERMINATING,1.64,285.89,52.00,TERMINATING,35,34,69,Affine template / Affine template
ATVA2026_benchmark/TERM_LASSO/SI_ARRAYS//lasso_traces_BrockschmidtCookFuhs-2013CAV-Fig1-alloca_def-behavior.c/lasso_trace_2.txt,TERMINATING,2.25,160.33,45.00,TERMINATING,5,9,14,Affine template / Affine template
ATVA2026_benchmark/TERM_LASSO/SI_ARRAYS//lasso_traces_BrockschmidtCookFuhs-2013CAV-Fig1-alloca_def-behavior.c/lasso_trace_20.txt,TERMINATING,1.52,368.92,55.00,TERMINATING,40,39,79,Affine template / Affine template
ATVA2026_benchmark/TERM_LASSO/SI_ARRAYS//lasso_traces_BrockschmidtCookFuhs-2013CAV-Fig1-alloca_def-behavior.c/lasso_trace_23.txt,TERMINATING,1.47,47.79,59.00,TERMINATING,45,44,89,Affine template / Affine template
ATVA2026_benchmark/TERM_LASSO/SI_ARRAYS//lasso_traces_BrockschmidtCookFuhs-2013CAV-Fig1-alloca_def-behavior.c/lasso_trace_26.txt,TERMINATING,1.55,298.97,54.00,TERMINATING,51,49,100,Affine template / Affine template
ATVA2026_benchmark/TERM_LASSO/SI_ARRAYS//lasso_traces_BrockschmidtCookFuhs-2013CAV-Fig1-alloca_def-behavior.c/lasso_trace_29.txt,TERMINATING,1.47,237.82,38.00,TERMINATING,55,54,109,Affine template / Affine template
ATVA2026_benchmark/TERM_LASSO/SI_ARRAYS//lasso_traces_BrockschmidtCookFuhs-2013CAV-Fig1-alloca_def-behavior.c/lasso_trace_3.txt,TERMINATING,1.32,300.35,31.00,TERMINATING,12,5,17,Affine template / Affine template
ATVA2026_benchmark/TERM_LASSO/SI_ARRAYS//lasso_traces_BrockschmidtCookFuhs-2013CAV-Fig1-alloca_def-behavior.c/lasso_trace_32.txt,TERMINATING,1.59,296.19,43.00,TERMINATING,60,59,119,Affine template / Affine template
ATVA2026_benchmark/TERM_LASSO/SI_ARRAYS//lasso_traces_BrockschmidtCookFuhs-2013CAV-Fig1-alloca_def-behavior.c/lasso_trace_35.txt,TERMINATING,1.64,71.91,51.00,TERMINATING,66,64,130,Affine template / Affine template
ATVA2026_benchmark/TERM_LASSO/SI_ARRAYS//lasso_traces_BrockschmidtCookFuhs-2013CAV-Fig1-alloca_def-behavior.c/lasso_trace_38.txt,TERMINATING,1.58,175.74,41.00,TERMINATING,70,69,139,Affine template / Affine template
ATVA2026_benchmark/TERM_LASSO/SI_ARRAYS//lasso_traces_BrockschmidtCookFuhs-2013CAV-Fig1-alloca_def-behavior.c/lasso_trace_41.txt,TERMINATING,1.77,157.99,53.00,TERMINATING,75,74,149,Affine template / Affine template
ATVA2026_benchmark/TERM_LASSO/SI_ARRAYS//lasso_traces_BrockschmidtCookFuhs-2013CAV-Fig1-alloca_def-behavior.c/lasso_trace_44.txt,TERMINATING,1.55,107.54,48.00,TERMINATING,80,79,159,Affine template / Affine template
ATVA2026_benchmark/TERM_LASSO/SI_ARRAYS//lasso_traces_BrockschmidtCookFuhs-2013CAV-Fig1-alloca_def-behavior.c/lasso_trace_5.txt,TERMINATING,1.38,65.24,52.00,TERMINATING,15,14,29,Affine template / Affine template
ATVA2026_benchmark/TERM_LASSO/SI_ARRAYS//lasso_traces_BrockschmidtCookFuhs-2013CAV-Fig1-alloca_def-behavior.c/lasso_trace_8.txt,TERMINATING,1.57,319.47,53.00,TERMINATING,20,19,39,Affine template / Affine template
ATVA2026_benchmark/TERM_LASSO/SI_ARRAYS//lasso_traces_BrockschmidtCookFuhs-2013CAV-Fig1-alloca_true-termination.c/lasso_trace_2.txt,TERMINATING,3.32,268.83,44.00,TERMINATING,5,9,14,Affine template / Affine template
ATVA2026_benchmark/TERM_LASSO/SI_ARRAYS//lasso_traces_BrockschmidtCookFuhs-2013CAV-Fig1-alloca_true-termination.c/lasso_trace_3.txt,TERMINATING,1.34,330.23,32.00,TERMINATING,12,5,17,Affine template / Affine template
ATVA2026_benchmark/TERM_LASSO/SI_ARRAYS//lasso_traces_BrockschmidtCookFuhs-2013CAV-Fig1-alloca_true-termination.c/lasso_trace_5.txt,TERMINATING,2.26,177.39,53.00,TERMINATING,15,14,29,Affine template / Affine template
ATVA2026_benchmark/TERM_LASSO/SI_ARRAYS//lasso_traces_BrockschmidtCookFuhs-2013CAV-Fig1-alloca_true-termination.c/lasso_trace_8.txt,TERMINATING,1.30,230.84,45.00,TERMINATING,17,19,36,Affine template / Affine template
ATVA2026_benchmark/TERM_LASSO/SI_ARRAYS//lasso_traces_BrockschmidtCookFuhs-2013CAV-Introduction-alloca-2.c/lasso_trace_1.txt,TERMINATING,3.65,243.04,37.00,TERMINATING,7,7,14,Affine template / Affine template
ATVA2026_benchmark/TERM_LASSO/SI_ARRAYS//lasso_traces_BrockschmidtCookFuhs-2013CAV-Introduction-alloca-2_termination.c/lasso_trace_1.txt,TERMINATING,2.97,231.54,39.00,TERMINATING,7,7,14,Affine template / Affine template
ATVA2026_benchmark/TERM_LASSO/SI_ARRAYS//lasso_traces_BrockschmidtCookFuhs-2013CAV-Introduction-alloca.c/lasso_trace_1.txt,TERMINATING,2.75,269.81,32.00,TERMINATING,6,7,13,Affine template / Affine template
ATVA2026_benchmark/TERM_LASSO/SI_ARRAYS//lasso_traces_BrockschmidtCookFuhs-2013CAV-Introduction-alloca_def-behavior.c/lasso_trace_1.txt,TERMINATING,2.48,268.93,27.00,TERMINATING,6,7,13,Affine template / Affine template
ATVA2026_benchmark/TERM_LASSO/SI_ARRAYS//lasso_traces_BrockschmidtCookFuhs-2013CAV-Introduction-alloca_true-termination.c/lasso_trace_1.txt,TERMINATING,2.48,269.84,28.00,TERMINATING,6,7,13,Affine template / Affine template
ATVA2026_benchmark/TERM_LASSO/SI_ARRAYS//lasso_traces_bubble_nice.c/lasso_trace_1.txt,TERMINATING,2.48,82.49,19.00,TERMINATING,5,2,7,Affine template / Affine template
ATVA2026_benchmark/TERM_LASSO/SI_ARRAYS//lasso_traces_bubblesort-alloca-1.c/lasso_trace_1.txt,TERMINATING,1.72,169.98,12.00,TERMINATING,7,2,9,Affine template / Affine template
ATVA2026_benchmark/TERM_LASSO/SI_ARRAYS//lasso_traces_bubblesort-alloca-1.c/lasso_trace_2.txt,TERMINATING,0.61,208.25,16.00,TERMINATING,8,5,13,Affine template / Affine template
ATVA2026_benchmark/TERM_LASSO/SI_ARRAYS//lasso_traces_bubblesort-alloca-1_no-overflow.c/lasso_trace_1.txt,TERMINATING,2.48,167.31,10.00,TERMINATING,7,2,9,Affine template / Affine template
ATVA2026_benchmark/TERM_LASSO/SI_ARRAYS//lasso_traces_bubblesort-alloca-1_no-overflow.c/lasso_trace_2.txt,TERMINATING,0.65,196.07,16.00,TERMINATING,8,5,13,Affine template / Affine template
ATVA2026_benchmark/TERM_LASSO/SI_ARRAYS//lasso_traces_bubblesort-alloca-1_no-overflow.c/lasso_trace_5.txt,TERMINATING,1.12,2178.12,149.00,TERMINATING,20,5,25,Affine template / Affine template
ATVA2026_benchmark/TERM_LASSO/SI_ARRAYS//lasso_traces_bubblesort-alloca_true-termination.c/lasso_trace_1.txt,TERMINATING,1.78,177.88,9.00,TERMINATING,7,2,9,Affine template / Affine template
ATVA2026_benchmark/TERM_LASSO/SI_ARRAYS//lasso_traces_bubblesort-alloca_true-termination.c/lasso_trace_2.txt,TERMINATING,0.63,188.92,15.00,TERMINATING,8,5,13,Affine template / Affine template
ATVA2026_benchmark/TERM_LASSO/SI_ARRAYS//lasso_traces_bubble_sort.c/lasso_trace_2.txt,TERMINATING,0.91,72.73,11.00,TERMINATING,2,5,7,Affine template / Affine template
ATVA2026_benchmark/TERM_LASSO/SI_ARRAYS//lasso_traces_BubblesortMalloc_true-termination.c/lasso_trace_1.txt,TERMINATING,2.14,115.12,11.00,TERMINATING,7,2,9,Affine template / Affine template
ATVA2026_benchmark/TERM_LASSO/SI_ARRAYS//lasso_traces_BubblesortMalloc_true-termination.c/lasso_trace_2.txt,TERMINATING,1.31,540.03,31.00,TERMINATING,8,5,13,Affine template / Affine template
ATVA2026_benchmark/TERM_LASSO/SI_ARRAYS//lasso_traces_BubblesortMalloc_true-termination.c/lasso_trace_5.txt,TERMINATING,2.72,897.56,78.00,TERMINATING,20,5,25,Affine template / Affine template
ATVA2026_benchmark/TERM_LASSO/SI_ARRAYS//lasso_traces_BubblesortMalloc_true-termination.c/lasso_trace_6.txt,TERMINATING,2.89,1249.12,107.00,TERMINATING,25,5,30,Affine template / Affine template
ATVA2026_benchmark/TERM_LASSO/SI_ARRAYS//lasso_traces_BubblesortMallocWithSwapFunction_true-termination.c/lasso_trace_1.txt,TERMINATING,5.53,426.94,20.00,TERMINATING,7,2,9,Affine template / Affine template
ATVA2026_benchmark/TERM_LASSO/SI_ARRAYS//lasso_traces_BubblesortMallocWithSwapFunction_true-termination.c/lasso_trace_2.txt,TERMINATING,18.64,1130.59,41.00,TERMINATING,8,5,13,Affine template / Affine template
ATVA2026_benchmark/TERM_LASSO/SI_ARRAYS//lasso_traces_Bubblesort_true-termination.c/lasso_trace_1.txt,TERMINATING,2.31,181.89,9.00,TERMINATING,7,2,9,Affine template / Affine template
ATVA2026_benchmark/TERM_LASSO/SI_ARRAYS//lasso_traces_Bubblesort_true-termination.c/lasso_trace_2.txt,TERMINATING,2.25,253.71,29.00,TERMINATING,8,5,13,Affine template / Affine template
ATVA2026_benchmark/TERM_LASSO/SI_ARRAYS//lasso_traces_Bubblesort_true-termination.c/lasso_trace_5.txt,TERMINATING,1.95,213.18,66.00,TERMINATING,20,5,25,Affine template / Affine template
ATVA2026_benchmark/TERM_LASSO/SI_ARRAYS//lasso_traces_BubblesortWithSwapFunction_true-termination.c/lasso_trace_1.txt,TERMINATING,3.53,155.90,12.00,TERMINATING,7,2,9,Affine template / Affine template
ATVA2026_benchmark/TERM_LASSO/SI_ARRAYS//lasso_traces_BubblesortWithSwapFunction_true-termination.c/lasso_trace_2.txt,TERMINATING,1.94,220.65,26.00,TERMINATING,8,5,13,Affine template / Affine template
ATVA2026_benchmark/TERM_LASSO/SI_ARRAYS//lasso_traces_bug-IndexOutOfBounds.c/lasso_trace_1.txt,TERMINATING,8.63,476.10,12.00,TERMINATING,5,2,7,Affine template / Affine template
ATVA2026_benchmark/TERM_LASSO/SI_ARRAYS//lasso_traces_BugRewriteArraysNullpointerException.c/lasso_trace_1.txt,TERMINATING,10.80,833.06,17.00,TERMINATING,7,2,9,Affine template / Affine template
ATVA2026_benchmark/TERM_LASSO/SI_ARRAYS//lasso_traces_build_fullname.c/lasso_trace_2.txt,TERMINATING,2.63,3228.39,694.00,TERMINATING,18,4,22,Affine template / Affine template
ATVA2026_benchmark/TERM_LASSO/SI_ARRAYS//lasso_traces_build_fullname_def-behavior.c/lasso_trace_2.txt,TERMINATING,2.20,2076.74,733.00,TERMINATING,18,4,22,Affine template / Affine template
ATVA2026_benchmark/TERM_LASSO/SI_ARRAYS//lasso_traces_c.01_assume-alloca.c/lasso_trace_2.txt,TERMINATING,6.47,437.90,38.00,TERMINATING,9,9,18,Affine template / Affine template
ATVA2026_benchmark/TERM_LASSO/SI_ARRAYS//lasso_traces_c.01_assume-alloca.c/lasso_trace_4.txt,TERMINATING,1.15,134.67,39.00,TERMINATING,12,9,21,Affine template / Affine template
ATVA2026_benchmark/TERM_LASSO/SI_ARRAYS//lasso_traces_c.01_assume-alloca_false-no-overflow.c/lasso_trace_2.txt,TERMINATING,25.59,848.45,42.00,TERMINATING,9,8,17,Affine template / Affine template
ATVA2026_benchmark/TERM_LASSO/SI_ARRAYS//lasso_traces_c.01_assume-alloca_false-no-overflow.c/lasso_trace_3.txt,TERMINATING,3.55,673.14,33.00,TERMINATING,12,7,19,Affine template / Affine template
ATVA2026_benchmark/TERM_LASSO/SI_ARRAYS//lasso_traces_c.01_assume-alloca_true-termination.c/lasso_trace_2.txt,TERMINATING,16.35,970.30,41.00,TERMINATING,9,8,17,Affine template / Affine template
ATVA2026_benchmark/TERM_LASSO/SI_ARRAYS//lasso_traces_c.01_assume-alloca_true-termination.c/lasso_trace_3.txt,TERMINATING,1.59,182.13,35.00,TERMINATING,12,7,19,Affine template / Affine template
ATVA2026_benchmark/TERM_LASSO/SI_ARRAYS//lasso_traces_c.01_assume-alloca_valid-memsafety.c/lasso_trace_2.txt,TERMINATING,2.96,224.52,33.00,TERMINATING,9,9,18,Affine template / Affine template
ATVA2026_benchmark/TERM_LASSO/SI_ARRAYS//lasso_traces_c.01_assume-alloca_valid-memsafety.c/lasso_trace_4.txt,TERMINATING,1.16,132.87,37.00,TERMINATING,12,9,21,Affine template / Affine template
ATVA2026_benchmark/TERM_LASSO/SI_ARRAYS//lasso_traces_c.01-no-inv-alloca.c/lasso_trace_2.txt,TERMINATING,10.00,693.74,40.00,TERMINATING,10,9,19,Affine template / Affine template
ATVA2026_benchmark/TERM_LASSO/SI_ARRAYS//lasso_traces_c.01-no-inv-alloca_false-no-overflow.c/lasso_trace_2.txt,TERMINATING,10.12,1288.28,45.00,TERMINATING,10,8,18,Affine template / Affine template
ATVA2026_benchmark/TERM_LASSO/SI_ARRAYS//lasso_traces_c.01-no-inv-alloca_true-termination.c/lasso_trace_2.txt,TERMINATING,2.53,295.74,43.00,TERMINATING,10,8,18,Affine template / Affine template
ATVA2026_benchmark/TERM_LASSO/SI_ARRAYS//lasso_traces_c.01-no-inv-alloca_valid-memsafety.c/lasso_trace_2.txt,TERMINATING,2.84,250.85,41.00,TERMINATING,10,9,19,Affine template / Affine template
ATVA2026_benchmark/TERM_LASSO/SI_ARRAYS//lasso_traces_c.03-alloca-1.c/lasso_trace_2.txt,TERMINATING,2.38,478.30,63.00,TERMINATING,11,10,21,Affine template / Affine template
ATVA2026_benchmark/TERM_LASSO/SI_ARRAYS//lasso_traces_c.03-alloca-1.c/lasso_trace_3.txt,TERMINATING,1.53,728.99,72.00,TERMINATING,19,10,29,Affine template / Affine template
ATVA2026_benchmark/TERM_LASSO/SI_ARRAYS//lasso_traces_c.03-alloca-1_valid-memsafety.c/lasso_trace_2.txt,TERMINATING,2.47,435.43,54.00,TERMINATING,11,10,21,Affine template / Affine template
ATVA2026_benchmark/TERM_LASSO/SI_ARRAYS//lasso_traces_c.03-alloca-1_valid-memsafety.c/lasso_trace_3.txt,TERMINATING,0.88,441.49,70.00,TERMINATING,19,10,29,Affine template / Affine template
ATVA2026_benchmark/TERM_LASSO/SI_ARRAYS//lasso_traces_c.03-alloca_false-no-overflow.c/lasso_trace_1.txt,TERMINATING,12.98,1033.81,59.00,TERMINATING,11,10,21,Affine template / Affine template
ATVA2026_benchmark/TERM_LASSO/SI_ARRAYS//lasso_traces_c.03-alloca_false-no-overflow.c/lasso_trace_2.txt,TERMINATING,6.14,276.90,74.00,TERMINATING,17,10,27,Affine template / Affine template
ATVA2026_benchmark/TERM_LASSO/SI_ARRAYS//lasso_traces_c.03-alloca_true-termination.c/lasso_trace_1.txt,TERMINATING,4.26,235.16,56.00,TERMINATING,11,10,21,Affine template / Affine template
ATVA2026_benchmark/TERM_LASSO/SI_ARRAYS//lasso_traces_c.03-alloca_true-termination.c/lasso_trace_2.txt,TERMINATING,3.45,296.06,71.00,TERMINATING,17,10,27,Affine template / Affine template
ATVA2026_benchmark/TERM_LASSO/SI_ARRAYS//lasso_traces_c.07-alloca.c/lasso_trace_2.txt,TERMINATING,5.40,1367.76,94.00,TERMINATING,12,15,27,Affine template / Affine template
ATVA2026_benchmark/TERM_LASSO/SI_ARRAYS//lasso_traces_c.07-alloca_false-no-overflow.c/lasso_trace_2.txt,TERMINATING,16.30,1322.03,75.00,TERMINATING,12,14,26,Affine template / Affine template
ATVA2026_benchmark/TERM_LASSO/SI_ARRAYS//lasso_traces_c.07-alloca_true-termination.c/lasso_trace_2.txt,TERMINATING,3.37,412.20,83.00,TERMINATING,12,14,26,Affine template / Affine template
ATVA2026_benchmark/TERM_LASSO/SI_ARRAYS//lasso_traces_c.07-alloca_valid-memsafety.c/lasso_trace_2.txt,TERMINATING,3.59,609.08,102.00,TERMINATING,12,15,27,Affine template / Affine template
ATVA2026_benchmark/TERM_LASSO/SI_ARRAYS//lasso_traces_c.08-alloca.c/lasso_trace_2.txt,TERMINATING,2.48,374.73,39.00,TERMINATING,10,8,18,Affine template / Affine template
ATVA2026_benchmark/TERM_LASSO/SI_ARRAYS//lasso_traces_c.08-alloca_false-no-overflow.c/lasso_trace_2.txt,TERMINATING,16.05,1111.34,38.00,TERMINATING,10,8,18,Affine template / Affine template
ATVA2026_benchmark/TERM_LASSO/SI_ARRAYS//lasso_traces_c.08-alloca_true-termination.c/lasso_trace_2.txt,TERMINATING,8.51,1226.75,42.00,TERMINATING,10,8,18,Affine template / Affine template
ATVA2026_benchmark/TERM_LASSO/SI_ARRAYS//lasso_traces_c.08-alloca_valid-memsafety.c/lasso_trace_2.txt,TERMINATING,2.20,347.52,46.00,TERMINATING,10,8,18,Affine template / Affine template
ATVA2026_benchmark/TERM_LASSO/SI_ARRAYS//lasso_traces_ChenFlurMukhopadhyay-2012SAS-Fig1-alloca.c/lasso_trace_1.txt,TERMINATING,2.56,1137.53,84.00,TERMINATING,8,9,17,2 template / Nested template
ATVA2026_benchmark/TERM_LASSO/SI_ARRAYS//lasso_traces_ChenFlurMukhopadhyay-2012SAS-Fig1-alloca_no-overflow.c/lasso_trace_1.txt,TERMINATING,2.89,1173.87,83.00,TERMINATING,8,9,17,2 template / Nested template
ATVA2026_benchmark/TERM_LASSO/SI_ARRAYS//lasso_traces_ChenFlurMukhopadhyay-2012SAS-Fig1-alloca_true-termination.c/lasso_trace_1.txt,TERMINATING,2.60,1170.17,83.00,TERMINATING,8,9,17,2 template / Nested template
ATVA2026_benchmark/TERM_LASSO/SI_ARRAYS//lasso_traces_chunk1.c/lasso_trace_1.txt,TERMINATING,2.28,109.57,65.00,UNKNOWN,7,7,14,Affine template
ATVA2026_benchmark/TERM_LASSO/SI_ARRAYS//lasso_traces_chunk1_def-behavior.c/lasso_trace_1.txt,TERMINATING,2.20,120.37,73.00,UNKNOWN,7,7,14,Affine template
ATVA2026_benchmark/TERM_LASSO/SI_ARRAYS//lasso_traces_cll_search-alloca-1.c/lasso_trace_1.txt,TERMINATING,2.15,7637.95,1267.00,UNKNOWN,9,3,12,Affine template
ATVA2026_benchmark/TERM_LASSO/SI_ARRAYS//lasso_traces_cll_search-alloca-1_no-overflow.c/lasso_trace_1.txt,TERMINATING,2.21,7920.97,1252.00,UNKNOWN,9,3,12,Affine template
ATVA2026_benchmark/TERM_LASSO/SI_ARRAYS//lasso_traces_cll_search-alloca-2.c/lasso_trace_1.txt,TERMINATING,1.88,19800.04,1259.00,UNKNOWN,8,3,11,Affine template
ATVA2026_benchmark/TERM_LASSO/SI_ARRAYS//lasso_traces_cll_search-alloca-2_no-overflow.c/lasso_trace_1.txt,TERMINATING,2.36,20548.20,1199.00,UNKNOWN,8,3,11,Affine template
ATVA2026_benchmark/TERM_LASSO/SI_ARRAYS//lasso_traces_cll_search-alloca-WithForgottenReturn_false-valid-deref.c/lasso_trace_1.txt,TERMINATING,1.92,8882.56,1240.00,UNKNOWN,8,3,11,Affine template
ATVA2026_benchmark/TERM_LASSO/SI_ARRAYS//lasso_traces_cll_traverse-alloca.c/lasso_trace_1.txt,TERMINATING,2.26,9067.70,1397.00,UNKNOWN,8,3,11,Affine template
ATVA2026_benchmark/TERM_LASSO/SI_ARRAYS//lasso_traces_cll_traverse-alloca_no-overflow.c/lasso_trace_1.txt,TERMINATING,2.31,9532.35,1383.00,UNKNOWN,8,3,11,Affine template
ATVA2026_benchmark/TERM_LASSO/SI_ARRAYS//lasso_traces_cohendiv-ll.c/lasso_trace_2.txt,TERMINATING,2.04,101.24,14.00,TERMINATING,9,28,37,Affine template / Affine template
ATVA2026_benchmark/TERM_LASSO/SI_ARRAYS//lasso_traces_compoundLiterals_02.c/lasso_trace_1.txt,TERMINATING,2.01,89.99,19.00,TERMINATING,7,2,9,Affine template / Affine template
ATVA2026_benchmark/TERM_LASSO/SI_ARRAYS//lasso_traces_CookSeeZuleger-2013TACAS-Fig3-alloca-2.c/lasso_trace_2.txt,TERMINATING,2.40,203.44,33.00,TERMINATING,7,7,14,Affine template / Affine template
ATVA2026_benchmark/TERM_LASSO/SI_ARRAYS//lasso_traces_CookSeeZuleger-2013TACAS-Fig3-alloca-2.c/lasso_trace_3.txt,TERMINATING,1.13,116.72,46.00,TERMINATING,12,8,20,Affine template / Affine template
ATVA2026_benchmark/TERM_LASSO/SI_ARRAYS//lasso_traces_CookSeeZuleger-2013TACAS-Fig3-alloca-2_termination.c/lasso_trace_2.txt,TERMINATING,2.14,204.24,34.00,TERMINATING,7,7,14,Affine template / Affine template
ATVA2026_benchmark/TERM_LASSO/SI_ARRAYS//lasso_traces_CookSeeZuleger-2013TACAS-Fig3-alloca-2_termination.c/lasso_trace_3.txt,TERMINATING,1.54,125.11,40.00,TERMINATING,12,8,20,Affine template / Affine template
ATVA2026_benchmark/TERM_LASSO/SI_ARRAYS//lasso_traces_CookSeeZuleger-2013TACAS-Fig3-alloca.c/lasso_trace_2.txt,TERMINATING,2.11,34.08,29.00,TERMINATING,5,7,12,Affine template / Affine template
ATVA2026_benchmark/TERM_LASSO/SI_ARRAYS//lasso_traces_CookSeeZuleger-2013TACAS-Fig3-alloca.c/lasso_trace_3.txt,TERMINATING,1.11,242.65,45.00,TERMINATING,10,8,18,Affine template / Affine template
ATVA2026_benchmark/TERM_LASSO/SI_ARRAYS//lasso_traces_CookSeeZuleger-2013TACAS-Fig3-alloca.c/lasso_trace_4.txt,TERMINATING,0.94,103.43,34.00,TERMINATING,18,7,25,Affine template / Affine template
ATVA2026_benchmark/TERM_LASSO/SI_ARRAYS//lasso_traces_CookSeeZuleger-2013TACAS-Fig3-alloca.c/lasso_trace_5.txt,TERMINATING,0.57,177.76,23.00,TERMINATING,25,7,32,Affine template / Affine template
ATVA2026_benchmark/TERM_LASSO/SI_ARRAYS//lasso_traces_CookSeeZuleger-2013TACAS-Fig3-alloca_def-behavior.c/lasso_trace_2.txt,TERMINATING,2.13,34.89,28.00,TERMINATING,5,7,12,Affine template / Affine template
ATVA2026_benchmark/TERM_LASSO/SI_ARRAYS//lasso_traces_CookSeeZuleger-2013TACAS-Fig3-alloca_def-behavior.c/lasso_trace_3.txt,TERMINATING,1.10,266.41,46.00,TERMINATING,10,8,18,Affine template / Affine template
ATVA2026_benchmark/TERM_LASSO/SI_ARRAYS//lasso_traces_CookSeeZuleger-2013TACAS-Fig3-alloca_def-behavior.c/lasso_trace_4.txt,TERMINATING,0.78,112.44,36.00,TERMINATING,18,7,25,Affine template / Affine template
ATVA2026_benchmark/TERM_LASSO/SI_ARRAYS//lasso_traces_CookSeeZuleger-2013TACAS-Fig3-alloca_def-behavior.c/lasso_trace_5.txt,TERMINATING,0.66,193.42,26.00,TERMINATING,25,7,32,Affine template / Affine template
ATVA2026_benchmark/TERM_LASSO/SI_ARRAYS//lasso_traces_CookSeeZuleger-2013TACAS-Fig3-alloca_true-termination.c/lasso_trace_2.txt,TERMINATING,1.92,34.11,26.00,TERMINATING,5,7,12,Affine template / Affine template
ATVA2026_benchmark/TERM_LASSO/SI_ARRAYS//lasso_traces_CookSeeZuleger-2013TACAS-Fig3-alloca_true-termination.c/lasso_trace_3.txt,TERMINATING,1.14,270.40,42.00,TERMINATING,10,8,18,Affine template / Affine template
ATVA2026_benchmark/TERM_LASSO/SI_ARRAYS//lasso_traces_CookSeeZuleger-2013TACAS-Fig3-alloca_true-termination.c/lasso_trace_4.txt,TERMINATING,0.69,110.41,36.00,TERMINATING,18,7,25,Affine template / Affine template
ATVA2026_benchmark/TERM_LASSO/SI_ARRAYS//lasso_traces_CookSeeZuleger-2013TACAS-Fig3-alloca_true-termination.c/lasso_trace_5.txt,TERMINATING,0.68,196.18,27.00,TERMINATING,25,7,32,Affine template / Affine template
ATVA2026_benchmark/TERM_LASSO/SI_ARRAYS//lasso_traces_CookSeeZuleger-2013TACAS-Fig7a-alloca-2.c/lasso_trace_2.txt,TERMINATING,2.78,192.00,55.00,TERMINATING,8,11,19,Affine template / Affine template
ATVA2026_benchmark/TERM_LASSO/SI_ARRAYS//lasso_traces_CookSeeZuleger-2013TACAS-Fig7a-alloca-2.c/lasso_trace_3.txt,TERMINATING,1.79,204.96,57.00,TERMINATING,16,13,29,Affine template / Affine template
ATVA2026_benchmark/TERM_LASSO/SI_ARRAYS//lasso_traces_CookSeeZuleger-2013TACAS-Fig7a-alloca-2_termination.c/lasso_trace_2.txt,TERMINATING,2.98,192.76,46.00,TERMINATING,8,11,19,Affine template / Affine template
ATVA2026_benchmark/TERM_LASSO/SI_ARRAYS//lasso_traces_CookSeeZuleger-2013TACAS-Fig7a-alloca-2_termination.c/lasso_trace_3.txt,TERMINATING,1.67,216.94,50.00,TERMINATING,16,13,29,Affine template / Affine template
ATVA2026_benchmark/TERM_LASSO/SI_ARRAYS//lasso_traces_CookSeeZuleger-2013TACAS-Fig7a-alloca.c/lasso_trace_2.txt,TERMINATING,2.26,158.79,40.00,TERMINATING,5,11,16,Affine template / Affine template
ATVA2026_benchmark/TERM_LASSO/SI_ARRAYS//lasso_traces_CookSeeZuleger-2013TACAS-Fig7a-alloca.c/lasso_trace_3.txt,TERMINATING,1.30,134.97,56.00,TERMINATING,13,13,26,Affine template / Affine template
ATVA2026_benchmark/TERM_LASSO/SI_ARRAYS//lasso_traces_CookSeeZuleger-2013TACAS-Fig7a-alloca.c/lasso_trace_4.txt,TERMINATING,1.70,337.65,56.00,TERMINATING,26,11,37,Affine template / Affine template
ATVA2026_benchmark/TERM_LASSO/SI_ARRAYS//lasso_traces_CookSeeZuleger-2013TACAS-Fig7a-alloca_def-behavior.c/lasso_trace_2.txt,TERMINATING,2.51,150.50,40.00,TERMINATING,5,11,16,Affine template / Affine template
ATVA2026_benchmark/TERM_LASSO/SI_ARRAYS//lasso_traces_CookSeeZuleger-2013TACAS-Fig7a-alloca_def-behavior.c/lasso_trace_3.txt,TERMINATING,1.48,135.94,57.00,TERMINATING,13,13,26,Affine template / Affine template
ATVA2026_benchmark/TERM_LASSO/SI_ARRAYS//lasso_traces_CookSeeZuleger-2013TACAS-Fig7a-alloca_def-behavior.c/lasso_trace_4.txt,TERMINATING,1.67,358.31,52.00,TERMINATING,26,11,37,Affine template / Affine template
ATVA2026_benchmark/TERM_LASSO/SI_ARRAYS//lasso_traces_CookSeeZuleger-2013TACAS-Fig7a-alloca_true-termination.c/lasso_trace_2.txt,TERMINATING,2.40,150.41,40.00,TERMINATING,5,11,16,Affine template / Affine template
ATVA2026_benchmark/TERM_LASSO/SI_ARRAYS//lasso_traces_CookSeeZuleger-2013TACAS-Fig7a-alloca_true-termination.c/lasso_trace_3.txt,TERMINATING,1.26,145.27,54.00,TERMINATING,13,13,26,Affine template / Affine template
ATVA2026_benchmark/TERM_LASSO/SI_ARRAYS//lasso_traces_CookSeeZuleger-2013TACAS-Fig7a-alloca_true-termination.c/lasso_trace_4.txt,TERMINATING,1.49,336.78,50.00,TERMINATING,26,11,37,Affine template / Affine template
ATVA2026_benchmark/TERM_LASSO/SI_ARRAYS//lasso_traces_CookSeeZuleger-2013TACAS-Fig7b-alloca-2.c/lasso_trace_2.txt,TERMINATING,2.34,263.79,44.00,TERMINATING,8,10,18,Affine template / Affine template
ATVA2026_benchmark/TERM_LASSO/SI_ARRAYS//lasso_traces_CookSeeZuleger-2013TACAS-Fig7b-alloca-2.c/lasso_trace_3.txt,TERMINATING,1.56,324.95,50.00,TERMINATING,16,12,28,Affine template / Affine template
ATVA2026_benchmark/TERM_LASSO/SI_ARRAYS//lasso_traces_CookSeeZuleger-2013TACAS-Fig7b-alloca-2.c/lasso_trace_4.txt,TERMINATING,1.23,299.37,42.00,TERMINATING,17,12,29,Affine template / Affine template
ATVA2026_benchmark/TERM_LASSO/SI_ARRAYS//lasso_traces_CookSeeZuleger-2013TACAS-Fig7b-alloca-2_termination.c/lasso_trace_2.txt,TERMINATING,2.24,277.92,62.00,TERMINATING,8,10,18,Affine template / Affine template
ATVA2026_benchmark/TERM_LASSO/SI_ARRAYS//lasso_traces_CookSeeZuleger-2013TACAS-Fig7b-alloca-2_termination.c/lasso_trace_3.txt,TERMINATING,1.62,338.32,52.00,TERMINATING,16,12,28,Affine template / Affine template
ATVA2026_benchmark/TERM_LASSO/SI_ARRAYS//lasso_traces_CookSeeZuleger-2013TACAS-Fig7b-alloca-2_termination.c/lasso_trace_4.txt,TERMINATING,1.40,304.85,39.00,TERMINATING,17,12,29,Affine template / Affine template
ATVA2026_benchmark/TERM_LASSO/SI_ARRAYS//lasso_traces_CookSeeZuleger-2013TACAS-Fig7b-alloca.c/lasso_trace_2.txt,TERMINATING,2.66,59.09,40.00,TERMINATING,5,10,15,Affine template / Affine template
ATVA2026_benchmark/TERM_LASSO/SI_ARRAYS//lasso_traces_CookSeeZuleger-2013TACAS-Fig7b-alloca.c/lasso_trace_3.txt,TERMINATING,1.39,276.50,83.00,TERMINATING,13,12,25,Affine template / Affine template
ATVA2026_benchmark/TERM_LASSO/SI_ARRAYS//lasso_traces_CookSeeZuleger-2013TACAS-Fig7b-alloca.c/lasso_trace_4.txt,TERMINATING,1.20,261.76,46.00,TERMINATING,14,12,26,Affine template / Affine template
ATVA2026_benchmark/TERM_LASSO/SI_ARRAYS//lasso_traces_CookSeeZuleger-2013TACAS-Fig7b-alloca.c/lasso_trace_5.txt,TERMINATING,0.77,222.96,49.00,TERMINATING,25,10,35,Affine template / Affine template
ATVA2026_benchmark/TERM_LASSO/SI_ARRAYS//lasso_traces_CookSeeZuleger-2013TACAS-Fig7b-alloca.c/lasso_trace_6.txt,TERMINATING,1.34,345.12,42.00,TERMINATING,26,12,38,Affine template / Affine template
ATVA2026_benchmark/TERM_LASSO/SI_ARRAYS//lasso_traces_CookSeeZuleger-2013TACAS-Fig7b-alloca.c/lasso_trace_7.txt,TERMINATING,1.57,29.04,77.00,TERMINATING,35,12,47,Affine template / Affine template
ATVA2026_benchmark/TERM_LASSO/SI_ARRAYS//lasso_traces_CookSeeZuleger-2013TACAS-Fig7b-alloca_def-behavior.c/lasso_trace_2.txt,TERMINATING,2.29,62.58,45.00,TERMINATING,5,10,15,Affine template / Affine template
ATVA2026_benchmark/TERM_LASSO/SI_ARRAYS//lasso_traces_CookSeeZuleger-2013TACAS-Fig7b-alloca_def-behavior.c/lasso_trace_3.txt,TERMINATING,1.39,285.60,73.00,TERMINATING,13,12,25,Affine template / Affine template
ATVA2026_benchmark/TERM_LASSO/SI_ARRAYS//lasso_traces_CookSeeZuleger-2013TACAS-Fig7b-alloca_def-behavior.c/lasso_trace_4.txt,TERMINATING,1.74,270.01,47.00,TERMINATING,14,12,26,Affine template / Affine template
ATVA2026_benchmark/TERM_LASSO/SI_ARRAYS//lasso_traces_CookSeeZuleger-2013TACAS-Fig7b-alloca_def-behavior.c/lasso_trace_5.txt,TERMINATING,0.84,221.91,47.00,TERMINATING,25,10,35,Affine template / Affine template
ATVA2026_benchmark/TERM_LASSO/SI_ARRAYS//lasso_traces_CookSeeZuleger-2013TACAS-Fig7b-alloca_def-behavior.c/lasso_trace_6.txt,TERMINATING,1.39,349.71,38.00,TERMINATING,26,12,38,Affine template / Affine template
ATVA2026_benchmark/TERM_LASSO/SI_ARRAYS//lasso_traces_CookSeeZuleger-2013TACAS-Fig7b-alloca_def-behavior.c/lasso_trace_7.txt,TERMINATING,2.40,31.96,79.00,TERMINATING,35,12,47,Affine template / Affine template
ATVA2026_benchmark/TERM_LASSO/SI_ARRAYS//lasso_traces_CookSeeZuleger-2013TACAS-Fig7b-alloca_true-termination.c/lasso_trace_2.txt,TERMINATING,2.00,57.91,46.00,TERMINATING,5,10,15,Affine template / Affine template
ATVA2026_benchmark/TERM_LASSO/SI_ARRAYS//lasso_traces_CookSeeZuleger-2013TACAS-Fig7b-alloca_true-termination.c/lasso_trace_3.txt,TERMINATING,1.53,104.32,42.00,TERMINATING,13,12,25,Affine template / Affine template
ATVA2026_benchmark/TERM_LASSO/SI_ARRAYS//lasso_traces_CookSeeZuleger-2013TACAS-Fig7b-alloca_true-termination.c/lasso_trace_4.txt,TERMINATING,1.14,123.75,39.00,TERMINATING,14,12,26,Affine template / Affine template
ATVA2026_benchmark/TERM_LASSO/SI_ARRAYS//lasso_traces_CookSeeZuleger-2013TACAS-Fig7b-alloca_true-termination.c/lasso_trace_5.txt,TERMINATING,0.77,207.35,46.00,TERMINATING,25,10,35,Affine template / Affine template
ATVA2026_benchmark/TERM_LASSO/SI_ARRAYS//lasso_traces_CookSeeZuleger-2013TACAS-Fig7b-alloca_true-termination.c/lasso_trace_6.txt,TERMINATING,1.13,280.42,54.00,TERMINATING,26,12,38,Affine template / Affine template
ATVA2026_benchmark/TERM_LASSO/SI_ARRAYS//lasso_traces_CookSeeZuleger-2013TACAS-Fig7b-alloca_true-termination.c/lasso_trace_7.txt,TERMINATING,1.38,143.51,88.00,TERMINATING,35,12,47,Affine template / Affine template
ATVA2026_benchmark/TERM_LASSO/SI_ARRAYS//lasso_traces_count_down-alloca-2.c/lasso_trace_1.txt,TERMINATING,2.32,167.29,21.00,TERMINATING,6,2,8,Affine template / Affine template
ATVA2026_benchmark/TERM_LASSO/SI_ARRAYS//lasso_traces_count_down-alloca-2.c/lasso_trace_4.txt,TERMINATING,0.63,218.66,69.00,TERMINATING,9,4,13,Affine template / Affine template
ATVA2026_benchmark/TERM_LASSO/SI_ARRAYS//lasso_traces_count_down-alloca-2.c/lasso_trace_5.txt,TERMINATING,0.55,130.13,17.00,TERMINATING,10,4,14,Affine template / Affine template
ATVA2026_benchmark/TERM_LASSO/SI_ARRAYS//lasso_traces_count_down-alloca-2_valid-memsafety.c/lasso_trace_1.txt,TERMINATING,2.07,177.19,22.00,TERMINATING,6,2,8,Affine template / Affine template
ATVA2026_benchmark/TERM_LASSO/SI_ARRAYS//lasso_traces_count_down-alloca-2_valid-memsafety.c/lasso_trace_4.txt,TERMINATING,0.69,231.34,64.00,TERMINATING,9,4,13,Affine template / Affine template
ATVA2026_benchmark/TERM_LASSO/SI_ARRAYS//lasso_traces_count_down-alloca-2_valid-memsafety.c/lasso_trace_5.txt,TERMINATING,0.62,128.05,16.00,TERMINATING,10,4,14,Affine template / Affine template
ATVA2026_benchmark/TERM_LASSO/SI_ARRAYS//lasso_traces_count_down-alloca_true-termination.c/lasso_trace_1.txt,TERMINATING,3.39,163.54,22.00,TERMINATING,6,2,8,Affine template / Affine template
ATVA2026_benchmark/TERM_LASSO/SI_ARRAYS//lasso_traces_count_down-alloca_true-termination.c/lasso_trace_4.txt,TERMINATING,0.55,223.89,64.00,TERMINATING,9,4,13,Affine template / Affine template
ATVA2026_benchmark/TERM_LASSO/SI_ARRAYS//lasso_traces_count_down-alloca_true-termination.c/lasso_trace_5.txt,TERMINATING,0.64,133.86,17.00,TERMINATING,10,4,14,Affine template / Affine template
ATVA2026_benchmark/TERM_LASSO/SI_ARRAYS//lasso_traces_count_up_alloca.c/lasso_trace_1.txt,TERMINATING,2.41,159.98,27.00,TERMINATING,6,2,8,Affine template / Affine template
ATVA2026_benchmark/TERM_LASSO/SI_ARRAYS//lasso_traces_count_up_alloca.c/lasso_trace_4.txt,TERMINATING,0.64,301.19,69.00,TERMINATING,9,4,13,Affine template / Affine template
ATVA2026_benchmark/TERM_LASSO/SI_ARRAYS//lasso_traces_count_up_alloca.c/lasso_trace_5.txt,TERMINATING,0.60,132.49,18.00,TERMINATING,10,4,14,Affine template / Affine template
ATVA2026_benchmark/TERM_LASSO/SI_ARRAYS//lasso_traces_count_up_alloca_valid-memsafety.c/lasso_trace_1.txt,TERMINATING,2.13,181.84,29.00,TERMINATING,6,2,8,Affine template / Affine template
ATVA2026_benchmark/TERM_LASSO/SI_ARRAYS//lasso_traces_count_up_alloca_valid-memsafety.c/lasso_trace_4.txt,TERMINATING,0.68,347.78,80.00,TERMINATING,9,4,13,Affine template / Affine template
ATVA2026_benchmark/TERM_LASSO/SI_ARRAYS//lasso_traces_count_up_alloca_valid-memsafety.c/lasso_trace_5.txt,TERMINATING,0.68,128.77,20.00,TERMINATING,10,4,14,Affine template / Affine template
ATVA2026_benchmark/TERM_LASSO/SI_ARRAYS//lasso_traces_count_up_and_down_alloca.c/lasso_trace_1.txt,TERMINATING,2.26,166.74,43.00,TERMINATING,7,3,10,Affine template / Affine template
ATVA2026_benchmark/TERM_LASSO/SI_ARRAYS//lasso_traces_count_up_and_down_alloca.c/lasso_trace_3.txt,TERMINATING,0.59,100.95,33.00,TERMINATING,8,4,12,Affine template / Affine template
ATVA2026_benchmark/TERM_LASSO/SI_ARRAYS//lasso_traces_count_up_and_down_alloca_valid-memsafety.c/lasso_trace_1.txt,TERMINATING,1.86,183.78,42.00,TERMINATING,7,3,10,Affine template / Affine template
ATVA2026_benchmark/TERM_LASSO/SI_ARRAYS//lasso_traces_count_up_and_down_alloca_valid-memsafety.c/lasso_trace_3.txt,TERMINATING,0.57,93.79,37.00,TERMINATING,8,4,12,Affine template / Affine template
ATVA2026_benchmark/TERM_LASSO/SI_ARRAYS//lasso_traces_cstrcat_mixed_alloca.c/lasso_trace_1.txt,TERMINATING,2.21,550.05,259.00,TERMINATING,10,2,12,Affine template / Affine template
ATVA2026_benchmark/TERM_LASSO/SI_ARRAYS//lasso_traces_cstrcat_mixed_alloca.c/lasso_trace_2.txt,TERMINATING,1.05,4517.69,5595.00,TERMINATING,16,4,20,Affine template / Affine template
ATVA2026_benchmark/TERM_LASSO/SI_ARRAYS//lasso_traces_cstrcat_mixed_alloca_no-overflow.c/lasso_trace_1.txt,TERMINATING,2.32,573.27,247.00,TERMINATING,10,2,12,Affine template / Affine template
ATVA2026_benchmark/TERM_LASSO/SI_ARRAYS//lasso_traces_cstrcat_mixed_alloca_no-overflow.c/lasso_trace_2.txt,TERMINATING,0.89,4823.12,5658.00,TERMINATING,16,4,20,Affine template / Affine template
ATVA2026_benchmark/TERM_LASSO/SI_ARRAYS//lasso_traces_cstrcat_reverse_alloca.c/lasso_trace_1.txt,TERMINATING,2.42,139.35,196.00,TERMINATING,10,2,12,Affine template / Nested template
ATVA2026_benchmark/TERM_LASSO/SI_ARRAYS//lasso_traces_cstrcat_reverse_alloca.c/lasso_trace_2.txt,TERMINATING,0.81,2950.44,362.00,TERMINATING,12,4,16,Affine template / Affine template
ATVA2026_benchmark/TERM_LASSO/SI_ARRAYS//lasso_traces_cstrcat_reverse_alloca_valid-memsafety.c/lasso_trace_1.txt,TERMINATING,2.18,144.57,188.00,TERMINATING,10,2,12,Affine template / Nested template
ATVA2026_benchmark/TERM_LASSO/SI_ARRAYS//lasso_traces_cstrcat_reverse_alloca_valid-memsafety.c/lasso_trace_2.txt,TERMINATING,0.81,3081.47,380.00,TERMINATING,12,4,16,Affine template / Affine template
ATVA2026_benchmark/TERM_LASSO/SI_ARRAYS//lasso_traces_cstrchr-alloca-1.c/lasso_trace_2.txt,TERMINATING,2.14,360.54,394.00,TERMINATING,8,4,12,Affine template / Affine template
ATVA2026_benchmark/TERM_LASSO/SI_ARRAYS//lasso_traces_cstrchr-alloca-1_valid-memsafety.c/lasso_trace_2.txt,TERMINATING,2.43,346.43,389.00,TERMINATING,8,4,12,Affine template / Affine template
ATVA2026_benchmark/TERM_LASSO/SI_ARRAYS//lasso_traces_cstrchr-alloca_true-termination.c/lasso_trace_2.txt,TERMINATING,2.26,10313.07,114.00,TERMINATING,8,4,12,Affine template / Affine template
ATVA2026_benchmark/TERM_LASSO/SI_ARRAYS//lasso_traces_cstrchr_diffterm_alloca.c/lasso_trace_2.txt,TERMINATING,2.14,390.92,503.00,TERMINATING,8,4,12,Affine template / Affine template
ATVA2026_benchmark/TERM_LASSO/SI_ARRAYS//lasso_traces_cstrchr_diffterm_alloca_valid-memsafety.c/lasso_trace_2.txt,TERMINATING,2.04,389.38,463.00,TERMINATING,8,4,12,Affine template / Affine template
ATVA2026_benchmark/TERM_LASSO/SI_ARRAYS//lasso_traces_cstrchr_malloc.c/lasso_trace_2.txt,TERMINATING,3.57,9468.81,139.00,TERMINATING,8,4,12,Affine template / Affine template
ATVA2026_benchmark/TERM_LASSO/SI_ARRAYS//lasso_traces_cstrchr_malloc_valid-memsafety.c/lasso_trace_2.txt,TERMINATING,2.34,10065.98,147.00,TERMINATING,8,4,12,Affine template / Affine template
ATVA2026_benchmark/TERM_LASSO/SI_ARRAYS//lasso_traces_cstrcmp-alloca-1.c/lasso_trace_2.txt,TERMINATING,0.88,313.57,268.00,TERMINATING,14,5,19,Affine template / Affine template
ATVA2026_benchmark/TERM_LASSO/SI_ARRAYS//lasso_traces_cstrcmp-alloca-1_valid-memsafety.c/lasso_trace_2.txt,TERMINATING,0.99,326.87,277.00,TERMINATING,14,5,19,Affine template / Affine template
ATVA2026_benchmark/TERM_LASSO/SI_ARRAYS//lasso_traces_cstrcmp-alloca_true-termination.c/lasso_trace_2.txt,TERMINATING,1.04,224.89,286.00,TERMINATING,14,5,19,Affine template / Affine template
ATVA2026_benchmark/TERM_LASSO/SI_ARRAYS//lasso_traces_cstrcmp.c/lasso_trace_2.txt,TERMINATING,0.81,1481.12,575.00,TERMINATING,19,5,24,Affine template / Affine template
ATVA2026_benchmark/TERM_LASSO/SI_ARRAYS//lasso_traces_cstrcmp_diffterm_alloca.c/lasso_trace_2.txt,TERMINATING,0.94,97.95,299.00,TERMINATING,14,5,19,Affine template / Affine template
ATVA2026_benchmark/TERM_LASSO/SI_ARRAYS//lasso_traces_cstrcmp_diffterm_alloca_valid-memsafety.c/lasso_trace_2.txt,TERMINATING,0.90,103.63,269.00,TERMINATING,14,5,19,Affine template / Affine template
ATVA2026_benchmark/TERM_LASSO/SI_ARRAYS//lasso_traces_cstrcmp_mixed_alloca.c/lasso_trace_2.txt,TERMINATING,0.85,182.51,1079.00,TERMINATING,14,5,19,Affine template / Affine template
ATVA2026_benchmark/TERM_LASSO/SI_ARRAYS//lasso_traces_cstrcmp_mixed_alloca_valid-memsafety.c/lasso_trace_2.txt,TERMINATING,0.83,189.99,1025.00,TERMINATING,14,5,19,Affine template / Affine template
ATVA2026_benchmark/TERM_LASSO/SI_ARRAYS//lasso_traces_cstrcmp_no-overflow.c/lasso_trace_2.txt,TERMINATING,0.96,1500.88,618.00,TERMINATING,19,5,24,Affine template / Affine template
ATVA2026_benchmark/TERM_LASSO/SI_ARRAYS//lasso_traces_cstrcpy_malloc.c/lasso_trace_1.txt,UNCHECKED,2.64,757.61,-,,9,4,13,Affine template
ATVA2026_benchmark/TERM_LASSO/SI_ARRAYS//lasso_traces_cstrcpy_malloc_valid-memsafety.c/lasso_trace_1.txt,UNCHECKED,2.56,789.53,-,,9,4,13,Affine template
ATVA2026_benchmark/TERM_LASSO/SI_ARRAYS//lasso_traces_cstrcpy_reverse_alloca.c/lasso_trace_1.txt,TERMINATING,2.10,663.57,199.00,TERMINATING,9,4,13,Affine template / Affine template
ATVA2026_benchmark/TERM_LASSO/SI_ARRAYS//lasso_traces_cstrcpy_reverse_alloca_valid-memsafety.c/lasso_trace_1.txt,TERMINATING,2.03,687.91,198.00,TERMINATING,9,4,13,Affine template / Affine template
ATVA2026_benchmark/TERM_LASSO/SI_ARRAYS//lasso_traces_cstrcspn-alloca-2.c/lasso_trace_2.txt,TERMINATING,2.02,388.10,75.00,TERMINATING,9,8,17,Affine template / Affine template
ATVA2026_benchmark/TERM_LASSO/SI_ARRAYS//lasso_traces_cstrcspn-alloca-2.c/lasso_trace_4.txt,TERMINATING,1.21,439.14,4602.00,TERMINATING,16,4,20,Affine template / Affine template
ATVA2026_benchmark/TERM_LASSO/SI_ARRAYS//lasso_traces_cstrcspn-alloca-2_valid-memsafety.c/lasso_trace_2.txt,TERMINATING,2.32,404.17,67.00,TERMINATING,9,8,17,Affine template / Affine template
ATVA2026_benchmark/TERM_LASSO/SI_ARRAYS//lasso_traces_cstrcspn-alloca-2_valid-memsafety.c/lasso_trace_4.txt,TERMINATING,1.03,516.94,4527.00,TERMINATING,16,4,20,Affine template / Affine template
ATVA2026_benchmark/TERM_LASSO/SI_ARRAYS//lasso_traces_cstrcspn-alloca_true-termination.c/lasso_trace_2.txt,TERMINATING,2.13,398.69,70.00,TERMINATING,9,8,17,Affine template / Affine template
ATVA2026_benchmark/TERM_LASSO/SI_ARRAYS//lasso_traces_cstrcspn-alloca_true-termination.c/lasso_trace_4.txt,TERMINATING,1.11,454.19,4640.00,TERMINATING,16,4,20,Affine template / Affine template
ATVA2026_benchmark/TERM_LASSO/SI_ARRAYS//lasso_traces_cstrcspn.c/lasso_trace_2.txt,TERMINATING,1.87,702.77,91.00,TERMINATING,14,8,22,Affine template / Affine template
ATVA2026_benchmark/TERM_LASSO/SI_ARRAYS//lasso_traces_cstrcspn.c/lasso_trace_4.txt,TERMINATING,0.91,289.34,6163.00,TERMINATING,21,4,25,Affine template / Affine template
ATVA2026_benchmark/TERM_LASSO/SI_ARRAYS//lasso_traces_cstrcspn_malloc.c/lasso_trace_2.txt,TERMINATING,2.12,963.84,823.00,TERMINATING,9,8,17,Affine template / Affine template
ATVA2026_benchmark/TERM_LASSO/SI_ARRAYS//lasso_traces_cstrcspn_malloc_valid-memsafety.c/lasso_trace_2.txt,TERMINATING,2.21,937.74,841.00,TERMINATING,9,8,17,Affine template / Affine template
ATVA2026_benchmark/TERM_LASSO/SI_ARRAYS//lasso_traces_cstrcspn_mixed_alloca.c/lasso_trace_2.txt,TERMINATING,1.97,1045.45,407.00,TERMINATING,9,8,17,Affine template / Affine template
ATVA2026_benchmark/TERM_LASSO/SI_ARRAYS//lasso_traces_cstrcspn_mixed_alloca_valid-memsafety.c/lasso_trace_2.txt,TERMINATING,2.06,1051.61,430.00,TERMINATING,9,8,17,Affine template / Affine template
ATVA2026_benchmark/TERM_LASSO/SI_ARRAYS//lasso_traces_cstrcspn_no-overflow.c/lasso_trace_2.txt,TERMINATING,2.05,748.86,99.00,TERMINATING,14,8,22,Affine template / Affine template
ATVA2026_benchmark/TERM_LASSO/SI_ARRAYS//lasso_traces_cstrcspn_no-overflow.c/lasso_trace_4.txt,TERMINATING,0.99,298.98,6366.00,TERMINATING,21,4,25,Affine template / Affine template
ATVA2026_benchmark/TERM_LASSO/SI_ARRAYS//lasso_traces_cstrcspn_reverse_alloca.c/lasso_trace_2.txt,TERMINATING,2.27,923.12,379.00,TERMINATING,9,8,17,Affine template / Affine template
ATVA2026_benchmark/TERM_LASSO/SI_ARRAYS//lasso_traces_cstrcspn_reverse_alloca_valid-memsafety.c/lasso_trace_2.txt,TERMINATING,2.15,960.08,357.00,TERMINATING,9,8,17,Affine template / Affine template
ATVA2026_benchmark/TERM_LASSO/SI_ARRAYS//lasso_traces_cstrcspn_true-termination.c/lasso_trace_2.txt,TERMINATING,2.26,716.28,13108.00,TERMINATING,14,8,22,Affine template / Affine template
ATVA2026_benchmark/TERM_LASSO/SI_ARRAYS//lasso_traces_cstrcspn_true-termination.c/lasso_trace_4.txt,TERMINATING,1.09,224.43,6231.00,TERMINATING,21,4,25,Affine template / Affine template
ATVA2026_benchmark/TERM_LASSO/SI_ARRAYS//lasso_traces_cstrlen-alloca-1.c/lasso_trace_1.txt,TERMINATING,1.91,233.05,34.00,TERMINATING,8,2,10,Affine template / Affine template
ATVA2026_benchmark/TERM_LASSO/SI_ARRAYS//lasso_traces_cstrlen-alloca-1_valid-memsafety.c/lasso_trace_1.txt,TERMINATING,2.15,235.40,33.00,TERMINATING,8,2,10,Affine template / Affine template
ATVA2026_benchmark/TERM_LASSO/SI_ARRAYS//lasso_traces_cstrlen-alloca_true-termination.c/lasso_trace_1.txt,TERMINATING,2.13,215.65,32.00,TERMINATING,8,2,10,Affine template / Affine template
ATVA2026_benchmark/TERM_LASSO/SI_ARRAYS//lasso_traces_cstrlen.c/lasso_trace_1.txt,TERMINATING,1.77,653.31,40.00,TERMINATING,10,2,12,Affine template / Affine template
ATVA2026_benchmark/TERM_LASSO/SI_ARRAYS//lasso_traces_cstrlen_diffterm_alloca.c/lasso_trace_1.txt,TERMINATING,2.20,221.29,40.00,TERMINATING,8,2,10,Affine template / Affine template
ATVA2026_benchmark/TERM_LASSO/SI_ARRAYS//lasso_traces_cstrlen_diffterm_alloca_valid-memsafety.c/lasso_trace_1.txt,TERMINATING,2.15,233.08,41.00,TERMINATING,8,2,10,Affine template / Affine template
ATVA2026_benchmark/TERM_LASSO/SI_ARRAYS//lasso_traces_cstrlen_malloc.c/lasso_trace_1.txt,TERMINATING,2.23,204.34,46.00,TERMINATING,8,2,10,Affine template / Affine template
ATVA2026_benchmark/TERM_LASSO/SI_ARRAYS//lasso_traces_cstrlen_malloc_valid-memsafety.c/lasso_trace_1.txt,TERMINATING,2.10,232.67,38.00,TERMINATING,8,2,10,Affine template / Affine template
ATVA2026_benchmark/TERM_LASSO/SI_ARRAYS//lasso_traces_cstrlen_no-overflow.c/lasso_trace_1.txt,TERMINATING,1.99,654.97,35.00,TERMINATING,10,2,12,Affine template / Affine template
ATVA2026_benchmark/TERM_LASSO/SI_ARRAYS//lasso_traces_cstrlen_reverse_alloca.c/lasso_trace_1.txt,TERMINATING,1.88,664.59,108.00,TERMINATING,8,2,10,Affine template / Affine template
ATVA2026_benchmark/TERM_LASSO/SI_ARRAYS//lasso_traces_cstrlen_reverse_alloca_valid-memsafety.c/lasso_trace_1.txt,TERMINATING,1.85,677.78,96.00,TERMINATING,8,2,10,Affine template / Affine template
ATVA2026_benchmark/TERM_LASSO/SI_ARRAYS//lasso_traces_cstrlen_true-termination.c/lasso_trace_1.txt,TERMINATING,1.97,613.37,112.00,TERMINATING,10,2,12,Affine template / Affine template
ATVA2026_benchmark/TERM_LASSO/SI_ARRAYS//lasso_traces_cstrncat-alloca-1.c/lasso_trace_1.txt,TERMINATING,2.25,251.45,49.00,TERMINATING,10,2,12,Affine template / Affine template
ATVA2026_benchmark/TERM_LASSO/SI_ARRAYS//lasso_traces_cstrncat-alloca-1_termination.c/lasso_trace_1.txt,TERMINATING,2.25,254.40,51.00,TERMINATING,10,2,12,Affine template / Affine template
ATVA2026_benchmark/TERM_LASSO/SI_ARRAYS//lasso_traces_cstrncat-alloca_true-termination.c/lasso_trace_1.txt,TERMINATING,2.28,258.74,50.00,TERMINATING,10,2,12,Affine template / Affine template
ATVA2026_benchmark/TERM_LASSO/SI_ARRAYS//lasso_traces_cstrncat_diffterm_alloca.c/lasso_trace_1.txt,TERMINATING,1.98,257.03,50.00,TERMINATING,10,2,12,Affine template / Affine template
ATVA2026_benchmark/TERM_LASSO/SI_ARRAYS//lasso_traces_cstrncat_diffterm_alloca_termination.c/lasso_trace_1.txt,TERMINATING,3.34,265.20,51.00,TERMINATING,10,2,12,Affine template / Affine template
ATVA2026_benchmark/TERM_LASSO/SI_ARRAYS//lasso_traces_cstrncat_malloc.c/lasso_trace_1.txt,TERMINATING,2.22,330.18,99.00,TERMINATING,10,2,12,Affine template / Affine template
ATVA2026_benchmark/TERM_LASSO/SI_ARRAYS//lasso_traces_cstrncat_malloc_termination.c/lasso_trace_1.txt,TERMINATING,2.34,334.70,85.00,TERMINATING,10,2,12,Affine template / Affine template
ATVA2026_benchmark/TERM_LASSO/SI_ARRAYS//lasso_traces_cstrncat_mixed_alloca.c/lasso_trace_1.txt,TERMINATING,2.20,284.96,55.00,TERMINATING,10,2,12,Affine template / Affine template
ATVA2026_benchmark/TERM_LASSO/SI_ARRAYS//lasso_traces_cstrncat_mixed_alloca_termination.c/lasso_trace_1.txt,TERMINATING,2.15,297.83,50.00,TERMINATING,10,2,12,Affine template / Affine template
ATVA2026_benchmark/TERM_LASSO/SI_ARRAYS//lasso_traces_cstrncat_reverse_alloca.c/lasso_trace_1.txt,TERMINATING,2.14,924.68,176.00,TERMINATING,10,2,12,Affine template / Affine template
ATVA2026_benchmark/TERM_LASSO/SI_ARRAYS//lasso_traces_cstrncat_reverse_alloca_valid-memsafety.c/lasso_trace_1.txt,TERMINATING,2.08,943.35,178.00,TERMINATING,10,2,12,Affine template / Affine template
ATVA2026_benchmark/TERM_LASSO/SI_ARRAYS//lasso_traces_cstrncmp-alloca-2.c/lasso_trace_3.txt,TERMINATING,2.78,99.48,346.00,TERMINATING,10,8,18,Affine template / Affine template
ATVA2026_benchmark/TERM_LASSO/SI_ARRAYS//lasso_traces_cstrncmp-alloca-2_def-behavior.c/lasso_trace_3.txt,TERMINATING,2.38,98.29,350.00,TERMINATING,10,8,18,Affine template / Affine template
ATVA2026_benchmark/TERM_LASSO/SI_ARRAYS//lasso_traces_cstrncmp-alloca_true-termination.c/lasso_trace_3.txt,TERMINATING,2.44,103.09,353.00,TERMINATING,10,8,18,Affine template / Affine template
ATVA2026_benchmark/TERM_LASSO/SI_ARRAYS//lasso_traces_cstrncmp.c/lasso_trace_3.txt,TERMINATING,2.47,95.72,3395.00,TERMINATING,16,8,24,Affine template / Affine template
ATVA2026_benchmark/TERM_LASSO/SI_ARRAYS//lasso_traces_cstrncmp_diffterm_alloca.c/lasso_trace_3.txt,UNCHECKED,2.39,105.88,-,,10,8,18,Affine template
ATVA2026_benchmark/TERM_LASSO/SI_ARRAYS//lasso_traces_cstrncmp_diffterm_alloca_def-behavior.c/lasso_trace_3.txt,UNCHECKED,2.55,98.70,-,,10,8,18,Affine template
ATVA2026_benchmark/TERM_LASSO/SI_ARRAYS//lasso_traces_cstrncmp_mixed_alloca.c/lasso_trace_1.txt,TERMINATING,2.50,215.01,17.00,TERMINATING,5,2,7,Affine template / Affine template
ATVA2026_benchmark/TERM_LASSO/SI_ARRAYS//lasso_traces_cstrncmp_mixed_alloca.c/lasso_trace_2.txt,TERMINATING,0.67,120.42,20.00,TERMINATING,7,2,9,Affine template / Affine template
ATVA2026_benchmark/TERM_LASSO/SI_ARRAYS//lasso_traces_cstrncmp_mixed_alloca_def-behavior.c/lasso_trace_1.txt,TERMINATING,2.15,216.91,19.00,TERMINATING,5,2,7,Affine template / Affine template
ATVA2026_benchmark/TERM_LASSO/SI_ARRAYS//lasso_traces_cstrncmp_mixed_alloca_def-behavior.c/lasso_trace_2.txt,TERMINATING,0.69,114.76,20.00,TERMINATING,7,2,9,Affine template / Affine template
ATVA2026_benchmark/TERM_LASSO/SI_ARRAYS//lasso_traces_cstrncmp_no-overflow.c/lasso_trace_3.txt,TERMINATING,2.64,95.84,3541.00,TERMINATING,16,8,24,Affine template / Affine template
ATVA2026_benchmark/TERM_LASSO/SI_ARRAYS//lasso_traces_cstrncmp_reverse_alloca.c/lasso_trace_3.txt,TERMINATING,2.25,13619.85,1341.00,TERMINATING,10,8,18,Affine template / Affine template
ATVA2026_benchmark/TERM_LASSO/SI_ARRAYS//lasso_traces_cstrncmp_reverse_alloca_def-behavior.c/lasso_trace_3.txt,TERMINATING,2.26,13747.73,1318.00,TERMINATING,10,8,18,Affine template / Affine template
ATVA2026_benchmark/TERM_LASSO/SI_ARRAYS//lasso_traces_cstrncmp_true-termination.c/lasso_trace_3.txt,TERMINATING,2.21,93.93,3500.00,TERMINATING,16,8,24,Affine template / Affine template
ATVA2026_benchmark/TERM_LASSO/SI_ARRAYS//lasso_traces_cstrncpy-alloca-1.c/lasso_trace_1.txt,TERMINATING,2.40,86.25,66.00,TERMINATING,8,4,12,Affine template / Affine template
ATVA2026_benchmark/TERM_LASSO/SI_ARRAYS//lasso_traces_cstrncpy-alloca-1.c/lasso_trace_2.txt,TERMINATING,0.56,1033.60,305.00,TERMINATING,12,3,15,Affine template / Affine template
ATVA2026_benchmark/TERM_LASSO/SI_ARRAYS//lasso_traces_cstrncpy-alloca-1_valid-memsafety.c/lasso_trace_1.txt,TERMINATING,2.41,84.48,64.00,TERMINATING,8,4,12,Affine template / Affine template
ATVA2026_benchmark/TERM_LASSO/SI_ARRAYS//lasso_traces_cstrncpy-alloca-1_valid-memsafety.c/lasso_trace_2.txt,TERMINATING,0.66,1060.82,303.00,TERMINATING,12,3,15,Affine template / Affine template
ATVA2026_benchmark/TERM_LASSO/SI_ARRAYS//lasso_traces_cstrncpy-alloca_true-termination.c/lasso_trace_1.txt,TERMINATING,2.39,82.95,79.00,TERMINATING,8,4,12,Affine template / Affine template
ATVA2026_benchmark/TERM_LASSO/SI_ARRAYS//lasso_traces_cstrncpy-alloca_true-termination.c/lasso_trace_2.txt,TERMINATING,0.71,996.71,306.00,TERMINATING,12,3,15,Affine template / Affine template
ATVA2026_benchmark/TERM_LASSO/SI_ARRAYS//lasso_traces_cstrncpy_diffterm_alloca.c/lasso_trace_1.txt,TERMINATING,1.96,78.08,88.00,TERMINATING,8,4,12,Affine template / Affine template
ATVA2026_benchmark/TERM_LASSO/SI_ARRAYS//lasso_traces_cstrncpy_diffterm_alloca.c/lasso_trace_2.txt,TERMINATING,0.61,1438.32,320.00,TERMINATING,12,3,15,Affine template / Affine template
ATVA2026_benchmark/TERM_LASSO/SI_ARRAYS//lasso_traces_cstrncpy_diffterm_alloca_valid-memsafety.c/lasso_trace_1.txt,TERMINATING,2.55,87.09,80.00,TERMINATING,8,4,12,Affine template / Affine template
ATVA2026_benchmark/TERM_LASSO/SI_ARRAYS//lasso_traces_cstrncpy_diffterm_alloca_valid-memsafety.c/lasso_trace_2.txt,TERMINATING,0.76,1506.24,324.00,TERMINATING,12,3,15,Affine template / Affine template
ATVA2026_benchmark/TERM_LASSO/SI_ARRAYS//lasso_traces_cstrncpy_malloc.c/lasso_trace_1.txt,TERMINATING,2.24,102.30,134.00,TERMINATING,8,4,12,Affine template / Affine template
ATVA2026_benchmark/TERM_LASSO/SI_ARRAYS//lasso_traces_cstrncpy_malloc.c/lasso_trace_2.txt,TERMINATING,0.74,1176.52,179.00,TERMINATING,12,3,15,Affine template / Affine template
ATVA2026_benchmark/TERM_LASSO/SI_ARRAYS//lasso_traces_cstrncpy_malloc_valid-memsafety.c/lasso_trace_1.txt,TERMINATING,2.38,99.20,125.00,TERMINATING,8,4,12,Affine template / Affine template
ATVA2026_benchmark/TERM_LASSO/SI_ARRAYS//lasso_traces_cstrncpy_malloc_valid-memsafety.c/lasso_trace_2.txt,TERMINATING,0.73,1271.75,181.00,TERMINATING,12,3,15,Affine template / Affine template
ATVA2026_benchmark/TERM_LASSO/SI_ARRAYS//lasso_traces_cstrncpy_mixed_alloca.c/lasso_trace_1.txt,TERMINATING,2.18,427.81,482.00,TERMINATING,8,4,12,Affine template / Affine template
ATVA2026_benchmark/TERM_LASSO/SI_ARRAYS//lasso_traces_cstrncpy_mixed_alloca.c/lasso_trace_2.txt,TERMINATING,0.89,126.76,86.00,TERMINATING,12,3,15,Affine template / Affine template
ATVA2026_benchmark/TERM_LASSO/SI_ARRAYS//lasso_traces_cstrncpy_mixed_alloca_valid-memsafety.c/lasso_trace_1.txt,TERMINATING,2.22,427.52,484.00,TERMINATING,8,4,12,Affine template / Affine template
ATVA2026_benchmark/TERM_LASSO/SI_ARRAYS//lasso_traces_cstrncpy_mixed_alloca_valid-memsafety.c/lasso_trace_2.txt,TERMINATING,0.83,133.57,70.00,TERMINATING,12,3,15,Affine template / Affine template
ATVA2026_benchmark/TERM_LASSO/SI_ARRAYS//lasso_traces_cstrncpy_reverse_alloca.c/lasso_trace_1.txt,TERMINATING,2.46,917.02,172.00,TERMINATING,8,4,12,Affine template / Affine template
ATVA2026_benchmark/TERM_LASSO/SI_ARRAYS//lasso_traces_cstrncpy_reverse_alloca.c/lasso_trace_2.txt,TERMINATING,0.61,250.40,91.00,TERMINATING,12,3,15,Affine template / Affine template
ATVA2026_benchmark/TERM_LASSO/SI_ARRAYS//lasso_traces_cstrncpy_reverse_alloca_valid-memsafety.c/lasso_trace_1.txt,TERMINATING,2.36,924.02,179.00,TERMINATING,8,4,12,Affine template / Affine template
ATVA2026_benchmark/TERM_LASSO/SI_ARRAYS//lasso_traces_cstrncpy_reverse_alloca_valid-memsafety.c/lasso_trace_2.txt,TERMINATING,0.71,269.30,96.00,TERMINATING,12,3,15,Affine template / Affine template
ATVA2026_benchmark/TERM_LASSO/SI_ARRAYS//lasso_traces_cstrpbrk-alloca-1.c/lasso_trace_3.txt,TERMINATING,3.79,236.15,432.00,TERMINATING,9,9,18,Affine template / Affine template
ATVA2026_benchmark/TERM_LASSO/SI_ARRAYS//lasso_traces_cstrpbrk-alloca-1.c/lasso_trace_4.txt,TERMINATING,0.92,269.98,4373.00,TERMINATING,16,4,20,Affine template / Affine template
ATVA2026_benchmark/TERM_LASSO/SI_ARRAYS//lasso_traces_cstrpbrk-alloca-1_valid-memsafety.c/lasso_trace_3.txt,TERMINATING,2.60,247.36,446.00,TERMINATING,9,9,18,Affine template / Affine template
ATVA2026_benchmark/TERM_LASSO/SI_ARRAYS//lasso_traces_cstrpbrk-alloca-1_valid-memsafety.c/lasso_trace_4.txt,TERMINATING,1.07,280.63,4448.00,TERMINATING,16,4,20,Affine template / Affine template
ATVA2026_benchmark/TERM_LASSO/SI_ARRAYS//lasso_traces_cstrpbrk-alloca_true-termination.c/lasso_trace_3.txt,TERMINATING,2.29,229.03,422.00,TERMINATING,9,9,18,Affine template / Affine template
ATVA2026_benchmark/TERM_LASSO/SI_ARRAYS//lasso_traces_cstrpbrk-alloca_true-termination.c/lasso_trace_4.txt,TERMINATING,0.92,257.97,4446.00,TERMINATING,16,4,20,Affine template / Affine template
ATVA2026_benchmark/TERM_LASSO/SI_ARRAYS//lasso_traces_cstrpbrk.c/lasso_trace_3.txt,TERMINATING,2.23,845.10,11727.00,TERMINATING,14,9,23,Affine template / Affine template
ATVA2026_benchmark/TERM_LASSO/SI_ARRAYS//lasso_traces_cstrpbrk.c/lasso_trace_4.txt,TERMINATING,0.91,193.50,3349.00,TERMINATING,17,4,21,Affine template / Affine template
ATVA2026_benchmark/TERM_LASSO/SI_ARRAYS//lasso_traces_cstrpbrk.c/lasso_trace_5.txt,TERMINATING,1.00,14443.37,68531.00,TERMINATING,26,4,30,Affine template / Affine template
ATVA2026_benchmark/TERM_LASSO/SI_ARRAYS//lasso_traces_cstrpbrk_diffterm_alloca.c/lasso_trace_3.txt,TERMINATING,2.27,247.18,753.00,TERMINATING,9,9,18,Affine template / Affine template
ATVA2026_benchmark/TERM_LASSO/SI_ARRAYS//lasso_traces_cstrpbrk_diffterm_alloca.c/lasso_trace_4.txt,TERMINATING,0.82,324.82,7497.00,TERMINATING,16,4,20,Affine template / Affine template
ATVA2026_benchmark/TERM_LASSO/SI_ARRAYS//lasso_traces_cstrpbrk_diffterm_alloca_valid-memsafety.c/lasso_trace_3.txt,TERMINATING,2.33,235.57,774.00,TERMINATING,9,9,18,Affine template / Affine template
ATVA2026_benchmark/TERM_LASSO/SI_ARRAYS//lasso_traces_cstrpbrk_diffterm_alloca_valid-memsafety.c/lasso_trace_4.txt,TERMINATING,1.03,340.01,7315.00,TERMINATING,16,4,20,Affine template / Affine template
ATVA2026_benchmark/TERM_LASSO/SI_ARRAYS//lasso_traces_cstrpbrk_malloc.c/lasso_trace_3.txt,TERMINATING,2.31,416.95,896.00,TERMINATING,9,9,18,Affine template / Affine template
ATVA2026_benchmark/TERM_LASSO/SI_ARRAYS//lasso_traces_cstrpbrk_malloc.c/lasso_trace_4.txt,TERMINATING,1.07,20407.16,3315.00,TERMINATING,12,4,16,Affine template / Affine template
ATVA2026_benchmark/TERM_LASSO/SI_ARRAYS//lasso_traces_cstrpbrk_malloc_valid-memsafety.c/lasso_trace_3.txt,TERMINATING,2.39,448.58,925.00,TERMINATING,9,9,18,Affine template / Affine template
ATVA2026_benchmark/TERM_LASSO/SI_ARRAYS//lasso_traces_cstrpbrk_malloc_valid-memsafety.c/lasso_trace_4.txt,TERMINATING,1.85,431.28,48528.00,TERMINATING,16,4,20,Affine template / Affine template
ATVA2026_benchmark/TERM_LASSO/SI_ARRAYS//lasso_traces_cstrpbrk_mixed_alloca.c/lasso_trace_3.txt,TERMINATING,1.95,269.13,450.00,TERMINATING,9,9,18,Affine template / Affine template
ATVA2026_benchmark/TERM_LASSO/SI_ARRAYS//lasso_traces_cstrpbrk_mixed_alloca_valid-memsafety.c/lasso_trace_3.txt,TERMINATING,2.80,342.79,427.00,TERMINATING,9,9,18,Affine template / Affine template
ATVA2026_benchmark/TERM_LASSO/SI_ARRAYS//lasso_traces_cstrpbrk_no-overflow.c/lasso_trace_3.txt,TERMINATING,2.21,897.90,10983.00,TERMINATING,14,9,23,Affine template / Affine template
ATVA2026_benchmark/TERM_LASSO/SI_ARRAYS//lasso_traces_cstrpbrk_no-overflow.c/lasso_trace_4.txt,TERMINATING,0.90,191.48,3221.00,TERMINATING,17,4,21,Affine template / Affine template
ATVA2026_benchmark/TERM_LASSO/SI_ARRAYS//lasso_traces_cstrpbrk_no-overflow.c/lasso_trace_5.txt,TERMINATING,1.25,15556.99,67969.00,TERMINATING,26,4,30,Affine template / Affine template
ATVA2026_benchmark/TERM_LASSO/SI_ARRAYS//lasso_traces_cstrpbrk_reverse_alloca.c/lasso_trace_3.txt,TERMINATING,1.97,17623.41,428.00,TERMINATING,9,9,18,Affine template / Affine template
ATVA2026_benchmark/TERM_LASSO/SI_ARRAYS//lasso_traces_cstrpbrk_reverse_alloca_valid-memsafety.c/lasso_trace_3.txt,TERMINATING,3.18,24781.10,462.00,TERMINATING,9,9,18,Affine template / Affine template
ATVA2026_benchmark/TERM_LASSO/SI_ARRAYS//lasso_traces_cstrpbrk_true-termination.c/lasso_trace_3.txt,TERMINATING,2.35,143.20,6468.00,TERMINATING,14,9,23,Affine template / Affine template
ATVA2026_benchmark/TERM_LASSO/SI_ARRAYS//lasso_traces_cstrpbrk_true-termination.c/lasso_trace_4.txt,TERMINATING,0.99,374.48,44962.00,TERMINATING,21,4,25,Affine template / Affine template
ATVA2026_benchmark/TERM_LASSO/SI_ARRAYS//lasso_traces_cstrspn-alloca-2.c/lasso_trace_3.txt,TERMINATING,2.35,196.87,450.00,TERMINATING,9,9,18,Affine template / Affine template
ATVA2026_benchmark/TERM_LASSO/SI_ARRAYS//lasso_traces_cstrspn-alloca-2.c/lasso_trace_4.txt,TERMINATING,0.88,168.00,3242.00,TERMINATING,16,4,20,Affine template / Affine template
ATVA2026_benchmark/TERM_LASSO/SI_ARRAYS//lasso_traces_cstrspn-alloca-2_valid-memsafety.c/lasso_trace_3.txt,TERMINATING,2.86,232.24,461.00,TERMINATING,9,9,18,Affine template / Affine template
ATVA2026_benchmark/TERM_LASSO/SI_ARRAYS//lasso_traces_cstrspn-alloca-2_valid-memsafety.c/lasso_trace_4.txt,TERMINATING,1.33,437.43,3097.00,TERMINATING,16,4,20,Affine template / Affine template
ATVA2026_benchmark/TERM_LASSO/SI_ARRAYS//lasso_traces_cstrspn-alloca_true-termination.c/lasso_trace_3.txt,TERMINATING,2.23,205.21,439.00,TERMINATING,9,9,18,Affine template / Affine template
ATVA2026_benchmark/TERM_LASSO/SI_ARRAYS//lasso_traces_cstrspn-alloca_true-termination.c/lasso_trace_4.txt,TERMINATING,0.99,177.11,3078.00,TERMINATING,16,4,20,Affine template / Affine template
ATVA2026_benchmark/TERM_LASSO/SI_ARRAYS//lasso_traces_cstrspn.c/lasso_trace_3.txt,TERMINATING,2.20,1050.30,12759.00,TERMINATING,14,9,23,Affine template / Affine template
ATVA2026_benchmark/TERM_LASSO/SI_ARRAYS//lasso_traces_cstrspn.c/lasso_trace_4.txt,TERMINATING,1.24,275.36,3432.00,TERMINATING,17,4,21,Affine template / Affine template
ATVA2026_benchmark/TERM_LASSO/SI_ARRAYS//lasso_traces_cstrspn.c/lasso_trace_5.txt,TERMINATING,1.04,16061.26,72651.00,TERMINATING,26,4,30,Affine template / Affine template
ATVA2026_benchmark/TERM_LASSO/SI_ARRAYS//lasso_traces_cstrspn_diffterm_alloca.c/lasso_trace_3.txt,TERMINATING,2.35,195.26,766.00,TERMINATING,9,9,18,Affine template / Affine template
ATVA2026_benchmark/TERM_LASSO/SI_ARRAYS//lasso_traces_cstrspn_diffterm_alloca.c/lasso_trace_4.txt,TERMINATING,1.34,173.07,9192.00,TERMINATING,16,4,20,Affine template / Affine template
ATVA2026_benchmark/TERM_LASSO/SI_ARRAYS//lasso_traces_cstrspn_diffterm_alloca_valid-memsafety.c/lasso_trace_3.txt,TERMINATING,2.88,1062.48,794.00,TERMINATING,9,9,18,Affine template / Affine template
ATVA2026_benchmark/TERM_LASSO/SI_ARRAYS//lasso_traces_cstrspn_diffterm_alloca_valid-memsafety.c/lasso_trace_4.txt,TERMINATING,2.91,598.62,8377.00,TERMINATING,16,4,20,Affine template / Affine template
ATVA2026_benchmark/TERM_LASSO/SI_ARRAYS//lasso_traces_cstrspn_malloc.c/lasso_trace_3.txt,TERMINATING,2.08,15104.70,932.00,TERMINATING,9,9,18,Affine template / Affine template
ATVA2026_benchmark/TERM_LASSO/SI_ARRAYS//lasso_traces_cstrspn_malloc.c/lasso_trace_4.txt,TERMINATING,1.25,20205.48,4316.00,TERMINATING,12,4,16,Affine template / Affine template
ATVA2026_benchmark/TERM_LASSO/SI_ARRAYS//lasso_traces_cstrspn_malloc_valid-memsafety.c/lasso_trace_3.txt,TERMINATING,0.84,1091.10,327.00,TERMINATING,18,9,27,Affine template / Nested template
ATVA2026_benchmark/TERM_LASSO/SI_ARRAYS//lasso_traces_cstrspn_malloc_valid-memsafety.c/lasso_trace_4.txt,TERMINATING,4.26,1254.69,6028.00,TERMINATING,16,4,20,Affine template / Affine template
ATVA2026_benchmark/TERM_LASSO/SI_ARRAYS//lasso_traces_cstrspn_mixed_alloca.c/lasso_trace_3.txt,TERMINATING,2.24,312.59,467.00,TERMINATING,9,9,18,Affine template / Affine template
ATVA2026_benchmark/TERM_LASSO/SI_ARRAYS//lasso_traces_cstrspn_mixed_alloca_no-overflow.c/lasso_trace_3.txt,TERMINATING,2.38,325.23,464.00,TERMINATING,9,9,18,Affine template / Affine template
ATVA2026_benchmark/TERM_LASSO/SI_ARRAYS//lasso_traces_cstrspn_no-overflow.c/lasso_trace_3.txt,TERMINATING,9.80,5267.66,12773.00,TERMINATING,14,9,23,Affine template / Affine template
ATVA2026_benchmark/TERM_LASSO/SI_ARRAYS//lasso_traces_cstrspn_no-overflow.c/lasso_trace_4.txt,TERMINATING,3.85,1494.17,3481.00,TERMINATING,17,4,21,Affine template / Affine template
ATVA2026_benchmark/TERM_LASSO/SI_ARRAYS//lasso_traces_cstrspn_reverse_alloca.c/lasso_trace_3.txt,TERMINATING,1.81,17382.36,446.00,TERMINATING,9,9,18,Affine template / Affine template
ATVA2026_benchmark/TERM_LASSO/SI_ARRAYS//lasso_traces_cstrspn_reverse_alloca_valid-memsafety.c/lasso_trace_3.txt,TERMINATING,0.90,5273.93,347.00,TERMINATING,18,9,27,Affine template / Affine template
ATVA2026_benchmark/TERM_LASSO/SI_ARRAYS//lasso_traces_cstrspn_true-termination.c/lasso_trace_3.txt,TERMINATING,2.25,276.78,7949.00,TERMINATING,14,9,23,Affine template / Affine template
ATVA2026_benchmark/TERM_LASSO/SI_ARRAYS//lasso_traces_cstrspn_true-termination.c/lasso_trace_4.txt,TERMINATING,0.92,366.08,48314.00,TERMINATING,21,4,25,Affine template / Affine template
ATVA2026_benchmark/TERM_LASSO/SI_ARRAYS//lasso_traces_data_structures_set_multi_proc_false-unreach-call_ground.c/lasso_trace_3.txt,TERMINATING,0.87,98.92,23.00,TERMINATING,6,16,22,Affine template / Affine template
ATVA2026_benchmark/TERM_LASSO/SI_ARRAYS//lasso_traces_data_structures_set_multi_proc_false-unreach-call_ground.c/lasso_trace_7.txt,TERMINATING,0.61,528.52,80.00,TERMINATING,26,3,29,Affine template / Affine template
ATVA2026_benchmark/TERM_LASSO/SI_ARRAYS//lasso_traces_diff-alloca-1.c/lasso_trace_3.txt,TERMINATING,2.74,372.00,37.00,TERMINATING,7,7,14,Affine template / Affine template
ATVA2026_benchmark/TERM_LASSO/SI_ARRAYS//lasso_traces_diff-alloca-1.c/lasso_trace_4.txt,TERMINATING,1.06,236.99,119.00,TERMINATING,8,3,11,Affine template / Affine template
ATVA2026_benchmark/TERM_LASSO/SI_ARRAYS//lasso_traces_diff-alloca-1.c/lasso_trace_5.txt,TERMINATING,0.88,1593.99,265.00,TERMINATING,15,3,18,Affine template / Affine template
ATVA2026_benchmark/TERM_LASSO/SI_ARRAYS//lasso_traces_diff-alloca-1_termination.c/lasso_trace_3.txt,TERMINATING,2.14,403.61,39.00,TERMINATING,7,7,14,Affine template / Affine template
ATVA2026_benchmark/TERM_LASSO/SI_ARRAYS//lasso_traces_diff-alloca-1_termination.c/lasso_trace_4.txt,TERMINATING,1.09,276.80,111.00,TERMINATING,8,3,11,Affine template / Affine template
ATVA2026_benchmark/TERM_LASSO/SI_ARRAYS//lasso_traces_diff-alloca-1_termination.c/lasso_trace_5.txt,TERMINATING,1.25,1847.07,266.00,TERMINATING,15,3,18,Affine template / Affine template
ATVA2026_benchmark/TERM_LASSO/SI_ARRAYS//lasso_traces_diff-alloca_true-termination.c/lasso_trace_3.txt,TERMINATING,2.06,378.22,41.00,TERMINATING,7,7,14,Affine template / Affine template
ATVA2026_benchmark/TERM_LASSO/SI_ARRAYS//lasso_traces_diff-alloca_true-termination.c/lasso_trace_4.txt,TERMINATING,1.06,250.37,118.00,TERMINATING,8,3,11,Affine template / Affine template
ATVA2026_benchmark/TERM_LASSO/SI_ARRAYS//lasso_traces_diff-alloca_true-termination.c/lasso_trace_5.txt,TERMINATING,0.85,1574.56,277.00,TERMINATING,15,3,18,Affine template / Affine template
ATVA2026_benchmark/TERM_LASSO/SI_ARRAYS//lasso_traces_dt4.c/lasso_trace_1.txt,TERMINATING,2.17,382.20,30.00,TERMINATING,5,8,13,Affine template / Affine template
ATVA2026_benchmark/TERM_LASSO/SI_ARRAYS//lasso_traces_easySum-alloca.c/lasso_trace_1.txt,TERMINATING,2.73,287.04,50.00,TERMINATING,10,8,18,Affine template / Affine template
ATVA2026_benchmark/TERM_LASSO/SI_ARRAYS//lasso_traces_easySum-alloca_true-termination.c/lasso_trace_1.txt,TERMINATING,2.69,262.21,34.00,TERMINATING,10,8,18,Affine template / Affine template
ATVA2026_benchmark/TERM_LASSO/SI_ARRAYS//lasso_traces_easySum-alloca_valid-memsafety.c/lasso_trace_1.txt,TERMINATING,2.93,324.93,55.00,TERMINATING,10,8,18,Affine template / Affine template
ATVA2026_benchmark/TERM_LASSO/SI_ARRAYS//lasso_traces_email_spec0_product05_true-unreach-call.cil.c/lasso_trace_1.txt,TERMINATING,3.54,563.69,223.00,TERMINATING,45,3,48,Affine template / Affine template
ATVA2026_benchmark/TERM_LASSO/SI_ARRAYS//lasso_traces_eratosthenes.c/lasso_trace_1.txt,TERMINATING,3.01,442.38,60.00,TERMINATING,6,2,8,Affine template / Affine template
ATVA2026_benchmark/TERM_LASSO/SI_ARRAYS//lasso_traces_EvenOdd01-1.c/lasso_trace_1.txt,TERMINATING,2.43,191.52,22.00,TERMINATING,7,8,15,Affine template / Affine template
ATVA2026_benchmark/TERM_LASSO/SI_ARRAYS//lasso_traces_EvenOdd01-1_no-overflow.c/lasso_trace_1.txt,TERMINATING,9.43,279.17,22.00,TERMINATING,7,8,15,Affine template / Affine template
ATVA2026_benchmark/TERM_LASSO/SI_ARRAYS//lasso_traces_EvenOdd01-2.c/lasso_trace_1.txt,TERMINATING,2.18,180.40,22.00,TERMINATING,7,8,15,Affine template / Affine template
ATVA2026_benchmark/TERM_LASSO/SI_ARRAYS//lasso_traces_EvenOdd01-2_no-overflow.c/lasso_trace_1.txt,TERMINATING,3.16,257.73,21.00,TERMINATING,7,8,15,Affine template / Affine template
ATVA2026_benchmark/TERM_LASSO/SI_ARRAYS//lasso_traces_EvenOdd03.c/lasso_trace_1.txt,TERMINATING,1.83,289.63,22.00,TERMINATING,7,8,15,Affine template / Affine template
ATVA2026_benchmark/TERM_LASSO/SI_ARRAYS//lasso_traces_EvenOdd03_no-overflow.c/lasso_trace_1.txt,TERMINATING,3.00,495.42,24.00,TERMINATING,7,8,15,Affine template / Affine template
ATVA2026_benchmark/TERM_LASSO/SI_ARRAYS//lasso_traces_ex1-alloca.c/lasso_trace_1.txt,TERMINATING,2.63,361.93,35.00,TERMINATING,10,7,17,Affine template / Affine template
ATVA2026_benchmark/TERM_LASSO/SI_ARRAYS//lasso_traces_ex1-alloca_no-overflow.c/lasso_trace_1.txt,TERMINATING,3.13,396.90,34.00,TERMINATING,10,7,17,Affine template / Affine template
ATVA2026_benchmark/TERM_LASSO/SI_ARRAYS//lasso_traces_ex1-alloca_true-termination.c/lasso_trace_1.txt,TERMINATING,2.79,375.32,35.00,TERMINATING,10,7,17,Affine template / Affine template
ATVA2026_benchmark/TERM_LASSO/SI_ARRAYS//lasso_traces_ex2-alloca.c/lasso_trace_3.txt,TERMINATING,3.28,558.87,83.00,TERMINATING,12,14,26,Affine template / Affine template
ATVA2026_benchmark/TERM_LASSO/SI_ARRAYS//lasso_traces_ex2-alloca_no-overflow.c/lasso_trace_3.txt,TERMINATING,4.31,554.15,82.00,TERMINATING,12,14,26,Affine template / Affine template
ATVA2026_benchmark/TERM_LASSO/SI_ARRAYS//lasso_traces_ex2-alloca_true-termination.c/lasso_trace_3.txt,TERMINATING,3.23,535.64,79.00,TERMINATING,12,14,26,Affine template / Affine template
ATVA2026_benchmark/TERM_LASSO/SI_ARRAYS//lasso_traces_fermat-alloca.c/lasso_trace_1.txt,TERMINATING,2.48,238.37,166.00,TERMINATING,9,21,30,Affine template / Affine template
ATVA2026_benchmark/TERM_LASSO/SI_ARRAYS//lasso_traces_fermat-alloca_termination.c/lasso_trace_1.txt,TERMINATING,2.50,239.98,165.00,TERMINATING,9,21,30,Affine template / Affine template
ATVA2026_benchmark/TERM_LASSO/SI_ARRAYS//lasso_traces_fermat-alloca_true-termination.c/lasso_trace_1.txt,TERMINATING,2.58,231.93,185.00,TERMINATING,9,21,30,Affine template / Affine template
ATVA2026_benchmark/TERM_LASSO/SI_ARRAYS//lasso_traces_Fibonacci01-1.c/lasso_trace_1.txt,TERMINATING,3.37,104.75,10.00,TERMINATING,7,4,11,Affine template / Affine template
ATVA2026_benchmark/TERM_LASSO/SI_ARRAYS//lasso_traces_Fibonacci01-1_no-overflow.c/lasso_trace_1.txt,TERMINATING,2.42,123.01,14.00,TERMINATING,7,4,11,Affine template / Affine template
ATVA2026_benchmark/TERM_LASSO/SI_ARRAYS//lasso_traces_Fibonacci01-2.c/lasso_trace_1.txt,TERMINATING,2.42,116.44,10.00,TERMINATING,8,4,12,Affine template / Affine template
ATVA2026_benchmark/TERM_LASSO/SI_ARRAYS//lasso_traces_Fibonacci01-2_no-overflow.c/lasso_trace_1.txt,TERMINATING,10.25,606.26,10.00,TERMINATING,8,4,12,Affine template / Affine template
ATVA2026_benchmark/TERM_LASSO/SI_ARRAYS//lasso_traces_Fibonacci01-2-overflow.c/lasso_trace_1.txt,TERMINATING,2.90,114.86,9.00,TERMINATING,7,4,11,Affine template / Affine template
ATVA2026_benchmark/TERM_LASSO/SI_ARRAYS//lasso_traces_Fibonacci01-2-overflow_no-overflow.c/lasso_trace_1.txt,TERMINATING,2.86,252.40,11.00,TERMINATING,7,4,11,Affine template / Affine template
ATVA2026_benchmark/TERM_LASSO/SI_ARRAYS//lasso_traces_Fibonacci02.c/lasso_trace_1.txt,TERMINATING,1.84,185.59,10.00,TERMINATING,6,4,10,Affine template / Affine template
ATVA2026_benchmark/TERM_LASSO/SI_ARRAYS//lasso_traces_Fibonacci02_no-overflow.c/lasso_trace_1.txt,TERMINATING,4.38,414.71,10.00,TERMINATING,6,4,10,Affine template / Affine template
ATVA2026_benchmark/TERM_LASSO/SI_ARRAYS//lasso_traces_Fibonacci03.c/lasso_trace_1.txt,TERMINATING,3.73,114.52,10.00,TERMINATING,7,4,11,Affine template / Affine template
ATVA2026_benchmark/TERM_LASSO/SI_ARRAYS//lasso_traces_Fibonacci03_no-overflow.c/lasso_trace_1.txt,TERMINATING,2.99,163.55,10.00,TERMINATING,7,4,11,Affine template / Affine template
ATVA2026_benchmark/TERM_LASSO/SI_ARRAYS//lasso_traces_Fibonacci04.c/lasso_trace_1.txt,TERMINATING,2.28,105.96,9.00,TERMINATING,7,4,11,Affine template / Affine template
ATVA2026_benchmark/TERM_LASSO/SI_ARRAYS//lasso_traces_Fibonacci04_no-overflow.c/lasso_trace_1.txt,TERMINATING,5.56,208.47,9.00,TERMINATING,7,4,11,Affine template / Affine template
ATVA2026_benchmark/TERM_LASSO/SI_ARRAYS//lasso_traces_Fibonacci04-overflow.c/lasso_trace_1.txt,TERMINATING,1.94,104.50,9.00,TERMINATING,6,4,10,Affine template / Affine template
ATVA2026_benchmark/TERM_LASSO/SI_ARRAYS//lasso_traces_Fibonacci04-overflow_no-overflow.c/lasso_trace_1.txt,TERMINATING,2.01,111.11,10.00,TERMINATING,6,4,10,Affine template / Affine template
ATVA2026_benchmark/TERM_LASSO/SI_ARRAYS//lasso_traces_Fibonacci05.c/lasso_trace_1.txt,TERMINATING,2.20,115.98,9.00,TERMINATING,7,4,11,Affine template / Affine template
ATVA2026_benchmark/TERM_LASSO/SI_ARRAYS//lasso_traces_Fibonacci05_no-overflow.c/lasso_trace_1.txt,TERMINATING,2.21,107.98,10.00,TERMINATING,7,4,11,Affine template / Affine template
ATVA2026_benchmark/TERM_LASSO/SI_ARRAYS//lasso_traces_Fibonacci05-overflow.c/lasso_trace_1.txt,TERMINATING,1.89,118.78,10.00,TERMINATING,6,4,10,Affine template / Affine template
ATVA2026_benchmark/TERM_LASSO/SI_ARRAYS//lasso_traces_Fibonacci05-overflow_no-overflow.c/lasso_trace_1.txt,TERMINATING,2.47,110.87,10.00,TERMINATING,6,4,10,Affine template / Affine template
ATVA2026_benchmark/TERM_LASSO/SI_ARRAYS//lasso_traces_flag-alloca.c/lasso_trace_1.txt,TERMINATING,3.32,10929.06,255.00,TERMINATING,11,8,19,2 template / Affine template
ATVA2026_benchmark/TERM_LASSO/SI_ARRAYS//lasso_traces_flag-alloca_no-overflow.c/lasso_trace_1.txt,TERMINATING,3.26,11833.67,235.00,TERMINATING,11,8,19,2 template / Affine template
ATVA2026_benchmark/TERM_LASSO/SI_ARRAYS//lasso_traces_flag-alloca_true-termination.c/lasso_trace_1.txt,TERMINATING,2.77,11168.30,253.00,TERMINATING,11,8,19,2 template / Affine template
ATVA2026_benchmark/TERM_LASSO/SI_ARRAYS//lasso_traces_gcd01-1.c/lasso_trace_1.txt,TERMINATING,1.79,147.83,16.00,TERMINATING,8,5,13,Affine template / Affine template
ATVA2026_benchmark/TERM_LASSO/SI_ARRAYS//lasso_traces_gcd01-1.c/lasso_trace_2.txt,TERMINATING,0.52,229.77,23.00,TERMINATING,9,5,14,Affine template / Affine template
ATVA2026_benchmark/TERM_LASSO/SI_ARRAYS//lasso_traces_gcd01-1.c/lasso_trace_3.txt,TERMINATING,0.50,149.52,15.00,TERMINATING,14,5,19,Affine template / Affine template
ATVA2026_benchmark/TERM_LASSO/SI_ARRAYS//lasso_traces_gcd01-1_no-overflow.c/lasso_trace_1.txt,TERMINATING,1.94,158.33,15.00,TERMINATING,8,5,13,Affine template / Affine template
ATVA2026_benchmark/TERM_LASSO/SI_ARRAYS//lasso_traces_gcd01-1_no-overflow.c/lasso_trace_2.txt,TERMINATING,0.72,231.00,22.00,TERMINATING,9,5,14,Affine template / Affine template
ATVA2026_benchmark/TERM_LASSO/SI_ARRAYS//lasso_traces_gcd01-1_no-overflow.c/lasso_trace_3.txt,TERMINATING,0.52,155.57,14.00,TERMINATING,14,5,19,Affine template / Affine template
ATVA2026_benchmark/TERM_LASSO/SI_ARRAYS//lasso_traces_gcd01-2.c/lasso_trace_1.txt,TERMINATING,1.90,152.26,16.00,TERMINATING,8,5,13,Affine template / Affine template
ATVA2026_benchmark/TERM_LASSO/SI_ARRAYS//lasso_traces_gcd01-2.c/lasso_trace_2.txt,TERMINATING,0.51,222.96,23.00,TERMINATING,9,5,14,Affine template / Affine template
ATVA2026_benchmark/TERM_LASSO/SI_ARRAYS//lasso_traces_gcd01-2.c/lasso_trace_3.txt,TERMINATING,0.49,147.28,13.00,TERMINATING,14,5,19,Affine template / Affine template
ATVA2026_benchmark/TERM_LASSO/SI_ARRAYS//lasso_traces_gcd01-2_no-overflow.c/lasso_trace_1.txt,TERMINATING,3.21,154.79,15.00,TERMINATING,8,5,13,Affine template / Affine template
ATVA2026_benchmark/TERM_LASSO/SI_ARRAYS//lasso_traces_gcd01-2_no-overflow.c/lasso_trace_2.txt,TERMINATING,0.51,233.71,20.00,TERMINATING,9,5,14,Affine template / Affine template
ATVA2026_benchmark/TERM_LASSO/SI_ARRAYS//lasso_traces_gcd01-2_no-overflow.c/lasso_trace_3.txt,TERMINATING,0.48,153.18,12.00,TERMINATING,14,5,19,Affine template / Affine template
ATVA2026_benchmark/TERM_LASSO/SI_ARRAYS//lasso_traces_gcd02.c/lasso_trace_1.txt,TERMINATING,1.63,137.92,21.00,TERMINATING,9,5,14,Affine template / Affine template
ATVA2026_benchmark/TERM_LASSO/SI_ARRAYS//lasso_traces_gcd02.c/lasso_trace_2.txt,TERMINATING,0.79,43.18,23.00,TERMINATING,14,5,19,Affine template / Affine template
ATVA2026_benchmark/TERM_LASSO/SI_ARRAYS//lasso_traces_gcd02.c/lasso_trace_3.txt,TERMINATING,0.55,208.22,32.00,TERMINATING,16,4,20,Affine template / Affine template
ATVA2026_benchmark/TERM_LASSO/SI_ARRAYS//lasso_traces_gcd02.c/lasso_trace_4.txt,TERMINATING,0.57,127.29,37.00,TERMINATING,24,4,28,Affine template / Affine template
ATVA2026_benchmark/TERM_LASSO/SI_ARRAYS//lasso_traces_gcd02.c/lasso_trace_5.txt,TERMINATING,0.68,124.81,34.00,TERMINATING,24,4,28,Affine template / Affine template
ATVA2026_benchmark/TERM_LASSO/SI_ARRAYS//lasso_traces_gcd02.c/lasso_trace_6.txt,TERMINATING,0.67,236.69,34.00,TERMINATING,32,4,36,Affine template / Affine template
ATVA2026_benchmark/TERM_LASSO/SI_ARRAYS//lasso_traces_gcd02_no-overflow.c/lasso_trace_1.txt,TERMINATING,2.21,136.27,22.00,TERMINATING,9,5,14,Affine template / Affine template
ATVA2026_benchmark/TERM_LASSO/SI_ARRAYS//lasso_traces_gcd02_no-overflow.c/lasso_trace_2.txt,TERMINATING,0.91,53.65,20.00,TERMINATING,14,5,19,Affine template / Affine template
ATVA2026_benchmark/TERM_LASSO/SI_ARRAYS//lasso_traces_gcd02_no-overflow.c/lasso_trace_3.txt,TERMINATING,0.54,211.18,33.00,TERMINATING,16,4,20,Affine template / Affine template
ATVA2026_benchmark/TERM_LASSO/SI_ARRAYS//lasso_traces_gcd02_no-overflow.c/lasso_trace_4.txt,TERMINATING,0.78,132.80,33.00,TERMINATING,24,4,28,Affine template / Affine template
ATVA2026_benchmark/TERM_LASSO/SI_ARRAYS//lasso_traces_gcd02_no-overflow.c/lasso_trace_5.txt,TERMINATING,0.59,120.90,33.00,TERMINATING,24,4,28,Affine template / Affine template
ATVA2026_benchmark/TERM_LASSO/SI_ARRAYS//lasso_traces_gcd02_no-overflow.c/lasso_trace_6.txt,TERMINATING,0.79,229.28,35.00,TERMINATING,32,4,36,Affine template / Affine template
ATVA2026_benchmark/TERM_LASSO/SI_ARRAYS//lasso_traces_gcd1-alloca.c/lasso_trace_2.txt,TERMINATING,2.61,288.35,37.00,TERMINATING,13,11,24,Affine template / Affine template
ATVA2026_benchmark/TERM_LASSO/SI_ARRAYS//lasso_traces_gcd1-alloca.c/lasso_trace_3.txt,TERMINATING,1.51,300.14,45.00,TERMINATING,15,11,26,Affine template / Affine template
ATVA2026_benchmark/TERM_LASSO/SI_ARRAYS//lasso_traces_gcd1-alloca.c/lasso_trace_4.txt,TERMINATING,1.64,72.26,48.00,TERMINATING,17,6,23,Affine template / Affine template
ATVA2026_benchmark/TERM_LASSO/SI_ARRAYS//lasso_traces_gcd1-alloca_no-overflow.c/lasso_trace_2.txt,TERMINATING,2.63,304.95,38.00,TERMINATING,13,11,24,Affine template / Affine template
ATVA2026_benchmark/TERM_LASSO/SI_ARRAYS//lasso_traces_gcd1-alloca_no-overflow.c/lasso_trace_3.txt,TERMINATING,1.43,307.30,40.00,TERMINATING,15,11,26,Affine template / Affine template
ATVA2026_benchmark/TERM_LASSO/SI_ARRAYS//lasso_traces_gcd1-alloca_no-overflow.c/lasso_trace_4.txt,TERMINATING,1.30,77.70,45.00,TERMINATING,17,6,23,Affine template / Affine template
ATVA2026_benchmark/TERM_LASSO/SI_ARRAYS//lasso_traces_gcd1-alloca_true-termination.c/lasso_trace_2.txt,TERMINATING,2.71,312.16,36.00,TERMINATING,13,11,24,Affine template / Affine template
ATVA2026_benchmark/TERM_LASSO/SI_ARRAYS//lasso_traces_gcd1-alloca_true-termination.c/lasso_trace_3.txt,TERMINATING,1.30,302.69,36.00,TERMINATING,15,11,26,Affine template / Affine template
ATVA2026_benchmark/TERM_LASSO/SI_ARRAYS//lasso_traces_gcd1-alloca_true-termination.c/lasso_trace_4.txt,TERMINATING,1.35,88.07,46.00,TERMINATING,17,6,23,Affine template / Affine template
ATVA2026_benchmark/TERM_LASSO/SI_ARRAYS//lasso_traces_genady-alloca.c/lasso_trace_1.txt,TERMINATING,2.49,234.88,23.00,TERMINATING,7,7,14,Affine template / Affine template
ATVA2026_benchmark/TERM_LASSO/SI_ARRAYS//lasso_traces_genady-alloca_true-termination.c/lasso_trace_1.txt,TERMINATING,2.48,230.97,23.00,TERMINATING,7,7,14,Affine template / Affine template
ATVA2026_benchmark/TERM_LASSO/SI_ARRAYS//lasso_traces_genady-alloca_valid-memsafety.c/lasso_trace_1.txt,TERMINATING,2.59,237.51,23.00,TERMINATING,7,7,14,Affine template / Affine template
ATVA2026_benchmark/TERM_LASSO/SI_ARRAYS//lasso_traces_GoannaDoubleFree.c/lasso_trace_1.txt,TERMINATING,1.92,188.07,18.00,TERMINATING,5,3,8,Affine template / Affine template
ATVA2026_benchmark/TERM_LASSO/SI_ARRAYS//lasso_traces_GoannaDoubleFreeOneMillionIterations.c/lasso_trace_1.txt,TERMINATING,1.91,195.42,13.00,TERMINATING,5,3,8,Affine template / Affine template
ATVA2026_benchmark/TERM_LASSO/SI_ARRAYS//lasso_traces_GoannaDoubleFreeWithoutInitialization.c/lasso_trace_1.txt,TERMINATING,1.76,110.86,10.00,TERMINATING,6,3,9,Affine template / Affine template
ATVA2026_benchmark/TERM_LASSO/SI_ARRAYS//lasso_traces_GulwaniJainKoskinen-2009PLDI-Fig1-alloca-2.c/lasso_trace_12.txt,TERMINATING,0.84,238.32,81.00,TERMINATING,29,8,37,Affine template / Affine template
ATVA2026_benchmark/TERM_LASSO/SI_ARRAYS//lasso_traces_GulwaniJainKoskinen-2009PLDI-Fig1-alloca-2.c/lasso_trace_2.txt,TERMINATING,2.35,348.31,88.00,TERMINATING,14,7,21,Affine template / Affine template
ATVA2026_benchmark/TERM_LASSO/SI_ARRAYS//lasso_traces_GulwaniJainKoskinen-2009PLDI-Fig1-alloca-2.c/lasso_trace_3.txt,TERMINATING,1.01,364.68,118.00,TERMINATING,20,8,28,Affine template / Affine template
ATVA2026_benchmark/TERM_LASSO/SI_ARRAYS//lasso_traces_GulwaniJainKoskinen-2009PLDI-Fig1-alloca-2_no-overflow.c/lasso_trace_16.txt,TERMINATING,0.89,440.24,100.00,TERMINATING,37,8,45,Affine template / Affine template
ATVA2026_benchmark/TERM_LASSO/SI_ARRAYS//lasso_traces_GulwaniJainKoskinen-2009PLDI-Fig1-alloca-2_no-overflow.c/lasso_trace_2.txt,TERMINATING,3.12,354.52,83.00,TERMINATING,14,7,21,Affine template / Affine template
ATVA2026_benchmark/TERM_LASSO/SI_ARRAYS//lasso_traces_GulwaniJainKoskinen-2009PLDI-Fig1-alloca-2_no-overflow.c/lasso_trace_3.txt,TERMINATING,0.74,407.48,96.00,TERMINATING,20,8,28,Affine template / Affine template
ATVA2026_benchmark/TERM_LASSO/SI_ARRAYS//lasso_traces_GulwaniJainKoskinen-2009PLDI-Fig1-alloca.c/lasso_trace_3.txt,TERMINATING,2.04,417.43,99.00,TERMINATING,20,8,28,Affine template / Affine template
ATVA2026_benchmark/TERM_LASSO/SI_ARRAYS//lasso_traces_GulwaniJainKoskinen-2009PLDI-Fig1-alloca_no-overflow.c/lasso_trace_3.txt,TERMINATING,2.34,418.83,96.00,TERMINATING,20,8,28,Affine template / Affine template
ATVA2026_benchmark/TERM_LASSO/SI_ARRAYS//lasso_traces_GulwaniJainKoskinen-2009PLDI-Fig1-alloca_true-termination.c/lasso_trace_3.txt,TERMINATING,1.95,382.47,96.00,TERMINATING,20,8,28,Affine template / Affine template
ATVA2026_benchmark/TERM_LASSO/SI_ARRAYS//lasso_traces_HarrisLalNoriRajamani-2010SAS-Fig1-alloca.c/lasso_trace_3.txt,TERMINATING,3.23,512.03,65.00,TERMINATING,18,8,26,Affine template / Affine template
ATVA2026_benchmark/TERM_LASSO/SI_ARRAYS//lasso_traces_HarrisLalNoriRajamani-2010SAS-Fig1-alloca.c/lasso_trace_4.txt,TERMINATING,2.73,220.96,70.00,TERMINATING,18,8,26,Affine template / Affine template
ATVA2026_benchmark/TERM_LASSO/SI_ARRAYS//lasso_traces_HarrisLalNoriRajamani-2010SAS-Fig1-alloca_true-termination.c/lasso_trace_3.txt,TERMINATING,3.18,522.18,61.00,TERMINATING,18,8,26,Affine template / Affine template
ATVA2026_benchmark/TERM_LASSO/SI_ARRAYS//lasso_traces_HarrisLalNoriRajamani-2010SAS-Fig1-alloca_true-termination.c/lasso_trace_4.txt,TERMINATING,2.04,218.39,75.00,TERMINATING,18,8,26,Affine template / Affine template
ATVA2026_benchmark/TERM_LASSO/SI_ARRAYS//lasso_traces_HarrisLalNoriRajamani-2010SAS-Fig1-alloca_valid-memsafety.c/lasso_trace_3.txt,TERMINATING,4.09,556.53,69.00,TERMINATING,18,8,26,Affine template / Affine template
ATVA2026_benchmark/TERM_LASSO/SI_ARRAYS//lasso_traces_HarrisLalNoriRajamani-2010SAS-Fig1-alloca_valid-memsafety.c/lasso_trace_4.txt,TERMINATING,2.16,236.29,83.00,TERMINATING,18,8,26,Affine template / Affine template
ATVA2026_benchmark/TERM_LASSO/SI_ARRAYS//lasso_traces_HarrisLalNoriRajamani-2010SAS-Fig2-alloca_unknown-termination.c/lasso_trace_1.txt,TERMINATING,2.20,225.75,30.00,TERMINATING,17,5,22,Affine template / Affine template
ATVA2026_benchmark/TERM_LASSO/SI_ARRAYS//lasso_traces_HarrisLalNoriRajamani-2010SAS-Fig3-alloca.c/lasso_trace_1.txt,TERMINATING,2.00,72.37,20.00,TERMINATING,6,8,14,Affine template / Affine template
ATVA2026_benchmark/TERM_LASSO/SI_ARRAYS//lasso_traces_HarrisLalNoriRajamani-2010SAS-Fig3-alloca_true-termination.c/lasso_trace_1.txt,TERMINATING,2.11,80.24,19.00,TERMINATING,6,8,14,Affine template / Affine template
ATVA2026_benchmark/TERM_LASSO/SI_ARRAYS//lasso_traces_HarrisLalNoriRajamani-2010SAS-Fig3-alloca_valid-memsafety.c/lasso_trace_1.txt,TERMINATING,2.18,72.99,20.00,TERMINATING,6,8,14,Affine template / Affine template
ATVA2026_benchmark/TERM_LASSO/SI_ARRAYS//lasso_traces_hash.c/lasso_trace_1.txt,TERMINATING,2.26,294.96,27.00,TERMINATING,7,2,9,Affine template / Affine template
ATVA2026_benchmark/TERM_LASSO/SI_ARRAYS//lasso_traces_HeizmannHoenickeLeikePodelski-ATVA2013-Fig7.c/lasso_trace_1.txt,TERMINATING,3.22,124.71,15.00,TERMINATING,6,2,8,Affine template / Affine template
ATVA2026_benchmark/TERM_LASSO/SI_ARRAYS//lasso_traces_HeizmannHoenickeLeikePodelski-ATVA2013-Fig7.c/lasso_trace_3.txt,TERMINATING,0.66,3619.27,123.00,TERMINATING,9,4,13,Affine template / Affine template
ATVA2026_benchmark/TERM_LASSO/SI_ARRAYS//lasso_traces_HeizmannHoenickeLeikePodelski-ATVA2013-Fig7_no-overflow.c/lasso_trace_1.txt,TERMINATING,3.47,169.28,15.00,TERMINATING,6,2,8,Affine template / Affine template
ATVA2026_benchmark/TERM_LASSO/SI_ARRAYS//lasso_traces_HeizmannHoenickeLeikePodelski-ATVA2013-Fig7_no-overflow.c/lasso_trace_3.txt,TERMINATING,1.44,4931.65,124.00,TERMINATING,9,4,13,Affine template / Affine template
ATVA2026_benchmark/TERM_LASSO/SI_ARRAYS//lasso_traces_HeizmannHoenickeLeikePodelski-ATVA2013-Fig7_true-termination.c/lasso_trace_1.txt,TERMINATING,2.30,344.38,41.00,TERMINATING,6,4,10,Affine template / Affine template
ATVA2026_benchmark/TERM_LASSO/SI_ARRAYS//lasso_traces_hoist_load.c/lasso_trace_1.txt,TERMINATING,1.98,103.06,9.00,TERMINATING,2,4,6,Affine template / Affine template
ATVA2026_benchmark/TERM_LASSO/SI_ARRAYS//lasso_traces_indexer.c/lasso_trace_2.txt,TERMINATING,2.00,170.26,25.00,TERMINATING,2,4,6,Affine template / Affine template
ATVA2026_benchmark/TERM_LASSO/SI_ARRAYS//lasso_traces_insertionsort-alloca-2.c/lasso_trace_3.txt,TERMINATING,1.74,168.80,17.00,TERMINATING,7,7,14,Affine template / Affine template
ATVA2026_benchmark/TERM_LASSO/SI_ARRAYS//lasso_traces_insertionsort-alloca-2.c/lasso_trace_5.txt,TERMINATING,0.59,3951.34,281.00,TERMINATING,16,6,22,Affine template / Affine template
ATVA2026_benchmark/TERM_LASSO/SI_ARRAYS//lasso_traces_insertionsort-alloca-2_no-overflow.c/lasso_trace_3.txt,TERMINATING,1.76,193.29,17.00,TERMINATING,7,7,14,Affine template / Affine template
ATVA2026_benchmark/TERM_LASSO/SI_ARRAYS//lasso_traces_insertionsort-alloca-2_no-overflow.c/lasso_trace_5.txt,TERMINATING,0.64,4816.11,253.00,TERMINATING,16,6,22,Affine template / Affine template
ATVA2026_benchmark/TERM_LASSO/SI_ARRAYS//lasso_traces_insertionsort-alloca_true-termination.c/lasso_trace_3.txt,TERMINATING,1.72,166.10,15.00,TERMINATING,7,7,14,Affine template / Affine template
ATVA2026_benchmark/TERM_LASSO/SI_ARRAYS//lasso_traces_insertionsort-alloca_true-termination.c/lasso_trace_5.txt,TERMINATING,0.59,3855.97,248.00,TERMINATING,16,6,22,Affine template / Affine template
ATVA2026_benchmark/TERM_LASSO/SI_ARRAYS//lasso_traces_insertion_sort.c/lasso_trace_3.txt,TERMINATING,1.96,113.61,17.00,TERMINATING,1,7,8,Affine template / Affine template
ATVA2026_benchmark/TERM_LASSO/SI_ARRAYS//lasso_traces_insertion_sort.c/lasso_trace_4.txt,TERMINATING,0.50,349.33,53.00,TERMINATING,5,6,11,Affine template / Affine template
ATVA2026_benchmark/TERM_LASSO/SI_ARRAYS//lasso_traces_insertion_sort.c/lasso_trace_5.txt,TERMINATING,0.57,829.94,95.00,TERMINATING,12,6,18,Affine template / Affine template
ATVA2026_benchmark/TERM_LASSO/SI_ARRAYS//lasso_traces_insertionsort.c/lasso_trace_3.txt,TERMINATING,1.86,135.13,11.00,TERMINATING,1,7,8,Affine template / Affine template
ATVA2026_benchmark/TERM_LASSO/SI_ARRAYS//lasso_traces_insertionsort.c/lasso_trace_5.txt,TERMINATING,0.49,656.14,70.00,TERMINATING,10,6,16,Affine template / Affine template
ATVA2026_benchmark/TERM_LASSO/SI_ARRAYS//lasso_traces_insertionSort_recursive.c/lasso_trace_1.txt,TERMINATING,2.20,129.55,19.00,TERMINATING,6,2,8,Affine template / Affine template
ATVA2026_benchmark/TERM_LASSO/SI_ARRAYS//lasso_traces_insertionSort_recursive.c/lasso_trace_4.txt,TERMINATING,0.67,274.70,45.00,TERMINATING,10,8,18,Affine template / Affine template
ATVA2026_benchmark/TERM_LASSO/SI_ARRAYS//lasso_traces_insertionSort_recursive_valid-memsafety.c/lasso_trace_1.txt,TERMINATING,2.72,137.92,19.00,TERMINATING,6,2,8,Affine template / Affine template
ATVA2026_benchmark/TERM_LASSO/SI_ARRAYS//lasso_traces_insertionSort_recursive_valid-memsafety.c/lasso_trace_4.txt,TERMINATING,0.66,270.47,50.00,TERMINATING,10,8,18,Affine template / Affine template
ATVA2026_benchmark/TERM_LASSO/SI_ARRAYS//lasso_traces_java_AG313-alloca.c/lasso_trace_2.txt,TERMINATING,2.72,210.58,59.00,TERMINATING,12,9,21,Affine template / Affine template
ATVA2026_benchmark/TERM_LASSO/SI_ARRAYS//lasso_traces_java_AG313-alloca_true-termination.c/lasso_trace_2.txt,TERMINATING,2.68,220.67,59.00,TERMINATING,12,9,21,Affine template / Affine template
ATVA2026_benchmark/TERM_LASSO/SI_ARRAYS//lasso_traces_java_AG313-alloca_valid-memsafety.c/lasso_trace_2.txt,TERMINATING,2.80,206.29,59.00,TERMINATING,12,9,21,Affine template / Affine template
ATVA2026_benchmark/TERM_LASSO/SI_ARRAYS//lasso_traces_java_Break-alloca.c/lasso_trace_1.txt,TERMINATING,2.38,265.96,28.00,TERMINATING,7,6,13,Affine template / Affine template
ATVA2026_benchmark/TERM_LASSO/SI_ARRAYS//lasso_traces_java_Break-alloca_true-termination.c/lasso_trace_1.txt,TERMINATING,2.72,143.11,22.00,TERMINATING,7,6,13,Affine template / Affine template
ATVA2026_benchmark/TERM_LASSO/SI_ARRAYS//lasso_traces_java_Break-alloca_valid-memsafety.c/lasso_trace_1.txt,TERMINATING,2.43,270.72,29.00,TERMINATING,7,6,13,Affine template / Affine template
ATVA2026_benchmark/TERM_LASSO/SI_ARRAYS//lasso_traces_java_BubbleSort-alloca-2.c/lasso_trace_1.txt,TERMINATING,2.07,96.28,18.00,TERMINATING,5,2,7,Affine template / Affine template
ATVA2026_benchmark/TERM_LASSO/SI_ARRAYS//lasso_traces_java_BubbleSort-alloca-2_no-overflow.c/lasso_trace_1.txt,TERMINATING,2.21,100.91,19.00,TERMINATING,5,2,7,Affine template / Affine template
ATVA2026_benchmark/TERM_LASSO/SI_ARRAYS//lasso_traces_java_BubbleSort-alloca_true-termination.c/lasso_trace_2.txt,TERMINATING,1.82,168.04,16.00,TERMINATING,7,7,14,Affine template / Affine template
ATVA2026_benchmark/TERM_LASSO/SI_ARRAYS//lasso_traces_java_BubbleSort-alloca_true-termination.c/lasso_trace_3.txt,TERMINATING,0.57,129.58,17.00,TERMINATING,8,5,13,Affine template / Affine template
ATVA2026_benchmark/TERM_LASSO/SI_ARRAYS//lasso_traces_java_BubbleSort.c/lasso_trace_2.txt,TERMINATING,1.63,73.60,13.00,TERMINATING,1,7,8,Affine template / Affine template
ATVA2026_benchmark/TERM_LASSO/SI_ARRAYS//lasso_traces_java_BubbleSort.c/lasso_trace_3.txt,TERMINATING,0.63,94.21,11.00,TERMINATING,2,5,7,Affine template / Affine template
ATVA2026_benchmark/TERM_LASSO/SI_ARRAYS//lasso_traces_java_Continue1-alloca.c/lasso_trace_1.txt,TERMINATING,2.22,219.49,25.00,TERMINATING,7,6,13,Affine template / Affine template
ATVA2026_benchmark/TERM_LASSO/SI_ARRAYS//lasso_traces_java_Continue1-alloca_true-termination.c/lasso_trace_1.txt,TERMINATING,2.23,45.40,17.00,TERMINATING,7,6,13,Affine template / Affine template
ATVA2026_benchmark/TERM_LASSO/SI_ARRAYS//lasso_traces_java_Continue1-alloca_valid-memsafety.c/lasso_trace_1.txt,TERMINATING,3.01,253.25,23.00,TERMINATING,7,6,13,Affine template / Affine template
ATVA2026_benchmark/TERM_LASSO/SI_ARRAYS//lasso_traces_java_LogBuiltIn-alloca.c/lasso_trace_1.txt,TERMINATING,2.62,68.44,33.00,TERMINATING,9,6,15,Affine template / Affine template
ATVA2026_benchmark/TERM_LASSO/SI_ARRAYS//lasso_traces_java_LogBuiltIn-alloca_true-termination.c/lasso_trace_1.txt,TERMINATING,2.47,65.36,27.00,TERMINATING,9,6,15,Affine template / Affine template
ATVA2026_benchmark/TERM_LASSO/SI_ARRAYS//lasso_traces_java_LogBuiltIn-alloca_valid-memsafety.c/lasso_trace_1.txt,TERMINATING,2.43,57.19,24.00,TERMINATING,9,6,15,Affine template / Affine template
ATVA2026_benchmark/TERM_LASSO/SI_ARRAYS//lasso_traces_java_NestedLoop.c/lasso_trace_5.txt,TERMINATING,0.54,81.87,22.00,TERMINATING,5,5,10,Affine template / Affine template
ATVA2026_benchmark/TERM_LASSO/SI_ARRAYS//lasso_traces_java_Sequence-alloca.c/lasso_trace_1.txt,TERMINATING,3.06,114.27,34.00,TERMINATING,7,6,13,Affine template / Affine template
ATVA2026_benchmark/TERM_LASSO/SI_ARRAYS//lasso_traces_java_Sequence-alloca_true-termination.c/lasso_trace_1.txt,TERMINATING,3.07,121.17,33.00,TERMINATING,7,6,13,Affine template / Affine template
ATVA2026_benchmark/TERM_LASSO/SI_ARRAYS//lasso_traces_java_Sequence-alloca_valid-memsafety.c/lasso_trace_1.txt,TERMINATING,2.60,125.98,33.00,TERMINATING,7,6,13,Affine template / Affine template
ATVA2026_benchmark/TERM_LASSO/SI_ARRAYS//lasso_traces_knapsack.c/lasso_trace_4.txt,TERMINATING,0.65,140.03,15.00,TERMINATING,8,4,12,Affine template / Affine template
ATVA2026_benchmark/TERM_LASSO/SI_ARRAYS//lasso_traces_KroeningSharyginaTsitovichWintersteiger-2010CAV-Fig1-alloca.c/lasso_trace_1.txt,TERMINATING,3.17,165.36,35.00,TERMINATING,7,8,15,Affine template / Affine template
ATVA2026_benchmark/TERM_LASSO/SI_ARRAYS//lasso_traces_KroeningSharyginaTsitovichWintersteiger-2010CAV-Fig1-alloca_true-termination.c/lasso_trace_1.txt,TERMINATING,2.52,173.18,34.00,TERMINATING,7,8,15,Affine template / Affine template
ATVA2026_benchmark/TERM_LASSO/SI_ARRAYS//lasso_traces_KroeningSharyginaTsitovichWintersteiger-2010CAV-Fig1-alloca_valid-memsafety.c/lasso_trace_1.txt,TERMINATING,2.27,180.27,31.00,TERMINATING,7,8,15,Affine template / Affine template
ATVA2026_benchmark/TERM_LASSO/SI_ARRAYS//lasso_traces_LarrazOliverasRodriguez-CarbonellRubio-2013FMCAD-Fig1-alloca_unknown-termination.c/lasso_trace_5.txt,TERMINATING,2.65,1060.22,73.00,TERMINATING,15,10,25,2 template / Nested template
ATVA2026_benchmark/TERM_LASSO/SI_ARRAYS//lasso_traces_LarrazOliverasRodriguez-CarbonellRubio-2013FMCAD-Fig1-alloca_unknown-termination.c/lasso_trace_6.txt,TERMINATING,1.30,225.66,39.00,TERMINATING,22,7,29,Affine template / Affine template
ATVA2026_benchmark/TERM_LASSO/SI_ARRAYS//lasso_traces_LarrazOliverasRodriguez-CarbonellRubio-2013FMCAD-Fig1-alloca_unknown-termination.c/lasso_trace_7.txt,TERMINATING,1.26,1108.10,83.00,TERMINATING,29,10,39,2 template / Nested template
ATVA2026_benchmark/TERM_LASSO/SI_ARRAYS//lasso_traces_LexIndexValue-Array-1.c/lasso_trace_1.txt,TERMINATING,2.05,117.67,14.00,TERMINATING,5,2,7,Affine template / Affine template
ATVA2026_benchmark/TERM_LASSO/SI_ARRAYS//lasso_traces_LexIndexValue-Array-1_no-overflow.c/lasso_trace_1.txt,TERMINATING,2.25,142.17,15.00,TERMINATING,5,2,7,Affine template / Affine template
ATVA2026_benchmark/TERM_LASSO/SI_ARRAYS//lasso_traces_LexIndexValue-Array-2.c/lasso_trace_1.txt,TERMINATING,1.99,102.28,14.00,TERMINATING,5,3,8,Affine template / Affine template
ATVA2026_benchmark/TERM_LASSO/SI_ARRAYS//lasso_traces_LexIndexValue-Array-2.c/lasso_trace_10.txt,TERMINATING,0.62,110.85,34.00,TERMINATING,30,5,35,Affine template / Affine template
ATVA2026_benchmark/TERM_LASSO/SI_ARRAYS//lasso_traces_LexIndexValue-Array-2.c/lasso_trace_11.txt,TERMINATING,0.49,252.20,39.00,TERMINATING,33,5,38,Affine template / Affine template
ATVA2026_benchmark/TERM_LASSO/SI_ARRAYS//lasso_traces_LexIndexValue-Array-2.c/lasso_trace_12.txt,TERMINATING,0.57,103.03,46.00,TERMINATING,36,5,41,Affine template / Affine template
ATVA2026_benchmark/TERM_LASSO/SI_ARRAYS//lasso_traces_LexIndexValue-Array-2.c/lasso_trace_13.txt,TERMINATING,0.49,116.17,38.00,TERMINATING,39,5,44,Affine template / Affine template
ATVA2026_benchmark/TERM_LASSO/SI_ARRAYS//lasso_traces_LexIndexValue-Array-2.c/lasso_trace_14.txt,TERMINATING,0.57,70.41,41.00,TERMINATING,42,5,47,Affine template / Affine template
ATVA2026_benchmark/TERM_LASSO/SI_ARRAYS//lasso_traces_LexIndexValue-Array-2.c/lasso_trace_15.txt,TERMINATING,0.64,168.24,43.00,TERMINATING,45,5,50,Affine template / Affine template
ATVA2026_benchmark/TERM_LASSO/SI_ARRAYS//lasso_traces_LexIndexValue-Array-2.c/lasso_trace_16.txt,TERMINATING,0.63,75.97,49.00,TERMINATING,48,5,53,Affine template / Affine template
ATVA2026_benchmark/TERM_LASSO/SI_ARRAYS//lasso_traces_LexIndexValue-Array-2.c/lasso_trace_17.txt,TERMINATING,0.62,80.37,50.00,TERMINATING,51,5,56,Affine template / Affine template
ATVA2026_benchmark/TERM_LASSO/SI_ARRAYS//lasso_traces_LexIndexValue-Array-2.c/lasso_trace_18.txt,TERMINATING,0.54,179.47,64.00,TERMINATING,54,5,59,Affine template / Affine template
ATVA2026_benchmark/TERM_LASSO/SI_ARRAYS//lasso_traces_LexIndexValue-Array-2.c/lasso_trace_19.txt,TERMINATING,0.62,328.42,58.00,TERMINATING,57,5,62,Affine template / Affine template
ATVA2026_benchmark/TERM_LASSO/SI_ARRAYS//lasso_traces_LexIndexValue-Array-2.c/lasso_trace_2.txt,TERMINATING,0.50,131.21,16.00,TERMINATING,6,5,11,Affine template / Affine template
ATVA2026_benchmark/TERM_LASSO/SI_ARRAYS//lasso_traces_LexIndexValue-Array-2.c/lasso_trace_20.txt,TERMINATING,0.66,247.62,58.00,TERMINATING,60,5,65,Affine template / Affine template
ATVA2026_benchmark/TERM_LASSO/SI_ARRAYS//lasso_traces_LexIndexValue-Array-2.c/lasso_trace_21.txt,TERMINATING,0.66,169.88,57.00,TERMINATING,63,5,68,Affine template / Affine template
ATVA2026_benchmark/TERM_LASSO/SI_ARRAYS//lasso_traces_LexIndexValue-Array-2.c/lasso_trace_22.txt,TERMINATING,0.60,85.18,61.00,TERMINATING,66,5,71,Affine template / Affine template
ATVA2026_benchmark/TERM_LASSO/SI_ARRAYS//lasso_traces_LexIndexValue-Array-2.c/lasso_trace_23.txt,TERMINATING,0.66,91.50,62.00,TERMINATING,69,5,74,Affine template / Affine template
ATVA2026_benchmark/TERM_LASSO/SI_ARRAYS//lasso_traces_LexIndexValue-Array-2.c/lasso_trace_24.txt,TERMINATING,0.76,372.79,69.00,TERMINATING,72,5,77,Affine template / Affine template
ATVA2026_benchmark/TERM_LASSO/SI_ARRAYS//lasso_traces_LexIndexValue-Array-2.c/lasso_trace_25.txt,TERMINATING,0.62,238.52,78.00,TERMINATING,75,5,80,Affine template / Affine template
ATVA2026_benchmark/TERM_LASSO/SI_ARRAYS//lasso_traces_LexIndexValue-Array-2.c/lasso_trace_26.txt,TERMINATING,0.92,209.86,78.00,TERMINATING,78,5,83,Affine template / Affine template
ATVA2026_benchmark/TERM_LASSO/SI_ARRAYS//lasso_traces_LexIndexValue-Array-2.c/lasso_trace_27.txt,TERMINATING,0.77,403.96,70.00,TERMINATING,81,5,86,Affine template / Affine template
ATVA2026_benchmark/TERM_LASSO/SI_ARRAYS//lasso_traces_LexIndexValue-Array-2.c/lasso_trace_28.txt,TERMINATING,0.80,369.20,77.00,TERMINATING,84,5,89,Affine template / Affine template
ATVA2026_benchmark/TERM_LASSO/SI_ARRAYS//lasso_traces_LexIndexValue-Array-2.c/lasso_trace_29.txt,TERMINATING,0.74,270.59,77.00,TERMINATING,87,5,92,Affine template / Affine template
ATVA2026_benchmark/TERM_LASSO/SI_ARRAYS//lasso_traces_LexIndexValue-Array-2.c/lasso_trace_3.txt,TERMINATING,0.60,148.91,19.00,TERMINATING,9,5,14,Affine template / Affine template
ATVA2026_benchmark/TERM_LASSO/SI_ARRAYS//lasso_traces_LexIndexValue-Array-2.c/lasso_trace_30.txt,TERMINATING,0.80,424.82,87.00,TERMINATING,90,5,95,Affine template / Affine template
ATVA2026_benchmark/TERM_LASSO/SI_ARRAYS//lasso_traces_LexIndexValue-Array-2.c/lasso_trace_31.txt,TERMINATING,0.71,152.66,82.00,TERMINATING,93,5,98,Affine template / Affine template
ATVA2026_benchmark/TERM_LASSO/SI_ARRAYS//lasso_traces_LexIndexValue-Array-2.c/lasso_trace_32.txt,TERMINATING,0.68,248.49,98.00,TERMINATING,96,5,101,Affine template / Affine template
ATVA2026_benchmark/TERM_LASSO/SI_ARRAYS//lasso_traces_LexIndexValue-Array-2.c/lasso_trace_33.txt,TERMINATING,0.82,336.92,90.00,TERMINATING,99,5,104,Affine template / Affine template
ATVA2026_benchmark/TERM_LASSO/SI_ARRAYS//lasso_traces_LexIndexValue-Array-2.c/lasso_trace_34.txt,TERMINATING,0.77,424.36,99.00,TERMINATING,102,5,107,Affine template / Affine template
ATVA2026_benchmark/TERM_LASSO/SI_ARRAYS//lasso_traces_LexIndexValue-Array-2.c/lasso_trace_35.txt,TERMINATING,0.81,275.68,97.00,TERMINATING,105,5,110,Affine template / Affine template
ATVA2026_benchmark/TERM_LASSO/SI_ARRAYS//lasso_traces_LexIndexValue-Array-2.c/lasso_trace_36.txt,TERMINATING,1.10,482.01,111.00,TERMINATING,108,5,113,Affine template / Affine template
ATVA2026_benchmark/TERM_LASSO/SI_ARRAYS//lasso_traces_LexIndexValue-Array-2.c/lasso_trace_37.txt,TERMINATING,0.88,316.08,111.00,TERMINATING,111,5,116,Affine template / Affine template
ATVA2026_benchmark/TERM_LASSO/SI_ARRAYS//lasso_traces_LexIndexValue-Array-2.c/lasso_trace_38.txt,TERMINATING,0.95,221.78,109.00,TERMINATING,114,5,119,Affine template / Affine template
ATVA2026_benchmark/TERM_LASSO/SI_ARRAYS//lasso_traces_LexIndexValue-Array-2.c/lasso_trace_39.txt,TERMINATING,0.85,259.84,108.00,TERMINATING,117,5,122,Affine template / Affine template
ATVA2026_benchmark/TERM_LASSO/SI_ARRAYS//lasso_traces_LexIndexValue-Array-2.c/lasso_trace_4.txt,TERMINATING,0.61,168.54,23.00,TERMINATING,12,5,17,Affine template / Affine template
ATVA2026_benchmark/TERM_LASSO/SI_ARRAYS//lasso_traces_LexIndexValue-Array-2.c/lasso_trace_40.txt,TERMINATING,0.76,380.72,113.00,TERMINATING,120,5,125,Affine template / Affine template
ATVA2026_benchmark/TERM_LASSO/SI_ARRAYS//lasso_traces_LexIndexValue-Array-2.c/lasso_trace_41.txt,TERMINATING,0.74,537.03,116.00,TERMINATING,123,5,128,Affine template / Affine template
ATVA2026_benchmark/TERM_LASSO/SI_ARRAYS//lasso_traces_LexIndexValue-Array-2.c/lasso_trace_5.txt,TERMINATING,0.42,74.61,26.00,TERMINATING,15,5,20,Affine template / Affine template
ATVA2026_benchmark/TERM_LASSO/SI_ARRAYS//lasso_traces_LexIndexValue-Array-2.c/lasso_trace_6.txt,TERMINATING,0.50,117.50,24.00,TERMINATING,18,5,23,Affine template / Affine template
ATVA2026_benchmark/TERM_LASSO/SI_ARRAYS//lasso_traces_LexIndexValue-Array-2.c/lasso_trace_7.txt,TERMINATING,0.52,176.66,27.00,TERMINATING,21,5,26,Affine template / Affine template
ATVA2026_benchmark/TERM_LASSO/SI_ARRAYS//lasso_traces_LexIndexValue-Array-2.c/lasso_trace_8.txt,TERMINATING,0.57,146.39,30.00,TERMINATING,24,5,29,Affine template / Affine template
ATVA2026_benchmark/TERM_LASSO/SI_ARRAYS//lasso_traces_LexIndexValue-Array-2.c/lasso_trace_9.txt,TERMINATING,0.52,187.92,31.00,TERMINATING,27,5,32,Affine template / Affine template
ATVA2026_benchmark/TERM_LASSO/SI_ARRAYS//lasso_traces_LexIndexValue-Array-2_def-behavior.c/lasso_trace_1.txt,TERMINATING,3.03,102.18,10.00,TERMINATING,5,3,8,Affine template / Affine template
ATVA2026_benchmark/TERM_LASSO/SI_ARRAYS//lasso_traces_LexIndexValue-Array-2_def-behavior.c/lasso_trace_10.txt,TERMINATING,0.68,109.28,33.00,TERMINATING,30,5,35,Affine template / Affine template
ATVA2026_benchmark/TERM_LASSO/SI_ARRAYS//lasso_traces_LexIndexValue-Array-2_def-behavior.c/lasso_trace_11.txt,TERMINATING,0.59,266.66,39.00,TERMINATING,33,5,38,Affine template / Affine template
ATVA2026_benchmark/TERM_LASSO/SI_ARRAYS//lasso_traces_LexIndexValue-Array-2_def-behavior.c/lasso_trace_12.txt,TERMINATING,0.63,107.38,48.00,TERMINATING,36,5,41,Affine template / Affine template
ATVA2026_benchmark/TERM_LASSO/SI_ARRAYS//lasso_traces_LexIndexValue-Array-2_def-behavior.c/lasso_trace_13.txt,TERMINATING,0.55,106.71,45.00,TERMINATING,39,5,44,Affine template / Affine template
ATVA2026_benchmark/TERM_LASSO/SI_ARRAYS//lasso_traces_LexIndexValue-Array-2_def-behavior.c/lasso_trace_14.txt,TERMINATING,0.58,62.35,42.00,TERMINATING,42,5,47,Affine template / Affine template
ATVA2026_benchmark/TERM_LASSO/SI_ARRAYS//lasso_traces_LexIndexValue-Array-2_def-behavior.c/lasso_trace_15.txt,TERMINATING,0.64,170.87,44.00,TERMINATING,45,5,50,Affine template / Affine template
ATVA2026_benchmark/TERM_LASSO/SI_ARRAYS//lasso_traces_LexIndexValue-Array-2_def-behavior.c/lasso_trace_16.txt,TERMINATING,0.68,69.08,47.00,TERMINATING,48,5,53,Affine template / Affine template
ATVA2026_benchmark/TERM_LASSO/SI_ARRAYS//lasso_traces_LexIndexValue-Array-2_def-behavior.c/lasso_trace_17.txt,TERMINATING,0.66,85.66,49.00,TERMINATING,51,5,56,Affine template / Affine template
ATVA2026_benchmark/TERM_LASSO/SI_ARRAYS//lasso_traces_LexIndexValue-Array-2_def-behavior.c/lasso_trace_18.txt,TERMINATING,0.59,167.95,49.00,TERMINATING,54,5,59,Affine template / Affine template
ATVA2026_benchmark/TERM_LASSO/SI_ARRAYS//lasso_traces_LexIndexValue-Array-2_def-behavior.c/lasso_trace_19.txt,TERMINATING,0.76,345.98,57.00,TERMINATING,57,5,62,Affine template / Affine template
ATVA2026_benchmark/TERM_LASSO/SI_ARRAYS//lasso_traces_LexIndexValue-Array-2_def-behavior.c/lasso_trace_2.txt,TERMINATING,0.63,117.85,17.00,TERMINATING,6,5,11,Affine template / Affine template
ATVA2026_benchmark/TERM_LASSO/SI_ARRAYS//lasso_traces_LexIndexValue-Array-2_def-behavior.c/lasso_trace_20.txt,TERMINATING,0.67,262.37,63.00,TERMINATING,60,5,65,Affine template / Affine template
ATVA2026_benchmark/TERM_LASSO/SI_ARRAYS//lasso_traces_LexIndexValue-Array-2_def-behavior.c/lasso_trace_21.txt,TERMINATING,0.82,158.43,59.00,TERMINATING,63,5,68,Affine template / Affine template
ATVA2026_benchmark/TERM_LASSO/SI_ARRAYS//lasso_traces_LexIndexValue-Array-2_def-behavior.c/lasso_trace_22.txt,TERMINATING,0.73,82.44,60.00,TERMINATING,66,5,71,Affine template / Affine template
ATVA2026_benchmark/TERM_LASSO/SI_ARRAYS//lasso_traces_LexIndexValue-Array-2_def-behavior.c/lasso_trace_23.txt,TERMINATING,0.77,94.44,63.00,TERMINATING,69,5,74,Affine template / Affine template
ATVA2026_benchmark/TERM_LASSO/SI_ARRAYS//lasso_traces_LexIndexValue-Array-2_def-behavior.c/lasso_trace_24.txt,TERMINATING,0.70,375.54,66.00,TERMINATING,72,5,77,Affine template / Affine template
ATVA2026_benchmark/TERM_LASSO/SI_ARRAYS//lasso_traces_LexIndexValue-Array-2_def-behavior.c/lasso_trace_25.txt,TERMINATING,0.80,226.59,68.00,TERMINATING,75,5,80,Affine template / Affine template
ATVA2026_benchmark/TERM_LASSO/SI_ARRAYS//lasso_traces_LexIndexValue-Array-2_def-behavior.c/lasso_trace_26.txt,TERMINATING,1.17,212.00,70.00,TERMINATING,78,5,83,Affine template / Affine template
ATVA2026_benchmark/TERM_LASSO/SI_ARRAYS//lasso_traces_LexIndexValue-Array-2_def-behavior.c/lasso_trace_27.txt,TERMINATING,0.76,413.97,87.00,TERMINATING,81,5,86,Affine template / Affine template
ATVA2026_benchmark/TERM_LASSO/SI_ARRAYS//lasso_traces_LexIndexValue-Array-2_def-behavior.c/lasso_trace_28.txt,TERMINATING,0.78,371.30,88.00,TERMINATING,84,5,89,Affine template / Affine template
ATVA2026_benchmark/TERM_LASSO/SI_ARRAYS//lasso_traces_LexIndexValue-Array-2_def-behavior.c/lasso_trace_29.txt,TERMINATING,0.81,259.67,77.00,TERMINATING,87,5,92,Affine template / Affine template
ATVA2026_benchmark/TERM_LASSO/SI_ARRAYS//lasso_traces_LexIndexValue-Array-2_def-behavior.c/lasso_trace_3.txt,TERMINATING,0.59,150.02,21.00,TERMINATING,9,5,14,Affine template / Affine template
ATVA2026_benchmark/TERM_LASSO/SI_ARRAYS//lasso_traces_LexIndexValue-Array-2_def-behavior.c/lasso_trace_30.txt,TERMINATING,0.87,439.04,85.00,TERMINATING,90,5,95,Affine template / Affine template
ATVA2026_benchmark/TERM_LASSO/SI_ARRAYS//lasso_traces_LexIndexValue-Array-2_def-behavior.c/lasso_trace_31.txt,TERMINATING,0.80,151.81,82.00,TERMINATING,93,5,98,Affine template / Affine template
ATVA2026_benchmark/TERM_LASSO/SI_ARRAYS//lasso_traces_LexIndexValue-Array-2_def-behavior.c/lasso_trace_32.txt,TERMINATING,0.74,239.53,99.00,TERMINATING,96,5,101,Affine template / Affine template
ATVA2026_benchmark/TERM_LASSO/SI_ARRAYS//lasso_traces_LexIndexValue-Array-2_def-behavior.c/lasso_trace_33.txt,TERMINATING,0.86,339.12,90.00,TERMINATING,99,5,104,Affine template / Affine template
ATVA2026_benchmark/TERM_LASSO/SI_ARRAYS//lasso_traces_LexIndexValue-Array-2_def-behavior.c/lasso_trace_34.txt,TERMINATING,0.86,443.44,107.00,TERMINATING,102,5,107,Affine template / Affine template
ATVA2026_benchmark/TERM_LASSO/SI_ARRAYS//lasso_traces_LexIndexValue-Array-2_def-behavior.c/lasso_trace_35.txt,TERMINATING,0.88,308.60,101.00,TERMINATING,105,5,110,Affine template / Affine template
ATVA2026_benchmark/TERM_LASSO/SI_ARRAYS//lasso_traces_LexIndexValue-Array-2_def-behavior.c/lasso_trace_36.txt,TERMINATING,0.89,496.72,103.00,TERMINATING,108,5,113,Affine template / Affine template
ATVA2026_benchmark/TERM_LASSO/SI_ARRAYS//lasso_traces_LexIndexValue-Array-2_def-behavior.c/lasso_trace_37.txt,TERMINATING,1.22,325.75,124.00,TERMINATING,111,5,116,Affine template / Affine template
ATVA2026_benchmark/TERM_LASSO/SI_ARRAYS//lasso_traces_LexIndexValue-Array-2_def-behavior.c/lasso_trace_38.txt,TERMINATING,0.90,208.79,119.00,TERMINATING,114,5,119,Affine template / Affine template
ATVA2026_benchmark/TERM_LASSO/SI_ARRAYS//lasso_traces_LexIndexValue-Array-2_def-behavior.c/lasso_trace_39.txt,TERMINATING,0.91,276.52,123.00,TERMINATING,117,5,122,Affine template / Affine template
ATVA2026_benchmark/TERM_LASSO/SI_ARRAYS//lasso_traces_LexIndexValue-Array-2_def-behavior.c/lasso_trace_4.txt,TERMINATING,0.55,179.24,24.00,TERMINATING,12,5,17,Affine template / Affine template
ATVA2026_benchmark/TERM_LASSO/SI_ARRAYS//lasso_traces_LexIndexValue-Array-2_def-behavior.c/lasso_trace_40.txt,TERMINATING,0.86,380.00,113.00,TERMINATING,120,5,125,Affine template / Affine template
ATVA2026_benchmark/TERM_LASSO/SI_ARRAYS//lasso_traces_LexIndexValue-Array-2_def-behavior.c/lasso_trace_41.txt,TERMINATING,0.93,547.30,115.00,TERMINATING,123,5,128,Affine template / Affine template
ATVA2026_benchmark/TERM_LASSO/SI_ARRAYS//lasso_traces_LexIndexValue-Array-2_def-behavior.c/lasso_trace_42.txt,TERMINATING,0.96,242.52,135.00,TERMINATING,126,5,131,Affine template / Affine template
ATVA2026_benchmark/TERM_LASSO/SI_ARRAYS//lasso_traces_LexIndexValue-Array-2_def-behavior.c/lasso_trace_43.txt,TERMINATING,0.87,329.11,146.00,TERMINATING,129,5,134,Affine template / Affine template
ATVA2026_benchmark/TERM_LASSO/SI_ARRAYS//lasso_traces_LexIndexValue-Array-2_def-behavior.c/lasso_trace_44.txt,TERMINATING,0.92,393.81,125.00,TERMINATING,132,5,137,Affine template / Affine template
ATVA2026_benchmark/TERM_LASSO/SI_ARRAYS//lasso_traces_LexIndexValue-Array-2_def-behavior.c/lasso_trace_45.txt,TERMINATING,0.88,443.35,147.00,TERMINATING,135,5,140,Affine template / Affine template
ATVA2026_benchmark/TERM_LASSO/SI_ARRAYS//lasso_traces_LexIndexValue-Array-2_def-behavior.c/lasso_trace_46.txt,TERMINATING,0.92,404.82,145.00,TERMINATING,138,5,143,Affine template / Affine template
ATVA2026_benchmark/TERM_LASSO/SI_ARRAYS//lasso_traces_LexIndexValue-Array-2_def-behavior.c/lasso_trace_47.txt,TERMINATING,0.92,473.56,140.00,TERMINATING,141,5,146,Affine template / Affine template
ATVA2026_benchmark/TERM_LASSO/SI_ARRAYS//lasso_traces_LexIndexValue-Array-2_def-behavior.c/lasso_trace_48.txt,TERMINATING,1.00,227.40,160.00,TERMINATING,144,5,149,Affine template / Affine template
ATVA2026_benchmark/TERM_LASSO/SI_ARRAYS//lasso_traces_LexIndexValue-Array-2_def-behavior.c/lasso_trace_49.txt,TERMINATING,0.99,94.71,156.00,TERMINATING,147,5,152,Affine template / Affine template
ATVA2026_benchmark/TERM_LASSO/SI_ARRAYS//lasso_traces_LexIndexValue-Array-2_def-behavior.c/lasso_trace_5.txt,TERMINATING,0.56,77.41,26.00,TERMINATING,15,5,20,Affine template / Affine template
ATVA2026_benchmark/TERM_LASSO/SI_ARRAYS//lasso_traces_LexIndexValue-Array-2_def-behavior.c/lasso_trace_50.txt,TERMINATING,1.06,97.60,151.00,TERMINATING,150,5,155,Affine template / Affine template
ATVA2026_benchmark/TERM_LASSO/SI_ARRAYS//lasso_traces_LexIndexValue-Array-2_def-behavior.c/lasso_trace_51.txt,TERMINATING,1.05,165.02,151.00,TERMINATING,153,5,158,Affine template / Affine template
ATVA2026_benchmark/TERM_LASSO/SI_ARRAYS//lasso_traces_LexIndexValue-Array-2_def-behavior.c/lasso_trace_52.txt,TERMINATING,1.10,58.87,172.00,TERMINATING,156,5,161,Affine template / Affine template
ATVA2026_benchmark/TERM_LASSO/SI_ARRAYS//lasso_traces_LexIndexValue-Array-2_def-behavior.c/lasso_trace_53.txt,TERMINATING,1.06,405.28,159.00,TERMINATING,159,5,164,Affine template / Affine template
ATVA2026_benchmark/TERM_LASSO/SI_ARRAYS//lasso_traces_LexIndexValue-Array-2_def-behavior.c/lasso_trace_54.txt,TERMINATING,1.11,155.63,178.00,TERMINATING,162,5,167,Affine template / Affine template
ATVA2026_benchmark/TERM_LASSO/SI_ARRAYS//lasso_traces_LexIndexValue-Array-2_def-behavior.c/lasso_trace_55.txt,TERMINATING,1.05,653.91,177.00,TERMINATING,165,5,170,Affine template / Affine template
ATVA2026_benchmark/TERM_LASSO/SI_ARRAYS//lasso_traces_LexIndexValue-Array-2_def-behavior.c/lasso_trace_56.txt,TERMINATING,1.03,277.83,177.00,TERMINATING,168,5,173,Affine template / Affine template
ATVA2026_benchmark/TERM_LASSO/SI_ARRAYS//lasso_traces_LexIndexValue-Array-2_def-behavior.c/lasso_trace_57.txt,TERMINATING,1.10,371.34,176.00,TERMINATING,171,5,176,Affine template / Affine template
ATVA2026_benchmark/TERM_LASSO/SI_ARRAYS//lasso_traces_LexIndexValue-Array-2_def-behavior.c/lasso_trace_58.txt,TERMINATING,1.17,325.32,231.00,TERMINATING,174,5,179,Affine template / Affine template
ATVA2026_benchmark/TERM_LASSO/SI_ARRAYS//lasso_traces_LexIndexValue-Array-2_def-behavior.c/lasso_trace_59.txt,TERMINATING,1.22,514.58,197.00,TERMINATING,177,5,182,Affine template / Affine template
ATVA2026_benchmark/TERM_LASSO/SI_ARRAYS//lasso_traces_LexIndexValue-Array-2_def-behavior.c/lasso_trace_6.txt,TERMINATING,0.59,127.81,25.00,TERMINATING,18,5,23,Affine template / Affine template
ATVA2026_benchmark/TERM_LASSO/SI_ARRAYS//lasso_traces_LexIndexValue-Array-2_def-behavior.c/lasso_trace_60.txt,TERMINATING,1.23,217.40,197.00,TERMINATING,180,5,185,Affine template / Affine template
ATVA2026_benchmark/TERM_LASSO/SI_ARRAYS//lasso_traces_LexIndexValue-Array-2_def-behavior.c/lasso_trace_61.txt,TERMINATING,1.15,276.38,205.00,TERMINATING,183,5,188,Affine template / Affine template
ATVA2026_benchmark/TERM_LASSO/SI_ARRAYS//lasso_traces_LexIndexValue-Array-2_def-behavior.c/lasso_trace_7.txt,TERMINATING,0.56,179.73,27.00,TERMINATING,21,5,26,Affine template / Affine template
ATVA2026_benchmark/TERM_LASSO/SI_ARRAYS//lasso_traces_LexIndexValue-Array-2_def-behavior.c/lasso_trace_8.txt,TERMINATING,0.61,145.68,32.00,TERMINATING,24,5,29,Affine template / Affine template
ATVA2026_benchmark/TERM_LASSO/SI_ARRAYS//lasso_traces_LexIndexValue-Array-2_def-behavior.c/lasso_trace_9.txt,TERMINATING,0.62,189.47,36.00,TERMINATING,27,5,32,Affine template / Affine template
ATVA2026_benchmark/TERM_LASSO/SI_ARRAYS//lasso_traces_LexIndexValue-Array_true-termination.c/lasso_trace_1.txt,TERMINATING,1.95,102.52,10.00,TERMINATING,5,3,8,Affine template / Affine template
ATVA2026_benchmark/TERM_LASSO/SI_ARRAYS//lasso_traces_LexIndexValue-Array_true-termination.c/lasso_trace_10.txt,TERMINATING,0.62,106.15,33.00,TERMINATING,30,5,35,Affine template / Affine template
ATVA2026_benchmark/TERM_LASSO/SI_ARRAYS//lasso_traces_LexIndexValue-Array_true-termination.c/lasso_trace_11.txt,TERMINATING,0.55,255.43,37.00,TERMINATING,33,5,38,Affine template / Affine template
ATVA2026_benchmark/TERM_LASSO/SI_ARRAYS//lasso_traces_LexIndexValue-Array_true-termination.c/lasso_trace_12.txt,TERMINATING,0.54,108.56,43.00,TERMINATING,36,5,41,Affine template / Affine template
ATVA2026_benchmark/TERM_LASSO/SI_ARRAYS//lasso_traces_LexIndexValue-Array_true-termination.c/lasso_trace_13.txt,TERMINATING,0.46,104.14,48.00,TERMINATING,39,5,44,Affine template / Affine template
ATVA2026_benchmark/TERM_LASSO/SI_ARRAYS//lasso_traces_LexIndexValue-Array_true-termination.c/lasso_trace_14.txt,TERMINATING,0.53,60.45,48.00,TERMINATING,42,5,47,Affine template / Affine template
ATVA2026_benchmark/TERM_LASSO/SI_ARRAYS//lasso_traces_LexIndexValue-Array_true-termination.c/lasso_trace_15.txt,TERMINATING,0.57,174.22,50.00,TERMINATING,45,5,50,Affine template / Affine template
ATVA2026_benchmark/TERM_LASSO/SI_ARRAYS//lasso_traces_LexIndexValue-Array_true-termination.c/lasso_trace_16.txt,TERMINATING,0.62,76.15,49.00,TERMINATING,48,5,53,Affine template / Affine template
ATVA2026_benchmark/TERM_LASSO/SI_ARRAYS//lasso_traces_LexIndexValue-Array_true-termination.c/lasso_trace_17.txt,TERMINATING,0.55,90.00,50.00,TERMINATING,51,5,56,Affine template / Affine template
ATVA2026_benchmark/TERM_LASSO/SI_ARRAYS//lasso_traces_LexIndexValue-Array_true-termination.c/lasso_trace_18.txt,TERMINATING,0.81,167.86,50.00,TERMINATING,54,5,59,Affine template / Affine template
ATVA2026_benchmark/TERM_LASSO/SI_ARRAYS//lasso_traces_LexIndexValue-Array_true-termination.c/lasso_trace_19.txt,TERMINATING,0.72,332.00,58.00,TERMINATING,57,5,62,Affine template / Affine template
ATVA2026_benchmark/TERM_LASSO/SI_ARRAYS//lasso_traces_LexIndexValue-Array_true-termination.c/lasso_trace_2.txt,TERMINATING,0.53,120.47,20.00,TERMINATING,6,5,11,Affine template / Affine template
ATVA2026_benchmark/TERM_LASSO/SI_ARRAYS//lasso_traces_LexIndexValue-Array_true-termination.c/lasso_trace_20.txt,TERMINATING,0.67,257.91,58.00,TERMINATING,60,5,65,Affine template / Affine template
ATVA2026_benchmark/TERM_LASSO/SI_ARRAYS//lasso_traces_LexIndexValue-Array_true-termination.c/lasso_trace_21.txt,TERMINATING,0.68,159.23,60.00,TERMINATING,63,5,68,Affine template / Affine template
ATVA2026_benchmark/TERM_LASSO/SI_ARRAYS//lasso_traces_LexIndexValue-Array_true-termination.c/lasso_trace_22.txt,TERMINATING,0.70,81.85,59.00,TERMINATING,66,5,71,Affine template / Affine template
ATVA2026_benchmark/TERM_LASSO/SI_ARRAYS//lasso_traces_LexIndexValue-Array_true-termination.c/lasso_trace_23.txt,TERMINATING,0.62,85.11,60.00,TERMINATING,69,5,74,Affine template / Affine template
ATVA2026_benchmark/TERM_LASSO/SI_ARRAYS//lasso_traces_LexIndexValue-Array_true-termination.c/lasso_trace_24.txt,TERMINATING,0.63,372.68,72.00,TERMINATING,72,5,77,Affine template / Affine template
ATVA2026_benchmark/TERM_LASSO/SI_ARRAYS//lasso_traces_LexIndexValue-Array_true-termination.c/lasso_trace_25.txt,TERMINATING,0.68,232.47,69.00,TERMINATING,75,5,80,Affine template / Affine template
ATVA2026_benchmark/TERM_LASSO/SI_ARRAYS//lasso_traces_LexIndexValue-Array_true-termination.c/lasso_trace_26.txt,TERMINATING,0.75,204.88,70.00,TERMINATING,78,5,83,Affine template / Affine template
ATVA2026_benchmark/TERM_LASSO/SI_ARRAYS//lasso_traces_LexIndexValue-Array_true-termination.c/lasso_trace_27.txt,TERMINATING,0.73,415.34,71.00,TERMINATING,81,5,86,Affine template / Affine template
ATVA2026_benchmark/TERM_LASSO/SI_ARRAYS//lasso_traces_LexIndexValue-Array_true-termination.c/lasso_trace_28.txt,TERMINATING,0.72,363.83,86.00,TERMINATING,84,5,89,Affine template / Affine template
ATVA2026_benchmark/TERM_LASSO/SI_ARRAYS//lasso_traces_LexIndexValue-Array_true-termination.c/lasso_trace_29.txt,TERMINATING,0.76,265.67,87.00,TERMINATING,87,5,92,Affine template / Affine template
ATVA2026_benchmark/TERM_LASSO/SI_ARRAYS//lasso_traces_LexIndexValue-Array_true-termination.c/lasso_trace_3.txt,TERMINATING,0.59,136.48,20.00,TERMINATING,9,5,14,Affine template / Affine template
ATVA2026_benchmark/TERM_LASSO/SI_ARRAYS//lasso_traces_LexIndexValue-Array_true-termination.c/lasso_trace_30.txt,TERMINATING,0.79,433.49,92.00,TERMINATING,90,5,95,Affine template / Affine template
ATVA2026_benchmark/TERM_LASSO/SI_ARRAYS//lasso_traces_LexIndexValue-Array_true-termination.c/lasso_trace_31.txt,TERMINATING,0.65,147.74,91.00,TERMINATING,93,5,98,Affine template / Affine template
ATVA2026_benchmark/TERM_LASSO/SI_ARRAYS//lasso_traces_LexIndexValue-Array_true-termination.c/lasso_trace_32.txt,TERMINATING,0.83,230.05,100.00,TERMINATING,96,5,101,Affine template / Affine template
ATVA2026_benchmark/TERM_LASSO/SI_ARRAYS//lasso_traces_LexIndexValue-Array_true-termination.c/lasso_trace_33.txt,TERMINATING,0.81,330.48,91.00,TERMINATING,99,5,104,Affine template / Affine template
ATVA2026_benchmark/TERM_LASSO/SI_ARRAYS//lasso_traces_LexIndexValue-Array_true-termination.c/lasso_trace_34.txt,TERMINATING,0.85,423.04,102.00,TERMINATING,102,5,107,Affine template / Affine template
ATVA2026_benchmark/TERM_LASSO/SI_ARRAYS//lasso_traces_LexIndexValue-Array_true-termination.c/lasso_trace_35.txt,TERMINATING,0.84,281.11,100.00,TERMINATING,105,5,110,Affine template / Affine template
ATVA2026_benchmark/TERM_LASSO/SI_ARRAYS//lasso_traces_LexIndexValue-Array_true-termination.c/lasso_trace_36.txt,TERMINATING,1.09,486.95,97.00,TERMINATING,108,5,113,Affine template / Affine template
ATVA2026_benchmark/TERM_LASSO/SI_ARRAYS//lasso_traces_LexIndexValue-Array_true-termination.c/lasso_trace_37.txt,TERMINATING,0.74,345.10,109.00,TERMINATING,111,5,116,Affine template / Affine template
ATVA2026_benchmark/TERM_LASSO/SI_ARRAYS//lasso_traces_LexIndexValue-Array_true-termination.c/lasso_trace_38.txt,TERMINATING,0.87,211.12,121.00,TERMINATING,114,5,119,Affine template / Affine template
ATVA2026_benchmark/TERM_LASSO/SI_ARRAYS//lasso_traces_LexIndexValue-Array_true-termination.c/lasso_trace_39.txt,TERMINATING,0.80,270.32,108.00,TERMINATING,117,5,122,Affine template / Affine template
ATVA2026_benchmark/TERM_LASSO/SI_ARRAYS//lasso_traces_LexIndexValue-Array_true-termination.c/lasso_trace_4.txt,TERMINATING,0.50,171.36,23.00,TERMINATING,12,5,17,Affine template / Affine template
ATVA2026_benchmark/TERM_LASSO/SI_ARRAYS//lasso_traces_LexIndexValue-Array_true-termination.c/lasso_trace_40.txt,TERMINATING,0.85,385.63,112.00,TERMINATING,120,5,125,Affine template / Affine template
ATVA2026_benchmark/TERM_LASSO/SI_ARRAYS//lasso_traces_LexIndexValue-Array_true-termination.c/lasso_trace_41.txt,TERMINATING,1.03,533.30,118.00,TERMINATING,123,5,128,Affine template / Affine template
ATVA2026_benchmark/TERM_LASSO/SI_ARRAYS//lasso_traces_LexIndexValue-Array_true-termination.c/lasso_trace_5.txt,TERMINATING,0.46,87.17,28.00,TERMINATING,15,5,20,Affine template / Affine template
ATVA2026_benchmark/TERM_LASSO/SI_ARRAYS//lasso_traces_LexIndexValue-Array_true-termination.c/lasso_trace_6.txt,TERMINATING,0.52,116.59,28.00,TERMINATING,18,5,23,Affine template / Affine template
ATVA2026_benchmark/TERM_LASSO/SI_ARRAYS//lasso_traces_LexIndexValue-Array_true-termination.c/lasso_trace_7.txt,TERMINATING,0.53,176.70,31.00,TERMINATING,21,5,26,Affine template / Affine template
ATVA2026_benchmark/TERM_LASSO/SI_ARRAYS//lasso_traces_LexIndexValue-Array_true-termination.c/lasso_trace_8.txt,TERMINATING,0.52,146.28,36.00,TERMINATING,24,5,29,Affine template / Affine template
ATVA2026_benchmark/TERM_LASSO/SI_ARRAYS//lasso_traces_LexIndexValue-Array_true-termination.c/lasso_trace_9.txt,TERMINATING,0.51,183.23,30.00,TERMINATING,27,5,32,Affine template / Affine template
ATVA2026_benchmark/TERM_LASSO/SI_ARRAYS//lasso_traces_LexIndexValue-Pointer-1.c/lasso_trace_1.txt,TERMINATING,2.42,56.64,22.00,TERMINATING,5,2,7,Affine template / Affine template
ATVA2026_benchmark/TERM_LASSO/SI_ARRAYS//lasso_traces_LexIndexValue-Pointer-1_no-overflow.c/lasso_trace_1.txt,TERMINATING,2.44,64.85,20.00,TERMINATING,5,2,7,Affine template / Affine template
ATVA2026_benchmark/TERM_LASSO/SI_ARRAYS//lasso_traces_LexIndexValue-Pointer-2.c/lasso_trace_1.txt,TERMINATING,3.86,197.28,22.00,TERMINATING,5,2,7,Affine template / Affine template
ATVA2026_benchmark/TERM_LASSO/SI_ARRAYS//lasso_traces_LexIndexValue-Pointer-2_termination.c/lasso_trace_1.txt,TERMINATING,3.42,200.40,21.00,TERMINATING,5,2,7,Affine template / Affine template
ATVA2026_benchmark/TERM_LASSO/SI_ARRAYS//lasso_traces_LexIndexValue-Pointer-3.c/lasso_trace_1.txt,TERMINATING,2.40,89.99,21.00,TERMINATING,5,2,7,Affine template / Affine template
ATVA2026_benchmark/TERM_LASSO/SI_ARRAYS//lasso_traces_LexIndexValue-Pointer-3_valid-memsafety.c/lasso_trace_1.txt,TERMINATING,2.48,96.79,20.00,TERMINATING,5,2,7,Affine template / Affine template
ATVA2026_benchmark/TERM_LASSO/SI_ARRAYS//lasso_traces_LexIndexValue-Pointer_true-termination.c/lasso_trace_2.txt,TERMINATING,1.99,143.07,28.00,TERMINATING,5,5,10,Affine template / Affine template
ATVA2026_benchmark/TERM_LASSO/SI_ARRAYS//lasso_traces_LexIndexValue-Pointer_true-termination.c/lasso_trace_3.txt,TERMINATING,0.84,3376.14,191.00,UNKNOWN,6,7,13,2 template
ATVA2026_benchmark/TERM_LASSO/SI_ARRAYS//lasso_traces_LexIndexValue-Pointer_true-termination.c/lasso_trace_4.txt,TERMINATING,0.87,3805.08,205.00,UNKNOWN,11,7,18,2 template
ATVA2026_benchmark/TERM_LASSO/SI_ARRAYS//lasso_traces_LexIndexValue-Pointer_true-termination.c/lasso_trace_5.txt,TERMINATING,0.58,3888.19,227.00,UNKNOWN,16,7,23,2 template
ATVA2026_benchmark/TERM_LASSO/SI_ARRAYS//lasso_traces_lis-alloca-2.c/lasso_trace_1.txt,TERMINATING,2.16,146.08,36.00,TERMINATING,7,3,10,Affine template / Affine template
ATVA2026_benchmark/TERM_LASSO/SI_ARRAYS//lasso_traces_lis-alloca-2_termination.c/lasso_trace_1.txt,TERMINATING,2.12,150.60,40.00,TERMINATING,7,3,10,Affine template / Affine template
ATVA2026_benchmark/TERM_LASSO/SI_ARRAYS//lasso_traces_lis-alloca_true-termination.c/lasso_trace_1.txt,TERMINATING,1.87,146.95,36.00,TERMINATING,7,3,10,Affine template / Affine template
ATVA2026_benchmark/TERM_LASSO/SI_ARRAYS//lasso_traces_lis.c/lasso_trace_1.txt,TERMINATING,2.54,195.85,28.00,TERMINATING,1,3,4,Affine template / Affine template
ATVA2026_benchmark/TERM_LASSO/SI_ARRAYS//lasso_traces_mannadiv.c/lasso_trace_1.txt,TERMINATING,2.24,839.04,98.00,TERMINATING,12,6,18,Affine template / Affine template
ATVA2026_benchmark/TERM_LASSO/SI_ARRAYS//lasso_traces_Masse-alloca-3.c/lasso_trace_2.txt,TERMINATING,2.46,124.05,19.00,TERMINATING,6,7,13,Affine template / Affine template
ATVA2026_benchmark/TERM_LASSO/SI_ARRAYS//lasso_traces_Masse-alloca-3_no-overflow.c/lasso_trace_2.txt,TERMINATING,2.19,126.03,18.00,TERMINATING,6,7,13,Affine template / Affine template
ATVA2026_benchmark/TERM_LASSO/SI_ARRAYS//lasso_traces_McCarthy91-1.c/lasso_trace_1.txt,TERMINATING,2.05,155.73,21.00,TERMINATING,6,3,9,Affine template / Affine template
ATVA2026_benchmark/TERM_LASSO/SI_ARRAYS//lasso_traces_McCarthy91-1.c/lasso_trace_12.txt,TERMINATING,0.57,171.62,11.00,TERMINATING,60,9,69,Affine template / Affine template
ATVA2026_benchmark/TERM_LASSO/SI_ARRAYS//lasso_traces_McCarthy91-1.c/lasso_trace_2.txt,TERMINATING,0.49,114.81,13.00,TERMINATING,13,9,22,Affine template / Affine template
ATVA2026_benchmark/TERM_LASSO/SI_ARRAYS//lasso_traces_McCarthy91-1_no-overflow.c/lasso_trace_1.txt,TERMINATING,2.09,156.88,15.00,TERMINATING,6,3,9,Affine template / Affine template
ATVA2026_benchmark/TERM_LASSO/SI_ARRAYS//lasso_traces_McCarthy91-1_no-overflow.c/lasso_trace_12.txt,TERMINATING,0.43,174.03,14.00,TERMINATING,60,9,69,Affine template / Affine template
ATVA2026_benchmark/TERM_LASSO/SI_ARRAYS//lasso_traces_McCarthy91-1_no-overflow.c/lasso_trace_2.txt,TERMINATING,0.63,116.24,13.00,TERMINATING,13,9,22,Affine template / Affine template
ATVA2026_benchmark/TERM_LASSO/SI_ARRAYS//lasso_traces_McCarthy91-2.c/lasso_trace_1.txt,TERMINATING,1.98,151.34,15.00,TERMINATING,6,3,9,Affine template / Affine template
ATVA2026_benchmark/TERM_LASSO/SI_ARRAYS//lasso_traces_McCarthy91-2.c/lasso_trace_2.txt,TERMINATING,0.55,109.48,12.00,TERMINATING,13,9,22,Affine template / Affine template
ATVA2026_benchmark/TERM_LASSO/SI_ARRAYS//lasso_traces_McCarthy91-2.c/lasso_trace_9.txt,TERMINATING,0.38,159.66,10.00,TERMINATING,36,9,45,Affine template / Affine template
ATVA2026_benchmark/TERM_LASSO/SI_ARRAYS//lasso_traces_McCarthy91-2_no-overflow.c/lasso_trace_1.txt,TERMINATING,1.87,162.12,15.00,TERMINATING,6,3,9,Affine template / Affine template
ATVA2026_benchmark/TERM_LASSO/SI_ARRAYS//lasso_traces_McCarthy91-2_no-overflow.c/lasso_trace_12.txt,TERMINATING,0.54,190.06,14.00,TERMINATING,36,9,45,Affine template / Affine template
ATVA2026_benchmark/TERM_LASSO/SI_ARRAYS//lasso_traces_McCarthy91-2_no-overflow.c/lasso_trace_2.txt,TERMINATING,0.68,119.40,13.00,TERMINATING,13,9,22,Affine template / Affine template
ATVA2026_benchmark/TERM_LASSO/SI_ARRAYS//lasso_traces_mergeSort.c/lasso_trace_1.txt,TERMINATING,2.20,85.53,20.00,TERMINATING,6,2,8,Affine template / Affine template
ATVA2026_benchmark/TERM_LASSO/SI_ARRAYS//lasso_traces_mergesort-recursive.c/lasso_trace_3.txt,TERMINATING,2.76,269.58,131.00,TERMINATING,0,11,11,Affine template / Affine template
ATVA2026_benchmark/TERM_LASSO/SI_ARRAYS//lasso_traces_mergeSort_termination.c/lasso_trace_1.txt,TERMINATING,2.44,83.69,19.00,TERMINATING,6,2,8,Affine template / Affine template
ATVA2026_benchmark/TERM_LASSO/SI_ARRAYS//lasso_traces_mult_array-alloca-2.c/lasso_trace_1.txt,TERMINATING,2.33,190.68,17.00,TERMINATING,6,2,8,Affine template / Affine template
ATVA2026_benchmark/TERM_LASSO/SI_ARRAYS//lasso_traces_mult_array-alloca-2.c/lasso_trace_3.txt,TERMINATING,0.78,521.03,142.00,TERMINATING,9,4,13,Affine template / Affine template
ATVA2026_benchmark/TERM_LASSO/SI_ARRAYS//lasso_traces_mult_array-alloca-2_no-overflow.c/lasso_trace_1.txt,TERMINATING,2.29,193.09,17.00,TERMINATING,6,2,8,Affine template / Affine template
ATVA2026_benchmark/TERM_LASSO/SI_ARRAYS//lasso_traces_mult_array-alloca-2_no-overflow.c/lasso_trace_3.txt,TERMINATING,0.97,572.69,143.00,TERMINATING,9,4,13,Affine template / Affine template
ATVA2026_benchmark/TERM_LASSO/SI_ARRAYS//lasso_traces_mult_array-alloca_true-termination.c/lasso_trace_1.txt,TERMINATING,2.37,190.04,18.00,TERMINATING,6,2,8,Affine template / Affine template
ATVA2026_benchmark/TERM_LASSO/SI_ARRAYS//lasso_traces_mult_array-alloca_true-termination.c/lasso_trace_3.txt,TERMINATING,0.83,551.30,162.00,TERMINATING,9,4,13,Affine template / Affine template
ATVA2026_benchmark/TERM_LASSO/SI_ARRAYS//lasso_traces_MultCommutative-1.c/lasso_trace_4.txt,TERMINATING,0.52,196.07,12.00,TERMINATING,15,4,19,Affine template / Affine template
ATVA2026_benchmark/TERM_LASSO/SI_ARRAYS//lasso_traces_MultCommutative-1.c/lasso_trace_5.txt,TERMINATING,0.40,123.74,12.00,TERMINATING,8,4,12,Affine template / Affine template
ATVA2026_benchmark/TERM_LASSO/SI_ARRAYS//lasso_traces_MultCommutative-1_no-overflow.c/lasso_trace_4.txt,TERMINATING,0.54,190.47,11.00,TERMINATING,15,4,19,Affine template / Affine template
ATVA2026_benchmark/TERM_LASSO/SI_ARRAYS//lasso_traces_MultCommutative-1_no-overflow.c/lasso_trace_5.txt,TERMINATING,0.64,124.75,12.00,TERMINATING,8,4,12,Affine template / Affine template
ATVA2026_benchmark/TERM_LASSO/SI_ARRAYS//lasso_traces_MultCommutative-2.c/lasso_trace_4.txt,TERMINATING,0.49,197.35,13.00,TERMINATING,15,4,19,Affine template / Affine template
ATVA2026_benchmark/TERM_LASSO/SI_ARRAYS//lasso_traces_MultCommutative-2.c/lasso_trace_5.txt,TERMINATING,0.41,121.75,12.00,TERMINATING,8,4,12,Affine template / Affine template
ATVA2026_benchmark/TERM_LASSO/SI_ARRAYS//lasso_traces_MultCommutative-2_no-overflow.c/lasso_trace_4.txt,TERMINATING,0.50,198.63,13.00,TERMINATING,15,4,19,Affine template / Affine template
ATVA2026_benchmark/TERM_LASSO/SI_ARRAYS//lasso_traces_MultCommutative-2_no-overflow.c/lasso_trace_5.txt,TERMINATING,0.45,126.39,12.00,TERMINATING,8,4,12,Affine template / Affine template
ATVA2026_benchmark/TERM_LASSO/SI_ARRAYS//lasso_traces_mutual_simple.c/lasso_trace_1.txt,TERMINATING,2.11,184.62,24.00,TERMINATING,7,10,17,Affine template / Affine template
ATVA2026_benchmark/TERM_LASSO/SI_ARRAYS//lasso_traces_mutual_simple_valid-memsafety.c/lasso_trace_1.txt,TERMINATING,2.31,192.58,23.00,TERMINATING,7,10,17,Affine template / Affine template
ATVA2026_benchmark/TERM_LASSO/SI_ARRAYS//lasso_traces_nondet_ll_search-alloca-1.c/lasso_trace_1.txt,TERMINATING,1.95,11371.11,1220.00,UNKNOWN,8,3,11,Affine template
ATVA2026_benchmark/TERM_LASSO/SI_ARRAYS//lasso_traces_nondet_ll_search-alloca-1_no-overflow.c/lasso_trace_1.txt,TERMINATING,2.19,13100.62,1265.00,UNKNOWN,8,3,11,Affine template
ATVA2026_benchmark/TERM_LASSO/SI_ARRAYS//lasso_traces_nondet_ll_search-alloca-2.c/lasso_trace_1.txt,TERMINATING,1.90,9788.66,1266.00,UNKNOWN,9,3,12,Affine template
ATVA2026_benchmark/TERM_LASSO/SI_ARRAYS//lasso_traces_nondet_ll_search-alloca-2_no-overflow.c/lasso_trace_1.txt,TERMINATING,2.49,11167.79,1199.00,UNKNOWN,9,3,12,Affine template
ATVA2026_benchmark/TERM_LASSO/SI_ARRAYS//lasso_traces_nondet_ll_traverse-alloca.c/lasso_trace_1.txt,TERMINATING,1.98,10754.36,1329.00,UNKNOWN,8,3,11,Affine template
ATVA2026_benchmark/TERM_LASSO/SI_ARRAYS//lasso_traces_nondet_ll_traverse-alloca_no-overflow.c/lasso_trace_1.txt,TERMINATING,2.56,12247.92,1338.00,UNKNOWN,8,3,11,Affine template
ATVA2026_benchmark/TERM_LASSO/SI_ARRAYS//lasso_traces_NonTermination3-1.c/lasso_trace_1.txt,TERMINATING,2.26,107.88,10.00,TERMINATING,5,2,7,Affine template / Affine template
ATVA2026_benchmark/TERM_LASSO/SI_ARRAYS//lasso_traces_NonTermination3-1_no-overflow.c/lasso_trace_1.txt,TERMINATING,2.69,104.54,11.00,TERMINATING,5,2,7,Affine template / Affine template
ATVA2026_benchmark/TERM_LASSO/SI_ARRAYS//lasso_traces_NonTermination3-2.c/lasso_trace_1.txt,TERMINATING,3.14,148.50,11.00,TERMINATING,5,2,7,Affine template / Affine template
ATVA2026_benchmark/TERM_LASSO/SI_ARRAYS//lasso_traces_NonTermination3-2_valid-memsafety.c/lasso_trace_1.txt,TERMINATING,2.37,162.66,11.00,TERMINATING,5,2,7,Affine template / Affine template
ATVA2026_benchmark/TERM_LASSO/SI_ARRAYS//lasso_traces_NoriSharma-2013FSE-Fig7-alloca-2.c/lasso_trace_1.txt,TERMINATING,3.23,633.42,91.00,TERMINATING,14,10,24,Affine template / Affine template
ATVA2026_benchmark/TERM_LASSO/SI_ARRAYS//lasso_traces_NoriSharma-2013FSE-Fig7-alloca-2.c/lasso_trace_2.txt,TERMINATING,2.47,185.77,86.00,TERMINATING,17,12,29,Affine template / Affine template
ATVA2026_benchmark/TERM_LASSO/SI_ARRAYS//lasso_traces_NoriSharma-2013FSE-Fig7-alloca-2_no-overflow.c/lasso_trace_1.txt,TERMINATING,3.83,670.57,93.00,TERMINATING,14,10,24,Affine template / Affine template
ATVA2026_benchmark/TERM_LASSO/SI_ARRAYS//lasso_traces_NoriSharma-2013FSE-Fig7-alloca-2_no-overflow.c/lasso_trace_2.txt,TERMINATING,2.81,198.29,91.00,TERMINATING,17,12,29,Affine template / Affine template
ATVA2026_benchmark/TERM_LASSO/SI_ARRAYS//lasso_traces_NoriSharma-2013FSE-Fig7-alloca.c/lasso_trace_1.txt,TERMINATING,3.62,505.96,74.00,TERMINATING,10,10,20,Affine template / Affine template
ATVA2026_benchmark/TERM_LASSO/SI_ARRAYS//lasso_traces_NoriSharma-2013FSE-Fig7-alloca.c/lasso_trace_2.txt,TERMINATING,2.01,234.10,75.00,TERMINATING,13,12,25,Affine template / Affine template
ATVA2026_benchmark/TERM_LASSO/SI_ARRAYS//lasso_traces_NoriSharma-2013FSE-Fig7-alloca_def-behavior.c/lasso_trace_1.txt,TERMINATING,4.39,550.97,61.00,TERMINATING,10,10,20,Affine template / Affine template
ATVA2026_benchmark/TERM_LASSO/SI_ARRAYS//lasso_traces_NoriSharma-2013FSE-Fig7-alloca_def-behavior.c/lasso_trace_2.txt,TERMINATING,2.16,250.90,79.00,TERMINATING,13,12,25,Affine template / Affine template
ATVA2026_benchmark/TERM_LASSO/SI_ARRAYS//lasso_traces_NoriSharma-2013FSE-Fig7-alloca_true-termination.c/lasso_trace_1.txt,TERMINATING,3.33,518.18,63.00,TERMINATING,10,10,20,Affine template / Affine template
ATVA2026_benchmark/TERM_LASSO/SI_ARRAYS//lasso_traces_NoriSharma-2013FSE-Fig7-alloca_true-termination.c/lasso_trace_2.txt,TERMINATING,2.29,241.55,83.00,TERMINATING,13,12,25,Affine template / Affine template
ATVA2026_benchmark/TERM_LASSO/SI_ARRAYS//lasso_traces_NoriSharma-2013FSE-Fig8-alloca-2.c/lasso_trace_1.txt,TERMINATING,4.61,227.99,89.00,TERMINATING,15,9,24,Affine template / Affine template
ATVA2026_benchmark/TERM_LASSO/SI_ARRAYS//lasso_traces_NoriSharma-2013FSE-Fig8-alloca-2.c/lasso_trace_2.txt,TERMINATING,2.67,303.42,99.00,TERMINATING,22,12,34,Affine template / Affine template
ATVA2026_benchmark/TERM_LASSO/SI_ARRAYS//lasso_traces_NoriSharma-2013FSE-Fig8-alloca-2_no-overflow.c/lasso_trace_1.txt,TERMINATING,5.52,231.90,85.00,TERMINATING,15,9,24,Affine template / Affine template
ATVA2026_benchmark/TERM_LASSO/SI_ARRAYS//lasso_traces_NoriSharma-2013FSE-Fig8-alloca-2_no-overflow.c/lasso_trace_2.txt,TERMINATING,3.22,298.63,116.00,TERMINATING,22,12,34,Affine template / Affine template
ATVA2026_benchmark/TERM_LASSO/SI_ARRAYS//lasso_traces_NoriSharma-2013FSE-Fig8-alloca.c/lasso_trace_1.txt,TERMINATING,3.58,663.08,99.00,TERMINATING,12,9,21,Affine template / Affine template
ATVA2026_benchmark/TERM_LASSO/SI_ARRAYS//lasso_traces_NoriSharma-2013FSE-Fig8-alloca.c/lasso_trace_2.txt,TERMINATING,2.57,110.03,85.00,TERMINATING,19,12,31,Affine template / Affine template
ATVA2026_benchmark/TERM_LASSO/SI_ARRAYS//lasso_traces_NoriSharma-2013FSE-Fig8-alloca_def-behavior.c/lasso_trace_1.txt,TERMINATING,3.49,712.28,92.00,TERMINATING,12,9,21,Affine template / Affine template
ATVA2026_benchmark/TERM_LASSO/SI_ARRAYS//lasso_traces_NoriSharma-2013FSE-Fig8-alloca_def-behavior.c/lasso_trace_2.txt,TERMINATING,2.45,96.40,83.00,TERMINATING,19,12,31,Affine template / Affine template
ATVA2026_benchmark/TERM_LASSO/SI_ARRAYS//lasso_traces_NoriSharma-2013FSE-Fig8-alloca_true-termination.c/lasso_trace_1.txt,TERMINATING,3.01,646.93,92.00,TERMINATING,12,9,21,Affine template / Affine template
ATVA2026_benchmark/TERM_LASSO/SI_ARRAYS//lasso_traces_NoriSharma-2013FSE-Fig8-alloca_true-termination.c/lasso_trace_2.txt,TERMINATING,2.82,99.45,92.00,TERMINATING,19,12,31,Affine template / Affine template
ATVA2026_benchmark/TERM_LASSO/SI_ARRAYS//lasso_traces_openbsd_cbzero-alloca-1.c/lasso_trace_1.txt,TERMINATING,2.17,206.21,19.00,TERMINATING,8,3,11,Affine template / Affine template
ATVA2026_benchmark/TERM_LASSO/SI_ARRAYS//lasso_traces_openbsd_cbzero-alloca-1_valid-memsafety.c/lasso_trace_1.txt,TERMINATING,2.32,211.40,18.00,TERMINATING,8,3,11,Affine template / Affine template
ATVA2026_benchmark/TERM_LASSO/SI_ARRAYS//lasso_traces_openbsd_cbzero-alloca_true-termination.c/lasso_trace_1.txt,TERMINATING,2.67,208.45,18.00,TERMINATING,8,3,11,Affine template / Affine template
ATVA2026_benchmark/TERM_LASSO/SI_ARRAYS//lasso_traces_openbsd_cmemchr-alloca-1.c/lasso_trace_1.txt,TERMINATING,2.26,169.17,51.00,TERMINATING,8,4,12,Affine template / Affine template
ATVA2026_benchmark/TERM_LASSO/SI_ARRAYS//lasso_traces_openbsd_cmemchr-alloca-1_valid-memsafety.c/lasso_trace_1.txt,TERMINATING,2.18,169.90,51.00,TERMINATING,8,4,12,Affine template / Affine template
ATVA2026_benchmark/TERM_LASSO/SI_ARRAYS//lasso_traces_openbsd_cmemchr-alloca_true-termination.c/lasso_trace_1.txt,TERMINATING,2.61,165.17,58.00,TERMINATING,8,4,12,Affine template / Affine template
ATVA2026_benchmark/TERM_LASSO/SI_ARRAYS//lasso_traces_openbsd_cmemrchr-alloca-1.c/lasso_trace_1.txt,TERMINATING,2.19,237.37,76.00,TERMINATING,8,4,12,Affine template / Affine template
ATVA2026_benchmark/TERM_LASSO/SI_ARRAYS//lasso_traces_openbsd_cmemrchr-alloca-1_valid-memsafety.c/lasso_trace_1.txt,TERMINATING,2.20,241.57,67.00,TERMINATING,8,4,12,Affine template / Affine template
ATVA2026_benchmark/TERM_LASSO/SI_ARRAYS//lasso_traces_openbsd_cmemrchr-alloca_true-termination.c/lasso_trace_1.txt,TERMINATING,2.17,224.32,45.00,TERMINATING,8,4,12,Affine template / Affine template
ATVA2026_benchmark/TERM_LASSO/SI_ARRAYS//lasso_traces_openbsd_cmemset-alloca-2.c/lasso_trace_1.txt,TERMINATING,2.45,191.31,24.00,TERMINATING,8,3,11,Affine template / Affine template
ATVA2026_benchmark/TERM_LASSO/SI_ARRAYS//lasso_traces_openbsd_cmemset-alloca-2_valid-memsafety.c/lasso_trace_1.txt,TERMINATING,2.35,207.48,22.00,TERMINATING,8,3,11,Affine template / Affine template
ATVA2026_benchmark/TERM_LASSO/SI_ARRAYS//lasso_traces_openbsd_cmemset-alloca_true-termination.c/lasso_trace_1.txt,TERMINATING,2.32,205.06,21.00,TERMINATING,8,3,11,Affine template / Affine template
ATVA2026_benchmark/TERM_LASSO/SI_ARRAYS//lasso_traces_openbsd_cstpncpy-alloca-2.c/lasso_trace_1.txt,TERMINATING,2.38,141.39,164.00,TERMINATING,9,5,14,Affine template / Nested template
ATVA2026_benchmark/TERM_LASSO/SI_ARRAYS//lasso_traces_openbsd_cstpncpy-alloca-2.c/lasso_trace_2.txt,TERMINATING,0.84,244.05,668.00,TERMINATING,13,3,16,Affine template / Affine template
ATVA2026_benchmark/TERM_LASSO/SI_ARRAYS//lasso_traces_openbsd_cstpncpy-alloca-2_valid-memsafety.c/lasso_trace_1.txt,TERMINATING,2.51,134.23,159.00,TERMINATING,9,5,14,Affine template / Nested template
ATVA2026_benchmark/TERM_LASSO/SI_ARRAYS//lasso_traces_openbsd_cstpncpy-alloca-2_valid-memsafety.c/lasso_trace_2.txt,TERMINATING,0.85,251.09,645.00,TERMINATING,13,3,16,Affine template / Affine template
ATVA2026_benchmark/TERM_LASSO/SI_ARRAYS//lasso_traces_openbsd_cstpncpy-alloca_true-termination.c/lasso_trace_1.txt,TERMINATING,2.37,130.68,164.00,TERMINATING,9,5,14,Affine template / Nested template
ATVA2026_benchmark/TERM_LASSO/SI_ARRAYS//lasso_traces_openbsd_cstpncpy-alloca_true-termination.c/lasso_trace_2.txt,TERMINATING,0.81,243.68,696.00,TERMINATING,13,3,16,Affine template / Affine template
ATVA2026_benchmark/TERM_LASSO/SI_ARRAYS//lasso_traces_openbsd_cstrcmp-alloca-2.c/lasso_trace_1.txt,TERMINATING,2.18,178.01,17.00,TERMINATING,5,2,7,Affine template / Affine template
ATVA2026_benchmark/TERM_LASSO/SI_ARRAYS//lasso_traces_openbsd_cstrcmp-alloca-2.c/lasso_trace_2.txt,TERMINATING,0.85,81.51,18.00,TERMINATING,7,2,9,Affine template / Affine template
ATVA2026_benchmark/TERM_LASSO/SI_ARRAYS//lasso_traces_openbsd_cstrcmp-alloca-2_no-overflow.c/lasso_trace_1.txt,TERMINATING,2.30,176.93,16.00,TERMINATING,5,2,7,Affine template / Affine template
ATVA2026_benchmark/TERM_LASSO/SI_ARRAYS//lasso_traces_openbsd_cstrcmp-alloca-2_no-overflow.c/lasso_trace_2.txt,TERMINATING,0.83,83.97,18.00,TERMINATING,7,2,9,Affine template / Affine template
ATVA2026_benchmark/TERM_LASSO/SI_ARRAYS//lasso_traces_openbsd_cstrcmp-alloca_true-termination.c/lasso_trace_1.txt,TERMINATING,2.19,20183.92,79.00,TERMINATING,9,5,14,Affine template / Affine template
ATVA2026_benchmark/TERM_LASSO/SI_ARRAYS//lasso_traces_openbsd_cstrlcpy-alloca-2.c/lasso_trace_1.txt,TERMINATING,2.64,281.90,92.00,TERMINATING,10,5,15,Affine template / Affine template
ATVA2026_benchmark/TERM_LASSO/SI_ARRAYS//lasso_traces_openbsd_cstrlcpy-alloca-2.c/lasso_trace_4.txt,TERMINATING,0.79,206.52,107.00,TERMINATING,15,3,18,Affine template / Affine template
ATVA2026_benchmark/TERM_LASSO/SI_ARRAYS//lasso_traces_openbsd_cstrlcpy-alloca-2_valid-memsafety.c/lasso_trace_1.txt,TERMINATING,2.90,292.74,76.00,TERMINATING,10,5,15,Affine template / Affine template
ATVA2026_benchmark/TERM_LASSO/SI_ARRAYS//lasso_traces_openbsd_cstrlcpy-alloca-2_valid-memsafety.c/lasso_trace_4.txt,TERMINATING,0.90,218.49,120.00,TERMINATING,15,3,18,Affine template / Affine template
ATVA2026_benchmark/TERM_LASSO/SI_ARRAYS//lasso_traces_openbsd_cstrlcpy-alloca_true-termination.c/lasso_trace_1.txt,TERMINATING,2.27,337.46,177.00,TERMINATING,10,5,15,Affine template / Affine template
ATVA2026_benchmark/TERM_LASSO/SI_ARRAYS//lasso_traces_openbsd_cstrlcpy-alloca_true-termination.c/lasso_trace_4.txt,TERMINATING,0.75,186.37,155.00,TERMINATING,15,3,18,Affine template / Affine template
ATVA2026_benchmark/TERM_LASSO/SI_ARRAYS//lasso_traces_openbsd_cstrlen-alloca-2.c/lasso_trace_1.txt,TERMINATING,2.02,76.73,29.00,TERMINATING,8,2,10,Affine template / Affine template
ATVA2026_benchmark/TERM_LASSO/SI_ARRAYS//lasso_traces_openbsd_cstrlen-alloca-2_valid-memsafety.c/lasso_trace_1.txt,TERMINATING,2.54,94.47,28.00,TERMINATING,8,2,10,Affine template / Affine template
ATVA2026_benchmark/TERM_LASSO/SI_ARRAYS//lasso_traces_openbsd_cstrlen-alloca_true-termination.c/lasso_trace_1.txt,TERMINATING,2.18,79.37,28.00,TERMINATING,8,2,10,Affine template / Affine template
ATVA2026_benchmark/TERM_LASSO/SI_ARRAYS//lasso_traces_openbsd_cstrncat-alloca-1.c/lasso_trace_1.txt,TERMINATING,2.28,289.93,50.00,TERMINATING,11,2,13,Affine template / Affine template
ATVA2026_benchmark/TERM_LASSO/SI_ARRAYS//lasso_traces_openbsd_cstrncat-alloca-1.c/lasso_trace_2.txt,TERMINATING,1.10,1013.70,275.00,TERMINATING,13,5,18,Affine template / Affine template
ATVA2026_benchmark/TERM_LASSO/SI_ARRAYS//lasso_traces_openbsd_cstrncat-alloca-1_no-overflow.c/lasso_trace_1.txt,TERMINATING,2.56,347.65,46.00,TERMINATING,11,2,13,Affine template / Affine template
ATVA2026_benchmark/TERM_LASSO/SI_ARRAYS//lasso_traces_openbsd_cstrncat-alloca-1_no-overflow.c/lasso_trace_2.txt,TERMINATING,1.53,1226.74,246.00,TERMINATING,13,5,18,Affine template / Affine template
ATVA2026_benchmark/TERM_LASSO/SI_ARRAYS//lasso_traces_openbsd_cstrncat-alloca_true-termination.c/lasso_trace_1.txt,TERMINATING,2.30,301.96,48.00,TERMINATING,11,2,13,Affine template / Affine template
ATVA2026_benchmark/TERM_LASSO/SI_ARRAYS//lasso_traces_openbsd_cstrncat-alloca_true-termination.c/lasso_trace_2.txt,TERMINATING,0.97,1016.02,246.00,TERMINATING,13,5,18,Affine template / Affine template
ATVA2026_benchmark/TERM_LASSO/SI_ARRAYS//lasso_traces_openbsd_cstrncmp-alloca-1.c/lasso_trace_1.txt,TERMINATING,1.95,19461.71,670.00,TERMINATING,10,6,16,Affine template / Affine template
ATVA2026_benchmark/TERM_LASSO/SI_ARRAYS//lasso_traces_openbsd_cstrncmp-alloca_true-termination.c/lasso_trace_1.txt,TERMINATING,1.88,19241.26,653.00,TERMINATING,10,6,16,Affine template / Affine template
ATVA2026_benchmark/TERM_LASSO/SI_ARRAYS//lasso_traces_openbsd_cstrncpy-alloca-1.c/lasso_trace_1.txt,TERMINATING,2.64,347.61,84.00,TERMINATING,9,5,14,Affine template / Affine template
ATVA2026_benchmark/TERM_LASSO/SI_ARRAYS//lasso_traces_openbsd_cstrncpy-alloca-1.c/lasso_trace_2.txt,TERMINATING,0.74,311.11,627.00,TERMINATING,13,3,16,Affine template / Affine template
ATVA2026_benchmark/TERM_LASSO/SI_ARRAYS//lasso_traces_openbsd_cstrncpy-alloca-1_valid-memsafety.c/lasso_trace_1.txt,TERMINATING,4.00,517.17,81.00,TERMINATING,9,5,14,Affine template / Affine template
ATVA2026_benchmark/TERM_LASSO/SI_ARRAYS//lasso_traces_openbsd_cstrncpy-alloca-1_valid-memsafety.c/lasso_trace_2.txt,TERMINATING,0.99,399.11,638.00,TERMINATING,13,3,16,Affine template / Affine template
ATVA2026_benchmark/TERM_LASSO/SI_ARRAYS//lasso_traces_openbsd_cstrncpy-alloca_true-termination.c/lasso_trace_1.txt,TERMINATING,2.35,350.20,79.00,TERMINATING,9,5,14,Affine template / Affine template
ATVA2026_benchmark/TERM_LASSO/SI_ARRAYS//lasso_traces_openbsd_cstrncpy-alloca_true-termination.c/lasso_trace_2.txt,TERMINATING,0.72,301.64,592.00,TERMINATING,13,3,16,Affine template / Affine template
ATVA2026_benchmark/TERM_LASSO/SI_ARRAYS//lasso_traces_paths_39_7a_gpio_grgpio.c/lasso_trace_1.txt,TERMINATING,2.33,2052.11,159.00,TERMINATING,14,3,17,Affine template / Affine template
ATVA2026_benchmark/TERM_LASSO/SI_ARRAYS//lasso_traces_PointerIncrement.c/lasso_trace_2.txt,TERMINATING,1.96,107.62,20.00,TERMINATING,5,4,9,Affine template / Affine template
ATVA2026_benchmark/TERM_LASSO/SI_ARRAYS//lasso_traces_Pointer-LexIndexValue133.c/lasso_trace_1.txt,TERMINATING,1.98,214.65,22.00,TERMINATING,5,3,8,Affine template / Affine template
ATVA2026_benchmark/TERM_LASSO/SI_ARRAYS//lasso_traces_Pointer-LexIndexValue133.c/lasso_trace_2.txt,TERMINATING,0.50,150.17,24.00,TERMINATING,6,5,11,Affine template / Affine template
ATVA2026_benchmark/TERM_LASSO/SI_ARRAYS//lasso_traces_Primes.c/lasso_trace_7.txt,TERMINATING,0.52,155.00,20.00,TERMINATING,21,6,27,Affine template / Affine template
ATVA2026_benchmark/TERM_LASSO/SI_ARRAYS//lasso_traces_Primes.c/lasso_trace_8.txt,TERMINATING,0.46,225.63,21.00,TERMINATING,23,5,28,Affine template / Affine template
ATVA2026_benchmark/TERM_LASSO/SI_ARRAYS//lasso_traces_Primes_no-overflow.c/lasso_trace_7.txt,TERMINATING,0.53,161.75,19.00,TERMINATING,21,6,27,Affine template / Affine template
ATVA2026_benchmark/TERM_LASSO/SI_ARRAYS//lasso_traces_Primes_no-overflow.c/lasso_trace_8.txt,TERMINATING,0.51,246.52,18.00,TERMINATING,23,5,28,Affine template / Affine template
ATVA2026_benchmark/TERM_LASSO/SI_ARRAYS//lasso_traces_ps4-ll_unwindbound1.c/lasso_trace_1.txt,TERMINATING,2.65,116.85,12.00,TERMINATING,5,8,13,Affine template / Affine template
ATVA2026_benchmark/TERM_LASSO/SI_ARRAYS//lasso_traces_recHanoi01.c/lasso_trace_1.txt,TERMINATING,2.19,180.59,28.00,TERMINATING,7,3,10,Affine template / Affine template
ATVA2026_benchmark/TERM_LASSO/SI_ARRAYS//lasso_traces_recHanoi01_no-overflow.c/lasso_trace_1.txt,TERMINATING,1.94,181.40,25.00,TERMINATING,7,3,10,Affine template / Affine template
ATVA2026_benchmark/TERM_LASSO/SI_ARRAYS//lasso_traces_recHanoi02-1.c/lasso_trace_1.txt,TERMINATING,1.86,218.90,18.00,TERMINATING,7,3,10,Affine template / Affine template
ATVA2026_benchmark/TERM_LASSO/SI_ARRAYS//lasso_traces_recHanoi02-1_no-overflow.c/lasso_trace_1.txt,TERMINATING,15.35,3059.83,19.00,TERMINATING,7,3,10,Affine template / Affine template
ATVA2026_benchmark/TERM_LASSO/SI_ARRAYS//lasso_traces_recHanoi02-2.c/lasso_trace_1.txt,TERMINATING,3.21,195.27,19.00,TERMINATING,7,3,10,Affine template / Affine template
ATVA2026_benchmark/TERM_LASSO/SI_ARRAYS//lasso_traces_recHanoi02-2_no-overflow.c/lasso_trace_1.txt,TERMINATING,3.33,271.08,20.00,TERMINATING,7,3,10,Affine template / Affine template
ATVA2026_benchmark/TERM_LASSO/SI_ARRAYS//lasso_traces_recHanoi03-2.c/lasso_trace_1.txt,TERMINATING,2.48,200.01,20.00,TERMINATING,7,3,10,Affine template / Affine template
ATVA2026_benchmark/TERM_LASSO/SI_ARRAYS//lasso_traces_recHanoi03-2_no-overflow.c/lasso_trace_1.txt,TERMINATING,2.24,437.52,21.00,TERMINATING,7,3,10,Affine template / Affine template
ATVA2026_benchmark/TERM_LASSO/SI_ARRAYS//lasso_traces_rec_malloc_ex11.c/lasso_trace_2.txt,UNCHECKED,2.36,337.20,-,,6,30,36,Affine template
ATVA2026_benchmark/TERM_LASSO/SI_ARRAYS//lasso_traces_rec_malloc_ex11C.c/lasso_trace_2.txt,UNCHECKED,2.36,305.98,-,,6,30,36,Affine template
ATVA2026_benchmark/TERM_LASSO/SI_ARRAYS//lasso_traces_rec_malloc_ex11C_no-overflow.c/lasso_trace_2.txt,UNCHECKED,2.80,347.71,-,,6,30,36,Affine template
ATVA2026_benchmark/TERM_LASSO/SI_ARRAYS//lasso_traces_rec_malloc_ex11D.c/lasso_trace_2.txt,TERMINATING,2.19,356.94,83.00,TERMINATING,6,27,33,Affine template / Affine template
ATVA2026_benchmark/TERM_LASSO/SI_ARRAYS//lasso_traces_rec_malloc_ex11D.c/lasso_trace_3.txt,UNCHECKED,0.97,191.98,-,,19,6,25,Affine template
ATVA2026_benchmark/TERM_LASSO/SI_ARRAYS//lasso_traces_rec_malloc_ex11D_no-overflow.c/lasso_trace_2.txt,TERMINATING,2.63,340.73,77.00,TERMINATING,6,27,33,Affine template / Affine template
ATVA2026_benchmark/TERM_LASSO/SI_ARRAYS//lasso_traces_rec_malloc_ex11D_no-overflow.c/lasso_trace_3.txt,UNCHECKED,1.01,196.06,-,,19,6,25,Affine template
ATVA2026_benchmark/TERM_LASSO/SI_ARRAYS//lasso_traces_rec_malloc_ex11_no-overflow.c/lasso_trace_2.txt,UNCHECKED,2.48,324.77,-,,6,30,36,Affine template
ATVA2026_benchmark/TERM_LASSO/SI_ARRAYS//lasso_traces_rec_strcopy_malloc2.c/lasso_trace_1.txt,TERMINATING,2.39,767.89,117.00,TERMINATING,13,4,17,Affine template / Affine template
ATVA2026_benchmark/TERM_LASSO/SI_ARRAYS//lasso_traces_rec_strcopy_malloc2_termination.c/lasso_trace_1.txt,TERMINATING,3.26,1215.22,116.00,TERMINATING,13,4,17,Affine template / Affine template
ATVA2026_benchmark/TERM_LASSO/SI_ARRAYS//lasso_traces_rec_strcopy_malloc.c/lasso_trace_1.txt,UNCHECKED,2.11,4670.46,-,,13,6,19,Affine template
ATVA2026_benchmark/TERM_LASSO/SI_ARRAYS//lasso_traces_rec_strcopy_malloc_valid-memsafety.c/lasso_trace_1.txt,UNCHECKED,2.74,5821.24,-,,13,6,19,Affine template
ATVA2026_benchmark/TERM_LASSO/SI_ARRAYS//lasso_traces_rec_strlen-alloca-2.c/lasso_trace_1.txt,TERMINATING,2.09,306.27,25.00,TERMINATING,7,4,11,Affine template / Affine template
ATVA2026_benchmark/TERM_LASSO/SI_ARRAYS//lasso_traces_rec_strlen-alloca-2_valid-memsafety.c/lasso_trace_1.txt,TERMINATING,2.43,345.84,24.00,TERMINATING,7,4,11,Affine template / Affine template
ATVA2026_benchmark/TERM_LASSO/SI_ARRAYS//lasso_traces_rec_strlen-alloca_true-termination.c/lasso_trace_1.txt,TERMINATING,2.16,292.66,25.00,TERMINATING,7,4,11,Affine template / Affine template
ATVA2026_benchmark/TERM_LASSO/SI_ARRAYS//lasso_traces_rec_strlen.c/lasso_trace_1.txt,TERMINATING,2.33,305.55,26.00,TERMINATING,7,4,11,Affine template / Affine template
ATVA2026_benchmark/TERM_LASSO/SI_ARRAYS//lasso_traces_recursified_nested_1b.c/lasso_trace_1.txt,TERMINATING,2.19,226.50,30.00,TERMINATING,7,6,13,Affine template / Affine template
ATVA2026_benchmark/TERM_LASSO/SI_ARRAYS//lasso_traces_recursified_nested_1b_no-overflow.c/lasso_trace_1.txt,TERMINATING,2.44,238.47,37.00,TERMINATING,7,6,13,Affine template / Affine template
ATVA2026_benchmark/TERM_LASSO/SI_ARRAYS//lasso_traces_recursified_nested_1.c/lasso_trace_1.txt,TERMINATING,2.45,252.54,33.00,TERMINATING,7,6,13,Affine template / Affine template
ATVA2026_benchmark/TERM_LASSO/SI_ARRAYS//lasso_traces_recursified_nested_1_no-overflow.c/lasso_trace_1.txt,TERMINATING,2.38,233.71,27.00,TERMINATING,7,6,13,Affine template / Affine template
ATVA2026_benchmark/TERM_LASSO/SI_ARRAYS//lasso_traces_recursified_nested_2.c/lasso_trace_7.txt,TERMINATING,2.29,243.86,36.00,TERMINATING,7,61,68,Affine template / Affine template
ATVA2026_benchmark/TERM_LASSO/SI_ARRAYS//lasso_traces_recursified_nested_2.c/lasso_trace_8.txt,TERMINATING,1.16,230.57,39.00,TERMINATING,12,6,18,Affine template / Affine template
ATVA2026_benchmark/TERM_LASSO/SI_ARRAYS//lasso_traces_recursified_nested_2_no-overflow.c/lasso_trace_7.txt,TERMINATING,2.44,248.17,40.00,TERMINATING,7,61,68,Affine template / Affine template
ATVA2026_benchmark/TERM_LASSO/SI_ARRAYS//lasso_traces_recursified_nested_2_no-overflow.c/lasso_trace_8.txt,TERMINATING,1.31,231.48,39.00,TERMINATING,12,6,18,Affine template / Affine template
ATVA2026_benchmark/TERM_LASSO/SI_ARRAYS//lasso_traces_recursified_nested_3.c/lasso_trace_14.txt,TERMINATING,2.92,478.40,70.00,TERMINATING,20,6,26,Affine template / Affine template
ATVA2026_benchmark/TERM_LASSO/SI_ARRAYS//lasso_traces_recursified_nested_3.c/lasso_trace_15.txt,TERMINATING,2.04,398.29,91.00,TERMINATING,70,61,131,Affine template / Affine template
ATVA2026_benchmark/TERM_LASSO/SI_ARRAYS//lasso_traces_recursified_nested_3_no-overflow.c/lasso_trace_14.txt,TERMINATING,3.66,553.38,62.00,TERMINATING,20,6,26,Affine template / Affine template
ATVA2026_benchmark/TERM_LASSO/SI_ARRAYS//lasso_traces_recursified_nested_3_no-overflow.c/lasso_trace_15.txt,TERMINATING,2.78,410.14,82.00,TERMINATING,70,61,131,Affine template / Affine template
ATVA2026_benchmark/TERM_LASSO/SI_ARRAYS//lasso_traces_sanfoundry_02_true-unreach-call_ground.c/lasso_trace_1.txt,TERMINATING,2.08,302.97,52.00,TERMINATING,7,5,12,Affine template / Affine template
ATVA2026_benchmark/TERM_LASSO/SI_ARRAYS//lasso_traces_selection_nice.c/lasso_trace_1.txt,TERMINATING,2.01,119.62,15.00,TERMINATING,5,2,7,Affine template / Affine template
ATVA2026_benchmark/TERM_LASSO/SI_ARRAYS//lasso_traces_selectionSort_recursive.c/lasso_trace_1.txt,TERMINATING,2.31,106.29,19.00,TERMINATING,6,2,8,Affine template / Affine template
ATVA2026_benchmark/TERM_LASSO/SI_ARRAYS//lasso_traces_selectionSort_recursive_valid-memsafety.c/lasso_trace_1.txt,TERMINATING,7.11,142.84,14.00,TERMINATING,6,2,8,Affine template / Affine template
ATVA2026_benchmark/TERM_LASSO/SI_ARRAYS//lasso_traces_simplifiedDifficult.c/lasso_trace_1.txt,TERMINATING,2.70,1071.06,354.00,TERMINATING,8,4,12,Affine template / Affine template
ATVA2026_benchmark/TERM_LASSO/SI_ARRAYS//lasso_traces_soundness_sprintf_1.c/lasso_trace_1.txt,TERMINATING,2.18,177.63,15.00,TERMINATING,7,2,9,Affine template / Affine template
ATVA2026_benchmark/TERM_LASSO/SI_ARRAYS//lasso_traces_sqrt1-ll_valuebound20.c/lasso_trace_1.txt,TERMINATING,2.01,191.40,18.00,TERMINATING,9,16,25,Affine template / Affine template
ATVA2026_benchmark/TERM_LASSO/SI_ARRAYS//lasso_traces_standard_compare_true-unreach-call_ground.c/lasso_trace_1.txt,TERMINATING,2.98,194.61,47.00,TERMINATING,5,3,8,Affine template / Affine template
ATVA2026_benchmark/TERM_LASSO/SI_ARRAYS//lasso_traces_standard_copy7_true-unreach-call_ground.c/lasso_trace_1.txt,TERMINATING,2.77,417.68,34.00,TERMINATING,5,3,8,Affine template / Affine template
ATVA2026_benchmark/TERM_LASSO/SI_ARRAYS//lasso_traces_standard_password_true-unreach-call_ground.c/lasso_trace_1.txt,TERMINATING,2.24,219.59,48.00,TERMINATING,5,3,8,Affine template / Affine template
ATVA2026_benchmark/TERM_LASSO/SI_ARRAYS//lasso_traces_stpcpy.c/lasso_trace_1.txt,TERMINATING,2.01,248.45,74.00,TERMINATING,10,4,14,Affine template / Affine template
ATVA2026_benchmark/TERM_LASSO/SI_ARRAYS//lasso_traces_stpcpy_valid-memsafety.c/lasso_trace_1.txt,TERMINATING,4.65,362.54,80.00,TERMINATING,10,4,14,Affine template / Affine template
ATVA2026_benchmark/TERM_LASSO/SI_ARRAYS//lasso_traces_strcasecmp.c/lasso_trace_1.txt,TERMINATING,2.13,124.31,20.00,TERMINATING,6,2,8,Affine template / Affine template
ATVA2026_benchmark/TERM_LASSO/SI_ARRAYS//lasso_traces_strcasecmp.c/lasso_trace_2.txt,TERMINATING,0.93,87.27,25.00,TERMINATING,9,2,11,Affine template / Affine template
ATVA2026_benchmark/TERM_LASSO/SI_ARRAYS//lasso_traces_strcasecmp_valid-memsafety.c/lasso_trace_1.txt,TERMINATING,2.57,232.19,17.00,TERMINATING,6,2,8,Affine template / Affine template
ATVA2026_benchmark/TERM_LASSO/SI_ARRAYS//lasso_traces_strcasecmp_valid-memsafety.c/lasso_trace_2.txt,TERMINATING,0.70,89.66,26.00,TERMINATING,9,2,11,Affine template / Affine template
ATVA2026_benchmark/TERM_LASSO/SI_ARRAYS//lasso_traces_strchr-2.c/lasso_trace_2.txt,TERMINATING,0.88,142.87,466.00,TERMINATING,15,4,19,Affine template / Affine template
ATVA2026_benchmark/TERM_LASSO/SI_ARRAYS//lasso_traces_strchr-2_no-overflow.c/lasso_trace_2.txt,TERMINATING,0.96,141.20,480.00,TERMINATING,15,4,19,Affine template / Affine template
ATVA2026_benchmark/TERM_LASSO/SI_ARRAYS//lasso_traces_strchr_true-termination.c/lasso_trace_2.txt,TERMINATING,2.05,107.51,1017.00,TERMINATING,11,4,15,Affine template / Affine template
ATVA2026_benchmark/TERM_LASSO/SI_ARRAYS//lasso_traces_strcpy_01.c/lasso_trace_1.txt,TERMINATING,2.15,10862.66,411.00,TERMINATING,7,6,13,Affine template / Affine template
ATVA2026_benchmark/TERM_LASSO/SI_ARRAYS//lasso_traces_strcpy_small.c/lasso_trace_1.txt,TERMINATING,3.04,116.59,62.00,TERMINATING,10,4,14,Affine template / Affine template
ATVA2026_benchmark/TERM_LASSO/SI_ARRAYS//lasso_traces_strcpy_small_valid-memsafety.c/lasso_trace_1.txt,TERMINATING,6.78,279.05,62.00,TERMINATING,10,4,14,Affine template / Affine template
ATVA2026_benchmark/TERM_LASSO/SI_ARRAYS//lasso_traces_strcspn.c/lasso_trace_2.txt,TERMINATING,2.22,879.23,402.00,TERMINATING,11,5,16,Affine template / Affine template
ATVA2026_benchmark/TERM_LASSO/SI_ARRAYS//lasso_traces_strcspn.c/lasso_trace_3.txt,TERMINATING,0.75,16306.57,566.00,TERMINATING,13,5,18,Affine template / Affine template
ATVA2026_benchmark/TERM_LASSO/SI_ARRAYS//lasso_traces_strcspn_valid-memsafety.c/lasso_trace_2.txt,TERMINATING,5.79,921.88,397.00,TERMINATING,11,5,16,Affine template / Affine template
ATVA2026_benchmark/TERM_LASSO/SI_ARRAYS//lasso_traces_strcspn_valid-memsafety.c/lasso_trace_3.txt,TERMINATING,2.02,18821.76,539.00,TERMINATING,13,5,18,Affine template / Affine template
ATVA2026_benchmark/TERM_LASSO/SI_ARRAYS//lasso_traces_strdup.c/lasso_trace_1.txt,TERMINATING,2.15,621.14,117.00,TERMINATING,12,2,14,Affine template / Affine template
ATVA2026_benchmark/TERM_LASSO/SI_ARRAYS//lasso_traces_strdup.c/lasso_trace_3.txt,TERMINATING,0.73,299.99,512.00,TERMINATING,21,4,25,Affine template / Nested template
ATVA2026_benchmark/TERM_LASSO/SI_ARRAYS//lasso_traces_strdup_no-overflow.c/lasso_trace_1.txt,TERMINATING,6.11,815.06,125.00,TERMINATING,12,2,14,Affine template / Affine template
ATVA2026_benchmark/TERM_LASSO/SI_ARRAYS//lasso_traces_strdup_no-overflow.c/lasso_trace_3.txt,TERMINATING,1.04,382.31,566.00,TERMINATING,21,4,25,Affine template / Nested template
ATVA2026_benchmark/TERM_LASSO/SI_ARRAYS//lasso_traces_strlcat.c/lasso_trace_1.txt,TERMINATING,2.35,778.27,188.00,TERMINATING,11,2,13,Affine template / Affine template
ATVA2026_benchmark/TERM_LASSO/SI_ARRAYS//lasso_traces_strlcat.c/lasso_trace_3.txt,TERMINATING,0.77,315.82,684.00,TERMINATING,17,4,21,Affine template / Affine template
ATVA2026_benchmark/TERM_LASSO/SI_ARRAYS//lasso_traces_strlcat.c/lasso_trace_5.txt,TERMINATING,0.63,970.55,243.00,TERMINATING,22,2,24,Affine template / Affine template
ATVA2026_benchmark/TERM_LASSO/SI_ARRAYS//lasso_traces_strlcat_valid-memsafety.c/lasso_trace_1.txt,TERMINATING,2.46,856.67,209.00,TERMINATING,11,2,13,Affine template / Affine template
ATVA2026_benchmark/TERM_LASSO/SI_ARRAYS//lasso_traces_strlcat_valid-memsafety.c/lasso_trace_3.txt,TERMINATING,0.82,420.04,655.00,TERMINATING,17,4,21,Affine template / Affine template
ATVA2026_benchmark/TERM_LASSO/SI_ARRAYS//lasso_traces_strlcat_valid-memsafety.c/lasso_trace_5.txt,TERMINATING,0.89,1366.73,239.00,TERMINATING,22,2,24,Affine template / Affine template
ATVA2026_benchmark/TERM_LASSO/SI_ARRAYS//lasso_traces_strlcpy.c/lasso_trace_1.txt,TERMINATING,2.38,1076.58,201.00,TERMINATING,11,5,16,Affine template / Affine template
ATVA2026_benchmark/TERM_LASSO/SI_ARRAYS//lasso_traces_strlcpy.c/lasso_trace_3.txt,TERMINATING,0.94,233.77,61.00,TERMINATING,14,3,17,Affine template / Affine template
ATVA2026_benchmark/TERM_LASSO/SI_ARRAYS//lasso_traces_strlcpy_valid-memsafety.c/lasso_trace_1.txt,TERMINATING,4.59,1675.74,229.00,TERMINATING,11,5,16,Affine template / Affine template
ATVA2026_benchmark/TERM_LASSO/SI_ARRAYS//lasso_traces_strlcpy_valid-memsafety.c/lasso_trace_3.txt,TERMINATING,1.40,378.72,66.00,TERMINATING,14,3,17,Affine template / Affine template
ATVA2026_benchmark/TERM_LASSO/SI_ARRAYS//lasso_traces_strlen.c/lasso_trace_1.txt,TERMINATING,2.14,663.67,92.00,TERMINATING,10,2,12,Affine template / Affine template
ATVA2026_benchmark/TERM_LASSO/SI_ARRAYS//lasso_traces_strlen_valid-memsafety.c/lasso_trace_1.txt,TERMINATING,2.75,1155.07,96.00,TERMINATING,10,2,12,Affine template / Affine template
ATVA2026_benchmark/TERM_LASSO/SI_ARRAYS//lasso_traces_stroeder1-alloca-2.c/lasso_trace_1.txt,TERMINATING,2.07,183.24,15.00,TERMINATING,7,2,9,Affine template / Affine template
ATVA2026_benchmark/TERM_LASSO/SI_ARRAYS//lasso_traces_stroeder1-alloca-2_def-behavior.c/lasso_trace_1.txt,TERMINATING,3.97,254.61,15.00,TERMINATING,7,2,9,Affine template / Affine template
ATVA2026_benchmark/TERM_LASSO/SI_ARRAYS//lasso_traces_stroeder1-alloca_true-termination.c/lasso_trace_1.txt,TERMINATING,2.16,183.36,17.00,TERMINATING,7,2,9,Affine template / Affine template
ATVA2026_benchmark/TERM_LASSO/SI_ARRAYS//lasso_traces_stroeder2-alloca-2.c/lasso_trace_2.txt,TERMINATING,2.08,204.71,50.00,TERMINATING,7,4,11,Affine template / Affine template
ATVA2026_benchmark/TERM_LASSO/SI_ARRAYS//lasso_traces_stroeder2-alloca-2.c/lasso_trace_3.txt,TERMINATING,0.59,47.03,21.00,TERMINATING,8,4,12,Affine template / Affine template
ATVA2026_benchmark/TERM_LASSO/SI_ARRAYS//lasso_traces_stroeder2-alloca-2.c/lasso_trace_4.txt,TERMINATING,0.58,121.53,21.00,TERMINATING,12,4,16,Affine template / Affine template
ATVA2026_benchmark/TERM_LASSO/SI_ARRAYS//lasso_traces_stroeder2-alloca-2_def-behavior.c/lasso_trace_2.txt,TERMINATING,3.40,327.40,52.00,TERMINATING,7,4,11,Affine template / Affine template
ATVA2026_benchmark/TERM_LASSO/SI_ARRAYS//lasso_traces_stroeder2-alloca-2_def-behavior.c/lasso_trace_3.txt,TERMINATING,0.78,72.34,21.00,TERMINATING,8,4,12,Affine template / Affine template
ATVA2026_benchmark/TERM_LASSO/SI_ARRAYS//lasso_traces_stroeder2-alloca-2_def-behavior.c/lasso_trace_4.txt,TERMINATING,0.98,159.85,21.00,TERMINATING,12,4,16,Affine template / Affine template
ATVA2026_benchmark/TERM_LASSO/SI_ARRAYS//lasso_traces_stroeder2-alloca_true-termination.c/lasso_trace_2.txt,TERMINATING,2.09,205.45,51.00,TERMINATING,7,4,11,Affine template / Affine template
ATVA2026_benchmark/TERM_LASSO/SI_ARRAYS//lasso_traces_stroeder2-alloca_true-termination.c/lasso_trace_3.txt,TERMINATING,0.60,52.40,23.00,TERMINATING,8,4,12,Affine template / Affine template
ATVA2026_benchmark/TERM_LASSO/SI_ARRAYS//lasso_traces_stroeder2-alloca_true-termination.c/lasso_trace_4.txt,TERMINATING,0.52,123.64,21.00,TERMINATING,12,4,16,Affine template / Affine template
ATVA2026_benchmark/TERM_LASSO/SI_ARRAYS//lasso_traces_strpbrk.c/lasso_trace_2.txt,TERMINATING,2.38,520.65,369.00,TERMINATING,11,5,16,Affine template / Affine template
ATVA2026_benchmark/TERM_LASSO/SI_ARRAYS//lasso_traces_strpbrk_no-overflow.c/lasso_trace_2.txt,TERMINATING,2.04,566.49,352.00,TERMINATING,11,5,16,Affine template / Affine template
ATVA2026_benchmark/TERM_LASSO/SI_ARRAYS//lasso_traces_strreplace-alloca-1.c/lasso_trace_1.txt,TERMINATING,2.15,185.68,1818.00,TERMINATING,8,5,13,Affine template / Affine template
ATVA2026_benchmark/TERM_LASSO/SI_ARRAYS//lasso_traces_strreplace-alloca-1_valid-memsafety.c/lasso_trace_1.txt,TERMINATING,2.30,194.43,1785.00,TERMINATING,8,5,13,Affine template / Affine template
ATVA2026_benchmark/TERM_LASSO/SI_ARRAYS//lasso_traces_strreplace-alloca_true-termination.c/lasso_trace_1.txt,TERMINATING,2.09,189.86,1751.00,TERMINATING,8,5,13,Affine template / Affine template
ATVA2026_benchmark/TERM_LASSO/SI_ARRAYS//lasso_traces_strspn.c/lasso_trace_3.txt,TERMINATING,2.15,15214.38,437.00,TERMINATING,11,9,20,Affine template / Affine template
ATVA2026_benchmark/TERM_LASSO/SI_ARRAYS//lasso_traces_strspn.c/lasso_trace_4.txt,TERMINATING,0.75,10389.05,539.00,TERMINATING,13,5,18,Affine template / Affine template
ATVA2026_benchmark/TERM_LASSO/SI_ARRAYS//lasso_traces_strspn.c/lasso_trace_5.txt,TERMINATING,0.83,15383.14,1559.00,TERMINATING,27,5,32,Affine template / Affine template
ATVA2026_benchmark/TERM_LASSO/SI_ARRAYS//lasso_traces_strspn_valid-memsafety.c/lasso_trace_3.txt,TERMINATING,2.20,16910.64,405.00,TERMINATING,11,9,20,Affine template / Affine template
ATVA2026_benchmark/TERM_LASSO/SI_ARRAYS//lasso_traces_strspn_valid-memsafety.c/lasso_trace_4.txt,TERMINATING,0.80,11495.32,590.00,TERMINATING,13,5,18,Affine template / Affine template
ATVA2026_benchmark/TERM_LASSO/SI_ARRAYS//lasso_traces_strspn_valid-memsafety.c/lasso_trace_5.txt,TERMINATING,0.73,16842.98,1507.00,TERMINATING,27,5,32,Affine template / Affine template
ATVA2026_benchmark/TERM_LASSO/SI_ARRAYS//lasso_traces_strstr.c/lasso_trace_1.txt,TERMINATING,2.24,141.49,21.00,TERMINATING,6,2,8,Affine template / Affine template
ATVA2026_benchmark/TERM_LASSO/SI_ARRAYS//lasso_traces_strstr.c/lasso_trace_2.txt,TERMINATING,0.67,54.76,19.00,TERMINATING,9,2,11,Affine template / Affine template
ATVA2026_benchmark/TERM_LASSO/SI_ARRAYS//lasso_traces_strstr_no-overflow.c/lasso_trace_1.txt,TERMINATING,3.62,147.24,20.00,TERMINATING,6,2,8,Affine template / Affine template
ATVA2026_benchmark/TERM_LASSO/SI_ARRAYS//lasso_traces_strstr_no-overflow.c/lasso_trace_2.txt,TERMINATING,0.71,61.84,22.00,TERMINATING,9,2,11,Affine template / Affine template
ATVA2026_benchmark/TERM_LASSO/SI_ARRAYS//lasso_traces_strtok_r.c/lasso_trace_3.txt,TERMINATING,2.36,1147.05,238.00,TERMINATING,13,9,22,Affine template / Affine template
ATVA2026_benchmark/TERM_LASSO/SI_ARRAYS//lasso_traces_strtok_r.c/lasso_trace_4.txt,TERMINATING,0.86,614.91,204.00,TERMINATING,15,5,20,Affine template / Affine template
ATVA2026_benchmark/TERM_LASSO/SI_ARRAYS//lasso_traces_strtok_r.c/lasso_trace_6.txt,TERMINATING,0.89,11655.89,768.00,TERMINATING,27,5,32,Affine template / Affine template
ATVA2026_benchmark/TERM_LASSO/SI_ARRAYS//lasso_traces_strtok_r_valid-memsafety.c/lasso_trace_3.txt,TERMINATING,2.32,1200.34,235.00,TERMINATING,13,9,22,Affine template / Affine template
ATVA2026_benchmark/TERM_LASSO/SI_ARRAYS//lasso_traces_strtok_r_valid-memsafety.c/lasso_trace_4.txt,TERMINATING,0.88,635.82,201.00,TERMINATING,15,5,20,Affine template / Affine template
ATVA2026_benchmark/TERM_LASSO/SI_ARRAYS//lasso_traces_strtok_r_valid-memsafety.c/lasso_trace_6.txt,TERMINATING,1.61,12820.67,737.00,TERMINATING,27,5,32,Affine template / Affine template
ATVA2026_benchmark/TERM_LASSO/SI_ARRAYS//lasso_traces_strtol.c/lasso_trace_1.txt,TERMINATING,2.33,90.84,17.00,TERMINATING,6,2,8,Affine template / Affine template
ATVA2026_benchmark/TERM_LASSO/SI_ARRAYS//lasso_traces_strtol_no-overflow.c/lasso_trace_1.txt,TERMINATING,2.14,103.81,26.00,TERMINATING,6,2,8,Affine template / Affine template
ATVA2026_benchmark/TERM_LASSO/SI_ARRAYS//lasso_traces_strtoul.c/lasso_trace_1.txt,TERMINATING,1.99,190.28,20.00,TERMINATING,6,2,8,Affine template / Affine template
ATVA2026_benchmark/TERM_LASSO/SI_ARRAYS//lasso_traces_strtoull.c/lasso_trace_1.txt,TERMINATING,2.14,178.92,25.00,TERMINATING,6,2,8,Affine template / Affine template
ATVA2026_benchmark/TERM_LASSO/SI_ARRAYS//lasso_traces_strtoull_no-overflow.c/lasso_trace_1.txt,TERMINATING,2.14,192.76,18.00,TERMINATING,6,2,8,Affine template / Affine template
ATVA2026_benchmark/TERM_LASSO/SI_ARRAYS//lasso_traces_strtoul_no-overflow.c/lasso_trace_1.txt,TERMINATING,2.16,187.79,17.00,TERMINATING,6,2,8,Affine template / Affine template
ATVA2026_benchmark/TERM_LASSO/SI_ARRAYS//lasso_traces_subseq-alloca-1.c/lasso_trace_2.txt,TERMINATING,2.37,2314.04,9861.00,TERMINATING,9,6,15,Affine template / Affine template
ATVA2026_benchmark/TERM_LASSO/SI_ARRAYS//lasso_traces_subseq-alloca-1_valid-memsafety.c/lasso_trace_2.txt,TERMINATING,2.79,3044.72,10549.00,TERMINATING,9,6,15,Affine template / Affine template
ATVA2026_benchmark/TERM_LASSO/SI_ARRAYS//lasso_traces_subseq-alloca_true-termination.c/lasso_trace_2.txt,TERMINATING,2.30,2233.24,10113.00,TERMINATING,9,6,15,Affine template / Affine template
ATVA2026_benchmark/TERM_LASSO/SI_ARRAYS//lasso_traces_substring-alloca-1.c/lasso_trace_3.txt,TERMINATING,2.37,293.03,1952.00,TERMINATING,9,9,18,Affine template / Affine template
ATVA2026_benchmark/TERM_LASSO/SI_ARRAYS//lasso_traces_substring-alloca-1.c/lasso_trace_4.txt,TERMINATING,0.94,3664.68,4296.00,TERMINATING,11,5,16,Affine template / Affine template
ATVA2026_benchmark/TERM_LASSO/SI_ARRAYS//lasso_traces_substring-alloca-1_valid-memsafety.c/lasso_trace_3.txt,TERMINATING,5.51,318.46,1967.00,TERMINATING,9,9,18,Affine template / Affine template
ATVA2026_benchmark/TERM_LASSO/SI_ARRAYS//lasso_traces_substring-alloca-1_valid-memsafety.c/lasso_trace_4.txt,TERMINATING,1.28,6215.19,4184.00,TERMINATING,11,5,16,Affine template / Affine template
ATVA2026_benchmark/TERM_LASSO/SI_ARRAYS//lasso_traces_substring-alloca_true-termination.c/lasso_trace_3.txt,TERMINATING,2.37,282.57,1953.00,TERMINATING,9,9,18,Affine template / Affine template
ATVA2026_benchmark/TERM_LASSO/SI_ARRAYS//lasso_traces_substring-alloca_true-termination.c/lasso_trace_4.txt,TERMINATING,0.96,3710.06,4413.00,TERMINATING,11,5,16,Affine template / Affine template
ATVA2026_benchmark/TERM_LASSO/SI_ARRAYS//lasso_traces_svcomp_a.01-alloca.c/lasso_trace_3.txt,TERMINATING,2.37,290.72,50.00,TERMINATING,10,15,25,Affine template / Affine template
ATVA2026_benchmark/TERM_LASSO/SI_ARRAYS//lasso_traces_svcomp_a.04-alloca.c/lasso_trace_1.txt,TERMINATING,2.51,230.65,45.00,TERMINATING,10,7,17,Affine template / Affine template
ATVA2026_benchmark/TERM_LASSO/SI_ARRAYS//lasso_traces_svcomp_a.05-alloca.c/lasso_trace_1.txt,TERMINATING,2.63,219.95,46.00,TERMINATING,10,7,17,Affine template / Affine template
ATVA2026_benchmark/TERM_LASSO/SI_ARRAYS//lasso_traces_svcomp_a.06-alloca.c/lasso_trace_1.txt,TERMINATING,2.95,340.65,67.00,TERMINATING,11,10,21,Affine template / Affine template
ATVA2026_benchmark/TERM_LASSO/SI_ARRAYS//lasso_traces_svcomp_a.07-alloca.c/lasso_trace_2.txt,TERMINATING,2.78,281.54,58.00,TERMINATING,11,12,23,Affine template / Affine template
ATVA2026_benchmark/TERM_LASSO/SI_ARRAYS//lasso_traces_svcomp_a.08-alloca.c/lasso_trace_1.txt,TERMINATING,2.78,200.86,49.00,TERMINATING,10,9,19,Affine template / Affine template
ATVA2026_benchmark/TERM_LASSO/SI_ARRAYS//lasso_traces_svcomp_a.09_assume-alloca.c/lasso_trace_1.txt,TERMINATING,2.46,347.30,54.00,TERMINATING,12,8,20,Affine template / Affine template
ATVA2026_benchmark/TERM_LASSO/SI_ARRAYS//lasso_traces_svcomp_a.10-alloca.c/lasso_trace_1.txt,TERMINATING,2.84,352.12,46.00,TERMINATING,10,10,20,Affine template / Affine template
ATVA2026_benchmark/TERM_LASSO/SI_ARRAYS//lasso_traces_svcomp_a.10-alloca.c/lasso_trace_2.txt,TERMINATING,1.48,209.52,55.00,TERMINATING,16,10,26,Affine template / Affine template
ATVA2026_benchmark/TERM_LASSO/SI_ARRAYS//lasso_traces_svcomp_add_last_alloca.c/lasso_trace_1.txt,TERMINATING,2.03,911.01,192.00,TERMINATING,6,6,12,Affine template / Affine template
ATVA2026_benchmark/TERM_LASSO/SI_ARRAYS//lasso_traces_svcomp_array01_alloca.c/lasso_trace_2.txt,TERMINATING,2.10,147.46,17.00,TERMINATING,7,4,11,Affine template / Affine template
ATVA2026_benchmark/TERM_LASSO/SI_ARRAYS//lasso_traces_svcomp_array01_alloca.c/lasso_trace_3.txt,TERMINATING,0.54,62.64,14.00,TERMINATING,8,4,12,Affine template / Affine template
ATVA2026_benchmark/TERM_LASSO/SI_ARRAYS//lasso_traces_svcomp_array01_alloca.c/lasso_trace_4.txt,TERMINATING,0.58,89.86,20.00,TERMINATING,12,4,16,Affine template / Affine template
ATVA2026_benchmark/TERM_LASSO/SI_ARRAYS//lasso_traces_svcomp_array02_alloca.c/lasso_trace_2.txt,TERMINATING,1.80,117.10,14.00,TERMINATING,7,6,13,Affine template / Affine template
ATVA2026_benchmark/TERM_LASSO/SI_ARRAYS//lasso_traces_svcomp_array02_alloca.c/lasso_trace_3.txt,TERMINATING,0.58,106.63,19.00,TERMINATING,8,4,12,Affine template / Affine template
ATVA2026_benchmark/TERM_LASSO/SI_ARRAYS//lasso_traces_svcomp_array02_alloca.c/lasso_trace_4.txt,TERMINATING,0.57,106.72,19.00,TERMINATING,10,4,14,Affine template / Affine template
ATVA2026_benchmark/TERM_LASSO/SI_ARRAYS//lasso_traces_svcomp_array02_alloca.c/lasso_trace_5.txt,TERMINATING,0.59,193.48,16.00,TERMINATING,14,4,18,Affine template / Affine template
ATVA2026_benchmark/TERM_LASSO/SI_ARRAYS//lasso_traces_svcomp_array02_alloca.c/lasso_trace_6.txt,TERMINATING,0.51,118.50,19.00,TERMINATING,16,4,20,Affine template / Affine template
ATVA2026_benchmark/TERM_LASSO/SI_ARRAYS//lasso_traces_svcomp_array02_alloca.c/lasso_trace_7.txt,TERMINATING,0.61,240.01,22.00,TERMINATING,22,4,26,Affine template / Affine template
ATVA2026_benchmark/TERM_LASSO/SI_ARRAYS//lasso_traces_svcomp_array03_alloca.c/lasso_trace_2.txt,TERMINATING,1.82,186.08,20.00,TERMINATING,7,6,13,Affine template / Affine template
ATVA2026_benchmark/TERM_LASSO/SI_ARRAYS//lasso_traces_svcomp_array03_alloca.c/lasso_trace_4.txt,TERMINATING,0.74,208.75,24.00,TERMINATING,11,5,16,Affine template / Affine template
ATVA2026_benchmark/TERM_LASSO/SI_ARRAYS//lasso_traces_svcomp_array03_alloca.c/lasso_trace_5.txt,TERMINATING,0.60,125.34,32.00,TERMINATING,17,5,22,Affine template / Affine template
ATVA2026_benchmark/TERM_LASSO/SI_ARRAYS//lasso_traces_svcomp_array03_alloca.c/lasso_trace_6.txt,TERMINATING,0.65,82.72,22.00,TERMINATING,18,5,23,Affine template / Affine template
ATVA2026_benchmark/TERM_LASSO/SI_ARRAYS//lasso_traces_svcomp_Avery-2006FLOPS-Tabel1_true-alloca.c/lasso_trace_2.txt,TERMINATING,2.55,399.04,41.00,TERMINATING,16,6,22,Affine template / Affine template
ATVA2026_benchmark/TERM_LASSO/SI_ARRAYS//lasso_traces_svcomp_aviad_true-alloca.c/lasso_trace_1.txt,TERMINATING,2.99,304.80,48.00,TERMINATING,10,10,20,Affine template / Affine template
ATVA2026_benchmark/TERM_LASSO/SI_ARRAYS//lasso_traces_svcomp_b.01-alloca.c/lasso_trace_1.txt,TERMINATING,2.66,240.09,53.00,TERMINATING,10,7,17,Affine template / Affine template
ATVA2026_benchmark/TERM_LASSO/SI_ARRAYS//lasso_traces_svcomp_b.02-alloca.c/lasso_trace_1.txt,TERMINATING,2.71,192.18,61.00,TERMINATING,10,9,19,Affine template / Affine template
ATVA2026_benchmark/TERM_LASSO/SI_ARRAYS//lasso_traces_svcomp_b.03_assume-alloca.c/lasso_trace_1.txt,TERMINATING,2.41,156.77,35.00,TERMINATING,11,8,19,Affine template / Affine template
ATVA2026_benchmark/TERM_LASSO/SI_ARRAYS//lasso_traces_svcomp_b.03-no-inv_assume-alloca.c/lasso_trace_1.txt,TERMINATING,2.37,242.06,39.00,TERMINATING,11,6,17,Affine template / Affine template
ATVA2026_benchmark/TERM_LASSO/SI_ARRAYS//lasso_traces_svcomp_b.04-alloca.c/lasso_trace_1.txt,TERMINATING,2.53,349.16,40.00,TERMINATING,10,9,19,Affine template / Affine template
ATVA2026_benchmark/TERM_LASSO/SI_ARRAYS//lasso_traces_svcomp_b.05-alloca.c/lasso_trace_2.txt,TERMINATING,3.56,188.34,35.00,TERMINATING,10,7,17,Affine template / Affine template
ATVA2026_benchmark/TERM_LASSO/SI_ARRAYS//lasso_traces_svcomp_b.06-alloca.c/lasso_trace_2.txt,TERMINATING,2.74,207.94,35.00,TERMINATING,10,10,20,Affine template / Affine template
ATVA2026_benchmark/TERM_LASSO/SI_ARRAYS//lasso_traces_svcomp_b.07-alloca.c/lasso_trace_2.txt,TERMINATING,2.99,309.91,59.00,TERMINATING,11,12,23,Affine template / Affine template
ATVA2026_benchmark/TERM_LASSO/SI_ARRAYS//lasso_traces_svcomp_b.09_assume-alloca.c/lasso_trace_2.txt,TERMINATING,2.42,293.55,103.00,TERMINATING,14,9,23,Affine template / Affine template
ATVA2026_benchmark/TERM_LASSO/SI_ARRAYS//lasso_traces_svcomp_b.09_assume-alloca.c/lasso_trace_3.txt,TERMINATING,1.41,199.44,38.00,TERMINATING,19,11,30,Affine template / Affine template
ATVA2026_benchmark/TERM_LASSO/SI_ARRAYS//lasso_traces_svcomp_b.09-no-inv_assume-alloca.c/lasso_trace_2.txt,TERMINATING,2.58,428.25,85.00,TERMINATING,14,9,23,Affine template / Affine template
ATVA2026_benchmark/TERM_LASSO/SI_ARRAYS//lasso_traces_svcomp_b.09-no-inv_assume-alloca.c/lasso_trace_3.txt,TERMINATING,1.47,177.97,99.00,TERMINATING,19,9,28,Affine template / Affine template
ATVA2026_benchmark/TERM_LASSO/SI_ARRAYS//lasso_traces_svcomp_b.10-alloca.c/lasso_trace_2.txt,TERMINATING,2.66,256.99,54.00,TERMINATING,10,9,19,Affine template / Affine template
ATVA2026_benchmark/TERM_LASSO/SI_ARRAYS//lasso_traces_svcomp_b.10-alloca.c/lasso_trace_3.txt,TERMINATING,1.42,121.92,51.00,TERMINATING,15,11,26,Affine template / Affine template
ATVA2026_benchmark/TERM_LASSO/SI_ARRAYS//lasso_traces_svcomp_b.11-alloca.c/lasso_trace_1.txt,TERMINATING,2.71,243.51,45.00,TERMINATING,10,10,20,Affine template / Affine template
ATVA2026_benchmark/TERM_LASSO/SI_ARRAYS//lasso_traces_svcomp_b.11-alloca.c/lasso_trace_2.txt,TERMINATING,1.29,171.16,43.00,TERMINATING,16,13,29,Affine template / Affine template
ATVA2026_benchmark/TERM_LASSO/SI_ARRAYS//lasso_traces_svcomp_b.11-alloca.c/lasso_trace_3.txt,TERMINATING,1.63,198.07,42.00,TERMINATING,19,13,32,Affine template / Affine template
ATVA2026_benchmark/TERM_LASSO/SI_ARRAYS//lasso_traces_svcomp_b.12-alloca.c/lasso_trace_1.txt,TERMINATING,2.53,350.79,34.00,TERMINATING,10,9,19,Affine template / Affine template
ATVA2026_benchmark/TERM_LASSO/SI_ARRAYS//lasso_traces_svcomp_b.12-alloca.c/lasso_trace_5.txt,TERMINATING,1.64,279.59,38.00,TERMINATING,12,12,24,Affine template / Affine template
ATVA2026_benchmark/TERM_LASSO/SI_ARRAYS//lasso_traces_svcomp_b.13-alloca.c/lasso_trace_1.txt,TERMINATING,2.95,528.18,65.00,TERMINATING,11,11,22,Affine template / Affine template
ATVA2026_benchmark/TERM_LASSO/SI_ARRAYS//lasso_traces_svcomp_b.13-alloca.c/lasso_trace_5.txt,TERMINATING,1.60,447.87,68.00,TERMINATING,14,16,30,Affine template / Affine template
ATVA2026_benchmark/TERM_LASSO/SI_ARRAYS//lasso_traces_svcomp_b.14-alloca.c/lasso_trace_4.txt,TERMINATING,2.68,134.38,38.00,TERMINATING,10,15,25,Affine template / Affine template
ATVA2026_benchmark/TERM_LASSO/SI_ARRAYS//lasso_traces_svcomp_b.14-alloca.c/lasso_trace_5.txt,TERMINATING,1.44,165.62,51.00,TERMINATING,15,8,23,Affine template / Affine template
ATVA2026_benchmark/TERM_LASSO/SI_ARRAYS//lasso_traces_svcomp_b.15-alloca.c/lasso_trace_4.txt,TERMINATING,2.99,184.35,67.00,TERMINATING,11,18,29,Affine template / Affine template
ATVA2026_benchmark/TERM_LASSO/SI_ARRAYS//lasso_traces_svcomp_b.15-alloca.c/lasso_trace_6.txt,TERMINATING,1.91,191.09,65.00,TERMINATING,17,9,26,Affine template / Affine template
ATVA2026_benchmark/TERM_LASSO/SI_ARRAYS//lasso_traces_svcomp_b.16-alloca.c/lasso_trace_2.txt,TERMINATING,2.67,418.47,37.00,TERMINATING,10,8,18,Affine template / Affine template
ATVA2026_benchmark/TERM_LASSO/SI_ARRAYS//lasso_traces_svcomp_b.16-alloca.c/lasso_trace_3.txt,TERMINATING,1.12,294.22,46.00,TERMINATING,14,6,20,Affine template / Affine template
ATVA2026_benchmark/TERM_LASSO/SI_ARRAYS//lasso_traces_svcomp_b.17-alloca.c/lasso_trace_2.txt,TERMINATING,2.93,307.88,67.00,TERMINATING,11,10,21,Affine template / Affine template
ATVA2026_benchmark/TERM_LASSO/SI_ARRAYS//lasso_traces_svcomp_b.17-alloca.c/lasso_trace_3.txt,TERMINATING,1.96,277.70,49.00,TERMINATING,17,7,24,Affine template / Affine template
ATVA2026_benchmark/TERM_LASSO/SI_ARRAYS//lasso_traces_svcomp_b.18-alloca.c/lasso_trace_5.txt,TERMINATING,2.38,234.89,31.00,TERMINATING,9,13,22,Affine template / Affine template
ATVA2026_benchmark/TERM_LASSO/SI_ARRAYS//lasso_traces_svcomp_b.18-alloca.c/lasso_trace_6.txt,TERMINATING,0.73,293.68,48.00,TERMINATING,10,17,27,Affine template / Affine template
ATVA2026_benchmark/TERM_LASSO/SI_ARRAYS//lasso_traces_svcomp_b.18-alloca.c/lasso_trace_7.txt,TERMINATING,0.49,241.09,25.00,TERMINATING,16,4,20,Affine template / Affine template
ATVA2026_benchmark/TERM_LASSO/SI_ARRAYS//lasso_traces_svcomp_b.18-alloca.c/lasso_trace_8.txt,TERMINATING,0.71,217.00,23.00,TERMINATING,16,4,20,Affine template / Affine template
ATVA2026_benchmark/TERM_LASSO/SI_ARRAYS//lasso_traces_svcomp_Ben-Amram-2010LMCS-Ex2.3_true-alloca.c/lasso_trace_2.txt,TERMINATING,2.49,302.12,52.00,TERMINATING,8,15,23,Affine template / Affine template
ATVA2026_benchmark/TERM_LASSO/SI_ARRAYS//lasso_traces_svcomp_Ben-Amram-2010LMCS-Ex2.3_true-alloca.c/lasso_trace_3.txt,TERMINATING,1.55,374.17,53.00,TERMINATING,18,15,33,Affine template / Affine template
ATVA2026_benchmark/TERM_LASSO/SI_ARRAYS//lasso_traces_svcomp_BradleyMannaSipma-2005CAV-Fig1_true-alloca.c/lasso_trace_4.txt,TERMINATING,2.18,116.95,40.00,TERMINATING,21,6,27,Affine template / Affine template
ATVA2026_benchmark/TERM_LASSO/SI_ARRAYS//lasso_traces_svcomp_BrockschmidtCookFuhs-2013CAV-Fig1_true-alloca.c/lasso_trace_11.txt,TERMINATING,1.50,69.96,54.00,TERMINATING,25,24,49,Affine template / Affine template
ATVA2026_benchmark/TERM_LASSO/SI_ARRAYS//lasso_traces_svcomp_BrockschmidtCookFuhs-2013CAV-Fig1_true-alloca.c/lasso_trace_14.txt,TERMINATING,1.69,133.09,46.00,TERMINATING,30,29,59,Affine template / Affine template
ATVA2026_benchmark/TERM_LASSO/SI_ARRAYS//lasso_traces_svcomp_BrockschmidtCookFuhs-2013CAV-Fig1_true-alloca.c/lasso_trace_17.txt,TERMINATING,1.47,274.63,49.00,TERMINATING,35,34,69,Affine template / Affine template
ATVA2026_benchmark/TERM_LASSO/SI_ARRAYS//lasso_traces_svcomp_BrockschmidtCookFuhs-2013CAV-Fig1_true-alloca.c/lasso_trace_2.txt,TERMINATING,2.25,161.94,37.00,TERMINATING,5,9,14,Affine template / Affine template
ATVA2026_benchmark/TERM_LASSO/SI_ARRAYS//lasso_traces_svcomp_BrockschmidtCookFuhs-2013CAV-Fig1_true-alloca.c/lasso_trace_20.txt,TERMINATING,1.37,341.23,54.00,TERMINATING,40,39,79,Affine template / Affine template
ATVA2026_benchmark/TERM_LASSO/SI_ARRAYS//lasso_traces_svcomp_BrockschmidtCookFuhs-2013CAV-Fig1_true-alloca.c/lasso_trace_23.txt,TERMINATING,1.36,46.91,52.00,TERMINATING,45,44,89,Affine template / Affine template
ATVA2026_benchmark/TERM_LASSO/SI_ARRAYS//lasso_traces_svcomp_BrockschmidtCookFuhs-2013CAV-Fig1_true-alloca.c/lasso_trace_26.txt,TERMINATING,1.58,248.43,48.00,TERMINATING,50,49,99,Affine template / Affine template
ATVA2026_benchmark/TERM_LASSO/SI_ARRAYS//lasso_traces_svcomp_BrockschmidtCookFuhs-2013CAV-Fig1_true-alloca.c/lasso_trace_29.txt,TERMINATING,1.37,329.61,39.00,TERMINATING,55,54,109,Affine template / Affine template
ATVA2026_benchmark/TERM_LASSO/SI_ARRAYS//lasso_traces_svcomp_BrockschmidtCookFuhs-2013CAV-Fig1_true-alloca.c/lasso_trace_3.txt,TERMINATING,1.25,294.09,33.00,TERMINATING,12,5,17,Affine template / Affine template
ATVA2026_benchmark/TERM_LASSO/SI_ARRAYS//lasso_traces_svcomp_BrockschmidtCookFuhs-2013CAV-Fig1_true-alloca.c/lasso_trace_32.txt,TERMINATING,1.71,84.42,41.00,TERMINATING,60,59,119,Affine template / Affine template
ATVA2026_benchmark/TERM_LASSO/SI_ARRAYS//lasso_traces_svcomp_BrockschmidtCookFuhs-2013CAV-Fig1_true-alloca.c/lasso_trace_5.txt,TERMINATING,1.37,75.95,53.00,TERMINATING,15,14,29,Affine template / Affine template
ATVA2026_benchmark/TERM_LASSO/SI_ARRAYS//lasso_traces_svcomp_BrockschmidtCookFuhs-2013CAV-Fig1_true-alloca.c/lasso_trace_8.txt,TERMINATING,1.47,312.74,55.00,TERMINATING,20,19,39,Affine template / Affine template
ATVA2026_benchmark/TERM_LASSO/SI_ARRAYS//lasso_traces_svcomp_BrockschmidtCookFuhs-2013CAV-Introduction_true-alloca.c/lasso_trace_1.txt,TERMINATING,2.92,266.88,32.00,TERMINATING,6,7,13,Affine template / Affine template
ATVA2026_benchmark/TERM_LASSO/SI_ARRAYS//lasso_traces_svcomp_bubblesort_alloca.c/lasso_trace_1.txt,TERMINATING,1.66,160.18,9.00,TERMINATING,7,2,9,Affine template / Affine template
ATVA2026_benchmark/TERM_LASSO/SI_ARRAYS//lasso_traces_svcomp_bubblesort_alloca.c/lasso_trace_2.txt,TERMINATING,0.64,191.55,16.00,TERMINATING,8,5,13,Affine template / Affine template
ATVA2026_benchmark/TERM_LASSO/SI_ARRAYS//lasso_traces_svcomp_bubble_sort_unsafe.c/lasso_trace_2.txt,TERMINATING,0.66,128.43,38.00,TERMINATING,8,5,13,Affine template / Affine template
ATVA2026_benchmark/TERM_LASSO/SI_ARRAYS//lasso_traces_svcomp_bubblesort_unsafe.c/lasso_trace_2.txt,TERMINATING,0.48,141.35,28.00,TERMINATING,8,5,13,Affine template / Affine template
ATVA2026_benchmark/TERM_LASSO/SI_ARRAYS//lasso_traces_svcomp_c.01_assume-alloca.c/lasso_trace_2.txt,TERMINATING,2.56,186.13,41.00,TERMINATING,9,8,17,Affine template / Affine template
ATVA2026_benchmark/TERM_LASSO/SI_ARRAYS//lasso_traces_svcomp_c.01_assume-alloca.c/lasso_trace_3.txt,TERMINATING,1.07,185.27,31.00,TERMINATING,12,7,19,Affine template / Affine template
ATVA2026_benchmark/TERM_LASSO/SI_ARRAYS//lasso_traces_svcomp_c.01-no-inv-alloca.c/lasso_trace_2.txt,TERMINATING,2.62,258.68,38.00,TERMINATING,10,8,18,Affine template / Affine template
ATVA2026_benchmark/TERM_LASSO/SI_ARRAYS//lasso_traces_svcomp_c.03-alloca.c/lasso_trace_1.txt,TERMINATING,3.00,188.19,55.00,TERMINATING,11,10,21,Affine template / Affine template
ATVA2026_benchmark/TERM_LASSO/SI_ARRAYS//lasso_traces_svcomp_c.03-alloca.c/lasso_trace_2.txt,TERMINATING,1.71,65.13,65.00,TERMINATING,17,10,27,Affine template / Affine template
ATVA2026_benchmark/TERM_LASSO/SI_ARRAYS//lasso_traces_svcomp_c.07-alloca.c/lasso_trace_2.txt,TERMINATING,3.12,401.24,71.00,TERMINATING,12,14,26,Affine template / Affine template
ATVA2026_benchmark/TERM_LASSO/SI_ARRAYS//lasso_traces_svcomp_c.08-alloca.c/lasso_trace_2.txt,TERMINATING,2.58,244.40,40.00,TERMINATING,10,8,18,Affine template / Affine template
ATVA2026_benchmark/TERM_LASSO/SI_ARRAYS//lasso_traces_svcomp_ChenFlurMukhopadhyay-2012SAS-Fig1_true-alloca.c/lasso_trace_1.txt,TERMINATING,2.52,1188.76,80.00,TERMINATING,8,9,17,2 template / Nested template
ATVA2026_benchmark/TERM_LASSO/SI_ARRAYS//lasso_traces_svcomp_CookSeeZuleger-2013TACAS-Fig3_true-alloca.c/lasso_trace_2.txt,TERMINATING,3.89,36.25,28.00,TERMINATING,5,7,12,Affine template / Affine template
ATVA2026_benchmark/TERM_LASSO/SI_ARRAYS//lasso_traces_svcomp_CookSeeZuleger-2013TACAS-Fig3_true-alloca.c/lasso_trace_3.txt,TERMINATING,1.17,263.24,47.00,TERMINATING,10,8,18,Affine template / Affine template
ATVA2026_benchmark/TERM_LASSO/SI_ARRAYS//lasso_traces_svcomp_CookSeeZuleger-2013TACAS-Fig3_true-alloca.c/lasso_trace_4.txt,TERMINATING,0.75,103.31,37.00,TERMINATING,18,7,25,Affine template / Affine template
ATVA2026_benchmark/TERM_LASSO/SI_ARRAYS//lasso_traces_svcomp_CookSeeZuleger-2013TACAS-Fig3_true-alloca.c/lasso_trace_5.txt,TERMINATING,0.64,182.84,28.00,TERMINATING,25,7,32,Affine template / Affine template
ATVA2026_benchmark/TERM_LASSO/SI_ARRAYS//lasso_traces_svcomp_CookSeeZuleger-2013TACAS-Fig7a_true-alloca.c/lasso_trace_2.txt,TERMINATING,2.55,160.11,39.00,TERMINATING,5,11,16,Affine template / Affine template
ATVA2026_benchmark/TERM_LASSO/SI_ARRAYS//lasso_traces_svcomp_CookSeeZuleger-2013TACAS-Fig7a_true-alloca.c/lasso_trace_3.txt,TERMINATING,1.53,137.51,53.00,TERMINATING,13,13,26,Affine template / Affine template
ATVA2026_benchmark/TERM_LASSO/SI_ARRAYS//lasso_traces_svcomp_CookSeeZuleger-2013TACAS-Fig7a_true-alloca.c/lasso_trace_4.txt,TERMINATING,1.53,333.13,50.00,TERMINATING,26,11,37,Affine template / Affine template
ATVA2026_benchmark/TERM_LASSO/SI_ARRAYS//lasso_traces_svcomp_CookSeeZuleger-2013TACAS-Fig7b_true-alloca.c/lasso_trace_2.txt,TERMINATING,2.65,53.91,40.00,TERMINATING,5,10,15,Affine template / Affine template
ATVA2026_benchmark/TERM_LASSO/SI_ARRAYS//lasso_traces_svcomp_CookSeeZuleger-2013TACAS-Fig7b_true-alloca.c/lasso_trace_3.txt,TERMINATING,1.40,269.01,74.00,TERMINATING,13,12,25,Affine template / Affine template
ATVA2026_benchmark/TERM_LASSO/SI_ARRAYS//lasso_traces_svcomp_CookSeeZuleger-2013TACAS-Fig7b_true-alloca.c/lasso_trace_4.txt,TERMINATING,1.26,254.02,49.00,TERMINATING,14,12,26,Affine template / Affine template
ATVA2026_benchmark/TERM_LASSO/SI_ARRAYS//lasso_traces_svcomp_CookSeeZuleger-2013TACAS-Fig7b_true-alloca.c/lasso_trace_5.txt,TERMINATING,0.83,230.36,49.00,TERMINATING,25,10,35,Affine template / Affine template
ATVA2026_benchmark/TERM_LASSO/SI_ARRAYS//lasso_traces_svcomp_CookSeeZuleger-2013TACAS-Fig7b_true-alloca.c/lasso_trace_6.txt,TERMINATING,1.26,356.93,38.00,TERMINATING,26,12,38,Affine template / Affine template
ATVA2026_benchmark/TERM_LASSO/SI_ARRAYS//lasso_traces_svcomp_CookSeeZuleger-2013TACAS-Fig7b_true-alloca.c/lasso_trace_7.txt,TERMINATING,1.64,29.46,74.00,TERMINATING,35,12,47,Affine template / Affine template
ATVA2026_benchmark/TERM_LASSO/SI_ARRAYS//lasso_traces_svcomp_count_down_alloca.c/lasso_trace_1.txt,TERMINATING,2.40,167.10,19.00,TERMINATING,6,2,8,Affine template / Affine template
ATVA2026_benchmark/TERM_LASSO/SI_ARRAYS//lasso_traces_svcomp_count_down_alloca.c/lasso_trace_4.txt,TERMINATING,0.69,228.19,64.00,TERMINATING,9,4,13,Affine template / Affine template
ATVA2026_benchmark/TERM_LASSO/SI_ARRAYS//lasso_traces_svcomp_count_down_alloca.c/lasso_trace_5.txt,TERMINATING,0.59,122.87,15.00,TERMINATING,10,4,14,Affine template / Affine template
ATVA2026_benchmark/TERM_LASSO/SI_ARRAYS//lasso_traces_svcomp_count_down_unsafe.c/lasso_trace_1.txt,TERMINATING,3.93,158.09,19.00,TERMINATING,6,2,8,Affine template / Affine template
ATVA2026_benchmark/TERM_LASSO/SI_ARRAYS//lasso_traces_svcomp_cstrchr_true_alloca.c/lasso_trace_2.txt,TERMINATING,2.26,342.64,408.00,TERMINATING,8,4,12,Affine template / Affine template
ATVA2026_benchmark/TERM_LASSO/SI_ARRAYS//lasso_traces_svcomp_cstrchr_unsafe.c/lasso_trace_2.txt,TERMINATING,2.22,312.47,492.00,TERMINATING,11,4,15,Affine template / Affine template
ATVA2026_benchmark/TERM_LASSO/SI_ARRAYS//lasso_traces_svcomp_cstrcmp_true_alloca.c/lasso_trace_2.txt,TERMINATING,0.81,314.74,271.00,TERMINATING,14,5,19,Affine template / Affine template
ATVA2026_benchmark/TERM_LASSO/SI_ARRAYS//lasso_traces_svcomp_cstrcspn_true_alloca.c/lasso_trace_2.txt,TERMINATING,2.25,375.36,73.00,TERMINATING,9,8,17,Affine template / Affine template
ATVA2026_benchmark/TERM_LASSO/SI_ARRAYS//lasso_traces_svcomp_cstrcspn_true_alloca.c/lasso_trace_4.txt,TERMINATING,1.01,443.34,4709.00,TERMINATING,16,4,20,Affine template / Affine template
ATVA2026_benchmark/TERM_LASSO/SI_ARRAYS//lasso_traces_svcomp_cstrcspn_true-termination.c/lasso_trace_2.txt,TERMINATING,2.06,719.33,12671.00,TERMINATING,14,8,22,Affine template / Affine template
ATVA2026_benchmark/TERM_LASSO/SI_ARRAYS//lasso_traces_svcomp_cstrcspn_true-termination.c/lasso_trace_4.txt,TERMINATING,0.85,215.85,6109.00,TERMINATING,21,4,25,Affine template / Affine template
ATVA2026_benchmark/TERM_LASSO/SI_ARRAYS//lasso_traces_svcomp_cstrlen_true_alloca.c/lasso_trace_1.txt,TERMINATING,2.00,236.45,36.00,TERMINATING,8,2,10,Affine template / Affine template
ATVA2026_benchmark/TERM_LASSO/SI_ARRAYS//lasso_traces_svcomp_cstrlen_true-termination.c/lasso_trace_1.txt,TERMINATING,2.00,589.49,106.00,TERMINATING,10,2,12,Affine template / Affine template
ATVA2026_benchmark/TERM_LASSO/SI_ARRAYS//lasso_traces_svcomp_cstrlen_unsafe.c/lasso_trace_1.txt,TERMINATING,2.69,1721.18,145.00,TERMINATING,10,2,12,Affine template / Affine template
ATVA2026_benchmark/TERM_LASSO/SI_ARRAYS//lasso_traces_svcomp_cstrncat_alloca.c/lasso_trace_1.txt,TERMINATING,2.40,246.23,60.00,TERMINATING,10,2,12,Affine template / Affine template
ATVA2026_benchmark/TERM_LASSO/SI_ARRAYS//lasso_traces_svcomp_cstrncmp_true_alloca.c/lasso_trace_3.txt,TERMINATING,2.41,102.79,347.00,TERMINATING,10,8,18,Affine template / Affine template
ATVA2026_benchmark/TERM_LASSO/SI_ARRAYS//lasso_traces_svcomp_cstrncmp_true-termination.c/lasso_trace_3.txt,TERMINATING,1.93,92.53,3371.00,TERMINATING,16,8,24,Affine template / Affine template
ATVA2026_benchmark/TERM_LASSO/SI_ARRAYS//lasso_traces_svcomp_cstrncpy_alloca.c/lasso_trace_1.txt,TERMINATING,2.41,83.95,65.00,TERMINATING,8,4,12,Affine template / Affine template
ATVA2026_benchmark/TERM_LASSO/SI_ARRAYS//lasso_traces_svcomp_cstrncpy_alloca.c/lasso_trace_2.txt,TERMINATING,0.73,989.73,301.00,TERMINATING,12,3,15,Affine template / Affine template
ATVA2026_benchmark/TERM_LASSO/SI_ARRAYS//lasso_traces_svcomp_cstrpbrk_true_alloca.c/lasso_trace_3.txt,TERMINATING,2.67,233.01,444.00,TERMINATING,9,9,18,Affine template / Affine template
ATVA2026_benchmark/TERM_LASSO/SI_ARRAYS//lasso_traces_svcomp_cstrpbrk_true_alloca.c/lasso_trace_4.txt,TERMINATING,1.38,296.19,4379.00,TERMINATING,16,4,20,Affine template / Affine template
ATVA2026_benchmark/TERM_LASSO/SI_ARRAYS//lasso_traces_svcomp_cstrpbrk_true-termination.c/lasso_trace_3.txt,TERMINATING,3.09,162.74,6436.00,TERMINATING,14,9,23,Affine template / Affine template
ATVA2026_benchmark/TERM_LASSO/SI_ARRAYS//lasso_traces_svcomp_cstrpbrk_true-termination.c/lasso_trace_4.txt,TERMINATING,0.95,474.47,43917.00,TERMINATING,21,4,25,Affine template / Affine template
ATVA2026_benchmark/TERM_LASSO/SI_ARRAYS//lasso_traces_svcomp_cstrpbrk_unsafe.c/lasso_trace_3.txt,TERMINATING,2.54,381.92,6462.00,TERMINATING,14,9,23,Affine template / Affine template
ATVA2026_benchmark/TERM_LASSO/SI_ARRAYS//lasso_traces_svcomp_cstrpbrk_unsafe.c/lasso_trace_4.txt,TERMINATING,0.95,114.86,45542.00,TERMINATING,21,4,25,Affine template / Affine template
ATVA2026_benchmark/TERM_LASSO/SI_ARRAYS//lasso_traces_svcomp_cstrspn_true_alloca.c/lasso_trace_3.txt,TERMINATING,5.47,280.06,432.00,TERMINATING,9,9,18,Affine template / Affine template
ATVA2026_benchmark/TERM_LASSO/SI_ARRAYS//lasso_traces_svcomp_cstrspn_true_alloca.c/lasso_trace_4.txt,TERMINATING,1.11,196.70,3142.00,TERMINATING,16,4,20,Affine template / Affine template
ATVA2026_benchmark/TERM_LASSO/SI_ARRAYS//lasso_traces_svcomp_cstrspn_true-termination.c/lasso_trace_3.txt,TERMINATING,2.42,308.45,7586.00,TERMINATING,14,9,23,Affine template / Affine template
ATVA2026_benchmark/TERM_LASSO/SI_ARRAYS//lasso_traces_svcomp_cstrspn_true-termination.c/lasso_trace_4.txt,TERMINATING,0.97,391.19,47574.00,TERMINATING,21,4,25,Affine template / Affine template
ATVA2026_benchmark/TERM_LASSO/SI_ARRAYS//lasso_traces_svcomp_delete_alloca_unsafe.c/lasso_trace_2.txt,TERMINATING,2.76,348.20,37.00,TERMINATING,10,3,13,Affine template / Affine template
ATVA2026_benchmark/TERM_LASSO/SI_ARRAYS//lasso_traces_svcomp_diff_alloca.c/lasso_trace_3.txt,TERMINATING,2.10,410.10,41.00,TERMINATING,7,7,14,Affine template / Affine template
ATVA2026_benchmark/TERM_LASSO/SI_ARRAYS//lasso_traces_svcomp_diff_alloca.c/lasso_trace_4.txt,TERMINATING,1.02,242.76,113.00,TERMINATING,8,3,11,Affine template / Affine template
ATVA2026_benchmark/TERM_LASSO/SI_ARRAYS//lasso_traces_svcomp_diff_alloca.c/lasso_trace_5.txt,TERMINATING,1.07,1801.03,280.00,TERMINATING,15,3,18,Affine template / Affine template
ATVA2026_benchmark/TERM_LASSO/SI_ARRAYS//lasso_traces_svcomp_easySum-alloca.c/lasso_trace_1.txt,TERMINATING,2.67,317.56,47.00,TERMINATING,10,8,18,Affine template / Affine template
ATVA2026_benchmark/TERM_LASSO/SI_ARRAYS//lasso_traces_svcomp_ex1-alloca.c/lasso_trace_1.txt,TERMINATING,3.48,497.50,35.00,TERMINATING,10,7,17,Affine template / Affine template
ATVA2026_benchmark/TERM_LASSO/SI_ARRAYS//lasso_traces_svcomp_ex2-alloca.c/lasso_trace_3.txt,TERMINATING,3.22,547.42,79.00,TERMINATING,12,14,26,Affine template / Affine template
ATVA2026_benchmark/TERM_LASSO/SI_ARRAYS//lasso_traces_svcomp_fermat-alloca.c/lasso_trace_1.txt,TERMINATING,2.40,267.59,155.00,TERMINATING,9,21,30,Affine template / Affine template
ATVA2026_benchmark/TERM_LASSO/SI_ARRAYS//lasso_traces_svcomp_flag-alloca.c/lasso_trace_1.txt,TERMINATING,3.00,11043.92,231.00,TERMINATING,11,8,19,2 template / Affine template
ATVA2026_benchmark/TERM_LASSO/SI_ARRAYS//lasso_traces_svcomp_gcd1_true-alloca.c/lasso_trace_2.txt,TERMINATING,2.64,297.17,43.00,TERMINATING,13,11,24,Affine template / Affine template
ATVA2026_benchmark/TERM_LASSO/SI_ARRAYS//lasso_traces_svcomp_gcd1_true-alloca.c/lasso_trace_3.txt,TERMINATING,1.71,305.89,40.00,TERMINATING,15,11,26,Affine template / Affine template
ATVA2026_benchmark/TERM_LASSO/SI_ARRAYS//lasso_traces_svcomp_gcd1_true-alloca.c/lasso_trace_4.txt,TERMINATING,1.36,73.93,47.00,TERMINATING,17,6,23,Affine template / Affine template
ATVA2026_benchmark/TERM_LASSO/SI_ARRAYS//lasso_traces_svcomp_genady_true-alloca.c/lasso_trace_1.txt,TERMINATING,2.39,220.72,22.00,TERMINATING,7,7,14,Affine template / Affine template
ATVA2026_benchmark/TERM_LASSO/SI_ARRAYS//lasso_traces_svcomp_GulwaniJainKoskinen-2009PLDI-Fig1_true-alloca.c/lasso_trace_3.txt,TERMINATING,2.18,394.61,96.00,TERMINATING,20,8,28,Affine template / Affine template
ATVA2026_benchmark/TERM_LASSO/SI_ARRAYS//lasso_traces_svcomp_HarrisLalNoriRajamani-2010SAS-Fig1_true-alloca.c/lasso_trace_3.txt,TERMINATING,3.25,520.33,70.00,TERMINATING,18,8,26,Affine template / Affine template
ATVA2026_benchmark/TERM_LASSO/SI_ARRAYS//lasso_traces_svcomp_HarrisLalNoriRajamani-2010SAS-Fig1_true-alloca.c/lasso_trace_4.txt,TERMINATING,1.95,220.63,75.00,TERMINATING,18,8,26,Affine template / Affine template
ATVA2026_benchmark/TERM_LASSO/SI_ARRAYS//lasso_traces_svcomp_HarrisLalNoriRajamani-2010SAS-Fig2_false-unreach-label-termination-alloca.c/lasso_trace_1.txt,TERMINATING,2.21,67.99,31.00,TERMINATING,17,5,22,Affine template / Affine template
ATVA2026_benchmark/TERM_LASSO/SI_ARRAYS//lasso_traces_svcomp_HarrisLalNoriRajamani-2010SAS-Fig3_true-alloca.c/lasso_trace_1.txt,TERMINATING,2.62,73.54,22.00,TERMINATING,6,8,14,Affine template / Affine template
ATVA2026_benchmark/TERM_LASSO/SI_ARRAYS//lasso_traces_svcomp_insertionsort_alloca.c/lasso_trace_3.txt,TERMINATING,1.82,181.21,17.00,TERMINATING,7,7,14,Affine template / Affine template
ATVA2026_benchmark/TERM_LASSO/SI_ARRAYS//lasso_traces_svcomp_insertionsort_alloca.c/lasso_trace_5.txt,TERMINATING,0.62,3843.32,263.00,TERMINATING,16,6,22,Affine template / Affine template
ATVA2026_benchmark/TERM_LASSO/SI_ARRAYS//lasso_traces_svcomp_insertion_sort_unsafe.c/lasso_trace_3.txt,TERMINATING,1.71,117.28,42.00,TERMINATING,7,7,14,Affine template / Affine template
ATVA2026_benchmark/TERM_LASSO/SI_ARRAYS//lasso_traces_svcomp_insertion_sort_unsafe.c/lasso_trace_4.txt,TERMINATING,0.62,333.75,64.00,TERMINATING,11,6,17,Affine template / Affine template
ATVA2026_benchmark/TERM_LASSO/SI_ARRAYS//lasso_traces_svcomp_insertion_sort_unsafe.c/lasso_trace_5.txt,TERMINATING,0.72,767.40,129.00,TERMINATING,18,6,24,Affine template / Affine template
ATVA2026_benchmark/TERM_LASSO/SI_ARRAYS//lasso_traces_svcomp_insertionsort_unsafe.c/lasso_trace_3.txt,TERMINATING,2.08,90.53,42.00,TERMINATING,7,7,14,Affine template / Affine template
ATVA2026_benchmark/TERM_LASSO/SI_ARRAYS//lasso_traces_svcomp_insertionsort_unsafe.c/lasso_trace_5.txt,TERMINATING,0.55,661.32,123.00,TERMINATING,16,6,22,Affine template / Affine template
ATVA2026_benchmark/TERM_LASSO/SI_ARRAYS//lasso_traces_svcomp_java_AG313-alloca.c/lasso_trace_2.txt,TERMINATING,2.40,208.25,60.00,TERMINATING,12,9,21,Affine template / Affine template
ATVA2026_benchmark/TERM_LASSO/SI_ARRAYS//lasso_traces_svcomp_java_Break-alloca.c/lasso_trace_1.txt,TERMINATING,2.45,269.79,30.00,TERMINATING,7,6,13,Affine template / Affine template
ATVA2026_benchmark/TERM_LASSO/SI_ARRAYS//lasso_traces_svcomp_java_BubbleSort_alloca.c/lasso_trace_2.txt,TERMINATING,1.69,163.22,16.00,TERMINATING,7,7,14,Affine template / Affine template
ATVA2026_benchmark/TERM_LASSO/SI_ARRAYS//lasso_traces_svcomp_java_BubbleSort_alloca.c/lasso_trace_3.txt,TERMINATING,0.52,138.85,16.00,TERMINATING,8,5,13,Affine template / Affine template
ATVA2026_benchmark/TERM_LASSO/SI_ARRAYS//lasso_traces_svcomp_java_BubbleSort_unsafe.c/lasso_trace_2.txt,TERMINATING,2.42,158.38,27.00,TERMINATING,7,7,14,Affine template / Affine template
ATVA2026_benchmark/TERM_LASSO/SI_ARRAYS//lasso_traces_svcomp_java_BubbleSort_unsafe.c/lasso_trace_3.txt,TERMINATING,0.47,109.16,33.00,TERMINATING,8,5,13,Affine template / Affine template
ATVA2026_benchmark/TERM_LASSO/SI_ARRAYS//lasso_traces_svcomp_java_Continue1-alloca.c/lasso_trace_1.txt,TERMINATING,1.85,219.19,24.00,TERMINATING,7,6,13,Affine template / Affine template
ATVA2026_benchmark/TERM_LASSO/SI_ARRAYS//lasso_traces_svcomp_java_LogBuiltIn-alloca.c/lasso_trace_1.txt,TERMINATING,2.60,58.17,28.00,TERMINATING,9,6,15,Affine template / Affine template
ATVA2026_benchmark/TERM_LASSO/SI_ARRAYS//lasso_traces_svcomp_java_Sequence-alloca.c/lasso_trace_1.txt,TERMINATING,2.68,116.99,32.00,TERMINATING,7,6,13,Affine template / Affine template
ATVA2026_benchmark/TERM_LASSO/SI_ARRAYS//lasso_traces_svcomp_knapsack_alloca_unsafe.c/lasso_trace_2.txt,TERMINATING,0.96,256.40,36.00,TERMINATING,8,4,12,Affine template / Affine template
ATVA2026_benchmark/TERM_LASSO/SI_ARRAYS//lasso_traces_svcomp_knapsack_alloca_unsafe.c/lasso_trace_3.txt,TERMINATING,0.66,287.59,28.00,TERMINATING,14,4,18,Affine template / Affine template
ATVA2026_benchmark/TERM_LASSO/SI_ARRAYS//lasso_traces_svcomp_knapsack_unsafe.c/lasso_trace_4.txt,TERMINATING,0.63,134.68,19.00,TERMINATING,14,4,18,Affine template / Affine template
ATVA2026_benchmark/TERM_LASSO/SI_ARRAYS//lasso_traces_svcomp_KroeningSharyginaTsitovichWintersteiger-2010CAV-Fig1_true-alloca.c/lasso_trace_1.txt,TERMINATING,2.06,161.30,32.00,TERMINATING,7,8,15,Affine template / Affine template
ATVA2026_benchmark/TERM_LASSO/SI_ARRAYS//lasso_traces_svcomp_LarrazOliverasRodriguez-CarbonellRubio-2013FMCAD-Fig1_true-alloca.c/lasso_trace_5.txt,TERMINATING,2.65,1060.50,91.00,TERMINATING,15,10,25,2 template / Nested template
ATVA2026_benchmark/TERM_LASSO/SI_ARRAYS//lasso_traces_svcomp_LarrazOliverasRodriguez-CarbonellRubio-2013FMCAD-Fig1_true-alloca.c/lasso_trace_6.txt,TERMINATING,1.53,251.11,46.00,TERMINATING,22,7,29,Affine template / Affine template
ATVA2026_benchmark/TERM_LASSO/SI_ARRAYS//lasso_traces_svcomp_LarrazOliverasRodriguez-CarbonellRubio-2013FMCAD-Fig1_true-alloca.c/lasso_trace_7.txt,TERMINATING,1.72,1089.86,78.00,TERMINATING,29,10,39,2 template / Nested template
ATVA2026_benchmark/TERM_LASSO/SI_ARRAYS//lasso_traces_svcomp_lis_alloca.c/lasso_trace_1.txt,TERMINATING,2.34,144.16,38.00,TERMINATING,7,3,10,Affine template / Affine template
ATVA2026_benchmark/TERM_LASSO/SI_ARRAYS//lasso_traces_svcomp_lis_unsafe.c/lasso_trace_1.txt,TERMINATING,2.10,203.87,51.00,TERMINATING,7,3,10,Affine template / Affine template
ATVA2026_benchmark/TERM_LASSO/SI_ARRAYS//lasso_traces_svcomp_mult_array_alloca.c/lasso_trace_1.txt,TERMINATING,2.37,196.94,17.00,TERMINATING,6,2,8,Affine template / Affine template
ATVA2026_benchmark/TERM_LASSO/SI_ARRAYS//lasso_traces_svcomp_mult_array_alloca.c/lasso_trace_3.txt,TERMINATING,0.94,529.92,144.00,TERMINATING,9,4,13,Affine template / Affine template
ATVA2026_benchmark/TERM_LASSO/SI_ARRAYS//lasso_traces_svcomp_mult_array_unsafe.c/lasso_trace_1.txt,TERMINATING,3.93,197.13,17.00,TERMINATING,6,2,8,Affine template / Affine template
ATVA2026_benchmark/TERM_LASSO/SI_ARRAYS//lasso_traces_svcomp_NoriSharma-2013FSE-Fig7_true-alloca.c/lasso_trace_1.txt,TERMINATING,3.72,517.50,61.00,TERMINATING,10,10,20,Affine template / Affine template
ATVA2026_benchmark/TERM_LASSO/SI_ARRAYS//lasso_traces_svcomp_NoriSharma-2013FSE-Fig7_true-alloca.c/lasso_trace_2.txt,TERMINATING,2.09,238.33,77.00,TERMINATING,13,12,25,Affine template / Affine template
ATVA2026_benchmark/TERM_LASSO/SI_ARRAYS//lasso_traces_svcomp_NoriSharma-2013FSE-Fig8_true-alloca.c/lasso_trace_1.txt,TERMINATING,3.15,666.76,89.00,TERMINATING,12,9,21,Affine template / Affine template
ATVA2026_benchmark/TERM_LASSO/SI_ARRAYS//lasso_traces_svcomp_NoriSharma-2013FSE-Fig8_true-alloca.c/lasso_trace_2.txt,TERMINATING,2.21,107.97,89.00,TERMINATING,19,12,31,Affine template / Affine template
ATVA2026_benchmark/TERM_LASSO/SI_ARRAYS//lasso_traces_svcomp_openbsd_cbzero_alloca.c/lasso_trace_1.txt,TERMINATING,2.15,212.74,21.00,TERMINATING,8,3,11,Affine template / Affine template
ATVA2026_benchmark/TERM_LASSO/SI_ARRAYS//lasso_traces_svcomp_openbsd_cmemchr_alloca.c/lasso_trace_1.txt,TERMINATING,2.39,165.20,56.00,TERMINATING,8,4,12,Affine template / Affine template
ATVA2026_benchmark/TERM_LASSO/SI_ARRAYS//lasso_traces_svcomp_openbsd_cmemrchr_alloca.c/lasso_trace_1.txt,TERMINATING,2.42,218.00,52.00,TERMINATING,8,4,12,Affine template / Affine template
ATVA2026_benchmark/TERM_LASSO/SI_ARRAYS//lasso_traces_svcomp_openbsd_cmemset_alloca.c/lasso_trace_1.txt,TERMINATING,2.30,197.49,21.00,TERMINATING,8,3,11,Affine template / Affine template
ATVA2026_benchmark/TERM_LASSO/SI_ARRAYS//lasso_traces_svcomp_openbsd_cstpncpy_alloca.c/lasso_trace_1.txt,TERMINATING,2.17,132.96,163.00,TERMINATING,9,5,14,Affine template / Nested template
ATVA2026_benchmark/TERM_LASSO/SI_ARRAYS//lasso_traces_svcomp_openbsd_cstpncpy_alloca.c/lasso_trace_2.txt,TERMINATING,0.76,251.34,644.00,TERMINATING,13,3,16,Affine template / Affine template
ATVA2026_benchmark/TERM_LASSO/SI_ARRAYS//lasso_traces_svcomp_openbsd_cstrcmp_alloca.c/lasso_trace_1.txt,TERMINATING,2.37,19965.79,71.00,TERMINATING,9,5,14,Affine template / Affine template
ATVA2026_benchmark/TERM_LASSO/SI_ARRAYS//lasso_traces_svcomp_openbsd_cstrlcpy_alloca.c/lasso_trace_1.txt,TERMINATING,2.63,261.60,74.00,TERMINATING,10,5,15,Affine template / Affine template
ATVA2026_benchmark/TERM_LASSO/SI_ARRAYS//lasso_traces_svcomp_openbsd_cstrlcpy_alloca.c/lasso_trace_4.txt,TERMINATING,0.84,200.74,122.00,TERMINATING,15,3,18,Affine template / Affine template
ATVA2026_benchmark/TERM_LASSO/SI_ARRAYS//lasso_traces_svcomp_openbsd_cstrlen_alloca.c/lasso_trace_1.txt,TERMINATING,2.14,81.26,38.00,TERMINATING,8,2,10,Affine template / Affine template
ATVA2026_benchmark/TERM_LASSO/SI_ARRAYS//lasso_traces_svcomp_openbsd_cstrncat_alloca.c/lasso_trace_1.txt,TERMINATING,2.11,302.45,48.00,TERMINATING,11,2,13,Affine template / Affine template
ATVA2026_benchmark/TERM_LASSO/SI_ARRAYS//lasso_traces_svcomp_openbsd_cstrncat_alloca.c/lasso_trace_2.txt,TERMINATING,0.96,977.33,246.00,TERMINATING,13,5,18,Affine template / Affine template
ATVA2026_benchmark/TERM_LASSO/SI_ARRAYS//lasso_traces_svcomp_openbsd_cstrncmp_alloca.c/lasso_trace_1.txt,TERMINATING,2.25,19180.88,634.00,TERMINATING,10,6,16,Affine template / Affine template
ATVA2026_benchmark/TERM_LASSO/SI_ARRAYS//lasso_traces_svcomp_openbsd_cstrncpy_alloca.c/lasso_trace_1.txt,TERMINATING,2.35,352.67,80.00,TERMINATING,9,5,14,Affine template / Affine template
ATVA2026_benchmark/TERM_LASSO/SI_ARRAYS//lasso_traces_svcomp_openbsd_cstrncpy_alloca.c/lasso_trace_2.txt,TERMINATING,0.62,308.44,602.00,TERMINATING,13,3,16,Affine template / Affine template
ATVA2026_benchmark/TERM_LASSO/SI_ARRAYS//lasso_traces_svcomp_reverse_array_alloca_unsafe.c/lasso_trace_1.txt,TERMINATING,2.07,137.76,29.00,TERMINATING,5,4,9,Affine template / Affine template
ATVA2026_benchmark/TERM_LASSO/SI_ARRAYS//lasso_traces_svcomp_reverse_array_unsafe.c/lasso_trace_1.txt,TERMINATING,1.95,144.56,32.00,TERMINATING,5,4,9,Affine template / Affine template
ATVA2026_benchmark/TERM_LASSO/SI_ARRAYS//lasso_traces_svcomp_strchr_true-termination.c/lasso_trace_2.txt,TERMINATING,2.13,134.79,447.00,TERMINATING,11,4,15,Affine template / Affine template
ATVA2026_benchmark/TERM_LASSO/SI_ARRAYS//lasso_traces_svcomp_stroeder1_alloca.c/lasso_trace_1.txt,TERMINATING,2.14,188.26,15.00,TERMINATING,7,2,9,Affine template / Affine template
ATVA2026_benchmark/TERM_LASSO/SI_ARRAYS//lasso_traces_svcomp_stroeder2_alloca.c/lasso_trace_2.txt,TERMINATING,2.14,208.73,50.00,TERMINATING,7,4,11,Affine template / Affine template
ATVA2026_benchmark/TERM_LASSO/SI_ARRAYS//lasso_traces_svcomp_stroeder2_alloca.c/lasso_trace_3.txt,TERMINATING,0.53,44.69,21.00,TERMINATING,8,4,12,Affine template / Affine template
ATVA2026_benchmark/TERM_LASSO/SI_ARRAYS//lasso_traces_svcomp_stroeder2_alloca.c/lasso_trace_4.txt,TERMINATING,0.54,116.64,19.00,TERMINATING,12,4,16,Affine template / Affine template
ATVA2026_benchmark/TERM_LASSO/SI_ARRAYS//lasso_traces_svcomp_stroeder2_unsafe.c/lasso_trace_4.txt,TERMINATING,0.61,167.30,15.00,TERMINATING,12,4,16,Affine template / Affine template
ATVA2026_benchmark/TERM_LASSO/SI_ARRAYS//lasso_traces_svcomp_strreplace_alloca.c/lasso_trace_1.txt,TERMINATING,2.21,194.45,1752.00,TERMINATING,8,5,13,Affine template / Affine template
ATVA2026_benchmark/TERM_LASSO/SI_ARRAYS//lasso_traces_svcomp_subseq_alloca.c/lasso_trace_2.txt,TERMINATING,2.27,2244.96,10527.00,TERMINATING,9,6,15,Affine template / Affine template
ATVA2026_benchmark/TERM_LASSO/SI_ARRAYS//lasso_traces_svcomp_substring_alloca.c/lasso_trace_3.txt,TERMINATING,2.38,308.64,1992.00,TERMINATING,9,9,18,Affine template / Affine template
ATVA2026_benchmark/TERM_LASSO/SI_ARRAYS//lasso_traces_svcomp_substring_alloca.c/lasso_trace_4.txt,TERMINATING,1.06,3807.32,4337.00,TERMINATING,11,5,16,Affine template / Affine template
ATVA2026_benchmark/TERM_LASSO/SI_ARRAYS//lasso_traces_svcomp_TelAviv-Amir-Minimum_true-alloca.c/lasso_trace_2.txt,TERMINATING,2.15,138.80,29.00,TERMINATING,5,12,17,Affine template / Affine template
ATVA2026_benchmark/TERM_LASSO/SI_ARRAYS//lasso_traces_svcomp_TelAviv-Amir-Minimum_true-alloca.c/lasso_trace_3.txt,TERMINATING,1.05,76.69,35.00,TERMINATING,10,12,22,Affine template / Affine template
ATVA2026_benchmark/TERM_LASSO/SI_ARRAYS//lasso_traces_svcomp_TelAviv-Amir-Minimum_true-alloca.c/lasso_trace_4.txt,TERMINATING,1.04,116.16,33.00,TERMINATING,13,12,25,Affine template / Affine template
ATVA2026_benchmark/TERM_LASSO/SI_ARRAYS//lasso_traces_svcomp_TelAviv-Amir-Minimum_true-alloca.c/lasso_trace_5.txt,TERMINATING,1.00,121.69,32.00,TERMINATING,13,12,25,Affine template / Affine template
ATVA2026_benchmark/TERM_LASSO/SI_ARRAYS//lasso_traces_svcomp_TelAviv-Amir-Minimum_true-alloca.c/lasso_trace_6.txt,TERMINATING,1.16,196.76,33.00,TERMINATING,22,12,34,Affine template / Affine template
ATVA2026_benchmark/TERM_LASSO/SI_ARRAYS//lasso_traces_svcomp_TelAviv-Amir-Minimum_true-alloca.c/lasso_trace_7.txt,TERMINATING,1.08,183.93,35.00,TERMINATING,25,12,37,Affine template / Affine template
ATVA2026_benchmark/TERM_LASSO/SI_ARRAYS//lasso_traces_svcomp_TelAviv-Amir-Minimum_true-alloca.c/lasso_trace_8.txt,TERMINATING,1.18,186.48,32.00,TERMINATING,25,12,37,Affine template / Affine template
ATVA2026_benchmark/TERM_LASSO/SI_ARRAYS//lasso_traces_svcomp_Toulouse-BranchesToLoop_true-alloca.c/lasso_trace_2.txt,TERMINATING,2.67,146.30,47.00,TERMINATING,7,10,17,Affine template / Affine template
ATVA2026_benchmark/TERM_LASSO/SI_ARRAYS//lasso_traces_svcomp_Toulouse-BranchesToLoop_true-alloca.c/lasso_trace_3.txt,TERMINATING,1.36,381.63,44.00,TERMINATING,7,10,17,Affine template / Affine template
ATVA2026_benchmark/TERM_LASSO/SI_ARRAYS//lasso_traces_svcomp_Toulouse-MultiBranchesToLoop_true-alloca.c/lasso_trace_14.txt,TERMINATING,1.84,334.93,56.00,TERMINATING,39,10,49,Affine template / Affine template
ATVA2026_benchmark/TERM_LASSO/SI_ARRAYS//lasso_traces_svcomp_Toulouse-MultiBranchesToLoop_true-alloca.c/lasso_trace_8.txt,TERMINATING,3.08,285.23,58.00,TERMINATING,39,10,49,Affine template / Affine template
ATVA2026_benchmark/TERM_LASSO/SI_ARRAYS//lasso_traces_svcomp_twisted-alloca.c/lasso_trace_2.txt,TERMINATING,2.34,479.48,34.00,TERMINATING,11,7,18,Affine template / Affine template
ATVA2026_benchmark/TERM_LASSO/SI_ARRAYS//lasso_traces_svcomp_twisted-alloca.c/lasso_trace_4.txt,TERMINATING,0.96,164.50,44.00,TERMINATING,14,9,23,Affine template / Affine template
ATVA2026_benchmark/TERM_LASSO/SI_ARRAYS//lasso_traces_svcomp_Urban-2013WST-Fig2_true-alloca.c/lasso_trace_11.txt,TERMINATING,2.12,205.43,22.00,TERMINATING,5,43,48,Affine template / Affine template
ATVA2026_benchmark/TERM_LASSO/SI_ARRAYS//lasso_traces_svcomp_Urban-2013WST-Fig2_true-alloca.c/lasso_trace_12.txt,TERMINATING,1.12,86.17,16.00,TERMINATING,8,4,12,Affine template / Affine template
ATVA2026_benchmark/TERM_LASSO/SI_ARRAYS//lasso_traces_svcomp_Urban_true-alloca.c/lasso_trace_2.txt,TERMINATING,2.20,47.76,24.00,TERMINATING,5,9,14,Affine template / Affine template
ATVA2026_benchmark/TERM_LASSO/SI_ARRAYS//lasso_traces_svcomp_Urban_true-alloca.c/lasso_trace_3.txt,TERMINATING,0.67,151.76,35.00,TERMINATING,11,9,20,Affine template / Affine template
ATVA2026_benchmark/TERM_LASSO/SI_ARRAYS//lasso_traces_svcomp_Urban_true-alloca.c/lasso_trace_4.txt,TERMINATING,0.83,59.53,31.00,TERMINATING,12,10,22,Affine template / Affine template
ATVA2026_benchmark/TERM_LASSO/SI_ARRAYS//lasso_traces_svcomp_Urban_true-alloca.c/lasso_trace_5.txt,TERMINATING,1.02,118.94,30.00,TERMINATING,12,10,22,Affine template / Affine template
ATVA2026_benchmark/TERM_LASSO/SI_ARRAYS//lasso_traces_svcomp_Urban_true-alloca.c/lasso_trace_8.txt,TERMINATING,0.59,209.28,27.00,TERMINATING,22,9,31,Affine template / Affine template
ATVA2026_benchmark/TERM_LASSO/SI_ARRAYS//lasso_traces_svcomp_Urban_true-alloca.c/lasso_trace_9.txt,TERMINATING,0.62,237.77,36.00,TERMINATING,22,9,31,Affine template / Affine template
ATVA2026_benchmark/TERM_LASSO/SI_ARRAYS//lasso_traces_svcomp_Velroyen_false-unreach-label-termination-alloca.c/lasso_trace_1.txt,TERMINATING,1.78,185.34,16.00,TERMINATING,5,6,11,Affine template / Affine template
ATVA2026_benchmark/TERM_LASSO/SI_ARRAYS//lasso_traces_SyntaxSupportPointer01-1.c/lasso_trace_1.txt,TERMINATING,2.30,76.21,16.00,TERMINATING,6,4,10,Affine template / Affine template
ATVA2026_benchmark/TERM_LASSO/SI_ARRAYS//lasso_traces_SyntaxSupportPointer01-1_no-overflow.c/lasso_trace_1.txt,TERMINATING,3.30,138.11,15.00,TERMINATING,6,4,10,Affine template / Affine template
ATVA2026_benchmark/TERM_LASSO/SI_ARRAYS//lasso_traces_SyntaxSupportPointer01-2.c/lasso_trace_1.txt,TERMINATING,2.46,60.94,15.00,TERMINATING,6,4,10,Affine template / Affine template
ATVA2026_benchmark/TERM_LASSO/SI_ARRAYS//lasso_traces_SyntaxSupportPointer01-2_no-overflow.c/lasso_trace_1.txt,TERMINATING,4.18,70.98,15.00,TERMINATING,6,4,10,Affine template / Affine template
ATVA2026_benchmark/TERM_LASSO/SI_ARRAYS//lasso_traces_SyntaxSupportPointer01-3.c/lasso_trace_1.txt,TERMINATING,2.32,115.45,16.00,TERMINATING,5,4,9,Affine template / Affine template
ATVA2026_benchmark/TERM_LASSO/SI_ARRAYS//lasso_traces_SyntaxSupportPointer01-3_def-behavior.c/lasso_trace_1.txt,TERMINATING,3.43,145.65,14.00,TERMINATING,5,4,9,Affine template / Affine template
ATVA2026_benchmark/TERM_LASSO/SI_ARRAYS//lasso_traces_SyntaxSupportPointer01_true-termination.c/lasso_trace_1.txt,TERMINATING,1.95,57.71,13.00,TERMINATING,5,4,9,Affine template / Affine template
ATVA2026_benchmark/TERM_LASSO/SI_ARRAYS//lasso_traces_TelAviv-Amir-Minimum-alloca-2.c/lasso_trace_2.txt,TERMINATING,2.46,146.07,33.00,TERMINATING,7,12,19,Affine template / Affine template
ATVA2026_benchmark/TERM_LASSO/SI_ARRAYS//lasso_traces_TelAviv-Amir-Minimum-alloca-2.c/lasso_trace_3.txt,TERMINATING,1.17,296.05,40.00,TERMINATING,12,12,24,Affine template / Affine template
ATVA2026_benchmark/TERM_LASSO/SI_ARRAYS//lasso_traces_TelAviv-Amir-Minimum-alloca-2.c/lasso_trace_4.txt,TERMINATING,0.98,189.19,36.00,TERMINATING,15,12,27,Affine template / Affine template
ATVA2026_benchmark/TERM_LASSO/SI_ARRAYS//lasso_traces_TelAviv-Amir-Minimum-alloca-2.c/lasso_trace_5.txt,TERMINATING,1.14,113.03,35.00,TERMINATING,15,12,27,Affine template / Affine template
ATVA2026_benchmark/TERM_LASSO/SI_ARRAYS//lasso_traces_TelAviv-Amir-Minimum-alloca-2_no-overflow.c/lasso_trace_2.txt,TERMINATING,3.30,190.87,32.00,TERMINATING,7,12,19,Affine template / Affine template
ATVA2026_benchmark/TERM_LASSO/SI_ARRAYS//lasso_traces_TelAviv-Amir-Minimum-alloca-2_no-overflow.c/lasso_trace_3.txt,TERMINATING,1.23,299.19,36.00,TERMINATING,12,12,24,Affine template / Affine template
ATVA2026_benchmark/TERM_LASSO/SI_ARRAYS//lasso_traces_TelAviv-Amir-Minimum-alloca-2_no-overflow.c/lasso_trace_4.txt,TERMINATING,1.11,179.98,38.00,TERMINATING,15,12,27,Affine template / Affine template
ATVA2026_benchmark/TERM_LASSO/SI_ARRAYS//lasso_traces_TelAviv-Amir-Minimum-alloca-2_no-overflow.c/lasso_trace_5.txt,TERMINATING,1.10,119.45,33.00,TERMINATING,15,12,27,Affine template / Affine template
ATVA2026_benchmark/TERM_LASSO/SI_ARRAYS//lasso_traces_TelAviv-Amir-Minimum-alloca.c/lasso_trace_2.txt,TERMINATING,2.58,141.73,25.00,TERMINATING,5,12,17,Affine template / Affine template
ATVA2026_benchmark/TERM_LASSO/SI_ARRAYS//lasso_traces_TelAviv-Amir-Minimum-alloca.c/lasso_trace_3.txt,TERMINATING,1.11,102.65,25.00,TERMINATING,10,12,22,Affine template / Affine template
ATVA2026_benchmark/TERM_LASSO/SI_ARRAYS//lasso_traces_TelAviv-Amir-Minimum-alloca.c/lasso_trace_4.txt,TERMINATING,1.07,240.82,31.00,TERMINATING,13,12,25,Affine template / Affine template
ATVA2026_benchmark/TERM_LASSO/SI_ARRAYS//lasso_traces_TelAviv-Amir-Minimum-alloca.c/lasso_trace_5.txt,TERMINATING,1.17,83.02,33.00,TERMINATING,13,12,25,Affine template / Affine template
ATVA2026_benchmark/TERM_LASSO/SI_ARRAYS//lasso_traces_TelAviv-Amir-Minimum-alloca.c/lasso_trace_6.txt,TERMINATING,1.03,317.21,38.00,TERMINATING,22,12,34,Affine template / Affine template
ATVA2026_benchmark/TERM_LASSO/SI_ARRAYS//lasso_traces_TelAviv-Amir-Minimum-alloca.c/lasso_trace_7.txt,TERMINATING,1.35,101.82,36.00,TERMINATING,25,12,37,Affine template / Affine template
ATVA2026_benchmark/TERM_LASSO/SI_ARRAYS//lasso_traces_TelAviv-Amir-Minimum-alloca.c/lasso_trace_8.txt,TERMINATING,1.36,197.66,27.00,TERMINATING,25,12,37,Affine template / Affine template
ATVA2026_benchmark/TERM_LASSO/SI_ARRAYS//lasso_traces_TelAviv-Amir-Minimum-alloca_def-behavior.c/lasso_trace_2.txt,TERMINATING,2.61,130.86,26.00,TERMINATING,5,12,17,Affine template / Affine template
ATVA2026_benchmark/TERM_LASSO/SI_ARRAYS//lasso_traces_TelAviv-Amir-Minimum-alloca_def-behavior.c/lasso_trace_3.txt,TERMINATING,1.11,99.98,27.00,TERMINATING,10,12,22,Affine template / Affine template
ATVA2026_benchmark/TERM_LASSO/SI_ARRAYS//lasso_traces_TelAviv-Amir-Minimum-alloca_def-behavior.c/lasso_trace_4.txt,TERMINATING,1.28,245.44,30.00,TERMINATING,13,12,25,Affine template / Affine template
ATVA2026_benchmark/TERM_LASSO/SI_ARRAYS//lasso_traces_TelAviv-Amir-Minimum-alloca_def-behavior.c/lasso_trace_5.txt,TERMINATING,1.63,87.28,36.00,TERMINATING,13,12,25,Affine template / Affine template
ATVA2026_benchmark/TERM_LASSO/SI_ARRAYS//lasso_traces_TelAviv-Amir-Minimum-alloca_def-behavior.c/lasso_trace_6.txt,TERMINATING,1.21,324.17,39.00,TERMINATING,22,12,34,Affine template / Affine template
ATVA2026_benchmark/TERM_LASSO/SI_ARRAYS//lasso_traces_TelAviv-Amir-Minimum-alloca_def-behavior.c/lasso_trace_7.txt,TERMINATING,1.33,106.58,35.00,TERMINATING,25,12,37,Affine template / Affine template
ATVA2026_benchmark/TERM_LASSO/SI_ARRAYS//lasso_traces_TelAviv-Amir-Minimum-alloca_def-behavior.c/lasso_trace_8.txt,TERMINATING,1.17,213.15,24.00,TERMINATING,25,12,37,Affine template / Affine template
ATVA2026_benchmark/TERM_LASSO/SI_ARRAYS//lasso_traces_TelAviv-Amir-Minimum-alloca_true-termination.c/lasso_trace_2.txt,TERMINATING,2.09,118.89,27.00,TERMINATING,5,12,17,Affine template / Affine template
ATVA2026_benchmark/TERM_LASSO/SI_ARRAYS//lasso_traces_TelAviv-Amir-Minimum-alloca_true-termination.c/lasso_trace_3.txt,TERMINATING,1.05,75.41,32.00,TERMINATING,10,12,22,Affine template / Affine template
ATVA2026_benchmark/TERM_LASSO/SI_ARRAYS//lasso_traces_TelAviv-Amir-Minimum-alloca_true-termination.c/lasso_trace_4.txt,TERMINATING,1.11,113.89,32.00,TERMINATING,13,12,25,Affine template / Affine template
ATVA2026_benchmark/TERM_LASSO/SI_ARRAYS//lasso_traces_TelAviv-Amir-Minimum-alloca_true-termination.c/lasso_trace_5.txt,TERMINATING,1.04,119.27,31.00,TERMINATING,13,12,25,Affine template / Affine template
ATVA2026_benchmark/TERM_LASSO/SI_ARRAYS//lasso_traces_TelAviv-Amir-Minimum-alloca_true-termination.c/lasso_trace_6.txt,TERMINATING,1.20,195.01,33.00,TERMINATING,22,12,34,Affine template / Affine template
ATVA2026_benchmark/TERM_LASSO/SI_ARRAYS//lasso_traces_TelAviv-Amir-Minimum-alloca_true-termination.c/lasso_trace_7.txt,TERMINATING,2.63,189.20,36.00,TERMINATING,25,12,37,Affine template / Affine template
ATVA2026_benchmark/TERM_LASSO/SI_ARRAYS//lasso_traces_TelAviv-Amir-Minimum-alloca_true-termination.c/lasso_trace_8.txt,TERMINATING,1.28,192.63,32.00,TERMINATING,25,12,37,Affine template / Affine template
ATVA2026_benchmark/TERM_LASSO/SI_ARRAYS//lasso_traces_Toulouse-BranchesToLoop-alloca-2.c/lasso_trace_2.txt,TERMINATING,2.69,246.56,66.00,TERMINATING,9,10,19,Affine template / Affine template
ATVA2026_benchmark/TERM_LASSO/SI_ARRAYS//lasso_traces_Toulouse-BranchesToLoop-alloca-2.c/lasso_trace_3.txt,TERMINATING,1.79,153.38,62.00,TERMINATING,9,10,19,Affine template / Affine template
ATVA2026_benchmark/TERM_LASSO/SI_ARRAYS//lasso_traces_Toulouse-BranchesToLoop-alloca-2_no-overflow.c/lasso_trace_2.txt,TERMINATING,3.18,271.02,58.00,TERMINATING,9,10,19,Affine template / Affine template
ATVA2026_benchmark/TERM_LASSO/SI_ARRAYS//lasso_traces_Toulouse-BranchesToLoop-alloca-2_no-overflow.c/lasso_trace_3.txt,TERMINATING,1.83,153.76,60.00,TERMINATING,9,10,19,Affine template / Affine template
ATVA2026_benchmark/TERM_LASSO/SI_ARRAYS//lasso_traces_Toulouse-BranchesToLoop-alloca.c/lasso_trace_2.txt,TERMINATING,2.58,162.15,45.00,TERMINATING,7,10,17,Affine template / Affine template
ATVA2026_benchmark/TERM_LASSO/SI_ARRAYS//lasso_traces_Toulouse-BranchesToLoop-alloca.c/lasso_trace_3.txt,TERMINATING,1.90,379.49,49.00,TERMINATING,7,10,17,Affine template / Affine template
ATVA2026_benchmark/TERM_LASSO/SI_ARRAYS//lasso_traces_Toulouse-BranchesToLoop-alloca_def-behavior.c/lasso_trace_2.txt,TERMINATING,2.66,158.59,49.00,TERMINATING,7,10,17,Affine template / Affine template
ATVA2026_benchmark/TERM_LASSO/SI_ARRAYS//lasso_traces_Toulouse-BranchesToLoop-alloca_def-behavior.c/lasso_trace_3.txt,TERMINATING,1.63,383.10,49.00,TERMINATING,7,10,17,Affine template / Affine template
ATVA2026_benchmark/TERM_LASSO/SI_ARRAYS//lasso_traces_Toulouse-BranchesToLoop-alloca_true-termination.c/lasso_trace_2.txt,TERMINATING,2.65,157.63,46.00,TERMINATING,7,10,17,Affine template / Affine template
ATVA2026_benchmark/TERM_LASSO/SI_ARRAYS//lasso_traces_Toulouse-BranchesToLoop-alloca_true-termination.c/lasso_trace_3.txt,TERMINATING,1.46,376.74,44.00,TERMINATING,7,10,17,Affine template / Affine template
ATVA2026_benchmark/TERM_LASSO/SI_ARRAYS//lasso_traces_Toulouse-MultiBranchesToLoop-alloca-2.c/lasso_trace_14.txt,TERMINATING,1.71,406.38,65.00,TERMINATING,41,10,51,Affine template / Affine template
ATVA2026_benchmark/TERM_LASSO/SI_ARRAYS//lasso_traces_Toulouse-MultiBranchesToLoop-alloca-2.c/lasso_trace_7.txt,TERMINATING,4.16,264.30,68.00,TERMINATING,41,10,51,Affine template / Affine template
ATVA2026_benchmark/TERM_LASSO/SI_ARRAYS//lasso_traces_Toulouse-MultiBranchesToLoop-alloca-2_no-overflow.c/lasso_trace_14.txt,TERMINATING,1.66,430.83,69.00,TERMINATING,41,10,51,Affine template / Affine template
ATVA2026_benchmark/TERM_LASSO/SI_ARRAYS//lasso_traces_Toulouse-MultiBranchesToLoop-alloca-2_no-overflow.c/lasso_trace_7.txt,TERMINATING,5.37,330.50,77.00,TERMINATING,41,10,51,Affine template / Affine template
ATVA2026_benchmark/TERM_LASSO/SI_ARRAYS//lasso_traces_Toulouse-MultiBranchesToLoop-alloca.c/lasso_trace_14.txt,TERMINATING,1.76,340.84,64.00,TERMINATING,39,10,49,Affine template / Affine template
ATVA2026_benchmark/TERM_LASSO/SI_ARRAYS//lasso_traces_Toulouse-MultiBranchesToLoop-alloca.c/lasso_trace_8.txt,TERMINATING,2.73,283.03,58.00,TERMINATING,39,10,49,Affine template / Affine template
ATVA2026_benchmark/TERM_LASSO/SI_ARRAYS//lasso_traces_Toulouse-MultiBranchesToLoop-alloca_def-behavior.c/lasso_trace_14.txt,TERMINATING,2.46,376.09,56.00,TERMINATING,39,10,49,Affine template / Affine template
ATVA2026_benchmark/TERM_LASSO/SI_ARRAYS//lasso_traces_Toulouse-MultiBranchesToLoop-alloca_def-behavior.c/lasso_trace_8.txt,TERMINATING,3.13,359.18,58.00,TERMINATING,39,10,49,Affine template / Affine template
ATVA2026_benchmark/TERM_LASSO/SI_ARRAYS//lasso_traces_Toulouse-MultiBranchesToLoop-alloca_true-termination.c/lasso_trace_14.txt,TERMINATING,1.33,326.80,58.00,TERMINATING,39,10,49,Affine template / Affine template
ATVA2026_benchmark/TERM_LASSO/SI_ARRAYS//lasso_traces_Toulouse-MultiBranchesToLoop-alloca_true-termination.c/lasso_trace_7.txt,TERMINATING,2.89,184.54,59.00,TERMINATING,39,10,49,Affine template / Affine template
ATVA2026_benchmark/TERM_LASSO/SI_ARRAYS//lasso_traces_twisted-alloca.c/lasso_trace_2.txt,TERMINATING,2.75,493.21,41.00,TERMINATING,11,7,18,Affine template / Affine template
ATVA2026_benchmark/TERM_LASSO/SI_ARRAYS//lasso_traces_twisted-alloca.c/lasso_trace_4.txt,TERMINATING,0.86,148.72,53.00,TERMINATING,14,9,23,Affine template / Affine template
ATVA2026_benchmark/TERM_LASSO/SI_ARRAYS//lasso_traces_twisted-alloca_true-termination.c/lasso_trace_2.txt,TERMINATING,2.47,486.36,38.00,TERMINATING,11,7,18,Affine template / Affine template
ATVA2026_benchmark/TERM_LASSO/SI_ARRAYS//lasso_traces_twisted-alloca_true-termination.c/lasso_trace_4.txt,TERMINATING,0.95,146.34,42.00,TERMINATING,14,9,23,Affine template / Affine template
ATVA2026_benchmark/TERM_LASSO/SI_ARRAYS//lasso_traces_twisted-alloca_valid-memsafety.c/lasso_trace_2.txt,TERMINATING,2.81,524.45,33.00,TERMINATING,11,7,18,Affine template / Affine template
ATVA2026_benchmark/TERM_LASSO/SI_ARRAYS//lasso_traces_twisted-alloca_valid-memsafety.c/lasso_trace_4.txt,TERMINATING,1.09,146.61,48.00,TERMINATING,14,9,23,Affine template / Affine template
ATVA2026_benchmark/TERM_LASSO/SI_ARRAYS//lasso_traces_Twopointer.c/lasso_trace_1.txt,TERMINATING,2.43,59.81,30.00,TERMINATING,5,6,11,Affine template / Affine template
ATVA2026_benchmark/TERM_LASSO/SI_ARRAYS//lasso_traces_Urban-2013WST-Fig2-alloca-2.c/lasso_trace_11.txt,TERMINATING,2.38,220.31,21.00,TERMINATING,7,43,50,Affine template / Affine template
ATVA2026_benchmark/TERM_LASSO/SI_ARRAYS//lasso_traces_Urban-2013WST-Fig2-alloca-2.c/lasso_trace_12.txt,TERMINATING,0.80,224.85,17.00,TERMINATING,10,4,14,Affine template / Affine template
ATVA2026_benchmark/TERM_LASSO/SI_ARRAYS//lasso_traces_Urban-2013WST-Fig2-alloca-2_no-overflow.c/lasso_trace_11.txt,TERMINATING,2.49,243.08,25.00,TERMINATING,7,43,50,Affine template / Affine template
ATVA2026_benchmark/TERM_LASSO/SI_ARRAYS//lasso_traces_Urban-2013WST-Fig2-alloca-2_no-overflow.c/lasso_trace_12.txt,TERMINATING,0.83,234.78,17.00,TERMINATING,10,4,14,Affine template / Affine template
ATVA2026_benchmark/TERM_LASSO/SI_ARRAYS//lasso_traces_Urban-2013WST-Fig2-alloca.c/lasso_trace_11.txt,TERMINATING,2.86,199.28,24.00,TERMINATING,5,43,48,Affine template / Affine template
ATVA2026_benchmark/TERM_LASSO/SI_ARRAYS//lasso_traces_Urban-2013WST-Fig2-alloca.c/lasso_trace_12.txt,TERMINATING,1.00,91.87,17.00,TERMINATING,8,4,12,Affine template / Affine template
ATVA2026_benchmark/TERM_LASSO/SI_ARRAYS//lasso_traces_Urban-2013WST-Fig2-alloca_def-behavior.c/lasso_trace_11.txt,TERMINATING,3.10,213.25,23.00,TERMINATING,5,43,48,Affine template / Affine template
ATVA2026_benchmark/TERM_LASSO/SI_ARRAYS//lasso_traces_Urban-2013WST-Fig2-alloca_def-behavior.c/lasso_trace_12.txt,TERMINATING,1.02,85.42,16.00,TERMINATING,8,4,12,Affine template / Affine template
ATVA2026_benchmark/TERM_LASSO/SI_ARRAYS//lasso_traces_Urban-2013WST-Fig2-alloca_true-termination.c/lasso_trace_11.txt,TERMINATING,2.06,205.95,25.00,TERMINATING,5,43,48,Affine template / Affine template
ATVA2026_benchmark/TERM_LASSO/SI_ARRAYS//lasso_traces_Urban-2013WST-Fig2-alloca_true-termination.c/lasso_trace_12.txt,TERMINATING,1.20,87.92,16.00,TERMINATING,8,4,12,Affine template / Affine template
ATVA2026_benchmark/TERM_LASSO/SI_ARRAYS//lasso_traces_Urban-alloca-2.c/lasso_trace_2.txt,TERMINATING,2.26,82.16,31.00,TERMINATING,7,9,16,Affine template / Affine template
ATVA2026_benchmark/TERM_LASSO/SI_ARRAYS//lasso_traces_Urban-alloca-2.c/lasso_trace_3.txt,TERMINATING,0.59,204.21,52.00,TERMINATING,13,9,22,Affine template / Affine template
ATVA2026_benchmark/TERM_LASSO/SI_ARRAYS//lasso_traces_Urban-alloca-2.c/lasso_trace_4.txt,TERMINATING,1.20,156.00,36.00,TERMINATING,14,10,24,Affine template / Affine template
ATVA2026_benchmark/TERM_LASSO/SI_ARRAYS//lasso_traces_Urban-alloca-2.c/lasso_trace_5.txt,TERMINATING,1.00,323.97,37.00,TERMINATING,14,10,24,Affine template / Affine template
ATVA2026_benchmark/TERM_LASSO/SI_ARRAYS//lasso_traces_Urban-alloca-2_no-overflow.c/lasso_trace_2.txt,TERMINATING,2.17,81.24,33.00,TERMINATING,7,9,16,Affine template / Affine template
ATVA2026_benchmark/TERM_LASSO/SI_ARRAYS//lasso_traces_Urban-alloca-2_no-overflow.c/lasso_trace_3.txt,TERMINATING,1.16,206.25,53.00,TERMINATING,13,9,22,Affine template / Affine template
ATVA2026_benchmark/TERM_LASSO/SI_ARRAYS//lasso_traces_Urban-alloca-2_no-overflow.c/lasso_trace_4.txt,TERMINATING,1.21,145.73,33.00,TERMINATING,14,10,24,Affine template / Affine template
ATVA2026_benchmark/TERM_LASSO/SI_ARRAYS//lasso_traces_Urban-alloca-2_no-overflow.c/lasso_trace_5.txt,TERMINATING,1.28,318.09,33.00,TERMINATING,14,10,24,Affine template / Affine template
ATVA2026_benchmark/TERM_LASSO/SI_ARRAYS//lasso_traces_Urban-alloca.c/lasso_trace_2.txt,TERMINATING,2.20,53.67,25.00,TERMINATING,5,9,14,Affine template / Affine template
ATVA2026_benchmark/TERM_LASSO/SI_ARRAYS//lasso_traces_Urban-alloca.c/lasso_trace_3.txt,TERMINATING,0.62,146.90,35.00,TERMINATING,11,9,20,Affine template / Affine template
ATVA2026_benchmark/TERM_LASSO/SI_ARRAYS//lasso_traces_Urban-alloca.c/lasso_trace_4.txt,TERMINATING,0.94,57.87,31.00,TERMINATING,12,10,22,Affine template / Affine template
ATVA2026_benchmark/TERM_LASSO/SI_ARRAYS//lasso_traces_Urban-alloca.c/lasso_trace_5.txt,TERMINATING,1.19,109.48,31.00,TERMINATING,12,10,22,Affine template / Affine template
ATVA2026_benchmark/TERM_LASSO/SI_ARRAYS//lasso_traces_Urban-alloca.c/lasso_trace_8.txt,TERMINATING,0.85,204.97,24.00,TERMINATING,22,9,31,Affine template / Affine template
ATVA2026_benchmark/TERM_LASSO/SI_ARRAYS//lasso_traces_Urban-alloca.c/lasso_trace_9.txt,TERMINATING,0.72,220.92,32.00,TERMINATING,22,9,31,Affine template / Affine template
ATVA2026_benchmark/TERM_LASSO/SI_ARRAYS//lasso_traces_Urban-alloca_def-behavior.c/lasso_trace_2.txt,TERMINATING,2.63,52.08,28.00,TERMINATING,5,9,14,Affine template / Affine template
ATVA2026_benchmark/TERM_LASSO/SI_ARRAYS//lasso_traces_Urban-alloca_def-behavior.c/lasso_trace_3.txt,TERMINATING,0.63,151.76,35.00,TERMINATING,11,9,20,Affine template / Affine template
ATVA2026_benchmark/TERM_LASSO/SI_ARRAYS//lasso_traces_Urban-alloca_def-behavior.c/lasso_trace_4.txt,TERMINATING,0.99,60.08,29.00,TERMINATING,12,10,22,Affine template / Affine template
ATVA2026_benchmark/TERM_LASSO/SI_ARRAYS//lasso_traces_Urban-alloca_def-behavior.c/lasso_trace_5.txt,TERMINATING,1.08,108.12,28.00,TERMINATING,12,10,22,Affine template / Affine template
ATVA2026_benchmark/TERM_LASSO/SI_ARRAYS//lasso_traces_Urban-alloca_def-behavior.c/lasso_trace_8.txt,TERMINATING,2.72,218.72,27.00,TERMINATING,22,9,31,Affine template / Affine template
ATVA2026_benchmark/TERM_LASSO/SI_ARRAYS//lasso_traces_Urban-alloca_def-behavior.c/lasso_trace_9.txt,TERMINATING,0.82,248.79,29.00,TERMINATING,22,9,31,Affine template / Affine template
ATVA2026_benchmark/TERM_LASSO/SI_ARRAYS//lasso_traces_Urban-alloca_true-termination.c/lasso_trace_2.txt,TERMINATING,2.14,55.37,26.00,TERMINATING,5,9,14,Affine template / Affine template
ATVA2026_benchmark/TERM_LASSO/SI_ARRAYS//lasso_traces_Urban-alloca_true-termination.c/lasso_trace_3.txt,TERMINATING,0.63,48.27,32.00,TERMINATING,11,9,20,Affine template / Affine template
ATVA2026_benchmark/TERM_LASSO/SI_ARRAYS//lasso_traces_Urban-alloca_true-termination.c/lasso_trace_4.txt,TERMINATING,1.01,232.41,32.00,TERMINATING,12,10,22,Affine template / Affine template
ATVA2026_benchmark/TERM_LASSO/SI_ARRAYS//lasso_traces_Urban-alloca_true-termination.c/lasso_trace_5.txt,TERMINATING,1.07,165.34,34.00,TERMINATING,12,10,22,Affine template / Affine template
ATVA2026_benchmark/TERM_LASSO/SI_ARRAYS//lasso_traces_Urban-alloca_true-termination.c/lasso_trace_8.txt,TERMINATING,0.82,166.14,30.00,TERMINATING,22,9,31,Affine template / Affine template
ATVA2026_benchmark/TERM_LASSO/SI_ARRAYS//lasso_traces_Urban-alloca_true-termination.c/lasso_trace_9.txt,TERMINATING,0.64,240.08,25.00,TERMINATING,22,9,31,Affine template / Affine template
ATVA2026_benchmark/TERM_LASSO/SI_ARRAYS//lasso_traces_Velroyen-alloca.c/lasso_trace_1.txt,TERMINATING,2.06,184.34,14.00,TERMINATING,6,6,12,Affine template / Affine template
ATVA2026_benchmark/TERM_LASSO/SI_ARRAYS//lasso_traces_Velroyen-alloca_false-termination.c/lasso_trace_1.txt,TERMINATING,2.41,176.91,17.00,TERMINATING,5,6,11,Affine template / Affine template
ATVA2026_benchmark/TERM_LASSO/SI_ARRAYS//lasso_traces_Velroyen-alloca_valid-memsafety.c/lasso_trace_1.txt,TERMINATING,2.26,215.01,13.00,TERMINATING,6,6,12,Affine template / Affine template
ATVA2026_benchmark/TERM_LASSO/SI_ARRAYS//lasso_traces_WaldkirchPointer.c/lasso_trace_1.txt,TERMINATING,1.78,163.82,14.00,TERMINATING,5,4,9,Affine template / Affine template
ATVA2026_benchmark/TERM_LASSO/SI_ARRAYS//lasso_traces_wcsrchr.c/lasso_trace_1.txt,TERMINATING,1.90,1057.25,119.00,TERMINATING,9,3,12,Affine template / Affine template
ATVA2026_benchmark/TERM_LASSO/SI_ARRAYS//lasso_traces_wcsrchr_no-overflow.c/lasso_trace_1.txt,TERMINATING,2.05,1137.28,120.00,TERMINATING,9,3,12,Affine template / Affine template
ATVA2026_benchmark/TERM_LASSO/SI_ARRAYS//lasso_traces_wrap.c/lasso_trace_1.txt,TERMINATING,2.11,2362.67,103.00,TERMINATING,1,3,4,Affine template / Affine template
ATVA2026_benchmark/TERM_LASSO/SI_ARRAYS//lasso_traces_zeller-example.c/lasso_trace_1.txt,TERMINATING,2.67,102.46,24.00,TERMINATING,5,3,8,Affine template / Affine template
