Trace Name,Result Code,Fixpoint (ms),Termination (ms),Nontermination (ms),Termination Cumul(ms),pasttel (ms),PaSTTeL Status,Stem Size,Loop Size,Total Size Trace,Algo
ATVA2026_benchmark/TERM_LASSO//lasso_traces_01_basic_safe.bpl/lasso_trace_1.txt,TERMINATING,"1,87","50,22","64,69","116,78",5,TERMINATING,0,4,4,Affine Template / Affine Template
ATVA2026_benchmark/TERM_LASSO//lasso_traces_01_basic_safe.bpl/lasso_trace_2.txt,TERMINATING,"0,38","54,22","53,26","107,86",7,TERMINATING,1,4,5,Affine Template / Affine Template
ATVA2026_benchmark/TERM_LASSO//lasso_traces_01_basic_safe.bpl/lasso_trace_3.txt,TERMINATING,"0,48","33,11","82,79","116,38",8,TERMINATING,4,4,8,Affine Template / Affine Template
ATVA2026_benchmark/TERM_LASSO//lasso_traces_01_basic_safe.bpl/lasso_trace_5.txt,TERMINATING,"0,43","48,6","50,58","99,61",5,TERMINATING,7,8,15,Affine Template / Affine Template
ATVA2026_benchmark/TERM_LASSO//lasso_traces_01_basic_safe.bpl/lasso_trace_7.txt,TERMINATING,"0,35","27,21","36,18","63,74",6,TERMINATING,10,4,14,Affine Template / Affine Template
ATVA2026_benchmark/TERM_LASSO//lasso_traces_01_inc-originalVarNames-noSymmetry.bpl/lasso_trace_1.txt,TERMINATING,"1,8","53,41","60,49","115,7",8,TERMINATING,0,2,2,Affine Template / Affine Template
ATVA2026_benchmark/TERM_LASSO//lasso_traces_01_inc-originalVarNames-noSymmetry.bpl/lasso_trace_3.txt,TERMINATING,"0,43","69,22","99,44","169,09",11,TERMINATING,1,4,5,Affine Template / Affine Template
ATVA2026_benchmark/TERM_LASSO//lasso_traces_01_inc-originalVarNames-noSymmetry.bpl/lasso_trace_5.txt,TERMINATING,"0,28","94,53","89,25","184,06",12,TERMINATING,2,2,4,Affine Template / Affine Template
ATVA2026_benchmark/TERM_LASSO//lasso_traces_01_inc-originalVarNames-noSymmetry.bpl/lasso_trace_6.txt,TERMINATING,"0,38","28,46","36,54","65,38",12,TERMINATING,2,2,4,Affine Template / Affine Template
ATVA2026_benchmark/TERM_LASSO//lasso_traces_01-straight.c/lasso_trace_1.txt,TERMINATING,"2,77","46,29","34,7","83,76",5,TERMINATING,10,1,11,Affine Template / Affine Template
ATVA2026_benchmark/TERM_LASSO//lasso_traces_03-enter-calls_random_modifications.bpl/lasso_trace_1.txt,TERMINATING,"2,01","29,01","32,55","63,57",3,TERMINATING,0,2,2,Affine Template / Affine Template
ATVA2026_benchmark/TERM_LASSO//lasso_traces_04-toylinarith1_false-valid-ltl.c/lasso_trace_1.txt,TERMINATING,"1,87","208,86","202,88","413,61",20,TERMINATING,8,1,9,Affine Template / Affine Template
ATVA2026_benchmark/TERM_LASSO//lasso_traces_1.t2.c/lasso_trace_1.txt,TERMINATING,"2,03","100,38","214,88","317,29",13,TERMINATING,85,14,99,Affine Template / Affine Template
ATVA2026_benchmark/TERM_LASSO//lasso_traces_110517_Martin_safe.bpl/lasso_trace_1.txt,TERMINATING,"2,11","53,6","41,57","97,28",4,TERMINATING,1,1,2,Affine Template / Affine Template
ATVA2026_benchmark/TERM_LASSO//lasso_traces_110517_Martin01.bpl/lasso_trace_1.txt,TERMINATING,"2,54","46,62","33,93","83,09",4,TERMINATING,1,1,2,Affine Template / Affine Template
ATVA2026_benchmark/TERM_LASSO//lasso_traces_110517_Martin02.bpl/lasso_trace_1.txt,TERMINATING,"1,99","47,47","37,14","86,6",4,TERMINATING,1,1,2,Affine Template / Affine Template
ATVA2026_benchmark/TERM_LASSO//lasso_traces_1394-fail.t2.c/lasso_trace_1.txt,TERMINATING,"1,86","763,25","893,27","1658,38",26,TERMINATING,297,18,315,Affine Template / Affine Template
ATVA2026_benchmark/TERM_LASSO//lasso_traces_1394-fail.t2.c/lasso_trace_2.txt,TERMINATING,"0,54","870,07","3970,32","4840,93",28,TERMINATING,314,53,367,Affine Template / Affine Template
ATVA2026_benchmark/TERM_LASSO//lasso_traces_1394-succeed.t2.c/lasso_trace_1.txt,TERMINATING,"1,88","237,82","657,79","897,49",21,TERMINATING,293,18,311,Affine Template / Affine Template
ATVA2026_benchmark/TERM_LASSO//lasso_traces_1394-succeed.t2.c/lasso_trace_2.txt,TERMINATING,"0,46","617,43","809,47","1427,36",28,TERMINATING,310,53,363,Affine Template / Affine Template
ATVA2026_benchmark/TERM_LASSO//lasso_traces_1394complete-fail.t2.c/lasso_trace_1.txt,TERMINATING,"1,72","266,23","731,48","999,43",26,TERMINATING,305,18,323,Affine Template / Affine Template
ATVA2026_benchmark/TERM_LASSO//lasso_traces_1394complete-fail.t2.c/lasso_trace_2.txt,TERMINATING,"0,48","638,33","826,97","1465,78",29,TERMINATING,322,53,375,Affine Template / Affine Template
ATVA2026_benchmark/TERM_LASSO//lasso_traces_1394complete-fail.t2.c/lasso_trace_3.txt,TERMINATING,"0,85","324,55","407,52","732,92",28,TERMINATING,339,25,364,Affine Template / Affine Template
ATVA2026_benchmark/TERM_LASSO//lasso_traces_1394complete-succeed.t2.c/lasso_trace_1.txt,TERMINATING,"2,15","284,88","758,74","1045,77",26,TERMINATING,305,18,323,Affine Template / Affine Template
ATVA2026_benchmark/TERM_LASSO//lasso_traces_1394complete-succeed.t2.c/lasso_trace_2.txt,TERMINATING,"0,49","677,7","892,41","1570,6",32,TERMINATING,322,53,375,Affine Template / Affine Template
ATVA2026_benchmark/TERM_LASSO//lasso_traces_1394complete-succeed.t2.c/lasso_trace_3.txt,TERMINATING,"0,54","338,97","418,02","757,53",29,TERMINATING,339,25,364,Affine Template / Affine Template
ATVA2026_benchmark/TERM_LASSO//lasso_traces_1394complete-succeed.t2.c/lasso_trace_4.txt,TERMINATING,"0,47","465,73","556,52","1022,72",29,TERMINATING,352,22,374,Affine Template / Affine Template
ATVA2026_benchmark/TERM_LASSO//lasso_traces_1394complete-succeed.t2.c/lasso_trace_5.txt,TERMINATING,"0,41","291,9","342,55","634,86",31,TERMINATING,365,13,378,Affine Template / Affine Template
ATVA2026_benchmark/TERM_LASSO//lasso_traces_2.t2.c/lasso_trace_1.txt,TERMINATING,"2,49","487,26","742,54","1232,29",14,TERMINATING,85,14,99,Affine Template / Affine Template
ATVA2026_benchmark/TERM_LASSO//lasso_traces_2006CAV-GopanReps-Fig1.c/lasso_trace_1.txt,TERMINATING,"2,22","81,56","41,44","125,22",12,TERMINATING,5,3,8,Affine Template / Affine Template
ATVA2026_benchmark/TERM_LASSO//lasso_traces_2007POPL-GulwaniJojic-Figure3.c/lasso_trace_1.txt,TERMINATING,"1,79","110,26","52,66","164,71",12,TERMINATING,5,2,7,Affine Template / Affine Template
ATVA2026_benchmark/TERM_LASSO//lasso_traces_2013POPL-BenAmGen-Ex3.6.bpl/lasso_trace_1.txt,TERMINATING,"1,67","65,78","42,13","109,58",5,TERMINATING,0,1,1,2-Nested Template / 2-Nested Template
ATVA2026_benchmark/TERM_LASSO//lasso_traces_2020ProgVerif-Sheet10Ex04-Square.bpl/lasso_trace_1.txt,TERMINATING,"2,12","50,69","36,43","89,24",7,TERMINATING,1,1,2,Affine Template / Affine Template
ATVA2026_benchmark/TERM_LASSO//lasso_traces_2020TACAS-Frohn-2Invs.bpl/lasso_trace_1.txt,TERMINATING,"2,31","27,53","39,24","69,08",5,TERMINATING,0,1,1,Affine Template / Affine Template
ATVA2026_benchmark/TERM_LASSO//lasso_traces_2020TACAS-Frohn-NonDec.bpl/lasso_trace_1.txt,TERMINATING,"1,85","38,85","68,06","108,76",4,TERMINATING,0,1,1,Affine Template / Affine Template
ATVA2026_benchmark/TERM_LASSO//lasso_traces_232.t2.c/lasso_trace_2.txt,TERMINATING,"1,49","40,11","49,69","91,29",6,TERMINATING,20,23,43,Affine Template / Affine Template
ATVA2026_benchmark/TERM_LASSO//lasso_traces_232.t2.c/lasso_trace_3.txt,TERMINATING,"0,74","86,2","99,04","185,98",6,TERMINATING,25,13,38,Affine Template / Affine Template
ATVA2026_benchmark/TERM_LASSO//lasso_traces_241.t2.c/lasso_trace_2.txt,TERMINATING,"6,16","75,17","103,91","185,24",6,TERMINATING,20,23,43,Affine Template / Affine Template
ATVA2026_benchmark/TERM_LASSO//lasso_traces_241.t2.c/lasso_trace_3.txt,TERMINATING,"1,85","208,41","271,27","481,53",6,TERMINATING,25,13,38,Affine Template / Affine Template
ATVA2026_benchmark/TERM_LASSO//lasso_traces_2Nested_true-termination.c/lasso_trace_1.txt,TERMINATING,"2,65","324,96","130,29","457,9",14,TERMINATING,5,1,6,2-Nested Template / 2-Nested Template
ATVA2026_benchmark/TERM_LASSO//lasso_traces_2Nested-1_termination.c/lasso_trace_1.txt,TERMINATING,"2,01","252,16","111,86","366,03",14,TERMINATING,8,1,9,2-Nested Template / 2-Nested Template
ATVA2026_benchmark/TERM_LASSO//lasso_traces_2Nested-1.c/lasso_trace_1.txt,TERMINATING,"5,21","889,96","225,34","1120,51",17,TERMINATING,8,1,9,2-Nested Template / 2-Nested Template
ATVA2026_benchmark/TERM_LASSO//lasso_traces_2Nested-2_no-overflow.c/lasso_trace_1.txt,TERMINATING,"1,98","269,11","53,31","324,4",14,TERMINATING,5,1,6,2-Nested Template / 2-Nested Template
ATVA2026_benchmark/TERM_LASSO//lasso_traces_2Nested-2.c/lasso_trace_1.txt,TERMINATING,"26,17","514,48","186,79","727,44",15,TERMINATING,5,1,6,2-Nested Template / 2-Nested Template
ATVA2026_benchmark/TERM_LASSO//lasso_traces_2Nested.bpl/lasso_trace_1.txt,TERMINATING,"1,77","67,26","38,24","107,27",5,TERMINATING,0,1,1,2-Nested Template / 2-Nested Template
ATVA2026_benchmark/TERM_LASSO//lasso_traces_4NestedWith3Variables_true-termination.c/lasso_trace_1.txt,TERMINATING,"2,45","729,26",119,"850,71",32,TERMINATING,5,1,6,3-Nested Template / 3-Nested Template
ATVA2026_benchmark/TERM_LASSO//lasso_traces_4NestedWith3Variables-1_termination.c/lasso_trace_1.txt,TERMINATING,"2,13","770,82","127,1","900,05",28,TERMINATING,8,1,9,3-Nested Template / 3-Nested Template
ATVA2026_benchmark/TERM_LASSO//lasso_traces_4NestedWith3Variables-1.c/lasso_trace_1.txt,TERMINATING,"2,27","717,12","118,02","837,41",31,TERMINATING,8,1,9,3-Nested Template / 3-Nested Template
ATVA2026_benchmark/TERM_LASSO//lasso_traces_4NestedWith3Variables-2_no-overflow.c/lasso_trace_1.txt,TERMINATING,"2,67","768,25","131,87","902,79",35,TERMINATING,5,1,6,3-Nested Template / 4-Nested Template
ATVA2026_benchmark/TERM_LASSO//lasso_traces_4NestedWith3Variables-2.c/lasso_trace_1.txt,TERMINATING,"4,02","836,69","156,77","997,48",36,TERMINATING,5,1,6,3-Nested Template / 4-Nested Template
ATVA2026_benchmark/TERM_LASSO//lasso_traces_960521-1_1_true-valid-memsafety.c/lasso_trace_1.txt,TERMINATING,"1,93","67,61",0,"69,54",10,TERMINATING,5,2,7,Affine Template / Affine Template
ATVA2026_benchmark/TERM_LASSO//lasso_traces_960521-1_1.i_11.bpl/lasso_trace_1.txt,TERMINATING,"2,19","211,48",0,"213,67",17,TERMINATING,1,2,3,Affine Template / Affine Template
ATVA2026_benchmark/TERM_LASSO//lasso_traces_a.01_false-no-overflow.c/lasso_trace_2.txt,TERMINATING,"2,19","158,51","162,83","323,53",7,TERMINATING,5,3,8,Affine Template / Affine Template
ATVA2026_benchmark/TERM_LASSO//lasso_traces_a.01_false-no-overflow.c/lasso_trace_3.txt,TERMINATING,"1,07","42,89","37,14","81,1",7,TERMINATING,6,1,7,Affine Template / Affine Template
ATVA2026_benchmark/TERM_LASSO//lasso_traces_a.01_no-overflow.c/lasso_trace_2.txt,TERMINATING,"2,78","122,47","126,39","251,64",8,TERMINATING,5,3,8,Affine Template / Affine Template
ATVA2026_benchmark/TERM_LASSO//lasso_traces_a.01_no-overflow.c/lasso_trace_3.txt,TERMINATING,"0,76","32,98","28,89","62,63",7,TERMINATING,6,1,7,Affine Template / Affine Template
ATVA2026_benchmark/TERM_LASSO//lasso_traces_a.01_true-termination.c/lasso_trace_2.txt,TERMINATING,"1,78","55,08","101,84","158,7",7,TERMINATING,7,3,10,Affine Template / Affine Template
ATVA2026_benchmark/TERM_LASSO//lasso_traces_a.01_true-termination.c/lasso_trace_3.txt,TERMINATING,"0,43","68,48","30,32","99,23",7,TERMINATING,8,1,9,Affine Template / Affine Template
ATVA2026_benchmark/TERM_LASSO//lasso_traces_a.01.c/lasso_trace_2.txt,TERMINATING,"2,1","66,35","64,59","133,04",5,TERMINATING,1,3,4,Affine Template / Affine Template
ATVA2026_benchmark/TERM_LASSO//lasso_traces_a.01.c/lasso_trace_3.txt,TERMINATING,"0,81","39,17","31,18","71,16",5,TERMINATING,2,1,3,Affine Template / Affine Template
ATVA2026_benchmark/TERM_LASSO//lasso_traces_a.03-no-inv.c/lasso_trace_1.txt,TERMINATING,"4,18","73,45","42,85","120,48",11,TERMINATING,1,2,3,Affine Template / Affine Template
ATVA2026_benchmark/TERM_LASSO//lasso_traces_a.03-no-inv.c/lasso_trace_2.txt,TERMINATING,"0,68","452,08","126,19","578,95",68,TERMINATING,2,3,5,Affine Template / Affine Template
ATVA2026_benchmark/TERM_LASSO//lasso_traces_a.03.c/lasso_trace_1.txt,TERMINATING,"2,64","58,83","40,09","101,56",11,TERMINATING,1,2,3,Affine Template / Affine Template
ATVA2026_benchmark/TERM_LASSO//lasso_traces_a.03.c/lasso_trace_2.txt,TERMINATING,"0,95","419,12","111,65","531,72",82,TERMINATING,2,3,5,Affine Template / Affine Template
ATVA2026_benchmark/TERM_LASSO//lasso_traces_a.03.real-no-inv.c/lasso_trace_1.txt,TERMINATING,"4,44","105,1","66,33","175,87",18,TERMINATING,1,3,4,Affine Template / Affine Template
ATVA2026_benchmark/TERM_LASSO//lasso_traces_a.03.real-no-inv.c/lasso_trace_2.txt,TERMINATING,"0,76","484,51","64,11","549,38",67,TERMINATING,2,4,6,Affine Template / Affine Template
ATVA2026_benchmark/TERM_LASSO//lasso_traces_a.03.real.c/lasso_trace_1.txt,TERMINATING,"4,29","93,37","72,34",170,19,TERMINATING,1,3,4,Affine Template / Affine Template
ATVA2026_benchmark/TERM_LASSO//lasso_traces_a.03.real.c/lasso_trace_2.txt,TERMINATING,"0,99","499,79","60,89","561,67",73,TERMINATING,2,4,6,Affine Template / Affine Template
ATVA2026_benchmark/TERM_LASSO//lasso_traces_a.04_false-no-overflow.c/lasso_trace_1.txt,TERMINATING,"3,87","124,13","118,28","246,28",11,TERMINATING,5,1,6,Affine Template / Affine Template
ATVA2026_benchmark/TERM_LASSO//lasso_traces_a.04_no-overflow.c/lasso_trace_1.txt,TERMINATING,"1,9","119,38","100,51","221,79",6,TERMINATING,5,1,6,Affine Template / Affine Template
ATVA2026_benchmark/TERM_LASSO//lasso_traces_a.04_true-termination.c/lasso_trace_1.txt,TERMINATING,"2,24","93,81","60,91","156,96",7,TERMINATING,7,1,8,Affine Template / Affine Template
ATVA2026_benchmark/TERM_LASSO//lasso_traces_a.04.c/lasso_trace_1.txt,TERMINATING,"2,99","53,11","36,36","92,46",6,TERMINATING,1,1,2,Affine Template / Affine Template
ATVA2026_benchmark/TERM_LASSO//lasso_traces_a.05_false-no-overflow.c/lasso_trace_1.txt,TERMINATING,"2,36","152,36","142,06","296,78",8,TERMINATING,5,1,6,Affine Template / Affine Template
ATVA2026_benchmark/TERM_LASSO//lasso_traces_a.05_no-overflow.c/lasso_trace_1.txt,TERMINATING,"1,87","124,66","99,89","226,42",9,TERMINATING,5,1,6,Affine Template / Affine Template
ATVA2026_benchmark/TERM_LASSO//lasso_traces_a.05_true-termination.c/lasso_trace_1.txt,TERMINATING,"2,62","95,35","52,16","150,13",7,TERMINATING,7,1,8,Affine Template / Affine Template
ATVA2026_benchmark/TERM_LASSO//lasso_traces_a.05.c/lasso_trace_1.txt,TERMINATING,"2,11","49,97","38,19","90,27",6,TERMINATING,1,1,2,Affine Template / Affine Template
ATVA2026_benchmark/TERM_LASSO//lasso_traces_a.06_false-no-overflow.c/lasso_trace_1.txt,TERMINATING,"7,28","228,37","138,71","374,36",11,TERMINATING,5,1,6,Affine Template / Affine Template
ATVA2026_benchmark/TERM_LASSO//lasso_traces_a.06_no-overflow.c/lasso_trace_1.txt,TERMINATING,"2,2","156,79","63,26","222,25",19,TERMINATING,5,1,6,Affine Template / Affine Template
ATVA2026_benchmark/TERM_LASSO//lasso_traces_a.06_true-termination.c/lasso_trace_1.txt,TERMINATING,"1,97","101,88","54,47","158,32",10,TERMINATING,7,1,8,Affine Template / Affine Template
ATVA2026_benchmark/TERM_LASSO//lasso_traces_a.06.c/lasso_trace_1.txt,TERMINATING,"2,78","360,57","61,16","424,51",7,TERMINATING,1,1,2,Affine Template / Affine Template
ATVA2026_benchmark/TERM_LASSO//lasso_traces_a.07_false-no-overflow.c/lasso_trace_1.txt,TERMINATING,"2,46","85,73","50,57","138,76",10,TERMINATING,5,1,6,Affine Template / Affine Template
ATVA2026_benchmark/TERM_LASSO//lasso_traces_a.07_no-overflow.c/lasso_trace_1.txt,TERMINATING,"2,13","78,56","53,53","134,22",9,TERMINATING,5,1,6,Affine Template / Affine Template
ATVA2026_benchmark/TERM_LASSO//lasso_traces_a.07_true-termination.c/lasso_trace_1.txt,TERMINATING,"2,16","87,31","56,27","145,74",9,TERMINATING,7,1,8,Affine Template / Affine Template
ATVA2026_benchmark/TERM_LASSO//lasso_traces_a.07.c/lasso_trace_1.txt,TERMINATING,"2,97","65,6","42,73","111,3",7,TERMINATING,1,1,2,Affine Template / Affine Template
ATVA2026_benchmark/TERM_LASSO//lasso_traces_a.08_false-no-overflow.c/lasso_trace_1.txt,TERMINATING,"2,11","105,01","91,01","198,13",9,TERMINATING,5,1,6,Affine Template / Affine Template
ATVA2026_benchmark/TERM_LASSO//lasso_traces_a.08_no-overflow.c/lasso_trace_1.txt,TERMINATING,"2,17","102,66","72,36","177,19",8,TERMINATING,5,1,6,Affine Template / Affine Template
ATVA2026_benchmark/TERM_LASSO//lasso_traces_a.08_true-termination.c/lasso_trace_1.txt,TERMINATING,"2,03","108,34","93,58","203,95",8,TERMINATING,7,1,8,Affine Template / Affine Template
ATVA2026_benchmark/TERM_LASSO//lasso_traces_a.08.c/lasso_trace_1.txt,TERMINATING,"2,14","67,42","40,07","109,63",7,TERMINATING,1,1,2,Affine Template / Affine Template
ATVA2026_benchmark/TERM_LASSO//lasso_traces_a.09_assume_false-no-overflow.c/lasso_trace_1.txt,TERMINATING,"3,81","102,63","63,45","169,89",8,TERMINATING,5,1,6,Affine Template / Affine Template
ATVA2026_benchmark/TERM_LASSO//lasso_traces_a.09_assume_no-overflow.c/lasso_trace_1.txt,TERMINATING,"2,16",118,"66,82","186,98",8,TERMINATING,5,1,6,Affine Template / Affine Template
ATVA2026_benchmark/TERM_LASSO//lasso_traces_a.09_assume_true-termination.c/lasso_trace_1.txt,TERMINATING,"1,94","66,86","43,33","112,13",8,TERMINATING,8,2,10,Affine Template / Affine Template
ATVA2026_benchmark/TERM_LASSO//lasso_traces_a.09_assume.c/lasso_trace_1.txt,TERMINATING,"2,21","114,92","67,14","184,27",8,TERMINATING,5,1,6,Affine Template / Affine Template
ATVA2026_benchmark/TERM_LASSO//lasso_traces_a.10.c.t2.c/lasso_trace_2.txt,TERMINATING,"1,89","141,28","172,68","315,85",14,TERMINATING,68,22,90,Affine Template / Affine Template
ATVA2026_benchmark/TERM_LASSO//lasso_traces_a.10.c.t2.c/lasso_trace_3.txt,TERMINATING,"0,43","228,01","238,11","466,55",15,TERMINATING,72,22,94,Affine Template / Affine Template
ATVA2026_benchmark/TERM_LASSO//lasso_traces_a.10.c.t2.c/lasso_trace_4.txt,TERMINATING,"0,36","111,87","329,41","441,64",15,TERMINATING,72,22,94,Affine Template / Affine Template
ATVA2026_benchmark/TERM_LASSO//lasso_traces_a.10.c.t2.c/lasso_trace_5.txt,TERMINATING,"0,4","157,61","135,25","293,26",15,TERMINATING,84,22,106,Affine Template / Affine Template
ATVA2026_benchmark/TERM_LASSO//lasso_traces_a.10.c.t2.c/lasso_trace_7.txt,TERMINATING,"0,43","92,32",88,"180,75",40,TERMINATING,87,22,109,Affine Template / Affine Template
ATVA2026_benchmark/TERM_LASSO//lasso_traces_a.10.c.t2.c/lasso_trace_8.txt,TERMINATING,"0,63","47,32","53,15","101,1",38,TERMINATING,101,22,123,Affine Template / Affine Template
ATVA2026_benchmark/TERM_LASSO//lasso_traces_a.11.c/lasso_trace_1.txt,TERMINATING,"2,09","3337,39","50,71","3390,19",26,TERMINATING,1,1,2,2-Phase Template / Affine Template
ATVA2026_benchmark/TERM_LASSO//lasso_traces_aaron2_true-termination.c/lasso_trace_1.txt,TERMINATING,"3,36","164,73","127,98","296,07",17,TERMINATING,5,1,6,Affine Template / Affine Template
ATVA2026_benchmark/TERM_LASSO//lasso_traces_aaron2-1_no-overflow.c/lasso_trace_1.txt,TERMINATING,"1,87","112,86","58,99","173,72",17,TERMINATING,8,1,9,Affine Template / Affine Template
ATVA2026_benchmark/TERM_LASSO//lasso_traces_aaron2-1.c/lasso_trace_1.txt,TERMINATING,"1,95","101,43","49,99","153,37",16,TERMINATING,8,1,9,Affine Template / Affine Template
ATVA2026_benchmark/TERM_LASSO//lasso_traces_aaron2-2_no-overflow.c/lasso_trace_1.txt,TERMINATING,"1,83","174,21","142,94","318,98",16,TERMINATING,5,1,6,Affine Template / Affine Template
ATVA2026_benchmark/TERM_LASSO//lasso_traces_aaron2-2.c/lasso_trace_1.txt,TERMINATING,"1,93","156,83","127,87","286,63",17,TERMINATING,5,1,6,Affine Template / Affine Template
ATVA2026_benchmark/TERM_LASSO//lasso_traces_aaron3_true-termination.c/lasso_trace_1.txt,TERMINATING,"2,3","2748,24","72,97","2823,51",71,TERMINATING,5,1,6,2-Phase Template / 2-Nested Template
ATVA2026_benchmark/TERM_LASSO//lasso_traces_aaron3-1_no-overflow.c/lasso_trace_1.txt,TERMINATING,"2,01","165,97","147,09","315,07",8,TERMINATING,9,2,11,Affine Template / Affine Template
ATVA2026_benchmark/TERM_LASSO//lasso_traces_aaron3-1_no-overflow.c/lasso_trace_2.txt,TERMINATING,"0,57","152,86","152,9","306,33",12,TERMINATING,11,3,14,Affine Template / Affine Template
ATVA2026_benchmark/TERM_LASSO//lasso_traces_aaron3-1_no-overflow.c/lasso_trace_3.txt,TERMINATING,"0,48","126,83","135,88","263,19",9,TERMINATING,12,2,14,Affine Template / Affine Template
ATVA2026_benchmark/TERM_LASSO//lasso_traces_aaron3-1_no-overflow.c/lasso_trace_4.txt,TERMINATING,"0,34","36,69","157,36","194,39",10,TERMINATING,15,2,17,Affine Template / Affine Template
ATVA2026_benchmark/TERM_LASSO//lasso_traces_aaron3-1.c/lasso_trace_1.txt,TERMINATING,"2,2","143,99","151,95","298,14",10,TERMINATING,9,2,11,Affine Template / Affine Template
ATVA2026_benchmark/TERM_LASSO//lasso_traces_aaron3-1.c/lasso_trace_2.txt,TERMINATING,"0,61","132,87","141,38","274,86",18,TERMINATING,11,3,14,Affine Template / Affine Template
ATVA2026_benchmark/TERM_LASSO//lasso_traces_aaron3-1.c/lasso_trace_3.txt,TERMINATING,"0,48","111,28","129,53","241,29",10,TERMINATING,12,2,14,Affine Template / Affine Template
ATVA2026_benchmark/TERM_LASSO//lasso_traces_aaron3-1.c/lasso_trace_4.txt,TERMINATING,"0,43","32,63","156,04","189,1",10,TERMINATING,15,2,17,Affine Template / Affine Template
ATVA2026_benchmark/TERM_LASSO//lasso_traces_aaron3-2_no-overflow.c/lasso_trace_1.txt,TERMINATING,"2,3","2917,93","77,25","2997,48",67,TERMINATING,5,1,6,2-Phase Template / 2-Nested Template
ATVA2026_benchmark/TERM_LASSO//lasso_traces_aaron3-2.c/lasso_trace_1.txt,TERMINATING,"2,42","2753,71","68,02","2824,15",53,TERMINATING,5,1,6,2-Phase Template / 2-Nested Template
ATVA2026_benchmark/TERM_LASSO//lasso_traces_Ackermann_Main.bpl/lasso_trace_1.txt,TERMINATING,"4,11","89,58","131,94","225,63",5,TERMINATING,0,4,4,Affine Template / Affine Template
ATVA2026_benchmark/TERM_LASSO//lasso_traces_Ackermann_Main.bpl/lasso_trace_2.txt,TERMINATING,"0,87","76,69","84,43","161,99",6,TERMINATING,1,4,5,Affine Template / Affine Template
ATVA2026_benchmark/TERM_LASSO//lasso_traces_Ackermann_Main.bpl/lasso_trace_3.txt,TERMINATING,"0,77","47,92","127,62","176,31",10,TERMINATING,4,4,8,Affine Template / Affine Template
ATVA2026_benchmark/TERM_LASSO//lasso_traces_Ackermann_Main.bpl/lasso_trace_5.txt,TERMINATING,"0,81","67,48","81,67","149,96",8,TERMINATING,7,8,15,Affine Template / Affine Template
ATVA2026_benchmark/TERM_LASSO//lasso_traces_Ackermann_Main.bpl/lasso_trace_7.txt,TERMINATING,"0,63","41,95","41,25","83,83",6,TERMINATING,10,4,14,Affine Template / Affine Template
ATVA2026_benchmark/TERM_LASSO//lasso_traces_Ackermann_true-termination.c/lasso_trace_1.txt,TERMINATING,"2,11","102,99","197,5","302,6",25,TERMINATING,7,4,11,Affine Template / Affine Template
ATVA2026_benchmark/TERM_LASSO//lasso_traces_Ackermann_true-termination.c/lasso_trace_10.txt,TERMINATING,"0,27","171,09","177,92","349,28",28,TERMINATING,56,4,60,Affine Template / Affine Template
ATVA2026_benchmark/TERM_LASSO//lasso_traces_Ackermann_true-termination.c/lasso_trace_3.txt,TERMINATING,"0,35","80,89","27,9","109,14",14,TERMINATING,11,8,19,Affine Template / Affine Template
ATVA2026_benchmark/TERM_LASSO//lasso_traces_Ackermann_true-termination.c/lasso_trace_4.txt,TERMINATING,"0,41","64,81","148,83","214,05",34,TERMINATING,13,4,17,Affine Template / Affine Template
ATVA2026_benchmark/TERM_LASSO//lasso_traces_Ackermann-1_no-overflow.c/lasso_trace_1.txt,TERMINATING,"1,79","125,2","182,12","309,11",25,TERMINATING,7,4,11,Affine Template / Affine Template
ATVA2026_benchmark/TERM_LASSO//lasso_traces_Ackermann-1_no-overflow.c/lasso_trace_12.txt,TERMINATING,"0,34","95,34","108,36","204,04",24,TERMINATING,44,4,48,Affine Template / Affine Template
ATVA2026_benchmark/TERM_LASSO//lasso_traces_Ackermann-1_no-overflow.c/lasso_trace_2.txt,TERMINATING,"0,43","121,91","141,86","264,2",24,TERMINATING,11,4,15,Affine Template / Affine Template
ATVA2026_benchmark/TERM_LASSO//lasso_traces_Ackermann-1_no-overflow.c/lasso_trace_5.txt,TERMINATING,"0,38","126,99","66,92","194,29",15,TERMINATING,18,8,26,Affine Template / Affine Template
ATVA2026_benchmark/TERM_LASSO//lasso_traces_Ackermann-1_no-overflow.c/lasso_trace_6.txt,TERMINATING,"0,38","126,78","147,6","274,76",32,TERMINATING,21,4,25,Affine Template / Affine Template
ATVA2026_benchmark/TERM_LASSO//lasso_traces_Ackermann-1.c/lasso_trace_1.txt,TERMINATING,"3,03","112,58","196,24","311,85",24,TERMINATING,7,4,11,Affine Template / Affine Template
ATVA2026_benchmark/TERM_LASSO//lasso_traces_Ackermann-1.c/lasso_trace_12.txt,TERMINATING,"0,33","100,51","115,42","216,26",23,TERMINATING,44,4,48,Affine Template / Affine Template
ATVA2026_benchmark/TERM_LASSO//lasso_traces_Ackermann-1.c/lasso_trace_2.txt,TERMINATING,"0,39","139,79","155,35","295,53",24,TERMINATING,11,4,15,Affine Template / Affine Template
ATVA2026_benchmark/TERM_LASSO//lasso_traces_Ackermann-1.c/lasso_trace_5.txt,TERMINATING,"0,4","135,72","75,97","212,09",14,TERMINATING,18,8,26,Affine Template / Affine Template
ATVA2026_benchmark/TERM_LASSO//lasso_traces_Ackermann-1.c/lasso_trace_6.txt,TERMINATING,"0,45","140,07","156,38","296,9",33,TERMINATING,21,4,25,Affine Template / Affine Template
ATVA2026_benchmark/TERM_LASSO//lasso_traces_Ackermann-2_termination.c/lasso_trace_1.txt,TERMINATING,2,"113,68","181,88","297,56",23,TERMINATING,9,4,13,Affine Template / Affine Template
ATVA2026_benchmark/TERM_LASSO//lasso_traces_Ackermann-2_termination.c/lasso_trace_3.txt,TERMINATING,"0,37","73,34","26,15","99,86",12,TERMINATING,13,8,21,Affine Template / Affine Template
ATVA2026_benchmark/TERM_LASSO//lasso_traces_Ackermann-2_termination.c/lasso_trace_4.txt,TERMINATING,"0,4","67,05","147,41","214,86",33,TERMINATING,15,4,19,Affine Template / Affine Template
ATVA2026_benchmark/TERM_LASSO//lasso_traces_Ackermann-2.c/lasso_trace_1.txt,TERMINATING,"2,28","121,02","195,44","318,74",24,TERMINATING,9,4,13,Affine Template / Affine Template
ATVA2026_benchmark/TERM_LASSO//lasso_traces_Ackermann-2.c/lasso_trace_3.txt,TERMINATING,"0,39","76,35","31,06","107,8",14,TERMINATING,13,8,21,Affine Template / Affine Template
ATVA2026_benchmark/TERM_LASSO//lasso_traces_Ackermann-2.c/lasso_trace_4.txt,TERMINATING,"0,45","73,09","141,39","214,93",35,TERMINATING,15,4,19,Affine Template / Affine Template
ATVA2026_benchmark/TERM_LASSO//lasso_traces_ackermann.bpl/lasso_trace_1.txt,TERMINATING,"1,68","31,72","37,58","70,98",7,TERMINATING,0,4,4,Affine Template / Affine Template
ATVA2026_benchmark/TERM_LASSO//lasso_traces_Ackermann.bpl/lasso_trace_1.txt,TERMINATING,"1,64",123,"141,42","266,06",8,TERMINATING,0,4,4,Affine Template / Affine Template
ATVA2026_benchmark/TERM_LASSO//lasso_traces_Ackermann.bpl/lasso_trace_15.txt,TERMINATING,"0,33","74,71","61,92","136,96",11,TERMINATING,104,4,108,Affine Template / Affine Template
ATVA2026_benchmark/TERM_LASSO//lasso_traces_ackermann.bpl/lasso_trace_3.txt,TERMINATING,"0,9","63,2","57,32","121,42",6,TERMINATING,6,4,10,Affine Template / Affine Template
ATVA2026_benchmark/TERM_LASSO//lasso_traces_Ackermann.bpl/lasso_trace_3.txt,TERMINATING,"0,75","84,6","99,87","185,22",8,TERMINATING,4,4,8,Affine Template / Affine Template
ATVA2026_benchmark/TERM_LASSO//lasso_traces_Ackermann.bpl/lasso_trace_4.txt,TERMINATING,"0,49","114,68","149,88","265,05",11,TERMINATING,6,4,10,Affine Template / Affine Template
ATVA2026_benchmark/TERM_LASSO//lasso_traces_Ackermann01_true-termination.c/lasso_trace_1.txt,TERMINATING,"2,48","95,43","120,29","218,2",13,TERMINATING,8,4,12,Affine Template / Affine Template
ATVA2026_benchmark/TERM_LASSO//lasso_traces_Ackermann01_true-termination.c/lasso_trace_2.txt,TERMINATING,"0,6","68,93","80,27","149,8",34,TERMINATING,9,4,13,Affine Template / Affine Template
ATVA2026_benchmark/TERM_LASSO//lasso_traces_Ackermann01_true-termination.c/lasso_trace_3.txt,TERMINATING,"0,47",162,"149,85","312,32",34,TERMINATING,14,4,18,Affine Template / Affine Template
ATVA2026_benchmark/TERM_LASSO//lasso_traces_ACSL-InvariantAndContinue.c/lasso_trace_1.txt,TERMINATING,"1,71","45,75","51,57","99,03",4,TERMINATING,5,2,7,Affine Template / Affine Template
ATVA2026_benchmark/TERM_LASSO//lasso_traces_Acsl01-EnsuresLocal-Safe.c/lasso_trace_1.txt,TERMINATING,"2,13","66,23","75,01","143,37",7,TERMINATING,7,1,8,Affine Template / Affine Template
ATVA2026_benchmark/TERM_LASSO//lasso_traces_Acsl02-EnsuresLocal-Unsafe.c/lasso_trace_1.txt,TERMINATING,"2,35","69,21","75,64","147,2",7,TERMINATING,7,1,8,Affine Template / Affine Template
ATVA2026_benchmark/TERM_LASSO//lasso_traces_Acsl03-EnsuresGlobal-Safe.c/lasso_trace_1.txt,TERMINATING,"2,03","64,47","74,69","141,19",8,TERMINATING,7,1,8,Affine Template / Affine Template
ATVA2026_benchmark/TERM_LASSO//lasso_traces_Acsl04-EnsuresGlobal-Unsafe.c/lasso_trace_1.txt,TERMINATING,"2,07","71,89","78,73","152,69",6,TERMINATING,7,1,8,Affine Template / Affine Template
ATVA2026_benchmark/TERM_LASSO//lasso_traces_AcslLoopInvariant.c/lasso_trace_1.txt,TERMINATING,"1,84","49,34","80,56","131,74",8,TERMINATING,5,2,7,Affine Template / Affine Template
ATVA2026_benchmark/TERM_LASSO//lasso_traces_addition-correct.bpl/lasso_trace_1.txt,TERMINATING,"2,29","25,08","37,97","65,34",5,TERMINATING,0,3,3,Affine Template / Affine Template
ATVA2026_benchmark/TERM_LASSO//lasso_traces_addition-correct.bpl/lasso_trace_2.txt,TERMINATING,"0,51","43,76","28,25","72,52",6,TERMINATING,2,3,5,Affine Template / Affine Template
ATVA2026_benchmark/TERM_LASSO//lasso_traces_addition-incorrect.bpl/lasso_trace_1.txt,TERMINATING,"2,31","26,63","32,89","61,83",5,TERMINATING,0,3,3,Affine Template / Affine Template
ATVA2026_benchmark/TERM_LASSO//lasso_traces_addition-incorrect.bpl/lasso_trace_2.txt,TERMINATING,"0,51","65,9","81,6","148,01",7,TERMINATING,2,3,5,Affine Template / Affine Template
ATVA2026_benchmark/TERM_LASSO//lasso_traces_addition-incorrect2.bpl/lasso_trace_1.txt,TERMINATING,2,"34,29","49,19","85,48",5,TERMINATING,0,3,3,Affine Template / Affine Template
ATVA2026_benchmark/TERM_LASSO//lasso_traces_addition-incorrect2.bpl/lasso_trace_2.txt,TERMINATING,"0,84","59,38","68,64","128,86",6,TERMINATING,2,3,5,Affine Template / Affine Template
ATVA2026_benchmark/TERM_LASSO//lasso_traces_Addition01_true-termination.c/lasso_trace_1.txt,TERMINATING,"4,75","72,99","34,47","112,21",8,TERMINATING,8,4,12,Affine Template / Affine Template
ATVA2026_benchmark/TERM_LASSO//lasso_traces_Addition01_true-unreach-call_true-termination.c/lasso_trace_1.txt,TERMINATING,"3,27","58,78","32,45","94,5",8,TERMINATING,8,4,12,Affine Template / Affine Template
ATVA2026_benchmark/TERM_LASSO//lasso_traces_afnp2014.c.i_3.bpl/lasso_trace_1.txt,TERMINATING,"2,25","68,01","76,09","146,35",11,TERMINATING,1,2,3,Affine Template / Affine Template
ATVA2026_benchmark/TERM_LASSO//lasso_traces_afterrec_2calls_false-unreach-call.c/lasso_trace_1.txt,TERMINATING,"1,83","67,26","48,91",118,5,TERMINATING,5,6,11,Affine Template / Affine Template
ATVA2026_benchmark/TERM_LASSO//lasso_traces_AG313.bpl/lasso_trace_1.txt,TERMINATING,"1,94","66,11","35,68","103,73",8,TERMINATING,2,2,4,Affine Template / Affine Template
ATVA2026_benchmark/TERM_LASSO//lasso_traces_AliasDarteFeautrierGonnord-SAS2010-aaron2_no-overflow.c/lasso_trace_1.txt,TERMINATING,"1,78","124,94","53,9","180,62",14,TERMINATING,5,1,6,Affine Template / Affine Template
ATVA2026_benchmark/TERM_LASSO//lasso_traces_AliasDarteFeautrierGonnord-SAS2010-aaron2_true-termination.c/lasso_trace_1.txt,TERMINATING,"2,46","133,28","56,4","192,14",13,TERMINATING,5,1,6,Affine Template / Affine Template
ATVA2026_benchmark/TERM_LASSO//lasso_traces_AliasDarteFeautrierGonnord-SAS2010-aaron2.c/lasso_trace_1.txt,TERMINATING,"1,92","134,82","52,23","188,97",12,TERMINATING,5,1,6,Affine Template / Affine Template
ATVA2026_benchmark/TERM_LASSO//lasso_traces_AliasDarteFeautrierGonnord-SAS2010-aaron3_no-overflow.c/lasso_trace_1.txt,TERMINATING,"2,05","2170,02","39,29","2211,36",51,TERMINATING,5,1,6,2-Phase Template / 2-Nested Template
ATVA2026_benchmark/TERM_LASSO//lasso_traces_AliasDarteFeautrierGonnord-SAS2010-aaron3_true-termination.c/lasso_trace_1.txt,TERMINATING,"2,4","2298,94","45,3","2346,64",49,TERMINATING,5,1,6,2-Phase Template / 2-Nested Template
ATVA2026_benchmark/TERM_LASSO//lasso_traces_AliasDarteFeautrierGonnord-SAS2010-aaron3.c/lasso_trace_1.txt,TERMINATING,"2,06","2326,5","42,34","2370,9",48,TERMINATING,5,1,6,2-Phase Template / 2-Nested Template
ATVA2026_benchmark/TERM_LASSO//lasso_traces_AliasDarteFeautrierGonnord-SAS2010-complex_no-overflow.c/lasso_trace_1.txt,TERMINATING,"2,19","103,25","84,57","190,01",8,TERMINATING,5,2,7,Affine Template / Affine Template
ATVA2026_benchmark/TERM_LASSO//lasso_traces_AliasDarteFeautrierGonnord-SAS2010-complex_no-overflow.c/lasso_trace_2.txt,TERMINATING,"0,53","116,58","69,51","186,62",19,TERMINATING,8,1,9,Affine Template / Affine Template
ATVA2026_benchmark/TERM_LASSO//lasso_traces_AliasDarteFeautrierGonnord-SAS2010-complex_no-overflow.c/lasso_trace_3.txt,TERMINATING,"0,37","111,11","29,83","141,31",22,TERMINATING,10,1,11,Affine Template / Affine Template
ATVA2026_benchmark/TERM_LASSO//lasso_traces_AliasDarteFeautrierGonnord-SAS2010-complex_no-overflow.c/lasso_trace_4.txt,TERMINATING,"0,59","81,51","30,74","112,84",21,TERMINATING,11,1,12,Affine Template / Affine Template
ATVA2026_benchmark/TERM_LASSO//lasso_traces_AliasDarteFeautrierGonnord-SAS2010-complex_true-termination.c/lasso_trace_1.txt,TERMINATING,"2,2","117,25","94,57","214,02",8,TERMINATING,5,2,7,Affine Template / Affine Template
ATVA2026_benchmark/TERM_LASSO//lasso_traces_AliasDarteFeautrierGonnord-SAS2010-complex_true-termination.c/lasso_trace_2.txt,TERMINATING,"0,87","124,48","71,09","196,44",22,TERMINATING,8,1,9,Affine Template / Affine Template
ATVA2026_benchmark/TERM_LASSO//lasso_traces_AliasDarteFeautrierGonnord-SAS2010-complex_true-termination.c/lasso_trace_3.txt,TERMINATING,"0,47","121,65","34,61","156,73",22,TERMINATING,10,1,11,Affine Template / Affine Template
ATVA2026_benchmark/TERM_LASSO//lasso_traces_AliasDarteFeautrierGonnord-SAS2010-complex_true-termination.c/lasso_trace_4.txt,TERMINATING,"0,44","78,68","30,15","109,27",22,TERMINATING,11,1,12,Affine Template / Affine Template
ATVA2026_benchmark/TERM_LASSO//lasso_traces_AliasDarteFeautrierGonnord-SAS2010-complex.c/lasso_trace_1.txt,TERMINATING,"2,81","107,68","96,15","206,64",8,TERMINATING,5,2,7,Affine Template / Affine Template
ATVA2026_benchmark/TERM_LASSO//lasso_traces_AliasDarteFeautrierGonnord-SAS2010-complex.c/lasso_trace_2.txt,TERMINATING,"0,74","125,95","70,91","197,6",20,TERMINATING,8,1,9,Affine Template / Affine Template
ATVA2026_benchmark/TERM_LASSO//lasso_traces_AliasDarteFeautrierGonnord-SAS2010-complex.c/lasso_trace_3.txt,TERMINATING,"0,46","106,68","27,99","135,13",21,TERMINATING,10,1,11,Affine Template / Affine Template
ATVA2026_benchmark/TERM_LASSO//lasso_traces_AliasDarteFeautrierGonnord-SAS2010-complex.c/lasso_trace_4.txt,TERMINATING,"0,66","73,44","29,24","103,34",21,TERMINATING,11,1,12,Affine Template / Affine Template
ATVA2026_benchmark/TERM_LASSO//lasso_traces_AliasDarteFeautrierGonnord-SAS2010-counterex1b_no-overflow.c/lasso_trace_2.txt,TERMINATING,"2,63","54,25","51,78","108,66",9,TERMINATING,5,6,11,Affine Template / Affine Template
ATVA2026_benchmark/TERM_LASSO//lasso_traces_AliasDarteFeautrierGonnord-SAS2010-counterex1b_no-overflow.c/lasso_trace_3.txt,TERMINATING,"0,78","122,49","122,82","246,09",8,TERMINATING,6,2,8,Affine Template / Affine Template
ATVA2026_benchmark/TERM_LASSO//lasso_traces_AliasDarteFeautrierGonnord-SAS2010-counterex1b_no-overflow.c/lasso_trace_4.txt,TERMINATING,"0,41","93,83","147,86","242,1",8,TERMINATING,11,2,13,Affine Template / Affine Template
ATVA2026_benchmark/TERM_LASSO//lasso_traces_AliasDarteFeautrierGonnord-SAS2010-counterex1b_no-overflow.c/lasso_trace_5.txt,TERMINATING,"0,31","82,28","130,18","212,77",8,TERMINATING,14,2,16,Affine Template / Affine Template
ATVA2026_benchmark/TERM_LASSO//lasso_traces_AliasDarteFeautrierGonnord-SAS2010-counterex1b_true-termination.c/lasso_trace_2.txt,TERMINATING,"2,79","54,82","44,99","102,6",8,TERMINATING,5,6,11,Affine Template / Affine Template
ATVA2026_benchmark/TERM_LASSO//lasso_traces_AliasDarteFeautrierGonnord-SAS2010-counterex1b_true-termination.c/lasso_trace_3.txt,TERMINATING,"0,51","136,49","138,5","275,5",8,TERMINATING,6,2,8,Affine Template / Affine Template
ATVA2026_benchmark/TERM_LASSO//lasso_traces_AliasDarteFeautrierGonnord-SAS2010-counterex1b_true-termination.c/lasso_trace_4.txt,TERMINATING,"0,54","101,55","178,37","280,46",9,TERMINATING,11,2,13,Affine Template / Affine Template
ATVA2026_benchmark/TERM_LASSO//lasso_traces_AliasDarteFeautrierGonnord-SAS2010-counterex1b_true-termination.c/lasso_trace_5.txt,TERMINATING,"0,33","76,1","138,82","215,25",8,TERMINATING,14,2,16,Affine Template / Affine Template
ATVA2026_benchmark/TERM_LASSO//lasso_traces_AliasDarteFeautrierGonnord-SAS2010-counterex1b.c/lasso_trace_2.txt,TERMINATING,"2,14","58,41","49,64","110,19",8,TERMINATING,5,6,11,Affine Template / Affine Template
ATVA2026_benchmark/TERM_LASSO//lasso_traces_AliasDarteFeautrierGonnord-SAS2010-counterex1b.c/lasso_trace_3.txt,TERMINATING,"0,54","129,16","133,16","262,86",8,TERMINATING,6,2,8,Affine Template / Affine Template
ATVA2026_benchmark/TERM_LASSO//lasso_traces_AliasDarteFeautrierGonnord-SAS2010-counterex1b.c/lasso_trace_4.txt,TERMINATING,"0,39","95,27","162,63","258,29",8,TERMINATING,11,2,13,Affine Template / Affine Template
ATVA2026_benchmark/TERM_LASSO//lasso_traces_AliasDarteFeautrierGonnord-SAS2010-counterex1b.c/lasso_trace_5.txt,TERMINATING,"0,37","84,85","131,27","216,49",8,TERMINATING,14,2,16,Affine Template / Affine Template
ATVA2026_benchmark/TERM_LASSO//lasso_traces_AliasDarteFeautrierGonnord-SAS2010-easy1_no-overflow.c/lasso_trace_1.txt,TERMINATING,"2,04","116,92","60,48","179,44",13,TERMINATING,5,1,6,Affine Template / Affine Template
ATVA2026_benchmark/TERM_LASSO//lasso_traces_AliasDarteFeautrierGonnord-SAS2010-easy1_true-termination.c/lasso_trace_1.txt,TERMINATING,"2,09","121,92","67,66","191,67",13,TERMINATING,5,1,6,Affine Template / Affine Template
ATVA2026_benchmark/TERM_LASSO//lasso_traces_AliasDarteFeautrierGonnord-SAS2010-easy1.c/lasso_trace_1.txt,TERMINATING,"2,18","124,33","68,18","194,69",12,TERMINATING,5,1,6,Affine Template / Affine Template
ATVA2026_benchmark/TERM_LASSO//lasso_traces_AliasDarteFeautrierGonnord-SAS2010-easy2_true-termination.c/lasso_trace_1.txt,TERMINATING,"2,03","65,84","80,55","148,42",7,TERMINATING,5,1,6,Affine Template / Affine Template
ATVA2026_benchmark/TERM_LASSO//lasso_traces_AliasDarteFeautrierGonnord-SAS2010-easy2-1_no-overflow.c/lasso_trace_1.txt,TERMINATING,"2,06","70,86","83,36","156,28",7,TERMINATING,5,1,6,Affine Template / Affine Template
ATVA2026_benchmark/TERM_LASSO//lasso_traces_AliasDarteFeautrierGonnord-SAS2010-easy2-1.c/lasso_trace_1.txt,TERMINATING,"1,98","73,56","86,26","161,8",7,TERMINATING,5,1,6,Affine Template / Affine Template
ATVA2026_benchmark/TERM_LASSO//lasso_traces_AliasDarteFeautrierGonnord-SAS2010-easy2-2_no-overflow.c/lasso_trace_1.txt,TERMINATING,"1,92","68,7","75,07","145,69",6,TERMINATING,5,1,6,Affine Template / Affine Template
ATVA2026_benchmark/TERM_LASSO//lasso_traces_AliasDarteFeautrierGonnord-SAS2010-easy2-2.c/lasso_trace_1.txt,TERMINATING,"2,15","73,21","78,71","154,07",6,TERMINATING,5,1,6,Affine Template / Affine Template
ATVA2026_benchmark/TERM_LASSO//lasso_traces_AliasDarteFeautrierGonnord-SAS2010-exmini_no-overflow.c/lasso_trace_1.txt,TERMINATING,"2,06","140,74","35,79","178,59",11,TERMINATING,5,1,6,Affine Template / Affine Template
ATVA2026_benchmark/TERM_LASSO//lasso_traces_AliasDarteFeautrierGonnord-SAS2010-exmini_true-termination.c/lasso_trace_1.txt,TERMINATING,"2,15","140,77","35,44","178,36",11,TERMINATING,5,1,6,Affine Template / Affine Template
ATVA2026_benchmark/TERM_LASSO//lasso_traces_AliasDarteFeautrierGonnord-SAS2010-exmini.c/lasso_trace_1.txt,TERMINATING,"2,16","143,41","36,16","181,73",11,TERMINATING,5,1,6,Affine Template / Affine Template
ATVA2026_benchmark/TERM_LASSO//lasso_traces_AliasDarteFeautrierGonnord-SAS2010-Fig1_no-overflow.c/lasso_trace_1.txt,TERMINATING,"1,85","58,7","108,71","169,26",7,TERMINATING,5,3,8,Affine Template / Affine Template
ATVA2026_benchmark/TERM_LASSO//lasso_traces_AliasDarteFeautrierGonnord-SAS2010-Fig1_no-overflow.c/lasso_trace_2.txt,TERMINATING,"0,38","102,52","102,62","205,52",8,TERMINATING,9,2,11,Affine Template / Affine Template
ATVA2026_benchmark/TERM_LASSO//lasso_traces_AliasDarteFeautrierGonnord-SAS2010-Fig1_no-overflow.c/lasso_trace_4.txt,TERMINATING,"0,45","42,3","92,93","135,68",8,TERMINATING,11,6,17,Affine Template / Affine Template
ATVA2026_benchmark/TERM_LASSO//lasso_traces_AliasDarteFeautrierGonnord-SAS2010-Fig1_no-overflow.c/lasso_trace_6.txt,TERMINATING,"0,3","86,75","109,74","196,79",8,TERMINATING,15,2,17,Affine Template / Affine Template
ATVA2026_benchmark/TERM_LASSO//lasso_traces_AliasDarteFeautrierGonnord-SAS2010-Fig1_no-overflow.c/lasso_trace_8.txt,TERMINATING,"0,29","88,19","123,73","212,21",9,TERMINATING,32,3,35,Affine Template / Affine Template
ATVA2026_benchmark/TERM_LASSO//lasso_traces_AliasDarteFeautrierGonnord-SAS2010-Fig1_true-termination.c/lasso_trace_1.txt,TERMINATING,"2,01","55,21","122,61","179,83",7,TERMINATING,5,3,8,Affine Template / Affine Template
ATVA2026_benchmark/TERM_LASSO//lasso_traces_AliasDarteFeautrierGonnord-SAS2010-Fig1_true-termination.c/lasso_trace_2.txt,TERMINATING,"0,41","107,2","121,42","229,03",8,TERMINATING,9,2,11,Affine Template / Affine Template
ATVA2026_benchmark/TERM_LASSO//lasso_traces_AliasDarteFeautrierGonnord-SAS2010-Fig1_true-termination.c/lasso_trace_4.txt,TERMINATING,"0,5","39,87","96,87","137,24",8,TERMINATING,11,6,17,Affine Template / Affine Template
ATVA2026_benchmark/TERM_LASSO//lasso_traces_AliasDarteFeautrierGonnord-SAS2010-Fig1_true-termination.c/lasso_trace_6.txt,TERMINATING,"0,3","84,75","119,27","204,32",8,TERMINATING,15,2,17,Affine Template / Affine Template
ATVA2026_benchmark/TERM_LASSO//lasso_traces_AliasDarteFeautrierGonnord-SAS2010-Fig1_true-termination.c/lasso_trace_8.txt,TERMINATING,"0,29","82,35","132,95","215,59",8,TERMINATING,32,3,35,Affine Template / Affine Template
ATVA2026_benchmark/TERM_LASSO//lasso_traces_AliasDarteFeautrierGonnord-SAS2010-Fig1.c/lasso_trace_1.txt,TERMINATING,"2,57","58,84","122,73","184,14",6,TERMINATING,5,3,8,Affine Template / Affine Template
ATVA2026_benchmark/TERM_LASSO//lasso_traces_AliasDarteFeautrierGonnord-SAS2010-Fig1.c/lasso_trace_2.txt,TERMINATING,"0,37","108,18","108,72","217,27",8,TERMINATING,9,2,11,Affine Template / Affine Template
ATVA2026_benchmark/TERM_LASSO//lasso_traces_AliasDarteFeautrierGonnord-SAS2010-Fig1.c/lasso_trace_4.txt,TERMINATING,"0,36","39,31","88,19","127,86",8,TERMINATING,11,6,17,Affine Template / Affine Template
ATVA2026_benchmark/TERM_LASSO//lasso_traces_AliasDarteFeautrierGonnord-SAS2010-Fig1.c/lasso_trace_6.txt,TERMINATING,"0,29","85,79","116,11","202,19",7,TERMINATING,15,2,17,Affine Template / Affine Template
ATVA2026_benchmark/TERM_LASSO//lasso_traces_AliasDarteFeautrierGonnord-SAS2010-Fig1.c/lasso_trace_8.txt,TERMINATING,"0,24","95,09","122,25","217,58",8,TERMINATING,32,3,35,Affine Template / Affine Template
ATVA2026_benchmark/TERM_LASSO//lasso_traces_AliasDarteFeautrierGonnord-SAS2010-Fig2a_no-overflow.c/lasso_trace_2.txt,TERMINATING,"1,88","128,22","119,04","249,14",8,TERMINATING,5,4,9,Affine Template / Affine Template
ATVA2026_benchmark/TERM_LASSO//lasso_traces_AliasDarteFeautrierGonnord-SAS2010-Fig2a_true-termination.c/lasso_trace_2.txt,TERMINATING,"2,21","132,62","144,06","278,89",10,TERMINATING,5,4,9,Affine Template / Affine Template
ATVA2026_benchmark/TERM_LASSO//lasso_traces_AliasDarteFeautrierGonnord-SAS2010-Fig2a.c/lasso_trace_2.txt,TERMINATING,"2,06","134,08","132,97","269,11",8,TERMINATING,5,4,9,Affine Template / Affine Template
ATVA2026_benchmark/TERM_LASSO//lasso_traces_AliasDarteFeautrierGonnord-SAS2010-Fig2b_no-overflow.c/lasso_trace_10.txt,TERMINATING,"0,3","55,48","25,9","81,68",9,TERMINATING,14,11,25,Affine Template / Affine Template
ATVA2026_benchmark/TERM_LASSO//lasso_traces_AliasDarteFeautrierGonnord-SAS2010-Fig2b_no-overflow.c/lasso_trace_11.txt,TERMINATING,"0,27","115,8","49,59","165,66",13,TERMINATING,21,11,32,Affine Template / Affine Template
ATVA2026_benchmark/TERM_LASSO//lasso_traces_AliasDarteFeautrierGonnord-SAS2010-Fig2b_no-overflow.c/lasso_trace_12.txt,TERMINATING,"0,24","115,57","156,7","272,51",9,TERMINATING,14,13,27,Affine Template / Affine Template
ATVA2026_benchmark/TERM_LASSO//lasso_traces_AliasDarteFeautrierGonnord-SAS2010-Fig2b_no-overflow.c/lasso_trace_13.txt,TERMINATING,"0,25","83,21","85,27","168,73",9,TERMINATING,18,13,31,Affine Template / Affine Template
ATVA2026_benchmark/TERM_LASSO//lasso_traces_AliasDarteFeautrierGonnord-SAS2010-Fig2b_no-overflow.c/lasso_trace_14.txt,TERMINATING,"0,28","100,76","38,94","139,98",9,TERMINATING,25,4,29,Affine Template / Affine Template
ATVA2026_benchmark/TERM_LASSO//lasso_traces_AliasDarteFeautrierGonnord-SAS2010-Fig2b_no-overflow.c/lasso_trace_15.txt,TERMINATING,"0,32","110,64","40,88","151,84",9,TERMINATING,25,15,40,Affine Template / Affine Template
ATVA2026_benchmark/TERM_LASSO//lasso_traces_AliasDarteFeautrierGonnord-SAS2010-Fig2b_no-overflow.c/lasso_trace_2.txt,TERMINATING,"1,82","65,54","63,15","130,51",8,TERMINATING,5,4,9,Affine Template / Affine Template
ATVA2026_benchmark/TERM_LASSO//lasso_traces_AliasDarteFeautrierGonnord-SAS2010-Fig2b_no-overflow.c/lasso_trace_4.txt,TERMINATING,"0,28","51,01","25,91","77,2",9,TERMINATING,8,2,10,Affine Template / Affine Template
ATVA2026_benchmark/TERM_LASSO//lasso_traces_AliasDarteFeautrierGonnord-SAS2010-Fig2b_no-overflow.c/lasso_trace_5.txt,TERMINATING,"0,28","122,14","75,97","198,39",17,TERMINATING,13,5,18,Affine Template / Affine Template
ATVA2026_benchmark/TERM_LASSO//lasso_traces_AliasDarteFeautrierGonnord-SAS2010-Fig2b_no-overflow.c/lasso_trace_6.txt,TERMINATING,"0,31","67,63","95,77","163,71",9,TERMINATING,15,4,19,Affine Template / Affine Template
ATVA2026_benchmark/TERM_LASSO//lasso_traces_AliasDarteFeautrierGonnord-SAS2010-Fig2b_no-overflow.c/lasso_trace_8.txt,TERMINATING,"0,31","121,24","138,79","260,34",9,TERMINATING,17,2,19,Affine Template / Affine Template
ATVA2026_benchmark/TERM_LASSO//lasso_traces_AliasDarteFeautrierGonnord-SAS2010-Fig2b_no-overflow.c/lasso_trace_9.txt,TERMINATING,"0,3","90,93","88,35","179,58",9,TERMINATING,19,4,23,Affine Template / Affine Template
ATVA2026_benchmark/TERM_LASSO//lasso_traces_AliasDarteFeautrierGonnord-SAS2010-Fig2b_true-termination.c/lasso_trace_10.txt,TERMINATING,"0,37","63,95","26,89","91,21",8,TERMINATING,14,11,25,Affine Template / Affine Template
ATVA2026_benchmark/TERM_LASSO//lasso_traces_AliasDarteFeautrierGonnord-SAS2010-Fig2b_true-termination.c/lasso_trace_11.txt,TERMINATING,"0,28","124,93","54,52","179,73",9,TERMINATING,21,11,32,Affine Template / Affine Template
ATVA2026_benchmark/TERM_LASSO//lasso_traces_AliasDarteFeautrierGonnord-SAS2010-Fig2b_true-termination.c/lasso_trace_12.txt,TERMINATING,"0,32","118,42","164,99","283,73",9,TERMINATING,14,13,27,Affine Template / Affine Template
ATVA2026_benchmark/TERM_LASSO//lasso_traces_AliasDarteFeautrierGonnord-SAS2010-Fig2b_true-termination.c/lasso_trace_13.txt,TERMINATING,"0,33","96,77","85,85","182,95",9,TERMINATING,18,13,31,Affine Template / Affine Template
ATVA2026_benchmark/TERM_LASSO//lasso_traces_AliasDarteFeautrierGonnord-SAS2010-Fig2b_true-termination.c/lasso_trace_14.txt,TERMINATING,"0,35","114,13","47,02","161,5",10,TERMINATING,25,4,29,Affine Template / Affine Template
ATVA2026_benchmark/TERM_LASSO//lasso_traces_AliasDarteFeautrierGonnord-SAS2010-Fig2b_true-termination.c/lasso_trace_15.txt,TERMINATING,"0,34","123,82","42,24","166,4",10,TERMINATING,25,15,40,Affine Template / Affine Template
ATVA2026_benchmark/TERM_LASSO//lasso_traces_AliasDarteFeautrierGonnord-SAS2010-Fig2b_true-termination.c/lasso_trace_2.txt,TERMINATING,"2,31","76,44","62,38","141,13",11,TERMINATING,5,4,9,Affine Template / Affine Template
ATVA2026_benchmark/TERM_LASSO//lasso_traces_AliasDarteFeautrierGonnord-SAS2010-Fig2b_true-termination.c/lasso_trace_4.txt,TERMINATING,"0,44","62,97","36,9","100,31",9,TERMINATING,8,2,10,Affine Template / Affine Template
ATVA2026_benchmark/TERM_LASSO//lasso_traces_AliasDarteFeautrierGonnord-SAS2010-Fig2b_true-termination.c/lasso_trace_5.txt,TERMINATING,"0,37","122,09","84,06","206,52",19,TERMINATING,13,5,18,Affine Template / Affine Template
ATVA2026_benchmark/TERM_LASSO//lasso_traces_AliasDarteFeautrierGonnord-SAS2010-Fig2b_true-termination.c/lasso_trace_6.txt,TERMINATING,"0,3","68,19","106,93","175,42",8,TERMINATING,15,4,19,Affine Template / Affine Template
ATVA2026_benchmark/TERM_LASSO//lasso_traces_AliasDarteFeautrierGonnord-SAS2010-Fig2b_true-termination.c/lasso_trace_8.txt,TERMINATING,"0,35","125,8","140,5","266,65",9,TERMINATING,17,2,19,Affine Template / Affine Template
ATVA2026_benchmark/TERM_LASSO//lasso_traces_AliasDarteFeautrierGonnord-SAS2010-Fig2b_true-termination.c/lasso_trace_9.txt,TERMINATING,"0,33","95,49","94,37","190,19",9,TERMINATING,19,4,23,Affine Template / Affine Template
ATVA2026_benchmark/TERM_LASSO//lasso_traces_AliasDarteFeautrierGonnord-SAS2010-Fig2b.c/lasso_trace_10.txt,TERMINATING,"0,28","62,85","27,96","91,09",10,TERMINATING,14,11,25,Affine Template / Affine Template
ATVA2026_benchmark/TERM_LASSO//lasso_traces_AliasDarteFeautrierGonnord-SAS2010-Fig2b.c/lasso_trace_11.txt,TERMINATING,"0,32","119,29","55,33","174,94",10,TERMINATING,21,11,32,Affine Template / Affine Template
ATVA2026_benchmark/TERM_LASSO//lasso_traces_AliasDarteFeautrierGonnord-SAS2010-Fig2b.c/lasso_trace_12.txt,TERMINATING,"0,33","117,66","168,88","286,87",9,TERMINATING,14,13,27,Affine Template / Affine Template
ATVA2026_benchmark/TERM_LASSO//lasso_traces_AliasDarteFeautrierGonnord-SAS2010-Fig2b.c/lasso_trace_13.txt,TERMINATING,"0,65","91,29","98,05","189,99",9,TERMINATING,18,13,31,Affine Template / Affine Template
ATVA2026_benchmark/TERM_LASSO//lasso_traces_AliasDarteFeautrierGonnord-SAS2010-Fig2b.c/lasso_trace_14.txt,TERMINATING,"0,31","108,48","40,1","148,89",9,TERMINATING,25,4,29,Affine Template / Affine Template
ATVA2026_benchmark/TERM_LASSO//lasso_traces_AliasDarteFeautrierGonnord-SAS2010-Fig2b.c/lasso_trace_15.txt,TERMINATING,"0,34","121,31","41,11","162,76",9,TERMINATING,25,15,40,Affine Template / Affine Template
ATVA2026_benchmark/TERM_LASSO//lasso_traces_AliasDarteFeautrierGonnord-SAS2010-Fig2b.c/lasso_trace_2.txt,TERMINATING,2,"73,81","64,51","140,32",9,TERMINATING,5,4,9,Affine Template / Affine Template
ATVA2026_benchmark/TERM_LASSO//lasso_traces_AliasDarteFeautrierGonnord-SAS2010-Fig2b.c/lasso_trace_4.txt,TERMINATING,"0,33","74,84","28,6","103,77",9,TERMINATING,8,2,10,Affine Template / Affine Template
ATVA2026_benchmark/TERM_LASSO//lasso_traces_AliasDarteFeautrierGonnord-SAS2010-Fig2b.c/lasso_trace_5.txt,TERMINATING,"0,36","127,11","87,81","215,28",17,TERMINATING,13,5,18,Affine Template / Affine Template
ATVA2026_benchmark/TERM_LASSO//lasso_traces_AliasDarteFeautrierGonnord-SAS2010-Fig2b.c/lasso_trace_6.txt,TERMINATING,"0,36","69,22","107,08","176,66",9,TERMINATING,15,4,19,Affine Template / Affine Template
ATVA2026_benchmark/TERM_LASSO//lasso_traces_AliasDarteFeautrierGonnord-SAS2010-Fig2b.c/lasso_trace_8.txt,TERMINATING,"0,38","119,26","138,94","258,58",9,TERMINATING,17,2,19,Affine Template / Affine Template
ATVA2026_benchmark/TERM_LASSO//lasso_traces_AliasDarteFeautrierGonnord-SAS2010-Fig2b.c/lasso_trace_9.txt,TERMINATING,"0,53","100,8","90,51","191,84",8,TERMINATING,19,4,23,Affine Template / Affine Template
ATVA2026_benchmark/TERM_LASSO//lasso_traces_AliasDarteFeautrierGonnord-SAS2010-loops_no-overflow.c/lasso_trace_1.txt,TERMINATING,"1,71","113,58","69,62","184,91",6,TERMINATING,6,3,9,Affine Template / Affine Template
ATVA2026_benchmark/TERM_LASSO//lasso_traces_AliasDarteFeautrierGonnord-SAS2010-loops_true-termination.c/lasso_trace_1.txt,TERMINATING,"2,1","120,99","75,22","198,31",7,TERMINATING,6,3,9,Affine Template / Affine Template
ATVA2026_benchmark/TERM_LASSO//lasso_traces_AliasDarteFeautrierGonnord-SAS2010-loops.c/lasso_trace_1.txt,TERMINATING,"2,58","121,17","75,56","199,31",6,TERMINATING,6,3,9,Affine Template / Affine Template
ATVA2026_benchmark/TERM_LASSO//lasso_traces_AliasDarteFeautrierGonnord-SAS2010-ndecr_no-overflow.c/lasso_trace_1.txt,TERMINATING,"1,92","98,61","82,24","182,77",6,TERMINATING,5,1,6,Affine Template / Affine Template
ATVA2026_benchmark/TERM_LASSO//lasso_traces_AliasDarteFeautrierGonnord-SAS2010-ndecr_true-termination.c/lasso_trace_1.txt,TERMINATING,"2,09","102,82","89,14","194,05",6,TERMINATING,5,1,6,Affine Template / Affine Template
ATVA2026_benchmark/TERM_LASSO//lasso_traces_AliasDarteFeautrierGonnord-SAS2010-ndecr.c/lasso_trace_1.txt,TERMINATING,"2,1","99,04","90,06","191,2",6,TERMINATING,5,1,6,Affine Template / Affine Template
ATVA2026_benchmark/TERM_LASSO//lasso_traces_AliasDarteFeautrierGonnord-SAS2010-nestedLoop_true-termination.c/lasso_trace_1.txt,TERMINATING,"2,14","68,59","205,76","276,49",9,TERMINATING,6,2,8,Affine Template / Affine Template
ATVA2026_benchmark/TERM_LASSO//lasso_traces_AliasDarteFeautrierGonnord-SAS2010-nestedLoop_true-termination.c/lasso_trace_2.txt,TERMINATING,"0,72","189,11","178,47","368,3",10,TERMINATING,8,1,9,Affine Template / Affine Template
ATVA2026_benchmark/TERM_LASSO//lasso_traces_AliasDarteFeautrierGonnord-SAS2010-nestedLoop_true-termination.c/lasso_trace_3.txt,TERMINATING,"0,47","93,94","185,5","279,91",9,TERMINATING,9,2,11,Affine Template / Affine Template
ATVA2026_benchmark/TERM_LASSO//lasso_traces_AliasDarteFeautrierGonnord-SAS2010-nestedLoop_true-termination.c/lasso_trace_5.txt,TERMINATING,"0,46","150,02","129,55","280,03",10,TERMINATING,10,4,14,Affine Template / Affine Template
ATVA2026_benchmark/TERM_LASSO//lasso_traces_AliasDarteFeautrierGonnord-SAS2010-nestedLoop_true-termination.c/lasso_trace_6.txt,TERMINATING,"0,35","108,15","176,22","284,72",10,TERMINATING,11,2,13,Affine Template / Affine Template
ATVA2026_benchmark/TERM_LASSO//lasso_traces_AliasDarteFeautrierGonnord-SAS2010-nestedLoop-1_no-overflow.c/lasso_trace_1.txt,TERMINATING,"1,89","56,24","194,95","253,08",9,TERMINATING,6,2,8,Affine Template / Affine Template
ATVA2026_benchmark/TERM_LASSO//lasso_traces_AliasDarteFeautrierGonnord-SAS2010-nestedLoop-1_no-overflow.c/lasso_trace_2.txt,TERMINATING,"0,46","173,44","170,72","344,62",10,TERMINATING,8,1,9,Affine Template / Affine Template
ATVA2026_benchmark/TERM_LASSO//lasso_traces_AliasDarteFeautrierGonnord-SAS2010-nestedLoop-1_no-overflow.c/lasso_trace_3.txt,TERMINATING,"0,4","81,04","182,81","264,25",10,TERMINATING,9,2,11,Affine Template / Affine Template
ATVA2026_benchmark/TERM_LASSO//lasso_traces_AliasDarteFeautrierGonnord-SAS2010-nestedLoop-1_no-overflow.c/lasso_trace_5.txt,TERMINATING,"0,3","137,73","133,73","271,76",11,TERMINATING,10,4,14,Affine Template / Affine Template
ATVA2026_benchmark/TERM_LASSO//lasso_traces_AliasDarteFeautrierGonnord-SAS2010-nestedLoop-1_no-overflow.c/lasso_trace_6.txt,TERMINATING,"0,32","94,65","163,62","258,59",14,TERMINATING,11,2,13,Affine Template / Affine Template
ATVA2026_benchmark/TERM_LASSO//lasso_traces_AliasDarteFeautrierGonnord-SAS2010-nestedLoop-1.c/lasso_trace_1.txt,TERMINATING,"2,31","75,4","204,89","282,6",9,TERMINATING,6,2,8,Affine Template / Affine Template
ATVA2026_benchmark/TERM_LASSO//lasso_traces_AliasDarteFeautrierGonnord-SAS2010-nestedLoop-1.c/lasso_trace_2.txt,TERMINATING,"0,69","182,27","197,29","380,25",10,TERMINATING,8,1,9,Affine Template / Affine Template
ATVA2026_benchmark/TERM_LASSO//lasso_traces_AliasDarteFeautrierGonnord-SAS2010-nestedLoop-1.c/lasso_trace_3.txt,TERMINATING,"0,44","90,01","183,59","274,04",10,TERMINATING,9,2,11,Affine Template / Affine Template
ATVA2026_benchmark/TERM_LASSO//lasso_traces_AliasDarteFeautrierGonnord-SAS2010-nestedLoop-1.c/lasso_trace_5.txt,TERMINATING,"0,38","141,52","125,65","267,55",10,TERMINATING,10,4,14,Affine Template / Affine Template
ATVA2026_benchmark/TERM_LASSO//lasso_traces_AliasDarteFeautrierGonnord-SAS2010-nestedLoop-1.c/lasso_trace_6.txt,TERMINATING,"0,41","103,36","172,43","276,2",10,TERMINATING,11,2,13,Affine Template / Affine Template
ATVA2026_benchmark/TERM_LASSO//lasso_traces_AliasDarteFeautrierGonnord-SAS2010-nestedLoop-2_no-overflow.c/lasso_trace_1.txt,TERMINATING,"2,13","62,13","194,93","259,19",10,TERMINATING,6,2,8,Affine Template / Affine Template
ATVA2026_benchmark/TERM_LASSO//lasso_traces_AliasDarteFeautrierGonnord-SAS2010-nestedLoop-2_no-overflow.c/lasso_trace_2.txt,TERMINATING,"0,58","170,36","163,89","334,83",13,TERMINATING,8,1,9,Affine Template / Affine Template
ATVA2026_benchmark/TERM_LASSO//lasso_traces_AliasDarteFeautrierGonnord-SAS2010-nestedLoop-2_no-overflow.c/lasso_trace_3.txt,TERMINATING,"0,45","83,68","174,7","258,83",10,TERMINATING,9,2,11,Affine Template / Affine Template
ATVA2026_benchmark/TERM_LASSO//lasso_traces_AliasDarteFeautrierGonnord-SAS2010-nestedLoop-2_no-overflow.c/lasso_trace_5.txt,TERMINATING,"0,36","143,17","126,51","270,04",10,TERMINATING,10,4,14,Affine Template / Affine Template
ATVA2026_benchmark/TERM_LASSO//lasso_traces_AliasDarteFeautrierGonnord-SAS2010-nestedLoop-2_no-overflow.c/lasso_trace_6.txt,TERMINATING,"0,27","99,22","168,29","267,78",10,TERMINATING,11,2,13,Affine Template / Affine Template
ATVA2026_benchmark/TERM_LASSO//lasso_traces_AliasDarteFeautrierGonnord-SAS2010-nestedLoop-2.c/lasso_trace_1.txt,TERMINATING,"2,46","65,73","207,2","275,39",9,TERMINATING,6,2,8,Affine Template / Affine Template
ATVA2026_benchmark/TERM_LASSO//lasso_traces_AliasDarteFeautrierGonnord-SAS2010-nestedLoop-2.c/lasso_trace_2.txt,TERMINATING,"0,96","187,16","205,69","393,81",10,TERMINATING,8,1,9,Affine Template / Affine Template
ATVA2026_benchmark/TERM_LASSO//lasso_traces_AliasDarteFeautrierGonnord-SAS2010-nestedLoop-2.c/lasso_trace_3.txt,TERMINATING,"0,43","89,22","182,86","272,51",10,TERMINATING,9,2,11,Affine Template / Affine Template
ATVA2026_benchmark/TERM_LASSO//lasso_traces_AliasDarteFeautrierGonnord-SAS2010-nestedLoop-2.c/lasso_trace_5.txt,TERMINATING,"0,48","151,89","138,73","291,1",15,TERMINATING,10,4,14,Affine Template / Affine Template
ATVA2026_benchmark/TERM_LASSO//lasso_traces_AliasDarteFeautrierGonnord-SAS2010-nestedLoop-2.c/lasso_trace_6.txt,TERMINATING,"0,39","99,47","185,59","285,45",10,TERMINATING,11,2,13,Affine Template / Affine Template
ATVA2026_benchmark/TERM_LASSO//lasso_traces_AliasDarteFeautrierGonnord-SAS2010-random1d_true-termination.c/lasso_trace_1.txt,TERMINATING,"2,07","139,6","129,83","271,5",14,TERMINATING,6,1,7,Affine Template / Affine Template
ATVA2026_benchmark/TERM_LASSO//lasso_traces_AliasDarteFeautrierGonnord-SAS2010-random1d-1_no-overflow.c/lasso_trace_1.txt,TERMINATING,"1,87","117,26","111,92","231,05",13,TERMINATING,6,1,7,Affine Template / Affine Template
ATVA2026_benchmark/TERM_LASSO//lasso_traces_AliasDarteFeautrierGonnord-SAS2010-random1d-1.c/lasso_trace_1.txt,TERMINATING,"2,49","138,92","119,73","261,14",15,TERMINATING,6,1,7,Affine Template / Affine Template
ATVA2026_benchmark/TERM_LASSO//lasso_traces_AliasDarteFeautrierGonnord-SAS2010-random1d-2_no-overflow.c/lasso_trace_1.txt,TERMINATING,"1,95","126,66","114,31","242,92",14,TERMINATING,6,1,7,Affine Template / Affine Template
ATVA2026_benchmark/TERM_LASSO//lasso_traces_AliasDarteFeautrierGonnord-SAS2010-random1d-2.c/lasso_trace_1.txt,TERMINATING,"2,73","139,21","129,63","271,57",17,TERMINATING,6,1,7,Affine Template / Affine Template
ATVA2026_benchmark/TERM_LASSO//lasso_traces_AliasDarteFeautrierGonnord-SAS2010-random2d_no-overflow.c/lasso_trace_1.txt,TERMINATING,"1,62","149,12","60,16","210,9",35,TERMINATING,5,1,6,Affine Template / Affine Template
ATVA2026_benchmark/TERM_LASSO//lasso_traces_AliasDarteFeautrierGonnord-SAS2010-random2d_true-termination.c/lasso_trace_1.txt,TERMINATING,"1,9","174,42","61,56","237,88",34,TERMINATING,5,1,6,Affine Template / Affine Template
ATVA2026_benchmark/TERM_LASSO//lasso_traces_AliasDarteFeautrierGonnord-SAS2010-random2d.c/lasso_trace_1.txt,TERMINATING,"1,88","160,08","62,55","224,51",35,TERMINATING,5,1,6,Affine Template / Affine Template
ATVA2026_benchmark/TERM_LASSO//lasso_traces_AliasDarteFeautrierGonnord-SAS2010-rsd_no-overflow.c/lasso_trace_1.txt,TERMINATING,"2,14","122,48","102,97","227,59",15,TERMINATING,6,1,7,Affine Template / Affine Template
ATVA2026_benchmark/TERM_LASSO//lasso_traces_AliasDarteFeautrierGonnord-SAS2010-rsd_true-termination.c/lasso_trace_1.txt,TERMINATING,"3,91","158,32","116,51","278,74",15,TERMINATING,6,1,7,Affine Template / Affine Template
ATVA2026_benchmark/TERM_LASSO//lasso_traces_AliasDarteFeautrierGonnord-SAS2010-rsd.c/lasso_trace_1.txt,TERMINATING,"3,75","152,11","113,75","269,61",14,TERMINATING,6,1,7,Affine Template / Affine Template
ATVA2026_benchmark/TERM_LASSO//lasso_traces_AliasDarteFeautrierGonnord-SAS2010-speedpldi2_no-overflow.c/lasso_trace_1.txt,TERMINATING,"1,9","143,76","109,39","255,05",14,TERMINATING,6,1,7,Affine Template / Affine Template
ATVA2026_benchmark/TERM_LASSO//lasso_traces_AliasDarteFeautrierGonnord-SAS2010-speedpldi2_true-termination.c/lasso_trace_1.txt,TERMINATING,"2,2","165,17","112,96","280,33",14,TERMINATING,6,1,7,Affine Template / Affine Template
ATVA2026_benchmark/TERM_LASSO//lasso_traces_AliasDarteFeautrierGonnord-SAS2010-speedpldi2.c/lasso_trace_1.txt,TERMINATING,"2,35","160,36","118,09","280,8",14,TERMINATING,6,1,7,Affine Template / Affine Template
ATVA2026_benchmark/TERM_LASSO//lasso_traces_AliasDarteFeautrierGonnord-SAS2010-speedpldi4_no-overflow.c/lasso_trace_1.txt,TERMINATING,"1,95","139,45","107,68","249,08",12,TERMINATING,6,1,7,Affine Template / Affine Template
ATVA2026_benchmark/TERM_LASSO//lasso_traces_AliasDarteFeautrierGonnord-SAS2010-speedpldi4_true-termination.c/lasso_trace_1.txt,TERMINATING,"4,34","150,26","109,76","264,36",12,TERMINATING,6,1,7,Affine Template / Affine Template
ATVA2026_benchmark/TERM_LASSO//lasso_traces_AliasDarteFeautrierGonnord-SAS2010-speedpldi4.c/lasso_trace_1.txt,TERMINATING,"3,24","150,71","109,74","263,69",13,TERMINATING,6,1,7,Affine Template / Affine Template
ATVA2026_benchmark/TERM_LASSO//lasso_traces_AliasDarteFeautrierGonnord-SAS2010-terminate_no-overflow.c/lasso_trace_1.txt,TERMINATING,"2,85","151,4","36,31","190,56",10,TERMINATING,5,1,6,Affine Template / Affine Template
ATVA2026_benchmark/TERM_LASSO//lasso_traces_AliasDarteFeautrierGonnord-SAS2010-terminate_true-termination.c/lasso_trace_1.txt,TERMINATING,"3,16","166,63","37,03","206,82",10,TERMINATING,5,1,6,Affine Template / Affine Template
ATVA2026_benchmark/TERM_LASSO//lasso_traces_AliasDarteFeautrierGonnord-SAS2010-terminate.c/lasso_trace_1.txt,TERMINATING,"3,16","211,07","47,41","261,64",10,TERMINATING,5,1,6,Affine Template / Affine Template
ATVA2026_benchmark/TERM_LASSO//lasso_traces_AliasDarteFeautrierGonnord-SAS2010-wcet2_no-overflow.c/lasso_trace_1.txt,TERMINATING,"1,82","100,6","69,11","171,53",7,TERMINATING,5,2,7,Affine Template / Affine Template
ATVA2026_benchmark/TERM_LASSO//lasso_traces_AliasDarteFeautrierGonnord-SAS2010-wcet2_no-overflow.c/lasso_trace_3.txt,TERMINATING,"0,35","93,2","25,74","119,29",8,TERMINATING,7,1,8,Affine Template / Affine Template
ATVA2026_benchmark/TERM_LASSO//lasso_traces_AliasDarteFeautrierGonnord-SAS2010-wcet2_true-termination.c/lasso_trace_1.txt,TERMINATING,"1,95",110,"74,88","186,83",7,TERMINATING,5,2,7,Affine Template / Affine Template
ATVA2026_benchmark/TERM_LASSO//lasso_traces_AliasDarteFeautrierGonnord-SAS2010-wcet2_true-termination.c/lasso_trace_3.txt,TERMINATING,"0,48","113,36","28,04","141,88",10,TERMINATING,7,1,8,Affine Template / Affine Template
ATVA2026_benchmark/TERM_LASSO//lasso_traces_AliasDarteFeautrierGonnord-SAS2010-wcet2.c/lasso_trace_1.txt,TERMINATING,"2,08","107,64","73,78","183,5",6,TERMINATING,5,2,7,Affine Template / Affine Template
ATVA2026_benchmark/TERM_LASSO//lasso_traces_AliasDarteFeautrierGonnord-SAS2010-wcet2.c/lasso_trace_3.txt,TERMINATING,"0,39","107,68","30,28","138,35",11,TERMINATING,7,1,8,Affine Template / Affine Template
ATVA2026_benchmark/TERM_LASSO//lasso_traces_AliasDarteFeautrierGonnord-SAS2010-while2_no-overflow.c/lasso_trace_2.txt,TERMINATING,"0,38","42,08","41,48","83,94",7,TERMINATING,6,1,7,Affine Template / Affine Template
ATVA2026_benchmark/TERM_LASSO//lasso_traces_AliasDarteFeautrierGonnord-SAS2010-while2_true-termination.c/lasso_trace_2.txt,TERMINATING,"0,47","45,03","41,03","86,53",6,TERMINATING,6,1,7,Affine Template / Affine Template
ATVA2026_benchmark/TERM_LASSO//lasso_traces_AliasDarteFeautrierGonnord-SAS2010-while2.c/lasso_trace_2.txt,TERMINATING,"0,48","45,32","46,76","92,56",9,TERMINATING,6,1,7,Affine Template / Affine Template
ATVA2026_benchmark/TERM_LASSO//lasso_traces_AmazonResearchAward.bpl/lasso_trace_1.txt,TERMINATING,"1,77","40,17","65,85","107,79",4,TERMINATING,0,1,1,Affine Template / Affine Template
ATVA2026_benchmark/TERM_LASSO//lasso_traces_ambigousLoopEntry.bpl/lasso_trace_1.txt,TERMINATING,"1,83","28,67","33,49","63,99",4,TERMINATING,1,2,3,Affine Template / Affine Template
ATVA2026_benchmark/TERM_LASSO//lasso_traces_ambigousLoopEntry.bpl/lasso_trace_2.txt,TERMINATING,"0,67","17,95","26,88","45,5",3,TERMINATING,1,2,3,Affine Template / Affine Template
ATVA2026_benchmark/TERM_LASSO//lasso_traces_and-01_termination.c/lasso_trace_1.txt,TERMINATING,"1,87","291,49","74,8","368,16",26,TERMINATING,5,1,6,Affine Template / Affine Template
ATVA2026_benchmark/TERM_LASSO//lasso_traces_and-01.c/lasso_trace_1.txt,TERMINATING,"2,06","324,21","76,82","403,09",24,TERMINATING,5,1,6,Affine Template / Affine Template
ATVA2026_benchmark/TERM_LASSO//lasso_traces_and-04_termination.c/lasso_trace_1.txt,TERMINATING,"1,8","113,55","46,8","162,15",11,TERMINATING,5,1,6,Affine Template / Affine Template
ATVA2026_benchmark/TERM_LASSO//lasso_traces_and-04.c/lasso_trace_1.txt,TERMINATING,"1,84","131,03","54,23","187,1",11,TERMINATING,5,1,6,Affine Template / Affine Template
ATVA2026_benchmark/TERM_LASSO//lasso_traces_and-05_termination.c/lasso_trace_1.txt,TERMINATING,"1,85","176,73","65,59","244,17",16,TERMINATING,5,1,6,Affine Template / Affine Template
ATVA2026_benchmark/TERM_LASSO//lasso_traces_and-05.c/lasso_trace_1.txt,TERMINATING,"2,26","191,5","65,59","259,35",16,TERMINATING,5,1,6,Affine Template / Affine Template
ATVA2026_benchmark/TERM_LASSO//lasso_traces_and-06_termination.c/lasso_trace_1.txt,TERMINATING,"2,11","267,01","51,61","320,73",25,TERMINATING,5,1,6,Affine Template / Affine Template
ATVA2026_benchmark/TERM_LASSO//lasso_traces_and-06.c/lasso_trace_1.txt,TERMINATING,"2,08","293,58","61,6","357,26",26,TERMINATING,5,1,6,Affine Template / Affine Template
ATVA2026_benchmark/TERM_LASSO//lasso_traces_and-assume_termination.c/lasso_trace_1.txt,TERMINATING,"1,76","296,69","80,65","379,1",22,TERMINATING,5,1,6,Affine Template / Affine Template
ATVA2026_benchmark/TERM_LASSO//lasso_traces_and-assume.c/lasso_trace_1.txt,TERMINATING,"3,21","351,65","85,57","440,43",23,TERMINATING,5,1,6,Affine Template / Affine Template
ATVA2026_benchmark/TERM_LASSO//lasso_traces_apchild-accepted-fail.t2.c/lasso_trace_1.txt,TERMINATING,"2,21","875,71","1138,42","2016,34",43,TERMINATING,526,13,539,Affine Template / Affine Template
ATVA2026_benchmark/TERM_LASSO//lasso_traces_apchild-accepted.t2.c/lasso_trace_1.txt,TERMINATING,"1,98","909,97","1172,35","2084,3",46,TERMINATING,526,13,539,Affine Template / Affine Template
ATVA2026_benchmark/TERM_LASSO//lasso_traces_apchild-live.t2.c/lasso_trace_1.txt,TERMINATING,"1,95","1552,5","2020,61","3575,06",52,TERMINATING,587,21,608,Affine Template / Affine Template
ATVA2026_benchmark/TERM_LASSO//lasso_traces_apchildlive-succeed.t2.c/lasso_trace_1.txt,TERMINATING,"2,95","312,15","399,55","714,65",44,TERMINATING,505,13,518,Affine Template / Affine Template
ATVA2026_benchmark/TERM_LASSO//lasso_traces_array_equalities.bpl/lasso_trace_1.txt,TERMINATING,"2,2","59,14",0,"61,34",4,TERMINATING,1,1,2,Affine Template / Affine Template
ATVA2026_benchmark/TERM_LASSO//lasso_traces_array_free.t2.c/lasso_trace_1.txt,TERMINATING,"3,73","104,27","118,23","226,23",6,TERMINATING,16,25,41,Affine Template / Affine Template
ATVA2026_benchmark/TERM_LASSO//lasso_traces_array_init_assign.t2.c/lasso_trace_1.txt,TERMINATING,"2,18","115,49","117,88","235,55",6,TERMINATING,20,13,33,Affine Template / Affine Template
ATVA2026_benchmark/TERM_LASSO//lasso_traces_array_init.t2.c/lasso_trace_1.txt,TERMINATING,"6,56","138,54","152,16","297,26",5,TERMINATING,16,13,29,Affine Template / Affine Template
ATVA2026_benchmark/TERM_LASSO//lasso_traces_array_initilization_bounded.bpl/lasso_trace_1.txt,TERMINATING,"2,03","74,39",0,"76,42",6,TERMINATING,1,1,2,Affine Template / Affine Template
ATVA2026_benchmark/TERM_LASSO//lasso_traces_array_initilization_multidimensional.bpl/lasso_trace_1.txt,TERMINATING,"2,1","72,05",0,"74,15",5,TERMINATING,1,1,2,Affine Template / Affine Template
ATVA2026_benchmark/TERM_LASSO//lasso_traces_array_initilization_multidimensional2.bpl/lasso_trace_1.txt,TERMINATING,"2,15","66,44",0,"68,59",5,TERMINATING,1,1,2,Affine Template / Affine Template
ATVA2026_benchmark/TERM_LASSO//lasso_traces_array_initilization.bpl/lasso_trace_1.txt,TERMINATING,"1,99","66,74",0,"68,73",4,TERMINATING,1,1,2,Affine Template / Affine Template
ATVA2026_benchmark/TERM_LASSO//lasso_traces_array_overwrite.bpl/lasso_trace_1.txt,TERMINATING,"2,14","49,22",0,"51,36",7,TERMINATING,1,1,2,Affine Template / Affine Template
ATVA2026_benchmark/TERM_LASSO//lasso_traces_array1.i_3.bpl/lasso_trace_1.txt,TERMINATING,"2,07","55,04",0,"57,11",5,TERMINATING,1,1,2,Affine Template / Affine Template
ATVA2026_benchmark/TERM_LASSO//lasso_traces_array2.i_3.bpl/lasso_trace_1.txt,TERMINATING,"1,91","72,07",0,"73,98",6,TERMINATING,1,1,2,Affine Template / Affine Template
ATVA2026_benchmark/TERM_LASSO//lasso_traces_array2.t2.c/lasso_trace_1.txt,TERMINATING,"1,6","98,95","31,43","131,98",6,TERMINATING,24,13,37,Affine Template / Affine Template
ATVA2026_benchmark/TERM_LASSO//lasso_traces_array3.i_4.bpl/lasso_trace_1.txt,TERMINATING,"2,42","105,59",0,"108,01",6,TERMINATING,1,1,2,Affine Template / Affine Template
ATVA2026_benchmark/TERM_LASSO//lasso_traces_array3.t2.c/lasso_trace_1.txt,TERMINATING,"5,14","183,94","209,72","398,8",6,TERMINATING,28,13,41,Affine Template / Affine Template
ATVA2026_benchmark/TERM_LASSO//lasso_traces_array3ManuallyTranslated_true-termination.bpl/lasso_trace_1.txt,TERMINATING,"1,97","59,97","50,72","112,66",4,TERMINATING,1,1,2,Affine Template / Affine Template
ATVA2026_benchmark/TERM_LASSO//lasso_traces_array4.i_4.bpl/lasso_trace_1.txt,TERMINATING,"2,56","118,42",0,"120,98",6,TERMINATING,1,1,2,Affine Template / Affine Template
ATVA2026_benchmark/TERM_LASSO//lasso_traces_ArrayCellPreciseHavocNeeded.bpl/lasso_trace_1.txt,TERMINATING,"1,92","46,18",0,"48,1",4,TERMINATING,1,1,2,Affine Template / Affine Template
ATVA2026_benchmark/TERM_LASSO//lasso_traces_ArrayCopy01-Bakhmut.bpl/lasso_trace_1.txt,TERMINATING,"2,22","68,43",0,"70,65",5,TERMINATING,1,1,2,Affine Template / Affine Template
ATVA2026_benchmark/TERM_LASSO//lasso_traces_ArrayIndexAndValue01.bpl/lasso_trace_1.txt,TERMINATING,"2,52","212,35",0,"214,87",23,TERMINATING,3,2,5,Affine Template / Affine Template
ATVA2026_benchmark/TERM_LASSO//lasso_traces_ArrayInit01.bpl/lasso_trace_1.txt,TERMINATING,"2,07","70,49",0,"72,56",4,TERMINATING,1,1,2,Affine Template / Affine Template
ATVA2026_benchmark/TERM_LASSO//lasso_traces_ArrayInit02.bpl/lasso_trace_1.txt,TERMINATING,"2,12","123,74","38,89","164,75",15,TERMINATING,1,1,2,Affine Template / Affine Template
ATVA2026_benchmark/TERM_LASSO//lasso_traces_ArrayRead01.bpl/lasso_trace_1.txt,TERMINATING,"2,2","76,36",0,"78,56",7,TERMINATING,1,1,2,Affine Template / Affine Template
ATVA2026_benchmark/TERM_LASSO//lasso_traces_ArrayRead02.bpl/lasso_trace_1.txt,TERMINATING,"2,13","78,13",0,"80,26",6,TERMINATING,1,1,2,Affine Template / Affine Template
ATVA2026_benchmark/TERM_LASSO//lasso_traces_Arrays20.bpl/lasso_trace_1.txt,TERMINATING,"1,99","56,91",0,"58,9",5,TERMINATING,1,1,2,Affine Template / Affine Template
ATVA2026_benchmark/TERM_LASSO//lasso_traces_arraySearchFirstAndLast.bpl/lasso_trace_1.txt,TERMINATING,"3,46","438,89",0,"442,35",34,TERMINATING,1,2,3,Affine Template / Affine Template
ATVA2026_benchmark/TERM_LASSO//lasso_traces_ase_example.t2.c/lasso_trace_1.txt,TERMINATING,"14,7","949,9","696,2","1660,8",8,TERMINATING,44,13,57,Affine Template / Affine Template
ATVA2026_benchmark/TERM_LASSO//lasso_traces_ATVA2013-array-int.bpl/lasso_trace_1.txt,TERMINATING,"2,08","45,4","36,12","83,6",4,TERMINATING,1,1,2,Affine Template / Affine Template
ATVA2026_benchmark/TERM_LASSO//lasso_traces_ATVA2013-bound-int.bpl/lasso_trace_1.txt,TERMINATING,"1,85","55,25","40,07","97,17",4,TERMINATING,1,1,2,Affine Template / Affine Template
ATVA2026_benchmark/TERM_LASSO//lasso_traces_ATVA2013-nonIntegral-int.bpl/lasso_trace_1.txt,TERMINATING,2,"56,18","37,87","96,05",4,TERMINATING,1,1,2,Affine Template / Affine Template
ATVA2026_benchmark/TERM_LASSO//lasso_traces_ATVA2013-wild-int.bpl/lasso_trace_1.txt,TERMINATING,"2,98","49,44","35,81","88,23",6,TERMINATING,1,1,2,Affine Template / 2-Nested Template
ATVA2026_benchmark/TERM_LASSO//lasso_traces_ATVA2013-yPositive-int.bpl/lasso_trace_1.txt,TERMINATING,"1,93","52,11","33,83","87,87",5,TERMINATING,1,1,2,Affine Template / Affine Template
ATVA2026_benchmark/TERM_LASSO//lasso_traces_Avery-FLOPS2006-Table1_no-overflow.c/lasso_trace_1.txt,TERMINATING,"2,15","116,22","104,79","223,16",8,TERMINATING,6,1,7,Affine Template / Affine Template
ATVA2026_benchmark/TERM_LASSO//lasso_traces_Avery-FLOPS2006-Table1_true-termination.c/lasso_trace_1.txt,TERMINATING,"15,07","756,83","583,15","1355,05",8,TERMINATING,6,1,7,Affine Template / Affine Template
ATVA2026_benchmark/TERM_LASSO//lasso_traces_Avery-FLOPS2006-Table1.c/lasso_trace_1.txt,TERMINATING,"10,34","961,35","565,05","1536,74",11,TERMINATING,6,1,7,Affine Template / Affine Template
ATVA2026_benchmark/TERM_LASSO//lasso_traces_Avg_true_no-overflow.c/lasso_trace_1.txt,TERMINATING,"1,9","65,48","120,55","187,93",8,TERMINATING,14,3,17,Affine Template / Affine Template
ATVA2026_benchmark/TERM_LASSO//lasso_traces_Avg_true_no-overflow.c/lasso_trace_3.txt,TERMINATING,"0,34","31,46","144,14","175,94",10,TERMINATING,16,7,23,Affine Template / Affine Template
ATVA2026_benchmark/TERM_LASSO//lasso_traces_Avg_true_true-termination.c/lasso_trace_1.txt,TERMINATING,"15,03","404,79","847,02","1266,84",8,TERMINATING,14,3,17,Affine Template / Affine Template
ATVA2026_benchmark/TERM_LASSO//lasso_traces_Avg_true_true-termination.c/lasso_trace_3.txt,TERMINATING,"0,92","165,11","745,46","911,49",10,TERMINATING,16,7,23,Affine Template / Affine Template
ATVA2026_benchmark/TERM_LASSO//lasso_traces_Avg_true.c/lasso_trace_1.txt,TERMINATING,"13,3","428,1","610,25","1051,65",8,TERMINATING,14,3,17,Affine Template / Affine Template
ATVA2026_benchmark/TERM_LASSO//lasso_traces_Avg_true.c/lasso_trace_3.txt,TERMINATING,"2,8","160,88","508,66","672,34",10,TERMINATING,16,7,23,Affine Template / Affine Template
ATVA2026_benchmark/TERM_LASSO//lasso_traces_Avg.bpl/lasso_trace_1.txt,TERMINATING,"1,68","78,41","63,16","143,25",8,TERMINATING,0,3,3,Affine Template / Affine Template
ATVA2026_benchmark/TERM_LASSO//lasso_traces_Avg.bpl/lasso_trace_2.txt,TERMINATING,"0,46",52,"42,79","95,25",9,TERMINATING,2,4,6,Affine Template / Affine Template
ATVA2026_benchmark/TERM_LASSO//lasso_traces_aviad_no-overflow.c/lasso_trace_1.txt,TERMINATING,"1,92","86,71","53,07","141,7",14,TERMINATING,7,1,8,Affine Template / Affine Template
ATVA2026_benchmark/TERM_LASSO//lasso_traces_aviad_true-termination.c/lasso_trace_1.txt,TERMINATING,"6,66","423,51","278,95","709,12",13,TERMINATING,7,1,8,Affine Template / Affine Template
ATVA2026_benchmark/TERM_LASSO//lasso_traces_aviad.c/lasso_trace_1.txt,TERMINATING,"8,89","541,16","270,98","821,03",14,TERMINATING,7,1,8,Affine Template / Affine Template
ATVA2026_benchmark/TERM_LASSO//lasso_traces_b.01_false-no-overflow.c/lasso_trace_1.txt,TERMINATING,"12,26","415,31","172,95","600,52",8,TERMINATING,5,1,6,Affine Template / Affine Template
ATVA2026_benchmark/TERM_LASSO//lasso_traces_b.01_no-overflow.c/lasso_trace_1.txt,TERMINATING,"2,1","62,12","39,6","103,82",7,TERMINATING,1,1,2,Affine Template / Affine Template
ATVA2026_benchmark/TERM_LASSO//lasso_traces_b.01_true-termination.c/lasso_trace_1.txt,TERMINATING,"21,49","384,04","310,53","716,06",7,TERMINATING,7,1,8,Affine Template / Affine Template
ATVA2026_benchmark/TERM_LASSO//lasso_traces_b.01.c/lasso_trace_1.txt,TERMINATING,"13,86","531,91","225,44","771,21",6,TERMINATING,1,1,2,Affine Template / Affine Template
ATVA2026_benchmark/TERM_LASSO//lasso_traces_b.02_false-no-overflow.c/lasso_trace_1.txt,TERMINATING,"29,24","601,09","421,91","1052,24",9,TERMINATING,5,1,6,Affine Template / Affine Template
ATVA2026_benchmark/TERM_LASSO//lasso_traces_b.02_no-overflow.c/lasso_trace_1.txt,TERMINATING,"2,14","61,58","41,9","105,62",6,TERMINATING,1,1,2,Affine Template / Affine Template
ATVA2026_benchmark/TERM_LASSO//lasso_traces_b.02_true-termination.c/lasso_trace_1.txt,TERMINATING,"18,77","664,07","575,59","1258,43",8,TERMINATING,7,1,8,Affine Template / Affine Template
ATVA2026_benchmark/TERM_LASSO//lasso_traces_b.02.c/lasso_trace_1.txt,TERMINATING,"9,67","381,79","230,23","621,69",5,TERMINATING,1,1,2,Affine Template / Affine Template
ATVA2026_benchmark/TERM_LASSO//lasso_traces_b.03_assume_false-no-overflow.c/lasso_trace_1.txt,TERMINATING,"30,39","527,36","562,16","1119,91",8,TERMINATING,5,1,6,Affine Template / Affine Template
ATVA2026_benchmark/TERM_LASSO//lasso_traces_b.03_assume_no-overflow.c/lasso_trace_1.txt,TERMINATING,"3,17","122,95","97,68","223,8",8,TERMINATING,5,1,6,Affine Template / Affine Template
ATVA2026_benchmark/TERM_LASSO//lasso_traces_b.03_assume_true-termination.c/lasso_trace_1.txt,TERMINATING,"7,53","490,02","233,69","731,24",7,TERMINATING,8,2,10,Affine Template / Affine Template
ATVA2026_benchmark/TERM_LASSO//lasso_traces_b.03_assume.c/lasso_trace_1.txt,TERMINATING,"11,77","635,84","526,44","1174,05",8,TERMINATING,5,1,6,Affine Template / Affine Template
ATVA2026_benchmark/TERM_LASSO//lasso_traces_b.03-no-inv_assume_false-no-overflow.c/lasso_trace_1.txt,TERMINATING,"11,87","771,9","597,88","1381,65",7,TERMINATING,6,1,7,Affine Template / Affine Template
ATVA2026_benchmark/TERM_LASSO//lasso_traces_b.03-no-inv_assume_no-overflow.c/lasso_trace_1.txt,TERMINATING,"2,05","124,25","91,88","218,18",8,TERMINATING,6,1,7,Affine Template / Affine Template
ATVA2026_benchmark/TERM_LASSO//lasso_traces_b.03-no-inv_assume_true-termination.c/lasso_trace_1.txt,TERMINATING,"15,92","204,03",442,"661,95",6,TERMINATING,8,1,9,Affine Template / Affine Template
ATVA2026_benchmark/TERM_LASSO//lasso_traces_b.03-no-inv_assume.c/lasso_trace_1.txt,TERMINATING,"19,36","781,15","629,21","1429,72",8,TERMINATING,6,1,7,Affine Template / Affine Template
ATVA2026_benchmark/TERM_LASSO//lasso_traces_b.04_no-overflow.c/lasso_trace_1.txt,TERMINATING,"1,95","93,3","41,94","137,19",6,TERMINATING,1,1,2,Affine Template / Affine Template
ATVA2026_benchmark/TERM_LASSO//lasso_traces_b.04_true-termination.c/lasso_trace_1.txt,TERMINATING,"11,95","646,77","284,15","942,87",8,TERMINATING,7,1,8,Affine Template / Affine Template
ATVA2026_benchmark/TERM_LASSO//lasso_traces_b.04.c/lasso_trace_1.txt,TERMINATING,"18,72","454,87","280,67","754,26",6,TERMINATING,1,1,2,Affine Template / Affine Template
ATVA2026_benchmark/TERM_LASSO//lasso_traces_b.05_false-no-overflow.c/lasso_trace_1.txt,TERMINATING,"14,98","615,15","182,55","812,68",8,TERMINATING,5,1,6,Affine Template / Affine Template
ATVA2026_benchmark/TERM_LASSO//lasso_traces_b.05_no-overflow.c/lasso_trace_1.txt,TERMINATING,"2,29","95,96","53,99","152,24",8,TERMINATING,1,1,2,Affine Template / Affine Template
ATVA2026_benchmark/TERM_LASSO//lasso_traces_b.05_true-termination.c/lasso_trace_1.txt,TERMINATING,"7,17","543,37","309,02","859,56",7,TERMINATING,7,1,8,Affine Template / Affine Template
ATVA2026_benchmark/TERM_LASSO//lasso_traces_b.05.c/lasso_trace_1.txt,TERMINATING,"11,81","594,09","210,73","816,63",8,TERMINATING,1,1,2,Affine Template / Affine Template
ATVA2026_benchmark/TERM_LASSO//lasso_traces_b.06_no-overflow.c/lasso_trace_1.txt,TERMINATING,"2,7","54,72","40,88","98,3",6,TERMINATING,1,1,2,Affine Template / Affine Template
ATVA2026_benchmark/TERM_LASSO//lasso_traces_b.06_true-termination.c/lasso_trace_1.txt,TERMINATING,"2,02","59,59","37,42","99,03",8,TERMINATING,7,1,8,Affine Template / Affine Template
ATVA2026_benchmark/TERM_LASSO//lasso_traces_b.06.c/lasso_trace_1.txt,TERMINATING,"2,7","54,83","37,21","94,74",8,TERMINATING,1,1,2,Affine Template / Affine Template
ATVA2026_benchmark/TERM_LASSO//lasso_traces_b.07_false-no-overflow.c/lasso_trace_1.txt,TERMINATING,"2,94","81,84","133,13","217,91",10,TERMINATING,5,1,6,Affine Template / Affine Template
ATVA2026_benchmark/TERM_LASSO//lasso_traces_b.07_no-overflow.c/lasso_trace_1.txt,TERMINATING,"2,27","75,89","39,02","117,18",8,TERMINATING,1,1,2,Affine Template / Affine Template
ATVA2026_benchmark/TERM_LASSO//lasso_traces_b.07_true-termination.c/lasso_trace_1.txt,TERMINATING,"3,67","69,65","40,82","114,14",9,TERMINATING,7,1,8,Affine Template / Affine Template
ATVA2026_benchmark/TERM_LASSO//lasso_traces_b.07.c/lasso_trace_1.txt,TERMINATING,"2,23","67,22","43,8","113,25",7,TERMINATING,1,1,2,Affine Template / Affine Template
ATVA2026_benchmark/TERM_LASSO//lasso_traces_b.09_assume_no-overflow.c/lasso_trace_1.txt,TERMINATING,"2,02","94,65","55,06","151,73",14,TERMINATING,6,1,7,Affine Template / Affine Template
ATVA2026_benchmark/TERM_LASSO//lasso_traces_b.09_assume_true-termination.c/lasso_trace_1.txt,TERMINATING,"2,28","101,47","100,77","204,52",13,TERMINATING,8,3,11,Affine Template / Affine Template
ATVA2026_benchmark/TERM_LASSO//lasso_traces_b.09_assume_true-termination.c/lasso_trace_2.txt,TERMINATING,"0,55","85,68","33,48","119,71",8,TERMINATING,9,4,13,Affine Template / Affine Template
ATVA2026_benchmark/TERM_LASSO//lasso_traces_b.09_assume.c/lasso_trace_1.txt,TERMINATING,"2,05","106,22","53,26","161,53",14,TERMINATING,6,1,7,Affine Template / Affine Template
ATVA2026_benchmark/TERM_LASSO//lasso_traces_b.10_false-no-overflow.c/lasso_trace_1.txt,TERMINATING,"2,47","195,15","137,4","335,02",17,TERMINATING,5,1,6,Affine Template / Affine Template
ATVA2026_benchmark/TERM_LASSO//lasso_traces_b.10_no-overflow.c/lasso_trace_1.txt,TERMINATING,"1,97","72,81","39,68","114,46",9,TERMINATING,1,1,2,Affine Template / Affine Template
ATVA2026_benchmark/TERM_LASSO//lasso_traces_b.10_true-termination.c/lasso_trace_1.txt,TERMINATING,"3,6","82,23","42,07","127,9",15,TERMINATING,7,1,8,Affine Template / Affine Template
ATVA2026_benchmark/TERM_LASSO//lasso_traces_b.10.c/lasso_trace_1.txt,TERMINATING,"2,18","88,69","44,8","135,67",11,TERMINATING,1,1,2,Affine Template / Affine Template
ATVA2026_benchmark/TERM_LASSO//lasso_traces_b.11_false-no-overflow.c/lasso_trace_1.txt,TERMINATING,"8,44","133,83","127,54","269,81",17,TERMINATING,5,1,6,Affine Template / Affine Template
ATVA2026_benchmark/TERM_LASSO//lasso_traces_b.11_no-overflow.c/lasso_trace_1.txt,TERMINATING,"2,13","83,82","41,23","127,18",12,TERMINATING,1,1,2,Affine Template / Affine Template
ATVA2026_benchmark/TERM_LASSO//lasso_traces_b.11_true-termination.c/lasso_trace_1.txt,TERMINATING,"7,91","291,9","182,88","482,69",15,TERMINATING,7,1,8,Affine Template / Affine Template
ATVA2026_benchmark/TERM_LASSO//lasso_traces_b.11.c/lasso_trace_1.txt,TERMINATING,"2,46","121,99","42,37","166,82",11,TERMINATING,1,1,2,Affine Template / Affine Template
ATVA2026_benchmark/TERM_LASSO//lasso_traces_b.12_false-no-overflow.c/lasso_trace_1.txt,TERMINATING,"2,48","386,84","157,72","547,04",15,TERMINATING,5,1,6,Affine Template / Affine Template
ATVA2026_benchmark/TERM_LASSO//lasso_traces_b.12_no-overflow.c/lasso_trace_1.txt,TERMINATING,"3,2","88,71","43,82","135,73",10,TERMINATING,1,1,2,Affine Template / Affine Template
ATVA2026_benchmark/TERM_LASSO//lasso_traces_b.12_true-termination.c/lasso_trace_1.txt,TERMINATING,"2,06","77,86","45,34","125,26",14,TERMINATING,7,1,8,Affine Template / Affine Template
ATVA2026_benchmark/TERM_LASSO//lasso_traces_b.12.c/lasso_trace_1.txt,TERMINATING,"7,46",219,"85,53","311,99",10,TERMINATING,1,1,2,Affine Template / Affine Template
ATVA2026_benchmark/TERM_LASSO//lasso_traces_b.13_false-no-overflow.c/lasso_trace_1.txt,TERMINATING,"2,25","175,48","136,25","313,98",21,TERMINATING,5,1,6,Affine Template / Affine Template
ATVA2026_benchmark/TERM_LASSO//lasso_traces_b.13_no-overflow.c/lasso_trace_1.txt,TERMINATING,"2,14","105,45","42,56","150,15",20,TERMINATING,1,1,2,Affine Template / Affine Template
ATVA2026_benchmark/TERM_LASSO//lasso_traces_b.13_true-termination.c/lasso_trace_1.txt,TERMINATING,"2,11","131,71","113,22","247,04",19,TERMINATING,7,1,8,Affine Template / Affine Template
ATVA2026_benchmark/TERM_LASSO//lasso_traces_b.13.c/lasso_trace_1.txt,TERMINATING,"2,1","107,19",43,"152,29",18,TERMINATING,1,1,2,Affine Template / Affine Template
ATVA2026_benchmark/TERM_LASSO//lasso_traces_b.14_no-overflow.c/lasso_trace_2.txt,TERMINATING,"2,12","59,07","38,29","99,48",6,TERMINATING,1,3,4,Affine Template / Affine Template
ATVA2026_benchmark/TERM_LASSO//lasso_traces_b.14_no-overflow.c/lasso_trace_3.txt,TERMINATING,"0,52","36,65","31,45","68,62",6,TERMINATING,4,1,5,Affine Template / Affine Template
ATVA2026_benchmark/TERM_LASSO//lasso_traces_b.14_true-termination.c/lasso_trace_2.txt,TERMINATING,"2,75","102,3","107,87","212,92",11,TERMINATING,7,3,10,Affine Template / Affine Template
ATVA2026_benchmark/TERM_LASSO//lasso_traces_b.14_true-termination.c/lasso_trace_3.txt,TERMINATING,"0,54","82,85","61,86","145,25",8,TERMINATING,10,1,11,Affine Template / Affine Template
ATVA2026_benchmark/TERM_LASSO//lasso_traces_b.14.c/lasso_trace_2.txt,TERMINATING,"2,04","72,65","42,76","117,45",6,TERMINATING,1,3,4,Affine Template / Affine Template
ATVA2026_benchmark/TERM_LASSO//lasso_traces_b.14.c/lasso_trace_3.txt,TERMINATING,"0,99","36,59","35,4","72,98",6,TERMINATING,4,1,5,Affine Template / Affine Template
ATVA2026_benchmark/TERM_LASSO//lasso_traces_b.15_false-no-overflow.c/lasso_trace_2.txt,TERMINATING,"2,08","141,88","56,99","200,95",10,TERMINATING,5,3,8,Affine Template / Affine Template
ATVA2026_benchmark/TERM_LASSO//lasso_traces_b.15_false-no-overflow.c/lasso_trace_3.txt,TERMINATING,"0,59","54,47","103,96","159,02",9,TERMINATING,8,1,9,Affine Template / Affine Template
ATVA2026_benchmark/TERM_LASSO//lasso_traces_b.15_no-overflow.c/lasso_trace_2.txt,TERMINATING,"1,89","68,99","40,98","111,86",7,TERMINATING,1,3,4,Affine Template / Affine Template
ATVA2026_benchmark/TERM_LASSO//lasso_traces_b.15_no-overflow.c/lasso_trace_3.txt,TERMINATING,"0,57","40,35","41,57","82,49",7,TERMINATING,4,1,5,Affine Template / Affine Template
ATVA2026_benchmark/TERM_LASSO//lasso_traces_b.15_true-termination.c/lasso_trace_2.txt,TERMINATING,"2,39","82,66","105,19","190,24",10,TERMINATING,7,3,10,Affine Template / Affine Template
ATVA2026_benchmark/TERM_LASSO//lasso_traces_b.15.c/lasso_trace_2.txt,TERMINATING,"2,04","81,25","42,36","125,65",7,TERMINATING,1,3,4,Affine Template / Affine Template
ATVA2026_benchmark/TERM_LASSO//lasso_traces_b.15.c/lasso_trace_3.txt,TERMINATING,"0,67","44,78","34,62","80,07",7,TERMINATING,4,1,5,Affine Template / Affine Template
ATVA2026_benchmark/TERM_LASSO//lasso_traces_b.16_false-no-overflow.c/lasso_trace_1.txt,TERMINATING,"2,83","92,08","168,82","263,73",8,TERMINATING,5,2,7,Affine Template / Affine Template
ATVA2026_benchmark/TERM_LASSO//lasso_traces_b.16_false-no-overflow.c/lasso_trace_2.txt,TERMINATING,"1,03","344,84","389,21","735,08",8,TERMINATING,6,1,7,Affine Template / Affine Template
ATVA2026_benchmark/TERM_LASSO//lasso_traces_b.16_no-overflow.c/lasso_trace_1.txt,TERMINATING,"2,03","64,6","49,23","115,86",6,TERMINATING,1,2,3,Affine Template / Affine Template
ATVA2026_benchmark/TERM_LASSO//lasso_traces_b.16_no-overflow.c/lasso_trace_2.txt,TERMINATING,"0,52","44,12","52,61","97,25",5,TERMINATING,2,1,3,Affine Template / Affine Template
ATVA2026_benchmark/TERM_LASSO//lasso_traces_b.16_true-termination.c/lasso_trace_1.txt,TERMINATING,"4,23","128,9","72,18","205,31",7,TERMINATING,7,2,9,Affine Template / Affine Template
ATVA2026_benchmark/TERM_LASSO//lasso_traces_b.16_true-termination.c/lasso_trace_2.txt,TERMINATING,"1,62","189,92","161,41","352,95",7,TERMINATING,8,1,9,Affine Template / Affine Template
ATVA2026_benchmark/TERM_LASSO//lasso_traces_b.16.c/lasso_trace_1.txt,TERMINATING,"2,31","73,75","48,4","124,46",5,TERMINATING,1,2,3,Affine Template / Affine Template
ATVA2026_benchmark/TERM_LASSO//lasso_traces_b.16.c/lasso_trace_2.txt,TERMINATING,"1,02","55,51","48,97","105,5",5,TERMINATING,2,1,3,Affine Template / Affine Template
ATVA2026_benchmark/TERM_LASSO//lasso_traces_b.17_false-no-overflow.c/lasso_trace_1.txt,TERMINATING,"2,31","73,43","49,49","125,23",9,TERMINATING,5,2,7,Affine Template / Affine Template
ATVA2026_benchmark/TERM_LASSO//lasso_traces_b.17_false-no-overflow.c/lasso_trace_2.txt,TERMINATING,"0,46","90,54","58,27","149,27",9,TERMINATING,6,1,7,Affine Template / Affine Template
ATVA2026_benchmark/TERM_LASSO//lasso_traces_b.17_no-overflow.c/lasso_trace_1.txt,TERMINATING,"2,19","70,19","43,22","115,6",7,TERMINATING,1,2,3,Affine Template / Affine Template
ATVA2026_benchmark/TERM_LASSO//lasso_traces_b.17_no-overflow.c/lasso_trace_2.txt,TERMINATING,"0,57","42,64","38,3","81,51",6,TERMINATING,2,1,3,Affine Template / Affine Template
ATVA2026_benchmark/TERM_LASSO//lasso_traces_b.17_true-termination.c/lasso_trace_1.txt,TERMINATING,"4,13","95,71","70,51","170,35",8,TERMINATING,7,2,9,Affine Template / Affine Template
ATVA2026_benchmark/TERM_LASSO//lasso_traces_b.17_true-termination.c/lasso_trace_2.txt,TERMINATING,"0,61","42,54","42,78","85,93",8,TERMINATING,8,1,9,Affine Template / Affine Template
ATVA2026_benchmark/TERM_LASSO//lasso_traces_b.17.c/lasso_trace_1.txt,TERMINATING,"2,22","68,95","49,42","120,59",7,TERMINATING,1,2,3,Affine Template / Affine Template
ATVA2026_benchmark/TERM_LASSO//lasso_traces_b.17.c/lasso_trace_2.txt,TERMINATING,"0,54","43,01","35,22","78,77",8,TERMINATING,2,1,3,Affine Template / Affine Template
ATVA2026_benchmark/TERM_LASSO//lasso_traces_b.18_no-overflow.c/lasso_trace_3.txt,TERMINATING,"2,02","53,43","35,65","91,1",6,TERMINATING,1,4,5,Affine Template / Affine Template
ATVA2026_benchmark/TERM_LASSO//lasso_traces_b.18_no-overflow.c/lasso_trace_5.txt,TERMINATING,"0,35","35,84","30,88","67,07",5,TERMINATING,3,1,4,Affine Template / Affine Template
ATVA2026_benchmark/TERM_LASSO//lasso_traces_b.18_true-termination.c/lasso_trace_3.txt,TERMINATING,"2,49","76,58","63,65","142,72",6,TERMINATING,7,4,11,Affine Template / Affine Template
ATVA2026_benchmark/TERM_LASSO//lasso_traces_b.18_true-termination.c/lasso_trace_5.txt,TERMINATING,"0,76","51,69","65,41","117,86",6,TERMINATING,9,1,10,Affine Template / Affine Template
ATVA2026_benchmark/TERM_LASSO//lasso_traces_b.18.c/lasso_trace_3.txt,TERMINATING,"15,1","475,79","155,34","646,23",6,TERMINATING,1,4,5,Affine Template / Affine Template
ATVA2026_benchmark/TERM_LASSO//lasso_traces_b.18.c/lasso_trace_5.txt,TERMINATING,"2,21","219,57","171,6","393,38",5,TERMINATING,3,1,4,Affine Template / Affine Template
ATVA2026_benchmark/TERM_LASSO//lasso_traces_Bangalore_true-termination.c/lasso_trace_1.txt,TERMINATING,"1,82","59,45","59,93","121,2",6,TERMINATING,6,1,7,Affine Template / Affine Template
ATVA2026_benchmark/TERM_LASSO//lasso_traces_Bangalore-2_no-overflow.c/lasso_trace_1.txt,TERMINATING,"1,79","60,92","48,81","111,52",7,TERMINATING,6,1,7,Affine Template / Affine Template
ATVA2026_benchmark/TERM_LASSO//lasso_traces_Bangalore-2.c/lasso_trace_1.txt,TERMINATING,"1,7","61,37","57,47","120,54",6,TERMINATING,6,1,7,Affine Template / Affine Template
ATVA2026_benchmark/TERM_LASSO//lasso_traces_Bangalore.bpl/lasso_trace_1.txt,TERMINATING,"1,83","56,02","33,74","91,59",4,TERMINATING,1,1,2,Affine Template / Affine Template
ATVA2026_benchmark/TERM_LASSO//lasso_traces_Bangalore.c/lasso_trace_1.txt,TERMINATING,"1,8","46,84","40,92","89,56",4,TERMINATING,1,1,2,Affine Template / Affine Template
ATVA2026_benchmark/TERM_LASSO//lasso_traces_Bangalore3.bpl/lasso_trace_1.txt,TERMINATING,"1,87","46,19","39,46","87,52",4,TERMINATING,1,1,2,Affine Template / Affine Template
ATVA2026_benchmark/TERM_LASSO//lasso_traces_Benghazi_no-overflow.c/lasso_trace_1.txt,TERMINATING,"1,89","88,22","60,52","150,63",11,TERMINATING,5,1,6,Affine Template / Affine Template
ATVA2026_benchmark/TERM_LASSO//lasso_traces_Benghazi_nondet_true-termination.c/lasso_trace_1.txt,TERMINATING,"2,05","361,16","79,44","442,65",27,TERMINATING,5,1,6,2-Nested Template / 2-Nested Template
ATVA2026_benchmark/TERM_LASSO//lasso_traces_Benghazi_nondet-1_no-overflow.c/lasso_trace_1.txt,TERMINATING,"2,46","337,51","66,38","406,35",21,TERMINATING,5,1,6,2-Nested Template / 2-Nested Template
ATVA2026_benchmark/TERM_LASSO//lasso_traces_Benghazi_nondet-1.c/lasso_trace_1.txt,TERMINATING,"2,06","357,3","69,92","429,28",22,TERMINATING,5,1,6,2-Nested Template / 2-Nested Template
ATVA2026_benchmark/TERM_LASSO//lasso_traces_Benghazi_nondet-2_termination.c/lasso_trace_1.txt,TERMINATING,2,"311,8","63,18","376,98",25,TERMINATING,8,1,9,2-Nested Template / 2-Nested Template
ATVA2026_benchmark/TERM_LASSO//lasso_traces_Benghazi_nondet-2.c/lasso_trace_1.txt,TERMINATING,"2,25","309,7","70,84","382,79",24,TERMINATING,8,1,9,2-Nested Template / 2-Nested Template
ATVA2026_benchmark/TERM_LASSO//lasso_traces_Benghazi_true-termination.c/lasso_trace_1.txt,TERMINATING,"2,19","92,88","67,58","162,65",11,TERMINATING,5,1,6,Affine Template / Affine Template
ATVA2026_benchmark/TERM_LASSO//lasso_traces_Benghazi.bpl/lasso_trace_1.txt,TERMINATING,"2,65","45,92","36,86","85,43",6,TERMINATING,1,1,2,Affine Template / Affine Template
ATVA2026_benchmark/TERM_LASSO//lasso_traces_Benghazi.c/lasso_trace_1.txt,TERMINATING,"2,04","94,36","68,69","165,09",9,TERMINATING,5,1,6,Affine Template / Affine Template
ATVA2026_benchmark/TERM_LASSO//lasso_traces_Betim-Fig3.2-Safe.bpl/lasso_trace_1.txt,TERMINATING,"2,1","41,41","38,32","81,83",4,TERMINATING,1,1,2,Affine Template / Affine Template
ATVA2026_benchmark/TERM_LASSO//lasso_traces_BeyerHenzingerMajumdarRybalchenko-PLDI2007-Figure4.bpl/lasso_trace_1.txt,TERMINATING,"1,9","81,55","36,52","119,97",8,TERMINATING,1,1,2,Affine Template / Affine Template
ATVA2026_benchmark/TERM_LASSO//lasso_traces_bhmr2007.c.i_3.bpl/lasso_trace_1.txt,TERMINATING,"2,31","112,81","77,44","192,56",14,TERMINATING,1,1,2,Affine Template / Affine Template
ATVA2026_benchmark/TERM_LASSO//lasso_traces_bhmr2007.c.i_3.bplTransformedIcfg_BEv2_3.bpl/lasso_trace_1.txt,TERMINATING,"2,38","101,57","77,03","180,98",15,TERMINATING,1,1,2,Affine Template / Affine Template
ATVA2026_benchmark/TERM_LASSO//lasso_traces_bhmr2007.c.i_4.bpl/lasso_trace_1.txt,TERMINATING,"2,35","107,18","135,75","245,28",8,TERMINATING,1,1,2,Affine Template / Affine Template
ATVA2026_benchmark/TERM_LASSO//lasso_traces_bhmr2007.c.i_5.bpl/lasso_trace_1.txt,TERMINATING,"2,31","44,84","59,42","106,57",19,TERMINATING,1,2,3,Affine Template / Affine Template
ATVA2026_benchmark/TERM_LASSO//lasso_traces_BigArray.bpl/lasso_trace_1.txt,TERMINATING,"2,21","79,74",0,"81,95",8,TERMINATING,1,1,2,Affine Template / Affine Template
ATVA2026_benchmark/TERM_LASSO//lasso_traces_Binary_Search_true-termination.c/lasso_trace_1.txt,TERMINATING,"2,31","196,71","75,04","274,06",27,TERMINATING,6,4,10,Affine Template / Affine Template
ATVA2026_benchmark/TERM_LASSO//lasso_traces_Binary_Search-2_no-overflow.c/lasso_trace_1.txt,TERMINATING,"3,58","246,2","122,77","372,55",25,TERMINATING,8,4,12,Affine Template / Affine Template
ATVA2026_benchmark/TERM_LASSO//lasso_traces_Binary_Search-2.c/lasso_trace_1.txt,TERMINATING,"3,27","286,63","137,7","427,6",25,TERMINATING,8,4,12,Affine Template / Affine Template
ATVA2026_benchmark/TERM_LASSO//lasso_traces_binary_search.c/lasso_trace_1.txt,TERMINATING,"2,79","157,37",0,"160,16",29,TERMINATING,1,4,5,Affine Template / Affine Template
ATVA2026_benchmark/TERM_LASSO//lasso_traces_binary_search.c/lasso_trace_2.txt,TERMINATING,"0,98","98,03",0,"99,01",15,TERMINATING,4,6,10,Affine Template / Affine Template
ATVA2026_benchmark/TERM_LASSO//lasso_traces_Binomial_no-overflow.c/lasso_trace_2.txt,TERMINATING,"0,59","62,58","79,01","142,18",6,TERMINATING,7,28,35,Affine Template / Affine Template
ATVA2026_benchmark/TERM_LASSO//lasso_traces_Binomial_true-termination.c/lasso_trace_2.txt,TERMINATING,"0,4","62,89","71,53","134,82",7,TERMINATING,7,28,35,Affine Template / Affine Template
ATVA2026_benchmark/TERM_LASSO//lasso_traces_Binomial_true.c/lasso_trace_2.txt,TERMINATING,"0,35","61,94","67,41","129,7",7,TERMINATING,7,28,35,Affine Template / Affine Template
ATVA2026_benchmark/TERM_LASSO//lasso_traces_Binomial.bpl/lasso_trace_1.txt,TERMINATING,"1,62","93,21","119,17",214,6,TERMINATING,0,3,3,Affine Template / Affine Template
ATVA2026_benchmark/TERM_LASSO//lasso_traces_Binomial.c/lasso_trace_2.txt,TERMINATING,"0,34","64,01","66,91","131,26",7,TERMINATING,7,28,35,Affine Template / Affine Template
ATVA2026_benchmark/TERM_LASSO//lasso_traces_binsearch-recursive.c/lasso_trace_1.txt,TERMINATING,"2,31","61,1",0,"63,41",38,TERMINATING,0,7,7,Affine Template / Affine Template
ATVA2026_benchmark/TERM_LASSO//lasso_traces_binsearch-recursive.c/lasso_trace_2.txt,TERMINATING,"1,38","361,34",0,"362,72",82,TERMINATING,1,7,8,Affine Template / Affine Template
ATVA2026_benchmark/TERM_LASSO//lasso_traces_binsearch.c/lasso_trace_1.txt,TERMINATING,"2,42","815,95",0,"818,37",57,TERMINATING,1,4,5,Affine Template / Affine Template
ATVA2026_benchmark/TERM_LASSO//lasso_traces_bitcount16.t2.c/lasso_trace_1.txt,TERMINATING,"2,05","215,54","234,22","451,81",10,TERMINATING,56,21,77,Affine Template / Affine Template
ATVA2026_benchmark/TERM_LASSO//lasso_traces_bitcount32.t2.c/lasso_trace_1.txt,TERMINATING,"1,71","224,82","250,8","477,33",10,TERMINATING,56,21,77,Affine Template / Affine Template
ATVA2026_benchmark/TERM_LASSO//lasso_traces_bitwiseOps.c/lasso_trace_1.txt,TERMINATING,"1,74","2809,83","88,18","2899,75",154,TERMINATING,5,1,6,Affine Template / Affine Template
ATVA2026_benchmark/TERM_LASSO//lasso_traces_boogieLTL.bpl/lasso_trace_1.txt,TERMINATING,"1,95","48,87","35,39","86,21",4,TERMINATING,1,1,2,Affine Template / Affine Template
ATVA2026_benchmark/TERM_LASSO//lasso_traces_BoolVsInt.c/lasso_trace_1.txt,TERMINATING,"1,68","86,52","48,8",137,6,TERMINATING,21,1,22,Affine Template / Affine Template
ATVA2026_benchmark/TERM_LASSO//lasso_traces_Boulder.bpl/lasso_trace_1.txt,TERMINATING,"1,97","47,98","39,69","89,64",4,TERMINATING,1,1,2,Affine Template / Affine Template
ATVA2026_benchmark/TERM_LASSO//lasso_traces_bound-scaled200.bpl/lasso_trace_1.txt,TERMINATING,"3,74","888,46","466,47","1358,67",184,TERMINATING,1,1,2,Affine Template / Affine Template
ATVA2026_benchmark/TERM_LASSO//lasso_traces_bound-scaled400.bpl/lasso_trace_1.txt,TERMINATING,"5,18","1179,14","1527,67","2711,99",542,TERMINATING,1,1,2,Affine Template / Affine Template
ATVA2026_benchmark/TERM_LASSO//lasso_traces_bound-scaled600.bpl/lasso_trace_1.txt,TERMINATING,"7,83","2414,67","4015,5",6438,1348,TERMINATING,1,1,2,Affine Template / Affine Template
ATVA2026_benchmark/TERM_LASSO//lasso_traces_BradleyMannaSipma-CAV2005-Fig1_no-overflow.c/lasso_trace_1.txt,TERMINATING,"1,98","98,33","54,06","154,37",13,TERMINATING,6,1,7,Affine Template / Affine Template
ATVA2026_benchmark/TERM_LASSO//lasso_traces_BradleyMannaSipma-CAV2005-Fig1_true-termination.c/lasso_trace_1.txt,TERMINATING,"2,41","106,81","52,73","161,95",13,TERMINATING,6,1,7,Affine Template / Affine Template
ATVA2026_benchmark/TERM_LASSO//lasso_traces_BradleyMannaSipma-CAV2005-Fig1.c/lasso_trace_1.txt,TERMINATING,"2,36","102,64","55,92","160,92",13,TERMINATING,6,1,7,Affine Template / Affine Template
ATVA2026_benchmark/TERM_LASSO//lasso_traces_Break.bpl/lasso_trace_1.txt,TERMINATING,"1,62","57,31","36,35","95,28",6,TERMINATING,1,1,2,Affine Template / Affine Template
ATVA2026_benchmark/TERM_LASSO//lasso_traces_break.c/lasso_trace_1.txt,TERMINATING,"3,91","74,18","62,71","140,8",4,TERMINATING,1,1,2,Affine Template / Affine Template
ATVA2026_benchmark/TERM_LASSO//lasso_traces_bresenham.c/lasso_trace_1.txt,TERMINATING,"4,56","280,46","110,94","395,96",26,TERMINATING,1,1,2,Affine Template / Affine Template
ATVA2026_benchmark/TERM_LASSO//lasso_traces_BrockschmidtCookFuhs-CAV2013-Fig1_no-overflow.c/lasso_trace_1.txt,TERMINATING,"3,39","130,69","112,42","246,5",8,TERMINATING,5,2,7,Affine Template / Affine Template
ATVA2026_benchmark/TERM_LASSO//lasso_traces_BrockschmidtCookFuhs-CAV2013-Fig1_no-overflow.c/lasso_trace_2.txt,TERMINATING,"0,39","41,27","28,84","70,5",9,TERMINATING,6,3,9,Affine Template / Affine Template
ATVA2026_benchmark/TERM_LASSO//lasso_traces_BrockschmidtCookFuhs-CAV2013-Fig1_no-overflow.c/lasso_trace_3.txt,TERMINATING,"0,34","35,17","45,22","80,73",7,TERMINATING,7,1,8,Affine Template / Affine Template
ATVA2026_benchmark/TERM_LASSO//lasso_traces_BrockschmidtCookFuhs-CAV2013-Fig1_no-overflow.c/lasso_trace_4.txt,TERMINATING,"0,33","81,09","98,22","179,64",7,TERMINATING,10,1,11,Affine Template / Affine Template
ATVA2026_benchmark/TERM_LASSO//lasso_traces_BrockschmidtCookFuhs-CAV2013-Fig1_true-termination.c/lasso_trace_1.txt,TERMINATING,"1,99","130,55","120,98","253,52",8,TERMINATING,5,2,7,Affine Template / Affine Template
ATVA2026_benchmark/TERM_LASSO//lasso_traces_BrockschmidtCookFuhs-CAV2013-Fig1_true-termination.c/lasso_trace_2.txt,TERMINATING,"0,48","40,14","30,86","71,48",9,TERMINATING,6,3,9,Affine Template / Affine Template
ATVA2026_benchmark/TERM_LASSO//lasso_traces_BrockschmidtCookFuhs-CAV2013-Fig1_true-termination.c/lasso_trace_3.txt,TERMINATING,"0,41","34,33","43,26",78,7,TERMINATING,7,1,8,Affine Template / Affine Template
ATVA2026_benchmark/TERM_LASSO//lasso_traces_BrockschmidtCookFuhs-CAV2013-Fig1_true-termination.c/lasso_trace_4.txt,TERMINATING,"0,33","83,66","98,57","182,56",9,TERMINATING,10,1,11,Affine Template / Affine Template
ATVA2026_benchmark/TERM_LASSO//lasso_traces_BrockschmidtCookFuhs-CAV2013-Fig1.c/lasso_trace_1.txt,TERMINATING,"3,36","136,36","122,32","262,04",8,TERMINATING,5,2,7,Affine Template / Affine Template
ATVA2026_benchmark/TERM_LASSO//lasso_traces_BrockschmidtCookFuhs-CAV2013-Fig1.c/lasso_trace_2.txt,TERMINATING,"0,51","48,4","36,75","85,66",9,TERMINATING,6,3,9,Affine Template / Affine Template
ATVA2026_benchmark/TERM_LASSO//lasso_traces_BrockschmidtCookFuhs-CAV2013-Fig1.c/lasso_trace_3.txt,TERMINATING,"0,41","32,21","41,5","74,12",8,TERMINATING,7,1,8,Affine Template / Affine Template
ATVA2026_benchmark/TERM_LASSO//lasso_traces_BrockschmidtCookFuhs-CAV2013-Fig1.c/lasso_trace_4.txt,TERMINATING,"0,68","89,99","98,65","189,32",8,TERMINATING,10,1,11,Affine Template / Affine Template
ATVA2026_benchmark/TERM_LASSO//lasso_traces_BrockschmidtCookFuhs-CAV2013-Fig9a_no-overflow.c/lasso_trace_2.txt,TERMINATING,"0,66",37,"31,89","69,55",9,TERMINATING,6,3,9,Affine Template / Affine Template
ATVA2026_benchmark/TERM_LASSO//lasso_traces_BrockschmidtCookFuhs-CAV2013-Fig9a_no-overflow.c/lasso_trace_3.txt,TERMINATING,"0,77","33,67","30,44","64,88",8,TERMINATING,7,1,8,Affine Template / Affine Template
ATVA2026_benchmark/TERM_LASSO//lasso_traces_BrockschmidtCookFuhs-CAV2013-Fig9a_no-overflow.c/lasso_trace_4.txt,TERMINATING,"0,53","38,03","95,68","134,24",8,TERMINATING,10,1,11,Affine Template / Affine Template
ATVA2026_benchmark/TERM_LASSO//lasso_traces_BrockschmidtCookFuhs-CAV2013-Fig9a_true-termination.c/lasso_trace_2.txt,TERMINATING,"1,13","37,42","31,03","69,58",8,TERMINATING,6,3,9,Affine Template / Affine Template
ATVA2026_benchmark/TERM_LASSO//lasso_traces_BrockschmidtCookFuhs-CAV2013-Fig9a_true-termination.c/lasso_trace_3.txt,TERMINATING,"0,81","31,08","28,76","60,65",8,TERMINATING,7,1,8,Affine Template / Affine Template
ATVA2026_benchmark/TERM_LASSO//lasso_traces_BrockschmidtCookFuhs-CAV2013-Fig9a_true-termination.c/lasso_trace_4.txt,TERMINATING,"0,39","39,6","90,52","130,51",8,TERMINATING,10,1,11,Affine Template / Affine Template
ATVA2026_benchmark/TERM_LASSO//lasso_traces_BrockschmidtCookFuhs-CAV2013-Fig9a.bpl/lasso_trace_2.txt,TERMINATING,"0,4","39,55","29,23","69,18",6,TERMINATING,1,3,4,Affine Template / Affine Template
ATVA2026_benchmark/TERM_LASSO//lasso_traces_BrockschmidtCookFuhs-CAV2013-Fig9a.bpl/lasso_trace_4.txt,TERMINATING,"0,38","44,95","41,42","86,75",7,TERMINATING,6,1,7,Affine Template / Affine Template
ATVA2026_benchmark/TERM_LASSO//lasso_traces_BrockschmidtCookFuhs-CAV2013-Fig9a.c/lasso_trace_2.txt,TERMINATING,"0,56","36,32","29,79","66,67",9,TERMINATING,6,3,9,Affine Template / Affine Template
ATVA2026_benchmark/TERM_LASSO//lasso_traces_BrockschmidtCookFuhs-CAV2013-Fig9a.c/lasso_trace_3.txt,TERMINATING,"0,53","38,05","33,41","71,99",8,TERMINATING,7,1,8,Affine Template / Affine Template
ATVA2026_benchmark/TERM_LASSO//lasso_traces_BrockschmidtCookFuhs-CAV2013-Fig9a.c/lasso_trace_4.txt,TERMINATING,"0,36","47,71","89,8","137,87",11,TERMINATING,10,1,11,Affine Template / Affine Template
ATVA2026_benchmark/TERM_LASSO//lasso_traces_BrockschmidtCookFuhs-CAV2013-Introduction_no-overflow.c/lasso_trace_1.txt,TERMINATING,"1,98","82,73","61,29",146,8,TERMINATING,5,1,6,Affine Template / Affine Template
ATVA2026_benchmark/TERM_LASSO//lasso_traces_BrockschmidtCookFuhs-CAV2013-Introduction_true-termination.c/lasso_trace_1.txt,TERMINATING,"1,9","71,97",63,"136,87",7,TERMINATING,5,1,6,Affine Template / Affine Template
ATVA2026_benchmark/TERM_LASSO//lasso_traces_BrockschmidtCookFuhs-CAV2013-Introduction.c/lasso_trace_1.txt,TERMINATING,"1,93","68,91","65,46","136,3",8,TERMINATING,5,1,6,Affine Template / Affine Template
ATVA2026_benchmark/TERM_LASSO//lasso_traces_broydn.c.i.broydn.pl.t2.fixed.t2.c/lasso_trace_1.txt,TERMINATING,"2,17","92,69","114,42","209,28",18,TERMINATING,128,26,154,Affine Template / Affine Template
ATVA2026_benchmark/TERM_LASSO//lasso_traces_broydn.c.i.broydn.pl.t2.fixed.t2.c/lasso_trace_13.txt,TERMINATING,"0,46","233,19","260,53","494,18",28,TERMINATING,433,22,455,Affine Template / Affine Template
ATVA2026_benchmark/TERM_LASSO//lasso_traces_broydn.c.i.broydn.pl.t2.fixed.t2.c/lasso_trace_14.txt,TERMINATING,"0,59","543,53","750,78","1294,9",65,TERMINATING,463,13,476,Affine Template / Affine Template
ATVA2026_benchmark/TERM_LASSO//lasso_traces_broydn.c.i.broydn.pl.t2.fixed.t2.c/lasso_trace_2.txt,TERMINATING,"0,57","629,08","839,8","1469,45",30,TERMINATING,151,120,271,Affine Template / Affine Template
ATVA2026_benchmark/TERM_LASSO//lasso_traces_broydn.c.i.broydn.pl.t2.fixed.t2.c/lasso_trace_3.txt,TERMINATING,"0,49","474,23","703,06","1177,78",23,TERMINATING,182,27,209,Affine Template / Affine Template
ATVA2026_benchmark/TERM_LASSO//lasso_traces_broydn.c.i.broydn.pl.t2.fixed.t2.c/lasso_trace_5.txt,TERMINATING,"0,6","511,22","698,72","1210,54",63,TERMINATING,211,27,238,Affine Template / Affine Template
ATVA2026_benchmark/TERM_LASSO//lasso_traces_broydn.c.i.broydn.pl.t2.fixed.t2.c/lasso_trace_6.txt,TERMINATING,"0,65","151,7","231,93","384,28",24,TERMINATING,208,35,243,Affine Template / Affine Template
ATVA2026_benchmark/TERM_LASSO//lasso_traces_broydn.c.i.broydn.pl.t2.fixed.t2.c/lasso_trace_7.txt,TERMINATING,"0,43","651,87","143,26","795,56",24,TERMINATING,212,35,247,Affine Template / Affine Template
ATVA2026_benchmark/TERM_LASSO//lasso_traces_broydn.c.i.broydn.pl.t2.fixed.t2.c/lasso_trace_8.txt,TERMINATING,"0,46","407,49","413,12","821,07",22,TERMINATING,222,17,239,Affine Template / Affine Template
ATVA2026_benchmark/TERM_LASSO//lasso_traces_broydn.c.i.broydn.pl.t2.fixed.t2.c/lasso_trace_9.txt,TERMINATING,"0,57","278,93","423,51","703,01",63,TERMINATING,229,22,251,Affine Template / Affine Template
ATVA2026_benchmark/TERM_LASSO//lasso_traces_broydn.c.i.broydn.pl.t2.nor.t2.rlgfixed.t2.c/lasso_trace_1.txt,TERMINATING,"2,4","95,72",117,"215,12",18,TERMINATING,128,26,154,Affine Template / Affine Template
ATVA2026_benchmark/TERM_LASSO//lasso_traces_broydn.c.i.broydn.pl.t2.nor.t2.rlgfixed.t2.c/lasso_trace_2.txt,TERMINATING,"0,59","627,87","839,91","1468,37",29,TERMINATING,151,120,271,Affine Template / Affine Template
ATVA2026_benchmark/TERM_LASSO//lasso_traces_broydn.c.i.broydn.pl.t2.nor.t2.rlgfixed.t2.c/lasso_trace_3.txt,TERMINATING,"0,45","479,86","670,1","1150,41",21,TERMINATING,182,27,209,Affine Template / Affine Template
ATVA2026_benchmark/TERM_LASSO//lasso_traces_broydn.c.i.broydn.pl.t2.nor.t2.rlgfixed.t2.c/lasso_trace_5.txt,TERMINATING,"0,94","516,43","690,23","1207,6",62,TERMINATING,211,27,238,Affine Template / Affine Template
ATVA2026_benchmark/TERM_LASSO//lasso_traces_broydn.c.i.broydn.pl.t2.nor.t2.rlgfixed.t2.c/lasso_trace_6.txt,TERMINATING,"0,61","162,97","229,27","392,85",24,TERMINATING,208,35,243,Affine Template / Affine Template
ATVA2026_benchmark/TERM_LASSO//lasso_traces_broydn.c.i.broydn.pl.t2.nor.t2.rlgfixed.t2.c/lasso_trace_7.txt,TERMINATING,"0,39","633,48","134,36","768,23",26,TERMINATING,212,35,247,Affine Template / Affine Template
ATVA2026_benchmark/TERM_LASSO//lasso_traces_broydn.c.i.broydn.pl.t2.nor.t2.rlgfixed.t2.c/lasso_trace_8.txt,TERMINATING,"0,64","407,81","416,72","825,17",22,TERMINATING,222,17,239,Affine Template / Affine Template
ATVA2026_benchmark/TERM_LASSO//lasso_traces_broydn.c.i.broydn.pl.t2.nor.t2.rlgfixed.t2.c/lasso_trace_9.txt,TERMINATING,"0,46","267,54","411,27","679,27",63,TERMINATING,229,22,251,Affine Template / Affine Template
ATVA2026_benchmark/TERM_LASSO//lasso_traces_broydn.t2.c/lasso_trace_1.txt,TERMINATING,"2,26","87,42","121,03","210,71",18,TERMINATING,128,26,154,Affine Template / Affine Template
ATVA2026_benchmark/TERM_LASSO//lasso_traces_broydn.t2.c/lasso_trace_13.txt,TERMINATING,"0,45","425,5","571,33","997,28",27,TERMINATING,429,22,451,Affine Template / Affine Template
ATVA2026_benchmark/TERM_LASSO//lasso_traces_broydn.t2.c/lasso_trace_2.txt,TERMINATING,"0,56","617,85","834,78","1453,19",30,TERMINATING,151,120,271,Affine Template / Affine Template
ATVA2026_benchmark/TERM_LASSO//lasso_traces_broydn.t2.c/lasso_trace_3.txt,TERMINATING,"0,42","487,88","645,95","1134,25",21,TERMINATING,182,27,209,Affine Template / Affine Template
ATVA2026_benchmark/TERM_LASSO//lasso_traces_broydn.t2.c/lasso_trace_5.txt,TERMINATING,"0,53","134,02","139,42","273,97",24,TERMINATING,208,35,243,Affine Template / Affine Template
ATVA2026_benchmark/TERM_LASSO//lasso_traces_broydn.t2.c/lasso_trace_6.txt,TERMINATING,"0,53","492,36","677,6","1170,49",24,TERMINATING,212,35,247,Affine Template / Affine Template
ATVA2026_benchmark/TERM_LASSO//lasso_traces_broydn.t2.c/lasso_trace_7.txt,TERMINATING,"0,49","261,59","325,85","587,93",23,TERMINATING,222,17,239,Affine Template / Affine Template
ATVA2026_benchmark/TERM_LASSO//lasso_traces_broydn.t2.c/lasso_trace_8.txt,TERMINATING,"0,42","589,71","689,87",1280,24,TERMINATING,230,22,252,Affine Template / Affine Template
ATVA2026_benchmark/TERM_LASSO//lasso_traces_brp_withassume.t2.c/lasso_trace_10.txt,TERMINATING,"0,49","688,16","828,64","1517,29",27,TERMINATING,292,25,317,Affine Template / Affine Template
ATVA2026_benchmark/TERM_LASSO//lasso_traces_brp_withassume.t2.c/lasso_trace_11.txt,TERMINATING,"0,52","273,97","294,45","568,94",32,TERMINATING,334,67,401,Affine Template / Affine Template
ATVA2026_benchmark/TERM_LASSO//lasso_traces_brp_withassume.t2.c/lasso_trace_12.txt,TERMINATING,"0,52","494,55","627,51","1122,58",27,TERMINATING,477,25,502,Affine Template / Affine Template
ATVA2026_benchmark/TERM_LASSO//lasso_traces_brp_withassume.t2.c/lasso_trace_13.txt,TERMINATING,"0,55","652,12","769,75","1422,42",32,TERMINATING,557,67,624,Affine Template / Affine Template
ATVA2026_benchmark/TERM_LASSO//lasso_traces_brp_withassume.t2.c/lasso_trace_2.txt,TERMINATING,"0,49","184,62","254,1","439,21",18,TERMINATING,121,25,146,Affine Template / Affine Template
ATVA2026_benchmark/TERM_LASSO//lasso_traces_brutesearch-no-inv.c/lasso_trace_2.txt,TERMINATING,"2,22","2432,16",0,"2434,38",167,TERMINATING,5,5,10,Affine Template / Affine Template
ATVA2026_benchmark/TERM_LASSO//lasso_traces_brutesearch.c/lasso_trace_2.txt,TERMINATING,"3,72","2505,03",0,"2508,75",195,TERMINATING,5,5,10,Affine Template / Affine Template
ATVA2026_benchmark/TERM_LASSO//lasso_traces_bsort100.t2.c/lasso_trace_1.txt,TERMINATING,"2,58","134,66","169,14","306,38",7,TERMINATING,40,13,53,Affine Template / Affine Template
ATVA2026_benchmark/TERM_LASSO//lasso_traces_bubble_sort.c/lasso_trace_1.txt,TERMINATING,"3,33","73,52","155,43","232,28",6,TERMINATING,1,2,3,Affine Template / Affine Template
ATVA2026_benchmark/TERM_LASSO//lasso_traces_bubblesort_inner_loop.t2.c/lasso_trace_1.txt,TERMINATING,"5,1","180,05","362,23","547,38",6,TERMINATING,28,25,53,Affine Template / Affine Template
ATVA2026_benchmark/TERM_LASSO//lasso_traces_bubbleSort.t2.c/lasso_trace_1.txt,TERMINATING,"7,48","585,14","736,18","1328,8",10,TERMINATING,44,13,57,Affine Template / Affine Template
ATVA2026_benchmark/TERM_LASSO//lasso_traces_bubbleSort.t2.c/lasso_trace_5.txt,TERMINATING,"0,29","210,62","320,78","531,69",11,TERMINATING,92,25,117,Affine Template / Affine Template
ATVA2026_benchmark/TERM_LASSO//lasso_traces_BubblesortWithoutArrays_true-termination.c/lasso_trace_1.txt,TERMINATING,"3,41","179,76","71,02","254,19",7,TERMINATING,7,2,9,Affine Template / Affine Template
ATVA2026_benchmark/TERM_LASSO//lasso_traces_BubblesortWithoutArrays_true-termination.c/lasso_trace_2.txt,TERMINATING,"2,03","130,5","282,9","415,43",8,TERMINATING,8,1,9,Affine Template / Affine Template
ATVA2026_benchmark/TERM_LASSO//lasso_traces_Buffer_overFlow_in_loop_nonSecurity.c/lasso_trace_1.txt,TERMINATING,"2,33","134,84","139,33","276,5",6,TERMINATING,5,3,8,Affine Template / Affine Template
ATVA2026_benchmark/TERM_LASSO//lasso_traces_Buffer_overFlow_in_loop_Security.c/lasso_trace_1.txt,TERMINATING,"4,59","274,48","186,36","465,43",4,TERMINATING,5,3,8,Affine Template / Affine Template
ATVA2026_benchmark/TERM_LASSO//lasso_traces_bug-double-call.bpl/lasso_trace_1.txt,TERMINATING,"2,02","39,54","36,87","78,43",4,TERMINATING,2,1,3,Affine Template / Affine Template
ATVA2026_benchmark/TERM_LASSO//lasso_traces_bug-FalseStemFeasible.c/lasso_trace_1.txt,TERMINATING,"3,9","65,8",0,"69,7",6,TERMINATING,5,1,6,Affine Template / Affine Template
ATVA2026_benchmark/TERM_LASSO//lasso_traces_bug-old-stmt-3.bpl/lasso_trace_1.txt,TERMINATING,"2,09","49,32","36,3","87,71",4,TERMINATING,1,1,2,Affine Template / Affine Template
ATVA2026_benchmark/TERM_LASSO//lasso_traces_bug02_isEmptyHeuristic_recursion.c/lasso_trace_1.txt,TERMINATING,"8,78","397,83","417,35","823,96",8,TERMINATING,6,4,10,Affine Template / Affine Template
ATVA2026_benchmark/TERM_LASSO//lasso_traces_bug02_isEmptyHeuristic_recursion.c/lasso_trace_2.txt,TERMINATING,"2,18","304,44","336,86","643,48",9,TERMINATING,9,4,13,Affine Template / Affine Template
ATVA2026_benchmark/TERM_LASSO//lasso_traces_bug02_isEmptyHeuristic_recursion.c/lasso_trace_3.txt,TERMINATING,"1,86","355,09","228,02","584,97",10,TERMINATING,13,4,17,Affine Template / Affine Template
ATVA2026_benchmark/TERM_LASSO//lasso_traces_bug02_isEmptyHeuristic_recursion.c/lasso_trace_5.txt,TERMINATING,"3,05","203,67","127,95","334,67",7,TERMINATING,14,8,22,Affine Template / Affine Template
ATVA2026_benchmark/TERM_LASSO//lasso_traces_bug02_isEmptyHeuristic_recursion.c/lasso_trace_6.txt,TERMINATING,"1,91","232,12","130,2","364,23",10,TERMINATING,15,4,19,Affine Template / Affine Template
ATVA2026_benchmark/TERM_LASSO//lasso_traces_bug06_IsEmptyHeuristic.c/lasso_trace_2.txt,TERMINATING,"1,9","88,26","71,33","161,49",5,TERMINATING,5,4,9,Affine Template / Affine Template
ATVA2026_benchmark/TERM_LASSO//lasso_traces_BugDoubleLabel.c/lasso_trace_1.txt,TERMINATING,"4,15","108,69","120,45","233,29",5,TERMINATING,5,3,8,Affine Template / Affine Template
ATVA2026_benchmark/TERM_LASSO//lasso_traces_BugInterpolantConsolidation01.bpl/lasso_trace_1.txt,TERMINATING,"2,09","42,24","35,46","79,79",6,TERMINATING,1,2,3,Affine Template / Affine Template
ATVA2026_benchmark/TERM_LASSO//lasso_traces_BugMapElimination01-SameAuxVarBug_simple.bpl/lasso_trace_1.txt,TERMINATING,"1,98","48,06",0,"50,04",5,TERMINATING,1,1,2,Affine Template / Affine Template
ATVA2026_benchmark/TERM_LASSO//lasso_traces_BugMapElimination02-StoreInIndex.bpl/lasso_trace_1.txt,TERMINATING,"1,98","46,14",0,"48,12",8,TERMINATING,1,1,2,Affine Template / Affine Template
ATVA2026_benchmark/TERM_LASSO//lasso_traces_BugMapElimination03-LossOfPrecision.bpl/lasso_trace_1.txt,TERMINATING,"0,51","45,38",0,"45,89",5,TERMINATING,2,1,3,Affine Template / Affine Template
ATVA2026_benchmark/TERM_LASSO//lasso_traces_BugMapElimination05-UnsoundnessSimple.bpl/lasso_trace_1.txt,TERMINATING,"2,42","42,07",0,"44,49",4,TERMINATING,1,1,2,Affine Template / Affine Template
ATVA2026_benchmark/TERM_LASSO//lasso_traces_BugOldVars01-simplified.c/lasso_trace_1.txt,TERMINATING,"1,74","86,69","63,39","151,82",7,TERMINATING,6,1,7,Affine Template / Affine Template
ATVA2026_benchmark/TERM_LASSO//lasso_traces_BugOldVars01.c/lasso_trace_1.txt,TERMINATING,"3,68","277,14","226,83","507,65",6,TERMINATING,7,1,8,Affine Template / Affine Template
ATVA2026_benchmark/TERM_LASSO//lasso_traces_BugOldVars02.bpl/lasso_trace_1.txt,TERMINATING,2,"63,1","41,21","106,31",6,TERMINATING,4,1,5,Affine Template / Affine Template
ATVA2026_benchmark/TERM_LASSO//lasso_traces_BugOldVars03.bpl/lasso_trace_1.txt,TERMINATING,"2,41","82,27",0,"84,68",8,TERMINATING,4,1,5,Affine Template / Affine Template
ATVA2026_benchmark/TERM_LASSO//lasso_traces_BugOldVars04.bpl/lasso_trace_1.txt,TERMINATING,"1,91","44,2","31,83","77,94",5,TERMINATING,5,1,6,Affine Template / Affine Template
ATVA2026_benchmark/TERM_LASSO//lasso_traces_BugRewriteArrays02.bpl/lasso_trace_1.txt,TERMINATING,"2,05","81,45",0,"83,5",6,TERMINATING,1,1,2,Affine Template / Affine Template
ATVA2026_benchmark/TERM_LASSO//lasso_traces_BugRewriteArrays03.bpl/lasso_trace_1.txt,TERMINATING,"1,97","118,24",0,"120,21",13,TERMINATING,1,1,2,Affine Template / Affine Template
ATVA2026_benchmark/TERM_LASSO//lasso_traces_builtin_return_address.c/lasso_trace_1.txt,TERMINATING,"10,99","335,38","668,6","1014,97",5,TERMINATING,5,1,6,Affine Template / Affine Template
ATVA2026_benchmark/TERM_LASSO//lasso_traces_byron-1.t2.c/lasso_trace_1.txt,TERMINATING,"3,05","753,44","621,28","1377,77",9,TERMINATING,33,13,46,Affine Template / Affine Template
ATVA2026_benchmark/TERM_LASSO//lasso_traces_byron-2.t2.c/lasso_trace_1.txt,TERMINATING,"6,69","993,45","1636,4","2636,54",9,TERMINATING,40,28,68,Affine Template / Affine Template
ATVA2026_benchmark/TERM_LASSO//lasso_traces_byron-2.t2.c/lasso_trace_2.txt,TERMINATING,"0,4","131,84","93,33","225,57",12,TERMINATING,73,42,115,Affine Template / Affine Template
ATVA2026_benchmark/TERM_LASSO//lasso_traces_byron-2.t2.c/lasso_trace_3.txt,TERMINATING,"0,46","59,52","98,68","158,66",30,TERMINATING,89,28,117,Affine Template / Affine Template
ATVA2026_benchmark/TERM_LASSO//lasso_traces_byron-3.t2.c/lasso_trace_1.txt,TERMINATING,"2,89","902,35","114,38","1019,62",15,TERMINATING,28,13,41,2-Nested Template / 2-Nested Template
ATVA2026_benchmark/TERM_LASSO//lasso_traces_byron-4.t2.c/lasso_trace_3.txt,TERMINATING,"2,14","245,76","226,03","473,93",10,TERMINATING,37,45,82,Affine Template / Affine Template
ATVA2026_benchmark/TERM_LASSO//lasso_traces_c.01_assume_false-no-overflow.c/lasso_trace_1.txt,TERMINATING,"7,53","136,62","92,86","237,01",8,TERMINATING,5,2,7,Affine Template / Affine Template
ATVA2026_benchmark/TERM_LASSO//lasso_traces_c.01_assume_false-no-overflow.c/lasso_trace_2.txt,TERMINATING,"1,22","151,94","44,73","197,89",7,TERMINATING,6,1,7,Affine Template / Affine Template
ATVA2026_benchmark/TERM_LASSO//lasso_traces_c.01_assume_no-overflow.c/lasso_trace_1.txt,TERMINATING,"1,94","78,37","60,24","140,55",9,TERMINATING,5,2,7,Affine Template / Affine Template
ATVA2026_benchmark/TERM_LASSO//lasso_traces_c.01_assume_no-overflow.c/lasso_trace_2.txt,TERMINATING,"0,56","88,79","31,09","120,44",11,TERMINATING,6,1,7,Affine Template / Affine Template
ATVA2026_benchmark/TERM_LASSO//lasso_traces_c.01_assume_true-termination.c/lasso_trace_1.txt,TERMINATING,"2,97","99,59","44,98","147,54",6,TERMINATING,7,2,9,Affine Template / Affine Template
ATVA2026_benchmark/TERM_LASSO//lasso_traces_c.01_assume_true-termination.c/lasso_trace_2.txt,TERMINATING,"1,09","163,65","156,74","321,48",6,TERMINATING,8,2,10,Affine Template / Affine Template
ATVA2026_benchmark/TERM_LASSO//lasso_traces_c.01_assume.c/lasso_trace_1.txt,TERMINATING,"3,88","164,08","102,04",270,8,TERMINATING,5,2,7,Affine Template / Affine Template
ATVA2026_benchmark/TERM_LASSO//lasso_traces_c.01_assume.c/lasso_trace_2.txt,TERMINATING,"1,46","156,5","50,24","208,2",7,TERMINATING,6,1,7,Affine Template / Affine Template
ATVA2026_benchmark/TERM_LASSO//lasso_traces_c.01-no-inv_false-no-overflow.c/lasso_trace_1.txt,TERMINATING,"3,12","102,97","77,55","183,64",7,TERMINATING,5,2,7,Affine Template / Affine Template
ATVA2026_benchmark/TERM_LASSO//lasso_traces_c.01-no-inv_no-overflow.c/lasso_trace_1.txt,TERMINATING,"2,06","46,36","34,16","82,58",5,TERMINATING,1,2,3,Affine Template / Affine Template
ATVA2026_benchmark/TERM_LASSO//lasso_traces_c.01-no-inv_true-termination.c/lasso_trace_1.txt,TERMINATING,"3,25","116,85","82,22","202,32",6,TERMINATING,7,2,9,Affine Template / Affine Template
ATVA2026_benchmark/TERM_LASSO//lasso_traces_c.01-no-inv.c/lasso_trace_1.txt,TERMINATING,"2,04","45,9","34,02","81,96",5,TERMINATING,1,2,3,Affine Template / Affine Template
ATVA2026_benchmark/TERM_LASSO//lasso_traces_c.01.c/lasso_trace_1.txt,TERMINATING,"8,47","111,78","98,27","218,52",7,TERMINATING,1,2,3,Affine Template / Affine Template
ATVA2026_benchmark/TERM_LASSO//lasso_traces_c.02_false-no-overflow.c/lasso_trace_1.txt,TERMINATING,"16,82","739,85","463,72","1220,39",7,TERMINATING,5,2,7,Affine Template / Affine Template
ATVA2026_benchmark/TERM_LASSO//lasso_traces_c.02_false-no-overflow.c/lasso_trace_2.txt,TERMINATING,7,"346,24","664,67","1017,91",8,TERMINATING,6,1,7,Affine Template / Affine Template
ATVA2026_benchmark/TERM_LASSO//lasso_traces_c.02_no-overflow.c/lasso_trace_1.txt,TERMINATING,"2,1","57,71","50,72","110,53",5,TERMINATING,1,2,3,Affine Template / Affine Template
ATVA2026_benchmark/TERM_LASSO//lasso_traces_c.02_no-overflow.c/lasso_trace_2.txt,TERMINATING,"0,41","44,8","31,89","77,1",5,TERMINATING,2,1,3,Affine Template / Affine Template
ATVA2026_benchmark/TERM_LASSO//lasso_traces_c.02_true-termination.c/lasso_trace_1.txt,TERMINATING,"14,17","399,67","189,06","602,9",6,TERMINATING,7,2,9,Affine Template / Affine Template
ATVA2026_benchmark/TERM_LASSO//lasso_traces_c.02_true-termination.c/lasso_trace_2.txt,TERMINATING,"8,87","271,84","329,7","610,41",7,TERMINATING,8,1,9,Affine Template / Affine Template
ATVA2026_benchmark/TERM_LASSO//lasso_traces_c.02.c/lasso_trace_1.txt,TERMINATING,"10,14","318,93","201,33","530,4",5,TERMINATING,1,2,3,Affine Template / Affine Template
ATVA2026_benchmark/TERM_LASSO//lasso_traces_c.02.c/lasso_trace_2.txt,TERMINATING,"1,87",190,"98,79","290,66",5,TERMINATING,2,1,3,Affine Template / Affine Template
ATVA2026_benchmark/TERM_LASSO//lasso_traces_c.03_false-no-overflow.c/lasso_trace_1.txt,TERMINATING,"18,23","862,04","536,44","1416,71",18,TERMINATING,5,1,6,Affine Template / Affine Template
ATVA2026_benchmark/TERM_LASSO//lasso_traces_c.03_no-overflow.c/lasso_trace_1.txt,TERMINATING,"2,39","94,91","47,75","145,05",14,TERMINATING,1,1,2,Affine Template / Affine Template
ATVA2026_benchmark/TERM_LASSO//lasso_traces_c.03_true-termination.c/lasso_trace_1.txt,TERMINATING,"12,06","461,06","299,85","772,97",19,TERMINATING,7,1,8,Affine Template / Affine Template
ATVA2026_benchmark/TERM_LASSO//lasso_traces_c.03.c/lasso_trace_1.txt,TERMINATING,"26,29","531,15","232,44","789,88",15,TERMINATING,1,1,2,Affine Template / Affine Template
ATVA2026_benchmark/TERM_LASSO//lasso_traces_c.04-no-inv.c/lasso_trace_1.txt,TERMINATING,"9,63","522,16","384,47","916,26",18,TERMINATING,2,1,3,Affine Template / Affine Template
ATVA2026_benchmark/TERM_LASSO//lasso_traces_c.04.c/lasso_trace_1.txt,TERMINATING,"9,5","713,26","233,58","956,34",17,TERMINATING,2,1,3,Affine Template / Affine Template
ATVA2026_benchmark/TERM_LASSO//lasso_traces_c.06.c/lasso_trace_1.txt,TERMINATING,"4,63","1194,89","403,23","1602,75",47,TERMINATING,1,1,2,Affine Template / Affine Template
ATVA2026_benchmark/TERM_LASSO//lasso_traces_c.07_false-no-overflow.c/lasso_trace_1.txt,TERMINATING,"6,26","344,23","59,03","409,52",11,TERMINATING,5,1,6,Affine Template / Affine Template
ATVA2026_benchmark/TERM_LASSO//lasso_traces_c.07_no-overflow.c/lasso_trace_1.txt,TERMINATING,"2,24","69,56","40,75","112,55",9,TERMINATING,1,1,2,Affine Template / Affine Template
ATVA2026_benchmark/TERM_LASSO//lasso_traces_c.07_true-termination.c/lasso_trace_1.txt,TERMINATING,"4,84","169,14","77,3","251,28",11,TERMINATING,7,1,8,Affine Template / Affine Template
ATVA2026_benchmark/TERM_LASSO//lasso_traces_c.07.c/lasso_trace_1.txt,TERMINATING,"8,69","188,42","113,35","310,46",11,TERMINATING,1,1,2,Affine Template / Affine Template
ATVA2026_benchmark/TERM_LASSO//lasso_traces_c.08_false-no-overflow.c/lasso_trace_1.txt,TERMINATING,"2,74","193,97","132,08","328,79",7,TERMINATING,5,2,7,Affine Template / Affine Template
ATVA2026_benchmark/TERM_LASSO//lasso_traces_c.08_false-no-overflow.c/lasso_trace_2.txt,TERMINATING,"1,02","114,16","144,17","259,35",8,TERMINATING,6,1,7,Affine Template / Affine Template
ATVA2026_benchmark/TERM_LASSO//lasso_traces_c.08_no-overflow.c/lasso_trace_1.txt,TERMINATING,"2,2","58,72","47,75","108,67",5,TERMINATING,1,2,3,Affine Template / Affine Template
ATVA2026_benchmark/TERM_LASSO//lasso_traces_c.08_no-overflow.c/lasso_trace_2.txt,TERMINATING,"0,82","36,1","46,74","83,66",6,TERMINATING,2,1,3,Affine Template / Affine Template
ATVA2026_benchmark/TERM_LASSO//lasso_traces_c.08_true-termination.c/lasso_trace_1.txt,TERMINATING,"1,88","80,78","178,11","260,77",8,TERMINATING,7,2,9,Affine Template / Affine Template
ATVA2026_benchmark/TERM_LASSO//lasso_traces_c.08_true-termination.c/lasso_trace_2.txt,TERMINATING,2,"105,18","119,72","226,9",8,TERMINATING,8,1,9,Affine Template / Affine Template
ATVA2026_benchmark/TERM_LASSO//lasso_traces_c.08.c/lasso_trace_1.txt,TERMINATING,"2,4","109,08","57,45","168,93",7,TERMINATING,1,2,3,Affine Template / Affine Template
ATVA2026_benchmark/TERM_LASSO//lasso_traces_c.08.c/lasso_trace_2.txt,TERMINATING,"1,12","48,09","74,51","123,72",5,TERMINATING,2,1,3,Affine Template / Affine Template
ATVA2026_benchmark/TERM_LASSO//lasso_traces_c.09.c/lasso_trace_1.txt,TERMINATING,"3,39","159,49","87,1","249,98",12,TERMINATING,1,1,2,Affine Template / Affine Template
ATVA2026_benchmark/TERM_LASSO//lasso_traces_c.11.c/lasso_trace_1.txt,TERMINATING,"3,96","4039,46","86,16","4129,58",25,TERMINATING,1,1,2,2-Phase Template / Affine Template
ATVA2026_benchmark/TERM_LASSO//lasso_traces_cacm.c/lasso_trace_1.txt,TERMINATING,"5,48","174,39","170,66","350,53",13,TERMINATING,1,1,2,Affine Template / Affine Template
ATVA2026_benchmark/TERM_LASSO//lasso_traces_Cairo_no-overflow.c/lasso_trace_1.txt,TERMINATING,"1,9","109,24","92,29","203,43",10,TERMINATING,6,1,7,Affine Template / Affine Template
ATVA2026_benchmark/TERM_LASSO//lasso_traces_Cairo_step2-1_no-overflow.c/lasso_trace_1.txt,TERMINATING,"2,31","120,06","91,76","214,13",13,TERMINATING,6,1,7,Affine Template / Affine Template
ATVA2026_benchmark/TERM_LASSO//lasso_traces_Cairo_step2-1.c/lasso_trace_1.txt,TERMINATING,"2,44","116,71","91,85",211,10,TERMINATING,6,1,7,Affine Template / Affine Template
ATVA2026_benchmark/TERM_LASSO//lasso_traces_Cairo_true-termination.c/lasso_trace_1.txt,TERMINATING,"2,56","165,84","97,05","265,45",10,TERMINATING,6,1,7,Affine Template / Affine Template
ATVA2026_benchmark/TERM_LASSO//lasso_traces_Cairo.bpl/lasso_trace_1.txt,TERMINATING,"2,02","70,05","33,1","105,17",5,TERMINATING,1,1,2,Affine Template / Affine Template
ATVA2026_benchmark/TERM_LASSO//lasso_traces_Cairo.c/lasso_trace_1.txt,TERMINATING,"1,77","117,64","96,96","216,37",10,TERMINATING,6,1,7,Affine Template / Affine Template
ATVA2026_benchmark/TERM_LASSO//lasso_traces_CallIrregular_incorrect.bpl/lasso_trace_1.txt,TERMINATING,"1,75","74,76","99,63","176,14",10,TERMINATING,0,4,4,Affine Template / Affine Template
ATVA2026_benchmark/TERM_LASSO//lasso_traces_CallIrregular_incorrect.bpl/lasso_trace_2.txt,TERMINATING,"0,66","28,63","59,18","88,47",5,TERMINATING,0,2,2,Affine Template / Affine Template
ATVA2026_benchmark/TERM_LASSO//lasso_traces_CallIrregular_incorrect.bpl/lasso_trace_3.txt,TERMINATING,"0,49","85,98","72,83","159,3",8,TERMINATING,1,4,5,Affine Template / Affine Template
ATVA2026_benchmark/TERM_LASSO//lasso_traces_CallIrregular_incorrect.bpl/lasso_trace_4.txt,TERMINATING,"0,36","78,82","53,65","132,83",7,TERMINATING,1,4,5,Affine Template / Affine Template
ATVA2026_benchmark/TERM_LASSO//lasso_traces_CallIrregular_incorrect.bpl/lasso_trace_5.txt,TERMINATING,"0,32","34,1","56,24","90,66",8,TERMINATING,2,6,8,Affine Template / Affine Template
ATVA2026_benchmark/TERM_LASSO//lasso_traces_CallIrregular_incorrect.bpl/lasso_trace_6.txt,TERMINATING,"0,35","62,27","42,45","105,07",8,TERMINATING,3,2,5,Affine Template / Affine Template
ATVA2026_benchmark/TERM_LASSO//lasso_traces_CallIrregular_incorrect.bpl/lasso_trace_7.txt,TERMINATING,"0,39","68,05","58,61","127,05",8,TERMINATING,8,6,14,Affine Template / Affine Template
ATVA2026_benchmark/TERM_LASSO//lasso_traces_CallIrregular_incorrect.bpl/lasso_trace_8.txt,TERMINATING,"0,38","44,58","38,12","83,08",8,TERMINATING,7,2,9,Affine Template / Affine Template
ATVA2026_benchmark/TERM_LASSO//lasso_traces_CallIrregular.bpl/lasso_trace_1.txt,TERMINATING,"1,68","80,3","102,86","184,84",6,TERMINATING,0,4,4,Affine Template / Affine Template
ATVA2026_benchmark/TERM_LASSO//lasso_traces_CallIrregular.bpl/lasso_trace_2.txt,TERMINATING,"0,38","26,9","53,24","80,52",5,TERMINATING,0,2,2,Affine Template / Affine Template
ATVA2026_benchmark/TERM_LASSO//lasso_traces_CallIrregular.bpl/lasso_trace_3.txt,TERMINATING,"0,48","84,88","74,97","160,33",10,TERMINATING,1,4,5,Affine Template / Affine Template
ATVA2026_benchmark/TERM_LASSO//lasso_traces_CallIrregular.bpl/lasso_trace_4.txt,TERMINATING,"0,28","81,97","51,12","133,37",7,TERMINATING,1,4,5,Affine Template / Affine Template
ATVA2026_benchmark/TERM_LASSO//lasso_traces_CallIrregular.bpl/lasso_trace_5.txt,TERMINATING,"0,57","31,48","49,82","81,87",9,TERMINATING,2,6,8,Affine Template / Affine Template
ATVA2026_benchmark/TERM_LASSO//lasso_traces_CallIrregular.bpl/lasso_trace_6.txt,TERMINATING,"0,34",62,"40,7","103,04",8,TERMINATING,3,2,5,Affine Template / Affine Template
ATVA2026_benchmark/TERM_LASSO//lasso_traces_CallIrregular.bpl/lasso_trace_7.txt,TERMINATING,"0,44","68,37","70,96","139,77",8,TERMINATING,8,6,14,Affine Template / Affine Template
ATVA2026_benchmark/TERM_LASSO//lasso_traces_CallIrregular.bpl/lasso_trace_8.txt,TERMINATING,"0,35","42,35","41,02","83,72",11,TERMINATING,7,2,9,Affine Template / Affine Template
ATVA2026_benchmark/TERM_LASSO//lasso_traces_CallReturn.bpl/lasso_trace_1.txt,TERMINATING,"1,72","44,02","63,53","109,27",4,TERMINATING,0,2,2,Affine Template / Affine Template
ATVA2026_benchmark/TERM_LASSO//lasso_traces_CallReturn.bpl/lasso_trace_2.txt,TERMINATING,"0,65","72,93","64,46","138,04",7,TERMINATING,2,2,4,Affine Template / Affine Template
ATVA2026_benchmark/TERM_LASSO//lasso_traces_cav1.c/lasso_trace_1.txt,TERMINATING,"1,8","65,34","34,01","101,15",8,TERMINATING,1,1,2,Affine Template / Affine Template
ATVA2026_benchmark/TERM_LASSO//lasso_traces_cggmp2005_variant.c.i_3.bpl/lasso_trace_1.txt,TERMINATING,"2,42","47,31","65,73","115,46",6,TERMINATING,1,1,2,Affine Template / Affine Template
ATVA2026_benchmark/TERM_LASSO//lasso_traces_cggmp2005_variant.c.i_3.bplTransformedIcfg_BEv2_3.bpl/lasso_trace_1.txt,TERMINATING,"2,49","48,58","71,83","122,9",7,TERMINATING,1,1,2,Affine Template / Affine Template
ATVA2026_benchmark/TERM_LASSO//lasso_traces_cggmp2005.c.i_3.bpl/lasso_trace_1.txt,TERMINATING,"2,3","50,42","37,07","89,79",5,TERMINATING,1,1,2,Affine Template / Affine Template
ATVA2026_benchmark/TERM_LASSO//lasso_traces_cggmp2005.c.i_3.bplTransformedIcfg_BEv2_2.bpl/lasso_trace_1.txt,TERMINATING,"2,49","48,13","41,64","92,26",5,TERMINATING,1,1,2,Affine Template / Affine Template
ATVA2026_benchmark/TERM_LASSO//lasso_traces_cggmp2005b.c.i_4.bpl/lasso_trace_2.txt,TERMINATING,"0,64","33,45","39,88","73,97",5,TERMINATING,3,1,4,Affine Template / Affine Template
ATVA2026_benchmark/TERM_LASSO//lasso_traces_chaining2.c/lasso_trace_1.txt,TERMINATING,"0,62","78,87","30,06","109,55",17,TERMINATING,2,1,3,Affine Template / Affine Template
ATVA2026_benchmark/TERM_LASSO//lasso_traces_ChawdharyCookGulwaniSagivYang-ESOP2008-aaron1_no-overflow.c/lasso_trace_1.txt,TERMINATING,"2,37","313,28","61,05","376,7",39,TERMINATING,5,1,6,Affine Template / Affine Template
ATVA2026_benchmark/TERM_LASSO//lasso_traces_ChawdharyCookGulwaniSagivYang-ESOP2008-aaron1_true-termination.c/lasso_trace_1.txt,TERMINATING,"1,93","310,81","53,18","365,92",35,TERMINATING,5,1,6,Affine Template / Affine Template
ATVA2026_benchmark/TERM_LASSO//lasso_traces_ChawdharyCookGulwaniSagivYang-ESOP2008-aaron1.c/lasso_trace_1.txt,TERMINATING,"2,18","299,66","56,15","357,99",39,TERMINATING,5,1,6,Affine Template / Affine Template
ATVA2026_benchmark/TERM_LASSO//lasso_traces_ChawdharyCookGulwaniSagivYang-ESOP2008-aaron2_no-overflow.c/lasso_trace_1.txt,TERMINATING,"2,42","134,7","54,53","191,65",14,TERMINATING,5,1,6,Affine Template / Affine Template
ATVA2026_benchmark/TERM_LASSO//lasso_traces_ChawdharyCookGulwaniSagivYang-ESOP2008-aaron2_true-termination.c/lasso_trace_1.txt,TERMINATING,"1,8","133,87","52,07","187,74",15,TERMINATING,5,1,6,Affine Template / Affine Template
ATVA2026_benchmark/TERM_LASSO//lasso_traces_ChawdharyCookGulwaniSagivYang-ESOP2008-aaron2.c/lasso_trace_1.txt,TERMINATING,"2,87","124,21","54,3","181,38",13,TERMINATING,5,1,6,Affine Template / Affine Template
ATVA2026_benchmark/TERM_LASSO//lasso_traces_ChawdharyCookGulwaniSagivYang-ESOP2008-aaron3_no-overflow.c/lasso_trace_1.txt,TERMINATING,"2,08","2302,14","42,86","2347,08",41,TERMINATING,5,1,6,2-Phase Template / 2-Nested Template
ATVA2026_benchmark/TERM_LASSO//lasso_traces_ChawdharyCookGulwaniSagivYang-ESOP2008-aaron3_true-termination.c/lasso_trace_1.txt,TERMINATING,"2,25","2214,61","40,79","2257,65",49,TERMINATING,5,1,6,2-Phase Template / 2-Nested Template
ATVA2026_benchmark/TERM_LASSO//lasso_traces_ChawdharyCookGulwaniSagivYang-ESOP2008-aaron3.c/lasso_trace_1.txt,TERMINATING,"2,08","2189,45","39,62","2231,15",46,TERMINATING,5,1,6,2-Phase Template / 2-Nested Template
ATVA2026_benchmark/TERM_LASSO//lasso_traces_ChawdharyCookGulwaniSagivYang-ESOP2008-aaron4_no-overflow.c/lasso_trace_1.txt,TERMINATING,"2,39","2578,51","174,65","2755,55",190,TERMINATING,5,1,6,2-Nested Template / 2-Nested Template
ATVA2026_benchmark/TERM_LASSO//lasso_traces_ChawdharyCookGulwaniSagivYang-ESOP2008-aaron4_true-termination.c/lasso_trace_1.txt,TERMINATING,"2,58","2554,64","163,16","2720,38",209,TERMINATING,5,1,6,2-Nested Template / 2-Nested Template
ATVA2026_benchmark/TERM_LASSO//lasso_traces_ChawdharyCookGulwaniSagivYang-ESOP2008-aaron4.c/lasso_trace_1.txt,TERMINATING,"2,52","2531,74","162,54","2696,8",198,TERMINATING,5,1,6,2-Nested Template / 2-Nested Template
ATVA2026_benchmark/TERM_LASSO//lasso_traces_ChawdharyCookGulwaniSagivYang-ESOP2008-aaron6_no-overflow.c/lasso_trace_1.txt,TERMINATING,"2,17","187,15","164,62","353,94",46,TERMINATING,6,1,7,Affine Template / Affine Template
ATVA2026_benchmark/TERM_LASSO//lasso_traces_ChawdharyCookGulwaniSagivYang-ESOP2008-aaron6_true-termination.c/lasso_trace_1.txt,TERMINATING,"2,03","182,4","165,14","349,57",45,TERMINATING,6,1,7,Affine Template / Affine Template
ATVA2026_benchmark/TERM_LASSO//lasso_traces_ChawdharyCookGulwaniSagivYang-ESOP2008-aaron6.c/lasso_trace_1.txt,TERMINATING,"2,08","170,49","168,9","341,47",46,TERMINATING,6,1,7,Affine Template / Affine Template
ATVA2026_benchmark/TERM_LASSO//lasso_traces_ChawdharyCookGulwaniSagivYang-ESOP2008-easy1_no-overflow.c/lasso_trace_1.txt,TERMINATING,"2,98","118,57","63,53","185,08",13,TERMINATING,5,1,6,Affine Template / Affine Template
ATVA2026_benchmark/TERM_LASSO//lasso_traces_ChawdharyCookGulwaniSagivYang-ESOP2008-easy1_true-termination.c/lasso_trace_1.txt,TERMINATING,"1,98","129,54","65,25","196,77",11,TERMINATING,5,1,6,Affine Template / Affine Template
ATVA2026_benchmark/TERM_LASSO//lasso_traces_ChawdharyCookGulwaniSagivYang-ESOP2008-easy1.c/lasso_trace_1.txt,TERMINATING,"2,01","128,52","65,53","196,06",13,TERMINATING,5,1,6,Affine Template / Affine Template
ATVA2026_benchmark/TERM_LASSO//lasso_traces_ChawdharyCookGulwaniSagivYang-ESOP2008-easy2_no-overflow.c/lasso_trace_1.txt,TERMINATING,"1,96","66,44","75,45","143,85",7,TERMINATING,5,1,6,Affine Template / Affine Template
ATVA2026_benchmark/TERM_LASSO//lasso_traces_ChawdharyCookGulwaniSagivYang-ESOP2008-easy2_true-termination.c/lasso_trace_1.txt,TERMINATING,"1,98","73,14","75,91","151,03",7,TERMINATING,5,1,6,Affine Template / Affine Template
ATVA2026_benchmark/TERM_LASSO//lasso_traces_ChawdharyCookGulwaniSagivYang-ESOP2008-easy2.c/lasso_trace_1.txt,TERMINATING,"2,14","72,04","75,27","149,45",7,TERMINATING,5,1,6,Affine Template / Affine Template
ATVA2026_benchmark/TERM_LASSO//lasso_traces_ChawdharyCookGulwaniSagivYang-ESOP2008-random1d_no-overflow.c/lasso_trace_1.txt,TERMINATING,"1,87","133,9","167,67","303,44",15,TERMINATING,6,1,7,Affine Template / Affine Template
ATVA2026_benchmark/TERM_LASSO//lasso_traces_ChawdharyCookGulwaniSagivYang-ESOP2008-random1d_true-termination.c/lasso_trace_1.txt,TERMINATING,"1,93","116,91","152,74","271,58",15,TERMINATING,6,1,7,Affine Template / Affine Template
ATVA2026_benchmark/TERM_LASSO//lasso_traces_ChawdharyCookGulwaniSagivYang-ESOP2008-random1d.c/lasso_trace_1.txt,TERMINATING,"1,97","112,71","156,8","271,48",15,TERMINATING,6,1,7,Affine Template / Affine Template
ATVA2026_benchmark/TERM_LASSO//lasso_traces_ChawdharyCookGulwaniSagivYang-ESOP2008-random2d_no-overflow.c/lasso_trace_1.txt,TERMINATING,"1,75","165,43","63,51","230,69",39,TERMINATING,5,1,6,Affine Template / Affine Template
ATVA2026_benchmark/TERM_LASSO//lasso_traces_ChawdharyCookGulwaniSagivYang-ESOP2008-random2d_true-termination.c/lasso_trace_1.txt,TERMINATING,"1,78","145,44","62,5","209,72",37,TERMINATING,5,1,6,Affine Template / Affine Template
ATVA2026_benchmark/TERM_LASSO//lasso_traces_ChawdharyCookGulwaniSagivYang-ESOP2008-random2d.c/lasso_trace_1.txt,TERMINATING,"1,69","154,43","62,31","218,43",37,TERMINATING,5,1,6,Affine Template / Affine Template
ATVA2026_benchmark/TERM_LASSO//lasso_traces_ChenFlurMukhopadhyay-2012SAS-Fig1.bpl/lasso_trace_1.txt,TERMINATING,"2,16","117,2","38,61","157,97",8,TERMINATING,0,1,1,3-Nested Template / 3-Nested Template
ATVA2026_benchmark/TERM_LASSO//lasso_traces_ChenFlurMukhopadhyay-SAS2012-Ex1.02_no-overflow.c/lasso_trace_1.txt,TERMINATING,"2,37","104,88","69,02","176,27",9,TERMINATING,5,1,6,Affine Template / Affine Template
ATVA2026_benchmark/TERM_LASSO//lasso_traces_ChenFlurMukhopadhyay-SAS2012-Ex1.02_true-termination.c/lasso_trace_1.txt,TERMINATING,"1,87","105,01","104,9","211,78",8,TERMINATING,5,1,6,Affine Template / Affine Template
ATVA2026_benchmark/TERM_LASSO//lasso_traces_ChenFlurMukhopadhyay-SAS2012-Ex1.02.c/lasso_trace_1.txt,TERMINATING,"1,88","88,23","67,51","157,62",9,TERMINATING,5,1,6,Affine Template / Affine Template
ATVA2026_benchmark/TERM_LASSO//lasso_traces_ChenFlurMukhopadhyay-SAS2012-Ex1.03_no-overflow.c/lasso_trace_1.txt,TERMINATING,"1,87","93,23","61,44","156,54",8,TERMINATING,5,1,6,Affine Template / Affine Template
ATVA2026_benchmark/TERM_LASSO//lasso_traces_ChenFlurMukhopadhyay-SAS2012-Ex1.03_true-termination.c/lasso_trace_1.txt,TERMINATING,"1,78","109,23","123,67","234,68",8,TERMINATING,5,1,6,Affine Template / Affine Template
ATVA2026_benchmark/TERM_LASSO//lasso_traces_ChenFlurMukhopadhyay-SAS2012-Ex1.03.c/lasso_trace_1.txt,TERMINATING,"1,91","83,79","63,56","149,26",9,TERMINATING,5,1,6,Affine Template / Affine Template
ATVA2026_benchmark/TERM_LASSO//lasso_traces_ChenFlurMukhopadhyay-SAS2012-Ex1.04_no-overflow.c/lasso_trace_1.txt,TERMINATING,"1,97","103,38","70,18","175,53",8,TERMINATING,5,1,6,Affine Template / Affine Template
ATVA2026_benchmark/TERM_LASSO//lasso_traces_ChenFlurMukhopadhyay-SAS2012-Ex1.04_true-termination.c/lasso_trace_1.txt,TERMINATING,"1,67","108,55","101,9","212,12",8,TERMINATING,5,1,6,Affine Template / Affine Template
ATVA2026_benchmark/TERM_LASSO//lasso_traces_ChenFlurMukhopadhyay-SAS2012-Ex1.04.c/lasso_trace_1.txt,TERMINATING,"1,92","82,11","63,23","147,26",8,TERMINATING,5,1,6,Affine Template / Affine Template
ATVA2026_benchmark/TERM_LASSO//lasso_traces_ChenFlurMukhopadhyay-SAS2012-Ex1.05_no-overflow.c/lasso_trace_1.txt,TERMINATING,"2,06","102,77","70,38","175,21",8,TERMINATING,5,1,6,Affine Template / Affine Template
ATVA2026_benchmark/TERM_LASSO//lasso_traces_ChenFlurMukhopadhyay-SAS2012-Ex1.05_true-termination.c/lasso_trace_1.txt,TERMINATING,"1,75","105,34","102,38","209,47",8,TERMINATING,5,1,6,Affine Template / Affine Template
ATVA2026_benchmark/TERM_LASSO//lasso_traces_ChenFlurMukhopadhyay-SAS2012-Ex1.05.c/lasso_trace_1.txt,TERMINATING,"2,02","96,55","67,77","166,34",8,TERMINATING,5,1,6,Affine Template / Affine Template
ATVA2026_benchmark/TERM_LASSO//lasso_traces_ChenFlurMukhopadhyay-SAS2012-Ex2.01_no-overflow.c/lasso_trace_1.txt,TERMINATING,"1,96","257,35","48,88","308,19",14,TERMINATING,5,1,6,2-Nested Template / 2-Nested Template
ATVA2026_benchmark/TERM_LASSO//lasso_traces_ChenFlurMukhopadhyay-SAS2012-Ex2.01_true-termination.c/lasso_trace_1.txt,TERMINATING,"2,9","265,74","49,02","317,66",15,TERMINATING,5,1,6,2-Nested Template / 2-Nested Template
ATVA2026_benchmark/TERM_LASSO//lasso_traces_ChenFlurMukhopadhyay-SAS2012-Ex2.01.c/lasso_trace_1.txt,TERMINATING,"2,05","247,95","59,19","309,19",15,TERMINATING,5,1,6,2-Nested Template / 2-Nested Template
ATVA2026_benchmark/TERM_LASSO//lasso_traces_ChenFlurMukhopadhyay-SAS2012-Ex2.07_no-overflow.c/lasso_trace_1.txt,TERMINATING,"2,15","282,5","64,75","349,4",16,TERMINATING,5,1,6,2-Nested Template / 2-Nested Template
ATVA2026_benchmark/TERM_LASSO//lasso_traces_ChenFlurMukhopadhyay-SAS2012-Ex2.07_true-termination.c/lasso_trace_1.txt,TERMINATING,"2,2","272,03","62,94","337,17",18,TERMINATING,5,1,6,2-Nested Template / 2-Nested Template
ATVA2026_benchmark/TERM_LASSO//lasso_traces_ChenFlurMukhopadhyay-SAS2012-Ex2.07.c/lasso_trace_1.txt,TERMINATING,"2,25","238,4","59,92","300,57",18,TERMINATING,5,1,6,2-Nested Template / 2-Nested Template
ATVA2026_benchmark/TERM_LASSO//lasso_traces_ChenFlurMukhopadhyay-SAS2012-Ex2.08_no-overflow.c/lasso_trace_1.txt,TERMINATING,"2,13","260,4","60,69","323,22",15,TERMINATING,5,1,6,2-Nested Template / 2-Nested Template
ATVA2026_benchmark/TERM_LASSO//lasso_traces_ChenFlurMukhopadhyay-SAS2012-Ex2.08_true-termination.c/lasso_trace_1.txt,TERMINATING,"2,17","251,84","50,8","304,81",16,TERMINATING,5,1,6,2-Nested Template / 2-Nested Template
ATVA2026_benchmark/TERM_LASSO//lasso_traces_ChenFlurMukhopadhyay-SAS2012-Ex2.08.c/lasso_trace_1.txt,TERMINATING,"2,19","235,44","47,91","285,54",14,TERMINATING,5,1,6,2-Nested Template / 2-Nested Template
ATVA2026_benchmark/TERM_LASSO//lasso_traces_ChenFlurMukhopadhyay-SAS2012-Ex2.09_no-overflow.c/lasso_trace_1.txt,TERMINATING,"1,99","120,49","115,55","238,03",10,TERMINATING,5,1,6,Affine Template / Affine Template
ATVA2026_benchmark/TERM_LASSO//lasso_traces_ChenFlurMukhopadhyay-SAS2012-Ex2.09_true-termination.c/lasso_trace_1.txt,TERMINATING,"2,02","116,12","102,7","220,84",10,TERMINATING,5,1,6,Affine Template / Affine Template
ATVA2026_benchmark/TERM_LASSO//lasso_traces_ChenFlurMukhopadhyay-SAS2012-Ex2.09.c/lasso_trace_1.txt,TERMINATING,"2,06","106,23","102,09","210,38",10,TERMINATING,5,1,6,Affine Template / Affine Template
ATVA2026_benchmark/TERM_LASSO//lasso_traces_ChenFlurMukhopadhyay-SAS2012-Ex2.10_no-overflow.c/lasso_trace_1.txt,TERMINATING,"2,08",95,"62,2","159,28",8,TERMINATING,5,1,6,Affine Template / Affine Template
ATVA2026_benchmark/TERM_LASSO//lasso_traces_ChenFlurMukhopadhyay-SAS2012-Ex2.10_true-termination.c/lasso_trace_1.txt,TERMINATING,"2,12","96,64","60,61","159,37",8,TERMINATING,5,1,6,Affine Template / Affine Template
ATVA2026_benchmark/TERM_LASSO//lasso_traces_ChenFlurMukhopadhyay-SAS2012-Ex2.10.c/lasso_trace_1.txt,TERMINATING,"2,46","89,1","61,61","153,17",8,TERMINATING,5,1,6,Affine Template / Affine Template
ATVA2026_benchmark/TERM_LASSO//lasso_traces_ChenFlurMukhopadhyay-SAS2012-Ex2.13_no-overflow.c/lasso_trace_1.txt,TERMINATING,"3,51","94,64","73,6","171,75",8,TERMINATING,5,1,6,Affine Template / Affine Template
ATVA2026_benchmark/TERM_LASSO//lasso_traces_ChenFlurMukhopadhyay-SAS2012-Ex2.13_true-termination.c/lasso_trace_1.txt,TERMINATING,"2,39","90,01","67,05","159,45",9,TERMINATING,5,1,6,Affine Template / Affine Template
ATVA2026_benchmark/TERM_LASSO//lasso_traces_ChenFlurMukhopadhyay-SAS2012-Ex2.13.c/lasso_trace_1.txt,TERMINATING,"2,16","80,44","59,52","142,12",8,TERMINATING,5,1,6,Affine Template / Affine Template
ATVA2026_benchmark/TERM_LASSO//lasso_traces_ChenFlurMukhopadhyay-SAS2012-Ex2.16_no-overflow.c/lasso_trace_1.txt,TERMINATING,"2,85","82,3","54,15","139,3",8,TERMINATING,5,1,6,Affine Template / Affine Template
ATVA2026_benchmark/TERM_LASSO//lasso_traces_ChenFlurMukhopadhyay-SAS2012-Ex2.16_true-termination.c/lasso_trace_1.txt,TERMINATING,"2,95","83,61","50,55","137,11",8,TERMINATING,5,1,6,Affine Template / Affine Template
ATVA2026_benchmark/TERM_LASSO//lasso_traces_ChenFlurMukhopadhyay-SAS2012-Ex2.16.c/lasso_trace_1.txt,TERMINATING,"1,93","80,54","49,66","132,13",7,TERMINATING,5,1,6,Affine Template / Affine Template
ATVA2026_benchmark/TERM_LASSO//lasso_traces_ChenFlurMukhopadhyay-SAS2012-Ex2.18_no-overflow.c/lasso_trace_1.txt,TERMINATING,"2,16","73,93","52,32","128,41",9,TERMINATING,5,1,6,Affine Template / Affine Template
ATVA2026_benchmark/TERM_LASSO//lasso_traces_ChenFlurMukhopadhyay-SAS2012-Ex2.18_true-termination.c/lasso_trace_1.txt,TERMINATING,"2,19","81,1","53,09","136,38",10,TERMINATING,5,1,6,Affine Template / Affine Template
ATVA2026_benchmark/TERM_LASSO//lasso_traces_ChenFlurMukhopadhyay-SAS2012-Ex2.18.c/lasso_trace_1.txt,TERMINATING,"1,99","76,92","54,25","133,16",9,TERMINATING,5,1,6,Affine Template / Affine Template
ATVA2026_benchmark/TERM_LASSO//lasso_traces_ChenFlurMukhopadhyay-SAS2012-Ex2.19_no-overflow.c/lasso_trace_1.txt,TERMINATING,"2,08","86,1","67,31","155,49",9,TERMINATING,5,1,6,Affine Template / Affine Template
ATVA2026_benchmark/TERM_LASSO//lasso_traces_ChenFlurMukhopadhyay-SAS2012-Ex2.19_true-termination.c/lasso_trace_1.txt,TERMINATING,"2,12","76,32","71,27","149,71",9,TERMINATING,5,1,6,Affine Template / Affine Template
ATVA2026_benchmark/TERM_LASSO//lasso_traces_ChenFlurMukhopadhyay-SAS2012-Ex2.19.c/lasso_trace_1.txt,TERMINATING,"2,15","84,21","66,39","152,75",9,TERMINATING,5,1,6,Affine Template / Affine Template
ATVA2026_benchmark/TERM_LASSO//lasso_traces_ChenFlurMukhopadhyay-SAS2012-Ex2.20_no-overflow.c/lasso_trace_1.txt,TERMINATING,"3,6","105,26","64,59","173,45",9,TERMINATING,5,1,6,Affine Template / Affine Template
ATVA2026_benchmark/TERM_LASSO//lasso_traces_ChenFlurMukhopadhyay-SAS2012-Ex2.20_true-termination.c/lasso_trace_1.txt,TERMINATING,"2,14","94,98","64,73","161,85",9,TERMINATING,5,1,6,Affine Template / Affine Template
ATVA2026_benchmark/TERM_LASSO//lasso_traces_ChenFlurMukhopadhyay-SAS2012-Ex2.20.c/lasso_trace_1.txt,TERMINATING,"2,04","92,11","67,35","161,5",9,TERMINATING,5,1,6,Affine Template / Affine Template
ATVA2026_benchmark/TERM_LASSO//lasso_traces_ChenFlurMukhopadhyay-SAS2012-Ex2.21_no-overflow.c/lasso_trace_1.txt,TERMINATING,"2,23","81,08","56,44","139,75",8,TERMINATING,5,1,6,Affine Template / Affine Template
ATVA2026_benchmark/TERM_LASSO//lasso_traces_ChenFlurMukhopadhyay-SAS2012-Ex2.21_true-termination.c/lasso_trace_1.txt,TERMINATING,"2,33","71,27","47,85","121,45",8,TERMINATING,5,1,6,Affine Template / Affine Template
ATVA2026_benchmark/TERM_LASSO//lasso_traces_ChenFlurMukhopadhyay-SAS2012-Ex2.21.c/lasso_trace_1.txt,TERMINATING,"2,34","78,28","51,59","132,21",8,TERMINATING,5,1,6,Affine Template / Affine Template
ATVA2026_benchmark/TERM_LASSO//lasso_traces_ChenFlurMukhopadhyay-SAS2012-Ex2.22_no-overflow.c/lasso_trace_1.txt,TERMINATING,"2,22","110,88","75,59","188,69",11,TERMINATING,5,1,6,Affine Template / Affine Template
ATVA2026_benchmark/TERM_LASSO//lasso_traces_ChenFlurMukhopadhyay-SAS2012-Ex2.22_true-termination.c/lasso_trace_1.txt,TERMINATING,"2,13","63,96","51,5","117,59",9,TERMINATING,5,1,6,Affine Template / Affine Template
ATVA2026_benchmark/TERM_LASSO//lasso_traces_ChenFlurMukhopadhyay-SAS2012-Ex2.22.c/lasso_trace_1.txt,TERMINATING,"1,84","97,14","68,04","167,02",12,TERMINATING,5,1,6,Affine Template / Affine Template
ATVA2026_benchmark/TERM_LASSO//lasso_traces_ChenFlurMukhopadhyay-SAS2012-Ex3.01_no-overflow.c/lasso_trace_1.txt,TERMINATING,"2,07","61,66","65,78","129,51",8,TERMINATING,5,1,6,Affine Template / Affine Template
ATVA2026_benchmark/TERM_LASSO//lasso_traces_ChenFlurMukhopadhyay-SAS2012-Ex3.01_true-termination.c/lasso_trace_1.txt,TERMINATING,"2,15","63,34","63,6","129,09",8,TERMINATING,5,1,6,Affine Template / Affine Template
ATVA2026_benchmark/TERM_LASSO//lasso_traces_ChenFlurMukhopadhyay-SAS2012-Ex3.01.c/lasso_trace_1.txt,TERMINATING,"2,06","63,7","62,2","127,96",9,TERMINATING,5,1,6,Affine Template / Affine Template
ATVA2026_benchmark/TERM_LASSO//lasso_traces_ChenFlurMukhopadhyay-SAS2012-Ex3.03_no-overflow.c/lasso_trace_1.txt,TERMINATING,"2,1","592,78","102,06","696,94",27,TERMINATING,5,1,6,3-Nested Template / 3-Nested Template
ATVA2026_benchmark/TERM_LASSO//lasso_traces_ChenFlurMukhopadhyay-SAS2012-Ex3.03_true-termination.c/lasso_trace_1.txt,TERMINATING,"2,05","587,27","99,11","688,43",26,TERMINATING,5,1,6,3-Nested Template / 3-Nested Template
ATVA2026_benchmark/TERM_LASSO//lasso_traces_ChenFlurMukhopadhyay-SAS2012-Ex3.03.c/lasso_trace_1.txt,TERMINATING,"2,06","577,21","97,83","677,1",27,TERMINATING,5,1,6,3-Nested Template / 3-Nested Template
ATVA2026_benchmark/TERM_LASSO//lasso_traces_ChenFlurMukhopadhyay-SAS2012-Ex3.04_no-overflow.c/lasso_trace_1.txt,TERMINATING,"2,2","263,18","102,13","367,51",20,TERMINATING,5,1,6,2-Nested Template / 2-Nested Template
ATVA2026_benchmark/TERM_LASSO//lasso_traces_ChenFlurMukhopadhyay-SAS2012-Ex3.04_true-termination.c/lasso_trace_1.txt,TERMINATING,"2,03","236,15","104,65","342,83",21,TERMINATING,5,1,6,2-Nested Template / 2-Nested Template
ATVA2026_benchmark/TERM_LASSO//lasso_traces_ChenFlurMukhopadhyay-SAS2012-Ex3.04.c/lasso_trace_1.txt,TERMINATING,"2,12","271,67","100,02","373,81",20,TERMINATING,5,1,6,2-Nested Template / 2-Nested Template
ATVA2026_benchmark/TERM_LASSO//lasso_traces_ChenFlurMukhopadhyay-SAS2012-Ex3.05_no-overflow.c/lasso_trace_1.txt,TERMINATING,"2,11","73,59","106,08","181,78",9,TERMINATING,5,1,6,Affine Template / Affine Template
ATVA2026_benchmark/TERM_LASSO//lasso_traces_ChenFlurMukhopadhyay-SAS2012-Ex3.05_true-termination.c/lasso_trace_1.txt,TERMINATING,"2,11","69,53","100,28","171,92",9,TERMINATING,5,1,6,Affine Template / Affine Template
ATVA2026_benchmark/TERM_LASSO//lasso_traces_ChenFlurMukhopadhyay-SAS2012-Ex3.05.c/lasso_trace_1.txt,TERMINATING,"1,78","61,35","100,31","163,44",9,TERMINATING,5,1,6,Affine Template / Affine Template
ATVA2026_benchmark/TERM_LASSO//lasso_traces_ChenFlurMukhopadhyay-SAS2012-Ex3.07_no-overflow.c/lasso_trace_1.txt,TERMINATING,"3,07","261,74","107,83","372,64",20,TERMINATING,5,1,6,2-Nested Template / 2-Nested Template
ATVA2026_benchmark/TERM_LASSO//lasso_traces_ChenFlurMukhopadhyay-SAS2012-Ex3.07_true-termination.c/lasso_trace_1.txt,TERMINATING,"2,48","274,42","105,24","382,14",20,TERMINATING,5,1,6,2-Nested Template / 2-Nested Template
ATVA2026_benchmark/TERM_LASSO//lasso_traces_ChenFlurMukhopadhyay-SAS2012-Ex3.07.c/lasso_trace_1.txt,TERMINATING,"2,28","256,41","109,87","368,56",21,TERMINATING,5,1,6,2-Nested Template / 2-Nested Template
ATVA2026_benchmark/TERM_LASSO//lasso_traces_ChenFlurMukhopadhyay-SAS2012-Ex3.08_no-overflow.c/lasso_trace_1.txt,TERMINATING,"3,09","81,32","56,47","140,88",10,TERMINATING,5,1,6,Affine Template / Affine Template
ATVA2026_benchmark/TERM_LASSO//lasso_traces_ChenFlurMukhopadhyay-SAS2012-Ex3.08_true-termination.c/lasso_trace_1.txt,TERMINATING,"2,34","66,24","49,97","118,55",12,TERMINATING,5,1,6,Affine Template / Affine Template
ATVA2026_benchmark/TERM_LASSO//lasso_traces_ChenFlurMukhopadhyay-SAS2012-Ex3.08.c/lasso_trace_1.txt,TERMINATING,"2,22","68,01","55,47","125,7",10,TERMINATING,5,1,6,Affine Template / Affine Template
ATVA2026_benchmark/TERM_LASSO//lasso_traces_ChenFlurMukhopadhyay-SAS2012-Ex3.09_no-overflow.c/lasso_trace_1.txt,TERMINATING,"2,3","109,08","83,78","195,16",15,TERMINATING,5,1,6,Affine Template / Affine Template
ATVA2026_benchmark/TERM_LASSO//lasso_traces_ChenFlurMukhopadhyay-SAS2012-Ex3.09_true-termination.c/lasso_trace_1.txt,TERMINATING,"2,06","77,98","67,76","147,8",12,TERMINATING,5,1,6,Affine Template / Affine Template
ATVA2026_benchmark/TERM_LASSO//lasso_traces_ChenFlurMukhopadhyay-SAS2012-Ex3.09.c/lasso_trace_1.txt,TERMINATING,"1,84","98,13","83,94","183,91",13,TERMINATING,5,1,6,Affine Template / Affine Template
ATVA2026_benchmark/TERM_LASSO//lasso_traces_ChenFlurMukhopadhyay-SAS2012-Ex3.10_no-overflow.c/lasso_trace_1.txt,TERMINATING,"2,03","67,83","67,09","136,95",9,TERMINATING,5,1,6,Affine Template / Affine Template
ATVA2026_benchmark/TERM_LASSO//lasso_traces_ChenFlurMukhopadhyay-SAS2012-Ex3.10_true-termination.c/lasso_trace_1.txt,TERMINATING,"1,87","74,09","73,59","149,55",8,TERMINATING,5,1,6,Affine Template / Affine Template
ATVA2026_benchmark/TERM_LASSO//lasso_traces_ChenFlurMukhopadhyay-SAS2012-Ex3.10.c/lasso_trace_1.txt,TERMINATING,"1,83","66,37","62,66","130,86",9,TERMINATING,5,1,6,Affine Template / Affine Template
ATVA2026_benchmark/TERM_LASSO//lasso_traces_ChenFlurMukhopadhyay-SAS2012-Ex4.01_no-overflow.c/lasso_trace_1.txt,TERMINATING,"2,13","298,2","74,04","374,37",25,TERMINATING,5,1,6,2-Nested Template / 2-Nested Template
ATVA2026_benchmark/TERM_LASSO//lasso_traces_ChenFlurMukhopadhyay-SAS2012-Ex4.01_true-termination.c/lasso_trace_1.txt,TERMINATING,"2,28","275,02","70,52","347,82",25,TERMINATING,5,1,6,2-Nested Template / 2-Nested Template
ATVA2026_benchmark/TERM_LASSO//lasso_traces_ChenFlurMukhopadhyay-SAS2012-Ex4.01.c/lasso_trace_1.txt,TERMINATING,"2,32","302,07","66,13","370,52",23,TERMINATING,5,1,6,2-Nested Template / 2-Nested Template
ATVA2026_benchmark/TERM_LASSO//lasso_traces_ChenFlurMukhopadhyay-SAS2012-Fig1_no-overflow.c/lasso_trace_1.txt,TERMINATING,"2,95","270,33","115,5","388,78",22,TERMINATING,5,1,6,2-Nested Template / 2-Nested Template
ATVA2026_benchmark/TERM_LASSO//lasso_traces_ChenFlurMukhopadhyay-SAS2012-Fig1_true-termination.c/lasso_trace_1.txt,TERMINATING,"2,22","273,29","107,67","383,18",30,TERMINATING,5,1,6,2-Nested Template / 2-Nested Template
ATVA2026_benchmark/TERM_LASSO//lasso_traces_ChenFlurMukhopadhyay-SAS2012-Fig1.c/lasso_trace_1.txt,TERMINATING,"2,37","253,66","109,98","366,01",22,TERMINATING,5,1,6,2-Nested Template / 2-Nested Template
ATVA2026_benchmark/TERM_LASSO//lasso_traces_ChoirNightTrezor02.c/lasso_trace_1.txt,TERMINATING,"2,05","98,91","50,98","151,94",16,TERMINATING,6,1,7,Affine Template / Affine Template
ATVA2026_benchmark/TERM_LASSO//lasso_traces_ChoirNightTrezor03.bpl/lasso_trace_1.txt,TERMINATING,"2,02","51,25","58,29","111,56",9,TERMINATING,1,1,2,Affine Template / Affine Template
ATVA2026_benchmark/TERM_LASSO//lasso_traces_cnt.t2.c/lasso_trace_11.txt,TERMINATING,"1,63","186,78","237,81","426,22",10,TERMINATING,80,192,272,Affine Template / Affine Template
ATVA2026_benchmark/TERM_LASSO//lasso_traces_cnt.t2.c/lasso_trace_16.txt,TERMINATING,"0,29","138,86","186,44","325,59",10,TERMINATING,93,17,110,Affine Template / Affine Template
ATVA2026_benchmark/TERM_LASSO//lasso_traces_cnt.t2.c/lasso_trace_25.txt,TERMINATING,"0,21","44,23","50,96","95,4",11,TERMINATING,285,17,302,Affine Template / Affine Template
ATVA2026_benchmark/TERM_LASSO//lasso_traces_codeblockAssertOrder01.bpl/lasso_trace_1.txt,TERMINATING,"2,02","47,05","36,65","85,72",5,TERMINATING,1,1,2,Affine Template / Affine Template
ATVA2026_benchmark/TERM_LASSO//lasso_traces_codeblockAssertOrder02.bpl/lasso_trace_1.txt,TERMINATING,"2,76","57,06","38,97","98,79",7,TERMINATING,1,1,2,Affine Template / Affine Template
ATVA2026_benchmark/TERM_LASSO//lasso_traces_cohencu1-both-t_termination.c/lasso_trace_1.txt,TERMINATING,"2,16","77,19","33,16","112,51",9,TERMINATING,5,1,6,Affine Template / Affine Template
ATVA2026_benchmark/TERM_LASSO//lasso_traces_cohencu1-both-t.c/lasso_trace_1.txt,TERMINATING,2,"78,32","36,54","116,86",8,TERMINATING,5,1,6,Affine Template / Affine Template
ATVA2026_benchmark/TERM_LASSO//lasso_traces_collatz.c/lasso_trace_18.txt,TERMINATING,"0,27","49,99","74,28","124,54",7,TERMINATING,11,1,12,Affine Template / Affine Template
ATVA2026_benchmark/TERM_LASSO//lasso_traces_collatz.c/lasso_trace_2.txt,TERMINATING,"2,14","112,31","97,28","211,73",7,TERMINATING,5,4,9,Affine Template / Affine Template
ATVA2026_benchmark/TERM_LASSO//lasso_traces_collatz.c/lasso_trace_3.txt,TERMINATING,"0,31","40,67","28,93","69,91",7,TERMINATING,8,1,9,Affine Template / Affine Template
ATVA2026_benchmark/TERM_LASSO//lasso_traces_collatz.t2.c/lasso_trace_10.txt,TERMINATING,"0,37","77,98","63,51","141,86",23,TERMINATING,95,131,226,Affine Template / Affine Template
ATVA2026_benchmark/TERM_LASSO//lasso_traces_collatz.t2.c/lasso_trace_18.txt,TERMINATING,"0,96","42,91",211,"254,87",72,TERMINATING,329,217,546,Affine Template / Affine Template
ATVA2026_benchmark/TERM_LASSO//lasso_traces_collatz.t2.c/lasso_trace_19.txt,TERMINATING,"2,87","129,54","126,5","258,91",55,TERMINATING,456,262,718,Affine Template / Affine Template
ATVA2026_benchmark/TERM_LASSO//lasso_traces_collatz.t2.c/lasso_trace_3.txt,TERMINATING,"0,38","163,92","182,9","347,2",8,TERMINATING,25,37,62,Affine Template / Affine Template
ATVA2026_benchmark/TERM_LASSO//lasso_traces_collatz.t2.c/lasso_trace_4.txt,TERMINATING,"0,51","87,71","104,42","192,64",27,TERMINATING,41,41,82,Affine Template / Affine Template
ATVA2026_benchmark/TERM_LASSO//lasso_traces_collatz.t2.c/lasso_trace_5.txt,TERMINATING,"0,45","72,92","106,78","180,15",26,TERMINATING,67,41,108,Affine Template / Affine Template
ATVA2026_benchmark/TERM_LASSO//lasso_traces_collatz.t2.c/lasso_trace_9.txt,TERMINATING,"0,32","102,34","107,94","210,6",23,TERMINATING,95,86,181,Affine Template / Affine Template
ATVA2026_benchmark/TERM_LASSO//lasso_traces_ColonSipma-TACAS2001-Fig1_no-overflow.c/lasso_trace_1.txt,TERMINATING,"2,1","160,11","38,95","201,16",10,TERMINATING,5,1,6,Affine Template / Affine Template
ATVA2026_benchmark/TERM_LASSO//lasso_traces_ColonSipma-TACAS2001-Fig1_true-termination.c/lasso_trace_1.txt,TERMINATING,"1,89","152,55","35,44","189,88",10,TERMINATING,5,1,6,Affine Template / Affine Template
ATVA2026_benchmark/TERM_LASSO//lasso_traces_ColonSipma-TACAS2001-Fig1.c/lasso_trace_1.txt,TERMINATING,"1,92","144,15","35,45","181,52",10,TERMINATING,5,1,6,Affine Template / Affine Template
ATVA2026_benchmark/TERM_LASSO//lasso_traces_complex_guard.t2.c/lasso_trace_1.txt,TERMINATING,"1,69","101,08","33,98","136,75",6,TERMINATING,16,17,33,Affine Template / Affine Template
ATVA2026_benchmark/TERM_LASSO//lasso_traces_compoundLiterals_03.c/lasso_trace_1.txt,TERMINATING,"2,05","642,94",0,"644,99",68,TERMINATING,1,1,2,Affine Template / Affine Template
ATVA2026_benchmark/TERM_LASSO//lasso_traces_concurrent_FiveToOne_nonterminating.bpl/lasso_trace_1.txt,TERMINATING,"2,06","55,16","37,06","94,28",4,TERMINATING,2,2,4,Affine Template / Affine Template
ATVA2026_benchmark/TERM_LASSO//lasso_traces_concurrent_increment_nonterminating.bpl/lasso_trace_1.txt,TERMINATING,"2,17","47,7","34,2","84,07",5,TERMINATING,2,2,4,Affine Template / Affine Template
ATVA2026_benchmark/TERM_LASSO//lasso_traces_concurrent_increment_nonterminating.bpl/lasso_trace_3.txt,TERMINATING,"0,57","49,33","63,73","113,63",8,TERMINATING,6,2,8,Affine Template / Affine Template
ATVA2026_benchmark/TERM_LASSO//lasso_traces_concurrent_increment_nonterminating.bpl/lasso_trace_4.txt,TERMINATING,"0,35","50,34","63,88","114,57",6,TERMINATING,7,2,9,Affine Template / Affine Template
ATVA2026_benchmark/TERM_LASSO//lasso_traces_concurrent_increment_nonterminating2.bpl/lasso_trace_2.txt,TERMINATING,"0,48","31,23","65,16","96,87",5,TERMINATING,4,2,6,Affine Template / Affine Template
ATVA2026_benchmark/TERM_LASSO//lasso_traces_concurrent_increment_nonterminating2.bpl/lasso_trace_4.txt,TERMINATING,"0,35","36,65","34,83","71,83",5,TERMINATING,9,2,11,Affine Template / Affine Template
ATVA2026_benchmark/TERM_LASSO//lasso_traces_concurrent_increment.bpl/lasso_trace_1.txt,TERMINATING,"3,5","72,27","75,64","151,41",8,TERMINATING,3,3,6,Affine Template / Affine Template
ATVA2026_benchmark/TERM_LASSO//lasso_traces_concurrent_increment.bpl/lasso_trace_2.txt,TERMINATING,"0,57","73,77","62,07","136,41",7,TERMINATING,4,3,7,Affine Template / Affine Template
ATVA2026_benchmark/TERM_LASSO//lasso_traces_concurrent_mult.bpl/lasso_trace_1.txt,TERMINATING,"2,26","55,56","36,99","94,81",7,TERMINATING,5,3,8,Affine Template / Affine Template
ATVA2026_benchmark/TERM_LASSO//lasso_traces_concurrent_mult.bpl/lasso_trace_2.txt,TERMINATING,"1,06","100,76","105,39","207,21",9,TERMINATING,6,3,9,Affine Template / Affine Template
ATVA2026_benchmark/TERM_LASSO//lasso_traces_concurrent_terminating.bpl/lasso_trace_1.txt,TERMINATING,"2,09","41,94","49,21","93,24",5,TERMINATING,1,2,3,Affine Template / Affine Template
ATVA2026_benchmark/TERM_LASSO//lasso_traces_concurrent_terminating.bpl/lasso_trace_2.txt,TERMINATING,"0,44","58,63","70,06","129,13",5,TERMINATING,2,2,4,Affine Template / Affine Template
ATVA2026_benchmark/TERM_LASSO//lasso_traces_concurrent_ThreeThreadsAlternating_nonterminating.bpl/lasso_trace_1.txt,TERMINATING,"1,74","54,18","46,6","102,52",4,TERMINATING,2,2,4,Affine Template / Affine Template
ATVA2026_benchmark/TERM_LASSO//lasso_traces_concurrent_ThreeThreadsAlternating_nonterminating.bpl/lasso_trace_3.txt,TERMINATING,"0,43","36,2","29,78","66,41",5,TERMINATING,6,2,8,Affine Template / Affine Template
ATVA2026_benchmark/TERM_LASSO//lasso_traces_concurrent_TwoOne_nonterminating.bpl/lasso_trace_1.txt,TERMINATING,"2,16","42,47","35,74","80,37",6,TERMINATING,2,2,4,Affine Template / Affine Template
ATVA2026_benchmark/TERM_LASSO//lasso_traces_const1.i_3.bplTransformedIcfg_BEv2_6.bpl/lasso_trace_1.txt,TERMINATING,"1,84","41,29","32,18","75,31",5,TERMINATING,1,1,2,Affine Template / Affine Template
ATVA2026_benchmark/TERM_LASSO//lasso_traces_constants.t2.c/lasso_trace_1.txt,TERMINATING,"3,58","55,81","86,28","145,67",11,TERMINATING,40,27,67,Affine Template / Affine Template
ATVA2026_benchmark/TERM_LASSO//lasso_traces_consts1.t2.c/lasso_trace_2.txt,TERMINATING,"0,3","91,3","104,39","195,99",6,TERMINATING,24,17,41,Affine Template / Affine Template
ATVA2026_benchmark/TERM_LASSO//lasso_traces_consts2.t2.c/lasso_trace_1.txt,TERMINATING,"1,99","74,53","74,21","150,73",6,TERMINATING,16,9,25,Affine Template / Affine Template
ATVA2026_benchmark/TERM_LASSO//lasso_traces_consts3.t2.c/lasso_trace_1.txt,TERMINATING,"1,91","71,04","78,99","151,94",5,TERMINATING,16,9,25,Affine Template / Affine Template
ATVA2026_benchmark/TERM_LASSO//lasso_traces_consts4.t2.c/lasso_trace_1.txt,TERMINATING,"1,91","67,2","73,82","142,93",5,TERMINATING,16,9,25,Affine Template / Affine Template
ATVA2026_benchmark/TERM_LASSO//lasso_traces_Continue1.bpl/lasso_trace_1.txt,TERMINATING,"2,03","55,59","32,85","90,47",6,TERMINATING,1,1,2,Affine Template / Affine Template
ATVA2026_benchmark/TERM_LASSO//lasso_traces_continueStatement.c/lasso_trace_1.txt,TERMINATING,"1,86","134,75","52,62","189,23",13,TERMINATING,5,1,6,Affine Template / Affine Template
ATVA2026_benchmark/TERM_LASSO//lasso_traces_cook.bpl/lasso_trace_1.txt,TERMINATING,"1,8","44,83","52,76","99,39",4,TERMINATING,1,1,2,Affine Template / Affine Template
ATVA2026_benchmark/TERM_LASSO//lasso_traces_CookSeeZuleger-TACAS2013-Fig1_no-overflow.c/lasso_trace_1.txt,TERMINATING,"1,98","111,32","56,74","170,04",15,TERMINATING,5,1,6,Affine Template / Affine Template
ATVA2026_benchmark/TERM_LASSO//lasso_traces_CookSeeZuleger-TACAS2013-Fig1_true-termination.c/lasso_trace_1.txt,TERMINATING,"2,02","100,16","48,99","151,17",18,TERMINATING,5,1,6,Affine Template / Affine Template
ATVA2026_benchmark/TERM_LASSO//lasso_traces_CookSeeZuleger-TACAS2013-Fig1.c/lasso_trace_1.txt,TERMINATING,"1,94","105,08","50,84","157,86",17,TERMINATING,5,1,6,Affine Template / Affine Template
ATVA2026_benchmark/TERM_LASSO//lasso_traces_CookSeeZuleger-TACAS2013-Fig7a_no-overflow.c/lasso_trace_1.txt,TERMINATING,"3,2","162,52","74,18","239,9",20,TERMINATING,5,1,6,Affine Template / Affine Template
ATVA2026_benchmark/TERM_LASSO//lasso_traces_CookSeeZuleger-TACAS2013-Fig7a_true-termination.c/lasso_trace_1.txt,TERMINATING,"2,48","158,16","72,84","233,48",18,TERMINATING,5,1,6,Affine Template / Affine Template
ATVA2026_benchmark/TERM_LASSO//lasso_traces_CookSeeZuleger-TACAS2013-Fig7a.c/lasso_trace_1.txt,TERMINATING,"2,09","153,86","71,69","227,64",20,TERMINATING,5,1,6,Affine Template / Affine Template
ATVA2026_benchmark/TERM_LASSO//lasso_traces_CookSeeZuleger-TACAS2013-Fig7b_no-overflow.c/lasso_trace_1.txt,TERMINATING,"3,3","292,75","91,53","387,58",31,TERMINATING,5,1,6,Affine Template / Affine Template
ATVA2026_benchmark/TERM_LASSO//lasso_traces_CookSeeZuleger-TACAS2013-Fig7b_true-termination.c/lasso_trace_1.txt,TERMINATING,"2,14","266,54","95,46","364,14",31,TERMINATING,5,1,6,Affine Template / Affine Template
ATVA2026_benchmark/TERM_LASSO//lasso_traces_CookSeeZuleger-TACAS2013-Fig7b.c/lasso_trace_1.txt,TERMINATING,"1,95","277,88","78,2","358,03",32,TERMINATING,5,1,6,Affine Template / Affine Template
ATVA2026_benchmark/TERM_LASSO//lasso_traces_coolant_basis_1_neg_false-valid-ltl.c/lasso_trace_1.txt,TERMINATING,"2,26","69,35","62,97","134,58",27,TERMINATING,5,6,11,Affine Template / Affine Template
ATVA2026_benchmark/TERM_LASSO//lasso_traces_coolant_basis_1_neg_false-valid-ltl.c/lasso_trace_2.txt,TERMINATING,"0,58","230,77","220,16","451,51",33,TERMINATING,13,7,20,Affine Template / Affine Template
ATVA2026_benchmark/TERM_LASSO//lasso_traces_coolant_basis_1_neg.c/lasso_trace_1.txt,TERMINATING,2,"78,46","78,35","158,81",14,TERMINATING,5,6,11,Affine Template / Affine Template
ATVA2026_benchmark/TERM_LASSO//lasso_traces_coolant_basis_1_safe_sfty_true-valid-ltl.c/lasso_trace_1.txt,TERMINATING,"2,44","65,43","61,2","129,07",29,TERMINATING,5,6,11,Affine Template / Affine Template
ATVA2026_benchmark/TERM_LASSO//lasso_traces_coolant_basis_1_safe_sfty_true-valid-ltl.c/lasso_trace_2.txt,TERMINATING,"0,63","218,47","218,33","437,43",34,TERMINATING,13,7,20,Affine Template / Affine Template
ATVA2026_benchmark/TERM_LASSO//lasso_traces_coolant_basis_1_unsafe_sfty_false-valid-ltl.c/lasso_trace_1.txt,TERMINATING,"2,81","67,73",60,"130,54",27,TERMINATING,5,6,11,Affine Template / Affine Template
ATVA2026_benchmark/TERM_LASSO//lasso_traces_coolant_basis_1_unsafe_sfty_false-valid-ltl.c/lasso_trace_2.txt,TERMINATING,"0,57","265,9","166,47","432,94",34,TERMINATING,13,7,20,Affine Template / Affine Template
ATVA2026_benchmark/TERM_LASSO//lasso_traces_coolant_basis_1_unsafe_sfty.c/lasso_trace_1.txt,TERMINATING,"2,01","79,48","74,03","155,52",20,TERMINATING,5,6,11,Affine Template / Affine Template
ATVA2026_benchmark/TERM_LASSO//lasso_traces_coolant_basis_2_neg_false-valid-ltl.c/lasso_trace_1.txt,TERMINATING,"2,35","75,71","98,39","176,45",29,TERMINATING,5,6,11,Affine Template / Affine Template
ATVA2026_benchmark/TERM_LASSO//lasso_traces_coolant_basis_2_neg_false-valid-ltl.c/lasso_trace_2.txt,TERMINATING,"0,61","246,78","113,45","360,84",39,TERMINATING,12,7,19,Affine Template / Affine Template
ATVA2026_benchmark/TERM_LASSO//lasso_traces_coolant_basis_2_neg.c/lasso_trace_1.txt,TERMINATING,"2,04","83,36","101,37","186,77",16,TERMINATING,5,6,11,Affine Template / Affine Template
ATVA2026_benchmark/TERM_LASSO//lasso_traces_coolant_basis_2_safe_liveness_true-valid-ltl.c/lasso_trace_1.txt,TERMINATING,"2,49","81,96","86,2","170,65",28,TERMINATING,5,6,11,Affine Template / Affine Template
ATVA2026_benchmark/TERM_LASSO//lasso_traces_coolant_basis_2_safe_liveness_true-valid-ltl.c/lasso_trace_2.txt,TERMINATING,"0,58","243,31","111,19","355,08",37,TERMINATING,12,7,19,Affine Template / Affine Template
ATVA2026_benchmark/TERM_LASSO//lasso_traces_coolant_basis_2_safe_liveness.c/lasso_trace_1.txt,TERMINATING,"1,95","90,27","96,55","188,77",17,TERMINATING,5,6,11,Affine Template / Affine Template
ATVA2026_benchmark/TERM_LASSO//lasso_traces_coolant_basis_2_unsafe_liveness_false-valid-ltl.c/lasso_trace_1.txt,TERMINATING,"2,33","84,16","84,77","171,26",33,TERMINATING,5,6,11,Affine Template / Affine Template
ATVA2026_benchmark/TERM_LASSO//lasso_traces_coolant_basis_2_unsafe_liveness_false-valid-ltl.c/lasso_trace_2.txt,TERMINATING,"0,56","244,14","255,95","500,65",38,TERMINATING,12,7,19,Affine Template / Affine Template
ATVA2026_benchmark/TERM_LASSO//lasso_traces_coolant_basis_2_unsafe_liveness.c/lasso_trace_1.txt,TERMINATING,"2,31","85,93","116,41","204,65",17,TERMINATING,5,6,11,Affine Template / Affine Template
ATVA2026_benchmark/TERM_LASSO//lasso_traces_CooperatingT2_consts1.bpl/lasso_trace_1.txt,TERMINATING,"1,94","70,62","36,64","109,2",6,TERMINATING,1,1,2,Affine Template / Affine Template
ATVA2026_benchmark/TERM_LASSO//lasso_traces_Copenhagen_no-overflow.c/lasso_trace_1.txt,TERMINATING,"1,88","92,62","72,84","167,34",8,TERMINATING,5,1,6,Affine Template / Affine Template
ATVA2026_benchmark/TERM_LASSO//lasso_traces_Copenhagen_true-termination.c/lasso_trace_1.txt,TERMINATING,"1,77","81,98","73,06","156,81",8,TERMINATING,5,1,6,Affine Template / Affine Template
ATVA2026_benchmark/TERM_LASSO//lasso_traces_Copenhagen.bpl/lasso_trace_1.txt,TERMINATING,"2,15","30,47","37,63","70,25",4,TERMINATING,0,1,1,Affine Template / Affine Template
ATVA2026_benchmark/TERM_LASSO//lasso_traces_Copenhagen.c/lasso_trace_1.txt,TERMINATING,"2,09","84,64","65,8","152,53",8,TERMINATING,5,1,6,Affine Template / Affine Template
ATVA2026_benchmark/TERM_LASSO//lasso_traces_CopenhagenWithTmp.bpl/lasso_trace_1.txt,TERMINATING,"2,01","31,1","38,4","71,51",4,TERMINATING,0,1,1,Affine Template / Affine Template
ATVA2026_benchmark/TERM_LASSO//lasso_traces_CopenhagenYis0.bpl/lasso_trace_1.txt,TERMINATING,"1,84","26,16","44,84","72,84",5,TERMINATING,0,1,1,Affine Template / Affine Template
ATVA2026_benchmark/TERM_LASSO//lasso_traces_costa09-example_1.bpl/lasso_trace_1.txt,TERMINATING,"1,86","70,95","67,87","140,68",16,TERMINATING,1,5,6,Affine Template / Affine Template
ATVA2026_benchmark/TERM_LASSO//lasso_traces_CostaDouble.bpl/lasso_trace_1.txt,TERMINATING,"2,52","35,29","55,43","93,24",4,TERMINATING,0,3,3,Affine Template / Affine Template
ATVA2026_benchmark/TERM_LASSO//lasso_traces_CostaDouble.bpl/lasso_trace_3.txt,TERMINATING,"0,3","30,52","24,94","55,76",5,TERMINATING,6,12,18,Affine Template / Affine Template
ATVA2026_benchmark/TERM_LASSO//lasso_traces_count_by_1_variant.i_2.bpl/lasso_trace_1.txt,TERMINATING,"2,42","44,43","34,06","80,91",5,TERMINATING,1,2,3,Affine Template / Affine Template
ATVA2026_benchmark/TERM_LASSO//lasso_traces_count_by_1_variant.i_2.bplTransformedIcfg_BEv2_3.bpl/lasso_trace_1.txt,TERMINATING,"1,81","84,58","87,78","174,17",5,TERMINATING,1,2,3,Affine Template / Affine Template
ATVA2026_benchmark/TERM_LASSO//lasso_traces_count_by_1.i_3.bpl/lasso_trace_1.txt,TERMINATING,"3,19","52,97","34,52","90,68",6,TERMINATING,1,1,2,Affine Template / Affine Template
ATVA2026_benchmark/TERM_LASSO//lasso_traces_count_by_2.i_3.bpl/lasso_trace_1.txt,TERMINATING,"1,79","52,31","39,07","93,17",5,TERMINATING,1,1,2,Affine Template / Affine Template
ATVA2026_benchmark/TERM_LASSO//lasso_traces_count_by_2.i_3.bplTransformedIcfg_BEv2_3.bpl/lasso_trace_1.txt,TERMINATING,"1,99","49,59","33,78","85,36",4,TERMINATING,1,1,2,Affine Template / Affine Template
ATVA2026_benchmark/TERM_LASSO//lasso_traces_count_by_k.i_3.bpl/lasso_trace_1.txt,TERMINATING,"0,58","65,64","56,5","122,72",5,TERMINATING,2,1,3,Affine Template / Affine Template
ATVA2026_benchmark/TERM_LASSO//lasso_traces_count_by_k.i_3.bplTransformedIcfg_BEv2_3.bpl/lasso_trace_1.txt,TERMINATING,"0,47","63,68","56,16","120,31",4,TERMINATING,2,1,3,Affine Template / Affine Template
ATVA2026_benchmark/TERM_LASSO//lasso_traces_count_by_nondet.i_3.bpl/lasso_trace_1.txt,TERMINATING,"1,88","95,41","64,47","161,76",7,TERMINATING,1,1,2,Affine Template / Affine Template
ATVA2026_benchmark/TERM_LASSO//lasso_traces_count_by_nondet.i_3.bplTransformedIcfg_BEv2_3.bpl/lasso_trace_1.txt,TERMINATING,"1,98","95,54","64,82","162,34",7,TERMINATING,1,1,2,Affine Template / Affine Template
ATVA2026_benchmark/TERM_LASSO//lasso_traces_count_up_down.i_3.bplTransformedIcfg_BEv2_7.bpl/lasso_trace_1.txt,TERMINATING,"2,22","112,77","131,29","246,28",7,TERMINATING,1,1,2,Affine Template / Affine Template
ATVA2026_benchmark/TERM_LASSO//lasso_traces_count0-countEven-sample-abs.bpl/lasso_trace_1.txt,TERMINATING,"2,06","71,45",0,"73,51",9,TERMINATING,3,3,6,Affine Template / Affine Template
ATVA2026_benchmark/TERM_LASSO//lasso_traces_CounterExp-4bit.c/lasso_trace_1.txt,TERMINATING,"1,77","25667,83","63,89","25733,49",62,TERMINATING,5,1,6,2-Phase Template / Affine Template
ATVA2026_benchmark/TERM_LASSO//lasso_traces_CounterLoop-nBit.bpl/lasso_trace_1.txt,TERMINATING,"2,06","64,49",0,"66,55",5,TERMINATING,1,1,2,Affine Template / Affine Template
ATVA2026_benchmark/TERM_LASSO//lasso_traces_counting-bits-BK_termination.c/lasso_trace_1.txt,TERMINATING,"2,14","138,94","205,34","346,42",13,TERMINATING,6,1,7,Affine Template / Affine Template
ATVA2026_benchmark/TERM_LASSO//lasso_traces_counting-bits-BK.c/lasso_trace_1.txt,TERMINATING,"2,1","135,28","204,12","341,5",14,TERMINATING,6,1,7,Affine Template / Affine Template
ATVA2026_benchmark/TERM_LASSO//lasso_traces_counting-bits-BK1_termination.c/lasso_trace_1.txt,TERMINATING,"2,2","161,85","213,42","377,47",8,TERMINATING,5,1,6,Affine Template / Affine Template
ATVA2026_benchmark/TERM_LASSO//lasso_traces_counting-bits-BK1.c/lasso_trace_1.txt,TERMINATING,"2,21","128,75","213,19","344,15",8,TERMINATING,5,1,6,Affine Template / Affine Template
ATVA2026_benchmark/TERM_LASSO//lasso_traces_counting-bits-set_termination.c/lasso_trace_1.txt,TERMINATING,"2,97","157,38","151,83","312,18",17,TERMINATING,6,1,7,Affine Template / Affine Template
ATVA2026_benchmark/TERM_LASSO//lasso_traces_counting-bits-set.c/lasso_trace_1.txt,TERMINATING,"3,18","145,1","139,54","287,82",16,TERMINATING,6,1,7,Affine Template / Affine Template
ATVA2026_benchmark/TERM_LASSO//lasso_traces_CountTillBound-Downwards.bpl/lasso_trace_1.txt,TERMINATING,"1,78","43,72","36,52","82,02",4,TERMINATING,1,1,2,Affine Template / Affine Template
ATVA2026_benchmark/TERM_LASSO//lasso_traces_CountTillBound-Jupiter.bpl/lasso_trace_1.txt,TERMINATING,"2,15","54,68","51,07","107,9",5,TERMINATING,1,2,3,Affine Template / Affine Template
ATVA2026_benchmark/TERM_LASSO//lasso_traces_CountTillBound-Loop-2.bpl/lasso_trace_1.txt,TERMINATING,"2,31","44,34","34,02","80,67",7,TERMINATING,1,2,3,Affine Template / Affine Template
ATVA2026_benchmark/TERM_LASSO//lasso_traces_CountTillBound-Loop.bpl/lasso_trace_1.txt,TERMINATING,"1,86","48,2","37,8","87,86",4,TERMINATING,1,1,2,Affine Template / Affine Template
ATVA2026_benchmark/TERM_LASSO//lasso_traces_CountTillBound-LoopWithConst_noAxiom.bpl/lasso_trace_1.txt,TERMINATING,"1,98","54,82","41,4","98,2",4,TERMINATING,1,1,2,Affine Template / Affine Template
ATVA2026_benchmark/TERM_LASSO//lasso_traces_CountTillBound-LoopWithConst.bpl/lasso_trace_1.txt,TERMINATING,"1,9","47,04","40,19","89,13",6,TERMINATING,1,1,2,Affine Template / Affine Template
ATVA2026_benchmark/TERM_LASSO//lasso_traces_CountTillBound-Recursion.bpl/lasso_trace_1.txt,TERMINATING,"2,26","26,7","43,24","72,2",4,TERMINATING,0,2,2,Affine Template / Affine Template
ATVA2026_benchmark/TERM_LASSO//lasso_traces_Cousot_false-no-overflow_false-termination.c/lasso_trace_1.txt,TERMINATING,"2,12","109,9","91,07","203,09",11,TERMINATING,5,1,6,Affine Template / Affine Template
ATVA2026_benchmark/TERM_LASSO//lasso_traces_Cousot.c/lasso_trace_1.txt,TERMINATING,"2,02","115,89","85,17","203,08",7,TERMINATING,5,1,6,Affine Template / Affine Template
ATVA2026_benchmark/TERM_LASSO//lasso_traces_cover.t2.c/lasso_trace_1.txt,TERMINATING,"1,77","249,77","312,44","563,98",10,TERMINATING,64,31,95,Affine Template / Affine Template
ATVA2026_benchmark/TERM_LASSO//lasso_traces_CPS1-1617-Sheet03-Exercise03.bpl/lasso_trace_1.txt,TERMINATING,"1,95","40,4","32,76","75,11",5,TERMINATING,1,1,2,Affine Template / Affine Template
ATVA2026_benchmark/TERM_LASSO//lasso_traces_CPS1-1617-Sheet03-Exercise03.bpl/lasso_trace_2.txt,TERMINATING,"0,38","30,28","26,7","57,36",5,TERMINATING,1,1,2,Affine Template / Affine Template
ATVA2026_benchmark/TERM_LASSO//lasso_traces_CPS1-1617-Sheet03-Exercise03.bpl/lasso_trace_3.txt,TERMINATING,"0,47","37,03","54,77","92,27",6,TERMINATING,1,1,2,Affine Template / Affine Template
ATVA2026_benchmark/TERM_LASSO//lasso_traces_crc.t2.c/lasso_trace_11.txt,TERMINATING,"0,39","221,86","354,26","576,51",19,TERMINATING,175,25,200,Affine Template / Affine Template
ATVA2026_benchmark/TERM_LASSO//lasso_traces_crc.t2.c/lasso_trace_23.txt,TERMINATING,"0,4","408,43","507,24","916,07",21,TERMINATING,405,25,430,Affine Template / Affine Template
ATVA2026_benchmark/TERM_LASSO//lasso_traces_crc.t2.c/lasso_trace_9.txt,TERMINATING,"1,63","373,66","506,32","881,61",20,TERMINATING,154,230,384,Affine Template / Affine Template
ATVA2026_benchmark/TERM_LASSO//lasso_traces_create_seg.t2.c/lasso_trace_1.txt,TERMINATING,"1,81","413,06",473,"887,87",21,TERMINATING,187,31,218,Affine Template / Affine Template
ATVA2026_benchmark/TERM_LASSO//lasso_traces_create_via_tmps.t2.c/lasso_trace_1.txt,TERMINATING,"1,8","189,93","227,03","418,76",28,TERMINATING,213,59,272,Affine Template / Affine Template
ATVA2026_benchmark/TERM_LASSO//lasso_traces_create.t2.c/lasso_trace_1.txt,TERMINATING,"11,15","173,88","195,06","380,09",18,TERMINATING,155,31,186,Affine Template / Affine Template
ATVA2026_benchmark/TERM_LASSO//lasso_traces_cScopingViaBoogieNames.c/lasso_trace_1.txt,TERMINATING,"1,8","94,16","75,95","171,91",7,TERMINATING,5,2,7,Affine Template / Affine Template
ATVA2026_benchmark/TERM_LASSO//lasso_traces_Damaskus.bpl/lasso_trace_1.txt,TERMINATING,"1,96","73,45","38,04","113,45",6,TERMINATING,1,1,2,Affine Template / Affine Template
ATVA2026_benchmark/TERM_LASSO//lasso_traces_ddlm2013.i_3.bplTransformedIcfg_BEv2_8.bpl/lasso_trace_1.txt,TERMINATING,"2,27","132,39","63,44","198,1",19,TERMINATING,1,2,3,Affine Template / Affine Template
ATVA2026_benchmark/TERM_LASSO//lasso_traces_decrease1var.bpl/lasso_trace_1.txt,TERMINATING,"1,75","30,33","34,29","66,37",3,TERMINATING,0,1,1,Affine Template / Affine Template
ATVA2026_benchmark/TERM_LASSO//lasso_traces_DecreasingInvariant.bpl/lasso_trace_1.txt,TERMINATING,"2,14","96,4","40,11","138,65",6,TERMINATING,1,1,2,2-Nested Template / 2-Nested Template
ATVA2026_benchmark/TERM_LASSO//lasso_traces_destroy_seg_leak.t2.c/lasso_trace_1.txt,TERMINATING,"1,98","56,54","58,25","116,77",37,TERMINATING,311,47,358,Affine Template / Affine Template
ATVA2026_benchmark/TERM_LASSO//lasso_traces_destroy_seg.t2.c/lasso_trace_1.txt,TERMINATING,"1,94","216,16","255,31","473,41",32,TERMINATING,279,43,322,Affine Template / Affine Template
ATVA2026_benchmark/TERM_LASSO//lasso_traces_destroy.t2.c/lasso_trace_1.txt,TERMINATING,"2,02","183,53","224,28","409,83",23,TERMINATING,199,31,230,Affine Template / Affine Template
ATVA2026_benchmark/TERM_LASSO//lasso_traces_DiamondLoopSafe.bpl/lasso_trace_1.txt,TERMINATING,"2,1","80,38","36,79","119,27",8,TERMINATING,1,1,2,Affine Template / Affine Template
ATVA2026_benchmark/TERM_LASSO//lasso_traces_diff.c/lasso_trace_2.txt,TERMINATING,"2,22","8926,86",0,"8929,08",221,TERMINATING,1,6,7,Affine Template / Affine Template
ATVA2026_benchmark/TERM_LASSO//lasso_traces_disj_nightmare_abi.t2.c/lasso_trace_1.txt,TERMINATING,"1,93","60,48","112,98","175,39",8,TERMINATING,16,11,27,Affine Template / Affine Template
ATVA2026_benchmark/TERM_LASSO//lasso_traces_disj_nightmare_abi.t2.c/lasso_trace_2.txt,TERMINATING,"0,33","85,75","28,98","115,06",17,TERMINATING,23,15,38,Affine Template / Affine Template
ATVA2026_benchmark/TERM_LASSO//lasso_traces_disj_nightmare.t2.c/lasso_trace_1.txt,TERMINATING,"2,1","338,07","364,44","704,61",30,TERMINATING,76,85,161,Affine Template / Affine Template
ATVA2026_benchmark/TERM_LASSO//lasso_traces_disj_nightmare.t2.c/lasso_trace_3.txt,TERMINATING,"0,91","156,93","298,25","456,09",125,TERMINATING,88,89,177,Affine Template / Affine Template
ATVA2026_benchmark/TERM_LASSO//lasso_traces_diskperf_simpl1_true-unreach-call_true-termination.cil.c/lasso_trace_1.txt,TERMINATING,"2,03","935,66","1233,49","2171,18",60,TERMINATING,20,1,21,Affine Template / Affine Template
ATVA2026_benchmark/TERM_LASSO//lasso_traces_divisibilityWithArray.bpl/lasso_trace_1.txt,TERMINATING,"2,41","210,21",0,"212,62",18,TERMINATING,1,2,3,Affine Template / Affine Template
ATVA2026_benchmark/TERM_LASSO//lasso_traces_DivisionTerminating.bpl/lasso_trace_1.txt,TERMINATING,"1,86","26,85","39,38","68,09",4,TERMINATING,0,1,1,Affine Template / Affine Template
ATVA2026_benchmark/TERM_LASSO//lasso_traces_DivMinus_no-overflow.c/lasso_trace_1.txt,TERMINATING,"3,28","74,06","36,21","113,55",8,TERMINATING,5,1,6,Affine Template / Affine Template
ATVA2026_benchmark/TERM_LASSO//lasso_traces_DivMinus.c/lasso_trace_1.txt,TERMINATING,"2,04","67,74","42,56","112,34",8,TERMINATING,5,1,6,Affine Template / Affine Template
ATVA2026_benchmark/TERM_LASSO//lasso_traces_DivMinus2_no-overflow.c/lasso_trace_2.txt,TERMINATING,"2,31","195,81","69,93","268,05",9,TERMINATING,5,3,8,Affine Template / Affine Template
ATVA2026_benchmark/TERM_LASSO//lasso_traces_DivMinus2_no-overflow.c/lasso_trace_3.txt,TERMINATING,"0,57","77,8","56,3","134,67",15,TERMINATING,8,1,9,Affine Template / Affine Template
ATVA2026_benchmark/TERM_LASSO//lasso_traces_DivMinus2_no-overflow.c/lasso_trace_5.txt,TERMINATING,"0,54","122,46","157,48","280,48",9,TERMINATING,9,4,13,Affine Template / Affine Template
ATVA2026_benchmark/TERM_LASSO//lasso_traces_DivMinus2_no-overflow.c/lasso_trace_7.txt,TERMINATING,"0,37","46,87","29,21","76,45",14,TERMINATING,11,1,12,Affine Template / Affine Template
ATVA2026_benchmark/TERM_LASSO//lasso_traces_DivMinus2.c/lasso_trace_2.txt,TERMINATING,"2,15","134,84","61,75","198,74",9,TERMINATING,5,3,8,Affine Template / Affine Template
ATVA2026_benchmark/TERM_LASSO//lasso_traces_DivMinus2.c/lasso_trace_3.txt,TERMINATING,"0,53","55,22","41,61","97,36",14,TERMINATING,8,1,9,Affine Template / Affine Template
ATVA2026_benchmark/TERM_LASSO//lasso_traces_DivMinus2.c/lasso_trace_5.txt,TERMINATING,"0,38","104,76","142,74","247,88",9,TERMINATING,9,4,13,Affine Template / Affine Template
ATVA2026_benchmark/TERM_LASSO//lasso_traces_DivMinus2.c/lasso_trace_7.txt,TERMINATING,"0,39","45,92","30,99","77,3",16,TERMINATING,11,1,12,Affine Template / Affine Template
ATVA2026_benchmark/TERM_LASSO//lasso_traces_Double.bpl/lasso_trace_1.txt,TERMINATING,"2,33","50,38","48,73","101,44",6,TERMINATING,0,3,3,Affine Template / Affine Template
ATVA2026_benchmark/TERM_LASSO//lasso_traces_Double.bpl/lasso_trace_4.txt,TERMINATING,"0,35","37,95","51,83","90,13",6,TERMINATING,6,12,18,Affine Template / Affine Template
ATVA2026_benchmark/TERM_LASSO//lasso_traces_Double2.bpl/lasso_trace_1.txt,TERMINATING,"1,92","41,65","33,34","76,91",5,TERMINATING,0,3,3,Affine Template / Affine Template
ATVA2026_benchmark/TERM_LASSO//lasso_traces_Double3.bpl/lasso_trace_1.txt,TERMINATING,"1,57","55,02","62,01","118,6",5,TERMINATING,0,4,4,Affine Template / Affine Template
ATVA2026_benchmark/TERM_LASSO//lasso_traces_Double3.bpl/lasso_trace_3.txt,TERMINATING,"0,36","54,74","52,65","107,75",6,TERMINATING,19,7,26,Affine Template / Affine Template
ATVA2026_benchmark/TERM_LASSO//lasso_traces_doubleLoop.c/lasso_trace_1.txt,TERMINATING,"2,02","67,9","60,76","130,68",5,TERMINATING,5,1,6,Affine Template / Affine Template
ATVA2026_benchmark/TERM_LASSO//lasso_traces_down.i_4.bpl/lasso_trace_1.txt,TERMINATING,"2,17","74,53","62,76","139,46",7,TERMINATING,1,1,2,Affine Template / Affine Template
ATVA2026_benchmark/TERM_LASSO//lasso_traces_down.i_4.bplTransformedIcfg_BEv2_5.bpl/lasso_trace_1.txt,TERMINATING,"2,32","80,56","95,26","178,14",7,TERMINATING,1,1,2,Affine Template / Affine Template
ATVA2026_benchmark/TERM_LASSO//lasso_traces_dropbuf.t2.c/lasso_trace_1.txt,TERMINATING,"1,91","395,62","573,07","970,6",17,TERMINATING,137,35,172,Affine Template / Affine Template
ATVA2026_benchmark/TERM_LASSO//lasso_traces_dsa_test10.t2.c/lasso_trace_1.txt,TERMINATING,"1,69","130,05","145,55","277,29",7,TERMINATING,40,13,53,Affine Template / Affine Template
ATVA2026_benchmark/TERM_LASSO//lasso_traces_dsa_test15.t2.c/lasso_trace_1.txt,TERMINATING,"1,65","120,69","112,73","235,07",6,TERMINATING,28,13,41,Affine Template / Affine Template
ATVA2026_benchmark/TERM_LASSO//lasso_traces_dsa_test6.t2.c/lasso_trace_1.txt,TERMINATING,"1,49","90,58","33,35","125,42",6,TERMINATING,24,13,37,Affine Template / Affine Template
ATVA2026_benchmark/TERM_LASSO//lasso_traces_DUJJLR.bpl/lasso_trace_2.txt,TERMINATING,"1,86","3125,77",0,"3127,63",53,TERMINATING,1,3,4,Affine Template / Affine Template
ATVA2026_benchmark/TERM_LASSO//lasso_traces_DynamicUnsatCoresHelpful01_02.bpl/lasso_trace_1.txt,TERMINATING,"2,14","45,18","33,64","80,96",4,TERMINATING,1,1,2,Affine Template / Affine Template
ATVA2026_benchmark/TERM_LASSO//lasso_traces_e-1394complete-succeed.t2.c/lasso_trace_1.txt,TERMINATING,"1,72","585,97","757,52","1345,21",23,TERMINATING,281,18,299,Affine Template / Affine Template
ATVA2026_benchmark/TERM_LASSO//lasso_traces_e-1394complete-succeed.t2.c/lasso_trace_2.txt,TERMINATING,"0,41","413,94","537,01","951,36",27,TERMINATING,298,53,351,Affine Template / Affine Template
ATVA2026_benchmark/TERM_LASSO//lasso_traces_e-1394complete-succeed.t2.c/lasso_trace_3.txt,TERMINATING,"0,58","348,24","372,49","721,31",26,TERMINATING,315,25,340,Affine Template / Affine Template
ATVA2026_benchmark/TERM_LASSO//lasso_traces_e-popl07-fail.t2.c/lasso_trace_1.txt,TERMINATING,"1,92","491,62","327,49","821,03",19,TERMINATING,129,28,157,Affine Template / Affine Template
ATVA2026_benchmark/TERM_LASSO//lasso_traces_easy1_no-overflow.c/lasso_trace_1.txt,TERMINATING,"2,6","282,89","109,42","394,91",17,TERMINATING,5,1,6,Affine Template / Affine Template
ATVA2026_benchmark/TERM_LASSO//lasso_traces_easy1_true-termination.c/lasso_trace_1.txt,TERMINATING,"2,09","209,88","94,54","306,51",18,TERMINATING,5,1,6,Affine Template / Affine Template
ATVA2026_benchmark/TERM_LASSO//lasso_traces_easy1.c/lasso_trace_1.txt,TERMINATING,"2,02","185,44","92,25","279,71",17,TERMINATING,5,1,6,Affine Template / Affine Template
ATVA2026_benchmark/TERM_LASSO//lasso_traces_easy2_true-termination.c/lasso_trace_1.txt,TERMINATING,"2,22","103,74","85,99","191,95",12,TERMINATING,5,1,6,Affine Template / Affine Template
ATVA2026_benchmark/TERM_LASSO//lasso_traces_easy2-1_no-overflow.c/lasso_trace_1.txt,TERMINATING,"4,31","158,15","112,38","274,84",8,TERMINATING,5,1,6,Affine Template / Affine Template
ATVA2026_benchmark/TERM_LASSO//lasso_traces_easy2-1.c/lasso_trace_1.txt,TERMINATING,"2,04","110,6","97,82","210,46",8,TERMINATING,5,1,6,Affine Template / Affine Template
ATVA2026_benchmark/TERM_LASSO//lasso_traces_easy2-2_no-overflow.c/lasso_trace_1.txt,TERMINATING,"2,34","125,94","93,14","221,42",8,TERMINATING,5,1,6,Affine Template / Affine Template
ATVA2026_benchmark/TERM_LASSO//lasso_traces_easy2-2.c/lasso_trace_1.txt,TERMINATING,"2,06","100,87","95,27","198,2",8,TERMINATING,5,1,6,Affine Template / Affine Template
ATVA2026_benchmark/TERM_LASSO//lasso_traces_EasyArray.bpl/lasso_trace_1.txt,TERMINATING,"1,9","58,17",0,"60,07",4,TERMINATING,1,1,2,Affine Template / Affine Template
ATVA2026_benchmark/TERM_LASSO//lasso_traces_EasyArray2_incorrect.bpl/lasso_trace_1.txt,TERMINATING,"1,7","324,65",0,"326,35",20,TERMINATING,1,1,2,Affine Template / Affine Template
ATVA2026_benchmark/TERM_LASSO//lasso_traces_EasyArrayStore_incorrect.bpl/lasso_trace_1.txt,TERMINATING,"2,02","169,27",0,"171,29",16,TERMINATING,1,1,2,Affine Template / Affine Template
ATVA2026_benchmark/TERM_LASSO//lasso_traces_EasyArrayStore.bpl/lasso_trace_1.txt,TERMINATING,"2,19","58,41",0,"60,6",4,TERMINATING,1,1,2,Affine Template / Affine Template
ATVA2026_benchmark/TERM_LASSO//lasso_traces_EasyLoop.bpl/lasso_trace_1.txt,TERMINATING,"2,22","40,5","38,69","81,41",5,TERMINATING,1,1,2,Affine Template / Affine Template
ATVA2026_benchmark/TERM_LASSO//lasso_traces_EasyRecursive_incorrect.bpl/lasso_trace_1.txt,TERMINATING,"1,85","28,98","39,86","70,69",5,TERMINATING,0,2,2,Affine Template / Affine Template
ATVA2026_benchmark/TERM_LASSO//lasso_traces_EasyRecursive_incorrect.bpl/lasso_trace_2.txt,TERMINATING,"0,38","30,25","27,53","58,16",7,TERMINATING,1,3,4,Affine Template / Affine Template
ATVA2026_benchmark/TERM_LASSO//lasso_traces_EasyRecursive_incorrect.bpl/lasso_trace_3.txt,TERMINATING,"0,33","60,57","26,14","87,04",6,TERMINATING,2,2,4,Affine Template / Affine Template
ATVA2026_benchmark/TERM_LASSO//lasso_traces_EasyRecursive_incorrect2.bpl/lasso_trace_1.txt,TERMINATING,"1,8","27,44","36,41","65,65",4,TERMINATING,0,2,2,Affine Template / Affine Template
ATVA2026_benchmark/TERM_LASSO//lasso_traces_EasyRecursive_incorrect2.bpl/lasso_trace_2.txt,TERMINATING,"0,42","32,35","26,64","59,41",5,TERMINATING,1,3,4,Affine Template / Affine Template
ATVA2026_benchmark/TERM_LASSO//lasso_traces_EasyRecursive_incorrect2.bpl/lasso_trace_3.txt,TERMINATING,"0,32","59,12","26,03","85,47",5,TERMINATING,2,2,4,Affine Template / Affine Template
ATVA2026_benchmark/TERM_LASSO//lasso_traces_EasyRecursive2.bpl/lasso_trace_1.txt,TERMINATING,"2,14","26,37","41,16","69,67",5,TERMINATING,0,2,2,Affine Template / Affine Template
ATVA2026_benchmark/TERM_LASSO//lasso_traces_EasyRecursive2.bpl/lasso_trace_4.txt,TERMINATING,"0,3","38,31","55,68","94,29",5,TERMINATING,1,19,20,Affine Template / Affine Template
ATVA2026_benchmark/TERM_LASSO//lasso_traces_EasyRecursive2.bpl/lasso_trace_5.txt,TERMINATING,"0,36","40,96","50,27","91,59",5,TERMINATING,1,3,4,Affine Template / Affine Template
ATVA2026_benchmark/TERM_LASSO//lasso_traces_EasyRecursive2.bpl/lasso_trace_6.txt,TERMINATING,"0,53","56,07","79,51","136,11",6,TERMINATING,3,2,5,Affine Template / Affine Template
ATVA2026_benchmark/TERM_LASSO//lasso_traces_EasyRecursive2.bpl/lasso_trace_8.txt,TERMINATING,"0,25","67,54","85,25","153,04",9,TERMINATING,22,2,24,Affine Template / Affine Template
ATVA2026_benchmark/TERM_LASSO//lasso_traces_easySum_false-no-overflow_true-termination.c/lasso_trace_1.txt,TERMINATING,"2,02","74,34","34,2","110,56",8,TERMINATING,5,1,6,Affine Template / Affine Template
ATVA2026_benchmark/TERM_LASSO//lasso_traces_easySum_true-termination.c/lasso_trace_1.txt,TERMINATING,"2,53","53,23","51,83","107,59",7,TERMINATING,7,1,8,Affine Template / Affine Template
ATVA2026_benchmark/TERM_LASSO//lasso_traces_edn.t2.c/lasso_trace_1.txt,TERMINATING,"1,79","259,17","308,77","569,73",18,TERMINATING,184,21,205,Affine Template / Affine Template
ATVA2026_benchmark/TERM_LASSO//lasso_traces_egcd3-both-nt_no-overflow.c/lasso_trace_2.txt,TERMINATING,"2,93","200,98","49,79","253,7",26,TERMINATING,5,3,8,Affine Template / Affine Template
ATVA2026_benchmark/TERM_LASSO//lasso_traces_egcd3-both-nt.c/lasso_trace_2.txt,TERMINATING,"1,96","145,79","34,16","181,91",26,TERMINATING,5,3,8,Affine Template / Affine Template
ATVA2026_benchmark/TERM_LASSO//lasso_traces_egcd3-both-t_no-overflow.c/lasso_trace_2.txt,TERMINATING,"3,17","137,39","60,71","201,27",24,TERMINATING,5,3,8,Affine Template / Affine Template
ATVA2026_benchmark/TERM_LASSO//lasso_traces_egcd3-both-t.c/lasso_trace_2.txt,TERMINATING,"2,24","96,31","52,06","150,61",23,TERMINATING,5,3,8,Affine Template / Affine Template
ATVA2026_benchmark/TERM_LASSO//lasso_traces_elmhes.c.i.elmhes.pl.t2.fixed.t2.c/lasso_trace_1.txt,TERMINATING,"2,16","161,07","187,64","350,87",11,TERMINATING,40,38,78,Affine Template / Affine Template
ATVA2026_benchmark/TERM_LASSO//lasso_traces_elmhes.c.i.elmhes.pl.t2.fixed.t2.c/lasso_trace_2.txt,TERMINATING,"0,47","56,3","27,91","84,68",11,TERMINATING,53,30,83,Affine Template / Affine Template
ATVA2026_benchmark/TERM_LASSO//lasso_traces_elmhes.c.i.elmhes.pl.t2.nor.t2.rlgfixed.t2.c/lasso_trace_1.txt,TERMINATING,"2,3","174,36","195,25","371,91",10,TERMINATING,40,38,78,Affine Template / Affine Template
ATVA2026_benchmark/TERM_LASSO//lasso_traces_elmhes.c.i.elmhes.pl.t2.nor.t2.rlgfixed.t2.c/lasso_trace_2.txt,TERMINATING,"0,36","58,82","28,31","87,49",11,TERMINATING,53,30,83,Affine Template / Affine Template
ATVA2026_benchmark/TERM_LASSO//lasso_traces_elmhes.t2.c/lasso_trace_1.txt,TERMINATING,"2,02","163,43","191,65","357,1",11,TERMINATING,40,38,78,Affine Template / Affine Template
ATVA2026_benchmark/TERM_LASSO//lasso_traces_elmhes.t2.c/lasso_trace_2.txt,TERMINATING,"0,31","67,37","30,04","97,72",11,TERMINATING,53,30,83,Affine Template / Affine Template
ATVA2026_benchmark/TERM_LASSO//lasso_traces_equal-array-sums.bpl/lasso_trace_1.txt,TERMINATING,"2,16","51,11",0,"53,27",6,TERMINATING,4,3,7,Affine Template / Affine Template
ATVA2026_benchmark/TERM_LASSO//lasso_traces_equal-array-sums.bpl/lasso_trace_2.txt,TERMINATING,"0,53","51,12",0,"51,65",7,TERMINATING,5,3,8,Affine Template / Affine Template
ATVA2026_benchmark/TERM_LASSO//lasso_traces_EqUserDefRec.bpl/lasso_trace_1.txt,TERMINATING,"1,79","118,92","109,61","230,32",7,TERMINATING,0,4,4,Affine Template / Affine Template
ATVA2026_benchmark/TERM_LASSO//lasso_traces_eric.t2.c/lasso_trace_1.txt,TERMINATING,"1,86","92,06","142,27","236,19",7,TERMINATING,29,12,41,Affine Template / Affine Template
ATVA2026_benchmark/TERM_LASSO//lasso_traces_eric1.t2.c/lasso_trace_1.txt,TERMINATING,"1,77","92,64","83,37","177,78",7,TERMINATING,23,13,36,Affine Template / Affine Template
ATVA2026_benchmark/TERM_LASSO//lasso_traces_eric1.t2.c/lasso_trace_3.txt,TERMINATING,"0,44","156,45","169,55","326,44",21,TERMINATING,62,14,76,Affine Template / Affine Template
ATVA2026_benchmark/TERM_LASSO//lasso_traces_eric1.t2.c/lasso_trace_5.txt,TERMINATING,"0,28","52,09","87,91","140,28",8,TERMINATING,86,36,122,Affine Template / Affine Template
ATVA2026_benchmark/TERM_LASSO//lasso_traces_eric1.t2.c/lasso_trace_6.txt,TERMINATING,"0,32","113,95",122,"236,27",20,TERMINATING,98,23,121,Affine Template / Affine Template
ATVA2026_benchmark/TERM_LASSO//lasso_traces_eric1.t2.c/lasso_trace_7.txt,TERMINATING,"0,26","70,82","36,44","107,52",8,TERMINATING,108,36,144,Affine Template / Affine Template
ATVA2026_benchmark/TERM_LASSO//lasso_traces_eric1.t2.c/lasso_trace_8.txt,TERMINATING,"0,29","116,78","112,77","229,84",28,TERMINATING,93,45,138,Affine Template / Affine Template
ATVA2026_benchmark/TERM_LASSO//lasso_traces_eric2.t2.c/lasso_trace_1.txt,TERMINATING,"2,23","493,66","614,85","1110,74",30,TERMINATING,183,17,200,Affine Template / Affine Template
ATVA2026_benchmark/TERM_LASSO//lasso_traces_eric2.t2.c/lasso_trace_10.txt,TERMINATING,"0,7","263,48","629,97","894,15",41,TERMINATING,228,26,254,Affine Template / Affine Template
ATVA2026_benchmark/TERM_LASSO//lasso_traces_eric2.t2.c/lasso_trace_11.txt,TERMINATING,"0,65","239,03","322,2","561,88",47,TERMINATING,220,36,256,Affine Template / Affine Template
ATVA2026_benchmark/TERM_LASSO//lasso_traces_eric2.t2.c/lasso_trace_12.txt,TERMINATING,"0,53","187,33","223,12","410,98",47,TERMINATING,229,36,265,Affine Template / Affine Template
ATVA2026_benchmark/TERM_LASSO//lasso_traces_eric2.t2.c/lasso_trace_13.txt,TERMINATING,"0,65","170,52","694,32","865,49",36,TERMINATING,221,9,230,Affine Template / Affine Template
ATVA2026_benchmark/TERM_LASSO//lasso_traces_eric2.t2.c/lasso_trace_14.txt,TERMINATING,"0,62","515,17","625,64","1141,43",37,TERMINATING,221,9,230,Affine Template / Affine Template
ATVA2026_benchmark/TERM_LASSO//lasso_traces_eric2.t2.c/lasso_trace_15.txt,TERMINATING,"0,6","242,54","292,33","535,47",37,TERMINATING,221,9,230,Affine Template / Affine Template
ATVA2026_benchmark/TERM_LASSO//lasso_traces_eric2.t2.c/lasso_trace_16.txt,TERMINATING,"0,56","240,93","318,92","560,41",37,TERMINATING,221,9,230,Affine Template / Affine Template
ATVA2026_benchmark/TERM_LASSO//lasso_traces_eric2.t2.c/lasso_trace_17.txt,TERMINATING,"0,85","176,68","718,84","896,37",37,TERMINATING,221,9,230,Affine Template / Affine Template
ATVA2026_benchmark/TERM_LASSO//lasso_traces_eric2.t2.c/lasso_trace_18.txt,TERMINATING,"0,58","139,51","655,44","795,53",38,TERMINATING,221,9,230,Affine Template / Affine Template
ATVA2026_benchmark/TERM_LASSO//lasso_traces_eric2.t2.c/lasso_trace_19.txt,TERMINATING,"0,61","419,69","547,97","968,27",38,TERMINATING,221,9,230,Affine Template / Affine Template
ATVA2026_benchmark/TERM_LASSO//lasso_traces_eric2.t2.c/lasso_trace_2.txt,TERMINATING,"0,82","376,8","471,25","848,87",35,TERMINATING,192,9,201,Affine Template / Affine Template
ATVA2026_benchmark/TERM_LASSO//lasso_traces_eric2.t2.c/lasso_trace_20.txt,TERMINATING,"0,48",535,"720,32","1255,8",39,TERMINATING,221,9,230,Affine Template / Affine Template
ATVA2026_benchmark/TERM_LASSO//lasso_traces_eric2.t2.c/lasso_trace_21.txt,TERMINATING,"0,68","86,32","100,88","187,88",40,TERMINATING,221,9,230,Affine Template / Affine Template
ATVA2026_benchmark/TERM_LASSO//lasso_traces_eric2.t2.c/lasso_trace_22.txt,TERMINATING,"1,84","199,8","227,17","428,81",36,TERMINATING,221,9,230,Affine Template / Affine Template
ATVA2026_benchmark/TERM_LASSO//lasso_traces_eric2.t2.c/lasso_trace_23.txt,TERMINATING,"0,59","595,43","778,81","1374,83",36,TERMINATING,221,9,230,Affine Template / Affine Template
ATVA2026_benchmark/TERM_LASSO//lasso_traces_eric2.t2.c/lasso_trace_24.txt,TERMINATING,"0,67","428,03","593,1","1021,8",36,TERMINATING,221,9,230,Affine Template / Affine Template
ATVA2026_benchmark/TERM_LASSO//lasso_traces_eric2.t2.c/lasso_trace_25.txt,TERMINATING,"0,76","250,68","316,61","568,05",36,TERMINATING,221,9,230,Affine Template / Affine Template
ATVA2026_benchmark/TERM_LASSO//lasso_traces_eric2.t2.c/lasso_trace_26.txt,TERMINATING,"0,62","374,59","473,37","848,58",35,TERMINATING,221,9,230,Affine Template / Affine Template
ATVA2026_benchmark/TERM_LASSO//lasso_traces_eric2.t2.c/lasso_trace_27.txt,TERMINATING,"0,5","435,24","534,06","969,8",37,TERMINATING,221,9,230,Affine Template / Affine Template
ATVA2026_benchmark/TERM_LASSO//lasso_traces_eric2.t2.c/lasso_trace_28.txt,TERMINATING,"0,63","386,27","39,49","426,39",37,TERMINATING,221,9,230,Affine Template / Affine Template
ATVA2026_benchmark/TERM_LASSO//lasso_traces_eric2.t2.c/lasso_trace_29.txt,TERMINATING,"0,59","533,5","672,33","1206,42",38,TERMINATING,221,9,230,Affine Template / Affine Template
ATVA2026_benchmark/TERM_LASSO//lasso_traces_eric2.t2.c/lasso_trace_30.txt,TERMINATING,"0,66","468,07","578,84","1047,57",36,TERMINATING,221,9,230,Affine Template / Affine Template
ATVA2026_benchmark/TERM_LASSO//lasso_traces_eric2.t2.c/lasso_trace_31.txt,TERMINATING,"0,66","132,53","157,55","290,74",39,TERMINATING,221,9,230,Affine Template / Affine Template
ATVA2026_benchmark/TERM_LASSO//lasso_traces_eric2.t2.c/lasso_trace_32.txt,TERMINATING,"0,62","536,64","703,94","1241,2",38,TERMINATING,221,9,230,Affine Template / Affine Template
ATVA2026_benchmark/TERM_LASSO//lasso_traces_eric2.t2.c/lasso_trace_33.txt,TERMINATING,"0,75","360,72","453,27","814,74",37,TERMINATING,221,9,230,Affine Template / Affine Template
ATVA2026_benchmark/TERM_LASSO//lasso_traces_eric2.t2.c/lasso_trace_34.txt,TERMINATING,"0,68","131,59","74,46","206,73",37,TERMINATING,221,9,230,Affine Template / Affine Template
ATVA2026_benchmark/TERM_LASSO//lasso_traces_eric2.t2.c/lasso_trace_35.txt,TERMINATING,"0,63","582,53","739,02","1322,18",37,TERMINATING,221,9,230,Affine Template / Affine Template
ATVA2026_benchmark/TERM_LASSO//lasso_traces_eric2.t2.c/lasso_trace_36.txt,TERMINATING,"0,59","371,83","514,81","887,23",38,TERMINATING,221,9,230,Affine Template / Affine Template
ATVA2026_benchmark/TERM_LASSO//lasso_traces_eric2.t2.c/lasso_trace_37.txt,TERMINATING,"0,68","60,49","51,27","112,44",36,TERMINATING,221,9,230,Affine Template / Affine Template
ATVA2026_benchmark/TERM_LASSO//lasso_traces_eric2.t2.c/lasso_trace_38.txt,TERMINATING,"0,63","280,17","164,86","445,66",39,TERMINATING,221,9,230,Affine Template / Affine Template
ATVA2026_benchmark/TERM_LASSO//lasso_traces_eric2.t2.c/lasso_trace_39.txt,TERMINATING,"0,66","52,88","74,2","127,74",39,TERMINATING,221,9,230,Affine Template / Affine Template
ATVA2026_benchmark/TERM_LASSO//lasso_traces_eric2.t2.c/lasso_trace_4.txt,TERMINATING,"0,64","343,38","360,42","704,44",39,TERMINATING,206,21,227,Affine Template / Affine Template
ATVA2026_benchmark/TERM_LASSO//lasso_traces_eric2.t2.c/lasso_trace_40.txt,TERMINATING,"0,85","496,91","655,79","1153,55",38,TERMINATING,221,9,230,Affine Template / Affine Template
ATVA2026_benchmark/TERM_LASSO//lasso_traces_eric2.t2.c/lasso_trace_41.txt,TERMINATING,"0,65","392,5","523,95","917,1",39,TERMINATING,221,9,230,Affine Template / Affine Template
ATVA2026_benchmark/TERM_LASSO//lasso_traces_eric2.t2.c/lasso_trace_42.txt,TERMINATING,"0,69","355,29","448,97","804,95",38,TERMINATING,221,9,230,Affine Template / Affine Template
ATVA2026_benchmark/TERM_LASSO//lasso_traces_eric2.t2.c/lasso_trace_43.txt,TERMINATING,"0,68","413,59","581,98","996,25",36,TERMINATING,221,9,230,Affine Template / Affine Template
ATVA2026_benchmark/TERM_LASSO//lasso_traces_eric2.t2.c/lasso_trace_44.txt,TERMINATING,"0,66","169,71","89,65","260,02",41,TERMINATING,221,9,230,Affine Template / Affine Template
ATVA2026_benchmark/TERM_LASSO//lasso_traces_eric2.t2.c/lasso_trace_45.txt,TERMINATING,"0,64","182,08","259,08","441,8",38,TERMINATING,221,9,230,Affine Template / Affine Template
ATVA2026_benchmark/TERM_LASSO//lasso_traces_eric2.t2.c/lasso_trace_46.txt,TERMINATING,"0,68","209,1","280,94","490,72",37,TERMINATING,221,9,230,Affine Template / Affine Template
ATVA2026_benchmark/TERM_LASSO//lasso_traces_eric2.t2.c/lasso_trace_47.txt,TERMINATING,"0,89","456,9","164,17","621,96",39,TERMINATING,221,9,230,Affine Template / Affine Template
ATVA2026_benchmark/TERM_LASSO//lasso_traces_eric2.t2.c/lasso_trace_48.txt,TERMINATING,"0,62","80,43","404,4","485,45",37,TERMINATING,221,9,230,Affine Template / Affine Template
ATVA2026_benchmark/TERM_LASSO//lasso_traces_eric2.t2.c/lasso_trace_49.txt,TERMINATING,"0,68","222,95","265,19","488,82",38,TERMINATING,221,9,230,Affine Template / Affine Template
ATVA2026_benchmark/TERM_LASSO//lasso_traces_eric2.t2.c/lasso_trace_5.txt,TERMINATING,"0,63",604,"794,84","1399,47",32,TERMINATING,215,17,232,Affine Template / Affine Template
ATVA2026_benchmark/TERM_LASSO//lasso_traces_eric2.t2.c/lasso_trace_6.txt,TERMINATING,"0,74","221,93","308,68","531,35",46,TERMINATING,223,27,250,Affine Template / Affine Template
ATVA2026_benchmark/TERM_LASSO//lasso_traces_eric2.t2.c/lasso_trace_8.txt,TERMINATING,"0,65","545,97","718,94","1265,56",37,TERMINATING,228,9,237,Affine Template / Affine Template
ATVA2026_benchmark/TERM_LASSO//lasso_traces_eric2.t2.c/lasso_trace_9.txt,TERMINATING,"0,66","461,1","583,31","1045,07",38,TERMINATING,192,26,218,Affine Template / Affine Template
ATVA2026_benchmark/TERM_LASSO//lasso_traces_Et1_false-no-overflow_true-termination.c/lasso_trace_1.txt,TERMINATING,"3,34","288,16","96,22","387,72",17,TERMINATING,5,1,6,2-Nested Template / 2-Nested Template
ATVA2026_benchmark/TERM_LASSO//lasso_traces_Et1_true_no-overflow.c/lasso_trace_1.txt,TERMINATING,"2,74","395,03","85,46","483,23",11,TERMINATING,14,3,17,2-Nested Template / 2-Nested Template
ATVA2026_benchmark/TERM_LASSO//lasso_traces_Et1_true_true-termination.c/lasso_trace_1.txt,TERMINATING,"2,06","377,54","75,26","454,86",15,TERMINATING,14,3,17,2-Nested Template / 2-Nested Template
ATVA2026_benchmark/TERM_LASSO//lasso_traces_Et1_true.c/lasso_trace_1.txt,TERMINATING,"1,66","421,69","74,5","497,85",11,TERMINATING,14,3,17,2-Nested Template / 2-Nested Template
ATVA2026_benchmark/TERM_LASSO//lasso_traces_Et1.c/lasso_trace_1.txt,TERMINATING,"2,08","300,49","94,02","396,59",16,TERMINATING,5,1,6,2-Nested Template / 2-Nested Template
ATVA2026_benchmark/TERM_LASSO//lasso_traces_Et2_true_no-overflow.c/lasso_trace_1.txt,TERMINATING,"2,6","287,09","106,69","396,38",9,TERMINATING,14,7,21,Affine Template / Affine Template
ATVA2026_benchmark/TERM_LASSO//lasso_traces_Et2_true_true-termination.c/lasso_trace_1.txt,TERMINATING,"1,52","135,86","85,79","223,17",11,TERMINATING,14,7,21,Affine Template / Affine Template
ATVA2026_benchmark/TERM_LASSO//lasso_traces_Et2_true.c/lasso_trace_1.txt,TERMINATING,"1,65","139,84","79,09","220,58",8,TERMINATING,14,7,21,Affine Template / Affine Template
ATVA2026_benchmark/TERM_LASSO//lasso_traces_Et3_true_no-overflow.c/lasso_trace_1.txt,TERMINATING,"3,31","582,35","114,34",700,14,TERMINATING,14,3,17,2-Nested Template / 2-Nested Template
ATVA2026_benchmark/TERM_LASSO//lasso_traces_Et3_true_true-termination.c/lasso_trace_1.txt,TERMINATING,"1,72","377,66","70,29","449,67",13,TERMINATING,14,3,17,2-Nested Template / 2-Nested Template
ATVA2026_benchmark/TERM_LASSO//lasso_traces_Et3_true.c/lasso_trace_1.txt,TERMINATING,"1,7","377,08","80,56","459,34",13,TERMINATING,14,3,17,2-Nested Template / 2-Nested Template
ATVA2026_benchmark/TERM_LASSO//lasso_traces_Et4_true_no-overflow.c/lasso_trace_1.txt,TERMINATING,"2,45","163,87","56,07","222,39",10,TERMINATING,18,7,25,Affine Template / Affine Template
ATVA2026_benchmark/TERM_LASSO//lasso_traces_Et4_true_true-termination.c/lasso_trace_1.txt,TERMINATING,"1,56","122,21","34,25","158,02",12,TERMINATING,18,7,25,Affine Template / Affine Template
ATVA2026_benchmark/TERM_LASSO//lasso_traces_Et4_true.c/lasso_trace_1.txt,TERMINATING,"1,8","117,89","35,69","155,38",12,TERMINATING,18,7,25,Affine Template / Affine Template
ATVA2026_benchmark/TERM_LASSO//lasso_traces_euclid-no-inv.c/lasso_trace_1.txt,TERMINATING,"1,95","86,36","45,98","134,29",14,TERMINATING,8,1,9,Affine Template / Affine Template
ATVA2026_benchmark/TERM_LASSO//lasso_traces_euclid.c/lasso_trace_1.txt,TERMINATING,"2,33","133,85","42,62","178,8",13,TERMINATING,8,1,9,Affine Template / Affine Template
ATVA2026_benchmark/TERM_LASSO//lasso_traces_eureka_01.i_3.bpl/lasso_trace_1.txt,TERMINATING,"2,52","76,64",0,"79,16",9,TERMINATING,1,1,2,Affine Template / Affine Template
ATVA2026_benchmark/TERM_LASSO//lasso_traces_EvenOdd01_true-termination.c/lasso_trace_1.txt,TERMINATING,"1,83","64,56","31,59","97,98",10,TERMINATING,7,8,15,Affine Template / Affine Template
ATVA2026_benchmark/TERM_LASSO//lasso_traces_EvenOdd01_true-unreach-call_true-termination.c/lasso_trace_1.txt,TERMINATING,2,"162,1","128,79","292,89",11,TERMINATING,7,8,15,Affine Template / Affine Template
ATVA2026_benchmark/TERM_LASSO//lasso_traces_Ex07_no-overflow.c/lasso_trace_1.txt,TERMINATING,"2,66","109,52","91,35","203,53",6,TERMINATING,5,2,7,Affine Template / Affine Template
ATVA2026_benchmark/TERM_LASSO//lasso_traces_Ex07.c/lasso_trace_1.txt,TERMINATING,"1,91","88,01","87,06","176,98",6,TERMINATING,5,2,7,Affine Template / Affine Template
ATVA2026_benchmark/TERM_LASSO//lasso_traces_ex1_false-no-overflow_true-termination.c/lasso_trace_1.txt,TERMINATING,"3,33","63,99","33,79","101,11",7,TERMINATING,5,1,6,Affine Template / Affine Template
ATVA2026_benchmark/TERM_LASSO//lasso_traces_ex1_true-termination.c/lasso_trace_1.txt,TERMINATING,"2,03","80,11","36,85","118,99",7,TERMINATING,7,1,8,Affine Template / Affine Template
ATVA2026_benchmark/TERM_LASSO//lasso_traces_ex10.t2.c/lasso_trace_1.txt,TERMINATING,"1,68","150,9","240,9","393,48",9,TERMINATING,68,27,95,Affine Template / Affine Template
ATVA2026_benchmark/TERM_LASSO//lasso_traces_ex11.t2.c/lasso_trace_2.txt,TERMINATING,"0,31","74,3","164,71","239,32",7,TERMINATING,45,30,75,Affine Template / Affine Template
ATVA2026_benchmark/TERM_LASSO//lasso_traces_ex12.t2.c/lasso_trace_1.txt,TERMINATING,"1,61","73,7","86,55","161,86",7,TERMINATING,20,13,33,Affine Template / Affine Template
ATVA2026_benchmark/TERM_LASSO//lasso_traces_ex14.t2.c/lasso_trace_1.txt,TERMINATING,"1,66","84,43","37,05","123,14",5,TERMINATING,20,13,33,Affine Template / Affine Template
ATVA2026_benchmark/TERM_LASSO//lasso_traces_ex17.t2.c/lasso_trace_1.txt,TERMINATING,"1,69","53,69","33,25","88,63",7,TERMINATING,40,13,53,Affine Template / Affine Template
ATVA2026_benchmark/TERM_LASSO//lasso_traces_ex18.t2.c/lasso_trace_2.txt,TERMINATING,"0,42","70,46","107,65","178,53",9,TERMINATING,62,21,83,Affine Template / Affine Template
ATVA2026_benchmark/TERM_LASSO//lasso_traces_ex19.t2.c/lasso_trace_1.txt,TERMINATING,"1,96","128,23","165,35","295,54",11,TERMINATING,28,17,45,Affine Template / Affine Template
ATVA2026_benchmark/TERM_LASSO//lasso_traces_ex2.c/lasso_trace_1.txt,TERMINATING,"3,27","70,75","126,66","200,68",6,TERMINATING,6,3,9,Affine Template / Affine Template
ATVA2026_benchmark/TERM_LASSO//lasso_traces_ex20.t2.c/lasso_trace_1.txt,TERMINATING,"1,98","80,64","279,53","362,15",10,TERMINATING,46,13,59,Affine Template / Affine Template
ATVA2026_benchmark/TERM_LASSO//lasso_traces_ex20.t2.c/lasso_trace_2.txt,TERMINATING,"0,4","137,04","254,93","392,37",26,TERMINATING,56,13,69,Affine Template / Affine Template
ATVA2026_benchmark/TERM_LASSO//lasso_traces_ex21.t2.c/lasso_trace_1.txt,TERMINATING,"1,73","122,49","124,97","249,19",8,TERMINATING,32,13,45,Affine Template / Affine Template
ATVA2026_benchmark/TERM_LASSO//lasso_traces_ex22.t2.c/lasso_trace_1.txt,TERMINATING,"1,74","327,56","412,07","741,37",15,TERMINATING,155,13,168,Affine Template / Affine Template
ATVA2026_benchmark/TERM_LASSO//lasso_traces_ex23.t2.c/lasso_trace_1.txt,TERMINATING,"1,93","156,15","171,29","329,37",8,TERMINATING,33,13,46,Affine Template / Affine Template
ATVA2026_benchmark/TERM_LASSO//lasso_traces_ex26.t2.c/lasso_trace_1.txt,TERMINATING,"1,7","60,08","132,93","194,71",7,TERMINATING,32,29,61,Affine Template / Affine Template
ATVA2026_benchmark/TERM_LASSO//lasso_traces_ex27.t2.c/lasso_trace_1.txt,TERMINATING,"1,66","108,26","148,72","258,64",16,TERMINATING,179,13,192,Affine Template / Affine Template
ATVA2026_benchmark/TERM_LASSO//lasso_traces_ex3_true-termination.c/lasso_trace_1.txt,TERMINATING,"2,21","69,04","66,28","137,53",6,TERMINATING,6,3,9,Affine Template / Affine Template
ATVA2026_benchmark/TERM_LASSO//lasso_traces_ex3_true-termination.c/lasso_trace_4.txt,TERMINATING,"0,25","99,04","67,08","166,37",7,TERMINATING,8,3,11,Affine Template / Affine Template
ATVA2026_benchmark/TERM_LASSO//lasso_traces_ex3.c/lasso_trace_1.txt,TERMINATING,"2,81","65,64","58,82","127,27",6,TERMINATING,6,3,9,Affine Template / Affine Template
ATVA2026_benchmark/TERM_LASSO//lasso_traces_ex3.c/lasso_trace_4.txt,TERMINATING,"0,27","103,69","66,88","170,84",7,TERMINATING,8,3,11,Affine Template / Affine Template
ATVA2026_benchmark/TERM_LASSO//lasso_traces_ex3.t2.c/lasso_trace_1.txt,TERMINATING,"1,82","78,74","142,56","223,12",8,TERMINATING,29,13,42,Affine Template / Affine Template
ATVA2026_benchmark/TERM_LASSO//lasso_traces_ex30.t2.c/lasso_trace_1.txt,TERMINATING,"1,96","176,79","197,22","375,97",9,TERMINATING,52,13,65,Affine Template / Affine Template
ATVA2026_benchmark/TERM_LASSO//lasso_traces_ex30.t2.c/lasso_trace_2.txt,TERMINATING,"0,31","84,74","78,69","163,74",9,TERMINATING,65,13,78,Affine Template / Affine Template
ATVA2026_benchmark/TERM_LASSO//lasso_traces_ex32.t2.c/lasso_trace_1.txt,TERMINATING,"1,7","129,37","126,26","257,33",7,TERMINATING,37,13,50,Affine Template / Affine Template
ATVA2026_benchmark/TERM_LASSO//lasso_traces_ex36.t2.c/lasso_trace_1.txt,TERMINATING,"1,78","505,02","660,47","1167,27",20,TERMINATING,244,13,257,Affine Template / Affine Template
ATVA2026_benchmark/TERM_LASSO//lasso_traces_ex36.t2.c/lasso_trace_10.txt,TERMINATING,"0,28",749,"1031,29","1780,57",26,TERMINATING,354,17,371,Affine Template / Affine Template
ATVA2026_benchmark/TERM_LASSO//lasso_traces_ex36.t2.c/lasso_trace_11.txt,TERMINATING,"0,27","215,7","214,61","430,58",25,TERMINATING,333,13,346,Affine Template / Affine Template
ATVA2026_benchmark/TERM_LASSO//lasso_traces_ex36.t2.c/lasso_trace_12.txt,TERMINATING,"0,29","710,04","544,25","1254,58",25,TERMINATING,346,13,359,Affine Template / Affine Template
ATVA2026_benchmark/TERM_LASSO//lasso_traces_ex36.t2.c/lasso_trace_13.txt,TERMINATING,"0,28","266,59","246,41","513,28",27,TERMINATING,359,17,376,Affine Template / Affine Template
ATVA2026_benchmark/TERM_LASSO//lasso_traces_ex36.t2.c/lasso_trace_14.txt,TERMINATING,"0,23","614,66","742,95","1357,84",28,TERMINATING,376,17,393,Affine Template / Affine Template
ATVA2026_benchmark/TERM_LASSO//lasso_traces_ex36.t2.c/lasso_trace_15.txt,TERMINATING,"0,23","612,14","852,27","1464,64",28,TERMINATING,338,13,351,Affine Template / Affine Template
ATVA2026_benchmark/TERM_LASSO//lasso_traces_ex36.t2.c/lasso_trace_2.txt,TERMINATING,"0,33","404,87","559,17","964,37",22,TERMINATING,257,13,270,Affine Template / Affine Template
ATVA2026_benchmark/TERM_LASSO//lasso_traces_ex36.t2.c/lasso_trace_3.txt,TERMINATING,"0,34","156,35","769,57","926,26",24,TERMINATING,297,13,310,Affine Template / Affine Template
ATVA2026_benchmark/TERM_LASSO//lasso_traces_ex36.t2.c/lasso_trace_4.txt,TERMINATING,"0,4","350,79","474,13","825,32",24,TERMINATING,302,13,315,Affine Template / Affine Template
ATVA2026_benchmark/TERM_LASSO//lasso_traces_ex36.t2.c/lasso_trace_6.txt,TERMINATING,"0,41","713,1","953,63","1667,14",26,TERMINATING,323,13,336,Affine Template / Affine Template
ATVA2026_benchmark/TERM_LASSO//lasso_traces_ex36.t2.c/lasso_trace_8.txt,TERMINATING,"0,26","217,74","299,15","517,15",24,TERMINATING,328,17,345,Affine Template / Affine Template
ATVA2026_benchmark/TERM_LASSO//lasso_traces_ex36.t2.c/lasso_trace_9.txt,TERMINATING,"0,24","834,36","1129,93","1964,53",25,TERMINATING,341,17,358,Affine Template / Affine Template
ATVA2026_benchmark/TERM_LASSO//lasso_traces_ex4.t2.c/lasso_trace_1.txt,TERMINATING,"1,7","52,21","37,54","91,45",8,TERMINATING,40,26,66,Affine Template / Affine Template
ATVA2026_benchmark/TERM_LASSO//lasso_traces_ex4.t2.c/lasso_trace_2.txt,TERMINATING,"0,31","128,02","300,47","428,8",9,TERMINATING,58,30,88,Affine Template / Affine Template
ATVA2026_benchmark/TERM_LASSO//lasso_traces_ex7.t2.c/lasso_trace_1.txt,TERMINATING,"1,78","150,9","109,26","261,94",7,TERMINATING,36,17,53,Affine Template / Affine Template
ATVA2026_benchmark/TERM_LASSO//lasso_traces_ex8.t2.c/lasso_trace_1.txt,TERMINATING,"1,77","148,11","168,72","318,6",7,TERMINATING,36,17,53,Affine Template / Affine Template
ATVA2026_benchmark/TERM_LASSO//lasso_traces_ex9.t2.c/lasso_trace_1.txt,TERMINATING,"1,75","122,21","127,68","251,64",10,TERMINATING,40,17,57,Affine Template / Affine Template
ATVA2026_benchmark/TERM_LASSO//lasso_traces_example.t2.c/lasso_trace_1.txt,TERMINATING,"1,94","110,21","121,1","233,25",6,TERMINATING,22,10,32,Affine Template / Affine Template
ATVA2026_benchmark/TERM_LASSO//lasso_traces_example.t2.c/lasso_trace_2.txt,TERMINATING,"0,5","27,44","26,5","54,44",16,TERMINATING,25,14,39,Affine Template / Affine Template
ATVA2026_benchmark/TERM_LASSO//lasso_traces_Exc1.bpl/lasso_trace_1.txt,TERMINATING,"1,85","54,66","33,21","89,72",5,TERMINATING,1,1,2,Affine Template / Affine Template
ATVA2026_benchmark/TERM_LASSO//lasso_traces_Exc2.bpl/lasso_trace_1.txt,TERMINATING,"2,93","44,68","41,02","88,63",4,TERMINATING,1,2,3,Affine Template / Affine Template
ATVA2026_benchmark/TERM_LASSO//lasso_traces_Exc3.bpl/lasso_trace_1.txt,TERMINATING,"1,78","54,36","32,06","88,2",5,TERMINATING,1,2,3,Affine Template / Affine Template
ATVA2026_benchmark/TERM_LASSO//lasso_traces_Exc4.bpl/lasso_trace_1.txt,TERMINATING,"1,67","60,28","35,69","97,64",5,TERMINATING,1,2,3,Affine Template / Affine Template
ATVA2026_benchmark/TERM_LASSO//lasso_traces_Exc5.bpl/lasso_trace_1.txt,TERMINATING,"1,65","67,25","32,21","101,11",5,TERMINATING,1,2,3,Affine Template / Affine Template
ATVA2026_benchmark/TERM_LASSO//lasso_traces_f91.c/lasso_trace_1.txt,TERMINATING,"1,68","34,64","30,94","67,26",5,TERMINATING,0,3,3,Affine Template / Affine Template
ATVA2026_benchmark/TERM_LASSO//lasso_traces_f91.c/lasso_trace_2.txt,TERMINATING,"0,68","42,79","37,91","81,38",7,TERMINATING,7,9,16,Affine Template / Affine Template
ATVA2026_benchmark/TERM_LASSO//lasso_traces_f91.c/lasso_trace_5.txt,TERMINATING,"0,3","37,89","40,91","79,1",5,TERMINATING,30,9,39,Affine Template / Affine Template
ATVA2026_benchmark/TERM_LASSO//lasso_traces_Factorial.bpl/lasso_trace_1.txt,TERMINATING,"1,81","92,66","118,47","212,94",5,TERMINATING,0,3,3,Affine Template / Affine Template
ATVA2026_benchmark/TERM_LASSO//lasso_traces_factorial.c/lasso_trace_1.txt,TERMINATING,"1,77","35,35","62,75","99,87",4,TERMINATING,0,3,3,Affine Template / Affine Template
ATVA2026_benchmark/TERM_LASSO//lasso_traces_FactSum.bpl/lasso_trace_1.txt,TERMINATING,"1,66","58,5","77,22","137,38",6,TERMINATING,0,3,3,Affine Template / Affine Template
ATVA2026_benchmark/TERM_LASSO//lasso_traces_FactSum.bpl/lasso_trace_2.txt,TERMINATING,"0,39","53,67","38,15","92,21",6,TERMINATING,1,7,8,Affine Template / Affine Template
ATVA2026_benchmark/TERM_LASSO//lasso_traces_FactSum.bpl/lasso_trace_3.txt,TERMINATING,"0,3","45,07","59,54","104,91",7,TERMINATING,3,3,6,Affine Template / Affine Template
ATVA2026_benchmark/TERM_LASSO//lasso_traces_Falkensteig-lex2withProc_true-termination.bpl/lasso_trace_1.txt,TERMINATING,"1,76","28,14","36,74","66,64",6,TERMINATING,0,4,4,Affine Template / Affine Template
ATVA2026_benchmark/TERM_LASSO//lasso_traces_Falkensteig-lex2withProc_true-termination.bpl/lasso_trace_2.txt,TERMINATING,"0,52","54,76","53,62","108,9",9,TERMINATING,2,5,7,Affine Template / Affine Template
ATVA2026_benchmark/TERM_LASSO//lasso_traces_Falkensteig-lex2withProc_true-termination.bpl/lasso_trace_3.txt,TERMINATING,"0,51","60,03","41,31","101,85",14,TERMINATING,9,4,13,Affine Template / Affine Template
ATVA2026_benchmark/TERM_LASSO//lasso_traces_Falkensteig-lex2withProc_true-termination.bpl/lasso_trace_4.txt,TERMINATING,"0,42","44,95","27,9","73,27",16,TERMINATING,13,4,17,Affine Template / Affine Template
ATVA2026_benchmark/TERM_LASSO//lasso_traces_fdct.t2.c/lasso_trace_1.txt,TERMINATING,"1,54","521,8","677,74","1201,08",16,TERMINATING,92,85,177,Affine Template / Affine Template
ATVA2026_benchmark/TERM_LASSO//lasso_traces_fermat.t2.c/lasso_trace_1.txt,TERMINATING,"1,99","333,01","353,18","688,18",16,TERMINATING,100,17,117,Affine Template / Affine Template
ATVA2026_benchmark/TERM_LASSO//lasso_traces_fg.bpl/lasso_trace_1.txt,TERMINATING,"1,83","25,4","31,75","58,98",5,TERMINATING,1,4,5,Affine Template / Affine Template
ATVA2026_benchmark/TERM_LASSO//lasso_traces_fibcall.t2.c/lasso_trace_1.txt,TERMINATING,"1,99","85,76","140,81","228,56",11,TERMINATING,48,13,61,Affine Template / Affine Template
ATVA2026_benchmark/TERM_LASSO//lasso_traces_fibo_5_false-unreach-call.c/lasso_trace_1.txt,TERMINATING,"2,94","100,17","105,23","208,34",6,TERMINATING,6,4,10,Affine Template / Affine Template
ATVA2026_benchmark/TERM_LASSO//lasso_traces_fibonacci.bpl/lasso_trace_1.txt,TERMINATING,"2,11","36,55","67,2","105,86",4,TERMINATING,0,3,3,Affine Template / Affine Template
ATVA2026_benchmark/TERM_LASSO//lasso_traces_fibonacci.c/lasso_trace_1.txt,TERMINATING,"1,76","38,44","46,47","86,67",4,TERMINATING,0,4,4,Affine Template / Affine Template
ATVA2026_benchmark/TERM_LASSO//lasso_traces_Fibonacci01_true-termination.c/lasso_trace_1.txt,TERMINATING,"1,81","45,96","49,07","96,84",9,TERMINATING,7,4,11,Affine Template / Affine Template
ATVA2026_benchmark/TERM_LASSO//lasso_traces_Fibonacci01_true-unreach-call.c/lasso_trace_1.txt,TERMINATING,"1,93","48,37","57,35","107,65",9,TERMINATING,7,4,11,Affine Template / Affine Template
ATVA2026_benchmark/TERM_LASSO//lasso_traces_Fibonaccinacci_big_incorrect.bpl/lasso_trace_3.txt,TERMINATING,"0,49","32,74","27,8","61,03",5,TERMINATING,2,1,3,Affine Template / Affine Template
ATVA2026_benchmark/TERM_LASSO//lasso_traces_Fibonaccinacci_big.bpl/lasso_trace_3.txt,TERMINATING,"0,69","36,62","27,93","65,24",5,TERMINATING,2,1,3,Affine Template / Affine Template
ATVA2026_benchmark/TERM_LASSO//lasso_traces_Fibonaccinacci_incorrect.bpl/lasso_trace_3.txt,TERMINATING,"0,41","33,63","32,42","66,46",5,TERMINATING,2,1,3,Affine Template / Affine Template
ATVA2026_benchmark/TERM_LASSO//lasso_traces_Fibonaccinacci.bpl/lasso_trace_3.txt,TERMINATING,"0,83","35,59","30,8","67,22",8,TERMINATING,2,1,3,Affine Template / Affine Template
ATVA2026_benchmark/TERM_LASSO//lasso_traces_figure1.wvr.bpl/lasso_trace_1.txt,TERMINATING,"3,24","77,76","78,78","159,78",10,TERMINATING,5,2,7,Affine Template / Affine Template
ATVA2026_benchmark/TERM_LASSO//lasso_traces_fir.t2.c/lasso_trace_1.txt,TERMINATING,"1,95","281,45","155,76","439,16",12,TERMINATING,48,38,86,Affine Template / Affine Template
ATVA2026_benchmark/TERM_LASSO//lasso_traces_fir.t2.c/lasso_trace_2.txt,TERMINATING,"0,38","220,42","261,59","482,39",11,TERMINATING,65,17,82,Affine Template / Affine Template
ATVA2026_benchmark/TERM_LASSO//lasso_traces_firewire.t2.c/lasso_trace_1.txt,TERMINATING,"3,22","217,18","198,07","418,47",17,TERMINATING,53,53,106,Affine Template / Affine Template
ATVA2026_benchmark/TERM_LASSO//lasso_traces_firewire.t2.c/lasso_trace_4.txt,TERMINATING,"0,36","113,55","149,15","263,06",18,TERMINATING,88,68,156,Affine Template / Affine Template
ATVA2026_benchmark/TERM_LASSO//lasso_traces_firewire.t2.c/lasso_trace_5.txt,TERMINATING,"0,53","82,12","119,05","201,7",19,TERMINATING,145,68,213,Affine Template / Affine Template
ATVA2026_benchmark/TERM_LASSO//lasso_traces_FixedIndex01-Makiivka.bpl/lasso_trace_1.txt,TERMINATING,"2,25","64,55",0,"66,8",4,TERMINATING,1,1,2,Affine Template / Affine Template
ATVA2026_benchmark/TERM_LASSO//lasso_traces_FixedIndex02-Kusmyne.bpl/lasso_trace_1.txt,TERMINATING,"2,3","72,09",0,"74,39",7,TERMINATING,1,1,2,Affine Template / Affine Template
ATVA2026_benchmark/TERM_LASSO//lasso_traces_flag_false-no-overflow_true-termination.c/lasso_trace_1.txt,TERMINATING,"2,23","3485,85","49,95","3538,03",39,TERMINATING,5,1,6,2-Phase Template / Affine Template
ATVA2026_benchmark/TERM_LASSO//lasso_traces_flag_true-termination.c/lasso_trace_1.txt,TERMINATING,"2,02","3766,24","56,91","3825,17",30,TERMINATING,7,1,8,2-Phase Template / Affine Template
ATVA2026_benchmark/TERM_LASSO//lasso_traces_flag.c/lasso_trace_1.txt,TERMINATING,"2,09","3104,5","43,63","3150,22",27,TERMINATING,1,1,2,2-Phase Template / Affine Template
ATVA2026_benchmark/TERM_LASSO//lasso_traces_for_loop.c/lasso_trace_1.txt,TERMINATING,"1,81","49,59","34,58","85,98",7,TERMINATING,5,1,6,Affine Template / Affine Template
ATVA2026_benchmark/TERM_LASSO//lasso_traces_fork_join_in_loop.bpl/lasso_trace_1.txt,TERMINATING,"2,24","47,32","44,2","93,76",9,TERMINATING,1,6,7,Affine Template / Affine Template
ATVA2026_benchmark/TERM_LASSO//lasso_traces_fork_unchanged_local_variables2.bpl/lasso_trace_1.txt,TERMINATING,"1,95","39,81","59,26","101,02",7,TERMINATING,2,8,10,Affine Template / Affine Template
ATVA2026_benchmark/TERM_LASSO//lasso_traces_ForLoopWithEmptyBody-Safe.c/lasso_trace_1.txt,TERMINATING,"1,8","61,55","52,18","115,53",7,TERMINATING,5,1,6,Affine Template / Affine Template
ATVA2026_benchmark/TERM_LASSO//lasso_traces_fourn.c.i.fourn.pl.t2.fixed.t2.c/lasso_trace_1.txt,TERMINATING,"1,84","60,29","112,67","174,8",14,TERMINATING,116,17,133,Affine Template / Affine Template
ATVA2026_benchmark/TERM_LASSO//lasso_traces_fourn.c.i.fourn.pl.t2.fixed.t2.c/lasso_trace_2.txt,TERMINATING,"0,39","184,26","255,97","440,62",21,TERMINATING,125,55,180,Affine Template / Affine Template
ATVA2026_benchmark/TERM_LASSO//lasso_traces_fourn.c.i.fourn.pl.t2.nor.t2.rlgfixed.t2.c/lasso_trace_1.txt,TERMINATING,"1,94","77,75","108,22","187,91",14,TERMINATING,116,17,133,Affine Template / Affine Template
ATVA2026_benchmark/TERM_LASSO//lasso_traces_fourn.c.i.fourn.pl.t2.nor.t2.rlgfixed.t2.c/lasso_trace_2.txt,TERMINATING,"0,38","196,1","210,07","406,55",26,TERMINATING,125,55,180,Affine Template / Affine Template
ATVA2026_benchmark/TERM_LASSO//lasso_traces_fourn.t2.c/lasso_trace_1.txt,TERMINATING,"1,82","76,7","112,46","190,98",14,TERMINATING,116,17,133,Affine Template / Affine Template
ATVA2026_benchmark/TERM_LASSO//lasso_traces_fourn.t2.c/lasso_trace_2.txt,TERMINATING,"0,47","189,54","233,09","423,1",21,TERMINATING,125,55,180,Affine Template / Affine Template
ATVA2026_benchmark/TERM_LASSO//lasso_traces_FourPhase.bpl/lasso_trace_1.txt,TERMINATING,2,"346,34","39,53","387,87",15,TERMINATING,1,1,2,4-Nested Template / 4-Nested Template
ATVA2026_benchmark/TERM_LASSO//lasso_traces_fragtest_simple.i_4.bpl/lasso_trace_1.txt,TERMINATING,"3,25","123,34","162,59","289,18",12,TERMINATING,1,2,3,Affine Template / Affine Template
ATVA2026_benchmark/TERM_LASSO//lasso_traces_fragtest_simple.i_4.bplTransformedIcfg_BEv2_5.bpl/lasso_trace_1.txt,TERMINATING,"2,12",125,"158,76","285,88",12,TERMINATING,1,2,3,Affine Template / Affine Template
ATVA2026_benchmark/TERM_LASSO//lasso_traces_fuhs-inflasso.t2.c/lasso_trace_1.txt,TERMINATING,"2,03","109,79","150,84","262,66",7,TERMINATING,24,10,34,Affine Template / Affine Template
ATVA2026_benchmark/TERM_LASSO//lasso_traces_fun1.t2.c/lasso_trace_4.txt,TERMINATING,"1,87","110,04","170,36","282,27",31,TERMINATING,107,184,291,Affine Template / Affine Template
ATVA2026_benchmark/TERM_LASSO//lasso_traces_fun1.t2.c/lasso_trace_5.txt,TERMINATING,"0,49","118,21","91,72","210,42",29,TERMINATING,110,184,294,Affine Template / Affine Template
ATVA2026_benchmark/TERM_LASSO//lasso_traces_fun1.t2.c/lasso_trace_6.txt,TERMINATING,"0,43","187,17","264,03","451,63",29,TERMINATING,114,184,298,Affine Template / Affine Template
ATVA2026_benchmark/TERM_LASSO//lasso_traces_fun1.t2.c/lasso_trace_8.txt,TERMINATING,"0,66","67,45","94,54","162,65",46,TERMINATING,130,187,317,Affine Template / Affine Template
ATVA2026_benchmark/TERM_LASSO//lasso_traces_fun1.t2.c/lasso_trace_9.txt,TERMINATING,"0,75","406,86","204,94","612,55",43,TERMINATING,134,187,321,Affine Template / Affine Template
ATVA2026_benchmark/TERM_LASSO//lasso_traces_fun1b.t2.c/lasso_trace_4.txt,TERMINATING,"1,84","387,3","310,4","699,54",31,TERMINATING,115,184,299,Affine Template / Affine Template
ATVA2026_benchmark/TERM_LASSO//lasso_traces_fun2.t2.c/lasso_trace_10.txt,TERMINATING,"0,65","432,34","395,79","828,78",43,TERMINATING,230,204,434,Affine Template / Affine Template
ATVA2026_benchmark/TERM_LASSO//lasso_traces_fun2.t2.c/lasso_trace_4.txt,TERMINATING,"1,99","121,81","175,55","299,35",28,TERMINATING,107,184,291,Affine Template / Affine Template
ATVA2026_benchmark/TERM_LASSO//lasso_traces_fun2.t2.c/lasso_trace_5.txt,TERMINATING,"0,51","243,59","253,07","497,17",28,TERMINATING,110,184,294,Affine Template / Affine Template
ATVA2026_benchmark/TERM_LASSO//lasso_traces_fun2.t2.c/lasso_trace_7.txt,TERMINATING,"0,77",82,"165,81","248,58",46,TERMINATING,137,184,321,Affine Template / Affine Template
ATVA2026_benchmark/TERM_LASSO//lasso_traces_fun2.t2.c/lasso_trace_8.txt,TERMINATING,"0,9","572,9","704,79","1278,59",43,TERMINATING,170,187,357,Affine Template / Affine Template
ATVA2026_benchmark/TERM_LASSO//lasso_traces_fun2b.t2.c/lasso_trace_11.txt,TERMINATING,"0,84","254,91","425,7","681,45",40,TERMINATING,230,204,434,Affine Template / Affine Template
ATVA2026_benchmark/TERM_LASSO//lasso_traces_fun2b.t2.c/lasso_trace_12.txt,TERMINATING,"0,78","85,41","250,54","336,73",44,TERMINATING,278,190,468,Affine Template / Affine Template
ATVA2026_benchmark/TERM_LASSO//lasso_traces_fun2b.t2.c/lasso_trace_13.txt,TERMINATING,"0,77","215,47","234,63","450,87",48,TERMINATING,329,187,516,Affine Template / Affine Template
ATVA2026_benchmark/TERM_LASSO//lasso_traces_fun2b.t2.c/lasso_trace_14.txt,TERMINATING,"2,02","102,3","41,25","145,57",61,TERMINATING,333,191,524,Affine Template / Affine Template
ATVA2026_benchmark/TERM_LASSO//lasso_traces_fun2b.t2.c/lasso_trace_4.txt,TERMINATING,"1,85","169,21","235,79","406,85",28,TERMINATING,107,184,291,Affine Template / Affine Template
ATVA2026_benchmark/TERM_LASSO//lasso_traces_fun2b.t2.c/lasso_trace_5.txt,TERMINATING,"0,56","153,67","209,14","363,37",28,TERMINATING,110,184,294,Affine Template / Affine Template
ATVA2026_benchmark/TERM_LASSO//lasso_traces_fun2b.t2.c/lasso_trace_6.txt,TERMINATING,"0,47","58,3","69,62","128,39",30,TERMINATING,114,184,298,Affine Template / Affine Template
ATVA2026_benchmark/TERM_LASSO//lasso_traces_fun2b.t2.c/lasso_trace_8.txt,TERMINATING,"0,73","230,85","412,22","643,8",48,TERMINATING,133,187,320,Affine Template / Affine Template
ATVA2026_benchmark/TERM_LASSO//lasso_traces_fun2b.t2.c/lasso_trace_9.txt,TERMINATING,"0,84","91,24","52,1","144,18",38,TERMINATING,170,187,357,Affine Template / Affine Template
ATVA2026_benchmark/TERM_LASSO//lasso_traces_fun3.t2.c/lasso_trace_10.txt,TERMINATING,"0,75","422,89","404,13","827,77",46,TERMINATING,230,204,434,Affine Template / Affine Template
ATVA2026_benchmark/TERM_LASSO//lasso_traces_fun3.t2.c/lasso_trace_4.txt,TERMINATING,"1,8","109,05","169,05","279,9",29,TERMINATING,107,184,291,Affine Template / Affine Template
ATVA2026_benchmark/TERM_LASSO//lasso_traces_fun3.t2.c/lasso_trace_5.txt,TERMINATING,"0,53","195,61","208,71","404,85",30,TERMINATING,110,184,294,Affine Template / Affine Template
ATVA2026_benchmark/TERM_LASSO//lasso_traces_fun3.t2.c/lasso_trace_7.txt,TERMINATING,"0,79","68,39","129,97","199,15",51,TERMINATING,137,184,321,Affine Template / Affine Template
ATVA2026_benchmark/TERM_LASSO//lasso_traces_fun3.t2.c/lasso_trace_8.txt,TERMINATING,"0,75","571,7","708,93","1281,38",39,TERMINATING,170,187,357,Affine Template / Affine Template
ATVA2026_benchmark/TERM_LASSO//lasso_traces_fun4-alt.t2.c/lasso_trace_1.txt,TERMINATING,"1,84","55,49","98,44","155,77",7,TERMINATING,28,9,37,Affine Template / Affine Template
ATVA2026_benchmark/TERM_LASSO//lasso_traces_fun4-alt.t2.c/lasso_trace_2.txt,TERMINATING,"0,65","128,95","140,24","269,84",20,TERMINATING,35,13,48,Affine Template / Affine Template
ATVA2026_benchmark/TERM_LASSO//lasso_traces_fun4.t2.c/lasso_trace_3.txt,TERMINATING,"1,86","133,85","181,88","317,59",7,TERMINATING,32,22,54,Affine Template / Affine Template
ATVA2026_benchmark/TERM_LASSO//lasso_traces_fun4.t2.c/lasso_trace_4.txt,TERMINATING,"0,48","118,37","116,08","234,93",26,TERMINATING,48,22,70,Affine Template / Affine Template
ATVA2026_benchmark/TERM_LASSO//lasso_traces_fun5.t2.c/lasso_trace_10.txt,TERMINATING,"0,49","178,59","282,65","461,73",35,TERMINATING,86,32,118,Affine Template / Affine Template
ATVA2026_benchmark/TERM_LASSO//lasso_traces_fun5.t2.c/lasso_trace_11.txt,TERMINATING,"0,3","197,2","214,09","411,59",13,TERMINATING,87,36,123,Affine Template / Affine Template
ATVA2026_benchmark/TERM_LASSO//lasso_traces_fun5.t2.c/lasso_trace_4.txt,TERMINATING,"2,09","151,49","149,44","303,02",13,TERMINATING,48,32,80,Affine Template / Affine Template
ATVA2026_benchmark/TERM_LASSO//lasso_traces_fun5.t2.c/lasso_trace_5.txt,TERMINATING,"0,67","206,35","239,92","446,94",14,TERMINATING,75,32,107,Affine Template / Affine Template
ATVA2026_benchmark/TERM_LASSO//lasso_traces_fun5.t2.c/lasso_trace_9.txt,TERMINATING,"0,47","98,4","130,47","229,34",15,TERMINATING,82,39,121,Affine Template / Affine Template
ATVA2026_benchmark/TERM_LASSO//lasso_traces_fun8.t2.c/lasso_trace_1.txt,TERMINATING,"2,16","303,3","407,55","713,01",22,TERMINATING,149,18,167,Affine Template / Affine Template
ATVA2026_benchmark/TERM_LASSO//lasso_traces_fun9.t2.c/lasso_trace_1.txt,TERMINATING,"1,58","263,02","413,34","677,94",20,TERMINATING,72,126,198,Affine Template / Affine Template
ATVA2026_benchmark/TERM_LASSO//lasso_traces_fun9.t2.c/lasso_trace_2.txt,TERMINATING,"0,48","186,85","220,96","408,29",50,TERMINATING,75,138,213,Affine Template / Affine Template
ATVA2026_benchmark/TERM_LASSO//lasso_traces_functions1.i_3.bplTransformedIcfg_BEv2_8.bpl/lasso_trace_1.txt,TERMINATING,"2,64","68,14","33,48","104,26",4,TERMINATING,1,1,2,Affine Template / Affine Template
ATVA2026_benchmark/TERM_LASSO//lasso_traces_Garmisch.bpl/lasso_trace_1.txt,TERMINATING,"2,14","48,41","39,6","90,15",4,TERMINATING,1,1,2,Affine Template / Affine Template
ATVA2026_benchmark/TERM_LASSO//lasso_traces_gauss_sum.i_3.bpl/lasso_trace_1.txt,TERMINATING,"2,21","81,36","80,48","164,05",6,TERMINATING,1,1,2,Affine Template / Affine Template
ATVA2026_benchmark/TERM_LASSO//lasso_traces_gauss_sum.i_3.bplTransformedIcfg_BEv2_3.bpl/lasso_trace_1.txt,TERMINATING,"2,15","78,66","74,02","154,83",6,TERMINATING,1,1,2,Affine Template / Affine Template
ATVA2026_benchmark/TERM_LASSO//lasso_traces_Gauss.bpl/lasso_trace_1.txt,TERMINATING,"2,18","46,87","34,3","83,35",7,TERMINATING,1,1,2,Affine Template / Affine Template
ATVA2026_benchmark/TERM_LASSO//lasso_traces_Gcd_havoc.bpl/lasso_trace_1.txt,TERMINATING,"2,12",77,"38,15","117,27",9,TERMINATING,1,1,2,Affine Template / Affine Template
ATVA2026_benchmark/TERM_LASSO//lasso_traces_Gcd.bpl/lasso_trace_1.txt,TERMINATING,"2,31","68,43","37,86","108,6",8,TERMINATING,1,1,2,Affine Template / Affine Template
ATVA2026_benchmark/TERM_LASSO//lasso_traces_gcd01_true-termination.c/lasso_trace_1.txt,TERMINATING,"1,62","101,32","92,6","195,54",8,TERMINATING,8,5,13,Affine Template / Affine Template
ATVA2026_benchmark/TERM_LASSO//lasso_traces_gcd01_true-termination.c/lasso_trace_2.txt,TERMINATING,"0,43","120,19","134,94","255,56",9,TERMINATING,9,5,14,Affine Template / Affine Template
ATVA2026_benchmark/TERM_LASSO//lasso_traces_gcd01_true-termination.c/lasso_trace_3.txt,TERMINATING,"0,32","103,41","105,61","209,34",10,TERMINATING,14,5,19,Affine Template / Affine Template
ATVA2026_benchmark/TERM_LASSO//lasso_traces_gcd01_true-unreach-call_true-termination.c/lasso_trace_1.txt,TERMINATING,"1,84","99,62","92,25","193,71",10,TERMINATING,8,5,13,Affine Template / Affine Template
ATVA2026_benchmark/TERM_LASSO//lasso_traces_gcd01_true-unreach-call_true-termination.c/lasso_trace_2.txt,TERMINATING,"0,46","113,43","129,22","243,11",12,TERMINATING,9,5,14,Affine Template / Affine Template
ATVA2026_benchmark/TERM_LASSO//lasso_traces_gcd01_true-unreach-call_true-termination.c/lasso_trace_3.txt,TERMINATING,"0,72","98,19","101,02","199,93",12,TERMINATING,14,5,19,Affine Template / Affine Template
ATVA2026_benchmark/TERM_LASSO//lasso_traces_gcd1_no-overflow.c/lasso_trace_1.txt,TERMINATING,"2,71","69,49","34,95","107,15",10,TERMINATING,5,2,7,Affine Template / Affine Template
ATVA2026_benchmark/TERM_LASSO//lasso_traces_gcd1_no-overflow.c/lasso_trace_2.txt,TERMINATING,"1,03","63,88","28,95","93,86",8,TERMINATING,6,1,7,Affine Template / Affine Template
ATVA2026_benchmark/TERM_LASSO//lasso_traces_gcd1_no-overflow.c/lasso_trace_3.txt,TERMINATING,"0,36","40,33","57,37","98,06",7,TERMINATING,8,1,9,Affine Template / Affine Template
ATVA2026_benchmark/TERM_LASSO//lasso_traces_gcd1_true-termination.c/lasso_trace_1.txt,TERMINATING,"1,7","69,99","35,88","107,57",11,TERMINATING,5,2,7,Affine Template / Affine Template
ATVA2026_benchmark/TERM_LASSO//lasso_traces_gcd1_true-termination.c/lasso_trace_2.txt,TERMINATING,"0,58","60,96","30,7","92,24",8,TERMINATING,6,1,7,Affine Template / Affine Template
ATVA2026_benchmark/TERM_LASSO//lasso_traces_gcd1_true-termination.c/lasso_trace_3.txt,TERMINATING,"0,32","37,32","53,48","91,12",7,TERMINATING,8,1,9,Affine Template / Affine Template
ATVA2026_benchmark/TERM_LASSO//lasso_traces_gcd1.c/lasso_trace_1.txt,TERMINATING,"1,8","66,08","35,7","103,58",12,TERMINATING,5,2,7,Affine Template / Affine Template
ATVA2026_benchmark/TERM_LASSO//lasso_traces_gcd1.c/lasso_trace_2.txt,TERMINATING,"0,59","62,22","34,54","97,35",8,TERMINATING,6,1,7,Affine Template / Affine Template
ATVA2026_benchmark/TERM_LASSO//lasso_traces_gcd1.c/lasso_trace_3.txt,TERMINATING,"0,39","40,26","56,44","97,09",7,TERMINATING,8,1,9,Affine Template / Affine Template
ATVA2026_benchmark/TERM_LASSO//lasso_traces_GCD3_no-overflow.c/lasso_trace_2.txt,TERMINATING,"2,62","134,99","103,13","240,74",9,TERMINATING,5,4,9,Affine Template / Affine Template
ATVA2026_benchmark/TERM_LASSO//lasso_traces_GCD3_no-overflow.c/lasso_trace_3.txt,TERMINATING,"0,6","96,7","104,55","201,85",7,TERMINATING,7,1,8,Affine Template / Affine Template
ATVA2026_benchmark/TERM_LASSO//lasso_traces_GCD3_no-overflow.c/lasso_trace_4.txt,TERMINATING,"0,37","87,73","100,86","188,96",7,TERMINATING,11,1,12,Affine Template / Affine Template
ATVA2026_benchmark/TERM_LASSO//lasso_traces_GCD3.c/lasso_trace_2.txt,TERMINATING,"1,65","127,17","99,17","227,99",9,TERMINATING,5,4,9,Affine Template / Affine Template
ATVA2026_benchmark/TERM_LASSO//lasso_traces_GCD3.c/lasso_trace_3.txt,TERMINATING,"0,48","102,66","91,85","194,99",7,TERMINATING,7,1,8,Affine Template / Affine Template
ATVA2026_benchmark/TERM_LASSO//lasso_traces_GCD3.c/lasso_trace_4.txt,TERMINATING,"0,37","85,76","93,73","179,86",7,TERMINATING,11,1,12,Affine Template / Affine Template
ATVA2026_benchmark/TERM_LASSO//lasso_traces_GCD4_no-overflow.c/lasso_trace_1.txt,TERMINATING,"2,02","76,44","78,98","157,44",9,TERMINATING,5,2,7,Affine Template / Affine Template
ATVA2026_benchmark/TERM_LASSO//lasso_traces_GCD4_no-overflow.c/lasso_trace_2.txt,TERMINATING,"0,43","98,96","45,64","145,03",7,TERMINATING,7,1,8,Affine Template / Affine Template
ATVA2026_benchmark/TERM_LASSO//lasso_traces_GCD4_no-overflow.c/lasso_trace_4.txt,TERMINATING,"0,47","43,34","102,35","146,16",8,TERMINATING,8,3,11,Affine Template / Affine Template
ATVA2026_benchmark/TERM_LASSO//lasso_traces_GCD4_no-overflow.c/lasso_trace_5.txt,TERMINATING,"0,38","61,15","67,06","128,59",8,TERMINATING,9,1,10,Affine Template / Affine Template
ATVA2026_benchmark/TERM_LASSO//lasso_traces_GCD4.c/lasso_trace_1.txt,TERMINATING,"2,11","80,53","82,59","165,23",9,TERMINATING,5,2,7,Affine Template / Affine Template
ATVA2026_benchmark/TERM_LASSO//lasso_traces_GCD4.c/lasso_trace_2.txt,TERMINATING,"0,43","99,2","43,18","142,81",8,TERMINATING,7,1,8,Affine Template / Affine Template
ATVA2026_benchmark/TERM_LASSO//lasso_traces_GCD4.c/lasso_trace_4.txt,TERMINATING,"0,44","43,56","111,1","155,1",8,TERMINATING,8,3,11,Affine Template / Affine Template
ATVA2026_benchmark/TERM_LASSO//lasso_traces_GCD4.c/lasso_trace_5.txt,TERMINATING,"0,34","61,18","62,71","124,23",8,TERMINATING,9,1,10,Affine Template / Affine Template
ATVA2026_benchmark/TERM_LASSO//lasso_traces_GcdNew.bpl/lasso_trace_1.txt,TERMINATING,"2,14","66,37","35,68","104,19",7,TERMINATING,1,1,2,Affine Template / Affine Template
ATVA2026_benchmark/TERM_LASSO//lasso_traces_genady_no-overflow.c/lasso_trace_1.txt,TERMINATING,"1,85","92,76","74,73","169,34",9,TERMINATING,5,1,6,Affine Template / Affine Template
ATVA2026_benchmark/TERM_LASSO//lasso_traces_genady_true-termination.c/lasso_trace_1.txt,TERMINATING,"2,31","84,62","87,45","174,38",8,TERMINATING,5,1,6,Affine Template / Affine Template
ATVA2026_benchmark/TERM_LASSO//lasso_traces_genady.c/lasso_trace_1.txt,TERMINATING,"1,96","98,5","74,09","174,55",8,TERMINATING,5,1,6,Affine Template / Affine Template
ATVA2026_benchmark/TERM_LASSO//lasso_traces_gj2007.c.i_4.bpl/lasso_trace_1.txt,TERMINATING,"2,24","89,51","36,18","127,93",9,TERMINATING,1,2,3,Affine Template / Affine Template
ATVA2026_benchmark/TERM_LASSO//lasso_traces_gj2007.c.i_4.bplTransformedIcfg_BEv2_3.bpl/lasso_trace_1.txt,TERMINATING,"2,6","95,52","37,12","135,24",9,TERMINATING,1,1,2,Affine Template / Affine Template
ATVA2026_benchmark/TERM_LASSO//lasso_traces_GoannaDoubleFreeInt.c/lasso_trace_1.txt,TERMINATING,"1,95","217,93","54,89","274,77",18,TERMINATING,1,4,5,Affine Template / Affine Template
ATVA2026_benchmark/TERM_LASSO//lasso_traces_GoannaDoubleFreeWithoutPointers.bpl/lasso_trace_1.txt,TERMINATING,"2,04","143,14","33,74","178,92",14,TERMINATING,1,2,3,Affine Template / Affine Template
ATVA2026_benchmark/TERM_LASSO//lasso_traces_GoannaDoubleFreeWithoutPointers.c/lasso_trace_1.txt,TERMINATING,"1,81","193,34","77,99","273,14",18,TERMINATING,5,2,7,Affine Template / Affine Template
ATVA2026_benchmark/TERM_LASSO//lasso_traces_GopanReps-CAV2006-Fig1a_no-overflow.c/lasso_trace_1.txt,TERMINATING,"1,93","1327,59","64,83","1394,35",13,TERMINATING,5,1,6,2-Phase Template / Affine Template
ATVA2026_benchmark/TERM_LASSO//lasso_traces_GopanReps-CAV2006-Fig1a_true-termination.c.c/lasso_trace_1.txt,TERMINATING,"1,79","1160,26","65,26","1227,31",12,TERMINATING,5,1,6,2-Phase Template / Affine Template
ATVA2026_benchmark/TERM_LASSO//lasso_traces_GopanReps-CAV2006-Fig1a.c/lasso_trace_1.txt,TERMINATING,"3,12","1293,21","70,56","1366,89",12,TERMINATING,5,1,6,2-Phase Template / Affine Template
ATVA2026_benchmark/TERM_LASSO//lasso_traces_gotoLoop.bpl/lasso_trace_1.txt,TERMINATING,"2,12","58,85","40,53","101,5",4,TERMINATING,1,1,2,Affine Template / Affine Template
ATVA2026_benchmark/TERM_LASSO//lasso_traces_gr2006.c.i_4.bpl/lasso_trace_1.txt,TERMINATING,"2,47","1120,94","42,05","1165,46",11,TERMINATING,1,2,3,2-Phase Template / Affine Template
ATVA2026_benchmark/TERM_LASSO//lasso_traces_gr2006.c.i_4.bplTransformedIcfg_BEv2_3.bpl/lasso_trace_1.txt,TERMINATING,"2,37","1105,15","39,46","1146,98",12,TERMINATING,1,2,3,2-Phase Template / Affine Template
ATVA2026_benchmark/TERM_LASSO//lasso_traces_graycode.t2.c/lasso_trace_1.txt,TERMINATING,"1,69","97,96","94,48","194,13",10,TERMINATING,64,13,77,Affine Template / Affine Template
ATVA2026_benchmark/TERM_LASSO//lasso_traces_GulavaniGulwani-CAV2008-Fig1a_no-overflow.c/lasso_trace_1.txt,TERMINATING,"2,13","129,56","72,35","204,04",20,TERMINATING,5,1,6,Affine Template / Affine Template
ATVA2026_benchmark/TERM_LASSO//lasso_traces_GulavaniGulwani-CAV2008-Fig1a_true-termination.c/lasso_trace_1.txt,TERMINATING,"2,05","130,23","66,94","199,22",21,TERMINATING,5,1,6,Affine Template / Affine Template
ATVA2026_benchmark/TERM_LASSO//lasso_traces_GulavaniGulwani-CAV2008-Fig1a.c/lasso_trace_1.txt,TERMINATING,"2,05","124,91","65,97","192,93",21,TERMINATING,5,1,6,Affine Template / Affine Template
ATVA2026_benchmark/TERM_LASSO//lasso_traces_GulavaniGulwani-CAV2008-Fig1b_no-overflow.c/lasso_trace_1.txt,TERMINATING,"2,01","75,48","47,15","124,64",9,TERMINATING,5,1,6,Affine Template / Affine Template
ATVA2026_benchmark/TERM_LASSO//lasso_traces_GulavaniGulwani-CAV2008-Fig1b_no-overflow.c/lasso_trace_2.txt,TERMINATING,"0,45","135,74","164,8","300,99",9,TERMINATING,6,1,7,Affine Template / Affine Template
ATVA2026_benchmark/TERM_LASSO//lasso_traces_GulavaniGulwani-CAV2008-Fig1b_true-termination.c/lasso_trace_1.txt,TERMINATING,"1,97","65,61","47,04","114,62",9,TERMINATING,5,1,6,Affine Template / Affine Template
ATVA2026_benchmark/TERM_LASSO//lasso_traces_GulavaniGulwani-CAV2008-Fig1b_true-termination.c/lasso_trace_2.txt,TERMINATING,"0,47","121,82","157,05","279,34",9,TERMINATING,6,1,7,Affine Template / Affine Template
ATVA2026_benchmark/TERM_LASSO//lasso_traces_GulavaniGulwani-CAV2008-Fig1b.c/lasso_trace_1.txt,TERMINATING,"2,54","61,31","47,44","111,29",10,TERMINATING,5,1,6,Affine Template / Affine Template
ATVA2026_benchmark/TERM_LASSO//lasso_traces_GulavaniGulwani-CAV2008-Fig1b.c/lasso_trace_2.txt,TERMINATING,"0,43","131,64","162,33","294,4",14,TERMINATING,6,1,7,Affine Template / Affine Template
ATVA2026_benchmark/TERM_LASSO//lasso_traces_GulavaniGulwani-CAV2008-Fig1c_no-overflow.c/lasso_trace_1.txt,TERMINATING,"2,23","72,52","49,19","123,94",9,TERMINATING,5,1,6,Affine Template / Affine Template
ATVA2026_benchmark/TERM_LASSO//lasso_traces_GulavaniGulwani-CAV2008-Fig1c_true-termination.c/lasso_trace_1.txt,TERMINATING,"2,66","76,25","50,29","129,2",9,TERMINATING,5,1,6,Affine Template / Affine Template
ATVA2026_benchmark/TERM_LASSO//lasso_traces_GulavaniGulwani-CAV2008-Fig1c.c/lasso_trace_1.txt,TERMINATING,"2,26","63,15","51,21","116,62",9,TERMINATING,5,1,6,Affine Template / Affine Template
ATVA2026_benchmark/TERM_LASSO//lasso_traces_GulwaniResetBranchOnly.bpl/lasso_trace_1.txt,TERMINATING,"3,79","90,01","43,11","136,91",10,TERMINATING,1,1,2,Affine Template / Affine Template
ATVA2026_benchmark/TERM_LASSO//lasso_traces_half_2.i_3.bpl/lasso_trace_1.txt,TERMINATING,"2,1",116,102,"220,1",7,TERMINATING,1,1,2,Affine Template / Affine Template
ATVA2026_benchmark/TERM_LASSO//lasso_traces_half_2.i_3.bplTransformedIcfg_BEv2_5.bpl/lasso_trace_1.txt,TERMINATING,"2,59","135,91","100,74","239,24",7,TERMINATING,1,1,2,Affine Template / Affine Template
ATVA2026_benchmark/TERM_LASSO//lasso_traces_half.i_3.bpl/lasso_trace_1.txt,TERMINATING,"2,27","98,96","81,32","182,55",8,TERMINATING,1,1,2,Affine Template / Affine Template
ATVA2026_benchmark/TERM_LASSO//lasso_traces_half.i_3.bplTransformedIcfg_BEv2_4.bpl/lasso_trace_1.txt,TERMINATING,"2,19","103,83","85,56","191,58",6,TERMINATING,1,1,2,Affine Template / Affine Template
ATVA2026_benchmark/TERM_LASSO//lasso_traces_half.i_4.bpl/lasso_trace_1.txt,TERMINATING,"2,01","112,66","46,49","161,16",13,TERMINATING,1,2,3,Affine Template / Affine Template
ATVA2026_benchmark/TERM_LASSO//lasso_traces_Hanoi.bpl/lasso_trace_1.txt,TERMINATING,"1,58","131,54","151,79","284,91",17,TERMINATING,0,5,5,Affine Template / Affine Template
ATVA2026_benchmark/TERM_LASSO//lasso_traces_HarrisLalNoriRajamani-SAS2010-Fig3_no-overflow.c/lasso_trace_1.txt,TERMINATING,"2,3","69,53","35,63","107,46",5,TERMINATING,5,5,10,Affine Template / Affine Template
ATVA2026_benchmark/TERM_LASSO//lasso_traces_HarrisLalNoriRajamani-SAS2010-Fig3_true-termination.c/lasso_trace_1.txt,TERMINATING,"1,8","67,76","36,17","105,73",6,TERMINATING,5,5,10,Affine Template / Affine Template
ATVA2026_benchmark/TERM_LASSO//lasso_traces_HarrisLalNoriRajamani-SAS2010-Fig3.c/lasso_trace_1.txt,TERMINATING,"1,91","57,58","30,58","90,07",5,TERMINATING,5,5,10,Affine Template / Affine Template
ATVA2026_benchmark/TERM_LASSO//lasso_traces_havocAndDecrese2vars.bpl/lasso_trace_1.txt,TERMINATING,"1,84","26,48","35,16","63,48",4,TERMINATING,0,1,1,Affine Template / Affine Template
ATVA2026_benchmark/TERM_LASSO//lasso_traces_HavocRange01-Lutsk.bpl/lasso_trace_1.txt,TERMINATING,"2,01","183,45",0,"185,46",20,TERMINATING,1,1,2,Affine Template / Affine Template
ATVA2026_benchmark/TERM_LASSO//lasso_traces_HavocRange02-Kovel.bpl/lasso_trace_1.txt,TERMINATING,"2,04","187,2",0,"189,24",19,TERMINATING,1,1,2,Affine Template / Affine Template
ATVA2026_benchmark/TERM_LASSO//lasso_traces_HavocRange03-Ratne.bpl/lasso_trace_1.txt,TERMINATING,"2,21",200,0,"202,21",21,TERMINATING,1,1,2,Affine Template / Affine Template
ATVA2026_benchmark/TERM_LASSO//lasso_traces_HavocRange04-Kortelisy.bpl/lasso_trace_1.txt,TERMINATING,"1,93","203,82",0,"205,75",24,TERMINATING,1,1,2,Affine Template / Affine Template
ATVA2026_benchmark/TERM_LASSO//lasso_traces_HavocRange05-Varash.bpl/lasso_trace_1.txt,TERMINATING,"2,35","187,1",0,"189,45",18,TERMINATING,1,1,2,Affine Template / Affine Template
ATVA2026_benchmark/TERM_LASSO//lasso_traces_heidy10.t2.c/lasso_trace_1.txt,TERMINATING,"1,64","50,54","43,66","95,84",6,TERMINATING,20,18,38,Affine Template / Affine Template
ATVA2026_benchmark/TERM_LASSO//lasso_traces_heidy10.t2.c/lasso_trace_2.txt,TERMINATING,"0,4","86,51","76,6","163,51",6,TERMINATING,29,9,38,Affine Template / Affine Template
ATVA2026_benchmark/TERM_LASSO//lasso_traces_heidy10.t2.c/lasso_trace_3.txt,TERMINATING,"0,31","94,7","89,07","184,08",7,TERMINATING,47,9,56,Affine Template / Affine Template
ATVA2026_benchmark/TERM_LASSO//lasso_traces_heidy3.t2.c/lasso_trace_1.txt,TERMINATING,"1,86","111,46","123,82","237,14",5,TERMINATING,20,9,29,Affine Template / Affine Template
ATVA2026_benchmark/TERM_LASSO//lasso_traces_heidy5.t2.c/lasso_trace_1.txt,TERMINATING,"1,95","52,42","36,56","90,93",7,TERMINATING,29,13,42,Affine Template / Affine Template
ATVA2026_benchmark/TERM_LASSO//lasso_traces_heidy6.t2.c/lasso_trace_1.txt,TERMINATING,"1,71","110,09","119,82","231,62",6,TERMINATING,29,13,42,Affine Template / Affine Template
ATVA2026_benchmark/TERM_LASSO//lasso_traces_heidy7-simple.t2.c/lasso_trace_1.txt,TERMINATING,"1,75","69,75",138,"209,5",6,TERMINATING,24,17,41,Affine Template / Affine Template
ATVA2026_benchmark/TERM_LASSO//lasso_traces_heidy7.t2.c/lasso_trace_1.txt,TERMINATING,"1,92","78,65","46,07","126,64",6,TERMINATING,24,18,42,Affine Template / Affine Template
ATVA2026_benchmark/TERM_LASSO//lasso_traces_heidy8.t2.c/lasso_trace_1.txt,TERMINATING,"2,02","113,22","124,47","239,71",7,TERMINATING,32,18,50,Affine Template / Affine Template
ATVA2026_benchmark/TERM_LASSO//lasso_traces_heidy9.t2.c/lasso_trace_1.txt,TERMINATING,"1,83","95,78","84,66","182,27",6,TERMINATING,20,13,33,Affine Template / Affine Template
ATVA2026_benchmark/TERM_LASSO//lasso_traces_HeizmannHoenickeLeikePodelski-ATVA2013-Fig1_no-overflow.c/lasso_trace_1.txt,TERMINATING,"2,27","149,85","88,59","240,71",8,TERMINATING,5,1,6,Affine Template / Affine Template
ATVA2026_benchmark/TERM_LASSO//lasso_traces_HeizmannHoenickeLeikePodelski-ATVA2013-Fig1_true-termination.c/lasso_trace_1.txt,TERMINATING,"1,83","76,66","63,8","142,29",7,TERMINATING,5,1,6,Affine Template / Affine Template
ATVA2026_benchmark/TERM_LASSO//lasso_traces_HeizmannHoenickeLeikePodelski-ATVA2013-Fig1.c/lasso_trace_1.txt,TERMINATING,"1,88","74,9","67,85","144,63",8,TERMINATING,5,1,6,Affine Template / Affine Template
ATVA2026_benchmark/TERM_LASSO//lasso_traces_HeizmannHoenickeLeikePodelski-ATVA2013-Fig4_no-overflow.c/lasso_trace_1.txt,TERMINATING,"2,31","83,72","46,77","132,8",8,TERMINATING,5,1,6,Affine Template / Affine Template
ATVA2026_benchmark/TERM_LASSO//lasso_traces_HeizmannHoenickeLeikePodelski-ATVA2013-Fig4_true-termination.c/lasso_trace_1.txt,TERMINATING,"2,04","68,47","35,52","106,03",7,TERMINATING,5,1,6,Affine Template / Affine Template
ATVA2026_benchmark/TERM_LASSO//lasso_traces_HeizmannHoenickeLeikePodelski-ATVA2013-Fig4.c/lasso_trace_1.txt,TERMINATING,"1,93","72,51","36,19","110,63",9,TERMINATING,5,1,6,Affine Template / Affine Template
ATVA2026_benchmark/TERM_LASSO//lasso_traces_HeizmannHoenickeLeikePodelski-ATVA2013-Fig6_no-overflow.c/lasso_trace_1.txt,TERMINATING,"6,91","145,24","91,67","243,82",8,TERMINATING,5,1,6,Affine Template / Affine Template
ATVA2026_benchmark/TERM_LASSO//lasso_traces_HeizmannHoenickeLeikePodelski-ATVA2013-Fig6_true-termination.c/lasso_trace_1.txt,TERMINATING,"1,95","84,33","69,07","155,35",11,TERMINATING,5,1,6,Affine Template / Affine Template
ATVA2026_benchmark/TERM_LASSO//lasso_traces_HeizmannHoenickeLeikePodelski-ATVA2013-Fig6.c/lasso_trace_1.txt,TERMINATING,"1,88","94,92","73,78","170,58",8,TERMINATING,5,1,6,Affine Template / Affine Template
ATVA2026_benchmark/TERM_LASSO//lasso_traces_HeizmannHoenickeLeikePodelski-ATVA2013-Fig8_no-overflow.c/lasso_trace_1.txt,TERMINATING,"2,22","77,53","62,45","142,2",7,TERMINATING,6,1,7,Affine Template / Affine Template
ATVA2026_benchmark/TERM_LASSO//lasso_traces_HeizmannHoenickeLeikePodelski-ATVA2013-Fig8_true-termination.c/lasso_trace_1.txt,TERMINATING,"1,88","53,5","59,67","115,05",7,TERMINATING,6,1,7,Affine Template / Affine Template
ATVA2026_benchmark/TERM_LASSO//lasso_traces_HeizmannHoenickeLeikePodelski-ATVA2013-Fig8.c/lasso_trace_1.txt,TERMINATING,"2,02","67,09","60,92","130,03",7,TERMINATING,6,1,7,Affine Template / Affine Template
ATVA2026_benchmark/TERM_LASSO//lasso_traces_HeizmannHoenickeLeikePodelski-ATVA2013-Fig9_no-overflow.c/lasso_trace_1.txt,TERMINATING,"0,9","110,2","81,01","192,11",11,TERMINATING,7,1,8,Affine Template / Affine Template
ATVA2026_benchmark/TERM_LASSO//lasso_traces_HeizmannHoenickeLeikePodelski-ATVA2013-Fig9_true-termination.c/lasso_trace_1.txt,TERMINATING,"0,69","54,45","61,51","116,65",8,TERMINATING,7,1,8,Affine Template / Affine Template
ATVA2026_benchmark/TERM_LASSO//lasso_traces_HeizmannHoenickeLeikePodelski-ATVA2013-Fig9.c/lasso_trace_1.txt,TERMINATING,"0,52","58,36","57,78","116,66",8,TERMINATING,7,1,8,Affine Template / Affine Template
ATVA2026_benchmark/TERM_LASSO//lasso_traces_hhk2008.c.i_3.bpl/lasso_trace_1.txt,TERMINATING,"2,46","58,8","35,41","96,67",9,TERMINATING,1,1,2,Affine Template / Affine Template
ATVA2026_benchmark/TERM_LASSO//lasso_traces_hhk2008.c.i_3.bplTransformedIcfg_BEv2_3.bpl/lasso_trace_1.txt,TERMINATING,"2,31","47,57","34,52","84,4",7,TERMINATING,1,1,2,Affine Template / Affine Template
ATVA2026_benchmark/TERM_LASSO//lasso_traces_HiddenEqualityWithBranches.bpl/lasso_trace_4.txt,TERMINATING,"0,32","29,93","30,02","60,27",9,TERMINATING,5,2,7,Affine Template / Affine Template
ATVA2026_benchmark/TERM_LASSO//lasso_traces_HiddenInequality.bpl/lasso_trace_1.txt,TERMINATING,"2,26","59,1","34,28","95,64",5,TERMINATING,1,1,2,Affine Template / Affine Template
ATVA2026_benchmark/TERM_LASSO//lasso_traces_hoist_call.c/lasso_trace_1.txt,TERMINATING,"2,01","176,17","64,07","242,25",15,TERMINATING,1,5,6,Affine Template / Affine Template
ATVA2026_benchmark/TERM_LASSO//lasso_traces_hongyi1.t2.c/lasso_trace_3.txt,TERMINATING,"0,52","118,17","105,23","223,92",19,TERMINATING,113,21,134,Affine Template / Affine Template
ATVA2026_benchmark/TERM_LASSO//lasso_traces_hqr.c.i.hqr.pl.t2.fixed.t2.c/lasso_trace_1.txt,TERMINATING,"1,6","361,11","258,91","621,62",25,TERMINATING,224,22,246,Affine Template / Affine Template
ATVA2026_benchmark/TERM_LASSO//lasso_traces_hqr.c.i.hqr.pl.t2.fixed.t2.c/lasso_trace_2.txt,TERMINATING,"0,51",438,"618,08","1056,59",31,TERMINATING,233,57,290,Affine Template / Affine Template
ATVA2026_benchmark/TERM_LASSO//lasso_traces_hqr.c.i.hqr.pl.t2.nor.t2.rlgfixed.t2.c/lasso_trace_1.txt,TERMINATING,"1,8","385,27","224,13","611,2",24,TERMINATING,228,22,250,Affine Template / Affine Template
ATVA2026_benchmark/TERM_LASSO//lasso_traces_hqr.c.i.hqr.pl.t2.nor.t2.rlgfixed.t2.c/lasso_trace_2.txt,TERMINATING,"0,52","432,26","589,36","1022,14",30,TERMINATING,237,57,294,Affine Template / Affine Template
ATVA2026_benchmark/TERM_LASSO//lasso_traces_hqr.t2.c/lasso_trace_1.txt,TERMINATING,"1,88","382,94","262,59","647,41",24,TERMINATING,228,22,250,Affine Template / Affine Template
ATVA2026_benchmark/TERM_LASSO//lasso_traces_hqr.t2.c/lasso_trace_2.txt,TERMINATING,"0,53","394,73","549,4","944,66",30,TERMINATING,237,57,294,Affine Template / Affine Template
ATVA2026_benchmark/TERM_LASSO//lasso_traces_huh.t2.c/lasso_trace_1.txt,TERMINATING,"1,95","126,65","133,6","262,2",18,TERMINATING,117,18,135,Affine Template / Affine Template
ATVA2026_benchmark/TERM_LASSO//lasso_traces_id_i10_o10_false-unreach-call.c/lasso_trace_1.txt,TERMINATING,"1,91","82,24","39,65","123,8",9,TERMINATING,6,3,9,Affine Template / Affine Template
ATVA2026_benchmark/TERM_LASSO//lasso_traces_iecs.t2.c/lasso_trace_1.txt,TERMINATING,"2,04","80,35","96,55","178,94",7,TERMINATING,21,9,30,Affine Template / Affine Template
ATVA2026_benchmark/TERM_LASSO//lasso_traces_if_while.c/lasso_trace_1.txt,TERMINATING,"2,3","52,65","52,93","107,88",4,TERMINATING,5,1,6,Affine Template / Affine Template
ATVA2026_benchmark/TERM_LASSO//lasso_traces_incr-decr-zero.bpl/lasso_trace_1.txt,TERMINATING,"2,06","69,29","64,99","136,34",5,TERMINATING,3,3,6,Affine Template / Affine Template
ATVA2026_benchmark/TERM_LASSO//lasso_traces_incr-decr-zero.bpl/lasso_trace_2.txt,TERMINATING,"0,49","73,65","30,21","104,35",8,TERMINATING,4,3,7,Affine Template / Affine Template
ATVA2026_benchmark/TERM_LASSO//lasso_traces_increase1varDecrease1var.bpl/lasso_trace_1.txt,TERMINATING,"1,7","30,07","34,59","66,36",4,TERMINATING,0,1,1,Affine Template / Affine Template
ATVA2026_benchmark/TERM_LASSO//lasso_traces_IncrementCell01-Soledar.bpl/lasso_trace_1.txt,TERMINATING,"2,92","211,64",0,"214,56",19,TERMINATING,1,1,2,Affine Template / Affine Template
ATVA2026_benchmark/TERM_LASSO//lasso_traces_incrementOrDoubleIncrement.bpl/lasso_trace_1.txt,TERMINATING,"1,92","70,61","34,52","107,05",6,TERMINATING,1,1,2,Affine Template / Affine Template
ATVA2026_benchmark/TERM_LASSO//lasso_traces_InitAscending01-Izium.bpl/lasso_trace_1.txt,TERMINATING,"1,94","54,01",0,"55,95",6,TERMINATING,1,1,2,Affine Template / Affine Template
ATVA2026_benchmark/TERM_LASSO//lasso_traces_InitAscending02-Balaklija.bpl/lasso_trace_1.txt,TERMINATING,"1,91","62,32",0,"64,23",5,TERMINATING,1,1,2,Affine Template / Affine Template
ATVA2026_benchmark/TERM_LASSO//lasso_traces_InitFourtytwo05-Popasna.bpl/lasso_trace_1.txt,TERMINATING,"1,92","68,25",0,"70,17",5,TERMINATING,1,1,2,Affine Template / Affine Template
ATVA2026_benchmark/TERM_LASSO//lasso_traces_InitFourtytwo08-Krynky.bpl/lasso_trace_1.txt,TERMINATING,"2,21","62,58",0,"64,79",5,TERMINATING,1,1,2,Affine Template / Affine Template
ATVA2026_benchmark/TERM_LASSO//lasso_traces_inline.c/lasso_trace_1.txt,TERMINATING,"1,86","67,41","53,87","123,14",7,TERMINATING,1,5,6,Affine Template / Affine Template
ATVA2026_benchmark/TERM_LASSO//lasso_traces_InliningPuzzle01-Inlined.bpl/lasso_trace_1.txt,TERMINATING,"2,04","58,06",0,"60,1",5,TERMINATING,0,2,2,Affine Template / Affine Template
ATVA2026_benchmark/TERM_LASSO//lasso_traces_InliningPuzzle01-WithProcedure.bpl/lasso_trace_1.txt,TERMINATING,"1,75","59,62",0,"61,37",6,TERMINATING,0,2,2,Affine Template / Affine Template
ATVA2026_benchmark/TERM_LASSO//lasso_traces_insertsort.t2.c/lasso_trace_1.txt,TERMINATING,"1,76","134,51","162,56","298,83",8,TERMINATING,24,25,49,Affine Template / Affine Template
ATVA2026_benchmark/TERM_LASSO//lasso_traces_INT_add_vs_inc.bpl/lasso_trace_1.txt,TERMINATING,"2,07","70,83","70,83","143,73",8,TERMINATING,1,1,2,Affine Template / Affine Template
ATVA2026_benchmark/TERM_LASSO//lasso_traces_INT_times_vs_add.bpl/lasso_trace_1.txt,TERMINATING,"2,12","43,81","35,79","81,72",5,TERMINATING,1,2,3,Affine Template / Affine Template
ATVA2026_benchmark/TERM_LASSO//lasso_traces_INT_times_vs_add.bpl/lasso_trace_2.txt,TERMINATING,"0,55","41,29","27,29","69,13",6,TERMINATING,2,1,3,Affine Template / Affine Template
ATVA2026_benchmark/TERM_LASSO//lasso_traces_INT_times_vs_add.bpl/lasso_trace_3.txt,TERMINATING,"0,6","56,47","51,14","108,21",6,TERMINATING,2,1,3,Affine Template / Affine Template
ATVA2026_benchmark/TERM_LASSO//lasso_traces_interleave_bits.i_3.bplTransformedIcfg_BEv2_4.bpl/lasso_trace_1.txt,TERMINATING,"2,04","78,34","85,55","165,93",6,TERMINATING,1,1,2,Affine Template / Affine Template
ATVA2026_benchmark/TERM_LASSO//lasso_traces_InterpolantConsolidation01.bpl/lasso_trace_1.txt,TERMINATING,"2,12","49,98","42,76","94,86",4,TERMINATING,1,1,2,Affine Template / Affine Template
ATVA2026_benchmark/TERM_LASSO//lasso_traces_InterpolantConsolidation02.bpl/lasso_trace_1.txt,TERMINATING,"2,37","76,92","63,86","143,15",5,TERMINATING,1,1,2,Affine Template / Affine Template
ATVA2026_benchmark/TERM_LASSO//lasso_traces_interpolationHostileLoop.bpl/lasso_trace_1.txt,TERMINATING,"2,6","48,26","49,16","100,02",5,TERMINATING,1,1,2,Affine Template / Affine Template
ATVA2026_benchmark/TERM_LASSO//lasso_traces_invalid-Hoare-triple-in-FP-ArrayPQE.c/lasso_trace_1.txt,TERMINATING,"2,09","183,36",0,"185,45",26,TERMINATING,7,5,12,Affine Template / Affine Template
ATVA2026_benchmark/TERM_LASSO//lasso_traces_Invariant01.bpl/lasso_trace_1.txt,TERMINATING,"1,91","47,1","34,02","83,03",4,TERMINATING,1,2,3,Affine Template / Affine Template
ATVA2026_benchmark/TERM_LASSO//lasso_traces_InvariantSynthesis_LiveVarsHelpful02.bpl/lasso_trace_2.txt,TERMINATING,"0,53","786,25","32,4","819,18",10,TERMINATING,2,1,3,2-Phase Template / Affine Template
ATVA2026_benchmark/TERM_LASSO//lasso_traces_InvariantSynthesis_WPHelpful01.bpl/lasso_trace_1.txt,TERMINATING,"2,05","87,06","35,64","124,75",8,TERMINATING,1,1,2,Affine Template / Affine Template
ATVA2026_benchmark/TERM_LASSO//lasso_traces_InvariantSynthesis_WPHelpful02.bpl/lasso_trace_1.txt,TERMINATING,"3,08","246,36","43,9","293,34",27,TERMINATING,1,1,2,Affine Template / Affine Template
ATVA2026_benchmark/TERM_LASSO//lasso_traces_invert_string.i_4.bpl/lasso_trace_1.txt,TERMINATING,"2,57","75,17",0,"77,74",9,TERMINATING,1,1,2,Affine Template / Affine Template
ATVA2026_benchmark/TERM_LASSO//lasso_traces_invert_string.i_4.bpl/lasso_trace_3.txt,TERMINATING,"0,44",149,0,"149,44",8,TERMINATING,3,1,4,Affine Template / Affine Template
ATVA2026_benchmark/TERM_LASSO//lasso_traces_invgen.t2.c/lasso_trace_1.txt,TERMINATING,"2,38","98,67","125,02","226,07",6,TERMINATING,21,10,31,Affine Template / Affine Template
ATVA2026_benchmark/TERM_LASSO//lasso_traces_IRS-Dep-BinaryRecursion.bpl/lasso_trace_1.txt,TERMINATING,"1,96","27,94","42,25","72,15",5,TERMINATING,0,2,2,Affine Template / Affine Template
ATVA2026_benchmark/TERM_LASSO//lasso_traces_IRS-Dep-BinaryRecursion.bpl/lasso_trace_2.txt,TERMINATING,"0,59","36,69","56,28","93,56",7,TERMINATING,1,2,3,Affine Template / Affine Template
ATVA2026_benchmark/TERM_LASSO//lasso_traces_IRS-Dep-BinaryRecursion.bpl/lasso_trace_3.txt,TERMINATING,"0,36","36,96","29,07","66,39",6,TERMINATING,6,6,12,Affine Template / Affine Template
ATVA2026_benchmark/TERM_LASSO//lasso_traces_IRS-Dep-BinaryRecursion.bpl/lasso_trace_5.txt,TERMINATING,"0,28","38,98","74,01","113,27",5,TERMINATING,15,6,21,Affine Template / Affine Template
ATVA2026_benchmark/TERM_LASSO//lasso_traces_IRS-Dep-NestedLoop.bpl/lasso_trace_2.txt,TERMINATING,"1,07","33,1","30,38","64,55",6,TERMINATING,4,1,5,Affine Template / Affine Template
ATVA2026_benchmark/TERM_LASSO//lasso_traces_IRS-Dep-SimpleLoop.bpl/lasso_trace_1.txt,TERMINATING,"1,95","51,74","41,04","94,73",4,TERMINATING,2,1,3,Affine Template / Affine Template
ATVA2026_benchmark/TERM_LASSO//lasso_traces_IRS-Dep-Test.bpl/lasso_trace_1.txt,TERMINATING,"2,2","50,71","35,46","88,37",4,TERMINATING,2,1,3,Affine Template / Affine Template
ATVA2026_benchmark/TERM_LASSO//lasso_traces_jacobi.c.i.jacobi.pl.t2.fixed.t2.c/lasso_trace_1.txt,TERMINATING,"1,9","271,99","175,09","448,98",14,TERMINATING,120,22,142,Affine Template / Affine Template
ATVA2026_benchmark/TERM_LASSO//lasso_traces_jacobi.c.i.jacobi.pl.t2.fixed.t2.c/lasso_trace_5.txt,TERMINATING,"0,39","365,01","475,53","840,93",36,TERMINATING,144,13,157,Affine Template / Affine Template
ATVA2026_benchmark/TERM_LASSO//lasso_traces_jacobi.c.i.jacobi.pl.t2.fixed.t2.c/lasso_trace_6.txt,TERMINATING,"0,41","136,69","188,22","325,32",41,TERMINATING,149,22,171,Affine Template / Affine Template
ATVA2026_benchmark/TERM_LASSO//lasso_traces_jacobi.c.i.jacobi.pl.t2.nor.t2.rlgfixed.t2.c/lasso_trace_1.txt,TERMINATING,"1,91","271,46","185,12","458,49",16,TERMINATING,120,22,142,Affine Template / Affine Template
ATVA2026_benchmark/TERM_LASSO//lasso_traces_jacobi.c.i.jacobi.pl.t2.nor.t2.rlgfixed.t2.c/lasso_trace_5.txt,TERMINATING,"0,42","360,03","452,91","813,36",39,TERMINATING,144,13,157,Affine Template / Affine Template
ATVA2026_benchmark/TERM_LASSO//lasso_traces_jacobi.c.i.jacobi.pl.t2.nor.t2.rlgfixed.t2.c/lasso_trace_6.txt,TERMINATING,"0,53","146,84","196,19","343,56",42,TERMINATING,149,22,171,Affine Template / Affine Template
ATVA2026_benchmark/TERM_LASSO//lasso_traces_jacobi.t2.c/lasso_trace_1.txt,TERMINATING,"2,14","276,51","189,07","467,72",15,TERMINATING,120,22,142,Affine Template / Affine Template
ATVA2026_benchmark/TERM_LASSO//lasso_traces_jacobi.t2.c/lasso_trace_5.txt,TERMINATING,"0,34","361,54","464,62","826,5",37,TERMINATING,144,13,157,Affine Template / Affine Template
ATVA2026_benchmark/TERM_LASSO//lasso_traces_jacobi.t2.c/lasso_trace_6.txt,TERMINATING,"0,53","163,04","182,95","346,52",39,TERMINATING,149,22,171,Affine Template / Affine Template
ATVA2026_benchmark/TERM_LASSO//lasso_traces_jain_5.i_2.bplTransformedIcfg_BEv2_4.bpl/lasso_trace_1.txt,TERMINATING,"2,13","94,67","34,57","131,37",13,TERMINATING,1,2,3,Affine Template / Affine Template
ATVA2026_benchmark/TERM_LASSO//lasso_traces_janne_complex.t2.c/lasso_trace_1.txt,TERMINATING,"1,79","142,78","182,87","327,44",9,TERMINATING,36,22,58,Affine Template / Affine Template
ATVA2026_benchmark/TERM_LASSO//lasso_traces_janne_complex.t2.c/lasso_trace_3.txt,TERMINATING,"0,33","197,37","43,51","241,21",24,TERMINATING,97,23,120,Affine Template / Affine Template
ATVA2026_benchmark/TERM_LASSO//lasso_traces_java_Ackermann.c/lasso_trace_1.txt,TERMINATING,"1,64","38,73","58,93","99,3",7,TERMINATING,0,4,4,Affine Template / Affine Template
ATVA2026_benchmark/TERM_LASSO//lasso_traces_java_Ackermann.c/lasso_trace_3.txt,TERMINATING,"0,42","57,17","66,05","123,64",9,TERMINATING,6,4,10,Affine Template / Affine Template
ATVA2026_benchmark/TERM_LASSO//lasso_traces_java_AG313_no-overflow.c/lasso_trace_1.txt,TERMINATING,"3,11","67,27","43,93","114,31",8,TERMINATING,2,1,3,Affine Template / Affine Template
ATVA2026_benchmark/TERM_LASSO//lasso_traces_java_AG313_true-termination.c/lasso_trace_1.txt,TERMINATING,"2,28","54,05","36,65","92,98",8,TERMINATING,8,1,9,Affine Template / Affine Template
ATVA2026_benchmark/TERM_LASSO//lasso_traces_java_AG313.c/lasso_trace_1.txt,TERMINATING,"2,15","64,01","43,11","109,27",8,TERMINATING,2,1,3,Affine Template / Affine Template
ATVA2026_benchmark/TERM_LASSO//lasso_traces_java_AProVEMath.c/lasso_trace_1.txt,TERMINATING,"2,31","113,27","45,62","161,2",19,TERMINATING,4,1,5,Affine Template / Affine Template
ATVA2026_benchmark/TERM_LASSO//lasso_traces_java_AProVEMathRecursive.c/lasso_trace_1.txt,TERMINATING,"1,47","28,78","34,91","65,16",14,TERMINATING,0,6,6,Affine Template / Affine Template
ATVA2026_benchmark/TERM_LASSO//lasso_traces_java_Avg.c/lasso_trace_1.txt,TERMINATING,"1,77","25,55","35,69","63,01",6,TERMINATING,0,3,3,Affine Template / Affine Template
ATVA2026_benchmark/TERM_LASSO//lasso_traces_java_Avg.c/lasso_trace_2.txt,TERMINATING,"0,7","38,56","50,65","89,91",9,TERMINATING,2,4,6,Affine Template / Affine Template
ATVA2026_benchmark/TERM_LASSO//lasso_traces_java_Avg.c/lasso_trace_4.txt,TERMINATING,"0,48","86,3","85,03","171,81",9,TERMINATING,6,7,13,Affine Template / Affine Template
ATVA2026_benchmark/TERM_LASSO//lasso_traces_java_Avg.c/lasso_trace_5.txt,TERMINATING,"0,29","41,21","66,61","108,11",9,TERMINATING,12,7,19,Affine Template / Affine Template
ATVA2026_benchmark/TERM_LASSO//lasso_traces_java_Break_no-overflow.c/lasso_trace_1.txt,TERMINATING,"2,04","48,86","37,61","88,51",4,TERMINATING,1,1,2,Affine Template / Affine Template
ATVA2026_benchmark/TERM_LASSO//lasso_traces_java_Break_true-termination.c/lasso_trace_1.txt,TERMINATING,"1,92","66,24","74,2","142,36",6,TERMINATING,5,1,6,Affine Template / Affine Template
ATVA2026_benchmark/TERM_LASSO//lasso_traces_java_Break.c/lasso_trace_1.txt,TERMINATING,"1,92","47,03","40,59","89,54",4,TERMINATING,1,1,2,Affine Template / Affine Template
ATVA2026_benchmark/TERM_LASSO//lasso_traces_java_Continue1_no-overflow.c/lasso_trace_1.txt,TERMINATING,"1,65","55,42","51,67","108,74",4,TERMINATING,1,1,2,Affine Template / Affine Template
ATVA2026_benchmark/TERM_LASSO//lasso_traces_java_Continue1_true-termination.c/lasso_trace_1.txt,TERMINATING,"1,86","82,74","39,58","124,18",9,TERMINATING,5,1,6,Affine Template / Affine Template
ATVA2026_benchmark/TERM_LASSO//lasso_traces_java_Continue1.c/lasso_trace_1.txt,TERMINATING,"1,96","54,66","51,64","108,26",5,TERMINATING,1,1,2,Affine Template / Affine Template
ATVA2026_benchmark/TERM_LASSO//lasso_traces_java_Diff.c/lasso_trace_2.txt,TERMINATING,"2,32","7424,92",0,"7427,24",197,TERMINATING,1,6,7,Affine Template / Affine Template
ATVA2026_benchmark/TERM_LASSO//lasso_traces_java_DivMinus1.c/lasso_trace_1.txt,TERMINATING,"2,1","73,35","68,58","144,03",7,TERMINATING,1,1,2,Affine Template / Affine Template
ATVA2026_benchmark/TERM_LASSO//lasso_traces_java_DivWithoutMinus.c/lasso_trace_1.txt,TERMINATING,"2,18","98,75","49,83","150,76",16,TERMINATING,1,1,2,Affine Template / Affine Template
ATVA2026_benchmark/TERM_LASSO//lasso_traces_java_Double1.c/lasso_trace_1.txt,TERMINATING,"1,63","105,36","45,82","152,81",4,TERMINATING,5,3,8,Affine Template / Affine Template
ATVA2026_benchmark/TERM_LASSO//lasso_traces_java_Double1.c/lasso_trace_3.txt,TERMINATING,"0,44","51,96","63,14","115,54",6,TERMINATING,11,12,23,Affine Template / Affine Template
ATVA2026_benchmark/TERM_LASSO//lasso_traces_java_Double2.c/lasso_trace_1.txt,TERMINATING,"2,11","88,33","53,18","143,62",5,TERMINATING,5,3,8,Affine Template / Affine Template
ATVA2026_benchmark/TERM_LASSO//lasso_traces_java_Double3.c/lasso_trace_1.txt,TERMINATING,"1,78","86,13","49,12","137,03",7,TERMINATING,5,4,9,Affine Template / Affine Template
ATVA2026_benchmark/TERM_LASSO//lasso_traces_java_Duplicate.c/lasso_trace_1.txt,TERMINATING,"2,01","70,1","36,34","108,45",7,TERMINATING,1,1,2,Affine Template / Affine Template
ATVA2026_benchmark/TERM_LASSO//lasso_traces_java_EqUserDefRec.c/lasso_trace_1.txt,TERMINATING,"1,67","55,07","74,4","131,14",6,TERMINATING,0,3,3,Affine Template / Affine Template
ATVA2026_benchmark/TERM_LASSO//lasso_traces_java_Factorial.c/lasso_trace_1.txt,TERMINATING,"1,63","33,77","64,39","99,79",4,TERMINATING,0,3,3,Affine Template / Affine Template
ATVA2026_benchmark/TERM_LASSO//lasso_traces_java_FactSum.c/lasso_trace_2.txt,TERMINATING,"0,45","31,89","137,53","169,87",6,TERMINATING,8,3,11,Affine Template / Affine Template
ATVA2026_benchmark/TERM_LASSO//lasso_traces_java_FibRecursive.c/lasso_trace_1.txt,TERMINATING,"1,69","67,57","63,55","132,81",5,TERMINATING,0,4,4,Affine Template / Affine Template
ATVA2026_benchmark/TERM_LASSO//lasso_traces_java_Hanoi.c/lasso_trace_1.txt,TERMINATING,"1,79","58,18","69,43","129,4",9,TERMINATING,0,4,4,Affine Template / Affine Template
ATVA2026_benchmark/TERM_LASSO//lasso_traces_java_LeUserDefRec.c/lasso_trace_1.txt,TERMINATING,"1,64","58,14","78,07","137,85",6,TERMINATING,0,3,3,Affine Template / Affine Template
ATVA2026_benchmark/TERM_LASSO//lasso_traces_java_LogBuiltIn_no-overflow.c/lasso_trace_1.txt,TERMINATING,"1,94","55,45","37,07","94,46",7,TERMINATING,1,1,2,Affine Template / Affine Template
ATVA2026_benchmark/TERM_LASSO//lasso_traces_java_LogBuiltIn_true-termination.c/lasso_trace_1.txt,TERMINATING,"4,07","46,67","35,37","86,11",7,TERMINATING,7,1,8,Affine Template / Affine Template
ATVA2026_benchmark/TERM_LASSO//lasso_traces_java_LogBuiltIn.c/lasso_trace_1.txt,TERMINATING,"2,01","51,54","38,41","91,96",7,TERMINATING,1,1,2,Affine Template / Affine Template
ATVA2026_benchmark/TERM_LASSO//lasso_traces_java_MinusBuiltIn.c/lasso_trace_1.txt,TERMINATING,2,"59,73","122,49","184,22",6,TERMINATING,5,1,6,Affine Template / Affine Template
ATVA2026_benchmark/TERM_LASSO//lasso_traces_java_MinusMin.c/lasso_trace_1.txt,TERMINATING,"1,96","126,52","141,1","269,58",8,TERMINATING,5,5,10,Affine Template / Affine Template
ATVA2026_benchmark/TERM_LASSO//lasso_traces_java_Nested_no-overflow.c/lasso_trace_10.txt,TERMINATING,"1,75","36,89","34,39","73,03",4,TERMINATING,1,11,12,Affine Template / Affine Template
ATVA2026_benchmark/TERM_LASSO//lasso_traces_java_Nested_no-overflow.c/lasso_trace_11.txt,TERMINATING,"0,39","31,66","28,6","60,65",4,TERMINATING,2,1,3,Affine Template / Affine Template
ATVA2026_benchmark/TERM_LASSO//lasso_traces_java_Nested_no-overflow.c/lasso_trace_12.txt,TERMINATING,"0,4","43,42","42,69","86,51",5,TERMINATING,13,1,14,Affine Template / Affine Template
ATVA2026_benchmark/TERM_LASSO//lasso_traces_java_Nested_true-termination.c/lasso_trace_10.txt,TERMINATING,"1,55","40,13","101,59","143,27",5,TERMINATING,5,11,16,Affine Template / Affine Template
ATVA2026_benchmark/TERM_LASSO//lasso_traces_java_Nested_true-termination.c/lasso_trace_11.txt,TERMINATING,"0,45","32,2","29,68","62,33",5,TERMINATING,6,1,7,Affine Template / Affine Template
ATVA2026_benchmark/TERM_LASSO//lasso_traces_java_Nested_true-termination.c/lasso_trace_12.txt,TERMINATING,"0,36","46,63","53,29","100,28",6,TERMINATING,17,1,18,Affine Template / Affine Template
ATVA2026_benchmark/TERM_LASSO//lasso_traces_java_Nested.c/lasso_trace_10.txt,TERMINATING,"1,99","39,3","38,2","79,49",4,TERMINATING,1,11,12,Affine Template / Affine Template
ATVA2026_benchmark/TERM_LASSO//lasso_traces_java_Nested.c/lasso_trace_11.txt,TERMINATING,"0,31","35,43","32,08","67,82",4,TERMINATING,2,1,3,Affine Template / Affine Template
ATVA2026_benchmark/TERM_LASSO//lasso_traces_java_Nested.c/lasso_trace_12.txt,TERMINATING,"0,37","39,35","40,14","79,86",5,TERMINATING,13,1,14,Affine Template / Affine Template
ATVA2026_benchmark/TERM_LASSO//lasso_traces_java_PlusSwap.c/lasso_trace_1.txt,TERMINATING,"3,91","47,69","35,29","86,89",7,TERMINATING,1,1,2,Affine Template / Affine Template
ATVA2026_benchmark/TERM_LASSO//lasso_traces_java_Recursions.c/lasso_trace_1.txt,TERMINATING,"2,3","83,54","107,04","192,88",11,TERMINATING,0,8,8,Affine Template / Affine Template
ATVA2026_benchmark/TERM_LASSO//lasso_traces_java_Sequence_no-overflow.c/lasso_trace_1.txt,TERMINATING,"1,75","46,26","64,28","112,29",4,TERMINATING,1,1,2,Affine Template / Affine Template
ATVA2026_benchmark/TERM_LASSO//lasso_traces_java_Sequence_true-termination.c/lasso_trace_1.txt,TERMINATING,"1,84","71,85","61,97","135,66",5,TERMINATING,5,1,6,Affine Template / Affine Template
ATVA2026_benchmark/TERM_LASSO//lasso_traces_java_Sequence.c/lasso_trace_1.txt,TERMINATING,"1,93","44,63","60,41","106,97",4,TERMINATING,1,1,2,Affine Template / Affine Template
ATVA2026_benchmark/TERM_LASSO//lasso_traces_java_TimesPlusUserDef.c/lasso_trace_1.txt,TERMINATING,"1,75","25,01","35,41","62,17",8,TERMINATING,0,4,4,Affine Template / Affine Template
ATVA2026_benchmark/TERM_LASSO//lasso_traces_java_TimesPlusUserDef.c/lasso_trace_2.txt,TERMINATING,"0,59","32,91","54,88","88,38",9,TERMINATING,3,3,6,Affine Template / Affine Template
ATVA2026_benchmark/TERM_LASSO//lasso_traces_java_TimesPlusUserDef.c/lasso_trace_3.txt,TERMINATING,"0,6","45,12","55,39","101,11",7,TERMINATING,4,4,8,Affine Template / Affine Template
ATVA2026_benchmark/TERM_LASSO//lasso_traces_java_TimesPlusUserDef.c/lasso_trace_4.txt,TERMINATING,"0,28","95,18","111,73","207,19",8,TERMINATING,30,3,33,Affine Template / Affine Template
ATVA2026_benchmark/TERM_LASSO//lasso_traces_jfdctint.t2.c/lasso_trace_1.txt,TERMINATING,"1,92","287,4","334,98","624,3",10,TERMINATING,92,17,109,Affine Template / Affine Template
ATVA2026_benchmark/TERM_LASSO//lasso_traces_jm2006_variant.c.i_3.bpl/lasso_trace_1.txt,TERMINATING,"2,42","140,34","102,58","245,34",13,TERMINATING,1,1,2,Affine Template / Affine Template
ATVA2026_benchmark/TERM_LASSO//lasso_traces_jm2006_variant.c.i_3.bplTransformedIcfg_BEv2_3.bpl/lasso_trace_1.txt,TERMINATING,"3,06","133,33","105,56","241,95",14,TERMINATING,1,1,2,Affine Template / Affine Template
ATVA2026_benchmark/TERM_LASSO//lasso_traces_jm2006.c.i_3.bpl/lasso_trace_1.txt,TERMINATING,"2,7","126,14","62,25","191,09",11,TERMINATING,1,1,2,Affine Template / Affine Template
ATVA2026_benchmark/TERM_LASSO//lasso_traces_jm2006.c.i_3.bplTransformedIcfg_BEv2_3.bpl/lasso_trace_1.txt,TERMINATING,"2,37","119,33","61,62","183,32",12,TERMINATING,1,1,2,Affine Template / Affine Template
ATVA2026_benchmark/TERM_LASSO//lasso_traces_joey_false-termination.c/lasso_trace_2.txt,TERMINATING,"0,46","37,72","85,96","124,14",8,TERMINATING,6,4,10,Affine Template / Affine Template
ATVA2026_benchmark/TERM_LASSO//lasso_traces_joey_no-overflow.c/lasso_trace_1.txt,TERMINATING,"1,89","156,25","69,9","228,04",8,TERMINATING,6,4,10,Affine Template / Affine Template
ATVA2026_benchmark/TERM_LASSO//lasso_traces_joey.c/lasso_trace_1.txt,TERMINATING,"3,13","154,4","62,16","219,69",8,TERMINATING,6,4,10,Affine Template / Affine Template
ATVA2026_benchmark/TERM_LASSO//lasso_traces_Jordan10IncreaseStepSafe.bpl/lasso_trace_1.txt,TERMINATING,"2,11","48,01","40,37","90,49",4,TERMINATING,1,1,2,Affine Template / Affine Template
ATVA2026_benchmark/TERM_LASSO//lasso_traces_Jordan11IncreaseStepUnsafe.bpl/lasso_trace_1.txt,TERMINATING,"1,93","52,71","33,94","88,58",4,TERMINATING,1,1,2,Affine Template / Affine Template
ATVA2026_benchmark/TERM_LASSO//lasso_traces_Jordan18SimultaneousDecrease.bpl/lasso_trace_1.txt,TERMINATING,"2,05","42,05","33,79","77,89",5,TERMINATING,1,1,2,Affine Template / Affine Template
ATVA2026_benchmark/TERM_LASSO//lasso_traces_Jordan29BugTerminatorAmir.bpl/lasso_trace_1.txt,TERMINATING,"1,95","24,29","64,35","90,59",5,TERMINATING,1,1,2,Affine Template / Affine Template
ATVA2026_benchmark/TERM_LASSO//lasso_traces_Kappel-decreasebyProc_true-termination.bpl/lasso_trace_1.txt,TERMINATING,"1,92","30,72","36,19","68,83",4,TERMINATING,0,4,4,Affine Template / Affine Template
ATVA2026_benchmark/TERM_LASSO//lasso_traces_Khartoum.bpl/lasso_trace_1.txt,TERMINATING,"1,73","66,51","33,97","102,21",8,TERMINATING,0,1,1,2-Nested Template / 2-Nested Template
ATVA2026_benchmark/TERM_LASSO//lasso_traces_Kinshasa.bpl/lasso_trace_1.txt,TERMINATING,"1,67","30,31","32,95","64,93",3,TERMINATING,0,1,1,Affine Template / Affine Template
ATVA2026_benchmark/TERM_LASSO//lasso_traces_knapsack.c/lasso_trace_1.txt,TERMINATING,"2,35","173,02","78,3","253,67",12,TERMINATING,1,2,3,Affine Template / Affine Template
ATVA2026_benchmark/TERM_LASSO//lasso_traces_knapsack.c/lasso_trace_2.txt,TERMINATING,"0,7","108,7",0,"109,4",15,TERMINATING,2,4,6,Affine Template / Affine Template
ATVA2026_benchmark/TERM_LASSO//lasso_traces_KroeningSharyginaTsitovichWintersteiger-CAV2010-Ex_no-overflow.c/lasso_trace_1.txt,TERMINATING,"2,01","110,18","89,74","201,93",11,TERMINATING,5,1,6,Affine Template / Affine Template
ATVA2026_benchmark/TERM_LASSO//lasso_traces_KroeningSharyginaTsitovichWintersteiger-CAV2010-Ex_true-termination.c/lasso_trace_1.txt,TERMINATING,"2,07","104,96","84,93","191,96",11,TERMINATING,5,1,6,Affine Template / Affine Template
ATVA2026_benchmark/TERM_LASSO//lasso_traces_KroeningSharyginaTsitovichWintersteiger-CAV2010-Ex.c/lasso_trace_1.txt,TERMINATING,"1,88","105,09","87,46","194,43",11,TERMINATING,5,1,6,Affine Template / Affine Template
ATVA2026_benchmark/TERM_LASSO//lasso_traces_large_const.i_3.bpl/lasso_trace_1.txt,TERMINATING,"2,2","169,9","66,31","238,41",10,TERMINATING,1,1,2,Affine Template / Affine Template
ATVA2026_benchmark/TERM_LASSO//lasso_traces_large_const.i_3.bplTransformedIcfg_BEv2_2.bpl/lasso_trace_1.txt,TERMINATING,"2,16","185,07","65,36","252,59",9,TERMINATING,1,1,2,Affine Template / Affine Template
ATVA2026_benchmark/TERM_LASSO//lasso_traces_large_const.i_4.bpl/lasso_trace_1.txt,TERMINATING,"2,2","169,34","198,23","369,77",9,TERMINATING,1,1,2,Affine Template / Affine Template
ATVA2026_benchmark/TERM_LASSO//lasso_traces_large_const.i_5.bpl/lasso_trace_1.txt,TERMINATING,"2,27","164,02","187,1","353,39",9,TERMINATING,1,1,2,Affine Template / Affine Template
ATVA2026_benchmark/TERM_LASSO//lasso_traces_LargeConstant-ForwardSuccess.bpl/lasso_trace_1.txt,TERMINATING,"3,27","45,34",0,"48,61",5,TERMINATING,1,1,2,Affine Template / Affine Template
ATVA2026_benchmark/TERM_LASSO//lasso_traces_LarrazOliverasRodriguez-CarbonellRubio-FMCAD2013-Fig1_no-overflow.c/lasso_trace_1.txt,TERMINATING,"2,11","329,54","65,85","397,5",21,TERMINATING,6,2,8,2-Nested Template / 2-Nested Template
ATVA2026_benchmark/TERM_LASSO//lasso_traces_LarrazOliverasRodriguez-CarbonellRubio-FMCAD2013-Fig1_no-overflow.c/lasso_trace_2.txt,TERMINATING,"0,82","93,88","99,46","194,16",8,TERMINATING,8,1,9,Affine Template / Affine Template
ATVA2026_benchmark/TERM_LASSO//lasso_traces_LarrazOliverasRodriguez-CarbonellRubio-FMCAD2013-Fig1_no-overflow.c/lasso_trace_3.txt,TERMINATING,"0,39","190,75","28,47","219,61",21,TERMINATING,9,2,11,2-Nested Template / 2-Nested Template
ATVA2026_benchmark/TERM_LASSO//lasso_traces_LarrazOliverasRodriguez-CarbonellRubio-FMCAD2013-Fig1_no-overflow.c/lasso_trace_4.txt,TERMINATING,"0,34","76,35","77,93","154,62",8,TERMINATING,11,1,12,Affine Template / Affine Template
ATVA2026_benchmark/TERM_LASSO//lasso_traces_LarrazOliverasRodriguez-CarbonellRubio-FMCAD2013-Fig1_no-overflow.c/lasso_trace_5.txt,TERMINATING,"0,46","100,89","110,53","211,88",9,TERMINATING,10,3,13,Affine Template / Affine Template
ATVA2026_benchmark/TERM_LASSO//lasso_traces_LarrazOliverasRodriguez-CarbonellRubio-FMCAD2013-Fig1_true-termination.c/lasso_trace_1.txt,TERMINATING,"1,99","313,5","63,87","379,36",18,TERMINATING,6,2,8,2-Nested Template / 2-Nested Template
ATVA2026_benchmark/TERM_LASSO//lasso_traces_LarrazOliverasRodriguez-CarbonellRubio-FMCAD2013-Fig1_true-termination.c/lasso_trace_2.txt,TERMINATING,"0,38","85,39","106,91","192,68",8,TERMINATING,8,1,9,Affine Template / Affine Template
ATVA2026_benchmark/TERM_LASSO//lasso_traces_LarrazOliverasRodriguez-CarbonellRubio-FMCAD2013-Fig1_true-termination.c/lasso_trace_3.txt,TERMINATING,"0,39","217,21","26,96","244,56",19,TERMINATING,9,2,11,2-Nested Template / 2-Nested Template
ATVA2026_benchmark/TERM_LASSO//lasso_traces_LarrazOliverasRodriguez-CarbonellRubio-FMCAD2013-Fig1_true-termination.c/lasso_trace_5.txt,TERMINATING,"0,37","43,4","58,07","101,84",11,TERMINATING,10,3,13,Affine Template / Affine Template
ATVA2026_benchmark/TERM_LASSO//lasso_traces_LarrazOliverasRodriguez-CarbonellRubio-FMCAD2013-Fig1_true-termination.c/lasso_trace_6.txt,TERMINATING,"0,23","31,63","92,26","124,12",8,TERMINATING,11,1,12,Affine Template / Affine Template
ATVA2026_benchmark/TERM_LASSO//lasso_traces_LarrazOliverasRodriguez-CarbonellRubio-FMCAD2013-Fig1.c/lasso_trace_1.txt,TERMINATING,"2,2","335,79","64,15","402,14",18,TERMINATING,6,2,8,2-Nested Template / 2-Nested Template
ATVA2026_benchmark/TERM_LASSO//lasso_traces_LarrazOliverasRodriguez-CarbonellRubio-FMCAD2013-Fig1.c/lasso_trace_2.txt,TERMINATING,"0,38","97,47","102,33","200,18",8,TERMINATING,8,1,9,Affine Template / Affine Template
ATVA2026_benchmark/TERM_LASSO//lasso_traces_LarrazOliverasRodriguez-CarbonellRubio-FMCAD2013-Fig1.c/lasso_trace_3.txt,TERMINATING,"0,4","195,33","28,17","223,9",20,TERMINATING,9,2,11,2-Nested Template / 2-Nested Template
ATVA2026_benchmark/TERM_LASSO//lasso_traces_LarrazOliverasRodriguez-CarbonellRubio-FMCAD2013-Fig1.c/lasso_trace_4.txt,TERMINATING,"0,28","78,3","74,91","153,49",8,TERMINATING,11,1,12,Affine Template / Affine Template
ATVA2026_benchmark/TERM_LASSO//lasso_traces_LarrazOliverasRodriguez-CarbonellRubio-FMCAD2013-Fig1.c/lasso_trace_5.txt,TERMINATING,"0,36","97,24","109,71","207,31",9,TERMINATING,10,3,13,Affine Template / Affine Template
ATVA2026_benchmark/TERM_LASSO//lasso_traces_LeeJonesBen-Amram-POPL2001-Ex1_no-overflow.c/lasso_trace_1.txt,TERMINATING,"3,78","157,98","51,51","213,27",13,TERMINATING,9,3,12,Affine Template / Affine Template
ATVA2026_benchmark/TERM_LASSO//lasso_traces_LeeJonesBen-Amram-POPL2001-Ex1_true-termination.c/lasso_trace_1.txt,TERMINATING,"1,85","82,74","37,92","122,51",13,TERMINATING,9,3,12,Affine Template / Affine Template
ATVA2026_benchmark/TERM_LASSO//lasso_traces_LeeJonesBen-Amram-POPL2001-Ex1.c/lasso_trace_1.txt,TERMINATING,"1,89","76,59","35,32","113,8",13,TERMINATING,9,3,12,Affine Template / Affine Template
ATVA2026_benchmark/TERM_LASSO//lasso_traces_LeeJonesBen-Amram-POPL2001-Ex2_no-overflow.c/lasso_trace_1.txt,TERMINATING,"4,04","263,92","191,89","459,85",14,TERMINATING,7,5,12,Affine Template / Affine Template
ATVA2026_benchmark/TERM_LASSO//lasso_traces_LeeJonesBen-Amram-POPL2001-Ex2_true-termination.c/lasso_trace_1.txt,TERMINATING,"2,29","162,47","132,62","297,38",14,TERMINATING,7,5,12,Affine Template / Affine Template
ATVA2026_benchmark/TERM_LASSO//lasso_traces_LeeJonesBen-Amram-POPL2001-Ex2.c/lasso_trace_1.txt,TERMINATING,"1,87","163,32","127,25","292,44",14,TERMINATING,7,5,12,Affine Template / Affine Template
ATVA2026_benchmark/TERM_LASSO//lasso_traces_LeeJonesBen-Amram-POPL2001-Ex3_no-overflow.c/lasso_trace_1.txt,TERMINATING,"1,97","176,04","83,19","261,2",7,TERMINATING,7,4,11,Affine Template / Affine Template
ATVA2026_benchmark/TERM_LASSO//lasso_traces_LeeJonesBen-Amram-POPL2001-Ex3_no-overflow.c/lasso_trace_3.txt,TERMINATING,"0,91","124,45","108,77","234,13",8,TERMINATING,13,4,17,Affine Template / Affine Template
ATVA2026_benchmark/TERM_LASSO//lasso_traces_LeeJonesBen-Amram-POPL2001-Ex3_true-termination.c/lasso_trace_1.txt,TERMINATING,"1,86","116,94","73,44","192,24",8,TERMINATING,7,4,11,Affine Template / Affine Template
ATVA2026_benchmark/TERM_LASSO//lasso_traces_LeeJonesBen-Amram-POPL2001-Ex3_true-termination.c/lasso_trace_3.txt,TERMINATING,"0,46","91,45","90,05","181,96",9,TERMINATING,13,4,17,Affine Template / Affine Template
ATVA2026_benchmark/TERM_LASSO//lasso_traces_LeeJonesBen-Amram-POPL2001-Ex3.c/lasso_trace_1.txt,TERMINATING,"1,77","121,44","76,14","199,35",8,TERMINATING,7,4,11,Affine Template / Affine Template
ATVA2026_benchmark/TERM_LASSO//lasso_traces_LeeJonesBen-Amram-POPL2001-Ex3.c/lasso_trace_3.txt,TERMINATING,"0,34","89,64","90,5","180,48",9,TERMINATING,13,4,17,Affine Template / Affine Template
ATVA2026_benchmark/TERM_LASSO//lasso_traces_LeeJonesBen-Amram-POPL2001-Ex4_no-overflow.c/lasso_trace_1.txt,TERMINATING,"12,03","816,8","618,17",1447,9,TERMINATING,7,3,10,Affine Template / Affine Template
ATVA2026_benchmark/TERM_LASSO//lasso_traces_LeeJonesBen-Amram-POPL2001-Ex4_no-overflow.c/lasso_trace_2.txt,TERMINATING,"2,11","689,21","608,05","1299,37",12,TERMINATING,9,4,13,Affine Template / Affine Template
ATVA2026_benchmark/TERM_LASSO//lasso_traces_LeeJonesBen-Amram-POPL2001-Ex4_no-overflow.c/lasso_trace_3.txt,TERMINATING,"3,01","562,11","668,65","1233,77",15,TERMINATING,13,3,16,Affine Template / Affine Template
ATVA2026_benchmark/TERM_LASSO//lasso_traces_LeeJonesBen-Amram-POPL2001-Ex4_no-overflow.c/lasso_trace_4.txt,TERMINATING,"2,44","120,22","561,2","683,86",11,TERMINATING,16,4,20,Affine Template / Affine Template
ATVA2026_benchmark/TERM_LASSO//lasso_traces_LeeJonesBen-Amram-POPL2001-Ex4_no-overflow.c/lasso_trace_6.txt,TERMINATING,"1,86","631,37","1011,72","1644,95",9,TERMINATING,14,3,17,Affine Template / Affine Template
ATVA2026_benchmark/TERM_LASSO//lasso_traces_LeeJonesBen-Amram-POPL2001-Ex4_true-termination.c/lasso_trace_1.txt,TERMINATING,"1,67","173,42","150,69","325,78",9,TERMINATING,7,3,10,Affine Template / Affine Template
ATVA2026_benchmark/TERM_LASSO//lasso_traces_LeeJonesBen-Amram-POPL2001-Ex4_true-termination.c/lasso_trace_2.txt,TERMINATING,"0,52","118,44","134,07","253,03",12,TERMINATING,9,4,13,Affine Template / Affine Template
ATVA2026_benchmark/TERM_LASSO//lasso_traces_LeeJonesBen-Amram-POPL2001-Ex4_true-termination.c/lasso_trace_3.txt,TERMINATING,"0,39","125,16","122,61","248,16",12,TERMINATING,13,3,16,Affine Template / Affine Template
ATVA2026_benchmark/TERM_LASSO//lasso_traces_LeeJonesBen-Amram-POPL2001-Ex4_true-termination.c/lasso_trace_4.txt,TERMINATING,"0,34","105,92","41,6","147,86",11,TERMINATING,16,3,19,Affine Template / Affine Template
ATVA2026_benchmark/TERM_LASSO//lasso_traces_LeeJonesBen-Amram-POPL2001-Ex4_true-termination.c/lasso_trace_6.txt,TERMINATING,"0,67","34,95","50,19","85,81",9,TERMINATING,14,4,18,Affine Template / Affine Template
ATVA2026_benchmark/TERM_LASSO//lasso_traces_LeeJonesBen-Amram-POPL2001-Ex4_true-termination.c/lasso_trace_7.txt,TERMINATING,"0,37","138,25","150,68","289,3",8,TERMINATING,17,4,21,Affine Template / Affine Template
ATVA2026_benchmark/TERM_LASSO//lasso_traces_LeeJonesBen-Amram-POPL2001-Ex4.c/lasso_trace_1.txt,TERMINATING,"1,74","157,04","147,76","306,54",9,TERMINATING,7,3,10,Affine Template / Affine Template
ATVA2026_benchmark/TERM_LASSO//lasso_traces_LeeJonesBen-Amram-POPL2001-Ex4.c/lasso_trace_2.txt,TERMINATING,"0,51","116,13","139,56","256,2",12,TERMINATING,9,4,13,Affine Template / Affine Template
ATVA2026_benchmark/TERM_LASSO//lasso_traces_LeeJonesBen-Amram-POPL2001-Ex4.c/lasso_trace_3.txt,TERMINATING,"0,4","128,83","126,76","255,99",12,TERMINATING,13,3,16,Affine Template / Affine Template
ATVA2026_benchmark/TERM_LASSO//lasso_traces_LeeJonesBen-Amram-POPL2001-Ex4.c/lasso_trace_4.txt,TERMINATING,"0,36","30,92","140,58","171,86",12,TERMINATING,16,4,20,Affine Template / Affine Template
ATVA2026_benchmark/TERM_LASSO//lasso_traces_LeeJonesBen-Amram-POPL2001-Ex4.c/lasso_trace_6.txt,TERMINATING,"0,39","135,91","159,6","295,9",9,TERMINATING,14,3,17,Affine Template / Affine Template
ATVA2026_benchmark/TERM_LASSO//lasso_traces_LeeJonesBen-Amram-POPL2001-Ex5_no-overflow.c/lasso_trace_1.txt,TERMINATING,"3,64","119,14","237,55","360,33",18,TERMINATING,7,4,11,Affine Template / Affine Template
ATVA2026_benchmark/TERM_LASSO//lasso_traces_LeeJonesBen-Amram-POPL2001-Ex5.c/lasso_trace_1.txt,TERMINATING,"2,7","77,51","163,05","243,26",13,TERMINATING,7,4,11,Affine Template / Affine Template
ATVA2026_benchmark/TERM_LASSO//lasso_traces_LeeJonesBen-Amram-POPL2001-Ex6_no-overflow.c/lasso_trace_1.txt,TERMINATING,"3,68","157,93","38,55","200,16",12,TERMINATING,7,3,10,Affine Template / Affine Template
ATVA2026_benchmark/TERM_LASSO//lasso_traces_LeeJonesBen-Amram-POPL2001-Ex6_no-overflow.c/lasso_trace_2.txt,TERMINATING,"0,72","130,71","122,16","253,59",19,TERMINATING,10,3,13,Affine Template / Affine Template
ATVA2026_benchmark/TERM_LASSO//lasso_traces_LeeJonesBen-Amram-POPL2001-Ex6_true-termination.c/lasso_trace_1.txt,TERMINATING,"2,13","155,08","32,77","189,98",13,TERMINATING,7,3,10,Affine Template / Affine Template
ATVA2026_benchmark/TERM_LASSO//lasso_traces_LeeJonesBen-Amram-POPL2001-Ex6_true-termination.c/lasso_trace_2.txt,TERMINATING,"0,43","128,05","119,8","248,28",14,TERMINATING,10,3,13,Affine Template / Affine Template
ATVA2026_benchmark/TERM_LASSO//lasso_traces_LeeJonesBen-Amram-POPL2001-Ex6.c/lasso_trace_1.txt,TERMINATING,"2,52","154,59","37,39","194,5",12,TERMINATING,7,3,10,Affine Template / Affine Template
ATVA2026_benchmark/TERM_LASSO//lasso_traces_LeeJonesBen-Amram-POPL2001-Ex6.c/lasso_trace_2.txt,TERMINATING,"0,41","126,29","116,21","242,91",14,TERMINATING,10,3,13,Affine Template / Affine Template
ATVA2026_benchmark/TERM_LASSO//lasso_traces_LeikeHeizmann-TACAS2014-Ex1_no-overflow.c/lasso_trace_1.txt,TERMINATING,"2,24","132,57","105,96","240,77",17,TERMINATING,5,1,6,Affine Template / Affine Template
ATVA2026_benchmark/TERM_LASSO//lasso_traces_LeikeHeizmann-TACAS2014-Ex1_true-termination.c/lasso_trace_1.txt,TERMINATING,"2,14","123,43","110,65","236,22",13,TERMINATING,5,1,6,Affine Template / Affine Template
ATVA2026_benchmark/TERM_LASSO//lasso_traces_LeikeHeizmann-TACAS2014-Ex1.c/lasso_trace_1.txt,TERMINATING,"1,81","134,48","108,11","244,4",11,TERMINATING,5,1,6,Affine Template / Affine Template
ATVA2026_benchmark/TERM_LASSO//lasso_traces_LeikeHeizmann-TACAS2014-Ex7_no-overflow.c/lasso_trace_1.txt,TERMINATING,"2,44","112,47","113,32","228,23",8,TERMINATING,5,1,6,Affine Template / Affine Template
ATVA2026_benchmark/TERM_LASSO//lasso_traces_LeikeHeizmann-TACAS2014-Ex7_true-termination.c/lasso_trace_1.txt,TERMINATING,"2,2","102,02","106,81","211,03",8,TERMINATING,5,1,6,Affine Template / Affine Template
ATVA2026_benchmark/TERM_LASSO//lasso_traces_LeikeHeizmann-TACAS2014-Ex7.c/lasso_trace_1.txt,TERMINATING,"2,01","110,52","100,81","213,34",8,TERMINATING,5,1,6,Affine Template / Affine Template
ATVA2026_benchmark/TERM_LASSO//lasso_traces_LeikeHeizmann-TACAS2014-Ex8_no-overflow.c/lasso_trace_1.txt,TERMINATING,"2,23","140,29","102,3","244,82",14,TERMINATING,5,1,6,Affine Template / Affine Template
ATVA2026_benchmark/TERM_LASSO//lasso_traces_LeikeHeizmann-TACAS2014-Ex8_true-termination.c/lasso_trace_1.txt,TERMINATING,"2,14","129,27","97,45","228,86",14,TERMINATING,5,1,6,Affine Template / Affine Template
ATVA2026_benchmark/TERM_LASSO//lasso_traces_LeikeHeizmann-TACAS2014-Ex8.c/lasso_trace_1.txt,TERMINATING,"1,97","144,07","101,56","247,6",15,TERMINATING,5,1,6,Affine Template / Affine Template
ATVA2026_benchmark/TERM_LASSO//lasso_traces_LeikeHeizmann-TACAS2014-Ex9_no-overflow.c/lasso_trace_1.txt,TERMINATING,"2,12","145,15","100,71","247,98",14,TERMINATING,5,1,6,Affine Template / Affine Template
ATVA2026_benchmark/TERM_LASSO//lasso_traces_LeikeHeizmann-TACAS2014-Ex9_true-termination.c/lasso_trace_1.txt,TERMINATING,"1,91","134,46","114,05","250,42",13,TERMINATING,5,1,6,Affine Template / Affine Template
ATVA2026_benchmark/TERM_LASSO//lasso_traces_LeikeHeizmann-TACAS2014-Ex9.c/lasso_trace_1.txt,TERMINATING,"2,16","128,55","106,2","236,91",13,TERMINATING,5,1,6,Affine Template / Affine Template
ATVA2026_benchmark/TERM_LASSO//lasso_traces_LeikeHeizmann-TACAS2014-Fig1_no-overflow.c/lasso_trace_1.txt,TERMINATING,"2,04","236,68","53,46","292,18",21,TERMINATING,5,1,6,2-Nested Template / 2-Nested Template
ATVA2026_benchmark/TERM_LASSO//lasso_traces_LeikeHeizmann-TACAS2014-Fig1_true-termination.c/lasso_trace_1.txt,TERMINATING,"3,9","246,53","50,43","300,86",16,TERMINATING,5,1,6,2-Nested Template / 2-Nested Template
ATVA2026_benchmark/TERM_LASSO//lasso_traces_LeikeHeizmann-TACAS2014-Fig1.c/lasso_trace_1.txt,TERMINATING,"2,01","231,6","51,41","285,02",16,TERMINATING,5,1,6,2-Nested Template / 2-Nested Template
ATVA2026_benchmark/TERM_LASSO//lasso_traces_LeikeHeizmann-WST2014-Ex9_no-overflow.c/lasso_trace_1.txt,TERMINATING,"2,56","56,92","58,32","117,8",5,TERMINATING,5,1,6,Affine Template / Affine Template
ATVA2026_benchmark/TERM_LASSO//lasso_traces_LeikeHeizmann-WST2014-Ex9_true-termination.c/lasso_trace_1.txt,TERMINATING,"2,27","53,16","51,22","106,65",5,TERMINATING,5,1,6,Affine Template / Affine Template
ATVA2026_benchmark/TERM_LASSO//lasso_traces_LeikeHeizmann-WST2014-Ex9.c/lasso_trace_1.txt,TERMINATING,"2,11","45,25","50,21","97,57",5,TERMINATING,5,1,6,Affine Template / Affine Template
ATVA2026_benchmark/TERM_LASSO//lasso_traces_LeUserDefRec_no-overflow.c/lasso_trace_1.txt,TERMINATING,"2,06","67,29","36,87","106,22",9,TERMINATING,8,3,11,Affine Template / Affine Template
ATVA2026_benchmark/TERM_LASSO//lasso_traces_LeUserDefRec_true-termination.c/lasso_trace_1.txt,TERMINATING,"1,9","61,57","32,77","96,24",8,TERMINATING,8,3,11,Affine Template / Affine Template
ATVA2026_benchmark/TERM_LASSO//lasso_traces_LeUserDefRec_true.c/lasso_trace_1.txt,TERMINATING,"1,85","58,99","35,37","96,21",8,TERMINATING,8,3,11,Affine Template / Affine Template
ATVA2026_benchmark/TERM_LASSO//lasso_traces_LeUserDefRec.bpl/lasso_trace_1.txt,TERMINATING,"1,69","120,24","98,89","220,82",8,TERMINATING,0,4,4,Affine Template / Affine Template
ATVA2026_benchmark/TERM_LASSO//lasso_traces_LeUserDefRec.c/lasso_trace_1.txt,TERMINATING,"1,88","55,82","34,06","91,76",9,TERMINATING,8,3,11,Affine Template / Affine Template
ATVA2026_benchmark/TERM_LASSO//lasso_traces_lex2withoutHavoc_true-termination.bpl/lasso_trace_1.txt,TERMINATING,"1,86","33,27","39,28","74,41",7,TERMINATING,0,1,1,Affine Template / Affine Template
ATVA2026_benchmark/TERM_LASSO//lasso_traces_lex2withProc_true-termination.bpl/lasso_trace_1.txt,TERMINATING,"2,11","27,41","35,32","64,84",4,TERMINATING,0,4,4,Affine Template / Affine Template
ATVA2026_benchmark/TERM_LASSO//lasso_traces_lex2withProc_true-termination.bpl/lasso_trace_2.txt,TERMINATING,"0,53","50,83","55,79","107,15",8,TERMINATING,2,5,7,Affine Template / Affine Template
ATVA2026_benchmark/TERM_LASSO//lasso_traces_lex2withProc_true-termination.bpl/lasso_trace_3.txt,TERMINATING,"0,33","41,59","39,21","81,13",7,TERMINATING,9,4,13,Affine Template / Affine Template
ATVA2026_benchmark/TERM_LASSO//lasso_traces_lex2withProc_true-termination.bpl/lasso_trace_4.txt,TERMINATING,"0,35","28,95","28,05","57,35",5,TERMINATING,13,4,17,Affine Template / Affine Template
ATVA2026_benchmark/TERM_LASSO//lasso_traces_lex4withoutHavoc_true-termination.bpl/lasso_trace_1.txt,TERMINATING,"1,95","37,1","46,49","85,54",21,TERMINATING,0,1,1,Affine Template / Affine Template
ATVA2026_benchmark/TERM_LASSO//lasso_traces_LexConj-Ben-Amram.bpl/lasso_trace_1.txt,TERMINATING,"1,99","29,07","39,47","70,53",5,TERMINATING,0,1,1,Affine Template / Affine Template
ATVA2026_benchmark/TERM_LASSO//lasso_traces_LexIndexValue-Pointer-Reduced.bpl/lasso_trace_1.txt,TERMINATING,"2,34","50,83","36,62","89,79",4,TERMINATING,1,2,3,Affine Template / Affine Template
ATVA2026_benchmark/TERM_LASSO//lasso_traces_Limoges-Velo_true-termination.bpl/lasso_trace_1.txt,TERMINATING,"1,94","32,27","35,55","69,76",4,TERMINATING,0,1,1,Affine Template / Affine Template
ATVA2026_benchmark/TERM_LASSO//lasso_traces_linRakWithNonTrivialSI01.bpl/lasso_trace_1.txt,TERMINATING,"2,11","45,76","40,86","88,73",4,TERMINATING,1,1,2,Affine Template / Affine Template
ATVA2026_benchmark/TERM_LASSO//lasso_traces_ll_append_rec-alloca-1_termination.c/lasso_trace_1.txt,TERMINATING,"2,65","291,71",0,"294,36",59,TERMINATING,7,4,11,Affine Template / Affine Template
ATVA2026_benchmark/TERM_LASSO//lasso_traces_ll_append_rec-alloca-1_termination.c/lasso_trace_2.txt,TERMINATING,"0,59","286,62",0,"287,21",59,TERMINATING,13,4,17,Affine Template / Affine Template
ATVA2026_benchmark/TERM_LASSO//lasso_traces_ll_append_rec-alloca-1.c/lasso_trace_1.txt,TERMINATING,"2,06","301,81",0,"303,87",60,TERMINATING,7,4,11,Affine Template / Affine Template
ATVA2026_benchmark/TERM_LASSO//lasso_traces_ll_append_rec-alloca-1.c/lasso_trace_2.txt,TERMINATING,"0,47","291,85",0,"292,32",67,TERMINATING,13,4,17,Affine Template / Affine Template
ATVA2026_benchmark/TERM_LASSO//lasso_traces_ll_append_rec-alloca-2_termination.c/lasso_trace_1.txt,TERMINATING,"2,26","255,35",0,"257,61",64,TERMINATING,7,4,11,Affine Template / Affine Template
ATVA2026_benchmark/TERM_LASSO//lasso_traces_ll_append_rec-alloca-2.c/lasso_trace_1.txt,TERMINATING,"2,24","254,87",0,"257,11",58,TERMINATING,7,4,11,Affine Template / Affine Template
ATVA2026_benchmark/TERM_LASSO//lasso_traces_ll_append-alloca-1_termination.c/lasso_trace_1.txt,TERMINATING,"2,82","279,65",0,"282,47",60,TERMINATING,7,4,11,Affine Template / Affine Template
ATVA2026_benchmark/TERM_LASSO//lasso_traces_ll_append-alloca-1_termination.c/lasso_trace_2.txt,TERMINATING,"0,68","147,26",0,"147,94",61,TERMINATING,13,4,17,Affine Template / Affine Template
ATVA2026_benchmark/TERM_LASSO//lasso_traces_ll_append-alloca-1.c/lasso_trace_1.txt,TERMINATING,"3,03","271,59",0,"274,62",56,TERMINATING,7,4,11,Affine Template / Affine Template
ATVA2026_benchmark/TERM_LASSO//lasso_traces_ll_append-alloca-1.c/lasso_trace_2.txt,TERMINATING,"0,56","141,82",0,"142,38",61,TERMINATING,13,4,17,Affine Template / Affine Template
ATVA2026_benchmark/TERM_LASSO//lasso_traces_ll_append-alloca-2_termination.c/lasso_trace_1.txt,TERMINATING,"2,24","208,87",0,"211,11",55,TERMINATING,7,4,11,Affine Template / Affine Template
ATVA2026_benchmark/TERM_LASSO//lasso_traces_ll_append-alloca-2.c/lasso_trace_1.txt,TERMINATING,"2,16","211,44",0,"213,6",53,TERMINATING,7,4,11,Affine Template / Affine Template
ATVA2026_benchmark/TERM_LASSO//lasso_traces_ll_append-alloca-WithAbsOfMinIntBug_false-no-overflow.c/lasso_trace_1.txt,TERMINATING,"2,13","212,57",0,"214,7",56,TERMINATING,6,4,10,Affine Template / Affine Template
ATVA2026_benchmark/TERM_LASSO//lasso_traces_ll_create_rec-alloca-2_termination.c/lasso_trace_1.txt,TERMINATING,"2,22","220,16",0,"222,38",53,TERMINATING,7,4,11,Affine Template / Affine Template
ATVA2026_benchmark/TERM_LASSO//lasso_traces_ll_create_rec-alloca-2.c/lasso_trace_1.txt,TERMINATING,"2,21","220,18",0,"222,39",51,TERMINATING,7,4,11,Affine Template / Affine Template
ATVA2026_benchmark/TERM_LASSO//lasso_traces_Lobnya-Boolean-Reordered_true-termination.c/lasso_trace_1.txt,TERMINATING,"0,71","2348,77","89,52",2439,28,TERMINATING,6,1,7,2-Phase Template / Affine Template
ATVA2026_benchmark/TERM_LASSO//lasso_traces_Lobnya-Boolean-Reordered-1_no-overflow.c/lasso_trace_1.txt,TERMINATING,"0,45","2361,23","98,28","2459,96",29,TERMINATING,6,1,7,2-Phase Template / Affine Template
ATVA2026_benchmark/TERM_LASSO//lasso_traces_Lobnya-Boolean-Reordered-1.c/lasso_trace_1.txt,TERMINATING,"0,45","2314,39","88,52","2403,36",29,TERMINATING,6,1,7,2-Phase Template / Affine Template
ATVA2026_benchmark/TERM_LASSO//lasso_traces_Lobnya-Boolean-Reordered-2_no-overflow.c/lasso_trace_1.txt,TERMINATING,"0,48","2505,53","35,31","2541,32",35,TERMINATING,7,1,8,2-Phase Template / Affine Template
ATVA2026_benchmark/TERM_LASSO//lasso_traces_Lobnya-Boolean-Reordered-2.c/lasso_trace_1.txt,TERMINATING,"0,46","2332,18","28,41","2361,05",29,TERMINATING,7,1,8,2-Phase Template / Affine Template
ATVA2026_benchmark/TERM_LASSO//lasso_traces_Lobnya-Boolean.bpl/lasso_trace_1.txt,TERMINATING,"1,8","40,65","35,6","78,05",5,TERMINATING,0,1,1,Affine Template / Affine Template
ATVA2026_benchmark/TERM_LASSO//lasso_traces_Log_no-overflow.c/lasso_trace_2.txt,TERMINATING,"1,8","66,29","48,64","116,73",9,TERMINATING,5,3,8,Affine Template / Affine Template
ATVA2026_benchmark/TERM_LASSO//lasso_traces_Log_no-overflow.c/lasso_trace_3.txt,TERMINATING,"0,37","45,8","43,99","90,16",8,TERMINATING,6,1,7,Affine Template / Affine Template
ATVA2026_benchmark/TERM_LASSO//lasso_traces_Log.c/lasso_trace_2.txt,TERMINATING,"1,76","65,22","49,72","116,7",9,TERMINATING,5,3,8,Affine Template / Affine Template
ATVA2026_benchmark/TERM_LASSO//lasso_traces_Log.c/lasso_trace_3.txt,TERMINATING,"0,44","50,31","40,63","91,38",7,TERMINATING,6,1,7,Affine Template / Affine Template
ATVA2026_benchmark/TERM_LASSO//lasso_traces_LogAG_no-overflow.c/lasso_trace_1.txt,TERMINATING,"1,88","116,85","150,43","269,16",8,TERMINATING,5,2,7,Affine Template / Affine Template
ATVA2026_benchmark/TERM_LASSO//lasso_traces_LogAG_no-overflow.c/lasso_trace_2.txt,TERMINATING,"0,53","63,7","53,43","117,66",8,TERMINATING,6,1,7,Affine Template / Affine Template
ATVA2026_benchmark/TERM_LASSO//lasso_traces_LogAG.c/lasso_trace_1.txt,TERMINATING,"1,99","110,06","148,58","260,63",8,TERMINATING,5,2,7,Affine Template / Affine Template
ATVA2026_benchmark/TERM_LASSO//lasso_traces_LogAG.c/lasso_trace_2.txt,TERMINATING,"0,46","59,28","49,79","109,53",8,TERMINATING,6,1,7,Affine Template / Affine Template
ATVA2026_benchmark/TERM_LASSO//lasso_traces_long_while.c/lasso_trace_1.txt,TERMINATING,"1,78","53,73","50,47","105,98",4,TERMINATING,5,1,6,Affine Template / Affine Template
ATVA2026_benchmark/TERM_LASSO//lasso_traces_loop_as_goto.c/lasso_trace_1.txt,TERMINATING,"1,73","43,58","33,47","78,78",4,TERMINATING,5,1,6,Affine Template / Affine Template
ATVA2026_benchmark/TERM_LASSO//lasso_traces_loop_on_input.t2.c/lasso_trace_1.txt,TERMINATING,"2,38","118,93","56,4","177,71",6,TERMINATING,20,18,38,Affine Template / Affine Template
ATVA2026_benchmark/TERM_LASSO//lasso_traces_loop_on_input.t2.c/lasso_trace_2.txt,TERMINATING,"0,97","89,19","105,09","195,25",17,TERMINATING,23,22,45,Affine Template / Affine Template
ATVA2026_benchmark/TERM_LASSO//lasso_traces_loop-110517_Martin01-safe.bpl/lasso_trace_1.txt,TERMINATING,"2,01","44,14","44,14","90,29",4,TERMINATING,1,1,2,Affine Template / Affine Template
ATVA2026_benchmark/TERM_LASSO//lasso_traces_loop-110517_Martin01.bpl/lasso_trace_1.txt,TERMINATING,"1,99","51,88","35,54","89,41",4,TERMINATING,1,2,3,Affine Template / Affine Template
ATVA2026_benchmark/TERM_LASSO//lasso_traces_loop-CountTillBound-2.bpl/lasso_trace_1.txt,TERMINATING,"2,27","52,51","52,65","107,43",5,TERMINATING,1,2,3,Affine Template / Affine Template
ATVA2026_benchmark/TERM_LASSO//lasso_traces_loop-Goto.bpl/lasso_trace_1.txt,TERMINATING,"2,12","52,28","41,47","95,87",4,TERMINATING,1,2,3,Affine Template / Affine Template
ATVA2026_benchmark/TERM_LASSO//lasso_traces_loop-literal-widening-predicate-weakening.bpl/lasso_trace_1.txt,TERMINATING,"3,07","45,69","33,65","82,41",4,TERMINATING,1,1,2,Affine Template / Affine Template
ATVA2026_benchmark/TERM_LASSO//lasso_traces_loop-literal-widening.bpl/lasso_trace_1.txt,TERMINATING,"1,92","57,43","35,99","95,34",4,TERMINATING,1,1,2,Affine Template / Affine Template
ATVA2026_benchmark/TERM_LASSO//lasso_traces_loop-lockstep-example.bpl/lasso_trace_1.txt,TERMINATING,"2,66","66,6","65,69","134,95",6,TERMINATING,3,6,9,Affine Template / Affine Template
ATVA2026_benchmark/TERM_LASSO//lasso_traces_loop-lockstep-example.bpl/lasso_trace_2.txt,TERMINATING,"0,49","76,78","27,8","105,07",7,TERMINATING,4,3,7,Affine Template / Affine Template
ATVA2026_benchmark/TERM_LASSO//lasso_traces_loop-nested-assume-safe.bpl/lasso_trace_1.txt,TERMINATING,"1,99","41,52","32,64","76,15",4,TERMINATING,1,5,6,Affine Template / Affine Template
ATVA2026_benchmark/TERM_LASSO//lasso_traces_loop-nested-assume-unsafe.bpl/lasso_trace_1.txt,TERMINATING,"2,08","40,62","40,53","83,23",5,TERMINATING,1,5,6,Affine Template / Affine Template
ATVA2026_benchmark/TERM_LASSO//lasso_traces_loop-nondet.bpl/lasso_trace_1.txt,TERMINATING,"2,48","65,74","37,07","105,29",7,TERMINATING,1,2,3,Affine Template / Affine Template
ATVA2026_benchmark/TERM_LASSO//lasso_traces_loop-procedure.bpl/lasso_trace_1.txt,TERMINATING,"2,06","80,63","35,19","117,88",6,TERMINATING,1,4,5,Affine Template / Affine Template
ATVA2026_benchmark/TERM_LASSO//lasso_traces_loop-skips-unsafe.bpl/lasso_trace_1.txt,TERMINATING,"1,83","68,11","38,77","108,71",6,TERMINATING,1,3,4,Affine Template / Affine Template
ATVA2026_benchmark/TERM_LASSO//lasso_traces_Loop1.bpl/lasso_trace_1.txt,TERMINATING,"3,07","51,12",0,"54,19",6,TERMINATING,1,2,3,Affine Template / Affine Template
ATVA2026_benchmark/TERM_LASSO//lasso_traces_loop1Safe.bpl/lasso_trace_1.txt,TERMINATING,"1,9","44,64","37,26","83,8",4,TERMINATING,1,1,2,Affine Template / Affine Template
ATVA2026_benchmark/TERM_LASSO//lasso_traces_loop1Unsafe.bpl/lasso_trace_1.txt,TERMINATING,"1,94","78,97","36,54","117,45",8,TERMINATING,1,1,2,Affine Template / Affine Template
ATVA2026_benchmark/TERM_LASSO//lasso_traces_loop2.bpl/lasso_trace_1.txt,TERMINATING,"1,79","49,37","37,2","88,36",4,TERMINATING,1,1,2,Affine Template / Affine Template
ATVA2026_benchmark/TERM_LASSO//lasso_traces_loop2Safe.bpl/lasso_trace_1.txt,TERMINATING,"1,82","50,87","42,63","95,32",4,TERMINATING,1,1,2,Affine Template / Affine Template
ATVA2026_benchmark/TERM_LASSO//lasso_traces_loop2Unsafe.bpl/lasso_trace_1.txt,TERMINATING,"1,78","43,94","41,98","87,7",4,TERMINATING,1,1,2,Affine Template / Affine Template
ATVA2026_benchmark/TERM_LASSO//lasso_traces_loop3.bpl/lasso_trace_1.txt,TERMINATING,"1,86","46,12","40,06","88,04",4,TERMINATING,1,1,2,Affine Template / Affine Template
ATVA2026_benchmark/TERM_LASSO//lasso_traces_loop3.t2.c/lasso_trace_1.txt,TERMINATING,"3,03","126,81","141,38","271,22",7,TERMINATING,24,13,37,Affine Template / Affine Template
ATVA2026_benchmark/TERM_LASSO//lasso_traces_loop3.t2.c/lasso_trace_12.txt,TERMINATING,"0,33","309,96","454,01","764,3",16,TERMINATING,456,13,469,Affine Template / Affine Template
ATVA2026_benchmark/TERM_LASSO//lasso_traces_loop3.t2.c/lasso_trace_13.txt,TERMINATING,"0,36","364,65","518,88","883,89",17,TERMINATING,491,13,504,Affine Template / Affine Template
ATVA2026_benchmark/TERM_LASSO//lasso_traces_loop3.t2.c/lasso_trace_16.txt,TERMINATING,"0,3","155,38","693,52","849,2",19,TERMINATING,674,13,687,Affine Template / Affine Template
ATVA2026_benchmark/TERM_LASSO//lasso_traces_loop3.t2.c/lasso_trace_17.txt,TERMINATING,"0,33","474,32","607,62","1082,27",19,TERMINATING,735,13,748,Affine Template / Affine Template
ATVA2026_benchmark/TERM_LASSO//lasso_traces_loop3.t2.c/lasso_trace_20.txt,TERMINATING,"0,26","277,05","442,4","719,71",21,TERMINATING,996,13,1009,Affine Template / Affine Template
ATVA2026_benchmark/TERM_LASSO//lasso_traces_loop3.t2.c/lasso_trace_21.txt,TERMINATING,"0,3","388,95","492,94","882,19",22,TERMINATING,1083,13,1096,Affine Template / Affine Template
ATVA2026_benchmark/TERM_LASSO//lasso_traces_loop3.t2.c/lasso_trace_6.txt,TERMINATING,"0,46","55,29","229,72","285,47",12,TERMINATING,285,13,298,Affine Template / Affine Template
ATVA2026_benchmark/TERM_LASSO//lasso_traces_loop3.t2.c/lasso_trace_7.txt,TERMINATING,"0,38","61,79","64,51","126,68",12,TERMINATING,307,13,320,Affine Template / Affine Template
ATVA2026_benchmark/TERM_LASSO//lasso_traces_loop3.t2.c/lasso_trace_8.txt,TERMINATING,"0,28","101,85","356,54","458,67",13,TERMINATING,342,13,355,Affine Template / Affine Template
ATVA2026_benchmark/TERM_LASSO//lasso_traces_loop3.t2.c/lasso_trace_9.txt,TERMINATING,"0,33","293,13","375,34","668,8",14,TERMINATING,356,13,369,Affine Template / Affine Template
ATVA2026_benchmark/TERM_LASSO//lasso_traces_loopAccelerationAbstractPathConditions.bpl/lasso_trace_1.txt,TERMINATING,"2,31","86,9",0,"89,21",14,TERMINATING,1,1,2,Affine Template / Affine Template
ATVA2026_benchmark/TERM_LASSO//lasso_traces_loopNondetInitVal.bpl/lasso_trace_1.txt,TERMINATING,"1,78","30,42","32,4","64,6",3,TERMINATING,0,1,1,Affine Template / Affine Template
ATVA2026_benchmark/TERM_LASSO//lasso_traces_Loops.c/lasso_trace_1.txt,TERMINATING,"1,94","110,58","47,86","160,38",6,TERMINATING,5,1,6,Affine Template / Affine Template
ATVA2026_benchmark/TERM_LASSO//lasso_traces_loopSeveralExits.bpl/lasso_trace_1.txt,TERMINATING,"2,65","40,04","40,34","83,03",10,TERMINATING,0,5,5,Affine Template / Affine Template
ATVA2026_benchmark/TERM_LASSO//lasso_traces_loopWithAssertion.bpl/lasso_trace_1.txt,TERMINATING,"1,77","50,8","34,24","86,81",6,TERMINATING,1,2,3,Affine Template / Affine Template
ATVA2026_benchmark/TERM_LASSO//lasso_traces_loopWithBreak.bpl/lasso_trace_1.txt,TERMINATING,"2,11","75,93","35,06","113,1",9,TERMINATING,1,2,3,Affine Template / Affine Template
ATVA2026_benchmark/TERM_LASSO//lasso_traces_loopWithConstantAssignment.bpl/lasso_trace_1.txt,TERMINATING,"2,05","44,52","38,02","84,59",5,TERMINATING,1,1,2,Affine Template / Affine Template
ATVA2026_benchmark/TERM_LASSO//lasso_traces_loopWithNondeterministicBranch.bpl/lasso_trace_1.txt,TERMINATING,"1,98","46,54","34,75","83,27",8,TERMINATING,1,1,2,Affine Template / Affine Template
ATVA2026_benchmark/TERM_LASSO//lasso_traces_loopWithRemainingQuantifiers.bpl/lasso_trace_1.txt,TERMINATING,"2,16","47,74","34,89","84,79",4,TERMINATING,1,1,2,Affine Template / Affine Template
ATVA2026_benchmark/TERM_LASSO//lasso_traces_loopWithUnreachableBranch.bpl/lasso_trace_1.txt,TERMINATING,"2,1","42,29","35,58","79,97",4,TERMINATING,1,1,2,Affine Template / Affine Template
ATVA2026_benchmark/TERM_LASSO//lasso_traces_ludcmp.c.i.ludcmp.pl.t2.fixed.t2.c/lasso_trace_3.txt,TERMINATING,"2,05","294,33","194,5","490,88",12,TERMINATING,56,40,96,Affine Template / Affine Template
ATVA2026_benchmark/TERM_LASSO//lasso_traces_ludcmp.c.i.ludcmp.pl.t2.fixed.t2.c/lasso_trace_4.txt,TERMINATING,"0,43","36,93","43,25","80,61",16,TERMINATING,65,55,120,Affine Template / Affine Template
ATVA2026_benchmark/TERM_LASSO//lasso_traces_ludcmp.c.i.ludcmp.pl.t2.fixed.t2.c/lasso_trace_5.txt,TERMINATING,"0,4","169,79","221,47","391,66",12,TERMINATING,69,26,95,Affine Template / Affine Template
ATVA2026_benchmark/TERM_LASSO//lasso_traces_ludcmp.c.i.ludcmp.pl.t2.fixed.t2.c/lasso_trace_7.txt,TERMINATING,"0,36","212,74","295,25","508,35",13,TERMINATING,105,17,122,Affine Template / Affine Template
ATVA2026_benchmark/TERM_LASSO//lasso_traces_ludcmp.c.i.ludcmp.pl.t2.fixed.t2.c/lasso_trace_8.txt,TERMINATING,"0,29","131,75","332,85","464,89",14,TERMINATING,109,17,126,Affine Template / Affine Template
ATVA2026_benchmark/TERM_LASSO//lasso_traces_ludcmp.c.i.ludcmp.pl.t2.nor.t2.rlgfixed.t2.c/lasso_trace_3.txt,TERMINATING,"1,79","314,83","226,84","543,46",12,TERMINATING,56,40,96,Affine Template / Affine Template
ATVA2026_benchmark/TERM_LASSO//lasso_traces_ludcmp.c.i.ludcmp.pl.t2.nor.t2.rlgfixed.t2.c/lasso_trace_4.txt,TERMINATING,"0,42","40,12","50,01","90,55",16,TERMINATING,65,55,120,Affine Template / Affine Template
ATVA2026_benchmark/TERM_LASSO//lasso_traces_ludcmp.c.i.ludcmp.pl.t2.nor.t2.rlgfixed.t2.c/lasso_trace_5.txt,TERMINATING,"0,37","160,86","214,69","375,92",12,TERMINATING,69,26,95,Affine Template / Affine Template
ATVA2026_benchmark/TERM_LASSO//lasso_traces_ludcmp.c.i.ludcmp.pl.t2.nor.t2.rlgfixed.t2.c/lasso_trace_7.txt,TERMINATING,"0,32","211,34","308,87","520,53",13,TERMINATING,105,17,122,Affine Template / Affine Template
ATVA2026_benchmark/TERM_LASSO//lasso_traces_ludcmp.c.i.ludcmp.pl.t2.nor.t2.rlgfixed.t2.c/lasso_trace_8.txt,TERMINATING,"0,36","143,61","321,75","465,72",14,TERMINATING,109,17,126,Affine Template / Affine Template
ATVA2026_benchmark/TERM_LASSO//lasso_traces_ludcmp.t2.c/lasso_trace_3.txt,TERMINATING,"1,81","311,82","204,51","518,14",12,TERMINATING,56,40,96,Affine Template / Affine Template
ATVA2026_benchmark/TERM_LASSO//lasso_traces_ludcmp.t2.c/lasso_trace_4.txt,TERMINATING,"0,45",43,"41,65","85,1",15,TERMINATING,65,55,120,Affine Template / Affine Template
ATVA2026_benchmark/TERM_LASSO//lasso_traces_ludcmp.t2.c/lasso_trace_5.txt,TERMINATING,"0,31","147,9","207,05","355,26",13,TERMINATING,69,26,95,Affine Template / Affine Template
ATVA2026_benchmark/TERM_LASSO//lasso_traces_ludcmp.t2.c/lasso_trace_7.txt,TERMINATING,"0,35","201,28","285,82","487,45",13,TERMINATING,105,17,122,Affine Template / Affine Template
ATVA2026_benchmark/TERM_LASSO//lasso_traces_ludcmp.t2.c/lasso_trace_8.txt,TERMINATING,"0,54","132,69","309,67","442,9",19,TERMINATING,109,17,126,Affine Template / Affine Template
ATVA2026_benchmark/TERM_LASSO//lasso_traces_LUJJLR.bpl/lasso_trace_2.txt,TERMINATING,"1,96","3189,79",0,"3191,75",61,TERMINATING,1,3,4,Affine Template / Affine Template
ATVA2026_benchmark/TERM_LASSO//lasso_traces_LUJLRJ.bpl/lasso_trace_1.txt,TERMINATING,"1,86","3156,81",0,"3158,67",56,TERMINATING,1,2,3,Affine Template / Affine Template
ATVA2026_benchmark/TERM_LASSO//lasso_traces_Luxembourg.c/lasso_trace_1.txt,TERMINATING,"1,79","92,93","94,44","189,16",6,TERMINATING,5,2,7,Affine Template / Affine Template
ATVA2026_benchmark/TERM_LASSO//lasso_traces_magic.t2.c/lasso_trace_1.txt,TERMINATING,"1,64","125,47","34,42","161,53",16,TERMINATING,112,13,125,Affine Template / Affine Template
ATVA2026_benchmark/TERM_LASSO//lasso_traces_magic.t2.c/lasso_trace_17.txt,TERMINATING,"0,39","496,82","699,86","1197,07",28,TERMINATING,806,17,823,Affine Template / Affine Template
ATVA2026_benchmark/TERM_LASSO//lasso_traces_magic.t2.c/lasso_trace_18.txt,TERMINATING,"0,36","634,08","87,34","721,78",28,TERMINATING,906,17,923,Affine Template / Affine Template
ATVA2026_benchmark/TERM_LASSO//lasso_traces_magic.t2.c/lasso_trace_4.txt,TERMINATING,"0,34","296,63","357,57","654,54",18,TERMINATING,139,17,156,Affine Template / Affine Template
ATVA2026_benchmark/TERM_LASSO//lasso_traces_ManyFactsAboutX_incorrect.bpl/lasso_trace_1.txt,TERMINATING,"3,09","71,43","49,98","124,5",16,TERMINATING,1,1,2,Affine Template / Affine Template
ATVA2026_benchmark/TERM_LASSO//lasso_traces_ManyFactsAboutX.bpl/lasso_trace_1.txt,TERMINATING,"2,29","70,51","49,33","122,13",22,TERMINATING,1,1,2,Affine Template / Affine Template
ATVA2026_benchmark/TERM_LASSO//lasso_traces_map-aggr-update1-2modifiers.bpl/lasso_trace_1.txt,TERMINATING,"2,66","56,62",0,"59,28",9,TERMINATING,3,3,6,Affine Template / Affine Template
ATVA2026_benchmark/TERM_LASSO//lasso_traces_map-aggr-update1-2modifiers.bpl/lasso_trace_2.txt,TERMINATING,"0,49","109,45",0,"109,94",10,TERMINATING,5,3,8,Affine Template / Affine Template
ATVA2026_benchmark/TERM_LASSO//lasso_traces_map-aggr-update1-2modifiers.bpl/lasso_trace_3.txt,TERMINATING,"0,55","91,23",0,"91,78",7,TERMINATING,5,4,9,Affine Template / Affine Template
ATVA2026_benchmark/TERM_LASSO//lasso_traces_map-aggr-update1-2modifiers.bpl/lasso_trace_4.txt,TERMINATING,"0,55","110,7",0,"111,25",11,TERMINATING,6,3,9,Affine Template / Affine Template
ATVA2026_benchmark/TERM_LASSO//lasso_traces_map-aggr-update1-3modifiers.bpl/lasso_trace_1.txt,TERMINATING,"2,45","51,76",0,"54,21",9,TERMINATING,3,3,6,Affine Template / Affine Template
ATVA2026_benchmark/TERM_LASSO//lasso_traces_map-aggr-update1-3modifiers.bpl/lasso_trace_2.txt,TERMINATING,"0,86","72,29",0,"73,15",7,TERMINATING,5,4,9,Affine Template / Affine Template
ATVA2026_benchmark/TERM_LASSO//lasso_traces_map-aggr-update1-3modifiers.bpl/lasso_trace_3.txt,TERMINATING,"0,51","164,29",0,"164,8",9,TERMINATING,5,3,8,Affine Template / Affine Template
ATVA2026_benchmark/TERM_LASSO//lasso_traces_map-aggr-update1-3modifiers.bpl/lasso_trace_4.txt,TERMINATING,"0,41","215,33",0,"215,74",11,TERMINATING,6,3,9,Affine Template / Affine Template
ATVA2026_benchmark/TERM_LASSO//lasso_traces_map-aggr-update1-3modifiers.bpl/lasso_trace_5.txt,TERMINATING,"0,38","95,77",0,"96,15",14,TERMINATING,7,3,10,Affine Template / Affine Template
ATVA2026_benchmark/TERM_LASSO//lasso_traces_map-aggr-update1-4modifiers.bpl/lasso_trace_1.txt,TERMINATING,"2,69","53,76",0,"56,45",12,TERMINATING,3,3,6,Affine Template / Affine Template
ATVA2026_benchmark/TERM_LASSO//lasso_traces_map-aggr-update1-4modifiers.bpl/lasso_trace_2.txt,TERMINATING,"0,77","115,53",0,"116,3",8,TERMINATING,5,3,8,Affine Template / Affine Template
ATVA2026_benchmark/TERM_LASSO//lasso_traces_map-aggr-update1-4modifiers.bpl/lasso_trace_3.txt,TERMINATING,"0,49","171,47",0,"171,96",11,TERMINATING,5,4,9,Affine Template / Affine Template
ATVA2026_benchmark/TERM_LASSO//lasso_traces_map-aggr-update1.bpl/lasso_trace_1.txt,TERMINATING,"1,99","67,99",0,"69,98",10,TERMINATING,3,3,6,Affine Template / Affine Template
ATVA2026_benchmark/TERM_LASSO//lasso_traces_map-aggr-update1.bpl/lasso_trace_2.txt,TERMINATING,"0,45","107,84",0,"108,29",13,TERMINATING,5,3,8,Affine Template / Affine Template
ATVA2026_benchmark/TERM_LASSO//lasso_traces_map-aggr-update1.bpl/lasso_trace_3.txt,TERMINATING,"0,88","90,37",0,"91,25",10,TERMINATING,5,4,9,Affine Template / Affine Template
ATVA2026_benchmark/TERM_LASSO//lasso_traces_map-aggr-update2.bpl/lasso_trace_1.txt,TERMINATING,"1,9","79,66",0,"81,56",11,TERMINATING,3,3,6,Affine Template / Affine Template
ATVA2026_benchmark/TERM_LASSO//lasso_traces_map-aggr-update2.bpl/lasso_trace_2.txt,TERMINATING,"0,69","119,38",0,"120,07",21,TERMINATING,5,3,8,Affine Template / Affine Template
ATVA2026_benchmark/TERM_LASSO//lasso_traces_map-aggr-update2.bpl/lasso_trace_3.txt,TERMINATING,"0,58","113,66",0,"114,24",13,TERMINATING,5,3,8,Affine Template / Affine Template
ATVA2026_benchmark/TERM_LASSO//lasso_traces_map-aggr-update3.bpl/lasso_trace_1.txt,TERMINATING,"2,14","61,29",0,"63,43",14,TERMINATING,3,3,6,Affine Template / Affine Template
ATVA2026_benchmark/TERM_LASSO//lasso_traces_map-comp.bpl/lasso_trace_1.txt,TERMINATING,"2,12","56,24",0,"58,36",6,TERMINATING,4,3,7,Affine Template / Affine Template
ATVA2026_benchmark/TERM_LASSO//lasso_traces_map-comp.bpl/lasso_trace_2.txt,TERMINATING,"0,48","41,21",0,"41,69",7,TERMINATING,5,3,8,Affine Template / Affine Template
ATVA2026_benchmark/TERM_LASSO//lasso_traces_map-comp.bpl/lasso_trace_3.txt,TERMINATING,"0,92","82,53",0,"83,45",8,TERMINATING,6,3,9,Affine Template / Affine Template
ATVA2026_benchmark/TERM_LASSO//lasso_traces_map-incr-decr.bpl/lasso_trace_1.txt,TERMINATING,"2,04","75,29",0,"77,33",7,TERMINATING,5,3,8,Affine Template / Affine Template
ATVA2026_benchmark/TERM_LASSO//lasso_traces_map-incr-decr.bpl/lasso_trace_2.txt,TERMINATING,"0,84","106,12",0,"106,96",8,TERMINATING,6,3,9,Affine Template / Affine Template
ATVA2026_benchmark/TERM_LASSO//lasso_traces_map-incr-split.bpl/lasso_trace_1.txt,TERMINATING,"2,34","52,15",0,"54,49",6,TERMINATING,4,3,7,Affine Template / Affine Template
ATVA2026_benchmark/TERM_LASSO//lasso_traces_map-incr-split.bpl/lasso_trace_2.txt,TERMINATING,"0,69","53,05",0,"53,74",8,TERMINATING,5,3,8,Affine Template / Affine Template
ATVA2026_benchmark/TERM_LASSO//lasso_traces_Masse-VMCAI2014-Ex6_no-overflow.c/lasso_trace_1.txt,TERMINATING,"2,13","129,03","89,98","221,14",14,TERMINATING,5,1,6,Affine Template / Affine Template
ATVA2026_benchmark/TERM_LASSO//lasso_traces_Masse-VMCAI2014-Ex6_true-termination.c/lasso_trace_1.txt,TERMINATING,"1,93","122,47","100,96","225,36",15,TERMINATING,5,1,6,Affine Template / Affine Template
ATVA2026_benchmark/TERM_LASSO//lasso_traces_Masse-VMCAI2014-Ex6.c/lasso_trace_1.txt,TERMINATING,"1,95","137,6","91,2","230,75",17,TERMINATING,5,1,6,Affine Template / Affine Template
ATVA2026_benchmark/TERM_LASSO//lasso_traces_Masse-VMCAI2014-Fig1a_no-overflow.c/lasso_trace_1.txt,TERMINATING,"2,4","153,34","89,57","245,31",14,TERMINATING,5,1,6,Affine Template / Affine Template
ATVA2026_benchmark/TERM_LASSO//lasso_traces_Masse-VMCAI2014-Fig1a_true-termination.c/lasso_trace_1.txt,TERMINATING,"2,21","150,73","116,67","269,61",15,TERMINATING,5,1,6,Affine Template / Affine Template
ATVA2026_benchmark/TERM_LASSO//lasso_traces_Masse-VMCAI2014-Fig1a.c/lasso_trace_1.txt,TERMINATING,"2,08","144,57","97,48","244,13",15,TERMINATING,5,1,6,Affine Template / Affine Template
ATVA2026_benchmark/TERM_LASSO//lasso_traces_matmul.t2.c/lasso_trace_10.txt,TERMINATING,"0,24","68,95","99,51","168,7",7,TERMINATING,124,13,137,Affine Template / Affine Template
ATVA2026_benchmark/TERM_LASSO//lasso_traces_matmul.t2.c/lasso_trace_19.txt,TERMINATING,"0,31",26,"25,11","51,42",13,TERMINATING,468,457,925,Affine Template / Affine Template
ATVA2026_benchmark/TERM_LASSO//lasso_traces_matmul.t2.c/lasso_trace_20.txt,TERMINATING,"0,23","110,81","98,43","209,47",9,TERMINATING,481,87,568,Affine Template / Affine Template
ATVA2026_benchmark/TERM_LASSO//lasso_traces_matmul.t2.c/lasso_trace_21.txt,TERMINATING,"0,27","81,98","107,42","189,67",10,TERMINATING,494,13,507,Affine Template / Affine Template
ATVA2026_benchmark/TERM_LASSO//lasso_traces_matmul.t2.c/lasso_trace_22.txt,TERMINATING,"0,27","166,87","184,5","351,64",10,TERMINATING,581,13,594,Affine Template / Affine Template
ATVA2026_benchmark/TERM_LASSO//lasso_traces_matmul.t2.c/lasso_trace_23.txt,TERMINATING,"0,3","147,96","244,09","392,35",9,TERMINATING,938,87,1025,Affine Template / Affine Template
ATVA2026_benchmark/TERM_LASSO//lasso_traces_matmul.t2.c/lasso_trace_6.txt,TERMINATING,"1,44","113,79","31,3","146,53",7,TERMINATING,24,87,111,Affine Template / Affine Template
ATVA2026_benchmark/TERM_LASSO//lasso_traces_matmul.t2.c/lasso_trace_8.txt,TERMINATING,"0,3","140,38","177,94","318,62",7,TERMINATING,37,13,50,Affine Template / Affine Template
ATVA2026_benchmark/TERM_LASSO//lasso_traces_matmult.t2.c/lasso_trace_21.txt,TERMINATING,"1,6","226,67","265,14","493,41",9,TERMINATING,52,362,414,Affine Template / Affine Template
ATVA2026_benchmark/TERM_LASSO//lasso_traces_matmult.t2.c/lasso_trace_26.txt,TERMINATING,"0,33","26,97","28,83","56,13",9,TERMINATING,65,17,82,Affine Template / Affine Template
ATVA2026_benchmark/TERM_LASSO//lasso_traces_matmult.t2.c/lasso_trace_45.txt,TERMINATING,"0,21","190,48","48,41","239,1",9,TERMINATING,427,17,444,Affine Template / Affine Template
ATVA2026_benchmark/TERM_LASSO//lasso_traces_matrix_chain.c/lasso_trace_1.txt,TERMINATING,2,"167,98","154,76","324,74",10,TERMINATING,1,2,3,Affine Template / Affine Template
ATVA2026_benchmark/TERM_LASSO//lasso_traces_matrixsqrt.t2.c/lasso_trace_3.txt,TERMINATING,"0,33","118,76","169,25","288,34",24,TERMINATING,51,48,99,Affine Template / Affine Template
ATVA2026_benchmark/TERM_LASSO//lasso_traces_max-tailsum2.bpl/lasso_trace_1.txt,TERMINATING,"2,21","97,06",0,"99,27",17,TERMINATING,5,4,9,Affine Template / Affine Template
ATVA2026_benchmark/TERM_LASSO//lasso_traces_max-tailsum2.bpl/lasso_trace_2.txt,TERMINATING,"0,55","78,74",0,"79,29",21,TERMINATING,6,4,10,Affine Template / Affine Template
ATVA2026_benchmark/TERM_LASSO//lasso_traces_max-tailsum3.bpl/lasso_trace_1.txt,TERMINATING,"2,86","82,84",0,"85,7",15,TERMINATING,5,4,9,Affine Template / Affine Template
ATVA2026_benchmark/TERM_LASSO//lasso_traces_max-tailsum3.bpl/lasso_trace_2.txt,TERMINATING,"0,52","111,52",0,"112,04",21,TERMINATING,6,4,10,Affine Template / Affine Template
ATVA2026_benchmark/TERM_LASSO//lasso_traces_max-tailsum3.bpl/lasso_trace_3.txt,TERMINATING,"0,51","180,14",0,"180,65",32,TERMINATING,7,4,11,Affine Template / Affine Template
ATVA2026_benchmark/TERM_LASSO//lasso_traces_max-tailsum4.bpl/lasso_trace_1.txt,TERMINATING,"2,01","108,38",0,"110,39",16,TERMINATING,5,4,9,Affine Template / Affine Template
ATVA2026_benchmark/TERM_LASSO//lasso_traces_max-tailsum4.bpl/lasso_trace_2.txt,TERMINATING,"0,52","59,98",0,"60,5",22,TERMINATING,6,4,10,Affine Template / Affine Template
ATVA2026_benchmark/TERM_LASSO//lasso_traces_max-tailsum4.bpl/lasso_trace_3.txt,TERMINATING,"0,42","181,83",0,"182,25",25,TERMINATING,7,4,11,Affine Template / Affine Template
ATVA2026_benchmark/TERM_LASSO//lasso_traces_max-tailsum4.bpl/lasso_trace_4.txt,TERMINATING,"0,59","168,04",0,"168,63",36,TERMINATING,8,4,12,Affine Template / Affine Template
ATVA2026_benchmark/TERM_LASSO//lasso_traces_max-tailsum5.bpl/lasso_trace_1.txt,TERMINATING,"2,62","100,11",0,"102,73",25,TERMINATING,5,4,9,Affine Template / Affine Template
ATVA2026_benchmark/TERM_LASSO//lasso_traces_max-tailsum5.bpl/lasso_trace_2.txt,TERMINATING,"0,5","58,04",0,"58,54",25,TERMINATING,6,4,10,Affine Template / Affine Template
ATVA2026_benchmark/TERM_LASSO//lasso_traces_max-tailsum5.bpl/lasso_trace_3.txt,TERMINATING,"0,58","180,97",0,"181,55",31,TERMINATING,7,4,11,Affine Template / Affine Template
ATVA2026_benchmark/TERM_LASSO//lasso_traces_max-tailsum5.bpl/lasso_trace_4.txt,TERMINATING,"0,71","125,7",0,"126,41",38,TERMINATING,8,4,12,Affine Template / Affine Template
ATVA2026_benchmark/TERM_LASSO//lasso_traces_max-tailsum5.bpl/lasso_trace_5.txt,TERMINATING,"0,6","84,64",0,"85,24",49,TERMINATING,9,4,13,Affine Template / Affine Template
ATVA2026_benchmark/TERM_LASSO//lasso_traces_Maxrank3Insuffient.bpl/lasso_trace_1.txt,TERMINATING,"0,78","83,13","29,56","113,47",9,TERMINATING,1,1,2,Affine Template / Affine Template
ATVA2026_benchmark/TERM_LASSO//lasso_traces_mc91.c/lasso_trace_1.txt,TERMINATING,"1,65","24,7","52,44","78,79",5,TERMINATING,0,3,3,Affine Template / Affine Template
ATVA2026_benchmark/TERM_LASSO//lasso_traces_mc91.c/lasso_trace_2.txt,TERMINATING,"0,41","38,63","40,98","80,02",7,TERMINATING,2,3,5,Affine Template / Affine Template
ATVA2026_benchmark/TERM_LASSO//lasso_traces_mc91.c/lasso_trace_3.txt,TERMINATING,"0,39","53,17","84,46","138,02",8,TERMINATING,9,9,18,Affine Template / Affine Template
ATVA2026_benchmark/TERM_LASSO//lasso_traces_mc91.c/lasso_trace_5.txt,TERMINATING,"0,27","47,42","43,26","90,95",6,TERMINATING,47,9,56,Affine Template / Affine Template
ATVA2026_benchmark/TERM_LASSO//lasso_traces_mc91.t2.c/lasso_trace_1.txt,TERMINATING,"1,92","122,43",151,"275,35",8,TERMINATING,24,10,34,Affine Template / Affine Template
ATVA2026_benchmark/TERM_LASSO//lasso_traces_mc91.t2.c/lasso_trace_2.txt,TERMINATING,"0,5","74,41","87,26","162,17",22,TERMINATING,31,14,45,Affine Template / Affine Template
ATVA2026_benchmark/TERM_LASSO//lasso_traces_mc91.t2.c/lasso_trace_4.txt,TERMINATING,"0,23","102,94","127,81","230,98",9,TERMINATING,52,10,62,Affine Template / Affine Template
ATVA2026_benchmark/TERM_LASSO//lasso_traces_mc91.t2.c/lasso_trace_5.txt,TERMINATING,"0,27","84,3","61,3","145,87",8,TERMINATING,52,24,76,Affine Template / Affine Template
ATVA2026_benchmark/TERM_LASSO//lasso_traces_mc91.t2.c/lasso_trace_7.txt,TERMINATING,"0,27","59,94","49,32","109,53",8,TERMINATING,76,24,100,Affine Template / Affine Template
ATVA2026_benchmark/TERM_LASSO//lasso_traces_mc91test.t2.c/lasso_trace_1.txt,TERMINATING,"1,85","63,34","114,02","179,21",13,TERMINATING,36,15,51,Affine Template / Affine Template
ATVA2026_benchmark/TERM_LASSO//lasso_traces_mc91test.t2.c/lasso_trace_10.txt,TERMINATING,"0,29","124,67","25,78","150,74",12,TERMINATING,116,74,190,Affine Template / Affine Template
ATVA2026_benchmark/TERM_LASSO//lasso_traces_mc91test.t2.c/lasso_trace_2.txt,TERMINATING,"0,4","104,76","86,96","192,12",12,TERMINATING,48,19,67,Affine Template / Affine Template
ATVA2026_benchmark/TERM_LASSO//lasso_traces_mc91test.t2.c/lasso_trace_5.txt,TERMINATING,"0,4","66,26","52,04","118,7",25,TERMINATING,70,26,96,Affine Template / Affine Template
ATVA2026_benchmark/TERM_LASSO//lasso_traces_mc91test.t2.c/lasso_trace_7.txt,TERMINATING,"0,36","217,61","255,94","473,91",12,TERMINATING,93,48,141,Affine Template / Affine Template
ATVA2026_benchmark/TERM_LASSO//lasso_traces_mc91test.t2.c/lasso_trace_9.txt,TERMINATING,"0,28","27,49","51,49","79,26",11,TERMINATING,116,74,190,Affine Template / Affine Template
ATVA2026_benchmark/TERM_LASSO//lasso_traces_McCarthy91_false-unreach-call_false-termination.c/lasso_trace_1.txt,TERMINATING,"1,92","43,54","149,59","195,05",6,TERMINATING,6,3,9,Affine Template / Affine Template
ATVA2026_benchmark/TERM_LASSO//lasso_traces_McCarthy91_false-unreach-call_false-termination.c/lasso_trace_2.txt,TERMINATING,"0,45","87,95","98,57","186,97",8,TERMINATING,13,9,22,Affine Template / Affine Template
ATVA2026_benchmark/TERM_LASSO//lasso_traces_McCarthy91_false-unreach-call_false-termination.c/lasso_trace_9.txt,TERMINATING,"0,38","47,33","38,82","86,53",6,TERMINATING,36,9,45,Affine Template / Affine Template
ATVA2026_benchmark/TERM_LASSO//lasso_traces_McCarthy91_Iteration_no-overflow.c/lasso_trace_1.txt,TERMINATING,"2,32","96,4","73,64","172,36",14,TERMINATING,5,1,6,Affine Template / Affine Template
ATVA2026_benchmark/TERM_LASSO//lasso_traces_McCarthy91_Iteration_true-termination.c/lasso_trace_1.txt,TERMINATING,"2,11","99,56","70,98","172,65",13,TERMINATING,5,1,6,Affine Template / Affine Template
ATVA2026_benchmark/TERM_LASSO//lasso_traces_McCarthy91_Iteration.c/lasso_trace_1.txt,TERMINATING,"2,1","94,46","71,03","167,59",15,TERMINATING,5,1,6,Affine Template / Affine Template
ATVA2026_benchmark/TERM_LASSO//lasso_traces_McCarthy91_Main_WithConst.bpl/lasso_trace_1.txt,TERMINATING,"2,28","29,91","53,47","85,66",6,TERMINATING,0,2,2,Affine Template / Affine Template
ATVA2026_benchmark/TERM_LASSO//lasso_traces_McCarthy91_Main_WithConst.bpl/lasso_trace_2.txt,TERMINATING,"0,4","61,89","67,17","129,46",8,TERMINATING,2,2,4,Affine Template / Affine Template
ATVA2026_benchmark/TERM_LASSO//lasso_traces_McCarthy91_Main_WithConst.bpl/lasso_trace_3.txt,TERMINATING,"0,4","40,68","27,13","68,21",5,TERMINATING,6,2,8,Affine Template / Affine Template
ATVA2026_benchmark/TERM_LASSO//lasso_traces_McCarthy91_Main_WithConst.bpl/lasso_trace_4.txt,TERMINATING,"0,29","35,57","35,43","71,29",8,TERMINATING,15,6,21,Affine Template / Affine Template
ATVA2026_benchmark/TERM_LASSO//lasso_traces_McCarthy91_Main.bpl/lasso_trace_1.txt,TERMINATING,"2,58","30,71","55,5","88,79",4,TERMINATING,0,2,2,Affine Template / Affine Template
ATVA2026_benchmark/TERM_LASSO//lasso_traces_McCarthy91_Main.bpl/lasso_trace_2.txt,TERMINATING,"0,51","56,43","53,97","110,91",5,TERMINATING,1,2,3,Affine Template / Affine Template
ATVA2026_benchmark/TERM_LASSO//lasso_traces_McCarthy91_Main.bpl/lasso_trace_3.txt,TERMINATING,"0,33","40,64","42,78","83,75",6,TERMINATING,6,6,12,Affine Template / Affine Template
ATVA2026_benchmark/TERM_LASSO//lasso_traces_McCarthy91_Main.bpl/lasso_trace_5.txt,TERMINATING,"0,35","39,85","49,49","89,69",5,TERMINATING,15,6,21,Affine Template / Affine Template
ATVA2026_benchmark/TERM_LASSO//lasso_traces_McCarthy91_Recursion_no-overflow.c/lasso_trace_1.txt,TERMINATING,"3,27","50,85","127,23","181,35",6,TERMINATING,6,3,9,Affine Template / Affine Template
ATVA2026_benchmark/TERM_LASSO//lasso_traces_McCarthy91_Recursion_no-overflow.c/lasso_trace_2.txt,TERMINATING,"0,54","69,65","73,13","143,32",9,TERMINATING,13,9,22,Affine Template / Affine Template
ATVA2026_benchmark/TERM_LASSO//lasso_traces_McCarthy91_Recursion_no-overflow.c/lasso_trace_6.txt,TERMINATING,"0,31","40,56","26,93","67,8",6,TERMINATING,60,9,69,Affine Template / Affine Template
ATVA2026_benchmark/TERM_LASSO//lasso_traces_McCarthy91_Recursion_true-termination.c/lasso_trace_1.txt,TERMINATING,"1,91","42,53","124,3","168,74",6,TERMINATING,6,3,9,Affine Template / Affine Template
ATVA2026_benchmark/TERM_LASSO//lasso_traces_McCarthy91_Recursion_true-termination.c/lasso_trace_2.txt,TERMINATING,"1,04","67,12","66,48","134,64",9,TERMINATING,13,9,22,Affine Template / Affine Template
ATVA2026_benchmark/TERM_LASSO//lasso_traces_McCarthy91_Recursion_true-termination.c/lasso_trace_8.txt,TERMINATING,"0,3","28,66","41,21","70,17",6,TERMINATING,36,9,45,Affine Template / Affine Template
ATVA2026_benchmark/TERM_LASSO//lasso_traces_McCarthy91_Recursion.c/lasso_trace_1.txt,TERMINATING,"1,91","43,05","126,45","171,41",6,TERMINATING,6,3,9,Affine Template / Affine Template
ATVA2026_benchmark/TERM_LASSO//lasso_traces_McCarthy91_Recursion.c/lasso_trace_2.txt,TERMINATING,"0,62","69,37","78,49","148,48",8,TERMINATING,13,9,22,Affine Template / Affine Template
ATVA2026_benchmark/TERM_LASSO//lasso_traces_McCarthy91_Recursion.c/lasso_trace_6.txt,TERMINATING,"0,28","45,92","27,99","74,19",6,TERMINATING,60,9,69,Affine Template / Affine Template
ATVA2026_benchmark/TERM_LASSO//lasso_traces_McCarthy91_RecursiveAndImperative.bpl/lasso_trace_1.txt,TERMINATING,"2,24","34,54","66,95","103,73",6,TERMINATING,0,2,2,Affine Template / Affine Template
ATVA2026_benchmark/TERM_LASSO//lasso_traces_McCarthy91_RecursiveAndImperative.bpl/lasso_trace_2.txt,TERMINATING,"0,45","52,17","53,36","105,98",8,TERMINATING,1,2,3,Affine Template / Affine Template
ATVA2026_benchmark/TERM_LASSO//lasso_traces_McCarthy91_RecursiveAndImperative.bpl/lasso_trace_3.txt,TERMINATING,"0,43","55,77","53,84","110,04",8,TERMINATING,6,2,8,Affine Template / Affine Template
ATVA2026_benchmark/TERM_LASSO//lasso_traces_McCarthy91_RecursiveAndImperative.bpl/lasso_trace_4.txt,TERMINATING,"0,41","49,55","28,37","78,33",8,TERMINATING,15,6,21,Affine Template / Affine Template
ATVA2026_benchmark/TERM_LASSO//lasso_traces_McCarthy91_true-termination.bpl/lasso_trace_1.txt,TERMINATING,"2,31","26,59","48,96","77,86",4,TERMINATING,0,2,2,Affine Template / Affine Template
ATVA2026_benchmark/TERM_LASSO//lasso_traces_McCarthy91_true-termination.bpl/lasso_trace_2.txt,TERMINATING,"0,48","36,41","36,74","73,63",5,TERMINATING,5,6,11,Affine Template / Affine Template
ATVA2026_benchmark/TERM_LASSO//lasso_traces_McCarthy91_true-termination.bpl/lasso_trace_4.txt,TERMINATING,"0,34","31,4","25,88","57,62",5,TERMINATING,20,6,26,Affine Template / Affine Template
ATVA2026_benchmark/TERM_LASSO//lasso_traces_McCarthy91-withSpecification.bpl/lasso_trace_1.txt,TERMINATING,"1,92","28,68","38,72","69,32",4,TERMINATING,0,2,2,Affine Template / Affine Template
ATVA2026_benchmark/TERM_LASSO//lasso_traces_McCarthy91-withSpecification.bpl/lasso_trace_2.txt,TERMINATING,"0,38","36,6","30,2","67,18",5,TERMINATING,6,7,13,Affine Template / Affine Template
ATVA2026_benchmark/TERM_LASSO//lasso_traces_McCarthy91-withSpecification.bpl/lasso_trace_4.txt,TERMINATING,"0,41","45,24","40,4","86,05",5,TERMINATING,24,7,31,Affine Template / Affine Template
ATVA2026_benchmark/TERM_LASSO//lasso_traces_McCarthy91.bpl/lasso_trace_1.txt,TERMINATING,"2,26","26,04","51,1","79,4",4,TERMINATING,0,2,2,Affine Template / Affine Template
ATVA2026_benchmark/TERM_LASSO//lasso_traces_McCarthy91.bpl/lasso_trace_2.txt,TERMINATING,"0,66","42,21","29,92","72,79",5,TERMINATING,5,6,11,Affine Template / Affine Template
ATVA2026_benchmark/TERM_LASSO//lasso_traces_McCarthy91.bpl/lasso_trace_4.txt,TERMINATING,"0,33","34,64","32,83","67,8",5,TERMINATING,20,6,26,Affine Template / Affine Template
ATVA2026_benchmark/TERM_LASSO//lasso_traces_McCarthy91.c/lasso_trace_1.txt,TERMINATING,"1,89","39,22","154,89",196,7,TERMINATING,6,3,9,Affine Template / Affine Template
ATVA2026_benchmark/TERM_LASSO//lasso_traces_McCarthy91.c/lasso_trace_2.txt,TERMINATING,"0,42","82,01","95,05","177,48",8,TERMINATING,13,9,22,Affine Template / Affine Template
ATVA2026_benchmark/TERM_LASSO//lasso_traces_McCarthy91.c/lasso_trace_6.txt,TERMINATING,"0,29","109,38","115,84","225,51",9,TERMINATING,48,9,57,Affine Template / Affine Template
ATVA2026_benchmark/TERM_LASSO//lasso_traces_McCarthyIterative_no-overflow.c/lasso_trace_1.txt,TERMINATING,"2,35","141,99","92,73","237,07",21,TERMINATING,5,1,6,Affine Template / Affine Template
ATVA2026_benchmark/TERM_LASSO//lasso_traces_McCarthyIterative.c/lasso_trace_1.txt,TERMINATING,"1,98","128,5","99,19","229,67",22,TERMINATING,5,1,6,Affine Template / Affine Template
ATVA2026_benchmark/TERM_LASSO//lasso_traces_MenloPark_no-overflow.c/lasso_trace_1.txt,TERMINATING,"2,31","75,55","89,92","167,78",10,TERMINATING,5,1,6,Affine Template / Affine Template
ATVA2026_benchmark/TERM_LASSO//lasso_traces_MenloPark_true-termination.c/lasso_trace_1.txt,TERMINATING,"1,91","73,64","93,79","169,34",10,TERMINATING,5,1,6,Affine Template / Affine Template
ATVA2026_benchmark/TERM_LASSO//lasso_traces_MenloPark.bpl/lasso_trace_1.txt,TERMINATING,"2,54","108,56","37,7","148,8",10,TERMINATING,1,1,2,2-Nested Template / 2-Nested Template
ATVA2026_benchmark/TERM_LASSO//lasso_traces_MenloPark.c/lasso_trace_1.txt,TERMINATING,2,"67,56","95,74","165,3",10,TERMINATING,5,1,6,Affine Template / Affine Template
ATVA2026_benchmark/TERM_LASSO//lasso_traces_MenloPark2.bpl/lasso_trace_1.txt,TERMINATING,"2,33","47,57","38,45","88,35",6,TERMINATING,1,1,2,Affine Template / Affine Template
ATVA2026_benchmark/TERM_LASSO//lasso_traces_min-max-inc.wvr.bpl/lasso_trace_1.txt,TERMINATING,"2,48","59,7",0,"62,18",12,TERMINATING,4,2,6,Affine Template / Affine Template
ATVA2026_benchmark/TERM_LASSO//lasso_traces_min-max-inc.wvr.bpl/lasso_trace_2.txt,TERMINATING,"0,57","845,15",0,"845,72",62,TERMINATING,4,2,6,Affine Template / Affine Template
ATVA2026_benchmark/TERM_LASSO//lasso_traces_min-max-inc.wvr.bpl/lasso_trace_3.txt,TERMINATING,"0,43","836,67",0,"837,1",63,TERMINATING,5,2,7,Affine Template / Affine Template
ATVA2026_benchmark/TERM_LASSO//lasso_traces_min-max-sample-abs.bpl/lasso_trace_1.txt,TERMINATING,"2,18","12728,33",0,"12730,51",96,TERMINATING,3,3,6,Affine Template / Affine Template
ATVA2026_benchmark/TERM_LASSO//lasso_traces_min-max-sample-abs.bpl/lasso_trace_2.txt,TERMINATING,"0,49","14450,01",0,"14450,5",121,TERMINATING,4,3,7,Affine Template / Affine Template
ATVA2026_benchmark/TERM_LASSO//lasso_traces_min-max-sample-abs.bpl/lasso_trace_3.txt,TERMINATING,"0,56","162,05",0,"162,61",18,TERMINATING,5,3,8,Affine Template / Affine Template
ATVA2026_benchmark/TERM_LASSO//lasso_traces_min-max-split-sample.bpl/lasso_trace_1.txt,TERMINATING,"1,97","1083,97",0,"1085,94",46,TERMINATING,5,2,7,Affine Template / Affine Template
ATVA2026_benchmark/TERM_LASSO//lasso_traces_min-max-split-sample.bpl/lasso_trace_2.txt,TERMINATING,"0,47","1131,77",0,"1132,24",60,TERMINATING,6,2,8,Affine Template / Affine Template
ATVA2026_benchmark/TERM_LASSO//lasso_traces_min-max-split-sample.bpl/lasso_trace_3.txt,TERMINATING,"0,4","1013,83",0,"1014,23",82,TERMINATING,7,2,9,Affine Template / Affine Template
ATVA2026_benchmark/TERM_LASSO//lasso_traces_min2-max2-sample.bpl/lasso_trace_1.txt,TERMINATING,"3,3","54,9",0,"58,2",13,TERMINATING,3,2,5,Affine Template / Affine Template
ATVA2026_benchmark/TERM_LASSO//lasso_traces_min2-max2-sample.bpl/lasso_trace_2.txt,TERMINATING,"0,67","65,25",0,"65,92",12,TERMINATING,4,2,6,Affine Template / Affine Template
ATVA2026_benchmark/TERM_LASSO//lasso_traces_MinusBuiltIn_false-no-overflow.c/lasso_trace_1.txt,TERMINATING,"2,54","139,12","119,56","261,22",8,TERMINATING,5,1,6,Affine Template / Affine Template
ATVA2026_benchmark/TERM_LASSO//lasso_traces_MinusBuiltIn_no-overflow.c/lasso_trace_1.txt,TERMINATING,"2,32","130,8","122,41","255,53",8,TERMINATING,5,1,6,Affine Template / Affine Template
ATVA2026_benchmark/TERM_LASSO//lasso_traces_MinusBuiltIn.c/lasso_trace_1.txt,TERMINATING,"2,18","125,7",130,"257,88",9,TERMINATING,5,1,6,Affine Template / Affine Template
ATVA2026_benchmark/TERM_LASSO//lasso_traces_MinusMin_false-no-overflow_true-termination.c/lasso_trace_1.txt,TERMINATING,"2,2","170,6","109,83","282,63",18,TERMINATING,5,1,6,Affine Template / Affine Template
ATVA2026_benchmark/TERM_LASSO//lasso_traces_MinusMin.c/lasso_trace_1.txt,TERMINATING,"2,31","156,64","107,53","266,48",20,TERMINATING,5,1,6,Affine Template / Affine Template
ATVA2026_benchmark/TERM_LASSO//lasso_traces_MinusUserDefined_no-overflow.c/lasso_trace_1.txt,TERMINATING,"2,16","85,09","66,18","153,43",8,TERMINATING,5,1,6,Affine Template / Affine Template
ATVA2026_benchmark/TERM_LASSO//lasso_traces_MinusUserDefined_no-overflow.c/lasso_trace_2.txt,TERMINATING,"0,64","41,21","30,28","72,13",9,TERMINATING,6,2,8,Affine Template / Affine Template
ATVA2026_benchmark/TERM_LASSO//lasso_traces_MinusUserDefined_no-overflow.c/lasso_trace_3.txt,TERMINATING,"0,49","43,22","29,45","73,16",8,TERMINATING,7,3,10,Affine Template / Affine Template
ATVA2026_benchmark/TERM_LASSO//lasso_traces_MinusUserDefined.c/lasso_trace_1.txt,TERMINATING,"2,12","69,27","60,14","131,53",8,TERMINATING,5,1,6,Affine Template / Affine Template
ATVA2026_benchmark/TERM_LASSO//lasso_traces_MinusUserDefined.c/lasso_trace_2.txt,TERMINATING,"0,5","39,65","28,15","68,3",10,TERMINATING,6,2,8,Affine Template / Affine Template
ATVA2026_benchmark/TERM_LASSO//lasso_traces_MinusUserDefined.c/lasso_trace_3.txt,TERMINATING,"0,9","34,42","27,06","62,38",8,TERMINATING,7,3,10,Affine Template / Affine Template
ATVA2026_benchmark/TERM_LASSO//lasso_traces_MirabelleConcurrentIncrement.bpl/lasso_trace_1.txt,TERMINATING,"2,17","58,65","54,84","115,66",5,TERMINATING,2,2,4,Affine Template / Affine Template
ATVA2026_benchmark/TERM_LASSO//lasso_traces_MirabelleConcurrentIncrement.bpl/lasso_trace_2.txt,TERMINATING,"0,42","58,31","53,4","112,13",5,TERMINATING,3,2,5,Affine Template / Affine Template
ATVA2026_benchmark/TERM_LASSO//lasso_traces_MonadicInvariant01.bpl/lasso_trace_1.txt,TERMINATING,"2,09","51,27","43,12","96,48",4,TERMINATING,1,2,3,Affine Template / Affine Template
ATVA2026_benchmark/TERM_LASSO//lasso_traces_Moscow.bpl/lasso_trace_1.txt,TERMINATING,"2,02","47,23","42,18","91,43",5,TERMINATING,1,1,2,Affine Template / Affine Template
ATVA2026_benchmark/TERM_LASSO//lasso_traces_motivating-slowitp.bpl/lasso_trace_1.txt,TERMINATING,"1,92","57,59",0,"59,51",10,TERMINATING,3,2,5,Affine Template / Affine Template
ATVA2026_benchmark/TERM_LASSO//lasso_traces_motivating-slowitp.bpl/lasso_trace_2.txt,TERMINATING,"0,68","104,79",0,"105,47",9,TERMINATING,5,2,7,Affine Template / Affine Template
ATVA2026_benchmark/TERM_LASSO//lasso_traces_motivating-slowitp.bpl/lasso_trace_3.txt,TERMINATING,"0,5","88,87",0,"89,37",28,TERMINATING,5,2,7,Affine Template / Affine Template
ATVA2026_benchmark/TERM_LASSO//lasso_traces_Mult1-Safe.bpl/lasso_trace_1.txt,TERMINATING,"2,01","59,09","48,65","109,75",7,TERMINATING,1,1,2,Affine Template / Affine Template
ATVA2026_benchmark/TERM_LASSO//lasso_traces_MultCommutative_true-termination.c/lasso_trace_4.txt,TERMINATING,"0,76","106,64","130,86","238,26",8,TERMINATING,15,4,19,Affine Template / Affine Template
ATVA2026_benchmark/TERM_LASSO//lasso_traces_MultCommutative_true-termination.c/lasso_trace_5.txt,TERMINATING,"0,4","124,29","146,65","271,34",8,TERMINATING,8,4,12,Affine Template / Affine Template
ATVA2026_benchmark/TERM_LASSO//lasso_traces_MultiPhase1.bpl/lasso_trace_1.txt,TERMINATING,"1,92","132,75","51,5","186,17",11,TERMINATING,1,1,2,2-Nested Template / 2-Nested Template
ATVA2026_benchmark/TERM_LASSO//lasso_traces_multipleAssertions.bpl/lasso_trace_1.txt,TERMINATING,"2,38","51,27","38,46","92,11",4,TERMINATING,1,1,2,Affine Template / Affine Template
ATVA2026_benchmark/TERM_LASSO//lasso_traces_multipleBranchOutsFromOneStateinTrace.bpl/lasso_trace_1.txt,TERMINATING,"2,15","50,14","47,82","100,11",6,TERMINATING,1,1,2,Affine Template / Affine Template
ATVA2026_benchmark/TERM_LASSO//lasso_traces_MultiplicationOfNaturalNumbers.bpl/lasso_trace_1.txt,TERMINATING,"2,29","52,24","40,36","94,89",6,TERMINATING,1,2,3,Affine Template / Affine Template
ATVA2026_benchmark/TERM_LASSO//lasso_traces_multiply.c/lasso_trace_1.txt,TERMINATING,"2,49","75,02","52,79","130,3",7,TERMINATING,1,2,3,Affine Template / Affine Template
ATVA2026_benchmark/TERM_LASSO//lasso_traces_mutual1.c/lasso_trace_1.txt,TERMINATING,"2,15","29,65","32,42","64,22",4,TERMINATING,0,5,5,Affine Template / Affine Template
ATVA2026_benchmark/TERM_LASSO//lasso_traces_mutual1.c/lasso_trace_2.txt,TERMINATING,"0,29","18,67","39,75","58,71",6,TERMINATING,0,5,5,Affine Template / Affine Template
ATVA2026_benchmark/TERM_LASSO//lasso_traces_mutual2.c/lasso_trace_1.txt,TERMINATING,"1,59","25,52","31,87","58,98",5,TERMINATING,0,9,9,Affine Template / Affine Template
ATVA2026_benchmark/TERM_LASSO//lasso_traces_mutual2.c/lasso_trace_2.txt,TERMINATING,"0,32","39,35","51,88","91,55",5,TERMINATING,0,9,9,Affine Template / Affine Template
ATVA2026_benchmark/TERM_LASSO//lasso_traces_mutual2.c/lasso_trace_3.txt,TERMINATING,"0,23","17,99","72,43","90,65",6,TERMINATING,0,9,9,Affine Template / Affine Template
ATVA2026_benchmark/TERM_LASSO//lasso_traces_mutual2.c/lasso_trace_4.txt,TERMINATING,"0,24","25,83","28,22","54,29",4,TERMINATING,0,9,9,Affine Template / Affine Template
ATVA2026_benchmark/TERM_LASSO//lasso_traces_MutualRecursion_1a_false-termination.c/lasso_trace_1.txt,TERMINATING,"2,16","100,55","92,07","194,78",7,TERMINATING,6,6,12,Affine Template / Affine Template
ATVA2026_benchmark/TERM_LASSO//lasso_traces_MutualRecursion_1a_no-overflow.c/lasso_trace_1.txt,TERMINATING,"2,01","106,38","91,63","200,02",7,TERMINATING,6,6,12,Affine Template / Affine Template
ATVA2026_benchmark/TERM_LASSO//lasso_traces_MutualRecursion_1a.c/lasso_trace_1.txt,TERMINATING,"1,86","105,72","83,58","191,16",7,TERMINATING,6,6,12,Affine Template / Affine Template
ATVA2026_benchmark/TERM_LASSO//lasso_traces_MutualRecursion_1b_no-overflow.c/lasso_trace_1.txt,TERMINATING,"2,65","97,03","87,06","186,74",7,TERMINATING,6,6,12,Affine Template / Affine Template
ATVA2026_benchmark/TERM_LASSO//lasso_traces_MutualRecursion_1b_no-overflow.c/lasso_trace_3.txt,TERMINATING,"0,43","118,32","125,92","244,67",10,TERMINATING,28,24,52,Affine Template / Affine Template
ATVA2026_benchmark/TERM_LASSO//lasso_traces_MutualRecursion_1b_true-termination.c/lasso_trace_1.txt,TERMINATING,"2,05","93,6","83,28","178,93",7,TERMINATING,6,6,12,Affine Template / Affine Template
ATVA2026_benchmark/TERM_LASSO//lasso_traces_MutualRecursion_1b_true-termination.c/lasso_trace_3.txt,TERMINATING,"0,41","135,98","115,46","251,85",9,TERMINATING,28,24,52,Affine Template / Affine Template
ATVA2026_benchmark/TERM_LASSO//lasso_traces_MutualRecursion_1b_true-termination.c/lasso_trace_5.txt,TERMINATING,"0,31","93,78","137,15","231,24",10,TERMINATING,64,24,88,Affine Template / Affine Template
ATVA2026_benchmark/TERM_LASSO//lasso_traces_MutualRecursion_1b.c/lasso_trace_1.txt,TERMINATING,"1,82","101,82","92,96","196,6",7,TERMINATING,6,6,12,Affine Template / Affine Template
ATVA2026_benchmark/TERM_LASSO//lasso_traces_MutualRecursion_1b.c/lasso_trace_3.txt,TERMINATING,"0,43","124,31","116,22","240,96",10,TERMINATING,28,24,52,Affine Template / Affine Template
ATVA2026_benchmark/TERM_LASSO//lasso_traces_MutualRecursion_1b.c/lasso_trace_5.txt,TERMINATING,"1,54","101,81","118,69","222,04",10,TERMINATING,64,24,88,Affine Template / Affine Template
ATVA2026_benchmark/TERM_LASSO//lasso_traces_Mysore_true-termination.c/lasso_trace_1.txt,TERMINATING,"2,01","113,88","51,21","167,1",8,TERMINATING,6,1,7,Affine Template / Affine Template
ATVA2026_benchmark/TERM_LASSO//lasso_traces_Mysore-1_no-overflow.c/lasso_trace_1.txt,TERMINATING,"2,02","112,82","53,07","167,91",8,TERMINATING,6,1,7,Affine Template / Affine Template
ATVA2026_benchmark/TERM_LASSO//lasso_traces_Mysore-1.c/lasso_trace_1.txt,TERMINATING,"1,89",119,"49,24","170,13",9,TERMINATING,6,1,7,Affine Template / Affine Template
ATVA2026_benchmark/TERM_LASSO//lasso_traces_Mysore-2_no-overflow.c/lasso_trace_1.txt,TERMINATING,"2,19","120,53","36,2","158,92",12,TERMINATING,8,1,9,Affine Template / Affine Template
ATVA2026_benchmark/TERM_LASSO//lasso_traces_Mysore-2.c/lasso_trace_1.txt,TERMINATING,"1,89","106,3","34,08","142,27",8,TERMINATING,8,1,9,Affine Template / Affine Template
ATVA2026_benchmark/TERM_LASSO//lasso_traces_Mysore.bpl/lasso_trace_1.txt,TERMINATING,"2,01","47,11","40,39","89,51",5,TERMINATING,1,1,2,Affine Template / Affine Template
ATVA2026_benchmark/TERM_LASSO//lasso_traces_Mysore2.bpl/lasso_trace_1.txt,TERMINATING,"1,96",45,"39,55","86,51",5,TERMINATING,1,1,2,Affine Template / Affine Template
ATVA2026_benchmark/TERM_LASSO//lasso_traces_MysteriousProgram.bpl/lasso_trace_1.txt,TERMINATING,"1,52","90,58",0,"92,1",8,TERMINATING,0,18,18,Affine Template / Affine Template
ATVA2026_benchmark/TERM_LASSO//lasso_traces_n_firewire_instrumented-PP.t2.c/lasso_trace_1.txt,TERMINATING,"1,73","209,7","240,77","452,2",11,TERMINATING,50,45,95,Affine Template / Affine Template
ATVA2026_benchmark/TERM_LASSO//lasso_traces_n_firewire_instrumented-PP.t2.c/lasso_trace_11.txt,TERMINATING,"0,37","365,55","485,19","851,11",18,TERMINATING,226,45,271,Affine Template / Affine Template
ATVA2026_benchmark/TERM_LASSO//lasso_traces_n_firewire_instrumented-PP.t2.c/lasso_trace_13.txt,TERMINATING,"0,33","118,12","443,04","561,49",18,TERMINATING,250,178,428,Affine Template / Affine Template
ATVA2026_benchmark/TERM_LASSO//lasso_traces_n_firewire_instrumented-PP.t2.c/lasso_trace_14.txt,TERMINATING,"0,35","108,55","211,04","319,94",17,TERMINATING,252,45,297,Affine Template / Affine Template
ATVA2026_benchmark/TERM_LASSO//lasso_traces_n_firewire_instrumented-PP.t2.c/lasso_trace_15.txt,TERMINATING,"0,39","165,19","236,37","401,95",18,TERMINATING,408,45,453,Affine Template / Affine Template
ATVA2026_benchmark/TERM_LASSO//lasso_traces_n_firewire_instrumented-PP.t2.c/lasso_trace_16.txt,TERMINATING,"0,36","386,88","484,4","871,64",16,TERMINATING,430,45,475,Affine Template / Affine Template
ATVA2026_benchmark/TERM_LASSO//lasso_traces_n_firewire_instrumented-PP.t2.c/lasso_trace_9.txt,TERMINATING,"0,54","173,25","138,27","312,06",20,TERMINATING,224,182,406,Affine Template / Affine Template
ATVA2026_benchmark/TERM_LASSO//lasso_traces_n-15a.t2.c/lasso_trace_1.txt,TERMINATING,"1,57","110,77","97,64","209,98",6,TERMINATING,20,18,38,Affine Template / Affine Template
ATVA2026_benchmark/TERM_LASSO//lasso_traces_n-17.t2.c/lasso_trace_1.txt,TERMINATING,"1,71","62,99","63,95","128,65",5,TERMINATING,16,9,25,Affine Template / Affine Template
ATVA2026_benchmark/TERM_LASSO//lasso_traces_n-4.t2.c/lasso_trace_1.txt,TERMINATING,"1,93","175,58","154,35","331,86",9,TERMINATING,32,18,50,Affine Template / Affine Template
ATVA2026_benchmark/TERM_LASSO//lasso_traces_n-40.t2.c/lasso_trace_2.txt,TERMINATING,"1,72","67,03","129,48","198,23",8,TERMINATING,24,27,51,Affine Template / Affine Template
ATVA2026_benchmark/TERM_LASSO//lasso_traces_n-40.t2.c/lasso_trace_3.txt,TERMINATING,"0,34","131,95","132,42","264,71",8,TERMINATING,28,24,52,Affine Template / Affine Template
ATVA2026_benchmark/TERM_LASSO//lasso_traces_n-40.t2.c/lasso_trace_4.txt,TERMINATING,"0,28","82,93","116,07","199,28",9,TERMINATING,29,28,57,Affine Template / Affine Template
ATVA2026_benchmark/TERM_LASSO//lasso_traces_n-5.t2.c/lasso_trace_1.txt,TERMINATING,"1,95","277,38","270,3","549,63",11,TERMINATING,68,18,86,Affine Template / Affine Template
ATVA2026_benchmark/TERM_LASSO//lasso_traces_n-6a.t2.c/lasso_trace_1.txt,TERMINATING,"1,92","127,04","134,23","263,19",7,TERMINATING,28,19,47,Affine Template / Affine Template
ATVA2026_benchmark/TERM_LASSO//lasso_traces_nakata_withassume.t2.c/lasso_trace_1.txt,TERMINATING,"1,76","137,8","173,6","313,16",14,TERMINATING,74,34,108,Affine Template / Affine Template
ATVA2026_benchmark/TERM_LASSO//lasso_traces_nakata_withassume.t2.c/lasso_trace_16.txt,TERMINATING,"0,43","279,54","366,46","646,43",21,TERMINATING,390,34,424,Affine Template / Affine Template
ATVA2026_benchmark/TERM_LASSO//lasso_traces_nakata_withassume.t2.c/lasso_trace_17.txt,TERMINATING,"0,41","207,25","96,67","304,33",23,TERMINATING,391,48,439,Affine Template / Affine Template
ATVA2026_benchmark/TERM_LASSO//lasso_traces_nakata_withassume.t2.c/lasso_trace_2.txt,TERMINATING,"0,49","254,57","306,96","562,02",36,TERMINATING,77,48,125,Affine Template / Affine Template
ATVA2026_benchmark/TERM_LASSO//lasso_traces_nakata_withassume.t2.c/lasso_trace_5.txt,TERMINATING,"0,43","199,15","207,84","407,42",47,TERMINATING,115,62,177,Affine Template / Affine Template
ATVA2026_benchmark/TERM_LASSO//lasso_traces_nakata.t2.c/lasso_trace_1.txt,TERMINATING,"1,75","170,91","159,28","331,94",13,TERMINATING,74,29,103,Affine Template / Affine Template
ATVA2026_benchmark/TERM_LASSO//lasso_traces_nakata.t2.c/lasso_trace_16.txt,TERMINATING,"0,72","221,83","312,76","535,31",20,TERMINATING,375,43,418,Affine Template / Affine Template
ATVA2026_benchmark/TERM_LASSO//lasso_traces_nakata.t2.c/lasso_trace_18.txt,TERMINATING,"0,46","367,32","497,22",865,63,TERMINATING,526,119,645,Affine Template / Affine Template
ATVA2026_benchmark/TERM_LASSO//lasso_traces_nakata.t2.c/lasso_trace_20.txt,TERMINATING,"0,61","395,6","450,75","846,96",69,TERMINATING,546,479,1025,Affine Template / Affine Template
ATVA2026_benchmark/TERM_LASSO//lasso_traces_nakata.t2.c/lasso_trace_3.txt,TERMINATING,"0,44","249,95","329,82","580,21",15,TERMINATING,106,43,149,Affine Template / Affine Template
ATVA2026_benchmark/TERM_LASSO//lasso_traces_nakata.t2.c/lasso_trace_5.txt,TERMINATING,"0,36","273,34","345,68","619,38",45,TERMINATING,115,57,172,Affine Template / Affine Template
ATVA2026_benchmark/TERM_LASSO//lasso_traces_nakata.t2.c/lasso_trace_9.txt,TERMINATING,"0,44","107,34","366,31","474,09",58,TERMINATING,219,119,338,Affine Template / Affine Template
ATVA2026_benchmark/TERM_LASSO//lasso_traces_Nconcurrent_FourLoopsAlternating_nonterminating.bpl/lasso_trace_1.txt,TERMINATING,"1,67","52,29","53,9","107,86",6,TERMINATING,2,2,4,Affine Template / Affine Template
ATVA2026_benchmark/TERM_LASSO//lasso_traces_Nconcurrent_ThreeThreadsComplexAlternation_nonterminating.bpl/lasso_trace_1.txt,TERMINATING,"3,36","60,62","54,45","118,43",6,TERMINATING,3,3,6,Affine Template / Affine Template
ATVA2026_benchmark/TERM_LASSO//lasso_traces_ndes.t2.c/lasso_trace_1.txt,TERMINATING,2,"1076,42","1450,29","2528,71",46,TERMINATING,470,55,525,Affine Template / Affine Template
ATVA2026_benchmark/TERM_LASSO//lasso_traces_ndes.t2.c/lasso_trace_2.txt,TERMINATING,"0,62","178,11","209,16","387,89",40,TERMINATING,469,17,486,Affine Template / Affine Template
ATVA2026_benchmark/TERM_LASSO//lasso_traces_ndes.t2.c/lasso_trace_9.txt,TERMINATING,"0,55","369,62",472,"842,17",40,TERMINATING,482,55,537,Affine Template / Affine Template
ATVA2026_benchmark/TERM_LASSO//lasso_traces_nec20.i_4.bpl/lasso_trace_1.txt,TERMINATING,"2,47","124,61","131,4","258,48",10,TERMINATING,1,1,2,Affine Template / Affine Template
ATVA2026_benchmark/TERM_LASSO//lasso_traces_neg-1394complete-fail.t2.c/lasso_trace_1.txt,TERMINATING,"1,72","114,43","175,93","292,08",25,TERMINATING,301,18,319,Affine Template / Affine Template
ATVA2026_benchmark/TERM_LASSO//lasso_traces_neg-1394complete-fail.t2.c/lasso_trace_2.txt,TERMINATING,"1,02","656,6","879,35","1536,97",32,TERMINATING,318,53,371,Affine Template / Affine Template
ATVA2026_benchmark/TERM_LASSO//lasso_traces_neg-1394complete-fail.t2.c/lasso_trace_3.txt,TERMINATING,"0,53","472,35","581,7","1054,58",29,TERMINATING,335,25,360,Affine Template / Affine Template
ATVA2026_benchmark/TERM_LASSO//lasso_traces_neg-1394complete-fail.t2.c/lasso_trace_4.txt,TERMINATING,"0,41","500,09","657,8","1158,3",29,TERMINATING,348,22,370,Affine Template / Affine Template
ATVA2026_benchmark/TERM_LASSO//lasso_traces_neg-1394complete-fail.t2.c/lasso_trace_5.txt,TERMINATING,"0,37","491,26","661,8","1153,43",29,TERMINATING,361,13,374,Affine Template / Affine Template
ATVA2026_benchmark/TERM_LASSO//lasso_traces_neg-1394complete-succeed.t2.c/lasso_trace_1.txt,TERMINATING,"1,73","108,41","162,31","272,45",25,TERMINATING,301,18,319,Affine Template / Affine Template
ATVA2026_benchmark/TERM_LASSO//lasso_traces_neg-1394complete-succeed.t2.c/lasso_trace_2.txt,TERMINATING,"0,5","656,08","888,53","1545,11",29,TERMINATING,318,53,371,Affine Template / Affine Template
ATVA2026_benchmark/TERM_LASSO//lasso_traces_neg-1394complete-succeed.t2.c/lasso_trace_3.txt,TERMINATING,"0,59","457,35","584,43","1042,37",28,TERMINATING,335,25,360,Affine Template / Affine Template
ATVA2026_benchmark/TERM_LASSO//lasso_traces_neg-e-1394complete-fail.t2.c/lasso_trace_1.txt,TERMINATING,"1,74","126,06","185,71","313,51",23,TERMINATING,277,18,295,Affine Template / Affine Template
ATVA2026_benchmark/TERM_LASSO//lasso_traces_neg-e-1394complete-fail.t2.c/lasso_trace_2.txt,TERMINATING,"0,88","375,28","535,77","911,93",27,TERMINATING,294,53,347,Affine Template / Affine Template
ATVA2026_benchmark/TERM_LASSO//lasso_traces_neg-e-1394complete-fail.t2.c/lasso_trace_3.txt,TERMINATING,"0,91","680,11","734,19","1415,21",28,TERMINATING,311,25,336,Affine Template / Affine Template
ATVA2026_benchmark/TERM_LASSO//lasso_traces_neg-e-1394complete-succeed.t2.c/lasso_trace_1.txt,TERMINATING,"2,04","128,74","180,31","311,09",23,TERMINATING,277,18,295,Affine Template / Affine Template
ATVA2026_benchmark/TERM_LASSO//lasso_traces_neg-e-1394complete-succeed.t2.c/lasso_trace_2.txt,TERMINATING,"0,46","369,3","535,97","905,73",27,TERMINATING,294,53,347,Affine Template / Affine Template
ATVA2026_benchmark/TERM_LASSO//lasso_traces_neg-e-1394complete-succeed.t2.c/lasso_trace_3.txt,TERMINATING,"0,4","708,21","724,53","1433,14",26,TERMINATING,311,25,336,Affine Template / Affine Template
ATVA2026_benchmark/TERM_LASSO//lasso_traces_neg-e-popl07-succeed.t2.c/lasso_trace_1.txt,TERMINATING,"2,04","480,6","113,43","596,07",19,TERMINATING,121,28,149,Affine Template / Affine Template
ATVA2026_benchmark/TERM_LASSO//lasso_traces_neg-popl07-fail.t2.c/lasso_trace_1.txt,TERMINATING,2,"101,76","497,34","601,1",18,TERMINATING,112,28,140,Affine Template / Affine Template
ATVA2026_benchmark/TERM_LASSO//lasso_traces_neg-popl07-succeed.t2.c/lasso_trace_1.txt,TERMINATING,"1,89","453,94","124,48","580,31",18,TERMINATING,116,28,144,Affine Template / Affine Template
ATVA2026_benchmark/TERM_LASSO//lasso_traces_neg-smagilla-fail.t2.c/lasso_trace_1.txt,TERMINATING,"2,01","185,09","223,16","410,26",9,TERMINATING,37,19,56,Affine Template / Affine Template
ATVA2026_benchmark/TERM_LASSO//lasso_traces_neg-smagilla-succeed.t2.c/lasso_trace_1.txt,TERMINATING,"1,94","125,11","49,12","176,17",11,TERMINATING,41,19,60,Affine Template / Affine Template
ATVA2026_benchmark/TERM_LASSO//lasso_traces_nest-if3.i_2.bpl/lasso_trace_1.txt,TERMINATING,"1,93","145,56","52,44","199,93",10,TERMINATING,1,2,3,Affine Template / Affine Template
ATVA2026_benchmark/TERM_LASSO//lasso_traces_Nested-2_no-overflow.c/lasso_trace_2.txt,TERMINATING,"0,51","55,17","29,42","85,1",6,TERMINATING,6,1,7,Affine Template / Affine Template
ATVA2026_benchmark/TERM_LASSO//lasso_traces_Nested-2.c/lasso_trace_2.txt,TERMINATING,"0,48","55,26","28,31","84,05",6,TERMINATING,6,1,7,Affine Template / Affine Template
ATVA2026_benchmark/TERM_LASSO//lasso_traces_Nested.bpl/lasso_trace_10.txt,TERMINATING,"1,48",59,"47,94","108,42",5,TERMINATING,1,11,12,Affine Template / Affine Template
ATVA2026_benchmark/TERM_LASSO//lasso_traces_Nested.bpl/lasso_trace_11.txt,TERMINATING,"0,3","48,8","52,85","101,95",8,TERMINATING,2,1,3,Affine Template / Affine Template
ATVA2026_benchmark/TERM_LASSO//lasso_traces_Nested.bpl/lasso_trace_12.txt,TERMINATING,"0,25","54,4","49,57","104,22",5,TERMINATING,13,1,14,Affine Template / Affine Template
ATVA2026_benchmark/TERM_LASSO//lasso_traces_nested.c_4.bpl/lasso_trace_1.txt,TERMINATING,"2,33","93,68","110,35","206,36",7,TERMINATING,1,1,2,Affine Template / Affine Template
ATVA2026_benchmark/TERM_LASSO//lasso_traces_Nested.c/lasso_trace_2.txt,TERMINATING,"0,41","54,12","27,89","82,42",6,TERMINATING,6,1,7,Affine Template / Affine Template
ATVA2026_benchmark/TERM_LASSO//lasso_traces_nested.i_4.bpl/lasso_trace_2.txt,TERMINATING,"0,51","108,79","162,44","271,74",11,TERMINATING,2,1,3,Affine Template / Affine Template
ATVA2026_benchmark/TERM_LASSO//lasso_traces_nested.i_4.bplTransformedIcfg_BEv2_3.bpl/lasso_trace_2.txt,TERMINATING,"0,53","110,19","158,75","269,47",8,TERMINATING,2,1,3,Affine Template / Affine Template
ATVA2026_benchmark/TERM_LASSO//lasso_traces_nested.t2.c/lasso_trace_2.txt,TERMINATING,"1,78","107,41","90,39","199,58",10,TERMINATING,52,42,94,Affine Template / Affine Template
ATVA2026_benchmark/TERM_LASSO//lasso_traces_nested.t2.c/lasso_trace_3.txt,TERMINATING,"0,45","113,6","133,51","247,56",16,TERMINATING,81,26,107,Affine Template / Affine Template
ATVA2026_benchmark/TERM_LASSO//lasso_traces_nested1.i_4.bplTransformedIcfg_BEv2_12.bpl/lasso_trace_11.txt,TERMINATING,"2,08","89,95","30,66","122,69",6,TERMINATING,1,12,13,Affine Template / Affine Template
ATVA2026_benchmark/TERM_LASSO//lasso_traces_nested1.i_4.bplTransformedIcfg_BEv2_12.bpl/lasso_trace_12.txt,TERMINATING,"0,53","70,13","63,81","134,47",5,TERMINATING,2,1,3,Affine Template / Affine Template
ATVA2026_benchmark/TERM_LASSO//lasso_traces_nested1.i_4.bplTransformedIcfg_BEv2_12.bpl/lasso_trace_13.txt,TERMINATING,"0,32","48,55","55,66","104,53",6,TERMINATING,14,1,15,Affine Template / Affine Template
ATVA2026_benchmark/TERM_LASSO//lasso_traces_nested9.i_3.bpl/lasso_trace_1.txt,TERMINATING,"1,9","145,18","164,15","311,23",7,TERMINATING,1,2,3,Affine Template / Affine Template
ATVA2026_benchmark/TERM_LASSO//lasso_traces_nested9.i_3.bplTransformedIcfg_BEv2_4.bpl/lasso_trace_1.txt,TERMINATING,"2,13","115,86","88,67","206,66",10,TERMINATING,1,2,3,Affine Template / Affine Template
ATVA2026_benchmark/TERM_LASSO//lasso_traces_nestedLoop.bpl/lasso_trace_2.txt,TERMINATING,"0,49","47,79","31,65","79,93",6,TERMINATING,3,1,4,Affine Template / Affine Template
ATVA2026_benchmark/TERM_LASSO//lasso_traces_nestedLoopSafe.bpl/lasso_trace_2.txt,TERMINATING,"0,44","46,6","35,34","82,38",4,TERMINATING,3,1,4,Affine Template / Affine Template
ATVA2026_benchmark/TERM_LASSO//lasso_traces_nestedLoopUnsafe.bpl/lasso_trace_11.txt,TERMINATING,"2,26","50,03","53,54","105,83",4,TERMINATING,1,12,13,Affine Template / Affine Template
ATVA2026_benchmark/TERM_LASSO//lasso_traces_nestedLoopUnsafe.bpl/lasso_trace_12.txt,TERMINATING,"0,35","43,27","38,37","81,99",4,TERMINATING,2,1,3,Affine Template / Affine Template
ATVA2026_benchmark/TERM_LASSO//lasso_traces_nestedLoopUnsafe.bpl/lasso_trace_13.txt,TERMINATING,"0,25","40,94","37,61","78,8",4,TERMINATING,14,1,15,Affine Template / Affine Template
ATVA2026_benchmark/TERM_LASSO//lasso_traces_nestedLoopWithAssertion.bpl/lasso_trace_2.txt,TERMINATING,"0,42","49,52","47,19","97,13",4,TERMINATING,2,1,3,Affine Template / Affine Template
ATVA2026_benchmark/TERM_LASSO//lasso_traces_NestedRecursion_1b_no-overflow.c/lasso_trace_1.txt,TERMINATING,"1,61","55,49","125,06","182,16",6,TERMINATING,6,9,15,Affine Template / Affine Template
ATVA2026_benchmark/TERM_LASSO//lasso_traces_NestedRecursion_1b_no-overflow.c/lasso_trace_2.txt,TERMINATING,"0,74","48,65","171,04","220,43",7,TERMINATING,12,3,15,Affine Template / Affine Template
ATVA2026_benchmark/TERM_LASSO//lasso_traces_NestedRecursion_1b_no-overflow.c/lasso_trace_7.txt,TERMINATING,"0,29","53,91","52,6","106,8",8,TERMINATING,14,3,17,Affine Template / Affine Template
ATVA2026_benchmark/TERM_LASSO//lasso_traces_NestedRecursion_1b_true-termination.c/lasso_trace_1.txt,TERMINATING,"1,6","48,65","114,41","164,66",5,TERMINATING,6,9,15,Affine Template / Affine Template
ATVA2026_benchmark/TERM_LASSO//lasso_traces_NestedRecursion_1b_true-termination.c/lasso_trace_2.txt,TERMINATING,"0,79","49,63","162,85","213,27",7,TERMINATING,12,3,15,Affine Template / Affine Template
ATVA2026_benchmark/TERM_LASSO//lasso_traces_NestedRecursion_1b_true-termination.c/lasso_trace_7.txt,TERMINATING,"0,27","50,39","51,5","102,16",8,TERMINATING,14,3,17,Affine Template / Affine Template
ATVA2026_benchmark/TERM_LASSO//lasso_traces_NestedRecursion_1b.c/lasso_trace_1.txt,TERMINATING,"1,61","48,95","114,79","165,35",5,TERMINATING,6,9,15,Affine Template / Affine Template
ATVA2026_benchmark/TERM_LASSO//lasso_traces_NestedRecursion_1b.c/lasso_trace_2.txt,TERMINATING,"0,66",50,"161,66","212,32",8,TERMINATING,12,3,15,Affine Template / Affine Template
ATVA2026_benchmark/TERM_LASSO//lasso_traces_NestedRecursion_1b.c/lasso_trace_7.txt,TERMINATING,"0,28","47,23","56,52","104,03",8,TERMINATING,14,3,17,Affine Template / Affine Template
ATVA2026_benchmark/TERM_LASSO//lasso_traces_NestedRecursion_1c_no-overflow.c/lasso_trace_1.txt,TERMINATING,"1,98","67,38","142,38","211,74",6,TERMINATING,6,3,9,Affine Template / Affine Template
ATVA2026_benchmark/TERM_LASSO//lasso_traces_NestedRecursion_1c_true-termination.c/lasso_trace_1.txt,TERMINATING,"2,46","63,49","132,82","198,77",7,TERMINATING,6,3,9,Affine Template / Affine Template
ATVA2026_benchmark/TERM_LASSO//lasso_traces_NestedRecursion_1c.c/lasso_trace_1.txt,TERMINATING,"1,99","64,21","144,89","211,09",8,TERMINATING,6,3,9,Affine Template / Affine Template
ATVA2026_benchmark/TERM_LASSO//lasso_traces_NestedRecursion_1d_no-overflow.c/lasso_trace_2.txt,TERMINATING,"1,64","90,64","47,19","139,47",5,TERMINATING,6,27,33,Affine Template / Affine Template
ATVA2026_benchmark/TERM_LASSO//lasso_traces_NestedRecursion_1d_no-overflow.c/lasso_trace_3.txt,TERMINATING,"0,67","80,2","134,78","215,65",7,TERMINATING,12,3,15,Affine Template / Affine Template
ATVA2026_benchmark/TERM_LASSO//lasso_traces_NestedRecursion_1d_true-termination.c/lasso_trace_2.txt,TERMINATING,"1,52","85,36","49,13","136,01",6,TERMINATING,6,27,33,Affine Template / Affine Template
ATVA2026_benchmark/TERM_LASSO//lasso_traces_NestedRecursion_1d_true-termination.c/lasso_trace_3.txt,TERMINATING,"0,61","80,42","141,68","222,71",7,TERMINATING,12,3,15,Affine Template / Affine Template
ATVA2026_benchmark/TERM_LASSO//lasso_traces_NestedRecursion_1d.c/lasso_trace_2.txt,TERMINATING,"1,46","87,86","46,5","135,82",9,TERMINATING,6,27,33,Affine Template / Affine Template
ATVA2026_benchmark/TERM_LASSO//lasso_traces_NestedRecursion_1d.c/lasso_trace_3.txt,TERMINATING,"0,61","85,74","134,85","221,2",10,TERMINATING,12,3,15,Affine Template / Affine Template
ATVA2026_benchmark/TERM_LASSO//lasso_traces_NestedRecursion_2b_false-termination.c/lasso_trace_1.txt,TERMINATING,"1,83","99,69","63,7","165,22",9,TERMINATING,7,3,10,Affine Template / Affine Template
ATVA2026_benchmark/TERM_LASSO//lasso_traces_NestedRecursion_2b_no-overflow.c/lasso_trace_1.txt,TERMINATING,"1,84","116,85","66,55","185,24",9,TERMINATING,7,3,10,Affine Template / Affine Template
ATVA2026_benchmark/TERM_LASSO//lasso_traces_NestedRecursion_2b.c/lasso_trace_1.txt,TERMINATING,"1,79","104,53","64,49","170,81",9,TERMINATING,7,3,10,Affine Template / Affine Template
ATVA2026_benchmark/TERM_LASSO//lasso_traces_NestedRecursion_2c_no-overflow.c/lasso_trace_1.txt,TERMINATING,"1,87","93,77","65,59","161,23",8,TERMINATING,7,3,10,Affine Template / Affine Template
ATVA2026_benchmark/TERM_LASSO//lasso_traces_NestedRecursion_2c_true-termination.c/lasso_trace_1.txt,TERMINATING,"1,77","104,89","68,47","175,13",10,TERMINATING,7,3,10,Affine Template / Affine Template
ATVA2026_benchmark/TERM_LASSO//lasso_traces_NestedRecursion_2c.c/lasso_trace_1.txt,TERMINATING,"1,73","100,19","60,73","162,65",12,TERMINATING,7,3,10,Affine Template / Affine Template
ATVA2026_benchmark/TERM_LASSO//lasso_traces_new_ex.t2.c/lasso_trace_10.txt,TERMINATING,"0,3","154,33","180,13","334,76",10,TERMINATING,92,27,119,Affine Template / Affine Template
ATVA2026_benchmark/TERM_LASSO//lasso_traces_new_ex.t2.c/lasso_trace_100.txt,TERMINATING,"0,28","199,64","213,88","413,8",10,TERMINATING,92,27,119,Affine Template / Affine Template
ATVA2026_benchmark/TERM_LASSO//lasso_traces_new_ex.t2.c/lasso_trace_101.txt,TERMINATING,"0,42","231,41","44,37","276,2",12,TERMINATING,92,27,119,Affine Template / Affine Template
ATVA2026_benchmark/TERM_LASSO//lasso_traces_new_ex.t2.c/lasso_trace_102.txt,TERMINATING,"0,29","178,3","237,48","416,07",10,TERMINATING,92,27,119,Affine Template / Affine Template
ATVA2026_benchmark/TERM_LASSO//lasso_traces_new_ex.t2.c/lasso_trace_103.txt,TERMINATING,"0,28","248,18","273,15","521,61",10,TERMINATING,92,27,119,Affine Template / Affine Template
ATVA2026_benchmark/TERM_LASSO//lasso_traces_new_ex.t2.c/lasso_trace_104.txt,TERMINATING,"0,31","183,3","175,18","358,79",10,TERMINATING,92,27,119,Affine Template / Affine Template
ATVA2026_benchmark/TERM_LASSO//lasso_traces_new_ex.t2.c/lasso_trace_105.txt,TERMINATING,"0,28","164,14","60,12","224,54",10,TERMINATING,92,27,119,Affine Template / Affine Template
ATVA2026_benchmark/TERM_LASSO//lasso_traces_new_ex.t2.c/lasso_trace_106.txt,TERMINATING,"0,4","151,52","237,99","389,91",10,TERMINATING,92,27,119,Affine Template / Affine Template
ATVA2026_benchmark/TERM_LASSO//lasso_traces_new_ex.t2.c/lasso_trace_107.txt,TERMINATING,"0,28","95,52","122,73","218,53",11,TERMINATING,92,27,119,Affine Template / Affine Template
ATVA2026_benchmark/TERM_LASSO//lasso_traces_new_ex.t2.c/lasso_trace_108.txt,TERMINATING,"0,27","182,03","184,21","366,51",10,TERMINATING,92,27,119,Affine Template / Affine Template
ATVA2026_benchmark/TERM_LASSO//lasso_traces_new_ex.t2.c/lasso_trace_109.txt,TERMINATING,"0,28","127,67","138,38","266,33",10,TERMINATING,92,27,119,Affine Template / Affine Template
ATVA2026_benchmark/TERM_LASSO//lasso_traces_new_ex.t2.c/lasso_trace_11.txt,TERMINATING,"0,34","223,48","230,91","454,73",10,TERMINATING,92,27,119,Affine Template / Affine Template
ATVA2026_benchmark/TERM_LASSO//lasso_traces_new_ex.t2.c/lasso_trace_110.txt,TERMINATING,"0,34","234,37","310,98","545,69",10,TERMINATING,92,27,119,Affine Template / Affine Template
ATVA2026_benchmark/TERM_LASSO//lasso_traces_new_ex.t2.c/lasso_trace_111.txt,TERMINATING,"0,31","253,84","302,38","556,53",9,TERMINATING,92,27,119,Affine Template / Affine Template
ATVA2026_benchmark/TERM_LASSO//lasso_traces_new_ex.t2.c/lasso_trace_112.txt,TERMINATING,"0,24","261,84","306,86","568,94",14,TERMINATING,92,27,119,Affine Template / Affine Template
ATVA2026_benchmark/TERM_LASSO//lasso_traces_new_ex.t2.c/lasso_trace_113.txt,TERMINATING,"0,33","214,59","252,4","467,32",10,TERMINATING,92,27,119,Affine Template / Affine Template
ATVA2026_benchmark/TERM_LASSO//lasso_traces_new_ex.t2.c/lasso_trace_114.txt,TERMINATING,"0,29","149,84","164,58","314,71",11,TERMINATING,92,27,119,Affine Template / Affine Template
ATVA2026_benchmark/TERM_LASSO//lasso_traces_new_ex.t2.c/lasso_trace_115.txt,TERMINATING,"0,3","116,6","71,29","188,19",10,TERMINATING,92,27,119,Affine Template / Affine Template
ATVA2026_benchmark/TERM_LASSO//lasso_traces_new_ex.t2.c/lasso_trace_116.txt,TERMINATING,"2,52","207,57","154,97","365,06",10,TERMINATING,92,27,119,Affine Template / Affine Template
ATVA2026_benchmark/TERM_LASSO//lasso_traces_new_ex.t2.c/lasso_trace_117.txt,TERMINATING,"0,27","44,12","52,97","97,36",10,TERMINATING,92,27,119,Affine Template / Affine Template
ATVA2026_benchmark/TERM_LASSO//lasso_traces_new_ex.t2.c/lasso_trace_118.txt,TERMINATING,"0,24","237,6","245,51","483,35",11,TERMINATING,92,27,119,Affine Template / Affine Template
ATVA2026_benchmark/TERM_LASSO//lasso_traces_new_ex.t2.c/lasso_trace_119.txt,TERMINATING,"0,27","198,94","285,18","484,39",10,TERMINATING,92,27,119,Affine Template / Affine Template
ATVA2026_benchmark/TERM_LASSO//lasso_traces_new_ex.t2.c/lasso_trace_12.txt,TERMINATING,"0,26","248,42","289,8","538,48",10,TERMINATING,92,27,119,Affine Template / Affine Template
ATVA2026_benchmark/TERM_LASSO//lasso_traces_new_ex.t2.c/lasso_trace_120.txt,TERMINATING,"0,27","260,02","302,67","562,96",11,TERMINATING,92,27,119,Affine Template / Affine Template
ATVA2026_benchmark/TERM_LASSO//lasso_traces_new_ex.t2.c/lasso_trace_121.txt,TERMINATING,"0,3","178,18","252,82","431,3",11,TERMINATING,92,27,119,Affine Template / Affine Template
ATVA2026_benchmark/TERM_LASSO//lasso_traces_new_ex.t2.c/lasso_trace_122.txt,TERMINATING,"0,24","112,38","159,58","272,2",10,TERMINATING,92,27,119,Affine Template / Affine Template
ATVA2026_benchmark/TERM_LASSO//lasso_traces_new_ex.t2.c/lasso_trace_123.txt,TERMINATING,"0,37","169,89","103,62","273,88",11,TERMINATING,92,27,119,Affine Template / Affine Template
ATVA2026_benchmark/TERM_LASSO//lasso_traces_new_ex.t2.c/lasso_trace_124.txt,TERMINATING,"0,29","176,52","266,65","443,46",11,TERMINATING,92,27,119,Affine Template / Affine Template
ATVA2026_benchmark/TERM_LASSO//lasso_traces_new_ex.t2.c/lasso_trace_125.txt,TERMINATING,"0,26","129,32","200,08","329,66",11,TERMINATING,92,27,119,Affine Template / Affine Template
ATVA2026_benchmark/TERM_LASSO//lasso_traces_new_ex.t2.c/lasso_trace_126.txt,TERMINATING,"0,33","159,85","188,5","348,68",10,TERMINATING,92,27,119,Affine Template / Affine Template
ATVA2026_benchmark/TERM_LASSO//lasso_traces_new_ex.t2.c/lasso_trace_127.txt,TERMINATING,"0,35","75,86","248,45","324,66",10,TERMINATING,92,27,119,Affine Template / Affine Template
ATVA2026_benchmark/TERM_LASSO//lasso_traces_new_ex.t2.c/lasso_trace_128.txt,TERMINATING,"0,29","54,4","44,93","99,62",10,TERMINATING,92,27,119,Affine Template / Affine Template
ATVA2026_benchmark/TERM_LASSO//lasso_traces_new_ex.t2.c/lasso_trace_129.txt,TERMINATING,"0,28","116,87","161,68","278,83",10,TERMINATING,92,27,119,Affine Template / Affine Template
ATVA2026_benchmark/TERM_LASSO//lasso_traces_new_ex.t2.c/lasso_trace_13.txt,TERMINATING,"0,36","180,72","235,19","416,27",10,TERMINATING,92,27,119,Affine Template / Affine Template
ATVA2026_benchmark/TERM_LASSO//lasso_traces_new_ex.t2.c/lasso_trace_130.txt,TERMINATING,"0,24","127,58","112,26","240,08",10,TERMINATING,92,27,119,Affine Template / Affine Template
ATVA2026_benchmark/TERM_LASSO//lasso_traces_new_ex.t2.c/lasso_trace_131.txt,TERMINATING,"0,29","228,5","274,31","503,1",10,TERMINATING,92,27,119,Affine Template / Affine Template
ATVA2026_benchmark/TERM_LASSO//lasso_traces_new_ex.t2.c/lasso_trace_132.txt,TERMINATING,"0,27","221,99","291,44","513,7",10,TERMINATING,92,27,119,Affine Template / Affine Template
ATVA2026_benchmark/TERM_LASSO//lasso_traces_new_ex.t2.c/lasso_trace_133.txt,TERMINATING,"0,27","216,38","322,85","539,5",10,TERMINATING,92,27,119,Affine Template / Affine Template
ATVA2026_benchmark/TERM_LASSO//lasso_traces_new_ex.t2.c/lasso_trace_134.txt,TERMINATING,"0,26","101,81","222,43","324,5",10,TERMINATING,92,27,119,Affine Template / Affine Template
ATVA2026_benchmark/TERM_LASSO//lasso_traces_new_ex.t2.c/lasso_trace_135.txt,TERMINATING,"0,27","137,53","199,9","337,7",10,TERMINATING,92,27,119,Affine Template / Affine Template
ATVA2026_benchmark/TERM_LASSO//lasso_traces_new_ex.t2.c/lasso_trace_136.txt,TERMINATING,"0,38","48,36","39,31","88,05",10,TERMINATING,92,27,119,Affine Template / Affine Template
ATVA2026_benchmark/TERM_LASSO//lasso_traces_new_ex.t2.c/lasso_trace_137.txt,TERMINATING,"0,28","177,93",222,"400,21",10,TERMINATING,92,27,119,Affine Template / Affine Template
ATVA2026_benchmark/TERM_LASSO//lasso_traces_new_ex.t2.c/lasso_trace_138.txt,TERMINATING,"0,24","114,05","158,9","273,19",10,TERMINATING,92,27,119,Affine Template / Affine Template
ATVA2026_benchmark/TERM_LASSO//lasso_traces_new_ex.t2.c/lasso_trace_139.txt,TERMINATING,"0,25","125,26","140,18","265,69",10,TERMINATING,92,27,119,Affine Template / Affine Template
ATVA2026_benchmark/TERM_LASSO//lasso_traces_new_ex.t2.c/lasso_trace_14.txt,TERMINATING,"0,29","33,04","26,95","60,28",10,TERMINATING,92,27,119,Affine Template / Affine Template
ATVA2026_benchmark/TERM_LASSO//lasso_traces_new_ex.t2.c/lasso_trace_140.txt,TERMINATING,"0,27","165,08","214,23","379,58",10,TERMINATING,92,27,119,Affine Template / Affine Template
ATVA2026_benchmark/TERM_LASSO//lasso_traces_new_ex.t2.c/lasso_trace_141.txt,TERMINATING,"0,26","131,1","152,18","283,54",10,TERMINATING,92,27,119,Affine Template / Affine Template
ATVA2026_benchmark/TERM_LASSO//lasso_traces_new_ex.t2.c/lasso_trace_142.txt,TERMINATING,"0,27","118,76","166,1","285,13",10,TERMINATING,92,27,119,Affine Template / Affine Template
ATVA2026_benchmark/TERM_LASSO//lasso_traces_new_ex.t2.c/lasso_trace_143.txt,TERMINATING,"0,27","43,04","301,33","344,64",10,TERMINATING,92,27,119,Affine Template / Affine Template
ATVA2026_benchmark/TERM_LASSO//lasso_traces_new_ex.t2.c/lasso_trace_144.txt,TERMINATING,"0,34","126,07","221,13","347,54",10,TERMINATING,92,27,119,Affine Template / Affine Template
ATVA2026_benchmark/TERM_LASSO//lasso_traces_new_ex.t2.c/lasso_trace_145.txt,TERMINATING,"0,26","134,38","149,67","284,31",10,TERMINATING,92,27,119,Affine Template / Affine Template
ATVA2026_benchmark/TERM_LASSO//lasso_traces_new_ex.t2.c/lasso_trace_146.txt,TERMINATING,"0,3","63,76","48,75","112,81",11,TERMINATING,92,27,119,Affine Template / Affine Template
ATVA2026_benchmark/TERM_LASSO//lasso_traces_new_ex.t2.c/lasso_trace_147.txt,TERMINATING,"0,27","183,42","198,17","381,86",10,TERMINATING,92,27,119,Affine Template / Affine Template
ATVA2026_benchmark/TERM_LASSO//lasso_traces_new_ex.t2.c/lasso_trace_148.txt,TERMINATING,"0,41","148,58","44,68","193,67",11,TERMINATING,92,27,119,Affine Template / Affine Template
ATVA2026_benchmark/TERM_LASSO//lasso_traces_new_ex.t2.c/lasso_trace_149.txt,TERMINATING,"0,28","221,42","154,16","375,86",10,TERMINATING,92,27,119,Affine Template / Affine Template
ATVA2026_benchmark/TERM_LASSO//lasso_traces_new_ex.t2.c/lasso_trace_15.txt,TERMINATING,"0,43","201,47","279,88","481,78",10,TERMINATING,92,27,119,Affine Template / Affine Template
ATVA2026_benchmark/TERM_LASSO//lasso_traces_new_ex.t2.c/lasso_trace_150.txt,TERMINATING,"0,27","133,19","166,56","300,02",10,TERMINATING,92,27,119,Affine Template / Affine Template
ATVA2026_benchmark/TERM_LASSO//lasso_traces_new_ex.t2.c/lasso_trace_151.txt,TERMINATING,"0,22","195,2","265,68","461,1",10,TERMINATING,92,27,119,Affine Template / Affine Template
ATVA2026_benchmark/TERM_LASSO//lasso_traces_new_ex.t2.c/lasso_trace_152.txt,TERMINATING,"0,32","121,13","100,89","222,34",14,TERMINATING,92,27,119,Affine Template / Affine Template
ATVA2026_benchmark/TERM_LASSO//lasso_traces_new_ex.t2.c/lasso_trace_153.txt,TERMINATING,"0,72","57,48","316,52","374,72",11,TERMINATING,92,27,119,Affine Template / Affine Template
ATVA2026_benchmark/TERM_LASSO//lasso_traces_new_ex.t2.c/lasso_trace_154.txt,TERMINATING,"0,29","170,51","207,13","377,93",16,TERMINATING,92,27,119,Affine Template / Affine Template
ATVA2026_benchmark/TERM_LASSO//lasso_traces_new_ex.t2.c/lasso_trace_155.txt,TERMINATING,"0,27","27,05","78,74","106,06",12,TERMINATING,92,27,119,Affine Template / Affine Template
ATVA2026_benchmark/TERM_LASSO//lasso_traces_new_ex.t2.c/lasso_trace_156.txt,TERMINATING,"0,27","218,1","60,81","279,18",11,TERMINATING,92,27,119,Affine Template / Affine Template
ATVA2026_benchmark/TERM_LASSO//lasso_traces_new_ex.t2.c/lasso_trace_157.txt,TERMINATING,"0,28","175,82","214,06","390,16",10,TERMINATING,92,27,119,Affine Template / Affine Template
ATVA2026_benchmark/TERM_LASSO//lasso_traces_new_ex.t2.c/lasso_trace_158.txt,TERMINATING,"0,28","230,28","186,35","416,91",10,TERMINATING,92,27,119,Affine Template / Affine Template
ATVA2026_benchmark/TERM_LASSO//lasso_traces_new_ex.t2.c/lasso_trace_159.txt,TERMINATING,"0,26","225,56","251,01","476,83",10,TERMINATING,92,27,119,Affine Template / Affine Template
ATVA2026_benchmark/TERM_LASSO//lasso_traces_new_ex.t2.c/lasso_trace_16.txt,TERMINATING,"0,46","176,35","268,64","445,45",10,TERMINATING,92,27,119,Affine Template / Affine Template
ATVA2026_benchmark/TERM_LASSO//lasso_traces_new_ex.t2.c/lasso_trace_160.txt,TERMINATING,"0,23","160,76","95,8","256,79",10,TERMINATING,92,27,119,Affine Template / Affine Template
ATVA2026_benchmark/TERM_LASSO//lasso_traces_new_ex.t2.c/lasso_trace_161.txt,TERMINATING,"0,28","224,27","334,93","559,48",10,TERMINATING,92,27,119,Affine Template / Affine Template
ATVA2026_benchmark/TERM_LASSO//lasso_traces_new_ex.t2.c/lasso_trace_162.txt,TERMINATING,"0,29","221,91","304,81","527,01",10,TERMINATING,92,27,119,Affine Template / Affine Template
ATVA2026_benchmark/TERM_LASSO//lasso_traces_new_ex.t2.c/lasso_trace_163.txt,TERMINATING,"0,33","184,63","103,67","288,63",10,TERMINATING,92,27,119,Affine Template / Affine Template
ATVA2026_benchmark/TERM_LASSO//lasso_traces_new_ex.t2.c/lasso_trace_164.txt,TERMINATING,"0,25","191,18","220,91","412,34",11,TERMINATING,92,27,119,Affine Template / Affine Template
ATVA2026_benchmark/TERM_LASSO//lasso_traces_new_ex.t2.c/lasso_trace_165.txt,TERMINATING,"0,3","123,27","117,17","240,74",10,TERMINATING,92,27,119,Affine Template / Affine Template
ATVA2026_benchmark/TERM_LASSO//lasso_traces_new_ex.t2.c/lasso_trace_166.txt,TERMINATING,"0,24","254,76","289,8","544,8",10,TERMINATING,92,27,119,Affine Template / Affine Template
ATVA2026_benchmark/TERM_LASSO//lasso_traces_new_ex.t2.c/lasso_trace_167.txt,TERMINATING,"0,3","102,51","201,91","304,72",11,TERMINATING,92,27,119,Affine Template / Affine Template
ATVA2026_benchmark/TERM_LASSO//lasso_traces_new_ex.t2.c/lasso_trace_168.txt,TERMINATING,"0,31","88,71","132,34","221,36",10,TERMINATING,92,27,119,Affine Template / Affine Template
ATVA2026_benchmark/TERM_LASSO//lasso_traces_new_ex.t2.c/lasso_trace_169.txt,TERMINATING,"0,24","73,09","98,66","171,99",11,TERMINATING,92,27,119,Affine Template / Affine Template
ATVA2026_benchmark/TERM_LASSO//lasso_traces_new_ex.t2.c/lasso_trace_17.txt,TERMINATING,"0,26","53,35","66,71","120,32",11,TERMINATING,92,27,119,Affine Template / Affine Template
ATVA2026_benchmark/TERM_LASSO//lasso_traces_new_ex.t2.c/lasso_trace_170.txt,TERMINATING,"0,29","142,76","224,9","367,95",10,TERMINATING,92,27,119,Affine Template / Affine Template
ATVA2026_benchmark/TERM_LASSO//lasso_traces_new_ex.t2.c/lasso_trace_171.txt,TERMINATING,"0,3","115,56","264,38","380,24",10,TERMINATING,92,27,119,Affine Template / Affine Template
ATVA2026_benchmark/TERM_LASSO//lasso_traces_new_ex.t2.c/lasso_trace_172.txt,TERMINATING,"0,43","157,06","188,58","346,07",11,TERMINATING,92,27,119,Affine Template / Affine Template
ATVA2026_benchmark/TERM_LASSO//lasso_traces_new_ex.t2.c/lasso_trace_173.txt,TERMINATING,"0,33","205,05","220,99","426,37",11,TERMINATING,92,27,119,Affine Template / Affine Template
ATVA2026_benchmark/TERM_LASSO//lasso_traces_new_ex.t2.c/lasso_trace_174.txt,TERMINATING,"0,27","255,92","275,25","531,44",10,TERMINATING,92,27,119,Affine Template / Affine Template
ATVA2026_benchmark/TERM_LASSO//lasso_traces_new_ex.t2.c/lasso_trace_175.txt,TERMINATING,"0,27","109,22","103,61","213,1",10,TERMINATING,92,27,119,Affine Template / Affine Template
ATVA2026_benchmark/TERM_LASSO//lasso_traces_new_ex.t2.c/lasso_trace_176.txt,TERMINATING,"0,23","69,59","71,52","141,34",10,TERMINATING,92,27,119,Affine Template / Affine Template
ATVA2026_benchmark/TERM_LASSO//lasso_traces_new_ex.t2.c/lasso_trace_177.txt,TERMINATING,"0,23","142,33","128,97","271,53",10,TERMINATING,92,27,119,Affine Template / Affine Template
ATVA2026_benchmark/TERM_LASSO//lasso_traces_new_ex.t2.c/lasso_trace_178.txt,TERMINATING,"0,26","107,12","115,69","223,07",10,TERMINATING,92,27,119,Affine Template / Affine Template
ATVA2026_benchmark/TERM_LASSO//lasso_traces_new_ex.t2.c/lasso_trace_179.txt,TERMINATING,"0,33","202,74","279,91","482,98",10,TERMINATING,92,27,119,Affine Template / Affine Template
ATVA2026_benchmark/TERM_LASSO//lasso_traces_new_ex.t2.c/lasso_trace_18.txt,TERMINATING,"0,27","167,05","153,35","320,67",10,TERMINATING,92,27,119,Affine Template / Affine Template
ATVA2026_benchmark/TERM_LASSO//lasso_traces_new_ex.t2.c/lasso_trace_180.txt,TERMINATING,"0,26","140,05","190,67","330,98",10,TERMINATING,92,27,119,Affine Template / Affine Template
ATVA2026_benchmark/TERM_LASSO//lasso_traces_new_ex.t2.c/lasso_trace_19.txt,TERMINATING,"0,27","115,72","73,56","189,55",10,TERMINATING,92,27,119,Affine Template / Affine Template
ATVA2026_benchmark/TERM_LASSO//lasso_traces_new_ex.t2.c/lasso_trace_2.txt,TERMINATING,"0,4","199,56","238,16","438,12",24,TERMINATING,35,44,79,Affine Template / Affine Template
ATVA2026_benchmark/TERM_LASSO//lasso_traces_new_ex.t2.c/lasso_trace_20.txt,TERMINATING,"0,29","212,78","218,19","431,26",10,TERMINATING,92,27,119,Affine Template / Affine Template
ATVA2026_benchmark/TERM_LASSO//lasso_traces_new_ex.t2.c/lasso_trace_21.txt,TERMINATING,"0,26","139,75","153,29","293,3",10,TERMINATING,92,27,119,Affine Template / Affine Template
ATVA2026_benchmark/TERM_LASSO//lasso_traces_new_ex.t2.c/lasso_trace_22.txt,TERMINATING,"0,29","264,63","306,87","571,79",11,TERMINATING,92,27,119,Affine Template / Affine Template
ATVA2026_benchmark/TERM_LASSO//lasso_traces_new_ex.t2.c/lasso_trace_23.txt,TERMINATING,"0,27","136,49","129,24",266,10,TERMINATING,92,27,119,Affine Template / Affine Template
ATVA2026_benchmark/TERM_LASSO//lasso_traces_new_ex.t2.c/lasso_trace_24.txt,TERMINATING,"0,26","163,51","200,81","364,58",11,TERMINATING,92,27,119,Affine Template / Affine Template
ATVA2026_benchmark/TERM_LASSO//lasso_traces_new_ex.t2.c/lasso_trace_25.txt,TERMINATING,"0,28","256,97","248,04","505,29",16,TERMINATING,92,27,119,Affine Template / Affine Template
ATVA2026_benchmark/TERM_LASSO//lasso_traces_new_ex.t2.c/lasso_trace_26.txt,TERMINATING,"0,28","212,36","288,46","501,1",12,TERMINATING,92,27,119,Affine Template / Affine Template
ATVA2026_benchmark/TERM_LASSO//lasso_traces_new_ex.t2.c/lasso_trace_27.txt,TERMINATING,"0,26","26,04","185,99","212,29",11,TERMINATING,92,27,119,Affine Template / Affine Template
ATVA2026_benchmark/TERM_LASSO//lasso_traces_new_ex.t2.c/lasso_trace_28.txt,TERMINATING,"0,26","186,56","127,43","314,25",10,TERMINATING,92,27,119,Affine Template / Affine Template
ATVA2026_benchmark/TERM_LASSO//lasso_traces_new_ex.t2.c/lasso_trace_29.txt,TERMINATING,"0,28","119,56","180,56","300,4",10,TERMINATING,92,27,119,Affine Template / Affine Template
ATVA2026_benchmark/TERM_LASSO//lasso_traces_new_ex.t2.c/lasso_trace_3.txt,TERMINATING,"0,34","99,78","158,55","258,67",22,TERMINATING,48,22,70,Affine Template / Affine Template
ATVA2026_benchmark/TERM_LASSO//lasso_traces_new_ex.t2.c/lasso_trace_30.txt,TERMINATING,"0,27","137,6","169,36","307,23",15,TERMINATING,92,27,119,Affine Template / Affine Template
ATVA2026_benchmark/TERM_LASSO//lasso_traces_new_ex.t2.c/lasso_trace_31.txt,TERMINATING,"0,37","143,66","156,31","300,34",11,TERMINATING,92,27,119,Affine Template / Affine Template
ATVA2026_benchmark/TERM_LASSO//lasso_traces_new_ex.t2.c/lasso_trace_32.txt,TERMINATING,"0,3","89,35","123,64","213,29",10,TERMINATING,92,27,119,Affine Template / Affine Template
ATVA2026_benchmark/TERM_LASSO//lasso_traces_new_ex.t2.c/lasso_trace_33.txt,TERMINATING,"0,33","121,09","39,86","161,28",10,TERMINATING,92,27,119,Affine Template / Affine Template
ATVA2026_benchmark/TERM_LASSO//lasso_traces_new_ex.t2.c/lasso_trace_34.txt,TERMINATING,"0,26","190,78","203,86","394,9",10,TERMINATING,92,27,119,Affine Template / Affine Template
ATVA2026_benchmark/TERM_LASSO//lasso_traces_new_ex.t2.c/lasso_trace_35.txt,TERMINATING,"0,29","210,6","311,9","522,79",10,TERMINATING,92,27,119,Affine Template / Affine Template
ATVA2026_benchmark/TERM_LASSO//lasso_traces_new_ex.t2.c/lasso_trace_36.txt,TERMINATING,"0,28","174,16","237,16","411,6",10,TERMINATING,92,27,119,Affine Template / Affine Template
ATVA2026_benchmark/TERM_LASSO//lasso_traces_new_ex.t2.c/lasso_trace_37.txt,TERMINATING,"0,27","85,41","50,06","135,74",11,TERMINATING,92,27,119,Affine Template / Affine Template
ATVA2026_benchmark/TERM_LASSO//lasso_traces_new_ex.t2.c/lasso_trace_38.txt,TERMINATING,"0,29","206,81","254,83","461,93",10,TERMINATING,92,27,119,Affine Template / Affine Template
ATVA2026_benchmark/TERM_LASSO//lasso_traces_new_ex.t2.c/lasso_trace_39.txt,TERMINATING,"0,27","172,27","327,55","500,09",10,TERMINATING,92,27,119,Affine Template / Affine Template
ATVA2026_benchmark/TERM_LASSO//lasso_traces_new_ex.t2.c/lasso_trace_4.txt,TERMINATING,"0,35","116,96","97,17","214,48",26,TERMINATING,61,27,88,Affine Template / Affine Template
ATVA2026_benchmark/TERM_LASSO//lasso_traces_new_ex.t2.c/lasso_trace_40.txt,TERMINATING,"0,3","195,93","283,12","479,35",10,TERMINATING,92,27,119,Affine Template / Affine Template
ATVA2026_benchmark/TERM_LASSO//lasso_traces_new_ex.t2.c/lasso_trace_41.txt,TERMINATING,"0,28","131,94","258,28","390,5",10,TERMINATING,92,27,119,Affine Template / Affine Template
ATVA2026_benchmark/TERM_LASSO//lasso_traces_new_ex.t2.c/lasso_trace_42.txt,TERMINATING,"0,28","111,92","122,22","234,42",10,TERMINATING,92,27,119,Affine Template / Affine Template
ATVA2026_benchmark/TERM_LASSO//lasso_traces_new_ex.t2.c/lasso_trace_43.txt,TERMINATING,"0,27","152,77","170,85","323,89",10,TERMINATING,92,27,119,Affine Template / Affine Template
ATVA2026_benchmark/TERM_LASSO//lasso_traces_new_ex.t2.c/lasso_trace_44.txt,TERMINATING,"0,29","217,76","310,62","528,67",10,TERMINATING,92,27,119,Affine Template / Affine Template
ATVA2026_benchmark/TERM_LASSO//lasso_traces_new_ex.t2.c/lasso_trace_45.txt,TERMINATING,"0,34","185,12","216,34","401,8",10,TERMINATING,92,27,119,Affine Template / Affine Template
ATVA2026_benchmark/TERM_LASSO//lasso_traces_new_ex.t2.c/lasso_trace_46.txt,TERMINATING,"0,32","163,77","230,29","394,38",10,TERMINATING,92,27,119,Affine Template / Affine Template
ATVA2026_benchmark/TERM_LASSO//lasso_traces_new_ex.t2.c/lasso_trace_47.txt,TERMINATING,"0,3","71,4","115,25","186,95",10,TERMINATING,92,27,119,Affine Template / Affine Template
ATVA2026_benchmark/TERM_LASSO//lasso_traces_new_ex.t2.c/lasso_trace_48.txt,TERMINATING,"0,26","248,29","257,44","505,99",10,TERMINATING,92,27,119,Affine Template / Affine Template
ATVA2026_benchmark/TERM_LASSO//lasso_traces_new_ex.t2.c/lasso_trace_49.txt,TERMINATING,"0,28","98,15","193,08","291,51",14,TERMINATING,92,27,119,Affine Template / Affine Template
ATVA2026_benchmark/TERM_LASSO//lasso_traces_new_ex.t2.c/lasso_trace_50.txt,TERMINATING,"0,27","122,08","49,01","171,36",10,TERMINATING,92,27,119,Affine Template / Affine Template
ATVA2026_benchmark/TERM_LASSO//lasso_traces_new_ex.t2.c/lasso_trace_51.txt,TERMINATING,"0,35","119,84","162,33","282,52",10,TERMINATING,92,27,119,Affine Template / Affine Template
ATVA2026_benchmark/TERM_LASSO//lasso_traces_new_ex.t2.c/lasso_trace_52.txt,TERMINATING,"0,26","78,6","134,55","213,41",15,TERMINATING,92,27,119,Affine Template / Affine Template
ATVA2026_benchmark/TERM_LASSO//lasso_traces_new_ex.t2.c/lasso_trace_53.txt,TERMINATING,"0,34","108,71","41,99","151,04",10,TERMINATING,92,27,119,Affine Template / Affine Template
ATVA2026_benchmark/TERM_LASSO//lasso_traces_new_ex.t2.c/lasso_trace_54.txt,TERMINATING,"0,27","214,43","280,3",495,10,TERMINATING,92,27,119,Affine Template / Affine Template
ATVA2026_benchmark/TERM_LASSO//lasso_traces_new_ex.t2.c/lasso_trace_55.txt,TERMINATING,"0,28","243,05","289,6","532,93",11,TERMINATING,92,27,119,Affine Template / Affine Template
ATVA2026_benchmark/TERM_LASSO//lasso_traces_new_ex.t2.c/lasso_trace_56.txt,TERMINATING,"0,28","105,93","111,05","217,26",11,TERMINATING,92,27,119,Affine Template / Affine Template
ATVA2026_benchmark/TERM_LASSO//lasso_traces_new_ex.t2.c/lasso_trace_57.txt,TERMINATING,"0,29","141,18","185,46","326,93",13,TERMINATING,92,27,119,Affine Template / Affine Template
ATVA2026_benchmark/TERM_LASSO//lasso_traces_new_ex.t2.c/lasso_trace_58.txt,TERMINATING,"0,3","197,93","217,13","415,36",11,TERMINATING,92,27,119,Affine Template / Affine Template
ATVA2026_benchmark/TERM_LASSO//lasso_traces_new_ex.t2.c/lasso_trace_59.txt,TERMINATING,"0,28","172,38","241,06","413,72",12,TERMINATING,92,27,119,Affine Template / Affine Template
ATVA2026_benchmark/TERM_LASSO//lasso_traces_new_ex.t2.c/lasso_trace_6.txt,TERMINATING,"0,29","213,86","243,26","457,41",11,TERMINATING,92,27,119,Affine Template / Affine Template
ATVA2026_benchmark/TERM_LASSO//lasso_traces_new_ex.t2.c/lasso_trace_60.txt,TERMINATING,"0,35","207,5","258,14","465,99",10,TERMINATING,92,27,119,Affine Template / Affine Template
ATVA2026_benchmark/TERM_LASSO//lasso_traces_new_ex.t2.c/lasso_trace_61.txt,TERMINATING,"0,41","151,66","40,76","192,83",10,TERMINATING,92,27,119,Affine Template / Affine Template
ATVA2026_benchmark/TERM_LASSO//lasso_traces_new_ex.t2.c/lasso_trace_62.txt,TERMINATING,"0,28","249,86","325,8","575,94",10,TERMINATING,92,27,119,Affine Template / Affine Template
ATVA2026_benchmark/TERM_LASSO//lasso_traces_new_ex.t2.c/lasso_trace_63.txt,TERMINATING,"0,27","28,11","294,33","322,71",10,TERMINATING,92,27,119,Affine Template / Affine Template
ATVA2026_benchmark/TERM_LASSO//lasso_traces_new_ex.t2.c/lasso_trace_64.txt,TERMINATING,"0,28","175,18","213,5","388,96",10,TERMINATING,92,27,119,Affine Template / Affine Template
ATVA2026_benchmark/TERM_LASSO//lasso_traces_new_ex.t2.c/lasso_trace_65.txt,TERMINATING,"0,31","182,28","266,64","449,23",10,TERMINATING,92,27,119,Affine Template / Affine Template
ATVA2026_benchmark/TERM_LASSO//lasso_traces_new_ex.t2.c/lasso_trace_66.txt,TERMINATING,"0,28","133,54","169,68","303,5",10,TERMINATING,92,27,119,Affine Template / Affine Template
ATVA2026_benchmark/TERM_LASSO//lasso_traces_new_ex.t2.c/lasso_trace_67.txt,TERMINATING,"0,27","224,42","317,66","542,35",10,TERMINATING,92,27,119,Affine Template / Affine Template
ATVA2026_benchmark/TERM_LASSO//lasso_traces_new_ex.t2.c/lasso_trace_68.txt,TERMINATING,"0,28","251,61","299,6","551,49",10,TERMINATING,92,27,119,Affine Template / Affine Template
ATVA2026_benchmark/TERM_LASSO//lasso_traces_new_ex.t2.c/lasso_trace_69.txt,TERMINATING,"0,31","108,6","145,67","254,58",10,TERMINATING,92,27,119,Affine Template / Affine Template
ATVA2026_benchmark/TERM_LASSO//lasso_traces_new_ex.t2.c/lasso_trace_7.txt,TERMINATING,"0,33","54,6","64,65","119,58",10,TERMINATING,92,27,119,Affine Template / Affine Template
ATVA2026_benchmark/TERM_LASSO//lasso_traces_new_ex.t2.c/lasso_trace_70.txt,TERMINATING,"0,39","45,17","51,17","96,73",10,TERMINATING,92,27,119,Affine Template / Affine Template
ATVA2026_benchmark/TERM_LASSO//lasso_traces_new_ex.t2.c/lasso_trace_71.txt,TERMINATING,"0,29","145,57","324,39","470,25",10,TERMINATING,92,27,119,Affine Template / Affine Template
ATVA2026_benchmark/TERM_LASSO//lasso_traces_new_ex.t2.c/lasso_trace_72.txt,TERMINATING,"0,29","119,49","323,2","442,98",10,TERMINATING,92,27,119,Affine Template / Affine Template
ATVA2026_benchmark/TERM_LASSO//lasso_traces_new_ex.t2.c/lasso_trace_73.txt,TERMINATING,"0,35","37,45","259,31","297,11",10,TERMINATING,92,27,119,Affine Template / Affine Template
ATVA2026_benchmark/TERM_LASSO//lasso_traces_new_ex.t2.c/lasso_trace_74.txt,TERMINATING,"0,25","166,82","179,44","346,51",10,TERMINATING,92,27,119,Affine Template / Affine Template
ATVA2026_benchmark/TERM_LASSO//lasso_traces_new_ex.t2.c/lasso_trace_75.txt,TERMINATING,"0,27","158,12","179,94","338,33",10,TERMINATING,92,27,119,Affine Template / Affine Template
ATVA2026_benchmark/TERM_LASSO//lasso_traces_new_ex.t2.c/lasso_trace_76.txt,TERMINATING,"0,32","221,72","276,86","498,9",10,TERMINATING,92,27,119,Affine Template / Affine Template
ATVA2026_benchmark/TERM_LASSO//lasso_traces_new_ex.t2.c/lasso_trace_77.txt,TERMINATING,"0,3","219,94","309,76",530,10,TERMINATING,92,27,119,Affine Template / Affine Template
ATVA2026_benchmark/TERM_LASSO//lasso_traces_new_ex.t2.c/lasso_trace_78.txt,TERMINATING,"0,3","240,33","275,31","515,94",10,TERMINATING,92,27,119,Affine Template / Affine Template
ATVA2026_benchmark/TERM_LASSO//lasso_traces_new_ex.t2.c/lasso_trace_79.txt,TERMINATING,"0,33","202,11","309,3","511,74",10,TERMINATING,92,27,119,Affine Template / Affine Template
ATVA2026_benchmark/TERM_LASSO//lasso_traces_new_ex.t2.c/lasso_trace_8.txt,TERMINATING,"0,25","36,72","38,48","75,45",15,TERMINATING,92,27,119,Affine Template / Affine Template
ATVA2026_benchmark/TERM_LASSO//lasso_traces_new_ex.t2.c/lasso_trace_80.txt,TERMINATING,"0,25","219,61","267,3","487,16",11,TERMINATING,92,27,119,Affine Template / Affine Template
ATVA2026_benchmark/TERM_LASSO//lasso_traces_new_ex.t2.c/lasso_trace_81.txt,TERMINATING,"0,29","231,44","324,51","556,24",10,TERMINATING,92,27,119,Affine Template / Affine Template
ATVA2026_benchmark/TERM_LASSO//lasso_traces_new_ex.t2.c/lasso_trace_82.txt,TERMINATING,"0,38","173,68","195,38","369,44",10,TERMINATING,92,27,119,Affine Template / Affine Template
ATVA2026_benchmark/TERM_LASSO//lasso_traces_new_ex.t2.c/lasso_trace_83.txt,TERMINATING,"0,3","214,53","51,63","266,46",10,TERMINATING,92,27,119,Affine Template / Affine Template
ATVA2026_benchmark/TERM_LASSO//lasso_traces_new_ex.t2.c/lasso_trace_84.txt,TERMINATING,"0,29","85,86","98,45","184,6",15,TERMINATING,92,27,119,Affine Template / Affine Template
ATVA2026_benchmark/TERM_LASSO//lasso_traces_new_ex.t2.c/lasso_trace_85.txt,TERMINATING,"0,36","123,83","157,55","281,74",10,TERMINATING,92,27,119,Affine Template / Affine Template
ATVA2026_benchmark/TERM_LASSO//lasso_traces_new_ex.t2.c/lasso_trace_86.txt,TERMINATING,"0,28","204,15","308,07","512,5",10,TERMINATING,92,27,119,Affine Template / Affine Template
ATVA2026_benchmark/TERM_LASSO//lasso_traces_new_ex.t2.c/lasso_trace_87.txt,TERMINATING,"0,28","218,94","301,04","520,26",10,TERMINATING,92,27,119,Affine Template / Affine Template
ATVA2026_benchmark/TERM_LASSO//lasso_traces_new_ex.t2.c/lasso_trace_88.txt,TERMINATING,"0,36","100,67","304,74","405,77",10,TERMINATING,92,27,119,Affine Template / Affine Template
ATVA2026_benchmark/TERM_LASSO//lasso_traces_new_ex.t2.c/lasso_trace_89.txt,TERMINATING,"0,42","55,6","80,25","136,27",10,TERMINATING,92,27,119,Affine Template / Affine Template
ATVA2026_benchmark/TERM_LASSO//lasso_traces_new_ex.t2.c/lasso_trace_9.txt,TERMINATING,"0,28","29,49","253,65","283,42",11,TERMINATING,92,27,119,Affine Template / Affine Template
ATVA2026_benchmark/TERM_LASSO//lasso_traces_new_ex.t2.c/lasso_trace_90.txt,TERMINATING,"0,3","180,38","274,75","455,43",10,TERMINATING,92,27,119,Affine Template / Affine Template
ATVA2026_benchmark/TERM_LASSO//lasso_traces_new_ex.t2.c/lasso_trace_91.txt,TERMINATING,"0,42","226,46","274,64","501,52",9,TERMINATING,92,27,119,Affine Template / Affine Template
ATVA2026_benchmark/TERM_LASSO//lasso_traces_new_ex.t2.c/lasso_trace_92.txt,TERMINATING,"0,31","116,03","131,7","248,04",14,TERMINATING,92,27,119,Affine Template / Affine Template
ATVA2026_benchmark/TERM_LASSO//lasso_traces_new_ex.t2.c/lasso_trace_93.txt,TERMINATING,"0,29","116,04","51,07","167,4",15,TERMINATING,92,27,119,Affine Template / Affine Template
ATVA2026_benchmark/TERM_LASSO//lasso_traces_new_ex.t2.c/lasso_trace_94.txt,TERMINATING,"0,35","127,43","326,18","453,96",10,TERMINATING,92,27,119,Affine Template / Affine Template
ATVA2026_benchmark/TERM_LASSO//lasso_traces_new_ex.t2.c/lasso_trace_95.txt,TERMINATING,"0,28","100,03","103,06","203,37",10,TERMINATING,92,27,119,Affine Template / Affine Template
ATVA2026_benchmark/TERM_LASSO//lasso_traces_new_ex.t2.c/lasso_trace_96.txt,TERMINATING,"0,32","34,46","37,72","72,5",10,TERMINATING,92,27,119,Affine Template / Affine Template
ATVA2026_benchmark/TERM_LASSO//lasso_traces_new_ex.t2.c/lasso_trace_97.txt,TERMINATING,"0,33","86,34","141,33",228,10,TERMINATING,92,27,119,Affine Template / Affine Template
ATVA2026_benchmark/TERM_LASSO//lasso_traces_new_ex.t2.c/lasso_trace_98.txt,TERMINATING,"0,26","236,62","322,07","558,95",12,TERMINATING,92,27,119,Affine Template / Affine Template
ATVA2026_benchmark/TERM_LASSO//lasso_traces_new_ex.t2.c/lasso_trace_99.txt,TERMINATING,"0,27","94,91","144,96","240,14",10,TERMINATING,92,27,119,Affine Template / Affine Template
ATVA2026_benchmark/TERM_LASSO//lasso_traces_NO_05.bpl/lasso_trace_2.txt,TERMINATING,"0,4","55,8","59,53","115,73",5,TERMINATING,3,1,4,Affine Template / Affine Template
ATVA2026_benchmark/TERM_LASSO//lasso_traces_NonAtomicIncrement_2Threads_Loop.bpl/lasso_trace_1.txt,TERMINATING,"2,51","77,12","34,67","114,3",6,TERMINATING,3,4,7,Affine Template / Affine Template
ATVA2026_benchmark/TERM_LASSO//lasso_traces_NonAtomicIncrement_2Threads_Loop.bpl/lasso_trace_2.txt,TERMINATING,"0,68","29,79","57,45","87,92",7,TERMINATING,4,4,8,Affine Template / Affine Template
ATVA2026_benchmark/TERM_LASSO//lasso_traces_NondeterministicLocalVarInitialValues.c/lasso_trace_1.txt,TERMINATING,"1,75","79,34","69,88","150,97",4,TERMINATING,5,3,8,Affine Template / Affine Template
ATVA2026_benchmark/TERM_LASSO//lasso_traces_NondeterministicSvcomp.c/lasso_trace_1.txt,TERMINATING,"1,74","94,54","58,7","154,98",6,TERMINATING,5,3,8,Affine Template / Affine Template
ATVA2026_benchmark/TERM_LASSO//lasso_traces_NonterminatingForLoopUnsafe.c/lasso_trace_1.txt,TERMINATING,"2,2","76,83","61,93","140,96",6,TERMINATING,5,2,7,Affine Template / Affine Template
ATVA2026_benchmark/TERM_LASSO//lasso_traces_NonTermination2_false-termination.c/lasso_trace_1.txt,TERMINATING,"1,73","114,34","111,48","227,55",7,TERMINATING,5,1,6,Affine Template / Affine Template
ATVA2026_benchmark/TERM_LASSO//lasso_traces_NonTermination2_no-overflow.c/lasso_trace_1.txt,TERMINATING,"2,87","119,14","106,94","228,95",8,TERMINATING,5,1,6,Affine Template / Affine Template
ATVA2026_benchmark/TERM_LASSO//lasso_traces_NonTermination2.c/lasso_trace_1.txt,TERMINATING,"1,74","112,42","112,39","226,55",7,TERMINATING,5,1,6,Affine Template / Affine Template
ATVA2026_benchmark/TERM_LASSO//lasso_traces_NonTerminationOverReals.bpl/lasso_trace_1.txt,TERMINATING,"1,9","48,64","38,47","89,01",4,TERMINATING,1,1,2,Affine Template / Affine Template
ATVA2026_benchmark/TERM_LASSO//lasso_traces_NoriSharma-FSE2013-Fig7_no-overflow.c/lasso_trace_1.txt,TERMINATING,"2,31","113,68","58,75","174,74",19,TERMINATING,5,1,6,Affine Template / Affine Template
ATVA2026_benchmark/TERM_LASSO//lasso_traces_NoriSharma-FSE2013-Fig7_true-termination.c/lasso_trace_1.txt,TERMINATING,"3,07","109,24","51,11","163,42",19,TERMINATING,5,1,6,Affine Template / Affine Template
ATVA2026_benchmark/TERM_LASSO//lasso_traces_NoriSharma-FSE2013-Fig7.c/lasso_trace_1.txt,TERMINATING,"2,5","107,51","52,47","162,48",20,TERMINATING,5,1,6,Affine Template / Affine Template
ATVA2026_benchmark/TERM_LASSO//lasso_traces_NoriSharma-FSE2013-Fig8_no-overflow.c/lasso_trace_1.txt,TERMINATING,"2,37","176,14","66,96","245,47",22,TERMINATING,5,1,6,Affine Template / Affine Template
ATVA2026_benchmark/TERM_LASSO//lasso_traces_NoriSharma-FSE2013-Fig8_true-termination.c/lasso_trace_1.txt,TERMINATING,"1,86","174,89","69,26","246,01",20,TERMINATING,5,1,6,Affine Template / Affine Template
ATVA2026_benchmark/TERM_LASSO//lasso_traces_NoriSharma-FSE2013-Fig8.c/lasso_trace_1.txt,TERMINATING,"2,01","169,88","69,49","241,38",18,TERMINATING,5,1,6,Affine Template / Affine Template
ATVA2026_benchmark/TERM_LASSO//lasso_traces_not-01_termination.c/lasso_trace_1.txt,TERMINATING,"2,47","276,53","41,29","320,29",11,TERMINATING,5,1,6,2-Nested Template / Affine Template
ATVA2026_benchmark/TERM_LASSO//lasso_traces_not-01.c/lasso_trace_1.txt,TERMINATING,"2,31","246,13","39,92","288,36",11,TERMINATING,5,1,6,2-Nested Template / Affine Template
ATVA2026_benchmark/TERM_LASSO//lasso_traces_not-03_termination.c/lasso_trace_1.txt,TERMINATING,"2,45","111,21","45,52","159,18",11,TERMINATING,5,1,6,Affine Template / Affine Template
ATVA2026_benchmark/TERM_LASSO//lasso_traces_not-03.c/lasso_trace_1.txt,TERMINATING,"2,01","106,64","40,59","149,24",10,TERMINATING,5,1,6,Affine Template / Affine Template
ATVA2026_benchmark/TERM_LASSO//lasso_traces_not-04_termination.c/lasso_trace_1.txt,TERMINATING,"0,64","1470,64","30,4","1501,68",15,TERMINATING,6,1,7,2-Phase Template / Affine Template
ATVA2026_benchmark/TERM_LASSO//lasso_traces_not-04.c/lasso_trace_1.txt,TERMINATING,"0,96","1414,17","29,56","1444,69",16,TERMINATING,6,1,7,2-Phase Template / Affine Template
ATVA2026_benchmark/TERM_LASSO//lasso_traces_not-05_termination.c/lasso_trace_1.txt,TERMINATING,"3,44","118,54","37,93","159,91",9,TERMINATING,5,1,6,Affine Template / Affine Template
ATVA2026_benchmark/TERM_LASSO//lasso_traces_not-05.c/lasso_trace_1.txt,TERMINATING,"3,81","111,24","41,39","156,44",9,TERMINATING,5,1,6,Affine Template / Affine Template
ATVA2026_benchmark/TERM_LASSO//lasso_traces_NullpointerAfterLastIteration.c/lasso_trace_1.txt,TERMINATING,"1,89","164,38","59,52","225,79",15,TERMINATING,5,2,7,Affine Template / Affine Template
ATVA2026_benchmark/TERM_LASSO//lasso_traces_num_conversion_1.i_3.bplTransformedIcfg_BEv2_9.bpl/lasso_trace_1.txt,TERMINATING,"2,14","72,6","82,23","156,97",7,TERMINATING,1,1,2,Affine Template / Affine Template
ATVA2026_benchmark/TERM_LASSO//lasso_traces_num_conversion_2.i_3.bplTransformedIcfg_BEv2_7.bpl/lasso_trace_1.txt,TERMINATING,"3,34","113,32","107,38","224,04",7,TERMINATING,1,1,2,Affine Template / Affine Template
ATVA2026_benchmark/TERM_LASSO//lasso_traces_Nyala-2lex_true-termination.c/lasso_trace_1.txt,TERMINATING,"2,07","70,69","93,12","165,88",12,TERMINATING,5,1,6,Affine Template / Affine Template
ATVA2026_benchmark/TERM_LASSO//lasso_traces_Nyala-2lex-1_def-behavior.c/lasso_trace_1.txt,TERMINATING,"2,04","82,21","80,71","164,96",11,TERMINATING,5,1,6,Affine Template / Affine Template
ATVA2026_benchmark/TERM_LASSO//lasso_traces_Nyala-2lex-1.c/lasso_trace_1.txt,TERMINATING,"3,06","73,88","82,16","159,1",11,TERMINATING,5,1,6,Affine Template / Affine Template
ATVA2026_benchmark/TERM_LASSO//lasso_traces_Nyala-2lex-2_no-overflow.c/lasso_trace_1.txt,TERMINATING,"1,95","104,36","57,63","163,94",13,TERMINATING,5,1,6,Affine Template / Affine Template
ATVA2026_benchmark/TERM_LASSO//lasso_traces_Nyala-2lex-2.c/lasso_trace_1.txt,TERMINATING,"1,95","104,32","54,95","161,22",13,TERMINATING,5,1,6,Affine Template / Affine Template
ATVA2026_benchmark/TERM_LASSO//lasso_traces_Oberried-decreasebyProc_true-termination.bpl/lasso_trace_1.txt,TERMINATING,"1,93","28,18","35,56","65,67",5,TERMINATING,0,4,4,Affine Template / Affine Template
ATVA2026_benchmark/TERM_LASSO//lasso_traces_OctagonTest_Default.bpl/lasso_trace_1.txt,TERMINATING,"2,14","58,02","65,31","125,47",5,TERMINATING,1,1,2,Affine Template / Affine Template
ATVA2026_benchmark/TERM_LASSO//lasso_traces_OctagonTest_Inconsistent.bpl/lasso_trace_1.txt,TERMINATING,"2,19","53,88","37,07","93,14",4,TERMINATING,1,1,2,Affine Template / Affine Template
ATVA2026_benchmark/TERM_LASSO//lasso_traces_OctagonTest_LongLoop.bpl/lasso_trace_1.txt,TERMINATING,"3,84","41,07","65,83","110,74",5,TERMINATING,1,1,2,Affine Template / Affine Template
ATVA2026_benchmark/TERM_LASSO//lasso_traces_OctagonTest_UpperAndLowerBounds.bpl/lasso_trace_1.txt,TERMINATING,"1,98","47,93","38,56","88,47",4,TERMINATING,1,1,2,Affine Template / Affine Template
ATVA2026_benchmark/TERM_LASSO//lasso_traces_oneLoop.bpl/lasso_trace_1.txt,TERMINATING,"1,81","50,1","32,62","84,53",5,TERMINATING,1,1,2,Affine Template / Affine Template
ATVA2026_benchmark/TERM_LASSO//lasso_traces_oneLoopArray.bpl/lasso_trace_1.txt,TERMINATING,"3,06","44,3",0,"47,36",5,TERMINATING,1,1,2,Affine Template / Affine Template
ATVA2026_benchmark/TERM_LASSO//lasso_traces_oneLoopAssertion.bpl/lasso_trace_1.txt,TERMINATING,"1,8","57,57","33,81","93,18",5,TERMINATING,1,2,3,Affine Template / Affine Template
ATVA2026_benchmark/TERM_LASSO//lasso_traces_oneLoopAssertionCorrect.bpl/lasso_trace_1.txt,TERMINATING,"3,11","46,82","34,67","84,6",4,TERMINATING,1,2,3,Affine Template / Affine Template
ATVA2026_benchmark/TERM_LASSO//lasso_traces_oneLoopAssertionError.bpl/lasso_trace_1.txt,TERMINATING,"1,85","45,83","37,46","85,14",4,TERMINATING,1,2,3,Affine Template / Affine Template
ATVA2026_benchmark/TERM_LASSO//lasso_traces_oneLoopSafe.bpl/lasso_trace_1.txt,TERMINATING,"1,83","45,44","36,46","83,73",4,TERMINATING,1,1,2,Affine Template / Affine Template
ATVA2026_benchmark/TERM_LASSO//lasso_traces_oneLoopSafe2.bpl/lasso_trace_1.txt,TERMINATING,"1,83","54,03","35,96","91,82",5,TERMINATING,1,1,2,Affine Template / Affine Template
ATVA2026_benchmark/TERM_LASSO//lasso_traces_oneLoopTwoBackbones.bpl/lasso_trace_1.txt,TERMINATING,"2,06","71,24","37,89","111,19",8,TERMINATING,1,1,2,Affine Template / Affine Template
ATVA2026_benchmark/TERM_LASSO//lasso_traces_oneLoopTwoVarsSafe.bpl/lasso_trace_1.txt,TERMINATING,"2,96","60,29","63,69","126,94",5,TERMINATING,1,1,2,Affine Template / Affine Template
ATVA2026_benchmark/TERM_LASSO//lasso_traces_oneLoopUnsafe.bpl/lasso_trace_1.txt,TERMINATING,"1,84","45,68","39,13","86,65",4,TERMINATING,1,1,2,Affine Template / Affine Template
ATVA2026_benchmark/TERM_LASSO//lasso_traces_oneLoopVasrSimple.bpl/lasso_trace_1.txt,TERMINATING,"2,18","89,82","68,15","160,15",8,TERMINATING,1,1,2,Affine Template / Affine Template
ATVA2026_benchmark/TERM_LASSO//lasso_traces_oneLoopVasrSimple2.bpl/lasso_trace_1.txt,TERMINATING,"2,44","48,72","33,87","85,03",5,TERMINATING,1,1,2,Affine Template / Affine Template
ATVA2026_benchmark/TERM_LASSO//lasso_traces_oneLoopWithBreakSafe.bpl/lasso_trace_1.txt,TERMINATING,"2,17","71,44","42,6","116,21",7,TERMINATING,1,2,3,Affine Template / Affine Template
ATVA2026_benchmark/TERM_LASSO//lasso_traces_oneLoopWithBreakUnsafe.bpl/lasso_trace_1.txt,TERMINATING,"2,04","76,47","39,56","118,07",6,TERMINATING,1,2,3,Affine Template / Affine Template
ATVA2026_benchmark/TERM_LASSO//lasso_traces_optimistic-concurrency1.bpl/lasso_trace_1.txt,TERMINATING,"3,33","93,92",0,"97,25",8,TERMINATING,4,4,8,Affine Template / Affine Template
ATVA2026_benchmark/TERM_LASSO//lasso_traces_optimistic-concurrency1.bpl/lasso_trace_2.txt,TERMINATING,"0,51","40,59",0,"41,1",11,TERMINATING,6,4,10,Affine Template / Affine Template
ATVA2026_benchmark/TERM_LASSO//lasso_traces_optimistic-concurrency1.bpl/lasso_trace_4.txt,TERMINATING,"0,61","118,19",0,"118,8",15,TERMINATING,21,4,25,Affine Template / Affine Template
ATVA2026_benchmark/TERM_LASSO//lasso_traces_optimistic-concurrency2.bpl/lasso_trace_1.txt,TERMINATING,"2,22","103,94",0,"106,16",8,TERMINATING,4,4,8,Affine Template / Affine Template
ATVA2026_benchmark/TERM_LASSO//lasso_traces_optimistic-concurrency2.bpl/lasso_trace_2.txt,TERMINATING,"0,61","79,56",0,"80,17",11,TERMINATING,6,4,10,Affine Template / Affine Template
ATVA2026_benchmark/TERM_LASSO//lasso_traces_optimistic-concurrency2.bpl/lasso_trace_4.txt,TERMINATING,"0,59","76,56",0,"77,15",14,TERMINATING,21,4,25,Affine Template / Affine Template
ATVA2026_benchmark/TERM_LASSO//lasso_traces_or-02_termination.c/lasso_trace_1.txt,TERMINATING,"5,51","509,23","67,56","582,3",19,TERMINATING,5,1,6,Affine Template / Affine Template
ATVA2026_benchmark/TERM_LASSO//lasso_traces_or-02.c/lasso_trace_1.txt,TERMINATING,"1,95","176,07","37,66","215,68",18,TERMINATING,5,1,6,Affine Template / Affine Template
ATVA2026_benchmark/TERM_LASSO//lasso_traces_or-03_termination.c/lasso_trace_1.txt,TERMINATING,"2,59","208,15","58,13","268,87",7,TERMINATING,5,1,6,Affine Template / Affine Template
ATVA2026_benchmark/TERM_LASSO//lasso_traces_or-03.c/lasso_trace_1.txt,TERMINATING,"2,01","102,08","38,67","142,76",9,TERMINATING,5,1,6,Affine Template / Affine Template
ATVA2026_benchmark/TERM_LASSO//lasso_traces_or-04_termination.c/lasso_trace_2.txt,TERMINATING,"1,88","138,51","98,59","238,98",6,TERMINATING,5,3,8,Affine Template / Affine Template
ATVA2026_benchmark/TERM_LASSO//lasso_traces_or-04.c/lasso_trace_2.txt,TERMINATING,"1,86","93,5","94,82","190,18",7,TERMINATING,5,3,8,Affine Template / Affine Template
ATVA2026_benchmark/TERM_LASSO//lasso_traces_or-06_termination.c/lasso_trace_1.txt,TERMINATING,"3,55",116,"37,18","156,73",7,TERMINATING,5,1,6,Affine Template / Affine Template
ATVA2026_benchmark/TERM_LASSO//lasso_traces_or-06.c/lasso_trace_1.txt,TERMINATING,"3,11","96,94","36,23","136,28",7,TERMINATING,5,1,6,Affine Template / Affine Template
ATVA2026_benchmark/TERM_LASSO//lasso_traces_OrderDependentEquality.c/lasso_trace_1.txt,TERMINATING,"1,94","90,7","48,21","140,85",13,TERMINATING,5,1,6,Affine Template / Affine Template
ATVA2026_benchmark/TERM_LASSO//lasso_traces_overapproximation.bpl/lasso_trace_1.txt,TERMINATING,"1,89","85,8","41,08","128,77",6,TERMINATING,1,1,2,Affine Template / Affine Template
ATVA2026_benchmark/TERM_LASSO//lasso_traces_Overflow_false-no-overflow_true-termination.c/lasso_trace_1.txt,TERMINATING,"1,84","89,36","85,61","176,81",6,TERMINATING,5,1,6,Affine Template / Affine Template
ATVA2026_benchmark/TERM_LASSO//lasso_traces_Overflow.c/lasso_trace_1.txt,TERMINATING,"1,96","89,62","87,35","178,93",6,TERMINATING,5,1,6,Affine Template / Affine Template
ATVA2026_benchmark/TERM_LASSO//lasso_traces_overflow1.i_3.bplTransformedIcfg_BEv2_4.bpl/lasso_trace_1.txt,TERMINATING,"1,94","52,74","34,65","89,33",5,TERMINATING,1,1,2,Affine Template / Affine Template
ATVA2026_benchmark/TERM_LASSO//lasso_traces_p-12.t2.c/lasso_trace_1.txt,TERMINATING,"2,16","99,6","122,07","223,83",5,TERMINATING,20,9,29,Affine Template / Affine Template
ATVA2026_benchmark/TERM_LASSO//lasso_traces_p-14.t2.c/lasso_trace_1.txt,TERMINATING,"1,98","111,38","75,53","188,89",6,TERMINATING,20,13,33,Affine Template / Affine Template
ATVA2026_benchmark/TERM_LASSO//lasso_traces_p-15.t2.c/lasso_trace_1.txt,TERMINATING,"1,78","88,28","56,95","147,01",5,TERMINATING,20,9,29,Affine Template / Affine Template
ATVA2026_benchmark/TERM_LASSO//lasso_traces_p-16.t2.c/lasso_trace_1.txt,TERMINATING,"1,93","94,24","60,21","156,38",5,TERMINATING,20,9,29,Affine Template / Affine Template
ATVA2026_benchmark/TERM_LASSO//lasso_traces_p-18.t2.c/lasso_trace_1.txt,TERMINATING,"1,84","89,46","59,63","150,93",5,TERMINATING,20,9,29,Affine Template / Affine Template
ATVA2026_benchmark/TERM_LASSO//lasso_traces_p-1b.t2.c/lasso_trace_1.txt,TERMINATING,"2,55","132,58","147,98","283,11",6,TERMINATING,24,13,37,Affine Template / Affine Template
ATVA2026_benchmark/TERM_LASSO//lasso_traces_p-1d.t2.c/lasso_trace_1.txt,TERMINATING,"1,94","119,04","142,51","263,49",7,TERMINATING,28,19,47,Affine Template / Affine Template
ATVA2026_benchmark/TERM_LASSO//lasso_traces_p-1d.t2.c/lasso_trace_2.txt,TERMINATING,"0,4","81,23","78,93","160,56",21,TERMINATING,31,30,61,Affine Template / Affine Template
ATVA2026_benchmark/TERM_LASSO//lasso_traces_p-21.t2.c/lasso_trace_1.txt,TERMINATING,"1,89","133,68","141,1","276,67",10,TERMINATING,24,14,38,Affine Template / Affine Template
ATVA2026_benchmark/TERM_LASSO//lasso_traces_p-21.t2.c/lasso_trace_2.txt,TERMINATING,"0,51","66,02","26,65","93,18",7,TERMINATING,33,13,46,Affine Template / Affine Template
ATVA2026_benchmark/TERM_LASSO//lasso_traces_p-22.t2.c/lasso_trace_1.txt,TERMINATING,"2,36","105,34","100,16","207,86",6,TERMINATING,25,9,34,Affine Template / Affine Template
ATVA2026_benchmark/TERM_LASSO//lasso_traces_p-3.t2.c/lasso_trace_1.txt,TERMINATING,2,"88,23","154,62","244,85",6,TERMINATING,24,15,39,Affine Template / Affine Template
ATVA2026_benchmark/TERM_LASSO//lasso_traces_p-37.t2.c/lasso_trace_1.txt,TERMINATING,"1,99","57,73","90,38","150,1",10,TERMINATING,40,27,67,Affine Template / Affine Template
ATVA2026_benchmark/TERM_LASSO//lasso_traces_p-4.t2.c/lasso_trace_1.txt,TERMINATING,2,"116,15","100,27","218,42",11,TERMINATING,24,10,34,Affine Template / Affine Template
ATVA2026_benchmark/TERM_LASSO//lasso_traces_p-4.t2.c/lasso_trace_2.txt,TERMINATING,"0,59","95,46","153,18","249,23",20,TERMINATING,36,13,49,Affine Template / Affine Template
ATVA2026_benchmark/TERM_LASSO//lasso_traces_p-4.t2.c/lasso_trace_3.txt,TERMINATING,"0,31","33,08","64,58","97,97",7,TERMINATING,42,10,52,Affine Template / Affine Template
ATVA2026_benchmark/TERM_LASSO//lasso_traces_p-4.t2.c/lasso_trace_4.txt,TERMINATING,"0,51","71,5","104,96","176,97",8,TERMINATING,55,10,65,Affine Template / Affine Template
ATVA2026_benchmark/TERM_LASSO//lasso_traces_p-40.t2.c/lasso_trace_1.txt,TERMINATING,"1,96","181,12","188,94","372,02",8,TERMINATING,45,13,58,Affine Template / Affine Template
ATVA2026_benchmark/TERM_LASSO//lasso_traces_p-42.t2.c/lasso_trace_1.txt,TERMINATING,"1,84","108,98","154,67","265,49",8,TERMINATING,24,14,38,Affine Template / Affine Template
ATVA2026_benchmark/TERM_LASSO//lasso_traces_p-42.t2.c/lasso_trace_2.txt,TERMINATING,"0,56","108,12","140,07","248,75",19,TERMINATING,27,17,44,Affine Template / Affine Template
ATVA2026_benchmark/TERM_LASSO//lasso_traces_p-43-terminate.t2.c/lasso_trace_10.txt,TERMINATING,"0,4","61,32","77,97","139,69",21,TERMINATING,169,41,210,Affine Template / Affine Template
ATVA2026_benchmark/TERM_LASSO//lasso_traces_p-43-terminate.t2.c/lasso_trace_11.txt,TERMINATING,"0,49","223,78","283,78","508,05",21,TERMINATING,160,48,208,Affine Template / Affine Template
ATVA2026_benchmark/TERM_LASSO//lasso_traces_p-43-terminate.t2.c/lasso_trace_12.txt,TERMINATING,"0,37","506,21","231,17","737,75",22,TERMINATING,165,53,218,Affine Template / Affine Template
ATVA2026_benchmark/TERM_LASSO//lasso_traces_p-43-terminate.t2.c/lasso_trace_13.txt,TERMINATING,"0,41","130,69","52,52","183,62",18,TERMINATING,214,50,264,Affine Template / Affine Template
ATVA2026_benchmark/TERM_LASSO//lasso_traces_p-43-terminate.t2.c/lasso_trace_14.txt,TERMINATING,"0,41","477,21","658,09","1135,71",22,TERMINATING,207,41,248,Affine Template / Affine Template
ATVA2026_benchmark/TERM_LASSO//lasso_traces_p-43-terminate.t2.c/lasso_trace_15.txt,TERMINATING,"0,33","254,56","340,65","595,54",15,TERMINATING,229,61,290,Affine Template / Affine Template
ATVA2026_benchmark/TERM_LASSO//lasso_traces_p-43-terminate.t2.c/lasso_trace_16.txt,TERMINATING,"0,37","268,31","394,74","663,42",23,TERMINATING,245,41,286,Affine Template / Affine Template
ATVA2026_benchmark/TERM_LASSO//lasso_traces_p-43-terminate.t2.c/lasso_trace_17.txt,TERMINATING,"0,65","42,71","632,4","675,76",27,TERMINATING,290,89,379,Affine Template / Affine Template
ATVA2026_benchmark/TERM_LASSO//lasso_traces_p-43-terminate.t2.c/lasso_trace_18.txt,TERMINATING,"0,49","177,78","226,98","405,25",53,TERMINATING,256,48,304,Affine Template / Affine Template
ATVA2026_benchmark/TERM_LASSO//lasso_traces_p-43-terminate.t2.c/lasso_trace_19.txt,TERMINATING,"0,47","143,47","191,52","335,46",23,TERMINATING,306,41,347,Affine Template / Affine Template
ATVA2026_benchmark/TERM_LASSO//lasso_traces_p-43-terminate.t2.c/lasso_trace_2.txt,TERMINATING,"1,56","280,55","331,13","613,24",14,TERMINATING,56,50,106,Affine Template / Affine Template
ATVA2026_benchmark/TERM_LASSO//lasso_traces_p-43-terminate.t2.c/lasso_trace_20.txt,TERMINATING,"0,37","137,36","333,37","471,1",23,TERMINATING,317,53,370,Affine Template / Affine Template
ATVA2026_benchmark/TERM_LASSO//lasso_traces_p-43-terminate.t2.c/lasso_trace_21.txt,TERMINATING,"0,33","291,25","370,05","661,63",23,TERMINATING,317,53,370,Affine Template / Affine Template
ATVA2026_benchmark/TERM_LASSO//lasso_traces_p-43-terminate.t2.c/lasso_trace_22.txt,TERMINATING,"0,41","87,1","596,55","684,06",23,TERMINATING,317,53,370,Affine Template / Affine Template
ATVA2026_benchmark/TERM_LASSO//lasso_traces_p-43-terminate.t2.c/lasso_trace_23.txt,TERMINATING,"0,33","412,18","575,27","987,78",24,TERMINATING,317,53,370,Affine Template / Affine Template
ATVA2026_benchmark/TERM_LASSO//lasso_traces_p-43-terminate.t2.c/lasso_trace_24.txt,TERMINATING,"0,4","452,55","539,92","992,87",24,TERMINATING,317,53,370,Affine Template / Affine Template
ATVA2026_benchmark/TERM_LASSO//lasso_traces_p-43-terminate.t2.c/lasso_trace_25.txt,TERMINATING,"0,39","358,9","427,35","786,64",26,TERMINATING,317,53,370,Affine Template / Affine Template
ATVA2026_benchmark/TERM_LASSO//lasso_traces_p-43-terminate.t2.c/lasso_trace_26.txt,TERMINATING,"0,43","486,31","437,71","924,45",23,TERMINATING,317,53,370,Affine Template / Affine Template
ATVA2026_benchmark/TERM_LASSO//lasso_traces_p-43-terminate.t2.c/lasso_trace_27.txt,TERMINATING,"0,36","75,42","75,4","151,18",24,TERMINATING,317,53,370,Affine Template / Affine Template
ATVA2026_benchmark/TERM_LASSO//lasso_traces_p-43-terminate.t2.c/lasso_trace_28.txt,TERMINATING,"0,36","347,38","203,54","551,28",23,TERMINATING,317,53,370,Affine Template / Affine Template
ATVA2026_benchmark/TERM_LASSO//lasso_traces_p-43-terminate.t2.c/lasso_trace_29.txt,TERMINATING,"0,35","329,62","669,99","999,96",24,TERMINATING,317,53,370,Affine Template / Affine Template
ATVA2026_benchmark/TERM_LASSO//lasso_traces_p-43-terminate.t2.c/lasso_trace_3.txt,TERMINATING,"0,75","100,17","101,52","202,44",34,TERMINATING,116,61,177,Affine Template / Affine Template
ATVA2026_benchmark/TERM_LASSO//lasso_traces_p-43-terminate.t2.c/lasso_trace_30.txt,TERMINATING,"0,36","500,43","554,08","1054,87",23,TERMINATING,317,53,370,Affine Template / Affine Template
ATVA2026_benchmark/TERM_LASSO//lasso_traces_p-43-terminate.t2.c/lasso_trace_31.txt,TERMINATING,"0,4","287,35","623,42","911,17",24,TERMINATING,317,53,370,Affine Template / Affine Template
ATVA2026_benchmark/TERM_LASSO//lasso_traces_p-43-terminate.t2.c/lasso_trace_4.txt,TERMINATING,"0,44","249,01","288,14","537,59",19,TERMINATING,119,48,167,Affine Template / Affine Template
ATVA2026_benchmark/TERM_LASSO//lasso_traces_p-43-terminate.t2.c/lasso_trace_5.txt,TERMINATING,"0,51","152,81","377,92","531,24",25,TERMINATING,153,89,242,Affine Template / Affine Template
ATVA2026_benchmark/TERM_LASSO//lasso_traces_p-43-terminate.t2.c/lasso_trace_6.txt,TERMINATING,"0,48","437,9","567,2","1005,58",21,TERMINATING,156,41,197,Affine Template / Affine Template
ATVA2026_benchmark/TERM_LASSO//lasso_traces_p-43-terminate.t2.c/lasso_trace_7.txt,TERMINATING,"0,43","211,13","289,77","501,33",15,TERMINATING,164,50,214,Affine Template / Affine Template
ATVA2026_benchmark/TERM_LASSO//lasso_traces_p-43.t2.c/lasso_trace_1.txt,TERMINATING,"1,65","146,21","179,67","327,53",8,TERMINATING,28,29,57,Affine Template / Affine Template
ATVA2026_benchmark/TERM_LASSO//lasso_traces_p-43.t2.c/lasso_trace_10.txt,TERMINATING,"0,32","172,21","224,24","396,77",15,TERMINATING,191,29,220,Affine Template / Affine Template
ATVA2026_benchmark/TERM_LASSO//lasso_traces_p-43.t2.c/lasso_trace_11.txt,TERMINATING,"0,31","31,48","50,25","82,04",12,TERMINATING,191,29,220,Affine Template / Affine Template
ATVA2026_benchmark/TERM_LASSO//lasso_traces_p-43.t2.c/lasso_trace_12.txt,TERMINATING,"0,25","49,71","65,52","115,48",10,TERMINATING,191,29,220,Affine Template / Affine Template
ATVA2026_benchmark/TERM_LASSO//lasso_traces_p-43.t2.c/lasso_trace_13.txt,TERMINATING,"0,27","60,19","52,83","113,29",10,TERMINATING,191,29,220,Affine Template / Affine Template
ATVA2026_benchmark/TERM_LASSO//lasso_traces_p-43.t2.c/lasso_trace_14.txt,TERMINATING,"0,36","146,33","174,65","321,34",11,TERMINATING,191,29,220,Affine Template / Affine Template
ATVA2026_benchmark/TERM_LASSO//lasso_traces_p-43.t2.c/lasso_trace_15.txt,TERMINATING,"0,3","172,38","199,49","372,17",11,TERMINATING,191,29,220,Affine Template / Affine Template
ATVA2026_benchmark/TERM_LASSO//lasso_traces_p-43.t2.c/lasso_trace_16.txt,TERMINATING,"0,3","174,77","102,89","277,96",15,TERMINATING,191,29,220,Affine Template / Affine Template
ATVA2026_benchmark/TERM_LASSO//lasso_traces_p-43.t2.c/lasso_trace_17.txt,TERMINATING,"0,29","194,53","253,31","448,13",10,TERMINATING,191,29,220,Affine Template / Affine Template
ATVA2026_benchmark/TERM_LASSO//lasso_traces_p-43.t2.c/lasso_trace_18.txt,TERMINATING,"0,25","193,75","231,97","425,97",10,TERMINATING,191,29,220,Affine Template / Affine Template
ATVA2026_benchmark/TERM_LASSO//lasso_traces_p-43.t2.c/lasso_trace_19.txt,TERMINATING,"0,29","129,06","149,77","279,12",10,TERMINATING,191,29,220,Affine Template / Affine Template
ATVA2026_benchmark/TERM_LASSO//lasso_traces_p-43.t2.c/lasso_trace_2.txt,TERMINATING,"0,79","76,01","82,36","159,16",26,TERMINATING,47,40,87,Affine Template / Affine Template
ATVA2026_benchmark/TERM_LASSO//lasso_traces_p-43.t2.c/lasso_trace_20.txt,TERMINATING,"0,25","131,59","177,87","309,71",10,TERMINATING,191,29,220,Affine Template / Affine Template
ATVA2026_benchmark/TERM_LASSO//lasso_traces_p-43.t2.c/lasso_trace_21.txt,TERMINATING,"0,3","62,25","38,2","100,75",10,TERMINATING,191,29,220,Affine Template / Affine Template
ATVA2026_benchmark/TERM_LASSO//lasso_traces_p-43.t2.c/lasso_trace_22.txt,TERMINATING,"0,32","71,73","73,52","145,57",10,TERMINATING,191,29,220,Affine Template / Affine Template
ATVA2026_benchmark/TERM_LASSO//lasso_traces_p-43.t2.c/lasso_trace_23.txt,TERMINATING,"0,3","114,26","152,26","266,82",10,TERMINATING,191,29,220,Affine Template / Affine Template
ATVA2026_benchmark/TERM_LASSO//lasso_traces_p-43.t2.c/lasso_trace_24.txt,TERMINATING,"0,28","151,32","189,39","340,99",10,TERMINATING,191,29,220,Affine Template / Affine Template
ATVA2026_benchmark/TERM_LASSO//lasso_traces_p-43.t2.c/lasso_trace_25.txt,TERMINATING,"0,29","121,83","169,42","291,54",10,TERMINATING,191,29,220,Affine Template / Affine Template
ATVA2026_benchmark/TERM_LASSO//lasso_traces_p-43.t2.c/lasso_trace_26.txt,TERMINATING,"0,3","69,63","106,72","176,65",10,TERMINATING,191,29,220,Affine Template / Affine Template
ATVA2026_benchmark/TERM_LASSO//lasso_traces_p-43.t2.c/lasso_trace_27.txt,TERMINATING,"0,37","151,52","148,14","300,03",11,TERMINATING,191,29,220,Affine Template / Affine Template
ATVA2026_benchmark/TERM_LASSO//lasso_traces_p-43.t2.c/lasso_trace_28.txt,TERMINATING,"0,27","41,35","27,71","69,33",10,TERMINATING,191,29,220,Affine Template / Affine Template
ATVA2026_benchmark/TERM_LASSO//lasso_traces_p-43.t2.c/lasso_trace_29.txt,TERMINATING,"0,25","197,71","241,79","439,75",10,TERMINATING,191,29,220,Affine Template / Affine Template
ATVA2026_benchmark/TERM_LASSO//lasso_traces_p-43.t2.c/lasso_trace_3.txt,TERMINATING,"0,3","136,51","196,68","333,49",10,TERMINATING,84,29,113,Affine Template / Affine Template
ATVA2026_benchmark/TERM_LASSO//lasso_traces_p-43.t2.c/lasso_trace_30.txt,TERMINATING,"0,31","39,17","54,25","93,73",10,TERMINATING,191,29,220,Affine Template / Affine Template
ATVA2026_benchmark/TERM_LASSO//lasso_traces_p-43.t2.c/lasso_trace_31.txt,TERMINATING,"0,28","27,87","120,2","148,35",10,TERMINATING,191,29,220,Affine Template / Affine Template
ATVA2026_benchmark/TERM_LASSO//lasso_traces_p-43.t2.c/lasso_trace_32.txt,TERMINATING,"0,31","120,29","144,87","265,47",10,TERMINATING,191,29,220,Affine Template / Affine Template
ATVA2026_benchmark/TERM_LASSO//lasso_traces_p-43.t2.c/lasso_trace_33.txt,TERMINATING,"0,37","93,88","94,69","188,94",10,TERMINATING,191,29,220,Affine Template / Affine Template
ATVA2026_benchmark/TERM_LASSO//lasso_traces_p-43.t2.c/lasso_trace_34.txt,TERMINATING,"0,3","92,92","108,26","201,48",10,TERMINATING,191,29,220,Affine Template / Affine Template
ATVA2026_benchmark/TERM_LASSO//lasso_traces_p-43.t2.c/lasso_trace_35.txt,TERMINATING,"0,29","168,65","136,28","305,22",10,TERMINATING,191,29,220,Affine Template / Affine Template
ATVA2026_benchmark/TERM_LASSO//lasso_traces_p-43.t2.c/lasso_trace_36.txt,TERMINATING,"0,32","46,42","85,66","132,4",10,TERMINATING,191,29,220,Affine Template / Affine Template
ATVA2026_benchmark/TERM_LASSO//lasso_traces_p-43.t2.c/lasso_trace_37.txt,TERMINATING,"0,34","168,66","234,81","403,81",10,TERMINATING,191,29,220,Affine Template / Affine Template
ATVA2026_benchmark/TERM_LASSO//lasso_traces_p-43.t2.c/lasso_trace_38.txt,TERMINATING,"0,3","167,98","52,36","220,64",10,TERMINATING,191,29,220,Affine Template / Affine Template
ATVA2026_benchmark/TERM_LASSO//lasso_traces_p-43.t2.c/lasso_trace_39.txt,TERMINATING,"0,29","143,63","199,01","342,93",11,TERMINATING,191,29,220,Affine Template / Affine Template
ATVA2026_benchmark/TERM_LASSO//lasso_traces_p-43.t2.c/lasso_trace_4.txt,TERMINATING,"0,3","172,38","53,5","226,18",10,TERMINATING,113,29,142,Affine Template / Affine Template
ATVA2026_benchmark/TERM_LASSO//lasso_traces_p-43.t2.c/lasso_trace_40.txt,TERMINATING,"0,33","153,3","176,41","330,04",10,TERMINATING,191,29,220,Affine Template / Affine Template
ATVA2026_benchmark/TERM_LASSO//lasso_traces_p-43.t2.c/lasso_trace_41.txt,TERMINATING,"0,28","94,39","84,63","179,3",10,TERMINATING,191,29,220,Affine Template / Affine Template
ATVA2026_benchmark/TERM_LASSO//lasso_traces_p-43.t2.c/lasso_trace_42.txt,TERMINATING,"0,31","59,37","98,67","158,35",9,TERMINATING,191,29,220,Affine Template / Affine Template
ATVA2026_benchmark/TERM_LASSO//lasso_traces_p-43.t2.c/lasso_trace_43.txt,TERMINATING,"0,33","103,09","132,33","235,75",9,TERMINATING,191,29,220,Affine Template / Affine Template
ATVA2026_benchmark/TERM_LASSO//lasso_traces_p-43.t2.c/lasso_trace_44.txt,TERMINATING,"0,26","101,51","184,84","286,61",10,TERMINATING,191,29,220,Affine Template / Affine Template
ATVA2026_benchmark/TERM_LASSO//lasso_traces_p-43.t2.c/lasso_trace_45.txt,TERMINATING,"0,31","149,55","187,16","337,02",10,TERMINATING,191,29,220,Affine Template / Affine Template
ATVA2026_benchmark/TERM_LASSO//lasso_traces_p-43.t2.c/lasso_trace_46.txt,TERMINATING,"0,27","73,54","132,91","206,72",10,TERMINATING,191,29,220,Affine Template / Affine Template
ATVA2026_benchmark/TERM_LASSO//lasso_traces_p-43.t2.c/lasso_trace_47.txt,TERMINATING,"0,3","193,43","245,76","439,49",10,TERMINATING,191,29,220,Affine Template / Affine Template
ATVA2026_benchmark/TERM_LASSO//lasso_traces_p-43.t2.c/lasso_trace_48.txt,TERMINATING,"0,3","137,31","265,14","402,75",10,TERMINATING,191,29,220,Affine Template / Affine Template
ATVA2026_benchmark/TERM_LASSO//lasso_traces_p-43.t2.c/lasso_trace_49.txt,TERMINATING,"0,32","113,85","136,73","250,9",10,TERMINATING,191,29,220,Affine Template / Affine Template
ATVA2026_benchmark/TERM_LASSO//lasso_traces_p-43.t2.c/lasso_trace_5.txt,TERMINATING,"0,29","163,98","133,87","298,14",10,TERMINATING,84,69,153,Affine Template / Affine Template
ATVA2026_benchmark/TERM_LASSO//lasso_traces_p-43.t2.c/lasso_trace_50.txt,TERMINATING,"0,36","158,61","145,62","304,59",10,TERMINATING,191,29,220,Affine Template / Affine Template
ATVA2026_benchmark/TERM_LASSO//lasso_traces_p-43.t2.c/lasso_trace_51.txt,TERMINATING,"0,32","175,5",212,"387,82",10,TERMINATING,191,29,220,Affine Template / Affine Template
ATVA2026_benchmark/TERM_LASSO//lasso_traces_p-43.t2.c/lasso_trace_52.txt,TERMINATING,"0,31","193,52","251,93","445,76",10,TERMINATING,191,29,220,Affine Template / Affine Template
ATVA2026_benchmark/TERM_LASSO//lasso_traces_p-43.t2.c/lasso_trace_53.txt,TERMINATING,"0,28","126,47","140,65","267,4",10,TERMINATING,191,29,220,Affine Template / Affine Template
ATVA2026_benchmark/TERM_LASSO//lasso_traces_p-43.t2.c/lasso_trace_54.txt,TERMINATING,"0,3","118,83","142,71","261,84",10,TERMINATING,191,29,220,Affine Template / Affine Template
ATVA2026_benchmark/TERM_LASSO//lasso_traces_p-43.t2.c/lasso_trace_55.txt,TERMINATING,"0,28","119,08","122,11","241,47",10,TERMINATING,191,29,220,Affine Template / Affine Template
ATVA2026_benchmark/TERM_LASSO//lasso_traces_p-43.t2.c/lasso_trace_56.txt,TERMINATING,"0,32","87,49","121,38","209,19",10,TERMINATING,191,29,220,Affine Template / Affine Template
ATVA2026_benchmark/TERM_LASSO//lasso_traces_p-43.t2.c/lasso_trace_57.txt,TERMINATING,"0,31","56,62","121,88","178,81",10,TERMINATING,191,29,220,Affine Template / Affine Template
ATVA2026_benchmark/TERM_LASSO//lasso_traces_p-43.t2.c/lasso_trace_58.txt,TERMINATING,"0,26","147,22","205,1","352,58",10,TERMINATING,191,29,220,Affine Template / Affine Template
ATVA2026_benchmark/TERM_LASSO//lasso_traces_p-43.t2.c/lasso_trace_59.txt,TERMINATING,"0,33","95,71","144,68","240,72",9,TERMINATING,191,29,220,Affine Template / Affine Template
ATVA2026_benchmark/TERM_LASSO//lasso_traces_p-43.t2.c/lasso_trace_6.txt,TERMINATING,"0,33","83,47","113,81","197,61",10,TERMINATING,137,69,206,Affine Template / Affine Template
ATVA2026_benchmark/TERM_LASSO//lasso_traces_p-43.t2.c/lasso_trace_60.txt,TERMINATING,"0,33","165,65","182,93","348,91",10,TERMINATING,191,29,220,Affine Template / Affine Template
ATVA2026_benchmark/TERM_LASSO//lasso_traces_p-43.t2.c/lasso_trace_61.txt,TERMINATING,"0,36","74,63","139,62","214,61",9,TERMINATING,191,29,220,Affine Template / Affine Template
ATVA2026_benchmark/TERM_LASSO//lasso_traces_p-43.t2.c/lasso_trace_62.txt,TERMINATING,"0,33","193,12","230,99","424,44",10,TERMINATING,191,29,220,Affine Template / Affine Template
ATVA2026_benchmark/TERM_LASSO//lasso_traces_p-43.t2.c/lasso_trace_63.txt,TERMINATING,"0,31","82,09","75,91","158,31",10,TERMINATING,191,29,220,Affine Template / Affine Template
ATVA2026_benchmark/TERM_LASSO//lasso_traces_p-43.t2.c/lasso_trace_64.txt,TERMINATING,"0,4","69,14","88,32","157,86",10,TERMINATING,191,29,220,Affine Template / Affine Template
ATVA2026_benchmark/TERM_LASSO//lasso_traces_p-43.t2.c/lasso_trace_65.txt,TERMINATING,"0,44","117,92","129,08","247,44",11,TERMINATING,191,29,220,Affine Template / Affine Template
ATVA2026_benchmark/TERM_LASSO//lasso_traces_p-43.t2.c/lasso_trace_66.txt,TERMINATING,"0,33","70,87","84,43","155,63",10,TERMINATING,191,29,220,Affine Template / Affine Template
ATVA2026_benchmark/TERM_LASSO//lasso_traces_p-43.t2.c/lasso_trace_67.txt,TERMINATING,"0,33","55,04","53,75","109,12",10,TERMINATING,191,29,220,Affine Template / Affine Template
ATVA2026_benchmark/TERM_LASSO//lasso_traces_p-43.t2.c/lasso_trace_68.txt,TERMINATING,"1,48","29,06","50,57","81,11",10,TERMINATING,191,29,220,Affine Template / Affine Template
ATVA2026_benchmark/TERM_LASSO//lasso_traces_p-43.t2.c/lasso_trace_69.txt,TERMINATING,"0,38","62,23","71,98","134,59",10,TERMINATING,191,29,220,Affine Template / Affine Template
ATVA2026_benchmark/TERM_LASSO//lasso_traces_p-43.t2.c/lasso_trace_7.txt,TERMINATING,"0,33","39,02","28,09","67,44",25,TERMINATING,140,40,180,Affine Template / Affine Template
ATVA2026_benchmark/TERM_LASSO//lasso_traces_p-43.t2.c/lasso_trace_70.txt,TERMINATING,"0,36","114,97","140,9","256,23",10,TERMINATING,191,29,220,Affine Template / Affine Template
ATVA2026_benchmark/TERM_LASSO//lasso_traces_p-43.t2.c/lasso_trace_71.txt,TERMINATING,"0,31","50,78","119,78","170,87",15,TERMINATING,191,29,220,Affine Template / Affine Template
ATVA2026_benchmark/TERM_LASSO//lasso_traces_p-43.t2.c/lasso_trace_72.txt,TERMINATING,"0,27","192,25","234,6","427,12",10,TERMINATING,191,29,220,Affine Template / Affine Template
ATVA2026_benchmark/TERM_LASSO//lasso_traces_p-43.t2.c/lasso_trace_73.txt,TERMINATING,"0,27","167,24","166,04","333,55",12,TERMINATING,191,29,220,Affine Template / Affine Template
ATVA2026_benchmark/TERM_LASSO//lasso_traces_p-43.t2.c/lasso_trace_74.txt,TERMINATING,"0,32","186,25","207,26","393,83",10,TERMINATING,191,29,220,Affine Template / Affine Template
ATVA2026_benchmark/TERM_LASSO//lasso_traces_p-43.t2.c/lasso_trace_75.txt,TERMINATING,"0,27","135,18","156,79","292,24",10,TERMINATING,191,29,220,Affine Template / Affine Template
ATVA2026_benchmark/TERM_LASSO//lasso_traces_p-43.t2.c/lasso_trace_76.txt,TERMINATING,"0,29","128,65","162,76","291,7",10,TERMINATING,191,29,220,Affine Template / Affine Template
ATVA2026_benchmark/TERM_LASSO//lasso_traces_p-43.t2.c/lasso_trace_77.txt,TERMINATING,"0,32","74,59","75,84","150,75",10,TERMINATING,191,29,220,Affine Template / Affine Template
ATVA2026_benchmark/TERM_LASSO//lasso_traces_p-43.t2.c/lasso_trace_8.txt,TERMINATING,"0,34","95,2","40,87","136,41",10,TERMINATING,191,29,220,Affine Template / Affine Template
ATVA2026_benchmark/TERM_LASSO//lasso_traces_p-43.t2.c/lasso_trace_9.txt,TERMINATING,"0,49","34,71","186,02","221,22",10,TERMINATING,191,29,220,Affine Template / Affine Template
ATVA2026_benchmark/TERM_LASSO//lasso_traces_p-44.t2.c/lasso_trace_1.txt,TERMINATING,"1,55","108,96","130,96","241,47",8,TERMINATING,24,23,47,Affine Template / Affine Template
ATVA2026_benchmark/TERM_LASSO//lasso_traces_p-45.t2.c/lasso_trace_1.txt,TERMINATING,"2,01","173,25","150,54","325,8",12,TERMINATING,40,34,74,Affine Template / Affine Template
ATVA2026_benchmark/TERM_LASSO//lasso_traces_p-46.t2.c/lasso_trace_1.txt,TERMINATING,"1,74","56,05","185,57","243,36",8,TERMINATING,36,26,62,Affine Template / Affine Template
ATVA2026_benchmark/TERM_LASSO//lasso_traces_p-46.t2.c/lasso_trace_10.txt,TERMINATING,"0,34","226,61","312,57","539,52",11,TERMINATING,134,26,160,Affine Template / Affine Template
ATVA2026_benchmark/TERM_LASSO//lasso_traces_p-46.t2.c/lasso_trace_100.txt,TERMINATING,"0,36","55,57","28,17","84,1",12,TERMINATING,134,26,160,Affine Template / Affine Template
ATVA2026_benchmark/TERM_LASSO//lasso_traces_p-46.t2.c/lasso_trace_101.txt,TERMINATING,"0,35","170,97","208,83","380,15",11,TERMINATING,134,26,160,Affine Template / Affine Template
ATVA2026_benchmark/TERM_LASSO//lasso_traces_p-46.t2.c/lasso_trace_102.txt,TERMINATING,"0,4","71,53","305,29","377,22",11,TERMINATING,134,26,160,Affine Template / Affine Template
ATVA2026_benchmark/TERM_LASSO//lasso_traces_p-46.t2.c/lasso_trace_103.txt,TERMINATING,"0,37","69,4","71,35","141,12",12,TERMINATING,134,26,160,Affine Template / Affine Template
ATVA2026_benchmark/TERM_LASSO//lasso_traces_p-46.t2.c/lasso_trace_104.txt,TERMINATING,"0,42","164,8","230,87","396,09",11,TERMINATING,134,26,160,Affine Template / Affine Template
ATVA2026_benchmark/TERM_LASSO//lasso_traces_p-46.t2.c/lasso_trace_105.txt,TERMINATING,"0,38","54,31","73,42","128,11",11,TERMINATING,134,26,160,Affine Template / Affine Template
ATVA2026_benchmark/TERM_LASSO//lasso_traces_p-46.t2.c/lasso_trace_106.txt,TERMINATING,"0,37",28,"26,65","55,02",11,TERMINATING,134,26,160,Affine Template / Affine Template
ATVA2026_benchmark/TERM_LASSO//lasso_traces_p-46.t2.c/lasso_trace_107.txt,TERMINATING,"0,38","257,88","62,62","320,88",12,TERMINATING,134,26,160,Affine Template / Affine Template
ATVA2026_benchmark/TERM_LASSO//lasso_traces_p-46.t2.c/lasso_trace_108.txt,TERMINATING,"0,35","131,16","159,13","290,64",12,TERMINATING,134,26,160,Affine Template / Affine Template
ATVA2026_benchmark/TERM_LASSO//lasso_traces_p-46.t2.c/lasso_trace_109.txt,TERMINATING,"0,43","119,34","189,77","309,54",12,TERMINATING,134,26,160,Affine Template / Affine Template
ATVA2026_benchmark/TERM_LASSO//lasso_traces_p-46.t2.c/lasso_trace_11.txt,TERMINATING,"0,38","72,19","99,52","172,09",11,TERMINATING,134,26,160,Affine Template / Affine Template
ATVA2026_benchmark/TERM_LASSO//lasso_traces_p-46.t2.c/lasso_trace_110.txt,TERMINATING,"0,44","30,04","91,62","122,1",11,TERMINATING,134,26,160,Affine Template / Affine Template
ATVA2026_benchmark/TERM_LASSO//lasso_traces_p-46.t2.c/lasso_trace_111.txt,TERMINATING,"0,33","181,14","200,25","381,72",11,TERMINATING,134,26,160,Affine Template / Affine Template
ATVA2026_benchmark/TERM_LASSO//lasso_traces_p-46.t2.c/lasso_trace_112.txt,TERMINATING,"0,32","202,63","258,78","461,73",12,TERMINATING,134,26,160,Affine Template / Affine Template
ATVA2026_benchmark/TERM_LASSO//lasso_traces_p-46.t2.c/lasso_trace_113.txt,TERMINATING,"0,36","57,98","40,01","98,35",11,TERMINATING,134,26,160,Affine Template / Affine Template
ATVA2026_benchmark/TERM_LASSO//lasso_traces_p-46.t2.c/lasso_trace_114.txt,TERMINATING,"0,42","205,09","220,83","426,34",17,TERMINATING,134,26,160,Affine Template / Affine Template
ATVA2026_benchmark/TERM_LASSO//lasso_traces_p-46.t2.c/lasso_trace_115.txt,TERMINATING,"0,43","135,67","151,17","287,27",11,TERMINATING,134,26,160,Affine Template / Affine Template
ATVA2026_benchmark/TERM_LASSO//lasso_traces_p-46.t2.c/lasso_trace_116.txt,TERMINATING,"0,36","176,63","287,06","464,05",11,TERMINATING,134,26,160,Affine Template / Affine Template
ATVA2026_benchmark/TERM_LASSO//lasso_traces_p-46.t2.c/lasso_trace_117.txt,TERMINATING,"0,37","240,16","312,08","552,61",11,TERMINATING,134,26,160,Affine Template / Affine Template
ATVA2026_benchmark/TERM_LASSO//lasso_traces_p-46.t2.c/lasso_trace_118.txt,TERMINATING,"0,45","211,46","272,18","484,09",11,TERMINATING,134,26,160,Affine Template / Affine Template
ATVA2026_benchmark/TERM_LASSO//lasso_traces_p-46.t2.c/lasso_trace_119.txt,TERMINATING,"0,35","184,76","182,37","367,48",11,TERMINATING,134,26,160,Affine Template / Affine Template
ATVA2026_benchmark/TERM_LASSO//lasso_traces_p-46.t2.c/lasso_trace_12.txt,TERMINATING,"0,36","261,63","30,39","292,38",11,TERMINATING,134,26,160,Affine Template / Affine Template
ATVA2026_benchmark/TERM_LASSO//lasso_traces_p-46.t2.c/lasso_trace_120.txt,TERMINATING,"0,5","112,02","110,53","223,05",12,TERMINATING,134,26,160,Affine Template / Affine Template
ATVA2026_benchmark/TERM_LASSO//lasso_traces_p-46.t2.c/lasso_trace_121.txt,TERMINATING,"0,37","170,3","237,1","407,77",12,TERMINATING,134,26,160,Affine Template / Affine Template
ATVA2026_benchmark/TERM_LASSO//lasso_traces_p-46.t2.c/lasso_trace_122.txt,TERMINATING,"0,38","74,33","107,56","182,27",12,TERMINATING,134,26,160,Affine Template / Affine Template
ATVA2026_benchmark/TERM_LASSO//lasso_traces_p-46.t2.c/lasso_trace_123.txt,TERMINATING,"0,36","202,38","245,17","447,91",12,TERMINATING,134,26,160,Affine Template / Affine Template
ATVA2026_benchmark/TERM_LASSO//lasso_traces_p-46.t2.c/lasso_trace_124.txt,TERMINATING,"0,34","35,27","24,65","60,26",12,TERMINATING,134,26,160,Affine Template / Affine Template
ATVA2026_benchmark/TERM_LASSO//lasso_traces_p-46.t2.c/lasso_trace_125.txt,TERMINATING,"0,47","37,98","34,62","73,07",12,TERMINATING,134,26,160,Affine Template / Affine Template
ATVA2026_benchmark/TERM_LASSO//lasso_traces_p-46.t2.c/lasso_trace_126.txt,TERMINATING,"0,39","175,26","241,21","416,86",11,TERMINATING,134,26,160,Affine Template / Affine Template
ATVA2026_benchmark/TERM_LASSO//lasso_traces_p-46.t2.c/lasso_trace_127.txt,TERMINATING,"0,38","74,7","218,88","293,96",12,TERMINATING,134,26,160,Affine Template / Affine Template
ATVA2026_benchmark/TERM_LASSO//lasso_traces_p-46.t2.c/lasso_trace_128.txt,TERMINATING,"0,39","45,66","27,48","73,53",11,TERMINATING,134,26,160,Affine Template / Affine Template
ATVA2026_benchmark/TERM_LASSO//lasso_traces_p-46.t2.c/lasso_trace_129.txt,TERMINATING,"0,31","235,41","224,68","460,4",14,TERMINATING,134,26,160,Affine Template / Affine Template
ATVA2026_benchmark/TERM_LASSO//lasso_traces_p-46.t2.c/lasso_trace_13.txt,TERMINATING,"0,35","74,94","116,88","192,17",11,TERMINATING,134,26,160,Affine Template / Affine Template
ATVA2026_benchmark/TERM_LASSO//lasso_traces_p-46.t2.c/lasso_trace_130.txt,TERMINATING,"0,34","61,08","71,85","133,27",11,TERMINATING,134,26,160,Affine Template / Affine Template
ATVA2026_benchmark/TERM_LASSO//lasso_traces_p-46.t2.c/lasso_trace_131.txt,TERMINATING,"0,45","106,42","159,8","266,67",11,TERMINATING,134,26,160,Affine Template / Affine Template
ATVA2026_benchmark/TERM_LASSO//lasso_traces_p-46.t2.c/lasso_trace_132.txt,TERMINATING,"0,46","243,11","115,85","359,42",11,TERMINATING,134,26,160,Affine Template / Affine Template
ATVA2026_benchmark/TERM_LASSO//lasso_traces_p-46.t2.c/lasso_trace_133.txt,TERMINATING,"0,43","128,83","107,66","236,92",10,TERMINATING,134,26,160,Affine Template / Affine Template
ATVA2026_benchmark/TERM_LASSO//lasso_traces_p-46.t2.c/lasso_trace_134.txt,TERMINATING,"0,32","195,14","218,62","414,08",12,TERMINATING,134,26,160,Affine Template / Affine Template
ATVA2026_benchmark/TERM_LASSO//lasso_traces_p-46.t2.c/lasso_trace_135.txt,TERMINATING,"0,37","79,65","76,74","156,76",12,TERMINATING,134,26,160,Affine Template / Affine Template
ATVA2026_benchmark/TERM_LASSO//lasso_traces_p-46.t2.c/lasso_trace_14.txt,TERMINATING,"0,36","120,13","266,34","386,83",12,TERMINATING,134,26,160,Affine Template / Affine Template
ATVA2026_benchmark/TERM_LASSO//lasso_traces_p-46.t2.c/lasso_trace_15.txt,TERMINATING,"0,34","40,94","27,5","68,78",12,TERMINATING,134,26,160,Affine Template / Affine Template
ATVA2026_benchmark/TERM_LASSO//lasso_traces_p-46.t2.c/lasso_trace_16.txt,TERMINATING,"0,37",117,"165,34","282,71",12,TERMINATING,134,26,160,Affine Template / Affine Template
ATVA2026_benchmark/TERM_LASSO//lasso_traces_p-46.t2.c/lasso_trace_17.txt,TERMINATING,"0,49","142,77","220,21","363,47",11,TERMINATING,134,26,160,Affine Template / Affine Template
ATVA2026_benchmark/TERM_LASSO//lasso_traces_p-46.t2.c/lasso_trace_18.txt,TERMINATING,"0,37","104,44","133,47","238,28",12,TERMINATING,134,26,160,Affine Template / Affine Template
ATVA2026_benchmark/TERM_LASSO//lasso_traces_p-46.t2.c/lasso_trace_19.txt,TERMINATING,"0,34","87,92","145,35","233,61",11,TERMINATING,134,26,160,Affine Template / Affine Template
ATVA2026_benchmark/TERM_LASSO//lasso_traces_p-46.t2.c/lasso_trace_2.txt,TERMINATING,"0,9","257,99","67,29","326,18",47,TERMINATING,69,50,119,Affine Template / Affine Template
ATVA2026_benchmark/TERM_LASSO//lasso_traces_p-46.t2.c/lasso_trace_20.txt,TERMINATING,"0,31","63,26","68,22","131,79",12,TERMINATING,134,26,160,Affine Template / Affine Template
ATVA2026_benchmark/TERM_LASSO//lasso_traces_p-46.t2.c/lasso_trace_21.txt,TERMINATING,"0,29","67,15","109,53","176,97",11,TERMINATING,134,26,160,Affine Template / Affine Template
ATVA2026_benchmark/TERM_LASSO//lasso_traces_p-46.t2.c/lasso_trace_22.txt,TERMINATING,"0,39","81,24","291,97","373,6",13,TERMINATING,134,26,160,Affine Template / Affine Template
ATVA2026_benchmark/TERM_LASSO//lasso_traces_p-46.t2.c/lasso_trace_23.txt,TERMINATING,"0,37","49,84","73,37","123,58",12,TERMINATING,134,26,160,Affine Template / Affine Template
ATVA2026_benchmark/TERM_LASSO//lasso_traces_p-46.t2.c/lasso_trace_24.txt,TERMINATING,"0,32","79,66","88,51","168,49",11,TERMINATING,134,26,160,Affine Template / Affine Template
ATVA2026_benchmark/TERM_LASSO//lasso_traces_p-46.t2.c/lasso_trace_25.txt,TERMINATING,"0,49","44,93","59,64","105,06",12,TERMINATING,134,26,160,Affine Template / Affine Template
ATVA2026_benchmark/TERM_LASSO//lasso_traces_p-46.t2.c/lasso_trace_26.txt,TERMINATING,"0,38","63,54","84,31","148,23",12,TERMINATING,134,26,160,Affine Template / Affine Template
ATVA2026_benchmark/TERM_LASSO//lasso_traces_p-46.t2.c/lasso_trace_27.txt,TERMINATING,"0,33","181,85","320,71","502,89",11,TERMINATING,134,26,160,Affine Template / Affine Template
ATVA2026_benchmark/TERM_LASSO//lasso_traces_p-46.t2.c/lasso_trace_28.txt,TERMINATING,"0,38","109,16","118,8","228,34",11,TERMINATING,134,26,160,Affine Template / Affine Template
ATVA2026_benchmark/TERM_LASSO//lasso_traces_p-46.t2.c/lasso_trace_29.txt,TERMINATING,"0,33","77,73","98,57","176,63",12,TERMINATING,134,26,160,Affine Template / Affine Template
ATVA2026_benchmark/TERM_LASSO//lasso_traces_p-46.t2.c/lasso_trace_30.txt,TERMINATING,"0,35","37,07","28,48","65,9",11,TERMINATING,134,26,160,Affine Template / Affine Template
ATVA2026_benchmark/TERM_LASSO//lasso_traces_p-46.t2.c/lasso_trace_31.txt,TERMINATING,"0,34","168,48","214,66","383,48",12,TERMINATING,134,26,160,Affine Template / Affine Template
ATVA2026_benchmark/TERM_LASSO//lasso_traces_p-46.t2.c/lasso_trace_32.txt,TERMINATING,"0,35","241,58","40,5","282,43",11,TERMINATING,134,26,160,Affine Template / Affine Template
ATVA2026_benchmark/TERM_LASSO//lasso_traces_p-46.t2.c/lasso_trace_33.txt,TERMINATING,"0,47","27,6","49,41","77,48",11,TERMINATING,134,26,160,Affine Template / Affine Template
ATVA2026_benchmark/TERM_LASSO//lasso_traces_p-46.t2.c/lasso_trace_34.txt,TERMINATING,"0,37","205,26","283,13","488,76",12,TERMINATING,134,26,160,Affine Template / Affine Template
ATVA2026_benchmark/TERM_LASSO//lasso_traces_p-46.t2.c/lasso_trace_35.txt,TERMINATING,"0,44","242,11","319,69","562,24",11,TERMINATING,134,26,160,Affine Template / Affine Template
ATVA2026_benchmark/TERM_LASSO//lasso_traces_p-46.t2.c/lasso_trace_36.txt,TERMINATING,"0,42","29,11","26,8","56,33",11,TERMINATING,134,26,160,Affine Template / Affine Template
ATVA2026_benchmark/TERM_LASSO//lasso_traces_p-46.t2.c/lasso_trace_37.txt,TERMINATING,"0,32","231,54","40,81","272,67",16,TERMINATING,134,26,160,Affine Template / Affine Template
ATVA2026_benchmark/TERM_LASSO//lasso_traces_p-46.t2.c/lasso_trace_38.txt,TERMINATING,"0,4","164,34","157,19","321,93",13,TERMINATING,134,26,160,Affine Template / Affine Template
ATVA2026_benchmark/TERM_LASSO//lasso_traces_p-46.t2.c/lasso_trace_39.txt,TERMINATING,"0,37","150,92",299,"450,29",12,TERMINATING,134,26,160,Affine Template / Affine Template
ATVA2026_benchmark/TERM_LASSO//lasso_traces_p-46.t2.c/lasso_trace_4.txt,TERMINATING,"0,47","268,02","267,19","535,68",38,TERMINATING,80,58,138,Affine Template / Affine Template
ATVA2026_benchmark/TERM_LASSO//lasso_traces_p-46.t2.c/lasso_trace_40.txt,TERMINATING,"0,35","94,62","114,61","209,58",11,TERMINATING,134,26,160,Affine Template / Affine Template
ATVA2026_benchmark/TERM_LASSO//lasso_traces_p-46.t2.c/lasso_trace_41.txt,TERMINATING,"0,35","132,62","160,28","293,25",12,TERMINATING,134,26,160,Affine Template / Affine Template
ATVA2026_benchmark/TERM_LASSO//lasso_traces_p-46.t2.c/lasso_trace_42.txt,TERMINATING,"0,3","199,27","166,08","365,65",11,TERMINATING,134,26,160,Affine Template / Affine Template
ATVA2026_benchmark/TERM_LASSO//lasso_traces_p-46.t2.c/lasso_trace_43.txt,TERMINATING,"0,35","133,02","193,52","326,89",12,TERMINATING,134,26,160,Affine Template / Affine Template
ATVA2026_benchmark/TERM_LASSO//lasso_traces_p-46.t2.c/lasso_trace_44.txt,TERMINATING,"0,34","29,46","33,32","63,12",12,TERMINATING,134,26,160,Affine Template / Affine Template
ATVA2026_benchmark/TERM_LASSO//lasso_traces_p-46.t2.c/lasso_trace_45.txt,TERMINATING,"0,37","45,32","58,17","103,86",12,TERMINATING,134,26,160,Affine Template / Affine Template
ATVA2026_benchmark/TERM_LASSO//lasso_traces_p-46.t2.c/lasso_trace_46.txt,TERMINATING,"0,35","75,18","84,06","159,59",11,TERMINATING,134,26,160,Affine Template / Affine Template
ATVA2026_benchmark/TERM_LASSO//lasso_traces_p-46.t2.c/lasso_trace_47.txt,TERMINATING,"0,37","115,23","323,23","438,83",12,TERMINATING,134,26,160,Affine Template / Affine Template
ATVA2026_benchmark/TERM_LASSO//lasso_traces_p-46.t2.c/lasso_trace_48.txt,TERMINATING,"0,36","81,5","85,89","167,75",11,TERMINATING,134,26,160,Affine Template / Affine Template
ATVA2026_benchmark/TERM_LASSO//lasso_traces_p-46.t2.c/lasso_trace_49.txt,TERMINATING,"0,29","139,9","193,5","333,69",11,TERMINATING,134,26,160,Affine Template / Affine Template
ATVA2026_benchmark/TERM_LASSO//lasso_traces_p-46.t2.c/lasso_trace_5.txt,TERMINATING,"0,49","248,33","339,09","587,91",15,TERMINATING,102,26,128,Affine Template / Affine Template
ATVA2026_benchmark/TERM_LASSO//lasso_traces_p-46.t2.c/lasso_trace_50.txt,TERMINATING,"0,35","96,42","120,08","216,85",11,TERMINATING,134,26,160,Affine Template / Affine Template
ATVA2026_benchmark/TERM_LASSO//lasso_traces_p-46.t2.c/lasso_trace_51.txt,TERMINATING,"0,31","46,96","51,93","99,2",12,TERMINATING,134,26,160,Affine Template / Affine Template
ATVA2026_benchmark/TERM_LASSO//lasso_traces_p-46.t2.c/lasso_trace_52.txt,TERMINATING,"0,33","208,64","231,14","440,11",11,TERMINATING,134,26,160,Affine Template / Affine Template
ATVA2026_benchmark/TERM_LASSO//lasso_traces_p-46.t2.c/lasso_trace_53.txt,TERMINATING,"0,35","162,79","220,86",384,11,TERMINATING,134,26,160,Affine Template / Affine Template
ATVA2026_benchmark/TERM_LASSO//lasso_traces_p-46.t2.c/lasso_trace_54.txt,TERMINATING,"0,31","198,61","280,31","479,23",12,TERMINATING,134,26,160,Affine Template / Affine Template
ATVA2026_benchmark/TERM_LASSO//lasso_traces_p-46.t2.c/lasso_trace_55.txt,TERMINATING,"0,37","226,97","304,61","531,95",12,TERMINATING,134,26,160,Affine Template / Affine Template
ATVA2026_benchmark/TERM_LASSO//lasso_traces_p-46.t2.c/lasso_trace_56.txt,TERMINATING,"0,37","152,5","183,16","336,03",11,TERMINATING,134,26,160,Affine Template / Affine Template
ATVA2026_benchmark/TERM_LASSO//lasso_traces_p-46.t2.c/lasso_trace_57.txt,TERMINATING,"0,41","218,31","280,93","499,65",11,TERMINATING,134,26,160,Affine Template / Affine Template
ATVA2026_benchmark/TERM_LASSO//lasso_traces_p-46.t2.c/lasso_trace_58.txt,TERMINATING,"0,35","29,89","32,33","62,57",11,TERMINATING,134,26,160,Affine Template / Affine Template
ATVA2026_benchmark/TERM_LASSO//lasso_traces_p-46.t2.c/lasso_trace_59.txt,TERMINATING,"0,35","221,51","324,12","545,98",11,TERMINATING,134,26,160,Affine Template / Affine Template
ATVA2026_benchmark/TERM_LASSO//lasso_traces_p-46.t2.c/lasso_trace_6.txt,TERMINATING,"0,64","50,54","109,18","160,36",15,TERMINATING,128,26,154,Affine Template / Affine Template
ATVA2026_benchmark/TERM_LASSO//lasso_traces_p-46.t2.c/lasso_trace_60.txt,TERMINATING,"0,39","59,22","40,07","99,68",12,TERMINATING,134,26,160,Affine Template / Affine Template
ATVA2026_benchmark/TERM_LASSO//lasso_traces_p-46.t2.c/lasso_trace_61.txt,TERMINATING,"0,52","148,9","263,66","413,08",11,TERMINATING,134,26,160,Affine Template / Affine Template
ATVA2026_benchmark/TERM_LASSO//lasso_traces_p-46.t2.c/lasso_trace_62.txt,TERMINATING,"0,35","210,2","284,23","494,78",11,TERMINATING,134,26,160,Affine Template / Affine Template
ATVA2026_benchmark/TERM_LASSO//lasso_traces_p-46.t2.c/lasso_trace_63.txt,TERMINATING,"0,56","88,5","119,72","208,78",12,TERMINATING,134,26,160,Affine Template / Affine Template
ATVA2026_benchmark/TERM_LASSO//lasso_traces_p-46.t2.c/lasso_trace_64.txt,TERMINATING,"0,45","155,75","198,13","354,33",11,TERMINATING,134,26,160,Affine Template / Affine Template
ATVA2026_benchmark/TERM_LASSO//lasso_traces_p-46.t2.c/lasso_trace_65.txt,TERMINATING,"0,51","131,4","165,27","297,18",11,TERMINATING,134,26,160,Affine Template / Affine Template
ATVA2026_benchmark/TERM_LASSO//lasso_traces_p-46.t2.c/lasso_trace_66.txt,TERMINATING,"0,34","30,7","29,76","60,8",11,TERMINATING,134,26,160,Affine Template / Affine Template
ATVA2026_benchmark/TERM_LASSO//lasso_traces_p-46.t2.c/lasso_trace_67.txt,TERMINATING,"0,36","65,54","131,12","197,02",11,TERMINATING,134,26,160,Affine Template / Affine Template
ATVA2026_benchmark/TERM_LASSO//lasso_traces_p-46.t2.c/lasso_trace_68.txt,TERMINATING,"0,39","193,47",228,"421,86",11,TERMINATING,134,26,160,Affine Template / Affine Template
ATVA2026_benchmark/TERM_LASSO//lasso_traces_p-46.t2.c/lasso_trace_69.txt,TERMINATING,"0,37","28,85","27,4","56,62",11,TERMINATING,134,26,160,Affine Template / Affine Template
ATVA2026_benchmark/TERM_LASSO//lasso_traces_p-46.t2.c/lasso_trace_7.txt,TERMINATING,"0,57","236,22","208,59","445,38",19,TERMINATING,102,76,178,Affine Template / Affine Template
ATVA2026_benchmark/TERM_LASSO//lasso_traces_p-46.t2.c/lasso_trace_70.txt,TERMINATING,"0,4","28,47","31,28","60,15",18,TERMINATING,134,26,160,Affine Template / Affine Template
ATVA2026_benchmark/TERM_LASSO//lasso_traces_p-46.t2.c/lasso_trace_71.txt,TERMINATING,"0,38","71,89","96,63","168,9",12,TERMINATING,134,26,160,Affine Template / Affine Template
ATVA2026_benchmark/TERM_LASSO//lasso_traces_p-46.t2.c/lasso_trace_72.txt,TERMINATING,"0,35","123,77","229,39","353,51",11,TERMINATING,134,26,160,Affine Template / Affine Template
ATVA2026_benchmark/TERM_LASSO//lasso_traces_p-46.t2.c/lasso_trace_73.txt,TERMINATING,"0,37","38,91","29,94","69,22",12,TERMINATING,134,26,160,Affine Template / Affine Template
ATVA2026_benchmark/TERM_LASSO//lasso_traces_p-46.t2.c/lasso_trace_74.txt,TERMINATING,"0,44","138,69","194,74","333,87",11,TERMINATING,134,26,160,Affine Template / Affine Template
ATVA2026_benchmark/TERM_LASSO//lasso_traces_p-46.t2.c/lasso_trace_75.txt,TERMINATING,"0,34","48,17","40,47","88,98",12,TERMINATING,134,26,160,Affine Template / Affine Template
ATVA2026_benchmark/TERM_LASSO//lasso_traces_p-46.t2.c/lasso_trace_76.txt,TERMINATING,"0,41","145,7","199,95","346,06",15,TERMINATING,134,26,160,Affine Template / Affine Template
ATVA2026_benchmark/TERM_LASSO//lasso_traces_p-46.t2.c/lasso_trace_77.txt,TERMINATING,"0,38","179,39","346,1","525,87",12,TERMINATING,134,26,160,Affine Template / Affine Template
ATVA2026_benchmark/TERM_LASSO//lasso_traces_p-46.t2.c/lasso_trace_78.txt,TERMINATING,"0,37","126,63","120,42","247,42",11,TERMINATING,134,26,160,Affine Template / Affine Template
ATVA2026_benchmark/TERM_LASSO//lasso_traces_p-46.t2.c/lasso_trace_79.txt,TERMINATING,"0,34","203,81","178,28","382,43",11,TERMINATING,134,26,160,Affine Template / Affine Template
ATVA2026_benchmark/TERM_LASSO//lasso_traces_p-46.t2.c/lasso_trace_8.txt,TERMINATING,"0,36","63,73","91,61","155,7",13,TERMINATING,134,26,160,Affine Template / Affine Template
ATVA2026_benchmark/TERM_LASSO//lasso_traces_p-46.t2.c/lasso_trace_80.txt,TERMINATING,"0,53","29,21","28,03","57,77",12,TERMINATING,134,26,160,Affine Template / Affine Template
ATVA2026_benchmark/TERM_LASSO//lasso_traces_p-46.t2.c/lasso_trace_81.txt,TERMINATING,"0,38","51,97","88,58","140,93",11,TERMINATING,134,26,160,Affine Template / Affine Template
ATVA2026_benchmark/TERM_LASSO//lasso_traces_p-46.t2.c/lasso_trace_82.txt,TERMINATING,"0,37","199,76","331,02","531,15",12,TERMINATING,134,26,160,Affine Template / Affine Template
ATVA2026_benchmark/TERM_LASSO//lasso_traces_p-46.t2.c/lasso_trace_83.txt,TERMINATING,"0,39","73,39","85,31","159,09",12,TERMINATING,134,26,160,Affine Template / Affine Template
ATVA2026_benchmark/TERM_LASSO//lasso_traces_p-46.t2.c/lasso_trace_84.txt,TERMINATING,"0,52","37,48","52,41","90,41",11,TERMINATING,134,26,160,Affine Template / Affine Template
ATVA2026_benchmark/TERM_LASSO//lasso_traces_p-46.t2.c/lasso_trace_85.txt,TERMINATING,"0,39","200,38","254,9","455,67",12,TERMINATING,134,26,160,Affine Template / Affine Template
ATVA2026_benchmark/TERM_LASSO//lasso_traces_p-46.t2.c/lasso_trace_86.txt,TERMINATING,"0,38","197,27","232,33","429,98",11,TERMINATING,134,26,160,Affine Template / Affine Template
ATVA2026_benchmark/TERM_LASSO//lasso_traces_p-46.t2.c/lasso_trace_87.txt,TERMINATING,"0,42","90,32","29,01","119,75",11,TERMINATING,134,26,160,Affine Template / Affine Template
ATVA2026_benchmark/TERM_LASSO//lasso_traces_p-46.t2.c/lasso_trace_88.txt,TERMINATING,"0,39","47,52","87,68","135,59",11,TERMINATING,134,26,160,Affine Template / Affine Template
ATVA2026_benchmark/TERM_LASSO//lasso_traces_p-46.t2.c/lasso_trace_89.txt,TERMINATING,"0,52","257,5","308,7","566,72",11,TERMINATING,134,26,160,Affine Template / Affine Template
ATVA2026_benchmark/TERM_LASSO//lasso_traces_p-46.t2.c/lasso_trace_9.txt,TERMINATING,"0,37","208,99","307,25","516,61",12,TERMINATING,134,26,160,Affine Template / Affine Template
ATVA2026_benchmark/TERM_LASSO//lasso_traces_p-46.t2.c/lasso_trace_90.txt,TERMINATING,"0,36","103,37","152,41","256,14",11,TERMINATING,134,26,160,Affine Template / Affine Template
ATVA2026_benchmark/TERM_LASSO//lasso_traces_p-46.t2.c/lasso_trace_91.txt,TERMINATING,"0,28","34,96","28,39","63,63",11,TERMINATING,134,26,160,Affine Template / Affine Template
ATVA2026_benchmark/TERM_LASSO//lasso_traces_p-46.t2.c/lasso_trace_92.txt,TERMINATING,"0,34","262,7","99,82","362,86",13,TERMINATING,134,26,160,Affine Template / Affine Template
ATVA2026_benchmark/TERM_LASSO//lasso_traces_p-46.t2.c/lasso_trace_93.txt,TERMINATING,"0,34","176,03","213,64","390,01",11,TERMINATING,134,26,160,Affine Template / Affine Template
ATVA2026_benchmark/TERM_LASSO//lasso_traces_p-46.t2.c/lasso_trace_94.txt,TERMINATING,"0,35","130,61","252,56","383,52",11,TERMINATING,134,26,160,Affine Template / Affine Template
ATVA2026_benchmark/TERM_LASSO//lasso_traces_p-46.t2.c/lasso_trace_95.txt,TERMINATING,"0,3","72,32","103,67","176,29",13,TERMINATING,134,26,160,Affine Template / Affine Template
ATVA2026_benchmark/TERM_LASSO//lasso_traces_p-46.t2.c/lasso_trace_96.txt,TERMINATING,"0,44","193,17","280,41","474,02",12,TERMINATING,134,26,160,Affine Template / Affine Template
ATVA2026_benchmark/TERM_LASSO//lasso_traces_p-46.t2.c/lasso_trace_97.txt,TERMINATING,"0,32","225,37","221,62","447,31",12,TERMINATING,134,26,160,Affine Template / Affine Template
ATVA2026_benchmark/TERM_LASSO//lasso_traces_p-46.t2.c/lasso_trace_98.txt,TERMINATING,"0,53","160,33","225,44","386,3",12,TERMINATING,134,26,160,Affine Template / Affine Template
ATVA2026_benchmark/TERM_LASSO//lasso_traces_p-46.t2.c/lasso_trace_99.txt,TERMINATING,"0,3","47,23","55,75","103,28",12,TERMINATING,134,26,160,Affine Template / Affine Template
ATVA2026_benchmark/TERM_LASSO//lasso_traces_p-49.t2.c/lasso_trace_1.txt,TERMINATING,"1,85","90,76","98,5","191,11",6,TERMINATING,20,9,29,Affine Template / Affine Template
ATVA2026_benchmark/TERM_LASSO//lasso_traces_p-5.t2.c/lasso_trace_1.txt,TERMINATING,"2,38","266,25","289,19","557,82",11,TERMINATING,68,18,86,Affine Template / Affine Template
ATVA2026_benchmark/TERM_LASSO//lasso_traces_p-55.t2.c/lasso_trace_1.txt,TERMINATING,"1,77","69,84","71,24","142,85",8,TERMINATING,24,19,43,Affine Template / Affine Template
ATVA2026_benchmark/TERM_LASSO//lasso_traces_p-55.t2.c/lasso_trace_2.txt,TERMINATING,"0,49","121,09","185,66","307,24",19,TERMINATING,27,26,53,Affine Template / Affine Template
ATVA2026_benchmark/TERM_LASSO//lasso_traces_p-55.t2.c/lasso_trace_3.txt,TERMINATING,"0,45","55,5","93,13","149,08",8,TERMINATING,43,26,69,Affine Template / Affine Template
ATVA2026_benchmark/TERM_LASSO//lasso_traces_p-56.t2.c/lasso_trace_1.txt,TERMINATING,"1,86","136,81","152,41","291,08",9,TERMINATING,34,14,48,Affine Template / Affine Template
ATVA2026_benchmark/TERM_LASSO//lasso_traces_p-56.t2.c/lasso_trace_2.txt,TERMINATING,"0,49","194,35","26,16",221,22,TERMINATING,37,18,55,Affine Template / Affine Template
ATVA2026_benchmark/TERM_LASSO//lasso_traces_p-6.t2.c/lasso_trace_1.txt,TERMINATING,"1,78",131,"151,74","284,52",7,TERMINATING,28,19,47,Affine Template / Affine Template
ATVA2026_benchmark/TERM_LASSO//lasso_traces_p-6.t2.c/lasso_trace_2.txt,TERMINATING,"0,51","76,96","83,89","161,36",21,TERMINATING,31,30,61,Affine Template / Affine Template
ATVA2026_benchmark/TERM_LASSO//lasso_traces_p-60.t2.c/lasso_trace_1.txt,TERMINATING,"1,66","113,63","180,75","296,04",7,TERMINATING,42,14,56,Affine Template / Affine Template
ATVA2026_benchmark/TERM_LASSO//lasso_traces_p-61.t2.c/lasso_trace_1.txt,TERMINATING,"2,04","174,11","164,46","340,61",11,TERMINATING,32,18,50,Affine Template / Affine Template
ATVA2026_benchmark/TERM_LASSO//lasso_traces_p-63.t2.c/lasso_trace_1.txt,TERMINATING,"1,69","107,37","111,16","220,22",8,TERMINATING,49,13,62,Affine Template / Affine Template
ATVA2026_benchmark/TERM_LASSO//lasso_traces_p-7.t2.c/lasso_trace_2.txt,TERMINATING,"1,68","99,01","64,16","164,85",10,TERMINATING,28,25,53,Affine Template / Affine Template
ATVA2026_benchmark/TERM_LASSO//lasso_traces_p-7b.t2.c/lasso_trace_1.txt,TERMINATING,"1,92","134,51","49,34","185,77",9,TERMINATING,28,12,40,Affine Template / Affine Template
ATVA2026_benchmark/TERM_LASSO//lasso_traces_pals_lcr-var-start-time.3.2.ufo.BOUNDED-6.pals.c_9.bplTransformedIcfg_BEv2_24.bpl/lasso_trace_1.txt,TERMINATING,"2,72","119,73","151,8","274,25",1780,TERMINATING,1,2,3,Affine Template / Affine Template
ATVA2026_benchmark/TERM_LASSO//lasso_traces_pals_lcr-var-start-time.3.ufo.BOUNDED-6.pals.c_9.bplTransformedIcfg_BEv2_24.bpl/lasso_trace_1.txt,TERMINATING,"2,77","264,19","564,78","831,74",2894,TERMINATING,1,2,3,Affine Template / Affine Template
ATVA2026_benchmark/TERM_LASSO//lasso_traces_pals_lcr-var-start-time.3.ufo.UNBOUNDED.pals.c_9.bplTransformedIcfg_BEv2_26.bpl/lasso_trace_1.txt,TERMINATING,"2,6","5182,31","446,05","5630,96",667,TERMINATING,1,2,3,Affine Template / Affine Template
ATVA2026_benchmark/TERM_LASSO//lasso_traces_Paper_PathInvariants_Fig1_Forward.bpl/lasso_trace_1.txt,TERMINATING,"2,35","48,28","73,92","124,55",11,TERMINATING,1,1,2,Affine Template / Affine Template
ATVA2026_benchmark/TERM_LASSO//lasso_traces_Paper_PathInvariants_Fig4.bpl/lasso_trace_1.txt,TERMINATING,"2,1","97,26","41,8","141,16",8,TERMINATING,1,1,2,Affine Template / Affine Template
ATVA2026_benchmark/TERM_LASSO//lasso_traces_Parallel_no-overflow.c/lasso_trace_1.txt,TERMINATING,"2,13","131,32","66,28","199,73",14,TERMINATING,5,1,6,Affine Template / Affine Template
ATVA2026_benchmark/TERM_LASSO//lasso_traces_Parallel_true-termination.c/lasso_trace_1.txt,TERMINATING,"2,06","103,41","69,83","175,3",14,TERMINATING,5,1,6,Affine Template / Affine Template
ATVA2026_benchmark/TERM_LASSO//lasso_traces_Parallel.bpl/lasso_trace_1.txt,TERMINATING,"1,7","28,75","34,7","65,15",3,TERMINATING,0,1,1,Affine Template / Affine Template
ATVA2026_benchmark/TERM_LASSO//lasso_traces_Parallel.bpl/lasso_trace_2.txt,TERMINATING,"0,56","46,58","41,65","88,79",6,TERMINATING,1,1,2,Affine Template / Affine Template
ATVA2026_benchmark/TERM_LASSO//lasso_traces_Parallel.c/lasso_trace_1.txt,TERMINATING,"2,01","101,44","73,91","177,36",14,TERMINATING,5,1,6,Affine Template / Affine Template
ATVA2026_benchmark/TERM_LASSO//lasso_traces_parallelIncrementDecrementConCom.bpl/lasso_trace_1.txt,TERMINATING,"2,12","43,35","55,71","101,18",6,TERMINATING,2,2,4,Affine Template / Affine Template
ATVA2026_benchmark/TERM_LASSO//lasso_traces_parallelIncrementDecrementConCom.bpl/lasso_trace_2.txt,TERMINATING,"0,5","97,61","116,4","214,51",7,TERMINATING,3,2,5,Affine Template / Affine Template
ATVA2026_benchmark/TERM_LASSO//lasso_traces_parallelIncrementDecrementConCom2.bpl/lasso_trace_1.txt,TERMINATING,"2,59","117,32","104,23","224,14",9,TERMINATING,2,2,4,Affine Template / Affine Template
ATVA2026_benchmark/TERM_LASSO//lasso_traces_parallelIncrementDecrementConCom2.bpl/lasso_trace_2.txt,TERMINATING,"0,6","38,81","157,5","196,91",9,TERMINATING,3,2,5,Affine Template / Affine Template
ATVA2026_benchmark/TERM_LASSO//lasso_traces_parallelIncrementDecrementConCom2.bpl/lasso_trace_3.txt,TERMINATING,"0,52","28,34","26,54","55,4",10,TERMINATING,4,2,6,Affine Template / Affine Template
ATVA2026_benchmark/TERM_LASSO//lasso_traces_parallelIncrementDecrementConCom2.bpl/lasso_trace_4.txt,TERMINATING,"0,39","142,94","167,71","311,04",13,TERMINATING,5,2,7,Affine Template / Affine Template
ATVA2026_benchmark/TERM_LASSO//lasso_traces_parallelIncrementDecrementConCom3.bpl/lasso_trace_1.txt,TERMINATING,"2,56","90,14","92,88","185,58",7,TERMINATING,2,2,4,Affine Template / Affine Template
ATVA2026_benchmark/TERM_LASSO//lasso_traces_parallelIncrementDecrementConCom3.bpl/lasso_trace_2.txt,TERMINATING,"0,5","94,74","104,63","199,87",7,TERMINATING,3,2,5,Affine Template / Affine Template
ATVA2026_benchmark/TERM_LASSO//lasso_traces_parallelSumConCom.bpl/lasso_trace_1.txt,TERMINATING,"2,28","90,33",0,"92,61",8,TERMINATING,2,1,3,Affine Template / Affine Template
ATVA2026_benchmark/TERM_LASSO//lasso_traces_parallelSumConCom.bpl/lasso_trace_2.txt,TERMINATING,"0,52","70,52",0,"71,04",7,TERMINATING,3,1,4,Affine Template / Affine Template
ATVA2026_benchmark/TERM_LASSO//lasso_traces_parallelSumConCom2.bpl/lasso_trace_1.txt,TERMINATING,"2,24","84,11",0,"86,35",9,TERMINATING,2,1,3,Affine Template / Affine Template
ATVA2026_benchmark/TERM_LASSO//lasso_traces_parallelSumConCom2.bpl/lasso_trace_2.txt,TERMINATING,"0,56","123,13",0,"123,69",12,TERMINATING,3,1,4,Affine Template / Affine Template
ATVA2026_benchmark/TERM_LASSO//lasso_traces_parallelSumConCom2.bpl/lasso_trace_3.txt,TERMINATING,"0,45","133,4",0,"133,85",9,TERMINATING,4,1,5,Affine Template / Affine Template
ATVA2026_benchmark/TERM_LASSO//lasso_traces_parallelSumConComNonAtomic.bpl/lasso_trace_1.txt,TERMINATING,"2,22","71,66",0,"73,88",8,TERMINATING,3,4,7,Affine Template / Affine Template
ATVA2026_benchmark/TERM_LASSO//lasso_traces_parallelSumConComNonAtomic.bpl/lasso_trace_2.txt,TERMINATING,"0,44","59,02",0,"59,46",9,TERMINATING,4,4,8,Affine Template / Affine Template
ATVA2026_benchmark/TERM_LASSO//lasso_traces_parity0_termination.c/lasso_trace_1.txt,TERMINATING,"2,84","161,56","105,72","270,12",8,TERMINATING,5,1,6,Affine Template / Affine Template
ATVA2026_benchmark/TERM_LASSO//lasso_traces_parity0.c/lasso_trace_1.txt,TERMINATING,"2,92","139,23","84,88","227,03",7,TERMINATING,5,1,6,Affine Template / Affine Template
ATVA2026_benchmark/TERM_LASSO//lasso_traces_parity1_termination.c/lasso_trace_1.txt,TERMINATING,"4,09","153,77","190,61","348,47",9,TERMINATING,5,1,6,Affine Template / Affine Template
ATVA2026_benchmark/TERM_LASSO//lasso_traces_parity1.c/lasso_trace_1.txt,TERMINATING,"2,04","111,58","156,12","269,74",9,TERMINATING,5,1,6,Affine Template / Affine Template
ATVA2026_benchmark/TERM_LASSO//lasso_traces_Parts_no-overflow.c/lasso_trace_2.txt,TERMINATING,"0,57","130,68","135,06","266,31",7,TERMINATING,7,9,16,Affine Template / Affine Template
ATVA2026_benchmark/TERM_LASSO//lasso_traces_Parts_no-overflow.c/lasso_trace_5.txt,TERMINATING,"1,26",155,"222,94","379,2",8,TERMINATING,14,7,21,Affine Template / Affine Template
ATVA2026_benchmark/TERM_LASSO//lasso_traces_Parts_true-termination.c/lasso_trace_2.txt,TERMINATING,"0,39","113,64","121,97",236,7,TERMINATING,7,9,16,Affine Template / Affine Template
ATVA2026_benchmark/TERM_LASSO//lasso_traces_Parts_true-termination.c/lasso_trace_5.txt,TERMINATING,"0,37","80,7","102,41","183,48",8,TERMINATING,14,7,21,Affine Template / Affine Template
ATVA2026_benchmark/TERM_LASSO//lasso_traces_Parts_true.c/lasso_trace_2.txt,TERMINATING,"0,47","110,48","117,29","228,24",8,TERMINATING,7,9,16,Affine Template / Affine Template
ATVA2026_benchmark/TERM_LASSO//lasso_traces_Parts_true.c/lasso_trace_5.txt,TERMINATING,"0,32","82,64","108,75","191,71",8,TERMINATING,14,7,21,Affine Template / Affine Template
ATVA2026_benchmark/TERM_LASSO//lasso_traces_Parts.bpl/lasso_trace_1.txt,TERMINATING,"1,89","116,81","128,09","246,79",8,TERMINATING,0,5,5,Affine Template / Affine Template
ATVA2026_benchmark/TERM_LASSO//lasso_traces_Parts.bpl/lasso_trace_3.txt,TERMINATING,"0,49","42,91",0,"43,4",9,TERMINATING,1,12,13,Affine Template / Affine Template
ATVA2026_benchmark/TERM_LASSO//lasso_traces_Parts.c/lasso_trace_2.txt,TERMINATING,"0,79","115,13","125,32","241,24",6,TERMINATING,7,9,16,Affine Template / Affine Template
ATVA2026_benchmark/TERM_LASSO//lasso_traces_Parts.c/lasso_trace_5.txt,TERMINATING,"0,43","77,7","98,62","176,75",10,TERMINATING,14,7,21,Affine Template / Affine Template
ATVA2026_benchmark/TERM_LASSO//lasso_traces_PastaA1_no-overflow.c/lasso_trace_2.txt,TERMINATING,"1,6","105,07","105,32","211,99",6,TERMINATING,5,3,8,Affine Template / Affine Template
ATVA2026_benchmark/TERM_LASSO//lasso_traces_PastaA1_no-overflow.c/lasso_trace_3.txt,TERMINATING,"0,79","38,78","55,62","95,19",6,TERMINATING,6,1,7,Affine Template / Affine Template
ATVA2026_benchmark/TERM_LASSO//lasso_traces_PastaA1.c/lasso_trace_2.txt,TERMINATING,"1,48","97,77","104,37","203,62",6,TERMINATING,5,3,8,Affine Template / Affine Template
ATVA2026_benchmark/TERM_LASSO//lasso_traces_PastaA1.c/lasso_trace_3.txt,TERMINATING,"0,78","40,97","53,19","94,94",6,TERMINATING,6,1,7,Affine Template / Affine Template
ATVA2026_benchmark/TERM_LASSO//lasso_traces_PastaA4_no-overflow.c/lasso_trace_1.txt,TERMINATING,"2,33","114,16","88,84","205,33",7,TERMINATING,5,1,6,Affine Template / Affine Template
ATVA2026_benchmark/TERM_LASSO//lasso_traces_PastaA4.c/lasso_trace_1.txt,TERMINATING,"2,47","111,97","90,18","204,62",7,TERMINATING,5,1,6,Affine Template / Affine Template
ATVA2026_benchmark/TERM_LASSO//lasso_traces_PastaA5_false-no-overflow_true-termination.c/lasso_trace_1.txt,TERMINATING,"2,14","107,79","93,45","203,38",7,TERMINATING,5,1,6,Affine Template / Affine Template
ATVA2026_benchmark/TERM_LASSO//lasso_traces_PastaA5.c/lasso_trace_1.txt,TERMINATING,"2,7","107,99","97,21","207,9",7,TERMINATING,5,1,6,Affine Template / Affine Template
ATVA2026_benchmark/TERM_LASSO//lasso_traces_PastaA6_false-no-overflow_true-termination.c/lasso_trace_1.txt,TERMINATING,"2,08","67,03","54,5","123,61",9,TERMINATING,5,1,6,Affine Template / Affine Template
ATVA2026_benchmark/TERM_LASSO//lasso_traces_PastaA6.c/lasso_trace_1.txt,TERMINATING,"2,43","64,26","53,78","120,47",9,TERMINATING,5,1,6,Affine Template / Affine Template
ATVA2026_benchmark/TERM_LASSO//lasso_traces_PastaA7_no-overflow.c/lasso_trace_1.txt,TERMINATING,"2,68","73,62","55,46","131,76",9,TERMINATING,5,1,6,Affine Template / Affine Template
ATVA2026_benchmark/TERM_LASSO//lasso_traces_PastaA7.c/lasso_trace_1.txt,TERMINATING,"2,13","67,77","56,08","125,98",9,TERMINATING,5,1,6,Affine Template / Affine Template
ATVA2026_benchmark/TERM_LASSO//lasso_traces_PastaA8_false-no-overflow_true-termination.c/lasso_trace_1.txt,TERMINATING,"2,06","88,38","68,93","159,37",8,TERMINATING,5,1,6,Affine Template / Affine Template
ATVA2026_benchmark/TERM_LASSO//lasso_traces_PastaA8.c/lasso_trace_1.txt,TERMINATING,"2,38","83,55",70,"155,93",8,TERMINATING,5,1,6,Affine Template / Affine Template
ATVA2026_benchmark/TERM_LASSO//lasso_traces_PastaA9_false-no-overflow_true-termination.c/lasso_trace_1.txt,TERMINATING,"2,93","110,81","36,04","149,78",7,TERMINATING,6,1,7,Affine Template / Affine Template
ATVA2026_benchmark/TERM_LASSO//lasso_traces_PastaA9.c/lasso_trace_1.txt,TERMINATING,"1,77","115,98","39,05","156,8",7,TERMINATING,6,1,7,Affine Template / Affine Template
ATVA2026_benchmark/TERM_LASSO//lasso_traces_PastaB1_no-overflow.c/lasso_trace_1.txt,TERMINATING,"18,37","194,2","75,82","288,39",7,TERMINATING,5,1,6,Affine Template / Affine Template
ATVA2026_benchmark/TERM_LASSO//lasso_traces_PastaB1.c/lasso_trace_1.txt,TERMINATING,"2,15","64,19","36,45","102,79",7,TERMINATING,5,1,6,Affine Template / Affine Template
ATVA2026_benchmark/TERM_LASSO//lasso_traces_PastaB11_false-no-overflow_true-termination.c/lasso_trace_1.txt,TERMINATING,"2,16","108,88","50,69","161,73",15,TERMINATING,5,1,6,Affine Template / Affine Template
ATVA2026_benchmark/TERM_LASSO//lasso_traces_PastaB11.c/lasso_trace_1.txt,TERMINATING,"2,3","103,1","52,88","158,28",16,TERMINATING,5,1,6,Affine Template / Affine Template
ATVA2026_benchmark/TERM_LASSO//lasso_traces_PastaB14_no-overflow.c/lasso_trace_2.txt,TERMINATING,"2,45","91,82","94,47","188,74",7,TERMINATING,5,3,8,Affine Template / Affine Template
ATVA2026_benchmark/TERM_LASSO//lasso_traces_PastaB14.c/lasso_trace_2.txt,TERMINATING,"2,12","71,17","91,72","165,01",9,TERMINATING,5,3,8,Affine Template / Affine Template
ATVA2026_benchmark/TERM_LASSO//lasso_traces_PastaB15_no-overflow.c/lasso_trace_2.txt,TERMINATING,"1,99","185,72","52,07","239,78",10,TERMINATING,5,3,8,Affine Template / Affine Template
ATVA2026_benchmark/TERM_LASSO//lasso_traces_PastaB15_no-overflow.c/lasso_trace_3.txt,TERMINATING,"1,48","43,56","80,96",126,8,TERMINATING,8,1,9,Affine Template / Affine Template
ATVA2026_benchmark/TERM_LASSO//lasso_traces_PastaB15.c/lasso_trace_2.txt,TERMINATING,"1,92","115,99","49,87","167,78",9,TERMINATING,5,3,8,Affine Template / Affine Template
ATVA2026_benchmark/TERM_LASSO//lasso_traces_PastaB15.c/lasso_trace_3.txt,TERMINATING,"0,41","35,48","68,65","104,54",8,TERMINATING,8,1,9,Affine Template / Affine Template
ATVA2026_benchmark/TERM_LASSO//lasso_traces_PastaB16_no-overflow.c/lasso_trace_1.txt,TERMINATING,"1,95","93,47","124,11","219,53",7,TERMINATING,5,2,7,Affine Template / Affine Template
ATVA2026_benchmark/TERM_LASSO//lasso_traces_PastaB16_no-overflow.c/lasso_trace_2.txt,TERMINATING,"0,77","109,17","122,39","232,33",7,TERMINATING,6,1,7,Affine Template / Affine Template
ATVA2026_benchmark/TERM_LASSO//lasso_traces_PastaB16.c/lasso_trace_1.txt,TERMINATING,"2,09","88,22","117,37","207,68",7,TERMINATING,5,2,7,Affine Template / Affine Template
ATVA2026_benchmark/TERM_LASSO//lasso_traces_PastaB16.c/lasso_trace_2.txt,TERMINATING,"0,63","105,38","109,2","215,21",7,TERMINATING,6,1,7,Affine Template / Affine Template
ATVA2026_benchmark/TERM_LASSO//lasso_traces_PastaB17_no-overflow.c/lasso_trace_1.txt,TERMINATING,"9,65","167,18","108,74","285,57",12,TERMINATING,5,2,7,Affine Template / Affine Template
ATVA2026_benchmark/TERM_LASSO//lasso_traces_PastaB17_no-overflow.c/lasso_trace_2.txt,TERMINATING,"0,81","105,96","54,78","161,55",8,TERMINATING,6,1,7,Affine Template / Affine Template
ATVA2026_benchmark/TERM_LASSO//lasso_traces_PastaB17.c/lasso_trace_1.txt,TERMINATING,"1,97","61,19","50,11","113,27",8,TERMINATING,5,2,7,Affine Template / Affine Template
ATVA2026_benchmark/TERM_LASSO//lasso_traces_PastaB17.c/lasso_trace_2.txt,TERMINATING,"0,46","76,14","30,45","107,05",8,TERMINATING,6,1,7,Affine Template / Affine Template
ATVA2026_benchmark/TERM_LASSO//lasso_traces_PastaB2_no-overflow.c/lasso_trace_1.txt,TERMINATING,"2,25","96,41","68,43","167,09",8,TERMINATING,5,1,6,Affine Template / Affine Template
ATVA2026_benchmark/TERM_LASSO//lasso_traces_PastaB2.c/lasso_trace_1.txt,TERMINATING,"2,2","83,59","63,5","149,29",8,TERMINATING,5,1,6,Affine Template / Affine Template
ATVA2026_benchmark/TERM_LASSO//lasso_traces_PastaB3_false-no-overflow_true-termination.c/lasso_trace_1.txt,TERMINATING,"1,83","110,88","93,29",206,7,TERMINATING,6,1,7,Affine Template / Affine Template
ATVA2026_benchmark/TERM_LASSO//lasso_traces_PastaB3.c/lasso_trace_1.txt,TERMINATING,"1,9","98,89","107,53","208,32",7,TERMINATING,6,1,7,Affine Template / Affine Template
ATVA2026_benchmark/TERM_LASSO//lasso_traces_PastaB4_no-overflow.c/lasso_trace_1.txt,TERMINATING,"1,81","114,41","88,39","204,61",8,TERMINATING,5,1,6,Affine Template / Affine Template
ATVA2026_benchmark/TERM_LASSO//lasso_traces_PastaB4.c/lasso_trace_1.txt,TERMINATING,"1,68","97,09","79,76","178,53",8,TERMINATING,5,1,6,Affine Template / Affine Template
ATVA2026_benchmark/TERM_LASSO//lasso_traces_PastaB6_no-overflow.c/lasso_trace_1.txt,TERMINATING,"2,1","66,24","37,12","105,46",8,TERMINATING,5,1,6,Affine Template / Affine Template
ATVA2026_benchmark/TERM_LASSO//lasso_traces_PastaB6.c/lasso_trace_1.txt,TERMINATING,"2,09","62,06","35,07","99,22",9,TERMINATING,5,1,6,Affine Template / Affine Template
ATVA2026_benchmark/TERM_LASSO//lasso_traces_PastaB7_no-overflow.c/lasso_trace_1.txt,TERMINATING,"2,56","87,56","107,42","197,54",9,TERMINATING,5,1,6,Affine Template / Affine Template
ATVA2026_benchmark/TERM_LASSO//lasso_traces_PastaB7.c/lasso_trace_1.txt,TERMINATING,"2,46","91,13","115,43","209,02",9,TERMINATING,5,1,6,Affine Template / Affine Template
ATVA2026_benchmark/TERM_LASSO//lasso_traces_PastaC1_false-no-overflow_true-termination.c/lasso_trace_1.txt,TERMINATING,"1,98","92,15","66,72","160,85",7,TERMINATING,5,2,7,Affine Template / Affine Template
ATVA2026_benchmark/TERM_LASSO//lasso_traces_PastaC1.c/lasso_trace_1.txt,TERMINATING,"1,91","76,14","63,66","141,71",6,TERMINATING,5,2,7,Affine Template / Affine Template
ATVA2026_benchmark/TERM_LASSO//lasso_traces_PastaC2_false-no-overflow_true-termination.c/lasso_trace_2.txt,TERMINATING,"1,61","60,19","62,78","124,58",6,TERMINATING,5,3,8,Affine Template / Affine Template
ATVA2026_benchmark/TERM_LASSO//lasso_traces_PastaC2_false-no-overflow_true-termination.c/lasso_trace_3.txt,TERMINATING,"0,68","43,33","47,03","91,04",6,TERMINATING,6,1,7,Affine Template / Affine Template
ATVA2026_benchmark/TERM_LASSO//lasso_traces_PastaC2.c/lasso_trace_2.txt,TERMINATING,"1,62","52,76","58,85","113,23",6,TERMINATING,5,3,8,Affine Template / Affine Template
ATVA2026_benchmark/TERM_LASSO//lasso_traces_PastaC2.c/lasso_trace_3.txt,TERMINATING,"1,25","47,27","42,94","91,46",6,TERMINATING,6,1,7,Affine Template / Affine Template
ATVA2026_benchmark/TERM_LASSO//lasso_traces_PastaC3_no-overflow.c/lasso_trace_1.txt,TERMINATING,"1,96","134,54","75,4","211,9",17,TERMINATING,5,1,6,Affine Template / Affine Template
ATVA2026_benchmark/TERM_LASSO//lasso_traces_PastaC3.c/lasso_trace_1.txt,TERMINATING,"1,94","119,46","69,39","190,79",18,TERMINATING,5,1,6,Affine Template / Affine Template
ATVA2026_benchmark/TERM_LASSO//lasso_traces_PastaC7_false-no-overflow.c/lasso_trace_1.txt,TERMINATING,"1,96","149,03","40,79","191,78",9,TERMINATING,5,1,6,Affine Template / Affine Template
ATVA2026_benchmark/TERM_LASSO//lasso_traces_PastaC7_no-overflow.c/lasso_trace_1.txt,TERMINATING,"2,12","148,51","42,09","192,72",10,TERMINATING,5,1,6,Affine Template / Affine Template
ATVA2026_benchmark/TERM_LASSO//lasso_traces_PastaC7.c/lasso_trace_1.txt,TERMINATING,"2,21","142,11","37,87","182,19",10,TERMINATING,5,1,6,Affine Template / Affine Template
ATVA2026_benchmark/TERM_LASSO//lasso_traces_PastaC9_no-overflow.c/lasso_trace_1.txt,TERMINATING,"3,36","100,43","65,54","169,33",16,TERMINATING,5,1,6,Affine Template / Affine Template
ATVA2026_benchmark/TERM_LASSO//lasso_traces_PastaC9.c/lasso_trace_1.txt,TERMINATING,"1,82","101,44","62,5","165,76",16,TERMINATING,5,1,6,Affine Template / Affine Template
ATVA2026_benchmark/TERM_LASSO//lasso_traces_pearl-necklace.t2.c/lasso_trace_1.txt,TERMINATING,"1,72","122,11","122,69","246,52",7,TERMINATING,32,13,45,Affine Template / Affine Template
ATVA2026_benchmark/TERM_LASSO//lasso_traces_pearl-necklace.t2.c/lasso_trace_2.txt,TERMINATING,"0,32","125,5","128,16","253,98",7,TERMINATING,37,13,50,Affine Template / Affine Template
ATVA2026_benchmark/TERM_LASSO//lasso_traces_pentagon.t2.c/lasso_trace_1.txt,TERMINATING,"2,31","189,26","232,29","423,86",11,TERMINATING,57,9,66,Affine Template / Affine Template
ATVA2026_benchmark/TERM_LASSO//lasso_traces_pentagon.t2.c/lasso_trace_10.txt,TERMINATING,"0,45","62,75","176,71","239,91",13,TERMINATING,95,13,108,Affine Template / Affine Template
ATVA2026_benchmark/TERM_LASSO//lasso_traces_pentagon.t2.c/lasso_trace_12.txt,TERMINATING,"0,55","140,41","213,83","354,79",13,TERMINATING,100,25,125,Affine Template / Affine Template
ATVA2026_benchmark/TERM_LASSO//lasso_traces_pentagon.t2.c/lasso_trace_13.txt,TERMINATING,"0,67","230,66","52,55","283,88",20,TERMINATING,95,51,146,Affine Template / Affine Template
ATVA2026_benchmark/TERM_LASSO//lasso_traces_pentagon.t2.c/lasso_trace_14.txt,TERMINATING,"0,4","165,28","215,23","380,91",12,TERMINATING,73,21,94,Affine Template / Affine Template
ATVA2026_benchmark/TERM_LASSO//lasso_traces_pentagon.t2.c/lasso_trace_15.txt,TERMINATING,"0,53","173,16","297,49","471,18",59,TERMINATING,86,34,120,Affine Template / Affine Template
ATVA2026_benchmark/TERM_LASSO//lasso_traces_pentagon.t2.c/lasso_trace_16.txt,TERMINATING,"0,53","142,52","184,49","327,54",15,TERMINATING,100,34,134,Affine Template / Affine Template
ATVA2026_benchmark/TERM_LASSO//lasso_traces_pentagon.t2.c/lasso_trace_19.txt,TERMINATING,"0,48","62,11","74,47","137,06",38,TERMINATING,76,25,101,Affine Template / Affine Template
ATVA2026_benchmark/TERM_LASSO//lasso_traces_pentagon.t2.c/lasso_trace_2.txt,TERMINATING,"0,62","191,94","232,13","424,69",36,TERMINATING,60,17,77,Affine Template / Affine Template
ATVA2026_benchmark/TERM_LASSO//lasso_traces_pentagon.t2.c/lasso_trace_20.txt,TERMINATING,"0,56","177,29","58,98","236,83",20,TERMINATING,108,47,155,Affine Template / Affine Template
ATVA2026_benchmark/TERM_LASSO//lasso_traces_pentagon.t2.c/lasso_trace_21.txt,TERMINATING,"0,69","151,97","275,16","427,82",38,TERMINATING,125,64,189,Affine Template / Affine Template
ATVA2026_benchmark/TERM_LASSO//lasso_traces_pentagon.t2.c/lasso_trace_29.txt,TERMINATING,"0,54","48,37","220,28","269,19",20,TERMINATING,129,93,222,Affine Template / Affine Template
ATVA2026_benchmark/TERM_LASSO//lasso_traces_pentagon.t2.c/lasso_trace_3.txt,TERMINATING,"0,44","172,81","201,22","374,47",12,TERMINATING,65,13,78,Affine Template / Affine Template
ATVA2026_benchmark/TERM_LASSO//lasso_traces_pentagon.t2.c/lasso_trace_35.txt,TERMINATING,"1,09","110,98","219,81","331,88",176,TERMINATING,158,98,256,Affine Template / Affine Template
ATVA2026_benchmark/TERM_LASSO//lasso_traces_pentagon.t2.c/lasso_trace_37.txt,TERMINATING,"1,1","308,29","172,52","481,91",93,TERMINATING,162,106,268,Affine Template / Affine Template
ATVA2026_benchmark/TERM_LASSO//lasso_traces_pentagon.t2.c/lasso_trace_39.txt,TERMINATING,"1,19","137,45","70,31","208,95",103,TERMINATING,162,106,268,Affine Template / Affine Template
ATVA2026_benchmark/TERM_LASSO//lasso_traces_pentagon.t2.c/lasso_trace_4.txt,TERMINATING,"0,47","112,55","173,51","286,53",13,TERMINATING,70,21,91,Affine Template / Affine Template
ATVA2026_benchmark/TERM_LASSO//lasso_traces_pentagon.t2.c/lasso_trace_5.txt,TERMINATING,"0,46","65,17","58,23","123,86",12,TERMINATING,74,9,83,Affine Template / Affine Template
ATVA2026_benchmark/TERM_LASSO//lasso_traces_pentagon.t2.c/lasso_trace_6.txt,TERMINATING,"0,39","83,2","76,67","160,26",12,TERMINATING,83,9,92,Affine Template / Affine Template
ATVA2026_benchmark/TERM_LASSO//lasso_traces_pentagon.t2.c/lasso_trace_7.txt,TERMINATING,"0,46","141,33","87,46","229,25",18,TERMINATING,74,22,96,Affine Template / Affine Template
ATVA2026_benchmark/TERM_LASSO//lasso_traces_pentagon.t2.c/lasso_trace_8.txt,TERMINATING,"0,37","130,07","168,29","298,73",13,TERMINATING,82,17,99,Affine Template / Affine Template
ATVA2026_benchmark/TERM_LASSO//lasso_traces_pentagon.t2.c/lasso_trace_9.txt,TERMINATING,"0,65","190,15","268,46","459,26",13,TERMINATING,87,25,112,Affine Template / Affine Template
ATVA2026_benchmark/TERM_LASSO//lasso_traces_pldi.t2.c/lasso_trace_1.txt,TERMINATING,"2,15","158,69","199,57","360,41",8,TERMINATING,28,22,50,Affine Template / Affine Template
ATVA2026_benchmark/TERM_LASSO//lasso_traces_pldi.t2.c/lasso_trace_2.txt,TERMINATING,"0,47","56,52","136,65","193,64",26,TERMINATING,31,56,87,Affine Template / Affine Template
ATVA2026_benchmark/TERM_LASSO//lasso_traces_pldi.t2.c/lasso_trace_3.txt,TERMINATING,"0,33","128,31","97,39","226,03",23,TERMINATING,52,27,79,Affine Template / Affine Template
ATVA2026_benchmark/TERM_LASSO//lasso_traces_PlusSwap_false-no-overflow_true-termination.c/lasso_trace_1.txt,TERMINATING,"2,34","100,36","110,9","213,6",9,TERMINATING,5,1,6,Affine Template / Affine Template
ATVA2026_benchmark/TERM_LASSO//lasso_traces_PlusSwap.c/lasso_trace_1.txt,TERMINATING,"1,93","114,05","104,07","220,05",9,TERMINATING,5,1,6,Affine Template / Affine Template
ATVA2026_benchmark/TERM_LASSO//lasso_traces_PodelskiRybalchenko-LICS2004-Fig1_no-overflow.c/lasso_trace_1.txt,TERMINATING,"2,07","61,71","49,34","113,12",9,TERMINATING,5,2,7,Affine Template / Affine Template
ATVA2026_benchmark/TERM_LASSO//lasso_traces_PodelskiRybalchenko-LICS2004-Fig1_true-termination.c/lasso_trace_1.txt,TERMINATING,"1,85","53,76","49,06","104,67",6,TERMINATING,5,2,7,Affine Template / Affine Template
ATVA2026_benchmark/TERM_LASSO//lasso_traces_PodelskiRybalchenko-LICS2004-Fig1.c/lasso_trace_1.txt,TERMINATING,"1,8","54,5","53,79","110,09",7,TERMINATING,5,2,7,Affine Template / Affine Template
ATVA2026_benchmark/TERM_LASSO//lasso_traces_PodelskiRybalchenko-TACAS2011-Fig1_no-overflow.c/lasso_trace_1.txt,TERMINATING,"1,94","95,94","34,6","132,48",6,TERMINATING,5,1,6,Affine Template / Affine Template
ATVA2026_benchmark/TERM_LASSO//lasso_traces_PodelskiRybalchenko-TACAS2011-Fig1_true-termination.c/lasso_trace_1.txt,TERMINATING,"1,92","89,55","37,62","129,09",6,TERMINATING,5,1,6,Affine Template / Affine Template
ATVA2026_benchmark/TERM_LASSO//lasso_traces_PodelskiRybalchenko-TACAS2011-Fig1.c/lasso_trace_1.txt,TERMINATING,"1,95","76,77","31,87","110,59",6,TERMINATING,5,1,6,Affine Template / Affine Template
ATVA2026_benchmark/TERM_LASSO//lasso_traces_PodelskiRybalchenko-TACAS2011-Fig2_no-overflow.c/lasso_trace_1.txt,TERMINATING,"2,12","69,86","53,23","125,21",7,TERMINATING,5,2,7,Affine Template / Affine Template
ATVA2026_benchmark/TERM_LASSO//lasso_traces_PodelskiRybalchenko-TACAS2011-Fig2_no-overflow.c/lasso_trace_2.txt,TERMINATING,"0,44","89,66","99,67","189,77",7,TERMINATING,6,1,7,Affine Template / Affine Template
ATVA2026_benchmark/TERM_LASSO//lasso_traces_PodelskiRybalchenko-TACAS2011-Fig2_true-termination.c/lasso_trace_1.txt,TERMINATING,"1,88","59,18","46,42","107,48",6,TERMINATING,5,2,7,Affine Template / Affine Template
ATVA2026_benchmark/TERM_LASSO//lasso_traces_PodelskiRybalchenko-TACAS2011-Fig2_true-termination.c/lasso_trace_2.txt,TERMINATING,"0,36","93,74","95,58","189,68",7,TERMINATING,6,1,7,Affine Template / Affine Template
ATVA2026_benchmark/TERM_LASSO//lasso_traces_PodelskiRybalchenko-TACAS2011-Fig2.c/lasso_trace_1.txt,TERMINATING,"1,92","56,65","48,47","107,04",7,TERMINATING,5,2,7,Affine Template / Affine Template
ATVA2026_benchmark/TERM_LASSO//lasso_traces_PodelskiRybalchenko-TACAS2011-Fig2.c/lasso_trace_2.txt,TERMINATING,"0,41","83,11","101,73","185,25",9,TERMINATING,6,1,7,Affine Template / Affine Template
ATVA2026_benchmark/TERM_LASSO//lasso_traces_PodelskiRybalchenko-TACAS2011-Fig4_no-overflow.c/lasso_trace_1.txt,TERMINATING,"1,97","103,53","58,55","164,05",15,TERMINATING,5,1,6,Affine Template / Affine Template
ATVA2026_benchmark/TERM_LASSO//lasso_traces_PodelskiRybalchenko-TACAS2011-Fig4_true-termination.c/lasso_trace_1.txt,TERMINATING,"2,15",109,"58,97","170,12",15,TERMINATING,5,1,6,Affine Template / Affine Template
ATVA2026_benchmark/TERM_LASSO//lasso_traces_PodelskiRybalchenko-TACAS2011-Fig4.c/lasso_trace_1.txt,TERMINATING,"2,68","112,36","53,99","169,03",15,TERMINATING,5,1,6,Affine Template / Affine Template
ATVA2026_benchmark/TERM_LASSO//lasso_traces_PodelskiRybalchenko-VMCAI2004-Ex1_no-overflow.c/lasso_trace_1.txt,TERMINATING,"3,47","122,03","108,25","233,75",30,TERMINATING,5,1,6,Affine Template / Affine Template
ATVA2026_benchmark/TERM_LASSO//lasso_traces_PodelskiRybalchenko-VMCAI2004-Ex1_true-termination.c/lasso_trace_1.txt,TERMINATING,"1,98","136,78","101,34","240,1",32,TERMINATING,5,1,6,Affine Template / Affine Template
ATVA2026_benchmark/TERM_LASSO//lasso_traces_PodelskiRybalchenko-VMCAI2004-Ex1.c/lasso_trace_1.txt,TERMINATING,"1,94","119,87","121,33","243,14",35,TERMINATING,5,1,6,Affine Template / Affine Template
ATVA2026_benchmark/TERM_LASSO//lasso_traces_PointerIncrement-simplified01.bpl/lasso_trace_2.txt,TERMINATING,"1,87","111,25",0,"113,12",13,TERMINATING,1,4,5,Affine Template / Affine Template
ATVA2026_benchmark/TERM_LASSO//lasso_traces_PointerIncrement-simplified02.bpl/lasso_trace_1.txt,TERMINATING,"2,15","61,59",0,"63,74",9,TERMINATING,1,3,4,Affine Template / Affine Template
ATVA2026_benchmark/TERM_LASSO//lasso_traces_PointerIncrement-simplified03.bpl/lasso_trace_1.txt,TERMINATING,"2,39","60,74",0,"63,13",13,TERMINATING,1,2,3,Affine Template / Affine Template
ATVA2026_benchmark/TERM_LASSO//lasso_traces_Pointers_II.c/lasso_trace_1.txt,TERMINATING,"2,16","1014,12",0,"1016,28",95,TERMINATING,6,2,8,Affine Template / Affine Template
ATVA2026_benchmark/TERM_LASSO//lasso_traces_polyrank1.t2.c/lasso_trace_1.txt,TERMINATING,"2,02","291,98","120,46","414,46",16,TERMINATING,20,9,29,2-Nested Template / 2-Nested Template
ATVA2026_benchmark/TERM_LASSO//lasso_traces_polyrank2.t2.c/lasso_trace_1.txt,TERMINATING,"3,48","630,33","64,96","698,77",25,TERMINATING,24,9,33,3-Nested Template / 3-Nested Template
ATVA2026_benchmark/TERM_LASSO//lasso_traces_polyrank3.t2.c/lasso_trace_1.txt,TERMINATING,"1,91","307,62",84,"393,53",16,TERMINATING,24,9,33,2-Nested Template / 2-Nested Template
ATVA2026_benchmark/TERM_LASSO//lasso_traces_polyrank3.t2.c/lasso_trace_10.txt,TERMINATING,"0,36","336,81","112,73","449,9",18,TERMINATING,51,9,60,2-Nested Template / 2-Nested Template
ATVA2026_benchmark/TERM_LASSO//lasso_traces_polyrank3.t2.c/lasso_trace_100.txt,TERMINATING,"0,33","280,17","70,59","351,09",12,TERMINATING,51,9,60,2-Nested Template / 2-Nested Template
ATVA2026_benchmark/TERM_LASSO//lasso_traces_polyrank3.t2.c/lasso_trace_101.txt,TERMINATING,"0,35","242,54",98,"340,89",11,TERMINATING,51,9,60,2-Nested Template / 2-Nested Template
ATVA2026_benchmark/TERM_LASSO//lasso_traces_polyrank3.t2.c/lasso_trace_102.txt,TERMINATING,"0,36","223,36","83,11","306,83",16,TERMINATING,51,9,60,2-Nested Template / 2-Nested Template
ATVA2026_benchmark/TERM_LASSO//lasso_traces_polyrank3.t2.c/lasso_trace_103.txt,TERMINATING,"0,52","301,3","138,93","440,75",11,TERMINATING,51,9,60,2-Nested Template / 2-Nested Template
ATVA2026_benchmark/TERM_LASSO//lasso_traces_polyrank3.t2.c/lasso_trace_104.txt,TERMINATING,"0,4","284,13","151,77","436,3",12,TERMINATING,51,9,60,2-Nested Template / 2-Nested Template
ATVA2026_benchmark/TERM_LASSO//lasso_traces_polyrank3.t2.c/lasso_trace_105.txt,TERMINATING,"0,33","243,15","42,76","286,24",12,TERMINATING,51,9,60,2-Nested Template / 2-Nested Template
ATVA2026_benchmark/TERM_LASSO//lasso_traces_polyrank3.t2.c/lasso_trace_106.txt,TERMINATING,"0,41","282,95","25,47","308,83",12,TERMINATING,51,9,60,2-Nested Template / 2-Nested Template
ATVA2026_benchmark/TERM_LASSO//lasso_traces_polyrank3.t2.c/lasso_trace_107.txt,TERMINATING,"0,39","263,91","53,57","317,87",12,TERMINATING,51,9,60,2-Nested Template / 2-Nested Template
ATVA2026_benchmark/TERM_LASSO//lasso_traces_polyrank3.t2.c/lasso_trace_108.txt,TERMINATING,"0,6","246,77","28,62","275,99",12,TERMINATING,51,9,60,2-Nested Template / 2-Nested Template
ATVA2026_benchmark/TERM_LASSO//lasso_traces_polyrank3.t2.c/lasso_trace_109.txt,TERMINATING,"0,54","277,09","25,91","303,54",12,TERMINATING,51,9,60,2-Nested Template / 2-Nested Template
ATVA2026_benchmark/TERM_LASSO//lasso_traces_polyrank3.t2.c/lasso_trace_11.txt,TERMINATING,"0,32","289,23","85,25","374,8",13,TERMINATING,51,9,60,2-Nested Template / 2-Nested Template
ATVA2026_benchmark/TERM_LASSO//lasso_traces_polyrank3.t2.c/lasso_trace_110.txt,TERMINATING,"0,37","329,97","145,21","475,55",20,TERMINATING,51,9,60,2-Nested Template / 2-Nested Template
ATVA2026_benchmark/TERM_LASSO//lasso_traces_polyrank3.t2.c/lasso_trace_111.txt,TERMINATING,"0,47","305,89","136,09","442,45",12,TERMINATING,51,9,60,2-Nested Template / 2-Nested Template
ATVA2026_benchmark/TERM_LASSO//lasso_traces_polyrank3.t2.c/lasso_trace_112.txt,TERMINATING,"0,3","253,06","150,03","403,39",12,TERMINATING,51,9,60,2-Nested Template / 2-Nested Template
ATVA2026_benchmark/TERM_LASSO//lasso_traces_polyrank3.t2.c/lasso_trace_113.txt,TERMINATING,"0,37","271,67","113,44","385,48",16,TERMINATING,51,9,60,2-Nested Template / 2-Nested Template
ATVA2026_benchmark/TERM_LASSO//lasso_traces_polyrank3.t2.c/lasso_trace_114.txt,TERMINATING,"0,4","293,77","133,47","427,64",19,TERMINATING,51,9,60,2-Nested Template / 2-Nested Template
ATVA2026_benchmark/TERM_LASSO//lasso_traces_polyrank3.t2.c/lasso_trace_115.txt,TERMINATING,"0,39","354,89","143,02","498,3",12,TERMINATING,51,9,60,2-Nested Template / 2-Nested Template
ATVA2026_benchmark/TERM_LASSO//lasso_traces_polyrank3.t2.c/lasso_trace_116.txt,TERMINATING,"0,47","301,07","26,59","328,13",12,TERMINATING,51,9,60,2-Nested Template / 2-Nested Template
ATVA2026_benchmark/TERM_LASSO//lasso_traces_polyrank3.t2.c/lasso_trace_117.txt,TERMINATING,"0,29","282,05","70,83","353,17",17,TERMINATING,51,9,60,2-Nested Template / 2-Nested Template
ATVA2026_benchmark/TERM_LASSO//lasso_traces_polyrank3.t2.c/lasso_trace_118.txt,TERMINATING,"0,35","242,01","38,37","280,73",11,TERMINATING,51,9,60,2-Nested Template / 2-Nested Template
ATVA2026_benchmark/TERM_LASSO//lasso_traces_polyrank3.t2.c/lasso_trace_119.txt,TERMINATING,"0,4","242,98","83,38","326,76",17,TERMINATING,51,9,60,2-Nested Template / 2-Nested Template
ATVA2026_benchmark/TERM_LASSO//lasso_traces_polyrank3.t2.c/lasso_trace_12.txt,TERMINATING,"0,31","332,37","119,79","452,47",18,TERMINATING,51,9,60,2-Nested Template / 2-Nested Template
ATVA2026_benchmark/TERM_LASSO//lasso_traces_polyrank3.t2.c/lasso_trace_120.txt,TERMINATING,"0,34","271,66","72,21","344,21",17,TERMINATING,51,9,60,2-Nested Template / 2-Nested Template
ATVA2026_benchmark/TERM_LASSO//lasso_traces_polyrank3.t2.c/lasso_trace_121.txt,TERMINATING,"0,36","284,73","72,31","357,4",17,TERMINATING,51,9,60,2-Nested Template / 2-Nested Template
ATVA2026_benchmark/TERM_LASSO//lasso_traces_polyrank3.t2.c/lasso_trace_122.txt,TERMINATING,"0,49","250,14","75,2","325,83",16,TERMINATING,51,9,60,2-Nested Template / 2-Nested Template
ATVA2026_benchmark/TERM_LASSO//lasso_traces_polyrank3.t2.c/lasso_trace_123.txt,TERMINATING,"0,29","279,94","39,29","319,52",13,TERMINATING,51,9,60,2-Nested Template / 2-Nested Template
ATVA2026_benchmark/TERM_LASSO//lasso_traces_polyrank3.t2.c/lasso_trace_124.txt,TERMINATING,"0,35","288,8","26,69","315,84",17,TERMINATING,51,9,60,2-Nested Template / 2-Nested Template
ATVA2026_benchmark/TERM_LASSO//lasso_traces_polyrank3.t2.c/lasso_trace_125.txt,TERMINATING,"0,41","253,75","121,54","375,7",13,TERMINATING,51,9,60,2-Nested Template / 2-Nested Template
ATVA2026_benchmark/TERM_LASSO//lasso_traces_polyrank3.t2.c/lasso_trace_126.txt,TERMINATING,"0,36","311,21","109,77","421,34",13,TERMINATING,51,9,60,2-Nested Template / 2-Nested Template
ATVA2026_benchmark/TERM_LASSO//lasso_traces_polyrank3.t2.c/lasso_trace_127.txt,TERMINATING,"0,34","327,6","119,45","447,39",12,TERMINATING,51,9,60,2-Nested Template / 2-Nested Template
ATVA2026_benchmark/TERM_LASSO//lasso_traces_polyrank3.t2.c/lasso_trace_128.txt,TERMINATING,"0,53","294,83","28,74","324,1",12,TERMINATING,51,9,60,2-Nested Template / 2-Nested Template
ATVA2026_benchmark/TERM_LASSO//lasso_traces_polyrank3.t2.c/lasso_trace_129.txt,TERMINATING,"0,36","311,62","137,32","449,3",17,TERMINATING,51,9,60,2-Nested Template / 2-Nested Template
ATVA2026_benchmark/TERM_LASSO//lasso_traces_polyrank3.t2.c/lasso_trace_13.txt,TERMINATING,"0,39","320,5","71,19","392,08",17,TERMINATING,51,9,60,2-Nested Template / 2-Nested Template
ATVA2026_benchmark/TERM_LASSO//lasso_traces_polyrank3.t2.c/lasso_trace_130.txt,TERMINATING,"0,33","249,78","134,34","384,45",17,TERMINATING,51,9,60,2-Nested Template / 2-Nested Template
ATVA2026_benchmark/TERM_LASSO//lasso_traces_polyrank3.t2.c/lasso_trace_131.txt,TERMINATING,"0,36","348,37","142,46","491,19",13,TERMINATING,51,9,60,2-Nested Template / 2-Nested Template
ATVA2026_benchmark/TERM_LASSO//lasso_traces_polyrank3.t2.c/lasso_trace_132.txt,TERMINATING,"0,35","285,19","48,98","334,52",13,TERMINATING,51,9,60,2-Nested Template / 2-Nested Template
ATVA2026_benchmark/TERM_LASSO//lasso_traces_polyrank3.t2.c/lasso_trace_133.txt,TERMINATING,"0,35","314,86","94,37","409,58",13,TERMINATING,51,9,60,2-Nested Template / 2-Nested Template
ATVA2026_benchmark/TERM_LASSO//lasso_traces_polyrank3.t2.c/lasso_trace_134.txt,TERMINATING,"0,41","315,91","62,84","379,16",13,TERMINATING,51,9,60,2-Nested Template / 2-Nested Template
ATVA2026_benchmark/TERM_LASSO//lasso_traces_polyrank3.t2.c/lasso_trace_135.txt,TERMINATING,"0,33","249,11","54,8","304,24",13,TERMINATING,51,9,60,2-Nested Template / 2-Nested Template
ATVA2026_benchmark/TERM_LASSO//lasso_traces_polyrank3.t2.c/lasso_trace_136.txt,TERMINATING,"0,42","301,65","36,65","338,72",12,TERMINATING,51,9,60,2-Nested Template / 2-Nested Template
ATVA2026_benchmark/TERM_LASSO//lasso_traces_polyrank3.t2.c/lasso_trace_137.txt,TERMINATING,"0,31","256,29","73,31","329,91",20,TERMINATING,51,9,60,2-Nested Template / 2-Nested Template
ATVA2026_benchmark/TERM_LASSO//lasso_traces_polyrank3.t2.c/lasso_trace_138.txt,TERMINATING,"0,38","335,1","139,89","475,37",16,TERMINATING,51,9,60,2-Nested Template / 2-Nested Template
ATVA2026_benchmark/TERM_LASSO//lasso_traces_polyrank3.t2.c/lasso_trace_139.txt,TERMINATING,"0,31","247,4","27,07","274,78",17,TERMINATING,51,9,60,2-Nested Template / 2-Nested Template
ATVA2026_benchmark/TERM_LASSO//lasso_traces_polyrank3.t2.c/lasso_trace_14.txt,TERMINATING,"0,57","339,85","115,41","455,83",13,TERMINATING,51,9,60,2-Nested Template / 2-Nested Template
ATVA2026_benchmark/TERM_LASSO//lasso_traces_polyrank3.t2.c/lasso_trace_140.txt,TERMINATING,"0,29","243,93","57,58","301,8",12,TERMINATING,51,9,60,2-Nested Template / 2-Nested Template
ATVA2026_benchmark/TERM_LASSO//lasso_traces_polyrank3.t2.c/lasso_trace_141.txt,TERMINATING,"0,35","320,41","51,04","371,8",12,TERMINATING,51,9,60,2-Nested Template / 2-Nested Template
ATVA2026_benchmark/TERM_LASSO//lasso_traces_polyrank3.t2.c/lasso_trace_142.txt,TERMINATING,"0,36","295,88","98,49","394,73",12,TERMINATING,51,9,60,2-Nested Template / 2-Nested Template
ATVA2026_benchmark/TERM_LASSO//lasso_traces_polyrank3.t2.c/lasso_trace_143.txt,TERMINATING,"0,36","269,95","52,42","322,73",12,TERMINATING,51,9,60,2-Nested Template / 2-Nested Template
ATVA2026_benchmark/TERM_LASSO//lasso_traces_polyrank3.t2.c/lasso_trace_144.txt,TERMINATING,"0,39","306,21","148,14","454,74",11,TERMINATING,51,9,60,2-Nested Template / 2-Nested Template
ATVA2026_benchmark/TERM_LASSO//lasso_traces_polyrank3.t2.c/lasso_trace_145.txt,TERMINATING,"0,35","302,77","123,34","426,46",12,TERMINATING,51,9,60,2-Nested Template / 2-Nested Template
ATVA2026_benchmark/TERM_LASSO//lasso_traces_polyrank3.t2.c/lasso_trace_146.txt,TERMINATING,"0,36","347,03","75,17","422,56",17,TERMINATING,51,9,60,2-Nested Template / 2-Nested Template
ATVA2026_benchmark/TERM_LASSO//lasso_traces_polyrank3.t2.c/lasso_trace_147.txt,TERMINATING,"0,34","335,61","89,36","425,31",17,TERMINATING,51,9,60,2-Nested Template / 2-Nested Template
ATVA2026_benchmark/TERM_LASSO//lasso_traces_polyrank3.t2.c/lasso_trace_148.txt,TERMINATING,"0,57","243,73","30,64","274,94",12,TERMINATING,51,9,60,2-Nested Template / 2-Nested Template
ATVA2026_benchmark/TERM_LASSO//lasso_traces_polyrank3.t2.c/lasso_trace_149.txt,TERMINATING,"0,36","306,92","25,23","332,51",12,TERMINATING,51,9,60,2-Nested Template / 2-Nested Template
ATVA2026_benchmark/TERM_LASSO//lasso_traces_polyrank3.t2.c/lasso_trace_15.txt,TERMINATING,"0,39","315,36","130,48","446,23",17,TERMINATING,51,9,60,2-Nested Template / 2-Nested Template
ATVA2026_benchmark/TERM_LASSO//lasso_traces_polyrank3.t2.c/lasso_trace_150.txt,TERMINATING,"0,33","291,08","86,47","377,88",12,TERMINATING,51,9,60,2-Nested Template / 2-Nested Template
ATVA2026_benchmark/TERM_LASSO//lasso_traces_polyrank3.t2.c/lasso_trace_151.txt,TERMINATING,"0,37","297,05","51,22","348,64",13,TERMINATING,51,9,60,2-Nested Template / 2-Nested Template
ATVA2026_benchmark/TERM_LASSO//lasso_traces_polyrank3.t2.c/lasso_trace_152.txt,TERMINATING,"0,36","270,78","123,12","394,26",13,TERMINATING,51,9,60,2-Nested Template / 2-Nested Template
ATVA2026_benchmark/TERM_LASSO//lasso_traces_polyrank3.t2.c/lasso_trace_153.txt,TERMINATING,"0,51","251,12","62,62","314,25",18,TERMINATING,51,9,60,2-Nested Template / 2-Nested Template
ATVA2026_benchmark/TERM_LASSO//lasso_traces_polyrank3.t2.c/lasso_trace_154.txt,TERMINATING,"0,4","276,02","97,1","373,52",18,TERMINATING,51,9,60,2-Nested Template / 2-Nested Template
ATVA2026_benchmark/TERM_LASSO//lasso_traces_polyrank3.t2.c/lasso_trace_155.txt,TERMINATING,"0,37","324,17","144,83","469,37",12,TERMINATING,51,9,60,2-Nested Template / 2-Nested Template
ATVA2026_benchmark/TERM_LASSO//lasso_traces_polyrank3.t2.c/lasso_trace_156.txt,TERMINATING,"0,66",241,"38,53","280,19",12,TERMINATING,51,9,60,2-Nested Template / 2-Nested Template
ATVA2026_benchmark/TERM_LASSO//lasso_traces_polyrank3.t2.c/lasso_trace_157.txt,TERMINATING,"0,41","262,63","111,72","374,76",13,TERMINATING,51,9,60,2-Nested Template / 2-Nested Template
ATVA2026_benchmark/TERM_LASSO//lasso_traces_polyrank3.t2.c/lasso_trace_158.txt,TERMINATING,"0,37","348,34","136,86","485,57",12,TERMINATING,51,9,60,2-Nested Template / 2-Nested Template
ATVA2026_benchmark/TERM_LASSO//lasso_traces_polyrank3.t2.c/lasso_trace_159.txt,TERMINATING,"0,38","265,98","50,63","316,99",18,TERMINATING,51,9,60,2-Nested Template / 2-Nested Template
ATVA2026_benchmark/TERM_LASSO//lasso_traces_polyrank3.t2.c/lasso_trace_16.txt,TERMINATING,"0,34","335,89","98,79","435,02",11,TERMINATING,51,9,60,2-Nested Template / 2-Nested Template
ATVA2026_benchmark/TERM_LASSO//lasso_traces_polyrank3.t2.c/lasso_trace_160.txt,TERMINATING,"0,29","346,3","141,98","488,57",12,TERMINATING,51,9,60,2-Nested Template / 2-Nested Template
ATVA2026_benchmark/TERM_LASSO//lasso_traces_polyrank3.t2.c/lasso_trace_161.txt,TERMINATING,"0,37","279,16","36,54","316,07",12,TERMINATING,51,9,60,2-Nested Template / 2-Nested Template
ATVA2026_benchmark/TERM_LASSO//lasso_traces_polyrank3.t2.c/lasso_trace_162.txt,TERMINATING,"0,75","284,26","49,35","334,36",17,TERMINATING,51,9,60,2-Nested Template / 2-Nested Template
ATVA2026_benchmark/TERM_LASSO//lasso_traces_polyrank3.t2.c/lasso_trace_163.txt,TERMINATING,"0,38","243,95","107,98","352,31",17,TERMINATING,51,9,60,2-Nested Template / 2-Nested Template
ATVA2026_benchmark/TERM_LASSO//lasso_traces_polyrank3.t2.c/lasso_trace_164.txt,TERMINATING,"0,39","257,25","123,15","380,79",19,TERMINATING,51,9,60,2-Nested Template / 2-Nested Template
ATVA2026_benchmark/TERM_LASSO//lasso_traces_polyrank3.t2.c/lasso_trace_165.txt,TERMINATING,"0,37","273,24","74,63","348,24",18,TERMINATING,51,9,60,2-Nested Template / 2-Nested Template
ATVA2026_benchmark/TERM_LASSO//lasso_traces_polyrank3.t2.c/lasso_trace_166.txt,TERMINATING,"0,34","251,05","26,4","277,79",18,TERMINATING,51,9,60,2-Nested Template / 2-Nested Template
ATVA2026_benchmark/TERM_LASSO//lasso_traces_polyrank3.t2.c/lasso_trace_167.txt,TERMINATING,"0,74","320,76","38,32","359,82",13,TERMINATING,51,9,60,2-Nested Template / 2-Nested Template
ATVA2026_benchmark/TERM_LASSO//lasso_traces_polyrank3.t2.c/lasso_trace_168.txt,TERMINATING,"0,31","295,3","61,21","356,82",12,TERMINATING,51,9,60,2-Nested Template / 2-Nested Template
ATVA2026_benchmark/TERM_LASSO//lasso_traces_polyrank3.t2.c/lasso_trace_169.txt,TERMINATING,"0,39","275,24","69,72","345,35",12,TERMINATING,51,9,60,2-Nested Template / 2-Nested Template
ATVA2026_benchmark/TERM_LASSO//lasso_traces_polyrank3.t2.c/lasso_trace_17.txt,TERMINATING,"0,43","341,43","137,82","479,68",15,TERMINATING,51,9,60,2-Nested Template / 2-Nested Template
ATVA2026_benchmark/TERM_LASSO//lasso_traces_polyrank3.t2.c/lasso_trace_170.txt,TERMINATING,"0,59","290,92","68,33","359,84",17,TERMINATING,51,9,60,2-Nested Template / 2-Nested Template
ATVA2026_benchmark/TERM_LASSO//lasso_traces_polyrank3.t2.c/lasso_trace_171.txt,TERMINATING,"0,42","301,31","52,44","354,17",16,TERMINATING,51,9,60,2-Nested Template / 2-Nested Template
ATVA2026_benchmark/TERM_LASSO//lasso_traces_polyrank3.t2.c/lasso_trace_172.txt,TERMINATING,"0,28","349,47","37,04","386,79",18,TERMINATING,51,9,60,2-Nested Template / 2-Nested Template
ATVA2026_benchmark/TERM_LASSO//lasso_traces_polyrank3.t2.c/lasso_trace_173.txt,TERMINATING,"0,35","297,48","82,62","380,45",11,TERMINATING,51,9,60,2-Nested Template / 2-Nested Template
ATVA2026_benchmark/TERM_LASSO//lasso_traces_polyrank3.t2.c/lasso_trace_174.txt,TERMINATING,"0,36","299,62","104,6","404,58",12,TERMINATING,51,9,60,2-Nested Template / 2-Nested Template
ATVA2026_benchmark/TERM_LASSO//lasso_traces_polyrank3.t2.c/lasso_trace_175.txt,TERMINATING,"0,36","227,48","80,92","308,76",12,TERMINATING,51,9,60,2-Nested Template / 2-Nested Template
ATVA2026_benchmark/TERM_LASSO//lasso_traces_polyrank3.t2.c/lasso_trace_176.txt,TERMINATING,"0,36","295,76","125,82","421,94",18,TERMINATING,51,9,60,2-Nested Template / 2-Nested Template
ATVA2026_benchmark/TERM_LASSO//lasso_traces_polyrank3.t2.c/lasso_trace_177.txt,TERMINATING,"0,33","324,45","92,54","417,32",17,TERMINATING,51,9,60,2-Nested Template / 2-Nested Template
ATVA2026_benchmark/TERM_LASSO//lasso_traces_polyrank3.t2.c/lasso_trace_178.txt,TERMINATING,"0,4","277,71","25,8","303,91",12,TERMINATING,51,9,60,2-Nested Template / 2-Nested Template
ATVA2026_benchmark/TERM_LASSO//lasso_traces_polyrank3.t2.c/lasso_trace_179.txt,TERMINATING,"0,42","275,1","146,52","422,04",17,TERMINATING,51,9,60,2-Nested Template / 2-Nested Template
ATVA2026_benchmark/TERM_LASSO//lasso_traces_polyrank3.t2.c/lasso_trace_18.txt,TERMINATING,"0,35","228,61","25,49","254,45",17,TERMINATING,51,9,60,2-Nested Template / 2-Nested Template
ATVA2026_benchmark/TERM_LASSO//lasso_traces_polyrank3.t2.c/lasso_trace_180.txt,TERMINATING,"0,32","264,44","78,08","342,84",12,TERMINATING,51,9,60,2-Nested Template / 2-Nested Template
ATVA2026_benchmark/TERM_LASSO//lasso_traces_polyrank3.t2.c/lasso_trace_181.txt,TERMINATING,"0,37","331,05","47,95","379,37",12,TERMINATING,51,9,60,2-Nested Template / 2-Nested Template
ATVA2026_benchmark/TERM_LASSO//lasso_traces_polyrank3.t2.c/lasso_trace_182.txt,TERMINATING,"0,34","354,87","117,14","472,35",20,TERMINATING,51,9,60,2-Nested Template / 2-Nested Template
ATVA2026_benchmark/TERM_LASSO//lasso_traces_polyrank3.t2.c/lasso_trace_183.txt,TERMINATING,"0,45","319,61","120,68","440,74",17,TERMINATING,51,9,60,2-Nested Template / 2-Nested Template
ATVA2026_benchmark/TERM_LASSO//lasso_traces_polyrank3.t2.c/lasso_trace_184.txt,TERMINATING,"0,34","275,52","89,01","364,87",11,TERMINATING,51,9,60,2-Nested Template / 2-Nested Template
ATVA2026_benchmark/TERM_LASSO//lasso_traces_polyrank3.t2.c/lasso_trace_185.txt,TERMINATING,"0,36","270,79","122,09","393,24",17,TERMINATING,51,9,60,2-Nested Template / 2-Nested Template
ATVA2026_benchmark/TERM_LASSO//lasso_traces_polyrank3.t2.c/lasso_trace_186.txt,TERMINATING,"0,29","320,85","110,98","432,12",16,TERMINATING,51,9,60,2-Nested Template / 2-Nested Template
ATVA2026_benchmark/TERM_LASSO//lasso_traces_polyrank3.t2.c/lasso_trace_187.txt,TERMINATING,"0,37","278,24","84,08","362,69",11,TERMINATING,51,9,60,2-Nested Template / 2-Nested Template
ATVA2026_benchmark/TERM_LASSO//lasso_traces_polyrank3.t2.c/lasso_trace_188.txt,TERMINATING,"0,41","256,03","123,31","379,75",18,TERMINATING,51,9,60,2-Nested Template / 2-Nested Template
ATVA2026_benchmark/TERM_LASSO//lasso_traces_polyrank3.t2.c/lasso_trace_189.txt,TERMINATING,"0,39","319,33","119,56","439,28",17,TERMINATING,51,9,60,2-Nested Template / 2-Nested Template
ATVA2026_benchmark/TERM_LASSO//lasso_traces_polyrank3.t2.c/lasso_trace_19.txt,TERMINATING,"0,34","284,48","78,96","363,78",13,TERMINATING,51,9,60,2-Nested Template / 2-Nested Template
ATVA2026_benchmark/TERM_LASSO//lasso_traces_polyrank3.t2.c/lasso_trace_190.txt,TERMINATING,"0,55","309,39","129,54","439,48",13,TERMINATING,51,9,60,2-Nested Template / 2-Nested Template
ATVA2026_benchmark/TERM_LASSO//lasso_traces_polyrank3.t2.c/lasso_trace_191.txt,TERMINATING,"0,41","296,96","117,36","414,73",13,TERMINATING,51,9,60,2-Nested Template / 2-Nested Template
ATVA2026_benchmark/TERM_LASSO//lasso_traces_polyrank3.t2.c/lasso_trace_192.txt,TERMINATING,"0,32","275,69","134,11","410,12",12,TERMINATING,51,9,60,2-Nested Template / 2-Nested Template
ATVA2026_benchmark/TERM_LASSO//lasso_traces_polyrank3.t2.c/lasso_trace_193.txt,TERMINATING,"0,35","274,34","145,78","420,47",11,TERMINATING,51,9,60,2-Nested Template / 2-Nested Template
ATVA2026_benchmark/TERM_LASSO//lasso_traces_polyrank3.t2.c/lasso_trace_194.txt,TERMINATING,"0,55","278,57","94,89","374,01",12,TERMINATING,51,9,60,2-Nested Template / 2-Nested Template
ATVA2026_benchmark/TERM_LASSO//lasso_traces_polyrank3.t2.c/lasso_trace_195.txt,TERMINATING,"0,36","313,19","135,93","449,48",12,TERMINATING,51,9,60,2-Nested Template / 2-Nested Template
ATVA2026_benchmark/TERM_LASSO//lasso_traces_polyrank3.t2.c/lasso_trace_196.txt,TERMINATING,"0,35","275,38","67,06","342,79",13,TERMINATING,51,9,60,2-Nested Template / 2-Nested Template
ATVA2026_benchmark/TERM_LASSO//lasso_traces_polyrank3.t2.c/lasso_trace_197.txt,TERMINATING,"0,34","356,28","162,04","518,66",12,TERMINATING,51,9,60,2-Nested Template / 2-Nested Template
ATVA2026_benchmark/TERM_LASSO//lasso_traces_polyrank3.t2.c/lasso_trace_198.txt,TERMINATING,"0,4","319,78","83,01","403,19",18,TERMINATING,51,9,60,2-Nested Template / 2-Nested Template
ATVA2026_benchmark/TERM_LASSO//lasso_traces_polyrank3.t2.c/lasso_trace_199.txt,TERMINATING,"0,29","330,43","118,76","449,48",21,TERMINATING,51,9,60,2-Nested Template / 2-Nested Template
ATVA2026_benchmark/TERM_LASSO//lasso_traces_polyrank3.t2.c/lasso_trace_2.txt,TERMINATING,"0,49","381,14","111,95","493,58",54,TERMINATING,31,13,44,2-Nested Template / 2-Nested Template
ATVA2026_benchmark/TERM_LASSO//lasso_traces_polyrank3.t2.c/lasso_trace_20.txt,TERMINATING,"0,35","268,68","52,97",322,23,TERMINATING,51,9,60,2-Nested Template / 2-Nested Template
ATVA2026_benchmark/TERM_LASSO//lasso_traces_polyrank3.t2.c/lasso_trace_200.txt,TERMINATING,"0,46","323,01","125,48","448,95",16,TERMINATING,51,9,60,2-Nested Template / 2-Nested Template
ATVA2026_benchmark/TERM_LASSO//lasso_traces_polyrank3.t2.c/lasso_trace_201.txt,TERMINATING,"0,32","362,97","100,23","463,52",17,TERMINATING,51,9,60,2-Nested Template / 2-Nested Template
ATVA2026_benchmark/TERM_LASSO//lasso_traces_polyrank3.t2.c/lasso_trace_202.txt,TERMINATING,"0,36","273,27","49,77","323,4",18,TERMINATING,51,9,60,2-Nested Template / 2-Nested Template
ATVA2026_benchmark/TERM_LASSO//lasso_traces_polyrank3.t2.c/lasso_trace_203.txt,TERMINATING,"0,35","273,99","75,69","350,03",17,TERMINATING,51,9,60,2-Nested Template / 2-Nested Template
ATVA2026_benchmark/TERM_LASSO//lasso_traces_polyrank3.t2.c/lasso_trace_204.txt,TERMINATING,"0,36","342,37","122,29","465,02",13,TERMINATING,51,9,60,2-Nested Template / 2-Nested Template
ATVA2026_benchmark/TERM_LASSO//lasso_traces_polyrank3.t2.c/lasso_trace_205.txt,TERMINATING,"0,31","329,93","117,58","447,82",17,TERMINATING,51,9,60,2-Nested Template / 2-Nested Template
ATVA2026_benchmark/TERM_LASSO//lasso_traces_polyrank3.t2.c/lasso_trace_206.txt,TERMINATING,"0,36","264,57","95,34","360,27",11,TERMINATING,51,9,60,2-Nested Template / 2-Nested Template
ATVA2026_benchmark/TERM_LASSO//lasso_traces_polyrank3.t2.c/lasso_trace_207.txt,TERMINATING,"0,37","275,87","131,35","407,59",16,TERMINATING,51,9,60,2-Nested Template / 2-Nested Template
ATVA2026_benchmark/TERM_LASSO//lasso_traces_polyrank3.t2.c/lasso_trace_208.txt,TERMINATING,"0,43","373,9","145,91","520,24",17,TERMINATING,51,9,60,2-Nested Template / 2-Nested Template
ATVA2026_benchmark/TERM_LASSO//lasso_traces_polyrank3.t2.c/lasso_trace_209.txt,TERMINATING,"0,36","342,29","139,61","482,26",19,TERMINATING,51,9,60,2-Nested Template / 2-Nested Template
ATVA2026_benchmark/TERM_LASSO//lasso_traces_polyrank3.t2.c/lasso_trace_21.txt,TERMINATING,"0,37","324,39","50,76","375,52",12,TERMINATING,51,9,60,2-Nested Template / 2-Nested Template
ATVA2026_benchmark/TERM_LASSO//lasso_traces_polyrank3.t2.c/lasso_trace_210.txt,TERMINATING,"0,34","256,4","84,18","340,92",12,TERMINATING,51,9,60,2-Nested Template / 2-Nested Template
ATVA2026_benchmark/TERM_LASSO//lasso_traces_polyrank3.t2.c/lasso_trace_211.txt,TERMINATING,"0,34","272,37","78,61","351,32",16,TERMINATING,51,9,60,2-Nested Template / 2-Nested Template
ATVA2026_benchmark/TERM_LASSO//lasso_traces_polyrank3.t2.c/lasso_trace_212.txt,TERMINATING,"0,51","259,45","145,44","405,4",12,TERMINATING,51,9,60,2-Nested Template / 2-Nested Template
ATVA2026_benchmark/TERM_LASSO//lasso_traces_polyrank3.t2.c/lasso_trace_213.txt,TERMINATING,"0,34","353,94","147,26","501,54",11,TERMINATING,51,9,60,2-Nested Template / 2-Nested Template
ATVA2026_benchmark/TERM_LASSO//lasso_traces_polyrank3.t2.c/lasso_trace_214.txt,TERMINATING,"0,38","269,81","49,41","319,6",12,TERMINATING,51,9,60,2-Nested Template / 2-Nested Template
ATVA2026_benchmark/TERM_LASSO//lasso_traces_polyrank3.t2.c/lasso_trace_215.txt,TERMINATING,"0,38","313,82","169,72","483,92",17,TERMINATING,51,9,60,2-Nested Template / 2-Nested Template
ATVA2026_benchmark/TERM_LASSO//lasso_traces_polyrank3.t2.c/lasso_trace_216.txt,TERMINATING,"0,34","338,73","142,69","481,76",12,TERMINATING,51,9,60,2-Nested Template / 2-Nested Template
ATVA2026_benchmark/TERM_LASSO//lasso_traces_polyrank3.t2.c/lasso_trace_217.txt,TERMINATING,"0,35","292,88","130,28","423,51",18,TERMINATING,51,9,60,2-Nested Template / 2-Nested Template
ATVA2026_benchmark/TERM_LASSO//lasso_traces_polyrank3.t2.c/lasso_trace_218.txt,TERMINATING,"0,4","312,82","120,66","433,88",12,TERMINATING,51,9,60,2-Nested Template / 2-Nested Template
ATVA2026_benchmark/TERM_LASSO//lasso_traces_polyrank3.t2.c/lasso_trace_219.txt,TERMINATING,"0,35","270,61","47,92","318,88",12,TERMINATING,51,9,60,2-Nested Template / 2-Nested Template
ATVA2026_benchmark/TERM_LASSO//lasso_traces_polyrank3.t2.c/lasso_trace_22.txt,TERMINATING,"0,37","272,77","62,19","335,33",12,TERMINATING,51,9,60,2-Nested Template / 2-Nested Template
ATVA2026_benchmark/TERM_LASSO//lasso_traces_polyrank3.t2.c/lasso_trace_220.txt,TERMINATING,"0,37","262,7","82,15","345,22",17,TERMINATING,51,9,60,2-Nested Template / 2-Nested Template
ATVA2026_benchmark/TERM_LASSO//lasso_traces_polyrank3.t2.c/lasso_trace_221.txt,TERMINATING,"0,4","257,32","29,22","286,94",12,TERMINATING,51,9,60,2-Nested Template / 2-Nested Template
ATVA2026_benchmark/TERM_LASSO//lasso_traces_polyrank3.t2.c/lasso_trace_222.txt,TERMINATING,"0,36","248,55","133,71","382,62",18,TERMINATING,51,9,60,2-Nested Template / 2-Nested Template
ATVA2026_benchmark/TERM_LASSO//lasso_traces_polyrank3.t2.c/lasso_trace_223.txt,TERMINATING,"0,29","255,85","58,9","315,04",15,TERMINATING,51,9,60,2-Nested Template / 2-Nested Template
ATVA2026_benchmark/TERM_LASSO//lasso_traces_polyrank3.t2.c/lasso_trace_224.txt,TERMINATING,"0,38","324,07","127,78","452,23",12,TERMINATING,51,9,60,2-Nested Template / 2-Nested Template
ATVA2026_benchmark/TERM_LASSO//lasso_traces_polyrank3.t2.c/lasso_trace_225.txt,TERMINATING,"0,36","322,17","140,1","462,63",12,TERMINATING,51,9,60,2-Nested Template / 2-Nested Template
ATVA2026_benchmark/TERM_LASSO//lasso_traces_polyrank3.t2.c/lasso_trace_226.txt,TERMINATING,"0,38","315,19","81,16","396,73",12,TERMINATING,51,9,60,2-Nested Template / 2-Nested Template
ATVA2026_benchmark/TERM_LASSO//lasso_traces_polyrank3.t2.c/lasso_trace_227.txt,TERMINATING,"0,32","275,91","37,03","313,26",17,TERMINATING,51,9,60,2-Nested Template / 2-Nested Template
ATVA2026_benchmark/TERM_LASSO//lasso_traces_polyrank3.t2.c/lasso_trace_228.txt,TERMINATING,"0,36","295,98","60,98","357,32",12,TERMINATING,51,9,60,2-Nested Template / 2-Nested Template
ATVA2026_benchmark/TERM_LASSO//lasso_traces_polyrank3.t2.c/lasso_trace_229.txt,TERMINATING,"0,32","265,67","114,87","380,86",14,TERMINATING,51,9,60,2-Nested Template / 2-Nested Template
ATVA2026_benchmark/TERM_LASSO//lasso_traces_polyrank3.t2.c/lasso_trace_23.txt,TERMINATING,"0,42","333,05","147,12","480,59",24,TERMINATING,51,9,60,2-Nested Template / 2-Nested Template
ATVA2026_benchmark/TERM_LASSO//lasso_traces_polyrank3.t2.c/lasso_trace_230.txt,TERMINATING,"0,41","299,85","116,31","416,57",18,TERMINATING,51,9,60,2-Nested Template / 2-Nested Template
ATVA2026_benchmark/TERM_LASSO//lasso_traces_polyrank3.t2.c/lasso_trace_231.txt,TERMINATING,"0,35","299,1","75,24","374,69",17,TERMINATING,51,9,60,2-Nested Template / 2-Nested Template
ATVA2026_benchmark/TERM_LASSO//lasso_traces_polyrank3.t2.c/lasso_trace_232.txt,TERMINATING,"0,37","237,02","48,27","285,66",12,TERMINATING,51,9,60,2-Nested Template / 2-Nested Template
ATVA2026_benchmark/TERM_LASSO//lasso_traces_polyrank3.t2.c/lasso_trace_233.txt,TERMINATING,"0,34","297,18","39,51","337,03",12,TERMINATING,51,9,60,2-Nested Template / 2-Nested Template
ATVA2026_benchmark/TERM_LASSO//lasso_traces_polyrank3.t2.c/lasso_trace_234.txt,TERMINATING,"0,36","269,96","34,96","305,28",19,TERMINATING,51,9,60,2-Nested Template / 2-Nested Template
ATVA2026_benchmark/TERM_LASSO//lasso_traces_polyrank3.t2.c/lasso_trace_235.txt,TERMINATING,"0,38","304,99","130,18","435,55",12,TERMINATING,51,9,60,2-Nested Template / 2-Nested Template
ATVA2026_benchmark/TERM_LASSO//lasso_traces_polyrank3.t2.c/lasso_trace_236.txt,TERMINATING,"0,38","249,3","60,27","309,95",12,TERMINATING,51,9,60,2-Nested Template / 2-Nested Template
ATVA2026_benchmark/TERM_LASSO//lasso_traces_polyrank3.t2.c/lasso_trace_237.txt,TERMINATING,"0,33","292,42","81,07","373,82",16,TERMINATING,51,9,60,2-Nested Template / 2-Nested Template
ATVA2026_benchmark/TERM_LASSO//lasso_traces_polyrank3.t2.c/lasso_trace_238.txt,TERMINATING,"0,35","289,9","36,69","326,94",12,TERMINATING,51,9,60,2-Nested Template / 2-Nested Template
ATVA2026_benchmark/TERM_LASSO//lasso_traces_polyrank3.t2.c/lasso_trace_239.txt,TERMINATING,"0,45","303,34","129,31","433,1",12,TERMINATING,51,9,60,2-Nested Template / 2-Nested Template
ATVA2026_benchmark/TERM_LASSO//lasso_traces_polyrank3.t2.c/lasso_trace_24.txt,TERMINATING,"0,29","234,72","74,3","309,31",12,TERMINATING,51,9,60,2-Nested Template / 2-Nested Template
ATVA2026_benchmark/TERM_LASSO//lasso_traces_polyrank3.t2.c/lasso_trace_240.txt,TERMINATING,"0,36","251,57","136,66","388,59",12,TERMINATING,51,9,60,2-Nested Template / 2-Nested Template
ATVA2026_benchmark/TERM_LASSO//lasso_traces_polyrank3.t2.c/lasso_trace_241.txt,TERMINATING,"0,47","270,05","60,74","331,26",11,TERMINATING,51,9,60,2-Nested Template / 2-Nested Template
ATVA2026_benchmark/TERM_LASSO//lasso_traces_polyrank3.t2.c/lasso_trace_242.txt,TERMINATING,"0,37","322,21","108,22","430,8",12,TERMINATING,51,9,60,2-Nested Template / 2-Nested Template
ATVA2026_benchmark/TERM_LASSO//lasso_traces_polyrank3.t2.c/lasso_trace_243.txt,TERMINATING,"0,36","351,95","126,84","479,15",18,TERMINATING,51,9,60,2-Nested Template / 2-Nested Template
ATVA2026_benchmark/TERM_LASSO//lasso_traces_polyrank3.t2.c/lasso_trace_244.txt,TERMINATING,"0,38","327,86","36,53","364,77",17,TERMINATING,51,9,60,2-Nested Template / 2-Nested Template
ATVA2026_benchmark/TERM_LASSO//lasso_traces_polyrank3.t2.c/lasso_trace_245.txt,TERMINATING,"0,33","339,42","148,44","488,19",12,TERMINATING,51,9,60,2-Nested Template / 2-Nested Template
ATVA2026_benchmark/TERM_LASSO//lasso_traces_polyrank3.t2.c/lasso_trace_246.txt,TERMINATING,"0,35","318,48","146,42","465,25",12,TERMINATING,51,9,60,2-Nested Template / 2-Nested Template
ATVA2026_benchmark/TERM_LASSO//lasso_traces_polyrank3.t2.c/lasso_trace_247.txt,TERMINATING,"0,36","263,74","69,99","334,09",12,TERMINATING,51,9,60,2-Nested Template / 2-Nested Template
ATVA2026_benchmark/TERM_LASSO//lasso_traces_polyrank3.t2.c/lasso_trace_248.txt,TERMINATING,"0,32","313,74","60,04","374,1",13,TERMINATING,51,9,60,2-Nested Template / 2-Nested Template
ATVA2026_benchmark/TERM_LASSO//lasso_traces_polyrank3.t2.c/lasso_trace_249.txt,TERMINATING,"0,37","343,49","130,03","473,89",12,TERMINATING,51,9,60,2-Nested Template / 2-Nested Template
ATVA2026_benchmark/TERM_LASSO//lasso_traces_polyrank3.t2.c/lasso_trace_25.txt,TERMINATING,"0,37","303,15","73,54","377,06",12,TERMINATING,51,9,60,2-Nested Template / 2-Nested Template
ATVA2026_benchmark/TERM_LASSO//lasso_traces_polyrank3.t2.c/lasso_trace_250.txt,TERMINATING,"0,41","296,32","82,22","378,95",12,TERMINATING,51,9,60,2-Nested Template / 2-Nested Template
ATVA2026_benchmark/TERM_LASSO//lasso_traces_polyrank3.t2.c/lasso_trace_251.txt,TERMINATING,"0,35","263,77","38,36","302,48",12,TERMINATING,51,9,60,2-Nested Template / 2-Nested Template
ATVA2026_benchmark/TERM_LASSO//lasso_traces_polyrank3.t2.c/lasso_trace_252.txt,TERMINATING,"0,37","259,37","28,11","287,85",12,TERMINATING,51,9,60,2-Nested Template / 2-Nested Template
ATVA2026_benchmark/TERM_LASSO//lasso_traces_polyrank3.t2.c/lasso_trace_253.txt,TERMINATING,"0,34","256,17","81,31","337,82",12,TERMINATING,51,9,60,2-Nested Template / 2-Nested Template
ATVA2026_benchmark/TERM_LASSO//lasso_traces_polyrank3.t2.c/lasso_trace_254.txt,TERMINATING,"0,41","315,46","106,8","422,67",13,TERMINATING,51,9,60,2-Nested Template / 2-Nested Template
ATVA2026_benchmark/TERM_LASSO//lasso_traces_polyrank3.t2.c/lasso_trace_255.txt,TERMINATING,"0,46","280,3","36,72","317,48",12,TERMINATING,51,9,60,2-Nested Template / 2-Nested Template
ATVA2026_benchmark/TERM_LASSO//lasso_traces_polyrank3.t2.c/lasso_trace_256.txt,TERMINATING,"0,38","304,45","118,93","423,76",13,TERMINATING,51,9,60,2-Nested Template / 2-Nested Template
ATVA2026_benchmark/TERM_LASSO//lasso_traces_polyrank3.t2.c/lasso_trace_257.txt,TERMINATING,"0,41","245,58","91,84","337,83",19,TERMINATING,51,9,60,2-Nested Template / 2-Nested Template
ATVA2026_benchmark/TERM_LASSO//lasso_traces_polyrank3.t2.c/lasso_trace_258.txt,TERMINATING,"0,37","236,12","25,08","261,57",17,TERMINATING,51,9,60,2-Nested Template / 2-Nested Template
ATVA2026_benchmark/TERM_LASSO//lasso_traces_polyrank3.t2.c/lasso_trace_259.txt,TERMINATING,"0,34","320,56","47,3","368,2",18,TERMINATING,51,9,60,2-Nested Template / 2-Nested Template
ATVA2026_benchmark/TERM_LASSO//lasso_traces_polyrank3.t2.c/lasso_trace_26.txt,TERMINATING,"0,33","320,12","142,36","462,81",21,TERMINATING,51,9,60,2-Nested Template / 2-Nested Template
ATVA2026_benchmark/TERM_LASSO//lasso_traces_polyrank3.t2.c/lasso_trace_260.txt,TERMINATING,"0,41","261,47","51,22","313,1",12,TERMINATING,51,9,60,2-Nested Template / 2-Nested Template
ATVA2026_benchmark/TERM_LASSO//lasso_traces_polyrank3.t2.c/lasso_trace_261.txt,TERMINATING,"0,4","276,62","36,93","313,95",12,TERMINATING,51,9,60,2-Nested Template / 2-Nested Template
ATVA2026_benchmark/TERM_LASSO//lasso_traces_polyrank3.t2.c/lasso_trace_262.txt,TERMINATING,"0,37","286,76","48,81","335,94",11,TERMINATING,51,9,60,2-Nested Template / 2-Nested Template
ATVA2026_benchmark/TERM_LASSO//lasso_traces_polyrank3.t2.c/lasso_trace_263.txt,TERMINATING,"0,42","303,68","25,94","330,04",18,TERMINATING,51,9,60,2-Nested Template / 2-Nested Template
ATVA2026_benchmark/TERM_LASSO//lasso_traces_polyrank3.t2.c/lasso_trace_264.txt,TERMINATING,"0,49","280,71","97,62","378,82",12,TERMINATING,51,9,60,2-Nested Template / 2-Nested Template
ATVA2026_benchmark/TERM_LASSO//lasso_traces_polyrank3.t2.c/lasso_trace_265.txt,TERMINATING,"0,51","282,73","140,14","423,38",12,TERMINATING,51,9,60,2-Nested Template / 2-Nested Template
ATVA2026_benchmark/TERM_LASSO//lasso_traces_polyrank3.t2.c/lasso_trace_266.txt,TERMINATING,"0,32","333,67","156,15","490,14",23,TERMINATING,51,9,60,2-Nested Template / 2-Nested Template
ATVA2026_benchmark/TERM_LASSO//lasso_traces_polyrank3.t2.c/lasso_trace_267.txt,TERMINATING,"0,36","309,71","93,98","404,05",12,TERMINATING,51,9,60,2-Nested Template / 2-Nested Template
ATVA2026_benchmark/TERM_LASSO//lasso_traces_polyrank3.t2.c/lasso_trace_268.txt,TERMINATING,"0,37","267,2","80,31","347,88",15,TERMINATING,51,9,60,2-Nested Template / 2-Nested Template
ATVA2026_benchmark/TERM_LASSO//lasso_traces_polyrank3.t2.c/lasso_trace_269.txt,TERMINATING,"0,4","318,73","137,92","457,05",13,TERMINATING,51,9,60,2-Nested Template / 2-Nested Template
ATVA2026_benchmark/TERM_LASSO//lasso_traces_polyrank3.t2.c/lasso_trace_27.txt,TERMINATING,"0,35","289,99","83,46","373,8",15,TERMINATING,51,9,60,2-Nested Template / 2-Nested Template
ATVA2026_benchmark/TERM_LASSO//lasso_traces_polyrank3.t2.c/lasso_trace_270.txt,TERMINATING,"0,31","288,16","38,77","327,24",11,TERMINATING,51,9,60,2-Nested Template / 2-Nested Template
ATVA2026_benchmark/TERM_LASSO//lasso_traces_polyrank3.t2.c/lasso_trace_271.txt,TERMINATING,"0,37","253,87","127,81","382,05",17,TERMINATING,51,9,60,2-Nested Template / 2-Nested Template
ATVA2026_benchmark/TERM_LASSO//lasso_traces_polyrank3.t2.c/lasso_trace_272.txt,TERMINATING,"0,43","286,29","70,7","357,42",12,TERMINATING,51,9,60,2-Nested Template / 2-Nested Template
ATVA2026_benchmark/TERM_LASSO//lasso_traces_polyrank3.t2.c/lasso_trace_273.txt,TERMINATING,"0,35","278,06","36,06","314,47",16,TERMINATING,51,9,60,2-Nested Template / 2-Nested Template
ATVA2026_benchmark/TERM_LASSO//lasso_traces_polyrank3.t2.c/lasso_trace_274.txt,TERMINATING,"0,34","258,93","49,15","308,42",22,TERMINATING,51,9,60,2-Nested Template / 2-Nested Template
ATVA2026_benchmark/TERM_LASSO//lasso_traces_polyrank3.t2.c/lasso_trace_275.txt,TERMINATING,"0,35","261,08","48,63","310,06",12,TERMINATING,51,9,60,2-Nested Template / 2-Nested Template
ATVA2026_benchmark/TERM_LASSO//lasso_traces_polyrank3.t2.c/lasso_trace_276.txt,TERMINATING,"0,35","258,59","36,44","295,38",18,TERMINATING,51,9,60,2-Nested Template / 2-Nested Template
ATVA2026_benchmark/TERM_LASSO//lasso_traces_polyrank3.t2.c/lasso_trace_277.txt,TERMINATING,"0,36","261,99","147,05","409,4",12,TERMINATING,51,9,60,2-Nested Template / 2-Nested Template
ATVA2026_benchmark/TERM_LASSO//lasso_traces_polyrank3.t2.c/lasso_trace_278.txt,TERMINATING,"0,39","262,02","127,27","389,68",17,TERMINATING,51,9,60,2-Nested Template / 2-Nested Template
ATVA2026_benchmark/TERM_LASSO//lasso_traces_polyrank3.t2.c/lasso_trace_279.txt,TERMINATING,"0,3","231,14","61,04","292,48",13,TERMINATING,51,9,60,2-Nested Template / 2-Nested Template
ATVA2026_benchmark/TERM_LASSO//lasso_traces_polyrank3.t2.c/lasso_trace_28.txt,TERMINATING,"0,34","322,01","143,36","465,71",13,TERMINATING,51,9,60,2-Nested Template / 2-Nested Template
ATVA2026_benchmark/TERM_LASSO//lasso_traces_polyrank3.t2.c/lasso_trace_280.txt,TERMINATING,"0,35","254,82","46,95","302,12",17,TERMINATING,51,9,60,2-Nested Template / 2-Nested Template
ATVA2026_benchmark/TERM_LASSO//lasso_traces_polyrank3.t2.c/lasso_trace_281.txt,TERMINATING,"0,34","287,58","59,95","347,87",12,TERMINATING,51,9,60,2-Nested Template / 2-Nested Template
ATVA2026_benchmark/TERM_LASSO//lasso_traces_polyrank3.t2.c/lasso_trace_282.txt,TERMINATING,"0,34","283,56","125,68","409,58",12,TERMINATING,51,9,60,2-Nested Template / 2-Nested Template
ATVA2026_benchmark/TERM_LASSO//lasso_traces_polyrank3.t2.c/lasso_trace_283.txt,TERMINATING,"0,27","267,24","27,15","294,66",13,TERMINATING,51,9,60,2-Nested Template / 2-Nested Template
ATVA2026_benchmark/TERM_LASSO//lasso_traces_polyrank3.t2.c/lasso_trace_284.txt,TERMINATING,"0,35","252,83","126,69","379,87",19,TERMINATING,51,9,60,2-Nested Template / 2-Nested Template
ATVA2026_benchmark/TERM_LASSO//lasso_traces_polyrank3.t2.c/lasso_trace_285.txt,TERMINATING,"0,39","323,13","47,14","370,66",12,TERMINATING,51,9,60,2-Nested Template / 2-Nested Template
ATVA2026_benchmark/TERM_LASSO//lasso_traces_polyrank3.t2.c/lasso_trace_286.txt,TERMINATING,"0,39","283,39","125,8","409,58",13,TERMINATING,51,9,60,2-Nested Template / 2-Nested Template
ATVA2026_benchmark/TERM_LASSO//lasso_traces_polyrank3.t2.c/lasso_trace_287.txt,TERMINATING,"0,42","317,96","98,58","416,96",14,TERMINATING,51,9,60,2-Nested Template / 2-Nested Template
ATVA2026_benchmark/TERM_LASSO//lasso_traces_polyrank3.t2.c/lasso_trace_288.txt,TERMINATING,"0,32","261,58","84,22","346,12",12,TERMINATING,51,9,60,2-Nested Template / 2-Nested Template
ATVA2026_benchmark/TERM_LASSO//lasso_traces_polyrank3.t2.c/lasso_trace_289.txt,TERMINATING,"0,34","301,93","46,52","348,79",12,TERMINATING,51,9,60,2-Nested Template / 2-Nested Template
ATVA2026_benchmark/TERM_LASSO//lasso_traces_polyrank3.t2.c/lasso_trace_29.txt,TERMINATING,"0,36","279,72","73,85","353,93",17,TERMINATING,51,9,60,2-Nested Template / 2-Nested Template
ATVA2026_benchmark/TERM_LASSO//lasso_traces_polyrank3.t2.c/lasso_trace_290.txt,TERMINATING,"0,37","251,12","69,85","321,34",12,TERMINATING,51,9,60,2-Nested Template / 2-Nested Template
ATVA2026_benchmark/TERM_LASSO//lasso_traces_polyrank3.t2.c/lasso_trace_291.txt,TERMINATING,"0,37","335,22","146,98","482,57",12,TERMINATING,51,9,60,2-Nested Template / 2-Nested Template
ATVA2026_benchmark/TERM_LASSO//lasso_traces_polyrank3.t2.c/lasso_trace_3.txt,TERMINATING,"0,38","264,97","63,92","329,27",12,TERMINATING,41,9,50,2-Nested Template / 2-Nested Template
ATVA2026_benchmark/TERM_LASSO//lasso_traces_polyrank3.t2.c/lasso_trace_30.txt,TERMINATING,"0,45","282,82","86,86","370,13",19,TERMINATING,51,9,60,2-Nested Template / 2-Nested Template
ATVA2026_benchmark/TERM_LASSO//lasso_traces_polyrank3.t2.c/lasso_trace_31.txt,TERMINATING,"0,34","261,77","62,96","325,07",18,TERMINATING,51,9,60,2-Nested Template / 2-Nested Template
ATVA2026_benchmark/TERM_LASSO//lasso_traces_polyrank3.t2.c/lasso_trace_32.txt,TERMINATING,"0,36","310,21","108,16","418,73",12,TERMINATING,51,9,60,2-Nested Template / 2-Nested Template
ATVA2026_benchmark/TERM_LASSO//lasso_traces_polyrank3.t2.c/lasso_trace_33.txt,TERMINATING,"0,29","243,48","26,28","270,05",11,TERMINATING,51,9,60,2-Nested Template / 2-Nested Template
ATVA2026_benchmark/TERM_LASSO//lasso_traces_polyrank3.t2.c/lasso_trace_34.txt,TERMINATING,"0,28","250,71","127,37","378,36",12,TERMINATING,51,9,60,2-Nested Template / 2-Nested Template
ATVA2026_benchmark/TERM_LASSO//lasso_traces_polyrank3.t2.c/lasso_trace_35.txt,TERMINATING,"0,3","325,96","88,22","414,48",14,TERMINATING,51,9,60,2-Nested Template / 2-Nested Template
ATVA2026_benchmark/TERM_LASSO//lasso_traces_polyrank3.t2.c/lasso_trace_36.txt,TERMINATING,"0,33","278,83","72,29","351,45",17,TERMINATING,51,9,60,2-Nested Template / 2-Nested Template
ATVA2026_benchmark/TERM_LASSO//lasso_traces_polyrank3.t2.c/lasso_trace_37.txt,TERMINATING,"0,37","314,34","75,91","390,62",18,TERMINATING,51,9,60,2-Nested Template / 2-Nested Template
ATVA2026_benchmark/TERM_LASSO//lasso_traces_polyrank3.t2.c/lasso_trace_38.txt,TERMINATING,"0,39","253,16","86,05","339,6",12,TERMINATING,51,9,60,2-Nested Template / 2-Nested Template
ATVA2026_benchmark/TERM_LASSO//lasso_traces_polyrank3.t2.c/lasso_trace_39.txt,TERMINATING,"0,46","323,37","102,23","426,06",12,TERMINATING,51,9,60,2-Nested Template / 2-Nested Template
ATVA2026_benchmark/TERM_LASSO//lasso_traces_polyrank3.t2.c/lasso_trace_4.txt,TERMINATING,"0,5","305,33","145,65","451,48",12,TERMINATING,50,9,59,2-Nested Template / 2-Nested Template
ATVA2026_benchmark/TERM_LASSO//lasso_traces_polyrank3.t2.c/lasso_trace_40.txt,TERMINATING,"0,39","255,88","36,2","292,47",16,TERMINATING,51,9,60,2-Nested Template / 2-Nested Template
ATVA2026_benchmark/TERM_LASSO//lasso_traces_polyrank3.t2.c/lasso_trace_41.txt,TERMINATING,"0,37","253,1","26,39","279,86",17,TERMINATING,51,9,60,2-Nested Template / 2-Nested Template
ATVA2026_benchmark/TERM_LASSO//lasso_traces_polyrank3.t2.c/lasso_trace_42.txt,TERMINATING,"0,35","241,24","26,71","268,3",13,TERMINATING,51,9,60,2-Nested Template / 2-Nested Template
ATVA2026_benchmark/TERM_LASSO//lasso_traces_polyrank3.t2.c/lasso_trace_43.txt,TERMINATING,"0,34","254,08","48,84","303,26",13,TERMINATING,51,9,60,2-Nested Template / 2-Nested Template
ATVA2026_benchmark/TERM_LASSO//lasso_traces_polyrank3.t2.c/lasso_trace_44.txt,TERMINATING,"0,46","315,25","148,23","463,94",18,TERMINATING,51,9,60,2-Nested Template / 2-Nested Template
ATVA2026_benchmark/TERM_LASSO//lasso_traces_polyrank3.t2.c/lasso_trace_45.txt,TERMINATING,"0,33","259,39","73,28",333,13,TERMINATING,51,9,60,2-Nested Template / 2-Nested Template
ATVA2026_benchmark/TERM_LASSO//lasso_traces_polyrank3.t2.c/lasso_trace_46.txt,TERMINATING,"0,36","245,63","149,46","395,45",12,TERMINATING,51,9,60,2-Nested Template / 2-Nested Template
ATVA2026_benchmark/TERM_LASSO//lasso_traces_polyrank3.t2.c/lasso_trace_47.txt,TERMINATING,"0,3","336,69","128,05","465,04",17,TERMINATING,51,9,60,2-Nested Template / 2-Nested Template
ATVA2026_benchmark/TERM_LASSO//lasso_traces_polyrank3.t2.c/lasso_trace_48.txt,TERMINATING,"0,35","357,14","26,08","383,57",12,TERMINATING,51,9,60,2-Nested Template / 2-Nested Template
ATVA2026_benchmark/TERM_LASSO//lasso_traces_polyrank3.t2.c/lasso_trace_49.txt,TERMINATING,"0,36","261,99","62,77","325,12",20,TERMINATING,51,9,60,2-Nested Template / 2-Nested Template
ATVA2026_benchmark/TERM_LASSO//lasso_traces_polyrank3.t2.c/lasso_trace_5.txt,TERMINATING,"0,32","260,43","27,93","288,68",14,TERMINATING,41,22,63,2-Nested Template / 2-Nested Template
ATVA2026_benchmark/TERM_LASSO//lasso_traces_polyrank3.t2.c/lasso_trace_50.txt,TERMINATING,"0,34","353,66","66,78","420,78",12,TERMINATING,51,9,60,2-Nested Template / 2-Nested Template
ATVA2026_benchmark/TERM_LASSO//lasso_traces_polyrank3.t2.c/lasso_trace_51.txt,TERMINATING,"0,33","288,1","36,73","325,16",14,TERMINATING,51,9,60,2-Nested Template / 2-Nested Template
ATVA2026_benchmark/TERM_LASSO//lasso_traces_polyrank3.t2.c/lasso_trace_52.txt,TERMINATING,"0,34","283,85","103,01","387,2",12,TERMINATING,51,9,60,2-Nested Template / 2-Nested Template
ATVA2026_benchmark/TERM_LASSO//lasso_traces_polyrank3.t2.c/lasso_trace_53.txt,TERMINATING,"0,59","245,3","25,92","271,81",12,TERMINATING,51,9,60,2-Nested Template / 2-Nested Template
ATVA2026_benchmark/TERM_LASSO//lasso_traces_polyrank3.t2.c/lasso_trace_54.txt,TERMINATING,"0,41","250,11","27,26","277,78",12,TERMINATING,51,9,60,2-Nested Template / 2-Nested Template
ATVA2026_benchmark/TERM_LASSO//lasso_traces_polyrank3.t2.c/lasso_trace_55.txt,TERMINATING,"0,36","271,06","64,15","335,57",17,TERMINATING,51,9,60,2-Nested Template / 2-Nested Template
ATVA2026_benchmark/TERM_LASSO//lasso_traces_polyrank3.t2.c/lasso_trace_56.txt,TERMINATING,"0,37","253,02","39,38","292,77",18,TERMINATING,51,9,60,2-Nested Template / 2-Nested Template
ATVA2026_benchmark/TERM_LASSO//lasso_traces_polyrank3.t2.c/lasso_trace_57.txt,TERMINATING,"0,36","298,26","37,57","336,19",17,TERMINATING,51,9,60,2-Nested Template / 2-Nested Template
ATVA2026_benchmark/TERM_LASSO//lasso_traces_polyrank3.t2.c/lasso_trace_58.txt,TERMINATING,"0,34","329,33","27,12","356,79",18,TERMINATING,51,9,60,2-Nested Template / 2-Nested Template
ATVA2026_benchmark/TERM_LASSO//lasso_traces_polyrank3.t2.c/lasso_trace_59.txt,TERMINATING,"0,35","267,74","49,59","317,68",17,TERMINATING,51,9,60,2-Nested Template / 2-Nested Template
ATVA2026_benchmark/TERM_LASSO//lasso_traces_polyrank3.t2.c/lasso_trace_6.txt,TERMINATING,"0,33","308,69","138,82","447,84",11,TERMINATING,51,9,60,2-Nested Template / 2-Nested Template
ATVA2026_benchmark/TERM_LASSO//lasso_traces_polyrank3.t2.c/lasso_trace_60.txt,TERMINATING,"0,4","329,79","147,29","477,48",11,TERMINATING,51,9,60,2-Nested Template / 2-Nested Template
ATVA2026_benchmark/TERM_LASSO//lasso_traces_polyrank3.t2.c/lasso_trace_61.txt,TERMINATING,"0,36","274,94","38,37","313,67",12,TERMINATING,51,9,60,2-Nested Template / 2-Nested Template
ATVA2026_benchmark/TERM_LASSO//lasso_traces_polyrank3.t2.c/lasso_trace_62.txt,TERMINATING,"0,38","318,04","72,28","390,7",17,TERMINATING,51,9,60,2-Nested Template / 2-Nested Template
ATVA2026_benchmark/TERM_LASSO//lasso_traces_polyrank3.t2.c/lasso_trace_63.txt,TERMINATING,"0,42","270,28","82,24","352,94",18,TERMINATING,51,9,60,2-Nested Template / 2-Nested Template
ATVA2026_benchmark/TERM_LASSO//lasso_traces_polyrank3.t2.c/lasso_trace_64.txt,TERMINATING,"0,36","254,65","94,28","349,29",12,TERMINATING,51,9,60,2-Nested Template / 2-Nested Template
ATVA2026_benchmark/TERM_LASSO//lasso_traces_polyrank3.t2.c/lasso_trace_65.txt,TERMINATING,"0,33","293,04","58,9","352,27",12,TERMINATING,51,9,60,2-Nested Template / 2-Nested Template
ATVA2026_benchmark/TERM_LASSO//lasso_traces_polyrank3.t2.c/lasso_trace_66.txt,TERMINATING,"0,35","278,69","62,39","341,43",12,TERMINATING,51,9,60,2-Nested Template / 2-Nested Template
ATVA2026_benchmark/TERM_LASSO//lasso_traces_polyrank3.t2.c/lasso_trace_67.txt,TERMINATING,"0,4","275,52","68,48","344,4",12,TERMINATING,51,9,60,2-Nested Template / 2-Nested Template
ATVA2026_benchmark/TERM_LASSO//lasso_traces_polyrank3.t2.c/lasso_trace_68.txt,TERMINATING,"0,3","285,64","105,07","391,01",12,TERMINATING,51,9,60,2-Nested Template / 2-Nested Template
ATVA2026_benchmark/TERM_LASSO//lasso_traces_polyrank3.t2.c/lasso_trace_69.txt,TERMINATING,"0,36","295,6","107,57","403,53",16,TERMINATING,51,9,60,2-Nested Template / 2-Nested Template
ATVA2026_benchmark/TERM_LASSO//lasso_traces_polyrank3.t2.c/lasso_trace_7.txt,TERMINATING,"0,39","286,31","138,2","424,9",13,TERMINATING,51,9,60,2-Nested Template / 2-Nested Template
ATVA2026_benchmark/TERM_LASSO//lasso_traces_polyrank3.t2.c/lasso_trace_70.txt,TERMINATING,"0,35","308,68","85,19","394,22",12,TERMINATING,51,9,60,2-Nested Template / 2-Nested Template
ATVA2026_benchmark/TERM_LASSO//lasso_traces_polyrank3.t2.c/lasso_trace_71.txt,TERMINATING,"0,39","329,68","83,1","413,17",16,TERMINATING,51,9,60,2-Nested Template / 2-Nested Template
ATVA2026_benchmark/TERM_LASSO//lasso_traces_polyrank3.t2.c/lasso_trace_72.txt,TERMINATING,"0,35","269,31","87,26","356,92",16,TERMINATING,51,9,60,2-Nested Template / 2-Nested Template
ATVA2026_benchmark/TERM_LASSO//lasso_traces_polyrank3.t2.c/lasso_trace_73.txt,TERMINATING,"0,29","235,26","59,27","294,82",18,TERMINATING,51,9,60,2-Nested Template / 2-Nested Template
ATVA2026_benchmark/TERM_LASSO//lasso_traces_polyrank3.t2.c/lasso_trace_74.txt,TERMINATING,"0,34","270,75","74,13","345,22",18,TERMINATING,51,9,60,2-Nested Template / 2-Nested Template
ATVA2026_benchmark/TERM_LASSO//lasso_traces_polyrank3.t2.c/lasso_trace_75.txt,TERMINATING,"0,33","281,54","143,57","425,44",12,TERMINATING,51,9,60,2-Nested Template / 2-Nested Template
ATVA2026_benchmark/TERM_LASSO//lasso_traces_polyrank3.t2.c/lasso_trace_76.txt,TERMINATING,"0,35","313,98","50,84","365,17",12,TERMINATING,51,9,60,2-Nested Template / 2-Nested Template
ATVA2026_benchmark/TERM_LASSO//lasso_traces_polyrank3.t2.c/lasso_trace_77.txt,TERMINATING,"0,37","352,44","93,8","446,61",12,TERMINATING,51,9,60,2-Nested Template / 2-Nested Template
ATVA2026_benchmark/TERM_LASSO//lasso_traces_polyrank3.t2.c/lasso_trace_78.txt,TERMINATING,"0,3","257,79","31,44","289,53",18,TERMINATING,51,9,60,2-Nested Template / 2-Nested Template
ATVA2026_benchmark/TERM_LASSO//lasso_traces_polyrank3.t2.c/lasso_trace_79.txt,TERMINATING,"0,34","275,65","51,51","327,5",12,TERMINATING,51,9,60,2-Nested Template / 2-Nested Template
ATVA2026_benchmark/TERM_LASSO//lasso_traces_polyrank3.t2.c/lasso_trace_8.txt,TERMINATING,"0,36","352,36","132,54","485,26",17,TERMINATING,51,9,60,2-Nested Template / 2-Nested Template
ATVA2026_benchmark/TERM_LASSO//lasso_traces_polyrank3.t2.c/lasso_trace_80.txt,TERMINATING,"0,36","275,59","53,15","329,1",18,TERMINATING,51,9,60,2-Nested Template / 2-Nested Template
ATVA2026_benchmark/TERM_LASSO//lasso_traces_polyrank3.t2.c/lasso_trace_81.txt,TERMINATING,"0,37","292,35","89,52","382,24",13,TERMINATING,51,9,60,2-Nested Template / 2-Nested Template
ATVA2026_benchmark/TERM_LASSO//lasso_traces_polyrank3.t2.c/lasso_trace_82.txt,TERMINATING,"0,37","263,37","84,47","348,21",12,TERMINATING,51,9,60,2-Nested Template / 2-Nested Template
ATVA2026_benchmark/TERM_LASSO//lasso_traces_polyrank3.t2.c/lasso_trace_83.txt,TERMINATING,"0,33","331,19","104,4","435,92",18,TERMINATING,51,9,60,2-Nested Template / 2-Nested Template
ATVA2026_benchmark/TERM_LASSO//lasso_traces_polyrank3.t2.c/lasso_trace_84.txt,TERMINATING,"0,39","270,13","72,19","342,71",12,TERMINATING,51,9,60,2-Nested Template / 2-Nested Template
ATVA2026_benchmark/TERM_LASSO//lasso_traces_polyrank3.t2.c/lasso_trace_85.txt,TERMINATING,"0,4","260,48","65,17","326,05",12,TERMINATING,51,9,60,2-Nested Template / 2-Nested Template
ATVA2026_benchmark/TERM_LASSO//lasso_traces_polyrank3.t2.c/lasso_trace_86.txt,TERMINATING,"0,32","257,78","60,05","318,15",17,TERMINATING,51,9,60,2-Nested Template / 2-Nested Template
ATVA2026_benchmark/TERM_LASSO//lasso_traces_polyrank3.t2.c/lasso_trace_87.txt,TERMINATING,"0,45","263,78","26,96","291,19",12,TERMINATING,51,9,60,2-Nested Template / 2-Nested Template
ATVA2026_benchmark/TERM_LASSO//lasso_traces_polyrank3.t2.c/lasso_trace_88.txt,TERMINATING,"0,38","290,99","49,18","340,55",18,TERMINATING,51,9,60,2-Nested Template / 2-Nested Template
ATVA2026_benchmark/TERM_LASSO//lasso_traces_polyrank3.t2.c/lasso_trace_89.txt,TERMINATING,"0,36","236,19","26,43","262,98",13,TERMINATING,51,9,60,2-Nested Template / 2-Nested Template
ATVA2026_benchmark/TERM_LASSO//lasso_traces_polyrank3.t2.c/lasso_trace_9.txt,TERMINATING,"0,3","274,85","71,57","346,72",12,TERMINATING,51,9,60,2-Nested Template / 2-Nested Template
ATVA2026_benchmark/TERM_LASSO//lasso_traces_polyrank3.t2.c/lasso_trace_90.txt,TERMINATING,"0,34","312,98","108,85","422,17",17,TERMINATING,51,9,60,2-Nested Template / 2-Nested Template
ATVA2026_benchmark/TERM_LASSO//lasso_traces_polyrank3.t2.c/lasso_trace_91.txt,TERMINATING,"0,29","304,28","129,54","434,11",11,TERMINATING,51,9,60,2-Nested Template / 2-Nested Template
ATVA2026_benchmark/TERM_LASSO//lasso_traces_polyrank3.t2.c/lasso_trace_92.txt,TERMINATING,"0,35","232,18","63,06","295,59",20,TERMINATING,51,9,60,2-Nested Template / 2-Nested Template
ATVA2026_benchmark/TERM_LASSO//lasso_traces_polyrank3.t2.c/lasso_trace_93.txt,TERMINATING,"0,34","311,69","111,63","423,66",12,TERMINATING,51,9,60,2-Nested Template / 2-Nested Template
ATVA2026_benchmark/TERM_LASSO//lasso_traces_polyrank3.t2.c/lasso_trace_94.txt,TERMINATING,"0,41","253,75","26,12","280,28",16,TERMINATING,51,9,60,2-Nested Template / 2-Nested Template
ATVA2026_benchmark/TERM_LASSO//lasso_traces_polyrank3.t2.c/lasso_trace_95.txt,TERMINATING,"0,36","266,78","110,42","377,56",12,TERMINATING,51,9,60,2-Nested Template / 2-Nested Template
ATVA2026_benchmark/TERM_LASSO//lasso_traces_polyrank3.t2.c/lasso_trace_96.txt,TERMINATING,"0,36","323,21","26,64","350,21",17,TERMINATING,51,9,60,2-Nested Template / 2-Nested Template
ATVA2026_benchmark/TERM_LASSO//lasso_traces_polyrank3.t2.c/lasso_trace_97.txt,TERMINATING,"0,34","245,22","26,28","271,84",17,TERMINATING,51,9,60,2-Nested Template / 2-Nested Template
ATVA2026_benchmark/TERM_LASSO//lasso_traces_polyrank3.t2.c/lasso_trace_98.txt,TERMINATING,"0,37","306,5","26,13",333,19,TERMINATING,51,9,60,2-Nested Template / 2-Nested Template
ATVA2026_benchmark/TERM_LASSO//lasso_traces_polyrank3.t2.c/lasso_trace_99.txt,TERMINATING,"0,38","292,09","105,75","398,22",11,TERMINATING,51,9,60,2-Nested Template / 2-Nested Template
ATVA2026_benchmark/TERM_LASSO//lasso_traces_polyrank4.t2.c/lasso_trace_1.txt,TERMINATING,"2,41","311,7","83,94","398,05",16,TERMINATING,24,9,33,2-Nested Template / 2-Nested Template
ATVA2026_benchmark/TERM_LASSO//lasso_traces_polyrank4.t2.c/lasso_trace_10.txt,TERMINATING,"0,4","703,24","67,26","770,9",38,TERMINATING,64,22,86,3-Nested Template / 3-Nested Template
ATVA2026_benchmark/TERM_LASSO//lasso_traces_polyrank4.t2.c/lasso_trace_100.txt,TERMINATING,"0,39","343,73","119,75","463,87",21,TERMINATING,86,9,95,2-Nested Template / 2-Nested Template
ATVA2026_benchmark/TERM_LASSO//lasso_traces_polyrank4.t2.c/lasso_trace_101.txt,TERMINATING,"0,41","291,46","31,22","323,09",23,TERMINATING,86,9,95,2-Nested Template / 2-Nested Template
ATVA2026_benchmark/TERM_LASSO//lasso_traces_polyrank4.t2.c/lasso_trace_102.txt,TERMINATING,"0,43","329,64","40,04","370,11",21,TERMINATING,73,9,82,2-Nested Template / 2-Nested Template
ATVA2026_benchmark/TERM_LASSO//lasso_traces_polyrank4.t2.c/lasso_trace_103.txt,TERMINATING,"0,46","360,19","128,2","488,85",25,TERMINATING,86,9,95,2-Nested Template / 2-Nested Template
ATVA2026_benchmark/TERM_LASSO//lasso_traces_polyrank4.t2.c/lasso_trace_104.txt,TERMINATING,"0,43","370,25","121,5","492,18",27,TERMINATING,86,9,95,2-Nested Template / 2-Nested Template
ATVA2026_benchmark/TERM_LASSO//lasso_traces_polyrank4.t2.c/lasso_trace_105.txt,TERMINATING,"0,4","285,76","39,81","325,97",13,TERMINATING,86,9,95,2-Nested Template / 2-Nested Template
ATVA2026_benchmark/TERM_LASSO//lasso_traces_polyrank4.t2.c/lasso_trace_106.txt,TERMINATING,"0,69","300,24","99,37","400,3",20,TERMINATING,86,9,95,2-Nested Template / 2-Nested Template
ATVA2026_benchmark/TERM_LASSO//lasso_traces_polyrank4.t2.c/lasso_trace_107.txt,TERMINATING,"0,49","329,88","51,57","381,94",21,TERMINATING,73,9,82,2-Nested Template / 2-Nested Template
ATVA2026_benchmark/TERM_LASSO//lasso_traces_polyrank4.t2.c/lasso_trace_108.txt,TERMINATING,"0,4","342,15","146,79","489,34",20,TERMINATING,73,9,82,2-Nested Template / 2-Nested Template
ATVA2026_benchmark/TERM_LASSO//lasso_traces_polyrank4.t2.c/lasso_trace_109.txt,TERMINATING,"0,47","297,27","83,44","381,18",20,TERMINATING,86,9,95,2-Nested Template / 2-Nested Template
ATVA2026_benchmark/TERM_LASSO//lasso_traces_polyrank4.t2.c/lasso_trace_11.txt,TERMINATING,"0,39","754,24","143,06","897,69",29,TERMINATING,64,22,86,3-Nested Template / 3-Nested Template
ATVA2026_benchmark/TERM_LASSO//lasso_traces_polyrank4.t2.c/lasso_trace_110.txt,TERMINATING,"0,49","302,49","83,19","386,17",19,TERMINATING,73,9,82,2-Nested Template / 2-Nested Template
ATVA2026_benchmark/TERM_LASSO//lasso_traces_polyrank4.t2.c/lasso_trace_111.txt,TERMINATING,"0,45","313,53","77,75","391,73",23,TERMINATING,73,9,82,2-Nested Template / 2-Nested Template
ATVA2026_benchmark/TERM_LASSO//lasso_traces_polyrank4.t2.c/lasso_trace_112.txt,TERMINATING,"0,41","253,02","73,82","327,25",22,TERMINATING,73,9,82,2-Nested Template / 2-Nested Template
ATVA2026_benchmark/TERM_LASSO//lasso_traces_polyrank4.t2.c/lasso_trace_113.txt,TERMINATING,"0,43","314,51","137,42","452,36",21,TERMINATING,73,9,82,2-Nested Template / 2-Nested Template
ATVA2026_benchmark/TERM_LASSO//lasso_traces_polyrank4.t2.c/lasso_trace_114.txt,TERMINATING,"0,42","371,77","59,31","431,5",24,TERMINATING,86,9,95,2-Nested Template / 2-Nested Template
ATVA2026_benchmark/TERM_LASSO//lasso_traces_polyrank4.t2.c/lasso_trace_115.txt,TERMINATING,"0,44","297,79","124,08","422,31",27,TERMINATING,86,9,95,2-Nested Template / 2-Nested Template
ATVA2026_benchmark/TERM_LASSO//lasso_traces_polyrank4.t2.c/lasso_trace_116.txt,TERMINATING,"0,43","320,48","90,41","411,32",19,TERMINATING,73,9,82,2-Nested Template / 2-Nested Template
ATVA2026_benchmark/TERM_LASSO//lasso_traces_polyrank4.t2.c/lasso_trace_117.txt,TERMINATING,"0,6","355,33","138,55","494,48",22,TERMINATING,73,9,82,2-Nested Template / 2-Nested Template
ATVA2026_benchmark/TERM_LASSO//lasso_traces_polyrank4.t2.c/lasso_trace_118.txt,TERMINATING,"0,4","271,12","37,58","309,1",20,TERMINATING,73,9,82,2-Nested Template / 2-Nested Template
ATVA2026_benchmark/TERM_LASSO//lasso_traces_polyrank4.t2.c/lasso_trace_119.txt,TERMINATING,"0,42","302,09","39,56","342,07",29,TERMINATING,73,9,82,2-Nested Template / 2-Nested Template
ATVA2026_benchmark/TERM_LASSO//lasso_traces_polyrank4.t2.c/lasso_trace_12.txt,TERMINATING,"0,55","673,53","32,27","706,35",19,TERMINATING,64,22,86,3-Nested Template / 3-Nested Template
ATVA2026_benchmark/TERM_LASSO//lasso_traces_polyrank4.t2.c/lasso_trace_120.txt,TERMINATING,"0,42","340,22","141,04","481,68",24,TERMINATING,86,9,95,2-Nested Template / 2-Nested Template
ATVA2026_benchmark/TERM_LASSO//lasso_traces_polyrank4.t2.c/lasso_trace_121.txt,TERMINATING,"0,4","282,89","60,29","343,58",26,TERMINATING,73,9,82,2-Nested Template / 2-Nested Template
ATVA2026_benchmark/TERM_LASSO//lasso_traces_polyrank4.t2.c/lasso_trace_122.txt,TERMINATING,"0,41","342,76",26,"369,17",23,TERMINATING,73,9,82,2-Nested Template / 2-Nested Template
ATVA2026_benchmark/TERM_LASSO//lasso_traces_polyrank4.t2.c/lasso_trace_123.txt,TERMINATING,"0,37",269,"141,26","410,63",24,TERMINATING,86,9,95,2-Nested Template / 2-Nested Template
ATVA2026_benchmark/TERM_LASSO//lasso_traces_polyrank4.t2.c/lasso_trace_124.txt,TERMINATING,"0,4","292,24","73,78","366,42",22,TERMINATING,86,9,95,2-Nested Template / 2-Nested Template
ATVA2026_benchmark/TERM_LASSO//lasso_traces_polyrank4.t2.c/lasso_trace_125.txt,TERMINATING,"0,4","287,78","26,55","314,73",22,TERMINATING,73,9,82,2-Nested Template / 2-Nested Template
ATVA2026_benchmark/TERM_LASSO//lasso_traces_polyrank4.t2.c/lasso_trace_126.txt,TERMINATING,"0,41","339,54","52,11","392,06",21,TERMINATING,73,9,82,2-Nested Template / 2-Nested Template
ATVA2026_benchmark/TERM_LASSO//lasso_traces_polyrank4.t2.c/lasso_trace_127.txt,TERMINATING,"0,4","319,77","136,52","456,69",23,TERMINATING,86,9,95,2-Nested Template / 2-Nested Template
ATVA2026_benchmark/TERM_LASSO//lasso_traces_polyrank4.t2.c/lasso_trace_128.txt,TERMINATING,"0,46","267,87","74,1","342,43",24,TERMINATING,73,9,82,2-Nested Template / 2-Nested Template
ATVA2026_benchmark/TERM_LASSO//lasso_traces_polyrank4.t2.c/lasso_trace_129.txt,TERMINATING,"0,42","341,45","54,35","396,22",26,TERMINATING,73,9,82,2-Nested Template / 2-Nested Template
ATVA2026_benchmark/TERM_LASSO//lasso_traces_polyrank4.t2.c/lasso_trace_13.txt,TERMINATING,"0,43","720,07","97,48","817,98",36,TERMINATING,64,22,86,3-Nested Template / 3-Nested Template
ATVA2026_benchmark/TERM_LASSO//lasso_traces_polyrank4.t2.c/lasso_trace_130.txt,TERMINATING,"0,42","263,65","62,37","326,44",26,TERMINATING,86,9,95,2-Nested Template / 2-Nested Template
ATVA2026_benchmark/TERM_LASSO//lasso_traces_polyrank4.t2.c/lasso_trace_131.txt,TERMINATING,"0,52","255,26","154,09","409,87",23,TERMINATING,86,9,95,2-Nested Template / 2-Nested Template
ATVA2026_benchmark/TERM_LASSO//lasso_traces_polyrank4.t2.c/lasso_trace_132.txt,TERMINATING,"0,4","286,98","42,49","329,87",26,TERMINATING,86,9,95,2-Nested Template / 2-Nested Template
ATVA2026_benchmark/TERM_LASSO//lasso_traces_polyrank4.t2.c/lasso_trace_133.txt,TERMINATING,"0,36","242,54","26,81","269,71",25,TERMINATING,73,9,82,2-Nested Template / 2-Nested Template
ATVA2026_benchmark/TERM_LASSO//lasso_traces_polyrank4.t2.c/lasso_trace_134.txt,TERMINATING,"0,53","320,03","79,18","399,74",24,TERMINATING,73,9,82,2-Nested Template / 2-Nested Template
ATVA2026_benchmark/TERM_LASSO//lasso_traces_polyrank4.t2.c/lasso_trace_135.txt,TERMINATING,"0,39","242,73","39,9","283,02",21,TERMINATING,86,9,95,2-Nested Template / 2-Nested Template
ATVA2026_benchmark/TERM_LASSO//lasso_traces_polyrank4.t2.c/lasso_trace_136.txt,TERMINATING,"0,41","364,3","157,64","522,35",23,TERMINATING,73,9,82,2-Nested Template / 2-Nested Template
ATVA2026_benchmark/TERM_LASSO//lasso_traces_polyrank4.t2.c/lasso_trace_137.txt,TERMINATING,"0,52","320,78","133,5","454,8",21,TERMINATING,73,9,82,2-Nested Template / 2-Nested Template
ATVA2026_benchmark/TERM_LASSO//lasso_traces_polyrank4.t2.c/lasso_trace_138.txt,TERMINATING,"0,45","253,31","123,21","376,97",19,TERMINATING,73,9,82,2-Nested Template / 2-Nested Template
ATVA2026_benchmark/TERM_LASSO//lasso_traces_polyrank4.t2.c/lasso_trace_139.txt,TERMINATING,"0,45","339,24","141,12","480,81",21,TERMINATING,86,9,95,2-Nested Template / 2-Nested Template
ATVA2026_benchmark/TERM_LASSO//lasso_traces_polyrank4.t2.c/lasso_trace_14.txt,TERMINATING,"0,43","656,8","149,04","806,27",35,TERMINATING,64,22,86,3-Nested Template / 3-Nested Template
ATVA2026_benchmark/TERM_LASSO//lasso_traces_polyrank4.t2.c/lasso_trace_140.txt,TERMINATING,"0,44","289,37","74,54","364,35",14,TERMINATING,73,9,82,2-Nested Template / 2-Nested Template
ATVA2026_benchmark/TERM_LASSO//lasso_traces_polyrank4.t2.c/lasso_trace_141.txt,TERMINATING,"0,36","293,66","27,45","321,47",23,TERMINATING,73,9,82,2-Nested Template / 2-Nested Template
ATVA2026_benchmark/TERM_LASSO//lasso_traces_polyrank4.t2.c/lasso_trace_142.txt,TERMINATING,"0,45","343,18","132,35","475,98",24,TERMINATING,73,9,82,2-Nested Template / 2-Nested Template
ATVA2026_benchmark/TERM_LASSO//lasso_traces_polyrank4.t2.c/lasso_trace_143.txt,TERMINATING,"0,41","294,68","95,43","390,52",25,TERMINATING,86,9,95,2-Nested Template / 2-Nested Template
ATVA2026_benchmark/TERM_LASSO//lasso_traces_polyrank4.t2.c/lasso_trace_144.txt,TERMINATING,"0,35","278,77","26,37","305,49",20,TERMINATING,86,9,95,2-Nested Template / 2-Nested Template
ATVA2026_benchmark/TERM_LASSO//lasso_traces_polyrank4.t2.c/lasso_trace_145.txt,TERMINATING,"0,42","267,2","72,26","339,88",22,TERMINATING,86,9,95,2-Nested Template / 2-Nested Template
ATVA2026_benchmark/TERM_LASSO//lasso_traces_polyrank4.t2.c/lasso_trace_146.txt,TERMINATING,"0,39","349,7","148,11","498,2",23,TERMINATING,73,9,82,2-Nested Template / 2-Nested Template
ATVA2026_benchmark/TERM_LASSO//lasso_traces_polyrank4.t2.c/lasso_trace_15.txt,TERMINATING,"0,36","684,58","95,25","780,19",31,TERMINATING,64,22,86,3-Nested Template / 3-Nested Template
ATVA2026_benchmark/TERM_LASSO//lasso_traces_polyrank4.t2.c/lasso_trace_16.txt,TERMINATING,"0,39","764,54","142,78","907,71",32,TERMINATING,64,22,86,3-Nested Template / 3-Nested Template
ATVA2026_benchmark/TERM_LASSO//lasso_traces_polyrank4.t2.c/lasso_trace_17.txt,TERMINATING,"0,39","664,1","131,54","796,03",26,TERMINATING,64,22,86,3-Nested Template / 3-Nested Template
ATVA2026_benchmark/TERM_LASSO//lasso_traces_polyrank4.t2.c/lasso_trace_18.txt,TERMINATING,"0,36","684,2","88,43","772,99",23,TERMINATING,64,22,86,3-Nested Template / 3-Nested Template
ATVA2026_benchmark/TERM_LASSO//lasso_traces_polyrank4.t2.c/lasso_trace_19.txt,TERMINATING,"0,41","664,03","74,68","739,12",38,TERMINATING,64,22,86,3-Nested Template / 3-Nested Template
ATVA2026_benchmark/TERM_LASSO//lasso_traces_polyrank4.t2.c/lasso_trace_2.txt,TERMINATING,"0,52","436,65","122,2","559,37",52,TERMINATING,31,13,44,2-Nested Template / 2-Nested Template
ATVA2026_benchmark/TERM_LASSO//lasso_traces_polyrank4.t2.c/lasso_trace_20.txt,TERMINATING,"0,41","698,13","111,52","810,06",36,TERMINATING,64,22,86,3-Nested Template / 3-Nested Template
ATVA2026_benchmark/TERM_LASSO//lasso_traces_polyrank4.t2.c/lasso_trace_21.txt,TERMINATING,"0,41","628,88","155,82","785,11",36,TERMINATING,64,22,86,3-Nested Template / 3-Nested Template
ATVA2026_benchmark/TERM_LASSO//lasso_traces_polyrank4.t2.c/lasso_trace_22.txt,TERMINATING,"0,72","719,14","52,61","772,47",34,TERMINATING,64,22,86,3-Nested Template / 3-Nested Template
ATVA2026_benchmark/TERM_LASSO//lasso_traces_polyrank4.t2.c/lasso_trace_23.txt,TERMINATING,"0,46","656,82","39,92","697,2",34,TERMINATING,64,22,86,3-Nested Template / 3-Nested Template
ATVA2026_benchmark/TERM_LASSO//lasso_traces_polyrank4.t2.c/lasso_trace_24.txt,TERMINATING,"0,38","729,97","124,9","855,25",30,TERMINATING,64,22,86,3-Nested Template / 3-Nested Template
ATVA2026_benchmark/TERM_LASSO//lasso_traces_polyrank4.t2.c/lasso_trace_25.txt,TERMINATING,"0,38","667,76","134,46","802,6",34,TERMINATING,64,22,86,3-Nested Template / 3-Nested Template
ATVA2026_benchmark/TERM_LASSO//lasso_traces_polyrank4.t2.c/lasso_trace_26.txt,TERMINATING,"0,38","665,08","32,37","697,83",31,TERMINATING,64,22,86,3-Nested Template / 3-Nested Template
ATVA2026_benchmark/TERM_LASSO//lasso_traces_polyrank4.t2.c/lasso_trace_27.txt,TERMINATING,"0,36","712,21","116,68","829,25",20,TERMINATING,64,22,86,3-Nested Template / 3-Nested Template
ATVA2026_benchmark/TERM_LASSO//lasso_traces_polyrank4.t2.c/lasso_trace_28.txt,TERMINATING,"0,37","621,25","79,63","701,25",35,TERMINATING,64,22,86,3-Nested Template / 3-Nested Template
ATVA2026_benchmark/TERM_LASSO//lasso_traces_polyrank4.t2.c/lasso_trace_29.txt,TERMINATING,"0,37","699,92","136,74","837,03",21,TERMINATING,64,22,86,3-Nested Template / 3-Nested Template
ATVA2026_benchmark/TERM_LASSO//lasso_traces_polyrank4.t2.c/lasso_trace_3.txt,TERMINATING,"0,36","284,15","99,19","383,7",22,TERMINATING,41,9,50,2-Nested Template / 2-Nested Template
ATVA2026_benchmark/TERM_LASSO//lasso_traces_polyrank4.t2.c/lasso_trace_30.txt,TERMINATING,"0,38","675,46","78,93","754,77",25,TERMINATING,64,22,86,3-Nested Template / 3-Nested Template
ATVA2026_benchmark/TERM_LASSO//lasso_traces_polyrank4.t2.c/lasso_trace_31.txt,TERMINATING,"0,4","710,04","98,18","808,62",30,TERMINATING,64,22,86,3-Nested Template / 3-Nested Template
ATVA2026_benchmark/TERM_LASSO//lasso_traces_polyrank4.t2.c/lasso_trace_32.txt,TERMINATING,"0,38","682,88","39,72","722,98",37,TERMINATING,64,22,86,3-Nested Template / 3-Nested Template
ATVA2026_benchmark/TERM_LASSO//lasso_traces_polyrank4.t2.c/lasso_trace_33.txt,TERMINATING,"0,37","717,01","61,68","779,06",19,TERMINATING,64,22,86,3-Nested Template / 3-Nested Template
ATVA2026_benchmark/TERM_LASSO//lasso_traces_polyrank4.t2.c/lasso_trace_34.txt,TERMINATING,"0,37","752,89","72,56","825,82",46,TERMINATING,64,22,86,3-Nested Template / 3-Nested Template
ATVA2026_benchmark/TERM_LASSO//lasso_traces_polyrank4.t2.c/lasso_trace_35.txt,TERMINATING,"0,43","260,5","33,63","294,56",20,TERMINATING,73,9,82,2-Nested Template / 2-Nested Template
ATVA2026_benchmark/TERM_LASSO//lasso_traces_polyrank4.t2.c/lasso_trace_36.txt,TERMINATING,"0,5","748,34","49,74","798,58",111,TERMINATING,76,35,111,3-Nested Template / 3-Nested Template
ATVA2026_benchmark/TERM_LASSO//lasso_traces_polyrank4.t2.c/lasso_trace_37.txt,TERMINATING,"0,39","281,96","84,06","366,41",19,TERMINATING,86,9,95,2-Nested Template / 2-Nested Template
ATVA2026_benchmark/TERM_LASSO//lasso_traces_polyrank4.t2.c/lasso_trace_38.txt,TERMINATING,"0,4","342,31","120,17","462,88",32,TERMINATING,86,9,95,2-Nested Template / 2-Nested Template
ATVA2026_benchmark/TERM_LASSO//lasso_traces_polyrank4.t2.c/lasso_trace_39.txt,TERMINATING,"0,39","286,55","36,67","323,61",23,TERMINATING,86,9,95,2-Nested Template / 2-Nested Template
ATVA2026_benchmark/TERM_LASSO//lasso_traces_polyrank4.t2.c/lasso_trace_4.txt,TERMINATING,"0,41","310,81","115,54","426,76",21,TERMINATING,50,9,59,2-Nested Template / 2-Nested Template
ATVA2026_benchmark/TERM_LASSO//lasso_traces_polyrank4.t2.c/lasso_trace_40.txt,TERMINATING,"0,39","352,06","49,02","401,47",19,TERMINATING,73,9,82,2-Nested Template / 2-Nested Template
ATVA2026_benchmark/TERM_LASSO//lasso_traces_polyrank4.t2.c/lasso_trace_41.txt,TERMINATING,"0,42","293,35","75,49","369,26",21,TERMINATING,73,9,82,2-Nested Template / 2-Nested Template
ATVA2026_benchmark/TERM_LASSO//lasso_traces_polyrank4.t2.c/lasso_trace_42.txt,TERMINATING,"0,33","323,58","120,81","444,72",19,TERMINATING,73,9,82,2-Nested Template / 2-Nested Template
ATVA2026_benchmark/TERM_LASSO//lasso_traces_polyrank4.t2.c/lasso_trace_43.txt,TERMINATING,"0,41","259,23","27,81","287,45",26,TERMINATING,86,9,95,2-Nested Template / 2-Nested Template
ATVA2026_benchmark/TERM_LASSO//lasso_traces_polyrank4.t2.c/lasso_trace_44.txt,TERMINATING,"0,41","277,32","46,73","324,46",21,TERMINATING,73,9,82,2-Nested Template / 2-Nested Template
ATVA2026_benchmark/TERM_LASSO//lasso_traces_polyrank4.t2.c/lasso_trace_45.txt,TERMINATING,"0,39","332,36","78,62","411,37",20,TERMINATING,73,9,82,2-Nested Template / 2-Nested Template
ATVA2026_benchmark/TERM_LASSO//lasso_traces_polyrank4.t2.c/lasso_trace_46.txt,TERMINATING,"0,37","278,05","62,31","340,73",29,TERMINATING,86,9,95,2-Nested Template / 2-Nested Template
ATVA2026_benchmark/TERM_LASSO//lasso_traces_polyrank4.t2.c/lasso_trace_47.txt,TERMINATING,"0,38","280,55","149,95","430,88",34,TERMINATING,73,9,82,2-Nested Template / 2-Nested Template
ATVA2026_benchmark/TERM_LASSO//lasso_traces_polyrank4.t2.c/lasso_trace_48.txt,TERMINATING,"0,42","328,56","118,77","447,75",24,TERMINATING,86,9,95,2-Nested Template / 2-Nested Template
ATVA2026_benchmark/TERM_LASSO//lasso_traces_polyrank4.t2.c/lasso_trace_49.txt,TERMINATING,"0,38","299,58","75,01","374,97",20,TERMINATING,86,9,95,2-Nested Template / 2-Nested Template
ATVA2026_benchmark/TERM_LASSO//lasso_traces_polyrank4.t2.c/lasso_trace_5.txt,TERMINATING,"0,31","630,4","33,54","664,25",31,TERMINATING,41,22,63,3-Nested Template / 3-Nested Template
ATVA2026_benchmark/TERM_LASSO//lasso_traces_polyrank4.t2.c/lasso_trace_50.txt,TERMINATING,"0,64","255,39","36,6","292,63",22,TERMINATING,86,9,95,2-Nested Template / 2-Nested Template
ATVA2026_benchmark/TERM_LASSO//lasso_traces_polyrank4.t2.c/lasso_trace_51.txt,TERMINATING,"0,4","264,68","135,68","400,76",22,TERMINATING,73,9,82,2-Nested Template / 2-Nested Template
ATVA2026_benchmark/TERM_LASSO//lasso_traces_polyrank4.t2.c/lasso_trace_52.txt,TERMINATING,"0,36","338,75","124,43","463,54",24,TERMINATING,73,9,82,2-Nested Template / 2-Nested Template
ATVA2026_benchmark/TERM_LASSO//lasso_traces_polyrank4.t2.c/lasso_trace_53.txt,TERMINATING,"0,53","336,26","72,29","409,08",31,TERMINATING,86,9,95,2-Nested Template / 2-Nested Template
ATVA2026_benchmark/TERM_LASSO//lasso_traces_polyrank4.t2.c/lasso_trace_54.txt,TERMINATING,"0,34","297,94","42,03","340,31",20,TERMINATING,86,9,95,2-Nested Template / 2-Nested Template
ATVA2026_benchmark/TERM_LASSO//lasso_traces_polyrank4.t2.c/lasso_trace_55.txt,TERMINATING,"0,42","336,93","75,85","413,2",14,TERMINATING,73,9,82,2-Nested Template / 2-Nested Template
ATVA2026_benchmark/TERM_LASSO//lasso_traces_polyrank4.t2.c/lasso_trace_56.txt,TERMINATING,"0,38","284,26","41,33","325,97",22,TERMINATING,86,9,95,2-Nested Template / 2-Nested Template
ATVA2026_benchmark/TERM_LASSO//lasso_traces_polyrank4.t2.c/lasso_trace_57.txt,TERMINATING,"0,43","271,01","29,15","300,59",20,TERMINATING,73,9,82,2-Nested Template / 2-Nested Template
ATVA2026_benchmark/TERM_LASSO//lasso_traces_polyrank4.t2.c/lasso_trace_58.txt,TERMINATING,"0,43","330,67","148,08","479,18",26,TERMINATING,86,9,95,2-Nested Template / 2-Nested Template
ATVA2026_benchmark/TERM_LASSO//lasso_traces_polyrank4.t2.c/lasso_trace_59.txt,TERMINATING,"0,45","306,41","132,56","439,42",24,TERMINATING,73,9,82,2-Nested Template / 2-Nested Template
ATVA2026_benchmark/TERM_LASSO//lasso_traces_polyrank4.t2.c/lasso_trace_6.txt,TERMINATING,"0,55","739,84","149,12","889,51",31,TERMINATING,59,22,81,3-Nested Template / 3-Nested Template
ATVA2026_benchmark/TERM_LASSO//lasso_traces_polyrank4.t2.c/lasso_trace_60.txt,TERMINATING,"0,39","361,44","78,17",440,14,TERMINATING,86,9,95,2-Nested Template / 2-Nested Template
ATVA2026_benchmark/TERM_LASSO//lasso_traces_polyrank4.t2.c/lasso_trace_61.txt,TERMINATING,"0,54","252,4","89,82","342,76",24,TERMINATING,73,9,82,2-Nested Template / 2-Nested Template
ATVA2026_benchmark/TERM_LASSO//lasso_traces_polyrank4.t2.c/lasso_trace_62.txt,TERMINATING,"0,43","309,9","137,58","447,91",14,TERMINATING,73,9,82,2-Nested Template / 2-Nested Template
ATVA2026_benchmark/TERM_LASSO//lasso_traces_polyrank4.t2.c/lasso_trace_63.txt,TERMINATING,"0,42","276,55","119,17","396,14",21,TERMINATING,73,9,82,2-Nested Template / 2-Nested Template
ATVA2026_benchmark/TERM_LASSO//lasso_traces_polyrank4.t2.c/lasso_trace_64.txt,TERMINATING,"0,34","308,38","26,74","335,46",21,TERMINATING,86,9,95,2-Nested Template / 2-Nested Template
ATVA2026_benchmark/TERM_LASSO//lasso_traces_polyrank4.t2.c/lasso_trace_65.txt,TERMINATING,"0,38","310,91","60,67","371,96",25,TERMINATING,86,9,95,2-Nested Template / 2-Nested Template
ATVA2026_benchmark/TERM_LASSO//lasso_traces_polyrank4.t2.c/lasso_trace_66.txt,TERMINATING,"0,39","254,42","25,7","280,51",28,TERMINATING,86,9,95,2-Nested Template / 2-Nested Template
ATVA2026_benchmark/TERM_LASSO//lasso_traces_polyrank4.t2.c/lasso_trace_67.txt,TERMINATING,"0,48","260,87","111,77","373,12",14,TERMINATING,73,9,82,2-Nested Template / 2-Nested Template
ATVA2026_benchmark/TERM_LASSO//lasso_traces_polyrank4.t2.c/lasso_trace_68.txt,TERMINATING,"0,42","301,4","56,03","357,85",25,TERMINATING,86,9,95,2-Nested Template / 2-Nested Template
ATVA2026_benchmark/TERM_LASSO//lasso_traces_polyrank4.t2.c/lasso_trace_69.txt,TERMINATING,"0,33","302,62","58,26","361,21",25,TERMINATING,73,9,82,2-Nested Template / 2-Nested Template
ATVA2026_benchmark/TERM_LASSO//lasso_traces_polyrank4.t2.c/lasso_trace_7.txt,TERMINATING,"1,05","707,47","150,24","858,76",30,TERMINATING,64,22,86,3-Nested Template / 3-Nested Template
ATVA2026_benchmark/TERM_LASSO//lasso_traces_polyrank4.t2.c/lasso_trace_70.txt,TERMINATING,"0,44","255,59","30,08","286,11",23,TERMINATING,73,9,82,2-Nested Template / 2-Nested Template
ATVA2026_benchmark/TERM_LASSO//lasso_traces_polyrank4.t2.c/lasso_trace_71.txt,TERMINATING,"0,4","257,19","49,74","307,33",23,TERMINATING,86,9,95,2-Nested Template / 2-Nested Template
ATVA2026_benchmark/TERM_LASSO//lasso_traces_polyrank4.t2.c/lasso_trace_72.txt,TERMINATING,"0,34","265,39","51,44","317,17",29,TERMINATING,73,9,82,2-Nested Template / 2-Nested Template
ATVA2026_benchmark/TERM_LASSO//lasso_traces_polyrank4.t2.c/lasso_trace_73.txt,TERMINATING,"0,41","347,54","52,19","400,14",20,TERMINATING,73,9,82,2-Nested Template / 2-Nested Template
ATVA2026_benchmark/TERM_LASSO//lasso_traces_polyrank4.t2.c/lasso_trace_74.txt,TERMINATING,"0,45","259,54","127,24","387,23",23,TERMINATING,73,9,82,2-Nested Template / 2-Nested Template
ATVA2026_benchmark/TERM_LASSO//lasso_traces_polyrank4.t2.c/lasso_trace_75.txt,TERMINATING,"0,42","263,96","74,28","338,66",26,TERMINATING,73,9,82,2-Nested Template / 2-Nested Template
ATVA2026_benchmark/TERM_LASSO//lasso_traces_polyrank4.t2.c/lasso_trace_76.txt,TERMINATING,"0,42","271,63","65,84","337,89",21,TERMINATING,73,9,82,2-Nested Template / 2-Nested Template
ATVA2026_benchmark/TERM_LASSO//lasso_traces_polyrank4.t2.c/lasso_trace_77.txt,TERMINATING,"0,44","313,54","107,39","421,37",29,TERMINATING,86,9,95,2-Nested Template / 2-Nested Template
ATVA2026_benchmark/TERM_LASSO//lasso_traces_polyrank4.t2.c/lasso_trace_78.txt,TERMINATING,"0,4","286,08","50,34","336,82",13,TERMINATING,86,9,95,2-Nested Template / 2-Nested Template
ATVA2026_benchmark/TERM_LASSO//lasso_traces_polyrank4.t2.c/lasso_trace_79.txt,TERMINATING,"0,42","309,67","28,32","338,41",22,TERMINATING,86,9,95,2-Nested Template / 2-Nested Template
ATVA2026_benchmark/TERM_LASSO//lasso_traces_polyrank4.t2.c/lasso_trace_8.txt,TERMINATING,"0,57","700,98","65,02","766,57",34,TERMINATING,64,22,86,3-Nested Template / 3-Nested Template
ATVA2026_benchmark/TERM_LASSO//lasso_traces_polyrank4.t2.c/lasso_trace_80.txt,TERMINATING,"0,48","283,61","87,18","371,27",25,TERMINATING,86,9,95,2-Nested Template / 2-Nested Template
ATVA2026_benchmark/TERM_LASSO//lasso_traces_polyrank4.t2.c/lasso_trace_81.txt,TERMINATING,"0,36","318,38","105,57","424,31",23,TERMINATING,73,9,82,2-Nested Template / 2-Nested Template
ATVA2026_benchmark/TERM_LASSO//lasso_traces_polyrank4.t2.c/lasso_trace_82.txt,TERMINATING,"0,38","322,04","123,25","445,67",23,TERMINATING,73,9,82,2-Nested Template / 2-Nested Template
ATVA2026_benchmark/TERM_LASSO//lasso_traces_polyrank4.t2.c/lasso_trace_83.txt,TERMINATING,"0,5","289,89","51,5","341,89",20,TERMINATING,86,9,95,2-Nested Template / 2-Nested Template
ATVA2026_benchmark/TERM_LASSO//lasso_traces_polyrank4.t2.c/lasso_trace_84.txt,TERMINATING,"0,36","367,33","143,18","510,87",22,TERMINATING,86,9,95,2-Nested Template / 2-Nested Template
ATVA2026_benchmark/TERM_LASSO//lasso_traces_polyrank4.t2.c/lasso_trace_85.txt,TERMINATING,"0,48","291,3","52,85","344,63",21,TERMINATING,86,9,95,2-Nested Template / 2-Nested Template
ATVA2026_benchmark/TERM_LASSO//lasso_traces_polyrank4.t2.c/lasso_trace_86.txt,TERMINATING,"0,42","360,65","111,73","472,8",26,TERMINATING,73,9,82,2-Nested Template / 2-Nested Template
ATVA2026_benchmark/TERM_LASSO//lasso_traces_polyrank4.t2.c/lasso_trace_87.txt,TERMINATING,"0,7","255,38","39,16","295,24",23,TERMINATING,73,9,82,2-Nested Template / 2-Nested Template
ATVA2026_benchmark/TERM_LASSO//lasso_traces_polyrank4.t2.c/lasso_trace_88.txt,TERMINATING,"0,5","271,38","141,55","413,43",23,TERMINATING,73,9,82,2-Nested Template / 2-Nested Template
ATVA2026_benchmark/TERM_LASSO//lasso_traces_polyrank4.t2.c/lasso_trace_89.txt,TERMINATING,"0,37","277,79","49,17","327,33",25,TERMINATING,73,9,82,2-Nested Template / 2-Nested Template
ATVA2026_benchmark/TERM_LASSO//lasso_traces_polyrank4.t2.c/lasso_trace_9.txt,TERMINATING,"0,32","757,3","52,61","810,23",24,TERMINATING,64,22,86,3-Nested Template / 3-Nested Template
ATVA2026_benchmark/TERM_LASSO//lasso_traces_polyrank4.t2.c/lasso_trace_90.txt,TERMINATING,"0,38","324,5","55,16","380,04",19,TERMINATING,73,9,82,2-Nested Template / 2-Nested Template
ATVA2026_benchmark/TERM_LASSO//lasso_traces_polyrank4.t2.c/lasso_trace_91.txt,TERMINATING,"0,43","310,2","118,44","429,07",20,TERMINATING,86,9,95,2-Nested Template / 2-Nested Template
ATVA2026_benchmark/TERM_LASSO//lasso_traces_polyrank4.t2.c/lasso_trace_92.txt,TERMINATING,"0,42","283,8","56,7","340,92",23,TERMINATING,86,9,95,2-Nested Template / 2-Nested Template
ATVA2026_benchmark/TERM_LASSO//lasso_traces_polyrank4.t2.c/lasso_trace_93.txt,TERMINATING,"0,42","267,52","80,9","348,84",26,TERMINATING,86,9,95,2-Nested Template / 2-Nested Template
ATVA2026_benchmark/TERM_LASSO//lasso_traces_polyrank4.t2.c/lasso_trace_94.txt,TERMINATING,"0,4","341,49","38,14","380,03",23,TERMINATING,86,9,95,2-Nested Template / 2-Nested Template
ATVA2026_benchmark/TERM_LASSO//lasso_traces_polyrank4.t2.c/lasso_trace_95.txt,TERMINATING,"0,41","309,98","57,1","367,49",20,TERMINATING,73,9,82,2-Nested Template / 2-Nested Template
ATVA2026_benchmark/TERM_LASSO//lasso_traces_polyrank4.t2.c/lasso_trace_96.txt,TERMINATING,"0,53","278,67","104,92","384,12",25,TERMINATING,73,9,82,2-Nested Template / 2-Nested Template
ATVA2026_benchmark/TERM_LASSO//lasso_traces_polyrank4.t2.c/lasso_trace_97.txt,TERMINATING,"0,38","284,42","52,9","337,7",23,TERMINATING,86,9,95,2-Nested Template / 2-Nested Template
ATVA2026_benchmark/TERM_LASSO//lasso_traces_polyrank4.t2.c/lasso_trace_98.txt,TERMINATING,"0,42","285,18","83,81","369,41",18,TERMINATING,73,9,82,2-Nested Template / 2-Nested Template
ATVA2026_benchmark/TERM_LASSO//lasso_traces_polyrank4.t2.c/lasso_trace_99.txt,TERMINATING,"0,43","339,29","130,03","469,75",23,TERMINATING,73,9,82,2-Nested Template / 2-Nested Template
ATVA2026_benchmark/TERM_LASSO//lasso_traces_polyrank5.t2.c/lasso_trace_1.txt,TERMINATING,"2,11","155,83","172,64","330,58",8,TERMINATING,28,9,37,Affine Template / Affine Template
ATVA2026_benchmark/TERM_LASSO//lasso_traces_polyrank5.t2.c/lasso_trace_2.txt,TERMINATING,"0,58","1402,64","104,36","1507,58",116,TERMINATING,35,13,48,4-Nested Template / 4-Nested Template
ATVA2026_benchmark/TERM_LASSO//lasso_traces_polyrank5.t2.c/lasso_trace_3.txt,TERMINATING,"0,41","113,06","158,77","272,24",8,TERMINATING,45,9,54,Affine Template / Affine Template
ATVA2026_benchmark/TERM_LASSO//lasso_traces_polyrank5.t2.c/lasso_trace_4.txt,TERMINATING,"0,41","113,39","166,43","280,23",8,TERMINATING,54,9,63,Affine Template / Affine Template
ATVA2026_benchmark/TERM_LASSO//lasso_traces_polyrank5.t2.c/lasso_trace_5.txt,TERMINATING,"0,47","1331,25","65,57","1397,29",39,TERMINATING,45,22,67,4-Nested Template / 4-Nested Template
ATVA2026_benchmark/TERM_LASSO//lasso_traces_polyrank5.t2.c/lasso_trace_6.txt,TERMINATING,"0,52","1463,99","146,15","1610,66",48,TERMINATING,63,22,85,4-Nested Template / 4-Nested Template
ATVA2026_benchmark/TERM_LASSO//lasso_traces_polyrank6.t2.c/lasso_trace_1.txt,TERMINATING,"2,05","326,27","31,52","359,84",10,TERMINATING,24,10,34,2-Nested Template / 2-Nested Template
ATVA2026_benchmark/TERM_LASSO//lasso_traces_polyrank6.t2.c/lasso_trace_2.txt,TERMINATING,"0,48","94,87","137,22","232,57",21,TERMINATING,37,14,51,Affine Template / Affine Template
ATVA2026_benchmark/TERM_LASSO//lasso_traces_polyrank6.t2.c/lasso_trace_3.txt,TERMINATING,"0,41","306,94","81,91","389,26",14,TERMINATING,44,10,54,2-Nested Template / 2-Nested Template
ATVA2026_benchmark/TERM_LASSO//lasso_traces_popl07-fail.t2.c/lasso_trace_1.txt,TERMINATING,"2,1","412,58","59,46","474,14",16,TERMINATING,104,28,132,Affine Template / Affine Template
ATVA2026_benchmark/TERM_LASSO//lasso_traces_popl07-succeed.t2.c/lasso_trace_1.txt,TERMINATING,"2,51","410,71","61,58","474,8",17,TERMINATING,104,28,132,Affine Template / Affine Template
ATVA2026_benchmark/TERM_LASSO//lasso_traces_Power.bpl/lasso_trace_1.txt,TERMINATING,"1,51","70,95","76,61","149,07",6,TERMINATING,0,8,8,Affine Template / Affine Template
ATVA2026_benchmark/TERM_LASSO//lasso_traces_Power.bpl/lasso_trace_4.txt,TERMINATING,"0,32","28,95","39,31","68,58",7,TERMINATING,0,8,8,Affine Template / Affine Template
ATVA2026_benchmark/TERM_LASSO//lasso_traces_power.c/lasso_trace_1.txt,TERMINATING,"2,44","93,02","41,5","136,96",18,TERMINATING,4,1,5,Affine Template / Affine Template
ATVA2026_benchmark/TERM_LASSO//lasso_traces_Power1-Safe.bpl/lasso_trace_1.txt,TERMINATING,"2,51","63,95","39,25","105,71",5,TERMINATING,1,1,2,Affine Template / Affine Template
ATVA2026_benchmark/TERM_LASSO//lasso_traces_Power2-Unsafe.bpl/lasso_trace_1.txt,TERMINATING,"2,18","67,24","32,9","102,32",5,TERMINATING,1,1,2,Affine Template / Affine Template
ATVA2026_benchmark/TERM_LASSO//lasso_traces_Power3-Safe.bpl/lasso_trace_1.txt,TERMINATING,"2,26","58,95","37,23","98,44",5,TERMINATING,1,1,2,Affine Template / Affine Template
ATVA2026_benchmark/TERM_LASSO//lasso_traces_preboogie.bpl/lasso_trace_1.txt,TERMINATING,"2,93","114,14","86,2","203,27",8,TERMINATING,2,3,5,Affine Template / Affine Template
ATVA2026_benchmark/TERM_LASSO//lasso_traces_preboogie.c/lasso_trace_1.txt,TERMINATING,"1,79","102,2","91,24","195,23",10,TERMINATING,6,3,9,Affine Template / Affine Template
ATVA2026_benchmark/TERM_LASSO//lasso_traces_Primes_true-unreach-call.c/lasso_trace_7.txt,TERMINATING,"0,28","156,06","168,21","324,55",11,TERMINATING,21,6,27,Affine Template / Affine Template
ATVA2026_benchmark/TERM_LASSO//lasso_traces_Primes_true-unreach-call.c/lasso_trace_8.txt,TERMINATING,"0,39","76,99","198,24","275,62",10,TERMINATING,23,5,28,Affine Template / Affine Template
ATVA2026_benchmark/TERM_LASSO//lasso_traces_print.t2.c/lasso_trace_1.txt,TERMINATING,"2,28","185,46","213,83","401,57",32,TERMINATING,295,31,326,Affine Template / Affine Template
ATVA2026_benchmark/TERM_LASSO//lasso_traces_print.t2.c/lasso_trace_2.txt,TERMINATING,"0,59","1313,64","1583,57","2897,8",57,TERMINATING,558,163,721,Affine Template / Affine Template
ATVA2026_benchmark/TERM_LASSO//lasso_traces_Problem01_label00_true-unreach-call.c/lasso_trace_1.txt,TERMINATING,"2,72","45,64","31,79","80,15",112,TERMINATING,5,8,13,Affine Template / Affine Template
ATVA2026_benchmark/TERM_LASSO//lasso_traces_Problem01_label00_true-unreach-call.c/lasso_trace_2.txt,TERMINATING,"0,5","362,93","167,56","530,99",114,TERMINATING,6,11,17,Affine Template / Affine Template
ATVA2026_benchmark/TERM_LASSO//lasso_traces_Problem01_label19_true-unreach-call.c/lasso_trace_1.txt,TERMINATING,"1,86","43,3","48,2","93,36",111,TERMINATING,5,8,13,Affine Template / Affine Template
ATVA2026_benchmark/TERM_LASSO//lasso_traces_Problem01_label19_true-unreach-call.c/lasso_trace_2.txt,TERMINATING,"0,48","394,18","161,23","555,89",126,TERMINATING,6,11,17,Affine Template / Affine Template
ATVA2026_benchmark/TERM_LASSO//lasso_traces_Problem01_label20_false-unreach-call.c/lasso_trace_1.txt,TERMINATING,"1,97","43,49","44,84","90,3",102,TERMINATING,5,8,13,Affine Template / Affine Template
ATVA2026_benchmark/TERM_LASSO//lasso_traces_Problem01_label20_false-unreach-call.c/lasso_trace_2.txt,TERMINATING,"0,53","394,41","165,11","560,05",120,TERMINATING,6,11,17,Affine Template / Affine Template
ATVA2026_benchmark/TERM_LASSO//lasso_traces_Problem04_label00_true-unreach-call.c/lasso_trace_4.txt,TERMINATING,"0,64","290,68","329,7","621,02",38,TERMINATING,6,279,285,Affine Template / Affine Template
ATVA2026_benchmark/TERM_LASSO//lasso_traces_Problem10_unreach-call.c/lasso_trace_5.txt,TERMINATING,"1,33","221,02","192,3","414,65",268,TERMINATING,130,125,255,Affine Template / Affine Template
ATVA2026_benchmark/TERM_LASSO//lasso_traces_Problem10.c/lasso_trace_5.txt,TERMINATING,"1,45","210,58","201,74","413,77",244,TERMINATING,130,125,255,Affine Template / Affine Template
ATVA2026_benchmark/TERM_LASSO//lasso_traces_Problem15_prop_006_false-valid-ltl.c/lasso_trace_5.txt,TERMINATING,"0,94","382,04","75,13","458,11",176,TERMINATING,216,138,354,Affine Template / Affine Template
ATVA2026_benchmark/TERM_LASSO//lasso_traces_Problem15_prop_007_false-valid-ltl.c/lasso_trace_5.txt,TERMINATING,"0,96","372,72","71,71","445,39",203,TERMINATING,216,138,354,Affine Template / Affine Template
ATVA2026_benchmark/TERM_LASSO//lasso_traces_Problem15_prop_012_false-valid-ltl.c/lasso_trace_5.txt,TERMINATING,"0,86","375,2","74,57","450,63",181,TERMINATING,216,138,354,Affine Template / Affine Template
ATVA2026_benchmark/TERM_LASSO//lasso_traces_Problem15_prop_013_false-valid-ltl.c/lasso_trace_5.txt,TERMINATING,"0,96","376,39",75,"452,35",215,TERMINATING,216,138,354,Affine Template / Affine Template
ATVA2026_benchmark/TERM_LASSO//lasso_traces_Problem15_prop_017_false-valid-ltl.c/lasso_trace_5.txt,TERMINATING,"0,88","360,82","73,36","435,06",196,TERMINATING,216,138,354,Affine Template / Affine Template
ATVA2026_benchmark/TERM_LASSO//lasso_traces_Problem15_prop_029_false-valid-ltl.c/lasso_trace_5.txt,TERMINATING,"0,91","357,78","73,97","432,66",188,TERMINATING,216,138,354,Affine Template / Affine Template
ATVA2026_benchmark/TERM_LASSO//lasso_traces_Problem15_prop_030_false-valid-ltl.c/lasso_trace_5.txt,TERMINATING,"0,92","382,37","82,81","466,1",185,TERMINATING,216,138,354,Affine Template / Affine Template
ATVA2026_benchmark/TERM_LASSO//lasso_traces_Problem15_prop_031_false-valid-ltl.c/lasso_trace_5.txt,TERMINATING,"0,82","369,4","70,38","440,6",206,TERMINATING,216,138,354,Affine Template / Affine Template
ATVA2026_benchmark/TERM_LASSO//lasso_traces_Problem15_prop_032_false-valid-ltl.c/lasso_trace_5.txt,TERMINATING,"0,96","370,83","78,48","450,27",176,TERMINATING,216,138,354,Affine Template / Affine Template
ATVA2026_benchmark/TERM_LASSO//lasso_traces_Problem15_prop_035_false-valid-ltl.c/lasso_trace_5.txt,TERMINATING,"0,94","371,18","76,59","448,71",187,TERMINATING,216,138,354,Affine Template / Affine Template
ATVA2026_benchmark/TERM_LASSO//lasso_traces_Problem15_prop_037_false-valid-ltl.c/lasso_trace_5.txt,TERMINATING,"0,98","342,66","71,73","415,37",181,TERMINATING,216,138,354,Affine Template / Affine Template
ATVA2026_benchmark/TERM_LASSO//lasso_traces_Problem15_prop_039_false-valid-ltl.c/lasso_trace_5.txt,TERMINATING,"0,79","373,35","75,77","449,91",168,TERMINATING,216,138,354,Affine Template / Affine Template
ATVA2026_benchmark/TERM_LASSO//lasso_traces_Problem15_prop_048_false-valid-ltl.c/lasso_trace_5.txt,TERMINATING,"0,86","390,85","71,73","463,44",178,TERMINATING,216,138,354,Affine Template / Affine Template
ATVA2026_benchmark/TERM_LASSO//lasso_traces_Problem16_label00_false-unreach-call.c/lasso_trace_4.txt,TERMINATING,"0,68","67,71","63,94","132,33",43,TERMINATING,5,32,37,Affine Template / Affine Template
ATVA2026_benchmark/TERM_LASSO//lasso_traces_Problem16_label00_false-unreach-call.c/lasso_trace_5.txt,TERMINATING,"0,56","166,36","200,57","367,49",22,TERMINATING,6,188,194,Affine Template / Affine Template
ATVA2026_benchmark/TERM_LASSO//lasso_traces_Problem16_prop_000_true-valid-ltl.c/lasso_trace_4.txt,TERMINATING,"0,57","150,64","154,22","305,43",16,TERMINATING,6,185,191,Affine Template / Affine Template
ATVA2026_benchmark/TERM_LASSO//lasso_traces_Problem16_prop_001_true-valid-ltl.c/lasso_trace_4.txt,TERMINATING,"0,5","156,91","154,97","312,38",17,TERMINATING,6,185,191,Affine Template / Affine Template
ATVA2026_benchmark/TERM_LASSO//lasso_traces_Problem16_prop_002_true-valid-ltl.c/lasso_trace_4.txt,TERMINATING,"0,47","147,5","167,12","315,09",21,TERMINATING,6,185,191,Affine Template / Affine Template
ATVA2026_benchmark/TERM_LASSO//lasso_traces_Problem16_prop_003_true-valid-ltl.c/lasso_trace_4.txt,TERMINATING,"0,47","153,41","151,63","305,51",17,TERMINATING,6,185,191,Affine Template / Affine Template
ATVA2026_benchmark/TERM_LASSO//lasso_traces_Problem16_prop_004_true-valid-ltl.c/lasso_trace_4.txt,TERMINATING,"0,51","151,15","162,04","313,7",16,TERMINATING,6,185,191,Affine Template / Affine Template
ATVA2026_benchmark/TERM_LASSO//lasso_traces_Problem16_prop_005_false-valid-ltl.c/lasso_trace_4.txt,TERMINATING,"0,47","143,03","163,65","307,15",17,TERMINATING,6,185,191,Affine Template / Affine Template
ATVA2026_benchmark/TERM_LASSO//lasso_traces_Problem16_prop_006_false-valid-ltl.c/lasso_trace_4.txt,TERMINATING,"0,52","149,88","148,9","299,3",19,TERMINATING,6,185,191,Affine Template / Affine Template
ATVA2026_benchmark/TERM_LASSO//lasso_traces_Problem16_prop_007_true-valid-ltl.c/lasso_trace_4.txt,TERMINATING,"0,56","142,25","153,51","296,32",18,TERMINATING,6,185,191,Affine Template / Affine Template
ATVA2026_benchmark/TERM_LASSO//lasso_traces_Problem16_prop_008_false-valid-ltl.c/lasso_trace_4.txt,TERMINATING,"0,46","146,9","148,54","295,9",18,TERMINATING,6,185,191,Affine Template / Affine Template
ATVA2026_benchmark/TERM_LASSO//lasso_traces_Problem16_prop_009_false-valid-ltl.c/lasso_trace_4.txt,TERMINATING,"0,48","141,89","145,32","287,69",17,TERMINATING,6,185,191,Affine Template / Affine Template
ATVA2026_benchmark/TERM_LASSO//lasso_traces_Problem16_prop_010_true-valid-ltl.c/lasso_trace_4.txt,TERMINATING,"0,54","146,97","151,62","299,13",17,TERMINATING,6,185,191,Affine Template / Affine Template
ATVA2026_benchmark/TERM_LASSO//lasso_traces_Problem16_prop_011_true-valid-ltl.c/lasso_trace_4.txt,TERMINATING,"0,46","165,69","149,7","315,85",17,TERMINATING,6,185,191,Affine Template / Affine Template
ATVA2026_benchmark/TERM_LASSO//lasso_traces_Problem16_prop_012_false-valid-ltl.c/lasso_trace_4.txt,TERMINATING,"0,45","150,09","153,41","303,95",22,TERMINATING,6,185,191,Affine Template / Affine Template
ATVA2026_benchmark/TERM_LASSO//lasso_traces_Problem16_prop_013_true-valid-ltl.c/lasso_trace_4.txt,TERMINATING,"0,52","144,84","150,61","295,97",17,TERMINATING,6,185,191,Affine Template / Affine Template
ATVA2026_benchmark/TERM_LASSO//lasso_traces_Problem16_prop_014_true-valid-ltl.c/lasso_trace_4.txt,TERMINATING,"0,53","142,65","152,89","296,07",17,TERMINATING,6,185,191,Affine Template / Affine Template
ATVA2026_benchmark/TERM_LASSO//lasso_traces_Problem16_prop_015_false-valid-ltl.c/lasso_trace_4.txt,TERMINATING,"0,59","150,87","153,88","305,34",18,TERMINATING,6,185,191,Affine Template / Affine Template
ATVA2026_benchmark/TERM_LASSO//lasso_traces_Problem16_prop_016_true-valid-ltl.c/lasso_trace_4.txt,TERMINATING,"0,48","147,97","155,05","303,5",18,TERMINATING,6,185,191,Affine Template / Affine Template
ATVA2026_benchmark/TERM_LASSO//lasso_traces_Problem16_prop_017_false-valid-ltl.c/lasso_trace_4.txt,TERMINATING,"0,51","155,97","148,2","304,68",17,TERMINATING,6,185,191,Affine Template / Affine Template
ATVA2026_benchmark/TERM_LASSO//lasso_traces_Problem16_prop_018_true-valid-ltl.c/lasso_trace_4.txt,TERMINATING,"0,54","148,87","166,51","315,92",18,TERMINATING,6,185,191,Affine Template / Affine Template
ATVA2026_benchmark/TERM_LASSO//lasso_traces_Problem16_prop_019_false-valid-ltl.c/lasso_trace_4.txt,TERMINATING,"0,52","147,3","158,73","306,55",17,TERMINATING,6,185,191,Affine Template / Affine Template
ATVA2026_benchmark/TERM_LASSO//lasso_traces_Problem16_prop_020_true-valid-ltl.c/lasso_trace_4.txt,TERMINATING,"0,53","148,64","157,52","306,69",16,TERMINATING,6,185,191,Affine Template / Affine Template
ATVA2026_benchmark/TERM_LASSO//lasso_traces_Problem16_prop_021_false-valid-ltl.c/lasso_trace_4.txt,TERMINATING,"0,46","144,03","162,53","307,02",17,TERMINATING,6,185,191,Affine Template / Affine Template
ATVA2026_benchmark/TERM_LASSO//lasso_traces_Problem16_prop_022_false-valid-ltl.c/lasso_trace_4.txt,TERMINATING,"0,5",150,"148,64","299,14",18,TERMINATING,6,185,191,Affine Template / Affine Template
ATVA2026_benchmark/TERM_LASSO//lasso_traces_Problem16_prop_023_true-valid-ltl.c/lasso_trace_4.txt,TERMINATING,"0,52","142,93","157,64","301,09",20,TERMINATING,6,185,191,Affine Template / Affine Template
ATVA2026_benchmark/TERM_LASSO//lasso_traces_Problem16_prop_024_false-valid-ltl.c/lasso_trace_4.txt,TERMINATING,"0,54","149,19","143,79","293,52",21,TERMINATING,6,185,191,Affine Template / Affine Template
ATVA2026_benchmark/TERM_LASSO//lasso_traces_Problem16_prop_025_true-valid-ltl.c/lasso_trace_4.txt,TERMINATING,"0,59","162,2","150,63","313,42",16,TERMINATING,6,185,191,Affine Template / Affine Template
ATVA2026_benchmark/TERM_LASSO//lasso_traces_Problem16_prop_026_false-valid-ltl.c/lasso_trace_4.txt,TERMINATING,"0,51","154,91","151,67","307,09",18,TERMINATING,6,185,191,Affine Template / Affine Template
ATVA2026_benchmark/TERM_LASSO//lasso_traces_Problem16_prop_027_false-valid-ltl.c/lasso_trace_4.txt,TERMINATING,"0,43","170,98","152,31","323,72",19,TERMINATING,6,185,191,Affine Template / Affine Template
ATVA2026_benchmark/TERM_LASSO//lasso_traces_Problem16_prop_028_false-valid-ltl.c/lasso_trace_4.txt,TERMINATING,"0,47","155,54","151,72","307,73",18,TERMINATING,6,185,191,Affine Template / Affine Template
ATVA2026_benchmark/TERM_LASSO//lasso_traces_Problem16_prop_029_false-valid-ltl.c/lasso_trace_4.txt,TERMINATING,"0,56","158,49","145,12","304,17",18,TERMINATING,6,185,191,Affine Template / Affine Template
ATVA2026_benchmark/TERM_LASSO//lasso_traces_Problem16_prop_030_false-valid-ltl.c/lasso_trace_4.txt,TERMINATING,"0,45",145,"166,62","312,07",17,TERMINATING,6,185,191,Affine Template / Affine Template
ATVA2026_benchmark/TERM_LASSO//lasso_traces_Problem16_prop_031_true-valid-ltl.c/lasso_trace_4.txt,TERMINATING,"0,57","158,27","143,35","302,19",19,TERMINATING,6,185,191,Affine Template / Affine Template
ATVA2026_benchmark/TERM_LASSO//lasso_traces_Problem16_prop_032_false-valid-ltl.c/lasso_trace_4.txt,TERMINATING,"0,68","148,99","160,83","310,5",16,TERMINATING,6,185,191,Affine Template / Affine Template
ATVA2026_benchmark/TERM_LASSO//lasso_traces_Problem16_prop_033_true-valid-ltl.c/lasso_trace_4.txt,TERMINATING,"0,48","155,77","152,13","308,38",15,TERMINATING,6,185,191,Affine Template / Affine Template
ATVA2026_benchmark/TERM_LASSO//lasso_traces_Problem16_prop_034_true-valid-ltl.c/lasso_trace_4.txt,TERMINATING,"0,51","161,96","151,34","313,81",17,TERMINATING,6,185,191,Affine Template / Affine Template
ATVA2026_benchmark/TERM_LASSO//lasso_traces_Problem16_prop_035_true-valid-ltl.c/lasso_trace_4.txt,TERMINATING,"0,51","168,42","156,49","325,42",17,TERMINATING,6,185,191,Affine Template / Affine Template
ATVA2026_benchmark/TERM_LASSO//lasso_traces_Problem16_prop_036_false-valid-ltl.c/lasso_trace_4.txt,TERMINATING,"0,45","153,26","147,3","301,01",18,TERMINATING,6,185,191,Affine Template / Affine Template
ATVA2026_benchmark/TERM_LASSO//lasso_traces_Problem16_prop_037_false-valid-ltl.c/lasso_trace_4.txt,TERMINATING,"0,47","149,35","151,21","301,03",17,TERMINATING,6,185,191,Affine Template / Affine Template
ATVA2026_benchmark/TERM_LASSO//lasso_traces_Problem16_prop_038_false-valid-ltl.c/lasso_trace_4.txt,TERMINATING,"0,46","165,26","151,11","316,83",18,TERMINATING,6,185,191,Affine Template / Affine Template
ATVA2026_benchmark/TERM_LASSO//lasso_traces_Problem16_prop_039_false-valid-ltl.c/lasso_trace_4.txt,TERMINATING,"0,52","149,65","160,63","310,8",17,TERMINATING,6,185,191,Affine Template / Affine Template
ATVA2026_benchmark/TERM_LASSO//lasso_traces_Problem16_prop_040_false-valid-ltl.c/lasso_trace_4.txt,TERMINATING,"0,45","141,12","158,42","299,99",18,TERMINATING,6,185,191,Affine Template / Affine Template
ATVA2026_benchmark/TERM_LASSO//lasso_traces_Problem16_prop_041_false-valid-ltl.c/lasso_trace_4.txt,TERMINATING,"0,51","145,95","146,75","293,21",17,TERMINATING,6,185,191,Affine Template / Affine Template
ATVA2026_benchmark/TERM_LASSO//lasso_traces_Problem16_prop_042_false-valid-ltl.c/lasso_trace_4.txt,TERMINATING,"0,53","149,05","154,47","304,05",17,TERMINATING,6,185,191,Affine Template / Affine Template
ATVA2026_benchmark/TERM_LASSO//lasso_traces_Problem16_prop_043_false-valid-ltl.c/lasso_trace_4.txt,TERMINATING,"0,52","150,89","145,98","297,39",17,TERMINATING,6,185,191,Affine Template / Affine Template
ATVA2026_benchmark/TERM_LASSO//lasso_traces_Problem16_prop_044_true-valid-ltl.c/lasso_trace_4.txt,TERMINATING,"0,56","153,49","153,47","307,52",17,TERMINATING,6,185,191,Affine Template / Affine Template
ATVA2026_benchmark/TERM_LASSO//lasso_traces_Problem16_prop_045_true-valid-ltl.c/lasso_trace_4.txt,TERMINATING,"0,56","144,26","149,42","294,24",22,TERMINATING,6,185,191,Affine Template / Affine Template
ATVA2026_benchmark/TERM_LASSO//lasso_traces_Problem16_prop_046_false-valid-ltl.c/lasso_trace_4.txt,TERMINATING,"0,54","153,35","157,36","311,25",18,TERMINATING,6,185,191,Affine Template / Affine Template
ATVA2026_benchmark/TERM_LASSO//lasso_traces_Problem16_prop_047_true-valid-ltl.c/lasso_trace_4.txt,TERMINATING,"0,56","150,98","148,88","300,42",17,TERMINATING,6,185,191,Affine Template / Affine Template
ATVA2026_benchmark/TERM_LASSO//lasso_traces_Problem16_prop_048_false-valid-ltl.c/lasso_trace_4.txt,TERMINATING,"0,54","142,8","151,19","294,53",16,TERMINATING,6,185,191,Affine Template / Affine Template
ATVA2026_benchmark/TERM_LASSO//lasso_traces_Problem16_prop_049_false-valid-ltl.c/lasso_trace_4.txt,TERMINATING,"0,57","144,91","156,18","301,66",17,TERMINATING,6,185,191,Affine Template / Affine Template
ATVA2026_benchmark/TERM_LASSO//lasso_traces_Problem17_label00_true-unreach-call.c/lasso_trace_2.txt,TERMINATING,"1,03","138,46","132,16","271,65",1240,TERMINATING,5,15,20,Affine Template / Affine Template
ATVA2026_benchmark/TERM_LASSO//lasso_traces_Problem17_prop_000_true-valid-ltl.c/lasso_trace_2.txt,TERMINATING,"1,2","272,72","78,32","352,24",1776,TERMINATING,5,12,17,Affine Template / Affine Template
ATVA2026_benchmark/TERM_LASSO//lasso_traces_Problem17_prop_001_true-valid-ltl.c/lasso_trace_2.txt,TERMINATING,"1,13","305,83","72,39","379,35",1832,TERMINATING,5,12,17,Affine Template / Affine Template
ATVA2026_benchmark/TERM_LASSO//lasso_traces_Problem17_prop_002_true-valid-ltl.c/lasso_trace_2.txt,TERMINATING,"1,01","273,09","83,19","357,29",3258,TERMINATING,5,12,17,Affine Template / Affine Template
ATVA2026_benchmark/TERM_LASSO//lasso_traces_Problem17_prop_003_true-valid-ltl.c/lasso_trace_2.txt,TERMINATING,"1,08","264,51","72,34","337,93",2577,TERMINATING,5,12,17,Affine Template / Affine Template
ATVA2026_benchmark/TERM_LASSO//lasso_traces_Problem17_prop_004_false-valid-ltl.c/lasso_trace_2.txt,TERMINATING,"0,94","278,09","73,79","352,82",1996,TERMINATING,5,12,17,Affine Template / Affine Template
ATVA2026_benchmark/TERM_LASSO//lasso_traces_Problem17_prop_005_true-valid-ltl.c/lasso_trace_2.txt,TERMINATING,"1,1","271,18","73,68","345,96",2630,TERMINATING,5,12,17,Affine Template / Affine Template
ATVA2026_benchmark/TERM_LASSO//lasso_traces_Problem17_prop_006_false-valid-ltl.c/lasso_trace_2.txt,TERMINATING,"1,03","300,25","82,08","383,36",1929,TERMINATING,5,12,17,Affine Template / Affine Template
ATVA2026_benchmark/TERM_LASSO//lasso_traces_Problem17_prop_007_true-valid-ltl.c/lasso_trace_2.txt,TERMINATING,"1,11","299,01","70,01","370,13",2387,TERMINATING,5,12,17,Affine Template / Affine Template
ATVA2026_benchmark/TERM_LASSO//lasso_traces_Problem17_prop_008_true-valid-ltl.c/lasso_trace_2.txt,TERMINATING,"1,04","272,13","72,49","345,66",1983,TERMINATING,5,12,17,Affine Template / Affine Template
ATVA2026_benchmark/TERM_LASSO//lasso_traces_Problem17_prop_009_false-valid-ltl.c/lasso_trace_2.txt,TERMINATING,"1,16","291,41","85,38","377,95",1935,TERMINATING,5,12,17,Affine Template / Affine Template
ATVA2026_benchmark/TERM_LASSO//lasso_traces_Problem17_prop_010_true-valid-ltl.c/lasso_trace_2.txt,TERMINATING,"1,06","272,36","72,63","346,05",1836,TERMINATING,5,12,17,Affine Template / Affine Template
ATVA2026_benchmark/TERM_LASSO//lasso_traces_Problem17_prop_011_true-valid-ltl.c/lasso_trace_2.txt,TERMINATING,"1,04","269,13","74,98","345,15",1908,TERMINATING,5,12,17,Affine Template / Affine Template
ATVA2026_benchmark/TERM_LASSO//lasso_traces_Problem17_prop_012_false-valid-ltl.c/lasso_trace_2.txt,TERMINATING,"1,04","282,07","70,4","353,51",2677,TERMINATING,5,12,17,Affine Template / Affine Template
ATVA2026_benchmark/TERM_LASSO//lasso_traces_Problem17_prop_013_false-valid-ltl.c/lasso_trace_2.txt,TERMINATING,"1,17","269,36","71,62","342,15",1804,TERMINATING,5,12,17,Affine Template / Affine Template
ATVA2026_benchmark/TERM_LASSO//lasso_traces_Problem17_prop_014_false-valid-ltl.c/lasso_trace_2.txt,TERMINATING,"1,17","286,07","71,77","359,01",1907,TERMINATING,5,12,17,Affine Template / Affine Template
ATVA2026_benchmark/TERM_LASSO//lasso_traces_Problem17_prop_015_true-valid-ltl.c/lasso_trace_2.txt,TERMINATING,"1,11","277,82","74,77","353,7",1758,TERMINATING,5,12,17,Affine Template / Affine Template
ATVA2026_benchmark/TERM_LASSO//lasso_traces_Problem17_prop_016_false-valid-ltl.c/lasso_trace_2.txt,TERMINATING,"1,14","293,18","72,77","367,09",2123,TERMINATING,5,12,17,Affine Template / Affine Template
ATVA2026_benchmark/TERM_LASSO//lasso_traces_Problem17_prop_017_true-valid-ltl.c/lasso_trace_2.txt,TERMINATING,"1,1","277,17","71,17","349,44",2324,TERMINATING,5,12,17,Affine Template / Affine Template
ATVA2026_benchmark/TERM_LASSO//lasso_traces_Problem17_prop_018_true-valid-ltl.c/lasso_trace_2.txt,TERMINATING,"1,09","290,86","72,3","364,25",2045,TERMINATING,5,12,17,Affine Template / Affine Template
ATVA2026_benchmark/TERM_LASSO//lasso_traces_Problem17_prop_019_false-valid-ltl.c/lasso_trace_2.txt,TERMINATING,"1,1","274,94","76,16","352,2",2355,TERMINATING,5,12,17,Affine Template / Affine Template
ATVA2026_benchmark/TERM_LASSO//lasso_traces_Problem17_prop_020_true-valid-ltl.c/lasso_trace_2.txt,TERMINATING,"1,43","288,78","71,36","361,57",1688,TERMINATING,5,12,17,Affine Template / Affine Template
ATVA2026_benchmark/TERM_LASSO//lasso_traces_Problem17_prop_021_false-valid-ltl.c/lasso_trace_2.txt,TERMINATING,"1,14","296,74","70,91","368,79",1903,TERMINATING,5,12,17,Affine Template / Affine Template
ATVA2026_benchmark/TERM_LASSO//lasso_traces_Problem17_prop_022_true-valid-ltl.c/lasso_trace_2.txt,TERMINATING,"1,05","259,37","74,08","334,5",2637,TERMINATING,5,12,17,Affine Template / Affine Template
ATVA2026_benchmark/TERM_LASSO//lasso_traces_Problem17_prop_023_true-valid-ltl.c/lasso_trace_2.txt,TERMINATING,"1,15","304,65","74,1","379,9",2079,TERMINATING,5,12,17,Affine Template / Affine Template
ATVA2026_benchmark/TERM_LASSO//lasso_traces_Problem17_prop_024_false-valid-ltl.c/lasso_trace_2.txt,TERMINATING,"1,14","279,45","71,81","352,4",3598,TERMINATING,5,12,17,Affine Template / Affine Template
ATVA2026_benchmark/TERM_LASSO//lasso_traces_Problem17_prop_025_false-valid-ltl.c/lasso_trace_2.txt,TERMINATING,"1,13","269,06","82,48","352,67",1771,TERMINATING,5,12,17,Affine Template / Affine Template
ATVA2026_benchmark/TERM_LASSO//lasso_traces_Problem17_prop_026_true-valid-ltl.c/lasso_trace_2.txt,TERMINATING,"1,1","272,57","73,15","346,82",2438,TERMINATING,5,12,17,Affine Template / Affine Template
ATVA2026_benchmark/TERM_LASSO//lasso_traces_Problem17_prop_027_true-valid-ltl.c/lasso_trace_2.txt,TERMINATING,"1,18","272,74","74,94","348,86",1894,TERMINATING,5,12,17,Affine Template / Affine Template
ATVA2026_benchmark/TERM_LASSO//lasso_traces_Problem17_prop_028_true-valid-ltl.c/lasso_trace_2.txt,TERMINATING,"1,06","294,88","71,15","367,09",2544,TERMINATING,5,12,17,Affine Template / Affine Template
ATVA2026_benchmark/TERM_LASSO//lasso_traces_Problem17_prop_029_false-valid-ltl.c/lasso_trace_2.txt,TERMINATING,1,"284,15","72,4","357,55",2248,TERMINATING,5,12,17,Affine Template / Affine Template
ATVA2026_benchmark/TERM_LASSO//lasso_traces_Problem17_prop_030_true-valid-ltl.c/lasso_trace_2.txt,TERMINATING,"1,06","295,4","71,34","367,8",1974,TERMINATING,5,12,17,Affine Template / Affine Template
ATVA2026_benchmark/TERM_LASSO//lasso_traces_Problem17_prop_031_true-valid-ltl.c/lasso_trace_2.txt,TERMINATING,"1,12","277,87","76,87","355,86",1619,TERMINATING,5,12,17,Affine Template / Affine Template
ATVA2026_benchmark/TERM_LASSO//lasso_traces_Problem17_prop_032_true-valid-ltl.c/lasso_trace_2.txt,TERMINATING,"1,09","274,53","74,77","350,39",2261,TERMINATING,5,12,17,Affine Template / Affine Template
ATVA2026_benchmark/TERM_LASSO//lasso_traces_Problem17_prop_033_false-valid-ltl.c/lasso_trace_2.txt,TERMINATING,"1,02","283,83","71,57","356,42",2812,TERMINATING,5,12,17,Affine Template / Affine Template
ATVA2026_benchmark/TERM_LASSO//lasso_traces_Problem17_prop_034_false-valid-ltl.c/lasso_trace_2.txt,TERMINATING,"0,98","282,83","69,24","353,05",3187,TERMINATING,5,12,17,Affine Template / Affine Template
ATVA2026_benchmark/TERM_LASSO//lasso_traces_Problem17_prop_035_true-valid-ltl.c/lasso_trace_2.txt,TERMINATING,"0,93","294,95","72,04","367,92",1950,TERMINATING,5,12,17,Affine Template / Affine Template
ATVA2026_benchmark/TERM_LASSO//lasso_traces_Problem17_prop_036_false-valid-ltl.c/lasso_trace_2.txt,TERMINATING,"1,08","270,76","69,43","341,27",2891,TERMINATING,5,12,17,Affine Template / Affine Template
ATVA2026_benchmark/TERM_LASSO//lasso_traces_Problem17_prop_037_true-valid-ltl.c/lasso_trace_2.txt,TERMINATING,"1,05","270,66","73,01","344,72",1570,TERMINATING,5,12,17,Affine Template / Affine Template
ATVA2026_benchmark/TERM_LASSO//lasso_traces_Problem17_prop_038_true-valid-ltl.c/lasso_trace_2.txt,TERMINATING,"1,11","312,97","70,82","384,9",1773,TERMINATING,5,12,17,Affine Template / Affine Template
ATVA2026_benchmark/TERM_LASSO//lasso_traces_Problem17_prop_039_false-valid-ltl.c/lasso_trace_2.txt,TERMINATING,"0,96","266,6","75,41","342,97",2939,TERMINATING,5,12,17,Affine Template / Affine Template
ATVA2026_benchmark/TERM_LASSO//lasso_traces_Problem17_prop_040_false-valid-ltl.c/lasso_trace_2.txt,TERMINATING,"1,06","296,16","71,8","369,02",2014,TERMINATING,5,12,17,Affine Template / Affine Template
ATVA2026_benchmark/TERM_LASSO//lasso_traces_Problem17_prop_041_true-valid-ltl.c/lasso_trace_2.txt,TERMINATING,"1,11","273,9","74,95","349,96",3158,TERMINATING,5,12,17,Affine Template / Affine Template
ATVA2026_benchmark/TERM_LASSO//lasso_traces_Problem17_prop_042_false-valid-ltl.c/lasso_trace_2.txt,TERMINATING,"1,05","269,45","72,49","342,99",2500,TERMINATING,5,12,17,Affine Template / Affine Template
ATVA2026_benchmark/TERM_LASSO//lasso_traces_Problem17_prop_043_false-valid-ltl.c/lasso_trace_2.txt,TERMINATING,"1,06","268,44","82,28","351,78",3301,TERMINATING,5,12,17,Affine Template / Affine Template
ATVA2026_benchmark/TERM_LASSO//lasso_traces_Problem17_prop_044_true-valid-ltl.c/lasso_trace_2.txt,TERMINATING,"1,07","273,87","84,48","359,42",3367,TERMINATING,5,12,17,Affine Template / Affine Template
ATVA2026_benchmark/TERM_LASSO//lasso_traces_Problem17_prop_045_false-valid-ltl.c/lasso_trace_2.txt,TERMINATING,"1,06","294,79","72,01","367,86",2648,TERMINATING,5,12,17,Affine Template / Affine Template
ATVA2026_benchmark/TERM_LASSO//lasso_traces_Problem17_prop_046_true-valid-ltl.c/lasso_trace_2.txt,TERMINATING,"1,13","268,89","80,61","350,63",1926,TERMINATING,5,12,17,Affine Template / Affine Template
ATVA2026_benchmark/TERM_LASSO//lasso_traces_Problem17_prop_047_false-valid-ltl.c/lasso_trace_2.txt,TERMINATING,"1,02","286,4","80,33","367,75",2514,TERMINATING,5,12,17,Affine Template / Affine Template
ATVA2026_benchmark/TERM_LASSO//lasso_traces_Problem17_prop_048_true-valid-ltl.c/lasso_trace_2.txt,TERMINATING,"0,96","310,56","70,8","382,32",1791,TERMINATING,5,12,17,Affine Template / Affine Template
ATVA2026_benchmark/TERM_LASSO//lasso_traces_Problem17_prop_049_false-valid-ltl.c/lasso_trace_2.txt,TERMINATING,"0,9","272,3","70,67","343,87",2161,TERMINATING,5,12,17,Affine Template / Affine Template
ATVA2026_benchmark/TERM_LASSO//lasso_traces_Problem18_label00_false-unreach-call.c/lasso_trace_3.txt,TERMINATING,"0,51","66,06","54,05","120,62",21,TERMINATING,6,127,133,Affine Template / Affine Template
ATVA2026_benchmark/TERM_LASSO//lasso_traces_proc-looping-call.bpl/lasso_trace_1.txt,TERMINATING,"2,03","46,58","38,42","87,03",4,TERMINATING,1,4,5,Affine Template / Affine Template
ATVA2026_benchmark/TERM_LASSO//lasso_traces_proc-procedure-without-impl.bpl/lasso_trace_1.txt,TERMINATING,2,"59,51","52,77","114,28",4,TERMINATING,1,2,3,Affine Template / Affine Template
ATVA2026_benchmark/TERM_LASSO//lasso_traces_Programm1.bpl/lasso_trace_1.txt,TERMINATING,"2,12","48,6","35,19","85,91",4,TERMINATING,1,1,2,Affine Template / Affine Template
ATVA2026_benchmark/TERM_LASSO//lasso_traces_programWithLoopInProcedure.bpl/lasso_trace_1.txt,TERMINATING,"1,83","34,57","33,5","69,9",3,TERMINATING,0,1,1,Affine Template / Affine Template
ATVA2026_benchmark/TERM_LASSO//lasso_traces_Pure2Phase_true-termination.c/lasso_trace_1.txt,TERMINATING,"1,94","115,72","57,66","175,32",17,TERMINATING,5,1,6,Affine Template / Affine Template
ATVA2026_benchmark/TERM_LASSO//lasso_traces_Pure2Phase-1_termination.c/lasso_trace_1.txt,TERMINATING,"3,85","117,07","82,71","203,63",8,TERMINATING,7,2,9,Affine Template / Affine Template
ATVA2026_benchmark/TERM_LASSO//lasso_traces_Pure2Phase-1_termination.c/lasso_trace_2.txt,TERMINATING,"0,47","112,26","131,22","243,95",8,TERMINATING,9,3,12,Affine Template / Affine Template
ATVA2026_benchmark/TERM_LASSO//lasso_traces_Pure2Phase-1_termination.c/lasso_trace_3.txt,TERMINATING,"0,5","82,68","106,59","189,77",8,TERMINATING,10,2,12,Affine Template / Affine Template
ATVA2026_benchmark/TERM_LASSO//lasso_traces_Pure2Phase-1_termination.c/lasso_trace_4.txt,TERMINATING,"0,42","31,82","40,57","72,81",8,TERMINATING,13,2,15,Affine Template / Affine Template
ATVA2026_benchmark/TERM_LASSO//lasso_traces_Pure2Phase-1.c/lasso_trace_1.txt,TERMINATING,"3,44","123,11","86,23","212,78",8,TERMINATING,7,2,9,Affine Template / Affine Template
ATVA2026_benchmark/TERM_LASSO//lasso_traces_Pure2Phase-1.c/lasso_trace_2.txt,TERMINATING,"0,39","109,81","122,63","232,83",8,TERMINATING,9,3,12,Affine Template / Affine Template
ATVA2026_benchmark/TERM_LASSO//lasso_traces_Pure2Phase-1.c/lasso_trace_3.txt,TERMINATING,"0,41","86,64","115,45","202,5",8,TERMINATING,10,2,12,Affine Template / Affine Template
ATVA2026_benchmark/TERM_LASSO//lasso_traces_Pure2Phase-1.c/lasso_trace_4.txt,TERMINATING,"0,28","28,15","38,12","66,55",8,TERMINATING,13,2,15,Affine Template / Affine Template
ATVA2026_benchmark/TERM_LASSO//lasso_traces_Pure2Phase-2_no-overflow.c/lasso_trace_1.txt,TERMINATING,"2,12","124,62","54,99","181,73",16,TERMINATING,5,1,6,Affine Template / Affine Template
ATVA2026_benchmark/TERM_LASSO//lasso_traces_Pure2Phase-2.c/lasso_trace_1.txt,TERMINATING,"2,07","107,66","57,91","167,64",16,TERMINATING,5,1,6,Affine Template / Affine Template
ATVA2026_benchmark/TERM_LASSO//lasso_traces_Pure3Phase_true-termination.c/lasso_trace_1.txt,TERMINATING,"1,95","2936,67","78,65","3017,27",73,TERMINATING,5,1,6,3-Phase Template / 4-Nested Template
ATVA2026_benchmark/TERM_LASSO//lasso_traces_Pure3Phase-1_termination.c/lasso_trace_1.txt,TERMINATING,"2,32",3138,"122,4","3262,72",55,TERMINATING,8,1,9,3-Phase Template / 3-Nested Template
ATVA2026_benchmark/TERM_LASSO//lasso_traces_Pure3Phase-1.c/lasso_trace_1.txt,TERMINATING,"3,66","2930,97","123,47","3058,1",68,TERMINATING,8,1,9,3-Phase Template / 3-Nested Template
ATVA2026_benchmark/TERM_LASSO//lasso_traces_Pure3Phase-2_no-overflow.c/lasso_trace_1.txt,TERMINATING,"2,72","3294,96","79,98","3377,66",67,TERMINATING,5,1,6,3-Phase Template / 3-Nested Template
ATVA2026_benchmark/TERM_LASSO//lasso_traces_Pure3Phase-2.c/lasso_trace_1.txt,TERMINATING,"2,1","3009,08","78,45","3089,63",73,TERMINATING,5,1,6,3-Phase Template / 4-Nested Template
ATVA2026_benchmark/TERM_LASSO//lasso_traces_qrdcmp.c.i.qrdcmp.pl.t2.fixed.t2.c/lasso_trace_1.txt,TERMINATING,"2,06","171,02","371,64","544,72",14,TERMINATING,85,40,125,Affine Template / Affine Template
ATVA2026_benchmark/TERM_LASSO//lasso_traces_qrdcmp.c.i.qrdcmp.pl.t2.fixed.t2.c/lasso_trace_2.txt,TERMINATING,"0,59","332,26","448,21","781,06",42,TERMINATING,123,26,149,Affine Template / Affine Template
ATVA2026_benchmark/TERM_LASSO//lasso_traces_qrdcmp.c.i.qrdcmp.pl.t2.fixed.t2.c/lasso_trace_3.txt,TERMINATING,"0,49","198,56","216,52","415,57",18,TERMINATING,124,40,164,Affine Template / Affine Template
ATVA2026_benchmark/TERM_LASSO//lasso_traces_qrdcmp.c.i.qrdcmp.pl.t2.fixed.t2.c/lasso_trace_6.txt,TERMINATING,"0,38","86,66","141,12","228,16",19,TERMINATING,172,35,207,Affine Template / Affine Template
ATVA2026_benchmark/TERM_LASSO//lasso_traces_qrdcmp.c.i.qrdcmp.pl.t2.nor.t2.rlgfixed.t2.c/lasso_trace_1.txt,TERMINATING,"1,94","152,21","372,17","526,32",14,TERMINATING,85,40,125,Affine Template / Affine Template
ATVA2026_benchmark/TERM_LASSO//lasso_traces_qrdcmp.c.i.qrdcmp.pl.t2.nor.t2.rlgfixed.t2.c/lasso_trace_2.txt,TERMINATING,"0,57","340,82","435,19","776,58",42,TERMINATING,123,26,149,Affine Template / Affine Template
ATVA2026_benchmark/TERM_LASSO//lasso_traces_qrdcmp.c.i.qrdcmp.pl.t2.nor.t2.rlgfixed.t2.c/lasso_trace_3.txt,TERMINATING,"0,43","203,97","211,33","415,73",18,TERMINATING,124,40,164,Affine Template / Affine Template
ATVA2026_benchmark/TERM_LASSO//lasso_traces_qrdcmp.c.i.qrdcmp.pl.t2.nor.t2.rlgfixed.t2.c/lasso_trace_6.txt,TERMINATING,"0,38","87,93","145,3","233,61",19,TERMINATING,172,35,207,Affine Template / Affine Template
ATVA2026_benchmark/TERM_LASSO//lasso_traces_qrdcmp.t2.c/lasso_trace_1.txt,TERMINATING,"2,28","137,41","380,81","520,5",14,TERMINATING,85,40,125,Affine Template / Affine Template
ATVA2026_benchmark/TERM_LASSO//lasso_traces_qrdcmp.t2.c/lasso_trace_2.txt,TERMINATING,"0,49","328,39","416,64","745,52",16,TERMINATING,98,26,124,Affine Template / Affine Template
ATVA2026_benchmark/TERM_LASSO//lasso_traces_Queen.bpl/lasso_trace_1.txt,TERMINATING,"7,64","338,91",0,"346,55",12,TERMINATING,0,12,12,Affine Template / Affine Template
ATVA2026_benchmark/TERM_LASSO//lasso_traces_Queen.bpl/lasso_trace_3.txt,TERMINATING,"0,94","207,52",0,"208,46",7,TERMINATING,1,8,9,Affine Template / Affine Template
ATVA2026_benchmark/TERM_LASSO//lasso_traces_Queen.bpl/lasso_trace_5.txt,TERMINATING,"1,74","568,05",0,"569,79",7,TERMINATING,3,4,7,Affine Template / Affine Template
ATVA2026_benchmark/TERM_LASSO//lasso_traces_queens.t2.c/lasso_trace_1.txt,TERMINATING,"1,7","159,93","98,21","259,84",9,TERMINATING,56,13,69,Affine Template / Affine Template
ATVA2026_benchmark/TERM_LASSO//lasso_traces_queue_1.t2.c/lasso_trace_1.txt,TERMINATING,"1,7","160,7","193,22","355,62",6,TERMINATING,24,25,49,Affine Template / Affine Template
ATVA2026_benchmark/TERM_LASSO//lasso_traces_queue_10.t2.c/lasso_trace_1.txt,TERMINATING,"2,07","177,71","187,93","367,71",7,TERMINATING,24,25,49,Affine Template / Affine Template
ATVA2026_benchmark/TERM_LASSO//lasso_traces_queue_100.t2.c/lasso_trace_1.txt,TERMINATING,"1,75","160,58","195,88","358,21",6,TERMINATING,24,25,49,Affine Template / Affine Template
ATVA2026_benchmark/TERM_LASSO//lasso_traces_queue_1000.t2.c/lasso_trace_1.txt,TERMINATING,"1,74","167,37","191,8","360,91",7,TERMINATING,24,25,49,Affine Template / Affine Template
ATVA2026_benchmark/TERM_LASSO//lasso_traces_Ramciel.bpl/lasso_trace_1.txt,TERMINATING,"7,52","144,49","134,09","286,1",3,TERMINATING,0,1,1,Affine Template / Affine Template
ATVA2026_benchmark/TERM_LASSO//lasso_traces_randomwalk_withassume.t2.c/lasso_trace_1.txt,TERMINATING,"1,86","67,88","36,64","106,38",13,TERMINATING,51,43,94,Affine Template / Affine Template
ATVA2026_benchmark/TERM_LASSO//lasso_traces_randomwalk_withassume.t2.c/lasso_trace_10.txt,TERMINATING,"0,59","262,6","41,11","304,3",36,TERMINATING,279,90,369,Affine Template / Affine Template
ATVA2026_benchmark/TERM_LASSO//lasso_traces_randomwalk_withassume.t2.c/lasso_trace_3.txt,TERMINATING,"0,36","143,27","212,68","356,31",16,TERMINATING,135,61,196,Affine Template / Affine Template
ATVA2026_benchmark/TERM_LASSO//lasso_traces_randomwalk_withassume.t2.c/lasso_trace_4.txt,TERMINATING,"0,36","103,53","139,91","243,8",16,TERMINATING,178,57,235,Affine Template / Affine Template
ATVA2026_benchmark/TERM_LASSO//lasso_traces_randomwalk.t2.c/lasso_trace_1.txt,TERMINATING,"1,8","158,64","184,16","344,6",13,TERMINATING,51,38,89,Affine Template / Affine Template
ATVA2026_benchmark/TERM_LASSO//lasso_traces_randomwalk.t2.c/lasso_trace_3.txt,TERMINATING,"0,36","110,37","126,11","236,84",33,TERMINATING,54,56,110,Affine Template / Affine Template
ATVA2026_benchmark/TERM_LASSO//lasso_traces_randomwalk.t2.c/lasso_trace_4.txt,TERMINATING,"0,44","91,35","219,41","311,2",13,TERMINATING,89,56,145,Affine Template / Affine Template
ATVA2026_benchmark/TERM_LASSO//lasso_traces_randomwalk.t2.c/lasso_trace_7.txt,TERMINATING,"0,34","94,14","143,49","237,97",14,TERMINATING,197,38,235,Affine Template / Affine Template
ATVA2026_benchmark/TERM_LASSO//lasso_traces_rec_counter1_no-overflow.c/lasso_trace_1.txt,TERMINATING,"1,79","180,04","157,88","339,71",10,TERMINATING,7,3,10,Affine Template / Affine Template
ATVA2026_benchmark/TERM_LASSO//lasso_traces_rec_counter1_no-overflow.c/lasso_trace_3.txt,TERMINATING,"0,39","37,93","49,53","87,85",7,TERMINATING,22,1,23,Affine Template / Affine Template
ATVA2026_benchmark/TERM_LASSO//lasso_traces_rec_counter1_true-termination.c/lasso_trace_1.txt,TERMINATING,"1,78","160,7","156,51","318,99",12,TERMINATING,7,3,10,Affine Template / Affine Template
ATVA2026_benchmark/TERM_LASSO//lasso_traces_rec_counter1_true-termination.c/lasso_trace_3.txt,TERMINATING,"0,36","46,82","38,65","85,83",7,TERMINATING,22,1,23,Affine Template / Affine Template
ATVA2026_benchmark/TERM_LASSO//lasso_traces_rec_counter1.c/lasso_trace_1.txt,TERMINATING,"1,95","167,93","161,55","331,43",11,TERMINATING,7,3,10,Affine Template / Affine Template
ATVA2026_benchmark/TERM_LASSO//lasso_traces_rec_counter1.c/lasso_trace_3.txt,TERMINATING,"0,31","40,12","43,03","83,46",7,TERMINATING,22,1,23,Affine Template / Affine Template
ATVA2026_benchmark/TERM_LASSO//lasso_traces_rec_counter3_no-overflow.c/lasso_trace_1.txt,TERMINATING,"1,98","163,78","161,3","327,06",10,TERMINATING,7,3,10,Affine Template / Affine Template
ATVA2026_benchmark/TERM_LASSO//lasso_traces_rec_counter3_no-overflow.c/lasso_trace_5.txt,TERMINATING,"0,39","44,93","40,24","85,56",7,TERMINATING,22,1,23,Affine Template / Affine Template
ATVA2026_benchmark/TERM_LASSO//lasso_traces_rec_counter3_true-termination.c/lasso_trace_1.txt,TERMINATING,"1,78","162,52","159,65","323,95",11,TERMINATING,7,3,10,Affine Template / Affine Template
ATVA2026_benchmark/TERM_LASSO//lasso_traces_rec_counter3_true-termination.c/lasso_trace_5.txt,TERMINATING,"0,36","45,32","39,93","85,61",7,TERMINATING,22,1,23,Affine Template / Affine Template
ATVA2026_benchmark/TERM_LASSO//lasso_traces_rec_counter3.c/lasso_trace_1.txt,TERMINATING,"1,75","158,18","162,27","322,2",10,TERMINATING,7,3,10,Affine Template / Affine Template
ATVA2026_benchmark/TERM_LASSO//lasso_traces_rec_counter3.c/lasso_trace_5.txt,TERMINATING,"0,36","46,81","44,63","91,8",7,TERMINATING,22,1,23,Affine Template / Affine Template
ATVA2026_benchmark/TERM_LASSO//lasso_traces_rec_malloc_ex3_valid-memsafety.c/lasso_trace_1.txt,TERMINATING,"2,05","121,76",0,"123,81",25,TERMINATING,5,13,18,Affine Template / Affine Template
ATVA2026_benchmark/TERM_LASSO//lasso_traces_rec_malloc_ex3.c/lasso_trace_1.txt,TERMINATING,"2,14","117,92",0,"120,06",20,TERMINATING,5,13,18,Affine Template / Affine Template
ATVA2026_benchmark/TERM_LASSO//lasso_traces_recHanoi01_true-unreach-call_true-termination.c/lasso_trace_1.txt,TERMINATING,"3,39","148,17","125,65","277,21",23,TERMINATING,7,3,10,Affine Template / Affine Template
ATVA2026_benchmark/TERM_LASSO//lasso_traces_recHanoi02_true-termination.c/lasso_trace_1.txt,TERMINATING,"1,84","64,02","60,36","126,22",8,TERMINATING,7,3,10,Affine Template / Affine Template
ATVA2026_benchmark/TERM_LASSO//lasso_traces_recursive-CallABAB_count_incorrect.bpl/lasso_trace_5.txt,TERMINATING,"0,25","43,63","43,72","87,6",14,TERMINATING,12,8,20,Affine Template / Affine Template
ATVA2026_benchmark/TERM_LASSO//lasso_traces_recursive-CallABAB_count.bpl/lasso_trace_1.txt,TERMINATING,"1,73","84,73","118,76","205,22",10,TERMINATING,0,4,4,Affine Template / Affine Template
ATVA2026_benchmark/TERM_LASSO//lasso_traces_recursive-CallABAB_count.bpl/lasso_trace_2.txt,TERMINATING,"0,3","35,25","82,58","118,13",7,TERMINATING,0,4,4,Affine Template / Affine Template
ATVA2026_benchmark/TERM_LASSO//lasso_traces_recursive-CallABAB_count.bpl/lasso_trace_3.txt,TERMINATING,"0,3","45,11","61,73","107,14",7,TERMINATING,0,4,4,Affine Template / Affine Template
ATVA2026_benchmark/TERM_LASSO//lasso_traces_recursive-CallABAB_count.bpl/lasso_trace_4.txt,TERMINATING,"0,38","61,36","79,58","141,32",9,TERMINATING,2,4,6,Affine Template / Affine Template
ATVA2026_benchmark/TERM_LASSO//lasso_traces_recursive-CallABAB_count.bpl/lasso_trace_6.txt,TERMINATING,"0,46","93,3","86,79","180,55",10,TERMINATING,3,4,7,Affine Template / Affine Template
ATVA2026_benchmark/TERM_LASSO//lasso_traces_recursive-CallABAB_count.bpl/lasso_trace_8.txt,TERMINATING,"0,39","48,67","62,93","111,99",15,TERMINATING,6,8,14,Affine Template / Affine Template
ATVA2026_benchmark/TERM_LASSO//lasso_traces_recursive-CallABAB_incorrect.bpl/lasso_trace_6.txt,TERMINATING,"0,27","86,31",63,"149,58",10,TERMINATING,15,8,23,Affine Template / Affine Template
ATVA2026_benchmark/TERM_LASSO//lasso_traces_recursive-CallABAB_simple_incorrect.bpl/lasso_trace_1.txt,TERMINATING,"2,12","81,47","71,17","154,76",5,TERMINATING,1,3,4,Affine Template / Affine Template
ATVA2026_benchmark/TERM_LASSO//lasso_traces_recursive-CallABAB_simple_incorrect.bpl/lasso_trace_2.txt,TERMINATING,"0,36","27,91","28,45","56,72",6,TERMINATING,3,3,6,Affine Template / Affine Template
ATVA2026_benchmark/TERM_LASSO//lasso_traces_recursive-CallABAB_simple_incorrect.bpl/lasso_trace_3.txt,TERMINATING,"0,24","83,19","96,69","180,12",5,TERMINATING,6,3,9,Affine Template / Affine Template
ATVA2026_benchmark/TERM_LASSO//lasso_traces_recursive-CallABAB_simple_incorrect.bpl/lasso_trace_4.txt,TERMINATING,"0,33","83,51","107,59","191,43",6,TERMINATING,9,3,12,Affine Template / Affine Template
ATVA2026_benchmark/TERM_LASSO//lasso_traces_recursive-CallABAB_simple_incorrect.bpl/lasso_trace_5.txt,TERMINATING,"0,25","62,96","51,32","114,53",5,TERMINATING,6,6,12,Affine Template / Affine Template
ATVA2026_benchmark/TERM_LASSO//lasso_traces_recursive-CallABAB_simple_incorrect.bpl/lasso_trace_6.txt,TERMINATING,"0,25","64,73","85,6","150,58",5,TERMINATING,7,3,10,Affine Template / Affine Template
ATVA2026_benchmark/TERM_LASSO//lasso_traces_recursive-CallABAB_simple_incorrect.bpl/lasso_trace_7.txt,TERMINATING,"0,3","28,7","25,29","54,29",5,TERMINATING,10,3,13,Affine Template / Affine Template
ATVA2026_benchmark/TERM_LASSO//lasso_traces_recursive-CallABAB.bpl/lasso_trace_6.txt,TERMINATING,"0,28","82,26","62,64","145,18",11,TERMINATING,15,8,23,Affine Template / Affine Template
ATVA2026_benchmark/TERM_LASSO//lasso_traces_recursive-easy-1.bpl/lasso_trace_1.txt,TERMINATING,"1,98","69,96","50,86","122,8",6,TERMINATING,1,2,3,Affine Template / Affine Template
ATVA2026_benchmark/TERM_LASSO//lasso_traces_recursive-easy-2.bpl/lasso_trace_1.txt,TERMINATING,"3,51","71,1","49,57","124,18",5,TERMINATING,1,2,3,Affine Template / Affine Template
ATVA2026_benchmark/TERM_LASSO//lasso_traces_recursive-easy-3.bpl/lasso_trace_1.txt,TERMINATING,"1,93","60,51","48,15","110,59",6,TERMINATING,1,3,4,Affine Template / Affine Template
ATVA2026_benchmark/TERM_LASSO//lasso_traces_recursive-easy-4.bpl/lasso_trace_1.txt,TERMINATING,"1,84","44,68","57,41","103,93",4,TERMINATING,1,2,3,Affine Template / Affine Template
ATVA2026_benchmark/TERM_LASSO//lasso_traces_recursive.bpl/lasso_trace_1.txt,TERMINATING,"1,74","48,97","49,3","100,01",13,TERMINATING,0,2,2,Affine Template / Affine Template
ATVA2026_benchmark/TERM_LASSO//lasso_traces_RecursiveMultiplication_true-termination.c/lasso_trace_1.txt,TERMINATING,"1,84","163,87","102,97","268,68",7,TERMINATING,6,3,9,Affine Template / Affine Template
ATVA2026_benchmark/TERM_LASSO//lasso_traces_RecursiveMultiplication_true-termination.c/lasso_trace_2.txt,TERMINATING,"0,42","51,92","55,04","107,38",9,TERMINATING,8,4,12,Affine Template / Affine Template
ATVA2026_benchmark/TERM_LASSO//lasso_traces_RecursiveMultiplication-1_termination.c/lasso_trace_1.txt,TERMINATING,"8,19","761,95","879,71","1649,85",11,TERMINATING,8,3,11,Affine Template / Affine Template
ATVA2026_benchmark/TERM_LASSO//lasso_traces_RecursiveMultiplication-1_termination.c/lasso_trace_2.txt,TERMINATING,"5,26","312,66","319,49","637,41",9,TERMINATING,10,4,14,Affine Template / Affine Template
ATVA2026_benchmark/TERM_LASSO//lasso_traces_RecursiveMultiplication-1.c/lasso_trace_1.txt,TERMINATING,"3,05","158,25","114,28","275,58",7,TERMINATING,8,3,11,Affine Template / Affine Template
ATVA2026_benchmark/TERM_LASSO//lasso_traces_RecursiveMultiplication-1.c/lasso_trace_2.txt,TERMINATING,"0,53","60,69","69,28","130,5",9,TERMINATING,10,4,14,Affine Template / Affine Template
ATVA2026_benchmark/TERM_LASSO//lasso_traces_RecursiveMultiplication-2_no-overflow.c/lasso_trace_1.txt,TERMINATING,"11,35","840,16","661,22","1512,73",7,TERMINATING,6,3,9,Affine Template / Affine Template
ATVA2026_benchmark/TERM_LASSO//lasso_traces_RecursiveMultiplication-2_no-overflow.c/lasso_trace_2.txt,TERMINATING,"0,74","101,23","68,1","170,07",8,TERMINATING,8,4,12,Affine Template / Affine Template
ATVA2026_benchmark/TERM_LASSO//lasso_traces_RecursiveMultiplication-2.c/lasso_trace_1.txt,TERMINATING,"2,04","176,43","102,59","281,06",8,TERMINATING,6,3,9,Affine Template / Affine Template
ATVA2026_benchmark/TERM_LASSO//lasso_traces_RecursiveMultiplication-2.c/lasso_trace_2.txt,TERMINATING,"0,44","50,48","58,27","109,19",9,TERMINATING,8,4,12,Affine Template / Affine Template
ATVA2026_benchmark/TERM_LASSO//lasso_traces_recursivity.bpl/lasso_trace_1.txt,TERMINATING,"1,87","32,59","36,2","70,66",4,TERMINATING,0,2,2,Affine Template / Affine Template
ATVA2026_benchmark/TERM_LASSO//lasso_traces_refine_disj_problem.t2.c/lasso_trace_1.txt,TERMINATING,"1,96","138,92","140,37","281,25",7,TERMINATING,20,18,38,Affine Template / Affine Template
ATVA2026_benchmark/TERM_LASSO//lasso_traces_rev_nt2.t2.c/lasso_trace_1.txt,TERMINATING,"1,95","140,38","151,45","293,78",27,TERMINATING,228,41,269,Affine Template / Affine Template
ATVA2026_benchmark/TERM_LASSO//lasso_traces_rev_nt3.t2.c/lasso_trace_1.txt,TERMINATING,"1,9","361,73","608,56","972,19",26,TERMINATING,228,33,261,Affine Template / Affine Template
ATVA2026_benchmark/TERM_LASSO//lasso_traces_reverse_div4.t2.c/lasso_trace_1.txt,TERMINATING,"1,91","178,1","216,7","396,71",36,TERMINATING,231,43,274,Affine Template / Affine Template
ATVA2026_benchmark/TERM_LASSO//lasso_traces_reverse_seg_cyclic.t2.c/lasso_trace_1.txt,TERMINATING,"2,19","81,59","66,24","150,02",41,TERMINATING,331,39,370,Affine Template / Affine Template
ATVA2026_benchmark/TERM_LASSO//lasso_traces_reverse_seg_cyclic.t2.c/lasso_trace_2.txt,TERMINATING,"0,71","788,17","405,48","1194,36",66,TERMINATING,487,139,626,Affine Template / Affine Template
ATVA2026_benchmark/TERM_LASSO//lasso_traces_reverse-bits1_termination.c/lasso_trace_3.txt,TERMINATING,"1,29","175,07","158,1","334,46",68,TERMINATING,8,1,9,Affine Template / Affine Template
ATVA2026_benchmark/TERM_LASSO//lasso_traces_reverse-bits1.c/lasso_trace_3.txt,TERMINATING,"1,04","173,31","162,05","336,4",66,TERMINATING,8,1,9,Affine Template / Affine Template
ATVA2026_benchmark/TERM_LASSO//lasso_traces_reverse.t2.c/lasso_trace_1.txt,TERMINATING,"2,26","1008,24","1233,3","2243,8",46,TERMINATING,359,43,402,Affine Template / Affine Template
ATVA2026_benchmark/TERM_LASSO//lasso_traces_reverse.t2.c/lasso_trace_2.txt,TERMINATING,"0,67","822,42",1082,"1905,09",70,TERMINATING,489,133,622,Affine Template / Affine Template
ATVA2026_benchmark/TERM_LASSO//lasso_traces_rlft3.c.i.rlft3.pl.t2.fixed.t2.c/lasso_trace_1.txt,TERMINATING,"1,84","289,21","358,39","649,44",19,TERMINATING,129,31,160,Affine Template / Affine Template
ATVA2026_benchmark/TERM_LASSO//lasso_traces_rlft3.c.i.rlft3.pl.t2.fixed.t2.c/lasso_trace_2.txt,TERMINATING,"0,97","165,81","245,95","412,73",50,TERMINATING,132,38,170,Affine Template / Affine Template
ATVA2026_benchmark/TERM_LASSO//lasso_traces_rlft3.t2.c/lasso_trace_1.txt,TERMINATING,"3,16","291,31","354,79","649,26",19,TERMINATING,129,31,160,Affine Template / Affine Template
ATVA2026_benchmark/TERM_LASSO//lasso_traces_rlft3.t2.c/lasso_trace_2.txt,TERMINATING,"0,82","160,52","232,72","394,06",48,TERMINATING,132,38,170,Affine Template / Affine Template
ATVA2026_benchmark/TERM_LASSO//lasso_traces_s1-saved.t2.c/lasso_trace_1.txt,TERMINATING,"1,93","488,42","601,37","1091,72",26,TERMINATING,247,31,278,Affine Template / Affine Template
ATVA2026_benchmark/TERM_LASSO//lasso_traces_s1-saved.t2.c/lasso_trace_2.txt,TERMINATING,"0,55","646,47","884,31","1531,33",38,TERMINATING,314,85,399,Affine Template / Affine Template
ATVA2026_benchmark/TERM_LASSO//lasso_traces_s3_clnt_1_false-unreach-call.cil.c/lasso_trace_1.txt,TERMINATING,"2,53","640,85","736,25","1379,63",901,TERMINATING,7,9,16,Affine Template / Affine Template
ATVA2026_benchmark/TERM_LASSO//lasso_traces_s3_clnt_1_false-unreach-call.cil.c/lasso_trace_20.txt,TERMINATING,"1,31","806,57","252,51","1060,39",39712,TERMINATING,51,138,189,Affine Template / Affine Template
ATVA2026_benchmark/TERM_LASSO//lasso_traces_s3_clnt_1_Safe.bpl/lasso_trace_1.txt,TERMINATING,"2,5","464,72","604,72","1071,94",5273,TERMINATING,1,9,10,Affine Template / Affine Template
ATVA2026_benchmark/TERM_LASSO//lasso_traces_s3_clnt_1_Unsafe.bpl/lasso_trace_1.txt,TERMINATING,"2,58","475,57","591,61","1069,76",5317,TERMINATING,1,9,10,Affine Template / Affine Template
ATVA2026_benchmark/TERM_LASSO//lasso_traces_s3_clnt_1.cil.c_16.bpl/lasso_trace_1.txt,TERMINATING,"2,56","495,69","649,77","1148,02",3332,TERMINATING,1,3,4,Affine Template / Affine Template
ATVA2026_benchmark/TERM_LASSO//lasso_traces_s3_clnt_2.cil.c_21.bpl/lasso_trace_1.txt,TERMINATING,"2,41","338,47","477,85","818,73",3313,TERMINATING,1,3,4,Affine Template / Affine Template
ATVA2026_benchmark/TERM_LASSO//lasso_traces_s3_clnt_3.BV.c.cil.c_19.bpl/lasso_trace_1.txt,TERMINATING,"2,14","658,8","931,42","1592,36",1112,TERMINATING,1,3,4,Affine Template / Affine Template
ATVA2026_benchmark/TERM_LASSO//lasso_traces_s3_clnt_3.BV.c.cil.c_19.bpl/lasso_trace_5.txt,TERMINATING,"0,88","232,06","320,32","553,26",2291,TERMINATING,13,9,22,Affine Template / Affine Template
ATVA2026_benchmark/TERM_LASSO//lasso_traces_s3_clnt_3.cil.c_21.bpl/lasso_trace_1.txt,TERMINATING,"2,62","70,99","78,31","151,92",1483,TERMINATING,1,3,4,Affine Template / Affine Template
ATVA2026_benchmark/TERM_LASSO//lasso_traces_s3_clnt_4.cil.c_20.bpl/lasso_trace_1.txt,TERMINATING,"3,45","797,32","1068,53","1869,3",4388,TERMINATING,1,3,4,Affine Template / Affine Template
ATVA2026_benchmark/TERM_LASSO//lasso_traces_s3_srvr_1_alt.BV.c.cil.c_14.bpl/lasso_trace_1.txt,TERMINATING,"2,42","165,88","177,01","345,31",64,TERMINATING,1,3,4,Affine Template / Affine Template
ATVA2026_benchmark/TERM_LASSO//lasso_traces_s3_srvr_1.BV.c.cil.c_21.bpl/lasso_trace_1.txt,TERMINATING,"1,91","159,15","196,88","357,94",56,TERMINATING,1,3,4,Affine Template / Affine Template
ATVA2026_benchmark/TERM_LASSO//lasso_traces_s3_srvr_1.BV.c.cil.c_21.bpl/lasso_trace_12.txt,TERMINATING,"0,46","404,23","468,79","873,48",118,TERMINATING,33,9,42,Affine Template / Affine Template
ATVA2026_benchmark/TERM_LASSO//lasso_traces_s3_srvr_1.cil.c_23.bpl/lasso_trace_1.txt,TERMINATING,"1,88","224,15","238,27","464,3",62,TERMINATING,1,3,4,Affine Template / Affine Template
ATVA2026_benchmark/TERM_LASSO//lasso_traces_s3_srvr_2_alt.BV.c.cil.c_13.bpl/lasso_trace_1.txt,TERMINATING,"2,01","434,26","508,85","945,12",55,TERMINATING,1,3,4,Affine Template / Affine Template
ATVA2026_benchmark/TERM_LASSO//lasso_traces_s3_srvr_2_alt.BV.c.cil.c_13.bpl/lasso_trace_5.txt,TERMINATING,"0,57","258,86","37,37","296,8",1724,TERMINATING,7,6,13,Affine Template / Affine Template
ATVA2026_benchmark/TERM_LASSO//lasso_traces_s3_srvr_2.BV.c.cil.c_13.bpl/lasso_trace_1.txt,TERMINATING,"1,97","393,16","462,5","857,63",49,TERMINATING,1,3,4,Affine Template / Affine Template
ATVA2026_benchmark/TERM_LASSO//lasso_traces_s3_srvr_2.BV.c.cil.c_13.bpl/lasso_trace_5.txt,TERMINATING,"0,64","240,03","37,74","278,41",1590,TERMINATING,7,6,13,Affine Template / Affine Template
ATVA2026_benchmark/TERM_LASSO//lasso_traces_s3_srvr_2.cil.c_16.bpl/lasso_trace_1.txt,TERMINATING,"1,87","201,59","294,19","497,65",63,TERMINATING,1,3,4,Affine Template / Affine Template
ATVA2026_benchmark/TERM_LASSO//lasso_traces_s3_srvr_2.cil.c_16.bpl/lasso_trace_8.txt,TERMINATING,"0,49","760,54","1034,82","1795,85",200,TERMINATING,20,5,25,Affine Template / Affine Template
ATVA2026_benchmark/TERM_LASSO//lasso_traces_s3_srvr_3_alt.BV.c.cil.c_19.bpl/lasso_trace_1.txt,TERMINATING,"2,35","153,26","486,89","642,5",54,TERMINATING,1,3,4,Affine Template / Affine Template
ATVA2026_benchmark/TERM_LASSO//lasso_traces_s3_srvr_3.BV.c.cil.c_19.bpl/lasso_trace_1.txt,TERMINATING,"2,65","152,01","474,89","629,55",53,TERMINATING,1,3,4,Affine Template / Affine Template
ATVA2026_benchmark/TERM_LASSO//lasso_traces_s3_srvr_3.cil.c_20.bpl/lasso_trace_1.txt,TERMINATING,"2,22","200,61","254,95","457,78",62,TERMINATING,1,3,4,Affine Template / Affine Template
ATVA2026_benchmark/TERM_LASSO//lasso_traces_s3_srvr_4.cil.c_14.bpl/lasso_trace_1.txt,TERMINATING,"2,1","263,06","509,08","774,24",56,TERMINATING,1,3,4,Affine Template / Affine Template
ATVA2026_benchmark/TERM_LASSO//lasso_traces_s3_srvr_7.cil.c_19.bpl/lasso_trace_1.txt,TERMINATING,"2,15","150,11","237,43","389,69",59,TERMINATING,1,3,4,Affine Template / Affine Template
ATVA2026_benchmark/TERM_LASSO//lasso_traces_s3-work.t2.c/lasso_trace_1.txt,TERMINATING,"2,04","762,22","1110,68","1874,94",44,TERMINATING,443,31,474,Affine Template / Affine Template
ATVA2026_benchmark/TERM_LASSO//lasso_traces_s3-work.t2.c/lasso_trace_10.txt,TERMINATING,"0,52","1265,87","1615,49","2881,88",75,TERMINATING,936,99,1035,Affine Template / Affine Template
ATVA2026_benchmark/TERM_LASSO//lasso_traces_s3-work.t2.c/lasso_trace_2.txt,TERMINATING,"0,9","927,62","1275,88","2204,4",52,TERMINATING,453,90,543,Affine Template / Affine Template
ATVA2026_benchmark/TERM_LASSO//lasso_traces_s3-work.t2.c/lasso_trace_3.txt,TERMINATING,"0,97","363,59","493,18","857,74",62,TERMINATING,490,89,579,Affine Template / Affine Template
ATVA2026_benchmark/TERM_LASSO//lasso_traces_s3-work.t2.c/lasso_trace_4.txt,TERMINATING,"0,64","818,54","1102,88","1922,06",62,TERMINATING,574,99,673,Affine Template / Affine Template
ATVA2026_benchmark/TERM_LASSO//lasso_traces_s3-work.t2.c/lasso_trace_9.txt,TERMINATING,"0,53","407,38",563,"970,91",76,TERMINATING,755,99,854,Affine Template / Affine Template
ATVA2026_benchmark/TERM_LASSO//lasso_traces_sameRankingfunction_true-termination.bpl/lasso_trace_1.txt,TERMINATING,"1,9","31,47","38,03","71,4",9,TERMINATING,0,1,1,Affine Template / Affine Template
ATVA2026_benchmark/TERM_LASSO//lasso_traces_SanDiego.bpl/lasso_trace_1.txt,TERMINATING,"1,89","29,14","36,86","67,89",6,TERMINATING,0,1,1,Affine Template / Affine Template
ATVA2026_benchmark/TERM_LASSO//lasso_traces_sas1.t2.c/lasso_trace_1.txt,TERMINATING,"1,94","149,22","186,51","337,67",8,TERMINATING,28,31,59,Affine Template / Affine Template
ATVA2026_benchmark/TERM_LASSO//lasso_traces_sas1.t2.c/lasso_trace_2.txt,TERMINATING,"0,41","211,05","209,14","420,6",26,TERMINATING,44,30,74,Affine Template / Affine Template
ATVA2026_benchmark/TERM_LASSO//lasso_traces_sas1.t2.c/lasso_trace_6.txt,TERMINATING,"0,35","207,81","279,73","487,89",28,TERMINATING,150,124,274,Affine Template / Affine Template
ATVA2026_benchmark/TERM_LASSO//lasso_traces_sas2.t2.c/lasso_trace_13.txt,TERMINATING,"0,43","356,83","428,53","785,79",40,TERMINATING,209,49,258,Affine Template / Affine Template
ATVA2026_benchmark/TERM_LASSO//lasso_traces_sas2.t2.c/lasso_trace_3.txt,TERMINATING,"0,65",74,"164,03","238,68",30,TERMINATING,81,51,132,Affine Template / Affine Template
ATVA2026_benchmark/TERM_LASSO//lasso_traces_select.t2.c/lasso_trace_8.txt,TERMINATING,"0,38","317,26","611,24","928,88",22,TERMINATING,133,69,202,Affine Template / Affine Template
ATVA2026_benchmark/TERM_LASSO//lasso_traces_SelectionSort.bpl/lasso_trace_1.txt,TERMINATING,"2,25","64,31",0,"66,56",7,TERMINATING,1,2,3,Affine Template / Affine Template
ATVA2026_benchmark/TERM_LASSO//lasso_traces_SelectionSort.bpl/lasso_trace_2.txt,TERMINATING,"0,84","1108,34",0,"1109,18",47,TERMINATING,2,1,3,Affine Template / Affine Template
ATVA2026_benchmark/TERM_LASSO//lasso_traces_selectSort.t2.c/lasso_trace_1.txt,TERMINATING,"1,94","151,43","146,11","299,48",8,TERMINATING,48,13,61,Affine Template / Affine Template
ATVA2026_benchmark/TERM_LASSO//lasso_traces_selectSort.t2.c/lasso_trace_5.txt,TERMINATING,"0,25","39,99","93,06","133,3",11,TERMINATING,96,21,117,Affine Template / Affine Template
ATVA2026_benchmark/TERM_LASSO//lasso_traces_seq.i_4.bpl/lasso_trace_1.txt,TERMINATING,"2,21","179,85","116,8","298,86",8,TERMINATING,1,1,2,Affine Template / Affine Template
ATVA2026_benchmark/TERM_LASSO//lasso_traces_seq.i_6.bpl/lasso_trace_1.txt,TERMINATING,"2,36","137,77","192,72","332,85",9,TERMINATING,1,1,2,Affine Template / Affine Template
ATVA2026_benchmark/TERM_LASSO//lasso_traces_seq.i_7.bpl/lasso_trace_1.txt,TERMINATING,"2,11","99,01","200,87","301,99",9,TERMINATING,1,1,2,Affine Template / Affine Template
ATVA2026_benchmark/TERM_LASSO//lasso_traces_seq.t2.c/lasso_trace_1.txt,TERMINATING,"2,14","81,84","85,09","169,07",8,TERMINATING,16,9,25,Affine Template / Affine Template
ATVA2026_benchmark/TERM_LASSO//lasso_traces_seq2.t2.c/lasso_trace_1.txt,TERMINATING,"1,91","73,83","90,5","166,24",5,TERMINATING,16,9,25,Affine Template / Affine Template
ATVA2026_benchmark/TERM_LASSO//lasso_traces_Sequence_no-overflow.c/lasso_trace_1.txt,TERMINATING,"10,41","165,49","146,6","322,5",5,TERMINATING,5,1,6,Affine Template / Affine Template
ATVA2026_benchmark/TERM_LASSO//lasso_traces_Sequence.bpl/lasso_trace_1.txt,TERMINATING,"1,81","64,31","33,9","100,02",5,TERMINATING,1,1,2,Affine Template / Affine Template
ATVA2026_benchmark/TERM_LASSO//lasso_traces_Sequence.c/lasso_trace_1.txt,TERMINATING,"2,16","88,02","92,09","182,27",6,TERMINATING,5,1,6,Affine Template / Affine Template
ATVA2026_benchmark/TERM_LASSO//lasso_traces_SiegelauGlobal.bpl/lasso_trace_1.txt,TERMINATING,"2,12","26,24","39,14","67,5",4,TERMINATING,0,2,2,Affine Template / Affine Template
ATVA2026_benchmark/TERM_LASSO//lasso_traces_SiegelauLocal.bpl/lasso_trace_1.txt,TERMINATING,"1,73","31,38","36,47","69,58",3,TERMINATING,0,2,2,Affine Template / Affine Template
ATVA2026_benchmark/TERM_LASSO//lasso_traces_similarSimultaneousUpdate.bpl/lasso_trace_1.txt,TERMINATING,"1,78","26,6","39,13","67,51",4,TERMINATING,0,1,1,Affine Template / Affine Template
ATVA2026_benchmark/TERM_LASSO//lasso_traces_simple_array_inversion.t2.c/lasso_trace_1.txt,TERMINATING,"1,85","61,54","81,82","145,21",5,TERMINATING,16,13,29,Affine Template / Affine Template
ATVA2026_benchmark/TERM_LASSO//lasso_traces_simple_control_on_input.t2.c/lasso_trace_1.txt,TERMINATING,"1,8",94,"33,53","129,33",6,TERMINATING,29,13,42,Affine Template / Affine Template
ATVA2026_benchmark/TERM_LASSO//lasso_traces_simple-scaled100.bpl/lasso_trace_1.txt,TERMINATING,"5,64","38,96","33,08","77,68",414,TERMINATING,1,1,2,Affine Template / Affine Template
ATVA2026_benchmark/TERM_LASSO//lasso_traces_simple-scaled200.bpl/lasso_trace_1.txt,TERMINATING,"8,47","43,29","33,64","85,4",1512,TERMINATING,1,1,2,Affine Template / Affine Template
ATVA2026_benchmark/TERM_LASSO//lasso_traces_simple-scaled250.bpl/lasso_trace_1.txt,TERMINATING,"9,83",37,"37,69","84,52",2289,TERMINATING,1,1,2,Affine Template / Affine Template
ATVA2026_benchmark/TERM_LASSO//lasso_traces_SimpleDeepBug.c/lasso_trace_1.txt,TERMINATING,"1,82","43,96","35,6","81,38",4,TERMINATING,5,1,6,Affine Template / Affine Template
ATVA2026_benchmark/TERM_LASSO//lasso_traces_SimpleDoubleRecursion.bpl/lasso_trace_1.txt,TERMINATING,"1,76","32,1","38,58","72,44",3,TERMINATING,0,2,2,Affine Template / Affine Template
ATVA2026_benchmark/TERM_LASSO//lasso_traces_simpleLoop.bpl/lasso_trace_1.txt,TERMINATING,"1,76","48,85","38,24","88,85",4,TERMINATING,1,1,2,Affine Template / Affine Template
ATVA2026_benchmark/TERM_LASSO//lasso_traces_simpleLoopCountDown.bpl/lasso_trace_1.txt,TERMINATING,"1,98","49,66","39,1","90,74",4,TERMINATING,1,1,2,Affine Template / Affine Template
ATVA2026_benchmark/TERM_LASSO//lasso_traces_simpleProgramWithAssertion.bpl/lasso_trace_1.txt,TERMINATING,"2,98","41,95","38,12","83,05",4,TERMINATING,1,5,6,Affine Template / Affine Template
ATVA2026_benchmark/TERM_LASSO//lasso_traces_simpleProgramWithBiggerLoopAndProcedureUnsafe.bpl/lasso_trace_1.txt,TERMINATING,"1,89","62,05","66,06",130,5,TERMINATING,1,5,6,Affine Template / Affine Template
ATVA2026_benchmark/TERM_LASSO//lasso_traces_simpleProgramWithLoopAndProcedureUnsafe.bpl/lasso_trace_1.txt,TERMINATING,"1,99","40,82","36,9","79,71",4,TERMINATING,1,7,8,Affine Template / Affine Template
ATVA2026_benchmark/TERM_LASSO//lasso_traces_simpleProgramWithLoopAndProcedureUnsafe2.bpl/lasso_trace_1.txt,TERMINATING,"1,92","40,33","34,19","76,44",4,TERMINATING,1,5,6,Affine Template / Affine Template
ATVA2026_benchmark/TERM_LASSO//lasso_traces_simpleProgramWithMultipleProcedureDifferentContextUnsafe.bpl/lasso_trace_1.txt,TERMINATING,"2,06","44,52","38,71","85,29",7,TERMINATING,4,1,5,Affine Template / Affine Template
ATVA2026_benchmark/TERM_LASSO//lasso_traces_simpleProgramWithProcedureAndAssertion.bpl/lasso_trace_1.txt,TERMINATING,"2,27","47,01","38,5","87,78",4,TERMINATING,1,5,6,Affine Template / Affine Template
ATVA2026_benchmark/TERM_LASSO//lasso_traces_simpleProgramWithProcedureLoopInProcedureSafe.bpl/lasso_trace_1.txt,TERMINATING,"1,92","31,3","33,57","66,79",3,TERMINATING,0,1,1,Affine Template / Affine Template
ATVA2026_benchmark/TERM_LASSO//lasso_traces_simpleProgramWithProcedureSafe.bpl/lasso_trace_1.txt,TERMINATING,"2,97","42,29","41,6","86,86",4,TERMINATING,1,5,6,Affine Template / Affine Template
ATVA2026_benchmark/TERM_LASSO//lasso_traces_simpleWhile.t2.c/lasso_trace_1.txt,TERMINATING,"1,99","76,84","158,51","237,34",9,TERMINATING,28,21,49,Affine Template / Affine Template
ATVA2026_benchmark/TERM_LASSO//lasso_traces_singleLine.c/lasso_trace_1.txt,TERMINATING,"2,52","94,84","37,75","135,11",9,TERMINATING,5,1,6,Affine Template / Affine Template
ATVA2026_benchmark/TERM_LASSO//lasso_traces_slayer-1-filtered.t2.c/lasso_trace_1.txt,TERMINATING,"1,94","450,37","577,16","1029,47",32,TERMINATING,261,31,292,Affine Template / Affine Template
ATVA2026_benchmark/TERM_LASSO//lasso_traces_slayer-1-filtered.t2.c/lasso_trace_2.txt,TERMINATING,"0,51","307,42","411,78","719,71",38,TERMINATING,319,62,381,Affine Template / Affine Template
ATVA2026_benchmark/TERM_LASSO//lasso_traces_slayer-1-filtered.t2.c/lasso_trace_3.txt,TERMINATING,"0,59","561,78",653,"1215,37",34,TERMINATING,412,69,481,Affine Template / Affine Template
ATVA2026_benchmark/TERM_LASSO//lasso_traces_slayer-1-rf.t2.c/lasso_trace_1.txt,TERMINATING,"2,11","840,14","720,29","1562,54",34,TERMINATING,311,18,329,Affine Template / Affine Template
ATVA2026_benchmark/TERM_LASSO//lasso_traces_slayer-1-rf.t2.c/lasso_trace_2.txt,TERMINATING,"0,58","210,18","276,28","487,04",47,TERMINATING,375,48,423,Affine Template / Affine Template
ATVA2026_benchmark/TERM_LASSO//lasso_traces_slayer-1-rf.t2.c/lasso_trace_3.txt,TERMINATING,"0,48","971,35","1322,61","2294,44",48,TERMINATING,446,41,487,Affine Template / Affine Template
ATVA2026_benchmark/TERM_LASSO//lasso_traces_slayer-2-filtered.t2.c/lasso_trace_1.txt,TERMINATING,"1,85","59,38","49,57","110,8",7,TERMINATING,34,20,54,Affine Template / Affine Template
ATVA2026_benchmark/TERM_LASSO//lasso_traces_slayer-3-filtered.t2.c/lasso_trace_1.txt,TERMINATING,"2,06","197,23","34,05","233,34",53,TERMINATING,529,31,560,Affine Template / Affine Template
ATVA2026_benchmark/TERM_LASSO//lasso_traces_slayer-3-filtered.t2.c/lasso_trace_10.txt,TERMINATING,"0,67","644,92","914,24","1559,83",75,TERMINATING,845,89,934,Affine Template / Affine Template
ATVA2026_benchmark/TERM_LASSO//lasso_traces_slayer-3-filtered.t2.c/lasso_trace_2.txt,TERMINATING,"0,84","824,54","1040,1","1865,48",59,TERMINATING,529,58,587,Affine Template / Affine Template
ATVA2026_benchmark/TERM_LASSO//lasso_traces_slayer-3-filtered.t2.c/lasso_trace_3.txt,TERMINATING,"0,66","319,08","429,76","749,5",66,TERMINATING,576,61,637,Affine Template / Affine Template
ATVA2026_benchmark/TERM_LASSO//lasso_traces_slayer-3-filtered.t2.c/lasso_trace_4.txt,TERMINATING,"0,56","171,82","174,88","347,26",71,TERMINATING,638,76,714,Affine Template / Affine Template
ATVA2026_benchmark/TERM_LASSO//lasso_traces_slayer-3-filtered.t2.c/lasso_trace_5.txt,TERMINATING,"0,61","86,77","114,44","201,82",60,TERMINATING,688,76,764,Affine Template / Affine Template
ATVA2026_benchmark/TERM_LASSO//lasso_traces_slayer-3-filtered.t2.c/lasso_trace_6.txt,TERMINATING,"0,54","156,6","73,44","230,58",63,TERMINATING,759,76,835,Affine Template / Affine Template
ATVA2026_benchmark/TERM_LASSO//lasso_traces_slayer-3-filtered.t2.c/lasso_trace_7.txt,TERMINATING,"0,68","698,49","991,22","1690,39",84,TERMINATING,730,72,802,Affine Template / Affine Template
ATVA2026_benchmark/TERM_LASSO//lasso_traces_slayer-3-filtered.t2.c/lasso_trace_8.txt,TERMINATING,"0,81","205,69","240,87","447,37",98,TERMINATING,744,130,874,Affine Template / Affine Template
ATVA2026_benchmark/TERM_LASSO//lasso_traces_slayer-3-new.t2.c/lasso_trace_1.txt,TERMINATING,"2,16","321,19","458,47","781,82",62,TERMINATING,520,57,577,Affine Template / Affine Template
ATVA2026_benchmark/TERM_LASSO//lasso_traces_slayer-3-new.t2.c/lasso_trace_10.txt,TERMINATING,"0,77","600,53","815,34","1416,64",111,TERMINATING,775,183,958,Affine Template / Affine Template
ATVA2026_benchmark/TERM_LASSO//lasso_traces_slayer-3-new.t2.c/lasso_trace_11.txt,TERMINATING,"0,83","287,57","357,34","645,74",116,TERMINATING,869,93,962,Affine Template / Affine Template
ATVA2026_benchmark/TERM_LASSO//lasso_traces_slayer-3-new.t2.c/lasso_trace_13.txt,TERMINATING,"0,64","2117,37","2719,19","4837,2",83,TERMINATING,929,130,1059,Affine Template / Affine Template
ATVA2026_benchmark/TERM_LASSO//lasso_traces_slayer-3-new.t2.c/lasso_trace_4.txt,TERMINATING,"0,79","485,94","619,63","1106,36",78,TERMINATING,615,89,704,Affine Template / Affine Template
ATVA2026_benchmark/TERM_LASSO//lasso_traces_slayer-3-new.t2.c/lasso_trace_9.txt,TERMINATING,"0,91","113,78","165,41","280,1",92,TERMINATING,770,108,878,Affine Template / Affine Template
ATVA2026_benchmark/TERM_LASSO//lasso_traces_slayer-3.t2.c/lasso_trace_1.txt,TERMINATING,2,"171,64","48,04","221,68",47,TERMINATING,529,31,560,Affine Template / Affine Template
ATVA2026_benchmark/TERM_LASSO//lasso_traces_slayer-3.t2.c/lasso_trace_10.txt,TERMINATING,"0,88","69,81","350,29","420,98",116,TERMINATING,808,195,1003,Affine Template / Affine Template
ATVA2026_benchmark/TERM_LASSO//lasso_traces_slayer-3.t2.c/lasso_trace_11.txt,TERMINATING,"0,74","1935,49","520,63","2456,86",109,TERMINATING,908,99,1007,Affine Template / Affine Template
ATVA2026_benchmark/TERM_LASSO//lasso_traces_slayer-3.t2.c/lasso_trace_2.txt,TERMINATING,"0,73","833,46","1003,8","1837,99",63,TERMINATING,529,94,623,Affine Template / Affine Template
ATVA2026_benchmark/TERM_LASSO//lasso_traces_slayer-3.t2.c/lasso_trace_3.txt,TERMINATING,"0,71","373,57","524,86","899,14",66,TERMINATING,576,93,669,Affine Template / Affine Template
ATVA2026_benchmark/TERM_LASSO//lasso_traces_slayer-3.t2.c/lasso_trace_4.txt,TERMINATING,"0,58","324,44","401,14","726,16",69,TERMINATING,656,99,755,Affine Template / Affine Template
ATVA2026_benchmark/TERM_LASSO//lasso_traces_slayer-3.t2.c/lasso_trace_9.txt,TERMINATING,"1,11","1466,01","1929,39","3396,51",115,TERMINATING,803,114,917,Affine Template / Affine Template
ATVA2026_benchmark/TERM_LASSO//lasso_traces_slayer-4-filtered.t2.c/lasso_trace_1.txt,TERMINATING,"2,49","4078,39","5526,23","9607,11",162,TERMINATING,1745,31,1776,Affine Template / Affine Template
ATVA2026_benchmark/TERM_LASSO//lasso_traces_slayer-n1-filtered.t2.c/lasso_trace_1.txt,TERMINATING,"1,58","632,71","658,93","1293,22",25,TERMINATING,221,31,252,Affine Template / Affine Template
ATVA2026_benchmark/TERM_LASSO//lasso_traces_slayer-n1.t2.c/lasso_trace_1.txt,TERMINATING,"1,87","634,79","605,09","1241,75",26,TERMINATING,221,31,252,Affine Template / Affine Template
ATVA2026_benchmark/TERM_LASSO//lasso_traces_slayer-n2-filtered.t2.c/lasso_trace_1.txt,TERMINATING,"1,88","142,95","156,12","300,95",8,TERMINATING,34,20,54,Affine Template / Affine Template
ATVA2026_benchmark/TERM_LASSO//lasso_traces_slayer-n2.t2.c/lasso_trace_1.txt,TERMINATING,"1,83","149,08","155,97","306,88",10,TERMINATING,34,20,54,Affine Template / Affine Template
ATVA2026_benchmark/TERM_LASSO//lasso_traces_slayer-n5-filtered.t2.c/lasso_trace_1.txt,TERMINATING,"2,04","339,05","133,81","474,9",41,TERMINATING,411,18,429,Affine Template / Affine Template
ATVA2026_benchmark/TERM_LASSO//lasso_traces_smagilla-succeed.t2.c/lasso_trace_1.txt,TERMINATING,"1,9","215,82","216,18","433,9",9,TERMINATING,37,19,56,Affine Template / Affine Template
ATVA2026_benchmark/TERM_LASSO//lasso_traces_smagillb-succeed.t2.c/lasso_trace_1.txt,TERMINATING,"2,27",249,"286,54","537,81",11,TERMINATING,56,19,75,Affine Template / Affine Template
ATVA2026_benchmark/TERM_LASSO//lasso_traces_smagillc-fail.t2.c/lasso_trace_1.txt,TERMINATING,"1,84","129,45","47,95","179,24",9,TERMINATING,41,19,60,Affine Template / Affine Template
ATVA2026_benchmark/TERM_LASSO//lasso_traces_smagillc-succeed.t2.c/lasso_trace_1.txt,TERMINATING,"1,72","120,99","48,01","170,72",9,TERMINATING,41,19,60,Affine Template / Affine Template
ATVA2026_benchmark/TERM_LASSO//lasso_traces_smtinterpol-bug-wrong-interpolants-03.c/lasso_trace_1.txt,TERMINATING,"1,91","281,78",0,"283,69",56,TERMINATING,7,4,11,Affine Template / Affine Template
ATVA2026_benchmark/TERM_LASSO//lasso_traces_sort.t2.c/lasso_trace_1.txt,TERMINATING,"1,85","76,21","61,42","139,48",10,TERMINATING,68,13,81,Affine Template / Affine Template
ATVA2026_benchmark/TERM_LASSO//lasso_traces_soundness-bug-1.c/lasso_trace_1.txt,TERMINATING,"2,05","66,8","64,89","133,74",4,TERMINATING,6,1,7,Affine Template / Affine Template
ATVA2026_benchmark/TERM_LASSO//lasso_traces_spctrm.c.i.spctrm.pl.t2.fixed.t2.c/lasso_trace_1.txt,TERMINATING,"2,44","89,45","38,72","130,61",21,TERMINATING,124,34,158,Affine Template / Affine Template
ATVA2026_benchmark/TERM_LASSO//lasso_traces_spctrm.c.i.spctrm.pl.t2.fixed.t2.c/lasso_trace_2.txt,TERMINATING,"0,61","432,84","323,44","756,89",19,TERMINATING,133,13,146,Affine Template / Affine Template
ATVA2026_benchmark/TERM_LASSO//lasso_traces_spctrm.c.i.spctrm.pl.t2.fixed.t2.c/lasso_trace_3.txt,TERMINATING,"0,59","597,77","625,43","1223,79",25,TERMINATING,148,82,230,Affine Template / Affine Template
ATVA2026_benchmark/TERM_LASSO//lasso_traces_spctrm.c.i.spctrm.pl.t2.fixed.t2.c/lasso_trace_4.txt,TERMINATING,"0,5","66,51","466,39","533,4",22,TERMINATING,161,32,193,Affine Template / Affine Template
ATVA2026_benchmark/TERM_LASSO//lasso_traces_spctrm.c.i.spctrm.pl.t2.fixed.t2.c/lasso_trace_5.txt,TERMINATING,"0,6","133,68","149,24","283,52",20,TERMINATING,180,13,193,Affine Template / Affine Template
ATVA2026_benchmark/TERM_LASSO//lasso_traces_spctrm.c.i.spctrm.pl.t2.fixed.t2.c/lasso_trace_6.txt,TERMINATING,"0,93","87,85","143,95","232,73",71,TERMINATING,176,82,258,Affine Template / Affine Template
ATVA2026_benchmark/TERM_LASSO//lasso_traces_spctrm.c.i.spctrm.pl.t2.nor.t2.rlgfixed.t2.c/lasso_trace_1.txt,TERMINATING,"2,27","95,21","41,19","138,67",21,TERMINATING,124,34,158,Affine Template / Affine Template
ATVA2026_benchmark/TERM_LASSO//lasso_traces_spctrm.c.i.spctrm.pl.t2.nor.t2.rlgfixed.t2.c/lasso_trace_2.txt,TERMINATING,"0,57","403,66","329,7","733,93",17,TERMINATING,133,13,146,Affine Template / Affine Template
ATVA2026_benchmark/TERM_LASSO//lasso_traces_spctrm.c.i.spctrm.pl.t2.nor.t2.rlgfixed.t2.c/lasso_trace_3.txt,TERMINATING,"0,54","536,62","573,1","1110,26",27,TERMINATING,148,82,230,Affine Template / Affine Template
ATVA2026_benchmark/TERM_LASSO//lasso_traces_spctrm.c.i.spctrm.pl.t2.nor.t2.rlgfixed.t2.c/lasso_trace_4.txt,TERMINATING,"0,46","63,77","484,09","548,32",22,TERMINATING,161,32,193,Affine Template / Affine Template
ATVA2026_benchmark/TERM_LASSO//lasso_traces_spctrm.c.i.spctrm.pl.t2.nor.t2.rlgfixed.t2.c/lasso_trace_5.txt,TERMINATING,"0,45","122,9",153,"276,35",20,TERMINATING,180,13,193,Affine Template / Affine Template
ATVA2026_benchmark/TERM_LASSO//lasso_traces_spctrm.c.i.spctrm.pl.t2.nor.t2.rlgfixed.t2.c/lasso_trace_6.txt,TERMINATING,"0,6","88,17","138,23",227,71,TERMINATING,176,82,258,Affine Template / Affine Template
ATVA2026_benchmark/TERM_LASSO//lasso_traces_spctrm.t2.c/lasso_trace_1.txt,TERMINATING,"2,26","97,98","33,69","133,93",20,TERMINATING,124,34,158,Affine Template / Affine Template
ATVA2026_benchmark/TERM_LASSO//lasso_traces_spctrm.t2.c/lasso_trace_2.txt,TERMINATING,"0,5","427,03","334,8","762,33",18,TERMINATING,133,13,146,Affine Template / Affine Template
ATVA2026_benchmark/TERM_LASSO//lasso_traces_spctrm.t2.c/lasso_trace_3.txt,TERMINATING,"0,51","536,49","593,59","1130,59",26,TERMINATING,148,82,230,Affine Template / Affine Template
ATVA2026_benchmark/TERM_LASSO//lasso_traces_spctrm.t2.c/lasso_trace_4.txt,TERMINATING,"0,38","88,47","517,19","606,04",21,TERMINATING,161,32,193,Affine Template / Affine Template
ATVA2026_benchmark/TERM_LASSO//lasso_traces_spctrm.t2.c/lasso_trace_5.txt,TERMINATING,"0,49","108,84","142,71","252,04",20,TERMINATING,180,13,193,Affine Template / Affine Template
ATVA2026_benchmark/TERM_LASSO//lasso_traces_spctrm.t2.c/lasso_trace_6.txt,TERMINATING,"0,68","83,98","129,09","213,75",68,TERMINATING,176,82,258,Affine Template / Affine Template
ATVA2026_benchmark/TERM_LASSO//lasso_traces_Specifications.bpl/lasso_trace_1.txt,TERMINATING,"2,29","53,92","67,6","123,81",5,TERMINATING,1,2,3,Affine Template / Affine Template
ATVA2026_benchmark/TERM_LASSO//lasso_traces_SpecificationsFreeInvariant.bpl/lasso_trace_1.txt,TERMINATING,"2,17","41,9","33,5","77,57",5,TERMINATING,1,2,3,Affine Template / Affine Template
ATVA2026_benchmark/TERM_LASSO//lasso_traces_SpecificationsInvariant.bpl/lasso_trace_1.txt,TERMINATING,"2,08","57,7",70,"129,78",5,TERMINATING,1,2,3,Affine Template / Affine Template
ATVA2026_benchmark/TERM_LASSO//lasso_traces_spiral.t2.c/lasso_trace_12.txt,TERMINATING,"0,36","119,64","89,71","209,71",19,TERMINATING,69,28,97,Affine Template / Affine Template
ATVA2026_benchmark/TERM_LASSO//lasso_traces_spiral.t2.c/lasso_trace_3.txt,TERMINATING,"1,76","131,07","147,09","279,92",7,TERMINATING,20,20,40,Affine Template / Affine Template
ATVA2026_benchmark/TERM_LASSO//lasso_traces_spiral.t2.c/lasso_trace_4.txt,TERMINATING,"0,39","51,17","92,82","144,38",7,TERMINATING,24,20,44,Affine Template / Affine Template
ATVA2026_benchmark/TERM_LASSO//lasso_traces_spiral.t2.c/lasso_trace_5.txt,TERMINATING,"0,38","52,85","95,6","148,83",8,TERMINATING,24,24,48,Affine Template / Affine Template
ATVA2026_benchmark/TERM_LASSO//lasso_traces_spiral.t2.c/lasso_trace_6.txt,TERMINATING,"0,35","124,53","152,34","277,22",7,TERMINATING,25,24,49,Affine Template / Affine Template
ATVA2026_benchmark/TERM_LASSO//lasso_traces_spiral.t2.c/lasso_trace_7.txt,TERMINATING,"0,51","125,64","129,05","255,2",21,TERMINATING,27,36,63,Affine Template / Affine Template
ATVA2026_benchmark/TERM_LASSO//lasso_traces_spiral.t2.c/lasso_trace_8.txt,TERMINATING,"0,31","47,12","90,41","137,84",8,TERMINATING,33,32,65,Affine Template / Affine Template
ATVA2026_benchmark/TERM_LASSO//lasso_traces_spiral.t2.c/lasso_trace_9.txt,TERMINATING,"0,32","116,03","74,62","190,97",18,TERMINATING,41,24,65,Affine Template / Affine Template
ATVA2026_benchmark/TERM_LASSO//lasso_traces_st88.t2.c/lasso_trace_5.txt,TERMINATING,"1,5","105,27","153,25","260,02",8,TERMINATING,24,84,108,Affine Template / Affine Template
ATVA2026_benchmark/TERM_LASSO//lasso_traces_statemate.t2.c/lasso_trace_8.txt,TERMINATING,"1,71","97,24","52,55","151,5",232,TERMINATING,507,173,680,Affine Template / Affine Template
ATVA2026_benchmark/TERM_LASSO//lasso_traces_StaticModifierLocalPrimitives.c/lasso_trace_2.txt,TERMINATING,"2,07","76,35","85,16","163,58",19,TERMINATING,5,13,18,Affine Template / Affine Template
ATVA2026_benchmark/TERM_LASSO//lasso_traces_StepwiseAddition.bpl/lasso_trace_1.txt,TERMINATING,"2,26","101,99","70,3","174,55",10,TERMINATING,1,1,2,Affine Template / Affine Template
ATVA2026_benchmark/TERM_LASSO//lasso_traces_StepwiseAddition.bpl/lasso_trace_2.txt,TERMINATING,"0,53","51,7","28,54","80,77",9,TERMINATING,2,1,3,Affine Template / Affine Template
ATVA2026_benchmark/TERM_LASSO//lasso_traces_Stockholm_true-termination.c/lasso_trace_1.txt,TERMINATING,"1,81","123,88","63,73","189,42",9,TERMINATING,6,1,7,Affine Template / Affine Template
ATVA2026_benchmark/TERM_LASSO//lasso_traces_Stockholm-1_no-overflow.c/lasso_trace_1.txt,TERMINATING,"5,24","172,87","88,9","267,01",8,TERMINATING,9,1,10,Affine Template / Affine Template
ATVA2026_benchmark/TERM_LASSO//lasso_traces_Stockholm-1.c/lasso_trace_1.txt,TERMINATING,"1,95","113,49","52,71","168,15",9,TERMINATING,9,1,10,Affine Template / Affine Template
ATVA2026_benchmark/TERM_LASSO//lasso_traces_Stockholm-2_no-overflow.c/lasso_trace_1.txt,TERMINATING,"2,85","150,94","79,82","233,61",9,TERMINATING,6,1,7,Affine Template / Affine Template
ATVA2026_benchmark/TERM_LASSO//lasso_traces_Stockholm-2.c/lasso_trace_1.txt,TERMINATING,"2,32","119,11","61,85","183,28",8,TERMINATING,6,1,7,Affine Template / Affine Template
ATVA2026_benchmark/TERM_LASSO//lasso_traces_Stockholm.bpl/lasso_trace_1.txt,TERMINATING,"1,86","44,88","49,5","96,24",4,TERMINATING,1,1,2,Affine Template / Affine Template
ATVA2026_benchmark/TERM_LASSO//lasso_traces_streamserver-succeed.t2.c/lasso_trace_1.txt,TERMINATING,"1,85","412,43","801,78","1216,06",21,TERMINATING,160,39,199,Affine Template / Affine Template
ATVA2026_benchmark/TERM_LASSO//lasso_traces_streamserver.bug.t2.c/lasso_trace_1.txt,TERMINATING,"1,87","583,17","96,81","681,85",20,TERMINATING,154,44,198,Affine Template / Affine Template
ATVA2026_benchmark/TERM_LASSO//lasso_traces_streamserver.bug.t2.c/lasso_trace_2.txt,TERMINATING,"0,44","268,68","504,52","773,64",20,TERMINATING,178,22,200,Affine Template / Affine Template
ATVA2026_benchmark/TERM_LASSO//lasso_traces_streamserver.bug.t2.c/lasso_trace_4.txt,TERMINATING,"0,37","413,68","471,67","885,72",21,TERMINATING,182,22,204,Affine Template / Affine Template
ATVA2026_benchmark/TERM_LASSO//lasso_traces_streamserver.bug.t2.c/lasso_trace_5.txt,TERMINATING,"0,59","88,66","95,99","185,24",31,TERMINATING,185,22,207,Affine Template / Affine Template
ATVA2026_benchmark/TERM_LASSO//lasso_traces_string_concat-noarr.i_3.bpl/lasso_trace_1.txt,TERMINATING,"2,3","107,17","90,14","199,61",11,TERMINATING,1,2,3,Affine Template / Affine Template
ATVA2026_benchmark/TERM_LASSO//lasso_traces_string_concat-noarr.i_4.bpl/lasso_trace_1.txt,TERMINATING,"3,1","114,52","105,64","223,26",11,TERMINATING,1,2,3,Affine Template / Affine Template
ATVA2026_benchmark/TERM_LASSO//lasso_traces_string_concat-noarr.i_5.bpl/lasso_trace_1.txt,TERMINATING,"2,42","88,22","62,29","152,93",10,TERMINATING,1,2,3,Affine Template / Affine Template
ATVA2026_benchmark/TERM_LASSO//lasso_traces_string.i_3.bpl/lasso_trace_1.txt,TERMINATING,"2,22","127,5",0,"129,72",11,TERMINATING,1,1,2,Affine Template / Affine Template
ATVA2026_benchmark/TERM_LASSO//lasso_traces_sudoku.t2.c/lasso_trace_2.txt,TERMINATING,"0,5","217,76","289,92","508,18",42,TERMINATING,115,39,154,Affine Template / Affine Template
ATVA2026_benchmark/TERM_LASSO//lasso_traces_sudoku.t2.c/lasso_trace_3.txt,TERMINATING,"0,37","308,83","408,43","717,63",17,TERMINATING,116,56,172,Affine Template / Affine Template
ATVA2026_benchmark/TERM_LASSO//lasso_traces_sudoku.t2.c/lasso_trace_4.txt,TERMINATING,"0,36","362,05","430,83","793,24",44,TERMINATING,119,73,192,Affine Template / Affine Template
ATVA2026_benchmark/TERM_LASSO//lasso_traces_sudoku.t2.c/lasso_trace_5.txt,TERMINATING,"0,35","373,95","480,48","854,78",17,TERMINATING,120,90,210,Affine Template / Affine Template
ATVA2026_benchmark/TERM_LASSO//lasso_traces_sudoku.t2.c/lasso_trace_7.txt,TERMINATING,"0,49","340,16","459,76","800,41",43,TERMINATING,123,107,230,Affine Template / Affine Template
ATVA2026_benchmark/TERM_LASSO//lasso_traces_sudoku.t2.c/lasso_trace_8.txt,TERMINATING,"0,37","300,76","399,16","700,29",16,TERMINATING,124,124,248,Affine Template / Affine Template
ATVA2026_benchmark/TERM_LASSO//lasso_traces_sudoku.t2.c/lasso_trace_9.txt,TERMINATING,"0,41","66,71","40,9","108,02",18,TERMINATING,125,141,266,Affine Template / Affine Template
ATVA2026_benchmark/TERM_LASSO//lasso_traces_sum_2x3_false-unreach-call.c/lasso_trace_1.txt,TERMINATING,"2,14","88,14","75,79","166,07",11,TERMINATING,6,3,9,Affine Template / Affine Template
ATVA2026_benchmark/TERM_LASSO//lasso_traces_sum_diff_incr_decr.bpl/lasso_trace_1.txt,TERMINATING,"2,24","79,03",0,"81,27",7,TERMINATING,3,3,6,Affine Template / Affine Template
ATVA2026_benchmark/TERM_LASSO//lasso_traces_sum_diff_incr_decr.bpl/lasso_trace_2.txt,TERMINATING,"0,55","91,9",0,"92,45",12,TERMINATING,4,4,8,Affine Template / Affine Template
ATVA2026_benchmark/TERM_LASSO//lasso_traces_sum-print2.bpl/lasso_trace_1.txt,TERMINATING,"2,14","103,4",0,"105,54",8,TERMINATING,4,1,5,Affine Template / Affine Template
ATVA2026_benchmark/TERM_LASSO//lasso_traces_sum-print2.bpl/lasso_trace_2.txt,TERMINATING,"0,47","78,27",0,"78,74",10,TERMINATING,7,4,11,Affine Template / Affine Template
ATVA2026_benchmark/TERM_LASSO//lasso_traces_sum01_bug02_sum01_bug02_base.case.i_3.bpl/lasso_trace_1.txt,TERMINATING,"2,23","140,04","56,63","198,9",14,TERMINATING,1,1,2,Affine Template / Affine Template
ATVA2026_benchmark/TERM_LASSO//lasso_traces_sum01_bug02_sum01_bug02_base.case.i_4.bpl/lasso_trace_1.txt,TERMINATING,"2,23","101,72","34,17","138,12",14,TERMINATING,1,1,2,Affine Template / Affine Template
ATVA2026_benchmark/TERM_LASSO//lasso_traces_sum01_bug02.i_3.bpl/lasso_trace_1.txt,TERMINATING,"4,31","98,31","122,94","225,56",10,TERMINATING,1,1,2,Affine Template / Affine Template
ATVA2026_benchmark/TERM_LASSO//lasso_traces_sum01_bug02.i_4.bpl/lasso_trace_1.txt,TERMINATING,"7,43","110,75","68,73","186,91",20,TERMINATING,1,2,3,Affine Template / Affine Template
ATVA2026_benchmark/TERM_LASSO//lasso_traces_sum01.i_3.bpl/lasso_trace_1.txt,TERMINATING,"2,46","78,66","34,27","115,39",7,TERMINATING,1,1,2,Affine Template / Affine Template
ATVA2026_benchmark/TERM_LASSO//lasso_traces_sum04.i_3.bpl/lasso_trace_1.txt,TERMINATING,"2,32","52,03","39,48","93,83",6,TERMINATING,1,1,2,Affine Template / Affine Template
ATVA2026_benchmark/TERM_LASSO//lasso_traces_sum04.i_4.bpl/lasso_trace_1.txt,TERMINATING,"1,95","99,24","41,09","142,28",9,TERMINATING,1,2,3,Affine Template / Affine Template
ATVA2026_benchmark/TERM_LASSO//lasso_traces_sum2_diff_incr_decr.bpl/lasso_trace_1.txt,TERMINATING,"2,32","79,62",0,"81,94",7,TERMINATING,3,4,7,Affine Template / Affine Template
ATVA2026_benchmark/TERM_LASSO//lasso_traces_sum2_diff_incr_decr.bpl/lasso_trace_2.txt,TERMINATING,"0,43","78,09",0,"78,52",8,TERMINATING,4,4,8,Affine Template / Affine Template
ATVA2026_benchmark/TERM_LASSO//lasso_traces_sumit.t2.c/lasso_trace_1.txt,TERMINATING,"1,58","173,07","102,11","276,76",9,TERMINATING,30,35,65,Affine Template / Affine Template
ATVA2026_benchmark/TERM_LASSO//lasso_traces_sumit.t2.c/lasso_trace_2.txt,TERMINATING,"0,8","66,41","146,43","213,64",23,TERMINATING,67,39,106,Affine Template / Affine Template
ATVA2026_benchmark/TERM_LASSO//lasso_traces_sumit.t2.c/lasso_trace_5.txt,TERMINATING,"0,33","163,86","208,87","373,06",9,TERMINATING,103,39,142,Affine Template / Affine Template
ATVA2026_benchmark/TERM_LASSO//lasso_traces_sumit.t2.c/lasso_trace_8.txt,TERMINATING,"0,35","67,38","65,11","132,84",27,TERMINATING,145,43,188,Affine Template / Affine Template
ATVA2026_benchmark/TERM_LASSO//lasso_traces_sumsuminc.bpl/lasso_trace_1.txt,TERMINATING,"2,11","52,73",0,"54,84",6,TERMINATING,3,2,5,Affine Template / Affine Template
ATVA2026_benchmark/TERM_LASSO//lasso_traces_sumsuminc.bpl/lasso_trace_2.txt,TERMINATING,"0,59","84,71",0,"85,3",10,TERMINATING,4,2,6,Affine Template / Affine Template
ATVA2026_benchmark/TERM_LASSO//lasso_traces_sumsumsampleabs2.bpl/lasso_trace_1.txt,TERMINATING,"2,58","79,38",0,"81,96",12,TERMINATING,4,3,7,Affine Template / Affine Template
ATVA2026_benchmark/TERM_LASSO//lasso_traces_sumsumsampleabs2.bpl/lasso_trace_2.txt,TERMINATING,"0,66","134,3",0,"134,96",15,TERMINATING,5,3,8,Affine Template / Affine Template
ATVA2026_benchmark/TERM_LASSO//lasso_traces_sumsumsampleabs2.bpl/lasso_trace_3.txt,TERMINATING,"0,57","67,93",0,"68,5",17,TERMINATING,5,3,8,Affine Template / Affine Template
ATVA2026_benchmark/TERM_LASSO//lasso_traces_svcomp_a.01.c/lasso_trace_2.txt,TERMINATING,"2,16","51,33","111,94","165,43",7,TERMINATING,7,3,10,Affine Template / Affine Template
ATVA2026_benchmark/TERM_LASSO//lasso_traces_svcomp_a.01.c/lasso_trace_3.txt,TERMINATING,"0,49","64,63","33,42","98,54",7,TERMINATING,8,1,9,Affine Template / Affine Template
ATVA2026_benchmark/TERM_LASSO//lasso_traces_svcomp_a.04.c/lasso_trace_1.txt,TERMINATING,"2,41","97,12","49,43","148,96",7,TERMINATING,7,1,8,Affine Template / Affine Template
ATVA2026_benchmark/TERM_LASSO//lasso_traces_svcomp_a.05.c/lasso_trace_1.txt,TERMINATING,"2,02","98,78","51,09","151,89",7,TERMINATING,7,1,8,Affine Template / Affine Template
ATVA2026_benchmark/TERM_LASSO//lasso_traces_svcomp_a.06.c/lasso_trace_1.txt,TERMINATING,"1,96","81,77","52,3","136,03",9,TERMINATING,7,1,8,Affine Template / Affine Template
ATVA2026_benchmark/TERM_LASSO//lasso_traces_svcomp_a.07.c/lasso_trace_1.txt,TERMINATING,"1,94","82,7","51,78","136,42",9,TERMINATING,7,1,8,Affine Template / Affine Template
ATVA2026_benchmark/TERM_LASSO//lasso_traces_svcomp_a.08.c/lasso_trace_1.txt,TERMINATING,"2,67","103,43","97,13","203,23",8,TERMINATING,7,1,8,Affine Template / Affine Template
ATVA2026_benchmark/TERM_LASSO//lasso_traces_svcomp_a.09_assume.c/lasso_trace_1.txt,TERMINATING,"1,69","65,1","44,98","111,77",8,TERMINATING,8,2,10,Affine Template / Affine Template
ATVA2026_benchmark/TERM_LASSO//lasso_traces_svcomp_Ackermann01_true-unreach-call_modified_modified.c/lasso_trace_1.txt,TERMINATING,"1,97","155,81","166,55","324,33",24,TERMINATING,8,4,12,Affine Template / Affine Template
ATVA2026_benchmark/TERM_LASSO//lasso_traces_svcomp_Ackermann01_true-unreach-call_modified_modified.c/lasso_trace_10.txt,TERMINATING,"0,34","53,54","134,58","188,46",25,TERMINATING,45,4,49,Affine Template / Affine Template
ATVA2026_benchmark/TERM_LASSO//lasso_traces_svcomp_Ackermann01_true-unreach-call_modified_modified.c/lasso_trace_3.txt,TERMINATING,"0,35","170,03","179,71","350,09",14,TERMINATING,12,8,20,Affine Template / Affine Template
ATVA2026_benchmark/TERM_LASSO//lasso_traces_svcomp_Ackermann01_true-unreach-call_modified_modified.c/lasso_trace_4.txt,TERMINATING,"0,4","99,6","82,46","182,46",34,TERMINATING,14,4,18,Affine Template / Affine Template
ATVA2026_benchmark/TERM_LASSO//lasso_traces_svcomp_Addition01_true-unreach-call_true-termination_modified.c/lasso_trace_1.txt,TERMINATING,"1,76","66,5","34,06","102,32",8,TERMINATING,8,4,12,Affine Template / Affine Template
ATVA2026_benchmark/TERM_LASSO//lasso_traces_svcomp_b.01.c/lasso_trace_1.txt,TERMINATING,"1,86","74,86","38,31","115,03",7,TERMINATING,7,1,8,Affine Template / Affine Template
ATVA2026_benchmark/TERM_LASSO//lasso_traces_svcomp_b.02.c/lasso_trace_1.txt,TERMINATING,"2,14","102,76","101,71","206,61",8,TERMINATING,7,1,8,Affine Template / Affine Template
ATVA2026_benchmark/TERM_LASSO//lasso_traces_svcomp_b.03_assume.c/lasso_trace_1.txt,TERMINATING,"1,84","61,87","39,7","103,41",9,TERMINATING,8,2,10,Affine Template / Affine Template
ATVA2026_benchmark/TERM_LASSO//lasso_traces_svcomp_b.03-no-inv_assume.c/lasso_trace_1.txt,TERMINATING,"1,84","56,31","65,91","124,06",6,TERMINATING,8,1,9,Affine Template / Affine Template
ATVA2026_benchmark/TERM_LASSO//lasso_traces_svcomp_b.04.c/lasso_trace_1.txt,TERMINATING,"1,93","100,41","61,46","163,8",8,TERMINATING,7,1,8,Affine Template / Affine Template
ATVA2026_benchmark/TERM_LASSO//lasso_traces_svcomp_b.05.c/lasso_trace_1.txt,TERMINATING,"1,94","103,19","74,45","179,58",9,TERMINATING,7,1,8,Affine Template / Affine Template
ATVA2026_benchmark/TERM_LASSO//lasso_traces_svcomp_b.06.c/lasso_trace_1.txt,TERMINATING,"1,93","61,96","34,06","97,95",7,TERMINATING,7,1,8,Affine Template / Affine Template
ATVA2026_benchmark/TERM_LASSO//lasso_traces_svcomp_b.07.c/lasso_trace_1.txt,TERMINATING,"2,21","74,13","42,86","119,2",9,TERMINATING,7,1,8,Affine Template / Affine Template
ATVA2026_benchmark/TERM_LASSO//lasso_traces_svcomp_b.09_assume.c/lasso_trace_1.txt,TERMINATING,"2,13","86,46","98,31","186,9",13,TERMINATING,8,3,11,Affine Template / Affine Template
ATVA2026_benchmark/TERM_LASSO//lasso_traces_svcomp_b.09_assume.c/lasso_trace_2.txt,TERMINATING,"0,37","76,64","28,82","105,83",7,TERMINATING,9,4,13,Affine Template / Affine Template
ATVA2026_benchmark/TERM_LASSO//lasso_traces_svcomp_b.10.c/lasso_trace_1.txt,TERMINATING,"2,55","84,15","38,84","125,54",15,TERMINATING,7,1,8,Affine Template / Affine Template
ATVA2026_benchmark/TERM_LASSO//lasso_traces_svcomp_b.11.c/lasso_trace_1.txt,TERMINATING,"2,08","129,66","113,51","245,25",16,TERMINATING,7,1,8,Affine Template / Affine Template
ATVA2026_benchmark/TERM_LASSO//lasso_traces_svcomp_b.12.c/lasso_trace_1.txt,TERMINATING,"2,07","76,14","37,52","115,73",14,TERMINATING,7,1,8,Affine Template / Affine Template
ATVA2026_benchmark/TERM_LASSO//lasso_traces_svcomp_b.13.c/lasso_trace_1.txt,TERMINATING,"2,09","133,15","113,6","248,84",20,TERMINATING,7,1,8,Affine Template / Affine Template
ATVA2026_benchmark/TERM_LASSO//lasso_traces_svcomp_b.14.c/lasso_trace_2.txt,TERMINATING,"2,02","96,24","107,75","206,01",8,TERMINATING,7,3,10,Affine Template / Affine Template
ATVA2026_benchmark/TERM_LASSO//lasso_traces_svcomp_b.14.c/lasso_trace_3.txt,TERMINATING,"0,56","82,95","59,16","142,67",8,TERMINATING,10,1,11,Affine Template / Affine Template
ATVA2026_benchmark/TERM_LASSO//lasso_traces_svcomp_b.15.c/lasso_trace_2.txt,TERMINATING,"1,83","77,02","100,84","179,69",10,TERMINATING,7,3,10,Affine Template / Affine Template
ATVA2026_benchmark/TERM_LASSO//lasso_traces_svcomp_b.16.c/lasso_trace_1.txt,TERMINATING,"2,06","53,93","37,65","93,64",7,TERMINATING,7,2,9,Affine Template / Affine Template
ATVA2026_benchmark/TERM_LASSO//lasso_traces_svcomp_b.16.c/lasso_trace_2.txt,TERMINATING,"0,46",45,"57,98","103,44",7,TERMINATING,8,1,9,Affine Template / Affine Template
ATVA2026_benchmark/TERM_LASSO//lasso_traces_svcomp_b.17.c/lasso_trace_1.txt,TERMINATING,"2,02","86,33","56,06","144,41",9,TERMINATING,7,2,9,Affine Template / Affine Template
ATVA2026_benchmark/TERM_LASSO//lasso_traces_svcomp_b.17.c/lasso_trace_2.txt,TERMINATING,"0,5","35,88","32,67","69,05",8,TERMINATING,8,1,9,Affine Template / Affine Template
ATVA2026_benchmark/TERM_LASSO//lasso_traces_svcomp_b.18.c/lasso_trace_3.txt,TERMINATING,"2,01","66,11","55,22","123,34",6,TERMINATING,7,4,11,Affine Template / Affine Template
ATVA2026_benchmark/TERM_LASSO//lasso_traces_svcomp_b.18.c/lasso_trace_5.txt,TERMINATING,"0,36","42,47","57,98","100,81",6,TERMINATING,9,1,10,Affine Template / Affine Template
ATVA2026_benchmark/TERM_LASSO//lasso_traces_svcomp_bubble_sort_unsafe.c/lasso_trace_1.txt,TERMINATING,"1,52","81,27",0,"82,79",7,TERMINATING,7,2,9,Affine Template / Affine Template
ATVA2026_benchmark/TERM_LASSO//lasso_traces_svcomp_bubblesort_unsafe.c/lasso_trace_1.txt,TERMINATING,"1,89","71,61",0,"73,5",8,TERMINATING,7,2,9,Affine Template / Affine Template
ATVA2026_benchmark/TERM_LASSO//lasso_traces_svcomp_c.01_assume.c/lasso_trace_1.txt,TERMINATING,"2,03","70,8","38,2","111,03",7,TERMINATING,7,2,9,Affine Template / Affine Template
ATVA2026_benchmark/TERM_LASSO//lasso_traces_svcomp_c.01_assume.c/lasso_trace_2.txt,TERMINATING,"0,49","80,61","85,94","167,04",6,TERMINATING,8,2,10,Affine Template / Affine Template
ATVA2026_benchmark/TERM_LASSO//lasso_traces_svcomp_c.01-no-inv.c/lasso_trace_1.txt,TERMINATING,"2,17","58,41","47,29","107,87",7,TERMINATING,7,2,9,Affine Template / Affine Template
ATVA2026_benchmark/TERM_LASSO//lasso_traces_svcomp_c.02.c/lasso_trace_1.txt,TERMINATING,"2,12","80,1","50,93","133,15",6,TERMINATING,7,2,9,Affine Template / Affine Template
ATVA2026_benchmark/TERM_LASSO//lasso_traces_svcomp_c.02.c/lasso_trace_2.txt,TERMINATING,"0,51","56,73","77,19","134,43",7,TERMINATING,8,1,9,Affine Template / Affine Template
ATVA2026_benchmark/TERM_LASSO//lasso_traces_svcomp_c.03.c/lasso_trace_1.txt,TERMINATING,"4,02","125,59","44,13","173,74",18,TERMINATING,7,1,8,Affine Template / Affine Template
ATVA2026_benchmark/TERM_LASSO//lasso_traces_svcomp_c.07.c/lasso_trace_1.txt,TERMINATING,"1,87","91,07","39,94","132,88",11,TERMINATING,7,1,8,Affine Template / Affine Template
ATVA2026_benchmark/TERM_LASSO//lasso_traces_svcomp_c.08.c/lasso_trace_1.txt,TERMINATING,"1,75","47,92","107,15","156,82",6,TERMINATING,7,2,9,Affine Template / Affine Template
ATVA2026_benchmark/TERM_LASSO//lasso_traces_svcomp_c.08.c/lasso_trace_2.txt,TERMINATING,"0,87","63,93","83,69","148,49",7,TERMINATING,8,1,9,Affine Template / Affine Template
ATVA2026_benchmark/TERM_LASSO//lasso_traces_svcomp_cstrcat_unsafe.c/lasso_trace_1.txt,TERMINATING,"2,58","204,31",0,"206,89",66,TERMINATING,7,2,9,Affine Template / Affine Template
ATVA2026_benchmark/TERM_LASSO//lasso_traces_svcomp_cstrncat_unsafe.c/lasso_trace_1.txt,TERMINATING,"2,05","90,17",0,"92,22",75,TERMINATING,7,2,9,Affine Template / Affine Template
ATVA2026_benchmark/TERM_LASSO//lasso_traces_svcomp_easySum.c/lasso_trace_1.txt,TERMINATING,"2,21","57,67","50,62","110,5",7,TERMINATING,7,1,8,Affine Template / Affine Template
ATVA2026_benchmark/TERM_LASSO//lasso_traces_svcomp_EvenOdd01_true-unreach-call_true-termination_modified.c/lasso_trace_1.txt,TERMINATING,"3,83","82,44","41,31","127,58",11,TERMINATING,7,8,15,Affine Template / Affine Template
ATVA2026_benchmark/TERM_LASSO//lasso_traces_svcomp_ex1.c/lasso_trace_1.txt,TERMINATING,"2,1","76,9","34,47","113,47",7,TERMINATING,7,1,8,Affine Template / Affine Template
ATVA2026_benchmark/TERM_LASSO//lasso_traces_svcomp_Fibonacci01_true-unreach-call_modified.c/lasso_trace_1.txt,TERMINATING,"1,82","44,74","52,52","99,08",6,TERMINATING,7,4,11,Affine Template / Affine Template
ATVA2026_benchmark/TERM_LASSO//lasso_traces_svcomp_flag.c/lasso_trace_1.txt,TERMINATING,"1,9","3694,79","65,3","3761,99",32,TERMINATING,7,1,8,2-Phase Template / Affine Template
ATVA2026_benchmark/TERM_LASSO//lasso_traces_svcomp_gcd01_true-unreach-call_true-termination_modified.c/lasso_trace_1.txt,TERMINATING,"1,71","100,67","88,95","191,33",8,TERMINATING,8,5,13,Affine Template / Affine Template
ATVA2026_benchmark/TERM_LASSO//lasso_traces_svcomp_gcd01_true-unreach-call_true-termination_modified.c/lasso_trace_2.txt,TERMINATING,"0,38","109,85","139,2","249,43",10,TERMINATING,9,5,14,Affine Template / Affine Template
ATVA2026_benchmark/TERM_LASSO//lasso_traces_svcomp_gcd01_true-unreach-call_true-termination_modified.c/lasso_trace_3.txt,TERMINATING,"0,38","96,17","110,27","206,82",10,TERMINATING,14,5,19,Affine Template / Affine Template
ATVA2026_benchmark/TERM_LASSO//lasso_traces_svcomp_java_AG313.c/lasso_trace_1.txt,TERMINATING,"2,34","67,68","38,29","108,31",8,TERMINATING,8,1,9,Affine Template / Affine Template
ATVA2026_benchmark/TERM_LASSO//lasso_traces_svcomp_java_Break.c/lasso_trace_1.txt,TERMINATING,"1,82","64,49","78,14","144,45",5,TERMINATING,5,1,6,Affine Template / Affine Template
ATVA2026_benchmark/TERM_LASSO//lasso_traces_svcomp_java_Continue1.c/lasso_trace_1.txt,TERMINATING,"1,84","82,61","42,01","126,46",9,TERMINATING,5,1,6,Affine Template / Affine Template
ATVA2026_benchmark/TERM_LASSO//lasso_traces_svcomp_java_LogBuiltIn.c/lasso_trace_1.txt,TERMINATING,"2,23","57,92","35,92","96,07",7,TERMINATING,7,1,8,Affine Template / Affine Template
ATVA2026_benchmark/TERM_LASSO//lasso_traces_svcomp_java_Nested.c/lasso_trace_10.txt,TERMINATING,"1,76",38,"102,67","142,43",7,TERMINATING,5,11,16,Affine Template / Affine Template
ATVA2026_benchmark/TERM_LASSO//lasso_traces_svcomp_java_Nested.c/lasso_trace_11.txt,TERMINATING,"0,41","33,17","31,2","64,78",5,TERMINATING,6,1,7,Affine Template / Affine Template
ATVA2026_benchmark/TERM_LASSO//lasso_traces_svcomp_java_Nested.c/lasso_trace_12.txt,TERMINATING,"0,54","51,87","52,87","105,28",6,TERMINATING,17,1,18,Affine Template / Affine Template
ATVA2026_benchmark/TERM_LASSO//lasso_traces_svcomp_java_Sequence.c/lasso_trace_1.txt,TERMINATING,"2,05","73,32","65,54","140,91",6,TERMINATING,5,1,6,Affine Template / Affine Template
ATVA2026_benchmark/TERM_LASSO//lasso_traces_svcomp_knapsack_unsafe.c/lasso_trace_1.txt,TERMINATING,"2,65","49,37",0,"52,02",15,TERMINATING,7,2,9,Affine Template / Affine Template
ATVA2026_benchmark/TERM_LASSO//lasso_traces_svcomp_knapsack_unsafe.c/lasso_trace_2.txt,TERMINATING,"0,73","132,38",0,"133,11",49,TERMINATING,8,4,12,Affine Template / Affine Template
ATVA2026_benchmark/TERM_LASSO//lasso_traces_svcomp_MultCommutative_true-unreach-call_true-termination_modified.c/lasso_trace_4.txt,TERMINATING,"0,82","108,87","133,91","243,6",7,TERMINATING,15,4,19,Affine Template / Affine Template
ATVA2026_benchmark/TERM_LASSO//lasso_traces_svcomp_MultCommutative_true-unreach-call_true-termination_modified.c/lasso_trace_5.txt,TERMINATING,"0,39","131,89","155,81","288,09",8,TERMINATING,8,4,12,Affine Template / Affine Template
ATVA2026_benchmark/TERM_LASSO//lasso_traces_svcomp_recHanoi02_true-unreach-call_true-termination_modified.c/lasso_trace_1.txt,TERMINATING,"1,77","59,68","70,32","131,77",9,TERMINATING,7,3,10,Affine Template / Affine Template
ATVA2026_benchmark/TERM_LASSO//lasso_traces_svcomp_stroeder1_unsafe.c/lasso_trace_1.txt,TERMINATING,"2,3","136,76",0,"139,06",31,TERMINATING,7,2,9,Affine Template / Affine Template
ATVA2026_benchmark/TERM_LASSO//lasso_traces_svcomp_stroeder2_unsafe.c/lasso_trace_2.txt,TERMINATING,"1,96","75,85",0,"77,81",37,TERMINATING,7,4,11,Affine Template / Affine Template
ATVA2026_benchmark/TERM_LASSO//lasso_traces_svcomp_stroeder2_unsafe.c/lasso_trace_3.txt,TERMINATING,"0,65","118,53",0,"119,18",35,TERMINATING,8,4,12,Affine Template / Affine Template
ATVA2026_benchmark/TERM_LASSO//lasso_traces_svcomp_twisted.c/lasso_trace_1.txt,TERMINATING,"2,1","124,92","64,5","191,52",9,TERMINATING,7,2,9,Affine Template / Affine Template
ATVA2026_benchmark/TERM_LASSO//lasso_traces_svdcmp.c.i.svdcmp.pl.t2.fixed.t2.c/lasso_trace_1.txt,TERMINATING,"2,06","284,89","271,64","558,59",30,TERMINATING,184,48,232,Affine Template / Affine Template
ATVA2026_benchmark/TERM_LASSO//lasso_traces_svdcmp.c.i.svdcmp.pl.t2.fixed.t2.c/lasso_trace_10.txt,TERMINATING,"0,44","665,58","932,24","1598,26",27,TERMINATING,237,39,276,Affine Template / Affine Template
ATVA2026_benchmark/TERM_LASSO//lasso_traces_svdcmp.c.i.svdcmp.pl.t2.fixed.t2.c/lasso_trace_14.txt,TERMINATING,"0,5","638,1","769,95","1408,55",30,TERMINATING,271,55,326,Affine Template / Affine Template
ATVA2026_benchmark/TERM_LASSO//lasso_traces_svdcmp.c.i.svdcmp.pl.t2.fixed.t2.c/lasso_trace_17.txt,TERMINATING,"0,46","589,39","310,54","900,39",24,TERMINATING,280,13,293,Affine Template / Affine Template
ATVA2026_benchmark/TERM_LASSO//lasso_traces_svdcmp.c.i.svdcmp.pl.t2.fixed.t2.c/lasso_trace_18.txt,TERMINATING,"0,43","830,42","750,31","1581,16",29,TERMINATING,309,21,330,Affine Template / Affine Template
ATVA2026_benchmark/TERM_LASSO//lasso_traces_svdcmp.c.i.svdcmp.pl.t2.fixed.t2.c/lasso_trace_19.txt,TERMINATING,"0,48","135,72","191,36","327,56",28,TERMINATING,309,13,322,Affine Template / Affine Template
ATVA2026_benchmark/TERM_LASSO//lasso_traces_svdcmp.c.i.svdcmp.pl.t2.fixed.t2.c/lasso_trace_2.txt,TERMINATING,"0,54","296,4","464,24","761,18",26,TERMINATING,206,17,223,Affine Template / Affine Template
ATVA2026_benchmark/TERM_LASSO//lasso_traces_svdcmp.c.i.svdcmp.pl.t2.fixed.t2.c/lasso_trace_20.txt,TERMINATING,"0,6","288,62","301,37","590,59",31,TERMINATING,325,31,356,Affine Template / Affine Template
ATVA2026_benchmark/TERM_LASSO//lasso_traces_svdcmp.c.i.svdcmp.pl.t2.fixed.t2.c/lasso_trace_21.txt,TERMINATING,"0,69","531,58","147,34","679,61",121,TERMINATING,356,97,453,Affine Template / Affine Template
ATVA2026_benchmark/TERM_LASSO//lasso_traces_svdcmp.c.i.svdcmp.pl.t2.fixed.t2.c/lasso_trace_22.txt,TERMINATING,"0,57","97,91","340,97","439,45",36,TERMINATING,402,21,423,Affine Template / Affine Template
ATVA2026_benchmark/TERM_LASSO//lasso_traces_svdcmp.c.i.svdcmp.pl.t2.fixed.t2.c/lasso_trace_3.txt,TERMINATING,"0,54","580,49","719,31","1300,34",24,TERMINATING,211,26,237,Affine Template / Affine Template
ATVA2026_benchmark/TERM_LASSO//lasso_traces_svdcmp.c.i.svdcmp.pl.t2.fixed.t2.c/lasso_trace_4.txt,TERMINATING,"0,51","444,19","619,08","1063,78",27,TERMINATING,218,26,244,Affine Template / Affine Template
ATVA2026_benchmark/TERM_LASSO//lasso_traces_svdcmp.c.i.svdcmp.pl.t2.fixed.t2.c/lasso_trace_9.txt,TERMINATING,"0,72","726,38","133,18","860,28",92,TERMINATING,227,135,362,Affine Template / Affine Template
ATVA2026_benchmark/TERM_LASSO//lasso_traces_svdcmp.c.i.svdcmp.pl.t2.nor.t2.rlgfixed.t2.c/lasso_trace_1.txt,TERMINATING,"1,96","283,52","254,26","539,74",30,TERMINATING,184,48,232,Affine Template / Affine Template
ATVA2026_benchmark/TERM_LASSO//lasso_traces_svdcmp.c.i.svdcmp.pl.t2.nor.t2.rlgfixed.t2.c/lasso_trace_10.txt,TERMINATING,"0,45","677,86","936,94","1615,25",25,TERMINATING,237,39,276,Affine Template / Affine Template
ATVA2026_benchmark/TERM_LASSO//lasso_traces_svdcmp.c.i.svdcmp.pl.t2.nor.t2.rlgfixed.t2.c/lasso_trace_14.txt,TERMINATING,"0,51","566,02","762,78","1329,31",29,TERMINATING,271,55,326,Affine Template / Affine Template
ATVA2026_benchmark/TERM_LASSO//lasso_traces_svdcmp.c.i.svdcmp.pl.t2.nor.t2.rlgfixed.t2.c/lasso_trace_17.txt,TERMINATING,"0,55","585,27","272,67","858,49",24,TERMINATING,280,13,293,Affine Template / Affine Template
ATVA2026_benchmark/TERM_LASSO//lasso_traces_svdcmp.c.i.svdcmp.pl.t2.nor.t2.rlgfixed.t2.c/lasso_trace_18.txt,TERMINATING,"0,5","777,83","746,21","1524,54",29,TERMINATING,309,21,330,Affine Template / Affine Template
ATVA2026_benchmark/TERM_LASSO//lasso_traces_svdcmp.c.i.svdcmp.pl.t2.nor.t2.rlgfixed.t2.c/lasso_trace_19.txt,TERMINATING,"0,93","139,31","173,25","313,49",28,TERMINATING,309,13,322,Affine Template / Affine Template
ATVA2026_benchmark/TERM_LASSO//lasso_traces_svdcmp.c.i.svdcmp.pl.t2.nor.t2.rlgfixed.t2.c/lasso_trace_2.txt,TERMINATING,"0,58","296,58","469,69","766,85",24,TERMINATING,206,17,223,Affine Template / Affine Template
ATVA2026_benchmark/TERM_LASSO//lasso_traces_svdcmp.c.i.svdcmp.pl.t2.nor.t2.rlgfixed.t2.c/lasso_trace_20.txt,TERMINATING,"0,92","275,03","301,28","577,23",31,TERMINATING,325,31,356,Affine Template / Affine Template
ATVA2026_benchmark/TERM_LASSO//lasso_traces_svdcmp.c.i.svdcmp.pl.t2.nor.t2.rlgfixed.t2.c/lasso_trace_21.txt,TERMINATING,"0,64","517,27","141,62","659,53",110,TERMINATING,356,97,453,Affine Template / Affine Template
ATVA2026_benchmark/TERM_LASSO//lasso_traces_svdcmp.c.i.svdcmp.pl.t2.nor.t2.rlgfixed.t2.c/lasso_trace_22.txt,TERMINATING,"0,49","94,22","320,9","415,61",37,TERMINATING,402,21,423,Affine Template / Affine Template
ATVA2026_benchmark/TERM_LASSO//lasso_traces_svdcmp.c.i.svdcmp.pl.t2.nor.t2.rlgfixed.t2.c/lasso_trace_3.txt,TERMINATING,"0,59","562,05","737,02","1299,66",24,TERMINATING,211,26,237,Affine Template / Affine Template
ATVA2026_benchmark/TERM_LASSO//lasso_traces_svdcmp.c.i.svdcmp.pl.t2.nor.t2.rlgfixed.t2.c/lasso_trace_4.txt,TERMINATING,"0,54","443,53","617,07","1061,14",26,TERMINATING,218,26,244,Affine Template / Affine Template
ATVA2026_benchmark/TERM_LASSO//lasso_traces_svdcmp.c.i.svdcmp.pl.t2.nor.t2.rlgfixed.t2.c/lasso_trace_9.txt,TERMINATING,"0,67","745,56","135,65","881,88",94,TERMINATING,227,135,362,Affine Template / Affine Template
ATVA2026_benchmark/TERM_LASSO//lasso_traces_svdcmp.t2.c/lasso_trace_1.txt,TERMINATING,"2,57","303,28","253,76","559,61",31,TERMINATING,184,48,232,Affine Template / Affine Template
ATVA2026_benchmark/TERM_LASSO//lasso_traces_svdcmp.t2.c/lasso_trace_10.txt,TERMINATING,"0,53","677,05","931,89","1609,47",25,TERMINATING,237,39,276,Affine Template / Affine Template
ATVA2026_benchmark/TERM_LASSO//lasso_traces_svdcmp.t2.c/lasso_trace_14.txt,TERMINATING,"0,61","558,13","703,11","1261,85",30,TERMINATING,271,55,326,Affine Template / Affine Template
ATVA2026_benchmark/TERM_LASSO//lasso_traces_svdcmp.t2.c/lasso_trace_17.txt,TERMINATING,"0,44","608,52","291,39","900,35",24,TERMINATING,280,13,293,Affine Template / Affine Template
ATVA2026_benchmark/TERM_LASSO//lasso_traces_svdcmp.t2.c/lasso_trace_18.txt,TERMINATING,"0,45","801,81","818,73","1620,99",30,TERMINATING,309,21,330,Affine Template / Affine Template
ATVA2026_benchmark/TERM_LASSO//lasso_traces_svdcmp.t2.c/lasso_trace_19.txt,TERMINATING,"0,5","126,44","185,89","312,83",29,TERMINATING,309,13,322,Affine Template / Affine Template
ATVA2026_benchmark/TERM_LASSO//lasso_traces_svdcmp.t2.c/lasso_trace_2.txt,TERMINATING,"0,55","271,24","484,89","756,68",27,TERMINATING,206,17,223,Affine Template / Affine Template
ATVA2026_benchmark/TERM_LASSO//lasso_traces_svdcmp.t2.c/lasso_trace_20.txt,TERMINATING,"0,61","369,28","297,35","667,24",32,TERMINATING,325,31,356,Affine Template / Affine Template
ATVA2026_benchmark/TERM_LASSO//lasso_traces_svdcmp.t2.c/lasso_trace_3.txt,TERMINATING,"0,52","540,93","708,33","1249,78",24,TERMINATING,211,26,237,Affine Template / Affine Template
ATVA2026_benchmark/TERM_LASSO//lasso_traces_svdcmp.t2.c/lasso_trace_4.txt,TERMINATING,"0,54","452,6","666,53","1119,67",29,TERMINATING,218,26,244,Affine Template / Affine Template
ATVA2026_benchmark/TERM_LASSO//lasso_traces_svdcmp.t2.c/lasso_trace_9.txt,TERMINATING,"0,88","740,09","170,63","911,6",83,TERMINATING,227,135,362,Affine Template / Affine Template
ATVA2026_benchmark/TERM_LASSO//lasso_traces_SyntaxSupportArrays01.bpl/lasso_trace_1.txt,TERMINATING,"1,67","33,54",0,"35,21",4,TERMINATING,0,1,1,Affine Template / Affine Template
ATVA2026_benchmark/TERM_LASSO//lasso_traces_SyntaxSupportArrays02.bpl/lasso_trace_1.txt,TERMINATING,"2,08","29,82",0,"31,9",4,TERMINATING,0,1,1,Affine Template / Affine Template
ATVA2026_benchmark/TERM_LASSO//lasso_traces_SyntaxSupportArrays03-MultipleConstantIndices.bpl/lasso_trace_1.txt,TERMINATING,"1,98","32,8",0,"34,78",3,TERMINATING,0,1,1,Affine Template / Affine Template
ATVA2026_benchmark/TERM_LASSO//lasso_traces_SyntaxSupportArrays06-TwoDimensionlIndex.bpl/lasso_trace_1.txt,TERMINATING,"2,02","33,61",0,"35,63",3,TERMINATING,0,1,1,Affine Template / Affine Template
ATVA2026_benchmark/TERM_LASSO//lasso_traces_SyntaxSupportArrays07-IndexIsArrayCell.bpl/lasso_trace_1.txt,TERMINATING,"1,9","28,71",0,"30,61",5,TERMINATING,0,1,1,Affine Template / Affine Template
ATVA2026_benchmark/TERM_LASSO//lasso_traces_SyntaxSupportArrays10-Disjunction.bpl/lasso_trace_1.txt,TERMINATING,"1,82","28,74",0,"30,56",5,TERMINATING,0,1,1,Affine Template / Affine Template
ATVA2026_benchmark/TERM_LASSO//lasso_traces_SyntaxSupportArrays13-BooleanValues.bpl/lasso_trace_1.txt,TERMINATING,"1,94","78,84",0,"80,78",6,TERMINATING,1,1,2,Affine Template / Affine Template
ATVA2026_benchmark/TERM_LASSO//lasso_traces_SyntaxSupportArrays16-CommonCell.bpl/lasso_trace_1.txt,TERMINATING,"1,95","47,26",0,"49,21",3,TERMINATING,1,1,2,Affine Template / Affine Template
ATVA2026_benchmark/TERM_LASSO//lasso_traces_SyntaxSupportArrays17-CommonCellVariable.bpl/lasso_trace_1.txt,TERMINATING,"1,77","49,33",0,"51,1",4,TERMINATING,1,1,2,Affine Template / Affine Template
ATVA2026_benchmark/TERM_LASSO//lasso_traces_SyntaxSupportArrays18-IndexEqualityInformationInLoop.bpl/lasso_trace_1.txt,TERMINATING,"1,88","56,1",0,"57,98",11,TERMINATING,0,1,1,Affine Template / Affine Template
ATVA2026_benchmark/TERM_LASSO//lasso_traces_SyntaxSupportArrays20-ArrayEquality.bpl/lasso_trace_1.txt,TERMINATING,"2,11","31,74",0,"33,85",5,TERMINATING,0,1,1,Affine Template / Affine Template
ATVA2026_benchmark/TERM_LASSO//lasso_traces_SyntaxSupportArrays27-ForeignIndexArrayEquality.bpl/lasso_trace_1.txt,TERMINATING,"1,79","53,11",0,"54,9",5,TERMINATING,1,1,2,Affine Template / Affine Template
ATVA2026_benchmark/TERM_LASSO//lasso_traces_SyntaxSupportArrays29-AuxVarWrite.bpl/lasso_trace_1.txt,TERMINATING,"2,26","82,32",0,"84,58",6,TERMINATING,1,1,2,Affine Template / Affine Template
ATVA2026_benchmark/TERM_LASSO//lasso_traces_SyntaxSupportArrays31-QuantifiedArray.bpl/lasso_trace_1.txt,TERMINATING,"2,4","53,02",0,"55,42",4,TERMINATING,1,1,2,Affine Template / Affine Template
ATVA2026_benchmark/TERM_LASSO//lasso_traces_SyntaxSupportBitwiseOperations01.c/lasso_trace_1.txt,TERMINATING,"2,31","124,32","63,87","190,5",12,TERMINATING,5,1,6,Affine Template / Affine Template
ATVA2026_benchmark/TERM_LASSO//lasso_traces_SyntaxSupportBooleans1.bpl/lasso_trace_1.txt,TERMINATING,"2,13","26,67","36,7","65,5",3,TERMINATING,0,1,1,Affine Template / Affine Template
ATVA2026_benchmark/TERM_LASSO//lasso_traces_SyntaxSupportBooleans2.bpl/lasso_trace_1.txt,TERMINATING,"1,5","55,95","35,48","92,93",3,TERMINATING,1,1,2,Affine Template / Affine Template
ATVA2026_benchmark/TERM_LASSO//lasso_traces_SyntaxSupportBooleans3.bpl/lasso_trace_1.txt,TERMINATING,"2,91","75,04","37,67","115,62",6,TERMINATING,1,1,2,Affine Template / Affine Template
ATVA2026_benchmark/TERM_LASSO//lasso_traces_SyntaxSupportConst01.bpl/lasso_trace_1.txt,TERMINATING,"1,91","28,68","37,86","68,45",4,TERMINATING,0,1,1,Affine Template / Affine Template
ATVA2026_benchmark/TERM_LASSO//lasso_traces_SyntaxSupportConst02.bpl/lasso_trace_1.txt,TERMINATING,"2,18","55,92","35,95","94,05",4,TERMINATING,1,1,2,Affine Template / Affine Template
ATVA2026_benchmark/TERM_LASSO//lasso_traces_SyntaxSupportConst03.bpl/lasso_trace_1.txt,TERMINATING,"1,66","48,27","39,08","89,01",6,TERMINATING,1,1,2,Affine Template / Affine Template
ATVA2026_benchmark/TERM_LASSO//lasso_traces_SyntaxSupportDisjunction1.bpl/lasso_trace_1.txt,TERMINATING,"2,15","35,99","51,9","90,04",8,TERMINATING,0,1,1,Affine Template / Affine Template
ATVA2026_benchmark/TERM_LASSO//lasso_traces_SyntaxSupportDisjunction3.bpl/lasso_trace_1.txt,TERMINATING,"1,92","37,33","54,91","94,16",3,TERMINATING,0,1,1,Affine Template / Affine Template
ATVA2026_benchmark/TERM_LASSO//lasso_traces_SyntaxSupportDivision1.bpl/lasso_trace_1.txt,TERMINATING,"2,19","78,99","40,81","121,99",9,TERMINATING,1,1,2,Affine Template / Affine Template
ATVA2026_benchmark/TERM_LASSO//lasso_traces_SyntaxSupportIte1.bpl/lasso_trace_1.txt,TERMINATING,"1,85","91,22","43,39","136,46",8,TERMINATING,1,1,2,Affine Template / Affine Template
ATVA2026_benchmark/TERM_LASSO//lasso_traces_SyntaxSupportModulo1.bpl/lasso_trace_1.txt,TERMINATING,"1,87","48,05","41,93","91,85",5,TERMINATING,1,1,2,Affine Template / Affine Template
ATVA2026_benchmark/TERM_LASSO//lasso_traces_SyntaxSupportNegation.bpl/lasso_trace_1.txt,TERMINATING,"1,87","30,44","36,74","69,05",4,TERMINATING,0,1,1,Affine Template / Affine Template
ATVA2026_benchmark/TERM_LASSO//lasso_traces_taipan-bug-postunsound-oldvarassign.bpl/lasso_trace_1.txt,TERMINATING,"2,41","51,58","48,06","102,05",7,TERMINATING,7,1,8,Affine Template / Affine Template
ATVA2026_benchmark/TERM_LASSO//lasso_traces_taipan-bug-postunsound-oldvarassign.c/lasso_trace_1.txt,TERMINATING,"2,22","56,57","47,7","106,49",5,TERMINATING,7,1,8,Affine Template / Affine Template
ATVA2026_benchmark/TERM_LASSO//lasso_traces_TaylorSeriesRec.bpl/lasso_trace_3.txt,TERMINATING,"1,49","56,64","76,04","134,17",7,TERMINATING,0,3,3,Affine Template / Affine Template
ATVA2026_benchmark/TERM_LASSO//lasso_traces_TerminatorRamsey.c/lasso_trace_1.txt,TERMINATING,"2,08","3259,96","54,89","3316,93",92,TERMINATING,5,3,8,Affine Template / Affine Template
ATVA2026_benchmark/TERM_LASSO//lasso_traces_TerminatorRec02_no-overflow.c/lasso_trace_1.txt,TERMINATING,"2,53","164,09","108,12","274,74",7,TERMINATING,8,3,11,Affine Template / Affine Template
ATVA2026_benchmark/TERM_LASSO//lasso_traces_TerminatorRec02_true-termination.c/lasso_trace_1.txt,TERMINATING,"1,69","150,13","98,81","250,63",7,TERMINATING,8,3,11,Affine Template / Affine Template
ATVA2026_benchmark/TERM_LASSO//lasso_traces_TerminatorRec02_true.c/lasso_trace_1.txt,TERMINATING,"1,95","141,68","108,05","251,68",6,TERMINATING,8,3,11,Affine Template / Affine Template
ATVA2026_benchmark/TERM_LASSO//lasso_traces_TerminatorRec02.bpl/lasso_trace_1.txt,TERMINATING,"1,89","80,84","102,42","185,15",6,TERMINATING,0,3,3,Affine Template / Affine Template
ATVA2026_benchmark/TERM_LASSO//lasso_traces_TerminatorRec02.c/lasso_trace_1.txt,TERMINATING,"1,83","171,74","97,48","271,05",7,TERMINATING,8,3,11,Affine Template / Affine Template
ATVA2026_benchmark/TERM_LASSO//lasso_traces_TerminatorRec04.bpl/lasso_trace_1.txt,TERMINATING,"1,48","57,89","48,74","108,11",5,TERMINATING,0,3,3,Affine Template / Affine Template
ATVA2026_benchmark/TERM_LASSO//lasso_traces_TerminatorRec04.bpl/lasso_trace_3.txt,TERMINATING,"0,36","43,05",0,"43,41",5,TERMINATING,1,12,13,Affine Template / Affine Template
ATVA2026_benchmark/TERM_LASSO//lasso_traces_TerminatorRec04.bpl/lasso_trace_4.txt,TERMINATING,"0,33","32,05",0,"32,38",6,TERMINATING,2,17,19,Affine Template / Affine Template
ATVA2026_benchmark/TERM_LASSO//lasso_traces_Test9.bpl/lasso_trace_1.txt,TERMINATING,"1,74","61,52","49,39","112,65",6,TERMINATING,1,1,2,Affine Template / Affine Template
ATVA2026_benchmark/TERM_LASSO//lasso_traces_Test9.bpl/lasso_trace_14.txt,TERMINATING,"0,24","63,56",0,"63,8",6,TERMINATING,19,17,36,Affine Template / Affine Template
ATVA2026_benchmark/TERM_LASSO//lasso_traces_ThreeLabelBug.bpl/lasso_trace_1.txt,TERMINATING,"1,81","46,77","39,63","88,21",3,TERMINATING,1,1,2,Affine Template / Affine Template
ATVA2026_benchmark/TERM_LASSO//lasso_traces_Thun_true-termination.c/lasso_trace_1.txt,TERMINATING,"2,15","71,09","53,22","126,46",8,TERMINATING,5,1,6,Affine Template / Affine Template
ATVA2026_benchmark/TERM_LASSO//lasso_traces_Thun-1_no-overflow.c/lasso_trace_1.txt,TERMINATING,"2,39","74,95","62,39","139,73",8,TERMINATING,5,1,6,Affine Template / Affine Template
ATVA2026_benchmark/TERM_LASSO//lasso_traces_Thun-1.c/lasso_trace_1.txt,TERMINATING,"2,19","78,04","55,07","135,3",8,TERMINATING,5,1,6,Affine Template / Affine Template
ATVA2026_benchmark/TERM_LASSO//lasso_traces_Thun-2_termination.c/lasso_trace_1.txt,TERMINATING,"2,15","74,99","96,97","174,11",8,TERMINATING,7,1,8,Affine Template / Affine Template
ATVA2026_benchmark/TERM_LASSO//lasso_traces_Thun-2.c/lasso_trace_1.txt,TERMINATING,"2,18","55,68","89,7","147,56",8,TERMINATING,7,1,8,Affine Template / Affine Template
ATVA2026_benchmark/TERM_LASSO//lasso_traces_Thun.bpl/lasso_trace_1.txt,TERMINATING,"1,85","59,9","35,37","97,12",5,TERMINATING,0,1,1,2-Nested Template / 2-Nested Template
ATVA2026_benchmark/TERM_LASSO//lasso_traces_ThunPower2.bpl/lasso_trace_1.txt,TERMINATING,"2,18","28,25","36,02","66,45",5,TERMINATING,0,1,1,Affine Template / Affine Template
ATVA2026_benchmark/TERM_LASSO//lasso_traces_TimesPlusUserDef.bpl/lasso_trace_1.txt,TERMINATING,"1,69","78,54","96,38","176,61",7,TERMINATING,0,3,3,Affine Template / Affine Template
ATVA2026_benchmark/TERM_LASSO//lasso_traces_TimesPlusUserDef.bpl/lasso_trace_2.txt,TERMINATING,"0,39","94,22","89,58","184,19",9,TERMINATING,1,4,5,Affine Template / Affine Template
ATVA2026_benchmark/TERM_LASSO//lasso_traces_TimesPlusUserDef.bpl/lasso_trace_3.txt,TERMINATING,"0,42","65,48","74,93","140,83",11,TERMINATING,4,4,8,Affine Template / Affine Template
ATVA2026_benchmark/TERM_LASSO//lasso_traces_TimesPlusUserDef.bpl/lasso_trace_4.txt,TERMINATING,"0,4","116,83","128,48","245,71",10,TERMINATING,4,4,8,Affine Template / Affine Template
ATVA2026_benchmark/TERM_LASSO//lasso_traces_TimesPlusUserDef.bpl/lasso_trace_5.txt,TERMINATING,"0,32","53,3","158,6","212,22",11,TERMINATING,9,3,12,Affine Template / Affine Template
ATVA2026_benchmark/TERM_LASSO//lasso_traces_TIS.bpl/lasso_trace_1.txt,TERMINATING,"1,94","59,8","56,44","118,18",4,TERMINATING,2,1,3,Affine Template / Affine Template
ATVA2026_benchmark/TERM_LASSO//lasso_traces_toeplz.c.i.toeplz.pl.t2.fixed.t2.c/lasso_trace_10.txt,TERMINATING,"0,38","291,16","86,72","378,26",22,TERMINATING,698,29,727,Affine Template / Affine Template
ATVA2026_benchmark/TERM_LASSO//lasso_traces_toeplz.c.i.toeplz.pl.t2.fixed.t2.c/lasso_trace_6.txt,TERMINATING,"0,43","564,43","821,83","1386,69",24,TERMINATING,361,29,390,Affine Template / Affine Template
ATVA2026_benchmark/TERM_LASSO//lasso_traces_toeplz.c.i.toeplz.pl.t2.nor.t2.rlgfixed.t2.c/lasso_trace_10.txt,TERMINATING,"0,37","315,88","90,47","406,72",24,TERMINATING,698,29,727,Affine Template / Affine Template
ATVA2026_benchmark/TERM_LASSO//lasso_traces_toeplz.c.i.toeplz.pl.t2.nor.t2.rlgfixed.t2.c/lasso_trace_6.txt,TERMINATING,"0,37","583,27","819,94","1403,58",24,TERMINATING,361,29,390,Affine Template / Affine Template
ATVA2026_benchmark/TERM_LASSO//lasso_traces_toeplz.t2.c/lasso_trace_10.txt,TERMINATING,"0,45","298,9","92,46","391,81",23,TERMINATING,698,29,727,Affine Template / Affine Template
ATVA2026_benchmark/TERM_LASSO//lasso_traces_toeplz.t2.c/lasso_trace_6.txt,TERMINATING,"0,45","556,5","825,59","1382,54",24,TERMINATING,361,29,390,Affine Template / Affine Template
ATVA2026_benchmark/TERM_LASSO//lasso_traces_tqli.c.i.tqli.pl.t2.fixed.t2.c/lasso_trace_1.txt,TERMINATING,"1,83","184,05","186,59","372,47",13,TERMINATING,92,13,105,Affine Template / Affine Template
ATVA2026_benchmark/TERM_LASSO//lasso_traces_tqli.c.i.tqli.pl.t2.fixed.t2.c/lasso_trace_10.txt,TERMINATING,"0,4","459,59","556,23","1016,22",23,TERMINATING,240,17,257,Affine Template / Affine Template
ATVA2026_benchmark/TERM_LASSO//lasso_traces_tqli.c.i.tqli.pl.t2.fixed.t2.c/lasso_trace_11.txt,TERMINATING,"0,55","99,91","184,56","285,02",65,TERMINATING,256,17,273,Affine Template / Affine Template
ATVA2026_benchmark/TERM_LASSO//lasso_traces_tqli.c.i.tqli.pl.t2.fixed.t2.c/lasso_trace_2.txt,TERMINATING,"0,45","114,31","131,74","246,5",17,TERMINATING,101,42,143,Affine Template / Affine Template
ATVA2026_benchmark/TERM_LASSO//lasso_traces_tqli.c.i.tqli.pl.t2.fixed.t2.c/lasso_trace_5.txt,TERMINATING,"0,48","161,23","202,08","363,79",43,TERMINATING,151,34,185,Affine Template / Affine Template
ATVA2026_benchmark/TERM_LASSO//lasso_traces_tqli.c.i.tqli.pl.t2.fixed.t2.c/lasso_trace_9.txt,TERMINATING,"0,44",231,"823,68","1055,12",26,TERMINATING,216,67,283,Affine Template / Affine Template
ATVA2026_benchmark/TERM_LASSO//lasso_traces_tqli.c.i.tqli.pl.t2.nor.t2.rlgfixed.t2.c/lasso_trace_1.txt,TERMINATING,"1,9","183,37","186,72","371,99",12,TERMINATING,92,13,105,Affine Template / Affine Template
ATVA2026_benchmark/TERM_LASSO//lasso_traces_tqli.c.i.tqli.pl.t2.nor.t2.rlgfixed.t2.c/lasso_trace_10.txt,TERMINATING,"0,35","475,01","558,89","1034,25",23,TERMINATING,240,17,257,Affine Template / Affine Template
ATVA2026_benchmark/TERM_LASSO//lasso_traces_tqli.c.i.tqli.pl.t2.nor.t2.rlgfixed.t2.c/lasso_trace_11.txt,TERMINATING,"0,58","108,89","190,6","300,07",60,TERMINATING,256,17,273,Affine Template / Affine Template
ATVA2026_benchmark/TERM_LASSO//lasso_traces_tqli.c.i.tqli.pl.t2.nor.t2.rlgfixed.t2.c/lasso_trace_2.txt,TERMINATING,"0,47","108,69","132,81","241,97",16,TERMINATING,101,42,143,Affine Template / Affine Template
ATVA2026_benchmark/TERM_LASSO//lasso_traces_tqli.c.i.tqli.pl.t2.nor.t2.rlgfixed.t2.c/lasso_trace_5.txt,TERMINATING,"0,42","166,53","206,79","373,74",42,TERMINATING,151,34,185,Affine Template / Affine Template
ATVA2026_benchmark/TERM_LASSO//lasso_traces_tqli.c.i.tqli.pl.t2.nor.t2.rlgfixed.t2.c/lasso_trace_9.txt,TERMINATING,"0,39","237,08","817,22","1054,69",26,TERMINATING,216,67,283,Affine Template / Affine Template
ATVA2026_benchmark/TERM_LASSO//lasso_traces_tqli.t2.c/lasso_trace_1.txt,TERMINATING,"1,83","172,92","173,04","347,79",13,TERMINATING,92,13,105,Affine Template / Affine Template
ATVA2026_benchmark/TERM_LASSO//lasso_traces_tqli.t2.c/lasso_trace_10.txt,TERMINATING,"0,53","575,99","100,09","676,61",26,TERMINATING,211,67,278,Affine Template / Affine Template
ATVA2026_benchmark/TERM_LASSO//lasso_traces_tqli.t2.c/lasso_trace_11.txt,TERMINATING,"0,64","343,79","483,25","827,68",27,TERMINATING,215,71,286,Affine Template / Affine Template
ATVA2026_benchmark/TERM_LASSO//lasso_traces_tqli.t2.c/lasso_trace_12.txt,TERMINATING,"0,44","375,11","111,13","486,68",23,TERMINATING,240,17,257,Affine Template / Affine Template
ATVA2026_benchmark/TERM_LASSO//lasso_traces_tqli.t2.c/lasso_trace_2.txt,TERMINATING,"0,46","113,83","129,38","243,67",17,TERMINATING,101,42,143,Affine Template / Affine Template
ATVA2026_benchmark/TERM_LASSO//lasso_traces_tqli.t2.c/lasso_trace_5.txt,TERMINATING,"0,48","162,53","190,4","353,41",40,TERMINATING,151,34,185,Affine Template / Affine Template
ATVA2026_benchmark/TERM_LASSO//lasso_traces_tqli.t2.c/lasso_trace_9.txt,TERMINATING,"0,46","229,54","784,27","1014,27",26,TERMINATING,216,67,283,Affine Template / Affine Template
ATVA2026_benchmark/TERM_LASSO//lasso_traces_traverse_seg.t2.c/lasso_trace_1.txt,TERMINATING,"2,1","537,15","500,22","1039,47",36,TERMINATING,359,43,402,Affine Template / Affine Template
ATVA2026_benchmark/TERM_LASSO//lasso_traces_traverse_seg2.t2.c/lasso_trace_1.txt,TERMINATING,"2,06","372,48","461,61","836,15",31,TERMINATING,283,31,314,Affine Template / Affine Template
ATVA2026_benchmark/TERM_LASSO//lasso_traces_traverse_seg2.t2.c/lasso_trace_2.txt,TERMINATING,"0,59","571,99","625,75","1198,33",47,TERMINATING,418,97,515,Affine Template / Affine Template
ATVA2026_benchmark/TERM_LASSO//lasso_traces_traverse_twice.t2.c/lasso_trace_1.txt,TERMINATING,"1,91","657,09","804,01","1463,01",34,TERMINATING,291,31,322,Affine Template / Affine Template
ATVA2026_benchmark/TERM_LASSO//lasso_traces_traverse_twice.t2.c/lasso_trace_2.txt,TERMINATING,"0,57","617,67","845,98","1464,22",43,TERMINATING,362,91,453,Affine Template / Affine Template
ATVA2026_benchmark/TERM_LASSO//lasso_traces_traverse.t2.c/lasso_trace_1.txt,TERMINATING,"1,92","229,84","316,04","547,8",27,TERMINATING,251,31,282,Affine Template / Affine Template
ATVA2026_benchmark/TERM_LASSO//lasso_traces_traverse.t2.c/lasso_trace_2.txt,TERMINATING,"0,49","102,38","142,79","245,66",38,TERMINATING,322,91,413,Affine Template / Affine Template
ATVA2026_benchmark/TERM_LASSO//lasso_traces_traverse2.t2.c/lasso_trace_1.txt,TERMINATING,"1,88","771,06","431,86","1204,8",47,TERMINATING,339,43,382,Affine Template / Affine Template
ATVA2026_benchmark/TERM_LASSO//lasso_traces_traverse2.t2.c/lasso_trace_2.txt,TERMINATING,"0,63","135,58","173,26","309,47",63,TERMINATING,457,112,569,Affine Template / Affine Template
ATVA2026_benchmark/TERM_LASSO//lasso_traces_traverse2.t2.c/lasso_trace_4.txt,TERMINATING,"0,55","912,6","1132,2","2045,35",53,TERMINATING,623,107,730,Affine Template / Affine Template
ATVA2026_benchmark/TERM_LASSO//lasso_traces_tripleNestedLoop.bpl/lasso_trace_2.txt,TERMINATING,"0,44","31,43","30,77","62,64",5,TERMINATING,3,1,4,Affine Template / Affine Template
ATVA2026_benchmark/TERM_LASSO//lasso_traces_tripleNestedLoopSafe.bpl/lasso_trace_2.txt,TERMINATING,"0,53","43,82","27,02","71,37",5,TERMINATING,3,1,4,Affine Template / Affine Template
ATVA2026_benchmark/TERM_LASSO//lasso_traces_TryingJordan.bpl/lasso_trace_1.txt,TERMINATING,"1,81","41,77","74,16","117,74",7,TERMINATING,0,1,1,Affine Template / Affine Template
ATVA2026_benchmark/TERM_LASSO//lasso_traces_Tschingelhorn-Safe.c/lasso_trace_1.txt,TERMINATING,"1,7","67,54","45,65","114,89",6,TERMINATING,7,2,9,Affine Template / Affine Template
ATVA2026_benchmark/TERM_LASSO//lasso_traces_TUJJLR.bpl/lasso_trace_3.txt,TERMINATING,"1,84","3281,31",0,"3283,15",60,TERMINATING,2,3,5,Affine Template / Affine Template
ATVA2026_benchmark/TERM_LASSO//lasso_traces_TUJLRJ.bpl/lasso_trace_2.txt,TERMINATING,2,"3196,84",0,"3198,84",64,TERMINATING,2,2,4,Affine Template / Affine Template
ATVA2026_benchmark/TERM_LASSO//lasso_traces_twisted_no-overflow.c/lasso_trace_1.txt,TERMINATING,"3,95","63,4","41,89","109,24",7,TERMINATING,1,2,3,Affine Template / Affine Template
ATVA2026_benchmark/TERM_LASSO//lasso_traces_twisted_true-termination.c/lasso_trace_1.txt,TERMINATING,"2,11","116,62","68,63","187,36",8,TERMINATING,7,2,9,Affine Template / Affine Template
ATVA2026_benchmark/TERM_LASSO//lasso_traces_twisted.c/lasso_trace_1.txt,TERMINATING,"2,12","59,91","37,43","99,46",8,TERMINATING,1,2,3,Affine Template / Affine Template
ATVA2026_benchmark/TERM_LASSO//lasso_traces_two_arrays.t2.c/lasso_trace_1.txt,TERMINATING,"1,69","83,52","76,72","161,93",11,TERMINATING,48,13,61,Affine Template / Affine Template
ATVA2026_benchmark/TERM_LASSO//lasso_traces_two_arrays1.t2.c/lasso_trace_1.txt,TERMINATING,"1,72","126,87","154,41",283,8,TERMINATING,56,13,69,Affine Template / Affine Template
ATVA2026_benchmark/TERM_LASSO//lasso_traces_two_arrays2.t2.c/lasso_trace_1.txt,TERMINATING,"1,77","67,63","81,19","150,59",9,TERMINATING,60,13,73,Affine Template / Affine Template
ATVA2026_benchmark/TERM_LASSO//lasso_traces_two_arrays6.t2.c/lasso_trace_1.txt,TERMINATING,"1,87","192,44","166,82","361,13",7,TERMINATING,60,13,73,Affine Template / Affine Template
ATVA2026_benchmark/TERM_LASSO//lasso_traces_TwoDimensional01-Sloviansk.bpl/lasso_trace_1.txt,TERMINATING,"1,96","72,92",0,"74,88",5,TERMINATING,1,1,2,Affine Template / Affine Template
ATVA2026_benchmark/TERM_LASSO//lasso_traces_TwoDimensional02-Kreminna.bpl/lasso_trace_1.txt,TERMINATING,"1,94","80,13",0,"82,07",7,TERMINATING,1,1,2,Affine Template / Affine Template
ATVA2026_benchmark/TERM_LASSO//lasso_traces_twoLoops_firstPart.bpl/lasso_trace_1.txt,TERMINATING,"2,03","45,17","43,95","91,15",4,TERMINATING,1,1,2,Affine Template / Affine Template
ATVA2026_benchmark/TERM_LASSO//lasso_traces_twoLoops_secondPart.bpl/lasso_trace_1.txt,TERMINATING,"1,94","47,7","40,09","89,73",4,TERMINATING,1,1,2,Affine Template / Affine Template
ATVA2026_benchmark/TERM_LASSO//lasso_traces_twoLoops.bpl/lasso_trace_1.txt,TERMINATING,2,"48,66","34,52","85,18",4,TERMINATING,1,1,2,Affine Template / Affine Template
ATVA2026_benchmark/TERM_LASSO//lasso_traces_twoLoopsDifferentVars.bpl/lasso_trace_1.txt,TERMINATING,"2,1","66,29","34,31","102,7",4,TERMINATING,1,1,2,Affine Template / Affine Template
ATVA2026_benchmark/TERM_LASSO//lasso_traces_twoLoopsDifferentVarsSafe.bpl/lasso_trace_1.txt,TERMINATING,"2,02","58,44","35,23","95,69",4,TERMINATING,1,1,2,Affine Template / Affine Template
ATVA2026_benchmark/TERM_LASSO//lasso_traces_twoLoopsDifferentVarsSafe2.bpl/lasso_trace_1.txt,TERMINATING,"2,13","62,01","41,1","105,24",4,TERMINATING,1,1,2,Affine Template / Affine Template
ATVA2026_benchmark/TERM_LASSO//lasso_traces_twoLoopsSameVars.bpl/lasso_trace_1.txt,TERMINATING,"1,95","43,36","38,18","83,49",4,TERMINATING,1,1,2,Affine Template / Affine Template
ATVA2026_benchmark/TERM_LASSO//lasso_traces_twoLoopsSameVarsSafe.bpl/lasso_trace_1.txt,TERMINATING,"2,15","44,02","43,68","89,85",4,TERMINATING,1,1,2,Affine Template / Affine Template
ATVA2026_benchmark/TERM_LASSO//lasso_traces_twoLoopsSameVarsUnsafe.bpl/lasso_trace_1.txt,TERMINATING,"1,87","51,05","34,08",87,5,TERMINATING,1,1,2,Affine Template / Affine Template
ATVA2026_benchmark/TERM_LASSO//lasso_traces_TwoWay_no-overflow.c/lasso_trace_1.txt,TERMINATING,"1,76","213,67","163,4","378,83",20,TERMINATING,8,3,11,Affine Template / Affine Template
ATVA2026_benchmark/TERM_LASSO//lasso_traces_TwoWay_true-termination.c/lasso_trace_1.txt,TERMINATING,"1,85","197,07","171,11","370,03",20,TERMINATING,8,3,11,Affine Template / Affine Template
ATVA2026_benchmark/TERM_LASSO//lasso_traces_TwoWay_true.c/lasso_trace_1.txt,TERMINATING,"1,75","206,16","153,19","361,1",21,TERMINATING,8,3,11,Affine Template / Affine Template
ATVA2026_benchmark/TERM_LASSO//lasso_traces_TwoWay.c/lasso_trace_1.txt,TERMINATING,"1,96","204,79","158,11","364,86",20,TERMINATING,8,3,11,Affine Template / Affine Template
ATVA2026_benchmark/TERM_LASSO//lasso_traces_ud.t2.c/lasso_trace_35.txt,TERMINATING,"0,28","309,85","352,48","662,61",37,TERMINATING,1288,27,1315,Affine Template / Affine Template
ATVA2026_benchmark/TERM_LASSO//lasso_traces_ud.t2.c/lasso_trace_8.txt,TERMINATING,"0,41","46,37","32,62","79,4",31,TERMINATING,137,30,167,Affine Template / Affine Template
ATVA2026_benchmark/TERM_LASSO//lasso_traces_UnboundedDecrease.bpl/lasso_trace_1.txt,TERMINATING,"4,44","58,62","72,85","135,91",3,TERMINATING,0,1,1,Affine Template / Affine Template
ATVA2026_benchmark/TERM_LASSO//lasso_traces_unboundedStoreChain02.bpl/lasso_trace_1.txt,TERMINATING,"2,61","64,49",0,"67,1",13,TERMINATING,1,1,2,Affine Template / Affine Template
ATVA2026_benchmark/TERM_LASSO//lasso_traces_UnreachableReturnBug01.c/lasso_trace_1.txt,TERMINATING,"1,93","100,5","115,76","218,19",6,TERMINATING,6,6,12,Affine Template / Affine Template
ATVA2026_benchmark/TERM_LASSO//lasso_traces_UnreachableReturnBug01.c/lasso_trace_3.txt,TERMINATING,"0,34","52,02","89,88","142,24",11,TERMINATING,45,16,61,Affine Template / Affine Template
ATVA2026_benchmark/TERM_LASSO//lasso_traces_unsafeLoop.bpl/lasso_trace_1.txt,TERMINATING,"1,94","58,2","44,27","104,41",4,TERMINATING,1,1,2,Affine Template / Affine Template
ATVA2026_benchmark/TERM_LASSO//lasso_traces_UnsatCoreUseful01.bpl/lasso_trace_1.txt,TERMINATING,"3,06","99,87","44,82","147,75",6,TERMINATING,1,1,2,Affine Template / Affine Template
ATVA2026_benchmark/TERM_LASSO//lasso_traces_up.i_4.bpl/lasso_trace_1.txt,TERMINATING,"3,1","139,74","84,49","227,33",8,TERMINATING,1,1,2,Affine Template / Affine Template
ATVA2026_benchmark/TERM_LASSO//lasso_traces_Urban-WST2013-Fig2_no-overflow.c/lasso_trace_10.txt,TERMINATING,"1,7","60,72","73,5","135,92",7,TERMINATING,5,11,16,Affine Template / Affine Template
ATVA2026_benchmark/TERM_LASSO//lasso_traces_Urban-WST2013-Fig2_no-overflow.c/lasso_trace_11.txt,TERMINATING,"0,4","100,81","125,16","226,37",7,TERMINATING,6,1,7,Affine Template / Affine Template
ATVA2026_benchmark/TERM_LASSO//lasso_traces_Urban-WST2013-Fig2_no-overflow.c/lasso_trace_12.txt,TERMINATING,"0,51","50,63","50,47","101,61",7,TERMINATING,17,1,18,Affine Template / Affine Template
ATVA2026_benchmark/TERM_LASSO//lasso_traces_Urban-WST2013-Fig2_true-termination.c/lasso_trace_10.txt,TERMINATING,"1,49","62,34","81,21","145,04",7,TERMINATING,5,11,16,Affine Template / Affine Template
ATVA2026_benchmark/TERM_LASSO//lasso_traces_Urban-WST2013-Fig2_true-termination.c/lasso_trace_11.txt,TERMINATING,"0,38","99,55","114,02","213,95",7,TERMINATING,6,1,7,Affine Template / Affine Template
ATVA2026_benchmark/TERM_LASSO//lasso_traces_Urban-WST2013-Fig2_true-termination.c/lasso_trace_12.txt,TERMINATING,"0,38","46,24","51,26","97,88",7,TERMINATING,17,1,18,Affine Template / Affine Template
ATVA2026_benchmark/TERM_LASSO//lasso_traces_Urban-WST2013-Fig2.c/lasso_trace_10.txt,TERMINATING,"1,72","62,73","73,56","138,01",7,TERMINATING,5,11,16,Affine Template / Affine Template
ATVA2026_benchmark/TERM_LASSO//lasso_traces_Urban-WST2013-Fig2.c/lasso_trace_11.txt,TERMINATING,"0,48","98,32","117,8","216,6",7,TERMINATING,6,1,7,Affine Template / Affine Template
ATVA2026_benchmark/TERM_LASSO//lasso_traces_Urban-WST2013-Fig2.c/lasso_trace_12.txt,TERMINATING,"0,36","45,98","50,31","96,65",7,TERMINATING,17,1,18,Affine Template / Affine Template
ATVA2026_benchmark/TERM_LASSO//lasso_traces_UselessIncrement.bpl/lasso_trace_1.txt,TERMINATING,"2,62","100,6","86,52","189,74",8,TERMINATING,1,1,2,Affine Template / Affine Template
ATVA2026_benchmark/TERM_LASSO//lasso_traces_vass01.bpl/lasso_trace_1.txt,TERMINATING,"2,36","52,45","83,66","138,47",4,TERMINATING,0,3,3,Affine Template / Affine Template
ATVA2026_benchmark/TERM_LASSO//lasso_traces_vass01.bpl/lasso_trace_2.txt,TERMINATING,"0,46","16,59","27,03","44,08",7,TERMINATING,1,1,2,Affine Template / Affine Template
ATVA2026_benchmark/TERM_LASSO//lasso_traces_vass01.bpl/lasso_trace_3.txt,TERMINATING,"0,47","19,7","32,58","52,75",5,TERMINATING,2,1,3,Affine Template / Affine Template
ATVA2026_benchmark/TERM_LASSO//lasso_traces_vass01.bpl/lasso_trace_5.txt,TERMINATING,"1,13","51,23","64,97","117,33",6,TERMINATING,5,1,6,Affine Template / Affine Template
ATVA2026_benchmark/TERM_LASSO//lasso_traces_Velroyen08-whileDecr.bpl/lasso_trace_1.txt,TERMINATING,"2,53","86,02","56,06","144,61",5,TERMINATING,1,1,2,Affine Template / Affine Template
ATVA2026_benchmark/TERM_LASSO//lasso_traces_Velroyen08-whileNested.bpl/lasso_trace_1.txt,TERMINATING,"3,03","81,28","47,36","131,67",5,TERMINATING,1,2,3,Affine Template / Affine Template
ATVA2026_benchmark/TERM_LASSO//lasso_traces_Velroyen08-whileNestedOffset.bpl/lasso_trace_1.txt,TERMINATING,"2,62","85,35","71,69","159,66",5,TERMINATING,1,2,3,Affine Template / Affine Template
ATVA2026_benchmark/TERM_LASSO//lasso_traces_w2_nt.t2.c/lasso_trace_1.txt,TERMINATING,"2,06","333,06","430,26","765,38",25,TERMINATING,184,41,225,Affine Template / Affine Template
ATVA2026_benchmark/TERM_LASSO//lasso_traces_Waldkirch_no-overflow.c/lasso_trace_1.txt,TERMINATING,"1,93","41,45","50,99","94,37",4,TERMINATING,5,1,6,Affine Template / Affine Template
ATVA2026_benchmark/TERM_LASSO//lasso_traces_Waldkirch_true-termination.c/lasso_trace_1.txt,TERMINATING,"1,62","69,49","72,85","143,96",5,TERMINATING,5,1,6,Affine Template / Affine Template
ATVA2026_benchmark/TERM_LASSO//lasso_traces_Waldkirch.bpl/lasso_trace_1.txt,TERMINATING,"2,44","34,71","39,76","76,91",4,TERMINATING,0,1,1,Affine Template / Affine Template
ATVA2026_benchmark/TERM_LASSO//lasso_traces_Waldkirch.c/lasso_trace_1.txt,TERMINATING,"1,88","39,03","52,43","93,34",4,TERMINATING,5,1,6,Affine Template / Affine Template
ATVA2026_benchmark/TERM_LASSO//lasso_traces_WaldkirchNegativeBound.bpl/lasso_trace_1.txt,TERMINATING,"2,39","39,67","44,73","86,79",3,TERMINATING,0,1,1,Affine Template / Affine Template
ATVA2026_benchmark/TERM_LASSO//lasso_traces_WaldkirchUnsigned-ModuloResolved_true-termination.bpl/lasso_trace_1.txt,TERMINATING,"3,43","38,23","48,25","89,91",5,TERMINATING,0,2,2,Affine Template / Affine Template
ATVA2026_benchmark/TERM_LASSO//lasso_traces_WaldkirchWithCruft.bpl/lasso_trace_1.txt,TERMINATING,"2,94","62,51","84,3","149,75",6,TERMINATING,1,1,2,Affine Template / Affine Template
ATVA2026_benchmark/TERM_LASSO//lasso_traces_WaldkirchWithIrrelevantNotequals.bpl/lasso_trace_1.txt,TERMINATING,"2,62","77,06","73,69","153,37",25,TERMINATING,0,1,1,Affine Template / Affine Template
ATVA2026_benchmark/TERM_LASSO//lasso_traces_WaldkirchWithProcedureCall.bpl/lasso_trace_1.txt,TERMINATING,"2,99","52,98","38,03",94,3,TERMINATING,0,5,5,Affine Template / Affine Template
ATVA2026_benchmark/TERM_LASSO//lasso_traces_WaterTank1-NumberVariables.bpl/lasso_trace_1.txt,TERMINATING,"3,14","51,59","94,08","148,81",9,TERMINATING,1,1,2,Affine Template / Affine Template
ATVA2026_benchmark/TERM_LASSO//lasso_traces_WaterTank1.bpl/lasso_trace_1.txt,TERMINATING,"5,78","55,45","58,25","119,48",5,TERMINATING,1,1,2,Affine Template / Affine Template
ATVA2026_benchmark/TERM_LASSO//lasso_traces_WaterTank2-NumberVariables.bpl/lasso_trace_1.txt,TERMINATING,"3,69","54,13","79,47","137,29",6,TERMINATING,1,1,2,Affine Template / Affine Template
ATVA2026_benchmark/TERM_LASSO//lasso_traces_weaver-popl20-mult-equiv.bpl/lasso_trace_1.txt,TERMINATING,"3,04","144,04","65,14","212,22",12,TERMINATING,4,2,6,Affine Template / Affine Template
ATVA2026_benchmark/TERM_LASSO//lasso_traces_weaver-popl20-mult-equiv.bpl/lasso_trace_2.txt,TERMINATING,"0,66","82,22","57,98","140,86",16,TERMINATING,5,2,7,Affine Template / Affine Template
ATVA2026_benchmark/TERM_LASSO//lasso_traces_Wellington.bpl/lasso_trace_1.txt,TERMINATING,"2,02","39,41","38,09","79,52",3,TERMINATING,1,1,2,Affine Template / Affine Template
ATVA2026_benchmark/TERM_LASSO//lasso_traces_While.bpl/lasso_trace_2.txt,TERMINATING,"0,93","94,06","65,87","160,86",16,TERMINATING,1,3,4,Affine Template / Affine Template
ATVA2026_benchmark/TERM_LASSO//lasso_traces_while.c/lasso_trace_1.txt,TERMINATING,"1,73","42,26","48,85","92,84",4,TERMINATING,5,1,6,Affine Template / Affine Template
ATVA2026_benchmark/TERM_LASSO//lasso_traces_whileConditionWithSideEffectContinue.c/lasso_trace_1.txt,TERMINATING,"2,04","51,38","62,8","116,22",4,TERMINATING,5,2,7,Affine Template / Affine Template
ATVA2026_benchmark/TERM_LASSO//lasso_traces_WhileDecr_no-overflow.c/lasso_trace_1.txt,TERMINATING,2,"94,3","91,44","187,74",7,TERMINATING,5,1,6,Affine Template / Affine Template
ATVA2026_benchmark/TERM_LASSO//lasso_traces_WhileDecr.c/lasso_trace_1.txt,TERMINATING,"2,08","89,71","83,73","175,52",6,TERMINATING,5,1,6,Affine Template / Affine Template
ATVA2026_benchmark/TERM_LASSO//lasso_traces_WhileLoop.bpl/lasso_trace_1.txt,TERMINATING,"2,47","60,37","41,6","104,44",8,TERMINATING,1,1,2,Affine Template / Affine Template
ATVA2026_benchmark/TERM_LASSO//lasso_traces_WhileNested_false-no-overflow_false-termination.c/lasso_trace_1.txt,TERMINATING,"1,92","105,18","102,25","209,35",6,TERMINATING,5,2,7,Affine Template / Affine Template
ATVA2026_benchmark/TERM_LASSO//lasso_traces_WhileNested.c/lasso_trace_1.txt,TERMINATING,"1,87","105,18","109,03","216,08",6,TERMINATING,5,2,7,Affine Template / Affine Template
ATVA2026_benchmark/TERM_LASSO//lasso_traces_WhileNestedOffset_false-no-overflow_false-termination.c/lasso_trace_1.txt,TERMINATING,"1,94","107,59","103,05","212,58",6,TERMINATING,5,2,7,Affine Template / Affine Template
ATVA2026_benchmark/TERM_LASSO//lasso_traces_WhileNestedOffset.c/lasso_trace_1.txt,TERMINATING,"1,87","105,94","106,57","214,38",6,TERMINATING,5,2,7,Affine Template / Affine Template
ATVA2026_benchmark/TERM_LASSO//lasso_traces_wrongBFS-Safe.bpl/lasso_trace_1.txt,TERMINATING,"2,45","70,31","50,59","123,35",4,TERMINATING,2,3,5,Affine Template / Affine Template
ATVA2026_benchmark/TERM_LASSO//lasso_traces_wrongBFS.bpl/lasso_trace_1.txt,TERMINATING,"3,3","30,74","52,65","86,69",4,TERMINATING,0,3,3,Affine Template / Affine Template
ATVA2026_benchmark/TERM_LASSO//lasso_traces_wrongBFS.bpl/lasso_trace_2.txt,TERMINATING,"0,57","44,47","39,14","84,18",5,TERMINATING,2,3,5,Affine Template / Affine Template
ATVA2026_benchmark/TERM_LASSO//lasso_traces_wtf.t2.c/lasso_trace_10.txt,TERMINATING,"1,17","427,41","423,53","852,11",45,TERMINATING,230,204,434,Affine Template / Affine Template
ATVA2026_benchmark/TERM_LASSO//lasso_traces_wtf.t2.c/lasso_trace_4.txt,TERMINATING,"1,88","109,03","154,65","265,56",29,TERMINATING,107,184,291,Affine Template / Affine Template
ATVA2026_benchmark/TERM_LASSO//lasso_traces_wtf.t2.c/lasso_trace_5.txt,TERMINATING,"0,46","195,83","220,09","416,38",29,TERMINATING,110,184,294,Affine Template / Affine Template
ATVA2026_benchmark/TERM_LASSO//lasso_traces_wtf.t2.c/lasso_trace_7.txt,TERMINATING,"0,77","66,87","126,51","194,15",51,TERMINATING,137,184,321,Affine Template / Affine Template
ATVA2026_benchmark/TERM_LASSO//lasso_traces_wtf.t2.c/lasso_trace_8.txt,TERMINATING,"0,73","574,81","720,61","1296,15",41,TERMINATING,170,187,357,Affine Template / Affine Template
ATVA2026_benchmark/TERM_LASSO//lasso_traces_xor-01_termination.c/lasso_trace_1.txt,TERMINATING,"2,04","62,62","32,21","96,87",10,TERMINATING,5,1,6,Affine Template / Affine Template
ATVA2026_benchmark/TERM_LASSO//lasso_traces_xor-01.c/lasso_trace_1.txt,TERMINATING,"1,99","62,76","36,08","100,83",11,TERMINATING,5,1,6,Affine Template / Affine Template
ATVA2026_benchmark/TERM_LASSO//lasso_traces_yPositive-SIscaled100.bpl/lasso_trace_1.txt,TERMINATING,"4,51","4577,57","370,13","4952,21",416,TERMINATING,1,1,2,Affine Template / Affine Template
ATVA2026_benchmark/TERM_LASSO//lasso_traces_yPositive-SIscaled50.bpl/lasso_trace_1.txt,TERMINATING,"3,51","1648,07","159,8","1811,38",124,TERMINATING,1,1,2,Affine Template / Affine Template
ATVA2026_benchmark/TERM_LASSO//lasso_traces_yPositive-SIscaled75.bpl/lasso_trace_1.txt,TERMINATING,"9,58","3311,53","282,3","3603,41",314,TERMINATING,1,1,2,Affine Template / Affine Template
ATVA2026_benchmark/TERM_LASSO//lasso_traces_zeroconf_withassume.t2.c/lasso_trace_14.txt,TERMINATING,"0,5","32,78","25,55","58,83",67,TERMINATING,644,127,771,Affine Template / Affine Template
ATVA2026_benchmark/TERM_LASSO//lasso_traces_zeroconf_withassume.t2.c/lasso_trace_15.txt,TERMINATING,"0,54","462,23","610,75","1073,52",68,TERMINATING,653,66,719,Affine Template / Affine Template
ATVA2026_benchmark/TERM_LASSO//lasso_traces_zeroconf_withassume.t2.c/lasso_trace_4.txt,TERMINATING,"0,52","381,04","465,59","847,15",58,TERMINATING,65,149,214,Affine Template / Affine Template
ATVA2026_benchmark/TERM_LASSO//lasso_traces_zeroconf_withassume.t2.c/lasso_trace_6.txt,TERMINATING,"0,53","58,73","62,96","122,22",52,TERMINATING,94,127,221,Affine Template / Affine Template
ATVA2026_benchmark/TERM_LASSO//lasso_traces_zeroconf_withassume.t2.c/lasso_trace_8.txt,TERMINATING,"0,46","257,67","375,95","634,08",57,TERMINATING,135,66,201,Affine Template / Affine Template
ATVA2026_benchmark/TERM_LASSO//lasso_traces_zeroconf.t2.c/lasso_trace_4.txt,TERMINATING,"0,45","368,3","476,94","845,69",55,TERMINATING,65,143,208,Affine Template / Affine Template
ATVA2026_benchmark/TERM_LASSO//lasso_traces_zeroconf.t2.c/lasso_trace_5.txt,TERMINATING,"0,45","71,59","67,05","139,09",53,TERMINATING,94,125,219,Affine Template / Affine Template
