Trace Name,Result Code,Ultimate-Fixpoint (ms),Ultimate (ms),pasttel (ms),PaSTTeL Status,Stem Size,Loop Size,Total Size Trace,Algo
ATVA2026_benchmark/NON_TERM_LASSO//lasso_traces_01_inc-originalVarNames.bpl/lasso_trace_1.txt,NONTERMINATING,2.81,2.81,2.00,NONTERMINATING,0,1,1,Fixpoint / Fixpoint
ATVA2026_benchmark/NON_TERM_LASSO//lasso_traces_01_inc-originalVarNames-noSymmetry.bpl/lasso_trace_13.txt,NONTERMINATING,1.27,1.27,2.00,NONTERMINATING,4,4,8,Fixpoint / Fixpoint
ATVA2026_benchmark/NON_TERM_LASSO//lasso_traces_2013POPL-BenAmGen-Ex3.20-Real.bpl/lasso_trace_1.txt,NONTERMINATING,3.69,3.69,1.00,NONTERMINATING,0,1,1,Fixpoint / Fixpoint
ATVA2026_benchmark/NON_TERM_LASSO//lasso_traces_2020ProgVerif-Sheet09Ex01.bpl/lasso_trace_1.txt,NONTERMINATING,1.88,50.06,4.00,NONTERMINATING,1,2,3,GNTA / GNTA
ATVA2026_benchmark/NON_TERM_LASSO//lasso_traces_39_framing_condition_summary_minimal.bpl/lasso_trace_1.txt,NONTERMINATING,3.40,3.40,2.00,NONTERMINATING,1,1,2,Fixpoint / Fixpoint
ATVA2026_benchmark/NON_TERM_LASSO//lasso_traces_40_framing_condition_with_procedure.bpl/lasso_trace_1.txt,NONTERMINATING,2.72,2.72,1.00,NONTERMINATING,0,1,1,Fixpoint / Fixpoint
ATVA2026_benchmark/NON_TERM_LASSO//lasso_traces_41_loop_leaves_some_indices_unchanged.bpl/lasso_trace_1.txt,NONTERMINATING,4.19,4.19,2.00,NONTERMINATING,1,1,2,Fixpoint / Fixpoint
ATVA2026_benchmark/NON_TERM_LASSO//lasso_traces_addNotUpdatedVar.bpl/lasso_trace_1.txt,NONTERMINATING,2.80,2.80,2.00,NONTERMINATING,0,1,1,Fixpoint / Fixpoint
ATVA2026_benchmark/NON_TERM_LASSO//lasso_traces_add-sub01.bpl/lasso_trace_1.txt,NONTERMINATING,5.07,5.07,2.00,NONTERMINATING,2,3,5,Fixpoint / Fixpoint
ATVA2026_benchmark/NON_TERM_LASSO//lasso_traces_add-sub02.bpl/lasso_trace_1.txt,NONTERMINATING,4.31,4.31,2.00,NONTERMINATING,2,3,5,Fixpoint / Fixpoint
ATVA2026_benchmark/NON_TERM_LASSO//lasso_traces_add-sub03.bpl/lasso_trace_1.txt,NONTERMINATING,4.32,4.32,1.00,NONTERMINATING,2,3,5,Fixpoint / Fixpoint
ATVA2026_benchmark/NON_TERM_LASSO//lasso_traces_add-sub04.bpl/lasso_trace_1.txt,NONTERMINATING,6.83,6.83,1.00,NONTERMINATING,2,3,5,Fixpoint / Fixpoint
ATVA2026_benchmark/NON_TERM_LASSO//lasso_traces_add-sub05.bpl/lasso_trace_1.txt,NONTERMINATING,6.56,6.56,1.00,NONTERMINATING,2,3,5,Fixpoint / Fixpoint
ATVA2026_benchmark/NON_TERM_LASSO//lasso_traces_add-sub06.bpl/lasso_trace_1.txt,NONTERMINATING,4.18,4.18,2.00,NONTERMINATING,2,3,5,Fixpoint / Fixpoint
ATVA2026_benchmark/NON_TERM_LASSO//lasso_traces_add-sub07.bpl/lasso_trace_1.txt,NONTERMINATING,6.55,6.55,1.00,NONTERMINATING,2,3,5,Fixpoint / Fixpoint
ATVA2026_benchmark/NON_TERM_LASSO//lasso_traces_add-sub08.bpl/lasso_trace_1.txt,NONTERMINATING,6.94,6.94,2.00,NONTERMINATING,2,3,5,Fixpoint / Fixpoint
ATVA2026_benchmark/NON_TERM_LASSO//lasso_traces_add-sub09.bpl/lasso_trace_1.txt,NONTERMINATING,5.90,5.90,1.00,NONTERMINATING,2,3,5,Fixpoint / Fixpoint
ATVA2026_benchmark/NON_TERM_LASSO//lasso_traces_AiHelpful.bpl/lasso_trace_1.txt,NONTERMINATING,3.59,3.59,1.00,NONTERMINATING,1,1,2,Fixpoint / Fixpoint
ATVA2026_benchmark/NON_TERM_LASSO//lasso_traces_AnnoyingVillain.bpl/lasso_trace_1.txt,NONTERMINATING,1.93,73.78,2.00,NONTERMINATING,1,1,2,GNTA / GNTA
ATVA2026_benchmark/NON_TERM_LASSO//lasso_traces_ArrayExtensionality.bpl/lasso_trace_1.txt,NONTERMINATING,2.13,2.13,2.00,NONTERMINATING,1,1,2,Fixpoint / Fixpoint
ATVA2026_benchmark/NON_TERM_LASSO//lasso_traces_ArrayRead03.bpl/lasso_trace_1.txt,NONTERMINATING,1.59,1.59,2.00,NONTERMINATING,2,1,3,Fixpoint / Fixpoint
ATVA2026_benchmark/NON_TERM_LASSO//lasso_traces_Arrays20.bpl/lasso_trace_22.txt,NONTERMINATING,2.82,2.82,3.00,NONTERMINATING,40,2,42,Fixpoint / Fixpoint
ATVA2026_benchmark/NON_TERM_LASSO//lasso_traces_ATVA2013-nonIntegral-real.bpl/lasso_trace_1.txt,NONTERMINATING,3.10,3.10,1.00,NONTERMINATING,1,1,2,Fixpoint / Fixpoint
ATVA2026_benchmark/NON_TERM_LASSO//lasso_traces_Bakery.bpl/lasso_trace_3.txt,NONTERMINATING,1.00,1.00,2.00,NONTERMINATING,6,6,12,Fixpoint / Fixpoint
ATVA2026_benchmark/NON_TERM_LASSO//lasso_traces_Bangalore2.bpl/lasso_trace_1.txt,NONTERMINATING,5.05,5.05,1.00,NONTERMINATING,1,1,2,Fixpoint / Fixpoint
ATVA2026_benchmark/NON_TERM_LASSO//lasso_traces_Barcelona.bpl/lasso_trace_1.txt,NONTERMINATING,3.31,3.31,1.00,NONTERMINATING,1,1,2,Fixpoint / Fixpoint
ATVA2026_benchmark/NON_TERM_LASSO//lasso_traces_bball.bpl/lasso_trace_1.txt,NONTERMINATING,3.49,3.49,2.00,NONTERMINATING,1,2,3,Fixpoint / Fixpoint
ATVA2026_benchmark/NON_TERM_LASSO/lasso_traces_bbbb+[.bpl/lasso_trace_1.txt,NONTERMINATING,4.24,4.24,2.00,NONTERMINATING,1,1,2,Fixpoint / Fixpoint
ATVA2026_benchmark/NON_TERM_LASSO/lasso_traces_b+[]bb.bpl/lasso_trace_1.txt,NONTERMINATING,4.42,4.42,2.00,NONTERMINATING,1,1,2,Fixpoint / Fixpoint
ATVA2026_benchmark/NON_TERM_LASSO/lasso_traces_b+bb+[.bpl/lasso_trace_1.txt,NONTERMINATING,20.88,20.88,2.00,NONTERMINATING,1,1,2,Fixpoint / Fixpoint
ATVA2026_benchmark/NON_TERM_LASSO/lasso_traces_b-bb+[.bpl/lasso_trace_1.txt,NONTERMINATING,9.23,9.23,2.00,NONTERMINATING,1,1,2,Fixpoint / Fixpoint
ATVA2026_benchmark/NON_TERM_LASSO/lasso_traces_b]bb+[.bpl/lasso_trace_2.txt,NONTERMINATING,13.80,13.80,2.00,NONTERMINATING,2,1,3,Fixpoint / Fixpoint
ATVA2026_benchmark/NON_TERM_LASSO/lasso_traces_bb+[]b.bpl/lasso_trace_1.txt,NONTERMINATING,17.66,17.66,2.00,NONTERMINATING,1,1,2,Fixpoint / Fixpoint
ATVA2026_benchmark/NON_TERM_LASSO/lasso_traces_bb+b+[.bpl/lasso_trace_1.txt,NONTERMINATING,10.85,10.85,2.00,NONTERMINATING,1,1,2,Fixpoint / Fixpoint
ATVA2026_benchmark/NON_TERM_LASSO/lasso_traces_bb-b+[.bpl/lasso_trace_1.txt,NONTERMINATING,27.76,27.76,2.00,NONTERMINATING,1,1,2,Fixpoint / Fixpoint
ATVA2026_benchmark/NON_TERM_LASSO/lasso_traces_bb]b+[.bpl/lasso_trace_2.txt,NONTERMINATING,14.51,14.51,3.00,NONTERMINATING,2,1,3,Fixpoint / Fixpoint
ATVA2026_benchmark/NON_TERM_LASSO/lasso_traces_bbb++[.bpl/lasso_trace_1.txt,NONTERMINATING,27.76,27.76,2.00,NONTERMINATING,1,1,2,Fixpoint / Fixpoint
ATVA2026_benchmark/NON_TERM_LASSO/lasso_traces_bbb+[.bpl/lasso_trace_1.txt,NONTERMINATING,25.60,25.60,2.00,NONTERMINATING,1,1,2,Fixpoint / Fixpoint
ATVA2026_benchmark/NON_TERM_LASSO/lasso_traces_bbb+[[.bpl/lasso_trace_2.txt,NONTERMINATING,30.53,30.53,2.00,NONTERMINATING,2,1,3,Fixpoint / Fixpoint
ATVA2026_benchmark/NON_TERM_LASSO/lasso_traces_bbb+[].bpl/lasso_trace_1.txt,NONTERMINATING,16.11,16.11,2.00,NONTERMINATING,1,1,2,Fixpoint / Fixpoint
ATVA2026_benchmark/NON_TERM_LASSO/lasso_traces_bbb-+[.bpl/lasso_trace_1.txt,NONTERMINATING,62.17,62.17,2.00,NONTERMINATING,1,1,2,Fixpoint / Fixpoint
ATVA2026_benchmark/NON_TERM_LASSO/lasso_traces_bb+[bd.bpl/lasso_trace_1.txt,NONTERMINATING,2.08,2.08,3.00,NONTERMINATING,2,1,3,Fixpoint / Fixpoint
ATVA2026_benchmark/NON_TERM_LASSO/lasso_traces_bb+bd[.bpl/lasso_trace_1.txt,NONTERMINATING,5.04,5.04,2.00,NONTERMINATING,1,1,2,Fixpoint / Fixpoint
ATVA2026_benchmark/NON_TERM_LASSO/lasso_traces_bbbd+[.bpl/lasso_trace_1.txt,NONTERMINATING,3.32,3.32,2.00,NONTERMINATING,1,1,2,Fixpoint / Fixpoint
ATVA2026_benchmark/NON_TERM_LASSO/lasso_traces_b++[]b.bpl/lasso_trace_1.txt,NONTERMINATING,2.89,2.89,2.00,NONTERMINATING,1,1,2,Fixpoint / Fixpoint
ATVA2026_benchmark/NON_TERM_LASSO/lasso_traces_b++b+[.bpl/lasso_trace_1.txt,NONTERMINATING,9.00,9.00,2.00,NONTERMINATING,1,1,2,Fixpoint / Fixpoint
ATVA2026_benchmark/NON_TERM_LASSO/lasso_traces_b+-b+[.bpl/lasso_trace_1.txt,NONTERMINATING,12.56,12.56,2.00,NONTERMINATING,1,1,2,Fixpoint / Fixpoint
ATVA2026_benchmark/NON_TERM_LASSO/lasso_traces_b+[]+b.bpl/lasso_trace_1.txt,NONTERMINATING,5.33,5.33,2.00,NONTERMINATING,1,1,2,Fixpoint / Fixpoint
ATVA2026_benchmark/NON_TERM_LASSO/lasso_traces_b+[]-b.bpl/lasso_trace_1.txt,NONTERMINATING,3.38,3.38,2.00,NONTERMINATING,1,1,2,Fixpoint / Fixpoint
ATVA2026_benchmark/NON_TERM_LASSO/lasso_traces_b+[][b.bpl/lasso_trace_1.txt,NONTERMINATING,3.14,3.14,2.00,NONTERMINATING,1,1,2,Fixpoint / Fixpoint
ATVA2026_benchmark/NON_TERM_LASSO/lasso_traces_b+[]b+.bpl/lasso_trace_1.txt,NONTERMINATING,3.30,3.30,2.00,NONTERMINATING,1,1,2,Fixpoint / Fixpoint
ATVA2026_benchmark/NON_TERM_LASSO/lasso_traces_b+[]b-.bpl/lasso_trace_1.txt,NONTERMINATING,3.35,3.35,2.00,NONTERMINATING,1,1,2,Fixpoint / Fixpoint
ATVA2026_benchmark/NON_TERM_LASSO/lasso_traces_b+[]b.bpl/lasso_trace_1.txt,NONTERMINATING,3.29,3.29,2.00,NONTERMINATING,1,1,2,Fixpoint / Fixpoint
ATVA2026_benchmark/NON_TERM_LASSO/lasso_traces_b+[]b[.bpl/lasso_trace_1.txt,NONTERMINATING,4.29,4.29,3.00,NONTERMINATING,1,1,2,Fixpoint / Fixpoint
ATVA2026_benchmark/NON_TERM_LASSO/lasso_traces_b+[b+[.bpl/lasso_trace_2.txt,NONTERMINATING,3.46,3.46,3.00,NONTERMINATING,2,1,3,Fixpoint / Fixpoint
ATVA2026_benchmark/NON_TERM_LASSO/lasso_traces_b+]b+[.bpl/lasso_trace_2.txt,NONTERMINATING,2.72,2.72,3.00,NONTERMINATING,2,1,3,Fixpoint / Fixpoint
ATVA2026_benchmark/NON_TERM_LASSO/lasso_traces_b+b++[.bpl/lasso_trace_1.txt,NONTERMINATING,4.94,4.94,2.00,NONTERMINATING,1,1,2,Fixpoint / Fixpoint
ATVA2026_benchmark/NON_TERM_LASSO/lasso_traces_b+b+[.bpl/lasso_trace_1.txt,NONTERMINATING,2.96,2.96,2.00,NONTERMINATING,1,1,2,Fixpoint / Fixpoint
ATVA2026_benchmark/NON_TERM_LASSO/lasso_traces_b+b+[[.bpl/lasso_trace_2.txt,NONTERMINATING,2.87,2.87,2.00,NONTERMINATING,2,1,3,Fixpoint / Fixpoint
ATVA2026_benchmark/NON_TERM_LASSO/lasso_traces_b+b+[].bpl/lasso_trace_1.txt,NONTERMINATING,2.85,2.85,2.00,NONTERMINATING,1,1,2,Fixpoint / Fixpoint
ATVA2026_benchmark/NON_TERM_LASSO/lasso_traces_b+b-+[.bpl/lasso_trace_1.txt,NONTERMINATING,4.29,4.29,2.00,NONTERMINATING,1,1,2,Fixpoint / Fixpoint
ATVA2026_benchmark/NON_TERM_LASSO/lasso_traces_b+b]+[.bpl/lasso_trace_2.txt,NONTERMINATING,2.75,2.75,2.00,NONTERMINATING,2,1,3,Fixpoint / Fixpoint
ATVA2026_benchmark/NON_TERM_LASSO/lasso_traces_b-+[]b.bpl/lasso_trace_1.txt,NONTERMINATING,3.18,3.18,2.00,NONTERMINATING,1,1,2,Fixpoint / Fixpoint
ATVA2026_benchmark/NON_TERM_LASSO/lasso_traces_b-+b+[.bpl/lasso_trace_1.txt,NONTERMINATING,4.42,4.42,3.00,NONTERMINATING,1,1,2,Fixpoint / Fixpoint
ATVA2026_benchmark/NON_TERM_LASSO/lasso_traces_b--b+[.bpl/lasso_trace_1.txt,NONTERMINATING,10.67,10.67,2.00,NONTERMINATING,1,1,2,Fixpoint / Fixpoint
ATVA2026_benchmark/NON_TERM_LASSO/lasso_traces_b-]b+[.bpl/lasso_trace_2.txt,NONTERMINATING,2.77,2.77,3.00,NONTERMINATING,2,1,3,Fixpoint / Fixpoint
ATVA2026_benchmark/NON_TERM_LASSO/lasso_traces_b-b++[.bpl/lasso_trace_1.txt,NONTERMINATING,4.92,4.92,2.00,NONTERMINATING,1,1,2,Fixpoint / Fixpoint
ATVA2026_benchmark/NON_TERM_LASSO/lasso_traces_b-b+[.bpl/lasso_trace_1.txt,NONTERMINATING,3.75,3.75,2.00,NONTERMINATING,1,1,2,Fixpoint / Fixpoint
ATVA2026_benchmark/NON_TERM_LASSO/lasso_traces_b-b+[[.bpl/lasso_trace_2.txt,NONTERMINATING,3.18,3.18,2.00,NONTERMINATING,2,1,3,Fixpoint / Fixpoint
ATVA2026_benchmark/NON_TERM_LASSO/lasso_traces_b-b+[].bpl/lasso_trace_1.txt,NONTERMINATING,4.85,4.85,2.00,NONTERMINATING,1,1,2,Fixpoint / Fixpoint
ATVA2026_benchmark/NON_TERM_LASSO/lasso_traces_b-b-+[.bpl/lasso_trace_1.txt,NONTERMINATING,3.08,3.08,2.00,NONTERMINATING,1,1,2,Fixpoint / Fixpoint
ATVA2026_benchmark/NON_TERM_LASSO/lasso_traces_b-b]+[.bpl/lasso_trace_2.txt,NONTERMINATING,2.64,2.64,2.00,NONTERMINATING,2,1,3,Fixpoint / Fixpoint
ATVA2026_benchmark/NON_TERM_LASSO/lasso_traces_b[]b+[.bpl/lasso_trace_2.txt,NONTERMINATING,3.44,3.44,2.00,NONTERMINATING,2,1,3,Fixpoint / Fixpoint
ATVA2026_benchmark/NON_TERM_LASSO/lasso_traces_b]+[]b.bpl/lasso_trace_2.txt,NONTERMINATING,2.54,2.54,2.00,NONTERMINATING,2,1,3,Fixpoint / Fixpoint
ATVA2026_benchmark/NON_TERM_LASSO/lasso_traces_b]+b+[.bpl/lasso_trace_2.txt,NONTERMINATING,2.55,2.55,2.00,NONTERMINATING,2,1,3,Fixpoint / Fixpoint
ATVA2026_benchmark/NON_TERM_LASSO/lasso_traces_b]-b+[.bpl/lasso_trace_2.txt,NONTERMINATING,3.08,3.08,2.00,NONTERMINATING,2,1,3,Fixpoint / Fixpoint
ATVA2026_benchmark/NON_TERM_LASSO/lasso_traces_b]]b+[.bpl/lasso_trace_3.txt,NONTERMINATING,3.55,3.55,2.00,NONTERMINATING,2,1,3,Fixpoint / Fixpoint
ATVA2026_benchmark/NON_TERM_LASSO/lasso_traces_b]b++[.bpl/lasso_trace_2.txt,NONTERMINATING,2.60,2.60,2.00,NONTERMINATING,2,1,3,Fixpoint / Fixpoint
ATVA2026_benchmark/NON_TERM_LASSO/lasso_traces_b]b+[.bpl/lasso_trace_2.txt,NONTERMINATING,2.45,2.45,2.00,NONTERMINATING,2,1,3,Fixpoint / Fixpoint
ATVA2026_benchmark/NON_TERM_LASSO/lasso_traces_b]b+[[.bpl/lasso_trace_3.txt,NONTERMINATING,2.69,2.69,2.00,NONTERMINATING,3,1,4,Fixpoint / Fixpoint
ATVA2026_benchmark/NON_TERM_LASSO/lasso_traces_b]b+[].bpl/lasso_trace_2.txt,NONTERMINATING,2.93,2.93,2.00,NONTERMINATING,2,1,3,Fixpoint / Fixpoint
ATVA2026_benchmark/NON_TERM_LASSO/lasso_traces_b]b-+[.bpl/lasso_trace_2.txt,NONTERMINATING,2.82,2.82,2.00,NONTERMINATING,2,1,3,Fixpoint / Fixpoint
ATVA2026_benchmark/NON_TERM_LASSO/lasso_traces_b]b]+[.bpl/lasso_trace_3.txt,NONTERMINATING,2.71,2.71,2.00,NONTERMINATING,2,1,3,Fixpoint / Fixpoint
ATVA2026_benchmark/NON_TERM_LASSO/lasso_traces_bb+++[.bpl/lasso_trace_1.txt,NONTERMINATING,3.83,3.83,2.00,NONTERMINATING,1,1,2,Fixpoint / Fixpoint
ATVA2026_benchmark/NON_TERM_LASSO/lasso_traces_bb++-[.bpl/lasso_trace_1.txt,NONTERMINATING,3.40,3.40,2.00,NONTERMINATING,1,1,2,Fixpoint / Fixpoint
ATVA2026_benchmark/NON_TERM_LASSO/lasso_traces_bb++[.bpl/lasso_trace_1.txt,NONTERMINATING,13.26,13.26,2.00,NONTERMINATING,1,1,2,Fixpoint / Fixpoint
ATVA2026_benchmark/NON_TERM_LASSO/lasso_traces_bb++[[.bpl/lasso_trace_2.txt,NONTERMINATING,6.10,6.10,2.00,NONTERMINATING,2,1,3,Fixpoint / Fixpoint
ATVA2026_benchmark/NON_TERM_LASSO/lasso_traces_bb++[].bpl/lasso_trace_1.txt,NONTERMINATING,14.26,14.26,2.00,NONTERMINATING,1,1,2,Fixpoint / Fixpoint
ATVA2026_benchmark/NON_TERM_LASSO/lasso_traces_bb+-+[.bpl/lasso_trace_1.txt,NONTERMINATING,6.84,6.84,2.00,NONTERMINATING,1,1,2,Fixpoint / Fixpoint
ATVA2026_benchmark/NON_TERM_LASSO/lasso_traces_bb+[+-.bpl/lasso_trace_1.txt,NONTERMINATING,4.60,4.60,2.00,NONTERMINATING,1,1,2,Fixpoint / Fixpoint
ATVA2026_benchmark/NON_TERM_LASSO/lasso_traces_bb+[+[.bpl/lasso_trace_2.txt,NONTERMINATING,4.37,4.37,2.00,NONTERMINATING,2,1,3,Fixpoint / Fixpoint
ATVA2026_benchmark/NON_TERM_LASSO/lasso_traces_bb+[-+.bpl/lasso_trace_1.txt,NONTERMINATING,6.78,6.78,2.00,NONTERMINATING,1,1,2,Fixpoint / Fixpoint
ATVA2026_benchmark/NON_TERM_LASSO/lasso_traces_bb+[.bpl/lasso_trace_1.txt,NONTERMINATING,4.27,4.27,2.00,NONTERMINATING,1,1,2,Fixpoint / Fixpoint
ATVA2026_benchmark/NON_TERM_LASSO/lasso_traces_bb+[[.bpl/lasso_trace_2.txt,NONTERMINATING,4.11,4.11,2.00,NONTERMINATING,2,1,3,Fixpoint / Fixpoint
ATVA2026_benchmark/NON_TERM_LASSO/lasso_traces_bb+[[[.bpl/lasso_trace_2.txt,NONTERMINATING,3.16,3.16,3.00,NONTERMINATING,3,1,4,Fixpoint / Fixpoint
ATVA2026_benchmark/NON_TERM_LASSO/lasso_traces_bb+[]+.bpl/lasso_trace_1.txt,NONTERMINATING,4.59,4.59,3.00,NONTERMINATING,1,1,2,Fixpoint / Fixpoint
ATVA2026_benchmark/NON_TERM_LASSO/lasso_traces_bb+[]-.bpl/lasso_trace_1.txt,NONTERMINATING,4.59,4.59,2.00,NONTERMINATING,1,1,2,Fixpoint / Fixpoint
ATVA2026_benchmark/NON_TERM_LASSO/lasso_traces_bb+[].bpl/lasso_trace_1.txt,NONTERMINATING,5.96,5.96,2.00,NONTERMINATING,1,1,2,Fixpoint / Fixpoint
ATVA2026_benchmark/NON_TERM_LASSO/lasso_traces_bb+[][.bpl/lasso_trace_1.txt,NONTERMINATING,5.02,5.02,2.00,NONTERMINATING,1,1,2,Fixpoint / Fixpoint
ATVA2026_benchmark/NON_TERM_LASSO/lasso_traces_bb+]+[.bpl/lasso_trace_2.txt,NONTERMINATING,2.83,2.83,2.00,NONTERMINATING,2,1,3,Fixpoint / Fixpoint
ATVA2026_benchmark/NON_TERM_LASSO/lasso_traces_bb-++[.bpl/lasso_trace_1.txt,NONTERMINATING,3.23,3.23,2.00,NONTERMINATING,1,1,2,Fixpoint / Fixpoint
ATVA2026_benchmark/NON_TERM_LASSO/lasso_traces_bb-+[.bpl/lasso_trace_1.txt,NONTERMINATING,4.93,4.93,2.00,NONTERMINATING,1,1,2,Fixpoint / Fixpoint
ATVA2026_benchmark/NON_TERM_LASSO/lasso_traces_bb-+[[.bpl/lasso_trace_2.txt,NONTERMINATING,2.76,2.76,2.00,NONTERMINATING,2,1,3,Fixpoint / Fixpoint
ATVA2026_benchmark/NON_TERM_LASSO/lasso_traces_bb-+[].bpl/lasso_trace_1.txt,NONTERMINATING,3.44,3.44,3.00,NONTERMINATING,1,1,2,Fixpoint / Fixpoint
ATVA2026_benchmark/NON_TERM_LASSO/lasso_traces_bb--+[.bpl/lasso_trace_1.txt,NONTERMINATING,4.30,4.30,2.00,NONTERMINATING,1,1,2,Fixpoint / Fixpoint
ATVA2026_benchmark/NON_TERM_LASSO/lasso_traces_bb-]+[.bpl/lasso_trace_2.txt,NONTERMINATING,3.24,3.24,2.00,NONTERMINATING,2,1,3,Fixpoint / Fixpoint
ATVA2026_benchmark/NON_TERM_LASSO/lasso_traces_bb[]+[.bpl/lasso_trace_2.txt,NONTERMINATING,2.56,2.56,2.00,NONTERMINATING,2,1,3,Fixpoint / Fixpoint
ATVA2026_benchmark/NON_TERM_LASSO/lasso_traces_bb]++[.bpl/lasso_trace_2.txt,NONTERMINATING,2.72,2.72,2.00,NONTERMINATING,2,1,3,Fixpoint / Fixpoint
ATVA2026_benchmark/NON_TERM_LASSO/lasso_traces_bb]+[.bpl/lasso_trace_2.txt,NONTERMINATING,2.41,2.41,2.00,NONTERMINATING,2,1,3,Fixpoint / Fixpoint
ATVA2026_benchmark/NON_TERM_LASSO/lasso_traces_bb]+[[.bpl/lasso_trace_3.txt,NONTERMINATING,2.47,2.47,2.00,NONTERMINATING,3,1,4,Fixpoint / Fixpoint
ATVA2026_benchmark/NON_TERM_LASSO/lasso_traces_bb]+[].bpl/lasso_trace_2.txt,NONTERMINATING,2.44,2.44,2.00,NONTERMINATING,2,1,3,Fixpoint / Fixpoint
ATVA2026_benchmark/NON_TERM_LASSO/lasso_traces_bb]-+[.bpl/lasso_trace_2.txt,NONTERMINATING,2.63,2.63,2.00,NONTERMINATING,2,1,3,Fixpoint / Fixpoint
ATVA2026_benchmark/NON_TERM_LASSO/lasso_traces_bb]]+[.bpl/lasso_trace_3.txt,NONTERMINATING,2.70,2.70,2.00,NONTERMINATING,2,1,3,Fixpoint / Fixpoint
ATVA2026_benchmark/NON_TERM_LASSO/lasso_traces_bb+[db.bpl/lasso_trace_1.txt,NONTERMINATING,4.03,4.03,3.00,NONTERMINATING,1,1,2,Fixpoint / Fixpoint
ATVA2026_benchmark/NON_TERM_LASSO/lasso_traces_bb+db[.bpl/lasso_trace_1.txt,NONTERMINATING,3.23,3.23,2.00,NONTERMINATING,1,1,2,Fixpoint / Fixpoint
ATVA2026_benchmark/NON_TERM_LASSO/lasso_traces_bbdb+[.bpl/lasso_trace_1.txt,NONTERMINATING,3.47,3.47,2.00,NONTERMINATING,1,1,2,Fixpoint / Fixpoint
ATVA2026_benchmark/NON_TERM_LASSO/lasso_traces_b++[bd.bpl/lasso_trace_1.txt,NONTERMINATING,1.81,1.81,3.00,NONTERMINATING,2,1,3,Fixpoint / Fixpoint
ATVA2026_benchmark/NON_TERM_LASSO/lasso_traces_b++bd[.bpl/lasso_trace_1.txt,NONTERMINATING,2.93,2.93,2.00,NONTERMINATING,1,1,2,Fixpoint / Fixpoint
ATVA2026_benchmark/NON_TERM_LASSO/lasso_traces_b+[[bd.bpl/lasso_trace_3.txt,NONTERMINATING,1.77,1.77,2.00,NONTERMINATING,3,1,4,Fixpoint / Fixpoint
ATVA2026_benchmark/NON_TERM_LASSO/lasso_traces_b+[]bd.bpl/lasso_trace_1.txt,NONTERMINATING,3.45,3.45,2.00,NONTERMINATING,1,1,2,Fixpoint / Fixpoint
ATVA2026_benchmark/NON_TERM_LASSO/lasso_traces_b+[b-d.bpl/lasso_trace_1.txt,NONTERMINATING,1.85,1.85,3.00,NONTERMINATING,2,1,3,Fixpoint / Fixpoint
ATVA2026_benchmark/NON_TERM_LASSO/lasso_traces_b+[bd.bpl/lasso_trace_1.txt,NONTERMINATING,1.93,1.93,2.00,NONTERMINATING,2,1,3,Fixpoint / Fixpoint
ATVA2026_benchmark/NON_TERM_LASSO/lasso_traces_b+[bd[.bpl/lasso_trace_2.txt,NONTERMINATING,3.35,3.35,2.00,NONTERMINATING,2,1,3,Fixpoint / Fixpoint
ATVA2026_benchmark/NON_TERM_LASSO/lasso_traces_b+b+d[.bpl/lasso_trace_1.txt,NONTERMINATING,5.13,5.13,2.00,NONTERMINATING,1,1,2,Fixpoint / Fixpoint
ATVA2026_benchmark/NON_TERM_LASSO/lasso_traces_b+b-d[.bpl/lasso_trace_1.txt,NONTERMINATING,4.74,4.74,2.00,NONTERMINATING,1,1,2,Fixpoint / Fixpoint
ATVA2026_benchmark/NON_TERM_LASSO/lasso_traces_b+bd+[.bpl/lasso_trace_1.txt,NONTERMINATING,4.42,4.42,2.00,NONTERMINATING,1,1,2,Fixpoint / Fixpoint
ATVA2026_benchmark/NON_TERM_LASSO/lasso_traces_b+bd[.bpl/lasso_trace_1.txt,NONTERMINATING,4.73,4.73,2.00,NONTERMINATING,1,1,2,Fixpoint / Fixpoint
ATVA2026_benchmark/NON_TERM_LASSO/lasso_traces_b+bd[[.bpl/lasso_trace_2.txt,NONTERMINATING,4.22,4.22,2.00,NONTERMINATING,2,1,3,Fixpoint / Fixpoint
ATVA2026_benchmark/NON_TERM_LASSO/lasso_traces_b+bd[].bpl/lasso_trace_1.txt,NONTERMINATING,4.50,4.50,2.00,NONTERMINATING,1,1,2,Fixpoint / Fixpoint
ATVA2026_benchmark/NON_TERM_LASSO/lasso_traces_b-+[bd.bpl/lasso_trace_1.txt,NONTERMINATING,1.92,1.92,4.00,NONTERMINATING,2,1,3,Fixpoint / Fixpoint
ATVA2026_benchmark/NON_TERM_LASSO/lasso_traces_b-+bd[.bpl/lasso_trace_1.txt,NONTERMINATING,5.01,5.01,2.00,NONTERMINATING,1,1,2,Fixpoint / Fixpoint
ATVA2026_benchmark/NON_TERM_LASSO/lasso_traces_b-bd+[.bpl/lasso_trace_1.txt,NONTERMINATING,6.35,6.35,2.00,NONTERMINATING,1,1,2,Fixpoint / Fixpoint
ATVA2026_benchmark/NON_TERM_LASSO/lasso_traces_b]+[bd.bpl/lasso_trace_2.txt,NONTERMINATING,2.36,2.36,2.00,NONTERMINATING,3,1,4,Fixpoint / Fixpoint
ATVA2026_benchmark/NON_TERM_LASSO/lasso_traces_b]+bd[.bpl/lasso_trace_2.txt,NONTERMINATING,3.44,3.44,2.00,NONTERMINATING,2,1,3,Fixpoint / Fixpoint
ATVA2026_benchmark/NON_TERM_LASSO/lasso_traces_b]bd+[.bpl/lasso_trace_2.txt,NONTERMINATING,3.43,3.43,2.00,NONTERMINATING,2,1,3,Fixpoint / Fixpoint
ATVA2026_benchmark/NON_TERM_LASSO/lasso_traces_bb+[]d.bpl/lasso_trace_1.txt,NONTERMINATING,3.98,3.98,2.00,NONTERMINATING,1,1,2,Fixpoint / Fixpoint
ATVA2026_benchmark/NON_TERM_LASSO/lasso_traces_bb+d+[.bpl/lasso_trace_1.txt,NONTERMINATING,3.35,3.35,2.00,NONTERMINATING,1,1,2,Fixpoint / Fixpoint
ATVA2026_benchmark/NON_TERM_LASSO/lasso_traces_bb-d+[.bpl/lasso_trace_1.txt,NONTERMINATING,3.39,3.39,2.00,NONTERMINATING,1,1,2,Fixpoint / Fixpoint
ATVA2026_benchmark/NON_TERM_LASSO/lasso_traces_bb]+[d.bpl/lasso_trace_2.txt,NONTERMINATING,2.82,2.82,2.00,NONTERMINATING,2,1,3,Fixpoint / Fixpoint
ATVA2026_benchmark/NON_TERM_LASSO/lasso_traces_bb]+d[.bpl/lasso_trace_2.txt,NONTERMINATING,2.71,2.71,2.00,NONTERMINATING,2,1,3,Fixpoint / Fixpoint
ATVA2026_benchmark/NON_TERM_LASSO/lasso_traces_bb]d+[.bpl/lasso_trace_2.txt,NONTERMINATING,3.31,3.31,2.00,NONTERMINATING,2,1,3,Fixpoint / Fixpoint
ATVA2026_benchmark/NON_TERM_LASSO/lasso_traces_bbd++[.bpl/lasso_trace_1.txt,NONTERMINATING,3.88,3.88,2.00,NONTERMINATING,1,1,2,Fixpoint / Fixpoint
ATVA2026_benchmark/NON_TERM_LASSO/lasso_traces_bbd+[.bpl/lasso_trace_1.txt,NONTERMINATING,4.01,4.01,2.00,NONTERMINATING,1,1,2,Fixpoint / Fixpoint
ATVA2026_benchmark/NON_TERM_LASSO/lasso_traces_bbd+[[.bpl/lasso_trace_2.txt,NONTERMINATING,3.43,3.43,3.00,NONTERMINATING,2,1,3,Fixpoint / Fixpoint
ATVA2026_benchmark/NON_TERM_LASSO/lasso_traces_bbd+[].bpl/lasso_trace_1.txt,NONTERMINATING,3.69,3.69,2.00,NONTERMINATING,1,1,2,Fixpoint / Fixpoint
ATVA2026_benchmark/NON_TERM_LASSO/lasso_traces_bbd-+[.bpl/lasso_trace_1.txt,NONTERMINATING,4.48,4.48,2.00,NONTERMINATING,1,1,2,Fixpoint / Fixpoint
ATVA2026_benchmark/NON_TERM_LASSO/lasso_traces_bbd]+[.bpl/lasso_trace_2.txt,NONTERMINATING,2.85,2.85,2.00,NONTERMINATING,2,1,3,Fixpoint / Fixpoint
ATVA2026_benchmark/NON_TERM_LASSO/lasso_traces_bbdd+[.bpl/lasso_trace_1.txt,NONTERMINATING,3.29,3.29,2.00,NONTERMINATING,1,1,2,Fixpoint / Fixpoint
ATVA2026_benchmark/NON_TERM_LASSO/lasso_traces_b++++[.bpl/lasso_trace_1.txt,NONTERMINATING,3.94,3.94,2.00,NONTERMINATING,1,1,2,Fixpoint / Fixpoint
ATVA2026_benchmark/NON_TERM_LASSO/lasso_traces_b+++-[.bpl/lasso_trace_1.txt,NONTERMINATING,3.23,3.23,2.00,NONTERMINATING,1,1,2,Fixpoint / Fixpoint
ATVA2026_benchmark/NON_TERM_LASSO/lasso_traces_b+++[.bpl/lasso_trace_1.txt,NONTERMINATING,3.50,3.50,2.00,NONTERMINATING,1,1,2,Fixpoint / Fixpoint
ATVA2026_benchmark/NON_TERM_LASSO/lasso_traces_b+++[[.bpl/lasso_trace_2.txt,NONTERMINATING,4.97,4.97,2.00,NONTERMINATING,2,1,3,Fixpoint / Fixpoint
ATVA2026_benchmark/NON_TERM_LASSO/lasso_traces_b+++[].bpl/lasso_trace_1.txt,NONTERMINATING,3.64,3.64,2.00,NONTERMINATING,1,1,2,Fixpoint / Fixpoint
ATVA2026_benchmark/NON_TERM_LASSO/lasso_traces_b++-+[.bpl/lasso_trace_1.txt,NONTERMINATING,3.54,3.54,2.00,NONTERMINATING,1,1,2,Fixpoint / Fixpoint
ATVA2026_benchmark/NON_TERM_LASSO/lasso_traces_b++-[.bpl/lasso_trace_1.txt,NONTERMINATING,3.28,3.28,2.00,NONTERMINATING,1,1,2,Fixpoint / Fixpoint
ATVA2026_benchmark/NON_TERM_LASSO/lasso_traces_b++-[[.bpl/lasso_trace_2.txt,NONTERMINATING,4.27,4.27,2.00,NONTERMINATING,2,1,3,Fixpoint / Fixpoint
ATVA2026_benchmark/NON_TERM_LASSO/lasso_traces_b++-[].bpl/lasso_trace_1.txt,NONTERMINATING,3.33,3.33,2.00,NONTERMINATING,1,1,2,Fixpoint / Fixpoint
ATVA2026_benchmark/NON_TERM_LASSO/lasso_traces_b++[+-.bpl/lasso_trace_1.txt,NONTERMINATING,3.41,3.41,2.00,NONTERMINATING,1,1,2,Fixpoint / Fixpoint
ATVA2026_benchmark/NON_TERM_LASSO/lasso_traces_b++[+[.bpl/lasso_trace_2.txt,NONTERMINATING,3.12,3.12,2.00,NONTERMINATING,2,1,3,Fixpoint / Fixpoint
ATVA2026_benchmark/NON_TERM_LASSO/lasso_traces_b++[-+.bpl/lasso_trace_1.txt,NONTERMINATING,4.46,4.46,2.00,NONTERMINATING,1,1,2,Fixpoint / Fixpoint
ATVA2026_benchmark/NON_TERM_LASSO/lasso_traces_b++[-[.bpl/lasso_trace_2.txt,NONTERMINATING,3.34,3.34,2.00,NONTERMINATING,2,1,3,Fixpoint / Fixpoint
ATVA2026_benchmark/NON_TERM_LASSO/lasso_traces_b++[.bpl/lasso_trace_1.txt,NONTERMINATING,3.74,3.74,2.00,NONTERMINATING,1,1,2,Fixpoint / Fixpoint
ATVA2026_benchmark/NON_TERM_LASSO/lasso_traces_b++[[.bpl/lasso_trace_2.txt,NONTERMINATING,3.90,3.90,2.00,NONTERMINATING,2,1,3,Fixpoint / Fixpoint
ATVA2026_benchmark/NON_TERM_LASSO/lasso_traces_b++[[[.bpl/lasso_trace_2.txt,NONTERMINATING,4.24,4.24,2.00,NONTERMINATING,3,1,4,Fixpoint / Fixpoint
ATVA2026_benchmark/NON_TERM_LASSO/lasso_traces_b++[]+.bpl/lasso_trace_1.txt,NONTERMINATING,3.68,3.68,2.00,NONTERMINATING,1,1,2,Fixpoint / Fixpoint
ATVA2026_benchmark/NON_TERM_LASSO/lasso_traces_b++[]-.bpl/lasso_trace_1.txt,NONTERMINATING,3.85,3.85,2.00,NONTERMINATING,1,1,2,Fixpoint / Fixpoint
ATVA2026_benchmark/NON_TERM_LASSO/lasso_traces_b++[].bpl/lasso_trace_1.txt,NONTERMINATING,4.31,4.31,2.00,NONTERMINATING,1,1,2,Fixpoint / Fixpoint
ATVA2026_benchmark/NON_TERM_LASSO/lasso_traces_b++[][.bpl/lasso_trace_1.txt,NONTERMINATING,5.45,5.45,2.00,NONTERMINATING,1,1,2,Fixpoint / Fixpoint
ATVA2026_benchmark/NON_TERM_LASSO/lasso_traces_b++]+[.bpl/lasso_trace_2.txt,NONTERMINATING,3.11,3.11,2.00,NONTERMINATING,2,1,3,Fixpoint / Fixpoint
ATVA2026_benchmark/NON_TERM_LASSO/lasso_traces_b+-++[.bpl/lasso_trace_1.txt,NONTERMINATING,8.00,8.00,2.00,NONTERMINATING,1,1,2,Fixpoint / Fixpoint
ATVA2026_benchmark/NON_TERM_LASSO/lasso_traces_b+-+[.bpl/lasso_trace_1.txt,NONTERMINATING,4.17,4.17,2.00,NONTERMINATING,1,1,2,Fixpoint / Fixpoint
ATVA2026_benchmark/NON_TERM_LASSO/lasso_traces_b+-+[[.bpl/lasso_trace_2.txt,NONTERMINATING,3.37,3.37,2.00,NONTERMINATING,2,1,3,Fixpoint / Fixpoint
ATVA2026_benchmark/NON_TERM_LASSO/lasso_traces_b+-+[].bpl/lasso_trace_1.txt,NONTERMINATING,4.61,4.61,2.00,NONTERMINATING,1,1,2,Fixpoint / Fixpoint
ATVA2026_benchmark/NON_TERM_LASSO/lasso_traces_b+--+[.bpl/lasso_trace_1.txt,NONTERMINATING,3.95,3.95,3.00,NONTERMINATING,1,1,2,Fixpoint / Fixpoint
ATVA2026_benchmark/NON_TERM_LASSO/lasso_traces_b+-]+[.bpl/lasso_trace_2.txt,NONTERMINATING,2.84,2.84,2.00,NONTERMINATING,2,1,3,Fixpoint / Fixpoint
ATVA2026_benchmark/NON_TERM_LASSO/lasso_traces_b+[++[.bpl/lasso_trace_2.txt,NONTERMINATING,4.06,4.06,2.00,NONTERMINATING,2,1,3,Fixpoint / Fixpoint
ATVA2026_benchmark/NON_TERM_LASSO/lasso_traces_b+[+-.bpl/lasso_trace_1.txt,NONTERMINATING,4.40,4.40,2.00,NONTERMINATING,1,1,2,Fixpoint / Fixpoint
ATVA2026_benchmark/NON_TERM_LASSO/lasso_traces_b+[+-[.bpl/lasso_trace_2.txt,NONTERMINATING,3.57,3.57,2.00,NONTERMINATING,2,1,3,Fixpoint / Fixpoint
ATVA2026_benchmark/NON_TERM_LASSO/lasso_traces_b+[+[.bpl/lasso_trace_2.txt,NONTERMINATING,3.43,3.43,2.00,NONTERMINATING,2,1,3,Fixpoint / Fixpoint
ATVA2026_benchmark/NON_TERM_LASSO/lasso_traces_b+[+[[.bpl/lasso_trace_2.txt,NONTERMINATING,3.91,3.91,2.00,NONTERMINATING,3,1,4,Fixpoint / Fixpoint
ATVA2026_benchmark/NON_TERM_LASSO/lasso_traces_b+[-+.bpl/lasso_trace_1.txt,NONTERMINATING,5.02,5.02,2.00,NONTERMINATING,1,1,2,Fixpoint / Fixpoint
ATVA2026_benchmark/NON_TERM_LASSO/lasso_traces_b+[-+[.bpl/lasso_trace_2.txt,NONTERMINATING,4.60,4.60,2.00,NONTERMINATING,2,1,3,Fixpoint / Fixpoint
ATVA2026_benchmark/NON_TERM_LASSO/lasso_traces_b+[--+.bpl/lasso_trace_1.txt,NONTERMINATING,9.25,9.25,3.00,NONTERMINATING,1,1,2,Fixpoint / Fixpoint
ATVA2026_benchmark/NON_TERM_LASSO/lasso_traces_b+[.bpl/lasso_trace_1.txt,NONTERMINATING,4.67,4.67,2.00,NONTERMINATING,1,1,2,Fixpoint / Fixpoint
ATVA2026_benchmark/NON_TERM_LASSO/lasso_traces_b+[[+-.bpl/lasso_trace_3.txt,NONTERMINATING,3.89,3.89,2.00,NONTERMINATING,2,1,3,Fixpoint / Fixpoint
ATVA2026_benchmark/NON_TERM_LASSO/lasso_traces_b+[[+[.bpl/lasso_trace_3.txt,NONTERMINATING,3.94,3.94,2.00,NONTERMINATING,3,1,4,Fixpoint / Fixpoint
ATVA2026_benchmark/NON_TERM_LASSO/lasso_traces_b+[[-+.bpl/lasso_trace_2.txt,NONTERMINATING,4.05,4.05,2.00,NONTERMINATING,2,1,3,Fixpoint / Fixpoint
ATVA2026_benchmark/NON_TERM_LASSO/lasso_traces_b+[[.bpl/lasso_trace_2.txt,NONTERMINATING,5.49,5.49,2.00,NONTERMINATING,2,1,3,Fixpoint / Fixpoint
ATVA2026_benchmark/NON_TERM_LASSO/lasso_traces_b+[[[.bpl/lasso_trace_2.txt,NONTERMINATING,5.81,5.81,2.00,NONTERMINATING,3,1,4,Fixpoint / Fixpoint
ATVA2026_benchmark/NON_TERM_LASSO/lasso_traces_b+[[[[.bpl/lasso_trace_2.txt,NONTERMINATING,3.75,3.75,2.00,NONTERMINATING,4,1,5,Fixpoint / Fixpoint
ATVA2026_benchmark/NON_TERM_LASSO/lasso_traces_b+[]++.bpl/lasso_trace_1.txt,NONTERMINATING,4.63,4.63,2.00,NONTERMINATING,1,1,2,Fixpoint / Fixpoint
ATVA2026_benchmark/NON_TERM_LASSO/lasso_traces_b+[]+-.bpl/lasso_trace_1.txt,NONTERMINATING,4.05,4.05,3.00,NONTERMINATING,1,1,2,Fixpoint / Fixpoint
ATVA2026_benchmark/NON_TERM_LASSO/lasso_traces_b+[]+.bpl/lasso_trace_1.txt,NONTERMINATING,4.97,4.97,2.00,NONTERMINATING,1,1,2,Fixpoint / Fixpoint
ATVA2026_benchmark/NON_TERM_LASSO/lasso_traces_b+[]+[.bpl/lasso_trace_1.txt,NONTERMINATING,6.50,6.50,2.00,NONTERMINATING,1,1,2,Fixpoint / Fixpoint
ATVA2026_benchmark/NON_TERM_LASSO/lasso_traces_b+[]-+.bpl/lasso_trace_1.txt,NONTERMINATING,3.98,3.98,2.00,NONTERMINATING,1,1,2,Fixpoint / Fixpoint
ATVA2026_benchmark/NON_TERM_LASSO/lasso_traces_b+[]--.bpl/lasso_trace_1.txt,NONTERMINATING,4.58,4.58,2.00,NONTERMINATING,1,1,2,Fixpoint / Fixpoint
ATVA2026_benchmark/NON_TERM_LASSO/lasso_traces_b+[]-.bpl/lasso_trace_1.txt,NONTERMINATING,4.27,4.27,2.00,NONTERMINATING,1,1,2,Fixpoint / Fixpoint
ATVA2026_benchmark/NON_TERM_LASSO/lasso_traces_b+[]-[.bpl/lasso_trace_1.txt,NONTERMINATING,4.23,4.23,2.00,NONTERMINATING,1,1,2,Fixpoint / Fixpoint
ATVA2026_benchmark/NON_TERM_LASSO/lasso_traces_b+[].bpl/lasso_trace_1.txt,NONTERMINATING,3.96,3.96,2.00,NONTERMINATING,1,1,2,Fixpoint / Fixpoint
ATVA2026_benchmark/NON_TERM_LASSO/lasso_traces_b+[][+.bpl/lasso_trace_1.txt,NONTERMINATING,3.93,3.93,2.00,NONTERMINATING,1,1,2,Fixpoint / Fixpoint
ATVA2026_benchmark/NON_TERM_LASSO/lasso_traces_b+[][-.bpl/lasso_trace_1.txt,NONTERMINATING,3.71,3.71,2.00,NONTERMINATING,1,1,2,Fixpoint / Fixpoint
ATVA2026_benchmark/NON_TERM_LASSO/lasso_traces_b+[][.bpl/lasso_trace_1.txt,NONTERMINATING,3.88,3.88,2.00,NONTERMINATING,1,1,2,Fixpoint / Fixpoint
ATVA2026_benchmark/NON_TERM_LASSO/lasso_traces_b+[][[.bpl/lasso_trace_1.txt,NONTERMINATING,3.98,3.98,2.00,NONTERMINATING,1,1,2,Fixpoint / Fixpoint
ATVA2026_benchmark/NON_TERM_LASSO/lasso_traces_b+]++[.bpl/lasso_trace_2.txt,NONTERMINATING,4.57,4.57,2.00,NONTERMINATING,2,1,3,Fixpoint / Fixpoint
ATVA2026_benchmark/NON_TERM_LASSO/lasso_traces_b+]+[.bpl/lasso_trace_2.txt,NONTERMINATING,3.37,3.37,2.00,NONTERMINATING,2,1,3,Fixpoint / Fixpoint
ATVA2026_benchmark/NON_TERM_LASSO/lasso_traces_b+]+[[.bpl/lasso_trace_3.txt,NONTERMINATING,3.68,3.68,2.00,NONTERMINATING,3,1,4,Fixpoint / Fixpoint
ATVA2026_benchmark/NON_TERM_LASSO/lasso_traces_b+]+[].bpl/lasso_trace_2.txt,NONTERMINATING,3.18,3.18,2.00,NONTERMINATING,2,1,3,Fixpoint / Fixpoint
ATVA2026_benchmark/NON_TERM_LASSO/lasso_traces_b+]-+[.bpl/lasso_trace_2.txt,NONTERMINATING,4.79,4.79,2.00,NONTERMINATING,2,1,3,Fixpoint / Fixpoint
ATVA2026_benchmark/NON_TERM_LASSO/lasso_traces_b+]]+[.bpl/lasso_trace_3.txt,NONTERMINATING,3.58,3.58,2.00,NONTERMINATING,2,1,3,Fixpoint / Fixpoint
ATVA2026_benchmark/NON_TERM_LASSO/lasso_traces_b-+++[.bpl/lasso_trace_1.txt,NONTERMINATING,4.66,4.66,2.00,NONTERMINATING,1,1,2,Fixpoint / Fixpoint
ATVA2026_benchmark/NON_TERM_LASSO/lasso_traces_b-++-[.bpl/lasso_trace_1.txt,NONTERMINATING,5.08,5.08,2.00,NONTERMINATING,1,1,2,Fixpoint / Fixpoint
ATVA2026_benchmark/NON_TERM_LASSO/lasso_traces_b-++[.bpl/lasso_trace_1.txt,NONTERMINATING,4.34,4.34,2.00,NONTERMINATING,1,1,2,Fixpoint / Fixpoint
ATVA2026_benchmark/NON_TERM_LASSO/lasso_traces_b-++[[.bpl/lasso_trace_2.txt,NONTERMINATING,4.21,4.21,2.00,NONTERMINATING,2,1,3,Fixpoint / Fixpoint
ATVA2026_benchmark/NON_TERM_LASSO/lasso_traces_b-++[].bpl/lasso_trace_1.txt,NONTERMINATING,4.67,4.67,2.00,NONTERMINATING,1,1,2,Fixpoint / Fixpoint
ATVA2026_benchmark/NON_TERM_LASSO/lasso_traces_b-+-+[.bpl/lasso_trace_1.txt,NONTERMINATING,4.44,4.44,2.00,NONTERMINATING,1,1,2,Fixpoint / Fixpoint
ATVA2026_benchmark/NON_TERM_LASSO/lasso_traces_b-+[+-.bpl/lasso_trace_1.txt,NONTERMINATING,4.91,4.91,2.00,NONTERMINATING,1,1,2,Fixpoint / Fixpoint
ATVA2026_benchmark/NON_TERM_LASSO/lasso_traces_b-+[+[.bpl/lasso_trace_2.txt,NONTERMINATING,3.13,3.13,2.00,NONTERMINATING,2,1,3,Fixpoint / Fixpoint
ATVA2026_benchmark/NON_TERM_LASSO/lasso_traces_b-+[-+.bpl/lasso_trace_1.txt,NONTERMINATING,4.18,4.18,2.00,NONTERMINATING,1,1,2,Fixpoint / Fixpoint
ATVA2026_benchmark/NON_TERM_LASSO/lasso_traces_b-+[.bpl/lasso_trace_1.txt,NONTERMINATING,9.25,9.25,2.00,NONTERMINATING,1,1,2,Fixpoint / Fixpoint
ATVA2026_benchmark/NON_TERM_LASSO/lasso_traces_b-+[[.bpl/lasso_trace_2.txt,NONTERMINATING,4.98,4.98,3.00,NONTERMINATING,2,1,3,Fixpoint / Fixpoint
ATVA2026_benchmark/NON_TERM_LASSO/lasso_traces_b-+[[[.bpl/lasso_trace_2.txt,NONTERMINATING,4.07,4.07,3.00,NONTERMINATING,3,1,4,Fixpoint / Fixpoint
ATVA2026_benchmark/NON_TERM_LASSO/lasso_traces_b-+[]+.bpl/lasso_trace_1.txt,NONTERMINATING,6.34,6.34,2.00,NONTERMINATING,1,1,2,Fixpoint / Fixpoint
ATVA2026_benchmark/NON_TERM_LASSO/lasso_traces_b-+[]-.bpl/lasso_trace_1.txt,NONTERMINATING,4.54,4.54,2.00,NONTERMINATING,1,1,2,Fixpoint / Fixpoint
ATVA2026_benchmark/NON_TERM_LASSO/lasso_traces_b-+[].bpl/lasso_trace_1.txt,NONTERMINATING,4.41,4.41,2.00,NONTERMINATING,1,1,2,Fixpoint / Fixpoint
ATVA2026_benchmark/NON_TERM_LASSO/lasso_traces_b-+[][.bpl/lasso_trace_1.txt,NONTERMINATING,7.53,7.53,2.00,NONTERMINATING,1,1,2,Fixpoint / Fixpoint
ATVA2026_benchmark/NON_TERM_LASSO/lasso_traces_b-+]+[.bpl/lasso_trace_2.txt,NONTERMINATING,3.38,3.38,2.00,NONTERMINATING,2,1,3,Fixpoint / Fixpoint
ATVA2026_benchmark/NON_TERM_LASSO/lasso_traces_b--++[.bpl/lasso_trace_1.txt,NONTERMINATING,3.73,3.73,2.00,NONTERMINATING,1,1,2,Fixpoint / Fixpoint
ATVA2026_benchmark/NON_TERM_LASSO/lasso_traces_b--+[.bpl/lasso_trace_1.txt,NONTERMINATING,3.64,3.64,2.00,NONTERMINATING,1,1,2,Fixpoint / Fixpoint
ATVA2026_benchmark/NON_TERM_LASSO/lasso_traces_b--+[[.bpl/lasso_trace_2.txt,NONTERMINATING,4.21,4.21,2.00,NONTERMINATING,2,1,3,Fixpoint / Fixpoint
ATVA2026_benchmark/NON_TERM_LASSO/lasso_traces_b--+[].bpl/lasso_trace_1.txt,NONTERMINATING,5.92,5.92,2.00,NONTERMINATING,1,1,2,Fixpoint / Fixpoint
ATVA2026_benchmark/NON_TERM_LASSO/lasso_traces_b---+[.bpl/lasso_trace_1.txt,NONTERMINATING,7.08,7.08,2.00,NONTERMINATING,1,1,2,Fixpoint / Fixpoint
ATVA2026_benchmark/NON_TERM_LASSO/lasso_traces_b--]+[.bpl/lasso_trace_2.txt,NONTERMINATING,2.92,2.92,2.00,NONTERMINATING,2,1,3,Fixpoint / Fixpoint
ATVA2026_benchmark/NON_TERM_LASSO/lasso_traces_b-[]+[.bpl/lasso_trace_2.txt,NONTERMINATING,3.74,3.74,2.00,NONTERMINATING,2,1,3,Fixpoint / Fixpoint
ATVA2026_benchmark/NON_TERM_LASSO/lasso_traces_b-]++[.bpl/lasso_trace_2.txt,NONTERMINATING,3.93,3.93,2.00,NONTERMINATING,2,1,3,Fixpoint / Fixpoint
ATVA2026_benchmark/NON_TERM_LASSO/lasso_traces_b-]+[.bpl/lasso_trace_2.txt,NONTERMINATING,2.87,2.87,2.00,NONTERMINATING,2,1,3,Fixpoint / Fixpoint
ATVA2026_benchmark/NON_TERM_LASSO/lasso_traces_b-]+[[.bpl/lasso_trace_3.txt,NONTERMINATING,2.94,2.94,2.00,NONTERMINATING,3,1,4,Fixpoint / Fixpoint
ATVA2026_benchmark/NON_TERM_LASSO/lasso_traces_b-]+[].bpl/lasso_trace_2.txt,NONTERMINATING,2.89,2.89,2.00,NONTERMINATING,2,1,3,Fixpoint / Fixpoint
ATVA2026_benchmark/NON_TERM_LASSO/lasso_traces_b-]-+[.bpl/lasso_trace_2.txt,NONTERMINATING,3.23,3.23,2.00,NONTERMINATING,2,1,3,Fixpoint / Fixpoint
ATVA2026_benchmark/NON_TERM_LASSO/lasso_traces_b-]]+[.bpl/lasso_trace_3.txt,NONTERMINATING,2.82,2.82,2.00,NONTERMINATING,2,1,3,Fixpoint / Fixpoint
ATVA2026_benchmark/NON_TERM_LASSO/lasso_traces_b[]++[.bpl/lasso_trace_2.txt,NONTERMINATING,3.87,3.87,2.00,NONTERMINATING,2,1,3,Fixpoint / Fixpoint
ATVA2026_benchmark/NON_TERM_LASSO/lasso_traces_b[]+[.bpl/lasso_trace_2.txt,NONTERMINATING,3.27,3.27,2.00,NONTERMINATING,2,1,3,Fixpoint / Fixpoint
ATVA2026_benchmark/NON_TERM_LASSO/lasso_traces_b[]+[[.bpl/lasso_trace_3.txt,NONTERMINATING,3.58,3.58,3.00,NONTERMINATING,3,1,4,Fixpoint / Fixpoint
ATVA2026_benchmark/NON_TERM_LASSO/lasso_traces_b[]-+[.bpl/lasso_trace_2.txt,NONTERMINATING,4.41,4.41,2.00,NONTERMINATING,2,1,3,Fixpoint / Fixpoint
ATVA2026_benchmark/NON_TERM_LASSO/lasso_traces_b]+++[.bpl/lasso_trace_2.txt,NONTERMINATING,3.46,3.46,2.00,NONTERMINATING,2,1,3,Fixpoint / Fixpoint
ATVA2026_benchmark/NON_TERM_LASSO/lasso_traces_b]++-[.bpl/lasso_trace_2.txt,NONTERMINATING,4.09,4.09,2.00,NONTERMINATING,2,1,3,Fixpoint / Fixpoint
ATVA2026_benchmark/NON_TERM_LASSO/lasso_traces_b]++[.bpl/lasso_trace_2.txt,NONTERMINATING,4.20,4.20,2.00,NONTERMINATING,2,1,3,Fixpoint / Fixpoint
ATVA2026_benchmark/NON_TERM_LASSO/lasso_traces_b]++[[.bpl/lasso_trace_3.txt,NONTERMINATING,8.04,8.04,2.00,NONTERMINATING,3,1,4,Fixpoint / Fixpoint
ATVA2026_benchmark/NON_TERM_LASSO/lasso_traces_b]++[].bpl/lasso_trace_2.txt,NONTERMINATING,3.81,3.81,3.00,NONTERMINATING,2,1,3,Fixpoint / Fixpoint
ATVA2026_benchmark/NON_TERM_LASSO/lasso_traces_b]+-+[.bpl/lasso_trace_2.txt,NONTERMINATING,3.69,3.69,2.00,NONTERMINATING,2,1,3,Fixpoint / Fixpoint
ATVA2026_benchmark/NON_TERM_LASSO/lasso_traces_b]+[+-.bpl/lasso_trace_2.txt,NONTERMINATING,7.61,7.61,2.00,NONTERMINATING,2,1,3,Fixpoint / Fixpoint
ATVA2026_benchmark/NON_TERM_LASSO/lasso_traces_b]+[+[.bpl/lasso_trace_3.txt,NONTERMINATING,3.50,3.50,2.00,NONTERMINATING,3,1,4,Fixpoint / Fixpoint
ATVA2026_benchmark/NON_TERM_LASSO/lasso_traces_b]+[-+.bpl/lasso_trace_2.txt,NONTERMINATING,4.32,4.32,2.00,NONTERMINATING,2,1,3,Fixpoint / Fixpoint
ATVA2026_benchmark/NON_TERM_LASSO/lasso_traces_b]+[.bpl/lasso_trace_2.txt,NONTERMINATING,3.95,3.95,2.00,NONTERMINATING,2,1,3,Fixpoint / Fixpoint
ATVA2026_benchmark/NON_TERM_LASSO/lasso_traces_b]+[[.bpl/lasso_trace_3.txt,NONTERMINATING,3.96,3.96,2.00,NONTERMINATING,3,1,4,Fixpoint / Fixpoint
ATVA2026_benchmark/NON_TERM_LASSO/lasso_traces_b]+[[[.bpl/lasso_trace_3.txt,NONTERMINATING,3.64,3.64,2.00,NONTERMINATING,4,1,5,Fixpoint / Fixpoint
ATVA2026_benchmark/NON_TERM_LASSO/lasso_traces_b]+[]+.bpl/lasso_trace_2.txt,NONTERMINATING,3.84,3.84,2.00,NONTERMINATING,2,1,3,Fixpoint / Fixpoint
ATVA2026_benchmark/NON_TERM_LASSO/lasso_traces_b]+[]-.bpl/lasso_trace_2.txt,NONTERMINATING,4.19,4.19,2.00,NONTERMINATING,2,1,3,Fixpoint / Fixpoint
ATVA2026_benchmark/NON_TERM_LASSO/lasso_traces_b]+[].bpl/lasso_trace_2.txt,NONTERMINATING,3.58,3.58,2.00,NONTERMINATING,2,1,3,Fixpoint / Fixpoint
ATVA2026_benchmark/NON_TERM_LASSO/lasso_traces_b]+[][.bpl/lasso_trace_2.txt,NONTERMINATING,3.30,3.30,2.00,NONTERMINATING,2,1,3,Fixpoint / Fixpoint
ATVA2026_benchmark/NON_TERM_LASSO/lasso_traces_b]+]+[.bpl/lasso_trace_2.txt,NONTERMINATING,6.29,6.29,2.00,NONTERMINATING,2,1,3,Fixpoint / Fixpoint
ATVA2026_benchmark/NON_TERM_LASSO/lasso_traces_b]-++[.bpl/lasso_trace_2.txt,NONTERMINATING,3.50,3.50,2.00,NONTERMINATING,2,1,3,Fixpoint / Fixpoint
ATVA2026_benchmark/NON_TERM_LASSO/lasso_traces_b]-+[.bpl/lasso_trace_2.txt,NONTERMINATING,4.08,4.08,2.00,NONTERMINATING,2,1,3,Fixpoint / Fixpoint
ATVA2026_benchmark/NON_TERM_LASSO/lasso_traces_b]-+[[.bpl/lasso_trace_3.txt,NONTERMINATING,3.17,3.17,2.00,NONTERMINATING,3,1,4,Fixpoint / Fixpoint
ATVA2026_benchmark/NON_TERM_LASSO/lasso_traces_b]-+[].bpl/lasso_trace_2.txt,NONTERMINATING,3.57,3.57,2.00,NONTERMINATING,2,1,3,Fixpoint / Fixpoint
ATVA2026_benchmark/NON_TERM_LASSO/lasso_traces_b]--+[.bpl/lasso_trace_2.txt,NONTERMINATING,3.19,3.19,2.00,NONTERMINATING,2,1,3,Fixpoint / Fixpoint
ATVA2026_benchmark/NON_TERM_LASSO/lasso_traces_b]-]+[.bpl/lasso_trace_3.txt,NONTERMINATING,3.22,3.22,2.00,NONTERMINATING,2,1,3,Fixpoint / Fixpoint
ATVA2026_benchmark/NON_TERM_LASSO/lasso_traces_b][]+[.bpl/lasso_trace_2.txt,NONTERMINATING,3.36,3.36,2.00,NONTERMINATING,3,1,4,Fixpoint / Fixpoint
ATVA2026_benchmark/NON_TERM_LASSO/lasso_traces_b]]++[.bpl/lasso_trace_3.txt,NONTERMINATING,3.10,3.10,2.00,NONTERMINATING,2,1,3,Fixpoint / Fixpoint
ATVA2026_benchmark/NON_TERM_LASSO/lasso_traces_b]]+[.bpl/lasso_trace_3.txt,NONTERMINATING,2.84,2.84,2.00,NONTERMINATING,2,1,3,Fixpoint / Fixpoint
ATVA2026_benchmark/NON_TERM_LASSO/lasso_traces_b]]+[[.bpl/lasso_trace_3.txt,NONTERMINATING,3.76,3.76,2.00,NONTERMINATING,3,1,4,Fixpoint / Fixpoint
ATVA2026_benchmark/NON_TERM_LASSO/lasso_traces_b]]+[].bpl/lasso_trace_3.txt,NONTERMINATING,3.37,3.37,2.00,NONTERMINATING,2,1,3,Fixpoint / Fixpoint
ATVA2026_benchmark/NON_TERM_LASSO/lasso_traces_b]]-+[.bpl/lasso_trace_3.txt,NONTERMINATING,5.07,5.07,2.00,NONTERMINATING,2,1,3,Fixpoint / Fixpoint
ATVA2026_benchmark/NON_TERM_LASSO/lasso_traces_b]]]+[.bpl/lasso_trace_3.txt,NONTERMINATING,4.97,4.97,2.00,NONTERMINATING,2,1,3,Fixpoint / Fixpoint
ATVA2026_benchmark/NON_TERM_LASSO/lasso_traces_bdbb+[.bpl/lasso_trace_1.txt,NONTERMINATING,3.67,3.67,2.00,NONTERMINATING,1,1,2,Fixpoint / Fixpoint
ATVA2026_benchmark/NON_TERM_LASSO/lasso_traces_b++[db.bpl/lasso_trace_1.txt,NONTERMINATING,4.43,4.43,2.00,NONTERMINATING,1,1,2,Fixpoint / Fixpoint
ATVA2026_benchmark/NON_TERM_LASSO/lasso_traces_b++db[.bpl/lasso_trace_1.txt,NONTERMINATING,4.47,4.47,2.00,NONTERMINATING,1,1,2,Fixpoint / Fixpoint
ATVA2026_benchmark/NON_TERM_LASSO/lasso_traces_b+[[db.bpl/lasso_trace_3.txt,NONTERMINATING,3.42,3.42,2.00,NONTERMINATING,2,1,3,Fixpoint / Fixpoint
ATVA2026_benchmark/NON_TERM_LASSO/lasso_traces_b+[]db.bpl/lasso_trace_1.txt,NONTERMINATING,3.53,3.53,2.00,NONTERMINATING,1,1,2,Fixpoint / Fixpoint
ATVA2026_benchmark/NON_TERM_LASSO/lasso_traces_b+[d-b.bpl/lasso_trace_1.txt,NONTERMINATING,3.69,3.69,3.00,NONTERMINATING,1,1,2,Fixpoint / Fixpoint
ATVA2026_benchmark/NON_TERM_LASSO/lasso_traces_b+[db.bpl/lasso_trace_1.txt,NONTERMINATING,3.53,3.53,2.00,NONTERMINATING,1,1,2,Fixpoint / Fixpoint
ATVA2026_benchmark/NON_TERM_LASSO/lasso_traces_b+[db[.bpl/lasso_trace_2.txt,NONTERMINATING,3.17,3.17,2.00,NONTERMINATING,2,1,3,Fixpoint / Fixpoint
ATVA2026_benchmark/NON_TERM_LASSO/lasso_traces_b+d+b[.bpl/lasso_trace_1.txt,NONTERMINATING,3.70,3.70,2.00,NONTERMINATING,1,1,2,Fixpoint / Fixpoint
ATVA2026_benchmark/NON_TERM_LASSO/lasso_traces_b+d-b[.bpl/lasso_trace_1.txt,NONTERMINATING,3.62,3.62,2.00,NONTERMINATING,1,1,2,Fixpoint / Fixpoint
ATVA2026_benchmark/NON_TERM_LASSO/lasso_traces_b+db+[.bpl/lasso_trace_1.txt,NONTERMINATING,3.72,3.72,2.00,NONTERMINATING,1,1,2,Fixpoint / Fixpoint
ATVA2026_benchmark/NON_TERM_LASSO/lasso_traces_b+db[.bpl/lasso_trace_1.txt,NONTERMINATING,3.35,3.35,2.00,NONTERMINATING,1,1,2,Fixpoint / Fixpoint
ATVA2026_benchmark/NON_TERM_LASSO/lasso_traces_b+db[[.bpl/lasso_trace_2.txt,NONTERMINATING,3.32,3.32,2.00,NONTERMINATING,2,1,3,Fixpoint / Fixpoint
ATVA2026_benchmark/NON_TERM_LASSO/lasso_traces_b+db[].bpl/lasso_trace_1.txt,NONTERMINATING,9.21,9.21,3.00,NONTERMINATING,1,1,2,Fixpoint / Fixpoint
ATVA2026_benchmark/NON_TERM_LASSO/lasso_traces_b-+[db.bpl/lasso_trace_1.txt,NONTERMINATING,4.18,4.18,2.00,NONTERMINATING,1,1,2,Fixpoint / Fixpoint
ATVA2026_benchmark/NON_TERM_LASSO/lasso_traces_b-+db[.bpl/lasso_trace_1.txt,NONTERMINATING,5.70,5.70,2.00,NONTERMINATING,1,1,2,Fixpoint / Fixpoint
ATVA2026_benchmark/NON_TERM_LASSO/lasso_traces_b-db+[.bpl/lasso_trace_1.txt,NONTERMINATING,5.81,5.81,2.00,NONTERMINATING,1,1,2,Fixpoint / Fixpoint
ATVA2026_benchmark/NON_TERM_LASSO/lasso_traces_b]db+[.bpl/lasso_trace_2.txt,NONTERMINATING,3.47,3.47,3.00,NONTERMINATING,2,1,3,Fixpoint / Fixpoint
ATVA2026_benchmark/NON_TERM_LASSO/lasso_traces_bd+[]b.bpl/lasso_trace_1.txt,NONTERMINATING,3.54,3.54,2.00,NONTERMINATING,1,1,2,Fixpoint / Fixpoint
ATVA2026_benchmark/NON_TERM_LASSO/lasso_traces_bd+b+[.bpl/lasso_trace_1.txt,NONTERMINATING,4.65,4.65,2.00,NONTERMINATING,1,1,2,Fixpoint / Fixpoint
ATVA2026_benchmark/NON_TERM_LASSO/lasso_traces_bd-b+[.bpl/lasso_trace_1.txt,NONTERMINATING,3.05,3.05,2.00,NONTERMINATING,1,1,2,Fixpoint / Fixpoint
ATVA2026_benchmark/NON_TERM_LASSO/lasso_traces_bd]b+[.bpl/lasso_trace_2.txt,NONTERMINATING,2.91,2.91,2.00,NONTERMINATING,2,1,3,Fixpoint / Fixpoint
ATVA2026_benchmark/NON_TERM_LASSO/lasso_traces_bdb++[.bpl/lasso_trace_1.txt,NONTERMINATING,2.89,2.89,3.00,NONTERMINATING,1,1,2,Fixpoint / Fixpoint
ATVA2026_benchmark/NON_TERM_LASSO/lasso_traces_bdb+[.bpl/lasso_trace_1.txt,NONTERMINATING,2.93,2.93,2.00,NONTERMINATING,1,1,2,Fixpoint / Fixpoint
ATVA2026_benchmark/NON_TERM_LASSO/lasso_traces_bdb+[[.bpl/lasso_trace_2.txt,NONTERMINATING,3.62,3.62,2.00,NONTERMINATING,2,1,3,Fixpoint / Fixpoint
ATVA2026_benchmark/NON_TERM_LASSO/lasso_traces_bdb+[].bpl/lasso_trace_1.txt,NONTERMINATING,3.04,3.04,2.00,NONTERMINATING,1,1,2,Fixpoint / Fixpoint
ATVA2026_benchmark/NON_TERM_LASSO/lasso_traces_bdb-+[.bpl/lasso_trace_1.txt,NONTERMINATING,3.27,3.27,2.00,NONTERMINATING,1,1,2,Fixpoint / Fixpoint
ATVA2026_benchmark/NON_TERM_LASSO/lasso_traces_bdb]+[.bpl/lasso_trace_2.txt,NONTERMINATING,2.40,2.40,3.00,NONTERMINATING,2,1,3,Fixpoint / Fixpoint
ATVA2026_benchmark/NON_TERM_LASSO/lasso_traces_bd+[bd.bpl/lasso_trace_1.txt,NONTERMINATING,3.60,3.60,2.00,NONTERMINATING,1,1,2,Fixpoint / Fixpoint
ATVA2026_benchmark/NON_TERM_LASSO/lasso_traces_bd+bd[.bpl/lasso_trace_1.txt,NONTERMINATING,4.20,4.20,2.00,NONTERMINATING,1,1,2,Fixpoint / Fixpoint
ATVA2026_benchmark/NON_TERM_LASSO/lasso_traces_bdbd+[.bpl/lasso_trace_1.txt,NONTERMINATING,3.57,3.57,2.00,NONTERMINATING,1,1,2,Fixpoint / Fixpoint
ATVA2026_benchmark/NON_TERM_LASSO/lasso_traces_b++[]d.bpl/lasso_trace_1.txt,NONTERMINATING,2.89,2.89,2.00,NONTERMINATING,1,1,2,Fixpoint / Fixpoint
ATVA2026_benchmark/NON_TERM_LASSO/lasso_traces_b++d+[.bpl/lasso_trace_1.txt,NONTERMINATING,4.64,4.64,3.00,NONTERMINATING,1,1,2,Fixpoint / Fixpoint
ATVA2026_benchmark/NON_TERM_LASSO/lasso_traces_b+-d+[.bpl/lasso_trace_1.txt,NONTERMINATING,2.87,2.87,3.00,NONTERMINATING,1,1,2,Fixpoint / Fixpoint
ATVA2026_benchmark/NON_TERM_LASSO/lasso_traces_b+[]+d.bpl/lasso_trace_1.txt,NONTERMINATING,2.92,2.92,1.00,NONTERMINATING,1,1,2,Fixpoint / Fixpoint
ATVA2026_benchmark/NON_TERM_LASSO/lasso_traces_b+[]-d.bpl/lasso_trace_1.txt,NONTERMINATING,3.30,3.30,2.00,NONTERMINATING,1,1,2,Fixpoint / Fixpoint
ATVA2026_benchmark/NON_TERM_LASSO/lasso_traces_b+[][d.bpl/lasso_trace_1.txt,NONTERMINATING,3.72,3.72,2.00,NONTERMINATING,1,1,2,Fixpoint / Fixpoint
ATVA2026_benchmark/NON_TERM_LASSO/lasso_traces_b+[]d+.bpl/lasso_trace_1.txt,NONTERMINATING,3.02,3.02,2.00,NONTERMINATING,1,1,2,Fixpoint / Fixpoint
ATVA2026_benchmark/NON_TERM_LASSO/lasso_traces_b+[]d-.bpl/lasso_trace_1.txt,NONTERMINATING,3.54,3.54,2.00,NONTERMINATING,1,1,2,Fixpoint / Fixpoint
ATVA2026_benchmark/NON_TERM_LASSO/lasso_traces_b+[]d.bpl/lasso_trace_1.txt,NONTERMINATING,2.83,2.83,2.00,NONTERMINATING,1,1,2,Fixpoint / Fixpoint
ATVA2026_benchmark/NON_TERM_LASSO/lasso_traces_b+[]d[.bpl/lasso_trace_1.txt,NONTERMINATING,2.86,2.86,3.00,NONTERMINATING,1,1,2,Fixpoint / Fixpoint
ATVA2026_benchmark/NON_TERM_LASSO/lasso_traces_b+[d+[.bpl/lasso_trace_2.txt,NONTERMINATING,2.37,2.37,2.00,NONTERMINATING,2,1,3,Fixpoint / Fixpoint
ATVA2026_benchmark/NON_TERM_LASSO/lasso_traces_b+]+[d.bpl/lasso_trace_2.txt,NONTERMINATING,2.82,2.82,2.00,NONTERMINATING,2,1,3,Fixpoint / Fixpoint
ATVA2026_benchmark/NON_TERM_LASSO/lasso_traces_b+]+d[.bpl/lasso_trace_2.txt,NONTERMINATING,3.51,3.51,2.00,NONTERMINATING,2,1,3,Fixpoint / Fixpoint
ATVA2026_benchmark/NON_TERM_LASSO/lasso_traces_b+]d+[.bpl/lasso_trace_2.txt,NONTERMINATING,2.85,2.85,1.00,NONTERMINATING,2,1,3,Fixpoint / Fixpoint
ATVA2026_benchmark/NON_TERM_LASSO/lasso_traces_b+d++[.bpl/lasso_trace_1.txt,NONTERMINATING,3.44,3.44,2.00,NONTERMINATING,1,1,2,Fixpoint / Fixpoint
ATVA2026_benchmark/NON_TERM_LASSO/lasso_traces_b+d+[.bpl/lasso_trace_1.txt,NONTERMINATING,3.94,3.94,2.00,NONTERMINATING,1,1,2,Fixpoint / Fixpoint
ATVA2026_benchmark/NON_TERM_LASSO/lasso_traces_b+d+[[.bpl/lasso_trace_2.txt,NONTERMINATING,2.75,2.75,2.00,NONTERMINATING,2,1,3,Fixpoint / Fixpoint
ATVA2026_benchmark/NON_TERM_LASSO/lasso_traces_b+d+[].bpl/lasso_trace_1.txt,NONTERMINATING,2.99,2.99,2.00,NONTERMINATING,1,1,2,Fixpoint / Fixpoint
ATVA2026_benchmark/NON_TERM_LASSO/lasso_traces_b+d-+[.bpl/lasso_trace_1.txt,NONTERMINATING,3.03,3.03,2.00,NONTERMINATING,1,1,2,Fixpoint / Fixpoint
ATVA2026_benchmark/NON_TERM_LASSO/lasso_traces_b+d]+[.bpl/lasso_trace_2.txt,NONTERMINATING,2.52,2.52,2.00,NONTERMINATING,2,1,3,Fixpoint / Fixpoint
ATVA2026_benchmark/NON_TERM_LASSO/lasso_traces_b-+[]d.bpl/lasso_trace_1.txt,NONTERMINATING,3.51,3.51,2.00,NONTERMINATING,1,1,2,Fixpoint / Fixpoint
ATVA2026_benchmark/NON_TERM_LASSO/lasso_traces_b-+d+[.bpl/lasso_trace_1.txt,NONTERMINATING,2.86,2.86,2.00,NONTERMINATING,1,1,2,Fixpoint / Fixpoint
ATVA2026_benchmark/NON_TERM_LASSO/lasso_traces_b--d+[.bpl/lasso_trace_1.txt,NONTERMINATING,2.99,2.99,2.00,NONTERMINATING,1,1,2,Fixpoint / Fixpoint
ATVA2026_benchmark/NON_TERM_LASSO/lasso_traces_b-]+[d.bpl/lasso_trace_2.txt,NONTERMINATING,2.88,2.88,2.00,NONTERMINATING,2,1,3,Fixpoint / Fixpoint
ATVA2026_benchmark/NON_TERM_LASSO/lasso_traces_b-]+d[.bpl/lasso_trace_2.txt,NONTERMINATING,2.56,2.56,2.00,NONTERMINATING,2,1,3,Fixpoint / Fixpoint
ATVA2026_benchmark/NON_TERM_LASSO/lasso_traces_b-]d+[.bpl/lasso_trace_2.txt,NONTERMINATING,2.78,2.78,2.00,NONTERMINATING,2,1,3,Fixpoint / Fixpoint
ATVA2026_benchmark/NON_TERM_LASSO/lasso_traces_b-d++[.bpl/lasso_trace_1.txt,NONTERMINATING,2.74,2.74,2.00,NONTERMINATING,1,1,2,Fixpoint / Fixpoint
ATVA2026_benchmark/NON_TERM_LASSO/lasso_traces_b-d+[.bpl/lasso_trace_1.txt,NONTERMINATING,2.84,2.84,2.00,NONTERMINATING,1,1,2,Fixpoint / Fixpoint
ATVA2026_benchmark/NON_TERM_LASSO/lasso_traces_b-d+[[.bpl/lasso_trace_2.txt,NONTERMINATING,2.61,2.61,2.00,NONTERMINATING,2,1,3,Fixpoint / Fixpoint
ATVA2026_benchmark/NON_TERM_LASSO/lasso_traces_b-d+[].bpl/lasso_trace_1.txt,NONTERMINATING,2.85,2.85,2.00,NONTERMINATING,1,1,2,Fixpoint / Fixpoint
ATVA2026_benchmark/NON_TERM_LASSO/lasso_traces_b-d-+[.bpl/lasso_trace_1.txt,NONTERMINATING,3.04,3.04,2.00,NONTERMINATING,1,1,2,Fixpoint / Fixpoint
ATVA2026_benchmark/NON_TERM_LASSO/lasso_traces_b-d]+[.bpl/lasso_trace_2.txt,NONTERMINATING,2.57,2.57,2.00,NONTERMINATING,2,1,3,Fixpoint / Fixpoint
ATVA2026_benchmark/NON_TERM_LASSO/lasso_traces_b[]d+[.bpl/lasso_trace_2.txt,NONTERMINATING,2.70,2.70,2.00,NONTERMINATING,2,1,3,Fixpoint / Fixpoint
ATVA2026_benchmark/NON_TERM_LASSO/lasso_traces_b]++[d.bpl/lasso_trace_2.txt,NONTERMINATING,4.42,4.42,2.00,NONTERMINATING,2,1,3,Fixpoint / Fixpoint
ATVA2026_benchmark/NON_TERM_LASSO/lasso_traces_b]++d[.bpl/lasso_trace_2.txt,NONTERMINATING,3.35,3.35,2.00,NONTERMINATING,2,1,3,Fixpoint / Fixpoint
ATVA2026_benchmark/NON_TERM_LASSO/lasso_traces_b]+[[d.bpl/lasso_trace_4.txt,NONTERMINATING,3.69,3.69,2.00,NONTERMINATING,3,1,4,Fixpoint / Fixpoint
ATVA2026_benchmark/NON_TERM_LASSO/lasso_traces_b]+[]d.bpl/lasso_trace_2.txt,NONTERMINATING,4.79,4.79,2.00,NONTERMINATING,2,1,3,Fixpoint / Fixpoint
ATVA2026_benchmark/NON_TERM_LASSO/lasso_traces_b]+[d.bpl/lasso_trace_2.txt,NONTERMINATING,8.83,8.83,2.00,NONTERMINATING,2,1,3,Fixpoint / Fixpoint
ATVA2026_benchmark/NON_TERM_LASSO/lasso_traces_b]+[d[.bpl/lasso_trace_3.txt,NONTERMINATING,3.39,3.39,2.00,NONTERMINATING,3,1,4,Fixpoint / Fixpoint
ATVA2026_benchmark/NON_TERM_LASSO/lasso_traces_b]+d+[.bpl/lasso_trace_2.txt,NONTERMINATING,3.23,3.23,2.00,NONTERMINATING,2,1,3,Fixpoint / Fixpoint
ATVA2026_benchmark/NON_TERM_LASSO/lasso_traces_b]+d[.bpl/lasso_trace_2.txt,NONTERMINATING,3.62,3.62,2.00,NONTERMINATING,2,1,3,Fixpoint / Fixpoint
ATVA2026_benchmark/NON_TERM_LASSO/lasso_traces_b]+d[[.bpl/lasso_trace_3.txt,NONTERMINATING,3.04,3.04,3.00,NONTERMINATING,3,1,4,Fixpoint / Fixpoint
ATVA2026_benchmark/NON_TERM_LASSO/lasso_traces_b]+d[].bpl/lasso_trace_2.txt,NONTERMINATING,3.50,3.50,2.00,NONTERMINATING,2,1,3,Fixpoint / Fixpoint
ATVA2026_benchmark/NON_TERM_LASSO/lasso_traces_b]-+[d.bpl/lasso_trace_2.txt,NONTERMINATING,4.73,4.73,2.00,NONTERMINATING,2,1,3,Fixpoint / Fixpoint
ATVA2026_benchmark/NON_TERM_LASSO/lasso_traces_b]-+d[.bpl/lasso_trace_2.txt,NONTERMINATING,3.89,3.89,2.00,NONTERMINATING,2,1,3,Fixpoint / Fixpoint
ATVA2026_benchmark/NON_TERM_LASSO/lasso_traces_b]-d+[.bpl/lasso_trace_2.txt,NONTERMINATING,3.60,3.60,2.00,NONTERMINATING,2,1,3,Fixpoint / Fixpoint
ATVA2026_benchmark/NON_TERM_LASSO/lasso_traces_b]]+[d.bpl/lasso_trace_3.txt,NONTERMINATING,3.66,3.66,2.00,NONTERMINATING,2,1,3,Fixpoint / Fixpoint
ATVA2026_benchmark/NON_TERM_LASSO/lasso_traces_b]]+d[.bpl/lasso_trace_3.txt,NONTERMINATING,2.95,2.95,2.00,NONTERMINATING,2,1,3,Fixpoint / Fixpoint
ATVA2026_benchmark/NON_TERM_LASSO/lasso_traces_b]]d+[.bpl/lasso_trace_3.txt,NONTERMINATING,3.48,3.48,2.00,NONTERMINATING,2,1,3,Fixpoint / Fixpoint
ATVA2026_benchmark/NON_TERM_LASSO/lasso_traces_b]d++[.bpl/lasso_trace_2.txt,NONTERMINATING,3.23,3.23,2.00,NONTERMINATING,2,1,3,Fixpoint / Fixpoint
ATVA2026_benchmark/NON_TERM_LASSO/lasso_traces_b]d+[.bpl/lasso_trace_2.txt,NONTERMINATING,3.44,3.44,2.00,NONTERMINATING,2,1,3,Fixpoint / Fixpoint
ATVA2026_benchmark/NON_TERM_LASSO/lasso_traces_b]d+[[.bpl/lasso_trace_3.txt,NONTERMINATING,3.35,3.35,2.00,NONTERMINATING,3,1,4,Fixpoint / Fixpoint
ATVA2026_benchmark/NON_TERM_LASSO/lasso_traces_b]d+[].bpl/lasso_trace_2.txt,NONTERMINATING,2.91,2.91,2.00,NONTERMINATING,2,1,3,Fixpoint / Fixpoint
ATVA2026_benchmark/NON_TERM_LASSO/lasso_traces_b]d-+[.bpl/lasso_trace_2.txt,NONTERMINATING,3.31,3.31,2.00,NONTERMINATING,2,1,3,Fixpoint / Fixpoint
ATVA2026_benchmark/NON_TERM_LASSO/lasso_traces_b]d]+[.bpl/lasso_trace_3.txt,NONTERMINATING,3.51,3.51,2.00,NONTERMINATING,2,1,3,Fixpoint / Fixpoint
ATVA2026_benchmark/NON_TERM_LASSO/lasso_traces_bd+++[.bpl/lasso_trace_1.txt,NONTERMINATING,4.07,4.07,2.00,NONTERMINATING,1,1,2,Fixpoint / Fixpoint
ATVA2026_benchmark/NON_TERM_LASSO/lasso_traces_bd++-[.bpl/lasso_trace_1.txt,NONTERMINATING,3.48,3.48,2.00,NONTERMINATING,1,1,2,Fixpoint / Fixpoint
ATVA2026_benchmark/NON_TERM_LASSO/lasso_traces_bd++[.bpl/lasso_trace_1.txt,NONTERMINATING,4.55,4.55,2.00,NONTERMINATING,1,1,2,Fixpoint / Fixpoint
ATVA2026_benchmark/NON_TERM_LASSO/lasso_traces_bd++[[.bpl/lasso_trace_2.txt,NONTERMINATING,6.63,6.63,3.00,NONTERMINATING,2,1,3,Fixpoint / Fixpoint
ATVA2026_benchmark/NON_TERM_LASSO/lasso_traces_bd++[].bpl/lasso_trace_1.txt,NONTERMINATING,4.94,4.94,3.00,NONTERMINATING,1,1,2,Fixpoint / Fixpoint
ATVA2026_benchmark/NON_TERM_LASSO/lasso_traces_bd+-+[.bpl/lasso_trace_1.txt,NONTERMINATING,4.27,4.27,2.00,NONTERMINATING,1,1,2,Fixpoint / Fixpoint
ATVA2026_benchmark/NON_TERM_LASSO/lasso_traces_bd+[+-.bpl/lasso_trace_1.txt,NONTERMINATING,5.64,5.64,3.00,NONTERMINATING,1,1,2,Fixpoint / Fixpoint
ATVA2026_benchmark/NON_TERM_LASSO/lasso_traces_bd+[+[.bpl/lasso_trace_2.txt,NONTERMINATING,3.71,3.71,2.00,NONTERMINATING,2,1,3,Fixpoint / Fixpoint
ATVA2026_benchmark/NON_TERM_LASSO/lasso_traces_bd+[-+.bpl/lasso_trace_1.txt,NONTERMINATING,8.92,8.92,2.00,NONTERMINATING,1,1,2,Fixpoint / Fixpoint
ATVA2026_benchmark/NON_TERM_LASSO/lasso_traces_bd+[.bpl/lasso_trace_1.txt,NONTERMINATING,5.39,5.39,2.00,NONTERMINATING,1,1,2,Fixpoint / Fixpoint
ATVA2026_benchmark/NON_TERM_LASSO/lasso_traces_bd+[[.bpl/lasso_trace_2.txt,NONTERMINATING,4.90,4.90,2.00,NONTERMINATING,2,1,3,Fixpoint / Fixpoint
ATVA2026_benchmark/NON_TERM_LASSO/lasso_traces_bd+[[[.bpl/lasso_trace_2.txt,NONTERMINATING,4.63,4.63,3.00,NONTERMINATING,3,1,4,Fixpoint / Fixpoint
ATVA2026_benchmark/NON_TERM_LASSO/lasso_traces_bd+[]+.bpl/lasso_trace_1.txt,NONTERMINATING,6.34,6.34,2.00,NONTERMINATING,1,1,2,Fixpoint / Fixpoint
ATVA2026_benchmark/NON_TERM_LASSO/lasso_traces_bd+[]-.bpl/lasso_trace_1.txt,NONTERMINATING,4.09,4.09,2.00,NONTERMINATING,1,1,2,Fixpoint / Fixpoint
ATVA2026_benchmark/NON_TERM_LASSO/lasso_traces_bd+[].bpl/lasso_trace_1.txt,NONTERMINATING,5.50,5.50,2.00,NONTERMINATING,1,1,2,Fixpoint / Fixpoint
ATVA2026_benchmark/NON_TERM_LASSO/lasso_traces_bd+[][.bpl/lasso_trace_1.txt,NONTERMINATING,4.88,4.88,2.00,NONTERMINATING,1,1,2,Fixpoint / Fixpoint
ATVA2026_benchmark/NON_TERM_LASSO/lasso_traces_bd+]+[.bpl/lasso_trace_2.txt,NONTERMINATING,3.59,3.59,2.00,NONTERMINATING,2,1,3,Fixpoint / Fixpoint
ATVA2026_benchmark/NON_TERM_LASSO/lasso_traces_bd-++[.bpl/lasso_trace_1.txt,NONTERMINATING,4.42,4.42,2.00,NONTERMINATING,1,1,2,Fixpoint / Fixpoint
ATVA2026_benchmark/NON_TERM_LASSO/lasso_traces_bd-+[.bpl/lasso_trace_1.txt,NONTERMINATING,3.69,3.69,2.00,NONTERMINATING,1,1,2,Fixpoint / Fixpoint
ATVA2026_benchmark/NON_TERM_LASSO/lasso_traces_bd-+[[.bpl/lasso_trace_2.txt,NONTERMINATING,3.97,3.97,2.00,NONTERMINATING,2,1,3,Fixpoint / Fixpoint
ATVA2026_benchmark/NON_TERM_LASSO/lasso_traces_bd-+[].bpl/lasso_trace_1.txt,NONTERMINATING,4.19,4.19,2.00,NONTERMINATING,1,1,2,Fixpoint / Fixpoint
ATVA2026_benchmark/NON_TERM_LASSO/lasso_traces_bd--+[.bpl/lasso_trace_1.txt,NONTERMINATING,4.90,4.90,3.00,NONTERMINATING,1,1,2,Fixpoint / Fixpoint
ATVA2026_benchmark/NON_TERM_LASSO/lasso_traces_bd-]+[.bpl/lasso_trace_2.txt,NONTERMINATING,3.00,3.00,2.00,NONTERMINATING,2,1,3,Fixpoint / Fixpoint
ATVA2026_benchmark/NON_TERM_LASSO/lasso_traces_bd[]+[.bpl/lasso_trace_2.txt,NONTERMINATING,3.42,3.42,2.00,NONTERMINATING,2,1,3,Fixpoint / Fixpoint
ATVA2026_benchmark/NON_TERM_LASSO/lasso_traces_bd]++[.bpl/lasso_trace_2.txt,NONTERMINATING,5.07,5.07,2.00,NONTERMINATING,2,1,3,Fixpoint / Fixpoint
ATVA2026_benchmark/NON_TERM_LASSO/lasso_traces_bd]+[.bpl/lasso_trace_2.txt,NONTERMINATING,7.56,7.56,3.00,NONTERMINATING,2,1,3,Fixpoint / Fixpoint
ATVA2026_benchmark/NON_TERM_LASSO/lasso_traces_bd]+[[.bpl/lasso_trace_3.txt,NONTERMINATING,3.14,3.14,2.00,NONTERMINATING,3,1,4,Fixpoint / Fixpoint
ATVA2026_benchmark/NON_TERM_LASSO/lasso_traces_bd]+[].bpl/lasso_trace_2.txt,NONTERMINATING,3.32,3.32,2.00,NONTERMINATING,2,1,3,Fixpoint / Fixpoint
ATVA2026_benchmark/NON_TERM_LASSO/lasso_traces_bd]-+[.bpl/lasso_trace_2.txt,NONTERMINATING,4.57,4.57,2.00,NONTERMINATING,2,1,3,Fixpoint / Fixpoint
ATVA2026_benchmark/NON_TERM_LASSO/lasso_traces_bd]]+[.bpl/lasso_trace_4.txt,NONTERMINATING,3.07,3.07,2.00,NONTERMINATING,2,1,3,Fixpoint / Fixpoint
ATVA2026_benchmark/NON_TERM_LASSO/lasso_traces_b+[ddb.bpl/lasso_trace_1.txt,NONTERMINATING,5.39,5.39,4.00,NONTERMINATING,1,1,2,Fixpoint / Fixpoint
ATVA2026_benchmark/NON_TERM_LASSO/lasso_traces_b+ddb[.bpl/lasso_trace_1.txt,NONTERMINATING,5.35,5.35,2.00,NONTERMINATING,1,1,2,Fixpoint / Fixpoint
ATVA2026_benchmark/NON_TERM_LASSO/lasso_traces_bddb+[.bpl/lasso_trace_1.txt,NONTERMINATING,4.28,4.28,2.00,NONTERMINATING,1,1,2,Fixpoint / Fixpoint
ATVA2026_benchmark/NON_TERM_LASSO/lasso_traces_b+[]dd.bpl/lasso_trace_1.txt,NONTERMINATING,3.53,3.53,2.00,NONTERMINATING,1,1,2,Fixpoint / Fixpoint
ATVA2026_benchmark/NON_TERM_LASSO/lasso_traces_b+d+[d.bpl/lasso_trace_1.txt,NONTERMINATING,3.72,3.72,2.00,NONTERMINATING,1,1,2,Fixpoint / Fixpoint
ATVA2026_benchmark/NON_TERM_LASSO/lasso_traces_b+d+d[.bpl/lasso_trace_1.txt,NONTERMINATING,3.13,3.13,2.00,NONTERMINATING,1,1,2,Fixpoint / Fixpoint
ATVA2026_benchmark/NON_TERM_LASSO/lasso_traces_b+dd+[.bpl/lasso_trace_1.txt,NONTERMINATING,4.03,4.03,2.00,NONTERMINATING,1,1,2,Fixpoint / Fixpoint
ATVA2026_benchmark/NON_TERM_LASSO/lasso_traces_b-d+[d.bpl/lasso_trace_1.txt,NONTERMINATING,3.11,3.11,2.00,NONTERMINATING,1,1,2,Fixpoint / Fixpoint
ATVA2026_benchmark/NON_TERM_LASSO/lasso_traces_b-d+d[.bpl/lasso_trace_1.txt,NONTERMINATING,2.90,2.90,2.00,NONTERMINATING,1,1,2,Fixpoint / Fixpoint
ATVA2026_benchmark/NON_TERM_LASSO/lasso_traces_b-dd+[.bpl/lasso_trace_1.txt,NONTERMINATING,2.81,2.81,3.00,NONTERMINATING,1,1,2,Fixpoint / Fixpoint
ATVA2026_benchmark/NON_TERM_LASSO/lasso_traces_b]+[dd.bpl/lasso_trace_2.txt,NONTERMINATING,2.90,2.90,2.00,NONTERMINATING,2,1,3,Fixpoint / Fixpoint
ATVA2026_benchmark/NON_TERM_LASSO/lasso_traces_b]+d[d.bpl/lasso_trace_2.txt,NONTERMINATING,2.82,2.82,2.00,NONTERMINATING,2,1,3,Fixpoint / Fixpoint
ATVA2026_benchmark/NON_TERM_LASSO/lasso_traces_b]+dd[.bpl/lasso_trace_2.txt,NONTERMINATING,2.54,2.54,2.00,NONTERMINATING,2,1,3,Fixpoint / Fixpoint
ATVA2026_benchmark/NON_TERM_LASSO/lasso_traces_b]d+[d.bpl/lasso_trace_2.txt,NONTERMINATING,2.80,2.80,2.00,NONTERMINATING,2,1,3,Fixpoint / Fixpoint
ATVA2026_benchmark/NON_TERM_LASSO/lasso_traces_b]d+d[.bpl/lasso_trace_2.txt,NONTERMINATING,3.42,3.42,2.00,NONTERMINATING,2,1,3,Fixpoint / Fixpoint
ATVA2026_benchmark/NON_TERM_LASSO/lasso_traces_b]dd+[.bpl/lasso_trace_2.txt,NONTERMINATING,3.59,3.59,2.00,NONTERMINATING,2,1,3,Fixpoint / Fixpoint
ATVA2026_benchmark/NON_TERM_LASSO/lasso_traces_bd++[d.bpl/lasso_trace_1.txt,NONTERMINATING,8.05,8.05,2.00,NONTERMINATING,1,1,2,Fixpoint / Fixpoint
ATVA2026_benchmark/NON_TERM_LASSO/lasso_traces_bd++d[.bpl/lasso_trace_1.txt,NONTERMINATING,5.01,5.01,2.00,NONTERMINATING,1,1,2,Fixpoint / Fixpoint
ATVA2026_benchmark/NON_TERM_LASSO/lasso_traces_bd+[[d.bpl/lasso_trace_3.txt,NONTERMINATING,3.07,3.07,3.00,NONTERMINATING,2,1,3,Fixpoint / Fixpoint
ATVA2026_benchmark/NON_TERM_LASSO/lasso_traces_bd+[]d.bpl/lasso_trace_1.txt,NONTERMINATING,4.22,4.22,2.00,NONTERMINATING,1,1,2,Fixpoint / Fixpoint
ATVA2026_benchmark/NON_TERM_LASSO/lasso_traces_bd+[d.bpl/lasso_trace_1.txt,NONTERMINATING,5.88,5.88,2.00,NONTERMINATING,1,1,2,Fixpoint / Fixpoint
ATVA2026_benchmark/NON_TERM_LASSO/lasso_traces_bd+[d[.bpl/lasso_trace_2.txt,NONTERMINATING,3.61,3.61,2.00,NONTERMINATING,2,1,3,Fixpoint / Fixpoint
ATVA2026_benchmark/NON_TERM_LASSO/lasso_traces_bd+d+[.bpl/lasso_trace_1.txt,NONTERMINATING,6.67,6.67,2.00,NONTERMINATING,1,1,2,Fixpoint / Fixpoint
ATVA2026_benchmark/NON_TERM_LASSO/lasso_traces_bd+d[.bpl/lasso_trace_1.txt,NONTERMINATING,3.23,3.23,2.00,NONTERMINATING,1,1,2,Fixpoint / Fixpoint
ATVA2026_benchmark/NON_TERM_LASSO/lasso_traces_bd+d[[.bpl/lasso_trace_2.txt,NONTERMINATING,3.99,3.99,2.00,NONTERMINATING,2,1,3,Fixpoint / Fixpoint
ATVA2026_benchmark/NON_TERM_LASSO/lasso_traces_bd+d[].bpl/lasso_trace_1.txt,NONTERMINATING,3.64,3.64,2.00,NONTERMINATING,1,1,2,Fixpoint / Fixpoint
ATVA2026_benchmark/NON_TERM_LASSO/lasso_traces_bd-+[d.bpl/lasso_trace_1.txt,NONTERMINATING,4.85,4.85,3.00,NONTERMINATING,1,1,2,Fixpoint / Fixpoint
ATVA2026_benchmark/NON_TERM_LASSO/lasso_traces_bd-+d[.bpl/lasso_trace_1.txt,NONTERMINATING,4.17,4.17,2.00,NONTERMINATING,1,1,2,Fixpoint / Fixpoint
ATVA2026_benchmark/NON_TERM_LASSO/lasso_traces_bd-d+[.bpl/lasso_trace_1.txt,NONTERMINATING,4.12,4.12,2.00,NONTERMINATING,1,1,2,Fixpoint / Fixpoint
ATVA2026_benchmark/NON_TERM_LASSO/lasso_traces_bd]+[d.bpl/lasso_trace_2.txt,NONTERMINATING,3.24,3.24,2.00,NONTERMINATING,2,1,3,Fixpoint / Fixpoint
ATVA2026_benchmark/NON_TERM_LASSO/lasso_traces_bd]+d[.bpl/lasso_trace_2.txt,NONTERMINATING,7.40,7.40,2.00,NONTERMINATING,2,1,3,Fixpoint / Fixpoint
ATVA2026_benchmark/NON_TERM_LASSO/lasso_traces_bd]d+[.bpl/lasso_trace_2.txt,NONTERMINATING,4.11,4.11,3.00,NONTERMINATING,2,1,3,Fixpoint / Fixpoint
ATVA2026_benchmark/NON_TERM_LASSO/lasso_traces_bdd++[.bpl/lasso_trace_1.txt,NONTERMINATING,6.28,6.28,2.00,NONTERMINATING,1,1,2,Fixpoint / Fixpoint
ATVA2026_benchmark/NON_TERM_LASSO/lasso_traces_bdd+[.bpl/lasso_trace_1.txt,NONTERMINATING,6.29,6.29,2.00,NONTERMINATING,1,1,2,Fixpoint / Fixpoint
ATVA2026_benchmark/NON_TERM_LASSO/lasso_traces_bdd+[[.bpl/lasso_trace_2.txt,NONTERMINATING,5.07,5.07,2.00,NONTERMINATING,2,1,3,Fixpoint / Fixpoint
ATVA2026_benchmark/NON_TERM_LASSO/lasso_traces_bdd+[].bpl/lasso_trace_1.txt,NONTERMINATING,4.99,4.99,3.00,NONTERMINATING,1,1,2,Fixpoint / Fixpoint
ATVA2026_benchmark/NON_TERM_LASSO/lasso_traces_bdd-+[.bpl/lasso_trace_1.txt,NONTERMINATING,4.01,4.01,2.00,NONTERMINATING,1,1,2,Fixpoint / Fixpoint
ATVA2026_benchmark/NON_TERM_LASSO/lasso_traces_bdd]+[.bpl/lasso_trace_2.txt,NONTERMINATING,3.89,3.89,3.00,NONTERMINATING,2,1,3,Fixpoint / Fixpoint
ATVA2026_benchmark/NON_TERM_LASSO/lasso_traces_bd+[dd.bpl/lasso_trace_1.txt,NONTERMINATING,4.82,4.82,2.00,NONTERMINATING,1,1,2,Fixpoint / Fixpoint
ATVA2026_benchmark/NON_TERM_LASSO/lasso_traces_bd+d[d.bpl/lasso_trace_1.txt,NONTERMINATING,6.03,6.03,2.00,NONTERMINATING,1,1,2,Fixpoint / Fixpoint
ATVA2026_benchmark/NON_TERM_LASSO/lasso_traces_bd+dd[.bpl/lasso_trace_1.txt,NONTERMINATING,8.62,8.62,2.00,NONTERMINATING,1,1,2,Fixpoint / Fixpoint
ATVA2026_benchmark/NON_TERM_LASSO/lasso_traces_bdd+[d.bpl/lasso_trace_1.txt,NONTERMINATING,6.44,6.44,2.00,NONTERMINATING,1,1,2,Fixpoint / Fixpoint
ATVA2026_benchmark/NON_TERM_LASSO/lasso_traces_bdd+d[.bpl/lasso_trace_1.txt,NONTERMINATING,3.21,3.21,2.00,NONTERMINATING,1,1,2,Fixpoint / Fixpoint
ATVA2026_benchmark/NON_TERM_LASSO/lasso_traces_bddd+[.bpl/lasso_trace_1.txt,NONTERMINATING,4.90,4.90,2.00,NONTERMINATING,1,1,2,Fixpoint / Fixpoint
ATVA2026_benchmark/NON_TERM_LASSO//lasso_traces_BigBranchingExample.bpl/lasso_trace_179.txt,NONTERMINATING,4.63,4.63,4.00,NONTERMINATING,215,2,217,Fixpoint / Fixpoint
ATVA2026_benchmark/NON_TERM_LASSO//lasso_traces_bpl.bpl/lasso_trace_1.txt,NONTERMINATING,2.74,2.74,1.00,NONTERMINATING,0,1,1,Fixpoint / Fixpoint
ATVA2026_benchmark/NON_TERM_LASSO//lasso_traces_BuchiAutomizer01.bpl/lasso_trace_1.txt,NONTERMINATING,2.52,2.52,1.00,NONTERMINATING,1,1,2,Fixpoint / Fixpoint
ATVA2026_benchmark/NON_TERM_LASSO//lasso_traces_BugAffineRelation01.bpl/lasso_trace_1.txt,UNCHECKED,3.85,3.85,-,,1,1,2,Fixpoint
ATVA2026_benchmark/NON_TERM_LASSO//lasso_traces_BugBvToInt01sge.bpl/lasso_trace_1.txt,UNCHECKED,3.07,3.07,-,,1,1,2,Fixpoint
ATVA2026_benchmark/NON_TERM_LASSO//lasso_traces_BugCNF01.bpl/lasso_trace_1.txt,NONTERMINATING,3.13,3.13,1.00,NONTERMINATING,1,1,2,Fixpoint / Fixpoint
ATVA2026_benchmark/NON_TERM_LASSO//lasso_traces_BugCNF02.bpl/lasso_trace_1.txt,NONTERMINATING,2.80,2.80,2.00,NONTERMINATING,1,1,2,Fixpoint / Fixpoint
ATVA2026_benchmark/NON_TERM_LASSO//lasso_traces_BugDoubleLoopEntry.bpl/lasso_trace_1.txt,NONTERMINATING,2.76,2.76,1.00,NONTERMINATING,1,2,3,Fixpoint / Fixpoint
ATVA2026_benchmark/NON_TERM_LASSO//lasso_traces_BugFreshConstantInSSA.bpl/lasso_trace_1.txt,NONTERMINATING,2.74,2.74,2.00,NONTERMINATING,1,1,2,Fixpoint / Fixpoint
ATVA2026_benchmark/NON_TERM_LASSO//lasso_traces_BugHoareAnnotation.bpl/lasso_trace_1.txt,NONTERMINATING,2.61,2.61,1.00,NONTERMINATING,1,8,9,Fixpoint / Fixpoint
ATVA2026_benchmark/NON_TERM_LASSO//lasso_traces_BugIncorrectHoareAnnotation01SimplifiedA.bpl/lasso_trace_2.txt,NONTERMINATING,1.48,1.48,1.00,NONTERMINATING,3,1,4,Fixpoint / Fixpoint
ATVA2026_benchmark/NON_TERM_LASSO//lasso_traces_BugIncorrectHoareAnnotation01SimplifiedB.bpl/lasso_trace_2.txt,NONTERMINATING,1.37,1.37,2.00,NONTERMINATING,3,1,4,Fixpoint / Fixpoint
ATVA2026_benchmark/NON_TERM_LASSO//lasso_traces_BugInterproceduralSequentialComposition_Berlin.bpl/lasso_trace_1.txt,NONTERMINATING,3.01,3.01,2.00,NONTERMINATING,4,1,5,Fixpoint / Fixpoint
ATVA2026_benchmark/NON_TERM_LASSO//lasso_traces_BugInterproceduralSequentialComposition_SouthTyrol.bpl/lasso_trace_1.txt,NONTERMINATING,2.84,2.84,2.00,NONTERMINATING,2,1,3,Fixpoint / Fixpoint
ATVA2026_benchmark/NON_TERM_LASSO//lasso_traces_BugLabelAtEndOfLoop.bpl/lasso_trace_1.txt,NONTERMINATING,2.11,2.11,1.00,NONTERMINATING,1,1,2,Fixpoint / Fixpoint
ATVA2026_benchmark/NON_TERM_LASSO//lasso_traces_BugMapElimination_AuxVar01.bpl/lasso_trace_1.txt,NONTERMINATING,3.13,3.13,1.00,NONTERMINATING,3,1,4,Fixpoint / Fixpoint
ATVA2026_benchmark/NON_TERM_LASSO//lasso_traces_BugNestedSsaWithPendingContexts.bpl/lasso_trace_1.txt,NONTERMINATING,3.01,65.94,1.00,NONTERMINATING,1,7,8,GNTA / GNTA
ATVA2026_benchmark/NON_TERM_LASSO//lasso_traces_BugNoPredecessorOfReturnTransition.bpl/lasso_trace_1.txt,NONTERMINATING,1.86,41.61,2.00,NONTERMINATING,1,2,3,GNTA / GNTA
ATVA2026_benchmark/NON_TERM_LASSO//lasso_traces_bug-old-stmt-4.bpl/lasso_trace_1.txt,NONTERMINATING,1.37,1.37,2.00,NONTERMINATING,12,8,20,Fixpoint / Fixpoint
ATVA2026_benchmark/NON_TERM_LASSO//lasso_traces_BugPrenexNormalForm01.bpl/lasso_trace_1.txt,NONTERMINATING,2.99,2.99,1.00,NONTERMINATING,1,1,2,Fixpoint / Fixpoint
ATVA2026_benchmark/NON_TERM_LASSO//lasso_traces_BugSequentialCompositionOfCall.bpl/lasso_trace_1.txt,NONTERMINATING,2.77,2.77,2.00,NONTERMINATING,3,1,4,Fixpoint / Fixpoint
ATVA2026_benchmark/NON_TERM_LASSO//lasso_traces_BugTirQuantifierElimination01.bpl/lasso_trace_1.txt,NONTERMINATING,4.32,4.32,1.00,NONTERMINATING,1,1,2,Fixpoint / Fixpoint
ATVA2026_benchmark/NON_TERM_LASSO//lasso_traces_BugUnsolvableEquationSystem.bpl/lasso_trace_1.txt,NONTERMINATING,2.80,2.80,1.00,NONTERMINATING,0,1,1,Fixpoint / Fixpoint
ATVA2026_benchmark/NON_TERM_LASSO//lasso_traces_Cairo2.bpl/lasso_trace_1.txt,NONTERMINATING,0.72,30.28,2.00,NONTERMINATING,2,1,3,GNTA / GNTA
ATVA2026_benchmark/NON_TERM_LASSO//lasso_traces_call-error-after-infloop.bpl/lasso_trace_1.txt,NONTERMINATING,2.24,2.24,1.00,NONTERMINATING,0,1,1,Fixpoint / Fixpoint
ATVA2026_benchmark/NON_TERM_LASSO//lasso_traces_CallNTimes.bpl/lasso_trace_1.txt,NONTERMINATING,1.85,76.00,2.00,NONTERMINATING,0,2,2,GNTA / GNTA
ATVA2026_benchmark/NON_TERM_LASSO//lasso_traces_CallNTimes_incorrect.bpl/lasso_trace_1.txt,NONTERMINATING,1.78,76.85,2.00,NONTERMINATING,0,2,2,GNTA / GNTA
ATVA2026_benchmark/NON_TERM_LASSO//lasso_traces_CNFsimplifiesFormula.bpl/lasso_trace_1.txt,NONTERMINATING,2.58,2.58,1.00,NONTERMINATING,1,1,2,Fixpoint / Fixpoint
ATVA2026_benchmark/NON_TERM_LASSO//lasso_traces_Collatz.bpl/lasso_trace_2.txt,NONTERMINATING,1.53,1.53,1.00,NONTERMINATING,0,3,3,Fixpoint / Fixpoint
ATVA2026_benchmark/NON_TERM_LASSO//lasso_traces_concurrent_FiveToOne_nonterminating.bpl/lasso_trace_5.txt,NONTERMINATING,0.98,0.98,2.00,NONTERMINATING,11,8,19,Fixpoint / Fixpoint
ATVA2026_benchmark/NON_TERM_LASSO//lasso_traces_concurrent_increment_nonterminating2.bpl/lasso_trace_6.txt,NONTERMINATING,1.04,1.04,1.00,NONTERMINATING,13,4,17,Fixpoint / Fixpoint
ATVA2026_benchmark/NON_TERM_LASSO//lasso_traces_concurrent_increment_nonterminating.bpl/lasso_trace_6.txt,NONTERMINATING,0.98,0.98,2.00,NONTERMINATING,11,4,15,Fixpoint / Fixpoint
ATVA2026_benchmark/NON_TERM_LASSO//lasso_traces_concurrent_ThreeThreadsAlternating_nonterminating.bpl/lasso_trace_6.txt,NONTERMINATING,0.71,0.71,2.00,NONTERMINATING,8,6,14,Fixpoint / Fixpoint
ATVA2026_benchmark/NON_TERM_LASSO//lasso_traces_concurrent_TwoOne_nonterminating.bpl/lasso_trace_4.txt,NONTERMINATING,0.99,0.99,1.00,NONTERMINATING,9,6,15,Fixpoint / Fixpoint
ATVA2026_benchmark/NON_TERM_LASSO//lasso_traces_ConstantValue-Safe.bpl/lasso_trace_1.txt,NONTERMINATING,3.19,3.19,1.00,NONTERMINATING,1,1,2,Fixpoint / Fixpoint
ATVA2026_benchmark/NON_TERM_LASSO//lasso_traces_Continue.bpl/lasso_trace_1.txt,NONTERMINATING,2.97,2.97,1.00,NONTERMINATING,1,1,2,Fixpoint / Fixpoint
ATVA2026_benchmark/NON_TERM_LASSO//lasso_traces_coolant2.bpl/lasso_trace_1.txt,NONTERMINATING,3.91,3.91,2.00,NONTERMINATING,2,4,6,Fixpoint / Fixpoint
ATVA2026_benchmark/NON_TERM_LASSO//lasso_traces_coolant2_unsafe.bpl/lasso_trace_1.txt,NONTERMINATING,4.46,4.46,2.00,NONTERMINATING,2,4,6,Fixpoint / Fixpoint
ATVA2026_benchmark/NON_TERM_LASSO//lasso_traces_coolant3.bpl/lasso_trace_1.txt,NONTERMINATING,1.92,1.92,3.00,NONTERMINATING,7,5,12,Fixpoint / Fixpoint
ATVA2026_benchmark/NON_TERM_LASSO//lasso_traces_coolant4.bpl/lasso_trace_1.txt,NONTERMINATING,1.49,1.49,2.00,NONTERMINATING,6,5,11,Fixpoint / Fixpoint
ATVA2026_benchmark/NON_TERM_LASSO//lasso_traces_coolant4_safe.bpl/lasso_trace_1.txt,NONTERMINATING,1.20,1.20,3.00,NONTERMINATING,6,5,11,Fixpoint / Fixpoint
ATVA2026_benchmark/NON_TERM_LASSO//lasso_traces_coolant5.bpl/lasso_trace_1.txt,NONTERMINATING,1.52,1.52,4.00,NONTERMINATING,6,5,11,Fixpoint / Fixpoint
ATVA2026_benchmark/NON_TERM_LASSO//lasso_traces_coolant5_safe.bpl/lasso_trace_1.txt,NONTERMINATING,1.33,1.33,2.00,NONTERMINATING,6,5,11,Fixpoint / Fixpoint
ATVA2026_benchmark/NON_TERM_LASSO//lasso_traces_coolant5_unsafe.bpl/lasso_trace_1.txt,NONTERMINATING,1.38,1.38,4.00,NONTERMINATING,6,5,11,Fixpoint / Fixpoint
ATVA2026_benchmark/NON_TERM_LASSO//lasso_traces_coolant.bpl/lasso_trace_1.txt,NONTERMINATING,3.70,3.70,2.00,NONTERMINATING,2,1,3,Fixpoint / Fixpoint
ATVA2026_benchmark/NON_TERM_LASSO//lasso_traces_cousot_rec.bpl/lasso_trace_1.txt,NONTERMINATING,1.76,96.94,3.00,NONTERMINATING,0,2,2,GNTA / GNTA
ATVA2026_benchmark/NON_TERM_LASSO//lasso_traces_CUDA_misc_pass_misc5_kernel.bpl/lasso_trace_1.txt,UNCHECKED,3.65,3.65,-,,1,15,16,Fixpoint
ATVA2026_benchmark/NON_TERM_LASSO//lasso_traces_CUDA_predication_test1_kernel.bpl/lasso_trace_1.txt,UNCHECKED,3.59,3.59,-,,1,8,9,Fixpoint
ATVA2026_benchmark/NON_TERM_LASSO//lasso_traces_CUDA_predication_test2_kernel.bpl/lasso_trace_1.txt,UNCHECKED,4.65,4.65,-,,1,15,16,Fixpoint
ATVA2026_benchmark/NON_TERM_LASSO//lasso_traces_cutoff_test.bpl/lasso_trace_1.txt,NONTERMINATING,2.80,2.80,1.00,NONTERMINATING,2,1,3,Fixpoint / Fixpoint
ATVA2026_benchmark/NON_TERM_LASSO/lasso_traces_dbbb+[.bpl/lasso_trace_1.txt,NONTERMINATING,6.02,6.02,2.00,NONTERMINATING,1,1,2,Fixpoint / Fixpoint
ATVA2026_benchmark/NON_TERM_LASSO/lasso_traces_d+[]bb.bpl/lasso_trace_1.txt,NONTERMINATING,3.15,3.15,2.00,NONTERMINATING,1,1,2,Fixpoint / Fixpoint
ATVA2026_benchmark/NON_TERM_LASSO/lasso_traces_d+bb+[.bpl/lasso_trace_1.txt,NONTERMINATING,3.69,3.69,2.00,NONTERMINATING,1,1,2,Fixpoint / Fixpoint
ATVA2026_benchmark/NON_TERM_LASSO/lasso_traces_d-bb+[.bpl/lasso_trace_1.txt,NONTERMINATING,4.80,4.80,2.00,NONTERMINATING,1,1,2,Fixpoint / Fixpoint
ATVA2026_benchmark/NON_TERM_LASSO/lasso_traces_d]bb+[.bpl/lasso_trace_2.txt,NONTERMINATING,4.35,4.35,2.00,NONTERMINATING,2,1,3,Fixpoint / Fixpoint
ATVA2026_benchmark/NON_TERM_LASSO/lasso_traces_db+[]b.bpl/lasso_trace_1.txt,NONTERMINATING,3.59,3.59,2.00,NONTERMINATING,1,1,2,Fixpoint / Fixpoint
ATVA2026_benchmark/NON_TERM_LASSO/lasso_traces_db+b+[.bpl/lasso_trace_1.txt,NONTERMINATING,3.77,3.77,2.00,NONTERMINATING,1,1,2,Fixpoint / Fixpoint
ATVA2026_benchmark/NON_TERM_LASSO/lasso_traces_db-b+[.bpl/lasso_trace_1.txt,NONTERMINATING,4.66,4.66,2.00,NONTERMINATING,1,1,2,Fixpoint / Fixpoint
ATVA2026_benchmark/NON_TERM_LASSO/lasso_traces_db]b+[.bpl/lasso_trace_2.txt,NONTERMINATING,2.56,2.56,2.00,NONTERMINATING,2,1,3,Fixpoint / Fixpoint
ATVA2026_benchmark/NON_TERM_LASSO/lasso_traces_dbb++[.bpl/lasso_trace_1.txt,NONTERMINATING,3.12,3.12,2.00,NONTERMINATING,1,1,2,Fixpoint / Fixpoint
ATVA2026_benchmark/NON_TERM_LASSO/lasso_traces_dbb+[.bpl/lasso_trace_1.txt,NONTERMINATING,3.09,3.09,2.00,NONTERMINATING,1,1,2,Fixpoint / Fixpoint
ATVA2026_benchmark/NON_TERM_LASSO/lasso_traces_dbb+[[.bpl/lasso_trace_2.txt,NONTERMINATING,2.91,2.91,2.00,NONTERMINATING,2,1,3,Fixpoint / Fixpoint
ATVA2026_benchmark/NON_TERM_LASSO/lasso_traces_dbb+[].bpl/lasso_trace_1.txt,NONTERMINATING,3.61,3.61,2.00,NONTERMINATING,1,1,2,Fixpoint / Fixpoint
ATVA2026_benchmark/NON_TERM_LASSO/lasso_traces_dbb-+[.bpl/lasso_trace_1.txt,NONTERMINATING,3.14,3.14,3.00,NONTERMINATING,1,1,2,Fixpoint / Fixpoint
ATVA2026_benchmark/NON_TERM_LASSO/lasso_traces_dbb]+[.bpl/lasso_trace_2.txt,NONTERMINATING,2.81,2.81,2.00,NONTERMINATING,2,1,3,Fixpoint / Fixpoint
ATVA2026_benchmark/NON_TERM_LASSO/lasso_traces_db+[bd.bpl/lasso_trace_1.txt,NONTERMINATING,2.47,2.47,3.00,NONTERMINATING,2,1,3,Fixpoint / Fixpoint
ATVA2026_benchmark/NON_TERM_LASSO/lasso_traces_db+bd[.bpl/lasso_trace_1.txt,NONTERMINATING,3.19,3.19,2.00,NONTERMINATING,1,1,2,Fixpoint / Fixpoint
ATVA2026_benchmark/NON_TERM_LASSO/lasso_traces_dbbd+[.bpl/lasso_trace_1.txt,NONTERMINATING,4.14,4.14,2.00,NONTERMINATING,1,1,2,Fixpoint / Fixpoint
ATVA2026_benchmark/NON_TERM_LASSO/lasso_traces_d++[]b.bpl/lasso_trace_1.txt,NONTERMINATING,3.57,3.57,2.00,NONTERMINATING,1,1,2,Fixpoint / Fixpoint
ATVA2026_benchmark/NON_TERM_LASSO/lasso_traces_d++b+[.bpl/lasso_trace_1.txt,NONTERMINATING,3.19,3.19,2.00,NONTERMINATING,1,1,2,Fixpoint / Fixpoint
ATVA2026_benchmark/NON_TERM_LASSO/lasso_traces_d+-b+[.bpl/lasso_trace_1.txt,NONTERMINATING,2.66,2.66,2.00,NONTERMINATING,1,1,2,Fixpoint / Fixpoint
ATVA2026_benchmark/NON_TERM_LASSO/lasso_traces_d+[]+b.bpl/lasso_trace_1.txt,NONTERMINATING,3.23,3.23,2.00,NONTERMINATING,1,1,2,Fixpoint / Fixpoint
ATVA2026_benchmark/NON_TERM_LASSO/lasso_traces_d+[]-b.bpl/lasso_trace_1.txt,NONTERMINATING,8.94,8.94,2.00,NONTERMINATING,1,1,2,Fixpoint / Fixpoint
ATVA2026_benchmark/NON_TERM_LASSO/lasso_traces_d+[][b.bpl/lasso_trace_1.txt,NONTERMINATING,11.35,11.35,2.00,NONTERMINATING,1,1,2,Fixpoint / Fixpoint
ATVA2026_benchmark/NON_TERM_LASSO/lasso_traces_d+[]b+.bpl/lasso_trace_1.txt,NONTERMINATING,6.88,6.88,2.00,NONTERMINATING,1,1,2,Fixpoint / Fixpoint
ATVA2026_benchmark/NON_TERM_LASSO/lasso_traces_d+[]b-.bpl/lasso_trace_1.txt,NONTERMINATING,3.72,3.72,2.00,NONTERMINATING,1,1,2,Fixpoint / Fixpoint
ATVA2026_benchmark/NON_TERM_LASSO/lasso_traces_d+[]b.bpl/lasso_trace_1.txt,NONTERMINATING,8.04,8.04,2.00,NONTERMINATING,1,1,2,Fixpoint / Fixpoint
ATVA2026_benchmark/NON_TERM_LASSO/lasso_traces_d+[]b[.bpl/lasso_trace_1.txt,NONTERMINATING,4.26,4.26,2.00,NONTERMINATING,1,1,2,Fixpoint / Fixpoint
ATVA2026_benchmark/NON_TERM_LASSO/lasso_traces_d+[b+[.bpl/lasso_trace_2.txt,NONTERMINATING,12.53,12.53,2.00,NONTERMINATING,2,1,3,Fixpoint / Fixpoint
ATVA2026_benchmark/NON_TERM_LASSO/lasso_traces_d+]b+[.bpl/lasso_trace_2.txt,NONTERMINATING,10.36,10.36,2.00,NONTERMINATING,2,1,3,Fixpoint / Fixpoint
ATVA2026_benchmark/NON_TERM_LASSO/lasso_traces_d+b++[.bpl/lasso_trace_1.txt,NONTERMINATING,12.08,12.08,2.00,NONTERMINATING,1,1,2,Fixpoint / Fixpoint
ATVA2026_benchmark/NON_TERM_LASSO/lasso_traces_d+b+[.bpl/lasso_trace_1.txt,NONTERMINATING,13.70,13.70,2.00,NONTERMINATING,1,1,2,Fixpoint / Fixpoint
ATVA2026_benchmark/NON_TERM_LASSO/lasso_traces_d+b+[[.bpl/lasso_trace_2.txt,NONTERMINATING,21.73,21.73,2.00,NONTERMINATING,2,1,3,Fixpoint / Fixpoint
ATVA2026_benchmark/NON_TERM_LASSO/lasso_traces_d+b+[].bpl/lasso_trace_1.txt,NONTERMINATING,16.82,16.82,2.00,NONTERMINATING,1,1,2,Fixpoint / Fixpoint
ATVA2026_benchmark/NON_TERM_LASSO/lasso_traces_d+b-+[.bpl/lasso_trace_1.txt,NONTERMINATING,19.67,19.67,3.00,NONTERMINATING,1,1,2,Fixpoint / Fixpoint
ATVA2026_benchmark/NON_TERM_LASSO/lasso_traces_d+b]+[.bpl/lasso_trace_2.txt,NONTERMINATING,13.68,13.68,2.00,NONTERMINATING,2,1,3,Fixpoint / Fixpoint
ATVA2026_benchmark/NON_TERM_LASSO/lasso_traces_d-+[]b.bpl/lasso_trace_1.txt,NONTERMINATING,22.96,22.96,2.00,NONTERMINATING,1,1,2,Fixpoint / Fixpoint
ATVA2026_benchmark/NON_TERM_LASSO/lasso_traces_d-+b+[.bpl/lasso_trace_1.txt,NONTERMINATING,3.26,3.26,2.00,NONTERMINATING,1,1,2,Fixpoint / Fixpoint
ATVA2026_benchmark/NON_TERM_LASSO/lasso_traces_d--b+[.bpl/lasso_trace_1.txt,NONTERMINATING,5.19,5.19,2.00,NONTERMINATING,1,1,2,Fixpoint / Fixpoint
ATVA2026_benchmark/NON_TERM_LASSO/lasso_traces_d-]b+[.bpl/lasso_trace_2.txt,NONTERMINATING,3.05,3.05,2.00,NONTERMINATING,2,1,3,Fixpoint / Fixpoint
ATVA2026_benchmark/NON_TERM_LASSO/lasso_traces_d-b++[.bpl/lasso_trace_1.txt,NONTERMINATING,3.76,3.76,2.00,NONTERMINATING,1,1,2,Fixpoint / Fixpoint
ATVA2026_benchmark/NON_TERM_LASSO/lasso_traces_d-b+[.bpl/lasso_trace_1.txt,NONTERMINATING,3.08,3.08,2.00,NONTERMINATING,1,1,2,Fixpoint / Fixpoint
ATVA2026_benchmark/NON_TERM_LASSO/lasso_traces_d-b+[[.bpl/lasso_trace_2.txt,NONTERMINATING,3.33,3.33,3.00,NONTERMINATING,2,1,3,Fixpoint / Fixpoint
ATVA2026_benchmark/NON_TERM_LASSO/lasso_traces_d-b+[].bpl/lasso_trace_1.txt,NONTERMINATING,3.00,3.00,2.00,NONTERMINATING,1,1,2,Fixpoint / Fixpoint
ATVA2026_benchmark/NON_TERM_LASSO/lasso_traces_d-b-+[.bpl/lasso_trace_1.txt,NONTERMINATING,4.53,4.53,2.00,NONTERMINATING,1,1,2,Fixpoint / Fixpoint
ATVA2026_benchmark/NON_TERM_LASSO/lasso_traces_d-b]+[.bpl/lasso_trace_2.txt,NONTERMINATING,2.60,2.60,2.00,NONTERMINATING,2,1,3,Fixpoint / Fixpoint
ATVA2026_benchmark/NON_TERM_LASSO/lasso_traces_d[]b+[.bpl/lasso_trace_2.txt,NONTERMINATING,2.88,2.88,2.00,NONTERMINATING,2,1,3,Fixpoint / Fixpoint
ATVA2026_benchmark/NON_TERM_LASSO/lasso_traces_d]+[]b.bpl/lasso_trace_2.txt,NONTERMINATING,3.57,3.57,2.00,NONTERMINATING,2,1,3,Fixpoint / Fixpoint
ATVA2026_benchmark/NON_TERM_LASSO/lasso_traces_d]+b+[.bpl/lasso_trace_2.txt,NONTERMINATING,2.91,2.91,2.00,NONTERMINATING,2,1,3,Fixpoint / Fixpoint
ATVA2026_benchmark/NON_TERM_LASSO/lasso_traces_d]-b+[.bpl/lasso_trace_2.txt,NONTERMINATING,2.72,2.72,2.00,NONTERMINATING,2,1,3,Fixpoint / Fixpoint
ATVA2026_benchmark/NON_TERM_LASSO/lasso_traces_d]]b+[.bpl/lasso_trace_3.txt,NONTERMINATING,3.96,3.96,2.00,NONTERMINATING,2,1,3,Fixpoint / Fixpoint
ATVA2026_benchmark/NON_TERM_LASSO/lasso_traces_d]b++[.bpl/lasso_trace_2.txt,NONTERMINATING,3.32,3.32,2.00,NONTERMINATING,2,1,3,Fixpoint / Fixpoint
ATVA2026_benchmark/NON_TERM_LASSO/lasso_traces_d]b+[.bpl/lasso_trace_2.txt,NONTERMINATING,3.86,3.86,3.00,NONTERMINATING,2,1,3,Fixpoint / Fixpoint
ATVA2026_benchmark/NON_TERM_LASSO/lasso_traces_d]b+[[.bpl/lasso_trace_3.txt,NONTERMINATING,2.80,2.80,2.00,NONTERMINATING,3,1,4,Fixpoint / Fixpoint
ATVA2026_benchmark/NON_TERM_LASSO/lasso_traces_d]b+[].bpl/lasso_trace_2.txt,NONTERMINATING,3.02,3.02,2.00,NONTERMINATING,2,1,3,Fixpoint / Fixpoint
ATVA2026_benchmark/NON_TERM_LASSO/lasso_traces_d]b-+[.bpl/lasso_trace_2.txt,NONTERMINATING,3.76,3.76,2.00,NONTERMINATING,2,1,3,Fixpoint / Fixpoint
ATVA2026_benchmark/NON_TERM_LASSO/lasso_traces_d]b]+[.bpl/lasso_trace_3.txt,NONTERMINATING,3.07,3.07,2.00,NONTERMINATING,2,1,3,Fixpoint / Fixpoint
ATVA2026_benchmark/NON_TERM_LASSO/lasso_traces_db+++[.bpl/lasso_trace_1.txt,NONTERMINATING,2.85,2.85,2.00,NONTERMINATING,1,1,2,Fixpoint / Fixpoint
ATVA2026_benchmark/NON_TERM_LASSO/lasso_traces_db++-[.bpl/lasso_trace_1.txt,NONTERMINATING,3.00,3.00,2.00,NONTERMINATING,1,1,2,Fixpoint / Fixpoint
ATVA2026_benchmark/NON_TERM_LASSO/lasso_traces_db++[.bpl/lasso_trace_1.txt,NONTERMINATING,3.25,3.25,3.00,NONTERMINATING,1,1,2,Fixpoint / Fixpoint
ATVA2026_benchmark/NON_TERM_LASSO/lasso_traces_db++[[.bpl/lasso_trace_2.txt,NONTERMINATING,3.56,3.56,1.00,NONTERMINATING,2,1,3,Fixpoint / Fixpoint
ATVA2026_benchmark/NON_TERM_LASSO/lasso_traces_db++[].bpl/lasso_trace_1.txt,NONTERMINATING,3.15,3.15,2.00,NONTERMINATING,1,1,2,Fixpoint / Fixpoint
ATVA2026_benchmark/NON_TERM_LASSO/lasso_traces_db+-+[.bpl/lasso_trace_1.txt,NONTERMINATING,3.47,3.47,2.00,NONTERMINATING,1,1,2,Fixpoint / Fixpoint
ATVA2026_benchmark/NON_TERM_LASSO/lasso_traces_db+[+-.bpl/lasso_trace_1.txt,NONTERMINATING,3.16,3.16,2.00,NONTERMINATING,1,1,2,Fixpoint / Fixpoint
ATVA2026_benchmark/NON_TERM_LASSO/lasso_traces_db+[+[.bpl/lasso_trace_2.txt,NONTERMINATING,2.86,2.86,2.00,NONTERMINATING,2,1,3,Fixpoint / Fixpoint
ATVA2026_benchmark/NON_TERM_LASSO/lasso_traces_db+[-+.bpl/lasso_trace_1.txt,NONTERMINATING,3.09,3.09,2.00,NONTERMINATING,1,1,2,Fixpoint / Fixpoint
ATVA2026_benchmark/NON_TERM_LASSO/lasso_traces_db+[.bpl/lasso_trace_1.txt,NONTERMINATING,3.09,3.09,2.00,NONTERMINATING,1,1,2,Fixpoint / Fixpoint
ATVA2026_benchmark/NON_TERM_LASSO/lasso_traces_db+[[.bpl/lasso_trace_2.txt,NONTERMINATING,3.60,3.60,2.00,NONTERMINATING,2,1,3,Fixpoint / Fixpoint
ATVA2026_benchmark/NON_TERM_LASSO/lasso_traces_db+[[[.bpl/lasso_trace_2.txt,NONTERMINATING,3.98,3.98,2.00,NONTERMINATING,3,1,4,Fixpoint / Fixpoint
ATVA2026_benchmark/NON_TERM_LASSO/lasso_traces_db+[]+.bpl/lasso_trace_1.txt,NONTERMINATING,4.09,4.09,2.00,NONTERMINATING,1,1,2,Fixpoint / Fixpoint
ATVA2026_benchmark/NON_TERM_LASSO/lasso_traces_db+[]-.bpl/lasso_trace_1.txt,NONTERMINATING,3.96,3.96,3.00,NONTERMINATING,1,1,2,Fixpoint / Fixpoint
ATVA2026_benchmark/NON_TERM_LASSO/lasso_traces_db+[].bpl/lasso_trace_1.txt,NONTERMINATING,3.64,3.64,2.00,NONTERMINATING,1,1,2,Fixpoint / Fixpoint
ATVA2026_benchmark/NON_TERM_LASSO/lasso_traces_db+[][.bpl/lasso_trace_1.txt,NONTERMINATING,4.55,4.55,2.00,NONTERMINATING,1,1,2,Fixpoint / Fixpoint
ATVA2026_benchmark/NON_TERM_LASSO/lasso_traces_db+]+[.bpl/lasso_trace_2.txt,NONTERMINATING,3.00,3.00,2.00,NONTERMINATING,2,1,3,Fixpoint / Fixpoint
ATVA2026_benchmark/NON_TERM_LASSO/lasso_traces_db-++[.bpl/lasso_trace_1.txt,NONTERMINATING,3.79,3.79,2.00,NONTERMINATING,1,1,2,Fixpoint / Fixpoint
ATVA2026_benchmark/NON_TERM_LASSO/lasso_traces_db-+[.bpl/lasso_trace_1.txt,NONTERMINATING,4.24,4.24,2.00,NONTERMINATING,1,1,2,Fixpoint / Fixpoint
ATVA2026_benchmark/NON_TERM_LASSO/lasso_traces_db-+[[.bpl/lasso_trace_2.txt,NONTERMINATING,5.57,5.57,2.00,NONTERMINATING,2,1,3,Fixpoint / Fixpoint
ATVA2026_benchmark/NON_TERM_LASSO/lasso_traces_db-+[].bpl/lasso_trace_1.txt,NONTERMINATING,4.52,4.52,2.00,NONTERMINATING,1,1,2,Fixpoint / Fixpoint
ATVA2026_benchmark/NON_TERM_LASSO/lasso_traces_db--+[.bpl/lasso_trace_1.txt,NONTERMINATING,6.94,6.94,2.00,NONTERMINATING,1,1,2,Fixpoint / Fixpoint
ATVA2026_benchmark/NON_TERM_LASSO/lasso_traces_db-]+[.bpl/lasso_trace_2.txt,NONTERMINATING,2.82,2.82,2.00,NONTERMINATING,2,1,3,Fixpoint / Fixpoint
ATVA2026_benchmark/NON_TERM_LASSO/lasso_traces_db[]+[.bpl/lasso_trace_2.txt,NONTERMINATING,3.42,3.42,2.00,NONTERMINATING,2,1,3,Fixpoint / Fixpoint
ATVA2026_benchmark/NON_TERM_LASSO/lasso_traces_db]++[.bpl/lasso_trace_2.txt,NONTERMINATING,3.45,3.45,2.00,NONTERMINATING,2,1,3,Fixpoint / Fixpoint
ATVA2026_benchmark/NON_TERM_LASSO/lasso_traces_db]+[.bpl/lasso_trace_2.txt,NONTERMINATING,3.19,3.19,2.00,NONTERMINATING,2,1,3,Fixpoint / Fixpoint
ATVA2026_benchmark/NON_TERM_LASSO/lasso_traces_db]+[[.bpl/lasso_trace_3.txt,NONTERMINATING,4.58,4.58,2.00,NONTERMINATING,3,1,4,Fixpoint / Fixpoint
ATVA2026_benchmark/NON_TERM_LASSO/lasso_traces_db]+[].bpl/lasso_trace_2.txt,NONTERMINATING,3.43,3.43,2.00,NONTERMINATING,2,1,3,Fixpoint / Fixpoint
ATVA2026_benchmark/NON_TERM_LASSO/lasso_traces_db]-+[.bpl/lasso_trace_2.txt,NONTERMINATING,3.16,3.16,3.00,NONTERMINATING,2,1,3,Fixpoint / Fixpoint
ATVA2026_benchmark/NON_TERM_LASSO/lasso_traces_db]]+[.bpl/lasso_trace_3.txt,NONTERMINATING,2.96,2.96,1.00,NONTERMINATING,2,1,3,Fixpoint / Fixpoint
ATVA2026_benchmark/NON_TERM_LASSO/lasso_traces_db+[db.bpl/lasso_trace_1.txt,NONTERMINATING,3.90,3.90,3.00,NONTERMINATING,1,1,2,Fixpoint / Fixpoint
ATVA2026_benchmark/NON_TERM_LASSO/lasso_traces_db+db[.bpl/lasso_trace_1.txt,NONTERMINATING,3.71,3.71,2.00,NONTERMINATING,1,1,2,Fixpoint / Fixpoint
ATVA2026_benchmark/NON_TERM_LASSO/lasso_traces_dbdb+[.bpl/lasso_trace_1.txt,NONTERMINATING,3.78,3.78,2.00,NONTERMINATING,1,1,2,Fixpoint / Fixpoint
ATVA2026_benchmark/NON_TERM_LASSO/lasso_traces_d++[bd.bpl/lasso_trace_1.txt,NONTERMINATING,2.52,2.52,2.00,NONTERMINATING,2,1,3,Fixpoint / Fixpoint
ATVA2026_benchmark/NON_TERM_LASSO/lasso_traces_d++bd[.bpl/lasso_trace_1.txt,NONTERMINATING,5.27,5.27,2.00,NONTERMINATING,1,1,2,Fixpoint / Fixpoint
ATVA2026_benchmark/NON_TERM_LASSO/lasso_traces_d+[[bd.bpl/lasso_trace_3.txt,NONTERMINATING,1.83,1.83,3.00,NONTERMINATING,3,1,4,Fixpoint / Fixpoint
ATVA2026_benchmark/NON_TERM_LASSO/lasso_traces_d+[]bd.bpl/lasso_trace_1.txt,NONTERMINATING,5.14,5.14,2.00,NONTERMINATING,1,1,2,Fixpoint / Fixpoint
ATVA2026_benchmark/NON_TERM_LASSO/lasso_traces_d+[b-d.bpl/lasso_trace_1.txt,NONTERMINATING,2.45,2.45,5.00,NONTERMINATING,2,1,3,Fixpoint / Fixpoint
ATVA2026_benchmark/NON_TERM_LASSO/lasso_traces_d+[bd.bpl/lasso_trace_1.txt,NONTERMINATING,2.22,2.22,3.00,NONTERMINATING,2,1,3,Fixpoint / Fixpoint
ATVA2026_benchmark/NON_TERM_LASSO/lasso_traces_d+[bd[.bpl/lasso_trace_2.txt,NONTERMINATING,3.70,3.70,2.00,NONTERMINATING,2,1,3,Fixpoint / Fixpoint
ATVA2026_benchmark/NON_TERM_LASSO/lasso_traces_d+b+[d.bpl/lasso_trace_1.txt,NONTERMINATING,2.03,2.03,2.00,NONTERMINATING,2,1,3,Fixpoint / Fixpoint
ATVA2026_benchmark/NON_TERM_LASSO/lasso_traces_d+b+d[.bpl/lasso_trace_1.txt,NONTERMINATING,3.00,3.00,2.00,NONTERMINATING,1,1,2,Fixpoint / Fixpoint
ATVA2026_benchmark/NON_TERM_LASSO/lasso_traces_d+b-d[.bpl/lasso_trace_1.txt,NONTERMINATING,2.80,2.80,2.00,NONTERMINATING,1,1,2,Fixpoint / Fixpoint
ATVA2026_benchmark/NON_TERM_LASSO/lasso_traces_d+bd+[.bpl/lasso_trace_1.txt,NONTERMINATING,3.11,3.11,2.00,NONTERMINATING,1,1,2,Fixpoint / Fixpoint
ATVA2026_benchmark/NON_TERM_LASSO/lasso_traces_d+bd[.bpl/lasso_trace_1.txt,NONTERMINATING,2.89,2.89,2.00,NONTERMINATING,1,1,2,Fixpoint / Fixpoint
ATVA2026_benchmark/NON_TERM_LASSO/lasso_traces_d+bd[[.bpl/lasso_trace_2.txt,NONTERMINATING,2.89,2.89,3.00,NONTERMINATING,2,1,3,Fixpoint / Fixpoint
ATVA2026_benchmark/NON_TERM_LASSO/lasso_traces_d+bd[].bpl/lasso_trace_1.txt,NONTERMINATING,3.14,3.14,2.00,NONTERMINATING,1,1,2,Fixpoint / Fixpoint
ATVA2026_benchmark/NON_TERM_LASSO/lasso_traces_d-+[bd.bpl/lasso_trace_1.txt,NONTERMINATING,2.08,2.08,2.00,NONTERMINATING,2,1,3,Fixpoint / Fixpoint
ATVA2026_benchmark/NON_TERM_LASSO/lasso_traces_d-+bd[.bpl/lasso_trace_1.txt,NONTERMINATING,3.40,3.40,2.00,NONTERMINATING,1,1,2,Fixpoint / Fixpoint
ATVA2026_benchmark/NON_TERM_LASSO/lasso_traces_d-bd+[.bpl/lasso_trace_1.txt,NONTERMINATING,3.19,3.19,2.00,NONTERMINATING,1,1,2,Fixpoint / Fixpoint
ATVA2026_benchmark/NON_TERM_LASSO/lasso_traces_d]+[bd.bpl/lasso_trace_2.txt,NONTERMINATING,1.69,1.69,4.00,NONTERMINATING,3,1,4,Fixpoint / Fixpoint
ATVA2026_benchmark/NON_TERM_LASSO/lasso_traces_d]+bd[.bpl/lasso_trace_2.txt,NONTERMINATING,3.33,3.33,3.00,NONTERMINATING,2,1,3,Fixpoint / Fixpoint
ATVA2026_benchmark/NON_TERM_LASSO/lasso_traces_d]bd+[.bpl/lasso_trace_2.txt,NONTERMINATING,3.40,3.40,2.00,NONTERMINATING,2,1,3,Fixpoint / Fixpoint
ATVA2026_benchmark/NON_TERM_LASSO/lasso_traces_db+[]d.bpl/lasso_trace_1.txt,NONTERMINATING,4.81,4.81,2.00,NONTERMINATING,1,1,2,Fixpoint / Fixpoint
ATVA2026_benchmark/NON_TERM_LASSO/lasso_traces_db+d+[.bpl/lasso_trace_1.txt,NONTERMINATING,2.95,2.95,2.00,NONTERMINATING,1,1,2,Fixpoint / Fixpoint
ATVA2026_benchmark/NON_TERM_LASSO/lasso_traces_db-d+[.bpl/lasso_trace_1.txt,NONTERMINATING,2.91,2.91,2.00,NONTERMINATING,1,1,2,Fixpoint / Fixpoint
ATVA2026_benchmark/NON_TERM_LASSO/lasso_traces_db]+[d.bpl/lasso_trace_2.txt,NONTERMINATING,3.31,3.31,3.00,NONTERMINATING,2,1,3,Fixpoint / Fixpoint
ATVA2026_benchmark/NON_TERM_LASSO/lasso_traces_db]+d[.bpl/lasso_trace_2.txt,NONTERMINATING,2.62,2.62,2.00,NONTERMINATING,2,1,3,Fixpoint / Fixpoint
ATVA2026_benchmark/NON_TERM_LASSO/lasso_traces_db]d+[.bpl/lasso_trace_2.txt,NONTERMINATING,3.58,3.58,2.00,NONTERMINATING,2,1,3,Fixpoint / Fixpoint
ATVA2026_benchmark/NON_TERM_LASSO/lasso_traces_dbd++[.bpl/lasso_trace_1.txt,NONTERMINATING,5.01,5.01,2.00,NONTERMINATING,1,1,2,Fixpoint / Fixpoint
ATVA2026_benchmark/NON_TERM_LASSO/lasso_traces_dbd+[.bpl/lasso_trace_1.txt,NONTERMINATING,3.51,3.51,3.00,NONTERMINATING,1,1,2,Fixpoint / Fixpoint
ATVA2026_benchmark/NON_TERM_LASSO/lasso_traces_dbd+[[.bpl/lasso_trace_2.txt,NONTERMINATING,3.16,3.16,2.00,NONTERMINATING,2,1,3,Fixpoint / Fixpoint
ATVA2026_benchmark/NON_TERM_LASSO/lasso_traces_dbd+[].bpl/lasso_trace_1.txt,NONTERMINATING,3.26,3.26,2.00,NONTERMINATING,1,1,2,Fixpoint / Fixpoint
ATVA2026_benchmark/NON_TERM_LASSO/lasso_traces_dbd-+[.bpl/lasso_trace_1.txt,NONTERMINATING,3.03,3.03,2.00,NONTERMINATING,1,1,2,Fixpoint / Fixpoint
ATVA2026_benchmark/NON_TERM_LASSO/lasso_traces_dbd]+[.bpl/lasso_trace_2.txt,NONTERMINATING,2.43,2.43,2.00,NONTERMINATING,2,1,3,Fixpoint / Fixpoint
ATVA2026_benchmark/NON_TERM_LASSO/lasso_traces_d+[bdd.bpl/lasso_trace_1.txt,NONTERMINATING,1.92,1.92,3.00,NONTERMINATING,2,1,3,Fixpoint / Fixpoint
ATVA2026_benchmark/NON_TERM_LASSO/lasso_traces_d+bd[d.bpl/lasso_trace_1.txt,NONTERMINATING,4.71,4.71,2.00,NONTERMINATING,1,1,2,Fixpoint / Fixpoint
ATVA2026_benchmark/NON_TERM_LASSO/lasso_traces_d+bdd[.bpl/lasso_trace_1.txt,NONTERMINATING,4.78,4.78,2.00,NONTERMINATING,1,1,2,Fixpoint / Fixpoint
ATVA2026_benchmark/NON_TERM_LASSO/lasso_traces_dbd+[d.bpl/lasso_trace_1.txt,NONTERMINATING,4.62,4.62,3.00,NONTERMINATING,1,1,2,Fixpoint / Fixpoint
ATVA2026_benchmark/NON_TERM_LASSO/lasso_traces_dbd+d[.bpl/lasso_trace_1.txt,NONTERMINATING,3.49,3.49,2.00,NONTERMINATING,1,1,2,Fixpoint / Fixpoint
ATVA2026_benchmark/NON_TERM_LASSO/lasso_traces_dbdd+[.bpl/lasso_trace_1.txt,NONTERMINATING,2.95,2.95,2.00,NONTERMINATING,1,1,2,Fixpoint / Fixpoint
ATVA2026_benchmark/NON_TERM_LASSO/lasso_traces_d++++[.bpl/lasso_trace_1.txt,NONTERMINATING,4.11,4.11,3.00,NONTERMINATING,1,1,2,Fixpoint / Fixpoint
ATVA2026_benchmark/NON_TERM_LASSO/lasso_traces_d+++-[.bpl/lasso_trace_1.txt,NONTERMINATING,2.96,2.96,2.00,NONTERMINATING,1,1,2,Fixpoint / Fixpoint
ATVA2026_benchmark/NON_TERM_LASSO/lasso_traces_d+++[.bpl/lasso_trace_1.txt,NONTERMINATING,4.81,4.81,2.00,NONTERMINATING,1,1,2,Fixpoint / Fixpoint
ATVA2026_benchmark/NON_TERM_LASSO/lasso_traces_d+++[[.bpl/lasso_trace_2.txt,NONTERMINATING,4.35,4.35,2.00,NONTERMINATING,2,1,3,Fixpoint / Fixpoint
ATVA2026_benchmark/NON_TERM_LASSO/lasso_traces_d+++[].bpl/lasso_trace_1.txt,NONTERMINATING,4.48,4.48,2.00,NONTERMINATING,1,1,2,Fixpoint / Fixpoint
ATVA2026_benchmark/NON_TERM_LASSO/lasso_traces_d++-+[.bpl/lasso_trace_1.txt,NONTERMINATING,3.91,3.91,3.00,NONTERMINATING,1,1,2,Fixpoint / Fixpoint
ATVA2026_benchmark/NON_TERM_LASSO/lasso_traces_d++-[.bpl/lasso_trace_1.txt,NONTERMINATING,4.46,4.46,2.00,NONTERMINATING,1,1,2,Fixpoint / Fixpoint
ATVA2026_benchmark/NON_TERM_LASSO/lasso_traces_d++-[[.bpl/lasso_trace_2.txt,NONTERMINATING,4.66,4.66,2.00,NONTERMINATING,2,1,3,Fixpoint / Fixpoint
ATVA2026_benchmark/NON_TERM_LASSO/lasso_traces_d++-[].bpl/lasso_trace_1.txt,NONTERMINATING,4.18,4.18,2.00,NONTERMINATING,1,1,2,Fixpoint / Fixpoint
ATVA2026_benchmark/NON_TERM_LASSO/lasso_traces_d++[+-.bpl/lasso_trace_1.txt,NONTERMINATING,4.61,4.61,2.00,NONTERMINATING,1,1,2,Fixpoint / Fixpoint
ATVA2026_benchmark/NON_TERM_LASSO/lasso_traces_d++[+[.bpl/lasso_trace_2.txt,NONTERMINATING,3.61,3.61,2.00,NONTERMINATING,2,1,3,Fixpoint / Fixpoint
ATVA2026_benchmark/NON_TERM_LASSO/lasso_traces_d++[-+.bpl/lasso_trace_1.txt,NONTERMINATING,4.76,4.76,2.00,NONTERMINATING,1,1,2,Fixpoint / Fixpoint
ATVA2026_benchmark/NON_TERM_LASSO/lasso_traces_d++[-[.bpl/lasso_trace_2.txt,NONTERMINATING,3.96,3.96,2.00,NONTERMINATING,2,1,3,Fixpoint / Fixpoint
ATVA2026_benchmark/NON_TERM_LASSO/lasso_traces_d++[.bpl/lasso_trace_1.txt,NONTERMINATING,4.30,4.30,2.00,NONTERMINATING,1,1,2,Fixpoint / Fixpoint
ATVA2026_benchmark/NON_TERM_LASSO/lasso_traces_d++[[.bpl/lasso_trace_2.txt,NONTERMINATING,4.70,4.70,3.00,NONTERMINATING,2,1,3,Fixpoint / Fixpoint
ATVA2026_benchmark/NON_TERM_LASSO/lasso_traces_d++[[[.bpl/lasso_trace_2.txt,NONTERMINATING,3.99,3.99,2.00,NONTERMINATING,3,1,4,Fixpoint / Fixpoint
ATVA2026_benchmark/NON_TERM_LASSO/lasso_traces_d++[]+.bpl/lasso_trace_1.txt,NONTERMINATING,4.74,4.74,1.00,NONTERMINATING,1,1,2,Fixpoint / Fixpoint
ATVA2026_benchmark/NON_TERM_LASSO/lasso_traces_d++[]-.bpl/lasso_trace_1.txt,NONTERMINATING,4.40,4.40,1.00,NONTERMINATING,1,1,2,Fixpoint / Fixpoint
ATVA2026_benchmark/NON_TERM_LASSO/lasso_traces_d++[].bpl/lasso_trace_1.txt,NONTERMINATING,4.60,4.60,2.00,NONTERMINATING,1,1,2,Fixpoint / Fixpoint
ATVA2026_benchmark/NON_TERM_LASSO/lasso_traces_d++[][.bpl/lasso_trace_1.txt,NONTERMINATING,4.83,4.83,2.00,NONTERMINATING,1,1,2,Fixpoint / Fixpoint
ATVA2026_benchmark/NON_TERM_LASSO/lasso_traces_d++]+[.bpl/lasso_trace_2.txt,NONTERMINATING,3.15,3.15,3.00,NONTERMINATING,2,1,3,Fixpoint / Fixpoint
ATVA2026_benchmark/NON_TERM_LASSO/lasso_traces_d+-++[.bpl/lasso_trace_1.txt,NONTERMINATING,4.43,4.43,3.00,NONTERMINATING,1,1,2,Fixpoint / Fixpoint
ATVA2026_benchmark/NON_TERM_LASSO/lasso_traces_d+-+[.bpl/lasso_trace_1.txt,NONTERMINATING,3.85,3.85,3.00,NONTERMINATING,1,1,2,Fixpoint / Fixpoint
ATVA2026_benchmark/NON_TERM_LASSO/lasso_traces_d+-+[[.bpl/lasso_trace_2.txt,NONTERMINATING,4.41,4.41,2.00,NONTERMINATING,2,1,3,Fixpoint / Fixpoint
ATVA2026_benchmark/NON_TERM_LASSO/lasso_traces_d+-+[].bpl/lasso_trace_1.txt,NONTERMINATING,5.17,5.17,2.00,NONTERMINATING,1,1,2,Fixpoint / Fixpoint
ATVA2026_benchmark/NON_TERM_LASSO/lasso_traces_d+--+[.bpl/lasso_trace_1.txt,NONTERMINATING,4.67,4.67,2.00,NONTERMINATING,1,1,2,Fixpoint / Fixpoint
ATVA2026_benchmark/NON_TERM_LASSO/lasso_traces_d+-]+[.bpl/lasso_trace_2.txt,NONTERMINATING,3.45,3.45,2.00,NONTERMINATING,2,1,3,Fixpoint / Fixpoint
ATVA2026_benchmark/NON_TERM_LASSO/lasso_traces_d+[++[.bpl/lasso_trace_2.txt,NONTERMINATING,3.14,3.14,2.00,NONTERMINATING,2,1,3,Fixpoint / Fixpoint
ATVA2026_benchmark/NON_TERM_LASSO/lasso_traces_d+[+-.bpl/lasso_trace_1.txt,NONTERMINATING,4.31,4.31,2.00,NONTERMINATING,1,1,2,Fixpoint / Fixpoint
ATVA2026_benchmark/NON_TERM_LASSO/lasso_traces_d+[+-[.bpl/lasso_trace_2.txt,NONTERMINATING,4.53,4.53,2.00,NONTERMINATING,2,1,3,Fixpoint / Fixpoint
ATVA2026_benchmark/NON_TERM_LASSO/lasso_traces_d+[+[.bpl/lasso_trace_2.txt,NONTERMINATING,3.38,3.38,2.00,NONTERMINATING,2,1,3,Fixpoint / Fixpoint
ATVA2026_benchmark/NON_TERM_LASSO/lasso_traces_d+[+[[.bpl/lasso_trace_2.txt,NONTERMINATING,3.16,3.16,2.00,NONTERMINATING,3,1,4,Fixpoint / Fixpoint
ATVA2026_benchmark/NON_TERM_LASSO/lasso_traces_d+[-+.bpl/lasso_trace_1.txt,NONTERMINATING,4.77,4.77,2.00,NONTERMINATING,1,1,2,Fixpoint / Fixpoint
ATVA2026_benchmark/NON_TERM_LASSO/lasso_traces_d+[-+[.bpl/lasso_trace_2.txt,NONTERMINATING,4.32,4.32,2.00,NONTERMINATING,2,1,3,Fixpoint / Fixpoint
ATVA2026_benchmark/NON_TERM_LASSO/lasso_traces_d+[--+.bpl/lasso_trace_1.txt,NONTERMINATING,4.28,4.28,3.00,NONTERMINATING,1,1,2,Fixpoint / Fixpoint
ATVA2026_benchmark/NON_TERM_LASSO/lasso_traces_d+[.bpl/lasso_trace_1.txt,NONTERMINATING,5.71,5.71,2.00,NONTERMINATING,1,1,2,Fixpoint / Fixpoint
ATVA2026_benchmark/NON_TERM_LASSO/lasso_traces_d+[[+-.bpl/lasso_trace_3.txt,NONTERMINATING,3.64,3.64,2.00,NONTERMINATING,2,1,3,Fixpoint / Fixpoint
ATVA2026_benchmark/NON_TERM_LASSO/lasso_traces_d+[[+[.bpl/lasso_trace_3.txt,NONTERMINATING,5.23,5.23,2.00,NONTERMINATING,3,1,4,Fixpoint / Fixpoint
ATVA2026_benchmark/NON_TERM_LASSO/lasso_traces_d+[[-+.bpl/lasso_trace_2.txt,NONTERMINATING,4.02,4.02,3.00,NONTERMINATING,2,1,3,Fixpoint / Fixpoint
ATVA2026_benchmark/NON_TERM_LASSO/lasso_traces_d+[[.bpl/lasso_trace_2.txt,NONTERMINATING,3.99,3.99,2.00,NONTERMINATING,2,1,3,Fixpoint / Fixpoint
ATVA2026_benchmark/NON_TERM_LASSO/lasso_traces_d+[[[.bpl/lasso_trace_2.txt,NONTERMINATING,3.18,3.18,2.00,NONTERMINATING,3,1,4,Fixpoint / Fixpoint
ATVA2026_benchmark/NON_TERM_LASSO/lasso_traces_d+[[[[.bpl/lasso_trace_2.txt,NONTERMINATING,3.46,3.46,2.00,NONTERMINATING,4,1,5,Fixpoint / Fixpoint
ATVA2026_benchmark/NON_TERM_LASSO/lasso_traces_d+[]++.bpl/lasso_trace_1.txt,NONTERMINATING,4.52,4.52,2.00,NONTERMINATING,1,1,2,Fixpoint / Fixpoint
ATVA2026_benchmark/NON_TERM_LASSO/lasso_traces_d+[]+-.bpl/lasso_trace_1.txt,NONTERMINATING,4.09,4.09,2.00,NONTERMINATING,1,1,2,Fixpoint / Fixpoint
ATVA2026_benchmark/NON_TERM_LASSO/lasso_traces_d+[]+.bpl/lasso_trace_1.txt,NONTERMINATING,4.02,4.02,1.00,NONTERMINATING,1,1,2,Fixpoint / Fixpoint
ATVA2026_benchmark/NON_TERM_LASSO/lasso_traces_d+[]+[.bpl/lasso_trace_1.txt,NONTERMINATING,4.11,4.11,2.00,NONTERMINATING,1,1,2,Fixpoint / Fixpoint
ATVA2026_benchmark/NON_TERM_LASSO/lasso_traces_d+[]-+.bpl/lasso_trace_1.txt,NONTERMINATING,3.67,3.67,2.00,NONTERMINATING,1,1,2,Fixpoint / Fixpoint
ATVA2026_benchmark/NON_TERM_LASSO/lasso_traces_d+[]--.bpl/lasso_trace_1.txt,NONTERMINATING,4.18,4.18,2.00,NONTERMINATING,1,1,2,Fixpoint / Fixpoint
ATVA2026_benchmark/NON_TERM_LASSO/lasso_traces_d+[]-.bpl/lasso_trace_1.txt,NONTERMINATING,4.24,4.24,2.00,NONTERMINATING,1,1,2,Fixpoint / Fixpoint
ATVA2026_benchmark/NON_TERM_LASSO/lasso_traces_d+[]-[.bpl/lasso_trace_1.txt,NONTERMINATING,4.33,4.33,1.00,NONTERMINATING,1,1,2,Fixpoint / Fixpoint
ATVA2026_benchmark/NON_TERM_LASSO/lasso_traces_d+[].bpl/lasso_trace_1.txt,NONTERMINATING,4.27,4.27,2.00,NONTERMINATING,1,1,2,Fixpoint / Fixpoint
ATVA2026_benchmark/NON_TERM_LASSO/lasso_traces_d+[][+.bpl/lasso_trace_1.txt,NONTERMINATING,4.25,4.25,2.00,NONTERMINATING,1,1,2,Fixpoint / Fixpoint
ATVA2026_benchmark/NON_TERM_LASSO/lasso_traces_d+[][-.bpl/lasso_trace_1.txt,NONTERMINATING,3.93,3.93,2.00,NONTERMINATING,1,1,2,Fixpoint / Fixpoint
ATVA2026_benchmark/NON_TERM_LASSO/lasso_traces_d+[][.bpl/lasso_trace_1.txt,NONTERMINATING,5.38,5.38,1.00,NONTERMINATING,1,1,2,Fixpoint / Fixpoint
ATVA2026_benchmark/NON_TERM_LASSO/lasso_traces_d+[][[.bpl/lasso_trace_1.txt,NONTERMINATING,4.10,4.10,2.00,NONTERMINATING,1,1,2,Fixpoint / Fixpoint
ATVA2026_benchmark/NON_TERM_LASSO/lasso_traces_d+]++[.bpl/lasso_trace_2.txt,NONTERMINATING,3.27,3.27,2.00,NONTERMINATING,2,1,3,Fixpoint / Fixpoint
ATVA2026_benchmark/NON_TERM_LASSO/lasso_traces_d+]+[.bpl/lasso_trace_2.txt,NONTERMINATING,3.10,3.10,2.00,NONTERMINATING,2,1,3,Fixpoint / Fixpoint
ATVA2026_benchmark/NON_TERM_LASSO/lasso_traces_d+]+[[.bpl/lasso_trace_3.txt,NONTERMINATING,3.97,3.97,2.00,NONTERMINATING,3,1,4,Fixpoint / Fixpoint
ATVA2026_benchmark/NON_TERM_LASSO/lasso_traces_d+]+[].bpl/lasso_trace_2.txt,NONTERMINATING,3.45,3.45,2.00,NONTERMINATING,2,1,3,Fixpoint / Fixpoint
ATVA2026_benchmark/NON_TERM_LASSO/lasso_traces_d+]-+[.bpl/lasso_trace_2.txt,NONTERMINATING,3.03,3.03,2.00,NONTERMINATING,2,1,3,Fixpoint / Fixpoint
ATVA2026_benchmark/NON_TERM_LASSO/lasso_traces_d+]]+[.bpl/lasso_trace_3.txt,NONTERMINATING,4.31,4.31,2.00,NONTERMINATING,2,1,3,Fixpoint / Fixpoint
ATVA2026_benchmark/NON_TERM_LASSO/lasso_traces_d-+++[.bpl/lasso_trace_1.txt,NONTERMINATING,4.52,4.52,2.00,NONTERMINATING,1,1,2,Fixpoint / Fixpoint
ATVA2026_benchmark/NON_TERM_LASSO/lasso_traces_d-++-[.bpl/lasso_trace_1.txt,NONTERMINATING,6.89,6.89,2.00,NONTERMINATING,1,1,2,Fixpoint / Fixpoint
ATVA2026_benchmark/NON_TERM_LASSO/lasso_traces_d-++[.bpl/lasso_trace_1.txt,NONTERMINATING,4.75,4.75,2.00,NONTERMINATING,1,1,2,Fixpoint / Fixpoint
ATVA2026_benchmark/NON_TERM_LASSO/lasso_traces_d-++[[.bpl/lasso_trace_2.txt,NONTERMINATING,3.39,3.39,2.00,NONTERMINATING,2,1,3,Fixpoint / Fixpoint
ATVA2026_benchmark/NON_TERM_LASSO/lasso_traces_d-++[].bpl/lasso_trace_1.txt,NONTERMINATING,6.06,6.06,2.00,NONTERMINATING,1,1,2,Fixpoint / Fixpoint
ATVA2026_benchmark/NON_TERM_LASSO/lasso_traces_d-+-+[.bpl/lasso_trace_1.txt,NONTERMINATING,4.20,4.20,3.00,NONTERMINATING,1,1,2,Fixpoint / Fixpoint
ATVA2026_benchmark/NON_TERM_LASSO/lasso_traces_d-+[+-.bpl/lasso_trace_1.txt,NONTERMINATING,4.64,4.64,2.00,NONTERMINATING,1,1,2,Fixpoint / Fixpoint
ATVA2026_benchmark/NON_TERM_LASSO/lasso_traces_d-+[+[.bpl/lasso_trace_2.txt,NONTERMINATING,3.44,3.44,2.00,NONTERMINATING,2,1,3,Fixpoint / Fixpoint
ATVA2026_benchmark/NON_TERM_LASSO/lasso_traces_d-+[-+.bpl/lasso_trace_1.txt,NONTERMINATING,4.79,4.79,3.00,NONTERMINATING,1,1,2,Fixpoint / Fixpoint
ATVA2026_benchmark/NON_TERM_LASSO/lasso_traces_d-+[.bpl/lasso_trace_1.txt,NONTERMINATING,3.72,3.72,2.00,NONTERMINATING,1,1,2,Fixpoint / Fixpoint
ATVA2026_benchmark/NON_TERM_LASSO/lasso_traces_d-+[[.bpl/lasso_trace_2.txt,NONTERMINATING,4.16,4.16,2.00,NONTERMINATING,2,1,3,Fixpoint / Fixpoint
ATVA2026_benchmark/NON_TERM_LASSO/lasso_traces_d-+[[[.bpl/lasso_trace_2.txt,NONTERMINATING,4.64,4.64,2.00,NONTERMINATING,3,1,4,Fixpoint / Fixpoint
ATVA2026_benchmark/NON_TERM_LASSO/lasso_traces_d-+[]+.bpl/lasso_trace_1.txt,NONTERMINATING,4.09,4.09,1.00,NONTERMINATING,1,1,2,Fixpoint / Fixpoint
ATVA2026_benchmark/NON_TERM_LASSO/lasso_traces_d-+[]-.bpl/lasso_trace_1.txt,NONTERMINATING,3.65,3.65,2.00,NONTERMINATING,1,1,2,Fixpoint / Fixpoint
ATVA2026_benchmark/NON_TERM_LASSO/lasso_traces_d-+[].bpl/lasso_trace_1.txt,NONTERMINATING,4.71,4.71,2.00,NONTERMINATING,1,1,2,Fixpoint / Fixpoint
ATVA2026_benchmark/NON_TERM_LASSO/lasso_traces_d-+[][.bpl/lasso_trace_1.txt,NONTERMINATING,3.90,3.90,2.00,NONTERMINATING,1,1,2,Fixpoint / Fixpoint
ATVA2026_benchmark/NON_TERM_LASSO/lasso_traces_d-+]+[.bpl/lasso_trace_2.txt,NONTERMINATING,5.06,5.06,2.00,NONTERMINATING,2,1,3,Fixpoint / Fixpoint
ATVA2026_benchmark/NON_TERM_LASSO/lasso_traces_d--++[.bpl/lasso_trace_1.txt,NONTERMINATING,3.91,3.91,2.00,NONTERMINATING,1,1,2,Fixpoint / Fixpoint
ATVA2026_benchmark/NON_TERM_LASSO/lasso_traces_d--+[.bpl/lasso_trace_1.txt,NONTERMINATING,6.34,6.34,1.00,NONTERMINATING,1,1,2,Fixpoint / Fixpoint
ATVA2026_benchmark/NON_TERM_LASSO/lasso_traces_d--+[[.bpl/lasso_trace_2.txt,NONTERMINATING,4.06,4.06,1.00,NONTERMINATING,2,1,3,Fixpoint / Fixpoint
ATVA2026_benchmark/NON_TERM_LASSO/lasso_traces_d--+[].bpl/lasso_trace_1.txt,NONTERMINATING,4.20,4.20,2.00,NONTERMINATING,1,1,2,Fixpoint / Fixpoint
ATVA2026_benchmark/NON_TERM_LASSO/lasso_traces_d---+[.bpl/lasso_trace_1.txt,NONTERMINATING,3.73,3.73,2.00,NONTERMINATING,1,1,2,Fixpoint / Fixpoint
ATVA2026_benchmark/NON_TERM_LASSO/lasso_traces_d--]+[.bpl/lasso_trace_2.txt,NONTERMINATING,3.89,3.89,1.00,NONTERMINATING,2,1,3,Fixpoint / Fixpoint
ATVA2026_benchmark/NON_TERM_LASSO/lasso_traces_d-[]+[.bpl/lasso_trace_2.txt,NONTERMINATING,4.24,4.24,2.00,NONTERMINATING,2,1,3,Fixpoint / Fixpoint
ATVA2026_benchmark/NON_TERM_LASSO/lasso_traces_d-]++[.bpl/lasso_trace_2.txt,NONTERMINATING,3.95,3.95,2.00,NONTERMINATING,2,1,3,Fixpoint / Fixpoint
ATVA2026_benchmark/NON_TERM_LASSO/lasso_traces_d-]+[.bpl/lasso_trace_2.txt,NONTERMINATING,3.02,3.02,2.00,NONTERMINATING,2,1,3,Fixpoint / Fixpoint
ATVA2026_benchmark/NON_TERM_LASSO/lasso_traces_d-]+[[.bpl/lasso_trace_3.txt,NONTERMINATING,3.11,3.11,2.00,NONTERMINATING,3,1,4,Fixpoint / Fixpoint
ATVA2026_benchmark/NON_TERM_LASSO/lasso_traces_d-]+[].bpl/lasso_trace_2.txt,NONTERMINATING,3.48,3.48,2.00,NONTERMINATING,2,1,3,Fixpoint / Fixpoint
ATVA2026_benchmark/NON_TERM_LASSO/lasso_traces_d-]-+[.bpl/lasso_trace_2.txt,NONTERMINATING,3.58,3.58,3.00,NONTERMINATING,2,1,3,Fixpoint / Fixpoint
ATVA2026_benchmark/NON_TERM_LASSO/lasso_traces_d-]]+[.bpl/lasso_trace_3.txt,NONTERMINATING,2.84,2.84,2.00,NONTERMINATING,2,1,3,Fixpoint / Fixpoint
ATVA2026_benchmark/NON_TERM_LASSO/lasso_traces_d[]++[.bpl/lasso_trace_2.txt,NONTERMINATING,3.92,3.92,2.00,NONTERMINATING,2,1,3,Fixpoint / Fixpoint
ATVA2026_benchmark/NON_TERM_LASSO/lasso_traces_d[]+[.bpl/lasso_trace_2.txt,NONTERMINATING,4.14,4.14,1.00,NONTERMINATING,2,1,3,Fixpoint / Fixpoint
ATVA2026_benchmark/NON_TERM_LASSO/lasso_traces_d[]+[[.bpl/lasso_trace_3.txt,NONTERMINATING,3.58,3.58,3.00,NONTERMINATING,3,1,4,Fixpoint / Fixpoint
ATVA2026_benchmark/NON_TERM_LASSO/lasso_traces_d[]-+[.bpl/lasso_trace_2.txt,NONTERMINATING,3.67,3.67,2.00,NONTERMINATING,2,1,3,Fixpoint / Fixpoint
ATVA2026_benchmark/NON_TERM_LASSO/lasso_traces_d]+++[.bpl/lasso_trace_2.txt,NONTERMINATING,3.10,3.10,2.00,NONTERMINATING,2,1,3,Fixpoint / Fixpoint
ATVA2026_benchmark/NON_TERM_LASSO/lasso_traces_d]++-[.bpl/lasso_trace_2.txt,NONTERMINATING,3.07,3.07,2.00,NONTERMINATING,2,1,3,Fixpoint / Fixpoint
ATVA2026_benchmark/NON_TERM_LASSO/lasso_traces_d]++[.bpl/lasso_trace_2.txt,NONTERMINATING,3.28,3.28,1.00,NONTERMINATING,2,1,3,Fixpoint / Fixpoint
ATVA2026_benchmark/NON_TERM_LASSO/lasso_traces_d]++[[.bpl/lasso_trace_3.txt,NONTERMINATING,3.04,3.04,2.00,NONTERMINATING,3,1,4,Fixpoint / Fixpoint
ATVA2026_benchmark/NON_TERM_LASSO/lasso_traces_d]++[].bpl/lasso_trace_2.txt,NONTERMINATING,5.36,5.36,2.00,NONTERMINATING,2,1,3,Fixpoint / Fixpoint
ATVA2026_benchmark/NON_TERM_LASSO/lasso_traces_d]+-+[.bpl/lasso_trace_2.txt,NONTERMINATING,4.56,4.56,1.00,NONTERMINATING,2,1,3,Fixpoint / Fixpoint
ATVA2026_benchmark/NON_TERM_LASSO/lasso_traces_d]+[+-.bpl/lasso_trace_2.txt,NONTERMINATING,3.45,3.45,2.00,NONTERMINATING,2,1,3,Fixpoint / Fixpoint
ATVA2026_benchmark/NON_TERM_LASSO/lasso_traces_d]+[+[.bpl/lasso_trace_3.txt,NONTERMINATING,3.25,3.25,1.00,NONTERMINATING,3,1,4,Fixpoint / Fixpoint
ATVA2026_benchmark/NON_TERM_LASSO/lasso_traces_d]+[-+.bpl/lasso_trace_2.txt,NONTERMINATING,3.38,3.38,2.00,NONTERMINATING,2,1,3,Fixpoint / Fixpoint
ATVA2026_benchmark/NON_TERM_LASSO/lasso_traces_d]+[.bpl/lasso_trace_2.txt,NONTERMINATING,3.64,3.64,2.00,NONTERMINATING,2,1,3,Fixpoint / Fixpoint
ATVA2026_benchmark/NON_TERM_LASSO/lasso_traces_d]+[[.bpl/lasso_trace_3.txt,NONTERMINATING,3.92,3.92,2.00,NONTERMINATING,3,1,4,Fixpoint / Fixpoint
ATVA2026_benchmark/NON_TERM_LASSO/lasso_traces_d]+[[[.bpl/lasso_trace_3.txt,NONTERMINATING,2.99,2.99,2.00,NONTERMINATING,4,1,5,Fixpoint / Fixpoint
ATVA2026_benchmark/NON_TERM_LASSO/lasso_traces_d]+[]+.bpl/lasso_trace_2.txt,NONTERMINATING,3.10,3.10,2.00,NONTERMINATING,2,1,3,Fixpoint / Fixpoint
ATVA2026_benchmark/NON_TERM_LASSO/lasso_traces_d]+[]-.bpl/lasso_trace_2.txt,NONTERMINATING,3.71,3.71,3.00,NONTERMINATING,2,1,3,Fixpoint / Fixpoint
ATVA2026_benchmark/NON_TERM_LASSO/lasso_traces_d]+[].bpl/lasso_trace_2.txt,NONTERMINATING,4.38,4.38,2.00,NONTERMINATING,2,1,3,Fixpoint / Fixpoint
ATVA2026_benchmark/NON_TERM_LASSO/lasso_traces_d]+[][.bpl/lasso_trace_2.txt,NONTERMINATING,3.43,3.43,2.00,NONTERMINATING,2,1,3,Fixpoint / Fixpoint
ATVA2026_benchmark/NON_TERM_LASSO/lasso_traces_d]+]+[.bpl/lasso_trace_2.txt,NONTERMINATING,3.79,3.79,1.00,NONTERMINATING,2,1,3,Fixpoint / Fixpoint
ATVA2026_benchmark/NON_TERM_LASSO/lasso_traces_d]-++[.bpl/lasso_trace_2.txt,NONTERMINATING,3.24,3.24,2.00,NONTERMINATING,2,1,3,Fixpoint / Fixpoint
ATVA2026_benchmark/NON_TERM_LASSO/lasso_traces_d]-+[.bpl/lasso_trace_2.txt,NONTERMINATING,3.22,3.22,3.00,NONTERMINATING,2,1,3,Fixpoint / Fixpoint
ATVA2026_benchmark/NON_TERM_LASSO/lasso_traces_d]-+[[.bpl/lasso_trace_3.txt,NONTERMINATING,3.77,3.77,2.00,NONTERMINATING,3,1,4,Fixpoint / Fixpoint
ATVA2026_benchmark/NON_TERM_LASSO/lasso_traces_d]-+[].bpl/lasso_trace_2.txt,NONTERMINATING,2.92,2.92,2.00,NONTERMINATING,2,1,3,Fixpoint / Fixpoint
ATVA2026_benchmark/NON_TERM_LASSO/lasso_traces_d]--+[.bpl/lasso_trace_2.txt,NONTERMINATING,4.48,4.48,2.00,NONTERMINATING,2,1,3,Fixpoint / Fixpoint
ATVA2026_benchmark/NON_TERM_LASSO/lasso_traces_d]-]+[.bpl/lasso_trace_3.txt,NONTERMINATING,3.20,3.20,2.00,NONTERMINATING,2,1,3,Fixpoint / Fixpoint
ATVA2026_benchmark/NON_TERM_LASSO/lasso_traces_d][]+[.bpl/lasso_trace_2.txt,NONTERMINATING,3.19,3.19,2.00,NONTERMINATING,3,1,4,Fixpoint / Fixpoint
ATVA2026_benchmark/NON_TERM_LASSO/lasso_traces_d]]++[.bpl/lasso_trace_3.txt,NONTERMINATING,3.18,3.18,2.00,NONTERMINATING,2,1,3,Fixpoint / Fixpoint
ATVA2026_benchmark/NON_TERM_LASSO/lasso_traces_d]]+[.bpl/lasso_trace_3.txt,NONTERMINATING,3.82,3.82,1.00,NONTERMINATING,2,1,3,Fixpoint / Fixpoint
ATVA2026_benchmark/NON_TERM_LASSO/lasso_traces_d]]+[[.bpl/lasso_trace_3.txt,NONTERMINATING,3.32,3.32,2.00,NONTERMINATING,3,1,4,Fixpoint / Fixpoint
ATVA2026_benchmark/NON_TERM_LASSO/lasso_traces_d]]+[].bpl/lasso_trace_3.txt,NONTERMINATING,3.32,3.32,3.00,NONTERMINATING,2,1,3,Fixpoint / Fixpoint
ATVA2026_benchmark/NON_TERM_LASSO/lasso_traces_d]]-+[.bpl/lasso_trace_3.txt,NONTERMINATING,3.22,3.22,2.00,NONTERMINATING,2,1,3,Fixpoint / Fixpoint
ATVA2026_benchmark/NON_TERM_LASSO/lasso_traces_d]]]+[.bpl/lasso_trace_3.txt,NONTERMINATING,4.22,4.22,2.00,NONTERMINATING,2,1,3,Fixpoint / Fixpoint
ATVA2026_benchmark/NON_TERM_LASSO/lasso_traces_ddbb+[.bpl/lasso_trace_1.txt,NONTERMINATING,6.22,6.22,2.00,NONTERMINATING,1,1,2,Fixpoint / Fixpoint
ATVA2026_benchmark/NON_TERM_LASSO/lasso_traces_d+[]db.bpl/lasso_trace_1.txt,NONTERMINATING,4.81,4.81,2.00,NONTERMINATING,1,1,2,Fixpoint / Fixpoint
ATVA2026_benchmark/NON_TERM_LASSO/lasso_traces_d+d[]b.bpl/lasso_trace_1.txt,NONTERMINATING,2.89,2.89,2.00,NONTERMINATING,1,1,2,Fixpoint / Fixpoint
ATVA2026_benchmark/NON_TERM_LASSO/lasso_traces_d+db+[.bpl/lasso_trace_1.txt,NONTERMINATING,3.81,3.81,2.00,NONTERMINATING,1,1,2,Fixpoint / Fixpoint
ATVA2026_benchmark/NON_TERM_LASSO/lasso_traces_d-db+[.bpl/lasso_trace_1.txt,NONTERMINATING,2.94,2.94,2.00,NONTERMINATING,1,1,2,Fixpoint / Fixpoint
ATVA2026_benchmark/NON_TERM_LASSO/lasso_traces_d]db+[.bpl/lasso_trace_2.txt,NONTERMINATING,2.73,2.73,2.00,NONTERMINATING,2,1,3,Fixpoint / Fixpoint
ATVA2026_benchmark/NON_TERM_LASSO/lasso_traces_dd+[]b.bpl/lasso_trace_1.txt,NONTERMINATING,3.36,3.36,2.00,NONTERMINATING,1,1,2,Fixpoint / Fixpoint
ATVA2026_benchmark/NON_TERM_LASSO/lasso_traces_dd+b+[.bpl/lasso_trace_1.txt,NONTERMINATING,2.80,2.80,3.00,NONTERMINATING,1,1,2,Fixpoint / Fixpoint
ATVA2026_benchmark/NON_TERM_LASSO/lasso_traces_dd-b+[.bpl/lasso_trace_1.txt,NONTERMINATING,5.13,5.13,2.00,NONTERMINATING,1,1,2,Fixpoint / Fixpoint
ATVA2026_benchmark/NON_TERM_LASSO/lasso_traces_dd]b+[.bpl/lasso_trace_2.txt,NONTERMINATING,3.35,3.35,2.00,NONTERMINATING,2,1,3,Fixpoint / Fixpoint
ATVA2026_benchmark/NON_TERM_LASSO/lasso_traces_ddb++[.bpl/lasso_trace_1.txt,NONTERMINATING,5.41,5.41,2.00,NONTERMINATING,1,1,2,Fixpoint / Fixpoint
ATVA2026_benchmark/NON_TERM_LASSO/lasso_traces_ddb+[.bpl/lasso_trace_1.txt,NONTERMINATING,3.72,3.72,2.00,NONTERMINATING,1,1,2,Fixpoint / Fixpoint
ATVA2026_benchmark/NON_TERM_LASSO/lasso_traces_ddb+[[.bpl/lasso_trace_2.txt,NONTERMINATING,2.58,2.58,3.00,NONTERMINATING,2,1,3,Fixpoint / Fixpoint
ATVA2026_benchmark/NON_TERM_LASSO/lasso_traces_ddb+[].bpl/lasso_trace_1.txt,NONTERMINATING,3.25,3.25,2.00,NONTERMINATING,1,1,2,Fixpoint / Fixpoint
ATVA2026_benchmark/NON_TERM_LASSO/lasso_traces_ddb-+[.bpl/lasso_trace_1.txt,NONTERMINATING,5.33,5.33,2.00,NONTERMINATING,1,1,2,Fixpoint / Fixpoint
ATVA2026_benchmark/NON_TERM_LASSO/lasso_traces_ddb]+[.bpl/lasso_trace_2.txt,NONTERMINATING,3.83,3.83,2.00,NONTERMINATING,2,1,3,Fixpoint / Fixpoint
ATVA2026_benchmark/NON_TERM_LASSO/lasso_traces_d+[dbd.bpl/lasso_trace_1.txt,NONTERMINATING,3.03,3.03,2.00,NONTERMINATING,2,1,3,Fixpoint / Fixpoint
ATVA2026_benchmark/NON_TERM_LASSO/lasso_traces_d+d[bd.bpl/lasso_trace_1.txt,NONTERMINATING,2.49,2.49,3.00,NONTERMINATING,2,1,3,Fixpoint / Fixpoint
ATVA2026_benchmark/NON_TERM_LASSO/lasso_traces_d+dbd[.bpl/lasso_trace_1.txt,NONTERMINATING,5.12,5.12,2.00,NONTERMINATING,1,1,2,Fixpoint / Fixpoint
ATVA2026_benchmark/NON_TERM_LASSO/lasso_traces_dd+[bd.bpl/lasso_trace_1.txt,NONTERMINATING,2.17,2.17,2.00,NONTERMINATING,2,1,3,Fixpoint / Fixpoint
ATVA2026_benchmark/NON_TERM_LASSO/lasso_traces_dd+bd[.bpl/lasso_trace_1.txt,NONTERMINATING,4.98,4.98,2.00,NONTERMINATING,1,1,2,Fixpoint / Fixpoint
ATVA2026_benchmark/NON_TERM_LASSO/lasso_traces_ddbd+[.bpl/lasso_trace_1.txt,NONTERMINATING,7.26,7.26,2.00,NONTERMINATING,1,1,2,Fixpoint / Fixpoint
ATVA2026_benchmark/NON_TERM_LASSO/lasso_traces_d+++[d.bpl/lasso_trace_1.txt,NONTERMINATING,4.93,4.93,2.00,NONTERMINATING,1,1,2,Fixpoint / Fixpoint
ATVA2026_benchmark/NON_TERM_LASSO/lasso_traces_d+++d[.bpl/lasso_trace_1.txt,NONTERMINATING,4.27,4.27,2.00,NONTERMINATING,1,1,2,Fixpoint / Fixpoint
ATVA2026_benchmark/NON_TERM_LASSO/lasso_traces_d++-[d.bpl/lasso_trace_1.txt,NONTERMINATING,6.30,6.30,2.00,NONTERMINATING,1,1,2,Fixpoint / Fixpoint
ATVA2026_benchmark/NON_TERM_LASSO/lasso_traces_d++-d[.bpl/lasso_trace_1.txt,NONTERMINATING,3.64,3.64,2.00,NONTERMINATING,1,1,2,Fixpoint / Fixpoint
ATVA2026_benchmark/NON_TERM_LASSO/lasso_traces_d++[[d.bpl/lasso_trace_3.txt,NONTERMINATING,3.60,3.60,2.00,NONTERMINATING,2,1,3,Fixpoint / Fixpoint
ATVA2026_benchmark/NON_TERM_LASSO/lasso_traces_d++[]d.bpl/lasso_trace_1.txt,NONTERMINATING,4.42,4.42,2.00,NONTERMINATING,1,1,2,Fixpoint / Fixpoint
ATVA2026_benchmark/NON_TERM_LASSO/lasso_traces_d++[d.bpl/lasso_trace_1.txt,NONTERMINATING,3.41,3.41,2.00,NONTERMINATING,1,1,2,Fixpoint / Fixpoint
ATVA2026_benchmark/NON_TERM_LASSO/lasso_traces_d++[d[.bpl/lasso_trace_2.txt,NONTERMINATING,3.26,3.26,2.00,NONTERMINATING,2,1,3,Fixpoint / Fixpoint
ATVA2026_benchmark/NON_TERM_LASSO/lasso_traces_d++d+[.bpl/lasso_trace_1.txt,NONTERMINATING,4.14,4.14,1.00,NONTERMINATING,1,1,2,Fixpoint / Fixpoint
ATVA2026_benchmark/NON_TERM_LASSO/lasso_traces_d++d-[.bpl/lasso_trace_1.txt,NONTERMINATING,4.07,4.07,2.00,NONTERMINATING,1,1,2,Fixpoint / Fixpoint
ATVA2026_benchmark/NON_TERM_LASSO/lasso_traces_d++d[.bpl/lasso_trace_1.txt,NONTERMINATING,3.71,3.71,2.00,NONTERMINATING,1,1,2,Fixpoint / Fixpoint
ATVA2026_benchmark/NON_TERM_LASSO/lasso_traces_d++d[[.bpl/lasso_trace_2.txt,NONTERMINATING,4.65,4.65,2.00,NONTERMINATING,2,1,3,Fixpoint / Fixpoint
ATVA2026_benchmark/NON_TERM_LASSO/lasso_traces_d++d[].bpl/lasso_trace_1.txt,NONTERMINATING,4.01,4.01,2.00,NONTERMINATING,1,1,2,Fixpoint / Fixpoint
ATVA2026_benchmark/NON_TERM_LASSO/lasso_traces_d+-+[d.bpl/lasso_trace_1.txt,NONTERMINATING,5.37,5.37,2.00,NONTERMINATING,1,1,2,Fixpoint / Fixpoint
ATVA2026_benchmark/NON_TERM_LASSO/lasso_traces_d+-+d[.bpl/lasso_trace_1.txt,NONTERMINATING,4.09,4.09,1.00,NONTERMINATING,1,1,2,Fixpoint / Fixpoint
ATVA2026_benchmark/NON_TERM_LASSO/lasso_traces_d+-d+[.bpl/lasso_trace_1.txt,NONTERMINATING,5.62,5.62,2.00,NONTERMINATING,1,1,2,Fixpoint / Fixpoint
ATVA2026_benchmark/NON_TERM_LASSO/lasso_traces_d+[+-d.bpl/lasso_trace_1.txt,NONTERMINATING,5.26,5.26,2.00,NONTERMINATING,1,1,2,Fixpoint / Fixpoint
ATVA2026_benchmark/NON_TERM_LASSO/lasso_traces_d+[+[d.bpl/lasso_trace_2.txt,NONTERMINATING,7.37,7.37,2.00,NONTERMINATING,2,1,3,Fixpoint / Fixpoint
ATVA2026_benchmark/NON_TERM_LASSO/lasso_traces_d+[+d-.bpl/lasso_trace_1.txt,NONTERMINATING,4.36,4.36,3.00,NONTERMINATING,1,1,2,Fixpoint / Fixpoint
ATVA2026_benchmark/NON_TERM_LASSO/lasso_traces_d+[+d[.bpl/lasso_trace_2.txt,NONTERMINATING,5.39,5.39,3.00,NONTERMINATING,2,1,3,Fixpoint / Fixpoint
ATVA2026_benchmark/NON_TERM_LASSO/lasso_traces_d+[-+d.bpl/lasso_trace_1.txt,NONTERMINATING,4.55,4.55,2.00,NONTERMINATING,1,1,2,Fixpoint / Fixpoint
ATVA2026_benchmark/NON_TERM_LASSO/lasso_traces_d+[-d+.bpl/lasso_trace_1.txt,NONTERMINATING,12.31,12.31,3.00,NONTERMINATING,1,1,2,Fixpoint / Fixpoint
ATVA2026_benchmark/NON_TERM_LASSO/lasso_traces_d+[[[d.bpl/lasso_trace_3.txt,NONTERMINATING,4.30,4.30,2.00,NONTERMINATING,3,1,4,Fixpoint / Fixpoint
ATVA2026_benchmark/NON_TERM_LASSO/lasso_traces_d+[[d.bpl/lasso_trace_3.txt,NONTERMINATING,4.69,4.69,2.00,NONTERMINATING,2,1,3,Fixpoint / Fixpoint
ATVA2026_benchmark/NON_TERM_LASSO/lasso_traces_d+[[d[.bpl/lasso_trace_3.txt,NONTERMINATING,3.14,3.14,2.00,NONTERMINATING,3,1,4,Fixpoint / Fixpoint
ATVA2026_benchmark/NON_TERM_LASSO/lasso_traces_d+[]+d.bpl/lasso_trace_1.txt,NONTERMINATING,7.88,7.88,2.00,NONTERMINATING,1,1,2,Fixpoint / Fixpoint
ATVA2026_benchmark/NON_TERM_LASSO/lasso_traces_d+[]-d.bpl/lasso_trace_1.txt,NONTERMINATING,5.24,5.24,2.00,NONTERMINATING,1,1,2,Fixpoint / Fixpoint
ATVA2026_benchmark/NON_TERM_LASSO/lasso_traces_d+[][d.bpl/lasso_trace_1.txt,NONTERMINATING,6.50,6.50,2.00,NONTERMINATING,1,1,2,Fixpoint / Fixpoint
ATVA2026_benchmark/NON_TERM_LASSO/lasso_traces_d+[]d+.bpl/lasso_trace_1.txt,NONTERMINATING,5.46,5.46,2.00,NONTERMINATING,1,1,2,Fixpoint / Fixpoint
ATVA2026_benchmark/NON_TERM_LASSO/lasso_traces_d+[]d-.bpl/lasso_trace_1.txt,NONTERMINATING,3.90,3.90,2.00,NONTERMINATING,1,1,2,Fixpoint / Fixpoint
ATVA2026_benchmark/NON_TERM_LASSO/lasso_traces_d+[]d.bpl/lasso_trace_1.txt,NONTERMINATING,4.42,4.42,2.00,NONTERMINATING,1,1,2,Fixpoint / Fixpoint
ATVA2026_benchmark/NON_TERM_LASSO/lasso_traces_d+[]d[.bpl/lasso_trace_1.txt,NONTERMINATING,4.31,4.31,2.00,NONTERMINATING,1,1,2,Fixpoint / Fixpoint
ATVA2026_benchmark/NON_TERM_LASSO/lasso_traces_d+[d+-.bpl/lasso_trace_1.txt,NONTERMINATING,6.71,6.71,2.00,NONTERMINATING,1,1,2,Fixpoint / Fixpoint
ATVA2026_benchmark/NON_TERM_LASSO/lasso_traces_d+[d+[.bpl/lasso_trace_2.txt,NONTERMINATING,4.47,4.47,2.00,NONTERMINATING,2,1,3,Fixpoint / Fixpoint
ATVA2026_benchmark/NON_TERM_LASSO/lasso_traces_d+[d-+.bpl/lasso_trace_1.txt,NONTERMINATING,4.19,4.19,2.00,NONTERMINATING,1,1,2,Fixpoint / Fixpoint
ATVA2026_benchmark/NON_TERM_LASSO/lasso_traces_d+[d.bpl/lasso_trace_1.txt,NONTERMINATING,4.56,4.56,2.00,NONTERMINATING,1,1,2,Fixpoint / Fixpoint
ATVA2026_benchmark/NON_TERM_LASSO/lasso_traces_d+[d[.bpl/lasso_trace_2.txt,NONTERMINATING,2.77,2.77,3.00,NONTERMINATING,2,1,3,Fixpoint / Fixpoint
ATVA2026_benchmark/NON_TERM_LASSO/lasso_traces_d+[d[[.bpl/lasso_trace_2.txt,NONTERMINATING,2.96,2.96,2.00,NONTERMINATING,3,1,4,Fixpoint / Fixpoint
ATVA2026_benchmark/NON_TERM_LASSO/lasso_traces_d+]+[d.bpl/lasso_trace_2.txt,NONTERMINATING,6.06,6.06,2.00,NONTERMINATING,2,1,3,Fixpoint / Fixpoint
ATVA2026_benchmark/NON_TERM_LASSO/lasso_traces_d+]+d[.bpl/lasso_trace_2.txt,NONTERMINATING,3.08,3.08,2.00,NONTERMINATING,2,1,3,Fixpoint / Fixpoint
ATVA2026_benchmark/NON_TERM_LASSO/lasso_traces_d+]d+[.bpl/lasso_trace_2.txt,NONTERMINATING,3.29,3.29,2.00,NONTERMINATING,2,1,3,Fixpoint / Fixpoint
ATVA2026_benchmark/NON_TERM_LASSO/lasso_traces_d+d++[.bpl/lasso_trace_1.txt,NONTERMINATING,6.25,6.25,2.00,NONTERMINATING,1,1,2,Fixpoint / Fixpoint
ATVA2026_benchmark/NON_TERM_LASSO/lasso_traces_d+d+-[.bpl/lasso_trace_1.txt,NONTERMINATING,3.34,3.34,2.00,NONTERMINATING,1,1,2,Fixpoint / Fixpoint
ATVA2026_benchmark/NON_TERM_LASSO/lasso_traces_d+d+[.bpl/lasso_trace_1.txt,NONTERMINATING,3.18,3.18,2.00,NONTERMINATING,1,1,2,Fixpoint / Fixpoint
ATVA2026_benchmark/NON_TERM_LASSO/lasso_traces_d+d+[[.bpl/lasso_trace_2.txt,NONTERMINATING,3.49,3.49,1.00,NONTERMINATING,2,1,3,Fixpoint / Fixpoint
ATVA2026_benchmark/NON_TERM_LASSO/lasso_traces_d+d+[].bpl/lasso_trace_1.txt,NONTERMINATING,5.14,5.14,2.00,NONTERMINATING,1,1,2,Fixpoint / Fixpoint
ATVA2026_benchmark/NON_TERM_LASSO/lasso_traces_d+d-+[.bpl/lasso_trace_1.txt,NONTERMINATING,3.63,3.63,2.00,NONTERMINATING,1,1,2,Fixpoint / Fixpoint
ATVA2026_benchmark/NON_TERM_LASSO/lasso_traces_d+d[+-.bpl/lasso_trace_1.txt,NONTERMINATING,3.72,3.72,2.00,NONTERMINATING,1,1,2,Fixpoint / Fixpoint
ATVA2026_benchmark/NON_TERM_LASSO/lasso_traces_d+d[+[.bpl/lasso_trace_2.txt,NONTERMINATING,2.86,2.86,2.00,NONTERMINATING,2,1,3,Fixpoint / Fixpoint
ATVA2026_benchmark/NON_TERM_LASSO/lasso_traces_d+d[-+.bpl/lasso_trace_1.txt,NONTERMINATING,3.09,3.09,2.00,NONTERMINATING,1,1,2,Fixpoint / Fixpoint
ATVA2026_benchmark/NON_TERM_LASSO/lasso_traces_d+d[.bpl/lasso_trace_1.txt,NONTERMINATING,3.42,3.42,2.00,NONTERMINATING,1,1,2,Fixpoint / Fixpoint
ATVA2026_benchmark/NON_TERM_LASSO/lasso_traces_d+d[[.bpl/lasso_trace_2.txt,NONTERMINATING,3.22,3.22,2.00,NONTERMINATING,2,1,3,Fixpoint / Fixpoint
ATVA2026_benchmark/NON_TERM_LASSO/lasso_traces_d+d[[[.bpl/lasso_trace_2.txt,NONTERMINATING,4.52,4.52,2.00,NONTERMINATING,3,1,4,Fixpoint / Fixpoint
ATVA2026_benchmark/NON_TERM_LASSO/lasso_traces_d+d[]+.bpl/lasso_trace_1.txt,NONTERMINATING,3.67,3.67,2.00,NONTERMINATING,1,1,2,Fixpoint / Fixpoint
ATVA2026_benchmark/NON_TERM_LASSO/lasso_traces_d+d[]-.bpl/lasso_trace_1.txt,NONTERMINATING,6.52,6.52,2.00,NONTERMINATING,1,1,2,Fixpoint / Fixpoint
ATVA2026_benchmark/NON_TERM_LASSO/lasso_traces_d+d[].bpl/lasso_trace_1.txt,NONTERMINATING,4.50,4.50,1.00,NONTERMINATING,1,1,2,Fixpoint / Fixpoint
ATVA2026_benchmark/NON_TERM_LASSO/lasso_traces_d+d[][.bpl/lasso_trace_1.txt,NONTERMINATING,4.13,4.13,2.00,NONTERMINATING,1,1,2,Fixpoint / Fixpoint
ATVA2026_benchmark/NON_TERM_LASSO/lasso_traces_d+d]+[.bpl/lasso_trace_2.txt,NONTERMINATING,5.05,5.05,2.00,NONTERMINATING,2,1,3,Fixpoint / Fixpoint
ATVA2026_benchmark/NON_TERM_LASSO/lasso_traces_d-++[d.bpl/lasso_trace_1.txt,NONTERMINATING,5.27,5.27,2.00,NONTERMINATING,1,1,2,Fixpoint / Fixpoint
ATVA2026_benchmark/NON_TERM_LASSO/lasso_traces_d-++d[.bpl/lasso_trace_1.txt,NONTERMINATING,4.13,4.13,2.00,NONTERMINATING,1,1,2,Fixpoint / Fixpoint
ATVA2026_benchmark/NON_TERM_LASSO/lasso_traces_d-+[[d.bpl/lasso_trace_3.txt,NONTERMINATING,3.21,3.21,2.00,NONTERMINATING,2,1,3,Fixpoint / Fixpoint
ATVA2026_benchmark/NON_TERM_LASSO/lasso_traces_d-+[]d.bpl/lasso_trace_1.txt,NONTERMINATING,3.95,3.95,2.00,NONTERMINATING,1,1,2,Fixpoint / Fixpoint
ATVA2026_benchmark/NON_TERM_LASSO/lasso_traces_d-+[d.bpl/lasso_trace_1.txt,NONTERMINATING,4.27,4.27,2.00,NONTERMINATING,1,1,2,Fixpoint / Fixpoint
ATVA2026_benchmark/NON_TERM_LASSO/lasso_traces_d-+[d[.bpl/lasso_trace_2.txt,NONTERMINATING,3.20,3.20,2.00,NONTERMINATING,2,1,3,Fixpoint / Fixpoint
ATVA2026_benchmark/NON_TERM_LASSO/lasso_traces_d-+d+[.bpl/lasso_trace_1.txt,NONTERMINATING,3.56,3.56,2.00,NONTERMINATING,1,1,2,Fixpoint / Fixpoint
ATVA2026_benchmark/NON_TERM_LASSO/lasso_traces_d-+d[.bpl/lasso_trace_1.txt,NONTERMINATING,3.54,3.54,2.00,NONTERMINATING,1,1,2,Fixpoint / Fixpoint
ATVA2026_benchmark/NON_TERM_LASSO/lasso_traces_d-+d[[.bpl/lasso_trace_2.txt,NONTERMINATING,3.33,3.33,2.00,NONTERMINATING,2,1,3,Fixpoint / Fixpoint
ATVA2026_benchmark/NON_TERM_LASSO/lasso_traces_d-+d[].bpl/lasso_trace_1.txt,NONTERMINATING,2.87,2.87,2.00,NONTERMINATING,1,1,2,Fixpoint / Fixpoint
ATVA2026_benchmark/NON_TERM_LASSO/lasso_traces_d--+[d.bpl/lasso_trace_1.txt,NONTERMINATING,4.35,4.35,3.00,NONTERMINATING,1,1,2,Fixpoint / Fixpoint
ATVA2026_benchmark/NON_TERM_LASSO/lasso_traces_d--+d[.bpl/lasso_trace_1.txt,NONTERMINATING,3.51,3.51,2.00,NONTERMINATING,1,1,2,Fixpoint / Fixpoint
ATVA2026_benchmark/NON_TERM_LASSO/lasso_traces_d--d+[.bpl/lasso_trace_1.txt,NONTERMINATING,3.81,3.81,2.00,NONTERMINATING,1,1,2,Fixpoint / Fixpoint
ATVA2026_benchmark/NON_TERM_LASSO/lasso_traces_d-]+[d.bpl/lasso_trace_2.txt,NONTERMINATING,3.40,3.40,2.00,NONTERMINATING,2,1,3,Fixpoint / Fixpoint
ATVA2026_benchmark/NON_TERM_LASSO/lasso_traces_d-]+d[.bpl/lasso_trace_2.txt,NONTERMINATING,3.82,3.82,2.00,NONTERMINATING,2,1,3,Fixpoint / Fixpoint
ATVA2026_benchmark/NON_TERM_LASSO/lasso_traces_d-]d+[.bpl/lasso_trace_2.txt,NONTERMINATING,3.73,3.73,2.00,NONTERMINATING,2,1,3,Fixpoint / Fixpoint
ATVA2026_benchmark/NON_TERM_LASSO/lasso_traces_d-d++[.bpl/lasso_trace_1.txt,NONTERMINATING,3.39,3.39,2.00,NONTERMINATING,1,1,2,Fixpoint / Fixpoint
ATVA2026_benchmark/NON_TERM_LASSO/lasso_traces_d-d+[.bpl/lasso_trace_1.txt,NONTERMINATING,3.20,3.20,2.00,NONTERMINATING,1,1,2,Fixpoint / Fixpoint
ATVA2026_benchmark/NON_TERM_LASSO/lasso_traces_d-d+[[.bpl/lasso_trace_2.txt,NONTERMINATING,2.90,2.90,2.00,NONTERMINATING,2,1,3,Fixpoint / Fixpoint
ATVA2026_benchmark/NON_TERM_LASSO/lasso_traces_d-d+[].bpl/lasso_trace_1.txt,NONTERMINATING,3.46,3.46,2.00,NONTERMINATING,1,1,2,Fixpoint / Fixpoint
ATVA2026_benchmark/NON_TERM_LASSO/lasso_traces_d-d-+[.bpl/lasso_trace_1.txt,NONTERMINATING,3.67,3.67,2.00,NONTERMINATING,1,1,2,Fixpoint / Fixpoint
ATVA2026_benchmark/NON_TERM_LASSO/lasso_traces_d-d]+[.bpl/lasso_trace_2.txt,NONTERMINATING,2.90,2.90,2.00,NONTERMINATING,2,1,3,Fixpoint / Fixpoint
ATVA2026_benchmark/NON_TERM_LASSO/lasso_traces_d[]+[d.bpl/lasso_trace_2.txt,NONTERMINATING,4.33,4.33,3.00,NONTERMINATING,2,1,3,Fixpoint / Fixpoint
ATVA2026_benchmark/NON_TERM_LASSO/lasso_traces_d[]+d[.bpl/lasso_trace_2.txt,NONTERMINATING,3.25,3.25,2.00,NONTERMINATING,2,1,3,Fixpoint / Fixpoint
ATVA2026_benchmark/NON_TERM_LASSO/lasso_traces_d[]d+[.bpl/lasso_trace_2.txt,NONTERMINATING,5.24,5.24,2.00,NONTERMINATING,2,1,3,Fixpoint / Fixpoint
ATVA2026_benchmark/NON_TERM_LASSO/lasso_traces_d]++[d.bpl/lasso_trace_2.txt,NONTERMINATING,5.65,5.65,2.00,NONTERMINATING,2,1,3,Fixpoint / Fixpoint
ATVA2026_benchmark/NON_TERM_LASSO/lasso_traces_d]++d[.bpl/lasso_trace_2.txt,NONTERMINATING,3.36,3.36,2.00,NONTERMINATING,2,1,3,Fixpoint / Fixpoint
ATVA2026_benchmark/NON_TERM_LASSO/lasso_traces_d]+[[d.bpl/lasso_trace_4.txt,NONTERMINATING,4.51,4.51,2.00,NONTERMINATING,3,1,4,Fixpoint / Fixpoint
ATVA2026_benchmark/NON_TERM_LASSO/lasso_traces_d]+[]d.bpl/lasso_trace_2.txt,NONTERMINATING,2.81,2.81,2.00,NONTERMINATING,2,1,3,Fixpoint / Fixpoint
ATVA2026_benchmark/NON_TERM_LASSO/lasso_traces_d]+[d.bpl/lasso_trace_2.txt,NONTERMINATING,3.21,3.21,2.00,NONTERMINATING,2,1,3,Fixpoint / Fixpoint
ATVA2026_benchmark/NON_TERM_LASSO/lasso_traces_d]+[d[.bpl/lasso_trace_3.txt,NONTERMINATING,2.85,2.85,2.00,NONTERMINATING,3,1,4,Fixpoint / Fixpoint
ATVA2026_benchmark/NON_TERM_LASSO/lasso_traces_d]+d+[.bpl/lasso_trace_2.txt,NONTERMINATING,3.01,3.01,2.00,NONTERMINATING,2,1,3,Fixpoint / Fixpoint
ATVA2026_benchmark/NON_TERM_LASSO/lasso_traces_d]+d[.bpl/lasso_trace_2.txt,NONTERMINATING,3.05,3.05,2.00,NONTERMINATING,2,1,3,Fixpoint / Fixpoint
ATVA2026_benchmark/NON_TERM_LASSO/lasso_traces_d]+d[[.bpl/lasso_trace_3.txt,NONTERMINATING,4.47,4.47,2.00,NONTERMINATING,3,1,4,Fixpoint / Fixpoint
ATVA2026_benchmark/NON_TERM_LASSO/lasso_traces_d]+d[].bpl/lasso_trace_2.txt,NONTERMINATING,4.29,4.29,2.00,NONTERMINATING,2,1,3,Fixpoint / Fixpoint
ATVA2026_benchmark/NON_TERM_LASSO/lasso_traces_d]-+[d.bpl/lasso_trace_2.txt,NONTERMINATING,3.88,3.88,2.00,NONTERMINATING,2,1,3,Fixpoint / Fixpoint
ATVA2026_benchmark/NON_TERM_LASSO/lasso_traces_d]-+d[.bpl/lasso_trace_2.txt,NONTERMINATING,3.27,3.27,2.00,NONTERMINATING,2,1,3,Fixpoint / Fixpoint
ATVA2026_benchmark/NON_TERM_LASSO/lasso_traces_d]-d+[.bpl/lasso_trace_2.txt,NONTERMINATING,3.05,3.05,2.00,NONTERMINATING,2,1,3,Fixpoint / Fixpoint
ATVA2026_benchmark/NON_TERM_LASSO/lasso_traces_d]]+[d.bpl/lasso_trace_3.txt,NONTERMINATING,3.61,3.61,2.00,NONTERMINATING,2,1,3,Fixpoint / Fixpoint
ATVA2026_benchmark/NON_TERM_LASSO/lasso_traces_d]]+d[.bpl/lasso_trace_3.txt,NONTERMINATING,2.92,2.92,2.00,NONTERMINATING,2,1,3,Fixpoint / Fixpoint
ATVA2026_benchmark/NON_TERM_LASSO/lasso_traces_d]]d+[.bpl/lasso_trace_3.txt,NONTERMINATING,2.90,2.90,2.00,NONTERMINATING,2,1,3,Fixpoint / Fixpoint
ATVA2026_benchmark/NON_TERM_LASSO/lasso_traces_d]d++[.bpl/lasso_trace_2.txt,NONTERMINATING,3.27,3.27,2.00,NONTERMINATING,2,1,3,Fixpoint / Fixpoint
ATVA2026_benchmark/NON_TERM_LASSO/lasso_traces_d]d+[.bpl/lasso_trace_2.txt,NONTERMINATING,2.93,2.93,2.00,NONTERMINATING,2,1,3,Fixpoint / Fixpoint
ATVA2026_benchmark/NON_TERM_LASSO/lasso_traces_d]d+[[.bpl/lasso_trace_3.txt,NONTERMINATING,2.95,2.95,2.00,NONTERMINATING,3,1,4,Fixpoint / Fixpoint
ATVA2026_benchmark/NON_TERM_LASSO/lasso_traces_d]d+[].bpl/lasso_trace_2.txt,NONTERMINATING,3.36,3.36,1.00,NONTERMINATING,2,1,3,Fixpoint / Fixpoint
ATVA2026_benchmark/NON_TERM_LASSO/lasso_traces_d]d-+[.bpl/lasso_trace_2.txt,NONTERMINATING,3.03,3.03,2.00,NONTERMINATING,2,1,3,Fixpoint / Fixpoint
ATVA2026_benchmark/NON_TERM_LASSO/lasso_traces_d]d]+[.bpl/lasso_trace_3.txt,NONTERMINATING,3.75,3.75,1.00,NONTERMINATING,2,1,3,Fixpoint / Fixpoint
ATVA2026_benchmark/NON_TERM_LASSO/lasso_traces_dd+++[.bpl/lasso_trace_1.txt,NONTERMINATING,3.71,3.71,2.00,NONTERMINATING,1,1,2,Fixpoint / Fixpoint
ATVA2026_benchmark/NON_TERM_LASSO/lasso_traces_dd++-[.bpl/lasso_trace_1.txt,NONTERMINATING,3.56,3.56,2.00,NONTERMINATING,1,1,2,Fixpoint / Fixpoint
ATVA2026_benchmark/NON_TERM_LASSO/lasso_traces_dd++[.bpl/lasso_trace_1.txt,NONTERMINATING,3.11,3.11,2.00,NONTERMINATING,1,1,2,Fixpoint / Fixpoint
ATVA2026_benchmark/NON_TERM_LASSO/lasso_traces_dd++[[.bpl/lasso_trace_2.txt,NONTERMINATING,3.48,3.48,2.00,NONTERMINATING,2,1,3,Fixpoint / Fixpoint
ATVA2026_benchmark/NON_TERM_LASSO/lasso_traces_dd++[].bpl/lasso_trace_1.txt,NONTERMINATING,3.77,3.77,2.00,NONTERMINATING,1,1,2,Fixpoint / Fixpoint
ATVA2026_benchmark/NON_TERM_LASSO/lasso_traces_dd+-+[.bpl/lasso_trace_1.txt,NONTERMINATING,4.30,4.30,2.00,NONTERMINATING,1,1,2,Fixpoint / Fixpoint
ATVA2026_benchmark/NON_TERM_LASSO/lasso_traces_dd+[+-.bpl/lasso_trace_1.txt,NONTERMINATING,3.55,3.55,2.00,NONTERMINATING,1,1,2,Fixpoint / Fixpoint
ATVA2026_benchmark/NON_TERM_LASSO/lasso_traces_dd+[+[.bpl/lasso_trace_2.txt,NONTERMINATING,2.81,2.81,2.00,NONTERMINATING,2,1,3,Fixpoint / Fixpoint
ATVA2026_benchmark/NON_TERM_LASSO/lasso_traces_dd+[-+.bpl/lasso_trace_1.txt,NONTERMINATING,4.41,4.41,2.00,NONTERMINATING,1,1,2,Fixpoint / Fixpoint
ATVA2026_benchmark/NON_TERM_LASSO/lasso_traces_dd+[.bpl/lasso_trace_1.txt,NONTERMINATING,3.79,3.79,1.00,NONTERMINATING,1,1,2,Fixpoint / Fixpoint
ATVA2026_benchmark/NON_TERM_LASSO/lasso_traces_dd+[[.bpl/lasso_trace_2.txt,NONTERMINATING,2.74,2.74,2.00,NONTERMINATING,2,1,3,Fixpoint / Fixpoint
ATVA2026_benchmark/NON_TERM_LASSO/lasso_traces_dd+[[[.bpl/lasso_trace_2.txt,NONTERMINATING,4.49,4.49,3.00,NONTERMINATING,3,1,4,Fixpoint / Fixpoint
ATVA2026_benchmark/NON_TERM_LASSO/lasso_traces_dd+[]+.bpl/lasso_trace_1.txt,NONTERMINATING,3.50,3.50,2.00,NONTERMINATING,1,1,2,Fixpoint / Fixpoint
ATVA2026_benchmark/NON_TERM_LASSO/lasso_traces_dd+[]-.bpl/lasso_trace_1.txt,NONTERMINATING,4.07,4.07,2.00,NONTERMINATING,1,1,2,Fixpoint / Fixpoint
ATVA2026_benchmark/NON_TERM_LASSO/lasso_traces_dd+[].bpl/lasso_trace_1.txt,NONTERMINATING,3.61,3.61,2.00,NONTERMINATING,1,1,2,Fixpoint / Fixpoint
ATVA2026_benchmark/NON_TERM_LASSO/lasso_traces_dd+[][.bpl/lasso_trace_1.txt,NONTERMINATING,3.73,3.73,2.00,NONTERMINATING,1,1,2,Fixpoint / Fixpoint
ATVA2026_benchmark/NON_TERM_LASSO/lasso_traces_dd+]+[.bpl/lasso_trace_2.txt,NONTERMINATING,4.23,4.23,2.00,NONTERMINATING,2,1,3,Fixpoint / Fixpoint
ATVA2026_benchmark/NON_TERM_LASSO/lasso_traces_dd-++[.bpl/lasso_trace_1.txt,NONTERMINATING,4.10,4.10,2.00,NONTERMINATING,1,1,2,Fixpoint / Fixpoint
ATVA2026_benchmark/NON_TERM_LASSO/lasso_traces_dd-+[.bpl/lasso_trace_1.txt,NONTERMINATING,3.89,3.89,2.00,NONTERMINATING,1,1,2,Fixpoint / Fixpoint
ATVA2026_benchmark/NON_TERM_LASSO/lasso_traces_dd-+[[.bpl/lasso_trace_2.txt,NONTERMINATING,3.32,3.32,2.00,NONTERMINATING,2,1,3,Fixpoint / Fixpoint
ATVA2026_benchmark/NON_TERM_LASSO/lasso_traces_dd-+[].bpl/lasso_trace_1.txt,NONTERMINATING,4.08,4.08,2.00,NONTERMINATING,1,1,2,Fixpoint / Fixpoint
ATVA2026_benchmark/NON_TERM_LASSO/lasso_traces_dd--+[.bpl/lasso_trace_1.txt,NONTERMINATING,4.42,4.42,2.00,NONTERMINATING,1,1,2,Fixpoint / Fixpoint
ATVA2026_benchmark/NON_TERM_LASSO/lasso_traces_dd-]+[.bpl/lasso_trace_2.txt,NONTERMINATING,3.15,3.15,2.00,NONTERMINATING,2,1,3,Fixpoint / Fixpoint
ATVA2026_benchmark/NON_TERM_LASSO/lasso_traces_dd[]+[.bpl/lasso_trace_2.txt,NONTERMINATING,3.66,3.66,2.00,NONTERMINATING,2,1,3,Fixpoint / Fixpoint
ATVA2026_benchmark/NON_TERM_LASSO/lasso_traces_dd]++[.bpl/lasso_trace_2.txt,NONTERMINATING,6.05,6.05,2.00,NONTERMINATING,2,1,3,Fixpoint / Fixpoint
ATVA2026_benchmark/NON_TERM_LASSO/lasso_traces_dd]+[.bpl/lasso_trace_2.txt,NONTERMINATING,3.37,3.37,2.00,NONTERMINATING,2,1,3,Fixpoint / Fixpoint
ATVA2026_benchmark/NON_TERM_LASSO/lasso_traces_dd]+[[.bpl/lasso_trace_3.txt,NONTERMINATING,3.90,3.90,2.00,NONTERMINATING,3,1,4,Fixpoint / Fixpoint
ATVA2026_benchmark/NON_TERM_LASSO/lasso_traces_dd]+[].bpl/lasso_trace_2.txt,NONTERMINATING,3.14,3.14,3.00,NONTERMINATING,2,1,3,Fixpoint / Fixpoint
ATVA2026_benchmark/NON_TERM_LASSO/lasso_traces_dd]-+[.bpl/lasso_trace_2.txt,NONTERMINATING,3.23,3.23,2.00,NONTERMINATING,2,1,3,Fixpoint / Fixpoint
ATVA2026_benchmark/NON_TERM_LASSO/lasso_traces_dd]]+[.bpl/lasso_trace_3.txt,NONTERMINATING,3.25,3.25,2.00,NONTERMINATING,2,1,3,Fixpoint / Fixpoint
ATVA2026_benchmark/NON_TERM_LASSO/lasso_traces_dddb+[.bpl/lasso_trace_1.txt,NONTERMINATING,10.77,10.77,2.00,NONTERMINATING,1,1,2,Fixpoint / Fixpoint
ATVA2026_benchmark/NON_TERM_LASSO/lasso_traces_d++[dd.bpl/lasso_trace_1.txt,NONTERMINATING,5.65,5.65,3.00,NONTERMINATING,1,1,2,Fixpoint / Fixpoint
ATVA2026_benchmark/NON_TERM_LASSO/lasso_traces_d++d[d.bpl/lasso_trace_1.txt,NONTERMINATING,3.59,3.59,2.00,NONTERMINATING,1,1,2,Fixpoint / Fixpoint
ATVA2026_benchmark/NON_TERM_LASSO/lasso_traces_d++dd[.bpl/lasso_trace_1.txt,NONTERMINATING,4.59,4.59,3.00,NONTERMINATING,1,1,2,Fixpoint / Fixpoint
ATVA2026_benchmark/NON_TERM_LASSO/lasso_traces_d+[[dd.bpl/lasso_trace_3.txt,NONTERMINATING,3.95,3.95,3.00,NONTERMINATING,2,1,3,Fixpoint / Fixpoint
ATVA2026_benchmark/NON_TERM_LASSO/lasso_traces_d+[]dd.bpl/lasso_trace_1.txt,NONTERMINATING,4.09,4.09,2.00,NONTERMINATING,1,1,2,Fixpoint / Fixpoint
ATVA2026_benchmark/NON_TERM_LASSO/lasso_traces_d+[d[d.bpl/lasso_trace_2.txt,NONTERMINATING,3.36,3.36,2.00,NONTERMINATING,2,1,3,Fixpoint / Fixpoint
ATVA2026_benchmark/NON_TERM_LASSO/lasso_traces_d+[dd.bpl/lasso_trace_1.txt,NONTERMINATING,4.33,4.33,3.00,NONTERMINATING,1,1,2,Fixpoint / Fixpoint
ATVA2026_benchmark/NON_TERM_LASSO/lasso_traces_d+[dd[.bpl/lasso_trace_2.txt,NONTERMINATING,5.10,5.10,2.00,NONTERMINATING,2,1,3,Fixpoint / Fixpoint
ATVA2026_benchmark/NON_TERM_LASSO/lasso_traces_d+d+[d.bpl/lasso_trace_1.txt,NONTERMINATING,7.77,7.77,2.00,NONTERMINATING,1,1,2,Fixpoint / Fixpoint
ATVA2026_benchmark/NON_TERM_LASSO/lasso_traces_d+d+d[.bpl/lasso_trace_1.txt,NONTERMINATING,4.77,4.77,3.00,NONTERMINATING,1,1,2,Fixpoint / Fixpoint
ATVA2026_benchmark/NON_TERM_LASSO/lasso_traces_d+d[[d.bpl/lasso_trace_3.txt,NONTERMINATING,5.43,5.43,2.00,NONTERMINATING,2,1,3,Fixpoint / Fixpoint
ATVA2026_benchmark/NON_TERM_LASSO/lasso_traces_d+d[]d.bpl/lasso_trace_1.txt,NONTERMINATING,3.54,3.54,2.00,NONTERMINATING,1,1,2,Fixpoint / Fixpoint
ATVA2026_benchmark/NON_TERM_LASSO/lasso_traces_d+d[d.bpl/lasso_trace_1.txt,NONTERMINATING,6.10,6.10,2.00,NONTERMINATING,1,1,2,Fixpoint / Fixpoint
ATVA2026_benchmark/NON_TERM_LASSO/lasso_traces_d+d[d[.bpl/lasso_trace_2.txt,NONTERMINATING,3.26,3.26,3.00,NONTERMINATING,2,1,3,Fixpoint / Fixpoint
ATVA2026_benchmark/NON_TERM_LASSO/lasso_traces_d+dd+[.bpl/lasso_trace_1.txt,NONTERMINATING,4.13,4.13,2.00,NONTERMINATING,1,1,2,Fixpoint / Fixpoint
ATVA2026_benchmark/NON_TERM_LASSO/lasso_traces_d+dd[.bpl/lasso_trace_1.txt,NONTERMINATING,4.23,4.23,2.00,NONTERMINATING,1,1,2,Fixpoint / Fixpoint
ATVA2026_benchmark/NON_TERM_LASSO/lasso_traces_d+dd[[.bpl/lasso_trace_2.txt,NONTERMINATING,4.04,4.04,2.00,NONTERMINATING,2,1,3,Fixpoint / Fixpoint
ATVA2026_benchmark/NON_TERM_LASSO/lasso_traces_d+dd[].bpl/lasso_trace_1.txt,NONTERMINATING,3.99,3.99,2.00,NONTERMINATING,1,1,2,Fixpoint / Fixpoint
ATVA2026_benchmark/NON_TERM_LASSO/lasso_traces_d-+[dd.bpl/lasso_trace_1.txt,NONTERMINATING,4.57,4.57,3.00,NONTERMINATING,1,1,2,Fixpoint / Fixpoint
ATVA2026_benchmark/NON_TERM_LASSO/lasso_traces_d-+d[d.bpl/lasso_trace_1.txt,NONTERMINATING,5.59,5.59,2.00,NONTERMINATING,1,1,2,Fixpoint / Fixpoint
ATVA2026_benchmark/NON_TERM_LASSO/lasso_traces_d-+dd[.bpl/lasso_trace_1.txt,NONTERMINATING,4.69,4.69,2.00,NONTERMINATING,1,1,2,Fixpoint / Fixpoint
ATVA2026_benchmark/NON_TERM_LASSO/lasso_traces_d-d+[d.bpl/lasso_trace_1.txt,NONTERMINATING,4.62,4.62,2.00,NONTERMINATING,1,1,2,Fixpoint / Fixpoint
ATVA2026_benchmark/NON_TERM_LASSO/lasso_traces_d-d+d[.bpl/lasso_trace_1.txt,NONTERMINATING,6.65,6.65,2.00,NONTERMINATING,1,1,2,Fixpoint / Fixpoint
ATVA2026_benchmark/NON_TERM_LASSO/lasso_traces_d-dd+[.bpl/lasso_trace_1.txt,NONTERMINATING,5.82,5.82,2.00,NONTERMINATING,1,1,2,Fixpoint / Fixpoint
ATVA2026_benchmark/NON_TERM_LASSO/lasso_traces_d]+[dd.bpl/lasso_trace_2.txt,NONTERMINATING,6.26,6.26,2.00,NONTERMINATING,2,1,3,Fixpoint / Fixpoint
ATVA2026_benchmark/NON_TERM_LASSO/lasso_traces_d]+d[d.bpl/lasso_trace_2.txt,NONTERMINATING,8.08,8.08,2.00,NONTERMINATING,2,1,3,Fixpoint / Fixpoint
ATVA2026_benchmark/NON_TERM_LASSO/lasso_traces_d]+dd[.bpl/lasso_trace_2.txt,NONTERMINATING,3.17,3.17,1.00,NONTERMINATING,2,1,3,Fixpoint / Fixpoint
ATVA2026_benchmark/NON_TERM_LASSO/lasso_traces_d]d+[d.bpl/lasso_trace_2.txt,NONTERMINATING,5.95,5.95,3.00,NONTERMINATING,2,1,3,Fixpoint / Fixpoint
ATVA2026_benchmark/NON_TERM_LASSO/lasso_traces_d]d+d[.bpl/lasso_trace_2.txt,NONTERMINATING,3.40,3.40,2.00,NONTERMINATING,2,1,3,Fixpoint / Fixpoint
ATVA2026_benchmark/NON_TERM_LASSO/lasso_traces_d]dd+[.bpl/lasso_trace_2.txt,NONTERMINATING,3.49,3.49,2.00,NONTERMINATING,2,1,3,Fixpoint / Fixpoint
ATVA2026_benchmark/NON_TERM_LASSO/lasso_traces_dd++[d.bpl/lasso_trace_1.txt,NONTERMINATING,6.60,6.60,2.00,NONTERMINATING,1,1,2,Fixpoint / Fixpoint
ATVA2026_benchmark/NON_TERM_LASSO/lasso_traces_dd++d[.bpl/lasso_trace_1.txt,NONTERMINATING,3.96,3.96,2.00,NONTERMINATING,1,1,2,Fixpoint / Fixpoint
ATVA2026_benchmark/NON_TERM_LASSO/lasso_traces_dd+[[d.bpl/lasso_trace_3.txt,NONTERMINATING,3.72,3.72,2.00,NONTERMINATING,2,1,3,Fixpoint / Fixpoint
ATVA2026_benchmark/NON_TERM_LASSO/lasso_traces_dd+[]d.bpl/lasso_trace_1.txt,NONTERMINATING,3.87,3.87,2.00,NONTERMINATING,1,1,2,Fixpoint / Fixpoint
ATVA2026_benchmark/NON_TERM_LASSO/lasso_traces_dd+[d.bpl/lasso_trace_1.txt,NONTERMINATING,3.90,3.90,2.00,NONTERMINATING,1,1,2,Fixpoint / Fixpoint
ATVA2026_benchmark/NON_TERM_LASSO/lasso_traces_dd+[d[.bpl/lasso_trace_2.txt,NONTERMINATING,3.37,3.37,1.00,NONTERMINATING,2,1,3,Fixpoint / Fixpoint
ATVA2026_benchmark/NON_TERM_LASSO/lasso_traces_dd+d+[.bpl/lasso_trace_1.txt,NONTERMINATING,4.72,4.72,2.00,NONTERMINATING,1,1,2,Fixpoint / Fixpoint
ATVA2026_benchmark/NON_TERM_LASSO/lasso_traces_dd+d[.bpl/lasso_trace_1.txt,NONTERMINATING,4.48,4.48,2.00,NONTERMINATING,1,1,2,Fixpoint / Fixpoint
ATVA2026_benchmark/NON_TERM_LASSO/lasso_traces_dd+d[[.bpl/lasso_trace_2.txt,NONTERMINATING,3.44,3.44,2.00,NONTERMINATING,2,1,3,Fixpoint / Fixpoint
ATVA2026_benchmark/NON_TERM_LASSO/lasso_traces_dd+d[].bpl/lasso_trace_1.txt,NONTERMINATING,3.78,3.78,2.00,NONTERMINATING,1,1,2,Fixpoint / Fixpoint
ATVA2026_benchmark/NON_TERM_LASSO/lasso_traces_dd-+[d.bpl/lasso_trace_1.txt,NONTERMINATING,7.43,7.43,2.00,NONTERMINATING,1,1,2,Fixpoint / Fixpoint
ATVA2026_benchmark/NON_TERM_LASSO/lasso_traces_dd-+d[.bpl/lasso_trace_1.txt,NONTERMINATING,4.52,4.52,2.00,NONTERMINATING,1,1,2,Fixpoint / Fixpoint
ATVA2026_benchmark/NON_TERM_LASSO/lasso_traces_dd-d+[.bpl/lasso_trace_1.txt,NONTERMINATING,4.65,4.65,2.00,NONTERMINATING,1,1,2,Fixpoint / Fixpoint
ATVA2026_benchmark/NON_TERM_LASSO/lasso_traces_dd]+[d.bpl/lasso_trace_2.txt,NONTERMINATING,3.69,3.69,2.00,NONTERMINATING,2,1,3,Fixpoint / Fixpoint
ATVA2026_benchmark/NON_TERM_LASSO/lasso_traces_dd]+d[.bpl/lasso_trace_2.txt,NONTERMINATING,5.49,5.49,2.00,NONTERMINATING,2,1,3,Fixpoint / Fixpoint
ATVA2026_benchmark/NON_TERM_LASSO/lasso_traces_dd]d+[.bpl/lasso_trace_2.txt,NONTERMINATING,3.29,3.29,2.00,NONTERMINATING,2,1,3,Fixpoint / Fixpoint
ATVA2026_benchmark/NON_TERM_LASSO/lasso_traces_ddd++[.bpl/lasso_trace_1.txt,NONTERMINATING,3.83,3.83,2.00,NONTERMINATING,1,1,2,Fixpoint / Fixpoint
ATVA2026_benchmark/NON_TERM_LASSO/lasso_traces_ddd+[.bpl/lasso_trace_1.txt,NONTERMINATING,4.05,4.05,2.00,NONTERMINATING,1,1,2,Fixpoint / Fixpoint
ATVA2026_benchmark/NON_TERM_LASSO/lasso_traces_ddd+[[.bpl/lasso_trace_2.txt,NONTERMINATING,3.87,3.87,2.00,NONTERMINATING,2,1,3,Fixpoint / Fixpoint
ATVA2026_benchmark/NON_TERM_LASSO/lasso_traces_ddd+[].bpl/lasso_trace_1.txt,NONTERMINATING,3.91,3.91,2.00,NONTERMINATING,1,1,2,Fixpoint / Fixpoint
ATVA2026_benchmark/NON_TERM_LASSO/lasso_traces_ddd-+[.bpl/lasso_trace_1.txt,NONTERMINATING,4.66,4.66,2.00,NONTERMINATING,1,1,2,Fixpoint / Fixpoint
ATVA2026_benchmark/NON_TERM_LASSO/lasso_traces_ddd]+[.bpl/lasso_trace_2.txt,NONTERMINATING,3.12,3.12,3.00,NONTERMINATING,2,1,3,Fixpoint / Fixpoint
ATVA2026_benchmark/NON_TERM_LASSO/lasso_traces_d+[ddd.bpl/lasso_trace_1.txt,NONTERMINATING,12.85,12.85,2.00,NONTERMINATING,1,1,2,Fixpoint / Fixpoint
ATVA2026_benchmark/NON_TERM_LASSO/lasso_traces_d+d[dd.bpl/lasso_trace_1.txt,NONTERMINATING,5.12,5.12,2.00,NONTERMINATING,1,1,2,Fixpoint / Fixpoint
ATVA2026_benchmark/NON_TERM_LASSO/lasso_traces_d+dd[d.bpl/lasso_trace_1.txt,NONTERMINATING,8.83,8.83,2.00,NONTERMINATING,1,1,2,Fixpoint / Fixpoint
ATVA2026_benchmark/NON_TERM_LASSO/lasso_traces_d+ddd[.bpl/lasso_trace_1.txt,NONTERMINATING,3.77,3.77,3.00,NONTERMINATING,1,1,2,Fixpoint / Fixpoint
ATVA2026_benchmark/NON_TERM_LASSO/lasso_traces_dd+[dd.bpl/lasso_trace_1.txt,NONTERMINATING,5.00,5.00,2.00,NONTERMINATING,1,1,2,Fixpoint / Fixpoint
ATVA2026_benchmark/NON_TERM_LASSO/lasso_traces_dd+d[d.bpl/lasso_trace_1.txt,NONTERMINATING,4.64,4.64,1.00,NONTERMINATING,1,1,2,Fixpoint / Fixpoint
ATVA2026_benchmark/NON_TERM_LASSO/lasso_traces_dd+dd[.bpl/lasso_trace_1.txt,NONTERMINATING,3.78,3.78,2.00,NONTERMINATING,1,1,2,Fixpoint / Fixpoint
ATVA2026_benchmark/NON_TERM_LASSO/lasso_traces_ddd+[d.bpl/lasso_trace_1.txt,NONTERMINATING,4.59,4.59,2.00,NONTERMINATING,1,1,2,Fixpoint / Fixpoint
ATVA2026_benchmark/NON_TERM_LASSO/lasso_traces_ddd+d[.bpl/lasso_trace_1.txt,NONTERMINATING,4.40,4.40,2.00,NONTERMINATING,1,1,2,Fixpoint / Fixpoint
ATVA2026_benchmark/NON_TERM_LASSO/lasso_traces_dddd+[.bpl/lasso_trace_1.txt,NONTERMINATING,3.86,3.86,1.00,NONTERMINATING,1,1,2,Fixpoint / Fixpoint
ATVA2026_benchmark/NON_TERM_LASSO//lasso_traces_ddlm2013.i_3.bpl/lasso_trace_1.txt,NONTERMINATING,2.27,143.77,5.00,NONTERMINATING,1,2,3,GNTA / GNTA
ATVA2026_benchmark/NON_TERM_LASSO//lasso_traces_DivisibilityInterpolantRequired01-BackwardSuccess.bpl/lasso_trace_1.txt,NONTERMINATING,1.90,38.82,1.00,NONTERMINATING,1,1,2,GNTA / GNTA
ATVA2026_benchmark/NON_TERM_LASSO//lasso_traces_DivisibilityInterpolantRequired02-ForwardSuccess.bpl/lasso_trace_1.txt,NONTERMINATING,2.03,37.44,1.00,NONTERMINATING,1,1,2,GNTA / GNTA
ATVA2026_benchmark/NON_TERM_LASSO//lasso_traces_DivisibilityInterpolantRequired03-FPBPCannibalizationSuccess.bpl/lasso_trace_1.txt,NONTERMINATING,2.00,61.44,1.00,NONTERMINATING,1,1,2,GNTA / GNTA
ATVA2026_benchmark/NON_TERM_LASSO//lasso_traces_Division.bpl/lasso_trace_1.txt,NONTERMINATING,2.59,2.59,1.00,NONTERMINATING,1,1,2,Fixpoint / Fixpoint
ATVA2026_benchmark/NON_TERM_LASSO//lasso_traces_doNothingGlobal.bpl/lasso_trace_1.txt,NONTERMINATING,3.03,3.03,1.00,NONTERMINATING,0,2,2,Fixpoint / Fixpoint
ATVA2026_benchmark/NON_TERM_LASSO//lasso_traces_doubleLoopUniformIterations.bpl/lasso_trace_1.txt,NONTERMINATING,2.17,69.96,1.00,NONTERMINATING,1,1,2,GNTA / GNTA
ATVA2026_benchmark/NON_TERM_LASSO//lasso_traces_DoyenHenzingerRaskin-Fig1.bpl/lasso_trace_1.txt,NONTERMINATING,2.88,2.88,5.00,NONTERMINATING,4,3,7,Fixpoint / Fixpoint
ATVA2026_benchmark/NON_TERM_LASSO//lasso_traces_DraegerElevator-FSEN2007.bpl/lasso_trace_1.txt,NONTERMINATING,3.48,3.48,3.00,NONTERMINATING,1,2,3,Fixpoint / Fixpoint
ATVA2026_benchmark/NON_TERM_LASSO//lasso_traces_DrAlban01-easy.bpl/lasso_trace_1.txt,NONTERMINATING,1.87,37.72,1.00,NONTERMINATING,1,1,2,GNTA / GNTA
ATVA2026_benchmark/NON_TERM_LASSO//lasso_traces_DrAlban02-medium.bpl/lasso_trace_1.txt,NONTERMINATING,1.89,38.33,1.00,NONTERMINATING,1,1,2,GNTA / GNTA
ATVA2026_benchmark/NON_TERM_LASSO//lasso_traces_DrAlban03-hard.bpl/lasso_trace_1.txt,NONTERMINATING,1.82,40.47,1.00,NONTERMINATING,1,1,2,GNTA / GNTA
ATVA2026_benchmark/NON_TERM_LASSO//lasso_traces_Drawbacks_UnsatCores_02.bpl/lasso_trace_1.txt,NONTERMINATING,2.90,2.90,2.00,NONTERMINATING,1,1,2,Fixpoint / Fixpoint
ATVA2026_benchmark/NON_TERM_LASSO//lasso_traces_Drawbacks_UnsatCores.bpl/lasso_trace_1.txt,NONTERMINATING,3.55,3.55,1.00,NONTERMINATING,1,1,2,Fixpoint / Fixpoint
ATVA2026_benchmark/NON_TERM_LASSO//lasso_traces_Dresden.bpl/lasso_trace_1.txt,NONTERMINATING,1.73,34.25,1.00,NONTERMINATING,1,1,2,GNTA / GNTA
ATVA2026_benchmark/NON_TERM_LASSO//lasso_traces_DynamicUnsatCoresHelpful01_02.bpl/lasso_trace_3.txt,NONTERMINATING,0.96,0.96,2.00,NONTERMINATING,5,2,7,Fixpoint / Fixpoint
ATVA2026_benchmark/NON_TERM_LASSO//lasso_traces_DynamicUnsatCoresHelpful01.bpl/lasso_trace_1.txt,NONTERMINATING,2.19,71.18,1.00,NONTERMINATING,1,1,2,GNTA / GNTA
ATVA2026_benchmark/NON_TERM_LASSO//lasso_traces_EasyArray2.bpl/lasso_trace_1.txt,NONTERMINATING,4.54,4.54,2.00,NONTERMINATING,1,1,2,Fixpoint / Fixpoint
ATVA2026_benchmark/NON_TERM_LASSO//lasso_traces_EasyBool.bpl/lasso_trace_1.txt,NONTERMINATING,3.45,3.45,1.00,NONTERMINATING,1,1,2,Fixpoint / Fixpoint
ATVA2026_benchmark/NON_TERM_LASSO//lasso_traces_Eiger.bpl/lasso_trace_1.txt,NONTERMINATING,1.94,90.19,2.00,NONTERMINATING,1,10,11,GNTA / GNTA
ATVA2026_benchmark/NON_TERM_LASSO//lasso_traces_einzeiler.bpl/lasso_trace_1.txt,NONTERMINATING,2.90,2.90,2.00,NONTERMINATING,0,2,2,Fixpoint / Fixpoint
ATVA2026_benchmark/NON_TERM_LASSO//lasso_traces_Elevator-Integer.bpl/lasso_trace_1.txt,NONTERMINATING,3.72,3.72,30.00,NONTERMINATING,1,2,3,Fixpoint / Fixpoint
ATVA2026_benchmark/NON_TERM_LASSO//lasso_traces_ElevatorWithAssignments.bpl/lasso_trace_1.txt,NONTERMINATING,3.45,3.45,27.00,NONTERMINATING,1,2,3,Fixpoint / Fixpoint
ATVA2026_benchmark/NON_TERM_LASSO//lasso_traces_emptyLoop-bug-npe.bpl/lasso_trace_1.txt,NONTERMINATING,2.02,2.02,1.00,NONTERMINATING,0,1,1,Fixpoint / Fixpoint
ATVA2026_benchmark/NON_TERM_LASSO//lasso_traces_emptyLoop-bug-stackoverflow.bpl/lasso_trace_2.txt,NONTERMINATING,1.72,1.72,1.00,NONTERMINATING,2,1,3,Fixpoint / Fixpoint
ATVA2026_benchmark/NON_TERM_LASSO//lasso_traces_encT_TRE.bpl/lasso_trace_3.txt,NONTERMINATING,2.37,2.37,2.00,NONTERMINATING,2,13,15,Fixpoint / Fixpoint
ATVA2026_benchmark/NON_TERM_LASSO//lasso_traces_encT_TRE_with_Boogie_Specs.bpl/lasso_trace_3.txt,NONTERMINATING,2.79,2.79,1.00,NONTERMINATING,2,15,17,Fixpoint / Fixpoint
ATVA2026_benchmark/NON_TERM_LASSO//lasso_traces_encT_TRE_with_Boogie_Specs-Light.bpl/lasso_trace_3.txt,NONTERMINATING,2.54,2.54,1.00,NONTERMINATING,1,28,29,Fixpoint / Fixpoint
ATVA2026_benchmark/NON_TERM_LASSO//lasso_traces_EnsuresGlobalIncrement01.bpl/lasso_trace_1.txt,NONTERMINATING,1.78,41.97,1.00,NONTERMINATING,1,2,3,GNTA / GNTA
ATVA2026_benchmark/NON_TERM_LASSO//lasso_traces_EnsuresGlobalIncrement02.bpl/lasso_trace_1.txt,NONTERMINATING,2.24,41.89,1.00,NONTERMINATING,1,1,2,GNTA / GNTA
ATVA2026_benchmark/NON_TERM_LASSO//lasso_traces_enter-call-in-loop-2.bpl/lasso_trace_1.txt,NONTERMINATING,1.81,1.81,1.00,NONTERMINATING,4,6,10,Fixpoint / Fixpoint
ATVA2026_benchmark/NON_TERM_LASSO//lasso_traces_enter-call-in-loop.bpl/lasso_trace_1.txt,NONTERMINATING,2.52,2.52,1.00,NONTERMINATING,0,3,3,Fixpoint / Fixpoint
ATVA2026_benchmark/NON_TERM_LASSO//lasso_traces_error-after-call-infloop.bpl/lasso_trace_1.txt,NONTERMINATING,1.79,1.79,2.00,NONTERMINATING,1,1,2,Fixpoint / Fixpoint
ATVA2026_benchmark/NON_TERM_LASSO//lasso_traces_error-after-infloop.bpl/lasso_trace_1.txt,NONTERMINATING,2.14,2.14,1.00,NONTERMINATING,0,1,1,Fixpoint / Fixpoint
ATVA2026_benchmark/NON_TERM_LASSO//lasso_traces_EvenOdd.bpl/lasso_trace_1.txt,NONTERMINATING,1.96,80.57,1.00,NONTERMINATING,0,4,4,GNTA / GNTA
ATVA2026_benchmark/NON_TERM_LASSO//lasso_traces_even_rec.bpl/lasso_trace_1.txt,NONTERMINATING,2.36,120.24,2.00,NONTERMINATING,0,4,4,GNTA / GNTA
ATVA2026_benchmark/NON_TERM_LASSO//lasso_traces_ex01.bpl/lasso_trace_1.txt,NONTERMINATING,2.73,2.73,1.00,NONTERMINATING,1,1,2,Fixpoint / Fixpoint
ATVA2026_benchmark/NON_TERM_LASSO//lasso_traces_ex01_rec.bpl/lasso_trace_1.txt,NONTERMINATING,2.44,83.10,1.00,NONTERMINATING,0,3,3,GNTA / GNTA
ATVA2026_benchmark/NON_TERM_LASSO//lasso_traces_ex04_rec.bpl/lasso_trace_1.txt,NONTERMINATING,1.60,84.42,1.00,NONTERMINATING,0,2,2,GNTA / GNTA
ATVA2026_benchmark/NON_TERM_LASSO//lasso_traces_ex05_rec.bpl/lasso_trace_1.txt,NONTERMINATING,2.67,2.67,1.00,NONTERMINATING,0,2,2,Fixpoint / Fixpoint
ATVA2026_benchmark/NON_TERM_LASSO//lasso_traces_ex07_rec.bpl/lasso_trace_1.txt,NONTERMINATING,2.85,2.85,1.00,NONTERMINATING,0,2,2,Fixpoint / Fixpoint
ATVA2026_benchmark/NON_TERM_LASSO//lasso_traces_example_01.bpl/lasso_trace_1.txt,NONTERMINATING,1.91,60.88,1.00,NONTERMINATING,2,2,4,GNTA / GNTA
ATVA2026_benchmark/NON_TERM_LASSO//lasso_traces_example_02.bpl/lasso_trace_1.txt,NONTERMINATING,2.01,55.30,1.00,NONTERMINATING,2,2,4,GNTA / GNTA
ATVA2026_benchmark/NON_TERM_LASSO//lasso_traces_example_03.bpl/lasso_trace_1.txt,NONTERMINATING,2.71,55.76,1.00,NONTERMINATING,2,2,4,GNTA / GNTA
ATVA2026_benchmark/NON_TERM_LASSO//lasso_traces_example_04.bpl/lasso_trace_1.txt,NONTERMINATING,2.12,55.97,1.00,NONTERMINATING,2,2,4,GNTA / GNTA
ATVA2026_benchmark/NON_TERM_LASSO//lasso_traces_example_05.bpl/lasso_trace_1.txt,NONTERMINATING,2.13,55.04,1.00,NONTERMINATING,2,2,4,GNTA / GNTA
ATVA2026_benchmark/NON_TERM_LASSO//lasso_traces_example_06.bpl/lasso_trace_1.txt,NONTERMINATING,2.16,62.14,1.00,NONTERMINATING,2,2,4,GNTA / GNTA
ATVA2026_benchmark/NON_TERM_LASSO//lasso_traces_example_07.bpl/lasso_trace_1.txt,NONTERMINATING,2.88,56.84,1.00,NONTERMINATING,2,2,4,GNTA / GNTA
ATVA2026_benchmark/NON_TERM_LASSO//lasso_traces_example_08.bpl/lasso_trace_1.txt,NONTERMINATING,4.44,52.43,1.00,NONTERMINATING,2,2,4,GNTA / GNTA
ATVA2026_benchmark/NON_TERM_LASSO//lasso_traces_example_09.bpl/lasso_trace_1.txt,NONTERMINATING,2.41,61.98,1.00,NONTERMINATING,2,2,4,GNTA / GNTA
ATVA2026_benchmark/NON_TERM_LASSO//lasso_traces_example_10.bpl/lasso_trace_1.txt,NONTERMINATING,2.24,62.39,1.00,NONTERMINATING,2,2,4,GNTA / GNTA
ATVA2026_benchmark/NON_TERM_LASSO//lasso_traces_example_11.bpl/lasso_trace_1.txt,NONTERMINATING,2.03,65.78,1.00,NONTERMINATING,2,2,4,GNTA / GNTA
ATVA2026_benchmark/NON_TERM_LASSO//lasso_traces_example_12.bpl/lasso_trace_1.txt,NONTERMINATING,2.05,118.95,1.00,NONTERMINATING,2,2,4,GNTA / GNTA
ATVA2026_benchmark/NON_TERM_LASSO//lasso_traces_ExponentialGrowth.bpl/lasso_trace_1.txt,NONTERMINATING,2.95,2.95,1.00,NONTERMINATING,1,1,2,Fixpoint / Fixpoint
ATVA2026_benchmark/NON_TERM_LASSO//lasso_traces_exsec2.bpl/lasso_trace_1.txt,NONTERMINATING,1.53,1.53,1.00,NONTERMINATING,2,1,3,Fixpoint / Fixpoint
ATVA2026_benchmark/NON_TERM_LASSO//lasso_traces_FallowDeerShadows01.bpl/lasso_trace_1.txt,NONTERMINATING,3.08,3.08,1.00,NONTERMINATING,1,1,2,Fixpoint / Fixpoint
ATVA2026_benchmark/NON_TERM_LASSO//lasso_traces_Fibonacci.bpl/lasso_trace_1.txt,NONTERMINATING,3.66,143.55,2.00,NONTERMINATING,0,4,4,GNTA / GNTA
ATVA2026_benchmark/NON_TERM_LASSO//lasso_traces_fibonacciLikeCfg.bpl/lasso_trace_1.txt,NONTERMINATING,2.68,2.68,2.00,NONTERMINATING,0,1,1,Fixpoint / Fixpoint
ATVA2026_benchmark/NON_TERM_LASSO//lasso_traces_fibonacciLikeCfgSimplified.bpl/lasso_trace_1.txt,NONTERMINATING,2.46,2.46,2.00,NONTERMINATING,0,1,1,Fixpoint / Fixpoint
ATVA2026_benchmark/NON_TERM_LASSO//lasso_traces_fischer.bpl/lasso_trace_1.txt,NONTERMINATING,2.27,79.07,1.00,NONTERMINATING,5,1,6,GNTA / GNTA
ATVA2026_benchmark/NON_TERM_LASSO//lasso_traces_Fischer.bpl/lasso_trace_1.txt,NONTERMINATING,2.15,82.89,1.00,NONTERMINATING,5,1,6,GNTA / GNTA
ATVA2026_benchmark/NON_TERM_LASSO//lasso_traces_FischerWithBug.bpl/lasso_trace_1.txt,NONTERMINATING,2.20,79.30,1.00,NONTERMINATING,5,1,6,GNTA / GNTA
ATVA2026_benchmark/NON_TERM_LASSO//lasso_traces_ForkInLoop02-Incrementer.bpl/lasso_trace_1.txt,NONTERMINATING,1.15,1.15,2.00,NONTERMINATING,19,1,20,Fixpoint / Fixpoint
ATVA2026_benchmark/NON_TERM_LASSO//lasso_traces_fork_loop_inc.bpl/lasso_trace_1.txt,NONTERMINATING,0.77,0.77,2.00,NONTERMINATING,13,1,14,Fixpoint / Fixpoint
ATVA2026_benchmark/NON_TERM_LASSO//lasso_traces_fork_loop_local.bpl/lasso_trace_1.txt,NONTERMINATING,0.73,0.73,2.00,NONTERMINATING,9,1,10,Fixpoint / Fixpoint
ATVA2026_benchmark/NON_TERM_LASSO//lasso_traces_fork_loop_mutex.bpl/lasso_trace_1.txt,NONTERMINATING,3.09,3.09,2.00,NONTERMINATING,2,3,5,Fixpoint / Fixpoint
ATVA2026_benchmark/NON_TERM_LASSO//lasso_traces_fork_loop_noop.bpl/lasso_trace_1.txt,NONTERMINATING,2.07,2.07,2.00,NONTERMINATING,13,1,14,Fixpoint / Fixpoint
ATVA2026_benchmark/NON_TERM_LASSO//lasso_traces_fork_loop_unsafe2.bpl/lasso_trace_1.txt,NONTERMINATING,0.90,0.90,2.00,NONTERMINATING,10,1,11,Fixpoint / Fixpoint
ATVA2026_benchmark/NON_TERM_LASSO//lasso_traces_fork_loop_unsafe.bpl/lasso_trace_1.txt,NONTERMINATING,2.74,2.74,3.00,NONTERMINATING,19,1,20,Fixpoint / Fixpoint
ATVA2026_benchmark/NON_TERM_LASSO//lasso_traces_FourStateCircle.bpl/lasso_trace_1.txt,NONTERMINATING,2.74,2.74,3.00,NONTERMINATING,3,2,5,Fixpoint / Fixpoint
ATVA2026_benchmark/NON_TERM_LASSO//lasso_traces_functions.bpl/lasso_trace_1.txt,NONTERMINATING,2.72,2.72,2.00,NONTERMINATING,0,8,8,Fixpoint / Fixpoint
ATVA2026_benchmark/NON_TERM_LASSO//lasso_traces_GasCake01.bpl/lasso_trace_1.txt,NONTERMINATING,4.52,4.52,2.00,NONTERMINATING,1,3,4,Fixpoint / Fixpoint
ATVA2026_benchmark/NON_TERM_LASSO//lasso_traces_GasCakeWithJohoFractions01.bpl/lasso_trace_1.txt,NONTERMINATING,3.55,3.55,1.00,NONTERMINATING,1,4,5,Fixpoint / Fixpoint
ATVA2026_benchmark/NON_TERM_LASSO//lasso_traces_GeometricalIntegerCake.bpl/lasso_trace_1.txt,NONTERMINATING,4.14,4.14,2.00,NONTERMINATING,1,2,3,Fixpoint / Fixpoint
ATVA2026_benchmark/NON_TERM_LASSO//lasso_traces_GeometricalIntegerCakeWithArray.bpl/lasso_trace_1.txt,NONTERMINATING,4.84,4.84,3.00,NONTERMINATING,1,2,3,Fixpoint / Fixpoint
ATVA2026_benchmark/NON_TERM_LASSO//lasso_traces_Glastonbury.bpl/lasso_trace_1.txt,NONTERMINATING,2.63,2.63,1.00,NONTERMINATING,0,1,1,Fixpoint / Fixpoint
ATVA2026_benchmark/NON_TERM_LASSO//lasso_traces_Goa2Threads2Ressources.bpl/lasso_trace_1.txt,NONTERMINATING,2.96,2.96,1.00,NONTERMINATING,1,1,2,Fixpoint / Fixpoint
ATVA2026_benchmark/NON_TERM_LASSO//lasso_traces_goblint.bpl/lasso_trace_1.txt,NONTERMINATING,1.60,1.60,2.00,NONTERMINATING,10,1,11,Fixpoint / Fixpoint
ATVA2026_benchmark/NON_TERM_LASSO//lasso_traces_GripperTest-correct.bpl/lasso_trace_1.txt,NONTERMINATING,3.90,3.90,6.00,NONTERMINATING,1,2,3,Fixpoint / Fixpoint
ATVA2026_benchmark/NON_TERM_LASSO//lasso_traces_GripperTest-incorrect.bpl/lasso_trace_1.txt,NONTERMINATING,3.56,3.56,4.00,NONTERMINATING,1,2,3,Fixpoint / Fixpoint
ATVA2026_benchmark/NON_TERM_LASSO//lasso_traces_growfall.bpl/lasso_trace_1.txt,NONTERMINATING,2.74,2.74,1.00,NONTERMINATING,1,2,3,Fixpoint / Fixpoint
ATVA2026_benchmark/NON_TERM_LASSO//lasso_traces_growfall_faulty.bpl/lasso_trace_1.txt,NONTERMINATING,2.69,2.69,1.00,NONTERMINATING,1,2,3,Fixpoint / Fixpoint
ATVA2026_benchmark/NON_TERM_LASSO//lasso_traces_HavocInLoopBool.bpl/lasso_trace_1.txt,NONTERMINATING,1.59,1.59,1.00,NONTERMINATING,2,1,3,Fixpoint / Fixpoint
ATVA2026_benchmark/NON_TERM_LASSO//lasso_traces_HavocInLoop.bpl/lasso_trace_2.txt,NONTERMINATING,0.40,41.08,2.00,NONTERMINATING,2,3,5,GNTA / GNTA
ATVA2026_benchmark/NON_TERM_LASSO//lasso_traces_HavocInLoopInt.bpl/lasso_trace_1.txt,NONTERMINATING,1.09,1.09,1.00,NONTERMINATING,2,1,3,Fixpoint / Fixpoint
ATVA2026_benchmark/NON_TERM_LASSO//lasso_traces_heater.bpl/lasso_trace_1.txt,NONTERMINATING,3.05,3.05,1.00,NONTERMINATING,1,2,3,Fixpoint / Fixpoint
ATVA2026_benchmark/NON_TERM_LASSO//lasso_traces_heater_faulty.bpl/lasso_trace_1.txt,NONTERMINATING,3.07,3.07,1.00,NONTERMINATING,1,2,3,Fixpoint / Fixpoint
ATVA2026_benchmark/NON_TERM_LASSO//lasso_traces_HiddenEquality-Safe.bpl/lasso_trace_1.txt,NONTERMINATING,2.01,63.88,1.00,NONTERMINATING,1,1,2,GNTA / GNTA
ATVA2026_benchmark/NON_TERM_LASSO//lasso_traces_hybrid.bpl/lasso_trace_1.txt,NONTERMINATING,1.87,40.81,2.00,NONTERMINATING,2,3,5,GNTA / GNTA
ATVA2026_benchmark/NON_TERM_LASSO//lasso_traces_ImpulseTest.bpl/lasso_trace_1.txt,NONTERMINATING,2.10,66.02,1.00,NONTERMINATING,1,2,3,GNTA / GNTA
ATVA2026_benchmark/NON_TERM_LASSO//lasso_traces_INC_FlaggedConditional2.bpl/lasso_trace_1.txt,NONTERMINATING,1.89,69.83,1.00,NONTERMINATING,1,1,2,GNTA / GNTA
ATVA2026_benchmark/NON_TERM_LASSO//lasso_traces_INC_FlaggedConditional4.bpl/lasso_trace_1.txt,NONTERMINATING,2.12,84.96,2.00,NONTERMINATING,1,1,2,GNTA / GNTA
ATVA2026_benchmark/NON_TERM_LASSO//lasso_traces_INC_FlaggedConditional8.bpl/lasso_trace_1.txt,NONTERMINATING,2.16,117.08,5.00,NONTERMINATING,1,1,2,GNTA / GNTA
ATVA2026_benchmark/NON_TERM_LASSO//lasso_traces_INC_likeFlaggedButNoFlag2.bpl/lasso_trace_1.txt,NONTERMINATING,1.92,50.57,1.00,NONTERMINATING,2,1,3,GNTA / GNTA
ATVA2026_benchmark/NON_TERM_LASSO//lasso_traces_INC_likeFlaggedButNoFlag4.bpl/lasso_trace_1.txt,NONTERMINATING,2.20,77.33,1.00,NONTERMINATING,2,1,3,GNTA / GNTA
ATVA2026_benchmark/NON_TERM_LASSO//lasso_traces_INC_likeFlaggedButNoFlag8.bpl/lasso_trace_1.txt,NONTERMINATING,2.01,131.58,2.00,NONTERMINATING,2,1,3,GNTA / GNTA
ATVA2026_benchmark/NON_TERM_LASSO//lasso_traces_INC_noReduceIncer2_oneAssert.bpl/lasso_trace_1.txt,NONTERMINATING,1.99,51.02,1.00,NONTERMINATING,1,1,2,GNTA / GNTA
ATVA2026_benchmark/NON_TERM_LASSO//lasso_traces_INC_noReduceIncer4_oneAssert.bpl/lasso_trace_1.txt,NONTERMINATING,2.08,77.48,1.00,NONTERMINATING,1,1,2,GNTA / GNTA
ATVA2026_benchmark/NON_TERM_LASSO//lasso_traces_INC_noReduceIncer6_oneAssert.bpl/lasso_trace_1.txt,NONTERMINATING,2.01,98.57,1.00,NONTERMINATING,1,1,2,GNTA / GNTA
ATVA2026_benchmark/NON_TERM_LASSO//lasso_traces_incr-decr01.bpl/lasso_trace_1.txt,NONTERMINATING,3.87,3.87,1.00,NONTERMINATING,2,2,4,Fixpoint / Fixpoint
ATVA2026_benchmark/NON_TERM_LASSO//lasso_traces_incr-decr02.bpl/lasso_trace_1.txt,NONTERMINATING,2.85,2.85,1.00,NONTERMINATING,2,2,4,Fixpoint / Fixpoint
ATVA2026_benchmark/NON_TERM_LASSO//lasso_traces_incr-decr03.bpl/lasso_trace_1.txt,NONTERMINATING,3.36,3.36,1.00,NONTERMINATING,2,2,4,Fixpoint / Fixpoint
ATVA2026_benchmark/NON_TERM_LASSO//lasso_traces_incr-decr04.bpl/lasso_trace_1.txt,NONTERMINATING,3.22,3.22,1.00,NONTERMINATING,2,2,4,Fixpoint / Fixpoint
ATVA2026_benchmark/NON_TERM_LASSO//lasso_traces_incr-decr05.bpl/lasso_trace_1.txt,NONTERMINATING,3.07,3.07,1.00,NONTERMINATING,2,2,4,Fixpoint / Fixpoint
ATVA2026_benchmark/NON_TERM_LASSO//lasso_traces_incr-decr06.bpl/lasso_trace_1.txt,NONTERMINATING,5.13,5.13,1.00,NONTERMINATING,2,2,4,Fixpoint / Fixpoint
ATVA2026_benchmark/NON_TERM_LASSO//lasso_traces_incr-decr07.bpl/lasso_trace_1.txt,NONTERMINATING,3.53,3.53,1.00,NONTERMINATING,2,2,4,Fixpoint / Fixpoint
ATVA2026_benchmark/NON_TERM_LASSO//lasso_traces_incr-decr08.bpl/lasso_trace_1.txt,NONTERMINATING,3.23,3.23,1.00,NONTERMINATING,2,2,4,Fixpoint / Fixpoint
ATVA2026_benchmark/NON_TERM_LASSO//lasso_traces_incr-decr09.bpl/lasso_trace_1.txt,NONTERMINATING,5.85,5.85,2.00,NONTERMINATING,2,2,4,Fixpoint / Fixpoint
ATVA2026_benchmark/NON_TERM_LASSO//lasso_traces_incr-decr10.bpl/lasso_trace_1.txt,NONTERMINATING,4.11,4.11,2.00,NONTERMINATING,2,2,4,Fixpoint / Fixpoint
ATVA2026_benchmark/NON_TERM_LASSO//lasso_traces_incr-decr11.bpl/lasso_trace_1.txt,NONTERMINATING,2.97,2.97,1.00,NONTERMINATING,2,2,4,Fixpoint / Fixpoint
ATVA2026_benchmark/NON_TERM_LASSO//lasso_traces_incr-decr12.bpl/lasso_trace_1.txt,NONTERMINATING,4.15,4.15,1.00,NONTERMINATING,2,2,4,Fixpoint / Fixpoint
ATVA2026_benchmark/NON_TERM_LASSO//lasso_traces_INC_simpleIncer2_oneAssert.bpl/lasso_trace_1.txt,NONTERMINATING,4.32,4.32,1.00,NONTERMINATING,1,2,3,Fixpoint / Fixpoint
ATVA2026_benchmark/NON_TERM_LASSO//lasso_traces_INC_simpleIncer4_oneAssert.bpl/lasso_trace_1.txt,NONTERMINATING,3.52,3.52,2.00,NONTERMINATING,1,2,3,Fixpoint / Fixpoint
ATVA2026_benchmark/NON_TERM_LASSO//lasso_traces_INC_simpleIncer8_oneAssert.bpl/lasso_trace_1.txt,NONTERMINATING,3.26,3.26,18.00,NONTERMINATING,1,2,3,Fixpoint / Fixpoint
ATVA2026_benchmark/NON_TERM_LASSO//lasso_traces_infiniteLoop.bpl/lasso_trace_1.txt,NONTERMINATING,2.78,2.78,2.00,NONTERMINATING,1,1,2,Fixpoint / Fixpoint
ATVA2026_benchmark/NON_TERM_LASSO//lasso_traces_INT_anubhav.bpl/lasso_trace_1.txt,NONTERMINATING,2.21,77.77,2.00,NONTERMINATING,1,1,2,GNTA / GNTA
ATVA2026_benchmark/NON_TERM_LASSO//lasso_traces_INT_CalcTest_inlined.bpl/lasso_trace_1.txt,NONTERMINATING,3.46,3.46,2.00,NONTERMINATING,1,2,3,Fixpoint / Fixpoint
ATVA2026_benchmark/NON_TERM_LASSO//lasso_traces_INT_FlaggedConditionalEx2.bpl/lasso_trace_2.txt,NONTERMINATING,0.69,0.69,1.00,NONTERMINATING,1,4,5,Fixpoint / Fixpoint
ATVA2026_benchmark/NON_TERM_LASSO//lasso_traces_InvariantSum-1.bpl/lasso_trace_1.txt,NONTERMINATING,3.14,3.14,3.00,NONTERMINATING,1,1,2,Fixpoint / Fixpoint
ATVA2026_benchmark/NON_TERM_LASSO//lasso_traces_InvariantSum-2.bpl/lasso_trace_1.txt,NONTERMINATING,4.97,4.97,3.00,NONTERMINATING,1,1,2,Fixpoint / Fixpoint
ATVA2026_benchmark/NON_TERM_LASSO//lasso_traces_InvariantSum-4Vars.bpl/lasso_trace_1.txt,NONTERMINATING,3.25,3.25,4.00,NONTERMINATING,1,1,2,Fixpoint / Fixpoint
ATVA2026_benchmark/NON_TERM_LASSO//lasso_traces_InvariantSynthesis_Disjunctive02.bpl/lasso_trace_1.txt,NONTERMINATING,2.43,45.35,1.00,NONTERMINATING,1,1,2,GNTA / GNTA
ATVA2026_benchmark/NON_TERM_LASSO//lasso_traces_InvariantSynthesis_SimpleExample.bpl/lasso_trace_1.txt,NONTERMINATING,2.90,2.90,2.00,NONTERMINATING,1,1,2,Fixpoint / Fixpoint
ATVA2026_benchmark/NON_TERM_LASSO//lasso_traces_InvariantSynthesisWpOverapproxIntRealNegationBug.bpl/lasso_trace_1.txt,NONTERMINATING,3.97,3.97,1.00,NONTERMINATING,1,1,2,Fixpoint / Fixpoint
ATVA2026_benchmark/NON_TERM_LASSO//lasso_traces_IRS-Dep-InfiniteRecursion.bpl/lasso_trace_1.txt,NONTERMINATING,2.66,2.66,1.00,NONTERMINATING,0,1,1,Fixpoint / Fixpoint
ATVA2026_benchmark/NON_TERM_LASSO//lasso_traces_jain_1.i_2.bpl/lasso_trace_1.txt,NONTERMINATING,3.08,3.08,2.00,NONTERMINATING,1,2,3,Fixpoint / Fixpoint
ATVA2026_benchmark/NON_TERM_LASSO//lasso_traces_jain_2.i_2.bpl/lasso_trace_1.txt,NONTERMINATING,3.34,3.34,2.00,NONTERMINATING,1,2,3,Fixpoint / Fixpoint
ATVA2026_benchmark/NON_TERM_LASSO//lasso_traces_jain_4.i_2.bpl/lasso_trace_1.txt,NONTERMINATING,3.57,3.57,2.00,NONTERMINATING,1,2,3,Fixpoint / Fixpoint
ATVA2026_benchmark/NON_TERM_LASSO//lasso_traces_jain_6.i_2.bpl/lasso_trace_1.txt,NONTERMINATING,3.94,3.94,2.00,NONTERMINATING,1,2,3,Fixpoint / Fixpoint
ATVA2026_benchmark/NON_TERM_LASSO//lasso_traces_jain_7.i_2.bpl/lasso_trace_1.txt,NONTERMINATING,3.75,3.75,2.00,NONTERMINATING,1,2,3,Fixpoint / Fixpoint
ATVA2026_benchmark/NON_TERM_LASSO//lasso_traces_Jordan17LargeNumbers.bpl/lasso_trace_1.txt,NONTERMINATING,1.94,35.12,1.00,NONTERMINATING,1,1,2,GNTA / GNTA
ATVA2026_benchmark/NON_TERM_LASSO//lasso_traces_Jordan32PropagateHavocTwo.bpl/lasso_trace_1.txt,NONTERMINATING,1.58,1.58,1.00,NONTERMINATING,2,1,3,Fixpoint / Fixpoint
ATVA2026_benchmark/NON_TERM_LASSO//lasso_traces_Jordan40HavocEachIteration.bpl/lasso_trace_1.txt,NONTERMINATING,1.93,40.73,2.00,NONTERMINATING,1,1,2,GNTA / GNTA
ATVA2026_benchmark/NON_TERM_LASSO//lasso_traces_Jordan41HavocBeforeAndAfter.bpl/lasso_trace_1.txt,NONTERMINATING,3.38,3.38,1.00,NONTERMINATING,1,1,2,Fixpoint / Fixpoint
ATVA2026_benchmark/NON_TERM_LASSO//lasso_traces_Klaus.bpl/lasso_trace_1.txt,NONTERMINATING,2.64,2.64,3.00,NONTERMINATING,4,3,7,Fixpoint / Fixpoint
ATVA2026_benchmark/NON_TERM_LASSO//lasso_traces_LabelEncodingWithUnrolling.bpl/lasso_trace_1.txt,NONTERMINATING,3.87,3.87,2.00,NONTERMINATING,1,2,3,Fixpoint / Fixpoint
ATVA2026_benchmark/NON_TERM_LASSO//lasso_traces_lex4_false-termination.bpl/lasso_trace_1.txt,NONTERMINATING,3.20,3.20,1.00,NONTERMINATING,0,1,1,Fixpoint / Fixpoint
ATVA2026_benchmark/NON_TERM_LASSO//lasso_traces_LiveVariablesBackwardTest.bpl/lasso_trace_1.txt,NONTERMINATING,2.81,2.81,2.00,NONTERMINATING,1,1,2,Fixpoint / Fixpoint
ATVA2026_benchmark/NON_TERM_LASSO//lasso_traces_LiveVariablesUseful01.bpl/lasso_trace_1.txt,NONTERMINATING,2.03,33.62,1.00,NONTERMINATING,1,1,2,GNTA / GNTA
ATVA2026_benchmark/NON_TERM_LASSO//lasso_traces_LockingExample.bpl/lasso_trace_1.txt,NONTERMINATING,1.89,60.26,2.00,NONTERMINATING,1,2,3,GNTA / GNTA
ATVA2026_benchmark/NON_TERM_LASSO//lasso_traces_lockingExample-correct.bpl/lasso_trace_2.txt,NONTERMINATING,2.18,59.07,2.00,NONTERMINATING,1,9,10,GNTA / GNTA
ATVA2026_benchmark/NON_TERM_LASSO//lasso_traces_lockingExample-incorrect.bpl/lasso_trace_2.txt,NONTERMINATING,2.46,90.34,2.00,NONTERMINATING,1,9,10,GNTA / GNTA
ATVA2026_benchmark/NON_TERM_LASSO//lasso_traces_Loop.bpl/lasso_trace_1.txt,NONTERMINATING,3.45,3.45,1.00,NONTERMINATING,1,1,2,Fixpoint / Fixpoint
ATVA2026_benchmark/NON_TERM_LASSO//lasso_traces_LoopingNonterm.bpl/lasso_trace_1.txt,UNCHECKED,4.26,4.26,-,,1,3,4,Fixpoint
ATVA2026_benchmark/NON_TERM_LASSO//lasso_traces_loopNondet1.bpl/lasso_trace_1.txt,NONTERMINATING,2.96,2.96,1.00,NONTERMINATING,0,1,1,Fixpoint / Fixpoint
ATVA2026_benchmark/NON_TERM_LASSO//lasso_traces_loopNondet2.bpl/lasso_trace_1.txt,NONTERMINATING,2.98,2.98,1.00,NONTERMINATING,0,1,1,Fixpoint / Fixpoint
ATVA2026_benchmark/NON_TERM_LASSO//lasso_traces_loopNondet3.bpl/lasso_trace_1.txt,NONTERMINATING,2.93,2.93,1.00,NONTERMINATING,0,1,1,Fixpoint / Fixpoint
ATVA2026_benchmark/NON_TERM_LASSO//lasso_traces_loopNondet4.bpl/lasso_trace_1.txt,NONTERMINATING,1.94,38.45,1.00,NONTERMINATING,0,1,1,GNTA / GNTA
ATVA2026_benchmark/NON_TERM_LASSO//lasso_traces_loopNondet5.bpl/lasso_trace_1.txt,NONTERMINATING,2.75,2.75,2.00,NONTERMINATING,0,1,1,Fixpoint / Fixpoint
ATVA2026_benchmark/NON_TERM_LASSO//lasso_traces_LoopUnwinding-incorrect.bpl/lasso_trace_1.txt,NONTERMINATING,1.88,34.85,1.00,NONTERMINATING,1,1,2,GNTA / GNTA
ATVA2026_benchmark/NON_TERM_LASSO//lasso_traces_LTL_Coolant_Nonterminating01.bpl/lasso_trace_1.txt,NONTERMINATING,2.11,65.88,2.00,NONTERMINATING,1,1,2,GNTA / GNTA
ATVA2026_benchmark/NON_TERM_LASSO//lasso_traces_Luxembourg-ArraysIntegefied.bpl/lasso_trace_1.txt,NONTERMINATING,2.16,43.12,3.00,NONTERMINATING,1,1,2,GNTA / GNTA
ATVA2026_benchmark/NON_TERM_LASSO//lasso_traces_Luxembourg.bpl/lasso_trace_1.txt,NONTERMINATING,2.01,68.07,1.00,NONTERMINATING,1,1,2,GNTA / GNTA
ATVA2026_benchmark/NON_TERM_LASSO//lasso_traces_LuxembourgOctopus.bpl/lasso_trace_1.txt,NONTERMINATING,2.20,73.89,1.00,NONTERMINATING,1,1,2,GNTA / GNTA
ATVA2026_benchmark/NON_TERM_LASSO//lasso_traces_Luxembourg-sophisticated.bpl/lasso_trace_1.txt,NONTERMINATING,2.11,81.40,1.00,NONTERMINATING,1,1,2,GNTA / GNTA
ATVA2026_benchmark/NON_TERM_LASSO//lasso_traces_Madrid.bpl/lasso_trace_1.txt,NONTERMINATING,1.53,1.53,2.00,NONTERMINATING,2,1,3,Fixpoint / Fixpoint
ATVA2026_benchmark/NON_TERM_LASSO//lasso_traces_ManyFactsAboutX_LBE.bpl/lasso_trace_1.txt,NONTERMINATING,2.03,49.88,2.00,NONTERMINATING,1,1,2,GNTA / GNTA
ATVA2026_benchmark/NON_TERM_LASSO//lasso_traces_ManyInterpolants2.bpl/lasso_trace_2.txt,NONTERMINATING,3.75,3.75,2.00,NONTERMINATING,1,6,7,Fixpoint / Fixpoint
ATVA2026_benchmark/NON_TERM_LASSO//lasso_traces_ManyInterpolants.bpl/lasso_trace_1.txt,NONTERMINATING,2.97,2.97,1.00,NONTERMINATING,1,3,4,Fixpoint / Fixpoint
ATVA2026_benchmark/NON_TERM_LASSO//lasso_traces_map-aggr-update3.bpl/lasso_trace_2.txt,NONTERMINATING,1.95,1.95,2.00,NONTERMINATING,5,3,8,Fixpoint / Fixpoint
ATVA2026_benchmark/NON_TERM_LASSO//lasso_traces_MicrosoftZuneBug_false-termination.bpl/lasso_trace_1.txt,NONTERMINATING,4.84,4.84,3.00,NONTERMINATING,1,5,6,Fixpoint / Fixpoint
ATVA2026_benchmark/NON_TERM_LASSO//lasso_traces_middle_rec.bpl/lasso_trace_1.txt,NONTERMINATING,1.86,136.98,3.00,NONTERMINATING,0,3,3,GNTA / GNTA
ATVA2026_benchmark/NON_TERM_LASSO//lasso_traces_min2-max2-sample.bpl/lasso_trace_3.txt,NONTERMINATING,1.85,1.85,3.00,NONTERMINATING,5,2,7,Fixpoint / Fixpoint
ATVA2026_benchmark/NON_TERM_LASSO//lasso_traces_min-max-sample-2.bpl/lasso_trace_1.txt,NONTERMINATING,4.04,4.04,3.00,NONTERMINATING,4,2,6,Fixpoint / Fixpoint
ATVA2026_benchmark/NON_TERM_LASSO//lasso_traces_min-max-sample-abs-2.bpl/lasso_trace_1.txt,NONTERMINATING,4.92,4.92,2.00,NONTERMINATING,4,3,7,Fixpoint / Fixpoint
ATVA2026_benchmark/NON_TERM_LASSO//lasso_traces_min-max-sample-abs-nonatomic.bpl/lasso_trace_1.txt,NONTERMINATING,3.82,3.82,2.00,NONTERMINATING,3,3,6,Fixpoint / Fixpoint
ATVA2026_benchmark/NON_TERM_LASSO//lasso_traces_min-max-sample.bpl/lasso_trace_1.txt,NONTERMINATING,3.23,3.23,2.00,NONTERMINATING,3,2,5,Fixpoint / Fixpoint
ATVA2026_benchmark/NON_TERM_LASSO//lasso_traces_min-max-split-sample.bpl/lasso_trace_4.txt,NONTERMINATING,1.83,1.83,7.00,NONTERMINATING,8,4,12,Fixpoint / Fixpoint
ATVA2026_benchmark/NON_TERM_LASSO//lasso_traces_MirabelleConcurrentIncrementNondetSeq.bpl/lasso_trace_1.txt,NONTERMINATING,2.22,2.22,2.00,NONTERMINATING,2,1,3,Fixpoint / Fixpoint
ATVA2026_benchmark/NON_TERM_LASSO//lasso_traces_mixed.bpl/lasso_trace_1.txt,NONTERMINATING,1.77,1.77,2.00,NONTERMINATING,0,1,1,Fixpoint / Fixpoint
ATVA2026_benchmark/NON_TERM_LASSO//lasso_traces_Modulo-Ihringen.bpl/lasso_trace_1.txt,NONTERMINATING,3.05,3.05,1.00,NONTERMINATING,1,1,2,Fixpoint / Fixpoint
ATVA2026_benchmark/NON_TERM_LASSO//lasso_traces_Modulo-Ihringen-ModuloResolved.bpl/lasso_trace_1.txt,NONTERMINATING,3.07,3.07,2.00,NONTERMINATING,1,1,2,Fixpoint / Fixpoint
ATVA2026_benchmark/NON_TERM_LASSO//lasso_traces_ModuloInvariant-Breisach.bpl/lasso_trace_1.txt,NONTERMINATING,1.91,36.51,1.00,NONTERMINATING,1,1,2,GNTA / GNTA
ATVA2026_benchmark/NON_TERM_LASSO//lasso_traces_motivating.bpl/lasso_trace_1.txt,NONTERMINATING,1.98,61.96,1.00,NONTERMINATING,3,2,5,GNTA / GNTA
ATVA2026_benchmark/NON_TERM_LASSO//lasso_traces_MultipleSummaries01.bpl/lasso_trace_1.txt,NONTERMINATING,2.72,2.72,2.00,NONTERMINATING,3,1,4,Fixpoint / Fixpoint
ATVA2026_benchmark/NON_TERM_LASSO//lasso_traces_nav01.bpl/lasso_trace_1.txt,NONTERMINATING,4.08,4.08,3.00,NONTERMINATING,1,2,3,Fixpoint / Fixpoint
ATVA2026_benchmark/NON_TERM_LASSO//lasso_traces_nav04.bpl/lasso_trace_1.txt,NONTERMINATING,5.20,5.20,3.00,NONTERMINATING,1,2,3,Fixpoint / Fixpoint
ATVA2026_benchmark/NON_TERM_LASSO//lasso_traces_nav04_phaver.bpl/lasso_trace_1.txt,NONTERMINATING,5.20,5.20,4.00,NONTERMINATING,1,2,3,Fixpoint / Fixpoint
ATVA2026_benchmark/NON_TERM_LASSO//lasso_traces_Nconcurrent_FourLoopsAlternating_nonterminating.bpl/lasso_trace_8.txt,NONTERMINATING,1.20,1.20,2.00,NONTERMINATING,5,8,13,Fixpoint / Fixpoint
ATVA2026_benchmark/NON_TERM_LASSO//lasso_traces_Nconcurrent_ThreeThreadsComplexAlternation_nonterminating.bpl/lasso_trace_6.txt,NONTERMINATING,1.11,1.11,3.00,NONTERMINATING,15,12,27,Fixpoint / Fixpoint
ATVA2026_benchmark/NON_TERM_LASSO//lasso_traces_Nest.bpl/lasso_trace_1.txt,NONTERMINATING,1.61,114.62,2.00,NONTERMINATING,0,3,3,GNTA / GNTA
ATVA2026_benchmark/NON_TERM_LASSO//lasso_traces_nestedWhileSimple-Safe.bpl/lasso_trace_1.txt,NONTERMINATING,1.98,38.58,1.00,NONTERMINATING,1,2,3,GNTA / GNTA
ATVA2026_benchmark/NON_TERM_LASSO//lasso_traces_NO_00.bpl/lasso_trace_1.txt,NONTERMINATING,2.78,2.78,1.00,NONTERMINATING,1,1,2,Fixpoint / Fixpoint
ATVA2026_benchmark/NON_TERM_LASSO//lasso_traces_NO_02.bpl/lasso_trace_2.txt,NONTERMINATING,3.25,3.25,2.00,NONTERMINATING,2,1,3,Fixpoint / Fixpoint
ATVA2026_benchmark/NON_TERM_LASSO//lasso_traces_NO_03.bpl/lasso_trace_2.txt,NONTERMINATING,2.32,2.32,1.00,NONTERMINATING,1,3,4,Fixpoint / Fixpoint
ATVA2026_benchmark/NON_TERM_LASSO//lasso_traces_NO_04.bpl/lasso_trace_7.txt,NONTERMINATING,1.06,1.06,2.00,NONTERMINATING,5,1,6,Fixpoint / Fixpoint
ATVA2026_benchmark/NON_TERM_LASSO//lasso_traces_NO_05.bpl/lasso_trace_68.txt,NONTERMINATING,0.57,0.57,1.00,NONTERMINATING,354,1,355,Fixpoint / Fixpoint
ATVA2026_benchmark/NON_TERM_LASSO//lasso_traces_NO_10.bpl/lasso_trace_1.txt,NONTERMINATING,1.85,57.07,2.00,NONTERMINATING,1,1,2,GNTA / GNTA
ATVA2026_benchmark/NON_TERM_LASSO//lasso_traces_NO_20.bpl/lasso_trace_1.txt,NONTERMINATING,1.75,1.75,1.00,NONTERMINATING,1,1,2,Fixpoint / Fixpoint
ATVA2026_benchmark/NON_TERM_LASSO//lasso_traces_NO_21.bpl/lasso_trace_1.txt,NONTERMINATING,2.94,2.94,1.00,NONTERMINATING,1,1,2,Fixpoint / Fixpoint
ATVA2026_benchmark/NON_TERM_LASSO//lasso_traces_noInlineTest.bpl/lasso_trace_1.txt,NONTERMINATING,1.77,72.54,1.00,NONTERMINATING,3,8,11,GNTA / GNTA
ATVA2026_benchmark/NON_TERM_LASSO//lasso_traces_NonTermination3.bpl/lasso_trace_1.txt,NONTERMINATING,2.79,2.79,3.00,NONTERMINATING,0,1,1,Fixpoint / Fixpoint
ATVA2026_benchmark/NON_TERM_LASSO//lasso_traces_NonterminationDifficult05_ComplexEigenvalues.bpl/lasso_trace_1.txt,NONTERMINATING,1.90,37.34,2.00,NONTERMINATING,0,1,1,GNTA / GNTA
ATVA2026_benchmark/NON_TERM_LASSO//lasso_traces_NonTerminationFixedPoint.bpl/lasso_trace_1.txt,NONTERMINATING,3.03,3.03,1.00,NONTERMINATING,0,1,1,Fixpoint / Fixpoint
ATVA2026_benchmark/NON_TERM_LASSO//lasso_traces_NonTerminationPartitioned.bpl/lasso_trace_1.txt,NONTERMINATING,1.73,70.95,1.00,NONTERMINATING,0,1,1,GNTA / GNTA
ATVA2026_benchmark/NON_TERM_LASSO//lasso_traces_NonTerminationSimple2.bpl/lasso_trace_1.txt,NONTERMINATING,1.70,37.12,1.00,NONTERMINATING,0,1,1,GNTA / GNTA
ATVA2026_benchmark/NON_TERM_LASSO//lasso_traces_NonTerminationSimple3.bpl/lasso_trace_1.txt,NONTERMINATING,3.07,3.07,2.00,NONTERMINATING,0,1,1,Fixpoint / Fixpoint
ATVA2026_benchmark/NON_TERM_LASSO//lasso_traces_NonTerminationSimple4.bpl/lasso_trace_1.txt,NONTERMINATING,2.00,49.07,1.00,NONTERMINATING,1,1,2,GNTA / GNTA
ATVA2026_benchmark/NON_TERM_LASSO//lasso_traces_NonTerminationSimple5.bpl/lasso_trace_1.txt,NONTERMINATING,1.79,41.73,1.00,NONTERMINATING,0,1,1,GNTA / GNTA
ATVA2026_benchmark/NON_TERM_LASSO//lasso_traces_NonTerminationSimple6.bpl/lasso_trace_1.txt,NONTERMINATING,1.94,39.29,1.00,NONTERMINATING,1,1,2,GNTA / GNTA
ATVA2026_benchmark/NON_TERM_LASSO//lasso_traces_NonTerminationSimple7.bpl/lasso_trace_1.txt,NONTERMINATING,2.90,2.90,2.00,NONTERMINATING,1,1,2,Fixpoint / Fixpoint
ATVA2026_benchmark/NON_TERM_LASSO//lasso_traces_NonTerminationSimple8.bpl/lasso_trace_1.txt,NONTERMINATING,1.89,40.37,2.00,NONTERMINATING,0,2,2,GNTA / GNTA
ATVA2026_benchmark/NON_TERM_LASSO//lasso_traces_NonTerminationSimple9.bpl/lasso_trace_1.txt,NONTERMINATING,2.76,2.76,1.00,NONTERMINATING,0,1,1,Fixpoint / Fixpoint
ATVA2026_benchmark/NON_TERM_LASSO//lasso_traces_NonTerminationSimple.bpl/lasso_trace_1.txt,NONTERMINATING,2.12,2.12,1.00,NONTERMINATING,0,1,1,Fixpoint / Fixpoint
ATVA2026_benchmark/NON_TERM_LASSO//lasso_traces_NonTerminationSwap.bpl/lasso_trace_1.txt,NONTERMINATING,1.74,41.82,2.00,NONTERMINATING,0,1,1,GNTA / GNTA
ATVA2026_benchmark/NON_TERM_LASSO//lasso_traces_noOrEndlessLoop4Vars.bpl/lasso_trace_1.txt,NONTERMINATING,1.99,121.68,2.00,NONTERMINATING,0,1,1,GNTA / GNTA
ATVA2026_benchmark/NON_TERM_LASSO//lasso_traces_NoProgenitorBug01.bpl/lasso_trace_1.txt,NONTERMINATING,3.09,3.09,1.00,NONTERMINATING,1,1,2,Fixpoint / Fixpoint
ATVA2026_benchmark/NON_TERM_LASSO//lasso_traces_nullProgramm.bpl/lasso_trace_1.txt,NONTERMINATING,1.82,35.67,1.00,NONTERMINATING,1,1,2,GNTA / GNTA
ATVA2026_benchmark/NON_TERM_LASSO//lasso_traces_OatFlakesBread.bpl/lasso_trace_1.txt,NONTERMINATING,2.84,2.84,2.00,NONTERMINATING,2,1,3,Fixpoint / Fixpoint
ATVA2026_benchmark/NON_TERM_LASSO//lasso_traces_OctagonTest_InOut.bpl/lasso_trace_1.txt,NONTERMINATING,1.64,1.64,1.00,NONTERMINATING,2,1,3,Fixpoint / Fixpoint
ATVA2026_benchmark/NON_TERM_LASSO//lasso_traces_Octopussy.bpl/lasso_trace_1.txt,NONTERMINATING,1.92,70.71,1.00,NONTERMINATING,1,1,2,GNTA / GNTA
ATVA2026_benchmark/NON_TERM_LASSO//lasso_traces_OnlyRequires01.bpl/lasso_trace_1.txt,NONTERMINATING,1.67,1.67,2.00,NONTERMINATING,4,3,7,Fixpoint / Fixpoint
ATVA2026_benchmark/NON_TERM_LASSO//lasso_traces_OnlyRequires02.bpl/lasso_trace_1.txt,NONTERMINATING,1.55,1.55,2.00,NONTERMINATING,4,3,7,Fixpoint / Fixpoint
ATVA2026_benchmark/NON_TERM_LASSO//lasso_traces_OpenCL_break_test_kernel.bpl/lasso_trace_1.txt,UNCHECKED,5.22,5.22,-,,1,3,4,Fixpoint
ATVA2026_benchmark/NON_TERM_LASSO//lasso_traces_OpenCL_nonterminating_kernel.bpl/lasso_trace_1.txt,UNCHECKED,2.35,2.35,-,,1,2,3,Fixpoint
ATVA2026_benchmark/NON_TERM_LASSO//lasso_traces_parallelIncrementDecrementConCom3.bpl/lasso_trace_4.txt,NONTERMINATING,0.66,0.66,2.00,NONTERMINATING,4,2,6,Fixpoint / Fixpoint
ATVA2026_benchmark/NON_TERM_LASSO//lasso_traces_pcatest0.bpl/lasso_trace_1.txt,NONTERMINATING,3.31,3.31,1.00,NONTERMINATING,1,2,3,Fixpoint / Fixpoint
ATVA2026_benchmark/NON_TERM_LASSO//lasso_traces_Peterson.bpl/lasso_trace_1.txt,NONTERMINATING,2.87,2.87,2.00,NONTERMINATING,2,7,9,Fixpoint / Fixpoint
ATVA2026_benchmark/NON_TERM_LASSO//lasso_traces_PetersonWithBug.bpl/lasso_trace_1.txt,NONTERMINATING,3.97,3.97,1.00,NONTERMINATING,2,7,9,Fixpoint / Fixpoint
ATVA2026_benchmark/NON_TERM_LASSO//lasso_traces_PositiveValue-Safe.bpl/lasso_trace_1.txt,NONTERMINATING,3.23,3.23,2.00,NONTERMINATING,1,1,2,Fixpoint / Fixpoint
ATVA2026_benchmark/NON_TERM_LASSO//lasso_traces_Power.bpl/lasso_trace_5.txt,UNCHECKED,0.98,0.98,-,,0,5,5,Fixpoint
ATVA2026_benchmark/NON_TERM_LASSO//lasso_traces_PreprocessorBranchingTest.bpl/lasso_trace_1.txt,NONTERMINATING,2.37,37.11,1.00,NONTERMINATING,1,1,2,GNTA / GNTA
ATVA2026_benchmark/NON_TERM_LASSO//lasso_traces_procedural-example-08.bpl/lasso_trace_1.txt,NONTERMINATING,2.93,2.93,1.00,NONTERMINATING,0,2,2,Fixpoint / Fixpoint
ATVA2026_benchmark/NON_TERM_LASSO//lasso_traces_pthread5_vs.bpl/lasso_trace_1.txt,NONTERMINATING,2.94,2.94,2.00,NONTERMINATING,6,3,9,Fixpoint / Fixpoint
ATVA2026_benchmark/NON_TERM_LASSO//lasso_traces_pthread_conditionals.bpl/lasso_trace_1.txt,NONTERMINATING,1.18,1.18,2.00,NONTERMINATING,7,1,8,Fixpoint / Fixpoint
ATVA2026_benchmark/NON_TERM_LASSO//lasso_traces_pthread_double_lock_p1_vs.bpl/lasso_trace_1.txt,NONTERMINATING,2.93,2.93,2.00,NONTERMINATING,4,6,10,Fixpoint / Fixpoint
ATVA2026_benchmark/NON_TERM_LASSO//lasso_traces_pthread_inc2.bpl/lasso_trace_1.txt,NONTERMINATING,0.85,0.85,2.00,NONTERMINATING,9,1,10,Fixpoint / Fixpoint
ATVA2026_benchmark/NON_TERM_LASSO//lasso_traces_pthread_inc.bpl/lasso_trace_1.txt,NONTERMINATING,0.96,0.96,2.00,NONTERMINATING,8,1,9,Fixpoint / Fixpoint
ATVA2026_benchmark/NON_TERM_LASSO//lasso_traces_pthread_nondet_loop_bound.bpl/lasso_trace_1.txt,NONTERMINATING,1.23,1.23,2.00,NONTERMINATING,25,1,26,Fixpoint / Fixpoint
ATVA2026_benchmark/NON_TERM_LASSO//lasso_traces_pthread_rand.bpl/lasso_trace_1.txt,NONTERMINATING,0.94,0.94,2.00,NONTERMINATING,7,1,8,Fixpoint / Fixpoint
ATVA2026_benchmark/NON_TERM_LASSO//lasso_traces_pthread_simple_loop.bpl/lasso_trace_1.txt,NONTERMINATING,5.20,5.20,2.00,NONTERMINATING,4,3,7,Fixpoint / Fixpoint
ATVA2026_benchmark/NON_TERM_LASSO//lasso_traces_pthread_spin2003.bpl/lasso_trace_1.txt,NONTERMINATING,0.68,0.68,2.00,NONTERMINATING,9,1,10,Fixpoint / Fixpoint
ATVA2026_benchmark/NON_TERM_LASSO//lasso_traces_pthread_tas.bpl/lasso_trace_1.txt,NONTERMINATING,2.96,2.96,2.00,NONTERMINATING,3,6,9,Fixpoint / Fixpoint
ATVA2026_benchmark/NON_TERM_LASSO//lasso_traces_pthread_ticket.bpl/lasso_trace_1.txt,NONTERMINATING,1.01,1.01,3.00,NONTERMINATING,9,1,10,Fixpoint / Fixpoint
ATVA2026_benchmark/NON_TERM_LASSO//lasso_traces_pthread_unverifi.bpl/lasso_trace_1.txt,NONTERMINATING,3.86,258.55,2.00,NONTERMINATING,6,3,9,GNTA / GNTA
ATVA2026_benchmark/NON_TERM_LASSO//lasso_traces_RailwayCrossing.bpl/lasso_trace_1.txt,NONTERMINATING,6.89,266.77,5.00,NONTERMINATING,1,1,2,GNTA / GNTA
ATVA2026_benchmark/NON_TERM_LASSO//lasso_traces_RailwayCrossing-Incorrenct.bpl/lasso_trace_1.txt,NONTERMINATING,12.17,168.04,5.00,NONTERMINATING,1,1,2,GNTA / GNTA
ATVA2026_benchmark/NON_TERM_LASSO//lasso_traces_RanFile001.bpl/lasso_trace_1.txt,NONTERMINATING,20.07,20.07,2.00,NONTERMINATING,0,2,2,Fixpoint / Fixpoint
ATVA2026_benchmark/NON_TERM_LASSO//lasso_traces_RanFile004.bpl/lasso_trace_1.txt,NONTERMINATING,20.09,20.09,2.00,NONTERMINATING,1,1,2,Fixpoint / Fixpoint
ATVA2026_benchmark/NON_TERM_LASSO//lasso_traces_RanFile005.bpl/lasso_trace_1.txt,NONTERMINATING,12.18,12.18,2.00,NONTERMINATING,5,3,8,Fixpoint / Fixpoint
ATVA2026_benchmark/NON_TERM_LASSO//lasso_traces_RanFile007.bpl/lasso_trace_1.txt,NONTERMINATING,13.31,13.31,2.00,NONTERMINATING,0,2,2,Fixpoint / Fixpoint
ATVA2026_benchmark/NON_TERM_LASSO//lasso_traces_RanFile008.bpl/lasso_trace_1.txt,NONTERMINATING,17.22,17.22,3.00,NONTERMINATING,1,1,2,Fixpoint / Fixpoint
ATVA2026_benchmark/NON_TERM_LASSO//lasso_traces_RanFile009.bpl/lasso_trace_1.txt,NONTERMINATING,12.96,12.96,2.00,NONTERMINATING,1,1,2,Fixpoint / Fixpoint
ATVA2026_benchmark/NON_TERM_LASSO//lasso_traces_RanFile010.bpl/lasso_trace_1.txt,NONTERMINATING,3.55,246.65,2.00,NONTERMINATING,0,2,2,GNTA / GNTA
ATVA2026_benchmark/NON_TERM_LASSO//lasso_traces_RanFile011.bpl/lasso_trace_1.txt,NONTERMINATING,11.75,11.75,2.00,NONTERMINATING,1,1,2,Fixpoint / Fixpoint
ATVA2026_benchmark/NON_TERM_LASSO//lasso_traces_RanFile014.bpl/lasso_trace_1.txt,NONTERMINATING,79.64,79.64,2.00,NONTERMINATING,1,1,2,Fixpoint / Fixpoint
ATVA2026_benchmark/NON_TERM_LASSO//lasso_traces_RanFile015.bpl/lasso_trace_1.txt,NONTERMINATING,26.29,26.29,2.00,NONTERMINATING,2,1,3,Fixpoint / Fixpoint
ATVA2026_benchmark/NON_TERM_LASSO//lasso_traces_RanFile016.bpl/lasso_trace_1.txt,NONTERMINATING,19.35,19.35,2.00,NONTERMINATING,0,1,1,Fixpoint / Fixpoint
ATVA2026_benchmark/NON_TERM_LASSO//lasso_traces_RanFile017.bpl/lasso_trace_1.txt,NONTERMINATING,23.69,23.69,4.00,NONTERMINATING,1,1,2,Fixpoint / Fixpoint
ATVA2026_benchmark/NON_TERM_LASSO//lasso_traces_RanFile018.bpl/lasso_trace_1.txt,NONTERMINATING,28.15,28.15,2.00,NONTERMINATING,1,2,3,Fixpoint / Fixpoint
ATVA2026_benchmark/NON_TERM_LASSO//lasso_traces_RanFile019.bpl/lasso_trace_1.txt,NONTERMINATING,32.82,32.82,2.00,NONTERMINATING,1,1,2,Fixpoint / Fixpoint
ATVA2026_benchmark/NON_TERM_LASSO//lasso_traces_RanFile020.bpl/lasso_trace_1.txt,NONTERMINATING,31.93,31.93,2.00,NONTERMINATING,0,2,2,Fixpoint / Fixpoint
ATVA2026_benchmark/NON_TERM_LASSO//lasso_traces_RanFile021.bpl/lasso_trace_1.txt,NONTERMINATING,17.31,17.31,2.00,NONTERMINATING,1,2,3,Fixpoint / Fixpoint
ATVA2026_benchmark/NON_TERM_LASSO//lasso_traces_RanFile022.bpl/lasso_trace_1.txt,NONTERMINATING,28.17,28.17,2.00,NONTERMINATING,0,1,1,Fixpoint / Fixpoint
ATVA2026_benchmark/NON_TERM_LASSO//lasso_traces_RanFile023.bpl/lasso_trace_1.txt,NONTERMINATING,39.65,39.65,3.00,NONTERMINATING,1,1,2,Fixpoint / Fixpoint
ATVA2026_benchmark/NON_TERM_LASSO//lasso_traces_RanFile024.bpl/lasso_trace_1.txt,NONTERMINATING,80.44,80.44,3.00,NONTERMINATING,1,1,2,Fixpoint / Fixpoint
ATVA2026_benchmark/NON_TERM_LASSO//lasso_traces_RanFile025.bpl/lasso_trace_1.txt,NONTERMINATING,11.18,11.18,4.00,NONTERMINATING,0,2,2,Fixpoint / Fixpoint
ATVA2026_benchmark/NON_TERM_LASSO//lasso_traces_RanFile026.bpl/lasso_trace_1.txt,NONTERMINATING,14.69,14.69,2.00,NONTERMINATING,1,2,3,Fixpoint / Fixpoint
ATVA2026_benchmark/NON_TERM_LASSO//lasso_traces_RanFile027.bpl/lasso_trace_1.txt,NONTERMINATING,18.81,18.81,2.00,NONTERMINATING,1,1,2,Fixpoint / Fixpoint
ATVA2026_benchmark/NON_TERM_LASSO//lasso_traces_RanFile028.bpl/lasso_trace_1.txt,NONTERMINATING,15.08,15.08,2.00,NONTERMINATING,1,1,2,Fixpoint / Fixpoint
ATVA2026_benchmark/NON_TERM_LASSO//lasso_traces_RanFile029.bpl/lasso_trace_1.txt,NONTERMINATING,13.75,13.75,2.00,NONTERMINATING,0,1,1,Fixpoint / Fixpoint
ATVA2026_benchmark/NON_TERM_LASSO//lasso_traces_RanFile030.bpl/lasso_trace_1.txt,NONTERMINATING,20.14,20.14,2.00,NONTERMINATING,1,1,2,Fixpoint / Fixpoint
ATVA2026_benchmark/NON_TERM_LASSO//lasso_traces_RanFile031.bpl/lasso_trace_1.txt,NONTERMINATING,25.33,25.33,2.00,NONTERMINATING,2,1,3,Fixpoint / Fixpoint
ATVA2026_benchmark/NON_TERM_LASSO//lasso_traces_RanFile032.bpl/lasso_trace_1.txt,NONTERMINATING,33.34,33.34,3.00,NONTERMINATING,1,1,2,Fixpoint / Fixpoint
ATVA2026_benchmark/NON_TERM_LASSO//lasso_traces_RanFile033.bpl/lasso_trace_1.txt,NONTERMINATING,14.14,14.14,2.00,NONTERMINATING,1,2,3,Fixpoint / Fixpoint
ATVA2026_benchmark/NON_TERM_LASSO//lasso_traces_RanFile034.bpl/lasso_trace_1.txt,NONTERMINATING,26.68,26.68,1.00,NONTERMINATING,0,1,1,Fixpoint / Fixpoint
ATVA2026_benchmark/NON_TERM_LASSO//lasso_traces_RanFile035.bpl/lasso_trace_1.txt,NONTERMINATING,40.48,40.48,2.00,NONTERMINATING,0,2,2,Fixpoint / Fixpoint
ATVA2026_benchmark/NON_TERM_LASSO//lasso_traces_RanFile037.bpl/lasso_trace_1.txt,NONTERMINATING,15.17,15.17,2.00,NONTERMINATING,1,1,2,Fixpoint / Fixpoint
ATVA2026_benchmark/NON_TERM_LASSO//lasso_traces_RanFile038.bpl/lasso_trace_1.txt,NONTERMINATING,18.58,18.58,2.00,NONTERMINATING,2,2,4,Fixpoint / Fixpoint
ATVA2026_benchmark/NON_TERM_LASSO//lasso_traces_RanFile039.bpl/lasso_trace_1.txt,NONTERMINATING,19.29,19.29,2.00,NONTERMINATING,1,1,2,Fixpoint / Fixpoint
ATVA2026_benchmark/NON_TERM_LASSO//lasso_traces_RanFile040.bpl/lasso_trace_1.txt,NONTERMINATING,59.09,59.09,1.00,NONTERMINATING,0,1,1,Fixpoint / Fixpoint
ATVA2026_benchmark/NON_TERM_LASSO//lasso_traces_RanFile041.bpl/lasso_trace_1.txt,NONTERMINATING,14.78,14.78,4.00,NONTERMINATING,1,4,5,Fixpoint / Fixpoint
ATVA2026_benchmark/NON_TERM_LASSO//lasso_traces_RanFile042.bpl/lasso_trace_1.txt,NONTERMINATING,17.72,17.72,3.00,NONTERMINATING,1,3,4,Fixpoint / Fixpoint
ATVA2026_benchmark/NON_TERM_LASSO//lasso_traces_RanFile043.bpl/lasso_trace_1.txt,NONTERMINATING,15.00,15.00,2.00,NONTERMINATING,1,1,2,Fixpoint / Fixpoint
ATVA2026_benchmark/NON_TERM_LASSO//lasso_traces_RanFile044.bpl/lasso_trace_1.txt,NONTERMINATING,29.65,29.65,2.00,NONTERMINATING,1,1,2,Fixpoint / Fixpoint
ATVA2026_benchmark/NON_TERM_LASSO//lasso_traces_RanFile045.bpl/lasso_trace_1.txt,NONTERMINATING,20.26,20.26,2.00,NONTERMINATING,1,1,2,Fixpoint / Fixpoint
ATVA2026_benchmark/NON_TERM_LASSO//lasso_traces_RanFile046.bpl/lasso_trace_1.txt,NONTERMINATING,16.02,16.02,2.00,NONTERMINATING,1,1,2,Fixpoint / Fixpoint
ATVA2026_benchmark/NON_TERM_LASSO//lasso_traces_RanFile047.bpl/lasso_trace_1.txt,NONTERMINATING,18.11,18.11,2.00,NONTERMINATING,1,1,2,Fixpoint / Fixpoint
ATVA2026_benchmark/NON_TERM_LASSO//lasso_traces_RanFile048.bpl/lasso_trace_1.txt,NONTERMINATING,21.33,21.33,1.00,NONTERMINATING,1,1,2,Fixpoint / Fixpoint
ATVA2026_benchmark/NON_TERM_LASSO//lasso_traces_RanFile049.bpl/lasso_trace_2.txt,NONTERMINATING,26.35,26.35,2.00,NONTERMINATING,2,1,3,Fixpoint / Fixpoint
ATVA2026_benchmark/NON_TERM_LASSO//lasso_traces_RanFile050.bpl/lasso_trace_1.txt,NONTERMINATING,16.68,16.68,3.00,NONTERMINATING,1,2,3,Fixpoint / Fixpoint
ATVA2026_benchmark/NON_TERM_LASSO//lasso_traces_RanFile051.bpl/lasso_trace_1.txt,NONTERMINATING,31.76,31.76,2.00,NONTERMINATING,0,4,4,Fixpoint / Fixpoint
ATVA2026_benchmark/NON_TERM_LASSO//lasso_traces_RanFile052.bpl/lasso_trace_1.txt,NONTERMINATING,11.53,11.53,2.00,NONTERMINATING,3,1,4,Fixpoint / Fixpoint
ATVA2026_benchmark/NON_TERM_LASSO//lasso_traces_RanFile053.bpl/lasso_trace_1.txt,NONTERMINATING,13.45,13.45,2.00,NONTERMINATING,0,2,2,Fixpoint / Fixpoint
ATVA2026_benchmark/NON_TERM_LASSO//lasso_traces_RanFile054.bpl/lasso_trace_1.txt,NONTERMINATING,10.71,10.71,2.00,NONTERMINATING,0,1,1,Fixpoint / Fixpoint
ATVA2026_benchmark/NON_TERM_LASSO//lasso_traces_RanFile055.bpl/lasso_trace_1.txt,NONTERMINATING,42.98,42.98,2.00,NONTERMINATING,1,3,4,Fixpoint / Fixpoint
ATVA2026_benchmark/NON_TERM_LASSO//lasso_traces_RanFile056.bpl/lasso_trace_1.txt,NONTERMINATING,13.12,13.12,2.00,NONTERMINATING,1,1,2,Fixpoint / Fixpoint
ATVA2026_benchmark/NON_TERM_LASSO//lasso_traces_RanFile057.bpl/lasso_trace_1.txt,NONTERMINATING,16.89,16.89,2.00,NONTERMINATING,1,1,2,Fixpoint / Fixpoint
ATVA2026_benchmark/NON_TERM_LASSO//lasso_traces_RanFile058.bpl/lasso_trace_2.txt,NONTERMINATING,10.90,10.90,2.00,NONTERMINATING,0,4,4,Fixpoint / Fixpoint
ATVA2026_benchmark/NON_TERM_LASSO//lasso_traces_RanFile059.bpl/lasso_trace_1.txt,NONTERMINATING,17.78,17.78,2.00,NONTERMINATING,0,2,2,Fixpoint / Fixpoint
ATVA2026_benchmark/NON_TERM_LASSO//lasso_traces_RanFile060.bpl/lasso_trace_1.txt,NONTERMINATING,19.90,19.90,1.00,NONTERMINATING,0,1,1,Fixpoint / Fixpoint
ATVA2026_benchmark/NON_TERM_LASSO//lasso_traces_RanFile061.bpl/lasso_trace_1.txt,NONTERMINATING,23.74,23.74,3.00,NONTERMINATING,1,1,2,Fixpoint / Fixpoint
ATVA2026_benchmark/NON_TERM_LASSO//lasso_traces_RanFile062.bpl/lasso_trace_1.txt,NONTERMINATING,25.47,25.47,2.00,NONTERMINATING,1,1,2,Fixpoint / Fixpoint
ATVA2026_benchmark/NON_TERM_LASSO//lasso_traces_RanFile063.bpl/lasso_trace_1.txt,NONTERMINATING,18.66,18.66,2.00,NONTERMINATING,1,2,3,Fixpoint / Fixpoint
ATVA2026_benchmark/NON_TERM_LASSO//lasso_traces_RanFile064.bpl/lasso_trace_1.txt,NONTERMINATING,12.58,12.58,2.00,NONTERMINATING,1,1,2,Fixpoint / Fixpoint
ATVA2026_benchmark/NON_TERM_LASSO//lasso_traces_RanFile065.bpl/lasso_trace_1.txt,NONTERMINATING,14.08,14.08,2.00,NONTERMINATING,1,3,4,Fixpoint / Fixpoint
ATVA2026_benchmark/NON_TERM_LASSO//lasso_traces_RanFile066.bpl/lasso_trace_1.txt,NONTERMINATING,85.64,85.64,2.00,NONTERMINATING,1,1,2,Fixpoint / Fixpoint
ATVA2026_benchmark/NON_TERM_LASSO//lasso_traces_RanFile067.bpl/lasso_trace_1.txt,NONTERMINATING,11.45,11.45,1.00,NONTERMINATING,0,2,2,Fixpoint / Fixpoint
ATVA2026_benchmark/NON_TERM_LASSO//lasso_traces_RanFile068.bpl/lasso_trace_1.txt,NONTERMINATING,16.66,16.66,3.00,NONTERMINATING,1,1,2,Fixpoint / Fixpoint
ATVA2026_benchmark/NON_TERM_LASSO//lasso_traces_RanFile069.bpl/lasso_trace_1.txt,NONTERMINATING,27.08,27.08,1.00,NONTERMINATING,1,2,3,Fixpoint / Fixpoint
ATVA2026_benchmark/NON_TERM_LASSO//lasso_traces_RanFile070.bpl/lasso_trace_1.txt,NONTERMINATING,16.06,16.06,1.00,NONTERMINATING,1,1,2,Fixpoint / Fixpoint
ATVA2026_benchmark/NON_TERM_LASSO//lasso_traces_RanFile071.bpl/lasso_trace_1.txt,NONTERMINATING,8.62,8.62,2.00,NONTERMINATING,0,2,2,Fixpoint / Fixpoint
ATVA2026_benchmark/NON_TERM_LASSO//lasso_traces_RanFile072.bpl/lasso_trace_1.txt,NONTERMINATING,10.12,10.12,2.00,NONTERMINATING,1,2,3,Fixpoint / Fixpoint
ATVA2026_benchmark/NON_TERM_LASSO//lasso_traces_RanFile073.bpl/lasso_trace_1.txt,NONTERMINATING,36.38,36.38,2.00,NONTERMINATING,1,1,2,Fixpoint / Fixpoint
ATVA2026_benchmark/NON_TERM_LASSO//lasso_traces_RanFile074.bpl/lasso_trace_1.txt,NONTERMINATING,12.01,12.01,2.00,NONTERMINATING,2,1,3,Fixpoint / Fixpoint
ATVA2026_benchmark/NON_TERM_LASSO//lasso_traces_RanFile075.bpl/lasso_trace_1.txt,NONTERMINATING,43.80,43.80,2.00,NONTERMINATING,1,4,5,Fixpoint / Fixpoint
ATVA2026_benchmark/NON_TERM_LASSO//lasso_traces_RanFile076.bpl/lasso_trace_1.txt,NONTERMINATING,17.40,17.40,2.00,NONTERMINATING,1,1,2,Fixpoint / Fixpoint
ATVA2026_benchmark/NON_TERM_LASSO//lasso_traces_RanFile077.bpl/lasso_trace_1.txt,NONTERMINATING,7.37,7.37,3.00,NONTERMINATING,2,1,3,Fixpoint / Fixpoint
ATVA2026_benchmark/NON_TERM_LASSO//lasso_traces_RanFile078.bpl/lasso_trace_1.txt,NONTERMINATING,13.85,13.85,2.00,NONTERMINATING,1,3,4,Fixpoint / Fixpoint
ATVA2026_benchmark/NON_TERM_LASSO//lasso_traces_RanFile079.bpl/lasso_trace_1.txt,NONTERMINATING,29.11,29.11,2.00,NONTERMINATING,1,1,2,Fixpoint / Fixpoint
ATVA2026_benchmark/NON_TERM_LASSO//lasso_traces_RanFile080.bpl/lasso_trace_1.txt,NONTERMINATING,65.78,65.78,3.00,NONTERMINATING,1,1,2,Fixpoint / Fixpoint
ATVA2026_benchmark/NON_TERM_LASSO//lasso_traces_RanFile081.bpl/lasso_trace_1.txt,NONTERMINATING,19.78,19.78,3.00,NONTERMINATING,0,4,4,Fixpoint / Fixpoint
ATVA2026_benchmark/NON_TERM_LASSO//lasso_traces_RanFile082.bpl/lasso_trace_1.txt,NONTERMINATING,18.27,18.27,3.00,NONTERMINATING,1,1,2,Fixpoint / Fixpoint
ATVA2026_benchmark/NON_TERM_LASSO//lasso_traces_RanFile083.bpl/lasso_trace_1.txt,NONTERMINATING,40.35,40.35,2.00,NONTERMINATING,0,2,2,Fixpoint / Fixpoint
ATVA2026_benchmark/NON_TERM_LASSO//lasso_traces_RanFile084.bpl/lasso_trace_1.txt,NONTERMINATING,10.25,10.25,2.00,NONTERMINATING,0,3,3,Fixpoint / Fixpoint
ATVA2026_benchmark/NON_TERM_LASSO//lasso_traces_RanFile085.bpl/lasso_trace_1.txt,NONTERMINATING,14.48,14.48,2.00,NONTERMINATING,1,2,3,Fixpoint / Fixpoint
ATVA2026_benchmark/NON_TERM_LASSO//lasso_traces_RanFile086.bpl/lasso_trace_1.txt,NONTERMINATING,9.96,9.96,2.00,NONTERMINATING,1,1,2,Fixpoint / Fixpoint
ATVA2026_benchmark/NON_TERM_LASSO//lasso_traces_RanFile087.bpl/lasso_trace_1.txt,NONTERMINATING,15.12,15.12,2.00,NONTERMINATING,1,1,2,Fixpoint / Fixpoint
ATVA2026_benchmark/NON_TERM_LASSO//lasso_traces_RanFile088.bpl/lasso_trace_1.txt,NONTERMINATING,18.63,18.63,1.00,NONTERMINATING,0,1,1,Fixpoint / Fixpoint
ATVA2026_benchmark/NON_TERM_LASSO//lasso_traces_RanFile089.bpl/lasso_trace_1.txt,NONTERMINATING,18.66,18.66,2.00,NONTERMINATING,1,1,2,Fixpoint / Fixpoint
ATVA2026_benchmark/NON_TERM_LASSO//lasso_traces_RanFile090.bpl/lasso_trace_1.txt,NONTERMINATING,10.74,10.74,2.00,NONTERMINATING,1,1,2,Fixpoint / Fixpoint
ATVA2026_benchmark/NON_TERM_LASSO//lasso_traces_RanFile091.bpl/lasso_trace_1.txt,NONTERMINATING,10.81,10.81,2.00,NONTERMINATING,0,3,3,Fixpoint / Fixpoint
ATVA2026_benchmark/NON_TERM_LASSO//lasso_traces_RanFile092.bpl/lasso_trace_1.txt,NONTERMINATING,11.45,11.45,2.00,NONTERMINATING,0,3,3,Fixpoint / Fixpoint
ATVA2026_benchmark/NON_TERM_LASSO//lasso_traces_RanFile093.bpl/lasso_trace_1.txt,NONTERMINATING,19.49,19.49,1.00,NONTERMINATING,1,1,2,Fixpoint / Fixpoint
ATVA2026_benchmark/NON_TERM_LASSO//lasso_traces_RanFile094.bpl/lasso_trace_1.txt,NONTERMINATING,19.05,19.05,2.00,NONTERMINATING,0,1,1,Fixpoint / Fixpoint
ATVA2026_benchmark/NON_TERM_LASSO//lasso_traces_RanFile095.bpl/lasso_trace_1.txt,NONTERMINATING,7.77,7.77,2.00,NONTERMINATING,2,1,3,Fixpoint / Fixpoint
ATVA2026_benchmark/NON_TERM_LASSO//lasso_traces_RanFile096.bpl/lasso_trace_1.txt,NONTERMINATING,32.76,32.76,2.00,NONTERMINATING,1,1,2,Fixpoint / Fixpoint
ATVA2026_benchmark/NON_TERM_LASSO//lasso_traces_RanFile097.bpl/lasso_trace_1.txt,NONTERMINATING,11.89,11.89,1.00,NONTERMINATING,1,1,2,Fixpoint / Fixpoint
ATVA2026_benchmark/NON_TERM_LASSO//lasso_traces_RanFile098.bpl/lasso_trace_1.txt,NONTERMINATING,32.26,32.26,2.00,NONTERMINATING,1,3,4,Fixpoint / Fixpoint
ATVA2026_benchmark/NON_TERM_LASSO//lasso_traces_RanFile099.bpl/lasso_trace_1.txt,NONTERMINATING,14.96,14.96,1.00,NONTERMINATING,0,1,1,Fixpoint / Fixpoint
ATVA2026_benchmark/NON_TERM_LASSO//lasso_traces_ReachDef-NestedLoop.bpl/lasso_trace_1.txt,NONTERMINATING,3.51,3.51,2.00,NONTERMINATING,1,2,3,Fixpoint / Fixpoint
ATVA2026_benchmark/NON_TERM_LASSO//lasso_traces_ReachDef-Simple.bpl/lasso_trace_1.txt,NONTERMINATING,2.18,72.90,1.00,NONTERMINATING,1,1,2,GNTA / GNTA
ATVA2026_benchmark/NON_TERM_LASSO//lasso_traces_ReadonlyNonlinear.bpl/lasso_trace_1.txt,NONTERMINATING,3.20,3.20,1.00,NONTERMINATING,1,1,2,Fixpoint / Fixpoint
ATVA2026_benchmark/NON_TERM_LASSO//lasso_traces_recursive-Collatz.bpl/lasso_trace_2.txt,NONTERMINATING,1.48,1.48,1.00,NONTERMINATING,0,3,3,Fixpoint / Fixpoint
ATVA2026_benchmark/NON_TERM_LASSO//lasso_traces_recursive-endless.bpl/lasso_trace_1.txt,NONTERMINATING,2.18,2.18,1.00,NONTERMINATING,0,1,1,Fixpoint / Fixpoint
ATVA2026_benchmark/NON_TERM_LASSO//lasso_traces_recursive-wrong-prestate.bpl/lasso_trace_1.txt,NONTERMINATING,1.92,75.17,3.00,NONTERMINATING,1,3,4,GNTA / GNTA
ATVA2026_benchmark/NON_TERM_LASSO//lasso_traces_RequiresOldVarEquality.bpl/lasso_trace_1.txt,NONTERMINATING,2.10,44.62,1.00,NONTERMINATING,1,2,3,GNTA / GNTA
ATVA2026_benchmark/NON_TERM_LASSO//lasso_traces_RespectsModifies01.bpl/lasso_trace_1.txt,NONTERMINATING,1.84,36.63,1.00,NONTERMINATING,1,2,3,GNTA / GNTA
ATVA2026_benchmark/NON_TERM_LASSO//lasso_traces_returnZero.bpl/lasso_trace_1.txt,NONTERMINATING,2.49,2.49,1.00,NONTERMINATING,0,1,1,Fixpoint / Fixpoint
ATVA2026_benchmark/NON_TERM_LASSO//lasso_traces_Rotation01.bpl/lasso_trace_1.txt,NONTERMINATING,3.02,3.02,2.00,NONTERMINATING,0,1,1,Fixpoint / Fixpoint
ATVA2026_benchmark/NON_TERM_LASSO//lasso_traces_Rotation02.bpl/lasso_trace_1.txt,NONTERMINATING,1.84,1.84,1.00,NONTERMINATING,2,1,3,Fixpoint / Fixpoint
ATVA2026_benchmark/NON_TERM_LASSO//lasso_traces_s3_clnt_1_Safe.bpl/lasso_trace_13.txt,NONTERMINATING,3.24,3.24,32.00,NONTERMINATING,6,37,43,Fixpoint / Fixpoint
ATVA2026_benchmark/NON_TERM_LASSO//lasso_traces_s3_clnt_1_Unsafe.bpl/lasso_trace_13.txt,NONTERMINATING,3.15,3.15,34.00,NONTERMINATING,6,37,43,Fixpoint / Fixpoint
ATVA2026_benchmark/NON_TERM_LASSO//lasso_traces_s3_clnt_3.BV.c.cil.c_19.bpl/lasso_trace_6.txt,NONTERMINATING,4.36,4.36,21.00,NONTERMINATING,13,10,23,Fixpoint / Fixpoint
ATVA2026_benchmark/NON_TERM_LASSO//lasso_traces_s3_srvr_2_alt.BV.c.cil.c_13.bpl/lasso_trace_6.txt,NONTERMINATING,3.10,3.10,4.00,NONTERMINATING,8,5,13,Fixpoint / Fixpoint
ATVA2026_benchmark/NON_TERM_LASSO//lasso_traces_s3_srvr_2.BV.c.cil.c_13.bpl/lasso_trace_6.txt,NONTERMINATING,2.91,2.91,3.00,NONTERMINATING,8,5,13,Fixpoint / Fixpoint
ATVA2026_benchmark/NON_TERM_LASSO//lasso_traces_sameRankingfunction_false-termination.bpl/lasso_trace_1.txt,NONTERMINATING,2.88,2.88,2.00,NONTERMINATING,0,1,1,Fixpoint / Fixpoint
ATVA2026_benchmark/NON_TERM_LASSO//lasso_traces_Sandman01.bpl/lasso_trace_1.txt,NONTERMINATING,3.12,3.12,4.00,NONTERMINATING,1,1,2,Fixpoint / Fixpoint
ATVA2026_benchmark/NON_TERM_LASSO//lasso_traces_SAS09.bpl/lasso_trace_1.txt,NONTERMINATING,2.28,48.69,1.00,NONTERMINATING,1,1,2,GNTA / GNTA
ATVA2026_benchmark/NON_TERM_LASSO//lasso_traces_SAS09doubleLoop.bpl/lasso_trace_1.txt,NONTERMINATING,1.88,53.12,1.00,NONTERMINATING,1,1,2,GNTA / GNTA
ATVA2026_benchmark/NON_TERM_LASSO//lasso_traces_SAS09doubleLoop-incorrect.bpl/lasso_trace_1.txt,NONTERMINATING,1.94,59.03,1.00,NONTERMINATING,1,1,2,GNTA / GNTA
ATVA2026_benchmark/NON_TERM_LASSO//lasso_traces_SAS09doubleLoop_incorrect.bpl/lasso_trace_1.txt,NONTERMINATING,2.05,54.85,1.00,NONTERMINATING,1,1,2,GNTA / GNTA
ATVA2026_benchmark/NON_TERM_LASSO//lasso_traces_SAS09-incorrect.bpl/lasso_trace_1.txt,NONTERMINATING,2.05,54.35,1.00,NONTERMINATING,1,1,2,GNTA / GNTA
ATVA2026_benchmark/NON_TERM_LASSO//lasso_traces_SAS09Reals.bpl/lasso_trace_1.txt,NONTERMINATING,2.19,51.78,1.00,NONTERMINATING,1,1,2,GNTA / GNTA
ATVA2026_benchmark/NON_TERM_LASSO//lasso_traces_SelectsStoresEqualities.bpl/lasso_trace_1.txt,NONTERMINATING,3.82,3.82,2.00,NONTERMINATING,1,1,2,Fixpoint / Fixpoint
ATVA2026_benchmark/NON_TERM_LASSO//lasso_traces_Selestat.bpl/lasso_trace_1.txt,NONTERMINATING,1.74,36.20,1.00,NONTERMINATING,0,1,1,GNTA / GNTA
ATVA2026_benchmark/NON_TERM_LASSO//lasso_traces_SimilarQuantifiedVariables.bpl/lasso_trace_1.txt,NONTERMINATING,3.34,3.34,2.00,NONTERMINATING,1,1,2,Fixpoint / Fixpoint
ATVA2026_benchmark/NON_TERM_LASSO//lasso_traces_simpleConComLoop.bpl/lasso_trace_1.txt,NONTERMINATING,2.42,56.97,2.00,NONTERMINATING,2,2,4,GNTA / GNTA
ATVA2026_benchmark/NON_TERM_LASSO//lasso_traces_SimultaneousDecrement.bpl/lasso_trace_1.txt,NONTERMINATING,2.12,70.42,2.00,NONTERMINATING,1,1,2,GNTA / GNTA
ATVA2026_benchmark/NON_TERM_LASSO//lasso_traces_SimultaneousIncrement.bpl/lasso_trace_1.txt,NONTERMINATING,3.72,84.68,1.00,NONTERMINATING,1,1,2,GNTA / GNTA
ATVA2026_benchmark/NON_TERM_LASSO//lasso_traces_special-cnf-conversion-bug-2.bpl/lasso_trace_1.txt,NONTERMINATING,2.79,2.79,1.00,NONTERMINATING,1,1,2,Fixpoint / Fixpoint
ATVA2026_benchmark/NON_TERM_LASSO//lasso_traces_sumGeneric2_rec.bpl/lasso_trace_1.txt,NONTERMINATING,1.62,115.67,2.00,NONTERMINATING,0,3,3,GNTA / GNTA
ATVA2026_benchmark/NON_TERM_LASSO//lasso_traces_sumGeneric_rec.bpl/lasso_trace_1.txt,NONTERMINATING,2.63,117.85,2.00,NONTERMINATING,0,3,3,GNTA / GNTA
ATVA2026_benchmark/NON_TERM_LASSO//lasso_traces_sum_rec.bpl/lasso_trace_1.txt,NONTERMINATING,1.62,112.23,2.00,NONTERMINATING,0,3,3,GNTA / GNTA
ATVA2026_benchmark/NON_TERM_LASSO//lasso_traces_sumsumbank.bpl/lasso_trace_1.txt,NONTERMINATING,3.15,3.15,4.00,NONTERMINATING,3,2,5,Fixpoint / Fixpoint
ATVA2026_benchmark/NON_TERM_LASSO//lasso_traces_sumsuminc.bpl/lasso_trace_3.txt,NONTERMINATING,1.57,1.57,2.00,NONTERMINATING,4,2,6,Fixpoint / Fixpoint
ATVA2026_benchmark/NON_TERM_LASSO//lasso_traces_sumsumsampleabs.bpl/lasso_trace_1.txt,NONTERMINATING,3.30,3.30,2.00,NONTERMINATING,1,1,2,Fixpoint / Fixpoint
ATVA2026_benchmark/NON_TERM_LASSO//lasso_traces_SyntaxSupportArrays04-MultipleConstantIndices.bpl/lasso_trace_1.txt,NONTERMINATING,3.55,3.55,1.00,NONTERMINATING,0,1,1,Fixpoint / Fixpoint
ATVA2026_benchmark/NON_TERM_LASSO//lasso_traces_SyntaxSupportArrays21-ArrayEquality.bpl/lasso_trace_1.txt,NONTERMINATING,2.38,2.38,2.00,NONTERMINATING,0,1,1,Fixpoint / Fixpoint
ATVA2026_benchmark/NON_TERM_LASSO//lasso_traces_SyntaxSupportBooleans4.bpl/lasso_trace_1.txt,NONTERMINATING,2.00,38.43,3.00,NONTERMINATING,1,1,2,GNTA / GNTA
ATVA2026_benchmark/NON_TERM_LASSO//lasso_traces_SyntaxSupportIte2.bpl/lasso_trace_1.txt,NONTERMINATING,2.87,2.87,1.00,NONTERMINATING,1,1,2,Fixpoint / Fixpoint
ATVA2026_benchmark/NON_TERM_LASSO//lasso_traces_TerminatorAmirsExample.bpl/lasso_trace_1.txt,NONTERMINATING,1.95,62.51,14.00,NONTERMINATING,1,1,2,GNTA / GNTA
ATVA2026_benchmark/NON_TERM_LASSO//lasso_traces_TerminatorSmall.bpl/lasso_trace_1.txt,NONTERMINATING,1.89,55.83,9.00,NONTERMINATING,1,1,2,GNTA / GNTA
ATVA2026_benchmark/NON_TERM_LASSO//lasso_traces_test2.bpl/lasso_trace_1.txt,NONTERMINATING,1.96,65.22,1.00,NONTERMINATING,1,1,2,GNTA / GNTA
ATVA2026_benchmark/NON_TERM_LASSO//lasso_traces_TestCNF01.bpl/lasso_trace_1.txt,NONTERMINATING,2.63,2.63,1.00,NONTERMINATING,1,1,2,Fixpoint / Fixpoint
ATVA2026_benchmark/NON_TERM_LASSO//lasso_traces_TestDifferentDeclaration.bpl/lasso_trace_1.txt,NONTERMINATING,1.90,84.17,1.00,NONTERMINATING,0,2,2,GNTA / GNTA
ATVA2026_benchmark/NON_TERM_LASSO//lasso_traces_TestForErrorTraceLocations.bpl/lasso_trace_1.txt,NONTERMINATING,3.77,3.77,2.00,NONTERMINATING,1,2,3,Fixpoint / Fixpoint
ATVA2026_benchmark/NON_TERM_LASSO//lasso_traces_TestQuantifierEliminationInequality01.bpl/lasso_trace_1.txt,NONTERMINATING,3.12,3.12,2.00,NONTERMINATING,1,1,2,Fixpoint / Fixpoint
ATVA2026_benchmark/NON_TERM_LASSO//lasso_traces_TestQuantifierEliminationInequality02.bpl/lasso_trace_1.txt,NONTERMINATING,3.82,3.82,2.00,NONTERMINATING,1,1,2,Fixpoint / Fixpoint
ATVA2026_benchmark/NON_TERM_LASSO//lasso_traces_TestQuantifierEliminationInequality03.bpl/lasso_trace_1.txt,NONTERMINATING,4.01,4.01,3.00,NONTERMINATING,1,1,2,Fixpoint / Fixpoint
ATVA2026_benchmark/NON_TERM_LASSO//lasso_traces_TestQuantifierEliminationInequality03_WithConstants.bpl/lasso_trace_1.txt,NONTERMINATING,3.51,3.51,3.00,NONTERMINATING,1,1,2,Fixpoint / Fixpoint
ATVA2026_benchmark/NON_TERM_LASSO//lasso_traces_TestQuantifierEliminationInequality04.bpl/lasso_trace_1.txt,NONTERMINATING,3.10,3.10,1.00,NONTERMINATING,1,1,2,Fixpoint / Fixpoint
ATVA2026_benchmark/NON_TERM_LASSO//lasso_traces_TestQuantifierEliminationInequality04_WithConstants.bpl/lasso_trace_1.txt,NONTERMINATING,3.26,3.26,2.00,NONTERMINATING,1,1,2,Fixpoint / Fixpoint
ATVA2026_benchmark/NON_TERM_LASSO//lasso_traces_TestQuantifierEliminationInequality05.bpl/lasso_trace_1.txt,NONTERMINATING,3.06,3.06,1.00,NONTERMINATING,1,1,2,Fixpoint / Fixpoint
ATVA2026_benchmark/NON_TERM_LASSO//lasso_traces_TestQuantifierEliminationInequality06.bpl/lasso_trace_1.txt,NONTERMINATING,4.14,4.14,1.00,NONTERMINATING,1,1,2,Fixpoint / Fixpoint
ATVA2026_benchmark/NON_TERM_LASSO//lasso_traces_threadpooling_out2.mover.bpl/lasso_trace_3.txt,NONTERMINATING,0.43,55.86,3.00,NONTERMINATING,5,4,9,GNTA / GNTA
ATVA2026_benchmark/NON_TERM_LASSO//lasso_traces_threadpooling_out3.bpl/lasso_trace_4.txt,NONTERMINATING,0.50,70.53,4.00,NONTERMINATING,9,8,17,GNTA / GNTA
ATVA2026_benchmark/NON_TERM_LASSO//lasso_traces_threadpooling_out3.mover.bpl/lasso_trace_4.txt,NONTERMINATING,0.44,58.03,3.00,NONTERMINATING,5,4,9,GNTA / GNTA
ATVA2026_benchmark/NON_TERM_LASSO//lasso_traces_threadpooling_out3_Reals.bpl/lasso_trace_4.txt,NONTERMINATING,0.42,71.54,6.00,NONTERMINATING,9,8,17,GNTA / GNTA
ATVA2026_benchmark/NON_TERM_LASSO//lasso_traces_threadpooling_out.bpl/lasso_trace_3.txt,NONTERMINATING,0.53,73.59,3.00,NONTERMINATING,9,8,17,GNTA / GNTA
ATVA2026_benchmark/NON_TERM_LASSO//lasso_traces_threadpooling_out_Reals.bpl/lasso_trace_3.txt,NONTERMINATING,0.59,71.82,3.00,NONTERMINATING,9,8,17,GNTA / GNTA
ATVA2026_benchmark/NON_TERM_LASSO//lasso_traces_threadpooling_product.bpl/lasso_trace_3.txt,NONTERMINATING,0.89,68.75,3.00,NONTERMINATING,1,5,6,GNTA / GNTA
ATVA2026_benchmark/NON_TERM_LASSO//lasso_traces_threadpooling_product_WithoutIf.bpl/lasso_trace_1.txt,NONTERMINATING,2.23,70.69,3.00,NONTERMINATING,1,4,5,GNTA / GNTA
ATVA2026_benchmark/NON_TERM_LASSO//lasso_traces_threadpooling_product_WithProcedures.bpl/lasso_trace_3.txt,NONTERMINATING,0.68,109.45,13.00,NONTERMINATING,2,7,9,GNTA / GNTA
ATVA2026_benchmark/NON_TERM_LASSO//lasso_traces_TotalInterpolationFails.bpl/lasso_trace_1.txt,NONTERMINATING,3.63,3.63,1.00,NONTERMINATING,1,1,2,Fixpoint / Fixpoint
ATVA2026_benchmark/NON_TERM_LASSO//lasso_traces_TrivialPolynomialInvariant.bpl/lasso_trace_1.txt,NONTERMINATING,3.25,3.25,3.00,NONTERMINATING,1,1,2,Fixpoint / Fixpoint
ATVA2026_benchmark/NON_TERM_LASSO//lasso_traces_trueDiv_rec.bpl/lasso_trace_1.txt,NONTERMINATING,1.71,75.67,2.00,NONTERMINATING,0,2,2,GNTA / GNTA
ATVA2026_benchmark/NON_TERM_LASSO//lasso_traces_Typedef-safe.bpl/lasso_trace_1.txt,NONTERMINATING,2.08,2.08,1.00,NONTERMINATING,1,1,2,Fixpoint / Fixpoint
ATVA2026_benchmark/NON_TERM_LASSO//lasso_traces_Typedef-unsafe.bpl/lasso_trace_1.txt,NONTERMINATING,2.00,2.00,2.00,NONTERMINATING,1,1,2,Fixpoint / Fixpoint
ATVA2026_benchmark/NON_TERM_LASSO//lasso_traces_UpAndDownGlobal.bpl/lasso_trace_1.txt,NONTERMINATING,3.37,86.13,2.00,NONTERMINATING,0,2,2,GNTA / GNTA
ATVA2026_benchmark/NON_TERM_LASSO//lasso_traces_UpAndDownGlobalReals.bpl/lasso_trace_1.txt,NONTERMINATING,2.09,49.57,2.00,NONTERMINATING,0,2,2,GNTA / GNTA
ATVA2026_benchmark/NON_TERM_LASSO//lasso_traces_UpAndDownLocal-correct.bpl/lasso_trace_1.txt,NONTERMINATING,2.50,61.30,1.00,NONTERMINATING,0,2,2,GNTA / GNTA
ATVA2026_benchmark/NON_TERM_LASSO//lasso_traces_UpAndDownLocal-mutual-correct.bpl/lasso_trace_1.txt,NONTERMINATING,3.22,65.50,1.00,NONTERMINATING,0,4,4,GNTA / GNTA
ATVA2026_benchmark/NON_TERM_LASSO//lasso_traces_UpAndDownLocalReals-correct.bpl/lasso_trace_1.txt,NONTERMINATING,2.29,61.32,1.00,NONTERMINATING,0,2,2,GNTA / GNTA
ATVA2026_benchmark/NON_TERM_LASSO//lasso_traces_UselessIncrement.bpl/lasso_trace_2.txt,NONTERMINATING,0.59,79.46,1.00,NONTERMINATING,2,1,3,GNTA / GNTA
ATVA2026_benchmark/NON_TERM_LASSO//lasso_traces_Velroyen08-complInterv2.bpl/lasso_trace_1.txt,NONTERMINATING,5.15,5.15,2.00,NONTERMINATING,1,1,2,Fixpoint / Fixpoint
ATVA2026_benchmark/NON_TERM_LASSO//lasso_traces_Velroyen08-complInterv3.bpl/lasso_trace_1.txt,NONTERMINATING,3.51,60.26,3.00,NONTERMINATING,1,1,2,GNTA / GNTA
ATVA2026_benchmark/NON_TERM_LASSO//lasso_traces_Velroyen08-convLower.bpl/lasso_trace_1.txt,NONTERMINATING,5.19,5.19,2.00,NONTERMINATING,1,1,2,Fixpoint / Fixpoint
ATVA2026_benchmark/NON_TERM_LASSO//lasso_traces_Velroyen08-cousot.bpl/lasso_trace_1.txt,NONTERMINATING,4.12,93.64,3.00,NONTERMINATING,1,1,2,GNTA / GNTA
ATVA2026_benchmark/NON_TERM_LASSO//lasso_traces_Velroyen08-even.bpl/lasso_trace_1.txt,NONTERMINATING,2.36,92.85,2.00,NONTERMINATING,1,2,3,GNTA / GNTA
ATVA2026_benchmark/NON_TERM_LASSO//lasso_traces_Velroyen08-ex01.bpl/lasso_trace_1.txt,NONTERMINATING,3.62,76.89,2.00,NONTERMINATING,1,1,2,GNTA / GNTA
ATVA2026_benchmark/NON_TERM_LASSO//lasso_traces_Velroyen08-ex02.bpl/lasso_trace_1.txt,NONTERMINATING,4.67,4.67,2.00,NONTERMINATING,1,1,2,Fixpoint / Fixpoint
ATVA2026_benchmark/NON_TERM_LASSO//lasso_traces_Velroyen08-ex03.bpl/lasso_trace_1.txt,NONTERMINATING,4.93,4.93,2.00,NONTERMINATING,1,1,2,Fixpoint / Fixpoint
ATVA2026_benchmark/NON_TERM_LASSO//lasso_traces_Velroyen08-ex04.bpl/lasso_trace_1.txt,NONTERMINATING,2.06,2.06,1.00,NONTERMINATING,1,1,2,Fixpoint / Fixpoint
ATVA2026_benchmark/NON_TERM_LASSO//lasso_traces_Velroyen08-ex05.bpl/lasso_trace_1.txt,NONTERMINATING,2.04,2.04,1.00,NONTERMINATING,1,1,2,Fixpoint / Fixpoint
ATVA2026_benchmark/NON_TERM_LASSO//lasso_traces_Velroyen08-ex07.bpl/lasso_trace_1.txt,NONTERMINATING,4.99,4.99,2.00,NONTERMINATING,1,1,2,Fixpoint / Fixpoint
ATVA2026_benchmark/NON_TERM_LASSO//lasso_traces_Velroyen08-lcm.bpl/lasso_trace_1.txt,NONTERMINATING,9.88,9.88,2.00,NONTERMINATING,1,1,2,Fixpoint / Fixpoint
ATVA2026_benchmark/NON_TERM_LASSO//lasso_traces_Velroyen08-marbie1.bpl/lasso_trace_1.txt,NONTERMINATING,4.53,66.64,2.00,NONTERMINATING,1,1,2,GNTA / GNTA
ATVA2026_benchmark/NON_TERM_LASSO//lasso_traces_Velroyen08-marbie2.bpl/lasso_trace_1.txt,NONTERMINATING,2.17,2.17,1.00,NONTERMINATING,1,1,2,Fixpoint / Fixpoint
ATVA2026_benchmark/NON_TERM_LASSO//lasso_traces_Velroyen08-middle.bpl/lasso_trace_1.txt,NONTERMINATING,4.02,80.68,4.00,NONTERMINATING,1,1,2,GNTA / GNTA
ATVA2026_benchmark/NON_TERM_LASSO//lasso_traces_Velroyen08-mirrorIntervSim.bpl/lasso_trace_1.txt,NONTERMINATING,7.18,7.18,2.00,NONTERMINATING,1,3,4,Fixpoint / Fixpoint
ATVA2026_benchmark/NON_TERM_LASSO//lasso_traces_Velroyen08-trueDiv.bpl/lasso_trace_1.txt,NONTERMINATING,2.41,104.15,2.00,NONTERMINATING,1,1,2,GNTA / GNTA
ATVA2026_benchmark/NON_TERM_LASSO//lasso_traces_Velroyen08-whileIncr.bpl/lasso_trace_1.txt,NONTERMINATING,3.80,71.71,2.00,NONTERMINATING,1,1,2,GNTA / GNTA
ATVA2026_benchmark/NON_TERM_LASSO//lasso_traces_Velroyen08-whileIncrPart.bpl/lasso_trace_1.txt,NONTERMINATING,2.46,74.21,2.00,NONTERMINATING,1,1,2,GNTA / GNTA
ATVA2026_benchmark/NON_TERM_LASSO//lasso_traces_Velroyen08-whileNested.bpl/lasso_trace_2.txt,NONTERMINATING,0.82,60.31,2.00,NONTERMINATING,2,1,3,GNTA / GNTA
ATVA2026_benchmark/NON_TERM_LASSO//lasso_traces_Velroyen08-whileNestedOffset.bpl/lasso_trace_2.txt,NONTERMINATING,0.80,55.31,2.00,NONTERMINATING,2,1,3,GNTA / GNTA
ATVA2026_benchmark/NON_TERM_LASSO//lasso_traces_Velroyen08-whilePart.bpl/lasso_trace_1.txt,NONTERMINATING,6.14,6.14,2.00,NONTERMINATING,1,1,2,Fixpoint / Fixpoint
ATVA2026_benchmark/NON_TERM_LASSO//lasso_traces_Velroyen08-whileSingle.bpl/lasso_trace_1.txt,NONTERMINATING,7.48,7.48,2.00,NONTERMINATING,1,1,2,Fixpoint / Fixpoint
ATVA2026_benchmark/NON_TERM_LASSO//lasso_traces_Velroyen08-whileTrue.bpl/lasso_trace_1.txt,NONTERMINATING,2.30,2.30,1.00,NONTERMINATING,1,1,2,Fixpoint / Fixpoint
ATVA2026_benchmark/NON_TERM_LASSO//lasso_traces_WaldkirchSiensbach.bpl/lasso_trace_1.txt,NONTERMINATING,2.43,50.09,1.00,NONTERMINATING,0,1,1,GNTA / GNTA
ATVA2026_benchmark/NON_TERM_LASSO//lasso_traces_WaldkirchSuggental.bpl/lasso_trace_1.txt,NONTERMINATING,4.10,4.10,2.00,NONTERMINATING,0,1,1,Fixpoint / Fixpoint
ATVA2026_benchmark/NON_TERM_LASSO//lasso_traces_whileNestedOffset_rec.bpl/lasso_trace_1.txt,NONTERMINATING,2.41,102.63,2.00,NONTERMINATING,0,3,3,GNTA / GNTA
ATVA2026_benchmark/NON_TERM_LASSO//lasso_traces_whileNested_rec.bpl/lasso_trace_1.txt,NONTERMINATING,2.79,99.57,2.00,NONTERMINATING,0,3,3,GNTA / GNTA
ATVA2026_benchmark/NON_TERM_LASSO//lasso_traces_WhileTrue.bpl/lasso_trace_1.txt,NONTERMINATING,3.85,3.85,1.00,NONTERMINATING,0,1,1,Fixpoint / Fixpoint
ATVA2026_benchmark/NON_TERM_LASSO//lasso_traces_01-exsec2_true-valid-ltl.c/lasso_trace_1.txt,NONTERMINATING,3.14,3.14,2.00,NONTERMINATING,5,2,7,Fixpoint / Fixpoint
ATVA2026_benchmark/NON_TERM_LASSO//lasso_traces_03-toyacquirerelease_true-valid-ltl.c/lasso_trace_1.txt,NONTERMINATING,3.09,3.09,1.00,NONTERMINATING,5,3,8,Fixpoint / Fixpoint
ATVA2026_benchmark/NON_TERM_LASSO//lasso_traces_08-postgreSQL_pgarch_false-valid-ltl.c/lasso_trace_3.txt,NONTERMINATING,1.28,1.28,2.00,NONTERMINATING,32,22,54,Fixpoint / Fixpoint
ATVA2026_benchmark/NON_TERM_LASSO//lasso_traces_1394complete-fail.t2.c/lasso_trace_4.txt,NONTERMINATING,2.59,2.59,3.00,NONTERMINATING,348,26,374,Fixpoint / Fixpoint
ATVA2026_benchmark/NON_TERM_LASSO//lasso_traces_1394complete-succeed.t2.c/lasso_trace_7.txt,NONTERMINATING,2.47,2.47,4.00,NONTERMINATING,395,8,403,Fixpoint / Fixpoint
ATVA2026_benchmark/NON_TERM_LASSO//lasso_traces_1394-fail.t2.c/lasso_trace_3.txt,NONTERMINATING,2.73,2.73,3.00,NONTERMINATING,327,29,356,Fixpoint / Fixpoint
ATVA2026_benchmark/NON_TERM_LASSO//lasso_traces_1394-succeed.t2.c/lasso_trace_3.txt,NONTERMINATING,2.63,2.63,4.00,NONTERMINATING,323,29,352,Fixpoint / Fixpoint
ATVA2026_benchmark/NON_TERM_LASSO//lasso_traces_14-windows_os_frag2_true-valid-ltl.c/lasso_trace_1.txt,NONTERMINATING,2.94,2.94,2.00,NONTERMINATING,9,1,10,Fixpoint / Fixpoint
ATVA2026_benchmark/NON_TERM_LASSO//lasso_traces_15-windows_os_frag2_wbug_false-valid-ltl.c/lasso_trace_1.txt,NONTERMINATING,2.92,2.92,2.00,NONTERMINATING,9,1,10,Fixpoint / Fixpoint
ATVA2026_benchmark/NON_TERM_LASSO//lasso_traces_16-windows_os_frag3_true-valid-ltl.c/lasso_trace_1.txt,NONTERMINATING,2.56,2.56,1.00,NONTERMINATING,4,6,10,Fixpoint / Fixpoint
ATVA2026_benchmark/NON_TERM_LASSO//lasso_traces_1997FMSD-Halbwachs.c/lasso_trace_1.txt,NONTERMINATING,3.23,3.23,2.00,NONTERMINATING,5,4,9,Fixpoint / Fixpoint
ATVA2026_benchmark/NON_TERM_LASSO//lasso_traces_1.t2.c/lasso_trace_2.txt,NONTERMINATING,1.71,1.71,2.00,NONTERMINATING,119,30,149,Fixpoint / Fixpoint
ATVA2026_benchmark/NON_TERM_LASSO//lasso_traces_2001TACAS-BallPodelskiRajamani.c/lasso_trace_1.txt,NONTERMINATING,3.03,3.03,2.00,NONTERMINATING,5,2,7,Fixpoint / Fixpoint
ATVA2026_benchmark/NON_TERM_LASSO//lasso_traces_205_9a_array_unsafes_linux-3.16-rc1.tar.xz-205_9a-drivers--net--wan--hdlc_x25.ko-entry_point_true-unreach-call.cil.out.c/lasso_trace_2.txt,NONTERMINATING,17.45,17.45,15.00,NONTERMINATING,18,3,21,Fixpoint / Fixpoint
ATVA2026_benchmark/NON_TERM_LASSO//lasso_traces_21-windows_os_frag6_wbug_false-valid-ltl.c/lasso_trace_2.txt,NONTERMINATING,3.36,3.36,2.00,NONTERMINATING,5,4,9,Fixpoint / Fixpoint
ATVA2026_benchmark/NON_TERM_LASSO//lasso_traces_23-windows_os_frag8_true-valid-ltl.c/lasso_trace_1.txt,NONTERMINATING,3.21,3.21,2.00,NONTERMINATING,9,1,10,Fixpoint / Fixpoint
ATVA2026_benchmark/NON_TERM_LASSO//lasso_traces_2.t2.c/lasso_trace_2.txt,NONTERMINATING,5.23,5.23,2.00,NONTERMINATING,119,30,149,Fixpoint / Fixpoint
ATVA2026_benchmark/NON_TERM_LASSO//lasso_traces_3.t2.c/lasso_trace_1.txt,NONTERMINATING,2.30,2.30,1.00,NONTERMINATING,16,8,24,Fixpoint / Fixpoint
ATVA2026_benchmark/NON_TERM_LASSO//lasso_traces_6.t2.c/lasso_trace_1.txt,NONTERMINATING,2.44,2.44,2.00,NONTERMINATING,16,8,24,Fixpoint / Fixpoint
ATVA2026_benchmark/NON_TERM_LASSO//lasso_traces_7.t2.c/lasso_trace_1.txt,NONTERMINATING,2.84,2.84,3.00,NONTERMINATING,24,16,40,Fixpoint / Fixpoint
ATVA2026_benchmark/NON_TERM_LASSO//lasso_traces_a.02.c/lasso_trace_1.txt,NONTERMINATING,3.51,3.51,2.00,NONTERMINATING,1,1,2,Fixpoint / Fixpoint
ATVA2026_benchmark/NON_TERM_LASSO//lasso_traces_a.02.real.c/lasso_trace_1.txt,NONTERMINATING,6.83,6.83,2.00,NONTERMINATING,1,1,2,Fixpoint / Fixpoint
ATVA2026_benchmark/NON_TERM_LASSO//lasso_traces_a.03.c/lasso_trace_3.txt,NONTERMINATING,2.18,2.18,6.00,NONTERMINATING,3,1,4,Fixpoint / Fixpoint
ATVA2026_benchmark/NON_TERM_LASSO//lasso_traces_a.03-no-inv.c/lasso_trace_3.txt,NONTERMINATING,2.19,2.19,6.00,NONTERMINATING,3,1,4,Fixpoint / Fixpoint
ATVA2026_benchmark/NON_TERM_LASSO//lasso_traces_a.03.real.c/lasso_trace_3.txt,NONTERMINATING,2.22,2.22,6.00,NONTERMINATING,3,2,5,Fixpoint / Fixpoint
ATVA2026_benchmark/NON_TERM_LASSO//lasso_traces_a.03.real-no-inv.c/lasso_trace_3.txt,NONTERMINATING,2.82,2.82,4.00,NONTERMINATING,3,2,5,Fixpoint / Fixpoint
ATVA2026_benchmark/NON_TERM_LASSO//lasso_traces_a.09.c/lasso_trace_1.txt,NONTERMINATING,3.73,3.73,2.00,NONTERMINATING,1,1,2,Fixpoint / Fixpoint
ATVA2026_benchmark/NON_TERM_LASSO//lasso_traces_Ack.c/lasso_trace_2.txt,NONTERMINATING,1.02,223.19,8.00,NONTERMINATING,12,4,16,GNTA / GNTA
ATVA2026_benchmark/NON_TERM_LASSO//lasso_traces_Ackermann_false-termination.c/lasso_trace_1.txt,NONTERMINATING,3.06,218.73,3.00,NONTERMINATING,7,4,11,GNTA / GNTA
ATVA2026_benchmark/NON_TERM_LASSO//lasso_traces_Ackermann_false-termination_true-valid-memsafety.c/lasso_trace_1.txt,NONTERMINATING,2.31,223.11,3.00,NONTERMINATING,7,4,11,GNTA / GNTA
ATVA2026_benchmark/NON_TERM_LASSO//lasso_traces_acqrel-fail.t2.c/lasso_trace_1.txt,NONTERMINATING,2.96,2.96,2.00,NONTERMINATING,32,30,62,Fixpoint / Fixpoint
ATVA2026_benchmark/NON_TERM_LASSO//lasso_traces_ACSL-array_loop_invariant.c/lasso_trace_1.txt,NONTERMINATING,3.37,3.37,2.00,NONTERMINATING,6,3,9,Fixpoint / Fixpoint
ATVA2026_benchmark/NON_TERM_LASSO//lasso_traces_ACSL-at.c/lasso_trace_1.txt,NONTERMINATING,3.62,3.62,2.00,NONTERMINATING,8,3,11,Fixpoint / Fixpoint
ATVA2026_benchmark/NON_TERM_LASSO//lasso_traces_ACSL-boolConversion.c/lasso_trace_1.txt,NONTERMINATING,2.48,2.48,1.00,NONTERMINATING,5,3,8,Fixpoint / Fixpoint
ATVA2026_benchmark/NON_TERM_LASSO//lasso_traces_afagp-fail.t2.c/lasso_trace_1.txt,NONTERMINATING,2.00,1644.79,5.00,NONTERMINATING,416,32,448,GNTA / GNTA
ATVA2026_benchmark/NON_TERM_LASSO//lasso_traces_afagx1.t2.c/lasso_trace_1.txt,NONTERMINATING,2.88,2.88,2.00,NONTERMINATING,20,21,41,Fixpoint / Fixpoint
ATVA2026_benchmark/NON_TERM_LASSO//lasso_traces_AffineTerms.c/lasso_trace_1.txt,NONTERMINATING,5.36,5.36,2.00,NONTERMINATING,6,2,8,Fixpoint / Fixpoint
ATVA2026_benchmark/NON_TERM_LASSO//lasso_traces_agafp.t2.c/lasso_trace_1.txt,NONTERMINATING,1.95,2402.57,5.00,NONTERMINATING,689,9,698,GNTA / GNTA
ATVA2026_benchmark/NON_TERM_LASSO//lasso_traces_and-01-false.c/lasso_trace_1.txt,NONTERMINATING,1.89,108.55,2.00,NONTERMINATING,5,1,6,GNTA / GNTA
ATVA2026_benchmark/NON_TERM_LASSO//lasso_traces_and-01-false_no-overflow.c/lasso_trace_1.txt,NONTERMINATING,1.78,96.88,2.00,NONTERMINATING,5,1,6,GNTA / GNTA
ATVA2026_benchmark/NON_TERM_LASSO//lasso_traces_and-02-false.c/lasso_trace_1.txt,NONTERMINATING,1.85,130.31,2.00,NONTERMINATING,5,1,6,GNTA / GNTA
ATVA2026_benchmark/NON_TERM_LASSO//lasso_traces_and-02-false_no-overflow.c/lasso_trace_1.txt,NONTERMINATING,1.82,115.72,2.00,NONTERMINATING,5,1,6,GNTA / GNTA
ATVA2026_benchmark/NON_TERM_LASSO//lasso_traces_and-03-false.c/lasso_trace_1.txt,NONTERMINATING,3.23,3.23,1.00,NONTERMINATING,5,1,6,Fixpoint / Fixpoint
ATVA2026_benchmark/NON_TERM_LASSO//lasso_traces_and-03-false_termination.c/lasso_trace_1.txt,NONTERMINATING,2.70,2.70,2.00,NONTERMINATING,5,1,6,Fixpoint / Fixpoint
ATVA2026_benchmark/NON_TERM_LASSO//lasso_traces_and-04-false.c/lasso_trace_1.txt,NONTERMINATING,3.02,3.02,1.00,NONTERMINATING,5,1,6,Fixpoint / Fixpoint
ATVA2026_benchmark/NON_TERM_LASSO//lasso_traces_and-04-false_termination.c/lasso_trace_1.txt,NONTERMINATING,2.73,2.73,2.00,NONTERMINATING,5,1,6,Fixpoint / Fixpoint
ATVA2026_benchmark/NON_TERM_LASSO//lasso_traces_apchild-accepted-fail.t2.c/lasso_trace_3.txt,NONTERMINATING,2.91,2.91,4.00,NONTERMINATING,552,70,622,Fixpoint / Fixpoint
ATVA2026_benchmark/NON_TERM_LASSO//lasso_traces_apchild-accepted.t2.c/lasso_trace_3.txt,NONTERMINATING,3.22,3.22,4.00,NONTERMINATING,552,70,622,Fixpoint / Fixpoint
ATVA2026_benchmark/NON_TERM_LASSO//lasso_traces_apchildlive-succeed.t2.c/lasso_trace_3.txt,NONTERMINATING,2.99,2.99,4.00,NONTERMINATING,531,86,617,Fixpoint / Fixpoint
ATVA2026_benchmark/NON_TERM_LASSO//lasso_traces_apchild-live.t2.c/lasso_trace_4.txt,NONTERMINATING,4.54,4.54,6.00,NONTERMINATING,621,79,700,Fixpoint / Fixpoint
ATVA2026_benchmark/NON_TERM_LASSO//lasso_traces_array04_alloca.c/lasso_trace_3.txt,NONTERMINATING,1.95,1.95,4.00,NONTERMINATING,9,2,11,Fixpoint / Fixpoint
ATVA2026_benchmark/NON_TERM_LASSO//lasso_traces_array04_alloca_no-overflow.c/lasso_trace_3.txt,NONTERMINATING,1.74,1.74,3.00,NONTERMINATING,9,2,11,Fixpoint / Fixpoint
ATVA2026_benchmark/NON_TERM_LASSO//lasso_traces_array19_alloca.c/lasso_trace_3.txt,NONTERMINATING,2.64,2.64,3.00,NONTERMINATING,9,2,11,Fixpoint / Fixpoint
ATVA2026_benchmark/NON_TERM_LASSO//lasso_traces_array19_alloca_no-overflow.c/lasso_trace_3.txt,NONTERMINATING,1.92,1.92,4.00,NONTERMINATING,9,2,11,Fixpoint / Fixpoint
ATVA2026_benchmark/NON_TERM_LASSO//lasso_traces_Arrays02-EquivalentConstantIndices.c/lasso_trace_1.txt,NONTERMINATING,4.69,4.69,3.00,NONTERMINATING,6,5,11,Fixpoint / Fixpoint
ATVA2026_benchmark/NON_TERM_LASSO//lasso_traces_Arrays02-EquivalentConstantIndices_false-termination.c/lasso_trace_1.txt,NONTERMINATING,8.30,8.30,2.00,NONTERMINATING,5,5,10,Fixpoint / Fixpoint
ATVA2026_benchmark/NON_TERM_LASSO//lasso_traces_Arrays02-EquivalentConstantIndices_no-overflow.c/lasso_trace_1.txt,NONTERMINATING,4.08,4.08,2.00,NONTERMINATING,6,5,11,Fixpoint / Fixpoint
ATVA2026_benchmark/NON_TERM_LASSO//lasso_traces_b.03.c/lasso_trace_1.txt,NONTERMINATING,18.29,18.29,2.00,NONTERMINATING,1,1,2,Fixpoint / Fixpoint
ATVA2026_benchmark/NON_TERM_LASSO//lasso_traces_b.03-no-inv.c/lasso_trace_1.txt,NONTERMINATING,22.69,22.69,2.00,NONTERMINATING,1,1,2,Fixpoint / Fixpoint
ATVA2026_benchmark/NON_TERM_LASSO//lasso_traces_b.08.c/lasso_trace_1.txt,NONTERMINATING,3.10,3.10,2.00,NONTERMINATING,1,1,2,Fixpoint / Fixpoint
ATVA2026_benchmark/NON_TERM_LASSO//lasso_traces_b.09.c/lasso_trace_1.txt,NONTERMINATING,2.32,46.07,3.00,NONTERMINATING,1,1,2,GNTA / GNTA
ATVA2026_benchmark/NON_TERM_LASSO//lasso_traces_b.09-no-inv.c/lasso_trace_1.txt,NONTERMINATING,2.38,51.45,3.00,NONTERMINATING,1,1,2,GNTA / GNTA
ATVA2026_benchmark/NON_TERM_LASSO//lasso_traces_Bangalore-1.c/lasso_trace_1.txt,NONTERMINATING,3.51,3.51,2.00,NONTERMINATING,6,1,7,Fixpoint / Fixpoint
ATVA2026_benchmark/NON_TERM_LASSO//lasso_traces_Bangalore-1_no-overflow.c/lasso_trace_1.txt,NONTERMINATING,3.27,3.27,2.00,NONTERMINATING,6,1,7,Fixpoint / Fixpoint
ATVA2026_benchmark/NON_TERM_LASSO//lasso_traces_Bangalore_false-termination.c/lasso_trace_1.txt,NONTERMINATING,4.97,4.97,2.00,NONTERMINATING,6,1,7,Fixpoint / Fixpoint
ATVA2026_benchmark/NON_TERM_LASSO//lasso_traces_Bangalore_v2.c/lasso_trace_1.txt,NONTERMINATING,3.12,3.12,2.00,NONTERMINATING,6,1,7,Fixpoint / Fixpoint
ATVA2026_benchmark/NON_TERM_LASSO//lasso_traces_Bangalore_v2_false-termination.c/lasso_trace_1.txt,NONTERMINATING,13.82,13.82,2.00,NONTERMINATING,6,1,7,Fixpoint / Fixpoint
ATVA2026_benchmark/NON_TERM_LASSO//lasso_traces_Bangalore_v2_no-overflow.c/lasso_trace_1.txt,NONTERMINATING,3.19,3.19,3.00,NONTERMINATING,6,1,7,Fixpoint / Fixpoint
ATVA2026_benchmark/NON_TERM_LASSO//lasso_traces_Bangalore_v3.c/lasso_trace_1.txt,NONTERMINATING,6.26,6.26,2.00,NONTERMINATING,6,1,7,Fixpoint / Fixpoint
ATVA2026_benchmark/NON_TERM_LASSO//lasso_traces_Bangalore_v3_false-termination.c/lasso_trace_1.txt,NONTERMINATING,11.26,11.26,2.00,NONTERMINATING,6,1,7,Fixpoint / Fixpoint
ATVA2026_benchmark/NON_TERM_LASSO//lasso_traces_Bangalore_v3_no-overflow.c/lasso_trace_1.txt,NONTERMINATING,2.95,2.95,3.00,NONTERMINATING,6,1,7,Fixpoint / Fixpoint
ATVA2026_benchmark/NON_TERM_LASSO//lasso_traces_Binary_Search-1.c/lasso_trace_1.txt,NONTERMINATING,4.48,4.48,2.00,NONTERMINATING,6,4,10,Fixpoint / Fixpoint
ATVA2026_benchmark/NON_TERM_LASSO//lasso_traces_Binary_Search-1_no-overflow.c/lasso_trace_1.txt,NONTERMINATING,3.59,3.59,2.00,NONTERMINATING,6,4,10,Fixpoint / Fixpoint
ATVA2026_benchmark/NON_TERM_LASSO//lasso_traces_Binary_Search-2.c/lasso_trace_2.txt,NONTERMINATING,1.92,1.92,3.00,NONTERMINATING,11,4,15,Fixpoint / Fixpoint
ATVA2026_benchmark/NON_TERM_LASSO//lasso_traces_Binary_Search-2_no-overflow.c/lasso_trace_2.txt,NONTERMINATING,1.81,1.81,3.00,NONTERMINATING,11,4,15,Fixpoint / Fixpoint
ATVA2026_benchmark/NON_TERM_LASSO//lasso_traces_Binary_Search_true-termination.c/lasso_trace_2.txt,NONTERMINATING,1.67,1.67,3.00,NONTERMINATING,9,4,13,Fixpoint / Fixpoint
ATVA2026_benchmark/NON_TERM_LASSO//lasso_traces_boogieBoolConversionForWhileForCondex.c/lasso_trace_1.txt,NONTERMINATING,3.54,3.54,1.00,NONTERMINATING,5,5,10,Fixpoint / Fixpoint
ATVA2026_benchmark/NON_TERM_LASSO//lasso_traces_BradleyMannaSipma-2005CAV-Fig1-modified-alloca_unknown-termination.c/lasso_trace_2.txt,NONTERMINATING,5.13,5.13,3.00,NONTERMINATING,13,9,22,Fixpoint / Fixpoint
ATVA2026_benchmark/NON_TERM_LASSO//lasso_traces_BradleyMannaSipma-2005ICALP-Fig1-alloca_unknown-termination.c/lasso_trace_1.txt,NONTERMINATING,5.39,5.39,4.00,NONTERMINATING,10,9,19,Fixpoint / Fixpoint
ATVA2026_benchmark/NON_TERM_LASSO//lasso_traces_BradleyMannaSipma-CAV2005-Fig1-modified.c/lasso_trace_1.txt,NONTERMINATING,5.95,5.95,2.00,NONTERMINATING,6,1,7,Fixpoint / Fixpoint
ATVA2026_benchmark/NON_TERM_LASSO//lasso_traces_BradleyMannaSipma-CAV2005-Fig1-modified_false-termination.c/lasso_trace_1.txt,NONTERMINATING,5.36,5.36,2.00,NONTERMINATING,6,1,7,Fixpoint / Fixpoint
ATVA2026_benchmark/NON_TERM_LASSO//lasso_traces_BradleyMannaSipma-CAV2005-Fig1-modified_no-overflow.c/lasso_trace_1.txt,NONTERMINATING,2.89,2.89,2.00,NONTERMINATING,6,1,7,Fixpoint / Fixpoint
ATVA2026_benchmark/NON_TERM_LASSO//lasso_traces_bs.t2.c/lasso_trace_1.txt,NONTERMINATING,3.07,3.07,2.00,NONTERMINATING,40,25,65,Fixpoint / Fixpoint
ATVA2026_benchmark/NON_TERM_LASSO//lasso_traces_bug06_IsEmptyHeuristic.c/lasso_trace_3.txt,NONTERMINATING,1.55,1.55,2.00,NONTERMINATING,8,14,22,Fixpoint / Fixpoint
ATVA2026_benchmark/NON_TERM_LASSO//lasso_traces_bug07_IsEmptyHeuristic.c/lasso_trace_1.txt,NONTERMINATING,1.92,199.14,4.00,NONTERMINATING,6,3,9,GNTA / GNTA
ATVA2026_benchmark/NON_TERM_LASSO//lasso_traces_bug08_IsEmptyHeuristic.c/lasso_trace_1.txt,NONTERMINATING,4.21,171.35,2.00,NONTERMINATING,6,3,9,GNTA / GNTA
ATVA2026_benchmark/NON_TERM_LASSO//lasso_traces_bug-FalseStemFeasible.c/lasso_trace_3.txt,NONTERMINATING,1.84,1.84,2.00,NONTERMINATING,7,1,8,Fixpoint / Fixpoint
ATVA2026_benchmark/NON_TERM_LASSO//lasso_traces_bug-IndexOutOfBounds.c/lasso_trace_2.txt,NONTERMINATING,22.35,22.35,2.00,NONTERMINATING,6,2,8,Fixpoint / Fixpoint
ATVA2026_benchmark/NON_TERM_LASSO//lasso_traces_BugInterproceduralSequentialComposition_Berlin.c/lasso_trace_1.txt,NONTERMINATING,28.68,28.68,7.00,NONTERMINATING,6,1,7,Fixpoint / Fixpoint
ATVA2026_benchmark/NON_TERM_LASSO//lasso_traces_BugInterproceduralSequentialComposition_SouthTyrol-minimized.c/lasso_trace_1.txt,NONTERMINATING,6.11,6.11,1.00,NONTERMINATING,4,1,5,Fixpoint / Fixpoint
ATVA2026_benchmark/NON_TERM_LASSO//lasso_traces_c.05.c/lasso_trace_1.txt,NONTERMINATING,22.34,22.34,2.00,NONTERMINATING,1,1,2,Fixpoint / Fixpoint
ATVA2026_benchmark/NON_TERM_LASSO//lasso_traces_c.10.c/lasso_trace_1.txt,NONTERMINATING,6.03,6.03,2.00,NONTERMINATING,1,1,2,Fixpoint / Fixpoint
ATVA2026_benchmark/NON_TERM_LASSO//lasso_traces_Cairo_nondet.c/lasso_trace_1.txt,NONTERMINATING,1.96,107.55,2.00,NONTERMINATING,6,1,7,GNTA / GNTA
ATVA2026_benchmark/NON_TERM_LASSO//lasso_traces_Cairo_nondet_false-termination.c/lasso_trace_1.txt,NONTERMINATING,1.78,108.73,2.00,NONTERMINATING,6,1,7,GNTA / GNTA
ATVA2026_benchmark/NON_TERM_LASSO//lasso_traces_Cairo_nondet_no-overflow.c/lasso_trace_1.txt,NONTERMINATING,2.99,107.77,2.00,NONTERMINATING,6,1,7,GNTA / GNTA
ATVA2026_benchmark/NON_TERM_LASSO//lasso_traces_Cairo_step2-2.c/lasso_trace_1.txt,NONTERMINATING,1.02,96.04,2.00,NONTERMINATING,7,1,8,GNTA / GNTA
ATVA2026_benchmark/NON_TERM_LASSO//lasso_traces_Cairo_step2-2_no-overflow.c/lasso_trace_1.txt,NONTERMINATING,0.50,82.26,3.00,NONTERMINATING,7,1,8,GNTA / GNTA
ATVA2026_benchmark/NON_TERM_LASSO//lasso_traces_Cairo_step2_false-termination.c/lasso_trace_1.txt,NONTERMINATING,0.60,107.56,3.00,NONTERMINATING,7,1,8,GNTA / GNTA
ATVA2026_benchmark/NON_TERM_LASSO//lasso_traces_calloc01.c/lasso_trace_1.txt,NONTERMINATING,3.38,3.38,2.00,NONTERMINATING,1,1,2,Fixpoint / Fixpoint
ATVA2026_benchmark/NON_TERM_LASSO//lasso_traces_calloc04.c/lasso_trace_1.txt,NONTERMINATING,3.11,3.11,2.00,NONTERMINATING,1,1,2,Fixpoint / Fixpoint
ATVA2026_benchmark/NON_TERM_LASSO//lasso_traces_cav2.c/lasso_trace_1.txt,NONTERMINATING,2.08,92.04,3.00,NONTERMINATING,1,1,2,GNTA / GNTA
ATVA2026_benchmark/NON_TERM_LASSO//lasso_traces_cfg.t2.c/lasso_trace_1.txt,NONTERMINATING,1.78,114.31,2.00,NONTERMINATING,17,10,27,GNTA / GNTA
ATVA2026_benchmark/NON_TERM_LASSO//lasso_traces_chaining1.c/lasso_trace_1.txt,NONTERMINATING,2.40,75.05,2.00,NONTERMINATING,1,1,2,GNTA / GNTA
ATVA2026_benchmark/NON_TERM_LASSO//lasso_traces_ChenCookFuhsNimkarOHearn-TACAS2014-Introduction.c/lasso_trace_1.txt,NONTERMINATING,2.55,2.55,2.00,NONTERMINATING,5,1,6,Fixpoint / Fixpoint
ATVA2026_benchmark/NON_TERM_LASSO//lasso_traces_ChenCookFuhsNimkarOHearn-TACAS2014-Introduction_false-termination.c/lasso_trace_1.txt,NONTERMINATING,2.65,2.65,1.00,NONTERMINATING,5,1,6,Fixpoint / Fixpoint
ATVA2026_benchmark/NON_TERM_LASSO//lasso_traces_ChenCookFuhsNimkarOHearn-TACAS2014-Introduction_no-overflow.c/lasso_trace_1.txt,NONTERMINATING,2.80,2.80,2.00,NONTERMINATING,5,1,6,Fixpoint / Fixpoint
ATVA2026_benchmark/NON_TERM_LASSO//lasso_traces_ChenFlurMukhopadhyay-SAS2012-Ex2.03.c/lasso_trace_1.txt,NONTERMINATING,3.32,3.32,2.00,NONTERMINATING,5,1,6,Fixpoint / Fixpoint
ATVA2026_benchmark/NON_TERM_LASSO//lasso_traces_ChenFlurMukhopadhyay-SAS2012-Ex2.03_false-termination.c/lasso_trace_1.txt,NONTERMINATING,3.01,3.01,2.00,NONTERMINATING,5,1,6,Fixpoint / Fixpoint
ATVA2026_benchmark/NON_TERM_LASSO//lasso_traces_ChenFlurMukhopadhyay-SAS2012-Ex2.03_no-overflow.c/lasso_trace_1.txt,NONTERMINATING,5.17,5.17,3.00,NONTERMINATING,5,1,6,Fixpoint / Fixpoint
ATVA2026_benchmark/NON_TERM_LASSO//lasso_traces_ChenFlurMukhopadhyay-SAS2012-Ex2.04.c/lasso_trace_1.txt,NONTERMINATING,3.38,3.38,2.00,NONTERMINATING,5,1,6,Fixpoint / Fixpoint
ATVA2026_benchmark/NON_TERM_LASSO//lasso_traces_ChenFlurMukhopadhyay-SAS2012-Ex2.04_false-termination.c/lasso_trace_1.txt,NONTERMINATING,4.12,4.12,3.00,NONTERMINATING,5,1,6,Fixpoint / Fixpoint
ATVA2026_benchmark/NON_TERM_LASSO//lasso_traces_ChenFlurMukhopadhyay-SAS2012-Ex2.04_no-overflow.c/lasso_trace_1.txt,NONTERMINATING,3.69,3.69,2.00,NONTERMINATING,5,1,6,Fixpoint / Fixpoint
ATVA2026_benchmark/NON_TERM_LASSO//lasso_traces_ChenFlurMukhopadhyay-SAS2012-Ex2.05.c/lasso_trace_1.txt,NONTERMINATING,3.25,3.25,3.00,NONTERMINATING,5,1,6,Fixpoint / Fixpoint
ATVA2026_benchmark/NON_TERM_LASSO//lasso_traces_ChenFlurMukhopadhyay-SAS2012-Ex2.05_false-termination.c/lasso_trace_1.txt,NONTERMINATING,3.30,3.30,2.00,NONTERMINATING,5,1,6,Fixpoint / Fixpoint
ATVA2026_benchmark/NON_TERM_LASSO//lasso_traces_ChenFlurMukhopadhyay-SAS2012-Ex2.05_no-overflow.c/lasso_trace_1.txt,NONTERMINATING,3.04,3.04,2.00,NONTERMINATING,5,1,6,Fixpoint / Fixpoint
ATVA2026_benchmark/NON_TERM_LASSO//lasso_traces_ChenFlurMukhopadhyay-SAS2012-Ex2.12.c/lasso_trace_1.txt,NONTERMINATING,3.24,3.24,2.00,NONTERMINATING,5,1,6,Fixpoint / Fixpoint
ATVA2026_benchmark/NON_TERM_LASSO//lasso_traces_ChenFlurMukhopadhyay-SAS2012-Ex2.12_false-termination.c/lasso_trace_1.txt,NONTERMINATING,3.11,3.11,2.00,NONTERMINATING,5,1,6,Fixpoint / Fixpoint
ATVA2026_benchmark/NON_TERM_LASSO//lasso_traces_ChenFlurMukhopadhyay-SAS2012-Ex2.12_no-overflow.c/lasso_trace_1.txt,NONTERMINATING,3.23,3.23,2.00,NONTERMINATING,5,1,6,Fixpoint / Fixpoint
ATVA2026_benchmark/NON_TERM_LASSO//lasso_traces_ChenFlurMukhopadhyay-SAS2012-Ex2.14.c/lasso_trace_1.txt,NONTERMINATING,2.98,2.98,2.00,NONTERMINATING,5,1,6,Fixpoint / Fixpoint
ATVA2026_benchmark/NON_TERM_LASSO//lasso_traces_ChenFlurMukhopadhyay-SAS2012-Ex2.14_false-termination.c/lasso_trace_1.txt,NONTERMINATING,2.93,2.93,2.00,NONTERMINATING,5,1,6,Fixpoint / Fixpoint
ATVA2026_benchmark/NON_TERM_LASSO//lasso_traces_ChenFlurMukhopadhyay-SAS2012-Ex2.14_no-overflow.c/lasso_trace_1.txt,NONTERMINATING,3.44,3.44,2.00,NONTERMINATING,5,1,6,Fixpoint / Fixpoint
ATVA2026_benchmark/NON_TERM_LASSO//lasso_traces_ChenFlurMukhopadhyay-SAS2012-Ex2.15.c/lasso_trace_1.txt,NONTERMINATING,3.15,3.15,2.00,NONTERMINATING,5,1,6,Fixpoint / Fixpoint
ATVA2026_benchmark/NON_TERM_LASSO//lasso_traces_ChenFlurMukhopadhyay-SAS2012-Ex2.15_false-termination.c/lasso_trace_1.txt,NONTERMINATING,3.35,3.35,2.00,NONTERMINATING,5,1,6,Fixpoint / Fixpoint
ATVA2026_benchmark/NON_TERM_LASSO//lasso_traces_ChenFlurMukhopadhyay-SAS2012-Ex2.15_no-overflow.c/lasso_trace_1.txt,NONTERMINATING,3.66,3.66,2.00,NONTERMINATING,5,1,6,Fixpoint / Fixpoint
ATVA2026_benchmark/NON_TERM_LASSO//lasso_traces_ChenFlurMukhopadhyay-SAS2012-Ex2.17.c/lasso_trace_1.txt,NONTERMINATING,3.59,100.28,2.00,NONTERMINATING,5,1,6,GNTA / GNTA
ATVA2026_benchmark/NON_TERM_LASSO//lasso_traces_ChenFlurMukhopadhyay-SAS2012-Ex2.17_false-termination.c/lasso_trace_1.txt,NONTERMINATING,1.92,106.78,2.00,NONTERMINATING,5,1,6,GNTA / GNTA
ATVA2026_benchmark/NON_TERM_LASSO//lasso_traces_ChenFlurMukhopadhyay-SAS2012-Ex2.17_no-overflow.c/lasso_trace_1.txt,NONTERMINATING,2.10,107.59,2.00,NONTERMINATING,5,1,6,GNTA / GNTA
ATVA2026_benchmark/NON_TERM_LASSO//lasso_traces_ChenFlurMukhopadhyay-SAS2012-Ex3.02.c/lasso_trace_1.txt,NONTERMINATING,3.02,3.02,2.00,NONTERMINATING,5,1,6,Fixpoint / Fixpoint
ATVA2026_benchmark/NON_TERM_LASSO//lasso_traces_ChenFlurMukhopadhyay-SAS2012-Ex3.02_false-termination.c/lasso_trace_1.txt,NONTERMINATING,3.20,3.20,2.00,NONTERMINATING,5,1,6,Fixpoint / Fixpoint
ATVA2026_benchmark/NON_TERM_LASSO//lasso_traces_ChenFlurMukhopadhyay-SAS2012-Ex3.02_no-overflow.c/lasso_trace_1.txt,NONTERMINATING,3.50,3.50,2.00,NONTERMINATING,5,1,6,Fixpoint / Fixpoint
ATVA2026_benchmark/NON_TERM_LASSO//lasso_traces_ChenFlurMukhopadhyay-SAS2012-Ex3.08_false-termination.c/lasso_trace_1.txt,NONTERMINATING,3.22,3.22,2.00,NONTERMINATING,5,1,6,Fixpoint / Fixpoint
ATVA2026_benchmark/NON_TERM_LASSO//lasso_traces_ChenFlurMukhopadhyay-SAS2012-Ex4.01_false-termination.c/lasso_trace_1.txt,NONTERMINATING,4.10,4.10,2.00,NONTERMINATING,5,1,6,Fixpoint / Fixpoint
ATVA2026_benchmark/NON_TERM_LASSO//lasso_traces_ComplInterv2.c/lasso_trace_1.txt,NONTERMINATING,3.11,3.11,2.00,NONTERMINATING,5,1,6,Fixpoint / Fixpoint
ATVA2026_benchmark/NON_TERM_LASSO//lasso_traces_ComplInterv2_no-overflow.c/lasso_trace_1.txt,NONTERMINATING,4.92,4.92,2.00,NONTERMINATING,5,1,6,Fixpoint / Fixpoint
ATVA2026_benchmark/NON_TERM_LASSO//lasso_traces_ComplInterv3.c/lasso_trace_1.txt,NONTERMINATING,1.88,101.59,3.00,NONTERMINATING,5,1,6,GNTA / GNTA
ATVA2026_benchmark/NON_TERM_LASSO//lasso_traces_ComplInterv3_false-no-overflow_false-termination.c/lasso_trace_1.txt,NONTERMINATING,2.02,113.11,3.00,NONTERMINATING,5,1,6,GNTA / GNTA
ATVA2026_benchmark/NON_TERM_LASSO//lasso_traces_CompoundExpression01.c/lasso_trace_1.txt,NONTERMINATING,3.74,3.74,1.00,NONTERMINATING,5,2,7,Fixpoint / Fixpoint
ATVA2026_benchmark/NON_TERM_LASSO//lasso_traces_consts1nt.t2.c/lasso_trace_1.txt,NONTERMINATING,1.78,124.82,2.00,NONTERMINATING,16,13,29,GNTA / GNTA
ATVA2026_benchmark/NON_TERM_LASSO//lasso_traces_consts2nt.t2.c/lasso_trace_1.txt,NONTERMINATING,1.81,109.87,1.00,NONTERMINATING,16,9,25,GNTA / GNTA
ATVA2026_benchmark/NON_TERM_LASSO//lasso_traces_consts3nt.t2.c/lasso_trace_1.txt,NONTERMINATING,1.72,113.37,1.00,NONTERMINATING,16,9,25,GNTA / GNTA
ATVA2026_benchmark/NON_TERM_LASSO//lasso_traces_consts4nt.t2.c/lasso_trace_1.txt,NONTERMINATING,1.67,106.96,1.00,NONTERMINATING,16,9,25,GNTA / GNTA
ATVA2026_benchmark/NON_TERM_LASSO//lasso_traces_consts5nt.t2.c/lasso_trace_1.txt,NONTERMINATING,1.77,135.77,2.00,NONTERMINATING,20,10,30,GNTA / GNTA
ATVA2026_benchmark/NON_TERM_LASSO//lasso_traces_continue-Safe.c/lasso_trace_1.txt,NONTERMINATING,2.49,2.49,2.00,NONTERMINATING,5,1,6,Fixpoint / Fixpoint
ATVA2026_benchmark/NON_TERM_LASSO//lasso_traces_ConvLower.c/lasso_trace_1.txt,NONTERMINATING,2.95,2.95,2.00,NONTERMINATING,5,1,6,Fixpoint / Fixpoint
ATVA2026_benchmark/NON_TERM_LASSO//lasso_traces_ConvLower_no-overflow.c/lasso_trace_1.txt,NONTERMINATING,3.32,3.32,2.00,NONTERMINATING,5,1,6,Fixpoint / Fixpoint
ATVA2026_benchmark/NON_TERM_LASSO//lasso_traces_coolant_basis_1_neg.c/lasso_trace_2.txt,NONTERMINATING,0.69,317.04,6.00,NONTERMINATING,20,7,27,GNTA / GNTA
ATVA2026_benchmark/NON_TERM_LASSO//lasso_traces_coolant_basis_1_neg_false-valid-ltl.c/lasso_trace_5.txt,NONTERMINATING,0.58,281.73,7.00,NONTERMINATING,29,10,39,GNTA / GNTA
ATVA2026_benchmark/NON_TERM_LASSO//lasso_traces_coolant_basis_1_safe_sfty_true-valid-ltl.c/lasso_trace_5.txt,NONTERMINATING,0.60,285.09,7.00,NONTERMINATING,29,10,39,GNTA / GNTA
ATVA2026_benchmark/NON_TERM_LASSO//lasso_traces_coolant_basis_1_unsafe_sfty.c/lasso_trace_2.txt,NONTERMINATING,0.54,327.02,6.00,NONTERMINATING,20,7,27,GNTA / GNTA
ATVA2026_benchmark/NON_TERM_LASSO//lasso_traces_coolant_basis_1_unsafe_sfty_false-valid-ltl.c/lasso_trace_5.txt,NONTERMINATING,0.57,286.83,7.00,NONTERMINATING,29,10,39,GNTA / GNTA
ATVA2026_benchmark/NON_TERM_LASSO//lasso_traces_coolant_basis_2_neg.c/lasso_trace_2.txt,NONTERMINATING,0.59,341.94,9.00,NONTERMINATING,19,7,26,GNTA / GNTA
ATVA2026_benchmark/NON_TERM_LASSO//lasso_traces_coolant_basis_2_neg_false-valid-ltl.c/lasso_trace_5.txt,NONTERMINATING,0.67,306.19,9.00,NONTERMINATING,28,10,38,GNTA / GNTA
ATVA2026_benchmark/NON_TERM_LASSO//lasso_traces_coolant_basis_2_safe_liveness.c/lasso_trace_2.txt,NONTERMINATING,0.82,327.91,10.00,NONTERMINATING,19,7,26,GNTA / GNTA
ATVA2026_benchmark/NON_TERM_LASSO//lasso_traces_coolant_basis_2_safe_liveness_true-valid-ltl.c/lasso_trace_5.txt,NONTERMINATING,0.69,294.90,8.00,NONTERMINATING,28,10,38,GNTA / GNTA
ATVA2026_benchmark/NON_TERM_LASSO//lasso_traces_coolant_basis_2_unsafe_liveness.c/lasso_trace_2.txt,NONTERMINATING,1.70,1.70,4.00,NONTERMINATING,19,7,26,Fixpoint / Fixpoint
ATVA2026_benchmark/NON_TERM_LASSO//lasso_traces_coolant_basis_2_unsafe_liveness_false-valid-ltl.c/lasso_trace_5.txt,NONTERMINATING,1.87,1.87,4.00,NONTERMINATING,28,10,38,Fixpoint / Fixpoint
ATVA2026_benchmark/NON_TERM_LASSO//lasso_traces_coolant_basis_3_safe_sftyliveness_true-valid-ltl.c/lasso_trace_1.txt,NONTERMINATING,1.65,1.65,3.00,NONTERMINATING,10,5,15,Fixpoint / Fixpoint
ATVA2026_benchmark/NON_TERM_LASSO//lasso_traces_coolant_basis_3_unsafe_sftyliveness_false-valid-ltl.c/lasso_trace_1.txt,NONTERMINATING,1.57,1.57,4.00,NONTERMINATING,10,5,15,Fixpoint / Fixpoint
ATVA2026_benchmark/NON_TERM_LASSO//lasso_traces_coolant_basis_4_1_unsafe_sftyliveness.c/lasso_trace_1.txt,NONTERMINATING,1.54,1.54,2.00,NONTERMINATING,11,6,17,Fixpoint / Fixpoint
ATVA2026_benchmark/NON_TERM_LASSO//lasso_traces_coolant_basis_4_1_unsafe_sftyliveness_false-valid-ltl.c/lasso_trace_1.txt,NONTERMINATING,1.72,1.72,4.00,NONTERMINATING,10,5,15,Fixpoint / Fixpoint
ATVA2026_benchmark/NON_TERM_LASSO//lasso_traces_coolant_basis_4_2_unsafe_sftyliveness.c/lasso_trace_1.txt,NONTERMINATING,1.56,1.56,2.00,NONTERMINATING,11,6,17,Fixpoint / Fixpoint
ATVA2026_benchmark/NON_TERM_LASSO//lasso_traces_coolant_basis_4_2_unsafe_sftyliveness_false-valid-ltl.c/lasso_trace_1.txt,NONTERMINATING,1.37,1.37,3.00,NONTERMINATING,10,5,15,Fixpoint / Fixpoint
ATVA2026_benchmark/NON_TERM_LASSO//lasso_traces_coolant_basis_4_neg_false-valid-ltl.c/lasso_trace_1.txt,NONTERMINATING,1.55,1.55,4.00,NONTERMINATING,10,5,15,Fixpoint / Fixpoint
ATVA2026_benchmark/NON_TERM_LASSO//lasso_traces_coolant_basis_4_safe_sftyliveness_true-valid-ltl.c/lasso_trace_1.txt,NONTERMINATING,2.12,2.12,3.00,NONTERMINATING,10,5,15,Fixpoint / Fixpoint
ATVA2026_benchmark/NON_TERM_LASSO//lasso_traces_coolant_basis_4_unsafe_sftyliveness.c/lasso_trace_1.txt,NONTERMINATING,1.48,1.48,2.00,NONTERMINATING,11,6,17,Fixpoint / Fixpoint
ATVA2026_benchmark/NON_TERM_LASSO//lasso_traces_coolant_basis_4_unsafe_sftyliveness_false-valid-ltl.c/lasso_trace_1.txt,NONTERMINATING,1.56,1.56,4.00,NONTERMINATING,10,5,15,Fixpoint / Fixpoint
ATVA2026_benchmark/NON_TERM_LASSO//lasso_traces_coolant_basis_5_neg_false-valid-ltl.c/lasso_trace_1.txt,NONTERMINATING,2.24,2.24,3.00,NONTERMINATING,10,5,15,Fixpoint / Fixpoint
ATVA2026_benchmark/NON_TERM_LASSO//lasso_traces_coolant_basis_5_safe_sftyliveness_true-valid-ltl.c/lasso_trace_1.txt,NONTERMINATING,1.71,1.71,4.00,NONTERMINATING,10,5,15,Fixpoint / Fixpoint
ATVA2026_benchmark/NON_TERM_LASSO//lasso_traces_coolant_basis_5_unsafe_sftyliveness.c/lasso_trace_1.txt,NONTERMINATING,1.58,1.58,3.00,NONTERMINATING,11,6,17,Fixpoint / Fixpoint
ATVA2026_benchmark/NON_TERM_LASSO//lasso_traces_coolant_basis_5_unsafe_sftyliveness_false-valid-ltl.c/lasso_trace_1.txt,NONTERMINATING,2.07,2.07,4.00,NONTERMINATING,10,5,15,Fixpoint / Fixpoint
ATVA2026_benchmark/NON_TERM_LASSO//lasso_traces_coolant_basis_6_safe_sftyliveness.c/lasso_trace_1.txt,NONTERMINATING,1.38,1.38,2.00,NONTERMINATING,11,6,17,Fixpoint / Fixpoint
ATVA2026_benchmark/NON_TERM_LASSO//lasso_traces_coolant_basis_6_safe_sftyliveness_true-valid-ltl.c/lasso_trace_1.txt,NONTERMINATING,1.57,1.57,3.00,NONTERMINATING,10,5,15,Fixpoint / Fixpoint
ATVA2026_benchmark/NON_TERM_LASSO//lasso_traces_coolant_basis_6_unsafe_sftyliveness.c/lasso_trace_1.txt,NONTERMINATING,1.68,1.68,2.00,NONTERMINATING,11,6,17,Fixpoint / Fixpoint
ATVA2026_benchmark/NON_TERM_LASSO//lasso_traces_coolant_basis_6_unsafe_sftyliveness_false-valid-ltl.c/lasso_trace_1.txt,NONTERMINATING,1.62,1.62,4.00,NONTERMINATING,10,5,15,Fixpoint / Fixpoint
ATVA2026_benchmark/NON_TERM_LASSO//lasso_traces_Cousot.c/lasso_trace_3.txt,NONTERMINATING,0.34,96.96,2.00,NONTERMINATING,6,1,7,GNTA / GNTA
ATVA2026_benchmark/NON_TERM_LASSO//lasso_traces_Cousot_false-no-overflow_false-termination.c/lasso_trace_3.txt,NONTERMINATING,0.36,102.56,2.00,NONTERMINATING,6,1,7,GNTA / GNTA
ATVA2026_benchmark/NON_TERM_LASSO//lasso_traces_ctl.t2.c/lasso_trace_1.txt,NONTERMINATING,2.71,2.71,1.00,NONTERMINATING,40,12,52,Fixpoint / Fixpoint
ATVA2026_benchmark/NON_TERM_LASSO//lasso_traces_ctrans-bug-npe-2.c/lasso_trace_1.txt,NONTERMINATING,1.61,1.61,1.00,NONTERMINATING,4,1,5,Fixpoint / Fixpoint
ATVA2026_benchmark/NON_TERM_LASSO//lasso_traces_curious4.t2.c/lasso_trace_2.txt,NONTERMINATING,4.52,4.52,4.00,NONTERMINATING,364,98,462,Fixpoint / Fixpoint
ATVA2026_benchmark/NON_TERM_LASSO//lasso_traces_curious.t2.c/lasso_trace_2.txt,NONTERMINATING,2.70,2.70,1.00,NONTERMINATING,16,22,38,Fixpoint / Fixpoint
ATVA2026_benchmark/NON_TERM_LASSO//lasso_traces_dead.neg-st88b-succeed.t2.c/lasso_trace_1.txt,NONTERMINATING,3.00,3.00,2.00,NONTERMINATING,32,43,75,Fixpoint / Fixpoint
ATVA2026_benchmark/NON_TERM_LASSO//lasso_traces_destroy_seg_leak.t2.c/lasso_trace_4.txt,NONTERMINATING,2.44,2.44,3.00,NONTERMINATING,482,99,581,Fixpoint / Fixpoint
ATVA2026_benchmark/NON_TERM_LASSO//lasso_traces_dijkstra1-both-nt.c/lasso_trace_1.txt,NONTERMINATING,3.16,3.16,3.00,NONTERMINATING,6,1,7,Fixpoint / Fixpoint
ATVA2026_benchmark/NON_TERM_LASSO//lasso_traces_dijkstra1-both-nt_termination.c/lasso_trace_1.txt,NONTERMINATING,4.03,4.03,3.00,NONTERMINATING,6,1,7,Fixpoint / Fixpoint
ATVA2026_benchmark/NON_TERM_LASSO//lasso_traces_dijkstra2-both-nt.c/lasso_trace_1.txt,NONTERMINATING,3.50,3.50,2.00,NONTERMINATING,6,1,7,Fixpoint / Fixpoint
ATVA2026_benchmark/NON_TERM_LASSO//lasso_traces_dijkstra2-both-nt_no-overflow.c/lasso_trace_1.txt,NONTERMINATING,13.56,13.56,4.00,NONTERMINATING,6,1,7,Fixpoint / Fixpoint
ATVA2026_benchmark/NON_TERM_LASSO//lasso_traces_dijkstra3-both-nt_no-overflow.c/lasso_trace_1.txt,NONTERMINATING,3.73,3.73,2.00,NONTERMINATING,6,1,7,Fixpoint / Fixpoint
ATVA2026_benchmark/NON_TERM_LASSO//lasso_traces_dijkstra4-both-nt.c/lasso_trace_1.txt,NONTERMINATING,3.48,3.48,3.00,NONTERMINATING,6,1,7,Fixpoint / Fixpoint
ATVA2026_benchmark/NON_TERM_LASSO//lasso_traces_dijkstra4-both-nt_no-overflow.c/lasso_trace_1.txt,NONTERMINATING,3.97,3.97,3.00,NONTERMINATING,6,1,7,Fixpoint / Fixpoint
ATVA2026_benchmark/NON_TERM_LASSO//lasso_traces_dijkstra5-both-nt.c/lasso_trace_1.txt,NONTERMINATING,3.61,3.61,3.00,NONTERMINATING,6,1,7,Fixpoint / Fixpoint
ATVA2026_benchmark/NON_TERM_LASSO//lasso_traces_dijkstra5-both-nt_no-overflow.c/lasso_trace_1.txt,NONTERMINATING,3.52,3.52,3.00,NONTERMINATING,6,1,7,Fixpoint / Fixpoint
ATVA2026_benchmark/NON_TERM_LASSO//lasso_traces_dijkstra6-both-nt.c/lasso_trace_1.txt,NONTERMINATING,3.12,3.12,3.00,NONTERMINATING,6,1,7,Fixpoint / Fixpoint
ATVA2026_benchmark/NON_TERM_LASSO//lasso_traces_dijkstra6-both-nt_no-overflow.c/lasso_trace_1.txt,NONTERMINATING,3.30,3.30,3.00,NONTERMINATING,6,1,7,Fixpoint / Fixpoint
ATVA2026_benchmark/NON_TERM_LASSO//lasso_traces_divbin1-both-nt.c/lasso_trace_1.txt,NONTERMINATING,4.01,4.01,4.00,NONTERMINATING,9,1,10,Fixpoint / Fixpoint
ATVA2026_benchmark/NON_TERM_LASSO//lasso_traces_divbin1-both-nt_termination.c/lasso_trace_1.txt,NONTERMINATING,6.07,6.07,4.00,NONTERMINATING,9,1,10,Fixpoint / Fixpoint
ATVA2026_benchmark/NON_TERM_LASSO//lasso_traces_Division-2.c/lasso_trace_1.txt,NONTERMINATING,3.16,3.16,1.00,NONTERMINATING,5,1,6,Fixpoint / Fixpoint
ATVA2026_benchmark/NON_TERM_LASSO//lasso_traces_Division-2_no-overflow.c/lasso_trace_1.txt,NONTERMINATING,6.15,6.15,1.00,NONTERMINATING,5,1,6,Fixpoint / Fixpoint
ATVA2026_benchmark/NON_TERM_LASSO//lasso_traces_division.c/lasso_trace_1.txt,NONTERMINATING,2.90,2.90,2.00,NONTERMINATING,8,3,11,Fixpoint / Fixpoint
ATVA2026_benchmark/NON_TERM_LASSO//lasso_traces_Division_false-termination.c/lasso_trace_1.txt,NONTERMINATING,3.12,3.12,1.00,NONTERMINATING,5,1,6,Fixpoint / Fixpoint
ATVA2026_benchmark/NON_TERM_LASSO//lasso_traces_DownwardConversions.c/lasso_trace_1.txt,NONTERMINATING,2.55,2.55,1.00,NONTERMINATING,5,2,7,Fixpoint / Fixpoint
ATVA2026_benchmark/NON_TERM_LASSO//lasso_traces_dropbuf.t2.c/lasso_trace_2.txt,NONTERMINATING,1.47,1.47,2.00,NONTERMINATING,146,8,154,Fixpoint / Fixpoint
ATVA2026_benchmark/NON_TERM_LASSO//lasso_traces_d.t2.c/lasso_trace_1.txt,NONTERMINATING,3.29,3.29,2.00,NONTERMINATING,28,22,50,Fixpoint / Fixpoint
ATVA2026_benchmark/NON_TERM_LASSO//lasso_traces_dummy.t2.c/lasso_trace_1.txt,NONTERMINATING,1.83,131.71,1.00,NONTERMINATING,20,10,30,GNTA / GNTA
ATVA2026_benchmark/NON_TERM_LASSO//lasso_traces_e-1394complete-succeed.t2.c/lasso_trace_4.txt,NONTERMINATING,2.35,2.35,3.00,NONTERMINATING,324,26,350,Fixpoint / Fixpoint
ATVA2026_benchmark/NON_TERM_LASSO//lasso_traces_e-acqrel-fail.t2.c/lasso_trace_2.txt,NONTERMINATING,2.60,2.60,1.00,NONTERMINATING,45,8,53,Fixpoint / Fixpoint
ATVA2026_benchmark/NON_TERM_LASSO//lasso_traces_e-acqrel-succeed.t2.c/lasso_trace_1.txt,NONTERMINATING,3.16,3.16,2.00,NONTERMINATING,36,30,66,Fixpoint / Fixpoint
ATVA2026_benchmark/NON_TERM_LASSO//lasso_traces_efegp.t2.c/lasso_trace_2.txt,NONTERMINATING,1.89,1228.26,4.00,NONTERMINATING,308,32,340,GNTA / GNTA
ATVA2026_benchmark/NON_TERM_LASSO//lasso_traces_e-pgarch-fail.t2.c/lasso_trace_2.txt,NONTERMINATING,1.08,1.08,2.00,NONTERMINATING,102,8,110,Fixpoint / Fixpoint
ATVA2026_benchmark/NON_TERM_LASSO//lasso_traces_e-pgarch-succeed.t2.c/lasso_trace_1.txt,NONTERMINATING,3.16,3.16,2.00,NONTERMINATING,110,8,118,Fixpoint / Fixpoint
ATVA2026_benchmark/NON_TERM_LASSO//lasso_traces_e-popl07-fail.t2.c/lasso_trace_3.txt,NONTERMINATING,1.15,1.15,2.00,NONTERMINATING,159,8,167,Fixpoint / Fixpoint
ATVA2026_benchmark/NON_TERM_LASSO//lasso_traces_eric3.t2.c/lasso_trace_2.txt,NONTERMINATING,0.47,266.03,4.00,NONTERMINATING,39,31,70,GNTA / GNTA
ATVA2026_benchmark/NON_TERM_LASSO//lasso_traces_Et2.c/lasso_trace_1.txt,NONTERMINATING,3.40,3.40,2.00,NONTERMINATING,5,1,6,Fixpoint / Fixpoint
ATVA2026_benchmark/NON_TERM_LASSO//lasso_traces_Et2_false-no-overflow_false-termination.c/lasso_trace_1.txt,NONTERMINATING,3.07,3.07,2.00,NONTERMINATING,5,1,6,Fixpoint / Fixpoint
ATVA2026_benchmark/NON_TERM_LASSO//lasso_traces_Et4.c/lasso_trace_1.txt,NONTERMINATING,3.57,3.57,2.00,NONTERMINATING,5,1,6,Fixpoint / Fixpoint
ATVA2026_benchmark/NON_TERM_LASSO//lasso_traces_Et4_false-no-overflow_false-termination.c/lasso_trace_1.txt,NONTERMINATING,3.79,3.79,2.00,NONTERMINATING,5,1,6,Fixpoint / Fixpoint
ATVA2026_benchmark/NON_TERM_LASSO//lasso_traces_Even.c/lasso_trace_1.txt,NONTERMINATING,1.89,106.13,2.00,NONTERMINATING,5,1,6,GNTA / GNTA
ATVA2026_benchmark/NON_TERM_LASSO//lasso_traces_Even_false-no-overflow_false-termination.c/lasso_trace_1.txt,NONTERMINATING,1.98,102.59,2.00,NONTERMINATING,5,1,6,GNTA / GNTA
ATVA2026_benchmark/NON_TERM_LASSO//lasso_traces_Ex01.c/lasso_trace_1.txt,NONTERMINATING,2.00,88.55,2.00,NONTERMINATING,5,1,6,GNTA / GNTA
ATVA2026_benchmark/NON_TERM_LASSO//lasso_traces_Ex01_false-no-overflow_false-termination.c/lasso_trace_1.txt,NONTERMINATING,2.50,88.36,2.00,NONTERMINATING,5,1,6,GNTA / GNTA
ATVA2026_benchmark/NON_TERM_LASSO//lasso_traces_Ex02.c/lasso_trace_1.txt,NONTERMINATING,3.31,3.31,2.00,NONTERMINATING,5,1,6,Fixpoint / Fixpoint
ATVA2026_benchmark/NON_TERM_LASSO//lasso_traces_Ex02_no-overflow.c/lasso_trace_1.txt,NONTERMINATING,6.28,6.28,2.00,NONTERMINATING,5,1,6,Fixpoint / Fixpoint
ATVA2026_benchmark/NON_TERM_LASSO//lasso_traces_Ex03.c/lasso_trace_1.txt,NONTERMINATING,3.05,3.05,2.00,NONTERMINATING,5,1,6,Fixpoint / Fixpoint
ATVA2026_benchmark/NON_TERM_LASSO//lasso_traces_Ex03_no-overflow.c/lasso_trace_1.txt,NONTERMINATING,7.03,7.03,2.00,NONTERMINATING,5,1,6,Fixpoint / Fixpoint
ATVA2026_benchmark/NON_TERM_LASSO//lasso_traces_Ex04.c/lasso_trace_1.txt,NONTERMINATING,1.88,86.21,2.00,NONTERMINATING,5,1,6,GNTA / GNTA
ATVA2026_benchmark/NON_TERM_LASSO//lasso_traces_Ex04_false-no-overflow_false-termination.c/lasso_trace_1.txt,NONTERMINATING,1.77,85.98,2.00,NONTERMINATING,5,1,6,GNTA / GNTA
ATVA2026_benchmark/NON_TERM_LASSO//lasso_traces_Ex05.c/lasso_trace_1.txt,NONTERMINATING,2.46,2.46,1.00,NONTERMINATING,5,1,6,Fixpoint / Fixpoint
ATVA2026_benchmark/NON_TERM_LASSO//lasso_traces_Ex05_no-overflow.c/lasso_trace_1.txt,NONTERMINATING,5.77,5.77,2.00,NONTERMINATING,5,1,6,Fixpoint / Fixpoint
ATVA2026_benchmark/NON_TERM_LASSO//lasso_traces_Ex06.c/lasso_trace_1.txt,NONTERMINATING,2.89,2.89,2.00,NONTERMINATING,5,1,6,Fixpoint / Fixpoint
ATVA2026_benchmark/NON_TERM_LASSO//lasso_traces_Ex06_no-overflow.c/lasso_trace_1.txt,NONTERMINATING,3.54,3.54,3.00,NONTERMINATING,5,1,6,Fixpoint / Fixpoint
ATVA2026_benchmark/NON_TERM_LASSO//lasso_traces_Ex07.c/lasso_trace_3.txt,NONTERMINATING,1.04,1.04,2.00,NONTERMINATING,6,2,8,Fixpoint / Fixpoint
ATVA2026_benchmark/NON_TERM_LASSO//lasso_traces_Ex07_no-overflow.c/lasso_trace_3.txt,NONTERMINATING,1.38,1.38,2.00,NONTERMINATING,6,2,8,Fixpoint / Fixpoint
ATVA2026_benchmark/NON_TERM_LASSO//lasso_traces_ex10.t2.c/lasso_trace_2.txt,NONTERMINATING,0.37,341.97,5.00,NONTERMINATING,71,31,102,GNTA / GNTA
ATVA2026_benchmark/NON_TERM_LASSO//lasso_traces_ex11.t2.c/lasso_trace_7.txt,NONTERMINATING,1.30,1.30,2.00,NONTERMINATING,168,125,293,Fixpoint / Fixpoint
ATVA2026_benchmark/NON_TERM_LASSO//lasso_traces_ex16.t2.c/lasso_trace_6.txt,NONTERMINATING,0.59,581.65,3.00,NONTERMINATING,129,22,151,GNTA / GNTA
ATVA2026_benchmark/NON_TERM_LASSO//lasso_traces_ex19.t2.c/lasso_trace_2.txt,NONTERMINATING,0.42,205.23,4.00,NONTERMINATING,31,21,52,GNTA / GNTA
ATVA2026_benchmark/NON_TERM_LASSO//lasso_traces_ex1.t2.c/lasso_trace_1.txt,NONTERMINATING,2.87,176.48,2.00,NONTERMINATING,24,12,36,GNTA / GNTA
ATVA2026_benchmark/NON_TERM_LASSO//lasso_traces_ex2.t2.c/lasso_trace_1.txt,NONTERMINATING,1.62,226.40,1.00,NONTERMINATING,45,12,57,GNTA / GNTA
ATVA2026_benchmark/NON_TERM_LASSO//lasso_traces_ex31.t2.c/lasso_trace_1.txt,NONTERMINATING,3.20,3.20,3.00,NONTERMINATING,20,21,41,Fixpoint / Fixpoint
ATVA2026_benchmark/NON_TERM_LASSO//lasso_traces_ex36.t2.c/lasso_trace_16.txt,NONTERMINATING,0.29,1273.97,4.00,NONTERMINATING,351,54,405,GNTA / GNTA
ATVA2026_benchmark/NON_TERM_LASSO//lasso_traces_ex40.t2.c/lasso_trace_1.txt,NONTERMINATING,1.69,166.34,2.00,NONTERMINATING,24,12,36,GNTA / GNTA
ATVA2026_benchmark/NON_TERM_LASSO//lasso_traces_ex8.t2.c/lasso_trace_2.txt,NONTERMINATING,1.10,1.10,1.00,NONTERMINATING,45,12,57,Fixpoint / Fixpoint
ATVA2026_benchmark/NON_TERM_LASSO//lasso_traces_ex9.t2.c/lasso_trace_2.txt,NONTERMINATING,1.07,1.07,1.00,NONTERMINATING,49,16,65,Fixpoint / Fixpoint
ATVA2026_benchmark/NON_TERM_LASSO//lasso_traces_exampleFile.c/lasso_trace_1.txt,NONTERMINATING,2.79,2.79,2.00,NONTERMINATING,8,2,10,Fixpoint / Fixpoint
ATVA2026_benchmark/NON_TERM_LASSO//lasso_traces_fake-succeed.t2.c/lasso_trace_1.txt,NONTERMINATING,4.67,4.67,4.00,NONTERMINATING,405,8,413,Fixpoint / Fixpoint
ATVA2026_benchmark/NON_TERM_LASSO//lasso_traces_fast_poll.t2.c/lasso_trace_1.txt,NONTERMINATING,4.06,4.06,3.00,NONTERMINATING,217,8,225,Fixpoint / Fixpoint
ATVA2026_benchmark/NON_TERM_LASSO//lasso_traces_Flip.c/lasso_trace_1.txt,NONTERMINATING,2.83,2.83,2.00,NONTERMINATING,5,1,6,Fixpoint / Fixpoint
ATVA2026_benchmark/NON_TERM_LASSO//lasso_traces_Flip_no-overflow.c/lasso_trace_1.txt,NONTERMINATING,3.21,3.21,2.00,NONTERMINATING,5,1,6,Fixpoint / Fixpoint
ATVA2026_benchmark/NON_TERM_LASSO//lasso_traces_fourn.c.i.fourn.pl.t2.fixed.t2.c/lasso_trace_3.txt,NONTERMINATING,0.64,686.29,4.00,NONTERMINATING,158,39,197,GNTA / GNTA
ATVA2026_benchmark/NON_TERM_LASSO//lasso_traces_fourn.c.i.fourn.pl.t2.nor.t2.rlgfixed.t2.c/lasso_trace_3.txt,NONTERMINATING,0.61,691.00,4.00,NONTERMINATING,158,39,197,GNTA / GNTA
ATVA2026_benchmark/NON_TERM_LASSO//lasso_traces_fourn.t2.c/lasso_trace_3.txt,NONTERMINATING,0.62,699.02,4.00,NONTERMINATING,158,39,197,GNTA / GNTA
ATVA2026_benchmark/NON_TERM_LASSO//lasso_traces_fun10b.t2.c/lasso_trace_1.txt,NONTERMINATING,10.57,10.57,7.00,NONTERMINATING,740,24,764,Fixpoint / Fixpoint
ATVA2026_benchmark/NON_TERM_LASSO//lasso_traces_fun10.t2.c/lasso_trace_1.txt,NONTERMINATING,8.52,8.52,8.00,NONTERMINATING,804,24,828,Fixpoint / Fixpoint
ATVA2026_benchmark/NON_TERM_LASSO//lasso_traces_fun11.t2.c/lasso_trace_1.txt,NONTERMINATING,1.70,323.85,2.00,NONTERMINATING,62,26,88,GNTA / GNTA
ATVA2026_benchmark/NON_TERM_LASSO//lasso_traces_fun1b.t2.c/lasso_trace_5.txt,NONTERMINATING,2.25,2.25,4.00,NONTERMINATING,118,193,311,Fixpoint / Fixpoint
ATVA2026_benchmark/NON_TERM_LASSO//lasso_traces_fun1.t2.c/lasso_trace_10.txt,NONTERMINATING,2.09,2.09,3.00,NONTERMINATING,135,193,328,Fixpoint / Fixpoint
ATVA2026_benchmark/NON_TERM_LASSO//lasso_traces_fun6.t2.c/lasso_trace_1.txt,NONTERMINATING,3.39,3.39,3.00,NONTERMINATING,160,52,212,Fixpoint / Fixpoint
ATVA2026_benchmark/NON_TERM_LASSO//lasso_traces_fun7.t2.c/lasso_trace_1.txt,NONTERMINATING,3.68,3.68,3.00,NONTERMINATING,144,125,269,Fixpoint / Fixpoint
ATVA2026_benchmark/NON_TERM_LASSO//lasso_traces_fun9.t2.c/lasso_trace_6.txt,NONTERMINATING,1.67,1.67,3.00,NONTERMINATING,257,41,298,Fixpoint / Fixpoint
ATVA2026_benchmark/NON_TERM_LASSO//lasso_traces_GasCake01.c/lasso_trace_1.txt,UNCHECKED,3.28,3.28,-,,4,17,21,Fixpoint
ATVA2026_benchmark/NON_TERM_LASSO//lasso_traces_GasCake01_InvariantCheck.c/lasso_trace_1.txt,NONTERMINATING,2.53,2.53,1.00,NONTERMINATING,2,1,3,Fixpoint / Fixpoint
ATVA2026_benchmark/NON_TERM_LASSO//lasso_traces_GasCake02.c/lasso_trace_2.txt,NONTERMINATING,4.03,4.03,6.00,NONTERMINATING,6,37,43,Fixpoint / Fixpoint
ATVA2026_benchmark/NON_TERM_LASSO//lasso_traces_GasCake02_Pointerless.c/lasso_trace_1.txt,NONTERMINATING,4.16,4.16,101.00,NONTERMINATING,6,22,28,Fixpoint / Fixpoint
ATVA2026_benchmark/NON_TERM_LASSO//lasso_traces_GasCake02_StricterInput_Pointerless.c/lasso_trace_1.txt,NONTERMINATING,4.00,4.00,143.00,NONTERMINATING,6,22,28,Fixpoint / Fixpoint
ATVA2026_benchmark/NON_TERM_LASSO//lasso_traces_GasCake02_StricterInput_Pointerless_v2.c/lasso_trace_1.txt,NONTERMINATING,3.91,3.91,260.00,NONTERMINATING,6,22,28,Fixpoint / Fixpoint
ATVA2026_benchmark/NON_TERM_LASSO//lasso_traces_GasCake02_woNullCheck.c/lasso_trace_1.txt,NONTERMINATING,5.88,5.88,5.00,NONTERMINATING,6,31,37,Fixpoint / Fixpoint
ATVA2026_benchmark/NON_TERM_LASSO//lasso_traces_GasCake03.c/lasso_trace_1.txt,NONTERMINATING,2.93,2.93,2.00,NONTERMINATING,4,3,7,Fixpoint / Fixpoint
ATVA2026_benchmark/NON_TERM_LASSO//lasso_traces_GasCake04.c/lasso_trace_1.txt,NONTERMINATING,2.89,2.89,1.00,NONTERMINATING,4,3,7,Fixpoint / Fixpoint
ATVA2026_benchmark/NON_TERM_LASSO//lasso_traces_GasCake05.c/lasso_trace_1.txt,NONTERMINATING,3.56,3.56,1.00,NONTERMINATING,4,3,7,Fixpoint / Fixpoint
ATVA2026_benchmark/NON_TERM_LASSO//lasso_traces_GCD-1.c/lasso_trace_1.txt,NONTERMINATING,3.11,3.11,3.00,NONTERMINATING,5,3,8,Fixpoint / Fixpoint
ATVA2026_benchmark/NON_TERM_LASSO//lasso_traces_GCD-1_no-overflow.c/lasso_trace_1.txt,NONTERMINATING,3.37,3.37,2.00,NONTERMINATING,5,3,8,Fixpoint / Fixpoint
ATVA2026_benchmark/NON_TERM_LASSO//lasso_traces_GCD2.c/lasso_trace_1.txt,NONTERMINATING,3.74,3.74,2.00,NONTERMINATING,5,3,8,Fixpoint / Fixpoint
ATVA2026_benchmark/NON_TERM_LASSO//lasso_traces_GCD2_no-overflow.c/lasso_trace_1.txt,NONTERMINATING,2.93,2.93,2.00,NONTERMINATING,5,3,8,Fixpoint / Fixpoint
ATVA2026_benchmark/NON_TERM_LASSO//lasso_traces_GCD.c/lasso_trace_1.txt,NONTERMINATING,2.89,2.89,2.00,NONTERMINATING,5,3,8,Fixpoint / Fixpoint
ATVA2026_benchmark/NON_TERM_LASSO//lasso_traces_GeometricalIntegerCake.c/lasso_trace_1.txt,UNCHECKED,4.61,4.61,-,,16,7,23,Fixpoint
ATVA2026_benchmark/NON_TERM_LASSO//lasso_traces_gotolabelnotfound.c/lasso_trace_1.txt,NONTERMINATING,2.89,2.89,2.00,NONTERMINATING,4,1,5,Fixpoint / Fixpoint
ATVA2026_benchmark/NON_TERM_LASSO//lasso_traces_GripperTest-incorrect_SVComp.c/lasso_trace_1.txt,NONTERMINATING,3.66,3.66,14.00,NONTERMINATING,5,2,7,Fixpoint / Fixpoint
ATVA2026_benchmark/NON_TERM_LASSO//lasso_traces_Hammereisenbach-AlternatingBranches_false-termination.c/lasso_trace_3.txt,NONTERMINATING,0.64,54.68,2.00,NONTERMINATING,6,2,8,GNTA / GNTA
ATVA2026_benchmark/NON_TERM_LASSO//lasso_traces_HarrisLalNoriRajamani-2010SAS-Fig2-alloca_unknown-termination.c/lasso_trace_2.txt,NONTERMINATING,1.86,1.86,3.00,NONTERMINATING,19,5,24,Fixpoint / Fixpoint
ATVA2026_benchmark/NON_TERM_LASSO//lasso_traces_HarrisLalNoriRajamani-SAS2010-Fig2.c/lasso_trace_1.txt,NONTERMINATING,3.98,3.98,2.00,NONTERMINATING,13,1,14,Fixpoint / Fixpoint
ATVA2026_benchmark/NON_TERM_LASSO//lasso_traces_HarrisLalNoriRajamani-SAS2010-Fig2_false-termination.c/lasso_trace_1.txt,NONTERMINATING,3.91,3.91,2.00,NONTERMINATING,13,1,14,Fixpoint / Fixpoint
ATVA2026_benchmark/NON_TERM_LASSO//lasso_traces_HarrisLalNoriRajamani-SAS2010-Fig2_no-overflow.c/lasso_trace_1.txt,NONTERMINATING,5.04,5.04,2.00,NONTERMINATING,13,1,14,Fixpoint / Fixpoint
ATVA2026_benchmark/NON_TERM_LASSO//lasso_traces_heidy1.t2.c/lasso_trace_1.txt,NONTERMINATING,1.68,127.29,1.00,NONTERMINATING,20,8,28,GNTA / GNTA
ATVA2026_benchmark/NON_TERM_LASSO//lasso_traces_heidy2.t2.c/lasso_trace_1.txt,NONTERMINATING,1.62,151.37,1.00,NONTERMINATING,20,13,33,GNTA / GNTA
ATVA2026_benchmark/NON_TERM_LASSO//lasso_traces_heidy3.t2.c/lasso_trace_2.txt,NONTERMINATING,1.11,1.11,2.00,NONTERMINATING,29,8,37,Fixpoint / Fixpoint
ATVA2026_benchmark/NON_TERM_LASSO//lasso_traces_heidy6.t2.c/lasso_trace_2.txt,NONTERMINATING,1.31,1.31,1.00,NONTERMINATING,34,8,42,Fixpoint / Fixpoint
ATVA2026_benchmark/NON_TERM_LASSO//lasso_traces_heidy7-simple.t2.c/lasso_trace_2.txt,NONTERMINATING,1.14,1.14,1.00,NONTERMINATING,29,12,41,Fixpoint / Fixpoint
ATVA2026_benchmark/NON_TERM_LASSO//lasso_traces_heidy7.t2.c/lasso_trace_2.txt,NONTERMINATING,1.05,1.05,1.00,NONTERMINATING,29,13,42,Fixpoint / Fixpoint
ATVA2026_benchmark/NON_TERM_LASSO//lasso_traces_heidy8.t2.c/lasso_trace_2.txt,NONTERMINATING,1.08,1.08,2.00,NONTERMINATING,37,13,50,Fixpoint / Fixpoint
ATVA2026_benchmark/NON_TERM_LASSO//lasso_traces_HenzingerJhalaMajumdarSutre-POPL2002-LockingExample.c/lasso_trace_2.txt,NONTERMINATING,1.94,139.43,3.00,NONTERMINATING,6,10,16,GNTA / GNTA
ATVA2026_benchmark/NON_TERM_LASSO//lasso_traces_HenzingerJhalaMajumdarSutre-POPL2002-LockingExample_false-termination.c/lasso_trace_2.txt,NONTERMINATING,1.62,141.89,3.00,NONTERMINATING,6,10,16,GNTA / GNTA
ATVA2026_benchmark/NON_TERM_LASSO//lasso_traces_HenzingerJhalaMajumdarSutre-POPL2002-LockingExample_no-overflow.c/lasso_trace_2.txt,NONTERMINATING,5.39,200.08,3.00,NONTERMINATING,6,10,16,GNTA / GNTA
ATVA2026_benchmark/NON_TERM_LASSO//lasso_traces_hqr.c.i.hqr.pl.t2.fixed.t2.c/lasso_trace_5.txt,NONTERMINATING,3.62,3.62,7.00,NONTERMINATING,244,166,410,Fixpoint / Fixpoint
ATVA2026_benchmark/NON_TERM_LASSO//lasso_traces_hqr.c.i.hqr.pl.t2.nor.t2.rlgfixed.t2.c/lasso_trace_5.txt,NONTERMINATING,3.50,3.50,5.00,NONTERMINATING,248,166,414,Fixpoint / Fixpoint
ATVA2026_benchmark/NON_TERM_LASSO//lasso_traces_hqr.t2.c/lasso_trace_5.txt,NONTERMINATING,3.05,3.05,5.00,NONTERMINATING,248,166,414,Fixpoint / Fixpoint
ATVA2026_benchmark/NON_TERM_LASSO//lasso_traces_id2_b2_o3_true-unreach-call.c/lasso_trace_1.txt,NONTERMINATING,1.84,189.34,3.00,NONTERMINATING,6,6,12,GNTA / GNTA
ATVA2026_benchmark/NON_TERM_LASSO//lasso_traces_infinite.c/lasso_trace_1.txt,NONTERMINATING,2.92,2.92,3.00,NONTERMINATING,5,23,28,Fixpoint / Fixpoint
ATVA2026_benchmark/NON_TERM_LASSO//lasso_traces_insertsort.t2.c/lasso_trace_2.txt,NONTERMINATING,0.34,183.91,1.00,NONTERMINATING,37,12,49,GNTA / GNTA
ATVA2026_benchmark/NON_TERM_LASSO//lasso_traces_intSqRoot.t2.c/lasso_trace_1.txt,NONTERMINATING,2.96,2.96,2.00,NONTERMINATING,28,21,49,Fixpoint / Fixpoint
ATVA2026_benchmark/NON_TERM_LASSO//lasso_traces_jain_6-1.c/lasso_trace_1.txt,NONTERMINATING,3.48,3.48,3.00,NONTERMINATING,5,6,11,Fixpoint / Fixpoint
ATVA2026_benchmark/NON_TERM_LASSO//lasso_traces_janne_complex.t2.c/lasso_trace_11.txt,NONTERMINATING,0.27,257.99,2.00,NONTERMINATING,259,31,290,GNTA / GNTA
ATVA2026_benchmark/NON_TERM_LASSO//lasso_traces_joey.c/lasso_trace_4.txt,NONTERMINATING,1.47,1.47,2.00,NONTERMINATING,9,8,17,Fixpoint / Fixpoint
ATVA2026_benchmark/NON_TERM_LASSO//lasso_traces_joey_false-termination.c/lasso_trace_4.txt,NONTERMINATING,1.38,1.38,3.00,NONTERMINATING,9,8,17,Fixpoint / Fixpoint
ATVA2026_benchmark/NON_TERM_LASSO//lasso_traces_joey_no-overflow.c/lasso_trace_4.txt,NONTERMINATING,1.88,1.88,2.00,NONTERMINATING,9,8,17,Fixpoint / Fixpoint
ATVA2026_benchmark/NON_TERM_LASSO//lasso_traces_Krtek01.c/lasso_trace_1.txt,NONTERMINATING,3.51,3.51,2.00,NONTERMINATING,5,2,7,Fixpoint / Fixpoint
ATVA2026_benchmark/NON_TERM_LASSO//lasso_traces_Lcm.c/lasso_trace_1.txt,NONTERMINATING,3.94,3.94,2.00,NONTERMINATING,5,1,6,Fixpoint / Fixpoint
ATVA2026_benchmark/NON_TERM_LASSO//lasso_traces_Lcm_false-no-overflow_false-termination.c/lasso_trace_1.txt,NONTERMINATING,3.23,3.23,2.00,NONTERMINATING,5,1,6,Fixpoint / Fixpoint
ATVA2026_benchmark/NON_TERM_LASSO//lasso_traces_loi01.c/lasso_trace_1.txt,NONTERMINATING,2.60,2.60,1.00,NONTERMINATING,5,1,6,Fixpoint / Fixpoint
ATVA2026_benchmark/NON_TERM_LASSO//lasso_traces_loi02.c/lasso_trace_1.txt,NONTERMINATING,2.66,2.66,1.00,NONTERMINATING,5,1,6,Fixpoint / Fixpoint
ATVA2026_benchmark/NON_TERM_LASSO//lasso_traces_Loop-2.c/lasso_trace_1.txt,NONTERMINATING,2.64,2.64,1.00,NONTERMINATING,5,1,6,Fixpoint / Fixpoint
ATVA2026_benchmark/NON_TERM_LASSO//lasso_traces_Loop-2_no-overflow.c/lasso_trace_1.txt,NONTERMINATING,2.70,2.70,1.00,NONTERMINATING,5,1,6,Fixpoint / Fixpoint
ATVA2026_benchmark/NON_TERM_LASSO//lasso_traces_Loop.c/lasso_trace_1.txt,NONTERMINATING,2.56,2.56,2.00,NONTERMINATING,5,1,6,Fixpoint / Fixpoint
ATVA2026_benchmark/NON_TERM_LASSO//lasso_traces_LoopWithoutStatements.c/lasso_trace_1.txt,NONTERMINATING,3.86,3.86,1.00,NONTERMINATING,4,1,5,Fixpoint / Fixpoint
ATVA2026_benchmark/NON_TERM_LASSO//lasso_traces_Madrid.c/lasso_trace_1.txt,NONTERMINATING,3.20,3.20,1.00,NONTERMINATING,5,1,6,Fixpoint / Fixpoint
ATVA2026_benchmark/NON_TERM_LASSO//lasso_traces_Madrid_false-termination.c/lasso_trace_1.txt,NONTERMINATING,2.80,2.80,1.00,NONTERMINATING,5,1,6,Fixpoint / Fixpoint
ATVA2026_benchmark/NON_TERM_LASSO//lasso_traces_Madrid_no-overflow.c/lasso_trace_1.txt,NONTERMINATING,3.03,3.03,2.00,NONTERMINATING,5,1,6,Fixpoint / Fixpoint
ATVA2026_benchmark/NON_TERM_LASSO//lasso_traces_Marbie1.c/lasso_trace_1.txt,NONTERMINATING,1.89,84.76,2.00,NONTERMINATING,5,1,6,GNTA / GNTA
ATVA2026_benchmark/NON_TERM_LASSO//lasso_traces_Marbie1_false-no-overflow_false-termination.c/lasso_trace_1.txt,NONTERMINATING,1.89,91.26,2.00,NONTERMINATING,5,1,6,GNTA / GNTA
ATVA2026_benchmark/NON_TERM_LASSO//lasso_traces_Marbie2.c/lasso_trace_1.txt,NONTERMINATING,1.96,86.20,2.00,NONTERMINATING,5,1,6,GNTA / GNTA
ATVA2026_benchmark/NON_TERM_LASSO//lasso_traces_Marbie2_false-no-overflow_false-termination.c/lasso_trace_1.txt,NONTERMINATING,1.91,87.12,2.00,NONTERMINATING,5,1,6,GNTA / GNTA
ATVA2026_benchmark/NON_TERM_LASSO//lasso_traces_max-array.c/lasso_trace_1.txt,NONTERMINATING,3.71,3.71,2.00,NONTERMINATING,0,3,3,Fixpoint / Fixpoint
ATVA2026_benchmark/NON_TERM_LASSO//lasso_traces_mem_slave_tlm.1_true-unreach-call_false-termination.cil.c/lasso_trace_10.txt,NONTERMINATING,2.87,2.87,5.00,NONTERMINATING,18,5,23,Fixpoint / Fixpoint
ATVA2026_benchmark/NON_TERM_LASSO//lasso_traces_mergesort-no-inv.c/lasso_trace_1.txt,NONTERMINATING,3.19,3.19,3.00,NONTERMINATING,1,1,2,Fixpoint / Fixpoint
ATVA2026_benchmark/NON_TERM_LASSO//lasso_traces_MicrosoftZuneBug_false-termination.c/lasso_trace_1.txt,NONTERMINATING,3.22,3.22,3.00,NONTERMINATING,5,5,10,Fixpoint / Fixpoint
ATVA2026_benchmark/NON_TERM_LASSO//lasso_traces_Middle.c/lasso_trace_1.txt,NONTERMINATING,2.08,108.74,3.00,NONTERMINATING,5,1,6,GNTA / GNTA
ATVA2026_benchmark/NON_TERM_LASSO//lasso_traces_Middle_false-no-overflow_false-termination.c/lasso_trace_1.txt,NONTERMINATING,2.06,108.84,4.00,NONTERMINATING,5,1,6,GNTA / GNTA
ATVA2026_benchmark/NON_TERM_LASSO//lasso_traces_minepump_spec1_product01_true-unreach-call.cil.c/lasso_trace_2.txt,NONTERMINATING,1.67,1.67,6.00,NONTERMINATING,22,22,44,Fixpoint / Fixpoint
ATVA2026_benchmark/NON_TERM_LASSO//lasso_traces_MirrorInterv.c/lasso_trace_1.txt,NONTERMINATING,2.12,113.54,7.00,NONTERMINATING,5,1,6,GNTA / GNTA
ATVA2026_benchmark/NON_TERM_LASSO//lasso_traces_MirrorInterv_false-no-overflow_false-termination.c/lasso_trace_1.txt,NONTERMINATING,2.29,118.25,5.00,NONTERMINATING,5,1,6,GNTA / GNTA
ATVA2026_benchmark/NON_TERM_LASSO//lasso_traces_MirrorIntervSim.c/lasso_trace_1.txt,NONTERMINATING,3.74,3.74,2.00,NONTERMINATING,5,1,6,Fixpoint / Fixpoint
ATVA2026_benchmark/NON_TERM_LASSO//lasso_traces_MirrorIntervSim_no-overflow.c/lasso_trace_1.txt,NONTERMINATING,4.00,4.00,2.00,NONTERMINATING,5,1,6,Fixpoint / Fixpoint
ATVA2026_benchmark/NON_TERM_LASSO//lasso_traces_MutualRecursion_1a.c/lasso_trace_3.txt,NONTERMINATING,1.22,1.22,2.00,NONTERMINATING,28,24,52,Fixpoint / Fixpoint
ATVA2026_benchmark/NON_TERM_LASSO//lasso_traces_MutualRecursion_1a_false-termination.c/lasso_trace_3.txt,NONTERMINATING,1.20,1.20,2.00,NONTERMINATING,28,24,52,Fixpoint / Fixpoint
ATVA2026_benchmark/NON_TERM_LASSO//lasso_traces_MutualRecursion_1a_no-overflow.c/lasso_trace_3.txt,NONTERMINATING,1.41,1.41,2.00,NONTERMINATING,28,24,52,Fixpoint / Fixpoint
ATVA2026_benchmark/NON_TERM_LASSO//lasso_traces_n-10.t2.c/lasso_trace_1.txt,NONTERMINATING,3.09,3.09,2.00,NONTERMINATING,64,27,91,Fixpoint / Fixpoint
ATVA2026_benchmark/NON_TERM_LASSO//lasso_traces_n-12a.t2.c/lasso_trace_1.txt,NONTERMINATING,3.18,3.18,1.00,NONTERMINATING,20,9,29,Fixpoint / Fixpoint
ATVA2026_benchmark/NON_TERM_LASSO//lasso_traces_n-12.t2.c/lasso_trace_1.txt,NONTERMINATING,2.98,2.98,1.00,NONTERMINATING,24,19,43,Fixpoint / Fixpoint
ATVA2026_benchmark/NON_TERM_LASSO//lasso_traces_n-13.t2.c/lasso_trace_1.txt,NONTERMINATING,1.86,124.77,1.00,NONTERMINATING,20,9,29,GNTA / GNTA
ATVA2026_benchmark/NON_TERM_LASSO//lasso_traces_n-14.t2.c/lasso_trace_1.txt,NONTERMINATING,2.98,2.98,1.00,NONTERMINATING,24,19,43,Fixpoint / Fixpoint
ATVA2026_benchmark/NON_TERM_LASSO//lasso_traces_n-15a.t2.c/lasso_trace_2.txt,NONTERMINATING,1.37,1.37,2.00,NONTERMINATING,31,23,54,Fixpoint / Fixpoint
ATVA2026_benchmark/NON_TERM_LASSO//lasso_traces_n-15.t2.c/lasso_trace_1.txt,NONTERMINATING,1.82,113.36,1.00,NONTERMINATING,16,9,25,GNTA / GNTA
ATVA2026_benchmark/NON_TERM_LASSO//lasso_traces_n-16a.t2.c/lasso_trace_1.txt,NONTERMINATING,2.74,2.74,1.00,NONTERMINATING,24,9,33,Fixpoint / Fixpoint
ATVA2026_benchmark/NON_TERM_LASSO//lasso_traces_n-16.t2.c/lasso_trace_1.txt,NONTERMINATING,3.29,118.72,1.00,NONTERMINATING,16,9,25,GNTA / GNTA
ATVA2026_benchmark/NON_TERM_LASSO//lasso_traces_n-17.t2.c/lasso_trace_2.txt,NONTERMINATING,0.49,116.75,3.00,NONTERMINATING,23,13,36,GNTA / GNTA
ATVA2026_benchmark/NON_TERM_LASSO//lasso_traces_n-18a.t2.c/lasso_trace_1.txt,NONTERMINATING,3.31,3.31,1.00,NONTERMINATING,24,13,37,Fixpoint / Fixpoint
ATVA2026_benchmark/NON_TERM_LASSO//lasso_traces_n-18.t2.c/lasso_trace_1.txt,NONTERMINATING,1.84,133.53,1.00,NONTERMINATING,20,9,29,GNTA / GNTA
ATVA2026_benchmark/NON_TERM_LASSO//lasso_traces_n-1c.t2.c/lasso_trace_1.txt,NONTERMINATING,3.33,3.33,2.00,NONTERMINATING,56,27,83,Fixpoint / Fixpoint
ATVA2026_benchmark/NON_TERM_LASSO//lasso_traces_n-1d.t2.c/lasso_trace_1.txt,NONTERMINATING,2.85,2.85,2.00,NONTERMINATING,28,19,47,Fixpoint / Fixpoint
ATVA2026_benchmark/NON_TERM_LASSO//lasso_traces_n-1.t2.c/lasso_trace_1.txt,NONTERMINATING,2.88,2.88,3.00,NONTERMINATING,52,33,85,Fixpoint / Fixpoint
ATVA2026_benchmark/NON_TERM_LASSO//lasso_traces_n-20.t2.c/lasso_trace_1.txt,NONTERMINATING,3.40,3.40,2.00,NONTERMINATING,118,21,139,Fixpoint / Fixpoint
ATVA2026_benchmark/NON_TERM_LASSO//lasso_traces_n-21.t2.c/lasso_trace_1.txt,NONTERMINATING,1.92,168.87,2.00,NONTERMINATING,24,14,38,GNTA / GNTA
ATVA2026_benchmark/NON_TERM_LASSO//lasso_traces_n-32.t2.c/lasso_trace_1.txt,NONTERMINATING,3.78,3.78,1.00,NONTERMINATING,20,18,38,Fixpoint / Fixpoint
ATVA2026_benchmark/NON_TERM_LASSO//lasso_traces_n-33.t2.c/lasso_trace_1.txt,NONTERMINATING,2.85,2.85,2.00,NONTERMINATING,24,32,56,Fixpoint / Fixpoint
ATVA2026_benchmark/NON_TERM_LASSO//lasso_traces_n-36.t2.c/lasso_trace_1.txt,NONTERMINATING,3.35,3.35,3.00,NONTERMINATING,116,39,155,Fixpoint / Fixpoint
ATVA2026_benchmark/NON_TERM_LASSO//lasso_traces_n-37.t2.c/lasso_trace_1.txt,NONTERMINATING,2.07,241.77,2.00,NONTERMINATING,40,16,56,GNTA / GNTA
ATVA2026_benchmark/NON_TERM_LASSO//lasso_traces_n-3a.t2.c/lasso_trace_1.txt,NONTERMINATING,2.77,2.77,3.00,NONTERMINATING,28,21,49,Fixpoint / Fixpoint
ATVA2026_benchmark/NON_TERM_LASSO//lasso_traces_n-3.t2.c/lasso_trace_1.txt,NONTERMINATING,1.91,154.81,2.00,NONTERMINATING,24,14,38,GNTA / GNTA
ATVA2026_benchmark/NON_TERM_LASSO//lasso_traces_n-40.t2.c/lasso_trace_5.txt,NONTERMINATING,0.29,198.21,2.00,NONTERMINATING,32,29,61,GNTA / GNTA
ATVA2026_benchmark/NON_TERM_LASSO//lasso_traces_n-46.t2.c/lasso_trace_1.txt,NONTERMINATING,1.91,210.46,2.00,NONTERMINATING,43,8,51,GNTA / GNTA
ATVA2026_benchmark/NON_TERM_LASSO//lasso_traces_n-48.t2.c/lasso_trace_1.txt,NONTERMINATING,1.70,235.03,2.00,NONTERMINATING,49,13,62,GNTA / GNTA
ATVA2026_benchmark/NON_TERM_LASSO//lasso_traces_n-4.t2.c/lasso_trace_2.txt,NONTERMINATING,1.47,1.47,2.00,NONTERMINATING,48,15,63,Fixpoint / Fixpoint
ATVA2026_benchmark/NON_TERM_LASSO//lasso_traces_n-5.t2.c/lasso_trace_2.txt,NONTERMINATING,1.55,1.55,2.00,NONTERMINATING,95,28,123,Fixpoint / Fixpoint
ATVA2026_benchmark/NON_TERM_LASSO//lasso_traces_n-6a.t2.c/lasso_trace_2.txt,NONTERMINATING,1.64,1.64,4.00,NONTERMINATING,39,26,65,Fixpoint / Fixpoint
ATVA2026_benchmark/NON_TERM_LASSO//lasso_traces_n-6.t2.c/lasso_trace_1.txt,NONTERMINATING,1.77,193.16,2.00,NONTERMINATING,28,19,47,GNTA / GNTA
ATVA2026_benchmark/NON_TERM_LASSO//lasso_traces_n-7.t2.c/lasso_trace_2.txt,NONTERMINATING,1.81,203.67,2.00,NONTERMINATING,28,25,53,GNTA / GNTA
ATVA2026_benchmark/NON_TERM_LASSO//lasso_traces_n-8a.t2.c/lasso_trace_1.txt,NONTERMINATING,3.25,3.25,2.00,NONTERMINATING,44,17,61,Fixpoint / Fixpoint
ATVA2026_benchmark/NON_TERM_LASSO//lasso_traces_n-8.t2.c/lasso_trace_1.txt,NONTERMINATING,3.28,3.28,2.00,NONTERMINATING,48,23,71,Fixpoint / Fixpoint
ATVA2026_benchmark/NON_TERM_LASSO//lasso_traces_n-9.t2.c/lasso_trace_1.txt,NONTERMINATING,3.29,3.29,3.00,NONTERMINATING,48,27,75,Fixpoint / Fixpoint
ATVA2026_benchmark/NON_TERM_LASSO//lasso_traces_neg-1394complete-fail.t2.c/lasso_trace_7.txt,NONTERMINATING,1.95,1.95,3.00,NONTERMINATING,391,8,399,Fixpoint / Fixpoint
ATVA2026_benchmark/NON_TERM_LASSO//lasso_traces_neg-1394complete-succeed.t2.c/lasso_trace_4.txt,NONTERMINATING,2.17,2.17,3.00,NONTERMINATING,344,26,370,Fixpoint / Fixpoint
ATVA2026_benchmark/NON_TERM_LASSO//lasso_traces_neg-e-1394complete-fail.t2.c/lasso_trace_4.txt,NONTERMINATING,2.43,2.43,3.00,NONTERMINATING,320,26,346,Fixpoint / Fixpoint
ATVA2026_benchmark/NON_TERM_LASSO//lasso_traces_neg-e-1394complete-succeed.t2.c/lasso_trace_4.txt,NONTERMINATING,2.14,2.14,4.00,NONTERMINATING,320,26,346,Fixpoint / Fixpoint
ATVA2026_benchmark/NON_TERM_LASSO//lasso_traces_neg-e-acqrel-fail.t2.c/lasso_trace_1.txt,NONTERMINATING,3.00,3.00,2.00,NONTERMINATING,40,30,70,Fixpoint / Fixpoint
ATVA2026_benchmark/NON_TERM_LASSO//lasso_traces_neg-e-acqrel-succeed.t2.c/lasso_trace_2.txt,NONTERMINATING,2.62,2.62,2.00,NONTERMINATING,49,8,57,Fixpoint / Fixpoint
ATVA2026_benchmark/NON_TERM_LASSO//lasso_traces_neg-e-pgarch-fail.t2.c/lasso_trace_2.txt,NONTERMINATING,3.02,3.02,2.00,NONTERMINATING,90,8,98,Fixpoint / Fixpoint
ATVA2026_benchmark/NON_TERM_LASSO//lasso_traces_neg-e-pgarch-succeed.t2.c/lasso_trace_1.txt,NONTERMINATING,3.03,3.03,2.00,NONTERMINATING,82,8,90,Fixpoint / Fixpoint
ATVA2026_benchmark/NON_TERM_LASSO//lasso_traces_neg-e-popl07-succeed.t2.c/lasso_trace_3.txt,NONTERMINATING,1.17,1.17,2.00,NONTERMINATING,151,8,159,Fixpoint / Fixpoint
ATVA2026_benchmark/NON_TERM_LASSO//lasso_traces_neg-pgarch-succeed.t2.c/lasso_trace_2.txt,NONTERMINATING,0.94,0.94,2.00,NONTERMINATING,102,8,110,Fixpoint / Fixpoint
ATVA2026_benchmark/NON_TERM_LASSO//lasso_traces_neg-popl07-fail.t2.c/lasso_trace_2.txt,NONTERMINATING,1.38,1.38,2.00,NONTERMINATING,129,8,137,Fixpoint / Fixpoint
ATVA2026_benchmark/NON_TERM_LASSO//lasso_traces_neg-popl07-succeed.t2.c/lasso_trace_2.txt,NONTERMINATING,2.03,2.03,2.00,NONTERMINATING,146,8,154,Fixpoint / Fixpoint
ATVA2026_benchmark/NON_TERM_LASSO//lasso_traces_neg-smagilla-fail.t2.c/lasso_trace_11.txt,NONTERMINATING,0.97,0.97,3.00,NONTERMINATING,205,8,213,Fixpoint / Fixpoint
ATVA2026_benchmark/NON_TERM_LASSO//lasso_traces_neg-smagilla-succeed.t2.c/lasso_trace_7.txt,NONTERMINATING,0.66,0.66,2.00,NONTERMINATING,133,8,141,Fixpoint / Fixpoint
ATVA2026_benchmark/NON_TERM_LASSO//lasso_traces_NestedRecursion_1a-1.c/lasso_trace_2.txt,NONTERMINATING,2.64,2.64,1.00,NONTERMINATING,6,27,33,Fixpoint / Fixpoint
ATVA2026_benchmark/NON_TERM_LASSO//lasso_traces_NestedRecursion_1a-1_no-overflow.c/lasso_trace_2.txt,NONTERMINATING,2.78,2.78,1.00,NONTERMINATING,6,27,33,Fixpoint / Fixpoint
ATVA2026_benchmark/NON_TERM_LASSO//lasso_traces_NestedRecursion_1a-2.c/lasso_trace_2.txt,NONTERMINATING,2.63,2.63,1.00,NONTERMINATING,7,27,34,Fixpoint / Fixpoint
ATVA2026_benchmark/NON_TERM_LASSO//lasso_traces_NestedRecursion_1a-2_no-overflow.c/lasso_trace_2.txt,NONTERMINATING,2.79,2.79,1.00,NONTERMINATING,7,27,34,Fixpoint / Fixpoint
ATVA2026_benchmark/NON_TERM_LASSO//lasso_traces_NestedRecursion_1a_false-termination.c/lasso_trace_2.txt,NONTERMINATING,2.58,2.58,1.00,NONTERMINATING,6,27,33,Fixpoint / Fixpoint
ATVA2026_benchmark/NON_TERM_LASSO//lasso_traces_NestedRecursion_2a.c/lasso_trace_1.txt,NONTERMINATING,1.80,145.73,2.00,NONTERMINATING,6,3,9,GNTA / GNTA
ATVA2026_benchmark/NON_TERM_LASSO//lasso_traces_NestedRecursion_2a_false-termination.c/lasso_trace_1.txt,NONTERMINATING,1.81,141.08,3.00,NONTERMINATING,6,3,9,GNTA / GNTA
ATVA2026_benchmark/NON_TERM_LASSO//lasso_traces_NestedRecursion_2a_no-overflow.c/lasso_trace_1.txt,NONTERMINATING,1.88,143.03,2.00,NONTERMINATING,6,3,9,GNTA / GNTA
ATVA2026_benchmark/NON_TERM_LASSO//lasso_traces_NestedRecursion_2b.c/lasso_trace_4.txt,NONTERMINATING,1.47,1.47,2.00,NONTERMINATING,14,12,26,Fixpoint / Fixpoint
ATVA2026_benchmark/NON_TERM_LASSO//lasso_traces_NestedRecursion_2b_false-termination.c/lasso_trace_4.txt,NONTERMINATING,1.10,1.10,2.00,NONTERMINATING,14,12,26,Fixpoint / Fixpoint
ATVA2026_benchmark/NON_TERM_LASSO//lasso_traces_NestedRecursion_2b_no-overflow.c/lasso_trace_4.txt,NONTERMINATING,1.15,1.15,2.00,NONTERMINATING,14,12,26,Fixpoint / Fixpoint
ATVA2026_benchmark/NON_TERM_LASSO//lasso_traces_NO_00.c/lasso_trace_1.txt,NONTERMINATING,2.73,2.73,1.00,NONTERMINATING,5,1,6,Fixpoint / Fixpoint
ATVA2026_benchmark/NON_TERM_LASSO//lasso_traces_NO_00_no-overflow.c/lasso_trace_1.txt,NONTERMINATING,2.92,2.92,2.00,NONTERMINATING,5,1,6,Fixpoint / Fixpoint
ATVA2026_benchmark/NON_TERM_LASSO//lasso_traces_NO_01.c/lasso_trace_2.txt,NONTERMINATING,1.22,1.22,2.00,NONTERMINATING,8,1,9,Fixpoint / Fixpoint
ATVA2026_benchmark/NON_TERM_LASSO//lasso_traces_NO_01_no-overflow.c/lasso_trace_2.txt,NONTERMINATING,0.96,0.96,1.00,NONTERMINATING,8,1,9,Fixpoint / Fixpoint
ATVA2026_benchmark/NON_TERM_LASSO//lasso_traces_NO_02.c/lasso_trace_2.txt,NONTERMINATING,3.06,3.06,2.00,NONTERMINATING,6,1,7,Fixpoint / Fixpoint
ATVA2026_benchmark/NON_TERM_LASSO//lasso_traces_NO_02_no-overflow.c/lasso_trace_2.txt,NONTERMINATING,2.59,2.59,2.00,NONTERMINATING,6,1,7,Fixpoint / Fixpoint
ATVA2026_benchmark/NON_TERM_LASSO//lasso_traces_NO_03.c/lasso_trace_2.txt,NONTERMINATING,2.26,2.26,1.00,NONTERMINATING,5,3,8,Fixpoint / Fixpoint
ATVA2026_benchmark/NON_TERM_LASSO//lasso_traces_NO_03_no-overflow.c/lasso_trace_2.txt,NONTERMINATING,4.10,4.10,1.00,NONTERMINATING,5,3,8,Fixpoint / Fixpoint
ATVA2026_benchmark/NON_TERM_LASSO//lasso_traces_NO_04.c/lasso_trace_5.txt,NONTERMINATING,1.39,1.39,2.00,NONTERMINATING,9,1,10,Fixpoint / Fixpoint
ATVA2026_benchmark/NON_TERM_LASSO//lasso_traces_NO_04_no-overflow.c/lasso_trace_5.txt,NONTERMINATING,1.23,1.23,2.00,NONTERMINATING,9,1,10,Fixpoint / Fixpoint
ATVA2026_benchmark/NON_TERM_LASSO//lasso_traces_NO_10.c/lasso_trace_1.txt,NONTERMINATING,1.89,76.47,2.00,NONTERMINATING,5,1,6,GNTA / GNTA
ATVA2026_benchmark/NON_TERM_LASSO//lasso_traces_NO_10_false-no-overflow_false-termination.c/lasso_trace_1.txt,NONTERMINATING,1.96,83.86,2.00,NONTERMINATING,5,1,6,GNTA / GNTA
ATVA2026_benchmark/NON_TERM_LASSO//lasso_traces_NO_21.c/lasso_trace_1.txt,NONTERMINATING,2.67,2.67,1.00,NONTERMINATING,5,1,6,Fixpoint / Fixpoint
ATVA2026_benchmark/NON_TERM_LASSO//lasso_traces_NO_21_no-overflow.c/lasso_trace_1.txt,NONTERMINATING,2.74,2.74,1.00,NONTERMINATING,5,1,6,Fixpoint / Fixpoint
ATVA2026_benchmark/NON_TERM_LASSO//lasso_traces_NonterminatingForLoopSafe.c/lasso_trace_1.txt,NONTERMINATING,2.79,2.79,1.00,NONTERMINATING,5,2,7,Fixpoint / Fixpoint
ATVA2026_benchmark/NON_TERM_LASSO//lasso_traces_NonTermination3_false-termination.c/lasso_trace_2.txt,NONTERMINATING,3.35,3.35,3.00,NONTERMINATING,5,5,10,Fixpoint / Fixpoint
ATVA2026_benchmark/NON_TERM_LASSO//lasso_traces_NonTermination3_false-termination_true-valid-memsafety.c/lasso_trace_2.txt,NONTERMINATING,3.28,3.28,2.00,NONTERMINATING,5,5,10,Fixpoint / Fixpoint
ATVA2026_benchmark/NON_TERM_LASSO//lasso_traces_NonTerminationSimple2.c/lasso_trace_1.txt,NONTERMINATING,2.05,89.58,2.00,NONTERMINATING,5,1,6,GNTA / GNTA
ATVA2026_benchmark/NON_TERM_LASSO//lasso_traces_NonTerminationSimple2_false-termination.c/lasso_trace_1.txt,NONTERMINATING,2.14,89.81,2.00,NONTERMINATING,5,1,6,GNTA / GNTA
ATVA2026_benchmark/NON_TERM_LASSO//lasso_traces_NonTerminationSimple2_no-overflow.c/lasso_trace_1.txt,NONTERMINATING,2.19,92.66,2.00,NONTERMINATING,5,1,6,GNTA / GNTA
ATVA2026_benchmark/NON_TERM_LASSO//lasso_traces_NonTerminationSimple3.c/lasso_trace_1.txt,NONTERMINATING,3.98,3.98,2.00,NONTERMINATING,5,1,6,Fixpoint / Fixpoint
ATVA2026_benchmark/NON_TERM_LASSO//lasso_traces_NonTerminationSimple3_false-termination.c/lasso_trace_1.txt,NONTERMINATING,3.12,3.12,3.00,NONTERMINATING,5,1,6,Fixpoint / Fixpoint
ATVA2026_benchmark/NON_TERM_LASSO//lasso_traces_NonTerminationSimple3_no-overflow.c/lasso_trace_1.txt,NONTERMINATING,3.54,3.54,2.00,NONTERMINATING,5,1,6,Fixpoint / Fixpoint
ATVA2026_benchmark/NON_TERM_LASSO//lasso_traces_NonTerminationSimple4.c/lasso_trace_1.txt,NONTERMINATING,1.83,129.08,3.00,NONTERMINATING,6,1,7,GNTA / GNTA
ATVA2026_benchmark/NON_TERM_LASSO//lasso_traces_NonTerminationSimple4_false-termination.c/lasso_trace_1.txt,NONTERMINATING,1.72,116.82,3.00,NONTERMINATING,6,1,7,GNTA / GNTA
ATVA2026_benchmark/NON_TERM_LASSO//lasso_traces_NonTerminationSimple4_no-overflow.c/lasso_trace_1.txt,NONTERMINATING,2.18,125.78,3.00,NONTERMINATING,6,1,7,GNTA / GNTA
ATVA2026_benchmark/NON_TERM_LASSO//lasso_traces_NonTerminationSimple5.c/lasso_trace_1.txt,NONTERMINATING,1.83,108.43,2.00,NONTERMINATING,5,1,6,GNTA / GNTA
ATVA2026_benchmark/NON_TERM_LASSO//lasso_traces_NonTerminationSimple5_false-termination.c/lasso_trace_1.txt,NONTERMINATING,1.75,109.96,2.00,NONTERMINATING,5,1,6,GNTA / GNTA
ATVA2026_benchmark/NON_TERM_LASSO//lasso_traces_NonTerminationSimple5_no-overflow.c/lasso_trace_1.txt,NONTERMINATING,1.92,106.85,2.00,NONTERMINATING,5,1,6,GNTA / GNTA
ATVA2026_benchmark/NON_TERM_LASSO//lasso_traces_NonTerminationSimple6.c/lasso_trace_1.txt,NONTERMINATING,2.26,97.43,2.00,NONTERMINATING,5,1,6,GNTA / GNTA
ATVA2026_benchmark/NON_TERM_LASSO//lasso_traces_NonTerminationSimple6_false-termination.c/lasso_trace_1.txt,NONTERMINATING,1.62,99.05,3.00,NONTERMINATING,5,1,6,GNTA / GNTA
ATVA2026_benchmark/NON_TERM_LASSO//lasso_traces_NonTerminationSimple6_no-overflow.c/lasso_trace_1.txt,NONTERMINATING,1.88,89.30,3.00,NONTERMINATING,5,1,6,GNTA / GNTA
ATVA2026_benchmark/NON_TERM_LASSO//lasso_traces_NonTerminationSimple7.c/lasso_trace_1.txt,NONTERMINATING,4.65,4.65,2.00,NONTERMINATING,6,1,7,Fixpoint / Fixpoint
ATVA2026_benchmark/NON_TERM_LASSO//lasso_traces_NonTerminationSimple7_false-termination.c/lasso_trace_1.txt,NONTERMINATING,2.81,2.81,2.00,NONTERMINATING,6,1,7,Fixpoint / Fixpoint
ATVA2026_benchmark/NON_TERM_LASSO//lasso_traces_NonTerminationSimple7_no-overflow.c/lasso_trace_1.txt,NONTERMINATING,2.97,2.97,2.00,NONTERMINATING,6,1,7,Fixpoint / Fixpoint
ATVA2026_benchmark/NON_TERM_LASSO//lasso_traces_NonTerminationSimple8.c/lasso_trace_1.txt,NONTERMINATING,1.97,111.65,5.00,NONTERMINATING,5,1,6,GNTA / GNTA
ATVA2026_benchmark/NON_TERM_LASSO//lasso_traces_NonTerminationSimple8_false-termination.c/lasso_trace_1.txt,NONTERMINATING,2.02,115.77,5.00,NONTERMINATING,5,1,6,GNTA / GNTA
ATVA2026_benchmark/NON_TERM_LASSO//lasso_traces_NonTerminationSimple8_no-overflow.c/lasso_trace_1.txt,NONTERMINATING,2.16,113.67,5.00,NONTERMINATING,5,1,6,GNTA / GNTA
ATVA2026_benchmark/NON_TERM_LASSO//lasso_traces_NonTerminationSimple9.c/lasso_trace_1.txt,NONTERMINATING,3.76,3.76,1.00,NONTERMINATING,5,1,6,Fixpoint / Fixpoint
ATVA2026_benchmark/NON_TERM_LASSO//lasso_traces_NonTerminationSimple9_false-termination.c/lasso_trace_1.txt,NONTERMINATING,3.41,3.41,1.00,NONTERMINATING,5,1,6,Fixpoint / Fixpoint
ATVA2026_benchmark/NON_TERM_LASSO//lasso_traces_NonTerminationSimple9_no-overflow.c/lasso_trace_1.txt,NONTERMINATING,3.16,3.16,1.00,NONTERMINATING,5,1,6,Fixpoint / Fixpoint
ATVA2026_benchmark/NON_TERM_LASSO//lasso_traces_non_term.t2.c/lasso_trace_1.txt,NONTERMINATING,1.61,144.35,2.00,NONTERMINATING,22,13,35,GNTA / GNTA
ATVA2026_benchmark/NON_TERM_LASSO//lasso_traces_noReturn01.c/lasso_trace_1.txt,NONTERMINATING,2.73,2.73,1.00,NONTERMINATING,5,1,6,Fixpoint / Fixpoint
ATVA2026_benchmark/NON_TERM_LASSO//lasso_traces_noReturn02.c/lasso_trace_1.txt,NONTERMINATING,2.76,2.76,1.00,NONTERMINATING,5,1,6,Fixpoint / Fixpoint
ATVA2026_benchmark/NON_TERM_LASSO//lasso_traces_not-02-false.c/lasso_trace_1.txt,NONTERMINATING,2.99,2.99,1.00,NONTERMINATING,5,1,6,Fixpoint / Fixpoint
ATVA2026_benchmark/NON_TERM_LASSO//lasso_traces_not-02-false_termination.c/lasso_trace_1.txt,NONTERMINATING,3.91,3.91,2.00,NONTERMINATING,5,1,6,Fixpoint / Fixpoint
ATVA2026_benchmark/NON_TERM_LASSO//lasso_traces_not-03-false.c/lasso_trace_1.txt,NONTERMINATING,2.83,2.83,2.00,NONTERMINATING,5,1,6,Fixpoint / Fixpoint
ATVA2026_benchmark/NON_TERM_LASSO//lasso_traces_not-03-false_termination.c/lasso_trace_1.txt,NONTERMINATING,2.88,2.88,2.00,NONTERMINATING,5,1,6,Fixpoint / Fixpoint
ATVA2026_benchmark/NON_TERM_LASSO//lasso_traces_not-04-false.c/lasso_trace_1.txt,NONTERMINATING,3.31,3.31,2.00,NONTERMINATING,5,1,6,Fixpoint / Fixpoint
ATVA2026_benchmark/NON_TERM_LASSO//lasso_traces_not-04-false_termination.c/lasso_trace_1.txt,NONTERMINATING,3.30,3.30,3.00,NONTERMINATING,5,1,6,Fixpoint / Fixpoint
ATVA2026_benchmark/NON_TERM_LASSO//lasso_traces_not-05-false.c/lasso_trace_1.txt,NONTERMINATING,3.68,3.68,2.00,NONTERMINATING,5,1,6,Fixpoint / Fixpoint
ATVA2026_benchmark/NON_TERM_LASSO//lasso_traces_not-05-false_termination.c/lasso_trace_1.txt,NONTERMINATING,3.73,3.73,2.00,NONTERMINATING,5,1,6,Fixpoint / Fixpoint
ATVA2026_benchmark/NON_TERM_LASSO//lasso_traces_oct_vs_subpoly.t2.c/lasso_trace_1.txt,NONTERMINATING,2.24,170.56,2.00,NONTERMINATING,20,12,32,GNTA / GNTA
ATVA2026_benchmark/NON_TERM_LASSO//lasso_traces_or-01-false.c/lasso_trace_1.txt,NONTERMINATING,2.28,83.27,5.00,NONTERMINATING,5,1,6,GNTA / GNTA
ATVA2026_benchmark/NON_TERM_LASSO//lasso_traces_or-01-false_no-overflow.c/lasso_trace_1.txt,NONTERMINATING,8.65,120.87,6.00,NONTERMINATING,5,1,6,GNTA / GNTA
ATVA2026_benchmark/NON_TERM_LASSO//lasso_traces_or-04.c/lasso_trace_3.txt,NONTERMINATING,1.96,1.96,2.00,NONTERMINATING,6,1,7,Fixpoint / Fixpoint
ATVA2026_benchmark/NON_TERM_LASSO//lasso_traces_or-04_termination.c/lasso_trace_3.txt,NONTERMINATING,2.09,2.09,2.00,NONTERMINATING,6,1,7,Fixpoint / Fixpoint
ATVA2026_benchmark/NON_TERM_LASSO//lasso_traces_or-05.c/lasso_trace_1.txt,NONTERMINATING,1.63,1.63,2.00,NONTERMINATING,6,1,7,Fixpoint / Fixpoint
ATVA2026_benchmark/NON_TERM_LASSO//lasso_traces_or-05-false.c/lasso_trace_1.txt,NONTERMINATING,1.81,1.81,3.00,NONTERMINATING,6,1,7,Fixpoint / Fixpoint
ATVA2026_benchmark/NON_TERM_LASSO//lasso_traces_or-05-false_termination.c/lasso_trace_1.txt,NONTERMINATING,2.02,2.02,2.00,NONTERMINATING,6,1,7,Fixpoint / Fixpoint
ATVA2026_benchmark/NON_TERM_LASSO//lasso_traces_or-05_termination.c/lasso_trace_1.txt,NONTERMINATING,2.19,2.19,2.00,NONTERMINATING,6,1,7,Fixpoint / Fixpoint
ATVA2026_benchmark/NON_TERM_LASSO//lasso_traces_p-10.t2.c/lasso_trace_1.txt,NONTERMINATING,3.00,3.00,3.00,NONTERMINATING,60,25,85,Fixpoint / Fixpoint
ATVA2026_benchmark/NON_TERM_LASSO//lasso_traces_p-19a.t2.c/lasso_trace_1.txt,NONTERMINATING,3.25,3.25,2.00,NONTERMINATING,64,33,97,Fixpoint / Fixpoint
ATVA2026_benchmark/NON_TERM_LASSO//lasso_traces_p-19.t2.c/lasso_trace_1.txt,NONTERMINATING,3.08,3.08,2.00,NONTERMINATING,52,25,77,Fixpoint / Fixpoint
ATVA2026_benchmark/NON_TERM_LASSO//lasso_traces_p-1a.t2.c/lasso_trace_1.txt,NONTERMINATING,3.49,3.49,2.00,NONTERMINATING,68,25,93,Fixpoint / Fixpoint
ATVA2026_benchmark/NON_TERM_LASSO//lasso_traces_p-1c.t2.c/lasso_trace_1.txt,NONTERMINATING,3.06,3.06,2.00,NONTERMINATING,68,25,93,Fixpoint / Fixpoint
ATVA2026_benchmark/NON_TERM_LASSO//lasso_traces_p-1.t2.c/lasso_trace_1.txt,NONTERMINATING,3.61,3.61,2.00,NONTERMINATING,52,25,77,Fixpoint / Fixpoint
ATVA2026_benchmark/NON_TERM_LASSO//lasso_traces_p-20.t2.c/lasso_trace_1.txt,NONTERMINATING,4.32,4.32,2.00,NONTERMINATING,93,25,118,Fixpoint / Fixpoint
ATVA2026_benchmark/NON_TERM_LASSO//lasso_traces_p-32.t2.c/lasso_trace_1.txt,NONTERMINATING,3.05,3.05,1.00,NONTERMINATING,20,18,38,Fixpoint / Fixpoint
ATVA2026_benchmark/NON_TERM_LASSO//lasso_traces_p-33.t2.c/lasso_trace_1.txt,NONTERMINATING,2.87,2.87,2.00,NONTERMINATING,20,32,52,Fixpoint / Fixpoint
ATVA2026_benchmark/NON_TERM_LASSO//lasso_traces_p-34.t2.c/lasso_trace_1.txt,NONTERMINATING,3.33,3.33,2.00,NONTERMINATING,108,59,167,Fixpoint / Fixpoint
ATVA2026_benchmark/NON_TERM_LASSO//lasso_traces_p-36.t2.c/lasso_trace_1.txt,NONTERMINATING,3.26,3.26,2.00,NONTERMINATING,104,34,138,Fixpoint / Fixpoint
ATVA2026_benchmark/NON_TERM_LASSO//lasso_traces_p-52.t2.c/lasso_trace_1.txt,NONTERMINATING,3.77,3.77,3.00,NONTERMINATING,64,21,85,Fixpoint / Fixpoint
ATVA2026_benchmark/NON_TERM_LASSO//lasso_traces_p-5.t2.c/lasso_trace_2.txt,NONTERMINATING,1.61,1.61,2.00,NONTERMINATING,95,28,123,Fixpoint / Fixpoint
ATVA2026_benchmark/NON_TERM_LASSO//lasso_traces_p-8.t2.c/lasso_trace_1.txt,NONTERMINATING,3.22,3.22,2.00,NONTERMINATING,44,21,65,Fixpoint / Fixpoint
ATVA2026_benchmark/NON_TERM_LASSO//lasso_traces_p-9.t2.c/lasso_trace_1.txt,NONTERMINATING,3.02,3.02,2.00,NONTERMINATING,44,21,65,Fixpoint / Fixpoint
ATVA2026_benchmark/NON_TERM_LASSO//lasso_traces_pals_lcr.3_false-unreach-call.1.ufo.BOUNDED-6.pals.c/lasso_trace_1.txt,NONTERMINATING,4.78,4.78,22.00,NONTERMINATING,11,1,12,Fixpoint / Fixpoint
ATVA2026_benchmark/NON_TERM_LASSO//lasso_traces_pals_lcr-var-start-time.3_false-unreach-call.1.ufo.BOUNDED-6.pals.c/lasso_trace_1.txt,NONTERMINATING,6.08,6.08,167.00,NONTERMINATING,11,1,12,Fixpoint / Fixpoint
ATVA2026_benchmark/NON_TERM_LASSO//lasso_traces_PastaC10.c/lasso_trace_1.txt,NONTERMINATING,3.66,3.66,2.00,NONTERMINATING,5,1,6,Fixpoint / Fixpoint
ATVA2026_benchmark/NON_TERM_LASSO//lasso_traces_PastaC10_false-no-overflow_false-termination.c/lasso_trace_1.txt,NONTERMINATING,3.91,3.91,2.00,NONTERMINATING,5,1,6,Fixpoint / Fixpoint
ATVA2026_benchmark/NON_TERM_LASSO//lasso_traces_pc_sfifo_1_false-unreach-call_false-termination.cil.c/lasso_trace_8.txt,NONTERMINATING,1.33,1.33,3.00,NONTERMINATING,48,8,56,Fixpoint / Fixpoint
ATVA2026_benchmark/NON_TERM_LASSO//lasso_traces_pgarch.t2.c/lasso_trace_1.txt,NONTERMINATING,8.29,8.29,7.00,NONTERMINATING,1088,232,1320,Fixpoint / Fixpoint
ATVA2026_benchmark/NON_TERM_LASSO//lasso_traces_phases_false-unreach-call2.c/lasso_trace_1.txt,NONTERMINATING,3.34,3.34,2.00,NONTERMINATING,5,2,7,Fixpoint / Fixpoint
ATVA2026_benchmark/NON_TERM_LASSO//lasso_traces_phases_true-unreach-call2.c/lasso_trace_1.txt,NONTERMINATING,3.61,3.61,2.00,NONTERMINATING,5,2,7,Fixpoint / Fixpoint
ATVA2026_benchmark/NON_TERM_LASSO//lasso_traces_pointerAndIntAsLoopCondition.c/lasso_trace_1.txt,NONTERMINATING,1.73,81.45,3.00,NONTERMINATING,5,1,6,GNTA / GNTA
ATVA2026_benchmark/NON_TERM_LASSO//lasso_traces_pointer.c/lasso_trace_1.txt,NONTERMINATING,2.35,2.35,2.00,NONTERMINATING,9,3,12,Fixpoint / Fixpoint
ATVA2026_benchmark/NON_TERM_LASSO//lasso_traces_polling.bug.t2.c/lasso_trace_1.txt,NONTERMINATING,3.82,3.82,3.00,NONTERMINATING,213,8,221,Fixpoint / Fixpoint
ATVA2026_benchmark/NON_TERM_LASSO//lasso_traces_polling.t2.c/lasso_trace_1.txt,NONTERMINATING,4.52,4.52,3.00,NONTERMINATING,201,8,209,Fixpoint / Fixpoint
ATVA2026_benchmark/NON_TERM_LASSO//lasso_traces_popl07-fail.t2.c/lasso_trace_2.txt,NONTERMINATING,1.34,1.34,2.00,NONTERMINATING,121,8,129,Fixpoint / Fixpoint
ATVA2026_benchmark/NON_TERM_LASSO//lasso_traces_popl07-succeed.t2.c/lasso_trace_2.txt,NONTERMINATING,1.55,1.55,2.00,NONTERMINATING,121,8,129,Fixpoint / Fixpoint
ATVA2026_benchmark/NON_TERM_LASSO//lasso_traces_Primes.c/lasso_trace_11.txt,NONTERMINATING,1.38,1.38,3.00,NONTERMINATING,36,10,46,Fixpoint / Fixpoint
ATVA2026_benchmark/NON_TERM_LASSO//lasso_traces_Primes_no-overflow.c/lasso_trace_11.txt,NONTERMINATING,1.51,1.51,4.00,NONTERMINATING,36,10,46,Fixpoint / Fixpoint
ATVA2026_benchmark/NON_TERM_LASSO//lasso_traces_Primes_true-unreach-call.c/lasso_trace_11.txt,NONTERMINATING,1.35,1.35,2.00,NONTERMINATING,36,10,46,Fixpoint / Fixpoint
ATVA2026_benchmark/NON_TERM_LASSO//lasso_traces_printf.c/lasso_trace_1.txt,NONTERMINATING,2.98,2.98,2.00,NONTERMINATING,6,1,7,Fixpoint / Fixpoint
ATVA2026_benchmark/NON_TERM_LASSO//lasso_traces_Problem01_label00_true-unreach-call.c/lasso_trace_7.txt,NONTERMINATING,1.20,1.20,4.00,NONTERMINATING,13,59,72,Fixpoint / Fixpoint
ATVA2026_benchmark/NON_TERM_LASSO//lasso_traces_Problem01_label19_true-unreach-call.c/lasso_trace_7.txt,NONTERMINATING,1.19,1.19,4.00,NONTERMINATING,71,59,130,Fixpoint / Fixpoint
ATVA2026_benchmark/NON_TERM_LASSO//lasso_traces_Problem01_label20_false-unreach-call.c/lasso_trace_7.txt,NONTERMINATING,1.45,1.45,4.00,NONTERMINATING,71,59,130,Fixpoint / Fixpoint
ATVA2026_benchmark/NON_TERM_LASSO//lasso_traces_Problem02_label00_true-unreach-call.c/lasso_trace_10.txt,NONTERMINATING,1.58,1.58,4.00,NONTERMINATING,98,81,179,Fixpoint / Fixpoint
ATVA2026_benchmark/NON_TERM_LASSO//lasso_traces_Problem02_label06_true-unreach-call.c/lasso_trace_8.txt,NONTERMINATING,1.34,1.34,3.00,NONTERMINATING,98,81,179,Fixpoint / Fixpoint
ATVA2026_benchmark/NON_TERM_LASSO//lasso_traces_prodbin-both-nt.c/lasso_trace_1.txt,NONTERMINATING,3.16,3.16,3.00,NONTERMINATING,7,1,8,Fixpoint / Fixpoint
ATVA2026_benchmark/NON_TERM_LASSO//lasso_traces_prodbin-both-nt_no-overflow.c/lasso_trace_1.txt,NONTERMINATING,2.69,2.69,3.00,NONTERMINATING,7,1,8,Fixpoint / Fixpoint
ATVA2026_benchmark/NON_TERM_LASSO//lasso_traces_psyco_abp_1_false-unreach-call_false-termination.c/lasso_trace_1.txt,NONTERMINATING,3.44,3.44,2.00,NONTERMINATING,5,3,8,Fixpoint / Fixpoint
ATVA2026_benchmark/NON_TERM_LASSO//lasso_traces_psyco_io_1.c/lasso_trace_1.txt,NONTERMINATING,3.55,3.55,5.00,NONTERMINATING,5,3,8,Fixpoint / Fixpoint
ATVA2026_benchmark/NON_TERM_LASSO//lasso_traces_psyco_security.c/lasso_trace_1.txt,NONTERMINATING,3.35,3.35,2.00,NONTERMINATING,5,2,7,Fixpoint / Fixpoint
ATVA2026_benchmark/NON_TERM_LASSO//lasso_traces_QuantifiedFloatInvariant.c/lasso_trace_1.txt,NONTERMINATING,1.86,69.10,1.00,NONTERMINATING,6,2,8,GNTA / GNTA
ATVA2026_benchmark/NON_TERM_LASSO//lasso_traces_RanFile001.c/lasso_trace_1.txt,NONTERMINATING,3.50,3.50,2.00,NONTERMINATING,0,2,2,Fixpoint / Fixpoint
ATVA2026_benchmark/NON_TERM_LASSO//lasso_traces_RanFile004.c/lasso_trace_1.txt,NONTERMINATING,3.74,3.74,3.00,NONTERMINATING,1,1,2,Fixpoint / Fixpoint
ATVA2026_benchmark/NON_TERM_LASSO//lasso_traces_RanFile005.c/lasso_trace_1.txt,NONTERMINATING,2.39,2.39,2.00,NONTERMINATING,5,3,8,Fixpoint / Fixpoint
ATVA2026_benchmark/NON_TERM_LASSO//lasso_traces_RanFile007.c/lasso_trace_1.txt,NONTERMINATING,4.09,4.09,2.00,NONTERMINATING,0,2,2,Fixpoint / Fixpoint
ATVA2026_benchmark/NON_TERM_LASSO//lasso_traces_RanFile008.c/lasso_trace_1.txt,NONTERMINATING,3.19,3.19,2.00,NONTERMINATING,1,1,2,Fixpoint / Fixpoint
ATVA2026_benchmark/NON_TERM_LASSO//lasso_traces_RanFile009.c/lasso_trace_1.txt,NONTERMINATING,4.10,4.10,2.00,NONTERMINATING,1,1,2,Fixpoint / Fixpoint
ATVA2026_benchmark/NON_TERM_LASSO//lasso_traces_RanFile010.c/lasso_trace_1.txt,NONTERMINATING,1.66,62.70,2.00,NONTERMINATING,0,2,2,GNTA / GNTA
ATVA2026_benchmark/NON_TERM_LASSO//lasso_traces_RanFile011.c/lasso_trace_1.txt,NONTERMINATING,3.82,3.82,3.00,NONTERMINATING,1,1,2,Fixpoint / Fixpoint
ATVA2026_benchmark/NON_TERM_LASSO//lasso_traces_RanFile014.c/lasso_trace_1.txt,NONTERMINATING,4.40,4.40,2.00,NONTERMINATING,1,1,2,Fixpoint / Fixpoint
ATVA2026_benchmark/NON_TERM_LASSO//lasso_traces_RanFile015.c/lasso_trace_1.txt,NONTERMINATING,5.52,5.52,2.00,NONTERMINATING,2,1,3,Fixpoint / Fixpoint
ATVA2026_benchmark/NON_TERM_LASSO//lasso_traces_RanFile016.c/lasso_trace_1.txt,NONTERMINATING,3.15,3.15,2.00,NONTERMINATING,0,1,1,Fixpoint / Fixpoint
ATVA2026_benchmark/NON_TERM_LASSO//lasso_traces_RanFile017.c/lasso_trace_1.txt,NONTERMINATING,4.01,4.01,3.00,NONTERMINATING,1,1,2,Fixpoint / Fixpoint
ATVA2026_benchmark/NON_TERM_LASSO//lasso_traces_RanFile018.c/lasso_trace_1.txt,NONTERMINATING,4.21,4.21,3.00,NONTERMINATING,1,2,3,Fixpoint / Fixpoint
ATVA2026_benchmark/NON_TERM_LASSO//lasso_traces_RanFile019.c/lasso_trace_1.txt,NONTERMINATING,3.83,3.83,2.00,NONTERMINATING,1,1,2,Fixpoint / Fixpoint
ATVA2026_benchmark/NON_TERM_LASSO//lasso_traces_RanFile020.c/lasso_trace_1.txt,NONTERMINATING,2.90,2.90,2.00,NONTERMINATING,0,2,2,Fixpoint / Fixpoint
ATVA2026_benchmark/NON_TERM_LASSO//lasso_traces_RanFile021.c/lasso_trace_1.txt,NONTERMINATING,3.78,3.78,3.00,NONTERMINATING,1,2,3,Fixpoint / Fixpoint
ATVA2026_benchmark/NON_TERM_LASSO//lasso_traces_RanFile022.c/lasso_trace_1.txt,NONTERMINATING,2.47,2.47,1.00,NONTERMINATING,0,1,1,Fixpoint / Fixpoint
ATVA2026_benchmark/NON_TERM_LASSO//lasso_traces_RanFile023.c/lasso_trace_1.txt,NONTERMINATING,4.54,4.54,3.00,NONTERMINATING,1,1,2,Fixpoint / Fixpoint
ATVA2026_benchmark/NON_TERM_LASSO//lasso_traces_RanFile024.c/lasso_trace_1.txt,NONTERMINATING,5.82,5.82,3.00,NONTERMINATING,1,1,2,Fixpoint / Fixpoint
ATVA2026_benchmark/NON_TERM_LASSO//lasso_traces_RanFile025.c/lasso_trace_1.txt,NONTERMINATING,2.90,2.90,1.00,NONTERMINATING,0,2,2,Fixpoint / Fixpoint
ATVA2026_benchmark/NON_TERM_LASSO//lasso_traces_RanFile026.c/lasso_trace_1.txt,NONTERMINATING,5.15,5.15,2.00,NONTERMINATING,1,2,3,Fixpoint / Fixpoint
ATVA2026_benchmark/NON_TERM_LASSO//lasso_traces_RanFile027.c/lasso_trace_1.txt,NONTERMINATING,3.11,3.11,2.00,NONTERMINATING,1,1,2,Fixpoint / Fixpoint
ATVA2026_benchmark/NON_TERM_LASSO//lasso_traces_RanFile028.c/lasso_trace_1.txt,NONTERMINATING,3.18,3.18,2.00,NONTERMINATING,1,1,2,Fixpoint / Fixpoint
ATVA2026_benchmark/NON_TERM_LASSO//lasso_traces_RanFile029.c/lasso_trace_1.txt,NONTERMINATING,3.39,3.39,2.00,NONTERMINATING,0,1,1,Fixpoint / Fixpoint
ATVA2026_benchmark/NON_TERM_LASSO//lasso_traces_RanFile030.c/lasso_trace_1.txt,NONTERMINATING,3.61,3.61,2.00,NONTERMINATING,1,1,2,Fixpoint / Fixpoint
ATVA2026_benchmark/NON_TERM_LASSO//lasso_traces_RanFile031.c/lasso_trace_1.txt,NONTERMINATING,3.52,3.52,2.00,NONTERMINATING,2,1,3,Fixpoint / Fixpoint
ATVA2026_benchmark/NON_TERM_LASSO//lasso_traces_RanFile032.c/lasso_trace_1.txt,NONTERMINATING,4.11,4.11,3.00,NONTERMINATING,1,1,2,Fixpoint / Fixpoint
ATVA2026_benchmark/NON_TERM_LASSO//lasso_traces_RanFile033.c/lasso_trace_1.txt,NONTERMINATING,2.84,2.84,3.00,NONTERMINATING,1,2,3,Fixpoint / Fixpoint
ATVA2026_benchmark/NON_TERM_LASSO//lasso_traces_RanFile034.c/lasso_trace_1.txt,NONTERMINATING,2.57,2.57,1.00,NONTERMINATING,0,1,1,Fixpoint / Fixpoint
ATVA2026_benchmark/NON_TERM_LASSO//lasso_traces_RanFile035.c/lasso_trace_1.txt,NONTERMINATING,2.86,2.86,1.00,NONTERMINATING,0,2,2,Fixpoint / Fixpoint
ATVA2026_benchmark/NON_TERM_LASSO//lasso_traces_RanFile037.c/lasso_trace_1.txt,NONTERMINATING,3.51,3.51,2.00,NONTERMINATING,1,1,2,Fixpoint / Fixpoint
ATVA2026_benchmark/NON_TERM_LASSO//lasso_traces_RanFile038.c/lasso_trace_1.txt,NONTERMINATING,1.52,1.52,1.00,NONTERMINATING,0,1,1,Fixpoint / Fixpoint
ATVA2026_benchmark/NON_TERM_LASSO//lasso_traces_RanFile039.c/lasso_trace_1.txt,NONTERMINATING,3.30,3.30,2.00,NONTERMINATING,1,1,2,Fixpoint / Fixpoint
ATVA2026_benchmark/NON_TERM_LASSO//lasso_traces_RanFile040.c/lasso_trace_1.txt,NONTERMINATING,2.36,2.36,1.00,NONTERMINATING,0,1,1,Fixpoint / Fixpoint
ATVA2026_benchmark/NON_TERM_LASSO//lasso_traces_RanFile041.c/lasso_trace_1.txt,NONTERMINATING,3.85,3.85,4.00,NONTERMINATING,1,4,5,Fixpoint / Fixpoint
ATVA2026_benchmark/NON_TERM_LASSO//lasso_traces_RanFile042.c/lasso_trace_1.txt,NONTERMINATING,3.74,3.74,3.00,NONTERMINATING,1,3,4,Fixpoint / Fixpoint
ATVA2026_benchmark/NON_TERM_LASSO//lasso_traces_RanFile043.c/lasso_trace_1.txt,NONTERMINATING,3.18,3.18,2.00,NONTERMINATING,1,1,2,Fixpoint / Fixpoint
ATVA2026_benchmark/NON_TERM_LASSO//lasso_traces_RanFile044.c/lasso_trace_1.txt,NONTERMINATING,2.94,2.94,2.00,NONTERMINATING,1,1,2,Fixpoint / Fixpoint
ATVA2026_benchmark/NON_TERM_LASSO//lasso_traces_RanFile045.c/lasso_trace_1.txt,NONTERMINATING,3.44,3.44,2.00,NONTERMINATING,1,1,2,Fixpoint / Fixpoint
ATVA2026_benchmark/NON_TERM_LASSO//lasso_traces_RanFile046.c/lasso_trace_1.txt,NONTERMINATING,3.95,3.95,2.00,NONTERMINATING,1,1,2,Fixpoint / Fixpoint
ATVA2026_benchmark/NON_TERM_LASSO//lasso_traces_RanFile047.c/lasso_trace_1.txt,NONTERMINATING,2.94,2.94,2.00,NONTERMINATING,1,1,2,Fixpoint / Fixpoint
ATVA2026_benchmark/NON_TERM_LASSO//lasso_traces_RanFile048.c/lasso_trace_1.txt,NONTERMINATING,2.93,2.93,1.00,NONTERMINATING,1,1,2,Fixpoint / Fixpoint
ATVA2026_benchmark/NON_TERM_LASSO//lasso_traces_RanFile049.c/lasso_trace_2.txt,NONTERMINATING,3.13,3.13,2.00,NONTERMINATING,2,1,3,Fixpoint / Fixpoint
ATVA2026_benchmark/NON_TERM_LASSO//lasso_traces_RanFile050.c/lasso_trace_1.txt,NONTERMINATING,3.04,3.04,1.00,NONTERMINATING,1,2,3,Fixpoint / Fixpoint
ATVA2026_benchmark/NON_TERM_LASSO//lasso_traces_RanFile051.c/lasso_trace_1.txt,NONTERMINATING,3.35,3.35,2.00,NONTERMINATING,0,4,4,Fixpoint / Fixpoint
ATVA2026_benchmark/NON_TERM_LASSO//lasso_traces_RanFile052.c/lasso_trace_1.txt,NONTERMINATING,2.00,2.00,2.00,NONTERMINATING,3,1,4,Fixpoint / Fixpoint
ATVA2026_benchmark/NON_TERM_LASSO//lasso_traces_RanFile053.c/lasso_trace_1.txt,NONTERMINATING,3.43,3.43,2.00,NONTERMINATING,0,2,2,Fixpoint / Fixpoint
ATVA2026_benchmark/NON_TERM_LASSO//lasso_traces_RanFile054.c/lasso_trace_1.txt,NONTERMINATING,4.07,4.07,2.00,NONTERMINATING,0,1,1,Fixpoint / Fixpoint
ATVA2026_benchmark/NON_TERM_LASSO//lasso_traces_RanFile055.c/lasso_trace_1.txt,NONTERMINATING,5.94,5.94,2.00,NONTERMINATING,1,3,4,Fixpoint / Fixpoint
ATVA2026_benchmark/NON_TERM_LASSO//lasso_traces_RanFile056.c/lasso_trace_1.txt,NONTERMINATING,2.95,2.95,1.00,NONTERMINATING,1,1,2,Fixpoint / Fixpoint
ATVA2026_benchmark/NON_TERM_LASSO//lasso_traces_RanFile057.c/lasso_trace_1.txt,NONTERMINATING,2.78,2.78,2.00,NONTERMINATING,1,1,2,Fixpoint / Fixpoint
ATVA2026_benchmark/NON_TERM_LASSO//lasso_traces_RanFile058.c/lasso_trace_2.txt,NONTERMINATING,2.79,2.79,2.00,NONTERMINATING,0,4,4,Fixpoint / Fixpoint
ATVA2026_benchmark/NON_TERM_LASSO//lasso_traces_RanFile059.c/lasso_trace_1.txt,NONTERMINATING,3.16,3.16,2.00,NONTERMINATING,0,2,2,Fixpoint / Fixpoint
ATVA2026_benchmark/NON_TERM_LASSO//lasso_traces_RanFile060.c/lasso_trace_1.txt,NONTERMINATING,2.87,2.87,2.00,NONTERMINATING,0,1,1,Fixpoint / Fixpoint
ATVA2026_benchmark/NON_TERM_LASSO//lasso_traces_RanFile061.c/lasso_trace_1.txt,NONTERMINATING,4.78,4.78,3.00,NONTERMINATING,1,1,2,Fixpoint / Fixpoint
ATVA2026_benchmark/NON_TERM_LASSO//lasso_traces_RanFile062.c/lasso_trace_1.txt,NONTERMINATING,4.02,4.02,2.00,NONTERMINATING,1,1,2,Fixpoint / Fixpoint
ATVA2026_benchmark/NON_TERM_LASSO//lasso_traces_RanFile063.c/lasso_trace_1.txt,NONTERMINATING,3.14,3.14,3.00,NONTERMINATING,1,2,3,Fixpoint / Fixpoint
ATVA2026_benchmark/NON_TERM_LASSO//lasso_traces_RanFile064.c/lasso_trace_1.txt,NONTERMINATING,2.65,2.65,2.00,NONTERMINATING,1,1,2,Fixpoint / Fixpoint
ATVA2026_benchmark/NON_TERM_LASSO//lasso_traces_RanFile065.c/lasso_trace_1.txt,NONTERMINATING,2.71,2.71,2.00,NONTERMINATING,1,3,4,Fixpoint / Fixpoint
ATVA2026_benchmark/NON_TERM_LASSO//lasso_traces_RanFile066.c/lasso_trace_1.txt,NONTERMINATING,2.72,2.72,2.00,NONTERMINATING,1,1,2,Fixpoint / Fixpoint
ATVA2026_benchmark/NON_TERM_LASSO//lasso_traces_RanFile067.c/lasso_trace_1.txt,NONTERMINATING,3.31,3.31,2.00,NONTERMINATING,0,2,2,Fixpoint / Fixpoint
ATVA2026_benchmark/NON_TERM_LASSO//lasso_traces_RanFile068.c/lasso_trace_1.txt,NONTERMINATING,3.83,3.83,3.00,NONTERMINATING,1,1,2,Fixpoint / Fixpoint
ATVA2026_benchmark/NON_TERM_LASSO//lasso_traces_RanFile069.c/lasso_trace_1.txt,NONTERMINATING,2.39,2.39,2.00,NONTERMINATING,1,2,3,Fixpoint / Fixpoint
ATVA2026_benchmark/NON_TERM_LASSO//lasso_traces_RanFile070.c/lasso_trace_1.txt,NONTERMINATING,2.78,2.78,1.00,NONTERMINATING,1,1,2,Fixpoint / Fixpoint
ATVA2026_benchmark/NON_TERM_LASSO//lasso_traces_RanFile071.c/lasso_trace_1.txt,NONTERMINATING,2.83,2.83,2.00,NONTERMINATING,0,2,2,Fixpoint / Fixpoint
ATVA2026_benchmark/NON_TERM_LASSO//lasso_traces_RanFile072.c/lasso_trace_1.txt,NONTERMINATING,3.57,3.57,2.00,NONTERMINATING,1,2,3,Fixpoint / Fixpoint
ATVA2026_benchmark/NON_TERM_LASSO//lasso_traces_RanFile073.c/lasso_trace_1.txt,NONTERMINATING,3.14,3.14,2.00,NONTERMINATING,1,1,2,Fixpoint / Fixpoint
ATVA2026_benchmark/NON_TERM_LASSO//lasso_traces_RanFile074.c/lasso_trace_1.txt,NONTERMINATING,3.46,3.46,3.00,NONTERMINATING,2,1,3,Fixpoint / Fixpoint
ATVA2026_benchmark/NON_TERM_LASSO//lasso_traces_RanFile075.c/lasso_trace_1.txt,NONTERMINATING,2.79,2.79,2.00,NONTERMINATING,1,4,5,Fixpoint / Fixpoint
ATVA2026_benchmark/NON_TERM_LASSO//lasso_traces_RanFile076.c/lasso_trace_1.txt,NONTERMINATING,3.37,3.37,2.00,NONTERMINATING,1,1,2,Fixpoint / Fixpoint
ATVA2026_benchmark/NON_TERM_LASSO//lasso_traces_RanFile077.c/lasso_trace_1.txt,NONTERMINATING,2.24,2.24,4.00,NONTERMINATING,2,1,3,Fixpoint / Fixpoint
ATVA2026_benchmark/NON_TERM_LASSO//lasso_traces_RanFile078.c/lasso_trace_1.txt,NONTERMINATING,3.54,3.54,4.00,NONTERMINATING,1,3,4,Fixpoint / Fixpoint
ATVA2026_benchmark/NON_TERM_LASSO//lasso_traces_RanFile079.c/lasso_trace_1.txt,NONTERMINATING,5.00,5.00,2.00,NONTERMINATING,1,1,2,Fixpoint / Fixpoint
ATVA2026_benchmark/NON_TERM_LASSO//lasso_traces_RanFile080.c/lasso_trace_1.txt,NONTERMINATING,3.91,3.91,4.00,NONTERMINATING,1,1,2,Fixpoint / Fixpoint
ATVA2026_benchmark/NON_TERM_LASSO//lasso_traces_RanFile081.c/lasso_trace_1.txt,NONTERMINATING,5.21,5.21,3.00,NONTERMINATING,0,4,4,Fixpoint / Fixpoint
ATVA2026_benchmark/NON_TERM_LASSO//lasso_traces_RanFile082.c/lasso_trace_1.txt,NONTERMINATING,3.71,3.71,3.00,NONTERMINATING,1,1,2,Fixpoint / Fixpoint
ATVA2026_benchmark/NON_TERM_LASSO//lasso_traces_RanFile083.c/lasso_trace_1.txt,NONTERMINATING,3.53,3.53,2.00,NONTERMINATING,0,2,2,Fixpoint / Fixpoint
ATVA2026_benchmark/NON_TERM_LASSO//lasso_traces_RanFile084.c/lasso_trace_1.txt,NONTERMINATING,3.26,3.26,2.00,NONTERMINATING,0,3,3,Fixpoint / Fixpoint
ATVA2026_benchmark/NON_TERM_LASSO//lasso_traces_RanFile085.c/lasso_trace_1.txt,NONTERMINATING,3.33,3.33,3.00,NONTERMINATING,1,2,3,Fixpoint / Fixpoint
ATVA2026_benchmark/NON_TERM_LASSO//lasso_traces_RanFile086.c/lasso_trace_1.txt,NONTERMINATING,3.68,3.68,2.00,NONTERMINATING,1,1,2,Fixpoint / Fixpoint
ATVA2026_benchmark/NON_TERM_LASSO//lasso_traces_RanFile087.c/lasso_trace_1.txt,NONTERMINATING,2.85,2.85,2.00,NONTERMINATING,1,1,2,Fixpoint / Fixpoint
ATVA2026_benchmark/NON_TERM_LASSO//lasso_traces_RanFile088.c/lasso_trace_1.txt,NONTERMINATING,2.77,2.77,2.00,NONTERMINATING,0,1,1,Fixpoint / Fixpoint
ATVA2026_benchmark/NON_TERM_LASSO//lasso_traces_RanFile089.c/lasso_trace_1.txt,NONTERMINATING,3.53,3.53,2.00,NONTERMINATING,1,1,2,Fixpoint / Fixpoint
ATVA2026_benchmark/NON_TERM_LASSO//lasso_traces_RanFile090.c/lasso_trace_1.txt,NONTERMINATING,5.48,5.48,4.00,NONTERMINATING,1,1,2,Fixpoint / Fixpoint
ATVA2026_benchmark/NON_TERM_LASSO//lasso_traces_RanFile091.c/lasso_trace_1.txt,NONTERMINATING,3.76,3.76,2.00,NONTERMINATING,0,3,3,Fixpoint / Fixpoint
ATVA2026_benchmark/NON_TERM_LASSO//lasso_traces_RanFile092.c/lasso_trace_1.txt,NONTERMINATING,3.90,3.90,2.00,NONTERMINATING,0,3,3,Fixpoint / Fixpoint
ATVA2026_benchmark/NON_TERM_LASSO//lasso_traces_RanFile093.c/lasso_trace_1.txt,NONTERMINATING,2.83,2.83,1.00,NONTERMINATING,1,1,2,Fixpoint / Fixpoint
ATVA2026_benchmark/NON_TERM_LASSO//lasso_traces_RanFile094.c/lasso_trace_1.txt,NONTERMINATING,3.93,3.93,2.00,NONTERMINATING,0,1,1,Fixpoint / Fixpoint
ATVA2026_benchmark/NON_TERM_LASSO//lasso_traces_RanFile095.c/lasso_trace_1.txt,NONTERMINATING,4.85,4.85,2.00,NONTERMINATING,2,1,3,Fixpoint / Fixpoint
ATVA2026_benchmark/NON_TERM_LASSO//lasso_traces_RanFile096.c/lasso_trace_1.txt,NONTERMINATING,3.14,3.14,3.00,NONTERMINATING,1,1,2,Fixpoint / Fixpoint
ATVA2026_benchmark/NON_TERM_LASSO//lasso_traces_RanFile097.c/lasso_trace_1.txt,NONTERMINATING,3.01,3.01,2.00,NONTERMINATING,1,1,2,Fixpoint / Fixpoint
ATVA2026_benchmark/NON_TERM_LASSO//lasso_traces_RanFile098.c/lasso_trace_1.txt,NONTERMINATING,3.15,3.15,2.00,NONTERMINATING,1,3,4,Fixpoint / Fixpoint
ATVA2026_benchmark/NON_TERM_LASSO//lasso_traces_RanFile099.c/lasso_trace_1.txt,NONTERMINATING,2.74,2.74,1.00,NONTERMINATING,0,1,1,Fixpoint / Fixpoint
ATVA2026_benchmark/NON_TERM_LASSO//lasso_traces_recursive.c/lasso_trace_1.txt,NONTERMINATING,2.78,2.78,1.00,NONTERMINATING,5,3,8,Fixpoint / Fixpoint
ATVA2026_benchmark/NON_TERM_LASSO//lasso_traces_RecursiveNonterminating-1.c/lasso_trace_1.txt,NONTERMINATING,3.16,3.16,3.00,NONTERMINATING,7,3,10,Fixpoint / Fixpoint
ATVA2026_benchmark/NON_TERM_LASSO//lasso_traces_RecursiveNonterminating-1_no-overflow.c/lasso_trace_1.txt,NONTERMINATING,2.99,2.99,2.00,NONTERMINATING,7,3,10,Fixpoint / Fixpoint
ATVA2026_benchmark/NON_TERM_LASSO//lasso_traces_RecursiveNonterminating-2.c/lasso_trace_1.txt,NONTERMINATING,2.83,2.83,2.00,NONTERMINATING,6,3,9,Fixpoint / Fixpoint
ATVA2026_benchmark/NON_TERM_LASSO//lasso_traces_RecursiveNonterminating-2_no-overflow.c/lasso_trace_1.txt,NONTERMINATING,3.14,3.14,2.00,NONTERMINATING,6,3,9,Fixpoint / Fixpoint
ATVA2026_benchmark/NON_TERM_LASSO//lasso_traces_RecursiveNonterminating_false-termination.c/lasso_trace_1.txt,NONTERMINATING,3.16,3.16,3.00,NONTERMINATING,6,3,9,Fixpoint / Fixpoint
ATVA2026_benchmark/NON_TERM_LASSO//lasso_traces_refine_disj_problem.t2.c/lasso_trace_4.txt,NONTERMINATING,0.35,159.65,4.00,NONTERMINATING,59,22,81,GNTA / GNTA
ATVA2026_benchmark/NON_TERM_LASSO//lasso_traces_reverse_div4.t2.c/lasso_trace_2.txt,NONTERMINATING,2.21,2.21,3.00,NONTERMINATING,327,74,401,Fixpoint / Fixpoint
ATVA2026_benchmark/NON_TERM_LASSO//lasso_traces_rev_nt2.t2.c/lasso_trace_2.txt,NONTERMINATING,2.09,2.09,2.00,NONTERMINATING,274,13,287,Fixpoint / Fixpoint
ATVA2026_benchmark/NON_TERM_LASSO//lasso_traces_rev_nt3.t2.c/lasso_trace_2.txt,NONTERMINATING,2.28,2.28,2.00,NONTERMINATING,266,9,275,Fixpoint / Fixpoint
ATVA2026_benchmark/NON_TERM_LASSO//lasso_traces_rewrite.t2.c/lasso_trace_1.txt,NONTERMINATING,2.70,2.70,1.00,NONTERMINATING,20,18,38,Fixpoint / Fixpoint
ATVA2026_benchmark/NON_TERM_LASSO//lasso_traces_rlft3.c.i.rlft3.pl.t2.fixed.t2.c/lasso_trace_3.txt,NONTERMINATING,0.52,692.10,3.00,NONTERMINATING,152,29,181,GNTA / GNTA
ATVA2026_benchmark/NON_TERM_LASSO//lasso_traces_rlft3.t2.c/lasso_trace_3.txt,NONTERMINATING,0.49,691.84,4.00,NONTERMINATING,152,29,181,GNTA / GNTA
ATVA2026_benchmark/NON_TERM_LASSO//lasso_traces_Rotation180-1.c/lasso_trace_1.txt,NONTERMINATING,3.11,3.11,2.00,NONTERMINATING,7,1,8,Fixpoint / Fixpoint
ATVA2026_benchmark/NON_TERM_LASSO//lasso_traces_Rotation180-1_no-overflow.c/lasso_trace_1.txt,NONTERMINATING,3.74,3.74,2.00,NONTERMINATING,7,1,8,Fixpoint / Fixpoint
ATVA2026_benchmark/NON_TERM_LASSO//lasso_traces_Rotation180-2.c/lasso_trace_1.txt,NONTERMINATING,3.92,3.92,2.00,NONTERMINATING,5,1,6,Fixpoint / Fixpoint
ATVA2026_benchmark/NON_TERM_LASSO//lasso_traces_Rotation180-2_no-overflow.c/lasso_trace_1.txt,NONTERMINATING,3.93,3.93,2.00,NONTERMINATING,5,1,6,Fixpoint / Fixpoint
ATVA2026_benchmark/NON_TERM_LASSO//lasso_traces_Rotation180_false-termination.c/lasso_trace_1.txt,NONTERMINATING,3.22,3.22,2.00,NONTERMINATING,5,1,6,Fixpoint / Fixpoint
ATVA2026_benchmark/NON_TERM_LASSO//lasso_traces_s3_srvr_14_false-unreach-call.cil.c/lasso_trace_19.txt,NONTERMINATING,3.78,3.78,10.00,NONTERMINATING,207,189,396,Fixpoint / Fixpoint
ATVA2026_benchmark/NON_TERM_LASSO//lasso_traces_s3_srvr_1_false-unreach-call.cil.c/lasso_trace_20.txt,NONTERMINATING,3.67,3.67,9.00,NONTERMINATING,56,161,217,Fixpoint / Fixpoint
ATVA2026_benchmark/NON_TERM_LASSO//lasso_traces_s3_srvr_1_true-unreach-call.BV.c.cil.c/lasso_trace_23.txt,NONTERMINATING,3.38,3.38,30.00,NONTERMINATING,54,160,214,Fixpoint / Fixpoint
ATVA2026_benchmark/NON_TERM_LASSO//lasso_traces_SAS09.c/lasso_trace_1.txt,NONTERMINATING,1.72,73.36,1.00,NONTERMINATING,5,2,7,GNTA / GNTA
ATVA2026_benchmark/NON_TERM_LASSO//lasso_traces_select.t2.c/lasso_trace_9.txt,NONTERMINATING,0.37,561.21,2.00,NONTERMINATING,159,8,167,GNTA / GNTA
ATVA2026_benchmark/NON_TERM_LASSO//lasso_traces_ShortCircuit-SideEffect-DoStatement-Safe.c/lasso_trace_1.txt,NONTERMINATING,2.13,144.92,2.00,NONTERMINATING,5,4,9,GNTA / GNTA
ATVA2026_benchmark/NON_TERM_LASSO//lasso_traces_ShortCircuit-SideEffect-DoStatement-Unsafe.c/lasso_trace_2.txt,NONTERMINATING,1.00,1.00,1.00,NONTERMINATING,6,1,7,Fixpoint / Fixpoint
ATVA2026_benchmark/NON_TERM_LASSO//lasso_traces_ShortCircuit-SideEffect-ForStatement-Safe.c/lasso_trace_1.txt,NONTERMINATING,1.87,196.57,2.00,NONTERMINATING,5,4,9,GNTA / GNTA
ATVA2026_benchmark/NON_TERM_LASSO//lasso_traces_ShortCircuit-SideEffect-ForStatement-Unsafe.c/lasso_trace_2.txt,NONTERMINATING,1.10,1.10,2.00,NONTERMINATING,7,1,8,Fixpoint / Fixpoint
ATVA2026_benchmark/NON_TERM_LASSO//lasso_traces_ShortCircuit-SideEffect-IfStatement-Safe.c/lasso_trace_1.txt,NONTERMINATING,2.82,2.82,2.00,NONTERMINATING,6,1,7,Fixpoint / Fixpoint
ATVA2026_benchmark/NON_TERM_LASSO//lasso_traces_ShortCircuit-SideEffect-IfStatement-Unsafe.c/lasso_trace_2.txt,NONTERMINATING,0.94,0.94,1.00,NONTERMINATING,6,1,7,Fixpoint / Fixpoint
ATVA2026_benchmark/NON_TERM_LASSO//lasso_traces_ShortCircuit-SideEffect-SwitchStatement-Safe.c/lasso_trace_1.txt,NONTERMINATING,3.18,3.18,2.00,NONTERMINATING,6,1,7,Fixpoint / Fixpoint
ATVA2026_benchmark/NON_TERM_LASSO//lasso_traces_ShortCircuit-SideEffect-SwitchStatement-Unsafe.c/lasso_trace_2.txt,NONTERMINATING,0.99,0.99,1.00,NONTERMINATING,7,1,8,Fixpoint / Fixpoint
ATVA2026_benchmark/NON_TERM_LASSO//lasso_traces_ShortCircuit-SideEffect-WhileStatement-Unsafe.c/lasso_trace_2.txt,NONTERMINATING,1.31,1.31,2.00,NONTERMINATING,8,1,9,Fixpoint / Fixpoint
ATVA2026_benchmark/NON_TERM_LASSO//lasso_traces_simple.c/lasso_trace_1.txt,NONTERMINATING,2.74,2.74,1.00,NONTERMINATING,5,1,6,Fixpoint / Fixpoint
ATVA2026_benchmark/NON_TERM_LASSO//lasso_traces_simple.t2.c/lasso_trace_1.txt,NONTERMINATING,1.86,111.34,1.00,NONTERMINATING,16,8,24,GNTA / GNTA
ATVA2026_benchmark/NON_TERM_LASSO//lasso_traces_Singapore_v1.c/lasso_trace_1.txt,NONTERMINATING,1.96,110.45,2.00,NONTERMINATING,6,1,7,GNTA / GNTA
ATVA2026_benchmark/NON_TERM_LASSO//lasso_traces_Singapore_v1_false-termination.c/lasso_trace_1.txt,NONTERMINATING,1.86,112.87,2.00,NONTERMINATING,6,1,7,GNTA / GNTA
ATVA2026_benchmark/NON_TERM_LASSO//lasso_traces_Singapore_v1_false-termination_true-valid-memsafety.c/lasso_trace_1.txt,NONTERMINATING,1.94,105.43,2.00,NONTERMINATING,8,1,9,GNTA / GNTA
ATVA2026_benchmark/NON_TERM_LASSO//lasso_traces_Singapore_v1_no-overflow.c/lasso_trace_1.txt,NONTERMINATING,3.93,194.49,4.00,NONTERMINATING,6,1,7,GNTA / GNTA
ATVA2026_benchmark/NON_TERM_LASSO//lasso_traces_slayer-n1-filtered.t2.c/lasso_trace_2.txt,NONTERMINATING,2.54,2.54,3.00,NONTERMINATING,284,55,339,Fixpoint / Fixpoint
ATVA2026_benchmark/NON_TERM_LASSO//lasso_traces_slayer-n1.t2.c/lasso_trace_2.txt,NONTERMINATING,2.13,2.13,5.00,NONTERMINATING,298,78,376,Fixpoint / Fixpoint
ATVA2026_benchmark/NON_TERM_LASSO//lasso_traces_slayer-n5-filtered.t2.c/lasso_trace_2.txt,NONTERMINATING,3.15,3.15,4.00,NONTERMINATING,419,56,475,Fixpoint / Fixpoint
ATVA2026_benchmark/NON_TERM_LASSO//lasso_traces_smagilla-succeed.t2.c/lasso_trace_11.txt,NONTERMINATING,0.82,0.82,2.00,NONTERMINATING,205,8,213,Fixpoint / Fixpoint
ATVA2026_benchmark/NON_TERM_LASSO//lasso_traces_smagillb-succeed.t2.c/lasso_trace_4.txt,NONTERMINATING,0.88,0.88,2.00,NONTERMINATING,91,8,99,Fixpoint / Fixpoint
ATVA2026_benchmark/NON_TERM_LASSO//lasso_traces_smagillc-fail.t2.c/lasso_trace_4.txt,NONTERMINATING,0.76,0.76,3.00,NONTERMINATING,92,8,100,Fixpoint / Fixpoint
ATVA2026_benchmark/NON_TERM_LASSO//lasso_traces_smagillc-succeed.t2.c/lasso_trace_7.txt,NONTERMINATING,0.67,0.67,2.00,NONTERMINATING,133,8,141,Fixpoint / Fixpoint
ATVA2026_benchmark/NON_TERM_LASSO//lasso_traces_soundness-bug-3.c/lasso_trace_1.txt,NONTERMINATING,1.59,1.59,2.00,NONTERMINATING,13,9,22,Fixpoint / Fixpoint
ATVA2026_benchmark/NON_TERM_LASSO//lasso_traces_st88.bug.t2.c/lasso_trace_3.txt,NONTERMINATING,3.19,3.19,2.00,NONTERMINATING,24,40,64,Fixpoint / Fixpoint
ATVA2026_benchmark/NON_TERM_LASSO//lasso_traces_st88.t2.c/lasso_trace_7.txt,NONTERMINATING,0.37,204.79,5.00,NONTERMINATING,53,27,80,GNTA / GNTA
ATVA2026_benchmark/NON_TERM_LASSO//lasso_traces_stateful_check_false-unreach-call.c/lasso_trace_2.txt,NONTERMINATING,1.57,1.57,2.00,NONTERMINATING,9,6,15,Fixpoint / Fixpoint
ATVA2026_benchmark/NON_TERM_LASSO//lasso_traces_stored.t2.c/lasso_trace_1.txt,NONTERMINATING,3.33,3.33,2.00,NONTERMINATING,24,38,62,Fixpoint / Fixpoint
ATVA2026_benchmark/NON_TERM_LASSO//lasso_traces_streamserver.bug.t2.c/lasso_trace_7.txt,NONTERMINATING,1.34,1.34,3.00,NONTERMINATING,179,8,187,Fixpoint / Fixpoint
ATVA2026_benchmark/NON_TERM_LASSO//lasso_traces_streamserver-succeed.t2.c/lasso_trace_2.txt,NONTERMINATING,0.67,758.24,4.00,NONTERMINATING,183,18,201,GNTA / GNTA
ATVA2026_benchmark/NON_TERM_LASSO//lasso_traces_subpoly_crash.t2.c/lasso_trace_1.txt,NONTERMINATING,3.46,154.56,2.00,NONTERMINATING,22,12,34,GNTA / GNTA
ATVA2026_benchmark/NON_TERM_LASSO//lasso_traces_sum_non_eq_false-unreach-call.c/lasso_trace_1.txt,NONTERMINATING,1.85,169.44,2.00,NONTERMINATING,6,3,9,GNTA / GNTA
ATVA2026_benchmark/NON_TERM_LASSO//lasso_traces_svcomp_BradleyMannaSipma-2005CAV-Fig1-modified_false-termination.c/lasso_trace_2.txt,NONTERMINATING,4.62,4.62,3.00,NONTERMINATING,13,9,22,Fixpoint / Fixpoint
ATVA2026_benchmark/NON_TERM_LASSO//lasso_traces_svcomp_BradleyMannaSipma-2005ICALP-Fig1_true-alloca.c/lasso_trace_1.txt,NONTERMINATING,4.37,4.37,3.00,NONTERMINATING,10,9,19,Fixpoint / Fixpoint
ATVA2026_benchmark/NON_TERM_LASSO//lasso_traces_svcomp_HarrisLalNoriRajamani-2010SAS-Fig2_false-unreach-label-termination-alloca.c/lasso_trace_2.txt,NONTERMINATING,2.34,2.34,3.00,NONTERMINATING,19,5,24,Fixpoint / Fixpoint
ATVA2026_benchmark/NON_TERM_LASSO//lasso_traces_svcomp_Urban-2013WST-Fig1_false-unreach-label-termination-alloca.c/lasso_trace_1.txt,NONTERMINATING,3.51,3.51,4.00,NONTERMINATING,5,4,9,Fixpoint / Fixpoint
ATVA2026_benchmark/NON_TERM_LASSO//lasso_traces_svcomp_Velroyen_false-unreach-label-termination-alloca.c/lasso_trace_3.txt,NONTERMINATING,1.61,1.61,3.00,NONTERMINATING,9,9,18,Fixpoint / Fixpoint
ATVA2026_benchmark/NON_TERM_LASSO//lasso_traces_test_locks_14_false-unreach-call.c/lasso_trace_1.txt,NONTERMINATING,4.44,4.44,4.00,NONTERMINATING,5,18,23,Fixpoint / Fixpoint
ATVA2026_benchmark/NON_TERM_LASSO//lasso_traces_test_locks_15_true-unreach-call_false-termination.c/lasso_trace_1.txt,NONTERMINATING,4.08,4.08,3.00,NONTERMINATING,5,17,22,Fixpoint / Fixpoint
ATVA2026_benchmark/NON_TERM_LASSO//lasso_traces_test_locks_5.c/lasso_trace_1.txt,NONTERMINATING,3.90,3.90,3.00,NONTERMINATING,5,7,12,Fixpoint / Fixpoint
ATVA2026_benchmark/NON_TERM_LASSO//lasso_traces_toggletoggle_true-valid-ltl.c/lasso_trace_3.txt,NONTERMINATING,1.56,1.56,2.00,NONTERMINATING,4,2,6,Fixpoint / Fixpoint
ATVA2026_benchmark/NON_TERM_LASSO//lasso_traces_transmitter.01_false-unreach-call_false-termination.cil.c/lasso_trace_7.txt,NONTERMINATING,1.05,1.05,3.00,NONTERMINATING,49,11,60,Fixpoint / Fixpoint
ATVA2026_benchmark/NON_TERM_LASSO//lasso_traces_TrivialTernaryNegative.c/lasso_trace_1.txt,NONTERMINATING,2.78,2.78,2.00,NONTERMINATING,4,8,12,Fixpoint / Fixpoint
ATVA2026_benchmark/NON_TERM_LASSO//lasso_traces_TrivialTernaryPositive.c/lasso_trace_1.txt,NONTERMINATING,2.97,2.97,2.00,NONTERMINATING,4,8,12,Fixpoint / Fixpoint
ATVA2026_benchmark/NON_TERM_LASSO//lasso_traces_TrueDiv.c/lasso_trace_1.txt,NONTERMINATING,1.90,88.62,3.00,NONTERMINATING,5,1,6,GNTA / GNTA
ATVA2026_benchmark/NON_TERM_LASSO//lasso_traces_TrueDiv_false-no-overflow_false-termination.c/lasso_trace_1.txt,NONTERMINATING,1.82,86.42,2.00,NONTERMINATING,5,1,6,GNTA / GNTA
ATVA2026_benchmark/NON_TERM_LASSO//lasso_traces_TwoFloatInterv.c/lasso_trace_1.txt,NONTERMINATING,3.44,3.44,2.00,NONTERMINATING,5,1,6,Fixpoint / Fixpoint
ATVA2026_benchmark/NON_TERM_LASSO//lasso_traces_TwoFloatInterv_no-overflow.c/lasso_trace_1.txt,NONTERMINATING,4.95,4.95,3.00,NONTERMINATING,5,1,6,Fixpoint / Fixpoint
ATVA2026_benchmark/NON_TERM_LASSO//lasso_traces_UnconfirmedAliasingProblem1.c/lasso_trace_1.txt,UNCHECKED,4.97,4.97,-,,9,1,10,Fixpoint
ATVA2026_benchmark/NON_TERM_LASSO//lasso_traces_UpDownGlobal.c/lasso_trace_1.txt,NONTERMINATING,1.61,165.65,2.00,NONTERMINATING,6,3,9,GNTA / GNTA
ATVA2026_benchmark/NON_TERM_LASSO//lasso_traces_Urban-2013WST-Fig1-alloca.c/lasso_trace_1.txt,NONTERMINATING,3.74,3.74,2.00,NONTERMINATING,6,4,10,Fixpoint / Fixpoint
ATVA2026_benchmark/NON_TERM_LASSO//lasso_traces_Urban-2013WST-Fig1-alloca_false-termination.c/lasso_trace_1.txt,NONTERMINATING,4.56,4.56,2.00,NONTERMINATING,5,4,9,Fixpoint / Fixpoint
ATVA2026_benchmark/NON_TERM_LASSO//lasso_traces_Urban-2013WST-Fig1-alloca_valid-memsafety.c/lasso_trace_1.txt,NONTERMINATING,3.75,3.75,2.00,NONTERMINATING,6,4,10,Fixpoint / Fixpoint
ATVA2026_benchmark/NON_TERM_LASSO//lasso_traces_Urban-WST2013-Fig1.c/lasso_trace_1.txt,NONTERMINATING,2.92,2.92,2.00,NONTERMINATING,5,1,6,Fixpoint / Fixpoint
ATVA2026_benchmark/NON_TERM_LASSO//lasso_traces_Urban-WST2013-Fig1_false-termination.c/lasso_trace_1.txt,NONTERMINATING,2.87,2.87,3.00,NONTERMINATING,5,1,6,Fixpoint / Fixpoint
ATVA2026_benchmark/NON_TERM_LASSO//lasso_traces_Urban-WST2013-Fig1_no-overflow.c/lasso_trace_1.txt,NONTERMINATING,2.83,2.83,2.00,NONTERMINATING,5,1,6,Fixpoint / Fixpoint
ATVA2026_benchmark/NON_TERM_LASSO//lasso_traces_VariableDeclarationInLoops.c/lasso_trace_1.txt,NONTERMINATING,2.87,2.87,1.00,NONTERMINATING,5,2,7,Fixpoint / Fixpoint
ATVA2026_benchmark/NON_TERM_LASSO//lasso_traces_Velroyen-alloca.c/lasso_trace_3.txt,NONTERMINATING,1.98,1.98,4.00,NONTERMINATING,10,9,19,Fixpoint / Fixpoint
ATVA2026_benchmark/NON_TERM_LASSO//lasso_traces_Velroyen-alloca_false-termination.c/lasso_trace_3.txt,NONTERMINATING,1.76,1.76,4.00,NONTERMINATING,9,9,18,Fixpoint / Fixpoint
ATVA2026_benchmark/NON_TERM_LASSO//lasso_traces_Velroyen-alloca_valid-memsafety.c/lasso_trace_3.txt,NONTERMINATING,2.13,2.13,3.00,NONTERMINATING,10,9,19,Fixpoint / Fixpoint
ATVA2026_benchmark/NON_TERM_LASSO//lasso_traces_Velroyen.c/lasso_trace_1.txt,NONTERMINATING,3.71,3.71,3.00,NONTERMINATING,5,1,6,Fixpoint / Fixpoint
ATVA2026_benchmark/NON_TERM_LASSO//lasso_traces_Velroyen_false-termination.c/lasso_trace_1.txt,NONTERMINATING,3.12,3.12,2.00,NONTERMINATING,5,1,6,Fixpoint / Fixpoint
ATVA2026_benchmark/NON_TERM_LASSO//lasso_traces_Velroyen_no-overflow.c/lasso_trace_1.txt,NONTERMINATING,3.26,3.26,3.00,NONTERMINATING,5,1,6,Fixpoint / Fixpoint
ATVA2026_benchmark/NON_TERM_LASSO//lasso_traces_w1.t2.c/lasso_trace_1.txt,NONTERMINATING,2.46,2.46,1.00,NONTERMINATING,21,20,41,Fixpoint / Fixpoint
ATVA2026_benchmark/NON_TERM_LASSO//lasso_traces_w2_nt.t2.c/lasso_trace_2.txt,NONTERMINATING,1.93,1.93,2.00,NONTERMINATING,230,13,243,Fixpoint / Fixpoint
ATVA2026_benchmark/NON_TERM_LASSO//lasso_traces_walk.t2.c/lasso_trace_1.txt,NONTERMINATING,1.78,577.41,3.00,NONTERMINATING,129,23,152,GNTA / GNTA
ATVA2026_benchmark/NON_TERM_LASSO//lasso_traces_WhileIncr.c/lasso_trace_1.txt,NONTERMINATING,2.02,84.86,2.00,NONTERMINATING,5,1,6,GNTA / GNTA
ATVA2026_benchmark/NON_TERM_LASSO//lasso_traces_WhileIncr_false-no-overflow_false-termination.c/lasso_trace_1.txt,NONTERMINATING,2.00,89.58,2.00,NONTERMINATING,5,1,6,GNTA / GNTA
ATVA2026_benchmark/NON_TERM_LASSO//lasso_traces_WhileIncrPart.c/lasso_trace_1.txt,NONTERMINATING,1.88,90.88,3.00,NONTERMINATING,5,1,6,GNTA / GNTA
ATVA2026_benchmark/NON_TERM_LASSO//lasso_traces_WhileIncrPart_false-no-overflow_false-termination.c/lasso_trace_1.txt,NONTERMINATING,1.93,100.46,2.00,NONTERMINATING,5,1,6,GNTA / GNTA
ATVA2026_benchmark/NON_TERM_LASSO//lasso_traces_WhileNested.c/lasso_trace_2.txt,NONTERMINATING,0.49,83.07,2.00,NONTERMINATING,6,1,7,GNTA / GNTA
ATVA2026_benchmark/NON_TERM_LASSO//lasso_traces_WhileNested_false-no-overflow_false-termination.c/lasso_trace_2.txt,NONTERMINATING,0.48,80.52,2.00,NONTERMINATING,6,1,7,GNTA / GNTA
ATVA2026_benchmark/NON_TERM_LASSO//lasso_traces_WhileNestedOffset.c/lasso_trace_2.txt,NONTERMINATING,0.59,84.34,2.00,NONTERMINATING,6,1,7,GNTA / GNTA
ATVA2026_benchmark/NON_TERM_LASSO//lasso_traces_WhileNestedOffset_false-no-overflow_false-termination.c/lasso_trace_2.txt,NONTERMINATING,0.50,88.56,3.00,NONTERMINATING,6,1,7,GNTA / GNTA
ATVA2026_benchmark/NON_TERM_LASSO//lasso_traces_WhilePart.c/lasso_trace_1.txt,NONTERMINATING,2.99,2.99,1.00,NONTERMINATING,5,1,6,Fixpoint / Fixpoint
ATVA2026_benchmark/NON_TERM_LASSO//lasso_traces_WhilePart_no-overflow.c/lasso_trace_1.txt,NONTERMINATING,3.02,3.02,1.00,NONTERMINATING,5,1,6,Fixpoint / Fixpoint
ATVA2026_benchmark/NON_TERM_LASSO//lasso_traces_WhileSingle.c/lasso_trace_1.txt,NONTERMINATING,3.18,3.18,2.00,NONTERMINATING,5,1,6,Fixpoint / Fixpoint
ATVA2026_benchmark/NON_TERM_LASSO//lasso_traces_WhileSingle_no-overflow.c/lasso_trace_1.txt,NONTERMINATING,4.79,4.79,2.00,NONTERMINATING,5,1,6,Fixpoint / Fixpoint
ATVA2026_benchmark/NON_TERM_LASSO//lasso_traces_WhileTrue.c/lasso_trace_1.txt,NONTERMINATING,1.74,87.89,2.00,NONTERMINATING,5,1,6,GNTA / GNTA
ATVA2026_benchmark/NON_TERM_LASSO//lasso_traces_WhileTrue_false-termination.c/lasso_trace_1.txt,NONTERMINATING,2.92,2.92,1.00,NONTERMINATING,4,1,5,Fixpoint / Fixpoint
ATVA2026_benchmark/NON_TERM_LASSO//lasso_traces_WhileTrueInc_false-no-overflow_false-termination.c/lasso_trace_1.txt,NONTERMINATING,2.03,96.82,2.00,NONTERMINATING,5,1,6,GNTA / GNTA
ATVA2026_benchmark/NON_TERM_LASSO//lasso_traces_WhileTrue_no-overflow.c/lasso_trace_1.txt,NONTERMINATING,1.83,88.27,2.00,NONTERMINATING,5,1,6,GNTA / GNTA
ATVA2026_benchmark/NON_TERM_LASSO//lasso_traces_wrong_loop.t2.c/lasso_trace_6.txt,NONTERMINATING,0.96,0.96,2.00,NONTERMINATING,194,35,229,Fixpoint / Fixpoint
ATVA2026_benchmark/NON_TERM_LASSO//lasso_traces_xor-01-false.c/lasso_trace_1.txt,NONTERMINATING,2.16,78.78,2.00,NONTERMINATING,5,1,6,GNTA / GNTA
ATVA2026_benchmark/NON_TERM_LASSO//lasso_traces_xor-01-false_no-overflow.c/lasso_trace_1.txt,NONTERMINATING,2.04,76.96,3.00,NONTERMINATING,5,1,6,GNTA / GNTA
