Trace Name,Result Code,Fixpoint (ms),Termination (ms),Nontermination (ms),pasttel (ms),PaSTTeL Status,Stem Size,Loop Size,Total Size Trace,Algo
ATVA2026_benchmark/TERM_LASSO//lasso_traces_01_basic_safe.bpl/lasso_trace_1.txt,TERMINATING,1.87,50.22,64.69,5.00,TERMINATING,0,4,4,Affine Template / Affine Template
ATVA2026_benchmark/TERM_LASSO//lasso_traces_01_basic_safe.bpl/lasso_trace_2.txt,TERMINATING,0.38,54.22,53.26,6.00,TERMINATING,1,4,5,Affine Template / Affine Template
ATVA2026_benchmark/TERM_LASSO//lasso_traces_01_basic_safe.bpl/lasso_trace_3.txt,TERMINATING,0.48,33.11,82.79,7.00,TERMINATING,4,4,8,Affine Template / Affine Template
ATVA2026_benchmark/TERM_LASSO//lasso_traces_01_basic_safe.bpl/lasso_trace_5.txt,TERMINATING,0.43,48.60,50.58,6.00,TERMINATING,7,8,15,Affine Template / Affine Template
ATVA2026_benchmark/TERM_LASSO//lasso_traces_01_basic_safe.bpl/lasso_trace_7.txt,TERMINATING,0.35,27.21,36.18,6.00,TERMINATING,10,4,14,Affine Template / Affine Template
ATVA2026_benchmark/TERM_LASSO//lasso_traces_01_inc-originalVarNames-noSymmetry.bpl/lasso_trace_1.txt,TERMINATING,1.80,53.41,60.49,8.00,TERMINATING,0,2,2,Affine Template / Affine Template
ATVA2026_benchmark/TERM_LASSO//lasso_traces_01_inc-originalVarNames-noSymmetry.bpl/lasso_trace_3.txt,TERMINATING,0.43,69.22,99.44,16.00,TERMINATING,1,4,5,Affine Template / Affine Template
ATVA2026_benchmark/TERM_LASSO//lasso_traces_01_inc-originalVarNames-noSymmetry.bpl/lasso_trace_5.txt,TERMINATING,0.28,94.53,89.25,12.00,TERMINATING,2,2,4,Affine Template / Affine Template
ATVA2026_benchmark/TERM_LASSO//lasso_traces_01_inc-originalVarNames-noSymmetry.bpl/lasso_trace_6.txt,TERMINATING,0.38,28.46,36.54,12.00,TERMINATING,2,2,4,Affine Template / Affine Template
ATVA2026_benchmark/TERM_LASSO//lasso_traces_03-enter-calls_random_modifications.bpl/lasso_trace_1.txt,TERMINATING,2.01,29.01,32.55,3.00,TERMINATING,0,2,2,Affine Template / Affine Template
ATVA2026_benchmark/TERM_LASSO//lasso_traces_110517_Martin01.bpl/lasso_trace_1.txt,TERMINATING,2.54,46.62,33.93,5.00,TERMINATING,1,1,2,Affine Template / Affine Template
ATVA2026_benchmark/TERM_LASSO//lasso_traces_110517_Martin02.bpl/lasso_trace_1.txt,TERMINATING,1.99,47.47,37.14,7.00,TERMINATING,1,1,2,Affine Template / Affine Template
ATVA2026_benchmark/TERM_LASSO//lasso_traces_110517_Martin_safe.bpl/lasso_trace_1.txt,TERMINATING,2.11,53.60,41.57,7.00,TERMINATING,1,1,2,Affine Template / Affine Template
ATVA2026_benchmark/TERM_LASSO//lasso_traces_2013POPL-BenAmGen-Ex3.6.bpl/lasso_trace_1.txt,TERMINATING,1.67,65.78,42.13,5.00,TERMINATING,0,1,1,2-Nested Template / 2-Nested Template
ATVA2026_benchmark/TERM_LASSO//lasso_traces_2020ProgVerif-Sheet10Ex04-Square.bpl/lasso_trace_1.txt,TERMINATING,2.12,50.69,36.43,9.00,TERMINATING,1,1,2,Affine Template / Affine Template
ATVA2026_benchmark/TERM_LASSO//lasso_traces_2020TACAS-Frohn-2Invs.bpl/lasso_trace_1.txt,TERMINATING,2.31,27.53,39.24,4.00,TERMINATING,0,1,1,Affine Template / Affine Template
ATVA2026_benchmark/TERM_LASSO//lasso_traces_2020TACAS-Frohn-NonDec.bpl/lasso_trace_1.txt,TERMINATING,1.85,38.85,68.06,5.00,TERMINATING,0,1,1,Affine Template / Affine Template
ATVA2026_benchmark/TERM_LASSO//lasso_traces_2Lex.bpl/lasso_trace_1.txt,TERMINATING,2.08,768.17,39.09,32.00,UNKNOWN,0,1,1,2-Lexicographic Template
ATVA2026_benchmark/TERM_LASSO//lasso_traces_2Nested.bpl/lasso_trace_1.txt,TERMINATING,1.77,67.26,38.24,5.00,TERMINATING,0,1,1,2-Nested Template / 2-Nested Template
ATVA2026_benchmark/TERM_LASSO//lasso_traces_2PhaseButNo2Nested.bpl/lasso_trace_1.txt,TERMINATING,1.75,288.87,37.24,31.00,UNKNOWN,0,1,1,2-Phase Template
ATVA2026_benchmark/TERM_LASSO//lasso_traces_3Phase.bpl/lasso_trace_1.txt,TERMINATING,2.39,486.25,37.72,33.00,UNKNOWN,0,1,1,3-Phase Template
ATVA2026_benchmark/TERM_LASSO//lasso_traces_4Phase.bpl/lasso_trace_1.txt,TERMINATING,2.27,809.92,42.50,41.00,UNKNOWN,0,1,1,4-Phase Template
ATVA2026_benchmark/TERM_LASSO//lasso_traces_960521-1_1.i_11.bpl/lasso_trace_1.txt,TERMINATING,2.19,211.48,-,16.00,TERMINATING,1,2,3,Affine Template / Affine Template
ATVA2026_benchmark/TERM_LASSO//lasso_traces_ackermann.bpl/lasso_trace_1.txt,TERMINATING,1.68,31.72,37.58,5.00,TERMINATING,0,4,4,Affine Template / Affine Template
ATVA2026_benchmark/TERM_LASSO//lasso_traces_ackermann.bpl/lasso_trace_3.txt,TERMINATING,0.90,63.20,57.32,11.00,TERMINATING,6,4,10,Affine Template / Affine Template
ATVA2026_benchmark/TERM_LASSO//lasso_traces_Ackermann.bpl/lasso_trace_1.txt,TERMINATING,1.64,123.00,141.42,8.00,TERMINATING,0,4,4,Affine Template / Affine Template
ATVA2026_benchmark/TERM_LASSO//lasso_traces_Ackermann.bpl/lasso_trace_15.txt,TERMINATING,0.33,74.71,61.92,16.00,TERMINATING,104,4,108,Affine Template / Affine Template
ATVA2026_benchmark/TERM_LASSO//lasso_traces_Ackermann.bpl/lasso_trace_3.txt,TERMINATING,0.75,84.60,99.87,13.00,TERMINATING,4,4,8,Affine Template / Affine Template
ATVA2026_benchmark/TERM_LASSO//lasso_traces_Ackermann.bpl/lasso_trace_4.txt,TERMINATING,0.49,114.68,149.88,10.00,TERMINATING,6,4,10,Affine Template / Affine Template
ATVA2026_benchmark/TERM_LASSO//lasso_traces_Ackermann_Main.bpl/lasso_trace_1.txt,TERMINATING,4.11,89.58,131.94,5.00,TERMINATING,0,4,4,Affine Template / Affine Template
ATVA2026_benchmark/TERM_LASSO//lasso_traces_Ackermann_Main.bpl/lasso_trace_2.txt,TERMINATING,0.87,76.69,84.43,6.00,TERMINATING,1,4,5,Affine Template / Affine Template
ATVA2026_benchmark/TERM_LASSO//lasso_traces_Ackermann_Main.bpl/lasso_trace_3.txt,TERMINATING,0.77,47.92,127.62,6.00,TERMINATING,4,4,8,Affine Template / Affine Template
ATVA2026_benchmark/TERM_LASSO//lasso_traces_Ackermann_Main.bpl/lasso_trace_5.txt,TERMINATING,0.81,67.48,81.67,5.00,TERMINATING,7,8,15,Affine Template / Affine Template
ATVA2026_benchmark/TERM_LASSO//lasso_traces_Ackermann_Main.bpl/lasso_trace_7.txt,TERMINATING,0.63,41.95,41.25,6.00,TERMINATING,10,4,14,Affine Template / Affine Template
ATVA2026_benchmark/TERM_LASSO//lasso_traces_addition-correct.bpl/lasso_trace_1.txt,TERMINATING,2.29,25.08,37.97,4.00,TERMINATING,0,3,3,Affine Template / Affine Template
ATVA2026_benchmark/TERM_LASSO//lasso_traces_addition-correct.bpl/lasso_trace_2.txt,TERMINATING,0.51,43.76,28.25,6.00,TERMINATING,2,3,5,Affine Template / Affine Template
ATVA2026_benchmark/TERM_LASSO//lasso_traces_addition-incorrect2.bpl/lasso_trace_1.txt,TERMINATING,2.00,34.29,49.19,4.00,TERMINATING,0,3,3,Affine Template / Affine Template
ATVA2026_benchmark/TERM_LASSO//lasso_traces_addition-incorrect2.bpl/lasso_trace_2.txt,TERMINATING,0.84,59.38,68.64,5.00,TERMINATING,2,3,5,Affine Template / Affine Template
ATVA2026_benchmark/TERM_LASSO//lasso_traces_addition-incorrect.bpl/lasso_trace_1.txt,TERMINATING,2.31,26.63,32.89,5.00,TERMINATING,0,3,3,Affine Template / Affine Template
ATVA2026_benchmark/TERM_LASSO//lasso_traces_addition-incorrect.bpl/lasso_trace_2.txt,TERMINATING,0.51,65.90,81.60,6.00,TERMINATING,2,3,5,Affine Template / Affine Template
ATVA2026_benchmark/TERM_LASSO//lasso_traces_afnp2014.c.i_3.bpl/lasso_trace_1.txt,TERMINATING,2.25,68.01,76.09,10.00,TERMINATING,1,2,3,Affine Template / Affine Template
ATVA2026_benchmark/TERM_LASSO//lasso_traces_AG313.bpl/lasso_trace_1.txt,TERMINATING,1.94,66.11,35.68,8.00,TERMINATING,2,2,4,Affine Template / Affine Template
ATVA2026_benchmark/TERM_LASSO//lasso_traces_AmazonResearchAward.bpl/lasso_trace_1.txt,TERMINATING,1.77,40.17,65.85,4.00,TERMINATING,0,1,1,Affine Template / Affine Template
ATVA2026_benchmark/TERM_LASSO//lasso_traces_ambigousLoopEntry.bpl/lasso_trace_1.txt,TERMINATING,1.83,28.67,33.49,4.00,TERMINATING,1,2,3,Affine Template / Affine Template
ATVA2026_benchmark/TERM_LASSO//lasso_traces_ambigousLoopEntry.bpl/lasso_trace_2.txt,TERMINATING,0.67,17.95,26.88,3.00,TERMINATING,1,2,3,Affine Template / Affine Template
ATVA2026_benchmark/TERM_LASSO//lasso_traces_array1.i_3.bpl/lasso_trace_1.txt,TERMINATING,2.07,55.04,-,30.00,UNKNOWN,1,1,2,Affine Template
ATVA2026_benchmark/TERM_LASSO//lasso_traces_array2.i_3.bpl/lasso_trace_1.txt,TERMINATING,1.91,72.07,-,5.00,TERMINATING,1,1,2,Affine Template / Affine Template
ATVA2026_benchmark/TERM_LASSO//lasso_traces_array3.i_4.bpl/lasso_trace_1.txt,TERMINATING,2.42,105.59,-,33.00,UNKNOWN,1,1,2,Affine Template
ATVA2026_benchmark/TERM_LASSO//lasso_traces_array3ManuallyTranslated_true-termination.bpl/lasso_trace_1.txt,TERMINATING,1.97,59.97,50.72,8.00,TERMINATING,1,1,2,Affine Template / Affine Template
ATVA2026_benchmark/TERM_LASSO//lasso_traces_array4.i_4.bpl/lasso_trace_1.txt,TERMINATING,2.56,118.42,-,32.00,UNKNOWN,1,1,2,Affine Template
ATVA2026_benchmark/TERM_LASSO//lasso_traces_ArrayCellPreciseHavocNeeded.bpl/lasso_trace_1.txt,TERMINATING,1.92,46.18,-,6.00,TERMINATING,1,1,2,Affine Template / Affine Template
ATVA2026_benchmark/TERM_LASSO//lasso_traces_ArrayCopy01-Bakhmut.bpl/lasso_trace_1.txt,TERMINATING,2.22,68.43,-,31.00,UNKNOWN,1,1,2,Affine Template
ATVA2026_benchmark/TERM_LASSO//lasso_traces_array_equalities.bpl/lasso_trace_1.txt,TERMINATING,2.20,59.14,-,4.00,TERMINATING,1,1,2,Affine Template / Affine Template
ATVA2026_benchmark/TERM_LASSO//lasso_traces_ArrayIndexAndValue01.bpl/lasso_trace_1.txt,TERMINATING,2.52,212.35,-,27.00,TERMINATING,3,2,5,Affine Template / Affine Template
ATVA2026_benchmark/TERM_LASSO//lasso_traces_ArrayInit01.bpl/lasso_trace_1.txt,TERMINATING,2.07,70.49,-,6.00,TERMINATING,1,1,2,Affine Template / Affine Template
ATVA2026_benchmark/TERM_LASSO//lasso_traces_ArrayInit02.bpl/lasso_trace_1.txt,TERMINATING,2.12,123.74,38.89,11.00,TERMINATING,1,1,2,Affine Template / Affine Template
ATVA2026_benchmark/TERM_LASSO//lasso_traces_ArrayInitialization01.bpl/lasso_trace_1.txt,TERMINATING,2.01,317.09,-,70.00,UNKNOWN,1,2,3,Affine Template
ATVA2026_benchmark/TERM_LASSO//lasso_traces_array_initilization_bounded.bpl/lasso_trace_1.txt,TERMINATING,2.03,74.39,-,5.00,TERMINATING,1,1,2,Affine Template / Affine Template
ATVA2026_benchmark/TERM_LASSO//lasso_traces_array_initilization.bpl/lasso_trace_1.txt,TERMINATING,1.99,66.74,-,4.00,TERMINATING,1,1,2,Affine Template / Affine Template
ATVA2026_benchmark/TERM_LASSO//lasso_traces_array_initilization_multidimensional2.bpl/lasso_trace_1.txt,TERMINATING,2.15,66.44,-,7.00,TERMINATING,1,1,2,Affine Template / Affine Template
ATVA2026_benchmark/TERM_LASSO//lasso_traces_array_initilization_multidimensional.bpl/lasso_trace_1.txt,TERMINATING,2.10,72.05,-,4.00,TERMINATING,1,1,2,Affine Template / Affine Template
ATVA2026_benchmark/TERM_LASSO//lasso_traces_array_overwrite.bpl/lasso_trace_1.txt,TERMINATING,2.14,49.22,-,5.00,TERMINATING,1,1,2,Affine Template / Affine Template
ATVA2026_benchmark/TERM_LASSO//lasso_traces_ArrayRead01.bpl/lasso_trace_1.txt,TERMINATING,2.20,76.36,-,6.00,TERMINATING,1,1,2,Affine Template / Affine Template
ATVA2026_benchmark/TERM_LASSO//lasso_traces_ArrayRead02.bpl/lasso_trace_1.txt,TERMINATING,2.13,78.13,-,7.00,TERMINATING,1,1,2,Affine Template / Affine Template
ATVA2026_benchmark/TERM_LASSO//lasso_traces_Arrays20.bpl/lasso_trace_1.txt,TERMINATING,1.99,56.91,-,27.00,UNKNOWN,1,1,2,Affine Template
ATVA2026_benchmark/TERM_LASSO//lasso_traces_arraySearchFirstAndLast.bpl/lasso_trace_1.txt,TERMINATING,3.46,438.89,-,35.00,TERMINATING,1,2,3,Affine Template / Affine Template
ATVA2026_benchmark/TERM_LASSO//lasso_traces_ATVA2013-array-int.bpl/lasso_trace_1.txt,TERMINATING,2.08,45.40,36.12,7.00,TERMINATING,1,1,2,Affine Template / Affine Template
ATVA2026_benchmark/TERM_LASSO//lasso_traces_ATVA2013-bound-int.bpl/lasso_trace_1.txt,TERMINATING,1.85,55.25,40.07,5.00,TERMINATING,1,1,2,Affine Template / Affine Template
ATVA2026_benchmark/TERM_LASSO//lasso_traces_ATVA2013-nonIntegral-int.bpl/lasso_trace_1.txt,TERMINATING,2.00,56.18,37.87,5.00,TERMINATING,1,1,2,Affine Template / Affine Template
ATVA2026_benchmark/TERM_LASSO//lasso_traces_ATVA2013-wild-int.bpl/lasso_trace_1.txt,TERMINATING,2.98,49.44,35.81,4.00,TERMINATING,1,1,2,Affine Template / 2-Nested Template
ATVA2026_benchmark/TERM_LASSO//lasso_traces_ATVA2013-yPositive-int.bpl/lasso_trace_1.txt,TERMINATING,1.93,52.11,33.83,6.00,TERMINATING,1,1,2,Affine Template / Affine Template
ATVA2026_benchmark/TERM_LASSO//lasso_traces_Avg.bpl/lasso_trace_1.txt,TERMINATING,1.68,78.41,63.16,9.00,TERMINATING,0,3,3,Affine Template / Affine Template
ATVA2026_benchmark/TERM_LASSO//lasso_traces_Avg.bpl/lasso_trace_2.txt,TERMINATING,0.46,52.00,42.79,15.00,TERMINATING,2,4,6,Affine Template / Affine Template
ATVA2026_benchmark/TERM_LASSO//lasso_traces_Bangalore3.bpl/lasso_trace_1.txt,TERMINATING,1.87,46.19,39.46,6.00,TERMINATING,1,1,2,Affine Template / Affine Template
ATVA2026_benchmark/TERM_LASSO//lasso_traces_Bangalore.bpl/lasso_trace_1.txt,TERMINATING,1.83,56.02,33.74,4.00,TERMINATING,1,1,2,Affine Template / Affine Template
ATVA2026_benchmark/TERM_LASSO//lasso_traces_Benghazi.bpl/lasso_trace_1.txt,TERMINATING,2.65,45.92,36.86,9.00,TERMINATING,1,1,2,Affine Template / Affine Template
ATVA2026_benchmark/TERM_LASSO//lasso_traces_Betim-Fig3.2-Safe.bpl/lasso_trace_1.txt,TERMINATING,2.10,41.41,38.32,7.00,TERMINATING,1,1,2,Affine Template / Affine Template
ATVA2026_benchmark/TERM_LASSO//lasso_traces_BeyerHenzingerMajumdarRybalchenko-PLDI2007-Figure4.bpl/lasso_trace_1.txt,TERMINATING,1.90,81.55,36.52,10.00,TERMINATING,1,1,2,Affine Template / Affine Template
ATVA2026_benchmark/TERM_LASSO//lasso_traces_bhmr2007.c.i_3.bpl/lasso_trace_1.txt,TERMINATING,2.31,112.81,77.44,18.00,TERMINATING,1,1,2,Affine Template / Affine Template
ATVA2026_benchmark/TERM_LASSO//lasso_traces_bhmr2007.c.i_3.bplTransformedIcfg_BEv2_3.bpl/lasso_trace_1.txt,TERMINATING,2.38,101.57,77.03,22.00,TERMINATING,1,1,2,Affine Template / Affine Template
ATVA2026_benchmark/TERM_LASSO//lasso_traces_bhmr2007.c.i_4.bpl/lasso_trace_1.txt,TERMINATING,2.35,107.18,135.75,12.00,TERMINATING,1,1,2,Affine Template / Affine Template
ATVA2026_benchmark/TERM_LASSO//lasso_traces_bhmr2007.c.i_5.bpl/lasso_trace_1.txt,TERMINATING,2.31,44.84,59.42,20.00,TERMINATING,1,2,3,Affine Template / Affine Template
ATVA2026_benchmark/TERM_LASSO//lasso_traces_BigArray.bpl/lasso_trace_1.txt,TERMINATING,2.21,79.74,-,7.00,TERMINATING,1,1,2,Affine Template / Affine Template
ATVA2026_benchmark/TERM_LASSO//lasso_traces_Binomial.bpl/lasso_trace_1.txt,TERMINATING,1.62,93.21,119.17,8.00,TERMINATING,0,3,3,Affine Template / Affine Template
ATVA2026_benchmark/TERM_LASSO//lasso_traces_boogieLTL.bpl/lasso_trace_1.txt,TERMINATING,1.95,48.87,35.39,5.00,TERMINATING,1,1,2,Affine Template / Affine Template
ATVA2026_benchmark/TERM_LASSO//lasso_traces_Boulder.bpl/lasso_trace_1.txt,TERMINATING,1.97,47.98,39.69,5.00,TERMINATING,1,1,2,Affine Template / 2-Nested Template
ATVA2026_benchmark/TERM_LASSO//lasso_traces_bound-scaled200.bpl/lasso_trace_1.txt,TERMINATING,3.74,888.46,466.47,269.00,TERMINATING,1,1,2,Affine Template / Affine Template
ATVA2026_benchmark/TERM_LASSO//lasso_traces_bound-scaled400.bpl/lasso_trace_1.txt,TERMINATING,5.18,1179.14,1527.67,1123.00,TERMINATING,1,1,2,Affine Template / Affine Template
ATVA2026_benchmark/TERM_LASSO//lasso_traces_bound-scaled600.bpl/lasso_trace_1.txt,TERMINATING,7.83,2414.67,4015.50,2348.00,TERMINATING,1,1,2,Affine Template / Affine Template
ATVA2026_benchmark/TERM_LASSO//lasso_traces_Break.bpl/lasso_trace_1.txt,TERMINATING,1.62,57.31,36.35,9.00,TERMINATING,1,1,2,Affine Template / 2-Nested Template
ATVA2026_benchmark/TERM_LASSO//lasso_traces_BrockschmidtCookFuhs-CAV2013-Fig9a.bpl/lasso_trace_2.txt,TERMINATING,0.40,39.55,29.23,7.00,TERMINATING,1,3,4,Affine Template / Affine Template
ATVA2026_benchmark/TERM_LASSO//lasso_traces_BrockschmidtCookFuhs-CAV2013-Fig9a.bpl/lasso_trace_4.txt,TERMINATING,0.38,44.95,41.42,6.00,TERMINATING,6,1,7,Affine Template / Affine Template
ATVA2026_benchmark/TERM_LASSO//lasso_traces_bug-double-call.bpl/lasso_trace_1.txt,TERMINATING,2.02,39.54,36.87,5.00,TERMINATING,2,1,3,Affine Template / Affine Template
ATVA2026_benchmark/TERM_LASSO//lasso_traces_BugInterpolantConsolidation01.bpl/lasso_trace_1.txt,TERMINATING,2.09,42.24,35.46,8.00,TERMINATING,1,2,3,Affine Template / Affine Template
ATVA2026_benchmark/TERM_LASSO//lasso_traces_BugMapElimination01-SameAuxVarBug_simple.bpl/lasso_trace_1.txt,TERMINATING,1.98,48.06,-,7.00,TERMINATING,1,1,2,Affine Template / Affine Template
ATVA2026_benchmark/TERM_LASSO//lasso_traces_BugMapElimination02-StoreInIndex.bpl/lasso_trace_1.txt,TERMINATING,1.98,46.14,-,13.00,TERMINATING,1,1,2,Affine Template / Affine Template
ATVA2026_benchmark/TERM_LASSO//lasso_traces_BugMapElimination03-LossOfPrecision.bpl/lasso_trace_1.txt,TERMINATING,0.51,45.38,-,7.00,TERMINATING,2,1,3,Affine Template / Affine Template
ATVA2026_benchmark/TERM_LASSO//lasso_traces_BugMapElimination05-UnsoundnessSimple.bpl/lasso_trace_1.txt,TERMINATING,2.42,42.07,-,4.00,TERMINATING,1,1,2,Affine Template / Affine Template
ATVA2026_benchmark/TERM_LASSO//lasso_traces_bug-old-stmt-3.bpl/lasso_trace_1.txt,TERMINATING,2.09,49.32,36.30,6.00,TERMINATING,1,1,2,Affine Template / Affine Template
ATVA2026_benchmark/TERM_LASSO//lasso_traces_BugOldVars02.bpl/lasso_trace_1.txt,TERMINATING,2.00,63.10,41.21,8.00,TERMINATING,4,1,5,Affine Template / Affine Template
ATVA2026_benchmark/TERM_LASSO//lasso_traces_BugOldVars03.bpl/lasso_trace_1.txt,TERMINATING,2.41,82.27,-,12.00,TERMINATING,4,1,5,Affine Template / Affine Template
ATVA2026_benchmark/TERM_LASSO//lasso_traces_BugOldVars04.bpl/lasso_trace_1.txt,TERMINATING,1.91,44.20,31.83,6.00,TERMINATING,5,1,6,Affine Template / Affine Template
ATVA2026_benchmark/TERM_LASSO//lasso_traces_BugRewriteArrays02.bpl/lasso_trace_1.txt,TERMINATING,2.05,81.45,-,6.00,TERMINATING,1,1,2,Affine Template / Affine Template
ATVA2026_benchmark/TERM_LASSO//lasso_traces_BugRewriteArrays03.bpl/lasso_trace_1.txt,TERMINATING,1.97,118.24,-,13.00,TERMINATING,1,1,2,Affine Template / Affine Template
ATVA2026_benchmark/TERM_LASSO//lasso_traces_Cairo.bpl/lasso_trace_1.txt,TERMINATING,2.02,70.05,33.10,5.00,TERMINATING,1,1,2,Affine Template / Affine Template
ATVA2026_benchmark/TERM_LASSO//lasso_traces_CallIrregular.bpl/lasso_trace_1.txt,TERMINATING,1.68,80.30,102.86,6.00,TERMINATING,0,4,4,Affine Template / Affine Template
ATVA2026_benchmark/TERM_LASSO//lasso_traces_CallIrregular.bpl/lasso_trace_2.txt,TERMINATING,0.38,26.90,53.24,5.00,TERMINATING,0,2,2,Affine Template / Affine Template
ATVA2026_benchmark/TERM_LASSO//lasso_traces_CallIrregular.bpl/lasso_trace_3.txt,TERMINATING,0.48,84.88,74.97,10.00,TERMINATING,1,4,5,Affine Template / Affine Template
ATVA2026_benchmark/TERM_LASSO//lasso_traces_CallIrregular.bpl/lasso_trace_4.txt,TERMINATING,0.28,81.97,51.12,7.00,TERMINATING,1,4,5,Affine Template / Affine Template
ATVA2026_benchmark/TERM_LASSO//lasso_traces_CallIrregular.bpl/lasso_trace_5.txt,TERMINATING,0.57,31.48,49.82,8.00,TERMINATING,2,6,8,Affine Template / Affine Template
ATVA2026_benchmark/TERM_LASSO//lasso_traces_CallIrregular.bpl/lasso_trace_6.txt,TERMINATING,0.34,62.00,40.70,7.00,TERMINATING,3,2,5,Affine Template / Affine Template
ATVA2026_benchmark/TERM_LASSO//lasso_traces_CallIrregular.bpl/lasso_trace_7.txt,TERMINATING,0.44,68.37,70.96,8.00,TERMINATING,8,6,14,Affine Template / Affine Template
ATVA2026_benchmark/TERM_LASSO//lasso_traces_CallIrregular.bpl/lasso_trace_8.txt,TERMINATING,0.35,42.35,41.02,11.00,TERMINATING,7,2,9,Affine Template / Affine Template
ATVA2026_benchmark/TERM_LASSO//lasso_traces_CallIrregular_incorrect.bpl/lasso_trace_1.txt,TERMINATING,1.75,74.76,99.63,6.00,TERMINATING,0,4,4,Affine Template / Affine Template
ATVA2026_benchmark/TERM_LASSO//lasso_traces_CallIrregular_incorrect.bpl/lasso_trace_2.txt,TERMINATING,0.66,28.63,59.18,5.00,TERMINATING,0,2,2,Affine Template / Affine Template
ATVA2026_benchmark/TERM_LASSO//lasso_traces_CallIrregular_incorrect.bpl/lasso_trace_3.txt,TERMINATING,0.49,85.98,72.83,10.00,TERMINATING,1,4,5,Affine Template / Affine Template
ATVA2026_benchmark/TERM_LASSO//lasso_traces_CallIrregular_incorrect.bpl/lasso_trace_4.txt,TERMINATING,0.36,78.82,53.65,6.00,TERMINATING,1,4,5,Affine Template / Affine Template
ATVA2026_benchmark/TERM_LASSO//lasso_traces_CallIrregular_incorrect.bpl/lasso_trace_5.txt,TERMINATING,0.32,34.10,56.24,11.00,TERMINATING,2,6,8,Affine Template / Affine Template
ATVA2026_benchmark/TERM_LASSO//lasso_traces_CallIrregular_incorrect.bpl/lasso_trace_6.txt,TERMINATING,0.35,62.27,42.45,11.00,TERMINATING,3,2,5,Affine Template / Affine Template
ATVA2026_benchmark/TERM_LASSO//lasso_traces_CallIrregular_incorrect.bpl/lasso_trace_7.txt,TERMINATING,0.39,68.05,58.61,9.00,TERMINATING,8,6,14,Affine Template / Affine Template
ATVA2026_benchmark/TERM_LASSO//lasso_traces_CallIrregular_incorrect.bpl/lasso_trace_8.txt,TERMINATING,0.38,44.58,38.12,10.00,TERMINATING,7,2,9,Affine Template / Affine Template
ATVA2026_benchmark/TERM_LASSO//lasso_traces_CallReturn.bpl/lasso_trace_1.txt,TERMINATING,1.72,44.02,63.53,4.00,TERMINATING,0,2,2,Affine Template / Affine Template
ATVA2026_benchmark/TERM_LASSO//lasso_traces_CallReturn.bpl/lasso_trace_2.txt,TERMINATING,0.65,72.93,64.46,6.00,TERMINATING,2,2,4,Affine Template / Affine Template
ATVA2026_benchmark/TERM_LASSO//lasso_traces_cggmp2005b.c.i_4.bpl/lasso_trace_2.txt,TERMINATING,0.64,33.45,39.88,7.00,TERMINATING,3,1,4,Affine Template / Affine Template
ATVA2026_benchmark/TERM_LASSO//lasso_traces_cggmp2005.c.i_3.bpl/lasso_trace_1.txt,TERMINATING,2.30,50.42,37.07,8.00,TERMINATING,1,1,2,Affine Template / Affine Template
ATVA2026_benchmark/TERM_LASSO//lasso_traces_cggmp2005.c.i_3.bplTransformedIcfg_BEv2_2.bpl/lasso_trace_1.txt,TERMINATING,2.49,48.13,41.64,8.00,TERMINATING,1,1,2,Affine Template / Affine Template
ATVA2026_benchmark/TERM_LASSO//lasso_traces_cggmp2005_variant.c.i_3.bpl/lasso_trace_1.txt,TERMINATING,2.42,47.31,65.73,14.00,TERMINATING,1,1,2,Affine Template / Affine Template
ATVA2026_benchmark/TERM_LASSO//lasso_traces_cggmp2005_variant.c.i_3.bplTransformedIcfg_BEv2_3.bpl/lasso_trace_1.txt,TERMINATING,2.49,48.58,71.83,9.00,TERMINATING,1,1,2,Affine Template / Affine Template
ATVA2026_benchmark/TERM_LASSO//lasso_traces_ChenFlurMukhopadhyay-2012SAS-Fig1.bpl/lasso_trace_1.txt,TERMINATING,2.16,117.20,38.61,7.00,TERMINATING,0,1,1,3-Nested Template / 3-Nested Template
ATVA2026_benchmark/TERM_LASSO//lasso_traces_ChoirNightTrezor03.bpl/lasso_trace_1.txt,TERMINATING,2.02,51.25,58.29,12.00,TERMINATING,1,1,2,Affine Template / Affine Template
ATVA2026_benchmark/TERM_LASSO//lasso_traces_codeblockAssertOrder01.bpl/lasso_trace_1.txt,TERMINATING,2.02,47.05,36.65,5.00,TERMINATING,1,1,2,Affine Template / Affine Template
ATVA2026_benchmark/TERM_LASSO//lasso_traces_codeblockAssertOrder02.bpl/lasso_trace_1.txt,TERMINATING,2.76,57.06,38.97,6.00,TERMINATING,1,1,2,Affine Template / Affine Template
ATVA2026_benchmark/TERM_LASSO//lasso_traces_concurrent_FiveToOne_nonterminating.bpl/lasso_trace_1.txt,TERMINATING,2.06,55.16,37.06,6.00,TERMINATING,2,2,4,Affine Template / Affine Template
ATVA2026_benchmark/TERM_LASSO//lasso_traces_concurrent_increment.bpl/lasso_trace_1.txt,TERMINATING,3.50,72.27,75.64,5.00,TERMINATING,3,3,6,Affine Template / Affine Template
ATVA2026_benchmark/TERM_LASSO//lasso_traces_concurrent_increment.bpl/lasso_trace_2.txt,TERMINATING,0.57,73.77,62.07,7.00,TERMINATING,4,3,7,Affine Template / Affine Template
ATVA2026_benchmark/TERM_LASSO//lasso_traces_concurrent_increment_nonterminating2.bpl/lasso_trace_2.txt,TERMINATING,0.48,31.23,65.16,10.00,TERMINATING,4,2,6,Affine Template / Affine Template
ATVA2026_benchmark/TERM_LASSO//lasso_traces_concurrent_increment_nonterminating2.bpl/lasso_trace_4.txt,TERMINATING,0.35,36.65,34.83,7.00,TERMINATING,9,2,11,Affine Template / Affine Template
ATVA2026_benchmark/TERM_LASSO//lasso_traces_concurrent_increment_nonterminating.bpl/lasso_trace_1.txt,TERMINATING,2.17,47.70,34.20,4.00,TERMINATING,2,2,4,Affine Template / Affine Template
ATVA2026_benchmark/TERM_LASSO//lasso_traces_concurrent_increment_nonterminating.bpl/lasso_trace_3.txt,TERMINATING,0.57,49.33,63.73,7.00,TERMINATING,6,2,8,Affine Template / Affine Template
ATVA2026_benchmark/TERM_LASSO//lasso_traces_concurrent_increment_nonterminating.bpl/lasso_trace_4.txt,TERMINATING,0.35,50.34,63.88,5.00,TERMINATING,7,2,9,Affine Template / Affine Template
ATVA2026_benchmark/TERM_LASSO//lasso_traces_concurrent_mult.bpl/lasso_trace_1.txt,TERMINATING,2.26,55.56,36.99,6.00,TERMINATING,5,3,8,Affine Template / Affine Template
ATVA2026_benchmark/TERM_LASSO//lasso_traces_concurrent_mult.bpl/lasso_trace_2.txt,TERMINATING,1.06,100.76,105.39,13.00,TERMINATING,6,3,9,Affine Template / Affine Template
ATVA2026_benchmark/TERM_LASSO//lasso_traces_concurrent_terminating.bpl/lasso_trace_1.txt,TERMINATING,2.09,41.94,49.21,4.00,TERMINATING,1,2,3,Affine Template / Affine Template
ATVA2026_benchmark/TERM_LASSO//lasso_traces_concurrent_terminating.bpl/lasso_trace_2.txt,TERMINATING,0.44,58.63,70.06,5.00,TERMINATING,2,2,4,Affine Template / Affine Template
ATVA2026_benchmark/TERM_LASSO//lasso_traces_concurrent_ThreeThreadsAlternating_nonterminating.bpl/lasso_trace_1.txt,TERMINATING,1.74,54.18,46.60,6.00,TERMINATING,2,2,4,Affine Template / Affine Template
ATVA2026_benchmark/TERM_LASSO//lasso_traces_concurrent_ThreeThreadsAlternating_nonterminating.bpl/lasso_trace_3.txt,TERMINATING,0.43,36.20,29.78,6.00,TERMINATING,6,2,8,Affine Template / Affine Template
ATVA2026_benchmark/TERM_LASSO//lasso_traces_concurrent_TwoOne_nonterminating.bpl/lasso_trace_1.txt,TERMINATING,2.16,42.47,35.74,7.00,TERMINATING,2,2,4,Affine Template / Affine Template
ATVA2026_benchmark/TERM_LASSO//lasso_traces_const1.i_3.bplTransformedIcfg_BEv2_6.bpl/lasso_trace_1.txt,TERMINATING,1.84,41.29,32.18,8.00,TERMINATING,1,1,2,Affine Template / Affine Template
ATVA2026_benchmark/TERM_LASSO//lasso_traces_Continue1.bpl/lasso_trace_1.txt,TERMINATING,2.03,55.59,32.85,7.00,TERMINATING,1,1,2,Affine Template / Affine Template
ATVA2026_benchmark/TERM_LASSO//lasso_traces_cook.bpl/lasso_trace_1.txt,TERMINATING,1.80,44.83,52.76,4.00,TERMINATING,1,1,2,Affine Template / Affine Template
ATVA2026_benchmark/TERM_LASSO//lasso_traces_CookSeeZuleger-2013TACAS-Fig3.bpl/lasso_trace_1.txt,TERMINATING,2.32,769.08,38.21,34.00,UNKNOWN,0,1,1,2-Lexicographic Template
ATVA2026_benchmark/TERM_LASSO//lasso_traces_CookSeeZuleger-2013TACAS-Fig7a.bpl/lasso_trace_1.txt,TERMINATING,2.18,836.81,43.40,33.00,UNKNOWN,0,1,1,2-Lexicographic Template
ATVA2026_benchmark/TERM_LASSO//lasso_traces_CookSeeZuleger-2013TACAS-Fig7b.bpl/lasso_trace_1.txt,TERMINATING,2.85,1157.90,37.50,38.00,UNKNOWN,0,1,1,3-Lexicographic Template
ATVA2026_benchmark/TERM_LASSO//lasso_traces_CooperatingT2_consts1.bpl/lasso_trace_1.txt,TERMINATING,1.94,70.62,36.64,9.00,TERMINATING,1,1,2,Affine Template / Affine Template
ATVA2026_benchmark/TERM_LASSO//lasso_traces_Copenhagen.bpl/lasso_trace_1.txt,TERMINATING,2.15,30.47,37.63,5.00,TERMINATING,0,1,1,Affine Template / Affine Template
ATVA2026_benchmark/TERM_LASSO//lasso_traces_CopenhagenWithTmp.bpl/lasso_trace_1.txt,TERMINATING,2.01,31.10,38.40,5.00,TERMINATING,0,1,1,Affine Template / Affine Template
ATVA2026_benchmark/TERM_LASSO//lasso_traces_CopenhagenYis0.bpl/lasso_trace_1.txt,TERMINATING,1.84,26.16,44.84,5.00,TERMINATING,0,1,1,Affine Template / Affine Template
ATVA2026_benchmark/TERM_LASSO//lasso_traces_costa09-example_1.bpl/lasso_trace_1.txt,TERMINATING,1.86,70.95,67.87,17.00,TERMINATING,1,5,6,Affine Template / Affine Template
ATVA2026_benchmark/TERM_LASSO//lasso_traces_CostaDouble.bpl/lasso_trace_1.txt,TERMINATING,2.52,35.29,55.43,5.00,TERMINATING,0,3,3,Affine Template / Affine Template
ATVA2026_benchmark/TERM_LASSO//lasso_traces_CostaDouble.bpl/lasso_trace_3.txt,TERMINATING,0.30,30.52,24.94,7.00,TERMINATING,6,12,18,Affine Template / Affine Template
ATVA2026_benchmark/TERM_LASSO//lasso_traces_count0-countEven-sample-abs.bpl/lasso_trace_1.txt,TERMINATING,2.06,71.45,-,9.00,TERMINATING,3,3,6,Affine Template / Affine Template
ATVA2026_benchmark/TERM_LASSO//lasso_traces_count_by_1.i_3.bpl/lasso_trace_1.txt,TERMINATING,3.19,52.97,34.52,6.00,TERMINATING,1,1,2,Affine Template / Affine Template
ATVA2026_benchmark/TERM_LASSO//lasso_traces_count_by_1_variant.i_2.bpl/lasso_trace_1.txt,TERMINATING,2.42,44.43,34.06,5.00,TERMINATING,1,2,3,Affine Template / Affine Template
ATVA2026_benchmark/TERM_LASSO//lasso_traces_count_by_1_variant.i_2.bplTransformedIcfg_BEv2_3.bpl/lasso_trace_1.txt,TERMINATING,1.81,84.58,87.78,6.00,TERMINATING,1,2,3,Affine Template / Affine Template
ATVA2026_benchmark/TERM_LASSO//lasso_traces_count_by_2.i_3.bpl/lasso_trace_1.txt,TERMINATING,1.79,52.31,39.07,6.00,TERMINATING,1,1,2,Affine Template / Affine Template
ATVA2026_benchmark/TERM_LASSO//lasso_traces_count_by_2.i_3.bplTransformedIcfg_BEv2_3.bpl/lasso_trace_1.txt,TERMINATING,1.99,49.59,33.78,6.00,TERMINATING,1,1,2,Affine Template / Affine Template
ATVA2026_benchmark/TERM_LASSO//lasso_traces_count_by_k.i_3.bpl/lasso_trace_1.txt,TERMINATING,0.58,65.64,56.50,7.00,TERMINATING,2,1,3,Affine Template / Affine Template
ATVA2026_benchmark/TERM_LASSO//lasso_traces_count_by_k.i_3.bplTransformedIcfg_BEv2_3.bpl/lasso_trace_1.txt,TERMINATING,0.47,63.68,56.16,7.00,TERMINATING,2,1,3,Affine Template / Affine Template
ATVA2026_benchmark/TERM_LASSO//lasso_traces_count_by_nondet.i_3.bpl/lasso_trace_1.txt,TERMINATING,1.88,95.41,64.47,8.00,TERMINATING,1,1,2,Affine Template / Affine Template
ATVA2026_benchmark/TERM_LASSO//lasso_traces_count_by_nondet.i_3.bplTransformedIcfg_BEv2_3.bpl/lasso_trace_1.txt,TERMINATING,1.98,95.54,64.82,9.00,TERMINATING,1,1,2,Affine Template / Affine Template
ATVA2026_benchmark/TERM_LASSO//lasso_traces_CounterLoop-nBit.bpl/lasso_trace_1.txt,TERMINATING,2.06,64.49,-,5.00,TERMINATING,1,1,2,Affine Template / Affine Template
ATVA2026_benchmark/TERM_LASSO//lasso_traces_CountTillBound-Downwards.bpl/lasso_trace_1.txt,TERMINATING,1.78,43.72,36.52,4.00,TERMINATING,1,1,2,Affine Template / Affine Template
ATVA2026_benchmark/TERM_LASSO//lasso_traces_CountTillBound-Jupiter.bpl/lasso_trace_1.txt,TERMINATING,2.15,54.68,51.07,6.00,TERMINATING,1,2,3,Affine Template / Affine Template
ATVA2026_benchmark/TERM_LASSO//lasso_traces_CountTillBound-Loop-2.bpl/lasso_trace_1.txt,TERMINATING,2.31,44.34,34.02,6.00,TERMINATING,1,2,3,Affine Template / Affine Template
ATVA2026_benchmark/TERM_LASSO//lasso_traces_CountTillBound-Loop.bpl/lasso_trace_1.txt,TERMINATING,1.86,48.20,37.80,5.00,TERMINATING,1,1,2,Affine Template / Affine Template
ATVA2026_benchmark/TERM_LASSO//lasso_traces_CountTillBound-LoopWithConst.bpl/lasso_trace_1.txt,TERMINATING,1.90,47.04,40.19,5.00,TERMINATING,1,1,2,Affine Template / Affine Template
ATVA2026_benchmark/TERM_LASSO//lasso_traces_CountTillBound-LoopWithConst_noAxiom.bpl/lasso_trace_1.txt,TERMINATING,1.98,54.82,41.40,6.00,TERMINATING,1,1,2,Affine Template / Affine Template
ATVA2026_benchmark/TERM_LASSO//lasso_traces_CountTillBound-Recursion.bpl/lasso_trace_1.txt,TERMINATING,2.26,26.70,43.24,4.00,TERMINATING,0,2,2,Affine Template / Affine Template
ATVA2026_benchmark/TERM_LASSO//lasso_traces_count_up_down.i_3.bplTransformedIcfg_BEv2_7.bpl/lasso_trace_1.txt,TERMINATING,2.22,112.77,131.29,11.00,TERMINATING,1,1,2,Affine Template / Affine Template
ATVA2026_benchmark/TERM_LASSO//lasso_traces_CPS1-1617-Sheet03-Exercise03.bpl/lasso_trace_1.txt,TERMINATING,1.95,40.40,32.76,7.00,TERMINATING,1,1,2,Affine Template / Affine Template
ATVA2026_benchmark/TERM_LASSO//lasso_traces_CPS1-1617-Sheet03-Exercise03.bpl/lasso_trace_2.txt,TERMINATING,0.38,30.28,26.70,7.00,TERMINATING,1,1,2,Affine Template / Affine Template
ATVA2026_benchmark/TERM_LASSO//lasso_traces_CPS1-1617-Sheet03-Exercise03.bpl/lasso_trace_3.txt,TERMINATING,0.47,37.03,54.77,7.00,TERMINATING,1,1,2,Affine Template / Affine Template
ATVA2026_benchmark/TERM_LASSO//lasso_traces_Damaskus.bpl/lasso_trace_1.txt,TERMINATING,1.96,73.45,38.04,6.00,TERMINATING,1,1,2,Affine Template / Affine Template
ATVA2026_benchmark/TERM_LASSO//lasso_traces_ddlm2013.i_3.bplTransformedIcfg_BEv2_8.bpl/lasso_trace_1.txt,TERMINATING,2.27,132.39,63.44,23.00,TERMINATING,1,2,3,Affine Template / Affine Template
ATVA2026_benchmark/TERM_LASSO//lasso_traces_decrease1var.bpl/lasso_trace_1.txt,TERMINATING,1.75,30.33,34.29,3.00,TERMINATING,0,1,1,Affine Template / Affine Template
ATVA2026_benchmark/TERM_LASSO//lasso_traces_DecreasingInvariant.bpl/lasso_trace_1.txt,TERMINATING,2.14,96.40,40.11,6.00,TERMINATING,1,1,2,2-Nested Template / 2-Nested Template
ATVA2026_benchmark/TERM_LASSO//lasso_traces_DiamondLoopSafe.bpl/lasso_trace_1.txt,TERMINATING,2.10,80.38,36.79,11.00,TERMINATING,1,1,2,Affine Template / Affine Template
ATVA2026_benchmark/TERM_LASSO//lasso_traces_divisibilityWithArray.bpl/lasso_trace_1.txt,TERMINATING,2.41,210.21,-,20.00,TERMINATING,1,2,3,Affine Template / Affine Template
ATVA2026_benchmark/TERM_LASSO//lasso_traces_DivisionTerminating.bpl/lasso_trace_1.txt,TERMINATING,1.86,26.85,39.38,4.00,TERMINATING,0,1,1,Affine Template / Affine Template
ATVA2026_benchmark/TERM_LASSO//lasso_traces_Double2.bpl/lasso_trace_1.txt,TERMINATING,1.92,41.65,33.34,7.00,TERMINATING,0,3,3,Affine Template / Affine Template
ATVA2026_benchmark/TERM_LASSO//lasso_traces_Double2.bpl/lasso_trace_2.txt,TERMINATING,0.30,72.12,65.34,0.00,UNKNOWN,2,3,5,Affine Template
ATVA2026_benchmark/TERM_LASSO//lasso_traces_Double3.bpl/lasso_trace_1.txt,TERMINATING,1.57,55.02,62.01,7.00,TERMINATING,0,4,4,Affine Template / Affine Template
ATVA2026_benchmark/TERM_LASSO//lasso_traces_Double3.bpl/lasso_trace_2.txt,TERMINATING,0.28,52.82,51.92,0.00,UNKNOWN,2,4,6,Affine Template
ATVA2026_benchmark/TERM_LASSO//lasso_traces_Double3.bpl/lasso_trace_3.txt,TERMINATING,0.36,54.74,52.65,9.00,TERMINATING,19,7,26,Affine Template / Affine Template
ATVA2026_benchmark/TERM_LASSO//lasso_traces_Double.bpl/lasso_trace_1.txt,TERMINATING,2.33,50.38,48.73,6.00,TERMINATING,0,3,3,Affine Template / Affine Template
ATVA2026_benchmark/TERM_LASSO//lasso_traces_Double.bpl/lasso_trace_2.txt,TERMINATING,0.33,59.94,64.67,0.00,UNKNOWN,2,3,5,Affine Template
ATVA2026_benchmark/TERM_LASSO//lasso_traces_Double.bpl/lasso_trace_4.txt,TERMINATING,0.35,37.95,51.83,13.00,TERMINATING,6,12,18,Affine Template / Affine Template
ATVA2026_benchmark/TERM_LASSO//lasso_traces_down.i_4.bpl/lasso_trace_1.txt,TERMINATING,2.17,74.53,62.76,7.00,TERMINATING,1,1,2,Affine Template / Affine Template
ATVA2026_benchmark/TERM_LASSO//lasso_traces_down.i_4.bplTransformedIcfg_BEv2_5.bpl/lasso_trace_1.txt,TERMINATING,2.32,80.56,95.26,7.00,TERMINATING,1,1,2,Affine Template / Affine Template
ATVA2026_benchmark/TERM_LASSO//lasso_traces_DUJJLR.bpl/lasso_trace_2.txt,TERMINATING,1.86,3125.77,-,191.00,UNKNOWN,1,3,4,Affine Template
ATVA2026_benchmark/TERM_LASSO//lasso_traces_DUJLRJ.bpl/lasso_trace_1.txt,TERMINATING,1.96,3310.92,-,193.00,UNKNOWN,1,2,3,Affine Template
ATVA2026_benchmark/TERM_LASSO//lasso_traces_DynamicUnsatCoresHelpful01_02.bpl/lasso_trace_1.txt,TERMINATING,2.14,45.18,33.64,6.00,TERMINATING,1,1,2,Affine Template / Affine Template
ATVA2026_benchmark/TERM_LASSO//lasso_traces_EasyArray2_incorrect.bpl/lasso_trace_1.txt,TERMINATING,1.70,324.65,-,70.00,UNKNOWN,1,1,2,Affine Template
ATVA2026_benchmark/TERM_LASSO//lasso_traces_EasyArray.bpl/lasso_trace_1.txt,TERMINATING,1.90,58.17,-,26.00,UNKNOWN,1,1,2,Affine Template
ATVA2026_benchmark/TERM_LASSO//lasso_traces_EasyArrayStore.bpl/lasso_trace_1.txt,TERMINATING,2.19,58.41,-,28.00,UNKNOWN,1,1,2,Affine Template
ATVA2026_benchmark/TERM_LASSO//lasso_traces_EasyArrayStore_incorrect.bpl/lasso_trace_1.txt,TERMINATING,2.02,169.27,-,62.00,UNKNOWN,1,1,2,Affine Template
ATVA2026_benchmark/TERM_LASSO//lasso_traces_EasyLoop.bpl/lasso_trace_1.txt,TERMINATING,2.22,40.50,38.69,6.00,TERMINATING,1,1,2,Affine Template / Affine Template
ATVA2026_benchmark/TERM_LASSO//lasso_traces_EasyRecursive2.bpl/lasso_trace_1.txt,TERMINATING,2.14,26.37,41.16,5.00,TERMINATING,0,2,2,Affine Template / Affine Template
ATVA2026_benchmark/TERM_LASSO//lasso_traces_EasyRecursive2.bpl/lasso_trace_4.txt,TERMINATING,0.30,38.31,55.68,4.00,TERMINATING,1,19,20,Affine Template / Affine Template
ATVA2026_benchmark/TERM_LASSO//lasso_traces_EasyRecursive2.bpl/lasso_trace_5.txt,TERMINATING,0.36,40.96,50.27,6.00,TERMINATING,1,3,4,Affine Template / Affine Template
ATVA2026_benchmark/TERM_LASSO//lasso_traces_EasyRecursive2.bpl/lasso_trace_6.txt,TERMINATING,0.53,56.07,79.51,8.00,TERMINATING,3,2,5,Affine Template / Affine Template
ATVA2026_benchmark/TERM_LASSO//lasso_traces_EasyRecursive2.bpl/lasso_trace_8.txt,TERMINATING,0.25,67.54,85.25,6.00,TERMINATING,22,2,24,Affine Template / Affine Template
ATVA2026_benchmark/TERM_LASSO//lasso_traces_EasyRecursive_incorrect2.bpl/lasso_trace_1.txt,TERMINATING,1.80,27.44,36.41,4.00,TERMINATING,0,2,2,Affine Template / Affine Template
ATVA2026_benchmark/TERM_LASSO//lasso_traces_EasyRecursive_incorrect2.bpl/lasso_trace_2.txt,TERMINATING,0.42,32.35,26.64,5.00,TERMINATING,1,3,4,Affine Template / Affine Template
ATVA2026_benchmark/TERM_LASSO//lasso_traces_EasyRecursive_incorrect2.bpl/lasso_trace_3.txt,TERMINATING,0.32,59.12,26.03,9.00,TERMINATING,2,2,4,Affine Template / Affine Template
ATVA2026_benchmark/TERM_LASSO//lasso_traces_EasyRecursive_incorrect.bpl/lasso_trace_1.txt,TERMINATING,1.85,28.98,39.86,5.00,TERMINATING,0,2,2,Affine Template / Affine Template
ATVA2026_benchmark/TERM_LASSO//lasso_traces_EasyRecursive_incorrect.bpl/lasso_trace_2.txt,TERMINATING,0.38,30.25,27.53,5.00,TERMINATING,1,3,4,Affine Template / Affine Template
ATVA2026_benchmark/TERM_LASSO//lasso_traces_EasyRecursive_incorrect.bpl/lasso_trace_3.txt,TERMINATING,0.33,60.57,26.14,9.00,TERMINATING,2,2,4,Affine Template / Affine Template
ATVA2026_benchmark/TERM_LASSO//lasso_traces_equal-array-sums.bpl/lasso_trace_1.txt,TERMINATING,2.16,51.11,-,6.00,TERMINATING,4,3,7,Affine Template / Affine Template
ATVA2026_benchmark/TERM_LASSO//lasso_traces_equal-array-sums.bpl/lasso_trace_2.txt,TERMINATING,0.53,51.12,-,10.00,TERMINATING,5,3,8,Affine Template / Affine Template
ATVA2026_benchmark/TERM_LASSO//lasso_traces_EqUserDefRec.bpl/lasso_trace_1.txt,TERMINATING,1.79,118.92,109.61,9.00,TERMINATING,0,4,4,Affine Template / Affine Template
ATVA2026_benchmark/TERM_LASSO//lasso_traces_eureka_01.i_3.bpl/lasso_trace_1.txt,TERMINATING,2.52,76.64,-,43.00,UNKNOWN,1,1,2,Affine Template
ATVA2026_benchmark/TERM_LASSO//lasso_traces_EvZeroIndex01-Robotyne.bpl/lasso_trace_1.txt,TERMINATING,1.92,117.42,-,49.00,UNKNOWN,1,1,2,Affine Template
ATVA2026_benchmark/TERM_LASSO//lasso_traces_Exc1.bpl/lasso_trace_1.txt,TERMINATING,1.85,54.66,33.21,7.00,TERMINATING,1,1,2,Affine Template / Affine Template
ATVA2026_benchmark/TERM_LASSO//lasso_traces_Exc2.bpl/lasso_trace_1.txt,TERMINATING,2.93,44.68,41.02,10.00,TERMINATING,1,2,3,Affine Template / Affine Template
ATVA2026_benchmark/TERM_LASSO//lasso_traces_Exc3.bpl/lasso_trace_1.txt,TERMINATING,1.78,54.36,32.06,7.00,TERMINATING,1,2,3,Affine Template / Affine Template
ATVA2026_benchmark/TERM_LASSO//lasso_traces_Exc4.bpl/lasso_trace_1.txt,TERMINATING,1.67,60.28,35.69,8.00,TERMINATING,1,2,3,Affine Template / Affine Template
ATVA2026_benchmark/TERM_LASSO//lasso_traces_Exc5.bpl/lasso_trace_1.txt,TERMINATING,1.65,67.25,32.21,8.00,TERMINATING,1,2,3,Affine Template / Affine Template
ATVA2026_benchmark/TERM_LASSO//lasso_traces_Factorial.bpl/lasso_trace_1.txt,TERMINATING,1.81,92.66,118.47,7.00,TERMINATING,0,3,3,Affine Template / Affine Template
ATVA2026_benchmark/TERM_LASSO//lasso_traces_Factorial.bpl/lasso_trace_2.txt,TERMINATING,0.35,103.45,96.19,0.00,UNKNOWN,2,3,5,Affine Template
ATVA2026_benchmark/TERM_LASSO//lasso_traces_FactSum.bpl/lasso_trace_1.txt,TERMINATING,1.66,58.50,77.22,7.00,TERMINATING,0,3,3,Affine Template / Affine Template
ATVA2026_benchmark/TERM_LASSO//lasso_traces_FactSum.bpl/lasso_trace_2.txt,TERMINATING,0.39,53.67,38.15,8.00,TERMINATING,1,7,8,Affine Template / Affine Template
ATVA2026_benchmark/TERM_LASSO//lasso_traces_FactSum.bpl/lasso_trace_3.txt,TERMINATING,0.30,45.07,59.54,10.00,TERMINATING,3,3,6,Affine Template / Affine Template
ATVA2026_benchmark/TERM_LASSO//lasso_traces_Falkensteig-lex2withProc_true-termination.bpl/lasso_trace_1.txt,TERMINATING,1.76,28.14,36.74,6.00,TERMINATING,0,4,4,Affine Template / Affine Template
ATVA2026_benchmark/TERM_LASSO//lasso_traces_Falkensteig-lex2withProc_true-termination.bpl/lasso_trace_2.txt,TERMINATING,0.52,54.76,53.62,12.00,TERMINATING,2,5,7,Affine Template / Affine Template
ATVA2026_benchmark/TERM_LASSO//lasso_traces_Falkensteig-lex2withProc_true-termination.bpl/lasso_trace_3.txt,TERMINATING,0.51,60.03,41.31,12.00,TERMINATING,9,4,13,Affine Template / Affine Template
ATVA2026_benchmark/TERM_LASSO//lasso_traces_Falkensteig-lex2withProc_true-termination.bpl/lasso_trace_4.txt,TERMINATING,0.42,44.95,27.90,15.00,TERMINATING,13,4,17,Affine Template / Affine Template
ATVA2026_benchmark/TERM_LASSO//lasso_traces_fg.bpl/lasso_trace_1.txt,TERMINATING,1.83,25.40,31.75,9.00,TERMINATING,1,4,5,Affine Template / Affine Template
ATVA2026_benchmark/TERM_LASSO//lasso_traces_fibonacci.bpl/lasso_trace_1.txt,TERMINATING,2.11,36.55,67.20,4.00,TERMINATING,0,3,3,Affine Template / Affine Template
ATVA2026_benchmark/TERM_LASSO//lasso_traces_Fibonaccinacci_big.bpl/lasso_trace_3.txt,TERMINATING,0.69,36.62,27.93,5.00,TERMINATING,2,1,3,Affine Template / Affine Template
ATVA2026_benchmark/TERM_LASSO//lasso_traces_Fibonaccinacci_big_incorrect.bpl/lasso_trace_3.txt,TERMINATING,0.49,32.74,27.80,5.00,TERMINATING,2,1,3,Affine Template / Affine Template
ATVA2026_benchmark/TERM_LASSO//lasso_traces_Fibonaccinacci.bpl/lasso_trace_3.txt,TERMINATING,0.83,35.59,30.80,5.00,TERMINATING,2,1,3,Affine Template / Affine Template
ATVA2026_benchmark/TERM_LASSO//lasso_traces_Fibonaccinacci_incorrect.bpl/lasso_trace_3.txt,TERMINATING,0.41,33.63,32.42,5.00,TERMINATING,2,1,3,Affine Template / Affine Template
ATVA2026_benchmark/TERM_LASSO//lasso_traces_figure1.wvr.bpl/lasso_trace_1.txt,TERMINATING,3.24,77.76,78.78,6.00,TERMINATING,5,2,7,Affine Template / Affine Template
ATVA2026_benchmark/TERM_LASSO//lasso_traces_FixedIndex01-Makiivka.bpl/lasso_trace_1.txt,TERMINATING,2.25,64.55,-,5.00,TERMINATING,1,1,2,Affine Template / Affine Template
ATVA2026_benchmark/TERM_LASSO//lasso_traces_FixedIndex02-Kusmyne.bpl/lasso_trace_1.txt,TERMINATING,2.30,72.09,-,6.00,TERMINATING,1,1,2,Affine Template / Affine Template
ATVA2026_benchmark/TERM_LASSO//lasso_traces_fork_join_in_loop.bpl/lasso_trace_1.txt,TERMINATING,2.24,47.32,44.20,10.00,TERMINATING,1,6,7,Affine Template / Affine Template
ATVA2026_benchmark/TERM_LASSO//lasso_traces_fork_unchanged_local_variables2.bpl/lasso_trace_1.txt,TERMINATING,1.95,39.81,59.26,8.00,TERMINATING,2,8,10,Affine Template / Affine Template
ATVA2026_benchmark/TERM_LASSO//lasso_traces_FourPhase.bpl/lasso_trace_1.txt,TERMINATING,2.00,346.34,39.53,15.00,TERMINATING,1,1,2,4-Nested Template / 4-Nested Template
ATVA2026_benchmark/TERM_LASSO//lasso_traces_fragtest_simple.i_4.bpl/lasso_trace_1.txt,TERMINATING,3.25,123.34,162.59,12.00,TERMINATING,1,2,3,Affine Template / Affine Template
ATVA2026_benchmark/TERM_LASSO//lasso_traces_fragtest_simple.i_4.bplTransformedIcfg_BEv2_5.bpl/lasso_trace_1.txt,TERMINATING,2.12,125.00,158.76,12.00,TERMINATING,1,2,3,Affine Template / Affine Template
ATVA2026_benchmark/TERM_LASSO//lasso_traces_functions1.i_3.bplTransformedIcfg_BEv2_8.bpl/lasso_trace_1.txt,TERMINATING,2.64,68.14,33.48,6.00,TERMINATING,1,1,2,Affine Template / Affine Template
ATVA2026_benchmark/TERM_LASSO//lasso_traces_Garmisch.bpl/lasso_trace_1.txt,TERMINATING,2.14,48.41,39.60,5.00,TERMINATING,1,1,2,Affine Template / 2-Nested Template
ATVA2026_benchmark/TERM_LASSO//lasso_traces_Gauss.bpl/lasso_trace_1.txt,TERMINATING,2.18,46.87,34.30,5.00,TERMINATING,1,1,2,Affine Template / Affine Template
ATVA2026_benchmark/TERM_LASSO//lasso_traces_gauss_sum.i_3.bpl/lasso_trace_1.txt,TERMINATING,2.21,81.36,80.48,11.00,TERMINATING,1,1,2,Affine Template / Affine Template
ATVA2026_benchmark/TERM_LASSO//lasso_traces_gauss_sum.i_3.bplTransformedIcfg_BEv2_3.bpl/lasso_trace_1.txt,TERMINATING,2.15,78.66,74.02,9.00,TERMINATING,1,1,2,Affine Template / Affine Template
ATVA2026_benchmark/TERM_LASSO//lasso_traces_Gcd.bpl/lasso_trace_1.txt,TERMINATING,2.31,68.43,37.86,9.00,TERMINATING,1,1,2,Affine Template / Affine Template
ATVA2026_benchmark/TERM_LASSO//lasso_traces_Gcd_havoc.bpl/lasso_trace_1.txt,TERMINATING,2.12,77.00,38.15,9.00,TERMINATING,1,1,2,Affine Template / Affine Template
ATVA2026_benchmark/TERM_LASSO//lasso_traces_GcdNew.bpl/lasso_trace_1.txt,TERMINATING,2.14,66.37,35.68,9.00,TERMINATING,1,1,2,Affine Template / Affine Template
ATVA2026_benchmark/TERM_LASSO//lasso_traces_gj2007.c.i_4.bpl/lasso_trace_1.txt,TERMINATING,2.24,89.51,36.18,11.00,TERMINATING,1,2,3,Affine Template / Affine Template
ATVA2026_benchmark/TERM_LASSO//lasso_traces_gj2007.c.i_4.bplTransformedIcfg_BEv2_3.bpl/lasso_trace_1.txt,TERMINATING,2.60,95.52,37.12,11.00,TERMINATING,1,1,2,Affine Template / Affine Template
ATVA2026_benchmark/TERM_LASSO//lasso_traces_GoannaDoubleFreeWithoutPointers.bpl/lasso_trace_1.txt,TERMINATING,2.04,143.14,33.74,16.00,TERMINATING,1,2,3,Affine Template / Affine Template
ATVA2026_benchmark/TERM_LASSO//lasso_traces_Gothenburg.bpl/lasso_trace_1.txt,TERMINATING,10.07,4190.74,216.57,38.00,UNKNOWN,1,1,2,2-Phase Template
ATVA2026_benchmark/TERM_LASSO//lasso_traces_gotoLoop.bpl/lasso_trace_1.txt,TERMINATING,2.12,58.85,40.53,5.00,TERMINATING,1,1,2,Affine Template / Affine Template
ATVA2026_benchmark/TERM_LASSO//lasso_traces_gr2006.c.i_4.bpl/lasso_trace_1.txt,TERMINATING,2.47,1120.94,42.05,16.00,TERMINATING,1,2,3,2-Phase Template / Affine Template
ATVA2026_benchmark/TERM_LASSO//lasso_traces_gr2006.c.i_4.bplTransformedIcfg_BEv2_3.bpl/lasso_trace_1.txt,TERMINATING,2.37,1105.15,39.46,14.00,TERMINATING,1,2,3,2-Phase Template / Affine Template
ATVA2026_benchmark/TERM_LASSO//lasso_traces_GulwaniResetBranchOnly.bpl/lasso_trace_1.txt,TERMINATING,3.79,90.01,43.11,11.00,TERMINATING,1,1,2,Affine Template / Affine Template
ATVA2026_benchmark/TERM_LASSO//lasso_traces_half_2.i_3.bpl/lasso_trace_1.txt,TERMINATING,2.10,116.00,102.00,10.00,TERMINATING,1,1,2,Affine Template / Affine Template
ATVA2026_benchmark/TERM_LASSO//lasso_traces_half_2.i_3.bplTransformedIcfg_BEv2_5.bpl/lasso_trace_1.txt,TERMINATING,2.59,135.91,100.74,12.00,TERMINATING,1,1,2,Affine Template / Affine Template
ATVA2026_benchmark/TERM_LASSO//lasso_traces_half.i_3.bpl/lasso_trace_1.txt,TERMINATING,2.27,98.96,81.32,7.00,TERMINATING,1,1,2,Affine Template / Affine Template
ATVA2026_benchmark/TERM_LASSO//lasso_traces_half.i_3.bplTransformedIcfg_BEv2_4.bpl/lasso_trace_1.txt,TERMINATING,2.19,103.83,85.56,6.00,TERMINATING,1,1,2,Affine Template / Affine Template
ATVA2026_benchmark/TERM_LASSO//lasso_traces_half.i_4.bpl/lasso_trace_1.txt,TERMINATING,2.01,112.66,46.49,17.00,TERMINATING,1,2,3,Affine Template / Affine Template
ATVA2026_benchmark/TERM_LASSO//lasso_traces_Hanoi.bpl/lasso_trace_1.txt,TERMINATING,1.58,131.54,151.79,21.00,TERMINATING,0,5,5,Affine Template / Affine Template
ATVA2026_benchmark/TERM_LASSO//lasso_traces_havocAndDecrese2vars.bpl/lasso_trace_1.txt,TERMINATING,1.84,26.48,35.16,4.00,TERMINATING,0,1,1,Affine Template / Affine Template
ATVA2026_benchmark/TERM_LASSO//lasso_traces_HavocRange01-Lutsk.bpl/lasso_trace_1.txt,TERMINATING,2.01,183.45,-,23.00,TERMINATING,1,1,2,Affine Template / Affine Template
ATVA2026_benchmark/TERM_LASSO//lasso_traces_HavocRange02-Kovel.bpl/lasso_trace_1.txt,TERMINATING,2.04,187.20,-,23.00,TERMINATING,1,1,2,Affine Template / Affine Template
ATVA2026_benchmark/TERM_LASSO//lasso_traces_HavocRange03-Ratne.bpl/lasso_trace_1.txt,TERMINATING,2.21,200.00,-,20.00,TERMINATING,1,1,2,Affine Template / Affine Template
ATVA2026_benchmark/TERM_LASSO//lasso_traces_HavocRange04-Kortelisy.bpl/lasso_trace_1.txt,TERMINATING,1.93,203.82,-,73.00,UNKNOWN,1,1,2,Affine Template
ATVA2026_benchmark/TERM_LASSO//lasso_traces_HavocRange05-Varash.bpl/lasso_trace_1.txt,TERMINATING,2.35,187.10,-,68.00,UNKNOWN,1,1,2,Affine Template
ATVA2026_benchmark/TERM_LASSO//lasso_traces_hhk2008.c.i_3.bpl/lasso_trace_1.txt,TERMINATING,2.46,58.80,35.41,9.00,TERMINATING,1,1,2,Affine Template / Affine Template
ATVA2026_benchmark/TERM_LASSO//lasso_traces_hhk2008.c.i_3.bplTransformedIcfg_BEv2_3.bpl/lasso_trace_1.txt,TERMINATING,2.31,47.57,34.52,9.00,TERMINATING,1,1,2,Affine Template / Affine Template
ATVA2026_benchmark/TERM_LASSO//lasso_traces_HiddenEqualityWithBranches.bpl/lasso_trace_4.txt,TERMINATING,0.32,29.93,30.02,11.00,TERMINATING,5,2,7,Affine Template / Affine Template
ATVA2026_benchmark/TERM_LASSO//lasso_traces_HiddenInequality.bpl/lasso_trace_1.txt,TERMINATING,2.26,59.10,34.28,6.00,TERMINATING,1,1,2,Affine Template / Affine Template
ATVA2026_benchmark/TERM_LASSO//lasso_traces_incr-decr-zero.bpl/lasso_trace_1.txt,TERMINATING,2.06,69.29,64.99,8.00,TERMINATING,3,3,6,Affine Template / Affine Template
ATVA2026_benchmark/TERM_LASSO//lasso_traces_incr-decr-zero.bpl/lasso_trace_2.txt,TERMINATING,0.49,73.65,30.21,7.00,TERMINATING,4,3,7,Affine Template / Affine Template
ATVA2026_benchmark/TERM_LASSO//lasso_traces_increase1varDecrease1var.bpl/lasso_trace_1.txt,TERMINATING,1.70,30.07,34.59,4.00,TERMINATING,0,1,1,Affine Template / Affine Template
ATVA2026_benchmark/TERM_LASSO//lasso_traces_IncrementCell01-Soledar.bpl/lasso_trace_1.txt,TERMINATING,2.92,211.64,-,68.00,UNKNOWN,1,1,2,Affine Template
ATVA2026_benchmark/TERM_LASSO//lasso_traces_incrementOrDoubleIncrement.bpl/lasso_trace_1.txt,TERMINATING,1.92,70.61,34.52,6.00,TERMINATING,1,1,2,Affine Template / Affine Template
ATVA2026_benchmark/TERM_LASSO//lasso_traces_InitAscending01-Izium.bpl/lasso_trace_1.txt,TERMINATING,1.94,54.01,-,26.00,UNKNOWN,1,1,2,Affine Template
ATVA2026_benchmark/TERM_LASSO//lasso_traces_InitAscending02-Balaklija.bpl/lasso_trace_1.txt,TERMINATING,1.91,62.32,-,7.00,TERMINATING,1,1,2,Affine Template / Affine Template
ATVA2026_benchmark/TERM_LASSO//lasso_traces_InitEverySecond01-Lyman.bpl/lasso_trace_1.txt,TERMINATING,1.84,71.24,-,29.00,UNKNOWN,1,1,2,Affine Template
ATVA2026_benchmark/TERM_LASSO//lasso_traces_InitFourtytwo01-Rivne.bpl/lasso_trace_1.txt,TERMINATING,1.98,72.42,-,27.00,UNKNOWN,1,1,2,Affine Template
ATVA2026_benchmark/TERM_LASSO//lasso_traces_InitFourtytwo02-Debaltseve.bpl/lasso_trace_1.txt,TERMINATING,1.98,69.93,-,27.00,UNKNOWN,1,1,2,Affine Template
ATVA2026_benchmark/TERM_LASSO//lasso_traces_InitFourtytwo03-Sievierodonetsk.bpl/lasso_trace_1.txt,TERMINATING,1.88,68.31,-,29.00,UNKNOWN,1,1,2,Affine Template
ATVA2026_benchmark/TERM_LASSO//lasso_traces_InitFourtytwo05-Popasna.bpl/lasso_trace_1.txt,TERMINATING,1.92,68.25,-,28.00,UNKNOWN,1,1,2,Affine Template
ATVA2026_benchmark/TERM_LASSO//lasso_traces_InitFourtytwo06-Lysychansk.bpl/lasso_trace_1.txt,TERMINATING,2.10,74.77,-,31.00,UNKNOWN,1,1,2,Affine Template
ATVA2026_benchmark/TERM_LASSO//lasso_traces_InitFourtytwo07-Hirske.bpl/lasso_trace_1.txt,TERMINATING,2.07,72.31,-,28.00,UNKNOWN,1,1,2,Affine Template
ATVA2026_benchmark/TERM_LASSO//lasso_traces_InitFourtytwo08-Krynky.bpl/lasso_trace_1.txt,TERMINATING,2.21,62.58,-,35.00,UNKNOWN,1,1,2,Affine Template
ATVA2026_benchmark/TERM_LASSO//lasso_traces_InitQuantifierEliminationBug01-Avdiivka.bpl/lasso_trace_1.txt,TERMINATING,2.08,54.71,-,28.00,UNKNOWN,1,2,3,Affine Template
ATVA2026_benchmark/TERM_LASSO//lasso_traces_InliningPuzzle01-Inlined.bpl/lasso_trace_1.txt,TERMINATING,2.04,58.06,-,5.00,TERMINATING,0,2,2,Affine Template / Affine Template
ATVA2026_benchmark/TERM_LASSO//lasso_traces_InliningPuzzle01-WithProcedure.bpl/lasso_trace_1.txt,TERMINATING,1.75,59.62,-,4.00,TERMINATING,0,2,2,Affine Template / Affine Template
ATVA2026_benchmark/TERM_LASSO//lasso_traces_INT_add_vs_inc.bpl/lasso_trace_1.txt,TERMINATING,2.07,70.83,70.83,5.00,TERMINATING,1,1,2,Affine Template / Affine Template
ATVA2026_benchmark/TERM_LASSO//lasso_traces_interleave_bits.i_3.bplTransformedIcfg_BEv2_4.bpl/lasso_trace_1.txt,TERMINATING,2.04,78.34,85.55,8.00,TERMINATING,1,1,2,Affine Template / Affine Template
ATVA2026_benchmark/TERM_LASSO//lasso_traces_InterpolantConsolidation01.bpl/lasso_trace_1.txt,TERMINATING,2.12,49.98,42.76,5.00,TERMINATING,1,1,2,Affine Template / Affine Template
ATVA2026_benchmark/TERM_LASSO//lasso_traces_InterpolantConsolidation02.bpl/lasso_trace_1.txt,TERMINATING,2.37,76.92,63.86,8.00,TERMINATING,1,1,2,Affine Template / Affine Template
ATVA2026_benchmark/TERM_LASSO//lasso_traces_interpolationHostileLoop.bpl/lasso_trace_1.txt,TERMINATING,2.60,48.26,49.16,9.00,TERMINATING,1,1,2,Affine Template / Affine Template
ATVA2026_benchmark/TERM_LASSO//lasso_traces_INT_times_vs_add.bpl/lasso_trace_1.txt,TERMINATING,2.12,43.81,35.79,5.00,TERMINATING,1,2,3,Affine Template / Affine Template
ATVA2026_benchmark/TERM_LASSO//lasso_traces_INT_times_vs_add.bpl/lasso_trace_2.txt,TERMINATING,0.55,41.29,27.29,6.00,TERMINATING,2,1,3,Affine Template / Affine Template
ATVA2026_benchmark/TERM_LASSO//lasso_traces_INT_times_vs_add.bpl/lasso_trace_3.txt,TERMINATING,0.60,56.47,51.14,6.00,TERMINATING,2,1,3,Affine Template / Affine Template
ATVA2026_benchmark/TERM_LASSO//lasso_traces_Invariant01.bpl/lasso_trace_1.txt,TERMINATING,1.91,47.10,34.02,5.00,TERMINATING,1,2,3,Affine Template / Affine Template
ATVA2026_benchmark/TERM_LASSO//lasso_traces_InvariantSynthesis_LiveVarsHelpful02.bpl/lasso_trace_2.txt,TERMINATING,0.53,786.25,32.40,14.00,TERMINATING,2,1,3,2-Phase Template / Affine Template
ATVA2026_benchmark/TERM_LASSO//lasso_traces_InvariantSynthesis_WPHelpful01.bpl/lasso_trace_1.txt,TERMINATING,2.05,87.06,35.64,10.00,TERMINATING,1,1,2,Affine Template / Affine Template
ATVA2026_benchmark/TERM_LASSO//lasso_traces_InvariantSynthesis_WPHelpful02.bpl/lasso_trace_1.txt,TERMINATING,3.08,246.36,43.90,28.00,TERMINATING,1,1,2,Affine Template / Affine Template
ATVA2026_benchmark/TERM_LASSO//lasso_traces_invert_string.i_4.bpl/lasso_trace_1.txt,TERMINATING,2.57,75.17,-,11.00,TERMINATING,1,1,2,Affine Template / Affine Template
ATVA2026_benchmark/TERM_LASSO//lasso_traces_invert_string.i_4.bpl/lasso_trace_3.txt,TERMINATING,0.44,149.00,-,8.00,TERMINATING,3,1,4,Affine Template / Affine Template
ATVA2026_benchmark/TERM_LASSO//lasso_traces_IRS-Dep-BinaryRecursion.bpl/lasso_trace_1.txt,TERMINATING,1.96,27.94,42.25,4.00,TERMINATING,0,2,2,Affine Template / Affine Template
ATVA2026_benchmark/TERM_LASSO//lasso_traces_IRS-Dep-BinaryRecursion.bpl/lasso_trace_2.txt,TERMINATING,0.59,36.69,56.28,6.00,TERMINATING,1,2,3,Affine Template / Affine Template
ATVA2026_benchmark/TERM_LASSO//lasso_traces_IRS-Dep-BinaryRecursion.bpl/lasso_trace_3.txt,TERMINATING,0.36,36.96,29.07,8.00,TERMINATING,6,6,12,Affine Template / Affine Template
ATVA2026_benchmark/TERM_LASSO//lasso_traces_IRS-Dep-BinaryRecursion.bpl/lasso_trace_5.txt,TERMINATING,0.28,38.98,74.01,8.00,TERMINATING,15,6,21,Affine Template / Affine Template
ATVA2026_benchmark/TERM_LASSO//lasso_traces_IRS-Dep-NestedLoop.bpl/lasso_trace_2.txt,TERMINATING,1.07,33.10,30.38,8.00,TERMINATING,4,1,5,Affine Template / Affine Template
ATVA2026_benchmark/TERM_LASSO//lasso_traces_IRS-Dep-SimpleLoop.bpl/lasso_trace_1.txt,TERMINATING,1.95,51.74,41.04,4.00,TERMINATING,2,1,3,Affine Template / Affine Template
ATVA2026_benchmark/TERM_LASSO//lasso_traces_IRS-Dep-Test.bpl/lasso_trace_1.txt,TERMINATING,2.20,50.71,35.46,4.00,TERMINATING,2,1,3,Affine Template / Affine Template
ATVA2026_benchmark/TERM_LASSO//lasso_traces_jain_5.i_2.bplTransformedIcfg_BEv2_4.bpl/lasso_trace_1.txt,TERMINATING,2.13,94.67,34.57,20.00,TERMINATING,1,2,3,Affine Template / Affine Template
ATVA2026_benchmark/TERM_LASSO//lasso_traces_jm2006.c.i_3.bpl/lasso_trace_1.txt,TERMINATING,2.70,126.14,62.25,14.00,TERMINATING,1,1,2,Affine Template / Affine Template
ATVA2026_benchmark/TERM_LASSO//lasso_traces_jm2006.c.i_3.bplTransformedIcfg_BEv2_3.bpl/lasso_trace_1.txt,TERMINATING,2.37,119.33,61.62,14.00,TERMINATING,1,1,2,Affine Template / Affine Template
ATVA2026_benchmark/TERM_LASSO//lasso_traces_jm2006_variant.c.i_3.bpl/lasso_trace_1.txt,TERMINATING,2.42,140.34,102.58,18.00,TERMINATING,1,1,2,Affine Template / Affine Template
ATVA2026_benchmark/TERM_LASSO//lasso_traces_jm2006_variant.c.i_3.bplTransformedIcfg_BEv2_3.bpl/lasso_trace_1.txt,TERMINATING,3.06,133.33,105.56,17.00,TERMINATING,1,1,2,Affine Template / Affine Template
ATVA2026_benchmark/TERM_LASSO//lasso_traces_Jordan10IncreaseStepSafe.bpl/lasso_trace_1.txt,TERMINATING,2.11,48.01,40.37,5.00,TERMINATING,1,1,2,Affine Template / Affine Template
ATVA2026_benchmark/TERM_LASSO//lasso_traces_Jordan11IncreaseStepUnsafe.bpl/lasso_trace_1.txt,TERMINATING,1.93,52.71,33.94,5.00,TERMINATING,1,1,2,Affine Template / Affine Template
ATVA2026_benchmark/TERM_LASSO//lasso_traces_Jordan18SimultaneousDecrease.bpl/lasso_trace_1.txt,TERMINATING,2.05,42.05,33.79,5.00,TERMINATING,1,1,2,Affine Template / Affine Template
ATVA2026_benchmark/TERM_LASSO//lasso_traces_Jordan29BugTerminatorAmir.bpl/lasso_trace_1.txt,TERMINATING,1.95,24.29,64.35,5.00,TERMINATING,1,1,2,Affine Template / Affine Template
ATVA2026_benchmark/TERM_LASSO//lasso_traces_Kappel-decreasebyProc_true-termination.bpl/lasso_trace_1.txt,TERMINATING,1.92,30.72,36.19,4.00,TERMINATING,0,4,4,Affine Template / Affine Template
ATVA2026_benchmark/TERM_LASSO//lasso_traces_Khartoum.bpl/lasso_trace_1.txt,TERMINATING,1.73,66.51,33.97,5.00,TERMINATING,0,1,1,2-Nested Template / 2-Nested Template
ATVA2026_benchmark/TERM_LASSO//lasso_traces_Kinshasa.bpl/lasso_trace_1.txt,TERMINATING,1.67,30.31,32.95,3.00,TERMINATING,0,1,1,Affine Template / Affine Template
ATVA2026_benchmark/TERM_LASSO//lasso_traces_LargeConstant-ForwardSuccess.bpl/lasso_trace_1.txt,TERMINATING,3.27,45.34,-,8.00,TERMINATING,1,1,2,Affine Template / Affine Template
ATVA2026_benchmark/TERM_LASSO//lasso_traces_large_const.i_3.bpl/lasso_trace_1.txt,TERMINATING,2.20,169.90,66.31,14.00,TERMINATING,1,1,2,Affine Template / Affine Template
ATVA2026_benchmark/TERM_LASSO//lasso_traces_large_const.i_3.bplTransformedIcfg_BEv2_2.bpl/lasso_trace_1.txt,TERMINATING,2.16,185.07,65.36,13.00,TERMINATING,1,1,2,Affine Template / Affine Template
ATVA2026_benchmark/TERM_LASSO//lasso_traces_large_const.i_4.bpl/lasso_trace_1.txt,TERMINATING,2.20,169.34,198.23,9.00,TERMINATING,1,1,2,Affine Template / Affine Template
ATVA2026_benchmark/TERM_LASSO//lasso_traces_large_const.i_5.bpl/lasso_trace_1.txt,TERMINATING,2.27,164.02,187.10,10.00,TERMINATING,1,1,2,Affine Template / Affine Template
ATVA2026_benchmark/TERM_LASSO//lasso_traces_LeUserDefRec.bpl/lasso_trace_1.txt,TERMINATING,1.69,120.24,98.89,7.00,TERMINATING,0,4,4,Affine Template / Affine Template
ATVA2026_benchmark/TERM_LASSO//lasso_traces_lex2withoutHavoc_true-termination.bpl/lasso_trace_1.txt,TERMINATING,1.86,33.27,39.28,7.00,TERMINATING,0,1,1,Affine Template / Affine Template
ATVA2026_benchmark/TERM_LASSO//lasso_traces_lex2withProc_true-termination.bpl/lasso_trace_1.txt,TERMINATING,2.11,27.41,35.32,5.00,TERMINATING,0,4,4,Affine Template / Affine Template
ATVA2026_benchmark/TERM_LASSO//lasso_traces_lex2withProc_true-termination.bpl/lasso_trace_2.txt,TERMINATING,0.53,50.83,55.79,8.00,TERMINATING,2,5,7,Affine Template / Affine Template
ATVA2026_benchmark/TERM_LASSO//lasso_traces_lex2withProc_true-termination.bpl/lasso_trace_3.txt,TERMINATING,0.33,41.59,39.21,7.00,TERMINATING,9,4,13,Affine Template / Affine Template
ATVA2026_benchmark/TERM_LASSO//lasso_traces_lex2withProc_true-termination.bpl/lasso_trace_4.txt,TERMINATING,0.35,28.95,28.05,7.00,TERMINATING,13,4,17,Affine Template / Affine Template
ATVA2026_benchmark/TERM_LASSO//lasso_traces_lex4withoutHavoc_true-termination.bpl/lasso_trace_1.txt,TERMINATING,1.95,37.10,46.49,21.00,TERMINATING,0,1,1,Affine Template / Affine Template
ATVA2026_benchmark/TERM_LASSO//lasso_traces_LexConj-Ben-Amram.bpl/lasso_trace_1.txt,TERMINATING,1.99,29.07,39.47,7.00,TERMINATING,0,1,1,Affine Template / Affine Template
ATVA2026_benchmark/TERM_LASSO//lasso_traces_LexIndexValue-Pointer-Reduced.bpl/lasso_trace_1.txt,TERMINATING,2.34,50.83,36.62,6.00,TERMINATING,1,2,3,Affine Template / Affine Template
ATVA2026_benchmark/TERM_LASSO//lasso_traces_Limoges-Velo_true-termination.bpl/lasso_trace_1.txt,TERMINATING,1.94,32.27,35.55,4.00,TERMINATING,0,1,1,Affine Template / Affine Template
ATVA2026_benchmark/TERM_LASSO//lasso_traces_linRakWithNonTrivialSI01.bpl/lasso_trace_1.txt,TERMINATING,2.11,45.76,40.86,6.00,TERMINATING,1,1,2,Affine Template / Affine Template
ATVA2026_benchmark/TERM_LASSO//lasso_traces_Lobnya-Boolean.bpl/lasso_trace_1.txt,TERMINATING,1.80,40.65,35.60,4.00,TERMINATING,0,1,1,Affine Template / Affine Template
ATVA2026_benchmark/TERM_LASSO//lasso_traces_Lobnya-Boolean-Reordered.bpl/lasso_trace_1.txt,TERMINATING,1.78,290.46,34.60,31.00,UNKNOWN,0,1,1,2-Phase Template
ATVA2026_benchmark/TERM_LASSO//lasso_traces_loop-110517_Martin01.bpl/lasso_trace_1.txt,TERMINATING,1.99,51.88,35.54,5.00,TERMINATING,1,2,3,Affine Template / Affine Template
ATVA2026_benchmark/TERM_LASSO//lasso_traces_loop-110517_Martin01-safe.bpl/lasso_trace_1.txt,TERMINATING,2.01,44.14,44.14,5.00,TERMINATING,1,1,2,Affine Template / Affine Template
ATVA2026_benchmark/TERM_LASSO//lasso_traces_Loop1.bpl/lasso_trace_1.txt,TERMINATING,3.07,51.12,-,6.00,TERMINATING,1,2,3,Affine Template / Affine Template
ATVA2026_benchmark/TERM_LASSO//lasso_traces_loop1Safe.bpl/lasso_trace_1.txt,TERMINATING,1.90,44.64,37.26,6.00,TERMINATING,1,1,2,Affine Template / Affine Template
ATVA2026_benchmark/TERM_LASSO//lasso_traces_loop1Unsafe.bpl/lasso_trace_1.txt,TERMINATING,1.94,78.97,36.54,9.00,TERMINATING,1,1,2,Affine Template / Affine Template
ATVA2026_benchmark/TERM_LASSO//lasso_traces_loop2.bpl/lasso_trace_1.txt,TERMINATING,1.79,49.37,37.20,6.00,TERMINATING,1,1,2,Affine Template / Affine Template
ATVA2026_benchmark/TERM_LASSO//lasso_traces_loop2Safe.bpl/lasso_trace_1.txt,TERMINATING,1.82,50.87,42.63,5.00,TERMINATING,1,1,2,Affine Template / Affine Template
ATVA2026_benchmark/TERM_LASSO//lasso_traces_loop2Unsafe.bpl/lasso_trace_1.txt,TERMINATING,1.78,43.94,41.98,6.00,TERMINATING,1,1,2,Affine Template / Affine Template
ATVA2026_benchmark/TERM_LASSO//lasso_traces_loop3.bpl/lasso_trace_1.txt,TERMINATING,1.86,46.12,40.06,5.00,TERMINATING,1,1,2,Affine Template / Affine Template
ATVA2026_benchmark/TERM_LASSO//lasso_traces_loopAccelerationAbstractPathConditions.bpl/lasso_trace_1.txt,TERMINATING,2.31,86.90,-,14.00,TERMINATING,1,1,2,Affine Template / Affine Template
ATVA2026_benchmark/TERM_LASSO//lasso_traces_loop-CountTillBound-2.bpl/lasso_trace_1.txt,TERMINATING,2.27,52.51,52.65,7.00,TERMINATING,1,2,3,Affine Template / Affine Template
ATVA2026_benchmark/TERM_LASSO//lasso_traces_loopf.bpl/lasso_trace_1.txt,TERMINATING,0.59,43.81,27.68,30.00,UNKNOWN,2,1,3,Affine Template
ATVA2026_benchmark/TERM_LASSO//lasso_traces_loop-Goto.bpl/lasso_trace_1.txt,TERMINATING,2.12,52.28,41.47,7.00,TERMINATING,1,2,3,Affine Template / Affine Template
ATVA2026_benchmark/TERM_LASSO//lasso_traces_loop-literal-widening.bpl/lasso_trace_1.txt,TERMINATING,1.92,57.43,35.99,6.00,TERMINATING,1,1,2,Affine Template / Affine Template
ATVA2026_benchmark/TERM_LASSO//lasso_traces_loop-literal-widening-predicate-weakening.bpl/lasso_trace_1.txt,TERMINATING,3.07,45.69,33.65,6.00,TERMINATING,1,1,2,Affine Template / Affine Template
ATVA2026_benchmark/TERM_LASSO//lasso_traces_loop-lockstep-example.bpl/lasso_trace_1.txt,TERMINATING,2.66,66.60,65.69,6.00,TERMINATING,3,6,9,Affine Template / Affine Template
ATVA2026_benchmark/TERM_LASSO//lasso_traces_loop-lockstep-example.bpl/lasso_trace_2.txt,TERMINATING,0.49,76.78,27.80,7.00,TERMINATING,4,3,7,Affine Template / Affine Template
ATVA2026_benchmark/TERM_LASSO//lasso_traces_loop-nested-assume-safe.bpl/lasso_trace_1.txt,TERMINATING,1.99,41.52,32.64,7.00,TERMINATING,1,5,6,Affine Template / Affine Template
ATVA2026_benchmark/TERM_LASSO//lasso_traces_loop-nested-assume-unsafe.bpl/lasso_trace_1.txt,TERMINATING,2.08,40.62,40.53,6.00,TERMINATING,1,5,6,Affine Template / Affine Template
ATVA2026_benchmark/TERM_LASSO//lasso_traces_loop-nondet.bpl/lasso_trace_1.txt,TERMINATING,2.48,65.74,37.07,10.00,TERMINATING,1,2,3,Affine Template / Affine Template
ATVA2026_benchmark/TERM_LASSO//lasso_traces_loopNondetInitVal.bpl/lasso_trace_1.txt,TERMINATING,1.78,30.42,32.40,4.00,TERMINATING,0,1,1,Affine Template / Affine Template
ATVA2026_benchmark/TERM_LASSO//lasso_traces_loop-procedure.bpl/lasso_trace_1.txt,TERMINATING,2.06,80.63,35.19,7.00,TERMINATING,1,4,5,Affine Template / Affine Template
ATVA2026_benchmark/TERM_LASSO//lasso_traces_loopSeveralExits.bpl/lasso_trace_1.txt,TERMINATING,2.65,40.04,40.34,11.00,TERMINATING,0,5,5,Affine Template / Affine Template
ATVA2026_benchmark/TERM_LASSO//lasso_traces_loop-skips-unsafe.bpl/lasso_trace_1.txt,TERMINATING,1.83,68.11,38.77,7.00,TERMINATING,1,3,4,Affine Template / Affine Template
ATVA2026_benchmark/TERM_LASSO//lasso_traces_loopWithAssertion.bpl/lasso_trace_1.txt,TERMINATING,1.77,50.80,34.24,5.00,TERMINATING,1,2,3,Affine Template / Affine Template
ATVA2026_benchmark/TERM_LASSO//lasso_traces_loopWithBreak.bpl/lasso_trace_1.txt,TERMINATING,2.11,75.93,35.06,7.00,TERMINATING,1,2,3,Affine Template / Affine Template
ATVA2026_benchmark/TERM_LASSO//lasso_traces_loopWithConstantAssignment.bpl/lasso_trace_1.txt,TERMINATING,2.05,44.52,38.02,6.00,TERMINATING,1,1,2,Affine Template / Affine Template
ATVA2026_benchmark/TERM_LASSO//lasso_traces_loopWithNondeterministicBranch.bpl/lasso_trace_1.txt,TERMINATING,1.98,46.54,34.75,11.00,TERMINATING,1,1,2,Affine Template / Affine Template
ATVA2026_benchmark/TERM_LASSO//lasso_traces_loopWithRemainingQuantifiers.bpl/lasso_trace_1.txt,TERMINATING,2.16,47.74,34.89,6.00,TERMINATING,1,1,2,Affine Template / Affine Template
ATVA2026_benchmark/TERM_LASSO//lasso_traces_loopWithUnreachableBranch.bpl/lasso_trace_1.txt,TERMINATING,2.10,42.29,35.58,7.00,TERMINATING,1,1,2,Affine Template / Affine Template
ATVA2026_benchmark/TERM_LASSO//lasso_traces_LUJJLR.bpl/lasso_trace_2.txt,TERMINATING,1.96,3189.79,-,190.00,UNKNOWN,1,3,4,Affine Template
ATVA2026_benchmark/TERM_LASSO//lasso_traces_LUJLRJ.bpl/lasso_trace_1.txt,TERMINATING,1.86,3156.81,-,180.00,UNKNOWN,1,2,3,Affine Template
ATVA2026_benchmark/TERM_LASSO//lasso_traces_ManyFactsAboutX.bpl/lasso_trace_1.txt,TERMINATING,2.29,70.51,49.33,14.00,TERMINATING,1,1,2,Affine Template / Affine Template
ATVA2026_benchmark/TERM_LASSO//lasso_traces_ManyFactsAboutX_incorrect.bpl/lasso_trace_1.txt,TERMINATING,3.09,71.43,49.98,27.00,TERMINATING,1,1,2,Affine Template / Affine Template
ATVA2026_benchmark/TERM_LASSO//lasso_traces_map-aggr-update1-2modifiers.bpl/lasso_trace_1.txt,TERMINATING,2.66,56.62,-,9.00,TERMINATING,3,3,6,Affine Template / Affine Template
ATVA2026_benchmark/TERM_LASSO//lasso_traces_map-aggr-update1-2modifiers.bpl/lasso_trace_2.txt,TERMINATING,0.49,109.45,-,38.00,UNKNOWN,5,3,8,Affine Template
ATVA2026_benchmark/TERM_LASSO//lasso_traces_map-aggr-update1-2modifiers.bpl/lasso_trace_3.txt,TERMINATING,0.55,91.23,-,9.00,TERMINATING,5,4,9,Affine Template / Affine Template
ATVA2026_benchmark/TERM_LASSO//lasso_traces_map-aggr-update1-2modifiers.bpl/lasso_trace_4.txt,TERMINATING,0.55,110.70,-,49.00,UNKNOWN,6,3,9,Affine Template
ATVA2026_benchmark/TERM_LASSO//lasso_traces_map-aggr-update1-3modifiers.bpl/lasso_trace_1.txt,TERMINATING,2.45,51.76,-,9.00,TERMINATING,3,3,6,Affine Template / Affine Template
ATVA2026_benchmark/TERM_LASSO//lasso_traces_map-aggr-update1-3modifiers.bpl/lasso_trace_2.txt,TERMINATING,0.86,72.29,-,10.00,TERMINATING,5,4,9,Affine Template / Affine Template
ATVA2026_benchmark/TERM_LASSO//lasso_traces_map-aggr-update1-3modifiers.bpl/lasso_trace_3.txt,TERMINATING,0.51,164.29,-,44.00,UNKNOWN,5,3,8,Affine Template
ATVA2026_benchmark/TERM_LASSO//lasso_traces_map-aggr-update1-3modifiers.bpl/lasso_trace_4.txt,TERMINATING,0.41,215.33,-,50.00,UNKNOWN,6,3,9,Affine Template
ATVA2026_benchmark/TERM_LASSO//lasso_traces_map-aggr-update1-3modifiers.bpl/lasso_trace_5.txt,TERMINATING,0.38,95.77,-,51.00,UNKNOWN,7,3,10,Affine Template
ATVA2026_benchmark/TERM_LASSO//lasso_traces_map-aggr-update1-4modifiers.bpl/lasso_trace_1.txt,TERMINATING,2.69,53.76,-,9.00,TERMINATING,3,3,6,Affine Template / Affine Template
ATVA2026_benchmark/TERM_LASSO//lasso_traces_map-aggr-update1-4modifiers.bpl/lasso_trace_2.txt,TERMINATING,0.77,115.53,-,40.00,UNKNOWN,5,3,8,Affine Template
ATVA2026_benchmark/TERM_LASSO//lasso_traces_map-aggr-update1-4modifiers.bpl/lasso_trace_3.txt,TERMINATING,0.49,171.47,-,10.00,TERMINATING,5,4,9,Affine Template / Affine Template
ATVA2026_benchmark/TERM_LASSO//lasso_traces_map-aggr-update1.bpl/lasso_trace_1.txt,TERMINATING,1.99,67.99,-,43.00,UNKNOWN,3,3,6,Affine Template
ATVA2026_benchmark/TERM_LASSO//lasso_traces_map-aggr-update1.bpl/lasso_trace_2.txt,TERMINATING,0.45,107.84,-,41.00,UNKNOWN,5,3,8,Affine Template
ATVA2026_benchmark/TERM_LASSO//lasso_traces_map-aggr-update1.bpl/lasso_trace_3.txt,TERMINATING,0.88,90.37,-,10.00,TERMINATING,5,4,9,Affine Template / Affine Template
ATVA2026_benchmark/TERM_LASSO//lasso_traces_map-aggr-update2.bpl/lasso_trace_1.txt,TERMINATING,1.90,79.66,-,41.00,UNKNOWN,3,3,6,Affine Template
ATVA2026_benchmark/TERM_LASSO//lasso_traces_map-aggr-update2.bpl/lasso_trace_2.txt,TERMINATING,0.69,119.38,-,25.00,TERMINATING,5,3,8,Affine Template / Affine Template
ATVA2026_benchmark/TERM_LASSO//lasso_traces_map-aggr-update2.bpl/lasso_trace_3.txt,TERMINATING,0.58,113.66,-,41.00,UNKNOWN,5,3,8,Affine Template
ATVA2026_benchmark/TERM_LASSO//lasso_traces_map-aggr-update3.bpl/lasso_trace_1.txt,TERMINATING,2.14,61.29,-,8.00,TERMINATING,3,3,6,Affine Template / Affine Template
ATVA2026_benchmark/TERM_LASSO//lasso_traces_map-comp.bpl/lasso_trace_1.txt,TERMINATING,2.12,56.24,-,8.00,TERMINATING,4,3,7,Affine Template / Affine Template
ATVA2026_benchmark/TERM_LASSO//lasso_traces_map-comp.bpl/lasso_trace_2.txt,TERMINATING,0.48,41.21,-,11.00,TERMINATING,5,3,8,Affine Template / Affine Template
ATVA2026_benchmark/TERM_LASSO//lasso_traces_map-comp.bpl/lasso_trace_3.txt,TERMINATING,0.92,82.53,-,9.00,TERMINATING,6,3,9,Affine Template / Affine Template
ATVA2026_benchmark/TERM_LASSO//lasso_traces_map-incr-decr.bpl/lasso_trace_1.txt,TERMINATING,2.04,75.29,-,6.00,TERMINATING,5,3,8,Affine Template / Affine Template
ATVA2026_benchmark/TERM_LASSO//lasso_traces_map-incr-decr.bpl/lasso_trace_2.txt,TERMINATING,0.84,106.12,-,8.00,TERMINATING,6,3,9,Affine Template / Affine Template
ATVA2026_benchmark/TERM_LASSO//lasso_traces_map-incr-split.bpl/lasso_trace_1.txt,TERMINATING,2.34,52.15,-,6.00,TERMINATING,4,3,7,Affine Template / Affine Template
ATVA2026_benchmark/TERM_LASSO//lasso_traces_map-incr-split.bpl/lasso_trace_2.txt,TERMINATING,0.69,53.05,-,8.00,TERMINATING,5,3,8,Affine Template / Affine Template
ATVA2026_benchmark/TERM_LASSO//lasso_traces_Maxrank3Insuffient.bpl/lasso_trace_1.txt,TERMINATING,0.78,83.13,29.56,14.00,TERMINATING,1,1,2,Affine Template / Affine Template
ATVA2026_benchmark/TERM_LASSO//lasso_traces_max-tailsum2.bpl/lasso_trace_1.txt,TERMINATING,2.21,97.06,-,19.00,TERMINATING,5,4,9,Affine Template / Affine Template
ATVA2026_benchmark/TERM_LASSO//lasso_traces_max-tailsum2.bpl/lasso_trace_2.txt,TERMINATING,0.55,78.74,-,20.00,TERMINATING,6,4,10,Affine Template / Affine Template
ATVA2026_benchmark/TERM_LASSO//lasso_traces_max-tailsum3.bpl/lasso_trace_1.txt,TERMINATING,2.86,82.84,-,15.00,TERMINATING,5,4,9,Affine Template / Affine Template
ATVA2026_benchmark/TERM_LASSO//lasso_traces_max-tailsum3.bpl/lasso_trace_2.txt,TERMINATING,0.52,111.52,-,20.00,TERMINATING,6,4,10,Affine Template / Affine Template
ATVA2026_benchmark/TERM_LASSO//lasso_traces_max-tailsum3.bpl/lasso_trace_3.txt,TERMINATING,0.51,180.14,-,29.00,TERMINATING,7,4,11,Affine Template / Affine Template
ATVA2026_benchmark/TERM_LASSO//lasso_traces_max-tailsum4.bpl/lasso_trace_1.txt,TERMINATING,2.01,108.38,-,15.00,TERMINATING,5,4,9,Affine Template / Affine Template
ATVA2026_benchmark/TERM_LASSO//lasso_traces_max-tailsum4.bpl/lasso_trace_2.txt,TERMINATING,0.52,59.98,-,23.00,TERMINATING,6,4,10,Affine Template / Affine Template
ATVA2026_benchmark/TERM_LASSO//lasso_traces_max-tailsum4.bpl/lasso_trace_3.txt,TERMINATING,0.42,181.83,-,25.00,TERMINATING,7,4,11,Affine Template / Affine Template
ATVA2026_benchmark/TERM_LASSO//lasso_traces_max-tailsum4.bpl/lasso_trace_4.txt,TERMINATING,0.59,168.04,-,48.00,TERMINATING,8,4,12,Affine Template / Affine Template
ATVA2026_benchmark/TERM_LASSO//lasso_traces_max-tailsum5.bpl/lasso_trace_1.txt,TERMINATING,2.62,100.11,-,22.00,TERMINATING,5,4,9,Affine Template / Affine Template
ATVA2026_benchmark/TERM_LASSO//lasso_traces_max-tailsum5.bpl/lasso_trace_2.txt,TERMINATING,0.50,58.04,-,23.00,TERMINATING,6,4,10,Affine Template / Affine Template
ATVA2026_benchmark/TERM_LASSO//lasso_traces_max-tailsum5.bpl/lasso_trace_3.txt,TERMINATING,0.58,180.97,-,37.00,TERMINATING,7,4,11,Affine Template / Affine Template
ATVA2026_benchmark/TERM_LASSO//lasso_traces_max-tailsum5.bpl/lasso_trace_4.txt,TERMINATING,0.71,125.70,-,36.00,TERMINATING,8,4,12,Affine Template / Affine Template
ATVA2026_benchmark/TERM_LASSO//lasso_traces_max-tailsum5.bpl/lasso_trace_5.txt,TERMINATING,0.60,84.64,-,63.00,TERMINATING,9,4,13,Affine Template / Affine Template
ATVA2026_benchmark/TERM_LASSO//lasso_traces_McCarthy91.bpl/lasso_trace_1.txt,TERMINATING,2.26,26.04,51.10,4.00,TERMINATING,0,2,2,Affine Template / Affine Template
ATVA2026_benchmark/TERM_LASSO//lasso_traces_McCarthy91.bpl/lasso_trace_2.txt,TERMINATING,0.66,42.21,29.92,8.00,TERMINATING,5,6,11,Affine Template / Affine Template
ATVA2026_benchmark/TERM_LASSO//lasso_traces_McCarthy91.bpl/lasso_trace_4.txt,TERMINATING,0.33,34.64,32.83,6.00,TERMINATING,20,6,26,Affine Template / Affine Template
ATVA2026_benchmark/TERM_LASSO//lasso_traces_McCarthy91_Main.bpl/lasso_trace_1.txt,TERMINATING,2.58,30.71,55.50,4.00,TERMINATING,0,2,2,Affine Template / Affine Template
ATVA2026_benchmark/TERM_LASSO//lasso_traces_McCarthy91_Main.bpl/lasso_trace_2.txt,TERMINATING,0.51,56.43,53.97,5.00,TERMINATING,1,2,3,Affine Template / Affine Template
ATVA2026_benchmark/TERM_LASSO//lasso_traces_McCarthy91_Main.bpl/lasso_trace_3.txt,TERMINATING,0.33,40.64,42.78,6.00,TERMINATING,6,6,12,Affine Template / Affine Template
ATVA2026_benchmark/TERM_LASSO//lasso_traces_McCarthy91_Main.bpl/lasso_trace_5.txt,TERMINATING,0.35,39.85,49.49,11.00,TERMINATING,15,6,21,Affine Template / Affine Template
ATVA2026_benchmark/TERM_LASSO//lasso_traces_McCarthy91_Main_WithConst.bpl/lasso_trace_1.txt,TERMINATING,2.28,29.91,53.47,4.00,TERMINATING,0,2,2,Affine Template / Affine Template
ATVA2026_benchmark/TERM_LASSO//lasso_traces_McCarthy91_Main_WithConst.bpl/lasso_trace_2.txt,TERMINATING,0.40,61.89,67.17,5.00,TERMINATING,2,2,4,Affine Template / Affine Template
ATVA2026_benchmark/TERM_LASSO//lasso_traces_McCarthy91_Main_WithConst.bpl/lasso_trace_3.txt,TERMINATING,0.40,40.68,27.13,7.00,TERMINATING,6,2,8,Affine Template / Affine Template
ATVA2026_benchmark/TERM_LASSO//lasso_traces_McCarthy91_Main_WithConst.bpl/lasso_trace_4.txt,TERMINATING,0.29,35.57,35.43,7.00,TERMINATING,15,6,21,Affine Template / Affine Template
ATVA2026_benchmark/TERM_LASSO//lasso_traces_McCarthy91_RecursiveAndImperative.bpl/lasso_trace_1.txt,TERMINATING,2.24,34.54,66.95,5.00,TERMINATING,0,2,2,Affine Template / Affine Template
ATVA2026_benchmark/TERM_LASSO//lasso_traces_McCarthy91_RecursiveAndImperative.bpl/lasso_trace_2.txt,TERMINATING,0.45,52.17,53.36,7.00,TERMINATING,1,2,3,Affine Template / Affine Template
ATVA2026_benchmark/TERM_LASSO//lasso_traces_McCarthy91_RecursiveAndImperative.bpl/lasso_trace_3.txt,TERMINATING,0.43,55.77,53.84,9.00,TERMINATING,6,2,8,Affine Template / Affine Template
ATVA2026_benchmark/TERM_LASSO//lasso_traces_McCarthy91_RecursiveAndImperative.bpl/lasso_trace_4.txt,TERMINATING,0.41,49.55,28.37,13.00,TERMINATING,15,6,21,Affine Template / Affine Template
ATVA2026_benchmark/TERM_LASSO//lasso_traces_McCarthy91_true-termination.bpl/lasso_trace_1.txt,TERMINATING,2.31,26.59,48.96,4.00,TERMINATING,0,2,2,Affine Template / Affine Template
ATVA2026_benchmark/TERM_LASSO//lasso_traces_McCarthy91_true-termination.bpl/lasso_trace_2.txt,TERMINATING,0.48,36.41,36.74,8.00,TERMINATING,5,6,11,Affine Template / Affine Template
ATVA2026_benchmark/TERM_LASSO//lasso_traces_McCarthy91_true-termination.bpl/lasso_trace_4.txt,TERMINATING,0.34,31.40,25.88,7.00,TERMINATING,20,6,26,Affine Template / Affine Template
ATVA2026_benchmark/TERM_LASSO//lasso_traces_McCarthy91-withSpecification.bpl/lasso_trace_1.txt,TERMINATING,1.92,28.68,38.72,3.00,TERMINATING,0,2,2,Affine Template / Affine Template
ATVA2026_benchmark/TERM_LASSO//lasso_traces_McCarthy91-withSpecification.bpl/lasso_trace_2.txt,TERMINATING,0.38,36.60,30.20,7.00,TERMINATING,6,7,13,Affine Template / Affine Template
ATVA2026_benchmark/TERM_LASSO//lasso_traces_McCarthy91-withSpecification.bpl/lasso_trace_4.txt,TERMINATING,0.41,45.24,40.40,7.00,TERMINATING,24,7,31,Affine Template / Affine Template
ATVA2026_benchmark/TERM_LASSO//lasso_traces_MenloPark2.bpl/lasso_trace_1.txt,TERMINATING,2.33,47.57,38.45,9.00,TERMINATING,1,1,2,Affine Template / Affine Template
ATVA2026_benchmark/TERM_LASSO//lasso_traces_MenloPark.bpl/lasso_trace_1.txt,TERMINATING,2.54,108.56,37.70,12.00,TERMINATING,1,1,2,2-Nested Template / 3-Nested Template
ATVA2026_benchmark/TERM_LASSO//lasso_traces_min2-max2-sample.bpl/lasso_trace_1.txt,TERMINATING,3.30,54.90,-,11.00,TERMINATING,3,2,5,Affine Template / Affine Template
ATVA2026_benchmark/TERM_LASSO//lasso_traces_min2-max2-sample.bpl/lasso_trace_2.txt,TERMINATING,0.67,65.25,-,13.00,TERMINATING,4,2,6,Affine Template / Affine Template
ATVA2026_benchmark/TERM_LASSO//lasso_traces_min-max-inc.wvr.bpl/lasso_trace_1.txt,TERMINATING,2.48,59.70,-,10.00,TERMINATING,4,2,6,Affine Template / Affine Template
ATVA2026_benchmark/TERM_LASSO//lasso_traces_min-max-inc.wvr.bpl/lasso_trace_2.txt,TERMINATING,0.57,845.15,-,65.00,TERMINATING,4,2,6,Affine Template / Affine Template
ATVA2026_benchmark/TERM_LASSO//lasso_traces_min-max-inc.wvr.bpl/lasso_trace_3.txt,TERMINATING,0.43,836.67,-,76.00,TERMINATING,5,2,7,Affine Template / Affine Template
ATVA2026_benchmark/TERM_LASSO//lasso_traces_min-max-sample-abs.bpl/lasso_trace_1.txt,TERMINATING,2.18,12728.33,-,103.00,TERMINATING,3,3,6,Affine Template / Affine Template
ATVA2026_benchmark/TERM_LASSO//lasso_traces_min-max-sample-abs.bpl/lasso_trace_2.txt,TERMINATING,0.49,14450.01,-,133.00,TERMINATING,4,3,7,Affine Template / Affine Template
ATVA2026_benchmark/TERM_LASSO//lasso_traces_min-max-sample-abs.bpl/lasso_trace_3.txt,TERMINATING,0.56,162.05,-,19.00,TERMINATING,5,3,8,Affine Template / Affine Template
ATVA2026_benchmark/TERM_LASSO//lasso_traces_min-max-split-sample.bpl/lasso_trace_1.txt,TERMINATING,1.97,1083.97,-,62.00,TERMINATING,5,2,7,Affine Template / Affine Template
ATVA2026_benchmark/TERM_LASSO//lasso_traces_min-max-split-sample.bpl/lasso_trace_2.txt,TERMINATING,0.47,1131.77,-,66.00,TERMINATING,6,2,8,Affine Template / Affine Template
ATVA2026_benchmark/TERM_LASSO//lasso_traces_min-max-split-sample.bpl/lasso_trace_3.txt,TERMINATING,0.40,1013.83,-,80.00,TERMINATING,7,2,9,Affine Template / Affine Template
ATVA2026_benchmark/TERM_LASSO//lasso_traces_MirabelleConcurrentIncrement.bpl/lasso_trace_1.txt,TERMINATING,2.17,58.65,54.84,5.00,TERMINATING,2,2,4,Affine Template / Affine Template
ATVA2026_benchmark/TERM_LASSO//lasso_traces_MirabelleConcurrentIncrement.bpl/lasso_trace_2.txt,TERMINATING,0.42,58.31,53.40,8.00,TERMINATING,3,2,5,Affine Template / Affine Template
ATVA2026_benchmark/TERM_LASSO//lasso_traces_MonadicInvariant01.bpl/lasso_trace_1.txt,TERMINATING,2.09,51.27,43.12,7.00,TERMINATING,1,2,3,Affine Template / Affine Template
ATVA2026_benchmark/TERM_LASSO//lasso_traces_moreSimplifiedDifficultChar.bpl/lasso_trace_1.txt,TERMINATING,2.09,1670.85,-,155.00,UNKNOWN,3,3,6,Affine Template
ATVA2026_benchmark/TERM_LASSO//lasso_traces_Moscow.bpl/lasso_trace_1.txt,TERMINATING,2.02,47.23,42.18,6.00,TERMINATING,1,1,2,Affine Template / Affine Template
ATVA2026_benchmark/TERM_LASSO//lasso_traces_motivating-slowitp.bpl/lasso_trace_1.txt,TERMINATING,1.92,57.59,-,39.00,UNKNOWN,3,2,5,Affine Template
ATVA2026_benchmark/TERM_LASSO//lasso_traces_motivating-slowitp.bpl/lasso_trace_2.txt,TERMINATING,0.68,104.79,-,9.00,TERMINATING,5,2,7,Affine Template / Affine Template
ATVA2026_benchmark/TERM_LASSO//lasso_traces_motivating-slowitp.bpl/lasso_trace_3.txt,TERMINATING,0.50,88.87,-,32.00,TERMINATING,5,2,7,Affine Template / Affine Template
ATVA2026_benchmark/TERM_LASSO//lasso_traces_Mult1-Safe.bpl/lasso_trace_1.txt,TERMINATING,2.01,59.09,48.65,5.00,TERMINATING,1,1,2,Affine Template / Affine Template
ATVA2026_benchmark/TERM_LASSO//lasso_traces_MultiPhase1.bpl/lasso_trace_1.txt,TERMINATING,1.92,132.75,51.50,11.00,TERMINATING,1,1,2,2-Nested Template / 2-Nested Template
ATVA2026_benchmark/TERM_LASSO//lasso_traces_multipleAssertions.bpl/lasso_trace_1.txt,TERMINATING,2.38,51.27,38.46,6.00,TERMINATING,1,1,2,Affine Template / Affine Template
ATVA2026_benchmark/TERM_LASSO//lasso_traces_multipleBranchOutsFromOneStateinTrace.bpl/lasso_trace_1.txt,TERMINATING,2.15,50.14,47.82,5.00,TERMINATING,1,1,2,Affine Template / Affine Template
ATVA2026_benchmark/TERM_LASSO//lasso_traces_MultiplicationOfNaturalNumbers.bpl/lasso_trace_1.txt,TERMINATING,2.29,52.24,40.36,12.00,TERMINATING,1,2,3,Affine Template / Affine Template
ATVA2026_benchmark/TERM_LASSO//lasso_traces_Mysore2.bpl/lasso_trace_1.txt,TERMINATING,1.96,45.00,39.55,7.00,TERMINATING,1,1,2,Affine Template / Affine Template
ATVA2026_benchmark/TERM_LASSO//lasso_traces_Mysore.bpl/lasso_trace_1.txt,TERMINATING,2.01,47.11,40.39,7.00,TERMINATING,1,1,2,Affine Template / Affine Template
ATVA2026_benchmark/TERM_LASSO//lasso_traces_MysteriousProgram.bpl/lasso_trace_1.txt,TERMINATING,1.52,90.58,-,11.00,TERMINATING,0,18,18,Affine Template / Affine Template
ATVA2026_benchmark/TERM_LASSO//lasso_traces_Nconcurrent_FourLoopsAlternating_nonterminating.bpl/lasso_trace_1.txt,TERMINATING,1.67,52.29,53.90,6.00,TERMINATING,2,2,4,Affine Template / Affine Template
ATVA2026_benchmark/TERM_LASSO//lasso_traces_Nconcurrent_ThreeThreadsComplexAlternation_nonterminating.bpl/lasso_trace_1.txt,TERMINATING,3.36,60.62,54.45,8.00,TERMINATING,3,3,6,Affine Template / Affine Template
ATVA2026_benchmark/TERM_LASSO//lasso_traces_nec20.i_4.bpl/lasso_trace_1.txt,TERMINATING,2.47,124.61,131.40,7.00,TERMINATING,1,1,2,Affine Template / Affine Template
ATVA2026_benchmark/TERM_LASSO//lasso_traces_nested1.i_4.bplTransformedIcfg_BEv2_12.bpl/lasso_trace_11.txt,TERMINATING,2.08,89.95,30.66,9.00,TERMINATING,1,12,13,Affine Template / Affine Template
ATVA2026_benchmark/TERM_LASSO//lasso_traces_nested1.i_4.bplTransformedIcfg_BEv2_12.bpl/lasso_trace_12.txt,TERMINATING,0.53,70.13,63.81,7.00,TERMINATING,2,1,3,Affine Template / Affine Template
ATVA2026_benchmark/TERM_LASSO//lasso_traces_nested1.i_4.bplTransformedIcfg_BEv2_12.bpl/lasso_trace_13.txt,TERMINATING,0.32,48.55,55.66,7.00,TERMINATING,14,1,15,Affine Template / Affine Template
ATVA2026_benchmark/TERM_LASSO//lasso_traces_nested9.i_3.bpl/lasso_trace_1.txt,TERMINATING,1.90,145.18,164.15,7.00,TERMINATING,1,2,3,Affine Template / Affine Template
ATVA2026_benchmark/TERM_LASSO//lasso_traces_nested9.i_3.bplTransformedIcfg_BEv2_4.bpl/lasso_trace_1.txt,TERMINATING,2.13,115.86,88.67,9.00,TERMINATING,1,2,3,Affine Template / Affine Template
ATVA2026_benchmark/TERM_LASSO//lasso_traces_Nested.bpl/lasso_trace_10.txt,TERMINATING,1.48,59.00,47.94,10.00,TERMINATING,1,11,12,Affine Template / Affine Template
ATVA2026_benchmark/TERM_LASSO//lasso_traces_Nested.bpl/lasso_trace_11.txt,TERMINATING,0.30,48.80,52.85,8.00,TERMINATING,2,1,3,Affine Template / Affine Template
ATVA2026_benchmark/TERM_LASSO//lasso_traces_Nested.bpl/lasso_trace_12.txt,TERMINATING,0.25,54.40,49.57,8.00,TERMINATING,13,1,14,Affine Template / Affine Template
ATVA2026_benchmark/TERM_LASSO//lasso_traces_nested.c_4.bpl/lasso_trace_1.txt,TERMINATING,2.33,93.68,110.35,10.00,TERMINATING,1,1,2,Affine Template / Affine Template
ATVA2026_benchmark/TERM_LASSO//lasso_traces_nested.i_4.bpl/lasso_trace_2.txt,TERMINATING,0.51,108.79,162.44,7.00,TERMINATING,2,1,3,Affine Template / Affine Template
ATVA2026_benchmark/TERM_LASSO//lasso_traces_nested.i_4.bplTransformedIcfg_BEv2_3.bpl/lasso_trace_2.txt,TERMINATING,0.53,110.19,158.75,8.00,TERMINATING,2,1,3,Affine Template / Affine Template
ATVA2026_benchmark/TERM_LASSO//lasso_traces_nestedLoop.bpl/lasso_trace_2.txt,TERMINATING,0.49,47.79,31.65,9.00,TERMINATING,3,1,4,Affine Template / Affine Template
ATVA2026_benchmark/TERM_LASSO//lasso_traces_nestedLoopSafe.bpl/lasso_trace_2.txt,TERMINATING,0.44,46.60,35.34,7.00,TERMINATING,3,1,4,Affine Template / Affine Template
ATVA2026_benchmark/TERM_LASSO//lasso_traces_nestedLoopUnsafe.bpl/lasso_trace_11.txt,TERMINATING,2.26,50.03,53.54,5.00,TERMINATING,1,12,13,Affine Template / Affine Template
ATVA2026_benchmark/TERM_LASSO//lasso_traces_nestedLoopUnsafe.bpl/lasso_trace_12.txt,TERMINATING,0.35,43.27,38.37,6.00,TERMINATING,2,1,3,Affine Template / Affine Template
ATVA2026_benchmark/TERM_LASSO//lasso_traces_nestedLoopUnsafe.bpl/lasso_trace_13.txt,TERMINATING,0.25,40.94,37.61,8.00,TERMINATING,14,1,15,Affine Template / Affine Template
ATVA2026_benchmark/TERM_LASSO//lasso_traces_nestedLoopWithAssertion.bpl/lasso_trace_2.txt,TERMINATING,0.42,49.52,47.19,6.00,TERMINATING,2,1,3,Affine Template / Affine Template
ATVA2026_benchmark/TERM_LASSO//lasso_traces_nest-if3.i_2.bpl/lasso_trace_1.txt,TERMINATING,1.93,145.56,52.44,7.00,TERMINATING,1,2,3,Affine Template / Affine Template
ATVA2026_benchmark/TERM_LASSO//lasso_traces_NO_05.bpl/lasso_trace_2.txt,TERMINATING,0.40,55.80,59.53,7.00,TERMINATING,3,1,4,Affine Template / Affine Template
ATVA2026_benchmark/TERM_LASSO//lasso_traces_NonAtomicIncrement_2Threads_Loop.bpl/lasso_trace_1.txt,TERMINATING,2.51,77.12,34.67,8.00,TERMINATING,3,4,7,Affine Template / Affine Template
ATVA2026_benchmark/TERM_LASSO//lasso_traces_NonAtomicIncrement_2Threads_Loop.bpl/lasso_trace_2.txt,TERMINATING,0.68,29.79,57.45,7.00,TERMINATING,4,4,8,Affine Template / Affine Template
ATVA2026_benchmark/TERM_LASSO//lasso_traces_NonTerminationOverReals.bpl/lasso_trace_1.txt,TERMINATING,1.90,48.64,38.47,6.00,TERMINATING,1,1,2,Affine Template / Affine Template
ATVA2026_benchmark/TERM_LASSO//lasso_traces_NoriSharma-2013FSE-Fig7.bpl/lasso_trace_1.txt,TERMINATING,2.23,548.40,42.96,37.00,UNKNOWN,1,1,2,2-Phase Template
ATVA2026_benchmark/TERM_LASSO//lasso_traces_num_conversion_1.i_3.bplTransformedIcfg_BEv2_9.bpl/lasso_trace_1.txt,TERMINATING,2.14,72.60,82.23,10.00,TERMINATING,1,1,2,Affine Template / Affine Template
ATVA2026_benchmark/TERM_LASSO//lasso_traces_num_conversion_2.i_3.bplTransformedIcfg_BEv2_7.bpl/lasso_trace_1.txt,TERMINATING,3.34,113.32,107.38,9.00,TERMINATING,1,1,2,Affine Template / Affine Template
ATVA2026_benchmark/TERM_LASSO//lasso_traces_Nyala-TwoLex.bpl/lasso_trace_1.txt,TERMINATING,2.18,1620.25,38.65,29.00,UNKNOWN,1,1,2,2-Lexicographic Template
ATVA2026_benchmark/TERM_LASSO//lasso_traces_Oberried-decreasebyProc_true-termination.bpl/lasso_trace_1.txt,TERMINATING,1.93,28.18,35.56,7.00,TERMINATING,0,4,4,Affine Template / Affine Template
ATVA2026_benchmark/TERM_LASSO//lasso_traces_OctagonTest_Default.bpl/lasso_trace_1.txt,TERMINATING,2.14,58.02,65.31,5.00,TERMINATING,1,1,2,Affine Template / Affine Template
ATVA2026_benchmark/TERM_LASSO//lasso_traces_OctagonTest_Inconsistent.bpl/lasso_trace_1.txt,TERMINATING,2.19,53.88,37.07,7.00,TERMINATING,1,1,2,Affine Template / Affine Template
ATVA2026_benchmark/TERM_LASSO//lasso_traces_OctagonTest_LongLoop.bpl/lasso_trace_1.txt,TERMINATING,3.84,41.07,65.83,5.00,TERMINATING,1,1,2,Affine Template / Affine Template
ATVA2026_benchmark/TERM_LASSO//lasso_traces_OctagonTest_UpperAndLowerBounds.bpl/lasso_trace_1.txt,TERMINATING,1.98,47.93,38.56,9.00,TERMINATING,1,1,2,Affine Template / Affine Template
ATVA2026_benchmark/TERM_LASSO//lasso_traces_oneLoopArray.bpl/lasso_trace_1.txt,TERMINATING,3.06,44.30,-,7.00,TERMINATING,1,1,2,Affine Template / Affine Template
ATVA2026_benchmark/TERM_LASSO//lasso_traces_oneLoopAssertion.bpl/lasso_trace_1.txt,TERMINATING,1.80,57.57,33.81,5.00,TERMINATING,1,2,3,Affine Template / Affine Template
ATVA2026_benchmark/TERM_LASSO//lasso_traces_oneLoopAssertionCorrect.bpl/lasso_trace_1.txt,TERMINATING,3.11,46.82,34.67,5.00,TERMINATING,1,2,3,Affine Template / Affine Template
ATVA2026_benchmark/TERM_LASSO//lasso_traces_oneLoopAssertionError.bpl/lasso_trace_1.txt,TERMINATING,1.85,45.83,37.46,5.00,TERMINATING,1,2,3,Affine Template / Affine Template
ATVA2026_benchmark/TERM_LASSO//lasso_traces_oneLoop.bpl/lasso_trace_1.txt,TERMINATING,1.81,50.10,32.62,5.00,TERMINATING,1,1,2,Affine Template / Affine Template
ATVA2026_benchmark/TERM_LASSO//lasso_traces_oneLoopSafe2.bpl/lasso_trace_1.txt,TERMINATING,1.83,54.03,35.96,5.00,TERMINATING,1,1,2,Affine Template / Affine Template
ATVA2026_benchmark/TERM_LASSO//lasso_traces_oneLoopSafe.bpl/lasso_trace_1.txt,TERMINATING,1.83,45.44,36.46,5.00,TERMINATING,1,1,2,Affine Template / Affine Template
ATVA2026_benchmark/TERM_LASSO//lasso_traces_oneLoopTwoBackbones.bpl/lasso_trace_1.txt,TERMINATING,2.06,71.24,37.89,8.00,TERMINATING,1,1,2,Affine Template / Affine Template
ATVA2026_benchmark/TERM_LASSO//lasso_traces_oneLoopTwoVarsSafe.bpl/lasso_trace_1.txt,TERMINATING,2.96,60.29,63.69,6.00,TERMINATING,1,1,2,Affine Template / Affine Template
ATVA2026_benchmark/TERM_LASSO//lasso_traces_oneLoopUnsafe.bpl/lasso_trace_1.txt,TERMINATING,1.84,45.68,39.13,5.00,TERMINATING,1,1,2,Affine Template / Affine Template
ATVA2026_benchmark/TERM_LASSO//lasso_traces_oneLoopVasrSimple2.bpl/lasso_trace_1.txt,TERMINATING,2.44,48.72,33.87,6.00,TERMINATING,1,1,2,Affine Template / Affine Template
ATVA2026_benchmark/TERM_LASSO//lasso_traces_oneLoopVasrSimple.bpl/lasso_trace_1.txt,TERMINATING,2.18,89.82,68.15,10.00,TERMINATING,1,1,2,Affine Template / Affine Template
ATVA2026_benchmark/TERM_LASSO//lasso_traces_oneLoopWithBreakSafe.bpl/lasso_trace_1.txt,TERMINATING,2.17,71.44,42.60,8.00,TERMINATING,1,2,3,Affine Template / Affine Template
ATVA2026_benchmark/TERM_LASSO//lasso_traces_oneLoopWithBreakUnsafe.bpl/lasso_trace_1.txt,TERMINATING,2.04,76.47,39.56,8.00,TERMINATING,1,2,3,Affine Template / Affine Template
ATVA2026_benchmark/TERM_LASSO//lasso_traces_optimistic-concurrency1.bpl/lasso_trace_1.txt,TERMINATING,3.33,93.92,-,37.00,UNKNOWN,4,4,8,Affine Template
ATVA2026_benchmark/TERM_LASSO//lasso_traces_optimistic-concurrency1.bpl/lasso_trace_2.txt,TERMINATING,0.51,40.59,-,11.00,TERMINATING,6,4,10,Affine Template / Affine Template
ATVA2026_benchmark/TERM_LASSO//lasso_traces_optimistic-concurrency1.bpl/lasso_trace_4.txt,TERMINATING,0.61,118.19,-,15.00,TERMINATING,21,4,25,Affine Template / Affine Template
ATVA2026_benchmark/TERM_LASSO//lasso_traces_optimistic-concurrency2.bpl/lasso_trace_1.txt,TERMINATING,2.22,103.94,-,42.00,UNKNOWN,4,4,8,Affine Template
ATVA2026_benchmark/TERM_LASSO//lasso_traces_optimistic-concurrency2.bpl/lasso_trace_2.txt,TERMINATING,0.61,79.56,-,11.00,TERMINATING,6,4,10,Affine Template / Affine Template
ATVA2026_benchmark/TERM_LASSO//lasso_traces_optimistic-concurrency2.bpl/lasso_trace_4.txt,TERMINATING,0.59,76.56,-,21.00,TERMINATING,21,4,25,Affine Template / Affine Template
ATVA2026_benchmark/TERM_LASSO//lasso_traces_overapproximation.bpl/lasso_trace_1.txt,TERMINATING,1.89,85.80,41.08,7.00,TERMINATING,1,1,2,Affine Template / Affine Template
ATVA2026_benchmark/TERM_LASSO//lasso_traces_overflow1.i_3.bplTransformedIcfg_BEv2_4.bpl/lasso_trace_1.txt,TERMINATING,1.94,52.74,34.65,9.00,TERMINATING,1,1,2,Affine Template / Affine Template
ATVA2026_benchmark/TERM_LASSO//lasso_traces_pals_lcr-var-start-time.3.2.ufo.BOUNDED-6.pals.c_9.bplTransformedIcfg_BEv2_24.bpl/lasso_trace_1.txt,TERMINATING,2.72,119.73,151.80,2517.00,TERMINATING,1,2,3,Affine Template / Affine Template
ATVA2026_benchmark/TERM_LASSO//lasso_traces_pals_lcr-var-start-time.3.ufo.BOUNDED-6.pals.c_9.bplTransformedIcfg_BEv2_24.bpl/lasso_trace_1.txt,TERMINATING,2.77,264.19,564.78,3367.00,TERMINATING,1,2,3,Affine Template / Affine Template
ATVA2026_benchmark/TERM_LASSO//lasso_traces_pals_lcr-var-start-time.3.ufo.UNBOUNDED.pals.c_9.bplTransformedIcfg_BEv2_26.bpl/lasso_trace_1.txt,TERMINATING,2.60,5182.31,446.05,822.00,TERMINATING,1,2,3,Affine Template / Affine Template
ATVA2026_benchmark/TERM_LASSO//lasso_traces_Paper_PathInvariants_Fig1_Forward.bpl/lasso_trace_1.txt,TERMINATING,2.35,48.28,73.92,17.00,TERMINATING,1,1,2,Affine Template / Affine Template
ATVA2026_benchmark/TERM_LASSO//lasso_traces_Paper_PathInvariants_Fig4.bpl/lasso_trace_1.txt,TERMINATING,2.10,97.26,41.80,10.00,TERMINATING,1,1,2,Affine Template / Affine Template
ATVA2026_benchmark/TERM_LASSO//lasso_traces_Parallel.bpl/lasso_trace_1.txt,TERMINATING,1.70,28.75,34.70,4.00,TERMINATING,0,1,1,Affine Template / Affine Template
ATVA2026_benchmark/TERM_LASSO//lasso_traces_Parallel.bpl/lasso_trace_2.txt,TERMINATING,0.56,46.58,41.65,7.00,TERMINATING,1,1,2,Affine Template / Affine Template
ATVA2026_benchmark/TERM_LASSO//lasso_traces_parallelIncrementDecrementConCom2.bpl/lasso_trace_1.txt,TERMINATING,2.59,117.32,104.23,8.00,TERMINATING,2,2,4,Affine Template / Affine Template
ATVA2026_benchmark/TERM_LASSO//lasso_traces_parallelIncrementDecrementConCom2.bpl/lasso_trace_2.txt,TERMINATING,0.60,38.81,157.50,9.00,TERMINATING,3,2,5,Affine Template / Affine Template
ATVA2026_benchmark/TERM_LASSO//lasso_traces_parallelIncrementDecrementConCom2.bpl/lasso_trace_3.txt,TERMINATING,0.52,28.34,26.54,9.00,TERMINATING,4,2,6,Affine Template / Affine Template
ATVA2026_benchmark/TERM_LASSO//lasso_traces_parallelIncrementDecrementConCom2.bpl/lasso_trace_4.txt,TERMINATING,0.39,142.94,167.71,10.00,TERMINATING,5,2,7,Affine Template / Affine Template
ATVA2026_benchmark/TERM_LASSO//lasso_traces_parallelIncrementDecrementConCom3.bpl/lasso_trace_1.txt,TERMINATING,2.56,90.14,92.88,7.00,TERMINATING,2,2,4,Affine Template / Affine Template
ATVA2026_benchmark/TERM_LASSO//lasso_traces_parallelIncrementDecrementConCom3.bpl/lasso_trace_2.txt,TERMINATING,0.50,94.74,104.63,7.00,TERMINATING,3,2,5,Affine Template / Affine Template
ATVA2026_benchmark/TERM_LASSO//lasso_traces_parallelIncrementDecrementConCom.bpl/lasso_trace_1.txt,TERMINATING,2.12,43.35,55.71,7.00,TERMINATING,2,2,4,Affine Template / Affine Template
ATVA2026_benchmark/TERM_LASSO//lasso_traces_parallelIncrementDecrementConCom.bpl/lasso_trace_2.txt,TERMINATING,0.50,97.61,116.40,9.00,TERMINATING,3,2,5,Affine Template / Affine Template
ATVA2026_benchmark/TERM_LASSO//lasso_traces_parallelSumConCom2.bpl/lasso_trace_1.txt,TERMINATING,2.24,84.11,-,11.00,TERMINATING,2,1,3,Affine Template / Affine Template
ATVA2026_benchmark/TERM_LASSO//lasso_traces_parallelSumConCom2.bpl/lasso_trace_2.txt,TERMINATING,0.56,123.13,-,15.00,TERMINATING,3,1,4,Affine Template / Affine Template
ATVA2026_benchmark/TERM_LASSO//lasso_traces_parallelSumConCom2.bpl/lasso_trace_3.txt,TERMINATING,0.45,133.40,-,11.00,TERMINATING,4,1,5,Affine Template / Affine Template
ATVA2026_benchmark/TERM_LASSO//lasso_traces_parallelSumConCom.bpl/lasso_trace_1.txt,TERMINATING,2.28,90.33,-,9.00,TERMINATING,2,1,3,Affine Template / Affine Template
ATVA2026_benchmark/TERM_LASSO//lasso_traces_parallelSumConCom.bpl/lasso_trace_2.txt,TERMINATING,0.52,70.52,-,10.00,TERMINATING,3,1,4,Affine Template / Affine Template
ATVA2026_benchmark/TERM_LASSO//lasso_traces_parallelSumConComNonAtomic.bpl/lasso_trace_1.txt,TERMINATING,2.22,71.66,-,7.00,TERMINATING,3,4,7,Affine Template / Affine Template
ATVA2026_benchmark/TERM_LASSO//lasso_traces_parallelSumConComNonAtomic.bpl/lasso_trace_2.txt,TERMINATING,0.44,59.02,-,10.00,TERMINATING,4,4,8,Affine Template / Affine Template
ATVA2026_benchmark/TERM_LASSO//lasso_traces_Parts.bpl/lasso_trace_1.txt,TERMINATING,1.89,116.81,128.09,10.00,TERMINATING,0,5,5,Affine Template / Affine Template
ATVA2026_benchmark/TERM_LASSO//lasso_traces_Parts.bpl/lasso_trace_3.txt,TERMINATING,0.49,42.91,-,9.00,TERMINATING,1,12,13,Affine Template / Affine Template
ATVA2026_benchmark/TERM_LASSO//lasso_traces_PointerIncrement-simplified01.bpl/lasso_trace_2.txt,TERMINATING,1.87,111.25,-,10.00,TERMINATING,1,4,5,Affine Template / Affine Template
ATVA2026_benchmark/TERM_LASSO//lasso_traces_PointerIncrement-simplified02.bpl/lasso_trace_1.txt,TERMINATING,2.15,61.59,-,8.00,TERMINATING,1,3,4,Affine Template / Affine Template
ATVA2026_benchmark/TERM_LASSO//lasso_traces_PointerIncrement-simplified03.bpl/lasso_trace_1.txt,TERMINATING,2.39,60.74,-,10.00,TERMINATING,1,2,3,Affine Template / Affine Template
ATVA2026_benchmark/TERM_LASSO//lasso_traces_Power1-Safe.bpl/lasso_trace_1.txt,TERMINATING,2.51,63.95,39.25,7.00,TERMINATING,1,1,2,Affine Template / Affine Template
ATVA2026_benchmark/TERM_LASSO//lasso_traces_Power2-Unsafe.bpl/lasso_trace_1.txt,TERMINATING,2.18,67.24,32.90,4.00,TERMINATING,1,1,2,Affine Template / Affine Template
ATVA2026_benchmark/TERM_LASSO//lasso_traces_Power3-Safe.bpl/lasso_trace_1.txt,TERMINATING,2.26,58.95,37.23,5.00,TERMINATING,1,1,2,Affine Template / Affine Template
ATVA2026_benchmark/TERM_LASSO//lasso_traces_Power.bpl/lasso_trace_1.txt,TERMINATING,1.51,70.95,76.61,8.00,TERMINATING,0,8,8,Affine Template / Affine Template
ATVA2026_benchmark/TERM_LASSO//lasso_traces_Power.bpl/lasso_trace_4.txt,TERMINATING,0.32,28.95,39.31,9.00,TERMINATING,0,8,8,Affine Template / Affine Template
ATVA2026_benchmark/TERM_LASSO//lasso_traces_preboogie.bpl/lasso_trace_1.txt,TERMINATING,2.93,114.14,86.20,8.00,TERMINATING,2,3,5,Affine Template / Affine Template
ATVA2026_benchmark/TERM_LASSO//lasso_traces_proc-looping-call.bpl/lasso_trace_1.txt,TERMINATING,2.03,46.58,38.42,5.00,TERMINATING,1,4,5,Affine Template / Affine Template
ATVA2026_benchmark/TERM_LASSO//lasso_traces_proc-procedure-without-impl.bpl/lasso_trace_1.txt,TERMINATING,2.00,59.51,52.77,6.00,TERMINATING,1,2,3,Affine Template / Affine Template
ATVA2026_benchmark/TERM_LASSO//lasso_traces_Programm1.bpl/lasso_trace_1.txt,TERMINATING,2.12,48.60,35.19,5.00,TERMINATING,1,1,2,Affine Template / Affine Template
ATVA2026_benchmark/TERM_LASSO//lasso_traces_programWithLoopInProcedure.bpl/lasso_trace_1.txt,TERMINATING,1.83,34.57,33.50,4.00,TERMINATING,0,1,1,Affine Template / Affine Template
ATVA2026_benchmark/TERM_LASSO//lasso_traces_Pure2Phase.bpl/lasso_trace_1.txt,TERMINATING,22.34,1188.54,148.64,30.00,UNKNOWN,0,1,1,2-Phase Template
ATVA2026_benchmark/TERM_LASSO//lasso_traces_Queen.bpl/lasso_trace_1.txt,TERMINATING,7.64,338.91,-,13.00,TERMINATING,0,12,12,Affine Template / Affine Template
ATVA2026_benchmark/TERM_LASSO//lasso_traces_Queen.bpl/lasso_trace_3.txt,TERMINATING,0.94,207.52,-,12.00,TERMINATING,1,8,9,Affine Template / Affine Template
ATVA2026_benchmark/TERM_LASSO//lasso_traces_Queen.bpl/lasso_trace_5.txt,TERMINATING,1.74,568.05,-,10.00,TERMINATING,3,4,7,Affine Template / Affine Template
ATVA2026_benchmark/TERM_LASSO//lasso_traces_Ramciel.bpl/lasso_trace_1.txt,TERMINATING,7.52,144.49,134.09,3.00,TERMINATING,0,1,1,Affine Template / Affine Template
ATVA2026_benchmark/TERM_LASSO//lasso_traces_recursive.bpl/lasso_trace_1.txt,TERMINATING,1.74,48.97,49.30,9.00,TERMINATING,0,2,2,Affine Template / Affine Template
ATVA2026_benchmark/TERM_LASSO//lasso_traces_recursive-CallABAB.bpl/lasso_trace_6.txt,TERMINATING,0.28,82.26,62.64,9.00,TERMINATING,15,8,23,Affine Template / Affine Template
ATVA2026_benchmark/TERM_LASSO//lasso_traces_recursive-CallABAB_count.bpl/lasso_trace_1.txt,TERMINATING,1.73,84.73,118.76,7.00,TERMINATING,0,4,4,Affine Template / Affine Template
ATVA2026_benchmark/TERM_LASSO//lasso_traces_recursive-CallABAB_count.bpl/lasso_trace_2.txt,TERMINATING,0.30,35.25,82.58,7.00,TERMINATING,0,4,4,Affine Template / Affine Template
ATVA2026_benchmark/TERM_LASSO//lasso_traces_recursive-CallABAB_count.bpl/lasso_trace_3.txt,TERMINATING,0.30,45.11,61.73,8.00,TERMINATING,0,4,4,Affine Template / Affine Template
ATVA2026_benchmark/TERM_LASSO//lasso_traces_recursive-CallABAB_count.bpl/lasso_trace_4.txt,TERMINATING,0.38,61.36,79.58,9.00,TERMINATING,2,4,6,Affine Template / Affine Template
ATVA2026_benchmark/TERM_LASSO//lasso_traces_recursive-CallABAB_count.bpl/lasso_trace_6.txt,TERMINATING,0.46,93.30,86.79,10.00,TERMINATING,3,4,7,Affine Template / Affine Template
ATVA2026_benchmark/TERM_LASSO//lasso_traces_recursive-CallABAB_count.bpl/lasso_trace_8.txt,TERMINATING,0.39,48.67,62.93,14.00,TERMINATING,6,8,14,Affine Template / Affine Template
ATVA2026_benchmark/TERM_LASSO//lasso_traces_recursive-CallABAB_count_incorrect.bpl/lasso_trace_5.txt,TERMINATING,0.25,43.63,43.72,10.00,TERMINATING,12,8,20,Affine Template / Affine Template
ATVA2026_benchmark/TERM_LASSO//lasso_traces_recursive-CallABAB_incorrect.bpl/lasso_trace_6.txt,TERMINATING,0.27,86.31,63.00,10.00,TERMINATING,15,8,23,Affine Template / Affine Template
ATVA2026_benchmark/TERM_LASSO//lasso_traces_recursive-CallABAB_simple_incorrect.bpl/lasso_trace_1.txt,TERMINATING,2.12,81.47,71.17,6.00,TERMINATING,1,3,4,Affine Template / Affine Template
ATVA2026_benchmark/TERM_LASSO//lasso_traces_recursive-CallABAB_simple_incorrect.bpl/lasso_trace_2.txt,TERMINATING,0.36,27.91,28.45,7.00,TERMINATING,3,3,6,Affine Template / Affine Template
ATVA2026_benchmark/TERM_LASSO//lasso_traces_recursive-CallABAB_simple_incorrect.bpl/lasso_trace_3.txt,TERMINATING,0.24,83.19,96.69,8.00,TERMINATING,6,3,9,Affine Template / Affine Template
ATVA2026_benchmark/TERM_LASSO//lasso_traces_recursive-CallABAB_simple_incorrect.bpl/lasso_trace_4.txt,TERMINATING,0.33,83.51,107.59,8.00,TERMINATING,9,3,12,Affine Template / Affine Template
ATVA2026_benchmark/TERM_LASSO//lasso_traces_recursive-CallABAB_simple_incorrect.bpl/lasso_trace_5.txt,TERMINATING,0.25,62.96,51.32,5.00,TERMINATING,6,6,12,Affine Template / Affine Template
ATVA2026_benchmark/TERM_LASSO//lasso_traces_recursive-CallABAB_simple_incorrect.bpl/lasso_trace_6.txt,TERMINATING,0.25,64.73,85.60,5.00,TERMINATING,7,3,10,Affine Template / Affine Template
ATVA2026_benchmark/TERM_LASSO//lasso_traces_recursive-CallABAB_simple_incorrect.bpl/lasso_trace_7.txt,TERMINATING,0.30,28.70,25.29,5.00,TERMINATING,10,3,13,Affine Template / Affine Template
ATVA2026_benchmark/TERM_LASSO//lasso_traces_recursive-easy-1.bpl/lasso_trace_1.txt,TERMINATING,1.98,69.96,50.86,5.00,TERMINATING,1,2,3,Affine Template / Affine Template
ATVA2026_benchmark/TERM_LASSO//lasso_traces_recursive-easy-2.bpl/lasso_trace_1.txt,TERMINATING,3.51,71.10,49.57,10.00,TERMINATING,1,2,3,Affine Template / Affine Template
ATVA2026_benchmark/TERM_LASSO//lasso_traces_recursive-easy-3.bpl/lasso_trace_1.txt,TERMINATING,1.93,60.51,48.15,8.00,TERMINATING,1,3,4,Affine Template / Affine Template
ATVA2026_benchmark/TERM_LASSO//lasso_traces_recursive-easy-4.bpl/lasso_trace_1.txt,TERMINATING,1.84,44.68,57.41,7.00,TERMINATING,1,2,3,Affine Template / Affine Template
ATVA2026_benchmark/TERM_LASSO//lasso_traces_recursivity.bpl/lasso_trace_1.txt,TERMINATING,1.87,32.59,36.20,4.00,TERMINATING,0,2,2,Affine Template / Affine Template
ATVA2026_benchmark/TERM_LASSO//lasso_traces_s3_clnt_1.cil.c_16.bpl/lasso_trace_1.txt,TERMINATING,2.56,495.69,649.77,4790.00,TERMINATING,1,3,4,Affine Template / Affine Template
ATVA2026_benchmark/TERM_LASSO//lasso_traces_s3_clnt_1_Safe.bpl/lasso_trace_1.txt,TERMINATING,2.50,464.72,604.72,5268.00,TERMINATING,1,9,10,Affine Template / Affine Template
ATVA2026_benchmark/TERM_LASSO//lasso_traces_s3_clnt_1_Unsafe.bpl/lasso_trace_1.txt,TERMINATING,2.58,475.57,591.61,5334.00,TERMINATING,1,9,10,Affine Template / Affine Template
ATVA2026_benchmark/TERM_LASSO//lasso_traces_s3_clnt_2.cil.c_21.bpl/lasso_trace_1.txt,TERMINATING,2.41,338.47,477.85,5686.00,TERMINATING,1,3,4,Affine Template / Affine Template
ATVA2026_benchmark/TERM_LASSO//lasso_traces_s3_clnt_3.BV.c.cil.c_19.bpl/lasso_trace_1.txt,TERMINATING,2.14,658.80,931.42,1887.00,TERMINATING,1,3,4,Affine Template / Affine Template
ATVA2026_benchmark/TERM_LASSO//lasso_traces_s3_clnt_3.BV.c.cil.c_19.bpl/lasso_trace_5.txt,TERMINATING,0.88,232.06,320.32,3302.00,TERMINATING,13,9,22,Affine Template / Affine Template
ATVA2026_benchmark/TERM_LASSO//lasso_traces_s3_clnt_3.cil.c_21.bpl/lasso_trace_1.txt,TERMINATING,2.62,70.99,78.31,2118.00,TERMINATING,1,3,4,Affine Template / Affine Template
ATVA2026_benchmark/TERM_LASSO//lasso_traces_s3_clnt_4.cil.c_20.bpl/lasso_trace_1.txt,TERMINATING,3.45,797.32,1068.53,6436.00,TERMINATING,1,3,4,Affine Template / Affine Template
ATVA2026_benchmark/TERM_LASSO//lasso_traces_s3_srvr_1_alt.BV.c.cil.c_14.bpl/lasso_trace_1.txt,TERMINATING,2.42,165.88,177.01,77.00,TERMINATING,1,3,4,Affine Template / Affine Template
ATVA2026_benchmark/TERM_LASSO//lasso_traces_s3_srvr_1.BV.c.cil.c_21.bpl/lasso_trace_1.txt,TERMINATING,1.91,159.15,196.88,70.00,TERMINATING,1,3,4,Affine Template / Affine Template
ATVA2026_benchmark/TERM_LASSO//lasso_traces_s3_srvr_1.BV.c.cil.c_21.bpl/lasso_trace_12.txt,TERMINATING,0.46,404.23,468.79,132.00,TERMINATING,33,9,42,Affine Template / Affine Template
ATVA2026_benchmark/TERM_LASSO//lasso_traces_s3_srvr_1.cil.c_23.bpl/lasso_trace_1.txt,TERMINATING,1.88,224.15,238.27,76.00,TERMINATING,1,3,4,Affine Template / Affine Template
ATVA2026_benchmark/TERM_LASSO//lasso_traces_s3_srvr_2_alt.BV.c.cil.c_13.bpl/lasso_trace_1.txt,TERMINATING,2.01,434.26,508.85,66.00,TERMINATING,1,3,4,Affine Template / Affine Template
ATVA2026_benchmark/TERM_LASSO//lasso_traces_s3_srvr_2_alt.BV.c.cil.c_13.bpl/lasso_trace_5.txt,TERMINATING,0.57,258.86,37.37,1916.00,TERMINATING,7,6,13,Affine Template / Affine Template
ATVA2026_benchmark/TERM_LASSO//lasso_traces_s3_srvr_2.BV.c.cil.c_13.bpl/lasso_trace_1.txt,TERMINATING,1.97,393.16,462.50,65.00,TERMINATING,1,3,4,Affine Template / Affine Template
ATVA2026_benchmark/TERM_LASSO//lasso_traces_s3_srvr_2.BV.c.cil.c_13.bpl/lasso_trace_5.txt,TERMINATING,0.64,240.03,37.74,1611.00,TERMINATING,7,6,13,Affine Template / Affine Template
ATVA2026_benchmark/TERM_LASSO//lasso_traces_s3_srvr_2.cil.c_16.bpl/lasso_trace_1.txt,TERMINATING,1.87,201.59,294.19,70.00,TERMINATING,1,3,4,Affine Template / Affine Template
ATVA2026_benchmark/TERM_LASSO//lasso_traces_s3_srvr_2.cil.c_16.bpl/lasso_trace_8.txt,TERMINATING,0.49,760.54,1034.82,251.00,TERMINATING,20,5,25,Affine Template / Affine Template
ATVA2026_benchmark/TERM_LASSO//lasso_traces_s3_srvr_3_alt.BV.c.cil.c_19.bpl/lasso_trace_1.txt,TERMINATING,2.35,153.26,486.89,73.00,TERMINATING,1,3,4,Affine Template / Affine Template
ATVA2026_benchmark/TERM_LASSO//lasso_traces_s3_srvr_3.BV.c.cil.c_19.bpl/lasso_trace_1.txt,TERMINATING,2.65,152.01,474.89,67.00,TERMINATING,1,3,4,Affine Template / Affine Template
ATVA2026_benchmark/TERM_LASSO//lasso_traces_s3_srvr_3.cil.c_20.bpl/lasso_trace_1.txt,TERMINATING,2.22,200.61,254.95,69.00,TERMINATING,1,3,4,Affine Template / Affine Template
ATVA2026_benchmark/TERM_LASSO//lasso_traces_s3_srvr_4.cil.c_14.bpl/lasso_trace_1.txt,TERMINATING,2.10,263.06,509.08,67.00,TERMINATING,1,3,4,Affine Template / Affine Template
ATVA2026_benchmark/TERM_LASSO//lasso_traces_s3_srvr_7.cil.c_19.bpl/lasso_trace_1.txt,TERMINATING,2.15,150.11,237.43,71.00,TERMINATING,1,3,4,Affine Template / Affine Template
ATVA2026_benchmark/TERM_LASSO//lasso_traces_sameRankingfunction_true-termination.bpl/lasso_trace_1.txt,TERMINATING,1.90,31.47,38.03,9.00,TERMINATING,0,1,1,Affine Template / Affine Template
ATVA2026_benchmark/TERM_LASSO//lasso_traces_SanDiego.bpl/lasso_trace_1.txt,TERMINATING,1.89,29.14,36.86,4.00,TERMINATING,0,1,1,Affine Template / Affine Template
ATVA2026_benchmark/TERM_LASSO//lasso_traces_SelectionSort.bpl/lasso_trace_1.txt,TERMINATING,2.25,64.31,-,29.00,UNKNOWN,1,2,3,Affine Template
ATVA2026_benchmark/TERM_LASSO//lasso_traces_SelectionSort.bpl/lasso_trace_2.txt,TERMINATING,0.84,1108.34,-,51.00,TERMINATING,2,1,3,Affine Template / Affine Template
ATVA2026_benchmark/TERM_LASSO//lasso_traces_seq.i_4.bpl/lasso_trace_1.txt,TERMINATING,2.21,179.85,116.80,8.00,TERMINATING,1,1,2,Affine Template / Affine Template
ATVA2026_benchmark/TERM_LASSO//lasso_traces_seq.i_6.bpl/lasso_trace_1.txt,TERMINATING,2.36,137.77,192.72,9.00,TERMINATING,1,1,2,Affine Template / Affine Template
ATVA2026_benchmark/TERM_LASSO//lasso_traces_seq.i_7.bpl/lasso_trace_1.txt,TERMINATING,2.11,99.01,200.87,9.00,TERMINATING,1,1,2,Affine Template / Affine Template
ATVA2026_benchmark/TERM_LASSO//lasso_traces_Sequence.bpl/lasso_trace_1.txt,TERMINATING,1.81,64.31,33.90,6.00,TERMINATING,1,1,2,Affine Template / Affine Template
ATVA2026_benchmark/TERM_LASSO//lasso_traces_SiegelauGlobal.bpl/lasso_trace_1.txt,TERMINATING,2.12,26.24,39.14,4.00,TERMINATING,0,2,2,Affine Template / Affine Template
ATVA2026_benchmark/TERM_LASSO//lasso_traces_SiegelauLocal.bpl/lasso_trace_1.txt,TERMINATING,1.73,31.38,36.47,3.00,TERMINATING,0,2,2,Affine Template / Affine Template
ATVA2026_benchmark/TERM_LASSO//lasso_traces_similarSimultaneousUpdate.bpl/lasso_trace_1.txt,TERMINATING,1.78,26.60,39.13,3.00,TERMINATING,0,1,1,Affine Template / Affine Template
ATVA2026_benchmark/TERM_LASSO//lasso_traces_SimpleDoubleRecursion.bpl/lasso_trace_1.txt,TERMINATING,1.76,32.10,38.58,4.00,TERMINATING,0,2,2,Affine Template / Affine Template
ATVA2026_benchmark/TERM_LASSO//lasso_traces_simpleLoop.bpl/lasso_trace_1.txt,TERMINATING,1.76,48.85,38.24,6.00,TERMINATING,1,1,2,Affine Template / Affine Template
ATVA2026_benchmark/TERM_LASSO//lasso_traces_simpleLoopCountDown.bpl/lasso_trace_1.txt,TERMINATING,1.98,49.66,39.10,5.00,TERMINATING,1,1,2,Affine Template / Affine Template
ATVA2026_benchmark/TERM_LASSO//lasso_traces_simpleProgramWithAssertion.bpl/lasso_trace_1.txt,TERMINATING,2.98,41.95,38.12,6.00,TERMINATING,1,5,6,Affine Template / Affine Template
ATVA2026_benchmark/TERM_LASSO//lasso_traces_simpleProgramWithBiggerLoopAndProcedureUnsafe.bpl/lasso_trace_1.txt,TERMINATING,1.89,62.05,66.06,4.00,TERMINATING,1,5,6,Affine Template / Affine Template
ATVA2026_benchmark/TERM_LASSO//lasso_traces_simpleProgramWithLoopAndProcedureUnsafe2.bpl/lasso_trace_1.txt,TERMINATING,1.92,40.33,34.19,5.00,TERMINATING,1,5,6,Affine Template / Affine Template
ATVA2026_benchmark/TERM_LASSO//lasso_traces_simpleProgramWithLoopAndProcedureUnsafe.bpl/lasso_trace_1.txt,TERMINATING,1.99,40.82,36.90,6.00,TERMINATING,1,7,8,Affine Template / Affine Template
ATVA2026_benchmark/TERM_LASSO//lasso_traces_simpleProgramWithMultipleProcedureDifferentContextUnsafe.bpl/lasso_trace_1.txt,TERMINATING,2.06,44.52,38.71,5.00,TERMINATING,4,1,5,Affine Template / Affine Template
ATVA2026_benchmark/TERM_LASSO//lasso_traces_simpleProgramWithProcedureAndAssertion.bpl/lasso_trace_1.txt,TERMINATING,2.27,47.01,38.50,5.00,TERMINATING,1,5,6,Affine Template / Affine Template
ATVA2026_benchmark/TERM_LASSO//lasso_traces_simpleProgramWithProcedureLoopInProcedureSafe.bpl/lasso_trace_1.txt,TERMINATING,1.92,31.30,33.57,5.00,TERMINATING,0,1,1,Affine Template / Affine Template
ATVA2026_benchmark/TERM_LASSO//lasso_traces_simpleProgramWithProcedureSafe.bpl/lasso_trace_1.txt,TERMINATING,2.97,42.29,41.60,5.00,TERMINATING,1,5,6,Affine Template / Affine Template
ATVA2026_benchmark/TERM_LASSO//lasso_traces_simple-scaled100.bpl/lasso_trace_1.txt,TERMINATING,5.64,38.96,33.08,516.00,TERMINATING,1,1,2,Affine Template / Affine Template
ATVA2026_benchmark/TERM_LASSO//lasso_traces_simple-scaled200.bpl/lasso_trace_1.txt,TERMINATING,8.47,43.29,33.64,1653.00,TERMINATING,1,1,2,Affine Template / Affine Template
ATVA2026_benchmark/TERM_LASSO//lasso_traces_simple-scaled250.bpl/lasso_trace_1.txt,TERMINATING,9.83,37.00,37.69,2606.00,TERMINATING,1,1,2,Affine Template / Affine Template
ATVA2026_benchmark/TERM_LASSO//lasso_traces_Specifications.bpl/lasso_trace_1.txt,TERMINATING,2.29,53.92,67.60,7.00,TERMINATING,1,2,3,Affine Template / Affine Template
ATVA2026_benchmark/TERM_LASSO//lasso_traces_SpecificationsFreeInvariant.bpl/lasso_trace_1.txt,TERMINATING,2.17,41.90,33.50,5.00,TERMINATING,1,2,3,Affine Template / Affine Template
ATVA2026_benchmark/TERM_LASSO//lasso_traces_SpecificationsInvariant.bpl/lasso_trace_1.txt,TERMINATING,2.08,57.70,70.00,7.00,TERMINATING,1,2,3,Affine Template / Affine Template
ATVA2026_benchmark/TERM_LASSO//lasso_traces_StepwiseAddition.bpl/lasso_trace_1.txt,TERMINATING,2.26,101.99,70.30,12.00,TERMINATING,1,1,2,Affine Template / Affine Template
ATVA2026_benchmark/TERM_LASSO//lasso_traces_StepwiseAddition.bpl/lasso_trace_2.txt,TERMINATING,0.53,51.70,28.54,9.00,TERMINATING,2,1,3,Affine Template / Affine Template
ATVA2026_benchmark/TERM_LASSO//lasso_traces_Stockholm.bpl/lasso_trace_1.txt,TERMINATING,1.86,44.88,49.50,6.00,TERMINATING,1,1,2,Affine Template / Affine Template
ATVA2026_benchmark/TERM_LASSO//lasso_traces_string_concat-noarr.i_3.bpl/lasso_trace_1.txt,TERMINATING,2.30,107.17,90.14,11.00,TERMINATING,1,2,3,Affine Template / Affine Template
ATVA2026_benchmark/TERM_LASSO//lasso_traces_string_concat-noarr.i_4.bpl/lasso_trace_1.txt,TERMINATING,3.10,114.52,105.64,11.00,TERMINATING,1,2,3,Affine Template / Affine Template
ATVA2026_benchmark/TERM_LASSO//lasso_traces_string_concat-noarr.i_5.bpl/lasso_trace_1.txt,TERMINATING,2.42,88.22,62.29,10.00,TERMINATING,1,2,3,Affine Template / Affine Template
ATVA2026_benchmark/TERM_LASSO//lasso_traces_string.i_3.bpl/lasso_trace_1.txt,TERMINATING,2.22,127.50,-,41.00,UNKNOWN,1,1,2,Affine Template
ATVA2026_benchmark/TERM_LASSO//lasso_traces_sum01_bug02.i_3.bpl/lasso_trace_1.txt,TERMINATING,4.31,98.31,122.94,9.00,TERMINATING,1,1,2,Affine Template / Affine Template
ATVA2026_benchmark/TERM_LASSO//lasso_traces_sum01_bug02.i_4.bpl/lasso_trace_1.txt,TERMINATING,7.43,110.75,68.73,22.00,TERMINATING,1,2,3,Affine Template / Affine Template
ATVA2026_benchmark/TERM_LASSO//lasso_traces_sum01_bug02_sum01_bug02_base.case.i_3.bpl/lasso_trace_1.txt,TERMINATING,2.23,140.04,56.63,17.00,TERMINATING,1,1,2,Affine Template / Affine Template
ATVA2026_benchmark/TERM_LASSO//lasso_traces_sum01_bug02_sum01_bug02_base.case.i_4.bpl/lasso_trace_1.txt,TERMINATING,2.23,101.72,34.17,16.00,TERMINATING,1,1,2,Affine Template / Affine Template
ATVA2026_benchmark/TERM_LASSO//lasso_traces_sum01.i_3.bpl/lasso_trace_1.txt,TERMINATING,2.46,78.66,34.27,10.00,TERMINATING,1,1,2,Affine Template / Affine Template
ATVA2026_benchmark/TERM_LASSO//lasso_traces_sum04.i_3.bpl/lasso_trace_1.txt,TERMINATING,2.32,52.03,39.48,7.00,TERMINATING,1,1,2,Affine Template / Affine Template
ATVA2026_benchmark/TERM_LASSO//lasso_traces_sum04.i_4.bpl/lasso_trace_1.txt,TERMINATING,1.95,99.24,41.09,11.00,TERMINATING,1,2,3,Affine Template / Affine Template
ATVA2026_benchmark/TERM_LASSO//lasso_traces_sum2_diff_incr_decr.bpl/lasso_trace_1.txt,TERMINATING,2.32,79.62,-,7.00,TERMINATING,3,4,7,Affine Template / Affine Template
ATVA2026_benchmark/TERM_LASSO//lasso_traces_sum2_diff_incr_decr.bpl/lasso_trace_2.txt,TERMINATING,0.43,78.09,-,9.00,TERMINATING,4,4,8,Affine Template / Affine Template
ATVA2026_benchmark/TERM_LASSO//lasso_traces_sum_diff_incr_decr.bpl/lasso_trace_1.txt,TERMINATING,2.24,79.03,-,6.00,TERMINATING,3,3,6,Affine Template / Affine Template
ATVA2026_benchmark/TERM_LASSO//lasso_traces_sum_diff_incr_decr.bpl/lasso_trace_2.txt,TERMINATING,0.55,91.90,-,8.00,TERMINATING,4,4,8,Affine Template / Affine Template
ATVA2026_benchmark/TERM_LASSO//lasso_traces_sum-print2.bpl/lasso_trace_1.txt,TERMINATING,2.14,103.40,-,6.00,TERMINATING,4,1,5,Affine Template / Affine Template
ATVA2026_benchmark/TERM_LASSO//lasso_traces_sum-print2.bpl/lasso_trace_2.txt,TERMINATING,0.47,78.27,-,10.00,TERMINATING,7,4,11,Affine Template / Affine Template
ATVA2026_benchmark/TERM_LASSO//lasso_traces_sumsuminc.bpl/lasso_trace_1.txt,TERMINATING,2.11,52.73,-,6.00,TERMINATING,3,2,5,Affine Template / Affine Template
ATVA2026_benchmark/TERM_LASSO//lasso_traces_sumsuminc.bpl/lasso_trace_2.txt,TERMINATING,0.59,84.71,-,7.00,TERMINATING,4,2,6,Affine Template / Affine Template
ATVA2026_benchmark/TERM_LASSO//lasso_traces_sumsumsampleabs2.bpl/lasso_trace_1.txt,TERMINATING,2.58,79.38,-,12.00,TERMINATING,4,3,7,Affine Template / Affine Template
ATVA2026_benchmark/TERM_LASSO//lasso_traces_sumsumsampleabs2.bpl/lasso_trace_2.txt,TERMINATING,0.66,134.30,-,15.00,TERMINATING,5,3,8,Affine Template / Affine Template
ATVA2026_benchmark/TERM_LASSO//lasso_traces_sumsumsampleabs2.bpl/lasso_trace_3.txt,TERMINATING,0.57,67.93,-,17.00,TERMINATING,5,3,8,Affine Template / Affine Template
ATVA2026_benchmark/TERM_LASSO//lasso_traces_SyntaxSupportArrays01.bpl/lasso_trace_1.txt,TERMINATING,1.67,33.54,-,4.00,TERMINATING,0,1,1,Affine Template / Affine Template
ATVA2026_benchmark/TERM_LASSO//lasso_traces_SyntaxSupportArrays02.bpl/lasso_trace_1.txt,TERMINATING,2.08,29.82,-,4.00,TERMINATING,0,1,1,Affine Template / Affine Template
ATVA2026_benchmark/TERM_LASSO//lasso_traces_SyntaxSupportArrays03-MultipleConstantIndices.bpl/lasso_trace_1.txt,TERMINATING,1.98,32.80,-,3.00,TERMINATING,0,1,1,Affine Template / Affine Template
ATVA2026_benchmark/TERM_LASSO//lasso_traces_SyntaxSupportArrays06-TwoDimensionlIndex.bpl/lasso_trace_1.txt,TERMINATING,2.02,33.61,-,3.00,TERMINATING,0,1,1,Affine Template / Affine Template
ATVA2026_benchmark/TERM_LASSO//lasso_traces_SyntaxSupportArrays07-IndexIsArrayCell.bpl/lasso_trace_1.txt,TERMINATING,1.90,28.71,-,3.00,TERMINATING,0,1,1,Affine Template / Affine Template
ATVA2026_benchmark/TERM_LASSO//lasso_traces_SyntaxSupportArrays08-LexIndexValue.bpl/lasso_trace_1.txt,TERMINATING,1.92,826.48,-,34.00,UNKNOWN,0,1,1,2-Lexicographic Template
ATVA2026_benchmark/TERM_LASSO//lasso_traces_SyntaxSupportArrays10-Disjunction.bpl/lasso_trace_1.txt,TERMINATING,1.82,28.74,-,3.00,TERMINATING,0,1,1,Affine Template / Affine Template
ATVA2026_benchmark/TERM_LASSO//lasso_traces_SyntaxSupportArrays13-BooleanValues.bpl/lasso_trace_1.txt,TERMINATING,1.94,78.84,-,9.00,TERMINATING,1,1,2,Affine Template / Affine Template
ATVA2026_benchmark/TERM_LASSO//lasso_traces_SyntaxSupportArrays16-CommonCell.bpl/lasso_trace_1.txt,TERMINATING,1.95,47.26,-,5.00,TERMINATING,1,1,2,Affine Template / Affine Template
ATVA2026_benchmark/TERM_LASSO//lasso_traces_SyntaxSupportArrays17-CommonCellVariable.bpl/lasso_trace_1.txt,TERMINATING,1.77,49.33,-,5.00,TERMINATING,1,1,2,Affine Template / Affine Template
ATVA2026_benchmark/TERM_LASSO//lasso_traces_SyntaxSupportArrays18-IndexEqualityInformationInLoop.bpl/lasso_trace_1.txt,TERMINATING,1.88,56.10,-,11.00,TERMINATING,0,1,1,Affine Template / Affine Template
ATVA2026_benchmark/TERM_LASSO//lasso_traces_SyntaxSupportArrays20-ArrayEquality.bpl/lasso_trace_1.txt,TERMINATING,2.11,31.74,-,5.00,TERMINATING,0,1,1,Affine Template / Affine Template
ATVA2026_benchmark/TERM_LASSO//lasso_traces_SyntaxSupportArrays27-ForeignIndexArrayEquality.bpl/lasso_trace_1.txt,TERMINATING,1.79,53.11,-,6.00,TERMINATING,1,1,2,Affine Template / Affine Template
ATVA2026_benchmark/TERM_LASSO//lasso_traces_SyntaxSupportArrays29-AuxVarWrite.bpl/lasso_trace_1.txt,TERMINATING,2.26,82.32,-,6.00,TERMINATING,1,1,2,Affine Template / Affine Template
ATVA2026_benchmark/TERM_LASSO//lasso_traces_SyntaxSupportArrays31-QuantifiedArray.bpl/lasso_trace_1.txt,TERMINATING,2.40,53.02,-,6.00,TERMINATING,1,1,2,Affine Template / Affine Template
ATVA2026_benchmark/TERM_LASSO//lasso_traces_SyntaxSupportBooleans1.bpl/lasso_trace_1.txt,TERMINATING,2.13,26.67,36.70,3.00,TERMINATING,0,1,1,Affine Template / Affine Template
ATVA2026_benchmark/TERM_LASSO//lasso_traces_SyntaxSupportBooleans2.bpl/lasso_trace_1.txt,TERMINATING,1.50,55.95,35.48,3.00,TERMINATING,1,1,2,Affine Template / Affine Template
ATVA2026_benchmark/TERM_LASSO//lasso_traces_SyntaxSupportBooleans3.bpl/lasso_trace_1.txt,TERMINATING,2.91,75.04,37.67,9.00,TERMINATING,1,1,2,Affine Template / Affine Template
ATVA2026_benchmark/TERM_LASSO//lasso_traces_SyntaxSupportBooleans5.bpl/lasso_trace_1.txt,TERMINATING,1.82,738.33,40.47,30.00,UNKNOWN,0,1,1,2-Lexicographic Template
ATVA2026_benchmark/TERM_LASSO//lasso_traces_SyntaxSupportConst01.bpl/lasso_trace_1.txt,TERMINATING,1.91,28.68,37.86,3.00,TERMINATING,0,1,1,Affine Template / Affine Template
ATVA2026_benchmark/TERM_LASSO//lasso_traces_SyntaxSupportConst02.bpl/lasso_trace_1.txt,TERMINATING,2.18,55.92,35.95,5.00,TERMINATING,1,1,2,Affine Template / Affine Template
ATVA2026_benchmark/TERM_LASSO//lasso_traces_SyntaxSupportConst03.bpl/lasso_trace_1.txt,TERMINATING,1.66,48.27,39.08,6.00,TERMINATING,1,1,2,Affine Template / 2-Nested Template
ATVA2026_benchmark/TERM_LASSO//lasso_traces_SyntaxSupportDisjunction1.bpl/lasso_trace_1.txt,TERMINATING,2.15,35.99,51.90,8.00,TERMINATING,0,1,1,Affine Template / Affine Template
ATVA2026_benchmark/TERM_LASSO//lasso_traces_SyntaxSupportDisjunction3.bpl/lasso_trace_1.txt,TERMINATING,1.92,37.33,54.91,4.00,TERMINATING,0,1,1,Affine Template / Affine Template
ATVA2026_benchmark/TERM_LASSO//lasso_traces_SyntaxSupportDisjunction4.bpl/lasso_trace_1.txt,TERMINATING,1.94,295.97,39.61,34.00,UNKNOWN,0,1,1,2-Phase Template
ATVA2026_benchmark/TERM_LASSO//lasso_traces_SyntaxSupportDivision1.bpl/lasso_trace_1.txt,TERMINATING,2.19,78.99,40.81,13.00,TERMINATING,1,1,2,Affine Template / Affine Template
ATVA2026_benchmark/TERM_LASSO//lasso_traces_SyntaxSupportIte1.bpl/lasso_trace_1.txt,TERMINATING,1.85,91.22,43.39,10.00,TERMINATING,1,1,2,Affine Template / Affine Template
ATVA2026_benchmark/TERM_LASSO//lasso_traces_SyntaxSupportModulo1.bpl/lasso_trace_1.txt,TERMINATING,1.87,48.05,41.93,8.00,TERMINATING,1,1,2,Affine Template / Affine Template
ATVA2026_benchmark/TERM_LASSO//lasso_traces_SyntaxSupportNegation.bpl/lasso_trace_1.txt,TERMINATING,1.87,30.44,36.74,4.00,TERMINATING,0,1,1,Affine Template / Affine Template
ATVA2026_benchmark/TERM_LASSO//lasso_traces_taipan-bug-postunsound-oldvarassign.bpl/lasso_trace_1.txt,TERMINATING,2.41,51.58,48.06,8.00,TERMINATING,7,1,8,Affine Template / Affine Template
ATVA2026_benchmark/TERM_LASSO//lasso_traces_TaylorSeriesRec.bpl/lasso_trace_3.txt,TERMINATING,1.49,56.64,76.04,9.00,TERMINATING,0,3,3,Affine Template / Affine Template
ATVA2026_benchmark/TERM_LASSO//lasso_traces_TerminatorRec02.bpl/lasso_trace_1.txt,TERMINATING,1.89,80.84,102.42,7.00,TERMINATING,0,3,3,Affine Template / Affine Template
ATVA2026_benchmark/TERM_LASSO//lasso_traces_TerminatorRec04.bpl/lasso_trace_1.txt,TERMINATING,1.48,57.89,48.74,7.00,TERMINATING,0,3,3,Affine Template / Affine Template
ATVA2026_benchmark/TERM_LASSO//lasso_traces_TerminatorRec04.bpl/lasso_trace_3.txt,TERMINATING,0.36,43.05,-,8.00,TERMINATING,1,12,13,Affine Template / Affine Template
ATVA2026_benchmark/TERM_LASSO//lasso_traces_TerminatorRec04.bpl/lasso_trace_4.txt,TERMINATING,0.33,32.05,-,9.00,TERMINATING,2,17,19,Affine Template / Affine Template
ATVA2026_benchmark/TERM_LASSO//lasso_traces_Test9.bpl/lasso_trace_1.txt,TERMINATING,1.74,61.52,49.39,6.00,TERMINATING,1,1,2,Affine Template / Affine Template
ATVA2026_benchmark/TERM_LASSO//lasso_traces_Test9.bpl/lasso_trace_14.txt,TERMINATING,0.24,63.56,-,6.00,TERMINATING,19,17,36,Affine Template / Affine Template
ATVA2026_benchmark/TERM_LASSO//lasso_traces_ThreeLabelBug.bpl/lasso_trace_1.txt,TERMINATING,1.81,46.77,39.63,4.00,TERMINATING,1,1,2,Affine Template / Affine Template
ATVA2026_benchmark/TERM_LASSO//lasso_traces_Thun.bpl/lasso_trace_1.txt,TERMINATING,1.85,59.90,35.37,6.00,TERMINATING,0,1,1,2-Nested Template / 2-Nested Template
ATVA2026_benchmark/TERM_LASSO//lasso_traces_ThunPower2.bpl/lasso_trace_1.txt,TERMINATING,2.18,28.25,36.02,5.00,TERMINATING,0,1,1,Affine Template / Affine Template
ATVA2026_benchmark/TERM_LASSO//lasso_traces_TimesPlusUserDef.bpl/lasso_trace_1.txt,TERMINATING,1.69,78.54,96.38,10.00,TERMINATING,0,3,3,Affine Template / Affine Template
ATVA2026_benchmark/TERM_LASSO//lasso_traces_TimesPlusUserDef.bpl/lasso_trace_2.txt,TERMINATING,0.39,94.22,89.58,12.00,TERMINATING,1,4,5,Affine Template / Affine Template
ATVA2026_benchmark/TERM_LASSO//lasso_traces_TimesPlusUserDef.bpl/lasso_trace_3.txt,TERMINATING,0.42,65.48,74.93,8.00,TERMINATING,4,4,8,Affine Template / Affine Template
ATVA2026_benchmark/TERM_LASSO//lasso_traces_TimesPlusUserDef.bpl/lasso_trace_4.txt,TERMINATING,0.40,116.83,128.48,14.00,TERMINATING,4,4,8,Affine Template / Affine Template
ATVA2026_benchmark/TERM_LASSO//lasso_traces_TimesPlusUserDef.bpl/lasso_trace_5.txt,TERMINATING,0.32,53.30,158.60,13.00,TERMINATING,9,3,12,Affine Template / Affine Template
ATVA2026_benchmark/TERM_LASSO//lasso_traces_TIS.bpl/lasso_trace_1.txt,TERMINATING,1.94,59.80,56.44,6.00,TERMINATING,2,1,3,Affine Template / Affine Template
ATVA2026_benchmark/TERM_LASSO//lasso_traces_tripleNestedLoop.bpl/lasso_trace_2.txt,TERMINATING,0.44,31.43,30.77,5.00,TERMINATING,3,1,4,Affine Template / Affine Template
ATVA2026_benchmark/TERM_LASSO//lasso_traces_tripleNestedLoopSafe.bpl/lasso_trace_2.txt,TERMINATING,0.53,43.82,27.02,6.00,TERMINATING,3,1,4,Affine Template / Affine Template
ATVA2026_benchmark/TERM_LASSO//lasso_traces_TryingJordan.bpl/lasso_trace_1.txt,TERMINATING,1.81,41.77,74.16,5.00,TERMINATING,0,1,1,Affine Template / Affine Template
ATVA2026_benchmark/TERM_LASSO//lasso_traces_TUJJLR.bpl/lasso_trace_3.txt,TERMINATING,1.84,3281.31,-,203.00,UNKNOWN,2,3,5,Affine Template
ATVA2026_benchmark/TERM_LASSO//lasso_traces_TUJLRJ.bpl/lasso_trace_2.txt,TERMINATING,2.00,3196.84,-,197.00,UNKNOWN,2,2,4,Affine Template
ATVA2026_benchmark/TERM_LASSO//lasso_traces_TwoDimensional01-Sloviansk.bpl/lasso_trace_1.txt,TERMINATING,1.96,72.92,-,7.00,TERMINATING,1,1,2,Affine Template / Affine Template
ATVA2026_benchmark/TERM_LASSO//lasso_traces_TwoDimensional02-Kreminna.bpl/lasso_trace_1.txt,TERMINATING,1.94,80.13,-,8.00,TERMINATING,1,1,2,Affine Template / Affine Template
ATVA2026_benchmark/TERM_LASSO//lasso_traces_twoLoops.bpl/lasso_trace_1.txt,TERMINATING,2.00,48.66,34.52,8.00,TERMINATING,1,1,2,Affine Template / Affine Template
ATVA2026_benchmark/TERM_LASSO//lasso_traces_twoLoopsDifferentVars.bpl/lasso_trace_1.txt,TERMINATING,2.10,66.29,34.31,6.00,TERMINATING,1,1,2,Affine Template / Affine Template
ATVA2026_benchmark/TERM_LASSO//lasso_traces_twoLoopsDifferentVarsSafe2.bpl/lasso_trace_1.txt,TERMINATING,2.13,62.01,41.10,6.00,TERMINATING,1,1,2,Affine Template / Affine Template
ATVA2026_benchmark/TERM_LASSO//lasso_traces_twoLoopsDifferentVarsSafe.bpl/lasso_trace_1.txt,TERMINATING,2.02,58.44,35.23,6.00,TERMINATING,1,1,2,Affine Template / Affine Template
ATVA2026_benchmark/TERM_LASSO//lasso_traces_twoLoops_firstPart.bpl/lasso_trace_1.txt,TERMINATING,2.03,45.17,43.95,6.00,TERMINATING,1,1,2,Affine Template / Affine Template
ATVA2026_benchmark/TERM_LASSO//lasso_traces_twoLoopsSameVars.bpl/lasso_trace_1.txt,TERMINATING,1.95,43.36,38.18,5.00,TERMINATING,1,1,2,Affine Template / Affine Template
ATVA2026_benchmark/TERM_LASSO//lasso_traces_twoLoopsSameVarsSafe.bpl/lasso_trace_1.txt,TERMINATING,2.15,44.02,43.68,5.00,TERMINATING,1,1,2,Affine Template / Affine Template
ATVA2026_benchmark/TERM_LASSO//lasso_traces_twoLoopsSameVarsUnsafe.bpl/lasso_trace_1.txt,TERMINATING,1.87,51.05,34.08,5.00,TERMINATING,1,1,2,Affine Template / Affine Template
ATVA2026_benchmark/TERM_LASSO//lasso_traces_twoLoops_secondPart.bpl/lasso_trace_1.txt,TERMINATING,1.94,47.70,40.09,5.00,TERMINATING,1,1,2,Affine Template / Affine Template
ATVA2026_benchmark/TERM_LASSO//lasso_traces_UnboundedDecrease.bpl/lasso_trace_1.txt,TERMINATING,4.44,58.62,72.85,3.00,TERMINATING,0,1,1,Affine Template / Affine Template
ATVA2026_benchmark/TERM_LASSO//lasso_traces_unboundedStoreChain02.bpl/lasso_trace_1.txt,TERMINATING,2.61,64.49,-,8.00,TERMINATING,1,1,2,Affine Template / Affine Template
ATVA2026_benchmark/TERM_LASSO//lasso_traces_unsafeLoop.bpl/lasso_trace_1.txt,TERMINATING,1.94,58.20,44.27,8.00,TERMINATING,1,1,2,Affine Template / Affine Template
ATVA2026_benchmark/TERM_LASSO//lasso_traces_UnsatCoreUseful01.bpl/lasso_trace_1.txt,TERMINATING,3.06,99.87,44.82,5.00,TERMINATING,1,1,2,Affine Template / Affine Template
ATVA2026_benchmark/TERM_LASSO//lasso_traces_up.i_4.bpl/lasso_trace_1.txt,TERMINATING,3.10,139.74,84.49,9.00,TERMINATING,1,1,2,Affine Template / Affine Template
ATVA2026_benchmark/TERM_LASSO//lasso_traces_UselessIncrement.bpl/lasso_trace_1.txt,TERMINATING,2.62,100.60,86.52,10.00,TERMINATING,1,1,2,Affine Template / Affine Template
ATVA2026_benchmark/TERM_LASSO//lasso_traces_vass01.bpl/lasso_trace_1.txt,TERMINATING,2.36,52.45,83.66,4.00,TERMINATING,0,3,3,Affine Template / Affine Template
ATVA2026_benchmark/TERM_LASSO//lasso_traces_vass01.bpl/lasso_trace_2.txt,TERMINATING,0.46,16.59,27.03,5.00,TERMINATING,1,1,2,Affine Template / Affine Template
ATVA2026_benchmark/TERM_LASSO//lasso_traces_vass01.bpl/lasso_trace_3.txt,TERMINATING,0.47,19.70,32.58,5.00,TERMINATING,2,1,3,Affine Template / Affine Template
ATVA2026_benchmark/TERM_LASSO//lasso_traces_vass01.bpl/lasso_trace_5.txt,TERMINATING,1.13,51.23,64.97,8.00,TERMINATING,5,1,6,Affine Template / Affine Template
ATVA2026_benchmark/TERM_LASSO//lasso_traces_Velroyen08-whileDecr.bpl/lasso_trace_1.txt,TERMINATING,2.53,86.02,56.06,5.00,TERMINATING,1,1,2,Affine Template / Affine Template
ATVA2026_benchmark/TERM_LASSO//lasso_traces_Velroyen08-whileNested.bpl/lasso_trace_1.txt,TERMINATING,3.03,81.28,47.36,5.00,TERMINATING,1,2,3,Affine Template / Affine Template
ATVA2026_benchmark/TERM_LASSO//lasso_traces_Velroyen08-whileNestedOffset.bpl/lasso_trace_1.txt,TERMINATING,2.62,85.35,71.69,5.00,TERMINATING,1,2,3,Affine Template / Affine Template
ATVA2026_benchmark/TERM_LASSO//lasso_traces_Waldkirch.bpl/lasso_trace_1.txt,TERMINATING,2.44,34.71,39.76,3.00,TERMINATING,0,1,1,Affine Template / Affine Template
ATVA2026_benchmark/TERM_LASSO//lasso_traces_WaldkirchNegativeBound.bpl/lasso_trace_1.txt,TERMINATING,2.39,39.67,44.73,4.00,TERMINATING,0,1,1,Affine Template / Affine Template
ATVA2026_benchmark/TERM_LASSO//lasso_traces_WaldkirchUnsigned-ModuloResolved_true-termination.bpl/lasso_trace_1.txt,TERMINATING,3.43,38.23,48.25,5.00,TERMINATING,0,2,2,Affine Template / Affine Template
ATVA2026_benchmark/TERM_LASSO//lasso_traces_WaldkirchWithCruft.bpl/lasso_trace_1.txt,TERMINATING,2.94,62.51,84.30,8.00,TERMINATING,1,1,2,Affine Template / Affine Template
ATVA2026_benchmark/TERM_LASSO//lasso_traces_WaldkirchWithIrrelevantNotequals.bpl/lasso_trace_1.txt,TERMINATING,2.62,77.06,73.69,25.00,TERMINATING,0,1,1,Affine Template / Affine Template
ATVA2026_benchmark/TERM_LASSO//lasso_traces_WaldkirchWithProcedureCall.bpl/lasso_trace_1.txt,TERMINATING,2.99,52.98,38.03,4.00,TERMINATING,0,5,5,Affine Template / Affine Template
ATVA2026_benchmark/TERM_LASSO//lasso_traces_WaterTank1.bpl/lasso_trace_1.txt,TERMINATING,5.78,55.45,58.25,5.00,TERMINATING,1,1,2,Affine Template / Affine Template
ATVA2026_benchmark/TERM_LASSO//lasso_traces_WaterTank1-NumberVariables.bpl/lasso_trace_1.txt,TERMINATING,3.14,51.59,94.08,6.00,TERMINATING,1,1,2,Affine Template / Affine Template
ATVA2026_benchmark/TERM_LASSO//lasso_traces_WaterTank2-NumberVariables.bpl/lasso_trace_1.txt,TERMINATING,3.69,54.13,79.47,9.00,TERMINATING,1,1,2,Affine Template / Affine Template
ATVA2026_benchmark/TERM_LASSO//lasso_traces_weaver-popl20-mult-equiv.bpl/lasso_trace_1.txt,TERMINATING,3.04,144.04,65.14,18.00,TERMINATING,4,2,6,Affine Template / Affine Template
ATVA2026_benchmark/TERM_LASSO//lasso_traces_weaver-popl20-mult-equiv.bpl/lasso_trace_2.txt,TERMINATING,0.66,82.22,57.98,12.00,TERMINATING,5,2,7,Affine Template / Affine Template
ATVA2026_benchmark/TERM_LASSO//lasso_traces_Wellington.bpl/lasso_trace_1.txt,TERMINATING,2.02,39.41,38.09,3.00,TERMINATING,1,1,2,Affine Template / Affine Template
ATVA2026_benchmark/TERM_LASSO//lasso_traces_While.bpl/lasso_trace_2.txt,TERMINATING,0.93,94.06,65.87,19.00,TERMINATING,1,3,4,Affine Template / Affine Template
ATVA2026_benchmark/TERM_LASSO//lasso_traces_WhileLoop.bpl/lasso_trace_1.txt,TERMINATING,2.47,60.37,41.60,9.00,TERMINATING,1,1,2,Affine Template / Affine Template
ATVA2026_benchmark/TERM_LASSO//lasso_traces_wrongBFS.bpl/lasso_trace_1.txt,TERMINATING,3.30,30.74,52.65,4.00,TERMINATING,0,3,3,Affine Template / Affine Template
ATVA2026_benchmark/TERM_LASSO//lasso_traces_wrongBFS.bpl/lasso_trace_2.txt,TERMINATING,0.57,44.47,39.14,5.00,TERMINATING,2,3,5,Affine Template / Affine Template
ATVA2026_benchmark/TERM_LASSO//lasso_traces_wrongBFS-Safe.bpl/lasso_trace_1.txt,TERMINATING,2.45,70.31,50.59,6.00,TERMINATING,2,3,5,Affine Template / Affine Template
ATVA2026_benchmark/TERM_LASSO//lasso_traces_yPositive-SIscaled100.bpl/lasso_trace_1.txt,TERMINATING,4.51,4577.57,370.13,774.00,TERMINATING,1,1,2,Affine Template / Affine Template
ATVA2026_benchmark/TERM_LASSO//lasso_traces_yPositive-SIscaled50.bpl/lasso_trace_1.txt,TERMINATING,3.51,1648.07,159.80,180.00,TERMINATING,1,1,2,Affine Template / Affine Template
ATVA2026_benchmark/TERM_LASSO//lasso_traces_yPositive-SIscaled75.bpl/lasso_trace_1.txt,TERMINATING,9.58,3311.53,282.30,344.00,TERMINATING,1,1,2,Affine Template / 2-Nested Template
ATVA2026_benchmark/TERM_LASSO//lasso_traces_01-straight.c/lasso_trace_1.txt,TERMINATING,2.77,46.29,34.70,5.00,TERMINATING,10,1,11,Affine Template / Affine Template
ATVA2026_benchmark/TERM_LASSO//lasso_traces_04-toylinarith1_false-valid-ltl.c/lasso_trace_1.txt,TERMINATING,1.87,208.86,202.88,30.00,TERMINATING,8,1,9,Affine Template / Affine Template
ATVA2026_benchmark/TERM_LASSO//lasso_traces_1394complete-fail.t2.c/lasso_trace_1.txt,TERMINATING,1.72,266.23,731.48,26.00,TERMINATING,305,18,323,Affine Template / Affine Template
ATVA2026_benchmark/TERM_LASSO//lasso_traces_1394complete-fail.t2.c/lasso_trace_2.txt,TERMINATING,0.48,638.33,826.97,34.00,TERMINATING,322,53,375,Affine Template / Affine Template
ATVA2026_benchmark/TERM_LASSO//lasso_traces_1394complete-fail.t2.c/lasso_trace_3.txt,TERMINATING,0.85,324.55,407.52,28.00,TERMINATING,339,25,364,Affine Template / Affine Template
ATVA2026_benchmark/TERM_LASSO//lasso_traces_1394complete-succeed.t2.c/lasso_trace_1.txt,TERMINATING,2.15,284.88,758.74,26.00,TERMINATING,305,18,323,Affine Template / Affine Template
ATVA2026_benchmark/TERM_LASSO//lasso_traces_1394complete-succeed.t2.c/lasso_trace_2.txt,TERMINATING,0.49,677.70,892.41,32.00,TERMINATING,322,53,375,Affine Template / Affine Template
ATVA2026_benchmark/TERM_LASSO//lasso_traces_1394complete-succeed.t2.c/lasso_trace_3.txt,TERMINATING,0.54,338.97,418.02,29.00,TERMINATING,339,25,364,Affine Template / Affine Template
ATVA2026_benchmark/TERM_LASSO//lasso_traces_1394complete-succeed.t2.c/lasso_trace_4.txt,TERMINATING,0.47,465.73,556.52,34.00,TERMINATING,352,22,374,Affine Template / Affine Template
ATVA2026_benchmark/TERM_LASSO//lasso_traces_1394complete-succeed.t2.c/lasso_trace_5.txt,TERMINATING,0.41,291.90,342.55,30.00,TERMINATING,365,13,378,Affine Template / Affine Template
ATVA2026_benchmark/TERM_LASSO//lasso_traces_1394-fail.t2.c/lasso_trace_1.txt,TERMINATING,1.86,763.25,893.27,25.00,TERMINATING,297,18,315,Affine Template / Affine Template
ATVA2026_benchmark/TERM_LASSO//lasso_traces_1394-fail.t2.c/lasso_trace_2.txt,TERMINATING,0.54,870.07,3970.32,32.00,TERMINATING,314,53,367,Affine Template / Affine Template
ATVA2026_benchmark/TERM_LASSO//lasso_traces_1394-succeed.t2.c/lasso_trace_1.txt,TERMINATING,1.88,237.82,657.79,28.00,TERMINATING,293,18,311,Affine Template / Affine Template
ATVA2026_benchmark/TERM_LASSO//lasso_traces_1394-succeed.t2.c/lasso_trace_2.txt,TERMINATING,0.46,617.43,809.47,28.00,TERMINATING,310,53,363,Affine Template / Affine Template
ATVA2026_benchmark/TERM_LASSO//lasso_traces_1.t2.c/lasso_trace_1.txt,TERMINATING,2.03,100.38,214.88,14.00,TERMINATING,85,14,99,Affine Template / Affine Template
ATVA2026_benchmark/TERM_LASSO//lasso_traces_2006CAV-GopanReps-Fig1.c/lasso_trace_1.txt,TERMINATING,2.22,81.56,41.44,15.00,TERMINATING,5,3,8,Affine Template / Affine Template
ATVA2026_benchmark/TERM_LASSO//lasso_traces_2007POPL-GulwaniJojic-Figure3.c/lasso_trace_1.txt,TERMINATING,1.79,110.26,52.66,15.00,TERMINATING,5,2,7,Affine Template / Affine Template
ATVA2026_benchmark/TERM_LASSO//lasso_traces_232.t2.c/lasso_trace_2.txt,TERMINATING,1.49,40.11,49.69,6.00,TERMINATING,20,23,43,Affine Template / Affine Template
ATVA2026_benchmark/TERM_LASSO//lasso_traces_232.t2.c/lasso_trace_3.txt,TERMINATING,0.74,86.20,99.04,6.00,TERMINATING,25,13,38,Affine Template / Affine Template
ATVA2026_benchmark/TERM_LASSO//lasso_traces_241.t2.c/lasso_trace_2.txt,TERMINATING,6.16,75.17,103.91,6.00,TERMINATING,20,23,43,Affine Template / Affine Template
ATVA2026_benchmark/TERM_LASSO//lasso_traces_241.t2.c/lasso_trace_3.txt,TERMINATING,1.85,208.41,271.27,8.00,TERMINATING,25,13,38,Affine Template / Affine Template
ATVA2026_benchmark/TERM_LASSO//lasso_traces_2Nested-1.c/lasso_trace_1.txt,TERMINATING,5.21,889.96,225.34,15.00,TERMINATING,8,1,9,2-Nested Template / 2-Nested Template
ATVA2026_benchmark/TERM_LASSO//lasso_traces_2Nested-1_termination.c/lasso_trace_1.txt,TERMINATING,2.01,252.16,111.86,17.00,TERMINATING,8,1,9,2-Nested Template / 2-Nested Template
ATVA2026_benchmark/TERM_LASSO//lasso_traces_2Nested-2.c/lasso_trace_1.txt,TERMINATING,26.17,514.48,186.79,16.00,TERMINATING,5,1,6,2-Nested Template / 2-Nested Template
ATVA2026_benchmark/TERM_LASSO//lasso_traces_2Nested-2_no-overflow.c/lasso_trace_1.txt,TERMINATING,1.98,269.11,53.31,16.00,TERMINATING,5,1,6,2-Nested Template / 2-Nested Template
ATVA2026_benchmark/TERM_LASSO//lasso_traces_2Nested_true-termination.c/lasso_trace_1.txt,TERMINATING,2.65,324.96,130.29,15.00,TERMINATING,5,1,6,2-Nested Template / 2-Nested Template
ATVA2026_benchmark/TERM_LASSO//lasso_traces_2.t2.c/lasso_trace_1.txt,TERMINATING,2.49,487.26,742.54,14.00,TERMINATING,85,14,99,Affine Template / Affine Template
ATVA2026_benchmark/TERM_LASSO//lasso_traces_4NestedWith3Variables-1.c/lasso_trace_1.txt,TERMINATING,2.27,717.12,118.02,31.00,TERMINATING,8,1,9,3-Nested Template / 3-Nested Template
ATVA2026_benchmark/TERM_LASSO//lasso_traces_4NestedWith3Variables-1_termination.c/lasso_trace_1.txt,TERMINATING,2.13,770.82,127.10,29.00,TERMINATING,8,1,9,3-Nested Template / 3-Nested Template
ATVA2026_benchmark/TERM_LASSO//lasso_traces_4NestedWith3Variables-2.c/lasso_trace_1.txt,TERMINATING,4.02,836.69,156.77,38.00,TERMINATING,5,1,6,3-Nested Template / 4-Nested Template
ATVA2026_benchmark/TERM_LASSO//lasso_traces_4NestedWith3Variables-2_no-overflow.c/lasso_trace_1.txt,TERMINATING,2.67,768.25,131.87,32.00,TERMINATING,5,1,6,3-Nested Template / 4-Nested Template
ATVA2026_benchmark/TERM_LASSO//lasso_traces_4NestedWith3Variables_true-termination.c/lasso_trace_1.txt,TERMINATING,2.45,729.26,119.00,36.00,TERMINATING,5,1,6,3-Nested Template / 4-Nested Template
ATVA2026_benchmark/TERM_LASSO//lasso_traces_960521-1_1_true-valid-memsafety.c/lasso_trace_1.txt,TERMINATING,1.93,67.61,-,9.00,TERMINATING,5,2,7,Affine Template / Affine Template
ATVA2026_benchmark/TERM_LASSO//lasso_traces_a.01.c/lasso_trace_2.txt,TERMINATING,2.10,66.35,64.59,8.00,TERMINATING,1,3,4,Affine Template / Affine Template
ATVA2026_benchmark/TERM_LASSO//lasso_traces_a.01.c/lasso_trace_3.txt,TERMINATING,0.81,39.17,31.18,7.00,TERMINATING,2,1,3,Affine Template / Affine Template
ATVA2026_benchmark/TERM_LASSO//lasso_traces_a.01_false-no-overflow.c/lasso_trace_2.txt,TERMINATING,2.19,158.51,162.83,11.00,TERMINATING,5,3,8,Affine Template / Affine Template
ATVA2026_benchmark/TERM_LASSO//lasso_traces_a.01_false-no-overflow.c/lasso_trace_3.txt,TERMINATING,1.07,42.89,37.14,12.00,TERMINATING,6,1,7,Affine Template / Affine Template
ATVA2026_benchmark/TERM_LASSO//lasso_traces_a.01_no-overflow.c/lasso_trace_2.txt,TERMINATING,2.78,122.47,126.39,9.00,TERMINATING,5,3,8,Affine Template / Affine Template
ATVA2026_benchmark/TERM_LASSO//lasso_traces_a.01_no-overflow.c/lasso_trace_3.txt,TERMINATING,0.76,32.98,28.89,10.00,TERMINATING,6,1,7,Affine Template / Affine Template
ATVA2026_benchmark/TERM_LASSO//lasso_traces_a.01_true-termination.c/lasso_trace_2.txt,TERMINATING,1.78,55.08,101.84,7.00,TERMINATING,7,3,10,Affine Template / Affine Template
ATVA2026_benchmark/TERM_LASSO//lasso_traces_a.01_true-termination.c/lasso_trace_3.txt,TERMINATING,0.43,68.48,30.32,7.00,TERMINATING,8,1,9,Affine Template / Affine Template
ATVA2026_benchmark/TERM_LASSO//lasso_traces_a.03.c/lasso_trace_1.txt,TERMINATING,2.64,58.83,40.09,14.00,TERMINATING,1,2,3,Affine Template / Affine Template
ATVA2026_benchmark/TERM_LASSO//lasso_traces_a.03.c/lasso_trace_2.txt,TERMINATING,0.95,419.12,111.65,94.00,TERMINATING,2,3,5,Affine Template / Affine Template
ATVA2026_benchmark/TERM_LASSO//lasso_traces_a.03-no-inv.c/lasso_trace_1.txt,TERMINATING,4.18,73.45,42.85,16.00,TERMINATING,1,2,3,Affine Template / Affine Template
ATVA2026_benchmark/TERM_LASSO//lasso_traces_a.03-no-inv.c/lasso_trace_2.txt,TERMINATING,0.68,452.08,126.19,94.00,TERMINATING,2,3,5,Affine Template / Affine Template
ATVA2026_benchmark/TERM_LASSO//lasso_traces_a.03.real.c/lasso_trace_1.txt,TERMINATING,4.29,93.37,72.34,13.00,TERMINATING,1,3,4,Affine Template / Affine Template
ATVA2026_benchmark/TERM_LASSO//lasso_traces_a.03.real.c/lasso_trace_2.txt,TERMINATING,0.99,499.79,60.89,72.00,TERMINATING,2,4,6,Affine Template / Affine Template
ATVA2026_benchmark/TERM_LASSO//lasso_traces_a.03.real-no-inv.c/lasso_trace_1.txt,TERMINATING,4.44,105.10,66.33,12.00,TERMINATING,1,3,4,Affine Template / Affine Template
ATVA2026_benchmark/TERM_LASSO//lasso_traces_a.03.real-no-inv.c/lasso_trace_2.txt,TERMINATING,0.76,484.51,64.11,70.00,TERMINATING,2,4,6,Affine Template / Affine Template
ATVA2026_benchmark/TERM_LASSO//lasso_traces_a.04.c/lasso_trace_1.txt,TERMINATING,2.99,53.11,36.36,8.00,TERMINATING,1,1,2,Affine Template / Affine Template
ATVA2026_benchmark/TERM_LASSO//lasso_traces_a.04_false-no-overflow.c/lasso_trace_1.txt,TERMINATING,3.87,124.13,118.28,11.00,TERMINATING,5,1,6,Affine Template / Affine Template
ATVA2026_benchmark/TERM_LASSO//lasso_traces_a.04_no-overflow.c/lasso_trace_1.txt,TERMINATING,1.90,119.38,100.51,11.00,TERMINATING,5,1,6,Affine Template / Affine Template
ATVA2026_benchmark/TERM_LASSO//lasso_traces_a.04_true-termination.c/lasso_trace_1.txt,TERMINATING,2.24,93.81,60.91,8.00,TERMINATING,7,1,8,Affine Template / Affine Template
ATVA2026_benchmark/TERM_LASSO//lasso_traces_a.05.c/lasso_trace_1.txt,TERMINATING,2.11,49.97,38.19,9.00,TERMINATING,1,1,2,Affine Template / Affine Template
ATVA2026_benchmark/TERM_LASSO//lasso_traces_a.05_false-no-overflow.c/lasso_trace_1.txt,TERMINATING,2.36,152.36,142.06,10.00,TERMINATING,5,1,6,Affine Template / Affine Template
ATVA2026_benchmark/TERM_LASSO//lasso_traces_a.05_no-overflow.c/lasso_trace_1.txt,TERMINATING,1.87,124.66,99.89,11.00,TERMINATING,5,1,6,Affine Template / Affine Template
ATVA2026_benchmark/TERM_LASSO//lasso_traces_a.05_true-termination.c/lasso_trace_1.txt,TERMINATING,2.62,95.35,52.16,6.00,TERMINATING,7,1,8,Affine Template / Affine Template
ATVA2026_benchmark/TERM_LASSO//lasso_traces_a.06.c/lasso_trace_1.txt,TERMINATING,2.78,360.57,61.16,17.00,TERMINATING,1,1,2,Affine Template / Affine Template
ATVA2026_benchmark/TERM_LASSO//lasso_traces_a.06_false-no-overflow.c/lasso_trace_1.txt,TERMINATING,7.28,228.37,138.71,15.00,TERMINATING,5,1,6,Affine Template / Affine Template
ATVA2026_benchmark/TERM_LASSO//lasso_traces_a.06_no-overflow.c/lasso_trace_1.txt,TERMINATING,2.20,156.79,63.26,23.00,TERMINATING,5,1,6,Affine Template / Affine Template
ATVA2026_benchmark/TERM_LASSO//lasso_traces_a.06_true-termination.c/lasso_trace_1.txt,TERMINATING,1.97,101.88,54.47,15.00,TERMINATING,7,1,8,Affine Template / Affine Template
ATVA2026_benchmark/TERM_LASSO//lasso_traces_a.07.c/lasso_trace_1.txt,TERMINATING,2.97,65.60,42.73,7.00,TERMINATING,1,1,2,Affine Template / Affine Template
ATVA2026_benchmark/TERM_LASSO//lasso_traces_a.07_false-no-overflow.c/lasso_trace_1.txt,TERMINATING,2.46,85.73,50.57,14.00,TERMINATING,5,1,6,Affine Template / Affine Template
ATVA2026_benchmark/TERM_LASSO//lasso_traces_a.07_no-overflow.c/lasso_trace_1.txt,TERMINATING,2.13,78.56,53.53,12.00,TERMINATING,5,1,6,Affine Template / Affine Template
ATVA2026_benchmark/TERM_LASSO//lasso_traces_a.07_true-termination.c/lasso_trace_1.txt,TERMINATING,2.16,87.31,56.27,15.00,TERMINATING,7,1,8,Affine Template / Affine Template
ATVA2026_benchmark/TERM_LASSO//lasso_traces_a.08.c/lasso_trace_1.txt,TERMINATING,2.14,67.42,40.07,6.00,TERMINATING,1,1,2,Affine Template / Affine Template
ATVA2026_benchmark/TERM_LASSO//lasso_traces_a.08_false-no-overflow.c/lasso_trace_1.txt,TERMINATING,2.11,105.01,91.01,9.00,TERMINATING,5,1,6,Affine Template / Affine Template
ATVA2026_benchmark/TERM_LASSO//lasso_traces_a.08_no-overflow.c/lasso_trace_1.txt,TERMINATING,2.17,102.66,72.36,8.00,TERMINATING,5,1,6,Affine Template / Affine Template
ATVA2026_benchmark/TERM_LASSO//lasso_traces_a.08_true-termination.c/lasso_trace_1.txt,TERMINATING,2.03,108.34,93.58,8.00,TERMINATING,7,1,8,Affine Template / Affine Template
ATVA2026_benchmark/TERM_LASSO//lasso_traces_a.09_assume.c/lasso_trace_1.txt,TERMINATING,2.21,114.92,67.14,14.00,TERMINATING,5,1,6,Affine Template / Affine Template
ATVA2026_benchmark/TERM_LASSO//lasso_traces_a.09_assume_false-no-overflow.c/lasso_trace_1.txt,TERMINATING,3.81,102.63,63.45,13.00,TERMINATING,5,1,6,Affine Template / Affine Template
ATVA2026_benchmark/TERM_LASSO//lasso_traces_a.09_assume_no-overflow.c/lasso_trace_1.txt,TERMINATING,2.16,118.00,66.82,13.00,TERMINATING,5,1,6,Affine Template / Affine Template
ATVA2026_benchmark/TERM_LASSO//lasso_traces_a.09_assume_true-termination.c/lasso_trace_1.txt,TERMINATING,1.94,66.86,43.33,10.00,TERMINATING,8,2,10,Affine Template / Affine Template
ATVA2026_benchmark/TERM_LASSO//lasso_traces_a.10.c.t2.c/lasso_trace_2.txt,TERMINATING,1.89,141.28,172.68,14.00,TERMINATING,68,22,90,Affine Template / Affine Template
ATVA2026_benchmark/TERM_LASSO//lasso_traces_a.10.c.t2.c/lasso_trace_3.txt,TERMINATING,0.43,228.01,238.11,14.00,TERMINATING,72,22,94,Affine Template / Affine Template
ATVA2026_benchmark/TERM_LASSO//lasso_traces_a.10.c.t2.c/lasso_trace_4.txt,TERMINATING,0.36,111.87,329.41,15.00,TERMINATING,72,22,94,Affine Template / Affine Template
ATVA2026_benchmark/TERM_LASSO//lasso_traces_a.10.c.t2.c/lasso_trace_5.txt,TERMINATING,0.40,157.61,135.25,15.00,TERMINATING,84,22,106,Affine Template / Affine Template
ATVA2026_benchmark/TERM_LASSO//lasso_traces_a.10.c.t2.c/lasso_trace_7.txt,TERMINATING,0.43,92.32,88.00,37.00,TERMINATING,87,22,109,Affine Template / Affine Template
ATVA2026_benchmark/TERM_LASSO//lasso_traces_a.10.c.t2.c/lasso_trace_8.txt,TERMINATING,0.63,47.32,53.15,51.00,TERMINATING,101,22,123,Affine Template / Affine Template
ATVA2026_benchmark/TERM_LASSO//lasso_traces_a.11.c/lasso_trace_1.txt,TERMINATING,2.09,3337.39,50.71,31.00,TERMINATING,1,1,2,2-Phase Template / Affine Template
ATVA2026_benchmark/TERM_LASSO//lasso_traces_aaron2-1.c/lasso_trace_1.txt,TERMINATING,1.95,101.43,49.99,25.00,TERMINATING,8,1,9,Affine Template / Affine Template
ATVA2026_benchmark/TERM_LASSO//lasso_traces_aaron2-1_no-overflow.c/lasso_trace_1.txt,TERMINATING,1.87,112.86,58.99,28.00,TERMINATING,8,1,9,Affine Template / Affine Template
ATVA2026_benchmark/TERM_LASSO//lasso_traces_aaron2-2.c/lasso_trace_1.txt,TERMINATING,1.93,156.83,127.87,23.00,TERMINATING,5,1,6,Affine Template / Affine Template
ATVA2026_benchmark/TERM_LASSO//lasso_traces_aaron2-2_no-overflow.c/lasso_trace_1.txt,TERMINATING,1.83,174.21,142.94,22.00,TERMINATING,5,1,6,Affine Template / Affine Template
ATVA2026_benchmark/TERM_LASSO//lasso_traces_aaron2_true-termination.c/lasso_trace_1.txt,TERMINATING,3.36,164.73,127.98,21.00,TERMINATING,5,1,6,Affine Template / Affine Template
ATVA2026_benchmark/TERM_LASSO//lasso_traces_aaron3-1.c/lasso_trace_1.txt,TERMINATING,2.20,143.99,151.95,12.00,TERMINATING,9,2,11,Affine Template / Affine Template
ATVA2026_benchmark/TERM_LASSO//lasso_traces_aaron3-1.c/lasso_trace_2.txt,TERMINATING,0.61,132.87,141.38,17.00,TERMINATING,11,3,14,Affine Template / Affine Template
ATVA2026_benchmark/TERM_LASSO//lasso_traces_aaron3-1.c/lasso_trace_3.txt,TERMINATING,0.48,111.28,129.53,14.00,TERMINATING,12,2,14,Affine Template / Affine Template
ATVA2026_benchmark/TERM_LASSO//lasso_traces_aaron3-1.c/lasso_trace_4.txt,TERMINATING,0.43,32.63,156.04,15.00,TERMINATING,15,2,17,Affine Template / Affine Template
ATVA2026_benchmark/TERM_LASSO//lasso_traces_aaron3-1_no-overflow.c/lasso_trace_1.txt,TERMINATING,2.01,165.97,147.09,14.00,TERMINATING,9,2,11,Affine Template / Affine Template
ATVA2026_benchmark/TERM_LASSO//lasso_traces_aaron3-1_no-overflow.c/lasso_trace_2.txt,TERMINATING,0.57,152.86,152.90,17.00,TERMINATING,11,3,14,Affine Template / Affine Template
ATVA2026_benchmark/TERM_LASSO//lasso_traces_aaron3-1_no-overflow.c/lasso_trace_3.txt,TERMINATING,0.48,126.83,135.88,15.00,TERMINATING,12,2,14,Affine Template / Affine Template
ATVA2026_benchmark/TERM_LASSO//lasso_traces_aaron3-1_no-overflow.c/lasso_trace_4.txt,TERMINATING,0.34,36.69,157.36,14.00,TERMINATING,15,2,17,Affine Template / Affine Template
ATVA2026_benchmark/TERM_LASSO//lasso_traces_aaron3-2.c/lasso_trace_1.txt,TERMINATING,2.42,2753.71,68.02,60.00,TERMINATING,5,1,6,2-Phase Template / 2-Nested Template
ATVA2026_benchmark/TERM_LASSO//lasso_traces_aaron3-2_no-overflow.c/lasso_trace_1.txt,TERMINATING,2.30,2917.93,77.25,70.00,TERMINATING,5,1,6,2-Phase Template / 2-Nested Template
ATVA2026_benchmark/TERM_LASSO//lasso_traces_aaron3_true-termination.c/lasso_trace_1.txt,TERMINATING,2.30,2748.24,72.97,62.00,TERMINATING,5,1,6,2-Phase Template / 2-Nested Template
ATVA2026_benchmark/TERM_LASSO//lasso_traces_Ackermann01_true-termination.c/lasso_trace_1.txt,TERMINATING,2.48,95.43,120.29,14.00,TERMINATING,8,4,12,Affine Template / Affine Template
ATVA2026_benchmark/TERM_LASSO//lasso_traces_Ackermann01_true-termination.c/lasso_trace_2.txt,TERMINATING,0.60,68.93,80.27,37.00,TERMINATING,9,4,13,Affine Template / Affine Template
ATVA2026_benchmark/TERM_LASSO//lasso_traces_Ackermann01_true-termination.c/lasso_trace_3.txt,TERMINATING,0.47,162.00,149.85,40.00,TERMINATING,14,4,18,Affine Template / Affine Template
ATVA2026_benchmark/TERM_LASSO//lasso_traces_Ackermann-1.c/lasso_trace_1.txt,TERMINATING,3.03,112.58,196.24,29.00,TERMINATING,7,4,11,Affine Template / Affine Template
ATVA2026_benchmark/TERM_LASSO//lasso_traces_Ackermann-1.c/lasso_trace_12.txt,TERMINATING,0.33,100.51,115.42,28.00,TERMINATING,44,4,48,Affine Template / Affine Template
ATVA2026_benchmark/TERM_LASSO//lasso_traces_Ackermann-1.c/lasso_trace_2.txt,TERMINATING,0.39,139.79,155.35,31.00,TERMINATING,11,4,15,Affine Template / Affine Template
ATVA2026_benchmark/TERM_LASSO//lasso_traces_Ackermann-1.c/lasso_trace_5.txt,TERMINATING,0.40,135.72,75.97,25.00,TERMINATING,18,8,26,Affine Template / Affine Template
ATVA2026_benchmark/TERM_LASSO//lasso_traces_Ackermann-1.c/lasso_trace_6.txt,TERMINATING,0.45,140.07,156.38,38.00,TERMINATING,21,4,25,Affine Template / Affine Template
ATVA2026_benchmark/TERM_LASSO//lasso_traces_Ackermann-1_no-overflow.c/lasso_trace_1.txt,TERMINATING,1.79,125.20,182.12,33.00,TERMINATING,7,4,11,Affine Template / Affine Template
ATVA2026_benchmark/TERM_LASSO//lasso_traces_Ackermann-1_no-overflow.c/lasso_trace_12.txt,TERMINATING,0.34,95.34,108.36,29.00,TERMINATING,44,4,48,Affine Template / Affine Template
ATVA2026_benchmark/TERM_LASSO//lasso_traces_Ackermann-1_no-overflow.c/lasso_trace_2.txt,TERMINATING,0.43,121.91,141.86,30.00,TERMINATING,11,4,15,Affine Template / Affine Template
ATVA2026_benchmark/TERM_LASSO//lasso_traces_Ackermann-1_no-overflow.c/lasso_trace_5.txt,TERMINATING,0.38,126.99,66.92,14.00,TERMINATING,18,8,26,Affine Template / Affine Template
ATVA2026_benchmark/TERM_LASSO//lasso_traces_Ackermann-1_no-overflow.c/lasso_trace_6.txt,TERMINATING,0.38,126.78,147.60,38.00,TERMINATING,21,4,25,Affine Template / Affine Template
ATVA2026_benchmark/TERM_LASSO//lasso_traces_Ackermann-2.c/lasso_trace_1.txt,TERMINATING,2.28,121.02,195.44,30.00,TERMINATING,9,4,13,Affine Template / Affine Template
ATVA2026_benchmark/TERM_LASSO//lasso_traces_Ackermann-2.c/lasso_trace_3.txt,TERMINATING,0.39,76.35,31.06,14.00,TERMINATING,13,8,21,Affine Template / Affine Template
ATVA2026_benchmark/TERM_LASSO//lasso_traces_Ackermann-2.c/lasso_trace_4.txt,TERMINATING,0.45,73.09,141.39,40.00,TERMINATING,15,4,19,Affine Template / Affine Template
ATVA2026_benchmark/TERM_LASSO//lasso_traces_Ackermann-2_termination.c/lasso_trace_1.txt,TERMINATING,2.00,113.68,181.88,24.00,TERMINATING,9,4,13,Affine Template / Affine Template
ATVA2026_benchmark/TERM_LASSO//lasso_traces_Ackermann-2_termination.c/lasso_trace_3.txt,TERMINATING,0.37,73.34,26.15,16.00,TERMINATING,13,8,21,Affine Template / Affine Template
ATVA2026_benchmark/TERM_LASSO//lasso_traces_Ackermann-2_termination.c/lasso_trace_4.txt,TERMINATING,0.40,67.05,147.41,40.00,TERMINATING,15,4,19,Affine Template / Affine Template
ATVA2026_benchmark/TERM_LASSO//lasso_traces_Ackermann_true-termination.c/lasso_trace_1.txt,TERMINATING,2.11,102.99,197.50,30.00,TERMINATING,7,4,11,Affine Template / Affine Template
ATVA2026_benchmark/TERM_LASSO//lasso_traces_Ackermann_true-termination.c/lasso_trace_10.txt,TERMINATING,0.27,171.09,177.92,31.00,TERMINATING,56,4,60,Affine Template / Affine Template
ATVA2026_benchmark/TERM_LASSO//lasso_traces_Ackermann_true-termination.c/lasso_trace_3.txt,TERMINATING,0.35,80.89,27.90,17.00,TERMINATING,11,8,19,Affine Template / Affine Template
ATVA2026_benchmark/TERM_LASSO//lasso_traces_Ackermann_true-termination.c/lasso_trace_4.txt,TERMINATING,0.41,64.81,148.83,39.00,TERMINATING,13,4,17,Affine Template / Affine Template
ATVA2026_benchmark/TERM_LASSO//lasso_traces_Acsl01-EnsuresLocal-Safe.c/lasso_trace_1.txt,TERMINATING,2.13,66.23,75.01,10.00,TERMINATING,7,1,8,Affine Template / Affine Template
ATVA2026_benchmark/TERM_LASSO//lasso_traces_Acsl02-EnsuresLocal-Unsafe.c/lasso_trace_1.txt,TERMINATING,2.35,69.21,75.64,7.00,TERMINATING,7,1,8,Affine Template / Affine Template
ATVA2026_benchmark/TERM_LASSO//lasso_traces_Acsl03-EnsuresGlobal-Safe.c/lasso_trace_1.txt,TERMINATING,2.03,64.47,74.69,6.00,TERMINATING,7,1,8,Affine Template / Affine Template
ATVA2026_benchmark/TERM_LASSO//lasso_traces_Acsl04-EnsuresGlobal-Unsafe.c/lasso_trace_1.txt,TERMINATING,2.07,71.89,78.73,6.00,TERMINATING,7,1,8,Affine Template / Affine Template
ATVA2026_benchmark/TERM_LASSO//lasso_traces_ACSL-InvariantAndContinue.c/lasso_trace_1.txt,TERMINATING,1.71,45.75,51.57,6.00,TERMINATING,5,2,7,Affine Template / Affine Template
ATVA2026_benchmark/TERM_LASSO//lasso_traces_AcslLoopInvariant.c/lasso_trace_1.txt,TERMINATING,1.84,49.34,80.56,8.00,TERMINATING,5,2,7,Affine Template / Affine Template
ATVA2026_benchmark/TERM_LASSO//lasso_traces_Addition01_true-termination.c/lasso_trace_1.txt,TERMINATING,4.75,72.99,34.47,8.00,TERMINATING,8,4,12,Affine Template / Affine Template
ATVA2026_benchmark/TERM_LASSO//lasso_traces_Addition01_true-unreach-call_true-termination.c/lasso_trace_1.txt,TERMINATING,3.27,58.78,32.45,8.00,TERMINATING,8,4,12,Affine Template / Affine Template
ATVA2026_benchmark/TERM_LASSO//lasso_traces_afterrec_2calls_false-unreach-call.c/lasso_trace_1.txt,TERMINATING,1.83,67.26,48.91,5.00,TERMINATING,5,6,11,Affine Template / Affine Template
ATVA2026_benchmark/TERM_LASSO//lasso_traces_AliasDarteFeautrierGonnord-SAS2010-aaron2.c/lasso_trace_1.txt,TERMINATING,1.92,134.82,52.23,19.00,TERMINATING,5,1,6,Affine Template / Affine Template
ATVA2026_benchmark/TERM_LASSO//lasso_traces_AliasDarteFeautrierGonnord-SAS2010-aaron2_no-overflow.c/lasso_trace_1.txt,TERMINATING,1.78,124.94,53.90,17.00,TERMINATING,5,1,6,Affine Template / Affine Template
ATVA2026_benchmark/TERM_LASSO//lasso_traces_AliasDarteFeautrierGonnord-SAS2010-aaron2_true-termination.c/lasso_trace_1.txt,TERMINATING,2.46,133.28,56.40,17.00,TERMINATING,5,1,6,Affine Template / Affine Template
ATVA2026_benchmark/TERM_LASSO//lasso_traces_AliasDarteFeautrierGonnord-SAS2010-aaron3.c/lasso_trace_1.txt,TERMINATING,2.06,2326.50,42.34,44.00,TERMINATING,5,1,6,2-Phase Template / 2-Nested Template
ATVA2026_benchmark/TERM_LASSO//lasso_traces_AliasDarteFeautrierGonnord-SAS2010-aaron3_no-overflow.c/lasso_trace_1.txt,TERMINATING,2.05,2170.02,39.29,41.00,TERMINATING,5,1,6,2-Phase Template / 2-Nested Template
ATVA2026_benchmark/TERM_LASSO//lasso_traces_AliasDarteFeautrierGonnord-SAS2010-aaron3_true-termination.c/lasso_trace_1.txt,TERMINATING,2.40,2298.94,45.30,56.00,TERMINATING,5,1,6,2-Phase Template / 2-Nested Template
ATVA2026_benchmark/TERM_LASSO//lasso_traces_AliasDarteFeautrierGonnord-SAS2010-complex.c/lasso_trace_1.txt,TERMINATING,2.81,107.68,96.15,13.00,TERMINATING,5,2,7,Affine Template / Affine Template
ATVA2026_benchmark/TERM_LASSO//lasso_traces_AliasDarteFeautrierGonnord-SAS2010-complex.c/lasso_trace_2.txt,TERMINATING,0.74,125.95,70.91,24.00,TERMINATING,8,1,9,Affine Template / Affine Template
ATVA2026_benchmark/TERM_LASSO//lasso_traces_AliasDarteFeautrierGonnord-SAS2010-complex.c/lasso_trace_3.txt,TERMINATING,0.46,106.68,27.99,29.00,TERMINATING,10,1,11,Affine Template / Affine Template
ATVA2026_benchmark/TERM_LASSO//lasso_traces_AliasDarteFeautrierGonnord-SAS2010-complex.c/lasso_trace_4.txt,TERMINATING,0.66,73.44,29.24,26.00,TERMINATING,11,1,12,Affine Template / Affine Template
ATVA2026_benchmark/TERM_LASSO//lasso_traces_AliasDarteFeautrierGonnord-SAS2010-complex_no-overflow.c/lasso_trace_1.txt,TERMINATING,2.19,103.25,84.57,8.00,TERMINATING,5,2,7,Affine Template / Affine Template
ATVA2026_benchmark/TERM_LASSO//lasso_traces_AliasDarteFeautrierGonnord-SAS2010-complex_no-overflow.c/lasso_trace_2.txt,TERMINATING,0.53,116.58,69.51,24.00,TERMINATING,8,1,9,Affine Template / Affine Template
ATVA2026_benchmark/TERM_LASSO//lasso_traces_AliasDarteFeautrierGonnord-SAS2010-complex_no-overflow.c/lasso_trace_3.txt,TERMINATING,0.37,111.11,29.83,30.00,TERMINATING,10,1,11,Affine Template / Affine Template
ATVA2026_benchmark/TERM_LASSO//lasso_traces_AliasDarteFeautrierGonnord-SAS2010-complex_no-overflow.c/lasso_trace_4.txt,TERMINATING,0.59,81.51,30.74,26.00,TERMINATING,11,1,12,Affine Template / Affine Template
ATVA2026_benchmark/TERM_LASSO//lasso_traces_AliasDarteFeautrierGonnord-SAS2010-complex_true-termination.c/lasso_trace_1.txt,TERMINATING,2.20,117.25,94.57,8.00,TERMINATING,5,2,7,Affine Template / Affine Template
ATVA2026_benchmark/TERM_LASSO//lasso_traces_AliasDarteFeautrierGonnord-SAS2010-complex_true-termination.c/lasso_trace_2.txt,TERMINATING,0.87,124.48,71.09,25.00,TERMINATING,8,1,9,Affine Template / Affine Template
ATVA2026_benchmark/TERM_LASSO//lasso_traces_AliasDarteFeautrierGonnord-SAS2010-complex_true-termination.c/lasso_trace_3.txt,TERMINATING,0.47,121.65,34.61,29.00,TERMINATING,10,1,11,Affine Template / Affine Template
ATVA2026_benchmark/TERM_LASSO//lasso_traces_AliasDarteFeautrierGonnord-SAS2010-complex_true-termination.c/lasso_trace_4.txt,TERMINATING,0.44,78.68,30.15,30.00,TERMINATING,11,1,12,Affine Template / Affine Template
ATVA2026_benchmark/TERM_LASSO//lasso_traces_AliasDarteFeautrierGonnord-SAS2010-counterex1b.c/lasso_trace_2.txt,TERMINATING,2.14,58.41,49.64,11.00,TERMINATING,5,6,11,Affine Template / Affine Template
ATVA2026_benchmark/TERM_LASSO//lasso_traces_AliasDarteFeautrierGonnord-SAS2010-counterex1b.c/lasso_trace_3.txt,TERMINATING,0.54,129.16,133.16,10.00,TERMINATING,6,2,8,Affine Template / Affine Template
ATVA2026_benchmark/TERM_LASSO//lasso_traces_AliasDarteFeautrierGonnord-SAS2010-counterex1b.c/lasso_trace_4.txt,TERMINATING,0.39,95.27,162.63,11.00,TERMINATING,11,2,13,Affine Template / Affine Template
ATVA2026_benchmark/TERM_LASSO//lasso_traces_AliasDarteFeautrierGonnord-SAS2010-counterex1b.c/lasso_trace_5.txt,TERMINATING,0.37,84.85,131.27,11.00,TERMINATING,14,2,16,Affine Template / Affine Template
ATVA2026_benchmark/TERM_LASSO//lasso_traces_AliasDarteFeautrierGonnord-SAS2010-counterex1b.c/lasso_trace_6.txt,TERMINATING,0.30,1974.61,44.28,49.00,UNKNOWN,20,2,22,2-Phase Template
ATVA2026_benchmark/TERM_LASSO//lasso_traces_AliasDarteFeautrierGonnord-SAS2010-counterex1b_no-overflow.c/lasso_trace_2.txt,TERMINATING,2.63,54.25,51.78,11.00,TERMINATING,5,6,11,Affine Template / Affine Template
ATVA2026_benchmark/TERM_LASSO//lasso_traces_AliasDarteFeautrierGonnord-SAS2010-counterex1b_no-overflow.c/lasso_trace_3.txt,TERMINATING,0.78,122.49,122.82,11.00,TERMINATING,6,2,8,Affine Template / Affine Template
ATVA2026_benchmark/TERM_LASSO//lasso_traces_AliasDarteFeautrierGonnord-SAS2010-counterex1b_no-overflow.c/lasso_trace_4.txt,TERMINATING,0.41,93.83,147.86,11.00,TERMINATING,11,2,13,Affine Template / Affine Template
ATVA2026_benchmark/TERM_LASSO//lasso_traces_AliasDarteFeautrierGonnord-SAS2010-counterex1b_no-overflow.c/lasso_trace_5.txt,TERMINATING,0.31,82.28,130.18,11.00,TERMINATING,14,2,16,Affine Template / Affine Template
ATVA2026_benchmark/TERM_LASSO//lasso_traces_AliasDarteFeautrierGonnord-SAS2010-counterex1b_no-overflow.c/lasso_trace_6.txt,TERMINATING,0.34,2003.02,43.17,49.00,UNKNOWN,20,2,22,2-Phase Template
ATVA2026_benchmark/TERM_LASSO//lasso_traces_AliasDarteFeautrierGonnord-SAS2010-counterex1b_true-termination.c/lasso_trace_2.txt,TERMINATING,2.79,54.82,44.99,11.00,TERMINATING,5,6,11,Affine Template / Affine Template
ATVA2026_benchmark/TERM_LASSO//lasso_traces_AliasDarteFeautrierGonnord-SAS2010-counterex1b_true-termination.c/lasso_trace_3.txt,TERMINATING,0.51,136.49,138.50,10.00,TERMINATING,6,2,8,Affine Template / Affine Template
ATVA2026_benchmark/TERM_LASSO//lasso_traces_AliasDarteFeautrierGonnord-SAS2010-counterex1b_true-termination.c/lasso_trace_4.txt,TERMINATING,0.54,101.55,178.37,11.00,TERMINATING,11,2,13,Affine Template / Affine Template
ATVA2026_benchmark/TERM_LASSO//lasso_traces_AliasDarteFeautrierGonnord-SAS2010-counterex1b_true-termination.c/lasso_trace_5.txt,TERMINATING,0.33,76.10,138.82,11.00,TERMINATING,14,2,16,Affine Template / Affine Template
ATVA2026_benchmark/TERM_LASSO//lasso_traces_AliasDarteFeautrierGonnord-SAS2010-counterex1b_true-termination.c/lasso_trace_6.txt,TERMINATING,0.38,2018.57,42.55,49.00,UNKNOWN,20,2,22,2-Phase Template
ATVA2026_benchmark/TERM_LASSO//lasso_traces_AliasDarteFeautrierGonnord-SAS2010-easy1.c/lasso_trace_1.txt,TERMINATING,2.18,124.33,68.18,17.00,TERMINATING,5,1,6,Affine Template / Affine Template
ATVA2026_benchmark/TERM_LASSO//lasso_traces_AliasDarteFeautrierGonnord-SAS2010-easy1_no-overflow.c/lasso_trace_1.txt,TERMINATING,2.04,116.92,60.48,20.00,TERMINATING,5,1,6,Affine Template / Affine Template
ATVA2026_benchmark/TERM_LASSO//lasso_traces_AliasDarteFeautrierGonnord-SAS2010-easy1_true-termination.c/lasso_trace_1.txt,TERMINATING,2.09,121.92,67.66,20.00,TERMINATING,5,1,6,Affine Template / Affine Template
ATVA2026_benchmark/TERM_LASSO//lasso_traces_AliasDarteFeautrierGonnord-SAS2010-easy2-1.c/lasso_trace_1.txt,TERMINATING,1.98,73.56,86.26,10.00,TERMINATING,5,1,6,Affine Template / Affine Template
ATVA2026_benchmark/TERM_LASSO//lasso_traces_AliasDarteFeautrierGonnord-SAS2010-easy2-1_no-overflow.c/lasso_trace_1.txt,TERMINATING,2.06,70.86,83.36,10.00,TERMINATING,5,1,6,Affine Template / Affine Template
ATVA2026_benchmark/TERM_LASSO//lasso_traces_AliasDarteFeautrierGonnord-SAS2010-easy2-2.c/lasso_trace_1.txt,TERMINATING,2.15,73.21,78.71,9.00,TERMINATING,5,1,6,Affine Template / Affine Template
ATVA2026_benchmark/TERM_LASSO//lasso_traces_AliasDarteFeautrierGonnord-SAS2010-easy2-2_no-overflow.c/lasso_trace_1.txt,TERMINATING,1.92,68.70,75.07,9.00,TERMINATING,5,1,6,Affine Template / Affine Template
ATVA2026_benchmark/TERM_LASSO//lasso_traces_AliasDarteFeautrierGonnord-SAS2010-easy2_true-termination.c/lasso_trace_1.txt,TERMINATING,2.03,65.84,80.55,14.00,TERMINATING,5,1,6,Affine Template / Affine Template
ATVA2026_benchmark/TERM_LASSO//lasso_traces_AliasDarteFeautrierGonnord-SAS2010-exmini.c/lasso_trace_1.txt,TERMINATING,2.16,143.41,36.16,14.00,TERMINATING,5,1,6,Affine Template / Affine Template
ATVA2026_benchmark/TERM_LASSO//lasso_traces_AliasDarteFeautrierGonnord-SAS2010-exmini_no-overflow.c/lasso_trace_1.txt,TERMINATING,2.06,140.74,35.79,14.00,TERMINATING,5,1,6,Affine Template / Affine Template
ATVA2026_benchmark/TERM_LASSO//lasso_traces_AliasDarteFeautrierGonnord-SAS2010-exmini_true-termination.c/lasso_trace_1.txt,TERMINATING,2.15,140.77,35.44,14.00,TERMINATING,5,1,6,Affine Template / Affine Template
ATVA2026_benchmark/TERM_LASSO//lasso_traces_AliasDarteFeautrierGonnord-SAS2010-Fig1.c/lasso_trace_1.txt,TERMINATING,2.57,58.84,122.73,10.00,TERMINATING,5,3,8,Affine Template / Affine Template
ATVA2026_benchmark/TERM_LASSO//lasso_traces_AliasDarteFeautrierGonnord-SAS2010-Fig1.c/lasso_trace_2.txt,TERMINATING,0.37,108.18,108.72,11.00,TERMINATING,9,2,11,Affine Template / Affine Template
ATVA2026_benchmark/TERM_LASSO//lasso_traces_AliasDarteFeautrierGonnord-SAS2010-Fig1.c/lasso_trace_4.txt,TERMINATING,0.36,39.31,88.19,8.00,TERMINATING,11,6,17,Affine Template / Affine Template
ATVA2026_benchmark/TERM_LASSO//lasso_traces_AliasDarteFeautrierGonnord-SAS2010-Fig1.c/lasso_trace_6.txt,TERMINATING,0.29,85.79,116.11,12.00,TERMINATING,15,2,17,Affine Template / Affine Template
ATVA2026_benchmark/TERM_LASSO//lasso_traces_AliasDarteFeautrierGonnord-SAS2010-Fig1.c/lasso_trace_8.txt,TERMINATING,0.24,95.09,122.25,13.00,TERMINATING,32,3,35,Affine Template / Affine Template
ATVA2026_benchmark/TERM_LASSO//lasso_traces_AliasDarteFeautrierGonnord-SAS2010-Fig1_no-overflow.c/lasso_trace_1.txt,TERMINATING,1.85,58.70,108.71,10.00,TERMINATING,5,3,8,Affine Template / Affine Template
ATVA2026_benchmark/TERM_LASSO//lasso_traces_AliasDarteFeautrierGonnord-SAS2010-Fig1_no-overflow.c/lasso_trace_2.txt,TERMINATING,0.38,102.52,102.62,12.00,TERMINATING,9,2,11,Affine Template / Affine Template
ATVA2026_benchmark/TERM_LASSO//lasso_traces_AliasDarteFeautrierGonnord-SAS2010-Fig1_no-overflow.c/lasso_trace_4.txt,TERMINATING,0.45,42.30,92.93,8.00,TERMINATING,11,6,17,Affine Template / Affine Template
ATVA2026_benchmark/TERM_LASSO//lasso_traces_AliasDarteFeautrierGonnord-SAS2010-Fig1_no-overflow.c/lasso_trace_6.txt,TERMINATING,0.30,86.75,109.74,12.00,TERMINATING,15,2,17,Affine Template / Affine Template
ATVA2026_benchmark/TERM_LASSO//lasso_traces_AliasDarteFeautrierGonnord-SAS2010-Fig1_no-overflow.c/lasso_trace_8.txt,TERMINATING,0.29,88.19,123.73,12.00,TERMINATING,32,3,35,Affine Template / Affine Template
ATVA2026_benchmark/TERM_LASSO//lasso_traces_AliasDarteFeautrierGonnord-SAS2010-Fig1_true-termination.c/lasso_trace_1.txt,TERMINATING,2.01,55.21,122.61,11.00,TERMINATING,5,3,8,Affine Template / Affine Template
ATVA2026_benchmark/TERM_LASSO//lasso_traces_AliasDarteFeautrierGonnord-SAS2010-Fig1_true-termination.c/lasso_trace_2.txt,TERMINATING,0.41,107.20,121.42,12.00,TERMINATING,9,2,11,Affine Template / Affine Template
ATVA2026_benchmark/TERM_LASSO//lasso_traces_AliasDarteFeautrierGonnord-SAS2010-Fig1_true-termination.c/lasso_trace_4.txt,TERMINATING,0.50,39.87,96.87,8.00,TERMINATING,11,6,17,Affine Template / Affine Template
ATVA2026_benchmark/TERM_LASSO//lasso_traces_AliasDarteFeautrierGonnord-SAS2010-Fig1_true-termination.c/lasso_trace_6.txt,TERMINATING,0.30,84.75,119.27,12.00,TERMINATING,15,2,17,Affine Template / Affine Template
ATVA2026_benchmark/TERM_LASSO//lasso_traces_AliasDarteFeautrierGonnord-SAS2010-Fig1_true-termination.c/lasso_trace_8.txt,TERMINATING,0.29,82.35,132.95,12.00,TERMINATING,32,3,35,Affine Template / Affine Template
ATVA2026_benchmark/TERM_LASSO//lasso_traces_AliasDarteFeautrierGonnord-SAS2010-Fig2a.c/lasso_trace_2.txt,TERMINATING,2.06,134.08,132.97,8.00,TERMINATING,5,4,9,Affine Template / Affine Template
ATVA2026_benchmark/TERM_LASSO//lasso_traces_AliasDarteFeautrierGonnord-SAS2010-Fig2a.c/lasso_trace_3.txt,TERMINATING,0.93,1485.57,111.33,49.00,UNKNOWN,7,2,9,2-Phase Template
ATVA2026_benchmark/TERM_LASSO//lasso_traces_AliasDarteFeautrierGonnord-SAS2010-Fig2a.c/lasso_trace_4.txt,TERMINATING,0.36,1502.76,29.98,49.00,UNKNOWN,11,2,13,2-Phase Template
ATVA2026_benchmark/TERM_LASSO//lasso_traces_AliasDarteFeautrierGonnord-SAS2010-Fig2a_no-overflow.c/lasso_trace_2.txt,TERMINATING,1.88,128.22,119.04,13.00,TERMINATING,5,4,9,Affine Template / Affine Template
ATVA2026_benchmark/TERM_LASSO//lasso_traces_AliasDarteFeautrierGonnord-SAS2010-Fig2a_no-overflow.c/lasso_trace_3.txt,TERMINATING,0.46,1458.64,106.21,51.00,UNKNOWN,7,2,9,2-Phase Template
ATVA2026_benchmark/TERM_LASSO//lasso_traces_AliasDarteFeautrierGonnord-SAS2010-Fig2a_no-overflow.c/lasso_trace_4.txt,TERMINATING,0.36,1487.89,28.87,51.00,UNKNOWN,11,2,13,2-Phase Template
ATVA2026_benchmark/TERM_LASSO//lasso_traces_AliasDarteFeautrierGonnord-SAS2010-Fig2a_true-termination.c/lasso_trace_2.txt,TERMINATING,2.21,132.62,144.06,15.00,TERMINATING,5,4,9,Affine Template / Affine Template
ATVA2026_benchmark/TERM_LASSO//lasso_traces_AliasDarteFeautrierGonnord-SAS2010-Fig2a_true-termination.c/lasso_trace_3.txt,TERMINATING,0.86,1617.87,114.92,54.00,UNKNOWN,7,2,9,2-Phase Template
ATVA2026_benchmark/TERM_LASSO//lasso_traces_AliasDarteFeautrierGonnord-SAS2010-Fig2a_true-termination.c/lasso_trace_4.txt,TERMINATING,0.62,1558.03,29.68,49.00,UNKNOWN,11,2,13,2-Phase Template
ATVA2026_benchmark/TERM_LASSO//lasso_traces_AliasDarteFeautrierGonnord-SAS2010-Fig2b.c/lasso_trace_10.txt,TERMINATING,0.28,62.85,27.96,12.00,TERMINATING,14,11,25,Affine Template / Affine Template
ATVA2026_benchmark/TERM_LASSO//lasso_traces_AliasDarteFeautrierGonnord-SAS2010-Fig2b.c/lasso_trace_11.txt,TERMINATING,0.32,119.29,55.33,13.00,TERMINATING,21,11,32,Affine Template / Affine Template
ATVA2026_benchmark/TERM_LASSO//lasso_traces_AliasDarteFeautrierGonnord-SAS2010-Fig2b.c/lasso_trace_12.txt,TERMINATING,0.33,117.66,168.88,9.00,TERMINATING,14,13,27,Affine Template / Affine Template
ATVA2026_benchmark/TERM_LASSO//lasso_traces_AliasDarteFeautrierGonnord-SAS2010-Fig2b.c/lasso_trace_13.txt,TERMINATING,0.65,91.29,98.05,12.00,TERMINATING,18,13,31,Affine Template / Affine Template
ATVA2026_benchmark/TERM_LASSO//lasso_traces_AliasDarteFeautrierGonnord-SAS2010-Fig2b.c/lasso_trace_14.txt,TERMINATING,0.31,108.48,40.10,12.00,TERMINATING,25,4,29,Affine Template / Affine Template
ATVA2026_benchmark/TERM_LASSO//lasso_traces_AliasDarteFeautrierGonnord-SAS2010-Fig2b.c/lasso_trace_15.txt,TERMINATING,0.34,121.31,41.11,14.00,TERMINATING,25,15,40,Affine Template / Affine Template
ATVA2026_benchmark/TERM_LASSO//lasso_traces_AliasDarteFeautrierGonnord-SAS2010-Fig2b.c/lasso_trace_2.txt,TERMINATING,2.00,73.81,64.51,13.00,TERMINATING,5,4,9,Affine Template / Affine Template
ATVA2026_benchmark/TERM_LASSO//lasso_traces_AliasDarteFeautrierGonnord-SAS2010-Fig2b.c/lasso_trace_3.txt,TERMINATING,0.59,1834.89,119.95,51.00,UNKNOWN,7,5,12,2-Phase Template
ATVA2026_benchmark/TERM_LASSO//lasso_traces_AliasDarteFeautrierGonnord-SAS2010-Fig2b.c/lasso_trace_4.txt,TERMINATING,0.33,74.84,28.60,12.00,TERMINATING,8,2,10,Affine Template / Affine Template
ATVA2026_benchmark/TERM_LASSO//lasso_traces_AliasDarteFeautrierGonnord-SAS2010-Fig2b.c/lasso_trace_5.txt,TERMINATING,0.36,127.11,87.81,24.00,TERMINATING,13,5,18,Affine Template / Affine Template
ATVA2026_benchmark/TERM_LASSO//lasso_traces_AliasDarteFeautrierGonnord-SAS2010-Fig2b.c/lasso_trace_6.txt,TERMINATING,0.36,69.22,107.08,13.00,TERMINATING,15,4,19,Affine Template / Affine Template
ATVA2026_benchmark/TERM_LASSO//lasso_traces_AliasDarteFeautrierGonnord-SAS2010-Fig2b.c/lasso_trace_7.txt,TERMINATING,0.32,1893.01,117.66,48.00,UNKNOWN,16,5,21,2-Phase Template
ATVA2026_benchmark/TERM_LASSO//lasso_traces_AliasDarteFeautrierGonnord-SAS2010-Fig2b.c/lasso_trace_8.txt,TERMINATING,0.38,119.26,138.94,8.00,TERMINATING,17,2,19,Affine Template / Affine Template
ATVA2026_benchmark/TERM_LASSO//lasso_traces_AliasDarteFeautrierGonnord-SAS2010-Fig2b.c/lasso_trace_9.txt,TERMINATING,0.53,100.80,90.51,13.00,TERMINATING,19,4,23,Affine Template / Affine Template
ATVA2026_benchmark/TERM_LASSO//lasso_traces_AliasDarteFeautrierGonnord-SAS2010-Fig2b_no-overflow.c/lasso_trace_10.txt,TERMINATING,0.30,55.48,25.90,9.00,TERMINATING,14,11,25,Affine Template / Affine Template
ATVA2026_benchmark/TERM_LASSO//lasso_traces_AliasDarteFeautrierGonnord-SAS2010-Fig2b_no-overflow.c/lasso_trace_11.txt,TERMINATING,0.27,115.80,49.59,13.00,TERMINATING,21,11,32,Affine Template / Affine Template
ATVA2026_benchmark/TERM_LASSO//lasso_traces_AliasDarteFeautrierGonnord-SAS2010-Fig2b_no-overflow.c/lasso_trace_12.txt,TERMINATING,0.24,115.57,156.70,9.00,TERMINATING,14,13,27,Affine Template / Affine Template
ATVA2026_benchmark/TERM_LASSO//lasso_traces_AliasDarteFeautrierGonnord-SAS2010-Fig2b_no-overflow.c/lasso_trace_13.txt,TERMINATING,0.25,83.21,85.27,12.00,TERMINATING,18,13,31,Affine Template / Affine Template
ATVA2026_benchmark/TERM_LASSO//lasso_traces_AliasDarteFeautrierGonnord-SAS2010-Fig2b_no-overflow.c/lasso_trace_14.txt,TERMINATING,0.28,100.76,38.94,9.00,TERMINATING,25,4,29,Affine Template / Affine Template
ATVA2026_benchmark/TERM_LASSO//lasso_traces_AliasDarteFeautrierGonnord-SAS2010-Fig2b_no-overflow.c/lasso_trace_15.txt,TERMINATING,0.32,110.64,40.88,9.00,TERMINATING,25,15,40,Affine Template / Affine Template
ATVA2026_benchmark/TERM_LASSO//lasso_traces_AliasDarteFeautrierGonnord-SAS2010-Fig2b_no-overflow.c/lasso_trace_2.txt,TERMINATING,1.82,65.54,63.15,8.00,TERMINATING,5,4,9,Affine Template / Affine Template
ATVA2026_benchmark/TERM_LASSO//lasso_traces_AliasDarteFeautrierGonnord-SAS2010-Fig2b_no-overflow.c/lasso_trace_3.txt,TERMINATING,0.51,1713.04,106.95,54.00,UNKNOWN,7,5,12,2-Phase Template
ATVA2026_benchmark/TERM_LASSO//lasso_traces_AliasDarteFeautrierGonnord-SAS2010-Fig2b_no-overflow.c/lasso_trace_4.txt,TERMINATING,0.28,51.01,25.91,12.00,TERMINATING,8,2,10,Affine Template / Affine Template
ATVA2026_benchmark/TERM_LASSO//lasso_traces_AliasDarteFeautrierGonnord-SAS2010-Fig2b_no-overflow.c/lasso_trace_5.txt,TERMINATING,0.28,122.14,75.97,24.00,TERMINATING,13,5,18,Affine Template / Affine Template
ATVA2026_benchmark/TERM_LASSO//lasso_traces_AliasDarteFeautrierGonnord-SAS2010-Fig2b_no-overflow.c/lasso_trace_6.txt,TERMINATING,0.31,67.63,95.77,12.00,TERMINATING,15,4,19,Affine Template / Affine Template
ATVA2026_benchmark/TERM_LASSO//lasso_traces_AliasDarteFeautrierGonnord-SAS2010-Fig2b_no-overflow.c/lasso_trace_7.txt,TERMINATING,0.31,1689.19,112.41,51.00,UNKNOWN,16,5,21,2-Phase Template
ATVA2026_benchmark/TERM_LASSO//lasso_traces_AliasDarteFeautrierGonnord-SAS2010-Fig2b_no-overflow.c/lasso_trace_8.txt,TERMINATING,0.31,121.24,138.79,9.00,TERMINATING,17,2,19,Affine Template / Affine Template
ATVA2026_benchmark/TERM_LASSO//lasso_traces_AliasDarteFeautrierGonnord-SAS2010-Fig2b_no-overflow.c/lasso_trace_9.txt,TERMINATING,0.30,90.93,88.35,13.00,TERMINATING,19,4,23,Affine Template / Affine Template
ATVA2026_benchmark/TERM_LASSO//lasso_traces_AliasDarteFeautrierGonnord-SAS2010-Fig2b_true-termination.c/lasso_trace_10.txt,TERMINATING,0.37,63.95,26.89,12.00,TERMINATING,14,11,25,Affine Template / Affine Template
ATVA2026_benchmark/TERM_LASSO//lasso_traces_AliasDarteFeautrierGonnord-SAS2010-Fig2b_true-termination.c/lasso_trace_11.txt,TERMINATING,0.28,124.93,54.52,12.00,TERMINATING,21,11,32,Affine Template / Affine Template
ATVA2026_benchmark/TERM_LASSO//lasso_traces_AliasDarteFeautrierGonnord-SAS2010-Fig2b_true-termination.c/lasso_trace_12.txt,TERMINATING,0.32,118.42,164.99,9.00,TERMINATING,14,13,27,Affine Template / Affine Template
ATVA2026_benchmark/TERM_LASSO//lasso_traces_AliasDarteFeautrierGonnord-SAS2010-Fig2b_true-termination.c/lasso_trace_13.txt,TERMINATING,0.33,96.77,85.85,9.00,TERMINATING,18,13,31,Affine Template / Affine Template
ATVA2026_benchmark/TERM_LASSO//lasso_traces_AliasDarteFeautrierGonnord-SAS2010-Fig2b_true-termination.c/lasso_trace_14.txt,TERMINATING,0.35,114.13,47.02,9.00,TERMINATING,25,4,29,Affine Template / Affine Template
ATVA2026_benchmark/TERM_LASSO//lasso_traces_AliasDarteFeautrierGonnord-SAS2010-Fig2b_true-termination.c/lasso_trace_15.txt,TERMINATING,0.34,123.82,42.24,9.00,TERMINATING,25,15,40,Affine Template / Affine Template
ATVA2026_benchmark/TERM_LASSO//lasso_traces_AliasDarteFeautrierGonnord-SAS2010-Fig2b_true-termination.c/lasso_trace_2.txt,TERMINATING,2.31,76.44,62.38,16.00,TERMINATING,5,4,9,Affine Template / Affine Template
ATVA2026_benchmark/TERM_LASSO//lasso_traces_AliasDarteFeautrierGonnord-SAS2010-Fig2b_true-termination.c/lasso_trace_3.txt,TERMINATING,0.48,1856.12,110.70,57.00,UNKNOWN,7,5,12,2-Phase Template
ATVA2026_benchmark/TERM_LASSO//lasso_traces_AliasDarteFeautrierGonnord-SAS2010-Fig2b_true-termination.c/lasso_trace_4.txt,TERMINATING,0.44,62.97,36.90,12.00,TERMINATING,8,2,10,Affine Template / Affine Template
ATVA2026_benchmark/TERM_LASSO//lasso_traces_AliasDarteFeautrierGonnord-SAS2010-Fig2b_true-termination.c/lasso_trace_5.txt,TERMINATING,0.37,122.09,84.06,26.00,TERMINATING,13,5,18,Affine Template / Affine Template
ATVA2026_benchmark/TERM_LASSO//lasso_traces_AliasDarteFeautrierGonnord-SAS2010-Fig2b_true-termination.c/lasso_trace_6.txt,TERMINATING,0.30,68.19,106.93,13.00,TERMINATING,15,4,19,Affine Template / Affine Template
ATVA2026_benchmark/TERM_LASSO//lasso_traces_AliasDarteFeautrierGonnord-SAS2010-Fig2b_true-termination.c/lasso_trace_7.txt,TERMINATING,0.38,1735.81,123.94,54.00,UNKNOWN,16,5,21,2-Phase Template
ATVA2026_benchmark/TERM_LASSO//lasso_traces_AliasDarteFeautrierGonnord-SAS2010-Fig2b_true-termination.c/lasso_trace_8.txt,TERMINATING,0.35,125.80,140.50,17.00,TERMINATING,17,2,19,Affine Template / Affine Template
ATVA2026_benchmark/TERM_LASSO//lasso_traces_AliasDarteFeautrierGonnord-SAS2010-Fig2b_true-termination.c/lasso_trace_9.txt,TERMINATING,0.33,95.49,94.37,13.00,TERMINATING,19,4,23,Affine Template / Affine Template
ATVA2026_benchmark/TERM_LASSO//lasso_traces_AliasDarteFeautrierGonnord-SAS2010-loops.c/lasso_trace_1.txt,TERMINATING,2.58,121.17,75.56,9.00,TERMINATING,6,3,9,Affine Template / Affine Template
ATVA2026_benchmark/TERM_LASSO//lasso_traces_AliasDarteFeautrierGonnord-SAS2010-loops_no-overflow.c/lasso_trace_1.txt,TERMINATING,1.71,113.58,69.62,12.00,TERMINATING,6,3,9,Affine Template / Affine Template
ATVA2026_benchmark/TERM_LASSO//lasso_traces_AliasDarteFeautrierGonnord-SAS2010-loops_true-termination.c/lasso_trace_1.txt,TERMINATING,2.10,120.99,75.22,9.00,TERMINATING,6,3,9,Affine Template / Affine Template
ATVA2026_benchmark/TERM_LASSO//lasso_traces_AliasDarteFeautrierGonnord-SAS2010-ndecr.c/lasso_trace_1.txt,TERMINATING,2.10,99.04,90.06,13.00,TERMINATING,5,1,6,Affine Template / Affine Template
ATVA2026_benchmark/TERM_LASSO//lasso_traces_AliasDarteFeautrierGonnord-SAS2010-ndecr_no-overflow.c/lasso_trace_1.txt,TERMINATING,1.92,98.61,82.24,10.00,TERMINATING,5,1,6,Affine Template / Affine Template
ATVA2026_benchmark/TERM_LASSO//lasso_traces_AliasDarteFeautrierGonnord-SAS2010-ndecr_true-termination.c/lasso_trace_1.txt,TERMINATING,2.09,102.82,89.14,8.00,TERMINATING,5,1,6,Affine Template / Affine Template
ATVA2026_benchmark/TERM_LASSO//lasso_traces_AliasDarteFeautrierGonnord-SAS2010-nestedLoop-1.c/lasso_trace_1.txt,TERMINATING,2.31,75.40,204.89,14.00,TERMINATING,6,2,8,Affine Template / Affine Template
ATVA2026_benchmark/TERM_LASSO//lasso_traces_AliasDarteFeautrierGonnord-SAS2010-nestedLoop-1.c/lasso_trace_2.txt,TERMINATING,0.69,182.27,197.29,13.00,TERMINATING,8,1,9,Affine Template / Affine Template
ATVA2026_benchmark/TERM_LASSO//lasso_traces_AliasDarteFeautrierGonnord-SAS2010-nestedLoop-1.c/lasso_trace_3.txt,TERMINATING,0.44,90.01,183.59,14.00,TERMINATING,9,2,11,Affine Template / Affine Template
ATVA2026_benchmark/TERM_LASSO//lasso_traces_AliasDarteFeautrierGonnord-SAS2010-nestedLoop-1.c/lasso_trace_5.txt,TERMINATING,0.38,141.52,125.65,14.00,TERMINATING,10,4,14,Affine Template / Affine Template
ATVA2026_benchmark/TERM_LASSO//lasso_traces_AliasDarteFeautrierGonnord-SAS2010-nestedLoop-1.c/lasso_trace_6.txt,TERMINATING,0.41,103.36,172.43,9.00,TERMINATING,11,2,13,Affine Template / Affine Template
ATVA2026_benchmark/TERM_LASSO//lasso_traces_AliasDarteFeautrierGonnord-SAS2010-nestedLoop-1_no-overflow.c/lasso_trace_1.txt,TERMINATING,1.89,56.24,194.95,14.00,TERMINATING,6,2,8,Affine Template / Affine Template
ATVA2026_benchmark/TERM_LASSO//lasso_traces_AliasDarteFeautrierGonnord-SAS2010-nestedLoop-1_no-overflow.c/lasso_trace_2.txt,TERMINATING,0.46,173.44,170.72,13.00,TERMINATING,8,1,9,Affine Template / Affine Template
ATVA2026_benchmark/TERM_LASSO//lasso_traces_AliasDarteFeautrierGonnord-SAS2010-nestedLoop-1_no-overflow.c/lasso_trace_3.txt,TERMINATING,0.40,81.04,182.81,14.00,TERMINATING,9,2,11,Affine Template / Affine Template
ATVA2026_benchmark/TERM_LASSO//lasso_traces_AliasDarteFeautrierGonnord-SAS2010-nestedLoop-1_no-overflow.c/lasso_trace_5.txt,TERMINATING,0.30,137.73,133.73,14.00,TERMINATING,10,4,14,Affine Template / Affine Template
ATVA2026_benchmark/TERM_LASSO//lasso_traces_AliasDarteFeautrierGonnord-SAS2010-nestedLoop-1_no-overflow.c/lasso_trace_6.txt,TERMINATING,0.32,94.65,163.62,10.00,TERMINATING,11,2,13,Affine Template / Affine Template
ATVA2026_benchmark/TERM_LASSO//lasso_traces_AliasDarteFeautrierGonnord-SAS2010-nestedLoop-2.c/lasso_trace_1.txt,TERMINATING,2.46,65.73,207.20,14.00,TERMINATING,6,2,8,Affine Template / Affine Template
ATVA2026_benchmark/TERM_LASSO//lasso_traces_AliasDarteFeautrierGonnord-SAS2010-nestedLoop-2.c/lasso_trace_2.txt,TERMINATING,0.96,187.16,205.69,12.00,TERMINATING,8,1,9,Affine Template / Affine Template
ATVA2026_benchmark/TERM_LASSO//lasso_traces_AliasDarteFeautrierGonnord-SAS2010-nestedLoop-2.c/lasso_trace_3.txt,TERMINATING,0.43,89.22,182.86,10.00,TERMINATING,9,2,11,Affine Template / Affine Template
ATVA2026_benchmark/TERM_LASSO//lasso_traces_AliasDarteFeautrierGonnord-SAS2010-nestedLoop-2.c/lasso_trace_5.txt,TERMINATING,0.48,151.89,138.73,13.00,TERMINATING,10,4,14,Affine Template / Affine Template
ATVA2026_benchmark/TERM_LASSO//lasso_traces_AliasDarteFeautrierGonnord-SAS2010-nestedLoop-2.c/lasso_trace_6.txt,TERMINATING,0.39,99.47,185.59,18.00,TERMINATING,11,2,13,Affine Template / Affine Template
ATVA2026_benchmark/TERM_LASSO//lasso_traces_AliasDarteFeautrierGonnord-SAS2010-nestedLoop-2_no-overflow.c/lasso_trace_1.txt,TERMINATING,2.13,62.13,194.93,13.00,TERMINATING,6,2,8,Affine Template / Affine Template
ATVA2026_benchmark/TERM_LASSO//lasso_traces_AliasDarteFeautrierGonnord-SAS2010-nestedLoop-2_no-overflow.c/lasso_trace_2.txt,TERMINATING,0.58,170.36,163.89,13.00,TERMINATING,8,1,9,Affine Template / Affine Template
ATVA2026_benchmark/TERM_LASSO//lasso_traces_AliasDarteFeautrierGonnord-SAS2010-nestedLoop-2_no-overflow.c/lasso_trace_3.txt,TERMINATING,0.45,83.68,174.70,10.00,TERMINATING,9,2,11,Affine Template / Affine Template
ATVA2026_benchmark/TERM_LASSO//lasso_traces_AliasDarteFeautrierGonnord-SAS2010-nestedLoop-2_no-overflow.c/lasso_trace_5.txt,TERMINATING,0.36,143.17,126.51,14.00,TERMINATING,10,4,14,Affine Template / Affine Template
ATVA2026_benchmark/TERM_LASSO//lasso_traces_AliasDarteFeautrierGonnord-SAS2010-nestedLoop-2_no-overflow.c/lasso_trace_6.txt,TERMINATING,0.27,99.22,168.29,13.00,TERMINATING,11,2,13,Affine Template / Affine Template
ATVA2026_benchmark/TERM_LASSO//lasso_traces_AliasDarteFeautrierGonnord-SAS2010-nestedLoop_true-termination.c/lasso_trace_1.txt,TERMINATING,2.14,68.59,205.76,14.00,TERMINATING,6,2,8,Affine Template / Affine Template
ATVA2026_benchmark/TERM_LASSO//lasso_traces_AliasDarteFeautrierGonnord-SAS2010-nestedLoop_true-termination.c/lasso_trace_2.txt,TERMINATING,0.72,189.11,178.47,13.00,TERMINATING,8,1,9,Affine Template / Affine Template
ATVA2026_benchmark/TERM_LASSO//lasso_traces_AliasDarteFeautrierGonnord-SAS2010-nestedLoop_true-termination.c/lasso_trace_3.txt,TERMINATING,0.47,93.94,185.50,10.00,TERMINATING,9,2,11,Affine Template / Affine Template
ATVA2026_benchmark/TERM_LASSO//lasso_traces_AliasDarteFeautrierGonnord-SAS2010-nestedLoop_true-termination.c/lasso_trace_5.txt,TERMINATING,0.46,150.02,129.55,14.00,TERMINATING,10,4,14,Affine Template / Affine Template
ATVA2026_benchmark/TERM_LASSO//lasso_traces_AliasDarteFeautrierGonnord-SAS2010-nestedLoop_true-termination.c/lasso_trace_6.txt,TERMINATING,0.35,108.15,176.22,13.00,TERMINATING,11,2,13,Affine Template / Affine Template
ATVA2026_benchmark/TERM_LASSO//lasso_traces_AliasDarteFeautrierGonnord-SAS2010-random1d-1.c/lasso_trace_1.txt,TERMINATING,2.49,138.92,119.73,18.00,TERMINATING,6,1,7,Affine Template / Affine Template
ATVA2026_benchmark/TERM_LASSO//lasso_traces_AliasDarteFeautrierGonnord-SAS2010-random1d-1_no-overflow.c/lasso_trace_1.txt,TERMINATING,1.87,117.26,111.92,21.00,TERMINATING,6,1,7,Affine Template / Affine Template
ATVA2026_benchmark/TERM_LASSO//lasso_traces_AliasDarteFeautrierGonnord-SAS2010-random1d-2.c/lasso_trace_1.txt,TERMINATING,2.73,139.21,129.63,22.00,TERMINATING,6,1,7,Affine Template / Affine Template
ATVA2026_benchmark/TERM_LASSO//lasso_traces_AliasDarteFeautrierGonnord-SAS2010-random1d-2_no-overflow.c/lasso_trace_1.txt,TERMINATING,1.95,126.66,114.31,19.00,TERMINATING,6,1,7,Affine Template / Affine Template
ATVA2026_benchmark/TERM_LASSO//lasso_traces_AliasDarteFeautrierGonnord-SAS2010-random1d_true-termination.c/lasso_trace_1.txt,TERMINATING,2.07,139.60,129.83,21.00,TERMINATING,6,1,7,Affine Template / Affine Template
ATVA2026_benchmark/TERM_LASSO//lasso_traces_AliasDarteFeautrierGonnord-SAS2010-random2d.c/lasso_trace_1.txt,TERMINATING,1.88,160.08,62.55,56.00,TERMINATING,5,1,6,Affine Template / Affine Template
ATVA2026_benchmark/TERM_LASSO//lasso_traces_AliasDarteFeautrierGonnord-SAS2010-random2d_no-overflow.c/lasso_trace_1.txt,TERMINATING,1.62,149.12,60.16,61.00,TERMINATING,5,1,6,Affine Template / Affine Template
ATVA2026_benchmark/TERM_LASSO//lasso_traces_AliasDarteFeautrierGonnord-SAS2010-random2d_true-termination.c/lasso_trace_1.txt,TERMINATING,1.90,174.42,61.56,55.00,TERMINATING,5,1,6,Affine Template / Affine Template
ATVA2026_benchmark/TERM_LASSO//lasso_traces_AliasDarteFeautrierGonnord-SAS2010-rsd.c/lasso_trace_1.txt,TERMINATING,3.75,152.11,113.75,19.00,TERMINATING,6,1,7,Affine Template / Affine Template
ATVA2026_benchmark/TERM_LASSO//lasso_traces_AliasDarteFeautrierGonnord-SAS2010-rsd_no-overflow.c/lasso_trace_1.txt,TERMINATING,2.14,122.48,102.97,23.00,TERMINATING,6,1,7,Affine Template / Affine Template
ATVA2026_benchmark/TERM_LASSO//lasso_traces_AliasDarteFeautrierGonnord-SAS2010-rsd_true-termination.c/lasso_trace_1.txt,TERMINATING,3.91,158.32,116.51,21.00,TERMINATING,6,1,7,Affine Template / Affine Template
ATVA2026_benchmark/TERM_LASSO//lasso_traces_AliasDarteFeautrierGonnord-SAS2010-speedpldi2.c/lasso_trace_1.txt,TERMINATING,2.35,160.36,118.09,23.00,TERMINATING,6,1,7,Affine Template / Affine Template
ATVA2026_benchmark/TERM_LASSO//lasso_traces_AliasDarteFeautrierGonnord-SAS2010-speedpldi2_no-overflow.c/lasso_trace_1.txt,TERMINATING,1.90,143.76,109.39,20.00,TERMINATING,6,1,7,Affine Template / Affine Template
ATVA2026_benchmark/TERM_LASSO//lasso_traces_AliasDarteFeautrierGonnord-SAS2010-speedpldi2_true-termination.c/lasso_trace_1.txt,TERMINATING,2.20,165.17,112.96,22.00,TERMINATING,6,1,7,Affine Template / Affine Template
ATVA2026_benchmark/TERM_LASSO//lasso_traces_AliasDarteFeautrierGonnord-SAS2010-speedpldi4.c/lasso_trace_1.txt,TERMINATING,3.24,150.71,109.74,18.00,TERMINATING,6,1,7,Affine Template / Affine Template
ATVA2026_benchmark/TERM_LASSO//lasso_traces_AliasDarteFeautrierGonnord-SAS2010-speedpldi4_no-overflow.c/lasso_trace_1.txt,TERMINATING,1.95,139.45,107.68,17.00,TERMINATING,6,1,7,Affine Template / Affine Template
ATVA2026_benchmark/TERM_LASSO//lasso_traces_AliasDarteFeautrierGonnord-SAS2010-speedpldi4_true-termination.c/lasso_trace_1.txt,TERMINATING,4.34,150.26,109.76,20.00,TERMINATING,6,1,7,Affine Template / Affine Template
ATVA2026_benchmark/TERM_LASSO//lasso_traces_AliasDarteFeautrierGonnord-SAS2010-terminate.c/lasso_trace_1.txt,TERMINATING,3.16,211.07,47.41,12.00,TERMINATING,5,1,6,Affine Template / Affine Template
ATVA2026_benchmark/TERM_LASSO//lasso_traces_AliasDarteFeautrierGonnord-SAS2010-terminate_no-overflow.c/lasso_trace_1.txt,TERMINATING,2.85,151.40,36.31,13.00,TERMINATING,5,1,6,Affine Template / Affine Template
ATVA2026_benchmark/TERM_LASSO//lasso_traces_AliasDarteFeautrierGonnord-SAS2010-terminate_true-termination.c/lasso_trace_1.txt,TERMINATING,3.16,166.63,37.03,13.00,TERMINATING,5,1,6,Affine Template / Affine Template
ATVA2026_benchmark/TERM_LASSO//lasso_traces_AliasDarteFeautrierGonnord-SAS2010-wcet2.c/lasso_trace_1.txt,TERMINATING,2.08,107.64,73.78,6.00,TERMINATING,5,2,7,Affine Template / Affine Template
ATVA2026_benchmark/TERM_LASSO//lasso_traces_AliasDarteFeautrierGonnord-SAS2010-wcet2.c/lasso_trace_3.txt,TERMINATING,0.39,107.68,30.28,11.00,TERMINATING,7,1,8,Affine Template / Affine Template
ATVA2026_benchmark/TERM_LASSO//lasso_traces_AliasDarteFeautrierGonnord-SAS2010-wcet2_no-overflow.c/lasso_trace_1.txt,TERMINATING,1.82,100.60,69.11,6.00,TERMINATING,5,2,7,Affine Template / Affine Template
ATVA2026_benchmark/TERM_LASSO//lasso_traces_AliasDarteFeautrierGonnord-SAS2010-wcet2_no-overflow.c/lasso_trace_3.txt,TERMINATING,0.35,93.20,25.74,10.00,TERMINATING,7,1,8,Affine Template / Affine Template
ATVA2026_benchmark/TERM_LASSO//lasso_traces_AliasDarteFeautrierGonnord-SAS2010-wcet2_true-termination.c/lasso_trace_1.txt,TERMINATING,1.95,110.00,74.88,6.00,TERMINATING,5,2,7,Affine Template / Affine Template
ATVA2026_benchmark/TERM_LASSO//lasso_traces_AliasDarteFeautrierGonnord-SAS2010-wcet2_true-termination.c/lasso_trace_3.txt,TERMINATING,0.48,113.36,28.04,11.00,TERMINATING,7,1,8,Affine Template / Affine Template
ATVA2026_benchmark/TERM_LASSO//lasso_traces_AliasDarteFeautrierGonnord-SAS2010-while2.c/lasso_trace_2.txt,TERMINATING,0.48,45.32,46.76,9.00,TERMINATING,6,1,7,Affine Template / Affine Template
ATVA2026_benchmark/TERM_LASSO//lasso_traces_AliasDarteFeautrierGonnord-SAS2010-while2_no-overflow.c/lasso_trace_2.txt,TERMINATING,0.38,42.08,41.48,10.00,TERMINATING,6,1,7,Affine Template / Affine Template
ATVA2026_benchmark/TERM_LASSO//lasso_traces_AliasDarteFeautrierGonnord-SAS2010-while2_true-termination.c/lasso_trace_2.txt,TERMINATING,0.47,45.03,41.03,9.00,TERMINATING,6,1,7,Affine Template / Affine Template
ATVA2026_benchmark/TERM_LASSO//lasso_traces_and-01.c/lasso_trace_1.txt,TERMINATING,2.06,324.21,76.82,31.00,TERMINATING,5,1,6,Affine Template / Affine Template
ATVA2026_benchmark/TERM_LASSO//lasso_traces_and-01_termination.c/lasso_trace_1.txt,TERMINATING,1.87,291.49,74.80,26.00,TERMINATING,5,1,6,Affine Template / Affine Template
ATVA2026_benchmark/TERM_LASSO//lasso_traces_and-04.c/lasso_trace_1.txt,TERMINATING,1.84,131.03,54.23,13.00,TERMINATING,5,1,6,Affine Template / Affine Template
ATVA2026_benchmark/TERM_LASSO//lasso_traces_and-04_termination.c/lasso_trace_1.txt,TERMINATING,1.80,113.55,46.80,13.00,TERMINATING,5,1,6,Affine Template / Affine Template
ATVA2026_benchmark/TERM_LASSO//lasso_traces_and-05.c/lasso_trace_1.txt,TERMINATING,2.26,191.50,65.59,23.00,TERMINATING,5,1,6,Affine Template / Affine Template
ATVA2026_benchmark/TERM_LASSO//lasso_traces_and-05_termination.c/lasso_trace_1.txt,TERMINATING,1.85,176.73,65.59,30.00,TERMINATING,5,1,6,Affine Template / Affine Template
ATVA2026_benchmark/TERM_LASSO//lasso_traces_and-06.c/lasso_trace_1.txt,TERMINATING,2.08,293.58,61.60,34.00,TERMINATING,5,1,6,Affine Template / Affine Template
ATVA2026_benchmark/TERM_LASSO//lasso_traces_and-06_termination.c/lasso_trace_1.txt,TERMINATING,2.11,267.01,51.61,33.00,TERMINATING,5,1,6,Affine Template / Affine Template
ATVA2026_benchmark/TERM_LASSO//lasso_traces_and-assume.c/lasso_trace_1.txt,TERMINATING,3.21,351.65,85.57,32.00,TERMINATING,5,1,6,Affine Template / Affine Template
ATVA2026_benchmark/TERM_LASSO//lasso_traces_and-assume_termination.c/lasso_trace_1.txt,TERMINATING,1.76,296.69,80.65,33.00,TERMINATING,5,1,6,Affine Template / Affine Template
ATVA2026_benchmark/TERM_LASSO//lasso_traces_apchild-accepted-fail.t2.c/lasso_trace_1.txt,TERMINATING,2.21,875.71,1138.42,46.00,TERMINATING,526,13,539,Affine Template / Affine Template
ATVA2026_benchmark/TERM_LASSO//lasso_traces_apchild-accepted.t2.c/lasso_trace_1.txt,TERMINATING,1.98,909.97,1172.35,43.00,TERMINATING,526,13,539,Affine Template / Affine Template
ATVA2026_benchmark/TERM_LASSO//lasso_traces_apchildlive-succeed.t2.c/lasso_trace_1.txt,TERMINATING,2.95,312.15,399.55,44.00,TERMINATING,505,13,518,Affine Template / Affine Template
ATVA2026_benchmark/TERM_LASSO//lasso_traces_apchild-live.t2.c/lasso_trace_1.txt,TERMINATING,1.95,1552.50,2020.61,50.00,TERMINATING,587,21,608,Affine Template / Affine Template
ATVA2026_benchmark/TERM_LASSO//lasso_traces_array2.t2.c/lasso_trace_1.txt,TERMINATING,1.60,98.95,31.43,6.00,TERMINATING,24,13,37,Affine Template / Affine Template
ATVA2026_benchmark/TERM_LASSO//lasso_traces_array3.t2.c/lasso_trace_1.txt,TERMINATING,5.14,183.94,209.72,6.00,TERMINATING,28,13,41,Affine Template / Affine Template
ATVA2026_benchmark/TERM_LASSO//lasso_traces_array_free.t2.c/lasso_trace_1.txt,TERMINATING,3.73,104.27,118.23,6.00,TERMINATING,16,25,41,Affine Template / Affine Template
ATVA2026_benchmark/TERM_LASSO//lasso_traces_array_init_assign.t2.c/lasso_trace_1.txt,TERMINATING,2.18,115.49,117.88,8.00,TERMINATING,20,13,33,Affine Template / Affine Template
ATVA2026_benchmark/TERM_LASSO//lasso_traces_array_init.t2.c/lasso_trace_1.txt,TERMINATING,6.56,138.54,152.16,7.00,TERMINATING,16,13,29,Affine Template / Affine Template
ATVA2026_benchmark/TERM_LASSO//lasso_traces_ase_example.t2.c/lasso_trace_1.txt,TERMINATING,14.70,949.90,696.20,10.00,TERMINATING,44,13,57,Affine Template / Affine Template
ATVA2026_benchmark/TERM_LASSO//lasso_traces_Avery-FLOPS2006-Table1.c/lasso_trace_1.txt,TERMINATING,10.34,961.35,565.05,10.00,TERMINATING,6,1,7,Affine Template / Affine Template
ATVA2026_benchmark/TERM_LASSO//lasso_traces_Avery-FLOPS2006-Table1_no-overflow.c/lasso_trace_1.txt,TERMINATING,2.15,116.22,104.79,13.00,TERMINATING,6,1,7,Affine Template / Affine Template
ATVA2026_benchmark/TERM_LASSO//lasso_traces_Avery-FLOPS2006-Table1_true-termination.c/lasso_trace_1.txt,TERMINATING,15.07,756.83,583.15,11.00,TERMINATING,6,1,7,Affine Template / Affine Template
ATVA2026_benchmark/TERM_LASSO//lasso_traces_Avg_true.c/lasso_trace_1.txt,TERMINATING,13.30,428.10,610.25,10.00,TERMINATING,14,3,17,Affine Template / Affine Template
ATVA2026_benchmark/TERM_LASSO//lasso_traces_Avg_true.c/lasso_trace_3.txt,TERMINATING,2.80,160.88,508.66,14.00,TERMINATING,16,7,23,Affine Template / Affine Template
ATVA2026_benchmark/TERM_LASSO//lasso_traces_Avg_true_no-overflow.c/lasso_trace_1.txt,TERMINATING,1.90,65.48,120.55,13.00,TERMINATING,14,3,17,Affine Template / Affine Template
ATVA2026_benchmark/TERM_LASSO//lasso_traces_Avg_true_no-overflow.c/lasso_trace_3.txt,TERMINATING,0.34,31.46,144.14,14.00,TERMINATING,16,7,23,Affine Template / Affine Template
ATVA2026_benchmark/TERM_LASSO//lasso_traces_Avg_true_true-termination.c/lasso_trace_1.txt,TERMINATING,15.03,404.79,847.02,12.00,TERMINATING,14,3,17,Affine Template / Affine Template
ATVA2026_benchmark/TERM_LASSO//lasso_traces_Avg_true_true-termination.c/lasso_trace_3.txt,TERMINATING,0.92,165.11,745.46,14.00,TERMINATING,16,7,23,Affine Template / Affine Template
ATVA2026_benchmark/TERM_LASSO//lasso_traces_aviad.c/lasso_trace_1.txt,TERMINATING,8.89,541.16,270.98,14.00,TERMINATING,7,1,8,Affine Template / Affine Template
ATVA2026_benchmark/TERM_LASSO//lasso_traces_aviad_no-overflow.c/lasso_trace_1.txt,TERMINATING,1.92,86.71,53.07,17.00,TERMINATING,7,1,8,Affine Template / Affine Template
ATVA2026_benchmark/TERM_LASSO//lasso_traces_aviad_true-termination.c/lasso_trace_1.txt,TERMINATING,6.66,423.51,278.95,17.00,TERMINATING,7,1,8,Affine Template / Affine Template
ATVA2026_benchmark/TERM_LASSO//lasso_traces_b.01.c/lasso_trace_1.txt,TERMINATING,13.86,531.91,225.44,8.00,TERMINATING,1,1,2,Affine Template / Affine Template
ATVA2026_benchmark/TERM_LASSO//lasso_traces_b.01_false-no-overflow.c/lasso_trace_1.txt,TERMINATING,12.26,415.31,172.95,11.00,TERMINATING,5,1,6,Affine Template / Affine Template
ATVA2026_benchmark/TERM_LASSO//lasso_traces_b.01_no-overflow.c/lasso_trace_1.txt,TERMINATING,2.10,62.12,39.60,9.00,TERMINATING,1,1,2,Affine Template / Affine Template
ATVA2026_benchmark/TERM_LASSO//lasso_traces_b.01_true-termination.c/lasso_trace_1.txt,TERMINATING,21.49,384.04,310.53,7.00,TERMINATING,7,1,8,Affine Template / Affine Template
ATVA2026_benchmark/TERM_LASSO//lasso_traces_b.02.c/lasso_trace_1.txt,TERMINATING,9.67,381.79,230.23,9.00,TERMINATING,1,1,2,Affine Template / Affine Template
ATVA2026_benchmark/TERM_LASSO//lasso_traces_b.02_false-no-overflow.c/lasso_trace_1.txt,TERMINATING,29.24,601.09,421.91,9.00,TERMINATING,5,1,6,Affine Template / Affine Template
ATVA2026_benchmark/TERM_LASSO//lasso_traces_b.02_no-overflow.c/lasso_trace_1.txt,TERMINATING,2.14,61.58,41.90,9.00,TERMINATING,1,1,2,Affine Template / Affine Template
ATVA2026_benchmark/TERM_LASSO//lasso_traces_b.02_true-termination.c/lasso_trace_1.txt,TERMINATING,18.77,664.07,575.59,11.00,TERMINATING,7,1,8,Affine Template / Affine Template
ATVA2026_benchmark/TERM_LASSO//lasso_traces_b.03_assume.c/lasso_trace_1.txt,TERMINATING,11.77,635.84,526.44,11.00,TERMINATING,5,1,6,Affine Template / Affine Template
ATVA2026_benchmark/TERM_LASSO//lasso_traces_b.03_assume_false-no-overflow.c/lasso_trace_1.txt,TERMINATING,30.39,527.36,562.16,10.00,TERMINATING,5,1,6,Affine Template / Affine Template
ATVA2026_benchmark/TERM_LASSO//lasso_traces_b.03_assume_no-overflow.c/lasso_trace_1.txt,TERMINATING,3.17,122.95,97.68,12.00,TERMINATING,5,1,6,Affine Template / Affine Template
ATVA2026_benchmark/TERM_LASSO//lasso_traces_b.03_assume_true-termination.c/lasso_trace_1.txt,TERMINATING,7.53,490.02,233.69,10.00,TERMINATING,8,2,10,Affine Template / Affine Template
ATVA2026_benchmark/TERM_LASSO//lasso_traces_b.03-no-inv_assume.c/lasso_trace_1.txt,TERMINATING,19.36,781.15,629.21,11.00,TERMINATING,6,1,7,Affine Template / Affine Template
ATVA2026_benchmark/TERM_LASSO//lasso_traces_b.03-no-inv_assume_false-no-overflow.c/lasso_trace_1.txt,TERMINATING,11.87,771.90,597.88,11.00,TERMINATING,6,1,7,Affine Template / Affine Template
ATVA2026_benchmark/TERM_LASSO//lasso_traces_b.03-no-inv_assume_no-overflow.c/lasso_trace_1.txt,TERMINATING,2.05,124.25,91.88,11.00,TERMINATING,6,1,7,Affine Template / Affine Template
ATVA2026_benchmark/TERM_LASSO//lasso_traces_b.03-no-inv_assume_true-termination.c/lasso_trace_1.txt,TERMINATING,15.92,204.03,442.00,9.00,TERMINATING,8,1,9,Affine Template / Affine Template
ATVA2026_benchmark/TERM_LASSO//lasso_traces_b.04.c/lasso_trace_1.txt,TERMINATING,18.72,454.87,280.67,9.00,TERMINATING,1,1,2,Affine Template / Affine Template
ATVA2026_benchmark/TERM_LASSO//lasso_traces_b.04_no-overflow.c/lasso_trace_1.txt,TERMINATING,1.95,93.30,41.94,9.00,TERMINATING,1,1,2,Affine Template / Affine Template
ATVA2026_benchmark/TERM_LASSO//lasso_traces_b.04_true-termination.c/lasso_trace_1.txt,TERMINATING,11.95,646.77,284.15,8.00,TERMINATING,7,1,8,Affine Template / Affine Template
ATVA2026_benchmark/TERM_LASSO//lasso_traces_b.05.c/lasso_trace_1.txt,TERMINATING,11.81,594.09,210.73,12.00,TERMINATING,1,1,2,Affine Template / Affine Template
ATVA2026_benchmark/TERM_LASSO//lasso_traces_b.05_false-no-overflow.c/lasso_trace_1.txt,TERMINATING,14.98,615.15,182.55,12.00,TERMINATING,5,1,6,Affine Template / Affine Template
ATVA2026_benchmark/TERM_LASSO//lasso_traces_b.05_no-overflow.c/lasso_trace_1.txt,TERMINATING,2.29,95.96,53.99,11.00,TERMINATING,1,1,2,Affine Template / Affine Template
ATVA2026_benchmark/TERM_LASSO//lasso_traces_b.05_true-termination.c/lasso_trace_1.txt,TERMINATING,7.17,543.37,309.02,11.00,TERMINATING,7,1,8,Affine Template / Affine Template
ATVA2026_benchmark/TERM_LASSO//lasso_traces_b.06.c/lasso_trace_1.txt,TERMINATING,2.70,54.83,37.21,6.00,TERMINATING,1,1,2,Affine Template / Affine Template
ATVA2026_benchmark/TERM_LASSO//lasso_traces_b.06_no-overflow.c/lasso_trace_1.txt,TERMINATING,2.70,54.72,40.88,6.00,TERMINATING,1,1,2,Affine Template / Affine Template
ATVA2026_benchmark/TERM_LASSO//lasso_traces_b.06_true-termination.c/lasso_trace_1.txt,TERMINATING,2.02,59.59,37.42,8.00,TERMINATING,7,1,8,Affine Template / Affine Template
ATVA2026_benchmark/TERM_LASSO//lasso_traces_b.07.c/lasso_trace_1.txt,TERMINATING,2.23,67.22,43.80,7.00,TERMINATING,1,1,2,Affine Template / Affine Template
ATVA2026_benchmark/TERM_LASSO//lasso_traces_b.07_false-no-overflow.c/lasso_trace_1.txt,TERMINATING,2.94,81.84,133.13,16.00,TERMINATING,5,1,6,Affine Template / Affine Template
ATVA2026_benchmark/TERM_LASSO//lasso_traces_b.07_no-overflow.c/lasso_trace_1.txt,TERMINATING,2.27,75.89,39.02,8.00,TERMINATING,1,1,2,Affine Template / Affine Template
ATVA2026_benchmark/TERM_LASSO//lasso_traces_b.07_true-termination.c/lasso_trace_1.txt,TERMINATING,3.67,69.65,40.82,12.00,TERMINATING,7,1,8,Affine Template / Affine Template
ATVA2026_benchmark/TERM_LASSO//lasso_traces_b.09_assume.c/lasso_trace_1.txt,TERMINATING,2.05,106.22,53.26,21.00,TERMINATING,6,1,7,Affine Template / Affine Template
ATVA2026_benchmark/TERM_LASSO//lasso_traces_b.09_assume_no-overflow.c/lasso_trace_1.txt,TERMINATING,2.02,94.65,55.06,22.00,TERMINATING,6,1,7,Affine Template / Affine Template
ATVA2026_benchmark/TERM_LASSO//lasso_traces_b.09_assume_true-termination.c/lasso_trace_1.txt,TERMINATING,2.28,101.47,100.77,16.00,TERMINATING,8,3,11,Affine Template / Affine Template
ATVA2026_benchmark/TERM_LASSO//lasso_traces_b.09_assume_true-termination.c/lasso_trace_2.txt,TERMINATING,0.55,85.68,33.48,9.00,TERMINATING,9,4,13,Affine Template / Affine Template
ATVA2026_benchmark/TERM_LASSO//lasso_traces_b.10.c/lasso_trace_1.txt,TERMINATING,2.18,88.69,44.80,12.00,TERMINATING,1,1,2,Affine Template / Affine Template
ATVA2026_benchmark/TERM_LASSO//lasso_traces_b.10_false-no-overflow.c/lasso_trace_1.txt,TERMINATING,2.47,195.15,137.40,20.00,TERMINATING,5,1,6,Affine Template / Affine Template
ATVA2026_benchmark/TERM_LASSO//lasso_traces_b.10_no-overflow.c/lasso_trace_1.txt,TERMINATING,1.97,72.81,39.68,13.00,TERMINATING,1,1,2,Affine Template / Affine Template
ATVA2026_benchmark/TERM_LASSO//lasso_traces_b.10_true-termination.c/lasso_trace_1.txt,TERMINATING,3.60,82.23,42.07,18.00,TERMINATING,7,1,8,Affine Template / Affine Template
ATVA2026_benchmark/TERM_LASSO//lasso_traces_b.11.c/lasso_trace_1.txt,TERMINATING,2.46,121.99,42.37,17.00,TERMINATING,1,1,2,Affine Template / Affine Template
ATVA2026_benchmark/TERM_LASSO//lasso_traces_b.11_false-no-overflow.c/lasso_trace_1.txt,TERMINATING,8.44,133.83,127.54,29.00,TERMINATING,5,1,6,Affine Template / 2-Nested Template
ATVA2026_benchmark/TERM_LASSO//lasso_traces_b.11_no-overflow.c/lasso_trace_1.txt,TERMINATING,2.13,83.82,41.23,14.00,TERMINATING,1,1,2,Affine Template / Affine Template
ATVA2026_benchmark/TERM_LASSO//lasso_traces_b.11_true-termination.c/lasso_trace_1.txt,TERMINATING,7.91,291.90,182.88,20.00,TERMINATING,7,1,8,Affine Template / Affine Template
ATVA2026_benchmark/TERM_LASSO//lasso_traces_b.12.c/lasso_trace_1.txt,TERMINATING,7.46,219.00,85.53,13.00,TERMINATING,1,1,2,Affine Template / Affine Template
ATVA2026_benchmark/TERM_LASSO//lasso_traces_b.12_false-no-overflow.c/lasso_trace_1.txt,TERMINATING,2.48,386.84,157.72,19.00,TERMINATING,5,1,6,Affine Template / Affine Template
ATVA2026_benchmark/TERM_LASSO//lasso_traces_b.12_no-overflow.c/lasso_trace_1.txt,TERMINATING,3.20,88.71,43.82,12.00,TERMINATING,1,1,2,Affine Template / Affine Template
ATVA2026_benchmark/TERM_LASSO//lasso_traces_b.12_true-termination.c/lasso_trace_1.txt,TERMINATING,2.06,77.86,45.34,17.00,TERMINATING,7,1,8,Affine Template / Affine Template
ATVA2026_benchmark/TERM_LASSO//lasso_traces_b.13.c/lasso_trace_1.txt,TERMINATING,2.10,107.19,43.00,21.00,TERMINATING,1,1,2,Affine Template / Affine Template
ATVA2026_benchmark/TERM_LASSO//lasso_traces_b.13_false-no-overflow.c/lasso_trace_1.txt,TERMINATING,2.25,175.48,136.25,28.00,TERMINATING,5,1,6,Affine Template / Affine Template
ATVA2026_benchmark/TERM_LASSO//lasso_traces_b.13_no-overflow.c/lasso_trace_1.txt,TERMINATING,2.14,105.45,42.56,25.00,TERMINATING,1,1,2,Affine Template / Affine Template
ATVA2026_benchmark/TERM_LASSO//lasso_traces_b.13_true-termination.c/lasso_trace_1.txt,TERMINATING,2.11,131.71,113.22,31.00,TERMINATING,7,1,8,Affine Template / Affine Template
ATVA2026_benchmark/TERM_LASSO//lasso_traces_b.14.c/lasso_trace_2.txt,TERMINATING,2.04,72.65,42.76,6.00,TERMINATING,1,3,4,Affine Template / Affine Template
ATVA2026_benchmark/TERM_LASSO//lasso_traces_b.14.c/lasso_trace_3.txt,TERMINATING,0.99,36.59,35.40,6.00,TERMINATING,4,1,5,Affine Template / Affine Template
ATVA2026_benchmark/TERM_LASSO//lasso_traces_b.14_no-overflow.c/lasso_trace_2.txt,TERMINATING,2.12,59.07,38.29,6.00,TERMINATING,1,3,4,Affine Template / Affine Template
ATVA2026_benchmark/TERM_LASSO//lasso_traces_b.14_no-overflow.c/lasso_trace_3.txt,TERMINATING,0.52,36.65,31.45,6.00,TERMINATING,4,1,5,Affine Template / Affine Template
ATVA2026_benchmark/TERM_LASSO//lasso_traces_b.14_true-termination.c/lasso_trace_2.txt,TERMINATING,2.75,102.30,107.87,11.00,TERMINATING,7,3,10,Affine Template / Affine Template
ATVA2026_benchmark/TERM_LASSO//lasso_traces_b.14_true-termination.c/lasso_trace_3.txt,TERMINATING,0.54,82.85,61.86,9.00,TERMINATING,10,1,11,Affine Template / Affine Template
ATVA2026_benchmark/TERM_LASSO//lasso_traces_b.15.c/lasso_trace_2.txt,TERMINATING,2.04,81.25,42.36,12.00,TERMINATING,1,3,4,Affine Template / Affine Template
ATVA2026_benchmark/TERM_LASSO//lasso_traces_b.15.c/lasso_trace_3.txt,TERMINATING,0.67,44.78,34.62,10.00,TERMINATING,4,1,5,Affine Template / Affine Template
ATVA2026_benchmark/TERM_LASSO//lasso_traces_b.15_false-no-overflow.c/lasso_trace_2.txt,TERMINATING,2.08,141.88,56.99,10.00,TERMINATING,5,3,8,Affine Template / Affine Template
ATVA2026_benchmark/TERM_LASSO//lasso_traces_b.15_false-no-overflow.c/lasso_trace_3.txt,TERMINATING,0.59,54.47,103.96,10.00,TERMINATING,8,1,9,Affine Template / Affine Template
ATVA2026_benchmark/TERM_LASSO//lasso_traces_b.15_no-overflow.c/lasso_trace_2.txt,TERMINATING,1.89,68.99,40.98,10.00,TERMINATING,1,3,4,Affine Template / Affine Template
ATVA2026_benchmark/TERM_LASSO//lasso_traces_b.15_no-overflow.c/lasso_trace_3.txt,TERMINATING,0.57,40.35,41.57,10.00,TERMINATING,4,1,5,Affine Template / Affine Template
ATVA2026_benchmark/TERM_LASSO//lasso_traces_b.15_true-termination.c/lasso_trace_2.txt,TERMINATING,2.39,82.66,105.19,14.00,TERMINATING,7,3,10,Affine Template / Affine Template
ATVA2026_benchmark/TERM_LASSO//lasso_traces_b.16.c/lasso_trace_1.txt,TERMINATING,2.31,73.75,48.40,5.00,TERMINATING,1,2,3,Affine Template / Affine Template
ATVA2026_benchmark/TERM_LASSO//lasso_traces_b.16.c/lasso_trace_2.txt,TERMINATING,1.02,55.51,48.97,5.00,TERMINATING,2,1,3,Affine Template / Affine Template
ATVA2026_benchmark/TERM_LASSO//lasso_traces_b.16_false-no-overflow.c/lasso_trace_1.txt,TERMINATING,2.83,92.08,168.82,8.00,TERMINATING,5,2,7,Affine Template / Affine Template
ATVA2026_benchmark/TERM_LASSO//lasso_traces_b.16_false-no-overflow.c/lasso_trace_2.txt,TERMINATING,1.03,344.84,389.21,10.00,TERMINATING,6,1,7,Affine Template / Affine Template
ATVA2026_benchmark/TERM_LASSO//lasso_traces_b.16_no-overflow.c/lasso_trace_1.txt,TERMINATING,2.03,64.60,49.23,6.00,TERMINATING,1,2,3,Affine Template / Affine Template
ATVA2026_benchmark/TERM_LASSO//lasso_traces_b.16_no-overflow.c/lasso_trace_2.txt,TERMINATING,0.52,44.12,52.61,6.00,TERMINATING,2,1,3,Affine Template / Affine Template
ATVA2026_benchmark/TERM_LASSO//lasso_traces_b.16_true-termination.c/lasso_trace_1.txt,TERMINATING,4.23,128.90,72.18,10.00,TERMINATING,7,2,9,Affine Template / Affine Template
ATVA2026_benchmark/TERM_LASSO//lasso_traces_b.16_true-termination.c/lasso_trace_2.txt,TERMINATING,1.62,189.92,161.41,7.00,TERMINATING,8,1,9,Affine Template / Affine Template
ATVA2026_benchmark/TERM_LASSO//lasso_traces_b.17.c/lasso_trace_1.txt,TERMINATING,2.22,68.95,49.42,7.00,TERMINATING,1,2,3,Affine Template / Affine Template
ATVA2026_benchmark/TERM_LASSO//lasso_traces_b.17.c/lasso_trace_2.txt,TERMINATING,0.54,43.01,35.22,10.00,TERMINATING,2,1,3,Affine Template / Affine Template
ATVA2026_benchmark/TERM_LASSO//lasso_traces_b.17_false-no-overflow.c/lasso_trace_1.txt,TERMINATING,2.31,73.43,49.49,10.00,TERMINATING,5,2,7,Affine Template / Affine Template
ATVA2026_benchmark/TERM_LASSO//lasso_traces_b.17_false-no-overflow.c/lasso_trace_2.txt,TERMINATING,0.46,90.54,58.27,12.00,TERMINATING,6,1,7,Affine Template / Affine Template
ATVA2026_benchmark/TERM_LASSO//lasso_traces_b.17_no-overflow.c/lasso_trace_1.txt,TERMINATING,2.19,70.19,43.22,7.00,TERMINATING,1,2,3,Affine Template / Affine Template
ATVA2026_benchmark/TERM_LASSO//lasso_traces_b.17_no-overflow.c/lasso_trace_2.txt,TERMINATING,0.57,42.64,38.30,12.00,TERMINATING,2,1,3,Affine Template / Affine Template
ATVA2026_benchmark/TERM_LASSO//lasso_traces_b.17_true-termination.c/lasso_trace_1.txt,TERMINATING,4.13,95.71,70.51,8.00,TERMINATING,7,2,9,Affine Template / Affine Template
ATVA2026_benchmark/TERM_LASSO//lasso_traces_b.17_true-termination.c/lasso_trace_2.txt,TERMINATING,0.61,42.54,42.78,8.00,TERMINATING,8,1,9,Affine Template / Affine Template
ATVA2026_benchmark/TERM_LASSO//lasso_traces_b.18.c/lasso_trace_3.txt,TERMINATING,15.10,475.79,155.34,8.00,TERMINATING,1,4,5,Affine Template / Affine Template
ATVA2026_benchmark/TERM_LASSO//lasso_traces_b.18.c/lasso_trace_5.txt,TERMINATING,2.21,219.57,171.60,7.00,TERMINATING,3,1,4,Affine Template / Affine Template
ATVA2026_benchmark/TERM_LASSO//lasso_traces_b.18_no-overflow.c/lasso_trace_3.txt,TERMINATING,2.02,53.43,35.65,8.00,TERMINATING,1,4,5,Affine Template / Affine Template
ATVA2026_benchmark/TERM_LASSO//lasso_traces_b.18_no-overflow.c/lasso_trace_5.txt,TERMINATING,0.35,35.84,30.88,8.00,TERMINATING,3,1,4,Affine Template / Affine Template
ATVA2026_benchmark/TERM_LASSO//lasso_traces_b.18_true-termination.c/lasso_trace_3.txt,TERMINATING,2.49,76.58,63.65,8.00,TERMINATING,7,4,11,Affine Template / Affine Template
ATVA2026_benchmark/TERM_LASSO//lasso_traces_b.18_true-termination.c/lasso_trace_5.txt,TERMINATING,0.76,51.69,65.41,8.00,TERMINATING,9,1,10,Affine Template / Affine Template
ATVA2026_benchmark/TERM_LASSO//lasso_traces_Bangalore-2.c/lasso_trace_1.txt,TERMINATING,1.70,61.37,57.47,10.00,TERMINATING,6,1,7,Affine Template / Affine Template
ATVA2026_benchmark/TERM_LASSO//lasso_traces_Bangalore-2_no-overflow.c/lasso_trace_1.txt,TERMINATING,1.79,60.92,48.81,9.00,TERMINATING,6,1,7,Affine Template / Affine Template
ATVA2026_benchmark/TERM_LASSO//lasso_traces_Bangalore.c/lasso_trace_1.txt,TERMINATING,1.80,46.84,40.92,5.00,TERMINATING,1,1,2,Affine Template / Affine Template
ATVA2026_benchmark/TERM_LASSO//lasso_traces_Bangalore_true-termination.c/lasso_trace_1.txt,TERMINATING,1.82,59.45,59.93,9.00,TERMINATING,6,1,7,Affine Template / Affine Template
ATVA2026_benchmark/TERM_LASSO//lasso_traces_Benghazi.c/lasso_trace_1.txt,TERMINATING,2.04,94.36,68.69,13.00,TERMINATING,5,1,6,Affine Template / Affine Template
ATVA2026_benchmark/TERM_LASSO//lasso_traces_Benghazi_nondet-1.c/lasso_trace_1.txt,TERMINATING,2.06,357.30,69.92,22.00,TERMINATING,5,1,6,2-Nested Template / 2-Nested Template
ATVA2026_benchmark/TERM_LASSO//lasso_traces_Benghazi_nondet-1_no-overflow.c/lasso_trace_1.txt,TERMINATING,2.46,337.51,66.38,22.00,TERMINATING,5,1,6,2-Nested Template / 2-Nested Template
ATVA2026_benchmark/TERM_LASSO//lasso_traces_Benghazi_nondet-2.c/lasso_trace_1.txt,TERMINATING,2.25,309.70,70.84,20.00,TERMINATING,8,1,9,2-Nested Template / 2-Nested Template
ATVA2026_benchmark/TERM_LASSO//lasso_traces_Benghazi_nondet-2_termination.c/lasso_trace_1.txt,TERMINATING,2.00,311.80,63.18,22.00,TERMINATING,8,1,9,2-Nested Template / 2-Nested Template
ATVA2026_benchmark/TERM_LASSO//lasso_traces_Benghazi_nondet_true-termination.c/lasso_trace_1.txt,TERMINATING,2.05,361.16,79.44,22.00,TERMINATING,5,1,6,2-Nested Template / 2-Nested Template
ATVA2026_benchmark/TERM_LASSO//lasso_traces_Benghazi_no-overflow.c/lasso_trace_1.txt,TERMINATING,1.89,88.22,60.52,15.00,TERMINATING,5,1,6,Affine Template / Affine Template
ATVA2026_benchmark/TERM_LASSO//lasso_traces_Benghazi_true-termination.c/lasso_trace_1.txt,TERMINATING,2.19,92.88,67.58,14.00,TERMINATING,5,1,6,Affine Template / Affine Template
ATVA2026_benchmark/TERM_LASSO//lasso_traces_Binary_Search-2.c/lasso_trace_1.txt,TERMINATING,3.27,286.63,137.70,29.00,TERMINATING,8,4,12,Affine Template / Affine Template
ATVA2026_benchmark/TERM_LASSO//lasso_traces_Binary_Search-2_no-overflow.c/lasso_trace_1.txt,TERMINATING,3.58,246.20,122.77,36.00,TERMINATING,8,4,12,Affine Template / Affine Template
ATVA2026_benchmark/TERM_LASSO//lasso_traces_binary_search.c/lasso_trace_1.txt,TERMINATING,2.79,157.37,-,40.00,TERMINATING,1,4,5,Affine Template / Affine Template
ATVA2026_benchmark/TERM_LASSO//lasso_traces_binary_search.c/lasso_trace_2.txt,TERMINATING,0.98,98.03,-,26.00,TERMINATING,4,6,10,Affine Template / Affine Template
ATVA2026_benchmark/TERM_LASSO//lasso_traces_Binary_Search_true-termination.c/lasso_trace_1.txt,TERMINATING,2.31,196.71,75.04,35.00,TERMINATING,6,4,10,Affine Template / Affine Template
ATVA2026_benchmark/TERM_LASSO//lasso_traces_Binomial.c/lasso_trace_2.txt,TERMINATING,0.34,64.01,66.91,9.00,TERMINATING,7,28,35,Affine Template / Affine Template
ATVA2026_benchmark/TERM_LASSO//lasso_traces_Binomial_no-overflow.c/lasso_trace_2.txt,TERMINATING,0.59,62.58,79.01,9.00,TERMINATING,7,28,35,Affine Template / Affine Template
ATVA2026_benchmark/TERM_LASSO//lasso_traces_Binomial_true.c/lasso_trace_2.txt,TERMINATING,0.35,61.94,67.41,9.00,TERMINATING,7,28,35,Affine Template / Affine Template
ATVA2026_benchmark/TERM_LASSO//lasso_traces_Binomial_true-termination.c/lasso_trace_2.txt,TERMINATING,0.40,62.89,71.53,9.00,TERMINATING,7,28,35,Affine Template / Affine Template
ATVA2026_benchmark/TERM_LASSO//lasso_traces_binsearch.c/lasso_trace_1.txt,TERMINATING,2.42,815.95,-,62.00,TERMINATING,1,4,5,Affine Template / Affine Template
ATVA2026_benchmark/TERM_LASSO//lasso_traces_binsearch-recursive.c/lasso_trace_1.txt,TERMINATING,2.31,61.10,-,42.00,TERMINATING,0,7,7,Affine Template / Affine Template
ATVA2026_benchmark/TERM_LASSO//lasso_traces_binsearch-recursive.c/lasso_trace_2.txt,TERMINATING,1.38,361.34,-,109.00,TERMINATING,1,7,8,Affine Template / Affine Template
ATVA2026_benchmark/TERM_LASSO//lasso_traces_bitcount16.t2.c/lasso_trace_1.txt,TERMINATING,2.05,215.54,234.22,12.00,TERMINATING,56,21,77,Affine Template / Affine Template
ATVA2026_benchmark/TERM_LASSO//lasso_traces_bitcount32.t2.c/lasso_trace_1.txt,TERMINATING,1.71,224.82,250.80,12.00,TERMINATING,56,21,77,Affine Template / Affine Template
ATVA2026_benchmark/TERM_LASSO//lasso_traces_bitwiseOps.c/lasso_trace_1.txt,TERMINATING,1.74,2809.83,88.18,212.00,TERMINATING,5,1,6,Affine Template / Affine Template
ATVA2026_benchmark/TERM_LASSO//lasso_traces_BoolVsInt.c/lasso_trace_1.txt,TERMINATING,1.68,86.52,48.80,8.00,TERMINATING,21,1,22,Affine Template / Affine Template
ATVA2026_benchmark/TERM_LASSO//lasso_traces_BradleyMannaSipma-CAV2005-Fig1.c/lasso_trace_1.txt,TERMINATING,2.36,102.64,55.92,18.00,TERMINATING,6,1,7,Affine Template / Affine Template
ATVA2026_benchmark/TERM_LASSO//lasso_traces_BradleyMannaSipma-CAV2005-Fig1_no-overflow.c/lasso_trace_1.txt,TERMINATING,1.98,98.33,54.06,15.00,TERMINATING,6,1,7,Affine Template / Affine Template
ATVA2026_benchmark/TERM_LASSO//lasso_traces_BradleyMannaSipma-CAV2005-Fig1_true-termination.c/lasso_trace_1.txt,TERMINATING,2.41,106.81,52.73,16.00,TERMINATING,6,1,7,Affine Template / Affine Template
ATVA2026_benchmark/TERM_LASSO//lasso_traces_break.c/lasso_trace_1.txt,TERMINATING,3.91,74.18,62.71,6.00,TERMINATING,1,1,2,Affine Template / Affine Template
ATVA2026_benchmark/TERM_LASSO//lasso_traces_bresenham.c/lasso_trace_1.txt,TERMINATING,4.56,280.46,110.94,28.00,TERMINATING,1,1,2,Affine Template / Affine Template
ATVA2026_benchmark/TERM_LASSO//lasso_traces_BrockschmidtCookFuhs-CAV2013-Fig1.c/lasso_trace_1.txt,TERMINATING,3.36,136.36,122.32,10.00,TERMINATING,5,2,7,Affine Template / Affine Template
ATVA2026_benchmark/TERM_LASSO//lasso_traces_BrockschmidtCookFuhs-CAV2013-Fig1.c/lasso_trace_2.txt,TERMINATING,0.51,48.40,36.75,17.00,TERMINATING,6,3,9,Affine Template / Affine Template
ATVA2026_benchmark/TERM_LASSO//lasso_traces_BrockschmidtCookFuhs-CAV2013-Fig1.c/lasso_trace_3.txt,TERMINATING,0.41,32.21,41.50,11.00,TERMINATING,7,1,8,Affine Template / Affine Template
ATVA2026_benchmark/TERM_LASSO//lasso_traces_BrockschmidtCookFuhs-CAV2013-Fig1.c/lasso_trace_4.txt,TERMINATING,0.68,89.99,98.65,12.00,TERMINATING,10,1,11,Affine Template / Affine Template
ATVA2026_benchmark/TERM_LASSO//lasso_traces_BrockschmidtCookFuhs-CAV2013-Fig1_no-overflow.c/lasso_trace_1.txt,TERMINATING,3.39,130.69,112.42,10.00,TERMINATING,5,2,7,Affine Template / Affine Template
ATVA2026_benchmark/TERM_LASSO//lasso_traces_BrockschmidtCookFuhs-CAV2013-Fig1_no-overflow.c/lasso_trace_2.txt,TERMINATING,0.39,41.27,28.84,12.00,TERMINATING,6,3,9,Affine Template / Affine Template
ATVA2026_benchmark/TERM_LASSO//lasso_traces_BrockschmidtCookFuhs-CAV2013-Fig1_no-overflow.c/lasso_trace_3.txt,TERMINATING,0.34,35.17,45.22,11.00,TERMINATING,7,1,8,Affine Template / Affine Template
ATVA2026_benchmark/TERM_LASSO//lasso_traces_BrockschmidtCookFuhs-CAV2013-Fig1_no-overflow.c/lasso_trace_4.txt,TERMINATING,0.33,81.09,98.22,13.00,TERMINATING,10,1,11,Affine Template / Affine Template
ATVA2026_benchmark/TERM_LASSO//lasso_traces_BrockschmidtCookFuhs-CAV2013-Fig1_true-termination.c/lasso_trace_1.txt,TERMINATING,1.99,130.55,120.98,11.00,TERMINATING,5,2,7,Affine Template / Affine Template
ATVA2026_benchmark/TERM_LASSO//lasso_traces_BrockschmidtCookFuhs-CAV2013-Fig1_true-termination.c/lasso_trace_2.txt,TERMINATING,0.48,40.14,30.86,12.00,TERMINATING,6,3,9,Affine Template / Affine Template
ATVA2026_benchmark/TERM_LASSO//lasso_traces_BrockschmidtCookFuhs-CAV2013-Fig1_true-termination.c/lasso_trace_3.txt,TERMINATING,0.41,34.33,43.26,12.00,TERMINATING,7,1,8,Affine Template / Affine Template
ATVA2026_benchmark/TERM_LASSO//lasso_traces_BrockschmidtCookFuhs-CAV2013-Fig1_true-termination.c/lasso_trace_4.txt,TERMINATING,0.33,83.66,98.57,11.00,TERMINATING,10,1,11,Affine Template / Affine Template
ATVA2026_benchmark/TERM_LASSO//lasso_traces_BrockschmidtCookFuhs-CAV2013-Fig9a.c/lasso_trace_2.txt,TERMINATING,0.56,36.32,29.79,12.00,TERMINATING,6,3,9,Affine Template / Affine Template
ATVA2026_benchmark/TERM_LASSO//lasso_traces_BrockschmidtCookFuhs-CAV2013-Fig9a.c/lasso_trace_3.txt,TERMINATING,0.53,38.05,33.41,11.00,TERMINATING,7,1,8,Affine Template / Affine Template
ATVA2026_benchmark/TERM_LASSO//lasso_traces_BrockschmidtCookFuhs-CAV2013-Fig9a.c/lasso_trace_4.txt,TERMINATING,0.36,47.71,89.80,12.00,TERMINATING,10,1,11,Affine Template / Affine Template
ATVA2026_benchmark/TERM_LASSO//lasso_traces_BrockschmidtCookFuhs-CAV2013-Fig9a_no-overflow.c/lasso_trace_2.txt,TERMINATING,0.66,37.00,31.89,11.00,TERMINATING,6,3,9,Affine Template / Affine Template
ATVA2026_benchmark/TERM_LASSO//lasso_traces_BrockschmidtCookFuhs-CAV2013-Fig9a_no-overflow.c/lasso_trace_3.txt,TERMINATING,0.77,33.67,30.44,11.00,TERMINATING,7,1,8,Affine Template / Affine Template
ATVA2026_benchmark/TERM_LASSO//lasso_traces_BrockschmidtCookFuhs-CAV2013-Fig9a_no-overflow.c/lasso_trace_4.txt,TERMINATING,0.53,38.03,95.68,12.00,TERMINATING,10,1,11,Affine Template / Affine Template
ATVA2026_benchmark/TERM_LASSO//lasso_traces_BrockschmidtCookFuhs-CAV2013-Fig9a_true-termination.c/lasso_trace_2.txt,TERMINATING,1.13,37.42,31.03,12.00,TERMINATING,6,3,9,Affine Template / Affine Template
ATVA2026_benchmark/TERM_LASSO//lasso_traces_BrockschmidtCookFuhs-CAV2013-Fig9a_true-termination.c/lasso_trace_3.txt,TERMINATING,0.81,31.08,28.76,13.00,TERMINATING,7,1,8,Affine Template / Affine Template
ATVA2026_benchmark/TERM_LASSO//lasso_traces_BrockschmidtCookFuhs-CAV2013-Fig9a_true-termination.c/lasso_trace_4.txt,TERMINATING,0.39,39.60,90.52,12.00,TERMINATING,10,1,11,Affine Template / Affine Template
ATVA2026_benchmark/TERM_LASSO//lasso_traces_BrockschmidtCookFuhs-CAV2013-Introduction.c/lasso_trace_1.txt,TERMINATING,1.93,68.91,65.46,13.00,TERMINATING,5,1,6,Affine Template / Affine Template
ATVA2026_benchmark/TERM_LASSO//lasso_traces_BrockschmidtCookFuhs-CAV2013-Introduction_no-overflow.c/lasso_trace_1.txt,TERMINATING,1.98,82.73,61.29,12.00,TERMINATING,5,1,6,Affine Template / Affine Template
ATVA2026_benchmark/TERM_LASSO//lasso_traces_BrockschmidtCookFuhs-CAV2013-Introduction_true-termination.c/lasso_trace_1.txt,TERMINATING,1.90,71.97,63.00,13.00,TERMINATING,5,1,6,Affine Template / Affine Template
ATVA2026_benchmark/TERM_LASSO//lasso_traces_broydn.c.i.broydn.pl.t2.fixed.t2.c/lasso_trace_1.txt,TERMINATING,2.17,92.69,114.42,18.00,TERMINATING,128,26,154,Affine Template / Affine Template
ATVA2026_benchmark/TERM_LASSO//lasso_traces_broydn.c.i.broydn.pl.t2.fixed.t2.c/lasso_trace_13.txt,TERMINATING,0.46,233.19,260.53,36.00,TERMINATING,433,22,455,Affine Template / Affine Template
ATVA2026_benchmark/TERM_LASSO//lasso_traces_broydn.c.i.broydn.pl.t2.fixed.t2.c/lasso_trace_14.txt,TERMINATING,0.59,543.53,750.78,66.00,TERMINATING,463,13,476,Affine Template / Affine Template
ATVA2026_benchmark/TERM_LASSO//lasso_traces_broydn.c.i.broydn.pl.t2.fixed.t2.c/lasso_trace_2.txt,TERMINATING,0.57,629.08,839.80,37.00,TERMINATING,151,120,271,Affine Template / Affine Template
ATVA2026_benchmark/TERM_LASSO//lasso_traces_broydn.c.i.broydn.pl.t2.fixed.t2.c/lasso_trace_3.txt,TERMINATING,0.49,474.23,703.06,21.00,TERMINATING,182,27,209,Affine Template / Affine Template
ATVA2026_benchmark/TERM_LASSO//lasso_traces_broydn.c.i.broydn.pl.t2.fixed.t2.c/lasso_trace_5.txt,TERMINATING,0.60,511.22,698.72,61.00,TERMINATING,211,27,238,Affine Template / Affine Template
ATVA2026_benchmark/TERM_LASSO//lasso_traces_broydn.c.i.broydn.pl.t2.fixed.t2.c/lasso_trace_6.txt,TERMINATING,0.65,151.70,231.93,25.00,TERMINATING,208,35,243,Affine Template / Affine Template
ATVA2026_benchmark/TERM_LASSO//lasso_traces_broydn.c.i.broydn.pl.t2.fixed.t2.c/lasso_trace_7.txt,TERMINATING,0.43,651.87,143.26,24.00,TERMINATING,212,35,247,Affine Template / Affine Template
ATVA2026_benchmark/TERM_LASSO//lasso_traces_broydn.c.i.broydn.pl.t2.fixed.t2.c/lasso_trace_8.txt,TERMINATING,0.46,407.49,413.12,29.00,TERMINATING,222,17,239,Affine Template / Affine Template
ATVA2026_benchmark/TERM_LASSO//lasso_traces_broydn.c.i.broydn.pl.t2.fixed.t2.c/lasso_trace_9.txt,TERMINATING,0.57,278.93,423.51,69.00,TERMINATING,229,22,251,Affine Template / Affine Template
ATVA2026_benchmark/TERM_LASSO//lasso_traces_broydn.c.i.broydn.pl.t2.nor.t2.rlgfixed.t2.c/lasso_trace_1.txt,TERMINATING,2.40,95.72,117.00,17.00,TERMINATING,128,26,154,Affine Template / Affine Template
ATVA2026_benchmark/TERM_LASSO//lasso_traces_broydn.c.i.broydn.pl.t2.nor.t2.rlgfixed.t2.c/lasso_trace_2.txt,TERMINATING,0.59,627.87,839.91,38.00,TERMINATING,151,120,271,Affine Template / Affine Template
ATVA2026_benchmark/TERM_LASSO//lasso_traces_broydn.c.i.broydn.pl.t2.nor.t2.rlgfixed.t2.c/lasso_trace_3.txt,TERMINATING,0.45,479.86,670.10,22.00,TERMINATING,182,27,209,Affine Template / Affine Template
ATVA2026_benchmark/TERM_LASSO//lasso_traces_broydn.c.i.broydn.pl.t2.nor.t2.rlgfixed.t2.c/lasso_trace_5.txt,TERMINATING,0.94,516.43,690.23,62.00,TERMINATING,211,27,238,Affine Template / Affine Template
ATVA2026_benchmark/TERM_LASSO//lasso_traces_broydn.c.i.broydn.pl.t2.nor.t2.rlgfixed.t2.c/lasso_trace_6.txt,TERMINATING,0.61,162.97,229.27,24.00,TERMINATING,208,35,243,Affine Template / Affine Template
ATVA2026_benchmark/TERM_LASSO//lasso_traces_broydn.c.i.broydn.pl.t2.nor.t2.rlgfixed.t2.c/lasso_trace_7.txt,TERMINATING,0.39,633.48,134.36,25.00,TERMINATING,212,35,247,Affine Template / Affine Template
ATVA2026_benchmark/TERM_LASSO//lasso_traces_broydn.c.i.broydn.pl.t2.nor.t2.rlgfixed.t2.c/lasso_trace_8.txt,TERMINATING,0.64,407.81,416.72,28.00,TERMINATING,222,17,239,Affine Template / Affine Template
ATVA2026_benchmark/TERM_LASSO//lasso_traces_broydn.c.i.broydn.pl.t2.nor.t2.rlgfixed.t2.c/lasso_trace_9.txt,TERMINATING,0.46,267.54,411.27,67.00,TERMINATING,229,22,251,Affine Template / Affine Template
ATVA2026_benchmark/TERM_LASSO//lasso_traces_broydn.t2.c/lasso_trace_1.txt,TERMINATING,2.26,87.42,121.03,22.00,TERMINATING,128,26,154,Affine Template / Affine Template
ATVA2026_benchmark/TERM_LASSO//lasso_traces_broydn.t2.c/lasso_trace_13.txt,TERMINATING,0.45,425.50,571.33,33.00,TERMINATING,429,22,451,Affine Template / Affine Template
ATVA2026_benchmark/TERM_LASSO//lasso_traces_broydn.t2.c/lasso_trace_2.txt,TERMINATING,0.56,617.85,834.78,28.00,TERMINATING,151,120,271,Affine Template / Affine Template
ATVA2026_benchmark/TERM_LASSO//lasso_traces_broydn.t2.c/lasso_trace_3.txt,TERMINATING,0.42,487.88,645.95,25.00,TERMINATING,182,27,209,Affine Template / Affine Template
ATVA2026_benchmark/TERM_LASSO//lasso_traces_broydn.t2.c/lasso_trace_5.txt,TERMINATING,0.53,134.02,139.42,23.00,TERMINATING,208,35,243,Affine Template / Affine Template
ATVA2026_benchmark/TERM_LASSO//lasso_traces_broydn.t2.c/lasso_trace_6.txt,TERMINATING,0.53,492.36,677.60,25.00,TERMINATING,212,35,247,Affine Template / Affine Template
ATVA2026_benchmark/TERM_LASSO//lasso_traces_broydn.t2.c/lasso_trace_7.txt,TERMINATING,0.49,261.59,325.85,29.00,TERMINATING,222,17,239,Affine Template / Affine Template
ATVA2026_benchmark/TERM_LASSO//lasso_traces_broydn.t2.c/lasso_trace_8.txt,TERMINATING,0.42,589.71,689.87,30.00,TERMINATING,230,22,252,Affine Template / Affine Template
ATVA2026_benchmark/TERM_LASSO//lasso_traces_brp_withassume.t2.c/lasso_trace_10.txt,TERMINATING,0.49,688.16,828.64,25.00,TERMINATING,292,25,317,Affine Template / Affine Template
ATVA2026_benchmark/TERM_LASSO//lasso_traces_brp_withassume.t2.c/lasso_trace_11.txt,TERMINATING,0.52,273.97,294.45,32.00,TERMINATING,334,67,401,Affine Template / Affine Template
ATVA2026_benchmark/TERM_LASSO//lasso_traces_brp_withassume.t2.c/lasso_trace_12.txt,TERMINATING,0.52,494.55,627.51,27.00,TERMINATING,477,25,502,Affine Template / Affine Template
ATVA2026_benchmark/TERM_LASSO//lasso_traces_brp_withassume.t2.c/lasso_trace_13.txt,TERMINATING,0.55,652.12,769.75,36.00,TERMINATING,557,67,624,Affine Template / Affine Template
ATVA2026_benchmark/TERM_LASSO//lasso_traces_brp_withassume.t2.c/lasso_trace_2.txt,TERMINATING,0.49,184.62,254.10,23.00,TERMINATING,121,25,146,Affine Template / Affine Template
ATVA2026_benchmark/TERM_LASSO//lasso_traces_brutesearch.c/lasso_trace_2.txt,TERMINATING,3.72,2505.03,-,306.00,TERMINATING,5,5,10,Affine Template / Affine Template
ATVA2026_benchmark/TERM_LASSO//lasso_traces_brutesearch-no-inv.c/lasso_trace_2.txt,TERMINATING,2.22,2432.16,-,293.00,TERMINATING,5,5,10,Affine Template / Affine Template
ATVA2026_benchmark/TERM_LASSO//lasso_traces_bsort100.t2.c/lasso_trace_1.txt,TERMINATING,2.58,134.66,169.14,7.00,TERMINATING,40,13,53,Affine Template / Affine Template
ATVA2026_benchmark/TERM_LASSO//lasso_traces_bubble_sort.c/lasso_trace_1.txt,TERMINATING,3.33,73.52,155.43,7.00,TERMINATING,1,2,3,Affine Template / Affine Template
ATVA2026_benchmark/TERM_LASSO//lasso_traces_bubblesort_inner_loop.t2.c/lasso_trace_1.txt,TERMINATING,5.10,180.05,362.23,9.00,TERMINATING,28,25,53,Affine Template / Affine Template
ATVA2026_benchmark/TERM_LASSO//lasso_traces_bubbleSort.t2.c/lasso_trace_1.txt,TERMINATING,7.48,585.14,736.18,10.00,TERMINATING,44,13,57,Affine Template / Affine Template
ATVA2026_benchmark/TERM_LASSO//lasso_traces_bubbleSort.t2.c/lasso_trace_5.txt,TERMINATING,0.29,210.62,320.78,13.00,TERMINATING,92,25,117,Affine Template / Affine Template
ATVA2026_benchmark/TERM_LASSO//lasso_traces_BubblesortWithoutArrays_true-termination.c/lasso_trace_1.txt,TERMINATING,3.41,179.76,71.02,6.00,TERMINATING,7,2,9,Affine Template / Affine Template
ATVA2026_benchmark/TERM_LASSO//lasso_traces_BubblesortWithoutArrays_true-termination.c/lasso_trace_2.txt,TERMINATING,2.03,130.50,282.90,5.00,TERMINATING,8,1,9,Affine Template / Affine Template
ATVA2026_benchmark/TERM_LASSO//lasso_traces_Buffer_overFlow_in_loop_nonSecurity.c/lasso_trace_1.txt,TERMINATING,2.33,134.84,139.33,6.00,TERMINATING,5,3,8,Affine Template / Affine Template
ATVA2026_benchmark/TERM_LASSO//lasso_traces_Buffer_overFlow_in_loop_Security.c/lasso_trace_1.txt,TERMINATING,4.59,274.48,186.36,6.00,TERMINATING,5,3,8,Affine Template / Affine Template
ATVA2026_benchmark/TERM_LASSO//lasso_traces_bug02_isEmptyHeuristic_recursion.c/lasso_trace_1.txt,TERMINATING,8.78,397.83,417.35,7.00,TERMINATING,6,4,10,Affine Template / Affine Template
ATVA2026_benchmark/TERM_LASSO//lasso_traces_bug02_isEmptyHeuristic_recursion.c/lasso_trace_2.txt,TERMINATING,2.18,304.44,336.86,12.00,TERMINATING,9,4,13,Affine Template / Affine Template
ATVA2026_benchmark/TERM_LASSO//lasso_traces_bug02_isEmptyHeuristic_recursion.c/lasso_trace_3.txt,TERMINATING,1.86,355.09,228.02,15.00,TERMINATING,13,4,17,Affine Template / Affine Template
ATVA2026_benchmark/TERM_LASSO//lasso_traces_bug02_isEmptyHeuristic_recursion.c/lasso_trace_5.txt,TERMINATING,3.05,203.67,127.95,10.00,TERMINATING,14,8,22,Affine Template / Affine Template
ATVA2026_benchmark/TERM_LASSO//lasso_traces_bug02_isEmptyHeuristic_recursion.c/lasso_trace_6.txt,TERMINATING,1.91,232.12,130.20,14.00,TERMINATING,15,4,19,Affine Template / Affine Template
ATVA2026_benchmark/TERM_LASSO//lasso_traces_bug06_IsEmptyHeuristic.c/lasso_trace_2.txt,TERMINATING,1.90,88.26,71.33,4.00,TERMINATING,5,4,9,Affine Template / Affine Template
ATVA2026_benchmark/TERM_LASSO//lasso_traces_BugDoubleLabel.c/lasso_trace_1.txt,TERMINATING,4.15,108.69,120.45,6.00,TERMINATING,5,3,8,Affine Template / Affine Template
ATVA2026_benchmark/TERM_LASSO//lasso_traces_bug-FalseStemFeasible.c/lasso_trace_1.txt,TERMINATING,3.90,65.80,-,9.00,TERMINATING,5,1,6,Affine Template / Affine Template
ATVA2026_benchmark/TERM_LASSO//lasso_traces_BugOldVars01.c/lasso_trace_1.txt,TERMINATING,3.68,277.14,226.83,9.00,TERMINATING,7,1,8,Affine Template / Affine Template
ATVA2026_benchmark/TERM_LASSO//lasso_traces_BugOldVars01-simplified.c/lasso_trace_1.txt,TERMINATING,1.74,86.69,63.39,7.00,TERMINATING,6,1,7,Affine Template / Affine Template
ATVA2026_benchmark/TERM_LASSO//lasso_traces_builtin_return_address.c/lasso_trace_1.txt,TERMINATING,10.99,335.38,668.60,5.00,TERMINATING,5,1,6,Affine Template / Affine Template
ATVA2026_benchmark/TERM_LASSO//lasso_traces_byron-1.t2.c/lasso_trace_1.txt,TERMINATING,3.05,753.44,621.28,12.00,TERMINATING,33,13,46,Affine Template / 2-Nested Template
ATVA2026_benchmark/TERM_LASSO//lasso_traces_byron-2.t2.c/lasso_trace_1.txt,TERMINATING,6.69,993.45,1636.40,12.00,TERMINATING,40,28,68,Affine Template / Affine Template
ATVA2026_benchmark/TERM_LASSO//lasso_traces_byron-2.t2.c/lasso_trace_2.txt,TERMINATING,0.40,131.84,93.33,19.00,TERMINATING,73,42,115,Affine Template / Affine Template
ATVA2026_benchmark/TERM_LASSO//lasso_traces_byron-2.t2.c/lasso_trace_3.txt,TERMINATING,0.46,59.52,98.68,32.00,TERMINATING,89,28,117,Affine Template / Affine Template
ATVA2026_benchmark/TERM_LASSO//lasso_traces_byron-3.t2.c/lasso_trace_1.txt,TERMINATING,2.89,902.35,114.38,17.00,TERMINATING,28,13,41,2-Nested Template / 2-Nested Template
ATVA2026_benchmark/TERM_LASSO//lasso_traces_byron-4.t2.c/lasso_trace_3.txt,TERMINATING,2.14,245.76,226.03,14.00,TERMINATING,37,45,82,Affine Template / Affine Template
ATVA2026_benchmark/TERM_LASSO//lasso_traces_c.01_assume.c/lasso_trace_1.txt,TERMINATING,3.88,164.08,102.04,8.00,TERMINATING,5,2,7,Affine Template / Affine Template
ATVA2026_benchmark/TERM_LASSO//lasso_traces_c.01_assume.c/lasso_trace_2.txt,TERMINATING,1.46,156.50,50.24,11.00,TERMINATING,6,1,7,Affine Template / Affine Template
ATVA2026_benchmark/TERM_LASSO//lasso_traces_c.01_assume_false-no-overflow.c/lasso_trace_1.txt,TERMINATING,7.53,136.62,92.86,7.00,TERMINATING,5,2,7,Affine Template / Affine Template
ATVA2026_benchmark/TERM_LASSO//lasso_traces_c.01_assume_false-no-overflow.c/lasso_trace_2.txt,TERMINATING,1.22,151.94,44.73,11.00,TERMINATING,6,1,7,Affine Template / Affine Template
ATVA2026_benchmark/TERM_LASSO//lasso_traces_c.01_assume_no-overflow.c/lasso_trace_1.txt,TERMINATING,1.94,78.37,60.24,8.00,TERMINATING,5,2,7,Affine Template / Affine Template
ATVA2026_benchmark/TERM_LASSO//lasso_traces_c.01_assume_no-overflow.c/lasso_trace_2.txt,TERMINATING,0.56,88.79,31.09,15.00,TERMINATING,6,1,7,Affine Template / 2-Nested Template
ATVA2026_benchmark/TERM_LASSO//lasso_traces_c.01_assume_true-termination.c/lasso_trace_1.txt,TERMINATING,2.97,99.59,44.98,8.00,TERMINATING,7,2,9,Affine Template / Affine Template
ATVA2026_benchmark/TERM_LASSO//lasso_traces_c.01_assume_true-termination.c/lasso_trace_2.txt,TERMINATING,1.09,163.65,156.74,8.00,TERMINATING,8,2,10,Affine Template / Affine Template
ATVA2026_benchmark/TERM_LASSO//lasso_traces_c.01.c/lasso_trace_1.txt,TERMINATING,8.47,111.78,98.27,8.00,TERMINATING,1,2,3,Affine Template / Affine Template
ATVA2026_benchmark/TERM_LASSO//lasso_traces_c.01-no-inv.c/lasso_trace_1.txt,TERMINATING,2.04,45.90,34.02,7.00,TERMINATING,1,2,3,Affine Template / Affine Template
ATVA2026_benchmark/TERM_LASSO//lasso_traces_c.01-no-inv_false-no-overflow.c/lasso_trace_1.txt,TERMINATING,3.12,102.97,77.55,10.00,TERMINATING,5,2,7,Affine Template / Affine Template
ATVA2026_benchmark/TERM_LASSO//lasso_traces_c.01-no-inv_no-overflow.c/lasso_trace_1.txt,TERMINATING,2.06,46.36,34.16,8.00,TERMINATING,1,2,3,Affine Template / Affine Template
ATVA2026_benchmark/TERM_LASSO//lasso_traces_c.01-no-inv_true-termination.c/lasso_trace_1.txt,TERMINATING,3.25,116.85,82.22,9.00,TERMINATING,7,2,9,Affine Template / Affine Template
ATVA2026_benchmark/TERM_LASSO//lasso_traces_c.02.c/lasso_trace_1.txt,TERMINATING,10.14,318.93,201.33,5.00,TERMINATING,1,2,3,Affine Template / Affine Template
ATVA2026_benchmark/TERM_LASSO//lasso_traces_c.02.c/lasso_trace_2.txt,TERMINATING,1.87,190.00,98.79,8.00,TERMINATING,2,1,3,Affine Template / Affine Template
ATVA2026_benchmark/TERM_LASSO//lasso_traces_c.02_false-no-overflow.c/lasso_trace_1.txt,TERMINATING,16.82,739.85,463.72,10.00,TERMINATING,5,2,7,Affine Template / Affine Template
ATVA2026_benchmark/TERM_LASSO//lasso_traces_c.02_false-no-overflow.c/lasso_trace_2.txt,TERMINATING,7.00,346.24,664.67,11.00,TERMINATING,6,1,7,Affine Template / Affine Template
ATVA2026_benchmark/TERM_LASSO//lasso_traces_c.02_no-overflow.c/lasso_trace_1.txt,TERMINATING,2.10,57.71,50.72,5.00,TERMINATING,1,2,3,Affine Template / Affine Template
ATVA2026_benchmark/TERM_LASSO//lasso_traces_c.02_no-overflow.c/lasso_trace_2.txt,TERMINATING,0.41,44.80,31.89,7.00,TERMINATING,2,1,3,Affine Template / Affine Template
ATVA2026_benchmark/TERM_LASSO//lasso_traces_c.02_true-termination.c/lasso_trace_1.txt,TERMINATING,14.17,399.67,189.06,9.00,TERMINATING,7,2,9,Affine Template / Affine Template
ATVA2026_benchmark/TERM_LASSO//lasso_traces_c.02_true-termination.c/lasso_trace_2.txt,TERMINATING,8.87,271.84,329.70,7.00,TERMINATING,8,1,9,Affine Template / Affine Template
ATVA2026_benchmark/TERM_LASSO//lasso_traces_c.03.c/lasso_trace_1.txt,TERMINATING,26.29,531.15,232.44,19.00,TERMINATING,1,1,2,Affine Template / Affine Template
ATVA2026_benchmark/TERM_LASSO//lasso_traces_c.03_false-no-overflow.c/lasso_trace_1.txt,TERMINATING,18.23,862.04,536.44,22.00,TERMINATING,5,1,6,Affine Template / Affine Template
ATVA2026_benchmark/TERM_LASSO//lasso_traces_c.03_no-overflow.c/lasso_trace_1.txt,TERMINATING,2.39,94.91,47.75,19.00,TERMINATING,1,1,2,Affine Template / Affine Template
ATVA2026_benchmark/TERM_LASSO//lasso_traces_c.03_true-termination.c/lasso_trace_1.txt,TERMINATING,12.06,461.06,299.85,23.00,TERMINATING,7,1,8,Affine Template / Affine Template
ATVA2026_benchmark/TERM_LASSO//lasso_traces_c.04.c/lasso_trace_1.txt,TERMINATING,9.50,713.26,233.58,23.00,TERMINATING,2,1,3,Affine Template / Affine Template
ATVA2026_benchmark/TERM_LASSO//lasso_traces_c.04-no-inv.c/lasso_trace_1.txt,TERMINATING,9.63,522.16,384.47,26.00,TERMINATING,2,1,3,Affine Template / Affine Template
ATVA2026_benchmark/TERM_LASSO//lasso_traces_c.06.c/lasso_trace_1.txt,TERMINATING,4.63,1194.89,403.23,71.00,TERMINATING,1,1,2,Affine Template / Affine Template
ATVA2026_benchmark/TERM_LASSO//lasso_traces_c.07.c/lasso_trace_1.txt,TERMINATING,8.69,188.42,113.35,15.00,TERMINATING,1,1,2,Affine Template / Affine Template
ATVA2026_benchmark/TERM_LASSO//lasso_traces_c.07_false-no-overflow.c/lasso_trace_1.txt,TERMINATING,6.26,344.23,59.03,13.00,TERMINATING,5,1,6,Affine Template / Affine Template
ATVA2026_benchmark/TERM_LASSO//lasso_traces_c.07_no-overflow.c/lasso_trace_1.txt,TERMINATING,2.24,69.56,40.75,14.00,TERMINATING,1,1,2,Affine Template / Affine Template
ATVA2026_benchmark/TERM_LASSO//lasso_traces_c.07_true-termination.c/lasso_trace_1.txt,TERMINATING,4.84,169.14,77.30,15.00,TERMINATING,7,1,8,Affine Template / 2-Nested Template
ATVA2026_benchmark/TERM_LASSO//lasso_traces_c.08.c/lasso_trace_1.txt,TERMINATING,2.40,109.08,57.45,5.00,TERMINATING,1,2,3,Affine Template / Affine Template
ATVA2026_benchmark/TERM_LASSO//lasso_traces_c.08.c/lasso_trace_2.txt,TERMINATING,1.12,48.09,74.51,11.00,TERMINATING,2,1,3,Affine Template / Affine Template
ATVA2026_benchmark/TERM_LASSO//lasso_traces_c.08_false-no-overflow.c/lasso_trace_1.txt,TERMINATING,2.74,193.97,132.08,10.00,TERMINATING,5,2,7,Affine Template / Affine Template
ATVA2026_benchmark/TERM_LASSO//lasso_traces_c.08_false-no-overflow.c/lasso_trace_2.txt,TERMINATING,1.02,114.16,144.17,11.00,TERMINATING,6,1,7,Affine Template / Affine Template
ATVA2026_benchmark/TERM_LASSO//lasso_traces_c.08_no-overflow.c/lasso_trace_1.txt,TERMINATING,2.20,58.72,47.75,5.00,TERMINATING,1,2,3,Affine Template / Affine Template
ATVA2026_benchmark/TERM_LASSO//lasso_traces_c.08_no-overflow.c/lasso_trace_2.txt,TERMINATING,0.82,36.10,46.74,8.00,TERMINATING,2,1,3,Affine Template / Affine Template
ATVA2026_benchmark/TERM_LASSO//lasso_traces_c.08_true-termination.c/lasso_trace_1.txt,TERMINATING,1.88,80.78,178.11,8.00,TERMINATING,7,2,9,Affine Template / Affine Template
ATVA2026_benchmark/TERM_LASSO//lasso_traces_c.08_true-termination.c/lasso_trace_2.txt,TERMINATING,2.00,105.18,119.72,8.00,TERMINATING,8,1,9,Affine Template / Affine Template
ATVA2026_benchmark/TERM_LASSO//lasso_traces_c.09.c/lasso_trace_1.txt,TERMINATING,3.39,159.49,87.10,19.00,TERMINATING,1,1,2,Affine Template / Affine Template
ATVA2026_benchmark/TERM_LASSO//lasso_traces_c.11.c/lasso_trace_1.txt,TERMINATING,3.96,4039.46,86.16,33.00,TERMINATING,1,1,2,2-Phase Template / Affine Template
ATVA2026_benchmark/TERM_LASSO//lasso_traces_cacm.c/lasso_trace_1.txt,TERMINATING,5.48,174.39,170.66,17.00,TERMINATING,1,1,2,Affine Template / Affine Template
ATVA2026_benchmark/TERM_LASSO//lasso_traces_Cairo.c/lasso_trace_1.txt,TERMINATING,1.77,117.64,96.96,11.00,TERMINATING,6,1,7,Affine Template / Affine Template
ATVA2026_benchmark/TERM_LASSO//lasso_traces_Cairo_no-overflow.c/lasso_trace_1.txt,TERMINATING,1.90,109.24,92.29,14.00,TERMINATING,6,1,7,Affine Template / Affine Template
ATVA2026_benchmark/TERM_LASSO//lasso_traces_Cairo_step2-1.c/lasso_trace_1.txt,TERMINATING,2.44,116.71,91.85,12.00,TERMINATING,6,1,7,Affine Template / Affine Template
ATVA2026_benchmark/TERM_LASSO//lasso_traces_Cairo_step2-1_no-overflow.c/lasso_trace_1.txt,TERMINATING,2.31,120.06,91.76,13.00,TERMINATING,6,1,7,Affine Template / Affine Template
ATVA2026_benchmark/TERM_LASSO//lasso_traces_Cairo_true-termination.c/lasso_trace_1.txt,TERMINATING,2.56,165.84,97.05,13.00,TERMINATING,6,1,7,Affine Template / Affine Template
ATVA2026_benchmark/TERM_LASSO//lasso_traces_cav1.c/lasso_trace_1.txt,TERMINATING,1.80,65.34,34.01,11.00,TERMINATING,1,1,2,Affine Template / Affine Template
ATVA2026_benchmark/TERM_LASSO//lasso_traces_chaining2.c/lasso_trace_1.txt,TERMINATING,0.62,78.87,30.06,16.00,TERMINATING,2,1,3,Affine Template / Affine Template
ATVA2026_benchmark/TERM_LASSO//lasso_traces_ChawdharyCookGulwaniSagivYang-ESOP2008-aaron1.c/lasso_trace_1.txt,TERMINATING,2.18,299.66,56.15,50.00,TERMINATING,5,1,6,Affine Template / Affine Template
ATVA2026_benchmark/TERM_LASSO//lasso_traces_ChawdharyCookGulwaniSagivYang-ESOP2008-aaron1_no-overflow.c/lasso_trace_1.txt,TERMINATING,2.37,313.28,61.05,51.00,TERMINATING,5,1,6,Affine Template / Affine Template
ATVA2026_benchmark/TERM_LASSO//lasso_traces_ChawdharyCookGulwaniSagivYang-ESOP2008-aaron1_true-termination.c/lasso_trace_1.txt,TERMINATING,1.93,310.81,53.18,48.00,TERMINATING,5,1,6,Affine Template / Affine Template
ATVA2026_benchmark/TERM_LASSO//lasso_traces_ChawdharyCookGulwaniSagivYang-ESOP2008-aaron2.c/lasso_trace_1.txt,TERMINATING,2.87,124.21,54.30,18.00,TERMINATING,5,1,6,Affine Template / Affine Template
ATVA2026_benchmark/TERM_LASSO//lasso_traces_ChawdharyCookGulwaniSagivYang-ESOP2008-aaron2_no-overflow.c/lasso_trace_1.txt,TERMINATING,2.42,134.70,54.53,20.00,TERMINATING,5,1,6,Affine Template / Affine Template
ATVA2026_benchmark/TERM_LASSO//lasso_traces_ChawdharyCookGulwaniSagivYang-ESOP2008-aaron2_true-termination.c/lasso_trace_1.txt,TERMINATING,1.80,133.87,52.07,19.00,TERMINATING,5,1,6,Affine Template / Affine Template
ATVA2026_benchmark/TERM_LASSO//lasso_traces_ChawdharyCookGulwaniSagivYang-ESOP2008-aaron3.c/lasso_trace_1.txt,TERMINATING,2.08,2189.45,39.62,42.00,TERMINATING,5,1,6,2-Phase Template / 2-Nested Template
ATVA2026_benchmark/TERM_LASSO//lasso_traces_ChawdharyCookGulwaniSagivYang-ESOP2008-aaron3_no-overflow.c/lasso_trace_1.txt,TERMINATING,2.08,2302.14,42.86,52.00,TERMINATING,5,1,6,2-Phase Template / 2-Nested Template
ATVA2026_benchmark/TERM_LASSO//lasso_traces_ChawdharyCookGulwaniSagivYang-ESOP2008-aaron3_true-termination.c/lasso_trace_1.txt,TERMINATING,2.25,2214.61,40.79,43.00,TERMINATING,5,1,6,2-Phase Template / 2-Nested Template
ATVA2026_benchmark/TERM_LASSO//lasso_traces_ChawdharyCookGulwaniSagivYang-ESOP2008-aaron4.c/lasso_trace_1.txt,TERMINATING,2.52,2531.74,162.54,213.00,TERMINATING,5,1,6,2-Nested Template / 2-Nested Template
ATVA2026_benchmark/TERM_LASSO//lasso_traces_ChawdharyCookGulwaniSagivYang-ESOP2008-aaron4_no-overflow.c/lasso_trace_1.txt,TERMINATING,2.39,2578.51,174.65,179.00,TERMINATING,5,1,6,2-Nested Template / 2-Nested Template
ATVA2026_benchmark/TERM_LASSO//lasso_traces_ChawdharyCookGulwaniSagivYang-ESOP2008-aaron4_true-termination.c/lasso_trace_1.txt,TERMINATING,2.58,2554.64,163.16,223.00,TERMINATING,5,1,6,2-Nested Template / 2-Nested Template
ATVA2026_benchmark/TERM_LASSO//lasso_traces_ChawdharyCookGulwaniSagivYang-ESOP2008-aaron6.c/lasso_trace_1.txt,TERMINATING,2.08,170.49,168.90,45.00,TERMINATING,6,1,7,Affine Template / Affine Template
ATVA2026_benchmark/TERM_LASSO//lasso_traces_ChawdharyCookGulwaniSagivYang-ESOP2008-aaron6_no-overflow.c/lasso_trace_1.txt,TERMINATING,2.17,187.15,164.62,40.00,TERMINATING,6,1,7,Affine Template / Affine Template
ATVA2026_benchmark/TERM_LASSO//lasso_traces_ChawdharyCookGulwaniSagivYang-ESOP2008-aaron6_true-termination.c/lasso_trace_1.txt,TERMINATING,2.03,182.40,165.14,45.00,TERMINATING,6,1,7,Affine Template / Affine Template
ATVA2026_benchmark/TERM_LASSO//lasso_traces_ChawdharyCookGulwaniSagivYang-ESOP2008-easy1.c/lasso_trace_1.txt,TERMINATING,2.01,128.52,65.53,20.00,TERMINATING,5,1,6,Affine Template / Affine Template
ATVA2026_benchmark/TERM_LASSO//lasso_traces_ChawdharyCookGulwaniSagivYang-ESOP2008-easy1_no-overflow.c/lasso_trace_1.txt,TERMINATING,2.98,118.57,63.53,20.00,TERMINATING,5,1,6,Affine Template / Affine Template
ATVA2026_benchmark/TERM_LASSO//lasso_traces_ChawdharyCookGulwaniSagivYang-ESOP2008-easy1_true-termination.c/lasso_trace_1.txt,TERMINATING,1.98,129.54,65.25,19.00,TERMINATING,5,1,6,Affine Template / Affine Template
ATVA2026_benchmark/TERM_LASSO//lasso_traces_ChawdharyCookGulwaniSagivYang-ESOP2008-easy2.c/lasso_trace_1.txt,TERMINATING,2.14,72.04,75.27,10.00,TERMINATING,5,1,6,Affine Template / Affine Template
ATVA2026_benchmark/TERM_LASSO//lasso_traces_ChawdharyCookGulwaniSagivYang-ESOP2008-easy2_no-overflow.c/lasso_trace_1.txt,TERMINATING,1.96,66.44,75.45,10.00,TERMINATING,5,1,6,Affine Template / Affine Template
ATVA2026_benchmark/TERM_LASSO//lasso_traces_ChawdharyCookGulwaniSagivYang-ESOP2008-easy2_true-termination.c/lasso_trace_1.txt,TERMINATING,1.98,73.14,75.91,10.00,TERMINATING,5,1,6,Affine Template / Affine Template
ATVA2026_benchmark/TERM_LASSO//lasso_traces_ChawdharyCookGulwaniSagivYang-ESOP2008-random1d.c/lasso_trace_1.txt,TERMINATING,1.97,112.71,156.80,21.00,TERMINATING,6,1,7,Affine Template / Affine Template
ATVA2026_benchmark/TERM_LASSO//lasso_traces_ChawdharyCookGulwaniSagivYang-ESOP2008-random1d_no-overflow.c/lasso_trace_1.txt,TERMINATING,1.87,133.90,167.67,20.00,TERMINATING,6,1,7,Affine Template / Affine Template
ATVA2026_benchmark/TERM_LASSO//lasso_traces_ChawdharyCookGulwaniSagivYang-ESOP2008-random1d_true-termination.c/lasso_trace_1.txt,TERMINATING,1.93,116.91,152.74,21.00,TERMINATING,6,1,7,Affine Template / Affine Template
ATVA2026_benchmark/TERM_LASSO//lasso_traces_ChawdharyCookGulwaniSagivYang-ESOP2008-random2d.c/lasso_trace_1.txt,TERMINATING,1.69,154.43,62.31,50.00,TERMINATING,5,1,6,Affine Template / Affine Template
ATVA2026_benchmark/TERM_LASSO//lasso_traces_ChawdharyCookGulwaniSagivYang-ESOP2008-random2d_no-overflow.c/lasso_trace_1.txt,TERMINATING,1.75,165.43,63.51,53.00,TERMINATING,5,1,6,Affine Template / Affine Template
ATVA2026_benchmark/TERM_LASSO//lasso_traces_ChawdharyCookGulwaniSagivYang-ESOP2008-random2d_true-termination.c/lasso_trace_1.txt,TERMINATING,1.78,145.44,62.50,57.00,TERMINATING,5,1,6,Affine Template / Affine Template
ATVA2026_benchmark/TERM_LASSO//lasso_traces_ChenFlurMukhopadhyay-SAS2012-Ex1.02.c/lasso_trace_1.txt,TERMINATING,1.88,88.23,67.51,9.00,TERMINATING,5,1,6,Affine Template / Affine Template
ATVA2026_benchmark/TERM_LASSO//lasso_traces_ChenFlurMukhopadhyay-SAS2012-Ex1.02_no-overflow.c/lasso_trace_1.txt,TERMINATING,2.37,104.88,69.02,13.00,TERMINATING,5,1,6,Affine Template / Affine Template
ATVA2026_benchmark/TERM_LASSO//lasso_traces_ChenFlurMukhopadhyay-SAS2012-Ex1.02_true-termination.c/lasso_trace_1.txt,TERMINATING,1.87,105.01,104.90,13.00,TERMINATING,5,1,6,Affine Template / Affine Template
ATVA2026_benchmark/TERM_LASSO//lasso_traces_ChenFlurMukhopadhyay-SAS2012-Ex1.03.c/lasso_trace_1.txt,TERMINATING,1.91,83.79,63.56,11.00,TERMINATING,5,1,6,Affine Template / Affine Template
ATVA2026_benchmark/TERM_LASSO//lasso_traces_ChenFlurMukhopadhyay-SAS2012-Ex1.03_no-overflow.c/lasso_trace_1.txt,TERMINATING,1.87,93.23,61.44,12.00,TERMINATING,5,1,6,Affine Template / Affine Template
ATVA2026_benchmark/TERM_LASSO//lasso_traces_ChenFlurMukhopadhyay-SAS2012-Ex1.03_true-termination.c/lasso_trace_1.txt,TERMINATING,1.78,109.23,123.67,11.00,TERMINATING,5,1,6,Affine Template / Affine Template
ATVA2026_benchmark/TERM_LASSO//lasso_traces_ChenFlurMukhopadhyay-SAS2012-Ex1.04.c/lasso_trace_1.txt,TERMINATING,1.92,82.11,63.23,13.00,TERMINATING,5,1,6,Affine Template / Affine Template
ATVA2026_benchmark/TERM_LASSO//lasso_traces_ChenFlurMukhopadhyay-SAS2012-Ex1.04_no-overflow.c/lasso_trace_1.txt,TERMINATING,1.97,103.38,70.18,13.00,TERMINATING,5,1,6,Affine Template / Affine Template
ATVA2026_benchmark/TERM_LASSO//lasso_traces_ChenFlurMukhopadhyay-SAS2012-Ex1.04_true-termination.c/lasso_trace_1.txt,TERMINATING,1.67,108.55,101.90,10.00,TERMINATING,5,1,6,Affine Template / Affine Template
ATVA2026_benchmark/TERM_LASSO//lasso_traces_ChenFlurMukhopadhyay-SAS2012-Ex1.05.c/lasso_trace_1.txt,TERMINATING,2.02,96.55,67.77,12.00,TERMINATING,5,1,6,Affine Template / Affine Template
ATVA2026_benchmark/TERM_LASSO//lasso_traces_ChenFlurMukhopadhyay-SAS2012-Ex1.05_no-overflow.c/lasso_trace_1.txt,TERMINATING,2.06,102.77,70.38,11.00,TERMINATING,5,1,6,Affine Template / Affine Template
ATVA2026_benchmark/TERM_LASSO//lasso_traces_ChenFlurMukhopadhyay-SAS2012-Ex1.05_true-termination.c/lasso_trace_1.txt,TERMINATING,1.75,105.34,102.38,10.00,TERMINATING,5,1,6,Affine Template / Affine Template
ATVA2026_benchmark/TERM_LASSO//lasso_traces_ChenFlurMukhopadhyay-SAS2012-Ex2.01.c/lasso_trace_1.txt,TERMINATING,2.05,247.95,59.19,13.00,TERMINATING,5,1,6,2-Nested Template / 2-Nested Template
ATVA2026_benchmark/TERM_LASSO//lasso_traces_ChenFlurMukhopadhyay-SAS2012-Ex2.01_no-overflow.c/lasso_trace_1.txt,TERMINATING,1.96,257.35,48.88,20.00,TERMINATING,5,1,6,2-Nested Template / 2-Nested Template
ATVA2026_benchmark/TERM_LASSO//lasso_traces_ChenFlurMukhopadhyay-SAS2012-Ex2.01_true-termination.c/lasso_trace_1.txt,TERMINATING,2.90,265.74,49.02,15.00,TERMINATING,5,1,6,2-Nested Template / 2-Nested Template
ATVA2026_benchmark/TERM_LASSO//lasso_traces_ChenFlurMukhopadhyay-SAS2012-Ex2.07.c/lasso_trace_1.txt,TERMINATING,2.25,238.40,59.92,17.00,TERMINATING,5,1,6,2-Nested Template / 2-Nested Template
ATVA2026_benchmark/TERM_LASSO//lasso_traces_ChenFlurMukhopadhyay-SAS2012-Ex2.07_no-overflow.c/lasso_trace_1.txt,TERMINATING,2.15,282.50,64.75,16.00,TERMINATING,5,1,6,2-Nested Template / 2-Nested Template
ATVA2026_benchmark/TERM_LASSO//lasso_traces_ChenFlurMukhopadhyay-SAS2012-Ex2.07_true-termination.c/lasso_trace_1.txt,TERMINATING,2.20,272.03,62.94,17.00,TERMINATING,5,1,6,2-Nested Template / 2-Nested Template
ATVA2026_benchmark/TERM_LASSO//lasso_traces_ChenFlurMukhopadhyay-SAS2012-Ex2.08.c/lasso_trace_1.txt,TERMINATING,2.19,235.44,47.91,19.00,TERMINATING,5,1,6,2-Nested Template / 2-Nested Template
ATVA2026_benchmark/TERM_LASSO//lasso_traces_ChenFlurMukhopadhyay-SAS2012-Ex2.08_no-overflow.c/lasso_trace_1.txt,TERMINATING,2.13,260.40,60.69,17.00,TERMINATING,5,1,6,2-Nested Template / 2-Nested Template
ATVA2026_benchmark/TERM_LASSO//lasso_traces_ChenFlurMukhopadhyay-SAS2012-Ex2.08_true-termination.c/lasso_trace_1.txt,TERMINATING,2.17,251.84,50.80,16.00,TERMINATING,5,1,6,2-Nested Template / 2-Nested Template
ATVA2026_benchmark/TERM_LASSO//lasso_traces_ChenFlurMukhopadhyay-SAS2012-Ex2.09.c/lasso_trace_1.txt,TERMINATING,2.06,106.23,102.09,17.00,TERMINATING,5,1,6,Affine Template / Affine Template
ATVA2026_benchmark/TERM_LASSO//lasso_traces_ChenFlurMukhopadhyay-SAS2012-Ex2.09_no-overflow.c/lasso_trace_1.txt,TERMINATING,1.99,120.49,115.55,16.00,TERMINATING,5,1,6,Affine Template / Affine Template
ATVA2026_benchmark/TERM_LASSO//lasso_traces_ChenFlurMukhopadhyay-SAS2012-Ex2.09_true-termination.c/lasso_trace_1.txt,TERMINATING,2.02,116.12,102.70,16.00,TERMINATING,5,1,6,Affine Template / Affine Template
ATVA2026_benchmark/TERM_LASSO//lasso_traces_ChenFlurMukhopadhyay-SAS2012-Ex2.10.c/lasso_trace_1.txt,TERMINATING,2.46,89.10,61.61,7.00,TERMINATING,5,1,6,Affine Template / Affine Template
ATVA2026_benchmark/TERM_LASSO//lasso_traces_ChenFlurMukhopadhyay-SAS2012-Ex2.10_no-overflow.c/lasso_trace_1.txt,TERMINATING,2.08,95.00,62.20,7.00,TERMINATING,5,1,6,Affine Template / Affine Template
ATVA2026_benchmark/TERM_LASSO//lasso_traces_ChenFlurMukhopadhyay-SAS2012-Ex2.10_true-termination.c/lasso_trace_1.txt,TERMINATING,2.12,96.64,60.61,8.00,TERMINATING,5,1,6,Affine Template / Affine Template
ATVA2026_benchmark/TERM_LASSO//lasso_traces_ChenFlurMukhopadhyay-SAS2012-Ex2.13.c/lasso_trace_1.txt,TERMINATING,2.16,80.44,59.52,11.00,TERMINATING,5,1,6,Affine Template / Affine Template
ATVA2026_benchmark/TERM_LASSO//lasso_traces_ChenFlurMukhopadhyay-SAS2012-Ex2.13_no-overflow.c/lasso_trace_1.txt,TERMINATING,3.51,94.64,73.60,13.00,TERMINATING,5,1,6,Affine Template / Affine Template
ATVA2026_benchmark/TERM_LASSO//lasso_traces_ChenFlurMukhopadhyay-SAS2012-Ex2.13_true-termination.c/lasso_trace_1.txt,TERMINATING,2.39,90.01,67.05,12.00,TERMINATING,5,1,6,Affine Template / Affine Template
ATVA2026_benchmark/TERM_LASSO//lasso_traces_ChenFlurMukhopadhyay-SAS2012-Ex2.16.c/lasso_trace_1.txt,TERMINATING,1.93,80.54,49.66,12.00,TERMINATING,5,1,6,Affine Template / Affine Template
ATVA2026_benchmark/TERM_LASSO//lasso_traces_ChenFlurMukhopadhyay-SAS2012-Ex2.16_no-overflow.c/lasso_trace_1.txt,TERMINATING,2.85,82.30,54.15,14.00,TERMINATING,5,1,6,Affine Template / Affine Template
ATVA2026_benchmark/TERM_LASSO//lasso_traces_ChenFlurMukhopadhyay-SAS2012-Ex2.16_true-termination.c/lasso_trace_1.txt,TERMINATING,2.95,83.61,50.55,13.00,TERMINATING,5,1,6,Affine Template / Affine Template
ATVA2026_benchmark/TERM_LASSO//lasso_traces_ChenFlurMukhopadhyay-SAS2012-Ex2.18.c/lasso_trace_1.txt,TERMINATING,1.99,76.92,54.25,12.00,TERMINATING,5,1,6,Affine Template / Affine Template
ATVA2026_benchmark/TERM_LASSO//lasso_traces_ChenFlurMukhopadhyay-SAS2012-Ex2.18_no-overflow.c/lasso_trace_1.txt,TERMINATING,2.16,73.93,52.32,14.00,TERMINATING,5,1,6,Affine Template / Affine Template
ATVA2026_benchmark/TERM_LASSO//lasso_traces_ChenFlurMukhopadhyay-SAS2012-Ex2.18_true-termination.c/lasso_trace_1.txt,TERMINATING,2.19,81.10,53.09,13.00,TERMINATING,5,1,6,Affine Template / Affine Template
ATVA2026_benchmark/TERM_LASSO//lasso_traces_ChenFlurMukhopadhyay-SAS2012-Ex2.19.c/lasso_trace_1.txt,TERMINATING,2.15,84.21,66.39,14.00,TERMINATING,5,1,6,Affine Template / Affine Template
ATVA2026_benchmark/TERM_LASSO//lasso_traces_ChenFlurMukhopadhyay-SAS2012-Ex2.19_no-overflow.c/lasso_trace_1.txt,TERMINATING,2.08,86.10,67.31,12.00,TERMINATING,5,1,6,Affine Template / Affine Template
ATVA2026_benchmark/TERM_LASSO//lasso_traces_ChenFlurMukhopadhyay-SAS2012-Ex2.19_true-termination.c/lasso_trace_1.txt,TERMINATING,2.12,76.32,71.27,13.00,TERMINATING,5,1,6,Affine Template / Affine Template
ATVA2026_benchmark/TERM_LASSO//lasso_traces_ChenFlurMukhopadhyay-SAS2012-Ex2.20.c/lasso_trace_1.txt,TERMINATING,2.04,92.11,67.35,15.00,TERMINATING,5,1,6,Affine Template / Affine Template
ATVA2026_benchmark/TERM_LASSO//lasso_traces_ChenFlurMukhopadhyay-SAS2012-Ex2.20_no-overflow.c/lasso_trace_1.txt,TERMINATING,3.60,105.26,64.59,14.00,TERMINATING,5,1,6,Affine Template / Affine Template
ATVA2026_benchmark/TERM_LASSO//lasso_traces_ChenFlurMukhopadhyay-SAS2012-Ex2.20_true-termination.c/lasso_trace_1.txt,TERMINATING,2.14,94.98,64.73,14.00,TERMINATING,5,1,6,Affine Template / Affine Template
ATVA2026_benchmark/TERM_LASSO//lasso_traces_ChenFlurMukhopadhyay-SAS2012-Ex2.21.c/lasso_trace_1.txt,TERMINATING,2.34,78.28,51.59,13.00,TERMINATING,5,1,6,Affine Template / Affine Template
ATVA2026_benchmark/TERM_LASSO//lasso_traces_ChenFlurMukhopadhyay-SAS2012-Ex2.21_no-overflow.c/lasso_trace_1.txt,TERMINATING,2.23,81.08,56.44,11.00,TERMINATING,5,1,6,Affine Template / Affine Template
ATVA2026_benchmark/TERM_LASSO//lasso_traces_ChenFlurMukhopadhyay-SAS2012-Ex2.21_true-termination.c/lasso_trace_1.txt,TERMINATING,2.33,71.27,47.85,12.00,TERMINATING,5,1,6,Affine Template / Affine Template
ATVA2026_benchmark/TERM_LASSO//lasso_traces_ChenFlurMukhopadhyay-SAS2012-Ex2.22.c/lasso_trace_1.txt,TERMINATING,1.84,97.14,68.04,15.00,TERMINATING,5,1,6,Affine Template / Affine Template
ATVA2026_benchmark/TERM_LASSO//lasso_traces_ChenFlurMukhopadhyay-SAS2012-Ex2.22_no-overflow.c/lasso_trace_1.txt,TERMINATING,2.22,110.88,75.59,17.00,TERMINATING,5,1,6,Affine Template / Affine Template
ATVA2026_benchmark/TERM_LASSO//lasso_traces_ChenFlurMukhopadhyay-SAS2012-Ex2.22_true-termination.c/lasso_trace_1.txt,TERMINATING,2.13,63.96,51.50,13.00,TERMINATING,5,1,6,Affine Template / Affine Template
ATVA2026_benchmark/TERM_LASSO//lasso_traces_ChenFlurMukhopadhyay-SAS2012-Ex3.01.c/lasso_trace_1.txt,TERMINATING,2.06,63.70,62.20,12.00,TERMINATING,5,1,6,Affine Template / Affine Template
ATVA2026_benchmark/TERM_LASSO//lasso_traces_ChenFlurMukhopadhyay-SAS2012-Ex3.01_no-overflow.c/lasso_trace_1.txt,TERMINATING,2.07,61.66,65.78,14.00,TERMINATING,5,1,6,Affine Template / Affine Template
ATVA2026_benchmark/TERM_LASSO//lasso_traces_ChenFlurMukhopadhyay-SAS2012-Ex3.01_true-termination.c/lasso_trace_1.txt,TERMINATING,2.15,63.34,63.60,14.00,TERMINATING,5,1,6,Affine Template / Affine Template
ATVA2026_benchmark/TERM_LASSO//lasso_traces_ChenFlurMukhopadhyay-SAS2012-Ex3.03.c/lasso_trace_1.txt,TERMINATING,2.06,577.21,97.83,29.00,TERMINATING,5,1,6,3-Nested Template / 3-Nested Template
ATVA2026_benchmark/TERM_LASSO//lasso_traces_ChenFlurMukhopadhyay-SAS2012-Ex3.03_no-overflow.c/lasso_trace_1.txt,TERMINATING,2.10,592.78,102.06,29.00,TERMINATING,5,1,6,3-Nested Template / 3-Nested Template
ATVA2026_benchmark/TERM_LASSO//lasso_traces_ChenFlurMukhopadhyay-SAS2012-Ex3.03_true-termination.c/lasso_trace_1.txt,TERMINATING,2.05,587.27,99.11,29.00,TERMINATING,5,1,6,3-Nested Template / 3-Nested Template
ATVA2026_benchmark/TERM_LASSO//lasso_traces_ChenFlurMukhopadhyay-SAS2012-Ex3.04.c/lasso_trace_1.txt,TERMINATING,2.12,271.67,100.02,21.00,TERMINATING,5,1,6,2-Nested Template / 2-Nested Template
ATVA2026_benchmark/TERM_LASSO//lasso_traces_ChenFlurMukhopadhyay-SAS2012-Ex3.04_no-overflow.c/lasso_trace_1.txt,TERMINATING,2.20,263.18,102.13,19.00,TERMINATING,5,1,6,2-Nested Template / 2-Nested Template
ATVA2026_benchmark/TERM_LASSO//lasso_traces_ChenFlurMukhopadhyay-SAS2012-Ex3.04_true-termination.c/lasso_trace_1.txt,TERMINATING,2.03,236.15,104.65,20.00,TERMINATING,5,1,6,2-Nested Template / 2-Nested Template
ATVA2026_benchmark/TERM_LASSO//lasso_traces_ChenFlurMukhopadhyay-SAS2012-Ex3.05.c/lasso_trace_1.txt,TERMINATING,1.78,61.35,100.31,13.00,TERMINATING,5,1,6,Affine Template / Affine Template
ATVA2026_benchmark/TERM_LASSO//lasso_traces_ChenFlurMukhopadhyay-SAS2012-Ex3.05_no-overflow.c/lasso_trace_1.txt,TERMINATING,2.11,73.59,106.08,13.00,TERMINATING,5,1,6,Affine Template / Affine Template
ATVA2026_benchmark/TERM_LASSO//lasso_traces_ChenFlurMukhopadhyay-SAS2012-Ex3.05_true-termination.c/lasso_trace_1.txt,TERMINATING,2.11,69.53,100.28,19.00,TERMINATING,5,1,6,Affine Template / Affine Template
ATVA2026_benchmark/TERM_LASSO//lasso_traces_ChenFlurMukhopadhyay-SAS2012-Ex3.07.c/lasso_trace_1.txt,TERMINATING,2.28,256.41,109.87,20.00,TERMINATING,5,1,6,2-Nested Template / 2-Nested Template
ATVA2026_benchmark/TERM_LASSO//lasso_traces_ChenFlurMukhopadhyay-SAS2012-Ex3.07_no-overflow.c/lasso_trace_1.txt,TERMINATING,3.07,261.74,107.83,20.00,TERMINATING,5,1,6,2-Nested Template / 2-Nested Template
ATVA2026_benchmark/TERM_LASSO//lasso_traces_ChenFlurMukhopadhyay-SAS2012-Ex3.07_true-termination.c/lasso_trace_1.txt,TERMINATING,2.48,274.42,105.24,18.00,TERMINATING,5,1,6,2-Nested Template / 2-Nested Template
ATVA2026_benchmark/TERM_LASSO//lasso_traces_ChenFlurMukhopadhyay-SAS2012-Ex3.08.c/lasso_trace_1.txt,TERMINATING,2.22,68.01,55.47,16.00,TERMINATING,5,1,6,Affine Template / Affine Template
ATVA2026_benchmark/TERM_LASSO//lasso_traces_ChenFlurMukhopadhyay-SAS2012-Ex3.08_no-overflow.c/lasso_trace_1.txt,TERMINATING,3.09,81.32,56.47,16.00,TERMINATING,5,1,6,Affine Template / Affine Template
ATVA2026_benchmark/TERM_LASSO//lasso_traces_ChenFlurMukhopadhyay-SAS2012-Ex3.08_true-termination.c/lasso_trace_1.txt,TERMINATING,2.34,66.24,49.97,16.00,TERMINATING,5,1,6,Affine Template / Affine Template
ATVA2026_benchmark/TERM_LASSO//lasso_traces_ChenFlurMukhopadhyay-SAS2012-Ex3.09.c/lasso_trace_1.txt,TERMINATING,1.84,98.13,83.94,18.00,TERMINATING,5,1,6,Affine Template / Affine Template
ATVA2026_benchmark/TERM_LASSO//lasso_traces_ChenFlurMukhopadhyay-SAS2012-Ex3.09_no-overflow.c/lasso_trace_1.txt,TERMINATING,2.30,109.08,83.78,19.00,TERMINATING,5,1,6,Affine Template / Affine Template
ATVA2026_benchmark/TERM_LASSO//lasso_traces_ChenFlurMukhopadhyay-SAS2012-Ex3.09_true-termination.c/lasso_trace_1.txt,TERMINATING,2.06,77.98,67.76,19.00,TERMINATING,5,1,6,Affine Template / Affine Template
ATVA2026_benchmark/TERM_LASSO//lasso_traces_ChenFlurMukhopadhyay-SAS2012-Ex3.10.c/lasso_trace_1.txt,TERMINATING,1.83,66.37,62.66,14.00,TERMINATING,5,1,6,Affine Template / Affine Template
ATVA2026_benchmark/TERM_LASSO//lasso_traces_ChenFlurMukhopadhyay-SAS2012-Ex3.10_no-overflow.c/lasso_trace_1.txt,TERMINATING,2.03,67.83,67.09,14.00,TERMINATING,5,1,6,Affine Template / Affine Template
ATVA2026_benchmark/TERM_LASSO//lasso_traces_ChenFlurMukhopadhyay-SAS2012-Ex3.10_true-termination.c/lasso_trace_1.txt,TERMINATING,1.87,74.09,73.59,14.00,TERMINATING,5,1,6,Affine Template / Affine Template
ATVA2026_benchmark/TERM_LASSO//lasso_traces_ChenFlurMukhopadhyay-SAS2012-Ex4.01.c/lasso_trace_1.txt,TERMINATING,2.32,302.07,66.13,25.00,TERMINATING,5,1,6,2-Nested Template / 2-Nested Template
ATVA2026_benchmark/TERM_LASSO//lasso_traces_ChenFlurMukhopadhyay-SAS2012-Ex4.01_no-overflow.c/lasso_trace_1.txt,TERMINATING,2.13,298.20,74.04,26.00,TERMINATING,5,1,6,2-Nested Template / 2-Nested Template
ATVA2026_benchmark/TERM_LASSO//lasso_traces_ChenFlurMukhopadhyay-SAS2012-Ex4.01_true-termination.c/lasso_trace_1.txt,TERMINATING,2.28,275.02,70.52,26.00,TERMINATING,5,1,6,2-Nested Template / 2-Nested Template
ATVA2026_benchmark/TERM_LASSO//lasso_traces_ChenFlurMukhopadhyay-SAS2012-Fig1.c/lasso_trace_1.txt,TERMINATING,2.37,253.66,109.98,24.00,TERMINATING,5,1,6,2-Nested Template / 2-Nested Template
ATVA2026_benchmark/TERM_LASSO//lasso_traces_ChenFlurMukhopadhyay-SAS2012-Fig1_no-overflow.c/lasso_trace_1.txt,TERMINATING,2.95,270.33,115.50,21.00,TERMINATING,5,1,6,2-Nested Template / 2-Nested Template
ATVA2026_benchmark/TERM_LASSO//lasso_traces_ChenFlurMukhopadhyay-SAS2012-Fig1_true-termination.c/lasso_trace_1.txt,TERMINATING,2.22,273.29,107.67,21.00,TERMINATING,5,1,6,2-Nested Template / 2-Nested Template
ATVA2026_benchmark/TERM_LASSO//lasso_traces_ChoirNightTrezor02.c/lasso_trace_1.txt,TERMINATING,2.05,98.91,50.98,10.00,TERMINATING,6,1,7,Affine Template / Affine Template
ATVA2026_benchmark/TERM_LASSO//lasso_traces_cnt.t2.c/lasso_trace_11.txt,TERMINATING,1.63,186.78,237.81,12.00,TERMINATING,80,192,272,Affine Template / Affine Template
ATVA2026_benchmark/TERM_LASSO//lasso_traces_cnt.t2.c/lasso_trace_16.txt,TERMINATING,0.29,138.86,186.44,14.00,TERMINATING,93,17,110,Affine Template / Affine Template
ATVA2026_benchmark/TERM_LASSO//lasso_traces_cnt.t2.c/lasso_trace_25.txt,TERMINATING,0.21,44.23,50.96,13.00,TERMINATING,285,17,302,Affine Template / Affine Template
ATVA2026_benchmark/TERM_LASSO//lasso_traces_cohencu1-both-t.c/lasso_trace_1.txt,TERMINATING,2.00,78.32,36.54,13.00,TERMINATING,5,1,6,Affine Template / Affine Template
ATVA2026_benchmark/TERM_LASSO//lasso_traces_cohencu1-both-t_termination.c/lasso_trace_1.txt,TERMINATING,2.16,77.19,33.16,12.00,TERMINATING,5,1,6,Affine Template / Affine Template
ATVA2026_benchmark/TERM_LASSO//lasso_traces_collatz.c/lasso_trace_18.txt,TERMINATING,0.27,49.99,74.28,10.00,TERMINATING,11,1,12,Affine Template / Affine Template
ATVA2026_benchmark/TERM_LASSO//lasso_traces_collatz.c/lasso_trace_2.txt,TERMINATING,2.14,112.31,97.28,7.00,TERMINATING,5,4,9,Affine Template / Affine Template
ATVA2026_benchmark/TERM_LASSO//lasso_traces_collatz.c/lasso_trace_3.txt,TERMINATING,0.31,40.67,28.93,13.00,TERMINATING,8,1,9,Affine Template / 2-Nested Template
ATVA2026_benchmark/TERM_LASSO//lasso_traces_collatz.t2.c/lasso_trace_10.txt,TERMINATING,0.37,77.98,63.51,36.00,TERMINATING,95,131,226,Affine Template / Affine Template
ATVA2026_benchmark/TERM_LASSO//lasso_traces_collatz.t2.c/lasso_trace_17.txt,TERMINATING,0.99,117.10,103.44,113.00,UNKNOWN,194,217,411,Affine Template
ATVA2026_benchmark/TERM_LASSO//lasso_traces_collatz.t2.c/lasso_trace_18.txt,TERMINATING,0.96,42.91,211.00,111.00,TERMINATING,329,217,546,Affine Template / Affine Template
ATVA2026_benchmark/TERM_LASSO//lasso_traces_collatz.t2.c/lasso_trace_19.txt,TERMINATING,2.87,129.54,126.50,77.00,TERMINATING,456,262,718,Affine Template / Affine Template
ATVA2026_benchmark/TERM_LASSO//lasso_traces_collatz.t2.c/lasso_trace_3.txt,TERMINATING,0.38,163.92,182.90,11.00,TERMINATING,25,37,62,Affine Template / Affine Template
ATVA2026_benchmark/TERM_LASSO//lasso_traces_collatz.t2.c/lasso_trace_4.txt,TERMINATING,0.51,87.71,104.42,40.00,TERMINATING,41,41,82,Affine Template / Affine Template
ATVA2026_benchmark/TERM_LASSO//lasso_traces_collatz.t2.c/lasso_trace_5.txt,TERMINATING,0.45,72.92,106.78,32.00,TERMINATING,67,41,108,Affine Template / Affine Template
ATVA2026_benchmark/TERM_LASSO//lasso_traces_collatz.t2.c/lasso_trace_9.txt,TERMINATING,0.32,102.34,107.94,28.00,TERMINATING,95,86,181,Affine Template / Affine Template
ATVA2026_benchmark/TERM_LASSO//lasso_traces_ColonSipma-TACAS2001-Fig1.c/lasso_trace_1.txt,TERMINATING,1.92,144.15,35.45,14.00,TERMINATING,5,1,6,Affine Template / Affine Template
ATVA2026_benchmark/TERM_LASSO//lasso_traces_ColonSipma-TACAS2001-Fig1_no-overflow.c/lasso_trace_1.txt,TERMINATING,2.10,160.11,38.95,13.00,TERMINATING,5,1,6,Affine Template / Affine Template
ATVA2026_benchmark/TERM_LASSO//lasso_traces_ColonSipma-TACAS2001-Fig1_true-termination.c/lasso_trace_1.txt,TERMINATING,1.89,152.55,35.44,20.00,TERMINATING,5,1,6,Affine Template / Affine Template
ATVA2026_benchmark/TERM_LASSO//lasso_traces_complex_guard.t2.c/lasso_trace_1.txt,TERMINATING,1.69,101.08,33.98,6.00,TERMINATING,16,17,33,Affine Template / Affine Template
ATVA2026_benchmark/TERM_LASSO//lasso_traces_compoundLiterals_03.c/lasso_trace_1.txt,TERMINATING,2.05,642.94,-,236.00,UNKNOWN,1,1,2,Affine Template
ATVA2026_benchmark/TERM_LASSO//lasso_traces_constants.t2.c/lasso_trace_1.txt,TERMINATING,3.58,55.81,86.28,14.00,TERMINATING,40,27,67,Affine Template / Affine Template
ATVA2026_benchmark/TERM_LASSO//lasso_traces_consts1.t2.c/lasso_trace_2.txt,TERMINATING,0.30,91.30,104.39,6.00,TERMINATING,24,17,41,Affine Template / Affine Template
ATVA2026_benchmark/TERM_LASSO//lasso_traces_consts2.t2.c/lasso_trace_1.txt,TERMINATING,1.99,74.53,74.21,8.00,TERMINATING,16,9,25,Affine Template / Affine Template
ATVA2026_benchmark/TERM_LASSO//lasso_traces_consts3.t2.c/lasso_trace_1.txt,TERMINATING,1.91,71.04,78.99,5.00,TERMINATING,16,9,25,Affine Template / Affine Template
ATVA2026_benchmark/TERM_LASSO//lasso_traces_consts4.t2.c/lasso_trace_1.txt,TERMINATING,1.91,67.20,73.82,6.00,TERMINATING,16,9,25,Affine Template / Affine Template
ATVA2026_benchmark/TERM_LASSO//lasso_traces_continueStatement.c/lasso_trace_1.txt,TERMINATING,1.86,134.75,52.62,19.00,TERMINATING,5,1,6,Affine Template / Affine Template
ATVA2026_benchmark/TERM_LASSO//lasso_traces_CookSeeZuleger-TACAS2013-Fig1.c/lasso_trace_1.txt,TERMINATING,1.94,105.08,50.84,23.00,TERMINATING,5,1,6,Affine Template / Affine Template
ATVA2026_benchmark/TERM_LASSO//lasso_traces_CookSeeZuleger-TACAS2013-Fig1_no-overflow.c/lasso_trace_1.txt,TERMINATING,1.98,111.32,56.74,20.00,TERMINATING,5,1,6,Affine Template / Affine Template
ATVA2026_benchmark/TERM_LASSO//lasso_traces_CookSeeZuleger-TACAS2013-Fig1_true-termination.c/lasso_trace_1.txt,TERMINATING,2.02,100.16,48.99,22.00,TERMINATING,5,1,6,Affine Template / Affine Template
ATVA2026_benchmark/TERM_LASSO//lasso_traces_CookSeeZuleger-TACAS2013-Fig7a.c/lasso_trace_1.txt,TERMINATING,2.09,153.86,71.69,27.00,TERMINATING,5,1,6,Affine Template / Affine Template
ATVA2026_benchmark/TERM_LASSO//lasso_traces_CookSeeZuleger-TACAS2013-Fig7a_no-overflow.c/lasso_trace_1.txt,TERMINATING,3.20,162.52,74.18,27.00,TERMINATING,5,1,6,Affine Template / Affine Template
ATVA2026_benchmark/TERM_LASSO//lasso_traces_CookSeeZuleger-TACAS2013-Fig7a_true-termination.c/lasso_trace_1.txt,TERMINATING,2.48,158.16,72.84,29.00,TERMINATING,5,1,6,Affine Template / Affine Template
ATVA2026_benchmark/TERM_LASSO//lasso_traces_CookSeeZuleger-TACAS2013-Fig7b.c/lasso_trace_1.txt,TERMINATING,1.95,277.88,78.20,37.00,TERMINATING,5,1,6,Affine Template / Affine Template
ATVA2026_benchmark/TERM_LASSO//lasso_traces_CookSeeZuleger-TACAS2013-Fig7b_no-overflow.c/lasso_trace_1.txt,TERMINATING,3.30,292.75,91.53,49.00,TERMINATING,5,1,6,Affine Template / Affine Template
ATVA2026_benchmark/TERM_LASSO//lasso_traces_CookSeeZuleger-TACAS2013-Fig7b_true-termination.c/lasso_trace_1.txt,TERMINATING,2.14,266.54,95.46,44.00,TERMINATING,5,1,6,Affine Template / Affine Template
ATVA2026_benchmark/TERM_LASSO//lasso_traces_CookSeeZuleger-TACAS2013-Fig8b.c/lasso_trace_1.txt,TERMINATING,0.53,1177.35,52.94,44.00,UNKNOWN,7,1,8,2-Phase Template
ATVA2026_benchmark/TERM_LASSO//lasso_traces_CookSeeZuleger-TACAS2013-Fig8b_no-overflow.c/lasso_trace_1.txt,TERMINATING,0.69,1207.07,57.75,46.00,UNKNOWN,7,1,8,2-Phase Template
ATVA2026_benchmark/TERM_LASSO//lasso_traces_CookSeeZuleger-TACAS2013-Fig8b_true-termination.c/lasso_trace_1.txt,TERMINATING,0.61,1165.00,57.22,46.00,UNKNOWN,7,1,8,2-Phase Template
ATVA2026_benchmark/TERM_LASSO//lasso_traces_coolant_basis_1_neg.c/lasso_trace_1.txt,TERMINATING,2.00,78.46,78.35,20.00,TERMINATING,5,6,11,Affine Template / Affine Template
ATVA2026_benchmark/TERM_LASSO//lasso_traces_coolant_basis_1_neg_false-valid-ltl.c/lasso_trace_1.txt,TERMINATING,2.26,69.35,62.97,39.00,TERMINATING,5,6,11,Affine Template / Affine Template
ATVA2026_benchmark/TERM_LASSO//lasso_traces_coolant_basis_1_neg_false-valid-ltl.c/lasso_trace_2.txt,TERMINATING,0.58,230.77,220.16,44.00,TERMINATING,13,7,20,Affine Template / Affine Template
ATVA2026_benchmark/TERM_LASSO//lasso_traces_coolant_basis_1_safe_sfty_true-valid-ltl.c/lasso_trace_1.txt,TERMINATING,2.44,65.43,61.20,35.00,TERMINATING,5,6,11,Affine Template / Affine Template
ATVA2026_benchmark/TERM_LASSO//lasso_traces_coolant_basis_1_safe_sfty_true-valid-ltl.c/lasso_trace_2.txt,TERMINATING,0.63,218.47,218.33,49.00,TERMINATING,13,7,20,Affine Template / Affine Template
ATVA2026_benchmark/TERM_LASSO//lasso_traces_coolant_basis_1_unsafe_sfty.c/lasso_trace_1.txt,TERMINATING,2.01,79.48,74.03,17.00,TERMINATING,5,6,11,Affine Template / Affine Template
ATVA2026_benchmark/TERM_LASSO//lasso_traces_coolant_basis_1_unsafe_sfty_false-valid-ltl.c/lasso_trace_1.txt,TERMINATING,2.81,67.73,60.00,34.00,TERMINATING,5,6,11,Affine Template / Affine Template
ATVA2026_benchmark/TERM_LASSO//lasso_traces_coolant_basis_1_unsafe_sfty_false-valid-ltl.c/lasso_trace_2.txt,TERMINATING,0.57,265.90,166.47,42.00,TERMINATING,13,7,20,Affine Template / Affine Template
ATVA2026_benchmark/TERM_LASSO//lasso_traces_coolant_basis_2_neg.c/lasso_trace_1.txt,TERMINATING,2.04,83.36,101.37,16.00,TERMINATING,5,6,11,Affine Template / Affine Template
ATVA2026_benchmark/TERM_LASSO//lasso_traces_coolant_basis_2_neg_false-valid-ltl.c/lasso_trace_1.txt,TERMINATING,2.35,75.71,98.39,44.00,TERMINATING,5,6,11,Affine Template / Affine Template
ATVA2026_benchmark/TERM_LASSO//lasso_traces_coolant_basis_2_neg_false-valid-ltl.c/lasso_trace_2.txt,TERMINATING,0.61,246.78,113.45,51.00,TERMINATING,12,7,19,Affine Template / Affine Template
ATVA2026_benchmark/TERM_LASSO//lasso_traces_coolant_basis_2_safe_liveness.c/lasso_trace_1.txt,TERMINATING,1.95,90.27,96.55,16.00,TERMINATING,5,6,11,Affine Template / Affine Template
ATVA2026_benchmark/TERM_LASSO//lasso_traces_coolant_basis_2_safe_liveness_true-valid-ltl.c/lasso_trace_1.txt,TERMINATING,2.49,81.96,86.20,45.00,TERMINATING,5,6,11,Affine Template / Affine Template
ATVA2026_benchmark/TERM_LASSO//lasso_traces_coolant_basis_2_safe_liveness_true-valid-ltl.c/lasso_trace_2.txt,TERMINATING,0.58,243.31,111.19,55.00,TERMINATING,12,7,19,Affine Template / Affine Template
ATVA2026_benchmark/TERM_LASSO//lasso_traces_coolant_basis_2_unsafe_liveness.c/lasso_trace_1.txt,TERMINATING,2.31,85.93,116.41,15.00,TERMINATING,5,6,11,Affine Template / Affine Template
ATVA2026_benchmark/TERM_LASSO//lasso_traces_coolant_basis_2_unsafe_liveness_false-valid-ltl.c/lasso_trace_1.txt,TERMINATING,2.33,84.16,84.77,44.00,TERMINATING,5,6,11,Affine Template / Affine Template
ATVA2026_benchmark/TERM_LASSO//lasso_traces_coolant_basis_2_unsafe_liveness_false-valid-ltl.c/lasso_trace_2.txt,TERMINATING,0.56,244.14,255.95,55.00,TERMINATING,12,7,19,Affine Template / Affine Template
ATVA2026_benchmark/TERM_LASSO//lasso_traces_Copenhagen.c/lasso_trace_1.txt,TERMINATING,2.09,84.64,65.80,12.00,TERMINATING,5,1,6,Affine Template / Affine Template
ATVA2026_benchmark/TERM_LASSO//lasso_traces_Copenhagen_no-overflow.c/lasso_trace_1.txt,TERMINATING,1.88,92.62,72.84,12.00,TERMINATING,5,1,6,Affine Template / Affine Template
ATVA2026_benchmark/TERM_LASSO//lasso_traces_Copenhagen_true-termination.c/lasso_trace_1.txt,TERMINATING,1.77,81.98,73.06,12.00,TERMINATING,5,1,6,Affine Template / Affine Template
ATVA2026_benchmark/TERM_LASSO//lasso_traces_CounterExp-4bit.c/lasso_trace_1.txt,TERMINATING,1.77,25667.83,63.89,69.00,TERMINATING,5,1,6,2-Phase Template / Affine Template
ATVA2026_benchmark/TERM_LASSO//lasso_traces_counting-bits-BK1.c/lasso_trace_1.txt,TERMINATING,2.21,128.75,213.19,7.00,TERMINATING,5,1,6,Affine Template / Affine Template
ATVA2026_benchmark/TERM_LASSO//lasso_traces_counting-bits-BK1_termination.c/lasso_trace_1.txt,TERMINATING,2.20,161.85,213.42,8.00,TERMINATING,5,1,6,Affine Template / Affine Template
ATVA2026_benchmark/TERM_LASSO//lasso_traces_counting-bits-BK.c/lasso_trace_1.txt,TERMINATING,2.10,135.28,204.12,13.00,TERMINATING,6,1,7,Affine Template / Affine Template
ATVA2026_benchmark/TERM_LASSO//lasso_traces_counting-bits-BK_termination.c/lasso_trace_1.txt,TERMINATING,2.14,138.94,205.34,14.00,TERMINATING,6,1,7,Affine Template / Affine Template
ATVA2026_benchmark/TERM_LASSO//lasso_traces_counting-bits-set.c/lasso_trace_1.txt,TERMINATING,3.18,145.10,139.54,25.00,TERMINATING,6,1,7,Affine Template / Affine Template
ATVA2026_benchmark/TERM_LASSO//lasso_traces_counting-bits-set_termination.c/lasso_trace_1.txt,TERMINATING,2.97,157.38,151.83,22.00,TERMINATING,6,1,7,Affine Template / Affine Template
ATVA2026_benchmark/TERM_LASSO//lasso_traces_Cousot.c/lasso_trace_1.txt,TERMINATING,2.02,115.89,85.17,14.00,TERMINATING,5,1,6,Affine Template / Affine Template
ATVA2026_benchmark/TERM_LASSO//lasso_traces_Cousot_false-no-overflow_false-termination.c/lasso_trace_1.txt,TERMINATING,2.12,109.90,91.07,14.00,TERMINATING,5,1,6,Affine Template / Affine Template
ATVA2026_benchmark/TERM_LASSO//lasso_traces_cover.t2.c/lasso_trace_1.txt,TERMINATING,1.77,249.77,312.44,13.00,TERMINATING,64,31,95,Affine Template / Affine Template
ATVA2026_benchmark/TERM_LASSO//lasso_traces_crc.t2.c/lasso_trace_11.txt,TERMINATING,0.39,221.86,354.26,25.00,TERMINATING,175,25,200,Affine Template / Affine Template
ATVA2026_benchmark/TERM_LASSO//lasso_traces_crc.t2.c/lasso_trace_23.txt,TERMINATING,0.40,408.43,507.24,24.00,TERMINATING,405,25,430,Affine Template / Affine Template
ATVA2026_benchmark/TERM_LASSO//lasso_traces_crc.t2.c/lasso_trace_9.txt,TERMINATING,1.63,373.66,506.32,19.00,TERMINATING,154,230,384,Affine Template / Affine Template
ATVA2026_benchmark/TERM_LASSO//lasso_traces_create_seg.t2.c/lasso_trace_1.txt,TERMINATING,1.81,413.06,473.00,25.00,TERMINATING,187,31,218,Affine Template / Affine Template
ATVA2026_benchmark/TERM_LASSO//lasso_traces_create.t2.c/lasso_trace_1.txt,TERMINATING,11.15,173.88,195.06,24.00,TERMINATING,155,31,186,Affine Template / Affine Template
ATVA2026_benchmark/TERM_LASSO//lasso_traces_create_via_tmps.t2.c/lasso_trace_1.txt,TERMINATING,1.80,189.93,227.03,27.00,TERMINATING,213,59,272,Affine Template / Affine Template
ATVA2026_benchmark/TERM_LASSO//lasso_traces_cScopingViaBoogieNames.c/lasso_trace_1.txt,TERMINATING,1.80,94.16,75.95,5.00,TERMINATING,5,2,7,Affine Template / Affine Template
ATVA2026_benchmark/TERM_LASSO//lasso_traces_destroy_seg_leak.t2.c/lasso_trace_1.txt,TERMINATING,1.98,56.54,58.25,37.00,TERMINATING,311,47,358,Affine Template / Affine Template
ATVA2026_benchmark/TERM_LASSO//lasso_traces_destroy_seg.t2.c/lasso_trace_1.txt,TERMINATING,1.94,216.16,255.31,40.00,TERMINATING,279,43,322,Affine Template / Affine Template
ATVA2026_benchmark/TERM_LASSO//lasso_traces_destroy.t2.c/lasso_trace_1.txt,TERMINATING,2.02,183.53,224.28,30.00,TERMINATING,199,31,230,Affine Template / Affine Template
ATVA2026_benchmark/TERM_LASSO//lasso_traces_diff.c/lasso_trace_2.txt,TERMINATING,2.22,8926.86,-,336.00,TERMINATING,1,6,7,Affine Template / Affine Template
ATVA2026_benchmark/TERM_LASSO//lasso_traces_disj_nightmare_abi.t2.c/lasso_trace_1.txt,TERMINATING,1.93,60.48,112.98,9.00,TERMINATING,16,11,27,Affine Template / Affine Template
ATVA2026_benchmark/TERM_LASSO//lasso_traces_disj_nightmare_abi.t2.c/lasso_trace_2.txt,TERMINATING,0.33,85.75,28.98,25.00,TERMINATING,23,15,38,Affine Template / Affine Template
ATVA2026_benchmark/TERM_LASSO//lasso_traces_disj_nightmare.t2.c/lasso_trace_1.txt,TERMINATING,2.10,338.07,364.44,42.00,TERMINATING,76,85,161,Affine Template / Affine Template
ATVA2026_benchmark/TERM_LASSO//lasso_traces_disj_nightmare.t2.c/lasso_trace_3.txt,TERMINATING,0.91,156.93,298.25,195.00,TERMINATING,88,89,177,Affine Template / Affine Template
ATVA2026_benchmark/TERM_LASSO//lasso_traces_diskperf_simpl1_true-unreach-call_true-termination.cil.c/lasso_trace_1.txt,TERMINATING,2.03,935.66,1233.49,70.00,TERMINATING,20,1,21,Affine Template / Affine Template
ATVA2026_benchmark/TERM_LASSO//lasso_traces_DivMinus2.c/lasso_trace_2.txt,TERMINATING,2.15,134.84,61.75,9.00,TERMINATING,5,3,8,Affine Template / Affine Template
ATVA2026_benchmark/TERM_LASSO//lasso_traces_DivMinus2.c/lasso_trace_3.txt,TERMINATING,0.53,55.22,41.61,18.00,TERMINATING,8,1,9,Affine Template / Affine Template
ATVA2026_benchmark/TERM_LASSO//lasso_traces_DivMinus2.c/lasso_trace_5.txt,TERMINATING,0.38,104.76,142.74,9.00,TERMINATING,9,4,13,Affine Template / Affine Template
ATVA2026_benchmark/TERM_LASSO//lasso_traces_DivMinus2.c/lasso_trace_7.txt,TERMINATING,0.39,45.92,30.99,18.00,TERMINATING,11,1,12,Affine Template / Affine Template
ATVA2026_benchmark/TERM_LASSO//lasso_traces_DivMinus2_no-overflow.c/lasso_trace_2.txt,TERMINATING,2.31,195.81,69.93,10.00,TERMINATING,5,3,8,Affine Template / Affine Template
ATVA2026_benchmark/TERM_LASSO//lasso_traces_DivMinus2_no-overflow.c/lasso_trace_3.txt,TERMINATING,0.57,77.80,56.30,18.00,TERMINATING,8,1,9,Affine Template / Affine Template
ATVA2026_benchmark/TERM_LASSO//lasso_traces_DivMinus2_no-overflow.c/lasso_trace_5.txt,TERMINATING,0.54,122.46,157.48,9.00,TERMINATING,9,4,13,Affine Template / Affine Template
ATVA2026_benchmark/TERM_LASSO//lasso_traces_DivMinus2_no-overflow.c/lasso_trace_7.txt,TERMINATING,0.37,46.87,29.21,18.00,TERMINATING,11,1,12,Affine Template / Affine Template
ATVA2026_benchmark/TERM_LASSO//lasso_traces_DivMinus.c/lasso_trace_1.txt,TERMINATING,2.04,67.74,42.56,8.00,TERMINATING,5,1,6,Affine Template / Affine Template
ATVA2026_benchmark/TERM_LASSO//lasso_traces_DivMinus_no-overflow.c/lasso_trace_1.txt,TERMINATING,3.28,74.06,36.21,8.00,TERMINATING,5,1,6,Affine Template / Affine Template
ATVA2026_benchmark/TERM_LASSO//lasso_traces_doubleLoop.c/lasso_trace_1.txt,TERMINATING,2.02,67.90,60.76,7.00,TERMINATING,5,1,6,Affine Template / Affine Template
ATVA2026_benchmark/TERM_LASSO//lasso_traces_dropbuf.t2.c/lasso_trace_1.txt,TERMINATING,1.91,395.62,573.07,20.00,TERMINATING,137,35,172,Affine Template / Affine Template
ATVA2026_benchmark/TERM_LASSO//lasso_traces_dsa_test10.t2.c/lasso_trace_1.txt,TERMINATING,1.69,130.05,145.55,9.00,TERMINATING,40,13,53,Affine Template / Affine Template
ATVA2026_benchmark/TERM_LASSO//lasso_traces_dsa_test15.t2.c/lasso_trace_1.txt,TERMINATING,1.65,120.69,112.73,8.00,TERMINATING,28,13,41,Affine Template / Affine Template
ATVA2026_benchmark/TERM_LASSO//lasso_traces_dsa_test6.t2.c/lasso_trace_1.txt,TERMINATING,1.49,90.58,33.35,7.00,TERMINATING,24,13,37,Affine Template / Affine Template
ATVA2026_benchmark/TERM_LASSO//lasso_traces_e-1394complete-succeed.t2.c/lasso_trace_1.txt,TERMINATING,1.72,585.97,757.52,24.00,TERMINATING,281,18,299,Affine Template / Affine Template
ATVA2026_benchmark/TERM_LASSO//lasso_traces_e-1394complete-succeed.t2.c/lasso_trace_2.txt,TERMINATING,0.41,413.94,537.01,29.00,TERMINATING,298,53,351,Affine Template / Affine Template
ATVA2026_benchmark/TERM_LASSO//lasso_traces_e-1394complete-succeed.t2.c/lasso_trace_3.txt,TERMINATING,0.58,348.24,372.49,27.00,TERMINATING,315,25,340,Affine Template / Affine Template
ATVA2026_benchmark/TERM_LASSO//lasso_traces_easy1.c/lasso_trace_1.txt,TERMINATING,2.02,185.44,92.25,29.00,TERMINATING,5,1,6,Affine Template / Affine Template
ATVA2026_benchmark/TERM_LASSO//lasso_traces_easy1_no-overflow.c/lasso_trace_1.txt,TERMINATING,2.60,282.89,109.42,26.00,TERMINATING,5,1,6,Affine Template / Affine Template
ATVA2026_benchmark/TERM_LASSO//lasso_traces_easy1_true-termination.c/lasso_trace_1.txt,TERMINATING,2.09,209.88,94.54,29.00,TERMINATING,5,1,6,Affine Template / Affine Template
ATVA2026_benchmark/TERM_LASSO//lasso_traces_easy2-1.c/lasso_trace_1.txt,TERMINATING,2.04,110.60,97.82,8.00,TERMINATING,5,1,6,Affine Template / Affine Template
ATVA2026_benchmark/TERM_LASSO//lasso_traces_easy2-1_no-overflow.c/lasso_trace_1.txt,TERMINATING,4.31,158.15,112.38,12.00,TERMINATING,5,1,6,Affine Template / Affine Template
ATVA2026_benchmark/TERM_LASSO//lasso_traces_easy2-2.c/lasso_trace_1.txt,TERMINATING,2.06,100.87,95.27,10.00,TERMINATING,5,1,6,Affine Template / Affine Template
ATVA2026_benchmark/TERM_LASSO//lasso_traces_easy2-2_no-overflow.c/lasso_trace_1.txt,TERMINATING,2.34,125.94,93.14,8.00,TERMINATING,5,1,6,Affine Template / Affine Template
ATVA2026_benchmark/TERM_LASSO//lasso_traces_easy2_true-termination.c/lasso_trace_1.txt,TERMINATING,2.22,103.74,85.99,8.00,TERMINATING,5,1,6,Affine Template / Affine Template
ATVA2026_benchmark/TERM_LASSO//lasso_traces_easySum_false-no-overflow_true-termination.c/lasso_trace_1.txt,TERMINATING,2.02,74.34,34.20,12.00,TERMINATING,5,1,6,Affine Template / Affine Template
ATVA2026_benchmark/TERM_LASSO//lasso_traces_easySum_true-termination.c/lasso_trace_1.txt,TERMINATING,2.53,53.23,51.83,7.00,TERMINATING,7,1,8,Affine Template / Affine Template
ATVA2026_benchmark/TERM_LASSO//lasso_traces_edn.t2.c/lasso_trace_1.txt,TERMINATING,1.79,259.17,308.77,18.00,TERMINATING,184,21,205,Affine Template / Affine Template
ATVA2026_benchmark/TERM_LASSO//lasso_traces_egcd3-both-nt.c/lasso_trace_2.txt,TERMINATING,1.96,145.79,34.16,31.00,TERMINATING,5,3,8,Affine Template / Affine Template
ATVA2026_benchmark/TERM_LASSO//lasso_traces_egcd3-both-nt_no-overflow.c/lasso_trace_2.txt,TERMINATING,2.93,200.98,49.79,30.00,TERMINATING,5,3,8,Affine Template / Affine Template
ATVA2026_benchmark/TERM_LASSO//lasso_traces_egcd3-both-t.c/lasso_trace_2.txt,TERMINATING,2.24,96.31,52.06,27.00,TERMINATING,5,3,8,Affine Template / Affine Template
ATVA2026_benchmark/TERM_LASSO//lasso_traces_egcd3-both-t_no-overflow.c/lasso_trace_2.txt,TERMINATING,3.17,137.39,60.71,30.00,TERMINATING,5,3,8,Affine Template / Affine Template
ATVA2026_benchmark/TERM_LASSO//lasso_traces_elmhes.c.i.elmhes.pl.t2.fixed.t2.c/lasso_trace_1.txt,TERMINATING,2.16,161.07,187.64,16.00,TERMINATING,40,38,78,Affine Template / Affine Template
ATVA2026_benchmark/TERM_LASSO//lasso_traces_elmhes.c.i.elmhes.pl.t2.fixed.t2.c/lasso_trace_2.txt,TERMINATING,0.47,56.30,27.91,15.00,TERMINATING,53,30,83,Affine Template / Affine Template
ATVA2026_benchmark/TERM_LASSO//lasso_traces_elmhes.c.i.elmhes.pl.t2.nor.t2.rlgfixed.t2.c/lasso_trace_1.txt,TERMINATING,2.30,174.36,195.25,16.00,TERMINATING,40,38,78,Affine Template / Affine Template
ATVA2026_benchmark/TERM_LASSO//lasso_traces_elmhes.c.i.elmhes.pl.t2.nor.t2.rlgfixed.t2.c/lasso_trace_2.txt,TERMINATING,0.36,58.82,28.31,15.00,TERMINATING,53,30,83,Affine Template / Affine Template
ATVA2026_benchmark/TERM_LASSO//lasso_traces_elmhes.t2.c/lasso_trace_1.txt,TERMINATING,2.02,163.43,191.65,14.00,TERMINATING,40,38,78,Affine Template / Affine Template
ATVA2026_benchmark/TERM_LASSO//lasso_traces_elmhes.t2.c/lasso_trace_2.txt,TERMINATING,0.31,67.37,30.04,15.00,TERMINATING,53,30,83,Affine Template / Affine Template
ATVA2026_benchmark/TERM_LASSO//lasso_traces_e-popl07-fail.t2.c/lasso_trace_1.txt,TERMINATING,1.92,491.62,327.49,24.00,TERMINATING,129,28,157,Affine Template / Affine Template
ATVA2026_benchmark/TERM_LASSO//lasso_traces_eric1.t2.c/lasso_trace_1.txt,TERMINATING,1.77,92.64,83.37,9.00,TERMINATING,23,13,36,Affine Template / Affine Template
ATVA2026_benchmark/TERM_LASSO//lasso_traces_eric1.t2.c/lasso_trace_3.txt,TERMINATING,0.44,156.45,169.55,30.00,TERMINATING,62,14,76,Affine Template / Affine Template
ATVA2026_benchmark/TERM_LASSO//lasso_traces_eric1.t2.c/lasso_trace_5.txt,TERMINATING,0.28,52.09,87.91,10.00,TERMINATING,86,36,122,Affine Template / Affine Template
ATVA2026_benchmark/TERM_LASSO//lasso_traces_eric1.t2.c/lasso_trace_6.txt,TERMINATING,0.32,113.95,122.00,27.00,TERMINATING,98,23,121,Affine Template / Affine Template
ATVA2026_benchmark/TERM_LASSO//lasso_traces_eric1.t2.c/lasso_trace_7.txt,TERMINATING,0.26,70.82,36.44,7.00,TERMINATING,108,36,144,Affine Template / Affine Template
ATVA2026_benchmark/TERM_LASSO//lasso_traces_eric1.t2.c/lasso_trace_8.txt,TERMINATING,0.29,116.78,112.77,29.00,TERMINATING,93,45,138,Affine Template / Affine Template
ATVA2026_benchmark/TERM_LASSO//lasso_traces_eric2.t2.c/lasso_trace_1.txt,TERMINATING,2.23,493.66,614.85,34.00,TERMINATING,183,17,200,Affine Template / Affine Template
ATVA2026_benchmark/TERM_LASSO//lasso_traces_eric2.t2.c/lasso_trace_10.txt,TERMINATING,0.70,263.48,629.97,39.00,TERMINATING,228,26,254,Affine Template / Affine Template
ATVA2026_benchmark/TERM_LASSO//lasso_traces_eric2.t2.c/lasso_trace_11.txt,TERMINATING,0.65,239.03,322.20,45.00,TERMINATING,220,36,256,Affine Template / Affine Template
ATVA2026_benchmark/TERM_LASSO//lasso_traces_eric2.t2.c/lasso_trace_12.txt,TERMINATING,0.53,187.33,223.12,55.00,TERMINATING,229,36,265,Affine Template / Affine Template
ATVA2026_benchmark/TERM_LASSO//lasso_traces_eric2.t2.c/lasso_trace_13.txt,TERMINATING,0.65,170.52,694.32,45.00,TERMINATING,221,9,230,Affine Template / Affine Template
ATVA2026_benchmark/TERM_LASSO//lasso_traces_eric2.t2.c/lasso_trace_14.txt,TERMINATING,0.62,515.17,625.64,45.00,TERMINATING,221,9,230,Affine Template / Affine Template
ATVA2026_benchmark/TERM_LASSO//lasso_traces_eric2.t2.c/lasso_trace_15.txt,TERMINATING,0.60,242.54,292.33,46.00,TERMINATING,221,9,230,Affine Template / Affine Template
ATVA2026_benchmark/TERM_LASSO//lasso_traces_eric2.t2.c/lasso_trace_16.txt,TERMINATING,0.56,240.93,318.92,51.00,TERMINATING,221,9,230,Affine Template / Affine Template
ATVA2026_benchmark/TERM_LASSO//lasso_traces_eric2.t2.c/lasso_trace_17.txt,TERMINATING,0.85,176.68,718.84,48.00,TERMINATING,221,9,230,Affine Template / Affine Template
ATVA2026_benchmark/TERM_LASSO//lasso_traces_eric2.t2.c/lasso_trace_18.txt,TERMINATING,0.58,139.51,655.44,47.00,TERMINATING,221,9,230,Affine Template / Affine Template
ATVA2026_benchmark/TERM_LASSO//lasso_traces_eric2.t2.c/lasso_trace_19.txt,TERMINATING,0.61,419.69,547.97,48.00,TERMINATING,221,9,230,Affine Template / Affine Template
ATVA2026_benchmark/TERM_LASSO//lasso_traces_eric2.t2.c/lasso_trace_2.txt,TERMINATING,0.82,376.80,471.25,42.00,TERMINATING,192,9,201,Affine Template / Affine Template
ATVA2026_benchmark/TERM_LASSO//lasso_traces_eric2.t2.c/lasso_trace_20.txt,TERMINATING,0.48,535.00,720.32,45.00,TERMINATING,221,9,230,Affine Template / Affine Template
ATVA2026_benchmark/TERM_LASSO//lasso_traces_eric2.t2.c/lasso_trace_21.txt,TERMINATING,0.68,86.32,100.88,41.00,TERMINATING,221,9,230,Affine Template / Affine Template
ATVA2026_benchmark/TERM_LASSO//lasso_traces_eric2.t2.c/lasso_trace_22.txt,TERMINATING,1.84,199.80,227.17,41.00,TERMINATING,221,9,230,Affine Template / Affine Template
ATVA2026_benchmark/TERM_LASSO//lasso_traces_eric2.t2.c/lasso_trace_23.txt,TERMINATING,0.59,595.43,778.81,38.00,TERMINATING,221,9,230,Affine Template / Affine Template
ATVA2026_benchmark/TERM_LASSO//lasso_traces_eric2.t2.c/lasso_trace_24.txt,TERMINATING,0.67,428.03,593.10,49.00,TERMINATING,221,9,230,Affine Template / Affine Template
ATVA2026_benchmark/TERM_LASSO//lasso_traces_eric2.t2.c/lasso_trace_25.txt,TERMINATING,0.76,250.68,316.61,43.00,TERMINATING,221,9,230,Affine Template / Affine Template
ATVA2026_benchmark/TERM_LASSO//lasso_traces_eric2.t2.c/lasso_trace_26.txt,TERMINATING,0.62,374.59,473.37,44.00,TERMINATING,221,9,230,Affine Template / Affine Template
ATVA2026_benchmark/TERM_LASSO//lasso_traces_eric2.t2.c/lasso_trace_27.txt,TERMINATING,0.50,435.24,534.06,51.00,TERMINATING,221,9,230,Affine Template / Affine Template
ATVA2026_benchmark/TERM_LASSO//lasso_traces_eric2.t2.c/lasso_trace_28.txt,TERMINATING,0.63,386.27,39.49,50.00,TERMINATING,221,9,230,Affine Template / Affine Template
ATVA2026_benchmark/TERM_LASSO//lasso_traces_eric2.t2.c/lasso_trace_29.txt,TERMINATING,0.59,533.50,672.33,46.00,TERMINATING,221,9,230,Affine Template / Affine Template
ATVA2026_benchmark/TERM_LASSO//lasso_traces_eric2.t2.c/lasso_trace_30.txt,TERMINATING,0.66,468.07,578.84,44.00,TERMINATING,221,9,230,Affine Template / Affine Template
ATVA2026_benchmark/TERM_LASSO//lasso_traces_eric2.t2.c/lasso_trace_31.txt,TERMINATING,0.66,132.53,157.55,48.00,TERMINATING,221,9,230,Affine Template / Affine Template
ATVA2026_benchmark/TERM_LASSO//lasso_traces_eric2.t2.c/lasso_trace_32.txt,TERMINATING,0.62,536.64,703.94,45.00,TERMINATING,221,9,230,Affine Template / Affine Template
ATVA2026_benchmark/TERM_LASSO//lasso_traces_eric2.t2.c/lasso_trace_33.txt,TERMINATING,0.75,360.72,453.27,44.00,TERMINATING,221,9,230,Affine Template / Affine Template
ATVA2026_benchmark/TERM_LASSO//lasso_traces_eric2.t2.c/lasso_trace_34.txt,TERMINATING,0.68,131.59,74.46,48.00,TERMINATING,221,9,230,Affine Template / Affine Template
ATVA2026_benchmark/TERM_LASSO//lasso_traces_eric2.t2.c/lasso_trace_35.txt,TERMINATING,0.63,582.53,739.02,44.00,TERMINATING,221,9,230,Affine Template / Affine Template
ATVA2026_benchmark/TERM_LASSO//lasso_traces_eric2.t2.c/lasso_trace_36.txt,TERMINATING,0.59,371.83,514.81,48.00,TERMINATING,221,9,230,Affine Template / Affine Template
ATVA2026_benchmark/TERM_LASSO//lasso_traces_eric2.t2.c/lasso_trace_37.txt,TERMINATING,0.68,60.49,51.27,47.00,TERMINATING,221,9,230,Affine Template / Affine Template
ATVA2026_benchmark/TERM_LASSO//lasso_traces_eric2.t2.c/lasso_trace_38.txt,TERMINATING,0.63,280.17,164.86,46.00,TERMINATING,221,9,230,Affine Template / Affine Template
ATVA2026_benchmark/TERM_LASSO//lasso_traces_eric2.t2.c/lasso_trace_39.txt,TERMINATING,0.66,52.88,74.20,43.00,TERMINATING,221,9,230,Affine Template / Affine Template
ATVA2026_benchmark/TERM_LASSO//lasso_traces_eric2.t2.c/lasso_trace_4.txt,TERMINATING,0.64,343.38,360.42,47.00,TERMINATING,206,21,227,Affine Template / Affine Template
ATVA2026_benchmark/TERM_LASSO//lasso_traces_eric2.t2.c/lasso_trace_40.txt,TERMINATING,0.85,496.91,655.79,45.00,TERMINATING,221,9,230,Affine Template / Affine Template
ATVA2026_benchmark/TERM_LASSO//lasso_traces_eric2.t2.c/lasso_trace_41.txt,TERMINATING,0.65,392.50,523.95,44.00,TERMINATING,221,9,230,Affine Template / Affine Template
ATVA2026_benchmark/TERM_LASSO//lasso_traces_eric2.t2.c/lasso_trace_42.txt,TERMINATING,0.69,355.29,448.97,42.00,TERMINATING,221,9,230,Affine Template / Affine Template
ATVA2026_benchmark/TERM_LASSO//lasso_traces_eric2.t2.c/lasso_trace_43.txt,TERMINATING,0.68,413.59,581.98,43.00,TERMINATING,221,9,230,Affine Template / Affine Template
ATVA2026_benchmark/TERM_LASSO//lasso_traces_eric2.t2.c/lasso_trace_44.txt,TERMINATING,0.66,169.71,89.65,45.00,TERMINATING,221,9,230,Affine Template / Affine Template
ATVA2026_benchmark/TERM_LASSO//lasso_traces_eric2.t2.c/lasso_trace_45.txt,TERMINATING,0.64,182.08,259.08,48.00,TERMINATING,221,9,230,Affine Template / Affine Template
ATVA2026_benchmark/TERM_LASSO//lasso_traces_eric2.t2.c/lasso_trace_46.txt,TERMINATING,0.68,209.10,280.94,44.00,TERMINATING,221,9,230,Affine Template / Affine Template
ATVA2026_benchmark/TERM_LASSO//lasso_traces_eric2.t2.c/lasso_trace_47.txt,TERMINATING,0.89,456.90,164.17,48.00,TERMINATING,221,9,230,Affine Template / Affine Template
ATVA2026_benchmark/TERM_LASSO//lasso_traces_eric2.t2.c/lasso_trace_48.txt,TERMINATING,0.62,80.43,404.40,44.00,TERMINATING,221,9,230,Affine Template / Affine Template
ATVA2026_benchmark/TERM_LASSO//lasso_traces_eric2.t2.c/lasso_trace_49.txt,TERMINATING,0.68,222.95,265.19,44.00,TERMINATING,221,9,230,Affine Template / Affine Template
ATVA2026_benchmark/TERM_LASSO//lasso_traces_eric2.t2.c/lasso_trace_5.txt,TERMINATING,0.63,604.00,794.84,32.00,TERMINATING,215,17,232,Affine Template / Affine Template
ATVA2026_benchmark/TERM_LASSO//lasso_traces_eric2.t2.c/lasso_trace_6.txt,TERMINATING,0.74,221.93,308.68,56.00,TERMINATING,223,27,250,Affine Template / Affine Template
ATVA2026_benchmark/TERM_LASSO//lasso_traces_eric2.t2.c/lasso_trace_8.txt,TERMINATING,0.65,545.97,718.94,46.00,TERMINATING,228,9,237,Affine Template / Affine Template
ATVA2026_benchmark/TERM_LASSO//lasso_traces_eric2.t2.c/lasso_trace_9.txt,TERMINATING,0.66,461.10,583.31,39.00,TERMINATING,192,26,218,Affine Template / Affine Template
ATVA2026_benchmark/TERM_LASSO//lasso_traces_eric.t2.c/lasso_trace_1.txt,TERMINATING,1.86,92.06,142.27,7.00,TERMINATING,29,12,41,Affine Template / Affine Template
ATVA2026_benchmark/TERM_LASSO//lasso_traces_Et1.c/lasso_trace_1.txt,TERMINATING,2.08,300.49,94.02,17.00,TERMINATING,5,1,6,2-Nested Template / 2-Nested Template
ATVA2026_benchmark/TERM_LASSO//lasso_traces_Et1_false-no-overflow_true-termination.c/lasso_trace_1.txt,TERMINATING,3.34,288.16,96.22,16.00,TERMINATING,5,1,6,2-Nested Template / 2-Nested Template
ATVA2026_benchmark/TERM_LASSO//lasso_traces_Et1_true.c/lasso_trace_1.txt,TERMINATING,1.66,421.69,74.50,12.00,TERMINATING,14,3,17,2-Nested Template / 2-Nested Template
ATVA2026_benchmark/TERM_LASSO//lasso_traces_Et1_true_no-overflow.c/lasso_trace_1.txt,TERMINATING,2.74,395.03,85.46,11.00,TERMINATING,14,3,17,2-Nested Template / 2-Nested Template
ATVA2026_benchmark/TERM_LASSO//lasso_traces_Et1_true_true-termination.c/lasso_trace_1.txt,TERMINATING,2.06,377.54,75.26,11.00,TERMINATING,14,3,17,2-Nested Template / 2-Nested Template
ATVA2026_benchmark/TERM_LASSO//lasso_traces_Et2_true.c/lasso_trace_1.txt,TERMINATING,1.65,139.84,79.09,11.00,TERMINATING,14,7,21,Affine Template / Affine Template
ATVA2026_benchmark/TERM_LASSO//lasso_traces_Et2_true_no-overflow.c/lasso_trace_1.txt,TERMINATING,2.60,287.09,106.69,11.00,TERMINATING,14,7,21,Affine Template / Affine Template
ATVA2026_benchmark/TERM_LASSO//lasso_traces_Et2_true_true-termination.c/lasso_trace_1.txt,TERMINATING,1.52,135.86,85.79,11.00,TERMINATING,14,7,21,Affine Template / Affine Template
ATVA2026_benchmark/TERM_LASSO//lasso_traces_Et3_true.c/lasso_trace_1.txt,TERMINATING,1.70,377.08,80.56,13.00,TERMINATING,14,3,17,2-Nested Template / 2-Nested Template
ATVA2026_benchmark/TERM_LASSO//lasso_traces_Et3_true_no-overflow.c/lasso_trace_1.txt,TERMINATING,3.31,582.35,114.34,17.00,TERMINATING,14,3,17,2-Nested Template / 2-Nested Template
ATVA2026_benchmark/TERM_LASSO//lasso_traces_Et3_true_true-termination.c/lasso_trace_1.txt,TERMINATING,1.72,377.66,70.29,16.00,TERMINATING,14,3,17,2-Nested Template / 2-Nested Template
ATVA2026_benchmark/TERM_LASSO//lasso_traces_Et4_true.c/lasso_trace_1.txt,TERMINATING,1.80,117.89,35.69,14.00,TERMINATING,18,7,25,Affine Template / Affine Template
ATVA2026_benchmark/TERM_LASSO//lasso_traces_Et4_true_no-overflow.c/lasso_trace_1.txt,TERMINATING,2.45,163.87,56.07,15.00,TERMINATING,18,7,25,Affine Template / 2-Nested Template
ATVA2026_benchmark/TERM_LASSO//lasso_traces_Et4_true_true-termination.c/lasso_trace_1.txt,TERMINATING,1.56,122.21,34.25,15.00,TERMINATING,18,7,25,Affine Template / 2-Nested Template
ATVA2026_benchmark/TERM_LASSO//lasso_traces_euclid.c/lasso_trace_1.txt,TERMINATING,2.33,133.85,42.62,17.00,TERMINATING,8,1,9,Affine Template / Affine Template
ATVA2026_benchmark/TERM_LASSO//lasso_traces_euclid-no-inv.c/lasso_trace_1.txt,TERMINATING,1.95,86.36,45.98,17.00,TERMINATING,8,1,9,Affine Template / Affine Template
ATVA2026_benchmark/TERM_LASSO//lasso_traces_EvenOdd01_true-termination.c/lasso_trace_1.txt,TERMINATING,1.83,64.56,31.59,13.00,TERMINATING,7,8,15,Affine Template / Affine Template
ATVA2026_benchmark/TERM_LASSO//lasso_traces_EvenOdd01_true-unreach-call_true-termination.c/lasso_trace_1.txt,TERMINATING,2.00,162.10,128.79,15.00,TERMINATING,7,8,15,Affine Template / Affine Template
ATVA2026_benchmark/TERM_LASSO//lasso_traces_Ex07.c/lasso_trace_1.txt,TERMINATING,1.91,88.01,87.06,9.00,TERMINATING,5,2,7,Affine Template / Affine Template
ATVA2026_benchmark/TERM_LASSO//lasso_traces_Ex07_no-overflow.c/lasso_trace_1.txt,TERMINATING,2.66,109.52,91.35,9.00,TERMINATING,5,2,7,Affine Template / Affine Template
ATVA2026_benchmark/TERM_LASSO//lasso_traces_ex10.t2.c/lasso_trace_1.txt,TERMINATING,1.68,150.90,240.90,9.00,TERMINATING,68,27,95,Affine Template / Affine Template
ATVA2026_benchmark/TERM_LASSO//lasso_traces_ex11.t2.c/lasso_trace_2.txt,TERMINATING,0.31,74.30,164.71,7.00,TERMINATING,45,30,75,Affine Template / Affine Template
ATVA2026_benchmark/TERM_LASSO//lasso_traces_ex12.t2.c/lasso_trace_1.txt,TERMINATING,1.61,73.70,86.55,6.00,TERMINATING,20,13,33,Affine Template / Affine Template
ATVA2026_benchmark/TERM_LASSO//lasso_traces_ex14.t2.c/lasso_trace_1.txt,TERMINATING,1.66,84.43,37.05,6.00,TERMINATING,20,13,33,Affine Template / Affine Template
ATVA2026_benchmark/TERM_LASSO//lasso_traces_ex17.t2.c/lasso_trace_1.txt,TERMINATING,1.69,53.69,33.25,7.00,TERMINATING,40,13,53,Affine Template / Affine Template
ATVA2026_benchmark/TERM_LASSO//lasso_traces_ex18.t2.c/lasso_trace_2.txt,TERMINATING,0.42,70.46,107.65,8.00,TERMINATING,62,21,83,Affine Template / Affine Template
ATVA2026_benchmark/TERM_LASSO//lasso_traces_ex19.t2.c/lasso_trace_1.txt,TERMINATING,1.96,128.23,165.35,9.00,TERMINATING,28,17,45,Affine Template / Affine Template
ATVA2026_benchmark/TERM_LASSO//lasso_traces_ex1_false-no-overflow_true-termination.c/lasso_trace_1.txt,TERMINATING,3.33,63.99,33.79,7.00,TERMINATING,5,1,6,Affine Template / Affine Template
ATVA2026_benchmark/TERM_LASSO//lasso_traces_ex1_true-termination.c/lasso_trace_1.txt,TERMINATING,2.03,80.11,36.85,9.00,TERMINATING,7,1,8,Affine Template / Affine Template
ATVA2026_benchmark/TERM_LASSO//lasso_traces_ex20.t2.c/lasso_trace_1.txt,TERMINATING,1.98,80.64,279.53,10.00,TERMINATING,46,13,59,Affine Template / Affine Template
ATVA2026_benchmark/TERM_LASSO//lasso_traces_ex20.t2.c/lasso_trace_2.txt,TERMINATING,0.40,137.04,254.93,35.00,TERMINATING,56,13,69,Affine Template / Affine Template
ATVA2026_benchmark/TERM_LASSO//lasso_traces_ex21.t2.c/lasso_trace_1.txt,TERMINATING,1.73,122.49,124.97,8.00,TERMINATING,32,13,45,Affine Template / Affine Template
ATVA2026_benchmark/TERM_LASSO//lasso_traces_ex22.t2.c/lasso_trace_1.txt,TERMINATING,1.74,327.56,412.07,19.00,TERMINATING,155,13,168,Affine Template / Affine Template
ATVA2026_benchmark/TERM_LASSO//lasso_traces_ex23.t2.c/lasso_trace_1.txt,TERMINATING,1.93,156.15,171.29,10.00,TERMINATING,33,13,46,Affine Template / Affine Template
ATVA2026_benchmark/TERM_LASSO//lasso_traces_ex26.t2.c/lasso_trace_1.txt,TERMINATING,1.70,60.08,132.93,7.00,TERMINATING,32,29,61,Affine Template / Affine Template
ATVA2026_benchmark/TERM_LASSO//lasso_traces_ex27.t2.c/lasso_trace_1.txt,TERMINATING,1.66,108.26,148.72,20.00,TERMINATING,179,13,192,Affine Template / Affine Template
ATVA2026_benchmark/TERM_LASSO//lasso_traces_ex2.c/lasso_trace_1.txt,TERMINATING,3.27,70.75,126.66,6.00,TERMINATING,6,3,9,Affine Template / Affine Template
ATVA2026_benchmark/TERM_LASSO//lasso_traces_ex30.t2.c/lasso_trace_1.txt,TERMINATING,1.96,176.79,197.22,12.00,TERMINATING,52,13,65,Affine Template / Affine Template
ATVA2026_benchmark/TERM_LASSO//lasso_traces_ex30.t2.c/lasso_trace_2.txt,TERMINATING,0.31,84.74,78.69,10.00,TERMINATING,65,13,78,Affine Template / Affine Template
ATVA2026_benchmark/TERM_LASSO//lasso_traces_ex32.t2.c/lasso_trace_1.txt,TERMINATING,1.70,129.37,126.26,7.00,TERMINATING,37,13,50,Affine Template / Affine Template
ATVA2026_benchmark/TERM_LASSO//lasso_traces_ex36.t2.c/lasso_trace_1.txt,TERMINATING,1.78,505.02,660.47,24.00,TERMINATING,244,13,257,Affine Template / Affine Template
ATVA2026_benchmark/TERM_LASSO//lasso_traces_ex36.t2.c/lasso_trace_10.txt,TERMINATING,0.28,749.00,1031.29,29.00,TERMINATING,354,17,371,Affine Template / Affine Template
ATVA2026_benchmark/TERM_LASSO//lasso_traces_ex36.t2.c/lasso_trace_11.txt,TERMINATING,0.27,215.70,214.61,25.00,TERMINATING,333,13,346,Affine Template / Affine Template
ATVA2026_benchmark/TERM_LASSO//lasso_traces_ex36.t2.c/lasso_trace_12.txt,TERMINATING,0.29,710.04,544.25,29.00,TERMINATING,346,13,359,Affine Template / Affine Template
ATVA2026_benchmark/TERM_LASSO//lasso_traces_ex36.t2.c/lasso_trace_13.txt,TERMINATING,0.28,266.59,246.41,26.00,TERMINATING,359,17,376,Affine Template / Affine Template
ATVA2026_benchmark/TERM_LASSO//lasso_traces_ex36.t2.c/lasso_trace_14.txt,TERMINATING,0.23,614.66,742.95,27.00,TERMINATING,376,17,393,Affine Template / Affine Template
ATVA2026_benchmark/TERM_LASSO//lasso_traces_ex36.t2.c/lasso_trace_15.txt,TERMINATING,0.23,612.14,852.27,28.00,TERMINATING,338,13,351,Affine Template / Affine Template
ATVA2026_benchmark/TERM_LASSO//lasso_traces_ex36.t2.c/lasso_trace_2.txt,TERMINATING,0.33,404.87,559.17,21.00,TERMINATING,257,13,270,Affine Template / Affine Template
ATVA2026_benchmark/TERM_LASSO//lasso_traces_ex36.t2.c/lasso_trace_3.txt,TERMINATING,0.34,156.35,769.57,29.00,TERMINATING,297,13,310,Affine Template / Affine Template
ATVA2026_benchmark/TERM_LASSO//lasso_traces_ex36.t2.c/lasso_trace_4.txt,TERMINATING,0.40,350.79,474.13,28.00,TERMINATING,302,13,315,Affine Template / Affine Template
ATVA2026_benchmark/TERM_LASSO//lasso_traces_ex36.t2.c/lasso_trace_6.txt,TERMINATING,0.41,713.10,953.63,25.00,TERMINATING,323,13,336,Affine Template / Affine Template
ATVA2026_benchmark/TERM_LASSO//lasso_traces_ex36.t2.c/lasso_trace_8.txt,TERMINATING,0.26,217.74,299.15,25.00,TERMINATING,328,17,345,Affine Template / Affine Template
ATVA2026_benchmark/TERM_LASSO//lasso_traces_ex36.t2.c/lasso_trace_9.txt,TERMINATING,0.24,834.36,1129.93,29.00,TERMINATING,341,17,358,Affine Template / Affine Template
ATVA2026_benchmark/TERM_LASSO//lasso_traces_ex3.c/lasso_trace_1.txt,TERMINATING,2.81,65.64,58.82,6.00,TERMINATING,6,3,9,Affine Template / Affine Template
ATVA2026_benchmark/TERM_LASSO//lasso_traces_ex3.c/lasso_trace_4.txt,TERMINATING,0.27,103.69,66.88,7.00,TERMINATING,8,3,11,Affine Template / Affine Template
ATVA2026_benchmark/TERM_LASSO//lasso_traces_ex3.t2.c/lasso_trace_1.txt,TERMINATING,1.82,78.74,142.56,8.00,TERMINATING,29,13,42,Affine Template / Affine Template
ATVA2026_benchmark/TERM_LASSO//lasso_traces_ex3_true-termination.c/lasso_trace_1.txt,TERMINATING,2.21,69.04,66.28,6.00,TERMINATING,6,3,9,Affine Template / Affine Template
ATVA2026_benchmark/TERM_LASSO//lasso_traces_ex3_true-termination.c/lasso_trace_4.txt,TERMINATING,0.25,99.04,67.08,7.00,TERMINATING,8,3,11,Affine Template / Affine Template
ATVA2026_benchmark/TERM_LASSO//lasso_traces_ex4.t2.c/lasso_trace_1.txt,TERMINATING,1.70,52.21,37.54,8.00,TERMINATING,40,26,66,Affine Template / Affine Template
ATVA2026_benchmark/TERM_LASSO//lasso_traces_ex4.t2.c/lasso_trace_2.txt,TERMINATING,0.31,128.02,300.47,9.00,TERMINATING,58,30,88,Affine Template / Affine Template
ATVA2026_benchmark/TERM_LASSO//lasso_traces_ex7.t2.c/lasso_trace_1.txt,TERMINATING,1.78,150.90,109.26,8.00,TERMINATING,36,17,53,Affine Template / Affine Template
ATVA2026_benchmark/TERM_LASSO//lasso_traces_ex8.t2.c/lasso_trace_1.txt,TERMINATING,1.77,148.11,168.72,8.00,TERMINATING,36,17,53,Affine Template / Affine Template
ATVA2026_benchmark/TERM_LASSO//lasso_traces_ex9.t2.c/lasso_trace_1.txt,TERMINATING,1.75,122.21,127.68,11.00,TERMINATING,40,17,57,Affine Template / Affine Template
ATVA2026_benchmark/TERM_LASSO//lasso_traces_example.t2.c/lasso_trace_1.txt,TERMINATING,1.94,110.21,121.10,9.00,TERMINATING,22,10,32,Affine Template / Affine Template
ATVA2026_benchmark/TERM_LASSO//lasso_traces_example.t2.c/lasso_trace_2.txt,TERMINATING,0.50,27.44,26.50,26.00,TERMINATING,25,14,39,Affine Template / Affine Template
ATVA2026_benchmark/TERM_LASSO//lasso_traces_f91.c/lasso_trace_1.txt,TERMINATING,1.68,34.64,30.94,5.00,TERMINATING,0,3,3,Affine Template / Affine Template
ATVA2026_benchmark/TERM_LASSO//lasso_traces_f91.c/lasso_trace_2.txt,TERMINATING,0.68,42.79,37.91,7.00,TERMINATING,7,9,16,Affine Template / Affine Template
ATVA2026_benchmark/TERM_LASSO//lasso_traces_f91.c/lasso_trace_5.txt,TERMINATING,0.30,37.89,40.91,8.00,TERMINATING,30,9,39,Affine Template / Affine Template
ATVA2026_benchmark/TERM_LASSO//lasso_traces_factorial.c/lasso_trace_1.txt,TERMINATING,1.77,35.35,62.75,5.00,TERMINATING,0,3,3,Affine Template / Affine Template
ATVA2026_benchmark/TERM_LASSO//lasso_traces_fdct.t2.c/lasso_trace_1.txt,TERMINATING,1.54,521.80,677.74,17.00,TERMINATING,92,85,177,Affine Template / Affine Template
ATVA2026_benchmark/TERM_LASSO//lasso_traces_fermat.t2.c/lasso_trace_1.txt,TERMINATING,1.99,333.01,353.18,20.00,TERMINATING,100,17,117,Affine Template / Affine Template
ATVA2026_benchmark/TERM_LASSO//lasso_traces_fibcall.t2.c/lasso_trace_1.txt,TERMINATING,1.99,85.76,140.81,11.00,TERMINATING,48,13,61,Affine Template / Affine Template
ATVA2026_benchmark/TERM_LASSO//lasso_traces_fibo_5_false-unreach-call.c/lasso_trace_1.txt,TERMINATING,2.94,100.17,105.23,6.00,TERMINATING,6,4,10,Affine Template / Affine Template
ATVA2026_benchmark/TERM_LASSO//lasso_traces_Fibonacci01_true-termination.c/lasso_trace_1.txt,TERMINATING,1.81,45.96,49.07,6.00,TERMINATING,7,4,11,Affine Template / Affine Template
ATVA2026_benchmark/TERM_LASSO//lasso_traces_Fibonacci01_true-unreach-call.c/lasso_trace_1.txt,TERMINATING,1.93,48.37,57.35,7.00,TERMINATING,7,4,11,Affine Template / Affine Template
ATVA2026_benchmark/TERM_LASSO//lasso_traces_fibonacci.c/lasso_trace_1.txt,TERMINATING,1.76,38.44,46.47,6.00,TERMINATING,0,4,4,Affine Template / Affine Template
ATVA2026_benchmark/TERM_LASSO//lasso_traces_firewire.t2.c/lasso_trace_1.txt,TERMINATING,3.22,217.18,198.07,25.00,TERMINATING,53,53,106,Affine Template / Affine Template
ATVA2026_benchmark/TERM_LASSO//lasso_traces_firewire.t2.c/lasso_trace_4.txt,TERMINATING,0.36,113.55,149.15,19.00,TERMINATING,88,68,156,Affine Template / Affine Template
ATVA2026_benchmark/TERM_LASSO//lasso_traces_firewire.t2.c/lasso_trace_5.txt,TERMINATING,0.53,82.12,119.05,23.00,TERMINATING,145,68,213,Affine Template / Affine Template
ATVA2026_benchmark/TERM_LASSO//lasso_traces_fir.t2.c/lasso_trace_1.txt,TERMINATING,1.95,281.45,155.76,12.00,TERMINATING,48,38,86,Affine Template / Affine Template
ATVA2026_benchmark/TERM_LASSO//lasso_traces_fir.t2.c/lasso_trace_2.txt,TERMINATING,0.38,220.42,261.59,11.00,TERMINATING,65,17,82,Affine Template / Affine Template
ATVA2026_benchmark/TERM_LASSO//lasso_traces_flag.c/lasso_trace_1.txt,TERMINATING,2.09,3104.50,43.63,33.00,TERMINATING,1,1,2,2-Phase Template / Affine Template
ATVA2026_benchmark/TERM_LASSO//lasso_traces_flag_false-no-overflow_true-termination.c/lasso_trace_1.txt,TERMINATING,2.23,3485.85,49.95,44.00,TERMINATING,5,1,6,2-Phase Template / Affine Template
ATVA2026_benchmark/TERM_LASSO//lasso_traces_flag_true-termination.c/lasso_trace_1.txt,TERMINATING,2.02,3766.24,56.91,44.00,TERMINATING,7,1,8,2-Phase Template / Affine Template
ATVA2026_benchmark/TERM_LASSO//lasso_traces_for_loop.c/lasso_trace_1.txt,TERMINATING,1.81,49.59,34.58,9.00,TERMINATING,5,1,6,Affine Template / Affine Template
ATVA2026_benchmark/TERM_LASSO//lasso_traces_ForLoopWithEmptyBody-Safe.c/lasso_trace_1.txt,TERMINATING,1.80,61.55,52.18,9.00,TERMINATING,5,1,6,Affine Template / Affine Template
ATVA2026_benchmark/TERM_LASSO//lasso_traces_fourn.c.i.fourn.pl.t2.fixed.t2.c/lasso_trace_1.txt,TERMINATING,1.84,60.29,112.67,23.00,TERMINATING,116,17,133,Affine Template / Affine Template
ATVA2026_benchmark/TERM_LASSO//lasso_traces_fourn.c.i.fourn.pl.t2.fixed.t2.c/lasso_trace_2.txt,TERMINATING,0.39,184.26,255.97,22.00,TERMINATING,125,55,180,Affine Template / Affine Template
ATVA2026_benchmark/TERM_LASSO//lasso_traces_fourn.c.i.fourn.pl.t2.nor.t2.rlgfixed.t2.c/lasso_trace_1.txt,TERMINATING,1.94,77.75,108.22,19.00,TERMINATING,116,17,133,Affine Template / Affine Template
ATVA2026_benchmark/TERM_LASSO//lasso_traces_fourn.c.i.fourn.pl.t2.nor.t2.rlgfixed.t2.c/lasso_trace_2.txt,TERMINATING,0.38,196.10,210.07,21.00,TERMINATING,125,55,180,Affine Template / Affine Template
ATVA2026_benchmark/TERM_LASSO//lasso_traces_fourn.t2.c/lasso_trace_1.txt,TERMINATING,1.82,76.70,112.46,18.00,TERMINATING,116,17,133,Affine Template / Affine Template
ATVA2026_benchmark/TERM_LASSO//lasso_traces_fourn.t2.c/lasso_trace_2.txt,TERMINATING,0.47,189.54,233.09,25.00,TERMINATING,125,55,180,Affine Template / Affine Template
ATVA2026_benchmark/TERM_LASSO//lasso_traces_fuhs-inflasso.t2.c/lasso_trace_1.txt,TERMINATING,2.03,109.79,150.84,6.00,TERMINATING,24,10,34,Affine Template / Affine Template
ATVA2026_benchmark/TERM_LASSO//lasso_traces_fun1b.t2.c/lasso_trace_4.txt,TERMINATING,1.84,387.30,310.40,31.00,TERMINATING,115,184,299,Affine Template / Affine Template
ATVA2026_benchmark/TERM_LASSO//lasso_traces_fun1.t2.c/lasso_trace_4.txt,TERMINATING,1.87,110.04,170.36,30.00,TERMINATING,107,184,291,Affine Template / Affine Template
ATVA2026_benchmark/TERM_LASSO//lasso_traces_fun1.t2.c/lasso_trace_5.txt,TERMINATING,0.49,118.21,91.72,38.00,TERMINATING,110,184,294,Affine Template / Affine Template
ATVA2026_benchmark/TERM_LASSO//lasso_traces_fun1.t2.c/lasso_trace_6.txt,TERMINATING,0.43,187.17,264.03,36.00,TERMINATING,114,184,298,Affine Template / Affine Template
ATVA2026_benchmark/TERM_LASSO//lasso_traces_fun1.t2.c/lasso_trace_8.txt,TERMINATING,0.66,67.45,94.54,47.00,TERMINATING,130,187,317,Affine Template / Affine Template
ATVA2026_benchmark/TERM_LASSO//lasso_traces_fun1.t2.c/lasso_trace_9.txt,TERMINATING,0.75,406.86,204.94,42.00,TERMINATING,134,187,321,Affine Template / Affine Template
ATVA2026_benchmark/TERM_LASSO//lasso_traces_fun2b.t2.c/lasso_trace_11.txt,TERMINATING,0.84,254.91,425.70,65.00,TERMINATING,230,204,434,Affine Template / Affine Template
ATVA2026_benchmark/TERM_LASSO//lasso_traces_fun2b.t2.c/lasso_trace_12.txt,TERMINATING,0.78,85.41,250.54,55.00,TERMINATING,278,190,468,Affine Template / Affine Template
ATVA2026_benchmark/TERM_LASSO//lasso_traces_fun2b.t2.c/lasso_trace_13.txt,TERMINATING,0.77,215.47,234.63,47.00,TERMINATING,329,187,516,Affine Template / Affine Template
ATVA2026_benchmark/TERM_LASSO//lasso_traces_fun2b.t2.c/lasso_trace_14.txt,TERMINATING,2.02,102.30,41.25,71.00,TERMINATING,333,191,524,Affine Template / Affine Template
ATVA2026_benchmark/TERM_LASSO//lasso_traces_fun2b.t2.c/lasso_trace_4.txt,TERMINATING,1.85,169.21,235.79,28.00,TERMINATING,107,184,291,Affine Template / Affine Template
ATVA2026_benchmark/TERM_LASSO//lasso_traces_fun2b.t2.c/lasso_trace_5.txt,TERMINATING,0.56,153.67,209.14,28.00,TERMINATING,110,184,294,Affine Template / Affine Template
ATVA2026_benchmark/TERM_LASSO//lasso_traces_fun2b.t2.c/lasso_trace_6.txt,TERMINATING,0.47,58.30,69.62,28.00,TERMINATING,114,184,298,Affine Template / Affine Template
ATVA2026_benchmark/TERM_LASSO//lasso_traces_fun2b.t2.c/lasso_trace_8.txt,TERMINATING,0.73,230.85,412.22,55.00,TERMINATING,133,187,320,Affine Template / Affine Template
ATVA2026_benchmark/TERM_LASSO//lasso_traces_fun2b.t2.c/lasso_trace_9.txt,TERMINATING,0.84,91.24,52.10,41.00,TERMINATING,170,187,357,Affine Template / Affine Template
ATVA2026_benchmark/TERM_LASSO//lasso_traces_fun2.t2.c/lasso_trace_10.txt,TERMINATING,0.65,432.34,395.79,71.00,TERMINATING,230,204,434,Affine Template / Affine Template
ATVA2026_benchmark/TERM_LASSO//lasso_traces_fun2.t2.c/lasso_trace_4.txt,TERMINATING,1.99,121.81,175.55,35.00,TERMINATING,107,184,291,Affine Template / Affine Template
ATVA2026_benchmark/TERM_LASSO//lasso_traces_fun2.t2.c/lasso_trace_5.txt,TERMINATING,0.51,243.59,253.07,28.00,TERMINATING,110,184,294,Affine Template / Affine Template
ATVA2026_benchmark/TERM_LASSO//lasso_traces_fun2.t2.c/lasso_trace_7.txt,TERMINATING,0.77,82.00,165.81,56.00,TERMINATING,137,184,321,Affine Template / Affine Template
ATVA2026_benchmark/TERM_LASSO//lasso_traces_fun2.t2.c/lasso_trace_8.txt,TERMINATING,0.90,572.90,704.79,58.00,TERMINATING,170,187,357,Affine Template / Affine Template
ATVA2026_benchmark/TERM_LASSO//lasso_traces_fun3.t2.c/lasso_trace_10.txt,TERMINATING,0.75,422.89,404.13,57.00,TERMINATING,230,204,434,Affine Template / Affine Template
ATVA2026_benchmark/TERM_LASSO//lasso_traces_fun3.t2.c/lasso_trace_4.txt,TERMINATING,1.80,109.05,169.05,29.00,TERMINATING,107,184,291,Affine Template / Affine Template
ATVA2026_benchmark/TERM_LASSO//lasso_traces_fun3.t2.c/lasso_trace_5.txt,TERMINATING,0.53,195.61,208.71,29.00,TERMINATING,110,184,294,Affine Template / Affine Template
ATVA2026_benchmark/TERM_LASSO//lasso_traces_fun3.t2.c/lasso_trace_7.txt,TERMINATING,0.79,68.39,129.97,50.00,TERMINATING,137,184,321,Affine Template / Affine Template
ATVA2026_benchmark/TERM_LASSO//lasso_traces_fun3.t2.c/lasso_trace_8.txt,TERMINATING,0.75,571.70,708.93,39.00,TERMINATING,170,187,357,Affine Template / Affine Template
ATVA2026_benchmark/TERM_LASSO//lasso_traces_fun4-alt.t2.c/lasso_trace_1.txt,TERMINATING,1.84,55.49,98.44,7.00,TERMINATING,28,9,37,Affine Template / Affine Template
ATVA2026_benchmark/TERM_LASSO//lasso_traces_fun4-alt.t2.c/lasso_trace_2.txt,TERMINATING,0.65,128.95,140.24,20.00,TERMINATING,35,13,48,Affine Template / Affine Template
ATVA2026_benchmark/TERM_LASSO//lasso_traces_fun4.t2.c/lasso_trace_3.txt,TERMINATING,1.86,133.85,181.88,8.00,TERMINATING,32,22,54,Affine Template / Affine Template
ATVA2026_benchmark/TERM_LASSO//lasso_traces_fun4.t2.c/lasso_trace_4.txt,TERMINATING,0.48,118.37,116.08,26.00,TERMINATING,48,22,70,Affine Template / Affine Template
ATVA2026_benchmark/TERM_LASSO//lasso_traces_fun5.t2.c/lasso_trace_10.txt,TERMINATING,0.49,178.59,282.65,50.00,TERMINATING,86,32,118,Affine Template / Affine Template
ATVA2026_benchmark/TERM_LASSO//lasso_traces_fun5.t2.c/lasso_trace_11.txt,TERMINATING,0.30,197.20,214.09,13.00,TERMINATING,87,36,123,Affine Template / Affine Template
ATVA2026_benchmark/TERM_LASSO//lasso_traces_fun5.t2.c/lasso_trace_4.txt,TERMINATING,2.09,151.49,149.44,13.00,TERMINATING,48,32,80,Affine Template / Affine Template
ATVA2026_benchmark/TERM_LASSO//lasso_traces_fun5.t2.c/lasso_trace_5.txt,TERMINATING,0.67,206.35,239.92,18.00,TERMINATING,75,32,107,Affine Template / Affine Template
ATVA2026_benchmark/TERM_LASSO//lasso_traces_fun5.t2.c/lasso_trace_9.txt,TERMINATING,0.47,98.40,130.47,21.00,TERMINATING,82,39,121,Affine Template / Affine Template
ATVA2026_benchmark/TERM_LASSO//lasso_traces_fun8.t2.c/lasso_trace_1.txt,TERMINATING,2.16,303.30,407.55,22.00,TERMINATING,149,18,167,Affine Template / Affine Template
ATVA2026_benchmark/TERM_LASSO//lasso_traces_fun9.t2.c/lasso_trace_1.txt,TERMINATING,1.58,263.02,413.34,19.00,TERMINATING,72,126,198,Affine Template / Affine Template
ATVA2026_benchmark/TERM_LASSO//lasso_traces_fun9.t2.c/lasso_trace_2.txt,TERMINATING,0.48,186.85,220.96,62.00,TERMINATING,75,138,213,Affine Template / Affine Template
ATVA2026_benchmark/TERM_LASSO//lasso_traces_gcd01_true-termination.c/lasso_trace_1.txt,TERMINATING,1.62,101.32,92.60,11.00,TERMINATING,8,5,13,Affine Template / Affine Template
ATVA2026_benchmark/TERM_LASSO//lasso_traces_gcd01_true-termination.c/lasso_trace_2.txt,TERMINATING,0.43,120.19,134.94,10.00,TERMINATING,9,5,14,Affine Template / Affine Template
ATVA2026_benchmark/TERM_LASSO//lasso_traces_gcd01_true-termination.c/lasso_trace_3.txt,TERMINATING,0.32,103.41,105.61,16.00,TERMINATING,14,5,19,Affine Template / Affine Template
ATVA2026_benchmark/TERM_LASSO//lasso_traces_gcd01_true-unreach-call_true-termination.c/lasso_trace_1.txt,TERMINATING,1.84,99.62,92.25,11.00,TERMINATING,8,5,13,Affine Template / Affine Template
ATVA2026_benchmark/TERM_LASSO//lasso_traces_gcd01_true-unreach-call_true-termination.c/lasso_trace_2.txt,TERMINATING,0.46,113.43,129.22,10.00,TERMINATING,9,5,14,Affine Template / Affine Template
ATVA2026_benchmark/TERM_LASSO//lasso_traces_gcd01_true-unreach-call_true-termination.c/lasso_trace_3.txt,TERMINATING,0.72,98.19,101.02,10.00,TERMINATING,14,5,19,Affine Template / Affine Template
ATVA2026_benchmark/TERM_LASSO//lasso_traces_gcd1.c/lasso_trace_1.txt,TERMINATING,1.80,66.08,35.70,14.00,TERMINATING,5,2,7,Affine Template / Affine Template
ATVA2026_benchmark/TERM_LASSO//lasso_traces_gcd1.c/lasso_trace_2.txt,TERMINATING,0.59,62.22,34.54,12.00,TERMINATING,6,1,7,Affine Template / Affine Template
ATVA2026_benchmark/TERM_LASSO//lasso_traces_gcd1.c/lasso_trace_3.txt,TERMINATING,0.39,40.26,56.44,10.00,TERMINATING,8,1,9,Affine Template / Affine Template
ATVA2026_benchmark/TERM_LASSO//lasso_traces_gcd1_no-overflow.c/lasso_trace_1.txt,TERMINATING,2.71,69.49,34.95,15.00,TERMINATING,5,2,7,Affine Template / Affine Template
ATVA2026_benchmark/TERM_LASSO//lasso_traces_gcd1_no-overflow.c/lasso_trace_2.txt,TERMINATING,1.03,63.88,28.95,12.00,TERMINATING,6,1,7,Affine Template / Affine Template
ATVA2026_benchmark/TERM_LASSO//lasso_traces_gcd1_no-overflow.c/lasso_trace_3.txt,TERMINATING,0.36,40.33,57.37,10.00,TERMINATING,8,1,9,Affine Template / Affine Template
ATVA2026_benchmark/TERM_LASSO//lasso_traces_gcd1_true-termination.c/lasso_trace_1.txt,TERMINATING,1.70,69.99,35.88,16.00,TERMINATING,5,2,7,Affine Template / Affine Template
ATVA2026_benchmark/TERM_LASSO//lasso_traces_gcd1_true-termination.c/lasso_trace_2.txt,TERMINATING,0.58,60.96,30.70,13.00,TERMINATING,6,1,7,Affine Template / Affine Template
ATVA2026_benchmark/TERM_LASSO//lasso_traces_gcd1_true-termination.c/lasso_trace_3.txt,TERMINATING,0.32,37.32,53.48,10.00,TERMINATING,8,1,9,Affine Template / Affine Template
ATVA2026_benchmark/TERM_LASSO//lasso_traces_GCD3.c/lasso_trace_2.txt,TERMINATING,1.65,127.17,99.17,9.00,TERMINATING,5,4,9,Affine Template / Affine Template
ATVA2026_benchmark/TERM_LASSO//lasso_traces_GCD3.c/lasso_trace_3.txt,TERMINATING,0.48,102.66,91.85,11.00,TERMINATING,7,1,8,Affine Template / Affine Template
ATVA2026_benchmark/TERM_LASSO//lasso_traces_GCD3.c/lasso_trace_4.txt,TERMINATING,0.37,85.76,93.73,10.00,TERMINATING,11,1,12,Affine Template / Affine Template
ATVA2026_benchmark/TERM_LASSO//lasso_traces_GCD3_no-overflow.c/lasso_trace_2.txt,TERMINATING,2.62,134.99,103.13,12.00,TERMINATING,5,4,9,Affine Template / Affine Template
ATVA2026_benchmark/TERM_LASSO//lasso_traces_GCD3_no-overflow.c/lasso_trace_3.txt,TERMINATING,0.60,96.70,104.55,11.00,TERMINATING,7,1,8,Affine Template / Affine Template
ATVA2026_benchmark/TERM_LASSO//lasso_traces_GCD3_no-overflow.c/lasso_trace_4.txt,TERMINATING,0.37,87.73,100.86,11.00,TERMINATING,11,1,12,Affine Template / Affine Template
ATVA2026_benchmark/TERM_LASSO//lasso_traces_GCD4.c/lasso_trace_1.txt,TERMINATING,2.11,80.53,82.59,12.00,TERMINATING,5,2,7,Affine Template / Affine Template
ATVA2026_benchmark/TERM_LASSO//lasso_traces_GCD4.c/lasso_trace_2.txt,TERMINATING,0.43,99.20,43.18,10.00,TERMINATING,7,1,8,Affine Template / Affine Template
ATVA2026_benchmark/TERM_LASSO//lasso_traces_GCD4.c/lasso_trace_4.txt,TERMINATING,0.44,43.56,111.10,12.00,TERMINATING,8,3,11,Affine Template / Affine Template
ATVA2026_benchmark/TERM_LASSO//lasso_traces_GCD4.c/lasso_trace_5.txt,TERMINATING,0.34,61.18,62.71,10.00,TERMINATING,9,1,10,Affine Template / Affine Template
ATVA2026_benchmark/TERM_LASSO//lasso_traces_GCD4_no-overflow.c/lasso_trace_1.txt,TERMINATING,2.02,76.44,78.98,11.00,TERMINATING,5,2,7,Affine Template / Affine Template
ATVA2026_benchmark/TERM_LASSO//lasso_traces_GCD4_no-overflow.c/lasso_trace_2.txt,TERMINATING,0.43,98.96,45.64,10.00,TERMINATING,7,1,8,Affine Template / Affine Template
ATVA2026_benchmark/TERM_LASSO//lasso_traces_GCD4_no-overflow.c/lasso_trace_4.txt,TERMINATING,0.47,43.34,102.35,11.00,TERMINATING,8,3,11,Affine Template / Affine Template
ATVA2026_benchmark/TERM_LASSO//lasso_traces_GCD4_no-overflow.c/lasso_trace_5.txt,TERMINATING,0.38,61.15,67.06,10.00,TERMINATING,9,1,10,Affine Template / Affine Template
ATVA2026_benchmark/TERM_LASSO//lasso_traces_genady.c/lasso_trace_1.txt,TERMINATING,1.96,98.50,74.09,10.00,TERMINATING,5,1,6,Affine Template / Affine Template
ATVA2026_benchmark/TERM_LASSO//lasso_traces_genady_no-overflow.c/lasso_trace_1.txt,TERMINATING,1.85,92.76,74.73,10.00,TERMINATING,5,1,6,Affine Template / Affine Template
ATVA2026_benchmark/TERM_LASSO//lasso_traces_genady_true-termination.c/lasso_trace_1.txt,TERMINATING,2.31,84.62,87.45,10.00,TERMINATING,5,1,6,Affine Template / Affine Template
ATVA2026_benchmark/TERM_LASSO//lasso_traces_GoannaDoubleFreeInt.c/lasso_trace_1.txt,TERMINATING,1.95,217.93,54.89,21.00,TERMINATING,1,4,5,Affine Template / Affine Template
ATVA2026_benchmark/TERM_LASSO//lasso_traces_GoannaDoubleFreeWithoutPointers.c/lasso_trace_1.txt,TERMINATING,1.81,193.34,77.99,26.00,TERMINATING,5,2,7,Affine Template / Affine Template
ATVA2026_benchmark/TERM_LASSO//lasso_traces_GopanReps-CAV2006-Fig1a.c/lasso_trace_1.txt,TERMINATING,3.12,1293.21,70.56,15.00,TERMINATING,5,1,6,2-Phase Template / Affine Template
ATVA2026_benchmark/TERM_LASSO//lasso_traces_GopanReps-CAV2006-Fig1a_no-overflow.c/lasso_trace_1.txt,TERMINATING,1.93,1327.59,64.83,18.00,TERMINATING,5,1,6,2-Phase Template / Affine Template
ATVA2026_benchmark/TERM_LASSO//lasso_traces_GopanReps-CAV2006-Fig1a_true-termination.c.c/lasso_trace_1.txt,TERMINATING,1.79,1160.26,65.26,15.00,TERMINATING,5,1,6,2-Phase Template / Affine Template
ATVA2026_benchmark/TERM_LASSO//lasso_traces_Gothenburg-1.c/lasso_trace_1.txt,TERMINATING,1.95,1932.30,138.29,58.00,UNKNOWN,10,1,11,2-Phase Template
ATVA2026_benchmark/TERM_LASSO//lasso_traces_Gothenburg-1_termination.c/lasso_trace_1.txt,TERMINATING,1.96,2058.34,129.93,55.00,UNKNOWN,10,1,11,2-Phase Template
ATVA2026_benchmark/TERM_LASSO//lasso_traces_Gothenburg-2.c/lasso_trace_1.txt,TERMINATING,1.96,2165.65,126.83,51.00,UNKNOWN,6,1,7,2-Phase Template
ATVA2026_benchmark/TERM_LASSO//lasso_traces_Gothenburg-2_no-overflow.c/lasso_trace_1.txt,TERMINATING,2.01,2291.10,135.70,54.00,UNKNOWN,6,1,7,2-Phase Template
ATVA2026_benchmark/TERM_LASSO//lasso_traces_Gothenburg_true-termination.c/lasso_trace_1.txt,TERMINATING,1.85,2099.13,134.33,51.00,UNKNOWN,6,1,7,2-Phase Template
ATVA2026_benchmark/TERM_LASSO//lasso_traces_graycode.t2.c/lasso_trace_1.txt,TERMINATING,1.69,97.96,94.48,12.00,TERMINATING,64,13,77,Affine Template / Affine Template
ATVA2026_benchmark/TERM_LASSO//lasso_traces_GulavaniGulwani-CAV2008-Fig1a.c/lasso_trace_1.txt,TERMINATING,2.05,124.91,65.97,25.00,TERMINATING,5,1,6,Affine Template / Affine Template
ATVA2026_benchmark/TERM_LASSO//lasso_traces_GulavaniGulwani-CAV2008-Fig1a_no-overflow.c/lasso_trace_1.txt,TERMINATING,2.13,129.56,72.35,28.00,TERMINATING,5,1,6,Affine Template / Affine Template
ATVA2026_benchmark/TERM_LASSO//lasso_traces_GulavaniGulwani-CAV2008-Fig1a_true-termination.c/lasso_trace_1.txt,TERMINATING,2.05,130.23,66.94,26.00,TERMINATING,5,1,6,Affine Template / Affine Template
ATVA2026_benchmark/TERM_LASSO//lasso_traces_GulavaniGulwani-CAV2008-Fig1b.c/lasso_trace_1.txt,TERMINATING,2.54,61.31,47.44,13.00,TERMINATING,5,1,6,Affine Template / Affine Template
ATVA2026_benchmark/TERM_LASSO//lasso_traces_GulavaniGulwani-CAV2008-Fig1b.c/lasso_trace_2.txt,TERMINATING,0.43,131.64,162.33,12.00,TERMINATING,6,1,7,Affine Template / Affine Template
ATVA2026_benchmark/TERM_LASSO//lasso_traces_GulavaniGulwani-CAV2008-Fig1b_no-overflow.c/lasso_trace_1.txt,TERMINATING,2.01,75.48,47.15,13.00,TERMINATING,5,1,6,Affine Template / Affine Template
ATVA2026_benchmark/TERM_LASSO//lasso_traces_GulavaniGulwani-CAV2008-Fig1b_no-overflow.c/lasso_trace_2.txt,TERMINATING,0.45,135.74,164.80,9.00,TERMINATING,6,1,7,Affine Template / Affine Template
ATVA2026_benchmark/TERM_LASSO//lasso_traces_GulavaniGulwani-CAV2008-Fig1b_true-termination.c/lasso_trace_1.txt,TERMINATING,1.97,65.61,47.04,13.00,TERMINATING,5,1,6,Affine Template / Affine Template
ATVA2026_benchmark/TERM_LASSO//lasso_traces_GulavaniGulwani-CAV2008-Fig1b_true-termination.c/lasso_trace_2.txt,TERMINATING,0.47,121.82,157.05,12.00,TERMINATING,6,1,7,Affine Template / Affine Template
ATVA2026_benchmark/TERM_LASSO//lasso_traces_GulavaniGulwani-CAV2008-Fig1c.c/lasso_trace_1.txt,TERMINATING,2.26,63.15,51.21,15.00,TERMINATING,5,1,6,Affine Template / Affine Template
ATVA2026_benchmark/TERM_LASSO//lasso_traces_GulavaniGulwani-CAV2008-Fig1c_no-overflow.c/lasso_trace_1.txt,TERMINATING,2.23,72.52,49.19,12.00,TERMINATING,5,1,6,Affine Template / Affine Template
ATVA2026_benchmark/TERM_LASSO//lasso_traces_GulavaniGulwani-CAV2008-Fig1c_true-termination.c/lasso_trace_1.txt,TERMINATING,2.66,76.25,50.29,12.00,TERMINATING,5,1,6,Affine Template / Affine Template
ATVA2026_benchmark/TERM_LASSO//lasso_traces_HarrisLalNoriRajamani-SAS2010-Fig3.c/lasso_trace_1.txt,TERMINATING,1.91,57.58,30.58,5.00,TERMINATING,5,5,10,Affine Template / Affine Template
ATVA2026_benchmark/TERM_LASSO//lasso_traces_HarrisLalNoriRajamani-SAS2010-Fig3_no-overflow.c/lasso_trace_1.txt,TERMINATING,2.30,69.53,35.63,5.00,TERMINATING,5,5,10,Affine Template / Affine Template
ATVA2026_benchmark/TERM_LASSO//lasso_traces_HarrisLalNoriRajamani-SAS2010-Fig3_true-termination.c/lasso_trace_1.txt,TERMINATING,1.80,67.76,36.17,5.00,TERMINATING,5,5,10,Affine Template / Affine Template
ATVA2026_benchmark/TERM_LASSO//lasso_traces_heidy10.t2.c/lasso_trace_1.txt,TERMINATING,1.64,50.54,43.66,6.00,TERMINATING,20,18,38,Affine Template / Affine Template
ATVA2026_benchmark/TERM_LASSO//lasso_traces_heidy10.t2.c/lasso_trace_2.txt,TERMINATING,0.40,86.51,76.60,8.00,TERMINATING,29,9,38,Affine Template / Affine Template
ATVA2026_benchmark/TERM_LASSO//lasso_traces_heidy10.t2.c/lasso_trace_3.txt,TERMINATING,0.31,94.70,89.07,8.00,TERMINATING,47,9,56,Affine Template / Affine Template
ATVA2026_benchmark/TERM_LASSO//lasso_traces_heidy3.t2.c/lasso_trace_1.txt,TERMINATING,1.86,111.46,123.82,7.00,TERMINATING,20,9,29,Affine Template / Affine Template
ATVA2026_benchmark/TERM_LASSO//lasso_traces_heidy5.t2.c/lasso_trace_1.txt,TERMINATING,1.95,52.42,36.56,7.00,TERMINATING,29,13,42,Affine Template / Affine Template
ATVA2026_benchmark/TERM_LASSO//lasso_traces_heidy6.t2.c/lasso_trace_1.txt,TERMINATING,1.71,110.09,119.82,7.00,TERMINATING,29,13,42,Affine Template / Affine Template
ATVA2026_benchmark/TERM_LASSO//lasso_traces_heidy7-simple.t2.c/lasso_trace_1.txt,TERMINATING,1.75,69.75,138.00,6.00,TERMINATING,24,17,41,Affine Template / Affine Template
ATVA2026_benchmark/TERM_LASSO//lasso_traces_heidy7.t2.c/lasso_trace_1.txt,TERMINATING,1.92,78.65,46.07,7.00,TERMINATING,24,18,42,Affine Template / Affine Template
ATVA2026_benchmark/TERM_LASSO//lasso_traces_heidy8.t2.c/lasso_trace_1.txt,TERMINATING,2.02,113.22,124.47,7.00,TERMINATING,32,18,50,Affine Template / Affine Template
ATVA2026_benchmark/TERM_LASSO//lasso_traces_heidy9.t2.c/lasso_trace_1.txt,TERMINATING,1.83,95.78,84.66,6.00,TERMINATING,20,13,33,Affine Template / Affine Template
ATVA2026_benchmark/TERM_LASSO//lasso_traces_HeizmannHoenickeLeikePodelski-ATVA2013-Fig1.c/lasso_trace_1.txt,TERMINATING,1.88,74.90,67.85,12.00,TERMINATING,5,1,6,Affine Template / Affine Template
ATVA2026_benchmark/TERM_LASSO//lasso_traces_HeizmannHoenickeLeikePodelski-ATVA2013-Fig1_no-overflow.c/lasso_trace_1.txt,TERMINATING,2.27,149.85,88.59,12.00,TERMINATING,5,1,6,Affine Template / Affine Template
ATVA2026_benchmark/TERM_LASSO//lasso_traces_HeizmannHoenickeLeikePodelski-ATVA2013-Fig1_true-termination.c/lasso_trace_1.txt,TERMINATING,1.83,76.66,63.80,12.00,TERMINATING,5,1,6,Affine Template / Affine Template
ATVA2026_benchmark/TERM_LASSO//lasso_traces_HeizmannHoenickeLeikePodelski-ATVA2013-Fig4.c/lasso_trace_1.txt,TERMINATING,1.93,72.51,36.19,9.00,TERMINATING,5,1,6,Affine Template / Affine Template
ATVA2026_benchmark/TERM_LASSO//lasso_traces_HeizmannHoenickeLeikePodelski-ATVA2013-Fig4_no-overflow.c/lasso_trace_1.txt,TERMINATING,2.31,83.72,46.77,9.00,TERMINATING,5,1,6,Affine Template / Affine Template
ATVA2026_benchmark/TERM_LASSO//lasso_traces_HeizmannHoenickeLeikePodelski-ATVA2013-Fig4_true-termination.c/lasso_trace_1.txt,TERMINATING,2.04,68.47,35.52,8.00,TERMINATING,5,1,6,Affine Template / Affine Template
ATVA2026_benchmark/TERM_LASSO//lasso_traces_HeizmannHoenickeLeikePodelski-ATVA2013-Fig6.c/lasso_trace_1.txt,TERMINATING,1.88,94.92,73.78,12.00,TERMINATING,5,1,6,Affine Template / Affine Template
ATVA2026_benchmark/TERM_LASSO//lasso_traces_HeizmannHoenickeLeikePodelski-ATVA2013-Fig6_no-overflow.c/lasso_trace_1.txt,TERMINATING,6.91,145.24,91.67,12.00,TERMINATING,5,1,6,Affine Template / Affine Template
ATVA2026_benchmark/TERM_LASSO//lasso_traces_HeizmannHoenickeLeikePodelski-ATVA2013-Fig6_true-termination.c/lasso_trace_1.txt,TERMINATING,1.95,84.33,69.07,12.00,TERMINATING,5,1,6,Affine Template / Affine Template
ATVA2026_benchmark/TERM_LASSO//lasso_traces_HeizmannHoenickeLeikePodelski-ATVA2013-Fig8.c/lasso_trace_1.txt,TERMINATING,2.02,67.09,60.92,10.00,TERMINATING,6,1,7,Affine Template / Affine Template
ATVA2026_benchmark/TERM_LASSO//lasso_traces_HeizmannHoenickeLeikePodelski-ATVA2013-Fig8_no-overflow.c/lasso_trace_1.txt,TERMINATING,2.22,77.53,62.45,10.00,TERMINATING,6,1,7,Affine Template / Affine Template
ATVA2026_benchmark/TERM_LASSO//lasso_traces_HeizmannHoenickeLeikePodelski-ATVA2013-Fig8_true-termination.c/lasso_trace_1.txt,TERMINATING,1.88,53.50,59.67,10.00,TERMINATING,6,1,7,Affine Template / Affine Template
ATVA2026_benchmark/TERM_LASSO//lasso_traces_HeizmannHoenickeLeikePodelski-ATVA2013-Fig9.c/lasso_trace_1.txt,TERMINATING,0.52,58.36,57.78,12.00,TERMINATING,7,1,8,Affine Template / Affine Template
ATVA2026_benchmark/TERM_LASSO//lasso_traces_HeizmannHoenickeLeikePodelski-ATVA2013-Fig9_no-overflow.c/lasso_trace_1.txt,TERMINATING,0.90,110.20,81.01,12.00,TERMINATING,7,1,8,Affine Template / Affine Template
ATVA2026_benchmark/TERM_LASSO//lasso_traces_HeizmannHoenickeLeikePodelski-ATVA2013-Fig9_true-termination.c/lasso_trace_1.txt,TERMINATING,0.69,54.45,61.51,12.00,TERMINATING,7,1,8,Affine Template / Affine Template
ATVA2026_benchmark/TERM_LASSO//lasso_traces_hoist_call.c/lasso_trace_1.txt,TERMINATING,2.01,176.17,64.07,21.00,TERMINATING,1,5,6,Affine Template / Affine Template
ATVA2026_benchmark/TERM_LASSO//lasso_traces_hongyi1.t2.c/lasso_trace_3.txt,TERMINATING,0.52,118.17,105.23,25.00,TERMINATING,113,21,134,Affine Template / Affine Template
ATVA2026_benchmark/TERM_LASSO//lasso_traces_hqr.c.i.hqr.pl.t2.fixed.t2.c/lasso_trace_1.txt,TERMINATING,1.60,361.11,258.91,29.00,TERMINATING,224,22,246,Affine Template / Affine Template
ATVA2026_benchmark/TERM_LASSO//lasso_traces_hqr.c.i.hqr.pl.t2.fixed.t2.c/lasso_trace_2.txt,TERMINATING,0.51,438.00,618.08,28.00,TERMINATING,233,57,290,Affine Template / Affine Template
ATVA2026_benchmark/TERM_LASSO//lasso_traces_hqr.c.i.hqr.pl.t2.nor.t2.rlgfixed.t2.c/lasso_trace_1.txt,TERMINATING,1.80,385.27,224.13,24.00,TERMINATING,228,22,250,Affine Template / Affine Template
ATVA2026_benchmark/TERM_LASSO//lasso_traces_hqr.c.i.hqr.pl.t2.nor.t2.rlgfixed.t2.c/lasso_trace_2.txt,TERMINATING,0.52,432.26,589.36,30.00,TERMINATING,237,57,294,Affine Template / Affine Template
ATVA2026_benchmark/TERM_LASSO//lasso_traces_hqr.t2.c/lasso_trace_1.txt,TERMINATING,1.88,382.94,262.59,24.00,TERMINATING,228,22,250,Affine Template / Affine Template
ATVA2026_benchmark/TERM_LASSO//lasso_traces_hqr.t2.c/lasso_trace_2.txt,TERMINATING,0.53,394.73,549.40,30.00,TERMINATING,237,57,294,Affine Template / Affine Template
ATVA2026_benchmark/TERM_LASSO//lasso_traces_huh.t2.c/lasso_trace_1.txt,TERMINATING,1.95,126.65,133.60,20.00,TERMINATING,117,18,135,Affine Template / Affine Template
ATVA2026_benchmark/TERM_LASSO//lasso_traces_id_i10_o10_false-unreach-call.c/lasso_trace_1.txt,TERMINATING,1.91,82.24,39.65,14.00,TERMINATING,6,3,9,Affine Template / Affine Template
ATVA2026_benchmark/TERM_LASSO//lasso_traces_iecs.t2.c/lasso_trace_1.txt,TERMINATING,2.04,80.35,96.55,10.00,TERMINATING,21,9,30,Affine Template / Affine Template
ATVA2026_benchmark/TERM_LASSO//lasso_traces_if_while.c/lasso_trace_1.txt,TERMINATING,2.30,52.65,52.93,9.00,TERMINATING,5,1,6,Affine Template / Affine Template
ATVA2026_benchmark/TERM_LASSO//lasso_traces_inline.c/lasso_trace_1.txt,TERMINATING,1.86,67.41,53.87,9.00,TERMINATING,1,5,6,Affine Template / Affine Template
ATVA2026_benchmark/TERM_LASSO//lasso_traces_insertsort.t2.c/lasso_trace_1.txt,TERMINATING,1.76,134.51,162.56,9.00,TERMINATING,24,25,49,Affine Template / Affine Template
ATVA2026_benchmark/TERM_LASSO//lasso_traces_invalid-Hoare-triple-in-FP-ArrayPQE.c/lasso_trace_1.txt,TERMINATING,2.09,183.36,-,30.00,TERMINATING,7,5,12,Affine Template / Affine Template
ATVA2026_benchmark/TERM_LASSO//lasso_traces_invgen.t2.c/lasso_trace_1.txt,TERMINATING,2.38,98.67,125.02,9.00,TERMINATING,21,10,31,Affine Template / Affine Template
ATVA2026_benchmark/TERM_LASSO//lasso_traces_jacobi.c.i.jacobi.pl.t2.fixed.t2.c/lasso_trace_1.txt,TERMINATING,1.90,271.99,175.09,21.00,TERMINATING,120,22,142,Affine Template / Affine Template
ATVA2026_benchmark/TERM_LASSO//lasso_traces_jacobi.c.i.jacobi.pl.t2.fixed.t2.c/lasso_trace_5.txt,TERMINATING,0.39,365.01,475.53,36.00,TERMINATING,144,13,157,Affine Template / Affine Template
ATVA2026_benchmark/TERM_LASSO//lasso_traces_jacobi.c.i.jacobi.pl.t2.fixed.t2.c/lasso_trace_6.txt,TERMINATING,0.41,136.69,188.22,39.00,TERMINATING,149,22,171,Affine Template / Affine Template
ATVA2026_benchmark/TERM_LASSO//lasso_traces_jacobi.c.i.jacobi.pl.t2.nor.t2.rlgfixed.t2.c/lasso_trace_1.txt,TERMINATING,1.91,271.46,185.12,18.00,TERMINATING,120,22,142,Affine Template / Affine Template
ATVA2026_benchmark/TERM_LASSO//lasso_traces_jacobi.c.i.jacobi.pl.t2.nor.t2.rlgfixed.t2.c/lasso_trace_5.txt,TERMINATING,0.42,360.03,452.91,37.00,TERMINATING,144,13,157,Affine Template / Affine Template
ATVA2026_benchmark/TERM_LASSO//lasso_traces_jacobi.c.i.jacobi.pl.t2.nor.t2.rlgfixed.t2.c/lasso_trace_6.txt,TERMINATING,0.53,146.84,196.19,41.00,TERMINATING,149,22,171,Affine Template / Affine Template
ATVA2026_benchmark/TERM_LASSO//lasso_traces_jacobi.t2.c/lasso_trace_1.txt,TERMINATING,2.14,276.51,189.07,15.00,TERMINATING,120,22,142,Affine Template / Affine Template
ATVA2026_benchmark/TERM_LASSO//lasso_traces_jacobi.t2.c/lasso_trace_5.txt,TERMINATING,0.34,361.54,464.62,38.00,TERMINATING,144,13,157,Affine Template / Affine Template
ATVA2026_benchmark/TERM_LASSO//lasso_traces_jacobi.t2.c/lasso_trace_6.txt,TERMINATING,0.53,163.04,182.95,38.00,TERMINATING,149,22,171,Affine Template / Affine Template
ATVA2026_benchmark/TERM_LASSO//lasso_traces_janne_complex.t2.c/lasso_trace_1.txt,TERMINATING,1.79,142.78,182.87,9.00,TERMINATING,36,22,58,Affine Template / Affine Template
ATVA2026_benchmark/TERM_LASSO//lasso_traces_janne_complex.t2.c/lasso_trace_3.txt,TERMINATING,0.33,197.37,43.51,34.00,TERMINATING,97,23,120,Affine Template / Affine Template
ATVA2026_benchmark/TERM_LASSO//lasso_traces_java_Ackermann.c/lasso_trace_1.txt,TERMINATING,1.64,38.73,58.93,7.00,TERMINATING,0,4,4,Affine Template / Affine Template
ATVA2026_benchmark/TERM_LASSO//lasso_traces_java_Ackermann.c/lasso_trace_3.txt,TERMINATING,0.42,57.17,66.05,14.00,TERMINATING,6,4,10,Affine Template / Affine Template
ATVA2026_benchmark/TERM_LASSO//lasso_traces_java_AG313.c/lasso_trace_1.txt,TERMINATING,2.15,64.01,43.11,11.00,TERMINATING,2,1,3,Affine Template / Affine Template
ATVA2026_benchmark/TERM_LASSO//lasso_traces_java_AG313_no-overflow.c/lasso_trace_1.txt,TERMINATING,3.11,67.27,43.93,14.00,TERMINATING,2,1,3,Affine Template / Affine Template
ATVA2026_benchmark/TERM_LASSO//lasso_traces_java_AG313_true-termination.c/lasso_trace_1.txt,TERMINATING,2.28,54.05,36.65,8.00,TERMINATING,8,1,9,Affine Template / Affine Template
ATVA2026_benchmark/TERM_LASSO//lasso_traces_java_AProVEMath.c/lasso_trace_1.txt,TERMINATING,2.31,113.27,45.62,22.00,TERMINATING,4,1,5,Affine Template / Affine Template
ATVA2026_benchmark/TERM_LASSO//lasso_traces_java_AProVEMathRecursive.c/lasso_trace_1.txt,TERMINATING,1.47,28.78,34.91,14.00,TERMINATING,0,6,6,Affine Template / Affine Template
ATVA2026_benchmark/TERM_LASSO//lasso_traces_java_Avg.c/lasso_trace_1.txt,TERMINATING,1.77,25.55,35.69,6.00,TERMINATING,0,3,3,Affine Template / Affine Template
ATVA2026_benchmark/TERM_LASSO//lasso_traces_java_Avg.c/lasso_trace_2.txt,TERMINATING,0.70,38.56,50.65,9.00,TERMINATING,2,4,6,Affine Template / Affine Template
ATVA2026_benchmark/TERM_LASSO//lasso_traces_java_Avg.c/lasso_trace_4.txt,TERMINATING,0.48,86.30,85.03,13.00,TERMINATING,6,7,13,Affine Template / Affine Template
ATVA2026_benchmark/TERM_LASSO//lasso_traces_java_Avg.c/lasso_trace_5.txt,TERMINATING,0.29,41.21,66.61,12.00,TERMINATING,12,7,19,Affine Template / Affine Template
ATVA2026_benchmark/TERM_LASSO//lasso_traces_java_Break.c/lasso_trace_1.txt,TERMINATING,1.92,47.03,40.59,5.00,TERMINATING,1,1,2,Affine Template / Affine Template
ATVA2026_benchmark/TERM_LASSO//lasso_traces_java_Break_no-overflow.c/lasso_trace_1.txt,TERMINATING,2.04,48.86,37.61,6.00,TERMINATING,1,1,2,Affine Template / Affine Template
ATVA2026_benchmark/TERM_LASSO//lasso_traces_java_Break_true-termination.c/lasso_trace_1.txt,TERMINATING,1.92,66.24,74.20,7.00,TERMINATING,5,1,6,Affine Template / Affine Template
ATVA2026_benchmark/TERM_LASSO//lasso_traces_java_Continue1.c/lasso_trace_1.txt,TERMINATING,1.96,54.66,51.64,5.00,TERMINATING,1,1,2,Affine Template / Affine Template
ATVA2026_benchmark/TERM_LASSO//lasso_traces_java_Continue1_no-overflow.c/lasso_trace_1.txt,TERMINATING,1.65,55.42,51.67,6.00,TERMINATING,1,1,2,Affine Template / Affine Template
ATVA2026_benchmark/TERM_LASSO//lasso_traces_java_Continue1_true-termination.c/lasso_trace_1.txt,TERMINATING,1.86,82.74,39.58,12.00,TERMINATING,5,1,6,Affine Template / Affine Template
ATVA2026_benchmark/TERM_LASSO//lasso_traces_java_Diff.c/lasso_trace_2.txt,TERMINATING,2.32,7424.92,-,303.00,TERMINATING,1,6,7,Affine Template / Affine Template
ATVA2026_benchmark/TERM_LASSO//lasso_traces_java_DivMinus1.c/lasso_trace_1.txt,TERMINATING,2.10,73.35,68.58,9.00,TERMINATING,1,1,2,Affine Template / Affine Template
ATVA2026_benchmark/TERM_LASSO//lasso_traces_java_DivWithoutMinus.c/lasso_trace_1.txt,TERMINATING,2.18,98.75,49.83,20.00,TERMINATING,1,1,2,Affine Template / Affine Template
ATVA2026_benchmark/TERM_LASSO//lasso_traces_java_Double1.c/lasso_trace_1.txt,TERMINATING,1.63,105.36,45.82,6.00,TERMINATING,5,3,8,Affine Template / Affine Template
ATVA2026_benchmark/TERM_LASSO//lasso_traces_java_Double1.c/lasso_trace_3.txt,TERMINATING,0.44,51.96,63.14,8.00,TERMINATING,11,12,23,Affine Template / Affine Template
ATVA2026_benchmark/TERM_LASSO//lasso_traces_java_Double2.c/lasso_trace_1.txt,TERMINATING,2.11,88.33,53.18,5.00,TERMINATING,5,3,8,Affine Template / Affine Template
ATVA2026_benchmark/TERM_LASSO//lasso_traces_java_Double3.c/lasso_trace_1.txt,TERMINATING,1.78,86.13,49.12,6.00,TERMINATING,5,4,9,Affine Template / Affine Template
ATVA2026_benchmark/TERM_LASSO//lasso_traces_java_Duplicate.c/lasso_trace_1.txt,TERMINATING,2.01,70.10,36.34,9.00,TERMINATING,1,1,2,Affine Template / Affine Template
ATVA2026_benchmark/TERM_LASSO//lasso_traces_java_EqUserDefRec.c/lasso_trace_1.txt,TERMINATING,1.67,55.07,74.40,6.00,TERMINATING,0,3,3,Affine Template / Affine Template
ATVA2026_benchmark/TERM_LASSO//lasso_traces_java_Factorial.c/lasso_trace_1.txt,TERMINATING,1.63,33.77,64.39,4.00,TERMINATING,0,3,3,Affine Template / Affine Template
ATVA2026_benchmark/TERM_LASSO//lasso_traces_java_FactSum.c/lasso_trace_2.txt,TERMINATING,0.45,31.89,137.53,9.00,TERMINATING,8,3,11,Affine Template / Affine Template
ATVA2026_benchmark/TERM_LASSO//lasso_traces_java_FibRecursive.c/lasso_trace_1.txt,TERMINATING,1.69,67.57,63.55,5.00,TERMINATING,0,4,4,Affine Template / Affine Template
ATVA2026_benchmark/TERM_LASSO//lasso_traces_java_Hanoi.c/lasso_trace_1.txt,TERMINATING,1.79,58.18,69.43,9.00,TERMINATING,0,4,4,Affine Template / Affine Template
ATVA2026_benchmark/TERM_LASSO//lasso_traces_java_LeUserDefRec.c/lasso_trace_1.txt,TERMINATING,1.64,58.14,78.07,8.00,TERMINATING,0,3,3,Affine Template / Affine Template
ATVA2026_benchmark/TERM_LASSO//lasso_traces_java_LogBuiltIn.c/lasso_trace_1.txt,TERMINATING,2.01,51.54,38.41,9.00,TERMINATING,1,1,2,Affine Template / Affine Template
ATVA2026_benchmark/TERM_LASSO//lasso_traces_java_LogBuiltIn_no-overflow.c/lasso_trace_1.txt,TERMINATING,1.94,55.45,37.07,10.00,TERMINATING,1,1,2,Affine Template / Affine Template
ATVA2026_benchmark/TERM_LASSO//lasso_traces_java_LogBuiltIn_true-termination.c/lasso_trace_1.txt,TERMINATING,4.07,46.67,35.37,10.00,TERMINATING,7,1,8,Affine Template / Affine Template
ATVA2026_benchmark/TERM_LASSO//lasso_traces_java_MinusBuiltIn.c/lasso_trace_1.txt,TERMINATING,2.00,59.73,122.49,7.00,TERMINATING,5,1,6,Affine Template / Affine Template
ATVA2026_benchmark/TERM_LASSO//lasso_traces_java_MinusMin.c/lasso_trace_1.txt,TERMINATING,1.96,126.52,141.10,7.00,TERMINATING,5,5,10,Affine Template / Affine Template
ATVA2026_benchmark/TERM_LASSO//lasso_traces_java_Nested.c/lasso_trace_10.txt,TERMINATING,1.99,39.30,38.20,6.00,TERMINATING,1,11,12,Affine Template / Affine Template
ATVA2026_benchmark/TERM_LASSO//lasso_traces_java_Nested.c/lasso_trace_11.txt,TERMINATING,0.31,35.43,32.08,6.00,TERMINATING,2,1,3,Affine Template / Affine Template
ATVA2026_benchmark/TERM_LASSO//lasso_traces_java_Nested.c/lasso_trace_12.txt,TERMINATING,0.37,39.35,40.14,7.00,TERMINATING,13,1,14,Affine Template / Affine Template
ATVA2026_benchmark/TERM_LASSO//lasso_traces_java_NestedLoop.c/lasso_trace_1.txt,TERMINATING,2.16,144.06,-,61.00,UNKNOWN,1,2,3,Affine Template
ATVA2026_benchmark/TERM_LASSO//lasso_traces_java_Nested_no-overflow.c/lasso_trace_10.txt,TERMINATING,1.75,36.89,34.39,6.00,TERMINATING,1,11,12,Affine Template / Affine Template
ATVA2026_benchmark/TERM_LASSO//lasso_traces_java_Nested_no-overflow.c/lasso_trace_11.txt,TERMINATING,0.39,31.66,28.60,6.00,TERMINATING,2,1,3,Affine Template / Affine Template
ATVA2026_benchmark/TERM_LASSO//lasso_traces_java_Nested_no-overflow.c/lasso_trace_12.txt,TERMINATING,0.40,43.42,42.69,6.00,TERMINATING,13,1,14,Affine Template / Affine Template
ATVA2026_benchmark/TERM_LASSO//lasso_traces_java_Nested_true-termination.c/lasso_trace_10.txt,TERMINATING,1.55,40.13,101.59,5.00,TERMINATING,5,11,16,Affine Template / Affine Template
ATVA2026_benchmark/TERM_LASSO//lasso_traces_java_Nested_true-termination.c/lasso_trace_11.txt,TERMINATING,0.45,32.20,29.68,8.00,TERMINATING,6,1,7,Affine Template / Affine Template
ATVA2026_benchmark/TERM_LASSO//lasso_traces_java_Nested_true-termination.c/lasso_trace_12.txt,TERMINATING,0.36,46.63,53.29,6.00,TERMINATING,17,1,18,Affine Template / Affine Template
ATVA2026_benchmark/TERM_LASSO//lasso_traces_java_PlusSwap.c/lasso_trace_1.txt,TERMINATING,3.91,47.69,35.29,9.00,TERMINATING,1,1,2,Affine Template / 2-Nested Template
ATVA2026_benchmark/TERM_LASSO//lasso_traces_java_Recursions.c/lasso_trace_1.txt,TERMINATING,2.30,83.54,107.04,11.00,TERMINATING,0,8,8,Affine Template / Affine Template
ATVA2026_benchmark/TERM_LASSO//lasso_traces_java_Sequence.c/lasso_trace_1.txt,TERMINATING,1.93,44.63,60.41,6.00,TERMINATING,1,1,2,Affine Template / Affine Template
ATVA2026_benchmark/TERM_LASSO//lasso_traces_java_Sequence_no-overflow.c/lasso_trace_1.txt,TERMINATING,1.75,46.26,64.28,6.00,TERMINATING,1,1,2,Affine Template / Affine Template
ATVA2026_benchmark/TERM_LASSO//lasso_traces_java_Sequence_true-termination.c/lasso_trace_1.txt,TERMINATING,1.84,71.85,61.97,5.00,TERMINATING,5,1,6,Affine Template / Affine Template
ATVA2026_benchmark/TERM_LASSO//lasso_traces_java_TimesPlusUserDef.c/lasso_trace_1.txt,TERMINATING,1.75,25.01,35.41,6.00,TERMINATING,0,4,4,Affine Template / Affine Template
ATVA2026_benchmark/TERM_LASSO//lasso_traces_java_TimesPlusUserDef.c/lasso_trace_2.txt,TERMINATING,0.59,32.91,54.88,7.00,TERMINATING,3,3,6,Affine Template / Affine Template
ATVA2026_benchmark/TERM_LASSO//lasso_traces_java_TimesPlusUserDef.c/lasso_trace_3.txt,TERMINATING,0.60,45.12,55.39,11.00,TERMINATING,4,4,8,Affine Template / Affine Template
ATVA2026_benchmark/TERM_LASSO//lasso_traces_java_TimesPlusUserDef.c/lasso_trace_4.txt,TERMINATING,0.28,95.18,111.73,12.00,TERMINATING,30,3,33,Affine Template / Affine Template
ATVA2026_benchmark/TERM_LASSO//lasso_traces_jfdctint.t2.c/lasso_trace_1.txt,TERMINATING,1.92,287.40,334.98,13.00,TERMINATING,92,17,109,Affine Template / Affine Template
ATVA2026_benchmark/TERM_LASSO//lasso_traces_joey.c/lasso_trace_1.txt,TERMINATING,3.13,154.40,62.16,7.00,TERMINATING,6,4,10,Affine Template / Affine Template
ATVA2026_benchmark/TERM_LASSO//lasso_traces_joey_false-termination.c/lasso_trace_2.txt,TERMINATING,0.46,37.72,85.96,10.00,TERMINATING,6,4,10,Affine Template / Affine Template
ATVA2026_benchmark/TERM_LASSO//lasso_traces_joey_no-overflow.c/lasso_trace_1.txt,TERMINATING,1.89,156.25,69.90,8.00,TERMINATING,6,4,10,Affine Template / Affine Template
ATVA2026_benchmark/TERM_LASSO//lasso_traces_knapsack.c/lasso_trace_1.txt,TERMINATING,2.35,173.02,78.30,18.00,TERMINATING,1,2,3,Affine Template / Affine Template
ATVA2026_benchmark/TERM_LASSO//lasso_traces_knapsack.c/lasso_trace_2.txt,TERMINATING,0.70,108.70,-,16.00,TERMINATING,2,4,6,Affine Template / Affine Template
ATVA2026_benchmark/TERM_LASSO//lasso_traces_KroeningSharyginaTsitovichWintersteiger-CAV2010-Ex.c/lasso_trace_1.txt,TERMINATING,1.88,105.09,87.46,14.00,TERMINATING,5,1,6,Affine Template / Affine Template
ATVA2026_benchmark/TERM_LASSO//lasso_traces_KroeningSharyginaTsitovichWintersteiger-CAV2010-Ex_no-overflow.c/lasso_trace_1.txt,TERMINATING,2.01,110.18,89.74,16.00,TERMINATING,5,1,6,Affine Template / Affine Template
ATVA2026_benchmark/TERM_LASSO//lasso_traces_KroeningSharyginaTsitovichWintersteiger-CAV2010-Ex_true-termination.c/lasso_trace_1.txt,TERMINATING,2.07,104.96,84.93,15.00,TERMINATING,5,1,6,Affine Template / Affine Template
ATVA2026_benchmark/TERM_LASSO//lasso_traces_LarrazOliverasRodriguez-CarbonellRubio-FMCAD2013-Fig1.c/lasso_trace_1.txt,TERMINATING,2.20,335.79,64.15,18.00,TERMINATING,6,2,8,2-Nested Template / 2-Nested Template
ATVA2026_benchmark/TERM_LASSO//lasso_traces_LarrazOliverasRodriguez-CarbonellRubio-FMCAD2013-Fig1.c/lasso_trace_2.txt,TERMINATING,0.38,97.47,102.33,11.00,TERMINATING,8,1,9,Affine Template / Affine Template
ATVA2026_benchmark/TERM_LASSO//lasso_traces_LarrazOliverasRodriguez-CarbonellRubio-FMCAD2013-Fig1.c/lasso_trace_3.txt,TERMINATING,0.40,195.33,28.17,18.00,TERMINATING,9,2,11,2-Nested Template / 2-Nested Template
ATVA2026_benchmark/TERM_LASSO//lasso_traces_LarrazOliverasRodriguez-CarbonellRubio-FMCAD2013-Fig1.c/lasso_trace_4.txt,TERMINATING,0.28,78.30,74.91,12.00,TERMINATING,11,1,12,Affine Template / Affine Template
ATVA2026_benchmark/TERM_LASSO//lasso_traces_LarrazOliverasRodriguez-CarbonellRubio-FMCAD2013-Fig1.c/lasso_trace_5.txt,TERMINATING,0.36,97.24,109.71,15.00,TERMINATING,10,3,13,Affine Template / Affine Template
ATVA2026_benchmark/TERM_LASSO//lasso_traces_LarrazOliverasRodriguez-CarbonellRubio-FMCAD2013-Fig1_no-overflow.c/lasso_trace_1.txt,TERMINATING,2.11,329.54,65.85,19.00,TERMINATING,6,2,8,2-Nested Template / 2-Nested Template
ATVA2026_benchmark/TERM_LASSO//lasso_traces_LarrazOliverasRodriguez-CarbonellRubio-FMCAD2013-Fig1_no-overflow.c/lasso_trace_2.txt,TERMINATING,0.82,93.88,99.46,11.00,TERMINATING,8,1,9,Affine Template / Affine Template
ATVA2026_benchmark/TERM_LASSO//lasso_traces_LarrazOliverasRodriguez-CarbonellRubio-FMCAD2013-Fig1_no-overflow.c/lasso_trace_3.txt,TERMINATING,0.39,190.75,28.47,19.00,TERMINATING,9,2,11,2-Nested Template / 2-Nested Template
ATVA2026_benchmark/TERM_LASSO//lasso_traces_LarrazOliverasRodriguez-CarbonellRubio-FMCAD2013-Fig1_no-overflow.c/lasso_trace_4.txt,TERMINATING,0.34,76.35,77.93,12.00,TERMINATING,11,1,12,Affine Template / Affine Template
ATVA2026_benchmark/TERM_LASSO//lasso_traces_LarrazOliverasRodriguez-CarbonellRubio-FMCAD2013-Fig1_no-overflow.c/lasso_trace_5.txt,TERMINATING,0.46,100.89,110.53,14.00,TERMINATING,10,3,13,Affine Template / Affine Template
ATVA2026_benchmark/TERM_LASSO//lasso_traces_LarrazOliverasRodriguez-CarbonellRubio-FMCAD2013-Fig1_true-termination.c/lasso_trace_1.txt,TERMINATING,1.99,313.50,63.87,19.00,TERMINATING,6,2,8,2-Nested Template / 2-Nested Template
ATVA2026_benchmark/TERM_LASSO//lasso_traces_LarrazOliverasRodriguez-CarbonellRubio-FMCAD2013-Fig1_true-termination.c/lasso_trace_2.txt,TERMINATING,0.38,85.39,106.91,11.00,TERMINATING,8,1,9,Affine Template / Affine Template
ATVA2026_benchmark/TERM_LASSO//lasso_traces_LarrazOliverasRodriguez-CarbonellRubio-FMCAD2013-Fig1_true-termination.c/lasso_trace_3.txt,TERMINATING,0.39,217.21,26.96,18.00,TERMINATING,9,2,11,2-Nested Template / 2-Nested Template
ATVA2026_benchmark/TERM_LASSO//lasso_traces_LarrazOliverasRodriguez-CarbonellRubio-FMCAD2013-Fig1_true-termination.c/lasso_trace_5.txt,TERMINATING,0.37,43.40,58.07,14.00,TERMINATING,10,3,13,Affine Template / Affine Template
ATVA2026_benchmark/TERM_LASSO//lasso_traces_LarrazOliverasRodriguez-CarbonellRubio-FMCAD2013-Fig1_true-termination.c/lasso_trace_6.txt,TERMINATING,0.23,31.63,92.26,15.00,TERMINATING,11,1,12,Affine Template / Affine Template
ATVA2026_benchmark/TERM_LASSO//lasso_traces_LeeJonesBen-Amram-POPL2001-Ex1.c/lasso_trace_1.txt,TERMINATING,1.89,76.59,35.32,14.00,TERMINATING,9,3,12,Affine Template / Affine Template
ATVA2026_benchmark/TERM_LASSO//lasso_traces_LeeJonesBen-Amram-POPL2001-Ex1_no-overflow.c/lasso_trace_1.txt,TERMINATING,3.78,157.98,51.51,15.00,TERMINATING,9,3,12,Affine Template / Affine Template
ATVA2026_benchmark/TERM_LASSO//lasso_traces_LeeJonesBen-Amram-POPL2001-Ex1_true-termination.c/lasso_trace_1.txt,TERMINATING,1.85,82.74,37.92,15.00,TERMINATING,9,3,12,Affine Template / Affine Template
ATVA2026_benchmark/TERM_LASSO//lasso_traces_LeeJonesBen-Amram-POPL2001-Ex2.c/lasso_trace_1.txt,TERMINATING,1.87,163.32,127.25,14.00,TERMINATING,7,5,12,Affine Template / Affine Template
ATVA2026_benchmark/TERM_LASSO//lasso_traces_LeeJonesBen-Amram-POPL2001-Ex2_no-overflow.c/lasso_trace_1.txt,TERMINATING,4.04,263.92,191.89,14.00,TERMINATING,7,5,12,Affine Template / Affine Template
ATVA2026_benchmark/TERM_LASSO//lasso_traces_LeeJonesBen-Amram-POPL2001-Ex2_true-termination.c/lasso_trace_1.txt,TERMINATING,2.29,162.47,132.62,14.00,TERMINATING,7,5,12,Affine Template / Affine Template
ATVA2026_benchmark/TERM_LASSO//lasso_traces_LeeJonesBen-Amram-POPL2001-Ex3.c/lasso_trace_1.txt,TERMINATING,1.77,121.44,76.14,8.00,TERMINATING,7,4,11,Affine Template / Affine Template
ATVA2026_benchmark/TERM_LASSO//lasso_traces_LeeJonesBen-Amram-POPL2001-Ex3.c/lasso_trace_3.txt,TERMINATING,0.34,89.64,90.50,14.00,TERMINATING,13,4,17,Affine Template / Affine Template
ATVA2026_benchmark/TERM_LASSO//lasso_traces_LeeJonesBen-Amram-POPL2001-Ex3_no-overflow.c/lasso_trace_1.txt,TERMINATING,1.97,176.04,83.19,10.00,TERMINATING,7,4,11,Affine Template / Affine Template
ATVA2026_benchmark/TERM_LASSO//lasso_traces_LeeJonesBen-Amram-POPL2001-Ex3_no-overflow.c/lasso_trace_3.txt,TERMINATING,0.91,124.45,108.77,14.00,TERMINATING,13,4,17,Affine Template / Affine Template
ATVA2026_benchmark/TERM_LASSO//lasso_traces_LeeJonesBen-Amram-POPL2001-Ex3_true-termination.c/lasso_trace_1.txt,TERMINATING,1.86,116.94,73.44,8.00,TERMINATING,7,4,11,Affine Template / Affine Template
ATVA2026_benchmark/TERM_LASSO//lasso_traces_LeeJonesBen-Amram-POPL2001-Ex3_true-termination.c/lasso_trace_3.txt,TERMINATING,0.46,91.45,90.05,14.00,TERMINATING,13,4,17,Affine Template / Affine Template
ATVA2026_benchmark/TERM_LASSO//lasso_traces_LeeJonesBen-Amram-POPL2001-Ex4.c/lasso_trace_1.txt,TERMINATING,1.74,157.04,147.76,11.00,TERMINATING,7,3,10,Affine Template / Affine Template
ATVA2026_benchmark/TERM_LASSO//lasso_traces_LeeJonesBen-Amram-POPL2001-Ex4.c/lasso_trace_2.txt,TERMINATING,0.51,116.13,139.56,12.00,TERMINATING,9,4,13,Affine Template / Affine Template
ATVA2026_benchmark/TERM_LASSO//lasso_traces_LeeJonesBen-Amram-POPL2001-Ex4.c/lasso_trace_3.txt,TERMINATING,0.40,128.83,126.76,17.00,TERMINATING,13,3,16,Affine Template / Affine Template
ATVA2026_benchmark/TERM_LASSO//lasso_traces_LeeJonesBen-Amram-POPL2001-Ex4.c/lasso_trace_4.txt,TERMINATING,0.36,30.92,140.58,11.00,TERMINATING,16,4,20,Affine Template / Affine Template
ATVA2026_benchmark/TERM_LASSO//lasso_traces_LeeJonesBen-Amram-POPL2001-Ex4.c/lasso_trace_6.txt,TERMINATING,0.39,135.91,159.60,11.00,TERMINATING,14,3,17,Affine Template / Affine Template
ATVA2026_benchmark/TERM_LASSO//lasso_traces_LeeJonesBen-Amram-POPL2001-Ex4_no-overflow.c/lasso_trace_1.txt,TERMINATING,12.03,816.80,618.17,10.00,TERMINATING,7,3,10,Affine Template / Affine Template
ATVA2026_benchmark/TERM_LASSO//lasso_traces_LeeJonesBen-Amram-POPL2001-Ex4_no-overflow.c/lasso_trace_2.txt,TERMINATING,2.11,689.21,608.05,12.00,TERMINATING,9,4,13,Affine Template / Affine Template
ATVA2026_benchmark/TERM_LASSO//lasso_traces_LeeJonesBen-Amram-POPL2001-Ex4_no-overflow.c/lasso_trace_3.txt,TERMINATING,3.01,562.11,668.65,20.00,TERMINATING,13,3,16,Affine Template / Affine Template
ATVA2026_benchmark/TERM_LASSO//lasso_traces_LeeJonesBen-Amram-POPL2001-Ex4_no-overflow.c/lasso_trace_4.txt,TERMINATING,2.44,120.22,561.20,12.00,TERMINATING,16,4,20,Affine Template / Affine Template
ATVA2026_benchmark/TERM_LASSO//lasso_traces_LeeJonesBen-Amram-POPL2001-Ex4_no-overflow.c/lasso_trace_6.txt,TERMINATING,1.86,631.37,1011.72,11.00,TERMINATING,14,3,17,Affine Template / Affine Template
ATVA2026_benchmark/TERM_LASSO//lasso_traces_LeeJonesBen-Amram-POPL2001-Ex4_true-termination.c/lasso_trace_1.txt,TERMINATING,1.67,173.42,150.69,10.00,TERMINATING,7,3,10,Affine Template / Affine Template
ATVA2026_benchmark/TERM_LASSO//lasso_traces_LeeJonesBen-Amram-POPL2001-Ex4_true-termination.c/lasso_trace_2.txt,TERMINATING,0.52,118.44,134.07,12.00,TERMINATING,9,4,13,Affine Template / Affine Template
ATVA2026_benchmark/TERM_LASSO//lasso_traces_LeeJonesBen-Amram-POPL2001-Ex4_true-termination.c/lasso_trace_3.txt,TERMINATING,0.39,125.16,122.61,18.00,TERMINATING,13,3,16,Affine Template / Affine Template
ATVA2026_benchmark/TERM_LASSO//lasso_traces_LeeJonesBen-Amram-POPL2001-Ex4_true-termination.c/lasso_trace_4.txt,TERMINATING,0.34,105.92,41.60,18.00,TERMINATING,16,3,19,Affine Template / Affine Template
ATVA2026_benchmark/TERM_LASSO//lasso_traces_LeeJonesBen-Amram-POPL2001-Ex4_true-termination.c/lasso_trace_6.txt,TERMINATING,0.67,34.95,50.19,9.00,TERMINATING,14,4,18,Affine Template / Affine Template
ATVA2026_benchmark/TERM_LASSO//lasso_traces_LeeJonesBen-Amram-POPL2001-Ex4_true-termination.c/lasso_trace_7.txt,TERMINATING,0.37,138.25,150.68,9.00,TERMINATING,17,4,21,Affine Template / Affine Template
ATVA2026_benchmark/TERM_LASSO//lasso_traces_LeeJonesBen-Amram-POPL2001-Ex5.c/lasso_trace_1.txt,TERMINATING,2.70,77.51,163.05,16.00,TERMINATING,7,4,11,Affine Template / Affine Template
ATVA2026_benchmark/TERM_LASSO//lasso_traces_LeeJonesBen-Amram-POPL2001-Ex5_no-overflow.c/lasso_trace_1.txt,TERMINATING,3.64,119.14,237.55,18.00,TERMINATING,7,4,11,Affine Template / 2-Nested Template
ATVA2026_benchmark/TERM_LASSO//lasso_traces_LeeJonesBen-Amram-POPL2001-Ex6.c/lasso_trace_1.txt,TERMINATING,2.52,154.59,37.39,12.00,TERMINATING,7,3,10,Affine Template / Affine Template
ATVA2026_benchmark/TERM_LASSO//lasso_traces_LeeJonesBen-Amram-POPL2001-Ex6.c/lasso_trace_2.txt,TERMINATING,0.41,126.29,116.21,18.00,TERMINATING,10,3,13,Affine Template / Affine Template
ATVA2026_benchmark/TERM_LASSO//lasso_traces_LeeJonesBen-Amram-POPL2001-Ex6_no-overflow.c/lasso_trace_1.txt,TERMINATING,3.68,157.93,38.55,12.00,TERMINATING,7,3,10,Affine Template / Affine Template
ATVA2026_benchmark/TERM_LASSO//lasso_traces_LeeJonesBen-Amram-POPL2001-Ex6_no-overflow.c/lasso_trace_2.txt,TERMINATING,0.72,130.71,122.16,19.00,TERMINATING,10,3,13,Affine Template / Affine Template
ATVA2026_benchmark/TERM_LASSO//lasso_traces_LeeJonesBen-Amram-POPL2001-Ex6_true-termination.c/lasso_trace_1.txt,TERMINATING,2.13,155.08,32.77,12.00,TERMINATING,7,3,10,Affine Template / Affine Template
ATVA2026_benchmark/TERM_LASSO//lasso_traces_LeeJonesBen-Amram-POPL2001-Ex6_true-termination.c/lasso_trace_2.txt,TERMINATING,0.43,128.05,119.80,19.00,TERMINATING,10,3,13,Affine Template / Affine Template
ATVA2026_benchmark/TERM_LASSO//lasso_traces_LeikeHeizmann-TACAS2014-Ex1.c/lasso_trace_1.txt,TERMINATING,1.81,134.48,108.11,19.00,TERMINATING,5,1,6,Affine Template / Affine Template
ATVA2026_benchmark/TERM_LASSO//lasso_traces_LeikeHeizmann-TACAS2014-Ex1_no-overflow.c/lasso_trace_1.txt,TERMINATING,2.24,132.57,105.96,19.00,TERMINATING,5,1,6,Affine Template / Affine Template
ATVA2026_benchmark/TERM_LASSO//lasso_traces_LeikeHeizmann-TACAS2014-Ex1_true-termination.c/lasso_trace_1.txt,TERMINATING,2.14,123.43,110.65,20.00,TERMINATING,5,1,6,Affine Template / Affine Template
ATVA2026_benchmark/TERM_LASSO//lasso_traces_LeikeHeizmann-TACAS2014-Ex7.c/lasso_trace_1.txt,TERMINATING,2.01,110.52,100.81,12.00,TERMINATING,5,1,6,Affine Template / Affine Template
ATVA2026_benchmark/TERM_LASSO//lasso_traces_LeikeHeizmann-TACAS2014-Ex7_no-overflow.c/lasso_trace_1.txt,TERMINATING,2.44,112.47,113.32,12.00,TERMINATING,5,1,6,Affine Template / Affine Template
ATVA2026_benchmark/TERM_LASSO//lasso_traces_LeikeHeizmann-TACAS2014-Ex7_true-termination.c/lasso_trace_1.txt,TERMINATING,2.20,102.02,106.81,12.00,TERMINATING,5,1,6,Affine Template / Affine Template
ATVA2026_benchmark/TERM_LASSO//lasso_traces_LeikeHeizmann-TACAS2014-Ex8.c/lasso_trace_1.txt,TERMINATING,1.97,144.07,101.56,18.00,TERMINATING,5,1,6,Affine Template / Affine Template
ATVA2026_benchmark/TERM_LASSO//lasso_traces_LeikeHeizmann-TACAS2014-Ex8_no-overflow.c/lasso_trace_1.txt,TERMINATING,2.23,140.29,102.30,16.00,TERMINATING,5,1,6,Affine Template / Affine Template
ATVA2026_benchmark/TERM_LASSO//lasso_traces_LeikeHeizmann-TACAS2014-Ex8_true-termination.c/lasso_trace_1.txt,TERMINATING,2.14,129.27,97.45,18.00,TERMINATING,5,1,6,Affine Template / Affine Template
ATVA2026_benchmark/TERM_LASSO//lasso_traces_LeikeHeizmann-TACAS2014-Ex9.c/lasso_trace_1.txt,TERMINATING,2.16,128.55,106.20,15.00,TERMINATING,5,1,6,Affine Template / Affine Template
ATVA2026_benchmark/TERM_LASSO//lasso_traces_LeikeHeizmann-TACAS2014-Ex9_no-overflow.c/lasso_trace_1.txt,TERMINATING,2.12,145.15,100.71,15.00,TERMINATING,5,1,6,Affine Template / Affine Template
ATVA2026_benchmark/TERM_LASSO//lasso_traces_LeikeHeizmann-TACAS2014-Ex9_true-termination.c/lasso_trace_1.txt,TERMINATING,1.91,134.46,114.05,17.00,TERMINATING,5,1,6,Affine Template / Affine Template
ATVA2026_benchmark/TERM_LASSO//lasso_traces_LeikeHeizmann-TACAS2014-Fig1.c/lasso_trace_1.txt,TERMINATING,2.01,231.60,51.41,16.00,TERMINATING,5,1,6,2-Nested Template / 2-Nested Template
ATVA2026_benchmark/TERM_LASSO//lasso_traces_LeikeHeizmann-TACAS2014-Fig1_no-overflow.c/lasso_trace_1.txt,TERMINATING,2.04,236.68,53.46,15.00,TERMINATING,5,1,6,2-Nested Template / 2-Nested Template
ATVA2026_benchmark/TERM_LASSO//lasso_traces_LeikeHeizmann-TACAS2014-Fig1_true-termination.c/lasso_trace_1.txt,TERMINATING,3.90,246.53,50.43,17.00,TERMINATING,5,1,6,2-Nested Template / 2-Nested Template
ATVA2026_benchmark/TERM_LASSO//lasso_traces_LeikeHeizmann-WST2014-Ex9.c/lasso_trace_1.txt,TERMINATING,2.11,45.25,50.21,6.00,TERMINATING,5,1,6,Affine Template / Affine Template
ATVA2026_benchmark/TERM_LASSO//lasso_traces_LeikeHeizmann-WST2014-Ex9_no-overflow.c/lasso_trace_1.txt,TERMINATING,2.56,56.92,58.32,8.00,TERMINATING,5,1,6,Affine Template / Affine Template
ATVA2026_benchmark/TERM_LASSO//lasso_traces_LeikeHeizmann-WST2014-Ex9_true-termination.c/lasso_trace_1.txt,TERMINATING,2.27,53.16,51.22,8.00,TERMINATING,5,1,6,Affine Template / Affine Template
ATVA2026_benchmark/TERM_LASSO//lasso_traces_LeUserDefRec.c/lasso_trace_1.txt,TERMINATING,1.88,55.82,34.06,8.00,TERMINATING,8,3,11,Affine Template / Affine Template
ATVA2026_benchmark/TERM_LASSO//lasso_traces_LeUserDefRec_no-overflow.c/lasso_trace_1.txt,TERMINATING,2.06,67.29,36.87,8.00,TERMINATING,8,3,11,Affine Template / Affine Template
ATVA2026_benchmark/TERM_LASSO//lasso_traces_LeUserDefRec_true.c/lasso_trace_1.txt,TERMINATING,1.85,58.99,35.37,7.00,TERMINATING,8,3,11,Affine Template / Affine Template
ATVA2026_benchmark/TERM_LASSO//lasso_traces_LeUserDefRec_true-termination.c/lasso_trace_1.txt,TERMINATING,1.90,61.57,32.77,11.00,TERMINATING,8,3,11,Affine Template / Affine Template
ATVA2026_benchmark/TERM_LASSO//lasso_traces_ll_append-alloca-1.c/lasso_trace_1.txt,TERMINATING,3.03,271.59,-,72.00,TERMINATING,7,4,11,Affine Template / Affine Template
ATVA2026_benchmark/TERM_LASSO//lasso_traces_ll_append-alloca-1.c/lasso_trace_2.txt,TERMINATING,0.56,141.82,-,72.00,TERMINATING,13,4,17,Affine Template / Affine Template
ATVA2026_benchmark/TERM_LASSO//lasso_traces_ll_append-alloca-1_termination.c/lasso_trace_1.txt,TERMINATING,2.82,279.65,-,79.00,TERMINATING,7,4,11,Affine Template / Affine Template
ATVA2026_benchmark/TERM_LASSO//lasso_traces_ll_append-alloca-1_termination.c/lasso_trace_2.txt,TERMINATING,0.68,147.26,-,70.00,TERMINATING,13,4,17,Affine Template / Affine Template
ATVA2026_benchmark/TERM_LASSO//lasso_traces_ll_append-alloca-2.c/lasso_trace_1.txt,TERMINATING,2.16,211.44,-,67.00,TERMINATING,7,4,11,Affine Template / Affine Template
ATVA2026_benchmark/TERM_LASSO//lasso_traces_ll_append-alloca-2_termination.c/lasso_trace_1.txt,TERMINATING,2.24,208.87,-,72.00,TERMINATING,7,4,11,Affine Template / Affine Template
ATVA2026_benchmark/TERM_LASSO//lasso_traces_ll_append-alloca-WithAbsOfMinIntBug_false-no-overflow.c/lasso_trace_1.txt,TERMINATING,2.13,212.57,-,61.00,TERMINATING,6,4,10,Affine Template / Affine Template
ATVA2026_benchmark/TERM_LASSO//lasso_traces_ll_append_rec-alloca-1.c/lasso_trace_1.txt,TERMINATING,2.06,301.81,-,65.00,TERMINATING,7,4,11,Affine Template / Affine Template
ATVA2026_benchmark/TERM_LASSO//lasso_traces_ll_append_rec-alloca-1.c/lasso_trace_2.txt,TERMINATING,0.47,291.85,-,54.00,TERMINATING,13,4,17,Affine Template / Affine Template
ATVA2026_benchmark/TERM_LASSO//lasso_traces_ll_append_rec-alloca-1_termination.c/lasso_trace_1.txt,TERMINATING,2.65,291.71,-,66.00,TERMINATING,7,4,11,Affine Template / Affine Template
ATVA2026_benchmark/TERM_LASSO//lasso_traces_ll_append_rec-alloca-1_termination.c/lasso_trace_2.txt,TERMINATING,0.59,286.62,-,67.00,TERMINATING,13,4,17,Affine Template / Affine Template
ATVA2026_benchmark/TERM_LASSO//lasso_traces_ll_append_rec-alloca-2.c/lasso_trace_1.txt,TERMINATING,2.24,254.87,-,68.00,TERMINATING,7,4,11,Affine Template / Affine Template
ATVA2026_benchmark/TERM_LASSO//lasso_traces_ll_append_rec-alloca-2_termination.c/lasso_trace_1.txt,TERMINATING,2.26,255.35,-,59.00,TERMINATING,7,4,11,Affine Template / Affine Template
ATVA2026_benchmark/TERM_LASSO//lasso_traces_ll_create_rec-alloca-2.c/lasso_trace_1.txt,TERMINATING,2.21,220.18,-,65.00,TERMINATING,7,4,11,Affine Template / Affine Template
ATVA2026_benchmark/TERM_LASSO//lasso_traces_ll_create_rec-alloca-2_termination.c/lasso_trace_1.txt,TERMINATING,2.22,220.16,-,60.00,TERMINATING,7,4,11,Affine Template / Affine Template
ATVA2026_benchmark/TERM_LASSO//lasso_traces_Lobnya-Boolean-Reordered-1.c/lasso_trace_1.txt,TERMINATING,0.45,2314.39,88.52,36.00,TERMINATING,6,1,7,2-Phase Template / Affine Template
ATVA2026_benchmark/TERM_LASSO//lasso_traces_Lobnya-Boolean-Reordered-1_no-overflow.c/lasso_trace_1.txt,TERMINATING,0.45,2361.23,98.28,35.00,TERMINATING,6,1,7,2-Phase Template / Affine Template
ATVA2026_benchmark/TERM_LASSO//lasso_traces_Lobnya-Boolean-Reordered-2.c/lasso_trace_1.txt,TERMINATING,0.46,2332.18,28.41,36.00,TERMINATING,7,1,8,2-Phase Template / Affine Template
ATVA2026_benchmark/TERM_LASSO//lasso_traces_Lobnya-Boolean-Reordered-2_no-overflow.c/lasso_trace_1.txt,TERMINATING,0.48,2505.53,35.31,35.00,TERMINATING,7,1,8,2-Phase Template / Affine Template
ATVA2026_benchmark/TERM_LASSO//lasso_traces_Lobnya-Boolean-Reordered_true-termination.c/lasso_trace_1.txt,TERMINATING,0.71,2348.77,89.52,36.00,TERMINATING,6,1,7,2-Phase Template / Affine Template
ATVA2026_benchmark/TERM_LASSO//lasso_traces_LogAG.c/lasso_trace_1.txt,TERMINATING,1.99,110.06,148.58,13.00,TERMINATING,5,2,7,Affine Template / Affine Template
ATVA2026_benchmark/TERM_LASSO//lasso_traces_LogAG.c/lasso_trace_2.txt,TERMINATING,0.46,59.28,49.79,8.00,TERMINATING,6,1,7,Affine Template / Affine Template
ATVA2026_benchmark/TERM_LASSO//lasso_traces_LogAG_no-overflow.c/lasso_trace_1.txt,TERMINATING,1.88,116.85,150.43,10.00,TERMINATING,5,2,7,Affine Template / Affine Template
ATVA2026_benchmark/TERM_LASSO//lasso_traces_LogAG_no-overflow.c/lasso_trace_2.txt,TERMINATING,0.53,63.70,53.43,10.00,TERMINATING,6,1,7,Affine Template / Affine Template
ATVA2026_benchmark/TERM_LASSO//lasso_traces_Log.c/lasso_trace_2.txt,TERMINATING,1.76,65.22,49.72,8.00,TERMINATING,5,3,8,Affine Template / Affine Template
ATVA2026_benchmark/TERM_LASSO//lasso_traces_Log.c/lasso_trace_3.txt,TERMINATING,0.44,50.31,40.63,8.00,TERMINATING,6,1,7,Affine Template / Affine Template
ATVA2026_benchmark/TERM_LASSO//lasso_traces_Log_no-overflow.c/lasso_trace_2.txt,TERMINATING,1.80,66.29,48.64,9.00,TERMINATING,5,3,8,Affine Template / Affine Template
ATVA2026_benchmark/TERM_LASSO//lasso_traces_Log_no-overflow.c/lasso_trace_3.txt,TERMINATING,0.37,45.80,43.99,8.00,TERMINATING,6,1,7,Affine Template / Affine Template
ATVA2026_benchmark/TERM_LASSO//lasso_traces_long_while.c/lasso_trace_1.txt,TERMINATING,1.78,53.73,50.47,7.00,TERMINATING,5,1,6,Affine Template / Affine Template
ATVA2026_benchmark/TERM_LASSO//lasso_traces_loop3.t2.c/lasso_trace_1.txt,TERMINATING,3.03,126.81,141.38,11.00,TERMINATING,24,13,37,Affine Template / Affine Template
ATVA2026_benchmark/TERM_LASSO//lasso_traces_loop3.t2.c/lasso_trace_12.txt,TERMINATING,0.33,309.96,454.01,20.00,TERMINATING,456,13,469,Affine Template / Affine Template
ATVA2026_benchmark/TERM_LASSO//lasso_traces_loop3.t2.c/lasso_trace_13.txt,TERMINATING,0.36,364.65,518.88,21.00,TERMINATING,491,13,504,Affine Template / Affine Template
ATVA2026_benchmark/TERM_LASSO//lasso_traces_loop3.t2.c/lasso_trace_16.txt,TERMINATING,0.30,155.38,693.52,19.00,TERMINATING,674,13,687,Affine Template / Affine Template
ATVA2026_benchmark/TERM_LASSO//lasso_traces_loop3.t2.c/lasso_trace_17.txt,TERMINATING,0.33,474.32,607.62,19.00,TERMINATING,735,13,748,Affine Template / Affine Template
ATVA2026_benchmark/TERM_LASSO//lasso_traces_loop3.t2.c/lasso_trace_20.txt,TERMINATING,0.26,277.05,442.40,21.00,TERMINATING,996,13,1009,Affine Template / Affine Template
ATVA2026_benchmark/TERM_LASSO//lasso_traces_loop3.t2.c/lasso_trace_21.txt,TERMINATING,0.30,388.95,492.94,22.00,TERMINATING,1083,13,1096,Affine Template / Affine Template
ATVA2026_benchmark/TERM_LASSO//lasso_traces_loop3.t2.c/lasso_trace_6.txt,TERMINATING,0.46,55.29,229.72,12.00,TERMINATING,285,13,298,Affine Template / Affine Template
ATVA2026_benchmark/TERM_LASSO//lasso_traces_loop3.t2.c/lasso_trace_7.txt,TERMINATING,0.38,61.79,64.51,12.00,TERMINATING,307,13,320,Affine Template / Affine Template
ATVA2026_benchmark/TERM_LASSO//lasso_traces_loop3.t2.c/lasso_trace_8.txt,TERMINATING,0.28,101.85,356.54,14.00,TERMINATING,342,13,355,Affine Template / Affine Template
ATVA2026_benchmark/TERM_LASSO//lasso_traces_loop3.t2.c/lasso_trace_9.txt,TERMINATING,0.33,293.13,375.34,19.00,TERMINATING,356,13,369,Affine Template / Affine Template
ATVA2026_benchmark/TERM_LASSO//lasso_traces_loop_as_goto.c/lasso_trace_1.txt,TERMINATING,1.73,43.58,33.47,6.00,TERMINATING,5,1,6,Affine Template / Affine Template
ATVA2026_benchmark/TERM_LASSO//lasso_traces_loop_on_input.t2.c/lasso_trace_1.txt,TERMINATING,2.38,118.93,56.40,7.00,TERMINATING,20,18,38,Affine Template / Affine Template
ATVA2026_benchmark/TERM_LASSO//lasso_traces_loop_on_input.t2.c/lasso_trace_2.txt,TERMINATING,0.97,89.19,105.09,21.00,TERMINATING,23,22,45,Affine Template / Affine Template
ATVA2026_benchmark/TERM_LASSO//lasso_traces_Loops.c/lasso_trace_1.txt,TERMINATING,1.94,110.58,47.86,9.00,TERMINATING,5,1,6,Affine Template / Affine Template
ATVA2026_benchmark/TERM_LASSO//lasso_traces_ludcmp.c.i.ludcmp.pl.t2.fixed.t2.c/lasso_trace_3.txt,TERMINATING,2.05,294.33,194.50,16.00,TERMINATING,56,40,96,Affine Template / Affine Template
ATVA2026_benchmark/TERM_LASSO//lasso_traces_ludcmp.c.i.ludcmp.pl.t2.fixed.t2.c/lasso_trace_4.txt,TERMINATING,0.43,36.93,43.25,19.00,TERMINATING,65,55,120,Affine Template / Affine Template
ATVA2026_benchmark/TERM_LASSO//lasso_traces_ludcmp.c.i.ludcmp.pl.t2.fixed.t2.c/lasso_trace_5.txt,TERMINATING,0.40,169.79,221.47,16.00,TERMINATING,69,26,95,Affine Template / Affine Template
ATVA2026_benchmark/TERM_LASSO//lasso_traces_ludcmp.c.i.ludcmp.pl.t2.fixed.t2.c/lasso_trace_7.txt,TERMINATING,0.36,212.74,295.25,16.00,TERMINATING,105,17,122,Affine Template / Affine Template
ATVA2026_benchmark/TERM_LASSO//lasso_traces_ludcmp.c.i.ludcmp.pl.t2.fixed.t2.c/lasso_trace_8.txt,TERMINATING,0.29,131.75,332.85,22.00,TERMINATING,109,17,126,Affine Template / Affine Template
ATVA2026_benchmark/TERM_LASSO//lasso_traces_ludcmp.c.i.ludcmp.pl.t2.nor.t2.rlgfixed.t2.c/lasso_trace_3.txt,TERMINATING,1.79,314.83,226.84,14.00,TERMINATING,56,40,96,Affine Template / Affine Template
ATVA2026_benchmark/TERM_LASSO//lasso_traces_ludcmp.c.i.ludcmp.pl.t2.nor.t2.rlgfixed.t2.c/lasso_trace_4.txt,TERMINATING,0.42,40.12,50.01,22.00,TERMINATING,65,55,120,Affine Template / Affine Template
ATVA2026_benchmark/TERM_LASSO//lasso_traces_ludcmp.c.i.ludcmp.pl.t2.nor.t2.rlgfixed.t2.c/lasso_trace_5.txt,TERMINATING,0.37,160.86,214.69,18.00,TERMINATING,69,26,95,Affine Template / Affine Template
ATVA2026_benchmark/TERM_LASSO//lasso_traces_ludcmp.c.i.ludcmp.pl.t2.nor.t2.rlgfixed.t2.c/lasso_trace_7.txt,TERMINATING,0.32,211.34,308.87,17.00,TERMINATING,105,17,122,Affine Template / Affine Template
ATVA2026_benchmark/TERM_LASSO//lasso_traces_ludcmp.c.i.ludcmp.pl.t2.nor.t2.rlgfixed.t2.c/lasso_trace_8.txt,TERMINATING,0.36,143.61,321.75,18.00,TERMINATING,109,17,126,Affine Template / Affine Template
ATVA2026_benchmark/TERM_LASSO//lasso_traces_ludcmp.t2.c/lasso_trace_3.txt,TERMINATING,1.81,311.82,204.51,13.00,TERMINATING,56,40,96,Affine Template / Affine Template
ATVA2026_benchmark/TERM_LASSO//lasso_traces_ludcmp.t2.c/lasso_trace_4.txt,TERMINATING,0.45,43.00,41.65,15.00,TERMINATING,65,55,120,Affine Template / Affine Template
ATVA2026_benchmark/TERM_LASSO//lasso_traces_ludcmp.t2.c/lasso_trace_5.txt,TERMINATING,0.31,147.90,207.05,16.00,TERMINATING,69,26,95,Affine Template / Affine Template
ATVA2026_benchmark/TERM_LASSO//lasso_traces_ludcmp.t2.c/lasso_trace_7.txt,TERMINATING,0.35,201.28,285.82,16.00,TERMINATING,105,17,122,Affine Template / Affine Template
ATVA2026_benchmark/TERM_LASSO//lasso_traces_ludcmp.t2.c/lasso_trace_8.txt,TERMINATING,0.54,132.69,309.67,17.00,TERMINATING,109,17,126,Affine Template / Affine Template
ATVA2026_benchmark/TERM_LASSO//lasso_traces_Luxembourg.c/lasso_trace_1.txt,TERMINATING,1.79,92.93,94.44,6.00,TERMINATING,5,2,7,Affine Template / Affine Template
ATVA2026_benchmark/TERM_LASSO//lasso_traces_magic.t2.c/lasso_trace_1.txt,TERMINATING,1.64,125.47,34.42,20.00,TERMINATING,112,13,125,Affine Template / Affine Template
ATVA2026_benchmark/TERM_LASSO//lasso_traces_magic.t2.c/lasso_trace_17.txt,TERMINATING,0.39,496.82,699.86,29.00,TERMINATING,806,17,823,Affine Template / Affine Template
ATVA2026_benchmark/TERM_LASSO//lasso_traces_magic.t2.c/lasso_trace_18.txt,TERMINATING,0.36,634.08,87.34,28.00,TERMINATING,906,17,923,Affine Template / Affine Template
ATVA2026_benchmark/TERM_LASSO//lasso_traces_magic.t2.c/lasso_trace_4.txt,TERMINATING,0.34,296.63,357.57,22.00,TERMINATING,139,17,156,Affine Template / Affine Template
ATVA2026_benchmark/TERM_LASSO//lasso_traces_Masse-VMCAI2014-Ex6.c/lasso_trace_1.txt,TERMINATING,1.95,137.60,91.20,18.00,TERMINATING,5,1,6,Affine Template / Affine Template
ATVA2026_benchmark/TERM_LASSO//lasso_traces_Masse-VMCAI2014-Ex6_no-overflow.c/lasso_trace_1.txt,TERMINATING,2.13,129.03,89.98,19.00,TERMINATING,5,1,6,Affine Template / Affine Template
ATVA2026_benchmark/TERM_LASSO//lasso_traces_Masse-VMCAI2014-Ex6_true-termination.c/lasso_trace_1.txt,TERMINATING,1.93,122.47,100.96,18.00,TERMINATING,5,1,6,Affine Template / Affine Template
ATVA2026_benchmark/TERM_LASSO//lasso_traces_Masse-VMCAI2014-Fig1a.c/lasso_trace_1.txt,TERMINATING,2.08,144.57,97.48,16.00,TERMINATING,5,1,6,Affine Template / Affine Template
ATVA2026_benchmark/TERM_LASSO//lasso_traces_Masse-VMCAI2014-Fig1a_no-overflow.c/lasso_trace_1.txt,TERMINATING,2.40,153.34,89.57,20.00,TERMINATING,5,1,6,Affine Template / Affine Template
ATVA2026_benchmark/TERM_LASSO//lasso_traces_Masse-VMCAI2014-Fig1a_true-termination.c/lasso_trace_1.txt,TERMINATING,2.21,150.73,116.67,20.00,TERMINATING,5,1,6,Affine Template / Affine Template
ATVA2026_benchmark/TERM_LASSO//lasso_traces_matmul.t2.c/lasso_trace_10.txt,TERMINATING,0.24,68.95,99.51,7.00,TERMINATING,124,13,137,Affine Template / Affine Template
ATVA2026_benchmark/TERM_LASSO//lasso_traces_matmul.t2.c/lasso_trace_19.txt,TERMINATING,0.31,26.00,25.11,14.00,TERMINATING,468,457,925,Affine Template / Affine Template
ATVA2026_benchmark/TERM_LASSO//lasso_traces_matmul.t2.c/lasso_trace_20.txt,TERMINATING,0.23,110.81,98.43,12.00,TERMINATING,481,87,568,Affine Template / Affine Template
ATVA2026_benchmark/TERM_LASSO//lasso_traces_matmul.t2.c/lasso_trace_21.txt,TERMINATING,0.27,81.98,107.42,10.00,TERMINATING,494,13,507,Affine Template / Affine Template
ATVA2026_benchmark/TERM_LASSO//lasso_traces_matmul.t2.c/lasso_trace_22.txt,TERMINATING,0.27,166.87,184.50,14.00,TERMINATING,581,13,594,Affine Template / Affine Template
ATVA2026_benchmark/TERM_LASSO//lasso_traces_matmul.t2.c/lasso_trace_23.txt,TERMINATING,0.30,147.96,244.09,12.00,TERMINATING,938,87,1025,Affine Template / Affine Template
ATVA2026_benchmark/TERM_LASSO//lasso_traces_matmul.t2.c/lasso_trace_6.txt,TERMINATING,1.44,113.79,31.30,11.00,TERMINATING,24,87,111,Affine Template / Affine Template
ATVA2026_benchmark/TERM_LASSO//lasso_traces_matmul.t2.c/lasso_trace_8.txt,TERMINATING,0.30,140.38,177.94,7.00,TERMINATING,37,13,50,Affine Template / Affine Template
ATVA2026_benchmark/TERM_LASSO//lasso_traces_matmult.t2.c/lasso_trace_21.txt,TERMINATING,1.60,226.67,265.14,11.00,TERMINATING,52,362,414,Affine Template / Affine Template
ATVA2026_benchmark/TERM_LASSO//lasso_traces_matmult.t2.c/lasso_trace_26.txt,TERMINATING,0.33,26.97,28.83,12.00,TERMINATING,65,17,82,Affine Template / Affine Template
ATVA2026_benchmark/TERM_LASSO//lasso_traces_matmult.t2.c/lasso_trace_45.txt,TERMINATING,0.21,190.48,48.41,9.00,TERMINATING,427,17,444,Affine Template / Affine Template
ATVA2026_benchmark/TERM_LASSO//lasso_traces_matrix_chain.c/lasso_trace_1.txt,TERMINATING,2.00,167.98,154.76,10.00,TERMINATING,1,2,3,Affine Template / Affine Template
ATVA2026_benchmark/TERM_LASSO//lasso_traces_matrixsqrt.t2.c/lasso_trace_3.txt,TERMINATING,0.33,118.76,169.25,28.00,TERMINATING,51,48,99,Affine Template / Affine Template
ATVA2026_benchmark/TERM_LASSO//lasso_traces_mc91.c/lasso_trace_1.txt,TERMINATING,1.65,24.70,52.44,5.00,TERMINATING,0,3,3,Affine Template / Affine Template
ATVA2026_benchmark/TERM_LASSO//lasso_traces_mc91.c/lasso_trace_2.txt,TERMINATING,0.41,38.63,40.98,9.00,TERMINATING,2,3,5,Affine Template / Affine Template
ATVA2026_benchmark/TERM_LASSO//lasso_traces_mc91.c/lasso_trace_3.txt,TERMINATING,0.39,53.17,84.46,12.00,TERMINATING,9,9,18,Affine Template / Affine Template
ATVA2026_benchmark/TERM_LASSO//lasso_traces_mc91.c/lasso_trace_5.txt,TERMINATING,0.27,47.42,43.26,9.00,TERMINATING,47,9,56,Affine Template / Affine Template
ATVA2026_benchmark/TERM_LASSO//lasso_traces_mc91.t2.c/lasso_trace_1.txt,TERMINATING,1.92,122.43,151.00,11.00,TERMINATING,24,10,34,Affine Template / Affine Template
ATVA2026_benchmark/TERM_LASSO//lasso_traces_mc91.t2.c/lasso_trace_2.txt,TERMINATING,0.50,74.41,87.26,27.00,TERMINATING,31,14,45,Affine Template / Affine Template
ATVA2026_benchmark/TERM_LASSO//lasso_traces_mc91.t2.c/lasso_trace_4.txt,TERMINATING,0.23,102.94,127.81,11.00,TERMINATING,52,10,62,Affine Template / Affine Template
ATVA2026_benchmark/TERM_LASSO//lasso_traces_mc91.t2.c/lasso_trace_5.txt,TERMINATING,0.27,84.30,61.30,12.00,TERMINATING,52,24,76,Affine Template / Affine Template
ATVA2026_benchmark/TERM_LASSO//lasso_traces_mc91.t2.c/lasso_trace_7.txt,TERMINATING,0.27,59.94,49.32,12.00,TERMINATING,76,24,100,Affine Template / Affine Template
ATVA2026_benchmark/TERM_LASSO//lasso_traces_mc91test.t2.c/lasso_trace_1.txt,TERMINATING,1.85,63.34,114.02,15.00,TERMINATING,36,15,51,Affine Template / Affine Template
ATVA2026_benchmark/TERM_LASSO//lasso_traces_mc91test.t2.c/lasso_trace_10.txt,TERMINATING,0.29,124.67,25.78,15.00,TERMINATING,116,74,190,Affine Template / Affine Template
ATVA2026_benchmark/TERM_LASSO//lasso_traces_mc91test.t2.c/lasso_trace_2.txt,TERMINATING,0.40,104.76,86.96,16.00,TERMINATING,48,19,67,Affine Template / Affine Template
ATVA2026_benchmark/TERM_LASSO//lasso_traces_mc91test.t2.c/lasso_trace_5.txt,TERMINATING,0.40,66.26,52.04,29.00,TERMINATING,70,26,96,Affine Template / Affine Template
ATVA2026_benchmark/TERM_LASSO//lasso_traces_mc91test.t2.c/lasso_trace_7.txt,TERMINATING,0.36,217.61,255.94,15.00,TERMINATING,93,48,141,Affine Template / Affine Template
ATVA2026_benchmark/TERM_LASSO//lasso_traces_mc91test.t2.c/lasso_trace_9.txt,TERMINATING,0.28,27.49,51.49,11.00,TERMINATING,116,74,190,Affine Template / Affine Template
ATVA2026_benchmark/TERM_LASSO//lasso_traces_McCarthy91.c/lasso_trace_1.txt,TERMINATING,1.89,39.22,154.89,9.00,TERMINATING,6,3,9,Affine Template / Affine Template
ATVA2026_benchmark/TERM_LASSO//lasso_traces_McCarthy91.c/lasso_trace_2.txt,TERMINATING,0.42,82.01,95.05,12.00,TERMINATING,13,9,22,Affine Template / Affine Template
ATVA2026_benchmark/TERM_LASSO//lasso_traces_McCarthy91.c/lasso_trace_6.txt,TERMINATING,0.29,109.38,115.84,7.00,TERMINATING,48,9,57,Affine Template / Affine Template
ATVA2026_benchmark/TERM_LASSO//lasso_traces_McCarthy91_false-unreach-call_false-termination.c/lasso_trace_1.txt,TERMINATING,1.92,43.54,149.59,9.00,TERMINATING,6,3,9,Affine Template / Affine Template
ATVA2026_benchmark/TERM_LASSO//lasso_traces_McCarthy91_false-unreach-call_false-termination.c/lasso_trace_2.txt,TERMINATING,0.45,87.95,98.57,11.00,TERMINATING,13,9,22,Affine Template / Affine Template
ATVA2026_benchmark/TERM_LASSO//lasso_traces_McCarthy91_false-unreach-call_false-termination.c/lasso_trace_9.txt,TERMINATING,0.38,47.33,38.82,7.00,TERMINATING,36,9,45,Affine Template / Affine Template
ATVA2026_benchmark/TERM_LASSO//lasso_traces_McCarthy91_Iteration.c/lasso_trace_1.txt,TERMINATING,2.10,94.46,71.03,18.00,TERMINATING,5,1,6,Affine Template / Affine Template
ATVA2026_benchmark/TERM_LASSO//lasso_traces_McCarthy91_Iteration_no-overflow.c/lasso_trace_1.txt,TERMINATING,2.32,96.40,73.64,20.00,TERMINATING,5,1,6,Affine Template / Affine Template
ATVA2026_benchmark/TERM_LASSO//lasso_traces_McCarthy91_Iteration_true-termination.c/lasso_trace_1.txt,TERMINATING,2.11,99.56,70.98,19.00,TERMINATING,5,1,6,Affine Template / Affine Template
ATVA2026_benchmark/TERM_LASSO//lasso_traces_McCarthy91_Recursion.c/lasso_trace_1.txt,TERMINATING,1.91,43.05,126.45,8.00,TERMINATING,6,3,9,Affine Template / Affine Template
ATVA2026_benchmark/TERM_LASSO//lasso_traces_McCarthy91_Recursion.c/lasso_trace_2.txt,TERMINATING,0.62,69.37,78.49,12.00,TERMINATING,13,9,22,Affine Template / Affine Template
ATVA2026_benchmark/TERM_LASSO//lasso_traces_McCarthy91_Recursion.c/lasso_trace_6.txt,TERMINATING,0.28,45.92,27.99,8.00,TERMINATING,60,9,69,Affine Template / Affine Template
ATVA2026_benchmark/TERM_LASSO//lasso_traces_McCarthy91_Recursion_no-overflow.c/lasso_trace_1.txt,TERMINATING,3.27,50.85,127.23,9.00,TERMINATING,6,3,9,Affine Template / Affine Template
ATVA2026_benchmark/TERM_LASSO//lasso_traces_McCarthy91_Recursion_no-overflow.c/lasso_trace_2.txt,TERMINATING,0.54,69.65,73.13,12.00,TERMINATING,13,9,22,Affine Template / Affine Template
ATVA2026_benchmark/TERM_LASSO//lasso_traces_McCarthy91_Recursion_no-overflow.c/lasso_trace_6.txt,TERMINATING,0.31,40.56,26.93,9.00,TERMINATING,60,9,69,Affine Template / Affine Template
ATVA2026_benchmark/TERM_LASSO//lasso_traces_McCarthy91_Recursion_true-termination.c/lasso_trace_1.txt,TERMINATING,1.91,42.53,124.30,10.00,TERMINATING,6,3,9,Affine Template / Affine Template
ATVA2026_benchmark/TERM_LASSO//lasso_traces_McCarthy91_Recursion_true-termination.c/lasso_trace_2.txt,TERMINATING,1.04,67.12,66.48,11.00,TERMINATING,13,9,22,Affine Template / Affine Template
ATVA2026_benchmark/TERM_LASSO//lasso_traces_McCarthy91_Recursion_true-termination.c/lasso_trace_8.txt,TERMINATING,0.30,28.66,41.21,8.00,TERMINATING,36,9,45,Affine Template / Affine Template
ATVA2026_benchmark/TERM_LASSO//lasso_traces_McCarthyIterative.c/lasso_trace_1.txt,TERMINATING,1.98,128.50,99.19,18.00,TERMINATING,5,1,6,Affine Template / Affine Template
ATVA2026_benchmark/TERM_LASSO//lasso_traces_McCarthyIterative_no-overflow.c/lasso_trace_1.txt,TERMINATING,2.35,141.99,92.73,18.00,TERMINATING,5,1,6,Affine Template / Affine Template
ATVA2026_benchmark/TERM_LASSO//lasso_traces_MenloPark.c/lasso_trace_1.txt,TERMINATING,2.00,67.56,95.74,17.00,TERMINATING,5,1,6,Affine Template / Affine Template
ATVA2026_benchmark/TERM_LASSO//lasso_traces_MenloPark_no-overflow.c/lasso_trace_1.txt,TERMINATING,2.31,75.55,89.92,18.00,TERMINATING,5,1,6,Affine Template / Affine Template
ATVA2026_benchmark/TERM_LASSO//lasso_traces_MenloPark_true-termination.c/lasso_trace_1.txt,TERMINATING,1.91,73.64,93.79,16.00,TERMINATING,5,1,6,Affine Template / Affine Template
ATVA2026_benchmark/TERM_LASSO//lasso_traces_MinusBuiltIn.c/lasso_trace_1.txt,TERMINATING,2.18,125.70,130.00,15.00,TERMINATING,5,1,6,Affine Template / Affine Template
ATVA2026_benchmark/TERM_LASSO//lasso_traces_MinusBuiltIn_false-no-overflow.c/lasso_trace_1.txt,TERMINATING,2.54,139.12,119.56,14.00,TERMINATING,5,1,6,Affine Template / Affine Template
ATVA2026_benchmark/TERM_LASSO//lasso_traces_MinusBuiltIn_no-overflow.c/lasso_trace_1.txt,TERMINATING,2.32,130.80,122.41,13.00,TERMINATING,5,1,6,Affine Template / Affine Template
ATVA2026_benchmark/TERM_LASSO//lasso_traces_MinusMin.c/lasso_trace_1.txt,TERMINATING,2.31,156.64,107.53,32.00,TERMINATING,5,1,6,Affine Template / Affine Template
ATVA2026_benchmark/TERM_LASSO//lasso_traces_MinusMin_false-no-overflow_true-termination.c/lasso_trace_1.txt,TERMINATING,2.20,170.60,109.83,29.00,TERMINATING,5,1,6,Affine Template / Affine Template
ATVA2026_benchmark/TERM_LASSO//lasso_traces_MinusUserDefined.c/lasso_trace_1.txt,TERMINATING,2.12,69.27,60.14,11.00,TERMINATING,5,1,6,Affine Template / Affine Template
ATVA2026_benchmark/TERM_LASSO//lasso_traces_MinusUserDefined.c/lasso_trace_2.txt,TERMINATING,0.50,39.65,28.15,14.00,TERMINATING,6,2,8,Affine Template / Affine Template
ATVA2026_benchmark/TERM_LASSO//lasso_traces_MinusUserDefined.c/lasso_trace_3.txt,TERMINATING,0.90,34.42,27.06,12.00,TERMINATING,7,3,10,Affine Template / Affine Template
ATVA2026_benchmark/TERM_LASSO//lasso_traces_MinusUserDefined_no-overflow.c/lasso_trace_1.txt,TERMINATING,2.16,85.09,66.18,11.00,TERMINATING,5,1,6,Affine Template / Affine Template
ATVA2026_benchmark/TERM_LASSO//lasso_traces_MinusUserDefined_no-overflow.c/lasso_trace_2.txt,TERMINATING,0.64,41.21,30.28,15.00,TERMINATING,6,2,8,Affine Template / Affine Template
ATVA2026_benchmark/TERM_LASSO//lasso_traces_MinusUserDefined_no-overflow.c/lasso_trace_3.txt,TERMINATING,0.49,43.22,29.45,12.00,TERMINATING,7,3,10,Affine Template / Affine Template
ATVA2026_benchmark/TERM_LASSO//lasso_traces_MultCommutative_true-termination.c/lasso_trace_4.txt,TERMINATING,0.76,106.64,130.86,9.00,TERMINATING,15,4,19,Affine Template / Affine Template
ATVA2026_benchmark/TERM_LASSO//lasso_traces_MultCommutative_true-termination.c/lasso_trace_5.txt,TERMINATING,0.40,124.29,146.65,8.00,TERMINATING,8,4,12,Affine Template / Affine Template
ATVA2026_benchmark/TERM_LASSO//lasso_traces_multiply.c/lasso_trace_1.txt,TERMINATING,2.49,75.02,52.79,9.00,TERMINATING,1,2,3,Affine Template / Affine Template
ATVA2026_benchmark/TERM_LASSO//lasso_traces_mutual1.c/lasso_trace_1.txt,TERMINATING,2.15,29.65,32.42,4.00,TERMINATING,0,5,5,Affine Template / Affine Template
ATVA2026_benchmark/TERM_LASSO//lasso_traces_mutual1.c/lasso_trace_2.txt,TERMINATING,0.29,18.67,39.75,4.00,TERMINATING,0,5,5,Affine Template / Affine Template
ATVA2026_benchmark/TERM_LASSO//lasso_traces_mutual2.c/lasso_trace_1.txt,TERMINATING,1.59,25.52,31.87,5.00,TERMINATING,0,9,9,Affine Template / Affine Template
ATVA2026_benchmark/TERM_LASSO//lasso_traces_mutual2.c/lasso_trace_2.txt,TERMINATING,0.32,39.35,51.88,4.00,TERMINATING,0,9,9,Affine Template / Affine Template
ATVA2026_benchmark/TERM_LASSO//lasso_traces_mutual2.c/lasso_trace_3.txt,TERMINATING,0.23,17.99,72.43,6.00,TERMINATING,0,9,9,Affine Template / Affine Template
ATVA2026_benchmark/TERM_LASSO//lasso_traces_mutual2.c/lasso_trace_4.txt,TERMINATING,0.24,25.83,28.22,5.00,TERMINATING,0,9,9,Affine Template / Affine Template
ATVA2026_benchmark/TERM_LASSO//lasso_traces_MutualRecursion_1a.c/lasso_trace_1.txt,TERMINATING,1.86,105.72,83.58,12.00,TERMINATING,6,6,12,Affine Template / Affine Template
ATVA2026_benchmark/TERM_LASSO//lasso_traces_MutualRecursion_1a_false-termination.c/lasso_trace_1.txt,TERMINATING,2.16,100.55,92.07,9.00,TERMINATING,6,6,12,Affine Template / Affine Template
ATVA2026_benchmark/TERM_LASSO//lasso_traces_MutualRecursion_1a_no-overflow.c/lasso_trace_1.txt,TERMINATING,2.01,106.38,91.63,7.00,TERMINATING,6,6,12,Affine Template / Affine Template
ATVA2026_benchmark/TERM_LASSO//lasso_traces_MutualRecursion_1b.c/lasso_trace_1.txt,TERMINATING,1.82,101.82,92.96,6.00,TERMINATING,6,6,12,Affine Template / Affine Template
ATVA2026_benchmark/TERM_LASSO//lasso_traces_MutualRecursion_1b.c/lasso_trace_3.txt,TERMINATING,0.43,124.31,116.22,18.00,TERMINATING,28,24,52,Affine Template / Affine Template
ATVA2026_benchmark/TERM_LASSO//lasso_traces_MutualRecursion_1b.c/lasso_trace_5.txt,TERMINATING,1.54,101.81,118.69,14.00,TERMINATING,64,24,88,Affine Template / Affine Template
ATVA2026_benchmark/TERM_LASSO//lasso_traces_MutualRecursion_1b_no-overflow.c/lasso_trace_1.txt,TERMINATING,2.65,97.03,87.06,7.00,TERMINATING,6,6,12,Affine Template / Affine Template
ATVA2026_benchmark/TERM_LASSO//lasso_traces_MutualRecursion_1b_no-overflow.c/lasso_trace_3.txt,TERMINATING,0.43,118.32,125.92,14.00,TERMINATING,28,24,52,Affine Template / Affine Template
ATVA2026_benchmark/TERM_LASSO//lasso_traces_MutualRecursion_1b_true-termination.c/lasso_trace_1.txt,TERMINATING,2.05,93.60,83.28,8.00,TERMINATING,6,6,12,Affine Template / Affine Template
ATVA2026_benchmark/TERM_LASSO//lasso_traces_MutualRecursion_1b_true-termination.c/lasso_trace_3.txt,TERMINATING,0.41,135.98,115.46,14.00,TERMINATING,28,24,52,Affine Template / Affine Template
ATVA2026_benchmark/TERM_LASSO//lasso_traces_MutualRecursion_1b_true-termination.c/lasso_trace_5.txt,TERMINATING,0.31,93.78,137.15,15.00,TERMINATING,64,24,88,Affine Template / Affine Template
ATVA2026_benchmark/TERM_LASSO//lasso_traces_Mysore-1.c/lasso_trace_1.txt,TERMINATING,1.89,119.00,49.24,14.00,TERMINATING,6,1,7,Affine Template / Affine Template
ATVA2026_benchmark/TERM_LASSO//lasso_traces_Mysore-1_no-overflow.c/lasso_trace_1.txt,TERMINATING,2.02,112.82,53.07,12.00,TERMINATING,6,1,7,Affine Template / Affine Template
ATVA2026_benchmark/TERM_LASSO//lasso_traces_Mysore-2.c/lasso_trace_1.txt,TERMINATING,1.89,106.30,34.08,13.00,TERMINATING,8,1,9,Affine Template / Affine Template
ATVA2026_benchmark/TERM_LASSO//lasso_traces_Mysore-2_no-overflow.c/lasso_trace_1.txt,TERMINATING,2.19,120.53,36.20,14.00,TERMINATING,8,1,9,Affine Template / Affine Template
ATVA2026_benchmark/TERM_LASSO//lasso_traces_Mysore_true-termination.c/lasso_trace_1.txt,TERMINATING,2.01,113.88,51.21,14.00,TERMINATING,6,1,7,Affine Template / Affine Template
ATVA2026_benchmark/TERM_LASSO//lasso_traces_n-15a.t2.c/lasso_trace_1.txt,TERMINATING,1.57,110.77,97.64,6.00,TERMINATING,20,18,38,Affine Template / Affine Template
ATVA2026_benchmark/TERM_LASSO//lasso_traces_n-17.t2.c/lasso_trace_1.txt,TERMINATING,1.71,62.99,63.95,6.00,TERMINATING,16,9,25,Affine Template / Affine Template
ATVA2026_benchmark/TERM_LASSO//lasso_traces_n-40.t2.c/lasso_trace_2.txt,TERMINATING,1.72,67.03,129.48,9.00,TERMINATING,24,27,51,Affine Template / Affine Template
ATVA2026_benchmark/TERM_LASSO//lasso_traces_n-40.t2.c/lasso_trace_3.txt,TERMINATING,0.34,131.95,132.42,12.00,TERMINATING,28,24,52,Affine Template / Affine Template
ATVA2026_benchmark/TERM_LASSO//lasso_traces_n-40.t2.c/lasso_trace_4.txt,TERMINATING,0.28,82.93,116.07,9.00,TERMINATING,29,28,57,Affine Template / Affine Template
ATVA2026_benchmark/TERM_LASSO//lasso_traces_n-4.t2.c/lasso_trace_1.txt,TERMINATING,1.93,175.58,154.35,12.00,TERMINATING,32,18,50,Affine Template / Affine Template
ATVA2026_benchmark/TERM_LASSO//lasso_traces_n-5.t2.c/lasso_trace_1.txt,TERMINATING,1.95,277.38,270.30,11.00,TERMINATING,68,18,86,Affine Template / Affine Template
ATVA2026_benchmark/TERM_LASSO//lasso_traces_n-6a.t2.c/lasso_trace_1.txt,TERMINATING,1.92,127.04,134.23,7.00,TERMINATING,28,19,47,Affine Template / Affine Template
ATVA2026_benchmark/TERM_LASSO//lasso_traces_nakata.t2.c/lasso_trace_1.txt,TERMINATING,1.75,170.91,159.28,13.00,TERMINATING,74,29,103,Affine Template / Affine Template
ATVA2026_benchmark/TERM_LASSO//lasso_traces_nakata.t2.c/lasso_trace_16.txt,TERMINATING,0.72,221.83,312.76,20.00,TERMINATING,375,43,418,Affine Template / Affine Template
ATVA2026_benchmark/TERM_LASSO//lasso_traces_nakata.t2.c/lasso_trace_18.txt,TERMINATING,0.46,367.32,497.22,75.00,TERMINATING,526,119,645,Affine Template / Affine Template
ATVA2026_benchmark/TERM_LASSO//lasso_traces_nakata.t2.c/lasso_trace_20.txt,TERMINATING,0.61,395.60,450.75,91.00,TERMINATING,546,479,1025,Affine Template / Affine Template
ATVA2026_benchmark/TERM_LASSO//lasso_traces_nakata.t2.c/lasso_trace_3.txt,TERMINATING,0.44,249.95,329.82,16.00,TERMINATING,106,43,149,Affine Template / Affine Template
ATVA2026_benchmark/TERM_LASSO//lasso_traces_nakata.t2.c/lasso_trace_5.txt,TERMINATING,0.36,273.34,345.68,58.00,TERMINATING,115,57,172,Affine Template / Affine Template
ATVA2026_benchmark/TERM_LASSO//lasso_traces_nakata.t2.c/lasso_trace_9.txt,TERMINATING,0.44,107.34,366.31,70.00,TERMINATING,219,119,338,Affine Template / Affine Template
ATVA2026_benchmark/TERM_LASSO//lasso_traces_nakata_withassume.t2.c/lasso_trace_1.txt,TERMINATING,1.76,137.80,173.60,16.00,TERMINATING,74,34,108,Affine Template / Affine Template
ATVA2026_benchmark/TERM_LASSO//lasso_traces_nakata_withassume.t2.c/lasso_trace_16.txt,TERMINATING,0.43,279.54,366.46,21.00,TERMINATING,390,34,424,Affine Template / Affine Template
ATVA2026_benchmark/TERM_LASSO//lasso_traces_nakata_withassume.t2.c/lasso_trace_17.txt,TERMINATING,0.41,207.25,96.67,29.00,TERMINATING,391,48,439,Affine Template / Affine Template
ATVA2026_benchmark/TERM_LASSO//lasso_traces_nakata_withassume.t2.c/lasso_trace_2.txt,TERMINATING,0.49,254.57,306.96,51.00,TERMINATING,77,48,125,Affine Template / Affine Template
ATVA2026_benchmark/TERM_LASSO//lasso_traces_nakata_withassume.t2.c/lasso_trace_5.txt,TERMINATING,0.43,199.15,207.84,65.00,TERMINATING,115,62,177,Affine Template / Affine Template
ATVA2026_benchmark/TERM_LASSO//lasso_traces_ndes.t2.c/lasso_trace_1.txt,TERMINATING,2.00,1076.42,1450.29,44.00,TERMINATING,470,55,525,Affine Template / Affine Template
ATVA2026_benchmark/TERM_LASSO//lasso_traces_ndes.t2.c/lasso_trace_2.txt,TERMINATING,0.62,178.11,209.16,37.00,TERMINATING,469,17,486,Affine Template / Affine Template
ATVA2026_benchmark/TERM_LASSO//lasso_traces_ndes.t2.c/lasso_trace_9.txt,TERMINATING,0.55,369.62,472.00,44.00,TERMINATING,482,55,537,Affine Template / Affine Template
ATVA2026_benchmark/TERM_LASSO//lasso_traces_neg-1394complete-fail.t2.c/lasso_trace_1.txt,TERMINATING,1.72,114.43,175.93,25.00,TERMINATING,301,18,319,Affine Template / Affine Template
ATVA2026_benchmark/TERM_LASSO//lasso_traces_neg-1394complete-fail.t2.c/lasso_trace_2.txt,TERMINATING,1.02,656.60,879.35,28.00,TERMINATING,318,53,371,Affine Template / Affine Template
ATVA2026_benchmark/TERM_LASSO//lasso_traces_neg-1394complete-fail.t2.c/lasso_trace_3.txt,TERMINATING,0.53,472.35,581.70,28.00,TERMINATING,335,25,360,Affine Template / Affine Template
ATVA2026_benchmark/TERM_LASSO//lasso_traces_neg-1394complete-fail.t2.c/lasso_trace_4.txt,TERMINATING,0.41,500.09,657.80,30.00,TERMINATING,348,22,370,Affine Template / Affine Template
ATVA2026_benchmark/TERM_LASSO//lasso_traces_neg-1394complete-fail.t2.c/lasso_trace_5.txt,TERMINATING,0.37,491.26,661.80,29.00,TERMINATING,361,13,374,Affine Template / Affine Template
ATVA2026_benchmark/TERM_LASSO//lasso_traces_neg-1394complete-succeed.t2.c/lasso_trace_1.txt,TERMINATING,1.73,108.41,162.31,26.00,TERMINATING,301,18,319,Affine Template / Affine Template
ATVA2026_benchmark/TERM_LASSO//lasso_traces_neg-1394complete-succeed.t2.c/lasso_trace_2.txt,TERMINATING,0.50,656.08,888.53,29.00,TERMINATING,318,53,371,Affine Template / Affine Template
ATVA2026_benchmark/TERM_LASSO//lasso_traces_neg-1394complete-succeed.t2.c/lasso_trace_3.txt,TERMINATING,0.59,457.35,584.43,27.00,TERMINATING,335,25,360,Affine Template / Affine Template
ATVA2026_benchmark/TERM_LASSO//lasso_traces_neg-e-1394complete-fail.t2.c/lasso_trace_1.txt,TERMINATING,1.74,126.06,185.71,26.00,TERMINATING,277,18,295,Affine Template / Affine Template
ATVA2026_benchmark/TERM_LASSO//lasso_traces_neg-e-1394complete-fail.t2.c/lasso_trace_2.txt,TERMINATING,0.88,375.28,535.77,26.00,TERMINATING,294,53,347,Affine Template / Affine Template
ATVA2026_benchmark/TERM_LASSO//lasso_traces_neg-e-1394complete-fail.t2.c/lasso_trace_3.txt,TERMINATING,0.91,680.11,734.19,26.00,TERMINATING,311,25,336,Affine Template / Affine Template
ATVA2026_benchmark/TERM_LASSO//lasso_traces_neg-e-1394complete-succeed.t2.c/lasso_trace_1.txt,TERMINATING,2.04,128.74,180.31,26.00,TERMINATING,277,18,295,Affine Template / Affine Template
ATVA2026_benchmark/TERM_LASSO//lasso_traces_neg-e-1394complete-succeed.t2.c/lasso_trace_2.txt,TERMINATING,0.46,369.30,535.97,27.00,TERMINATING,294,53,347,Affine Template / Affine Template
ATVA2026_benchmark/TERM_LASSO//lasso_traces_neg-e-1394complete-succeed.t2.c/lasso_trace_3.txt,TERMINATING,0.40,708.21,724.53,26.00,TERMINATING,311,25,336,Affine Template / Affine Template
ATVA2026_benchmark/TERM_LASSO//lasso_traces_neg-e-popl07-succeed.t2.c/lasso_trace_1.txt,TERMINATING,2.04,480.60,113.43,24.00,TERMINATING,121,28,149,Affine Template / Affine Template
ATVA2026_benchmark/TERM_LASSO//lasso_traces_neg-popl07-fail.t2.c/lasso_trace_1.txt,TERMINATING,2.00,101.76,497.34,15.00,TERMINATING,112,28,140,Affine Template / Affine Template
ATVA2026_benchmark/TERM_LASSO//lasso_traces_neg-popl07-succeed.t2.c/lasso_trace_1.txt,TERMINATING,1.89,453.94,124.48,22.00,TERMINATING,116,28,144,Affine Template / Affine Template
ATVA2026_benchmark/TERM_LASSO//lasso_traces_neg-smagilla-fail.t2.c/lasso_trace_1.txt,TERMINATING,2.01,185.09,223.16,11.00,TERMINATING,37,19,56,Affine Template / Affine Template
ATVA2026_benchmark/TERM_LASSO//lasso_traces_neg-smagilla-succeed.t2.c/lasso_trace_1.txt,TERMINATING,1.94,125.11,49.12,11.00,TERMINATING,41,19,60,Affine Template / Affine Template
ATVA2026_benchmark/TERM_LASSO//lasso_traces_Nested-2.c/lasso_trace_2.txt,TERMINATING,0.48,55.26,28.31,9.00,TERMINATING,6,1,7,Affine Template / Affine Template
ATVA2026_benchmark/TERM_LASSO//lasso_traces_Nested-2_no-overflow.c/lasso_trace_2.txt,TERMINATING,0.51,55.17,29.42,11.00,TERMINATING,6,1,7,Affine Template / Affine Template
ATVA2026_benchmark/TERM_LASSO//lasso_traces_Nested.c/lasso_trace_2.txt,TERMINATING,0.41,54.12,27.89,11.00,TERMINATING,6,1,7,Affine Template / Affine Template
ATVA2026_benchmark/TERM_LASSO//lasso_traces_NestedRecursion_1b.c/lasso_trace_1.txt,TERMINATING,1.61,48.95,114.79,8.00,TERMINATING,6,9,15,Affine Template / Affine Template
ATVA2026_benchmark/TERM_LASSO//lasso_traces_NestedRecursion_1b.c/lasso_trace_2.txt,TERMINATING,0.66,50.00,161.66,7.00,TERMINATING,12,3,15,Affine Template / Affine Template
ATVA2026_benchmark/TERM_LASSO//lasso_traces_NestedRecursion_1b.c/lasso_trace_7.txt,TERMINATING,0.28,47.23,56.52,8.00,TERMINATING,14,3,17,Affine Template / Affine Template
ATVA2026_benchmark/TERM_LASSO//lasso_traces_NestedRecursion_1b_no-overflow.c/lasso_trace_1.txt,TERMINATING,1.61,55.49,125.06,9.00,TERMINATING,6,9,15,Affine Template / Affine Template
ATVA2026_benchmark/TERM_LASSO//lasso_traces_NestedRecursion_1b_no-overflow.c/lasso_trace_2.txt,TERMINATING,0.74,48.65,171.04,9.00,TERMINATING,12,3,15,Affine Template / Affine Template
ATVA2026_benchmark/TERM_LASSO//lasso_traces_NestedRecursion_1b_no-overflow.c/lasso_trace_7.txt,TERMINATING,0.29,53.91,52.60,7.00,TERMINATING,14,3,17,Affine Template / Affine Template
ATVA2026_benchmark/TERM_LASSO//lasso_traces_NestedRecursion_1b_true-termination.c/lasso_trace_1.txt,TERMINATING,1.60,48.65,114.41,8.00,TERMINATING,6,9,15,Affine Template / Affine Template
ATVA2026_benchmark/TERM_LASSO//lasso_traces_NestedRecursion_1b_true-termination.c/lasso_trace_2.txt,TERMINATING,0.79,49.63,162.85,7.00,TERMINATING,12,3,15,Affine Template / Affine Template
ATVA2026_benchmark/TERM_LASSO//lasso_traces_NestedRecursion_1b_true-termination.c/lasso_trace_7.txt,TERMINATING,0.27,50.39,51.50,8.00,TERMINATING,14,3,17,Affine Template / Affine Template
ATVA2026_benchmark/TERM_LASSO//lasso_traces_NestedRecursion_1c.c/lasso_trace_1.txt,TERMINATING,1.99,64.21,144.89,5.00,TERMINATING,6,3,9,Affine Template / Affine Template
ATVA2026_benchmark/TERM_LASSO//lasso_traces_NestedRecursion_1c_no-overflow.c/lasso_trace_1.txt,TERMINATING,1.98,67.38,142.38,8.00,TERMINATING,6,3,9,Affine Template / Affine Template
ATVA2026_benchmark/TERM_LASSO//lasso_traces_NestedRecursion_1c_true-termination.c/lasso_trace_1.txt,TERMINATING,2.46,63.49,132.82,6.00,TERMINATING,6,3,9,Affine Template / Affine Template
ATVA2026_benchmark/TERM_LASSO//lasso_traces_NestedRecursion_1d.c/lasso_trace_2.txt,TERMINATING,1.46,87.86,46.50,6.00,TERMINATING,6,27,33,Affine Template / Affine Template
ATVA2026_benchmark/TERM_LASSO//lasso_traces_NestedRecursion_1d.c/lasso_trace_3.txt,TERMINATING,0.61,85.74,134.85,9.00,TERMINATING,12,3,15,Affine Template / Affine Template
ATVA2026_benchmark/TERM_LASSO//lasso_traces_NestedRecursion_1d_no-overflow.c/lasso_trace_2.txt,TERMINATING,1.64,90.64,47.19,6.00,TERMINATING,6,27,33,Affine Template / Affine Template
ATVA2026_benchmark/TERM_LASSO//lasso_traces_NestedRecursion_1d_no-overflow.c/lasso_trace_3.txt,TERMINATING,0.67,80.20,134.78,7.00,TERMINATING,12,3,15,Affine Template / Affine Template
ATVA2026_benchmark/TERM_LASSO//lasso_traces_NestedRecursion_1d_true-termination.c/lasso_trace_2.txt,TERMINATING,1.52,85.36,49.13,5.00,TERMINATING,6,27,33,Affine Template / Affine Template
ATVA2026_benchmark/TERM_LASSO//lasso_traces_NestedRecursion_1d_true-termination.c/lasso_trace_3.txt,TERMINATING,0.61,80.42,141.68,7.00,TERMINATING,12,3,15,Affine Template / Affine Template
ATVA2026_benchmark/TERM_LASSO//lasso_traces_NestedRecursion_2b.c/lasso_trace_1.txt,TERMINATING,1.79,104.53,64.49,9.00,TERMINATING,7,3,10,Affine Template / Affine Template
ATVA2026_benchmark/TERM_LASSO//lasso_traces_NestedRecursion_2b_false-termination.c/lasso_trace_1.txt,TERMINATING,1.83,99.69,63.70,13.00,TERMINATING,7,3,10,Affine Template / Affine Template
ATVA2026_benchmark/TERM_LASSO//lasso_traces_NestedRecursion_2b_no-overflow.c/lasso_trace_1.txt,TERMINATING,1.84,116.85,66.55,12.00,TERMINATING,7,3,10,Affine Template / Affine Template
ATVA2026_benchmark/TERM_LASSO//lasso_traces_NestedRecursion_2c.c/lasso_trace_1.txt,TERMINATING,1.73,100.19,60.73,9.00,TERMINATING,7,3,10,Affine Template / Affine Template
ATVA2026_benchmark/TERM_LASSO//lasso_traces_NestedRecursion_2c_no-overflow.c/lasso_trace_1.txt,TERMINATING,1.87,93.77,65.59,11.00,TERMINATING,7,3,10,Affine Template / Affine Template
ATVA2026_benchmark/TERM_LASSO//lasso_traces_NestedRecursion_2c_true-termination.c/lasso_trace_1.txt,TERMINATING,1.77,104.89,68.47,11.00,TERMINATING,7,3,10,Affine Template / Affine Template
ATVA2026_benchmark/TERM_LASSO//lasso_traces_nested.t2.c/lasso_trace_2.txt,TERMINATING,1.78,107.41,90.39,10.00,TERMINATING,52,42,94,Affine Template / Affine Template
ATVA2026_benchmark/TERM_LASSO//lasso_traces_nested.t2.c/lasso_trace_3.txt,TERMINATING,0.45,113.60,133.51,20.00,TERMINATING,81,26,107,Affine Template / Affine Template
ATVA2026_benchmark/TERM_LASSO//lasso_traces_new_ex.t2.c/lasso_trace_10.txt,TERMINATING,0.30,154.33,180.13,11.00,TERMINATING,92,27,119,Affine Template / Affine Template
ATVA2026_benchmark/TERM_LASSO//lasso_traces_new_ex.t2.c/lasso_trace_100.txt,TERMINATING,0.28,199.64,213.88,11.00,TERMINATING,92,27,119,Affine Template / Affine Template
ATVA2026_benchmark/TERM_LASSO//lasso_traces_new_ex.t2.c/lasso_trace_101.txt,TERMINATING,0.42,231.41,44.37,13.00,TERMINATING,92,27,119,Affine Template / Affine Template
ATVA2026_benchmark/TERM_LASSO//lasso_traces_new_ex.t2.c/lasso_trace_102.txt,TERMINATING,0.29,178.30,237.48,10.00,TERMINATING,92,27,119,Affine Template / Affine Template
ATVA2026_benchmark/TERM_LASSO//lasso_traces_new_ex.t2.c/lasso_trace_103.txt,TERMINATING,0.28,248.18,273.15,11.00,TERMINATING,92,27,119,Affine Template / Affine Template
ATVA2026_benchmark/TERM_LASSO//lasso_traces_new_ex.t2.c/lasso_trace_104.txt,TERMINATING,0.31,183.30,175.18,14.00,TERMINATING,92,27,119,Affine Template / Affine Template
ATVA2026_benchmark/TERM_LASSO//lasso_traces_new_ex.t2.c/lasso_trace_105.txt,TERMINATING,0.28,164.14,60.12,13.00,TERMINATING,92,27,119,Affine Template / Affine Template
ATVA2026_benchmark/TERM_LASSO//lasso_traces_new_ex.t2.c/lasso_trace_106.txt,TERMINATING,0.40,151.52,237.99,11.00,TERMINATING,92,27,119,Affine Template / Affine Template
ATVA2026_benchmark/TERM_LASSO//lasso_traces_new_ex.t2.c/lasso_trace_107.txt,TERMINATING,0.28,95.52,122.73,13.00,TERMINATING,92,27,119,Affine Template / Affine Template
ATVA2026_benchmark/TERM_LASSO//lasso_traces_new_ex.t2.c/lasso_trace_108.txt,TERMINATING,0.27,182.03,184.21,12.00,TERMINATING,92,27,119,Affine Template / Affine Template
ATVA2026_benchmark/TERM_LASSO//lasso_traces_new_ex.t2.c/lasso_trace_109.txt,TERMINATING,0.28,127.67,138.38,10.00,TERMINATING,92,27,119,Affine Template / Affine Template
ATVA2026_benchmark/TERM_LASSO//lasso_traces_new_ex.t2.c/lasso_trace_11.txt,TERMINATING,0.34,223.48,230.91,10.00,TERMINATING,92,27,119,Affine Template / Affine Template
ATVA2026_benchmark/TERM_LASSO//lasso_traces_new_ex.t2.c/lasso_trace_110.txt,TERMINATING,0.34,234.37,310.98,14.00,TERMINATING,92,27,119,Affine Template / Affine Template
ATVA2026_benchmark/TERM_LASSO//lasso_traces_new_ex.t2.c/lasso_trace_111.txt,TERMINATING,0.31,253.84,302.38,10.00,TERMINATING,92,27,119,Affine Template / Affine Template
ATVA2026_benchmark/TERM_LASSO//lasso_traces_new_ex.t2.c/lasso_trace_112.txt,TERMINATING,0.24,261.84,306.86,19.00,TERMINATING,92,27,119,Affine Template / Affine Template
ATVA2026_benchmark/TERM_LASSO//lasso_traces_new_ex.t2.c/lasso_trace_113.txt,TERMINATING,0.33,214.59,252.40,13.00,TERMINATING,92,27,119,Affine Template / Affine Template
ATVA2026_benchmark/TERM_LASSO//lasso_traces_new_ex.t2.c/lasso_trace_114.txt,TERMINATING,0.29,149.84,164.58,10.00,TERMINATING,92,27,119,Affine Template / Affine Template
ATVA2026_benchmark/TERM_LASSO//lasso_traces_new_ex.t2.c/lasso_trace_115.txt,TERMINATING,0.30,116.60,71.29,10.00,TERMINATING,92,27,119,Affine Template / Affine Template
ATVA2026_benchmark/TERM_LASSO//lasso_traces_new_ex.t2.c/lasso_trace_116.txt,TERMINATING,2.52,207.57,154.97,10.00,TERMINATING,92,27,119,Affine Template / Affine Template
ATVA2026_benchmark/TERM_LASSO//lasso_traces_new_ex.t2.c/lasso_trace_117.txt,TERMINATING,0.27,44.12,52.97,10.00,TERMINATING,92,27,119,Affine Template / Affine Template
ATVA2026_benchmark/TERM_LASSO//lasso_traces_new_ex.t2.c/lasso_trace_118.txt,TERMINATING,0.24,237.60,245.51,13.00,TERMINATING,92,27,119,Affine Template / Affine Template
ATVA2026_benchmark/TERM_LASSO//lasso_traces_new_ex.t2.c/lasso_trace_119.txt,TERMINATING,0.27,198.94,285.18,13.00,TERMINATING,92,27,119,Affine Template / Affine Template
ATVA2026_benchmark/TERM_LASSO//lasso_traces_new_ex.t2.c/lasso_trace_12.txt,TERMINATING,0.26,248.42,289.80,10.00,TERMINATING,92,27,119,Affine Template / Affine Template
ATVA2026_benchmark/TERM_LASSO//lasso_traces_new_ex.t2.c/lasso_trace_120.txt,TERMINATING,0.27,260.02,302.67,13.00,TERMINATING,92,27,119,Affine Template / Affine Template
ATVA2026_benchmark/TERM_LASSO//lasso_traces_new_ex.t2.c/lasso_trace_121.txt,TERMINATING,0.30,178.18,252.82,13.00,TERMINATING,92,27,119,Affine Template / Affine Template
ATVA2026_benchmark/TERM_LASSO//lasso_traces_new_ex.t2.c/lasso_trace_122.txt,TERMINATING,0.24,112.38,159.58,10.00,TERMINATING,92,27,119,Affine Template / Affine Template
ATVA2026_benchmark/TERM_LASSO//lasso_traces_new_ex.t2.c/lasso_trace_123.txt,TERMINATING,0.37,169.89,103.62,10.00,TERMINATING,92,27,119,Affine Template / Affine Template
ATVA2026_benchmark/TERM_LASSO//lasso_traces_new_ex.t2.c/lasso_trace_124.txt,TERMINATING,0.29,176.52,266.65,10.00,TERMINATING,92,27,119,Affine Template / Affine Template
ATVA2026_benchmark/TERM_LASSO//lasso_traces_new_ex.t2.c/lasso_trace_125.txt,TERMINATING,0.26,129.32,200.08,10.00,TERMINATING,92,27,119,Affine Template / Affine Template
ATVA2026_benchmark/TERM_LASSO//lasso_traces_new_ex.t2.c/lasso_trace_126.txt,TERMINATING,0.33,159.85,188.50,13.00,TERMINATING,92,27,119,Affine Template / Affine Template
ATVA2026_benchmark/TERM_LASSO//lasso_traces_new_ex.t2.c/lasso_trace_127.txt,TERMINATING,0.35,75.86,248.45,10.00,TERMINATING,92,27,119,Affine Template / Affine Template
ATVA2026_benchmark/TERM_LASSO//lasso_traces_new_ex.t2.c/lasso_trace_128.txt,TERMINATING,0.29,54.40,44.93,10.00,TERMINATING,92,27,119,Affine Template / Affine Template
ATVA2026_benchmark/TERM_LASSO//lasso_traces_new_ex.t2.c/lasso_trace_129.txt,TERMINATING,0.28,116.87,161.68,10.00,TERMINATING,92,27,119,Affine Template / Affine Template
ATVA2026_benchmark/TERM_LASSO//lasso_traces_new_ex.t2.c/lasso_trace_13.txt,TERMINATING,0.36,180.72,235.19,10.00,TERMINATING,92,27,119,Affine Template / Affine Template
ATVA2026_benchmark/TERM_LASSO//lasso_traces_new_ex.t2.c/lasso_trace_130.txt,TERMINATING,0.24,127.58,112.26,10.00,TERMINATING,92,27,119,Affine Template / Affine Template
ATVA2026_benchmark/TERM_LASSO//lasso_traces_new_ex.t2.c/lasso_trace_131.txt,TERMINATING,0.29,228.50,274.31,10.00,TERMINATING,92,27,119,Affine Template / Affine Template
ATVA2026_benchmark/TERM_LASSO//lasso_traces_new_ex.t2.c/lasso_trace_132.txt,TERMINATING,0.27,221.99,291.44,10.00,TERMINATING,92,27,119,Affine Template / Affine Template
ATVA2026_benchmark/TERM_LASSO//lasso_traces_new_ex.t2.c/lasso_trace_133.txt,TERMINATING,0.27,216.38,322.85,11.00,TERMINATING,92,27,119,Affine Template / Affine Template
ATVA2026_benchmark/TERM_LASSO//lasso_traces_new_ex.t2.c/lasso_trace_134.txt,TERMINATING,0.26,101.81,222.43,16.00,TERMINATING,92,27,119,Affine Template / Affine Template
ATVA2026_benchmark/TERM_LASSO//lasso_traces_new_ex.t2.c/lasso_trace_135.txt,TERMINATING,0.27,137.53,199.90,11.00,TERMINATING,92,27,119,Affine Template / Affine Template
ATVA2026_benchmark/TERM_LASSO//lasso_traces_new_ex.t2.c/lasso_trace_136.txt,TERMINATING,0.38,48.36,39.31,12.00,TERMINATING,92,27,119,Affine Template / Affine Template
ATVA2026_benchmark/TERM_LASSO//lasso_traces_new_ex.t2.c/lasso_trace_137.txt,TERMINATING,0.28,177.93,222.00,10.00,TERMINATING,92,27,119,Affine Template / Affine Template
ATVA2026_benchmark/TERM_LASSO//lasso_traces_new_ex.t2.c/lasso_trace_138.txt,TERMINATING,0.24,114.05,158.90,10.00,TERMINATING,92,27,119,Affine Template / Affine Template
ATVA2026_benchmark/TERM_LASSO//lasso_traces_new_ex.t2.c/lasso_trace_139.txt,TERMINATING,0.25,125.26,140.18,10.00,TERMINATING,92,27,119,Affine Template / Affine Template
ATVA2026_benchmark/TERM_LASSO//lasso_traces_new_ex.t2.c/lasso_trace_14.txt,TERMINATING,0.29,33.04,26.95,10.00,TERMINATING,92,27,119,Affine Template / Affine Template
ATVA2026_benchmark/TERM_LASSO//lasso_traces_new_ex.t2.c/lasso_trace_140.txt,TERMINATING,0.27,165.08,214.23,10.00,TERMINATING,92,27,119,Affine Template / Affine Template
ATVA2026_benchmark/TERM_LASSO//lasso_traces_new_ex.t2.c/lasso_trace_141.txt,TERMINATING,0.26,131.10,152.18,11.00,TERMINATING,92,27,119,Affine Template / Affine Template
ATVA2026_benchmark/TERM_LASSO//lasso_traces_new_ex.t2.c/lasso_trace_142.txt,TERMINATING,0.27,118.76,166.10,13.00,TERMINATING,92,27,119,Affine Template / Affine Template
ATVA2026_benchmark/TERM_LASSO//lasso_traces_new_ex.t2.c/lasso_trace_143.txt,TERMINATING,0.27,43.04,301.33,10.00,TERMINATING,92,27,119,Affine Template / Affine Template
ATVA2026_benchmark/TERM_LASSO//lasso_traces_new_ex.t2.c/lasso_trace_144.txt,TERMINATING,0.34,126.07,221.13,10.00,TERMINATING,92,27,119,Affine Template / Affine Template
ATVA2026_benchmark/TERM_LASSO//lasso_traces_new_ex.t2.c/lasso_trace_145.txt,TERMINATING,0.26,134.38,149.67,10.00,TERMINATING,92,27,119,Affine Template / Affine Template
ATVA2026_benchmark/TERM_LASSO//lasso_traces_new_ex.t2.c/lasso_trace_146.txt,TERMINATING,0.30,63.76,48.75,10.00,TERMINATING,92,27,119,Affine Template / Affine Template
ATVA2026_benchmark/TERM_LASSO//lasso_traces_new_ex.t2.c/lasso_trace_147.txt,TERMINATING,0.27,183.42,198.17,10.00,TERMINATING,92,27,119,Affine Template / Affine Template
ATVA2026_benchmark/TERM_LASSO//lasso_traces_new_ex.t2.c/lasso_trace_148.txt,TERMINATING,0.41,148.58,44.68,12.00,TERMINATING,92,27,119,Affine Template / Affine Template
ATVA2026_benchmark/TERM_LASSO//lasso_traces_new_ex.t2.c/lasso_trace_149.txt,TERMINATING,0.28,221.42,154.16,11.00,TERMINATING,92,27,119,Affine Template / Affine Template
ATVA2026_benchmark/TERM_LASSO//lasso_traces_new_ex.t2.c/lasso_trace_15.txt,TERMINATING,0.43,201.47,279.88,14.00,TERMINATING,92,27,119,Affine Template / Affine Template
ATVA2026_benchmark/TERM_LASSO//lasso_traces_new_ex.t2.c/lasso_trace_150.txt,TERMINATING,0.27,133.19,166.56,11.00,TERMINATING,92,27,119,Affine Template / Affine Template
ATVA2026_benchmark/TERM_LASSO//lasso_traces_new_ex.t2.c/lasso_trace_151.txt,TERMINATING,0.22,195.20,265.68,10.00,TERMINATING,92,27,119,Affine Template / Affine Template
ATVA2026_benchmark/TERM_LASSO//lasso_traces_new_ex.t2.c/lasso_trace_152.txt,TERMINATING,0.32,121.13,100.89,10.00,TERMINATING,92,27,119,Affine Template / Affine Template
ATVA2026_benchmark/TERM_LASSO//lasso_traces_new_ex.t2.c/lasso_trace_153.txt,TERMINATING,0.72,57.48,316.52,10.00,TERMINATING,92,27,119,Affine Template / Affine Template
ATVA2026_benchmark/TERM_LASSO//lasso_traces_new_ex.t2.c/lasso_trace_154.txt,TERMINATING,0.29,170.51,207.13,13.00,TERMINATING,92,27,119,Affine Template / Affine Template
ATVA2026_benchmark/TERM_LASSO//lasso_traces_new_ex.t2.c/lasso_trace_155.txt,TERMINATING,0.27,27.05,78.74,10.00,TERMINATING,92,27,119,Affine Template / Affine Template
ATVA2026_benchmark/TERM_LASSO//lasso_traces_new_ex.t2.c/lasso_trace_156.txt,TERMINATING,0.27,218.10,60.81,10.00,TERMINATING,92,27,119,Affine Template / Affine Template
ATVA2026_benchmark/TERM_LASSO//lasso_traces_new_ex.t2.c/lasso_trace_157.txt,TERMINATING,0.28,175.82,214.06,13.00,TERMINATING,92,27,119,Affine Template / Affine Template
ATVA2026_benchmark/TERM_LASSO//lasso_traces_new_ex.t2.c/lasso_trace_158.txt,TERMINATING,0.28,230.28,186.35,10.00,TERMINATING,92,27,119,Affine Template / Affine Template
ATVA2026_benchmark/TERM_LASSO//lasso_traces_new_ex.t2.c/lasso_trace_159.txt,TERMINATING,0.26,225.56,251.01,14.00,TERMINATING,92,27,119,Affine Template / Affine Template
ATVA2026_benchmark/TERM_LASSO//lasso_traces_new_ex.t2.c/lasso_trace_16.txt,TERMINATING,0.46,176.35,268.64,11.00,TERMINATING,92,27,119,Affine Template / Affine Template
ATVA2026_benchmark/TERM_LASSO//lasso_traces_new_ex.t2.c/lasso_trace_160.txt,TERMINATING,0.23,160.76,95.80,15.00,TERMINATING,92,27,119,Affine Template / Affine Template
ATVA2026_benchmark/TERM_LASSO//lasso_traces_new_ex.t2.c/lasso_trace_161.txt,TERMINATING,0.28,224.27,334.93,11.00,TERMINATING,92,27,119,Affine Template / Affine Template
ATVA2026_benchmark/TERM_LASSO//lasso_traces_new_ex.t2.c/lasso_trace_162.txt,TERMINATING,0.29,221.91,304.81,10.00,TERMINATING,92,27,119,Affine Template / Affine Template
ATVA2026_benchmark/TERM_LASSO//lasso_traces_new_ex.t2.c/lasso_trace_163.txt,TERMINATING,0.33,184.63,103.67,10.00,TERMINATING,92,27,119,Affine Template / Affine Template
ATVA2026_benchmark/TERM_LASSO//lasso_traces_new_ex.t2.c/lasso_trace_164.txt,TERMINATING,0.25,191.18,220.91,11.00,TERMINATING,92,27,119,Affine Template / Affine Template
ATVA2026_benchmark/TERM_LASSO//lasso_traces_new_ex.t2.c/lasso_trace_165.txt,TERMINATING,0.30,123.27,117.17,10.00,TERMINATING,92,27,119,Affine Template / Affine Template
ATVA2026_benchmark/TERM_LASSO//lasso_traces_new_ex.t2.c/lasso_trace_166.txt,TERMINATING,0.24,254.76,289.80,12.00,TERMINATING,92,27,119,Affine Template / Affine Template
ATVA2026_benchmark/TERM_LASSO//lasso_traces_new_ex.t2.c/lasso_trace_167.txt,TERMINATING,0.30,102.51,201.91,11.00,TERMINATING,92,27,119,Affine Template / Affine Template
ATVA2026_benchmark/TERM_LASSO//lasso_traces_new_ex.t2.c/lasso_trace_168.txt,TERMINATING,0.31,88.71,132.34,11.00,TERMINATING,92,27,119,Affine Template / Affine Template
ATVA2026_benchmark/TERM_LASSO//lasso_traces_new_ex.t2.c/lasso_trace_169.txt,TERMINATING,0.24,73.09,98.66,13.00,TERMINATING,92,27,119,Affine Template / Affine Template
ATVA2026_benchmark/TERM_LASSO//lasso_traces_new_ex.t2.c/lasso_trace_17.txt,TERMINATING,0.26,53.35,66.71,10.00,TERMINATING,92,27,119,Affine Template / Affine Template
ATVA2026_benchmark/TERM_LASSO//lasso_traces_new_ex.t2.c/lasso_trace_170.txt,TERMINATING,0.29,142.76,224.90,10.00,TERMINATING,92,27,119,Affine Template / Affine Template
ATVA2026_benchmark/TERM_LASSO//lasso_traces_new_ex.t2.c/lasso_trace_171.txt,TERMINATING,0.30,115.56,264.38,10.00,TERMINATING,92,27,119,Affine Template / Affine Template
ATVA2026_benchmark/TERM_LASSO//lasso_traces_new_ex.t2.c/lasso_trace_172.txt,TERMINATING,0.43,157.06,188.58,10.00,TERMINATING,92,27,119,Affine Template / Affine Template
ATVA2026_benchmark/TERM_LASSO//lasso_traces_new_ex.t2.c/lasso_trace_173.txt,TERMINATING,0.33,205.05,220.99,13.00,TERMINATING,92,27,119,Affine Template / Affine Template
ATVA2026_benchmark/TERM_LASSO//lasso_traces_new_ex.t2.c/lasso_trace_174.txt,TERMINATING,0.27,255.92,275.25,10.00,TERMINATING,92,27,119,Affine Template / Affine Template
ATVA2026_benchmark/TERM_LASSO//lasso_traces_new_ex.t2.c/lasso_trace_175.txt,TERMINATING,0.27,109.22,103.61,13.00,TERMINATING,92,27,119,Affine Template / Affine Template
ATVA2026_benchmark/TERM_LASSO//lasso_traces_new_ex.t2.c/lasso_trace_176.txt,TERMINATING,0.23,69.59,71.52,10.00,TERMINATING,92,27,119,Affine Template / Affine Template
ATVA2026_benchmark/TERM_LASSO//lasso_traces_new_ex.t2.c/lasso_trace_177.txt,TERMINATING,0.23,142.33,128.97,10.00,TERMINATING,92,27,119,Affine Template / Affine Template
ATVA2026_benchmark/TERM_LASSO//lasso_traces_new_ex.t2.c/lasso_trace_178.txt,TERMINATING,0.26,107.12,115.69,13.00,TERMINATING,92,27,119,Affine Template / Affine Template
ATVA2026_benchmark/TERM_LASSO//lasso_traces_new_ex.t2.c/lasso_trace_179.txt,TERMINATING,0.33,202.74,279.91,10.00,TERMINATING,92,27,119,Affine Template / Affine Template
ATVA2026_benchmark/TERM_LASSO//lasso_traces_new_ex.t2.c/lasso_trace_18.txt,TERMINATING,0.27,167.05,153.35,10.00,TERMINATING,92,27,119,Affine Template / Affine Template
ATVA2026_benchmark/TERM_LASSO//lasso_traces_new_ex.t2.c/lasso_trace_180.txt,TERMINATING,0.26,140.05,190.67,13.00,TERMINATING,92,27,119,Affine Template / Affine Template
ATVA2026_benchmark/TERM_LASSO//lasso_traces_new_ex.t2.c/lasso_trace_19.txt,TERMINATING,0.27,115.72,73.56,14.00,TERMINATING,92,27,119,Affine Template / Affine Template
ATVA2026_benchmark/TERM_LASSO//lasso_traces_new_ex.t2.c/lasso_trace_2.txt,TERMINATING,0.40,199.56,238.16,35.00,TERMINATING,35,44,79,Affine Template / Affine Template
ATVA2026_benchmark/TERM_LASSO//lasso_traces_new_ex.t2.c/lasso_trace_20.txt,TERMINATING,0.29,212.78,218.19,11.00,TERMINATING,92,27,119,Affine Template / Affine Template
ATVA2026_benchmark/TERM_LASSO//lasso_traces_new_ex.t2.c/lasso_trace_21.txt,TERMINATING,0.26,139.75,153.29,10.00,TERMINATING,92,27,119,Affine Template / Affine Template
ATVA2026_benchmark/TERM_LASSO//lasso_traces_new_ex.t2.c/lasso_trace_22.txt,TERMINATING,0.29,264.63,306.87,10.00,TERMINATING,92,27,119,Affine Template / Affine Template
ATVA2026_benchmark/TERM_LASSO//lasso_traces_new_ex.t2.c/lasso_trace_23.txt,TERMINATING,0.27,136.49,129.24,10.00,TERMINATING,92,27,119,Affine Template / Affine Template
ATVA2026_benchmark/TERM_LASSO//lasso_traces_new_ex.t2.c/lasso_trace_24.txt,TERMINATING,0.26,163.51,200.81,10.00,TERMINATING,92,27,119,Affine Template / Affine Template
ATVA2026_benchmark/TERM_LASSO//lasso_traces_new_ex.t2.c/lasso_trace_25.txt,TERMINATING,0.28,256.97,248.04,13.00,TERMINATING,92,27,119,Affine Template / Affine Template
ATVA2026_benchmark/TERM_LASSO//lasso_traces_new_ex.t2.c/lasso_trace_26.txt,TERMINATING,0.28,212.36,288.46,10.00,TERMINATING,92,27,119,Affine Template / Affine Template
ATVA2026_benchmark/TERM_LASSO//lasso_traces_new_ex.t2.c/lasso_trace_27.txt,TERMINATING,0.26,26.04,185.99,11.00,TERMINATING,92,27,119,Affine Template / Affine Template
ATVA2026_benchmark/TERM_LASSO//lasso_traces_new_ex.t2.c/lasso_trace_28.txt,TERMINATING,0.26,186.56,127.43,10.00,TERMINATING,92,27,119,Affine Template / Affine Template
ATVA2026_benchmark/TERM_LASSO//lasso_traces_new_ex.t2.c/lasso_trace_29.txt,TERMINATING,0.28,119.56,180.56,11.00,TERMINATING,92,27,119,Affine Template / Affine Template
ATVA2026_benchmark/TERM_LASSO//lasso_traces_new_ex.t2.c/lasso_trace_3.txt,TERMINATING,0.34,99.78,158.55,31.00,TERMINATING,48,22,70,Affine Template / Affine Template
ATVA2026_benchmark/TERM_LASSO//lasso_traces_new_ex.t2.c/lasso_trace_30.txt,TERMINATING,0.27,137.60,169.36,13.00,TERMINATING,92,27,119,Affine Template / Affine Template
ATVA2026_benchmark/TERM_LASSO//lasso_traces_new_ex.t2.c/lasso_trace_31.txt,TERMINATING,0.37,143.66,156.31,13.00,TERMINATING,92,27,119,Affine Template / Affine Template
ATVA2026_benchmark/TERM_LASSO//lasso_traces_new_ex.t2.c/lasso_trace_32.txt,TERMINATING,0.30,89.35,123.64,10.00,TERMINATING,92,27,119,Affine Template / Affine Template
ATVA2026_benchmark/TERM_LASSO//lasso_traces_new_ex.t2.c/lasso_trace_33.txt,TERMINATING,0.33,121.09,39.86,12.00,TERMINATING,92,27,119,Affine Template / Affine Template
ATVA2026_benchmark/TERM_LASSO//lasso_traces_new_ex.t2.c/lasso_trace_34.txt,TERMINATING,0.26,190.78,203.86,11.00,TERMINATING,92,27,119,Affine Template / Affine Template
ATVA2026_benchmark/TERM_LASSO//lasso_traces_new_ex.t2.c/lasso_trace_35.txt,TERMINATING,0.29,210.60,311.90,11.00,TERMINATING,92,27,119,Affine Template / Affine Template
ATVA2026_benchmark/TERM_LASSO//lasso_traces_new_ex.t2.c/lasso_trace_36.txt,TERMINATING,0.28,174.16,237.16,10.00,TERMINATING,92,27,119,Affine Template / Affine Template
ATVA2026_benchmark/TERM_LASSO//lasso_traces_new_ex.t2.c/lasso_trace_37.txt,TERMINATING,0.27,85.41,50.06,11.00,TERMINATING,92,27,119,Affine Template / Affine Template
ATVA2026_benchmark/TERM_LASSO//lasso_traces_new_ex.t2.c/lasso_trace_38.txt,TERMINATING,0.29,206.81,254.83,13.00,TERMINATING,92,27,119,Affine Template / Affine Template
ATVA2026_benchmark/TERM_LASSO//lasso_traces_new_ex.t2.c/lasso_trace_39.txt,TERMINATING,0.27,172.27,327.55,13.00,TERMINATING,92,27,119,Affine Template / Affine Template
ATVA2026_benchmark/TERM_LASSO//lasso_traces_new_ex.t2.c/lasso_trace_4.txt,TERMINATING,0.35,116.96,97.17,34.00,TERMINATING,61,27,88,Affine Template / Affine Template
ATVA2026_benchmark/TERM_LASSO//lasso_traces_new_ex.t2.c/lasso_trace_40.txt,TERMINATING,0.30,195.93,283.12,13.00,TERMINATING,92,27,119,Affine Template / Affine Template
ATVA2026_benchmark/TERM_LASSO//lasso_traces_new_ex.t2.c/lasso_trace_41.txt,TERMINATING,0.28,131.94,258.28,13.00,TERMINATING,92,27,119,Affine Template / Affine Template
ATVA2026_benchmark/TERM_LASSO//lasso_traces_new_ex.t2.c/lasso_trace_42.txt,TERMINATING,0.28,111.92,122.22,10.00,TERMINATING,92,27,119,Affine Template / Affine Template
ATVA2026_benchmark/TERM_LASSO//lasso_traces_new_ex.t2.c/lasso_trace_43.txt,TERMINATING,0.27,152.77,170.85,10.00,TERMINATING,92,27,119,Affine Template / Affine Template
ATVA2026_benchmark/TERM_LASSO//lasso_traces_new_ex.t2.c/lasso_trace_44.txt,TERMINATING,0.29,217.76,310.62,10.00,TERMINATING,92,27,119,Affine Template / Affine Template
ATVA2026_benchmark/TERM_LASSO//lasso_traces_new_ex.t2.c/lasso_trace_45.txt,TERMINATING,0.34,185.12,216.34,10.00,TERMINATING,92,27,119,Affine Template / Affine Template
ATVA2026_benchmark/TERM_LASSO//lasso_traces_new_ex.t2.c/lasso_trace_46.txt,TERMINATING,0.32,163.77,230.29,10.00,TERMINATING,92,27,119,Affine Template / Affine Template
ATVA2026_benchmark/TERM_LASSO//lasso_traces_new_ex.t2.c/lasso_trace_47.txt,TERMINATING,0.30,71.40,115.25,10.00,TERMINATING,92,27,119,Affine Template / Affine Template
ATVA2026_benchmark/TERM_LASSO//lasso_traces_new_ex.t2.c/lasso_trace_48.txt,TERMINATING,0.26,248.29,257.44,17.00,TERMINATING,92,27,119,Affine Template / Affine Template
ATVA2026_benchmark/TERM_LASSO//lasso_traces_new_ex.t2.c/lasso_trace_49.txt,TERMINATING,0.28,98.15,193.08,10.00,TERMINATING,92,27,119,Affine Template / Affine Template
ATVA2026_benchmark/TERM_LASSO//lasso_traces_new_ex.t2.c/lasso_trace_50.txt,TERMINATING,0.27,122.08,49.01,10.00,TERMINATING,92,27,119,Affine Template / Affine Template
ATVA2026_benchmark/TERM_LASSO//lasso_traces_new_ex.t2.c/lasso_trace_51.txt,TERMINATING,0.35,119.84,162.33,10.00,TERMINATING,92,27,119,Affine Template / Affine Template
ATVA2026_benchmark/TERM_LASSO//lasso_traces_new_ex.t2.c/lasso_trace_52.txt,TERMINATING,0.26,78.60,134.55,10.00,TERMINATING,92,27,119,Affine Template / Affine Template
ATVA2026_benchmark/TERM_LASSO//lasso_traces_new_ex.t2.c/lasso_trace_53.txt,TERMINATING,0.34,108.71,41.99,11.00,TERMINATING,92,27,119,Affine Template / Affine Template
ATVA2026_benchmark/TERM_LASSO//lasso_traces_new_ex.t2.c/lasso_trace_54.txt,TERMINATING,0.27,214.43,280.30,13.00,TERMINATING,92,27,119,Affine Template / Affine Template
ATVA2026_benchmark/TERM_LASSO//lasso_traces_new_ex.t2.c/lasso_trace_55.txt,TERMINATING,0.28,243.05,289.60,10.00,TERMINATING,92,27,119,Affine Template / Affine Template
ATVA2026_benchmark/TERM_LASSO//lasso_traces_new_ex.t2.c/lasso_trace_56.txt,TERMINATING,0.28,105.93,111.05,10.00,TERMINATING,92,27,119,Affine Template / Affine Template
ATVA2026_benchmark/TERM_LASSO//lasso_traces_new_ex.t2.c/lasso_trace_57.txt,TERMINATING,0.29,141.18,185.46,10.00,TERMINATING,92,27,119,Affine Template / Affine Template
ATVA2026_benchmark/TERM_LASSO//lasso_traces_new_ex.t2.c/lasso_trace_58.txt,TERMINATING,0.30,197.93,217.13,13.00,TERMINATING,92,27,119,Affine Template / Affine Template
ATVA2026_benchmark/TERM_LASSO//lasso_traces_new_ex.t2.c/lasso_trace_59.txt,TERMINATING,0.28,172.38,241.06,10.00,TERMINATING,92,27,119,Affine Template / Affine Template
ATVA2026_benchmark/TERM_LASSO//lasso_traces_new_ex.t2.c/lasso_trace_6.txt,TERMINATING,0.29,213.86,243.26,10.00,TERMINATING,92,27,119,Affine Template / Affine Template
ATVA2026_benchmark/TERM_LASSO//lasso_traces_new_ex.t2.c/lasso_trace_60.txt,TERMINATING,0.35,207.50,258.14,10.00,TERMINATING,92,27,119,Affine Template / Affine Template
ATVA2026_benchmark/TERM_LASSO//lasso_traces_new_ex.t2.c/lasso_trace_61.txt,TERMINATING,0.41,151.66,40.76,12.00,TERMINATING,92,27,119,Affine Template / Affine Template
ATVA2026_benchmark/TERM_LASSO//lasso_traces_new_ex.t2.c/lasso_trace_62.txt,TERMINATING,0.28,249.86,325.80,10.00,TERMINATING,92,27,119,Affine Template / Affine Template
ATVA2026_benchmark/TERM_LASSO//lasso_traces_new_ex.t2.c/lasso_trace_63.txt,TERMINATING,0.27,28.11,294.33,13.00,TERMINATING,92,27,119,Affine Template / Affine Template
ATVA2026_benchmark/TERM_LASSO//lasso_traces_new_ex.t2.c/lasso_trace_64.txt,TERMINATING,0.28,175.18,213.50,13.00,TERMINATING,92,27,119,Affine Template / Affine Template
ATVA2026_benchmark/TERM_LASSO//lasso_traces_new_ex.t2.c/lasso_trace_65.txt,TERMINATING,0.31,182.28,266.64,10.00,TERMINATING,92,27,119,Affine Template / Affine Template
ATVA2026_benchmark/TERM_LASSO//lasso_traces_new_ex.t2.c/lasso_trace_66.txt,TERMINATING,0.28,133.54,169.68,10.00,TERMINATING,92,27,119,Affine Template / Affine Template
ATVA2026_benchmark/TERM_LASSO//lasso_traces_new_ex.t2.c/lasso_trace_67.txt,TERMINATING,0.27,224.42,317.66,11.00,TERMINATING,92,27,119,Affine Template / Affine Template
ATVA2026_benchmark/TERM_LASSO//lasso_traces_new_ex.t2.c/lasso_trace_68.txt,TERMINATING,0.28,251.61,299.60,11.00,TERMINATING,92,27,119,Affine Template / Affine Template
ATVA2026_benchmark/TERM_LASSO//lasso_traces_new_ex.t2.c/lasso_trace_69.txt,TERMINATING,0.31,108.60,145.67,13.00,TERMINATING,92,27,119,Affine Template / Affine Template
ATVA2026_benchmark/TERM_LASSO//lasso_traces_new_ex.t2.c/lasso_trace_7.txt,TERMINATING,0.33,54.60,64.65,11.00,TERMINATING,92,27,119,Affine Template / Affine Template
ATVA2026_benchmark/TERM_LASSO//lasso_traces_new_ex.t2.c/lasso_trace_70.txt,TERMINATING,0.39,45.17,51.17,10.00,TERMINATING,92,27,119,Affine Template / Affine Template
ATVA2026_benchmark/TERM_LASSO//lasso_traces_new_ex.t2.c/lasso_trace_71.txt,TERMINATING,0.29,145.57,324.39,10.00,TERMINATING,92,27,119,Affine Template / Affine Template
ATVA2026_benchmark/TERM_LASSO//lasso_traces_new_ex.t2.c/lasso_trace_72.txt,TERMINATING,0.29,119.49,323.20,12.00,TERMINATING,92,27,119,Affine Template / Affine Template
ATVA2026_benchmark/TERM_LASSO//lasso_traces_new_ex.t2.c/lasso_trace_73.txt,TERMINATING,0.35,37.45,259.31,13.00,TERMINATING,92,27,119,Affine Template / Affine Template
ATVA2026_benchmark/TERM_LASSO//lasso_traces_new_ex.t2.c/lasso_trace_74.txt,TERMINATING,0.25,166.82,179.44,10.00,TERMINATING,92,27,119,Affine Template / Affine Template
ATVA2026_benchmark/TERM_LASSO//lasso_traces_new_ex.t2.c/lasso_trace_75.txt,TERMINATING,0.27,158.12,179.94,11.00,TERMINATING,92,27,119,Affine Template / Affine Template
ATVA2026_benchmark/TERM_LASSO//lasso_traces_new_ex.t2.c/lasso_trace_76.txt,TERMINATING,0.32,221.72,276.86,10.00,TERMINATING,92,27,119,Affine Template / Affine Template
ATVA2026_benchmark/TERM_LASSO//lasso_traces_new_ex.t2.c/lasso_trace_77.txt,TERMINATING,0.30,219.94,309.76,11.00,TERMINATING,92,27,119,Affine Template / Affine Template
ATVA2026_benchmark/TERM_LASSO//lasso_traces_new_ex.t2.c/lasso_trace_78.txt,TERMINATING,0.30,240.33,275.31,10.00,TERMINATING,92,27,119,Affine Template / Affine Template
ATVA2026_benchmark/TERM_LASSO//lasso_traces_new_ex.t2.c/lasso_trace_79.txt,TERMINATING,0.33,202.11,309.30,15.00,TERMINATING,92,27,119,Affine Template / Affine Template
ATVA2026_benchmark/TERM_LASSO//lasso_traces_new_ex.t2.c/lasso_trace_8.txt,TERMINATING,0.25,36.72,38.48,13.00,TERMINATING,92,27,119,Affine Template / Affine Template
ATVA2026_benchmark/TERM_LASSO//lasso_traces_new_ex.t2.c/lasso_trace_80.txt,TERMINATING,0.25,219.61,267.30,11.00,TERMINATING,92,27,119,Affine Template / Affine Template
ATVA2026_benchmark/TERM_LASSO//lasso_traces_new_ex.t2.c/lasso_trace_81.txt,TERMINATING,0.29,231.44,324.51,10.00,TERMINATING,92,27,119,Affine Template / Affine Template
ATVA2026_benchmark/TERM_LASSO//lasso_traces_new_ex.t2.c/lasso_trace_82.txt,TERMINATING,0.38,173.68,195.38,10.00,TERMINATING,92,27,119,Affine Template / Affine Template
ATVA2026_benchmark/TERM_LASSO//lasso_traces_new_ex.t2.c/lasso_trace_83.txt,TERMINATING,0.30,214.53,51.63,10.00,TERMINATING,92,27,119,Affine Template / Affine Template
ATVA2026_benchmark/TERM_LASSO//lasso_traces_new_ex.t2.c/lasso_trace_84.txt,TERMINATING,0.29,85.86,98.45,10.00,TERMINATING,92,27,119,Affine Template / Affine Template
ATVA2026_benchmark/TERM_LASSO//lasso_traces_new_ex.t2.c/lasso_trace_85.txt,TERMINATING,0.36,123.83,157.55,10.00,TERMINATING,92,27,119,Affine Template / Affine Template
ATVA2026_benchmark/TERM_LASSO//lasso_traces_new_ex.t2.c/lasso_trace_86.txt,TERMINATING,0.28,204.15,308.07,15.00,TERMINATING,92,27,119,Affine Template / Affine Template
ATVA2026_benchmark/TERM_LASSO//lasso_traces_new_ex.t2.c/lasso_trace_87.txt,TERMINATING,0.28,218.94,301.04,10.00,TERMINATING,92,27,119,Affine Template / Affine Template
ATVA2026_benchmark/TERM_LASSO//lasso_traces_new_ex.t2.c/lasso_trace_88.txt,TERMINATING,0.36,100.67,304.74,10.00,TERMINATING,92,27,119,Affine Template / Affine Template
ATVA2026_benchmark/TERM_LASSO//lasso_traces_new_ex.t2.c/lasso_trace_89.txt,TERMINATING,0.42,55.60,80.25,10.00,TERMINATING,92,27,119,Affine Template / Affine Template
ATVA2026_benchmark/TERM_LASSO//lasso_traces_new_ex.t2.c/lasso_trace_9.txt,TERMINATING,0.28,29.49,253.65,10.00,TERMINATING,92,27,119,Affine Template / Affine Template
ATVA2026_benchmark/TERM_LASSO//lasso_traces_new_ex.t2.c/lasso_trace_90.txt,TERMINATING,0.30,180.38,274.75,13.00,TERMINATING,92,27,119,Affine Template / Affine Template
ATVA2026_benchmark/TERM_LASSO//lasso_traces_new_ex.t2.c/lasso_trace_91.txt,TERMINATING,0.42,226.46,274.64,11.00,TERMINATING,92,27,119,Affine Template / Affine Template
ATVA2026_benchmark/TERM_LASSO//lasso_traces_new_ex.t2.c/lasso_trace_92.txt,TERMINATING,0.31,116.03,131.70,10.00,TERMINATING,92,27,119,Affine Template / Affine Template
ATVA2026_benchmark/TERM_LASSO//lasso_traces_new_ex.t2.c/lasso_trace_93.txt,TERMINATING,0.29,116.04,51.07,10.00,TERMINATING,92,27,119,Affine Template / Affine Template
ATVA2026_benchmark/TERM_LASSO//lasso_traces_new_ex.t2.c/lasso_trace_94.txt,TERMINATING,0.35,127.43,326.18,10.00,TERMINATING,92,27,119,Affine Template / Affine Template
ATVA2026_benchmark/TERM_LASSO//lasso_traces_new_ex.t2.c/lasso_trace_95.txt,TERMINATING,0.28,100.03,103.06,13.00,TERMINATING,92,27,119,Affine Template / Affine Template
ATVA2026_benchmark/TERM_LASSO//lasso_traces_new_ex.t2.c/lasso_trace_96.txt,TERMINATING,0.32,34.46,37.72,10.00,TERMINATING,92,27,119,Affine Template / Affine Template
ATVA2026_benchmark/TERM_LASSO//lasso_traces_new_ex.t2.c/lasso_trace_97.txt,TERMINATING,0.33,86.34,141.33,10.00,TERMINATING,92,27,119,Affine Template / Affine Template
ATVA2026_benchmark/TERM_LASSO//lasso_traces_new_ex.t2.c/lasso_trace_98.txt,TERMINATING,0.26,236.62,322.07,11.00,TERMINATING,92,27,119,Affine Template / Affine Template
ATVA2026_benchmark/TERM_LASSO//lasso_traces_new_ex.t2.c/lasso_trace_99.txt,TERMINATING,0.27,94.91,144.96,10.00,TERMINATING,92,27,119,Affine Template / Affine Template
ATVA2026_benchmark/TERM_LASSO//lasso_traces_n_firewire_instrumented-PP.t2.c/lasso_trace_1.txt,TERMINATING,1.73,209.70,240.77,11.00,TERMINATING,50,45,95,Affine Template / Affine Template
ATVA2026_benchmark/TERM_LASSO//lasso_traces_n_firewire_instrumented-PP.t2.c/lasso_trace_11.txt,TERMINATING,0.37,365.55,485.19,19.00,TERMINATING,226,45,271,Affine Template / Affine Template
ATVA2026_benchmark/TERM_LASSO//lasso_traces_n_firewire_instrumented-PP.t2.c/lasso_trace_13.txt,TERMINATING,0.33,118.12,443.04,25.00,TERMINATING,250,178,428,Affine Template / Affine Template
ATVA2026_benchmark/TERM_LASSO//lasso_traces_n_firewire_instrumented-PP.t2.c/lasso_trace_14.txt,TERMINATING,0.35,108.55,211.04,17.00,TERMINATING,252,45,297,Affine Template / Affine Template
ATVA2026_benchmark/TERM_LASSO//lasso_traces_n_firewire_instrumented-PP.t2.c/lasso_trace_15.txt,TERMINATING,0.39,165.19,236.37,25.00,TERMINATING,408,45,453,Affine Template / Affine Template
ATVA2026_benchmark/TERM_LASSO//lasso_traces_n_firewire_instrumented-PP.t2.c/lasso_trace_16.txt,TERMINATING,0.36,386.88,484.40,16.00,TERMINATING,430,45,475,Affine Template / Affine Template
ATVA2026_benchmark/TERM_LASSO//lasso_traces_n_firewire_instrumented-PP.t2.c/lasso_trace_9.txt,TERMINATING,0.54,173.25,138.27,24.00,TERMINATING,224,182,406,Affine Template / Affine Template
ATVA2026_benchmark/TERM_LASSO//lasso_traces_NondeterministicLocalVarInitialValues.c/lasso_trace_1.txt,TERMINATING,1.75,79.34,69.88,6.00,TERMINATING,5,3,8,Affine Template / Affine Template
ATVA2026_benchmark/TERM_LASSO//lasso_traces_NondeterministicSvcomp.c/lasso_trace_1.txt,TERMINATING,1.74,94.54,58.70,8.00,TERMINATING,5,3,8,Affine Template / Affine Template
ATVA2026_benchmark/TERM_LASSO//lasso_traces_NonterminatingForLoopUnsafe.c/lasso_trace_1.txt,TERMINATING,2.20,76.83,61.93,9.00,TERMINATING,5,2,7,Affine Template / Affine Template
ATVA2026_benchmark/TERM_LASSO//lasso_traces_NonTermination2.c/lasso_trace_1.txt,TERMINATING,1.74,112.42,112.39,12.00,TERMINATING,5,1,6,Affine Template / Affine Template
ATVA2026_benchmark/TERM_LASSO//lasso_traces_NonTermination2_false-termination.c/lasso_trace_1.txt,TERMINATING,1.73,114.34,111.48,11.00,TERMINATING,5,1,6,Affine Template / Affine Template
ATVA2026_benchmark/TERM_LASSO//lasso_traces_NonTermination2_no-overflow.c/lasso_trace_1.txt,TERMINATING,2.87,119.14,106.94,12.00,TERMINATING,5,1,6,Affine Template / Affine Template
ATVA2026_benchmark/TERM_LASSO//lasso_traces_NoriSharma-FSE2013-Fig7.c/lasso_trace_1.txt,TERMINATING,2.50,107.51,52.47,28.00,TERMINATING,5,1,6,Affine Template / Affine Template
ATVA2026_benchmark/TERM_LASSO//lasso_traces_NoriSharma-FSE2013-Fig7_no-overflow.c/lasso_trace_1.txt,TERMINATING,2.31,113.68,58.75,28.00,TERMINATING,5,1,6,Affine Template / Affine Template
ATVA2026_benchmark/TERM_LASSO//lasso_traces_NoriSharma-FSE2013-Fig7_true-termination.c/lasso_trace_1.txt,TERMINATING,3.07,109.24,51.11,33.00,TERMINATING,5,1,6,Affine Template / Affine Template
ATVA2026_benchmark/TERM_LASSO//lasso_traces_NoriSharma-FSE2013-Fig8.c/lasso_trace_1.txt,TERMINATING,2.01,169.88,69.49,27.00,TERMINATING,5,1,6,Affine Template / Affine Template
ATVA2026_benchmark/TERM_LASSO//lasso_traces_NoriSharma-FSE2013-Fig8_no-overflow.c/lasso_trace_1.txt,TERMINATING,2.37,176.14,66.96,29.00,TERMINATING,5,1,6,Affine Template / Affine Template
ATVA2026_benchmark/TERM_LASSO//lasso_traces_NoriSharma-FSE2013-Fig8_true-termination.c/lasso_trace_1.txt,TERMINATING,1.86,174.89,69.26,27.00,TERMINATING,5,1,6,Affine Template / Affine Template
ATVA2026_benchmark/TERM_LASSO//lasso_traces_not-01.c/lasso_trace_1.txt,TERMINATING,2.31,246.13,39.92,17.00,TERMINATING,5,1,6,2-Nested Template / Affine Template
ATVA2026_benchmark/TERM_LASSO//lasso_traces_not-01_termination.c/lasso_trace_1.txt,TERMINATING,2.47,276.53,41.29,17.00,TERMINATING,5,1,6,2-Nested Template / Affine Template
ATVA2026_benchmark/TERM_LASSO//lasso_traces_not-03.c/lasso_trace_1.txt,TERMINATING,2.01,106.64,40.59,15.00,TERMINATING,5,1,6,Affine Template / Affine Template
ATVA2026_benchmark/TERM_LASSO//lasso_traces_not-03_termination.c/lasso_trace_1.txt,TERMINATING,2.45,111.21,45.52,13.00,TERMINATING,5,1,6,Affine Template / Affine Template
ATVA2026_benchmark/TERM_LASSO//lasso_traces_not-04.c/lasso_trace_1.txt,TERMINATING,0.96,1414.17,29.56,20.00,TERMINATING,6,1,7,2-Phase Template / Affine Template
ATVA2026_benchmark/TERM_LASSO//lasso_traces_not-04_termination.c/lasso_trace_1.txt,TERMINATING,0.64,1470.64,30.40,20.00,TERMINATING,6,1,7,2-Phase Template / Affine Template
ATVA2026_benchmark/TERM_LASSO//lasso_traces_not-05.c/lasso_trace_1.txt,TERMINATING,3.81,111.24,41.39,14.00,TERMINATING,5,1,6,Affine Template / Affine Template
ATVA2026_benchmark/TERM_LASSO//lasso_traces_not-05_termination.c/lasso_trace_1.txt,TERMINATING,3.44,118.54,37.93,14.00,TERMINATING,5,1,6,Affine Template / Affine Template
ATVA2026_benchmark/TERM_LASSO//lasso_traces_NullpointerAfterLastIteration.c/lasso_trace_1.txt,TERMINATING,1.89,164.38,59.52,16.00,TERMINATING,5,2,7,Affine Template / Affine Template
ATVA2026_benchmark/TERM_LASSO//lasso_traces_Nyala-2lex-1.c/lasso_trace_1.txt,TERMINATING,3.06,73.88,82.16,18.00,TERMINATING,5,1,6,Affine Template / Affine Template
ATVA2026_benchmark/TERM_LASSO//lasso_traces_Nyala-2lex-1_def-behavior.c/lasso_trace_1.txt,TERMINATING,2.04,82.21,80.71,14.00,TERMINATING,5,1,6,Affine Template / Affine Template
ATVA2026_benchmark/TERM_LASSO//lasso_traces_Nyala-2lex-2.c/lasso_trace_1.txt,TERMINATING,1.95,104.32,54.95,17.00,TERMINATING,5,1,6,Affine Template / Affine Template
ATVA2026_benchmark/TERM_LASSO//lasso_traces_Nyala-2lex-2_no-overflow.c/lasso_trace_1.txt,TERMINATING,1.95,104.36,57.63,18.00,TERMINATING,5,1,6,Affine Template / Affine Template
ATVA2026_benchmark/TERM_LASSO//lasso_traces_Nyala-2lex_true-termination.c/lasso_trace_1.txt,TERMINATING,2.07,70.69,93.12,20.00,TERMINATING,5,1,6,Affine Template / Affine Template
ATVA2026_benchmark/TERM_LASSO//lasso_traces_or-02.c/lasso_trace_1.txt,TERMINATING,1.95,176.07,37.66,25.00,TERMINATING,5,1,6,Affine Template / Affine Template
ATVA2026_benchmark/TERM_LASSO//lasso_traces_or-02_termination.c/lasso_trace_1.txt,TERMINATING,5.51,509.23,67.56,22.00,TERMINATING,5,1,6,Affine Template / Affine Template
ATVA2026_benchmark/TERM_LASSO//lasso_traces_or-03.c/lasso_trace_1.txt,TERMINATING,2.01,102.08,38.67,7.00,TERMINATING,5,1,6,Affine Template / Affine Template
ATVA2026_benchmark/TERM_LASSO//lasso_traces_or-03_termination.c/lasso_trace_1.txt,TERMINATING,2.59,208.15,58.13,7.00,TERMINATING,5,1,6,Affine Template / Affine Template
ATVA2026_benchmark/TERM_LASSO//lasso_traces_or-04.c/lasso_trace_2.txt,TERMINATING,1.86,93.50,94.82,10.00,TERMINATING,5,3,8,Affine Template / Affine Template
ATVA2026_benchmark/TERM_LASSO//lasso_traces_or-04_termination.c/lasso_trace_2.txt,TERMINATING,1.88,138.51,98.59,10.00,TERMINATING,5,3,8,Affine Template / Affine Template
ATVA2026_benchmark/TERM_LASSO//lasso_traces_or-06.c/lasso_trace_1.txt,TERMINATING,3.11,96.94,36.23,9.00,TERMINATING,5,1,6,Affine Template / Affine Template
ATVA2026_benchmark/TERM_LASSO//lasso_traces_or-06_termination.c/lasso_trace_1.txt,TERMINATING,3.55,116.00,37.18,9.00,TERMINATING,5,1,6,Affine Template / Affine Template
ATVA2026_benchmark/TERM_LASSO//lasso_traces_OrderDependentEquality.c/lasso_trace_1.txt,TERMINATING,1.94,90.70,48.21,18.00,TERMINATING,5,1,6,Affine Template / Affine Template
ATVA2026_benchmark/TERM_LASSO//lasso_traces_Overflow.c/lasso_trace_1.txt,TERMINATING,1.96,89.62,87.35,9.00,TERMINATING,5,1,6,Affine Template / Affine Template
ATVA2026_benchmark/TERM_LASSO//lasso_traces_Overflow_false-no-overflow_true-termination.c/lasso_trace_1.txt,TERMINATING,1.84,89.36,85.61,9.00,TERMINATING,5,1,6,Affine Template / Affine Template
ATVA2026_benchmark/TERM_LASSO//lasso_traces_p-12.t2.c/lasso_trace_1.txt,TERMINATING,2.16,99.60,122.07,6.00,TERMINATING,20,9,29,Affine Template / Affine Template
ATVA2026_benchmark/TERM_LASSO//lasso_traces_p-14.t2.c/lasso_trace_1.txt,TERMINATING,1.98,111.38,75.53,7.00,TERMINATING,20,13,33,Affine Template / Affine Template
ATVA2026_benchmark/TERM_LASSO//lasso_traces_p-15.t2.c/lasso_trace_1.txt,TERMINATING,1.78,88.28,56.95,5.00,TERMINATING,20,9,29,Affine Template / Affine Template
ATVA2026_benchmark/TERM_LASSO//lasso_traces_p-16.t2.c/lasso_trace_1.txt,TERMINATING,1.93,94.24,60.21,5.00,TERMINATING,20,9,29,Affine Template / Affine Template
ATVA2026_benchmark/TERM_LASSO//lasso_traces_p-18.t2.c/lasso_trace_1.txt,TERMINATING,1.84,89.46,59.63,5.00,TERMINATING,20,9,29,Affine Template / Affine Template
ATVA2026_benchmark/TERM_LASSO//lasso_traces_p-1b.t2.c/lasso_trace_1.txt,TERMINATING,2.55,132.58,147.98,9.00,TERMINATING,24,13,37,Affine Template / Affine Template
ATVA2026_benchmark/TERM_LASSO//lasso_traces_p-1d.t2.c/lasso_trace_1.txt,TERMINATING,1.94,119.04,142.51,11.00,TERMINATING,28,19,47,Affine Template / Affine Template
ATVA2026_benchmark/TERM_LASSO//lasso_traces_p-1d.t2.c/lasso_trace_2.txt,TERMINATING,0.40,81.23,78.93,31.00,TERMINATING,31,30,61,Affine Template / Affine Template
ATVA2026_benchmark/TERM_LASSO//lasso_traces_p-21.t2.c/lasso_trace_1.txt,TERMINATING,1.89,133.68,141.10,7.00,TERMINATING,24,14,38,Affine Template / Affine Template
ATVA2026_benchmark/TERM_LASSO//lasso_traces_p-21.t2.c/lasso_trace_2.txt,TERMINATING,0.51,66.02,26.65,7.00,TERMINATING,33,13,46,Affine Template / Affine Template
ATVA2026_benchmark/TERM_LASSO//lasso_traces_p-22.t2.c/lasso_trace_1.txt,TERMINATING,2.36,105.34,100.16,6.00,TERMINATING,25,9,34,Affine Template / Affine Template
ATVA2026_benchmark/TERM_LASSO//lasso_traces_p-37.t2.c/lasso_trace_1.txt,TERMINATING,1.99,57.73,90.38,14.00,TERMINATING,40,27,67,Affine Template / Affine Template
ATVA2026_benchmark/TERM_LASSO//lasso_traces_p-3.t2.c/lasso_trace_1.txt,TERMINATING,2.00,88.23,154.62,9.00,TERMINATING,24,15,39,Affine Template / Affine Template
ATVA2026_benchmark/TERM_LASSO//lasso_traces_p-40.t2.c/lasso_trace_1.txt,TERMINATING,1.96,181.12,188.94,8.00,TERMINATING,45,13,58,Affine Template / Affine Template
ATVA2026_benchmark/TERM_LASSO//lasso_traces_p-42.t2.c/lasso_trace_1.txt,TERMINATING,1.84,108.98,154.67,8.00,TERMINATING,24,14,38,Affine Template / Affine Template
ATVA2026_benchmark/TERM_LASSO//lasso_traces_p-42.t2.c/lasso_trace_2.txt,TERMINATING,0.56,108.12,140.07,28.00,TERMINATING,27,17,44,Affine Template / Affine Template
ATVA2026_benchmark/TERM_LASSO//lasso_traces_p-43.t2.c/lasso_trace_1.txt,TERMINATING,1.65,146.21,179.67,9.00,TERMINATING,28,29,57,Affine Template / Affine Template
ATVA2026_benchmark/TERM_LASSO//lasso_traces_p-43.t2.c/lasso_trace_10.txt,TERMINATING,0.32,172.21,224.24,13.00,TERMINATING,191,29,220,Affine Template / Affine Template
ATVA2026_benchmark/TERM_LASSO//lasso_traces_p-43.t2.c/lasso_trace_11.txt,TERMINATING,0.31,31.48,50.25,10.00,TERMINATING,191,29,220,Affine Template / Affine Template
ATVA2026_benchmark/TERM_LASSO//lasso_traces_p-43.t2.c/lasso_trace_12.txt,TERMINATING,0.25,49.71,65.52,16.00,TERMINATING,191,29,220,Affine Template / Affine Template
ATVA2026_benchmark/TERM_LASSO//lasso_traces_p-43.t2.c/lasso_trace_13.txt,TERMINATING,0.27,60.19,52.83,10.00,TERMINATING,191,29,220,Affine Template / Affine Template
ATVA2026_benchmark/TERM_LASSO//lasso_traces_p-43.t2.c/lasso_trace_14.txt,TERMINATING,0.36,146.33,174.65,13.00,TERMINATING,191,29,220,Affine Template / Affine Template
ATVA2026_benchmark/TERM_LASSO//lasso_traces_p-43.t2.c/lasso_trace_15.txt,TERMINATING,0.30,172.38,199.49,10.00,TERMINATING,191,29,220,Affine Template / Affine Template
ATVA2026_benchmark/TERM_LASSO//lasso_traces_p-43.t2.c/lasso_trace_16.txt,TERMINATING,0.30,174.77,102.89,9.00,TERMINATING,191,29,220,Affine Template / Affine Template
ATVA2026_benchmark/TERM_LASSO//lasso_traces_p-43.t2.c/lasso_trace_17.txt,TERMINATING,0.29,194.53,253.31,13.00,TERMINATING,191,29,220,Affine Template / Affine Template
ATVA2026_benchmark/TERM_LASSO//lasso_traces_p-43.t2.c/lasso_trace_18.txt,TERMINATING,0.25,193.75,231.97,10.00,TERMINATING,191,29,220,Affine Template / Affine Template
ATVA2026_benchmark/TERM_LASSO//lasso_traces_p-43.t2.c/lasso_trace_19.txt,TERMINATING,0.29,129.06,149.77,10.00,TERMINATING,191,29,220,Affine Template / Affine Template
ATVA2026_benchmark/TERM_LASSO//lasso_traces_p-43.t2.c/lasso_trace_2.txt,TERMINATING,0.79,76.01,82.36,25.00,TERMINATING,47,40,87,Affine Template / Affine Template
ATVA2026_benchmark/TERM_LASSO//lasso_traces_p-43.t2.c/lasso_trace_20.txt,TERMINATING,0.25,131.59,177.87,16.00,TERMINATING,191,29,220,Affine Template / Affine Template
ATVA2026_benchmark/TERM_LASSO//lasso_traces_p-43.t2.c/lasso_trace_21.txt,TERMINATING,0.30,62.25,38.20,10.00,TERMINATING,191,29,220,Affine Template / Affine Template
ATVA2026_benchmark/TERM_LASSO//lasso_traces_p-43.t2.c/lasso_trace_22.txt,TERMINATING,0.32,71.73,73.52,10.00,TERMINATING,191,29,220,Affine Template / Affine Template
ATVA2026_benchmark/TERM_LASSO//lasso_traces_p-43.t2.c/lasso_trace_23.txt,TERMINATING,0.30,114.26,152.26,10.00,TERMINATING,191,29,220,Affine Template / Affine Template
ATVA2026_benchmark/TERM_LASSO//lasso_traces_p-43.t2.c/lasso_trace_24.txt,TERMINATING,0.28,151.32,189.39,13.00,TERMINATING,191,29,220,Affine Template / Affine Template
ATVA2026_benchmark/TERM_LASSO//lasso_traces_p-43.t2.c/lasso_trace_25.txt,TERMINATING,0.29,121.83,169.42,13.00,TERMINATING,191,29,220,Affine Template / Affine Template
ATVA2026_benchmark/TERM_LASSO//lasso_traces_p-43.t2.c/lasso_trace_26.txt,TERMINATING,0.30,69.63,106.72,10.00,TERMINATING,191,29,220,Affine Template / Affine Template
ATVA2026_benchmark/TERM_LASSO//lasso_traces_p-43.t2.c/lasso_trace_27.txt,TERMINATING,0.37,151.52,148.14,13.00,TERMINATING,191,29,220,Affine Template / Affine Template
ATVA2026_benchmark/TERM_LASSO//lasso_traces_p-43.t2.c/lasso_trace_28.txt,TERMINATING,0.27,41.35,27.71,14.00,TERMINATING,191,29,220,Affine Template / Affine Template
ATVA2026_benchmark/TERM_LASSO//lasso_traces_p-43.t2.c/lasso_trace_29.txt,TERMINATING,0.25,197.71,241.79,13.00,TERMINATING,191,29,220,Affine Template / Affine Template
ATVA2026_benchmark/TERM_LASSO//lasso_traces_p-43.t2.c/lasso_trace_3.txt,TERMINATING,0.30,136.51,196.68,13.00,TERMINATING,84,29,113,Affine Template / Affine Template
ATVA2026_benchmark/TERM_LASSO//lasso_traces_p-43.t2.c/lasso_trace_30.txt,TERMINATING,0.31,39.17,54.25,10.00,TERMINATING,191,29,220,Affine Template / Affine Template
ATVA2026_benchmark/TERM_LASSO//lasso_traces_p-43.t2.c/lasso_trace_31.txt,TERMINATING,0.28,27.87,120.20,13.00,TERMINATING,191,29,220,Affine Template / Affine Template
ATVA2026_benchmark/TERM_LASSO//lasso_traces_p-43.t2.c/lasso_trace_32.txt,TERMINATING,0.31,120.29,144.87,13.00,TERMINATING,191,29,220,Affine Template / Affine Template
ATVA2026_benchmark/TERM_LASSO//lasso_traces_p-43.t2.c/lasso_trace_33.txt,TERMINATING,0.37,93.88,94.69,10.00,TERMINATING,191,29,220,Affine Template / Affine Template
ATVA2026_benchmark/TERM_LASSO//lasso_traces_p-43.t2.c/lasso_trace_34.txt,TERMINATING,0.30,92.92,108.26,10.00,TERMINATING,191,29,220,Affine Template / Affine Template
ATVA2026_benchmark/TERM_LASSO//lasso_traces_p-43.t2.c/lasso_trace_35.txt,TERMINATING,0.29,168.65,136.28,14.00,TERMINATING,191,29,220,Affine Template / Affine Template
ATVA2026_benchmark/TERM_LASSO//lasso_traces_p-43.t2.c/lasso_trace_36.txt,TERMINATING,0.32,46.42,85.66,10.00,TERMINATING,191,29,220,Affine Template / Affine Template
ATVA2026_benchmark/TERM_LASSO//lasso_traces_p-43.t2.c/lasso_trace_37.txt,TERMINATING,0.34,168.66,234.81,10.00,TERMINATING,191,29,220,Affine Template / Affine Template
ATVA2026_benchmark/TERM_LASSO//lasso_traces_p-43.t2.c/lasso_trace_38.txt,TERMINATING,0.30,167.98,52.36,10.00,TERMINATING,191,29,220,Affine Template / Affine Template
ATVA2026_benchmark/TERM_LASSO//lasso_traces_p-43.t2.c/lasso_trace_39.txt,TERMINATING,0.29,143.63,199.01,13.00,TERMINATING,191,29,220,Affine Template / Affine Template
ATVA2026_benchmark/TERM_LASSO//lasso_traces_p-43.t2.c/lasso_trace_4.txt,TERMINATING,0.30,172.38,53.50,10.00,TERMINATING,113,29,142,Affine Template / Affine Template
ATVA2026_benchmark/TERM_LASSO//lasso_traces_p-43.t2.c/lasso_trace_40.txt,TERMINATING,0.33,153.30,176.41,10.00,TERMINATING,191,29,220,Affine Template / Affine Template
ATVA2026_benchmark/TERM_LASSO//lasso_traces_p-43.t2.c/lasso_trace_41.txt,TERMINATING,0.28,94.39,84.63,13.00,TERMINATING,191,29,220,Affine Template / Affine Template
ATVA2026_benchmark/TERM_LASSO//lasso_traces_p-43.t2.c/lasso_trace_42.txt,TERMINATING,0.31,59.37,98.67,13.00,TERMINATING,191,29,220,Affine Template / Affine Template
ATVA2026_benchmark/TERM_LASSO//lasso_traces_p-43.t2.c/lasso_trace_43.txt,TERMINATING,0.33,103.09,132.33,10.00,TERMINATING,191,29,220,Affine Template / Affine Template
ATVA2026_benchmark/TERM_LASSO//lasso_traces_p-43.t2.c/lasso_trace_44.txt,TERMINATING,0.26,101.51,184.84,10.00,TERMINATING,191,29,220,Affine Template / Affine Template
ATVA2026_benchmark/TERM_LASSO//lasso_traces_p-43.t2.c/lasso_trace_45.txt,TERMINATING,0.31,149.55,187.16,10.00,TERMINATING,191,29,220,Affine Template / Affine Template
ATVA2026_benchmark/TERM_LASSO//lasso_traces_p-43.t2.c/lasso_trace_46.txt,TERMINATING,0.27,73.54,132.91,10.00,TERMINATING,191,29,220,Affine Template / Affine Template
ATVA2026_benchmark/TERM_LASSO//lasso_traces_p-43.t2.c/lasso_trace_47.txt,TERMINATING,0.30,193.43,245.76,13.00,TERMINATING,191,29,220,Affine Template / Affine Template
ATVA2026_benchmark/TERM_LASSO//lasso_traces_p-43.t2.c/lasso_trace_48.txt,TERMINATING,0.30,137.31,265.14,10.00,TERMINATING,191,29,220,Affine Template / Affine Template
ATVA2026_benchmark/TERM_LASSO//lasso_traces_p-43.t2.c/lasso_trace_49.txt,TERMINATING,0.32,113.85,136.73,10.00,TERMINATING,191,29,220,Affine Template / Affine Template
ATVA2026_benchmark/TERM_LASSO//lasso_traces_p-43.t2.c/lasso_trace_5.txt,TERMINATING,0.29,163.98,133.87,11.00,TERMINATING,84,69,153,Affine Template / Affine Template
ATVA2026_benchmark/TERM_LASSO//lasso_traces_p-43.t2.c/lasso_trace_50.txt,TERMINATING,0.36,158.61,145.62,11.00,TERMINATING,191,29,220,Affine Template / Affine Template
ATVA2026_benchmark/TERM_LASSO//lasso_traces_p-43.t2.c/lasso_trace_51.txt,TERMINATING,0.32,175.50,212.00,10.00,TERMINATING,191,29,220,Affine Template / Affine Template
ATVA2026_benchmark/TERM_LASSO//lasso_traces_p-43.t2.c/lasso_trace_52.txt,TERMINATING,0.31,193.52,251.93,10.00,TERMINATING,191,29,220,Affine Template / Affine Template
ATVA2026_benchmark/TERM_LASSO//lasso_traces_p-43.t2.c/lasso_trace_53.txt,TERMINATING,0.28,126.47,140.65,10.00,TERMINATING,191,29,220,Affine Template / Affine Template
ATVA2026_benchmark/TERM_LASSO//lasso_traces_p-43.t2.c/lasso_trace_54.txt,TERMINATING,0.30,118.83,142.71,10.00,TERMINATING,191,29,220,Affine Template / Affine Template
ATVA2026_benchmark/TERM_LASSO//lasso_traces_p-43.t2.c/lasso_trace_55.txt,TERMINATING,0.28,119.08,122.11,10.00,TERMINATING,191,29,220,Affine Template / Affine Template
ATVA2026_benchmark/TERM_LASSO//lasso_traces_p-43.t2.c/lasso_trace_56.txt,TERMINATING,0.32,87.49,121.38,10.00,TERMINATING,191,29,220,Affine Template / Affine Template
ATVA2026_benchmark/TERM_LASSO//lasso_traces_p-43.t2.c/lasso_trace_57.txt,TERMINATING,0.31,56.62,121.88,10.00,TERMINATING,191,29,220,Affine Template / Affine Template
ATVA2026_benchmark/TERM_LASSO//lasso_traces_p-43.t2.c/lasso_trace_58.txt,TERMINATING,0.26,147.22,205.10,13.00,TERMINATING,191,29,220,Affine Template / Affine Template
ATVA2026_benchmark/TERM_LASSO//lasso_traces_p-43.t2.c/lasso_trace_59.txt,TERMINATING,0.33,95.71,144.68,11.00,TERMINATING,191,29,220,Affine Template / Affine Template
ATVA2026_benchmark/TERM_LASSO//lasso_traces_p-43.t2.c/lasso_trace_6.txt,TERMINATING,0.33,83.47,113.81,10.00,TERMINATING,137,69,206,Affine Template / Affine Template
ATVA2026_benchmark/TERM_LASSO//lasso_traces_p-43.t2.c/lasso_trace_60.txt,TERMINATING,0.33,165.65,182.93,10.00,TERMINATING,191,29,220,Affine Template / Affine Template
ATVA2026_benchmark/TERM_LASSO//lasso_traces_p-43.t2.c/lasso_trace_61.txt,TERMINATING,0.36,74.63,139.62,13.00,TERMINATING,191,29,220,Affine Template / Affine Template
ATVA2026_benchmark/TERM_LASSO//lasso_traces_p-43.t2.c/lasso_trace_62.txt,TERMINATING,0.33,193.12,230.99,13.00,TERMINATING,191,29,220,Affine Template / Affine Template
ATVA2026_benchmark/TERM_LASSO//lasso_traces_p-43.t2.c/lasso_trace_63.txt,TERMINATING,0.31,82.09,75.91,13.00,TERMINATING,191,29,220,Affine Template / Affine Template
ATVA2026_benchmark/TERM_LASSO//lasso_traces_p-43.t2.c/lasso_trace_64.txt,TERMINATING,0.40,69.14,88.32,11.00,TERMINATING,191,29,220,Affine Template / Affine Template
ATVA2026_benchmark/TERM_LASSO//lasso_traces_p-43.t2.c/lasso_trace_65.txt,TERMINATING,0.44,117.92,129.08,10.00,TERMINATING,191,29,220,Affine Template / Affine Template
ATVA2026_benchmark/TERM_LASSO//lasso_traces_p-43.t2.c/lasso_trace_66.txt,TERMINATING,0.33,70.87,84.43,13.00,TERMINATING,191,29,220,Affine Template / Affine Template
ATVA2026_benchmark/TERM_LASSO//lasso_traces_p-43.t2.c/lasso_trace_67.txt,TERMINATING,0.33,55.04,53.75,13.00,TERMINATING,191,29,220,Affine Template / Affine Template
ATVA2026_benchmark/TERM_LASSO//lasso_traces_p-43.t2.c/lasso_trace_68.txt,TERMINATING,1.48,29.06,50.57,10.00,TERMINATING,191,29,220,Affine Template / Affine Template
ATVA2026_benchmark/TERM_LASSO//lasso_traces_p-43.t2.c/lasso_trace_69.txt,TERMINATING,0.38,62.23,71.98,10.00,TERMINATING,191,29,220,Affine Template / Affine Template
ATVA2026_benchmark/TERM_LASSO//lasso_traces_p-43.t2.c/lasso_trace_7.txt,TERMINATING,0.33,39.02,28.09,35.00,TERMINATING,140,40,180,Affine Template / Affine Template
ATVA2026_benchmark/TERM_LASSO//lasso_traces_p-43.t2.c/lasso_trace_70.txt,TERMINATING,0.36,114.97,140.90,13.00,TERMINATING,191,29,220,Affine Template / Affine Template
ATVA2026_benchmark/TERM_LASSO//lasso_traces_p-43.t2.c/lasso_trace_71.txt,TERMINATING,0.31,50.78,119.78,15.00,TERMINATING,191,29,220,Affine Template / Affine Template
ATVA2026_benchmark/TERM_LASSO//lasso_traces_p-43.t2.c/lasso_trace_72.txt,TERMINATING,0.27,192.25,234.60,10.00,TERMINATING,191,29,220,Affine Template / Affine Template
ATVA2026_benchmark/TERM_LASSO//lasso_traces_p-43.t2.c/lasso_trace_73.txt,TERMINATING,0.27,167.24,166.04,10.00,TERMINATING,191,29,220,Affine Template / Affine Template
ATVA2026_benchmark/TERM_LASSO//lasso_traces_p-43.t2.c/lasso_trace_74.txt,TERMINATING,0.32,186.25,207.26,10.00,TERMINATING,191,29,220,Affine Template / Affine Template
ATVA2026_benchmark/TERM_LASSO//lasso_traces_p-43.t2.c/lasso_trace_75.txt,TERMINATING,0.27,135.18,156.79,10.00,TERMINATING,191,29,220,Affine Template / Affine Template
ATVA2026_benchmark/TERM_LASSO//lasso_traces_p-43.t2.c/lasso_trace_76.txt,TERMINATING,0.29,128.65,162.76,10.00,TERMINATING,191,29,220,Affine Template / Affine Template
ATVA2026_benchmark/TERM_LASSO//lasso_traces_p-43.t2.c/lasso_trace_77.txt,TERMINATING,0.32,74.59,75.84,13.00,TERMINATING,191,29,220,Affine Template / Affine Template
ATVA2026_benchmark/TERM_LASSO//lasso_traces_p-43.t2.c/lasso_trace_8.txt,TERMINATING,0.34,95.20,40.87,10.00,TERMINATING,191,29,220,Affine Template / Affine Template
ATVA2026_benchmark/TERM_LASSO//lasso_traces_p-43.t2.c/lasso_trace_9.txt,TERMINATING,0.49,34.71,186.02,13.00,TERMINATING,191,29,220,Affine Template / Affine Template
ATVA2026_benchmark/TERM_LASSO//lasso_traces_p-43-terminate.t2.c/lasso_trace_10.txt,TERMINATING,0.40,61.32,77.97,21.00,TERMINATING,169,41,210,Affine Template / Affine Template
ATVA2026_benchmark/TERM_LASSO//lasso_traces_p-43-terminate.t2.c/lasso_trace_11.txt,TERMINATING,0.49,223.78,283.78,27.00,TERMINATING,160,48,208,Affine Template / Affine Template
ATVA2026_benchmark/TERM_LASSO//lasso_traces_p-43-terminate.t2.c/lasso_trace_12.txt,TERMINATING,0.37,506.21,231.17,27.00,TERMINATING,165,53,218,Affine Template / Affine Template
ATVA2026_benchmark/TERM_LASSO//lasso_traces_p-43-terminate.t2.c/lasso_trace_13.txt,TERMINATING,0.41,130.69,52.52,16.00,TERMINATING,214,50,264,Affine Template / Affine Template
ATVA2026_benchmark/TERM_LASSO//lasso_traces_p-43-terminate.t2.c/lasso_trace_14.txt,TERMINATING,0.41,477.21,658.09,28.00,TERMINATING,207,41,248,Affine Template / Affine Template
ATVA2026_benchmark/TERM_LASSO//lasso_traces_p-43-terminate.t2.c/lasso_trace_15.txt,TERMINATING,0.33,254.56,340.65,15.00,TERMINATING,229,61,290,Affine Template / Affine Template
ATVA2026_benchmark/TERM_LASSO//lasso_traces_p-43-terminate.t2.c/lasso_trace_16.txt,TERMINATING,0.37,268.31,394.74,27.00,TERMINATING,245,41,286,Affine Template / Affine Template
ATVA2026_benchmark/TERM_LASSO//lasso_traces_p-43-terminate.t2.c/lasso_trace_17.txt,TERMINATING,0.65,42.71,632.40,36.00,TERMINATING,290,89,379,Affine Template / Affine Template
ATVA2026_benchmark/TERM_LASSO//lasso_traces_p-43-terminate.t2.c/lasso_trace_18.txt,TERMINATING,0.49,177.78,226.98,55.00,TERMINATING,256,48,304,Affine Template / Affine Template
ATVA2026_benchmark/TERM_LASSO//lasso_traces_p-43-terminate.t2.c/lasso_trace_19.txt,TERMINATING,0.47,143.47,191.52,29.00,TERMINATING,306,41,347,Affine Template / Affine Template
ATVA2026_benchmark/TERM_LASSO//lasso_traces_p-43-terminate.t2.c/lasso_trace_2.txt,TERMINATING,1.56,280.55,331.13,18.00,TERMINATING,56,50,106,Affine Template / Affine Template
ATVA2026_benchmark/TERM_LASSO//lasso_traces_p-43-terminate.t2.c/lasso_trace_20.txt,TERMINATING,0.37,137.36,333.37,27.00,TERMINATING,317,53,370,Affine Template / Affine Template
ATVA2026_benchmark/TERM_LASSO//lasso_traces_p-43-terminate.t2.c/lasso_trace_21.txt,TERMINATING,0.33,291.25,370.05,22.00,TERMINATING,317,53,370,Affine Template / Affine Template
ATVA2026_benchmark/TERM_LASSO//lasso_traces_p-43-terminate.t2.c/lasso_trace_22.txt,TERMINATING,0.41,87.10,596.55,30.00,TERMINATING,317,53,370,Affine Template / Affine Template
ATVA2026_benchmark/TERM_LASSO//lasso_traces_p-43-terminate.t2.c/lasso_trace_23.txt,TERMINATING,0.33,412.18,575.27,23.00,TERMINATING,317,53,370,Affine Template / Affine Template
ATVA2026_benchmark/TERM_LASSO//lasso_traces_p-43-terminate.t2.c/lasso_trace_24.txt,TERMINATING,0.40,452.55,539.92,30.00,TERMINATING,317,53,370,Affine Template / Affine Template
ATVA2026_benchmark/TERM_LASSO//lasso_traces_p-43-terminate.t2.c/lasso_trace_25.txt,TERMINATING,0.39,358.90,427.35,28.00,TERMINATING,317,53,370,Affine Template / Affine Template
ATVA2026_benchmark/TERM_LASSO//lasso_traces_p-43-terminate.t2.c/lasso_trace_26.txt,TERMINATING,0.43,486.31,437.71,21.00,TERMINATING,317,53,370,Affine Template / Affine Template
ATVA2026_benchmark/TERM_LASSO//lasso_traces_p-43-terminate.t2.c/lasso_trace_27.txt,TERMINATING,0.36,75.42,75.40,29.00,TERMINATING,317,53,370,Affine Template / Affine Template
ATVA2026_benchmark/TERM_LASSO//lasso_traces_p-43-terminate.t2.c/lasso_trace_28.txt,TERMINATING,0.36,347.38,203.54,32.00,TERMINATING,317,53,370,Affine Template / Affine Template
ATVA2026_benchmark/TERM_LASSO//lasso_traces_p-43-terminate.t2.c/lasso_trace_29.txt,TERMINATING,0.35,329.62,669.99,31.00,TERMINATING,317,53,370,Affine Template / Affine Template
ATVA2026_benchmark/TERM_LASSO//lasso_traces_p-43-terminate.t2.c/lasso_trace_3.txt,TERMINATING,0.75,100.17,101.52,46.00,TERMINATING,116,61,177,Affine Template / Affine Template
ATVA2026_benchmark/TERM_LASSO//lasso_traces_p-43-terminate.t2.c/lasso_trace_30.txt,TERMINATING,0.36,500.43,554.08,27.00,TERMINATING,317,53,370,Affine Template / Affine Template
ATVA2026_benchmark/TERM_LASSO//lasso_traces_p-43-terminate.t2.c/lasso_trace_31.txt,TERMINATING,0.40,287.35,623.42,30.00,TERMINATING,317,53,370,Affine Template / Affine Template
ATVA2026_benchmark/TERM_LASSO//lasso_traces_p-43-terminate.t2.c/lasso_trace_4.txt,TERMINATING,0.44,249.01,288.14,24.00,TERMINATING,119,48,167,Affine Template / Affine Template
ATVA2026_benchmark/TERM_LASSO//lasso_traces_p-43-terminate.t2.c/lasso_trace_5.txt,TERMINATING,0.51,152.81,377.92,34.00,TERMINATING,153,89,242,Affine Template / Affine Template
ATVA2026_benchmark/TERM_LASSO//lasso_traces_p-43-terminate.t2.c/lasso_trace_6.txt,TERMINATING,0.48,437.90,567.20,28.00,TERMINATING,156,41,197,Affine Template / Affine Template
ATVA2026_benchmark/TERM_LASSO//lasso_traces_p-43-terminate.t2.c/lasso_trace_7.txt,TERMINATING,0.43,211.13,289.77,22.00,TERMINATING,164,50,214,Affine Template / Affine Template
ATVA2026_benchmark/TERM_LASSO//lasso_traces_p-44.t2.c/lasso_trace_1.txt,TERMINATING,1.55,108.96,130.96,13.00,TERMINATING,24,23,47,Affine Template / Affine Template
ATVA2026_benchmark/TERM_LASSO//lasso_traces_p-45.t2.c/lasso_trace_1.txt,TERMINATING,2.01,173.25,150.54,11.00,TERMINATING,40,34,74,Affine Template / Affine Template
ATVA2026_benchmark/TERM_LASSO//lasso_traces_p-46.t2.c/lasso_trace_1.txt,TERMINATING,1.74,56.05,185.57,11.00,TERMINATING,36,26,62,Affine Template / Affine Template
ATVA2026_benchmark/TERM_LASSO//lasso_traces_p-46.t2.c/lasso_trace_10.txt,TERMINATING,0.34,226.61,312.57,15.00,TERMINATING,134,26,160,Affine Template / Affine Template
ATVA2026_benchmark/TERM_LASSO//lasso_traces_p-46.t2.c/lasso_trace_100.txt,TERMINATING,0.36,55.57,28.17,15.00,TERMINATING,134,26,160,Affine Template / Affine Template
ATVA2026_benchmark/TERM_LASSO//lasso_traces_p-46.t2.c/lasso_trace_101.txt,TERMINATING,0.35,170.97,208.83,14.00,TERMINATING,134,26,160,Affine Template / Affine Template
ATVA2026_benchmark/TERM_LASSO//lasso_traces_p-46.t2.c/lasso_trace_102.txt,TERMINATING,0.40,71.53,305.29,14.00,TERMINATING,134,26,160,Affine Template / Affine Template
ATVA2026_benchmark/TERM_LASSO//lasso_traces_p-46.t2.c/lasso_trace_103.txt,TERMINATING,0.37,69.40,71.35,16.00,TERMINATING,134,26,160,Affine Template / Affine Template
ATVA2026_benchmark/TERM_LASSO//lasso_traces_p-46.t2.c/lasso_trace_104.txt,TERMINATING,0.42,164.80,230.87,16.00,TERMINATING,134,26,160,Affine Template / Affine Template
ATVA2026_benchmark/TERM_LASSO//lasso_traces_p-46.t2.c/lasso_trace_105.txt,TERMINATING,0.38,54.31,73.42,13.00,TERMINATING,134,26,160,Affine Template / Affine Template
ATVA2026_benchmark/TERM_LASSO//lasso_traces_p-46.t2.c/lasso_trace_106.txt,TERMINATING,0.37,28.00,26.65,11.00,TERMINATING,134,26,160,Affine Template / Affine Template
ATVA2026_benchmark/TERM_LASSO//lasso_traces_p-46.t2.c/lasso_trace_107.txt,TERMINATING,0.38,257.88,62.62,14.00,TERMINATING,134,26,160,Affine Template / Affine Template
ATVA2026_benchmark/TERM_LASSO//lasso_traces_p-46.t2.c/lasso_trace_108.txt,TERMINATING,0.35,131.16,159.13,14.00,TERMINATING,134,26,160,Affine Template / Affine Template
ATVA2026_benchmark/TERM_LASSO//lasso_traces_p-46.t2.c/lasso_trace_109.txt,TERMINATING,0.43,119.34,189.77,15.00,TERMINATING,134,26,160,Affine Template / Affine Template
ATVA2026_benchmark/TERM_LASSO//lasso_traces_p-46.t2.c/lasso_trace_11.txt,TERMINATING,0.38,72.19,99.52,14.00,TERMINATING,134,26,160,Affine Template / Affine Template
ATVA2026_benchmark/TERM_LASSO//lasso_traces_p-46.t2.c/lasso_trace_110.txt,TERMINATING,0.44,30.04,91.62,15.00,TERMINATING,134,26,160,Affine Template / Affine Template
ATVA2026_benchmark/TERM_LASSO//lasso_traces_p-46.t2.c/lasso_trace_111.txt,TERMINATING,0.33,181.14,200.25,15.00,TERMINATING,134,26,160,Affine Template / Affine Template
ATVA2026_benchmark/TERM_LASSO//lasso_traces_p-46.t2.c/lasso_trace_112.txt,TERMINATING,0.32,202.63,258.78,12.00,TERMINATING,134,26,160,Affine Template / Affine Template
ATVA2026_benchmark/TERM_LASSO//lasso_traces_p-46.t2.c/lasso_trace_113.txt,TERMINATING,0.36,57.98,40.01,15.00,TERMINATING,134,26,160,Affine Template / Affine Template
ATVA2026_benchmark/TERM_LASSO//lasso_traces_p-46.t2.c/lasso_trace_114.txt,TERMINATING,0.42,205.09,220.83,11.00,TERMINATING,134,26,160,Affine Template / Affine Template
ATVA2026_benchmark/TERM_LASSO//lasso_traces_p-46.t2.c/lasso_trace_115.txt,TERMINATING,0.43,135.67,151.17,15.00,TERMINATING,134,26,160,Affine Template / Affine Template
ATVA2026_benchmark/TERM_LASSO//lasso_traces_p-46.t2.c/lasso_trace_116.txt,TERMINATING,0.36,176.63,287.06,15.00,TERMINATING,134,26,160,Affine Template / Affine Template
ATVA2026_benchmark/TERM_LASSO//lasso_traces_p-46.t2.c/lasso_trace_117.txt,TERMINATING,0.37,240.16,312.08,14.00,TERMINATING,134,26,160,Affine Template / Affine Template
ATVA2026_benchmark/TERM_LASSO//lasso_traces_p-46.t2.c/lasso_trace_118.txt,TERMINATING,0.45,211.46,272.18,12.00,TERMINATING,134,26,160,Affine Template / Affine Template
ATVA2026_benchmark/TERM_LASSO//lasso_traces_p-46.t2.c/lasso_trace_119.txt,TERMINATING,0.35,184.76,182.37,11.00,TERMINATING,134,26,160,Affine Template / Affine Template
ATVA2026_benchmark/TERM_LASSO//lasso_traces_p-46.t2.c/lasso_trace_12.txt,TERMINATING,0.36,261.63,30.39,15.00,TERMINATING,134,26,160,Affine Template / Affine Template
ATVA2026_benchmark/TERM_LASSO//lasso_traces_p-46.t2.c/lasso_trace_120.txt,TERMINATING,0.50,112.02,110.53,15.00,TERMINATING,134,26,160,Affine Template / Affine Template
ATVA2026_benchmark/TERM_LASSO//lasso_traces_p-46.t2.c/lasso_trace_121.txt,TERMINATING,0.37,170.30,237.10,18.00,TERMINATING,134,26,160,Affine Template / Affine Template
ATVA2026_benchmark/TERM_LASSO//lasso_traces_p-46.t2.c/lasso_trace_122.txt,TERMINATING,0.38,74.33,107.56,15.00,TERMINATING,134,26,160,Affine Template / Affine Template
ATVA2026_benchmark/TERM_LASSO//lasso_traces_p-46.t2.c/lasso_trace_123.txt,TERMINATING,0.36,202.38,245.17,15.00,TERMINATING,134,26,160,Affine Template / Affine Template
ATVA2026_benchmark/TERM_LASSO//lasso_traces_p-46.t2.c/lasso_trace_124.txt,TERMINATING,0.34,35.27,24.65,14.00,TERMINATING,134,26,160,Affine Template / Affine Template
ATVA2026_benchmark/TERM_LASSO//lasso_traces_p-46.t2.c/lasso_trace_125.txt,TERMINATING,0.47,37.98,34.62,15.00,TERMINATING,134,26,160,Affine Template / Affine Template
ATVA2026_benchmark/TERM_LASSO//lasso_traces_p-46.t2.c/lasso_trace_126.txt,TERMINATING,0.39,175.26,241.21,19.00,TERMINATING,134,26,160,Affine Template / Affine Template
ATVA2026_benchmark/TERM_LASSO//lasso_traces_p-46.t2.c/lasso_trace_127.txt,TERMINATING,0.38,74.70,218.88,14.00,TERMINATING,134,26,160,Affine Template / Affine Template
ATVA2026_benchmark/TERM_LASSO//lasso_traces_p-46.t2.c/lasso_trace_128.txt,TERMINATING,0.39,45.66,27.48,12.00,TERMINATING,134,26,160,Affine Template / Affine Template
ATVA2026_benchmark/TERM_LASSO//lasso_traces_p-46.t2.c/lasso_trace_129.txt,TERMINATING,0.31,235.41,224.68,15.00,TERMINATING,134,26,160,Affine Template / Affine Template
ATVA2026_benchmark/TERM_LASSO//lasso_traces_p-46.t2.c/lasso_trace_13.txt,TERMINATING,0.35,74.94,116.88,15.00,TERMINATING,134,26,160,Affine Template / Affine Template
ATVA2026_benchmark/TERM_LASSO//lasso_traces_p-46.t2.c/lasso_trace_130.txt,TERMINATING,0.34,61.08,71.85,14.00,TERMINATING,134,26,160,Affine Template / Affine Template
ATVA2026_benchmark/TERM_LASSO//lasso_traces_p-46.t2.c/lasso_trace_131.txt,TERMINATING,0.45,106.42,159.80,14.00,TERMINATING,134,26,160,Affine Template / Affine Template
ATVA2026_benchmark/TERM_LASSO//lasso_traces_p-46.t2.c/lasso_trace_132.txt,TERMINATING,0.46,243.11,115.85,14.00,TERMINATING,134,26,160,Affine Template / Affine Template
ATVA2026_benchmark/TERM_LASSO//lasso_traces_p-46.t2.c/lasso_trace_133.txt,TERMINATING,0.43,128.83,107.66,14.00,TERMINATING,134,26,160,Affine Template / Affine Template
ATVA2026_benchmark/TERM_LASSO//lasso_traces_p-46.t2.c/lasso_trace_134.txt,TERMINATING,0.32,195.14,218.62,11.00,TERMINATING,134,26,160,Affine Template / Affine Template
ATVA2026_benchmark/TERM_LASSO//lasso_traces_p-46.t2.c/lasso_trace_135.txt,TERMINATING,0.37,79.65,76.74,15.00,TERMINATING,134,26,160,Affine Template / Affine Template
ATVA2026_benchmark/TERM_LASSO//lasso_traces_p-46.t2.c/lasso_trace_14.txt,TERMINATING,0.36,120.13,266.34,16.00,TERMINATING,134,26,160,Affine Template / Affine Template
ATVA2026_benchmark/TERM_LASSO//lasso_traces_p-46.t2.c/lasso_trace_15.txt,TERMINATING,0.34,40.94,27.50,15.00,TERMINATING,134,26,160,Affine Template / Affine Template
ATVA2026_benchmark/TERM_LASSO//lasso_traces_p-46.t2.c/lasso_trace_16.txt,TERMINATING,0.37,117.00,165.34,14.00,TERMINATING,134,26,160,Affine Template / Affine Template
ATVA2026_benchmark/TERM_LASSO//lasso_traces_p-46.t2.c/lasso_trace_17.txt,TERMINATING,0.49,142.77,220.21,11.00,TERMINATING,134,26,160,Affine Template / Affine Template
ATVA2026_benchmark/TERM_LASSO//lasso_traces_p-46.t2.c/lasso_trace_18.txt,TERMINATING,0.37,104.44,133.47,12.00,TERMINATING,134,26,160,Affine Template / Affine Template
ATVA2026_benchmark/TERM_LASSO//lasso_traces_p-46.t2.c/lasso_trace_19.txt,TERMINATING,0.34,87.92,145.35,14.00,TERMINATING,134,26,160,Affine Template / Affine Template
ATVA2026_benchmark/TERM_LASSO//lasso_traces_p-46.t2.c/lasso_trace_2.txt,TERMINATING,0.90,257.99,67.29,66.00,TERMINATING,69,50,119,Affine Template / Affine Template
ATVA2026_benchmark/TERM_LASSO//lasso_traces_p-46.t2.c/lasso_trace_20.txt,TERMINATING,0.31,63.26,68.22,15.00,TERMINATING,134,26,160,Affine Template / Affine Template
ATVA2026_benchmark/TERM_LASSO//lasso_traces_p-46.t2.c/lasso_trace_21.txt,TERMINATING,0.29,67.15,109.53,15.00,TERMINATING,134,26,160,Affine Template / Affine Template
ATVA2026_benchmark/TERM_LASSO//lasso_traces_p-46.t2.c/lasso_trace_22.txt,TERMINATING,0.39,81.24,291.97,16.00,TERMINATING,134,26,160,Affine Template / Affine Template
ATVA2026_benchmark/TERM_LASSO//lasso_traces_p-46.t2.c/lasso_trace_23.txt,TERMINATING,0.37,49.84,73.37,15.00,TERMINATING,134,26,160,Affine Template / Affine Template
ATVA2026_benchmark/TERM_LASSO//lasso_traces_p-46.t2.c/lasso_trace_24.txt,TERMINATING,0.32,79.66,88.51,13.00,TERMINATING,134,26,160,Affine Template / Affine Template
ATVA2026_benchmark/TERM_LASSO//lasso_traces_p-46.t2.c/lasso_trace_25.txt,TERMINATING,0.49,44.93,59.64,15.00,TERMINATING,134,26,160,Affine Template / Affine Template
ATVA2026_benchmark/TERM_LASSO//lasso_traces_p-46.t2.c/lasso_trace_26.txt,TERMINATING,0.38,63.54,84.31,16.00,TERMINATING,134,26,160,Affine Template / Affine Template
ATVA2026_benchmark/TERM_LASSO//lasso_traces_p-46.t2.c/lasso_trace_27.txt,TERMINATING,0.33,181.85,320.71,14.00,TERMINATING,134,26,160,Affine Template / Affine Template
ATVA2026_benchmark/TERM_LASSO//lasso_traces_p-46.t2.c/lasso_trace_28.txt,TERMINATING,0.38,109.16,118.80,18.00,TERMINATING,134,26,160,Affine Template / Affine Template
ATVA2026_benchmark/TERM_LASSO//lasso_traces_p-46.t2.c/lasso_trace_29.txt,TERMINATING,0.33,77.73,98.57,15.00,TERMINATING,134,26,160,Affine Template / Affine Template
ATVA2026_benchmark/TERM_LASSO//lasso_traces_p-46.t2.c/lasso_trace_30.txt,TERMINATING,0.35,37.07,28.48,11.00,TERMINATING,134,26,160,Affine Template / Affine Template
ATVA2026_benchmark/TERM_LASSO//lasso_traces_p-46.t2.c/lasso_trace_31.txt,TERMINATING,0.34,168.48,214.66,14.00,TERMINATING,134,26,160,Affine Template / Affine Template
ATVA2026_benchmark/TERM_LASSO//lasso_traces_p-46.t2.c/lasso_trace_32.txt,TERMINATING,0.35,241.58,40.50,12.00,TERMINATING,134,26,160,Affine Template / Affine Template
ATVA2026_benchmark/TERM_LASSO//lasso_traces_p-46.t2.c/lasso_trace_33.txt,TERMINATING,0.47,27.60,49.41,13.00,TERMINATING,134,26,160,Affine Template / Affine Template
ATVA2026_benchmark/TERM_LASSO//lasso_traces_p-46.t2.c/lasso_trace_34.txt,TERMINATING,0.37,205.26,283.13,21.00,TERMINATING,134,26,160,Affine Template / Affine Template
ATVA2026_benchmark/TERM_LASSO//lasso_traces_p-46.t2.c/lasso_trace_35.txt,TERMINATING,0.44,242.11,319.69,11.00,TERMINATING,134,26,160,Affine Template / Affine Template
ATVA2026_benchmark/TERM_LASSO//lasso_traces_p-46.t2.c/lasso_trace_36.txt,TERMINATING,0.42,29.11,26.80,14.00,TERMINATING,134,26,160,Affine Template / Affine Template
ATVA2026_benchmark/TERM_LASSO//lasso_traces_p-46.t2.c/lasso_trace_37.txt,TERMINATING,0.32,231.54,40.81,15.00,TERMINATING,134,26,160,Affine Template / Affine Template
ATVA2026_benchmark/TERM_LASSO//lasso_traces_p-46.t2.c/lasso_trace_38.txt,TERMINATING,0.40,164.34,157.19,11.00,TERMINATING,134,26,160,Affine Template / Affine Template
ATVA2026_benchmark/TERM_LASSO//lasso_traces_p-46.t2.c/lasso_trace_39.txt,TERMINATING,0.37,150.92,299.00,16.00,TERMINATING,134,26,160,Affine Template / Affine Template
ATVA2026_benchmark/TERM_LASSO//lasso_traces_p-46.t2.c/lasso_trace_4.txt,TERMINATING,0.47,268.02,267.19,50.00,TERMINATING,80,58,138,Affine Template / Affine Template
ATVA2026_benchmark/TERM_LASSO//lasso_traces_p-46.t2.c/lasso_trace_40.txt,TERMINATING,0.35,94.62,114.61,11.00,TERMINATING,134,26,160,Affine Template / Affine Template
ATVA2026_benchmark/TERM_LASSO//lasso_traces_p-46.t2.c/lasso_trace_41.txt,TERMINATING,0.35,132.62,160.28,14.00,TERMINATING,134,26,160,Affine Template / Affine Template
ATVA2026_benchmark/TERM_LASSO//lasso_traces_p-46.t2.c/lasso_trace_42.txt,TERMINATING,0.30,199.27,166.08,15.00,TERMINATING,134,26,160,Affine Template / Affine Template
ATVA2026_benchmark/TERM_LASSO//lasso_traces_p-46.t2.c/lasso_trace_43.txt,TERMINATING,0.35,133.02,193.52,11.00,TERMINATING,134,26,160,Affine Template / Affine Template
ATVA2026_benchmark/TERM_LASSO//lasso_traces_p-46.t2.c/lasso_trace_44.txt,TERMINATING,0.34,29.46,33.32,15.00,TERMINATING,134,26,160,Affine Template / Affine Template
ATVA2026_benchmark/TERM_LASSO//lasso_traces_p-46.t2.c/lasso_trace_45.txt,TERMINATING,0.37,45.32,58.17,15.00,TERMINATING,134,26,160,Affine Template / Affine Template
ATVA2026_benchmark/TERM_LASSO//lasso_traces_p-46.t2.c/lasso_trace_46.txt,TERMINATING,0.35,75.18,84.06,15.00,TERMINATING,134,26,160,Affine Template / Affine Template
ATVA2026_benchmark/TERM_LASSO//lasso_traces_p-46.t2.c/lasso_trace_47.txt,TERMINATING,0.37,115.23,323.23,17.00,TERMINATING,134,26,160,Affine Template / Affine Template
ATVA2026_benchmark/TERM_LASSO//lasso_traces_p-46.t2.c/lasso_trace_48.txt,TERMINATING,0.36,81.50,85.89,15.00,TERMINATING,134,26,160,Affine Template / Affine Template
ATVA2026_benchmark/TERM_LASSO//lasso_traces_p-46.t2.c/lasso_trace_49.txt,TERMINATING,0.29,139.90,193.50,14.00,TERMINATING,134,26,160,Affine Template / Affine Template
ATVA2026_benchmark/TERM_LASSO//lasso_traces_p-46.t2.c/lasso_trace_5.txt,TERMINATING,0.49,248.33,339.09,19.00,TERMINATING,102,26,128,Affine Template / Affine Template
ATVA2026_benchmark/TERM_LASSO//lasso_traces_p-46.t2.c/lasso_trace_50.txt,TERMINATING,0.35,96.42,120.08,15.00,TERMINATING,134,26,160,Affine Template / Affine Template
ATVA2026_benchmark/TERM_LASSO//lasso_traces_p-46.t2.c/lasso_trace_51.txt,TERMINATING,0.31,46.96,51.93,15.00,TERMINATING,134,26,160,Affine Template / Affine Template
ATVA2026_benchmark/TERM_LASSO//lasso_traces_p-46.t2.c/lasso_trace_52.txt,TERMINATING,0.33,208.64,231.14,15.00,TERMINATING,134,26,160,Affine Template / Affine Template
ATVA2026_benchmark/TERM_LASSO//lasso_traces_p-46.t2.c/lasso_trace_53.txt,TERMINATING,0.35,162.79,220.86,15.00,TERMINATING,134,26,160,Affine Template / Affine Template
ATVA2026_benchmark/TERM_LASSO//lasso_traces_p-46.t2.c/lasso_trace_54.txt,TERMINATING,0.31,198.61,280.31,18.00,TERMINATING,134,26,160,Affine Template / Affine Template
ATVA2026_benchmark/TERM_LASSO//lasso_traces_p-46.t2.c/lasso_trace_55.txt,TERMINATING,0.37,226.97,304.61,15.00,TERMINATING,134,26,160,Affine Template / Affine Template
ATVA2026_benchmark/TERM_LASSO//lasso_traces_p-46.t2.c/lasso_trace_56.txt,TERMINATING,0.37,152.50,183.16,11.00,TERMINATING,134,26,160,Affine Template / Affine Template
ATVA2026_benchmark/TERM_LASSO//lasso_traces_p-46.t2.c/lasso_trace_57.txt,TERMINATING,0.41,218.31,280.93,15.00,TERMINATING,134,26,160,Affine Template / Affine Template
ATVA2026_benchmark/TERM_LASSO//lasso_traces_p-46.t2.c/lasso_trace_58.txt,TERMINATING,0.35,29.89,32.33,11.00,TERMINATING,134,26,160,Affine Template / Affine Template
ATVA2026_benchmark/TERM_LASSO//lasso_traces_p-46.t2.c/lasso_trace_59.txt,TERMINATING,0.35,221.51,324.12,11.00,TERMINATING,134,26,160,Affine Template / Affine Template
ATVA2026_benchmark/TERM_LASSO//lasso_traces_p-46.t2.c/lasso_trace_6.txt,TERMINATING,0.64,50.54,109.18,19.00,TERMINATING,128,26,154,Affine Template / Affine Template
ATVA2026_benchmark/TERM_LASSO//lasso_traces_p-46.t2.c/lasso_trace_60.txt,TERMINATING,0.39,59.22,40.07,16.00,TERMINATING,134,26,160,Affine Template / Affine Template
ATVA2026_benchmark/TERM_LASSO//lasso_traces_p-46.t2.c/lasso_trace_61.txt,TERMINATING,0.52,148.90,263.66,14.00,TERMINATING,134,26,160,Affine Template / Affine Template
ATVA2026_benchmark/TERM_LASSO//lasso_traces_p-46.t2.c/lasso_trace_62.txt,TERMINATING,0.35,210.20,284.23,15.00,TERMINATING,134,26,160,Affine Template / Affine Template
ATVA2026_benchmark/TERM_LASSO//lasso_traces_p-46.t2.c/lasso_trace_63.txt,TERMINATING,0.56,88.50,119.72,15.00,TERMINATING,134,26,160,Affine Template / Affine Template
ATVA2026_benchmark/TERM_LASSO//lasso_traces_p-46.t2.c/lasso_trace_64.txt,TERMINATING,0.45,155.75,198.13,14.00,TERMINATING,134,26,160,Affine Template / Affine Template
ATVA2026_benchmark/TERM_LASSO//lasso_traces_p-46.t2.c/lasso_trace_65.txt,TERMINATING,0.51,131.40,165.27,11.00,TERMINATING,134,26,160,Affine Template / Affine Template
ATVA2026_benchmark/TERM_LASSO//lasso_traces_p-46.t2.c/lasso_trace_66.txt,TERMINATING,0.34,30.70,29.76,15.00,TERMINATING,134,26,160,Affine Template / Affine Template
ATVA2026_benchmark/TERM_LASSO//lasso_traces_p-46.t2.c/lasso_trace_67.txt,TERMINATING,0.36,65.54,131.12,14.00,TERMINATING,134,26,160,Affine Template / Affine Template
ATVA2026_benchmark/TERM_LASSO//lasso_traces_p-46.t2.c/lasso_trace_68.txt,TERMINATING,0.39,193.47,228.00,15.00,TERMINATING,134,26,160,Affine Template / Affine Template
ATVA2026_benchmark/TERM_LASSO//lasso_traces_p-46.t2.c/lasso_trace_69.txt,TERMINATING,0.37,28.85,27.40,11.00,TERMINATING,134,26,160,Affine Template / Affine Template
ATVA2026_benchmark/TERM_LASSO//lasso_traces_p-46.t2.c/lasso_trace_7.txt,TERMINATING,0.57,236.22,208.59,24.00,TERMINATING,102,76,178,Affine Template / Affine Template
ATVA2026_benchmark/TERM_LASSO//lasso_traces_p-46.t2.c/lasso_trace_70.txt,TERMINATING,0.40,28.47,31.28,12.00,TERMINATING,134,26,160,Affine Template / Affine Template
ATVA2026_benchmark/TERM_LASSO//lasso_traces_p-46.t2.c/lasso_trace_71.txt,TERMINATING,0.38,71.89,96.63,12.00,TERMINATING,134,26,160,Affine Template / Affine Template
ATVA2026_benchmark/TERM_LASSO//lasso_traces_p-46.t2.c/lasso_trace_72.txt,TERMINATING,0.35,123.77,229.39,15.00,TERMINATING,134,26,160,Affine Template / Affine Template
ATVA2026_benchmark/TERM_LASSO//lasso_traces_p-46.t2.c/lasso_trace_73.txt,TERMINATING,0.37,38.91,29.94,15.00,TERMINATING,134,26,160,Affine Template / Affine Template
ATVA2026_benchmark/TERM_LASSO//lasso_traces_p-46.t2.c/lasso_trace_74.txt,TERMINATING,0.44,138.69,194.74,15.00,TERMINATING,134,26,160,Affine Template / Affine Template
ATVA2026_benchmark/TERM_LASSO//lasso_traces_p-46.t2.c/lasso_trace_75.txt,TERMINATING,0.34,48.17,40.47,15.00,TERMINATING,134,26,160,Affine Template / Affine Template
ATVA2026_benchmark/TERM_LASSO//lasso_traces_p-46.t2.c/lasso_trace_76.txt,TERMINATING,0.41,145.70,199.95,16.00,TERMINATING,134,26,160,Affine Template / Affine Template
ATVA2026_benchmark/TERM_LASSO//lasso_traces_p-46.t2.c/lasso_trace_77.txt,TERMINATING,0.38,179.39,346.10,12.00,TERMINATING,134,26,160,Affine Template / Affine Template
ATVA2026_benchmark/TERM_LASSO//lasso_traces_p-46.t2.c/lasso_trace_78.txt,TERMINATING,0.37,126.63,120.42,14.00,TERMINATING,134,26,160,Affine Template / Affine Template
ATVA2026_benchmark/TERM_LASSO//lasso_traces_p-46.t2.c/lasso_trace_79.txt,TERMINATING,0.34,203.81,178.28,15.00,TERMINATING,134,26,160,Affine Template / Affine Template
ATVA2026_benchmark/TERM_LASSO//lasso_traces_p-46.t2.c/lasso_trace_8.txt,TERMINATING,0.36,63.73,91.61,11.00,TERMINATING,134,26,160,Affine Template / Affine Template
ATVA2026_benchmark/TERM_LASSO//lasso_traces_p-46.t2.c/lasso_trace_80.txt,TERMINATING,0.53,29.21,28.03,15.00,TERMINATING,134,26,160,Affine Template / Affine Template
ATVA2026_benchmark/TERM_LASSO//lasso_traces_p-46.t2.c/lasso_trace_81.txt,TERMINATING,0.38,51.97,88.58,14.00,TERMINATING,134,26,160,Affine Template / Affine Template
ATVA2026_benchmark/TERM_LASSO//lasso_traces_p-46.t2.c/lasso_trace_82.txt,TERMINATING,0.37,199.76,331.02,16.00,TERMINATING,134,26,160,Affine Template / Affine Template
ATVA2026_benchmark/TERM_LASSO//lasso_traces_p-46.t2.c/lasso_trace_83.txt,TERMINATING,0.39,73.39,85.31,12.00,TERMINATING,134,26,160,Affine Template / Affine Template
ATVA2026_benchmark/TERM_LASSO//lasso_traces_p-46.t2.c/lasso_trace_84.txt,TERMINATING,0.52,37.48,52.41,11.00,TERMINATING,134,26,160,Affine Template / Affine Template
ATVA2026_benchmark/TERM_LASSO//lasso_traces_p-46.t2.c/lasso_trace_85.txt,TERMINATING,0.39,200.38,254.90,16.00,TERMINATING,134,26,160,Affine Template / Affine Template
ATVA2026_benchmark/TERM_LASSO//lasso_traces_p-46.t2.c/lasso_trace_86.txt,TERMINATING,0.38,197.27,232.33,14.00,TERMINATING,134,26,160,Affine Template / Affine Template
ATVA2026_benchmark/TERM_LASSO//lasso_traces_p-46.t2.c/lasso_trace_87.txt,TERMINATING,0.42,90.32,29.01,14.00,TERMINATING,134,26,160,Affine Template / Affine Template
ATVA2026_benchmark/TERM_LASSO//lasso_traces_p-46.t2.c/lasso_trace_88.txt,TERMINATING,0.39,47.52,87.68,14.00,TERMINATING,134,26,160,Affine Template / Affine Template
ATVA2026_benchmark/TERM_LASSO//lasso_traces_p-46.t2.c/lasso_trace_89.txt,TERMINATING,0.52,257.50,308.70,11.00,TERMINATING,134,26,160,Affine Template / Affine Template
ATVA2026_benchmark/TERM_LASSO//lasso_traces_p-46.t2.c/lasso_trace_9.txt,TERMINATING,0.37,208.99,307.25,15.00,TERMINATING,134,26,160,Affine Template / Affine Template
ATVA2026_benchmark/TERM_LASSO//lasso_traces_p-46.t2.c/lasso_trace_90.txt,TERMINATING,0.36,103.37,152.41,11.00,TERMINATING,134,26,160,Affine Template / Affine Template
ATVA2026_benchmark/TERM_LASSO//lasso_traces_p-46.t2.c/lasso_trace_91.txt,TERMINATING,0.28,34.96,28.39,14.00,TERMINATING,134,26,160,Affine Template / Affine Template
ATVA2026_benchmark/TERM_LASSO//lasso_traces_p-46.t2.c/lasso_trace_92.txt,TERMINATING,0.34,262.70,99.82,14.00,TERMINATING,134,26,160,Affine Template / Affine Template
ATVA2026_benchmark/TERM_LASSO//lasso_traces_p-46.t2.c/lasso_trace_93.txt,TERMINATING,0.34,176.03,213.64,15.00,TERMINATING,134,26,160,Affine Template / Affine Template
ATVA2026_benchmark/TERM_LASSO//lasso_traces_p-46.t2.c/lasso_trace_94.txt,TERMINATING,0.35,130.61,252.56,11.00,TERMINATING,134,26,160,Affine Template / Affine Template
ATVA2026_benchmark/TERM_LASSO//lasso_traces_p-46.t2.c/lasso_trace_95.txt,TERMINATING,0.30,72.32,103.67,16.00,TERMINATING,134,26,160,Affine Template / Affine Template
ATVA2026_benchmark/TERM_LASSO//lasso_traces_p-46.t2.c/lasso_trace_96.txt,TERMINATING,0.44,193.17,280.41,15.00,TERMINATING,134,26,160,Affine Template / Affine Template
ATVA2026_benchmark/TERM_LASSO//lasso_traces_p-46.t2.c/lasso_trace_97.txt,TERMINATING,0.32,225.37,221.62,16.00,TERMINATING,134,26,160,Affine Template / Affine Template
ATVA2026_benchmark/TERM_LASSO//lasso_traces_p-46.t2.c/lasso_trace_98.txt,TERMINATING,0.53,160.33,225.44,11.00,TERMINATING,134,26,160,Affine Template / Affine Template
ATVA2026_benchmark/TERM_LASSO//lasso_traces_p-46.t2.c/lasso_trace_99.txt,TERMINATING,0.30,47.23,55.75,16.00,TERMINATING,134,26,160,Affine Template / Affine Template
ATVA2026_benchmark/TERM_LASSO//lasso_traces_p-49.t2.c/lasso_trace_1.txt,TERMINATING,1.85,90.76,98.50,7.00,TERMINATING,20,9,29,Affine Template / Affine Template
ATVA2026_benchmark/TERM_LASSO//lasso_traces_p-4.t2.c/lasso_trace_1.txt,TERMINATING,2.00,116.15,100.27,9.00,TERMINATING,24,10,34,Affine Template / Affine Template
ATVA2026_benchmark/TERM_LASSO//lasso_traces_p-4.t2.c/lasso_trace_2.txt,TERMINATING,0.59,95.46,153.18,29.00,TERMINATING,36,13,49,Affine Template / Affine Template
ATVA2026_benchmark/TERM_LASSO//lasso_traces_p-4.t2.c/lasso_trace_3.txt,TERMINATING,0.31,33.08,64.58,12.00,TERMINATING,42,10,52,Affine Template / Affine Template
ATVA2026_benchmark/TERM_LASSO//lasso_traces_p-4.t2.c/lasso_trace_4.txt,TERMINATING,0.51,71.50,104.96,14.00,TERMINATING,55,10,65,Affine Template / Affine Template
ATVA2026_benchmark/TERM_LASSO//lasso_traces_p-55.t2.c/lasso_trace_1.txt,TERMINATING,1.77,69.84,71.24,12.00,TERMINATING,24,19,43,Affine Template / Affine Template
ATVA2026_benchmark/TERM_LASSO//lasso_traces_p-55.t2.c/lasso_trace_2.txt,TERMINATING,0.49,121.09,185.66,27.00,TERMINATING,27,26,53,Affine Template / Affine Template
ATVA2026_benchmark/TERM_LASSO//lasso_traces_p-55.t2.c/lasso_trace_3.txt,TERMINATING,0.45,55.50,93.13,9.00,TERMINATING,43,26,69,Affine Template / Affine Template
ATVA2026_benchmark/TERM_LASSO//lasso_traces_p-56.t2.c/lasso_trace_1.txt,TERMINATING,1.86,136.81,152.41,9.00,TERMINATING,34,14,48,Affine Template / Affine Template
ATVA2026_benchmark/TERM_LASSO//lasso_traces_p-56.t2.c/lasso_trace_2.txt,TERMINATING,0.49,194.35,26.16,36.00,TERMINATING,37,18,55,Affine Template / Affine Template
ATVA2026_benchmark/TERM_LASSO//lasso_traces_p-5.t2.c/lasso_trace_1.txt,TERMINATING,2.38,266.25,289.19,10.00,TERMINATING,68,18,86,Affine Template / Affine Template
ATVA2026_benchmark/TERM_LASSO//lasso_traces_p-60.t2.c/lasso_trace_1.txt,TERMINATING,1.66,113.63,180.75,10.00,TERMINATING,42,14,56,Affine Template / Affine Template
ATVA2026_benchmark/TERM_LASSO//lasso_traces_p-61.t2.c/lasso_trace_1.txt,TERMINATING,2.04,174.11,164.46,8.00,TERMINATING,32,18,50,Affine Template / Affine Template
ATVA2026_benchmark/TERM_LASSO//lasso_traces_p-63.t2.c/lasso_trace_1.txt,TERMINATING,1.69,107.37,111.16,9.00,TERMINATING,49,13,62,Affine Template / Affine Template
ATVA2026_benchmark/TERM_LASSO//lasso_traces_p-6.t2.c/lasso_trace_1.txt,TERMINATING,1.78,131.00,151.74,7.00,TERMINATING,28,19,47,Affine Template / Affine Template
ATVA2026_benchmark/TERM_LASSO//lasso_traces_p-6.t2.c/lasso_trace_2.txt,TERMINATING,0.51,76.96,83.89,30.00,TERMINATING,31,30,61,Affine Template / Affine Template
ATVA2026_benchmark/TERM_LASSO//lasso_traces_p-7b.t2.c/lasso_trace_1.txt,TERMINATING,1.92,134.51,49.34,9.00,TERMINATING,28,12,40,Affine Template / Affine Template
ATVA2026_benchmark/TERM_LASSO//lasso_traces_p-7.t2.c/lasso_trace_2.txt,TERMINATING,1.68,99.01,64.16,13.00,TERMINATING,28,25,53,Affine Template / Affine Template
ATVA2026_benchmark/TERM_LASSO//lasso_traces_Parallel.c/lasso_trace_1.txt,TERMINATING,2.01,101.44,73.91,20.00,TERMINATING,5,1,6,Affine Template / Affine Template
ATVA2026_benchmark/TERM_LASSO//lasso_traces_Parallel_no-overflow.c/lasso_trace_1.txt,TERMINATING,2.13,131.32,66.28,20.00,TERMINATING,5,1,6,Affine Template / Affine Template
ATVA2026_benchmark/TERM_LASSO//lasso_traces_Parallel_true-termination.c/lasso_trace_1.txt,TERMINATING,2.06,103.41,69.83,21.00,TERMINATING,5,1,6,Affine Template / Affine Template
ATVA2026_benchmark/TERM_LASSO//lasso_traces_parity0.c/lasso_trace_1.txt,TERMINATING,2.92,139.23,84.88,7.00,TERMINATING,5,1,6,Affine Template / Affine Template
ATVA2026_benchmark/TERM_LASSO//lasso_traces_parity0_termination.c/lasso_trace_1.txt,TERMINATING,2.84,161.56,105.72,7.00,TERMINATING,5,1,6,Affine Template / Affine Template
ATVA2026_benchmark/TERM_LASSO//lasso_traces_parity1.c/lasso_trace_1.txt,TERMINATING,2.04,111.58,156.12,8.00,TERMINATING,5,1,6,Affine Template / Affine Template
ATVA2026_benchmark/TERM_LASSO//lasso_traces_parity1_termination.c/lasso_trace_1.txt,TERMINATING,4.09,153.77,190.61,9.00,TERMINATING,5,1,6,Affine Template / Affine Template
ATVA2026_benchmark/TERM_LASSO//lasso_traces_Parts.c/lasso_trace_2.txt,TERMINATING,0.79,115.13,125.32,9.00,TERMINATING,7,9,16,Affine Template / Affine Template
ATVA2026_benchmark/TERM_LASSO//lasso_traces_Parts.c/lasso_trace_5.txt,TERMINATING,0.43,77.70,98.62,12.00,TERMINATING,14,7,21,Affine Template / Affine Template
ATVA2026_benchmark/TERM_LASSO//lasso_traces_Parts_no-overflow.c/lasso_trace_2.txt,TERMINATING,0.57,130.68,135.06,9.00,TERMINATING,7,9,16,Affine Template / Affine Template
ATVA2026_benchmark/TERM_LASSO//lasso_traces_Parts_no-overflow.c/lasso_trace_5.txt,TERMINATING,1.26,155.00,222.94,13.00,TERMINATING,14,7,21,Affine Template / Affine Template
ATVA2026_benchmark/TERM_LASSO//lasso_traces_Parts_true.c/lasso_trace_2.txt,TERMINATING,0.47,110.48,117.29,11.00,TERMINATING,7,9,16,Affine Template / Affine Template
ATVA2026_benchmark/TERM_LASSO//lasso_traces_Parts_true.c/lasso_trace_5.txt,TERMINATING,0.32,82.64,108.75,12.00,TERMINATING,14,7,21,Affine Template / Affine Template
ATVA2026_benchmark/TERM_LASSO//lasso_traces_Parts_true-termination.c/lasso_trace_2.txt,TERMINATING,0.39,113.64,121.97,9.00,TERMINATING,7,9,16,Affine Template / Affine Template
ATVA2026_benchmark/TERM_LASSO//lasso_traces_Parts_true-termination.c/lasso_trace_5.txt,TERMINATING,0.37,80.70,102.41,14.00,TERMINATING,14,7,21,Affine Template / Affine Template
ATVA2026_benchmark/TERM_LASSO//lasso_traces_PastaA1.c/lasso_trace_2.txt,TERMINATING,1.48,97.77,104.37,9.00,TERMINATING,5,3,8,Affine Template / Affine Template
ATVA2026_benchmark/TERM_LASSO//lasso_traces_PastaA1.c/lasso_trace_3.txt,TERMINATING,0.78,40.97,53.19,9.00,TERMINATING,6,1,7,Affine Template / Affine Template
ATVA2026_benchmark/TERM_LASSO//lasso_traces_PastaA1_no-overflow.c/lasso_trace_2.txt,TERMINATING,1.60,105.07,105.32,6.00,TERMINATING,5,3,8,Affine Template / Affine Template
ATVA2026_benchmark/TERM_LASSO//lasso_traces_PastaA1_no-overflow.c/lasso_trace_3.txt,TERMINATING,0.79,38.78,55.62,9.00,TERMINATING,6,1,7,Affine Template / Affine Template
ATVA2026_benchmark/TERM_LASSO//lasso_traces_PastaA4.c/lasso_trace_1.txt,TERMINATING,2.47,111.97,90.18,11.00,TERMINATING,5,1,6,Affine Template / Affine Template
ATVA2026_benchmark/TERM_LASSO//lasso_traces_PastaA4_no-overflow.c/lasso_trace_1.txt,TERMINATING,2.33,114.16,88.84,11.00,TERMINATING,5,1,6,Affine Template / Affine Template
ATVA2026_benchmark/TERM_LASSO//lasso_traces_PastaA5.c/lasso_trace_1.txt,TERMINATING,2.70,107.99,97.21,12.00,TERMINATING,5,1,6,Affine Template / Affine Template
ATVA2026_benchmark/TERM_LASSO//lasso_traces_PastaA5_false-no-overflow_true-termination.c/lasso_trace_1.txt,TERMINATING,2.14,107.79,93.45,11.00,TERMINATING,5,1,6,Affine Template / Affine Template
ATVA2026_benchmark/TERM_LASSO//lasso_traces_PastaA6.c/lasso_trace_1.txt,TERMINATING,2.43,64.26,53.78,12.00,TERMINATING,5,1,6,Affine Template / Affine Template
ATVA2026_benchmark/TERM_LASSO//lasso_traces_PastaA6_false-no-overflow_true-termination.c/lasso_trace_1.txt,TERMINATING,2.08,67.03,54.50,10.00,TERMINATING,5,1,6,Affine Template / Affine Template
ATVA2026_benchmark/TERM_LASSO//lasso_traces_PastaA7.c/lasso_trace_1.txt,TERMINATING,2.13,67.77,56.08,13.00,TERMINATING,5,1,6,Affine Template / Affine Template
ATVA2026_benchmark/TERM_LASSO//lasso_traces_PastaA7_no-overflow.c/lasso_trace_1.txt,TERMINATING,2.68,73.62,55.46,12.00,TERMINATING,5,1,6,Affine Template / Affine Template
ATVA2026_benchmark/TERM_LASSO//lasso_traces_PastaA8.c/lasso_trace_1.txt,TERMINATING,2.38,83.55,70.00,12.00,TERMINATING,5,1,6,Affine Template / Affine Template
ATVA2026_benchmark/TERM_LASSO//lasso_traces_PastaA8_false-no-overflow_true-termination.c/lasso_trace_1.txt,TERMINATING,2.06,88.38,68.93,11.00,TERMINATING,5,1,6,Affine Template / Affine Template
ATVA2026_benchmark/TERM_LASSO//lasso_traces_PastaA9.c/lasso_trace_1.txt,TERMINATING,1.77,115.98,39.05,12.00,TERMINATING,6,1,7,Affine Template / Affine Template
ATVA2026_benchmark/TERM_LASSO//lasso_traces_PastaA9_false-no-overflow_true-termination.c/lasso_trace_1.txt,TERMINATING,2.93,110.81,36.04,12.00,TERMINATING,6,1,7,Affine Template / Affine Template
ATVA2026_benchmark/TERM_LASSO//lasso_traces_PastaB11.c/lasso_trace_1.txt,TERMINATING,2.30,103.10,52.88,20.00,TERMINATING,5,1,6,Affine Template / Affine Template
ATVA2026_benchmark/TERM_LASSO//lasso_traces_PastaB11_false-no-overflow_true-termination.c/lasso_trace_1.txt,TERMINATING,2.16,108.88,50.69,19.00,TERMINATING,5,1,6,Affine Template / Affine Template
ATVA2026_benchmark/TERM_LASSO//lasso_traces_PastaB14.c/lasso_trace_2.txt,TERMINATING,2.12,71.17,91.72,7.00,TERMINATING,5,3,8,Affine Template / Affine Template
ATVA2026_benchmark/TERM_LASSO//lasso_traces_PastaB14_no-overflow.c/lasso_trace_2.txt,TERMINATING,2.45,91.82,94.47,7.00,TERMINATING,5,3,8,Affine Template / Affine Template
ATVA2026_benchmark/TERM_LASSO//lasso_traces_PastaB15.c/lasso_trace_2.txt,TERMINATING,1.92,115.99,49.87,13.00,TERMINATING,5,3,8,Affine Template / Affine Template
ATVA2026_benchmark/TERM_LASSO//lasso_traces_PastaB15.c/lasso_trace_3.txt,TERMINATING,0.41,35.48,68.65,12.00,TERMINATING,8,1,9,Affine Template / Affine Template
ATVA2026_benchmark/TERM_LASSO//lasso_traces_PastaB15_no-overflow.c/lasso_trace_2.txt,TERMINATING,1.99,185.72,52.07,11.00,TERMINATING,5,3,8,Affine Template / Affine Template
ATVA2026_benchmark/TERM_LASSO//lasso_traces_PastaB15_no-overflow.c/lasso_trace_3.txt,TERMINATING,1.48,43.56,80.96,12.00,TERMINATING,8,1,9,Affine Template / Affine Template
ATVA2026_benchmark/TERM_LASSO//lasso_traces_PastaB16.c/lasso_trace_1.txt,TERMINATING,2.09,88.22,117.37,11.00,TERMINATING,5,2,7,Affine Template / Affine Template
ATVA2026_benchmark/TERM_LASSO//lasso_traces_PastaB16.c/lasso_trace_2.txt,TERMINATING,0.63,105.38,109.20,7.00,TERMINATING,6,1,7,Affine Template / Affine Template
ATVA2026_benchmark/TERM_LASSO//lasso_traces_PastaB16_no-overflow.c/lasso_trace_1.txt,TERMINATING,1.95,93.47,124.11,10.00,TERMINATING,5,2,7,Affine Template / Affine Template
ATVA2026_benchmark/TERM_LASSO//lasso_traces_PastaB16_no-overflow.c/lasso_trace_2.txt,TERMINATING,0.77,109.17,122.39,6.00,TERMINATING,6,1,7,Affine Template / Affine Template
ATVA2026_benchmark/TERM_LASSO//lasso_traces_PastaB17.c/lasso_trace_1.txt,TERMINATING,1.97,61.19,50.11,11.00,TERMINATING,5,2,7,Affine Template / Affine Template
ATVA2026_benchmark/TERM_LASSO//lasso_traces_PastaB17.c/lasso_trace_2.txt,TERMINATING,0.46,76.14,30.45,11.00,TERMINATING,6,1,7,Affine Template / Affine Template
ATVA2026_benchmark/TERM_LASSO//lasso_traces_PastaB17_no-overflow.c/lasso_trace_1.txt,TERMINATING,9.65,167.18,108.74,12.00,TERMINATING,5,2,7,Affine Template / Affine Template
ATVA2026_benchmark/TERM_LASSO//lasso_traces_PastaB17_no-overflow.c/lasso_trace_2.txt,TERMINATING,0.81,105.96,54.78,13.00,TERMINATING,6,1,7,Affine Template / Affine Template
ATVA2026_benchmark/TERM_LASSO//lasso_traces_PastaB1.c/lasso_trace_1.txt,TERMINATING,2.15,64.19,36.45,10.00,TERMINATING,5,1,6,Affine Template / Affine Template
ATVA2026_benchmark/TERM_LASSO//lasso_traces_PastaB1_no-overflow.c/lasso_trace_1.txt,TERMINATING,18.37,194.20,75.82,11.00,TERMINATING,5,1,6,Affine Template / Affine Template
ATVA2026_benchmark/TERM_LASSO//lasso_traces_PastaB2.c/lasso_trace_1.txt,TERMINATING,2.20,83.59,63.50,11.00,TERMINATING,5,1,6,Affine Template / Affine Template
ATVA2026_benchmark/TERM_LASSO//lasso_traces_PastaB2_no-overflow.c/lasso_trace_1.txt,TERMINATING,2.25,96.41,68.43,11.00,TERMINATING,5,1,6,Affine Template / Affine Template
ATVA2026_benchmark/TERM_LASSO//lasso_traces_PastaB3.c/lasso_trace_1.txt,TERMINATING,1.90,98.89,107.53,12.00,TERMINATING,6,1,7,Affine Template / Affine Template
ATVA2026_benchmark/TERM_LASSO//lasso_traces_PastaB3_false-no-overflow_true-termination.c/lasso_trace_1.txt,TERMINATING,1.83,110.88,93.29,16.00,TERMINATING,6,1,7,Affine Template / Affine Template
ATVA2026_benchmark/TERM_LASSO//lasso_traces_PastaB4.c/lasso_trace_1.txt,TERMINATING,1.68,97.09,79.76,10.00,TERMINATING,5,1,6,Affine Template / Affine Template
ATVA2026_benchmark/TERM_LASSO//lasso_traces_PastaB4_no-overflow.c/lasso_trace_1.txt,TERMINATING,1.81,114.41,88.39,11.00,TERMINATING,5,1,6,Affine Template / Affine Template
ATVA2026_benchmark/TERM_LASSO//lasso_traces_PastaB6.c/lasso_trace_1.txt,TERMINATING,2.09,62.06,35.07,10.00,TERMINATING,5,1,6,Affine Template / Affine Template
ATVA2026_benchmark/TERM_LASSO//lasso_traces_PastaB6_no-overflow.c/lasso_trace_1.txt,TERMINATING,2.10,66.24,37.12,10.00,TERMINATING,5,1,6,Affine Template / Affine Template
ATVA2026_benchmark/TERM_LASSO//lasso_traces_PastaB7.c/lasso_trace_1.txt,TERMINATING,2.46,91.13,115.43,8.00,TERMINATING,5,1,6,Affine Template / Affine Template
ATVA2026_benchmark/TERM_LASSO//lasso_traces_PastaB7_no-overflow.c/lasso_trace_1.txt,TERMINATING,2.56,87.56,107.42,9.00,TERMINATING,5,1,6,Affine Template / Affine Template
ATVA2026_benchmark/TERM_LASSO//lasso_traces_PastaC1.c/lasso_trace_1.txt,TERMINATING,1.91,76.14,63.66,9.00,TERMINATING,5,2,7,Affine Template / Affine Template
ATVA2026_benchmark/TERM_LASSO//lasso_traces_PastaC1_false-no-overflow_true-termination.c/lasso_trace_1.txt,TERMINATING,1.98,92.15,66.72,9.00,TERMINATING,5,2,7,Affine Template / Affine Template
ATVA2026_benchmark/TERM_LASSO//lasso_traces_PastaC2.c/lasso_trace_2.txt,TERMINATING,1.62,52.76,58.85,12.00,TERMINATING,5,3,8,Affine Template / Affine Template
ATVA2026_benchmark/TERM_LASSO//lasso_traces_PastaC2.c/lasso_trace_3.txt,TERMINATING,1.25,47.27,42.94,9.00,TERMINATING,6,1,7,Affine Template / Affine Template
ATVA2026_benchmark/TERM_LASSO//lasso_traces_PastaC2_false-no-overflow_true-termination.c/lasso_trace_2.txt,TERMINATING,1.61,60.19,62.78,9.00,TERMINATING,5,3,8,Affine Template / Affine Template
ATVA2026_benchmark/TERM_LASSO//lasso_traces_PastaC2_false-no-overflow_true-termination.c/lasso_trace_3.txt,TERMINATING,0.68,43.33,47.03,9.00,TERMINATING,6,1,7,Affine Template / Affine Template
ATVA2026_benchmark/TERM_LASSO//lasso_traces_PastaC3.c/lasso_trace_1.txt,TERMINATING,1.94,119.46,69.39,24.00,TERMINATING,5,1,6,Affine Template / Affine Template
ATVA2026_benchmark/TERM_LASSO//lasso_traces_PastaC3_no-overflow.c/lasso_trace_1.txt,TERMINATING,1.96,134.54,75.40,26.00,TERMINATING,5,1,6,Affine Template / Affine Template
ATVA2026_benchmark/TERM_LASSO//lasso_traces_PastaC7.c/lasso_trace_1.txt,TERMINATING,2.21,142.11,37.87,13.00,TERMINATING,5,1,6,Affine Template / Affine Template
ATVA2026_benchmark/TERM_LASSO//lasso_traces_PastaC7_false-no-overflow.c/lasso_trace_1.txt,TERMINATING,1.96,149.03,40.79,13.00,TERMINATING,5,1,6,Affine Template / Affine Template
ATVA2026_benchmark/TERM_LASSO//lasso_traces_PastaC7_no-overflow.c/lasso_trace_1.txt,TERMINATING,2.12,148.51,42.09,14.00,TERMINATING,5,1,6,Affine Template / Affine Template
ATVA2026_benchmark/TERM_LASSO//lasso_traces_PastaC9.c/lasso_trace_1.txt,TERMINATING,1.82,101.44,62.50,16.00,TERMINATING,5,1,6,Affine Template / Affine Template
ATVA2026_benchmark/TERM_LASSO//lasso_traces_PastaC9_no-overflow.c/lasso_trace_1.txt,TERMINATING,3.36,100.43,65.54,21.00,TERMINATING,5,1,6,Affine Template / Affine Template
ATVA2026_benchmark/TERM_LASSO//lasso_traces_pearl-necklace.t2.c/lasso_trace_1.txt,TERMINATING,1.72,122.11,122.69,10.00,TERMINATING,32,13,45,Affine Template / Affine Template
ATVA2026_benchmark/TERM_LASSO//lasso_traces_pearl-necklace.t2.c/lasso_trace_2.txt,TERMINATING,0.32,125.50,128.16,10.00,TERMINATING,37,13,50,Affine Template / Affine Template
ATVA2026_benchmark/TERM_LASSO//lasso_traces_pentagon.t2.c/lasso_trace_1.txt,TERMINATING,2.31,189.26,232.29,12.00,TERMINATING,57,9,66,Affine Template / Affine Template
ATVA2026_benchmark/TERM_LASSO//lasso_traces_pentagon.t2.c/lasso_trace_10.txt,TERMINATING,0.45,62.75,176.71,13.00,TERMINATING,95,13,108,Affine Template / Affine Template
ATVA2026_benchmark/TERM_LASSO//lasso_traces_pentagon.t2.c/lasso_trace_12.txt,TERMINATING,0.55,140.41,213.83,13.00,TERMINATING,100,25,125,Affine Template / Affine Template
ATVA2026_benchmark/TERM_LASSO//lasso_traces_pentagon.t2.c/lasso_trace_13.txt,TERMINATING,0.67,230.66,52.55,20.00,TERMINATING,95,51,146,Affine Template / Affine Template
ATVA2026_benchmark/TERM_LASSO//lasso_traces_pentagon.t2.c/lasso_trace_14.txt,TERMINATING,0.40,165.28,215.23,16.00,TERMINATING,73,21,94,Affine Template / Affine Template
ATVA2026_benchmark/TERM_LASSO//lasso_traces_pentagon.t2.c/lasso_trace_15.txt,TERMINATING,0.53,173.16,297.49,113.00,TERMINATING,86,34,120,Affine Template / Affine Template
ATVA2026_benchmark/TERM_LASSO//lasso_traces_pentagon.t2.c/lasso_trace_16.txt,TERMINATING,0.53,142.52,184.49,20.00,TERMINATING,100,34,134,Affine Template / Affine Template
ATVA2026_benchmark/TERM_LASSO//lasso_traces_pentagon.t2.c/lasso_trace_19.txt,TERMINATING,0.48,62.11,74.47,38.00,TERMINATING,76,25,101,Affine Template / Affine Template
ATVA2026_benchmark/TERM_LASSO//lasso_traces_pentagon.t2.c/lasso_trace_2.txt,TERMINATING,0.62,191.94,232.13,36.00,TERMINATING,60,17,77,Affine Template / Affine Template
ATVA2026_benchmark/TERM_LASSO//lasso_traces_pentagon.t2.c/lasso_trace_20.txt,TERMINATING,0.56,177.29,58.98,20.00,TERMINATING,108,47,155,Affine Template / Affine Template
ATVA2026_benchmark/TERM_LASSO//lasso_traces_pentagon.t2.c/lasso_trace_21.txt,TERMINATING,0.69,151.97,275.16,45.00,TERMINATING,125,64,189,Affine Template / 2-Nested Template
ATVA2026_benchmark/TERM_LASSO//lasso_traces_pentagon.t2.c/lasso_trace_29.txt,TERMINATING,0.54,48.37,220.28,29.00,TERMINATING,129,93,222,Affine Template / Affine Template
ATVA2026_benchmark/TERM_LASSO//lasso_traces_pentagon.t2.c/lasso_trace_3.txt,TERMINATING,0.44,172.81,201.22,16.00,TERMINATING,65,13,78,Affine Template / Affine Template
ATVA2026_benchmark/TERM_LASSO//lasso_traces_pentagon.t2.c/lasso_trace_35.txt,TERMINATING,1.09,110.98,219.81,272.00,TERMINATING,158,98,256,Affine Template / 2-Nested Template
ATVA2026_benchmark/TERM_LASSO//lasso_traces_pentagon.t2.c/lasso_trace_37.txt,TERMINATING,1.10,308.29,172.52,229.00,TERMINATING,162,106,268,Affine Template / Affine Template
ATVA2026_benchmark/TERM_LASSO//lasso_traces_pentagon.t2.c/lasso_trace_39.txt,TERMINATING,1.19,137.45,70.31,204.00,TERMINATING,162,106,268,Affine Template / Affine Template
ATVA2026_benchmark/TERM_LASSO//lasso_traces_pentagon.t2.c/lasso_trace_4.txt,TERMINATING,0.47,112.55,173.51,17.00,TERMINATING,70,21,91,Affine Template / Affine Template
ATVA2026_benchmark/TERM_LASSO//lasso_traces_pentagon.t2.c/lasso_trace_5.txt,TERMINATING,0.46,65.17,58.23,12.00,TERMINATING,74,9,83,Affine Template / Affine Template
ATVA2026_benchmark/TERM_LASSO//lasso_traces_pentagon.t2.c/lasso_trace_6.txt,TERMINATING,0.39,83.20,76.67,12.00,TERMINATING,83,9,92,Affine Template / Affine Template
ATVA2026_benchmark/TERM_LASSO//lasso_traces_pentagon.t2.c/lasso_trace_7.txt,TERMINATING,0.46,141.33,87.46,25.00,TERMINATING,74,22,96,Affine Template / Affine Template
ATVA2026_benchmark/TERM_LASSO//lasso_traces_pentagon.t2.c/lasso_trace_8.txt,TERMINATING,0.37,130.07,168.29,12.00,TERMINATING,82,17,99,Affine Template / Affine Template
ATVA2026_benchmark/TERM_LASSO//lasso_traces_pentagon.t2.c/lasso_trace_9.txt,TERMINATING,0.65,190.15,268.46,13.00,TERMINATING,87,25,112,Affine Template / Affine Template
ATVA2026_benchmark/TERM_LASSO//lasso_traces_pldi.t2.c/lasso_trace_1.txt,TERMINATING,2.15,158.69,199.57,10.00,TERMINATING,28,22,50,Affine Template / Affine Template
ATVA2026_benchmark/TERM_LASSO//lasso_traces_pldi.t2.c/lasso_trace_2.txt,TERMINATING,0.47,56.52,136.65,34.00,TERMINATING,31,56,87,Affine Template / Affine Template
ATVA2026_benchmark/TERM_LASSO//lasso_traces_pldi.t2.c/lasso_trace_3.txt,TERMINATING,0.33,128.31,97.39,23.00,TERMINATING,52,27,79,Affine Template / Affine Template
ATVA2026_benchmark/TERM_LASSO//lasso_traces_PlusSwap.c/lasso_trace_1.txt,TERMINATING,1.93,114.05,104.07,14.00,TERMINATING,5,1,6,Affine Template / Affine Template
ATVA2026_benchmark/TERM_LASSO//lasso_traces_PlusSwap_false-no-overflow_true-termination.c/lasso_trace_1.txt,TERMINATING,2.34,100.36,110.90,14.00,TERMINATING,5,1,6,Affine Template / Affine Template
ATVA2026_benchmark/TERM_LASSO//lasso_traces_PodelskiRybalchenko-LICS2004-Fig1.c/lasso_trace_1.txt,TERMINATING,1.80,54.50,53.79,8.00,TERMINATING,5,2,7,Affine Template / Affine Template
ATVA2026_benchmark/TERM_LASSO//lasso_traces_PodelskiRybalchenko-LICS2004-Fig1_no-overflow.c/lasso_trace_1.txt,TERMINATING,2.07,61.71,49.34,9.00,TERMINATING,5,2,7,Affine Template / Affine Template
ATVA2026_benchmark/TERM_LASSO//lasso_traces_PodelskiRybalchenko-LICS2004-Fig1_true-termination.c/lasso_trace_1.txt,TERMINATING,1.85,53.76,49.06,9.00,TERMINATING,5,2,7,Affine Template / Affine Template
ATVA2026_benchmark/TERM_LASSO//lasso_traces_PodelskiRybalchenko-TACAS2011-Fig1.c/lasso_trace_1.txt,TERMINATING,1.95,76.77,31.87,9.00,TERMINATING,5,1,6,Affine Template / Affine Template
ATVA2026_benchmark/TERM_LASSO//lasso_traces_PodelskiRybalchenko-TACAS2011-Fig1_no-overflow.c/lasso_trace_1.txt,TERMINATING,1.94,95.94,34.60,8.00,TERMINATING,5,1,6,Affine Template / Affine Template
ATVA2026_benchmark/TERM_LASSO//lasso_traces_PodelskiRybalchenko-TACAS2011-Fig1_true-termination.c/lasso_trace_1.txt,TERMINATING,1.92,89.55,37.62,8.00,TERMINATING,5,1,6,Affine Template / Affine Template
ATVA2026_benchmark/TERM_LASSO//lasso_traces_PodelskiRybalchenko-TACAS2011-Fig2.c/lasso_trace_1.txt,TERMINATING,1.92,56.65,48.47,12.00,TERMINATING,5,2,7,Affine Template / Affine Template
ATVA2026_benchmark/TERM_LASSO//lasso_traces_PodelskiRybalchenko-TACAS2011-Fig2.c/lasso_trace_2.txt,TERMINATING,0.41,83.11,101.73,10.00,TERMINATING,6,1,7,Affine Template / Affine Template
ATVA2026_benchmark/TERM_LASSO//lasso_traces_PodelskiRybalchenko-TACAS2011-Fig2_no-overflow.c/lasso_trace_1.txt,TERMINATING,2.12,69.86,53.23,8.00,TERMINATING,5,2,7,Affine Template / Affine Template
ATVA2026_benchmark/TERM_LASSO//lasso_traces_PodelskiRybalchenko-TACAS2011-Fig2_no-overflow.c/lasso_trace_2.txt,TERMINATING,0.44,89.66,99.67,11.00,TERMINATING,6,1,7,Affine Template / Affine Template
ATVA2026_benchmark/TERM_LASSO//lasso_traces_PodelskiRybalchenko-TACAS2011-Fig2_true-termination.c/lasso_trace_1.txt,TERMINATING,1.88,59.18,46.42,9.00,TERMINATING,5,2,7,Affine Template / Affine Template
ATVA2026_benchmark/TERM_LASSO//lasso_traces_PodelskiRybalchenko-TACAS2011-Fig2_true-termination.c/lasso_trace_2.txt,TERMINATING,0.36,93.74,95.58,10.00,TERMINATING,6,1,7,Affine Template / Affine Template
ATVA2026_benchmark/TERM_LASSO//lasso_traces_PodelskiRybalchenko-TACAS2011-Fig4.c/lasso_trace_1.txt,TERMINATING,2.68,112.36,53.99,23.00,TERMINATING,5,1,6,Affine Template / Affine Template
ATVA2026_benchmark/TERM_LASSO//lasso_traces_PodelskiRybalchenko-TACAS2011-Fig4_no-overflow.c/lasso_trace_1.txt,TERMINATING,1.97,103.53,58.55,23.00,TERMINATING,5,1,6,Affine Template / Affine Template
ATVA2026_benchmark/TERM_LASSO//lasso_traces_PodelskiRybalchenko-TACAS2011-Fig4_true-termination.c/lasso_trace_1.txt,TERMINATING,2.15,109.00,58.97,21.00,TERMINATING,5,1,6,Affine Template / Affine Template
ATVA2026_benchmark/TERM_LASSO//lasso_traces_PodelskiRybalchenko-VMCAI2004-Ex1.c/lasso_trace_1.txt,TERMINATING,1.94,119.87,121.33,38.00,TERMINATING,5,1,6,Affine Template / Affine Template
ATVA2026_benchmark/TERM_LASSO//lasso_traces_PodelskiRybalchenko-VMCAI2004-Ex1_no-overflow.c/lasso_trace_1.txt,TERMINATING,3.47,122.03,108.25,46.00,TERMINATING,5,1,6,Affine Template / Affine Template
ATVA2026_benchmark/TERM_LASSO//lasso_traces_PodelskiRybalchenko-VMCAI2004-Ex1_true-termination.c/lasso_trace_1.txt,TERMINATING,1.98,136.78,101.34,46.00,TERMINATING,5,1,6,Affine Template / Affine Template
ATVA2026_benchmark/TERM_LASSO//lasso_traces_Pointers_II.c/lasso_trace_1.txt,TERMINATING,2.16,1014.12,-,119.00,TERMINATING,6,2,8,Affine Template / Affine Template
ATVA2026_benchmark/TERM_LASSO//lasso_traces_polyrank1.t2.c/lasso_trace_1.txt,TERMINATING,2.02,291.98,120.46,13.00,TERMINATING,20,9,29,2-Nested Template / 2-Nested Template
ATVA2026_benchmark/TERM_LASSO//lasso_traces_polyrank2.t2.c/lasso_trace_1.txt,TERMINATING,3.48,630.33,64.96,22.00,TERMINATING,24,9,33,3-Nested Template / 3-Nested Template
ATVA2026_benchmark/TERM_LASSO//lasso_traces_polyrank3.t2.c/lasso_trace_1.txt,TERMINATING,1.91,307.62,84.00,20.00,TERMINATING,24,9,33,2-Nested Template / 2-Nested Template
ATVA2026_benchmark/TERM_LASSO//lasso_traces_polyrank3.t2.c/lasso_trace_10.txt,TERMINATING,0.36,336.81,112.73,18.00,TERMINATING,51,9,60,2-Nested Template / 2-Nested Template
ATVA2026_benchmark/TERM_LASSO//lasso_traces_polyrank3.t2.c/lasso_trace_100.txt,TERMINATING,0.33,280.17,70.59,12.00,TERMINATING,51,9,60,2-Nested Template / 2-Nested Template
ATVA2026_benchmark/TERM_LASSO//lasso_traces_polyrank3.t2.c/lasso_trace_101.txt,TERMINATING,0.35,242.54,98.00,12.00,TERMINATING,51,9,60,2-Nested Template / 2-Nested Template
ATVA2026_benchmark/TERM_LASSO//lasso_traces_polyrank3.t2.c/lasso_trace_102.txt,TERMINATING,0.36,223.36,83.11,17.00,TERMINATING,51,9,60,2-Nested Template / 2-Nested Template
ATVA2026_benchmark/TERM_LASSO//lasso_traces_polyrank3.t2.c/lasso_trace_103.txt,TERMINATING,0.52,301.30,138.93,12.00,TERMINATING,51,9,60,2-Nested Template / 2-Nested Template
ATVA2026_benchmark/TERM_LASSO//lasso_traces_polyrank3.t2.c/lasso_trace_104.txt,TERMINATING,0.40,284.13,151.77,12.00,TERMINATING,51,9,60,2-Nested Template / 2-Nested Template
ATVA2026_benchmark/TERM_LASSO//lasso_traces_polyrank3.t2.c/lasso_trace_105.txt,TERMINATING,0.33,243.15,42.76,13.00,TERMINATING,51,9,60,2-Nested Template / 2-Nested Template
ATVA2026_benchmark/TERM_LASSO//lasso_traces_polyrank3.t2.c/lasso_trace_106.txt,TERMINATING,0.41,282.95,25.47,11.00,TERMINATING,51,9,60,2-Nested Template / 2-Nested Template
ATVA2026_benchmark/TERM_LASSO//lasso_traces_polyrank3.t2.c/lasso_trace_107.txt,TERMINATING,0.39,263.91,53.57,11.00,TERMINATING,51,9,60,2-Nested Template / 2-Nested Template
ATVA2026_benchmark/TERM_LASSO//lasso_traces_polyrank3.t2.c/lasso_trace_108.txt,TERMINATING,0.60,246.77,28.62,13.00,TERMINATING,51,9,60,2-Nested Template / 2-Nested Template
ATVA2026_benchmark/TERM_LASSO//lasso_traces_polyrank3.t2.c/lasso_trace_109.txt,TERMINATING,0.54,277.09,25.91,13.00,TERMINATING,51,9,60,2-Nested Template / 2-Nested Template
ATVA2026_benchmark/TERM_LASSO//lasso_traces_polyrank3.t2.c/lasso_trace_11.txt,TERMINATING,0.32,289.23,85.25,12.00,TERMINATING,51,9,60,2-Nested Template / 2-Nested Template
ATVA2026_benchmark/TERM_LASSO//lasso_traces_polyrank3.t2.c/lasso_trace_110.txt,TERMINATING,0.37,329.97,145.21,20.00,TERMINATING,51,9,60,2-Nested Template / 2-Nested Template
ATVA2026_benchmark/TERM_LASSO//lasso_traces_polyrank3.t2.c/lasso_trace_111.txt,TERMINATING,0.47,305.89,136.09,12.00,TERMINATING,51,9,60,2-Nested Template / 2-Nested Template
ATVA2026_benchmark/TERM_LASSO//lasso_traces_polyrank3.t2.c/lasso_trace_112.txt,TERMINATING,0.30,253.06,150.03,12.00,TERMINATING,51,9,60,2-Nested Template / 2-Nested Template
ATVA2026_benchmark/TERM_LASSO//lasso_traces_polyrank3.t2.c/lasso_trace_113.txt,TERMINATING,0.37,271.67,113.44,17.00,TERMINATING,51,9,60,2-Nested Template / 2-Nested Template
ATVA2026_benchmark/TERM_LASSO//lasso_traces_polyrank3.t2.c/lasso_trace_114.txt,TERMINATING,0.40,293.77,133.47,22.00,TERMINATING,51,9,60,2-Nested Template / 2-Nested Template
ATVA2026_benchmark/TERM_LASSO//lasso_traces_polyrank3.t2.c/lasso_trace_115.txt,TERMINATING,0.39,354.89,143.02,12.00,TERMINATING,51,9,60,2-Nested Template / 2-Nested Template
ATVA2026_benchmark/TERM_LASSO//lasso_traces_polyrank3.t2.c/lasso_trace_116.txt,TERMINATING,0.47,301.07,26.59,12.00,TERMINATING,51,9,60,2-Nested Template / 2-Nested Template
ATVA2026_benchmark/TERM_LASSO//lasso_traces_polyrank3.t2.c/lasso_trace_117.txt,TERMINATING,0.29,282.05,70.83,17.00,TERMINATING,51,9,60,2-Nested Template / 2-Nested Template
ATVA2026_benchmark/TERM_LASSO//lasso_traces_polyrank3.t2.c/lasso_trace_118.txt,TERMINATING,0.35,242.01,38.37,11.00,TERMINATING,51,9,60,2-Nested Template / 2-Nested Template
ATVA2026_benchmark/TERM_LASSO//lasso_traces_polyrank3.t2.c/lasso_trace_119.txt,TERMINATING,0.40,242.98,83.38,17.00,TERMINATING,51,9,60,2-Nested Template / 2-Nested Template
ATVA2026_benchmark/TERM_LASSO//lasso_traces_polyrank3.t2.c/lasso_trace_12.txt,TERMINATING,0.31,332.37,119.79,17.00,TERMINATING,51,9,60,2-Nested Template / 2-Nested Template
ATVA2026_benchmark/TERM_LASSO//lasso_traces_polyrank3.t2.c/lasso_trace_120.txt,TERMINATING,0.34,271.66,72.21,17.00,TERMINATING,51,9,60,2-Nested Template / 2-Nested Template
ATVA2026_benchmark/TERM_LASSO//lasso_traces_polyrank3.t2.c/lasso_trace_121.txt,TERMINATING,0.36,284.73,72.31,16.00,TERMINATING,51,9,60,2-Nested Template / 2-Nested Template
ATVA2026_benchmark/TERM_LASSO//lasso_traces_polyrank3.t2.c/lasso_trace_122.txt,TERMINATING,0.49,250.14,75.20,16.00,TERMINATING,51,9,60,2-Nested Template / 2-Nested Template
ATVA2026_benchmark/TERM_LASSO//lasso_traces_polyrank3.t2.c/lasso_trace_123.txt,TERMINATING,0.29,279.94,39.29,15.00,TERMINATING,51,9,60,2-Nested Template / 2-Nested Template
ATVA2026_benchmark/TERM_LASSO//lasso_traces_polyrank3.t2.c/lasso_trace_124.txt,TERMINATING,0.35,288.80,26.69,17.00,TERMINATING,51,9,60,2-Nested Template / 2-Nested Template
ATVA2026_benchmark/TERM_LASSO//lasso_traces_polyrank3.t2.c/lasso_trace_125.txt,TERMINATING,0.41,253.75,121.54,13.00,TERMINATING,51,9,60,2-Nested Template / 2-Nested Template
ATVA2026_benchmark/TERM_LASSO//lasso_traces_polyrank3.t2.c/lasso_trace_126.txt,TERMINATING,0.36,311.21,109.77,15.00,TERMINATING,51,9,60,2-Nested Template / 2-Nested Template
ATVA2026_benchmark/TERM_LASSO//lasso_traces_polyrank3.t2.c/lasso_trace_127.txt,TERMINATING,0.34,327.60,119.45,12.00,TERMINATING,51,9,60,2-Nested Template / 2-Nested Template
ATVA2026_benchmark/TERM_LASSO//lasso_traces_polyrank3.t2.c/lasso_trace_128.txt,TERMINATING,0.53,294.83,28.74,12.00,TERMINATING,51,9,60,2-Nested Template / 2-Nested Template
ATVA2026_benchmark/TERM_LASSO//lasso_traces_polyrank3.t2.c/lasso_trace_129.txt,TERMINATING,0.36,311.62,137.32,17.00,TERMINATING,51,9,60,2-Nested Template / 2-Nested Template
ATVA2026_benchmark/TERM_LASSO//lasso_traces_polyrank3.t2.c/lasso_trace_13.txt,TERMINATING,0.39,320.50,71.19,17.00,TERMINATING,51,9,60,2-Nested Template / 2-Nested Template
ATVA2026_benchmark/TERM_LASSO//lasso_traces_polyrank3.t2.c/lasso_trace_130.txt,TERMINATING,0.33,249.78,134.34,17.00,TERMINATING,51,9,60,2-Nested Template / 2-Nested Template
ATVA2026_benchmark/TERM_LASSO//lasso_traces_polyrank3.t2.c/lasso_trace_131.txt,TERMINATING,0.36,348.37,142.46,12.00,TERMINATING,51,9,60,2-Nested Template / 2-Nested Template
ATVA2026_benchmark/TERM_LASSO//lasso_traces_polyrank3.t2.c/lasso_trace_132.txt,TERMINATING,0.35,285.19,48.98,13.00,TERMINATING,51,9,60,2-Nested Template / 2-Nested Template
ATVA2026_benchmark/TERM_LASSO//lasso_traces_polyrank3.t2.c/lasso_trace_133.txt,TERMINATING,0.35,314.86,94.37,13.00,TERMINATING,51,9,60,2-Nested Template / 2-Nested Template
ATVA2026_benchmark/TERM_LASSO//lasso_traces_polyrank3.t2.c/lasso_trace_134.txt,TERMINATING,0.41,315.91,62.84,13.00,TERMINATING,51,9,60,2-Nested Template / 2-Nested Template
ATVA2026_benchmark/TERM_LASSO//lasso_traces_polyrank3.t2.c/lasso_trace_135.txt,TERMINATING,0.33,249.11,54.80,12.00,TERMINATING,51,9,60,2-Nested Template / 2-Nested Template
ATVA2026_benchmark/TERM_LASSO//lasso_traces_polyrank3.t2.c/lasso_trace_136.txt,TERMINATING,0.42,301.65,36.65,17.00,TERMINATING,51,9,60,2-Nested Template / 2-Nested Template
ATVA2026_benchmark/TERM_LASSO//lasso_traces_polyrank3.t2.c/lasso_trace_137.txt,TERMINATING,0.31,256.29,73.31,24.00,TERMINATING,51,9,60,2-Nested Template / 2-Nested Template
ATVA2026_benchmark/TERM_LASSO//lasso_traces_polyrank3.t2.c/lasso_trace_138.txt,TERMINATING,0.38,335.10,139.89,16.00,TERMINATING,51,9,60,2-Nested Template / 2-Nested Template
ATVA2026_benchmark/TERM_LASSO//lasso_traces_polyrank3.t2.c/lasso_trace_139.txt,TERMINATING,0.31,247.40,27.07,17.00,TERMINATING,51,9,60,2-Nested Template / 2-Nested Template
ATVA2026_benchmark/TERM_LASSO//lasso_traces_polyrank3.t2.c/lasso_trace_14.txt,TERMINATING,0.57,339.85,115.41,12.00,TERMINATING,51,9,60,2-Nested Template / 2-Nested Template
ATVA2026_benchmark/TERM_LASSO//lasso_traces_polyrank3.t2.c/lasso_trace_140.txt,TERMINATING,0.29,243.93,57.58,18.00,TERMINATING,51,9,60,2-Nested Template / 2-Nested Template
ATVA2026_benchmark/TERM_LASSO//lasso_traces_polyrank3.t2.c/lasso_trace_141.txt,TERMINATING,0.35,320.41,51.04,12.00,TERMINATING,51,9,60,2-Nested Template / 2-Nested Template
ATVA2026_benchmark/TERM_LASSO//lasso_traces_polyrank3.t2.c/lasso_trace_142.txt,TERMINATING,0.36,295.88,98.49,12.00,TERMINATING,51,9,60,2-Nested Template / 2-Nested Template
ATVA2026_benchmark/TERM_LASSO//lasso_traces_polyrank3.t2.c/lasso_trace_143.txt,TERMINATING,0.36,269.95,52.42,12.00,TERMINATING,51,9,60,2-Nested Template / 2-Nested Template
ATVA2026_benchmark/TERM_LASSO//lasso_traces_polyrank3.t2.c/lasso_trace_144.txt,TERMINATING,0.39,306.21,148.14,11.00,TERMINATING,51,9,60,2-Nested Template / 2-Nested Template
ATVA2026_benchmark/TERM_LASSO//lasso_traces_polyrank3.t2.c/lasso_trace_145.txt,TERMINATING,0.35,302.77,123.34,12.00,TERMINATING,51,9,60,2-Nested Template / 2-Nested Template
ATVA2026_benchmark/TERM_LASSO//lasso_traces_polyrank3.t2.c/lasso_trace_146.txt,TERMINATING,0.36,347.03,75.17,17.00,TERMINATING,51,9,60,2-Nested Template / 2-Nested Template
ATVA2026_benchmark/TERM_LASSO//lasso_traces_polyrank3.t2.c/lasso_trace_147.txt,TERMINATING,0.34,335.61,89.36,16.00,TERMINATING,51,9,60,2-Nested Template / 2-Nested Template
ATVA2026_benchmark/TERM_LASSO//lasso_traces_polyrank3.t2.c/lasso_trace_148.txt,TERMINATING,0.57,243.73,30.64,13.00,TERMINATING,51,9,60,2-Nested Template / 2-Nested Template
ATVA2026_benchmark/TERM_LASSO//lasso_traces_polyrank3.t2.c/lasso_trace_149.txt,TERMINATING,0.36,306.92,25.23,12.00,TERMINATING,51,9,60,2-Nested Template / 2-Nested Template
ATVA2026_benchmark/TERM_LASSO//lasso_traces_polyrank3.t2.c/lasso_trace_15.txt,TERMINATING,0.39,315.36,130.48,22.00,TERMINATING,51,9,60,2-Nested Template / 2-Nested Template
ATVA2026_benchmark/TERM_LASSO//lasso_traces_polyrank3.t2.c/lasso_trace_150.txt,TERMINATING,0.33,291.08,86.47,11.00,TERMINATING,51,9,60,2-Nested Template / 2-Nested Template
ATVA2026_benchmark/TERM_LASSO//lasso_traces_polyrank3.t2.c/lasso_trace_151.txt,TERMINATING,0.37,297.05,51.22,13.00,TERMINATING,51,9,60,2-Nested Template / 2-Nested Template
ATVA2026_benchmark/TERM_LASSO//lasso_traces_polyrank3.t2.c/lasso_trace_152.txt,TERMINATING,0.36,270.78,123.12,12.00,TERMINATING,51,9,60,2-Nested Template / 2-Nested Template
ATVA2026_benchmark/TERM_LASSO//lasso_traces_polyrank3.t2.c/lasso_trace_153.txt,TERMINATING,0.51,251.12,62.62,18.00,TERMINATING,51,9,60,2-Nested Template / 2-Nested Template
ATVA2026_benchmark/TERM_LASSO//lasso_traces_polyrank3.t2.c/lasso_trace_154.txt,TERMINATING,0.40,276.02,97.10,18.00,TERMINATING,51,9,60,2-Nested Template / 2-Nested Template
ATVA2026_benchmark/TERM_LASSO//lasso_traces_polyrank3.t2.c/lasso_trace_155.txt,TERMINATING,0.37,324.17,144.83,12.00,TERMINATING,51,9,60,2-Nested Template / 2-Nested Template
ATVA2026_benchmark/TERM_LASSO//lasso_traces_polyrank3.t2.c/lasso_trace_156.txt,TERMINATING,0.66,241.00,38.53,13.00,TERMINATING,51,9,60,2-Nested Template / 2-Nested Template
ATVA2026_benchmark/TERM_LASSO//lasso_traces_polyrank3.t2.c/lasso_trace_157.txt,TERMINATING,0.41,262.63,111.72,13.00,TERMINATING,51,9,60,2-Nested Template / 2-Nested Template
ATVA2026_benchmark/TERM_LASSO//lasso_traces_polyrank3.t2.c/lasso_trace_158.txt,TERMINATING,0.37,348.34,136.86,12.00,TERMINATING,51,9,60,2-Nested Template / 2-Nested Template
ATVA2026_benchmark/TERM_LASSO//lasso_traces_polyrank3.t2.c/lasso_trace_159.txt,TERMINATING,0.38,265.98,50.63,18.00,TERMINATING,51,9,60,2-Nested Template / 2-Nested Template
ATVA2026_benchmark/TERM_LASSO//lasso_traces_polyrank3.t2.c/lasso_trace_16.txt,TERMINATING,0.34,335.89,98.79,16.00,TERMINATING,51,9,60,2-Nested Template / 2-Nested Template
ATVA2026_benchmark/TERM_LASSO//lasso_traces_polyrank3.t2.c/lasso_trace_160.txt,TERMINATING,0.29,346.30,141.98,12.00,TERMINATING,51,9,60,2-Nested Template / 2-Nested Template
ATVA2026_benchmark/TERM_LASSO//lasso_traces_polyrank3.t2.c/lasso_trace_161.txt,TERMINATING,0.37,279.16,36.54,12.00,TERMINATING,51,9,60,2-Nested Template / 2-Nested Template
ATVA2026_benchmark/TERM_LASSO//lasso_traces_polyrank3.t2.c/lasso_trace_162.txt,TERMINATING,0.75,284.26,49.35,17.00,TERMINATING,51,9,60,2-Nested Template / 2-Nested Template
ATVA2026_benchmark/TERM_LASSO//lasso_traces_polyrank3.t2.c/lasso_trace_163.txt,TERMINATING,0.38,243.95,107.98,16.00,TERMINATING,51,9,60,2-Nested Template / 2-Nested Template
ATVA2026_benchmark/TERM_LASSO//lasso_traces_polyrank3.t2.c/lasso_trace_164.txt,TERMINATING,0.39,257.25,123.15,19.00,TERMINATING,51,9,60,2-Nested Template / 2-Nested Template
ATVA2026_benchmark/TERM_LASSO//lasso_traces_polyrank3.t2.c/lasso_trace_165.txt,TERMINATING,0.37,273.24,74.63,18.00,TERMINATING,51,9,60,2-Nested Template / 2-Nested Template
ATVA2026_benchmark/TERM_LASSO//lasso_traces_polyrank3.t2.c/lasso_trace_166.txt,TERMINATING,0.34,251.05,26.40,18.00,TERMINATING,51,9,60,2-Nested Template / 2-Nested Template
ATVA2026_benchmark/TERM_LASSO//lasso_traces_polyrank3.t2.c/lasso_trace_167.txt,TERMINATING,0.74,320.76,38.32,12.00,TERMINATING,51,9,60,2-Nested Template / 2-Nested Template
ATVA2026_benchmark/TERM_LASSO//lasso_traces_polyrank3.t2.c/lasso_trace_168.txt,TERMINATING,0.31,295.30,61.21,12.00,TERMINATING,51,9,60,2-Nested Template / 2-Nested Template
ATVA2026_benchmark/TERM_LASSO//lasso_traces_polyrank3.t2.c/lasso_trace_169.txt,TERMINATING,0.39,275.24,69.72,12.00,TERMINATING,51,9,60,2-Nested Template / 2-Nested Template
ATVA2026_benchmark/TERM_LASSO//lasso_traces_polyrank3.t2.c/lasso_trace_17.txt,TERMINATING,0.43,341.43,137.82,13.00,TERMINATING,51,9,60,2-Nested Template / 2-Nested Template
ATVA2026_benchmark/TERM_LASSO//lasso_traces_polyrank3.t2.c/lasso_trace_170.txt,TERMINATING,0.59,290.92,68.33,17.00,TERMINATING,51,9,60,2-Nested Template / 2-Nested Template
ATVA2026_benchmark/TERM_LASSO//lasso_traces_polyrank3.t2.c/lasso_trace_171.txt,TERMINATING,0.42,301.31,52.44,17.00,TERMINATING,51,9,60,2-Nested Template / 2-Nested Template
ATVA2026_benchmark/TERM_LASSO//lasso_traces_polyrank3.t2.c/lasso_trace_172.txt,TERMINATING,0.28,349.47,37.04,20.00,TERMINATING,51,9,60,2-Nested Template / 2-Nested Template
ATVA2026_benchmark/TERM_LASSO//lasso_traces_polyrank3.t2.c/lasso_trace_173.txt,TERMINATING,0.35,297.48,82.62,11.00,TERMINATING,51,9,60,2-Nested Template / 2-Nested Template
ATVA2026_benchmark/TERM_LASSO//lasso_traces_polyrank3.t2.c/lasso_trace_174.txt,TERMINATING,0.36,299.62,104.60,12.00,TERMINATING,51,9,60,2-Nested Template / 2-Nested Template
ATVA2026_benchmark/TERM_LASSO//lasso_traces_polyrank3.t2.c/lasso_trace_175.txt,TERMINATING,0.36,227.48,80.92,12.00,TERMINATING,51,9,60,2-Nested Template / 2-Nested Template
ATVA2026_benchmark/TERM_LASSO//lasso_traces_polyrank3.t2.c/lasso_trace_176.txt,TERMINATING,0.36,295.76,125.82,16.00,TERMINATING,51,9,60,2-Nested Template / 2-Nested Template
ATVA2026_benchmark/TERM_LASSO//lasso_traces_polyrank3.t2.c/lasso_trace_177.txt,TERMINATING,0.33,324.45,92.54,16.00,TERMINATING,51,9,60,2-Nested Template / 2-Nested Template
ATVA2026_benchmark/TERM_LASSO//lasso_traces_polyrank3.t2.c/lasso_trace_178.txt,TERMINATING,0.40,277.71,25.80,11.00,TERMINATING,51,9,60,2-Nested Template / 2-Nested Template
ATVA2026_benchmark/TERM_LASSO//lasso_traces_polyrank3.t2.c/lasso_trace_179.txt,TERMINATING,0.42,275.10,146.52,16.00,TERMINATING,51,9,60,2-Nested Template / 2-Nested Template
ATVA2026_benchmark/TERM_LASSO//lasso_traces_polyrank3.t2.c/lasso_trace_18.txt,TERMINATING,0.35,228.61,25.49,16.00,TERMINATING,51,9,60,2-Nested Template / 2-Nested Template
ATVA2026_benchmark/TERM_LASSO//lasso_traces_polyrank3.t2.c/lasso_trace_180.txt,TERMINATING,0.32,264.44,78.08,12.00,TERMINATING,51,9,60,2-Nested Template / 2-Nested Template
ATVA2026_benchmark/TERM_LASSO//lasso_traces_polyrank3.t2.c/lasso_trace_181.txt,TERMINATING,0.37,331.05,47.95,12.00,TERMINATING,51,9,60,2-Nested Template / 2-Nested Template
ATVA2026_benchmark/TERM_LASSO//lasso_traces_polyrank3.t2.c/lasso_trace_182.txt,TERMINATING,0.34,354.87,117.14,16.00,TERMINATING,51,9,60,2-Nested Template / 2-Nested Template
ATVA2026_benchmark/TERM_LASSO//lasso_traces_polyrank3.t2.c/lasso_trace_183.txt,TERMINATING,0.45,319.61,120.68,22.00,TERMINATING,51,9,60,2-Nested Template / 2-Nested Template
ATVA2026_benchmark/TERM_LASSO//lasso_traces_polyrank3.t2.c/lasso_trace_184.txt,TERMINATING,0.34,275.52,89.01,12.00,TERMINATING,51,9,60,2-Nested Template / 2-Nested Template
ATVA2026_benchmark/TERM_LASSO//lasso_traces_polyrank3.t2.c/lasso_trace_185.txt,TERMINATING,0.36,270.79,122.09,17.00,TERMINATING,51,9,60,2-Nested Template / 2-Nested Template
ATVA2026_benchmark/TERM_LASSO//lasso_traces_polyrank3.t2.c/lasso_trace_186.txt,TERMINATING,0.29,320.85,110.98,16.00,TERMINATING,51,9,60,2-Nested Template / 2-Nested Template
ATVA2026_benchmark/TERM_LASSO//lasso_traces_polyrank3.t2.c/lasso_trace_187.txt,TERMINATING,0.37,278.24,84.08,11.00,TERMINATING,51,9,60,2-Nested Template / 2-Nested Template
ATVA2026_benchmark/TERM_LASSO//lasso_traces_polyrank3.t2.c/lasso_trace_188.txt,TERMINATING,0.41,256.03,123.31,18.00,TERMINATING,51,9,60,2-Nested Template / 2-Nested Template
ATVA2026_benchmark/TERM_LASSO//lasso_traces_polyrank3.t2.c/lasso_trace_189.txt,TERMINATING,0.39,319.33,119.56,17.00,TERMINATING,51,9,60,2-Nested Template / 2-Nested Template
ATVA2026_benchmark/TERM_LASSO//lasso_traces_polyrank3.t2.c/lasso_trace_19.txt,TERMINATING,0.34,284.48,78.96,14.00,TERMINATING,51,9,60,2-Nested Template / 2-Nested Template
ATVA2026_benchmark/TERM_LASSO//lasso_traces_polyrank3.t2.c/lasso_trace_190.txt,TERMINATING,0.55,309.39,129.54,17.00,TERMINATING,51,9,60,2-Nested Template / 2-Nested Template
ATVA2026_benchmark/TERM_LASSO//lasso_traces_polyrank3.t2.c/lasso_trace_191.txt,TERMINATING,0.41,296.96,117.36,13.00,TERMINATING,51,9,60,2-Nested Template / 2-Nested Template
ATVA2026_benchmark/TERM_LASSO//lasso_traces_polyrank3.t2.c/lasso_trace_192.txt,TERMINATING,0.32,275.69,134.11,12.00,TERMINATING,51,9,60,2-Nested Template / 2-Nested Template
ATVA2026_benchmark/TERM_LASSO//lasso_traces_polyrank3.t2.c/lasso_trace_193.txt,TERMINATING,0.35,274.34,145.78,11.00,TERMINATING,51,9,60,2-Nested Template / 2-Nested Template
ATVA2026_benchmark/TERM_LASSO//lasso_traces_polyrank3.t2.c/lasso_trace_194.txt,TERMINATING,0.55,278.57,94.89,12.00,TERMINATING,51,9,60,2-Nested Template / 2-Nested Template
ATVA2026_benchmark/TERM_LASSO//lasso_traces_polyrank3.t2.c/lasso_trace_195.txt,TERMINATING,0.36,313.19,135.93,11.00,TERMINATING,51,9,60,2-Nested Template / 2-Nested Template
ATVA2026_benchmark/TERM_LASSO//lasso_traces_polyrank3.t2.c/lasso_trace_196.txt,TERMINATING,0.35,275.38,67.06,13.00,TERMINATING,51,9,60,2-Nested Template / 2-Nested Template
ATVA2026_benchmark/TERM_LASSO//lasso_traces_polyrank3.t2.c/lasso_trace_197.txt,TERMINATING,0.34,356.28,162.04,13.00,TERMINATING,51,9,60,2-Nested Template / 2-Nested Template
ATVA2026_benchmark/TERM_LASSO//lasso_traces_polyrank3.t2.c/lasso_trace_198.txt,TERMINATING,0.40,319.78,83.01,17.00,TERMINATING,51,9,60,2-Nested Template / 2-Nested Template
ATVA2026_benchmark/TERM_LASSO//lasso_traces_polyrank3.t2.c/lasso_trace_199.txt,TERMINATING,0.29,330.43,118.76,18.00,TERMINATING,51,9,60,2-Nested Template / 2-Nested Template
ATVA2026_benchmark/TERM_LASSO//lasso_traces_polyrank3.t2.c/lasso_trace_2.txt,TERMINATING,0.49,381.14,111.95,38.00,TERMINATING,31,13,44,2-Nested Template / 2-Nested Template
ATVA2026_benchmark/TERM_LASSO//lasso_traces_polyrank3.t2.c/lasso_trace_20.txt,TERMINATING,0.35,268.68,52.97,17.00,TERMINATING,51,9,60,2-Nested Template / 2-Nested Template
ATVA2026_benchmark/TERM_LASSO//lasso_traces_polyrank3.t2.c/lasso_trace_200.txt,TERMINATING,0.46,323.01,125.48,17.00,TERMINATING,51,9,60,2-Nested Template / 2-Nested Template
ATVA2026_benchmark/TERM_LASSO//lasso_traces_polyrank3.t2.c/lasso_trace_201.txt,TERMINATING,0.32,362.97,100.23,17.00,TERMINATING,51,9,60,2-Nested Template / 2-Nested Template
ATVA2026_benchmark/TERM_LASSO//lasso_traces_polyrank3.t2.c/lasso_trace_202.txt,TERMINATING,0.36,273.27,49.77,22.00,TERMINATING,51,9,60,2-Nested Template / 2-Nested Template
ATVA2026_benchmark/TERM_LASSO//lasso_traces_polyrank3.t2.c/lasso_trace_203.txt,TERMINATING,0.35,273.99,75.69,13.00,TERMINATING,51,9,60,2-Nested Template / 2-Nested Template
ATVA2026_benchmark/TERM_LASSO//lasso_traces_polyrank3.t2.c/lasso_trace_204.txt,TERMINATING,0.36,342.37,122.29,12.00,TERMINATING,51,9,60,2-Nested Template / 2-Nested Template
ATVA2026_benchmark/TERM_LASSO//lasso_traces_polyrank3.t2.c/lasso_trace_205.txt,TERMINATING,0.31,329.93,117.58,19.00,TERMINATING,51,9,60,2-Nested Template / 2-Nested Template
ATVA2026_benchmark/TERM_LASSO//lasso_traces_polyrank3.t2.c/lasso_trace_206.txt,TERMINATING,0.36,264.57,95.34,11.00,TERMINATING,51,9,60,2-Nested Template / 2-Nested Template
ATVA2026_benchmark/TERM_LASSO//lasso_traces_polyrank3.t2.c/lasso_trace_207.txt,TERMINATING,0.37,275.87,131.35,16.00,TERMINATING,51,9,60,2-Nested Template / 2-Nested Template
ATVA2026_benchmark/TERM_LASSO//lasso_traces_polyrank3.t2.c/lasso_trace_208.txt,TERMINATING,0.43,373.90,145.91,17.00,TERMINATING,51,9,60,2-Nested Template / 2-Nested Template
ATVA2026_benchmark/TERM_LASSO//lasso_traces_polyrank3.t2.c/lasso_trace_209.txt,TERMINATING,0.36,342.29,139.61,18.00,TERMINATING,51,9,60,2-Nested Template / 2-Nested Template
ATVA2026_benchmark/TERM_LASSO//lasso_traces_polyrank3.t2.c/lasso_trace_21.txt,TERMINATING,0.37,324.39,50.76,12.00,TERMINATING,51,9,60,2-Nested Template / 2-Nested Template
ATVA2026_benchmark/TERM_LASSO//lasso_traces_polyrank3.t2.c/lasso_trace_210.txt,TERMINATING,0.34,256.40,84.18,12.00,TERMINATING,51,9,60,2-Nested Template / 2-Nested Template
ATVA2026_benchmark/TERM_LASSO//lasso_traces_polyrank3.t2.c/lasso_trace_211.txt,TERMINATING,0.34,272.37,78.61,21.00,TERMINATING,51,9,60,2-Nested Template / 2-Nested Template
ATVA2026_benchmark/TERM_LASSO//lasso_traces_polyrank3.t2.c/lasso_trace_212.txt,TERMINATING,0.51,259.45,145.44,12.00,TERMINATING,51,9,60,2-Nested Template / 2-Nested Template
ATVA2026_benchmark/TERM_LASSO//lasso_traces_polyrank3.t2.c/lasso_trace_213.txt,TERMINATING,0.34,353.94,147.26,15.00,TERMINATING,51,9,60,2-Nested Template / 2-Nested Template
ATVA2026_benchmark/TERM_LASSO//lasso_traces_polyrank3.t2.c/lasso_trace_214.txt,TERMINATING,0.38,269.81,49.41,13.00,TERMINATING,51,9,60,2-Nested Template / 2-Nested Template
ATVA2026_benchmark/TERM_LASSO//lasso_traces_polyrank3.t2.c/lasso_trace_215.txt,TERMINATING,0.38,313.82,169.72,18.00,TERMINATING,51,9,60,2-Nested Template / 2-Nested Template
ATVA2026_benchmark/TERM_LASSO//lasso_traces_polyrank3.t2.c/lasso_trace_216.txt,TERMINATING,0.34,338.73,142.69,11.00,TERMINATING,51,9,60,2-Nested Template / 2-Nested Template
ATVA2026_benchmark/TERM_LASSO//lasso_traces_polyrank3.t2.c/lasso_trace_217.txt,TERMINATING,0.35,292.88,130.28,17.00,TERMINATING,51,9,60,2-Nested Template / 2-Nested Template
ATVA2026_benchmark/TERM_LASSO//lasso_traces_polyrank3.t2.c/lasso_trace_218.txt,TERMINATING,0.40,312.82,120.66,12.00,TERMINATING,51,9,60,2-Nested Template / 2-Nested Template
ATVA2026_benchmark/TERM_LASSO//lasso_traces_polyrank3.t2.c/lasso_trace_219.txt,TERMINATING,0.35,270.61,47.92,12.00,TERMINATING,51,9,60,2-Nested Template / 2-Nested Template
ATVA2026_benchmark/TERM_LASSO//lasso_traces_polyrank3.t2.c/lasso_trace_22.txt,TERMINATING,0.37,272.77,62.19,15.00,TERMINATING,51,9,60,2-Nested Template / 2-Nested Template
ATVA2026_benchmark/TERM_LASSO//lasso_traces_polyrank3.t2.c/lasso_trace_220.txt,TERMINATING,0.37,262.70,82.15,17.00,TERMINATING,51,9,60,2-Nested Template / 2-Nested Template
ATVA2026_benchmark/TERM_LASSO//lasso_traces_polyrank3.t2.c/lasso_trace_221.txt,TERMINATING,0.40,257.32,29.22,12.00,TERMINATING,51,9,60,2-Nested Template / 2-Nested Template
ATVA2026_benchmark/TERM_LASSO//lasso_traces_polyrank3.t2.c/lasso_trace_222.txt,TERMINATING,0.36,248.55,133.71,18.00,TERMINATING,51,9,60,2-Nested Template / 2-Nested Template
ATVA2026_benchmark/TERM_LASSO//lasso_traces_polyrank3.t2.c/lasso_trace_223.txt,TERMINATING,0.29,255.85,58.90,13.00,TERMINATING,51,9,60,2-Nested Template / 2-Nested Template
ATVA2026_benchmark/TERM_LASSO//lasso_traces_polyrank3.t2.c/lasso_trace_224.txt,TERMINATING,0.38,324.07,127.78,12.00,TERMINATING,51,9,60,2-Nested Template / 2-Nested Template
ATVA2026_benchmark/TERM_LASSO//lasso_traces_polyrank3.t2.c/lasso_trace_225.txt,TERMINATING,0.36,322.17,140.10,12.00,TERMINATING,51,9,60,2-Nested Template / 2-Nested Template
ATVA2026_benchmark/TERM_LASSO//lasso_traces_polyrank3.t2.c/lasso_trace_226.txt,TERMINATING,0.38,315.19,81.16,12.00,TERMINATING,51,9,60,2-Nested Template / 2-Nested Template
ATVA2026_benchmark/TERM_LASSO//lasso_traces_polyrank3.t2.c/lasso_trace_227.txt,TERMINATING,0.32,275.91,37.03,18.00,TERMINATING,51,9,60,2-Nested Template / 2-Nested Template
ATVA2026_benchmark/TERM_LASSO//lasso_traces_polyrank3.t2.c/lasso_trace_228.txt,TERMINATING,0.36,295.98,60.98,12.00,TERMINATING,51,9,60,2-Nested Template / 2-Nested Template
ATVA2026_benchmark/TERM_LASSO//lasso_traces_polyrank3.t2.c/lasso_trace_229.txt,TERMINATING,0.32,265.67,114.87,13.00,TERMINATING,51,9,60,2-Nested Template / 2-Nested Template
ATVA2026_benchmark/TERM_LASSO//lasso_traces_polyrank3.t2.c/lasso_trace_23.txt,TERMINATING,0.42,333.05,147.12,18.00,TERMINATING,51,9,60,2-Nested Template / 2-Nested Template
ATVA2026_benchmark/TERM_LASSO//lasso_traces_polyrank3.t2.c/lasso_trace_230.txt,TERMINATING,0.41,299.85,116.31,18.00,TERMINATING,51,9,60,2-Nested Template / 2-Nested Template
ATVA2026_benchmark/TERM_LASSO//lasso_traces_polyrank3.t2.c/lasso_trace_231.txt,TERMINATING,0.35,299.10,75.24,12.00,TERMINATING,51,9,60,2-Nested Template / 2-Nested Template
ATVA2026_benchmark/TERM_LASSO//lasso_traces_polyrank3.t2.c/lasso_trace_232.txt,TERMINATING,0.37,237.02,48.27,12.00,TERMINATING,51,9,60,2-Nested Template / 2-Nested Template
ATVA2026_benchmark/TERM_LASSO//lasso_traces_polyrank3.t2.c/lasso_trace_233.txt,TERMINATING,0.34,297.18,39.51,12.00,TERMINATING,51,9,60,2-Nested Template / 2-Nested Template
ATVA2026_benchmark/TERM_LASSO//lasso_traces_polyrank3.t2.c/lasso_trace_234.txt,TERMINATING,0.36,269.96,34.96,23.00,TERMINATING,51,9,60,2-Nested Template / 2-Nested Template
ATVA2026_benchmark/TERM_LASSO//lasso_traces_polyrank3.t2.c/lasso_trace_235.txt,TERMINATING,0.38,304.99,130.18,13.00,TERMINATING,51,9,60,2-Nested Template / 2-Nested Template
ATVA2026_benchmark/TERM_LASSO//lasso_traces_polyrank3.t2.c/lasso_trace_236.txt,TERMINATING,0.38,249.30,60.27,12.00,TERMINATING,51,9,60,2-Nested Template / 2-Nested Template
ATVA2026_benchmark/TERM_LASSO//lasso_traces_polyrank3.t2.c/lasso_trace_237.txt,TERMINATING,0.33,292.42,81.07,17.00,TERMINATING,51,9,60,2-Nested Template / 2-Nested Template
ATVA2026_benchmark/TERM_LASSO//lasso_traces_polyrank3.t2.c/lasso_trace_238.txt,TERMINATING,0.35,289.90,36.69,13.00,TERMINATING,51,9,60,2-Nested Template / 2-Nested Template
ATVA2026_benchmark/TERM_LASSO//lasso_traces_polyrank3.t2.c/lasso_trace_239.txt,TERMINATING,0.45,303.34,129.31,13.00,TERMINATING,51,9,60,2-Nested Template / 2-Nested Template
ATVA2026_benchmark/TERM_LASSO//lasso_traces_polyrank3.t2.c/lasso_trace_24.txt,TERMINATING,0.29,234.72,74.30,12.00,TERMINATING,51,9,60,2-Nested Template / 2-Nested Template
ATVA2026_benchmark/TERM_LASSO//lasso_traces_polyrank3.t2.c/lasso_trace_240.txt,TERMINATING,0.36,251.57,136.66,11.00,TERMINATING,51,9,60,2-Nested Template / 2-Nested Template
ATVA2026_benchmark/TERM_LASSO//lasso_traces_polyrank3.t2.c/lasso_trace_241.txt,TERMINATING,0.47,270.05,60.74,12.00,TERMINATING,51,9,60,2-Nested Template / 2-Nested Template
ATVA2026_benchmark/TERM_LASSO//lasso_traces_polyrank3.t2.c/lasso_trace_242.txt,TERMINATING,0.37,322.21,108.22,12.00,TERMINATING,51,9,60,2-Nested Template / 2-Nested Template
ATVA2026_benchmark/TERM_LASSO//lasso_traces_polyrank3.t2.c/lasso_trace_243.txt,TERMINATING,0.36,351.95,126.84,19.00,TERMINATING,51,9,60,2-Nested Template / 2-Nested Template
ATVA2026_benchmark/TERM_LASSO//lasso_traces_polyrank3.t2.c/lasso_trace_244.txt,TERMINATING,0.38,327.86,36.53,18.00,TERMINATING,51,9,60,2-Nested Template / 2-Nested Template
ATVA2026_benchmark/TERM_LASSO//lasso_traces_polyrank3.t2.c/lasso_trace_245.txt,TERMINATING,0.33,339.42,148.44,13.00,TERMINATING,51,9,60,2-Nested Template / 2-Nested Template
ATVA2026_benchmark/TERM_LASSO//lasso_traces_polyrank3.t2.c/lasso_trace_246.txt,TERMINATING,0.35,318.48,146.42,12.00,TERMINATING,51,9,60,2-Nested Template / 2-Nested Template
ATVA2026_benchmark/TERM_LASSO//lasso_traces_polyrank3.t2.c/lasso_trace_247.txt,TERMINATING,0.36,263.74,69.99,16.00,TERMINATING,51,9,60,2-Nested Template / 2-Nested Template
ATVA2026_benchmark/TERM_LASSO//lasso_traces_polyrank3.t2.c/lasso_trace_248.txt,TERMINATING,0.32,313.74,60.04,12.00,TERMINATING,51,9,60,2-Nested Template / 2-Nested Template
ATVA2026_benchmark/TERM_LASSO//lasso_traces_polyrank3.t2.c/lasso_trace_249.txt,TERMINATING,0.37,343.49,130.03,12.00,TERMINATING,51,9,60,2-Nested Template / 2-Nested Template
ATVA2026_benchmark/TERM_LASSO//lasso_traces_polyrank3.t2.c/lasso_trace_25.txt,TERMINATING,0.37,303.15,73.54,12.00,TERMINATING,51,9,60,2-Nested Template / 2-Nested Template
ATVA2026_benchmark/TERM_LASSO//lasso_traces_polyrank3.t2.c/lasso_trace_250.txt,TERMINATING,0.41,296.32,82.22,12.00,TERMINATING,51,9,60,2-Nested Template / 2-Nested Template
ATVA2026_benchmark/TERM_LASSO//lasso_traces_polyrank3.t2.c/lasso_trace_251.txt,TERMINATING,0.35,263.77,38.36,12.00,TERMINATING,51,9,60,2-Nested Template / 2-Nested Template
ATVA2026_benchmark/TERM_LASSO//lasso_traces_polyrank3.t2.c/lasso_trace_252.txt,TERMINATING,0.37,259.37,28.11,12.00,TERMINATING,51,9,60,2-Nested Template / 2-Nested Template
ATVA2026_benchmark/TERM_LASSO//lasso_traces_polyrank3.t2.c/lasso_trace_253.txt,TERMINATING,0.34,256.17,81.31,13.00,TERMINATING,51,9,60,2-Nested Template / 2-Nested Template
ATVA2026_benchmark/TERM_LASSO//lasso_traces_polyrank3.t2.c/lasso_trace_254.txt,TERMINATING,0.41,315.46,106.80,13.00,TERMINATING,51,9,60,2-Nested Template / 2-Nested Template
ATVA2026_benchmark/TERM_LASSO//lasso_traces_polyrank3.t2.c/lasso_trace_255.txt,TERMINATING,0.46,280.30,36.72,12.00,TERMINATING,51,9,60,2-Nested Template / 2-Nested Template
ATVA2026_benchmark/TERM_LASSO//lasso_traces_polyrank3.t2.c/lasso_trace_256.txt,TERMINATING,0.38,304.45,118.93,13.00,TERMINATING,51,9,60,2-Nested Template / 2-Nested Template
ATVA2026_benchmark/TERM_LASSO//lasso_traces_polyrank3.t2.c/lasso_trace_257.txt,TERMINATING,0.41,245.58,91.84,17.00,TERMINATING,51,9,60,2-Nested Template / 2-Nested Template
ATVA2026_benchmark/TERM_LASSO//lasso_traces_polyrank3.t2.c/lasso_trace_258.txt,TERMINATING,0.37,236.12,25.08,16.00,TERMINATING,51,9,60,2-Nested Template / 2-Nested Template
ATVA2026_benchmark/TERM_LASSO//lasso_traces_polyrank3.t2.c/lasso_trace_259.txt,TERMINATING,0.34,320.56,47.30,18.00,TERMINATING,51,9,60,2-Nested Template / 2-Nested Template
ATVA2026_benchmark/TERM_LASSO//lasso_traces_polyrank3.t2.c/lasso_trace_26.txt,TERMINATING,0.33,320.12,142.36,18.00,TERMINATING,51,9,60,2-Nested Template / 2-Nested Template
ATVA2026_benchmark/TERM_LASSO//lasso_traces_polyrank3.t2.c/lasso_trace_260.txt,TERMINATING,0.41,261.47,51.22,13.00,TERMINATING,51,9,60,2-Nested Template / 2-Nested Template
ATVA2026_benchmark/TERM_LASSO//lasso_traces_polyrank3.t2.c/lasso_trace_261.txt,TERMINATING,0.40,276.62,36.93,12.00,TERMINATING,51,9,60,2-Nested Template / 2-Nested Template
ATVA2026_benchmark/TERM_LASSO//lasso_traces_polyrank3.t2.c/lasso_trace_262.txt,TERMINATING,0.37,286.76,48.81,11.00,TERMINATING,51,9,60,2-Nested Template / 2-Nested Template
ATVA2026_benchmark/TERM_LASSO//lasso_traces_polyrank3.t2.c/lasso_trace_263.txt,TERMINATING,0.42,303.68,25.94,19.00,TERMINATING,51,9,60,2-Nested Template / 2-Nested Template
ATVA2026_benchmark/TERM_LASSO//lasso_traces_polyrank3.t2.c/lasso_trace_264.txt,TERMINATING,0.49,280.71,97.62,12.00,TERMINATING,51,9,60,2-Nested Template / 2-Nested Template
ATVA2026_benchmark/TERM_LASSO//lasso_traces_polyrank3.t2.c/lasso_trace_265.txt,TERMINATING,0.51,282.73,140.14,13.00,TERMINATING,51,9,60,2-Nested Template / 2-Nested Template
ATVA2026_benchmark/TERM_LASSO//lasso_traces_polyrank3.t2.c/lasso_trace_266.txt,TERMINATING,0.32,333.67,156.15,20.00,TERMINATING,51,9,60,2-Nested Template / 2-Nested Template
ATVA2026_benchmark/TERM_LASSO//lasso_traces_polyrank3.t2.c/lasso_trace_267.txt,TERMINATING,0.36,309.71,93.98,15.00,TERMINATING,51,9,60,2-Nested Template / 2-Nested Template
ATVA2026_benchmark/TERM_LASSO//lasso_traces_polyrank3.t2.c/lasso_trace_268.txt,TERMINATING,0.37,267.20,80.31,12.00,TERMINATING,51,9,60,2-Nested Template / 2-Nested Template
ATVA2026_benchmark/TERM_LASSO//lasso_traces_polyrank3.t2.c/lasso_trace_269.txt,TERMINATING,0.40,318.73,137.92,13.00,TERMINATING,51,9,60,2-Nested Template / 2-Nested Template
ATVA2026_benchmark/TERM_LASSO//lasso_traces_polyrank3.t2.c/lasso_trace_27.txt,TERMINATING,0.35,289.99,83.46,20.00,TERMINATING,51,9,60,2-Nested Template / 2-Nested Template
ATVA2026_benchmark/TERM_LASSO//lasso_traces_polyrank3.t2.c/lasso_trace_270.txt,TERMINATING,0.31,288.16,38.77,12.00,TERMINATING,51,9,60,2-Nested Template / 2-Nested Template
ATVA2026_benchmark/TERM_LASSO//lasso_traces_polyrank3.t2.c/lasso_trace_271.txt,TERMINATING,0.37,253.87,127.81,18.00,TERMINATING,51,9,60,2-Nested Template / 2-Nested Template
ATVA2026_benchmark/TERM_LASSO//lasso_traces_polyrank3.t2.c/lasso_trace_272.txt,TERMINATING,0.43,286.29,70.70,13.00,TERMINATING,51,9,60,2-Nested Template / 2-Nested Template
ATVA2026_benchmark/TERM_LASSO//lasso_traces_polyrank3.t2.c/lasso_trace_273.txt,TERMINATING,0.35,278.06,36.06,17.00,TERMINATING,51,9,60,2-Nested Template / 2-Nested Template
ATVA2026_benchmark/TERM_LASSO//lasso_traces_polyrank3.t2.c/lasso_trace_274.txt,TERMINATING,0.34,258.93,49.15,25.00,TERMINATING,51,9,60,2-Nested Template / 2-Nested Template
ATVA2026_benchmark/TERM_LASSO//lasso_traces_polyrank3.t2.c/lasso_trace_275.txt,TERMINATING,0.35,261.08,48.63,14.00,TERMINATING,51,9,60,2-Nested Template / 2-Nested Template
ATVA2026_benchmark/TERM_LASSO//lasso_traces_polyrank3.t2.c/lasso_trace_276.txt,TERMINATING,0.35,258.59,36.44,18.00,TERMINATING,51,9,60,2-Nested Template / 2-Nested Template
ATVA2026_benchmark/TERM_LASSO//lasso_traces_polyrank3.t2.c/lasso_trace_277.txt,TERMINATING,0.36,261.99,147.05,11.00,TERMINATING,51,9,60,2-Nested Template / 2-Nested Template
ATVA2026_benchmark/TERM_LASSO//lasso_traces_polyrank3.t2.c/lasso_trace_278.txt,TERMINATING,0.39,262.02,127.27,18.00,TERMINATING,51,9,60,2-Nested Template / 2-Nested Template
ATVA2026_benchmark/TERM_LASSO//lasso_traces_polyrank3.t2.c/lasso_trace_279.txt,TERMINATING,0.30,231.14,61.04,13.00,TERMINATING,51,9,60,2-Nested Template / 2-Nested Template
ATVA2026_benchmark/TERM_LASSO//lasso_traces_polyrank3.t2.c/lasso_trace_28.txt,TERMINATING,0.34,322.01,143.36,13.00,TERMINATING,51,9,60,2-Nested Template / 2-Nested Template
ATVA2026_benchmark/TERM_LASSO//lasso_traces_polyrank3.t2.c/lasso_trace_280.txt,TERMINATING,0.35,254.82,46.95,17.00,TERMINATING,51,9,60,2-Nested Template / 2-Nested Template
ATVA2026_benchmark/TERM_LASSO//lasso_traces_polyrank3.t2.c/lasso_trace_281.txt,TERMINATING,0.34,287.58,59.95,12.00,TERMINATING,51,9,60,2-Nested Template / 2-Nested Template
ATVA2026_benchmark/TERM_LASSO//lasso_traces_polyrank3.t2.c/lasso_trace_282.txt,TERMINATING,0.34,283.56,125.68,12.00,TERMINATING,51,9,60,2-Nested Template / 2-Nested Template
ATVA2026_benchmark/TERM_LASSO//lasso_traces_polyrank3.t2.c/lasso_trace_283.txt,TERMINATING,0.27,267.24,27.15,13.00,TERMINATING,51,9,60,2-Nested Template / 2-Nested Template
ATVA2026_benchmark/TERM_LASSO//lasso_traces_polyrank3.t2.c/lasso_trace_284.txt,TERMINATING,0.35,252.83,126.69,19.00,TERMINATING,51,9,60,2-Nested Template / 2-Nested Template
ATVA2026_benchmark/TERM_LASSO//lasso_traces_polyrank3.t2.c/lasso_trace_285.txt,TERMINATING,0.39,323.13,47.14,13.00,TERMINATING,51,9,60,2-Nested Template / 2-Nested Template
ATVA2026_benchmark/TERM_LASSO//lasso_traces_polyrank3.t2.c/lasso_trace_286.txt,TERMINATING,0.39,283.39,125.80,13.00,TERMINATING,51,9,60,2-Nested Template / 2-Nested Template
ATVA2026_benchmark/TERM_LASSO//lasso_traces_polyrank3.t2.c/lasso_trace_287.txt,TERMINATING,0.42,317.96,98.58,16.00,TERMINATING,51,9,60,2-Nested Template / 2-Nested Template
ATVA2026_benchmark/TERM_LASSO//lasso_traces_polyrank3.t2.c/lasso_trace_288.txt,TERMINATING,0.32,261.58,84.22,12.00,TERMINATING,51,9,60,2-Nested Template / 2-Nested Template
ATVA2026_benchmark/TERM_LASSO//lasso_traces_polyrank3.t2.c/lasso_trace_289.txt,TERMINATING,0.34,301.93,46.52,12.00,TERMINATING,51,9,60,2-Nested Template / 2-Nested Template
ATVA2026_benchmark/TERM_LASSO//lasso_traces_polyrank3.t2.c/lasso_trace_29.txt,TERMINATING,0.36,279.72,73.85,17.00,TERMINATING,51,9,60,2-Nested Template / 2-Nested Template
ATVA2026_benchmark/TERM_LASSO//lasso_traces_polyrank3.t2.c/lasso_trace_290.txt,TERMINATING,0.37,251.12,69.85,12.00,TERMINATING,51,9,60,2-Nested Template / 2-Nested Template
ATVA2026_benchmark/TERM_LASSO//lasso_traces_polyrank3.t2.c/lasso_trace_291.txt,TERMINATING,0.37,335.22,146.98,12.00,TERMINATING,51,9,60,2-Nested Template / 2-Nested Template
ATVA2026_benchmark/TERM_LASSO//lasso_traces_polyrank3.t2.c/lasso_trace_3.txt,TERMINATING,0.38,264.97,63.92,12.00,TERMINATING,41,9,50,2-Nested Template / 2-Nested Template
ATVA2026_benchmark/TERM_LASSO//lasso_traces_polyrank3.t2.c/lasso_trace_30.txt,TERMINATING,0.45,282.82,86.86,19.00,TERMINATING,51,9,60,2-Nested Template / 2-Nested Template
ATVA2026_benchmark/TERM_LASSO//lasso_traces_polyrank3.t2.c/lasso_trace_31.txt,TERMINATING,0.34,261.77,62.96,18.00,TERMINATING,51,9,60,2-Nested Template / 2-Nested Template
ATVA2026_benchmark/TERM_LASSO//lasso_traces_polyrank3.t2.c/lasso_trace_32.txt,TERMINATING,0.36,310.21,108.16,12.00,TERMINATING,51,9,60,2-Nested Template / 2-Nested Template
ATVA2026_benchmark/TERM_LASSO//lasso_traces_polyrank3.t2.c/lasso_trace_33.txt,TERMINATING,0.29,243.48,26.28,11.00,TERMINATING,51,9,60,2-Nested Template / 2-Nested Template
ATVA2026_benchmark/TERM_LASSO//lasso_traces_polyrank3.t2.c/lasso_trace_34.txt,TERMINATING,0.28,250.71,127.37,12.00,TERMINATING,51,9,60,2-Nested Template / 2-Nested Template
ATVA2026_benchmark/TERM_LASSO//lasso_traces_polyrank3.t2.c/lasso_trace_35.txt,TERMINATING,0.30,325.96,88.22,12.00,TERMINATING,51,9,60,2-Nested Template / 2-Nested Template
ATVA2026_benchmark/TERM_LASSO//lasso_traces_polyrank3.t2.c/lasso_trace_36.txt,TERMINATING,0.33,278.83,72.29,17.00,TERMINATING,51,9,60,2-Nested Template / 2-Nested Template
ATVA2026_benchmark/TERM_LASSO//lasso_traces_polyrank3.t2.c/lasso_trace_37.txt,TERMINATING,0.37,314.34,75.91,20.00,TERMINATING,51,9,60,2-Nested Template / 2-Nested Template
ATVA2026_benchmark/TERM_LASSO//lasso_traces_polyrank3.t2.c/lasso_trace_38.txt,TERMINATING,0.39,253.16,86.05,12.00,TERMINATING,51,9,60,2-Nested Template / 2-Nested Template
ATVA2026_benchmark/TERM_LASSO//lasso_traces_polyrank3.t2.c/lasso_trace_39.txt,TERMINATING,0.46,323.37,102.23,12.00,TERMINATING,51,9,60,2-Nested Template / 2-Nested Template
ATVA2026_benchmark/TERM_LASSO//lasso_traces_polyrank3.t2.c/lasso_trace_4.txt,TERMINATING,0.50,305.33,145.65,11.00,TERMINATING,50,9,59,2-Nested Template / 2-Nested Template
ATVA2026_benchmark/TERM_LASSO//lasso_traces_polyrank3.t2.c/lasso_trace_40.txt,TERMINATING,0.39,255.88,36.20,16.00,TERMINATING,51,9,60,2-Nested Template / 2-Nested Template
ATVA2026_benchmark/TERM_LASSO//lasso_traces_polyrank3.t2.c/lasso_trace_41.txt,TERMINATING,0.37,253.10,26.39,17.00,TERMINATING,51,9,60,2-Nested Template / 2-Nested Template
ATVA2026_benchmark/TERM_LASSO//lasso_traces_polyrank3.t2.c/lasso_trace_42.txt,TERMINATING,0.35,241.24,26.71,12.00,TERMINATING,51,9,60,2-Nested Template / 2-Nested Template
ATVA2026_benchmark/TERM_LASSO//lasso_traces_polyrank3.t2.c/lasso_trace_43.txt,TERMINATING,0.34,254.08,48.84,13.00,TERMINATING,51,9,60,2-Nested Template / 2-Nested Template
ATVA2026_benchmark/TERM_LASSO//lasso_traces_polyrank3.t2.c/lasso_trace_44.txt,TERMINATING,0.46,315.25,148.23,17.00,TERMINATING,51,9,60,2-Nested Template / 2-Nested Template
ATVA2026_benchmark/TERM_LASSO//lasso_traces_polyrank3.t2.c/lasso_trace_45.txt,TERMINATING,0.33,259.39,73.28,13.00,TERMINATING,51,9,60,2-Nested Template / 2-Nested Template
ATVA2026_benchmark/TERM_LASSO//lasso_traces_polyrank3.t2.c/lasso_trace_46.txt,TERMINATING,0.36,245.63,149.46,12.00,TERMINATING,51,9,60,2-Nested Template / 2-Nested Template
ATVA2026_benchmark/TERM_LASSO//lasso_traces_polyrank3.t2.c/lasso_trace_47.txt,TERMINATING,0.30,336.69,128.05,17.00,TERMINATING,51,9,60,2-Nested Template / 2-Nested Template
ATVA2026_benchmark/TERM_LASSO//lasso_traces_polyrank3.t2.c/lasso_trace_48.txt,TERMINATING,0.35,357.14,26.08,12.00,TERMINATING,51,9,60,2-Nested Template / 2-Nested Template
ATVA2026_benchmark/TERM_LASSO//lasso_traces_polyrank3.t2.c/lasso_trace_49.txt,TERMINATING,0.36,261.99,62.77,17.00,TERMINATING,51,9,60,2-Nested Template / 2-Nested Template
ATVA2026_benchmark/TERM_LASSO//lasso_traces_polyrank3.t2.c/lasso_trace_5.txt,TERMINATING,0.32,260.43,27.93,14.00,TERMINATING,41,22,63,2-Nested Template / 2-Nested Template
ATVA2026_benchmark/TERM_LASSO//lasso_traces_polyrank3.t2.c/lasso_trace_50.txt,TERMINATING,0.34,353.66,66.78,13.00,TERMINATING,51,9,60,2-Nested Template / 2-Nested Template
ATVA2026_benchmark/TERM_LASSO//lasso_traces_polyrank3.t2.c/lasso_trace_51.txt,TERMINATING,0.33,288.10,36.73,12.00,TERMINATING,51,9,60,2-Nested Template / 2-Nested Template
ATVA2026_benchmark/TERM_LASSO//lasso_traces_polyrank3.t2.c/lasso_trace_52.txt,TERMINATING,0.34,283.85,103.01,12.00,TERMINATING,51,9,60,2-Nested Template / 2-Nested Template
ATVA2026_benchmark/TERM_LASSO//lasso_traces_polyrank3.t2.c/lasso_trace_53.txt,TERMINATING,0.59,245.30,25.92,12.00,TERMINATING,51,9,60,2-Nested Template / 2-Nested Template
ATVA2026_benchmark/TERM_LASSO//lasso_traces_polyrank3.t2.c/lasso_trace_54.txt,TERMINATING,0.41,250.11,27.26,12.00,TERMINATING,51,9,60,2-Nested Template / 2-Nested Template
ATVA2026_benchmark/TERM_LASSO//lasso_traces_polyrank3.t2.c/lasso_trace_55.txt,TERMINATING,0.36,271.06,64.15,17.00,TERMINATING,51,9,60,2-Nested Template / 2-Nested Template
ATVA2026_benchmark/TERM_LASSO//lasso_traces_polyrank3.t2.c/lasso_trace_56.txt,TERMINATING,0.37,253.02,39.38,18.00,TERMINATING,51,9,60,2-Nested Template / 2-Nested Template
ATVA2026_benchmark/TERM_LASSO//lasso_traces_polyrank3.t2.c/lasso_trace_57.txt,TERMINATING,0.36,298.26,37.57,18.00,TERMINATING,51,9,60,2-Nested Template / 2-Nested Template
ATVA2026_benchmark/TERM_LASSO//lasso_traces_polyrank3.t2.c/lasso_trace_58.txt,TERMINATING,0.34,329.33,27.12,17.00,TERMINATING,51,9,60,2-Nested Template / 2-Nested Template
ATVA2026_benchmark/TERM_LASSO//lasso_traces_polyrank3.t2.c/lasso_trace_59.txt,TERMINATING,0.35,267.74,49.59,17.00,TERMINATING,51,9,60,2-Nested Template / 2-Nested Template
ATVA2026_benchmark/TERM_LASSO//lasso_traces_polyrank3.t2.c/lasso_trace_6.txt,TERMINATING,0.33,308.69,138.82,11.00,TERMINATING,51,9,60,2-Nested Template / 2-Nested Template
ATVA2026_benchmark/TERM_LASSO//lasso_traces_polyrank3.t2.c/lasso_trace_60.txt,TERMINATING,0.40,329.79,147.29,11.00,TERMINATING,51,9,60,2-Nested Template / 2-Nested Template
ATVA2026_benchmark/TERM_LASSO//lasso_traces_polyrank3.t2.c/lasso_trace_61.txt,TERMINATING,0.36,274.94,38.37,12.00,TERMINATING,51,9,60,2-Nested Template / 2-Nested Template
ATVA2026_benchmark/TERM_LASSO//lasso_traces_polyrank3.t2.c/lasso_trace_62.txt,TERMINATING,0.38,318.04,72.28,15.00,TERMINATING,51,9,60,2-Nested Template / 2-Nested Template
ATVA2026_benchmark/TERM_LASSO//lasso_traces_polyrank3.t2.c/lasso_trace_63.txt,TERMINATING,0.42,270.28,82.24,18.00,TERMINATING,51,9,60,2-Nested Template / 2-Nested Template
ATVA2026_benchmark/TERM_LASSO//lasso_traces_polyrank3.t2.c/lasso_trace_64.txt,TERMINATING,0.36,254.65,94.28,12.00,TERMINATING,51,9,60,2-Nested Template / 2-Nested Template
ATVA2026_benchmark/TERM_LASSO//lasso_traces_polyrank3.t2.c/lasso_trace_65.txt,TERMINATING,0.33,293.04,58.90,12.00,TERMINATING,51,9,60,2-Nested Template / 2-Nested Template
ATVA2026_benchmark/TERM_LASSO//lasso_traces_polyrank3.t2.c/lasso_trace_66.txt,TERMINATING,0.35,278.69,62.39,12.00,TERMINATING,51,9,60,2-Nested Template / 2-Nested Template
ATVA2026_benchmark/TERM_LASSO//lasso_traces_polyrank3.t2.c/lasso_trace_67.txt,TERMINATING,0.40,275.52,68.48,12.00,TERMINATING,51,9,60,2-Nested Template / 2-Nested Template
ATVA2026_benchmark/TERM_LASSO//lasso_traces_polyrank3.t2.c/lasso_trace_68.txt,TERMINATING,0.30,285.64,105.07,15.00,TERMINATING,51,9,60,2-Nested Template / 2-Nested Template
ATVA2026_benchmark/TERM_LASSO//lasso_traces_polyrank3.t2.c/lasso_trace_69.txt,TERMINATING,0.36,295.60,107.57,16.00,TERMINATING,51,9,60,2-Nested Template / 2-Nested Template
ATVA2026_benchmark/TERM_LASSO//lasso_traces_polyrank3.t2.c/lasso_trace_7.txt,TERMINATING,0.39,286.31,138.20,13.00,TERMINATING,51,9,60,2-Nested Template / 2-Nested Template
ATVA2026_benchmark/TERM_LASSO//lasso_traces_polyrank3.t2.c/lasso_trace_70.txt,TERMINATING,0.35,308.68,85.19,15.00,TERMINATING,51,9,60,2-Nested Template / 2-Nested Template
ATVA2026_benchmark/TERM_LASSO//lasso_traces_polyrank3.t2.c/lasso_trace_71.txt,TERMINATING,0.39,329.68,83.10,11.00,TERMINATING,51,9,60,2-Nested Template / 2-Nested Template
ATVA2026_benchmark/TERM_LASSO//lasso_traces_polyrank3.t2.c/lasso_trace_72.txt,TERMINATING,0.35,269.31,87.26,17.00,TERMINATING,51,9,60,2-Nested Template / 2-Nested Template
ATVA2026_benchmark/TERM_LASSO//lasso_traces_polyrank3.t2.c/lasso_trace_73.txt,TERMINATING,0.29,235.26,59.27,17.00,TERMINATING,51,9,60,2-Nested Template / 2-Nested Template
ATVA2026_benchmark/TERM_LASSO//lasso_traces_polyrank3.t2.c/lasso_trace_74.txt,TERMINATING,0.34,270.75,74.13,18.00,TERMINATING,51,9,60,2-Nested Template / 2-Nested Template
ATVA2026_benchmark/TERM_LASSO//lasso_traces_polyrank3.t2.c/lasso_trace_75.txt,TERMINATING,0.33,281.54,143.57,12.00,TERMINATING,51,9,60,2-Nested Template / 2-Nested Template
ATVA2026_benchmark/TERM_LASSO//lasso_traces_polyrank3.t2.c/lasso_trace_76.txt,TERMINATING,0.35,313.98,50.84,18.00,TERMINATING,51,9,60,2-Nested Template / 2-Nested Template
ATVA2026_benchmark/TERM_LASSO//lasso_traces_polyrank3.t2.c/lasso_trace_77.txt,TERMINATING,0.37,352.44,93.80,12.00,TERMINATING,51,9,60,2-Nested Template / 2-Nested Template
ATVA2026_benchmark/TERM_LASSO//lasso_traces_polyrank3.t2.c/lasso_trace_78.txt,TERMINATING,0.30,257.79,31.44,18.00,TERMINATING,51,9,60,2-Nested Template / 2-Nested Template
ATVA2026_benchmark/TERM_LASSO//lasso_traces_polyrank3.t2.c/lasso_trace_79.txt,TERMINATING,0.34,275.65,51.51,13.00,TERMINATING,51,9,60,2-Nested Template / 2-Nested Template
ATVA2026_benchmark/TERM_LASSO//lasso_traces_polyrank3.t2.c/lasso_trace_8.txt,TERMINATING,0.36,352.36,132.54,16.00,TERMINATING,51,9,60,2-Nested Template / 2-Nested Template
ATVA2026_benchmark/TERM_LASSO//lasso_traces_polyrank3.t2.c/lasso_trace_80.txt,TERMINATING,0.36,275.59,53.15,18.00,TERMINATING,51,9,60,2-Nested Template / 2-Nested Template
ATVA2026_benchmark/TERM_LASSO//lasso_traces_polyrank3.t2.c/lasso_trace_81.txt,TERMINATING,0.37,292.35,89.52,12.00,TERMINATING,51,9,60,2-Nested Template / 2-Nested Template
ATVA2026_benchmark/TERM_LASSO//lasso_traces_polyrank3.t2.c/lasso_trace_82.txt,TERMINATING,0.37,263.37,84.47,12.00,TERMINATING,51,9,60,2-Nested Template / 2-Nested Template
ATVA2026_benchmark/TERM_LASSO//lasso_traces_polyrank3.t2.c/lasso_trace_83.txt,TERMINATING,0.33,331.19,104.40,18.00,TERMINATING,51,9,60,2-Nested Template / 2-Nested Template
ATVA2026_benchmark/TERM_LASSO//lasso_traces_polyrank3.t2.c/lasso_trace_84.txt,TERMINATING,0.39,270.13,72.19,12.00,TERMINATING,51,9,60,2-Nested Template / 2-Nested Template
ATVA2026_benchmark/TERM_LASSO//lasso_traces_polyrank3.t2.c/lasso_trace_85.txt,TERMINATING,0.40,260.48,65.17,13.00,TERMINATING,51,9,60,2-Nested Template / 2-Nested Template
ATVA2026_benchmark/TERM_LASSO//lasso_traces_polyrank3.t2.c/lasso_trace_86.txt,TERMINATING,0.32,257.78,60.05,17.00,TERMINATING,51,9,60,2-Nested Template / 2-Nested Template
ATVA2026_benchmark/TERM_LASSO//lasso_traces_polyrank3.t2.c/lasso_trace_87.txt,TERMINATING,0.45,263.78,26.96,11.00,TERMINATING,51,9,60,2-Nested Template / 2-Nested Template
ATVA2026_benchmark/TERM_LASSO//lasso_traces_polyrank3.t2.c/lasso_trace_88.txt,TERMINATING,0.38,290.99,49.18,17.00,TERMINATING,51,9,60,2-Nested Template / 2-Nested Template
ATVA2026_benchmark/TERM_LASSO//lasso_traces_polyrank3.t2.c/lasso_trace_89.txt,TERMINATING,0.36,236.19,26.43,13.00,TERMINATING,51,9,60,2-Nested Template / 2-Nested Template
ATVA2026_benchmark/TERM_LASSO//lasso_traces_polyrank3.t2.c/lasso_trace_9.txt,TERMINATING,0.30,274.85,71.57,12.00,TERMINATING,51,9,60,2-Nested Template / 2-Nested Template
ATVA2026_benchmark/TERM_LASSO//lasso_traces_polyrank3.t2.c/lasso_trace_90.txt,TERMINATING,0.34,312.98,108.85,17.00,TERMINATING,51,9,60,2-Nested Template / 2-Nested Template
ATVA2026_benchmark/TERM_LASSO//lasso_traces_polyrank3.t2.c/lasso_trace_91.txt,TERMINATING,0.29,304.28,129.54,12.00,TERMINATING,51,9,60,2-Nested Template / 2-Nested Template
ATVA2026_benchmark/TERM_LASSO//lasso_traces_polyrank3.t2.c/lasso_trace_92.txt,TERMINATING,0.35,232.18,63.06,19.00,TERMINATING,51,9,60,2-Nested Template / 2-Nested Template
ATVA2026_benchmark/TERM_LASSO//lasso_traces_polyrank3.t2.c/lasso_trace_93.txt,TERMINATING,0.34,311.69,111.63,14.00,TERMINATING,51,9,60,2-Nested Template / 2-Nested Template
ATVA2026_benchmark/TERM_LASSO//lasso_traces_polyrank3.t2.c/lasso_trace_94.txt,TERMINATING,0.41,253.75,26.12,16.00,TERMINATING,51,9,60,2-Nested Template / 2-Nested Template
ATVA2026_benchmark/TERM_LASSO//lasso_traces_polyrank3.t2.c/lasso_trace_95.txt,TERMINATING,0.36,266.78,110.42,12.00,TERMINATING,51,9,60,2-Nested Template / 2-Nested Template
ATVA2026_benchmark/TERM_LASSO//lasso_traces_polyrank3.t2.c/lasso_trace_96.txt,TERMINATING,0.36,323.21,26.64,17.00,TERMINATING,51,9,60,2-Nested Template / 2-Nested Template
ATVA2026_benchmark/TERM_LASSO//lasso_traces_polyrank3.t2.c/lasso_trace_97.txt,TERMINATING,0.34,245.22,26.28,18.00,TERMINATING,51,9,60,2-Nested Template / 2-Nested Template
ATVA2026_benchmark/TERM_LASSO//lasso_traces_polyrank3.t2.c/lasso_trace_98.txt,TERMINATING,0.37,306.50,26.13,18.00,TERMINATING,51,9,60,2-Nested Template / 2-Nested Template
ATVA2026_benchmark/TERM_LASSO//lasso_traces_polyrank3.t2.c/lasso_trace_99.txt,TERMINATING,0.38,292.09,105.75,11.00,TERMINATING,51,9,60,2-Nested Template / 2-Nested Template
ATVA2026_benchmark/TERM_LASSO//lasso_traces_polyrank4.t2.c/lasso_trace_1.txt,TERMINATING,2.41,311.70,83.94,16.00,TERMINATING,24,9,33,2-Nested Template / 2-Nested Template
ATVA2026_benchmark/TERM_LASSO//lasso_traces_polyrank4.t2.c/lasso_trace_10.txt,TERMINATING,0.40,703.24,67.26,38.00,TERMINATING,64,22,86,3-Nested Template / 3-Nested Template
ATVA2026_benchmark/TERM_LASSO//lasso_traces_polyrank4.t2.c/lasso_trace_100.txt,TERMINATING,0.39,343.73,119.75,21.00,TERMINATING,86,9,95,2-Nested Template / 2-Nested Template
ATVA2026_benchmark/TERM_LASSO//lasso_traces_polyrank4.t2.c/lasso_trace_101.txt,TERMINATING,0.41,291.46,31.22,22.00,TERMINATING,86,9,95,2-Nested Template / 2-Nested Template
ATVA2026_benchmark/TERM_LASSO//lasso_traces_polyrank4.t2.c/lasso_trace_102.txt,TERMINATING,0.43,329.64,40.04,21.00,TERMINATING,73,9,82,2-Nested Template / 2-Nested Template
ATVA2026_benchmark/TERM_LASSO//lasso_traces_polyrank4.t2.c/lasso_trace_103.txt,TERMINATING,0.46,360.19,128.20,21.00,TERMINATING,86,9,95,2-Nested Template / 2-Nested Template
ATVA2026_benchmark/TERM_LASSO//lasso_traces_polyrank4.t2.c/lasso_trace_104.txt,TERMINATING,0.43,370.25,121.50,28.00,TERMINATING,86,9,95,2-Nested Template / 2-Nested Template
ATVA2026_benchmark/TERM_LASSO//lasso_traces_polyrank4.t2.c/lasso_trace_105.txt,TERMINATING,0.40,285.76,39.81,13.00,TERMINATING,86,9,95,2-Nested Template / 2-Nested Template
ATVA2026_benchmark/TERM_LASSO//lasso_traces_polyrank4.t2.c/lasso_trace_106.txt,TERMINATING,0.69,300.24,99.37,20.00,TERMINATING,86,9,95,2-Nested Template / 2-Nested Template
ATVA2026_benchmark/TERM_LASSO//lasso_traces_polyrank4.t2.c/lasso_trace_107.txt,TERMINATING,0.49,329.88,51.57,22.00,TERMINATING,73,9,82,2-Nested Template / 2-Nested Template
ATVA2026_benchmark/TERM_LASSO//lasso_traces_polyrank4.t2.c/lasso_trace_108.txt,TERMINATING,0.40,342.15,146.79,22.00,TERMINATING,73,9,82,2-Nested Template / 2-Nested Template
ATVA2026_benchmark/TERM_LASSO//lasso_traces_polyrank4.t2.c/lasso_trace_109.txt,TERMINATING,0.47,297.27,83.44,21.00,TERMINATING,86,9,95,2-Nested Template / 2-Nested Template
ATVA2026_benchmark/TERM_LASSO//lasso_traces_polyrank4.t2.c/lasso_trace_11.txt,TERMINATING,0.39,754.24,143.06,30.00,TERMINATING,64,22,86,3-Nested Template / 3-Nested Template
ATVA2026_benchmark/TERM_LASSO//lasso_traces_polyrank4.t2.c/lasso_trace_110.txt,TERMINATING,0.49,302.49,83.19,19.00,TERMINATING,73,9,82,2-Nested Template / 2-Nested Template
ATVA2026_benchmark/TERM_LASSO//lasso_traces_polyrank4.t2.c/lasso_trace_111.txt,TERMINATING,0.45,313.53,77.75,20.00,TERMINATING,73,9,82,2-Nested Template / 2-Nested Template
ATVA2026_benchmark/TERM_LASSO//lasso_traces_polyrank4.t2.c/lasso_trace_112.txt,TERMINATING,0.41,253.02,73.82,26.00,TERMINATING,73,9,82,2-Nested Template / 2-Nested Template
ATVA2026_benchmark/TERM_LASSO//lasso_traces_polyrank4.t2.c/lasso_trace_113.txt,TERMINATING,0.43,314.51,137.42,21.00,TERMINATING,73,9,82,2-Nested Template / 2-Nested Template
ATVA2026_benchmark/TERM_LASSO//lasso_traces_polyrank4.t2.c/lasso_trace_114.txt,TERMINATING,0.42,371.77,59.31,24.00,TERMINATING,86,9,95,2-Nested Template / 2-Nested Template
ATVA2026_benchmark/TERM_LASSO//lasso_traces_polyrank4.t2.c/lasso_trace_115.txt,TERMINATING,0.44,297.79,124.08,26.00,TERMINATING,86,9,95,2-Nested Template / 2-Nested Template
ATVA2026_benchmark/TERM_LASSO//lasso_traces_polyrank4.t2.c/lasso_trace_116.txt,TERMINATING,0.43,320.48,90.41,19.00,TERMINATING,73,9,82,2-Nested Template / 2-Nested Template
ATVA2026_benchmark/TERM_LASSO//lasso_traces_polyrank4.t2.c/lasso_trace_117.txt,TERMINATING,0.60,355.33,138.55,21.00,TERMINATING,73,9,82,2-Nested Template / 2-Nested Template
ATVA2026_benchmark/TERM_LASSO//lasso_traces_polyrank4.t2.c/lasso_trace_118.txt,TERMINATING,0.40,271.12,37.58,22.00,TERMINATING,73,9,82,2-Nested Template / 2-Nested Template
ATVA2026_benchmark/TERM_LASSO//lasso_traces_polyrank4.t2.c/lasso_trace_119.txt,TERMINATING,0.42,302.09,39.56,27.00,TERMINATING,73,9,82,2-Nested Template / 2-Nested Template
ATVA2026_benchmark/TERM_LASSO//lasso_traces_polyrank4.t2.c/lasso_trace_12.txt,TERMINATING,0.55,673.53,32.27,19.00,TERMINATING,64,22,86,3-Nested Template / 3-Nested Template
ATVA2026_benchmark/TERM_LASSO//lasso_traces_polyrank4.t2.c/lasso_trace_120.txt,TERMINATING,0.42,340.22,141.04,24.00,TERMINATING,86,9,95,2-Nested Template / 2-Nested Template
ATVA2026_benchmark/TERM_LASSO//lasso_traces_polyrank4.t2.c/lasso_trace_121.txt,TERMINATING,0.40,282.89,60.29,26.00,TERMINATING,73,9,82,2-Nested Template / 2-Nested Template
ATVA2026_benchmark/TERM_LASSO//lasso_traces_polyrank4.t2.c/lasso_trace_122.txt,TERMINATING,0.41,342.76,26.00,24.00,TERMINATING,73,9,82,2-Nested Template / 2-Nested Template
ATVA2026_benchmark/TERM_LASSO//lasso_traces_polyrank4.t2.c/lasso_trace_123.txt,TERMINATING,0.37,269.00,141.26,26.00,TERMINATING,86,9,95,2-Nested Template / 2-Nested Template
ATVA2026_benchmark/TERM_LASSO//lasso_traces_polyrank4.t2.c/lasso_trace_124.txt,TERMINATING,0.40,292.24,73.78,20.00,TERMINATING,86,9,95,2-Nested Template / 2-Nested Template
ATVA2026_benchmark/TERM_LASSO//lasso_traces_polyrank4.t2.c/lasso_trace_125.txt,TERMINATING,0.40,287.78,26.55,19.00,TERMINATING,73,9,82,2-Nested Template / 2-Nested Template
ATVA2026_benchmark/TERM_LASSO//lasso_traces_polyrank4.t2.c/lasso_trace_126.txt,TERMINATING,0.41,339.54,52.11,23.00,TERMINATING,73,9,82,2-Nested Template / 2-Nested Template
ATVA2026_benchmark/TERM_LASSO//lasso_traces_polyrank4.t2.c/lasso_trace_127.txt,TERMINATING,0.40,319.77,136.52,22.00,TERMINATING,86,9,95,2-Nested Template / 2-Nested Template
ATVA2026_benchmark/TERM_LASSO//lasso_traces_polyrank4.t2.c/lasso_trace_128.txt,TERMINATING,0.46,267.87,74.10,23.00,TERMINATING,73,9,82,2-Nested Template / 2-Nested Template
ATVA2026_benchmark/TERM_LASSO//lasso_traces_polyrank4.t2.c/lasso_trace_129.txt,TERMINATING,0.42,341.45,54.35,25.00,TERMINATING,73,9,82,2-Nested Template / 2-Nested Template
ATVA2026_benchmark/TERM_LASSO//lasso_traces_polyrank4.t2.c/lasso_trace_13.txt,TERMINATING,0.43,720.07,97.48,38.00,TERMINATING,64,22,86,3-Nested Template / 3-Nested Template
ATVA2026_benchmark/TERM_LASSO//lasso_traces_polyrank4.t2.c/lasso_trace_130.txt,TERMINATING,0.42,263.65,62.37,25.00,TERMINATING,86,9,95,2-Nested Template / 2-Nested Template
ATVA2026_benchmark/TERM_LASSO//lasso_traces_polyrank4.t2.c/lasso_trace_131.txt,TERMINATING,0.52,255.26,154.09,26.00,TERMINATING,86,9,95,2-Nested Template / 2-Nested Template
ATVA2026_benchmark/TERM_LASSO//lasso_traces_polyrank4.t2.c/lasso_trace_132.txt,TERMINATING,0.40,286.98,42.49,27.00,TERMINATING,86,9,95,2-Nested Template / 2-Nested Template
ATVA2026_benchmark/TERM_LASSO//lasso_traces_polyrank4.t2.c/lasso_trace_133.txt,TERMINATING,0.36,242.54,26.81,24.00,TERMINATING,73,9,82,2-Nested Template / 2-Nested Template
ATVA2026_benchmark/TERM_LASSO//lasso_traces_polyrank4.t2.c/lasso_trace_134.txt,TERMINATING,0.53,320.03,79.18,22.00,TERMINATING,73,9,82,2-Nested Template / 2-Nested Template
ATVA2026_benchmark/TERM_LASSO//lasso_traces_polyrank4.t2.c/lasso_trace_135.txt,TERMINATING,0.39,242.73,39.90,21.00,TERMINATING,86,9,95,2-Nested Template / 2-Nested Template
ATVA2026_benchmark/TERM_LASSO//lasso_traces_polyrank4.t2.c/lasso_trace_136.txt,TERMINATING,0.41,364.30,157.64,22.00,TERMINATING,73,9,82,2-Nested Template / 2-Nested Template
ATVA2026_benchmark/TERM_LASSO//lasso_traces_polyrank4.t2.c/lasso_trace_137.txt,TERMINATING,0.52,320.78,133.50,20.00,TERMINATING,73,9,82,2-Nested Template / 2-Nested Template
ATVA2026_benchmark/TERM_LASSO//lasso_traces_polyrank4.t2.c/lasso_trace_138.txt,TERMINATING,0.45,253.31,123.21,20.00,TERMINATING,73,9,82,2-Nested Template / 2-Nested Template
ATVA2026_benchmark/TERM_LASSO//lasso_traces_polyrank4.t2.c/lasso_trace_139.txt,TERMINATING,0.45,339.24,141.12,21.00,TERMINATING,86,9,95,2-Nested Template / 2-Nested Template
ATVA2026_benchmark/TERM_LASSO//lasso_traces_polyrank4.t2.c/lasso_trace_14.txt,TERMINATING,0.43,656.80,149.04,35.00,TERMINATING,64,22,86,3-Nested Template / 3-Nested Template
ATVA2026_benchmark/TERM_LASSO//lasso_traces_polyrank4.t2.c/lasso_trace_140.txt,TERMINATING,0.44,289.37,74.54,14.00,TERMINATING,73,9,82,2-Nested Template / 2-Nested Template
ATVA2026_benchmark/TERM_LASSO//lasso_traces_polyrank4.t2.c/lasso_trace_141.txt,TERMINATING,0.36,293.66,27.45,23.00,TERMINATING,73,9,82,2-Nested Template / 2-Nested Template
ATVA2026_benchmark/TERM_LASSO//lasso_traces_polyrank4.t2.c/lasso_trace_142.txt,TERMINATING,0.45,343.18,132.35,24.00,TERMINATING,73,9,82,2-Nested Template / 2-Nested Template
ATVA2026_benchmark/TERM_LASSO//lasso_traces_polyrank4.t2.c/lasso_trace_143.txt,TERMINATING,0.41,294.68,95.43,25.00,TERMINATING,86,9,95,2-Nested Template / 2-Nested Template
ATVA2026_benchmark/TERM_LASSO//lasso_traces_polyrank4.t2.c/lasso_trace_144.txt,TERMINATING,0.35,278.77,26.37,20.00,TERMINATING,86,9,95,2-Nested Template / 2-Nested Template
ATVA2026_benchmark/TERM_LASSO//lasso_traces_polyrank4.t2.c/lasso_trace_145.txt,TERMINATING,0.42,267.20,72.26,22.00,TERMINATING,86,9,95,2-Nested Template / 2-Nested Template
ATVA2026_benchmark/TERM_LASSO//lasso_traces_polyrank4.t2.c/lasso_trace_146.txt,TERMINATING,0.39,349.70,148.11,23.00,TERMINATING,73,9,82,2-Nested Template / 2-Nested Template
ATVA2026_benchmark/TERM_LASSO//lasso_traces_polyrank4.t2.c/lasso_trace_15.txt,TERMINATING,0.36,684.58,95.25,31.00,TERMINATING,64,22,86,3-Nested Template / 3-Nested Template
ATVA2026_benchmark/TERM_LASSO//lasso_traces_polyrank4.t2.c/lasso_trace_16.txt,TERMINATING,0.39,764.54,142.78,32.00,TERMINATING,64,22,86,3-Nested Template / 3-Nested Template
ATVA2026_benchmark/TERM_LASSO//lasso_traces_polyrank4.t2.c/lasso_trace_17.txt,TERMINATING,0.39,664.10,131.54,26.00,TERMINATING,64,22,86,3-Nested Template / 3-Nested Template
ATVA2026_benchmark/TERM_LASSO//lasso_traces_polyrank4.t2.c/lasso_trace_18.txt,TERMINATING,0.36,684.20,88.43,23.00,TERMINATING,64,22,86,3-Nested Template / 3-Nested Template
ATVA2026_benchmark/TERM_LASSO//lasso_traces_polyrank4.t2.c/lasso_trace_19.txt,TERMINATING,0.41,664.03,74.68,36.00,TERMINATING,64,22,86,3-Nested Template / 3-Nested Template
ATVA2026_benchmark/TERM_LASSO//lasso_traces_polyrank4.t2.c/lasso_trace_2.txt,TERMINATING,0.52,436.65,122.20,49.00,TERMINATING,31,13,44,2-Nested Template / 2-Nested Template
ATVA2026_benchmark/TERM_LASSO//lasso_traces_polyrank4.t2.c/lasso_trace_20.txt,TERMINATING,0.41,698.13,111.52,37.00,TERMINATING,64,22,86,3-Nested Template / 3-Nested Template
ATVA2026_benchmark/TERM_LASSO//lasso_traces_polyrank4.t2.c/lasso_trace_21.txt,TERMINATING,0.41,628.88,155.82,36.00,TERMINATING,64,22,86,3-Nested Template / 3-Nested Template
ATVA2026_benchmark/TERM_LASSO//lasso_traces_polyrank4.t2.c/lasso_trace_22.txt,TERMINATING,0.72,719.14,52.61,34.00,TERMINATING,64,22,86,3-Nested Template / 3-Nested Template
ATVA2026_benchmark/TERM_LASSO//lasso_traces_polyrank4.t2.c/lasso_trace_23.txt,TERMINATING,0.46,656.82,39.92,32.00,TERMINATING,64,22,86,3-Nested Template / 3-Nested Template
ATVA2026_benchmark/TERM_LASSO//lasso_traces_polyrank4.t2.c/lasso_trace_24.txt,TERMINATING,0.38,729.97,124.90,30.00,TERMINATING,64,22,86,3-Nested Template / 3-Nested Template
ATVA2026_benchmark/TERM_LASSO//lasso_traces_polyrank4.t2.c/lasso_trace_25.txt,TERMINATING,0.38,667.76,134.46,37.00,TERMINATING,64,22,86,3-Nested Template / 3-Nested Template
ATVA2026_benchmark/TERM_LASSO//lasso_traces_polyrank4.t2.c/lasso_trace_26.txt,TERMINATING,0.38,665.08,32.37,30.00,TERMINATING,64,22,86,3-Nested Template / 3-Nested Template
ATVA2026_benchmark/TERM_LASSO//lasso_traces_polyrank4.t2.c/lasso_trace_27.txt,TERMINATING,0.36,712.21,116.68,17.00,TERMINATING,64,22,86,3-Nested Template / 3-Nested Template
ATVA2026_benchmark/TERM_LASSO//lasso_traces_polyrank4.t2.c/lasso_trace_28.txt,TERMINATING,0.37,621.25,79.63,34.00,TERMINATING,64,22,86,3-Nested Template / 3-Nested Template
ATVA2026_benchmark/TERM_LASSO//lasso_traces_polyrank4.t2.c/lasso_trace_29.txt,TERMINATING,0.37,699.92,136.74,21.00,TERMINATING,64,22,86,3-Nested Template / 3-Nested Template
ATVA2026_benchmark/TERM_LASSO//lasso_traces_polyrank4.t2.c/lasso_trace_3.txt,TERMINATING,0.36,284.15,99.19,20.00,TERMINATING,41,9,50,2-Nested Template / 2-Nested Template
ATVA2026_benchmark/TERM_LASSO//lasso_traces_polyrank4.t2.c/lasso_trace_30.txt,TERMINATING,0.38,675.46,78.93,25.00,TERMINATING,64,22,86,3-Nested Template / 3-Nested Template
ATVA2026_benchmark/TERM_LASSO//lasso_traces_polyrank4.t2.c/lasso_trace_31.txt,TERMINATING,0.40,710.04,98.18,30.00,TERMINATING,64,22,86,3-Nested Template / 3-Nested Template
ATVA2026_benchmark/TERM_LASSO//lasso_traces_polyrank4.t2.c/lasso_trace_32.txt,TERMINATING,0.38,682.88,39.72,37.00,TERMINATING,64,22,86,3-Nested Template / 3-Nested Template
ATVA2026_benchmark/TERM_LASSO//lasso_traces_polyrank4.t2.c/lasso_trace_33.txt,TERMINATING,0.37,717.01,61.68,17.00,TERMINATING,64,22,86,3-Nested Template / 3-Nested Template
ATVA2026_benchmark/TERM_LASSO//lasso_traces_polyrank4.t2.c/lasso_trace_34.txt,TERMINATING,0.37,752.89,72.56,44.00,TERMINATING,64,22,86,3-Nested Template / 3-Nested Template
ATVA2026_benchmark/TERM_LASSO//lasso_traces_polyrank4.t2.c/lasso_trace_35.txt,TERMINATING,0.43,260.50,33.63,21.00,TERMINATING,73,9,82,2-Nested Template / 2-Nested Template
ATVA2026_benchmark/TERM_LASSO//lasso_traces_polyrank4.t2.c/lasso_trace_36.txt,TERMINATING,0.50,748.34,49.74,117.00,TERMINATING,76,35,111,3-Nested Template / 3-Nested Template
ATVA2026_benchmark/TERM_LASSO//lasso_traces_polyrank4.t2.c/lasso_trace_37.txt,TERMINATING,0.39,281.96,84.06,22.00,TERMINATING,86,9,95,2-Nested Template / 2-Nested Template
ATVA2026_benchmark/TERM_LASSO//lasso_traces_polyrank4.t2.c/lasso_trace_38.txt,TERMINATING,0.40,342.31,120.17,24.00,TERMINATING,86,9,95,2-Nested Template / 2-Nested Template
ATVA2026_benchmark/TERM_LASSO//lasso_traces_polyrank4.t2.c/lasso_trace_39.txt,TERMINATING,0.39,286.55,36.67,23.00,TERMINATING,86,9,95,2-Nested Template / 2-Nested Template
ATVA2026_benchmark/TERM_LASSO//lasso_traces_polyrank4.t2.c/lasso_trace_4.txt,TERMINATING,0.41,310.81,115.54,21.00,TERMINATING,50,9,59,2-Nested Template / 2-Nested Template
ATVA2026_benchmark/TERM_LASSO//lasso_traces_polyrank4.t2.c/lasso_trace_40.txt,TERMINATING,0.39,352.06,49.02,19.00,TERMINATING,73,9,82,2-Nested Template / 2-Nested Template
ATVA2026_benchmark/TERM_LASSO//lasso_traces_polyrank4.t2.c/lasso_trace_41.txt,TERMINATING,0.42,293.35,75.49,20.00,TERMINATING,73,9,82,2-Nested Template / 2-Nested Template
ATVA2026_benchmark/TERM_LASSO//lasso_traces_polyrank4.t2.c/lasso_trace_42.txt,TERMINATING,0.33,323.58,120.81,20.00,TERMINATING,73,9,82,2-Nested Template / 2-Nested Template
ATVA2026_benchmark/TERM_LASSO//lasso_traces_polyrank4.t2.c/lasso_trace_43.txt,TERMINATING,0.41,259.23,27.81,26.00,TERMINATING,86,9,95,2-Nested Template / 2-Nested Template
ATVA2026_benchmark/TERM_LASSO//lasso_traces_polyrank4.t2.c/lasso_trace_44.txt,TERMINATING,0.41,277.32,46.73,21.00,TERMINATING,73,9,82,2-Nested Template / 2-Nested Template
ATVA2026_benchmark/TERM_LASSO//lasso_traces_polyrank4.t2.c/lasso_trace_45.txt,TERMINATING,0.39,332.36,78.62,19.00,TERMINATING,73,9,82,2-Nested Template / 2-Nested Template
ATVA2026_benchmark/TERM_LASSO//lasso_traces_polyrank4.t2.c/lasso_trace_46.txt,TERMINATING,0.37,278.05,62.31,23.00,TERMINATING,86,9,95,2-Nested Template / 2-Nested Template
ATVA2026_benchmark/TERM_LASSO//lasso_traces_polyrank4.t2.c/lasso_trace_47.txt,TERMINATING,0.38,280.55,149.95,27.00,TERMINATING,73,9,82,2-Nested Template / 2-Nested Template
ATVA2026_benchmark/TERM_LASSO//lasso_traces_polyrank4.t2.c/lasso_trace_48.txt,TERMINATING,0.42,328.56,118.77,23.00,TERMINATING,86,9,95,2-Nested Template / 2-Nested Template
ATVA2026_benchmark/TERM_LASSO//lasso_traces_polyrank4.t2.c/lasso_trace_49.txt,TERMINATING,0.38,299.58,75.01,21.00,TERMINATING,86,9,95,2-Nested Template / 2-Nested Template
ATVA2026_benchmark/TERM_LASSO//lasso_traces_polyrank4.t2.c/lasso_trace_5.txt,TERMINATING,0.31,630.40,33.54,40.00,TERMINATING,41,22,63,3-Nested Template / 3-Nested Template
ATVA2026_benchmark/TERM_LASSO//lasso_traces_polyrank4.t2.c/lasso_trace_50.txt,TERMINATING,0.64,255.39,36.60,25.00,TERMINATING,86,9,95,2-Nested Template / 2-Nested Template
ATVA2026_benchmark/TERM_LASSO//lasso_traces_polyrank4.t2.c/lasso_trace_51.txt,TERMINATING,0.40,264.68,135.68,22.00,TERMINATING,73,9,82,2-Nested Template / 2-Nested Template
ATVA2026_benchmark/TERM_LASSO//lasso_traces_polyrank4.t2.c/lasso_trace_52.txt,TERMINATING,0.36,338.75,124.43,21.00,TERMINATING,73,9,82,2-Nested Template / 2-Nested Template
ATVA2026_benchmark/TERM_LASSO//lasso_traces_polyrank4.t2.c/lasso_trace_53.txt,TERMINATING,0.53,336.26,72.29,26.00,TERMINATING,86,9,95,2-Nested Template / 2-Nested Template
ATVA2026_benchmark/TERM_LASSO//lasso_traces_polyrank4.t2.c/lasso_trace_54.txt,TERMINATING,0.34,297.94,42.03,20.00,TERMINATING,86,9,95,2-Nested Template / 2-Nested Template
ATVA2026_benchmark/TERM_LASSO//lasso_traces_polyrank4.t2.c/lasso_trace_55.txt,TERMINATING,0.42,336.93,75.85,14.00,TERMINATING,73,9,82,2-Nested Template / 2-Nested Template
ATVA2026_benchmark/TERM_LASSO//lasso_traces_polyrank4.t2.c/lasso_trace_56.txt,TERMINATING,0.38,284.26,41.33,22.00,TERMINATING,86,9,95,2-Nested Template / 2-Nested Template
ATVA2026_benchmark/TERM_LASSO//lasso_traces_polyrank4.t2.c/lasso_trace_57.txt,TERMINATING,0.43,271.01,29.15,26.00,TERMINATING,73,9,82,2-Nested Template / 2-Nested Template
ATVA2026_benchmark/TERM_LASSO//lasso_traces_polyrank4.t2.c/lasso_trace_58.txt,TERMINATING,0.43,330.67,148.08,25.00,TERMINATING,86,9,95,2-Nested Template / 2-Nested Template
ATVA2026_benchmark/TERM_LASSO//lasso_traces_polyrank4.t2.c/lasso_trace_59.txt,TERMINATING,0.45,306.41,132.56,23.00,TERMINATING,73,9,82,2-Nested Template / 2-Nested Template
ATVA2026_benchmark/TERM_LASSO//lasso_traces_polyrank4.t2.c/lasso_trace_6.txt,TERMINATING,0.55,739.84,149.12,31.00,TERMINATING,59,22,81,3-Nested Template / 3-Nested Template
ATVA2026_benchmark/TERM_LASSO//lasso_traces_polyrank4.t2.c/lasso_trace_60.txt,TERMINATING,0.39,361.44,78.17,14.00,TERMINATING,86,9,95,2-Nested Template / 2-Nested Template
ATVA2026_benchmark/TERM_LASSO//lasso_traces_polyrank4.t2.c/lasso_trace_61.txt,TERMINATING,0.54,252.40,89.82,28.00,TERMINATING,73,9,82,2-Nested Template / 2-Nested Template
ATVA2026_benchmark/TERM_LASSO//lasso_traces_polyrank4.t2.c/lasso_trace_62.txt,TERMINATING,0.43,309.90,137.58,13.00,TERMINATING,73,9,82,2-Nested Template / 2-Nested Template
ATVA2026_benchmark/TERM_LASSO//lasso_traces_polyrank4.t2.c/lasso_trace_63.txt,TERMINATING,0.42,276.55,119.17,21.00,TERMINATING,73,9,82,2-Nested Template / 2-Nested Template
ATVA2026_benchmark/TERM_LASSO//lasso_traces_polyrank4.t2.c/lasso_trace_64.txt,TERMINATING,0.34,308.38,26.74,22.00,TERMINATING,86,9,95,2-Nested Template / 2-Nested Template
ATVA2026_benchmark/TERM_LASSO//lasso_traces_polyrank4.t2.c/lasso_trace_65.txt,TERMINATING,0.38,310.91,60.67,22.00,TERMINATING,86,9,95,2-Nested Template / 2-Nested Template
ATVA2026_benchmark/TERM_LASSO//lasso_traces_polyrank4.t2.c/lasso_trace_66.txt,TERMINATING,0.39,254.42,25.70,28.00,TERMINATING,86,9,95,2-Nested Template / 2-Nested Template
ATVA2026_benchmark/TERM_LASSO//lasso_traces_polyrank4.t2.c/lasso_trace_67.txt,TERMINATING,0.48,260.87,111.77,13.00,TERMINATING,73,9,82,2-Nested Template / 2-Nested Template
ATVA2026_benchmark/TERM_LASSO//lasso_traces_polyrank4.t2.c/lasso_trace_68.txt,TERMINATING,0.42,301.40,56.03,24.00,TERMINATING,86,9,95,2-Nested Template / 2-Nested Template
ATVA2026_benchmark/TERM_LASSO//lasso_traces_polyrank4.t2.c/lasso_trace_69.txt,TERMINATING,0.33,302.62,58.26,23.00,TERMINATING,73,9,82,2-Nested Template / 2-Nested Template
ATVA2026_benchmark/TERM_LASSO//lasso_traces_polyrank4.t2.c/lasso_trace_7.txt,TERMINATING,1.05,707.47,150.24,31.00,TERMINATING,64,22,86,3-Nested Template / 3-Nested Template
ATVA2026_benchmark/TERM_LASSO//lasso_traces_polyrank4.t2.c/lasso_trace_70.txt,TERMINATING,0.44,255.59,30.08,27.00,TERMINATING,73,9,82,2-Nested Template / 2-Nested Template
ATVA2026_benchmark/TERM_LASSO//lasso_traces_polyrank4.t2.c/lasso_trace_71.txt,TERMINATING,0.40,257.19,49.74,25.00,TERMINATING,86,9,95,2-Nested Template / 2-Nested Template
ATVA2026_benchmark/TERM_LASSO//lasso_traces_polyrank4.t2.c/lasso_trace_72.txt,TERMINATING,0.34,265.39,51.44,25.00,TERMINATING,73,9,82,2-Nested Template / 2-Nested Template
ATVA2026_benchmark/TERM_LASSO//lasso_traces_polyrank4.t2.c/lasso_trace_73.txt,TERMINATING,0.41,347.54,52.19,19.00,TERMINATING,73,9,82,2-Nested Template / 2-Nested Template
ATVA2026_benchmark/TERM_LASSO//lasso_traces_polyrank4.t2.c/lasso_trace_74.txt,TERMINATING,0.45,259.54,127.24,25.00,TERMINATING,73,9,82,2-Nested Template / 2-Nested Template
ATVA2026_benchmark/TERM_LASSO//lasso_traces_polyrank4.t2.c/lasso_trace_75.txt,TERMINATING,0.42,263.96,74.28,22.00,TERMINATING,73,9,82,2-Nested Template / 2-Nested Template
ATVA2026_benchmark/TERM_LASSO//lasso_traces_polyrank4.t2.c/lasso_trace_76.txt,TERMINATING,0.42,271.63,65.84,22.00,TERMINATING,73,9,82,2-Nested Template / 2-Nested Template
ATVA2026_benchmark/TERM_LASSO//lasso_traces_polyrank4.t2.c/lasso_trace_77.txt,TERMINATING,0.44,313.54,107.39,30.00,TERMINATING,86,9,95,2-Nested Template / 2-Nested Template
ATVA2026_benchmark/TERM_LASSO//lasso_traces_polyrank4.t2.c/lasso_trace_78.txt,TERMINATING,0.40,286.08,50.34,13.00,TERMINATING,86,9,95,2-Nested Template / 2-Nested Template
ATVA2026_benchmark/TERM_LASSO//lasso_traces_polyrank4.t2.c/lasso_trace_79.txt,TERMINATING,0.42,309.67,28.32,22.00,TERMINATING,86,9,95,2-Nested Template / 2-Nested Template
ATVA2026_benchmark/TERM_LASSO//lasso_traces_polyrank4.t2.c/lasso_trace_8.txt,TERMINATING,0.57,700.98,65.02,33.00,TERMINATING,64,22,86,3-Nested Template / 3-Nested Template
ATVA2026_benchmark/TERM_LASSO//lasso_traces_polyrank4.t2.c/lasso_trace_80.txt,TERMINATING,0.48,283.61,87.18,23.00,TERMINATING,86,9,95,2-Nested Template / 2-Nested Template
ATVA2026_benchmark/TERM_LASSO//lasso_traces_polyrank4.t2.c/lasso_trace_81.txt,TERMINATING,0.36,318.38,105.57,23.00,TERMINATING,73,9,82,2-Nested Template / 2-Nested Template
ATVA2026_benchmark/TERM_LASSO//lasso_traces_polyrank4.t2.c/lasso_trace_82.txt,TERMINATING,0.38,322.04,123.25,24.00,TERMINATING,73,9,82,2-Nested Template / 2-Nested Template
ATVA2026_benchmark/TERM_LASSO//lasso_traces_polyrank4.t2.c/lasso_trace_83.txt,TERMINATING,0.50,289.89,51.50,21.00,TERMINATING,86,9,95,2-Nested Template / 2-Nested Template
ATVA2026_benchmark/TERM_LASSO//lasso_traces_polyrank4.t2.c/lasso_trace_84.txt,TERMINATING,0.36,367.33,143.18,22.00,TERMINATING,86,9,95,2-Nested Template / 2-Nested Template
ATVA2026_benchmark/TERM_LASSO//lasso_traces_polyrank4.t2.c/lasso_trace_85.txt,TERMINATING,0.48,291.30,52.85,21.00,TERMINATING,86,9,95,2-Nested Template / 2-Nested Template
ATVA2026_benchmark/TERM_LASSO//lasso_traces_polyrank4.t2.c/lasso_trace_86.txt,TERMINATING,0.42,360.65,111.73,29.00,TERMINATING,73,9,82,2-Nested Template / 2-Nested Template
ATVA2026_benchmark/TERM_LASSO//lasso_traces_polyrank4.t2.c/lasso_trace_87.txt,TERMINATING,0.70,255.38,39.16,23.00,TERMINATING,73,9,82,2-Nested Template / 2-Nested Template
ATVA2026_benchmark/TERM_LASSO//lasso_traces_polyrank4.t2.c/lasso_trace_88.txt,TERMINATING,0.50,271.38,141.55,24.00,TERMINATING,73,9,82,2-Nested Template / 2-Nested Template
ATVA2026_benchmark/TERM_LASSO//lasso_traces_polyrank4.t2.c/lasso_trace_89.txt,TERMINATING,0.37,277.79,49.17,23.00,TERMINATING,73,9,82,2-Nested Template / 2-Nested Template
ATVA2026_benchmark/TERM_LASSO//lasso_traces_polyrank4.t2.c/lasso_trace_9.txt,TERMINATING,0.32,757.30,52.61,23.00,TERMINATING,64,22,86,3-Nested Template / 3-Nested Template
ATVA2026_benchmark/TERM_LASSO//lasso_traces_polyrank4.t2.c/lasso_trace_90.txt,TERMINATING,0.38,324.50,55.16,19.00,TERMINATING,73,9,82,2-Nested Template / 2-Nested Template
ATVA2026_benchmark/TERM_LASSO//lasso_traces_polyrank4.t2.c/lasso_trace_91.txt,TERMINATING,0.43,310.20,118.44,20.00,TERMINATING,86,9,95,2-Nested Template / 2-Nested Template
ATVA2026_benchmark/TERM_LASSO//lasso_traces_polyrank4.t2.c/lasso_trace_92.txt,TERMINATING,0.42,283.80,56.70,23.00,TERMINATING,86,9,95,2-Nested Template / 2-Nested Template
ATVA2026_benchmark/TERM_LASSO//lasso_traces_polyrank4.t2.c/lasso_trace_93.txt,TERMINATING,0.42,267.52,80.90,26.00,TERMINATING,86,9,95,2-Nested Template / 2-Nested Template
ATVA2026_benchmark/TERM_LASSO//lasso_traces_polyrank4.t2.c/lasso_trace_94.txt,TERMINATING,0.40,341.49,38.14,23.00,TERMINATING,86,9,95,2-Nested Template / 2-Nested Template
ATVA2026_benchmark/TERM_LASSO//lasso_traces_polyrank4.t2.c/lasso_trace_95.txt,TERMINATING,0.41,309.98,57.10,20.00,TERMINATING,73,9,82,2-Nested Template / 2-Nested Template
ATVA2026_benchmark/TERM_LASSO//lasso_traces_polyrank4.t2.c/lasso_trace_96.txt,TERMINATING,0.53,278.67,104.92,24.00,TERMINATING,73,9,82,2-Nested Template / 2-Nested Template
ATVA2026_benchmark/TERM_LASSO//lasso_traces_polyrank4.t2.c/lasso_trace_97.txt,TERMINATING,0.38,284.42,52.90,23.00,TERMINATING,86,9,95,2-Nested Template / 2-Nested Template
ATVA2026_benchmark/TERM_LASSO//lasso_traces_polyrank4.t2.c/lasso_trace_98.txt,TERMINATING,0.42,285.18,83.81,18.00,TERMINATING,73,9,82,2-Nested Template / 2-Nested Template
ATVA2026_benchmark/TERM_LASSO//lasso_traces_polyrank4.t2.c/lasso_trace_99.txt,TERMINATING,0.43,339.29,130.03,22.00,TERMINATING,73,9,82,2-Nested Template / 2-Nested Template
ATVA2026_benchmark/TERM_LASSO//lasso_traces_polyrank5.t2.c/lasso_trace_1.txt,TERMINATING,2.11,155.83,172.64,8.00,TERMINATING,28,9,37,Affine Template / Affine Template
ATVA2026_benchmark/TERM_LASSO//lasso_traces_polyrank5.t2.c/lasso_trace_2.txt,TERMINATING,0.58,1402.64,104.36,127.00,TERMINATING,35,13,48,4-Nested Template / 4-Nested Template
ATVA2026_benchmark/TERM_LASSO//lasso_traces_polyrank5.t2.c/lasso_trace_3.txt,TERMINATING,0.41,113.06,158.77,8.00,TERMINATING,45,9,54,Affine Template / Affine Template
ATVA2026_benchmark/TERM_LASSO//lasso_traces_polyrank5.t2.c/lasso_trace_4.txt,TERMINATING,0.41,113.39,166.43,8.00,TERMINATING,54,9,63,Affine Template / Affine Template
ATVA2026_benchmark/TERM_LASSO//lasso_traces_polyrank5.t2.c/lasso_trace_5.txt,TERMINATING,0.47,1331.25,65.57,39.00,TERMINATING,45,22,67,4-Nested Template / 4-Nested Template
ATVA2026_benchmark/TERM_LASSO//lasso_traces_polyrank5.t2.c/lasso_trace_6.txt,TERMINATING,0.52,1463.99,146.15,52.00,TERMINATING,63,22,85,4-Nested Template / 4-Nested Template
ATVA2026_benchmark/TERM_LASSO//lasso_traces_polyrank6.t2.c/lasso_trace_1.txt,TERMINATING,2.05,326.27,31.52,11.00,TERMINATING,24,10,34,2-Nested Template / 2-Nested Template
ATVA2026_benchmark/TERM_LASSO//lasso_traces_polyrank6.t2.c/lasso_trace_2.txt,TERMINATING,0.48,94.87,137.22,31.00,TERMINATING,37,14,51,Affine Template / Affine Template
ATVA2026_benchmark/TERM_LASSO//lasso_traces_polyrank6.t2.c/lasso_trace_3.txt,TERMINATING,0.41,306.94,81.91,15.00,TERMINATING,44,10,54,2-Nested Template / 2-Nested Template
ATVA2026_benchmark/TERM_LASSO//lasso_traces_popl07-fail.t2.c/lasso_trace_1.txt,TERMINATING,2.10,412.58,59.46,21.00,TERMINATING,104,28,132,Affine Template / Affine Template
ATVA2026_benchmark/TERM_LASSO//lasso_traces_popl07-succeed.t2.c/lasso_trace_1.txt,TERMINATING,2.51,410.71,61.58,20.00,TERMINATING,104,28,132,Affine Template / Affine Template
ATVA2026_benchmark/TERM_LASSO//lasso_traces_power.c/lasso_trace_1.txt,TERMINATING,2.44,93.02,41.50,23.00,TERMINATING,4,1,5,Affine Template / Affine Template
ATVA2026_benchmark/TERM_LASSO//lasso_traces_preboogie.c/lasso_trace_1.txt,TERMINATING,1.79,102.20,91.24,9.00,TERMINATING,6,3,9,Affine Template / Affine Template
ATVA2026_benchmark/TERM_LASSO//lasso_traces_Primes_true-unreach-call.c/lasso_trace_7.txt,TERMINATING,0.28,156.06,168.21,14.00,TERMINATING,21,6,27,Affine Template / Affine Template
ATVA2026_benchmark/TERM_LASSO//lasso_traces_Primes_true-unreach-call.c/lasso_trace_8.txt,TERMINATING,0.39,76.99,198.24,15.00,TERMINATING,23,5,28,Affine Template / Affine Template
ATVA2026_benchmark/TERM_LASSO//lasso_traces_print.t2.c/lasso_trace_1.txt,TERMINATING,2.28,185.46,213.83,32.00,TERMINATING,295,31,326,Affine Template / Affine Template
ATVA2026_benchmark/TERM_LASSO//lasso_traces_print.t2.c/lasso_trace_2.txt,TERMINATING,0.59,1313.64,1583.57,62.00,TERMINATING,558,163,721,Affine Template / Affine Template
ATVA2026_benchmark/TERM_LASSO//lasso_traces_Problem01_label00_true-unreach-call.c/lasso_trace_1.txt,TERMINATING,2.72,45.64,31.79,132.00,TERMINATING,5,8,13,Affine Template / Affine Template
ATVA2026_benchmark/TERM_LASSO//lasso_traces_Problem01_label00_true-unreach-call.c/lasso_trace_2.txt,TERMINATING,0.50,362.93,167.56,152.00,TERMINATING,6,11,17,Affine Template / Affine Template
ATVA2026_benchmark/TERM_LASSO//lasso_traces_Problem01_label19_true-unreach-call.c/lasso_trace_1.txt,TERMINATING,1.86,43.30,48.20,123.00,TERMINATING,5,8,13,Affine Template / Affine Template
ATVA2026_benchmark/TERM_LASSO//lasso_traces_Problem01_label19_true-unreach-call.c/lasso_trace_2.txt,TERMINATING,0.48,394.18,161.23,149.00,TERMINATING,6,11,17,Affine Template / Affine Template
ATVA2026_benchmark/TERM_LASSO//lasso_traces_Problem01_label20_false-unreach-call.c/lasso_trace_1.txt,TERMINATING,1.97,43.49,44.84,135.00,TERMINATING,5,8,13,Affine Template / Affine Template
ATVA2026_benchmark/TERM_LASSO//lasso_traces_Problem01_label20_false-unreach-call.c/lasso_trace_2.txt,TERMINATING,0.53,394.41,165.11,162.00,TERMINATING,6,11,17,Affine Template / Affine Template
ATVA2026_benchmark/TERM_LASSO//lasso_traces_Problem03_label00_true-unreach-call.c/lasso_trace_2.txt,TERMINATING,0.99,1056.83,1046.87,-,TIMEOUT,6,11,17,Affine Template
ATVA2026_benchmark/TERM_LASSO//lasso_traces_Problem03_label12_true-unreach-call.c/lasso_trace_2.txt,TERMINATING,0.96,1053.19,1036.09,-,TIMEOUT,6,11,17,Affine Template
ATVA2026_benchmark/TERM_LASSO//lasso_traces_Problem03_label13_false-unreach-call.c/lasso_trace_2.txt,TERMINATING,0.90,1067.43,1034.94,-,TIMEOUT,6,11,17,Affine Template
ATVA2026_benchmark/TERM_LASSO//lasso_traces_Problem04_label00_true-unreach-call.c/lasso_trace_4.txt,TERMINATING,0.64,290.68,329.70,47.00,TERMINATING,6,279,285,Affine Template / Affine Template
ATVA2026_benchmark/TERM_LASSO//lasso_traces_Problem10.c/lasso_trace_5.txt,TERMINATING,1.45,210.58,201.74,349.00,TERMINATING,130,125,255,Affine Template / Affine Template
ATVA2026_benchmark/TERM_LASSO//lasso_traces_Problem10_unreach-call.c/lasso_trace_5.txt,TERMINATING,1.33,221.02,192.30,341.00,TERMINATING,130,125,255,Affine Template / Affine Template
ATVA2026_benchmark/TERM_LASSO//lasso_traces_Problem15_prop_006_false-valid-ltl.c/lasso_trace_5.txt,TERMINATING,0.94,382.04,75.13,216.00,TERMINATING,216,138,354,Affine Template / Affine Template
ATVA2026_benchmark/TERM_LASSO//lasso_traces_Problem15_prop_007_false-valid-ltl.c/lasso_trace_5.txt,TERMINATING,0.96,372.72,71.71,231.00,TERMINATING,216,138,354,Affine Template / Affine Template
ATVA2026_benchmark/TERM_LASSO//lasso_traces_Problem15_prop_012_false-valid-ltl.c/lasso_trace_5.txt,TERMINATING,0.86,375.20,74.57,246.00,TERMINATING,216,138,354,Affine Template / Affine Template
ATVA2026_benchmark/TERM_LASSO//lasso_traces_Problem15_prop_013_false-valid-ltl.c/lasso_trace_5.txt,TERMINATING,0.96,376.39,75.00,240.00,TERMINATING,216,138,354,Affine Template / Affine Template
ATVA2026_benchmark/TERM_LASSO//lasso_traces_Problem15_prop_017_false-valid-ltl.c/lasso_trace_5.txt,TERMINATING,0.88,360.82,73.36,203.00,TERMINATING,216,138,354,Affine Template / Affine Template
ATVA2026_benchmark/TERM_LASSO//lasso_traces_Problem15_prop_029_false-valid-ltl.c/lasso_trace_5.txt,TERMINATING,0.91,357.78,73.97,192.00,TERMINATING,216,138,354,Affine Template / Affine Template
ATVA2026_benchmark/TERM_LASSO//lasso_traces_Problem15_prop_030_false-valid-ltl.c/lasso_trace_5.txt,TERMINATING,0.92,382.37,82.81,236.00,TERMINATING,216,138,354,Affine Template / Affine Template
ATVA2026_benchmark/TERM_LASSO//lasso_traces_Problem15_prop_031_false-valid-ltl.c/lasso_trace_5.txt,TERMINATING,0.82,369.40,70.38,251.00,TERMINATING,216,138,354,Affine Template / Affine Template
ATVA2026_benchmark/TERM_LASSO//lasso_traces_Problem15_prop_032_false-valid-ltl.c/lasso_trace_5.txt,TERMINATING,0.96,370.83,78.48,246.00,TERMINATING,216,138,354,Affine Template / Affine Template
ATVA2026_benchmark/TERM_LASSO//lasso_traces_Problem15_prop_035_false-valid-ltl.c/lasso_trace_5.txt,TERMINATING,0.94,371.18,76.59,209.00,TERMINATING,216,138,354,Affine Template / Affine Template
ATVA2026_benchmark/TERM_LASSO//lasso_traces_Problem15_prop_037_false-valid-ltl.c/lasso_trace_5.txt,TERMINATING,0.98,342.66,71.73,203.00,TERMINATING,216,138,354,Affine Template / Affine Template
ATVA2026_benchmark/TERM_LASSO//lasso_traces_Problem15_prop_039_false-valid-ltl.c/lasso_trace_5.txt,TERMINATING,0.79,373.35,75.77,231.00,TERMINATING,216,138,354,Affine Template / Affine Template
ATVA2026_benchmark/TERM_LASSO//lasso_traces_Problem15_prop_048_false-valid-ltl.c/lasso_trace_5.txt,TERMINATING,0.86,390.85,71.73,223.00,TERMINATING,216,138,354,Affine Template / Affine Template
ATVA2026_benchmark/TERM_LASSO//lasso_traces_Problem16_label00_false-unreach-call.c/lasso_trace_4.txt,TERMINATING,0.68,67.71,63.94,46.00,TERMINATING,5,32,37,Affine Template / Affine Template
ATVA2026_benchmark/TERM_LASSO//lasso_traces_Problem16_label00_false-unreach-call.c/lasso_trace_5.txt,TERMINATING,0.56,166.36,200.57,22.00,TERMINATING,6,188,194,Affine Template / Affine Template
ATVA2026_benchmark/TERM_LASSO//lasso_traces_Problem16_prop_000_true-valid-ltl.c/lasso_trace_4.txt,TERMINATING,0.57,150.64,154.22,17.00,TERMINATING,6,185,191,Affine Template / Affine Template
ATVA2026_benchmark/TERM_LASSO//lasso_traces_Problem16_prop_001_true-valid-ltl.c/lasso_trace_4.txt,TERMINATING,0.50,156.91,154.97,17.00,TERMINATING,6,185,191,Affine Template / Affine Template
ATVA2026_benchmark/TERM_LASSO//lasso_traces_Problem16_prop_002_true-valid-ltl.c/lasso_trace_4.txt,TERMINATING,0.47,147.50,167.12,17.00,TERMINATING,6,185,191,Affine Template / Affine Template
ATVA2026_benchmark/TERM_LASSO//lasso_traces_Problem16_prop_003_true-valid-ltl.c/lasso_trace_4.txt,TERMINATING,0.47,153.41,151.63,18.00,TERMINATING,6,185,191,Affine Template / Affine Template
ATVA2026_benchmark/TERM_LASSO//lasso_traces_Problem16_prop_004_true-valid-ltl.c/lasso_trace_4.txt,TERMINATING,0.51,151.15,162.04,17.00,TERMINATING,6,185,191,Affine Template / Affine Template
ATVA2026_benchmark/TERM_LASSO//lasso_traces_Problem16_prop_005_false-valid-ltl.c/lasso_trace_4.txt,TERMINATING,0.47,143.03,163.65,18.00,TERMINATING,6,185,191,Affine Template / Affine Template
ATVA2026_benchmark/TERM_LASSO//lasso_traces_Problem16_prop_006_false-valid-ltl.c/lasso_trace_4.txt,TERMINATING,0.52,149.88,148.90,18.00,TERMINATING,6,185,191,Affine Template / Affine Template
ATVA2026_benchmark/TERM_LASSO//lasso_traces_Problem16_prop_007_true-valid-ltl.c/lasso_trace_4.txt,TERMINATING,0.56,142.25,153.51,17.00,TERMINATING,6,185,191,Affine Template / Affine Template
ATVA2026_benchmark/TERM_LASSO//lasso_traces_Problem16_prop_008_false-valid-ltl.c/lasso_trace_4.txt,TERMINATING,0.46,146.90,148.54,16.00,TERMINATING,6,185,191,Affine Template / Affine Template
ATVA2026_benchmark/TERM_LASSO//lasso_traces_Problem16_prop_009_false-valid-ltl.c/lasso_trace_4.txt,TERMINATING,0.48,141.89,145.32,19.00,TERMINATING,6,185,191,Affine Template / Affine Template
ATVA2026_benchmark/TERM_LASSO//lasso_traces_Problem16_prop_010_true-valid-ltl.c/lasso_trace_4.txt,TERMINATING,0.54,146.97,151.62,15.00,TERMINATING,6,185,191,Affine Template / Affine Template
ATVA2026_benchmark/TERM_LASSO//lasso_traces_Problem16_prop_011_true-valid-ltl.c/lasso_trace_4.txt,TERMINATING,0.46,165.69,149.70,17.00,TERMINATING,6,185,191,Affine Template / Affine Template
ATVA2026_benchmark/TERM_LASSO//lasso_traces_Problem16_prop_012_false-valid-ltl.c/lasso_trace_4.txt,TERMINATING,0.45,150.09,153.41,16.00,TERMINATING,6,185,191,Affine Template / Affine Template
ATVA2026_benchmark/TERM_LASSO//lasso_traces_Problem16_prop_013_true-valid-ltl.c/lasso_trace_4.txt,TERMINATING,0.52,144.84,150.61,18.00,TERMINATING,6,185,191,Affine Template / Affine Template
ATVA2026_benchmark/TERM_LASSO//lasso_traces_Problem16_prop_014_true-valid-ltl.c/lasso_trace_4.txt,TERMINATING,0.53,142.65,152.89,15.00,TERMINATING,6,185,191,Affine Template / Affine Template
ATVA2026_benchmark/TERM_LASSO//lasso_traces_Problem16_prop_015_false-valid-ltl.c/lasso_trace_4.txt,TERMINATING,0.59,150.87,153.88,18.00,TERMINATING,6,185,191,Affine Template / Affine Template
ATVA2026_benchmark/TERM_LASSO//lasso_traces_Problem16_prop_016_true-valid-ltl.c/lasso_trace_4.txt,TERMINATING,0.48,147.97,155.05,19.00,TERMINATING,6,185,191,Affine Template / Affine Template
ATVA2026_benchmark/TERM_LASSO//lasso_traces_Problem16_prop_017_false-valid-ltl.c/lasso_trace_4.txt,TERMINATING,0.51,155.97,148.20,17.00,TERMINATING,6,185,191,Affine Template / Affine Template
ATVA2026_benchmark/TERM_LASSO//lasso_traces_Problem16_prop_018_true-valid-ltl.c/lasso_trace_4.txt,TERMINATING,0.54,148.87,166.51,21.00,TERMINATING,6,185,191,Affine Template / Affine Template
ATVA2026_benchmark/TERM_LASSO//lasso_traces_Problem16_prop_019_false-valid-ltl.c/lasso_trace_4.txt,TERMINATING,0.52,147.30,158.73,17.00,TERMINATING,6,185,191,Affine Template / Affine Template
ATVA2026_benchmark/TERM_LASSO//lasso_traces_Problem16_prop_020_true-valid-ltl.c/lasso_trace_4.txt,TERMINATING,0.53,148.64,157.52,17.00,TERMINATING,6,185,191,Affine Template / Affine Template
ATVA2026_benchmark/TERM_LASSO//lasso_traces_Problem16_prop_021_false-valid-ltl.c/lasso_trace_4.txt,TERMINATING,0.46,144.03,162.53,18.00,TERMINATING,6,185,191,Affine Template / Affine Template
ATVA2026_benchmark/TERM_LASSO//lasso_traces_Problem16_prop_022_false-valid-ltl.c/lasso_trace_4.txt,TERMINATING,0.50,150.00,148.64,18.00,TERMINATING,6,185,191,Affine Template / Affine Template
ATVA2026_benchmark/TERM_LASSO//lasso_traces_Problem16_prop_023_true-valid-ltl.c/lasso_trace_4.txt,TERMINATING,0.52,142.93,157.64,15.00,TERMINATING,6,185,191,Affine Template / Affine Template
ATVA2026_benchmark/TERM_LASSO//lasso_traces_Problem16_prop_024_false-valid-ltl.c/lasso_trace_4.txt,TERMINATING,0.54,149.19,143.79,16.00,TERMINATING,6,185,191,Affine Template / Affine Template
ATVA2026_benchmark/TERM_LASSO//lasso_traces_Problem16_prop_025_true-valid-ltl.c/lasso_trace_4.txt,TERMINATING,0.59,162.20,150.63,17.00,TERMINATING,6,185,191,Affine Template / Affine Template
ATVA2026_benchmark/TERM_LASSO//lasso_traces_Problem16_prop_026_false-valid-ltl.c/lasso_trace_4.txt,TERMINATING,0.51,154.91,151.67,17.00,TERMINATING,6,185,191,Affine Template / Affine Template
ATVA2026_benchmark/TERM_LASSO//lasso_traces_Problem16_prop_027_false-valid-ltl.c/lasso_trace_4.txt,TERMINATING,0.43,170.98,152.31,17.00,TERMINATING,6,185,191,Affine Template / Affine Template
ATVA2026_benchmark/TERM_LASSO//lasso_traces_Problem16_prop_028_false-valid-ltl.c/lasso_trace_4.txt,TERMINATING,0.47,155.54,151.72,17.00,TERMINATING,6,185,191,Affine Template / Affine Template
ATVA2026_benchmark/TERM_LASSO//lasso_traces_Problem16_prop_029_false-valid-ltl.c/lasso_trace_4.txt,TERMINATING,0.56,158.49,145.12,16.00,TERMINATING,6,185,191,Affine Template / Affine Template
ATVA2026_benchmark/TERM_LASSO//lasso_traces_Problem16_prop_030_false-valid-ltl.c/lasso_trace_4.txt,TERMINATING,0.45,145.00,166.62,17.00,TERMINATING,6,185,191,Affine Template / Affine Template
ATVA2026_benchmark/TERM_LASSO//lasso_traces_Problem16_prop_031_true-valid-ltl.c/lasso_trace_4.txt,TERMINATING,0.57,158.27,143.35,17.00,TERMINATING,6,185,191,Affine Template / Affine Template
ATVA2026_benchmark/TERM_LASSO//lasso_traces_Problem16_prop_032_false-valid-ltl.c/lasso_trace_4.txt,TERMINATING,0.68,148.99,160.83,17.00,TERMINATING,6,185,191,Affine Template / Affine Template
ATVA2026_benchmark/TERM_LASSO//lasso_traces_Problem16_prop_033_true-valid-ltl.c/lasso_trace_4.txt,TERMINATING,0.48,155.77,152.13,17.00,TERMINATING,6,185,191,Affine Template / Affine Template
ATVA2026_benchmark/TERM_LASSO//lasso_traces_Problem16_prop_034_true-valid-ltl.c/lasso_trace_4.txt,TERMINATING,0.51,161.96,151.34,17.00,TERMINATING,6,185,191,Affine Template / Affine Template
ATVA2026_benchmark/TERM_LASSO//lasso_traces_Problem16_prop_035_true-valid-ltl.c/lasso_trace_4.txt,TERMINATING,0.51,168.42,156.49,17.00,TERMINATING,6,185,191,Affine Template / Affine Template
ATVA2026_benchmark/TERM_LASSO//lasso_traces_Problem16_prop_036_false-valid-ltl.c/lasso_trace_4.txt,TERMINATING,0.45,153.26,147.30,17.00,TERMINATING,6,185,191,Affine Template / Affine Template
ATVA2026_benchmark/TERM_LASSO//lasso_traces_Problem16_prop_037_false-valid-ltl.c/lasso_trace_4.txt,TERMINATING,0.47,149.35,151.21,18.00,TERMINATING,6,185,191,Affine Template / Affine Template
ATVA2026_benchmark/TERM_LASSO//lasso_traces_Problem16_prop_038_false-valid-ltl.c/lasso_trace_4.txt,TERMINATING,0.46,165.26,151.11,18.00,TERMINATING,6,185,191,Affine Template / Affine Template
ATVA2026_benchmark/TERM_LASSO//lasso_traces_Problem16_prop_039_false-valid-ltl.c/lasso_trace_4.txt,TERMINATING,0.52,149.65,160.63,17.00,TERMINATING,6,185,191,Affine Template / Affine Template
ATVA2026_benchmark/TERM_LASSO//lasso_traces_Problem16_prop_040_false-valid-ltl.c/lasso_trace_4.txt,TERMINATING,0.45,141.12,158.42,17.00,TERMINATING,6,185,191,Affine Template / Affine Template
ATVA2026_benchmark/TERM_LASSO//lasso_traces_Problem16_prop_041_false-valid-ltl.c/lasso_trace_4.txt,TERMINATING,0.51,145.95,146.75,15.00,TERMINATING,6,185,191,Affine Template / Affine Template
ATVA2026_benchmark/TERM_LASSO//lasso_traces_Problem16_prop_042_false-valid-ltl.c/lasso_trace_4.txt,TERMINATING,0.53,149.05,154.47,17.00,TERMINATING,6,185,191,Affine Template / Affine Template
ATVA2026_benchmark/TERM_LASSO//lasso_traces_Problem16_prop_043_false-valid-ltl.c/lasso_trace_4.txt,TERMINATING,0.52,150.89,145.98,17.00,TERMINATING,6,185,191,Affine Template / Affine Template
ATVA2026_benchmark/TERM_LASSO//lasso_traces_Problem16_prop_044_true-valid-ltl.c/lasso_trace_4.txt,TERMINATING,0.56,153.49,153.47,17.00,TERMINATING,6,185,191,Affine Template / Affine Template
ATVA2026_benchmark/TERM_LASSO//lasso_traces_Problem16_prop_045_true-valid-ltl.c/lasso_trace_4.txt,TERMINATING,0.56,144.26,149.42,17.00,TERMINATING,6,185,191,Affine Template / Affine Template
ATVA2026_benchmark/TERM_LASSO//lasso_traces_Problem16_prop_046_false-valid-ltl.c/lasso_trace_4.txt,TERMINATING,0.54,153.35,157.36,17.00,TERMINATING,6,185,191,Affine Template / Affine Template
ATVA2026_benchmark/TERM_LASSO//lasso_traces_Problem16_prop_047_true-valid-ltl.c/lasso_trace_4.txt,TERMINATING,0.56,150.98,148.88,17.00,TERMINATING,6,185,191,Affine Template / Affine Template
ATVA2026_benchmark/TERM_LASSO//lasso_traces_Problem16_prop_048_false-valid-ltl.c/lasso_trace_4.txt,TERMINATING,0.54,142.80,151.19,16.00,TERMINATING,6,185,191,Affine Template / Affine Template
ATVA2026_benchmark/TERM_LASSO//lasso_traces_Problem16_prop_049_false-valid-ltl.c/lasso_trace_4.txt,TERMINATING,0.57,144.91,156.18,17.00,TERMINATING,6,185,191,Affine Template / Affine Template
ATVA2026_benchmark/TERM_LASSO//lasso_traces_Problem17_label00_true-unreach-call.c/lasso_trace_2.txt,TERMINATING,1.03,138.46,132.16,1742.00,TERMINATING,5,15,20,Affine Template / Affine Template
ATVA2026_benchmark/TERM_LASSO//lasso_traces_Problem17_prop_000_true-valid-ltl.c/lasso_trace_2.txt,TERMINATING,1.20,272.72,78.32,2438.00,TERMINATING,5,12,17,Affine Template / Affine Template
ATVA2026_benchmark/TERM_LASSO//lasso_traces_Problem17_prop_001_true-valid-ltl.c/lasso_trace_2.txt,TERMINATING,1.13,305.83,72.39,3879.00,TERMINATING,5,12,17,Affine Template / Affine Template
ATVA2026_benchmark/TERM_LASSO//lasso_traces_Problem17_prop_002_true-valid-ltl.c/lasso_trace_2.txt,TERMINATING,1.01,273.09,83.19,3178.00,TERMINATING,5,12,17,Affine Template / Affine Template
ATVA2026_benchmark/TERM_LASSO//lasso_traces_Problem17_prop_003_true-valid-ltl.c/lasso_trace_2.txt,TERMINATING,1.08,264.51,72.34,3698.00,TERMINATING,5,12,17,Affine Template / Affine Template
ATVA2026_benchmark/TERM_LASSO//lasso_traces_Problem17_prop_004_false-valid-ltl.c/lasso_trace_2.txt,TERMINATING,0.94,278.09,73.79,2809.00,TERMINATING,5,12,17,Affine Template / Affine Template
ATVA2026_benchmark/TERM_LASSO//lasso_traces_Problem17_prop_005_true-valid-ltl.c/lasso_trace_2.txt,TERMINATING,1.10,271.18,73.68,2224.00,TERMINATING,5,12,17,Affine Template / Affine Template
ATVA2026_benchmark/TERM_LASSO//lasso_traces_Problem17_prop_006_false-valid-ltl.c/lasso_trace_2.txt,TERMINATING,1.03,300.25,82.08,2885.00,TERMINATING,5,12,17,Affine Template / Affine Template
ATVA2026_benchmark/TERM_LASSO//lasso_traces_Problem17_prop_007_true-valid-ltl.c/lasso_trace_2.txt,TERMINATING,1.11,299.01,70.01,2345.00,TERMINATING,5,12,17,Affine Template / Affine Template
ATVA2026_benchmark/TERM_LASSO//lasso_traces_Problem17_prop_008_true-valid-ltl.c/lasso_trace_2.txt,TERMINATING,1.04,272.13,72.49,3294.00,TERMINATING,5,12,17,Affine Template / Affine Template
ATVA2026_benchmark/TERM_LASSO//lasso_traces_Problem17_prop_009_false-valid-ltl.c/lasso_trace_2.txt,TERMINATING,1.16,291.41,85.38,2945.00,TERMINATING,5,12,17,Affine Template / Affine Template
ATVA2026_benchmark/TERM_LASSO//lasso_traces_Problem17_prop_010_true-valid-ltl.c/lasso_trace_2.txt,TERMINATING,1.06,272.36,72.63,3101.00,TERMINATING,5,12,17,Affine Template / Affine Template
ATVA2026_benchmark/TERM_LASSO//lasso_traces_Problem17_prop_011_true-valid-ltl.c/lasso_trace_2.txt,TERMINATING,1.04,269.13,74.98,2328.00,TERMINATING,5,12,17,Affine Template / Affine Template
ATVA2026_benchmark/TERM_LASSO//lasso_traces_Problem17_prop_012_false-valid-ltl.c/lasso_trace_2.txt,TERMINATING,1.04,282.07,70.40,3542.00,TERMINATING,5,12,17,Affine Template / Affine Template
ATVA2026_benchmark/TERM_LASSO//lasso_traces_Problem17_prop_013_false-valid-ltl.c/lasso_trace_2.txt,TERMINATING,1.17,269.36,71.62,2956.00,TERMINATING,5,12,17,Affine Template / Affine Template
ATVA2026_benchmark/TERM_LASSO//lasso_traces_Problem17_prop_014_false-valid-ltl.c/lasso_trace_2.txt,TERMINATING,1.17,286.07,71.77,2513.00,TERMINATING,5,12,17,Affine Template / Affine Template
ATVA2026_benchmark/TERM_LASSO//lasso_traces_Problem17_prop_015_true-valid-ltl.c/lasso_trace_2.txt,TERMINATING,1.11,277.82,74.77,2885.00,TERMINATING,5,12,17,Affine Template / Affine Template
ATVA2026_benchmark/TERM_LASSO//lasso_traces_Problem17_prop_016_false-valid-ltl.c/lasso_trace_2.txt,TERMINATING,1.14,293.18,72.77,3508.00,TERMINATING,5,12,17,Affine Template / Affine Template
ATVA2026_benchmark/TERM_LASSO//lasso_traces_Problem17_prop_017_true-valid-ltl.c/lasso_trace_2.txt,TERMINATING,1.10,277.17,71.17,3389.00,TERMINATING,5,12,17,Affine Template / Affine Template
ATVA2026_benchmark/TERM_LASSO//lasso_traces_Problem17_prop_018_true-valid-ltl.c/lasso_trace_2.txt,TERMINATING,1.09,290.86,72.30,2396.00,TERMINATING,5,12,17,Affine Template / Affine Template
ATVA2026_benchmark/TERM_LASSO//lasso_traces_Problem17_prop_019_false-valid-ltl.c/lasso_trace_2.txt,TERMINATING,1.10,274.94,76.16,2417.00,TERMINATING,5,12,17,Affine Template / Affine Template
ATVA2026_benchmark/TERM_LASSO//lasso_traces_Problem17_prop_020_true-valid-ltl.c/lasso_trace_2.txt,TERMINATING,1.43,288.78,71.36,2406.00,TERMINATING,5,12,17,Affine Template / Affine Template
ATVA2026_benchmark/TERM_LASSO//lasso_traces_Problem17_prop_021_false-valid-ltl.c/lasso_trace_2.txt,TERMINATING,1.14,296.74,70.91,2601.00,TERMINATING,5,12,17,Affine Template / Affine Template
ATVA2026_benchmark/TERM_LASSO//lasso_traces_Problem17_prop_022_true-valid-ltl.c/lasso_trace_2.txt,TERMINATING,1.05,259.37,74.08,2896.00,TERMINATING,5,12,17,Affine Template / Affine Template
ATVA2026_benchmark/TERM_LASSO//lasso_traces_Problem17_prop_023_true-valid-ltl.c/lasso_trace_2.txt,TERMINATING,1.15,304.65,74.10,2443.00,TERMINATING,5,12,17,Affine Template / Affine Template
ATVA2026_benchmark/TERM_LASSO//lasso_traces_Problem17_prop_024_false-valid-ltl.c/lasso_trace_2.txt,TERMINATING,1.14,279.45,71.81,3403.00,TERMINATING,5,12,17,Affine Template / Affine Template
ATVA2026_benchmark/TERM_LASSO//lasso_traces_Problem17_prop_025_false-valid-ltl.c/lasso_trace_2.txt,TERMINATING,1.13,269.06,82.48,2554.00,TERMINATING,5,12,17,Affine Template / Affine Template
ATVA2026_benchmark/TERM_LASSO//lasso_traces_Problem17_prop_026_true-valid-ltl.c/lasso_trace_2.txt,TERMINATING,1.10,272.57,73.15,2234.00,TERMINATING,5,12,17,Affine Template / Affine Template
ATVA2026_benchmark/TERM_LASSO//lasso_traces_Problem17_prop_027_true-valid-ltl.c/lasso_trace_2.txt,TERMINATING,1.18,272.74,74.94,2402.00,TERMINATING,5,12,17,Affine Template / Affine Template
ATVA2026_benchmark/TERM_LASSO//lasso_traces_Problem17_prop_028_true-valid-ltl.c/lasso_trace_2.txt,TERMINATING,1.06,294.88,71.15,2176.00,TERMINATING,5,12,17,Affine Template / Affine Template
ATVA2026_benchmark/TERM_LASSO//lasso_traces_Problem17_prop_029_false-valid-ltl.c/lasso_trace_2.txt,TERMINATING,1.00,284.15,72.40,3762.00,TERMINATING,5,12,17,Affine Template / Affine Template
ATVA2026_benchmark/TERM_LASSO//lasso_traces_Problem17_prop_030_true-valid-ltl.c/lasso_trace_2.txt,TERMINATING,1.06,295.40,71.34,3069.00,TERMINATING,5,12,17,Affine Template / Affine Template
ATVA2026_benchmark/TERM_LASSO//lasso_traces_Problem17_prop_031_true-valid-ltl.c/lasso_trace_2.txt,TERMINATING,1.12,277.87,76.87,2553.00,TERMINATING,5,12,17,Affine Template / Affine Template
ATVA2026_benchmark/TERM_LASSO//lasso_traces_Problem17_prop_032_true-valid-ltl.c/lasso_trace_2.txt,TERMINATING,1.09,274.53,74.77,2849.00,TERMINATING,5,12,17,Affine Template / Affine Template
ATVA2026_benchmark/TERM_LASSO//lasso_traces_Problem17_prop_033_false-valid-ltl.c/lasso_trace_2.txt,TERMINATING,1.02,283.83,71.57,2331.00,TERMINATING,5,12,17,Affine Template / Affine Template
ATVA2026_benchmark/TERM_LASSO//lasso_traces_Problem17_prop_034_false-valid-ltl.c/lasso_trace_2.txt,TERMINATING,0.98,282.83,69.24,2261.00,TERMINATING,5,12,17,Affine Template / Affine Template
ATVA2026_benchmark/TERM_LASSO//lasso_traces_Problem17_prop_035_true-valid-ltl.c/lasso_trace_2.txt,TERMINATING,0.93,294.95,72.04,2393.00,TERMINATING,5,12,17,Affine Template / Affine Template
ATVA2026_benchmark/TERM_LASSO//lasso_traces_Problem17_prop_036_false-valid-ltl.c/lasso_trace_2.txt,TERMINATING,1.08,270.76,69.43,2322.00,TERMINATING,5,12,17,Affine Template / Affine Template
ATVA2026_benchmark/TERM_LASSO//lasso_traces_Problem17_prop_037_true-valid-ltl.c/lasso_trace_2.txt,TERMINATING,1.05,270.66,73.01,2864.00,TERMINATING,5,12,17,Affine Template / Affine Template
ATVA2026_benchmark/TERM_LASSO//lasso_traces_Problem17_prop_038_true-valid-ltl.c/lasso_trace_2.txt,TERMINATING,1.11,312.97,70.82,2796.00,TERMINATING,5,12,17,Affine Template / Affine Template
ATVA2026_benchmark/TERM_LASSO//lasso_traces_Problem17_prop_039_false-valid-ltl.c/lasso_trace_2.txt,TERMINATING,0.96,266.60,75.41,2104.00,TERMINATING,5,12,17,Affine Template / Affine Template
ATVA2026_benchmark/TERM_LASSO//lasso_traces_Problem17_prop_040_false-valid-ltl.c/lasso_trace_2.txt,TERMINATING,1.06,296.16,71.80,2269.00,TERMINATING,5,12,17,Affine Template / Affine Template
ATVA2026_benchmark/TERM_LASSO//lasso_traces_Problem17_prop_041_true-valid-ltl.c/lasso_trace_2.txt,TERMINATING,1.11,273.90,74.95,2908.00,TERMINATING,5,12,17,Affine Template / Affine Template
ATVA2026_benchmark/TERM_LASSO//lasso_traces_Problem17_prop_042_false-valid-ltl.c/lasso_trace_2.txt,TERMINATING,1.05,269.45,72.49,2350.00,TERMINATING,5,12,17,Affine Template / Affine Template
ATVA2026_benchmark/TERM_LASSO//lasso_traces_Problem17_prop_043_false-valid-ltl.c/lasso_trace_2.txt,TERMINATING,1.06,268.44,82.28,3472.00,TERMINATING,5,12,17,Affine Template / Affine Template
ATVA2026_benchmark/TERM_LASSO//lasso_traces_Problem17_prop_044_true-valid-ltl.c/lasso_trace_2.txt,TERMINATING,1.07,273.87,84.48,2407.00,TERMINATING,5,12,17,Affine Template / Affine Template
ATVA2026_benchmark/TERM_LASSO//lasso_traces_Problem17_prop_045_false-valid-ltl.c/lasso_trace_2.txt,TERMINATING,1.06,294.79,72.01,2302.00,TERMINATING,5,12,17,Affine Template / Affine Template
ATVA2026_benchmark/TERM_LASSO//lasso_traces_Problem17_prop_046_true-valid-ltl.c/lasso_trace_2.txt,TERMINATING,1.13,268.89,80.61,2735.00,TERMINATING,5,12,17,Affine Template / Affine Template
ATVA2026_benchmark/TERM_LASSO//lasso_traces_Problem17_prop_047_false-valid-ltl.c/lasso_trace_2.txt,TERMINATING,1.02,286.40,80.33,1960.00,TERMINATING,5,12,17,Affine Template / Affine Template
ATVA2026_benchmark/TERM_LASSO//lasso_traces_Problem17_prop_048_true-valid-ltl.c/lasso_trace_2.txt,TERMINATING,0.96,310.56,70.80,2176.00,TERMINATING,5,12,17,Affine Template / Affine Template
ATVA2026_benchmark/TERM_LASSO//lasso_traces_Problem17_prop_049_false-valid-ltl.c/lasso_trace_2.txt,TERMINATING,0.90,272.30,70.67,2249.00,TERMINATING,5,12,17,Affine Template / Affine Template
ATVA2026_benchmark/TERM_LASSO//lasso_traces_Problem18_label00_false-unreach-call.c/lasso_trace_3.txt,TERMINATING,0.51,66.06,54.05,24.00,TERMINATING,6,127,133,Affine Template / Affine Template
ATVA2026_benchmark/TERM_LASSO//lasso_traces_Pure2Phase-1.c/lasso_trace_1.txt,TERMINATING,3.44,123.11,86.23,10.00,TERMINATING,7,2,9,Affine Template / Affine Template
ATVA2026_benchmark/TERM_LASSO//lasso_traces_Pure2Phase-1.c/lasso_trace_2.txt,TERMINATING,0.39,109.81,122.63,10.00,TERMINATING,9,3,12,Affine Template / Affine Template
ATVA2026_benchmark/TERM_LASSO//lasso_traces_Pure2Phase-1.c/lasso_trace_3.txt,TERMINATING,0.41,86.64,115.45,11.00,TERMINATING,10,2,12,Affine Template / Affine Template
ATVA2026_benchmark/TERM_LASSO//lasso_traces_Pure2Phase-1.c/lasso_trace_4.txt,TERMINATING,0.28,28.15,38.12,11.00,TERMINATING,13,2,15,Affine Template / Affine Template
ATVA2026_benchmark/TERM_LASSO//lasso_traces_Pure2Phase-1_termination.c/lasso_trace_1.txt,TERMINATING,3.85,117.07,82.71,12.00,TERMINATING,7,2,9,Affine Template / Affine Template
ATVA2026_benchmark/TERM_LASSO//lasso_traces_Pure2Phase-1_termination.c/lasso_trace_2.txt,TERMINATING,0.47,112.26,131.22,11.00,TERMINATING,9,3,12,Affine Template / Affine Template
ATVA2026_benchmark/TERM_LASSO//lasso_traces_Pure2Phase-1_termination.c/lasso_trace_3.txt,TERMINATING,0.50,82.68,106.59,11.00,TERMINATING,10,2,12,Affine Template / Affine Template
ATVA2026_benchmark/TERM_LASSO//lasso_traces_Pure2Phase-1_termination.c/lasso_trace_4.txt,TERMINATING,0.42,31.82,40.57,10.00,TERMINATING,13,2,15,Affine Template / Affine Template
ATVA2026_benchmark/TERM_LASSO//lasso_traces_Pure2Phase-2.c/lasso_trace_1.txt,TERMINATING,2.07,107.66,57.91,24.00,TERMINATING,5,1,6,Affine Template / Affine Template
ATVA2026_benchmark/TERM_LASSO//lasso_traces_Pure2Phase-2_no-overflow.c/lasso_trace_1.txt,TERMINATING,2.12,124.62,54.99,22.00,TERMINATING,5,1,6,Affine Template / Affine Template
ATVA2026_benchmark/TERM_LASSO//lasso_traces_Pure2Phase_true-termination.c/lasso_trace_1.txt,TERMINATING,1.94,115.72,57.66,23.00,TERMINATING,5,1,6,Affine Template / Affine Template
ATVA2026_benchmark/TERM_LASSO//lasso_traces_Pure3Phase-1.c/lasso_trace_1.txt,TERMINATING,3.66,2930.97,123.47,55.00,TERMINATING,8,1,9,3-Phase Template / 3-Nested Template
ATVA2026_benchmark/TERM_LASSO//lasso_traces_Pure3Phase-1_termination.c/lasso_trace_1.txt,TERMINATING,2.32,3138.00,122.40,57.00,TERMINATING,8,1,9,3-Phase Template / 3-Nested Template
ATVA2026_benchmark/TERM_LASSO//lasso_traces_Pure3Phase-2.c/lasso_trace_1.txt,TERMINATING,2.10,3009.08,78.45,69.00,TERMINATING,5,1,6,3-Phase Template / 3-Nested Template
ATVA2026_benchmark/TERM_LASSO//lasso_traces_Pure3Phase-2_no-overflow.c/lasso_trace_1.txt,TERMINATING,2.72,3294.96,79.98,63.00,TERMINATING,5,1,6,3-Phase Template / 3-Nested Template
ATVA2026_benchmark/TERM_LASSO//lasso_traces_Pure3Phase_true-termination.c/lasso_trace_1.txt,TERMINATING,1.95,2936.67,78.65,65.00,TERMINATING,5,1,6,3-Phase Template / 3-Nested Template
ATVA2026_benchmark/TERM_LASSO//lasso_traces_qrdcmp.c.i.qrdcmp.pl.t2.fixed.t2.c/lasso_trace_1.txt,TERMINATING,2.06,171.02,371.64,18.00,TERMINATING,85,40,125,Affine Template / Affine Template
ATVA2026_benchmark/TERM_LASSO//lasso_traces_qrdcmp.c.i.qrdcmp.pl.t2.fixed.t2.c/lasso_trace_2.txt,TERMINATING,0.59,332.26,448.21,41.00,TERMINATING,123,26,149,Affine Template / Affine Template
ATVA2026_benchmark/TERM_LASSO//lasso_traces_qrdcmp.c.i.qrdcmp.pl.t2.fixed.t2.c/lasso_trace_3.txt,TERMINATING,0.49,198.56,216.52,23.00,TERMINATING,124,40,164,Affine Template / Affine Template
ATVA2026_benchmark/TERM_LASSO//lasso_traces_qrdcmp.c.i.qrdcmp.pl.t2.fixed.t2.c/lasso_trace_6.txt,TERMINATING,0.38,86.66,141.12,21.00,TERMINATING,172,35,207,Affine Template / Affine Template
ATVA2026_benchmark/TERM_LASSO//lasso_traces_qrdcmp.c.i.qrdcmp.pl.t2.nor.t2.rlgfixed.t2.c/lasso_trace_1.txt,TERMINATING,1.94,152.21,372.17,18.00,TERMINATING,85,40,125,Affine Template / Affine Template
ATVA2026_benchmark/TERM_LASSO//lasso_traces_qrdcmp.c.i.qrdcmp.pl.t2.nor.t2.rlgfixed.t2.c/lasso_trace_2.txt,TERMINATING,0.57,340.82,435.19,50.00,TERMINATING,123,26,149,Affine Template / Affine Template
ATVA2026_benchmark/TERM_LASSO//lasso_traces_qrdcmp.c.i.qrdcmp.pl.t2.nor.t2.rlgfixed.t2.c/lasso_trace_3.txt,TERMINATING,0.43,203.97,211.33,23.00,TERMINATING,124,40,164,Affine Template / Affine Template
ATVA2026_benchmark/TERM_LASSO//lasso_traces_qrdcmp.c.i.qrdcmp.pl.t2.nor.t2.rlgfixed.t2.c/lasso_trace_6.txt,TERMINATING,0.38,87.93,145.30,19.00,TERMINATING,172,35,207,Affine Template / Affine Template
ATVA2026_benchmark/TERM_LASSO//lasso_traces_qrdcmp.t2.c/lasso_trace_1.txt,TERMINATING,2.28,137.41,380.81,18.00,TERMINATING,85,40,125,Affine Template / Affine Template
ATVA2026_benchmark/TERM_LASSO//lasso_traces_qrdcmp.t2.c/lasso_trace_2.txt,TERMINATING,0.49,328.39,416.64,19.00,TERMINATING,98,26,124,Affine Template / Affine Template
ATVA2026_benchmark/TERM_LASSO//lasso_traces_queens.t2.c/lasso_trace_1.txt,TERMINATING,1.70,159.93,98.21,12.00,TERMINATING,56,13,69,Affine Template / Affine Template
ATVA2026_benchmark/TERM_LASSO//lasso_traces_queue_1000.t2.c/lasso_trace_1.txt,TERMINATING,1.74,167.37,191.80,7.00,TERMINATING,24,25,49,Affine Template / Affine Template
ATVA2026_benchmark/TERM_LASSO//lasso_traces_queue_100.t2.c/lasso_trace_1.txt,TERMINATING,1.75,160.58,195.88,8.00,TERMINATING,24,25,49,Affine Template / Affine Template
ATVA2026_benchmark/TERM_LASSO//lasso_traces_queue_10.t2.c/lasso_trace_1.txt,TERMINATING,2.07,177.71,187.93,7.00,TERMINATING,24,25,49,Affine Template / Affine Template
ATVA2026_benchmark/TERM_LASSO//lasso_traces_queue_1.t2.c/lasso_trace_1.txt,TERMINATING,1.70,160.70,193.22,9.00,TERMINATING,24,25,49,Affine Template / Affine Template
ATVA2026_benchmark/TERM_LASSO//lasso_traces_randomwalk.t2.c/lasso_trace_1.txt,TERMINATING,1.80,158.64,184.16,13.00,TERMINATING,51,38,89,Affine Template / Affine Template
ATVA2026_benchmark/TERM_LASSO//lasso_traces_randomwalk.t2.c/lasso_trace_3.txt,TERMINATING,0.36,110.37,126.11,34.00,TERMINATING,54,56,110,Affine Template / Affine Template
ATVA2026_benchmark/TERM_LASSO//lasso_traces_randomwalk.t2.c/lasso_trace_4.txt,TERMINATING,0.44,91.35,219.41,13.00,TERMINATING,89,56,145,Affine Template / Affine Template
ATVA2026_benchmark/TERM_LASSO//lasso_traces_randomwalk.t2.c/lasso_trace_7.txt,TERMINATING,0.34,94.14,143.49,14.00,TERMINATING,197,38,235,Affine Template / Affine Template
ATVA2026_benchmark/TERM_LASSO//lasso_traces_randomwalk_withassume.t2.c/lasso_trace_1.txt,TERMINATING,1.86,67.88,36.64,19.00,TERMINATING,51,43,94,Affine Template / Affine Template
ATVA2026_benchmark/TERM_LASSO//lasso_traces_randomwalk_withassume.t2.c/lasso_trace_10.txt,TERMINATING,0.59,262.60,41.11,49.00,TERMINATING,279,90,369,Affine Template / Affine Template
ATVA2026_benchmark/TERM_LASSO//lasso_traces_randomwalk_withassume.t2.c/lasso_trace_3.txt,TERMINATING,0.36,143.27,212.68,15.00,TERMINATING,135,61,196,Affine Template / Affine Template
ATVA2026_benchmark/TERM_LASSO//lasso_traces_randomwalk_withassume.t2.c/lasso_trace_4.txt,TERMINATING,0.36,103.53,139.91,21.00,TERMINATING,178,57,235,Affine Template / Affine Template
ATVA2026_benchmark/TERM_LASSO//lasso_traces_rec_counter1.c/lasso_trace_1.txt,TERMINATING,1.95,167.93,161.55,13.00,TERMINATING,7,3,10,Affine Template / Affine Template
ATVA2026_benchmark/TERM_LASSO//lasso_traces_rec_counter1.c/lasso_trace_3.txt,TERMINATING,0.31,40.12,43.03,7.00,TERMINATING,22,1,23,Affine Template / Affine Template
ATVA2026_benchmark/TERM_LASSO//lasso_traces_rec_counter1_no-overflow.c/lasso_trace_1.txt,TERMINATING,1.79,180.04,157.88,10.00,TERMINATING,7,3,10,Affine Template / Affine Template
ATVA2026_benchmark/TERM_LASSO//lasso_traces_rec_counter1_no-overflow.c/lasso_trace_3.txt,TERMINATING,0.39,37.93,49.53,6.00,TERMINATING,22,1,23,Affine Template / Affine Template
ATVA2026_benchmark/TERM_LASSO//lasso_traces_rec_counter1_true-termination.c/lasso_trace_1.txt,TERMINATING,1.78,160.70,156.51,13.00,TERMINATING,7,3,10,Affine Template / Affine Template
ATVA2026_benchmark/TERM_LASSO//lasso_traces_rec_counter1_true-termination.c/lasso_trace_3.txt,TERMINATING,0.36,46.82,38.65,7.00,TERMINATING,22,1,23,Affine Template / Affine Template
ATVA2026_benchmark/TERM_LASSO//lasso_traces_rec_counter3.c/lasso_trace_1.txt,TERMINATING,1.75,158.18,162.27,10.00,TERMINATING,7,3,10,Affine Template / Affine Template
ATVA2026_benchmark/TERM_LASSO//lasso_traces_rec_counter3.c/lasso_trace_5.txt,TERMINATING,0.36,46.81,44.63,12.00,TERMINATING,22,1,23,Affine Template / Affine Template
ATVA2026_benchmark/TERM_LASSO//lasso_traces_rec_counter3_no-overflow.c/lasso_trace_1.txt,TERMINATING,1.98,163.78,161.30,15.00,TERMINATING,7,3,10,Affine Template / Affine Template
ATVA2026_benchmark/TERM_LASSO//lasso_traces_rec_counter3_no-overflow.c/lasso_trace_5.txt,TERMINATING,0.39,44.93,40.24,6.00,TERMINATING,22,1,23,Affine Template / Affine Template
ATVA2026_benchmark/TERM_LASSO//lasso_traces_rec_counter3_true-termination.c/lasso_trace_1.txt,TERMINATING,1.78,162.52,159.65,11.00,TERMINATING,7,3,10,Affine Template / Affine Template
ATVA2026_benchmark/TERM_LASSO//lasso_traces_rec_counter3_true-termination.c/lasso_trace_5.txt,TERMINATING,0.36,45.32,39.93,7.00,TERMINATING,22,1,23,Affine Template / Affine Template
ATVA2026_benchmark/TERM_LASSO//lasso_traces_recHanoi01_true-unreach-call_true-termination.c/lasso_trace_1.txt,TERMINATING,3.39,148.17,125.65,27.00,TERMINATING,7,3,10,Affine Template / Affine Template
ATVA2026_benchmark/TERM_LASSO//lasso_traces_recHanoi02_true-termination.c/lasso_trace_1.txt,TERMINATING,1.84,64.02,60.36,10.00,TERMINATING,7,3,10,Affine Template / Affine Template
ATVA2026_benchmark/TERM_LASSO//lasso_traces_rec_malloc_ex3.c/lasso_trace_1.txt,TERMINATING,2.14,117.92,-,22.00,TERMINATING,5,13,18,Affine Template / Affine Template
ATVA2026_benchmark/TERM_LASSO//lasso_traces_rec_malloc_ex3_valid-memsafety.c/lasso_trace_1.txt,TERMINATING,2.05,121.76,-,21.00,TERMINATING,5,13,18,Affine Template / Affine Template
ATVA2026_benchmark/TERM_LASSO//lasso_traces_RecursiveMultiplication-1.c/lasso_trace_1.txt,TERMINATING,3.05,158.25,114.28,7.00,TERMINATING,8,3,11,Affine Template / Affine Template
ATVA2026_benchmark/TERM_LASSO//lasso_traces_RecursiveMultiplication-1.c/lasso_trace_2.txt,TERMINATING,0.53,60.69,69.28,13.00,TERMINATING,10,4,14,Affine Template / Affine Template
ATVA2026_benchmark/TERM_LASSO//lasso_traces_RecursiveMultiplication-1_termination.c/lasso_trace_1.txt,TERMINATING,8.19,761.95,879.71,7.00,TERMINATING,8,3,11,Affine Template / Affine Template
ATVA2026_benchmark/TERM_LASSO//lasso_traces_RecursiveMultiplication-1_termination.c/lasso_trace_2.txt,TERMINATING,5.26,312.66,319.49,13.00,TERMINATING,10,4,14,Affine Template / Affine Template
ATVA2026_benchmark/TERM_LASSO//lasso_traces_RecursiveMultiplication-2.c/lasso_trace_1.txt,TERMINATING,2.04,176.43,102.59,10.00,TERMINATING,6,3,9,Affine Template / Affine Template
ATVA2026_benchmark/TERM_LASSO//lasso_traces_RecursiveMultiplication-2.c/lasso_trace_2.txt,TERMINATING,0.44,50.48,58.27,13.00,TERMINATING,8,4,12,Affine Template / Affine Template
ATVA2026_benchmark/TERM_LASSO//lasso_traces_RecursiveMultiplication-2_no-overflow.c/lasso_trace_1.txt,TERMINATING,11.35,840.16,661.22,9.00,TERMINATING,6,3,9,Affine Template / Affine Template
ATVA2026_benchmark/TERM_LASSO//lasso_traces_RecursiveMultiplication-2_no-overflow.c/lasso_trace_2.txt,TERMINATING,0.74,101.23,68.10,13.00,TERMINATING,8,4,12,Affine Template / Affine Template
ATVA2026_benchmark/TERM_LASSO//lasso_traces_RecursiveMultiplication_true-termination.c/lasso_trace_1.txt,TERMINATING,1.84,163.87,102.97,10.00,TERMINATING,6,3,9,Affine Template / Affine Template
ATVA2026_benchmark/TERM_LASSO//lasso_traces_RecursiveMultiplication_true-termination.c/lasso_trace_2.txt,TERMINATING,0.42,51.92,55.04,13.00,TERMINATING,8,4,12,Affine Template / Affine Template
ATVA2026_benchmark/TERM_LASSO//lasso_traces_refine_disj_problem.t2.c/lasso_trace_1.txt,TERMINATING,1.96,138.92,140.37,9.00,TERMINATING,20,18,38,Affine Template / Affine Template
ATVA2026_benchmark/TERM_LASSO//lasso_traces_reverse-bits1.c/lasso_trace_3.txt,TERMINATING,1.04,173.31,162.05,76.00,TERMINATING,8,1,9,Affine Template / Affine Template
ATVA2026_benchmark/TERM_LASSO//lasso_traces_reverse-bits1_termination.c/lasso_trace_3.txt,TERMINATING,1.29,175.07,158.10,81.00,TERMINATING,8,1,9,Affine Template / Affine Template
ATVA2026_benchmark/TERM_LASSO//lasso_traces_reverse_div4.t2.c/lasso_trace_1.txt,TERMINATING,1.91,178.10,216.70,43.00,TERMINATING,231,43,274,Affine Template / Affine Template
ATVA2026_benchmark/TERM_LASSO//lasso_traces_reverse_seg_cyclic.t2.c/lasso_trace_1.txt,TERMINATING,2.19,81.59,66.24,40.00,TERMINATING,331,39,370,Affine Template / Affine Template
ATVA2026_benchmark/TERM_LASSO//lasso_traces_reverse_seg_cyclic.t2.c/lasso_trace_2.txt,TERMINATING,0.71,788.17,405.48,79.00,TERMINATING,487,139,626,Affine Template / Affine Template
ATVA2026_benchmark/TERM_LASSO//lasso_traces_reverse.t2.c/lasso_trace_1.txt,TERMINATING,2.26,1008.24,1233.30,41.00,TERMINATING,359,43,402,Affine Template / Affine Template
ATVA2026_benchmark/TERM_LASSO//lasso_traces_reverse.t2.c/lasso_trace_2.txt,TERMINATING,0.67,822.42,1082.00,65.00,TERMINATING,489,133,622,Affine Template / Affine Template
ATVA2026_benchmark/TERM_LASSO//lasso_traces_rev_nt2.t2.c/lasso_trace_1.txt,TERMINATING,1.95,140.38,151.45,32.00,TERMINATING,228,41,269,Affine Template / Affine Template
ATVA2026_benchmark/TERM_LASSO//lasso_traces_rev_nt3.t2.c/lasso_trace_1.txt,TERMINATING,1.90,361.73,608.56,32.00,TERMINATING,228,33,261,Affine Template / Affine Template
ATVA2026_benchmark/TERM_LASSO//lasso_traces_rlft3.c.i.rlft3.pl.t2.fixed.t2.c/lasso_trace_1.txt,TERMINATING,1.84,289.21,358.39,24.00,TERMINATING,129,31,160,Affine Template / Affine Template
ATVA2026_benchmark/TERM_LASSO//lasso_traces_rlft3.c.i.rlft3.pl.t2.fixed.t2.c/lasso_trace_2.txt,TERMINATING,0.97,165.81,245.95,61.00,TERMINATING,132,38,170,Affine Template / Affine Template
ATVA2026_benchmark/TERM_LASSO//lasso_traces_rlft3.t2.c/lasso_trace_1.txt,TERMINATING,3.16,291.31,354.79,22.00,TERMINATING,129,31,160,Affine Template / Affine Template
ATVA2026_benchmark/TERM_LASSO//lasso_traces_rlft3.t2.c/lasso_trace_2.txt,TERMINATING,0.82,160.52,232.72,64.00,TERMINATING,132,38,170,Affine Template / Affine Template
ATVA2026_benchmark/TERM_LASSO//lasso_traces_s1-saved.t2.c/lasso_trace_1.txt,TERMINATING,1.93,488.42,601.37,36.00,TERMINATING,247,31,278,Affine Template / Affine Template
ATVA2026_benchmark/TERM_LASSO//lasso_traces_s1-saved.t2.c/lasso_trace_2.txt,TERMINATING,0.55,646.47,884.31,46.00,TERMINATING,314,85,399,Affine Template / Affine Template
ATVA2026_benchmark/TERM_LASSO//lasso_traces_s3_clnt_1_false-unreach-call.cil.c/lasso_trace_1.txt,TERMINATING,2.53,640.85,736.25,1748.00,TERMINATING,7,9,16,Affine Template / Affine Template
ATVA2026_benchmark/TERM_LASSO//lasso_traces_s3_clnt_1_false-unreach-call.cil.c/lasso_trace_20.txt,TERMINATING,1.31,806.57,252.51,-,TIMEOUT,51,138,189,Affine Template
ATVA2026_benchmark/TERM_LASSO//lasso_traces_s3-work.t2.c/lasso_trace_1.txt,TERMINATING,2.04,762.22,1110.68,55.00,TERMINATING,443,31,474,Affine Template / Affine Template
ATVA2026_benchmark/TERM_LASSO//lasso_traces_s3-work.t2.c/lasso_trace_10.txt,TERMINATING,0.52,1265.87,1615.49,66.00,TERMINATING,936,99,1035,Affine Template / Affine Template
ATVA2026_benchmark/TERM_LASSO//lasso_traces_s3-work.t2.c/lasso_trace_2.txt,TERMINATING,0.90,927.62,1275.88,52.00,TERMINATING,453,90,543,Affine Template / Affine Template
ATVA2026_benchmark/TERM_LASSO//lasso_traces_s3-work.t2.c/lasso_trace_3.txt,TERMINATING,0.97,363.59,493.18,54.00,TERMINATING,490,89,579,Affine Template / Affine Template
ATVA2026_benchmark/TERM_LASSO//lasso_traces_s3-work.t2.c/lasso_trace_4.txt,TERMINATING,0.64,818.54,1102.88,66.00,TERMINATING,574,99,673,Affine Template / Affine Template
ATVA2026_benchmark/TERM_LASSO//lasso_traces_s3-work.t2.c/lasso_trace_9.txt,TERMINATING,0.53,407.38,563.00,75.00,TERMINATING,755,99,854,Affine Template / Affine Template
ATVA2026_benchmark/TERM_LASSO//lasso_traces_sas1.t2.c/lasso_trace_1.txt,TERMINATING,1.94,149.22,186.51,8.00,TERMINATING,28,31,59,Affine Template / Affine Template
ATVA2026_benchmark/TERM_LASSO//lasso_traces_sas1.t2.c/lasso_trace_2.txt,TERMINATING,0.41,211.05,209.14,35.00,TERMINATING,44,30,74,Affine Template / Affine Template
ATVA2026_benchmark/TERM_LASSO//lasso_traces_sas1.t2.c/lasso_trace_6.txt,TERMINATING,0.35,207.81,279.73,35.00,TERMINATING,150,124,274,Affine Template / Affine Template
ATVA2026_benchmark/TERM_LASSO//lasso_traces_sas2.t2.c/lasso_trace_13.txt,TERMINATING,0.43,356.83,428.53,49.00,TERMINATING,209,49,258,Affine Template / Affine Template
ATVA2026_benchmark/TERM_LASSO//lasso_traces_sas2.t2.c/lasso_trace_3.txt,TERMINATING,0.65,74.00,164.03,40.00,TERMINATING,81,51,132,Affine Template / Affine Template
ATVA2026_benchmark/TERM_LASSO//lasso_traces_selectSort.t2.c/lasso_trace_1.txt,TERMINATING,1.94,151.43,146.11,8.00,TERMINATING,48,13,61,Affine Template / Affine Template
ATVA2026_benchmark/TERM_LASSO//lasso_traces_selectSort.t2.c/lasso_trace_5.txt,TERMINATING,0.25,39.99,93.06,10.00,TERMINATING,96,21,117,Affine Template / Affine Template
ATVA2026_benchmark/TERM_LASSO//lasso_traces_select.t2.c/lasso_trace_8.txt,TERMINATING,0.38,317.26,611.24,20.00,TERMINATING,133,69,202,Affine Template / Affine Template
ATVA2026_benchmark/TERM_LASSO//lasso_traces_seq2.t2.c/lasso_trace_1.txt,TERMINATING,1.91,73.83,90.50,7.00,TERMINATING,16,9,25,Affine Template / Affine Template
ATVA2026_benchmark/TERM_LASSO//lasso_traces_seq.t2.c/lasso_trace_1.txt,TERMINATING,2.14,81.84,85.09,7.00,TERMINATING,16,9,25,Affine Template / Affine Template
ATVA2026_benchmark/TERM_LASSO//lasso_traces_Sequence.c/lasso_trace_1.txt,TERMINATING,2.16,88.02,92.09,10.00,TERMINATING,5,1,6,Affine Template / Affine Template
ATVA2026_benchmark/TERM_LASSO//lasso_traces_Sequence_no-overflow.c/lasso_trace_1.txt,TERMINATING,10.41,165.49,146.60,9.00,TERMINATING,5,1,6,Affine Template / Affine Template
ATVA2026_benchmark/TERM_LASSO//lasso_traces_simple_array_inversion.t2.c/lasso_trace_1.txt,TERMINATING,1.85,61.54,81.82,5.00,TERMINATING,16,13,29,Affine Template / Affine Template
ATVA2026_benchmark/TERM_LASSO//lasso_traces_simple_control_on_input.t2.c/lasso_trace_1.txt,TERMINATING,1.80,94.00,33.53,6.00,TERMINATING,29,13,42,Affine Template / Affine Template
ATVA2026_benchmark/TERM_LASSO//lasso_traces_SimpleDeepBug.c/lasso_trace_1.txt,TERMINATING,1.82,43.96,35.60,6.00,TERMINATING,5,1,6,Affine Template / Affine Template
ATVA2026_benchmark/TERM_LASSO//lasso_traces_simpleWhile.t2.c/lasso_trace_1.txt,TERMINATING,1.99,76.84,158.51,9.00,TERMINATING,28,21,49,Affine Template / Affine Template
ATVA2026_benchmark/TERM_LASSO//lasso_traces_singleLine.c/lasso_trace_1.txt,TERMINATING,2.52,94.84,37.75,9.00,TERMINATING,5,1,6,Affine Template / Affine Template
ATVA2026_benchmark/TERM_LASSO//lasso_traces_slayer-1-filtered.t2.c/lasso_trace_1.txt,TERMINATING,1.94,450.37,577.16,30.00,TERMINATING,261,31,292,Affine Template / Affine Template
ATVA2026_benchmark/TERM_LASSO//lasso_traces_slayer-1-filtered.t2.c/lasso_trace_2.txt,TERMINATING,0.51,307.42,411.78,42.00,TERMINATING,319,62,381,Affine Template / Affine Template
ATVA2026_benchmark/TERM_LASSO//lasso_traces_slayer-1-filtered.t2.c/lasso_trace_3.txt,TERMINATING,0.59,561.78,653.00,34.00,TERMINATING,412,69,481,Affine Template / Affine Template
ATVA2026_benchmark/TERM_LASSO//lasso_traces_slayer-1-rf.t2.c/lasso_trace_1.txt,TERMINATING,2.11,840.14,720.29,33.00,TERMINATING,311,18,329,Affine Template / Affine Template
ATVA2026_benchmark/TERM_LASSO//lasso_traces_slayer-1-rf.t2.c/lasso_trace_2.txt,TERMINATING,0.58,210.18,276.28,41.00,TERMINATING,375,48,423,Affine Template / Affine Template
ATVA2026_benchmark/TERM_LASSO//lasso_traces_slayer-1-rf.t2.c/lasso_trace_3.txt,TERMINATING,0.48,971.35,1322.61,49.00,TERMINATING,446,41,487,Affine Template / Affine Template
ATVA2026_benchmark/TERM_LASSO//lasso_traces_slayer-2-filtered.t2.c/lasso_trace_1.txt,TERMINATING,1.85,59.38,49.57,9.00,TERMINATING,34,20,54,Affine Template / Affine Template
ATVA2026_benchmark/TERM_LASSO//lasso_traces_slayer-3-filtered.t2.c/lasso_trace_1.txt,TERMINATING,2.06,197.23,34.05,55.00,TERMINATING,529,31,560,Affine Template / Affine Template
ATVA2026_benchmark/TERM_LASSO//lasso_traces_slayer-3-filtered.t2.c/lasso_trace_10.txt,TERMINATING,0.67,644.92,914.24,85.00,TERMINATING,845,89,934,Affine Template / Affine Template
ATVA2026_benchmark/TERM_LASSO//lasso_traces_slayer-3-filtered.t2.c/lasso_trace_2.txt,TERMINATING,0.84,824.54,1040.10,67.00,TERMINATING,529,58,587,Affine Template / Affine Template
ATVA2026_benchmark/TERM_LASSO//lasso_traces_slayer-3-filtered.t2.c/lasso_trace_3.txt,TERMINATING,0.66,319.08,429.76,77.00,TERMINATING,576,61,637,Affine Template / Affine Template
ATVA2026_benchmark/TERM_LASSO//lasso_traces_slayer-3-filtered.t2.c/lasso_trace_4.txt,TERMINATING,0.56,171.82,174.88,82.00,TERMINATING,638,76,714,Affine Template / Affine Template
ATVA2026_benchmark/TERM_LASSO//lasso_traces_slayer-3-filtered.t2.c/lasso_trace_5.txt,TERMINATING,0.61,86.77,114.44,58.00,TERMINATING,688,76,764,Affine Template / Affine Template
ATVA2026_benchmark/TERM_LASSO//lasso_traces_slayer-3-filtered.t2.c/lasso_trace_6.txt,TERMINATING,0.54,156.60,73.44,60.00,TERMINATING,759,76,835,Affine Template / Affine Template
ATVA2026_benchmark/TERM_LASSO//lasso_traces_slayer-3-filtered.t2.c/lasso_trace_7.txt,TERMINATING,0.68,698.49,991.22,82.00,TERMINATING,730,72,802,Affine Template / Affine Template
ATVA2026_benchmark/TERM_LASSO//lasso_traces_slayer-3-filtered.t2.c/lasso_trace_8.txt,TERMINATING,0.81,205.69,240.87,107.00,TERMINATING,744,130,874,Affine Template / Affine Template
ATVA2026_benchmark/TERM_LASSO//lasso_traces_slayer-3-new.t2.c/lasso_trace_1.txt,TERMINATING,2.16,321.19,458.47,62.00,TERMINATING,520,57,577,Affine Template / Affine Template
ATVA2026_benchmark/TERM_LASSO//lasso_traces_slayer-3-new.t2.c/lasso_trace_10.txt,TERMINATING,0.77,600.53,815.34,105.00,TERMINATING,775,183,958,Affine Template / Affine Template
ATVA2026_benchmark/TERM_LASSO//lasso_traces_slayer-3-new.t2.c/lasso_trace_11.txt,TERMINATING,0.83,287.57,357.34,113.00,TERMINATING,869,93,962,Affine Template / Affine Template
ATVA2026_benchmark/TERM_LASSO//lasso_traces_slayer-3-new.t2.c/lasso_trace_13.txt,TERMINATING,0.64,2117.37,2719.19,100.00,TERMINATING,929,130,1059,Affine Template / Affine Template
ATVA2026_benchmark/TERM_LASSO//lasso_traces_slayer-3-new.t2.c/lasso_trace_4.txt,TERMINATING,0.79,485.94,619.63,72.00,TERMINATING,615,89,704,Affine Template / Affine Template
ATVA2026_benchmark/TERM_LASSO//lasso_traces_slayer-3-new.t2.c/lasso_trace_9.txt,TERMINATING,0.91,113.78,165.41,94.00,TERMINATING,770,108,878,Affine Template / Affine Template
ATVA2026_benchmark/TERM_LASSO//lasso_traces_slayer-3.t2.c/lasso_trace_1.txt,TERMINATING,2.00,171.64,48.04,54.00,TERMINATING,529,31,560,Affine Template / Affine Template
ATVA2026_benchmark/TERM_LASSO//lasso_traces_slayer-3.t2.c/lasso_trace_10.txt,TERMINATING,0.88,69.81,350.29,117.00,TERMINATING,808,195,1003,Affine Template / Affine Template
ATVA2026_benchmark/TERM_LASSO//lasso_traces_slayer-3.t2.c/lasso_trace_11.txt,TERMINATING,0.74,1935.49,520.63,119.00,TERMINATING,908,99,1007,Affine Template / Affine Template
ATVA2026_benchmark/TERM_LASSO//lasso_traces_slayer-3.t2.c/lasso_trace_2.txt,TERMINATING,0.73,833.46,1003.80,62.00,TERMINATING,529,94,623,Affine Template / Affine Template
ATVA2026_benchmark/TERM_LASSO//lasso_traces_slayer-3.t2.c/lasso_trace_3.txt,TERMINATING,0.71,373.57,524.86,68.00,TERMINATING,576,93,669,Affine Template / Affine Template
ATVA2026_benchmark/TERM_LASSO//lasso_traces_slayer-3.t2.c/lasso_trace_4.txt,TERMINATING,0.58,324.44,401.14,81.00,TERMINATING,656,99,755,Affine Template / Affine Template
ATVA2026_benchmark/TERM_LASSO//lasso_traces_slayer-3.t2.c/lasso_trace_9.txt,TERMINATING,1.11,1466.01,1929.39,121.00,TERMINATING,803,114,917,Affine Template / Affine Template
ATVA2026_benchmark/TERM_LASSO//lasso_traces_slayer-4-filtered.t2.c/lasso_trace_1.txt,TERMINATING,2.49,4078.39,5526.23,165.00,TERMINATING,1745,31,1776,Affine Template / Affine Template
ATVA2026_benchmark/TERM_LASSO//lasso_traces_slayer-n1-filtered.t2.c/lasso_trace_1.txt,TERMINATING,1.58,632.71,658.93,32.00,TERMINATING,221,31,252,Affine Template / Affine Template
ATVA2026_benchmark/TERM_LASSO//lasso_traces_slayer-n1.t2.c/lasso_trace_1.txt,TERMINATING,1.87,634.79,605.09,32.00,TERMINATING,221,31,252,Affine Template / Affine Template
ATVA2026_benchmark/TERM_LASSO//lasso_traces_slayer-n2-filtered.t2.c/lasso_trace_1.txt,TERMINATING,1.88,142.95,156.12,8.00,TERMINATING,34,20,54,Affine Template / Affine Template
ATVA2026_benchmark/TERM_LASSO//lasso_traces_slayer-n2.t2.c/lasso_trace_1.txt,TERMINATING,1.83,149.08,155.97,10.00,TERMINATING,34,20,54,Affine Template / Affine Template
ATVA2026_benchmark/TERM_LASSO//lasso_traces_slayer-n5-filtered.t2.c/lasso_trace_1.txt,TERMINATING,2.04,339.05,133.81,42.00,TERMINATING,411,18,429,Affine Template / Affine Template
ATVA2026_benchmark/TERM_LASSO//lasso_traces_smagilla-succeed.t2.c/lasso_trace_1.txt,TERMINATING,1.90,215.82,216.18,11.00,TERMINATING,37,19,56,Affine Template / Affine Template
ATVA2026_benchmark/TERM_LASSO//lasso_traces_smagillb-succeed.t2.c/lasso_trace_1.txt,TERMINATING,2.27,249.00,286.54,15.00,TERMINATING,56,19,75,Affine Template / Affine Template
ATVA2026_benchmark/TERM_LASSO//lasso_traces_smagillc-fail.t2.c/lasso_trace_1.txt,TERMINATING,1.84,129.45,47.95,13.00,TERMINATING,41,19,60,Affine Template / Affine Template
ATVA2026_benchmark/TERM_LASSO//lasso_traces_smagillc-succeed.t2.c/lasso_trace_1.txt,TERMINATING,1.72,120.99,48.01,11.00,TERMINATING,41,19,60,Affine Template / Affine Template
ATVA2026_benchmark/TERM_LASSO//lasso_traces_smtinterpol-bug-wrong-interpolants-03.c/lasso_trace_1.txt,TERMINATING,1.91,281.78,-,54.00,TERMINATING,7,4,11,Affine Template / Affine Template
ATVA2026_benchmark/TERM_LASSO//lasso_traces_sort.t2.c/lasso_trace_1.txt,TERMINATING,1.85,76.21,61.42,12.00,TERMINATING,68,13,81,Affine Template / Affine Template
ATVA2026_benchmark/TERM_LASSO//lasso_traces_soundness-bug-1.c/lasso_trace_1.txt,TERMINATING,2.05,66.80,64.89,6.00,TERMINATING,6,1,7,Affine Template / Affine Template
ATVA2026_benchmark/TERM_LASSO//lasso_traces_spctrm.c.i.spctrm.pl.t2.fixed.t2.c/lasso_trace_1.txt,TERMINATING,2.44,89.45,38.72,26.00,TERMINATING,124,34,158,Affine Template / Affine Template
ATVA2026_benchmark/TERM_LASSO//lasso_traces_spctrm.c.i.spctrm.pl.t2.fixed.t2.c/lasso_trace_2.txt,TERMINATING,0.61,432.84,323.44,23.00,TERMINATING,133,13,146,Affine Template / Affine Template
ATVA2026_benchmark/TERM_LASSO//lasso_traces_spctrm.c.i.spctrm.pl.t2.fixed.t2.c/lasso_trace_3.txt,TERMINATING,0.59,597.77,625.43,27.00,TERMINATING,148,82,230,Affine Template / Affine Template
ATVA2026_benchmark/TERM_LASSO//lasso_traces_spctrm.c.i.spctrm.pl.t2.fixed.t2.c/lasso_trace_4.txt,TERMINATING,0.50,66.51,466.39,26.00,TERMINATING,161,32,193,Affine Template / Affine Template
ATVA2026_benchmark/TERM_LASSO//lasso_traces_spctrm.c.i.spctrm.pl.t2.fixed.t2.c/lasso_trace_5.txt,TERMINATING,0.60,133.68,149.24,20.00,TERMINATING,180,13,193,Affine Template / Affine Template
ATVA2026_benchmark/TERM_LASSO//lasso_traces_spctrm.c.i.spctrm.pl.t2.fixed.t2.c/lasso_trace_6.txt,TERMINATING,0.93,87.85,143.95,88.00,TERMINATING,176,82,258,Affine Template / Affine Template
ATVA2026_benchmark/TERM_LASSO//lasso_traces_spctrm.c.i.spctrm.pl.t2.nor.t2.rlgfixed.t2.c/lasso_trace_1.txt,TERMINATING,2.27,95.21,41.19,25.00,TERMINATING,124,34,158,Affine Template / Affine Template
ATVA2026_benchmark/TERM_LASSO//lasso_traces_spctrm.c.i.spctrm.pl.t2.nor.t2.rlgfixed.t2.c/lasso_trace_2.txt,TERMINATING,0.57,403.66,329.70,22.00,TERMINATING,133,13,146,Affine Template / Affine Template
ATVA2026_benchmark/TERM_LASSO//lasso_traces_spctrm.c.i.spctrm.pl.t2.nor.t2.rlgfixed.t2.c/lasso_trace_3.txt,TERMINATING,0.54,536.62,573.10,26.00,TERMINATING,148,82,230,Affine Template / Affine Template
ATVA2026_benchmark/TERM_LASSO//lasso_traces_spctrm.c.i.spctrm.pl.t2.nor.t2.rlgfixed.t2.c/lasso_trace_4.txt,TERMINATING,0.46,63.77,484.09,28.00,TERMINATING,161,32,193,Affine Template / Affine Template
ATVA2026_benchmark/TERM_LASSO//lasso_traces_spctrm.c.i.spctrm.pl.t2.nor.t2.rlgfixed.t2.c/lasso_trace_5.txt,TERMINATING,0.45,122.90,153.00,21.00,TERMINATING,180,13,193,Affine Template / Affine Template
ATVA2026_benchmark/TERM_LASSO//lasso_traces_spctrm.c.i.spctrm.pl.t2.nor.t2.rlgfixed.t2.c/lasso_trace_6.txt,TERMINATING,0.60,88.17,138.23,70.00,TERMINATING,176,82,258,Affine Template / Affine Template
ATVA2026_benchmark/TERM_LASSO//lasso_traces_spctrm.t2.c/lasso_trace_1.txt,TERMINATING,2.26,97.98,33.69,20.00,TERMINATING,124,34,158,Affine Template / Affine Template
ATVA2026_benchmark/TERM_LASSO//lasso_traces_spctrm.t2.c/lasso_trace_2.txt,TERMINATING,0.50,427.03,334.80,23.00,TERMINATING,133,13,146,Affine Template / Affine Template
ATVA2026_benchmark/TERM_LASSO//lasso_traces_spctrm.t2.c/lasso_trace_3.txt,TERMINATING,0.51,536.49,593.59,40.00,TERMINATING,148,82,230,Affine Template / Affine Template
ATVA2026_benchmark/TERM_LASSO//lasso_traces_spctrm.t2.c/lasso_trace_4.txt,TERMINATING,0.38,88.47,517.19,28.00,TERMINATING,161,32,193,Affine Template / Affine Template
ATVA2026_benchmark/TERM_LASSO//lasso_traces_spctrm.t2.c/lasso_trace_5.txt,TERMINATING,0.49,108.84,142.71,20.00,TERMINATING,180,13,193,Affine Template / Affine Template
ATVA2026_benchmark/TERM_LASSO//lasso_traces_spctrm.t2.c/lasso_trace_6.txt,TERMINATING,0.68,83.98,129.09,72.00,TERMINATING,176,82,258,Affine Template / Affine Template
ATVA2026_benchmark/TERM_LASSO//lasso_traces_spiral.t2.c/lasso_trace_12.txt,TERMINATING,0.36,119.64,89.71,26.00,TERMINATING,69,28,97,Affine Template / 2-Nested Template
ATVA2026_benchmark/TERM_LASSO//lasso_traces_spiral.t2.c/lasso_trace_3.txt,TERMINATING,1.76,131.07,147.09,9.00,TERMINATING,20,20,40,Affine Template / Affine Template
ATVA2026_benchmark/TERM_LASSO//lasso_traces_spiral.t2.c/lasso_trace_4.txt,TERMINATING,0.39,51.17,92.82,7.00,TERMINATING,24,20,44,Affine Template / Affine Template
ATVA2026_benchmark/TERM_LASSO//lasso_traces_spiral.t2.c/lasso_trace_5.txt,TERMINATING,0.38,52.85,95.60,7.00,TERMINATING,24,24,48,Affine Template / Affine Template
ATVA2026_benchmark/TERM_LASSO//lasso_traces_spiral.t2.c/lasso_trace_6.txt,TERMINATING,0.35,124.53,152.34,7.00,TERMINATING,25,24,49,Affine Template / Affine Template
ATVA2026_benchmark/TERM_LASSO//lasso_traces_spiral.t2.c/lasso_trace_7.txt,TERMINATING,0.51,125.64,129.05,27.00,TERMINATING,27,36,63,Affine Template / Affine Template
ATVA2026_benchmark/TERM_LASSO//lasso_traces_spiral.t2.c/lasso_trace_8.txt,TERMINATING,0.31,47.12,90.41,8.00,TERMINATING,33,32,65,Affine Template / Affine Template
ATVA2026_benchmark/TERM_LASSO//lasso_traces_spiral.t2.c/lasso_trace_9.txt,TERMINATING,0.32,116.03,74.62,19.00,TERMINATING,41,24,65,Affine Template / Affine Template
ATVA2026_benchmark/TERM_LASSO//lasso_traces_st88.t2.c/lasso_trace_5.txt,TERMINATING,1.50,105.27,153.25,10.00,TERMINATING,24,84,108,Affine Template / Affine Template
ATVA2026_benchmark/TERM_LASSO//lasso_traces_statemate.t2.c/lasso_trace_8.txt,TERMINATING,1.71,97.24,52.55,266.00,TERMINATING,507,173,680,Affine Template / Affine Template
ATVA2026_benchmark/TERM_LASSO//lasso_traces_StaticModifierLocalPrimitives.c/lasso_trace_2.txt,TERMINATING,2.07,76.35,85.16,20.00,TERMINATING,5,13,18,Affine Template / Affine Template
ATVA2026_benchmark/TERM_LASSO//lasso_traces_Stockholm-1.c/lasso_trace_1.txt,TERMINATING,1.95,113.49,52.71,11.00,TERMINATING,9,1,10,Affine Template / Affine Template
ATVA2026_benchmark/TERM_LASSO//lasso_traces_Stockholm-1_no-overflow.c/lasso_trace_1.txt,TERMINATING,5.24,172.87,88.90,12.00,TERMINATING,9,1,10,Affine Template / Affine Template
ATVA2026_benchmark/TERM_LASSO//lasso_traces_Stockholm-2.c/lasso_trace_1.txt,TERMINATING,2.32,119.11,61.85,12.00,TERMINATING,6,1,7,Affine Template / Affine Template
ATVA2026_benchmark/TERM_LASSO//lasso_traces_Stockholm-2_no-overflow.c/lasso_trace_1.txt,TERMINATING,2.85,150.94,79.82,12.00,TERMINATING,6,1,7,Affine Template / Affine Template
ATVA2026_benchmark/TERM_LASSO//lasso_traces_Stockholm_true-termination.c/lasso_trace_1.txt,TERMINATING,1.81,123.88,63.73,12.00,TERMINATING,6,1,7,Affine Template / Affine Template
ATVA2026_benchmark/TERM_LASSO//lasso_traces_streamserver.bug.t2.c/lasso_trace_1.txt,TERMINATING,1.87,583.17,96.81,24.00,TERMINATING,154,44,198,Affine Template / Affine Template
ATVA2026_benchmark/TERM_LASSO//lasso_traces_streamserver.bug.t2.c/lasso_trace_2.txt,TERMINATING,0.44,268.68,504.52,20.00,TERMINATING,178,22,200,Affine Template / Affine Template
ATVA2026_benchmark/TERM_LASSO//lasso_traces_streamserver.bug.t2.c/lasso_trace_4.txt,TERMINATING,0.37,413.68,471.67,21.00,TERMINATING,182,22,204,Affine Template / Affine Template
ATVA2026_benchmark/TERM_LASSO//lasso_traces_streamserver.bug.t2.c/lasso_trace_5.txt,TERMINATING,0.59,88.66,95.99,21.00,TERMINATING,185,22,207,Affine Template / Affine Template
ATVA2026_benchmark/TERM_LASSO//lasso_traces_streamserver-succeed.t2.c/lasso_trace_1.txt,TERMINATING,1.85,412.43,801.78,21.00,TERMINATING,160,39,199,Affine Template / Affine Template
ATVA2026_benchmark/TERM_LASSO//lasso_traces_sudoku.t2.c/lasso_trace_2.txt,TERMINATING,0.50,217.76,289.92,50.00,TERMINATING,115,39,154,Affine Template / Affine Template
ATVA2026_benchmark/TERM_LASSO//lasso_traces_sudoku.t2.c/lasso_trace_3.txt,TERMINATING,0.37,308.83,408.43,20.00,TERMINATING,116,56,172,Affine Template / Affine Template
ATVA2026_benchmark/TERM_LASSO//lasso_traces_sudoku.t2.c/lasso_trace_4.txt,TERMINATING,0.36,362.05,430.83,52.00,TERMINATING,119,73,192,Affine Template / Affine Template
ATVA2026_benchmark/TERM_LASSO//lasso_traces_sudoku.t2.c/lasso_trace_5.txt,TERMINATING,0.35,373.95,480.48,17.00,TERMINATING,120,90,210,Affine Template / Affine Template
ATVA2026_benchmark/TERM_LASSO//lasso_traces_sudoku.t2.c/lasso_trace_7.txt,TERMINATING,0.49,340.16,459.76,52.00,TERMINATING,123,107,230,Affine Template / Affine Template
ATVA2026_benchmark/TERM_LASSO//lasso_traces_sudoku.t2.c/lasso_trace_8.txt,TERMINATING,0.37,300.76,399.16,23.00,TERMINATING,124,124,248,Affine Template / Affine Template
ATVA2026_benchmark/TERM_LASSO//lasso_traces_sudoku.t2.c/lasso_trace_9.txt,TERMINATING,0.41,66.71,40.90,18.00,TERMINATING,125,141,266,Affine Template / Affine Template
ATVA2026_benchmark/TERM_LASSO//lasso_traces_sum_2x3_false-unreach-call.c/lasso_trace_1.txt,TERMINATING,2.14,88.14,75.79,7.00,TERMINATING,6,3,9,Affine Template / Affine Template
ATVA2026_benchmark/TERM_LASSO//lasso_traces_sumit.t2.c/lasso_trace_1.txt,TERMINATING,1.58,173.07,102.11,11.00,TERMINATING,30,35,65,Affine Template / Affine Template
ATVA2026_benchmark/TERM_LASSO//lasso_traces_sumit.t2.c/lasso_trace_2.txt,TERMINATING,0.80,66.41,146.43,33.00,TERMINATING,67,39,106,Affine Template / Affine Template
ATVA2026_benchmark/TERM_LASSO//lasso_traces_sumit.t2.c/lasso_trace_5.txt,TERMINATING,0.33,163.86,208.87,13.00,TERMINATING,103,39,142,Affine Template / Affine Template
ATVA2026_benchmark/TERM_LASSO//lasso_traces_sumit.t2.c/lasso_trace_8.txt,TERMINATING,0.35,67.38,65.11,37.00,TERMINATING,145,43,188,Affine Template / Affine Template
ATVA2026_benchmark/TERM_LASSO//lasso_traces_svcomp_a.01.c/lasso_trace_2.txt,TERMINATING,2.16,51.33,111.94,6.00,TERMINATING,7,3,10,Affine Template / Affine Template
ATVA2026_benchmark/TERM_LASSO//lasso_traces_svcomp_a.01.c/lasso_trace_3.txt,TERMINATING,0.49,64.63,33.42,7.00,TERMINATING,8,1,9,Affine Template / Affine Template
ATVA2026_benchmark/TERM_LASSO//lasso_traces_svcomp_a.04.c/lasso_trace_1.txt,TERMINATING,2.41,97.12,49.43,6.00,TERMINATING,7,1,8,Affine Template / Affine Template
ATVA2026_benchmark/TERM_LASSO//lasso_traces_svcomp_a.05.c/lasso_trace_1.txt,TERMINATING,2.02,98.78,51.09,7.00,TERMINATING,7,1,8,Affine Template / Affine Template
ATVA2026_benchmark/TERM_LASSO//lasso_traces_svcomp_a.06.c/lasso_trace_1.txt,TERMINATING,1.96,81.77,52.30,10.00,TERMINATING,7,1,8,Affine Template / Affine Template
ATVA2026_benchmark/TERM_LASSO//lasso_traces_svcomp_a.07.c/lasso_trace_1.txt,TERMINATING,1.94,82.70,51.78,14.00,TERMINATING,7,1,8,Affine Template / Affine Template
ATVA2026_benchmark/TERM_LASSO//lasso_traces_svcomp_a.08.c/lasso_trace_1.txt,TERMINATING,2.67,103.43,97.13,8.00,TERMINATING,7,1,8,Affine Template / Affine Template
ATVA2026_benchmark/TERM_LASSO//lasso_traces_svcomp_a.09_assume.c/lasso_trace_1.txt,TERMINATING,1.69,65.10,44.98,14.00,TERMINATING,8,2,10,Affine Template / Affine Template
ATVA2026_benchmark/TERM_LASSO//lasso_traces_svcomp_Ackermann01_true-unreach-call_modified_modified.c/lasso_trace_1.txt,TERMINATING,1.97,155.81,166.55,29.00,TERMINATING,8,4,12,Affine Template / Affine Template
ATVA2026_benchmark/TERM_LASSO//lasso_traces_svcomp_Ackermann01_true-unreach-call_modified_modified.c/lasso_trace_10.txt,TERMINATING,0.34,53.54,134.58,28.00,TERMINATING,45,4,49,Affine Template / Affine Template
ATVA2026_benchmark/TERM_LASSO//lasso_traces_svcomp_Ackermann01_true-unreach-call_modified_modified.c/lasso_trace_3.txt,TERMINATING,0.35,170.03,179.71,20.00,TERMINATING,12,8,20,Affine Template / Affine Template
ATVA2026_benchmark/TERM_LASSO//lasso_traces_svcomp_Ackermann01_true-unreach-call_modified_modified.c/lasso_trace_4.txt,TERMINATING,0.40,99.60,82.46,40.00,TERMINATING,14,4,18,Affine Template / Affine Template
ATVA2026_benchmark/TERM_LASSO//lasso_traces_svcomp_Addition01_true-unreach-call_true-termination_modified.c/lasso_trace_1.txt,TERMINATING,1.76,66.50,34.06,8.00,TERMINATING,8,4,12,Affine Template / Affine Template
ATVA2026_benchmark/TERM_LASSO//lasso_traces_svcomp_b.01.c/lasso_trace_1.txt,TERMINATING,1.86,74.86,38.31,7.00,TERMINATING,7,1,8,Affine Template / Affine Template
ATVA2026_benchmark/TERM_LASSO//lasso_traces_svcomp_b.02.c/lasso_trace_1.txt,TERMINATING,2.14,102.76,101.71,12.00,TERMINATING,7,1,8,Affine Template / Affine Template
ATVA2026_benchmark/TERM_LASSO//lasso_traces_svcomp_b.03_assume.c/lasso_trace_1.txt,TERMINATING,1.84,61.87,39.70,10.00,TERMINATING,8,2,10,Affine Template / Affine Template
ATVA2026_benchmark/TERM_LASSO//lasso_traces_svcomp_b.03-no-inv_assume.c/lasso_trace_1.txt,TERMINATING,1.84,56.31,65.91,9.00,TERMINATING,8,1,9,Affine Template / Affine Template
ATVA2026_benchmark/TERM_LASSO//lasso_traces_svcomp_b.04.c/lasso_trace_1.txt,TERMINATING,1.93,100.41,61.46,8.00,TERMINATING,7,1,8,Affine Template / Affine Template
ATVA2026_benchmark/TERM_LASSO//lasso_traces_svcomp_b.05.c/lasso_trace_1.txt,TERMINATING,1.94,103.19,74.45,11.00,TERMINATING,7,1,8,Affine Template / Affine Template
ATVA2026_benchmark/TERM_LASSO//lasso_traces_svcomp_b.06.c/lasso_trace_1.txt,TERMINATING,1.93,61.96,34.06,11.00,TERMINATING,7,1,8,Affine Template / Affine Template
ATVA2026_benchmark/TERM_LASSO//lasso_traces_svcomp_b.07.c/lasso_trace_1.txt,TERMINATING,2.21,74.13,42.86,12.00,TERMINATING,7,1,8,Affine Template / Affine Template
ATVA2026_benchmark/TERM_LASSO//lasso_traces_svcomp_b.09_assume.c/lasso_trace_1.txt,TERMINATING,2.13,86.46,98.31,16.00,TERMINATING,8,3,11,Affine Template / Affine Template
ATVA2026_benchmark/TERM_LASSO//lasso_traces_svcomp_b.09_assume.c/lasso_trace_2.txt,TERMINATING,0.37,76.64,28.82,10.00,TERMINATING,9,4,13,Affine Template / Affine Template
ATVA2026_benchmark/TERM_LASSO//lasso_traces_svcomp_b.10.c/lasso_trace_1.txt,TERMINATING,2.55,84.15,38.84,18.00,TERMINATING,7,1,8,Affine Template / Affine Template
ATVA2026_benchmark/TERM_LASSO//lasso_traces_svcomp_b.11.c/lasso_trace_1.txt,TERMINATING,2.08,129.66,113.51,19.00,TERMINATING,7,1,8,Affine Template / Affine Template
ATVA2026_benchmark/TERM_LASSO//lasso_traces_svcomp_b.12.c/lasso_trace_1.txt,TERMINATING,2.07,76.14,37.52,17.00,TERMINATING,7,1,8,Affine Template / Affine Template
ATVA2026_benchmark/TERM_LASSO//lasso_traces_svcomp_b.13.c/lasso_trace_1.txt,TERMINATING,2.09,133.15,113.60,29.00,TERMINATING,7,1,8,Affine Template / Affine Template
ATVA2026_benchmark/TERM_LASSO//lasso_traces_svcomp_b.14.c/lasso_trace_2.txt,TERMINATING,2.02,96.24,107.75,11.00,TERMINATING,7,3,10,Affine Template / Affine Template
ATVA2026_benchmark/TERM_LASSO//lasso_traces_svcomp_b.14.c/lasso_trace_3.txt,TERMINATING,0.56,82.95,59.16,11.00,TERMINATING,10,1,11,Affine Template / Affine Template
ATVA2026_benchmark/TERM_LASSO//lasso_traces_svcomp_b.15.c/lasso_trace_2.txt,TERMINATING,1.83,77.02,100.84,15.00,TERMINATING,7,3,10,Affine Template / Affine Template
ATVA2026_benchmark/TERM_LASSO//lasso_traces_svcomp_b.16.c/lasso_trace_1.txt,TERMINATING,2.06,53.93,37.65,10.00,TERMINATING,7,2,9,Affine Template / Affine Template
ATVA2026_benchmark/TERM_LASSO//lasso_traces_svcomp_b.16.c/lasso_trace_2.txt,TERMINATING,0.46,45.00,57.98,10.00,TERMINATING,8,1,9,Affine Template / Affine Template
ATVA2026_benchmark/TERM_LASSO//lasso_traces_svcomp_b.17.c/lasso_trace_1.txt,TERMINATING,2.02,86.33,56.06,9.00,TERMINATING,7,2,9,Affine Template / Affine Template
ATVA2026_benchmark/TERM_LASSO//lasso_traces_svcomp_b.17.c/lasso_trace_2.txt,TERMINATING,0.50,35.88,32.67,8.00,TERMINATING,8,1,9,Affine Template / Affine Template
ATVA2026_benchmark/TERM_LASSO//lasso_traces_svcomp_b.18.c/lasso_trace_3.txt,TERMINATING,2.01,66.11,55.22,9.00,TERMINATING,7,4,11,Affine Template / Affine Template
ATVA2026_benchmark/TERM_LASSO//lasso_traces_svcomp_b.18.c/lasso_trace_5.txt,TERMINATING,0.36,42.47,57.98,8.00,TERMINATING,9,1,10,Affine Template / Affine Template
ATVA2026_benchmark/TERM_LASSO//lasso_traces_svcomp_bubble_sort_unsafe.c/lasso_trace_1.txt,TERMINATING,1.52,81.27,-,8.00,TERMINATING,7,2,9,Affine Template / Affine Template
ATVA2026_benchmark/TERM_LASSO//lasso_traces_svcomp_bubblesort_unsafe.c/lasso_trace_1.txt,TERMINATING,1.89,71.61,-,9.00,TERMINATING,7,2,9,Affine Template / Affine Template
ATVA2026_benchmark/TERM_LASSO//lasso_traces_svcomp_c.01_assume.c/lasso_trace_1.txt,TERMINATING,2.03,70.80,38.20,8.00,TERMINATING,7,2,9,Affine Template / Affine Template
ATVA2026_benchmark/TERM_LASSO//lasso_traces_svcomp_c.01_assume.c/lasso_trace_2.txt,TERMINATING,0.49,80.61,85.94,9.00,TERMINATING,8,2,10,Affine Template / Affine Template
ATVA2026_benchmark/TERM_LASSO//lasso_traces_svcomp_c.01-no-inv.c/lasso_trace_1.txt,TERMINATING,2.17,58.41,47.29,8.00,TERMINATING,7,2,9,Affine Template / Affine Template
ATVA2026_benchmark/TERM_LASSO//lasso_traces_svcomp_c.02.c/lasso_trace_1.txt,TERMINATING,2.12,80.10,50.93,9.00,TERMINATING,7,2,9,Affine Template / Affine Template
ATVA2026_benchmark/TERM_LASSO//lasso_traces_svcomp_c.02.c/lasso_trace_2.txt,TERMINATING,0.51,56.73,77.19,10.00,TERMINATING,8,1,9,Affine Template / Affine Template
ATVA2026_benchmark/TERM_LASSO//lasso_traces_svcomp_c.03.c/lasso_trace_1.txt,TERMINATING,4.02,125.59,44.13,23.00,TERMINATING,7,1,8,Affine Template / Affine Template
ATVA2026_benchmark/TERM_LASSO//lasso_traces_svcomp_c.07.c/lasso_trace_1.txt,TERMINATING,1.87,91.07,39.94,16.00,TERMINATING,7,1,8,Affine Template / 2-Nested Template
ATVA2026_benchmark/TERM_LASSO//lasso_traces_svcomp_c.08.c/lasso_trace_1.txt,TERMINATING,1.75,47.92,107.15,6.00,TERMINATING,7,2,9,Affine Template / Affine Template
ATVA2026_benchmark/TERM_LASSO//lasso_traces_svcomp_c.08.c/lasso_trace_2.txt,TERMINATING,0.87,63.93,83.69,7.00,TERMINATING,8,1,9,Affine Template / Affine Template
ATVA2026_benchmark/TERM_LASSO//lasso_traces_svcomp_cstrcat_unsafe.c/lasso_trace_1.txt,TERMINATING,2.58,204.31,-,59.00,TERMINATING,7,2,9,Affine Template / Affine Template
ATVA2026_benchmark/TERM_LASSO//lasso_traces_svcomp_cstrncat_unsafe.c/lasso_trace_1.txt,TERMINATING,2.05,90.17,-,73.00,TERMINATING,7,2,9,Affine Template / Affine Template
ATVA2026_benchmark/TERM_LASSO//lasso_traces_svcomp_easySum.c/lasso_trace_1.txt,TERMINATING,2.21,57.67,50.62,6.00,TERMINATING,7,1,8,Affine Template / Affine Template
ATVA2026_benchmark/TERM_LASSO//lasso_traces_svcomp_EvenOdd01_true-unreach-call_true-termination_modified.c/lasso_trace_1.txt,TERMINATING,3.83,82.44,41.31,13.00,TERMINATING,7,8,15,Affine Template / Affine Template
ATVA2026_benchmark/TERM_LASSO//lasso_traces_svcomp_ex1.c/lasso_trace_1.txt,TERMINATING,2.10,76.90,34.47,8.00,TERMINATING,7,1,8,Affine Template / Affine Template
ATVA2026_benchmark/TERM_LASSO//lasso_traces_svcomp_Fibonacci01_true-unreach-call_modified.c/lasso_trace_1.txt,TERMINATING,1.82,44.74,52.52,6.00,TERMINATING,7,4,11,Affine Template / Affine Template
ATVA2026_benchmark/TERM_LASSO//lasso_traces_svcomp_flag.c/lasso_trace_1.txt,TERMINATING,1.90,3694.79,65.30,48.00,TERMINATING,7,1,8,2-Phase Template / Affine Template
ATVA2026_benchmark/TERM_LASSO//lasso_traces_svcomp_gcd01_true-unreach-call_true-termination_modified.c/lasso_trace_1.txt,TERMINATING,1.71,100.67,88.95,11.00,TERMINATING,8,5,13,Affine Template / Affine Template
ATVA2026_benchmark/TERM_LASSO//lasso_traces_svcomp_gcd01_true-unreach-call_true-termination_modified.c/lasso_trace_2.txt,TERMINATING,0.38,109.85,139.20,10.00,TERMINATING,9,5,14,Affine Template / Affine Template
ATVA2026_benchmark/TERM_LASSO//lasso_traces_svcomp_gcd01_true-unreach-call_true-termination_modified.c/lasso_trace_3.txt,TERMINATING,0.38,96.17,110.27,10.00,TERMINATING,14,5,19,Affine Template / Affine Template
ATVA2026_benchmark/TERM_LASSO//lasso_traces_svcomp_java_AG313.c/lasso_trace_1.txt,TERMINATING,2.34,67.68,38.29,8.00,TERMINATING,8,1,9,Affine Template / Affine Template
ATVA2026_benchmark/TERM_LASSO//lasso_traces_svcomp_java_Break.c/lasso_trace_1.txt,TERMINATING,1.82,64.49,78.14,7.00,TERMINATING,5,1,6,Affine Template / Affine Template
ATVA2026_benchmark/TERM_LASSO//lasso_traces_svcomp_java_Continue1.c/lasso_trace_1.txt,TERMINATING,1.84,82.61,42.01,15.00,TERMINATING,5,1,6,Affine Template / Affine Template
ATVA2026_benchmark/TERM_LASSO//lasso_traces_svcomp_java_LogBuiltIn.c/lasso_trace_1.txt,TERMINATING,2.23,57.92,35.92,11.00,TERMINATING,7,1,8,Affine Template / Affine Template
ATVA2026_benchmark/TERM_LASSO//lasso_traces_svcomp_java_Nested.c/lasso_trace_10.txt,TERMINATING,1.76,38.00,102.67,7.00,TERMINATING,5,11,16,Affine Template / Affine Template
ATVA2026_benchmark/TERM_LASSO//lasso_traces_svcomp_java_Nested.c/lasso_trace_11.txt,TERMINATING,0.41,33.17,31.20,11.00,TERMINATING,6,1,7,Affine Template / 2-Nested Template
ATVA2026_benchmark/TERM_LASSO//lasso_traces_svcomp_java_Nested.c/lasso_trace_12.txt,TERMINATING,0.54,51.87,52.87,6.00,TERMINATING,17,1,18,Affine Template / Affine Template
ATVA2026_benchmark/TERM_LASSO//lasso_traces_svcomp_java_Sequence.c/lasso_trace_1.txt,TERMINATING,2.05,73.32,65.54,6.00,TERMINATING,5,1,6,Affine Template / Affine Template
ATVA2026_benchmark/TERM_LASSO//lasso_traces_svcomp_knapsack_unsafe.c/lasso_trace_1.txt,TERMINATING,2.65,49.37,-,20.00,TERMINATING,7,2,9,Affine Template / Affine Template
ATVA2026_benchmark/TERM_LASSO//lasso_traces_svcomp_knapsack_unsafe.c/lasso_trace_2.txt,TERMINATING,0.73,132.38,-,44.00,TERMINATING,8,4,12,Affine Template / Affine Template
ATVA2026_benchmark/TERM_LASSO//lasso_traces_svcomp_MultCommutative_true-unreach-call_true-termination_modified.c/lasso_trace_4.txt,TERMINATING,0.82,108.87,133.91,8.00,TERMINATING,15,4,19,Affine Template / Affine Template
ATVA2026_benchmark/TERM_LASSO//lasso_traces_svcomp_MultCommutative_true-unreach-call_true-termination_modified.c/lasso_trace_5.txt,TERMINATING,0.39,131.89,155.81,8.00,TERMINATING,8,4,12,Affine Template / Affine Template
ATVA2026_benchmark/TERM_LASSO//lasso_traces_svcomp_recHanoi02_true-unreach-call_true-termination_modified.c/lasso_trace_1.txt,TERMINATING,1.77,59.68,70.32,11.00,TERMINATING,7,3,10,Affine Template / Affine Template
ATVA2026_benchmark/TERM_LASSO//lasso_traces_svcomp_stroeder1_unsafe.c/lasso_trace_1.txt,TERMINATING,2.30,136.76,-,35.00,TERMINATING,7,2,9,Affine Template / Affine Template
ATVA2026_benchmark/TERM_LASSO//lasso_traces_svcomp_stroeder2_unsafe.c/lasso_trace_2.txt,TERMINATING,1.96,75.85,-,38.00,TERMINATING,7,4,11,Affine Template / Affine Template
ATVA2026_benchmark/TERM_LASSO//lasso_traces_svcomp_stroeder2_unsafe.c/lasso_trace_3.txt,TERMINATING,0.65,118.53,-,35.00,TERMINATING,8,4,12,Affine Template / Affine Template
ATVA2026_benchmark/TERM_LASSO//lasso_traces_svcomp_twisted.c/lasso_trace_1.txt,TERMINATING,2.10,124.92,64.50,8.00,TERMINATING,7,2,9,Affine Template / Affine Template
ATVA2026_benchmark/TERM_LASSO//lasso_traces_svdcmp.c.i.svdcmp.pl.t2.fixed.t2.c/lasso_trace_1.txt,TERMINATING,2.06,284.89,271.64,38.00,TERMINATING,184,48,232,Affine Template / Affine Template
ATVA2026_benchmark/TERM_LASSO//lasso_traces_svdcmp.c.i.svdcmp.pl.t2.fixed.t2.c/lasso_trace_10.txt,TERMINATING,0.44,665.58,932.24,26.00,TERMINATING,237,39,276,Affine Template / Affine Template
ATVA2026_benchmark/TERM_LASSO//lasso_traces_svdcmp.c.i.svdcmp.pl.t2.fixed.t2.c/lasso_trace_14.txt,TERMINATING,0.50,638.10,769.95,29.00,TERMINATING,271,55,326,Affine Template / Affine Template
ATVA2026_benchmark/TERM_LASSO//lasso_traces_svdcmp.c.i.svdcmp.pl.t2.fixed.t2.c/lasso_trace_17.txt,TERMINATING,0.46,589.39,310.54,28.00,TERMINATING,280,13,293,Affine Template / Affine Template
ATVA2026_benchmark/TERM_LASSO//lasso_traces_svdcmp.c.i.svdcmp.pl.t2.fixed.t2.c/lasso_trace_18.txt,TERMINATING,0.43,830.42,750.31,37.00,TERMINATING,309,21,330,Affine Template / Affine Template
ATVA2026_benchmark/TERM_LASSO//lasso_traces_svdcmp.c.i.svdcmp.pl.t2.fixed.t2.c/lasso_trace_19.txt,TERMINATING,0.48,135.72,191.36,34.00,TERMINATING,309,13,322,Affine Template / Affine Template
ATVA2026_benchmark/TERM_LASSO//lasso_traces_svdcmp.c.i.svdcmp.pl.t2.fixed.t2.c/lasso_trace_2.txt,TERMINATING,0.54,296.40,464.24,23.00,TERMINATING,206,17,223,Affine Template / Affine Template
ATVA2026_benchmark/TERM_LASSO//lasso_traces_svdcmp.c.i.svdcmp.pl.t2.fixed.t2.c/lasso_trace_20.txt,TERMINATING,0.60,288.62,301.37,31.00,TERMINATING,325,31,356,Affine Template / Affine Template
ATVA2026_benchmark/TERM_LASSO//lasso_traces_svdcmp.c.i.svdcmp.pl.t2.fixed.t2.c/lasso_trace_21.txt,TERMINATING,0.69,531.58,147.34,107.00,TERMINATING,356,97,453,Affine Template / Affine Template
ATVA2026_benchmark/TERM_LASSO//lasso_traces_svdcmp.c.i.svdcmp.pl.t2.fixed.t2.c/lasso_trace_22.txt,TERMINATING,0.57,97.91,340.97,44.00,TERMINATING,402,21,423,Affine Template / Affine Template
ATVA2026_benchmark/TERM_LASSO//lasso_traces_svdcmp.c.i.svdcmp.pl.t2.fixed.t2.c/lasso_trace_3.txt,TERMINATING,0.54,580.49,719.31,29.00,TERMINATING,211,26,237,Affine Template / Affine Template
ATVA2026_benchmark/TERM_LASSO//lasso_traces_svdcmp.c.i.svdcmp.pl.t2.fixed.t2.c/lasso_trace_4.txt,TERMINATING,0.51,444.19,619.08,32.00,TERMINATING,218,26,244,Affine Template / Affine Template
ATVA2026_benchmark/TERM_LASSO//lasso_traces_svdcmp.c.i.svdcmp.pl.t2.fixed.t2.c/lasso_trace_9.txt,TERMINATING,0.72,726.38,133.18,119.00,TERMINATING,227,135,362,Affine Template / Affine Template
ATVA2026_benchmark/TERM_LASSO//lasso_traces_svdcmp.c.i.svdcmp.pl.t2.nor.t2.rlgfixed.t2.c/lasso_trace_1.txt,TERMINATING,1.96,283.52,254.26,37.00,TERMINATING,184,48,232,Affine Template / Affine Template
ATVA2026_benchmark/TERM_LASSO//lasso_traces_svdcmp.c.i.svdcmp.pl.t2.nor.t2.rlgfixed.t2.c/lasso_trace_10.txt,TERMINATING,0.45,677.86,936.94,26.00,TERMINATING,237,39,276,Affine Template / Affine Template
ATVA2026_benchmark/TERM_LASSO//lasso_traces_svdcmp.c.i.svdcmp.pl.t2.nor.t2.rlgfixed.t2.c/lasso_trace_14.txt,TERMINATING,0.51,566.02,762.78,29.00,TERMINATING,271,55,326,Affine Template / Affine Template
ATVA2026_benchmark/TERM_LASSO//lasso_traces_svdcmp.c.i.svdcmp.pl.t2.nor.t2.rlgfixed.t2.c/lasso_trace_17.txt,TERMINATING,0.55,585.27,272.67,28.00,TERMINATING,280,13,293,Affine Template / Affine Template
ATVA2026_benchmark/TERM_LASSO//lasso_traces_svdcmp.c.i.svdcmp.pl.t2.nor.t2.rlgfixed.t2.c/lasso_trace_18.txt,TERMINATING,0.50,777.83,746.21,37.00,TERMINATING,309,21,330,Affine Template / Affine Template
ATVA2026_benchmark/TERM_LASSO//lasso_traces_svdcmp.c.i.svdcmp.pl.t2.nor.t2.rlgfixed.t2.c/lasso_trace_19.txt,TERMINATING,0.93,139.31,173.25,34.00,TERMINATING,309,13,322,Affine Template / Affine Template
ATVA2026_benchmark/TERM_LASSO//lasso_traces_svdcmp.c.i.svdcmp.pl.t2.nor.t2.rlgfixed.t2.c/lasso_trace_2.txt,TERMINATING,0.58,296.58,469.69,24.00,TERMINATING,206,17,223,Affine Template / Affine Template
ATVA2026_benchmark/TERM_LASSO//lasso_traces_svdcmp.c.i.svdcmp.pl.t2.nor.t2.rlgfixed.t2.c/lasso_trace_20.txt,TERMINATING,0.92,275.03,301.28,31.00,TERMINATING,325,31,356,Affine Template / Affine Template
ATVA2026_benchmark/TERM_LASSO//lasso_traces_svdcmp.c.i.svdcmp.pl.t2.nor.t2.rlgfixed.t2.c/lasso_trace_21.txt,TERMINATING,0.64,517.27,141.62,117.00,TERMINATING,356,97,453,Affine Template / Affine Template
ATVA2026_benchmark/TERM_LASSO//lasso_traces_svdcmp.c.i.svdcmp.pl.t2.nor.t2.rlgfixed.t2.c/lasso_trace_22.txt,TERMINATING,0.49,94.22,320.90,45.00,TERMINATING,402,21,423,Affine Template / Affine Template
ATVA2026_benchmark/TERM_LASSO//lasso_traces_svdcmp.c.i.svdcmp.pl.t2.nor.t2.rlgfixed.t2.c/lasso_trace_3.txt,TERMINATING,0.59,562.05,737.02,29.00,TERMINATING,211,26,237,Affine Template / Affine Template
ATVA2026_benchmark/TERM_LASSO//lasso_traces_svdcmp.c.i.svdcmp.pl.t2.nor.t2.rlgfixed.t2.c/lasso_trace_4.txt,TERMINATING,0.54,443.53,617.07,33.00,TERMINATING,218,26,244,Affine Template / Affine Template
ATVA2026_benchmark/TERM_LASSO//lasso_traces_svdcmp.c.i.svdcmp.pl.t2.nor.t2.rlgfixed.t2.c/lasso_trace_9.txt,TERMINATING,0.67,745.56,135.65,108.00,TERMINATING,227,135,362,Affine Template / Affine Template
ATVA2026_benchmark/TERM_LASSO//lasso_traces_svdcmp.t2.c/lasso_trace_1.txt,TERMINATING,2.57,303.28,253.76,30.00,TERMINATING,184,48,232,Affine Template / Affine Template
ATVA2026_benchmark/TERM_LASSO//lasso_traces_svdcmp.t2.c/lasso_trace_10.txt,TERMINATING,0.53,677.05,931.89,26.00,TERMINATING,237,39,276,Affine Template / Affine Template
ATVA2026_benchmark/TERM_LASSO//lasso_traces_svdcmp.t2.c/lasso_trace_14.txt,TERMINATING,0.61,558.13,703.11,29.00,TERMINATING,271,55,326,Affine Template / Affine Template
ATVA2026_benchmark/TERM_LASSO//lasso_traces_svdcmp.t2.c/lasso_trace_17.txt,TERMINATING,0.44,608.52,291.39,29.00,TERMINATING,280,13,293,Affine Template / Affine Template
ATVA2026_benchmark/TERM_LASSO//lasso_traces_svdcmp.t2.c/lasso_trace_18.txt,TERMINATING,0.45,801.81,818.73,38.00,TERMINATING,309,21,330,Affine Template / Affine Template
ATVA2026_benchmark/TERM_LASSO//lasso_traces_svdcmp.t2.c/lasso_trace_19.txt,TERMINATING,0.50,126.44,185.89,35.00,TERMINATING,309,13,322,Affine Template / Affine Template
ATVA2026_benchmark/TERM_LASSO//lasso_traces_svdcmp.t2.c/lasso_trace_2.txt,TERMINATING,0.55,271.24,484.89,25.00,TERMINATING,206,17,223,Affine Template / Affine Template
ATVA2026_benchmark/TERM_LASSO//lasso_traces_svdcmp.t2.c/lasso_trace_20.txt,TERMINATING,0.61,369.28,297.35,39.00,TERMINATING,325,31,356,Affine Template / Affine Template
ATVA2026_benchmark/TERM_LASSO//lasso_traces_svdcmp.t2.c/lasso_trace_3.txt,TERMINATING,0.52,540.93,708.33,28.00,TERMINATING,211,26,237,Affine Template / Affine Template
ATVA2026_benchmark/TERM_LASSO//lasso_traces_svdcmp.t2.c/lasso_trace_4.txt,TERMINATING,0.54,452.60,666.53,37.00,TERMINATING,218,26,244,Affine Template / Affine Template
ATVA2026_benchmark/TERM_LASSO//lasso_traces_svdcmp.t2.c/lasso_trace_9.txt,TERMINATING,0.88,740.09,170.63,109.00,TERMINATING,227,135,362,Affine Template / Affine Template
ATVA2026_benchmark/TERM_LASSO//lasso_traces_SyntaxSupportBitwiseOperations01.c/lasso_trace_1.txt,TERMINATING,2.31,124.32,63.87,16.00,TERMINATING,5,1,6,Affine Template / Affine Template
ATVA2026_benchmark/TERM_LASSO//lasso_traces_taipan-bug-postunsound-oldvarassign.c/lasso_trace_1.txt,TERMINATING,2.22,56.57,47.70,7.00,TERMINATING,7,1,8,Affine Template / Affine Template
ATVA2026_benchmark/TERM_LASSO//lasso_traces_TerminatorRamsey.c/lasso_trace_1.txt,TERMINATING,2.08,3259.96,54.89,108.00,TERMINATING,5,3,8,Affine Template / Affine Template
ATVA2026_benchmark/TERM_LASSO//lasso_traces_TerminatorRec02.c/lasso_trace_1.txt,TERMINATING,1.83,171.74,97.48,9.00,TERMINATING,8,3,11,Affine Template / Affine Template
ATVA2026_benchmark/TERM_LASSO//lasso_traces_TerminatorRec02_no-overflow.c/lasso_trace_1.txt,TERMINATING,2.53,164.09,108.12,6.00,TERMINATING,8,3,11,Affine Template / Affine Template
ATVA2026_benchmark/TERM_LASSO//lasso_traces_TerminatorRec02_true.c/lasso_trace_1.txt,TERMINATING,1.95,141.68,108.05,10.00,TERMINATING,8,3,11,Affine Template / Affine Template
ATVA2026_benchmark/TERM_LASSO//lasso_traces_TerminatorRec02_true-termination.c/lasso_trace_1.txt,TERMINATING,1.69,150.13,98.81,7.00,TERMINATING,8,3,11,Affine Template / Affine Template
ATVA2026_benchmark/TERM_LASSO//lasso_traces_Thun-1.c/lasso_trace_1.txt,TERMINATING,2.19,78.04,55.07,11.00,TERMINATING,5,1,6,Affine Template / Affine Template
ATVA2026_benchmark/TERM_LASSO//lasso_traces_Thun-1_no-overflow.c/lasso_trace_1.txt,TERMINATING,2.39,74.95,62.39,12.00,TERMINATING,5,1,6,Affine Template / Affine Template
ATVA2026_benchmark/TERM_LASSO//lasso_traces_Thun-2.c/lasso_trace_1.txt,TERMINATING,2.18,55.68,89.70,10.00,TERMINATING,7,1,8,Affine Template / Affine Template
ATVA2026_benchmark/TERM_LASSO//lasso_traces_Thun-2_termination.c/lasso_trace_1.txt,TERMINATING,2.15,74.99,96.97,11.00,TERMINATING,7,1,8,Affine Template / Affine Template
ATVA2026_benchmark/TERM_LASSO//lasso_traces_Thun_true-termination.c/lasso_trace_1.txt,TERMINATING,2.15,71.09,53.22,12.00,TERMINATING,5,1,6,Affine Template / Affine Template
ATVA2026_benchmark/TERM_LASSO//lasso_traces_toeplz.c.i.toeplz.pl.t2.fixed.t2.c/lasso_trace_10.txt,TERMINATING,0.38,291.16,86.72,24.00,TERMINATING,698,29,727,Affine Template / Affine Template
ATVA2026_benchmark/TERM_LASSO//lasso_traces_toeplz.c.i.toeplz.pl.t2.fixed.t2.c/lasso_trace_6.txt,TERMINATING,0.43,564.43,821.83,28.00,TERMINATING,361,29,390,Affine Template / Affine Template
ATVA2026_benchmark/TERM_LASSO//lasso_traces_toeplz.c.i.toeplz.pl.t2.nor.t2.rlgfixed.t2.c/lasso_trace_10.txt,TERMINATING,0.37,315.88,90.47,24.00,TERMINATING,698,29,727,Affine Template / Affine Template
ATVA2026_benchmark/TERM_LASSO//lasso_traces_toeplz.c.i.toeplz.pl.t2.nor.t2.rlgfixed.t2.c/lasso_trace_6.txt,TERMINATING,0.37,583.27,819.94,28.00,TERMINATING,361,29,390,Affine Template / Affine Template
ATVA2026_benchmark/TERM_LASSO//lasso_traces_toeplz.t2.c/lasso_trace_10.txt,TERMINATING,0.45,298.90,92.46,25.00,TERMINATING,698,29,727,Affine Template / Affine Template
ATVA2026_benchmark/TERM_LASSO//lasso_traces_toeplz.t2.c/lasso_trace_6.txt,TERMINATING,0.45,556.50,825.59,24.00,TERMINATING,361,29,390,Affine Template / Affine Template
ATVA2026_benchmark/TERM_LASSO//lasso_traces_tqli.c.i.tqli.pl.t2.fixed.t2.c/lasso_trace_1.txt,TERMINATING,1.83,184.05,186.59,17.00,TERMINATING,92,13,105,Affine Template / Affine Template
ATVA2026_benchmark/TERM_LASSO//lasso_traces_tqli.c.i.tqli.pl.t2.fixed.t2.c/lasso_trace_10.txt,TERMINATING,0.40,459.59,556.23,27.00,TERMINATING,240,17,257,Affine Template / Affine Template
ATVA2026_benchmark/TERM_LASSO//lasso_traces_tqli.c.i.tqli.pl.t2.fixed.t2.c/lasso_trace_11.txt,TERMINATING,0.55,99.91,184.56,56.00,TERMINATING,256,17,273,Affine Template / Affine Template
ATVA2026_benchmark/TERM_LASSO//lasso_traces_tqli.c.i.tqli.pl.t2.fixed.t2.c/lasso_trace_2.txt,TERMINATING,0.45,114.31,131.74,16.00,TERMINATING,101,42,143,Affine Template / Affine Template
ATVA2026_benchmark/TERM_LASSO//lasso_traces_tqli.c.i.tqli.pl.t2.fixed.t2.c/lasso_trace_5.txt,TERMINATING,0.48,161.23,202.08,58.00,TERMINATING,151,34,185,Affine Template / Affine Template
ATVA2026_benchmark/TERM_LASSO//lasso_traces_tqli.c.i.tqli.pl.t2.fixed.t2.c/lasso_trace_9.txt,TERMINATING,0.44,231.00,823.68,34.00,TERMINATING,216,67,283,Affine Template / Affine Template
ATVA2026_benchmark/TERM_LASSO//lasso_traces_tqli.c.i.tqli.pl.t2.nor.t2.rlgfixed.t2.c/lasso_trace_1.txt,TERMINATING,1.90,183.37,186.72,16.00,TERMINATING,92,13,105,Affine Template / Affine Template
ATVA2026_benchmark/TERM_LASSO//lasso_traces_tqli.c.i.tqli.pl.t2.nor.t2.rlgfixed.t2.c/lasso_trace_10.txt,TERMINATING,0.35,475.01,558.89,27.00,TERMINATING,240,17,257,Affine Template / Affine Template
ATVA2026_benchmark/TERM_LASSO//lasso_traces_tqli.c.i.tqli.pl.t2.nor.t2.rlgfixed.t2.c/lasso_trace_11.txt,TERMINATING,0.58,108.89,190.60,57.00,TERMINATING,256,17,273,Affine Template / Affine Template
ATVA2026_benchmark/TERM_LASSO//lasso_traces_tqli.c.i.tqli.pl.t2.nor.t2.rlgfixed.t2.c/lasso_trace_2.txt,TERMINATING,0.47,108.69,132.81,16.00,TERMINATING,101,42,143,Affine Template / Affine Template
ATVA2026_benchmark/TERM_LASSO//lasso_traces_tqli.c.i.tqli.pl.t2.nor.t2.rlgfixed.t2.c/lasso_trace_5.txt,TERMINATING,0.42,166.53,206.79,55.00,TERMINATING,151,34,185,Affine Template / Affine Template
ATVA2026_benchmark/TERM_LASSO//lasso_traces_tqli.c.i.tqli.pl.t2.nor.t2.rlgfixed.t2.c/lasso_trace_9.txt,TERMINATING,0.39,237.08,817.22,34.00,TERMINATING,216,67,283,Affine Template / Affine Template
ATVA2026_benchmark/TERM_LASSO//lasso_traces_tqli.t2.c/lasso_trace_1.txt,TERMINATING,1.83,172.92,173.04,16.00,TERMINATING,92,13,105,Affine Template / Affine Template
ATVA2026_benchmark/TERM_LASSO//lasso_traces_tqli.t2.c/lasso_trace_10.txt,TERMINATING,0.53,575.99,100.09,34.00,TERMINATING,211,67,278,Affine Template / Affine Template
ATVA2026_benchmark/TERM_LASSO//lasso_traces_tqli.t2.c/lasso_trace_11.txt,TERMINATING,0.64,343.79,483.25,32.00,TERMINATING,215,71,286,Affine Template / Affine Template
ATVA2026_benchmark/TERM_LASSO//lasso_traces_tqli.t2.c/lasso_trace_12.txt,TERMINATING,0.44,375.11,111.13,27.00,TERMINATING,240,17,257,Affine Template / Affine Template
ATVA2026_benchmark/TERM_LASSO//lasso_traces_tqli.t2.c/lasso_trace_2.txt,TERMINATING,0.46,113.83,129.38,16.00,TERMINATING,101,42,143,Affine Template / Affine Template
ATVA2026_benchmark/TERM_LASSO//lasso_traces_tqli.t2.c/lasso_trace_5.txt,TERMINATING,0.48,162.53,190.40,53.00,TERMINATING,151,34,185,Affine Template / Affine Template
ATVA2026_benchmark/TERM_LASSO//lasso_traces_tqli.t2.c/lasso_trace_9.txt,TERMINATING,0.46,229.54,784.27,33.00,TERMINATING,216,67,283,Affine Template / Affine Template
ATVA2026_benchmark/TERM_LASSO//lasso_traces_traverse2.t2.c/lasso_trace_1.txt,TERMINATING,1.88,771.06,431.86,44.00,TERMINATING,339,43,382,Affine Template / Affine Template
ATVA2026_benchmark/TERM_LASSO//lasso_traces_traverse2.t2.c/lasso_trace_2.txt,TERMINATING,0.63,135.58,173.26,63.00,TERMINATING,457,112,569,Affine Template / Affine Template
ATVA2026_benchmark/TERM_LASSO//lasso_traces_traverse2.t2.c/lasso_trace_4.txt,TERMINATING,0.55,912.60,1132.20,66.00,TERMINATING,623,107,730,Affine Template / Affine Template
ATVA2026_benchmark/TERM_LASSO//lasso_traces_traverse_seg2.t2.c/lasso_trace_1.txt,TERMINATING,2.06,372.48,461.61,31.00,TERMINATING,283,31,314,Affine Template / Affine Template
ATVA2026_benchmark/TERM_LASSO//lasso_traces_traverse_seg2.t2.c/lasso_trace_2.txt,TERMINATING,0.59,571.99,625.75,60.00,TERMINATING,418,97,515,Affine Template / Affine Template
ATVA2026_benchmark/TERM_LASSO//lasso_traces_traverse_seg.t2.c/lasso_trace_1.txt,TERMINATING,2.10,537.15,500.22,46.00,TERMINATING,359,43,402,Affine Template / Affine Template
ATVA2026_benchmark/TERM_LASSO//lasso_traces_traverse.t2.c/lasso_trace_1.txt,TERMINATING,1.92,229.84,316.04,25.00,TERMINATING,251,31,282,Affine Template / Affine Template
ATVA2026_benchmark/TERM_LASSO//lasso_traces_traverse.t2.c/lasso_trace_2.txt,TERMINATING,0.49,102.38,142.79,45.00,TERMINATING,322,91,413,Affine Template / Affine Template
ATVA2026_benchmark/TERM_LASSO//lasso_traces_traverse_twice.t2.c/lasso_trace_1.txt,TERMINATING,1.91,657.09,804.01,40.00,TERMINATING,291,31,322,Affine Template / Affine Template
ATVA2026_benchmark/TERM_LASSO//lasso_traces_traverse_twice.t2.c/lasso_trace_2.txt,TERMINATING,0.57,617.67,845.98,49.00,TERMINATING,362,91,453,Affine Template / Affine Template
ATVA2026_benchmark/TERM_LASSO//lasso_traces_Tschingelhorn-Safe.c/lasso_trace_1.txt,TERMINATING,1.70,67.54,45.65,8.00,TERMINATING,7,2,9,Affine Template / Affine Template
ATVA2026_benchmark/TERM_LASSO//lasso_traces_twisted.c/lasso_trace_1.txt,TERMINATING,2.12,59.91,37.43,10.00,TERMINATING,1,2,3,Affine Template / Affine Template
ATVA2026_benchmark/TERM_LASSO//lasso_traces_twisted_no-overflow.c/lasso_trace_1.txt,TERMINATING,3.95,63.40,41.89,11.00,TERMINATING,1,2,3,Affine Template / Affine Template
ATVA2026_benchmark/TERM_LASSO//lasso_traces_twisted_true-termination.c/lasso_trace_1.txt,TERMINATING,2.11,116.62,68.63,9.00,TERMINATING,7,2,9,Affine Template / Affine Template
ATVA2026_benchmark/TERM_LASSO//lasso_traces_two_arrays1.t2.c/lasso_trace_1.txt,TERMINATING,1.72,126.87,154.41,11.00,TERMINATING,56,13,69,Affine Template / Affine Template
ATVA2026_benchmark/TERM_LASSO//lasso_traces_two_arrays2.t2.c/lasso_trace_1.txt,TERMINATING,1.77,67.63,81.19,11.00,TERMINATING,60,13,73,Affine Template / Affine Template
ATVA2026_benchmark/TERM_LASSO//lasso_traces_two_arrays6.t2.c/lasso_trace_1.txt,TERMINATING,1.87,192.44,166.82,9.00,TERMINATING,60,13,73,Affine Template / Affine Template
ATVA2026_benchmark/TERM_LASSO//lasso_traces_two_arrays.t2.c/lasso_trace_1.txt,TERMINATING,1.69,83.52,76.72,7.00,TERMINATING,48,13,61,Affine Template / Affine Template
ATVA2026_benchmark/TERM_LASSO//lasso_traces_TwoWay.c/lasso_trace_1.txt,TERMINATING,1.96,204.79,158.11,23.00,TERMINATING,8,3,11,Affine Template / Affine Template
ATVA2026_benchmark/TERM_LASSO//lasso_traces_TwoWay_no-overflow.c/lasso_trace_1.txt,TERMINATING,1.76,213.67,163.40,25.00,TERMINATING,8,3,11,Affine Template / Affine Template
ATVA2026_benchmark/TERM_LASSO//lasso_traces_TwoWay_true.c/lasso_trace_1.txt,TERMINATING,1.75,206.16,153.19,23.00,TERMINATING,8,3,11,Affine Template / Affine Template
ATVA2026_benchmark/TERM_LASSO//lasso_traces_TwoWay_true-termination.c/lasso_trace_1.txt,TERMINATING,1.85,197.07,171.11,24.00,TERMINATING,8,3,11,Affine Template / Affine Template
ATVA2026_benchmark/TERM_LASSO//lasso_traces_ud.t2.c/lasso_trace_35.txt,TERMINATING,0.28,309.85,352.48,48.00,TERMINATING,1288,27,1315,Affine Template / Affine Template
ATVA2026_benchmark/TERM_LASSO//lasso_traces_ud.t2.c/lasso_trace_8.txt,TERMINATING,0.41,46.37,32.62,42.00,TERMINATING,137,30,167,Affine Template / Affine Template
ATVA2026_benchmark/TERM_LASSO//lasso_traces_UnreachableReturnBug01.c/lasso_trace_1.txt,TERMINATING,1.93,100.50,115.76,7.00,TERMINATING,6,6,12,Affine Template / Affine Template
ATVA2026_benchmark/TERM_LASSO//lasso_traces_UnreachableReturnBug01.c/lasso_trace_3.txt,TERMINATING,0.34,52.02,89.88,14.00,TERMINATING,45,16,61,Affine Template / Affine Template
ATVA2026_benchmark/TERM_LASSO//lasso_traces_Urban-WST2013-Fig2.c/lasso_trace_10.txt,TERMINATING,1.72,62.73,73.56,9.00,TERMINATING,5,11,16,Affine Template / Affine Template
ATVA2026_benchmark/TERM_LASSO//lasso_traces_Urban-WST2013-Fig2.c/lasso_trace_11.txt,TERMINATING,0.48,98.32,117.80,9.00,TERMINATING,6,1,7,Affine Template / Affine Template
ATVA2026_benchmark/TERM_LASSO//lasso_traces_Urban-WST2013-Fig2.c/lasso_trace_12.txt,TERMINATING,0.36,45.98,50.31,9.00,TERMINATING,17,1,18,Affine Template / Affine Template
ATVA2026_benchmark/TERM_LASSO//lasso_traces_Urban-WST2013-Fig2_no-overflow.c/lasso_trace_10.txt,TERMINATING,1.70,60.72,73.50,9.00,TERMINATING,5,11,16,Affine Template / Affine Template
ATVA2026_benchmark/TERM_LASSO//lasso_traces_Urban-WST2013-Fig2_no-overflow.c/lasso_trace_11.txt,TERMINATING,0.40,100.81,125.16,7.00,TERMINATING,6,1,7,Affine Template / Affine Template
ATVA2026_benchmark/TERM_LASSO//lasso_traces_Urban-WST2013-Fig2_no-overflow.c/lasso_trace_12.txt,TERMINATING,0.51,50.63,50.47,12.00,TERMINATING,17,1,18,Affine Template / Affine Template
ATVA2026_benchmark/TERM_LASSO//lasso_traces_Urban-WST2013-Fig2_true-termination.c/lasso_trace_10.txt,TERMINATING,1.49,62.34,81.21,9.00,TERMINATING,5,11,16,Affine Template / Affine Template
ATVA2026_benchmark/TERM_LASSO//lasso_traces_Urban-WST2013-Fig2_true-termination.c/lasso_trace_11.txt,TERMINATING,0.38,99.55,114.02,9.00,TERMINATING,6,1,7,Affine Template / Affine Template
ATVA2026_benchmark/TERM_LASSO//lasso_traces_Urban-WST2013-Fig2_true-termination.c/lasso_trace_12.txt,TERMINATING,0.38,46.24,51.26,9.00,TERMINATING,17,1,18,Affine Template / Affine Template
ATVA2026_benchmark/TERM_LASSO//lasso_traces_w2_nt.t2.c/lasso_trace_1.txt,TERMINATING,2.06,333.06,430.26,24.00,TERMINATING,184,41,225,Affine Template / Affine Template
ATVA2026_benchmark/TERM_LASSO//lasso_traces_Waldkirch.c/lasso_trace_1.txt,TERMINATING,1.88,39.03,52.43,6.00,TERMINATING,5,1,6,Affine Template / Affine Template
ATVA2026_benchmark/TERM_LASSO//lasso_traces_Waldkirch_no-overflow.c/lasso_trace_1.txt,TERMINATING,1.93,41.45,50.99,5.00,TERMINATING,5,1,6,Affine Template / Affine Template
ATVA2026_benchmark/TERM_LASSO//lasso_traces_Waldkirch_true-termination.c/lasso_trace_1.txt,TERMINATING,1.62,69.49,72.85,8.00,TERMINATING,5,1,6,Affine Template / Affine Template
ATVA2026_benchmark/TERM_LASSO//lasso_traces_while.c/lasso_trace_1.txt,TERMINATING,1.73,42.26,48.85,6.00,TERMINATING,5,1,6,Affine Template / Affine Template
ATVA2026_benchmark/TERM_LASSO//lasso_traces_whileConditionWithSideEffectContinue.c/lasso_trace_1.txt,TERMINATING,2.04,51.38,62.80,6.00,TERMINATING,5,2,7,Affine Template / Affine Template
ATVA2026_benchmark/TERM_LASSO//lasso_traces_WhileDecr.c/lasso_trace_1.txt,TERMINATING,2.08,89.71,83.73,9.00,TERMINATING,5,1,6,Affine Template / Affine Template
ATVA2026_benchmark/TERM_LASSO//lasso_traces_WhileDecr_no-overflow.c/lasso_trace_1.txt,TERMINATING,2.00,94.30,91.44,9.00,TERMINATING,5,1,6,Affine Template / Affine Template
ATVA2026_benchmark/TERM_LASSO//lasso_traces_WhileNested.c/lasso_trace_1.txt,TERMINATING,1.87,105.18,109.03,9.00,TERMINATING,5,2,7,Affine Template / Affine Template
ATVA2026_benchmark/TERM_LASSO//lasso_traces_WhileNested_false-no-overflow_false-termination.c/lasso_trace_1.txt,TERMINATING,1.92,105.18,102.25,8.00,TERMINATING,5,2,7,Affine Template / Affine Template
ATVA2026_benchmark/TERM_LASSO//lasso_traces_WhileNestedOffset.c/lasso_trace_1.txt,TERMINATING,1.87,105.94,106.57,8.00,TERMINATING,5,2,7,Affine Template / Affine Template
ATVA2026_benchmark/TERM_LASSO//lasso_traces_WhileNestedOffset_false-no-overflow_false-termination.c/lasso_trace_1.txt,TERMINATING,1.94,107.59,103.05,8.00,TERMINATING,5,2,7,Affine Template / Affine Template
ATVA2026_benchmark/TERM_LASSO//lasso_traces_wtf.t2.c/lasso_trace_10.txt,TERMINATING,1.17,427.41,423.53,56.00,TERMINATING,230,204,434,Affine Template / Affine Template
ATVA2026_benchmark/TERM_LASSO//lasso_traces_wtf.t2.c/lasso_trace_4.txt,TERMINATING,1.88,109.03,154.65,30.00,TERMINATING,107,184,291,Affine Template / Affine Template
ATVA2026_benchmark/TERM_LASSO//lasso_traces_wtf.t2.c/lasso_trace_5.txt,TERMINATING,0.46,195.83,220.09,29.00,TERMINATING,110,184,294,Affine Template / Affine Template
ATVA2026_benchmark/TERM_LASSO//lasso_traces_wtf.t2.c/lasso_trace_7.txt,TERMINATING,0.77,66.87,126.51,53.00,TERMINATING,137,184,321,Affine Template / Affine Template
ATVA2026_benchmark/TERM_LASSO//lasso_traces_wtf.t2.c/lasso_trace_8.txt,TERMINATING,0.73,574.81,720.61,40.00,TERMINATING,170,187,357,Affine Template / Affine Template
ATVA2026_benchmark/TERM_LASSO//lasso_traces_xor-01.c/lasso_trace_1.txt,TERMINATING,1.99,62.76,36.08,12.00,TERMINATING,5,1,6,Affine Template / Affine Template
ATVA2026_benchmark/TERM_LASSO//lasso_traces_xor-01_termination.c/lasso_trace_1.txt,TERMINATING,2.04,62.62,32.21,12.00,TERMINATING,5,1,6,Affine Template / Affine Template
ATVA2026_benchmark/TERM_LASSO//lasso_traces_zeroconf.t2.c/lasso_trace_4.txt,TERMINATING,0.45,368.30,476.94,64.00,TERMINATING,65,143,208,Affine Template / Affine Template
ATVA2026_benchmark/TERM_LASSO//lasso_traces_zeroconf.t2.c/lasso_trace_5.txt,TERMINATING,0.45,71.59,67.05,59.00,TERMINATING,94,125,219,Affine Template / Affine Template
ATVA2026_benchmark/TERM_LASSO//lasso_traces_zeroconf_withassume.t2.c/lasso_trace_14.txt,TERMINATING,0.50,32.78,25.55,80.00,TERMINATING,644,127,771,Affine Template / Affine Template
ATVA2026_benchmark/TERM_LASSO//lasso_traces_zeroconf_withassume.t2.c/lasso_trace_15.txt,TERMINATING,0.54,462.23,610.75,86.00,TERMINATING,653,66,719,Affine Template / Affine Template
ATVA2026_benchmark/TERM_LASSO//lasso_traces_zeroconf_withassume.t2.c/lasso_trace_4.txt,TERMINATING,0.52,381.04,465.59,71.00,TERMINATING,65,149,214,Affine Template / Affine Template
ATVA2026_benchmark/TERM_LASSO//lasso_traces_zeroconf_withassume.t2.c/lasso_trace_6.txt,TERMINATING,0.53,58.73,62.96,78.00,TERMINATING,94,127,221,Affine Template / Affine Template
ATVA2026_benchmark/TERM_LASSO//lasso_traces_zeroconf_withassume.t2.c/lasso_trace_8.txt,TERMINATING,0.46,257.67,375.95,76.00,TERMINATING,135,66,201,Affine Template / Affine Template
