Trace Name,Result Code,Ultimate-Fixpoint (ms),Ultimate (ms),pasttel (ms),PaSTTeL Status,Stem Size,Loop Size,Total Size Trace,Algo
CP26_BENCHMARK_FINAL/BENCHMARK_SIMPLE_C_BPL/TERM_LASSO//lasso_traces_01-straight.c/lasso_trace_1.txt,TERMINATING,2.28,42.63,5.00,TERMINATING,10,1,11,Affine template / Affine template
CP26_BENCHMARK_FINAL/BENCHMARK_SIMPLE_C_BPL/TERM_LASSO//lasso_traces_04-toylinarith1_false-valid-ltl.c/lasso_trace_1.txt,TERMINATING,1.75,125.50,24.00,TERMINATING,8,1,9,Affine template / Affine template
CP26_BENCHMARK_FINAL/BENCHMARK_SIMPLE_C_BPL/TERM_LASSO//lasso_traces_06-postgreSQL_strmsrv_true-valid-ltl.c/lasso_trace_1.txt,TERMINATING,1.64,171.10,23.00,TERMINATING,8,3,11,Affine template / Affine template
CP26_BENCHMARK_FINAL/BENCHMARK_SIMPLE_C_BPL/TERM_LASSO//lasso_traces_07-postgreSQL_strmsrv_wbug_true-valid-ltl.c/lasso_trace_1.txt,TERMINATING,1.68,180.67,27.00,TERMINATING,8,3,11,Affine template / Affine template
CP26_BENCHMARK_FINAL/BENCHMARK_SIMPLE_C_BPL/TERM_LASSO//lasso_traces_09-postgreSQL_dropbuf_prop1_false-valid-ltl.c/lasso_trace_1.txt,TERMINATING,2.09,290.14,101.00,TERMINATING,8,5,13,Affine template / Affine template
CP26_BENCHMARK_FINAL/BENCHMARK_SIMPLE_C_BPL/TERM_LASSO//lasso_traces_09-postgreSQL_dropbuf_prop1_false-valid-ltl.c/lasso_trace_2.txt,TERMINATING,0.86,204.68,58.00,TERMINATING,8,7,15,Affine template / Affine template
CP26_BENCHMARK_FINAL/BENCHMARK_SIMPLE_C_BPL/TERM_LASSO//lasso_traces_10-postgreSQL_dropbuf_prop2_true-valid-ltl.c/lasso_trace_1.txt,TERMINATING,2.02,281.05,91.00,TERMINATING,8,5,13,Affine template / Affine template
CP26_BENCHMARK_FINAL/BENCHMARK_SIMPLE_C_BPL/TERM_LASSO//lasso_traces_10-postgreSQL_dropbuf_prop2_true-valid-ltl.c/lasso_trace_2.txt,TERMINATING,0.90,224.46,58.00,TERMINATING,8,7,15,Affine template / Affine template
CP26_BENCHMARK_FINAL/BENCHMARK_SIMPLE_C_BPL/TERM_LASSO//lasso_traces_1394complete-fail.t2.c/lasso_trace_1.txt,TERMINATING,1.63,91.01,11.00,TERMINATING,305,18,323,Affine template / Affine template
CP26_BENCHMARK_FINAL/BENCHMARK_SIMPLE_C_BPL/TERM_LASSO//lasso_traces_1394complete-fail.t2.c/lasso_trace_2.txt,TERMINATING,0.46,80.67,14.00,TERMINATING,322,53,375,Affine template / Affine template
CP26_BENCHMARK_FINAL/BENCHMARK_SIMPLE_C_BPL/TERM_LASSO//lasso_traces_1394complete-fail.t2.c/lasso_trace_3.txt,TERMINATING,0.70,76.94,11.00,TERMINATING,339,25,364,Affine template / Affine template
CP26_BENCHMARK_FINAL/BENCHMARK_SIMPLE_C_BPL/TERM_LASSO//lasso_traces_1394complete-succeed.t2.c/lasso_trace_1.txt,TERMINATING,1.59,108.22,11.00,TERMINATING,305,18,323,Affine template / Affine template
CP26_BENCHMARK_FINAL/BENCHMARK_SIMPLE_C_BPL/TERM_LASSO//lasso_traces_1394complete-succeed.t2.c/lasso_trace_2.txt,TERMINATING,0.51,83.04,13.00,TERMINATING,322,53,375,Affine template / Affine template
CP26_BENCHMARK_FINAL/BENCHMARK_SIMPLE_C_BPL/TERM_LASSO//lasso_traces_1394complete-succeed.t2.c/lasso_trace_3.txt,TERMINATING,0.40,74.04,10.00,TERMINATING,339,25,364,Affine template / Affine template
CP26_BENCHMARK_FINAL/BENCHMARK_SIMPLE_C_BPL/TERM_LASSO//lasso_traces_1394complete-succeed.t2.c/lasso_trace_4.txt,TERMINATING,0.40,74.33,11.00,TERMINATING,352,22,374,Affine template / Affine template
CP26_BENCHMARK_FINAL/BENCHMARK_SIMPLE_C_BPL/TERM_LASSO//lasso_traces_1394complete-succeed.t2.c/lasso_trace_5.txt,TERMINATING,0.35,72.91,10.00,TERMINATING,365,13,378,Affine template / Affine template
CP26_BENCHMARK_FINAL/BENCHMARK_SIMPLE_C_BPL/TERM_LASSO//lasso_traces_1394-fail.t2.c/lasso_trace_1.txt,TERMINATING,1.77,95.86,12.00,TERMINATING,297,18,315,Affine template / Affine template
CP26_BENCHMARK_FINAL/BENCHMARK_SIMPLE_C_BPL/TERM_LASSO//lasso_traces_1394-fail.t2.c/lasso_trace_2.txt,TERMINATING,0.45,78.91,13.00,TERMINATING,314,53,367,Affine template / Affine template
CP26_BENCHMARK_FINAL/BENCHMARK_SIMPLE_C_BPL/TERM_LASSO//lasso_traces_1394-succeed.t2.c/lasso_trace_1.txt,TERMINATING,2.04,87.67,10.00,TERMINATING,293,18,311,Affine template / Affine template
CP26_BENCHMARK_FINAL/BENCHMARK_SIMPLE_C_BPL/TERM_LASSO//lasso_traces_1394-succeed.t2.c/lasso_trace_2.txt,TERMINATING,0.44,81.01,14.00,TERMINATING,310,53,363,Affine template / Affine template
CP26_BENCHMARK_FINAL/BENCHMARK_SIMPLE_C_BPL/TERM_LASSO//lasso_traces_13-windows_os_frag1_true-valid-ltl.c/lasso_trace_1.txt,TERMINATING,2.06,107.65,33.00,TERMINATING,8,14,22,Affine template / Affine template
CP26_BENCHMARK_FINAL/BENCHMARK_SIMPLE_C_BPL/TERM_LASSO//lasso_traces_19-windows_os_frag5_true-valid-ltl.c/lasso_trace_1.txt,TERMINATING,2.39,163.05,66.00,TERMINATING,12,12,24,Affine template / Affine template
CP26_BENCHMARK_FINAL/BENCHMARK_SIMPLE_C_BPL/TERM_LASSO//lasso_traces_1.t2.c/lasso_trace_1.txt,TERMINATING,2.17,75.03,10.00,TERMINATING,85,14,99,Affine template / Affine template
CP26_BENCHMARK_FINAL/BENCHMARK_SIMPLE_C_BPL/TERM_LASSO//lasso_traces_2006CAV-GopanReps-Fig1.c/lasso_trace_1.txt,TERMINATING,1.98,95.96,14.00,TERMINATING,5,3,8,Affine template / Affine template
CP26_BENCHMARK_FINAL/BENCHMARK_SIMPLE_C_BPL/TERM_LASSO//lasso_traces_2007POPL-GulwaniJojic-Figure3.c/lasso_trace_1.txt,TERMINATING,1.86,82.09,15.00,TERMINATING,5,2,7,Affine template / Affine template
CP26_BENCHMARK_FINAL/BENCHMARK_SIMPLE_C_BPL/TERM_LASSO//lasso_traces_232.t2.c/lasso_trace_2.txt,TERMINATING,1.54,49.00,5.00,TERMINATING,20,23,43,Affine template / Affine template
CP26_BENCHMARK_FINAL/BENCHMARK_SIMPLE_C_BPL/TERM_LASSO//lasso_traces_232.t2.c/lasso_trace_3.txt,TERMINATING,0.70,33.72,5.00,TERMINATING,25,13,38,Affine template / Affine template
CP26_BENCHMARK_FINAL/BENCHMARK_SIMPLE_C_BPL/TERM_LASSO//lasso_traces_241.t2.c/lasso_trace_2.txt,TERMINATING,1.53,46.19,5.00,TERMINATING,20,23,43,Affine template / Affine template
CP26_BENCHMARK_FINAL/BENCHMARK_SIMPLE_C_BPL/TERM_LASSO//lasso_traces_241.t2.c/lasso_trace_3.txt,TERMINATING,1.00,34.76,7.00,TERMINATING,25,13,38,Affine template / Affine template
CP26_BENCHMARK_FINAL/BENCHMARK_SIMPLE_C_BPL/TERM_LASSO//lasso_traces_2Nested_true-termination.c/lasso_trace_1.txt,TERMINATING,2.15,122.64,13.00,TERMINATING,5,1,6,2 template / Nested template
CP26_BENCHMARK_FINAL/BENCHMARK_SIMPLE_C_BPL/TERM_LASSO//lasso_traces_2.t2.c/lasso_trace_1.txt,TERMINATING,9.48,76.20,9.00,TERMINATING,85,14,99,Affine template / Affine template
CP26_BENCHMARK_FINAL/BENCHMARK_SIMPLE_C_BPL/TERM_LASSO//lasso_traces_4BitCounterPointer-safe.c/lasso_trace_1.txt,TERMINATING,2.04,282.99,143.00,TERMINATING,9,5,14,Affine template / Affine template
CP26_BENCHMARK_FINAL/BENCHMARK_SIMPLE_C_BPL/TERM_LASSO//lasso_traces_4BitCounterPointer_true-termination.c/lasso_trace_1.txt,TERMINATING,3.49,144.40,46.00,TERMINATING,9,5,14,Affine template / Affine template
CP26_BENCHMARK_FINAL/BENCHMARK_SIMPLE_C_BPL/TERM_LASSO//lasso_traces_4NestedWith3Variables_true-termination.c/lasso_trace_1.txt,TERMINATING,2.27,315.35,32.00,UNKNOWN,5,1,6,3 template
CP26_BENCHMARK_FINAL/BENCHMARK_SIMPLE_C_BPL/TERM_LASSO//lasso_traces_960521-1_1_true-valid-memsafety.c/lasso_trace_1.txt,TERMINATING,2.01,66.66,8.00,TERMINATING,5,2,7,Affine template / Affine template
CP26_BENCHMARK_FINAL/BENCHMARK_SIMPLE_C_BPL/TERM_LASSO//lasso_traces_960521-1_1_true-valid-memsafety.c/lasso_trace_2.txt,TERMINATING,0.68,84.15,29.00,TERMINATING,11,2,13,Affine template / Affine template
CP26_BENCHMARK_FINAL/BENCHMARK_SIMPLE_C_BPL/TERM_LASSO//lasso_traces_a.01-alloca_true-termination.c/lasso_trace_3.txt,TERMINATING,2.62,106.25,54.00,TERMINATING,10,15,25,Affine template / Affine template
CP26_BENCHMARK_FINAL/BENCHMARK_SIMPLE_C_BPL/TERM_LASSO//lasso_traces_a.01.c/lasso_trace_2.txt,TERMINATING,1.73,57.45,5.00,TERMINATING,1,3,4,Affine template / Affine template
CP26_BENCHMARK_FINAL/BENCHMARK_SIMPLE_C_BPL/TERM_LASSO//lasso_traces_a.01.c/lasso_trace_3.txt,TERMINATING,0.86,37.74,6.00,TERMINATING,2,1,3,Affine template / Affine template
CP26_BENCHMARK_FINAL/BENCHMARK_SIMPLE_C_BPL/TERM_LASSO//lasso_traces_a.01_true-termination.c/lasso_trace_2.txt,TERMINATING,1.88,56.36,8.00,TERMINATING,7,3,10,Affine template / Affine template
CP26_BENCHMARK_FINAL/BENCHMARK_SIMPLE_C_BPL/TERM_LASSO//lasso_traces_a.01_true-termination.c/lasso_trace_3.txt,TERMINATING,0.46,34.46,8.00,TERMINATING,8,1,9,Affine template / Affine template
CP26_BENCHMARK_FINAL/BENCHMARK_SIMPLE_C_BPL/TERM_LASSO//lasso_traces_a.03.c/lasso_trace_1.txt,TERMINATING,2.41,80.92,12.00,TERMINATING,1,2,3,Affine template / Affine template
CP26_BENCHMARK_FINAL/BENCHMARK_SIMPLE_C_BPL/TERM_LASSO//lasso_traces_a.03.c/lasso_trace_2.txt,TERMINATING,0.66,540.39,75.00,TERMINATING,2,3,5,Affine template / Affine template
CP26_BENCHMARK_FINAL/BENCHMARK_SIMPLE_C_BPL/TERM_LASSO//lasso_traces_a.03-no-inv.c/lasso_trace_1.txt,TERMINATING,3.85,92.48,13.00,TERMINATING,1,2,3,Affine template / Affine template
CP26_BENCHMARK_FINAL/BENCHMARK_SIMPLE_C_BPL/TERM_LASSO//lasso_traces_a.03-no-inv.c/lasso_trace_2.txt,TERMINATING,0.67,553.27,73.00,TERMINATING,2,3,5,Affine template / Affine template
CP26_BENCHMARK_FINAL/BENCHMARK_SIMPLE_C_BPL/TERM_LASSO//lasso_traces_a.03.real.c/lasso_trace_1.txt,TERMINATING,3.52,66.43,12.00,TERMINATING,1,3,4,Affine template / Affine template
CP26_BENCHMARK_FINAL/BENCHMARK_SIMPLE_C_BPL/TERM_LASSO//lasso_traces_a.03.real.c/lasso_trace_2.txt,TERMINATING,1.04,505.72,85.00,TERMINATING,2,4,6,Affine template / Affine template
CP26_BENCHMARK_FINAL/BENCHMARK_SIMPLE_C_BPL/TERM_LASSO//lasso_traces_a.03.real-no-inv.c/lasso_trace_1.txt,TERMINATING,2.74,67.53,17.00,TERMINATING,1,3,4,Affine template / Affine template
CP26_BENCHMARK_FINAL/BENCHMARK_SIMPLE_C_BPL/TERM_LASSO//lasso_traces_a.03.real-no-inv.c/lasso_trace_2.txt,TERMINATING,0.63,487.22,87.00,TERMINATING,2,4,6,Affine template / Affine template
CP26_BENCHMARK_FINAL/BENCHMARK_SIMPLE_C_BPL/TERM_LASSO//lasso_traces_a.04-alloca_true-termination.c/lasso_trace_1.txt,TERMINATING,2.82,186.64,47.00,TERMINATING,10,7,17,Affine template / Affine template
CP26_BENCHMARK_FINAL/BENCHMARK_SIMPLE_C_BPL/TERM_LASSO//lasso_traces_a.04.c/lasso_trace_1.txt,TERMINATING,2.01,51.65,7.00,TERMINATING,1,1,2,Affine template / Affine template
CP26_BENCHMARK_FINAL/BENCHMARK_SIMPLE_C_BPL/TERM_LASSO//lasso_traces_a.04_true-termination.c/lasso_trace_1.txt,TERMINATING,2.16,74.37,7.00,TERMINATING,7,1,8,Affine template / Affine template
CP26_BENCHMARK_FINAL/BENCHMARK_SIMPLE_C_BPL/TERM_LASSO//lasso_traces_a.05-alloca_true-termination.c/lasso_trace_1.txt,TERMINATING,2.65,177.25,45.00,TERMINATING,10,7,17,Affine template / Affine template
CP26_BENCHMARK_FINAL/BENCHMARK_SIMPLE_C_BPL/TERM_LASSO//lasso_traces_a.05.c/lasso_trace_1.txt,TERMINATING,2.08,47.82,5.00,TERMINATING,1,1,2,Affine template / Affine template
CP26_BENCHMARK_FINAL/BENCHMARK_SIMPLE_C_BPL/TERM_LASSO//lasso_traces_a.05_true-termination.c/lasso_trace_1.txt,TERMINATING,1.98,56.62,7.00,TERMINATING,7,1,8,Affine template / Affine template
CP26_BENCHMARK_FINAL/BENCHMARK_SIMPLE_C_BPL/TERM_LASSO//lasso_traces_a.06-alloca_true-termination.c/lasso_trace_1.txt,TERMINATING,3.02,141.93,62.00,TERMINATING,11,10,21,Affine template / Affine template
CP26_BENCHMARK_FINAL/BENCHMARK_SIMPLE_C_BPL/TERM_LASSO//lasso_traces_a.06.c/lasso_trace_1.txt,TERMINATING,2.08,71.55,9.00,TERMINATING,1,1,2,Affine template / Affine template
CP26_BENCHMARK_FINAL/BENCHMARK_SIMPLE_C_BPL/TERM_LASSO//lasso_traces_a.06_true-termination.c/lasso_trace_1.txt,TERMINATING,2.16,71.16,12.00,TERMINATING,7,1,8,Affine template / Affine template
CP26_BENCHMARK_FINAL/BENCHMARK_SIMPLE_C_BPL/TERM_LASSO//lasso_traces_a.07-alloca_true-termination.c/lasso_trace_2.txt,TERMINATING,2.67,224.32,63.00,TERMINATING,11,12,23,Affine template / Affine template
CP26_BENCHMARK_FINAL/BENCHMARK_SIMPLE_C_BPL/TERM_LASSO//lasso_traces_a.07.c/lasso_trace_1.txt,TERMINATING,2.18,64.54,9.00,TERMINATING,1,1,2,Affine template / Affine template
CP26_BENCHMARK_FINAL/BENCHMARK_SIMPLE_C_BPL/TERM_LASSO//lasso_traces_a.07_true-termination.c/lasso_trace_1.txt,TERMINATING,2.05,65.98,10.00,TERMINATING,7,1,8,Affine template / Affine template
CP26_BENCHMARK_FINAL/BENCHMARK_SIMPLE_C_BPL/TERM_LASSO//lasso_traces_a.08-alloca_true-termination.c/lasso_trace_1.txt,TERMINATING,2.66,124.14,43.00,TERMINATING,10,9,19,Affine template / Affine template
CP26_BENCHMARK_FINAL/BENCHMARK_SIMPLE_C_BPL/TERM_LASSO//lasso_traces_a.08.c/lasso_trace_1.txt,TERMINATING,2.28,69.27,8.00,TERMINATING,1,1,2,Affine template / Affine template
CP26_BENCHMARK_FINAL/BENCHMARK_SIMPLE_C_BPL/TERM_LASSO//lasso_traces_a.08_true-termination.c/lasso_trace_1.txt,TERMINATING,2.06,59.13,10.00,TERMINATING,7,1,8,Affine template / Affine template
CP26_BENCHMARK_FINAL/BENCHMARK_SIMPLE_C_BPL/TERM_LASSO//lasso_traces_a.09_assume-alloca_true-termination.c/lasso_trace_1.txt,TERMINATING,2.37,201.78,48.00,TERMINATING,12,8,20,Affine template / Affine template
CP26_BENCHMARK_FINAL/BENCHMARK_SIMPLE_C_BPL/TERM_LASSO//lasso_traces_a.09_assume_true-termination.c/lasso_trace_1.txt,TERMINATING,1.66,55.93,8.00,TERMINATING,8,2,10,Affine template / Affine template
CP26_BENCHMARK_FINAL/BENCHMARK_SIMPLE_C_BPL/TERM_LASSO//lasso_traces_a.10-alloca_true-termination.c/lasso_trace_1.txt,TERMINATING,2.55,130.19,41.00,TERMINATING,10,10,20,Affine template / Affine template
CP26_BENCHMARK_FINAL/BENCHMARK_SIMPLE_C_BPL/TERM_LASSO//lasso_traces_a.10-alloca_true-termination.c/lasso_trace_2.txt,TERMINATING,1.43,90.30,41.00,TERMINATING,16,10,26,Affine template / Affine template
CP26_BENCHMARK_FINAL/BENCHMARK_SIMPLE_C_BPL/TERM_LASSO//lasso_traces_a.10.c.t2.c/lasso_trace_10.txt,TERMINATING,0.41,114.44,32.00,TERMINATING,109,22,131,Affine template / Affine template
CP26_BENCHMARK_FINAL/BENCHMARK_SIMPLE_C_BPL/TERM_LASSO//lasso_traces_a.10.c.t2.c/lasso_trace_2.txt,TERMINATING,1.73,62.13,12.00,TERMINATING,68,22,90,Affine template / Affine template
CP26_BENCHMARK_FINAL/BENCHMARK_SIMPLE_C_BPL/TERM_LASSO//lasso_traces_a.10.c.t2.c/lasso_trace_3.txt,TERMINATING,0.33,49.54,19.00,TERMINATING,72,22,94,Affine template / Affine template
CP26_BENCHMARK_FINAL/BENCHMARK_SIMPLE_C_BPL/TERM_LASSO//lasso_traces_a.10.c.t2.c/lasso_trace_4.txt,TERMINATING,0.31,52.34,12.00,TERMINATING,72,22,94,Affine template / Affine template
CP26_BENCHMARK_FINAL/BENCHMARK_SIMPLE_C_BPL/TERM_LASSO//lasso_traces_a.10.c.t2.c/lasso_trace_5.txt,TERMINATING,0.38,54.05,12.00,TERMINATING,80,22,102,Affine template / Affine template
CP26_BENCHMARK_FINAL/BENCHMARK_SIMPLE_C_BPL/TERM_LASSO//lasso_traces_a.10.c.t2.c/lasso_trace_7.txt,TERMINATING,0.31,50.15,13.00,TERMINATING,84,22,106,Affine template / Affine template
CP26_BENCHMARK_FINAL/BENCHMARK_SIMPLE_C_BPL/TERM_LASSO//lasso_traces_a.10.c.t2.c/lasso_trace_8.txt,TERMINATING,0.41,104.93,39.00,TERMINATING,92,22,114,Affine template / Affine template
CP26_BENCHMARK_FINAL/BENCHMARK_SIMPLE_C_BPL/TERM_LASSO//lasso_traces_a.11.c/lasso_trace_1.txt,TERMINATING,2.11,2543.80,27.00,TERMINATING,1,1,2,2 template / Affine template
CP26_BENCHMARK_FINAL/BENCHMARK_SIMPLE_C_BPL/TERM_LASSO//lasso_traces_aaron2_true-termination.c/lasso_trace_1.txt,TERMINATING,1.85,164.02,17.00,TERMINATING,5,1,6,Affine template / Affine template
CP26_BENCHMARK_FINAL/BENCHMARK_SIMPLE_C_BPL/TERM_LASSO//lasso_traces_aaron3_true-termination.c/lasso_trace_1.txt,TERMINATING,2.12,1658.57,47.00,TERMINATING,5,1,6,2 template / Nested template
CP26_BENCHMARK_FINAL/BENCHMARK_SIMPLE_C_BPL/TERM_LASSO//lasso_traces_Ackermann01_true-termination.c/lasso_trace_1.txt,TERMINATING,2.02,116.30,13.00,TERMINATING,8,4,12,Affine template / Affine template
CP26_BENCHMARK_FINAL/BENCHMARK_SIMPLE_C_BPL/TERM_LASSO//lasso_traces_Ackermann01_true-termination.c/lasso_trace_13.txt,TERMINATING,0.27,170.08,24.00,TERMINATING,53,4,57,Affine template / Affine template
CP26_BENCHMARK_FINAL/BENCHMARK_SIMPLE_C_BPL/TERM_LASSO//lasso_traces_Ackermann01_true-termination.c/lasso_trace_2.txt,TERMINATING,0.52,219.07,40.00,TERMINATING,11,4,15,Affine template / Affine template
CP26_BENCHMARK_FINAL/BENCHMARK_SIMPLE_C_BPL/TERM_LASSO//lasso_traces_Ackermann01_true-termination.c/lasso_trace_4.txt,TERMINATING,0.30,63.32,16.00,TERMINATING,15,8,23,Affine template / Affine template
CP26_BENCHMARK_FINAL/BENCHMARK_SIMPLE_C_BPL/TERM_LASSO//lasso_traces_Ackermann01_true-termination.c/lasso_trace_6.txt,TERMINATING,0.36,190.04,35.00,TERMINATING,18,4,22,Affine template / Affine template
CP26_BENCHMARK_FINAL/BENCHMARK_SIMPLE_C_BPL/TERM_LASSO//lasso_traces_Ackermann_true-termination.c/lasso_trace_1.txt,TERMINATING,1.83,250.12,23.00,TERMINATING,7,4,11,Affine template / Affine template
CP26_BENCHMARK_FINAL/BENCHMARK_SIMPLE_C_BPL/TERM_LASSO//lasso_traces_Ackermann_true-termination.c/lasso_trace_3.txt,TERMINATING,0.30,70.42,14.00,TERMINATING,11,8,19,Affine template / Affine template
CP26_BENCHMARK_FINAL/BENCHMARK_SIMPLE_C_BPL/TERM_LASSO//lasso_traces_Ackermann_true-termination.c/lasso_trace_4.txt,TERMINATING,0.85,209.58,33.00,TERMINATING,13,4,17,Affine template / Affine template
CP26_BENCHMARK_FINAL/BENCHMARK_SIMPLE_C_BPL/TERM_LASSO//lasso_traces_Acsl01-EnsuresLocal-Safe.c/lasso_trace_1.txt,TERMINATING,1.88,60.70,7.00,TERMINATING,7,1,8,Affine template / Affine template
CP26_BENCHMARK_FINAL/BENCHMARK_SIMPLE_C_BPL/TERM_LASSO//lasso_traces_Acsl02-EnsuresLocal-Unsafe.c/lasso_trace_1.txt,TERMINATING,1.96,58.53,10.00,TERMINATING,7,1,8,Affine template / Affine template
CP26_BENCHMARK_FINAL/BENCHMARK_SIMPLE_C_BPL/TERM_LASSO//lasso_traces_Acsl03-EnsuresGlobal-Safe.c/lasso_trace_1.txt,TERMINATING,2.08,50.71,6.00,TERMINATING,7,1,8,Affine template / Affine template
CP26_BENCHMARK_FINAL/BENCHMARK_SIMPLE_C_BPL/TERM_LASSO//lasso_traces_Acsl04-EnsuresGlobal-Unsafe.c/lasso_trace_1.txt,TERMINATING,2.09,52.95,5.00,TERMINATING,7,1,8,Affine template / Affine template
CP26_BENCHMARK_FINAL/BENCHMARK_SIMPLE_C_BPL/TERM_LASSO//lasso_traces_ACSL-InvariantAndContinue.c/lasso_trace_1.txt,TERMINATING,1.81,43.30,5.00,TERMINATING,5,2,7,Affine template / Affine template
CP26_BENCHMARK_FINAL/BENCHMARK_SIMPLE_C_BPL/TERM_LASSO//lasso_traces_AcslLoopInvariant.c/lasso_trace_1.txt,TERMINATING,1.93,51.60,7.00,TERMINATING,5,2,7,Affine template / Affine template
CP26_BENCHMARK_FINAL/BENCHMARK_SIMPLE_C_BPL/TERM_LASSO//lasso_traces_Addition01_true-termination.c/lasso_trace_1.txt,TERMINATING,1.82,58.07,7.00,TERMINATING,8,4,12,Affine template / Affine template
CP26_BENCHMARK_FINAL/BENCHMARK_SIMPLE_C_BPL/TERM_LASSO//lasso_traces_Addition01_true-unreach-call_true-termination.c/lasso_trace_1.txt,TERMINATING,2.22,61.64,7.00,TERMINATING,8,4,12,Affine template / Affine template
CP26_BENCHMARK_FINAL/BENCHMARK_SIMPLE_C_BPL/TERM_LASSO//lasso_traces_add_last-alloca_true-termination.c/lasso_trace_1.txt,TERMINATING,2.06,2164.91,212.00,TERMINATING,6,6,12,Affine template / Affine template
CP26_BENCHMARK_FINAL/BENCHMARK_SIMPLE_C_BPL/TERM_LASSO//lasso_traces_afterrec_2calls_false-unreach-call.c/lasso_trace_1.txt,TERMINATING,1.73,53.60,5.00,TERMINATING,5,6,11,Affine template / Affine template
CP26_BENCHMARK_FINAL/BENCHMARK_SIMPLE_C_BPL/TERM_LASSO//lasso_traces_AliasDarteFeautrierGonnord-SAS2010-aaron2_true-termination.c/lasso_trace_1.txt,TERMINATING,1.75,85.10,15.00,TERMINATING,5,1,6,Affine template / Affine template
CP26_BENCHMARK_FINAL/BENCHMARK_SIMPLE_C_BPL/TERM_LASSO//lasso_traces_AliasDarteFeautrierGonnord-SAS2010-aaron3_true-termination.c/lasso_trace_1.txt,TERMINATING,2.27,1610.03,47.00,TERMINATING,5,1,6,2 template / Nested template
CP26_BENCHMARK_FINAL/BENCHMARK_SIMPLE_C_BPL/TERM_LASSO//lasso_traces_AliasDarteFeautrierGonnord-SAS2010-complex_true-termination.c/lasso_trace_1.txt,TERMINATING,2.02,59.60,11.00,TERMINATING,5,2,7,Affine template / Affine template
CP26_BENCHMARK_FINAL/BENCHMARK_SIMPLE_C_BPL/TERM_LASSO//lasso_traces_AliasDarteFeautrierGonnord-SAS2010-complex_true-termination.c/lasso_trace_2.txt,TERMINATING,0.51,109.29,21.00,TERMINATING,8,1,9,Affine template / Affine template
CP26_BENCHMARK_FINAL/BENCHMARK_SIMPLE_C_BPL/TERM_LASSO//lasso_traces_AliasDarteFeautrierGonnord-SAS2010-complex_true-termination.c/lasso_trace_3.txt,TERMINATING,0.49,153.86,29.00,TERMINATING,11,1,12,Affine template / Affine template
CP26_BENCHMARK_FINAL/BENCHMARK_SIMPLE_C_BPL/TERM_LASSO//lasso_traces_AliasDarteFeautrierGonnord-SAS2010-counterex1b_true-termination.c/lasso_trace_2.txt,TERMINATING,2.88,61.57,10.00,TERMINATING,5,6,11,Affine template / Affine template
CP26_BENCHMARK_FINAL/BENCHMARK_SIMPLE_C_BPL/TERM_LASSO//lasso_traces_AliasDarteFeautrierGonnord-SAS2010-counterex1b_true-termination.c/lasso_trace_3.txt,TERMINATING,0.44,40.96,9.00,TERMINATING,6,2,8,Affine template / Affine template
CP26_BENCHMARK_FINAL/BENCHMARK_SIMPLE_C_BPL/TERM_LASSO//lasso_traces_AliasDarteFeautrierGonnord-SAS2010-counterex1b_true-termination.c/lasso_trace_4.txt,TERMINATING,0.36,42.25,10.00,TERMINATING,11,2,13,Affine template / Affine template
CP26_BENCHMARK_FINAL/BENCHMARK_SIMPLE_C_BPL/TERM_LASSO//lasso_traces_AliasDarteFeautrierGonnord-SAS2010-counterex1b_true-termination.c/lasso_trace_5.txt,TERMINATING,0.30,39.79,10.00,TERMINATING,14,2,16,Affine template / Affine template
CP26_BENCHMARK_FINAL/BENCHMARK_SIMPLE_C_BPL/TERM_LASSO//lasso_traces_AliasDarteFeautrierGonnord-SAS2010-counterex1b_true-termination.c/lasso_trace_6.txt,TERMINATING,0.33,833.71,26.00,UNKNOWN,20,2,22,2 template
CP26_BENCHMARK_FINAL/BENCHMARK_SIMPLE_C_BPL/TERM_LASSO//lasso_traces_AliasDarteFeautrierGonnord-SAS2010-easy1_true-termination.c/lasso_trace_1.txt,TERMINATING,2.06,126.41,17.00,TERMINATING,5,1,6,Affine template / Affine template
CP26_BENCHMARK_FINAL/BENCHMARK_SIMPLE_C_BPL/TERM_LASSO//lasso_traces_AliasDarteFeautrierGonnord-SAS2010-easy2_true-termination.c/lasso_trace_1.txt,TERMINATING,1.91,59.04,9.00,TERMINATING,5,1,6,Affine template / Affine template
CP26_BENCHMARK_FINAL/BENCHMARK_SIMPLE_C_BPL/TERM_LASSO//lasso_traces_AliasDarteFeautrierGonnord-SAS2010-exmini_true-termination.c/lasso_trace_1.txt,TERMINATING,1.99,85.37,14.00,TERMINATING,5,1,6,Affine template / Affine template
CP26_BENCHMARK_FINAL/BENCHMARK_SIMPLE_C_BPL/TERM_LASSO//lasso_traces_AliasDarteFeautrierGonnord-SAS2010-Fig1_true-termination.c/lasso_trace_1.txt,TERMINATING,2.26,50.46,13.00,TERMINATING,5,3,8,Affine template / Affine template
CP26_BENCHMARK_FINAL/BENCHMARK_SIMPLE_C_BPL/TERM_LASSO//lasso_traces_AliasDarteFeautrierGonnord-SAS2010-Fig1_true-termination.c/lasso_trace_10.txt,TERMINATING,0.25,38.03,9.00,TERMINATING,32,3,35,Affine template / Affine template
CP26_BENCHMARK_FINAL/BENCHMARK_SIMPLE_C_BPL/TERM_LASSO//lasso_traces_AliasDarteFeautrierGonnord-SAS2010-Fig1_true-termination.c/lasso_trace_2.txt,TERMINATING,0.37,59.15,9.00,TERMINATING,9,2,11,Affine template / Affine template
CP26_BENCHMARK_FINAL/BENCHMARK_SIMPLE_C_BPL/TERM_LASSO//lasso_traces_AliasDarteFeautrierGonnord-SAS2010-Fig1_true-termination.c/lasso_trace_4.txt,TERMINATING,0.41,48.56,9.00,TERMINATING,11,6,17,Affine template / Affine template
CP26_BENCHMARK_FINAL/BENCHMARK_SIMPLE_C_BPL/TERM_LASSO//lasso_traces_AliasDarteFeautrierGonnord-SAS2010-Fig1_true-termination.c/lasso_trace_6.txt,TERMINATING,0.29,40.97,11.00,TERMINATING,15,8,23,Affine template / Affine template
CP26_BENCHMARK_FINAL/BENCHMARK_SIMPLE_C_BPL/TERM_LASSO//lasso_traces_AliasDarteFeautrierGonnord-SAS2010-Fig1_true-termination.c/lasso_trace_7.txt,TERMINATING,0.28,37.52,10.00,TERMINATING,15,2,17,Affine template / Affine template
CP26_BENCHMARK_FINAL/BENCHMARK_SIMPLE_C_BPL/TERM_LASSO//lasso_traces_AliasDarteFeautrierGonnord-SAS2010-Fig2a_true-termination.c/lasso_trace_2.txt,TERMINATING,1.96,54.75,12.00,TERMINATING,5,4,9,Affine template / Affine template
CP26_BENCHMARK_FINAL/BENCHMARK_SIMPLE_C_BPL/TERM_LASSO//lasso_traces_AliasDarteFeautrierGonnord-SAS2010-Fig2a_true-termination.c/lasso_trace_3.txt,TERMINATING,0.47,917.26,28.00,UNKNOWN,7,2,9,2 template
CP26_BENCHMARK_FINAL/BENCHMARK_SIMPLE_C_BPL/TERM_LASSO//lasso_traces_AliasDarteFeautrierGonnord-SAS2010-Fig2a_true-termination.c/lasso_trace_4.txt,TERMINATING,0.38,866.78,27.00,UNKNOWN,11,2,13,2 template
CP26_BENCHMARK_FINAL/BENCHMARK_SIMPLE_C_BPL/TERM_LASSO//lasso_traces_AliasDarteFeautrierGonnord-SAS2010-Fig2b_true-termination.c/lasso_trace_10.txt,TERMINATING,0.27,41.74,9.00,TERMINATING,14,11,25,Affine template / Affine template
CP26_BENCHMARK_FINAL/BENCHMARK_SIMPLE_C_BPL/TERM_LASSO//lasso_traces_AliasDarteFeautrierGonnord-SAS2010-Fig2b_true-termination.c/lasso_trace_11.txt,TERMINATING,0.25,37.17,12.00,TERMINATING,21,2,23,Affine template / Affine template
CP26_BENCHMARK_FINAL/BENCHMARK_SIMPLE_C_BPL/TERM_LASSO//lasso_traces_AliasDarteFeautrierGonnord-SAS2010-Fig2b_true-termination.c/lasso_trace_12.txt,TERMINATING,0.27,34.38,11.00,TERMINATING,21,11,32,Affine template / Affine template
CP26_BENCHMARK_FINAL/BENCHMARK_SIMPLE_C_BPL/TERM_LASSO//lasso_traces_AliasDarteFeautrierGonnord-SAS2010-Fig2b_true-termination.c/lasso_trace_13.txt,TERMINATING,0.26,46.36,10.00,TERMINATING,23,4,27,Affine template / Affine template
CP26_BENCHMARK_FINAL/BENCHMARK_SIMPLE_C_BPL/TERM_LASSO//lasso_traces_AliasDarteFeautrierGonnord-SAS2010-Fig2b_true-termination.c/lasso_trace_2.txt,TERMINATING,1.90,63.78,12.00,TERMINATING,5,4,9,Affine template / Affine template
CP26_BENCHMARK_FINAL/BENCHMARK_SIMPLE_C_BPL/TERM_LASSO//lasso_traces_AliasDarteFeautrierGonnord-SAS2010-Fig2b_true-termination.c/lasso_trace_3.txt,TERMINATING,0.49,993.88,32.00,UNKNOWN,7,5,12,2 template
CP26_BENCHMARK_FINAL/BENCHMARK_SIMPLE_C_BPL/TERM_LASSO//lasso_traces_AliasDarteFeautrierGonnord-SAS2010-Fig2b_true-termination.c/lasso_trace_4.txt,TERMINATING,0.33,41.32,14.00,TERMINATING,8,2,10,Affine template / Affine template
CP26_BENCHMARK_FINAL/BENCHMARK_SIMPLE_C_BPL/TERM_LASSO//lasso_traces_AliasDarteFeautrierGonnord-SAS2010-Fig2b_true-termination.c/lasso_trace_5.txt,TERMINATING,0.29,79.87,22.00,TERMINATING,13,5,18,Affine template / Affine template
CP26_BENCHMARK_FINAL/BENCHMARK_SIMPLE_C_BPL/TERM_LASSO//lasso_traces_AliasDarteFeautrierGonnord-SAS2010-Fig2b_true-termination.c/lasso_trace_6.txt,TERMINATING,0.26,42.10,10.00,TERMINATING,15,4,19,Affine template / Affine template
CP26_BENCHMARK_FINAL/BENCHMARK_SIMPLE_C_BPL/TERM_LASSO//lasso_traces_AliasDarteFeautrierGonnord-SAS2010-Fig2b_true-termination.c/lasso_trace_7.txt,TERMINATING,0.32,836.31,28.00,UNKNOWN,16,5,21,2 template
CP26_BENCHMARK_FINAL/BENCHMARK_SIMPLE_C_BPL/TERM_LASSO//lasso_traces_AliasDarteFeautrierGonnord-SAS2010-Fig2b_true-termination.c/lasso_trace_8.txt,TERMINATING,0.35,35.47,11.00,TERMINATING,17,2,19,Affine template / Affine template
CP26_BENCHMARK_FINAL/BENCHMARK_SIMPLE_C_BPL/TERM_LASSO//lasso_traces_AliasDarteFeautrierGonnord-SAS2010-Fig2b_true-termination.c/lasso_trace_9.txt,TERMINATING,0.33,44.53,9.00,TERMINATING,19,4,23,Affine template / Affine template
CP26_BENCHMARK_FINAL/BENCHMARK_SIMPLE_C_BPL/TERM_LASSO//lasso_traces_AliasDarteFeautrierGonnord-SAS2010-loops_true-termination.c/lasso_trace_1.txt,TERMINATING,1.73,61.17,9.00,TERMINATING,6,3,9,Affine template / Affine template
CP26_BENCHMARK_FINAL/BENCHMARK_SIMPLE_C_BPL/TERM_LASSO//lasso_traces_AliasDarteFeautrierGonnord-SAS2010-ndecr_true-termination.c/lasso_trace_1.txt,TERMINATING,1.83,56.60,12.00,TERMINATING,5,1,6,Affine template / Affine template
CP26_BENCHMARK_FINAL/BENCHMARK_SIMPLE_C_BPL/TERM_LASSO//lasso_traces_AliasDarteFeautrierGonnord-SAS2010-nestedLoop_true-termination.c/lasso_trace_1.txt,TERMINATING,1.96,77.10,10.00,TERMINATING,6,2,8,Affine template / Affine template
CP26_BENCHMARK_FINAL/BENCHMARK_SIMPLE_C_BPL/TERM_LASSO//lasso_traces_AliasDarteFeautrierGonnord-SAS2010-nestedLoop_true-termination.c/lasso_trace_2.txt,TERMINATING,0.48,51.04,9.00,TERMINATING,8,1,9,Affine template / Affine template
CP26_BENCHMARK_FINAL/BENCHMARK_SIMPLE_C_BPL/TERM_LASSO//lasso_traces_AliasDarteFeautrierGonnord-SAS2010-nestedLoop_true-termination.c/lasso_trace_3.txt,TERMINATING,0.55,43.87,10.00,TERMINATING,9,2,11,Affine template / Affine template
CP26_BENCHMARK_FINAL/BENCHMARK_SIMPLE_C_BPL/TERM_LASSO//lasso_traces_AliasDarteFeautrierGonnord-SAS2010-nestedLoop_true-termination.c/lasso_trace_5.txt,TERMINATING,0.34,42.55,12.00,TERMINATING,10,4,14,Affine template / Affine template
CP26_BENCHMARK_FINAL/BENCHMARK_SIMPLE_C_BPL/TERM_LASSO//lasso_traces_AliasDarteFeautrierGonnord-SAS2010-nestedLoop_true-termination.c/lasso_trace_6.txt,TERMINATING,0.26,37.11,12.00,TERMINATING,11,2,13,Affine template / Affine template
CP26_BENCHMARK_FINAL/BENCHMARK_SIMPLE_C_BPL/TERM_LASSO//lasso_traces_AliasDarteFeautrierGonnord-SAS2010-random1d_true-termination.c/lasso_trace_1.txt,TERMINATING,2.06,110.45,19.00,TERMINATING,6,1,7,Affine template / Affine template
CP26_BENCHMARK_FINAL/BENCHMARK_SIMPLE_C_BPL/TERM_LASSO//lasso_traces_AliasDarteFeautrierGonnord-SAS2010-random2d_true-termination.c/lasso_trace_1.txt,TERMINATING,1.68,519.18,46.00,TERMINATING,5,1,6,Affine template / Affine template
CP26_BENCHMARK_FINAL/BENCHMARK_SIMPLE_C_BPL/TERM_LASSO//lasso_traces_AliasDarteFeautrierGonnord-SAS2010-rsd_true-termination.c/lasso_trace_1.txt,TERMINATING,2.07,122.28,18.00,TERMINATING,6,1,7,Affine template / Affine template
CP26_BENCHMARK_FINAL/BENCHMARK_SIMPLE_C_BPL/TERM_LASSO//lasso_traces_AliasDarteFeautrierGonnord-SAS2010-speedpldi2_true-termination.c/lasso_trace_1.txt,TERMINATING,2.01,125.58,13.00,TERMINATING,6,1,7,Affine template / Affine template
CP26_BENCHMARK_FINAL/BENCHMARK_SIMPLE_C_BPL/TERM_LASSO//lasso_traces_AliasDarteFeautrierGonnord-SAS2010-speedpldi4_true-termination.c/lasso_trace_1.txt,TERMINATING,2.13,97.95,16.00,TERMINATING,6,1,7,Affine template / Affine template
CP26_BENCHMARK_FINAL/BENCHMARK_SIMPLE_C_BPL/TERM_LASSO//lasso_traces_AliasDarteFeautrierGonnord-SAS2010-terminate_true-termination.c/lasso_trace_1.txt,TERMINATING,2.01,68.20,12.00,TERMINATING,5,1,6,Affine template / Affine template
CP26_BENCHMARK_FINAL/BENCHMARK_SIMPLE_C_BPL/TERM_LASSO//lasso_traces_AliasDarteFeautrierGonnord-SAS2010-wcet2_true-termination.c/lasso_trace_1.txt,TERMINATING,1.88,62.42,8.00,TERMINATING,5,2,7,Affine template / Affine template
CP26_BENCHMARK_FINAL/BENCHMARK_SIMPLE_C_BPL/TERM_LASSO//lasso_traces_AliasDarteFeautrierGonnord-SAS2010-wcet2_true-termination.c/lasso_trace_3.txt,TERMINATING,0.40,45.70,9.00,TERMINATING,7,1,8,Affine template / Affine template
CP26_BENCHMARK_FINAL/BENCHMARK_SIMPLE_C_BPL/TERM_LASSO//lasso_traces_AliasDarteFeautrierGonnord-SAS2010-while2_true-termination.c/lasso_trace_2.txt,TERMINATING,0.44,41.34,8.00,TERMINATING,6,1,7,Affine template / Affine template
CP26_BENCHMARK_FINAL/BENCHMARK_SIMPLE_C_BPL/TERM_LASSO//lasso_traces_apchild-accepted-fail.t2.c/lasso_trace_1.txt,TERMINATING,1.95,145.51,18.00,TERMINATING,526,13,539,Affine template / Affine template
CP26_BENCHMARK_FINAL/BENCHMARK_SIMPLE_C_BPL/TERM_LASSO//lasso_traces_apchild-accepted.t2.c/lasso_trace_1.txt,TERMINATING,1.93,142.08,17.00,TERMINATING,526,13,539,Affine template / Affine template
CP26_BENCHMARK_FINAL/BENCHMARK_SIMPLE_C_BPL/TERM_LASSO//lasso_traces_apchildlive-succeed.t2.c/lasso_trace_1.txt,TERMINATING,1.86,125.24,17.00,TERMINATING,505,13,518,Affine template / Affine template
CP26_BENCHMARK_FINAL/BENCHMARK_SIMPLE_C_BPL/TERM_LASSO//lasso_traces_apchild-live.t2.c/lasso_trace_1.txt,TERMINATING,1.91,150.23,21.00,TERMINATING,587,21,608,Affine template / Affine template
CP26_BENCHMARK_FINAL/BENCHMARK_SIMPLE_C_BPL/TERM_LASSO//lasso_traces_array01-alloca_true-termination.c/lasso_trace_2.txt,TERMINATING,1.97,65.26,14.00,TERMINATING,7,4,11,Affine template / Affine template
CP26_BENCHMARK_FINAL/BENCHMARK_SIMPLE_C_BPL/TERM_LASSO//lasso_traces_array01-alloca_true-termination.c/lasso_trace_3.txt,TERMINATING,0.60,59.87,16.00,TERMINATING,8,4,12,Affine template / Affine template
CP26_BENCHMARK_FINAL/BENCHMARK_SIMPLE_C_BPL/TERM_LASSO//lasso_traces_array01-alloca_true-termination.c/lasso_trace_4.txt,TERMINATING,0.50,59.60,20.00,TERMINATING,12,4,16,Affine template / Affine template
CP26_BENCHMARK_FINAL/BENCHMARK_SIMPLE_C_BPL/TERM_LASSO//lasso_traces_array02-alloca_true-termination.c/lasso_trace_2.txt,TERMINATING,1.90,78.87,19.00,TERMINATING,7,6,13,Affine template / Affine template
CP26_BENCHMARK_FINAL/BENCHMARK_SIMPLE_C_BPL/TERM_LASSO//lasso_traces_array02-alloca_true-termination.c/lasso_trace_3.txt,TERMINATING,0.67,56.72,17.00,TERMINATING,8,4,12,Affine template / Affine template
CP26_BENCHMARK_FINAL/BENCHMARK_SIMPLE_C_BPL/TERM_LASSO//lasso_traces_array02-alloca_true-termination.c/lasso_trace_4.txt,TERMINATING,0.63,58.73,25.00,TERMINATING,10,4,14,Affine template / Affine template
CP26_BENCHMARK_FINAL/BENCHMARK_SIMPLE_C_BPL/TERM_LASSO//lasso_traces_array02-alloca_true-termination.c/lasso_trace_5.txt,TERMINATING,0.53,55.13,33.00,TERMINATING,14,4,18,Affine template / Nested template
CP26_BENCHMARK_FINAL/BENCHMARK_SIMPLE_C_BPL/TERM_LASSO//lasso_traces_array02-alloca_true-termination.c/lasso_trace_6.txt,TERMINATING,0.62,64.07,25.00,TERMINATING,16,4,20,Affine template / Affine template
CP26_BENCHMARK_FINAL/BENCHMARK_SIMPLE_C_BPL/TERM_LASSO//lasso_traces_array02-alloca_true-termination.c/lasso_trace_7.txt,TERMINATING,0.58,75.40,23.00,TERMINATING,22,4,26,Affine template / Affine template
CP26_BENCHMARK_FINAL/BENCHMARK_SIMPLE_C_BPL/TERM_LASSO//lasso_traces_array03-alloca_true-termination.c/lasso_trace_2.txt,TERMINATING,1.88,68.70,18.00,TERMINATING,7,6,13,Affine template / Affine template
CP26_BENCHMARK_FINAL/BENCHMARK_SIMPLE_C_BPL/TERM_LASSO//lasso_traces_array03-alloca_true-termination.c/lasso_trace_4.txt,TERMINATING,0.81,70.57,21.00,TERMINATING,11,5,16,Affine template / Affine template
CP26_BENCHMARK_FINAL/BENCHMARK_SIMPLE_C_BPL/TERM_LASSO//lasso_traces_array03-alloca_true-termination.c/lasso_trace_5.txt,TERMINATING,0.68,63.53,27.00,TERMINATING,17,5,22,Affine template / Affine template
CP26_BENCHMARK_FINAL/BENCHMARK_SIMPLE_C_BPL/TERM_LASSO//lasso_traces_array03-alloca_true-termination.c/lasso_trace_6.txt,TERMINATING,0.64,61.65,24.00,TERMINATING,18,5,23,Affine template / Affine template
CP26_BENCHMARK_FINAL/BENCHMARK_SIMPLE_C_BPL/TERM_LASSO//lasso_traces_array10_pattern_simplified.c/lasso_trace_1.txt,TERMINATING,2.02,88.94,9.00,TERMINATING,9,1,10,Affine template / Affine template
CP26_BENCHMARK_FINAL/BENCHMARK_SIMPLE_C_BPL/TERM_LASSO//lasso_traces_array2.t2.c/lasso_trace_1.txt,TERMINATING,1.57,48.81,5.00,TERMINATING,24,13,37,Affine template / Affine template
CP26_BENCHMARK_FINAL/BENCHMARK_SIMPLE_C_BPL/TERM_LASSO//lasso_traces_array3.t2.c/lasso_trace_1.txt,TERMINATING,1.69,46.87,5.00,TERMINATING,28,13,41,Affine template / Affine template
CP26_BENCHMARK_FINAL/BENCHMARK_SIMPLE_C_BPL/TERM_LASSO//lasso_traces_array_free.t2.c/lasso_trace_1.txt,TERMINATING,2.00,50.31,6.00,TERMINATING,16,25,41,Affine template / Affine template
CP26_BENCHMARK_FINAL/BENCHMARK_SIMPLE_C_BPL/TERM_LASSO//lasso_traces_array_init_assign.t2.c/lasso_trace_1.txt,TERMINATING,1.66,49.03,5.00,TERMINATING,20,13,33,Affine template / Affine template
CP26_BENCHMARK_FINAL/BENCHMARK_SIMPLE_C_BPL/TERM_LASSO//lasso_traces_array_init.t2.c/lasso_trace_1.txt,TERMINATING,2.82,44.13,5.00,TERMINATING,16,13,29,Affine template / Affine template
CP26_BENCHMARK_FINAL/BENCHMARK_SIMPLE_C_BPL/TERM_LASSO//lasso_traces_ArrayQuantifierEliminationBug07.c/lasso_trace_1.txt,TERMINATING,2.16,57.64,10.00,TERMINATING,5,2,7,Affine template / Affine template
CP26_BENCHMARK_FINAL/BENCHMARK_SIMPLE_C_BPL/TERM_LASSO//lasso_traces_Arrays01-EquivalentConstantIndices_true-termination.c/lasso_trace_1.txt,TERMINATING,2.00,60.00,11.00,TERMINATING,5,4,9,Affine template / Affine template
CP26_BENCHMARK_FINAL/BENCHMARK_SIMPLE_C_BPL/TERM_LASSO//lasso_traces_ase_example.t2.c/lasso_trace_1.txt,TERMINATING,1.72,56.40,8.00,TERMINATING,44,13,57,Affine template / Affine template
CP26_BENCHMARK_FINAL/BENCHMARK_SIMPLE_C_BPL/TERM_LASSO//lasso_traces_Avery-2006FLOPS-Tabel1_true-alloca_true-termination.c/lasso_trace_2.txt,TERMINATING,2.49,177.87,45.00,TERMINATING,16,6,22,Affine template / Affine template
CP26_BENCHMARK_FINAL/BENCHMARK_SIMPLE_C_BPL/TERM_LASSO//lasso_traces_Avery-FLOPS2006-Table1_true-termination.c/lasso_trace_1.txt,TERMINATING,1.92,65.28,10.00,TERMINATING,6,1,7,Affine template / Affine template
CP26_BENCHMARK_FINAL/BENCHMARK_SIMPLE_C_BPL/TERM_LASSO//lasso_traces_Avg_true.c/lasso_trace_1.txt,TERMINATING,2.06,52.17,7.00,TERMINATING,14,3,17,Affine template / Affine template
CP26_BENCHMARK_FINAL/BENCHMARK_SIMPLE_C_BPL/TERM_LASSO//lasso_traces_Avg_true.c/lasso_trace_3.txt,TERMINATING,0.37,47.63,13.00,TERMINATING,16,7,23,Affine template / Affine template
CP26_BENCHMARK_FINAL/BENCHMARK_SIMPLE_C_BPL/TERM_LASSO//lasso_traces_Avg_true_true-termination.c/lasso_trace_1.txt,TERMINATING,2.94,67.19,11.00,TERMINATING,14,3,17,Affine template / Affine template
CP26_BENCHMARK_FINAL/BENCHMARK_SIMPLE_C_BPL/TERM_LASSO//lasso_traces_Avg_true_true-termination.c/lasso_trace_3.txt,TERMINATING,0.35,45.75,13.00,TERMINATING,16,7,23,Affine template / Affine template
CP26_BENCHMARK_FINAL/BENCHMARK_SIMPLE_C_BPL/TERM_LASSO//lasso_traces_aviad_true-alloca_true-termination.c/lasso_trace_1.txt,TERMINATING,3.07,166.75,48.00,TERMINATING,10,10,20,Affine template / Affine template
CP26_BENCHMARK_FINAL/BENCHMARK_SIMPLE_C_BPL/TERM_LASSO//lasso_traces_aviad_true-termination.c/lasso_trace_1.txt,TERMINATING,2.04,88.04,15.00,TERMINATING,7,1,8,Affine template / Affine template
CP26_BENCHMARK_FINAL/BENCHMARK_SIMPLE_C_BPL/TERM_LASSO//lasso_traces_b.01-alloca_true-termination.c/lasso_trace_1.txt,TERMINATING,2.70,162.58,42.00,TERMINATING,10,7,17,Affine template / Affine template
CP26_BENCHMARK_FINAL/BENCHMARK_SIMPLE_C_BPL/TERM_LASSO//lasso_traces_b.01.c/lasso_trace_1.txt,TERMINATING,1.98,49.17,7.00,TERMINATING,1,1,2,Affine template / Affine template
CP26_BENCHMARK_FINAL/BENCHMARK_SIMPLE_C_BPL/TERM_LASSO//lasso_traces_b.01_true-termination.c/lasso_trace_1.txt,TERMINATING,1.98,54.96,7.00,TERMINATING,7,1,8,Affine template / Affine template
CP26_BENCHMARK_FINAL/BENCHMARK_SIMPLE_C_BPL/TERM_LASSO//lasso_traces_b.02-alloca_true-termination.c/lasso_trace_1.txt,TERMINATING,2.72,120.10,50.00,TERMINATING,10,9,19,Affine template / Affine template
CP26_BENCHMARK_FINAL/BENCHMARK_SIMPLE_C_BPL/TERM_LASSO//lasso_traces_b.02.c/lasso_trace_1.txt,TERMINATING,2.17,74.51,7.00,TERMINATING,1,1,2,Affine template / Affine template
CP26_BENCHMARK_FINAL/BENCHMARK_SIMPLE_C_BPL/TERM_LASSO//lasso_traces_b.02_true-termination.c/lasso_trace_1.txt,TERMINATING,1.98,62.59,9.00,TERMINATING,7,1,8,Affine template / Affine template
CP26_BENCHMARK_FINAL/BENCHMARK_SIMPLE_C_BPL/TERM_LASSO//lasso_traces_b.03_assume-alloca_true-termination.c/lasso_trace_1.txt,TERMINATING,2.19,90.93,38.00,TERMINATING,11,8,19,Affine template / Affine template
CP26_BENCHMARK_FINAL/BENCHMARK_SIMPLE_C_BPL/TERM_LASSO//lasso_traces_b.03_assume_true-termination.c/lasso_trace_1.txt,TERMINATING,1.86,57.68,7.00,TERMINATING,8,2,10,Affine template / Affine template
CP26_BENCHMARK_FINAL/BENCHMARK_SIMPLE_C_BPL/TERM_LASSO//lasso_traces_b.03-no-inv_assume-alloca_true-termination.c/lasso_trace_1.txt,TERMINATING,2.09,167.54,47.00,TERMINATING,11,6,17,Affine template / Nested template
CP26_BENCHMARK_FINAL/BENCHMARK_SIMPLE_C_BPL/TERM_LASSO//lasso_traces_b.03-no-inv_assume_true-termination.c/lasso_trace_1.txt,TERMINATING,1.93,51.12,7.00,TERMINATING,8,1,9,Affine template / Affine template
CP26_BENCHMARK_FINAL/BENCHMARK_SIMPLE_C_BPL/TERM_LASSO//lasso_traces_b.04-alloca_true-termination.c/lasso_trace_1.txt,TERMINATING,2.58,170.29,45.00,TERMINATING,10,9,19,Affine template / Affine template
CP26_BENCHMARK_FINAL/BENCHMARK_SIMPLE_C_BPL/TERM_LASSO//lasso_traces_b.04.c/lasso_trace_1.txt,TERMINATING,1.89,75.91,10.00,TERMINATING,1,1,2,Affine template / Affine template
CP26_BENCHMARK_FINAL/BENCHMARK_SIMPLE_C_BPL/TERM_LASSO//lasso_traces_b.04_true-termination.c/lasso_trace_1.txt,TERMINATING,2.24,66.78,12.00,TERMINATING,7,1,8,Affine template / Affine template
CP26_BENCHMARK_FINAL/BENCHMARK_SIMPLE_C_BPL/TERM_LASSO//lasso_traces_b.05-alloca_true-termination.c/lasso_trace_2.txt,TERMINATING,2.46,104.16,38.00,TERMINATING,10,7,17,Affine template / Affine template
CP26_BENCHMARK_FINAL/BENCHMARK_SIMPLE_C_BPL/TERM_LASSO//lasso_traces_b.05.c/lasso_trace_1.txt,TERMINATING,2.17,51.98,8.00,TERMINATING,1,1,2,Affine template / Affine template
CP26_BENCHMARK_FINAL/BENCHMARK_SIMPLE_C_BPL/TERM_LASSO//lasso_traces_b.05_true-termination.c/lasso_trace_1.txt,TERMINATING,2.14,51.57,27.00,UNKNOWN,7,1,8,Affine template
CP26_BENCHMARK_FINAL/BENCHMARK_SIMPLE_C_BPL/TERM_LASSO//lasso_traces_b.06-alloca_true-termination.c/lasso_trace_2.txt,TERMINATING,2.64,152.36,51.00,TERMINATING,10,10,20,Affine template / Affine template
CP26_BENCHMARK_FINAL/BENCHMARK_SIMPLE_C_BPL/TERM_LASSO//lasso_traces_b.06.c/lasso_trace_1.txt,TERMINATING,2.24,57.23,8.00,TERMINATING,1,1,2,Affine template / Affine template
CP26_BENCHMARK_FINAL/BENCHMARK_SIMPLE_C_BPL/TERM_LASSO//lasso_traces_b.06_true-termination.c/lasso_trace_1.txt,TERMINATING,1.87,65.74,8.00,TERMINATING,7,1,8,Affine template / Affine template
CP26_BENCHMARK_FINAL/BENCHMARK_SIMPLE_C_BPL/TERM_LASSO//lasso_traces_b.07-alloca_true-termination.c/lasso_trace_2.txt,TERMINATING,3.36,284.32,74.00,TERMINATING,11,12,23,Affine template / Affine template
CP26_BENCHMARK_FINAL/BENCHMARK_SIMPLE_C_BPL/TERM_LASSO//lasso_traces_b.07.c/lasso_trace_1.txt,TERMINATING,2.43,79.59,7.00,TERMINATING,1,1,2,Affine template / Affine template
CP26_BENCHMARK_FINAL/BENCHMARK_SIMPLE_C_BPL/TERM_LASSO//lasso_traces_b.07_true-termination.c/lasso_trace_1.txt,TERMINATING,2.33,66.95,13.00,TERMINATING,7,1,8,Affine template / Affine template
CP26_BENCHMARK_FINAL/BENCHMARK_SIMPLE_C_BPL/TERM_LASSO//lasso_traces_b.09_assume-alloca_true-termination.c/lasso_trace_2.txt,TERMINATING,2.56,280.78,85.00,TERMINATING,14,9,23,Affine template / Affine template
CP26_BENCHMARK_FINAL/BENCHMARK_SIMPLE_C_BPL/TERM_LASSO//lasso_traces_b.09_assume-alloca_true-termination.c/lasso_trace_3.txt,TERMINATING,1.75,134.19,50.00,TERMINATING,19,11,30,Affine template / Affine template
CP26_BENCHMARK_FINAL/BENCHMARK_SIMPLE_C_BPL/TERM_LASSO//lasso_traces_b.09_assume_true-termination.c/lasso_trace_1.txt,TERMINATING,2.18,96.54,13.00,TERMINATING,8,3,11,Affine template / Affine template
CP26_BENCHMARK_FINAL/BENCHMARK_SIMPLE_C_BPL/TERM_LASSO//lasso_traces_b.09_assume_true-termination.c/lasso_trace_2.txt,TERMINATING,0.48,44.08,8.00,TERMINATING,9,4,13,Affine template / Affine template
CP26_BENCHMARK_FINAL/BENCHMARK_SIMPLE_C_BPL/TERM_LASSO//lasso_traces_b.09-no-inv_assume-alloca_true-termination.c/lasso_trace_2.txt,TERMINATING,2.65,312.41,79.00,TERMINATING,14,9,23,Affine template / Affine template
CP26_BENCHMARK_FINAL/BENCHMARK_SIMPLE_C_BPL/TERM_LASSO//lasso_traces_b.09-no-inv_assume-alloca_true-termination.c/lasso_trace_3.txt,TERMINATING,1.44,344.44,92.00,TERMINATING,19,9,28,Affine template / Affine template
CP26_BENCHMARK_FINAL/BENCHMARK_SIMPLE_C_BPL/TERM_LASSO//lasso_traces_b.10-alloca_true-termination.c/lasso_trace_1.txt,TERMINATING,2.31,117.02,41.00,TERMINATING,10,9,19,Affine template / Affine template
CP26_BENCHMARK_FINAL/BENCHMARK_SIMPLE_C_BPL/TERM_LASSO//lasso_traces_b.10-alloca_true-termination.c/lasso_trace_3.txt,TERMINATING,1.37,131.42,46.00,TERMINATING,15,11,26,Affine template / Affine template
CP26_BENCHMARK_FINAL/BENCHMARK_SIMPLE_C_BPL/TERM_LASSO//lasso_traces_b.10.c/lasso_trace_1.txt,TERMINATING,2.11,76.48,10.00,TERMINATING,1,1,2,Affine template / Affine template
CP26_BENCHMARK_FINAL/BENCHMARK_SIMPLE_C_BPL/TERM_LASSO//lasso_traces_b.10_true-termination.c/lasso_trace_1.txt,TERMINATING,2.25,101.63,13.00,TERMINATING,7,1,8,Affine template / Affine template
CP26_BENCHMARK_FINAL/BENCHMARK_SIMPLE_C_BPL/TERM_LASSO//lasso_traces_b.11-alloca_true-termination.c/lasso_trace_1.txt,TERMINATING,2.55,115.11,48.00,TERMINATING,10,10,20,Affine template / Affine template
CP26_BENCHMARK_FINAL/BENCHMARK_SIMPLE_C_BPL/TERM_LASSO//lasso_traces_b.11-alloca_true-termination.c/lasso_trace_2.txt,TERMINATING,1.34,121.09,45.00,TERMINATING,16,13,29,Affine template / Affine template
CP26_BENCHMARK_FINAL/BENCHMARK_SIMPLE_C_BPL/TERM_LASSO//lasso_traces_b.11-alloca_true-termination.c/lasso_trace_3.txt,TERMINATING,2.04,86.23,45.00,TERMINATING,19,13,32,Affine template / Affine template
CP26_BENCHMARK_FINAL/BENCHMARK_SIMPLE_C_BPL/TERM_LASSO//lasso_traces_b.11.c/lasso_trace_1.txt,TERMINATING,1.99,84.22,10.00,TERMINATING,1,1,2,Affine template / Affine template
CP26_BENCHMARK_FINAL/BENCHMARK_SIMPLE_C_BPL/TERM_LASSO//lasso_traces_b.11_true-termination.c/lasso_trace_1.txt,TERMINATING,3.01,104.75,15.00,TERMINATING,7,1,8,Affine template / Affine template
CP26_BENCHMARK_FINAL/BENCHMARK_SIMPLE_C_BPL/TERM_LASSO//lasso_traces_b.12-alloca_true-termination.c/lasso_trace_1.txt,TERMINATING,2.77,133.02,44.00,TERMINATING,10,9,19,Affine template / Affine template
CP26_BENCHMARK_FINAL/BENCHMARK_SIMPLE_C_BPL/TERM_LASSO//lasso_traces_b.12-alloca_true-termination.c/lasso_trace_5.txt,TERMINATING,1.42,177.89,50.00,TERMINATING,12,12,24,Affine template / Affine template
CP26_BENCHMARK_FINAL/BENCHMARK_SIMPLE_C_BPL/TERM_LASSO//lasso_traces_b.12.c/lasso_trace_1.txt,TERMINATING,2.52,89.04,10.00,TERMINATING,1,1,2,Affine template / Affine template
CP26_BENCHMARK_FINAL/BENCHMARK_SIMPLE_C_BPL/TERM_LASSO//lasso_traces_b.12_true-termination.c/lasso_trace_1.txt,TERMINATING,2.07,96.71,18.00,TERMINATING,7,1,8,Affine template / Affine template
CP26_BENCHMARK_FINAL/BENCHMARK_SIMPLE_C_BPL/TERM_LASSO//lasso_traces_b.13-alloca_true-termination.c/lasso_trace_1.txt,TERMINATING,2.60,163.24,55.00,TERMINATING,11,11,22,Affine template / Affine template
CP26_BENCHMARK_FINAL/BENCHMARK_SIMPLE_C_BPL/TERM_LASSO//lasso_traces_b.13-alloca_true-termination.c/lasso_trace_5.txt,TERMINATING,1.73,118.26,77.00,TERMINATING,14,16,30,Affine template / Affine template
CP26_BENCHMARK_FINAL/BENCHMARK_SIMPLE_C_BPL/TERM_LASSO//lasso_traces_b.13.c/lasso_trace_1.txt,TERMINATING,2.22,110.48,16.00,TERMINATING,1,1,2,Affine template / Affine template
CP26_BENCHMARK_FINAL/BENCHMARK_SIMPLE_C_BPL/TERM_LASSO//lasso_traces_b.13_true-termination.c/lasso_trace_1.txt,TERMINATING,2.11,119.22,24.00,TERMINATING,7,1,8,Affine template / Affine template
CP26_BENCHMARK_FINAL/BENCHMARK_SIMPLE_C_BPL/TERM_LASSO//lasso_traces_b.14-alloca_true-termination.c/lasso_trace_4.txt,TERMINATING,2.46,116.49,44.00,TERMINATING,10,15,25,Affine template / Affine template
CP26_BENCHMARK_FINAL/BENCHMARK_SIMPLE_C_BPL/TERM_LASSO//lasso_traces_b.14-alloca_true-termination.c/lasso_trace_5.txt,TERMINATING,1.51,89.59,44.00,TERMINATING,15,8,23,Affine template / Affine template
CP26_BENCHMARK_FINAL/BENCHMARK_SIMPLE_C_BPL/TERM_LASSO//lasso_traces_b.14.c/lasso_trace_2.txt,TERMINATING,1.93,53.12,6.00,TERMINATING,1,3,4,Affine template / Affine template
CP26_BENCHMARK_FINAL/BENCHMARK_SIMPLE_C_BPL/TERM_LASSO//lasso_traces_b.14.c/lasso_trace_3.txt,TERMINATING,0.48,40.49,8.00,TERMINATING,4,1,5,Affine template / Affine template
CP26_BENCHMARK_FINAL/BENCHMARK_SIMPLE_C_BPL/TERM_LASSO//lasso_traces_b.14_true-termination.c/lasso_trace_2.txt,TERMINATING,1.96,58.77,9.00,TERMINATING,7,3,10,Affine template / Affine template
CP26_BENCHMARK_FINAL/BENCHMARK_SIMPLE_C_BPL/TERM_LASSO//lasso_traces_b.14_true-termination.c/lasso_trace_3.txt,TERMINATING,1.12,38.45,8.00,TERMINATING,10,1,11,Affine template / Affine template
CP26_BENCHMARK_FINAL/BENCHMARK_SIMPLE_C_BPL/TERM_LASSO//lasso_traces_b.15-alloca_true-termination.c/lasso_trace_4.txt,TERMINATING,2.46,217.69,83.00,TERMINATING,11,18,29,Affine template / Affine template
CP26_BENCHMARK_FINAL/BENCHMARK_SIMPLE_C_BPL/TERM_LASSO//lasso_traces_b.15-alloca_true-termination.c/lasso_trace_6.txt,TERMINATING,1.71,174.57,77.00,TERMINATING,17,9,26,Affine template / Affine template
CP26_BENCHMARK_FINAL/BENCHMARK_SIMPLE_C_BPL/TERM_LASSO//lasso_traces_b.15.c/lasso_trace_2.txt,TERMINATING,1.87,64.21,11.00,TERMINATING,1,3,4,Affine template / Affine template
CP26_BENCHMARK_FINAL/BENCHMARK_SIMPLE_C_BPL/TERM_LASSO//lasso_traces_b.15.c/lasso_trace_3.txt,TERMINATING,1.10,39.28,9.00,TERMINATING,4,1,5,Affine template / Affine template
CP26_BENCHMARK_FINAL/BENCHMARK_SIMPLE_C_BPL/TERM_LASSO//lasso_traces_b.15_true-termination.c/lasso_trace_2.txt,TERMINATING,1.97,53.91,11.00,TERMINATING,7,3,10,Affine template / Affine template
CP26_BENCHMARK_FINAL/BENCHMARK_SIMPLE_C_BPL/TERM_LASSO//lasso_traces_b.16-alloca_true-termination.c/lasso_trace_2.txt,TERMINATING,2.25,132.19,40.00,TERMINATING,10,8,18,Affine template / Affine template
CP26_BENCHMARK_FINAL/BENCHMARK_SIMPLE_C_BPL/TERM_LASSO//lasso_traces_b.16-alloca_true-termination.c/lasso_trace_3.txt,TERMINATING,1.27,88.33,41.00,TERMINATING,14,6,20,Affine template / Affine template
CP26_BENCHMARK_FINAL/BENCHMARK_SIMPLE_C_BPL/TERM_LASSO//lasso_traces_b.16.c/lasso_trace_1.txt,TERMINATING,2.15,51.72,5.00,TERMINATING,1,2,3,Affine template / Affine template
CP26_BENCHMARK_FINAL/BENCHMARK_SIMPLE_C_BPL/TERM_LASSO//lasso_traces_b.16.c/lasso_trace_2.txt,TERMINATING,0.41,35.95,5.00,TERMINATING,2,1,3,Affine template / Affine template
CP26_BENCHMARK_FINAL/BENCHMARK_SIMPLE_C_BPL/TERM_LASSO//lasso_traces_b.16_true-termination.c/lasso_trace_1.txt,TERMINATING,2.00,48.05,7.00,TERMINATING,7,2,9,Affine template / Affine template
CP26_BENCHMARK_FINAL/BENCHMARK_SIMPLE_C_BPL/TERM_LASSO//lasso_traces_b.16_true-termination.c/lasso_trace_2.txt,TERMINATING,0.50,36.62,6.00,TERMINATING,8,1,9,Affine template / Affine template
CP26_BENCHMARK_FINAL/BENCHMARK_SIMPLE_C_BPL/TERM_LASSO//lasso_traces_b.17-alloca_true-termination.c/lasso_trace_2.txt,TERMINATING,2.96,127.80,60.00,TERMINATING,11,10,21,Affine template / Affine template
CP26_BENCHMARK_FINAL/BENCHMARK_SIMPLE_C_BPL/TERM_LASSO//lasso_traces_b.17-alloca_true-termination.c/lasso_trace_3.txt,TERMINATING,1.64,157.22,68.00,TERMINATING,17,7,24,Affine template / Affine template
CP26_BENCHMARK_FINAL/BENCHMARK_SIMPLE_C_BPL/TERM_LASSO//lasso_traces_b.17.c/lasso_trace_1.txt,TERMINATING,2.47,58.47,7.00,TERMINATING,1,2,3,Affine template / Affine template
CP26_BENCHMARK_FINAL/BENCHMARK_SIMPLE_C_BPL/TERM_LASSO//lasso_traces_b.17.c/lasso_trace_2.txt,TERMINATING,0.63,40.80,7.00,TERMINATING,2,1,3,Affine template / Affine template
CP26_BENCHMARK_FINAL/BENCHMARK_SIMPLE_C_BPL/TERM_LASSO//lasso_traces_b.17_true-termination.c/lasso_trace_1.txt,TERMINATING,1.95,60.85,9.00,TERMINATING,7,2,9,Affine template / Affine template
CP26_BENCHMARK_FINAL/BENCHMARK_SIMPLE_C_BPL/TERM_LASSO//lasso_traces_b.17_true-termination.c/lasso_trace_2.txt,TERMINATING,0.54,47.95,9.00,TERMINATING,8,1,9,Affine template / Affine template
CP26_BENCHMARK_FINAL/BENCHMARK_SIMPLE_C_BPL/TERM_LASSO//lasso_traces_b.18-alloca_true-termination.c/lasso_trace_4.txt,TERMINATING,2.08,93.96,33.00,TERMINATING,9,13,22,Affine template / Affine template
CP26_BENCHMARK_FINAL/BENCHMARK_SIMPLE_C_BPL/TERM_LASSO//lasso_traces_b.18-alloca_true-termination.c/lasso_trace_6.txt,TERMINATING,0.91,76.19,40.00,TERMINATING,10,17,27,Affine template / Affine template
CP26_BENCHMARK_FINAL/BENCHMARK_SIMPLE_C_BPL/TERM_LASSO//lasso_traces_b.18-alloca_true-termination.c/lasso_trace_7.txt,TERMINATING,0.71,58.75,25.00,TERMINATING,16,4,20,Affine template / Affine template
CP26_BENCHMARK_FINAL/BENCHMARK_SIMPLE_C_BPL/TERM_LASSO//lasso_traces_b.18-alloca_true-termination.c/lasso_trace_8.txt,TERMINATING,0.69,78.49,20.00,TERMINATING,16,4,20,Affine template / Affine template
CP26_BENCHMARK_FINAL/BENCHMARK_SIMPLE_C_BPL/TERM_LASSO//lasso_traces_b.18.c/lasso_trace_3.txt,TERMINATING,2.08,57.69,5.00,TERMINATING,1,4,5,Affine template / Affine template
CP26_BENCHMARK_FINAL/BENCHMARK_SIMPLE_C_BPL/TERM_LASSO//lasso_traces_b.18.c/lasso_trace_5.txt,TERMINATING,0.54,32.37,7.00,TERMINATING,3,1,4,Affine template / Affine template
CP26_BENCHMARK_FINAL/BENCHMARK_SIMPLE_C_BPL/TERM_LASSO//lasso_traces_b.18_true-termination.c/lasso_trace_3.txt,TERMINATING,2.08,50.37,7.00,TERMINATING,7,4,11,Affine template / Affine template
CP26_BENCHMARK_FINAL/BENCHMARK_SIMPLE_C_BPL/TERM_LASSO//lasso_traces_b.18_true-termination.c/lasso_trace_5.txt,TERMINATING,0.38,36.82,5.00,TERMINATING,9,1,10,Affine template / Affine template
CP26_BENCHMARK_FINAL/BENCHMARK_SIMPLE_C_BPL/TERM_LASSO//lasso_traces_Bangalore.c/lasso_trace_1.txt,TERMINATING,1.67,44.19,5.00,TERMINATING,1,1,2,Affine template / Affine template
CP26_BENCHMARK_FINAL/BENCHMARK_SIMPLE_C_BPL/TERM_LASSO//lasso_traces_Bangalore_true-termination.c/lasso_trace_1.txt,TERMINATING,1.65,50.43,7.00,TERMINATING,6,1,7,Affine template / Affine template
CP26_BENCHMARK_FINAL/BENCHMARK_SIMPLE_C_BPL/TERM_LASSO//lasso_traces_Ben-Amram-2010LMCS-Ex2.3-alloca_true-termination.c/lasso_trace_2.txt,TERMINATING,2.84,149.23,50.00,TERMINATING,8,15,23,Affine template / Affine template
CP26_BENCHMARK_FINAL/BENCHMARK_SIMPLE_C_BPL/TERM_LASSO//lasso_traces_Ben-Amram-2010LMCS-Ex2.3-alloca_true-termination.c/lasso_trace_3.txt,TERMINATING,1.58,95.99,49.00,TERMINATING,18,15,33,Affine template / Affine template
CP26_BENCHMARK_FINAL/BENCHMARK_SIMPLE_C_BPL/TERM_LASSO//lasso_traces_Benghazi_nondet_true-termination.c/lasso_trace_1.txt,TERMINATING,2.16,152.81,22.00,TERMINATING,5,1,6,2 template / Nested template
CP26_BENCHMARK_FINAL/BENCHMARK_SIMPLE_C_BPL/TERM_LASSO//lasso_traces_Benghazi_true-termination.c/lasso_trace_1.txt,TERMINATING,1.76,69.77,16.00,TERMINATING,5,1,6,Affine template / Affine template
CP26_BENCHMARK_FINAL/BENCHMARK_SIMPLE_C_BPL/TERM_LASSO//lasso_traces_binary_search.c/lasso_trace_1.txt,TERMINATING,2.31,133.20,33.00,TERMINATING,1,4,5,Affine template / Affine template
CP26_BENCHMARK_FINAL/BENCHMARK_SIMPLE_C_BPL/TERM_LASSO//lasso_traces_binary_search.c/lasso_trace_2.txt,TERMINATING,0.93,46.89,16.00,TERMINATING,2,6,8,Affine template / Affine template
CP26_BENCHMARK_FINAL/BENCHMARK_SIMPLE_C_BPL/TERM_LASSO//lasso_traces_binary_search.c/lasso_trace_3.txt,TERMINATING,1.04,64.00,40.00,TERMINATING,5,6,11,Affine template / Affine template
CP26_BENCHMARK_FINAL/BENCHMARK_SIMPLE_C_BPL/TERM_LASSO//lasso_traces_binary_search.c/lasso_trace_4.txt,TERMINATING,1.28,133.44,79.00,TERMINATING,9,6,15,Affine template / Affine template
CP26_BENCHMARK_FINAL/BENCHMARK_SIMPLE_C_BPL/TERM_LASSO//lasso_traces_Binary_Search_true-termination.c/lasso_trace_1.txt,TERMINATING,2.17,249.61,30.00,TERMINATING,6,4,10,Affine template / Affine template
CP26_BENCHMARK_FINAL/BENCHMARK_SIMPLE_C_BPL/TERM_LASSO//lasso_traces_Binomial_true.c/lasso_trace_2.txt,TERMINATING,0.37,43.07,7.00,TERMINATING,7,28,35,Affine template / Affine template
CP26_BENCHMARK_FINAL/BENCHMARK_SIMPLE_C_BPL/TERM_LASSO//lasso_traces_Binomial_true-termination.c/lasso_trace_2.txt,TERMINATING,0.39,41.30,11.00,TERMINATING,7,28,35,Affine template / Affine template
CP26_BENCHMARK_FINAL/BENCHMARK_SIMPLE_C_BPL/TERM_LASSO//lasso_traces_binsearch.c/lasso_trace_1.txt,TERMINATING,3.09,885.53,76.00,TERMINATING,1,4,5,Affine template / Affine template
CP26_BENCHMARK_FINAL/BENCHMARK_SIMPLE_C_BPL/TERM_LASSO//lasso_traces_binsearch-recursive.c/lasso_trace_1.txt,TERMINATING,2.13,47.16,41.00,TERMINATING,0,7,7,Affine template / Affine template
CP26_BENCHMARK_FINAL/BENCHMARK_SIMPLE_C_BPL/TERM_LASSO//lasso_traces_binsearch-recursive.c/lasso_trace_2.txt,TERMINATING,1.04,338.82,87.00,TERMINATING,1,7,8,Affine template / Affine template
CP26_BENCHMARK_FINAL/BENCHMARK_SIMPLE_C_BPL/TERM_LASSO//lasso_traces_binsearch-recursive.c/lasso_trace_3.txt,TERMINATING,1.63,621.71,216.00,TERMINATING,8,7,15,Affine template / Affine template
CP26_BENCHMARK_FINAL/BENCHMARK_SIMPLE_C_BPL/TERM_LASSO//lasso_traces_bio.t2.c/lasso_trace_2.txt,TERMINATING,3.42,24338.65,6529.00,TERMINATING,492,372,864,Affine template / Affine template
CP26_BENCHMARK_FINAL/BENCHMARK_SIMPLE_C_BPL/TERM_LASSO//lasso_traces_bitcount16.t2.c/lasso_trace_1.txt,TERMINATING,1.72,63.30,7.00,TERMINATING,56,21,77,Affine template / Affine template
CP26_BENCHMARK_FINAL/BENCHMARK_SIMPLE_C_BPL/TERM_LASSO//lasso_traces_bitcount32.t2.c/lasso_trace_1.txt,TERMINATING,2.91,62.89,10.00,TERMINATING,56,21,77,Affine template / Affine template
CP26_BENCHMARK_FINAL/BENCHMARK_SIMPLE_C_BPL/TERM_LASSO//lasso_traces_bitwiseOps.c/lasso_trace_1.txt,TERMINATING,1.51,16896.30,175.00,TERMINATING,5,1,6,Affine template / Affine template
CP26_BENCHMARK_FINAL/BENCHMARK_SIMPLE_C_BPL/TERM_LASSO//lasso_traces_BoolVsInt.c/lasso_trace_1.txt,TERMINATING,1.49,65.77,7.00,TERMINATING,21,1,22,Affine template / Affine template
CP26_BENCHMARK_FINAL/BENCHMARK_SIMPLE_C_BPL/TERM_LASSO//lasso_traces_BradleyMannaSipma-2005CAV-Fig1-alloca_unknown-termination.c/lasso_trace_4.txt,TERMINATING,2.37,134.31,41.00,TERMINATING,21,6,27,Affine template / Affine template
CP26_BENCHMARK_FINAL/BENCHMARK_SIMPLE_C_BPL/TERM_LASSO//lasso_traces_BradleyMannaSipma-CAV2005-Fig1_true-termination.c/lasso_trace_1.txt,TERMINATING,1.95,107.01,14.00,TERMINATING,6,1,7,Affine template / Affine template
CP26_BENCHMARK_FINAL/BENCHMARK_SIMPLE_C_BPL/TERM_LASSO//lasso_traces_break.c/lasso_trace_1.txt,TERMINATING,1.73,43.10,4.00,TERMINATING,1,1,2,Affine template / Affine template
CP26_BENCHMARK_FINAL/BENCHMARK_SIMPLE_C_BPL/TERM_LASSO//lasso_traces_bresenham.c/lasso_trace_1.txt,TERMINATING,2.24,130.87,24.00,TERMINATING,1,1,2,Affine template / Affine template
CP26_BENCHMARK_FINAL/BENCHMARK_SIMPLE_C_BPL/TERM_LASSO//lasso_traces_BrockschmidtCookFuhs-2013CAV-Fig1-alloca_true-termination.c/lasso_trace_2.txt,TERMINATING,2.35,117.43,35.00,TERMINATING,5,9,14,Affine template / Affine template
CP26_BENCHMARK_FINAL/BENCHMARK_SIMPLE_C_BPL/TERM_LASSO//lasso_traces_BrockschmidtCookFuhs-2013CAV-Fig1-alloca_true-termination.c/lasso_trace_3.txt,TERMINATING,1.22,134.49,35.00,TERMINATING,12,5,17,Affine template / Affine template
CP26_BENCHMARK_FINAL/BENCHMARK_SIMPLE_C_BPL/TERM_LASSO//lasso_traces_BrockschmidtCookFuhs-2013CAV-Fig1-alloca_true-termination.c/lasso_trace_6.txt,TERMINATING,1.24,93.68,44.00,TERMINATING,17,19,36,Affine template / Affine template
CP26_BENCHMARK_FINAL/BENCHMARK_SIMPLE_C_BPL/TERM_LASSO//lasso_traces_BrockschmidtCookFuhs-2013CAV-Introduction-alloca_true-termination.c/lasso_trace_1.txt,TERMINATING,2.36,102.40,30.00,TERMINATING,6,7,13,Affine template / Affine template
CP26_BENCHMARK_FINAL/BENCHMARK_SIMPLE_C_BPL/TERM_LASSO//lasso_traces_BrockschmidtCookFuhs-CAV2013-Fig1_true-termination.c/lasso_trace_1.txt,TERMINATING,2.06,60.25,9.00,TERMINATING,5,2,7,Affine template / Affine template
CP26_BENCHMARK_FINAL/BENCHMARK_SIMPLE_C_BPL/TERM_LASSO//lasso_traces_BrockschmidtCookFuhs-CAV2013-Fig1_true-termination.c/lasso_trace_2.txt,TERMINATING,0.43,50.83,10.00,TERMINATING,6,3,9,Affine template / Affine template
CP26_BENCHMARK_FINAL/BENCHMARK_SIMPLE_C_BPL/TERM_LASSO//lasso_traces_BrockschmidtCookFuhs-CAV2013-Fig1_true-termination.c/lasso_trace_3.txt,TERMINATING,0.44,43.03,9.00,TERMINATING,7,1,8,Affine template / Affine template
CP26_BENCHMARK_FINAL/BENCHMARK_SIMPLE_C_BPL/TERM_LASSO//lasso_traces_BrockschmidtCookFuhs-CAV2013-Fig1_true-termination.c/lasso_trace_4.txt,TERMINATING,0.34,47.79,9.00,TERMINATING,10,1,11,Affine template / Affine template
CP26_BENCHMARK_FINAL/BENCHMARK_SIMPLE_C_BPL/TERM_LASSO//lasso_traces_BrockschmidtCookFuhs-CAV2013-Fig1_true-termination.c/lasso_trace_5.txt,TERMINATING,0.32,43.30,9.00,TERMINATING,11,1,12,Affine template / Affine template
CP26_BENCHMARK_FINAL/BENCHMARK_SIMPLE_C_BPL/TERM_LASSO//lasso_traces_BrockschmidtCookFuhs-CAV2013-Fig1_true-termination.c/lasso_trace_6.txt,TERMINATING,0.26,37.41,9.00,TERMINATING,12,1,13,Affine template / Affine template
CP26_BENCHMARK_FINAL/BENCHMARK_SIMPLE_C_BPL/TERM_LASSO//lasso_traces_BrockschmidtCookFuhs-CAV2013-Fig9a_true-termination.c/lasso_trace_2.txt,TERMINATING,0.61,57.98,10.00,TERMINATING,6,3,9,Affine template / Affine template
CP26_BENCHMARK_FINAL/BENCHMARK_SIMPLE_C_BPL/TERM_LASSO//lasso_traces_BrockschmidtCookFuhs-CAV2013-Fig9a_true-termination.c/lasso_trace_3.txt,TERMINATING,0.48,43.90,10.00,TERMINATING,7,1,8,Affine template / Affine template
CP26_BENCHMARK_FINAL/BENCHMARK_SIMPLE_C_BPL/TERM_LASSO//lasso_traces_BrockschmidtCookFuhs-CAV2013-Fig9a_true-termination.c/lasso_trace_4.txt,TERMINATING,0.41,37.26,9.00,TERMINATING,10,1,11,Affine template / Affine template
CP26_BENCHMARK_FINAL/BENCHMARK_SIMPLE_C_BPL/TERM_LASSO//lasso_traces_BrockschmidtCookFuhs-CAV2013-Introduction_true-termination.c/lasso_trace_1.txt,TERMINATING,1.93,63.92,11.00,TERMINATING,5,1,6,Affine template / Affine template
CP26_BENCHMARK_FINAL/BENCHMARK_SIMPLE_C_BPL/TERM_LASSO//lasso_traces_broydn.c.i.broydn.pl.t2.fixed.t2.c/lasso_trace_1.txt,TERMINATING,1.95,108.73,13.00,TERMINATING,128,26,154,Affine template / Affine template
CP26_BENCHMARK_FINAL/BENCHMARK_SIMPLE_C_BPL/TERM_LASSO//lasso_traces_broydn.c.i.broydn.pl.t2.fixed.t2.c/lasso_trace_12.txt,TERMINATING,0.43,74.79,16.00,TERMINATING,429,22,451,Affine template / Affine template
CP26_BENCHMARK_FINAL/BENCHMARK_SIMPLE_C_BPL/TERM_LASSO//lasso_traces_broydn.c.i.broydn.pl.t2.fixed.t2.c/lasso_trace_13.txt,TERMINATING,0.62,160.78,46.00,TERMINATING,467,13,480,Affine template / Affine template
CP26_BENCHMARK_FINAL/BENCHMARK_SIMPLE_C_BPL/TERM_LASSO//lasso_traces_broydn.c.i.broydn.pl.t2.fixed.t2.c/lasso_trace_2.txt,TERMINATING,0.52,86.33,25.00,TERMINATING,151,120,271,Affine template / Affine template
CP26_BENCHMARK_FINAL/BENCHMARK_SIMPLE_C_BPL/TERM_LASSO//lasso_traces_broydn.c.i.broydn.pl.t2.fixed.t2.c/lasso_trace_3.txt,TERMINATING,0.43,62.96,14.00,TERMINATING,182,27,209,Affine template / Affine template
CP26_BENCHMARK_FINAL/BENCHMARK_SIMPLE_C_BPL/TERM_LASSO//lasso_traces_broydn.c.i.broydn.pl.t2.fixed.t2.c/lasso_trace_5.txt,TERMINATING,0.89,67.24,12.00,TERMINATING,208,35,243,Affine template / Affine template
CP26_BENCHMARK_FINAL/BENCHMARK_SIMPLE_C_BPL/TERM_LASSO//lasso_traces_broydn.c.i.broydn.pl.t2.fixed.t2.c/lasso_trace_6.txt,TERMINATING,0.53,73.44,16.00,TERMINATING,212,35,247,Affine template / Affine template
CP26_BENCHMARK_FINAL/BENCHMARK_SIMPLE_C_BPL/TERM_LASSO//lasso_traces_broydn.c.i.broydn.pl.t2.fixed.t2.c/lasso_trace_7.txt,TERMINATING,0.44,64.40,13.00,TERMINATING,222,17,239,Affine template / Affine template
CP26_BENCHMARK_FINAL/BENCHMARK_SIMPLE_C_BPL/TERM_LASSO//lasso_traces_broydn.c.i.broydn.pl.t2.fixed.t2.c/lasso_trace_8.txt,TERMINATING,0.52,155.61,51.00,TERMINATING,229,22,251,Affine template / Affine template
CP26_BENCHMARK_FINAL/BENCHMARK_SIMPLE_C_BPL/TERM_LASSO//lasso_traces_broydn.c.i.broydn.pl.t2.nor.t2.rlgfixed.t2.c/lasso_trace_1.txt,TERMINATING,2.06,101.91,12.00,TERMINATING,128,26,154,Affine template / Affine template
CP26_BENCHMARK_FINAL/BENCHMARK_SIMPLE_C_BPL/TERM_LASSO//lasso_traces_broydn.c.i.broydn.pl.t2.nor.t2.rlgfixed.t2.c/lasso_trace_12.txt,TERMINATING,0.45,74.50,13.00,TERMINATING,429,22,451,Affine template / Affine template
CP26_BENCHMARK_FINAL/BENCHMARK_SIMPLE_C_BPL/TERM_LASSO//lasso_traces_broydn.c.i.broydn.pl.t2.nor.t2.rlgfixed.t2.c/lasso_trace_13.txt,TERMINATING,0.49,142.21,42.00,TERMINATING,463,13,476,Affine template / Affine template
CP26_BENCHMARK_FINAL/BENCHMARK_SIMPLE_C_BPL/TERM_LASSO//lasso_traces_broydn.c.i.broydn.pl.t2.nor.t2.rlgfixed.t2.c/lasso_trace_2.txt,TERMINATING,0.52,87.64,22.00,TERMINATING,151,120,271,Affine template / Affine template
CP26_BENCHMARK_FINAL/BENCHMARK_SIMPLE_C_BPL/TERM_LASSO//lasso_traces_broydn.c.i.broydn.pl.t2.nor.t2.rlgfixed.t2.c/lasso_trace_3.txt,TERMINATING,0.42,60.05,10.00,TERMINATING,182,27,209,Affine template / Affine template
CP26_BENCHMARK_FINAL/BENCHMARK_SIMPLE_C_BPL/TERM_LASSO//lasso_traces_broydn.c.i.broydn.pl.t2.nor.t2.rlgfixed.t2.c/lasso_trace_5.txt,TERMINATING,0.49,61.86,12.00,TERMINATING,208,35,243,Affine template / Affine template
CP26_BENCHMARK_FINAL/BENCHMARK_SIMPLE_C_BPL/TERM_LASSO//lasso_traces_broydn.c.i.broydn.pl.t2.nor.t2.rlgfixed.t2.c/lasso_trace_6.txt,TERMINATING,0.54,67.36,15.00,TERMINATING,212,35,247,Affine template / Affine template
CP26_BENCHMARK_FINAL/BENCHMARK_SIMPLE_C_BPL/TERM_LASSO//lasso_traces_broydn.c.i.broydn.pl.t2.nor.t2.rlgfixed.t2.c/lasso_trace_7.txt,TERMINATING,0.41,64.14,14.00,TERMINATING,222,17,239,Affine template / Affine template
CP26_BENCHMARK_FINAL/BENCHMARK_SIMPLE_C_BPL/TERM_LASSO//lasso_traces_broydn.c.i.broydn.pl.t2.nor.t2.rlgfixed.t2.c/lasso_trace_8.txt,TERMINATING,0.52,150.67,38.00,TERMINATING,229,22,251,Affine template / Affine template
CP26_BENCHMARK_FINAL/BENCHMARK_SIMPLE_C_BPL/TERM_LASSO//lasso_traces_broydn.t2.c/lasso_trace_1.txt,TERMINATING,2.01,76.11,12.00,TERMINATING,128,26,154,Affine template / Affine template
CP26_BENCHMARK_FINAL/BENCHMARK_SIMPLE_C_BPL/TERM_LASSO//lasso_traces_broydn.t2.c/lasso_trace_2.txt,TERMINATING,0.48,87.97,20.00,TERMINATING,151,120,271,Affine template / Affine template
CP26_BENCHMARK_FINAL/BENCHMARK_SIMPLE_C_BPL/TERM_LASSO//lasso_traces_broydn.t2.c/lasso_trace_3.txt,TERMINATING,0.41,62.97,13.00,TERMINATING,182,27,209,Affine template / Affine template
CP26_BENCHMARK_FINAL/BENCHMARK_SIMPLE_C_BPL/TERM_LASSO//lasso_traces_broydn.t2.c/lasso_trace_5.txt,TERMINATING,0.53,69.03,13.00,TERMINATING,208,35,243,Affine template / Affine template
CP26_BENCHMARK_FINAL/BENCHMARK_SIMPLE_C_BPL/TERM_LASSO//lasso_traces_broydn.t2.c/lasso_trace_6.txt,TERMINATING,0.49,65.95,15.00,TERMINATING,212,35,247,Affine template / Affine template
CP26_BENCHMARK_FINAL/BENCHMARK_SIMPLE_C_BPL/TERM_LASSO//lasso_traces_broydn.t2.c/lasso_trace_7.txt,TERMINATING,0.37,66.11,14.00,TERMINATING,222,17,239,Affine template / Affine template
CP26_BENCHMARK_FINAL/BENCHMARK_SIMPLE_C_BPL/TERM_LASSO//lasso_traces_broydn.t2.c/lasso_trace_8.txt,TERMINATING,0.42,67.74,12.00,TERMINATING,230,22,252,Affine template / Affine template
CP26_BENCHMARK_FINAL/BENCHMARK_SIMPLE_C_BPL/TERM_LASSO//lasso_traces_brp_withassume.t2.c/lasso_trace_10.txt,TERMINATING,0.42,86.11,17.00,TERMINATING,292,25,317,Affine template / Affine template
CP26_BENCHMARK_FINAL/BENCHMARK_SIMPLE_C_BPL/TERM_LASSO//lasso_traces_brp_withassume.t2.c/lasso_trace_11.txt,TERMINATING,0.61,76.95,31.00,TERMINATING,330,67,397,Affine template / Affine template
CP26_BENCHMARK_FINAL/BENCHMARK_SIMPLE_C_BPL/TERM_LASSO//lasso_traces_brp_withassume.t2.c/lasso_trace_13.txt,TERMINATING,0.51,81.67,25.00,TERMINATING,557,67,624,Affine template / Affine template
CP26_BENCHMARK_FINAL/BENCHMARK_SIMPLE_C_BPL/TERM_LASSO//lasso_traces_brp_withassume.t2.c/lasso_trace_3.txt,TERMINATING,0.48,57.62,13.00,TERMINATING,121,25,146,Affine template / Affine template
CP26_BENCHMARK_FINAL/BENCHMARK_SIMPLE_C_BPL/TERM_LASSO//lasso_traces_brutesearch.c/lasso_trace_2.txt,TERMINATING,1.77,2464.10,226.00,TERMINATING,5,5,10,Affine template / Affine template
CP26_BENCHMARK_FINAL/BENCHMARK_SIMPLE_C_BPL/TERM_LASSO//lasso_traces_brutesearch-no-inv.c/lasso_trace_2.txt,TERMINATING,1.92,2619.50,223.00,TERMINATING,5,5,10,Affine template / Affine template
CP26_BENCHMARK_FINAL/BENCHMARK_SIMPLE_C_BPL/TERM_LASSO//lasso_traces_bsort100.t2.c/lasso_trace_1.txt,TERMINATING,2.17,54.71,5.00,TERMINATING,40,13,53,Affine template / Affine template
CP26_BENCHMARK_FINAL/BENCHMARK_SIMPLE_C_BPL/TERM_LASSO//lasso_traces_bubble_nice.c/lasso_trace_1.txt,TERMINATING,2.03,71.31,12.00,TERMINATING,5,2,7,Affine template / Affine template
CP26_BENCHMARK_FINAL/BENCHMARK_SIMPLE_C_BPL/TERM_LASSO//lasso_traces_bubblesort-alloca_true-termination.c/lasso_trace_1.txt,TERMINATING,1.73,68.45,9.00,TERMINATING,7,2,9,Affine template / Affine template
CP26_BENCHMARK_FINAL/BENCHMARK_SIMPLE_C_BPL/TERM_LASSO//lasso_traces_bubblesort-alloca_true-termination.c/lasso_trace_2.txt,TERMINATING,0.59,78.22,17.00,TERMINATING,8,5,13,Affine template / Affine template
CP26_BENCHMARK_FINAL/BENCHMARK_SIMPLE_C_BPL/TERM_LASSO//lasso_traces_bubble_sort.c/lasso_trace_1.txt,TERMINATING,3.51,63.51,8.00,TERMINATING,1,2,3,Affine template / Affine template
CP26_BENCHMARK_FINAL/BENCHMARK_SIMPLE_C_BPL/TERM_LASSO//lasso_traces_bubble_sort.c/lasso_trace_2.txt,TERMINATING,0.64,54.65,11.00,TERMINATING,2,5,7,Affine template / Affine template
CP26_BENCHMARK_FINAL/BENCHMARK_SIMPLE_C_BPL/TERM_LASSO//lasso_traces_bubblesort_inner_loop.t2.c/lasso_trace_1.txt,TERMINATING,1.73,48.53,6.00,TERMINATING,28,25,53,Affine template / Affine template
CP26_BENCHMARK_FINAL/BENCHMARK_SIMPLE_C_BPL/TERM_LASSO//lasso_traces_BubblesortMalloc_true-termination.c/lasso_trace_1.txt,TERMINATING,1.58,63.98,10.00,TERMINATING,7,2,9,Affine template / Affine template
CP26_BENCHMARK_FINAL/BENCHMARK_SIMPLE_C_BPL/TERM_LASSO//lasso_traces_BubblesortMalloc_true-termination.c/lasso_trace_2.txt,TERMINATING,0.90,136.61,39.00,TERMINATING,8,5,13,Affine template / Affine template
CP26_BENCHMARK_FINAL/BENCHMARK_SIMPLE_C_BPL/TERM_LASSO//lasso_traces_BubblesortMalloc_true-termination.c/lasso_trace_5.txt,TERMINATING,0.53,76.36,82.00,TERMINATING,20,5,25,Affine template / Affine template
CP26_BENCHMARK_FINAL/BENCHMARK_SIMPLE_C_BPL/TERM_LASSO//lasso_traces_BubblesortMalloc_true-termination.c/lasso_trace_6.txt,TERMINATING,0.55,152.55,58.00,TERMINATING,25,5,30,Affine template / Affine template
CP26_BENCHMARK_FINAL/BENCHMARK_SIMPLE_C_BPL/TERM_LASSO//lasso_traces_BubblesortMallocWithSwapFunction_true-termination.c/lasso_trace_1.txt,TERMINATING,1.86,66.88,12.00,TERMINATING,7,2,9,Affine template / Affine template
CP26_BENCHMARK_FINAL/BENCHMARK_SIMPLE_C_BPL/TERM_LASSO//lasso_traces_BubblesortMallocWithSwapFunction_true-termination.c/lasso_trace_2.txt,TERMINATING,0.89,158.47,40.00,TERMINATING,8,5,13,Affine template / Affine template
CP26_BENCHMARK_FINAL/BENCHMARK_SIMPLE_C_BPL/TERM_LASSO//lasso_traces_bubbleSort.t2.c/lasso_trace_1.txt,TERMINATING,1.95,66.64,7.00,TERMINATING,44,13,57,Affine template / Affine template
CP26_BENCHMARK_FINAL/BENCHMARK_SIMPLE_C_BPL/TERM_LASSO//lasso_traces_bubbleSort.t2.c/lasso_trace_5.txt,TERMINATING,0.30,46.56,9.00,TERMINATING,92,25,117,Affine template / Affine template
CP26_BENCHMARK_FINAL/BENCHMARK_SIMPLE_C_BPL/TERM_LASSO//lasso_traces_Bubblesort_true-termination.c/lasso_trace_1.txt,TERMINATING,1.63,63.81,7.00,TERMINATING,7,2,9,Affine template / Affine template
CP26_BENCHMARK_FINAL/BENCHMARK_SIMPLE_C_BPL/TERM_LASSO//lasso_traces_Bubblesort_true-termination.c/lasso_trace_2.txt,TERMINATING,0.75,115.62,29.00,TERMINATING,8,5,13,Affine template / Affine template
CP26_BENCHMARK_FINAL/BENCHMARK_SIMPLE_C_BPL/TERM_LASSO//lasso_traces_Bubblesort_true-termination.c/lasso_trace_5.txt,TERMINATING,0.61,58.95,59.00,TERMINATING,20,5,25,Affine template / Affine template
CP26_BENCHMARK_FINAL/BENCHMARK_SIMPLE_C_BPL/TERM_LASSO//lasso_traces_Bubblesort_true-termination.c/lasso_trace_6.txt,TERMINATING,0.59,152.63,50.00,TERMINATING,25,5,30,Affine template / Affine template
CP26_BENCHMARK_FINAL/BENCHMARK_SIMPLE_C_BPL/TERM_LASSO//lasso_traces_Bubblesort_true-termination.c/lasso_trace_7.txt,TERMINATING,0.45,321.24,79.00,TERMINATING,30,5,35,Affine template / Affine template
CP26_BENCHMARK_FINAL/BENCHMARK_SIMPLE_C_BPL/TERM_LASSO//lasso_traces_BubblesortWithoutArrays_true-termination.c/lasso_trace_1.txt,TERMINATING,2.05,45.44,5.00,TERMINATING,7,2,9,Affine template / Affine template
CP26_BENCHMARK_FINAL/BENCHMARK_SIMPLE_C_BPL/TERM_LASSO//lasso_traces_BubblesortWithoutArrays_true-termination.c/lasso_trace_2.txt,TERMINATING,0.74,40.58,5.00,TERMINATING,8,1,9,Affine template / Affine template
CP26_BENCHMARK_FINAL/BENCHMARK_SIMPLE_C_BPL/TERM_LASSO//lasso_traces_BubblesortWithSwapFunction_true-termination.c/lasso_trace_1.txt,TERMINATING,1.83,61.75,10.00,TERMINATING,7,2,9,Affine template / Affine template
CP26_BENCHMARK_FINAL/BENCHMARK_SIMPLE_C_BPL/TERM_LASSO//lasso_traces_BubblesortWithSwapFunction_true-termination.c/lasso_trace_2.txt,TERMINATING,0.92,125.51,40.00,TERMINATING,8,5,13,Affine template / Affine template
CP26_BENCHMARK_FINAL/BENCHMARK_SIMPLE_C_BPL/TERM_LASSO//lasso_traces_Buffer_overFlow_in_loop_nonSecurity.c/lasso_trace_1.txt,TERMINATING,1.83,49.52,7.00,TERMINATING,5,3,8,Affine template / Affine template
CP26_BENCHMARK_FINAL/BENCHMARK_SIMPLE_C_BPL/TERM_LASSO//lasso_traces_Buffer_overFlow_in_loop_Security.c/lasso_trace_1.txt,TERMINATING,2.08,45.41,6.00,TERMINATING,5,3,8,Affine template / Affine template
CP26_BENCHMARK_FINAL/BENCHMARK_SIMPLE_C_BPL/TERM_LASSO//lasso_traces_bug02_isEmptyHeuristic_recursion.c/lasso_trace_1.txt,TERMINATING,1.84,30.70,7.00,TERMINATING,6,4,10,Affine template / Affine template
CP26_BENCHMARK_FINAL/BENCHMARK_SIMPLE_C_BPL/TERM_LASSO//lasso_traces_bug02_isEmptyHeuristic_recursion.c/lasso_trace_2.txt,TERMINATING,0.49,46.81,10.00,TERMINATING,9,4,13,Affine template / Affine template
CP26_BENCHMARK_FINAL/BENCHMARK_SIMPLE_C_BPL/TERM_LASSO//lasso_traces_bug02_isEmptyHeuristic_recursion.c/lasso_trace_3.txt,TERMINATING,0.47,46.63,10.00,TERMINATING,13,4,17,Affine template / Affine template
CP26_BENCHMARK_FINAL/BENCHMARK_SIMPLE_C_BPL/TERM_LASSO//lasso_traces_bug02_isEmptyHeuristic_recursion.c/lasso_trace_5.txt,TERMINATING,0.34,35.39,9.00,TERMINATING,14,8,22,Affine template / Affine template
CP26_BENCHMARK_FINAL/BENCHMARK_SIMPLE_C_BPL/TERM_LASSO//lasso_traces_bug02_isEmptyHeuristic_recursion.c/lasso_trace_6.txt,TERMINATING,0.37,41.38,11.00,TERMINATING,15,4,19,Affine template / Affine template
CP26_BENCHMARK_FINAL/BENCHMARK_SIMPLE_C_BPL/TERM_LASSO//lasso_traces_bug06_IsEmptyHeuristic.c/lasso_trace_2.txt,TERMINATING,1.73,42.28,5.00,TERMINATING,5,4,9,Affine template / Affine template
CP26_BENCHMARK_FINAL/BENCHMARK_SIMPLE_C_BPL/TERM_LASSO//lasso_traces_BugDoubleLabel.c/lasso_trace_1.txt,TERMINATING,1.71,50.43,5.00,TERMINATING,5,3,8,Affine template / Affine template
CP26_BENCHMARK_FINAL/BENCHMARK_SIMPLE_C_BPL/TERM_LASSO//lasso_traces_bug-FalseStemFeasible.c/lasso_trace_1.txt,TERMINATING,1.88,59.57,7.00,TERMINATING,5,1,6,Affine template / Affine template
CP26_BENCHMARK_FINAL/BENCHMARK_SIMPLE_C_BPL/TERM_LASSO//lasso_traces_bug-IndexOutOfBounds.c/lasso_trace_1.txt,TERMINATING,2.24,69.56,31.00,UNKNOWN,5,2,7,Affine template
CP26_BENCHMARK_FINAL/BENCHMARK_SIMPLE_C_BPL/TERM_LASSO//lasso_traces_BugOldVars01.c/lasso_trace_1.txt,TERMINATING,1.80,50.84,9.00,TERMINATING,7,1,8,Affine template / Affine template
CP26_BENCHMARK_FINAL/BENCHMARK_SIMPLE_C_BPL/TERM_LASSO//lasso_traces_BugOldVars01-simplified.c/lasso_trace_1.txt,TERMINATING,1.87,49.28,7.00,TERMINATING,6,1,7,Affine template / Affine template
CP26_BENCHMARK_FINAL/BENCHMARK_SIMPLE_C_BPL/TERM_LASSO//lasso_traces_BugRewriteArraysNullpointerException.c/lasso_trace_1.txt,TERMINATING,2.28,66.62,9.00,TERMINATING,7,2,9,Affine template / Affine template
CP26_BENCHMARK_FINAL/BENCHMARK_SIMPLE_C_BPL/TERM_LASSO//lasso_traces_builtin_return_address.c/lasso_trace_1.txt,TERMINATING,1.85,59.44,6.00,TERMINATING,5,1,6,Affine template / Affine template
CP26_BENCHMARK_FINAL/BENCHMARK_SIMPLE_C_BPL/TERM_LASSO//lasso_traces_byron-1.t2.c/lasso_trace_1.txt,TERMINATING,1.96,51.54,9.00,TERMINATING,33,13,46,Affine template / Affine template
CP26_BENCHMARK_FINAL/BENCHMARK_SIMPLE_C_BPL/TERM_LASSO//lasso_traces_byron-2.t2.c/lasso_trace_1.txt,TERMINATING,1.80,59.62,11.00,TERMINATING,40,28,68,Affine template / Affine template
CP26_BENCHMARK_FINAL/BENCHMARK_SIMPLE_C_BPL/TERM_LASSO//lasso_traces_byron-2.t2.c/lasso_trace_2.txt,TERMINATING,0.36,42.59,16.00,TERMINATING,73,42,115,Affine template / Affine template
CP26_BENCHMARK_FINAL/BENCHMARK_SIMPLE_C_BPL/TERM_LASSO//lasso_traces_byron-2.t2.c/lasso_trace_3.txt,TERMINATING,0.37,95.04,28.00,TERMINATING,89,28,117,Affine template / Affine template
CP26_BENCHMARK_FINAL/BENCHMARK_SIMPLE_C_BPL/TERM_LASSO//lasso_traces_byron-3.t2.c/lasso_trace_1.txt,TERMINATING,2.03,145.34,12.00,TERMINATING,28,13,41,2 template / Nested template
CP26_BENCHMARK_FINAL/BENCHMARK_SIMPLE_C_BPL/TERM_LASSO//lasso_traces_byron-4.t2.c/lasso_trace_3.txt,TERMINATING,1.78,56.75,10.00,TERMINATING,37,45,82,Affine template / Affine template
CP26_BENCHMARK_FINAL/BENCHMARK_SIMPLE_C_BPL/TERM_LASSO//lasso_traces_c.01_assume-alloca_true-termination.c/lasso_trace_2.txt,TERMINATING,2.30,94.70,31.00,TERMINATING,9,8,17,Affine template / Affine template
CP26_BENCHMARK_FINAL/BENCHMARK_SIMPLE_C_BPL/TERM_LASSO//lasso_traces_c.01_assume-alloca_true-termination.c/lasso_trace_3.txt,TERMINATING,0.98,94.08,30.00,TERMINATING,12,7,19,Affine template / Affine template
CP26_BENCHMARK_FINAL/BENCHMARK_SIMPLE_C_BPL/TERM_LASSO//lasso_traces_c.01_assume_true-termination.c/lasso_trace_1.txt,TERMINATING,1.79,48.99,7.00,TERMINATING,7,2,9,Affine template / Affine template
CP26_BENCHMARK_FINAL/BENCHMARK_SIMPLE_C_BPL/TERM_LASSO//lasso_traces_c.01_assume_true-termination.c/lasso_trace_2.txt,TERMINATING,0.51,40.55,7.00,TERMINATING,8,2,10,Affine template / Affine template
CP26_BENCHMARK_FINAL/BENCHMARK_SIMPLE_C_BPL/TERM_LASSO//lasso_traces_c.01.c/lasso_trace_1.txt,TERMINATING,3.24,49.95,6.00,TERMINATING,1,2,3,Affine template / Affine template
CP26_BENCHMARK_FINAL/BENCHMARK_SIMPLE_C_BPL/TERM_LASSO//lasso_traces_c.01-no-inv-alloca_true-termination.c/lasso_trace_2.txt,TERMINATING,2.84,98.66,44.00,TERMINATING,10,8,18,Affine template / Affine template
CP26_BENCHMARK_FINAL/BENCHMARK_SIMPLE_C_BPL/TERM_LASSO//lasso_traces_c.01-no-inv.c/lasso_trace_1.txt,TERMINATING,2.14,44.24,7.00,TERMINATING,1,2,3,Affine template / Affine template
CP26_BENCHMARK_FINAL/BENCHMARK_SIMPLE_C_BPL/TERM_LASSO//lasso_traces_c.01-no-inv_true-termination.c/lasso_trace_1.txt,TERMINATING,2.00,51.11,7.00,TERMINATING,7,2,9,Affine template / Affine template
CP26_BENCHMARK_FINAL/BENCHMARK_SIMPLE_C_BPL/TERM_LASSO//lasso_traces_c.02.c/lasso_trace_1.txt,TERMINATING,2.16,51.59,7.00,TERMINATING,1,2,3,Affine template / Affine template
CP26_BENCHMARK_FINAL/BENCHMARK_SIMPLE_C_BPL/TERM_LASSO//lasso_traces_c.02.c/lasso_trace_2.txt,TERMINATING,0.56,35.66,6.00,TERMINATING,2,1,3,Affine template / Affine template
CP26_BENCHMARK_FINAL/BENCHMARK_SIMPLE_C_BPL/TERM_LASSO//lasso_traces_c.02_true-termination.c/lasso_trace_1.txt,TERMINATING,2.18,48.10,6.00,TERMINATING,7,2,9,Affine template / Affine template
CP26_BENCHMARK_FINAL/BENCHMARK_SIMPLE_C_BPL/TERM_LASSO//lasso_traces_c.02_true-termination.c/lasso_trace_2.txt,TERMINATING,0.39,41.01,8.00,TERMINATING,8,1,9,Affine template / Affine template
CP26_BENCHMARK_FINAL/BENCHMARK_SIMPLE_C_BPL/TERM_LASSO//lasso_traces_c.03-alloca_true-termination.c/lasso_trace_1.txt,TERMINATING,2.98,158.20,67.00,TERMINATING,11,10,21,Affine template / Affine template
CP26_BENCHMARK_FINAL/BENCHMARK_SIMPLE_C_BPL/TERM_LASSO//lasso_traces_c.03-alloca_true-termination.c/lasso_trace_2.txt,TERMINATING,1.60,106.48,70.00,TERMINATING,17,10,27,Affine template / Affine template
CP26_BENCHMARK_FINAL/BENCHMARK_SIMPLE_C_BPL/TERM_LASSO//lasso_traces_c.03.c/lasso_trace_1.txt,TERMINATING,2.18,95.12,17.00,TERMINATING,1,1,2,Affine template / Affine template
CP26_BENCHMARK_FINAL/BENCHMARK_SIMPLE_C_BPL/TERM_LASSO//lasso_traces_c.03_true-termination.c/lasso_trace_1.txt,TERMINATING,2.18,122.59,21.00,TERMINATING,7,1,8,Affine template / Affine template
CP26_BENCHMARK_FINAL/BENCHMARK_SIMPLE_C_BPL/TERM_LASSO//lasso_traces_c.04.c/lasso_trace_1.txt,TERMINATING,2.14,92.78,21.00,TERMINATING,2,1,3,Affine template / Affine template
CP26_BENCHMARK_FINAL/BENCHMARK_SIMPLE_C_BPL/TERM_LASSO//lasso_traces_c.04-no-inv.c/lasso_trace_1.txt,TERMINATING,2.15,104.78,25.00,TERMINATING,2,1,3,Affine template / Affine template
CP26_BENCHMARK_FINAL/BENCHMARK_SIMPLE_C_BPL/TERM_LASSO//lasso_traces_c.06.c/lasso_trace_1.txt,TERMINATING,2.08,405.85,49.00,TERMINATING,1,1,2,Affine template / Affine template
CP26_BENCHMARK_FINAL/BENCHMARK_SIMPLE_C_BPL/TERM_LASSO//lasso_traces_c.07-alloca_true-termination.c/lasso_trace_2.txt,TERMINATING,2.97,180.62,97.00,TERMINATING,12,14,26,Affine template / Affine template
CP26_BENCHMARK_FINAL/BENCHMARK_SIMPLE_C_BPL/TERM_LASSO//lasso_traces_c.07.c/lasso_trace_1.txt,TERMINATING,2.29,69.59,14.00,TERMINATING,1,1,2,Affine template / Nested template
CP26_BENCHMARK_FINAL/BENCHMARK_SIMPLE_C_BPL/TERM_LASSO//lasso_traces_c.07_true-termination.c/lasso_trace_1.txt,TERMINATING,1.82,64.36,11.00,TERMINATING,7,1,8,Affine template / Affine template
CP26_BENCHMARK_FINAL/BENCHMARK_SIMPLE_C_BPL/TERM_LASSO//lasso_traces_c.08-alloca_true-termination.c/lasso_trace_2.txt,TERMINATING,2.05,168.91,38.00,TERMINATING,10,8,18,Affine template / Affine template
CP26_BENCHMARK_FINAL/BENCHMARK_SIMPLE_C_BPL/TERM_LASSO//lasso_traces_c.08.c/lasso_trace_1.txt,TERMINATING,1.89,48.60,6.00,TERMINATING,1,2,3,Affine template / Affine template
CP26_BENCHMARK_FINAL/BENCHMARK_SIMPLE_C_BPL/TERM_LASSO//lasso_traces_c.08.c/lasso_trace_2.txt,TERMINATING,0.91,36.21,5.00,TERMINATING,2,1,3,Affine template / Affine template
CP26_BENCHMARK_FINAL/BENCHMARK_SIMPLE_C_BPL/TERM_LASSO//lasso_traces_c.08_true-termination.c/lasso_trace_1.txt,TERMINATING,1.70,47.82,6.00,TERMINATING,7,2,9,Affine template / Affine template
CP26_BENCHMARK_FINAL/BENCHMARK_SIMPLE_C_BPL/TERM_LASSO//lasso_traces_c.08_true-termination.c/lasso_trace_2.txt,TERMINATING,0.96,37.98,9.00,TERMINATING,8,1,9,Affine template / Affine template
CP26_BENCHMARK_FINAL/BENCHMARK_SIMPLE_C_BPL/TERM_LASSO//lasso_traces_c.09.c/lasso_trace_1.txt,TERMINATING,2.78,104.36,15.00,TERMINATING,1,1,2,Affine template / Affine template
CP26_BENCHMARK_FINAL/BENCHMARK_SIMPLE_C_BPL/TERM_LASSO//lasso_traces_c.11.c/lasso_trace_1.txt,TERMINATING,2.29,2086.60,30.00,TERMINATING,1,1,2,2 template / Affine template
CP26_BENCHMARK_FINAL/BENCHMARK_SIMPLE_C_BPL/TERM_LASSO//lasso_traces_cacm.c/lasso_trace_1.txt,TERMINATING,2.09,114.65,15.00,TERMINATING,1,1,2,Affine template / Affine template
CP26_BENCHMARK_FINAL/BENCHMARK_SIMPLE_C_BPL/TERM_LASSO//lasso_traces_Cairo_true-termination.c/lasso_trace_1.txt,TERMINATING,1.87,99.45,9.00,TERMINATING,6,1,7,Affine template / Affine template
CP26_BENCHMARK_FINAL/BENCHMARK_SIMPLE_C_BPL/TERM_LASSO//lasso_traces_cav1.c/lasso_trace_1.txt,TERMINATING,1.99,69.89,10.00,TERMINATING,1,1,2,Affine template / Affine template
CP26_BENCHMARK_FINAL/BENCHMARK_SIMPLE_C_BPL/TERM_LASSO//lasso_traces_chaining2.c/lasso_trace_1.txt,TERMINATING,0.65,73.16,13.00,TERMINATING,2,1,3,Affine template / Affine template
CP26_BENCHMARK_FINAL/BENCHMARK_SIMPLE_C_BPL/TERM_LASSO//lasso_traces_ChawdharyCookGulwaniSagivYang-ESOP2008-aaron1_true-termination.c/lasso_trace_1.txt,TERMINATING,2.21,447.53,46.00,TERMINATING,5,1,6,Affine template / Affine template
CP26_BENCHMARK_FINAL/BENCHMARK_SIMPLE_C_BPL/TERM_LASSO//lasso_traces_ChawdharyCookGulwaniSagivYang-ESOP2008-aaron2_true-termination.c/lasso_trace_1.txt,TERMINATING,1.81,84.09,16.00,TERMINATING,5,1,6,Affine template / Affine template
CP26_BENCHMARK_FINAL/BENCHMARK_SIMPLE_C_BPL/TERM_LASSO//lasso_traces_ChawdharyCookGulwaniSagivYang-ESOP2008-aaron3_true-termination.c/lasso_trace_1.txt,TERMINATING,2.08,1554.21,53.00,TERMINATING,5,1,6,2 template / Nested template
CP26_BENCHMARK_FINAL/BENCHMARK_SIMPLE_C_BPL/TERM_LASSO//lasso_traces_ChawdharyCookGulwaniSagivYang-ESOP2008-aaron4_true-termination.c/lasso_trace_1.txt,TERMINATING,2.42,2636.14,196.00,TERMINATING,5,1,6,2 template / Nested template
CP26_BENCHMARK_FINAL/BENCHMARK_SIMPLE_C_BPL/TERM_LASSO//lasso_traces_ChawdharyCookGulwaniSagivYang-ESOP2008-aaron6_true-termination.c/lasso_trace_1.txt,TERMINATING,2.08,142.57,45.00,TERMINATING,6,1,7,Affine template / Affine template
CP26_BENCHMARK_FINAL/BENCHMARK_SIMPLE_C_BPL/TERM_LASSO//lasso_traces_ChawdharyCookGulwaniSagivYang-ESOP2008-easy1_true-termination.c/lasso_trace_1.txt,TERMINATING,1.98,124.31,17.00,TERMINATING,5,1,6,Affine template / Affine template
CP26_BENCHMARK_FINAL/BENCHMARK_SIMPLE_C_BPL/TERM_LASSO//lasso_traces_ChawdharyCookGulwaniSagivYang-ESOP2008-easy2_true-termination.c/lasso_trace_1.txt,TERMINATING,1.97,51.69,8.00,TERMINATING,5,1,6,Affine template / Affine template
CP26_BENCHMARK_FINAL/BENCHMARK_SIMPLE_C_BPL/TERM_LASSO//lasso_traces_ChawdharyCookGulwaniSagivYang-ESOP2008-random1d_true-termination.c/lasso_trace_1.txt,TERMINATING,2.01,100.07,21.00,TERMINATING,6,1,7,Affine template / Affine template
CP26_BENCHMARK_FINAL/BENCHMARK_SIMPLE_C_BPL/TERM_LASSO//lasso_traces_ChawdharyCookGulwaniSagivYang-ESOP2008-random2d_true-termination.c/lasso_trace_1.txt,TERMINATING,2.98,541.91,56.00,TERMINATING,5,1,6,Affine template / Affine template
CP26_BENCHMARK_FINAL/BENCHMARK_SIMPLE_C_BPL/TERM_LASSO//lasso_traces_ChenFlurMukhopadhyay-2012SAS-Fig1-alloca_true-termination.c/lasso_trace_1.txt,TERMINATING,4.01,496.41,106.00,UNKNOWN,8,9,17,2 template
CP26_BENCHMARK_FINAL/BENCHMARK_SIMPLE_C_BPL/TERM_LASSO//lasso_traces_ChenFlurMukhopadhyay-SAS2012-Ex1.02_true-termination.c/lasso_trace_1.txt,TERMINATING,1.75,62.94,10.00,TERMINATING,5,1,6,Affine template / Affine template
CP26_BENCHMARK_FINAL/BENCHMARK_SIMPLE_C_BPL/TERM_LASSO//lasso_traces_ChenFlurMukhopadhyay-SAS2012-Ex1.03_true-termination.c/lasso_trace_1.txt,TERMINATING,1.77,54.71,9.00,TERMINATING,5,1,6,Affine template / Affine template
CP26_BENCHMARK_FINAL/BENCHMARK_SIMPLE_C_BPL/TERM_LASSO//lasso_traces_ChenFlurMukhopadhyay-SAS2012-Ex1.04_true-termination.c/lasso_trace_1.txt,TERMINATING,1.89,55.58,9.00,TERMINATING,5,1,6,Affine template / Affine template
CP26_BENCHMARK_FINAL/BENCHMARK_SIMPLE_C_BPL/TERM_LASSO//lasso_traces_ChenFlurMukhopadhyay-SAS2012-Ex1.05_true-termination.c/lasso_trace_1.txt,TERMINATING,1.85,60.10,9.00,TERMINATING,5,1,6,Affine template / Affine template
CP26_BENCHMARK_FINAL/BENCHMARK_SIMPLE_C_BPL/TERM_LASSO//lasso_traces_ChenFlurMukhopadhyay-SAS2012-Ex2.01_true-termination.c/lasso_trace_1.txt,TERMINATING,1.99,119.52,15.00,TERMINATING,5,1,6,2 template / Nested template
CP26_BENCHMARK_FINAL/BENCHMARK_SIMPLE_C_BPL/TERM_LASSO//lasso_traces_ChenFlurMukhopadhyay-SAS2012-Ex2.07_true-termination.c/lasso_trace_1.txt,TERMINATING,2.47,153.05,15.00,TERMINATING,5,1,6,2 template / Nested template
CP26_BENCHMARK_FINAL/BENCHMARK_SIMPLE_C_BPL/TERM_LASSO//lasso_traces_ChenFlurMukhopadhyay-SAS2012-Ex2.08_true-termination.c/lasso_trace_1.txt,TERMINATING,2.37,147.53,15.00,TERMINATING,5,1,6,2 template / Nested template
CP26_BENCHMARK_FINAL/BENCHMARK_SIMPLE_C_BPL/TERM_LASSO//lasso_traces_ChenFlurMukhopadhyay-SAS2012-Ex2.09_true-termination.c/lasso_trace_1.txt,TERMINATING,2.20,85.02,17.00,TERMINATING,5,1,6,Affine template / Nested template
CP26_BENCHMARK_FINAL/BENCHMARK_SIMPLE_C_BPL/TERM_LASSO//lasso_traces_ChenFlurMukhopadhyay-SAS2012-Ex2.10_true-termination.c/lasso_trace_1.txt,TERMINATING,3.34,57.17,10.00,TERMINATING,5,1,6,Affine template / Affine template
CP26_BENCHMARK_FINAL/BENCHMARK_SIMPLE_C_BPL/TERM_LASSO//lasso_traces_ChenFlurMukhopadhyay-SAS2012-Ex2.13_true-termination.c/lasso_trace_1.txt,TERMINATING,3.56,62.09,11.00,TERMINATING,5,1,6,Affine template / Affine template
CP26_BENCHMARK_FINAL/BENCHMARK_SIMPLE_C_BPL/TERM_LASSO//lasso_traces_ChenFlurMukhopadhyay-SAS2012-Ex2.16_true-termination.c/lasso_trace_1.txt,TERMINATING,2.10,63.16,13.00,TERMINATING,5,1,6,Affine template / Nested template
CP26_BENCHMARK_FINAL/BENCHMARK_SIMPLE_C_BPL/TERM_LASSO//lasso_traces_ChenFlurMukhopadhyay-SAS2012-Ex2.18_true-termination.c/lasso_trace_1.txt,TERMINATING,2.07,70.99,10.00,TERMINATING,5,1,6,Affine template / Affine template
CP26_BENCHMARK_FINAL/BENCHMARK_SIMPLE_C_BPL/TERM_LASSO//lasso_traces_ChenFlurMukhopadhyay-SAS2012-Ex2.19_true-termination.c/lasso_trace_1.txt,TERMINATING,2.08,63.63,15.00,TERMINATING,5,1,6,Affine template / Nested template
CP26_BENCHMARK_FINAL/BENCHMARK_SIMPLE_C_BPL/TERM_LASSO//lasso_traces_ChenFlurMukhopadhyay-SAS2012-Ex2.20_true-termination.c/lasso_trace_1.txt,TERMINATING,2.00,59.59,12.00,TERMINATING,5,1,6,Affine template / Affine template
CP26_BENCHMARK_FINAL/BENCHMARK_SIMPLE_C_BPL/TERM_LASSO//lasso_traces_ChenFlurMukhopadhyay-SAS2012-Ex2.21_true-termination.c/lasso_trace_1.txt,TERMINATING,2.01,67.39,14.00,TERMINATING,5,1,6,Affine template / Nested template
CP26_BENCHMARK_FINAL/BENCHMARK_SIMPLE_C_BPL/TERM_LASSO//lasso_traces_ChenFlurMukhopadhyay-SAS2012-Ex2.22_true-termination.c/lasso_trace_1.txt,TERMINATING,3.36,77.57,11.00,TERMINATING,5,1,6,Affine template / Affine template
CP26_BENCHMARK_FINAL/BENCHMARK_SIMPLE_C_BPL/TERM_LASSO//lasso_traces_ChenFlurMukhopadhyay-SAS2012-Ex3.01_true-termination.c/lasso_trace_1.txt,TERMINATING,1.85,78.56,15.00,TERMINATING,5,1,6,Affine template / Nested template
CP26_BENCHMARK_FINAL/BENCHMARK_SIMPLE_C_BPL/TERM_LASSO//lasso_traces_ChenFlurMukhopadhyay-SAS2012-Ex3.03_true-termination.c/lasso_trace_1.txt,TERMINATING,2.01,272.31,28.00,UNKNOWN,5,1,6,3 template
CP26_BENCHMARK_FINAL/BENCHMARK_SIMPLE_C_BPL/TERM_LASSO//lasso_traces_ChenFlurMukhopadhyay-SAS2012-Ex3.04_true-termination.c/lasso_trace_1.txt,TERMINATING,2.34,152.71,16.00,TERMINATING,5,1,6,2 template / Nested template
CP26_BENCHMARK_FINAL/BENCHMARK_SIMPLE_C_BPL/TERM_LASSO//lasso_traces_ChenFlurMukhopadhyay-SAS2012-Ex3.05_true-termination.c/lasso_trace_1.txt,TERMINATING,1.97,68.39,28.00,UNKNOWN,5,1,6,Affine template
CP26_BENCHMARK_FINAL/BENCHMARK_SIMPLE_C_BPL/TERM_LASSO//lasso_traces_ChenFlurMukhopadhyay-SAS2012-Ex3.07_true-termination.c/lasso_trace_1.txt,TERMINATING,3.98,164.84,36.00,UNKNOWN,5,1,6,2 template
CP26_BENCHMARK_FINAL/BENCHMARK_SIMPLE_C_BPL/TERM_LASSO//lasso_traces_ChenFlurMukhopadhyay-SAS2012-Ex3.08_true-termination.c/lasso_trace_1.txt,TERMINATING,2.28,84.17,13.00,TERMINATING,5,1,6,Affine template / Affine template
CP26_BENCHMARK_FINAL/BENCHMARK_SIMPLE_C_BPL/TERM_LASSO//lasso_traces_ChenFlurMukhopadhyay-SAS2012-Ex3.09_true-termination.c/lasso_trace_1.txt,TERMINATING,1.95,64.44,32.00,UNKNOWN,5,1,6,Affine template
CP26_BENCHMARK_FINAL/BENCHMARK_SIMPLE_C_BPL/TERM_LASSO//lasso_traces_ChenFlurMukhopadhyay-SAS2012-Ex3.10_true-termination.c/lasso_trace_1.txt,TERMINATING,2.17,58.71,12.00,TERMINATING,5,1,6,Affine template / Affine template
CP26_BENCHMARK_FINAL/BENCHMARK_SIMPLE_C_BPL/TERM_LASSO//lasso_traces_ChenFlurMukhopadhyay-SAS2012-Ex4.01_true-termination.c/lasso_trace_1.txt,TERMINATING,2.23,156.02,39.00,UNKNOWN,5,1,6,2 template
CP26_BENCHMARK_FINAL/BENCHMARK_SIMPLE_C_BPL/TERM_LASSO//lasso_traces_ChenFlurMukhopadhyay-SAS2012-Fig1_true-termination.c/lasso_trace_1.txt,TERMINATING,2.26,145.59,34.00,UNKNOWN,5,1,6,2 template
CP26_BENCHMARK_FINAL/BENCHMARK_SIMPLE_C_BPL/TERM_LASSO//lasso_traces_ChoirNightTrezor02.c/lasso_trace_1.txt,TERMINATING,1.76,89.87,12.00,TERMINATING,6,1,7,Affine template / Affine template
CP26_BENCHMARK_FINAL/BENCHMARK_SIMPLE_C_BPL/TERM_LASSO//lasso_traces_cnt.t2.c/lasso_trace_11.txt,TERMINATING,1.58,55.82,9.00,TERMINATING,80,192,272,Affine template / Affine template
CP26_BENCHMARK_FINAL/BENCHMARK_SIMPLE_C_BPL/TERM_LASSO//lasso_traces_cnt.t2.c/lasso_trace_16.txt,TERMINATING,0.29,42.15,7.00,TERMINATING,93,17,110,Affine template / Affine template
CP26_BENCHMARK_FINAL/BENCHMARK_SIMPLE_C_BPL/TERM_LASSO//lasso_traces_cnt.t2.c/lasso_trace_25.txt,TERMINATING,0.23,40.23,7.00,TERMINATING,285,17,302,Affine template / Affine template
CP26_BENCHMARK_FINAL/BENCHMARK_SIMPLE_C_BPL/TERM_LASSO//lasso_traces_cohendiv-ll.c/lasso_trace_2.txt,TERMINATING,1.99,64.69,14.00,TERMINATING,9,28,37,Affine template / Affine template
CP26_BENCHMARK_FINAL/BENCHMARK_SIMPLE_C_BPL/TERM_LASSO//lasso_traces_collatz.c/lasso_trace_18.txt,TERMINATING,0.26,37.66,8.00,TERMINATING,11,1,12,Affine template / Affine template
CP26_BENCHMARK_FINAL/BENCHMARK_SIMPLE_C_BPL/TERM_LASSO//lasso_traces_collatz.c/lasso_trace_2.txt,TERMINATING,1.81,63.37,9.00,TERMINATING,5,4,9,Affine template / Affine template
CP26_BENCHMARK_FINAL/BENCHMARK_SIMPLE_C_BPL/TERM_LASSO//lasso_traces_collatz.c/lasso_trace_3.txt,TERMINATING,0.36,42.84,8.00,TERMINATING,8,1,9,Affine template / Affine template
CP26_BENCHMARK_FINAL/BENCHMARK_SIMPLE_C_BPL/TERM_LASSO//lasso_traces_collatz.t2.c/lasso_trace_10.txt,TERMINATING,0.36,75.80,27.00,TERMINATING,95,131,226,Affine template / Affine template
CP26_BENCHMARK_FINAL/BENCHMARK_SIMPLE_C_BPL/TERM_LASSO//lasso_traces_collatz.t2.c/lasso_trace_17.txt,TERMINATING,1.06,162.41,58.00,UNKNOWN,194,217,411,Affine template
CP26_BENCHMARK_FINAL/BENCHMARK_SIMPLE_C_BPL/TERM_LASSO//lasso_traces_collatz.t2.c/lasso_trace_18.txt,TERMINATING,1.52,170.43,87.00,TERMINATING,329,217,546,Affine template / Affine template
CP26_BENCHMARK_FINAL/BENCHMARK_SIMPLE_C_BPL/TERM_LASSO//lasso_traces_collatz.t2.c/lasso_trace_3.txt,TERMINATING,0.39,48.40,8.00,TERMINATING,25,37,62,Affine template / Affine template
CP26_BENCHMARK_FINAL/BENCHMARK_SIMPLE_C_BPL/TERM_LASSO//lasso_traces_collatz.t2.c/lasso_trace_4.txt,TERMINATING,0.50,90.58,38.00,TERMINATING,41,41,82,Affine template / Affine template
CP26_BENCHMARK_FINAL/BENCHMARK_SIMPLE_C_BPL/TERM_LASSO//lasso_traces_collatz.t2.c/lasso_trace_5.txt,TERMINATING,0.39,95.94,32.00,TERMINATING,67,41,108,Affine template / Affine template
CP26_BENCHMARK_FINAL/BENCHMARK_SIMPLE_C_BPL/TERM_LASSO//lasso_traces_collatz.t2.c/lasso_trace_9.txt,TERMINATING,0.32,73.58,24.00,TERMINATING,95,86,181,Affine template / Affine template
CP26_BENCHMARK_FINAL/BENCHMARK_SIMPLE_C_BPL/TERM_LASSO//lasso_traces_ColonSipma-TACAS2001-Fig1_true-termination.c/lasso_trace_1.txt,TERMINATING,1.92,81.42,16.00,TERMINATING,5,1,6,Affine template / Affine template
CP26_BENCHMARK_FINAL/BENCHMARK_SIMPLE_C_BPL/TERM_LASSO//lasso_traces_complex_guard.t2.c/lasso_trace_1.txt,TERMINATING,1.77,52.63,6.00,TERMINATING,16,17,33,Affine template / Affine template
CP26_BENCHMARK_FINAL/BENCHMARK_SIMPLE_C_BPL/TERM_LASSO//lasso_traces_compoundLiterals_02.c/lasso_trace_1.txt,TERMINATING,2.54,79.67,12.00,TERMINATING,7,2,9,Affine template / Affine template
CP26_BENCHMARK_FINAL/BENCHMARK_SIMPLE_C_BPL/TERM_LASSO//lasso_traces_compoundLiterals_03.c/lasso_trace_1.txt,TERMINATING,1.81,1099.55,117.00,UNKNOWN,1,1,2,Affine template
CP26_BENCHMARK_FINAL/BENCHMARK_SIMPLE_C_BPL/TERM_LASSO//lasso_traces_constants.t2.c/lasso_trace_1.txt,TERMINATING,2.05,68.38,11.00,TERMINATING,40,27,67,Affine template / Affine template
CP26_BENCHMARK_FINAL/BENCHMARK_SIMPLE_C_BPL/TERM_LASSO//lasso_traces_consts1.t2.c/lasso_trace_2.txt,TERMINATING,0.28,43.18,6.00,TERMINATING,24,17,41,Affine template / Affine template
CP26_BENCHMARK_FINAL/BENCHMARK_SIMPLE_C_BPL/TERM_LASSO//lasso_traces_consts2.t2.c/lasso_trace_1.txt,TERMINATING,1.87,47.12,6.00,TERMINATING,16,9,25,Affine template / Affine template
CP26_BENCHMARK_FINAL/BENCHMARK_SIMPLE_C_BPL/TERM_LASSO//lasso_traces_consts3.t2.c/lasso_trace_1.txt,TERMINATING,1.74,45.34,7.00,TERMINATING,16,9,25,Affine template / Affine template
CP26_BENCHMARK_FINAL/BENCHMARK_SIMPLE_C_BPL/TERM_LASSO//lasso_traces_consts4.t2.c/lasso_trace_1.txt,TERMINATING,1.82,50.02,7.00,TERMINATING,16,9,25,Affine template / Affine template
CP26_BENCHMARK_FINAL/BENCHMARK_SIMPLE_C_BPL/TERM_LASSO//lasso_traces_continueStatement.c/lasso_trace_1.txt,TERMINATING,1.80,133.53,16.00,TERMINATING,5,1,6,Affine template / Affine template
CP26_BENCHMARK_FINAL/BENCHMARK_SIMPLE_C_BPL/TERM_LASSO//lasso_traces_CookSeeZuleger-2013TACAS-Fig3-alloca_true-termination.c/lasso_trace_2.txt,TERMINATING,2.04,79.94,23.00,TERMINATING,5,7,12,Affine template / Affine template
CP26_BENCHMARK_FINAL/BENCHMARK_SIMPLE_C_BPL/TERM_LASSO//lasso_traces_CookSeeZuleger-2013TACAS-Fig3-alloca_true-termination.c/lasso_trace_3.txt,TERMINATING,1.18,78.17,33.00,TERMINATING,10,8,18,Affine template / Affine template
CP26_BENCHMARK_FINAL/BENCHMARK_SIMPLE_C_BPL/TERM_LASSO//lasso_traces_CookSeeZuleger-2013TACAS-Fig3-alloca_true-termination.c/lasso_trace_4.txt,TERMINATING,0.73,66.15,33.00,TERMINATING,18,7,25,Affine template / Affine template
CP26_BENCHMARK_FINAL/BENCHMARK_SIMPLE_C_BPL/TERM_LASSO//lasso_traces_CookSeeZuleger-2013TACAS-Fig3-alloca_true-termination.c/lasso_trace_5.txt,TERMINATING,0.62,65.76,31.00,TERMINATING,25,7,32,Affine template / Affine template
CP26_BENCHMARK_FINAL/BENCHMARK_SIMPLE_C_BPL/TERM_LASSO//lasso_traces_CookSeeZuleger-2013TACAS-Fig7a-alloca_true-termination.c/lasso_trace_2.txt,TERMINATING,2.38,129.67,40.00,TERMINATING,5,11,16,Affine template / Affine template
CP26_BENCHMARK_FINAL/BENCHMARK_SIMPLE_C_BPL/TERM_LASSO//lasso_traces_CookSeeZuleger-2013TACAS-Fig7a-alloca_true-termination.c/lasso_trace_3.txt,TERMINATING,1.44,91.28,52.00,TERMINATING,13,13,26,Affine template / Affine template
CP26_BENCHMARK_FINAL/BENCHMARK_SIMPLE_C_BPL/TERM_LASSO//lasso_traces_CookSeeZuleger-2013TACAS-Fig7a-alloca_true-termination.c/lasso_trace_4.txt,TERMINATING,1.63,88.39,47.00,TERMINATING,26,11,37,Affine template / Affine template
CP26_BENCHMARK_FINAL/BENCHMARK_SIMPLE_C_BPL/TERM_LASSO//lasso_traces_CookSeeZuleger-2013TACAS-Fig7b-alloca_true-termination.c/lasso_trace_2.txt,TERMINATING,2.06,110.73,38.00,TERMINATING,5,10,15,Affine template / Affine template
CP26_BENCHMARK_FINAL/BENCHMARK_SIMPLE_C_BPL/TERM_LASSO//lasso_traces_CookSeeZuleger-2013TACAS-Fig7b-alloca_true-termination.c/lasso_trace_3.txt,TERMINATING,1.45,117.31,50.00,TERMINATING,13,12,25,Affine template / Affine template
CP26_BENCHMARK_FINAL/BENCHMARK_SIMPLE_C_BPL/TERM_LASSO//lasso_traces_CookSeeZuleger-2013TACAS-Fig7b-alloca_true-termination.c/lasso_trace_4.txt,TERMINATING,1.14,86.34,41.00,TERMINATING,14,12,26,Affine template / Affine template
CP26_BENCHMARK_FINAL/BENCHMARK_SIMPLE_C_BPL/TERM_LASSO//lasso_traces_CookSeeZuleger-2013TACAS-Fig7b-alloca_true-termination.c/lasso_trace_5.txt,TERMINATING,0.79,130.27,47.00,TERMINATING,25,10,35,Affine template / Affine template
CP26_BENCHMARK_FINAL/BENCHMARK_SIMPLE_C_BPL/TERM_LASSO//lasso_traces_CookSeeZuleger-2013TACAS-Fig7b-alloca_true-termination.c/lasso_trace_6.txt,TERMINATING,1.43,87.54,50.00,TERMINATING,26,12,38,Affine template / Affine template
CP26_BENCHMARK_FINAL/BENCHMARK_SIMPLE_C_BPL/TERM_LASSO//lasso_traces_CookSeeZuleger-2013TACAS-Fig7b-alloca_true-termination.c/lasso_trace_7.txt,TERMINATING,1.83,382.99,87.00,TERMINATING,35,12,47,Affine template / Affine template
CP26_BENCHMARK_FINAL/BENCHMARK_SIMPLE_C_BPL/TERM_LASSO//lasso_traces_CookSeeZuleger-TACAS2013-Fig1_true-termination.c/lasso_trace_1.txt,TERMINATING,1.94,112.55,21.00,TERMINATING,5,1,6,Affine template / Affine template
CP26_BENCHMARK_FINAL/BENCHMARK_SIMPLE_C_BPL/TERM_LASSO//lasso_traces_CookSeeZuleger-TACAS2013-Fig7a_true-termination.c/lasso_trace_1.txt,TERMINATING,1.86,204.99,27.00,TERMINATING,5,1,6,Affine template / Affine template
CP26_BENCHMARK_FINAL/BENCHMARK_SIMPLE_C_BPL/TERM_LASSO//lasso_traces_CookSeeZuleger-TACAS2013-Fig7b_true-termination.c/lasso_trace_1.txt,TERMINATING,1.95,300.41,35.00,TERMINATING,5,1,6,Affine template / Affine template
CP26_BENCHMARK_FINAL/BENCHMARK_SIMPLE_C_BPL/TERM_LASSO//lasso_traces_CookSeeZuleger-TACAS2013-Fig8b_true-termination.c/lasso_trace_1.txt,TERMINATING,0.66,776.14,23.00,UNKNOWN,7,1,8,2 template
CP26_BENCHMARK_FINAL/BENCHMARK_SIMPLE_C_BPL/TERM_LASSO//lasso_traces_coolant_basis_1_neg.c/lasso_trace_1.txt,TERMINATING,1.89,84.20,15.00,TERMINATING,5,6,11,Affine template / Affine template
CP26_BENCHMARK_FINAL/BENCHMARK_SIMPLE_C_BPL/TERM_LASSO//lasso_traces_coolant_basis_1_neg_false-valid-ltl.c/lasso_trace_1.txt,TERMINATING,2.23,153.11,27.00,TERMINATING,5,6,11,Affine template / Affine template
CP26_BENCHMARK_FINAL/BENCHMARK_SIMPLE_C_BPL/TERM_LASSO//lasso_traces_coolant_basis_1_neg_false-valid-ltl.c/lasso_trace_2.txt,TERMINATING,0.57,115.34,36.00,TERMINATING,13,7,20,Affine template / Affine template
CP26_BENCHMARK_FINAL/BENCHMARK_SIMPLE_C_BPL/TERM_LASSO//lasso_traces_coolant_basis_1_safe_sfty_true-valid-ltl.c/lasso_trace_1.txt,TERMINATING,2.23,162.44,26.00,TERMINATING,5,6,11,Affine template / Affine template
CP26_BENCHMARK_FINAL/BENCHMARK_SIMPLE_C_BPL/TERM_LASSO//lasso_traces_coolant_basis_1_safe_sfty_true-valid-ltl.c/lasso_trace_2.txt,TERMINATING,0.52,115.07,33.00,TERMINATING,13,7,20,Affine template / Affine template
CP26_BENCHMARK_FINAL/BENCHMARK_SIMPLE_C_BPL/TERM_LASSO//lasso_traces_coolant_basis_1_unsafe_sfty.c/lasso_trace_1.txt,TERMINATING,1.92,79.43,17.00,TERMINATING,5,6,11,Affine template / Affine template
CP26_BENCHMARK_FINAL/BENCHMARK_SIMPLE_C_BPL/TERM_LASSO//lasso_traces_coolant_basis_1_unsafe_sfty_false-valid-ltl.c/lasso_trace_1.txt,TERMINATING,2.34,158.18,26.00,TERMINATING,5,6,11,Affine template / Affine template
CP26_BENCHMARK_FINAL/BENCHMARK_SIMPLE_C_BPL/TERM_LASSO//lasso_traces_coolant_basis_1_unsafe_sfty_false-valid-ltl.c/lasso_trace_2.txt,TERMINATING,0.58,127.52,30.00,TERMINATING,13,7,20,Affine template / Affine template
CP26_BENCHMARK_FINAL/BENCHMARK_SIMPLE_C_BPL/TERM_LASSO//lasso_traces_coolant_basis_2_neg.c/lasso_trace_1.txt,TERMINATING,2.13,68.55,13.00,TERMINATING,5,6,11,Affine template / Affine template
CP26_BENCHMARK_FINAL/BENCHMARK_SIMPLE_C_BPL/TERM_LASSO//lasso_traces_coolant_basis_2_neg_false-valid-ltl.c/lasso_trace_1.txt,TERMINATING,2.31,124.62,32.00,TERMINATING,5,6,11,Affine template / Affine template
CP26_BENCHMARK_FINAL/BENCHMARK_SIMPLE_C_BPL/TERM_LASSO//lasso_traces_coolant_basis_2_neg_false-valid-ltl.c/lasso_trace_2.txt,TERMINATING,0.57,127.75,40.00,TERMINATING,12,7,19,Affine template / Affine template
CP26_BENCHMARK_FINAL/BENCHMARK_SIMPLE_C_BPL/TERM_LASSO//lasso_traces_coolant_basis_2_safe_liveness.c/lasso_trace_1.txt,TERMINATING,2.08,70.45,13.00,TERMINATING,5,6,11,Affine template / Affine template
CP26_BENCHMARK_FINAL/BENCHMARK_SIMPLE_C_BPL/TERM_LASSO//lasso_traces_coolant_basis_2_safe_liveness_true-valid-ltl.c/lasso_trace_1.txt,TERMINATING,2.35,117.81,28.00,TERMINATING,5,6,11,Affine template / Affine template
CP26_BENCHMARK_FINAL/BENCHMARK_SIMPLE_C_BPL/TERM_LASSO//lasso_traces_coolant_basis_2_safe_liveness_true-valid-ltl.c/lasso_trace_2.txt,TERMINATING,0.63,121.56,41.00,TERMINATING,12,7,19,Affine template / Affine template
CP26_BENCHMARK_FINAL/BENCHMARK_SIMPLE_C_BPL/TERM_LASSO//lasso_traces_coolant_basis_2_unsafe_liveness.c/lasso_trace_1.txt,TERMINATING,2.03,73.58,12.00,TERMINATING,5,6,11,Affine template / Affine template
CP26_BENCHMARK_FINAL/BENCHMARK_SIMPLE_C_BPL/TERM_LASSO//lasso_traces_coolant_basis_2_unsafe_liveness_false-valid-ltl.c/lasso_trace_1.txt,TERMINATING,2.60,128.16,29.00,TERMINATING,5,6,11,Affine template / Affine template
CP26_BENCHMARK_FINAL/BENCHMARK_SIMPLE_C_BPL/TERM_LASSO//lasso_traces_coolant_basis_2_unsafe_liveness_false-valid-ltl.c/lasso_trace_2.txt,TERMINATING,0.53,106.89,44.00,TERMINATING,12,7,19,Affine template / Affine template
CP26_BENCHMARK_FINAL/BENCHMARK_SIMPLE_C_BPL/TERM_LASSO//lasso_traces_Copenhagen_true-termination.c/lasso_trace_1.txt,TERMINATING,1.84,58.20,10.00,TERMINATING,5,1,6,Affine template / Affine template
CP26_BENCHMARK_FINAL/BENCHMARK_SIMPLE_C_BPL/TERM_LASSO//lasso_traces_count_down-alloca_true-termination.c/lasso_trace_1.txt,TERMINATING,2.28,92.43,19.00,TERMINATING,6,2,8,Affine template / Affine template
CP26_BENCHMARK_FINAL/BENCHMARK_SIMPLE_C_BPL/TERM_LASSO//lasso_traces_count_down-alloca_true-termination.c/lasso_trace_4.txt,TERMINATING,0.60,495.70,63.00,TERMINATING,9,4,13,Affine template / Affine template
CP26_BENCHMARK_FINAL/BENCHMARK_SIMPLE_C_BPL/TERM_LASSO//lasso_traces_count_down-alloca_true-termination.c/lasso_trace_5.txt,TERMINATING,0.57,66.20,19.00,TERMINATING,10,4,14,Affine template / Affine template
CP26_BENCHMARK_FINAL/BENCHMARK_SIMPLE_C_BPL/TERM_LASSO//lasso_traces_CounterExp-4bit.c/lasso_trace_1.txt,TERMINATING,1.75,20436.07,60.00,TERMINATING,5,1,6,2 template / Affine template
CP26_BENCHMARK_FINAL/BENCHMARK_SIMPLE_C_BPL/TERM_LASSO//lasso_traces_Cousot.c/lasso_trace_1.txt,TERMINATING,2.13,65.73,8.00,TERMINATING,5,1,6,Affine template / Affine template
CP26_BENCHMARK_FINAL/BENCHMARK_SIMPLE_C_BPL/TERM_LASSO//lasso_traces_cover.t2.c/lasso_trace_1.txt,TERMINATING,1.60,57.77,8.00,TERMINATING,64,31,95,Affine template / Affine template
CP26_BENCHMARK_FINAL/BENCHMARK_SIMPLE_C_BPL/TERM_LASSO//lasso_traces_crc.t2.c/lasso_trace_11.txt,TERMINATING,0.35,68.20,11.00,TERMINATING,175,25,200,Affine template / Affine template
CP26_BENCHMARK_FINAL/BENCHMARK_SIMPLE_C_BPL/TERM_LASSO//lasso_traces_crc.t2.c/lasso_trace_23.txt,TERMINATING,0.31,61.41,12.00,TERMINATING,405,25,430,Affine template / Affine template
CP26_BENCHMARK_FINAL/BENCHMARK_SIMPLE_C_BPL/TERM_LASSO//lasso_traces_crc.t2.c/lasso_trace_9.txt,TERMINATING,1.67,71.38,11.00,TERMINATING,154,230,384,Affine template / Affine template
CP26_BENCHMARK_FINAL/BENCHMARK_SIMPLE_C_BPL/TERM_LASSO//lasso_traces_create_seg.t2.c/lasso_trace_1.txt,TERMINATING,3.18,88.15,13.00,TERMINATING,187,31,218,Affine template / Affine template
CP26_BENCHMARK_FINAL/BENCHMARK_SIMPLE_C_BPL/TERM_LASSO//lasso_traces_create.t2.c/lasso_trace_1.txt,TERMINATING,1.97,90.12,15.00,TERMINATING,155,31,186,Affine template / Affine template
CP26_BENCHMARK_FINAL/BENCHMARK_SIMPLE_C_BPL/TERM_LASSO//lasso_traces_create_via_tmps.t2.c/lasso_trace_1.txt,TERMINATING,1.88,100.74,19.00,TERMINATING,213,59,272,Affine template / Affine template
CP26_BENCHMARK_FINAL/BENCHMARK_SIMPLE_C_BPL/TERM_LASSO//lasso_traces_cScopingViaBoogieNames.c/lasso_trace_1.txt,TERMINATING,2.07,53.39,6.00,TERMINATING,5,2,7,Affine template / Affine template
CP26_BENCHMARK_FINAL/BENCHMARK_SIMPLE_C_BPL/TERM_LASSO//lasso_traces_cstrchr-alloca_true-termination.c/lasso_trace_2.txt,TERMINATING,0.67,1889.45,315.00,TERMINATING,12,4,16,Affine template / Affine template
CP26_BENCHMARK_FINAL/BENCHMARK_SIMPLE_C_BPL/TERM_LASSO//lasso_traces_cstrcspn-alloca_true-termination.c/lasso_trace_2.txt,TERMINATING,1.86,716.15,59.00,TERMINATING,9,8,17,Affine template / Affine template
CP26_BENCHMARK_FINAL/BENCHMARK_SIMPLE_C_BPL/TERM_LASSO//lasso_traces_cstrcspn_true-termination.c/lasso_trace_2.txt,TERMINATING,0.89,619.92,799.00,TERMINATING,22,8,30,Affine template / Affine template
CP26_BENCHMARK_FINAL/BENCHMARK_SIMPLE_C_BPL/TERM_LASSO//lasso_traces_cstrlen-alloca_true-termination.c/lasso_trace_1.txt,TERMINATING,2.29,137.63,34.00,TERMINATING,8,2,10,Affine template / Affine template
CP26_BENCHMARK_FINAL/BENCHMARK_SIMPLE_C_BPL/TERM_LASSO//lasso_traces_cstrlen_true-termination.c/lasso_trace_1.txt,TERMINATING,2.04,1155.82,103.00,TERMINATING,10,2,12,Affine template / Affine template
CP26_BENCHMARK_FINAL/BENCHMARK_SIMPLE_C_BPL/TERM_LASSO//lasso_traces_cstrncat-alloca_true-termination.c/lasso_trace_1.txt,TERMINATING,2.26,158.20,39.00,TERMINATING,10,2,12,Affine template / Affine template
CP26_BENCHMARK_FINAL/BENCHMARK_SIMPLE_C_BPL/TERM_LASSO//lasso_traces_cstrncmp-alloca_true-termination.c/lasso_trace_3.txt,TERMINATING,2.39,361.02,363.00,TERMINATING,10,8,18,Affine template / Affine template
CP26_BENCHMARK_FINAL/BENCHMARK_SIMPLE_C_BPL/TERM_LASSO//lasso_traces_cstrncpy-alloca_true-termination.c/lasso_trace_1.txt,TERMINATING,1.92,259.06,80.00,TERMINATING,8,4,12,Affine template / Affine template
CP26_BENCHMARK_FINAL/BENCHMARK_SIMPLE_C_BPL/TERM_LASSO//lasso_traces_cstrpbrk-alloca_true-termination.c/lasso_trace_3.txt,TERMINATING,2.37,197.28,457.00,TERMINATING,9,9,18,Affine template / Affine template
CP26_BENCHMARK_FINAL/BENCHMARK_SIMPLE_C_BPL/TERM_LASSO//lasso_traces_cstrpbrk_true-termination.c/lasso_trace_3.txt,TERMINATING,2.68,1000.11,8348.00,TERMINATING,14,9,23,Affine template / Affine template
CP26_BENCHMARK_FINAL/BENCHMARK_SIMPLE_C_BPL/TERM_LASSO//lasso_traces_cstrspn-alloca_true-termination.c/lasso_trace_3.txt,TERMINATING,2.26,222.12,425.00,TERMINATING,9,9,18,Affine template / Affine template
CP26_BENCHMARK_FINAL/BENCHMARK_SIMPLE_C_BPL/TERM_LASSO//lasso_traces_cstrspn_true-termination.c/lasso_trace_3.txt,TERMINATING,1.96,872.94,9372.00,TERMINATING,14,9,23,Affine template / Affine template
CP26_BENCHMARK_FINAL/BENCHMARK_SIMPLE_C_BPL/TERM_LASSO//lasso_traces_data_structures_set_multi_proc_false-unreach-call_ground.c/lasso_trace_3.txt,TERMINATING,0.61,95.75,20.00,TERMINATING,6,16,22,Affine template / Affine template
CP26_BENCHMARK_FINAL/BENCHMARK_SIMPLE_C_BPL/TERM_LASSO//lasso_traces_data_structures_set_multi_proc_false-unreach-call_ground.c/lasso_trace_7.txt,TERMINATING,0.66,434.14,83.00,TERMINATING,26,3,29,Affine template / Affine template
CP26_BENCHMARK_FINAL/BENCHMARK_SIMPLE_C_BPL/TERM_LASSO//lasso_traces_destroy_seg_leak.t2.c/lasso_trace_1.txt,TERMINATING,1.98,120.98,24.00,TERMINATING,311,47,358,Affine template / Affine template
CP26_BENCHMARK_FINAL/BENCHMARK_SIMPLE_C_BPL/TERM_LASSO//lasso_traces_destroy_seg.t2.c/lasso_trace_1.txt,TERMINATING,1.97,107.06,26.00,TERMINATING,279,43,322,Affine template / Affine template
CP26_BENCHMARK_FINAL/BENCHMARK_SIMPLE_C_BPL/TERM_LASSO//lasso_traces_destroy.t2.c/lasso_trace_1.txt,TERMINATING,1.91,85.96,18.00,TERMINATING,199,31,230,Affine template / Affine template
CP26_BENCHMARK_FINAL/BENCHMARK_SIMPLE_C_BPL/TERM_LASSO//lasso_traces_diff-alloca_true-termination.c/lasso_trace_3.txt,TERMINATING,1.84,110.54,41.00,TERMINATING,7,7,14,Affine template / Affine template
CP26_BENCHMARK_FINAL/BENCHMARK_SIMPLE_C_BPL/TERM_LASSO//lasso_traces_diff-alloca_true-termination.c/lasso_trace_4.txt,TERMINATING,1.06,525.55,126.00,TERMINATING,8,3,11,Affine template / Affine template
CP26_BENCHMARK_FINAL/BENCHMARK_SIMPLE_C_BPL/TERM_LASSO//lasso_traces_diff-alloca_true-termination.c/lasso_trace_5.txt,TERMINATING,0.86,2985.84,273.00,TERMINATING,15,3,18,Affine template / Affine template
CP26_BENCHMARK_FINAL/BENCHMARK_SIMPLE_C_BPL/TERM_LASSO//lasso_traces_diff.c/lasso_trace_2.txt,TERMINATING,2.12,7333.97,308.00,TERMINATING,1,6,7,Affine template / Affine template
CP26_BENCHMARK_FINAL/BENCHMARK_SIMPLE_C_BPL/TERM_LASSO//lasso_traces_disj_nightmare_abi.t2.c/lasso_trace_1.txt,TERMINATING,2.09,52.06,7.00,TERMINATING,16,11,27,Affine template / Affine template
CP26_BENCHMARK_FINAL/BENCHMARK_SIMPLE_C_BPL/TERM_LASSO//lasso_traces_disj_nightmare_abi.t2.c/lasso_trace_2.txt,TERMINATING,0.43,76.09,22.00,TERMINATING,23,15,38,Affine template / Affine template
CP26_BENCHMARK_FINAL/BENCHMARK_SIMPLE_C_BPL/TERM_LASSO//lasso_traces_disj_nightmare.t2.c/lasso_trace_1.txt,TERMINATING,2.06,95.74,34.00,TERMINATING,76,85,161,Affine template / Affine template
CP26_BENCHMARK_FINAL/BENCHMARK_SIMPLE_C_BPL/TERM_LASSO//lasso_traces_disj_nightmare.t2.c/lasso_trace_3.txt,TERMINATING,0.91,373.86,143.00,TERMINATING,88,89,177,Affine template / Affine template
CP26_BENCHMARK_FINAL/BENCHMARK_SIMPLE_C_BPL/TERM_LASSO//lasso_traces_diskperf_simpl1_true-unreach-call_true-termination.cil.c/lasso_trace_1.txt,TERMINATING,2.63,131.80,41.00,TERMINATING,20,1,21,Affine template / Affine template
CP26_BENCHMARK_FINAL/BENCHMARK_SIMPLE_C_BPL/TERM_LASSO//lasso_traces_DivMinus2.c/lasso_trace_2.txt,TERMINATING,1.83,70.98,11.00,TERMINATING,5,3,8,Affine template / Affine template
CP26_BENCHMARK_FINAL/BENCHMARK_SIMPLE_C_BPL/TERM_LASSO//lasso_traces_DivMinus2.c/lasso_trace_3.txt,TERMINATING,0.52,84.83,15.00,TERMINATING,8,1,9,Affine template / Affine template
CP26_BENCHMARK_FINAL/BENCHMARK_SIMPLE_C_BPL/TERM_LASSO//lasso_traces_DivMinus2.c/lasso_trace_5.txt,TERMINATING,0.33,37.28,12.00,TERMINATING,9,4,13,Affine template / Affine template
CP26_BENCHMARK_FINAL/BENCHMARK_SIMPLE_C_BPL/TERM_LASSO//lasso_traces_DivMinus2.c/lasso_trace_7.txt,TERMINATING,0.35,79.57,15.00,TERMINATING,11,1,12,Affine template / Affine template
CP26_BENCHMARK_FINAL/BENCHMARK_SIMPLE_C_BPL/TERM_LASSO//lasso_traces_DivMinus.c/lasso_trace_1.txt,TERMINATING,2.50,57.22,8.00,TERMINATING,5,1,6,Affine template / Affine template
CP26_BENCHMARK_FINAL/BENCHMARK_SIMPLE_C_BPL/TERM_LASSO//lasso_traces_doubleLoop.c/lasso_trace_1.txt,TERMINATING,2.03,48.99,8.00,TERMINATING,5,1,6,Affine template / Affine template
CP26_BENCHMARK_FINAL/BENCHMARK_SIMPLE_C_BPL/TERM_LASSO//lasso_traces_dropbuf.t2.c/lasso_trace_1.txt,TERMINATING,2.40,79.97,12.00,TERMINATING,137,35,172,Affine template / Affine template
CP26_BENCHMARK_FINAL/BENCHMARK_SIMPLE_C_BPL/TERM_LASSO//lasso_traces_dsa_test10.t2.c/lasso_trace_1.txt,TERMINATING,1.70,47.44,5.00,TERMINATING,40,13,53,Affine template / Affine template
CP26_BENCHMARK_FINAL/BENCHMARK_SIMPLE_C_BPL/TERM_LASSO//lasso_traces_dsa_test15.t2.c/lasso_trace_1.txt,TERMINATING,1.64,51.64,5.00,TERMINATING,28,13,41,Affine template / Affine template
CP26_BENCHMARK_FINAL/BENCHMARK_SIMPLE_C_BPL/TERM_LASSO//lasso_traces_dsa_test6.t2.c/lasso_trace_1.txt,TERMINATING,1.72,45.37,7.00,TERMINATING,24,13,37,Affine template / Affine template
CP26_BENCHMARK_FINAL/BENCHMARK_SIMPLE_C_BPL/TERM_LASSO//lasso_traces_dt4.c/lasso_trace_1.txt,TERMINATING,2.64,93.68,33.00,TERMINATING,5,8,13,Affine template / Affine template
CP26_BENCHMARK_FINAL/BENCHMARK_SIMPLE_C_BPL/TERM_LASSO//lasso_traces_e-1394complete-succeed.t2.c/lasso_trace_1.txt,TERMINATING,1.64,87.77,10.00,TERMINATING,281,18,299,Affine template / Affine template
CP26_BENCHMARK_FINAL/BENCHMARK_SIMPLE_C_BPL/TERM_LASSO//lasso_traces_e-1394complete-succeed.t2.c/lasso_trace_2.txt,TERMINATING,0.50,74.84,14.00,TERMINATING,298,53,351,Affine template / Affine template
CP26_BENCHMARK_FINAL/BENCHMARK_SIMPLE_C_BPL/TERM_LASSO//lasso_traces_e-1394complete-succeed.t2.c/lasso_trace_3.txt,TERMINATING,0.45,69.16,11.00,TERMINATING,315,25,340,Affine template / Affine template
CP26_BENCHMARK_FINAL/BENCHMARK_SIMPLE_C_BPL/TERM_LASSO//lasso_traces_easy1_true-termination.c/lasso_trace_1.txt,TERMINATING,2.07,228.14,25.00,TERMINATING,5,1,6,Affine template / Affine template
CP26_BENCHMARK_FINAL/BENCHMARK_SIMPLE_C_BPL/TERM_LASSO//lasso_traces_easy2_true-termination.c/lasso_trace_1.txt,TERMINATING,2.00,65.02,9.00,TERMINATING,5,1,6,Affine template / Affine template
CP26_BENCHMARK_FINAL/BENCHMARK_SIMPLE_C_BPL/TERM_LASSO//lasso_traces_easySum-alloca_true-termination.c/lasso_trace_1.txt,TERMINATING,2.43,112.71,49.00,TERMINATING,10,8,18,Affine template / Affine template
CP26_BENCHMARK_FINAL/BENCHMARK_SIMPLE_C_BPL/TERM_LASSO//lasso_traces_easySum_true-termination.c/lasso_trace_1.txt,TERMINATING,2.12,62.54,10.00,TERMINATING,7,1,8,Affine template / Affine template
CP26_BENCHMARK_FINAL/BENCHMARK_SIMPLE_C_BPL/TERM_LASSO//lasso_traces_edn.t2.c/lasso_trace_1.txt,TERMINATING,1.71,85.19,9.00,TERMINATING,184,21,205,Affine template / Affine template
CP26_BENCHMARK_FINAL/BENCHMARK_SIMPLE_C_BPL/TERM_LASSO//lasso_traces_elmhes.c.i.elmhes.pl.t2.fixed.t2.c/lasso_trace_1.txt,TERMINATING,2.02,58.24,11.00,TERMINATING,40,38,78,Affine template / Affine template
CP26_BENCHMARK_FINAL/BENCHMARK_SIMPLE_C_BPL/TERM_LASSO//lasso_traces_elmhes.c.i.elmhes.pl.t2.fixed.t2.c/lasso_trace_2.txt,TERMINATING,0.37,50.52,11.00,TERMINATING,53,30,83,Affine template / Affine template
CP26_BENCHMARK_FINAL/BENCHMARK_SIMPLE_C_BPL/TERM_LASSO//lasso_traces_elmhes.c.i.elmhes.pl.t2.nor.t2.rlgfixed.t2.c/lasso_trace_1.txt,TERMINATING,2.00,57.31,12.00,TERMINATING,40,38,78,Affine template / Affine template
CP26_BENCHMARK_FINAL/BENCHMARK_SIMPLE_C_BPL/TERM_LASSO//lasso_traces_elmhes.c.i.elmhes.pl.t2.nor.t2.rlgfixed.t2.c/lasso_trace_2.txt,TERMINATING,0.38,62.24,11.00,TERMINATING,53,30,83,Affine template / Affine template
CP26_BENCHMARK_FINAL/BENCHMARK_SIMPLE_C_BPL/TERM_LASSO//lasso_traces_elmhes.t2.c/lasso_trace_1.txt,TERMINATING,1.94,65.59,12.00,TERMINATING,40,38,78,Affine template / Affine template
CP26_BENCHMARK_FINAL/BENCHMARK_SIMPLE_C_BPL/TERM_LASSO//lasso_traces_elmhes.t2.c/lasso_trace_2.txt,TERMINATING,0.40,53.72,11.00,TERMINATING,53,30,83,Affine template / Affine template
CP26_BENCHMARK_FINAL/BENCHMARK_SIMPLE_C_BPL/TERM_LASSO//lasso_traces_email_spec0_product05_true-unreach-call.cil.c/lasso_trace_1.txt,TERMINATING,2.99,611.06,171.00,TERMINATING,45,3,48,Affine template / Affine template
CP26_BENCHMARK_FINAL/BENCHMARK_SIMPLE_C_BPL/TERM_LASSO//lasso_traces_email_spec0_product05_true-unreach-call.cil.c/lasso_trace_8.txt,TERMINATING,1.83,800.81,372.00,TERMINATING,66,14,80,Affine template / Affine template
CP26_BENCHMARK_FINAL/BENCHMARK_SIMPLE_C_BPL/TERM_LASSO//lasso_traces_e-popl07-fail.t2.c/lasso_trace_1.txt,TERMINATING,1.97,77.20,14.00,TERMINATING,129,28,157,Affine template / Affine template
CP26_BENCHMARK_FINAL/BENCHMARK_SIMPLE_C_BPL/TERM_LASSO//lasso_traces_eratosthenes.c/lasso_trace_1.txt,TERMINATING,2.41,488.12,59.00,TERMINATING,6,2,8,Affine template / Affine template
CP26_BENCHMARK_FINAL/BENCHMARK_SIMPLE_C_BPL/TERM_LASSO//lasso_traces_eric1.t2.c/lasso_trace_1.txt,TERMINATING,1.68,51.19,6.00,TERMINATING,23,13,36,Affine template / Affine template
CP26_BENCHMARK_FINAL/BENCHMARK_SIMPLE_C_BPL/TERM_LASSO//lasso_traces_eric1.t2.c/lasso_trace_3.txt,TERMINATING,0.35,80.10,23.00,TERMINATING,62,14,76,Affine template / Affine template
CP26_BENCHMARK_FINAL/BENCHMARK_SIMPLE_C_BPL/TERM_LASSO//lasso_traces_eric1.t2.c/lasso_trace_5.txt,TERMINATING,0.29,40.10,7.00,TERMINATING,86,36,122,Affine template / Affine template
CP26_BENCHMARK_FINAL/BENCHMARK_SIMPLE_C_BPL/TERM_LASSO//lasso_traces_eric1.t2.c/lasso_trace_6.txt,TERMINATING,0.35,72.20,21.00,TERMINATING,98,23,121,Affine template / Affine template
CP26_BENCHMARK_FINAL/BENCHMARK_SIMPLE_C_BPL/TERM_LASSO//lasso_traces_eric1.t2.c/lasso_trace_7.txt,TERMINATING,0.26,40.19,6.00,TERMINATING,108,36,144,Affine template / Affine template
CP26_BENCHMARK_FINAL/BENCHMARK_SIMPLE_C_BPL/TERM_LASSO//lasso_traces_eric1.t2.c/lasso_trace_8.txt,TERMINATING,0.32,70.12,28.00,TERMINATING,93,45,138,Affine template / Affine template
CP26_BENCHMARK_FINAL/BENCHMARK_SIMPLE_C_BPL/TERM_LASSO//lasso_traces_eric2.t2.c/lasso_trace_1.txt,TERMINATING,2.09,84.32,24.00,TERMINATING,183,17,200,Affine template / Affine template
CP26_BENCHMARK_FINAL/BENCHMARK_SIMPLE_C_BPL/TERM_LASSO//lasso_traces_eric2.t2.c/lasso_trace_10.txt,TERMINATING,0.66,95.59,42.00,TERMINATING,220,36,256,Affine template / Affine template
CP26_BENCHMARK_FINAL/BENCHMARK_SIMPLE_C_BPL/TERM_LASSO//lasso_traces_eric2.t2.c/lasso_trace_11.txt,TERMINATING,0.56,84.25,42.00,TERMINATING,229,36,265,Affine template / Affine template
CP26_BENCHMARK_FINAL/BENCHMARK_SIMPLE_C_BPL/TERM_LASSO//lasso_traces_eric2.t2.c/lasso_trace_12.txt,TERMINATING,0.64,71.91,28.00,TERMINATING,221,9,230,Affine template / Affine template
CP26_BENCHMARK_FINAL/BENCHMARK_SIMPLE_C_BPL/TERM_LASSO//lasso_traces_eric2.t2.c/lasso_trace_13.txt,TERMINATING,0.61,112.85,35.00,TERMINATING,221,9,230,Affine template / Affine template
CP26_BENCHMARK_FINAL/BENCHMARK_SIMPLE_C_BPL/TERM_LASSO//lasso_traces_eric2.t2.c/lasso_trace_14.txt,TERMINATING,0.71,74.82,33.00,TERMINATING,221,9,230,Affine template / Affine template
CP26_BENCHMARK_FINAL/BENCHMARK_SIMPLE_C_BPL/TERM_LASSO//lasso_traces_eric2.t2.c/lasso_trace_15.txt,TERMINATING,0.49,73.72,32.00,TERMINATING,221,9,230,Affine template / Affine template
CP26_BENCHMARK_FINAL/BENCHMARK_SIMPLE_C_BPL/TERM_LASSO//lasso_traces_eric2.t2.c/lasso_trace_16.txt,TERMINATING,0.61,75.62,35.00,TERMINATING,221,9,230,Affine template / Affine template
CP26_BENCHMARK_FINAL/BENCHMARK_SIMPLE_C_BPL/TERM_LASSO//lasso_traces_eric2.t2.c/lasso_trace_17.txt,TERMINATING,0.66,70.29,27.00,TERMINATING,221,9,230,Affine template / Affine template
CP26_BENCHMARK_FINAL/BENCHMARK_SIMPLE_C_BPL/TERM_LASSO//lasso_traces_eric2.t2.c/lasso_trace_18.txt,TERMINATING,0.59,72.56,28.00,TERMINATING,221,9,230,Affine template / Affine template
CP26_BENCHMARK_FINAL/BENCHMARK_SIMPLE_C_BPL/TERM_LASSO//lasso_traces_eric2.t2.c/lasso_trace_19.txt,TERMINATING,0.51,94.43,29.00,TERMINATING,221,9,230,Affine template / Affine template
CP26_BENCHMARK_FINAL/BENCHMARK_SIMPLE_C_BPL/TERM_LASSO//lasso_traces_eric2.t2.c/lasso_trace_2.txt,TERMINATING,0.84,76.80,27.00,TERMINATING,192,9,201,Affine template / Affine template
CP26_BENCHMARK_FINAL/BENCHMARK_SIMPLE_C_BPL/TERM_LASSO//lasso_traces_eric2.t2.c/lasso_trace_20.txt,TERMINATING,0.67,78.34,31.00,TERMINATING,221,9,230,Affine template / Affine template
CP26_BENCHMARK_FINAL/BENCHMARK_SIMPLE_C_BPL/TERM_LASSO//lasso_traces_eric2.t2.c/lasso_trace_21.txt,TERMINATING,0.70,75.67,30.00,TERMINATING,221,9,230,Affine template / Affine template
CP26_BENCHMARK_FINAL/BENCHMARK_SIMPLE_C_BPL/TERM_LASSO//lasso_traces_eric2.t2.c/lasso_trace_22.txt,TERMINATING,0.73,74.57,31.00,TERMINATING,221,9,230,Affine template / Affine template
CP26_BENCHMARK_FINAL/BENCHMARK_SIMPLE_C_BPL/TERM_LASSO//lasso_traces_eric2.t2.c/lasso_trace_23.txt,TERMINATING,0.66,72.38,34.00,TERMINATING,221,9,230,Affine template / Affine template
CP26_BENCHMARK_FINAL/BENCHMARK_SIMPLE_C_BPL/TERM_LASSO//lasso_traces_eric2.t2.c/lasso_trace_24.txt,TERMINATING,0.63,71.03,30.00,TERMINATING,221,9,230,Affine template / Affine template
CP26_BENCHMARK_FINAL/BENCHMARK_SIMPLE_C_BPL/TERM_LASSO//lasso_traces_eric2.t2.c/lasso_trace_25.txt,TERMINATING,0.65,78.77,34.00,TERMINATING,221,9,230,Affine template / Affine template
CP26_BENCHMARK_FINAL/BENCHMARK_SIMPLE_C_BPL/TERM_LASSO//lasso_traces_eric2.t2.c/lasso_trace_26.txt,TERMINATING,0.63,67.20,34.00,TERMINATING,221,9,230,Affine template / Affine template
CP26_BENCHMARK_FINAL/BENCHMARK_SIMPLE_C_BPL/TERM_LASSO//lasso_traces_eric2.t2.c/lasso_trace_27.txt,TERMINATING,0.67,68.61,34.00,TERMINATING,221,9,230,Affine template / Affine template
CP26_BENCHMARK_FINAL/BENCHMARK_SIMPLE_C_BPL/TERM_LASSO//lasso_traces_eric2.t2.c/lasso_trace_28.txt,TERMINATING,0.60,68.44,32.00,TERMINATING,221,9,230,Affine template / Affine template
CP26_BENCHMARK_FINAL/BENCHMARK_SIMPLE_C_BPL/TERM_LASSO//lasso_traces_eric2.t2.c/lasso_trace_29.txt,TERMINATING,0.68,67.12,34.00,TERMINATING,221,9,230,Affine template / Affine template
CP26_BENCHMARK_FINAL/BENCHMARK_SIMPLE_C_BPL/TERM_LASSO//lasso_traces_eric2.t2.c/lasso_trace_30.txt,TERMINATING,0.59,70.07,32.00,TERMINATING,221,9,230,Affine template / Affine template
CP26_BENCHMARK_FINAL/BENCHMARK_SIMPLE_C_BPL/TERM_LASSO//lasso_traces_eric2.t2.c/lasso_trace_31.txt,TERMINATING,0.60,68.22,37.00,TERMINATING,221,9,230,Affine template / Affine template
CP26_BENCHMARK_FINAL/BENCHMARK_SIMPLE_C_BPL/TERM_LASSO//lasso_traces_eric2.t2.c/lasso_trace_32.txt,TERMINATING,0.56,72.11,32.00,TERMINATING,221,9,230,Affine template / Affine template
CP26_BENCHMARK_FINAL/BENCHMARK_SIMPLE_C_BPL/TERM_LASSO//lasso_traces_eric2.t2.c/lasso_trace_33.txt,TERMINATING,0.59,66.56,34.00,TERMINATING,221,9,230,Affine template / Affine template
CP26_BENCHMARK_FINAL/BENCHMARK_SIMPLE_C_BPL/TERM_LASSO//lasso_traces_eric2.t2.c/lasso_trace_34.txt,TERMINATING,0.55,79.53,30.00,TERMINATING,221,9,230,Affine template / Affine template
CP26_BENCHMARK_FINAL/BENCHMARK_SIMPLE_C_BPL/TERM_LASSO//lasso_traces_eric2.t2.c/lasso_trace_35.txt,TERMINATING,0.61,80.84,31.00,TERMINATING,221,9,230,Affine template / Affine template
CP26_BENCHMARK_FINAL/BENCHMARK_SIMPLE_C_BPL/TERM_LASSO//lasso_traces_eric2.t2.c/lasso_trace_36.txt,TERMINATING,0.65,73.38,30.00,TERMINATING,221,9,230,Affine template / Affine template
CP26_BENCHMARK_FINAL/BENCHMARK_SIMPLE_C_BPL/TERM_LASSO//lasso_traces_eric2.t2.c/lasso_trace_37.txt,TERMINATING,0.53,106.06,30.00,TERMINATING,221,9,230,Affine template / Affine template
CP26_BENCHMARK_FINAL/BENCHMARK_SIMPLE_C_BPL/TERM_LASSO//lasso_traces_eric2.t2.c/lasso_trace_38.txt,TERMINATING,0.66,73.37,31.00,TERMINATING,221,9,230,Affine template / Affine template
CP26_BENCHMARK_FINAL/BENCHMARK_SIMPLE_C_BPL/TERM_LASSO//lasso_traces_eric2.t2.c/lasso_trace_39.txt,TERMINATING,0.61,99.40,29.00,TERMINATING,221,9,230,Affine template / Affine template
CP26_BENCHMARK_FINAL/BENCHMARK_SIMPLE_C_BPL/TERM_LASSO//lasso_traces_eric2.t2.c/lasso_trace_4.txt,TERMINATING,0.76,89.10,36.00,TERMINATING,206,21,227,Affine template / Affine template
CP26_BENCHMARK_FINAL/BENCHMARK_SIMPLE_C_BPL/TERM_LASSO//lasso_traces_eric2.t2.c/lasso_trace_40.txt,TERMINATING,0.61,70.23,32.00,TERMINATING,221,9,230,Affine template / Affine template
CP26_BENCHMARK_FINAL/BENCHMARK_SIMPLE_C_BPL/TERM_LASSO//lasso_traces_eric2.t2.c/lasso_trace_41.txt,TERMINATING,0.49,73.22,30.00,TERMINATING,221,9,230,Affine template / Affine template
CP26_BENCHMARK_FINAL/BENCHMARK_SIMPLE_C_BPL/TERM_LASSO//lasso_traces_eric2.t2.c/lasso_trace_42.txt,TERMINATING,0.61,72.46,28.00,TERMINATING,221,9,230,Affine template / Affine template
CP26_BENCHMARK_FINAL/BENCHMARK_SIMPLE_C_BPL/TERM_LASSO//lasso_traces_eric2.t2.c/lasso_trace_43.txt,TERMINATING,0.61,67.66,27.00,TERMINATING,221,9,230,Affine template / Affine template
CP26_BENCHMARK_FINAL/BENCHMARK_SIMPLE_C_BPL/TERM_LASSO//lasso_traces_eric2.t2.c/lasso_trace_44.txt,TERMINATING,0.64,102.58,28.00,TERMINATING,221,9,230,Affine template / Affine template
CP26_BENCHMARK_FINAL/BENCHMARK_SIMPLE_C_BPL/TERM_LASSO//lasso_traces_eric2.t2.c/lasso_trace_45.txt,TERMINATING,0.65,64.62,30.00,TERMINATING,221,9,230,Affine template / Affine template
CP26_BENCHMARK_FINAL/BENCHMARK_SIMPLE_C_BPL/TERM_LASSO//lasso_traces_eric2.t2.c/lasso_trace_46.txt,TERMINATING,0.60,68.02,32.00,TERMINATING,221,9,230,Affine template / Affine template
CP26_BENCHMARK_FINAL/BENCHMARK_SIMPLE_C_BPL/TERM_LASSO//lasso_traces_eric2.t2.c/lasso_trace_47.txt,TERMINATING,0.58,97.63,29.00,TERMINATING,221,9,230,Affine template / Affine template
CP26_BENCHMARK_FINAL/BENCHMARK_SIMPLE_C_BPL/TERM_LASSO//lasso_traces_eric2.t2.c/lasso_trace_48.txt,TERMINATING,0.62,65.85,30.00,TERMINATING,221,9,230,Affine template / Affine template
CP26_BENCHMARK_FINAL/BENCHMARK_SIMPLE_C_BPL/TERM_LASSO//lasso_traces_eric2.t2.c/lasso_trace_49.txt,TERMINATING,0.61,100.52,30.00,TERMINATING,221,9,230,Affine template / Affine template
CP26_BENCHMARK_FINAL/BENCHMARK_SIMPLE_C_BPL/TERM_LASSO//lasso_traces_eric2.t2.c/lasso_trace_5.txt,TERMINATING,0.87,97.56,20.00,TERMINATING,215,17,232,Affine template / Affine template
CP26_BENCHMARK_FINAL/BENCHMARK_SIMPLE_C_BPL/TERM_LASSO//lasso_traces_eric2.t2.c/lasso_trace_50.txt,TERMINATING,0.70,72.93,33.00,TERMINATING,221,9,230,Affine template / Affine template
CP26_BENCHMARK_FINAL/BENCHMARK_SIMPLE_C_BPL/TERM_LASSO//lasso_traces_eric2.t2.c/lasso_trace_51.txt,TERMINATING,0.66,84.82,31.00,TERMINATING,221,9,230,Affine template / Affine template
CP26_BENCHMARK_FINAL/BENCHMARK_SIMPLE_C_BPL/TERM_LASSO//lasso_traces_eric2.t2.c/lasso_trace_52.txt,TERMINATING,0.54,68.73,31.00,TERMINATING,221,9,230,Affine template / Affine template
CP26_BENCHMARK_FINAL/BENCHMARK_SIMPLE_C_BPL/TERM_LASSO//lasso_traces_eric2.t2.c/lasso_trace_53.txt,TERMINATING,0.63,67.51,31.00,TERMINATING,221,9,230,Affine template / Affine template
CP26_BENCHMARK_FINAL/BENCHMARK_SIMPLE_C_BPL/TERM_LASSO//lasso_traces_eric2.t2.c/lasso_trace_6.txt,TERMINATING,0.94,92.08,39.00,TERMINATING,223,27,250,Affine template / Affine template
CP26_BENCHMARK_FINAL/BENCHMARK_SIMPLE_C_BPL/TERM_LASSO//lasso_traces_eric2.t2.c/lasso_trace_7.txt,TERMINATING,1.11,72.34,34.00,TERMINATING,229,9,238,Affine template / Affine template
CP26_BENCHMARK_FINAL/BENCHMARK_SIMPLE_C_BPL/TERM_LASSO//lasso_traces_eric2.t2.c/lasso_trace_8.txt,TERMINATING,0.66,106.75,30.00,TERMINATING,192,26,218,Affine template / Affine template
CP26_BENCHMARK_FINAL/BENCHMARK_SIMPLE_C_BPL/TERM_LASSO//lasso_traces_eric2.t2.c/lasso_trace_9.txt,TERMINATING,0.68,81.19,35.00,TERMINATING,229,26,255,Affine template / Affine template
CP26_BENCHMARK_FINAL/BENCHMARK_SIMPLE_C_BPL/TERM_LASSO//lasso_traces_eric.t2.c/lasso_trace_1.txt,TERMINATING,1.71,52.57,7.00,TERMINATING,29,12,41,Affine template / Affine template
CP26_BENCHMARK_FINAL/BENCHMARK_SIMPLE_C_BPL/TERM_LASSO//lasso_traces_eric.t2.c/lasso_trace_6.txt,TERMINATING,0.49,85.74,28.00,TERMINATING,41,53,94,Affine template / Affine template
CP26_BENCHMARK_FINAL/BENCHMARK_SIMPLE_C_BPL/TERM_LASSO//lasso_traces_Et1.c/lasso_trace_1.txt,TERMINATING,2.11,131.08,12.00,TERMINATING,5,1,6,2 template / Nested template
CP26_BENCHMARK_FINAL/BENCHMARK_SIMPLE_C_BPL/TERM_LASSO//lasso_traces_Et1_true.c/lasso_trace_1.txt,TERMINATING,2.22,114.74,26.00,UNKNOWN,14,3,17,2 template
CP26_BENCHMARK_FINAL/BENCHMARK_SIMPLE_C_BPL/TERM_LASSO//lasso_traces_Et1_true_true-termination.c/lasso_trace_1.txt,TERMINATING,1.85,110.89,26.00,UNKNOWN,14,3,17,2 template
CP26_BENCHMARK_FINAL/BENCHMARK_SIMPLE_C_BPL/TERM_LASSO//lasso_traces_Et2_true.c/lasso_trace_1.txt,TERMINATING,1.50,54.60,9.00,TERMINATING,14,7,21,Affine template / Affine template
CP26_BENCHMARK_FINAL/BENCHMARK_SIMPLE_C_BPL/TERM_LASSO//lasso_traces_Et2_true_true-termination.c/lasso_trace_1.txt,TERMINATING,1.56,62.10,10.00,TERMINATING,14,7,21,Affine template / Affine template
CP26_BENCHMARK_FINAL/BENCHMARK_SIMPLE_C_BPL/TERM_LASSO//lasso_traces_Et3_true.c/lasso_trace_1.txt,TERMINATING,1.75,120.58,11.00,TERMINATING,14,3,17,2 template / Nested template
CP26_BENCHMARK_FINAL/BENCHMARK_SIMPLE_C_BPL/TERM_LASSO//lasso_traces_Et3_true_true-termination.c/lasso_trace_1.txt,TERMINATING,1.80,125.08,10.00,TERMINATING,14,3,17,2 template / Nested template
CP26_BENCHMARK_FINAL/BENCHMARK_SIMPLE_C_BPL/TERM_LASSO//lasso_traces_Et4_true.c/lasso_trace_1.txt,TERMINATING,1.88,69.51,13.00,TERMINATING,18,7,25,Affine template / Affine template
CP26_BENCHMARK_FINAL/BENCHMARK_SIMPLE_C_BPL/TERM_LASSO//lasso_traces_Et4_true_true-termination.c/lasso_trace_1.txt,TERMINATING,1.74,68.18,13.00,TERMINATING,18,7,25,Affine template / Affine template
CP26_BENCHMARK_FINAL/BENCHMARK_SIMPLE_C_BPL/TERM_LASSO//lasso_traces_euclid.c/lasso_trace_1.txt,TERMINATING,2.02,114.36,13.00,TERMINATING,8,1,9,Affine template / Affine template
CP26_BENCHMARK_FINAL/BENCHMARK_SIMPLE_C_BPL/TERM_LASSO//lasso_traces_euclid-no-inv.c/lasso_trace_1.txt,TERMINATING,1.96,103.25,13.00,TERMINATING,8,1,9,Affine template / Affine template
CP26_BENCHMARK_FINAL/BENCHMARK_SIMPLE_C_BPL/TERM_LASSO//lasso_traces_EvenOdd01_true-termination.c/lasso_trace_1.txt,TERMINATING,1.87,86.59,11.00,TERMINATING,7,8,15,Affine template / Affine template
CP26_BENCHMARK_FINAL/BENCHMARK_SIMPLE_C_BPL/TERM_LASSO//lasso_traces_EvenOdd01_true-unreach-call_true-termination.c/lasso_trace_1.txt,TERMINATING,2.11,86.97,11.00,TERMINATING,7,8,15,Affine template / Affine template
CP26_BENCHMARK_FINAL/BENCHMARK_SIMPLE_C_BPL/TERM_LASSO//lasso_traces_Ex07.c/lasso_trace_1.txt,TERMINATING,1.89,57.91,8.00,TERMINATING,5,2,7,Affine template / Affine template
CP26_BENCHMARK_FINAL/BENCHMARK_SIMPLE_C_BPL/TERM_LASSO//lasso_traces_ex10.t2.c/lasso_trace_1.txt,TERMINATING,2.69,58.98,7.00,TERMINATING,68,27,95,Affine template / Affine template
CP26_BENCHMARK_FINAL/BENCHMARK_SIMPLE_C_BPL/TERM_LASSO//lasso_traces_ex11.t2.c/lasso_trace_2.txt,TERMINATING,0.33,44.31,6.00,TERMINATING,45,30,75,Affine template / Affine template
CP26_BENCHMARK_FINAL/BENCHMARK_SIMPLE_C_BPL/TERM_LASSO//lasso_traces_ex12.t2.c/lasso_trace_1.txt,TERMINATING,1.66,47.24,5.00,TERMINATING,20,13,33,Affine template / Affine template
CP26_BENCHMARK_FINAL/BENCHMARK_SIMPLE_C_BPL/TERM_LASSO//lasso_traces_ex14.t2.c/lasso_trace_1.txt,TERMINATING,1.58,53.00,6.00,TERMINATING,20,13,33,Affine template / Affine template
CP26_BENCHMARK_FINAL/BENCHMARK_SIMPLE_C_BPL/TERM_LASSO//lasso_traces_ex17.t2.c/lasso_trace_1.txt,TERMINATING,1.69,50.57,5.00,TERMINATING,40,13,53,Affine template / Affine template
CP26_BENCHMARK_FINAL/BENCHMARK_SIMPLE_C_BPL/TERM_LASSO//lasso_traces_ex18.t2.c/lasso_trace_2.txt,TERMINATING,0.49,47.53,8.00,TERMINATING,62,21,83,Affine template / Affine template
CP26_BENCHMARK_FINAL/BENCHMARK_SIMPLE_C_BPL/TERM_LASSO//lasso_traces_ex19.t2.c/lasso_trace_1.txt,TERMINATING,1.95,63.98,10.00,TERMINATING,28,17,45,Affine template / Affine template
CP26_BENCHMARK_FINAL/BENCHMARK_SIMPLE_C_BPL/TERM_LASSO//lasso_traces_ex1-alloca_true-termination.c/lasso_trace_1.txt,TERMINATING,2.38,144.22,40.00,TERMINATING,10,7,17,Affine template / Affine template
CP26_BENCHMARK_FINAL/BENCHMARK_SIMPLE_C_BPL/TERM_LASSO//lasso_traces_ex1_true-termination.c/lasso_trace_1.txt,TERMINATING,2.17,49.12,6.00,TERMINATING,7,1,8,Affine template / Affine template
CP26_BENCHMARK_FINAL/BENCHMARK_SIMPLE_C_BPL/TERM_LASSO//lasso_traces_ex20.t2.c/lasso_trace_1.txt,TERMINATING,1.93,72.09,9.00,TERMINATING,46,13,59,Affine template / Affine template
CP26_BENCHMARK_FINAL/BENCHMARK_SIMPLE_C_BPL/TERM_LASSO//lasso_traces_ex21.t2.c/lasso_trace_1.txt,TERMINATING,1.70,50.16,5.00,TERMINATING,32,13,45,Affine template / Affine template
CP26_BENCHMARK_FINAL/BENCHMARK_SIMPLE_C_BPL/TERM_LASSO//lasso_traces_ex22.t2.c/lasso_trace_1.txt,TERMINATING,1.74,76.99,7.00,TERMINATING,155,13,168,Affine template / Affine template
CP26_BENCHMARK_FINAL/BENCHMARK_SIMPLE_C_BPL/TERM_LASSO//lasso_traces_ex23.t2.c/lasso_trace_1.txt,TERMINATING,1.84,51.09,7.00,TERMINATING,33,13,46,Affine template / Affine template
CP26_BENCHMARK_FINAL/BENCHMARK_SIMPLE_C_BPL/TERM_LASSO//lasso_traces_ex26.t2.c/lasso_trace_1.txt,TERMINATING,1.63,59.10,6.00,TERMINATING,32,29,61,Affine template / Affine template
CP26_BENCHMARK_FINAL/BENCHMARK_SIMPLE_C_BPL/TERM_LASSO//lasso_traces_ex27.t2.c/lasso_trace_1.txt,TERMINATING,1.63,72.63,7.00,TERMINATING,179,13,192,Affine template / Affine template
CP26_BENCHMARK_FINAL/BENCHMARK_SIMPLE_C_BPL/TERM_LASSO//lasso_traces_ex2-alloca_true-termination.c/lasso_trace_3.txt,TERMINATING,3.07,397.61,86.00,TERMINATING,12,14,26,Affine template / Affine template
CP26_BENCHMARK_FINAL/BENCHMARK_SIMPLE_C_BPL/TERM_LASSO//lasso_traces_ex2.c/lasso_trace_1.txt,TERMINATING,1.92,50.40,7.00,TERMINATING,6,3,9,Affine template / Affine template
CP26_BENCHMARK_FINAL/BENCHMARK_SIMPLE_C_BPL/TERM_LASSO//lasso_traces_ex30.t2.c/lasso_trace_1.txt,TERMINATING,3.02,60.57,8.00,TERMINATING,52,13,65,Affine template / Affine template
CP26_BENCHMARK_FINAL/BENCHMARK_SIMPLE_C_BPL/TERM_LASSO//lasso_traces_ex30.t2.c/lasso_trace_2.txt,TERMINATING,0.35,41.02,9.00,TERMINATING,65,13,78,Affine template / Affine template
CP26_BENCHMARK_FINAL/BENCHMARK_SIMPLE_C_BPL/TERM_LASSO//lasso_traces_ex32.t2.c/lasso_trace_1.txt,TERMINATING,1.74,50.92,8.00,TERMINATING,37,13,50,Affine template / Affine template
CP26_BENCHMARK_FINAL/BENCHMARK_SIMPLE_C_BPL/TERM_LASSO//lasso_traces_ex36.t2.c/lasso_trace_1.txt,TERMINATING,1.70,78.91,9.00,TERMINATING,244,13,257,Affine template / Affine template
CP26_BENCHMARK_FINAL/BENCHMARK_SIMPLE_C_BPL/TERM_LASSO//lasso_traces_ex36.t2.c/lasso_trace_10.txt,TERMINATING,0.25,67.15,9.00,TERMINATING,341,17,358,Affine template / Affine template
CP26_BENCHMARK_FINAL/BENCHMARK_SIMPLE_C_BPL/TERM_LASSO//lasso_traces_ex36.t2.c/lasso_trace_11.txt,TERMINATING,0.27,69.01,10.00,TERMINATING,354,17,371,Affine template / Affine template
CP26_BENCHMARK_FINAL/BENCHMARK_SIMPLE_C_BPL/TERM_LASSO//lasso_traces_ex36.t2.c/lasso_trace_12.txt,TERMINATING,0.24,76.28,9.00,TERMINATING,333,13,346,Affine template / Affine template
CP26_BENCHMARK_FINAL/BENCHMARK_SIMPLE_C_BPL/TERM_LASSO//lasso_traces_ex36.t2.c/lasso_trace_13.txt,TERMINATING,0.27,76.71,8.00,TERMINATING,346,13,359,Affine template / Affine template
CP26_BENCHMARK_FINAL/BENCHMARK_SIMPLE_C_BPL/TERM_LASSO//lasso_traces_ex36.t2.c/lasso_trace_14.txt,TERMINATING,0.28,68.39,10.00,TERMINATING,359,17,376,Affine template / Affine template
CP26_BENCHMARK_FINAL/BENCHMARK_SIMPLE_C_BPL/TERM_LASSO//lasso_traces_ex36.t2.c/lasso_trace_15.txt,TERMINATING,0.25,70.42,10.00,TERMINATING,376,17,393,Affine template / Affine template
CP26_BENCHMARK_FINAL/BENCHMARK_SIMPLE_C_BPL/TERM_LASSO//lasso_traces_ex36.t2.c/lasso_trace_16.txt,TERMINATING,0.23,67.06,10.00,TERMINATING,338,13,351,Affine template / Affine template
CP26_BENCHMARK_FINAL/BENCHMARK_SIMPLE_C_BPL/TERM_LASSO//lasso_traces_ex36.t2.c/lasso_trace_2.txt,TERMINATING,0.33,63.86,9.00,TERMINATING,257,13,270,Affine template / Affine template
CP26_BENCHMARK_FINAL/BENCHMARK_SIMPLE_C_BPL/TERM_LASSO//lasso_traces_ex36.t2.c/lasso_trace_3.txt,TERMINATING,0.26,64.19,9.00,TERMINATING,297,13,310,Affine template / Affine template
CP26_BENCHMARK_FINAL/BENCHMARK_SIMPLE_C_BPL/TERM_LASSO//lasso_traces_ex36.t2.c/lasso_trace_4.txt,TERMINATING,0.44,69.54,9.00,TERMINATING,302,13,315,Affine template / Affine template
CP26_BENCHMARK_FINAL/BENCHMARK_SIMPLE_C_BPL/TERM_LASSO//lasso_traces_ex36.t2.c/lasso_trace_6.txt,TERMINATING,0.28,71.43,9.00,TERMINATING,323,13,336,Affine template / Affine template
CP26_BENCHMARK_FINAL/BENCHMARK_SIMPLE_C_BPL/TERM_LASSO//lasso_traces_ex36.t2.c/lasso_trace_7.txt,TERMINATING,0.41,141.00,35.00,TERMINATING,309,13,322,Affine template / Affine template
CP26_BENCHMARK_FINAL/BENCHMARK_SIMPLE_C_BPL/TERM_LASSO//lasso_traces_ex36.t2.c/lasso_trace_9.txt,TERMINATING,0.28,65.45,10.00,TERMINATING,328,17,345,Affine template / Affine template
CP26_BENCHMARK_FINAL/BENCHMARK_SIMPLE_C_BPL/TERM_LASSO//lasso_traces_ex3.c/lasso_trace_1.txt,TERMINATING,1.92,49.27,6.00,TERMINATING,6,3,9,Affine template / Affine template
CP26_BENCHMARK_FINAL/BENCHMARK_SIMPLE_C_BPL/TERM_LASSO//lasso_traces_ex3.c/lasso_trace_4.txt,TERMINATING,0.24,36.59,7.00,TERMINATING,8,3,11,Affine template / Affine template
CP26_BENCHMARK_FINAL/BENCHMARK_SIMPLE_C_BPL/TERM_LASSO//lasso_traces_ex3.t2.c/lasso_trace_1.txt,TERMINATING,7.73,289.09,7.00,TERMINATING,29,13,42,Affine template / Affine template
CP26_BENCHMARK_FINAL/BENCHMARK_SIMPLE_C_BPL/TERM_LASSO//lasso_traces_ex3_true-termination.c/lasso_trace_1.txt,TERMINATING,1.92,52.55,6.00,TERMINATING,6,3,9,Affine template / Affine template
CP26_BENCHMARK_FINAL/BENCHMARK_SIMPLE_C_BPL/TERM_LASSO//lasso_traces_ex3_true-termination.c/lasso_trace_4.txt,TERMINATING,0.27,34.41,7.00,TERMINATING,8,3,11,Affine template / Affine template
CP26_BENCHMARK_FINAL/BENCHMARK_SIMPLE_C_BPL/TERM_LASSO//lasso_traces_ex4.t2.c/lasso_trace_1.txt,TERMINATING,1.58,51.04,7.00,TERMINATING,40,26,66,Affine template / Affine template
CP26_BENCHMARK_FINAL/BENCHMARK_SIMPLE_C_BPL/TERM_LASSO//lasso_traces_ex4.t2.c/lasso_trace_2.txt,TERMINATING,0.31,45.63,6.00,TERMINATING,58,30,88,Affine template / Affine template
CP26_BENCHMARK_FINAL/BENCHMARK_SIMPLE_C_BPL/TERM_LASSO//lasso_traces_ex7.t2.c/lasso_trace_1.txt,TERMINATING,2.56,54.82,6.00,TERMINATING,36,17,53,Affine template / Affine template
CP26_BENCHMARK_FINAL/BENCHMARK_SIMPLE_C_BPL/TERM_LASSO//lasso_traces_ex8.t2.c/lasso_trace_1.txt,TERMINATING,1.85,55.49,7.00,TERMINATING,36,17,53,Affine template / Affine template
CP26_BENCHMARK_FINAL/BENCHMARK_SIMPLE_C_BPL/TERM_LASSO//lasso_traces_ex9.t2.c/lasso_trace_1.txt,TERMINATING,1.79,57.88,6.00,TERMINATING,40,17,57,Affine template / Affine template
CP26_BENCHMARK_FINAL/BENCHMARK_SIMPLE_C_BPL/TERM_LASSO//lasso_traces_example.t2.c/lasso_trace_1.txt,TERMINATING,1.68,43.73,8.00,TERMINATING,22,10,32,Affine template / Affine template
CP26_BENCHMARK_FINAL/BENCHMARK_SIMPLE_C_BPL/TERM_LASSO//lasso_traces_example.t2.c/lasso_trace_2.txt,TERMINATING,0.50,81.36,22.00,TERMINATING,25,14,39,Affine template / Affine template
CP26_BENCHMARK_FINAL/BENCHMARK_SIMPLE_C_BPL/TERM_LASSO//lasso_traces_f91.c/lasso_trace_1.txt,TERMINATING,1.76,35.53,6.00,TERMINATING,0,3,3,Affine template / Affine template
CP26_BENCHMARK_FINAL/BENCHMARK_SIMPLE_C_BPL/TERM_LASSO//lasso_traces_f91.c/lasso_trace_2.txt,TERMINATING,0.52,45.97,8.00,TERMINATING,7,9,16,Affine template / Affine template
CP26_BENCHMARK_FINAL/BENCHMARK_SIMPLE_C_BPL/TERM_LASSO//lasso_traces_f91.c/lasso_trace_5.txt,TERMINATING,0.27,37.07,6.00,TERMINATING,30,9,39,Affine template / Affine template
CP26_BENCHMARK_FINAL/BENCHMARK_SIMPLE_C_BPL/TERM_LASSO//lasso_traces_factorial.c/lasso_trace_1.txt,TERMINATING,1.65,26.44,5.00,TERMINATING,0,3,3,Affine template / Affine template
CP26_BENCHMARK_FINAL/BENCHMARK_SIMPLE_C_BPL/TERM_LASSO//lasso_traces_fdct.t2.c/lasso_trace_1.txt,TERMINATING,1.92,73.67,13.00,TERMINATING,92,85,177,Affine template / Affine template
CP26_BENCHMARK_FINAL/BENCHMARK_SIMPLE_C_BPL/TERM_LASSO//lasso_traces_fermat-alloca_true-termination.c/lasso_trace_1.txt,TERMINATING,2.60,358.66,149.00,TERMINATING,9,21,30,Affine template / Affine template
CP26_BENCHMARK_FINAL/BENCHMARK_SIMPLE_C_BPL/TERM_LASSO//lasso_traces_fermat.t2.c/lasso_trace_1.txt,TERMINATING,1.96,83.35,10.00,TERMINATING,100,17,117,Affine template / Affine template
CP26_BENCHMARK_FINAL/BENCHMARK_SIMPLE_C_BPL/TERM_LASSO//lasso_traces_fibcall.t2.c/lasso_trace_1.txt,TERMINATING,1.84,70.10,9.00,TERMINATING,48,13,61,Affine template / Affine template
CP26_BENCHMARK_FINAL/BENCHMARK_SIMPLE_C_BPL/TERM_LASSO//lasso_traces_fibo_5_false-unreach-call.c/lasso_trace_1.txt,TERMINATING,1.74,53.54,9.00,TERMINATING,6,4,10,Affine template / Affine template
CP26_BENCHMARK_FINAL/BENCHMARK_SIMPLE_C_BPL/TERM_LASSO//lasso_traces_Fibonacci01_true-termination.c/lasso_trace_1.txt,TERMINATING,1.76,50.21,7.00,TERMINATING,7,4,11,Affine template / Affine template
CP26_BENCHMARK_FINAL/BENCHMARK_SIMPLE_C_BPL/TERM_LASSO//lasso_traces_Fibonacci01_true-unreach-call.c/lasso_trace_1.txt,TERMINATING,1.88,60.52,6.00,TERMINATING,7,4,11,Affine template / Affine template
CP26_BENCHMARK_FINAL/BENCHMARK_SIMPLE_C_BPL/TERM_LASSO//lasso_traces_fibonacci.c/lasso_trace_1.txt,TERMINATING,1.85,43.27,5.00,TERMINATING,0,4,4,Affine template / Affine template
CP26_BENCHMARK_FINAL/BENCHMARK_SIMPLE_C_BPL/TERM_LASSO//lasso_traces_firewire.t2.c/lasso_trace_1.txt,TERMINATING,1.89,69.26,20.00,TERMINATING,53,53,106,Affine template / Affine template
CP26_BENCHMARK_FINAL/BENCHMARK_SIMPLE_C_BPL/TERM_LASSO//lasso_traces_firewire.t2.c/lasso_trace_4.txt,TERMINATING,0.35,62.20,18.00,TERMINATING,88,68,156,Affine template / Affine template
CP26_BENCHMARK_FINAL/BENCHMARK_SIMPLE_C_BPL/TERM_LASSO//lasso_traces_fir.t2.c/lasso_trace_1.txt,TERMINATING,1.80,68.57,10.00,TERMINATING,48,38,86,Affine template / Affine template
CP26_BENCHMARK_FINAL/BENCHMARK_SIMPLE_C_BPL/TERM_LASSO//lasso_traces_fir.t2.c/lasso_trace_2.txt,TERMINATING,0.34,41.25,11.00,TERMINATING,65,17,82,Affine template / Affine template
CP26_BENCHMARK_FINAL/BENCHMARK_SIMPLE_C_BPL/TERM_LASSO//lasso_traces_flag-alloca_true-termination.c/lasso_trace_1.txt,TERMINATING,3.35,26491.69,235.00,TERMINATING,11,8,19,2 template / Affine template
CP26_BENCHMARK_FINAL/BENCHMARK_SIMPLE_C_BPL/TERM_LASSO//lasso_traces_flag.c/lasso_trace_1.txt,TERMINATING,2.17,3121.90,30.00,TERMINATING,1,1,2,2 template / Affine template
CP26_BENCHMARK_FINAL/BENCHMARK_SIMPLE_C_BPL/TERM_LASSO//lasso_traces_flag_true-termination.c/lasso_trace_1.txt,TERMINATING,1.75,4461.43,34.00,TERMINATING,7,1,8,2 template / Affine template
CP26_BENCHMARK_FINAL/BENCHMARK_SIMPLE_C_BPL/TERM_LASSO//lasso_traces_for_loop.c/lasso_trace_1.txt,TERMINATING,1.89,51.51,7.00,TERMINATING,5,1,6,Affine template / Affine template
CP26_BENCHMARK_FINAL/BENCHMARK_SIMPLE_C_BPL/TERM_LASSO//lasso_traces_ForLoopWithEmptyBody-Safe.c/lasso_trace_1.txt,TERMINATING,1.82,74.15,6.00,TERMINATING,5,1,6,Affine template / Affine template
CP26_BENCHMARK_FINAL/BENCHMARK_SIMPLE_C_BPL/TERM_LASSO//lasso_traces_fourn.c.i.fourn.pl.t2.fixed.t2.c/lasso_trace_1.txt,TERMINATING,1.79,64.19,12.00,TERMINATING,116,17,133,Affine template / Affine template
CP26_BENCHMARK_FINAL/BENCHMARK_SIMPLE_C_BPL/TERM_LASSO//lasso_traces_fourn.c.i.fourn.pl.t2.fixed.t2.c/lasso_trace_2.txt,TERMINATING,0.51,61.28,17.00,TERMINATING,125,55,180,Affine template / Affine template
CP26_BENCHMARK_FINAL/BENCHMARK_SIMPLE_C_BPL/TERM_LASSO//lasso_traces_fourn.c.i.fourn.pl.t2.nor.t2.rlgfixed.t2.c/lasso_trace_1.txt,TERMINATING,1.98,64.38,10.00,TERMINATING,116,17,133,Affine template / Affine template
CP26_BENCHMARK_FINAL/BENCHMARK_SIMPLE_C_BPL/TERM_LASSO//lasso_traces_fourn.c.i.fourn.pl.t2.nor.t2.rlgfixed.t2.c/lasso_trace_2.txt,TERMINATING,0.70,64.79,16.00,TERMINATING,125,55,180,Affine template / Affine template
CP26_BENCHMARK_FINAL/BENCHMARK_SIMPLE_C_BPL/TERM_LASSO//lasso_traces_fourn.t2.c/lasso_trace_1.txt,TERMINATING,1.89,75.61,11.00,TERMINATING,116,17,133,Affine template / Affine template
CP26_BENCHMARK_FINAL/BENCHMARK_SIMPLE_C_BPL/TERM_LASSO//lasso_traces_fourn.t2.c/lasso_trace_2.txt,TERMINATING,0.48,64.36,18.00,TERMINATING,125,55,180,Affine template / Affine template
CP26_BENCHMARK_FINAL/BENCHMARK_SIMPLE_C_BPL/TERM_LASSO//lasso_traces_fuhs-inflasso.t2.c/lasso_trace_1.txt,TERMINATING,1.83,53.75,5.00,TERMINATING,24,10,34,Affine template / Affine template
CP26_BENCHMARK_FINAL/BENCHMARK_SIMPLE_C_BPL/TERM_LASSO//lasso_traces_fun1b.t2.c/lasso_trace_4.txt,TERMINATING,1.77,97.80,29.00,TERMINATING,115,184,299,Affine template / Affine template
CP26_BENCHMARK_FINAL/BENCHMARK_SIMPLE_C_BPL/TERM_LASSO//lasso_traces_fun1b.t2.c/lasso_trace_5.txt,TERMINATING,0.50,74.68,28.00,TERMINATING,118,184,302,Affine template / Affine template
CP26_BENCHMARK_FINAL/BENCHMARK_SIMPLE_C_BPL/TERM_LASSO//lasso_traces_fun1b.t2.c/lasso_trace_6.txt,TERMINATING,0.44,75.94,55.00,UNKNOWN,122,184,306,Affine template
CP26_BENCHMARK_FINAL/BENCHMARK_SIMPLE_C_BPL/TERM_LASSO//lasso_traces_fun1.t2.c/lasso_trace_4.txt,TERMINATING,1.84,91.57,29.00,TERMINATING,107,184,291,Affine template / Affine template
CP26_BENCHMARK_FINAL/BENCHMARK_SIMPLE_C_BPL/TERM_LASSO//lasso_traces_fun2b.t2.c/lasso_trace_10.txt,TERMINATING,0.74,149.03,65.00,UNKNOWN,138,191,329,Affine template
CP26_BENCHMARK_FINAL/BENCHMARK_SIMPLE_C_BPL/TERM_LASSO//lasso_traces_fun2b.t2.c/lasso_trace_11.txt,TERMINATING,0.74,134.85,48.00,TERMINATING,139,197,336,Affine template / Affine template
CP26_BENCHMARK_FINAL/BENCHMARK_SIMPLE_C_BPL/TERM_LASSO//lasso_traces_fun2b.t2.c/lasso_trace_12.txt,TERMINATING,0.57,69.34,31.00,TERMINATING,184,193,377,Affine template / Affine template
CP26_BENCHMARK_FINAL/BENCHMARK_SIMPLE_C_BPL/TERM_LASSO//lasso_traces_fun2b.t2.c/lasso_trace_4.txt,TERMINATING,1.93,109.85,29.00,TERMINATING,107,184,291,Affine template / Affine template
CP26_BENCHMARK_FINAL/BENCHMARK_SIMPLE_C_BPL/TERM_LASSO//lasso_traces_fun2b.t2.c/lasso_trace_5.txt,TERMINATING,0.47,72.70,59.00,UNKNOWN,110,184,294,Affine template
CP26_BENCHMARK_FINAL/BENCHMARK_SIMPLE_C_BPL/TERM_LASSO//lasso_traces_fun2b.t2.c/lasso_trace_6.txt,TERMINATING,0.45,67.70,57.00,UNKNOWN,114,184,298,Affine template
CP26_BENCHMARK_FINAL/BENCHMARK_SIMPLE_C_BPL/TERM_LASSO//lasso_traces_fun2b.t2.c/lasso_trace_7.txt,TERMINATING,0.78,89.91,46.00,TERMINATING,130,187,317,Affine template / Affine template
CP26_BENCHMARK_FINAL/BENCHMARK_SIMPLE_C_BPL/TERM_LASSO//lasso_traces_fun2b.t2.c/lasso_trace_8.txt,TERMINATING,0.79,106.04,91.00,UNKNOWN,134,187,321,Affine template
CP26_BENCHMARK_FINAL/BENCHMARK_SIMPLE_C_BPL/TERM_LASSO//lasso_traces_fun2b.t2.c/lasso_trace_9.txt,TERMINATING,0.75,89.64,39.00,TERMINATING,135,193,328,Affine template / Affine template
CP26_BENCHMARK_FINAL/BENCHMARK_SIMPLE_C_BPL/TERM_LASSO//lasso_traces_fun2.t2.c/lasso_trace_10.txt,TERMINATING,0.76,115.94,37.00,TERMINATING,230,204,434,Affine template / Affine template
CP26_BENCHMARK_FINAL/BENCHMARK_SIMPLE_C_BPL/TERM_LASSO//lasso_traces_fun2.t2.c/lasso_trace_11.txt,TERMINATING,0.80,96.63,38.00,TERMINATING,278,190,468,Affine template / Affine template
CP26_BENCHMARK_FINAL/BENCHMARK_SIMPLE_C_BPL/TERM_LASSO//lasso_traces_fun2.t2.c/lasso_trace_12.txt,TERMINATING,0.77,106.69,64.00,UNKNOWN,282,194,476,Affine template
CP26_BENCHMARK_FINAL/BENCHMARK_SIMPLE_C_BPL/TERM_LASSO//lasso_traces_fun2.t2.c/lasso_trace_4.txt,TERMINATING,1.88,95.26,65.00,UNKNOWN,107,184,291,Affine template
CP26_BENCHMARK_FINAL/BENCHMARK_SIMPLE_C_BPL/TERM_LASSO//lasso_traces_fun2.t2.c/lasso_trace_5.txt,TERMINATING,0.43,73.27,26.00,TERMINATING,110,184,294,Affine template / Affine template
CP26_BENCHMARK_FINAL/BENCHMARK_SIMPLE_C_BPL/TERM_LASSO//lasso_traces_fun2.t2.c/lasso_trace_7.txt,TERMINATING,0.66,121.41,42.00,TERMINATING,137,184,321,Affine template / Affine template
CP26_BENCHMARK_FINAL/BENCHMARK_SIMPLE_C_BPL/TERM_LASSO//lasso_traces_fun2.t2.c/lasso_trace_8.txt,TERMINATING,0.78,110.61,42.00,TERMINATING,170,187,357,Affine template / Affine template
CP26_BENCHMARK_FINAL/BENCHMARK_SIMPLE_C_BPL/TERM_LASSO//lasso_traces_fun3.t2.c/lasso_trace_10.txt,TERMINATING,0.80,195.20,82.00,UNKNOWN,138,191,329,Affine template
CP26_BENCHMARK_FINAL/BENCHMARK_SIMPLE_C_BPL/TERM_LASSO//lasso_traces_fun3.t2.c/lasso_trace_11.txt,TERMINATING,0.76,99.35,47.00,TERMINATING,139,197,336,Affine template / Affine template
CP26_BENCHMARK_FINAL/BENCHMARK_SIMPLE_C_BPL/TERM_LASSO//lasso_traces_fun3.t2.c/lasso_trace_12.txt,TERMINATING,0.75,81.64,44.00,TERMINATING,170,187,357,Affine template / Affine template
CP26_BENCHMARK_FINAL/BENCHMARK_SIMPLE_C_BPL/TERM_LASSO//lasso_traces_fun3.t2.c/lasso_trace_4.txt,TERMINATING,1.83,94.71,25.00,TERMINATING,107,184,291,Affine template / Affine template
CP26_BENCHMARK_FINAL/BENCHMARK_SIMPLE_C_BPL/TERM_LASSO//lasso_traces_fun3.t2.c/lasso_trace_5.txt,TERMINATING,0.51,77.95,25.00,TERMINATING,110,184,294,Affine template / Affine template
CP26_BENCHMARK_FINAL/BENCHMARK_SIMPLE_C_BPL/TERM_LASSO//lasso_traces_fun3.t2.c/lasso_trace_6.txt,TERMINATING,0.42,71.25,25.00,TERMINATING,114,184,298,Affine template / Affine template
CP26_BENCHMARK_FINAL/BENCHMARK_SIMPLE_C_BPL/TERM_LASSO//lasso_traces_fun3.t2.c/lasso_trace_7.txt,TERMINATING,0.66,74.86,31.00,TERMINATING,144,193,337,Affine template / Affine template
CP26_BENCHMARK_FINAL/BENCHMARK_SIMPLE_C_BPL/TERM_LASSO//lasso_traces_fun3.t2.c/lasso_trace_8.txt,TERMINATING,0.77,98.49,45.00,TERMINATING,134,187,321,Affine template / Affine template
CP26_BENCHMARK_FINAL/BENCHMARK_SIMPLE_C_BPL/TERM_LASSO//lasso_traces_fun3.t2.c/lasso_trace_9.txt,TERMINATING,0.92,106.66,39.00,TERMINATING,135,193,328,Affine template / Affine template
CP26_BENCHMARK_FINAL/BENCHMARK_SIMPLE_C_BPL/TERM_LASSO//lasso_traces_fun4-alt.t2.c/lasso_trace_1.txt,TERMINATING,1.74,61.36,11.00,TERMINATING,28,9,37,Affine template / Affine template
CP26_BENCHMARK_FINAL/BENCHMARK_SIMPLE_C_BPL/TERM_LASSO//lasso_traces_fun4-alt.t2.c/lasso_trace_2.txt,TERMINATING,0.58,86.26,18.00,TERMINATING,35,13,48,Affine template / Affine template
CP26_BENCHMARK_FINAL/BENCHMARK_SIMPLE_C_BPL/TERM_LASSO//lasso_traces_fun4.t2.c/lasso_trace_3.txt,TERMINATING,1.86,58.00,8.00,TERMINATING,32,22,54,Affine template / Affine template
CP26_BENCHMARK_FINAL/BENCHMARK_SIMPLE_C_BPL/TERM_LASSO//lasso_traces_fun4.t2.c/lasso_trace_4.txt,TERMINATING,0.47,104.62,28.00,TERMINATING,48,22,70,Affine template / Affine template
CP26_BENCHMARK_FINAL/BENCHMARK_SIMPLE_C_BPL/TERM_LASSO//lasso_traces_fun5.t2.c/lasso_trace_11.txt,TERMINATING,0.44,50.01,13.00,TERMINATING,131,32,163,Affine template / Affine template
CP26_BENCHMARK_FINAL/BENCHMARK_SIMPLE_C_BPL/TERM_LASSO//lasso_traces_fun5.t2.c/lasso_trace_12.txt,TERMINATING,0.40,44.08,13.00,TERMINATING,135,36,171,Affine template / Affine template
CP26_BENCHMARK_FINAL/BENCHMARK_SIMPLE_C_BPL/TERM_LASSO//lasso_traces_fun5.t2.c/lasso_trace_4.txt,TERMINATING,1.94,70.88,11.00,TERMINATING,48,32,80,Affine template / Affine template
CP26_BENCHMARK_FINAL/BENCHMARK_SIMPLE_C_BPL/TERM_LASSO//lasso_traces_fun5.t2.c/lasso_trace_5.txt,TERMINATING,0.44,49.23,18.00,TERMINATING,75,32,107,Affine template / Affine template
CP26_BENCHMARK_FINAL/BENCHMARK_SIMPLE_C_BPL/TERM_LASSO//lasso_traces_fun5.t2.c/lasso_trace_9.txt,TERMINATING,0.38,49.93,19.00,TERMINATING,79,36,115,Affine template / Affine template
CP26_BENCHMARK_FINAL/BENCHMARK_SIMPLE_C_BPL/TERM_LASSO//lasso_traces_fun8.t2.c/lasso_trace_1.txt,TERMINATING,2.06,84.26,17.00,TERMINATING,149,18,167,Affine template / Affine template
CP26_BENCHMARK_FINAL/BENCHMARK_SIMPLE_C_BPL/TERM_LASSO//lasso_traces_fun9.t2.c/lasso_trace_1.txt,TERMINATING,1.92,98.43,35.00,UNKNOWN,72,126,198,Affine template
CP26_BENCHMARK_FINAL/BENCHMARK_SIMPLE_C_BPL/TERM_LASSO//lasso_traces_gcd01_true-termination.c/lasso_trace_1.txt,TERMINATING,1.68,64.06,7.00,TERMINATING,8,5,13,Affine template / Affine template
CP26_BENCHMARK_FINAL/BENCHMARK_SIMPLE_C_BPL/TERM_LASSO//lasso_traces_gcd01_true-termination.c/lasso_trace_2.txt,TERMINATING,1.04,47.98,12.00,TERMINATING,9,5,14,Affine template / Affine template
CP26_BENCHMARK_FINAL/BENCHMARK_SIMPLE_C_BPL/TERM_LASSO//lasso_traces_gcd01_true-termination.c/lasso_trace_3.txt,TERMINATING,0.38,46.22,11.00,TERMINATING,14,5,19,Affine template / Affine template
CP26_BENCHMARK_FINAL/BENCHMARK_SIMPLE_C_BPL/TERM_LASSO//lasso_traces_gcd01_true-unreach-call_true-termination.c/lasso_trace_1.txt,TERMINATING,1.73,67.96,7.00,TERMINATING,8,5,13,Affine template / Affine template
CP26_BENCHMARK_FINAL/BENCHMARK_SIMPLE_C_BPL/TERM_LASSO//lasso_traces_gcd01_true-unreach-call_true-termination.c/lasso_trace_2.txt,TERMINATING,0.54,46.39,10.00,TERMINATING,9,5,14,Affine template / Affine template
CP26_BENCHMARK_FINAL/BENCHMARK_SIMPLE_C_BPL/TERM_LASSO//lasso_traces_gcd01_true-unreach-call_true-termination.c/lasso_trace_3.txt,TERMINATING,0.44,46.71,11.00,TERMINATING,14,5,19,Affine template / Affine template
CP26_BENCHMARK_FINAL/BENCHMARK_SIMPLE_C_BPL/TERM_LASSO//lasso_traces_gcd1-alloca_true-termination.c/lasso_trace_2.txt,TERMINATING,2.65,152.53,51.00,TERMINATING,13,11,24,Affine template / Affine template
CP26_BENCHMARK_FINAL/BENCHMARK_SIMPLE_C_BPL/TERM_LASSO//lasso_traces_gcd1-alloca_true-termination.c/lasso_trace_3.txt,TERMINATING,1.12,91.67,52.00,TERMINATING,15,11,26,Affine template / Affine template
CP26_BENCHMARK_FINAL/BENCHMARK_SIMPLE_C_BPL/TERM_LASSO//lasso_traces_gcd1-alloca_true-termination.c/lasso_trace_4.txt,TERMINATING,1.60,106.78,41.00,TERMINATING,17,6,23,Affine template / Affine template
CP26_BENCHMARK_FINAL/BENCHMARK_SIMPLE_C_BPL/TERM_LASSO//lasso_traces_gcd1_true-termination.c/lasso_trace_1.txt,TERMINATING,1.75,68.28,10.00,TERMINATING,5,2,7,Affine template / Affine template
CP26_BENCHMARK_FINAL/BENCHMARK_SIMPLE_C_BPL/TERM_LASSO//lasso_traces_gcd1_true-termination.c/lasso_trace_2.txt,TERMINATING,0.62,46.83,11.00,TERMINATING,6,1,7,Affine template / Affine template
CP26_BENCHMARK_FINAL/BENCHMARK_SIMPLE_C_BPL/TERM_LASSO//lasso_traces_gcd1_true-termination.c/lasso_trace_3.txt,TERMINATING,0.30,36.49,13.00,TERMINATING,8,1,9,Affine template / Affine template
CP26_BENCHMARK_FINAL/BENCHMARK_SIMPLE_C_BPL/TERM_LASSO//lasso_traces_GCD3.c/lasso_trace_2.txt,TERMINATING,1.70,58.69,11.00,TERMINATING,5,4,9,Affine template / Affine template
CP26_BENCHMARK_FINAL/BENCHMARK_SIMPLE_C_BPL/TERM_LASSO//lasso_traces_GCD3.c/lasso_trace_3.txt,TERMINATING,0.49,43.30,8.00,TERMINATING,7,1,8,Affine template / Affine template
CP26_BENCHMARK_FINAL/BENCHMARK_SIMPLE_C_BPL/TERM_LASSO//lasso_traces_GCD3.c/lasso_trace_4.txt,TERMINATING,0.49,38.54,10.00,TERMINATING,11,1,12,Affine template / Affine template
CP26_BENCHMARK_FINAL/BENCHMARK_SIMPLE_C_BPL/TERM_LASSO//lasso_traces_GCD4.c/lasso_trace_1.txt,TERMINATING,1.84,74.82,11.00,TERMINATING,5,2,7,Affine template / Affine template
CP26_BENCHMARK_FINAL/BENCHMARK_SIMPLE_C_BPL/TERM_LASSO//lasso_traces_GCD4.c/lasso_trace_2.txt,TERMINATING,0.41,51.66,10.00,TERMINATING,7,1,8,Affine template / Affine template
CP26_BENCHMARK_FINAL/BENCHMARK_SIMPLE_C_BPL/TERM_LASSO//lasso_traces_GCD4.c/lasso_trace_4.txt,TERMINATING,0.48,41.79,11.00,TERMINATING,8,3,11,Affine template / Affine template
CP26_BENCHMARK_FINAL/BENCHMARK_SIMPLE_C_BPL/TERM_LASSO//lasso_traces_GCD4.c/lasso_trace_5.txt,TERMINATING,0.28,37.74,10.00,TERMINATING,9,1,10,Affine template / Affine template
CP26_BENCHMARK_FINAL/BENCHMARK_SIMPLE_C_BPL/TERM_LASSO//lasso_traces_genady-alloca_true-termination.c/lasso_trace_1.txt,TERMINATING,2.32,103.61,32.00,TERMINATING,7,7,14,Affine template / Affine template
CP26_BENCHMARK_FINAL/BENCHMARK_SIMPLE_C_BPL/TERM_LASSO//lasso_traces_genady_true-termination.c/lasso_trace_1.txt,TERMINATING,2.01,64.32,10.00,TERMINATING,5,1,6,Affine template / Affine template
CP26_BENCHMARK_FINAL/BENCHMARK_SIMPLE_C_BPL/TERM_LASSO//lasso_traces_GoannaDoubleFree.c/lasso_trace_1.txt,TERMINATING,1.72,63.82,9.00,TERMINATING,5,3,8,Affine template / Affine template
CP26_BENCHMARK_FINAL/BENCHMARK_SIMPLE_C_BPL/TERM_LASSO//lasso_traces_GoannaDoubleFreeInt.c/lasso_trace_1.txt,TERMINATING,1.86,281.10,21.00,TERMINATING,1,4,5,Affine template / Affine template
CP26_BENCHMARK_FINAL/BENCHMARK_SIMPLE_C_BPL/TERM_LASSO//lasso_traces_GoannaDoubleFreeOneMillionIterations.c/lasso_trace_1.txt,TERMINATING,1.78,66.87,9.00,TERMINATING,5,3,8,Affine template / Affine template
CP26_BENCHMARK_FINAL/BENCHMARK_SIMPLE_C_BPL/TERM_LASSO//lasso_traces_GoannaDoubleFreeWithoutInitialization.c/lasso_trace_1.txt,TERMINATING,2.24,60.80,8.00,TERMINATING,6,3,9,Affine template / Affine template
CP26_BENCHMARK_FINAL/BENCHMARK_SIMPLE_C_BPL/TERM_LASSO//lasso_traces_GoannaDoubleFreeWithoutPointers.c/lasso_trace_1.txt,TERMINATING,1.86,240.96,18.00,TERMINATING,5,2,7,Affine template / Affine template
CP26_BENCHMARK_FINAL/BENCHMARK_SIMPLE_C_BPL/TERM_LASSO//lasso_traces_GopanReps-CAV2006-Fig1a_true-termination.c.c/lasso_trace_1.txt,TERMINATING,1.83,1027.59,13.00,TERMINATING,5,1,6,2 template / Affine template
CP26_BENCHMARK_FINAL/BENCHMARK_SIMPLE_C_BPL/TERM_LASSO//lasso_traces_Gothenburg_true-termination.c/lasso_trace_1.txt,TERMINATING,1.87,1445.10,31.00,UNKNOWN,6,1,7,2 template
CP26_BENCHMARK_FINAL/BENCHMARK_SIMPLE_C_BPL/TERM_LASSO//lasso_traces_graycode.t2.c/lasso_trace_1.txt,TERMINATING,1.78,72.42,8.00,TERMINATING,64,13,77,Affine template / Affine template
CP26_BENCHMARK_FINAL/BENCHMARK_SIMPLE_C_BPL/TERM_LASSO//lasso_traces_GulavaniGulwani-CAV2008-Fig1a_true-termination.c/lasso_trace_1.txt,TERMINATING,2.11,213.09,20.00,TERMINATING,5,1,6,Affine template / Affine template
CP26_BENCHMARK_FINAL/BENCHMARK_SIMPLE_C_BPL/TERM_LASSO//lasso_traces_GulavaniGulwani-CAV2008-Fig1b_true-termination.c/lasso_trace_1.txt,TERMINATING,1.95,64.75,10.00,TERMINATING,5,1,6,Affine template / Affine template
CP26_BENCHMARK_FINAL/BENCHMARK_SIMPLE_C_BPL/TERM_LASSO//lasso_traces_GulavaniGulwani-CAV2008-Fig1b_true-termination.c/lasso_trace_2.txt,TERMINATING,0.50,51.73,12.00,TERMINATING,6,1,7,Affine template / Affine template
CP26_BENCHMARK_FINAL/BENCHMARK_SIMPLE_C_BPL/TERM_LASSO//lasso_traces_GulavaniGulwani-CAV2008-Fig1c_true-termination.c/lasso_trace_1.txt,TERMINATING,2.21,62.17,12.00,TERMINATING,5,1,6,Affine template / Affine template
CP26_BENCHMARK_FINAL/BENCHMARK_SIMPLE_C_BPL/TERM_LASSO//lasso_traces_GulwaniJainKoskinen-2009PLDI-Fig1-alloca_true-termination.c/lasso_trace_3.txt,TERMINATING,2.03,287.27,92.00,TERMINATING,20,8,28,Affine template / Affine template
CP26_BENCHMARK_FINAL/BENCHMARK_SIMPLE_C_BPL/TERM_LASSO//lasso_traces_HarrisLalNoriRajamani-2010SAS-Fig1-alloca_true-termination.c/lasso_trace_3.txt,TERMINATING,2.75,167.16,59.00,TERMINATING,18,8,26,Affine template / Affine template
CP26_BENCHMARK_FINAL/BENCHMARK_SIMPLE_C_BPL/TERM_LASSO//lasso_traces_HarrisLalNoriRajamani-2010SAS-Fig1-alloca_true-termination.c/lasso_trace_4.txt,TERMINATING,3.10,154.93,110.00,TERMINATING,18,8,26,Affine template / Nested template
CP26_BENCHMARK_FINAL/BENCHMARK_SIMPLE_C_BPL/TERM_LASSO//lasso_traces_HarrisLalNoriRajamani-2010SAS-Fig2-alloca_unknown-termination.c/lasso_trace_1.txt,TERMINATING,2.43,115.22,32.00,TERMINATING,17,5,22,Affine template / Affine template
CP26_BENCHMARK_FINAL/BENCHMARK_SIMPLE_C_BPL/TERM_LASSO//lasso_traces_HarrisLalNoriRajamani-2010SAS-Fig3-alloca_true-termination.c/lasso_trace_1.txt,TERMINATING,3.09,81.52,17.00,TERMINATING,6,8,14,Affine template / Affine template
CP26_BENCHMARK_FINAL/BENCHMARK_SIMPLE_C_BPL/TERM_LASSO//lasso_traces_HarrisLalNoriRajamani-SAS2010-Fig3_true-termination.c/lasso_trace_1.txt,TERMINATING,1.87,47.31,5.00,TERMINATING,5,5,10,Affine template / Affine template
CP26_BENCHMARK_FINAL/BENCHMARK_SIMPLE_C_BPL/TERM_LASSO//lasso_traces_hash.c/lasso_trace_1.txt,TERMINATING,1.94,97.44,30.00,TERMINATING,7,2,9,Affine template / Affine template
CP26_BENCHMARK_FINAL/BENCHMARK_SIMPLE_C_BPL/TERM_LASSO//lasso_traces_heidy10.t2.c/lasso_trace_1.txt,TERMINATING,1.57,55.86,6.00,TERMINATING,20,18,38,Affine template / Affine template
CP26_BENCHMARK_FINAL/BENCHMARK_SIMPLE_C_BPL/TERM_LASSO//lasso_traces_heidy10.t2.c/lasso_trace_2.txt,TERMINATING,0.49,40.49,5.00,TERMINATING,29,9,38,Affine template / Affine template
CP26_BENCHMARK_FINAL/BENCHMARK_SIMPLE_C_BPL/TERM_LASSO//lasso_traces_heidy10.t2.c/lasso_trace_3.txt,TERMINATING,0.28,38.59,5.00,TERMINATING,47,9,56,Affine template / Affine template
CP26_BENCHMARK_FINAL/BENCHMARK_SIMPLE_C_BPL/TERM_LASSO//lasso_traces_heidy3.t2.c/lasso_trace_1.txt,TERMINATING,1.75,48.11,5.00,TERMINATING,20,9,29,Affine template / Affine template
CP26_BENCHMARK_FINAL/BENCHMARK_SIMPLE_C_BPL/TERM_LASSO//lasso_traces_heidy5.t2.c/lasso_trace_1.txt,TERMINATING,1.87,54.18,6.00,TERMINATING,29,13,42,Affine template / Affine template
CP26_BENCHMARK_FINAL/BENCHMARK_SIMPLE_C_BPL/TERM_LASSO//lasso_traces_heidy6.t2.c/lasso_trace_1.txt,TERMINATING,1.82,56.36,5.00,TERMINATING,29,13,42,Affine template / Affine template
CP26_BENCHMARK_FINAL/BENCHMARK_SIMPLE_C_BPL/TERM_LASSO//lasso_traces_heidy7-simple.t2.c/lasso_trace_1.txt,TERMINATING,1.88,49.00,5.00,TERMINATING,24,17,41,Affine template / Affine template
CP26_BENCHMARK_FINAL/BENCHMARK_SIMPLE_C_BPL/TERM_LASSO//lasso_traces_heidy7.t2.c/lasso_trace_1.txt,TERMINATING,1.76,61.62,6.00,TERMINATING,24,18,42,Affine template / Affine template
CP26_BENCHMARK_FINAL/BENCHMARK_SIMPLE_C_BPL/TERM_LASSO//lasso_traces_heidy8.t2.c/lasso_trace_1.txt,TERMINATING,1.80,59.60,6.00,TERMINATING,32,18,50,Affine template / Affine template
CP26_BENCHMARK_FINAL/BENCHMARK_SIMPLE_C_BPL/TERM_LASSO//lasso_traces_heidy9.t2.c/lasso_trace_1.txt,TERMINATING,2.98,46.07,5.00,TERMINATING,20,13,33,Affine template / Affine template
CP26_BENCHMARK_FINAL/BENCHMARK_SIMPLE_C_BPL/TERM_LASSO//lasso_traces_HeizmannHoenickeLeikePodelski-ATVA2013-Fig1_true-termination.c/lasso_trace_1.txt,TERMINATING,1.97,48.96,11.00,TERMINATING,5,1,6,Affine template / Affine template
CP26_BENCHMARK_FINAL/BENCHMARK_SIMPLE_C_BPL/TERM_LASSO//lasso_traces_HeizmannHoenickeLeikePodelski-ATVA2013-Fig4_true-termination.c/lasso_trace_1.txt,TERMINATING,1.84,62.41,8.00,TERMINATING,5,1,6,Affine template / Affine template
CP26_BENCHMARK_FINAL/BENCHMARK_SIMPLE_C_BPL/TERM_LASSO//lasso_traces_HeizmannHoenickeLeikePodelski-ATVA2013-Fig6_true-termination.c/lasso_trace_1.txt,TERMINATING,2.01,68.58,11.00,TERMINATING,5,1,6,Affine template / Affine template
CP26_BENCHMARK_FINAL/BENCHMARK_SIMPLE_C_BPL/TERM_LASSO//lasso_traces_HeizmannHoenickeLeikePodelski-ATVA2013-Fig7_true-termination.c/lasso_trace_1.txt,TERMINATING,2.26,293.15,45.00,TERMINATING,6,4,10,Affine template / Affine template
CP26_BENCHMARK_FINAL/BENCHMARK_SIMPLE_C_BPL/TERM_LASSO//lasso_traces_HeizmannHoenickeLeikePodelski-ATVA2013-Fig8_true-termination.c/lasso_trace_1.txt,TERMINATING,2.17,61.60,10.00,TERMINATING,6,1,7,Affine template / Affine template
CP26_BENCHMARK_FINAL/BENCHMARK_SIMPLE_C_BPL/TERM_LASSO//lasso_traces_HeizmannHoenickeLeikePodelski-ATVA2013-Fig9_true-termination.c/lasso_trace_1.txt,TERMINATING,0.48,47.47,13.00,TERMINATING,7,1,8,Affine template / Affine template
CP26_BENCHMARK_FINAL/BENCHMARK_SIMPLE_C_BPL/TERM_LASSO//lasso_traces_hoist_call.c/lasso_trace_1.txt,TERMINATING,1.90,187.06,21.00,TERMINATING,1,5,6,Affine template / Affine template
CP26_BENCHMARK_FINAL/BENCHMARK_SIMPLE_C_BPL/TERM_LASSO//lasso_traces_hoist_load.c/lasso_trace_1.txt,TERMINATING,2.24,63.49,12.00,TERMINATING,2,4,6,Affine template / Affine template
CP26_BENCHMARK_FINAL/BENCHMARK_SIMPLE_C_BPL/TERM_LASSO//lasso_traces_hongyi1.t2.c/lasso_trace_3.txt,TERMINATING,0.50,60.60,15.00,TERMINATING,113,21,134,Affine template / Affine template
CP26_BENCHMARK_FINAL/BENCHMARK_SIMPLE_C_BPL/TERM_LASSO//lasso_traces_hqr.c.i.hqr.pl.t2.fixed.t2.c/lasso_trace_1.txt,TERMINATING,1.74,108.86,13.00,TERMINATING,224,22,246,Affine template / Affine template
CP26_BENCHMARK_FINAL/BENCHMARK_SIMPLE_C_BPL/TERM_LASSO//lasso_traces_hqr.c.i.hqr.pl.t2.fixed.t2.c/lasso_trace_2.txt,TERMINATING,0.53,95.09,20.00,TERMINATING,233,57,290,Affine template / Affine template
CP26_BENCHMARK_FINAL/BENCHMARK_SIMPLE_C_BPL/TERM_LASSO//lasso_traces_hqr.c.i.hqr.pl.t2.nor.t2.rlgfixed.t2.c/lasso_trace_1.txt,TERMINATING,1.73,101.01,13.00,TERMINATING,228,22,250,Affine template / Affine template
CP26_BENCHMARK_FINAL/BENCHMARK_SIMPLE_C_BPL/TERM_LASSO//lasso_traces_hqr.c.i.hqr.pl.t2.nor.t2.rlgfixed.t2.c/lasso_trace_2.txt,TERMINATING,0.44,85.01,16.00,TERMINATING,237,57,294,Affine template / Affine template
CP26_BENCHMARK_FINAL/BENCHMARK_SIMPLE_C_BPL/TERM_LASSO//lasso_traces_hqr.t2.c/lasso_trace_1.txt,TERMINATING,1.61,96.69,14.00,TERMINATING,228,22,250,Affine template / Affine template
CP26_BENCHMARK_FINAL/BENCHMARK_SIMPLE_C_BPL/TERM_LASSO//lasso_traces_hqr.t2.c/lasso_trace_2.txt,TERMINATING,0.47,73.43,18.00,TERMINATING,237,57,294,Affine template / Affine template
CP26_BENCHMARK_FINAL/BENCHMARK_SIMPLE_C_BPL/TERM_LASSO//lasso_traces_hqr.t2.c/lasso_trace_3.txt,TERMINATING,0.39,69.15,15.00,TERMINATING,241,17,258,Affine template / Affine template
CP26_BENCHMARK_FINAL/BENCHMARK_SIMPLE_C_BPL/TERM_LASSO//lasso_traces_huh.t2.c/lasso_trace_1.txt,TERMINATING,2.03,83.13,16.00,TERMINATING,117,18,135,Affine template / Affine template
CP26_BENCHMARK_FINAL/BENCHMARK_SIMPLE_C_BPL/TERM_LASSO//lasso_traces_id_i10_o10_false-unreach-call.c/lasso_trace_1.txt,TERMINATING,1.73,83.96,8.00,TERMINATING,6,3,9,Affine template / Affine template
CP26_BENCHMARK_FINAL/BENCHMARK_SIMPLE_C_BPL/TERM_LASSO//lasso_traces_iecs.t2.c/lasso_trace_1.txt,TERMINATING,2.00,49.40,7.00,TERMINATING,21,9,30,Affine template / Affine template
CP26_BENCHMARK_FINAL/BENCHMARK_SIMPLE_C_BPL/TERM_LASSO//lasso_traces_if_while.c/lasso_trace_1.txt,TERMINATING,1.81,45.08,4.00,TERMINATING,5,1,6,Affine template / Affine template
CP26_BENCHMARK_FINAL/BENCHMARK_SIMPLE_C_BPL/TERM_LASSO//lasso_traces_indexer.c/lasso_trace_2.txt,TERMINATING,2.21,153.84,27.00,TERMINATING,2,4,6,Affine template / Affine template
CP26_BENCHMARK_FINAL/BENCHMARK_SIMPLE_C_BPL/TERM_LASSO//lasso_traces_inline.c/lasso_trace_1.txt,TERMINATING,1.70,52.09,9.00,TERMINATING,1,5,6,Affine template / Affine template
CP26_BENCHMARK_FINAL/BENCHMARK_SIMPLE_C_BPL/TERM_LASSO//lasso_traces_insertionsort-alloca_true-termination.c/lasso_trace_3.txt,TERMINATING,1.64,84.86,19.00,TERMINATING,7,7,14,Affine template / Affine template
CP26_BENCHMARK_FINAL/BENCHMARK_SIMPLE_C_BPL/TERM_LASSO//lasso_traces_insertionsort-alloca_true-termination.c/lasso_trace_5.txt,TERMINATING,0.62,8467.26,306.00,TERMINATING,16,6,22,Affine template / Affine template
CP26_BENCHMARK_FINAL/BENCHMARK_SIMPLE_C_BPL/TERM_LASSO//lasso_traces_insertion_sort.c/lasso_trace_3.txt,TERMINATING,2.94,67.56,14.00,TERMINATING,1,7,8,Affine template / Affine template
CP26_BENCHMARK_FINAL/BENCHMARK_SIMPLE_C_BPL/TERM_LASSO//lasso_traces_insertion_sort.c/lasso_trace_4.txt,TERMINATING,0.53,318.09,56.00,TERMINATING,5,6,11,Affine template / Affine template
CP26_BENCHMARK_FINAL/BENCHMARK_SIMPLE_C_BPL/TERM_LASSO//lasso_traces_insertion_sort.c/lasso_trace_5.txt,TERMINATING,0.55,548.50,95.00,TERMINATING,12,6,18,Affine template / Affine template
CP26_BENCHMARK_FINAL/BENCHMARK_SIMPLE_C_BPL/TERM_LASSO//lasso_traces_insertionsort.c/lasso_trace_3.txt,TERMINATING,1.82,62.98,12.00,TERMINATING,1,7,8,Affine template / Affine template
CP26_BENCHMARK_FINAL/BENCHMARK_SIMPLE_C_BPL/TERM_LASSO//lasso_traces_insertionsort.c/lasso_trace_5.txt,TERMINATING,0.58,867.70,108.00,TERMINATING,10,6,16,Affine template / Affine template
CP26_BENCHMARK_FINAL/BENCHMARK_SIMPLE_C_BPL/TERM_LASSO//lasso_traces_insertsort.t2.c/lasso_trace_1.txt,TERMINATING,1.98,57.46,7.00,TERMINATING,24,25,49,Affine template / Affine template
CP26_BENCHMARK_FINAL/BENCHMARK_SIMPLE_C_BPL/TERM_LASSO//lasso_traces_invalid-Hoare-triple-in-FP-ArrayPQE.c/lasso_trace_1.txt,TERMINATING,1.98,131.82,29.00,TERMINATING,7,5,12,Affine template / Affine template
CP26_BENCHMARK_FINAL/BENCHMARK_SIMPLE_C_BPL/TERM_LASSO//lasso_traces_invgen.t2.c/lasso_trace_1.txt,TERMINATING,1.84,55.38,8.00,TERMINATING,21,10,31,Affine template / Affine template
CP26_BENCHMARK_FINAL/BENCHMARK_SIMPLE_C_BPL/TERM_LASSO//lasso_traces_jacobi.c.i.jacobi.pl.t2.fixed.t2.c/lasso_trace_1.txt,TERMINATING,2.18,70.70,10.00,TERMINATING,120,22,142,Affine template / Affine template
CP26_BENCHMARK_FINAL/BENCHMARK_SIMPLE_C_BPL/TERM_LASSO//lasso_traces_jacobi.c.i.jacobi.pl.t2.fixed.t2.c/lasso_trace_2.txt,TERMINATING,0.37,55.75,11.00,TERMINATING,133,13,146,Affine template / Affine template
CP26_BENCHMARK_FINAL/BENCHMARK_SIMPLE_C_BPL/TERM_LASSO//lasso_traces_jacobi.c.i.jacobi.pl.t2.nor.t2.rlgfixed.t2.c/lasso_trace_1.txt,TERMINATING,1.98,78.88,11.00,TERMINATING,120,22,142,Affine template / Affine template
CP26_BENCHMARK_FINAL/BENCHMARK_SIMPLE_C_BPL/TERM_LASSO//lasso_traces_jacobi.c.i.jacobi.pl.t2.nor.t2.rlgfixed.t2.c/lasso_trace_2.txt,TERMINATING,0.38,55.15,11.00,TERMINATING,133,13,146,Affine template / Affine template
CP26_BENCHMARK_FINAL/BENCHMARK_SIMPLE_C_BPL/TERM_LASSO//lasso_traces_jacobi.t2.c/lasso_trace_1.txt,TERMINATING,2.88,79.09,12.00,TERMINATING,120,22,142,Affine template / Affine template
CP26_BENCHMARK_FINAL/BENCHMARK_SIMPLE_C_BPL/TERM_LASSO//lasso_traces_jacobi.t2.c/lasso_trace_2.txt,TERMINATING,0.32,50.54,10.00,TERMINATING,133,13,146,Affine template / Affine template
CP26_BENCHMARK_FINAL/BENCHMARK_SIMPLE_C_BPL/TERM_LASSO//lasso_traces_janne_complex.t2.c/lasso_trace_1.txt,TERMINATING,1.76,55.46,8.00,TERMINATING,36,22,58,Affine template / Affine template
CP26_BENCHMARK_FINAL/BENCHMARK_SIMPLE_C_BPL/TERM_LASSO//lasso_traces_janne_complex.t2.c/lasso_trace_3.txt,TERMINATING,0.38,77.31,26.00,TERMINATING,97,23,120,Affine template / Affine template
CP26_BENCHMARK_FINAL/BENCHMARK_SIMPLE_C_BPL/TERM_LASSO//lasso_traces_janne_complex.t2.c/lasso_trace_5.txt,TERMINATING,0.31,37.37,8.00,TERMINATING,112,23,135,Affine template / Affine template
CP26_BENCHMARK_FINAL/BENCHMARK_SIMPLE_C_BPL/TERM_LASSO//lasso_traces_janne_complex.t2.c/lasso_trace_8.txt,TERMINATING,0.27,39.04,8.00,TERMINATING,112,23,135,Affine template / Affine template
CP26_BENCHMARK_FINAL/BENCHMARK_SIMPLE_C_BPL/TERM_LASSO//lasso_traces_janne_complex.t2.c/lasso_trace_9.txt,TERMINATING,0.29,43.42,10.00,TERMINATING,112,23,135,Affine template / Affine template
CP26_BENCHMARK_FINAL/BENCHMARK_SIMPLE_C_BPL/TERM_LASSO//lasso_traces_java_Ackermann.c/lasso_trace_1.txt,TERMINATING,1.69,27.10,8.00,TERMINATING,0,4,4,Affine template / Affine template
CP26_BENCHMARK_FINAL/BENCHMARK_SIMPLE_C_BPL/TERM_LASSO//lasso_traces_java_Ackermann.c/lasso_trace_3.txt,TERMINATING,0.44,52.17,10.00,TERMINATING,4,8,12,Affine template / Affine template
CP26_BENCHMARK_FINAL/BENCHMARK_SIMPLE_C_BPL/TERM_LASSO//lasso_traces_java_Ackermann.c/lasso_trace_4.txt,TERMINATING,0.33,43.26,11.00,TERMINATING,6,4,10,Affine template / Affine template
CP26_BENCHMARK_FINAL/BENCHMARK_SIMPLE_C_BPL/TERM_LASSO//lasso_traces_java_AG313-alloca_true-termination.c/lasso_trace_2.txt,TERMINATING,2.62,172.71,53.00,TERMINATING,12,9,21,Affine template / Affine template
CP26_BENCHMARK_FINAL/BENCHMARK_SIMPLE_C_BPL/TERM_LASSO//lasso_traces_java_AG313.c/lasso_trace_1.txt,TERMINATING,2.70,73.49,11.00,TERMINATING,2,1,3,Affine template / Affine template
CP26_BENCHMARK_FINAL/BENCHMARK_SIMPLE_C_BPL/TERM_LASSO//lasso_traces_java_AG313_true-termination.c/lasso_trace_1.txt,TERMINATING,2.11,64.96,11.00,TERMINATING,8,1,9,Affine template / Affine template
CP26_BENCHMARK_FINAL/BENCHMARK_SIMPLE_C_BPL/TERM_LASSO//lasso_traces_java_AProVEMath.c/lasso_trace_1.txt,TERMINATING,2.54,99.83,20.00,TERMINATING,4,1,5,Affine template / Affine template
CP26_BENCHMARK_FINAL/BENCHMARK_SIMPLE_C_BPL/TERM_LASSO//lasso_traces_java_AProVEMathRecursive.c/lasso_trace_1.txt,TERMINATING,1.53,37.76,14.00,TERMINATING,0,6,6,Affine template / Affine template
CP26_BENCHMARK_FINAL/BENCHMARK_SIMPLE_C_BPL/TERM_LASSO//lasso_traces_java_Avg.c/lasso_trace_1.txt,TERMINATING,1.71,31.34,7.00,TERMINATING,0,3,3,Affine template / Affine template
CP26_BENCHMARK_FINAL/BENCHMARK_SIMPLE_C_BPL/TERM_LASSO//lasso_traces_java_Avg.c/lasso_trace_2.txt,TERMINATING,0.55,47.60,11.00,TERMINATING,2,4,6,Affine template / Affine template
CP26_BENCHMARK_FINAL/BENCHMARK_SIMPLE_C_BPL/TERM_LASSO//lasso_traces_java_Avg.c/lasso_trace_4.txt,TERMINATING,0.44,36.90,12.00,TERMINATING,6,7,13,Affine template / Affine template
CP26_BENCHMARK_FINAL/BENCHMARK_SIMPLE_C_BPL/TERM_LASSO//lasso_traces_java_Avg.c/lasso_trace_5.txt,TERMINATING,0.34,41.16,12.00,TERMINATING,12,7,19,Affine template / Affine template
CP26_BENCHMARK_FINAL/BENCHMARK_SIMPLE_C_BPL/TERM_LASSO//lasso_traces_java_Break-alloca_true-termination.c/lasso_trace_1.txt,TERMINATING,2.55,90.42,28.00,TERMINATING,7,6,13,Affine template / Affine template
CP26_BENCHMARK_FINAL/BENCHMARK_SIMPLE_C_BPL/TERM_LASSO//lasso_traces_java_Break.c/lasso_trace_1.txt,TERMINATING,1.95,55.39,5.00,TERMINATING,1,1,2,Affine template / Affine template
CP26_BENCHMARK_FINAL/BENCHMARK_SIMPLE_C_BPL/TERM_LASSO//lasso_traces_java_Break_true-termination.c/lasso_trace_1.txt,TERMINATING,1.86,50.78,7.00,TERMINATING,5,1,6,Affine template / Affine template
CP26_BENCHMARK_FINAL/BENCHMARK_SIMPLE_C_BPL/TERM_LASSO//lasso_traces_java_BubbleSort-alloca_true-termination.c/lasso_trace_2.txt,TERMINATING,1.60,76.80,18.00,TERMINATING,7,7,14,Affine template / Affine template
CP26_BENCHMARK_FINAL/BENCHMARK_SIMPLE_C_BPL/TERM_LASSO//lasso_traces_java_BubbleSort-alloca_true-termination.c/lasso_trace_3.txt,TERMINATING,0.51,53.51,18.00,TERMINATING,8,5,13,Affine template / Affine template
CP26_BENCHMARK_FINAL/BENCHMARK_SIMPLE_C_BPL/TERM_LASSO//lasso_traces_java_BubbleSort.c/lasso_trace_2.txt,TERMINATING,1.61,58.82,13.00,TERMINATING,1,7,8,Affine template / Affine template
CP26_BENCHMARK_FINAL/BENCHMARK_SIMPLE_C_BPL/TERM_LASSO//lasso_traces_java_BubbleSort.c/lasso_trace_3.txt,TERMINATING,0.57,45.63,12.00,TERMINATING,2,5,7,Affine template / Affine template
CP26_BENCHMARK_FINAL/BENCHMARK_SIMPLE_C_BPL/TERM_LASSO//lasso_traces_java_Continue1-alloca_true-termination.c/lasso_trace_1.txt,TERMINATING,2.26,108.66,22.00,TERMINATING,7,6,13,Affine template / Affine template
CP26_BENCHMARK_FINAL/BENCHMARK_SIMPLE_C_BPL/TERM_LASSO//lasso_traces_java_Continue1.c/lasso_trace_1.txt,TERMINATING,1.68,42.75,5.00,TERMINATING,1,1,2,Affine template / Affine template
CP26_BENCHMARK_FINAL/BENCHMARK_SIMPLE_C_BPL/TERM_LASSO//lasso_traces_java_Continue1_true-termination.c/lasso_trace_1.txt,TERMINATING,1.92,83.80,12.00,TERMINATING,5,1,6,Affine template / Affine template
CP26_BENCHMARK_FINAL/BENCHMARK_SIMPLE_C_BPL/TERM_LASSO//lasso_traces_java_Diff.c/lasso_trace_2.txt,TERMINATING,1.96,6175.22,257.00,TERMINATING,1,6,7,Affine template / Affine template
CP26_BENCHMARK_FINAL/BENCHMARK_SIMPLE_C_BPL/TERM_LASSO//lasso_traces_java_DivMinus1.c/lasso_trace_1.txt,TERMINATING,2.14,66.38,9.00,TERMINATING,1,1,2,Affine template / Affine template
CP26_BENCHMARK_FINAL/BENCHMARK_SIMPLE_C_BPL/TERM_LASSO//lasso_traces_java_DivWithoutMinus.c/lasso_trace_1.txt,TERMINATING,2.14,132.55,19.00,TERMINATING,1,1,2,Affine template / Affine template
CP26_BENCHMARK_FINAL/BENCHMARK_SIMPLE_C_BPL/TERM_LASSO//lasso_traces_java_Double1.c/lasso_trace_1.txt,TERMINATING,1.61,48.72,8.00,TERMINATING,5,3,8,Affine template / Affine template
CP26_BENCHMARK_FINAL/BENCHMARK_SIMPLE_C_BPL/TERM_LASSO//lasso_traces_java_Double1.c/lasso_trace_3.txt,TERMINATING,0.26,37.04,7.00,TERMINATING,11,12,23,Affine template / Affine template
CP26_BENCHMARK_FINAL/BENCHMARK_SIMPLE_C_BPL/TERM_LASSO//lasso_traces_java_Double2.c/lasso_trace_1.txt,TERMINATING,2.11,48.03,5.00,TERMINATING,5,3,8,Affine template / Affine template
CP26_BENCHMARK_FINAL/BENCHMARK_SIMPLE_C_BPL/TERM_LASSO//lasso_traces_java_Double3.c/lasso_trace_1.txt,TERMINATING,1.80,52.58,5.00,TERMINATING,5,4,9,Affine template / Affine template
CP26_BENCHMARK_FINAL/BENCHMARK_SIMPLE_C_BPL/TERM_LASSO//lasso_traces_java_Duplicate.c/lasso_trace_1.txt,TERMINATING,2.23,59.83,9.00,TERMINATING,1,1,2,Affine template / Affine template
CP26_BENCHMARK_FINAL/BENCHMARK_SIMPLE_C_BPL/TERM_LASSO//lasso_traces_java_EqUserDefRec.c/lasso_trace_1.txt,TERMINATING,1.79,27.42,7.00,TERMINATING,0,3,3,Affine template / Affine template
CP26_BENCHMARK_FINAL/BENCHMARK_SIMPLE_C_BPL/TERM_LASSO//lasso_traces_java_Factorial.c/lasso_trace_1.txt,TERMINATING,1.63,26.25,5.00,TERMINATING,0,3,3,Affine template / Affine template
CP26_BENCHMARK_FINAL/BENCHMARK_SIMPLE_C_BPL/TERM_LASSO//lasso_traces_java_FactSum.c/lasso_trace_2.txt,TERMINATING,0.29,42.62,6.00,TERMINATING,8,3,11,Affine template / Affine template
CP26_BENCHMARK_FINAL/BENCHMARK_SIMPLE_C_BPL/TERM_LASSO//lasso_traces_java_FibRecursive.c/lasso_trace_1.txt,TERMINATING,1.74,28.84,5.00,TERMINATING,0,4,4,Affine template / Affine template
CP26_BENCHMARK_FINAL/BENCHMARK_SIMPLE_C_BPL/TERM_LASSO//lasso_traces_java_Hanoi.c/lasso_trace_1.txt,TERMINATING,1.72,39.58,10.00,TERMINATING,0,4,4,Affine template / Affine template
CP26_BENCHMARK_FINAL/BENCHMARK_SIMPLE_C_BPL/TERM_LASSO//lasso_traces_java_LeUserDefRec.c/lasso_trace_1.txt,TERMINATING,1.64,26.78,7.00,TERMINATING,0,3,3,Affine template / Affine template
CP26_BENCHMARK_FINAL/BENCHMARK_SIMPLE_C_BPL/TERM_LASSO//lasso_traces_java_LogBuiltIn-alloca_true-termination.c/lasso_trace_1.txt,TERMINATING,2.41,98.46,29.00,TERMINATING,9,6,15,Affine template / Affine template
CP26_BENCHMARK_FINAL/BENCHMARK_SIMPLE_C_BPL/TERM_LASSO//lasso_traces_java_LogBuiltIn.c/lasso_trace_1.txt,TERMINATING,1.98,56.56,8.00,TERMINATING,1,1,2,Affine template / Affine template
CP26_BENCHMARK_FINAL/BENCHMARK_SIMPLE_C_BPL/TERM_LASSO//lasso_traces_java_LogBuiltIn_true-termination.c/lasso_trace_1.txt,TERMINATING,2.02,53.07,9.00,TERMINATING,7,1,8,Affine template / Affine template
CP26_BENCHMARK_FINAL/BENCHMARK_SIMPLE_C_BPL/TERM_LASSO//lasso_traces_java_MinusBuiltIn.c/lasso_trace_1.txt,TERMINATING,2.11,57.39,7.00,TERMINATING,5,1,6,Affine template / Affine template
CP26_BENCHMARK_FINAL/BENCHMARK_SIMPLE_C_BPL/TERM_LASSO//lasso_traces_java_MinusMin.c/lasso_trace_1.txt,TERMINATING,1.94,50.67,8.00,TERMINATING,5,5,10,Affine template / Affine template
CP26_BENCHMARK_FINAL/BENCHMARK_SIMPLE_C_BPL/TERM_LASSO//lasso_traces_java_Nested.c/lasso_trace_10.txt,TERMINATING,1.66,40.81,6.00,TERMINATING,1,11,12,Affine template / Affine template
CP26_BENCHMARK_FINAL/BENCHMARK_SIMPLE_C_BPL/TERM_LASSO//lasso_traces_java_Nested.c/lasso_trace_11.txt,TERMINATING,0.36,34.02,5.00,TERMINATING,2,1,3,Affine template / Affine template
CP26_BENCHMARK_FINAL/BENCHMARK_SIMPLE_C_BPL/TERM_LASSO//lasso_traces_java_Nested.c/lasso_trace_12.txt,TERMINATING,0.43,31.74,5.00,TERMINATING,13,1,14,Affine template / Affine template
CP26_BENCHMARK_FINAL/BENCHMARK_SIMPLE_C_BPL/TERM_LASSO//lasso_traces_java_NestedLoop.c/lasso_trace_1.txt,TERMINATING,2.13,92.18,14.00,TERMINATING,1,2,3,Affine template / Affine template
CP26_BENCHMARK_FINAL/BENCHMARK_SIMPLE_C_BPL/TERM_LASSO//lasso_traces_java_NestedLoop.c/lasso_trace_5.txt,TERMINATING,0.51,58.81,20.00,TERMINATING,5,5,10,Affine template / Affine template
CP26_BENCHMARK_FINAL/BENCHMARK_SIMPLE_C_BPL/TERM_LASSO//lasso_traces_java_Nested_true-termination.c/lasso_trace_10.txt,TERMINATING,1.52,48.33,8.00,TERMINATING,5,11,16,Affine template / Affine template
CP26_BENCHMARK_FINAL/BENCHMARK_SIMPLE_C_BPL/TERM_LASSO//lasso_traces_java_Nested_true-termination.c/lasso_trace_11.txt,TERMINATING,0.52,37.83,6.00,TERMINATING,6,1,7,Affine template / Affine template
CP26_BENCHMARK_FINAL/BENCHMARK_SIMPLE_C_BPL/TERM_LASSO//lasso_traces_java_Nested_true-termination.c/lasso_trace_12.txt,TERMINATING,0.46,33.73,7.00,TERMINATING,17,1,18,Affine template / Affine template
CP26_BENCHMARK_FINAL/BENCHMARK_SIMPLE_C_BPL/TERM_LASSO//lasso_traces_java_PlusSwap.c/lasso_trace_1.txt,TERMINATING,1.97,49.10,12.00,TERMINATING,1,1,2,Affine template / Affine template
CP26_BENCHMARK_FINAL/BENCHMARK_SIMPLE_C_BPL/TERM_LASSO//lasso_traces_java_Recursions.c/lasso_trace_1.txt,TERMINATING,2.12,39.13,13.00,TERMINATING,0,8,8,Affine template / Affine template
CP26_BENCHMARK_FINAL/BENCHMARK_SIMPLE_C_BPL/TERM_LASSO//lasso_traces_java_Sequence-alloca_true-termination.c/lasso_trace_1.txt,TERMINATING,2.75,123.18,33.00,TERMINATING,7,6,13,Affine template / Affine template
CP26_BENCHMARK_FINAL/BENCHMARK_SIMPLE_C_BPL/TERM_LASSO//lasso_traces_java_Sequence.c/lasso_trace_1.txt,TERMINATING,1.91,48.90,5.00,TERMINATING,1,1,2,Affine template / Affine template
CP26_BENCHMARK_FINAL/BENCHMARK_SIMPLE_C_BPL/TERM_LASSO//lasso_traces_java_Sequence_true-termination.c/lasso_trace_1.txt,TERMINATING,2.97,54.23,9.00,TERMINATING,5,1,6,Affine template / Affine template
CP26_BENCHMARK_FINAL/BENCHMARK_SIMPLE_C_BPL/TERM_LASSO//lasso_traces_java_TimesPlusUserDef.c/lasso_trace_1.txt,TERMINATING,1.71,27.75,7.00,TERMINATING,0,4,4,Affine template / Affine template
CP26_BENCHMARK_FINAL/BENCHMARK_SIMPLE_C_BPL/TERM_LASSO//lasso_traces_java_TimesPlusUserDef.c/lasso_trace_2.txt,TERMINATING,0.62,44.70,7.00,TERMINATING,3,3,6,Affine template / Affine template
CP26_BENCHMARK_FINAL/BENCHMARK_SIMPLE_C_BPL/TERM_LASSO//lasso_traces_java_TimesPlusUserDef.c/lasso_trace_3.txt,TERMINATING,0.47,38.45,9.00,TERMINATING,4,4,8,Affine template / Affine template
CP26_BENCHMARK_FINAL/BENCHMARK_SIMPLE_C_BPL/TERM_LASSO//lasso_traces_java_TimesPlusUserDef.c/lasso_trace_4.txt,TERMINATING,0.33,36.81,10.00,TERMINATING,30,3,33,Affine template / Affine template
CP26_BENCHMARK_FINAL/BENCHMARK_SIMPLE_C_BPL/TERM_LASSO//lasso_traces_jfdctint.t2.c/lasso_trace_1.txt,TERMINATING,2.81,58.33,6.00,TERMINATING,92,17,109,Affine template / Affine template
CP26_BENCHMARK_FINAL/BENCHMARK_SIMPLE_C_BPL/TERM_LASSO//lasso_traces_joey_false-termination.c/lasso_trace_2.txt,TERMINATING,0.49,45.28,7.00,TERMINATING,6,4,10,Affine template / Affine template
CP26_BENCHMARK_FINAL/BENCHMARK_SIMPLE_C_BPL/TERM_LASSO//lasso_traces_knapsack.c/lasso_trace_1.txt,TERMINATING,2.29,84.44,11.00,TERMINATING,1,2,3,Affine template / Affine template
CP26_BENCHMARK_FINAL/BENCHMARK_SIMPLE_C_BPL/TERM_LASSO//lasso_traces_knapsack.c/lasso_trace_2.txt,TERMINATING,0.85,94.95,13.00,TERMINATING,2,4,6,Affine template / Affine template
CP26_BENCHMARK_FINAL/BENCHMARK_SIMPLE_C_BPL/TERM_LASSO//lasso_traces_knapsack.c/lasso_trace_4.txt,TERMINATING,0.64,54.61,17.00,TERMINATING,8,4,12,Affine template / Affine template
CP26_BENCHMARK_FINAL/BENCHMARK_SIMPLE_C_BPL/TERM_LASSO//lasso_traces_KroeningSharyginaTsitovichWintersteiger-2010CAV-Fig1-alloca_true-termination.c/lasso_trace_1.txt,TERMINATING,2.39,115.80,31.00,TERMINATING,7,8,15,Affine template / Affine template
CP26_BENCHMARK_FINAL/BENCHMARK_SIMPLE_C_BPL/TERM_LASSO//lasso_traces_KroeningSharyginaTsitovichWintersteiger-CAV2010-Ex_true-termination.c/lasso_trace_1.txt,TERMINATING,1.89,102.56,14.00,TERMINATING,5,1,6,Affine template / Affine template
CP26_BENCHMARK_FINAL/BENCHMARK_SIMPLE_C_BPL/TERM_LASSO//lasso_traces_LarrazOliverasRodriguez-CarbonellRubio-2013FMCAD-Fig1-alloca_unknown-termination.c/lasso_trace_5.txt,TERMINATING,2.63,406.00,73.00,TERMINATING,15,10,25,2 template / Nested template
CP26_BENCHMARK_FINAL/BENCHMARK_SIMPLE_C_BPL/TERM_LASSO//lasso_traces_LarrazOliverasRodriguez-CarbonellRubio-2013FMCAD-Fig1-alloca_unknown-termination.c/lasso_trace_6.txt,TERMINATING,1.38,84.17,60.00,TERMINATING,22,7,29,Affine template / Affine template
CP26_BENCHMARK_FINAL/BENCHMARK_SIMPLE_C_BPL/TERM_LASSO//lasso_traces_LarrazOliverasRodriguez-CarbonellRubio-2013FMCAD-Fig1-alloca_unknown-termination.c/lasso_trace_7.txt,TERMINATING,1.56,280.64,79.00,TERMINATING,29,10,39,2 template / Nested template
CP26_BENCHMARK_FINAL/BENCHMARK_SIMPLE_C_BPL/TERM_LASSO//lasso_traces_LarrazOliverasRodriguez-CarbonellRubio-FMCAD2013-Fig1_true-termination.c/lasso_trace_1.txt,TERMINATING,2.26,162.14,13.00,TERMINATING,6,2,8,2 template / Nested template
CP26_BENCHMARK_FINAL/BENCHMARK_SIMPLE_C_BPL/TERM_LASSO//lasso_traces_LarrazOliverasRodriguez-CarbonellRubio-FMCAD2013-Fig1_true-termination.c/lasso_trace_2.txt,TERMINATING,0.39,40.90,12.00,TERMINATING,8,1,9,Affine template / Affine template
CP26_BENCHMARK_FINAL/BENCHMARK_SIMPLE_C_BPL/TERM_LASSO//lasso_traces_LarrazOliverasRodriguez-CarbonellRubio-FMCAD2013-Fig1_true-termination.c/lasso_trace_3.txt,TERMINATING,0.39,100.20,17.00,TERMINATING,9,2,11,2 template / Nested template
CP26_BENCHMARK_FINAL/BENCHMARK_SIMPLE_C_BPL/TERM_LASSO//lasso_traces_LarrazOliverasRodriguez-CarbonellRubio-FMCAD2013-Fig1_true-termination.c/lasso_trace_5.txt,TERMINATING,0.39,42.77,12.00,TERMINATING,10,3,13,Affine template / Affine template
CP26_BENCHMARK_FINAL/BENCHMARK_SIMPLE_C_BPL/TERM_LASSO//lasso_traces_LarrazOliverasRodriguez-CarbonellRubio-FMCAD2013-Fig1_true-termination.c/lasso_trace_6.txt,TERMINATING,0.33,35.22,11.00,TERMINATING,11,1,12,Affine template / Affine template
CP26_BENCHMARK_FINAL/BENCHMARK_SIMPLE_C_BPL/TERM_LASSO//lasso_traces_LeeJonesBen-Amram-POPL2001-Ex1_true-termination.c/lasso_trace_1.txt,TERMINATING,2.06,106.11,12.00,TERMINATING,9,3,12,Affine template / Affine template
CP26_BENCHMARK_FINAL/BENCHMARK_SIMPLE_C_BPL/TERM_LASSO//lasso_traces_LeeJonesBen-Amram-POPL2001-Ex2_true-termination.c/lasso_trace_1.txt,TERMINATING,1.98,97.26,13.00,TERMINATING,7,5,12,Affine template / Affine template
CP26_BENCHMARK_FINAL/BENCHMARK_SIMPLE_C_BPL/TERM_LASSO//lasso_traces_LeeJonesBen-Amram-POPL2001-Ex3_true-termination.c/lasso_trace_1.txt,TERMINATING,1.93,62.41,9.00,TERMINATING,7,4,11,Affine template / Affine template
CP26_BENCHMARK_FINAL/BENCHMARK_SIMPLE_C_BPL/TERM_LASSO//lasso_traces_LeeJonesBen-Amram-POPL2001-Ex3_true-termination.c/lasso_trace_3.txt,TERMINATING,0.35,36.40,8.00,TERMINATING,11,8,19,Affine template / Affine template
CP26_BENCHMARK_FINAL/BENCHMARK_SIMPLE_C_BPL/TERM_LASSO//lasso_traces_LeeJonesBen-Amram-POPL2001-Ex3_true-termination.c/lasso_trace_4.txt,TERMINATING,0.31,40.54,11.00,TERMINATING,13,4,17,Affine template / Affine template
CP26_BENCHMARK_FINAL/BENCHMARK_SIMPLE_C_BPL/TERM_LASSO//lasso_traces_LeeJonesBen-Amram-POPL2001-Ex4_true-termination.c/lasso_trace_1.txt,TERMINATING,1.71,65.21,9.00,TERMINATING,7,3,10,Affine template / Affine template
CP26_BENCHMARK_FINAL/BENCHMARK_SIMPLE_C_BPL/TERM_LASSO//lasso_traces_LeeJonesBen-Amram-POPL2001-Ex4_true-termination.c/lasso_trace_2.txt,TERMINATING,0.77,50.17,16.00,TERMINATING,9,4,13,Affine template / Affine template
CP26_BENCHMARK_FINAL/BENCHMARK_SIMPLE_C_BPL/TERM_LASSO//lasso_traces_LeeJonesBen-Amram-POPL2001-Ex4_true-termination.c/lasso_trace_3.txt,TERMINATING,0.34,48.17,16.00,TERMINATING,13,3,16,Affine template / Affine template
CP26_BENCHMARK_FINAL/BENCHMARK_SIMPLE_C_BPL/TERM_LASSO//lasso_traces_LeeJonesBen-Amram-POPL2001-Ex4_true-termination.c/lasso_trace_4.txt,TERMINATING,0.28,45.39,18.00,TERMINATING,16,3,19,Affine template / Affine template
CP26_BENCHMARK_FINAL/BENCHMARK_SIMPLE_C_BPL/TERM_LASSO//lasso_traces_LeeJonesBen-Amram-POPL2001-Ex4_true-termination.c/lasso_trace_6.txt,TERMINATING,0.78,36.20,10.00,TERMINATING,14,4,18,Affine template / Affine template
CP26_BENCHMARK_FINAL/BENCHMARK_SIMPLE_C_BPL/TERM_LASSO//lasso_traces_LeeJonesBen-Amram-POPL2001-Ex4_true-termination.c/lasso_trace_7.txt,TERMINATING,0.31,41.13,9.00,TERMINATING,17,4,21,Affine template / Affine template
CP26_BENCHMARK_FINAL/BENCHMARK_SIMPLE_C_BPL/TERM_LASSO//lasso_traces_LeeJonesBen-Amram-POPL2001-Ex6_true-termination.c/lasso_trace_1.txt,TERMINATING,2.04,107.27,12.00,TERMINATING,7,3,10,Affine template / Affine template
CP26_BENCHMARK_FINAL/BENCHMARK_SIMPLE_C_BPL/TERM_LASSO//lasso_traces_LeeJonesBen-Amram-POPL2001-Ex6_true-termination.c/lasso_trace_2.txt,TERMINATING,0.46,74.57,13.00,TERMINATING,10,3,13,Affine template / Affine template
CP26_BENCHMARK_FINAL/BENCHMARK_SIMPLE_C_BPL/TERM_LASSO//lasso_traces_LeikeHeizmann-TACAS2014-Ex1_true-termination.c/lasso_trace_1.txt,TERMINATING,1.92,105.43,16.00,TERMINATING,5,1,6,Affine template / Affine template
CP26_BENCHMARK_FINAL/BENCHMARK_SIMPLE_C_BPL/TERM_LASSO//lasso_traces_LeikeHeizmann-TACAS2014-Ex7_true-termination.c/lasso_trace_1.txt,TERMINATING,2.24,57.78,9.00,TERMINATING,5,1,6,Affine template / Affine template
CP26_BENCHMARK_FINAL/BENCHMARK_SIMPLE_C_BPL/TERM_LASSO//lasso_traces_LeikeHeizmann-TACAS2014-Ex8_true-termination.c/lasso_trace_1.txt,TERMINATING,3.76,151.54,20.00,TERMINATING,5,1,6,Affine template / Affine template
CP26_BENCHMARK_FINAL/BENCHMARK_SIMPLE_C_BPL/TERM_LASSO//lasso_traces_LeikeHeizmann-TACAS2014-Ex9_true-termination.c/lasso_trace_1.txt,TERMINATING,2.06,120.56,15.00,TERMINATING,5,1,6,Affine template / Affine template
CP26_BENCHMARK_FINAL/BENCHMARK_SIMPLE_C_BPL/TERM_LASSO//lasso_traces_LeikeHeizmann-TACAS2014-Fig1_true-termination.c/lasso_trace_1.txt,TERMINATING,1.96,132.11,14.00,TERMINATING,5,1,6,2 template / Nested template
CP26_BENCHMARK_FINAL/BENCHMARK_SIMPLE_C_BPL/TERM_LASSO//lasso_traces_LeikeHeizmann-WST2014-Ex9_true-termination.c/lasso_trace_1.txt,TERMINATING,1.91,45.80,6.00,TERMINATING,5,1,6,Affine template / Affine template
CP26_BENCHMARK_FINAL/BENCHMARK_SIMPLE_C_BPL/TERM_LASSO//lasso_traces_LeUserDefRec_true.c/lasso_trace_1.txt,TERMINATING,1.84,57.15,7.00,TERMINATING,8,3,11,Affine template / Affine template
CP26_BENCHMARK_FINAL/BENCHMARK_SIMPLE_C_BPL/TERM_LASSO//lasso_traces_LeUserDefRec_true-termination.c/lasso_trace_1.txt,TERMINATING,1.83,62.78,8.00,TERMINATING,8,3,11,Affine template / Affine template
CP26_BENCHMARK_FINAL/BENCHMARK_SIMPLE_C_BPL/TERM_LASSO//lasso_traces_LexIndexValue-Array_true-termination.c/lasso_trace_1.txt,TERMINATING,2.13,73.58,11.00,TERMINATING,5,3,8,Affine template / Affine template
CP26_BENCHMARK_FINAL/BENCHMARK_SIMPLE_C_BPL/TERM_LASSO//lasso_traces_LexIndexValue-Array_true-termination.c/lasso_trace_10.txt,TERMINATING,0.59,82.26,35.00,TERMINATING,30,5,35,Affine template / Affine template
CP26_BENCHMARK_FINAL/BENCHMARK_SIMPLE_C_BPL/TERM_LASSO//lasso_traces_LexIndexValue-Array_true-termination.c/lasso_trace_11.txt,TERMINATING,0.43,82.21,32.00,TERMINATING,33,5,38,Affine template / Affine template
CP26_BENCHMARK_FINAL/BENCHMARK_SIMPLE_C_BPL/TERM_LASSO//lasso_traces_LexIndexValue-Array_true-termination.c/lasso_trace_12.txt,TERMINATING,0.55,79.58,39.00,TERMINATING,36,5,41,Affine template / Affine template
CP26_BENCHMARK_FINAL/BENCHMARK_SIMPLE_C_BPL/TERM_LASSO//lasso_traces_LexIndexValue-Array_true-termination.c/lasso_trace_13.txt,TERMINATING,0.49,82.55,35.00,TERMINATING,39,5,44,Affine template / Affine template
CP26_BENCHMARK_FINAL/BENCHMARK_SIMPLE_C_BPL/TERM_LASSO//lasso_traces_LexIndexValue-Array_true-termination.c/lasso_trace_14.txt,TERMINATING,0.61,89.35,37.00,TERMINATING,42,5,47,Affine template / Affine template
CP26_BENCHMARK_FINAL/BENCHMARK_SIMPLE_C_BPL/TERM_LASSO//lasso_traces_LexIndexValue-Array_true-termination.c/lasso_trace_15.txt,TERMINATING,0.60,75.60,40.00,TERMINATING,45,5,50,Affine template / Affine template
CP26_BENCHMARK_FINAL/BENCHMARK_SIMPLE_C_BPL/TERM_LASSO//lasso_traces_LexIndexValue-Array_true-termination.c/lasso_trace_16.txt,TERMINATING,0.58,91.04,47.00,TERMINATING,48,5,53,Affine template / Affine template
CP26_BENCHMARK_FINAL/BENCHMARK_SIMPLE_C_BPL/TERM_LASSO//lasso_traces_LexIndexValue-Array_true-termination.c/lasso_trace_17.txt,TERMINATING,0.63,79.83,46.00,TERMINATING,51,5,56,Affine template / Affine template
CP26_BENCHMARK_FINAL/BENCHMARK_SIMPLE_C_BPL/TERM_LASSO//lasso_traces_LexIndexValue-Array_true-termination.c/lasso_trace_18.txt,TERMINATING,0.62,84.54,49.00,TERMINATING,54,5,59,Affine template / Affine template
CP26_BENCHMARK_FINAL/BENCHMARK_SIMPLE_C_BPL/TERM_LASSO//lasso_traces_LexIndexValue-Array_true-termination.c/lasso_trace_19.txt,TERMINATING,0.62,86.51,49.00,TERMINATING,57,5,62,Affine template / Affine template
CP26_BENCHMARK_FINAL/BENCHMARK_SIMPLE_C_BPL/TERM_LASSO//lasso_traces_LexIndexValue-Array_true-termination.c/lasso_trace_2.txt,TERMINATING,0.61,57.56,17.00,TERMINATING,6,5,11,Affine template / Affine template
CP26_BENCHMARK_FINAL/BENCHMARK_SIMPLE_C_BPL/TERM_LASSO//lasso_traces_LexIndexValue-Array_true-termination.c/lasso_trace_20.txt,TERMINATING,0.70,98.52,55.00,TERMINATING,60,5,65,Affine template / Affine template
CP26_BENCHMARK_FINAL/BENCHMARK_SIMPLE_C_BPL/TERM_LASSO//lasso_traces_LexIndexValue-Array_true-termination.c/lasso_trace_21.txt,TERMINATING,0.68,101.37,54.00,TERMINATING,63,5,68,Affine template / Affine template
CP26_BENCHMARK_FINAL/BENCHMARK_SIMPLE_C_BPL/TERM_LASSO//lasso_traces_LexIndexValue-Array_true-termination.c/lasso_trace_22.txt,TERMINATING,0.67,92.25,56.00,TERMINATING,66,5,71,Affine template / Affine template
CP26_BENCHMARK_FINAL/BENCHMARK_SIMPLE_C_BPL/TERM_LASSO//lasso_traces_LexIndexValue-Array_true-termination.c/lasso_trace_23.txt,TERMINATING,0.51,114.82,59.00,TERMINATING,69,5,74,Affine template / Affine template
CP26_BENCHMARK_FINAL/BENCHMARK_SIMPLE_C_BPL/TERM_LASSO//lasso_traces_LexIndexValue-Array_true-termination.c/lasso_trace_24.txt,TERMINATING,0.62,95.16,58.00,TERMINATING,72,5,77,Affine template / Affine template
CP26_BENCHMARK_FINAL/BENCHMARK_SIMPLE_C_BPL/TERM_LASSO//lasso_traces_LexIndexValue-Array_true-termination.c/lasso_trace_25.txt,TERMINATING,0.77,104.63,73.00,TERMINATING,75,5,80,Affine template / Affine template
CP26_BENCHMARK_FINAL/BENCHMARK_SIMPLE_C_BPL/TERM_LASSO//lasso_traces_LexIndexValue-Array_true-termination.c/lasso_trace_26.txt,TERMINATING,0.74,109.76,75.00,TERMINATING,78,5,83,Affine template / Affine template
CP26_BENCHMARK_FINAL/BENCHMARK_SIMPLE_C_BPL/TERM_LASSO//lasso_traces_LexIndexValue-Array_true-termination.c/lasso_trace_27.txt,TERMINATING,0.61,103.31,69.00,TERMINATING,81,5,86,Affine template / Affine template
CP26_BENCHMARK_FINAL/BENCHMARK_SIMPLE_C_BPL/TERM_LASSO//lasso_traces_LexIndexValue-Array_true-termination.c/lasso_trace_28.txt,TERMINATING,0.92,155.15,71.00,TERMINATING,84,5,89,Affine template / Affine template
CP26_BENCHMARK_FINAL/BENCHMARK_SIMPLE_C_BPL/TERM_LASSO//lasso_traces_LexIndexValue-Array_true-termination.c/lasso_trace_29.txt,TERMINATING,0.68,172.96,73.00,TERMINATING,87,5,92,Affine template / Affine template
CP26_BENCHMARK_FINAL/BENCHMARK_SIMPLE_C_BPL/TERM_LASSO//lasso_traces_LexIndexValue-Array_true-termination.c/lasso_trace_3.txt,TERMINATING,0.46,65.04,19.00,TERMINATING,9,5,14,Affine template / Affine template
CP26_BENCHMARK_FINAL/BENCHMARK_SIMPLE_C_BPL/TERM_LASSO//lasso_traces_LexIndexValue-Array_true-termination.c/lasso_trace_30.txt,TERMINATING,1.22,101.17,77.00,TERMINATING,90,5,95,Affine template / Affine template
CP26_BENCHMARK_FINAL/BENCHMARK_SIMPLE_C_BPL/TERM_LASSO//lasso_traces_LexIndexValue-Array_true-termination.c/lasso_trace_31.txt,TERMINATING,0.81,109.31,77.00,TERMINATING,93,5,98,Affine template / Affine template
CP26_BENCHMARK_FINAL/BENCHMARK_SIMPLE_C_BPL/TERM_LASSO//lasso_traces_LexIndexValue-Array_true-termination.c/lasso_trace_32.txt,TERMINATING,0.80,103.15,90.00,TERMINATING,96,5,101,Affine template / Affine template
CP26_BENCHMARK_FINAL/BENCHMARK_SIMPLE_C_BPL/TERM_LASSO//lasso_traces_LexIndexValue-Array_true-termination.c/lasso_trace_33.txt,TERMINATING,1.05,114.15,87.00,TERMINATING,99,5,104,Affine template / Affine template
CP26_BENCHMARK_FINAL/BENCHMARK_SIMPLE_C_BPL/TERM_LASSO//lasso_traces_LexIndexValue-Array_true-termination.c/lasso_trace_34.txt,TERMINATING,0.81,125.22,92.00,TERMINATING,102,5,107,Affine template / Affine template
CP26_BENCHMARK_FINAL/BENCHMARK_SIMPLE_C_BPL/TERM_LASSO//lasso_traces_LexIndexValue-Array_true-termination.c/lasso_trace_35.txt,TERMINATING,0.82,115.58,90.00,TERMINATING,105,5,110,Affine template / Affine template
CP26_BENCHMARK_FINAL/BENCHMARK_SIMPLE_C_BPL/TERM_LASSO//lasso_traces_LexIndexValue-Array_true-termination.c/lasso_trace_36.txt,TERMINATING,0.85,144.04,100.00,TERMINATING,108,5,113,Affine template / Affine template
CP26_BENCHMARK_FINAL/BENCHMARK_SIMPLE_C_BPL/TERM_LASSO//lasso_traces_LexIndexValue-Array_true-termination.c/lasso_trace_37.txt,TERMINATING,0.86,125.64,109.00,TERMINATING,111,5,116,Affine template / Affine template
CP26_BENCHMARK_FINAL/BENCHMARK_SIMPLE_C_BPL/TERM_LASSO//lasso_traces_LexIndexValue-Array_true-termination.c/lasso_trace_38.txt,TERMINATING,0.89,128.40,104.00,TERMINATING,114,5,119,Affine template / Affine template
CP26_BENCHMARK_FINAL/BENCHMARK_SIMPLE_C_BPL/TERM_LASSO//lasso_traces_LexIndexValue-Array_true-termination.c/lasso_trace_39.txt,TERMINATING,0.82,142.11,108.00,TERMINATING,117,5,122,Affine template / Affine template
CP26_BENCHMARK_FINAL/BENCHMARK_SIMPLE_C_BPL/TERM_LASSO//lasso_traces_LexIndexValue-Array_true-termination.c/lasso_trace_4.txt,TERMINATING,0.52,59.67,19.00,TERMINATING,12,5,17,Affine template / Affine template
CP26_BENCHMARK_FINAL/BENCHMARK_SIMPLE_C_BPL/TERM_LASSO//lasso_traces_LexIndexValue-Array_true-termination.c/lasso_trace_40.txt,TERMINATING,0.85,131.79,112.00,TERMINATING,120,5,125,Affine template / Affine template
CP26_BENCHMARK_FINAL/BENCHMARK_SIMPLE_C_BPL/TERM_LASSO//lasso_traces_LexIndexValue-Array_true-termination.c/lasso_trace_41.txt,TERMINATING,0.85,133.28,125.00,TERMINATING,123,5,128,Affine template / Affine template
CP26_BENCHMARK_FINAL/BENCHMARK_SIMPLE_C_BPL/TERM_LASSO//lasso_traces_LexIndexValue-Array_true-termination.c/lasso_trace_5.txt,TERMINATING,0.52,54.35,24.00,TERMINATING,15,5,20,Affine template / Affine template
CP26_BENCHMARK_FINAL/BENCHMARK_SIMPLE_C_BPL/TERM_LASSO//lasso_traces_LexIndexValue-Array_true-termination.c/lasso_trace_6.txt,TERMINATING,0.56,63.74,26.00,TERMINATING,18,5,23,Affine template / Affine template
CP26_BENCHMARK_FINAL/BENCHMARK_SIMPLE_C_BPL/TERM_LASSO//lasso_traces_LexIndexValue-Array_true-termination.c/lasso_trace_7.txt,TERMINATING,0.53,65.77,26.00,TERMINATING,21,5,26,Affine template / Affine template
CP26_BENCHMARK_FINAL/BENCHMARK_SIMPLE_C_BPL/TERM_LASSO//lasso_traces_LexIndexValue-Array_true-termination.c/lasso_trace_8.txt,TERMINATING,0.56,58.84,30.00,TERMINATING,24,5,29,Affine template / Affine template
CP26_BENCHMARK_FINAL/BENCHMARK_SIMPLE_C_BPL/TERM_LASSO//lasso_traces_LexIndexValue-Array_true-termination.c/lasso_trace_9.txt,TERMINATING,0.55,64.55,36.00,TERMINATING,27,5,32,Affine template / Affine template
CP26_BENCHMARK_FINAL/BENCHMARK_SIMPLE_C_BPL/TERM_LASSO//lasso_traces_LexIndexValue-Pointer_true-termination.c/lasso_trace_2.txt,TERMINATING,1.93,88.38,23.00,TERMINATING,5,5,10,Affine template / Affine template
CP26_BENCHMARK_FINAL/BENCHMARK_SIMPLE_C_BPL/TERM_LASSO//lasso_traces_LexIndexValue-Pointer_true-termination.c/lasso_trace_3.txt,TERMINATING,0.66,2045.16,65.00,UNKNOWN,6,7,13,2 template
CP26_BENCHMARK_FINAL/BENCHMARK_SIMPLE_C_BPL/TERM_LASSO//lasso_traces_LexIndexValue-Pointer_true-termination.c/lasso_trace_4.txt,TERMINATING,0.49,2231.26,74.00,UNKNOWN,11,7,18,2 template
CP26_BENCHMARK_FINAL/BENCHMARK_SIMPLE_C_BPL/TERM_LASSO//lasso_traces_LexIndexValue-Pointer_true-termination.c/lasso_trace_5.txt,TERMINATING,0.48,2297.52,87.00,UNKNOWN,16,7,23,2 template
CP26_BENCHMARK_FINAL/BENCHMARK_SIMPLE_C_BPL/TERM_LASSO//lasso_traces_lis-alloca_true-termination.c/lasso_trace_1.txt,TERMINATING,2.80,94.65,49.00,UNKNOWN,7,3,10,Affine template
CP26_BENCHMARK_FINAL/BENCHMARK_SIMPLE_C_BPL/TERM_LASSO//lasso_traces_lis.c/lasso_trace_1.txt,TERMINATING,2.61,112.78,38.00,TERMINATING,1,3,4,Affine template / Affine template
CP26_BENCHMARK_FINAL/BENCHMARK_SIMPLE_C_BPL/TERM_LASSO//lasso_traces_Lobnya-Boolean-Reordered_true-termination.c/lasso_trace_1.txt,TERMINATING,0.49,2519.39,28.00,TERMINATING,6,1,7,2 template / Affine template
CP26_BENCHMARK_FINAL/BENCHMARK_SIMPLE_C_BPL/TERM_LASSO//lasso_traces_LogAG.c/lasso_trace_1.txt,TERMINATING,1.94,57.60,9.00,TERMINATING,5,2,7,Affine template / Affine template
CP26_BENCHMARK_FINAL/BENCHMARK_SIMPLE_C_BPL/TERM_LASSO//lasso_traces_LogAG.c/lasso_trace_2.txt,TERMINATING,0.39,47.84,10.00,TERMINATING,6,1,7,Affine template / Affine template
CP26_BENCHMARK_FINAL/BENCHMARK_SIMPLE_C_BPL/TERM_LASSO//lasso_traces_Log.c/lasso_trace_2.txt,TERMINATING,1.77,62.03,9.00,TERMINATING,5,3,8,Affine template / Affine template
CP26_BENCHMARK_FINAL/BENCHMARK_SIMPLE_C_BPL/TERM_LASSO//lasso_traces_Log.c/lasso_trace_3.txt,TERMINATING,0.36,41.93,10.00,TERMINATING,6,1,7,Affine template / Affine template
CP26_BENCHMARK_FINAL/BENCHMARK_SIMPLE_C_BPL/TERM_LASSO//lasso_traces_long_while.c/lasso_trace_1.txt,TERMINATING,2.51,47.15,4.00,TERMINATING,5,1,6,Affine template / Affine template
CP26_BENCHMARK_FINAL/BENCHMARK_SIMPLE_C_BPL/TERM_LASSO//lasso_traces_loop3.t2.c/lasso_trace_1.txt,TERMINATING,1.83,53.23,7.00,TERMINATING,24,13,37,Affine template / Affine template
CP26_BENCHMARK_FINAL/BENCHMARK_SIMPLE_C_BPL/TERM_LASSO//lasso_traces_loop3.t2.c/lasso_trace_12.txt,TERMINATING,0.29,47.67,12.00,TERMINATING,456,13,469,Affine template / Affine template
CP26_BENCHMARK_FINAL/BENCHMARK_SIMPLE_C_BPL/TERM_LASSO//lasso_traces_loop3.t2.c/lasso_trace_13.txt,TERMINATING,0.33,61.07,11.00,TERMINATING,491,13,504,Affine template / Affine template
CP26_BENCHMARK_FINAL/BENCHMARK_SIMPLE_C_BPL/TERM_LASSO//lasso_traces_loop3.t2.c/lasso_trace_16.txt,TERMINATING,0.30,53.09,11.00,TERMINATING,674,13,687,Affine template / Affine template
CP26_BENCHMARK_FINAL/BENCHMARK_SIMPLE_C_BPL/TERM_LASSO//lasso_traces_loop3.t2.c/lasso_trace_17.txt,TERMINATING,0.36,52.49,10.00,TERMINATING,735,13,748,Affine template / Affine template
CP26_BENCHMARK_FINAL/BENCHMARK_SIMPLE_C_BPL/TERM_LASSO//lasso_traces_loop3.t2.c/lasso_trace_20.txt,TERMINATING,0.25,57.99,11.00,TERMINATING,996,13,1009,Affine template / Affine template
CP26_BENCHMARK_FINAL/BENCHMARK_SIMPLE_C_BPL/TERM_LASSO//lasso_traces_loop3.t2.c/lasso_trace_21.txt,TERMINATING,0.28,66.60,11.00,TERMINATING,1083,13,1096,Affine template / Affine template
CP26_BENCHMARK_FINAL/BENCHMARK_SIMPLE_C_BPL/TERM_LASSO//lasso_traces_loop3.t2.c/lasso_trace_6.txt,TERMINATING,0.32,47.78,7.00,TERMINATING,285,13,298,Affine template / Affine template
CP26_BENCHMARK_FINAL/BENCHMARK_SIMPLE_C_BPL/TERM_LASSO//lasso_traces_loop3.t2.c/lasso_trace_7.txt,TERMINATING,0.27,44.24,8.00,TERMINATING,307,13,320,Affine template / Affine template
CP26_BENCHMARK_FINAL/BENCHMARK_SIMPLE_C_BPL/TERM_LASSO//lasso_traces_loop3.t2.c/lasso_trace_8.txt,TERMINATING,0.25,49.41,8.00,TERMINATING,342,13,355,Affine template / Affine template
CP26_BENCHMARK_FINAL/BENCHMARK_SIMPLE_C_BPL/TERM_LASSO//lasso_traces_loop3.t2.c/lasso_trace_9.txt,TERMINATING,0.44,47.27,10.00,TERMINATING,356,13,369,Affine template / Affine template
CP26_BENCHMARK_FINAL/BENCHMARK_SIMPLE_C_BPL/TERM_LASSO//lasso_traces_loop_as_goto.c/lasso_trace_1.txt,TERMINATING,1.72,42.12,5.00,TERMINATING,5,1,6,Affine template / Affine template
CP26_BENCHMARK_FINAL/BENCHMARK_SIMPLE_C_BPL/TERM_LASSO//lasso_traces_loop_on_input.t2.c/lasso_trace_1.txt,TERMINATING,1.56,49.32,7.00,TERMINATING,20,18,38,Affine template / Affine template
CP26_BENCHMARK_FINAL/BENCHMARK_SIMPLE_C_BPL/TERM_LASSO//lasso_traces_loop_on_input.t2.c/lasso_trace_2.txt,TERMINATING,0.92,77.94,21.00,TERMINATING,23,22,45,Affine template / Affine template
CP26_BENCHMARK_FINAL/BENCHMARK_SIMPLE_C_BPL/TERM_LASSO//lasso_traces_Loops.c/lasso_trace_1.txt,TERMINATING,1.90,50.47,6.00,TERMINATING,5,1,6,Affine template / Affine template
CP26_BENCHMARK_FINAL/BENCHMARK_SIMPLE_C_BPL/TERM_LASSO//lasso_traces_ludcmp.c.i.ludcmp.pl.t2.fixed.t2.c/lasso_trace_11.txt,TERMINATING,0.39,50.60,19.00,TERMINATING,156,91,247,Affine template / Affine template
CP26_BENCHMARK_FINAL/BENCHMARK_SIMPLE_C_BPL/TERM_LASSO//lasso_traces_ludcmp.c.i.ludcmp.pl.t2.fixed.t2.c/lasso_trace_3.txt,TERMINATING,1.80,74.16,12.00,TERMINATING,56,40,96,Affine template / Affine template
CP26_BENCHMARK_FINAL/BENCHMARK_SIMPLE_C_BPL/TERM_LASSO//lasso_traces_ludcmp.c.i.ludcmp.pl.t2.fixed.t2.c/lasso_trace_5.txt,TERMINATING,0.50,103.85,33.00,TERMINATING,94,26,120,Affine template / Affine template
CP26_BENCHMARK_FINAL/BENCHMARK_SIMPLE_C_BPL/TERM_LASSO//lasso_traces_ludcmp.c.i.ludcmp.pl.t2.fixed.t2.c/lasso_trace_6.txt,TERMINATING,0.37,48.53,14.00,TERMINATING,95,40,135,Affine template / Affine template
CP26_BENCHMARK_FINAL/BENCHMARK_SIMPLE_C_BPL/TERM_LASSO//lasso_traces_ludcmp.c.i.ludcmp.pl.t2.fixed.t2.c/lasso_trace_8.txt,TERMINATING,0.32,51.03,12.00,TERMINATING,105,17,122,Affine template / Affine template
CP26_BENCHMARK_FINAL/BENCHMARK_SIMPLE_C_BPL/TERM_LASSO//lasso_traces_ludcmp.c.i.ludcmp.pl.t2.fixed.t2.c/lasso_trace_9.txt,TERMINATING,0.33,59.40,9.00,TERMINATING,109,17,126,Affine template / Affine template
CP26_BENCHMARK_FINAL/BENCHMARK_SIMPLE_C_BPL/TERM_LASSO//lasso_traces_ludcmp.c.i.ludcmp.pl.t2.nor.t2.rlgfixed.t2.c/lasso_trace_11.txt,TERMINATING,0.48,53.15,20.00,TERMINATING,156,91,247,Affine template / Affine template
CP26_BENCHMARK_FINAL/BENCHMARK_SIMPLE_C_BPL/TERM_LASSO//lasso_traces_ludcmp.c.i.ludcmp.pl.t2.nor.t2.rlgfixed.t2.c/lasso_trace_3.txt,TERMINATING,2.13,77.15,10.00,TERMINATING,56,40,96,Affine template / Affine template
CP26_BENCHMARK_FINAL/BENCHMARK_SIMPLE_C_BPL/TERM_LASSO//lasso_traces_ludcmp.c.i.ludcmp.pl.t2.nor.t2.rlgfixed.t2.c/lasso_trace_5.txt,TERMINATING,0.45,121.19,29.00,TERMINATING,94,26,120,Affine template / Affine template
CP26_BENCHMARK_FINAL/BENCHMARK_SIMPLE_C_BPL/TERM_LASSO//lasso_traces_ludcmp.c.i.ludcmp.pl.t2.nor.t2.rlgfixed.t2.c/lasso_trace_6.txt,TERMINATING,0.47,48.37,14.00,TERMINATING,95,40,135,Affine template / Affine template
CP26_BENCHMARK_FINAL/BENCHMARK_SIMPLE_C_BPL/TERM_LASSO//lasso_traces_ludcmp.c.i.ludcmp.pl.t2.nor.t2.rlgfixed.t2.c/lasso_trace_8.txt,TERMINATING,0.36,49.75,10.00,TERMINATING,105,17,122,Affine template / Affine template
CP26_BENCHMARK_FINAL/BENCHMARK_SIMPLE_C_BPL/TERM_LASSO//lasso_traces_ludcmp.c.i.ludcmp.pl.t2.nor.t2.rlgfixed.t2.c/lasso_trace_9.txt,TERMINATING,0.29,50.43,10.00,TERMINATING,109,17,126,Affine template / Affine template
CP26_BENCHMARK_FINAL/BENCHMARK_SIMPLE_C_BPL/TERM_LASSO//lasso_traces_ludcmp.t2.c/lasso_trace_3.txt,TERMINATING,1.76,60.35,10.00,TERMINATING,56,40,96,Affine template / Affine template
CP26_BENCHMARK_FINAL/BENCHMARK_SIMPLE_C_BPL/TERM_LASSO//lasso_traces_ludcmp.t2.c/lasso_trace_4.txt,TERMINATING,0.46,63.83,13.00,TERMINATING,65,55,120,Affine template / Affine template
CP26_BENCHMARK_FINAL/BENCHMARK_SIMPLE_C_BPL/TERM_LASSO//lasso_traces_ludcmp.t2.c/lasso_trace_5.txt,TERMINATING,0.38,47.39,11.00,TERMINATING,69,26,95,Affine template / Affine template
CP26_BENCHMARK_FINAL/BENCHMARK_SIMPLE_C_BPL/TERM_LASSO//lasso_traces_ludcmp.t2.c/lasso_trace_7.txt,TERMINATING,0.36,44.49,13.00,TERMINATING,105,17,122,Affine template / Affine template
CP26_BENCHMARK_FINAL/BENCHMARK_SIMPLE_C_BPL/TERM_LASSO//lasso_traces_ludcmp.t2.c/lasso_trace_8.txt,TERMINATING,0.36,46.93,9.00,TERMINATING,109,17,126,Affine template / Affine template
CP26_BENCHMARK_FINAL/BENCHMARK_SIMPLE_C_BPL/TERM_LASSO//lasso_traces_Luxembourg.c/lasso_trace_1.txt,TERMINATING,1.90,52.64,8.00,TERMINATING,5,2,7,Affine template / Affine template
CP26_BENCHMARK_FINAL/BENCHMARK_SIMPLE_C_BPL/TERM_LASSO//lasso_traces_magic.t2.c/lasso_trace_1.txt,TERMINATING,1.52,74.11,11.00,TERMINATING,112,13,125,Affine template / Affine template
CP26_BENCHMARK_FINAL/BENCHMARK_SIMPLE_C_BPL/TERM_LASSO//lasso_traces_magic.t2.c/lasso_trace_17.txt,TERMINATING,0.37,74.52,15.00,TERMINATING,806,17,823,Affine template / Affine template
CP26_BENCHMARK_FINAL/BENCHMARK_SIMPLE_C_BPL/TERM_LASSO//lasso_traces_magic.t2.c/lasso_trace_18.txt,TERMINATING,0.40,79.74,18.00,TERMINATING,906,17,923,Affine template / Affine template
CP26_BENCHMARK_FINAL/BENCHMARK_SIMPLE_C_BPL/TERM_LASSO//lasso_traces_magic.t2.c/lasso_trace_4.txt,TERMINATING,0.51,61.64,11.00,TERMINATING,139,17,156,Affine template / Affine template
CP26_BENCHMARK_FINAL/BENCHMARK_SIMPLE_C_BPL/TERM_LASSO//lasso_traces_mannadiv.c/lasso_trace_1.txt,TERMINATING,2.11,1030.41,96.00,TERMINATING,12,6,18,Affine template / Affine template
CP26_BENCHMARK_FINAL/BENCHMARK_SIMPLE_C_BPL/TERM_LASSO//lasso_traces_Masse-VMCAI2014-Ex6_true-termination.c/lasso_trace_1.txt,TERMINATING,2.43,144.70,16.00,TERMINATING,5,1,6,Affine template / Affine template
CP26_BENCHMARK_FINAL/BENCHMARK_SIMPLE_C_BPL/TERM_LASSO//lasso_traces_Masse-VMCAI2014-Fig1a_true-termination.c/lasso_trace_1.txt,TERMINATING,2.23,194.58,18.00,TERMINATING,5,1,6,Affine template / Affine template
CP26_BENCHMARK_FINAL/BENCHMARK_SIMPLE_C_BPL/TERM_LASSO//lasso_traces_matmul.t2.c/lasso_trace_10.txt,TERMINATING,0.21,34.95,5.00,TERMINATING,124,13,137,Affine template / Affine template
CP26_BENCHMARK_FINAL/BENCHMARK_SIMPLE_C_BPL/TERM_LASSO//lasso_traces_matmul.t2.c/lasso_trace_19.txt,TERMINATING,0.24,38.78,7.00,TERMINATING,468,457,925,Affine template / Affine template
CP26_BENCHMARK_FINAL/BENCHMARK_SIMPLE_C_BPL/TERM_LASSO//lasso_traces_matmul.t2.c/lasso_trace_20.txt,TERMINATING,0.23,38.12,8.00,TERMINATING,481,87,568,Affine template / Affine template
CP26_BENCHMARK_FINAL/BENCHMARK_SIMPLE_C_BPL/TERM_LASSO//lasso_traces_matmul.t2.c/lasso_trace_21.txt,TERMINATING,0.24,38.70,7.00,TERMINATING,494,13,507,Affine template / Affine template
CP26_BENCHMARK_FINAL/BENCHMARK_SIMPLE_C_BPL/TERM_LASSO//lasso_traces_matmul.t2.c/lasso_trace_22.txt,TERMINATING,0.27,41.40,8.00,TERMINATING,581,13,594,Affine template / Affine template
CP26_BENCHMARK_FINAL/BENCHMARK_SIMPLE_C_BPL/TERM_LASSO//lasso_traces_matmul.t2.c/lasso_trace_23.txt,TERMINATING,0.28,39.14,7.00,TERMINATING,938,87,1025,Affine template / Affine template
CP26_BENCHMARK_FINAL/BENCHMARK_SIMPLE_C_BPL/TERM_LASSO//lasso_traces_matmul.t2.c/lasso_trace_6.txt,TERMINATING,1.45,52.88,7.00,TERMINATING,24,87,111,Affine template / Affine template
CP26_BENCHMARK_FINAL/BENCHMARK_SIMPLE_C_BPL/TERM_LASSO//lasso_traces_matmul.t2.c/lasso_trace_8.txt,TERMINATING,0.32,45.63,6.00,TERMINATING,37,13,50,Affine template / Affine template
CP26_BENCHMARK_FINAL/BENCHMARK_SIMPLE_C_BPL/TERM_LASSO//lasso_traces_matmult.t2.c/lasso_trace_21.txt,TERMINATING,1.59,48.55,6.00,TERMINATING,52,362,414,Affine template / Affine template
CP26_BENCHMARK_FINAL/BENCHMARK_SIMPLE_C_BPL/TERM_LASSO//lasso_traces_matmult.t2.c/lasso_trace_26.txt,TERMINATING,0.31,41.16,7.00,TERMINATING,65,17,82,Affine template / Affine template
CP26_BENCHMARK_FINAL/BENCHMARK_SIMPLE_C_BPL/TERM_LASSO//lasso_traces_matmult.t2.c/lasso_trace_45.txt,TERMINATING,0.27,37.39,6.00,TERMINATING,427,17,444,Affine template / Affine template
CP26_BENCHMARK_FINAL/BENCHMARK_SIMPLE_C_BPL/TERM_LASSO//lasso_traces_matrix_chain.c/lasso_trace_1.txt,TERMINATING,2.08,76.71,9.00,TERMINATING,1,2,3,Affine template / Affine template
CP26_BENCHMARK_FINAL/BENCHMARK_SIMPLE_C_BPL/TERM_LASSO//lasso_traces_matrixsqrt.t2.c/lasso_trace_3.txt,TERMINATING,0.36,96.22,22.00,TERMINATING,51,48,99,Affine template / Affine template
CP26_BENCHMARK_FINAL/BENCHMARK_SIMPLE_C_BPL/TERM_LASSO//lasso_traces_mc91.c/lasso_trace_1.txt,TERMINATING,1.67,26.59,5.00,TERMINATING,0,3,3,Affine template / Affine template
CP26_BENCHMARK_FINAL/BENCHMARK_SIMPLE_C_BPL/TERM_LASSO//lasso_traces_mc91.c/lasso_trace_2.txt,TERMINATING,0.44,39.97,6.00,TERMINATING,2,3,5,Affine template / Affine template
CP26_BENCHMARK_FINAL/BENCHMARK_SIMPLE_C_BPL/TERM_LASSO//lasso_traces_mc91.c/lasso_trace_3.txt,TERMINATING,0.40,42.26,9.00,TERMINATING,9,9,18,Affine template / Affine template
CP26_BENCHMARK_FINAL/BENCHMARK_SIMPLE_C_BPL/TERM_LASSO//lasso_traces_mc91.c/lasso_trace_5.txt,TERMINATING,0.30,39.66,7.00,TERMINATING,47,9,56,Affine template / Affine template
CP26_BENCHMARK_FINAL/BENCHMARK_SIMPLE_C_BPL/TERM_LASSO//lasso_traces_mc91.t2.c/lasso_trace_1.txt,TERMINATING,2.33,56.95,9.00,TERMINATING,24,10,34,Affine template / Affine template
CP26_BENCHMARK_FINAL/BENCHMARK_SIMPLE_C_BPL/TERM_LASSO//lasso_traces_mc91.t2.c/lasso_trace_2.txt,TERMINATING,0.47,83.93,24.00,TERMINATING,31,14,45,Affine template / Affine template
CP26_BENCHMARK_FINAL/BENCHMARK_SIMPLE_C_BPL/TERM_LASSO//lasso_traces_mc91.t2.c/lasso_trace_4.txt,TERMINATING,0.24,38.11,10.00,TERMINATING,52,10,62,Affine template / Affine template
CP26_BENCHMARK_FINAL/BENCHMARK_SIMPLE_C_BPL/TERM_LASSO//lasso_traces_mc91.t2.c/lasso_trace_5.txt,TERMINATING,0.29,34.16,8.00,TERMINATING,52,24,76,Affine template / Affine template
CP26_BENCHMARK_FINAL/BENCHMARK_SIMPLE_C_BPL/TERM_LASSO//lasso_traces_mc91.t2.c/lasso_trace_6.txt,TERMINATING,0.37,49.32,8.00,TERMINATING,62,24,86,Affine template / Affine template
CP26_BENCHMARK_FINAL/BENCHMARK_SIMPLE_C_BPL/TERM_LASSO//lasso_traces_mc91.t2.c/lasso_trace_8.txt,TERMINATING,0.30,67.62,25.00,TERMINATING,79,14,93,Affine template / Affine template
CP26_BENCHMARK_FINAL/BENCHMARK_SIMPLE_C_BPL/TERM_LASSO//lasso_traces_mc91test.t2.c/lasso_trace_1.txt,TERMINATING,2.08,70.60,15.00,TERMINATING,36,15,51,Affine template / Affine template
CP26_BENCHMARK_FINAL/BENCHMARK_SIMPLE_C_BPL/TERM_LASSO//lasso_traces_mc91test.t2.c/lasso_trace_10.txt,TERMINATING,0.29,39.96,11.00,TERMINATING,116,122,238,Affine template / Affine template
CP26_BENCHMARK_FINAL/BENCHMARK_SIMPLE_C_BPL/TERM_LASSO//lasso_traces_mc91test.t2.c/lasso_trace_2.txt,TERMINATING,0.49,53.89,15.00,TERMINATING,48,19,67,Affine template / Affine template
CP26_BENCHMARK_FINAL/BENCHMARK_SIMPLE_C_BPL/TERM_LASSO//lasso_traces_mc91test.t2.c/lasso_trace_5.txt,TERMINATING,0.42,106.59,29.00,TERMINATING,70,26,96,Affine template / Affine template
CP26_BENCHMARK_FINAL/BENCHMARK_SIMPLE_C_BPL/TERM_LASSO//lasso_traces_mc91test.t2.c/lasso_trace_7.txt,TERMINATING,0.35,40.70,9.00,TERMINATING,93,48,141,Affine template / Affine template
CP26_BENCHMARK_FINAL/BENCHMARK_SIMPLE_C_BPL/TERM_LASSO//lasso_traces_mc91test.t2.c/lasso_trace_9.txt,TERMINATING,0.28,45.97,9.00,TERMINATING,116,74,190,Affine template / Affine template
CP26_BENCHMARK_FINAL/BENCHMARK_SIMPLE_C_BPL/TERM_LASSO//lasso_traces_McCarthy91.c/lasso_trace_1.txt,TERMINATING,2.00,67.31,7.00,TERMINATING,6,3,9,Affine template / Affine template
CP26_BENCHMARK_FINAL/BENCHMARK_SIMPLE_C_BPL/TERM_LASSO//lasso_traces_McCarthy91.c/lasso_trace_2.txt,TERMINATING,0.49,41.19,9.00,TERMINATING,13,9,22,Affine template / Affine template
CP26_BENCHMARK_FINAL/BENCHMARK_SIMPLE_C_BPL/TERM_LASSO//lasso_traces_McCarthy91.c/lasso_trace_6.txt,TERMINATING,0.29,31.95,6.00,TERMINATING,48,9,57,Affine template / Affine template
CP26_BENCHMARK_FINAL/BENCHMARK_SIMPLE_C_BPL/TERM_LASSO//lasso_traces_McCarthy91_false-unreach-call_false-termination.c/lasso_trace_1.txt,TERMINATING,1.92,50.13,7.00,TERMINATING,6,3,9,Affine template / Affine template
CP26_BENCHMARK_FINAL/BENCHMARK_SIMPLE_C_BPL/TERM_LASSO//lasso_traces_McCarthy91_false-unreach-call_false-termination.c/lasso_trace_2.txt,TERMINATING,0.45,44.62,9.00,TERMINATING,13,9,22,Affine template / Affine template
CP26_BENCHMARK_FINAL/BENCHMARK_SIMPLE_C_BPL/TERM_LASSO//lasso_traces_McCarthy91_false-unreach-call_false-termination.c/lasso_trace_9.txt,TERMINATING,0.32,31.94,7.00,TERMINATING,36,9,45,Affine template / Affine template
CP26_BENCHMARK_FINAL/BENCHMARK_SIMPLE_C_BPL/TERM_LASSO//lasso_traces_McCarthy91_Iteration_true-termination.c/lasso_trace_1.txt,TERMINATING,2.04,127.52,15.00,TERMINATING,5,1,6,Affine template / Affine template
CP26_BENCHMARK_FINAL/BENCHMARK_SIMPLE_C_BPL/TERM_LASSO//lasso_traces_McCarthy91_Recursion_true-termination.c/lasso_trace_1.txt,TERMINATING,2.44,53.54,7.00,TERMINATING,6,3,9,Affine template / Affine template
CP26_BENCHMARK_FINAL/BENCHMARK_SIMPLE_C_BPL/TERM_LASSO//lasso_traces_McCarthy91_Recursion_true-termination.c/lasso_trace_2.txt,TERMINATING,0.50,43.34,7.00,TERMINATING,13,9,22,Affine template / Affine template
CP26_BENCHMARK_FINAL/BENCHMARK_SIMPLE_C_BPL/TERM_LASSO//lasso_traces_McCarthy91_Recursion_true-termination.c/lasso_trace_8.txt,TERMINATING,0.29,30.49,6.00,TERMINATING,36,9,45,Affine template / Affine template
CP26_BENCHMARK_FINAL/BENCHMARK_SIMPLE_C_BPL/TERM_LASSO//lasso_traces_McCarthyIterative.c/lasso_trace_1.txt,TERMINATING,1.90,118.78,14.00,TERMINATING,5,1,6,Affine template / Affine template
CP26_BENCHMARK_FINAL/BENCHMARK_SIMPLE_C_BPL/TERM_LASSO//lasso_traces_MenloPark_true-termination.c/lasso_trace_1.txt,TERMINATING,1.96,85.14,12.00,TERMINATING,5,1,6,Affine template / Affine template
CP26_BENCHMARK_FINAL/BENCHMARK_SIMPLE_C_BPL/TERM_LASSO//lasso_traces_mergesort-recursive.c/lasso_trace_3.txt,TERMINATING,2.18,3031.11,133.00,TERMINATING,0,11,11,Affine template / Affine template
CP26_BENCHMARK_FINAL/BENCHMARK_SIMPLE_C_BPL/TERM_LASSO//lasso_traces_MinusBuiltIn.c/lasso_trace_1.txt,TERMINATING,3.62,60.01,10.00,TERMINATING,5,1,6,Affine template / Affine template
CP26_BENCHMARK_FINAL/BENCHMARK_SIMPLE_C_BPL/TERM_LASSO//lasso_traces_MinusMin.c/lasso_trace_1.txt,TERMINATING,1.95,119.62,28.00,TERMINATING,5,1,6,Affine template / Affine template
CP26_BENCHMARK_FINAL/BENCHMARK_SIMPLE_C_BPL/TERM_LASSO//lasso_traces_MinusUserDefined.c/lasso_trace_1.txt,TERMINATING,2.05,75.60,11.00,TERMINATING,5,1,6,Affine template / Affine template
CP26_BENCHMARK_FINAL/BENCHMARK_SIMPLE_C_BPL/TERM_LASSO//lasso_traces_MinusUserDefined.c/lasso_trace_2.txt,TERMINATING,0.52,54.65,9.00,TERMINATING,6,2,8,Affine template / Affine template
CP26_BENCHMARK_FINAL/BENCHMARK_SIMPLE_C_BPL/TERM_LASSO//lasso_traces_mult_array-alloca_true-termination.c/lasso_trace_1.txt,TERMINATING,2.14,127.83,22.00,TERMINATING,6,2,8,Affine template / Affine template
CP26_BENCHMARK_FINAL/BENCHMARK_SIMPLE_C_BPL/TERM_LASSO//lasso_traces_mult_array-alloca_true-termination.c/lasso_trace_3.txt,TERMINATING,0.99,914.30,153.00,TERMINATING,9,4,13,Affine template / Affine template
CP26_BENCHMARK_FINAL/BENCHMARK_SIMPLE_C_BPL/TERM_LASSO//lasso_traces_MultCommutative_true-termination.c/lasso_trace_4.txt,TERMINATING,0.76,37.69,6.00,TERMINATING,15,4,19,Affine template / Affine template
CP26_BENCHMARK_FINAL/BENCHMARK_SIMPLE_C_BPL/TERM_LASSO//lasso_traces_MultCommutative_true-termination.c/lasso_trace_5.txt,TERMINATING,0.37,34.88,6.00,TERMINATING,8,4,12,Affine template / Affine template
CP26_BENCHMARK_FINAL/BENCHMARK_SIMPLE_C_BPL/TERM_LASSO//lasso_traces_multiply.c/lasso_trace_1.txt,TERMINATING,2.20,66.45,9.00,TERMINATING,1,2,3,Affine template / Affine template
CP26_BENCHMARK_FINAL/BENCHMARK_SIMPLE_C_BPL/TERM_LASSO//lasso_traces_mutual1.c/lasso_trace_1.txt,TERMINATING,1.79,29.00,4.00,TERMINATING,0,5,5,Affine template / Affine template
CP26_BENCHMARK_FINAL/BENCHMARK_SIMPLE_C_BPL/TERM_LASSO//lasso_traces_mutual1.c/lasso_trace_2.txt,TERMINATING,0.30,20.18,4.00,TERMINATING,0,5,5,Affine template / Affine template
CP26_BENCHMARK_FINAL/BENCHMARK_SIMPLE_C_BPL/TERM_LASSO//lasso_traces_mutual2.c/lasso_trace_1.txt,TERMINATING,1.59,24.45,5.00,TERMINATING,0,9,9,Affine template / Affine template
CP26_BENCHMARK_FINAL/BENCHMARK_SIMPLE_C_BPL/TERM_LASSO//lasso_traces_mutual2.c/lasso_trace_2.txt,TERMINATING,0.30,17.91,5.00,TERMINATING,0,9,9,Affine template / Affine template
CP26_BENCHMARK_FINAL/BENCHMARK_SIMPLE_C_BPL/TERM_LASSO//lasso_traces_mutual2.c/lasso_trace_3.txt,TERMINATING,0.25,24.69,5.00,TERMINATING,0,9,9,Affine template / Affine template
CP26_BENCHMARK_FINAL/BENCHMARK_SIMPLE_C_BPL/TERM_LASSO//lasso_traces_mutual2.c/lasso_trace_4.txt,TERMINATING,0.24,16.08,5.00,TERMINATING,0,9,9,Affine template / Affine template
CP26_BENCHMARK_FINAL/BENCHMARK_SIMPLE_C_BPL/TERM_LASSO//lasso_traces_MutualRecursion_1a_false-termination.c/lasso_trace_1.txt,TERMINATING,1.96,55.20,6.00,TERMINATING,6,6,12,Affine template / Affine template
CP26_BENCHMARK_FINAL/BENCHMARK_SIMPLE_C_BPL/TERM_LASSO//lasso_traces_MutualRecursion_1b_true-termination.c/lasso_trace_1.txt,TERMINATING,1.91,63.08,9.00,TERMINATING,6,6,12,Affine template / Affine template
CP26_BENCHMARK_FINAL/BENCHMARK_SIMPLE_C_BPL/TERM_LASSO//lasso_traces_MutualRecursion_1b_true-termination.c/lasso_trace_3.txt,TERMINATING,0.47,42.06,9.00,TERMINATING,28,24,52,Affine template / Affine template
CP26_BENCHMARK_FINAL/BENCHMARK_SIMPLE_C_BPL/TERM_LASSO//lasso_traces_Mysore_true-termination.c/lasso_trace_1.txt,TERMINATING,2.03,73.86,11.00,TERMINATING,6,1,7,Affine template / Affine template
CP26_BENCHMARK_FINAL/BENCHMARK_SIMPLE_C_BPL/TERM_LASSO//lasso_traces_n-15a.t2.c/lasso_trace_1.txt,TERMINATING,1.82,49.31,5.00,TERMINATING,20,18,38,Affine template / Affine template
CP26_BENCHMARK_FINAL/BENCHMARK_SIMPLE_C_BPL/TERM_LASSO//lasso_traces_n-17.t2.c/lasso_trace_1.txt,TERMINATING,1.86,46.96,5.00,TERMINATING,16,9,25,Affine template / Affine template
CP26_BENCHMARK_FINAL/BENCHMARK_SIMPLE_C_BPL/TERM_LASSO//lasso_traces_n-40.t2.c/lasso_trace_2.txt,TERMINATING,1.97,62.65,8.00,TERMINATING,24,27,51,Affine template / Affine template
CP26_BENCHMARK_FINAL/BENCHMARK_SIMPLE_C_BPL/TERM_LASSO//lasso_traces_n-40.t2.c/lasso_trace_3.txt,TERMINATING,0.53,42.68,10.00,TERMINATING,28,28,56,Affine template / Affine template
CP26_BENCHMARK_FINAL/BENCHMARK_SIMPLE_C_BPL/TERM_LASSO//lasso_traces_n-40.t2.c/lasso_trace_4.txt,TERMINATING,0.31,37.47,8.00,TERMINATING,36,31,67,Affine template / Affine template
CP26_BENCHMARK_FINAL/BENCHMARK_SIMPLE_C_BPL/TERM_LASSO//lasso_traces_n-4.t2.c/lasso_trace_1.txt,TERMINATING,3.29,56.75,9.00,TERMINATING,32,18,50,Affine template / Affine template
CP26_BENCHMARK_FINAL/BENCHMARK_SIMPLE_C_BPL/TERM_LASSO//lasso_traces_n-5.t2.c/lasso_trace_1.txt,TERMINATING,1.75,77.04,11.00,TERMINATING,68,18,86,Affine template / Affine template
CP26_BENCHMARK_FINAL/BENCHMARK_SIMPLE_C_BPL/TERM_LASSO//lasso_traces_n-6a.t2.c/lasso_trace_1.txt,TERMINATING,1.79,65.71,8.00,TERMINATING,28,19,47,Affine template / Affine template
CP26_BENCHMARK_FINAL/BENCHMARK_SIMPLE_C_BPL/TERM_LASSO//lasso_traces_nakata.t2.c/lasso_trace_1.txt,TERMINATING,1.81,72.59,9.00,TERMINATING,74,29,103,Affine template / Affine template
CP26_BENCHMARK_FINAL/BENCHMARK_SIMPLE_C_BPL/TERM_LASSO//lasso_traces_nakata.t2.c/lasso_trace_15.txt,TERMINATING,0.33,55.73,13.00,TERMINATING,375,29,404,Affine template / Affine template
CP26_BENCHMARK_FINAL/BENCHMARK_SIMPLE_C_BPL/TERM_LASSO//lasso_traces_nakata.t2.c/lasso_trace_16.txt,TERMINATING,0.41,157.01,43.00,TERMINATING,385,43,428,Affine template / Affine template
CP26_BENCHMARK_FINAL/BENCHMARK_SIMPLE_C_BPL/TERM_LASSO//lasso_traces_nakata.t2.c/lasso_trace_18.txt,TERMINATING,0.49,142.25,52.00,TERMINATING,526,119,645,Affine template / Affine template
CP26_BENCHMARK_FINAL/BENCHMARK_SIMPLE_C_BPL/TERM_LASSO//lasso_traces_nakata.t2.c/lasso_trace_20.txt,TERMINATING,0.55,283.76,79.00,TERMINATING,460,479,939,Affine template / Affine template
CP26_BENCHMARK_FINAL/BENCHMARK_SIMPLE_C_BPL/TERM_LASSO//lasso_traces_nakata.t2.c/lasso_trace_21.txt,TERMINATING,0.41,199.81,82.00,TERMINATING,460,528,988,Affine template / Affine template
CP26_BENCHMARK_FINAL/BENCHMARK_SIMPLE_C_BPL/TERM_LASSO//lasso_traces_nakata.t2.c/lasso_trace_22.txt,TERMINATING,0.51,152.17,62.00,TERMINATING,499,453,952,Affine template / Affine template
CP26_BENCHMARK_FINAL/BENCHMARK_SIMPLE_C_BPL/TERM_LASSO//lasso_traces_nakata.t2.c/lasso_trace_3.txt,TERMINATING,0.38,63.73,14.00,TERMINATING,106,43,149,Affine template / Affine template
CP26_BENCHMARK_FINAL/BENCHMARK_SIMPLE_C_BPL/TERM_LASSO//lasso_traces_nakata.t2.c/lasso_trace_5.txt,TERMINATING,0.40,127.69,44.00,TERMINATING,115,57,172,Affine template / Affine template
CP26_BENCHMARK_FINAL/BENCHMARK_SIMPLE_C_BPL/TERM_LASSO//lasso_traces_nakata.t2.c/lasso_trace_9.txt,TERMINATING,0.38,159.74,56.00,TERMINATING,228,119,347,Affine template / Affine template
CP26_BENCHMARK_FINAL/BENCHMARK_SIMPLE_C_BPL/TERM_LASSO//lasso_traces_nakata_withassume.t2.c/lasso_trace_1.txt,TERMINATING,1.62,65.37,13.00,TERMINATING,74,34,108,Affine template / Affine template
CP26_BENCHMARK_FINAL/BENCHMARK_SIMPLE_C_BPL/TERM_LASSO//lasso_traces_nakata_withassume.t2.c/lasso_trace_13.txt,TERMINATING,0.37,67.93,26.00,TERMINATING,317,124,441,Affine template / Affine template
CP26_BENCHMARK_FINAL/BENCHMARK_SIMPLE_C_BPL/TERM_LASSO//lasso_traces_nakata_withassume.t2.c/lasso_trace_14.txt,TERMINATING,0.62,137.99,43.00,TERMINATING,372,34,406,Affine template / Affine template
CP26_BENCHMARK_FINAL/BENCHMARK_SIMPLE_C_BPL/TERM_LASSO//lasso_traces_nakata_withassume.t2.c/lasso_trace_15.txt,TERMINATING,0.55,164.40,42.00,TERMINATING,400,48,448,Affine template / Affine template
CP26_BENCHMARK_FINAL/BENCHMARK_SIMPLE_C_BPL/TERM_LASSO//lasso_traces_nakata_withassume.t2.c/lasso_trace_16.txt,TERMINATING,0.48,166.29,72.00,TERMINATING,481,124,605,Affine template / Affine template
CP26_BENCHMARK_FINAL/BENCHMARK_SIMPLE_C_BPL/TERM_LASSO//lasso_traces_nakata_withassume.t2.c/lasso_trace_2.txt,TERMINATING,0.42,133.38,34.00,TERMINATING,77,48,125,Affine template / Affine template
CP26_BENCHMARK_FINAL/BENCHMARK_SIMPLE_C_BPL/TERM_LASSO//lasso_traces_ndes.t2.c/lasso_trace_1.txt,TERMINATING,1.73,146.63,20.00,TERMINATING,470,55,525,Affine template / Affine template
CP26_BENCHMARK_FINAL/BENCHMARK_SIMPLE_C_BPL/TERM_LASSO//lasso_traces_ndes.t2.c/lasso_trace_2.txt,TERMINATING,0.76,94.62,13.00,TERMINATING,469,17,486,Affine template / Affine template
CP26_BENCHMARK_FINAL/BENCHMARK_SIMPLE_C_BPL/TERM_LASSO//lasso_traces_ndes.t2.c/lasso_trace_9.txt,TERMINATING,0.58,112.09,19.00,TERMINATING,482,55,537,Affine template / Affine template
CP26_BENCHMARK_FINAL/BENCHMARK_SIMPLE_C_BPL/TERM_LASSO//lasso_traces_neg-1394complete-fail.t2.c/lasso_trace_1.txt,TERMINATING,1.67,100.56,11.00,TERMINATING,301,18,319,Affine template / Affine template
CP26_BENCHMARK_FINAL/BENCHMARK_SIMPLE_C_BPL/TERM_LASSO//lasso_traces_neg-1394complete-fail.t2.c/lasso_trace_2.txt,TERMINATING,0.53,89.08,14.00,TERMINATING,318,53,371,Affine template / Affine template
CP26_BENCHMARK_FINAL/BENCHMARK_SIMPLE_C_BPL/TERM_LASSO//lasso_traces_neg-1394complete-fail.t2.c/lasso_trace_3.txt,TERMINATING,0.41,84.52,12.00,TERMINATING,335,25,360,Affine template / Affine template
CP26_BENCHMARK_FINAL/BENCHMARK_SIMPLE_C_BPL/TERM_LASSO//lasso_traces_neg-1394complete-fail.t2.c/lasso_trace_4.txt,TERMINATING,0.39,70.54,11.00,TERMINATING,348,22,370,Affine template / Affine template
CP26_BENCHMARK_FINAL/BENCHMARK_SIMPLE_C_BPL/TERM_LASSO//lasso_traces_neg-1394complete-fail.t2.c/lasso_trace_5.txt,TERMINATING,0.36,76.72,11.00,TERMINATING,361,13,374,Affine template / Affine template
CP26_BENCHMARK_FINAL/BENCHMARK_SIMPLE_C_BPL/TERM_LASSO//lasso_traces_neg-1394complete-succeed.t2.c/lasso_trace_1.txt,TERMINATING,1.68,85.46,11.00,TERMINATING,301,18,319,Affine template / Affine template
CP26_BENCHMARK_FINAL/BENCHMARK_SIMPLE_C_BPL/TERM_LASSO//lasso_traces_neg-1394complete-succeed.t2.c/lasso_trace_2.txt,TERMINATING,0.69,84.05,14.00,TERMINATING,318,53,371,Affine template / Affine template
CP26_BENCHMARK_FINAL/BENCHMARK_SIMPLE_C_BPL/TERM_LASSO//lasso_traces_neg-1394complete-succeed.t2.c/lasso_trace_3.txt,TERMINATING,0.47,80.34,12.00,TERMINATING,335,25,360,Affine template / Affine template
CP26_BENCHMARK_FINAL/BENCHMARK_SIMPLE_C_BPL/TERM_LASSO//lasso_traces_neg-e-1394complete-fail.t2.c/lasso_trace_1.txt,TERMINATING,1.75,84.19,12.00,TERMINATING,277,18,295,Affine template / Affine template
CP26_BENCHMARK_FINAL/BENCHMARK_SIMPLE_C_BPL/TERM_LASSO//lasso_traces_neg-e-1394complete-fail.t2.c/lasso_trace_2.txt,TERMINATING,0.47,81.79,14.00,TERMINATING,294,53,347,Affine template / Affine template
CP26_BENCHMARK_FINAL/BENCHMARK_SIMPLE_C_BPL/TERM_LASSO//lasso_traces_neg-e-1394complete-fail.t2.c/lasso_trace_3.txt,TERMINATING,0.42,70.58,12.00,TERMINATING,311,25,336,Affine template / Affine template
CP26_BENCHMARK_FINAL/BENCHMARK_SIMPLE_C_BPL/TERM_LASSO//lasso_traces_neg-e-1394complete-succeed.t2.c/lasso_trace_1.txt,TERMINATING,1.65,89.12,11.00,TERMINATING,277,18,295,Affine template / Affine template
CP26_BENCHMARK_FINAL/BENCHMARK_SIMPLE_C_BPL/TERM_LASSO//lasso_traces_neg-e-1394complete-succeed.t2.c/lasso_trace_2.txt,TERMINATING,0.47,78.95,15.00,TERMINATING,294,53,347,Affine template / Affine template
CP26_BENCHMARK_FINAL/BENCHMARK_SIMPLE_C_BPL/TERM_LASSO//lasso_traces_neg-e-1394complete-succeed.t2.c/lasso_trace_3.txt,TERMINATING,0.41,72.29,12.00,TERMINATING,311,25,336,Affine template / Affine template
CP26_BENCHMARK_FINAL/BENCHMARK_SIMPLE_C_BPL/TERM_LASSO//lasso_traces_neg-e-popl07-succeed.t2.c/lasso_trace_1.txt,TERMINATING,1.88,73.54,15.00,TERMINATING,121,28,149,Affine template / Affine template
CP26_BENCHMARK_FINAL/BENCHMARK_SIMPLE_C_BPL/TERM_LASSO//lasso_traces_neg-popl07-fail.t2.c/lasso_trace_1.txt,TERMINATING,2.03,79.76,13.00,TERMINATING,112,28,140,Affine template / Affine template
CP26_BENCHMARK_FINAL/BENCHMARK_SIMPLE_C_BPL/TERM_LASSO//lasso_traces_neg-popl07-succeed.t2.c/lasso_trace_1.txt,TERMINATING,2.14,74.15,13.00,TERMINATING,116,28,144,Affine template / Affine template
CP26_BENCHMARK_FINAL/BENCHMARK_SIMPLE_C_BPL/TERM_LASSO//lasso_traces_neg-smagilla-fail.t2.c/lasso_trace_1.txt,TERMINATING,1.93,59.13,7.00,TERMINATING,37,19,56,Affine template / Affine template
CP26_BENCHMARK_FINAL/BENCHMARK_SIMPLE_C_BPL/TERM_LASSO//lasso_traces_neg-smagilla-succeed.t2.c/lasso_trace_1.txt,TERMINATING,2.03,59.17,12.00,TERMINATING,41,19,60,Affine template / Affine template
CP26_BENCHMARK_FINAL/BENCHMARK_SIMPLE_C_BPL/TERM_LASSO//lasso_traces_Nested.c/lasso_trace_2.txt,TERMINATING,0.31,46.37,8.00,TERMINATING,6,1,7,Affine template / Affine template
CP26_BENCHMARK_FINAL/BENCHMARK_SIMPLE_C_BPL/TERM_LASSO//lasso_traces_NestedRecursion_1b_true-termination.c/lasso_trace_1.txt,TERMINATING,1.65,52.19,5.00,TERMINATING,6,9,15,Affine template / Affine template
CP26_BENCHMARK_FINAL/BENCHMARK_SIMPLE_C_BPL/TERM_LASSO//lasso_traces_NestedRecursion_1b_true-termination.c/lasso_trace_2.txt,TERMINATING,0.76,46.26,7.00,TERMINATING,12,3,15,Affine template / Affine template
CP26_BENCHMARK_FINAL/BENCHMARK_SIMPLE_C_BPL/TERM_LASSO//lasso_traces_NestedRecursion_1b_true-termination.c/lasso_trace_7.txt,TERMINATING,0.26,38.23,7.00,TERMINATING,14,3,17,Affine template / Affine template
CP26_BENCHMARK_FINAL/BENCHMARK_SIMPLE_C_BPL/TERM_LASSO//lasso_traces_NestedRecursion_1c_true-termination.c/lasso_trace_1.txt,TERMINATING,2.10,45.78,5.00,TERMINATING,6,3,9,Affine template / Affine template
CP26_BENCHMARK_FINAL/BENCHMARK_SIMPLE_C_BPL/TERM_LASSO//lasso_traces_NestedRecursion_1d_true-termination.c/lasso_trace_2.txt,TERMINATING,1.55,46.43,6.00,TERMINATING,6,27,33,Affine template / Affine template
CP26_BENCHMARK_FINAL/BENCHMARK_SIMPLE_C_BPL/TERM_LASSO//lasso_traces_NestedRecursion_1d_true-termination.c/lasso_trace_3.txt,TERMINATING,0.67,35.67,6.00,TERMINATING,12,3,15,Affine template / Affine template
CP26_BENCHMARK_FINAL/BENCHMARK_SIMPLE_C_BPL/TERM_LASSO//lasso_traces_NestedRecursion_2b_false-termination.c/lasso_trace_1.txt,TERMINATING,1.78,93.48,9.00,TERMINATING,7,3,10,Affine template / Affine template
CP26_BENCHMARK_FINAL/BENCHMARK_SIMPLE_C_BPL/TERM_LASSO//lasso_traces_NestedRecursion_2c_true-termination.c/lasso_trace_1.txt,TERMINATING,1.82,87.54,9.00,TERMINATING,7,3,10,Affine template / Affine template
CP26_BENCHMARK_FINAL/BENCHMARK_SIMPLE_C_BPL/TERM_LASSO//lasso_traces_nested.t2.c/lasso_trace_2.txt,TERMINATING,2.16,51.74,8.00,TERMINATING,52,42,94,Affine template / Affine template
CP26_BENCHMARK_FINAL/BENCHMARK_SIMPLE_C_BPL/TERM_LASSO//lasso_traces_nested.t2.c/lasso_trace_3.txt,TERMINATING,0.41,65.53,16.00,TERMINATING,81,26,107,Affine template / Affine template
CP26_BENCHMARK_FINAL/BENCHMARK_SIMPLE_C_BPL/TERM_LASSO//lasso_traces_nested.t2.c/lasso_trace_4.txt,TERMINATING,0.34,48.58,15.00,TERMINATING,123,26,149,Affine template / Affine template
CP26_BENCHMARK_FINAL/BENCHMARK_SIMPLE_C_BPL/TERM_LASSO//lasso_traces_new_ex.t2.c/lasso_trace_10.txt,TERMINATING,0.41,38.72,7.00,TERMINATING,92,27,119,Affine template / Affine template
CP26_BENCHMARK_FINAL/BENCHMARK_SIMPLE_C_BPL/TERM_LASSO//lasso_traces_new_ex.t2.c/lasso_trace_100.txt,TERMINATING,0.28,51.46,8.00,TERMINATING,92,27,119,Affine template / Affine template
CP26_BENCHMARK_FINAL/BENCHMARK_SIMPLE_C_BPL/TERM_LASSO//lasso_traces_new_ex.t2.c/lasso_trace_101.txt,TERMINATING,0.26,39.45,7.00,TERMINATING,92,27,119,Affine template / Affine template
CP26_BENCHMARK_FINAL/BENCHMARK_SIMPLE_C_BPL/TERM_LASSO//lasso_traces_new_ex.t2.c/lasso_trace_102.txt,TERMINATING,0.30,37.77,8.00,TERMINATING,92,27,119,Affine template / Affine template
CP26_BENCHMARK_FINAL/BENCHMARK_SIMPLE_C_BPL/TERM_LASSO//lasso_traces_new_ex.t2.c/lasso_trace_103.txt,TERMINATING,0.30,44.26,7.00,TERMINATING,92,27,119,Affine template / Affine template
CP26_BENCHMARK_FINAL/BENCHMARK_SIMPLE_C_BPL/TERM_LASSO//lasso_traces_new_ex.t2.c/lasso_trace_104.txt,TERMINATING,0.37,40.12,7.00,TERMINATING,92,27,119,Affine template / Affine template
CP26_BENCHMARK_FINAL/BENCHMARK_SIMPLE_C_BPL/TERM_LASSO//lasso_traces_new_ex.t2.c/lasso_trace_105.txt,TERMINATING,0.32,43.03,9.00,TERMINATING,92,27,119,Affine template / Affine template
CP26_BENCHMARK_FINAL/BENCHMARK_SIMPLE_C_BPL/TERM_LASSO//lasso_traces_new_ex.t2.c/lasso_trace_106.txt,TERMINATING,0.38,50.56,7.00,TERMINATING,92,27,119,Affine template / Affine template
CP26_BENCHMARK_FINAL/BENCHMARK_SIMPLE_C_BPL/TERM_LASSO//lasso_traces_new_ex.t2.c/lasso_trace_107.txt,TERMINATING,0.34,39.26,7.00,TERMINATING,92,27,119,Affine template / Affine template
CP26_BENCHMARK_FINAL/BENCHMARK_SIMPLE_C_BPL/TERM_LASSO//lasso_traces_new_ex.t2.c/lasso_trace_108.txt,TERMINATING,0.33,46.03,6.00,TERMINATING,92,27,119,Affine template / Affine template
CP26_BENCHMARK_FINAL/BENCHMARK_SIMPLE_C_BPL/TERM_LASSO//lasso_traces_new_ex.t2.c/lasso_trace_109.txt,TERMINATING,0.26,45.30,7.00,TERMINATING,92,27,119,Affine template / Affine template
CP26_BENCHMARK_FINAL/BENCHMARK_SIMPLE_C_BPL/TERM_LASSO//lasso_traces_new_ex.t2.c/lasso_trace_11.txt,TERMINATING,0.35,40.88,7.00,TERMINATING,92,27,119,Affine template / Affine template
CP26_BENCHMARK_FINAL/BENCHMARK_SIMPLE_C_BPL/TERM_LASSO//lasso_traces_new_ex.t2.c/lasso_trace_110.txt,TERMINATING,0.30,54.76,8.00,TERMINATING,92,27,119,Affine template / Affine template
CP26_BENCHMARK_FINAL/BENCHMARK_SIMPLE_C_BPL/TERM_LASSO//lasso_traces_new_ex.t2.c/lasso_trace_111.txt,TERMINATING,0.33,37.92,9.00,TERMINATING,92,27,119,Affine template / Affine template
CP26_BENCHMARK_FINAL/BENCHMARK_SIMPLE_C_BPL/TERM_LASSO//lasso_traces_new_ex.t2.c/lasso_trace_112.txt,TERMINATING,0.42,39.68,8.00,TERMINATING,92,27,119,Affine template / Affine template
CP26_BENCHMARK_FINAL/BENCHMARK_SIMPLE_C_BPL/TERM_LASSO//lasso_traces_new_ex.t2.c/lasso_trace_113.txt,TERMINATING,0.32,38.71,8.00,TERMINATING,92,27,119,Affine template / Affine template
CP26_BENCHMARK_FINAL/BENCHMARK_SIMPLE_C_BPL/TERM_LASSO//lasso_traces_new_ex.t2.c/lasso_trace_114.txt,TERMINATING,0.29,40.59,8.00,TERMINATING,92,27,119,Affine template / Affine template
CP26_BENCHMARK_FINAL/BENCHMARK_SIMPLE_C_BPL/TERM_LASSO//lasso_traces_new_ex.t2.c/lasso_trace_115.txt,TERMINATING,0.33,39.27,7.00,TERMINATING,92,27,119,Affine template / Affine template
CP26_BENCHMARK_FINAL/BENCHMARK_SIMPLE_C_BPL/TERM_LASSO//lasso_traces_new_ex.t2.c/lasso_trace_116.txt,TERMINATING,0.32,37.04,8.00,TERMINATING,92,27,119,Affine template / Affine template
CP26_BENCHMARK_FINAL/BENCHMARK_SIMPLE_C_BPL/TERM_LASSO//lasso_traces_new_ex.t2.c/lasso_trace_117.txt,TERMINATING,0.33,42.30,7.00,TERMINATING,92,27,119,Affine template / Affine template
CP26_BENCHMARK_FINAL/BENCHMARK_SIMPLE_C_BPL/TERM_LASSO//lasso_traces_new_ex.t2.c/lasso_trace_118.txt,TERMINATING,0.26,47.34,7.00,TERMINATING,92,27,119,Affine template / Affine template
CP26_BENCHMARK_FINAL/BENCHMARK_SIMPLE_C_BPL/TERM_LASSO//lasso_traces_new_ex.t2.c/lasso_trace_119.txt,TERMINATING,0.32,41.88,7.00,TERMINATING,92,27,119,Affine template / Affine template
CP26_BENCHMARK_FINAL/BENCHMARK_SIMPLE_C_BPL/TERM_LASSO//lasso_traces_new_ex.t2.c/lasso_trace_12.txt,TERMINATING,0.29,37.27,7.00,TERMINATING,92,27,119,Affine template / Affine template
CP26_BENCHMARK_FINAL/BENCHMARK_SIMPLE_C_BPL/TERM_LASSO//lasso_traces_new_ex.t2.c/lasso_trace_120.txt,TERMINATING,0.31,37.44,7.00,TERMINATING,92,27,119,Affine template / Affine template
CP26_BENCHMARK_FINAL/BENCHMARK_SIMPLE_C_BPL/TERM_LASSO//lasso_traces_new_ex.t2.c/lasso_trace_121.txt,TERMINATING,0.29,38.04,7.00,TERMINATING,92,27,119,Affine template / Affine template
CP26_BENCHMARK_FINAL/BENCHMARK_SIMPLE_C_BPL/TERM_LASSO//lasso_traces_new_ex.t2.c/lasso_trace_122.txt,TERMINATING,0.29,45.46,7.00,TERMINATING,92,27,119,Affine template / Affine template
CP26_BENCHMARK_FINAL/BENCHMARK_SIMPLE_C_BPL/TERM_LASSO//lasso_traces_new_ex.t2.c/lasso_trace_123.txt,TERMINATING,0.33,37.80,9.00,TERMINATING,92,27,119,Affine template / Affine template
CP26_BENCHMARK_FINAL/BENCHMARK_SIMPLE_C_BPL/TERM_LASSO//lasso_traces_new_ex.t2.c/lasso_trace_124.txt,TERMINATING,0.33,39.56,8.00,TERMINATING,92,27,119,Affine template / Affine template
CP26_BENCHMARK_FINAL/BENCHMARK_SIMPLE_C_BPL/TERM_LASSO//lasso_traces_new_ex.t2.c/lasso_trace_125.txt,TERMINATING,0.30,38.35,8.00,TERMINATING,92,27,119,Affine template / Affine template
CP26_BENCHMARK_FINAL/BENCHMARK_SIMPLE_C_BPL/TERM_LASSO//lasso_traces_new_ex.t2.c/lasso_trace_126.txt,TERMINATING,0.30,37.85,7.00,TERMINATING,92,27,119,Affine template / Affine template
CP26_BENCHMARK_FINAL/BENCHMARK_SIMPLE_C_BPL/TERM_LASSO//lasso_traces_new_ex.t2.c/lasso_trace_127.txt,TERMINATING,0.39,46.83,7.00,TERMINATING,92,27,119,Affine template / Affine template
CP26_BENCHMARK_FINAL/BENCHMARK_SIMPLE_C_BPL/TERM_LASSO//lasso_traces_new_ex.t2.c/lasso_trace_128.txt,TERMINATING,0.36,38.51,7.00,TERMINATING,92,27,119,Affine template / Affine template
CP26_BENCHMARK_FINAL/BENCHMARK_SIMPLE_C_BPL/TERM_LASSO//lasso_traces_new_ex.t2.c/lasso_trace_129.txt,TERMINATING,0.24,37.29,7.00,TERMINATING,92,27,119,Affine template / Affine template
CP26_BENCHMARK_FINAL/BENCHMARK_SIMPLE_C_BPL/TERM_LASSO//lasso_traces_new_ex.t2.c/lasso_trace_13.txt,TERMINATING,0.34,42.12,7.00,TERMINATING,92,27,119,Affine template / Affine template
CP26_BENCHMARK_FINAL/BENCHMARK_SIMPLE_C_BPL/TERM_LASSO//lasso_traces_new_ex.t2.c/lasso_trace_130.txt,TERMINATING,0.27,39.21,7.00,TERMINATING,92,27,119,Affine template / Affine template
CP26_BENCHMARK_FINAL/BENCHMARK_SIMPLE_C_BPL/TERM_LASSO//lasso_traces_new_ex.t2.c/lasso_trace_131.txt,TERMINATING,0.41,40.15,7.00,TERMINATING,92,27,119,Affine template / Affine template
CP26_BENCHMARK_FINAL/BENCHMARK_SIMPLE_C_BPL/TERM_LASSO//lasso_traces_new_ex.t2.c/lasso_trace_132.txt,TERMINATING,0.28,37.69,7.00,TERMINATING,92,27,119,Affine template / Affine template
CP26_BENCHMARK_FINAL/BENCHMARK_SIMPLE_C_BPL/TERM_LASSO//lasso_traces_new_ex.t2.c/lasso_trace_133.txt,TERMINATING,0.29,37.93,7.00,TERMINATING,92,27,119,Affine template / Affine template
CP26_BENCHMARK_FINAL/BENCHMARK_SIMPLE_C_BPL/TERM_LASSO//lasso_traces_new_ex.t2.c/lasso_trace_134.txt,TERMINATING,0.27,39.32,9.00,TERMINATING,92,27,119,Affine template / Affine template
CP26_BENCHMARK_FINAL/BENCHMARK_SIMPLE_C_BPL/TERM_LASSO//lasso_traces_new_ex.t2.c/lasso_trace_135.txt,TERMINATING,0.28,46.31,7.00,TERMINATING,92,27,119,Affine template / Affine template
CP26_BENCHMARK_FINAL/BENCHMARK_SIMPLE_C_BPL/TERM_LASSO//lasso_traces_new_ex.t2.c/lasso_trace_136.txt,TERMINATING,0.29,46.69,7.00,TERMINATING,92,27,119,Affine template / Affine template
CP26_BENCHMARK_FINAL/BENCHMARK_SIMPLE_C_BPL/TERM_LASSO//lasso_traces_new_ex.t2.c/lasso_trace_137.txt,TERMINATING,0.27,37.86,7.00,TERMINATING,92,27,119,Affine template / Affine template
CP26_BENCHMARK_FINAL/BENCHMARK_SIMPLE_C_BPL/TERM_LASSO//lasso_traces_new_ex.t2.c/lasso_trace_138.txt,TERMINATING,0.27,42.92,7.00,TERMINATING,92,27,119,Affine template / Affine template
CP26_BENCHMARK_FINAL/BENCHMARK_SIMPLE_C_BPL/TERM_LASSO//lasso_traces_new_ex.t2.c/lasso_trace_139.txt,TERMINATING,0.27,40.87,7.00,TERMINATING,92,27,119,Affine template / Affine template
CP26_BENCHMARK_FINAL/BENCHMARK_SIMPLE_C_BPL/TERM_LASSO//lasso_traces_new_ex.t2.c/lasso_trace_14.txt,TERMINATING,0.29,40.66,7.00,TERMINATING,92,27,119,Affine template / Affine template
CP26_BENCHMARK_FINAL/BENCHMARK_SIMPLE_C_BPL/TERM_LASSO//lasso_traces_new_ex.t2.c/lasso_trace_140.txt,TERMINATING,0.28,38.31,7.00,TERMINATING,92,27,119,Affine template / Affine template
CP26_BENCHMARK_FINAL/BENCHMARK_SIMPLE_C_BPL/TERM_LASSO//lasso_traces_new_ex.t2.c/lasso_trace_141.txt,TERMINATING,0.28,43.23,6.00,TERMINATING,92,27,119,Affine template / Affine template
CP26_BENCHMARK_FINAL/BENCHMARK_SIMPLE_C_BPL/TERM_LASSO//lasso_traces_new_ex.t2.c/lasso_trace_142.txt,TERMINATING,0.27,56.50,8.00,TERMINATING,92,27,119,Affine template / Affine template
CP26_BENCHMARK_FINAL/BENCHMARK_SIMPLE_C_BPL/TERM_LASSO//lasso_traces_new_ex.t2.c/lasso_trace_143.txt,TERMINATING,0.38,40.82,7.00,TERMINATING,92,27,119,Affine template / Affine template
CP26_BENCHMARK_FINAL/BENCHMARK_SIMPLE_C_BPL/TERM_LASSO//lasso_traces_new_ex.t2.c/lasso_trace_144.txt,TERMINATING,0.32,39.22,7.00,TERMINATING,92,27,119,Affine template / Affine template
CP26_BENCHMARK_FINAL/BENCHMARK_SIMPLE_C_BPL/TERM_LASSO//lasso_traces_new_ex.t2.c/lasso_trace_145.txt,TERMINATING,0.25,39.86,7.00,TERMINATING,92,27,119,Affine template / Affine template
CP26_BENCHMARK_FINAL/BENCHMARK_SIMPLE_C_BPL/TERM_LASSO//lasso_traces_new_ex.t2.c/lasso_trace_146.txt,TERMINATING,0.24,37.46,7.00,TERMINATING,92,27,119,Affine template / Affine template
CP26_BENCHMARK_FINAL/BENCHMARK_SIMPLE_C_BPL/TERM_LASSO//lasso_traces_new_ex.t2.c/lasso_trace_147.txt,TERMINATING,0.25,39.50,7.00,TERMINATING,92,27,119,Affine template / Affine template
CP26_BENCHMARK_FINAL/BENCHMARK_SIMPLE_C_BPL/TERM_LASSO//lasso_traces_new_ex.t2.c/lasso_trace_148.txt,TERMINATING,0.28,36.75,7.00,TERMINATING,92,27,119,Affine template / Affine template
CP26_BENCHMARK_FINAL/BENCHMARK_SIMPLE_C_BPL/TERM_LASSO//lasso_traces_new_ex.t2.c/lasso_trace_149.txt,TERMINATING,0.28,41.21,7.00,TERMINATING,92,27,119,Affine template / Affine template
CP26_BENCHMARK_FINAL/BENCHMARK_SIMPLE_C_BPL/TERM_LASSO//lasso_traces_new_ex.t2.c/lasso_trace_15.txt,TERMINATING,0.29,44.10,7.00,TERMINATING,92,27,119,Affine template / Affine template
CP26_BENCHMARK_FINAL/BENCHMARK_SIMPLE_C_BPL/TERM_LASSO//lasso_traces_new_ex.t2.c/lasso_trace_150.txt,TERMINATING,0.31,44.79,8.00,TERMINATING,92,27,119,Affine template / Affine template
CP26_BENCHMARK_FINAL/BENCHMARK_SIMPLE_C_BPL/TERM_LASSO//lasso_traces_new_ex.t2.c/lasso_trace_151.txt,TERMINATING,0.34,38.83,7.00,TERMINATING,92,27,119,Affine template / Affine template
CP26_BENCHMARK_FINAL/BENCHMARK_SIMPLE_C_BPL/TERM_LASSO//lasso_traces_new_ex.t2.c/lasso_trace_152.txt,TERMINATING,0.32,37.49,8.00,TERMINATING,92,27,119,Affine template / Affine template
CP26_BENCHMARK_FINAL/BENCHMARK_SIMPLE_C_BPL/TERM_LASSO//lasso_traces_new_ex.t2.c/lasso_trace_153.txt,TERMINATING,0.28,37.54,7.00,TERMINATING,92,27,119,Affine template / Affine template
CP26_BENCHMARK_FINAL/BENCHMARK_SIMPLE_C_BPL/TERM_LASSO//lasso_traces_new_ex.t2.c/lasso_trace_154.txt,TERMINATING,0.26,40.98,6.00,TERMINATING,92,27,119,Affine template / Affine template
CP26_BENCHMARK_FINAL/BENCHMARK_SIMPLE_C_BPL/TERM_LASSO//lasso_traces_new_ex.t2.c/lasso_trace_155.txt,TERMINATING,0.29,37.55,7.00,TERMINATING,92,27,119,Affine template / Affine template
CP26_BENCHMARK_FINAL/BENCHMARK_SIMPLE_C_BPL/TERM_LASSO//lasso_traces_new_ex.t2.c/lasso_trace_156.txt,TERMINATING,0.26,38.80,8.00,TERMINATING,92,27,119,Affine template / Affine template
CP26_BENCHMARK_FINAL/BENCHMARK_SIMPLE_C_BPL/TERM_LASSO//lasso_traces_new_ex.t2.c/lasso_trace_157.txt,TERMINATING,0.24,38.21,7.00,TERMINATING,92,27,119,Affine template / Affine template
CP26_BENCHMARK_FINAL/BENCHMARK_SIMPLE_C_BPL/TERM_LASSO//lasso_traces_new_ex.t2.c/lasso_trace_158.txt,TERMINATING,0.29,38.40,7.00,TERMINATING,92,27,119,Affine template / Affine template
CP26_BENCHMARK_FINAL/BENCHMARK_SIMPLE_C_BPL/TERM_LASSO//lasso_traces_new_ex.t2.c/lasso_trace_159.txt,TERMINATING,0.26,38.48,7.00,TERMINATING,92,27,119,Affine template / Affine template
CP26_BENCHMARK_FINAL/BENCHMARK_SIMPLE_C_BPL/TERM_LASSO//lasso_traces_new_ex.t2.c/lasso_trace_16.txt,TERMINATING,0.31,37.74,8.00,TERMINATING,92,27,119,Affine template / Affine template
CP26_BENCHMARK_FINAL/BENCHMARK_SIMPLE_C_BPL/TERM_LASSO//lasso_traces_new_ex.t2.c/lasso_trace_160.txt,TERMINATING,0.32,40.19,7.00,TERMINATING,92,27,119,Affine template / Affine template
CP26_BENCHMARK_FINAL/BENCHMARK_SIMPLE_C_BPL/TERM_LASSO//lasso_traces_new_ex.t2.c/lasso_trace_161.txt,TERMINATING,0.29,44.79,7.00,TERMINATING,92,27,119,Affine template / Affine template
CP26_BENCHMARK_FINAL/BENCHMARK_SIMPLE_C_BPL/TERM_LASSO//lasso_traces_new_ex.t2.c/lasso_trace_162.txt,TERMINATING,0.27,35.91,7.00,TERMINATING,92,27,119,Affine template / Affine template
CP26_BENCHMARK_FINAL/BENCHMARK_SIMPLE_C_BPL/TERM_LASSO//lasso_traces_new_ex.t2.c/lasso_trace_163.txt,TERMINATING,0.29,37.77,7.00,TERMINATING,92,27,119,Affine template / Affine template
CP26_BENCHMARK_FINAL/BENCHMARK_SIMPLE_C_BPL/TERM_LASSO//lasso_traces_new_ex.t2.c/lasso_trace_164.txt,TERMINATING,0.23,40.24,8.00,TERMINATING,92,27,119,Affine template / Affine template
CP26_BENCHMARK_FINAL/BENCHMARK_SIMPLE_C_BPL/TERM_LASSO//lasso_traces_new_ex.t2.c/lasso_trace_165.txt,TERMINATING,0.26,36.04,8.00,TERMINATING,92,27,119,Affine template / Affine template
CP26_BENCHMARK_FINAL/BENCHMARK_SIMPLE_C_BPL/TERM_LASSO//lasso_traces_new_ex.t2.c/lasso_trace_166.txt,TERMINATING,0.27,38.32,7.00,TERMINATING,92,27,119,Affine template / Affine template
CP26_BENCHMARK_FINAL/BENCHMARK_SIMPLE_C_BPL/TERM_LASSO//lasso_traces_new_ex.t2.c/lasso_trace_167.txt,TERMINATING,0.28,37.94,7.00,TERMINATING,92,27,119,Affine template / Affine template
CP26_BENCHMARK_FINAL/BENCHMARK_SIMPLE_C_BPL/TERM_LASSO//lasso_traces_new_ex.t2.c/lasso_trace_168.txt,TERMINATING,0.24,46.40,7.00,TERMINATING,92,27,119,Affine template / Affine template
CP26_BENCHMARK_FINAL/BENCHMARK_SIMPLE_C_BPL/TERM_LASSO//lasso_traces_new_ex.t2.c/lasso_trace_169.txt,TERMINATING,0.26,36.60,8.00,TERMINATING,92,27,119,Affine template / Affine template
CP26_BENCHMARK_FINAL/BENCHMARK_SIMPLE_C_BPL/TERM_LASSO//lasso_traces_new_ex.t2.c/lasso_trace_17.txt,TERMINATING,0.26,38.82,7.00,TERMINATING,92,27,119,Affine template / Affine template
CP26_BENCHMARK_FINAL/BENCHMARK_SIMPLE_C_BPL/TERM_LASSO//lasso_traces_new_ex.t2.c/lasso_trace_170.txt,TERMINATING,0.25,39.86,8.00,TERMINATING,92,27,119,Affine template / Affine template
CP26_BENCHMARK_FINAL/BENCHMARK_SIMPLE_C_BPL/TERM_LASSO//lasso_traces_new_ex.t2.c/lasso_trace_171.txt,TERMINATING,0.25,39.14,7.00,TERMINATING,92,27,119,Affine template / Affine template
CP26_BENCHMARK_FINAL/BENCHMARK_SIMPLE_C_BPL/TERM_LASSO//lasso_traces_new_ex.t2.c/lasso_trace_172.txt,TERMINATING,0.25,37.17,7.00,TERMINATING,92,27,119,Affine template / Affine template
CP26_BENCHMARK_FINAL/BENCHMARK_SIMPLE_C_BPL/TERM_LASSO//lasso_traces_new_ex.t2.c/lasso_trace_173.txt,TERMINATING,0.34,38.57,7.00,TERMINATING,92,27,119,Affine template / Affine template
CP26_BENCHMARK_FINAL/BENCHMARK_SIMPLE_C_BPL/TERM_LASSO//lasso_traces_new_ex.t2.c/lasso_trace_174.txt,TERMINATING,0.29,36.88,7.00,TERMINATING,92,27,119,Affine template / Affine template
CP26_BENCHMARK_FINAL/BENCHMARK_SIMPLE_C_BPL/TERM_LASSO//lasso_traces_new_ex.t2.c/lasso_trace_175.txt,TERMINATING,0.30,39.13,7.00,TERMINATING,92,27,119,Affine template / Affine template
CP26_BENCHMARK_FINAL/BENCHMARK_SIMPLE_C_BPL/TERM_LASSO//lasso_traces_new_ex.t2.c/lasso_trace_176.txt,TERMINATING,0.25,40.79,8.00,TERMINATING,92,27,119,Affine template / Affine template
CP26_BENCHMARK_FINAL/BENCHMARK_SIMPLE_C_BPL/TERM_LASSO//lasso_traces_new_ex.t2.c/lasso_trace_177.txt,TERMINATING,0.25,38.02,7.00,TERMINATING,92,27,119,Affine template / Affine template
CP26_BENCHMARK_FINAL/BENCHMARK_SIMPLE_C_BPL/TERM_LASSO//lasso_traces_new_ex.t2.c/lasso_trace_178.txt,TERMINATING,0.30,39.48,7.00,TERMINATING,92,27,119,Affine template / Affine template
CP26_BENCHMARK_FINAL/BENCHMARK_SIMPLE_C_BPL/TERM_LASSO//lasso_traces_new_ex.t2.c/lasso_trace_179.txt,TERMINATING,0.26,40.18,8.00,TERMINATING,92,27,119,Affine template / Affine template
CP26_BENCHMARK_FINAL/BENCHMARK_SIMPLE_C_BPL/TERM_LASSO//lasso_traces_new_ex.t2.c/lasso_trace_18.txt,TERMINATING,0.24,37.70,7.00,TERMINATING,92,27,119,Affine template / Affine template
CP26_BENCHMARK_FINAL/BENCHMARK_SIMPLE_C_BPL/TERM_LASSO//lasso_traces_new_ex.t2.c/lasso_trace_180.txt,TERMINATING,0.32,36.57,7.00,TERMINATING,92,27,119,Affine template / Affine template
CP26_BENCHMARK_FINAL/BENCHMARK_SIMPLE_C_BPL/TERM_LASSO//lasso_traces_new_ex.t2.c/lasso_trace_181.txt,TERMINATING,0.26,37.15,8.00,TERMINATING,92,27,119,Affine template / Affine template
CP26_BENCHMARK_FINAL/BENCHMARK_SIMPLE_C_BPL/TERM_LASSO//lasso_traces_new_ex.t2.c/lasso_trace_182.txt,TERMINATING,0.24,36.83,7.00,TERMINATING,92,27,119,Affine template / Affine template
CP26_BENCHMARK_FINAL/BENCHMARK_SIMPLE_C_BPL/TERM_LASSO//lasso_traces_new_ex.t2.c/lasso_trace_183.txt,TERMINATING,0.28,36.57,8.00,TERMINATING,92,27,119,Affine template / Affine template
CP26_BENCHMARK_FINAL/BENCHMARK_SIMPLE_C_BPL/TERM_LASSO//lasso_traces_new_ex.t2.c/lasso_trace_184.txt,TERMINATING,0.24,38.06,8.00,TERMINATING,92,27,119,Affine template / Affine template
CP26_BENCHMARK_FINAL/BENCHMARK_SIMPLE_C_BPL/TERM_LASSO//lasso_traces_new_ex.t2.c/lasso_trace_185.txt,TERMINATING,0.27,36.17,7.00,TERMINATING,92,27,119,Affine template / Affine template
CP26_BENCHMARK_FINAL/BENCHMARK_SIMPLE_C_BPL/TERM_LASSO//lasso_traces_new_ex.t2.c/lasso_trace_186.txt,TERMINATING,0.25,36.55,8.00,TERMINATING,92,27,119,Affine template / Affine template
CP26_BENCHMARK_FINAL/BENCHMARK_SIMPLE_C_BPL/TERM_LASSO//lasso_traces_new_ex.t2.c/lasso_trace_187.txt,TERMINATING,0.33,37.11,8.00,TERMINATING,92,27,119,Affine template / Affine template
CP26_BENCHMARK_FINAL/BENCHMARK_SIMPLE_C_BPL/TERM_LASSO//lasso_traces_new_ex.t2.c/lasso_trace_188.txt,TERMINATING,0.36,37.81,7.00,TERMINATING,92,27,119,Affine template / Affine template
CP26_BENCHMARK_FINAL/BENCHMARK_SIMPLE_C_BPL/TERM_LASSO//lasso_traces_new_ex.t2.c/lasso_trace_189.txt,TERMINATING,0.28,39.12,8.00,TERMINATING,92,27,119,Affine template / Affine template
CP26_BENCHMARK_FINAL/BENCHMARK_SIMPLE_C_BPL/TERM_LASSO//lasso_traces_new_ex.t2.c/lasso_trace_19.txt,TERMINATING,0.34,39.38,7.00,TERMINATING,92,27,119,Affine template / Affine template
CP26_BENCHMARK_FINAL/BENCHMARK_SIMPLE_C_BPL/TERM_LASSO//lasso_traces_new_ex.t2.c/lasso_trace_190.txt,TERMINATING,0.23,39.41,8.00,TERMINATING,92,27,119,Affine template / Affine template
CP26_BENCHMARK_FINAL/BENCHMARK_SIMPLE_C_BPL/TERM_LASSO//lasso_traces_new_ex.t2.c/lasso_trace_191.txt,TERMINATING,0.26,42.45,9.00,TERMINATING,92,27,119,Affine template / Affine template
CP26_BENCHMARK_FINAL/BENCHMARK_SIMPLE_C_BPL/TERM_LASSO//lasso_traces_new_ex.t2.c/lasso_trace_192.txt,TERMINATING,0.23,39.88,7.00,TERMINATING,92,27,119,Affine template / Affine template
CP26_BENCHMARK_FINAL/BENCHMARK_SIMPLE_C_BPL/TERM_LASSO//lasso_traces_new_ex.t2.c/lasso_trace_193.txt,TERMINATING,0.30,36.74,7.00,TERMINATING,92,27,119,Affine template / Affine template
CP26_BENCHMARK_FINAL/BENCHMARK_SIMPLE_C_BPL/TERM_LASSO//lasso_traces_new_ex.t2.c/lasso_trace_194.txt,TERMINATING,0.27,36.18,8.00,TERMINATING,92,27,119,Affine template / Affine template
CP26_BENCHMARK_FINAL/BENCHMARK_SIMPLE_C_BPL/TERM_LASSO//lasso_traces_new_ex.t2.c/lasso_trace_195.txt,TERMINATING,0.26,39.33,7.00,TERMINATING,92,27,119,Affine template / Affine template
CP26_BENCHMARK_FINAL/BENCHMARK_SIMPLE_C_BPL/TERM_LASSO//lasso_traces_new_ex.t2.c/lasso_trace_196.txt,TERMINATING,0.28,38.08,7.00,TERMINATING,92,27,119,Affine template / Affine template
CP26_BENCHMARK_FINAL/BENCHMARK_SIMPLE_C_BPL/TERM_LASSO//lasso_traces_new_ex.t2.c/lasso_trace_197.txt,TERMINATING,0.31,40.47,7.00,TERMINATING,92,27,119,Affine template / Affine template
CP26_BENCHMARK_FINAL/BENCHMARK_SIMPLE_C_BPL/TERM_LASSO//lasso_traces_new_ex.t2.c/lasso_trace_198.txt,TERMINATING,0.27,42.57,7.00,TERMINATING,92,27,119,Affine template / Affine template
CP26_BENCHMARK_FINAL/BENCHMARK_SIMPLE_C_BPL/TERM_LASSO//lasso_traces_new_ex.t2.c/lasso_trace_199.txt,TERMINATING,0.28,37.71,8.00,TERMINATING,92,27,119,Affine template / Affine template
CP26_BENCHMARK_FINAL/BENCHMARK_SIMPLE_C_BPL/TERM_LASSO//lasso_traces_new_ex.t2.c/lasso_trace_2.txt,TERMINATING,0.49,94.33,27.00,TERMINATING,48,22,70,Affine template / Affine template
CP26_BENCHMARK_FINAL/BENCHMARK_SIMPLE_C_BPL/TERM_LASSO//lasso_traces_new_ex.t2.c/lasso_trace_20.txt,TERMINATING,0.27,41.53,7.00,TERMINATING,92,27,119,Affine template / Affine template
CP26_BENCHMARK_FINAL/BENCHMARK_SIMPLE_C_BPL/TERM_LASSO//lasso_traces_new_ex.t2.c/lasso_trace_200.txt,TERMINATING,0.26,37.00,7.00,TERMINATING,92,27,119,Affine template / Affine template
CP26_BENCHMARK_FINAL/BENCHMARK_SIMPLE_C_BPL/TERM_LASSO//lasso_traces_new_ex.t2.c/lasso_trace_201.txt,TERMINATING,0.26,38.28,7.00,TERMINATING,92,27,119,Affine template / Affine template
CP26_BENCHMARK_FINAL/BENCHMARK_SIMPLE_C_BPL/TERM_LASSO//lasso_traces_new_ex.t2.c/lasso_trace_202.txt,TERMINATING,0.24,43.37,7.00,TERMINATING,92,27,119,Affine template / Affine template
CP26_BENCHMARK_FINAL/BENCHMARK_SIMPLE_C_BPL/TERM_LASSO//lasso_traces_new_ex.t2.c/lasso_trace_203.txt,TERMINATING,0.38,38.58,7.00,TERMINATING,92,27,119,Affine template / Affine template
CP26_BENCHMARK_FINAL/BENCHMARK_SIMPLE_C_BPL/TERM_LASSO//lasso_traces_new_ex.t2.c/lasso_trace_204.txt,TERMINATING,0.38,52.04,7.00,TERMINATING,92,27,119,Affine template / Affine template
CP26_BENCHMARK_FINAL/BENCHMARK_SIMPLE_C_BPL/TERM_LASSO//lasso_traces_new_ex.t2.c/lasso_trace_205.txt,TERMINATING,0.27,37.09,7.00,TERMINATING,92,27,119,Affine template / Affine template
CP26_BENCHMARK_FINAL/BENCHMARK_SIMPLE_C_BPL/TERM_LASSO//lasso_traces_new_ex.t2.c/lasso_trace_206.txt,TERMINATING,0.23,37.11,7.00,TERMINATING,92,27,119,Affine template / Affine template
CP26_BENCHMARK_FINAL/BENCHMARK_SIMPLE_C_BPL/TERM_LASSO//lasso_traces_new_ex.t2.c/lasso_trace_207.txt,TERMINATING,0.29,40.66,7.00,TERMINATING,92,27,119,Affine template / Affine template
CP26_BENCHMARK_FINAL/BENCHMARK_SIMPLE_C_BPL/TERM_LASSO//lasso_traces_new_ex.t2.c/lasso_trace_208.txt,TERMINATING,0.25,36.17,7.00,TERMINATING,92,27,119,Affine template / Affine template
CP26_BENCHMARK_FINAL/BENCHMARK_SIMPLE_C_BPL/TERM_LASSO//lasso_traces_new_ex.t2.c/lasso_trace_21.txt,TERMINATING,0.29,39.86,7.00,TERMINATING,92,27,119,Affine template / Affine template
CP26_BENCHMARK_FINAL/BENCHMARK_SIMPLE_C_BPL/TERM_LASSO//lasso_traces_new_ex.t2.c/lasso_trace_22.txt,TERMINATING,0.30,45.69,9.00,TERMINATING,92,27,119,Affine template / Affine template
CP26_BENCHMARK_FINAL/BENCHMARK_SIMPLE_C_BPL/TERM_LASSO//lasso_traces_new_ex.t2.c/lasso_trace_23.txt,TERMINATING,0.26,42.37,8.00,TERMINATING,92,27,119,Affine template / Affine template
CP26_BENCHMARK_FINAL/BENCHMARK_SIMPLE_C_BPL/TERM_LASSO//lasso_traces_new_ex.t2.c/lasso_trace_24.txt,TERMINATING,0.28,38.22,7.00,TERMINATING,92,27,119,Affine template / Affine template
CP26_BENCHMARK_FINAL/BENCHMARK_SIMPLE_C_BPL/TERM_LASSO//lasso_traces_new_ex.t2.c/lasso_trace_25.txt,TERMINATING,0.29,39.13,7.00,TERMINATING,92,27,119,Affine template / Affine template
CP26_BENCHMARK_FINAL/BENCHMARK_SIMPLE_C_BPL/TERM_LASSO//lasso_traces_new_ex.t2.c/lasso_trace_26.txt,TERMINATING,0.30,38.67,7.00,TERMINATING,92,27,119,Affine template / Affine template
CP26_BENCHMARK_FINAL/BENCHMARK_SIMPLE_C_BPL/TERM_LASSO//lasso_traces_new_ex.t2.c/lasso_trace_27.txt,TERMINATING,0.26,37.49,8.00,TERMINATING,92,27,119,Affine template / Affine template
CP26_BENCHMARK_FINAL/BENCHMARK_SIMPLE_C_BPL/TERM_LASSO//lasso_traces_new_ex.t2.c/lasso_trace_28.txt,TERMINATING,0.29,41.30,7.00,TERMINATING,92,27,119,Affine template / Affine template
CP26_BENCHMARK_FINAL/BENCHMARK_SIMPLE_C_BPL/TERM_LASSO//lasso_traces_new_ex.t2.c/lasso_trace_29.txt,TERMINATING,0.38,43.85,7.00,TERMINATING,92,27,119,Affine template / Affine template
CP26_BENCHMARK_FINAL/BENCHMARK_SIMPLE_C_BPL/TERM_LASSO//lasso_traces_new_ex.t2.c/lasso_trace_3.txt,TERMINATING,0.37,88.18,27.00,TERMINATING,61,27,88,Affine template / Affine template
CP26_BENCHMARK_FINAL/BENCHMARK_SIMPLE_C_BPL/TERM_LASSO//lasso_traces_new_ex.t2.c/lasso_trace_30.txt,TERMINATING,0.27,39.77,7.00,TERMINATING,92,27,119,Affine template / Affine template
CP26_BENCHMARK_FINAL/BENCHMARK_SIMPLE_C_BPL/TERM_LASSO//lasso_traces_new_ex.t2.c/lasso_trace_31.txt,TERMINATING,0.30,36.91,8.00,TERMINATING,92,27,119,Affine template / Affine template
CP26_BENCHMARK_FINAL/BENCHMARK_SIMPLE_C_BPL/TERM_LASSO//lasso_traces_new_ex.t2.c/lasso_trace_32.txt,TERMINATING,0.31,38.34,10.00,TERMINATING,92,27,119,Affine template / Affine template
CP26_BENCHMARK_FINAL/BENCHMARK_SIMPLE_C_BPL/TERM_LASSO//lasso_traces_new_ex.t2.c/lasso_trace_33.txt,TERMINATING,0.39,38.31,7.00,TERMINATING,92,27,119,Affine template / Affine template
CP26_BENCHMARK_FINAL/BENCHMARK_SIMPLE_C_BPL/TERM_LASSO//lasso_traces_new_ex.t2.c/lasso_trace_34.txt,TERMINATING,0.28,38.17,7.00,TERMINATING,92,27,119,Affine template / Affine template
CP26_BENCHMARK_FINAL/BENCHMARK_SIMPLE_C_BPL/TERM_LASSO//lasso_traces_new_ex.t2.c/lasso_trace_35.txt,TERMINATING,0.24,38.93,7.00,TERMINATING,92,27,119,Affine template / Affine template
CP26_BENCHMARK_FINAL/BENCHMARK_SIMPLE_C_BPL/TERM_LASSO//lasso_traces_new_ex.t2.c/lasso_trace_36.txt,TERMINATING,0.30,48.80,8.00,TERMINATING,92,27,119,Affine template / Affine template
CP26_BENCHMARK_FINAL/BENCHMARK_SIMPLE_C_BPL/TERM_LASSO//lasso_traces_new_ex.t2.c/lasso_trace_37.txt,TERMINATING,0.28,43.23,7.00,TERMINATING,92,27,119,Affine template / Affine template
CP26_BENCHMARK_FINAL/BENCHMARK_SIMPLE_C_BPL/TERM_LASSO//lasso_traces_new_ex.t2.c/lasso_trace_38.txt,TERMINATING,0.27,43.69,7.00,TERMINATING,92,27,119,Affine template / Affine template
CP26_BENCHMARK_FINAL/BENCHMARK_SIMPLE_C_BPL/TERM_LASSO//lasso_traces_new_ex.t2.c/lasso_trace_39.txt,TERMINATING,0.26,39.36,7.00,TERMINATING,92,27,119,Affine template / Affine template
CP26_BENCHMARK_FINAL/BENCHMARK_SIMPLE_C_BPL/TERM_LASSO//lasso_traces_new_ex.t2.c/lasso_trace_40.txt,TERMINATING,0.28,40.88,9.00,TERMINATING,92,27,119,Affine template / Affine template
CP26_BENCHMARK_FINAL/BENCHMARK_SIMPLE_C_BPL/TERM_LASSO//lasso_traces_new_ex.t2.c/lasso_trace_41.txt,TERMINATING,0.27,36.76,9.00,TERMINATING,92,27,119,Affine template / Affine template
CP26_BENCHMARK_FINAL/BENCHMARK_SIMPLE_C_BPL/TERM_LASSO//lasso_traces_new_ex.t2.c/lasso_trace_42.txt,TERMINATING,0.28,39.93,7.00,TERMINATING,92,27,119,Affine template / Affine template
CP26_BENCHMARK_FINAL/BENCHMARK_SIMPLE_C_BPL/TERM_LASSO//lasso_traces_new_ex.t2.c/lasso_trace_43.txt,TERMINATING,0.28,37.64,7.00,TERMINATING,92,27,119,Affine template / Affine template
CP26_BENCHMARK_FINAL/BENCHMARK_SIMPLE_C_BPL/TERM_LASSO//lasso_traces_new_ex.t2.c/lasso_trace_44.txt,TERMINATING,0.29,37.60,6.00,TERMINATING,92,27,119,Affine template / Affine template
CP26_BENCHMARK_FINAL/BENCHMARK_SIMPLE_C_BPL/TERM_LASSO//lasso_traces_new_ex.t2.c/lasso_trace_45.txt,TERMINATING,0.25,39.25,8.00,TERMINATING,92,27,119,Affine template / Affine template
CP26_BENCHMARK_FINAL/BENCHMARK_SIMPLE_C_BPL/TERM_LASSO//lasso_traces_new_ex.t2.c/lasso_trace_46.txt,TERMINATING,0.33,41.63,8.00,TERMINATING,92,27,119,Affine template / Affine template
CP26_BENCHMARK_FINAL/BENCHMARK_SIMPLE_C_BPL/TERM_LASSO//lasso_traces_new_ex.t2.c/lasso_trace_47.txt,TERMINATING,0.25,39.16,7.00,TERMINATING,92,27,119,Affine template / Affine template
CP26_BENCHMARK_FINAL/BENCHMARK_SIMPLE_C_BPL/TERM_LASSO//lasso_traces_new_ex.t2.c/lasso_trace_48.txt,TERMINATING,0.29,38.13,8.00,TERMINATING,92,27,119,Affine template / Affine template
CP26_BENCHMARK_FINAL/BENCHMARK_SIMPLE_C_BPL/TERM_LASSO//lasso_traces_new_ex.t2.c/lasso_trace_49.txt,TERMINATING,0.27,40.88,7.00,TERMINATING,92,27,119,Affine template / Affine template
CP26_BENCHMARK_FINAL/BENCHMARK_SIMPLE_C_BPL/TERM_LASSO//lasso_traces_new_ex.t2.c/lasso_trace_5.txt,TERMINATING,0.32,43.92,7.00,TERMINATING,92,27,119,Affine template / Affine template
CP26_BENCHMARK_FINAL/BENCHMARK_SIMPLE_C_BPL/TERM_LASSO//lasso_traces_new_ex.t2.c/lasso_trace_50.txt,TERMINATING,0.24,38.46,7.00,TERMINATING,92,27,119,Affine template / Affine template
CP26_BENCHMARK_FINAL/BENCHMARK_SIMPLE_C_BPL/TERM_LASSO//lasso_traces_new_ex.t2.c/lasso_trace_51.txt,TERMINATING,0.30,38.81,7.00,TERMINATING,92,27,119,Affine template / Affine template
CP26_BENCHMARK_FINAL/BENCHMARK_SIMPLE_C_BPL/TERM_LASSO//lasso_traces_new_ex.t2.c/lasso_trace_52.txt,TERMINATING,0.29,37.45,7.00,TERMINATING,92,27,119,Affine template / Affine template
CP26_BENCHMARK_FINAL/BENCHMARK_SIMPLE_C_BPL/TERM_LASSO//lasso_traces_new_ex.t2.c/lasso_trace_53.txt,TERMINATING,0.28,38.67,7.00,TERMINATING,92,27,119,Affine template / Affine template
CP26_BENCHMARK_FINAL/BENCHMARK_SIMPLE_C_BPL/TERM_LASSO//lasso_traces_new_ex.t2.c/lasso_trace_54.txt,TERMINATING,0.27,38.81,7.00,TERMINATING,92,27,119,Affine template / Affine template
CP26_BENCHMARK_FINAL/BENCHMARK_SIMPLE_C_BPL/TERM_LASSO//lasso_traces_new_ex.t2.c/lasso_trace_55.txt,TERMINATING,0.29,38.61,8.00,TERMINATING,92,27,119,Affine template / Affine template
CP26_BENCHMARK_FINAL/BENCHMARK_SIMPLE_C_BPL/TERM_LASSO//lasso_traces_new_ex.t2.c/lasso_trace_56.txt,TERMINATING,0.29,36.47,7.00,TERMINATING,92,27,119,Affine template / Affine template
CP26_BENCHMARK_FINAL/BENCHMARK_SIMPLE_C_BPL/TERM_LASSO//lasso_traces_new_ex.t2.c/lasso_trace_57.txt,TERMINATING,0.28,37.75,8.00,TERMINATING,92,27,119,Affine template / Affine template
CP26_BENCHMARK_FINAL/BENCHMARK_SIMPLE_C_BPL/TERM_LASSO//lasso_traces_new_ex.t2.c/lasso_trace_58.txt,TERMINATING,0.27,44.19,7.00,TERMINATING,92,27,119,Affine template / Affine template
CP26_BENCHMARK_FINAL/BENCHMARK_SIMPLE_C_BPL/TERM_LASSO//lasso_traces_new_ex.t2.c/lasso_trace_59.txt,TERMINATING,0.36,37.43,8.00,TERMINATING,92,27,119,Affine template / Affine template
CP26_BENCHMARK_FINAL/BENCHMARK_SIMPLE_C_BPL/TERM_LASSO//lasso_traces_new_ex.t2.c/lasso_trace_6.txt,TERMINATING,0.30,40.98,7.00,TERMINATING,92,27,119,Affine template / Affine template
CP26_BENCHMARK_FINAL/BENCHMARK_SIMPLE_C_BPL/TERM_LASSO//lasso_traces_new_ex.t2.c/lasso_trace_60.txt,TERMINATING,0.41,37.49,7.00,TERMINATING,92,27,119,Affine template / Affine template
CP26_BENCHMARK_FINAL/BENCHMARK_SIMPLE_C_BPL/TERM_LASSO//lasso_traces_new_ex.t2.c/lasso_trace_61.txt,TERMINATING,0.29,37.09,9.00,TERMINATING,92,27,119,Affine template / Affine template
CP26_BENCHMARK_FINAL/BENCHMARK_SIMPLE_C_BPL/TERM_LASSO//lasso_traces_new_ex.t2.c/lasso_trace_62.txt,TERMINATING,0.27,49.74,7.00,TERMINATING,92,27,119,Affine template / Affine template
CP26_BENCHMARK_FINAL/BENCHMARK_SIMPLE_C_BPL/TERM_LASSO//lasso_traces_new_ex.t2.c/lasso_trace_63.txt,TERMINATING,0.27,47.42,7.00,TERMINATING,92,27,119,Affine template / Affine template
CP26_BENCHMARK_FINAL/BENCHMARK_SIMPLE_C_BPL/TERM_LASSO//lasso_traces_new_ex.t2.c/lasso_trace_64.txt,TERMINATING,0.26,40.22,8.00,TERMINATING,92,27,119,Affine template / Affine template
CP26_BENCHMARK_FINAL/BENCHMARK_SIMPLE_C_BPL/TERM_LASSO//lasso_traces_new_ex.t2.c/lasso_trace_65.txt,TERMINATING,0.30,41.15,7.00,TERMINATING,92,27,119,Affine template / Affine template
CP26_BENCHMARK_FINAL/BENCHMARK_SIMPLE_C_BPL/TERM_LASSO//lasso_traces_new_ex.t2.c/lasso_trace_66.txt,TERMINATING,0.26,42.54,8.00,TERMINATING,92,27,119,Affine template / Affine template
CP26_BENCHMARK_FINAL/BENCHMARK_SIMPLE_C_BPL/TERM_LASSO//lasso_traces_new_ex.t2.c/lasso_trace_67.txt,TERMINATING,0.27,39.84,7.00,TERMINATING,92,27,119,Affine template / Affine template
CP26_BENCHMARK_FINAL/BENCHMARK_SIMPLE_C_BPL/TERM_LASSO//lasso_traces_new_ex.t2.c/lasso_trace_68.txt,TERMINATING,0.24,41.59,9.00,TERMINATING,92,27,119,Affine template / Affine template
CP26_BENCHMARK_FINAL/BENCHMARK_SIMPLE_C_BPL/TERM_LASSO//lasso_traces_new_ex.t2.c/lasso_trace_69.txt,TERMINATING,0.35,39.80,7.00,TERMINATING,92,27,119,Affine template / Affine template
CP26_BENCHMARK_FINAL/BENCHMARK_SIMPLE_C_BPL/TERM_LASSO//lasso_traces_new_ex.t2.c/lasso_trace_7.txt,TERMINATING,0.33,38.19,7.00,TERMINATING,92,27,119,Affine template / Affine template
CP26_BENCHMARK_FINAL/BENCHMARK_SIMPLE_C_BPL/TERM_LASSO//lasso_traces_new_ex.t2.c/lasso_trace_70.txt,TERMINATING,0.24,40.18,7.00,TERMINATING,92,27,119,Affine template / Affine template
CP26_BENCHMARK_FINAL/BENCHMARK_SIMPLE_C_BPL/TERM_LASSO//lasso_traces_new_ex.t2.c/lasso_trace_71.txt,TERMINATING,0.28,39.64,9.00,TERMINATING,92,27,119,Affine template / Affine template
CP26_BENCHMARK_FINAL/BENCHMARK_SIMPLE_C_BPL/TERM_LASSO//lasso_traces_new_ex.t2.c/lasso_trace_72.txt,TERMINATING,0.28,38.04,8.00,TERMINATING,92,27,119,Affine template / Affine template
CP26_BENCHMARK_FINAL/BENCHMARK_SIMPLE_C_BPL/TERM_LASSO//lasso_traces_new_ex.t2.c/lasso_trace_73.txt,TERMINATING,0.32,38.59,8.00,TERMINATING,92,27,119,Affine template / Affine template
CP26_BENCHMARK_FINAL/BENCHMARK_SIMPLE_C_BPL/TERM_LASSO//lasso_traces_new_ex.t2.c/lasso_trace_74.txt,TERMINATING,0.28,39.88,7.00,TERMINATING,92,27,119,Affine template / Affine template
CP26_BENCHMARK_FINAL/BENCHMARK_SIMPLE_C_BPL/TERM_LASSO//lasso_traces_new_ex.t2.c/lasso_trace_75.txt,TERMINATING,0.30,40.61,7.00,TERMINATING,92,27,119,Affine template / Affine template
CP26_BENCHMARK_FINAL/BENCHMARK_SIMPLE_C_BPL/TERM_LASSO//lasso_traces_new_ex.t2.c/lasso_trace_76.txt,TERMINATING,0.26,39.86,7.00,TERMINATING,92,27,119,Affine template / Affine template
CP26_BENCHMARK_FINAL/BENCHMARK_SIMPLE_C_BPL/TERM_LASSO//lasso_traces_new_ex.t2.c/lasso_trace_77.txt,TERMINATING,0.29,40.28,7.00,TERMINATING,92,27,119,Affine template / Affine template
CP26_BENCHMARK_FINAL/BENCHMARK_SIMPLE_C_BPL/TERM_LASSO//lasso_traces_new_ex.t2.c/lasso_trace_78.txt,TERMINATING,0.34,43.37,7.00,TERMINATING,92,27,119,Affine template / Affine template
CP26_BENCHMARK_FINAL/BENCHMARK_SIMPLE_C_BPL/TERM_LASSO//lasso_traces_new_ex.t2.c/lasso_trace_79.txt,TERMINATING,0.33,38.63,8.00,TERMINATING,92,27,119,Affine template / Affine template
CP26_BENCHMARK_FINAL/BENCHMARK_SIMPLE_C_BPL/TERM_LASSO//lasso_traces_new_ex.t2.c/lasso_trace_8.txt,TERMINATING,0.25,39.42,7.00,TERMINATING,92,27,119,Affine template / Affine template
CP26_BENCHMARK_FINAL/BENCHMARK_SIMPLE_C_BPL/TERM_LASSO//lasso_traces_new_ex.t2.c/lasso_trace_80.txt,TERMINATING,0.25,39.51,7.00,TERMINATING,92,27,119,Affine template / Affine template
CP26_BENCHMARK_FINAL/BENCHMARK_SIMPLE_C_BPL/TERM_LASSO//lasso_traces_new_ex.t2.c/lasso_trace_81.txt,TERMINATING,0.33,39.83,6.00,TERMINATING,92,27,119,Affine template / Affine template
CP26_BENCHMARK_FINAL/BENCHMARK_SIMPLE_C_BPL/TERM_LASSO//lasso_traces_new_ex.t2.c/lasso_trace_82.txt,TERMINATING,0.40,40.19,8.00,TERMINATING,92,27,119,Affine template / Affine template
CP26_BENCHMARK_FINAL/BENCHMARK_SIMPLE_C_BPL/TERM_LASSO//lasso_traces_new_ex.t2.c/lasso_trace_83.txt,TERMINATING,0.28,39.12,7.00,TERMINATING,92,27,119,Affine template / Affine template
CP26_BENCHMARK_FINAL/BENCHMARK_SIMPLE_C_BPL/TERM_LASSO//lasso_traces_new_ex.t2.c/lasso_trace_84.txt,TERMINATING,0.28,39.86,7.00,TERMINATING,92,27,119,Affine template / Affine template
CP26_BENCHMARK_FINAL/BENCHMARK_SIMPLE_C_BPL/TERM_LASSO//lasso_traces_new_ex.t2.c/lasso_trace_85.txt,TERMINATING,0.35,48.55,8.00,TERMINATING,92,27,119,Affine template / Affine template
CP26_BENCHMARK_FINAL/BENCHMARK_SIMPLE_C_BPL/TERM_LASSO//lasso_traces_new_ex.t2.c/lasso_trace_86.txt,TERMINATING,0.30,39.25,9.00,TERMINATING,92,27,119,Affine template / Affine template
CP26_BENCHMARK_FINAL/BENCHMARK_SIMPLE_C_BPL/TERM_LASSO//lasso_traces_new_ex.t2.c/lasso_trace_87.txt,TERMINATING,0.26,37.65,9.00,TERMINATING,92,27,119,Affine template / Affine template
CP26_BENCHMARK_FINAL/BENCHMARK_SIMPLE_C_BPL/TERM_LASSO//lasso_traces_new_ex.t2.c/lasso_trace_88.txt,TERMINATING,0.30,49.36,8.00,TERMINATING,92,27,119,Affine template / Affine template
CP26_BENCHMARK_FINAL/BENCHMARK_SIMPLE_C_BPL/TERM_LASSO//lasso_traces_new_ex.t2.c/lasso_trace_89.txt,TERMINATING,0.36,39.52,8.00,TERMINATING,92,27,119,Affine template / Affine template
CP26_BENCHMARK_FINAL/BENCHMARK_SIMPLE_C_BPL/TERM_LASSO//lasso_traces_new_ex.t2.c/lasso_trace_9.txt,TERMINATING,0.27,41.34,7.00,TERMINATING,92,27,119,Affine template / Affine template
CP26_BENCHMARK_FINAL/BENCHMARK_SIMPLE_C_BPL/TERM_LASSO//lasso_traces_new_ex.t2.c/lasso_trace_90.txt,TERMINATING,0.55,38.26,7.00,TERMINATING,92,27,119,Affine template / Affine template
CP26_BENCHMARK_FINAL/BENCHMARK_SIMPLE_C_BPL/TERM_LASSO//lasso_traces_new_ex.t2.c/lasso_trace_91.txt,TERMINATING,0.30,38.30,7.00,TERMINATING,92,27,119,Affine template / Affine template
CP26_BENCHMARK_FINAL/BENCHMARK_SIMPLE_C_BPL/TERM_LASSO//lasso_traces_new_ex.t2.c/lasso_trace_92.txt,TERMINATING,0.38,40.65,8.00,TERMINATING,92,27,119,Affine template / Affine template
CP26_BENCHMARK_FINAL/BENCHMARK_SIMPLE_C_BPL/TERM_LASSO//lasso_traces_new_ex.t2.c/lasso_trace_93.txt,TERMINATING,0.30,42.58,8.00,TERMINATING,92,27,119,Affine template / Affine template
CP26_BENCHMARK_FINAL/BENCHMARK_SIMPLE_C_BPL/TERM_LASSO//lasso_traces_new_ex.t2.c/lasso_trace_94.txt,TERMINATING,0.27,38.15,8.00,TERMINATING,92,27,119,Affine template / Affine template
CP26_BENCHMARK_FINAL/BENCHMARK_SIMPLE_C_BPL/TERM_LASSO//lasso_traces_new_ex.t2.c/lasso_trace_95.txt,TERMINATING,0.30,44.13,7.00,TERMINATING,92,27,119,Affine template / Affine template
CP26_BENCHMARK_FINAL/BENCHMARK_SIMPLE_C_BPL/TERM_LASSO//lasso_traces_new_ex.t2.c/lasso_trace_96.txt,TERMINATING,0.27,38.92,9.00,TERMINATING,92,27,119,Affine template / Affine template
CP26_BENCHMARK_FINAL/BENCHMARK_SIMPLE_C_BPL/TERM_LASSO//lasso_traces_new_ex.t2.c/lasso_trace_97.txt,TERMINATING,0.31,47.36,7.00,TERMINATING,92,27,119,Affine template / Affine template
CP26_BENCHMARK_FINAL/BENCHMARK_SIMPLE_C_BPL/TERM_LASSO//lasso_traces_new_ex.t2.c/lasso_trace_98.txt,TERMINATING,0.30,37.40,8.00,TERMINATING,92,27,119,Affine template / Affine template
CP26_BENCHMARK_FINAL/BENCHMARK_SIMPLE_C_BPL/TERM_LASSO//lasso_traces_new_ex.t2.c/lasso_trace_99.txt,TERMINATING,0.32,42.87,7.00,TERMINATING,92,27,119,Affine template / Affine template
CP26_BENCHMARK_FINAL/BENCHMARK_SIMPLE_C_BPL/TERM_LASSO//lasso_traces_n_firewire_instrumented-PP.t2.c/lasso_trace_1.txt,TERMINATING,1.78,71.75,13.00,TERMINATING,50,45,95,Affine template / Affine template
CP26_BENCHMARK_FINAL/BENCHMARK_SIMPLE_C_BPL/TERM_LASSO//lasso_traces_n_firewire_instrumented-PP.t2.c/lasso_trace_11.txt,TERMINATING,0.37,51.11,14.00,TERMINATING,226,45,271,Affine template / Affine template
CP26_BENCHMARK_FINAL/BENCHMARK_SIMPLE_C_BPL/TERM_LASSO//lasso_traces_n_firewire_instrumented-PP.t2.c/lasso_trace_13.txt,TERMINATING,0.42,56.39,17.00,TERMINATING,250,178,428,Affine template / Affine template
CP26_BENCHMARK_FINAL/BENCHMARK_SIMPLE_C_BPL/TERM_LASSO//lasso_traces_n_firewire_instrumented-PP.t2.c/lasso_trace_14.txt,TERMINATING,0.39,54.34,13.00,TERMINATING,252,45,297,Affine template / Affine template
CP26_BENCHMARK_FINAL/BENCHMARK_SIMPLE_C_BPL/TERM_LASSO//lasso_traces_n_firewire_instrumented-PP.t2.c/lasso_trace_15.txt,TERMINATING,0.36,52.44,13.00,TERMINATING,408,45,453,Affine template / Affine template
CP26_BENCHMARK_FINAL/BENCHMARK_SIMPLE_C_BPL/TERM_LASSO//lasso_traces_n_firewire_instrumented-PP.t2.c/lasso_trace_16.txt,TERMINATING,0.33,54.84,12.00,TERMINATING,430,45,475,Affine template / Affine template
CP26_BENCHMARK_FINAL/BENCHMARK_SIMPLE_C_BPL/TERM_LASSO//lasso_traces_n_firewire_instrumented-PP.t2.c/lasso_trace_9.txt,TERMINATING,0.38,55.71,19.00,TERMINATING,224,182,406,Affine template / Affine template
CP26_BENCHMARK_FINAL/BENCHMARK_SIMPLE_C_BPL/TERM_LASSO//lasso_traces_NondeterministicLocalVarInitialValues.c/lasso_trace_1.txt,TERMINATING,1.69,44.74,7.00,TERMINATING,5,3,8,Affine template / Affine template
CP26_BENCHMARK_FINAL/BENCHMARK_SIMPLE_C_BPL/TERM_LASSO//lasso_traces_NondeterministicSvcomp.c/lasso_trace_1.txt,TERMINATING,1.83,49.72,8.00,TERMINATING,5,3,8,Affine template / Affine template
CP26_BENCHMARK_FINAL/BENCHMARK_SIMPLE_C_BPL/TERM_LASSO//lasso_traces_NonterminatingForLoopUnsafe.c/lasso_trace_1.txt,TERMINATING,1.77,65.41,8.00,TERMINATING,5,2,7,Affine template / Affine template
CP26_BENCHMARK_FINAL/BENCHMARK_SIMPLE_C_BPL/TERM_LASSO//lasso_traces_NonTermination2_false-termination.c/lasso_trace_1.txt,TERMINATING,1.79,65.89,10.00,TERMINATING,5,1,6,Affine template / Affine template
CP26_BENCHMARK_FINAL/BENCHMARK_SIMPLE_C_BPL/TERM_LASSO//lasso_traces_NoriSharma-2013FSE-Fig7-alloca_true-termination.c/lasso_trace_1.txt,TERMINATING,3.48,209.84,64.00,TERMINATING,10,10,20,Affine template / Affine template
CP26_BENCHMARK_FINAL/BENCHMARK_SIMPLE_C_BPL/TERM_LASSO//lasso_traces_NoriSharma-2013FSE-Fig7-alloca_true-termination.c/lasso_trace_2.txt,TERMINATING,2.47,207.11,94.00,TERMINATING,13,12,25,Affine template / Affine template
CP26_BENCHMARK_FINAL/BENCHMARK_SIMPLE_C_BPL/TERM_LASSO//lasso_traces_NoriSharma-2013FSE-Fig8-alloca_true-termination.c/lasso_trace_1.txt,TERMINATING,3.46,225.10,73.00,TERMINATING,12,9,21,Affine template / Affine template
CP26_BENCHMARK_FINAL/BENCHMARK_SIMPLE_C_BPL/TERM_LASSO//lasso_traces_NoriSharma-2013FSE-Fig8-alloca_true-termination.c/lasso_trace_2.txt,TERMINATING,2.14,204.00,72.00,TERMINATING,19,12,31,Affine template / Affine template
CP26_BENCHMARK_FINAL/BENCHMARK_SIMPLE_C_BPL/TERM_LASSO//lasso_traces_NoriSharma-2013FSE-Fig8-alloca_true-termination.c/lasso_trace_4.txt,TERMINATING,1.99,149.59,84.00,TERMINATING,24,9,33,Affine template / Affine template
CP26_BENCHMARK_FINAL/BENCHMARK_SIMPLE_C_BPL/TERM_LASSO//lasso_traces_NoriSharma-FSE2013-Fig7_true-termination.c/lasso_trace_1.txt,TERMINATING,2.00,125.39,49.00,UNKNOWN,5,1,6,Affine template
CP26_BENCHMARK_FINAL/BENCHMARK_SIMPLE_C_BPL/TERM_LASSO//lasso_traces_NoriSharma-FSE2013-Fig8_true-termination.c/lasso_trace_1.txt,TERMINATING,2.05,165.03,33.00,TERMINATING,5,1,6,Affine template / Affine template
CP26_BENCHMARK_FINAL/BENCHMARK_SIMPLE_C_BPL/TERM_LASSO//lasso_traces_NullpointerAfterLastIteration.c/lasso_trace_1.txt,TERMINATING,2.16,162.10,17.00,TERMINATING,5,2,7,Affine template / Affine template
CP26_BENCHMARK_FINAL/BENCHMARK_SIMPLE_C_BPL/TERM_LASSO//lasso_traces_Nyala-2lex_true-termination.c/lasso_trace_1.txt,TERMINATING,1.78,93.49,15.00,TERMINATING,5,1,6,Affine template / Affine template
CP26_BENCHMARK_FINAL/BENCHMARK_SIMPLE_C_BPL/TERM_LASSO//lasso_traces_openbsd_cbzero-alloca_true-termination.c/lasso_trace_1.txt,TERMINATING,2.15,84.56,33.00,TERMINATING,8,3,11,Affine template / Affine template
CP26_BENCHMARK_FINAL/BENCHMARK_SIMPLE_C_BPL/TERM_LASSO//lasso_traces_openbsd_cmemchr-alloca_true-termination.c/lasso_trace_1.txt,TERMINATING,2.38,181.70,55.00,TERMINATING,8,4,12,Affine template / Affine template
CP26_BENCHMARK_FINAL/BENCHMARK_SIMPLE_C_BPL/TERM_LASSO//lasso_traces_openbsd_cmemrchr-alloca_true-termination.c/lasso_trace_1.txt,TERMINATING,2.49,189.01,59.00,TERMINATING,8,4,12,Affine template / Affine template
CP26_BENCHMARK_FINAL/BENCHMARK_SIMPLE_C_BPL/TERM_LASSO//lasso_traces_openbsd_cmemset-alloca_true-termination.c/lasso_trace_1.txt,TERMINATING,2.15,101.05,24.00,TERMINATING,8,3,11,Affine template / Affine template
CP26_BENCHMARK_FINAL/BENCHMARK_SIMPLE_C_BPL/TERM_LASSO//lasso_traces_openbsd_cstpncpy-alloca_true-termination.c/lasso_trace_1.txt,TERMINATING,2.08,302.46,141.00,TERMINATING,9,5,14,Affine template / Nested template
CP26_BENCHMARK_FINAL/BENCHMARK_SIMPLE_C_BPL/TERM_LASSO//lasso_traces_openbsd_cstpncpy-alloca_true-termination.c/lasso_trace_2.txt,TERMINATING,0.76,2874.19,618.00,TERMINATING,13,3,16,Affine template / Affine template
CP26_BENCHMARK_FINAL/BENCHMARK_SIMPLE_C_BPL/TERM_LASSO//lasso_traces_openbsd_cstrcmp-alloca_true-termination.c/lasso_trace_1.txt,TERMINATING,0.88,288.34,181.00,TERMINATING,14,5,19,Affine template / Affine template
CP26_BENCHMARK_FINAL/BENCHMARK_SIMPLE_C_BPL/TERM_LASSO//lasso_traces_openbsd_cstrlcpy-alloca_true-termination.c/lasso_trace_1.txt,TERMINATING,2.35,277.66,186.00,TERMINATING,10,5,15,Affine template / Affine template
CP26_BENCHMARK_FINAL/BENCHMARK_SIMPLE_C_BPL/TERM_LASSO//lasso_traces_openbsd_cstrlcpy-alloca_true-termination.c/lasso_trace_4.txt,TERMINATING,0.84,202.64,101.00,TERMINATING,15,3,18,Affine template / Affine template
CP26_BENCHMARK_FINAL/BENCHMARK_SIMPLE_C_BPL/TERM_LASSO//lasso_traces_openbsd_cstrlen-alloca_true-termination.c/lasso_trace_1.txt,TERMINATING,2.04,167.85,34.00,TERMINATING,8,2,10,Affine template / Affine template
CP26_BENCHMARK_FINAL/BENCHMARK_SIMPLE_C_BPL/TERM_LASSO//lasso_traces_openbsd_cstrncat-alloca_true-termination.c/lasso_trace_1.txt,TERMINATING,2.00,172.94,39.00,TERMINATING,11,2,13,Affine template / Affine template
CP26_BENCHMARK_FINAL/BENCHMARK_SIMPLE_C_BPL/TERM_LASSO//lasso_traces_openbsd_cstrncpy-alloca_true-termination.c/lasso_trace_1.txt,TERMINATING,2.36,290.21,80.00,TERMINATING,9,5,14,Affine template / Affine template
CP26_BENCHMARK_FINAL/BENCHMARK_SIMPLE_C_BPL/TERM_LASSO//lasso_traces_openbsd_cstrncpy-alloca_true-termination.c/lasso_trace_2.txt,TERMINATING,0.65,477.53,239.00,TERMINATING,13,3,16,Affine template / Nested template
CP26_BENCHMARK_FINAL/BENCHMARK_SIMPLE_C_BPL/TERM_LASSO//lasso_traces_OrderDependentEquality.c/lasso_trace_1.txt,TERMINATING,1.92,95.10,16.00,TERMINATING,5,1,6,Affine template / Affine template
CP26_BENCHMARK_FINAL/BENCHMARK_SIMPLE_C_BPL/TERM_LASSO//lasso_traces_Overflow.c/lasso_trace_1.txt,TERMINATING,2.89,53.56,8.00,TERMINATING,5,1,6,Affine template / Affine template
CP26_BENCHMARK_FINAL/BENCHMARK_SIMPLE_C_BPL/TERM_LASSO//lasso_traces_p-12.t2.c/lasso_trace_1.txt,TERMINATING,1.79,51.27,5.00,TERMINATING,20,9,29,Affine template / Affine template
CP26_BENCHMARK_FINAL/BENCHMARK_SIMPLE_C_BPL/TERM_LASSO//lasso_traces_p-14.t2.c/lasso_trace_1.txt,TERMINATING,1.74,48.38,6.00,TERMINATING,20,13,33,Affine template / Affine template
CP26_BENCHMARK_FINAL/BENCHMARK_SIMPLE_C_BPL/TERM_LASSO//lasso_traces_p-15.t2.c/lasso_trace_1.txt,TERMINATING,1.78,53.21,4.00,TERMINATING,20,9,29,Affine template / Affine template
CP26_BENCHMARK_FINAL/BENCHMARK_SIMPLE_C_BPL/TERM_LASSO//lasso_traces_p-16.t2.c/lasso_trace_1.txt,TERMINATING,1.88,48.34,5.00,TERMINATING,20,9,29,Affine template / Affine template
CP26_BENCHMARK_FINAL/BENCHMARK_SIMPLE_C_BPL/TERM_LASSO//lasso_traces_p-18.t2.c/lasso_trace_1.txt,TERMINATING,1.76,45.48,5.00,TERMINATING,20,9,29,Affine template / Affine template
CP26_BENCHMARK_FINAL/BENCHMARK_SIMPLE_C_BPL/TERM_LASSO//lasso_traces_p-1b.t2.c/lasso_trace_1.txt,TERMINATING,1.92,53.03,7.00,TERMINATING,24,13,37,Affine template / Affine template
CP26_BENCHMARK_FINAL/BENCHMARK_SIMPLE_C_BPL/TERM_LASSO//lasso_traces_p-1d.t2.c/lasso_trace_1.txt,TERMINATING,1.78,60.47,10.00,TERMINATING,28,19,47,Affine template / Affine template
CP26_BENCHMARK_FINAL/BENCHMARK_SIMPLE_C_BPL/TERM_LASSO//lasso_traces_p-21.t2.c/lasso_trace_1.txt,TERMINATING,1.99,71.88,6.00,TERMINATING,24,14,38,Affine template / Affine template
CP26_BENCHMARK_FINAL/BENCHMARK_SIMPLE_C_BPL/TERM_LASSO//lasso_traces_p-21.t2.c/lasso_trace_2.txt,TERMINATING,0.43,41.16,6.00,TERMINATING,33,13,46,Affine template / Affine template
CP26_BENCHMARK_FINAL/BENCHMARK_SIMPLE_C_BPL/TERM_LASSO//lasso_traces_p-22.t2.c/lasso_trace_1.txt,TERMINATING,1.72,48.76,5.00,TERMINATING,25,9,34,Affine template / Affine template
CP26_BENCHMARK_FINAL/BENCHMARK_SIMPLE_C_BPL/TERM_LASSO//lasso_traces_p-37.t2.c/lasso_trace_1.txt,TERMINATING,1.93,60.94,10.00,TERMINATING,40,27,67,Affine template / Affine template
CP26_BENCHMARK_FINAL/BENCHMARK_SIMPLE_C_BPL/TERM_LASSO//lasso_traces_p-3.t2.c/lasso_trace_1.txt,TERMINATING,1.91,63.67,7.00,TERMINATING,24,15,39,Affine template / Affine template
CP26_BENCHMARK_FINAL/BENCHMARK_SIMPLE_C_BPL/TERM_LASSO//lasso_traces_p-40.t2.c/lasso_trace_1.txt,TERMINATING,2.26,71.28,6.00,TERMINATING,45,13,58,Affine template / Affine template
CP26_BENCHMARK_FINAL/BENCHMARK_SIMPLE_C_BPL/TERM_LASSO//lasso_traces_p-42.t2.c/lasso_trace_1.txt,TERMINATING,1.90,55.62,7.00,TERMINATING,24,14,38,Affine template / Affine template
CP26_BENCHMARK_FINAL/BENCHMARK_SIMPLE_C_BPL/TERM_LASSO//lasso_traces_p-43.t2.c/lasso_trace_1.txt,TERMINATING,1.60,60.51,9.00,TERMINATING,28,29,57,Affine template / Affine template
CP26_BENCHMARK_FINAL/BENCHMARK_SIMPLE_C_BPL/TERM_LASSO//lasso_traces_p-43.t2.c/lasso_trace_10.txt,TERMINATING,0.37,43.54,8.00,TERMINATING,191,29,220,Affine template / Affine template
CP26_BENCHMARK_FINAL/BENCHMARK_SIMPLE_C_BPL/TERM_LASSO//lasso_traces_p-43.t2.c/lasso_trace_11.txt,TERMINATING,0.28,37.74,9.00,TERMINATING,191,29,220,Affine template / Affine template
CP26_BENCHMARK_FINAL/BENCHMARK_SIMPLE_C_BPL/TERM_LASSO//lasso_traces_p-43.t2.c/lasso_trace_12.txt,TERMINATING,0.29,37.44,10.00,TERMINATING,191,29,220,Affine template / Affine template
CP26_BENCHMARK_FINAL/BENCHMARK_SIMPLE_C_BPL/TERM_LASSO//lasso_traces_p-43.t2.c/lasso_trace_13.txt,TERMINATING,0.29,36.80,10.00,TERMINATING,191,29,220,Affine template / Affine template
CP26_BENCHMARK_FINAL/BENCHMARK_SIMPLE_C_BPL/TERM_LASSO//lasso_traces_p-43.t2.c/lasso_trace_14.txt,TERMINATING,0.39,45.57,11.00,TERMINATING,191,29,220,Affine template / Affine template
CP26_BENCHMARK_FINAL/BENCHMARK_SIMPLE_C_BPL/TERM_LASSO//lasso_traces_p-43.t2.c/lasso_trace_15.txt,TERMINATING,0.31,41.80,10.00,TERMINATING,191,29,220,Affine template / Affine template
CP26_BENCHMARK_FINAL/BENCHMARK_SIMPLE_C_BPL/TERM_LASSO//lasso_traces_p-43.t2.c/lasso_trace_16.txt,TERMINATING,0.30,37.88,10.00,TERMINATING,191,29,220,Affine template / Affine template
CP26_BENCHMARK_FINAL/BENCHMARK_SIMPLE_C_BPL/TERM_LASSO//lasso_traces_p-43.t2.c/lasso_trace_17.txt,TERMINATING,0.25,38.46,9.00,TERMINATING,191,29,220,Affine template / Affine template
CP26_BENCHMARK_FINAL/BENCHMARK_SIMPLE_C_BPL/TERM_LASSO//lasso_traces_p-43.t2.c/lasso_trace_18.txt,TERMINATING,0.28,38.02,10.00,TERMINATING,191,29,220,Affine template / Affine template
CP26_BENCHMARK_FINAL/BENCHMARK_SIMPLE_C_BPL/TERM_LASSO//lasso_traces_p-43.t2.c/lasso_trace_19.txt,TERMINATING,0.33,39.53,8.00,TERMINATING,191,29,220,Affine template / Affine template
CP26_BENCHMARK_FINAL/BENCHMARK_SIMPLE_C_BPL/TERM_LASSO//lasso_traces_p-43.t2.c/lasso_trace_2.txt,TERMINATING,0.75,86.35,26.00,TERMINATING,47,40,87,Affine template / Affine template
CP26_BENCHMARK_FINAL/BENCHMARK_SIMPLE_C_BPL/TERM_LASSO//lasso_traces_p-43.t2.c/lasso_trace_20.txt,TERMINATING,0.28,40.89,10.00,TERMINATING,191,29,220,Affine template / Affine template
CP26_BENCHMARK_FINAL/BENCHMARK_SIMPLE_C_BPL/TERM_LASSO//lasso_traces_p-43.t2.c/lasso_trace_21.txt,TERMINATING,0.25,35.98,8.00,TERMINATING,191,29,220,Affine template / Affine template
CP26_BENCHMARK_FINAL/BENCHMARK_SIMPLE_C_BPL/TERM_LASSO//lasso_traces_p-43.t2.c/lasso_trace_22.txt,TERMINATING,0.29,42.58,9.00,TERMINATING,191,29,220,Affine template / Affine template
CP26_BENCHMARK_FINAL/BENCHMARK_SIMPLE_C_BPL/TERM_LASSO//lasso_traces_p-43.t2.c/lasso_trace_23.txt,TERMINATING,0.29,38.99,9.00,TERMINATING,191,29,220,Affine template / Affine template
CP26_BENCHMARK_FINAL/BENCHMARK_SIMPLE_C_BPL/TERM_LASSO//lasso_traces_p-43.t2.c/lasso_trace_24.txt,TERMINATING,0.25,39.65,14.00,TERMINATING,191,29,220,Affine template / Nested template
CP26_BENCHMARK_FINAL/BENCHMARK_SIMPLE_C_BPL/TERM_LASSO//lasso_traces_p-43.t2.c/lasso_trace_25.txt,TERMINATING,0.31,41.47,10.00,TERMINATING,191,29,220,Affine template / Affine template
CP26_BENCHMARK_FINAL/BENCHMARK_SIMPLE_C_BPL/TERM_LASSO//lasso_traces_p-43.t2.c/lasso_trace_26.txt,TERMINATING,0.30,36.20,10.00,TERMINATING,191,29,220,Affine template / Affine template
CP26_BENCHMARK_FINAL/BENCHMARK_SIMPLE_C_BPL/TERM_LASSO//lasso_traces_p-43.t2.c/lasso_trace_27.txt,TERMINATING,0.38,38.13,11.00,TERMINATING,191,29,220,Affine template / Affine template
CP26_BENCHMARK_FINAL/BENCHMARK_SIMPLE_C_BPL/TERM_LASSO//lasso_traces_p-43.t2.c/lasso_trace_28.txt,TERMINATING,0.28,39.39,9.00,TERMINATING,191,29,220,Affine template / Affine template
CP26_BENCHMARK_FINAL/BENCHMARK_SIMPLE_C_BPL/TERM_LASSO//lasso_traces_p-43.t2.c/lasso_trace_29.txt,TERMINATING,0.29,43.74,10.00,TERMINATING,191,29,220,Affine template / Affine template
CP26_BENCHMARK_FINAL/BENCHMARK_SIMPLE_C_BPL/TERM_LASSO//lasso_traces_p-43.t2.c/lasso_trace_3.txt,TERMINATING,0.29,38.70,8.00,TERMINATING,84,29,113,Affine template / Affine template
CP26_BENCHMARK_FINAL/BENCHMARK_SIMPLE_C_BPL/TERM_LASSO//lasso_traces_p-43.t2.c/lasso_trace_30.txt,TERMINATING,0.29,36.47,9.00,TERMINATING,191,29,220,Affine template / Affine template
CP26_BENCHMARK_FINAL/BENCHMARK_SIMPLE_C_BPL/TERM_LASSO//lasso_traces_p-43.t2.c/lasso_trace_31.txt,TERMINATING,0.32,37.51,11.00,TERMINATING,191,29,220,Affine template / Affine template
CP26_BENCHMARK_FINAL/BENCHMARK_SIMPLE_C_BPL/TERM_LASSO//lasso_traces_p-43.t2.c/lasso_trace_32.txt,TERMINATING,0.26,37.06,10.00,TERMINATING,191,29,220,Affine template / Affine template
CP26_BENCHMARK_FINAL/BENCHMARK_SIMPLE_C_BPL/TERM_LASSO//lasso_traces_p-43.t2.c/lasso_trace_33.txt,TERMINATING,0.29,36.56,10.00,TERMINATING,191,29,220,Affine template / Affine template
CP26_BENCHMARK_FINAL/BENCHMARK_SIMPLE_C_BPL/TERM_LASSO//lasso_traces_p-43.t2.c/lasso_trace_34.txt,TERMINATING,0.34,47.84,8.00,TERMINATING,191,29,220,Affine template / Affine template
CP26_BENCHMARK_FINAL/BENCHMARK_SIMPLE_C_BPL/TERM_LASSO//lasso_traces_p-43.t2.c/lasso_trace_35.txt,TERMINATING,0.24,35.67,10.00,TERMINATING,191,29,220,Affine template / Affine template
CP26_BENCHMARK_FINAL/BENCHMARK_SIMPLE_C_BPL/TERM_LASSO//lasso_traces_p-43.t2.c/lasso_trace_36.txt,TERMINATING,0.25,39.05,8.00,TERMINATING,191,29,220,Affine template / Affine template
CP26_BENCHMARK_FINAL/BENCHMARK_SIMPLE_C_BPL/TERM_LASSO//lasso_traces_p-43.t2.c/lasso_trace_37.txt,TERMINATING,0.30,39.98,11.00,TERMINATING,191,29,220,Affine template / Affine template
CP26_BENCHMARK_FINAL/BENCHMARK_SIMPLE_C_BPL/TERM_LASSO//lasso_traces_p-43.t2.c/lasso_trace_38.txt,TERMINATING,0.32,38.61,8.00,TERMINATING,191,29,220,Affine template / Affine template
CP26_BENCHMARK_FINAL/BENCHMARK_SIMPLE_C_BPL/TERM_LASSO//lasso_traces_p-43.t2.c/lasso_trace_39.txt,TERMINATING,0.32,38.11,8.00,TERMINATING,191,29,220,Affine template / Affine template
CP26_BENCHMARK_FINAL/BENCHMARK_SIMPLE_C_BPL/TERM_LASSO//lasso_traces_p-43.t2.c/lasso_trace_4.txt,TERMINATING,0.28,39.09,9.00,TERMINATING,113,29,142,Affine template / Affine template
CP26_BENCHMARK_FINAL/BENCHMARK_SIMPLE_C_BPL/TERM_LASSO//lasso_traces_p-43.t2.c/lasso_trace_40.txt,TERMINATING,0.26,36.76,9.00,TERMINATING,191,29,220,Affine template / Affine template
CP26_BENCHMARK_FINAL/BENCHMARK_SIMPLE_C_BPL/TERM_LASSO//lasso_traces_p-43.t2.c/lasso_trace_41.txt,TERMINATING,0.29,37.33,10.00,TERMINATING,191,29,220,Affine template / Affine template
CP26_BENCHMARK_FINAL/BENCHMARK_SIMPLE_C_BPL/TERM_LASSO//lasso_traces_p-43.t2.c/lasso_trace_42.txt,TERMINATING,0.30,37.55,10.00,TERMINATING,191,29,220,Affine template / Affine template
CP26_BENCHMARK_FINAL/BENCHMARK_SIMPLE_C_BPL/TERM_LASSO//lasso_traces_p-43.t2.c/lasso_trace_43.txt,TERMINATING,0.32,38.39,8.00,TERMINATING,191,29,220,Affine template / Affine template
CP26_BENCHMARK_FINAL/BENCHMARK_SIMPLE_C_BPL/TERM_LASSO//lasso_traces_p-43.t2.c/lasso_trace_44.txt,TERMINATING,0.25,41.15,9.00,TERMINATING,191,29,220,Affine template / Affine template
CP26_BENCHMARK_FINAL/BENCHMARK_SIMPLE_C_BPL/TERM_LASSO//lasso_traces_p-43.t2.c/lasso_trace_45.txt,TERMINATING,0.30,39.62,8.00,TERMINATING,191,29,220,Affine template / Affine template
CP26_BENCHMARK_FINAL/BENCHMARK_SIMPLE_C_BPL/TERM_LASSO//lasso_traces_p-43.t2.c/lasso_trace_46.txt,TERMINATING,0.37,39.00,10.00,TERMINATING,191,29,220,Affine template / Affine template
CP26_BENCHMARK_FINAL/BENCHMARK_SIMPLE_C_BPL/TERM_LASSO//lasso_traces_p-43.t2.c/lasso_trace_47.txt,TERMINATING,0.28,36.14,8.00,TERMINATING,191,29,220,Affine template / Affine template
CP26_BENCHMARK_FINAL/BENCHMARK_SIMPLE_C_BPL/TERM_LASSO//lasso_traces_p-43.t2.c/lasso_trace_48.txt,TERMINATING,0.31,38.98,9.00,TERMINATING,191,29,220,Affine template / Affine template
CP26_BENCHMARK_FINAL/BENCHMARK_SIMPLE_C_BPL/TERM_LASSO//lasso_traces_p-43.t2.c/lasso_trace_49.txt,TERMINATING,0.32,37.86,7.00,TERMINATING,191,29,220,Affine template / Affine template
CP26_BENCHMARK_FINAL/BENCHMARK_SIMPLE_C_BPL/TERM_LASSO//lasso_traces_p-43.t2.c/lasso_trace_5.txt,TERMINATING,0.26,39.19,8.00,TERMINATING,84,69,153,Affine template / Affine template
CP26_BENCHMARK_FINAL/BENCHMARK_SIMPLE_C_BPL/TERM_LASSO//lasso_traces_p-43.t2.c/lasso_trace_50.txt,TERMINATING,0.28,36.00,10.00,TERMINATING,191,29,220,Affine template / Affine template
CP26_BENCHMARK_FINAL/BENCHMARK_SIMPLE_C_BPL/TERM_LASSO//lasso_traces_p-43.t2.c/lasso_trace_51.txt,TERMINATING,0.28,38.95,10.00,TERMINATING,191,29,220,Affine template / Affine template
CP26_BENCHMARK_FINAL/BENCHMARK_SIMPLE_C_BPL/TERM_LASSO//lasso_traces_p-43.t2.c/lasso_trace_52.txt,TERMINATING,0.27,36.25,8.00,TERMINATING,191,29,220,Affine template / Affine template
CP26_BENCHMARK_FINAL/BENCHMARK_SIMPLE_C_BPL/TERM_LASSO//lasso_traces_p-43.t2.c/lasso_trace_53.txt,TERMINATING,0.31,45.79,9.00,TERMINATING,191,29,220,Affine template / Affine template
CP26_BENCHMARK_FINAL/BENCHMARK_SIMPLE_C_BPL/TERM_LASSO//lasso_traces_p-43.t2.c/lasso_trace_54.txt,TERMINATING,0.31,38.05,9.00,TERMINATING,191,29,220,Affine template / Affine template
CP26_BENCHMARK_FINAL/BENCHMARK_SIMPLE_C_BPL/TERM_LASSO//lasso_traces_p-43.t2.c/lasso_trace_55.txt,TERMINATING,0.33,38.95,8.00,TERMINATING,191,29,220,Affine template / Affine template
CP26_BENCHMARK_FINAL/BENCHMARK_SIMPLE_C_BPL/TERM_LASSO//lasso_traces_p-43.t2.c/lasso_trace_56.txt,TERMINATING,0.27,41.31,8.00,TERMINATING,191,29,220,Affine template / Affine template
CP26_BENCHMARK_FINAL/BENCHMARK_SIMPLE_C_BPL/TERM_LASSO//lasso_traces_p-43.t2.c/lasso_trace_57.txt,TERMINATING,0.30,37.75,9.00,TERMINATING,191,29,220,Affine template / Affine template
CP26_BENCHMARK_FINAL/BENCHMARK_SIMPLE_C_BPL/TERM_LASSO//lasso_traces_p-43.t2.c/lasso_trace_58.txt,TERMINATING,0.33,39.79,11.00,TERMINATING,191,29,220,Affine template / Affine template
CP26_BENCHMARK_FINAL/BENCHMARK_SIMPLE_C_BPL/TERM_LASSO//lasso_traces_p-43.t2.c/lasso_trace_59.txt,TERMINATING,0.29,41.28,9.00,TERMINATING,191,29,220,Affine template / Affine template
CP26_BENCHMARK_FINAL/BENCHMARK_SIMPLE_C_BPL/TERM_LASSO//lasso_traces_p-43.t2.c/lasso_trace_6.txt,TERMINATING,0.28,38.75,10.00,TERMINATING,137,69,206,Affine template / Affine template
CP26_BENCHMARK_FINAL/BENCHMARK_SIMPLE_C_BPL/TERM_LASSO//lasso_traces_p-43.t2.c/lasso_trace_60.txt,TERMINATING,0.37,49.00,9.00,TERMINATING,191,29,220,Affine template / Affine template
CP26_BENCHMARK_FINAL/BENCHMARK_SIMPLE_C_BPL/TERM_LASSO//lasso_traces_p-43.t2.c/lasso_trace_61.txt,TERMINATING,0.31,39.25,9.00,TERMINATING,191,29,220,Affine template / Affine template
CP26_BENCHMARK_FINAL/BENCHMARK_SIMPLE_C_BPL/TERM_LASSO//lasso_traces_p-43.t2.c/lasso_trace_62.txt,TERMINATING,0.45,36.58,9.00,TERMINATING,191,29,220,Affine template / Affine template
CP26_BENCHMARK_FINAL/BENCHMARK_SIMPLE_C_BPL/TERM_LASSO//lasso_traces_p-43.t2.c/lasso_trace_63.txt,TERMINATING,0.34,37.90,11.00,TERMINATING,191,29,220,Affine template / Affine template
CP26_BENCHMARK_FINAL/BENCHMARK_SIMPLE_C_BPL/TERM_LASSO//lasso_traces_p-43.t2.c/lasso_trace_64.txt,TERMINATING,0.32,44.46,9.00,TERMINATING,191,29,220,Affine template / Affine template
CP26_BENCHMARK_FINAL/BENCHMARK_SIMPLE_C_BPL/TERM_LASSO//lasso_traces_p-43.t2.c/lasso_trace_65.txt,TERMINATING,0.43,40.65,10.00,TERMINATING,191,29,220,Affine template / Affine template
CP26_BENCHMARK_FINAL/BENCHMARK_SIMPLE_C_BPL/TERM_LASSO//lasso_traces_p-43.t2.c/lasso_trace_66.txt,TERMINATING,0.32,42.83,9.00,TERMINATING,191,29,220,Affine template / Affine template
CP26_BENCHMARK_FINAL/BENCHMARK_SIMPLE_C_BPL/TERM_LASSO//lasso_traces_p-43.t2.c/lasso_trace_67.txt,TERMINATING,0.29,41.49,10.00,TERMINATING,191,29,220,Affine template / Affine template
CP26_BENCHMARK_FINAL/BENCHMARK_SIMPLE_C_BPL/TERM_LASSO//lasso_traces_p-43.t2.c/lasso_trace_68.txt,TERMINATING,0.30,37.16,10.00,TERMINATING,191,29,220,Affine template / Affine template
CP26_BENCHMARK_FINAL/BENCHMARK_SIMPLE_C_BPL/TERM_LASSO//lasso_traces_p-43.t2.c/lasso_trace_69.txt,TERMINATING,0.31,45.86,10.00,TERMINATING,191,29,220,Affine template / Affine template
CP26_BENCHMARK_FINAL/BENCHMARK_SIMPLE_C_BPL/TERM_LASSO//lasso_traces_p-43.t2.c/lasso_trace_7.txt,TERMINATING,0.34,77.87,22.00,TERMINATING,140,40,180,Affine template / Affine template
CP26_BENCHMARK_FINAL/BENCHMARK_SIMPLE_C_BPL/TERM_LASSO//lasso_traces_p-43.t2.c/lasso_trace_70.txt,TERMINATING,0.30,37.06,10.00,TERMINATING,191,29,220,Affine template / Affine template
CP26_BENCHMARK_FINAL/BENCHMARK_SIMPLE_C_BPL/TERM_LASSO//lasso_traces_p-43.t2.c/lasso_trace_71.txt,TERMINATING,0.38,36.46,10.00,TERMINATING,191,29,220,Affine template / Affine template
CP26_BENCHMARK_FINAL/BENCHMARK_SIMPLE_C_BPL/TERM_LASSO//lasso_traces_p-43.t2.c/lasso_trace_72.txt,TERMINATING,0.37,42.81,10.00,TERMINATING,191,29,220,Affine template / Affine template
CP26_BENCHMARK_FINAL/BENCHMARK_SIMPLE_C_BPL/TERM_LASSO//lasso_traces_p-43.t2.c/lasso_trace_73.txt,TERMINATING,0.32,47.47,9.00,TERMINATING,191,29,220,Affine template / Affine template
CP26_BENCHMARK_FINAL/BENCHMARK_SIMPLE_C_BPL/TERM_LASSO//lasso_traces_p-43.t2.c/lasso_trace_74.txt,TERMINATING,0.30,36.56,10.00,TERMINATING,191,29,220,Affine template / Affine template
CP26_BENCHMARK_FINAL/BENCHMARK_SIMPLE_C_BPL/TERM_LASSO//lasso_traces_p-43.t2.c/lasso_trace_75.txt,TERMINATING,0.32,36.66,10.00,TERMINATING,191,29,220,Affine template / Affine template
CP26_BENCHMARK_FINAL/BENCHMARK_SIMPLE_C_BPL/TERM_LASSO//lasso_traces_p-43.t2.c/lasso_trace_76.txt,TERMINATING,0.31,42.32,9.00,TERMINATING,191,29,220,Affine template / Affine template
CP26_BENCHMARK_FINAL/BENCHMARK_SIMPLE_C_BPL/TERM_LASSO//lasso_traces_p-43.t2.c/lasso_trace_77.txt,TERMINATING,0.28,36.20,8.00,TERMINATING,191,29,220,Affine template / Affine template
CP26_BENCHMARK_FINAL/BENCHMARK_SIMPLE_C_BPL/TERM_LASSO//lasso_traces_p-43.t2.c/lasso_trace_78.txt,TERMINATING,0.34,37.79,8.00,TERMINATING,191,29,220,Affine template / Affine template
CP26_BENCHMARK_FINAL/BENCHMARK_SIMPLE_C_BPL/TERM_LASSO//lasso_traces_p-43.t2.c/lasso_trace_79.txt,TERMINATING,0.26,41.49,11.00,TERMINATING,191,29,220,Affine template / Affine template
CP26_BENCHMARK_FINAL/BENCHMARK_SIMPLE_C_BPL/TERM_LASSO//lasso_traces_p-43.t2.c/lasso_trace_8.txt,TERMINATING,0.29,37.90,8.00,TERMINATING,191,29,220,Affine template / Affine template
CP26_BENCHMARK_FINAL/BENCHMARK_SIMPLE_C_BPL/TERM_LASSO//lasso_traces_p-43.t2.c/lasso_trace_80.txt,TERMINATING,0.39,38.48,10.00,TERMINATING,191,29,220,Affine template / Affine template
CP26_BENCHMARK_FINAL/BENCHMARK_SIMPLE_C_BPL/TERM_LASSO//lasso_traces_p-43.t2.c/lasso_trace_81.txt,TERMINATING,0.30,36.01,9.00,TERMINATING,191,29,220,Affine template / Affine template
CP26_BENCHMARK_FINAL/BENCHMARK_SIMPLE_C_BPL/TERM_LASSO//lasso_traces_p-43.t2.c/lasso_trace_82.txt,TERMINATING,0.30,39.91,9.00,TERMINATING,191,29,220,Affine template / Affine template
CP26_BENCHMARK_FINAL/BENCHMARK_SIMPLE_C_BPL/TERM_LASSO//lasso_traces_p-43.t2.c/lasso_trace_83.txt,TERMINATING,0.29,37.84,8.00,TERMINATING,191,29,220,Affine template / Affine template
CP26_BENCHMARK_FINAL/BENCHMARK_SIMPLE_C_BPL/TERM_LASSO//lasso_traces_p-43.t2.c/lasso_trace_84.txt,TERMINATING,0.31,37.23,11.00,TERMINATING,191,29,220,Affine template / Affine template
CP26_BENCHMARK_FINAL/BENCHMARK_SIMPLE_C_BPL/TERM_LASSO//lasso_traces_p-43.t2.c/lasso_trace_9.txt,TERMINATING,0.33,37.08,9.00,TERMINATING,191,29,220,Affine template / Affine template
CP26_BENCHMARK_FINAL/BENCHMARK_SIMPLE_C_BPL/TERM_LASSO//lasso_traces_p-43-terminate.t2.c/lasso_trace_10.txt,TERMINATING,0.38,57.18,14.00,TERMINATING,169,41,210,Affine template / Affine template
CP26_BENCHMARK_FINAL/BENCHMARK_SIMPLE_C_BPL/TERM_LASSO//lasso_traces_p-43-terminate.t2.c/lasso_trace_11.txt,TERMINATING,0.43,56.41,18.00,TERMINATING,160,48,208,Affine template / Affine template
CP26_BENCHMARK_FINAL/BENCHMARK_SIMPLE_C_BPL/TERM_LASSO//lasso_traces_p-43-terminate.t2.c/lasso_trace_12.txt,TERMINATING,0.38,65.51,16.00,TERMINATING,165,53,218,Affine template / Affine template
CP26_BENCHMARK_FINAL/BENCHMARK_SIMPLE_C_BPL/TERM_LASSO//lasso_traces_p-43-terminate.t2.c/lasso_trace_13.txt,TERMINATING,0.33,55.80,14.00,TERMINATING,214,50,264,Affine template / Affine template
CP26_BENCHMARK_FINAL/BENCHMARK_SIMPLE_C_BPL/TERM_LASSO//lasso_traces_p-43-terminate.t2.c/lasso_trace_14.txt,TERMINATING,0.43,58.64,17.00,TERMINATING,207,41,248,Affine template / Affine template
CP26_BENCHMARK_FINAL/BENCHMARK_SIMPLE_C_BPL/TERM_LASSO//lasso_traces_p-43-terminate.t2.c/lasso_trace_15.txt,TERMINATING,0.30,55.58,16.00,TERMINATING,229,61,290,Affine template / Affine template
CP26_BENCHMARK_FINAL/BENCHMARK_SIMPLE_C_BPL/TERM_LASSO//lasso_traces_p-43-terminate.t2.c/lasso_trace_16.txt,TERMINATING,0.40,59.68,19.00,TERMINATING,245,41,286,Affine template / Affine template
CP26_BENCHMARK_FINAL/BENCHMARK_SIMPLE_C_BPL/TERM_LASSO//lasso_traces_p-43-terminate.t2.c/lasso_trace_17.txt,TERMINATING,0.51,76.02,29.00,TERMINATING,290,89,379,Affine template / Affine template
CP26_BENCHMARK_FINAL/BENCHMARK_SIMPLE_C_BPL/TERM_LASSO//lasso_traces_p-43-terminate.t2.c/lasso_trace_18.txt,TERMINATING,0.51,140.00,57.00,TERMINATING,296,48,344,Affine template / Affine template
CP26_BENCHMARK_FINAL/BENCHMARK_SIMPLE_C_BPL/TERM_LASSO//lasso_traces_p-43-terminate.t2.c/lasso_trace_2.txt,TERMINATING,1.55,71.90,12.00,TERMINATING,56,50,106,Affine template / Affine template
CP26_BENCHMARK_FINAL/BENCHMARK_SIMPLE_C_BPL/TERM_LASSO//lasso_traces_p-43-terminate.t2.c/lasso_trace_20.txt,TERMINATING,0.45,58.95,17.00,TERMINATING,306,41,347,Affine template / Affine template
CP26_BENCHMARK_FINAL/BENCHMARK_SIMPLE_C_BPL/TERM_LASSO//lasso_traces_p-43-terminate.t2.c/lasso_trace_21.txt,TERMINATING,0.45,124.20,45.00,TERMINATING,352,48,400,Affine template / Affine template
CP26_BENCHMARK_FINAL/BENCHMARK_SIMPLE_C_BPL/TERM_LASSO//lasso_traces_p-43-terminate.t2.c/lasso_trace_3.txt,TERMINATING,0.78,112.07,37.00,TERMINATING,116,61,177,Affine template / Affine template
CP26_BENCHMARK_FINAL/BENCHMARK_SIMPLE_C_BPL/TERM_LASSO//lasso_traces_p-43-terminate.t2.c/lasso_trace_4.txt,TERMINATING,0.42,60.60,15.00,TERMINATING,119,48,167,Affine template / Affine template
CP26_BENCHMARK_FINAL/BENCHMARK_SIMPLE_C_BPL/TERM_LASSO//lasso_traces_p-43-terminate.t2.c/lasso_trace_5.txt,TERMINATING,0.48,68.29,20.00,TERMINATING,153,89,242,Affine template / Affine template
CP26_BENCHMARK_FINAL/BENCHMARK_SIMPLE_C_BPL/TERM_LASSO//lasso_traces_p-43-terminate.t2.c/lasso_trace_6.txt,TERMINATING,0.43,58.41,17.00,TERMINATING,156,41,197,Affine template / Affine template
CP26_BENCHMARK_FINAL/BENCHMARK_SIMPLE_C_BPL/TERM_LASSO//lasso_traces_p-43-terminate.t2.c/lasso_trace_7.txt,TERMINATING,0.43,52.13,19.00,TERMINATING,164,50,214,Affine template / Affine template
CP26_BENCHMARK_FINAL/BENCHMARK_SIMPLE_C_BPL/TERM_LASSO//lasso_traces_p-44.t2.c/lasso_trace_1.txt,TERMINATING,1.55,55.34,11.00,TERMINATING,24,23,47,Affine template / Affine template
CP26_BENCHMARK_FINAL/BENCHMARK_SIMPLE_C_BPL/TERM_LASSO//lasso_traces_p-45.t2.c/lasso_trace_1.txt,TERMINATING,1.99,80.81,10.00,TERMINATING,40,34,74,Affine template / Affine template
CP26_BENCHMARK_FINAL/BENCHMARK_SIMPLE_C_BPL/TERM_LASSO//lasso_traces_p-46.t2.c/lasso_trace_1.txt,TERMINATING,1.64,59.32,8.00,TERMINATING,36,26,62,Affine template / Affine template
CP26_BENCHMARK_FINAL/BENCHMARK_SIMPLE_C_BPL/TERM_LASSO//lasso_traces_p-46.t2.c/lasso_trace_10.txt,TERMINATING,0.32,42.04,9.00,TERMINATING,134,26,160,Affine template / Affine template
CP26_BENCHMARK_FINAL/BENCHMARK_SIMPLE_C_BPL/TERM_LASSO//lasso_traces_p-46.t2.c/lasso_trace_100.txt,TERMINATING,0.37,41.12,8.00,TERMINATING,134,26,160,Affine template / Affine template
CP26_BENCHMARK_FINAL/BENCHMARK_SIMPLE_C_BPL/TERM_LASSO//lasso_traces_p-46.t2.c/lasso_trace_101.txt,TERMINATING,0.38,41.78,8.00,TERMINATING,134,26,160,Affine template / Affine template
CP26_BENCHMARK_FINAL/BENCHMARK_SIMPLE_C_BPL/TERM_LASSO//lasso_traces_p-46.t2.c/lasso_trace_102.txt,TERMINATING,0.37,40.83,9.00,TERMINATING,134,26,160,Affine template / Affine template
CP26_BENCHMARK_FINAL/BENCHMARK_SIMPLE_C_BPL/TERM_LASSO//lasso_traces_p-46.t2.c/lasso_trace_103.txt,TERMINATING,0.38,50.43,11.00,TERMINATING,134,26,160,Affine template / Affine template
CP26_BENCHMARK_FINAL/BENCHMARK_SIMPLE_C_BPL/TERM_LASSO//lasso_traces_p-46.t2.c/lasso_trace_104.txt,TERMINATING,0.34,40.77,10.00,TERMINATING,134,26,160,Affine template / Affine template
CP26_BENCHMARK_FINAL/BENCHMARK_SIMPLE_C_BPL/TERM_LASSO//lasso_traces_p-46.t2.c/lasso_trace_105.txt,TERMINATING,0.35,39.54,10.00,TERMINATING,134,26,160,Affine template / Affine template
CP26_BENCHMARK_FINAL/BENCHMARK_SIMPLE_C_BPL/TERM_LASSO//lasso_traces_p-46.t2.c/lasso_trace_106.txt,TERMINATING,0.33,36.48,8.00,TERMINATING,134,26,160,Affine template / Affine template
CP26_BENCHMARK_FINAL/BENCHMARK_SIMPLE_C_BPL/TERM_LASSO//lasso_traces_p-46.t2.c/lasso_trace_107.txt,TERMINATING,0.39,43.42,9.00,TERMINATING,134,26,160,Affine template / Affine template
CP26_BENCHMARK_FINAL/BENCHMARK_SIMPLE_C_BPL/TERM_LASSO//lasso_traces_p-46.t2.c/lasso_trace_108.txt,TERMINATING,0.37,38.74,10.00,TERMINATING,134,26,160,Affine template / Affine template
CP26_BENCHMARK_FINAL/BENCHMARK_SIMPLE_C_BPL/TERM_LASSO//lasso_traces_p-46.t2.c/lasso_trace_109.txt,TERMINATING,0.38,40.24,9.00,TERMINATING,134,26,160,Affine template / Affine template
CP26_BENCHMARK_FINAL/BENCHMARK_SIMPLE_C_BPL/TERM_LASSO//lasso_traces_p-46.t2.c/lasso_trace_11.txt,TERMINATING,0.32,43.07,10.00,TERMINATING,134,26,160,Affine template / Affine template
CP26_BENCHMARK_FINAL/BENCHMARK_SIMPLE_C_BPL/TERM_LASSO//lasso_traces_p-46.t2.c/lasso_trace_110.txt,TERMINATING,0.39,40.21,10.00,TERMINATING,134,26,160,Affine template / Affine template
CP26_BENCHMARK_FINAL/BENCHMARK_SIMPLE_C_BPL/TERM_LASSO//lasso_traces_p-46.t2.c/lasso_trace_111.txt,TERMINATING,0.41,41.47,10.00,TERMINATING,134,26,160,Affine template / Affine template
CP26_BENCHMARK_FINAL/BENCHMARK_SIMPLE_C_BPL/TERM_LASSO//lasso_traces_p-46.t2.c/lasso_trace_112.txt,TERMINATING,0.33,42.73,8.00,TERMINATING,134,26,160,Affine template / Affine template
CP26_BENCHMARK_FINAL/BENCHMARK_SIMPLE_C_BPL/TERM_LASSO//lasso_traces_p-46.t2.c/lasso_trace_113.txt,TERMINATING,0.35,41.50,10.00,TERMINATING,134,26,160,Affine template / Affine template
CP26_BENCHMARK_FINAL/BENCHMARK_SIMPLE_C_BPL/TERM_LASSO//lasso_traces_p-46.t2.c/lasso_trace_114.txt,TERMINATING,0.30,38.45,10.00,TERMINATING,134,26,160,Affine template / Affine template
CP26_BENCHMARK_FINAL/BENCHMARK_SIMPLE_C_BPL/TERM_LASSO//lasso_traces_p-46.t2.c/lasso_trace_115.txt,TERMINATING,0.29,45.56,13.00,TERMINATING,134,26,160,Affine template / Affine template
CP26_BENCHMARK_FINAL/BENCHMARK_SIMPLE_C_BPL/TERM_LASSO//lasso_traces_p-46.t2.c/lasso_trace_116.txt,TERMINATING,0.38,39.97,9.00,TERMINATING,134,26,160,Affine template / Affine template
CP26_BENCHMARK_FINAL/BENCHMARK_SIMPLE_C_BPL/TERM_LASSO//lasso_traces_p-46.t2.c/lasso_trace_117.txt,TERMINATING,0.38,38.99,9.00,TERMINATING,134,26,160,Affine template / Affine template
CP26_BENCHMARK_FINAL/BENCHMARK_SIMPLE_C_BPL/TERM_LASSO//lasso_traces_p-46.t2.c/lasso_trace_118.txt,TERMINATING,0.37,43.17,8.00,TERMINATING,134,26,160,Affine template / Affine template
CP26_BENCHMARK_FINAL/BENCHMARK_SIMPLE_C_BPL/TERM_LASSO//lasso_traces_p-46.t2.c/lasso_trace_119.txt,TERMINATING,0.35,44.64,8.00,TERMINATING,134,26,160,Affine template / Affine template
CP26_BENCHMARK_FINAL/BENCHMARK_SIMPLE_C_BPL/TERM_LASSO//lasso_traces_p-46.t2.c/lasso_trace_12.txt,TERMINATING,0.40,39.83,10.00,TERMINATING,134,26,160,Affine template / Affine template
CP26_BENCHMARK_FINAL/BENCHMARK_SIMPLE_C_BPL/TERM_LASSO//lasso_traces_p-46.t2.c/lasso_trace_120.txt,TERMINATING,0.31,41.38,9.00,TERMINATING,134,26,160,Affine template / Affine template
CP26_BENCHMARK_FINAL/BENCHMARK_SIMPLE_C_BPL/TERM_LASSO//lasso_traces_p-46.t2.c/lasso_trace_121.txt,TERMINATING,0.37,39.37,11.00,TERMINATING,134,26,160,Affine template / Affine template
CP26_BENCHMARK_FINAL/BENCHMARK_SIMPLE_C_BPL/TERM_LASSO//lasso_traces_p-46.t2.c/lasso_trace_122.txt,TERMINATING,0.51,57.58,10.00,TERMINATING,134,26,160,Affine template / Affine template
CP26_BENCHMARK_FINAL/BENCHMARK_SIMPLE_C_BPL/TERM_LASSO//lasso_traces_p-46.t2.c/lasso_trace_123.txt,TERMINATING,0.36,42.75,10.00,TERMINATING,134,26,160,Affine template / Affine template
CP26_BENCHMARK_FINAL/BENCHMARK_SIMPLE_C_BPL/TERM_LASSO//lasso_traces_p-46.t2.c/lasso_trace_124.txt,TERMINATING,0.37,38.81,9.00,TERMINATING,134,26,160,Affine template / Affine template
CP26_BENCHMARK_FINAL/BENCHMARK_SIMPLE_C_BPL/TERM_LASSO//lasso_traces_p-46.t2.c/lasso_trace_125.txt,TERMINATING,0.36,45.92,9.00,TERMINATING,134,26,160,Affine template / Affine template
CP26_BENCHMARK_FINAL/BENCHMARK_SIMPLE_C_BPL/TERM_LASSO//lasso_traces_p-46.t2.c/lasso_trace_126.txt,TERMINATING,0.40,40.87,10.00,TERMINATING,134,26,160,Affine template / Affine template
CP26_BENCHMARK_FINAL/BENCHMARK_SIMPLE_C_BPL/TERM_LASSO//lasso_traces_p-46.t2.c/lasso_trace_127.txt,TERMINATING,0.37,39.04,11.00,TERMINATING,134,26,160,Affine template / Affine template
CP26_BENCHMARK_FINAL/BENCHMARK_SIMPLE_C_BPL/TERM_LASSO//lasso_traces_p-46.t2.c/lasso_trace_128.txt,TERMINATING,0.39,43.64,8.00,TERMINATING,134,26,160,Affine template / Affine template
CP26_BENCHMARK_FINAL/BENCHMARK_SIMPLE_C_BPL/TERM_LASSO//lasso_traces_p-46.t2.c/lasso_trace_129.txt,TERMINATING,0.44,39.51,8.00,TERMINATING,134,26,160,Affine template / Affine template
CP26_BENCHMARK_FINAL/BENCHMARK_SIMPLE_C_BPL/TERM_LASSO//lasso_traces_p-46.t2.c/lasso_trace_13.txt,TERMINATING,0.33,42.34,10.00,TERMINATING,134,26,160,Affine template / Affine template
CP26_BENCHMARK_FINAL/BENCHMARK_SIMPLE_C_BPL/TERM_LASSO//lasso_traces_p-46.t2.c/lasso_trace_130.txt,TERMINATING,0.34,45.69,9.00,TERMINATING,134,26,160,Affine template / Affine template
CP26_BENCHMARK_FINAL/BENCHMARK_SIMPLE_C_BPL/TERM_LASSO//lasso_traces_p-46.t2.c/lasso_trace_131.txt,TERMINATING,0.31,41.94,10.00,TERMINATING,134,26,160,Affine template / Affine template
CP26_BENCHMARK_FINAL/BENCHMARK_SIMPLE_C_BPL/TERM_LASSO//lasso_traces_p-46.t2.c/lasso_trace_132.txt,TERMINATING,0.37,38.40,9.00,TERMINATING,134,26,160,Affine template / Affine template
CP26_BENCHMARK_FINAL/BENCHMARK_SIMPLE_C_BPL/TERM_LASSO//lasso_traces_p-46.t2.c/lasso_trace_133.txt,TERMINATING,0.41,39.79,9.00,TERMINATING,134,26,160,Affine template / Affine template
CP26_BENCHMARK_FINAL/BENCHMARK_SIMPLE_C_BPL/TERM_LASSO//lasso_traces_p-46.t2.c/lasso_trace_134.txt,TERMINATING,0.28,39.39,8.00,TERMINATING,134,26,160,Affine template / Affine template
CP26_BENCHMARK_FINAL/BENCHMARK_SIMPLE_C_BPL/TERM_LASSO//lasso_traces_p-46.t2.c/lasso_trace_135.txt,TERMINATING,0.47,45.53,10.00,TERMINATING,134,26,160,Affine template / Affine template
CP26_BENCHMARK_FINAL/BENCHMARK_SIMPLE_C_BPL/TERM_LASSO//lasso_traces_p-46.t2.c/lasso_trace_136.txt,TERMINATING,0.28,40.30,8.00,TERMINATING,134,26,160,Affine template / Affine template
CP26_BENCHMARK_FINAL/BENCHMARK_SIMPLE_C_BPL/TERM_LASSO//lasso_traces_p-46.t2.c/lasso_trace_137.txt,TERMINATING,0.31,45.26,9.00,TERMINATING,134,26,160,Affine template / Affine template
CP26_BENCHMARK_FINAL/BENCHMARK_SIMPLE_C_BPL/TERM_LASSO//lasso_traces_p-46.t2.c/lasso_trace_138.txt,TERMINATING,0.37,37.69,9.00,TERMINATING,134,26,160,Affine template / Affine template
CP26_BENCHMARK_FINAL/BENCHMARK_SIMPLE_C_BPL/TERM_LASSO//lasso_traces_p-46.t2.c/lasso_trace_139.txt,TERMINATING,0.31,40.54,11.00,TERMINATING,134,26,160,Affine template / Affine template
CP26_BENCHMARK_FINAL/BENCHMARK_SIMPLE_C_BPL/TERM_LASSO//lasso_traces_p-46.t2.c/lasso_trace_14.txt,TERMINATING,0.34,44.84,11.00,TERMINATING,134,26,160,Affine template / Affine template
CP26_BENCHMARK_FINAL/BENCHMARK_SIMPLE_C_BPL/TERM_LASSO//lasso_traces_p-46.t2.c/lasso_trace_140.txt,TERMINATING,0.34,38.73,10.00,TERMINATING,134,26,160,Affine template / Affine template
CP26_BENCHMARK_FINAL/BENCHMARK_SIMPLE_C_BPL/TERM_LASSO//lasso_traces_p-46.t2.c/lasso_trace_141.txt,TERMINATING,0.34,43.14,10.00,TERMINATING,134,26,160,Affine template / Affine template
CP26_BENCHMARK_FINAL/BENCHMARK_SIMPLE_C_BPL/TERM_LASSO//lasso_traces_p-46.t2.c/lasso_trace_142.txt,TERMINATING,0.33,38.03,8.00,TERMINATING,134,26,160,Affine template / Affine template
CP26_BENCHMARK_FINAL/BENCHMARK_SIMPLE_C_BPL/TERM_LASSO//lasso_traces_p-46.t2.c/lasso_trace_143.txt,TERMINATING,0.28,39.40,9.00,TERMINATING,134,26,160,Affine template / Affine template
CP26_BENCHMARK_FINAL/BENCHMARK_SIMPLE_C_BPL/TERM_LASSO//lasso_traces_p-46.t2.c/lasso_trace_144.txt,TERMINATING,0.33,39.63,8.00,TERMINATING,134,26,160,Affine template / Affine template
CP26_BENCHMARK_FINAL/BENCHMARK_SIMPLE_C_BPL/TERM_LASSO//lasso_traces_p-46.t2.c/lasso_trace_145.txt,TERMINATING,0.28,40.44,10.00,TERMINATING,134,26,160,Affine template / Affine template
CP26_BENCHMARK_FINAL/BENCHMARK_SIMPLE_C_BPL/TERM_LASSO//lasso_traces_p-46.t2.c/lasso_trace_146.txt,TERMINATING,0.31,38.02,8.00,TERMINATING,134,26,160,Affine template / Affine template
CP26_BENCHMARK_FINAL/BENCHMARK_SIMPLE_C_BPL/TERM_LASSO//lasso_traces_p-46.t2.c/lasso_trace_147.txt,TERMINATING,0.33,38.52,10.00,TERMINATING,134,26,160,Affine template / Affine template
CP26_BENCHMARK_FINAL/BENCHMARK_SIMPLE_C_BPL/TERM_LASSO//lasso_traces_p-46.t2.c/lasso_trace_148.txt,TERMINATING,0.38,40.11,9.00,TERMINATING,134,26,160,Affine template / Affine template
CP26_BENCHMARK_FINAL/BENCHMARK_SIMPLE_C_BPL/TERM_LASSO//lasso_traces_p-46.t2.c/lasso_trace_149.txt,TERMINATING,0.28,41.79,8.00,TERMINATING,134,26,160,Affine template / Affine template
CP26_BENCHMARK_FINAL/BENCHMARK_SIMPLE_C_BPL/TERM_LASSO//lasso_traces_p-46.t2.c/lasso_trace_15.txt,TERMINATING,0.36,41.45,11.00,TERMINATING,134,26,160,Affine template / Affine template
CP26_BENCHMARK_FINAL/BENCHMARK_SIMPLE_C_BPL/TERM_LASSO//lasso_traces_p-46.t2.c/lasso_trace_150.txt,TERMINATING,0.31,40.15,10.00,TERMINATING,134,26,160,Affine template / Affine template
CP26_BENCHMARK_FINAL/BENCHMARK_SIMPLE_C_BPL/TERM_LASSO//lasso_traces_p-46.t2.c/lasso_trace_16.txt,TERMINATING,0.32,48.86,9.00,TERMINATING,134,26,160,Affine template / Affine template
CP26_BENCHMARK_FINAL/BENCHMARK_SIMPLE_C_BPL/TERM_LASSO//lasso_traces_p-46.t2.c/lasso_trace_17.txt,TERMINATING,0.34,48.79,10.00,TERMINATING,134,26,160,Affine template / Affine template
CP26_BENCHMARK_FINAL/BENCHMARK_SIMPLE_C_BPL/TERM_LASSO//lasso_traces_p-46.t2.c/lasso_trace_18.txt,TERMINATING,0.34,44.82,9.00,TERMINATING,134,26,160,Affine template / Affine template
CP26_BENCHMARK_FINAL/BENCHMARK_SIMPLE_C_BPL/TERM_LASSO//lasso_traces_p-46.t2.c/lasso_trace_19.txt,TERMINATING,0.37,46.18,9.00,TERMINATING,134,26,160,Affine template / Affine template
CP26_BENCHMARK_FINAL/BENCHMARK_SIMPLE_C_BPL/TERM_LASSO//lasso_traces_p-46.t2.c/lasso_trace_2.txt,TERMINATING,0.81,295.02,56.00,TERMINATING,69,50,119,Affine template / Affine template
CP26_BENCHMARK_FINAL/BENCHMARK_SIMPLE_C_BPL/TERM_LASSO//lasso_traces_p-46.t2.c/lasso_trace_20.txt,TERMINATING,0.39,42.05,10.00,TERMINATING,134,26,160,Affine template / Affine template
CP26_BENCHMARK_FINAL/BENCHMARK_SIMPLE_C_BPL/TERM_LASSO//lasso_traces_p-46.t2.c/lasso_trace_21.txt,TERMINATING,0.38,46.36,10.00,TERMINATING,134,26,160,Affine template / Affine template
CP26_BENCHMARK_FINAL/BENCHMARK_SIMPLE_C_BPL/TERM_LASSO//lasso_traces_p-46.t2.c/lasso_trace_22.txt,TERMINATING,0.38,42.01,10.00,TERMINATING,134,26,160,Affine template / Affine template
CP26_BENCHMARK_FINAL/BENCHMARK_SIMPLE_C_BPL/TERM_LASSO//lasso_traces_p-46.t2.c/lasso_trace_23.txt,TERMINATING,0.39,43.57,10.00,TERMINATING,134,26,160,Affine template / Affine template
CP26_BENCHMARK_FINAL/BENCHMARK_SIMPLE_C_BPL/TERM_LASSO//lasso_traces_p-46.t2.c/lasso_trace_24.txt,TERMINATING,0.44,39.62,9.00,TERMINATING,134,26,160,Affine template / Affine template
CP26_BENCHMARK_FINAL/BENCHMARK_SIMPLE_C_BPL/TERM_LASSO//lasso_traces_p-46.t2.c/lasso_trace_25.txt,TERMINATING,0.38,41.63,14.00,TERMINATING,134,26,160,Affine template / Affine template
CP26_BENCHMARK_FINAL/BENCHMARK_SIMPLE_C_BPL/TERM_LASSO//lasso_traces_p-46.t2.c/lasso_trace_26.txt,TERMINATING,0.35,43.56,9.00,TERMINATING,134,26,160,Affine template / Affine template
CP26_BENCHMARK_FINAL/BENCHMARK_SIMPLE_C_BPL/TERM_LASSO//lasso_traces_p-46.t2.c/lasso_trace_27.txt,TERMINATING,0.41,42.08,9.00,TERMINATING,134,26,160,Affine template / Affine template
CP26_BENCHMARK_FINAL/BENCHMARK_SIMPLE_C_BPL/TERM_LASSO//lasso_traces_p-46.t2.c/lasso_trace_28.txt,TERMINATING,0.33,42.79,11.00,TERMINATING,134,26,160,Affine template / Affine template
CP26_BENCHMARK_FINAL/BENCHMARK_SIMPLE_C_BPL/TERM_LASSO//lasso_traces_p-46.t2.c/lasso_trace_29.txt,TERMINATING,0.39,41.35,10.00,TERMINATING,134,26,160,Affine template / Affine template
CP26_BENCHMARK_FINAL/BENCHMARK_SIMPLE_C_BPL/TERM_LASSO//lasso_traces_p-46.t2.c/lasso_trace_30.txt,TERMINATING,0.36,41.58,9.00,TERMINATING,134,26,160,Affine template / Affine template
CP26_BENCHMARK_FINAL/BENCHMARK_SIMPLE_C_BPL/TERM_LASSO//lasso_traces_p-46.t2.c/lasso_trace_31.txt,TERMINATING,0.29,43.21,10.00,TERMINATING,134,26,160,Affine template / Affine template
CP26_BENCHMARK_FINAL/BENCHMARK_SIMPLE_C_BPL/TERM_LASSO//lasso_traces_p-46.t2.c/lasso_trace_32.txt,TERMINATING,0.29,44.95,10.00,TERMINATING,134,26,160,Affine template / Affine template
CP26_BENCHMARK_FINAL/BENCHMARK_SIMPLE_C_BPL/TERM_LASSO//lasso_traces_p-46.t2.c/lasso_trace_33.txt,TERMINATING,0.36,46.35,10.00,TERMINATING,134,26,160,Affine template / Affine template
CP26_BENCHMARK_FINAL/BENCHMARK_SIMPLE_C_BPL/TERM_LASSO//lasso_traces_p-46.t2.c/lasso_trace_34.txt,TERMINATING,0.54,40.33,8.00,TERMINATING,134,26,160,Affine template / Affine template
CP26_BENCHMARK_FINAL/BENCHMARK_SIMPLE_C_BPL/TERM_LASSO//lasso_traces_p-46.t2.c/lasso_trace_35.txt,TERMINATING,0.54,40.80,9.00,TERMINATING,134,26,160,Affine template / Affine template
CP26_BENCHMARK_FINAL/BENCHMARK_SIMPLE_C_BPL/TERM_LASSO//lasso_traces_p-46.t2.c/lasso_trace_36.txt,TERMINATING,0.34,41.33,10.00,TERMINATING,134,26,160,Affine template / Affine template
CP26_BENCHMARK_FINAL/BENCHMARK_SIMPLE_C_BPL/TERM_LASSO//lasso_traces_p-46.t2.c/lasso_trace_37.txt,TERMINATING,0.27,48.91,10.00,TERMINATING,134,26,160,Affine template / Affine template
CP26_BENCHMARK_FINAL/BENCHMARK_SIMPLE_C_BPL/TERM_LASSO//lasso_traces_p-46.t2.c/lasso_trace_38.txt,TERMINATING,0.36,40.86,9.00,TERMINATING,134,26,160,Affine template / Affine template
CP26_BENCHMARK_FINAL/BENCHMARK_SIMPLE_C_BPL/TERM_LASSO//lasso_traces_p-46.t2.c/lasso_trace_39.txt,TERMINATING,0.30,42.19,11.00,TERMINATING,134,26,160,Affine template / Affine template
CP26_BENCHMARK_FINAL/BENCHMARK_SIMPLE_C_BPL/TERM_LASSO//lasso_traces_p-46.t2.c/lasso_trace_4.txt,TERMINATING,0.54,111.40,52.00,TERMINATING,80,58,138,Affine template / Affine template
CP26_BENCHMARK_FINAL/BENCHMARK_SIMPLE_C_BPL/TERM_LASSO//lasso_traces_p-46.t2.c/lasso_trace_40.txt,TERMINATING,0.36,44.65,9.00,TERMINATING,134,26,160,Affine template / Affine template
CP26_BENCHMARK_FINAL/BENCHMARK_SIMPLE_C_BPL/TERM_LASSO//lasso_traces_p-46.t2.c/lasso_trace_41.txt,TERMINATING,0.29,41.22,10.00,TERMINATING,134,26,160,Affine template / Affine template
CP26_BENCHMARK_FINAL/BENCHMARK_SIMPLE_C_BPL/TERM_LASSO//lasso_traces_p-46.t2.c/lasso_trace_42.txt,TERMINATING,0.33,40.85,9.00,TERMINATING,134,26,160,Affine template / Affine template
CP26_BENCHMARK_FINAL/BENCHMARK_SIMPLE_C_BPL/TERM_LASSO//lasso_traces_p-46.t2.c/lasso_trace_43.txt,TERMINATING,0.35,41.61,8.00,TERMINATING,134,26,160,Affine template / Affine template
CP26_BENCHMARK_FINAL/BENCHMARK_SIMPLE_C_BPL/TERM_LASSO//lasso_traces_p-46.t2.c/lasso_trace_44.txt,TERMINATING,0.36,42.63,10.00,TERMINATING,134,26,160,Affine template / Affine template
CP26_BENCHMARK_FINAL/BENCHMARK_SIMPLE_C_BPL/TERM_LASSO//lasso_traces_p-46.t2.c/lasso_trace_45.txt,TERMINATING,0.32,45.53,9.00,TERMINATING,134,26,160,Affine template / Affine template
CP26_BENCHMARK_FINAL/BENCHMARK_SIMPLE_C_BPL/TERM_LASSO//lasso_traces_p-46.t2.c/lasso_trace_46.txt,TERMINATING,0.38,39.17,10.00,TERMINATING,134,26,160,Affine template / Affine template
CP26_BENCHMARK_FINAL/BENCHMARK_SIMPLE_C_BPL/TERM_LASSO//lasso_traces_p-46.t2.c/lasso_trace_47.txt,TERMINATING,0.35,40.86,10.00,TERMINATING,134,26,160,Affine template / Affine template
CP26_BENCHMARK_FINAL/BENCHMARK_SIMPLE_C_BPL/TERM_LASSO//lasso_traces_p-46.t2.c/lasso_trace_48.txt,TERMINATING,0.39,40.01,10.00,TERMINATING,134,26,160,Affine template / Affine template
CP26_BENCHMARK_FINAL/BENCHMARK_SIMPLE_C_BPL/TERM_LASSO//lasso_traces_p-46.t2.c/lasso_trace_49.txt,TERMINATING,0.35,40.53,9.00,TERMINATING,134,26,160,Affine template / Affine template
CP26_BENCHMARK_FINAL/BENCHMARK_SIMPLE_C_BPL/TERM_LASSO//lasso_traces_p-46.t2.c/lasso_trace_5.txt,TERMINATING,0.47,44.91,16.00,TERMINATING,102,26,128,Affine template / Affine template
CP26_BENCHMARK_FINAL/BENCHMARK_SIMPLE_C_BPL/TERM_LASSO//lasso_traces_p-46.t2.c/lasso_trace_50.txt,TERMINATING,0.37,41.85,10.00,TERMINATING,134,26,160,Affine template / Affine template
CP26_BENCHMARK_FINAL/BENCHMARK_SIMPLE_C_BPL/TERM_LASSO//lasso_traces_p-46.t2.c/lasso_trace_51.txt,TERMINATING,0.34,42.44,10.00,TERMINATING,134,26,160,Affine template / Affine template
CP26_BENCHMARK_FINAL/BENCHMARK_SIMPLE_C_BPL/TERM_LASSO//lasso_traces_p-46.t2.c/lasso_trace_52.txt,TERMINATING,0.31,45.69,10.00,TERMINATING,134,26,160,Affine template / Affine template
CP26_BENCHMARK_FINAL/BENCHMARK_SIMPLE_C_BPL/TERM_LASSO//lasso_traces_p-46.t2.c/lasso_trace_53.txt,TERMINATING,0.32,40.53,8.00,TERMINATING,134,26,160,Affine template / Affine template
CP26_BENCHMARK_FINAL/BENCHMARK_SIMPLE_C_BPL/TERM_LASSO//lasso_traces_p-46.t2.c/lasso_trace_54.txt,TERMINATING,0.34,38.11,9.00,TERMINATING,134,26,160,Affine template / Affine template
CP26_BENCHMARK_FINAL/BENCHMARK_SIMPLE_C_BPL/TERM_LASSO//lasso_traces_p-46.t2.c/lasso_trace_55.txt,TERMINATING,0.37,42.73,10.00,TERMINATING,134,26,160,Affine template / Affine template
CP26_BENCHMARK_FINAL/BENCHMARK_SIMPLE_C_BPL/TERM_LASSO//lasso_traces_p-46.t2.c/lasso_trace_56.txt,TERMINATING,0.33,42.36,7.00,TERMINATING,134,26,160,Affine template / Affine template
CP26_BENCHMARK_FINAL/BENCHMARK_SIMPLE_C_BPL/TERM_LASSO//lasso_traces_p-46.t2.c/lasso_trace_57.txt,TERMINATING,0.41,41.58,10.00,TERMINATING,134,26,160,Affine template / Affine template
CP26_BENCHMARK_FINAL/BENCHMARK_SIMPLE_C_BPL/TERM_LASSO//lasso_traces_p-46.t2.c/lasso_trace_58.txt,TERMINATING,0.37,50.12,9.00,TERMINATING,134,26,160,Affine template / Affine template
CP26_BENCHMARK_FINAL/BENCHMARK_SIMPLE_C_BPL/TERM_LASSO//lasso_traces_p-46.t2.c/lasso_trace_59.txt,TERMINATING,0.37,41.34,8.00,TERMINATING,134,26,160,Affine template / Affine template
CP26_BENCHMARK_FINAL/BENCHMARK_SIMPLE_C_BPL/TERM_LASSO//lasso_traces_p-46.t2.c/lasso_trace_6.txt,TERMINATING,0.45,48.21,14.00,TERMINATING,128,26,154,Affine template / Affine template
CP26_BENCHMARK_FINAL/BENCHMARK_SIMPLE_C_BPL/TERM_LASSO//lasso_traces_p-46.t2.c/lasso_trace_60.txt,TERMINATING,0.42,42.14,11.00,TERMINATING,134,26,160,Affine template / Affine template
CP26_BENCHMARK_FINAL/BENCHMARK_SIMPLE_C_BPL/TERM_LASSO//lasso_traces_p-46.t2.c/lasso_trace_61.txt,TERMINATING,0.38,41.21,8.00,TERMINATING,134,26,160,Affine template / Affine template
CP26_BENCHMARK_FINAL/BENCHMARK_SIMPLE_C_BPL/TERM_LASSO//lasso_traces_p-46.t2.c/lasso_trace_62.txt,TERMINATING,0.36,42.49,9.00,TERMINATING,134,26,160,Affine template / Affine template
CP26_BENCHMARK_FINAL/BENCHMARK_SIMPLE_C_BPL/TERM_LASSO//lasso_traces_p-46.t2.c/lasso_trace_63.txt,TERMINATING,0.39,42.05,10.00,TERMINATING,134,26,160,Affine template / Affine template
CP26_BENCHMARK_FINAL/BENCHMARK_SIMPLE_C_BPL/TERM_LASSO//lasso_traces_p-46.t2.c/lasso_trace_64.txt,TERMINATING,0.38,41.01,9.00,TERMINATING,134,26,160,Affine template / Affine template
CP26_BENCHMARK_FINAL/BENCHMARK_SIMPLE_C_BPL/TERM_LASSO//lasso_traces_p-46.t2.c/lasso_trace_65.txt,TERMINATING,0.30,50.14,7.00,TERMINATING,134,26,160,Affine template / Affine template
CP26_BENCHMARK_FINAL/BENCHMARK_SIMPLE_C_BPL/TERM_LASSO//lasso_traces_p-46.t2.c/lasso_trace_66.txt,TERMINATING,0.38,42.39,9.00,TERMINATING,134,26,160,Affine template / Affine template
CP26_BENCHMARK_FINAL/BENCHMARK_SIMPLE_C_BPL/TERM_LASSO//lasso_traces_p-46.t2.c/lasso_trace_67.txt,TERMINATING,0.33,39.64,9.00,TERMINATING,134,26,160,Affine template / Affine template
CP26_BENCHMARK_FINAL/BENCHMARK_SIMPLE_C_BPL/TERM_LASSO//lasso_traces_p-46.t2.c/lasso_trace_68.txt,TERMINATING,0.39,42.44,11.00,TERMINATING,134,26,160,Affine template / Affine template
CP26_BENCHMARK_FINAL/BENCHMARK_SIMPLE_C_BPL/TERM_LASSO//lasso_traces_p-46.t2.c/lasso_trace_69.txt,TERMINATING,0.45,39.71,9.00,TERMINATING,134,26,160,Affine template / Affine template
CP26_BENCHMARK_FINAL/BENCHMARK_SIMPLE_C_BPL/TERM_LASSO//lasso_traces_p-46.t2.c/lasso_trace_7.txt,TERMINATING,0.66,51.45,16.00,TERMINATING,102,76,178,Affine template / Affine template
CP26_BENCHMARK_FINAL/BENCHMARK_SIMPLE_C_BPL/TERM_LASSO//lasso_traces_p-46.t2.c/lasso_trace_70.txt,TERMINATING,0.41,41.38,9.00,TERMINATING,134,26,160,Affine template / Affine template
CP26_BENCHMARK_FINAL/BENCHMARK_SIMPLE_C_BPL/TERM_LASSO//lasso_traces_p-46.t2.c/lasso_trace_71.txt,TERMINATING,0.44,41.08,10.00,TERMINATING,134,26,160,Affine template / Affine template
CP26_BENCHMARK_FINAL/BENCHMARK_SIMPLE_C_BPL/TERM_LASSO//lasso_traces_p-46.t2.c/lasso_trace_72.txt,TERMINATING,0.31,40.31,10.00,TERMINATING,134,26,160,Affine template / Affine template
CP26_BENCHMARK_FINAL/BENCHMARK_SIMPLE_C_BPL/TERM_LASSO//lasso_traces_p-46.t2.c/lasso_trace_73.txt,TERMINATING,0.34,40.47,9.00,TERMINATING,134,26,160,Affine template / Affine template
CP26_BENCHMARK_FINAL/BENCHMARK_SIMPLE_C_BPL/TERM_LASSO//lasso_traces_p-46.t2.c/lasso_trace_74.txt,TERMINATING,0.36,41.71,10.00,TERMINATING,134,26,160,Affine template / Affine template
CP26_BENCHMARK_FINAL/BENCHMARK_SIMPLE_C_BPL/TERM_LASSO//lasso_traces_p-46.t2.c/lasso_trace_75.txt,TERMINATING,0.36,39.45,10.00,TERMINATING,134,26,160,Affine template / Affine template
CP26_BENCHMARK_FINAL/BENCHMARK_SIMPLE_C_BPL/TERM_LASSO//lasso_traces_p-46.t2.c/lasso_trace_76.txt,TERMINATING,0.38,41.67,11.00,TERMINATING,134,26,160,Affine template / Affine template
CP26_BENCHMARK_FINAL/BENCHMARK_SIMPLE_C_BPL/TERM_LASSO//lasso_traces_p-46.t2.c/lasso_trace_77.txt,TERMINATING,0.37,39.73,7.00,TERMINATING,134,26,160,Affine template / Affine template
CP26_BENCHMARK_FINAL/BENCHMARK_SIMPLE_C_BPL/TERM_LASSO//lasso_traces_p-46.t2.c/lasso_trace_78.txt,TERMINATING,0.37,43.80,9.00,TERMINATING,134,26,160,Affine template / Affine template
CP26_BENCHMARK_FINAL/BENCHMARK_SIMPLE_C_BPL/TERM_LASSO//lasso_traces_p-46.t2.c/lasso_trace_79.txt,TERMINATING,0.34,39.97,10.00,TERMINATING,134,26,160,Affine template / Affine template
CP26_BENCHMARK_FINAL/BENCHMARK_SIMPLE_C_BPL/TERM_LASSO//lasso_traces_p-46.t2.c/lasso_trace_8.txt,TERMINATING,0.36,44.36,7.00,TERMINATING,134,26,160,Affine template / Affine template
CP26_BENCHMARK_FINAL/BENCHMARK_SIMPLE_C_BPL/TERM_LASSO//lasso_traces_p-46.t2.c/lasso_trace_80.txt,TERMINATING,0.38,39.25,9.00,TERMINATING,134,26,160,Affine template / Affine template
CP26_BENCHMARK_FINAL/BENCHMARK_SIMPLE_C_BPL/TERM_LASSO//lasso_traces_p-46.t2.c/lasso_trace_81.txt,TERMINATING,0.36,42.16,9.00,TERMINATING,134,26,160,Affine template / Affine template
CP26_BENCHMARK_FINAL/BENCHMARK_SIMPLE_C_BPL/TERM_LASSO//lasso_traces_p-46.t2.c/lasso_trace_82.txt,TERMINATING,0.34,42.17,10.00,TERMINATING,134,26,160,Affine template / Affine template
CP26_BENCHMARK_FINAL/BENCHMARK_SIMPLE_C_BPL/TERM_LASSO//lasso_traces_p-46.t2.c/lasso_trace_83.txt,TERMINATING,0.35,43.72,8.00,TERMINATING,134,26,160,Affine template / Affine template
CP26_BENCHMARK_FINAL/BENCHMARK_SIMPLE_C_BPL/TERM_LASSO//lasso_traces_p-46.t2.c/lasso_trace_84.txt,TERMINATING,0.47,39.23,9.00,TERMINATING,134,26,160,Affine template / Affine template
CP26_BENCHMARK_FINAL/BENCHMARK_SIMPLE_C_BPL/TERM_LASSO//lasso_traces_p-46.t2.c/lasso_trace_85.txt,TERMINATING,0.33,41.41,11.00,TERMINATING,134,26,160,Affine template / Affine template
CP26_BENCHMARK_FINAL/BENCHMARK_SIMPLE_C_BPL/TERM_LASSO//lasso_traces_p-46.t2.c/lasso_trace_86.txt,TERMINATING,0.32,40.80,9.00,TERMINATING,134,26,160,Affine template / Affine template
CP26_BENCHMARK_FINAL/BENCHMARK_SIMPLE_C_BPL/TERM_LASSO//lasso_traces_p-46.t2.c/lasso_trace_87.txt,TERMINATING,0.38,43.96,10.00,TERMINATING,134,26,160,Affine template / Affine template
CP26_BENCHMARK_FINAL/BENCHMARK_SIMPLE_C_BPL/TERM_LASSO//lasso_traces_p-46.t2.c/lasso_trace_88.txt,TERMINATING,0.37,46.88,8.00,TERMINATING,134,26,160,Affine template / Affine template
CP26_BENCHMARK_FINAL/BENCHMARK_SIMPLE_C_BPL/TERM_LASSO//lasso_traces_p-46.t2.c/lasso_trace_89.txt,TERMINATING,0.33,43.10,9.00,TERMINATING,134,26,160,Affine template / Affine template
CP26_BENCHMARK_FINAL/BENCHMARK_SIMPLE_C_BPL/TERM_LASSO//lasso_traces_p-46.t2.c/lasso_trace_9.txt,TERMINATING,0.41,42.42,10.00,TERMINATING,134,26,160,Affine template / Affine template
CP26_BENCHMARK_FINAL/BENCHMARK_SIMPLE_C_BPL/TERM_LASSO//lasso_traces_p-46.t2.c/lasso_trace_90.txt,TERMINATING,0.37,41.74,10.00,TERMINATING,134,26,160,Affine template / Affine template
CP26_BENCHMARK_FINAL/BENCHMARK_SIMPLE_C_BPL/TERM_LASSO//lasso_traces_p-46.t2.c/lasso_trace_91.txt,TERMINATING,0.34,40.00,9.00,TERMINATING,134,26,160,Affine template / Affine template
CP26_BENCHMARK_FINAL/BENCHMARK_SIMPLE_C_BPL/TERM_LASSO//lasso_traces_p-46.t2.c/lasso_trace_92.txt,TERMINATING,0.38,39.73,8.00,TERMINATING,134,26,160,Affine template / Affine template
CP26_BENCHMARK_FINAL/BENCHMARK_SIMPLE_C_BPL/TERM_LASSO//lasso_traces_p-46.t2.c/lasso_trace_93.txt,TERMINATING,0.37,45.00,10.00,TERMINATING,134,26,160,Affine template / Affine template
CP26_BENCHMARK_FINAL/BENCHMARK_SIMPLE_C_BPL/TERM_LASSO//lasso_traces_p-46.t2.c/lasso_trace_94.txt,TERMINATING,0.42,44.30,8.00,TERMINATING,134,26,160,Affine template / Affine template
CP26_BENCHMARK_FINAL/BENCHMARK_SIMPLE_C_BPL/TERM_LASSO//lasso_traces_p-46.t2.c/lasso_trace_95.txt,TERMINATING,0.28,39.59,10.00,TERMINATING,134,26,160,Affine template / Affine template
CP26_BENCHMARK_FINAL/BENCHMARK_SIMPLE_C_BPL/TERM_LASSO//lasso_traces_p-46.t2.c/lasso_trace_96.txt,TERMINATING,0.37,40.07,10.00,TERMINATING,134,26,160,Affine template / Affine template
CP26_BENCHMARK_FINAL/BENCHMARK_SIMPLE_C_BPL/TERM_LASSO//lasso_traces_p-46.t2.c/lasso_trace_97.txt,TERMINATING,0.53,41.11,10.00,TERMINATING,134,26,160,Affine template / Affine template
CP26_BENCHMARK_FINAL/BENCHMARK_SIMPLE_C_BPL/TERM_LASSO//lasso_traces_p-46.t2.c/lasso_trace_98.txt,TERMINATING,0.40,39.79,10.00,TERMINATING,134,26,160,Affine template / Affine template
CP26_BENCHMARK_FINAL/BENCHMARK_SIMPLE_C_BPL/TERM_LASSO//lasso_traces_p-46.t2.c/lasso_trace_99.txt,TERMINATING,0.34,39.19,11.00,TERMINATING,134,26,160,Affine template / Affine template
CP26_BENCHMARK_FINAL/BENCHMARK_SIMPLE_C_BPL/TERM_LASSO//lasso_traces_p-49.t2.c/lasso_trace_1.txt,TERMINATING,1.76,43.97,5.00,TERMINATING,20,9,29,Affine template / Affine template
CP26_BENCHMARK_FINAL/BENCHMARK_SIMPLE_C_BPL/TERM_LASSO//lasso_traces_p-4.t2.c/lasso_trace_1.txt,TERMINATING,1.97,57.27,7.00,TERMINATING,24,10,34,Affine template / Affine template
CP26_BENCHMARK_FINAL/BENCHMARK_SIMPLE_C_BPL/TERM_LASSO//lasso_traces_p-4.t2.c/lasso_trace_2.txt,TERMINATING,0.49,83.14,24.00,TERMINATING,36,13,49,Affine template / Affine template
CP26_BENCHMARK_FINAL/BENCHMARK_SIMPLE_C_BPL/TERM_LASSO//lasso_traces_p-4.t2.c/lasso_trace_3.txt,TERMINATING,0.34,38.36,9.00,TERMINATING,42,10,52,Affine template / Affine template
CP26_BENCHMARK_FINAL/BENCHMARK_SIMPLE_C_BPL/TERM_LASSO//lasso_traces_p-55.t2.c/lasso_trace_1.txt,TERMINATING,1.86,64.13,8.00,TERMINATING,24,19,43,Affine template / Affine template
CP26_BENCHMARK_FINAL/BENCHMARK_SIMPLE_C_BPL/TERM_LASSO//lasso_traces_p-55.t2.c/lasso_trace_2.txt,TERMINATING,0.43,81.35,30.00,TERMINATING,27,26,53,Affine template / Affine template
CP26_BENCHMARK_FINAL/BENCHMARK_SIMPLE_C_BPL/TERM_LASSO//lasso_traces_p-55.t2.c/lasso_trace_3.txt,TERMINATING,0.30,38.60,8.00,TERMINATING,43,26,69,Affine template / Affine template
CP26_BENCHMARK_FINAL/BENCHMARK_SIMPLE_C_BPL/TERM_LASSO//lasso_traces_p-56.t2.c/lasso_trace_1.txt,TERMINATING,1.92,60.07,7.00,TERMINATING,34,14,48,Affine template / Affine template
CP26_BENCHMARK_FINAL/BENCHMARK_SIMPLE_C_BPL/TERM_LASSO//lasso_traces_p-5.t2.c/lasso_trace_1.txt,TERMINATING,1.94,71.85,10.00,TERMINATING,68,18,86,Affine template / Affine template
CP26_BENCHMARK_FINAL/BENCHMARK_SIMPLE_C_BPL/TERM_LASSO//lasso_traces_p-60.t2.c/lasso_trace_1.txt,TERMINATING,1.67,61.44,6.00,TERMINATING,42,14,56,Affine template / Affine template
CP26_BENCHMARK_FINAL/BENCHMARK_SIMPLE_C_BPL/TERM_LASSO//lasso_traces_p-61.t2.c/lasso_trace_1.txt,TERMINATING,2.17,61.73,10.00,TERMINATING,32,18,50,Affine template / Affine template
CP26_BENCHMARK_FINAL/BENCHMARK_SIMPLE_C_BPL/TERM_LASSO//lasso_traces_p-63.t2.c/lasso_trace_1.txt,TERMINATING,1.64,53.31,6.00,TERMINATING,49,13,62,Affine template / Affine template
CP26_BENCHMARK_FINAL/BENCHMARK_SIMPLE_C_BPL/TERM_LASSO//lasso_traces_p-6.t2.c/lasso_trace_1.txt,TERMINATING,1.99,57.06,8.00,TERMINATING,28,19,47,Affine template / Affine template
CP26_BENCHMARK_FINAL/BENCHMARK_SIMPLE_C_BPL/TERM_LASSO//lasso_traces_p-7b.t2.c/lasso_trace_1.txt,TERMINATING,1.98,66.93,8.00,TERMINATING,28,12,40,Affine template / Affine template
CP26_BENCHMARK_FINAL/BENCHMARK_SIMPLE_C_BPL/TERM_LASSO//lasso_traces_p-7.t2.c/lasso_trace_2.txt,TERMINATING,1.79,58.31,9.00,TERMINATING,28,25,53,Affine template / Affine template
CP26_BENCHMARK_FINAL/BENCHMARK_SIMPLE_C_BPL/TERM_LASSO//lasso_traces_Parallel_true-termination.c/lasso_trace_1.txt,TERMINATING,2.63,130.42,15.00,TERMINATING,5,1,6,Affine template / Affine template
CP26_BENCHMARK_FINAL/BENCHMARK_SIMPLE_C_BPL/TERM_LASSO//lasso_traces_Parts_true.c/lasso_trace_2.txt,TERMINATING,0.45,44.52,7.00,TERMINATING,7,9,16,Affine template / Affine template
CP26_BENCHMARK_FINAL/BENCHMARK_SIMPLE_C_BPL/TERM_LASSO//lasso_traces_Parts_true.c/lasso_trace_5.txt,TERMINATING,0.33,38.82,8.00,TERMINATING,14,7,21,Affine template / Affine template
CP26_BENCHMARK_FINAL/BENCHMARK_SIMPLE_C_BPL/TERM_LASSO//lasso_traces_Parts_true-termination.c/lasso_trace_2.txt,TERMINATING,0.67,41.67,7.00,TERMINATING,7,9,16,Affine template / Affine template
CP26_BENCHMARK_FINAL/BENCHMARK_SIMPLE_C_BPL/TERM_LASSO//lasso_traces_Parts_true-termination.c/lasso_trace_5.txt,TERMINATING,0.33,38.81,8.00,TERMINATING,14,7,21,Affine template / Affine template
CP26_BENCHMARK_FINAL/BENCHMARK_SIMPLE_C_BPL/TERM_LASSO//lasso_traces_PastaA1.c/lasso_trace_2.txt,TERMINATING,1.54,59.54,9.00,TERMINATING,5,3,8,Affine template / Affine template
CP26_BENCHMARK_FINAL/BENCHMARK_SIMPLE_C_BPL/TERM_LASSO//lasso_traces_PastaA1.c/lasso_trace_3.txt,TERMINATING,0.65,44.25,8.00,TERMINATING,6,1,7,Affine template / Affine template
CP26_BENCHMARK_FINAL/BENCHMARK_SIMPLE_C_BPL/TERM_LASSO//lasso_traces_PastaA4.c/lasso_trace_1.txt,TERMINATING,2.10,57.53,10.00,TERMINATING,5,1,6,Affine template / Affine template
CP26_BENCHMARK_FINAL/BENCHMARK_SIMPLE_C_BPL/TERM_LASSO//lasso_traces_PastaA5.c/lasso_trace_1.txt,TERMINATING,2.05,56.56,8.00,TERMINATING,5,1,6,Affine template / Affine template
CP26_BENCHMARK_FINAL/BENCHMARK_SIMPLE_C_BPL/TERM_LASSO//lasso_traces_PastaA6.c/lasso_trace_1.txt,TERMINATING,2.26,68.89,11.00,TERMINATING,5,1,6,Affine template / Affine template
CP26_BENCHMARK_FINAL/BENCHMARK_SIMPLE_C_BPL/TERM_LASSO//lasso_traces_PastaA7.c/lasso_trace_1.txt,TERMINATING,2.02,68.82,11.00,TERMINATING,5,1,6,Affine template / Affine template
CP26_BENCHMARK_FINAL/BENCHMARK_SIMPLE_C_BPL/TERM_LASSO//lasso_traces_PastaA8.c/lasso_trace_1.txt,TERMINATING,2.43,57.87,9.00,TERMINATING,5,1,6,Affine template / Affine template
CP26_BENCHMARK_FINAL/BENCHMARK_SIMPLE_C_BPL/TERM_LASSO//lasso_traces_PastaA9.c/lasso_trace_1.txt,TERMINATING,1.93,68.32,10.00,TERMINATING,6,1,7,Affine template / Affine template
CP26_BENCHMARK_FINAL/BENCHMARK_SIMPLE_C_BPL/TERM_LASSO//lasso_traces_PastaB11.c/lasso_trace_1.txt,TERMINATING,2.02,100.19,15.00,TERMINATING,5,1,6,Affine template / Affine template
CP26_BENCHMARK_FINAL/BENCHMARK_SIMPLE_C_BPL/TERM_LASSO//lasso_traces_PastaB14.c/lasso_trace_2.txt,TERMINATING,2.15,53.80,15.00,TERMINATING,5,3,8,Affine template / Affine template
CP26_BENCHMARK_FINAL/BENCHMARK_SIMPLE_C_BPL/TERM_LASSO//lasso_traces_PastaB15.c/lasso_trace_2.txt,TERMINATING,2.00,61.85,13.00,TERMINATING,5,3,8,Affine template / Affine template
CP26_BENCHMARK_FINAL/BENCHMARK_SIMPLE_C_BPL/TERM_LASSO//lasso_traces_PastaB15.c/lasso_trace_3.txt,TERMINATING,0.52,48.20,11.00,TERMINATING,8,1,9,Affine template / Affine template
CP26_BENCHMARK_FINAL/BENCHMARK_SIMPLE_C_BPL/TERM_LASSO//lasso_traces_PastaB16.c/lasso_trace_1.txt,TERMINATING,1.90,62.89,9.00,TERMINATING,5,2,7,Affine template / Affine template
CP26_BENCHMARK_FINAL/BENCHMARK_SIMPLE_C_BPL/TERM_LASSO//lasso_traces_PastaB16.c/lasso_trace_2.txt,TERMINATING,0.47,50.56,7.00,TERMINATING,6,1,7,Affine template / Affine template
CP26_BENCHMARK_FINAL/BENCHMARK_SIMPLE_C_BPL/TERM_LASSO//lasso_traces_PastaB17.c/lasso_trace_1.txt,TERMINATING,3.57,70.32,11.00,TERMINATING,5,2,7,Affine template / Affine template
CP26_BENCHMARK_FINAL/BENCHMARK_SIMPLE_C_BPL/TERM_LASSO//lasso_traces_PastaB17.c/lasso_trace_2.txt,TERMINATING,0.50,53.68,10.00,TERMINATING,6,1,7,Affine template / Affine template
CP26_BENCHMARK_FINAL/BENCHMARK_SIMPLE_C_BPL/TERM_LASSO//lasso_traces_PastaB1.c/lasso_trace_1.txt,TERMINATING,2.34,63.32,8.00,TERMINATING,5,1,6,Affine template / Affine template
CP26_BENCHMARK_FINAL/BENCHMARK_SIMPLE_C_BPL/TERM_LASSO//lasso_traces_PastaB2.c/lasso_trace_1.txt,TERMINATING,2.16,56.90,9.00,TERMINATING,5,1,6,Affine template / Affine template
CP26_BENCHMARK_FINAL/BENCHMARK_SIMPLE_C_BPL/TERM_LASSO//lasso_traces_PastaB3.c/lasso_trace_1.txt,TERMINATING,1.84,63.24,10.00,TERMINATING,6,1,7,Affine template / Affine template
CP26_BENCHMARK_FINAL/BENCHMARK_SIMPLE_C_BPL/TERM_LASSO//lasso_traces_PastaB4.c/lasso_trace_1.txt,TERMINATING,1.77,71.61,10.00,TERMINATING,5,1,6,Affine template / Affine template
CP26_BENCHMARK_FINAL/BENCHMARK_SIMPLE_C_BPL/TERM_LASSO//lasso_traces_PastaB6.c/lasso_trace_1.txt,TERMINATING,2.25,56.87,11.00,TERMINATING,5,1,6,Affine template / Affine template
CP26_BENCHMARK_FINAL/BENCHMARK_SIMPLE_C_BPL/TERM_LASSO//lasso_traces_PastaB7.c/lasso_trace_1.txt,TERMINATING,2.19,77.53,12.00,TERMINATING,5,1,6,Affine template / Affine template
CP26_BENCHMARK_FINAL/BENCHMARK_SIMPLE_C_BPL/TERM_LASSO//lasso_traces_PastaC1.c/lasso_trace_1.txt,TERMINATING,1.88,59.90,9.00,TERMINATING,5,2,7,Affine template / Affine template
CP26_BENCHMARK_FINAL/BENCHMARK_SIMPLE_C_BPL/TERM_LASSO//lasso_traces_PastaC2.c/lasso_trace_2.txt,TERMINATING,1.67,57.67,8.00,TERMINATING,5,3,8,Affine template / Affine template
CP26_BENCHMARK_FINAL/BENCHMARK_SIMPLE_C_BPL/TERM_LASSO//lasso_traces_PastaC2.c/lasso_trace_3.txt,TERMINATING,0.83,43.97,8.00,TERMINATING,6,1,7,Affine template / Affine template
CP26_BENCHMARK_FINAL/BENCHMARK_SIMPLE_C_BPL/TERM_LASSO//lasso_traces_PastaC3.c/lasso_trace_1.txt,TERMINATING,2.08,195.08,21.00,TERMINATING,5,1,6,Affine template / Affine template
CP26_BENCHMARK_FINAL/BENCHMARK_SIMPLE_C_BPL/TERM_LASSO//lasso_traces_PastaC7.c/lasso_trace_1.txt,TERMINATING,2.20,87.18,12.00,TERMINATING,5,1,6,Affine template / Affine template
CP26_BENCHMARK_FINAL/BENCHMARK_SIMPLE_C_BPL/TERM_LASSO//lasso_traces_PastaC9.c/lasso_trace_1.txt,TERMINATING,1.88,141.44,21.00,TERMINATING,5,1,6,Affine template / Affine template
CP26_BENCHMARK_FINAL/BENCHMARK_SIMPLE_C_BPL/TERM_LASSO//lasso_traces_paths_39_7a_gpio_grgpio.c/lasso_trace_1.txt,TERMINATING,2.39,2745.73,174.00,TERMINATING,14,3,17,Affine template / Affine template
CP26_BENCHMARK_FINAL/BENCHMARK_SIMPLE_C_BPL/TERM_LASSO//lasso_traces_pearl-necklace.t2.c/lasso_trace_1.txt,TERMINATING,1.80,55.78,6.00,TERMINATING,32,13,45,Affine template / Affine template
CP26_BENCHMARK_FINAL/BENCHMARK_SIMPLE_C_BPL/TERM_LASSO//lasso_traces_pearl-necklace.t2.c/lasso_trace_2.txt,TERMINATING,0.32,37.52,5.00,TERMINATING,37,13,50,Affine template / Affine template
CP26_BENCHMARK_FINAL/BENCHMARK_SIMPLE_C_BPL/TERM_LASSO//lasso_traces_pentagon.t2.c/lasso_trace_1.txt,TERMINATING,1.83,69.41,10.00,TERMINATING,57,9,66,Affine template / Affine template
CP26_BENCHMARK_FINAL/BENCHMARK_SIMPLE_C_BPL/TERM_LASSO//lasso_traces_pentagon.t2.c/lasso_trace_10.txt,TERMINATING,0.38,52.06,15.00,TERMINATING,61,25,86,Affine template / Affine template
CP26_BENCHMARK_FINAL/BENCHMARK_SIMPLE_C_BPL/TERM_LASSO//lasso_traces_pentagon.t2.c/lasso_trace_11.txt,TERMINATING,0.62,68.30,29.00,TERMINATING,83,39,122,Affine template / Nested template
CP26_BENCHMARK_FINAL/BENCHMARK_SIMPLE_C_BPL/TERM_LASSO//lasso_traces_pentagon.t2.c/lasso_trace_12.txt,TERMINATING,0.68,50.07,14.00,TERMINATING,83,17,100,Affine template / Affine template
CP26_BENCHMARK_FINAL/BENCHMARK_SIMPLE_C_BPL/TERM_LASSO//lasso_traces_pentagon.t2.c/lasso_trace_15.txt,TERMINATING,0.40,49.84,13.00,TERMINATING,87,25,112,Affine template / Affine template
CP26_BENCHMARK_FINAL/BENCHMARK_SIMPLE_C_BPL/TERM_LASSO//lasso_traces_pentagon.t2.c/lasso_trace_17.txt,TERMINATING,0.53,139.46,105.00,TERMINATING,72,38,110,Affine template / Affine template
CP26_BENCHMARK_FINAL/BENCHMARK_SIMPLE_C_BPL/TERM_LASSO//lasso_traces_pentagon.t2.c/lasso_trace_18.txt,TERMINATING,0.49,241.54,55.00,TERMINATING,85,46,131,Affine template / Affine template
CP26_BENCHMARK_FINAL/BENCHMARK_SIMPLE_C_BPL/TERM_LASSO//lasso_traces_pentagon.t2.c/lasso_trace_2.txt,TERMINATING,0.58,144.27,40.00,TERMINATING,60,17,77,Affine template / Affine template
CP26_BENCHMARK_FINAL/BENCHMARK_SIMPLE_C_BPL/TERM_LASSO//lasso_traces_pentagon.t2.c/lasso_trace_22.txt,TERMINATING,0.52,54.43,22.00,TERMINATING,99,63,162,Affine template / Affine template
CP26_BENCHMARK_FINAL/BENCHMARK_SIMPLE_C_BPL/TERM_LASSO//lasso_traces_pentagon.t2.c/lasso_trace_24.txt,TERMINATING,0.56,72.52,19.00,TERMINATING,103,51,154,Affine template / Affine template
CP26_BENCHMARK_FINAL/BENCHMARK_SIMPLE_C_BPL/TERM_LASSO//lasso_traces_pentagon.t2.c/lasso_trace_25.txt,TERMINATING,0.60,77.99,28.00,TERMINATING,104,51,155,Affine template / Nested template
CP26_BENCHMARK_FINAL/BENCHMARK_SIMPLE_C_BPL/TERM_LASSO//lasso_traces_pentagon.t2.c/lasso_trace_27.txt,TERMINATING,0.55,205.71,26.00,TERMINATING,108,47,155,Affine template / Affine template
CP26_BENCHMARK_FINAL/BENCHMARK_SIMPLE_C_BPL/TERM_LASSO//lasso_traces_pentagon.t2.c/lasso_trace_29.txt,TERMINATING,0.91,117.97,34.00,TERMINATING,116,76,192,Affine template / Affine template
CP26_BENCHMARK_FINAL/BENCHMARK_SIMPLE_C_BPL/TERM_LASSO//lasso_traces_pentagon.t2.c/lasso_trace_3.txt,TERMINATING,0.48,51.91,10.00,TERMINATING,65,13,78,Affine template / Affine template
CP26_BENCHMARK_FINAL/BENCHMARK_SIMPLE_C_BPL/TERM_LASSO//lasso_traces_pentagon.t2.c/lasso_trace_32.txt,TERMINATING,0.81,100.44,22.00,TERMINATING,121,94,215,Affine template / Affine template
CP26_BENCHMARK_FINAL/BENCHMARK_SIMPLE_C_BPL/TERM_LASSO//lasso_traces_pentagon.t2.c/lasso_trace_33.txt,TERMINATING,0.80,190.85,33.00,TERMINATING,121,94,215,Affine template / Affine template
CP26_BENCHMARK_FINAL/BENCHMARK_SIMPLE_C_BPL/TERM_LASSO//lasso_traces_pentagon.t2.c/lasso_trace_34.txt,TERMINATING,0.90,76.48,31.00,TERMINATING,121,94,215,Affine template / Affine template
CP26_BENCHMARK_FINAL/BENCHMARK_SIMPLE_C_BPL/TERM_LASSO//lasso_traces_pentagon.t2.c/lasso_trace_35.txt,TERMINATING,0.72,303.58,49.00,TERMINATING,121,85,206,Affine template / Nested template
CP26_BENCHMARK_FINAL/BENCHMARK_SIMPLE_C_BPL/TERM_LASSO//lasso_traces_pentagon.t2.c/lasso_trace_4.txt,TERMINATING,0.47,60.31,11.00,TERMINATING,70,21,91,Affine template / Affine template
CP26_BENCHMARK_FINAL/BENCHMARK_SIMPLE_C_BPL/TERM_LASSO//lasso_traces_pentagon.t2.c/lasso_trace_5.txt,TERMINATING,0.42,56.85,10.00,TERMINATING,74,9,83,Affine template / Affine template
CP26_BENCHMARK_FINAL/BENCHMARK_SIMPLE_C_BPL/TERM_LASSO//lasso_traces_pentagon.t2.c/lasso_trace_6.txt,TERMINATING,0.43,48.48,13.00,TERMINATING,79,17,96,Affine template / Affine template
CP26_BENCHMARK_FINAL/BENCHMARK_SIMPLE_C_BPL/TERM_LASSO//lasso_traces_pentagon.t2.c/lasso_trace_7.txt,TERMINATING,0.57,109.25,50.00,TERMINATING,82,21,103,Affine template / Affine template
CP26_BENCHMARK_FINAL/BENCHMARK_SIMPLE_C_BPL/TERM_LASSO//lasso_traces_pentagon.t2.c/lasso_trace_8.txt,TERMINATING,0.45,46.39,12.00,TERMINATING,83,9,92,Affine template / Affine template
CP26_BENCHMARK_FINAL/BENCHMARK_SIMPLE_C_BPL/TERM_LASSO//lasso_traces_pentagon.t2.c/lasso_trace_9.txt,TERMINATING,0.56,120.93,42.00,TERMINATING,99,21,120,Affine template / Affine template
CP26_BENCHMARK_FINAL/BENCHMARK_SIMPLE_C_BPL/TERM_LASSO//lasso_traces_pldi.t2.c/lasso_trace_1.txt,TERMINATING,1.89,67.68,8.00,TERMINATING,28,22,50,Affine template / Affine template
CP26_BENCHMARK_FINAL/BENCHMARK_SIMPLE_C_BPL/TERM_LASSO//lasso_traces_pldi.t2.c/lasso_trace_2.txt,TERMINATING,0.69,46.06,8.00,TERMINATING,41,27,68,Affine template / Affine template
CP26_BENCHMARK_FINAL/BENCHMARK_SIMPLE_C_BPL/TERM_LASSO//lasso_traces_PlusSwap.c/lasso_trace_1.txt,TERMINATING,2.04,70.23,11.00,TERMINATING,5,1,6,Affine template / Affine template
CP26_BENCHMARK_FINAL/BENCHMARK_SIMPLE_C_BPL/TERM_LASSO//lasso_traces_PodelskiRybalchenko-LICS2004-Fig1_true-termination.c/lasso_trace_1.txt,TERMINATING,1.62,68.79,8.00,TERMINATING,5,2,7,Affine template / Affine template
CP26_BENCHMARK_FINAL/BENCHMARK_SIMPLE_C_BPL/TERM_LASSO//lasso_traces_PodelskiRybalchenko-TACAS2011-Fig1_true-termination.c/lasso_trace_1.txt,TERMINATING,1.99,54.74,8.00,TERMINATING,5,1,6,Affine template / Affine template
CP26_BENCHMARK_FINAL/BENCHMARK_SIMPLE_C_BPL/TERM_LASSO//lasso_traces_PodelskiRybalchenko-TACAS2011-Fig2_true-termination.c/lasso_trace_1.txt,TERMINATING,1.98,57.15,9.00,TERMINATING,5,2,7,Affine template / Affine template
CP26_BENCHMARK_FINAL/BENCHMARK_SIMPLE_C_BPL/TERM_LASSO//lasso_traces_PodelskiRybalchenko-TACAS2011-Fig2_true-termination.c/lasso_trace_2.txt,TERMINATING,0.45,53.17,8.00,TERMINATING,6,1,7,Affine template / Affine template
CP26_BENCHMARK_FINAL/BENCHMARK_SIMPLE_C_BPL/TERM_LASSO//lasso_traces_PodelskiRybalchenko-TACAS2011-Fig4_true-termination.c/lasso_trace_1.txt,TERMINATING,1.88,158.34,19.00,TERMINATING,5,1,6,Affine template / Affine template
CP26_BENCHMARK_FINAL/BENCHMARK_SIMPLE_C_BPL/TERM_LASSO//lasso_traces_PodelskiRybalchenko-VMCAI2004-Ex1_true-termination.c/lasso_trace_1.txt,TERMINATING,1.98,517.96,44.00,TERMINATING,5,1,6,Affine template / Affine template
CP26_BENCHMARK_FINAL/BENCHMARK_SIMPLE_C_BPL/TERM_LASSO//lasso_traces_PointerIncrement.c/lasso_trace_2.txt,TERMINATING,1.84,76.66,23.00,TERMINATING,5,4,9,Affine template / Affine template
CP26_BENCHMARK_FINAL/BENCHMARK_SIMPLE_C_BPL/TERM_LASSO//lasso_traces_Pointer-LexIndexValue133.c/lasso_trace_1.txt,TERMINATING,2.02,84.44,16.00,TERMINATING,5,3,8,Affine template / Affine template
CP26_BENCHMARK_FINAL/BENCHMARK_SIMPLE_C_BPL/TERM_LASSO//lasso_traces_Pointer-LexIndexValue133.c/lasso_trace_2.txt,TERMINATING,0.52,59.40,19.00,TERMINATING,6,5,11,Affine template / Affine template
CP26_BENCHMARK_FINAL/BENCHMARK_SIMPLE_C_BPL/TERM_LASSO//lasso_traces_Pointers_II.c/lasso_trace_1.txt,TERMINATING,2.26,1103.57,82.00,TERMINATING,6,2,8,Affine template / Affine template
CP26_BENCHMARK_FINAL/BENCHMARK_SIMPLE_C_BPL/TERM_LASSO//lasso_traces_polyrank1.t2.c/lasso_trace_1.txt,TERMINATING,2.30,117.11,11.00,TERMINATING,20,9,29,2 template / Nested template
CP26_BENCHMARK_FINAL/BENCHMARK_SIMPLE_C_BPL/TERM_LASSO//lasso_traces_polyrank2.t2.c/lasso_trace_1.txt,TERMINATING,1.90,238.63,23.00,UNKNOWN,24,9,33,3 template
CP26_BENCHMARK_FINAL/BENCHMARK_SIMPLE_C_BPL/TERM_LASSO//lasso_traces_polyrank3.t2.c/lasso_trace_1.txt,TERMINATING,1.88,138.24,10.00,TERMINATING,24,9,33,2 template / Nested template
CP26_BENCHMARK_FINAL/BENCHMARK_SIMPLE_C_BPL/TERM_LASSO//lasso_traces_polyrank3.t2.c/lasso_trace_10.txt,TERMINATING,0.34,81.88,13.00,TERMINATING,51,9,60,2 template / Nested template
CP26_BENCHMARK_FINAL/BENCHMARK_SIMPLE_C_BPL/TERM_LASSO//lasso_traces_polyrank3.t2.c/lasso_trace_100.txt,TERMINATING,0.58,76.47,12.00,TERMINATING,51,9,60,2 template / Nested template
CP26_BENCHMARK_FINAL/BENCHMARK_SIMPLE_C_BPL/TERM_LASSO//lasso_traces_polyrank3.t2.c/lasso_trace_101.txt,TERMINATING,0.36,75.62,10.00,TERMINATING,51,9,60,2 template / Nested template
CP26_BENCHMARK_FINAL/BENCHMARK_SIMPLE_C_BPL/TERM_LASSO//lasso_traces_polyrank3.t2.c/lasso_trace_102.txt,TERMINATING,0.40,78.68,27.00,UNKNOWN,51,9,60,2 template
CP26_BENCHMARK_FINAL/BENCHMARK_SIMPLE_C_BPL/TERM_LASSO//lasso_traces_polyrank3.t2.c/lasso_trace_103.txt,TERMINATING,0.36,74.29,31.00,UNKNOWN,51,9,60,2 template
CP26_BENCHMARK_FINAL/BENCHMARK_SIMPLE_C_BPL/TERM_LASSO//lasso_traces_polyrank3.t2.c/lasso_trace_104.txt,TERMINATING,0.39,78.82,28.00,UNKNOWN,51,9,60,2 template
CP26_BENCHMARK_FINAL/BENCHMARK_SIMPLE_C_BPL/TERM_LASSO//lasso_traces_polyrank3.t2.c/lasso_trace_105.txt,TERMINATING,0.38,75.76,26.00,UNKNOWN,51,9,60,2 template
CP26_BENCHMARK_FINAL/BENCHMARK_SIMPLE_C_BPL/TERM_LASSO//lasso_traces_polyrank3.t2.c/lasso_trace_106.txt,TERMINATING,0.36,74.61,27.00,UNKNOWN,51,9,60,2 template
CP26_BENCHMARK_FINAL/BENCHMARK_SIMPLE_C_BPL/TERM_LASSO//lasso_traces_polyrank3.t2.c/lasso_trace_107.txt,TERMINATING,0.33,86.25,25.00,UNKNOWN,51,9,60,2 template
CP26_BENCHMARK_FINAL/BENCHMARK_SIMPLE_C_BPL/TERM_LASSO//lasso_traces_polyrank3.t2.c/lasso_trace_108.txt,TERMINATING,0.37,84.04,11.00,TERMINATING,51,9,60,2 template / Nested template
CP26_BENCHMARK_FINAL/BENCHMARK_SIMPLE_C_BPL/TERM_LASSO//lasso_traces_polyrank3.t2.c/lasso_trace_109.txt,TERMINATING,0.45,86.23,11.00,TERMINATING,51,9,60,2 template / Nested template
CP26_BENCHMARK_FINAL/BENCHMARK_SIMPLE_C_BPL/TERM_LASSO//lasso_traces_polyrank3.t2.c/lasso_trace_11.txt,TERMINATING,0.37,87.38,11.00,TERMINATING,51,9,60,2 template / Nested template
CP26_BENCHMARK_FINAL/BENCHMARK_SIMPLE_C_BPL/TERM_LASSO//lasso_traces_polyrank3.t2.c/lasso_trace_110.txt,TERMINATING,0.37,78.77,13.00,TERMINATING,51,9,60,2 template / Nested template
CP26_BENCHMARK_FINAL/BENCHMARK_SIMPLE_C_BPL/TERM_LASSO//lasso_traces_polyrank3.t2.c/lasso_trace_111.txt,TERMINATING,0.33,108.87,13.00,TERMINATING,51,9,60,2 template / Nested template
CP26_BENCHMARK_FINAL/BENCHMARK_SIMPLE_C_BPL/TERM_LASSO//lasso_traces_polyrank3.t2.c/lasso_trace_112.txt,TERMINATING,0.29,87.92,11.00,TERMINATING,51,9,60,2 template / Nested template
CP26_BENCHMARK_FINAL/BENCHMARK_SIMPLE_C_BPL/TERM_LASSO//lasso_traces_polyrank3.t2.c/lasso_trace_113.txt,TERMINATING,0.34,82.66,28.00,UNKNOWN,51,9,60,2 template
CP26_BENCHMARK_FINAL/BENCHMARK_SIMPLE_C_BPL/TERM_LASSO//lasso_traces_polyrank3.t2.c/lasso_trace_114.txt,TERMINATING,0.27,78.40,26.00,UNKNOWN,51,9,60,2 template
CP26_BENCHMARK_FINAL/BENCHMARK_SIMPLE_C_BPL/TERM_LASSO//lasso_traces_polyrank3.t2.c/lasso_trace_115.txt,TERMINATING,0.32,82.28,11.00,TERMINATING,51,9,60,2 template / Nested template
CP26_BENCHMARK_FINAL/BENCHMARK_SIMPLE_C_BPL/TERM_LASSO//lasso_traces_polyrank3.t2.c/lasso_trace_116.txt,TERMINATING,0.34,75.06,10.00,TERMINATING,51,9,60,2 template / Nested template
CP26_BENCHMARK_FINAL/BENCHMARK_SIMPLE_C_BPL/TERM_LASSO//lasso_traces_polyrank3.t2.c/lasso_trace_117.txt,TERMINATING,0.33,74.28,15.00,TERMINATING,51,9,60,2 template / Nested template
CP26_BENCHMARK_FINAL/BENCHMARK_SIMPLE_C_BPL/TERM_LASSO//lasso_traces_polyrank3.t2.c/lasso_trace_118.txt,TERMINATING,0.36,75.79,28.00,UNKNOWN,51,9,60,2 template
CP26_BENCHMARK_FINAL/BENCHMARK_SIMPLE_C_BPL/TERM_LASSO//lasso_traces_polyrank3.t2.c/lasso_trace_119.txt,TERMINATING,0.70,77.30,27.00,UNKNOWN,51,9,60,2 template
CP26_BENCHMARK_FINAL/BENCHMARK_SIMPLE_C_BPL/TERM_LASSO//lasso_traces_polyrank3.t2.c/lasso_trace_12.txt,TERMINATING,0.38,88.07,27.00,UNKNOWN,51,9,60,2 template
CP26_BENCHMARK_FINAL/BENCHMARK_SIMPLE_C_BPL/TERM_LASSO//lasso_traces_polyrank3.t2.c/lasso_trace_120.txt,TERMINATING,0.37,83.02,25.00,UNKNOWN,51,9,60,2 template
CP26_BENCHMARK_FINAL/BENCHMARK_SIMPLE_C_BPL/TERM_LASSO//lasso_traces_polyrank3.t2.c/lasso_trace_121.txt,TERMINATING,0.35,83.60,25.00,UNKNOWN,51,9,60,2 template
CP26_BENCHMARK_FINAL/BENCHMARK_SIMPLE_C_BPL/TERM_LASSO//lasso_traces_polyrank3.t2.c/lasso_trace_122.txt,TERMINATING,0.37,74.66,28.00,UNKNOWN,51,9,60,2 template
CP26_BENCHMARK_FINAL/BENCHMARK_SIMPLE_C_BPL/TERM_LASSO//lasso_traces_polyrank3.t2.c/lasso_trace_123.txt,TERMINATING,0.33,76.90,12.00,TERMINATING,51,9,60,2 template / Nested template
CP26_BENCHMARK_FINAL/BENCHMARK_SIMPLE_C_BPL/TERM_LASSO//lasso_traces_polyrank3.t2.c/lasso_trace_124.txt,TERMINATING,0.39,77.57,12.00,TERMINATING,51,9,60,2 template / Nested template
CP26_BENCHMARK_FINAL/BENCHMARK_SIMPLE_C_BPL/TERM_LASSO//lasso_traces_polyrank3.t2.c/lasso_trace_125.txt,TERMINATING,0.37,77.58,27.00,UNKNOWN,51,9,60,2 template
CP26_BENCHMARK_FINAL/BENCHMARK_SIMPLE_C_BPL/TERM_LASSO//lasso_traces_polyrank3.t2.c/lasso_trace_126.txt,TERMINATING,0.35,97.50,25.00,UNKNOWN,51,9,60,2 template
CP26_BENCHMARK_FINAL/BENCHMARK_SIMPLE_C_BPL/TERM_LASSO//lasso_traces_polyrank3.t2.c/lasso_trace_127.txt,TERMINATING,0.36,92.05,13.00,TERMINATING,51,9,60,2 template / Nested template
CP26_BENCHMARK_FINAL/BENCHMARK_SIMPLE_C_BPL/TERM_LASSO//lasso_traces_polyrank3.t2.c/lasso_trace_128.txt,TERMINATING,0.37,78.75,27.00,UNKNOWN,51,9,60,2 template
CP26_BENCHMARK_FINAL/BENCHMARK_SIMPLE_C_BPL/TERM_LASSO//lasso_traces_polyrank3.t2.c/lasso_trace_129.txt,TERMINATING,0.31,84.30,26.00,UNKNOWN,51,9,60,2 template
CP26_BENCHMARK_FINAL/BENCHMARK_SIMPLE_C_BPL/TERM_LASSO//lasso_traces_polyrank3.t2.c/lasso_trace_13.txt,TERMINATING,0.35,86.27,12.00,TERMINATING,51,9,60,2 template / Nested template
CP26_BENCHMARK_FINAL/BENCHMARK_SIMPLE_C_BPL/TERM_LASSO//lasso_traces_polyrank3.t2.c/lasso_trace_130.txt,TERMINATING,0.37,77.09,11.00,TERMINATING,51,9,60,2 template / Nested template
CP26_BENCHMARK_FINAL/BENCHMARK_SIMPLE_C_BPL/TERM_LASSO//lasso_traces_polyrank3.t2.c/lasso_trace_131.txt,TERMINATING,0.35,80.96,26.00,UNKNOWN,51,9,60,2 template
CP26_BENCHMARK_FINAL/BENCHMARK_SIMPLE_C_BPL/TERM_LASSO//lasso_traces_polyrank3.t2.c/lasso_trace_132.txt,TERMINATING,0.36,85.76,13.00,TERMINATING,51,9,60,2 template / Nested template
CP26_BENCHMARK_FINAL/BENCHMARK_SIMPLE_C_BPL/TERM_LASSO//lasso_traces_polyrank3.t2.c/lasso_trace_133.txt,TERMINATING,0.39,78.11,29.00,UNKNOWN,51,9,60,2 template
CP26_BENCHMARK_FINAL/BENCHMARK_SIMPLE_C_BPL/TERM_LASSO//lasso_traces_polyrank3.t2.c/lasso_trace_134.txt,TERMINATING,0.41,77.27,11.00,TERMINATING,51,9,60,2 template / Nested template
CP26_BENCHMARK_FINAL/BENCHMARK_SIMPLE_C_BPL/TERM_LASSO//lasso_traces_polyrank3.t2.c/lasso_trace_135.txt,TERMINATING,0.42,77.21,12.00,TERMINATING,51,9,60,2 template / Nested template
CP26_BENCHMARK_FINAL/BENCHMARK_SIMPLE_C_BPL/TERM_LASSO//lasso_traces_polyrank3.t2.c/lasso_trace_136.txt,TERMINATING,0.38,80.00,29.00,UNKNOWN,51,9,60,2 template
CP26_BENCHMARK_FINAL/BENCHMARK_SIMPLE_C_BPL/TERM_LASSO//lasso_traces_polyrank3.t2.c/lasso_trace_137.txt,TERMINATING,0.37,77.03,28.00,UNKNOWN,51,9,60,2 template
CP26_BENCHMARK_FINAL/BENCHMARK_SIMPLE_C_BPL/TERM_LASSO//lasso_traces_polyrank3.t2.c/lasso_trace_138.txt,TERMINATING,0.39,76.55,10.00,TERMINATING,51,9,60,2 template / Nested template
CP26_BENCHMARK_FINAL/BENCHMARK_SIMPLE_C_BPL/TERM_LASSO//lasso_traces_polyrank3.t2.c/lasso_trace_139.txt,TERMINATING,0.36,81.70,10.00,TERMINATING,51,9,60,2 template / Nested template
CP26_BENCHMARK_FINAL/BENCHMARK_SIMPLE_C_BPL/TERM_LASSO//lasso_traces_polyrank3.t2.c/lasso_trace_14.txt,TERMINATING,0.42,80.90,10.00,TERMINATING,51,9,60,2 template / Nested template
CP26_BENCHMARK_FINAL/BENCHMARK_SIMPLE_C_BPL/TERM_LASSO//lasso_traces_polyrank3.t2.c/lasso_trace_140.txt,TERMINATING,0.32,76.97,30.00,UNKNOWN,51,9,60,2 template
CP26_BENCHMARK_FINAL/BENCHMARK_SIMPLE_C_BPL/TERM_LASSO//lasso_traces_polyrank3.t2.c/lasso_trace_141.txt,TERMINATING,0.36,76.01,26.00,UNKNOWN,51,9,60,2 template
CP26_BENCHMARK_FINAL/BENCHMARK_SIMPLE_C_BPL/TERM_LASSO//lasso_traces_polyrank3.t2.c/lasso_trace_142.txt,TERMINATING,0.38,77.28,11.00,TERMINATING,51,9,60,2 template / Nested template
CP26_BENCHMARK_FINAL/BENCHMARK_SIMPLE_C_BPL/TERM_LASSO//lasso_traces_polyrank3.t2.c/lasso_trace_143.txt,TERMINATING,0.35,97.74,28.00,UNKNOWN,51,9,60,2 template
CP26_BENCHMARK_FINAL/BENCHMARK_SIMPLE_C_BPL/TERM_LASSO//lasso_traces_polyrank3.t2.c/lasso_trace_144.txt,TERMINATING,0.33,85.15,11.00,TERMINATING,51,9,60,2 template / Nested template
CP26_BENCHMARK_FINAL/BENCHMARK_SIMPLE_C_BPL/TERM_LASSO//lasso_traces_polyrank3.t2.c/lasso_trace_145.txt,TERMINATING,0.37,72.45,11.00,TERMINATING,51,9,60,2 template / Nested template
CP26_BENCHMARK_FINAL/BENCHMARK_SIMPLE_C_BPL/TERM_LASSO//lasso_traces_polyrank3.t2.c/lasso_trace_146.txt,TERMINATING,0.35,82.02,12.00,TERMINATING,51,9,60,2 template / Nested template
CP26_BENCHMARK_FINAL/BENCHMARK_SIMPLE_C_BPL/TERM_LASSO//lasso_traces_polyrank3.t2.c/lasso_trace_147.txt,TERMINATING,0.35,81.03,13.00,TERMINATING,51,9,60,2 template / Nested template
CP26_BENCHMARK_FINAL/BENCHMARK_SIMPLE_C_BPL/TERM_LASSO//lasso_traces_polyrank3.t2.c/lasso_trace_148.txt,TERMINATING,0.37,76.71,17.00,TERMINATING,51,9,60,2 template / Nested template
CP26_BENCHMARK_FINAL/BENCHMARK_SIMPLE_C_BPL/TERM_LASSO//lasso_traces_polyrank3.t2.c/lasso_trace_149.txt,TERMINATING,0.36,75.03,27.00,UNKNOWN,51,9,60,2 template
CP26_BENCHMARK_FINAL/BENCHMARK_SIMPLE_C_BPL/TERM_LASSO//lasso_traces_polyrank3.t2.c/lasso_trace_15.txt,TERMINATING,0.38,81.16,27.00,UNKNOWN,51,9,60,2 template
CP26_BENCHMARK_FINAL/BENCHMARK_SIMPLE_C_BPL/TERM_LASSO//lasso_traces_polyrank3.t2.c/lasso_trace_150.txt,TERMINATING,0.36,71.15,26.00,UNKNOWN,51,9,60,2 template
CP26_BENCHMARK_FINAL/BENCHMARK_SIMPLE_C_BPL/TERM_LASSO//lasso_traces_polyrank3.t2.c/lasso_trace_151.txt,TERMINATING,0.37,78.36,32.00,UNKNOWN,51,9,60,2 template
CP26_BENCHMARK_FINAL/BENCHMARK_SIMPLE_C_BPL/TERM_LASSO//lasso_traces_polyrank3.t2.c/lasso_trace_152.txt,TERMINATING,0.33,85.19,11.00,TERMINATING,51,9,60,2 template / Nested template
CP26_BENCHMARK_FINAL/BENCHMARK_SIMPLE_C_BPL/TERM_LASSO//lasso_traces_polyrank3.t2.c/lasso_trace_153.txt,TERMINATING,0.35,77.92,26.00,UNKNOWN,51,9,60,2 template
CP26_BENCHMARK_FINAL/BENCHMARK_SIMPLE_C_BPL/TERM_LASSO//lasso_traces_polyrank3.t2.c/lasso_trace_154.txt,TERMINATING,0.43,75.65,27.00,UNKNOWN,51,9,60,2 template
CP26_BENCHMARK_FINAL/BENCHMARK_SIMPLE_C_BPL/TERM_LASSO//lasso_traces_polyrank3.t2.c/lasso_trace_155.txt,TERMINATING,0.40,84.10,11.00,TERMINATING,51,9,60,2 template / Nested template
CP26_BENCHMARK_FINAL/BENCHMARK_SIMPLE_C_BPL/TERM_LASSO//lasso_traces_polyrank3.t2.c/lasso_trace_156.txt,TERMINATING,0.39,81.51,13.00,TERMINATING,51,9,60,2 template / Nested template
CP26_BENCHMARK_FINAL/BENCHMARK_SIMPLE_C_BPL/TERM_LASSO//lasso_traces_polyrank3.t2.c/lasso_trace_157.txt,TERMINATING,0.37,76.82,26.00,UNKNOWN,51,9,60,2 template
CP26_BENCHMARK_FINAL/BENCHMARK_SIMPLE_C_BPL/TERM_LASSO//lasso_traces_polyrank3.t2.c/lasso_trace_158.txt,TERMINATING,0.38,73.02,25.00,UNKNOWN,51,9,60,2 template
CP26_BENCHMARK_FINAL/BENCHMARK_SIMPLE_C_BPL/TERM_LASSO//lasso_traces_polyrank3.t2.c/lasso_trace_159.txt,TERMINATING,0.34,85.57,28.00,UNKNOWN,51,9,60,2 template
CP26_BENCHMARK_FINAL/BENCHMARK_SIMPLE_C_BPL/TERM_LASSO//lasso_traces_polyrank3.t2.c/lasso_trace_16.txt,TERMINATING,0.37,85.04,29.00,UNKNOWN,51,9,60,2 template
CP26_BENCHMARK_FINAL/BENCHMARK_SIMPLE_C_BPL/TERM_LASSO//lasso_traces_polyrank3.t2.c/lasso_trace_160.txt,TERMINATING,0.40,77.68,10.00,TERMINATING,51,9,60,2 template / Nested template
CP26_BENCHMARK_FINAL/BENCHMARK_SIMPLE_C_BPL/TERM_LASSO//lasso_traces_polyrank3.t2.c/lasso_trace_161.txt,TERMINATING,0.30,91.92,10.00,TERMINATING,51,9,60,2 template / Nested template
CP26_BENCHMARK_FINAL/BENCHMARK_SIMPLE_C_BPL/TERM_LASSO//lasso_traces_polyrank3.t2.c/lasso_trace_162.txt,TERMINATING,0.35,77.12,27.00,UNKNOWN,51,9,60,2 template
CP26_BENCHMARK_FINAL/BENCHMARK_SIMPLE_C_BPL/TERM_LASSO//lasso_traces_polyrank3.t2.c/lasso_trace_163.txt,TERMINATING,0.36,74.02,13.00,TERMINATING,51,9,60,2 template / Nested template
CP26_BENCHMARK_FINAL/BENCHMARK_SIMPLE_C_BPL/TERM_LASSO//lasso_traces_polyrank3.t2.c/lasso_trace_164.txt,TERMINATING,0.39,77.09,28.00,UNKNOWN,51,9,60,2 template
CP26_BENCHMARK_FINAL/BENCHMARK_SIMPLE_C_BPL/TERM_LASSO//lasso_traces_polyrank3.t2.c/lasso_trace_165.txt,TERMINATING,0.35,90.92,28.00,UNKNOWN,51,9,60,2 template
CP26_BENCHMARK_FINAL/BENCHMARK_SIMPLE_C_BPL/TERM_LASSO//lasso_traces_polyrank3.t2.c/lasso_trace_166.txt,TERMINATING,0.30,82.10,32.00,UNKNOWN,51,9,60,2 template
CP26_BENCHMARK_FINAL/BENCHMARK_SIMPLE_C_BPL/TERM_LASSO//lasso_traces_polyrank3.t2.c/lasso_trace_167.txt,TERMINATING,0.31,74.59,28.00,UNKNOWN,51,9,60,2 template
CP26_BENCHMARK_FINAL/BENCHMARK_SIMPLE_C_BPL/TERM_LASSO//lasso_traces_polyrank3.t2.c/lasso_trace_168.txt,TERMINATING,0.37,89.10,10.00,TERMINATING,51,9,60,2 template / Nested template
CP26_BENCHMARK_FINAL/BENCHMARK_SIMPLE_C_BPL/TERM_LASSO//lasso_traces_polyrank3.t2.c/lasso_trace_169.txt,TERMINATING,0.34,86.15,27.00,UNKNOWN,51,9,60,2 template
CP26_BENCHMARK_FINAL/BENCHMARK_SIMPLE_C_BPL/TERM_LASSO//lasso_traces_polyrank3.t2.c/lasso_trace_17.txt,TERMINATING,0.35,78.96,12.00,TERMINATING,51,9,60,2 template / Nested template
CP26_BENCHMARK_FINAL/BENCHMARK_SIMPLE_C_BPL/TERM_LASSO//lasso_traces_polyrank3.t2.c/lasso_trace_170.txt,TERMINATING,0.37,83.54,29.00,UNKNOWN,51,9,60,2 template
CP26_BENCHMARK_FINAL/BENCHMARK_SIMPLE_C_BPL/TERM_LASSO//lasso_traces_polyrank3.t2.c/lasso_trace_171.txt,TERMINATING,0.36,73.29,28.00,UNKNOWN,51,9,60,2 template
CP26_BENCHMARK_FINAL/BENCHMARK_SIMPLE_C_BPL/TERM_LASSO//lasso_traces_polyrank3.t2.c/lasso_trace_172.txt,TERMINATING,0.35,81.80,27.00,UNKNOWN,51,9,60,2 template
CP26_BENCHMARK_FINAL/BENCHMARK_SIMPLE_C_BPL/TERM_LASSO//lasso_traces_polyrank3.t2.c/lasso_trace_173.txt,TERMINATING,0.36,83.19,11.00,TERMINATING,51,9,60,2 template / Nested template
CP26_BENCHMARK_FINAL/BENCHMARK_SIMPLE_C_BPL/TERM_LASSO//lasso_traces_polyrank3.t2.c/lasso_trace_174.txt,TERMINATING,0.34,79.86,11.00,TERMINATING,51,9,60,2 template / Nested template
CP26_BENCHMARK_FINAL/BENCHMARK_SIMPLE_C_BPL/TERM_LASSO//lasso_traces_polyrank3.t2.c/lasso_trace_175.txt,TERMINATING,0.35,82.57,14.00,TERMINATING,51,9,60,2 template / Nested template
CP26_BENCHMARK_FINAL/BENCHMARK_SIMPLE_C_BPL/TERM_LASSO//lasso_traces_polyrank3.t2.c/lasso_trace_176.txt,TERMINATING,0.35,85.89,11.00,TERMINATING,51,9,60,2 template / Nested template
CP26_BENCHMARK_FINAL/BENCHMARK_SIMPLE_C_BPL/TERM_LASSO//lasso_traces_polyrank3.t2.c/lasso_trace_177.txt,TERMINATING,0.49,76.46,26.00,UNKNOWN,51,9,60,2 template
CP26_BENCHMARK_FINAL/BENCHMARK_SIMPLE_C_BPL/TERM_LASSO//lasso_traces_polyrank3.t2.c/lasso_trace_178.txt,TERMINATING,0.35,77.24,11.00,TERMINATING,51,9,60,2 template / Nested template
CP26_BENCHMARK_FINAL/BENCHMARK_SIMPLE_C_BPL/TERM_LASSO//lasso_traces_polyrank3.t2.c/lasso_trace_179.txt,TERMINATING,0.35,76.21,12.00,TERMINATING,51,9,60,2 template / Nested template
CP26_BENCHMARK_FINAL/BENCHMARK_SIMPLE_C_BPL/TERM_LASSO//lasso_traces_polyrank3.t2.c/lasso_trace_18.txt,TERMINATING,0.33,79.01,27.00,UNKNOWN,51,9,60,2 template
CP26_BENCHMARK_FINAL/BENCHMARK_SIMPLE_C_BPL/TERM_LASSO//lasso_traces_polyrank3.t2.c/lasso_trace_180.txt,TERMINATING,0.30,76.86,27.00,UNKNOWN,51,9,60,2 template
CP26_BENCHMARK_FINAL/BENCHMARK_SIMPLE_C_BPL/TERM_LASSO//lasso_traces_polyrank3.t2.c/lasso_trace_181.txt,TERMINATING,0.37,87.41,28.00,UNKNOWN,51,9,60,2 template
CP26_BENCHMARK_FINAL/BENCHMARK_SIMPLE_C_BPL/TERM_LASSO//lasso_traces_polyrank3.t2.c/lasso_trace_182.txt,TERMINATING,0.37,77.08,27.00,UNKNOWN,51,9,60,2 template
CP26_BENCHMARK_FINAL/BENCHMARK_SIMPLE_C_BPL/TERM_LASSO//lasso_traces_polyrank3.t2.c/lasso_trace_183.txt,TERMINATING,0.38,73.81,11.00,TERMINATING,51,9,60,2 template / Nested template
CP26_BENCHMARK_FINAL/BENCHMARK_SIMPLE_C_BPL/TERM_LASSO//lasso_traces_polyrank3.t2.c/lasso_trace_184.txt,TERMINATING,0.35,85.64,28.00,UNKNOWN,51,9,60,2 template
CP26_BENCHMARK_FINAL/BENCHMARK_SIMPLE_C_BPL/TERM_LASSO//lasso_traces_polyrank3.t2.c/lasso_trace_185.txt,TERMINATING,0.38,91.96,11.00,TERMINATING,51,9,60,2 template / Nested template
CP26_BENCHMARK_FINAL/BENCHMARK_SIMPLE_C_BPL/TERM_LASSO//lasso_traces_polyrank3.t2.c/lasso_trace_186.txt,TERMINATING,0.29,79.71,11.00,TERMINATING,51,9,60,2 template / Nested template
CP26_BENCHMARK_FINAL/BENCHMARK_SIMPLE_C_BPL/TERM_LASSO//lasso_traces_polyrank3.t2.c/lasso_trace_187.txt,TERMINATING,0.35,73.45,12.00,TERMINATING,51,9,60,2 template / Nested template
CP26_BENCHMARK_FINAL/BENCHMARK_SIMPLE_C_BPL/TERM_LASSO//lasso_traces_polyrank3.t2.c/lasso_trace_188.txt,TERMINATING,0.34,74.46,11.00,TERMINATING,51,9,60,2 template / Nested template
CP26_BENCHMARK_FINAL/BENCHMARK_SIMPLE_C_BPL/TERM_LASSO//lasso_traces_polyrank3.t2.c/lasso_trace_189.txt,TERMINATING,0.34,85.86,28.00,UNKNOWN,51,9,60,2 template
CP26_BENCHMARK_FINAL/BENCHMARK_SIMPLE_C_BPL/TERM_LASSO//lasso_traces_polyrank3.t2.c/lasso_trace_19.txt,TERMINATING,0.34,84.24,26.00,UNKNOWN,51,9,60,2 template
CP26_BENCHMARK_FINAL/BENCHMARK_SIMPLE_C_BPL/TERM_LASSO//lasso_traces_polyrank3.t2.c/lasso_trace_190.txt,TERMINATING,0.36,73.45,26.00,UNKNOWN,51,9,60,2 template
CP26_BENCHMARK_FINAL/BENCHMARK_SIMPLE_C_BPL/TERM_LASSO//lasso_traces_polyrank3.t2.c/lasso_trace_191.txt,TERMINATING,0.41,78.52,12.00,TERMINATING,51,9,60,2 template / Nested template
CP26_BENCHMARK_FINAL/BENCHMARK_SIMPLE_C_BPL/TERM_LASSO//lasso_traces_polyrank3.t2.c/lasso_trace_192.txt,TERMINATING,0.34,85.02,11.00,TERMINATING,51,9,60,2 template / Nested template
CP26_BENCHMARK_FINAL/BENCHMARK_SIMPLE_C_BPL/TERM_LASSO//lasso_traces_polyrank3.t2.c/lasso_trace_193.txt,TERMINATING,0.35,78.28,26.00,UNKNOWN,51,9,60,2 template
CP26_BENCHMARK_FINAL/BENCHMARK_SIMPLE_C_BPL/TERM_LASSO//lasso_traces_polyrank3.t2.c/lasso_trace_194.txt,TERMINATING,0.39,77.94,27.00,UNKNOWN,51,9,60,2 template
CP26_BENCHMARK_FINAL/BENCHMARK_SIMPLE_C_BPL/TERM_LASSO//lasso_traces_polyrank3.t2.c/lasso_trace_195.txt,TERMINATING,0.32,80.65,12.00,TERMINATING,51,9,60,2 template / Nested template
CP26_BENCHMARK_FINAL/BENCHMARK_SIMPLE_C_BPL/TERM_LASSO//lasso_traces_polyrank3.t2.c/lasso_trace_196.txt,TERMINATING,0.45,80.71,11.00,TERMINATING,51,9,60,2 template / Nested template
CP26_BENCHMARK_FINAL/BENCHMARK_SIMPLE_C_BPL/TERM_LASSO//lasso_traces_polyrank3.t2.c/lasso_trace_197.txt,TERMINATING,0.29,78.10,10.00,TERMINATING,51,9,60,2 template / Nested template
CP26_BENCHMARK_FINAL/BENCHMARK_SIMPLE_C_BPL/TERM_LASSO//lasso_traces_polyrank3.t2.c/lasso_trace_198.txt,TERMINATING,0.37,77.44,10.00,TERMINATING,51,9,60,2 template / Nested template
CP26_BENCHMARK_FINAL/BENCHMARK_SIMPLE_C_BPL/TERM_LASSO//lasso_traces_polyrank3.t2.c/lasso_trace_199.txt,TERMINATING,0.32,104.41,29.00,UNKNOWN,51,9,60,2 template
CP26_BENCHMARK_FINAL/BENCHMARK_SIMPLE_C_BPL/TERM_LASSO//lasso_traces_polyrank3.t2.c/lasso_trace_2.txt,TERMINATING,0.41,215.58,38.00,TERMINATING,31,13,44,2 template / Nested template
CP26_BENCHMARK_FINAL/BENCHMARK_SIMPLE_C_BPL/TERM_LASSO//lasso_traces_polyrank3.t2.c/lasso_trace_20.txt,TERMINATING,0.36,82.40,24.00,UNKNOWN,51,9,60,2 template
CP26_BENCHMARK_FINAL/BENCHMARK_SIMPLE_C_BPL/TERM_LASSO//lasso_traces_polyrank3.t2.c/lasso_trace_200.txt,TERMINATING,0.31,75.61,12.00,TERMINATING,51,9,60,2 template / Nested template
CP26_BENCHMARK_FINAL/BENCHMARK_SIMPLE_C_BPL/TERM_LASSO//lasso_traces_polyrank3.t2.c/lasso_trace_201.txt,TERMINATING,0.35,77.60,28.00,UNKNOWN,51,9,60,2 template
CP26_BENCHMARK_FINAL/BENCHMARK_SIMPLE_C_BPL/TERM_LASSO//lasso_traces_polyrank3.t2.c/lasso_trace_202.txt,TERMINATING,0.37,91.66,28.00,UNKNOWN,51,9,60,2 template
CP26_BENCHMARK_FINAL/BENCHMARK_SIMPLE_C_BPL/TERM_LASSO//lasso_traces_polyrank3.t2.c/lasso_trace_203.txt,TERMINATING,0.32,85.70,10.00,TERMINATING,51,9,60,2 template / Nested template
CP26_BENCHMARK_FINAL/BENCHMARK_SIMPLE_C_BPL/TERM_LASSO//lasso_traces_polyrank3.t2.c/lasso_trace_204.txt,TERMINATING,0.34,79.97,12.00,TERMINATING,51,9,60,2 template / Nested template
CP26_BENCHMARK_FINAL/BENCHMARK_SIMPLE_C_BPL/TERM_LASSO//lasso_traces_polyrank3.t2.c/lasso_trace_205.txt,TERMINATING,0.37,77.61,28.00,UNKNOWN,51,9,60,2 template
CP26_BENCHMARK_FINAL/BENCHMARK_SIMPLE_C_BPL/TERM_LASSO//lasso_traces_polyrank3.t2.c/lasso_trace_206.txt,TERMINATING,0.35,76.68,31.00,UNKNOWN,51,9,60,2 template
CP26_BENCHMARK_FINAL/BENCHMARK_SIMPLE_C_BPL/TERM_LASSO//lasso_traces_polyrank3.t2.c/lasso_trace_207.txt,TERMINATING,0.37,82.02,10.00,TERMINATING,51,9,60,2 template / Nested template
CP26_BENCHMARK_FINAL/BENCHMARK_SIMPLE_C_BPL/TERM_LASSO//lasso_traces_polyrank3.t2.c/lasso_trace_208.txt,TERMINATING,0.34,79.15,26.00,UNKNOWN,51,9,60,2 template
CP26_BENCHMARK_FINAL/BENCHMARK_SIMPLE_C_BPL/TERM_LASSO//lasso_traces_polyrank3.t2.c/lasso_trace_209.txt,TERMINATING,0.36,75.92,12.00,TERMINATING,51,9,60,2 template / Nested template
CP26_BENCHMARK_FINAL/BENCHMARK_SIMPLE_C_BPL/TERM_LASSO//lasso_traces_polyrank3.t2.c/lasso_trace_21.txt,TERMINATING,0.35,79.49,12.00,TERMINATING,51,9,60,2 template / Nested template
CP26_BENCHMARK_FINAL/BENCHMARK_SIMPLE_C_BPL/TERM_LASSO//lasso_traces_polyrank3.t2.c/lasso_trace_210.txt,TERMINATING,0.29,77.16,29.00,UNKNOWN,51,9,60,2 template
CP26_BENCHMARK_FINAL/BENCHMARK_SIMPLE_C_BPL/TERM_LASSO//lasso_traces_polyrank3.t2.c/lasso_trace_211.txt,TERMINATING,0.33,77.97,28.00,UNKNOWN,51,9,60,2 template
CP26_BENCHMARK_FINAL/BENCHMARK_SIMPLE_C_BPL/TERM_LASSO//lasso_traces_polyrank3.t2.c/lasso_trace_212.txt,TERMINATING,0.36,77.09,26.00,UNKNOWN,51,9,60,2 template
CP26_BENCHMARK_FINAL/BENCHMARK_SIMPLE_C_BPL/TERM_LASSO//lasso_traces_polyrank3.t2.c/lasso_trace_213.txt,TERMINATING,0.32,73.54,12.00,TERMINATING,51,9,60,2 template / Nested template
CP26_BENCHMARK_FINAL/BENCHMARK_SIMPLE_C_BPL/TERM_LASSO//lasso_traces_polyrank3.t2.c/lasso_trace_214.txt,TERMINATING,0.36,78.27,27.00,UNKNOWN,51,9,60,2 template
CP26_BENCHMARK_FINAL/BENCHMARK_SIMPLE_C_BPL/TERM_LASSO//lasso_traces_polyrank3.t2.c/lasso_trace_215.txt,TERMINATING,0.71,80.40,26.00,UNKNOWN,51,9,60,2 template
CP26_BENCHMARK_FINAL/BENCHMARK_SIMPLE_C_BPL/TERM_LASSO//lasso_traces_polyrank3.t2.c/lasso_trace_216.txt,TERMINATING,0.37,78.51,13.00,TERMINATING,51,9,60,2 template / Nested template
CP26_BENCHMARK_FINAL/BENCHMARK_SIMPLE_C_BPL/TERM_LASSO//lasso_traces_polyrank3.t2.c/lasso_trace_217.txt,TERMINATING,0.31,73.86,26.00,UNKNOWN,51,9,60,2 template
CP26_BENCHMARK_FINAL/BENCHMARK_SIMPLE_C_BPL/TERM_LASSO//lasso_traces_polyrank3.t2.c/lasso_trace_218.txt,TERMINATING,0.33,73.23,12.00,TERMINATING,51,9,60,2 template / Nested template
CP26_BENCHMARK_FINAL/BENCHMARK_SIMPLE_C_BPL/TERM_LASSO//lasso_traces_polyrank3.t2.c/lasso_trace_219.txt,TERMINATING,0.30,74.53,29.00,UNKNOWN,51,9,60,2 template
CP26_BENCHMARK_FINAL/BENCHMARK_SIMPLE_C_BPL/TERM_LASSO//lasso_traces_polyrank3.t2.c/lasso_trace_22.txt,TERMINATING,0.42,75.52,28.00,UNKNOWN,51,9,60,2 template
CP26_BENCHMARK_FINAL/BENCHMARK_SIMPLE_C_BPL/TERM_LASSO//lasso_traces_polyrank3.t2.c/lasso_trace_220.txt,TERMINATING,0.47,96.55,26.00,UNKNOWN,51,9,60,2 template
CP26_BENCHMARK_FINAL/BENCHMARK_SIMPLE_C_BPL/TERM_LASSO//lasso_traces_polyrank3.t2.c/lasso_trace_221.txt,TERMINATING,0.35,78.42,29.00,UNKNOWN,51,9,60,2 template
CP26_BENCHMARK_FINAL/BENCHMARK_SIMPLE_C_BPL/TERM_LASSO//lasso_traces_polyrank3.t2.c/lasso_trace_222.txt,TERMINATING,0.38,76.85,27.00,UNKNOWN,51,9,60,2 template
CP26_BENCHMARK_FINAL/BENCHMARK_SIMPLE_C_BPL/TERM_LASSO//lasso_traces_polyrank3.t2.c/lasso_trace_223.txt,TERMINATING,0.36,73.86,27.00,UNKNOWN,51,9,60,2 template
CP26_BENCHMARK_FINAL/BENCHMARK_SIMPLE_C_BPL/TERM_LASSO//lasso_traces_polyrank3.t2.c/lasso_trace_224.txt,TERMINATING,0.29,81.07,27.00,UNKNOWN,51,9,60,2 template
CP26_BENCHMARK_FINAL/BENCHMARK_SIMPLE_C_BPL/TERM_LASSO//lasso_traces_polyrank3.t2.c/lasso_trace_225.txt,TERMINATING,0.33,84.18,12.00,TERMINATING,51,9,60,2 template / Nested template
CP26_BENCHMARK_FINAL/BENCHMARK_SIMPLE_C_BPL/TERM_LASSO//lasso_traces_polyrank3.t2.c/lasso_trace_226.txt,TERMINATING,0.36,75.63,27.00,UNKNOWN,51,9,60,2 template
CP26_BENCHMARK_FINAL/BENCHMARK_SIMPLE_C_BPL/TERM_LASSO//lasso_traces_polyrank3.t2.c/lasso_trace_227.txt,TERMINATING,0.32,76.41,26.00,UNKNOWN,51,9,60,2 template
CP26_BENCHMARK_FINAL/BENCHMARK_SIMPLE_C_BPL/TERM_LASSO//lasso_traces_polyrank3.t2.c/lasso_trace_228.txt,TERMINATING,0.37,100.48,26.00,UNKNOWN,51,9,60,2 template
CP26_BENCHMARK_FINAL/BENCHMARK_SIMPLE_C_BPL/TERM_LASSO//lasso_traces_polyrank3.t2.c/lasso_trace_229.txt,TERMINATING,0.36,77.51,28.00,UNKNOWN,51,9,60,2 template
CP26_BENCHMARK_FINAL/BENCHMARK_SIMPLE_C_BPL/TERM_LASSO//lasso_traces_polyrank3.t2.c/lasso_trace_23.txt,TERMINATING,0.35,77.41,10.00,TERMINATING,51,9,60,2 template / Nested template
CP26_BENCHMARK_FINAL/BENCHMARK_SIMPLE_C_BPL/TERM_LASSO//lasso_traces_polyrank3.t2.c/lasso_trace_230.txt,TERMINATING,0.43,73.31,11.00,TERMINATING,51,9,60,2 template / Nested template
CP26_BENCHMARK_FINAL/BENCHMARK_SIMPLE_C_BPL/TERM_LASSO//lasso_traces_polyrank3.t2.c/lasso_trace_231.txt,TERMINATING,0.32,82.03,13.00,TERMINATING,51,9,60,2 template / Nested template
CP26_BENCHMARK_FINAL/BENCHMARK_SIMPLE_C_BPL/TERM_LASSO//lasso_traces_polyrank3.t2.c/lasso_trace_232.txt,TERMINATING,0.29,74.67,11.00,TERMINATING,51,9,60,2 template / Nested template
CP26_BENCHMARK_FINAL/BENCHMARK_SIMPLE_C_BPL/TERM_LASSO//lasso_traces_polyrank3.t2.c/lasso_trace_233.txt,TERMINATING,0.30,73.44,11.00,TERMINATING,51,9,60,2 template / Nested template
CP26_BENCHMARK_FINAL/BENCHMARK_SIMPLE_C_BPL/TERM_LASSO//lasso_traces_polyrank3.t2.c/lasso_trace_234.txt,TERMINATING,0.42,79.69,11.00,TERMINATING,51,9,60,2 template / Nested template
CP26_BENCHMARK_FINAL/BENCHMARK_SIMPLE_C_BPL/TERM_LASSO//lasso_traces_polyrank3.t2.c/lasso_trace_235.txt,TERMINATING,0.35,77.22,14.00,TERMINATING,51,9,60,2 template / Nested template
CP26_BENCHMARK_FINAL/BENCHMARK_SIMPLE_C_BPL/TERM_LASSO//lasso_traces_polyrank3.t2.c/lasso_trace_236.txt,TERMINATING,0.32,75.78,11.00,TERMINATING,51,9,60,2 template / Nested template
CP26_BENCHMARK_FINAL/BENCHMARK_SIMPLE_C_BPL/TERM_LASSO//lasso_traces_polyrank3.t2.c/lasso_trace_237.txt,TERMINATING,0.37,78.27,14.00,TERMINATING,51,9,60,2 template / Nested template
CP26_BENCHMARK_FINAL/BENCHMARK_SIMPLE_C_BPL/TERM_LASSO//lasso_traces_polyrank3.t2.c/lasso_trace_238.txt,TERMINATING,0.34,75.75,27.00,UNKNOWN,51,9,60,2 template
CP26_BENCHMARK_FINAL/BENCHMARK_SIMPLE_C_BPL/TERM_LASSO//lasso_traces_polyrank3.t2.c/lasso_trace_239.txt,TERMINATING,0.35,80.24,28.00,UNKNOWN,51,9,60,2 template
CP26_BENCHMARK_FINAL/BENCHMARK_SIMPLE_C_BPL/TERM_LASSO//lasso_traces_polyrank3.t2.c/lasso_trace_24.txt,TERMINATING,0.32,82.83,11.00,TERMINATING,51,9,60,2 template / Nested template
CP26_BENCHMARK_FINAL/BENCHMARK_SIMPLE_C_BPL/TERM_LASSO//lasso_traces_polyrank3.t2.c/lasso_trace_240.txt,TERMINATING,0.35,78.32,10.00,TERMINATING,51,9,60,2 template / Nested template
CP26_BENCHMARK_FINAL/BENCHMARK_SIMPLE_C_BPL/TERM_LASSO//lasso_traces_polyrank3.t2.c/lasso_trace_241.txt,TERMINATING,0.33,80.01,25.00,UNKNOWN,51,9,60,2 template
CP26_BENCHMARK_FINAL/BENCHMARK_SIMPLE_C_BPL/TERM_LASSO//lasso_traces_polyrank3.t2.c/lasso_trace_242.txt,TERMINATING,0.37,81.60,13.00,TERMINATING,51,9,60,2 template / Nested template
CP26_BENCHMARK_FINAL/BENCHMARK_SIMPLE_C_BPL/TERM_LASSO//lasso_traces_polyrank3.t2.c/lasso_trace_243.txt,TERMINATING,0.39,74.38,27.00,UNKNOWN,51,9,60,2 template
CP26_BENCHMARK_FINAL/BENCHMARK_SIMPLE_C_BPL/TERM_LASSO//lasso_traces_polyrank3.t2.c/lasso_trace_244.txt,TERMINATING,0.36,74.46,28.00,UNKNOWN,51,9,60,2 template
CP26_BENCHMARK_FINAL/BENCHMARK_SIMPLE_C_BPL/TERM_LASSO//lasso_traces_polyrank3.t2.c/lasso_trace_245.txt,TERMINATING,0.30,78.62,26.00,UNKNOWN,51,9,60,2 template
CP26_BENCHMARK_FINAL/BENCHMARK_SIMPLE_C_BPL/TERM_LASSO//lasso_traces_polyrank3.t2.c/lasso_trace_246.txt,TERMINATING,0.35,94.26,11.00,TERMINATING,51,9,60,2 template / Nested template
CP26_BENCHMARK_FINAL/BENCHMARK_SIMPLE_C_BPL/TERM_LASSO//lasso_traces_polyrank3.t2.c/lasso_trace_247.txt,TERMINATING,0.37,77.35,27.00,UNKNOWN,51,9,60,2 template
CP26_BENCHMARK_FINAL/BENCHMARK_SIMPLE_C_BPL/TERM_LASSO//lasso_traces_polyrank3.t2.c/lasso_trace_248.txt,TERMINATING,0.29,78.02,28.00,UNKNOWN,51,9,60,2 template
CP26_BENCHMARK_FINAL/BENCHMARK_SIMPLE_C_BPL/TERM_LASSO//lasso_traces_polyrank3.t2.c/lasso_trace_249.txt,TERMINATING,0.34,85.03,11.00,TERMINATING,51,9,60,2 template / Nested template
CP26_BENCHMARK_FINAL/BENCHMARK_SIMPLE_C_BPL/TERM_LASSO//lasso_traces_polyrank3.t2.c/lasso_trace_25.txt,TERMINATING,0.39,81.50,28.00,UNKNOWN,51,9,60,2 template
CP26_BENCHMARK_FINAL/BENCHMARK_SIMPLE_C_BPL/TERM_LASSO//lasso_traces_polyrank3.t2.c/lasso_trace_250.txt,TERMINATING,0.35,82.02,11.00,TERMINATING,51,9,60,2 template / Nested template
CP26_BENCHMARK_FINAL/BENCHMARK_SIMPLE_C_BPL/TERM_LASSO//lasso_traces_polyrank3.t2.c/lasso_trace_251.txt,TERMINATING,0.38,85.84,10.00,TERMINATING,51,9,60,2 template / Nested template
CP26_BENCHMARK_FINAL/BENCHMARK_SIMPLE_C_BPL/TERM_LASSO//lasso_traces_polyrank3.t2.c/lasso_trace_252.txt,TERMINATING,0.34,75.76,12.00,TERMINATING,51,9,60,2 template / Nested template
CP26_BENCHMARK_FINAL/BENCHMARK_SIMPLE_C_BPL/TERM_LASSO//lasso_traces_polyrank3.t2.c/lasso_trace_253.txt,TERMINATING,0.35,85.51,27.00,UNKNOWN,51,9,60,2 template
CP26_BENCHMARK_FINAL/BENCHMARK_SIMPLE_C_BPL/TERM_LASSO//lasso_traces_polyrank3.t2.c/lasso_trace_254.txt,TERMINATING,0.33,74.03,13.00,TERMINATING,51,9,60,2 template / Nested template
CP26_BENCHMARK_FINAL/BENCHMARK_SIMPLE_C_BPL/TERM_LASSO//lasso_traces_polyrank3.t2.c/lasso_trace_255.txt,TERMINATING,0.45,85.94,11.00,TERMINATING,51,9,60,2 template / Nested template
CP26_BENCHMARK_FINAL/BENCHMARK_SIMPLE_C_BPL/TERM_LASSO//lasso_traces_polyrank3.t2.c/lasso_trace_256.txt,TERMINATING,0.85,81.99,14.00,TERMINATING,51,9,60,2 template / Nested template
CP26_BENCHMARK_FINAL/BENCHMARK_SIMPLE_C_BPL/TERM_LASSO//lasso_traces_polyrank3.t2.c/lasso_trace_257.txt,TERMINATING,0.57,77.31,10.00,TERMINATING,51,9,60,2 template / Nested template
CP26_BENCHMARK_FINAL/BENCHMARK_SIMPLE_C_BPL/TERM_LASSO//lasso_traces_polyrank3.t2.c/lasso_trace_258.txt,TERMINATING,0.26,76.28,29.00,UNKNOWN,51,9,60,2 template
CP26_BENCHMARK_FINAL/BENCHMARK_SIMPLE_C_BPL/TERM_LASSO//lasso_traces_polyrank3.t2.c/lasso_trace_259.txt,TERMINATING,0.29,80.59,28.00,UNKNOWN,51,9,60,2 template
CP26_BENCHMARK_FINAL/BENCHMARK_SIMPLE_C_BPL/TERM_LASSO//lasso_traces_polyrank3.t2.c/lasso_trace_26.txt,TERMINATING,0.36,78.05,26.00,UNKNOWN,51,9,60,2 template
CP26_BENCHMARK_FINAL/BENCHMARK_SIMPLE_C_BPL/TERM_LASSO//lasso_traces_polyrank3.t2.c/lasso_trace_260.txt,TERMINATING,0.53,80.25,12.00,TERMINATING,51,9,60,2 template / Nested template
CP26_BENCHMARK_FINAL/BENCHMARK_SIMPLE_C_BPL/TERM_LASSO//lasso_traces_polyrank3.t2.c/lasso_trace_261.txt,TERMINATING,0.41,80.38,11.00,TERMINATING,51,9,60,2 template / Nested template
CP26_BENCHMARK_FINAL/BENCHMARK_SIMPLE_C_BPL/TERM_LASSO//lasso_traces_polyrank3.t2.c/lasso_trace_262.txt,TERMINATING,0.37,75.63,11.00,TERMINATING,51,9,60,2 template / Nested template
CP26_BENCHMARK_FINAL/BENCHMARK_SIMPLE_C_BPL/TERM_LASSO//lasso_traces_polyrank3.t2.c/lasso_trace_263.txt,TERMINATING,0.32,74.47,27.00,UNKNOWN,51,9,60,2 template
CP26_BENCHMARK_FINAL/BENCHMARK_SIMPLE_C_BPL/TERM_LASSO//lasso_traces_polyrank3.t2.c/lasso_trace_264.txt,TERMINATING,0.30,80.99,27.00,UNKNOWN,51,9,60,2 template
CP26_BENCHMARK_FINAL/BENCHMARK_SIMPLE_C_BPL/TERM_LASSO//lasso_traces_polyrank3.t2.c/lasso_trace_265.txt,TERMINATING,0.32,72.45,28.00,UNKNOWN,51,9,60,2 template
CP26_BENCHMARK_FINAL/BENCHMARK_SIMPLE_C_BPL/TERM_LASSO//lasso_traces_polyrank3.t2.c/lasso_trace_266.txt,TERMINATING,0.35,77.68,11.00,TERMINATING,51,9,60,2 template / Nested template
CP26_BENCHMARK_FINAL/BENCHMARK_SIMPLE_C_BPL/TERM_LASSO//lasso_traces_polyrank3.t2.c/lasso_trace_267.txt,TERMINATING,0.35,74.14,26.00,UNKNOWN,51,9,60,2 template
CP26_BENCHMARK_FINAL/BENCHMARK_SIMPLE_C_BPL/TERM_LASSO//lasso_traces_polyrank3.t2.c/lasso_trace_268.txt,TERMINATING,0.36,78.69,25.00,UNKNOWN,51,9,60,2 template
CP26_BENCHMARK_FINAL/BENCHMARK_SIMPLE_C_BPL/TERM_LASSO//lasso_traces_polyrank3.t2.c/lasso_trace_269.txt,TERMINATING,0.31,78.08,11.00,TERMINATING,51,9,60,2 template / Nested template
CP26_BENCHMARK_FINAL/BENCHMARK_SIMPLE_C_BPL/TERM_LASSO//lasso_traces_polyrank3.t2.c/lasso_trace_27.txt,TERMINATING,0.34,77.97,11.00,TERMINATING,51,9,60,2 template / Nested template
CP26_BENCHMARK_FINAL/BENCHMARK_SIMPLE_C_BPL/TERM_LASSO//lasso_traces_polyrank3.t2.c/lasso_trace_270.txt,TERMINATING,0.36,74.20,11.00,TERMINATING,51,9,60,2 template / Nested template
CP26_BENCHMARK_FINAL/BENCHMARK_SIMPLE_C_BPL/TERM_LASSO//lasso_traces_polyrank3.t2.c/lasso_trace_271.txt,TERMINATING,0.32,82.49,11.00,TERMINATING,51,9,60,2 template / Nested template
CP26_BENCHMARK_FINAL/BENCHMARK_SIMPLE_C_BPL/TERM_LASSO//lasso_traces_polyrank3.t2.c/lasso_trace_272.txt,TERMINATING,0.37,76.06,25.00,UNKNOWN,51,9,60,2 template
CP26_BENCHMARK_FINAL/BENCHMARK_SIMPLE_C_BPL/TERM_LASSO//lasso_traces_polyrank3.t2.c/lasso_trace_273.txt,TERMINATING,0.34,77.19,10.00,TERMINATING,51,9,60,2 template / Nested template
CP26_BENCHMARK_FINAL/BENCHMARK_SIMPLE_C_BPL/TERM_LASSO//lasso_traces_polyrank3.t2.c/lasso_trace_274.txt,TERMINATING,0.37,75.13,28.00,UNKNOWN,51,9,60,2 template
CP26_BENCHMARK_FINAL/BENCHMARK_SIMPLE_C_BPL/TERM_LASSO//lasso_traces_polyrank3.t2.c/lasso_trace_275.txt,TERMINATING,0.26,75.26,11.00,TERMINATING,51,9,60,2 template / Nested template
CP26_BENCHMARK_FINAL/BENCHMARK_SIMPLE_C_BPL/TERM_LASSO//lasso_traces_polyrank3.t2.c/lasso_trace_276.txt,TERMINATING,0.36,77.93,12.00,TERMINATING,51,9,60,2 template / Nested template
CP26_BENCHMARK_FINAL/BENCHMARK_SIMPLE_C_BPL/TERM_LASSO//lasso_traces_polyrank3.t2.c/lasso_trace_277.txt,TERMINATING,0.37,95.38,27.00,UNKNOWN,51,9,60,2 template
CP26_BENCHMARK_FINAL/BENCHMARK_SIMPLE_C_BPL/TERM_LASSO//lasso_traces_polyrank3.t2.c/lasso_trace_278.txt,TERMINATING,0.35,77.20,30.00,UNKNOWN,51,9,60,2 template
CP26_BENCHMARK_FINAL/BENCHMARK_SIMPLE_C_BPL/TERM_LASSO//lasso_traces_polyrank3.t2.c/lasso_trace_279.txt,TERMINATING,0.32,87.30,13.00,TERMINATING,51,9,60,2 template / Nested template
CP26_BENCHMARK_FINAL/BENCHMARK_SIMPLE_C_BPL/TERM_LASSO//lasso_traces_polyrank3.t2.c/lasso_trace_28.txt,TERMINATING,0.32,80.87,10.00,TERMINATING,51,9,60,2 template / Nested template
CP26_BENCHMARK_FINAL/BENCHMARK_SIMPLE_C_BPL/TERM_LASSO//lasso_traces_polyrank3.t2.c/lasso_trace_280.txt,TERMINATING,0.40,92.33,11.00,TERMINATING,51,9,60,2 template / Nested template
CP26_BENCHMARK_FINAL/BENCHMARK_SIMPLE_C_BPL/TERM_LASSO//lasso_traces_polyrank3.t2.c/lasso_trace_281.txt,TERMINATING,0.29,76.87,27.00,UNKNOWN,51,9,60,2 template
CP26_BENCHMARK_FINAL/BENCHMARK_SIMPLE_C_BPL/TERM_LASSO//lasso_traces_polyrank3.t2.c/lasso_trace_282.txt,TERMINATING,0.33,76.24,10.00,TERMINATING,51,9,60,2 template / Nested template
CP26_BENCHMARK_FINAL/BENCHMARK_SIMPLE_C_BPL/TERM_LASSO//lasso_traces_polyrank3.t2.c/lasso_trace_283.txt,TERMINATING,0.34,80.46,28.00,UNKNOWN,51,9,60,2 template
CP26_BENCHMARK_FINAL/BENCHMARK_SIMPLE_C_BPL/TERM_LASSO//lasso_traces_polyrank3.t2.c/lasso_trace_284.txt,TERMINATING,0.42,76.84,26.00,UNKNOWN,51,9,60,2 template
CP26_BENCHMARK_FINAL/BENCHMARK_SIMPLE_C_BPL/TERM_LASSO//lasso_traces_polyrank3.t2.c/lasso_trace_285.txt,TERMINATING,0.36,103.00,10.00,TERMINATING,51,9,60,2 template / Nested template
CP26_BENCHMARK_FINAL/BENCHMARK_SIMPLE_C_BPL/TERM_LASSO//lasso_traces_polyrank3.t2.c/lasso_trace_286.txt,TERMINATING,0.32,76.27,12.00,TERMINATING,51,9,60,2 template / Nested template
CP26_BENCHMARK_FINAL/BENCHMARK_SIMPLE_C_BPL/TERM_LASSO//lasso_traces_polyrank3.t2.c/lasso_trace_287.txt,TERMINATING,0.35,76.16,28.00,UNKNOWN,51,9,60,2 template
CP26_BENCHMARK_FINAL/BENCHMARK_SIMPLE_C_BPL/TERM_LASSO//lasso_traces_polyrank3.t2.c/lasso_trace_288.txt,TERMINATING,0.28,77.72,25.00,UNKNOWN,51,9,60,2 template
CP26_BENCHMARK_FINAL/BENCHMARK_SIMPLE_C_BPL/TERM_LASSO//lasso_traces_polyrank3.t2.c/lasso_trace_289.txt,TERMINATING,0.37,76.52,11.00,TERMINATING,51,9,60,2 template / Nested template
CP26_BENCHMARK_FINAL/BENCHMARK_SIMPLE_C_BPL/TERM_LASSO//lasso_traces_polyrank3.t2.c/lasso_trace_29.txt,TERMINATING,0.33,82.70,27.00,UNKNOWN,51,9,60,2 template
CP26_BENCHMARK_FINAL/BENCHMARK_SIMPLE_C_BPL/TERM_LASSO//lasso_traces_polyrank3.t2.c/lasso_trace_290.txt,TERMINATING,0.31,79.77,11.00,TERMINATING,51,9,60,2 template / Nested template
CP26_BENCHMARK_FINAL/BENCHMARK_SIMPLE_C_BPL/TERM_LASSO//lasso_traces_polyrank3.t2.c/lasso_trace_291.txt,TERMINATING,0.32,93.99,25.00,UNKNOWN,51,9,60,2 template
CP26_BENCHMARK_FINAL/BENCHMARK_SIMPLE_C_BPL/TERM_LASSO//lasso_traces_polyrank3.t2.c/lasso_trace_292.txt,TERMINATING,0.37,78.59,28.00,UNKNOWN,51,9,60,2 template
CP26_BENCHMARK_FINAL/BENCHMARK_SIMPLE_C_BPL/TERM_LASSO//lasso_traces_polyrank3.t2.c/lasso_trace_293.txt,TERMINATING,0.41,70.82,26.00,UNKNOWN,51,9,60,2 template
CP26_BENCHMARK_FINAL/BENCHMARK_SIMPLE_C_BPL/TERM_LASSO//lasso_traces_polyrank3.t2.c/lasso_trace_294.txt,TERMINATING,0.35,88.55,28.00,UNKNOWN,51,9,60,2 template
CP26_BENCHMARK_FINAL/BENCHMARK_SIMPLE_C_BPL/TERM_LASSO//lasso_traces_polyrank3.t2.c/lasso_trace_295.txt,TERMINATING,0.38,73.80,13.00,TERMINATING,51,9,60,2 template / Nested template
CP26_BENCHMARK_FINAL/BENCHMARK_SIMPLE_C_BPL/TERM_LASSO//lasso_traces_polyrank3.t2.c/lasso_trace_296.txt,TERMINATING,0.31,83.46,28.00,UNKNOWN,51,9,60,2 template
CP26_BENCHMARK_FINAL/BENCHMARK_SIMPLE_C_BPL/TERM_LASSO//lasso_traces_polyrank3.t2.c/lasso_trace_297.txt,TERMINATING,0.30,79.63,29.00,UNKNOWN,51,9,60,2 template
CP26_BENCHMARK_FINAL/BENCHMARK_SIMPLE_C_BPL/TERM_LASSO//lasso_traces_polyrank3.t2.c/lasso_trace_298.txt,TERMINATING,0.29,78.63,28.00,UNKNOWN,51,9,60,2 template
CP26_BENCHMARK_FINAL/BENCHMARK_SIMPLE_C_BPL/TERM_LASSO//lasso_traces_polyrank3.t2.c/lasso_trace_299.txt,TERMINATING,0.35,79.20,28.00,UNKNOWN,51,9,60,2 template
CP26_BENCHMARK_FINAL/BENCHMARK_SIMPLE_C_BPL/TERM_LASSO//lasso_traces_polyrank3.t2.c/lasso_trace_3.txt,TERMINATING,0.35,85.24,29.00,UNKNOWN,41,9,50,2 template
CP26_BENCHMARK_FINAL/BENCHMARK_SIMPLE_C_BPL/TERM_LASSO//lasso_traces_polyrank3.t2.c/lasso_trace_30.txt,TERMINATING,0.36,82.93,26.00,UNKNOWN,51,9,60,2 template
CP26_BENCHMARK_FINAL/BENCHMARK_SIMPLE_C_BPL/TERM_LASSO//lasso_traces_polyrank3.t2.c/lasso_trace_300.txt,TERMINATING,0.31,77.68,11.00,TERMINATING,51,9,60,2 template / Nested template
CP26_BENCHMARK_FINAL/BENCHMARK_SIMPLE_C_BPL/TERM_LASSO//lasso_traces_polyrank3.t2.c/lasso_trace_301.txt,TERMINATING,0.39,76.07,26.00,UNKNOWN,51,9,60,2 template
CP26_BENCHMARK_FINAL/BENCHMARK_SIMPLE_C_BPL/TERM_LASSO//lasso_traces_polyrank3.t2.c/lasso_trace_302.txt,TERMINATING,0.31,98.38,12.00,TERMINATING,51,9,60,2 template / Nested template
CP26_BENCHMARK_FINAL/BENCHMARK_SIMPLE_C_BPL/TERM_LASSO//lasso_traces_polyrank3.t2.c/lasso_trace_303.txt,TERMINATING,0.28,74.64,11.00,TERMINATING,51,9,60,2 template / Nested template
CP26_BENCHMARK_FINAL/BENCHMARK_SIMPLE_C_BPL/TERM_LASSO//lasso_traces_polyrank3.t2.c/lasso_trace_304.txt,TERMINATING,0.31,74.18,28.00,UNKNOWN,51,9,60,2 template
CP26_BENCHMARK_FINAL/BENCHMARK_SIMPLE_C_BPL/TERM_LASSO//lasso_traces_polyrank3.t2.c/lasso_trace_305.txt,TERMINATING,0.35,82.44,10.00,TERMINATING,51,9,60,2 template / Nested template
CP26_BENCHMARK_FINAL/BENCHMARK_SIMPLE_C_BPL/TERM_LASSO//lasso_traces_polyrank3.t2.c/lasso_trace_306.txt,TERMINATING,0.31,85.91,29.00,UNKNOWN,51,9,60,2 template
CP26_BENCHMARK_FINAL/BENCHMARK_SIMPLE_C_BPL/TERM_LASSO//lasso_traces_polyrank3.t2.c/lasso_trace_307.txt,TERMINATING,0.32,77.48,26.00,UNKNOWN,51,9,60,2 template
CP26_BENCHMARK_FINAL/BENCHMARK_SIMPLE_C_BPL/TERM_LASSO//lasso_traces_polyrank3.t2.c/lasso_trace_308.txt,TERMINATING,0.35,73.88,10.00,TERMINATING,51,9,60,2 template / Nested template
CP26_BENCHMARK_FINAL/BENCHMARK_SIMPLE_C_BPL/TERM_LASSO//lasso_traces_polyrank3.t2.c/lasso_trace_309.txt,TERMINATING,0.36,72.78,11.00,TERMINATING,51,9,60,2 template / Nested template
CP26_BENCHMARK_FINAL/BENCHMARK_SIMPLE_C_BPL/TERM_LASSO//lasso_traces_polyrank3.t2.c/lasso_trace_31.txt,TERMINATING,0.35,76.38,11.00,TERMINATING,51,9,60,2 template / Nested template
CP26_BENCHMARK_FINAL/BENCHMARK_SIMPLE_C_BPL/TERM_LASSO//lasso_traces_polyrank3.t2.c/lasso_trace_310.txt,TERMINATING,0.28,77.62,28.00,UNKNOWN,51,9,60,2 template
CP26_BENCHMARK_FINAL/BENCHMARK_SIMPLE_C_BPL/TERM_LASSO//lasso_traces_polyrank3.t2.c/lasso_trace_311.txt,TERMINATING,0.27,75.39,25.00,UNKNOWN,51,9,60,2 template
CP26_BENCHMARK_FINAL/BENCHMARK_SIMPLE_C_BPL/TERM_LASSO//lasso_traces_polyrank3.t2.c/lasso_trace_312.txt,TERMINATING,0.29,76.58,12.00,TERMINATING,51,9,60,2 template / Nested template
CP26_BENCHMARK_FINAL/BENCHMARK_SIMPLE_C_BPL/TERM_LASSO//lasso_traces_polyrank3.t2.c/lasso_trace_313.txt,TERMINATING,0.36,76.61,26.00,UNKNOWN,51,9,60,2 template
CP26_BENCHMARK_FINAL/BENCHMARK_SIMPLE_C_BPL/TERM_LASSO//lasso_traces_polyrank3.t2.c/lasso_trace_314.txt,TERMINATING,0.30,75.79,9.00,TERMINATING,51,9,60,2 template / Nested template
CP26_BENCHMARK_FINAL/BENCHMARK_SIMPLE_C_BPL/TERM_LASSO//lasso_traces_polyrank3.t2.c/lasso_trace_315.txt,TERMINATING,0.31,97.64,28.00,UNKNOWN,51,9,60,2 template
CP26_BENCHMARK_FINAL/BENCHMARK_SIMPLE_C_BPL/TERM_LASSO//lasso_traces_polyrank3.t2.c/lasso_trace_316.txt,TERMINATING,0.35,82.23,26.00,UNKNOWN,51,9,60,2 template
CP26_BENCHMARK_FINAL/BENCHMARK_SIMPLE_C_BPL/TERM_LASSO//lasso_traces_polyrank3.t2.c/lasso_trace_317.txt,TERMINATING,0.36,73.84,11.00,TERMINATING,51,9,60,2 template / Nested template
CP26_BENCHMARK_FINAL/BENCHMARK_SIMPLE_C_BPL/TERM_LASSO//lasso_traces_polyrank3.t2.c/lasso_trace_318.txt,TERMINATING,0.35,71.87,26.00,UNKNOWN,51,9,60,2 template
CP26_BENCHMARK_FINAL/BENCHMARK_SIMPLE_C_BPL/TERM_LASSO//lasso_traces_polyrank3.t2.c/lasso_trace_319.txt,TERMINATING,0.27,76.14,10.00,TERMINATING,51,9,60,2 template / Nested template
CP26_BENCHMARK_FINAL/BENCHMARK_SIMPLE_C_BPL/TERM_LASSO//lasso_traces_polyrank3.t2.c/lasso_trace_32.txt,TERMINATING,0.30,75.78,28.00,UNKNOWN,51,9,60,2 template
CP26_BENCHMARK_FINAL/BENCHMARK_SIMPLE_C_BPL/TERM_LASSO//lasso_traces_polyrank3.t2.c/lasso_trace_320.txt,TERMINATING,0.34,108.48,11.00,TERMINATING,51,9,60,2 template / Nested template
CP26_BENCHMARK_FINAL/BENCHMARK_SIMPLE_C_BPL/TERM_LASSO//lasso_traces_polyrank3.t2.c/lasso_trace_321.txt,TERMINATING,0.35,73.35,28.00,UNKNOWN,51,9,60,2 template
CP26_BENCHMARK_FINAL/BENCHMARK_SIMPLE_C_BPL/TERM_LASSO//lasso_traces_polyrank3.t2.c/lasso_trace_322.txt,TERMINATING,0.27,72.48,27.00,UNKNOWN,51,9,60,2 template
CP26_BENCHMARK_FINAL/BENCHMARK_SIMPLE_C_BPL/TERM_LASSO//lasso_traces_polyrank3.t2.c/lasso_trace_323.txt,TERMINATING,0.31,75.41,27.00,UNKNOWN,51,9,60,2 template
CP26_BENCHMARK_FINAL/BENCHMARK_SIMPLE_C_BPL/TERM_LASSO//lasso_traces_polyrank3.t2.c/lasso_trace_324.txt,TERMINATING,0.28,82.01,12.00,TERMINATING,51,9,60,2 template / Nested template
CP26_BENCHMARK_FINAL/BENCHMARK_SIMPLE_C_BPL/TERM_LASSO//lasso_traces_polyrank3.t2.c/lasso_trace_325.txt,TERMINATING,0.29,76.44,28.00,UNKNOWN,51,9,60,2 template
CP26_BENCHMARK_FINAL/BENCHMARK_SIMPLE_C_BPL/TERM_LASSO//lasso_traces_polyrank3.t2.c/lasso_trace_326.txt,TERMINATING,0.35,77.95,12.00,TERMINATING,51,9,60,2 template / Nested template
CP26_BENCHMARK_FINAL/BENCHMARK_SIMPLE_C_BPL/TERM_LASSO//lasso_traces_polyrank3.t2.c/lasso_trace_327.txt,TERMINATING,0.27,82.73,11.00,TERMINATING,51,9,60,2 template / Nested template
CP26_BENCHMARK_FINAL/BENCHMARK_SIMPLE_C_BPL/TERM_LASSO//lasso_traces_polyrank3.t2.c/lasso_trace_328.txt,TERMINATING,0.30,76.15,12.00,TERMINATING,51,9,60,2 template / Nested template
CP26_BENCHMARK_FINAL/BENCHMARK_SIMPLE_C_BPL/TERM_LASSO//lasso_traces_polyrank3.t2.c/lasso_trace_329.txt,TERMINATING,0.26,79.69,15.00,TERMINATING,51,9,60,2 template / Nested template
CP26_BENCHMARK_FINAL/BENCHMARK_SIMPLE_C_BPL/TERM_LASSO//lasso_traces_polyrank3.t2.c/lasso_trace_33.txt,TERMINATING,0.37,79.68,28.00,UNKNOWN,51,9,60,2 template
CP26_BENCHMARK_FINAL/BENCHMARK_SIMPLE_C_BPL/TERM_LASSO//lasso_traces_polyrank3.t2.c/lasso_trace_330.txt,TERMINATING,0.31,91.98,10.00,TERMINATING,51,9,60,2 template / Nested template
CP26_BENCHMARK_FINAL/BENCHMARK_SIMPLE_C_BPL/TERM_LASSO//lasso_traces_polyrank3.t2.c/lasso_trace_331.txt,TERMINATING,0.45,78.75,24.00,UNKNOWN,51,9,60,2 template
CP26_BENCHMARK_FINAL/BENCHMARK_SIMPLE_C_BPL/TERM_LASSO//lasso_traces_polyrank3.t2.c/lasso_trace_332.txt,TERMINATING,0.32,76.13,10.00,TERMINATING,51,9,60,2 template / Nested template
CP26_BENCHMARK_FINAL/BENCHMARK_SIMPLE_C_BPL/TERM_LASSO//lasso_traces_polyrank3.t2.c/lasso_trace_333.txt,TERMINATING,0.27,88.10,12.00,TERMINATING,51,9,60,2 template / Nested template
CP26_BENCHMARK_FINAL/BENCHMARK_SIMPLE_C_BPL/TERM_LASSO//lasso_traces_polyrank3.t2.c/lasso_trace_334.txt,TERMINATING,0.27,86.80,27.00,UNKNOWN,51,9,60,2 template
CP26_BENCHMARK_FINAL/BENCHMARK_SIMPLE_C_BPL/TERM_LASSO//lasso_traces_polyrank3.t2.c/lasso_trace_335.txt,TERMINATING,0.42,79.52,11.00,TERMINATING,51,9,60,2 template / Nested template
CP26_BENCHMARK_FINAL/BENCHMARK_SIMPLE_C_BPL/TERM_LASSO//lasso_traces_polyrank3.t2.c/lasso_trace_336.txt,TERMINATING,0.31,87.05,10.00,TERMINATING,51,9,60,2 template / Nested template
CP26_BENCHMARK_FINAL/BENCHMARK_SIMPLE_C_BPL/TERM_LASSO//lasso_traces_polyrank3.t2.c/lasso_trace_337.txt,TERMINATING,0.66,80.22,11.00,TERMINATING,51,9,60,2 template / Nested template
CP26_BENCHMARK_FINAL/BENCHMARK_SIMPLE_C_BPL/TERM_LASSO//lasso_traces_polyrank3.t2.c/lasso_trace_338.txt,TERMINATING,0.34,85.13,26.00,UNKNOWN,51,9,60,2 template
CP26_BENCHMARK_FINAL/BENCHMARK_SIMPLE_C_BPL/TERM_LASSO//lasso_traces_polyrank3.t2.c/lasso_trace_339.txt,TERMINATING,0.34,100.70,26.00,UNKNOWN,51,9,60,2 template
CP26_BENCHMARK_FINAL/BENCHMARK_SIMPLE_C_BPL/TERM_LASSO//lasso_traces_polyrank3.t2.c/lasso_trace_34.txt,TERMINATING,0.30,83.08,12.00,TERMINATING,51,9,60,2 template / Nested template
CP26_BENCHMARK_FINAL/BENCHMARK_SIMPLE_C_BPL/TERM_LASSO//lasso_traces_polyrank3.t2.c/lasso_trace_340.txt,TERMINATING,0.37,82.42,27.00,UNKNOWN,51,9,60,2 template
CP26_BENCHMARK_FINAL/BENCHMARK_SIMPLE_C_BPL/TERM_LASSO//lasso_traces_polyrank3.t2.c/lasso_trace_35.txt,TERMINATING,0.46,80.41,10.00,TERMINATING,51,9,60,2 template / Nested template
CP26_BENCHMARK_FINAL/BENCHMARK_SIMPLE_C_BPL/TERM_LASSO//lasso_traces_polyrank3.t2.c/lasso_trace_36.txt,TERMINATING,0.34,86.55,26.00,UNKNOWN,51,9,60,2 template
CP26_BENCHMARK_FINAL/BENCHMARK_SIMPLE_C_BPL/TERM_LASSO//lasso_traces_polyrank3.t2.c/lasso_trace_37.txt,TERMINATING,0.32,84.84,11.00,TERMINATING,51,9,60,2 template / Nested template
CP26_BENCHMARK_FINAL/BENCHMARK_SIMPLE_C_BPL/TERM_LASSO//lasso_traces_polyrank3.t2.c/lasso_trace_38.txt,TERMINATING,0.34,77.97,25.00,UNKNOWN,51,9,60,2 template
CP26_BENCHMARK_FINAL/BENCHMARK_SIMPLE_C_BPL/TERM_LASSO//lasso_traces_polyrank3.t2.c/lasso_trace_39.txt,TERMINATING,0.28,84.22,31.00,UNKNOWN,51,9,60,2 template
CP26_BENCHMARK_FINAL/BENCHMARK_SIMPLE_C_BPL/TERM_LASSO//lasso_traces_polyrank3.t2.c/lasso_trace_4.txt,TERMINATING,0.35,84.03,13.00,TERMINATING,50,9,59,2 template / Nested template
CP26_BENCHMARK_FINAL/BENCHMARK_SIMPLE_C_BPL/TERM_LASSO//lasso_traces_polyrank3.t2.c/lasso_trace_40.txt,TERMINATING,0.35,81.84,10.00,TERMINATING,51,9,60,2 template / Nested template
CP26_BENCHMARK_FINAL/BENCHMARK_SIMPLE_C_BPL/TERM_LASSO//lasso_traces_polyrank3.t2.c/lasso_trace_41.txt,TERMINATING,0.46,108.96,28.00,UNKNOWN,51,9,60,2 template
CP26_BENCHMARK_FINAL/BENCHMARK_SIMPLE_C_BPL/TERM_LASSO//lasso_traces_polyrank3.t2.c/lasso_trace_42.txt,TERMINATING,0.33,77.51,13.00,TERMINATING,51,9,60,2 template / Nested template
CP26_BENCHMARK_FINAL/BENCHMARK_SIMPLE_C_BPL/TERM_LASSO//lasso_traces_polyrank3.t2.c/lasso_trace_43.txt,TERMINATING,0.35,78.91,14.00,TERMINATING,51,9,60,2 template / Nested template
CP26_BENCHMARK_FINAL/BENCHMARK_SIMPLE_C_BPL/TERM_LASSO//lasso_traces_polyrank3.t2.c/lasso_trace_44.txt,TERMINATING,0.35,81.61,26.00,UNKNOWN,51,9,60,2 template
CP26_BENCHMARK_FINAL/BENCHMARK_SIMPLE_C_BPL/TERM_LASSO//lasso_traces_polyrank3.t2.c/lasso_trace_45.txt,TERMINATING,0.28,74.10,12.00,TERMINATING,51,9,60,2 template / Nested template
CP26_BENCHMARK_FINAL/BENCHMARK_SIMPLE_C_BPL/TERM_LASSO//lasso_traces_polyrank3.t2.c/lasso_trace_46.txt,TERMINATING,0.33,74.13,25.00,UNKNOWN,51,9,60,2 template
CP26_BENCHMARK_FINAL/BENCHMARK_SIMPLE_C_BPL/TERM_LASSO//lasso_traces_polyrank3.t2.c/lasso_trace_47.txt,TERMINATING,0.33,77.05,26.00,UNKNOWN,51,9,60,2 template
CP26_BENCHMARK_FINAL/BENCHMARK_SIMPLE_C_BPL/TERM_LASSO//lasso_traces_polyrank3.t2.c/lasso_trace_48.txt,TERMINATING,0.28,77.71,11.00,TERMINATING,51,9,60,2 template / Nested template
CP26_BENCHMARK_FINAL/BENCHMARK_SIMPLE_C_BPL/TERM_LASSO//lasso_traces_polyrank3.t2.c/lasso_trace_49.txt,TERMINATING,0.34,79.53,10.00,TERMINATING,51,9,60,2 template / Nested template
CP26_BENCHMARK_FINAL/BENCHMARK_SIMPLE_C_BPL/TERM_LASSO//lasso_traces_polyrank3.t2.c/lasso_trace_5.txt,TERMINATING,0.39,85.73,13.00,TERMINATING,41,22,63,2 template / Nested template
CP26_BENCHMARK_FINAL/BENCHMARK_SIMPLE_C_BPL/TERM_LASSO//lasso_traces_polyrank3.t2.c/lasso_trace_50.txt,TERMINATING,0.29,84.63,10.00,TERMINATING,51,9,60,2 template / Nested template
CP26_BENCHMARK_FINAL/BENCHMARK_SIMPLE_C_BPL/TERM_LASSO//lasso_traces_polyrank3.t2.c/lasso_trace_51.txt,TERMINATING,0.33,90.57,11.00,TERMINATING,51,9,60,2 template / Nested template
CP26_BENCHMARK_FINAL/BENCHMARK_SIMPLE_C_BPL/TERM_LASSO//lasso_traces_polyrank3.t2.c/lasso_trace_52.txt,TERMINATING,0.35,75.22,24.00,UNKNOWN,51,9,60,2 template
CP26_BENCHMARK_FINAL/BENCHMARK_SIMPLE_C_BPL/TERM_LASSO//lasso_traces_polyrank3.t2.c/lasso_trace_53.txt,TERMINATING,0.35,81.69,11.00,TERMINATING,51,9,60,2 template / Nested template
CP26_BENCHMARK_FINAL/BENCHMARK_SIMPLE_C_BPL/TERM_LASSO//lasso_traces_polyrank3.t2.c/lasso_trace_54.txt,TERMINATING,0.37,92.57,9.00,TERMINATING,51,9,60,2 template / Nested template
CP26_BENCHMARK_FINAL/BENCHMARK_SIMPLE_C_BPL/TERM_LASSO//lasso_traces_polyrank3.t2.c/lasso_trace_55.txt,TERMINATING,0.37,81.05,15.00,TERMINATING,51,9,60,2 template / Nested template
CP26_BENCHMARK_FINAL/BENCHMARK_SIMPLE_C_BPL/TERM_LASSO//lasso_traces_polyrank3.t2.c/lasso_trace_56.txt,TERMINATING,0.38,81.51,11.00,TERMINATING,51,9,60,2 template / Nested template
CP26_BENCHMARK_FINAL/BENCHMARK_SIMPLE_C_BPL/TERM_LASSO//lasso_traces_polyrank3.t2.c/lasso_trace_57.txt,TERMINATING,0.33,80.28,13.00,TERMINATING,51,9,60,2 template / Nested template
CP26_BENCHMARK_FINAL/BENCHMARK_SIMPLE_C_BPL/TERM_LASSO//lasso_traces_polyrank3.t2.c/lasso_trace_58.txt,TERMINATING,0.30,89.97,27.00,UNKNOWN,51,9,60,2 template
CP26_BENCHMARK_FINAL/BENCHMARK_SIMPLE_C_BPL/TERM_LASSO//lasso_traces_polyrank3.t2.c/lasso_trace_59.txt,TERMINATING,0.28,77.91,12.00,TERMINATING,51,9,60,2 template / Nested template
CP26_BENCHMARK_FINAL/BENCHMARK_SIMPLE_C_BPL/TERM_LASSO//lasso_traces_polyrank3.t2.c/lasso_trace_6.txt,TERMINATING,0.38,79.52,26.00,UNKNOWN,51,9,60,2 template
CP26_BENCHMARK_FINAL/BENCHMARK_SIMPLE_C_BPL/TERM_LASSO//lasso_traces_polyrank3.t2.c/lasso_trace_60.txt,TERMINATING,0.34,80.42,11.00,TERMINATING,51,9,60,2 template / Nested template
CP26_BENCHMARK_FINAL/BENCHMARK_SIMPLE_C_BPL/TERM_LASSO//lasso_traces_polyrank3.t2.c/lasso_trace_61.txt,TERMINATING,0.36,78.81,28.00,UNKNOWN,51,9,60,2 template
CP26_BENCHMARK_FINAL/BENCHMARK_SIMPLE_C_BPL/TERM_LASSO//lasso_traces_polyrank3.t2.c/lasso_trace_62.txt,TERMINATING,0.36,80.82,27.00,UNKNOWN,51,9,60,2 template
CP26_BENCHMARK_FINAL/BENCHMARK_SIMPLE_C_BPL/TERM_LASSO//lasso_traces_polyrank3.t2.c/lasso_trace_63.txt,TERMINATING,0.35,80.62,11.00,TERMINATING,51,9,60,2 template / Nested template
CP26_BENCHMARK_FINAL/BENCHMARK_SIMPLE_C_BPL/TERM_LASSO//lasso_traces_polyrank3.t2.c/lasso_trace_64.txt,TERMINATING,0.38,80.06,25.00,UNKNOWN,51,9,60,2 template
CP26_BENCHMARK_FINAL/BENCHMARK_SIMPLE_C_BPL/TERM_LASSO//lasso_traces_polyrank3.t2.c/lasso_trace_65.txt,TERMINATING,0.36,75.65,26.00,UNKNOWN,51,9,60,2 template
CP26_BENCHMARK_FINAL/BENCHMARK_SIMPLE_C_BPL/TERM_LASSO//lasso_traces_polyrank3.t2.c/lasso_trace_66.txt,TERMINATING,0.29,75.75,10.00,TERMINATING,51,9,60,2 template / Nested template
CP26_BENCHMARK_FINAL/BENCHMARK_SIMPLE_C_BPL/TERM_LASSO//lasso_traces_polyrank3.t2.c/lasso_trace_67.txt,TERMINATING,0.34,79.42,28.00,UNKNOWN,51,9,60,2 template
CP26_BENCHMARK_FINAL/BENCHMARK_SIMPLE_C_BPL/TERM_LASSO//lasso_traces_polyrank3.t2.c/lasso_trace_68.txt,TERMINATING,0.35,83.26,11.00,TERMINATING,51,9,60,2 template / Nested template
CP26_BENCHMARK_FINAL/BENCHMARK_SIMPLE_C_BPL/TERM_LASSO//lasso_traces_polyrank3.t2.c/lasso_trace_69.txt,TERMINATING,0.30,92.26,10.00,TERMINATING,51,9,60,2 template / Nested template
CP26_BENCHMARK_FINAL/BENCHMARK_SIMPLE_C_BPL/TERM_LASSO//lasso_traces_polyrank3.t2.c/lasso_trace_7.txt,TERMINATING,0.40,84.07,13.00,TERMINATING,51,9,60,2 template / Nested template
CP26_BENCHMARK_FINAL/BENCHMARK_SIMPLE_C_BPL/TERM_LASSO//lasso_traces_polyrank3.t2.c/lasso_trace_70.txt,TERMINATING,0.35,76.75,16.00,TERMINATING,51,9,60,2 template / Nested template
CP26_BENCHMARK_FINAL/BENCHMARK_SIMPLE_C_BPL/TERM_LASSO//lasso_traces_polyrank3.t2.c/lasso_trace_71.txt,TERMINATING,0.31,75.11,26.00,UNKNOWN,51,9,60,2 template
CP26_BENCHMARK_FINAL/BENCHMARK_SIMPLE_C_BPL/TERM_LASSO//lasso_traces_polyrank3.t2.c/lasso_trace_72.txt,TERMINATING,0.45,75.03,11.00,TERMINATING,51,9,60,2 template / Nested template
CP26_BENCHMARK_FINAL/BENCHMARK_SIMPLE_C_BPL/TERM_LASSO//lasso_traces_polyrank3.t2.c/lasso_trace_73.txt,TERMINATING,0.36,80.89,27.00,UNKNOWN,51,9,60,2 template
CP26_BENCHMARK_FINAL/BENCHMARK_SIMPLE_C_BPL/TERM_LASSO//lasso_traces_polyrank3.t2.c/lasso_trace_74.txt,TERMINATING,0.37,84.00,12.00,TERMINATING,51,9,60,2 template / Nested template
CP26_BENCHMARK_FINAL/BENCHMARK_SIMPLE_C_BPL/TERM_LASSO//lasso_traces_polyrank3.t2.c/lasso_trace_75.txt,TERMINATING,0.28,75.58,10.00,TERMINATING,51,9,60,2 template / Nested template
CP26_BENCHMARK_FINAL/BENCHMARK_SIMPLE_C_BPL/TERM_LASSO//lasso_traces_polyrank3.t2.c/lasso_trace_76.txt,TERMINATING,0.36,75.52,12.00,TERMINATING,51,9,60,2 template / Nested template
CP26_BENCHMARK_FINAL/BENCHMARK_SIMPLE_C_BPL/TERM_LASSO//lasso_traces_polyrank3.t2.c/lasso_trace_77.txt,TERMINATING,0.34,77.50,10.00,TERMINATING,51,9,60,2 template / Nested template
CP26_BENCHMARK_FINAL/BENCHMARK_SIMPLE_C_BPL/TERM_LASSO//lasso_traces_polyrank3.t2.c/lasso_trace_78.txt,TERMINATING,0.34,80.64,11.00,TERMINATING,51,9,60,2 template / Nested template
CP26_BENCHMARK_FINAL/BENCHMARK_SIMPLE_C_BPL/TERM_LASSO//lasso_traces_polyrank3.t2.c/lasso_trace_79.txt,TERMINATING,0.35,77.00,11.00,TERMINATING,51,9,60,2 template / Nested template
CP26_BENCHMARK_FINAL/BENCHMARK_SIMPLE_C_BPL/TERM_LASSO//lasso_traces_polyrank3.t2.c/lasso_trace_8.txt,TERMINATING,0.38,86.15,11.00,TERMINATING,51,9,60,2 template / Nested template
CP26_BENCHMARK_FINAL/BENCHMARK_SIMPLE_C_BPL/TERM_LASSO//lasso_traces_polyrank3.t2.c/lasso_trace_80.txt,TERMINATING,0.28,76.91,10.00,TERMINATING,51,9,60,2 template / Nested template
CP26_BENCHMARK_FINAL/BENCHMARK_SIMPLE_C_BPL/TERM_LASSO//lasso_traces_polyrank3.t2.c/lasso_trace_81.txt,TERMINATING,0.32,80.49,12.00,TERMINATING,51,9,60,2 template / Nested template
CP26_BENCHMARK_FINAL/BENCHMARK_SIMPLE_C_BPL/TERM_LASSO//lasso_traces_polyrank3.t2.c/lasso_trace_82.txt,TERMINATING,0.33,87.88,12.00,TERMINATING,51,9,60,2 template / Nested template
CP26_BENCHMARK_FINAL/BENCHMARK_SIMPLE_C_BPL/TERM_LASSO//lasso_traces_polyrank3.t2.c/lasso_trace_83.txt,TERMINATING,0.32,73.04,11.00,TERMINATING,51,9,60,2 template / Nested template
CP26_BENCHMARK_FINAL/BENCHMARK_SIMPLE_C_BPL/TERM_LASSO//lasso_traces_polyrank3.t2.c/lasso_trace_84.txt,TERMINATING,0.37,78.26,14.00,TERMINATING,51,9,60,2 template / Nested template
CP26_BENCHMARK_FINAL/BENCHMARK_SIMPLE_C_BPL/TERM_LASSO//lasso_traces_polyrank3.t2.c/lasso_trace_85.txt,TERMINATING,0.35,109.28,27.00,UNKNOWN,51,9,60,2 template
CP26_BENCHMARK_FINAL/BENCHMARK_SIMPLE_C_BPL/TERM_LASSO//lasso_traces_polyrank3.t2.c/lasso_trace_86.txt,TERMINATING,0.35,77.41,28.00,UNKNOWN,51,9,60,2 template
CP26_BENCHMARK_FINAL/BENCHMARK_SIMPLE_C_BPL/TERM_LASSO//lasso_traces_polyrank3.t2.c/lasso_trace_87.txt,TERMINATING,0.35,77.62,10.00,TERMINATING,51,9,60,2 template / Nested template
CP26_BENCHMARK_FINAL/BENCHMARK_SIMPLE_C_BPL/TERM_LASSO//lasso_traces_polyrank3.t2.c/lasso_trace_88.txt,TERMINATING,0.28,85.26,13.00,TERMINATING,51,9,60,2 template / Nested template
CP26_BENCHMARK_FINAL/BENCHMARK_SIMPLE_C_BPL/TERM_LASSO//lasso_traces_polyrank3.t2.c/lasso_trace_89.txt,TERMINATING,0.37,83.50,28.00,UNKNOWN,51,9,60,2 template
CP26_BENCHMARK_FINAL/BENCHMARK_SIMPLE_C_BPL/TERM_LASSO//lasso_traces_polyrank3.t2.c/lasso_trace_9.txt,TERMINATING,0.42,80.49,14.00,TERMINATING,51,9,60,2 template / Nested template
CP26_BENCHMARK_FINAL/BENCHMARK_SIMPLE_C_BPL/TERM_LASSO//lasso_traces_polyrank3.t2.c/lasso_trace_90.txt,TERMINATING,0.35,72.26,30.00,UNKNOWN,51,9,60,2 template
CP26_BENCHMARK_FINAL/BENCHMARK_SIMPLE_C_BPL/TERM_LASSO//lasso_traces_polyrank3.t2.c/lasso_trace_91.txt,TERMINATING,0.28,75.26,28.00,UNKNOWN,51,9,60,2 template
CP26_BENCHMARK_FINAL/BENCHMARK_SIMPLE_C_BPL/TERM_LASSO//lasso_traces_polyrank3.t2.c/lasso_trace_92.txt,TERMINATING,0.36,88.14,11.00,TERMINATING,51,9,60,2 template / Nested template
CP26_BENCHMARK_FINAL/BENCHMARK_SIMPLE_C_BPL/TERM_LASSO//lasso_traces_polyrank3.t2.c/lasso_trace_93.txt,TERMINATING,0.34,79.73,11.00,TERMINATING,51,9,60,2 template / Nested template
CP26_BENCHMARK_FINAL/BENCHMARK_SIMPLE_C_BPL/TERM_LASSO//lasso_traces_polyrank3.t2.c/lasso_trace_94.txt,TERMINATING,0.36,76.29,13.00,TERMINATING,51,9,60,2 template / Nested template
CP26_BENCHMARK_FINAL/BENCHMARK_SIMPLE_C_BPL/TERM_LASSO//lasso_traces_polyrank3.t2.c/lasso_trace_95.txt,TERMINATING,0.31,79.32,11.00,TERMINATING,51,9,60,2 template / Nested template
CP26_BENCHMARK_FINAL/BENCHMARK_SIMPLE_C_BPL/TERM_LASSO//lasso_traces_polyrank3.t2.c/lasso_trace_96.txt,TERMINATING,0.35,77.31,10.00,TERMINATING,51,9,60,2 template / Nested template
CP26_BENCHMARK_FINAL/BENCHMARK_SIMPLE_C_BPL/TERM_LASSO//lasso_traces_polyrank3.t2.c/lasso_trace_97.txt,TERMINATING,0.30,94.27,26.00,UNKNOWN,51,9,60,2 template
CP26_BENCHMARK_FINAL/BENCHMARK_SIMPLE_C_BPL/TERM_LASSO//lasso_traces_polyrank3.t2.c/lasso_trace_98.txt,TERMINATING,0.37,81.19,27.00,UNKNOWN,51,9,60,2 template
CP26_BENCHMARK_FINAL/BENCHMARK_SIMPLE_C_BPL/TERM_LASSO//lasso_traces_polyrank3.t2.c/lasso_trace_99.txt,TERMINATING,0.36,77.71,26.00,UNKNOWN,51,9,60,2 template
CP26_BENCHMARK_FINAL/BENCHMARK_SIMPLE_C_BPL/TERM_LASSO//lasso_traces_polyrank4.t2.c/lasso_trace_1.txt,TERMINATING,2.08,126.99,12.00,TERMINATING,24,9,33,2 template / Nested template
CP26_BENCHMARK_FINAL/BENCHMARK_SIMPLE_C_BPL/TERM_LASSO//lasso_traces_polyrank4.t2.c/lasso_trace_10.txt,TERMINATING,0.38,205.97,46.00,UNKNOWN,64,22,86,3 template
CP26_BENCHMARK_FINAL/BENCHMARK_SIMPLE_C_BPL/TERM_LASSO//lasso_traces_polyrank4.t2.c/lasso_trace_100.txt,TERMINATING,0.40,97.37,21.00,TERMINATING,73,9,82,2 template / Nested template
CP26_BENCHMARK_FINAL/BENCHMARK_SIMPLE_C_BPL/TERM_LASSO//lasso_traces_polyrank4.t2.c/lasso_trace_101.txt,TERMINATING,0.40,95.40,30.00,UNKNOWN,73,9,82,2 template
CP26_BENCHMARK_FINAL/BENCHMARK_SIMPLE_C_BPL/TERM_LASSO//lasso_traces_polyrank4.t2.c/lasso_trace_102.txt,TERMINATING,0.42,98.58,34.00,UNKNOWN,86,9,95,2 template
CP26_BENCHMARK_FINAL/BENCHMARK_SIMPLE_C_BPL/TERM_LASSO//lasso_traces_polyrank4.t2.c/lasso_trace_103.txt,TERMINATING,0.41,90.31,20.00,TERMINATING,86,9,95,2 template / Nested template
CP26_BENCHMARK_FINAL/BENCHMARK_SIMPLE_C_BPL/TERM_LASSO//lasso_traces_polyrank4.t2.c/lasso_trace_104.txt,TERMINATING,0.40,87.66,35.00,UNKNOWN,86,9,95,2 template
CP26_BENCHMARK_FINAL/BENCHMARK_SIMPLE_C_BPL/TERM_LASSO//lasso_traces_polyrank4.t2.c/lasso_trace_105.txt,TERMINATING,0.41,101.51,21.00,TERMINATING,73,9,82,2 template / Nested template
CP26_BENCHMARK_FINAL/BENCHMARK_SIMPLE_C_BPL/TERM_LASSO//lasso_traces_polyrank4.t2.c/lasso_trace_106.txt,TERMINATING,0.53,102.19,22.00,TERMINATING,86,9,95,2 template / Nested template
CP26_BENCHMARK_FINAL/BENCHMARK_SIMPLE_C_BPL/TERM_LASSO//lasso_traces_polyrank4.t2.c/lasso_trace_107.txt,TERMINATING,0.41,109.03,18.00,TERMINATING,73,9,82,2 template / Nested template
CP26_BENCHMARK_FINAL/BENCHMARK_SIMPLE_C_BPL/TERM_LASSO//lasso_traces_polyrank4.t2.c/lasso_trace_108.txt,TERMINATING,0.41,84.05,33.00,UNKNOWN,73,9,82,2 template
CP26_BENCHMARK_FINAL/BENCHMARK_SIMPLE_C_BPL/TERM_LASSO//lasso_traces_polyrank4.t2.c/lasso_trace_109.txt,TERMINATING,0.41,85.12,20.00,TERMINATING,86,9,95,2 template / Nested template
CP26_BENCHMARK_FINAL/BENCHMARK_SIMPLE_C_BPL/TERM_LASSO//lasso_traces_polyrank4.t2.c/lasso_trace_11.txt,TERMINATING,0.36,224.89,41.00,UNKNOWN,64,22,86,3 template
CP26_BENCHMARK_FINAL/BENCHMARK_SIMPLE_C_BPL/TERM_LASSO//lasso_traces_polyrank4.t2.c/lasso_trace_110.txt,TERMINATING,0.37,100.72,27.00,UNKNOWN,73,9,82,2 template
CP26_BENCHMARK_FINAL/BENCHMARK_SIMPLE_C_BPL/TERM_LASSO//lasso_traces_polyrank4.t2.c/lasso_trace_111.txt,TERMINATING,0.54,93.46,31.00,UNKNOWN,73,9,82,2 template
CP26_BENCHMARK_FINAL/BENCHMARK_SIMPLE_C_BPL/TERM_LASSO//lasso_traces_polyrank4.t2.c/lasso_trace_112.txt,TERMINATING,0.54,82.84,28.00,UNKNOWN,73,9,82,2 template
CP26_BENCHMARK_FINAL/BENCHMARK_SIMPLE_C_BPL/TERM_LASSO//lasso_traces_polyrank4.t2.c/lasso_trace_113.txt,TERMINATING,0.40,88.08,32.00,UNKNOWN,73,9,82,2 template
CP26_BENCHMARK_FINAL/BENCHMARK_SIMPLE_C_BPL/TERM_LASSO//lasso_traces_polyrank4.t2.c/lasso_trace_114.txt,TERMINATING,0.43,86.89,29.00,UNKNOWN,86,9,95,2 template
CP26_BENCHMARK_FINAL/BENCHMARK_SIMPLE_C_BPL/TERM_LASSO//lasso_traces_polyrank4.t2.c/lasso_trace_115.txt,TERMINATING,0.41,94.08,23.00,TERMINATING,73,9,82,2 template / Nested template
CP26_BENCHMARK_FINAL/BENCHMARK_SIMPLE_C_BPL/TERM_LASSO//lasso_traces_polyrank4.t2.c/lasso_trace_116.txt,TERMINATING,0.40,95.13,15.00,TERMINATING,86,9,95,2 template / Nested template
CP26_BENCHMARK_FINAL/BENCHMARK_SIMPLE_C_BPL/TERM_LASSO//lasso_traces_polyrank4.t2.c/lasso_trace_117.txt,TERMINATING,0.40,95.09,15.00,TERMINATING,86,9,95,2 template / Nested template
CP26_BENCHMARK_FINAL/BENCHMARK_SIMPLE_C_BPL/TERM_LASSO//lasso_traces_polyrank4.t2.c/lasso_trace_118.txt,TERMINATING,0.46,96.03,31.00,UNKNOWN,73,9,82,2 template
CP26_BENCHMARK_FINAL/BENCHMARK_SIMPLE_C_BPL/TERM_LASSO//lasso_traces_polyrank4.t2.c/lasso_trace_119.txt,TERMINATING,0.55,105.65,20.00,TERMINATING,73,9,82,2 template / Nested template
CP26_BENCHMARK_FINAL/BENCHMARK_SIMPLE_C_BPL/TERM_LASSO//lasso_traces_polyrank4.t2.c/lasso_trace_12.txt,TERMINATING,0.48,222.79,35.00,UNKNOWN,64,22,86,3 template
CP26_BENCHMARK_FINAL/BENCHMARK_SIMPLE_C_BPL/TERM_LASSO//lasso_traces_polyrank4.t2.c/lasso_trace_120.txt,TERMINATING,0.37,105.74,31.00,UNKNOWN,73,9,82,2 template
CP26_BENCHMARK_FINAL/BENCHMARK_SIMPLE_C_BPL/TERM_LASSO//lasso_traces_polyrank4.t2.c/lasso_trace_121.txt,TERMINATING,0.42,115.04,37.00,UNKNOWN,86,9,95,2 template
CP26_BENCHMARK_FINAL/BENCHMARK_SIMPLE_C_BPL/TERM_LASSO//lasso_traces_polyrank4.t2.c/lasso_trace_122.txt,TERMINATING,0.41,125.32,35.00,UNKNOWN,86,9,95,2 template
CP26_BENCHMARK_FINAL/BENCHMARK_SIMPLE_C_BPL/TERM_LASSO//lasso_traces_polyrank4.t2.c/lasso_trace_123.txt,TERMINATING,0.42,115.85,31.00,UNKNOWN,86,9,95,2 template
CP26_BENCHMARK_FINAL/BENCHMARK_SIMPLE_C_BPL/TERM_LASSO//lasso_traces_polyrank4.t2.c/lasso_trace_124.txt,TERMINATING,0.39,111.93,35.00,UNKNOWN,86,9,95,2 template
CP26_BENCHMARK_FINAL/BENCHMARK_SIMPLE_C_BPL/TERM_LASSO//lasso_traces_polyrank4.t2.c/lasso_trace_125.txt,TERMINATING,0.39,89.11,30.00,UNKNOWN,73,9,82,2 template
CP26_BENCHMARK_FINAL/BENCHMARK_SIMPLE_C_BPL/TERM_LASSO//lasso_traces_polyrank4.t2.c/lasso_trace_126.txt,TERMINATING,0.42,111.04,32.00,UNKNOWN,86,9,95,2 template
CP26_BENCHMARK_FINAL/BENCHMARK_SIMPLE_C_BPL/TERM_LASSO//lasso_traces_polyrank4.t2.c/lasso_trace_127.txt,TERMINATING,0.38,80.95,35.00,UNKNOWN,73,9,82,2 template
CP26_BENCHMARK_FINAL/BENCHMARK_SIMPLE_C_BPL/TERM_LASSO//lasso_traces_polyrank4.t2.c/lasso_trace_128.txt,TERMINATING,0.44,93.52,30.00,UNKNOWN,73,9,82,2 template
CP26_BENCHMARK_FINAL/BENCHMARK_SIMPLE_C_BPL/TERM_LASSO//lasso_traces_polyrank4.t2.c/lasso_trace_129.txt,TERMINATING,0.86,102.40,36.00,UNKNOWN,73,9,82,2 template
CP26_BENCHMARK_FINAL/BENCHMARK_SIMPLE_C_BPL/TERM_LASSO//lasso_traces_polyrank4.t2.c/lasso_trace_13.txt,TERMINATING,0.43,241.90,43.00,UNKNOWN,64,22,86,3 template
CP26_BENCHMARK_FINAL/BENCHMARK_SIMPLE_C_BPL/TERM_LASSO//lasso_traces_polyrank4.t2.c/lasso_trace_130.txt,TERMINATING,0.35,90.83,12.00,TERMINATING,73,9,82,2 template / Nested template
CP26_BENCHMARK_FINAL/BENCHMARK_SIMPLE_C_BPL/TERM_LASSO//lasso_traces_polyrank4.t2.c/lasso_trace_131.txt,TERMINATING,0.40,149.73,31.00,UNKNOWN,73,9,82,2 template
CP26_BENCHMARK_FINAL/BENCHMARK_SIMPLE_C_BPL/TERM_LASSO//lasso_traces_polyrank4.t2.c/lasso_trace_132.txt,TERMINATING,0.47,102.21,16.00,TERMINATING,86,9,95,2 template / Nested template
CP26_BENCHMARK_FINAL/BENCHMARK_SIMPLE_C_BPL/TERM_LASSO//lasso_traces_polyrank4.t2.c/lasso_trace_133.txt,TERMINATING,0.47,94.29,21.00,TERMINATING,86,9,95,2 template / Nested template
CP26_BENCHMARK_FINAL/BENCHMARK_SIMPLE_C_BPL/TERM_LASSO//lasso_traces_polyrank4.t2.c/lasso_trace_134.txt,TERMINATING,0.40,88.88,20.00,TERMINATING,86,9,95,2 template / Nested template
CP26_BENCHMARK_FINAL/BENCHMARK_SIMPLE_C_BPL/TERM_LASSO//lasso_traces_polyrank4.t2.c/lasso_trace_135.txt,TERMINATING,0.42,102.10,30.00,UNKNOWN,86,9,95,2 template
CP26_BENCHMARK_FINAL/BENCHMARK_SIMPLE_C_BPL/TERM_LASSO//lasso_traces_polyrank4.t2.c/lasso_trace_136.txt,TERMINATING,0.50,94.16,30.00,UNKNOWN,73,9,82,2 template
CP26_BENCHMARK_FINAL/BENCHMARK_SIMPLE_C_BPL/TERM_LASSO//lasso_traces_polyrank4.t2.c/lasso_trace_137.txt,TERMINATING,0.43,95.67,19.00,TERMINATING,86,9,95,2 template / Nested template
CP26_BENCHMARK_FINAL/BENCHMARK_SIMPLE_C_BPL/TERM_LASSO//lasso_traces_polyrank4.t2.c/lasso_trace_138.txt,TERMINATING,0.41,124.29,33.00,UNKNOWN,86,9,95,2 template
CP26_BENCHMARK_FINAL/BENCHMARK_SIMPLE_C_BPL/TERM_LASSO//lasso_traces_polyrank4.t2.c/lasso_trace_139.txt,TERMINATING,0.46,82.96,19.00,TERMINATING,86,9,95,2 template / Nested template
CP26_BENCHMARK_FINAL/BENCHMARK_SIMPLE_C_BPL/TERM_LASSO//lasso_traces_polyrank4.t2.c/lasso_trace_14.txt,TERMINATING,0.41,205.83,33.00,UNKNOWN,64,22,86,3 template
CP26_BENCHMARK_FINAL/BENCHMARK_SIMPLE_C_BPL/TERM_LASSO//lasso_traces_polyrank4.t2.c/lasso_trace_140.txt,TERMINATING,0.42,86.56,35.00,UNKNOWN,73,9,82,2 template
CP26_BENCHMARK_FINAL/BENCHMARK_SIMPLE_C_BPL/TERM_LASSO//lasso_traces_polyrank4.t2.c/lasso_trace_141.txt,TERMINATING,0.42,84.95,33.00,UNKNOWN,86,9,95,2 template
CP26_BENCHMARK_FINAL/BENCHMARK_SIMPLE_C_BPL/TERM_LASSO//lasso_traces_polyrank4.t2.c/lasso_trace_142.txt,TERMINATING,0.43,94.22,32.00,UNKNOWN,73,9,82,2 template
CP26_BENCHMARK_FINAL/BENCHMARK_SIMPLE_C_BPL/TERM_LASSO//lasso_traces_polyrank4.t2.c/lasso_trace_143.txt,TERMINATING,0.36,102.48,32.00,UNKNOWN,73,9,82,2 template
CP26_BENCHMARK_FINAL/BENCHMARK_SIMPLE_C_BPL/TERM_LASSO//lasso_traces_polyrank4.t2.c/lasso_trace_144.txt,TERMINATING,0.44,92.24,29.00,UNKNOWN,73,9,82,2 template
CP26_BENCHMARK_FINAL/BENCHMARK_SIMPLE_C_BPL/TERM_LASSO//lasso_traces_polyrank4.t2.c/lasso_trace_145.txt,TERMINATING,0.66,86.86,31.00,UNKNOWN,86,9,95,2 template
CP26_BENCHMARK_FINAL/BENCHMARK_SIMPLE_C_BPL/TERM_LASSO//lasso_traces_polyrank4.t2.c/lasso_trace_146.txt,TERMINATING,0.43,95.34,33.00,UNKNOWN,86,9,95,2 template
CP26_BENCHMARK_FINAL/BENCHMARK_SIMPLE_C_BPL/TERM_LASSO//lasso_traces_polyrank4.t2.c/lasso_trace_147.txt,TERMINATING,0.42,97.86,32.00,UNKNOWN,86,9,95,2 template
CP26_BENCHMARK_FINAL/BENCHMARK_SIMPLE_C_BPL/TERM_LASSO//lasso_traces_polyrank4.t2.c/lasso_trace_148.txt,TERMINATING,0.41,85.85,21.00,TERMINATING,73,9,82,2 template / Nested template
CP26_BENCHMARK_FINAL/BENCHMARK_SIMPLE_C_BPL/TERM_LASSO//lasso_traces_polyrank4.t2.c/lasso_trace_149.txt,TERMINATING,0.42,95.23,20.00,TERMINATING,86,9,95,2 template / Nested template
CP26_BENCHMARK_FINAL/BENCHMARK_SIMPLE_C_BPL/TERM_LASSO//lasso_traces_polyrank4.t2.c/lasso_trace_15.txt,TERMINATING,0.43,210.12,42.00,UNKNOWN,64,22,86,3 template
CP26_BENCHMARK_FINAL/BENCHMARK_SIMPLE_C_BPL/TERM_LASSO//lasso_traces_polyrank4.t2.c/lasso_trace_150.txt,TERMINATING,0.41,89.25,30.00,UNKNOWN,73,9,82,2 template
CP26_BENCHMARK_FINAL/BENCHMARK_SIMPLE_C_BPL/TERM_LASSO//lasso_traces_polyrank4.t2.c/lasso_trace_151.txt,TERMINATING,0.34,111.69,14.00,TERMINATING,86,9,95,2 template / Nested template
CP26_BENCHMARK_FINAL/BENCHMARK_SIMPLE_C_BPL/TERM_LASSO//lasso_traces_polyrank4.t2.c/lasso_trace_152.txt,TERMINATING,0.36,87.14,33.00,UNKNOWN,86,9,95,2 template
CP26_BENCHMARK_FINAL/BENCHMARK_SIMPLE_C_BPL/TERM_LASSO//lasso_traces_polyrank4.t2.c/lasso_trace_153.txt,TERMINATING,0.41,91.30,36.00,UNKNOWN,73,9,82,2 template
CP26_BENCHMARK_FINAL/BENCHMARK_SIMPLE_C_BPL/TERM_LASSO//lasso_traces_polyrank4.t2.c/lasso_trace_154.txt,TERMINATING,0.38,92.72,13.00,TERMINATING,73,9,82,2 template / Nested template
CP26_BENCHMARK_FINAL/BENCHMARK_SIMPLE_C_BPL/TERM_LASSO//lasso_traces_polyrank4.t2.c/lasso_trace_155.txt,TERMINATING,0.41,89.38,21.00,TERMINATING,73,9,82,2 template / Nested template
CP26_BENCHMARK_FINAL/BENCHMARK_SIMPLE_C_BPL/TERM_LASSO//lasso_traces_polyrank4.t2.c/lasso_trace_156.txt,TERMINATING,0.35,83.05,40.00,UNKNOWN,73,9,82,2 template
CP26_BENCHMARK_FINAL/BENCHMARK_SIMPLE_C_BPL/TERM_LASSO//lasso_traces_polyrank4.t2.c/lasso_trace_157.txt,TERMINATING,0.37,83.23,31.00,UNKNOWN,73,9,82,2 template
CP26_BENCHMARK_FINAL/BENCHMARK_SIMPLE_C_BPL/TERM_LASSO//lasso_traces_polyrank4.t2.c/lasso_trace_158.txt,TERMINATING,0.39,95.82,31.00,UNKNOWN,73,9,82,2 template
CP26_BENCHMARK_FINAL/BENCHMARK_SIMPLE_C_BPL/TERM_LASSO//lasso_traces_polyrank4.t2.c/lasso_trace_159.txt,TERMINATING,0.52,90.05,19.00,TERMINATING,73,9,82,2 template / Nested template
CP26_BENCHMARK_FINAL/BENCHMARK_SIMPLE_C_BPL/TERM_LASSO//lasso_traces_polyrank4.t2.c/lasso_trace_16.txt,TERMINATING,0.36,202.08,44.00,UNKNOWN,64,22,86,3 template
CP26_BENCHMARK_FINAL/BENCHMARK_SIMPLE_C_BPL/TERM_LASSO//lasso_traces_polyrank4.t2.c/lasso_trace_160.txt,TERMINATING,0.41,95.03,29.00,UNKNOWN,73,9,82,2 template
CP26_BENCHMARK_FINAL/BENCHMARK_SIMPLE_C_BPL/TERM_LASSO//lasso_traces_polyrank4.t2.c/lasso_trace_161.txt,TERMINATING,0.39,89.12,26.00,TERMINATING,86,9,95,2 template / Nested template
CP26_BENCHMARK_FINAL/BENCHMARK_SIMPLE_C_BPL/TERM_LASSO//lasso_traces_polyrank4.t2.c/lasso_trace_162.txt,TERMINATING,0.39,105.58,18.00,TERMINATING,86,9,95,2 template / Nested template
CP26_BENCHMARK_FINAL/BENCHMARK_SIMPLE_C_BPL/TERM_LASSO//lasso_traces_polyrank4.t2.c/lasso_trace_163.txt,TERMINATING,0.35,83.98,23.00,TERMINATING,86,9,95,2 template / Nested template
CP26_BENCHMARK_FINAL/BENCHMARK_SIMPLE_C_BPL/TERM_LASSO//lasso_traces_polyrank4.t2.c/lasso_trace_164.txt,TERMINATING,0.34,87.59,30.00,UNKNOWN,86,9,95,2 template
CP26_BENCHMARK_FINAL/BENCHMARK_SIMPLE_C_BPL/TERM_LASSO//lasso_traces_polyrank4.t2.c/lasso_trace_17.txt,TERMINATING,0.41,242.37,38.00,UNKNOWN,64,22,86,3 template
CP26_BENCHMARK_FINAL/BENCHMARK_SIMPLE_C_BPL/TERM_LASSO//lasso_traces_polyrank4.t2.c/lasso_trace_18.txt,TERMINATING,0.41,207.34,37.00,UNKNOWN,64,22,86,3 template
CP26_BENCHMARK_FINAL/BENCHMARK_SIMPLE_C_BPL/TERM_LASSO//lasso_traces_polyrank4.t2.c/lasso_trace_19.txt,TERMINATING,0.33,196.84,39.00,UNKNOWN,64,22,86,3 template
CP26_BENCHMARK_FINAL/BENCHMARK_SIMPLE_C_BPL/TERM_LASSO//lasso_traces_polyrank4.t2.c/lasso_trace_2.txt,TERMINATING,0.54,233.66,29.00,TERMINATING,31,13,44,2 template / Nested template
CP26_BENCHMARK_FINAL/BENCHMARK_SIMPLE_C_BPL/TERM_LASSO//lasso_traces_polyrank4.t2.c/lasso_trace_20.txt,TERMINATING,0.31,220.63,42.00,UNKNOWN,64,22,86,3 template
CP26_BENCHMARK_FINAL/BENCHMARK_SIMPLE_C_BPL/TERM_LASSO//lasso_traces_polyrank4.t2.c/lasso_trace_21.txt,TERMINATING,0.40,200.03,37.00,UNKNOWN,64,22,86,3 template
CP26_BENCHMARK_FINAL/BENCHMARK_SIMPLE_C_BPL/TERM_LASSO//lasso_traces_polyrank4.t2.c/lasso_trace_22.txt,TERMINATING,0.39,193.92,32.00,UNKNOWN,64,22,86,3 template
CP26_BENCHMARK_FINAL/BENCHMARK_SIMPLE_C_BPL/TERM_LASSO//lasso_traces_polyrank4.t2.c/lasso_trace_23.txt,TERMINATING,0.37,210.80,50.00,UNKNOWN,64,22,86,3 template
CP26_BENCHMARK_FINAL/BENCHMARK_SIMPLE_C_BPL/TERM_LASSO//lasso_traces_polyrank4.t2.c/lasso_trace_24.txt,TERMINATING,0.36,231.53,30.00,UNKNOWN,64,22,86,3 template
CP26_BENCHMARK_FINAL/BENCHMARK_SIMPLE_C_BPL/TERM_LASSO//lasso_traces_polyrank4.t2.c/lasso_trace_25.txt,TERMINATING,0.37,243.41,41.00,UNKNOWN,64,22,86,3 template
CP26_BENCHMARK_FINAL/BENCHMARK_SIMPLE_C_BPL/TERM_LASSO//lasso_traces_polyrank4.t2.c/lasso_trace_26.txt,TERMINATING,0.37,221.10,35.00,UNKNOWN,64,22,86,3 template
CP26_BENCHMARK_FINAL/BENCHMARK_SIMPLE_C_BPL/TERM_LASSO//lasso_traces_polyrank4.t2.c/lasso_trace_27.txt,TERMINATING,0.40,225.75,43.00,UNKNOWN,64,22,86,3 template
CP26_BENCHMARK_FINAL/BENCHMARK_SIMPLE_C_BPL/TERM_LASSO//lasso_traces_polyrank4.t2.c/lasso_trace_28.txt,TERMINATING,0.39,206.10,41.00,UNKNOWN,64,22,86,3 template
CP26_BENCHMARK_FINAL/BENCHMARK_SIMPLE_C_BPL/TERM_LASSO//lasso_traces_polyrank4.t2.c/lasso_trace_29.txt,TERMINATING,0.33,213.65,38.00,UNKNOWN,64,22,86,3 template
CP26_BENCHMARK_FINAL/BENCHMARK_SIMPLE_C_BPL/TERM_LASSO//lasso_traces_polyrank4.t2.c/lasso_trace_3.txt,TERMINATING,0.32,85.70,17.00,TERMINATING,41,9,50,2 template / Nested template
CP26_BENCHMARK_FINAL/BENCHMARK_SIMPLE_C_BPL/TERM_LASSO//lasso_traces_polyrank4.t2.c/lasso_trace_30.txt,TERMINATING,0.37,209.17,48.00,UNKNOWN,64,22,86,3 template
CP26_BENCHMARK_FINAL/BENCHMARK_SIMPLE_C_BPL/TERM_LASSO//lasso_traces_polyrank4.t2.c/lasso_trace_31.txt,TERMINATING,0.41,90.19,33.00,UNKNOWN,73,9,82,2 template
CP26_BENCHMARK_FINAL/BENCHMARK_SIMPLE_C_BPL/TERM_LASSO//lasso_traces_polyrank4.t2.c/lasso_trace_32.txt,TERMINATING,0.39,92.40,30.00,UNKNOWN,73,9,82,2 template
CP26_BENCHMARK_FINAL/BENCHMARK_SIMPLE_C_BPL/TERM_LASSO//lasso_traces_polyrank4.t2.c/lasso_trace_33.txt,TERMINATING,0.36,92.97,19.00,TERMINATING,73,9,82,2 template / Nested template
CP26_BENCHMARK_FINAL/BENCHMARK_SIMPLE_C_BPL/TERM_LASSO//lasso_traces_polyrank4.t2.c/lasso_trace_34.txt,TERMINATING,0.38,98.26,29.00,UNKNOWN,73,9,82,2 template
CP26_BENCHMARK_FINAL/BENCHMARK_SIMPLE_C_BPL/TERM_LASSO//lasso_traces_polyrank4.t2.c/lasso_trace_35.txt,TERMINATING,0.42,93.11,32.00,UNKNOWN,73,9,82,2 template
CP26_BENCHMARK_FINAL/BENCHMARK_SIMPLE_C_BPL/TERM_LASSO//lasso_traces_polyrank4.t2.c/lasso_trace_36.txt,TERMINATING,0.39,95.85,31.00,UNKNOWN,73,9,82,2 template
CP26_BENCHMARK_FINAL/BENCHMARK_SIMPLE_C_BPL/TERM_LASSO//lasso_traces_polyrank4.t2.c/lasso_trace_37.txt,TERMINATING,0.39,94.90,17.00,TERMINATING,73,9,82,2 template / Nested template
CP26_BENCHMARK_FINAL/BENCHMARK_SIMPLE_C_BPL/TERM_LASSO//lasso_traces_polyrank4.t2.c/lasso_trace_38.txt,TERMINATING,0.37,109.92,31.00,UNKNOWN,73,9,82,2 template
CP26_BENCHMARK_FINAL/BENCHMARK_SIMPLE_C_BPL/TERM_LASSO//lasso_traces_polyrank4.t2.c/lasso_trace_39.txt,TERMINATING,0.38,105.04,17.00,TERMINATING,73,9,82,2 template / Nested template
CP26_BENCHMARK_FINAL/BENCHMARK_SIMPLE_C_BPL/TERM_LASSO//lasso_traces_polyrank4.t2.c/lasso_trace_4.txt,TERMINATING,0.31,96.02,29.00,UNKNOWN,50,9,59,2 template
CP26_BENCHMARK_FINAL/BENCHMARK_SIMPLE_C_BPL/TERM_LASSO//lasso_traces_polyrank4.t2.c/lasso_trace_40.txt,TERMINATING,0.39,85.00,29.00,UNKNOWN,73,9,82,2 template
CP26_BENCHMARK_FINAL/BENCHMARK_SIMPLE_C_BPL/TERM_LASSO//lasso_traces_polyrank4.t2.c/lasso_trace_41.txt,TERMINATING,0.38,89.48,22.00,TERMINATING,73,9,82,2 template / Nested template
CP26_BENCHMARK_FINAL/BENCHMARK_SIMPLE_C_BPL/TERM_LASSO//lasso_traces_polyrank4.t2.c/lasso_trace_42.txt,TERMINATING,0.47,107.12,14.00,TERMINATING,73,9,82,2 template / Nested template
CP26_BENCHMARK_FINAL/BENCHMARK_SIMPLE_C_BPL/TERM_LASSO//lasso_traces_polyrank4.t2.c/lasso_trace_43.txt,TERMINATING,0.43,114.54,31.00,UNKNOWN,73,9,82,2 template
CP26_BENCHMARK_FINAL/BENCHMARK_SIMPLE_C_BPL/TERM_LASSO//lasso_traces_polyrank4.t2.c/lasso_trace_44.txt,TERMINATING,0.41,88.89,32.00,UNKNOWN,73,9,82,2 template
CP26_BENCHMARK_FINAL/BENCHMARK_SIMPLE_C_BPL/TERM_LASSO//lasso_traces_polyrank4.t2.c/lasso_trace_45.txt,TERMINATING,0.35,106.13,21.00,TERMINATING,73,9,82,2 template / Nested template
CP26_BENCHMARK_FINAL/BENCHMARK_SIMPLE_C_BPL/TERM_LASSO//lasso_traces_polyrank4.t2.c/lasso_trace_46.txt,TERMINATING,0.35,98.06,19.00,TERMINATING,73,9,82,2 template / Nested template
CP26_BENCHMARK_FINAL/BENCHMARK_SIMPLE_C_BPL/TERM_LASSO//lasso_traces_polyrank4.t2.c/lasso_trace_47.txt,TERMINATING,0.39,131.72,30.00,UNKNOWN,73,9,82,2 template
CP26_BENCHMARK_FINAL/BENCHMARK_SIMPLE_C_BPL/TERM_LASSO//lasso_traces_polyrank4.t2.c/lasso_trace_48.txt,TERMINATING,0.54,855.78,700.00,UNKNOWN,76,35,111,3 template
CP26_BENCHMARK_FINAL/BENCHMARK_SIMPLE_C_BPL/TERM_LASSO//lasso_traces_polyrank4.t2.c/lasso_trace_49.txt,TERMINATING,0.35,92.29,28.00,UNKNOWN,73,9,82,2 template
CP26_BENCHMARK_FINAL/BENCHMARK_SIMPLE_C_BPL/TERM_LASSO//lasso_traces_polyrank4.t2.c/lasso_trace_5.txt,TERMINATING,0.42,119.38,17.00,TERMINATING,59,9,68,2 template / Nested template
CP26_BENCHMARK_FINAL/BENCHMARK_SIMPLE_C_BPL/TERM_LASSO//lasso_traces_polyrank4.t2.c/lasso_trace_50.txt,TERMINATING,0.34,92.46,13.00,TERMINATING,73,9,82,2 template / Nested template
CP26_BENCHMARK_FINAL/BENCHMARK_SIMPLE_C_BPL/TERM_LASSO//lasso_traces_polyrank4.t2.c/lasso_trace_51.txt,TERMINATING,0.40,108.15,31.00,UNKNOWN,86,9,95,2 template
CP26_BENCHMARK_FINAL/BENCHMARK_SIMPLE_C_BPL/TERM_LASSO//lasso_traces_polyrank4.t2.c/lasso_trace_52.txt,TERMINATING,0.40,100.33,35.00,UNKNOWN,86,9,95,2 template
CP26_BENCHMARK_FINAL/BENCHMARK_SIMPLE_C_BPL/TERM_LASSO//lasso_traces_polyrank4.t2.c/lasso_trace_53.txt,TERMINATING,0.40,94.95,31.00,UNKNOWN,86,9,95,2 template
CP26_BENCHMARK_FINAL/BENCHMARK_SIMPLE_C_BPL/TERM_LASSO//lasso_traces_polyrank4.t2.c/lasso_trace_54.txt,TERMINATING,0.32,90.00,29.00,UNKNOWN,73,9,82,2 template
CP26_BENCHMARK_FINAL/BENCHMARK_SIMPLE_C_BPL/TERM_LASSO//lasso_traces_polyrank4.t2.c/lasso_trace_55.txt,TERMINATING,0.33,96.74,29.00,UNKNOWN,73,9,82,2 template
CP26_BENCHMARK_FINAL/BENCHMARK_SIMPLE_C_BPL/TERM_LASSO//lasso_traces_polyrank4.t2.c/lasso_trace_56.txt,TERMINATING,0.40,94.51,30.00,UNKNOWN,86,9,95,2 template
CP26_BENCHMARK_FINAL/BENCHMARK_SIMPLE_C_BPL/TERM_LASSO//lasso_traces_polyrank4.t2.c/lasso_trace_57.txt,TERMINATING,0.40,98.70,22.00,TERMINATING,86,9,95,2 template / Nested template
CP26_BENCHMARK_FINAL/BENCHMARK_SIMPLE_C_BPL/TERM_LASSO//lasso_traces_polyrank4.t2.c/lasso_trace_58.txt,TERMINATING,0.40,87.92,31.00,UNKNOWN,73,9,82,2 template
CP26_BENCHMARK_FINAL/BENCHMARK_SIMPLE_C_BPL/TERM_LASSO//lasso_traces_polyrank4.t2.c/lasso_trace_59.txt,TERMINATING,0.39,115.35,33.00,UNKNOWN,86,9,95,2 template
CP26_BENCHMARK_FINAL/BENCHMARK_SIMPLE_C_BPL/TERM_LASSO//lasso_traces_polyrank4.t2.c/lasso_trace_6.txt,TERMINATING,0.36,191.19,41.00,UNKNOWN,41,22,63,3 template
CP26_BENCHMARK_FINAL/BENCHMARK_SIMPLE_C_BPL/TERM_LASSO//lasso_traces_polyrank4.t2.c/lasso_trace_60.txt,TERMINATING,0.34,89.69,31.00,UNKNOWN,73,9,82,2 template
CP26_BENCHMARK_FINAL/BENCHMARK_SIMPLE_C_BPL/TERM_LASSO//lasso_traces_polyrank4.t2.c/lasso_trace_61.txt,TERMINATING,0.40,98.96,31.00,UNKNOWN,73,9,82,2 template
CP26_BENCHMARK_FINAL/BENCHMARK_SIMPLE_C_BPL/TERM_LASSO//lasso_traces_polyrank4.t2.c/lasso_trace_62.txt,TERMINATING,0.43,92.56,33.00,UNKNOWN,73,9,82,2 template
CP26_BENCHMARK_FINAL/BENCHMARK_SIMPLE_C_BPL/TERM_LASSO//lasso_traces_polyrank4.t2.c/lasso_trace_63.txt,TERMINATING,0.43,92.97,34.00,UNKNOWN,86,9,95,2 template
CP26_BENCHMARK_FINAL/BENCHMARK_SIMPLE_C_BPL/TERM_LASSO//lasso_traces_polyrank4.t2.c/lasso_trace_64.txt,TERMINATING,0.40,87.93,34.00,UNKNOWN,73,9,82,2 template
CP26_BENCHMARK_FINAL/BENCHMARK_SIMPLE_C_BPL/TERM_LASSO//lasso_traces_polyrank4.t2.c/lasso_trace_65.txt,TERMINATING,0.65,92.66,28.00,UNKNOWN,86,9,95,2 template
CP26_BENCHMARK_FINAL/BENCHMARK_SIMPLE_C_BPL/TERM_LASSO//lasso_traces_polyrank4.t2.c/lasso_trace_66.txt,TERMINATING,0.42,109.77,30.00,UNKNOWN,73,9,82,2 template
CP26_BENCHMARK_FINAL/BENCHMARK_SIMPLE_C_BPL/TERM_LASSO//lasso_traces_polyrank4.t2.c/lasso_trace_67.txt,TERMINATING,0.43,107.90,34.00,UNKNOWN,86,9,95,2 template
CP26_BENCHMARK_FINAL/BENCHMARK_SIMPLE_C_BPL/TERM_LASSO//lasso_traces_polyrank4.t2.c/lasso_trace_68.txt,TERMINATING,0.33,86.30,17.00,TERMINATING,73,9,82,2 template / Nested template
CP26_BENCHMARK_FINAL/BENCHMARK_SIMPLE_C_BPL/TERM_LASSO//lasso_traces_polyrank4.t2.c/lasso_trace_69.txt,TERMINATING,0.44,86.96,29.00,UNKNOWN,73,9,82,2 template
CP26_BENCHMARK_FINAL/BENCHMARK_SIMPLE_C_BPL/TERM_LASSO//lasso_traces_polyrank4.t2.c/lasso_trace_7.txt,TERMINATING,0.35,239.70,37.00,UNKNOWN,59,22,81,3 template
CP26_BENCHMARK_FINAL/BENCHMARK_SIMPLE_C_BPL/TERM_LASSO//lasso_traces_polyrank4.t2.c/lasso_trace_70.txt,TERMINATING,0.38,89.13,31.00,UNKNOWN,73,9,82,2 template
CP26_BENCHMARK_FINAL/BENCHMARK_SIMPLE_C_BPL/TERM_LASSO//lasso_traces_polyrank4.t2.c/lasso_trace_71.txt,TERMINATING,0.40,86.07,33.00,UNKNOWN,73,9,82,2 template
CP26_BENCHMARK_FINAL/BENCHMARK_SIMPLE_C_BPL/TERM_LASSO//lasso_traces_polyrank4.t2.c/lasso_trace_72.txt,TERMINATING,0.44,95.20,19.00,TERMINATING,73,9,82,2 template / Nested template
CP26_BENCHMARK_FINAL/BENCHMARK_SIMPLE_C_BPL/TERM_LASSO//lasso_traces_polyrank4.t2.c/lasso_trace_73.txt,TERMINATING,0.49,93.89,33.00,UNKNOWN,86,9,95,2 template
CP26_BENCHMARK_FINAL/BENCHMARK_SIMPLE_C_BPL/TERM_LASSO//lasso_traces_polyrank4.t2.c/lasso_trace_74.txt,TERMINATING,0.42,99.53,32.00,UNKNOWN,86,9,95,2 template
CP26_BENCHMARK_FINAL/BENCHMARK_SIMPLE_C_BPL/TERM_LASSO//lasso_traces_polyrank4.t2.c/lasso_trace_75.txt,TERMINATING,0.44,85.98,33.00,UNKNOWN,73,9,82,2 template
CP26_BENCHMARK_FINAL/BENCHMARK_SIMPLE_C_BPL/TERM_LASSO//lasso_traces_polyrank4.t2.c/lasso_trace_76.txt,TERMINATING,0.36,100.40,30.00,UNKNOWN,73,9,82,2 template
CP26_BENCHMARK_FINAL/BENCHMARK_SIMPLE_C_BPL/TERM_LASSO//lasso_traces_polyrank4.t2.c/lasso_trace_77.txt,TERMINATING,0.34,80.06,31.00,UNKNOWN,73,9,82,2 template
CP26_BENCHMARK_FINAL/BENCHMARK_SIMPLE_C_BPL/TERM_LASSO//lasso_traces_polyrank4.t2.c/lasso_trace_78.txt,TERMINATING,0.35,85.73,22.00,TERMINATING,86,9,95,2 template / Nested template
CP26_BENCHMARK_FINAL/BENCHMARK_SIMPLE_C_BPL/TERM_LASSO//lasso_traces_polyrank4.t2.c/lasso_trace_79.txt,TERMINATING,0.41,113.31,35.00,UNKNOWN,86,9,95,2 template
CP26_BENCHMARK_FINAL/BENCHMARK_SIMPLE_C_BPL/TERM_LASSO//lasso_traces_polyrank4.t2.c/lasso_trace_8.txt,TERMINATING,0.38,199.03,36.00,UNKNOWN,64,22,86,3 template
CP26_BENCHMARK_FINAL/BENCHMARK_SIMPLE_C_BPL/TERM_LASSO//lasso_traces_polyrank4.t2.c/lasso_trace_80.txt,TERMINATING,0.42,84.42,19.00,TERMINATING,73,9,82,2 template / Nested template
CP26_BENCHMARK_FINAL/BENCHMARK_SIMPLE_C_BPL/TERM_LASSO//lasso_traces_polyrank4.t2.c/lasso_trace_81.txt,TERMINATING,0.45,98.58,29.00,UNKNOWN,73,9,82,2 template
CP26_BENCHMARK_FINAL/BENCHMARK_SIMPLE_C_BPL/TERM_LASSO//lasso_traces_polyrank4.t2.c/lasso_trace_82.txt,TERMINATING,0.40,94.70,32.00,UNKNOWN,86,9,95,2 template
CP26_BENCHMARK_FINAL/BENCHMARK_SIMPLE_C_BPL/TERM_LASSO//lasso_traces_polyrank4.t2.c/lasso_trace_83.txt,TERMINATING,0.47,99.67,32.00,UNKNOWN,73,9,82,2 template
CP26_BENCHMARK_FINAL/BENCHMARK_SIMPLE_C_BPL/TERM_LASSO//lasso_traces_polyrank4.t2.c/lasso_trace_84.txt,TERMINATING,0.38,90.11,19.00,TERMINATING,86,9,95,2 template / Nested template
CP26_BENCHMARK_FINAL/BENCHMARK_SIMPLE_C_BPL/TERM_LASSO//lasso_traces_polyrank4.t2.c/lasso_trace_85.txt,TERMINATING,0.44,123.62,15.00,TERMINATING,86,9,95,2 template / Nested template
CP26_BENCHMARK_FINAL/BENCHMARK_SIMPLE_C_BPL/TERM_LASSO//lasso_traces_polyrank4.t2.c/lasso_trace_86.txt,TERMINATING,0.49,96.91,23.00,TERMINATING,86,9,95,2 template / Nested template
CP26_BENCHMARK_FINAL/BENCHMARK_SIMPLE_C_BPL/TERM_LASSO//lasso_traces_polyrank4.t2.c/lasso_trace_87.txt,TERMINATING,0.40,101.56,14.00,TERMINATING,73,9,82,2 template / Nested template
CP26_BENCHMARK_FINAL/BENCHMARK_SIMPLE_C_BPL/TERM_LASSO//lasso_traces_polyrank4.t2.c/lasso_trace_88.txt,TERMINATING,0.42,84.98,40.00,UNKNOWN,73,9,82,2 template
CP26_BENCHMARK_FINAL/BENCHMARK_SIMPLE_C_BPL/TERM_LASSO//lasso_traces_polyrank4.t2.c/lasso_trace_89.txt,TERMINATING,0.33,100.04,18.00,TERMINATING,73,9,82,2 template / Nested template
CP26_BENCHMARK_FINAL/BENCHMARK_SIMPLE_C_BPL/TERM_LASSO//lasso_traces_polyrank4.t2.c/lasso_trace_9.txt,TERMINATING,0.36,205.66,51.00,UNKNOWN,64,22,86,3 template
CP26_BENCHMARK_FINAL/BENCHMARK_SIMPLE_C_BPL/TERM_LASSO//lasso_traces_polyrank4.t2.c/lasso_trace_90.txt,TERMINATING,0.53,97.67,31.00,UNKNOWN,73,9,82,2 template
CP26_BENCHMARK_FINAL/BENCHMARK_SIMPLE_C_BPL/TERM_LASSO//lasso_traces_polyrank4.t2.c/lasso_trace_91.txt,TERMINATING,0.46,117.27,36.00,UNKNOWN,86,9,95,2 template
CP26_BENCHMARK_FINAL/BENCHMARK_SIMPLE_C_BPL/TERM_LASSO//lasso_traces_polyrank4.t2.c/lasso_trace_92.txt,TERMINATING,0.45,91.10,22.00,TERMINATING,86,9,95,2 template / Nested template
CP26_BENCHMARK_FINAL/BENCHMARK_SIMPLE_C_BPL/TERM_LASSO//lasso_traces_polyrank4.t2.c/lasso_trace_93.txt,TERMINATING,0.53,87.02,31.00,UNKNOWN,73,9,82,2 template
CP26_BENCHMARK_FINAL/BENCHMARK_SIMPLE_C_BPL/TERM_LASSO//lasso_traces_polyrank4.t2.c/lasso_trace_94.txt,TERMINATING,0.37,81.19,25.00,TERMINATING,86,9,95,2 template / Nested template
CP26_BENCHMARK_FINAL/BENCHMARK_SIMPLE_C_BPL/TERM_LASSO//lasso_traces_polyrank4.t2.c/lasso_trace_95.txt,TERMINATING,0.42,91.05,37.00,UNKNOWN,73,9,82,2 template
CP26_BENCHMARK_FINAL/BENCHMARK_SIMPLE_C_BPL/TERM_LASSO//lasso_traces_polyrank4.t2.c/lasso_trace_96.txt,TERMINATING,0.53,88.62,29.00,UNKNOWN,73,9,82,2 template
CP26_BENCHMARK_FINAL/BENCHMARK_SIMPLE_C_BPL/TERM_LASSO//lasso_traces_polyrank4.t2.c/lasso_trace_97.txt,TERMINATING,0.53,90.71,14.00,TERMINATING,73,9,82,2 template / Nested template
CP26_BENCHMARK_FINAL/BENCHMARK_SIMPLE_C_BPL/TERM_LASSO//lasso_traces_polyrank4.t2.c/lasso_trace_98.txt,TERMINATING,0.41,110.52,22.00,TERMINATING,73,9,82,2 template / Nested template
CP26_BENCHMARK_FINAL/BENCHMARK_SIMPLE_C_BPL/TERM_LASSO//lasso_traces_polyrank4.t2.c/lasso_trace_99.txt,TERMINATING,0.40,88.77,24.00,TERMINATING,86,9,95,2 template / Nested template
CP26_BENCHMARK_FINAL/BENCHMARK_SIMPLE_C_BPL/TERM_LASSO//lasso_traces_polyrank5.t2.c/lasso_trace_1.txt,TERMINATING,2.03,51.78,6.00,TERMINATING,28,9,37,Affine template / Affine template
CP26_BENCHMARK_FINAL/BENCHMARK_SIMPLE_C_BPL/TERM_LASSO//lasso_traces_polyrank5.t2.c/lasso_trace_2.txt,TERMINATING,0.80,1397.85,54.00,UNKNOWN,35,13,48,4 template
CP26_BENCHMARK_FINAL/BENCHMARK_SIMPLE_C_BPL/TERM_LASSO//lasso_traces_polyrank5.t2.c/lasso_trace_3.txt,TERMINATING,0.51,36.13,5.00,TERMINATING,41,9,50,Affine template / Affine template
CP26_BENCHMARK_FINAL/BENCHMARK_SIMPLE_C_BPL/TERM_LASSO//lasso_traces_polyrank5.t2.c/lasso_trace_4.txt,TERMINATING,0.53,37.42,8.00,TERMINATING,54,9,63,Affine template / Affine template
CP26_BENCHMARK_FINAL/BENCHMARK_SIMPLE_C_BPL/TERM_LASSO//lasso_traces_polyrank6.t2.c/lasso_trace_1.txt,TERMINATING,1.71,139.30,15.00,TERMINATING,24,10,34,2 template / Nested template
CP26_BENCHMARK_FINAL/BENCHMARK_SIMPLE_C_BPL/TERM_LASSO//lasso_traces_polyrank6.t2.c/lasso_trace_2.txt,TERMINATING,0.46,78.00,30.00,TERMINATING,37,14,51,Affine template / Affine template
CP26_BENCHMARK_FINAL/BENCHMARK_SIMPLE_C_BPL/TERM_LASSO//lasso_traces_polyrank6.t2.c/lasso_trace_3.txt,TERMINATING,0.36,78.12,11.00,TERMINATING,44,10,54,2 template / Nested template
CP26_BENCHMARK_FINAL/BENCHMARK_SIMPLE_C_BPL/TERM_LASSO//lasso_traces_popl07-fail.t2.c/lasso_trace_1.txt,TERMINATING,2.02,71.81,13.00,TERMINATING,104,28,132,Affine template / Affine template
CP26_BENCHMARK_FINAL/BENCHMARK_SIMPLE_C_BPL/TERM_LASSO//lasso_traces_popl07-succeed.t2.c/lasso_trace_1.txt,TERMINATING,2.10,75.28,13.00,TERMINATING,104,28,132,Affine template / Affine template
CP26_BENCHMARK_FINAL/BENCHMARK_SIMPLE_C_BPL/TERM_LASSO//lasso_traces_power.c/lasso_trace_1.txt,TERMINATING,2.24,102.11,20.00,TERMINATING,4,1,5,Affine template / Affine template
CP26_BENCHMARK_FINAL/BENCHMARK_SIMPLE_C_BPL/TERM_LASSO//lasso_traces_preboogie.c/lasso_trace_1.txt,TERMINATING,1.85,80.06,7.00,TERMINATING,6,3,9,Affine template / Affine template
CP26_BENCHMARK_FINAL/BENCHMARK_SIMPLE_C_BPL/TERM_LASSO//lasso_traces_Primes_true-unreach-call.c/lasso_trace_7.txt,TERMINATING,0.35,47.73,8.00,TERMINATING,21,6,27,Affine template / Affine template
CP26_BENCHMARK_FINAL/BENCHMARK_SIMPLE_C_BPL/TERM_LASSO//lasso_traces_Primes_true-unreach-call.c/lasso_trace_8.txt,TERMINATING,0.33,42.80,13.00,TERMINATING,23,5,28,Affine template / Affine template
CP26_BENCHMARK_FINAL/BENCHMARK_SIMPLE_C_BPL/TERM_LASSO//lasso_traces_print.t2.c/lasso_trace_1.txt,TERMINATING,2.01,113.68,25.00,TERMINATING,295,31,326,Affine template / Affine template
CP26_BENCHMARK_FINAL/BENCHMARK_SIMPLE_C_BPL/TERM_LASSO//lasso_traces_print.t2.c/lasso_trace_2.txt,TERMINATING,0.63,135.03,38.00,TERMINATING,558,163,721,Affine template / Affine template
CP26_BENCHMARK_FINAL/BENCHMARK_SIMPLE_C_BPL/TERM_LASSO//lasso_traces_Problem01_label00_true-unreach-call.c/lasso_trace_1.txt,TERMINATING,1.95,925.90,88.00,TERMINATING,5,8,13,Affine template / Affine template
CP26_BENCHMARK_FINAL/BENCHMARK_SIMPLE_C_BPL/TERM_LASSO//lasso_traces_Problem01_label00_true-unreach-call.c/lasso_trace_2.txt,TERMINATING,0.49,1691.95,109.00,TERMINATING,6,11,17,Affine template / Affine template
CP26_BENCHMARK_FINAL/BENCHMARK_SIMPLE_C_BPL/TERM_LASSO//lasso_traces_Problem01_label19_true-unreach-call.c/lasso_trace_1.txt,TERMINATING,1.84,1072.71,100.00,TERMINATING,5,8,13,Affine template / Affine template
CP26_BENCHMARK_FINAL/BENCHMARK_SIMPLE_C_BPL/TERM_LASSO//lasso_traces_Problem01_label19_true-unreach-call.c/lasso_trace_2.txt,TERMINATING,0.47,1108.12,124.00,TERMINATING,6,11,17,Affine template / Affine template
CP26_BENCHMARK_FINAL/BENCHMARK_SIMPLE_C_BPL/TERM_LASSO//lasso_traces_Problem01_label20_false-unreach-call.c/lasso_trace_1.txt,TERMINATING,2.28,1007.97,90.00,TERMINATING,5,8,13,Affine template / Affine template
CP26_BENCHMARK_FINAL/BENCHMARK_SIMPLE_C_BPL/TERM_LASSO//lasso_traces_Problem01_label20_false-unreach-call.c/lasso_trace_2.txt,TERMINATING,0.39,1118.35,110.00,TERMINATING,6,11,17,Affine template / Affine template
CP26_BENCHMARK_FINAL/BENCHMARK_SIMPLE_C_BPL/TERM_LASSO//lasso_traces_Problem04_label00_true-unreach-call.c/lasso_trace_4.txt,TERMINATING,0.57,81.61,35.00,TERMINATING,6,279,285,Affine template / Affine template
CP26_BENCHMARK_FINAL/BENCHMARK_SIMPLE_C_BPL/TERM_LASSO//lasso_traces_01_basic_safe.bpl/lasso_trace_1.txt,TERMINATING,1.53,38.84,9.00,TERMINATING,0,2,2,Affine template / Affine template
CP26_BENCHMARK_FINAL/BENCHMARK_SIMPLE_C_BPL/TERM_LASSO//lasso_traces_01_basic_safe.bpl/lasso_trace_3.txt,TERMINATING,0.50,53.06,15.00,TERMINATING,1,4,5,Affine template / Affine template
CP26_BENCHMARK_FINAL/BENCHMARK_SIMPLE_C_BPL/TERM_LASSO//lasso_traces_01_basic_safe.bpl/lasso_trace_5.txt,TERMINATING,0.36,49.04,13.00,TERMINATING,2,2,4,Affine template / Affine template
CP26_BENCHMARK_FINAL/BENCHMARK_SIMPLE_C_BPL/TERM_LASSO//lasso_traces_01_basic_safe.bpl/lasso_trace_6.txt,TERMINATING,0.35,46.15,13.00,TERMINATING,2,2,4,Affine template / Affine template
CP26_BENCHMARK_FINAL/BENCHMARK_SIMPLE_C_BPL/TERM_LASSO//lasso_traces_01_inc-originalVarNames-noSymmetry.bpl/lasso_trace_1.txt,TERMINATING,1.55,41.63,9.00,TERMINATING,0,2,2,Affine template / Affine template
CP26_BENCHMARK_FINAL/BENCHMARK_SIMPLE_C_BPL/TERM_LASSO//lasso_traces_01_inc-originalVarNames-noSymmetry.bpl/lasso_trace_3.txt,TERMINATING,0.45,54.94,14.00,TERMINATING,1,4,5,Affine template / Affine template
CP26_BENCHMARK_FINAL/BENCHMARK_SIMPLE_C_BPL/TERM_LASSO//lasso_traces_01_inc-originalVarNames-noSymmetry.bpl/lasso_trace_5.txt,TERMINATING,0.45,42.26,13.00,TERMINATING,2,2,4,Affine template / Affine template
CP26_BENCHMARK_FINAL/BENCHMARK_SIMPLE_C_BPL/TERM_LASSO//lasso_traces_01_inc-originalVarNames-noSymmetry.bpl/lasso_trace_6.txt,TERMINATING,0.32,48.28,13.00,TERMINATING,2,2,4,Affine template / Affine template
CP26_BENCHMARK_FINAL/BENCHMARK_SIMPLE_C_BPL/TERM_LASSO//lasso_traces_03-enter-calls_random_modifications.bpl/lasso_trace_1.txt,TERMINATING,1.81,30.69,4.00,TERMINATING,0,2,2,Affine template / Affine template
CP26_BENCHMARK_FINAL/BENCHMARK_SIMPLE_C_BPL/TERM_LASSO//lasso_traces_110517_Martin01.bpl/lasso_trace_1.txt,TERMINATING,2.01,47.61,5.00,TERMINATING,1,1,2,Affine template / Affine template
CP26_BENCHMARK_FINAL/BENCHMARK_SIMPLE_C_BPL/TERM_LASSO//lasso_traces_110517_Martin02.bpl/lasso_trace_1.txt,TERMINATING,2.15,47.85,6.00,TERMINATING,1,1,2,Affine template / Affine template
CP26_BENCHMARK_FINAL/BENCHMARK_SIMPLE_C_BPL/TERM_LASSO//lasso_traces_110517_Martin_safe.bpl/lasso_trace_1.txt,TERMINATING,2.24,49.92,6.00,TERMINATING,1,1,2,Affine template / Affine template
CP26_BENCHMARK_FINAL/BENCHMARK_SIMPLE_C_BPL/TERM_LASSO//lasso_traces_20051113-1.c.i_13.bpl/lasso_trace_1.txt,TERMINATING,2.32,68.73,15.00,TERMINATING,1,1,2,Affine template / Affine template
CP26_BENCHMARK_FINAL/BENCHMARK_SIMPLE_C_BPL/TERM_LASSO//lasso_traces_20051113-1.c.i_15.bpl/lasso_trace_1.txt,TERMINATING,3.96,79.14,15.00,TERMINATING,1,1,2,Affine template / Affine template
CP26_BENCHMARK_FINAL/BENCHMARK_SIMPLE_C_BPL/TERM_LASSO//lasso_traces_20051113-1.c.i_20.bpl/lasso_trace_1.txt,TERMINATING,2.44,71.80,14.00,TERMINATING,1,1,2,Affine template / Affine template
CP26_BENCHMARK_FINAL/BENCHMARK_SIMPLE_C_BPL/TERM_LASSO//lasso_traces_20051113-1.c.i_22.bpl/lasso_trace_1.txt,TERMINATING,2.25,81.37,15.00,TERMINATING,1,1,2,Affine template / Affine template
CP26_BENCHMARK_FINAL/BENCHMARK_SIMPLE_C_BPL/TERM_LASSO//lasso_traces_20051113-1.c.i_25.bpl/lasso_trace_1.txt,TERMINATING,2.33,82.57,15.00,TERMINATING,1,1,2,Affine template / Affine template
CP26_BENCHMARK_FINAL/BENCHMARK_SIMPLE_C_BPL/TERM_LASSO//lasso_traces_20051113-1.c.i_29.bpl/lasso_trace_1.txt,TERMINATING,2.25,73.25,15.00,TERMINATING,1,1,2,Affine template / Affine template
CP26_BENCHMARK_FINAL/BENCHMARK_SIMPLE_C_BPL/TERM_LASSO//lasso_traces_20051113-1.c.i_31.bpl/lasso_trace_1.txt,TERMINATING,2.09,89.49,13.00,TERMINATING,1,1,2,Affine template / Affine template
CP26_BENCHMARK_FINAL/BENCHMARK_SIMPLE_C_BPL/TERM_LASSO//lasso_traces_20051113-1.c.i_33.bpl/lasso_trace_1.txt,TERMINATING,2.05,78.54,15.00,TERMINATING,1,1,2,Affine template / Affine template
CP26_BENCHMARK_FINAL/BENCHMARK_SIMPLE_C_BPL/TERM_LASSO//lasso_traces_20051113-1.c.i_35.bpl/lasso_trace_1.txt,TERMINATING,2.14,82.17,18.00,TERMINATING,1,1,2,Affine template / Affine template
CP26_BENCHMARK_FINAL/BENCHMARK_SIMPLE_C_BPL/TERM_LASSO//lasso_traces_20051113-1.c.i_38.bpl/lasso_trace_1.txt,TERMINATING,2.41,81.86,13.00,TERMINATING,1,1,2,Affine template / Affine template
CP26_BENCHMARK_FINAL/BENCHMARK_SIMPLE_C_BPL/TERM_LASSO//lasso_traces_20051113-1.c.i_40.bpl/lasso_trace_1.txt,TERMINATING,7.75,84.77,13.00,TERMINATING,1,1,2,Affine template / Affine template
CP26_BENCHMARK_FINAL/BENCHMARK_SIMPLE_C_BPL/TERM_LASSO//lasso_traces_20051113-1.c.i_42.bpl/lasso_trace_1.txt,TERMINATING,1.91,75.75,15.00,TERMINATING,1,1,2,Affine template / Affine template
CP26_BENCHMARK_FINAL/BENCHMARK_SIMPLE_C_BPL/TERM_LASSO//lasso_traces_20051113-1.c.i_44.bpl/lasso_trace_1.txt,TERMINATING,2.13,103.37,14.00,TERMINATING,1,1,2,Affine template / Affine template
CP26_BENCHMARK_FINAL/BENCHMARK_SIMPLE_C_BPL/TERM_LASSO//lasso_traces_2013POPL-BenAmGen-Ex3.6.bpl/lasso_trace_1.txt,TERMINATING,1.91,60.48,6.00,TERMINATING,0,1,1,2 template / Nested template
CP26_BENCHMARK_FINAL/BENCHMARK_SIMPLE_C_BPL/TERM_LASSO//lasso_traces_2020ProgVerif-Sheet10Ex04-Square.bpl/lasso_trace_1.txt,TERMINATING,2.20,57.10,9.00,TERMINATING,1,1,2,Affine template / Affine template
CP26_BENCHMARK_FINAL/BENCHMARK_SIMPLE_C_BPL/TERM_LASSO//lasso_traces_2020TACAS-Frohn-2Invs.bpl/lasso_trace_1.txt,TERMINATING,2.17,29.18,5.00,TERMINATING,0,1,1,Affine template / Affine template
CP26_BENCHMARK_FINAL/BENCHMARK_SIMPLE_C_BPL/TERM_LASSO//lasso_traces_2020TACAS-Frohn-NonDec.bpl/lasso_trace_1.txt,TERMINATING,2.09,31.82,5.00,TERMINATING,0,1,1,Affine template / Affine template
CP26_BENCHMARK_FINAL/BENCHMARK_SIMPLE_C_BPL/TERM_LASSO//lasso_traces_2Lex.bpl/lasso_trace_1.txt,TERMINATING,2.10,758.68,20.00,UNKNOWN,0,1,1,2 template
CP26_BENCHMARK_FINAL/BENCHMARK_SIMPLE_C_BPL/TERM_LASSO//lasso_traces_2Nested.bpl/lasso_trace_1.txt,TERMINATING,1.86,59.31,6.00,TERMINATING,0,1,1,2 template / Nested template
CP26_BENCHMARK_FINAL/BENCHMARK_SIMPLE_C_BPL/TERM_LASSO//lasso_traces_2PhaseButNo2Nested.bpl/lasso_trace_1.txt,TERMINATING,1.86,278.53,19.00,UNKNOWN,0,1,1,2 template
CP26_BENCHMARK_FINAL/BENCHMARK_SIMPLE_C_BPL/TERM_LASSO//lasso_traces_3Phase.bpl/lasso_trace_1.txt,TERMINATING,2.05,500.49,21.00,UNKNOWN,0,1,1,3 template
CP26_BENCHMARK_FINAL/BENCHMARK_SIMPLE_C_BPL/TERM_LASSO//lasso_traces_4Phase.bpl/lasso_trace_1.txt,TERMINATING,2.27,849.71,23.00,UNKNOWN,0,1,1,4 template
CP26_BENCHMARK_FINAL/BENCHMARK_SIMPLE_C_BPL/TERM_LASSO//lasso_traces_960521-1_1.i_11.bpl/lasso_trace_1.txt,TERMINATING,2.18,124.93,14.00,TERMINATING,1,2,3,Affine template / Affine template
CP26_BENCHMARK_FINAL/BENCHMARK_SIMPLE_C_BPL/TERM_LASSO//lasso_traces_960521-1_1.i_11.bpl/lasso_trace_2.txt,TERMINATING,0.74,92.76,26.00,TERMINATING,3,2,5,Affine template / Affine template
CP26_BENCHMARK_FINAL/BENCHMARK_SIMPLE_C_BPL/TERM_LASSO//lasso_traces_960521-1_1.i_11.bpl/lasso_trace_3.txt,TERMINATING,0.58,75.62,30.00,TERMINATING,5,2,7,Affine template / Affine template
CP26_BENCHMARK_FINAL/BENCHMARK_SIMPLE_C_BPL/TERM_LASSO//lasso_traces_960521-1_1.i_12.bpl/lasso_trace_1.txt,TERMINATING,4.29,107.10,26.00,TERMINATING,1,1,2,Affine template / Affine template
CP26_BENCHMARK_FINAL/BENCHMARK_SIMPLE_C_BPL/TERM_LASSO//lasso_traces_960521-1.i_5.bpl/lasso_trace_1.txt,TERMINATING,2.54,99.48,29.00,TERMINATING,1,2,3,Affine template / Affine template
CP26_BENCHMARK_FINAL/BENCHMARK_SIMPLE_C_BPL/TERM_LASSO//lasso_traces_ackermann.bpl/lasso_trace_1.txt,TERMINATING,1.79,33.18,5.00,TERMINATING,0,4,4,Affine template / Affine template
CP26_BENCHMARK_FINAL/BENCHMARK_SIMPLE_C_BPL/TERM_LASSO//lasso_traces_ackermann.bpl/lasso_trace_3.txt,TERMINATING,0.84,36.56,7.00,TERMINATING,6,4,10,Affine template / Affine template
CP26_BENCHMARK_FINAL/BENCHMARK_SIMPLE_C_BPL/TERM_LASSO//lasso_traces_Ackermann.bpl/lasso_trace_1.txt,TERMINATING,1.58,70.41,9.00,TERMINATING,0,4,4,Affine template / Affine template
CP26_BENCHMARK_FINAL/BENCHMARK_SIMPLE_C_BPL/TERM_LASSO//lasso_traces_Ackermann.bpl/lasso_trace_3.txt,TERMINATING,0.53,47.70,10.00,TERMINATING,4,4,8,Affine template / Affine template
CP26_BENCHMARK_FINAL/BENCHMARK_SIMPLE_C_BPL/TERM_LASSO//lasso_traces_Ackermann.bpl/lasso_trace_4.txt,TERMINATING,0.58,53.68,12.00,TERMINATING,7,4,11,Affine template / Affine template
CP26_BENCHMARK_FINAL/BENCHMARK_SIMPLE_C_BPL/TERM_LASSO//lasso_traces_Ackermann.bpl/lasso_trace_7.txt,TERMINATING,0.31,44.03,14.00,TERMINATING,10,8,18,Affine template / Affine template
CP26_BENCHMARK_FINAL/BENCHMARK_SIMPLE_C_BPL/TERM_LASSO//lasso_traces_Ackermann_Main.bpl/lasso_trace_1.txt,TERMINATING,1.84,32.29,5.00,TERMINATING,0,4,4,Affine template / Affine template
CP26_BENCHMARK_FINAL/BENCHMARK_SIMPLE_C_BPL/TERM_LASSO//lasso_traces_Ackermann_Main.bpl/lasso_trace_2.txt,TERMINATING,0.61,41.15,6.00,TERMINATING,1,4,5,Affine template / Affine template
CP26_BENCHMARK_FINAL/BENCHMARK_SIMPLE_C_BPL/TERM_LASSO//lasso_traces_Ackermann_Main.bpl/lasso_trace_3.txt,TERMINATING,0.52,37.92,7.00,TERMINATING,4,4,8,Affine template / Affine template
CP26_BENCHMARK_FINAL/BENCHMARK_SIMPLE_C_BPL/TERM_LASSO//lasso_traces_Ackermann_Main.bpl/lasso_trace_5.txt,TERMINATING,0.38,32.78,6.00,TERMINATING,7,8,15,Affine template / Affine template
CP26_BENCHMARK_FINAL/BENCHMARK_SIMPLE_C_BPL/TERM_LASSO//lasso_traces_Ackermann_Main.bpl/lasso_trace_7.txt,TERMINATING,0.38,32.55,7.00,TERMINATING,10,4,14,Affine template / Affine template
CP26_BENCHMARK_FINAL/BENCHMARK_SIMPLE_C_BPL/TERM_LASSO//lasso_traces_addition-correct.bpl/lasso_trace_1.txt,TERMINATING,1.93,26.80,5.00,TERMINATING,0,3,3,Affine template / Affine template
CP26_BENCHMARK_FINAL/BENCHMARK_SIMPLE_C_BPL/TERM_LASSO//lasso_traces_addition-correct.bpl/lasso_trace_2.txt,TERMINATING,0.61,41.33,6.00,TERMINATING,2,3,5,Affine template / Affine template
CP26_BENCHMARK_FINAL/BENCHMARK_SIMPLE_C_BPL/TERM_LASSO//lasso_traces_addition-incorrect2.bpl/lasso_trace_1.txt,TERMINATING,3.23,32.09,5.00,TERMINATING,0,3,3,Affine template / Affine template
CP26_BENCHMARK_FINAL/BENCHMARK_SIMPLE_C_BPL/TERM_LASSO//lasso_traces_addition-incorrect2.bpl/lasso_trace_2.txt,TERMINATING,0.56,47.53,7.00,TERMINATING,2,3,5,Affine template / Affine template
CP26_BENCHMARK_FINAL/BENCHMARK_SIMPLE_C_BPL/TERM_LASSO//lasso_traces_addition-incorrect.bpl/lasso_trace_1.txt,TERMINATING,3.15,38.99,5.00,TERMINATING,0,3,3,Affine template / Affine template
CP26_BENCHMARK_FINAL/BENCHMARK_SIMPLE_C_BPL/TERM_LASSO//lasso_traces_addition-incorrect.bpl/lasso_trace_2.txt,TERMINATING,0.52,42.08,6.00,TERMINATING,2,3,5,Affine template / Affine template
CP26_BENCHMARK_FINAL/BENCHMARK_SIMPLE_C_BPL/TERM_LASSO//lasso_traces_add_last-alloca.i_10.bpl/lasso_trace_1.txt,TERMINATING,2.84,1892.91,161.00,TERMINATING,1,2,3,Affine template / Affine template
CP26_BENCHMARK_FINAL/BENCHMARK_SIMPLE_C_BPL/TERM_LASSO//lasso_traces_add_last-alloca.i_11.bpl/lasso_trace_1.txt,TERMINATING,2.49,1566.15,203.00,TERMINATING,1,2,3,Affine template / Affine template
CP26_BENCHMARK_FINAL/BENCHMARK_SIMPLE_C_BPL/TERM_LASSO//lasso_traces_add_last-alloca.i_8.bpl/lasso_trace_1.txt,TERMINATING,2.61,1650.43,178.00,TERMINATING,1,2,3,Affine template / Affine template
CP26_BENCHMARK_FINAL/BENCHMARK_SIMPLE_C_BPL/TERM_LASSO//lasso_traces_add_last-alloca.i_9.bpl/lasso_trace_1.txt,TERMINATING,2.64,1404.48,181.00,TERMINATING,1,2,3,Affine template / Affine template
CP26_BENCHMARK_FINAL/BENCHMARK_SIMPLE_C_BPL/TERM_LASSO//lasso_traces_afnp2014.c.i_3.bpl/lasso_trace_1.txt,TERMINATING,2.38,86.60,12.00,TERMINATING,1,2,3,Affine template / Affine template
CP26_BENCHMARK_FINAL/BENCHMARK_SIMPLE_C_BPL/TERM_LASSO//lasso_traces_AG313.bpl/lasso_trace_1.txt,TERMINATING,1.98,72.84,10.00,TERMINATING,2,2,4,Affine template / Affine template
CP26_BENCHMARK_FINAL/BENCHMARK_SIMPLE_C_BPL/TERM_LASSO//lasso_traces_alternating_list.i_17.bpl/lasso_trace_1.txt,TERMINATING,1.97,2110.04,164.00,TERMINATING,1,2,3,Affine template / Affine template
CP26_BENCHMARK_FINAL/BENCHMARK_SIMPLE_C_BPL/TERM_LASSO//lasso_traces_alternating_list.i_18.bpl/lasso_trace_1.txt,TERMINATING,1.89,2065.10,167.00,TERMINATING,1,2,3,Affine template / Affine template
CP26_BENCHMARK_FINAL/BENCHMARK_SIMPLE_C_BPL/TERM_LASSO//lasso_traces_alternating_list.i_22.bpl/lasso_trace_1.txt,TERMINATING,1.95,4428.27,151.00,TERMINATING,1,2,3,Affine template / Affine template
CP26_BENCHMARK_FINAL/BENCHMARK_SIMPLE_C_BPL/TERM_LASSO//lasso_traces_alternating_list.i_23.bpl/lasso_trace_1.txt,TERMINATING,1.96,2074.07,162.00,TERMINATING,1,2,3,Affine template / Affine template
CP26_BENCHMARK_FINAL/BENCHMARK_SIMPLE_C_BPL/TERM_LASSO//lasso_traces_alternating_list.i_24.bpl/lasso_trace_1.txt,TERMINATING,1.99,2030.91,162.00,TERMINATING,1,2,3,Affine template / Affine template
CP26_BENCHMARK_FINAL/BENCHMARK_SIMPLE_C_BPL/TERM_LASSO//lasso_traces_alternating_list.i_25.bpl/lasso_trace_1.txt,TERMINATING,1.82,2103.70,176.00,TERMINATING,1,2,3,Affine template / Affine template
CP26_BENCHMARK_FINAL/BENCHMARK_SIMPLE_C_BPL/TERM_LASSO//lasso_traces_alternating_list.i_26.bpl/lasso_trace_1.txt,TERMINATING,1.74,2365.87,172.00,TERMINATING,1,2,3,Affine template / Affine template
CP26_BENCHMARK_FINAL/BENCHMARK_SIMPLE_C_BPL/TERM_LASSO//lasso_traces_alternating_list.i_31.bpl/lasso_trace_1.txt,TERMINATING,1.81,2135.52,170.00,TERMINATING,1,2,3,Affine template / Affine template
CP26_BENCHMARK_FINAL/BENCHMARK_SIMPLE_C_BPL/TERM_LASSO//lasso_traces_alternating_list.i_33.bpl/lasso_trace_1.txt,TERMINATING,2.18,2309.71,167.00,TERMINATING,1,2,3,Affine template / Affine template
CP26_BENCHMARK_FINAL/BENCHMARK_SIMPLE_C_BPL/TERM_LASSO//lasso_traces_alternating_list.i_36.bpl/lasso_trace_1.txt,TERMINATING,1.83,1876.87,165.00,TERMINATING,1,2,3,Affine template / Affine template
CP26_BENCHMARK_FINAL/BENCHMARK_SIMPLE_C_BPL/TERM_LASSO//lasso_traces_alternating_list.i_37.bpl/lasso_trace_1.txt,TERMINATING,1.81,2034.58,169.00,TERMINATING,1,2,3,Affine template / Affine template
CP26_BENCHMARK_FINAL/BENCHMARK_SIMPLE_C_BPL/TERM_LASSO//lasso_traces_alternating_list.i_40.bpl/lasso_trace_1.txt,TERMINATING,2.11,2230.54,175.00,TERMINATING,1,2,3,Affine template / Affine template
CP26_BENCHMARK_FINAL/BENCHMARK_SIMPLE_C_BPL/TERM_LASSO//lasso_traces_alternating_list.i_41.bpl/lasso_trace_1.txt,TERMINATING,1.84,2150.56,175.00,TERMINATING,1,2,3,Affine template / Affine template
CP26_BENCHMARK_FINAL/BENCHMARK_SIMPLE_C_BPL/TERM_LASSO//lasso_traces_AmazonResearchAward.bpl/lasso_trace_1.txt,TERMINATING,2.06,26.80,4.00,TERMINATING,0,1,1,Affine template / Affine template
CP26_BENCHMARK_FINAL/BENCHMARK_SIMPLE_C_BPL/TERM_LASSO//lasso_traces_ambigousLoopEntry.bpl/lasso_trace_1.txt,TERMINATING,1.87,31.08,4.00,TERMINATING,1,2,3,Affine template / Affine template
CP26_BENCHMARK_FINAL/BENCHMARK_SIMPLE_C_BPL/TERM_LASSO//lasso_traces_ambigousLoopEntry.bpl/lasso_trace_2.txt,TERMINATING,0.47,18.07,4.00,TERMINATING,1,2,3,Affine template / Affine template
CP26_BENCHMARK_FINAL/BENCHMARK_SIMPLE_C_BPL/TERM_LASSO//lasso_traces_array01-alloca.i_4.bpl/lasso_trace_1.txt,TERMINATING,2.25,100.54,15.00,TERMINATING,1,2,3,Affine template / Affine template
CP26_BENCHMARK_FINAL/BENCHMARK_SIMPLE_C_BPL/TERM_LASSO//lasso_traces_array01-alloca.i_8.bpl/lasso_trace_1.txt,TERMINATING,2.39,94.39,14.00,TERMINATING,1,2,3,Affine template / Affine template
CP26_BENCHMARK_FINAL/BENCHMARK_SIMPLE_C_BPL/TERM_LASSO//lasso_traces_array02-alloca.i_6.bpl/lasso_trace_1.txt,TERMINATING,3.68,96.45,20.00,TERMINATING,1,2,3,Affine template / Affine template
CP26_BENCHMARK_FINAL/BENCHMARK_SIMPLE_C_BPL/TERM_LASSO//lasso_traces_array02-alloca.i_8.bpl/lasso_trace_1.txt,TERMINATING,7.53,80.67,17.00,TERMINATING,1,2,3,Affine template / Affine template
CP26_BENCHMARK_FINAL/BENCHMARK_SIMPLE_C_BPL/TERM_LASSO//lasso_traces_array03-alloca.i_6.bpl/lasso_trace_1.txt,TERMINATING,2.01,87.36,16.00,TERMINATING,1,2,3,Affine template / Affine template
CP26_BENCHMARK_FINAL/BENCHMARK_SIMPLE_C_BPL/TERM_LASSO//lasso_traces_array03-alloca.i_8.bpl/lasso_trace_1.txt,TERMINATING,3.46,96.67,16.00,TERMINATING,1,2,3,Affine template / Affine template
CP26_BENCHMARK_FINAL/BENCHMARK_SIMPLE_C_BPL/TERM_LASSO//lasso_traces_array1.i_3.bpl/lasso_trace_1.txt,TERMINATING,2.67,60.54,18.00,UNKNOWN,1,1,2,Affine template
CP26_BENCHMARK_FINAL/BENCHMARK_SIMPLE_C_BPL/TERM_LASSO//lasso_traces_array2.i_3.bpl/lasso_trace_1.txt,TERMINATING,2.10,67.82,19.00,UNKNOWN,1,1,2,Affine template
CP26_BENCHMARK_FINAL/BENCHMARK_SIMPLE_C_BPL/TERM_LASSO//lasso_traces_array3.i_3.bpl/lasso_trace_1.txt,TERMINATING,2.65,68.05,11.00,TERMINATING,1,1,2,Affine template / Affine template
CP26_BENCHMARK_FINAL/BENCHMARK_SIMPLE_C_BPL/TERM_LASSO//lasso_traces_array3.i_4.bpl/lasso_trace_1.txt,TERMINATING,2.58,59.55,20.00,UNKNOWN,1,1,2,Affine template
CP26_BENCHMARK_FINAL/BENCHMARK_SIMPLE_C_BPL/TERM_LASSO//lasso_traces_array3.i_5.bpl/lasso_trace_1.txt,TERMINATING,2.29,94.09,17.00,TERMINATING,1,1,2,Affine template / Affine template
CP26_BENCHMARK_FINAL/BENCHMARK_SIMPLE_C_BPL/TERM_LASSO//lasso_traces_array3.i_6.bpl/lasso_trace_1.txt,TERMINATING,2.37,91.90,17.00,TERMINATING,1,2,3,Affine template / Affine template
CP26_BENCHMARK_FINAL/BENCHMARK_SIMPLE_C_BPL/TERM_LASSO//lasso_traces_array3.i_8.bpl/lasso_trace_1.txt,TERMINATING,2.83,99.77,17.00,TERMINATING,1,1,2,Affine template / Affine template
CP26_BENCHMARK_FINAL/BENCHMARK_SIMPLE_C_BPL/TERM_LASSO//lasso_traces_array3ManuallyTranslated_true-termination.bpl/lasso_trace_1.txt,TERMINATING,2.03,55.34,5.00,TERMINATING,1,1,2,Affine template / Affine template
CP26_BENCHMARK_FINAL/BENCHMARK_SIMPLE_C_BPL/TERM_LASSO//lasso_traces_array4.i_3.bpl/lasso_trace_1.txt,TERMINATING,2.81,74.31,10.00,TERMINATING,1,1,2,Affine template / Affine template
CP26_BENCHMARK_FINAL/BENCHMARK_SIMPLE_C_BPL/TERM_LASSO//lasso_traces_array4.i_4.bpl/lasso_trace_1.txt,TERMINATING,2.10,65.17,20.00,UNKNOWN,1,1,2,Affine template
CP26_BENCHMARK_FINAL/BENCHMARK_SIMPLE_C_BPL/TERM_LASSO//lasso_traces_array4.i_5.bpl/lasso_trace_1.txt,TERMINATING,2.42,85.57,14.00,TERMINATING,1,1,2,Affine template / Affine template
CP26_BENCHMARK_FINAL/BENCHMARK_SIMPLE_C_BPL/TERM_LASSO//lasso_traces_ArrayCellPreciseHavocNeeded.bpl/lasso_trace_1.txt,TERMINATING,3.53,50.22,5.00,TERMINATING,1,1,2,Affine template / Affine template
CP26_BENCHMARK_FINAL/BENCHMARK_SIMPLE_C_BPL/TERM_LASSO//lasso_traces_ArrayCopy01-Bakhmut.bpl/lasso_trace_1.txt,TERMINATING,2.10,54.22,18.00,UNKNOWN,1,1,2,Affine template
CP26_BENCHMARK_FINAL/BENCHMARK_SIMPLE_C_BPL/TERM_LASSO//lasso_traces_array_equalities.bpl/lasso_trace_1.txt,TERMINATING,2.10,51.52,4.00,TERMINATING,1,1,2,Affine template / Affine template
CP26_BENCHMARK_FINAL/BENCHMARK_SIMPLE_C_BPL/TERM_LASSO//lasso_traces_ArrayIndexAndValue01.bpl/lasso_trace_1.txt,TERMINATING,2.54,245.46,22.00,TERMINATING,3,2,5,Affine template / Affine template
CP26_BENCHMARK_FINAL/BENCHMARK_SIMPLE_C_BPL/TERM_LASSO//lasso_traces_ArrayInit01.bpl/lasso_trace_1.txt,TERMINATING,3.55,55.70,18.00,UNKNOWN,1,1,2,Affine template
CP26_BENCHMARK_FINAL/BENCHMARK_SIMPLE_C_BPL/TERM_LASSO//lasso_traces_ArrayInit02.bpl/lasso_trace_1.txt,TERMINATING,2.69,139.62,14.00,TERMINATING,1,1,2,Affine template / Affine template
CP26_BENCHMARK_FINAL/BENCHMARK_SIMPLE_C_BPL/TERM_LASSO//lasso_traces_ArrayInitialization01.bpl/lasso_trace_1.txt,TERMINATING,2.33,303.74,39.00,UNKNOWN,1,2,3,Affine template
CP26_BENCHMARK_FINAL/BENCHMARK_SIMPLE_C_BPL/TERM_LASSO//lasso_traces_array_initilization_bounded.bpl/lasso_trace_1.txt,TERMINATING,2.23,52.93,18.00,UNKNOWN,1,1,2,Affine template
CP26_BENCHMARK_FINAL/BENCHMARK_SIMPLE_C_BPL/TERM_LASSO//lasso_traces_array_initilization.bpl/lasso_trace_1.txt,TERMINATING,2.05,53.20,18.00,UNKNOWN,1,1,2,Affine template
CP26_BENCHMARK_FINAL/BENCHMARK_SIMPLE_C_BPL/TERM_LASSO//lasso_traces_array_initilization_multidimensional2.bpl/lasso_trace_1.txt,TERMINATING,2.03,60.35,6.00,TERMINATING,1,1,2,Affine template / Affine template
CP26_BENCHMARK_FINAL/BENCHMARK_SIMPLE_C_BPL/TERM_LASSO//lasso_traces_array_initilization_multidimensional.bpl/lasso_trace_1.txt,TERMINATING,2.19,51.15,6.00,TERMINATING,1,1,2,Affine template / Affine template
CP26_BENCHMARK_FINAL/BENCHMARK_SIMPLE_C_BPL/TERM_LASSO//lasso_traces_array_overwrite.bpl/lasso_trace_1.txt,TERMINATING,2.07,57.50,6.00,TERMINATING,1,1,2,Affine template / Affine template
CP26_BENCHMARK_FINAL/BENCHMARK_SIMPLE_C_BPL/TERM_LASSO//lasso_traces_ArrayRead01.bpl/lasso_trace_1.txt,TERMINATING,2.13,66.35,6.00,TERMINATING,1,1,2,Affine template / Affine template
CP26_BENCHMARK_FINAL/BENCHMARK_SIMPLE_C_BPL/TERM_LASSO//lasso_traces_ArrayRead02.bpl/lasso_trace_1.txt,TERMINATING,2.15,63.47,7.00,TERMINATING,1,1,2,Affine template / Affine template
CP26_BENCHMARK_FINAL/BENCHMARK_SIMPLE_C_BPL/TERM_LASSO//lasso_traces_Arrays18.bpl/lasso_trace_1.txt,TERMINATING,1.66,1774.49,78.00,UNKNOWN,1,1,2,Affine template
CP26_BENCHMARK_FINAL/BENCHMARK_SIMPLE_C_BPL/TERM_LASSO//lasso_traces_Arrays20.bpl/lasso_trace_1.txt,TERMINATING,2.09,53.06,19.00,UNKNOWN,1,1,2,Affine template
CP26_BENCHMARK_FINAL/BENCHMARK_SIMPLE_C_BPL/TERM_LASSO//lasso_traces_arraySearchFirstAndLast.bpl/lasso_trace_1.txt,TERMINATING,2.20,403.24,39.00,TERMINATING,1,2,3,Affine template / Affine template
CP26_BENCHMARK_FINAL/BENCHMARK_SIMPLE_C_BPL/TERM_LASSO//lasso_traces_ArraysOfVariableLength2.c_10.bpl/lasso_trace_1.txt,TERMINATING,2.85,228.37,47.00,TERMINATING,1,2,3,Affine template / Affine template
CP26_BENCHMARK_FINAL/BENCHMARK_SIMPLE_C_BPL/TERM_LASSO//lasso_traces_ArraysOfVariableLength2.c_12.bpl/lasso_trace_1.txt,TERMINATING,5.77,166.61,47.00,TERMINATING,1,2,3,Affine template / Affine template
CP26_BENCHMARK_FINAL/BENCHMARK_SIMPLE_C_BPL/TERM_LASSO//lasso_traces_ArraysOfVariableLength2.c_13.bpl/lasso_trace_1.txt,TERMINATING,2.65,170.38,44.00,TERMINATING,1,2,3,Affine template / Affine template
CP26_BENCHMARK_FINAL/BENCHMARK_SIMPLE_C_BPL/TERM_LASSO//lasso_traces_ArraysOfVariableLength2.c_14.bpl/lasso_trace_1.txt,TERMINATING,2.66,186.66,42.00,TERMINATING,1,2,3,Affine template / Affine template
CP26_BENCHMARK_FINAL/BENCHMARK_SIMPLE_C_BPL/TERM_LASSO//lasso_traces_ArraysOfVariableLength2.c_16.bpl/lasso_trace_1.txt,TERMINATING,2.42,210.14,52.00,TERMINATING,1,3,4,Affine template / Affine template
CP26_BENCHMARK_FINAL/BENCHMARK_SIMPLE_C_BPL/TERM_LASSO//lasso_traces_ArraysOfVariableLength2.c_17.bpl/lasso_trace_1.txt,TERMINATING,2.68,185.79,42.00,TERMINATING,1,3,4,Affine template / Affine template
CP26_BENCHMARK_FINAL/BENCHMARK_SIMPLE_C_BPL/TERM_LASSO//lasso_traces_ArraysOfVariableLength2.c_18.bpl/lasso_trace_1.txt,TERMINATING,2.45,223.05,56.00,TERMINATING,1,4,5,Affine template / Affine template
CP26_BENCHMARK_FINAL/BENCHMARK_SIMPLE_C_BPL/TERM_LASSO//lasso_traces_ArraysOfVariableLength2.c_19.bpl/lasso_trace_1.txt,TERMINATING,2.38,223.92,55.00,TERMINATING,1,3,4,Affine template / Affine template
CP26_BENCHMARK_FINAL/BENCHMARK_SIMPLE_C_BPL/TERM_LASSO//lasso_traces_ArraysOfVariableLength2.c_20.bpl/lasso_trace_1.txt,TERMINATING,2.22,203.50,52.00,TERMINATING,1,3,4,Affine template / Affine template
CP26_BENCHMARK_FINAL/BENCHMARK_SIMPLE_C_BPL/TERM_LASSO//lasso_traces_ArraysOfVariableLength2.c_8.bpl/lasso_trace_1.txt,TERMINATING,2.74,170.43,35.00,TERMINATING,1,1,2,Affine template / Affine template
CP26_BENCHMARK_FINAL/BENCHMARK_SIMPLE_C_BPL/TERM_LASSO//lasso_traces_ArraysOfVariableLength4.c_7.bpl/lasso_trace_1.txt,TERMINATING,9.01,93.22,41.00,UNKNOWN,1,2,3,Affine template
CP26_BENCHMARK_FINAL/BENCHMARK_SIMPLE_C_BPL/TERM_LASSO//lasso_traces_ArraysOfVariableLength4.c_8.bpl/lasso_trace_1.txt,TERMINATING,2.56,132.30,50.00,UNKNOWN,1,1,2,Affine template
CP26_BENCHMARK_FINAL/BENCHMARK_SIMPLE_C_BPL/TERM_LASSO//lasso_traces_ArraysOfVariableLength5.c_10.bpl/lasso_trace_1.txt,TERMINATING,3.58,117.29,26.00,TERMINATING,1,2,3,Affine template / Affine template
CP26_BENCHMARK_FINAL/BENCHMARK_SIMPLE_C_BPL/TERM_LASSO//lasso_traces_ArraysOfVariableLength5.c_11.bpl/lasso_trace_1.txt,TERMINATING,2.61,121.35,29.00,TERMINATING,1,2,3,Affine template / Affine template
CP26_BENCHMARK_FINAL/BENCHMARK_SIMPLE_C_BPL/TERM_LASSO//lasso_traces_ArraysOfVariableLength5.c_11.bpl/lasso_trace_3.txt,TERMINATING,0.69,101.44,47.00,TERMINATING,4,4,8,Affine template / Affine template
CP26_BENCHMARK_FINAL/BENCHMARK_SIMPLE_C_BPL/TERM_LASSO//lasso_traces_ArraysOfVariableLength5.c_12.bpl/lasso_trace_1.txt,TERMINATING,2.35,116.21,29.00,TERMINATING,1,3,4,Affine template / Affine template
CP26_BENCHMARK_FINAL/BENCHMARK_SIMPLE_C_BPL/TERM_LASSO//lasso_traces_ArraysOfVariableLength5.c_12.bpl/lasso_trace_3.txt,TERMINATING,0.71,138.11,44.00,TERMINATING,5,4,9,Affine template / Affine template
CP26_BENCHMARK_FINAL/BENCHMARK_SIMPLE_C_BPL/TERM_LASSO//lasso_traces_ArraysOfVariableLength5.c_13.bpl/lasso_trace_1.txt,TERMINATING,2.31,104.31,27.00,TERMINATING,1,2,3,Affine template / Affine template
CP26_BENCHMARK_FINAL/BENCHMARK_SIMPLE_C_BPL/TERM_LASSO//lasso_traces_ArraysOfVariableLength5.c_13.bpl/lasso_trace_4.txt,TERMINATING,0.68,84.47,41.00,TERMINATING,4,3,7,Affine template / Affine template
CP26_BENCHMARK_FINAL/BENCHMARK_SIMPLE_C_BPL/TERM_LASSO//lasso_traces_ArraysOfVariableLength5.c_6.bpl/lasso_trace_1.txt,TERMINATING,2.41,108.80,20.00,TERMINATING,1,1,2,Affine template / Affine template
CP26_BENCHMARK_FINAL/BENCHMARK_SIMPLE_C_BPL/TERM_LASSO//lasso_traces_ArraysOfVariableLength5.c_8.bpl/lasso_trace_1.txt,TERMINATING,3.29,120.62,25.00,TERMINATING,1,2,3,Affine template / Affine template
CP26_BENCHMARK_FINAL/BENCHMARK_SIMPLE_C_BPL/TERM_LASSO//lasso_traces_ArraysOfVariableLength5.c_9.bpl/lasso_trace_1.txt,TERMINATING,2.21,107.38,27.00,TERMINATING,1,2,3,Affine template / Affine template
CP26_BENCHMARK_FINAL/BENCHMARK_SIMPLE_C_BPL/TERM_LASSO//lasso_traces_ArraysOfVariableLength6.c_7.bpl/lasso_trace_1.txt,TERMINATING,7.31,98.84,42.00,UNKNOWN,1,2,3,Affine template
CP26_BENCHMARK_FINAL/BENCHMARK_SIMPLE_C_BPL/TERM_LASSO//lasso_traces_ArraysOfVariableLength6.c_8.bpl/lasso_trace_1.txt,TERMINATING,2.27,139.52,56.00,UNKNOWN,1,1,2,Affine template
CP26_BENCHMARK_FINAL/BENCHMARK_SIMPLE_C_BPL/TERM_LASSO//lasso_traces_ArraysOfVariableLength.c_10.bpl/lasso_trace_1.txt,TERMINATING,3.56,79.76,14.00,TERMINATING,1,2,3,Affine template / Affine template
CP26_BENCHMARK_FINAL/BENCHMARK_SIMPLE_C_BPL/TERM_LASSO//lasso_traces_ArraysOfVariableLength.c_11.bpl/lasso_trace_1.txt,TERMINATING,2.01,92.58,20.00,TERMINATING,1,2,3,Affine template / Affine template
CP26_BENCHMARK_FINAL/BENCHMARK_SIMPLE_C_BPL/TERM_LASSO//lasso_traces_ArraysOfVariableLength.c_11.bpl/lasso_trace_3.txt,TERMINATING,0.59,81.12,42.00,TERMINATING,4,4,8,Affine template / Affine template
CP26_BENCHMARK_FINAL/BENCHMARK_SIMPLE_C_BPL/TERM_LASSO//lasso_traces_ArraysOfVariableLength.c_12.bpl/lasso_trace_1.txt,TERMINATING,2.88,91.98,21.00,TERMINATING,1,3,4,Affine template / Affine template
CP26_BENCHMARK_FINAL/BENCHMARK_SIMPLE_C_BPL/TERM_LASSO//lasso_traces_ArraysOfVariableLength.c_12.bpl/lasso_trace_3.txt,TERMINATING,0.71,106.90,41.00,TERMINATING,5,4,9,Affine template / Affine template
CP26_BENCHMARK_FINAL/BENCHMARK_SIMPLE_C_BPL/TERM_LASSO//lasso_traces_ArraysOfVariableLength.c_13.bpl/lasso_trace_1.txt,TERMINATING,2.26,102.14,22.00,TERMINATING,1,2,3,Affine template / Affine template
CP26_BENCHMARK_FINAL/BENCHMARK_SIMPLE_C_BPL/TERM_LASSO//lasso_traces_ArraysOfVariableLength.c_13.bpl/lasso_trace_5.txt,TERMINATING,0.63,87.53,37.00,TERMINATING,4,3,7,Affine template / Affine template
CP26_BENCHMARK_FINAL/BENCHMARK_SIMPLE_C_BPL/TERM_LASSO//lasso_traces_ArraysOfVariableLength.c_6.bpl/lasso_trace_1.txt,TERMINATING,2.19,92.41,14.00,TERMINATING,1,1,2,Affine template / Affine template
CP26_BENCHMARK_FINAL/BENCHMARK_SIMPLE_C_BPL/TERM_LASSO//lasso_traces_ArraysOfVariableLength.c_7.bpl/lasso_trace_1.txt,TERMINATING,1.96,97.93,14.00,TERMINATING,1,2,3,Affine template / Affine template
CP26_BENCHMARK_FINAL/BENCHMARK_SIMPLE_C_BPL/TERM_LASSO//lasso_traces_ArraysOfVariableLength.c_8.bpl/lasso_trace_1.txt,TERMINATING,8.03,91.37,17.00,TERMINATING,1,2,3,Affine template / Affine template
CP26_BENCHMARK_FINAL/BENCHMARK_SIMPLE_C_BPL/TERM_LASSO//lasso_traces_ArraysOfVariableLength.c_9.bpl/lasso_trace_1.txt,TERMINATING,2.25,110.99,20.00,TERMINATING,1,2,3,Affine template / Affine template
CP26_BENCHMARK_FINAL/BENCHMARK_SIMPLE_C_BPL/TERM_LASSO//lasso_traces_ArraysWithLenghtAtDeclaration.c_10.bpl/lasso_trace_2.txt,TERMINATING,1.99,123.72,42.00,TERMINATING,1,4,5,Affine template / Affine template
CP26_BENCHMARK_FINAL/BENCHMARK_SIMPLE_C_BPL/TERM_LASSO//lasso_traces_ArraysWithLenghtAtDeclaration.c_10.bpl/lasso_trace_4.txt,TERMINATING,1.20,121.33,48.00,TERMINATING,6,5,11,Affine template / Affine template
CP26_BENCHMARK_FINAL/BENCHMARK_SIMPLE_C_BPL/TERM_LASSO//lasso_traces_ArraysWithLenghtAtDeclaration.c_10.bpl/lasso_trace_5.txt,TERMINATING,0.66,89.81,56.00,UNKNOWN,7,1,8,Affine template
CP26_BENCHMARK_FINAL/BENCHMARK_SIMPLE_C_BPL/TERM_LASSO//lasso_traces_ArraysWithLenghtAtDeclaration.c_11.bpl/lasso_trace_2.txt,TERMINATING,2.15,103.07,35.00,TERMINATING,1,4,5,Affine template / Affine template
CP26_BENCHMARK_FINAL/BENCHMARK_SIMPLE_C_BPL/TERM_LASSO//lasso_traces_ArraysWithLenghtAtDeclaration.c_11.bpl/lasso_trace_4.txt,TERMINATING,1.29,92.57,42.00,TERMINATING,6,6,12,Affine template / Affine template
CP26_BENCHMARK_FINAL/BENCHMARK_SIMPLE_C_BPL/TERM_LASSO//lasso_traces_ArraysWithLenghtAtDeclaration.c_11.bpl/lasso_trace_5.txt,TERMINATING,0.58,88.47,58.00,UNKNOWN,7,2,9,Affine template
CP26_BENCHMARK_FINAL/BENCHMARK_SIMPLE_C_BPL/TERM_LASSO//lasso_traces_ArraysWithLenghtAtDeclaration.c_9.bpl/lasso_trace_2.txt,TERMINATING,1.91,121.02,39.00,TERMINATING,1,3,4,Affine template / Affine template
CP26_BENCHMARK_FINAL/BENCHMARK_SIMPLE_C_BPL/TERM_LASSO//lasso_traces_ArraysWithLenghtAtDeclaration.c_9.bpl/lasso_trace_4.txt,TERMINATING,0.91,90.23,46.00,TERMINATING,5,4,9,Affine template / Affine template
CP26_BENCHMARK_FINAL/BENCHMARK_SIMPLE_C_BPL/TERM_LASSO//lasso_traces_ArraysWithLenghtAtDeclaration.c_9.bpl/lasso_trace_5.txt,TERMINATING,0.61,96.14,53.00,UNKNOWN,6,1,7,Affine template
CP26_BENCHMARK_FINAL/BENCHMARK_SIMPLE_C_BPL/TERM_LASSO//lasso_traces_ArraysWithLenghtAtDeclaration-read.c_11.bpl/lasso_trace_3.txt,TERMINATING,1.89,103.80,43.00,TERMINATING,1,4,5,Affine template / Affine template
CP26_BENCHMARK_FINAL/BENCHMARK_SIMPLE_C_BPL/TERM_LASSO//lasso_traces_ArraysWithLenghtAtDeclaration-read.c_11.bpl/lasso_trace_5.txt,TERMINATING,0.56,100.72,45.00,TERMINATING,6,5,11,Affine template / Affine template
CP26_BENCHMARK_FINAL/BENCHMARK_SIMPLE_C_BPL/TERM_LASSO//lasso_traces_ArraysWithLenghtAtDeclaration-read.c_11.bpl/lasso_trace_6.txt,TERMINATING,0.58,93.26,54.00,UNKNOWN,7,1,8,Affine template
CP26_BENCHMARK_FINAL/BENCHMARK_SIMPLE_C_BPL/TERM_LASSO//lasso_traces_ArraysWithLenghtAtDeclaration-read.c_12.bpl/lasso_trace_3.txt,TERMINATING,2.18,117.00,39.00,TERMINATING,1,6,7,Affine template / Affine template
CP26_BENCHMARK_FINAL/BENCHMARK_SIMPLE_C_BPL/TERM_LASSO//lasso_traces_ArraysWithLenghtAtDeclaration-read.c_12.bpl/lasso_trace_5.txt,TERMINATING,0.65,133.16,41.00,TERMINATING,8,8,16,Affine template / Affine template
CP26_BENCHMARK_FINAL/BENCHMARK_SIMPLE_C_BPL/TERM_LASSO//lasso_traces_ArraysWithLenghtAtDeclaration-read.c_13.bpl/lasso_trace_3.txt,TERMINATING,1.94,102.51,38.00,TERMINATING,1,5,6,Affine template / Affine template
CP26_BENCHMARK_FINAL/BENCHMARK_SIMPLE_C_BPL/TERM_LASSO//lasso_traces_ArraysWithLenghtAtDeclaration-read.c_13.bpl/lasso_trace_5.txt,TERMINATING,0.50,129.82,41.00,TERMINATING,7,6,13,Affine template / Affine template
CP26_BENCHMARK_FINAL/BENCHMARK_SIMPLE_C_BPL/TERM_LASSO//lasso_traces_ArraysWithLenghtAtDeclaration-read.c_13.bpl/lasso_trace_6.txt,TERMINATING,0.57,86.43,64.00,UNKNOWN,8,1,9,Affine template
CP26_BENCHMARK_FINAL/BENCHMARK_SIMPLE_C_BPL/TERM_LASSO//lasso_traces_ArraysWithLenghtAtDeclaration-read.c_6.bpl/lasso_trace_1.txt,TERMINATING,2.40,119.64,40.00,UNKNOWN,1,2,3,Affine template
CP26_BENCHMARK_FINAL/BENCHMARK_SIMPLE_C_BPL/TERM_LASSO//lasso_traces_ArraysWithLenghtAtDeclaration-read.c_7.bpl/lasso_trace_1.txt,TERMINATING,2.40,133.77,45.00,UNKNOWN,1,1,2,Affine template
CP26_BENCHMARK_FINAL/BENCHMARK_SIMPLE_C_BPL/TERM_LASSO//lasso_traces_ArraysWithLenghtAtDeclaration-write.c_8.bpl/lasso_trace_1.txt,TERMINATING,3.47,99.83,40.00,UNKNOWN,1,2,3,Affine template
CP26_BENCHMARK_FINAL/BENCHMARK_SIMPLE_C_BPL/TERM_LASSO//lasso_traces_ArraysWithLenghtAtDeclaration-write.c_9.bpl/lasso_trace_1.txt,TERMINATING,2.44,109.88,46.00,UNKNOWN,1,1,2,Affine template
CP26_BENCHMARK_FINAL/BENCHMARK_SIMPLE_C_BPL/TERM_LASSO//lasso_traces_ATVA2013-array-int.bpl/lasso_trace_1.txt,TERMINATING,2.10,49.56,4.00,TERMINATING,1,1,2,Affine template / Affine template
CP26_BENCHMARK_FINAL/BENCHMARK_SIMPLE_C_BPL/TERM_LASSO//lasso_traces_ATVA2013-bound-int.bpl/lasso_trace_1.txt,TERMINATING,1.93,50.45,5.00,TERMINATING,1,1,2,Affine template / Affine template
CP26_BENCHMARK_FINAL/BENCHMARK_SIMPLE_C_BPL/TERM_LASSO//lasso_traces_ATVA2013-nonIntegral-int.bpl/lasso_trace_1.txt,TERMINATING,1.97,51.69,5.00,TERMINATING,1,1,2,Affine template / Affine template
CP26_BENCHMARK_FINAL/BENCHMARK_SIMPLE_C_BPL/TERM_LASSO//lasso_traces_ATVA2013-wild-int.bpl/lasso_trace_1.txt,TERMINATING,1.70,44.35,5.00,TERMINATING,1,1,2,Affine template / Affine template
CP26_BENCHMARK_FINAL/BENCHMARK_SIMPLE_C_BPL/TERM_LASSO//lasso_traces_ATVA2013-yPositive-int.bpl/lasso_trace_1.txt,TERMINATING,1.90,43.44,5.00,TERMINATING,1,1,2,Affine template / Affine template
CP26_BENCHMARK_FINAL/BENCHMARK_SIMPLE_C_BPL/TERM_LASSO//lasso_traces_Avg.bpl/lasso_trace_1.txt,TERMINATING,1.56,63.66,8.00,TERMINATING,0,3,3,Affine template / Affine template
CP26_BENCHMARK_FINAL/BENCHMARK_SIMPLE_C_BPL/TERM_LASSO//lasso_traces_Avg.bpl/lasso_trace_2.txt,TERMINATING,0.45,51.85,13.00,TERMINATING,2,4,6,Affine template / Affine template
CP26_BENCHMARK_FINAL/BENCHMARK_SIMPLE_C_BPL/TERM_LASSO//lasso_traces_Bangalore3.bpl/lasso_trace_1.txt,TERMINATING,1.87,51.78,5.00,TERMINATING,1,1,2,Affine template / Affine template
CP26_BENCHMARK_FINAL/BENCHMARK_SIMPLE_C_BPL/TERM_LASSO//lasso_traces_Bangalore.bpl/lasso_trace_1.txt,TERMINATING,1.89,57.97,4.00,TERMINATING,1,1,2,Affine template / Affine template
CP26_BENCHMARK_FINAL/BENCHMARK_SIMPLE_C_BPL/TERM_LASSO//lasso_traces_Benghazi.bpl/lasso_trace_1.txt,TERMINATING,2.39,46.38,9.00,TERMINATING,1,1,2,Affine template / Affine template
CP26_BENCHMARK_FINAL/BENCHMARK_SIMPLE_C_BPL/TERM_LASSO//lasso_traces_Betim-Fig3.2-Safe.bpl/lasso_trace_1.txt,TERMINATING,2.18,48.86,4.00,TERMINATING,1,1,2,Affine template / Affine template
CP26_BENCHMARK_FINAL/BENCHMARK_SIMPLE_C_BPL/TERM_LASSO//lasso_traces_BeyerHenzingerMajumdarRybalchenko-PLDI2007-Figure4.bpl/lasso_trace_1.txt,TERMINATING,3.88,77.93,9.00,TERMINATING,1,1,2,Affine template / Affine template
CP26_BENCHMARK_FINAL/BENCHMARK_SIMPLE_C_BPL/TERM_LASSO//lasso_traces_bhmr2007.c.i_3.bpl/lasso_trace_1.txt,TERMINATING,2.06,95.78,19.00,TERMINATING,1,1,2,Affine template / Affine template
CP26_BENCHMARK_FINAL/BENCHMARK_SIMPLE_C_BPL/TERM_LASSO//lasso_traces_bhmr2007.c.i_3.bplTransformedIcfg_BEv2_3.bpl/lasso_trace_1.txt,TERMINATING,2.17,108.76,15.00,TERMINATING,1,1,2,Affine template / Affine template
CP26_BENCHMARK_FINAL/BENCHMARK_SIMPLE_C_BPL/TERM_LASSO//lasso_traces_bhmr2007.c.i_4.bpl/lasso_trace_1.txt,TERMINATING,2.29,79.73,9.00,TERMINATING,1,1,2,Affine template / Affine template
CP26_BENCHMARK_FINAL/BENCHMARK_SIMPLE_C_BPL/TERM_LASSO//lasso_traces_bhmr2007.c.i_5.bpl/lasso_trace_1.txt,TERMINATING,2.48,151.38,24.00,TERMINATING,1,2,3,Affine template / Affine template
CP26_BENCHMARK_FINAL/BENCHMARK_SIMPLE_C_BPL/TERM_LASSO//lasso_traces_BigArray.bpl/lasso_trace_1.txt,TERMINATING,2.16,84.11,22.00,UNKNOWN,1,1,2,Affine template
CP26_BENCHMARK_FINAL/BENCHMARK_SIMPLE_C_BPL/TERM_LASSO//lasso_traces_Binomial.bpl/lasso_trace_1.txt,TERMINATING,1.66,63.88,7.00,TERMINATING,0,3,3,Affine template / Affine template
CP26_BENCHMARK_FINAL/BENCHMARK_SIMPLE_C_BPL/TERM_LASSO//lasso_traces_boogieLTL.bpl/lasso_trace_1.txt,TERMINATING,2.11,53.47,4.00,TERMINATING,1,1,2,Affine template / Affine template
CP26_BENCHMARK_FINAL/BENCHMARK_SIMPLE_C_BPL/TERM_LASSO//lasso_traces_Boulder.bpl/lasso_trace_1.txt,TERMINATING,1.87,48.15,5.00,TERMINATING,1,1,2,Affine template / Affine template
CP26_BENCHMARK_FINAL/BENCHMARK_SIMPLE_C_BPL/TERM_LASSO//lasso_traces_bound-scaled200.bpl/lasso_trace_1.txt,TERMINATING,4.15,893.15,250.00,TERMINATING,1,1,2,Affine template / Affine template
CP26_BENCHMARK_FINAL/BENCHMARK_SIMPLE_C_BPL/TERM_LASSO//lasso_traces_bound-scaled400.bpl/lasso_trace_1.txt,TERMINATING,5.11,1161.81,1004.00,TERMINATING,1,1,2,Affine template / Affine template
CP26_BENCHMARK_FINAL/BENCHMARK_SIMPLE_C_BPL/TERM_LASSO//lasso_traces_bound-scaled600.bpl/lasso_trace_1.txt,TERMINATING,7.18,2416.27,2064.00,TERMINATING,1,1,2,Affine template / Affine template
CP26_BENCHMARK_FINAL/BENCHMARK_SIMPLE_C_BPL/TERM_LASSO//lasso_traces_Break.bpl/lasso_trace_1.txt,TERMINATING,2.01,51.10,6.00,TERMINATING,1,1,2,Affine template / Affine template
CP26_BENCHMARK_FINAL/BENCHMARK_SIMPLE_C_BPL/TERM_LASSO//lasso_traces_BrockschmidtCookFuhs-CAV2013-Fig9a.bpl/lasso_trace_2.txt,TERMINATING,0.48,40.32,8.00,TERMINATING,1,3,4,Affine template / Affine template
CP26_BENCHMARK_FINAL/BENCHMARK_SIMPLE_C_BPL/TERM_LASSO//lasso_traces_BrockschmidtCookFuhs-CAV2013-Fig9a.bpl/lasso_trace_4.txt,TERMINATING,0.36,34.83,6.00,TERMINATING,6,1,7,Affine template / Affine template
CP26_BENCHMARK_FINAL/BENCHMARK_SIMPLE_C_BPL/TERM_LASSO//lasso_traces_bubblesort-alloca.i_7.bpl/lasso_trace_1.txt,TERMINATING,1.93,112.58,16.00,TERMINATING,1,2,3,Affine template / Affine template
CP26_BENCHMARK_FINAL/BENCHMARK_SIMPLE_C_BPL/TERM_LASSO//lasso_traces_bubblesort-alloca.i_8.bpl/lasso_trace_1.txt,TERMINATING,1.66,82.27,10.00,TERMINATING,1,2,3,Affine template / Affine template
CP26_BENCHMARK_FINAL/BENCHMARK_SIMPLE_C_BPL/TERM_LASSO//lasso_traces_bubblesort-alloca.i_8.bpl/lasso_trace_2.txt,TERMINATING,0.67,65.01,17.00,TERMINATING,2,2,4,Affine template / Affine template
CP26_BENCHMARK_FINAL/BENCHMARK_SIMPLE_C_BPL/TERM_LASSO//lasso_traces_bubblesort-alloca.i_8.bpl/lasso_trace_5.txt,TERMINATING,0.54,1234.32,125.00,TERMINATING,8,2,10,Affine template / Affine template
CP26_BENCHMARK_FINAL/BENCHMARK_SIMPLE_C_BPL/TERM_LASSO//lasso_traces_bug-double-call.bpl/lasso_trace_1.txt,TERMINATING,2.11,48.36,5.00,TERMINATING,2,1,3,Affine template / Affine template
CP26_BENCHMARK_FINAL/BENCHMARK_SIMPLE_C_BPL/TERM_LASSO//lasso_traces_BugInterpolantConsolidation01.bpl/lasso_trace_1.txt,TERMINATING,2.14,46.82,6.00,TERMINATING,1,2,3,Affine template / Affine template
CP26_BENCHMARK_FINAL/BENCHMARK_SIMPLE_C_BPL/TERM_LASSO//lasso_traces_BugMapElimination01-Aleppo-A.bpl/lasso_trace_1.txt,TERMINATING,2.38,81.20,25.00,TERMINATING,1,8,9,Affine template / Affine template
CP26_BENCHMARK_FINAL/BENCHMARK_SIMPLE_C_BPL/TERM_LASSO//lasso_traces_BugMapElimination01-SameAuxVarBug_simple.bpl/lasso_trace_1.txt,TERMINATING,1.92,57.61,5.00,TERMINATING,1,1,2,Affine template / Affine template
CP26_BENCHMARK_FINAL/BENCHMARK_SIMPLE_C_BPL/TERM_LASSO//lasso_traces_BugMapElimination02-StoreInIndex.bpl/lasso_trace_1.txt,TERMINATING,2.30,58.95,11.00,TERMINATING,1,1,2,Affine template / Affine template
CP26_BENCHMARK_FINAL/BENCHMARK_SIMPLE_C_BPL/TERM_LASSO//lasso_traces_BugMapElimination03-LossOfPrecision.bpl/lasso_trace_1.txt,TERMINATING,0.57,43.33,6.00,TERMINATING,2,1,3,Affine template / Affine template
CP26_BENCHMARK_FINAL/BENCHMARK_SIMPLE_C_BPL/TERM_LASSO//lasso_traces_BugMapElimination05-UnsoundnessSimple.bpl/lasso_trace_1.txt,TERMINATING,1.89,36.24,3.00,TERMINATING,1,1,2,Affine template / Affine template
CP26_BENCHMARK_FINAL/BENCHMARK_SIMPLE_C_BPL/TERM_LASSO//lasso_traces_bug-old-stmt-3.bpl/lasso_trace_1.txt,TERMINATING,3.45,54.20,5.00,TERMINATING,1,1,2,Affine template / Affine template
CP26_BENCHMARK_FINAL/BENCHMARK_SIMPLE_C_BPL/TERM_LASSO//lasso_traces_BugOldVars02.bpl/lasso_trace_1.txt,TERMINATING,3.15,56.70,6.00,TERMINATING,4,1,5,Affine template / Affine template
CP26_BENCHMARK_FINAL/BENCHMARK_SIMPLE_C_BPL/TERM_LASSO//lasso_traces_BugOldVars03.bpl/lasso_trace_1.txt,TERMINATING,3.07,68.94,9.00,TERMINATING,4,1,5,Affine template / Affine template
CP26_BENCHMARK_FINAL/BENCHMARK_SIMPLE_C_BPL/TERM_LASSO//lasso_traces_BugOldVars04.bpl/lasso_trace_1.txt,TERMINATING,2.20,50.28,7.00,TERMINATING,5,1,6,Affine template / Affine template
CP26_BENCHMARK_FINAL/BENCHMARK_SIMPLE_C_BPL/TERM_LASSO//lasso_traces_BugRewriteArrays02.bpl/lasso_trace_1.txt,TERMINATING,2.21,66.95,6.00,TERMINATING,1,1,2,Affine template / Affine template
CP26_BENCHMARK_FINAL/BENCHMARK_SIMPLE_C_BPL/TERM_LASSO//lasso_traces_BugRewriteArrays03.bpl/lasso_trace_1.txt,TERMINATING,2.15,128.54,14.00,TERMINATING,1,1,2,Affine template / Affine template
CP26_BENCHMARK_FINAL/BENCHMARK_SIMPLE_C_BPL/TERM_LASSO//lasso_traces_BugRewriteArrays04.bpl/lasso_trace_1.txt,TERMINATING,1.67,234.25,27.00,TERMINATING,1,1,2,Affine template / Affine template
CP26_BENCHMARK_FINAL/BENCHMARK_SIMPLE_C_BPL/TERM_LASSO//lasso_traces_Cairo.bpl/lasso_trace_1.txt,TERMINATING,2.17,72.33,8.00,TERMINATING,1,1,2,Affine template / Affine template
CP26_BENCHMARK_FINAL/BENCHMARK_SIMPLE_C_BPL/TERM_LASSO//lasso_traces_CallIrregular.bpl/lasso_trace_1.txt,TERMINATING,1.74,28.88,7.00,TERMINATING,0,4,4,Affine template / Affine template
CP26_BENCHMARK_FINAL/BENCHMARK_SIMPLE_C_BPL/TERM_LASSO//lasso_traces_CallIrregular.bpl/lasso_trace_2.txt,TERMINATING,0.34,18.09,7.00,TERMINATING,0,2,2,Affine template / Affine template
CP26_BENCHMARK_FINAL/BENCHMARK_SIMPLE_C_BPL/TERM_LASSO//lasso_traces_CallIrregular.bpl/lasso_trace_3.txt,TERMINATING,0.46,42.02,8.00,TERMINATING,1,4,5,Affine template / Affine template
CP26_BENCHMARK_FINAL/BENCHMARK_SIMPLE_C_BPL/TERM_LASSO//lasso_traces_CallIrregular.bpl/lasso_trace_4.txt,TERMINATING,0.31,39.46,8.00,TERMINATING,1,4,5,Affine template / Affine template
CP26_BENCHMARK_FINAL/BENCHMARK_SIMPLE_C_BPL/TERM_LASSO//lasso_traces_CallIrregular.bpl/lasso_trace_5.txt,TERMINATING,0.31,41.78,9.00,TERMINATING,2,6,8,Affine template / Affine template
CP26_BENCHMARK_FINAL/BENCHMARK_SIMPLE_C_BPL/TERM_LASSO//lasso_traces_CallIrregular.bpl/lasso_trace_6.txt,TERMINATING,0.35,38.26,9.00,TERMINATING,3,2,5,Affine template / Affine template
CP26_BENCHMARK_FINAL/BENCHMARK_SIMPLE_C_BPL/TERM_LASSO//lasso_traces_CallIrregular.bpl/lasso_trace_7.txt,TERMINATING,0.44,35.83,9.00,TERMINATING,8,6,14,Affine template / Affine template
CP26_BENCHMARK_FINAL/BENCHMARK_SIMPLE_C_BPL/TERM_LASSO//lasso_traces_CallIrregular.bpl/lasso_trace_8.txt,TERMINATING,0.32,39.19,8.00,TERMINATING,7,2,9,Affine template / Affine template
CP26_BENCHMARK_FINAL/BENCHMARK_SIMPLE_C_BPL/TERM_LASSO//lasso_traces_CallIrregular_incorrect.bpl/lasso_trace_1.txt,TERMINATING,1.72,30.24,7.00,TERMINATING,0,4,4,Affine template / Affine template
CP26_BENCHMARK_FINAL/BENCHMARK_SIMPLE_C_BPL/TERM_LASSO//lasso_traces_CallIrregular_incorrect.bpl/lasso_trace_2.txt,TERMINATING,0.31,18.21,6.00,TERMINATING,0,2,2,Affine template / Affine template
CP26_BENCHMARK_FINAL/BENCHMARK_SIMPLE_C_BPL/TERM_LASSO//lasso_traces_CallIrregular_incorrect.bpl/lasso_trace_3.txt,TERMINATING,0.47,40.21,8.00,TERMINATING,1,4,5,Affine template / Affine template
CP26_BENCHMARK_FINAL/BENCHMARK_SIMPLE_C_BPL/TERM_LASSO//lasso_traces_CallIrregular_incorrect.bpl/lasso_trace_4.txt,TERMINATING,0.31,39.33,8.00,TERMINATING,1,4,5,Affine template / Affine template
CP26_BENCHMARK_FINAL/BENCHMARK_SIMPLE_C_BPL/TERM_LASSO//lasso_traces_CallIrregular_incorrect.bpl/lasso_trace_5.txt,TERMINATING,0.37,40.39,9.00,TERMINATING,2,6,8,Affine template / Affine template
CP26_BENCHMARK_FINAL/BENCHMARK_SIMPLE_C_BPL/TERM_LASSO//lasso_traces_CallIrregular_incorrect.bpl/lasso_trace_6.txt,TERMINATING,0.35,38.39,9.00,TERMINATING,3,2,5,Affine template / Affine template
CP26_BENCHMARK_FINAL/BENCHMARK_SIMPLE_C_BPL/TERM_LASSO//lasso_traces_CallIrregular_incorrect.bpl/lasso_trace_7.txt,TERMINATING,0.38,36.51,9.00,TERMINATING,8,6,14,Affine template / Affine template
CP26_BENCHMARK_FINAL/BENCHMARK_SIMPLE_C_BPL/TERM_LASSO//lasso_traces_CallIrregular_incorrect.bpl/lasso_trace_8.txt,TERMINATING,0.31,37.74,8.00,TERMINATING,7,2,9,Affine template / Affine template
CP26_BENCHMARK_FINAL/BENCHMARK_SIMPLE_C_BPL/TERM_LASSO//lasso_traces_CallReturn.bpl/lasso_trace_1.txt,TERMINATING,1.78,32.84,4.00,TERMINATING,0,2,2,Affine template / Affine template
CP26_BENCHMARK_FINAL/BENCHMARK_SIMPLE_C_BPL/TERM_LASSO//lasso_traces_CallReturn.bpl/lasso_trace_2.txt,TERMINATING,0.54,40.24,7.00,TERMINATING,2,2,4,Affine template / Affine template
CP26_BENCHMARK_FINAL/BENCHMARK_SIMPLE_C_BPL/TERM_LASSO//lasso_traces_cggmp2005b.c.i_4.bpl/lasso_trace_2.txt,TERMINATING,0.49,37.69,6.00,TERMINATING,3,1,4,Affine template / Affine template
CP26_BENCHMARK_FINAL/BENCHMARK_SIMPLE_C_BPL/TERM_LASSO//lasso_traces_cggmp2005.c.i_3.bpl/lasso_trace_1.txt,TERMINATING,4.37,55.39,6.00,TERMINATING,1,1,2,Affine template / Affine template
CP26_BENCHMARK_FINAL/BENCHMARK_SIMPLE_C_BPL/TERM_LASSO//lasso_traces_cggmp2005.c.i_3.bplTransformedIcfg_BEv2_2.bpl/lasso_trace_1.txt,TERMINATING,3.96,58.16,6.00,TERMINATING,1,1,2,Affine template / Affine template
CP26_BENCHMARK_FINAL/BENCHMARK_SIMPLE_C_BPL/TERM_LASSO//lasso_traces_cggmp2005_variant.c.i_3.bpl/lasso_trace_1.txt,TERMINATING,2.55,65.02,9.00,TERMINATING,1,1,2,Affine template / Affine template
CP26_BENCHMARK_FINAL/BENCHMARK_SIMPLE_C_BPL/TERM_LASSO//lasso_traces_cggmp2005_variant.c.i_3.bplTransformedIcfg_BEv2_3.bpl/lasso_trace_1.txt,TERMINATING,2.57,52.65,8.00,TERMINATING,1,1,2,Affine template / Affine template
CP26_BENCHMARK_FINAL/BENCHMARK_SIMPLE_C_BPL/TERM_LASSO//lasso_traces_ChenFlurMukhopadhyay-2012SAS-Fig1.bpl/lasso_trace_1.txt,TERMINATING,2.06,113.82,17.00,UNKNOWN,0,1,1,3 template
CP26_BENCHMARK_FINAL/BENCHMARK_SIMPLE_C_BPL/TERM_LASSO//lasso_traces_ChoirNightTrezor03.bpl/lasso_trace_1.txt,TERMINATING,2.11,113.68,10.00,TERMINATING,1,1,2,Affine template / Affine template
CP26_BENCHMARK_FINAL/BENCHMARK_SIMPLE_C_BPL/TERM_LASSO//lasso_traces_codeblockAssertOrder01.bpl/lasso_trace_1.txt,TERMINATING,2.12,45.70,5.00,TERMINATING,1,1,2,Affine template / Affine template
CP26_BENCHMARK_FINAL/BENCHMARK_SIMPLE_C_BPL/TERM_LASSO//lasso_traces_codeblockAssertOrder02.bpl/lasso_trace_1.txt,TERMINATING,3.77,49.82,6.00,TERMINATING,1,1,2,Affine template / Affine template
CP26_BENCHMARK_FINAL/BENCHMARK_SIMPLE_C_BPL/TERM_LASSO//lasso_traces_concurrent_FiveToOne_nonterminating.bpl/lasso_trace_1.txt,TERMINATING,2.21,45.35,6.00,TERMINATING,2,2,4,Affine template / Affine template
CP26_BENCHMARK_FINAL/BENCHMARK_SIMPLE_C_BPL/TERM_LASSO//lasso_traces_concurrent_increment.bpl/lasso_trace_1.txt,TERMINATING,2.21,48.18,6.00,TERMINATING,3,3,6,Affine template / Affine template
CP26_BENCHMARK_FINAL/BENCHMARK_SIMPLE_C_BPL/TERM_LASSO//lasso_traces_concurrent_increment.bpl/lasso_trace_2.txt,TERMINATING,0.56,47.36,7.00,TERMINATING,4,3,7,Affine template / Affine template
CP26_BENCHMARK_FINAL/BENCHMARK_SIMPLE_C_BPL/TERM_LASSO//lasso_traces_concurrent_increment_nonterminating2.bpl/lasso_trace_2.txt,TERMINATING,0.55,41.81,6.00,TERMINATING,4,2,6,Affine template / Affine template
CP26_BENCHMARK_FINAL/BENCHMARK_SIMPLE_C_BPL/TERM_LASSO//lasso_traces_concurrent_increment_nonterminating2.bpl/lasso_trace_4.txt,TERMINATING,0.37,32.40,5.00,TERMINATING,9,2,11,Affine template / Affine template
CP26_BENCHMARK_FINAL/BENCHMARK_SIMPLE_C_BPL/TERM_LASSO//lasso_traces_concurrent_increment_nonterminating.bpl/lasso_trace_1.txt,TERMINATING,2.05,54.74,4.00,TERMINATING,2,2,4,Affine template / Affine template
CP26_BENCHMARK_FINAL/BENCHMARK_SIMPLE_C_BPL/TERM_LASSO//lasso_traces_concurrent_increment_nonterminating.bpl/lasso_trace_3.txt,TERMINATING,0.48,34.14,5.00,TERMINATING,6,2,8,Affine template / Affine template
CP26_BENCHMARK_FINAL/BENCHMARK_SIMPLE_C_BPL/TERM_LASSO//lasso_traces_concurrent_increment_nonterminating.bpl/lasso_trace_4.txt,TERMINATING,0.33,35.19,6.00,TERMINATING,7,2,9,Affine template / Affine template
CP26_BENCHMARK_FINAL/BENCHMARK_SIMPLE_C_BPL/TERM_LASSO//lasso_traces_concurrent_mult.bpl/lasso_trace_1.txt,TERMINATING,2.49,70.21,6.00,TERMINATING,5,3,8,Affine template / Affine template
CP26_BENCHMARK_FINAL/BENCHMARK_SIMPLE_C_BPL/TERM_LASSO//lasso_traces_concurrent_mult.bpl/lasso_trace_2.txt,TERMINATING,0.80,50.45,9.00,TERMINATING,6,3,9,Affine template / Affine template
CP26_BENCHMARK_FINAL/BENCHMARK_SIMPLE_C_BPL/TERM_LASSO//lasso_traces_concurrent_terminating.bpl/lasso_trace_1.txt,TERMINATING,2.05,48.37,4.00,TERMINATING,1,2,3,Affine template / Affine template
CP26_BENCHMARK_FINAL/BENCHMARK_SIMPLE_C_BPL/TERM_LASSO//lasso_traces_concurrent_terminating.bpl/lasso_trace_2.txt,TERMINATING,0.48,42.14,4.00,TERMINATING,2,2,4,Affine template / Affine template
CP26_BENCHMARK_FINAL/BENCHMARK_SIMPLE_C_BPL/TERM_LASSO//lasso_traces_concurrent_ThreeThreadsAlternating_nonterminating.bpl/lasso_trace_1.txt,TERMINATING,1.84,53.10,8.00,TERMINATING,2,2,4,Affine template / Affine template
CP26_BENCHMARK_FINAL/BENCHMARK_SIMPLE_C_BPL/TERM_LASSO//lasso_traces_concurrent_ThreeThreadsAlternating_nonterminating.bpl/lasso_trace_3.txt,TERMINATING,0.37,35.30,6.00,TERMINATING,6,2,8,Affine template / Affine template
CP26_BENCHMARK_FINAL/BENCHMARK_SIMPLE_C_BPL/TERM_LASSO//lasso_traces_concurrent_TwoOne_nonterminating.bpl/lasso_trace_1.txt,TERMINATING,2.32,49.46,5.00,TERMINATING,2,2,4,Affine template / Affine template
CP26_BENCHMARK_FINAL/BENCHMARK_SIMPLE_C_BPL/TERM_LASSO//lasso_traces_const1.i_3.bplTransformedIcfg_BEv2_6.bpl/lasso_trace_1.txt,TERMINATING,2.10,50.02,7.00,TERMINATING,1,1,2,Affine template / Affine template
CP26_BENCHMARK_FINAL/BENCHMARK_SIMPLE_C_BPL/TERM_LASSO//lasso_traces_Continue1.bpl/lasso_trace_1.txt,TERMINATING,1.90,49.60,6.00,TERMINATING,1,1,2,Affine template / Affine template
CP26_BENCHMARK_FINAL/BENCHMARK_SIMPLE_C_BPL/TERM_LASSO//lasso_traces_cook.bpl/lasso_trace_1.txt,TERMINATING,1.83,49.78,4.00,TERMINATING,1,1,2,Affine template / Affine template
CP26_BENCHMARK_FINAL/BENCHMARK_SIMPLE_C_BPL/TERM_LASSO//lasso_traces_CookSeeZuleger-2013TACAS-Fig3.bpl/lasso_trace_1.txt,TERMINATING,2.19,769.04,19.00,UNKNOWN,0,1,1,2 template
CP26_BENCHMARK_FINAL/BENCHMARK_SIMPLE_C_BPL/TERM_LASSO//lasso_traces_CookSeeZuleger-2013TACAS-Fig7a.bpl/lasso_trace_1.txt,TERMINATING,2.03,895.52,21.00,UNKNOWN,0,1,1,2 template
CP26_BENCHMARK_FINAL/BENCHMARK_SIMPLE_C_BPL/TERM_LASSO//lasso_traces_CookSeeZuleger-2013TACAS-Fig7b.bpl/lasso_trace_1.txt,TERMINATING,1.94,1416.99,24.00,UNKNOWN,0,1,1,3 template
CP26_BENCHMARK_FINAL/BENCHMARK_SIMPLE_C_BPL/TERM_LASSO//lasso_traces_CooperatingT2_consts1.bpl/lasso_trace_1.txt,TERMINATING,1.97,68.79,8.00,TERMINATING,1,1,2,Affine template / Affine template
CP26_BENCHMARK_FINAL/BENCHMARK_SIMPLE_C_BPL/TERM_LASSO//lasso_traces_Copenhagen.bpl/lasso_trace_1.txt,TERMINATING,2.10,29.27,5.00,TERMINATING,0,1,1,Affine template / Affine template
CP26_BENCHMARK_FINAL/BENCHMARK_SIMPLE_C_BPL/TERM_LASSO//lasso_traces_CopenhagenWithTmp.bpl/lasso_trace_1.txt,TERMINATING,1.88,30.01,5.00,TERMINATING,0,1,1,Affine template / Affine template
CP26_BENCHMARK_FINAL/BENCHMARK_SIMPLE_C_BPL/TERM_LASSO//lasso_traces_CopenhagenYis0.bpl/lasso_trace_1.txt,TERMINATING,2.23,28.57,5.00,TERMINATING,0,1,1,Affine template / Affine template
CP26_BENCHMARK_FINAL/BENCHMARK_SIMPLE_C_BPL/TERM_LASSO//lasso_traces_costa09-example_1.bpl/lasso_trace_1.txt,TERMINATING,9.02,132.45,23.00,TERMINATING,1,5,6,Affine template / Affine template
CP26_BENCHMARK_FINAL/BENCHMARK_SIMPLE_C_BPL/TERM_LASSO//lasso_traces_CostaDouble.bpl/lasso_trace_1.txt,TERMINATING,1.81,31.73,3.00,TERMINATING,0,3,3,Affine template / Affine template
CP26_BENCHMARK_FINAL/BENCHMARK_SIMPLE_C_BPL/TERM_LASSO//lasso_traces_CostaDouble.bpl/lasso_trace_3.txt,TERMINATING,0.30,31.42,6.00,TERMINATING,6,12,18,Affine template / Affine template
CP26_BENCHMARK_FINAL/BENCHMARK_SIMPLE_C_BPL/TERM_LASSO//lasso_traces_count0-countEven-sample-abs.bpl/lasso_trace_1.txt,TERMINATING,5.51,89.44,9.00,TERMINATING,3,3,6,Affine template / Affine template
CP26_BENCHMARK_FINAL/BENCHMARK_SIMPLE_C_BPL/TERM_LASSO//lasso_traces_count_by_1.i_3.bpl/lasso_trace_1.txt,TERMINATING,2.01,48.94,5.00,TERMINATING,1,1,2,Affine template / Affine template
CP26_BENCHMARK_FINAL/BENCHMARK_SIMPLE_C_BPL/TERM_LASSO//lasso_traces_count_by_1_variant.i_2.bpl/lasso_trace_1.txt,TERMINATING,3.14,46.81,5.00,TERMINATING,1,2,3,Affine template / Affine template
CP26_BENCHMARK_FINAL/BENCHMARK_SIMPLE_C_BPL/TERM_LASSO//lasso_traces_count_by_1_variant.i_2.bplTransformedIcfg_BEv2_3.bpl/lasso_trace_1.txt,TERMINATING,3.28,50.67,5.00,TERMINATING,1,2,3,Affine template / Affine template
CP26_BENCHMARK_FINAL/BENCHMARK_SIMPLE_C_BPL/TERM_LASSO//lasso_traces_count_by_2.i_3.bpl/lasso_trace_1.txt,TERMINATING,1.87,54.31,5.00,TERMINATING,1,1,2,Affine template / Affine template
CP26_BENCHMARK_FINAL/BENCHMARK_SIMPLE_C_BPL/TERM_LASSO//lasso_traces_count_by_2.i_3.bplTransformedIcfg_BEv2_3.bpl/lasso_trace_1.txt,TERMINATING,1.86,49.38,4.00,TERMINATING,1,1,2,Affine template / Affine template
CP26_BENCHMARK_FINAL/BENCHMARK_SIMPLE_C_BPL/TERM_LASSO//lasso_traces_count_by_k.i_3.bpl/lasso_trace_1.txt,TERMINATING,0.52,38.53,7.00,TERMINATING,2,1,3,Affine template / Affine template
CP26_BENCHMARK_FINAL/BENCHMARK_SIMPLE_C_BPL/TERM_LASSO//lasso_traces_count_by_k.i_3.bplTransformedIcfg_BEv2_3.bpl/lasso_trace_1.txt,TERMINATING,0.56,39.78,7.00,TERMINATING,2,1,3,Affine template / Affine template
CP26_BENCHMARK_FINAL/BENCHMARK_SIMPLE_C_BPL/TERM_LASSO//lasso_traces_count_by_nondet.i_3.bpl/lasso_trace_1.txt,TERMINATING,2.18,50.76,6.00,TERMINATING,1,1,2,Affine template / Affine template
CP26_BENCHMARK_FINAL/BENCHMARK_SIMPLE_C_BPL/TERM_LASSO//lasso_traces_count_by_nondet.i_3.bplTransformedIcfg_BEv2_3.bpl/lasso_trace_1.txt,TERMINATING,2.00,55.44,6.00,TERMINATING,1,1,2,Affine template / Affine template
CP26_BENCHMARK_FINAL/BENCHMARK_SIMPLE_C_BPL/TERM_LASSO//lasso_traces_count_down-alloca.i_6.bpl/lasso_trace_1.txt,TERMINATING,1.81,81.81,14.00,TERMINATING,1,1,2,Affine template / Affine template
CP26_BENCHMARK_FINAL/BENCHMARK_SIMPLE_C_BPL/TERM_LASSO//lasso_traces_count_down-alloca.i_7.bpl/lasso_trace_1.txt,TERMINATING,6.70,89.13,15.00,TERMINATING,1,2,3,Affine template / Affine template
CP26_BENCHMARK_FINAL/BENCHMARK_SIMPLE_C_BPL/TERM_LASSO//lasso_traces_count_down-alloca.i_8.bpl/lasso_trace_1.txt,TERMINATING,2.24,91.82,15.00,TERMINATING,1,1,2,Affine template / Affine template
CP26_BENCHMARK_FINAL/BENCHMARK_SIMPLE_C_BPL/TERM_LASSO//lasso_traces_count_down-alloca.i_8.bpl/lasso_trace_3.txt,TERMINATING,0.66,139.83,33.00,TERMINATING,3,2,5,Affine template / Affine template
CP26_BENCHMARK_FINAL/BENCHMARK_SIMPLE_C_BPL/TERM_LASSO//lasso_traces_CounterLoop-nBit.bpl/lasso_trace_1.txt,TERMINATING,1.98,62.61,19.00,UNKNOWN,1,1,2,Affine template
CP26_BENCHMARK_FINAL/BENCHMARK_SIMPLE_C_BPL/TERM_LASSO//lasso_traces_CountTillBound-Downwards.bpl/lasso_trace_1.txt,TERMINATING,2.09,49.34,4.00,TERMINATING,1,1,2,Affine template / Affine template
CP26_BENCHMARK_FINAL/BENCHMARK_SIMPLE_C_BPL/TERM_LASSO//lasso_traces_CountTillBound-Jupiter.bpl/lasso_trace_1.txt,TERMINATING,4.20,48.55,6.00,TERMINATING,1,2,3,Affine template / Affine template
CP26_BENCHMARK_FINAL/BENCHMARK_SIMPLE_C_BPL/TERM_LASSO//lasso_traces_CountTillBound-Loop-2.bpl/lasso_trace_1.txt,TERMINATING,3.76,50.57,7.00,TERMINATING,1,2,3,Affine template / Affine template
CP26_BENCHMARK_FINAL/BENCHMARK_SIMPLE_C_BPL/TERM_LASSO//lasso_traces_CountTillBound-Loop.bpl/lasso_trace_1.txt,TERMINATING,1.86,44.51,5.00,TERMINATING,1,1,2,Affine template / Affine template
CP26_BENCHMARK_FINAL/BENCHMARK_SIMPLE_C_BPL/TERM_LASSO//lasso_traces_CountTillBound-LoopWithConst.bpl/lasso_trace_1.txt,TERMINATING,1.93,54.85,4.00,TERMINATING,1,1,2,Affine template / Affine template
CP26_BENCHMARK_FINAL/BENCHMARK_SIMPLE_C_BPL/TERM_LASSO//lasso_traces_CountTillBound-LoopWithConst_noAxiom.bpl/lasso_trace_1.txt,TERMINATING,1.86,53.63,4.00,TERMINATING,1,1,2,Affine template / Affine template
CP26_BENCHMARK_FINAL/BENCHMARK_SIMPLE_C_BPL/TERM_LASSO//lasso_traces_CountTillBound-Recursion.bpl/lasso_trace_1.txt,TERMINATING,2.20,27.46,6.00,TERMINATING,0,2,2,Affine template / Affine template
CP26_BENCHMARK_FINAL/BENCHMARK_SIMPLE_C_BPL/TERM_LASSO//lasso_traces_count_up_down.i_3.bplTransformedIcfg_BEv2_7.bpl/lasso_trace_1.txt,TERMINATING,2.05,68.86,8.00,TERMINATING,1,1,2,Affine template / Affine template
CP26_BENCHMARK_FINAL/BENCHMARK_SIMPLE_C_BPL/TERM_LASSO//lasso_traces_CPS1-1617-Sheet03-Exercise03.bpl/lasso_trace_1.txt,TERMINATING,2.07,46.01,5.00,TERMINATING,1,1,2,Affine template / Affine template
CP26_BENCHMARK_FINAL/BENCHMARK_SIMPLE_C_BPL/TERM_LASSO//lasso_traces_CPS1-1617-Sheet03-Exercise03.bpl/lasso_trace_2.txt,TERMINATING,0.37,34.13,7.00,TERMINATING,1,1,2,Affine template / Affine template
CP26_BENCHMARK_FINAL/BENCHMARK_SIMPLE_C_BPL/TERM_LASSO//lasso_traces_CPS1-1617-Sheet03-Exercise03.bpl/lasso_trace_3.txt,TERMINATING,0.43,30.78,6.00,TERMINATING,1,1,2,Affine template / Affine template
CP26_BENCHMARK_FINAL/BENCHMARK_SIMPLE_C_BPL/TERM_LASSO//lasso_traces_cstrcat-alloca.i_10.bpl/lasso_trace_1.txt,TERMINATING,1.92,172.76,44.00,TERMINATING,1,2,3,Affine template / Affine template
CP26_BENCHMARK_FINAL/BENCHMARK_SIMPLE_C_BPL/TERM_LASSO//lasso_traces_cstrcat-alloca.i_8.bpl/lasso_trace_1.txt,TERMINATING,1.95,184.79,45.00,TERMINATING,1,2,3,Affine template / Affine template
CP26_BENCHMARK_FINAL/BENCHMARK_SIMPLE_C_BPL/TERM_LASSO//lasso_traces_cstrcpy-alloca.i_10.bpl/lasso_trace_1.txt,TERMINATING,2.04,2050.99,136.00,TERMINATING,1,2,3,Affine template / Affine template
CP26_BENCHMARK_FINAL/BENCHMARK_SIMPLE_C_BPL/TERM_LASSO//lasso_traces_cstrcpy-alloca.i_8.bpl/lasso_trace_1.txt,TERMINATING,3.15,2182.43,137.00,TERMINATING,1,2,3,Affine template / Affine template
CP26_BENCHMARK_FINAL/BENCHMARK_SIMPLE_C_BPL/TERM_LASSO//lasso_traces_cstrlen-alloca.i_5.bpl/lasso_trace_1.txt,TERMINATING,2.34,1221.70,89.00,TERMINATING,1,2,3,Affine template / Affine template
CP26_BENCHMARK_FINAL/BENCHMARK_SIMPLE_C_BPL/TERM_LASSO//lasso_traces_cstrlen-alloca.i_6.bpl/lasso_trace_1.txt,TERMINATING,2.40,1028.82,88.00,TERMINATING,1,2,3,Affine template / Affine template
CP26_BENCHMARK_FINAL/BENCHMARK_SIMPLE_C_BPL/TERM_LASSO//lasso_traces_cstrncat-alloca.i_10.bpl/lasso_trace_1.txt,TERMINATING,1.92,223.02,47.00,TERMINATING,1,2,3,Affine template / Affine template
CP26_BENCHMARK_FINAL/BENCHMARK_SIMPLE_C_BPL/TERM_LASSO//lasso_traces_cstrncat-alloca.i_8.bpl/lasso_trace_1.txt,TERMINATING,2.36,196.96,52.00,TERMINATING,1,2,3,Affine template / Affine template
CP26_BENCHMARK_FINAL/BENCHMARK_SIMPLE_C_BPL/TERM_LASSO//lasso_traces_Damaskus.bpl/lasso_trace_1.txt,TERMINATING,1.94,70.82,7.00,TERMINATING,1,1,2,Affine template / Affine template
CP26_BENCHMARK_FINAL/BENCHMARK_SIMPLE_C_BPL/TERM_LASSO//lasso_traces_DDDUJD.bpl/lasso_trace_1.txt,TERMINATING,2.04,92.77,10.00,TERMINATING,1,1,2,Affine template / Affine template
CP26_BENCHMARK_FINAL/BENCHMARK_SIMPLE_C_BPL/TERM_LASSO//lasso_traces_ddlm2013.i_3.bplTransformedIcfg_BEv2_8.bpl/lasso_trace_1.txt,TERMINATING,2.36,142.90,19.00,TERMINATING,1,2,3,Affine template / Affine template
CP26_BENCHMARK_FINAL/BENCHMARK_SIMPLE_C_BPL/TERM_LASSO//lasso_traces_DDLUJD.bpl/lasso_trace_1.txt,TERMINATING,2.02,83.18,10.00,TERMINATING,1,1,2,Affine template / Affine template
CP26_BENCHMARK_FINAL/BENCHMARK_SIMPLE_C_BPL/TERM_LASSO//lasso_traces_DDRUJD.bpl/lasso_trace_1.txt,TERMINATING,1.74,103.32,13.00,TERMINATING,1,1,2,Affine template / Affine template
CP26_BENCHMARK_FINAL/BENCHMARK_SIMPLE_C_BPL/TERM_LASSO//lasso_traces_DDRUJL.bpl/lasso_trace_1.txt,TERMINATING,2.45,18245.08,43.00,TERMINATING,1,1,2,2 template / Affine template
CP26_BENCHMARK_FINAL/BENCHMARK_SIMPLE_C_BPL/TERM_LASSO//lasso_traces_DDTUJD.bpl/lasso_trace_2.txt,TERMINATING,2.18,84.96,11.00,TERMINATING,2,1,3,Affine template / Affine template
CP26_BENCHMARK_FINAL/BENCHMARK_SIMPLE_C_BPL/TERM_LASSO//lasso_traces_DDUJD.bpl/lasso_trace_1.txt,TERMINATING,3.48,88.55,11.00,TERMINATING,1,1,2,Affine template / Affine template
CP26_BENCHMARK_FINAL/BENCHMARK_SIMPLE_C_BPL/TERM_LASSO//lasso_traces_DDUJDD.bpl/lasso_trace_1.txt,TERMINATING,2.29,142.34,15.00,TERMINATING,1,1,2,Affine template / Affine template
CP26_BENCHMARK_FINAL/BENCHMARK_SIMPLE_C_BPL/TERM_LASSO//lasso_traces_DDUJDJ.bpl/lasso_trace_1.txt,TERMINATING,2.31,81.75,10.00,TERMINATING,1,2,3,Affine template / Affine template
CP26_BENCHMARK_FINAL/BENCHMARK_SIMPLE_C_BPL/TERM_LASSO//lasso_traces_DDUJDL.bpl/lasso_trace_1.txt,TERMINATING,1.90,84.57,11.00,TERMINATING,1,1,2,Affine template / Affine template
CP26_BENCHMARK_FINAL/BENCHMARK_SIMPLE_C_BPL/TERM_LASSO//lasso_traces_DDUJDT.bpl/lasso_trace_1.txt,TERMINATING,2.22,94.49,11.00,TERMINATING,1,1,2,Affine template / Affine template
CP26_BENCHMARK_FINAL/BENCHMARK_SIMPLE_C_BPL/TERM_LASSO//lasso_traces_DDUJJD.bpl/lasso_trace_2.txt,TERMINATING,1.85,73.87,10.00,TERMINATING,1,3,4,Affine template / Affine template
CP26_BENCHMARK_FINAL/BENCHMARK_SIMPLE_C_BPL/TERM_LASSO//lasso_traces_DDUJLD.bpl/lasso_trace_1.txt,TERMINATING,1.65,89.96,12.00,TERMINATING,1,1,2,Affine template / Affine template
CP26_BENCHMARK_FINAL/BENCHMARK_SIMPLE_C_BPL/TERM_LASSO//lasso_traces_DDULJD.bpl/lasso_trace_1.txt,TERMINATING,2.28,87.96,11.00,TERMINATING,1,1,2,Affine template / Affine template
CP26_BENCHMARK_FINAL/BENCHMARK_SIMPLE_C_BPL/TERM_LASSO//lasso_traces_DDUUJD.bpl/lasso_trace_1.txt,TERMINATING,1.97,97.98,10.00,TERMINATING,1,1,2,Affine template / Affine template
CP26_BENCHMARK_FINAL/BENCHMARK_SIMPLE_C_BPL/TERM_LASSO//lasso_traces_decrease1var.bpl/lasso_trace_1.txt,TERMINATING,1.92,32.85,3.00,TERMINATING,0,1,1,Affine template / Affine template
CP26_BENCHMARK_FINAL/BENCHMARK_SIMPLE_C_BPL/TERM_LASSO//lasso_traces_DecreasingInvariant.bpl/lasso_trace_1.txt,TERMINATING,2.26,96.46,21.00,UNKNOWN,1,1,2,2 template
CP26_BENCHMARK_FINAL/BENCHMARK_SIMPLE_C_BPL/TERM_LASSO//lasso_traces_DiamondLoopSafe.bpl/lasso_trace_1.txt,TERMINATING,2.02,88.18,11.00,TERMINATING,1,1,2,Affine template / Affine template
CP26_BENCHMARK_FINAL/BENCHMARK_SIMPLE_C_BPL/TERM_LASSO//lasso_traces_diff-alloca.i_11.bpl/lasso_trace_1.txt,TERMINATING,2.24,364.84,132.00,TERMINATING,1,2,3,Affine template / Affine template
CP26_BENCHMARK_FINAL/BENCHMARK_SIMPLE_C_BPL/TERM_LASSO//lasso_traces_diff-alloca.i_14.bpl/lasso_trace_2.txt,TERMINATING,2.15,584.65,138.00,TERMINATING,1,4,5,Affine template / Affine template
CP26_BENCHMARK_FINAL/BENCHMARK_SIMPLE_C_BPL/TERM_LASSO//lasso_traces_diff-alloca.i_14.bpl/lasso_trace_3.txt,TERMINATING,0.60,276.82,133.00,TERMINATING,2,1,3,Affine template / Affine template
CP26_BENCHMARK_FINAL/BENCHMARK_SIMPLE_C_BPL/TERM_LASSO//lasso_traces_diff-alloca.i_14.bpl/lasso_trace_4.txt,TERMINATING,0.80,1627.37,726.00,TERMINATING,6,1,7,Affine template / Affine template
CP26_BENCHMARK_FINAL/BENCHMARK_SIMPLE_C_BPL/TERM_LASSO//lasso_traces_diff-alloca.i_15.bpl/lasso_trace_3.txt,TERMINATING,2.42,175.83,61.00,TERMINATING,1,5,6,Affine template / Affine template
CP26_BENCHMARK_FINAL/BENCHMARK_SIMPLE_C_BPL/TERM_LASSO//lasso_traces_diff-alloca.i_15.bpl/lasso_trace_4.txt,TERMINATING,0.89,633.90,211.00,TERMINATING,2,1,3,Affine template / Affine template
CP26_BENCHMARK_FINAL/BENCHMARK_SIMPLE_C_BPL/TERM_LASSO//lasso_traces_diff-alloca.i_15.bpl/lasso_trace_5.txt,TERMINATING,0.93,3173.92,558.00,TERMINATING,7,1,8,Affine template / Affine template
CP26_BENCHMARK_FINAL/BENCHMARK_SIMPLE_C_BPL/TERM_LASSO//lasso_traces_diff-alloca.i_9.bpl/lasso_trace_2.txt,TERMINATING,2.26,171.18,58.00,TERMINATING,1,4,5,Affine template / Affine template
CP26_BENCHMARK_FINAL/BENCHMARK_SIMPLE_C_BPL/TERM_LASSO//lasso_traces_diff-alloca.i_9.bpl/lasso_trace_3.txt,TERMINATING,0.88,124.58,69.00,TERMINATING,2,2,4,Affine template / Affine template
CP26_BENCHMARK_FINAL/BENCHMARK_SIMPLE_C_BPL/TERM_LASSO//lasso_traces_diff-alloca.i_9.bpl/lasso_trace_4.txt,TERMINATING,0.92,114.08,64.00,TERMINATING,6,2,8,Affine template / Affine template
CP26_BENCHMARK_FINAL/BENCHMARK_SIMPLE_C_BPL/TERM_LASSO//lasso_traces_divisibilityWithArray.bpl/lasso_trace_1.txt,TERMINATING,2.30,206.11,20.00,TERMINATING,1,2,3,Affine template / Affine template
CP26_BENCHMARK_FINAL/BENCHMARK_SIMPLE_C_BPL/TERM_LASSO//lasso_traces_DivisionTerminating.bpl/lasso_trace_1.txt,TERMINATING,3.07,27.53,4.00,TERMINATING,0,1,1,Affine template / Affine template
CP26_BENCHMARK_FINAL/BENCHMARK_SIMPLE_C_BPL/TERM_LASSO//lasso_traces_DJTUJD.bpl/lasso_trace_2.txt,TERMINATING,1.76,78.44,11.00,TERMINATING,2,1,3,Affine template / Affine template
CP26_BENCHMARK_FINAL/BENCHMARK_SIMPLE_C_BPL/TERM_LASSO//lasso_traces_DLDUJD.bpl/lasso_trace_1.txt,TERMINATING,1.88,84.36,11.00,TERMINATING,1,1,2,Affine template / Affine template
CP26_BENCHMARK_FINAL/BENCHMARK_SIMPLE_C_BPL/TERM_LASSO//lasso_traces_DLLUJD.bpl/lasso_trace_1.txt,TERMINATING,2.15,79.76,11.00,TERMINATING,1,1,2,Affine template / Affine template
CP26_BENCHMARK_FINAL/BENCHMARK_SIMPLE_C_BPL/TERM_LASSO//lasso_traces_DLRUJD.bpl/lasso_trace_1.txt,TERMINATING,1.86,102.88,14.00,TERMINATING,1,1,2,Affine template / Affine template
CP26_BENCHMARK_FINAL/BENCHMARK_SIMPLE_C_BPL/TERM_LASSO//lasso_traces_DLRUJL.bpl/lasso_trace_1.txt,TERMINATING,1.77,19920.26,53.00,TERMINATING,1,1,2,2 template / Affine template
CP26_BENCHMARK_FINAL/BENCHMARK_SIMPLE_C_BPL/TERM_LASSO//lasso_traces_DLTUJD.bpl/lasso_trace_2.txt,TERMINATING,1.77,72.40,13.00,TERMINATING,2,1,3,Affine template / Affine template
CP26_BENCHMARK_FINAL/BENCHMARK_SIMPLE_C_BPL/TERM_LASSO//lasso_traces_DLUJD.bpl/lasso_trace_1.txt,TERMINATING,2.02,79.14,11.00,TERMINATING,1,1,2,Affine template / Affine template
CP26_BENCHMARK_FINAL/BENCHMARK_SIMPLE_C_BPL/TERM_LASSO//lasso_traces_DLUJDD.bpl/lasso_trace_1.txt,TERMINATING,1.88,184.42,15.00,TERMINATING,1,1,2,Affine template / Affine template
CP26_BENCHMARK_FINAL/BENCHMARK_SIMPLE_C_BPL/TERM_LASSO//lasso_traces_DLUJDJ.bpl/lasso_trace_1.txt,TERMINATING,2.09,77.46,10.00,TERMINATING,1,2,3,Affine template / Affine template
CP26_BENCHMARK_FINAL/BENCHMARK_SIMPLE_C_BPL/TERM_LASSO//lasso_traces_DLUJDL.bpl/lasso_trace_1.txt,TERMINATING,1.94,82.09,12.00,TERMINATING,1,1,2,Affine template / Affine template
CP26_BENCHMARK_FINAL/BENCHMARK_SIMPLE_C_BPL/TERM_LASSO//lasso_traces_DLUJDT.bpl/lasso_trace_1.txt,TERMINATING,2.01,75.49,11.00,TERMINATING,1,1,2,Affine template / Affine template
CP26_BENCHMARK_FINAL/BENCHMARK_SIMPLE_C_BPL/TERM_LASSO//lasso_traces_DLUJJD.bpl/lasso_trace_2.txt,TERMINATING,2.47,78.68,10.00,TERMINATING,1,3,4,Affine template / Affine template
CP26_BENCHMARK_FINAL/BENCHMARK_SIMPLE_C_BPL/TERM_LASSO//lasso_traces_DLUJLD.bpl/lasso_trace_1.txt,TERMINATING,1.96,77.76,11.00,TERMINATING,1,1,2,Affine template / Affine template
CP26_BENCHMARK_FINAL/BENCHMARK_SIMPLE_C_BPL/TERM_LASSO//lasso_traces_DLULJD.bpl/lasso_trace_1.txt,TERMINATING,2.04,77.97,11.00,TERMINATING,1,1,2,Affine template / Affine template
CP26_BENCHMARK_FINAL/BENCHMARK_SIMPLE_C_BPL/TERM_LASSO//lasso_traces_DLUUJD.bpl/lasso_trace_1.txt,TERMINATING,2.17,72.56,10.00,TERMINATING,1,1,2,Affine template / Affine template
CP26_BENCHMARK_FINAL/BENCHMARK_SIMPLE_C_BPL/TERM_LASSO//lasso_traces_Double2.bpl/lasso_trace_1.txt,TERMINATING,1.76,57.61,6.00,TERMINATING,0,3,3,Affine template / Affine template
CP26_BENCHMARK_FINAL/BENCHMARK_SIMPLE_C_BPL/TERM_LASSO//lasso_traces_Double2.bpl/lasso_trace_2.txt,TERMINATING,0.40,39.70,0.00,UNKNOWN,2,3,5,Affine template
CP26_BENCHMARK_FINAL/BENCHMARK_SIMPLE_C_BPL/TERM_LASSO//lasso_traces_Double3.bpl/lasso_trace_1.txt,TERMINATING,1.60,49.20,6.00,TERMINATING,0,4,4,Affine template / Affine template
CP26_BENCHMARK_FINAL/BENCHMARK_SIMPLE_C_BPL/TERM_LASSO//lasso_traces_Double3.bpl/lasso_trace_2.txt,TERMINATING,0.40,39.23,0.00,UNKNOWN,2,4,6,Affine template
CP26_BENCHMARK_FINAL/BENCHMARK_SIMPLE_C_BPL/TERM_LASSO//lasso_traces_Double3.bpl/lasso_trace_3.txt,TERMINATING,0.34,39.97,7.00,TERMINATING,19,7,26,Affine template / Affine template
CP26_BENCHMARK_FINAL/BENCHMARK_SIMPLE_C_BPL/TERM_LASSO//lasso_traces_Double.bpl/lasso_trace_1.txt,TERMINATING,1.88,57.65,6.00,TERMINATING,0,3,3,Affine template / Affine template
CP26_BENCHMARK_FINAL/BENCHMARK_SIMPLE_C_BPL/TERM_LASSO//lasso_traces_Double.bpl/lasso_trace_2.txt,TERMINATING,0.36,41.58,0.00,UNKNOWN,2,3,5,Affine template
CP26_BENCHMARK_FINAL/BENCHMARK_SIMPLE_C_BPL/TERM_LASSO//lasso_traces_Double.bpl/lasso_trace_4.txt,TERMINATING,0.30,44.06,7.00,TERMINATING,6,12,18,Affine template / Affine template
CP26_BENCHMARK_FINAL/BENCHMARK_SIMPLE_C_BPL/TERM_LASSO//lasso_traces_down.i_4.bpl/lasso_trace_1.txt,TERMINATING,3.72,92.21,7.00,TERMINATING,1,1,2,Affine template / Affine template
CP26_BENCHMARK_FINAL/BENCHMARK_SIMPLE_C_BPL/TERM_LASSO//lasso_traces_down.i_4.bplTransformedIcfg_BEv2_5.bpl/lasso_trace_1.txt,TERMINATING,2.35,81.50,7.00,TERMINATING,1,1,2,Affine template / Affine template
CP26_BENCHMARK_FINAL/BENCHMARK_SIMPLE_C_BPL/TERM_LASSO//lasso_traces_DRDUJD.bpl/lasso_trace_1.txt,TERMINATING,1.68,103.39,13.00,TERMINATING,1,1,2,Affine template / Affine template
CP26_BENCHMARK_FINAL/BENCHMARK_SIMPLE_C_BPL/TERM_LASSO//lasso_traces_DRDUJL.bpl/lasso_trace_1.txt,TERMINATING,1.75,20171.59,46.00,TERMINATING,1,1,2,2 template / Affine template
CP26_BENCHMARK_FINAL/BENCHMARK_SIMPLE_C_BPL/TERM_LASSO//lasso_traces_DRLUJD.bpl/lasso_trace_1.txt,TERMINATING,2.09,108.38,12.00,TERMINATING,1,1,2,Affine template / Affine template
CP26_BENCHMARK_FINAL/BENCHMARK_SIMPLE_C_BPL/TERM_LASSO//lasso_traces_DRRUJD.bpl/lasso_trace_1.txt,TERMINATING,1.78,101.36,16.00,TERMINATING,1,1,2,Affine template / Affine template
CP26_BENCHMARK_FINAL/BENCHMARK_SIMPLE_C_BPL/TERM_LASSO//lasso_traces_DRRUJL.bpl/lasso_trace_1.txt,TERMINATING,2.89,65039.14,53.00,TERMINATING,1,1,2,2 template / Affine template
CP26_BENCHMARK_FINAL/BENCHMARK_SIMPLE_C_BPL/TERM_LASSO//lasso_traces_DRTUJD.bpl/lasso_trace_2.txt,TERMINATING,1.75,75.92,10.00,TERMINATING,2,1,3,Affine template / Affine template
CP26_BENCHMARK_FINAL/BENCHMARK_SIMPLE_C_BPL/TERM_LASSO//lasso_traces_DRUJD.bpl/lasso_trace_1.txt,TERMINATING,2.11,101.07,14.00,TERMINATING,1,1,2,Affine template / Affine template
CP26_BENCHMARK_FINAL/BENCHMARK_SIMPLE_C_BPL/TERM_LASSO//lasso_traces_DRUJDD.bpl/lasso_trace_1.txt,TERMINATING,1.88,167.77,20.00,TERMINATING,1,1,2,Affine template / Affine template
CP26_BENCHMARK_FINAL/BENCHMARK_SIMPLE_C_BPL/TERM_LASSO//lasso_traces_DRUJDJ.bpl/lasso_trace_1.txt,TERMINATING,1.97,89.95,13.00,TERMINATING,1,2,3,Affine template / Affine template
CP26_BENCHMARK_FINAL/BENCHMARK_SIMPLE_C_BPL/TERM_LASSO//lasso_traces_DRUJDL.bpl/lasso_trace_1.txt,TERMINATING,2.09,2803.86,126.00,UNKNOWN,1,1,2,Affine template
CP26_BENCHMARK_FINAL/BENCHMARK_SIMPLE_C_BPL/TERM_LASSO//lasso_traces_DRUJDT.bpl/lasso_trace_1.txt,TERMINATING,2.39,94.81,12.00,TERMINATING,1,1,2,Affine template / Affine template
CP26_BENCHMARK_FINAL/BENCHMARK_SIMPLE_C_BPL/TERM_LASSO//lasso_traces_DRUJJD.bpl/lasso_trace_2.txt,TERMINATING,2.07,92.81,13.00,TERMINATING,1,3,4,Affine template / Affine template
CP26_BENCHMARK_FINAL/BENCHMARK_SIMPLE_C_BPL/TERM_LASSO//lasso_traces_DRUJJL.bpl/lasso_trace_3.txt,TERMINATING,0.35,17310.29,43.00,TERMINATING,2,1,3,2 template / Affine template
CP26_BENCHMARK_FINAL/BENCHMARK_SIMPLE_C_BPL/TERM_LASSO//lasso_traces_DRUJL.bpl/lasso_trace_1.txt,TERMINATING,1.74,16703.63,46.00,TERMINATING,1,1,2,2 template / Affine template
CP26_BENCHMARK_FINAL/BENCHMARK_SIMPLE_C_BPL/TERM_LASSO//lasso_traces_DRUJLL.bpl/lasso_trace_1.txt,TERMINATING,1.89,24149.98,50.00,TERMINATING,1,1,2,2 template / Affine template
CP26_BENCHMARK_FINAL/BENCHMARK_SIMPLE_C_BPL/TERM_LASSO//lasso_traces_DRUJLT.bpl/lasso_trace_1.txt,TERMINATING,2.03,16396.76,51.00,TERMINATING,1,1,2,2 template / Affine template
CP26_BENCHMARK_FINAL/BENCHMARK_SIMPLE_C_BPL/TERM_LASSO//lasso_traces_DRUJUL.bpl/lasso_trace_1.txt,TERMINATING,1.75,2432.37,112.00,UNKNOWN,1,1,2,Affine template
CP26_BENCHMARK_FINAL/BENCHMARK_SIMPLE_C_BPL/TERM_LASSO//lasso_traces_DRUUJD.bpl/lasso_trace_1.txt,TERMINATING,1.70,98.49,14.00,TERMINATING,1,1,2,Affine template / Affine template
CP26_BENCHMARK_FINAL/BENCHMARK_SIMPLE_C_BPL/TERM_LASSO//lasso_traces_DRUUJL.bpl/lasso_trace_1.txt,TERMINATING,1.89,16769.49,43.00,TERMINATING,1,1,2,2 template / Affine template
CP26_BENCHMARK_FINAL/BENCHMARK_SIMPLE_C_BPL/TERM_LASSO//lasso_traces_DTDUJD.bpl/lasso_trace_2.txt,TERMINATING,2.00,82.40,11.00,TERMINATING,2,1,3,Affine template / Affine template
CP26_BENCHMARK_FINAL/BENCHMARK_SIMPLE_C_BPL/TERM_LASSO//lasso_traces_DTLUJD.bpl/lasso_trace_2.txt,TERMINATING,1.79,73.49,10.00,TERMINATING,2,1,3,Affine template / Affine template
CP26_BENCHMARK_FINAL/BENCHMARK_SIMPLE_C_BPL/TERM_LASSO//lasso_traces_DTRUJD.bpl/lasso_trace_2.txt,TERMINATING,1.51,101.61,13.00,TERMINATING,2,1,3,Affine template / Affine template
CP26_BENCHMARK_FINAL/BENCHMARK_SIMPLE_C_BPL/TERM_LASSO//lasso_traces_DTRUJL.bpl/lasso_trace_2.txt,TERMINATING,1.84,15679.46,46.00,TERMINATING,2,1,3,2 template / Affine template
CP26_BENCHMARK_FINAL/BENCHMARK_SIMPLE_C_BPL/TERM_LASSO//lasso_traces_DTTUJD.bpl/lasso_trace_3.txt,TERMINATING,1.91,76.57,11.00,TERMINATING,2,1,3,Affine template / Affine template
CP26_BENCHMARK_FINAL/BENCHMARK_SIMPLE_C_BPL/TERM_LASSO//lasso_traces_DTUJD.bpl/lasso_trace_2.txt,TERMINATING,1.81,86.81,11.00,TERMINATING,2,1,3,Affine template / Affine template
CP26_BENCHMARK_FINAL/BENCHMARK_SIMPLE_C_BPL/TERM_LASSO//lasso_traces_DTUJDD.bpl/lasso_trace_2.txt,TERMINATING,2.05,133.44,15.00,TERMINATING,2,1,3,Affine template / Affine template
CP26_BENCHMARK_FINAL/BENCHMARK_SIMPLE_C_BPL/TERM_LASSO//lasso_traces_DTUJDJ.bpl/lasso_trace_2.txt,TERMINATING,1.84,74.18,11.00,TERMINATING,2,2,4,Affine template / Affine template
CP26_BENCHMARK_FINAL/BENCHMARK_SIMPLE_C_BPL/TERM_LASSO//lasso_traces_DTUJDL.bpl/lasso_trace_2.txt,TERMINATING,1.74,98.53,11.00,TERMINATING,2,1,3,Affine template / Affine template
CP26_BENCHMARK_FINAL/BENCHMARK_SIMPLE_C_BPL/TERM_LASSO//lasso_traces_DTUJDT.bpl/lasso_trace_2.txt,TERMINATING,1.75,88.40,10.00,TERMINATING,2,1,3,Affine template / Affine template
CP26_BENCHMARK_FINAL/BENCHMARK_SIMPLE_C_BPL/TERM_LASSO//lasso_traces_DTUJJD.bpl/lasso_trace_3.txt,TERMINATING,2.40,84.03,10.00,TERMINATING,2,3,5,Affine template / Affine template
CP26_BENCHMARK_FINAL/BENCHMARK_SIMPLE_C_BPL/TERM_LASSO//lasso_traces_DTUJLD.bpl/lasso_trace_2.txt,TERMINATING,2.99,77.25,12.00,TERMINATING,2,1,3,Affine template / Affine template
CP26_BENCHMARK_FINAL/BENCHMARK_SIMPLE_C_BPL/TERM_LASSO//lasso_traces_DTULJD.bpl/lasso_trace_2.txt,TERMINATING,1.80,74.99,11.00,TERMINATING,2,1,3,Affine template / Affine template
CP26_BENCHMARK_FINAL/BENCHMARK_SIMPLE_C_BPL/TERM_LASSO//lasso_traces_DTUUJD.bpl/lasso_trace_2.txt,TERMINATING,2.14,75.95,11.00,TERMINATING,2,1,3,Affine template / Affine template
CP26_BENCHMARK_FINAL/BENCHMARK_SIMPLE_C_BPL/TERM_LASSO//lasso_traces_DUDUJD.bpl/lasso_trace_1.txt,TERMINATING,1.87,76.28,9.00,TERMINATING,1,1,2,Affine template / Affine template
CP26_BENCHMARK_FINAL/BENCHMARK_SIMPLE_C_BPL/TERM_LASSO//lasso_traces_DUJD.bpl/lasso_trace_1.txt,TERMINATING,1.92,89.73,11.00,TERMINATING,1,1,2,Affine template / Affine template
CP26_BENCHMARK_FINAL/BENCHMARK_SIMPLE_C_BPL/TERM_LASSO//lasso_traces_DUJDD.bpl/lasso_trace_1.txt,TERMINATING,1.98,128.39,15.00,TERMINATING,1,1,2,Affine template / Affine template
CP26_BENCHMARK_FINAL/BENCHMARK_SIMPLE_C_BPL/TERM_LASSO//lasso_traces_DUJDDD.bpl/lasso_trace_1.txt,TERMINATING,2.04,200.21,20.00,TERMINATING,1,1,2,Affine template / Affine template
CP26_BENCHMARK_FINAL/BENCHMARK_SIMPLE_C_BPL/TERM_LASSO//lasso_traces_DUJDDJ.bpl/lasso_trace_1.txt,TERMINATING,1.90,156.39,15.00,TERMINATING,1,2,3,Affine template / Affine template
CP26_BENCHMARK_FINAL/BENCHMARK_SIMPLE_C_BPL/TERM_LASSO//lasso_traces_DUJDDL.bpl/lasso_trace_1.txt,TERMINATING,1.77,135.92,16.00,TERMINATING,1,1,2,Affine template / Affine template
CP26_BENCHMARK_FINAL/BENCHMARK_SIMPLE_C_BPL/TERM_LASSO//lasso_traces_DUJDDT.bpl/lasso_trace_1.txt,TERMINATING,1.86,122.90,15.00,TERMINATING,1,1,2,Affine template / Affine template
CP26_BENCHMARK_FINAL/BENCHMARK_SIMPLE_C_BPL/TERM_LASSO//lasso_traces_DUJDJ.bpl/lasso_trace_1.txt,TERMINATING,2.10,88.33,10.00,TERMINATING,1,2,3,Affine template / Affine template
CP26_BENCHMARK_FINAL/BENCHMARK_SIMPLE_C_BPL/TERM_LASSO//lasso_traces_DUJDJD.bpl/lasso_trace_1.txt,TERMINATING,2.02,97.05,11.00,TERMINATING,1,2,3,Affine template / Affine template
CP26_BENCHMARK_FINAL/BENCHMARK_SIMPLE_C_BPL/TERM_LASSO//lasso_traces_DUJDJJ.bpl/lasso_trace_1.txt,TERMINATING,1.95,87.61,11.00,TERMINATING,1,2,3,Affine template / Affine template
CP26_BENCHMARK_FINAL/BENCHMARK_SIMPLE_C_BPL/TERM_LASSO//lasso_traces_DUJDJL.bpl/lasso_trace_1.txt,TERMINATING,2.09,79.69,11.00,TERMINATING,1,2,3,Affine template / Affine template
CP26_BENCHMARK_FINAL/BENCHMARK_SIMPLE_C_BPL/TERM_LASSO//lasso_traces_DUJDJR.bpl/lasso_trace_1.txt,TERMINATING,1.91,97.43,11.00,TERMINATING,1,2,3,Affine template / Affine template
CP26_BENCHMARK_FINAL/BENCHMARK_SIMPLE_C_BPL/TERM_LASSO//lasso_traces_DUJDJT.bpl/lasso_trace_1.txt,TERMINATING,3.21,85.99,10.00,TERMINATING,1,2,3,Affine template / Affine template
CP26_BENCHMARK_FINAL/BENCHMARK_SIMPLE_C_BPL/TERM_LASSO//lasso_traces_DUJDJU.bpl/lasso_trace_1.txt,TERMINATING,2.08,84.09,11.00,TERMINATING,1,2,3,Affine template / Affine template
CP26_BENCHMARK_FINAL/BENCHMARK_SIMPLE_C_BPL/TERM_LASSO//lasso_traces_DUJDL.bpl/lasso_trace_1.txt,TERMINATING,1.74,77.43,12.00,TERMINATING,1,1,2,Affine template / Affine template
CP26_BENCHMARK_FINAL/BENCHMARK_SIMPLE_C_BPL/TERM_LASSO//lasso_traces_DUJDLD.bpl/lasso_trace_1.txt,TERMINATING,2.81,138.78,34.00,UNKNOWN,1,1,2,Affine template
CP26_BENCHMARK_FINAL/BENCHMARK_SIMPLE_C_BPL/TERM_LASSO//lasso_traces_DUJDLJ.bpl/lasso_trace_1.txt,TERMINATING,2.10,86.42,11.00,TERMINATING,1,2,3,Affine template / Affine template
CP26_BENCHMARK_FINAL/BENCHMARK_SIMPLE_C_BPL/TERM_LASSO//lasso_traces_DUJDLL.bpl/lasso_trace_1.txt,TERMINATING,1.76,91.01,12.00,TERMINATING,1,1,2,Affine template / Affine template
CP26_BENCHMARK_FINAL/BENCHMARK_SIMPLE_C_BPL/TERM_LASSO//lasso_traces_DUJDLT.bpl/lasso_trace_1.txt,TERMINATING,1.67,86.84,10.00,TERMINATING,1,1,2,Affine template / Affine template
CP26_BENCHMARK_FINAL/BENCHMARK_SIMPLE_C_BPL/TERM_LASSO//lasso_traces_DUJDRL.bpl/lasso_trace_1.txt,TERMINATING,1.69,230.91,31.00,TERMINATING,1,1,2,Affine template / Affine template
CP26_BENCHMARK_FINAL/BENCHMARK_SIMPLE_C_BPL/TERM_LASSO//lasso_traces_DUJDT.bpl/lasso_trace_1.txt,TERMINATING,2.45,85.07,10.00,TERMINATING,1,1,2,Affine template / Affine template
CP26_BENCHMARK_FINAL/BENCHMARK_SIMPLE_C_BPL/TERM_LASSO//lasso_traces_DUJDTD.bpl/lasso_trace_1.txt,TERMINATING,1.72,79.55,10.00,TERMINATING,1,1,2,Affine template / Affine template
CP26_BENCHMARK_FINAL/BENCHMARK_SIMPLE_C_BPL/TERM_LASSO//lasso_traces_DUJDTJ.bpl/lasso_trace_1.txt,TERMINATING,2.17,84.78,11.00,TERMINATING,1,1,2,Affine template / Affine template
CP26_BENCHMARK_FINAL/BENCHMARK_SIMPLE_C_BPL/TERM_LASSO//lasso_traces_DUJDTL.bpl/lasso_trace_1.txt,TERMINATING,2.01,82.67,11.00,TERMINATING,1,1,2,Affine template / Affine template
CP26_BENCHMARK_FINAL/BENCHMARK_SIMPLE_C_BPL/TERM_LASSO//lasso_traces_DUJDTR.bpl/lasso_trace_1.txt,TERMINATING,2.08,84.08,11.00,TERMINATING,1,1,2,Affine template / Affine template
CP26_BENCHMARK_FINAL/BENCHMARK_SIMPLE_C_BPL/TERM_LASSO//lasso_traces_DUJDTU.bpl/lasso_trace_1.txt,TERMINATING,2.05,82.97,12.00,TERMINATING,1,1,2,Affine template / Affine template
CP26_BENCHMARK_FINAL/BENCHMARK_SIMPLE_C_BPL/TERM_LASSO//lasso_traces_DUJDUD.bpl/lasso_trace_1.txt,TERMINATING,6.12,87.84,10.00,TERMINATING,1,1,2,Affine template / Affine template
CP26_BENCHMARK_FINAL/BENCHMARK_SIMPLE_C_BPL/TERM_LASSO//lasso_traces_DUJJD.bpl/lasso_trace_2.txt,TERMINATING,1.76,82.95,9.00,TERMINATING,1,3,4,Affine template / Affine template
CP26_BENCHMARK_FINAL/BENCHMARK_SIMPLE_C_BPL/TERM_LASSO//lasso_traces_DUJJDD.bpl/lasso_trace_2.txt,TERMINATING,1.74,147.45,13.00,TERMINATING,1,3,4,Affine template / Affine template
CP26_BENCHMARK_FINAL/BENCHMARK_SIMPLE_C_BPL/TERM_LASSO//lasso_traces_DUJJDJ.bpl/lasso_trace_2.txt,TERMINATING,2.18,88.23,10.00,TERMINATING,1,4,5,Affine template / Affine template
CP26_BENCHMARK_FINAL/BENCHMARK_SIMPLE_C_BPL/TERM_LASSO//lasso_traces_DUJJDL.bpl/lasso_trace_2.txt,TERMINATING,1.60,93.84,12.00,TERMINATING,1,3,4,Affine template / Affine template
CP26_BENCHMARK_FINAL/BENCHMARK_SIMPLE_C_BPL/TERM_LASSO//lasso_traces_DUJJDT.bpl/lasso_trace_2.txt,TERMINATING,1.67,77.28,14.00,TERMINATING,1,3,4,Affine template / Nested template
CP26_BENCHMARK_FINAL/BENCHMARK_SIMPLE_C_BPL/TERM_LASSO//lasso_traces_DUJJJD.bpl/lasso_trace_2.txt,TERMINATING,1.84,82.17,11.00,TERMINATING,1,5,6,Affine template / Affine template
CP26_BENCHMARK_FINAL/BENCHMARK_SIMPLE_C_BPL/TERM_LASSO//lasso_traces_DUJJLD.bpl/lasso_trace_2.txt,TERMINATING,1.63,83.01,12.00,TERMINATING,1,3,4,Affine template / Affine template
CP26_BENCHMARK_FINAL/BENCHMARK_SIMPLE_C_BPL/TERM_LASSO//lasso_traces_DUJJLR.bpl/lasso_trace_2.txt,TERMINATING,1.86,3458.93,102.00,UNKNOWN,1,3,4,Affine template
CP26_BENCHMARK_FINAL/BENCHMARK_SIMPLE_C_BPL/TERM_LASSO//lasso_traces_DUJLD.bpl/lasso_trace_1.txt,TERMINATING,1.81,86.08,10.00,TERMINATING,1,1,2,Affine template / Affine template
CP26_BENCHMARK_FINAL/BENCHMARK_SIMPLE_C_BPL/TERM_LASSO//lasso_traces_DUJLDD.bpl/lasso_trace_1.txt,TERMINATING,2.47,147.77,17.00,TERMINATING,1,1,2,Affine template / Affine template
CP26_BENCHMARK_FINAL/BENCHMARK_SIMPLE_C_BPL/TERM_LASSO//lasso_traces_DUJLDJ.bpl/lasso_trace_1.txt,TERMINATING,1.90,86.74,12.00,TERMINATING,1,2,3,Affine template / Affine template
CP26_BENCHMARK_FINAL/BENCHMARK_SIMPLE_C_BPL/TERM_LASSO//lasso_traces_DUJLDL.bpl/lasso_trace_1.txt,TERMINATING,1.89,120.18,14.00,TERMINATING,1,1,2,Affine template / Affine template
CP26_BENCHMARK_FINAL/BENCHMARK_SIMPLE_C_BPL/TERM_LASSO//lasso_traces_DUJLDT.bpl/lasso_trace_1.txt,TERMINATING,1.76,88.92,12.00,TERMINATING,1,1,2,Affine template / Affine template
CP26_BENCHMARK_FINAL/BENCHMARK_SIMPLE_C_BPL/TERM_LASSO//lasso_traces_DUJLLD.bpl/lasso_trace_1.txt,TERMINATING,1.74,86.71,12.00,TERMINATING,1,1,2,Affine template / Affine template
CP26_BENCHMARK_FINAL/BENCHMARK_SIMPLE_C_BPL/TERM_LASSO//lasso_traces_DUJLRJ.bpl/lasso_trace_1.txt,TERMINATING,1.98,3089.16,106.00,UNKNOWN,1,2,3,Affine template
CP26_BENCHMARK_FINAL/BENCHMARK_SIMPLE_C_BPL/TERM_LASSO//lasso_traces_DUJRLD.bpl/lasso_trace_1.txt,TERMINATING,1.64,261.11,28.00,TERMINATING,1,1,2,Affine template / Affine template
CP26_BENCHMARK_FINAL/BENCHMARK_SIMPLE_C_BPL/TERM_LASSO//lasso_traces_DUJUDD.bpl/lasso_trace_1.txt,TERMINATING,1.80,82.19,10.00,TERMINATING,1,1,2,Affine template / Affine template
CP26_BENCHMARK_FINAL/BENCHMARK_SIMPLE_C_BPL/TERM_LASSO//lasso_traces_DULJD.bpl/lasso_trace_1.txt,TERMINATING,2.06,83.69,10.00,TERMINATING,1,1,2,Affine template / Affine template
CP26_BENCHMARK_FINAL/BENCHMARK_SIMPLE_C_BPL/TERM_LASSO//lasso_traces_DULJDD.bpl/lasso_trace_1.txt,TERMINATING,1.85,107.13,15.00,TERMINATING,1,1,2,Affine template / Affine template
CP26_BENCHMARK_FINAL/BENCHMARK_SIMPLE_C_BPL/TERM_LASSO//lasso_traces_DULJDJ.bpl/lasso_trace_1.txt,TERMINATING,2.81,76.04,9.00,TERMINATING,1,2,3,Affine template / Affine template
CP26_BENCHMARK_FINAL/BENCHMARK_SIMPLE_C_BPL/TERM_LASSO//lasso_traces_DULJDL.bpl/lasso_trace_1.txt,TERMINATING,2.10,79.84,10.00,TERMINATING,1,1,2,Affine template / Affine template
CP26_BENCHMARK_FINAL/BENCHMARK_SIMPLE_C_BPL/TERM_LASSO//lasso_traces_DULJDT.bpl/lasso_trace_1.txt,TERMINATING,2.08,76.38,10.00,TERMINATING,1,1,2,Affine template / Affine template
CP26_BENCHMARK_FINAL/BENCHMARK_SIMPLE_C_BPL/TERM_LASSO//lasso_traces_DULJJD.bpl/lasso_trace_2.txt,TERMINATING,2.30,88.09,10.00,TERMINATING,1,3,4,Affine template / Affine template
CP26_BENCHMARK_FINAL/BENCHMARK_SIMPLE_C_BPL/TERM_LASSO//lasso_traces_DULJLD.bpl/lasso_trace_1.txt,TERMINATING,2.08,79.63,10.00,TERMINATING,1,1,2,Affine template / Affine template
CP26_BENCHMARK_FINAL/BENCHMARK_SIMPLE_C_BPL/TERM_LASSO//lasso_traces_DULLJD.bpl/lasso_trace_1.txt,TERMINATING,2.12,79.47,11.00,TERMINATING,1,1,2,Affine template / Affine template
CP26_BENCHMARK_FINAL/BENCHMARK_SIMPLE_C_BPL/TERM_LASSO//lasso_traces_DULUJD.bpl/lasso_trace_1.txt,TERMINATING,2.17,83.07,11.00,TERMINATING,1,1,2,Affine template / Affine template
CP26_BENCHMARK_FINAL/BENCHMARK_SIMPLE_C_BPL/TERM_LASSO//lasso_traces_DURLJD.bpl/lasso_trace_1.txt,TERMINATING,1.96,97.88,13.00,TERMINATING,1,1,2,Affine template / Affine template
CP26_BENCHMARK_FINAL/BENCHMARK_SIMPLE_C_BPL/TERM_LASSO//lasso_traces_DURUJD.bpl/lasso_trace_1.txt,TERMINATING,1.83,105.74,14.00,TERMINATING,1,1,2,Affine template / Affine template
CP26_BENCHMARK_FINAL/BENCHMARK_SIMPLE_C_BPL/TERM_LASSO//lasso_traces_DUTUJD.bpl/lasso_trace_2.txt,TERMINATING,1.77,78.21,10.00,TERMINATING,2,1,3,Affine template / Affine template
CP26_BENCHMARK_FINAL/BENCHMARK_SIMPLE_C_BPL/TERM_LASSO//lasso_traces_DUUDJD.bpl/lasso_trace_1.txt,TERMINATING,3.94,77.30,9.00,TERMINATING,1,1,2,Affine template / Affine template
CP26_BENCHMARK_FINAL/BENCHMARK_SIMPLE_C_BPL/TERM_LASSO//lasso_traces_DUUJD.bpl/lasso_trace_1.txt,TERMINATING,2.23,74.79,10.00,TERMINATING,1,1,2,Affine template / Affine template
CP26_BENCHMARK_FINAL/BENCHMARK_SIMPLE_C_BPL/TERM_LASSO//lasso_traces_DUUJDD.bpl/lasso_trace_1.txt,TERMINATING,6.63,115.70,15.00,TERMINATING,1,1,2,Affine template / Affine template
CP26_BENCHMARK_FINAL/BENCHMARK_SIMPLE_C_BPL/TERM_LASSO//lasso_traces_DUUJDL.bpl/lasso_trace_1.txt,TERMINATING,1.79,86.93,11.00,TERMINATING,1,1,2,Affine template / Affine template
CP26_BENCHMARK_FINAL/BENCHMARK_SIMPLE_C_BPL/TERM_LASSO//lasso_traces_DUUJDT.bpl/lasso_trace_1.txt,TERMINATING,2.19,88.37,11.00,TERMINATING,1,1,2,Affine template / Affine template
CP26_BENCHMARK_FINAL/BENCHMARK_SIMPLE_C_BPL/TERM_LASSO//lasso_traces_DUUJJD.bpl/lasso_trace_4.txt,TERMINATING,1.87,84.56,10.00,TERMINATING,2,1,3,Affine template / Affine template
CP26_BENCHMARK_FINAL/BENCHMARK_SIMPLE_C_BPL/TERM_LASSO//lasso_traces_DUUJLD.bpl/lasso_trace_1.txt,TERMINATING,1.78,85.22,10.00,TERMINATING,1,1,2,Affine template / Affine template
CP26_BENCHMARK_FINAL/BENCHMARK_SIMPLE_C_BPL/TERM_LASSO//lasso_traces_DUULJD.bpl/lasso_trace_1.txt,TERMINATING,2.49,79.81,11.00,TERMINATING,1,1,2,Affine template / Affine template
CP26_BENCHMARK_FINAL/BENCHMARK_SIMPLE_C_BPL/TERM_LASSO//lasso_traces_DUUUJD.bpl/lasso_trace_1.txt,TERMINATING,2.03,90.17,11.00,TERMINATING,1,1,2,Affine template / Affine template
CP26_BENCHMARK_FINAL/BENCHMARK_SIMPLE_C_BPL/TERM_LASSO//lasso_traces_DynamicUnsatCoresHelpful01_02.bpl/lasso_trace_1.txt,TERMINATING,2.25,57.44,5.00,TERMINATING,1,1,2,Affine template / Affine template
CP26_BENCHMARK_FINAL/BENCHMARK_SIMPLE_C_BPL/TERM_LASSO//lasso_traces_EasterBunnyPuzzle.bpl/lasso_trace_1.txt,TERMINATING,0.44,42.88,9.00,TERMINATING,1,1,2,Affine template / Affine template
CP26_BENCHMARK_FINAL/BENCHMARK_SIMPLE_C_BPL/TERM_LASSO//lasso_traces_EasyArray2_incorrect.bpl/lasso_trace_1.txt,TERMINATING,1.77,328.93,43.00,UNKNOWN,1,1,2,Affine template
CP26_BENCHMARK_FINAL/BENCHMARK_SIMPLE_C_BPL/TERM_LASSO//lasso_traces_EasyArray.bpl/lasso_trace_1.txt,TERMINATING,2.24,48.90,17.00,UNKNOWN,1,1,2,Affine template
CP26_BENCHMARK_FINAL/BENCHMARK_SIMPLE_C_BPL/TERM_LASSO//lasso_traces_EasyArrayStore.bpl/lasso_trace_1.txt,TERMINATING,2.12,50.27,21.00,UNKNOWN,1,1,2,Affine template
CP26_BENCHMARK_FINAL/BENCHMARK_SIMPLE_C_BPL/TERM_LASSO//lasso_traces_EasyArrayStore_incorrect.bpl/lasso_trace_1.txt,TERMINATING,1.98,176.50,38.00,UNKNOWN,1,1,2,Affine template
CP26_BENCHMARK_FINAL/BENCHMARK_SIMPLE_C_BPL/TERM_LASSO//lasso_traces_EasyLoop.bpl/lasso_trace_1.txt,TERMINATING,2.20,54.01,6.00,TERMINATING,1,1,2,Affine template / Affine template
CP26_BENCHMARK_FINAL/BENCHMARK_SIMPLE_C_BPL/TERM_LASSO//lasso_traces_EasyRecursive2.bpl/lasso_trace_1.txt,TERMINATING,1.64,27.84,5.00,TERMINATING,0,2,2,Affine template / Affine template
CP26_BENCHMARK_FINAL/BENCHMARK_SIMPLE_C_BPL/TERM_LASSO//lasso_traces_EasyRecursive2.bpl/lasso_trace_4.txt,TERMINATING,0.32,31.44,5.00,TERMINATING,1,19,20,Affine template / Affine template
CP26_BENCHMARK_FINAL/BENCHMARK_SIMPLE_C_BPL/TERM_LASSO//lasso_traces_EasyRecursive2.bpl/lasso_trace_5.txt,TERMINATING,0.30,34.25,6.00,TERMINATING,1,3,4,Affine template / Affine template
CP26_BENCHMARK_FINAL/BENCHMARK_SIMPLE_C_BPL/TERM_LASSO//lasso_traces_EasyRecursive2.bpl/lasso_trace_6.txt,TERMINATING,0.27,32.49,7.00,TERMINATING,3,2,5,Affine template / Affine template
CP26_BENCHMARK_FINAL/BENCHMARK_SIMPLE_C_BPL/TERM_LASSO//lasso_traces_EasyRecursive2.bpl/lasso_trace_8.txt,TERMINATING,0.27,41.01,7.00,TERMINATING,22,2,24,Affine template / Affine template
CP26_BENCHMARK_FINAL/BENCHMARK_SIMPLE_C_BPL/TERM_LASSO//lasso_traces_EasyRecursive_incorrect2.bpl/lasso_trace_1.txt,TERMINATING,3.10,27.34,4.00,TERMINATING,0,2,2,Affine template / Affine template
CP26_BENCHMARK_FINAL/BENCHMARK_SIMPLE_C_BPL/TERM_LASSO//lasso_traces_EasyRecursive_incorrect2.bpl/lasso_trace_2.txt,TERMINATING,0.37,38.99,8.00,TERMINATING,1,3,4,Affine template / Affine template
CP26_BENCHMARK_FINAL/BENCHMARK_SIMPLE_C_BPL/TERM_LASSO//lasso_traces_EasyRecursive_incorrect2.bpl/lasso_trace_3.txt,TERMINATING,0.33,34.85,7.00,TERMINATING,2,2,4,Affine template / Affine template
CP26_BENCHMARK_FINAL/BENCHMARK_SIMPLE_C_BPL/TERM_LASSO//lasso_traces_EasyRecursive_incorrect.bpl/lasso_trace_1.txt,TERMINATING,1.86,32.92,5.00,TERMINATING,0,2,2,Affine template / Affine template
CP26_BENCHMARK_FINAL/BENCHMARK_SIMPLE_C_BPL/TERM_LASSO//lasso_traces_EasyRecursive_incorrect.bpl/lasso_trace_2.txt,TERMINATING,0.33,37.62,6.00,TERMINATING,1,3,4,Affine template / Affine template
CP26_BENCHMARK_FINAL/BENCHMARK_SIMPLE_C_BPL/TERM_LASSO//lasso_traces_EasyRecursive_incorrect.bpl/lasso_trace_3.txt,TERMINATING,0.31,32.07,7.00,TERMINATING,2,2,4,Affine template / Affine template
CP26_BENCHMARK_FINAL/BENCHMARK_SIMPLE_C_BPL/TERM_LASSO//lasso_traces_equal-array-sums.bpl/lasso_trace_1.txt,TERMINATING,2.23,67.77,6.00,TERMINATING,4,3,7,Affine template / Affine template
CP26_BENCHMARK_FINAL/BENCHMARK_SIMPLE_C_BPL/TERM_LASSO//lasso_traces_equal-array-sums.bpl/lasso_trace_2.txt,TERMINATING,0.60,40.61,8.00,TERMINATING,5,3,8,Affine template / Affine template
CP26_BENCHMARK_FINAL/BENCHMARK_SIMPLE_C_BPL/TERM_LASSO//lasso_traces_EqUserDefRec.bpl/lasso_trace_1.txt,TERMINATING,1.92,63.04,14.00,TERMINATING,0,4,4,Affine template / Affine template
CP26_BENCHMARK_FINAL/BENCHMARK_SIMPLE_C_BPL/TERM_LASSO//lasso_traces_eureka_01.i_3.bpl/lasso_trace_1.txt,TERMINATING,2.99,82.36,23.00,UNKNOWN,1,1,2,Affine template
CP26_BENCHMARK_FINAL/BENCHMARK_SIMPLE_C_BPL/TERM_LASSO//lasso_traces_eureka_05.i_5.bpl/lasso_trace_1.txt,TERMINATING,1.97,69.20,21.00,UNKNOWN,1,1,2,Affine template
CP26_BENCHMARK_FINAL/BENCHMARK_SIMPLE_C_BPL/TERM_LASSO//lasso_traces_EvZeroIndex01-Robotyne.bpl/lasso_trace_1.txt,TERMINATING,2.69,125.62,31.00,UNKNOWN,1,1,2,Affine template
CP26_BENCHMARK_FINAL/BENCHMARK_SIMPLE_C_BPL/TERM_LASSO//lasso_traces_01-straight.c/lasso_trace_1.txt,TERMINATING,2.28,42.63,5.00,TERMINATING,10,1,11,Affine template / Affine template
CP26_BENCHMARK_FINAL/BENCHMARK_SIMPLE_C_BPL/TERM_LASSO//lasso_traces_04-toylinarith1_false-valid-ltl.c/lasso_trace_1.txt,TERMINATING,1.75,125.50,23.00,TERMINATING,8,1,9,Affine template / Affine template
CP26_BENCHMARK_FINAL/BENCHMARK_SIMPLE_C_BPL/TERM_LASSO//lasso_traces_06-postgreSQL_strmsrv_true-valid-ltl.c/lasso_trace_1.txt,TERMINATING,1.64,171.10,26.00,TERMINATING,8,3,11,Affine template / Affine template
CP26_BENCHMARK_FINAL/BENCHMARK_SIMPLE_C_BPL/TERM_LASSO//lasso_traces_07-postgreSQL_strmsrv_wbug_true-valid-ltl.c/lasso_trace_1.txt,TERMINATING,1.68,180.67,26.00,TERMINATING,8,3,11,Affine template / Affine template
CP26_BENCHMARK_FINAL/BENCHMARK_SIMPLE_C_BPL/TERM_LASSO//lasso_traces_09-postgreSQL_dropbuf_prop1_false-valid-ltl.c/lasso_trace_1.txt,TERMINATING,2.09,290.14,91.00,TERMINATING,8,5,13,Affine template / Affine template
CP26_BENCHMARK_FINAL/BENCHMARK_SIMPLE_C_BPL/TERM_LASSO//lasso_traces_09-postgreSQL_dropbuf_prop1_false-valid-ltl.c/lasso_trace_2.txt,TERMINATING,0.86,204.68,57.00,TERMINATING,8,7,15,Affine template / Affine template
CP26_BENCHMARK_FINAL/BENCHMARK_SIMPLE_C_BPL/TERM_LASSO//lasso_traces_10-postgreSQL_dropbuf_prop2_true-valid-ltl.c/lasso_trace_1.txt,TERMINATING,2.02,281.05,78.00,TERMINATING,8,5,13,Affine template / Affine template
CP26_BENCHMARK_FINAL/BENCHMARK_SIMPLE_C_BPL/TERM_LASSO//lasso_traces_10-postgreSQL_dropbuf_prop2_true-valid-ltl.c/lasso_trace_2.txt,TERMINATING,0.90,224.46,57.00,TERMINATING,8,7,15,Affine template / Affine template
CP26_BENCHMARK_FINAL/BENCHMARK_SIMPLE_C_BPL/TERM_LASSO//lasso_traces_1394complete-fail.t2.c/lasso_trace_1.txt,TERMINATING,1.63,91.01,10.00,TERMINATING,305,18,323,Affine template / Affine template
CP26_BENCHMARK_FINAL/BENCHMARK_SIMPLE_C_BPL/TERM_LASSO//lasso_traces_1394complete-fail.t2.c/lasso_trace_2.txt,TERMINATING,0.46,80.67,14.00,TERMINATING,322,53,375,Affine template / Affine template
CP26_BENCHMARK_FINAL/BENCHMARK_SIMPLE_C_BPL/TERM_LASSO//lasso_traces_1394complete-fail.t2.c/lasso_trace_3.txt,TERMINATING,0.70,76.94,13.00,TERMINATING,339,25,364,Affine template / Affine template
CP26_BENCHMARK_FINAL/BENCHMARK_SIMPLE_C_BPL/TERM_LASSO//lasso_traces_1394complete-succeed.t2.c/lasso_trace_1.txt,TERMINATING,1.59,108.22,11.00,TERMINATING,305,18,323,Affine template / Affine template
CP26_BENCHMARK_FINAL/BENCHMARK_SIMPLE_C_BPL/TERM_LASSO//lasso_traces_1394complete-succeed.t2.c/lasso_trace_2.txt,TERMINATING,0.51,83.04,13.00,TERMINATING,322,53,375,Affine template / Affine template
CP26_BENCHMARK_FINAL/BENCHMARK_SIMPLE_C_BPL/TERM_LASSO//lasso_traces_1394complete-succeed.t2.c/lasso_trace_3.txt,TERMINATING,0.40,74.04,10.00,TERMINATING,339,25,364,Affine template / Affine template
CP26_BENCHMARK_FINAL/BENCHMARK_SIMPLE_C_BPL/TERM_LASSO//lasso_traces_1394complete-succeed.t2.c/lasso_trace_4.txt,TERMINATING,0.40,74.33,12.00,TERMINATING,352,22,374,Affine template / Affine template
CP26_BENCHMARK_FINAL/BENCHMARK_SIMPLE_C_BPL/TERM_LASSO//lasso_traces_1394complete-succeed.t2.c/lasso_trace_5.txt,TERMINATING,0.35,72.91,11.00,TERMINATING,365,13,378,Affine template / Affine template
CP26_BENCHMARK_FINAL/BENCHMARK_SIMPLE_C_BPL/TERM_LASSO//lasso_traces_1394-fail.t2.c/lasso_trace_1.txt,TERMINATING,1.77,95.86,11.00,TERMINATING,297,18,315,Affine template / Affine template
CP26_BENCHMARK_FINAL/BENCHMARK_SIMPLE_C_BPL/TERM_LASSO//lasso_traces_1394-fail.t2.c/lasso_trace_2.txt,TERMINATING,0.45,78.91,13.00,TERMINATING,314,53,367,Affine template / Affine template
CP26_BENCHMARK_FINAL/BENCHMARK_SIMPLE_C_BPL/TERM_LASSO//lasso_traces_1394-succeed.t2.c/lasso_trace_1.txt,TERMINATING,2.04,87.67,10.00,TERMINATING,293,18,311,Affine template / Affine template
CP26_BENCHMARK_FINAL/BENCHMARK_SIMPLE_C_BPL/TERM_LASSO//lasso_traces_1394-succeed.t2.c/lasso_trace_2.txt,TERMINATING,0.44,81.01,14.00,TERMINATING,310,53,363,Affine template / Affine template
CP26_BENCHMARK_FINAL/BENCHMARK_SIMPLE_C_BPL/TERM_LASSO//lasso_traces_13-windows_os_frag1_true-valid-ltl.c/lasso_trace_1.txt,TERMINATING,2.06,107.65,36.00,TERMINATING,8,14,22,Affine template / Affine template
CP26_BENCHMARK_FINAL/BENCHMARK_SIMPLE_C_BPL/TERM_LASSO//lasso_traces_19-windows_os_frag5_true-valid-ltl.c/lasso_trace_1.txt,TERMINATING,2.39,163.05,71.00,TERMINATING,12,12,24,Affine template / Affine template
CP26_BENCHMARK_FINAL/BENCHMARK_SIMPLE_C_BPL/TERM_LASSO//lasso_traces_1.t2.c/lasso_trace_1.txt,TERMINATING,2.17,75.03,10.00,TERMINATING,85,14,99,Affine template / Affine template
CP26_BENCHMARK_FINAL/BENCHMARK_SIMPLE_C_BPL/TERM_LASSO//lasso_traces_2006CAV-GopanReps-Fig1.c/lasso_trace_1.txt,TERMINATING,1.98,95.96,14.00,TERMINATING,5,3,8,Affine template / Affine template
CP26_BENCHMARK_FINAL/BENCHMARK_SIMPLE_C_BPL/TERM_LASSO//lasso_traces_2007POPL-GulwaniJojic-Figure3.c/lasso_trace_1.txt,TERMINATING,1.86,82.09,13.00,TERMINATING,5,2,7,Affine template / Affine template
CP26_BENCHMARK_FINAL/BENCHMARK_SIMPLE_C_BPL/TERM_LASSO//lasso_traces_232.t2.c/lasso_trace_2.txt,TERMINATING,1.54,49.00,5.00,TERMINATING,20,23,43,Affine template / Affine template
CP26_BENCHMARK_FINAL/BENCHMARK_SIMPLE_C_BPL/TERM_LASSO//lasso_traces_232.t2.c/lasso_trace_3.txt,TERMINATING,0.70,33.72,5.00,TERMINATING,25,13,38,Affine template / Affine template
CP26_BENCHMARK_FINAL/BENCHMARK_SIMPLE_C_BPL/TERM_LASSO//lasso_traces_241.t2.c/lasso_trace_2.txt,TERMINATING,1.53,46.19,6.00,TERMINATING,20,23,43,Affine template / Affine template
CP26_BENCHMARK_FINAL/BENCHMARK_SIMPLE_C_BPL/TERM_LASSO//lasso_traces_241.t2.c/lasso_trace_3.txt,TERMINATING,1.00,34.76,5.00,TERMINATING,25,13,38,Affine template / Affine template
CP26_BENCHMARK_FINAL/BENCHMARK_SIMPLE_C_BPL/TERM_LASSO//lasso_traces_2Nested_true-termination.c/lasso_trace_1.txt,TERMINATING,2.15,122.64,13.00,TERMINATING,5,1,6,2 template / Nested template
CP26_BENCHMARK_FINAL/BENCHMARK_SIMPLE_C_BPL/TERM_LASSO//lasso_traces_2.t2.c/lasso_trace_1.txt,TERMINATING,9.48,76.20,10.00,TERMINATING,85,14,99,Affine template / Affine template
CP26_BENCHMARK_FINAL/BENCHMARK_SIMPLE_C_BPL/TERM_LASSO//lasso_traces_4BitCounterPointer-safe.c/lasso_trace_1.txt,TERMINATING,2.04,282.99,151.00,TERMINATING,9,5,14,Affine template / Affine template
CP26_BENCHMARK_FINAL/BENCHMARK_SIMPLE_C_BPL/TERM_LASSO//lasso_traces_4BitCounterPointer_true-termination.c/lasso_trace_1.txt,TERMINATING,3.49,144.40,41.00,TERMINATING,9,5,14,Affine template / Affine template
CP26_BENCHMARK_FINAL/BENCHMARK_SIMPLE_C_BPL/TERM_LASSO//lasso_traces_4NestedWith3Variables_true-termination.c/lasso_trace_1.txt,TERMINATING,2.27,315.35,35.00,UNKNOWN,5,1,6,3 template
CP26_BENCHMARK_FINAL/BENCHMARK_SIMPLE_C_BPL/TERM_LASSO//lasso_traces_960521-1_1_true-valid-memsafety.c/lasso_trace_1.txt,TERMINATING,2.01,66.66,7.00,TERMINATING,5,2,7,Affine template / Affine template
CP26_BENCHMARK_FINAL/BENCHMARK_SIMPLE_C_BPL/TERM_LASSO//lasso_traces_960521-1_1_true-valid-memsafety.c/lasso_trace_2.txt,TERMINATING,0.68,84.15,30.00,TERMINATING,11,2,13,Affine template / Affine template
CP26_BENCHMARK_FINAL/BENCHMARK_SIMPLE_C_BPL/TERM_LASSO//lasso_traces_a.01-alloca_true-termination.c/lasso_trace_3.txt,TERMINATING,2.62,106.25,51.00,TERMINATING,10,15,25,Affine template / Affine template
CP26_BENCHMARK_FINAL/BENCHMARK_SIMPLE_C_BPL/TERM_LASSO//lasso_traces_a.01.c/lasso_trace_2.txt,TERMINATING,1.73,57.45,6.00,TERMINATING,1,3,4,Affine template / Affine template
CP26_BENCHMARK_FINAL/BENCHMARK_SIMPLE_C_BPL/TERM_LASSO//lasso_traces_a.01.c/lasso_trace_3.txt,TERMINATING,0.86,37.74,6.00,TERMINATING,2,1,3,Affine template / Affine template
CP26_BENCHMARK_FINAL/BENCHMARK_SIMPLE_C_BPL/TERM_LASSO//lasso_traces_a.01_true-termination.c/lasso_trace_2.txt,TERMINATING,1.88,56.36,7.00,TERMINATING,7,3,10,Affine template / Affine template
CP26_BENCHMARK_FINAL/BENCHMARK_SIMPLE_C_BPL/TERM_LASSO//lasso_traces_a.01_true-termination.c/lasso_trace_3.txt,TERMINATING,0.46,34.46,8.00,TERMINATING,8,1,9,Affine template / Affine template
CP26_BENCHMARK_FINAL/BENCHMARK_SIMPLE_C_BPL/TERM_LASSO//lasso_traces_a.03.c/lasso_trace_1.txt,TERMINATING,2.41,80.92,14.00,TERMINATING,1,2,3,Affine template / Affine template
CP26_BENCHMARK_FINAL/BENCHMARK_SIMPLE_C_BPL/TERM_LASSO//lasso_traces_a.03.c/lasso_trace_2.txt,TERMINATING,0.66,540.39,111.00,TERMINATING,2,3,5,Affine template / Affine template
CP26_BENCHMARK_FINAL/BENCHMARK_SIMPLE_C_BPL/TERM_LASSO//lasso_traces_a.03-no-inv.c/lasso_trace_1.txt,TERMINATING,3.85,92.48,13.00,TERMINATING,1,2,3,Affine template / Affine template
CP26_BENCHMARK_FINAL/BENCHMARK_SIMPLE_C_BPL/TERM_LASSO//lasso_traces_a.03-no-inv.c/lasso_trace_2.txt,TERMINATING,0.67,553.27,82.00,TERMINATING,2,3,5,Affine template / Affine template
CP26_BENCHMARK_FINAL/BENCHMARK_SIMPLE_C_BPL/TERM_LASSO//lasso_traces_a.03.real.c/lasso_trace_1.txt,TERMINATING,3.52,66.43,14.00,TERMINATING,1,3,4,Affine template / Affine template
CP26_BENCHMARK_FINAL/BENCHMARK_SIMPLE_C_BPL/TERM_LASSO//lasso_traces_a.03.real.c/lasso_trace_2.txt,TERMINATING,1.04,505.72,80.00,TERMINATING,2,4,6,Affine template / Affine template
CP26_BENCHMARK_FINAL/BENCHMARK_SIMPLE_C_BPL/TERM_LASSO//lasso_traces_a.03.real-no-inv.c/lasso_trace_1.txt,TERMINATING,2.74,67.53,13.00,TERMINATING,1,3,4,Affine template / Affine template
CP26_BENCHMARK_FINAL/BENCHMARK_SIMPLE_C_BPL/TERM_LASSO//lasso_traces_a.03.real-no-inv.c/lasso_trace_2.txt,TERMINATING,0.63,487.22,80.00,TERMINATING,2,4,6,Affine template / Affine template
CP26_BENCHMARK_FINAL/BENCHMARK_SIMPLE_C_BPL/TERM_LASSO//lasso_traces_a.04-alloca_true-termination.c/lasso_trace_1.txt,TERMINATING,2.82,186.64,51.00,TERMINATING,10,7,17,Affine template / Affine template
CP26_BENCHMARK_FINAL/BENCHMARK_SIMPLE_C_BPL/TERM_LASSO//lasso_traces_a.04.c/lasso_trace_1.txt,TERMINATING,2.01,51.65,6.00,TERMINATING,1,1,2,Affine template / Affine template
CP26_BENCHMARK_FINAL/BENCHMARK_SIMPLE_C_BPL/TERM_LASSO//lasso_traces_a.04_true-termination.c/lasso_trace_1.txt,TERMINATING,2.16,74.37,8.00,TERMINATING,7,1,8,Affine template / Affine template
CP26_BENCHMARK_FINAL/BENCHMARK_SIMPLE_C_BPL/TERM_LASSO//lasso_traces_a.05-alloca_true-termination.c/lasso_trace_1.txt,TERMINATING,2.65,177.25,49.00,TERMINATING,10,7,17,Affine template / Affine template
CP26_BENCHMARK_FINAL/BENCHMARK_SIMPLE_C_BPL/TERM_LASSO//lasso_traces_a.05.c/lasso_trace_1.txt,TERMINATING,2.08,47.82,7.00,TERMINATING,1,1,2,Affine template / Affine template
CP26_BENCHMARK_FINAL/BENCHMARK_SIMPLE_C_BPL/TERM_LASSO//lasso_traces_a.05_true-termination.c/lasso_trace_1.txt,TERMINATING,1.98,56.62,8.00,TERMINATING,7,1,8,Affine template / Affine template
CP26_BENCHMARK_FINAL/BENCHMARK_SIMPLE_C_BPL/TERM_LASSO//lasso_traces_a.06-alloca_true-termination.c/lasso_trace_1.txt,TERMINATING,3.02,141.93,64.00,TERMINATING,11,10,21,Affine template / Affine template
CP26_BENCHMARK_FINAL/BENCHMARK_SIMPLE_C_BPL/TERM_LASSO//lasso_traces_a.06.c/lasso_trace_1.txt,TERMINATING,2.08,71.55,10.00,TERMINATING,1,1,2,Affine template / Affine template
CP26_BENCHMARK_FINAL/BENCHMARK_SIMPLE_C_BPL/TERM_LASSO//lasso_traces_a.06_true-termination.c/lasso_trace_1.txt,TERMINATING,2.16,71.16,11.00,TERMINATING,7,1,8,Affine template / Affine template
CP26_BENCHMARK_FINAL/BENCHMARK_SIMPLE_C_BPL/TERM_LASSO//lasso_traces_a.07-alloca_true-termination.c/lasso_trace_2.txt,TERMINATING,2.67,224.32,61.00,TERMINATING,11,12,23,Affine template / Affine template
CP26_BENCHMARK_FINAL/BENCHMARK_SIMPLE_C_BPL/TERM_LASSO//lasso_traces_a.07.c/lasso_trace_1.txt,TERMINATING,2.18,64.54,9.00,TERMINATING,1,1,2,Affine template / Affine template
CP26_BENCHMARK_FINAL/BENCHMARK_SIMPLE_C_BPL/TERM_LASSO//lasso_traces_a.07_true-termination.c/lasso_trace_1.txt,TERMINATING,2.05,65.98,11.00,TERMINATING,7,1,8,Affine template / Affine template
CP26_BENCHMARK_FINAL/BENCHMARK_SIMPLE_C_BPL/TERM_LASSO//lasso_traces_a.08-alloca_true-termination.c/lasso_trace_1.txt,TERMINATING,2.66,124.14,44.00,TERMINATING,10,9,19,Affine template / Affine template
CP26_BENCHMARK_FINAL/BENCHMARK_SIMPLE_C_BPL/TERM_LASSO//lasso_traces_a.08.c/lasso_trace_1.txt,TERMINATING,2.28,69.27,9.00,TERMINATING,1,1,2,Affine template / Affine template
CP26_BENCHMARK_FINAL/BENCHMARK_SIMPLE_C_BPL/TERM_LASSO//lasso_traces_a.08_true-termination.c/lasso_trace_1.txt,TERMINATING,2.06,59.13,11.00,TERMINATING,7,1,8,Affine template / Affine template
CP26_BENCHMARK_FINAL/BENCHMARK_SIMPLE_C_BPL/TERM_LASSO//lasso_traces_a.09_assume-alloca_true-termination.c/lasso_trace_1.txt,TERMINATING,2.37,201.78,49.00,TERMINATING,12,8,20,Affine template / Affine template
CP26_BENCHMARK_FINAL/BENCHMARK_SIMPLE_C_BPL/TERM_LASSO//lasso_traces_a.09_assume_true-termination.c/lasso_trace_1.txt,TERMINATING,1.66,55.93,8.00,TERMINATING,8,2,10,Affine template / Affine template
CP26_BENCHMARK_FINAL/BENCHMARK_SIMPLE_C_BPL/TERM_LASSO//lasso_traces_a.10-alloca_true-termination.c/lasso_trace_1.txt,TERMINATING,2.55,130.19,41.00,TERMINATING,10,10,20,Affine template / Affine template
CP26_BENCHMARK_FINAL/BENCHMARK_SIMPLE_C_BPL/TERM_LASSO//lasso_traces_a.10-alloca_true-termination.c/lasso_trace_2.txt,TERMINATING,1.43,90.30,47.00,TERMINATING,16,10,26,Affine template / Affine template
CP26_BENCHMARK_FINAL/BENCHMARK_SIMPLE_C_BPL/TERM_LASSO//lasso_traces_a.10.c.t2.c/lasso_trace_10.txt,TERMINATING,0.41,114.44,32.00,TERMINATING,109,22,131,Affine template / Affine template
CP26_BENCHMARK_FINAL/BENCHMARK_SIMPLE_C_BPL/TERM_LASSO//lasso_traces_a.10.c.t2.c/lasso_trace_2.txt,TERMINATING,1.73,62.13,12.00,TERMINATING,68,22,90,Affine template / Affine template
CP26_BENCHMARK_FINAL/BENCHMARK_SIMPLE_C_BPL/TERM_LASSO//lasso_traces_a.10.c.t2.c/lasso_trace_3.txt,TERMINATING,0.33,49.54,15.00,TERMINATING,72,22,94,Affine template / Affine template
CP26_BENCHMARK_FINAL/BENCHMARK_SIMPLE_C_BPL/TERM_LASSO//lasso_traces_a.10.c.t2.c/lasso_trace_4.txt,TERMINATING,0.31,52.34,12.00,TERMINATING,72,22,94,Affine template / Affine template
CP26_BENCHMARK_FINAL/BENCHMARK_SIMPLE_C_BPL/TERM_LASSO//lasso_traces_a.10.c.t2.c/lasso_trace_5.txt,TERMINATING,0.38,54.05,12.00,TERMINATING,80,22,102,Affine template / Affine template
CP26_BENCHMARK_FINAL/BENCHMARK_SIMPLE_C_BPL/TERM_LASSO//lasso_traces_a.10.c.t2.c/lasso_trace_7.txt,TERMINATING,0.31,50.15,12.00,TERMINATING,84,22,106,Affine template / Affine template
CP26_BENCHMARK_FINAL/BENCHMARK_SIMPLE_C_BPL/TERM_LASSO//lasso_traces_a.10.c.t2.c/lasso_trace_8.txt,TERMINATING,0.41,104.93,42.00,TERMINATING,92,22,114,Affine template / Affine template
CP26_BENCHMARK_FINAL/BENCHMARK_SIMPLE_C_BPL/TERM_LASSO//lasso_traces_a.11.c/lasso_trace_1.txt,TERMINATING,2.11,2543.80,27.00,TERMINATING,1,1,2,2 template / Affine template
CP26_BENCHMARK_FINAL/BENCHMARK_SIMPLE_C_BPL/TERM_LASSO//lasso_traces_aaron2_true-termination.c/lasso_trace_1.txt,TERMINATING,1.85,164.02,15.00,TERMINATING,5,1,6,Affine template / Affine template
CP26_BENCHMARK_FINAL/BENCHMARK_SIMPLE_C_BPL/TERM_LASSO//lasso_traces_aaron3_true-termination.c/lasso_trace_1.txt,TERMINATING,2.12,1658.57,54.00,TERMINATING,5,1,6,2 template / Nested template
CP26_BENCHMARK_FINAL/BENCHMARK_SIMPLE_C_BPL/TERM_LASSO//lasso_traces_Ackermann01_true-termination.c/lasso_trace_1.txt,TERMINATING,2.02,116.30,12.00,TERMINATING,8,4,12,Affine template / Affine template
CP26_BENCHMARK_FINAL/BENCHMARK_SIMPLE_C_BPL/TERM_LASSO//lasso_traces_Ackermann01_true-termination.c/lasso_trace_13.txt,TERMINATING,0.27,170.08,22.00,TERMINATING,53,4,57,Affine template / Affine template
CP26_BENCHMARK_FINAL/BENCHMARK_SIMPLE_C_BPL/TERM_LASSO//lasso_traces_Ackermann01_true-termination.c/lasso_trace_2.txt,TERMINATING,0.52,219.07,45.00,TERMINATING,11,4,15,Affine template / Affine template
CP26_BENCHMARK_FINAL/BENCHMARK_SIMPLE_C_BPL/TERM_LASSO//lasso_traces_Ackermann01_true-termination.c/lasso_trace_4.txt,TERMINATING,0.30,63.32,18.00,TERMINATING,15,8,23,Affine template / Affine template
CP26_BENCHMARK_FINAL/BENCHMARK_SIMPLE_C_BPL/TERM_LASSO//lasso_traces_Ackermann01_true-termination.c/lasso_trace_6.txt,TERMINATING,0.36,190.04,36.00,TERMINATING,18,4,22,Affine template / Affine template
CP26_BENCHMARK_FINAL/BENCHMARK_SIMPLE_C_BPL/TERM_LASSO//lasso_traces_Ackermann_true-termination.c/lasso_trace_1.txt,TERMINATING,1.83,250.12,25.00,TERMINATING,7,4,11,Affine template / Affine template
CP26_BENCHMARK_FINAL/BENCHMARK_SIMPLE_C_BPL/TERM_LASSO//lasso_traces_Ackermann_true-termination.c/lasso_trace_3.txt,TERMINATING,0.30,70.42,15.00,TERMINATING,11,8,19,Affine template / Affine template
CP26_BENCHMARK_FINAL/BENCHMARK_SIMPLE_C_BPL/TERM_LASSO//lasso_traces_Ackermann_true-termination.c/lasso_trace_4.txt,TERMINATING,0.85,209.58,35.00,TERMINATING,13,4,17,Affine template / Affine template
CP26_BENCHMARK_FINAL/BENCHMARK_SIMPLE_C_BPL/TERM_LASSO//lasso_traces_Acsl01-EnsuresLocal-Safe.c/lasso_trace_1.txt,TERMINATING,1.88,60.70,7.00,TERMINATING,7,1,8,Affine template / Affine template
CP26_BENCHMARK_FINAL/BENCHMARK_SIMPLE_C_BPL/TERM_LASSO//lasso_traces_Acsl02-EnsuresLocal-Unsafe.c/lasso_trace_1.txt,TERMINATING,1.96,58.53,8.00,TERMINATING,7,1,8,Affine template / Affine template
CP26_BENCHMARK_FINAL/BENCHMARK_SIMPLE_C_BPL/TERM_LASSO//lasso_traces_Acsl03-EnsuresGlobal-Safe.c/lasso_trace_1.txt,TERMINATING,2.08,50.71,8.00,TERMINATING,7,1,8,Affine template / Affine template
CP26_BENCHMARK_FINAL/BENCHMARK_SIMPLE_C_BPL/TERM_LASSO//lasso_traces_Acsl04-EnsuresGlobal-Unsafe.c/lasso_trace_1.txt,TERMINATING,2.09,52.95,5.00,TERMINATING,7,1,8,Affine template / Affine template
CP26_BENCHMARK_FINAL/BENCHMARK_SIMPLE_C_BPL/TERM_LASSO//lasso_traces_ACSL-InvariantAndContinue.c/lasso_trace_1.txt,TERMINATING,1.81,43.30,5.00,TERMINATING,5,2,7,Affine template / Affine template
CP26_BENCHMARK_FINAL/BENCHMARK_SIMPLE_C_BPL/TERM_LASSO//lasso_traces_AcslLoopInvariant.c/lasso_trace_1.txt,TERMINATING,1.93,51.60,7.00,TERMINATING,5,2,7,Affine template / Affine template
CP26_BENCHMARK_FINAL/BENCHMARK_SIMPLE_C_BPL/TERM_LASSO//lasso_traces_Addition01_true-termination.c/lasso_trace_1.txt,TERMINATING,1.82,58.07,8.00,TERMINATING,8,4,12,Affine template / Affine template
CP26_BENCHMARK_FINAL/BENCHMARK_SIMPLE_C_BPL/TERM_LASSO//lasso_traces_Addition01_true-unreach-call_true-termination.c/lasso_trace_1.txt,TERMINATING,2.22,61.64,8.00,TERMINATING,8,4,12,Affine template / Affine template
CP26_BENCHMARK_FINAL/BENCHMARK_SIMPLE_C_BPL/TERM_LASSO//lasso_traces_add_last-alloca_true-termination.c/lasso_trace_1.txt,TERMINATING,2.06,2164.91,232.00,TERMINATING,6,6,12,Affine template / Affine template
CP26_BENCHMARK_FINAL/BENCHMARK_SIMPLE_C_BPL/TERM_LASSO//lasso_traces_afterrec_2calls_false-unreach-call.c/lasso_trace_1.txt,TERMINATING,1.73,53.60,5.00,TERMINATING,5,6,11,Affine template / Affine template
CP26_BENCHMARK_FINAL/BENCHMARK_SIMPLE_C_BPL/TERM_LASSO//lasso_traces_AliasDarteFeautrierGonnord-SAS2010-aaron2_true-termination.c/lasso_trace_1.txt,TERMINATING,1.75,85.10,16.00,TERMINATING,5,1,6,Affine template / Affine template
CP26_BENCHMARK_FINAL/BENCHMARK_SIMPLE_C_BPL/TERM_LASSO//lasso_traces_AliasDarteFeautrierGonnord-SAS2010-aaron3_true-termination.c/lasso_trace_1.txt,TERMINATING,2.27,1610.03,49.00,TERMINATING,5,1,6,2 template / Nested template
CP26_BENCHMARK_FINAL/BENCHMARK_SIMPLE_C_BPL/TERM_LASSO//lasso_traces_AliasDarteFeautrierGonnord-SAS2010-complex_true-termination.c/lasso_trace_1.txt,TERMINATING,2.02,59.60,11.00,TERMINATING,5,2,7,Affine template / Affine template
CP26_BENCHMARK_FINAL/BENCHMARK_SIMPLE_C_BPL/TERM_LASSO//lasso_traces_AliasDarteFeautrierGonnord-SAS2010-complex_true-termination.c/lasso_trace_2.txt,TERMINATING,0.51,109.29,19.00,TERMINATING,8,1,9,Affine template / Affine template
CP26_BENCHMARK_FINAL/BENCHMARK_SIMPLE_C_BPL/TERM_LASSO//lasso_traces_AliasDarteFeautrierGonnord-SAS2010-complex_true-termination.c/lasso_trace_3.txt,TERMINATING,0.49,153.86,29.00,TERMINATING,11,1,12,Affine template / Affine template
CP26_BENCHMARK_FINAL/BENCHMARK_SIMPLE_C_BPL/TERM_LASSO//lasso_traces_AliasDarteFeautrierGonnord-SAS2010-counterex1b_true-termination.c/lasso_trace_2.txt,TERMINATING,2.88,61.57,9.00,TERMINATING,5,6,11,Affine template / Affine template
CP26_BENCHMARK_FINAL/BENCHMARK_SIMPLE_C_BPL/TERM_LASSO//lasso_traces_AliasDarteFeautrierGonnord-SAS2010-counterex1b_true-termination.c/lasso_trace_3.txt,TERMINATING,0.44,40.96,11.00,TERMINATING,6,2,8,Affine template / Affine template
CP26_BENCHMARK_FINAL/BENCHMARK_SIMPLE_C_BPL/TERM_LASSO//lasso_traces_AliasDarteFeautrierGonnord-SAS2010-counterex1b_true-termination.c/lasso_trace_4.txt,TERMINATING,0.36,42.25,9.00,TERMINATING,11,2,13,Affine template / Affine template
CP26_BENCHMARK_FINAL/BENCHMARK_SIMPLE_C_BPL/TERM_LASSO//lasso_traces_AliasDarteFeautrierGonnord-SAS2010-counterex1b_true-termination.c/lasso_trace_5.txt,TERMINATING,0.30,39.79,10.00,TERMINATING,14,2,16,Affine template / Affine template
CP26_BENCHMARK_FINAL/BENCHMARK_SIMPLE_C_BPL/TERM_LASSO//lasso_traces_AliasDarteFeautrierGonnord-SAS2010-counterex1b_true-termination.c/lasso_trace_6.txt,TERMINATING,0.33,833.71,27.00,UNKNOWN,20,2,22,2 template
CP26_BENCHMARK_FINAL/BENCHMARK_SIMPLE_C_BPL/TERM_LASSO//lasso_traces_AliasDarteFeautrierGonnord-SAS2010-easy1_true-termination.c/lasso_trace_1.txt,TERMINATING,2.06,126.41,19.00,TERMINATING,5,1,6,Affine template / Affine template
CP26_BENCHMARK_FINAL/BENCHMARK_SIMPLE_C_BPL/TERM_LASSO//lasso_traces_AliasDarteFeautrierGonnord-SAS2010-easy2_true-termination.c/lasso_trace_1.txt,TERMINATING,1.91,59.04,8.00,TERMINATING,5,1,6,Affine template / Affine template
CP26_BENCHMARK_FINAL/BENCHMARK_SIMPLE_C_BPL/TERM_LASSO//lasso_traces_AliasDarteFeautrierGonnord-SAS2010-exmini_true-termination.c/lasso_trace_1.txt,TERMINATING,1.99,85.37,16.00,TERMINATING,5,1,6,Affine template / Affine template
CP26_BENCHMARK_FINAL/BENCHMARK_SIMPLE_C_BPL/TERM_LASSO//lasso_traces_AliasDarteFeautrierGonnord-SAS2010-Fig1_true-termination.c/lasso_trace_1.txt,TERMINATING,2.26,50.46,10.00,TERMINATING,5,3,8,Affine template / Affine template
CP26_BENCHMARK_FINAL/BENCHMARK_SIMPLE_C_BPL/TERM_LASSO//lasso_traces_AliasDarteFeautrierGonnord-SAS2010-Fig1_true-termination.c/lasso_trace_10.txt,TERMINATING,0.25,38.03,9.00,TERMINATING,32,3,35,Affine template / Affine template
CP26_BENCHMARK_FINAL/BENCHMARK_SIMPLE_C_BPL/TERM_LASSO//lasso_traces_AliasDarteFeautrierGonnord-SAS2010-Fig1_true-termination.c/lasso_trace_2.txt,TERMINATING,0.37,59.15,10.00,TERMINATING,9,2,11,Affine template / Affine template
CP26_BENCHMARK_FINAL/BENCHMARK_SIMPLE_C_BPL/TERM_LASSO//lasso_traces_AliasDarteFeautrierGonnord-SAS2010-Fig1_true-termination.c/lasso_trace_4.txt,TERMINATING,0.41,48.56,8.00,TERMINATING,11,6,17,Affine template / Affine template
CP26_BENCHMARK_FINAL/BENCHMARK_SIMPLE_C_BPL/TERM_LASSO//lasso_traces_AliasDarteFeautrierGonnord-SAS2010-Fig1_true-termination.c/lasso_trace_6.txt,TERMINATING,0.29,40.97,10.00,TERMINATING,15,8,23,Affine template / Affine template
CP26_BENCHMARK_FINAL/BENCHMARK_SIMPLE_C_BPL/TERM_LASSO//lasso_traces_AliasDarteFeautrierGonnord-SAS2010-Fig1_true-termination.c/lasso_trace_7.txt,TERMINATING,0.28,37.52,10.00,TERMINATING,15,2,17,Affine template / Affine template
CP26_BENCHMARK_FINAL/BENCHMARK_SIMPLE_C_BPL/TERM_LASSO//lasso_traces_AliasDarteFeautrierGonnord-SAS2010-Fig2a_true-termination.c/lasso_trace_2.txt,TERMINATING,1.96,54.75,12.00,TERMINATING,5,4,9,Affine template / Affine template
CP26_BENCHMARK_FINAL/BENCHMARK_SIMPLE_C_BPL/TERM_LASSO//lasso_traces_AliasDarteFeautrierGonnord-SAS2010-Fig2a_true-termination.c/lasso_trace_3.txt,TERMINATING,0.47,917.26,28.00,UNKNOWN,7,2,9,2 template
CP26_BENCHMARK_FINAL/BENCHMARK_SIMPLE_C_BPL/TERM_LASSO//lasso_traces_AliasDarteFeautrierGonnord-SAS2010-Fig2a_true-termination.c/lasso_trace_4.txt,TERMINATING,0.38,866.78,29.00,UNKNOWN,11,2,13,2 template
CP26_BENCHMARK_FINAL/BENCHMARK_SIMPLE_C_BPL/TERM_LASSO//lasso_traces_AliasDarteFeautrierGonnord-SAS2010-Fig2b_true-termination.c/lasso_trace_10.txt,TERMINATING,0.27,41.74,10.00,TERMINATING,14,11,25,Affine template / Affine template
CP26_BENCHMARK_FINAL/BENCHMARK_SIMPLE_C_BPL/TERM_LASSO//lasso_traces_AliasDarteFeautrierGonnord-SAS2010-Fig2b_true-termination.c/lasso_trace_11.txt,TERMINATING,0.25,37.17,10.00,TERMINATING,21,2,23,Affine template / Affine template
CP26_BENCHMARK_FINAL/BENCHMARK_SIMPLE_C_BPL/TERM_LASSO//lasso_traces_AliasDarteFeautrierGonnord-SAS2010-Fig2b_true-termination.c/lasso_trace_12.txt,TERMINATING,0.27,34.38,11.00,TERMINATING,21,11,32,Affine template / Affine template
CP26_BENCHMARK_FINAL/BENCHMARK_SIMPLE_C_BPL/TERM_LASSO//lasso_traces_AliasDarteFeautrierGonnord-SAS2010-Fig2b_true-termination.c/lasso_trace_13.txt,TERMINATING,0.26,46.36,10.00,TERMINATING,23,4,27,Affine template / Affine template
CP26_BENCHMARK_FINAL/BENCHMARK_SIMPLE_C_BPL/TERM_LASSO//lasso_traces_AliasDarteFeautrierGonnord-SAS2010-Fig2b_true-termination.c/lasso_trace_2.txt,TERMINATING,1.90,63.78,12.00,TERMINATING,5,4,9,Affine template / Affine template
CP26_BENCHMARK_FINAL/BENCHMARK_SIMPLE_C_BPL/TERM_LASSO//lasso_traces_AliasDarteFeautrierGonnord-SAS2010-Fig2b_true-termination.c/lasso_trace_3.txt,TERMINATING,0.49,993.88,31.00,UNKNOWN,7,5,12,2 template
CP26_BENCHMARK_FINAL/BENCHMARK_SIMPLE_C_BPL/TERM_LASSO//lasso_traces_AliasDarteFeautrierGonnord-SAS2010-Fig2b_true-termination.c/lasso_trace_4.txt,TERMINATING,0.33,41.32,13.00,TERMINATING,8,2,10,Affine template / Affine template
CP26_BENCHMARK_FINAL/BENCHMARK_SIMPLE_C_BPL/TERM_LASSO//lasso_traces_AliasDarteFeautrierGonnord-SAS2010-Fig2b_true-termination.c/lasso_trace_5.txt,TERMINATING,0.29,79.87,20.00,TERMINATING,13,5,18,Affine template / Affine template
CP26_BENCHMARK_FINAL/BENCHMARK_SIMPLE_C_BPL/TERM_LASSO//lasso_traces_AliasDarteFeautrierGonnord-SAS2010-Fig2b_true-termination.c/lasso_trace_6.txt,TERMINATING,0.26,42.10,10.00,TERMINATING,15,4,19,Affine template / Affine template
CP26_BENCHMARK_FINAL/BENCHMARK_SIMPLE_C_BPL/TERM_LASSO//lasso_traces_AliasDarteFeautrierGonnord-SAS2010-Fig2b_true-termination.c/lasso_trace_7.txt,TERMINATING,0.32,836.31,31.00,UNKNOWN,16,5,21,2 template
CP26_BENCHMARK_FINAL/BENCHMARK_SIMPLE_C_BPL/TERM_LASSO//lasso_traces_AliasDarteFeautrierGonnord-SAS2010-Fig2b_true-termination.c/lasso_trace_8.txt,TERMINATING,0.35,35.47,12.00,TERMINATING,17,2,19,Affine template / Affine template
CP26_BENCHMARK_FINAL/BENCHMARK_SIMPLE_C_BPL/TERM_LASSO//lasso_traces_AliasDarteFeautrierGonnord-SAS2010-Fig2b_true-termination.c/lasso_trace_9.txt,TERMINATING,0.33,44.53,10.00,TERMINATING,19,4,23,Affine template / Affine template
CP26_BENCHMARK_FINAL/BENCHMARK_SIMPLE_C_BPL/TERM_LASSO//lasso_traces_AliasDarteFeautrierGonnord-SAS2010-loops_true-termination.c/lasso_trace_1.txt,TERMINATING,1.73,61.17,9.00,TERMINATING,6,3,9,Affine template / Affine template
CP26_BENCHMARK_FINAL/BENCHMARK_SIMPLE_C_BPL/TERM_LASSO//lasso_traces_AliasDarteFeautrierGonnord-SAS2010-ndecr_true-termination.c/lasso_trace_1.txt,TERMINATING,1.83,56.60,7.00,TERMINATING,5,1,6,Affine template / Affine template
CP26_BENCHMARK_FINAL/BENCHMARK_SIMPLE_C_BPL/TERM_LASSO//lasso_traces_AliasDarteFeautrierGonnord-SAS2010-nestedLoop_true-termination.c/lasso_trace_1.txt,TERMINATING,1.96,77.10,10.00,TERMINATING,6,2,8,Affine template / Affine template
CP26_BENCHMARK_FINAL/BENCHMARK_SIMPLE_C_BPL/TERM_LASSO//lasso_traces_AliasDarteFeautrierGonnord-SAS2010-nestedLoop_true-termination.c/lasso_trace_2.txt,TERMINATING,0.48,51.04,10.00,TERMINATING,8,1,9,Affine template / Affine template
CP26_BENCHMARK_FINAL/BENCHMARK_SIMPLE_C_BPL/TERM_LASSO//lasso_traces_AliasDarteFeautrierGonnord-SAS2010-nestedLoop_true-termination.c/lasso_trace_3.txt,TERMINATING,0.55,43.87,12.00,TERMINATING,9,2,11,Affine template / Affine template
CP26_BENCHMARK_FINAL/BENCHMARK_SIMPLE_C_BPL/TERM_LASSO//lasso_traces_AliasDarteFeautrierGonnord-SAS2010-nestedLoop_true-termination.c/lasso_trace_5.txt,TERMINATING,0.34,42.55,12.00,TERMINATING,10,4,14,Affine template / Affine template
CP26_BENCHMARK_FINAL/BENCHMARK_SIMPLE_C_BPL/TERM_LASSO//lasso_traces_AliasDarteFeautrierGonnord-SAS2010-nestedLoop_true-termination.c/lasso_trace_6.txt,TERMINATING,0.26,37.11,13.00,TERMINATING,11,2,13,Affine template / Affine template
CP26_BENCHMARK_FINAL/BENCHMARK_SIMPLE_C_BPL/TERM_LASSO//lasso_traces_AliasDarteFeautrierGonnord-SAS2010-random1d_true-termination.c/lasso_trace_1.txt,TERMINATING,2.06,110.45,20.00,TERMINATING,6,1,7,Affine template / Affine template
CP26_BENCHMARK_FINAL/BENCHMARK_SIMPLE_C_BPL/TERM_LASSO//lasso_traces_AliasDarteFeautrierGonnord-SAS2010-random2d_true-termination.c/lasso_trace_1.txt,TERMINATING,1.68,519.18,54.00,TERMINATING,5,1,6,Affine template / Affine template
CP26_BENCHMARK_FINAL/BENCHMARK_SIMPLE_C_BPL/TERM_LASSO//lasso_traces_AliasDarteFeautrierGonnord-SAS2010-rsd_true-termination.c/lasso_trace_1.txt,TERMINATING,2.07,122.28,19.00,TERMINATING,6,1,7,Affine template / Affine template
CP26_BENCHMARK_FINAL/BENCHMARK_SIMPLE_C_BPL/TERM_LASSO//lasso_traces_AliasDarteFeautrierGonnord-SAS2010-speedpldi2_true-termination.c/lasso_trace_1.txt,TERMINATING,2.01,125.58,14.00,TERMINATING,6,1,7,Affine template / Affine template
CP26_BENCHMARK_FINAL/BENCHMARK_SIMPLE_C_BPL/TERM_LASSO//lasso_traces_AliasDarteFeautrierGonnord-SAS2010-speedpldi4_true-termination.c/lasso_trace_1.txt,TERMINATING,2.13,97.95,15.00,TERMINATING,6,1,7,Affine template / Affine template
CP26_BENCHMARK_FINAL/BENCHMARK_SIMPLE_C_BPL/TERM_LASSO//lasso_traces_AliasDarteFeautrierGonnord-SAS2010-terminate_true-termination.c/lasso_trace_1.txt,TERMINATING,2.01,68.20,13.00,TERMINATING,5,1,6,Affine template / Affine template
CP26_BENCHMARK_FINAL/BENCHMARK_SIMPLE_C_BPL/TERM_LASSO//lasso_traces_AliasDarteFeautrierGonnord-SAS2010-wcet2_true-termination.c/lasso_trace_1.txt,TERMINATING,1.88,62.42,10.00,TERMINATING,5,2,7,Affine template / Affine template
CP26_BENCHMARK_FINAL/BENCHMARK_SIMPLE_C_BPL/TERM_LASSO//lasso_traces_AliasDarteFeautrierGonnord-SAS2010-wcet2_true-termination.c/lasso_trace_3.txt,TERMINATING,0.40,45.70,10.00,TERMINATING,7,1,8,Affine template / Affine template
CP26_BENCHMARK_FINAL/BENCHMARK_SIMPLE_C_BPL/TERM_LASSO//lasso_traces_AliasDarteFeautrierGonnord-SAS2010-while2_true-termination.c/lasso_trace_2.txt,TERMINATING,0.44,41.34,9.00,TERMINATING,6,1,7,Affine template / Affine template
CP26_BENCHMARK_FINAL/BENCHMARK_SIMPLE_C_BPL/TERM_LASSO//lasso_traces_apchild-accepted-fail.t2.c/lasso_trace_1.txt,TERMINATING,1.95,145.51,16.00,TERMINATING,526,13,539,Affine template / Affine template
CP26_BENCHMARK_FINAL/BENCHMARK_SIMPLE_C_BPL/TERM_LASSO//lasso_traces_apchild-accepted.t2.c/lasso_trace_1.txt,TERMINATING,1.93,142.08,18.00,TERMINATING,526,13,539,Affine template / Affine template
CP26_BENCHMARK_FINAL/BENCHMARK_SIMPLE_C_BPL/TERM_LASSO//lasso_traces_apchildlive-succeed.t2.c/lasso_trace_1.txt,TERMINATING,1.86,125.24,16.00,TERMINATING,505,13,518,Affine template / Affine template
CP26_BENCHMARK_FINAL/BENCHMARK_SIMPLE_C_BPL/TERM_LASSO//lasso_traces_apchild-live.t2.c/lasso_trace_1.txt,TERMINATING,1.91,150.23,22.00,TERMINATING,587,21,608,Affine template / Affine template
CP26_BENCHMARK_FINAL/BENCHMARK_SIMPLE_C_BPL/TERM_LASSO//lasso_traces_array01-alloca_true-termination.c/lasso_trace_2.txt,TERMINATING,1.97,65.26,16.00,TERMINATING,7,4,11,Affine template / Affine template
CP26_BENCHMARK_FINAL/BENCHMARK_SIMPLE_C_BPL/TERM_LASSO//lasso_traces_array01-alloca_true-termination.c/lasso_trace_3.txt,TERMINATING,0.60,59.87,17.00,TERMINATING,8,4,12,Affine template / Affine template
CP26_BENCHMARK_FINAL/BENCHMARK_SIMPLE_C_BPL/TERM_LASSO//lasso_traces_array01-alloca_true-termination.c/lasso_trace_4.txt,TERMINATING,0.50,59.60,20.00,TERMINATING,12,4,16,Affine template / Affine template
CP26_BENCHMARK_FINAL/BENCHMARK_SIMPLE_C_BPL/TERM_LASSO//lasso_traces_array02-alloca_true-termination.c/lasso_trace_2.txt,TERMINATING,1.90,78.87,19.00,TERMINATING,7,6,13,Affine template / Affine template
CP26_BENCHMARK_FINAL/BENCHMARK_SIMPLE_C_BPL/TERM_LASSO//lasso_traces_array02-alloca_true-termination.c/lasso_trace_3.txt,TERMINATING,0.67,56.72,16.00,TERMINATING,8,4,12,Affine template / Affine template
CP26_BENCHMARK_FINAL/BENCHMARK_SIMPLE_C_BPL/TERM_LASSO//lasso_traces_array02-alloca_true-termination.c/lasso_trace_4.txt,TERMINATING,0.63,58.73,25.00,TERMINATING,10,4,14,Affine template / Affine template
CP26_BENCHMARK_FINAL/BENCHMARK_SIMPLE_C_BPL/TERM_LASSO//lasso_traces_array02-alloca_true-termination.c/lasso_trace_5.txt,TERMINATING,0.53,55.13,36.00,TERMINATING,14,4,18,Affine template / Nested template
CP26_BENCHMARK_FINAL/BENCHMARK_SIMPLE_C_BPL/TERM_LASSO//lasso_traces_array02-alloca_true-termination.c/lasso_trace_6.txt,TERMINATING,0.62,64.07,23.00,TERMINATING,16,4,20,Affine template / Affine template
CP26_BENCHMARK_FINAL/BENCHMARK_SIMPLE_C_BPL/TERM_LASSO//lasso_traces_array02-alloca_true-termination.c/lasso_trace_7.txt,TERMINATING,0.58,75.40,26.00,TERMINATING,22,4,26,Affine template / Affine template
CP26_BENCHMARK_FINAL/BENCHMARK_SIMPLE_C_BPL/TERM_LASSO//lasso_traces_array03-alloca_true-termination.c/lasso_trace_2.txt,TERMINATING,1.88,68.70,18.00,TERMINATING,7,6,13,Affine template / Affine template
CP26_BENCHMARK_FINAL/BENCHMARK_SIMPLE_C_BPL/TERM_LASSO//lasso_traces_array03-alloca_true-termination.c/lasso_trace_4.txt,TERMINATING,0.81,70.57,24.00,TERMINATING,11,5,16,Affine template / Affine template
CP26_BENCHMARK_FINAL/BENCHMARK_SIMPLE_C_BPL/TERM_LASSO//lasso_traces_array03-alloca_true-termination.c/lasso_trace_5.txt,TERMINATING,0.68,63.53,26.00,TERMINATING,17,5,22,Affine template / Affine template
CP26_BENCHMARK_FINAL/BENCHMARK_SIMPLE_C_BPL/TERM_LASSO//lasso_traces_array03-alloca_true-termination.c/lasso_trace_6.txt,TERMINATING,0.64,61.65,26.00,TERMINATING,18,5,23,Affine template / Affine template
CP26_BENCHMARK_FINAL/BENCHMARK_SIMPLE_C_BPL/TERM_LASSO//lasso_traces_array10_pattern_simplified.c/lasso_trace_1.txt,TERMINATING,2.02,88.94,9.00,TERMINATING,9,1,10,Affine template / Affine template
CP26_BENCHMARK_FINAL/BENCHMARK_SIMPLE_C_BPL/TERM_LASSO//lasso_traces_array2.t2.c/lasso_trace_1.txt,TERMINATING,1.57,48.81,5.00,TERMINATING,24,13,37,Affine template / Affine template
CP26_BENCHMARK_FINAL/BENCHMARK_SIMPLE_C_BPL/TERM_LASSO//lasso_traces_array3.t2.c/lasso_trace_1.txt,TERMINATING,1.69,46.87,5.00,TERMINATING,28,13,41,Affine template / Affine template
CP26_BENCHMARK_FINAL/BENCHMARK_SIMPLE_C_BPL/TERM_LASSO//lasso_traces_array_free.t2.c/lasso_trace_1.txt,TERMINATING,2.00,50.31,6.00,TERMINATING,16,25,41,Affine template / Affine template
CP26_BENCHMARK_FINAL/BENCHMARK_SIMPLE_C_BPL/TERM_LASSO//lasso_traces_array_init_assign.t2.c/lasso_trace_1.txt,TERMINATING,1.66,49.03,5.00,TERMINATING,20,13,33,Affine template / Affine template
CP26_BENCHMARK_FINAL/BENCHMARK_SIMPLE_C_BPL/TERM_LASSO//lasso_traces_array_init.t2.c/lasso_trace_1.txt,TERMINATING,2.82,44.13,4.00,TERMINATING,16,13,29,Affine template / Affine template
CP26_BENCHMARK_FINAL/BENCHMARK_SIMPLE_C_BPL/TERM_LASSO//lasso_traces_ArrayQuantifierEliminationBug07.c/lasso_trace_1.txt,TERMINATING,2.16,57.64,11.00,TERMINATING,5,2,7,Affine template / Affine template
CP26_BENCHMARK_FINAL/BENCHMARK_SIMPLE_C_BPL/TERM_LASSO//lasso_traces_Arrays01-EquivalentConstantIndices_true-termination.c/lasso_trace_1.txt,TERMINATING,2.00,60.00,10.00,TERMINATING,5,4,9,Affine template / Affine template
CP26_BENCHMARK_FINAL/BENCHMARK_SIMPLE_C_BPL/TERM_LASSO//lasso_traces_ase_example.t2.c/lasso_trace_1.txt,TERMINATING,1.72,56.40,7.00,TERMINATING,44,13,57,Affine template / Affine template
CP26_BENCHMARK_FINAL/BENCHMARK_SIMPLE_C_BPL/TERM_LASSO//lasso_traces_Avery-2006FLOPS-Tabel1_true-alloca_true-termination.c/lasso_trace_2.txt,TERMINATING,2.49,177.87,42.00,TERMINATING,16,6,22,Affine template / Affine template
CP26_BENCHMARK_FINAL/BENCHMARK_SIMPLE_C_BPL/TERM_LASSO//lasso_traces_Avery-FLOPS2006-Table1_true-termination.c/lasso_trace_1.txt,TERMINATING,1.92,65.28,10.00,TERMINATING,6,1,7,Affine template / Affine template
CP26_BENCHMARK_FINAL/BENCHMARK_SIMPLE_C_BPL/TERM_LASSO//lasso_traces_Avg_true.c/lasso_trace_1.txt,TERMINATING,2.06,52.17,8.00,TERMINATING,14,3,17,Affine template / Affine template
CP26_BENCHMARK_FINAL/BENCHMARK_SIMPLE_C_BPL/TERM_LASSO//lasso_traces_Avg_true.c/lasso_trace_3.txt,TERMINATING,0.37,47.63,13.00,TERMINATING,16,7,23,Affine template / Affine template
CP26_BENCHMARK_FINAL/BENCHMARK_SIMPLE_C_BPL/TERM_LASSO//lasso_traces_Avg_true_true-termination.c/lasso_trace_1.txt,TERMINATING,2.94,67.19,8.00,TERMINATING,14,3,17,Affine template / Affine template
CP26_BENCHMARK_FINAL/BENCHMARK_SIMPLE_C_BPL/TERM_LASSO//lasso_traces_Avg_true_true-termination.c/lasso_trace_3.txt,TERMINATING,0.35,45.75,13.00,TERMINATING,16,7,23,Affine template / Affine template
CP26_BENCHMARK_FINAL/BENCHMARK_SIMPLE_C_BPL/TERM_LASSO//lasso_traces_aviad_true-alloca_true-termination.c/lasso_trace_1.txt,TERMINATING,3.07,166.75,51.00,TERMINATING,10,10,20,Affine template / Affine template
CP26_BENCHMARK_FINAL/BENCHMARK_SIMPLE_C_BPL/TERM_LASSO//lasso_traces_aviad_true-termination.c/lasso_trace_1.txt,TERMINATING,2.04,88.04,15.00,TERMINATING,7,1,8,Affine template / Affine template
CP26_BENCHMARK_FINAL/BENCHMARK_SIMPLE_C_BPL/TERM_LASSO//lasso_traces_b.01-alloca_true-termination.c/lasso_trace_1.txt,TERMINATING,2.70,162.58,42.00,TERMINATING,10,7,17,Affine template / Affine template
CP26_BENCHMARK_FINAL/BENCHMARK_SIMPLE_C_BPL/TERM_LASSO//lasso_traces_b.01.c/lasso_trace_1.txt,TERMINATING,1.98,49.17,7.00,TERMINATING,1,1,2,Affine template / Affine template
CP26_BENCHMARK_FINAL/BENCHMARK_SIMPLE_C_BPL/TERM_LASSO//lasso_traces_b.01_true-termination.c/lasso_trace_1.txt,TERMINATING,1.98,54.96,6.00,TERMINATING,7,1,8,Affine template / Affine template
CP26_BENCHMARK_FINAL/BENCHMARK_SIMPLE_C_BPL/TERM_LASSO//lasso_traces_b.02-alloca_true-termination.c/lasso_trace_1.txt,TERMINATING,2.72,120.10,45.00,TERMINATING,10,9,19,Affine template / Affine template
CP26_BENCHMARK_FINAL/BENCHMARK_SIMPLE_C_BPL/TERM_LASSO//lasso_traces_b.02.c/lasso_trace_1.txt,TERMINATING,2.17,74.51,7.00,TERMINATING,1,1,2,Affine template / Affine template
CP26_BENCHMARK_FINAL/BENCHMARK_SIMPLE_C_BPL/TERM_LASSO//lasso_traces_b.02_true-termination.c/lasso_trace_1.txt,TERMINATING,1.98,62.59,11.00,TERMINATING,7,1,8,Affine template / Affine template
CP26_BENCHMARK_FINAL/BENCHMARK_SIMPLE_C_BPL/TERM_LASSO//lasso_traces_b.03_assume-alloca_true-termination.c/lasso_trace_1.txt,TERMINATING,2.19,90.93,40.00,TERMINATING,11,8,19,Affine template / Affine template
CP26_BENCHMARK_FINAL/BENCHMARK_SIMPLE_C_BPL/TERM_LASSO//lasso_traces_b.03_assume_true-termination.c/lasso_trace_1.txt,TERMINATING,1.86,57.68,7.00,TERMINATING,8,2,10,Affine template / Affine template
CP26_BENCHMARK_FINAL/BENCHMARK_SIMPLE_C_BPL/TERM_LASSO//lasso_traces_b.03-no-inv_assume-alloca_true-termination.c/lasso_trace_1.txt,TERMINATING,2.09,167.54,55.00,TERMINATING,11,6,17,Affine template / Nested template
CP26_BENCHMARK_FINAL/BENCHMARK_SIMPLE_C_BPL/TERM_LASSO//lasso_traces_b.03-no-inv_assume_true-termination.c/lasso_trace_1.txt,TERMINATING,1.93,51.12,7.00,TERMINATING,8,1,9,Affine template / Affine template
CP26_BENCHMARK_FINAL/BENCHMARK_SIMPLE_C_BPL/TERM_LASSO//lasso_traces_b.04-alloca_true-termination.c/lasso_trace_1.txt,TERMINATING,2.58,170.29,44.00,TERMINATING,10,9,19,Affine template / Affine template
CP26_BENCHMARK_FINAL/BENCHMARK_SIMPLE_C_BPL/TERM_LASSO//lasso_traces_b.04.c/lasso_trace_1.txt,TERMINATING,1.89,75.91,9.00,TERMINATING,1,1,2,Affine template / Affine template
CP26_BENCHMARK_FINAL/BENCHMARK_SIMPLE_C_BPL/TERM_LASSO//lasso_traces_b.04_true-termination.c/lasso_trace_1.txt,TERMINATING,2.24,66.78,10.00,TERMINATING,7,1,8,Affine template / Affine template
CP26_BENCHMARK_FINAL/BENCHMARK_SIMPLE_C_BPL/TERM_LASSO//lasso_traces_b.05-alloca_true-termination.c/lasso_trace_2.txt,TERMINATING,2.46,104.16,34.00,TERMINATING,10,7,17,Affine template / Affine template
CP26_BENCHMARK_FINAL/BENCHMARK_SIMPLE_C_BPL/TERM_LASSO//lasso_traces_b.05.c/lasso_trace_1.txt,TERMINATING,2.17,51.98,8.00,TERMINATING,1,1,2,Affine template / Affine template
CP26_BENCHMARK_FINAL/BENCHMARK_SIMPLE_C_BPL/TERM_LASSO//lasso_traces_b.05_true-termination.c/lasso_trace_1.txt,TERMINATING,2.14,51.57,9.00,TERMINATING,7,1,8,Affine template / Affine template
CP26_BENCHMARK_FINAL/BENCHMARK_SIMPLE_C_BPL/TERM_LASSO//lasso_traces_b.06-alloca_true-termination.c/lasso_trace_2.txt,TERMINATING,2.64,152.36,50.00,TERMINATING,10,10,20,Affine template / Affine template
CP26_BENCHMARK_FINAL/BENCHMARK_SIMPLE_C_BPL/TERM_LASSO//lasso_traces_b.06.c/lasso_trace_1.txt,TERMINATING,2.24,57.23,7.00,TERMINATING,1,1,2,Affine template / Affine template
CP26_BENCHMARK_FINAL/BENCHMARK_SIMPLE_C_BPL/TERM_LASSO//lasso_traces_b.06_true-termination.c/lasso_trace_1.txt,TERMINATING,1.87,65.74,8.00,TERMINATING,7,1,8,Affine template / Affine template
CP26_BENCHMARK_FINAL/BENCHMARK_SIMPLE_C_BPL/TERM_LASSO//lasso_traces_b.07-alloca_true-termination.c/lasso_trace_2.txt,TERMINATING,3.36,284.32,76.00,TERMINATING,11,12,23,Affine template / Affine template
CP26_BENCHMARK_FINAL/BENCHMARK_SIMPLE_C_BPL/TERM_LASSO//lasso_traces_b.07.c/lasso_trace_1.txt,TERMINATING,2.43,79.59,8.00,TERMINATING,1,1,2,Affine template / Affine template
CP26_BENCHMARK_FINAL/BENCHMARK_SIMPLE_C_BPL/TERM_LASSO//lasso_traces_b.07_true-termination.c/lasso_trace_1.txt,TERMINATING,2.33,66.95,11.00,TERMINATING,7,1,8,Affine template / Affine template
CP26_BENCHMARK_FINAL/BENCHMARK_SIMPLE_C_BPL/TERM_LASSO//lasso_traces_b.09_assume-alloca_true-termination.c/lasso_trace_2.txt,TERMINATING,2.56,280.78,82.00,TERMINATING,14,9,23,Affine template / Affine template
CP26_BENCHMARK_FINAL/BENCHMARK_SIMPLE_C_BPL/TERM_LASSO//lasso_traces_b.09_assume-alloca_true-termination.c/lasso_trace_3.txt,TERMINATING,1.75,134.19,54.00,TERMINATING,19,11,30,Affine template / Affine template
CP26_BENCHMARK_FINAL/BENCHMARK_SIMPLE_C_BPL/TERM_LASSO//lasso_traces_b.09_assume_true-termination.c/lasso_trace_1.txt,TERMINATING,2.18,96.54,14.00,TERMINATING,8,3,11,Affine template / Affine template
CP26_BENCHMARK_FINAL/BENCHMARK_SIMPLE_C_BPL/TERM_LASSO//lasso_traces_b.09_assume_true-termination.c/lasso_trace_2.txt,TERMINATING,0.48,44.08,8.00,TERMINATING,9,4,13,Affine template / Affine template
CP26_BENCHMARK_FINAL/BENCHMARK_SIMPLE_C_BPL/TERM_LASSO//lasso_traces_b.09-no-inv_assume-alloca_true-termination.c/lasso_trace_2.txt,TERMINATING,2.65,312.41,83.00,TERMINATING,14,9,23,Affine template / Affine template
CP26_BENCHMARK_FINAL/BENCHMARK_SIMPLE_C_BPL/TERM_LASSO//lasso_traces_b.09-no-inv_assume-alloca_true-termination.c/lasso_trace_3.txt,TERMINATING,1.44,344.44,92.00,TERMINATING,19,9,28,Affine template / Affine template
CP26_BENCHMARK_FINAL/BENCHMARK_SIMPLE_C_BPL/TERM_LASSO//lasso_traces_b.10-alloca_true-termination.c/lasso_trace_1.txt,TERMINATING,2.31,117.02,45.00,TERMINATING,10,9,19,Affine template / Affine template
CP26_BENCHMARK_FINAL/BENCHMARK_SIMPLE_C_BPL/TERM_LASSO//lasso_traces_b.10-alloca_true-termination.c/lasso_trace_3.txt,TERMINATING,1.37,131.42,52.00,TERMINATING,15,11,26,Affine template / Affine template
CP26_BENCHMARK_FINAL/BENCHMARK_SIMPLE_C_BPL/TERM_LASSO//lasso_traces_b.10.c/lasso_trace_1.txt,TERMINATING,2.11,76.48,12.00,TERMINATING,1,1,2,Affine template / Affine template
CP26_BENCHMARK_FINAL/BENCHMARK_SIMPLE_C_BPL/TERM_LASSO//lasso_traces_b.10_true-termination.c/lasso_trace_1.txt,TERMINATING,2.25,101.63,14.00,TERMINATING,7,1,8,Affine template / Affine template
CP26_BENCHMARK_FINAL/BENCHMARK_SIMPLE_C_BPL/TERM_LASSO//lasso_traces_b.11-alloca_true-termination.c/lasso_trace_1.txt,TERMINATING,2.55,115.11,54.00,TERMINATING,10,10,20,Affine template / Affine template
CP26_BENCHMARK_FINAL/BENCHMARK_SIMPLE_C_BPL/TERM_LASSO//lasso_traces_b.11-alloca_true-termination.c/lasso_trace_2.txt,TERMINATING,1.34,121.09,51.00,TERMINATING,16,13,29,Affine template / Affine template
CP26_BENCHMARK_FINAL/BENCHMARK_SIMPLE_C_BPL/TERM_LASSO//lasso_traces_b.11-alloca_true-termination.c/lasso_trace_3.txt,TERMINATING,2.04,86.23,52.00,TERMINATING,19,13,32,Affine template / Affine template
CP26_BENCHMARK_FINAL/BENCHMARK_SIMPLE_C_BPL/TERM_LASSO//lasso_traces_b.11.c/lasso_trace_1.txt,TERMINATING,1.99,84.22,12.00,TERMINATING,1,1,2,Affine template / Affine template
CP26_BENCHMARK_FINAL/BENCHMARK_SIMPLE_C_BPL/TERM_LASSO//lasso_traces_b.11_true-termination.c/lasso_trace_1.txt,TERMINATING,3.01,104.75,15.00,TERMINATING,7,1,8,Affine template / Affine template
CP26_BENCHMARK_FINAL/BENCHMARK_SIMPLE_C_BPL/TERM_LASSO//lasso_traces_b.12-alloca_true-termination.c/lasso_trace_1.txt,TERMINATING,2.77,133.02,43.00,TERMINATING,10,9,19,Affine template / Affine template
CP26_BENCHMARK_FINAL/BENCHMARK_SIMPLE_C_BPL/TERM_LASSO//lasso_traces_b.12-alloca_true-termination.c/lasso_trace_5.txt,TERMINATING,1.42,177.89,55.00,TERMINATING,12,12,24,Affine template / Affine template
CP26_BENCHMARK_FINAL/BENCHMARK_SIMPLE_C_BPL/TERM_LASSO//lasso_traces_b.12.c/lasso_trace_1.txt,TERMINATING,2.52,89.04,11.00,TERMINATING,1,1,2,Affine template / Affine template
CP26_BENCHMARK_FINAL/BENCHMARK_SIMPLE_C_BPL/TERM_LASSO//lasso_traces_b.12_true-termination.c/lasso_trace_1.txt,TERMINATING,2.07,96.71,13.00,TERMINATING,7,1,8,Affine template / Affine template
CP26_BENCHMARK_FINAL/BENCHMARK_SIMPLE_C_BPL/TERM_LASSO//lasso_traces_b.13-alloca_true-termination.c/lasso_trace_1.txt,TERMINATING,2.60,163.24,62.00,TERMINATING,11,11,22,Affine template / Affine template
CP26_BENCHMARK_FINAL/BENCHMARK_SIMPLE_C_BPL/TERM_LASSO//lasso_traces_b.13-alloca_true-termination.c/lasso_trace_5.txt,TERMINATING,1.73,118.26,79.00,TERMINATING,14,16,30,Affine template / Affine template
CP26_BENCHMARK_FINAL/BENCHMARK_SIMPLE_C_BPL/TERM_LASSO//lasso_traces_b.13.c/lasso_trace_1.txt,TERMINATING,2.22,110.48,16.00,TERMINATING,1,1,2,Affine template / Affine template
CP26_BENCHMARK_FINAL/BENCHMARK_SIMPLE_C_BPL/TERM_LASSO//lasso_traces_b.13_true-termination.c/lasso_trace_1.txt,TERMINATING,2.11,119.22,22.00,TERMINATING,7,1,8,Affine template / Affine template
CP26_BENCHMARK_FINAL/BENCHMARK_SIMPLE_C_BPL/TERM_LASSO//lasso_traces_b.14-alloca_true-termination.c/lasso_trace_4.txt,TERMINATING,2.46,116.49,45.00,TERMINATING,10,15,25,Affine template / Affine template
CP26_BENCHMARK_FINAL/BENCHMARK_SIMPLE_C_BPL/TERM_LASSO//lasso_traces_b.14-alloca_true-termination.c/lasso_trace_5.txt,TERMINATING,1.51,89.59,46.00,TERMINATING,15,8,23,Affine template / Affine template
CP26_BENCHMARK_FINAL/BENCHMARK_SIMPLE_C_BPL/TERM_LASSO//lasso_traces_b.14.c/lasso_trace_2.txt,TERMINATING,1.93,53.12,6.00,TERMINATING,1,3,4,Affine template / Affine template
CP26_BENCHMARK_FINAL/BENCHMARK_SIMPLE_C_BPL/TERM_LASSO//lasso_traces_b.14.c/lasso_trace_3.txt,TERMINATING,0.48,40.49,8.00,TERMINATING,4,1,5,Affine template / Affine template
CP26_BENCHMARK_FINAL/BENCHMARK_SIMPLE_C_BPL/TERM_LASSO//lasso_traces_b.14_true-termination.c/lasso_trace_2.txt,TERMINATING,1.96,58.77,9.00,TERMINATING,7,3,10,Affine template / Affine template
CP26_BENCHMARK_FINAL/BENCHMARK_SIMPLE_C_BPL/TERM_LASSO//lasso_traces_b.14_true-termination.c/lasso_trace_3.txt,TERMINATING,1.12,38.45,8.00,TERMINATING,10,1,11,Affine template / Affine template
CP26_BENCHMARK_FINAL/BENCHMARK_SIMPLE_C_BPL/TERM_LASSO//lasso_traces_b.15-alloca_true-termination.c/lasso_trace_4.txt,TERMINATING,2.46,217.69,77.00,TERMINATING,11,18,29,Affine template / Affine template
CP26_BENCHMARK_FINAL/BENCHMARK_SIMPLE_C_BPL/TERM_LASSO//lasso_traces_b.15-alloca_true-termination.c/lasso_trace_6.txt,TERMINATING,1.71,174.57,67.00,TERMINATING,17,9,26,Affine template / Affine template
CP26_BENCHMARK_FINAL/BENCHMARK_SIMPLE_C_BPL/TERM_LASSO//lasso_traces_b.15.c/lasso_trace_2.txt,TERMINATING,1.87,64.21,16.00,TERMINATING,1,3,4,Affine template / Affine template
CP26_BENCHMARK_FINAL/BENCHMARK_SIMPLE_C_BPL/TERM_LASSO//lasso_traces_b.15.c/lasso_trace_3.txt,TERMINATING,1.10,39.28,9.00,TERMINATING,4,1,5,Affine template / Affine template
CP26_BENCHMARK_FINAL/BENCHMARK_SIMPLE_C_BPL/TERM_LASSO//lasso_traces_b.15_true-termination.c/lasso_trace_2.txt,TERMINATING,1.97,53.91,13.00,TERMINATING,7,3,10,Affine template / Affine template
CP26_BENCHMARK_FINAL/BENCHMARK_SIMPLE_C_BPL/TERM_LASSO//lasso_traces_b.16-alloca_true-termination.c/lasso_trace_2.txt,TERMINATING,2.25,132.19,39.00,TERMINATING,10,8,18,Affine template / Affine template
CP26_BENCHMARK_FINAL/BENCHMARK_SIMPLE_C_BPL/TERM_LASSO//lasso_traces_b.16-alloca_true-termination.c/lasso_trace_3.txt,TERMINATING,1.27,88.33,43.00,TERMINATING,14,6,20,Affine template / Affine template
CP26_BENCHMARK_FINAL/BENCHMARK_SIMPLE_C_BPL/TERM_LASSO//lasso_traces_b.16.c/lasso_trace_1.txt,TERMINATING,2.15,51.72,5.00,TERMINATING,1,2,3,Affine template / Affine template
CP26_BENCHMARK_FINAL/BENCHMARK_SIMPLE_C_BPL/TERM_LASSO//lasso_traces_b.16.c/lasso_trace_2.txt,TERMINATING,0.41,35.95,7.00,TERMINATING,2,1,3,Affine template / Affine template
CP26_BENCHMARK_FINAL/BENCHMARK_SIMPLE_C_BPL/TERM_LASSO//lasso_traces_b.16_true-termination.c/lasso_trace_1.txt,TERMINATING,2.00,48.05,7.00,TERMINATING,7,2,9,Affine template / Affine template
CP26_BENCHMARK_FINAL/BENCHMARK_SIMPLE_C_BPL/TERM_LASSO//lasso_traces_b.16_true-termination.c/lasso_trace_2.txt,TERMINATING,0.50,36.62,6.00,TERMINATING,8,1,9,Affine template / Affine template
CP26_BENCHMARK_FINAL/BENCHMARK_SIMPLE_C_BPL/TERM_LASSO//lasso_traces_b.17-alloca_true-termination.c/lasso_trace_2.txt,TERMINATING,2.96,127.80,79.00,TERMINATING,11,10,21,Affine template / Affine template
CP26_BENCHMARK_FINAL/BENCHMARK_SIMPLE_C_BPL/TERM_LASSO//lasso_traces_b.17-alloca_true-termination.c/lasso_trace_3.txt,TERMINATING,1.64,157.22,66.00,TERMINATING,17,7,24,Affine template / Affine template
CP26_BENCHMARK_FINAL/BENCHMARK_SIMPLE_C_BPL/TERM_LASSO//lasso_traces_b.17.c/lasso_trace_1.txt,TERMINATING,2.47,58.47,7.00,TERMINATING,1,2,3,Affine template / Affine template
CP26_BENCHMARK_FINAL/BENCHMARK_SIMPLE_C_BPL/TERM_LASSO//lasso_traces_b.17.c/lasso_trace_2.txt,TERMINATING,0.63,40.80,7.00,TERMINATING,2,1,3,Affine template / Affine template
CP26_BENCHMARK_FINAL/BENCHMARK_SIMPLE_C_BPL/TERM_LASSO//lasso_traces_b.17_true-termination.c/lasso_trace_1.txt,TERMINATING,1.95,60.85,10.00,TERMINATING,7,2,9,Affine template / Affine template
CP26_BENCHMARK_FINAL/BENCHMARK_SIMPLE_C_BPL/TERM_LASSO//lasso_traces_b.17_true-termination.c/lasso_trace_2.txt,TERMINATING,0.54,47.95,9.00,TERMINATING,8,1,9,Affine template / Affine template
CP26_BENCHMARK_FINAL/BENCHMARK_SIMPLE_C_BPL/TERM_LASSO//lasso_traces_b.18-alloca_true-termination.c/lasso_trace_4.txt,TERMINATING,2.08,93.96,36.00,TERMINATING,9,13,22,Affine template / Affine template
CP26_BENCHMARK_FINAL/BENCHMARK_SIMPLE_C_BPL/TERM_LASSO//lasso_traces_b.18-alloca_true-termination.c/lasso_trace_6.txt,TERMINATING,0.91,76.19,47.00,TERMINATING,10,17,27,Affine template / Affine template
CP26_BENCHMARK_FINAL/BENCHMARK_SIMPLE_C_BPL/TERM_LASSO//lasso_traces_b.18-alloca_true-termination.c/lasso_trace_7.txt,TERMINATING,0.71,58.75,29.00,TERMINATING,16,4,20,Affine template / Affine template
CP26_BENCHMARK_FINAL/BENCHMARK_SIMPLE_C_BPL/TERM_LASSO//lasso_traces_b.18-alloca_true-termination.c/lasso_trace_8.txt,TERMINATING,0.69,78.49,18.00,TERMINATING,16,4,20,Affine template / Affine template
CP26_BENCHMARK_FINAL/BENCHMARK_SIMPLE_C_BPL/TERM_LASSO//lasso_traces_b.18.c/lasso_trace_3.txt,TERMINATING,2.08,57.69,5.00,TERMINATING,1,4,5,Affine template / Affine template
CP26_BENCHMARK_FINAL/BENCHMARK_SIMPLE_C_BPL/TERM_LASSO//lasso_traces_b.18.c/lasso_trace_5.txt,TERMINATING,0.54,32.37,5.00,TERMINATING,3,1,4,Affine template / Affine template
CP26_BENCHMARK_FINAL/BENCHMARK_SIMPLE_C_BPL/TERM_LASSO//lasso_traces_b.18_true-termination.c/lasso_trace_3.txt,TERMINATING,2.08,50.37,6.00,TERMINATING,7,4,11,Affine template / Affine template
CP26_BENCHMARK_FINAL/BENCHMARK_SIMPLE_C_BPL/TERM_LASSO//lasso_traces_b.18_true-termination.c/lasso_trace_5.txt,TERMINATING,0.38,36.82,5.00,TERMINATING,9,1,10,Affine template / Affine template
CP26_BENCHMARK_FINAL/BENCHMARK_SIMPLE_C_BPL/TERM_LASSO//lasso_traces_Bangalore.c/lasso_trace_1.txt,TERMINATING,1.67,44.19,5.00,TERMINATING,1,1,2,Affine template / Affine template
CP26_BENCHMARK_FINAL/BENCHMARK_SIMPLE_C_BPL/TERM_LASSO//lasso_traces_Bangalore_true-termination.c/lasso_trace_1.txt,TERMINATING,1.65,50.43,8.00,TERMINATING,6,1,7,Affine template / Affine template
CP26_BENCHMARK_FINAL/BENCHMARK_SIMPLE_C_BPL/TERM_LASSO//lasso_traces_Ben-Amram-2010LMCS-Ex2.3-alloca_true-termination.c/lasso_trace_2.txt,TERMINATING,2.84,149.23,52.00,TERMINATING,8,15,23,Affine template / Affine template
CP26_BENCHMARK_FINAL/BENCHMARK_SIMPLE_C_BPL/TERM_LASSO//lasso_traces_Ben-Amram-2010LMCS-Ex2.3-alloca_true-termination.c/lasso_trace_3.txt,TERMINATING,1.58,95.99,49.00,TERMINATING,18,15,33,Affine template / Affine template
CP26_BENCHMARK_FINAL/BENCHMARK_SIMPLE_C_BPL/TERM_LASSO//lasso_traces_Benghazi_nondet_true-termination.c/lasso_trace_1.txt,TERMINATING,2.16,152.81,24.00,TERMINATING,5,1,6,2 template / Nested template
CP26_BENCHMARK_FINAL/BENCHMARK_SIMPLE_C_BPL/TERM_LASSO//lasso_traces_Benghazi_true-termination.c/lasso_trace_1.txt,TERMINATING,1.76,69.77,16.00,TERMINATING,5,1,6,Affine template / Affine template
CP26_BENCHMARK_FINAL/BENCHMARK_SIMPLE_C_BPL/TERM_LASSO//lasso_traces_binary_search.c/lasso_trace_1.txt,TERMINATING,2.31,133.20,36.00,TERMINATING,1,4,5,Affine template / Affine template
CP26_BENCHMARK_FINAL/BENCHMARK_SIMPLE_C_BPL/TERM_LASSO//lasso_traces_binary_search.c/lasso_trace_2.txt,TERMINATING,0.93,46.89,17.00,TERMINATING,2,6,8,Affine template / Affine template
CP26_BENCHMARK_FINAL/BENCHMARK_SIMPLE_C_BPL/TERM_LASSO//lasso_traces_binary_search.c/lasso_trace_3.txt,TERMINATING,1.04,64.00,42.00,TERMINATING,5,6,11,Affine template / Affine template
CP26_BENCHMARK_FINAL/BENCHMARK_SIMPLE_C_BPL/TERM_LASSO//lasso_traces_binary_search.c/lasso_trace_4.txt,TERMINATING,1.28,133.44,76.00,TERMINATING,9,6,15,Affine template / Affine template
CP26_BENCHMARK_FINAL/BENCHMARK_SIMPLE_C_BPL/TERM_LASSO//lasso_traces_Binary_Search_true-termination.c/lasso_trace_1.txt,TERMINATING,2.17,249.61,31.00,TERMINATING,6,4,10,Affine template / Affine template
CP26_BENCHMARK_FINAL/BENCHMARK_SIMPLE_C_BPL/TERM_LASSO//lasso_traces_Binomial_true.c/lasso_trace_2.txt,TERMINATING,0.37,43.07,7.00,TERMINATING,7,28,35,Affine template / Affine template
CP26_BENCHMARK_FINAL/BENCHMARK_SIMPLE_C_BPL/TERM_LASSO//lasso_traces_Binomial_true-termination.c/lasso_trace_2.txt,TERMINATING,0.39,41.30,7.00,TERMINATING,7,28,35,Affine template / Affine template
CP26_BENCHMARK_FINAL/BENCHMARK_SIMPLE_C_BPL/TERM_LASSO//lasso_traces_binsearch.c/lasso_trace_1.txt,TERMINATING,3.09,885.53,64.00,TERMINATING,1,4,5,Affine template / Affine template
CP26_BENCHMARK_FINAL/BENCHMARK_SIMPLE_C_BPL/TERM_LASSO//lasso_traces_binsearch-recursive.c/lasso_trace_1.txt,TERMINATING,2.13,47.16,41.00,TERMINATING,0,7,7,Affine template / Affine template
CP26_BENCHMARK_FINAL/BENCHMARK_SIMPLE_C_BPL/TERM_LASSO//lasso_traces_binsearch-recursive.c/lasso_trace_2.txt,TERMINATING,1.04,338.82,87.00,TERMINATING,1,7,8,Affine template / Affine template
CP26_BENCHMARK_FINAL/BENCHMARK_SIMPLE_C_BPL/TERM_LASSO//lasso_traces_binsearch-recursive.c/lasso_trace_3.txt,TERMINATING,1.63,621.71,218.00,TERMINATING,8,7,15,Affine template / Affine template
CP26_BENCHMARK_FINAL/BENCHMARK_SIMPLE_C_BPL/TERM_LASSO//lasso_traces_bio.t2.c/lasso_trace_2.txt,TERMINATING,3.42,24338.65,6402.00,TERMINATING,492,372,864,Affine template / Affine template
CP26_BENCHMARK_FINAL/BENCHMARK_SIMPLE_C_BPL/TERM_LASSO//lasso_traces_bitcount16.t2.c/lasso_trace_1.txt,TERMINATING,1.72,63.30,8.00,TERMINATING,56,21,77,Affine template / Affine template
CP26_BENCHMARK_FINAL/BENCHMARK_SIMPLE_C_BPL/TERM_LASSO//lasso_traces_bitcount32.t2.c/lasso_trace_1.txt,TERMINATING,2.91,62.89,8.00,TERMINATING,56,21,77,Affine template / Affine template
CP26_BENCHMARK_FINAL/BENCHMARK_SIMPLE_C_BPL/TERM_LASSO//lasso_traces_bitwiseOps.c/lasso_trace_1.txt,TERMINATING,1.51,16896.30,165.00,TERMINATING,5,1,6,Affine template / Affine template
CP26_BENCHMARK_FINAL/BENCHMARK_SIMPLE_C_BPL/TERM_LASSO//lasso_traces_BoolVsInt.c/lasso_trace_1.txt,TERMINATING,1.49,65.77,10.00,TERMINATING,21,1,22,Affine template / Affine template
CP26_BENCHMARK_FINAL/BENCHMARK_SIMPLE_C_BPL/TERM_LASSO//lasso_traces_BradleyMannaSipma-2005CAV-Fig1-alloca_unknown-termination.c/lasso_trace_4.txt,TERMINATING,2.37,134.31,40.00,TERMINATING,21,6,27,Affine template / Affine template
CP26_BENCHMARK_FINAL/BENCHMARK_SIMPLE_C_BPL/TERM_LASSO//lasso_traces_BradleyMannaSipma-CAV2005-Fig1_true-termination.c/lasso_trace_1.txt,TERMINATING,1.95,107.01,14.00,TERMINATING,6,1,7,Affine template / Affine template
CP26_BENCHMARK_FINAL/BENCHMARK_SIMPLE_C_BPL/TERM_LASSO//lasso_traces_break.c/lasso_trace_1.txt,TERMINATING,1.73,43.10,6.00,TERMINATING,1,1,2,Affine template / Affine template
CP26_BENCHMARK_FINAL/BENCHMARK_SIMPLE_C_BPL/TERM_LASSO//lasso_traces_bresenham.c/lasso_trace_1.txt,TERMINATING,2.24,130.87,25.00,TERMINATING,1,1,2,Affine template / Affine template
CP26_BENCHMARK_FINAL/BENCHMARK_SIMPLE_C_BPL/TERM_LASSO//lasso_traces_BrockschmidtCookFuhs-2013CAV-Fig1-alloca_true-termination.c/lasso_trace_2.txt,TERMINATING,2.35,117.43,39.00,TERMINATING,5,9,14,Affine template / Affine template
CP26_BENCHMARK_FINAL/BENCHMARK_SIMPLE_C_BPL/TERM_LASSO//lasso_traces_BrockschmidtCookFuhs-2013CAV-Fig1-alloca_true-termination.c/lasso_trace_3.txt,TERMINATING,1.22,134.49,37.00,TERMINATING,12,5,17,Affine template / Affine template
CP26_BENCHMARK_FINAL/BENCHMARK_SIMPLE_C_BPL/TERM_LASSO//lasso_traces_BrockschmidtCookFuhs-2013CAV-Fig1-alloca_true-termination.c/lasso_trace_6.txt,TERMINATING,1.24,93.68,48.00,TERMINATING,17,19,36,Affine template / Affine template
CP26_BENCHMARK_FINAL/BENCHMARK_SIMPLE_C_BPL/TERM_LASSO//lasso_traces_BrockschmidtCookFuhs-2013CAV-Introduction-alloca_true-termination.c/lasso_trace_1.txt,TERMINATING,2.36,102.40,29.00,TERMINATING,6,7,13,Affine template / Affine template
CP26_BENCHMARK_FINAL/BENCHMARK_SIMPLE_C_BPL/TERM_LASSO//lasso_traces_BrockschmidtCookFuhs-CAV2013-Fig1_true-termination.c/lasso_trace_1.txt,TERMINATING,2.06,60.25,9.00,TERMINATING,5,2,7,Affine template / Affine template
CP26_BENCHMARK_FINAL/BENCHMARK_SIMPLE_C_BPL/TERM_LASSO//lasso_traces_BrockschmidtCookFuhs-CAV2013-Fig1_true-termination.c/lasso_trace_2.txt,TERMINATING,0.43,50.83,10.00,TERMINATING,6,3,9,Affine template / Affine template
CP26_BENCHMARK_FINAL/BENCHMARK_SIMPLE_C_BPL/TERM_LASSO//lasso_traces_BrockschmidtCookFuhs-CAV2013-Fig1_true-termination.c/lasso_trace_3.txt,TERMINATING,0.44,43.03,9.00,TERMINATING,7,1,8,Affine template / Affine template
CP26_BENCHMARK_FINAL/BENCHMARK_SIMPLE_C_BPL/TERM_LASSO//lasso_traces_BrockschmidtCookFuhs-CAV2013-Fig1_true-termination.c/lasso_trace_4.txt,TERMINATING,0.34,47.79,10.00,TERMINATING,10,1,11,Affine template / Affine template
CP26_BENCHMARK_FINAL/BENCHMARK_SIMPLE_C_BPL/TERM_LASSO//lasso_traces_BrockschmidtCookFuhs-CAV2013-Fig1_true-termination.c/lasso_trace_5.txt,TERMINATING,0.32,43.30,9.00,TERMINATING,11,1,12,Affine template / Affine template
CP26_BENCHMARK_FINAL/BENCHMARK_SIMPLE_C_BPL/TERM_LASSO//lasso_traces_BrockschmidtCookFuhs-CAV2013-Fig1_true-termination.c/lasso_trace_6.txt,TERMINATING,0.26,37.41,9.00,TERMINATING,12,1,13,Affine template / Affine template
CP26_BENCHMARK_FINAL/BENCHMARK_SIMPLE_C_BPL/TERM_LASSO//lasso_traces_BrockschmidtCookFuhs-CAV2013-Fig9a_true-termination.c/lasso_trace_2.txt,TERMINATING,0.61,57.98,10.00,TERMINATING,6,3,9,Affine template / Affine template
CP26_BENCHMARK_FINAL/BENCHMARK_SIMPLE_C_BPL/TERM_LASSO//lasso_traces_BrockschmidtCookFuhs-CAV2013-Fig9a_true-termination.c/lasso_trace_3.txt,TERMINATING,0.48,43.90,10.00,TERMINATING,7,1,8,Affine template / Affine template
CP26_BENCHMARK_FINAL/BENCHMARK_SIMPLE_C_BPL/TERM_LASSO//lasso_traces_BrockschmidtCookFuhs-CAV2013-Fig9a_true-termination.c/lasso_trace_4.txt,TERMINATING,0.41,37.26,10.00,TERMINATING,10,1,11,Affine template / Affine template
CP26_BENCHMARK_FINAL/BENCHMARK_SIMPLE_C_BPL/TERM_LASSO//lasso_traces_BrockschmidtCookFuhs-CAV2013-Introduction_true-termination.c/lasso_trace_1.txt,TERMINATING,1.93,63.92,11.00,TERMINATING,5,1,6,Affine template / Affine template
CP26_BENCHMARK_FINAL/BENCHMARK_SIMPLE_C_BPL/TERM_LASSO//lasso_traces_broydn.c.i.broydn.pl.t2.fixed.t2.c/lasso_trace_1.txt,TERMINATING,1.95,108.73,10.00,TERMINATING,128,26,154,Affine template / Affine template
CP26_BENCHMARK_FINAL/BENCHMARK_SIMPLE_C_BPL/TERM_LASSO//lasso_traces_broydn.c.i.broydn.pl.t2.fixed.t2.c/lasso_trace_12.txt,TERMINATING,0.43,74.79,14.00,TERMINATING,429,22,451,Affine template / Affine template
CP26_BENCHMARK_FINAL/BENCHMARK_SIMPLE_C_BPL/TERM_LASSO//lasso_traces_broydn.c.i.broydn.pl.t2.fixed.t2.c/lasso_trace_13.txt,TERMINATING,0.62,160.78,40.00,TERMINATING,467,13,480,Affine template / Affine template
CP26_BENCHMARK_FINAL/BENCHMARK_SIMPLE_C_BPL/TERM_LASSO//lasso_traces_broydn.c.i.broydn.pl.t2.fixed.t2.c/lasso_trace_2.txt,TERMINATING,0.52,86.33,25.00,TERMINATING,151,120,271,Affine template / Affine template
CP26_BENCHMARK_FINAL/BENCHMARK_SIMPLE_C_BPL/TERM_LASSO//lasso_traces_broydn.c.i.broydn.pl.t2.fixed.t2.c/lasso_trace_3.txt,TERMINATING,0.43,62.96,12.00,TERMINATING,182,27,209,Affine template / Affine template
CP26_BENCHMARK_FINAL/BENCHMARK_SIMPLE_C_BPL/TERM_LASSO//lasso_traces_broydn.c.i.broydn.pl.t2.fixed.t2.c/lasso_trace_5.txt,TERMINATING,0.89,67.24,12.00,TERMINATING,208,35,243,Affine template / Affine template
CP26_BENCHMARK_FINAL/BENCHMARK_SIMPLE_C_BPL/TERM_LASSO//lasso_traces_broydn.c.i.broydn.pl.t2.fixed.t2.c/lasso_trace_6.txt,TERMINATING,0.53,73.44,15.00,TERMINATING,212,35,247,Affine template / Affine template
CP26_BENCHMARK_FINAL/BENCHMARK_SIMPLE_C_BPL/TERM_LASSO//lasso_traces_broydn.c.i.broydn.pl.t2.fixed.t2.c/lasso_trace_7.txt,TERMINATING,0.44,64.40,14.00,TERMINATING,222,17,239,Affine template / Affine template
CP26_BENCHMARK_FINAL/BENCHMARK_SIMPLE_C_BPL/TERM_LASSO//lasso_traces_broydn.c.i.broydn.pl.t2.fixed.t2.c/lasso_trace_8.txt,TERMINATING,0.52,155.61,50.00,TERMINATING,229,22,251,Affine template / Affine template
CP26_BENCHMARK_FINAL/BENCHMARK_SIMPLE_C_BPL/TERM_LASSO//lasso_traces_broydn.c.i.broydn.pl.t2.nor.t2.rlgfixed.t2.c/lasso_trace_1.txt,TERMINATING,2.06,101.91,12.00,TERMINATING,128,26,154,Affine template / Affine template
CP26_BENCHMARK_FINAL/BENCHMARK_SIMPLE_C_BPL/TERM_LASSO//lasso_traces_broydn.c.i.broydn.pl.t2.nor.t2.rlgfixed.t2.c/lasso_trace_12.txt,TERMINATING,0.45,74.50,15.00,TERMINATING,429,22,451,Affine template / Affine template
CP26_BENCHMARK_FINAL/BENCHMARK_SIMPLE_C_BPL/TERM_LASSO//lasso_traces_broydn.c.i.broydn.pl.t2.nor.t2.rlgfixed.t2.c/lasso_trace_13.txt,TERMINATING,0.49,142.21,46.00,TERMINATING,463,13,476,Affine template / Affine template
CP26_BENCHMARK_FINAL/BENCHMARK_SIMPLE_C_BPL/TERM_LASSO//lasso_traces_broydn.c.i.broydn.pl.t2.nor.t2.rlgfixed.t2.c/lasso_trace_2.txt,TERMINATING,0.52,87.64,23.00,TERMINATING,151,120,271,Affine template / Affine template
CP26_BENCHMARK_FINAL/BENCHMARK_SIMPLE_C_BPL/TERM_LASSO//lasso_traces_broydn.c.i.broydn.pl.t2.nor.t2.rlgfixed.t2.c/lasso_trace_3.txt,TERMINATING,0.42,60.05,11.00,TERMINATING,182,27,209,Affine template / Affine template
CP26_BENCHMARK_FINAL/BENCHMARK_SIMPLE_C_BPL/TERM_LASSO//lasso_traces_broydn.c.i.broydn.pl.t2.nor.t2.rlgfixed.t2.c/lasso_trace_5.txt,TERMINATING,0.49,61.86,13.00,TERMINATING,208,35,243,Affine template / Affine template
CP26_BENCHMARK_FINAL/BENCHMARK_SIMPLE_C_BPL/TERM_LASSO//lasso_traces_broydn.c.i.broydn.pl.t2.nor.t2.rlgfixed.t2.c/lasso_trace_6.txt,TERMINATING,0.54,67.36,16.00,TERMINATING,212,35,247,Affine template / Affine template
CP26_BENCHMARK_FINAL/BENCHMARK_SIMPLE_C_BPL/TERM_LASSO//lasso_traces_broydn.c.i.broydn.pl.t2.nor.t2.rlgfixed.t2.c/lasso_trace_7.txt,TERMINATING,0.41,64.14,14.00,TERMINATING,222,17,239,Affine template / Affine template
CP26_BENCHMARK_FINAL/BENCHMARK_SIMPLE_C_BPL/TERM_LASSO//lasso_traces_broydn.c.i.broydn.pl.t2.nor.t2.rlgfixed.t2.c/lasso_trace_8.txt,TERMINATING,0.52,150.67,38.00,TERMINATING,229,22,251,Affine template / Affine template
CP26_BENCHMARK_FINAL/BENCHMARK_SIMPLE_C_BPL/TERM_LASSO//lasso_traces_broydn.t2.c/lasso_trace_1.txt,TERMINATING,2.01,76.11,13.00,TERMINATING,128,26,154,Affine template / Affine template
CP26_BENCHMARK_FINAL/BENCHMARK_SIMPLE_C_BPL/TERM_LASSO//lasso_traces_broydn.t2.c/lasso_trace_2.txt,TERMINATING,0.48,87.97,22.00,TERMINATING,151,120,271,Affine template / Affine template
CP26_BENCHMARK_FINAL/BENCHMARK_SIMPLE_C_BPL/TERM_LASSO//lasso_traces_broydn.t2.c/lasso_trace_3.txt,TERMINATING,0.41,62.97,17.00,TERMINATING,182,27,209,Affine template / Affine template
CP26_BENCHMARK_FINAL/BENCHMARK_SIMPLE_C_BPL/TERM_LASSO//lasso_traces_broydn.t2.c/lasso_trace_5.txt,TERMINATING,0.53,69.03,13.00,TERMINATING,208,35,243,Affine template / Affine template
CP26_BENCHMARK_FINAL/BENCHMARK_SIMPLE_C_BPL/TERM_LASSO//lasso_traces_broydn.t2.c/lasso_trace_6.txt,TERMINATING,0.49,65.95,18.00,TERMINATING,212,35,247,Affine template / Affine template
CP26_BENCHMARK_FINAL/BENCHMARK_SIMPLE_C_BPL/TERM_LASSO//lasso_traces_broydn.t2.c/lasso_trace_7.txt,TERMINATING,0.37,66.11,13.00,TERMINATING,222,17,239,Affine template / Affine template
CP26_BENCHMARK_FINAL/BENCHMARK_SIMPLE_C_BPL/TERM_LASSO//lasso_traces_broydn.t2.c/lasso_trace_8.txt,TERMINATING,0.42,67.74,14.00,TERMINATING,230,22,252,Affine template / Affine template
CP26_BENCHMARK_FINAL/BENCHMARK_SIMPLE_C_BPL/TERM_LASSO//lasso_traces_brp_withassume.t2.c/lasso_trace_10.txt,TERMINATING,0.42,86.11,18.00,TERMINATING,292,25,317,Affine template / Affine template
CP26_BENCHMARK_FINAL/BENCHMARK_SIMPLE_C_BPL/TERM_LASSO//lasso_traces_brp_withassume.t2.c/lasso_trace_11.txt,TERMINATING,0.61,76.95,29.00,TERMINATING,330,67,397,Affine template / Affine template
CP26_BENCHMARK_FINAL/BENCHMARK_SIMPLE_C_BPL/TERM_LASSO//lasso_traces_brp_withassume.t2.c/lasso_trace_13.txt,TERMINATING,0.51,81.67,24.00,TERMINATING,557,67,624,Affine template / Affine template
CP26_BENCHMARK_FINAL/BENCHMARK_SIMPLE_C_BPL/TERM_LASSO//lasso_traces_brp_withassume.t2.c/lasso_trace_3.txt,TERMINATING,0.48,57.62,13.00,TERMINATING,121,25,146,Affine template / Affine template
CP26_BENCHMARK_FINAL/BENCHMARK_SIMPLE_C_BPL/TERM_LASSO//lasso_traces_brutesearch.c/lasso_trace_2.txt,TERMINATING,1.77,2464.10,230.00,TERMINATING,5,5,10,Affine template / Affine template
CP26_BENCHMARK_FINAL/BENCHMARK_SIMPLE_C_BPL/TERM_LASSO//lasso_traces_brutesearch-no-inv.c/lasso_trace_2.txt,TERMINATING,1.92,2619.50,249.00,TERMINATING,5,5,10,Affine template / Affine template
CP26_BENCHMARK_FINAL/BENCHMARK_SIMPLE_C_BPL/TERM_LASSO//lasso_traces_bsort100.t2.c/lasso_trace_1.txt,TERMINATING,2.17,54.71,5.00,TERMINATING,40,13,53,Affine template / Affine template
CP26_BENCHMARK_FINAL/BENCHMARK_SIMPLE_C_BPL/TERM_LASSO//lasso_traces_bubble_nice.c/lasso_trace_1.txt,TERMINATING,2.03,71.31,13.00,TERMINATING,5,2,7,Affine template / Affine template
CP26_BENCHMARK_FINAL/BENCHMARK_SIMPLE_C_BPL/TERM_LASSO//lasso_traces_bubblesort-alloca_true-termination.c/lasso_trace_1.txt,TERMINATING,1.73,68.45,10.00,TERMINATING,7,2,9,Affine template / Affine template
CP26_BENCHMARK_FINAL/BENCHMARK_SIMPLE_C_BPL/TERM_LASSO//lasso_traces_bubblesort-alloca_true-termination.c/lasso_trace_2.txt,TERMINATING,0.59,78.22,17.00,TERMINATING,8,5,13,Affine template / Affine template
CP26_BENCHMARK_FINAL/BENCHMARK_SIMPLE_C_BPL/TERM_LASSO//lasso_traces_bubble_sort.c/lasso_trace_1.txt,TERMINATING,3.51,63.51,5.00,TERMINATING,1,2,3,Affine template / Affine template
CP26_BENCHMARK_FINAL/BENCHMARK_SIMPLE_C_BPL/TERM_LASSO//lasso_traces_bubble_sort.c/lasso_trace_2.txt,TERMINATING,0.64,54.65,12.00,TERMINATING,2,5,7,Affine template / Affine template
CP26_BENCHMARK_FINAL/BENCHMARK_SIMPLE_C_BPL/TERM_LASSO//lasso_traces_bubblesort_inner_loop.t2.c/lasso_trace_1.txt,TERMINATING,1.73,48.53,7.00,TERMINATING,28,25,53,Affine template / Affine template
CP26_BENCHMARK_FINAL/BENCHMARK_SIMPLE_C_BPL/TERM_LASSO//lasso_traces_BubblesortMalloc_true-termination.c/lasso_trace_1.txt,TERMINATING,1.58,63.98,11.00,TERMINATING,7,2,9,Affine template / Affine template
CP26_BENCHMARK_FINAL/BENCHMARK_SIMPLE_C_BPL/TERM_LASSO//lasso_traces_BubblesortMalloc_true-termination.c/lasso_trace_2.txt,TERMINATING,0.90,136.61,39.00,TERMINATING,8,5,13,Affine template / Affine template
CP26_BENCHMARK_FINAL/BENCHMARK_SIMPLE_C_BPL/TERM_LASSO//lasso_traces_BubblesortMalloc_true-termination.c/lasso_trace_5.txt,TERMINATING,0.53,76.36,76.00,TERMINATING,20,5,25,Affine template / Affine template
CP26_BENCHMARK_FINAL/BENCHMARK_SIMPLE_C_BPL/TERM_LASSO//lasso_traces_BubblesortMalloc_true-termination.c/lasso_trace_6.txt,TERMINATING,0.55,152.55,58.00,TERMINATING,25,5,30,Affine template / Affine template
CP26_BENCHMARK_FINAL/BENCHMARK_SIMPLE_C_BPL/TERM_LASSO//lasso_traces_BubblesortMallocWithSwapFunction_true-termination.c/lasso_trace_1.txt,TERMINATING,1.86,66.88,13.00,TERMINATING,7,2,9,Affine template / Affine template
CP26_BENCHMARK_FINAL/BENCHMARK_SIMPLE_C_BPL/TERM_LASSO//lasso_traces_BubblesortMallocWithSwapFunction_true-termination.c/lasso_trace_2.txt,TERMINATING,0.89,158.47,41.00,TERMINATING,8,5,13,Affine template / Affine template
CP26_BENCHMARK_FINAL/BENCHMARK_SIMPLE_C_BPL/TERM_LASSO//lasso_traces_bubbleSort.t2.c/lasso_trace_1.txt,TERMINATING,1.95,66.64,7.00,TERMINATING,44,13,57,Affine template / Affine template
CP26_BENCHMARK_FINAL/BENCHMARK_SIMPLE_C_BPL/TERM_LASSO//lasso_traces_bubbleSort.t2.c/lasso_trace_5.txt,TERMINATING,0.30,46.56,9.00,TERMINATING,92,25,117,Affine template / Affine template
CP26_BENCHMARK_FINAL/BENCHMARK_SIMPLE_C_BPL/TERM_LASSO//lasso_traces_Bubblesort_true-termination.c/lasso_trace_1.txt,TERMINATING,1.63,63.81,8.00,TERMINATING,7,2,9,Affine template / Affine template
CP26_BENCHMARK_FINAL/BENCHMARK_SIMPLE_C_BPL/TERM_LASSO//lasso_traces_Bubblesort_true-termination.c/lasso_trace_2.txt,TERMINATING,0.75,115.62,32.00,TERMINATING,8,5,13,Affine template / Affine template
CP26_BENCHMARK_FINAL/BENCHMARK_SIMPLE_C_BPL/TERM_LASSO//lasso_traces_Bubblesort_true-termination.c/lasso_trace_5.txt,TERMINATING,0.61,58.95,63.00,TERMINATING,20,5,25,Affine template / Affine template
CP26_BENCHMARK_FINAL/BENCHMARK_SIMPLE_C_BPL/TERM_LASSO//lasso_traces_Bubblesort_true-termination.c/lasso_trace_6.txt,TERMINATING,0.59,152.63,49.00,TERMINATING,25,5,30,Affine template / Affine template
CP26_BENCHMARK_FINAL/BENCHMARK_SIMPLE_C_BPL/TERM_LASSO//lasso_traces_Bubblesort_true-termination.c/lasso_trace_7.txt,TERMINATING,0.45,321.24,82.00,TERMINATING,30,5,35,Affine template / Affine template
CP26_BENCHMARK_FINAL/BENCHMARK_SIMPLE_C_BPL/TERM_LASSO//lasso_traces_BubblesortWithoutArrays_true-termination.c/lasso_trace_1.txt,TERMINATING,2.05,45.44,5.00,TERMINATING,7,2,9,Affine template / Affine template
CP26_BENCHMARK_FINAL/BENCHMARK_SIMPLE_C_BPL/TERM_LASSO//lasso_traces_BubblesortWithoutArrays_true-termination.c/lasso_trace_2.txt,TERMINATING,0.74,40.58,5.00,TERMINATING,8,1,9,Affine template / Affine template
CP26_BENCHMARK_FINAL/BENCHMARK_SIMPLE_C_BPL/TERM_LASSO//lasso_traces_BubblesortWithSwapFunction_true-termination.c/lasso_trace_1.txt,TERMINATING,1.83,61.75,9.00,TERMINATING,7,2,9,Affine template / Affine template
CP26_BENCHMARK_FINAL/BENCHMARK_SIMPLE_C_BPL/TERM_LASSO//lasso_traces_BubblesortWithSwapFunction_true-termination.c/lasso_trace_2.txt,TERMINATING,0.92,125.51,40.00,TERMINATING,8,5,13,Affine template / Affine template
CP26_BENCHMARK_FINAL/BENCHMARK_SIMPLE_C_BPL/TERM_LASSO//lasso_traces_Buffer_overFlow_in_loop_nonSecurity.c/lasso_trace_1.txt,TERMINATING,1.83,49.52,10.00,TERMINATING,5,3,8,Affine template / Affine template
CP26_BENCHMARK_FINAL/BENCHMARK_SIMPLE_C_BPL/TERM_LASSO//lasso_traces_Buffer_overFlow_in_loop_Security.c/lasso_trace_1.txt,TERMINATING,2.08,45.41,5.00,TERMINATING,5,3,8,Affine template / Affine template
CP26_BENCHMARK_FINAL/BENCHMARK_SIMPLE_C_BPL/TERM_LASSO//lasso_traces_bug02_isEmptyHeuristic_recursion.c/lasso_trace_1.txt,TERMINATING,1.84,30.70,6.00,TERMINATING,6,4,10,Affine template / Affine template
CP26_BENCHMARK_FINAL/BENCHMARK_SIMPLE_C_BPL/TERM_LASSO//lasso_traces_bug02_isEmptyHeuristic_recursion.c/lasso_trace_2.txt,TERMINATING,0.49,46.81,10.00,TERMINATING,9,4,13,Affine template / Affine template
CP26_BENCHMARK_FINAL/BENCHMARK_SIMPLE_C_BPL/TERM_LASSO//lasso_traces_bug02_isEmptyHeuristic_recursion.c/lasso_trace_3.txt,TERMINATING,0.47,46.63,11.00,TERMINATING,13,4,17,Affine template / Affine template
CP26_BENCHMARK_FINAL/BENCHMARK_SIMPLE_C_BPL/TERM_LASSO//lasso_traces_bug02_isEmptyHeuristic_recursion.c/lasso_trace_5.txt,TERMINATING,0.34,35.39,9.00,TERMINATING,14,8,22,Affine template / Affine template
CP26_BENCHMARK_FINAL/BENCHMARK_SIMPLE_C_BPL/TERM_LASSO//lasso_traces_bug02_isEmptyHeuristic_recursion.c/lasso_trace_6.txt,TERMINATING,0.37,41.38,11.00,TERMINATING,15,4,19,Affine template / Affine template
CP26_BENCHMARK_FINAL/BENCHMARK_SIMPLE_C_BPL/TERM_LASSO//lasso_traces_bug06_IsEmptyHeuristic.c/lasso_trace_2.txt,TERMINATING,1.73,42.28,5.00,TERMINATING,5,4,9,Affine template / Affine template
CP26_BENCHMARK_FINAL/BENCHMARK_SIMPLE_C_BPL/TERM_LASSO//lasso_traces_BugDoubleLabel.c/lasso_trace_1.txt,TERMINATING,1.71,50.43,7.00,TERMINATING,5,3,8,Affine template / Affine template
CP26_BENCHMARK_FINAL/BENCHMARK_SIMPLE_C_BPL/TERM_LASSO//lasso_traces_bug-FalseStemFeasible.c/lasso_trace_1.txt,TERMINATING,1.88,59.57,7.00,TERMINATING,5,1,6,Affine template / Affine template
CP26_BENCHMARK_FINAL/BENCHMARK_SIMPLE_C_BPL/TERM_LASSO//lasso_traces_bug-IndexOutOfBounds.c/lasso_trace_1.txt,TERMINATING,2.24,69.56,34.00,UNKNOWN,5,2,7,Affine template
CP26_BENCHMARK_FINAL/BENCHMARK_SIMPLE_C_BPL/TERM_LASSO//lasso_traces_BugOldVars01.c/lasso_trace_1.txt,TERMINATING,1.80,50.84,7.00,TERMINATING,7,1,8,Affine template / Affine template
CP26_BENCHMARK_FINAL/BENCHMARK_SIMPLE_C_BPL/TERM_LASSO//lasso_traces_BugOldVars01-simplified.c/lasso_trace_1.txt,TERMINATING,1.87,49.28,7.00,TERMINATING,6,1,7,Affine template / Affine template
CP26_BENCHMARK_FINAL/BENCHMARK_SIMPLE_C_BPL/TERM_LASSO//lasso_traces_BugRewriteArraysNullpointerException.c/lasso_trace_1.txt,TERMINATING,2.28,66.62,10.00,TERMINATING,7,2,9,Affine template / Affine template
CP26_BENCHMARK_FINAL/BENCHMARK_SIMPLE_C_BPL/TERM_LASSO//lasso_traces_builtin_return_address.c/lasso_trace_1.txt,TERMINATING,1.85,59.44,5.00,TERMINATING,5,1,6,Affine template / Affine template
CP26_BENCHMARK_FINAL/BENCHMARK_SIMPLE_C_BPL/TERM_LASSO//lasso_traces_byron-1.t2.c/lasso_trace_1.txt,TERMINATING,1.96,51.54,9.00,TERMINATING,33,13,46,Affine template / Affine template
CP26_BENCHMARK_FINAL/BENCHMARK_SIMPLE_C_BPL/TERM_LASSO//lasso_traces_byron-2.t2.c/lasso_trace_1.txt,TERMINATING,1.80,59.62,10.00,TERMINATING,40,28,68,Affine template / Affine template
CP26_BENCHMARK_FINAL/BENCHMARK_SIMPLE_C_BPL/TERM_LASSO//lasso_traces_byron-2.t2.c/lasso_trace_2.txt,TERMINATING,0.36,42.59,11.00,TERMINATING,73,42,115,Affine template / Affine template
CP26_BENCHMARK_FINAL/BENCHMARK_SIMPLE_C_BPL/TERM_LASSO//lasso_traces_byron-2.t2.c/lasso_trace_3.txt,TERMINATING,0.37,95.04,29.00,TERMINATING,89,28,117,Affine template / Affine template
CP26_BENCHMARK_FINAL/BENCHMARK_SIMPLE_C_BPL/TERM_LASSO//lasso_traces_byron-3.t2.c/lasso_trace_1.txt,TERMINATING,2.03,145.34,10.00,TERMINATING,28,13,41,2 template / Nested template
CP26_BENCHMARK_FINAL/BENCHMARK_SIMPLE_C_BPL/TERM_LASSO//lasso_traces_byron-4.t2.c/lasso_trace_3.txt,TERMINATING,1.78,56.75,9.00,TERMINATING,37,45,82,Affine template / Affine template
CP26_BENCHMARK_FINAL/BENCHMARK_SIMPLE_C_BPL/TERM_LASSO//lasso_traces_c.01_assume-alloca_true-termination.c/lasso_trace_2.txt,TERMINATING,2.30,94.70,35.00,TERMINATING,9,8,17,Affine template / Affine template
CP26_BENCHMARK_FINAL/BENCHMARK_SIMPLE_C_BPL/TERM_LASSO//lasso_traces_c.01_assume-alloca_true-termination.c/lasso_trace_3.txt,TERMINATING,0.98,94.08,30.00,TERMINATING,12,7,19,Affine template / Affine template
CP26_BENCHMARK_FINAL/BENCHMARK_SIMPLE_C_BPL/TERM_LASSO//lasso_traces_c.01_assume_true-termination.c/lasso_trace_1.txt,TERMINATING,1.79,48.99,7.00,TERMINATING,7,2,9,Affine template / Affine template
CP26_BENCHMARK_FINAL/BENCHMARK_SIMPLE_C_BPL/TERM_LASSO//lasso_traces_c.01_assume_true-termination.c/lasso_trace_2.txt,TERMINATING,0.51,40.55,7.00,TERMINATING,8,2,10,Affine template / Affine template
CP26_BENCHMARK_FINAL/BENCHMARK_SIMPLE_C_BPL/TERM_LASSO//lasso_traces_c.01.c/lasso_trace_1.txt,TERMINATING,3.24,49.95,7.00,TERMINATING,1,2,3,Affine template / Affine template
CP26_BENCHMARK_FINAL/BENCHMARK_SIMPLE_C_BPL/TERM_LASSO//lasso_traces_c.01-no-inv-alloca_true-termination.c/lasso_trace_2.txt,TERMINATING,2.84,98.66,39.00,TERMINATING,10,8,18,Affine template / Affine template
CP26_BENCHMARK_FINAL/BENCHMARK_SIMPLE_C_BPL/TERM_LASSO//lasso_traces_c.01-no-inv.c/lasso_trace_1.txt,TERMINATING,2.14,44.24,7.00,TERMINATING,1,2,3,Affine template / Affine template
CP26_BENCHMARK_FINAL/BENCHMARK_SIMPLE_C_BPL/TERM_LASSO//lasso_traces_c.01-no-inv_true-termination.c/lasso_trace_1.txt,TERMINATING,2.00,51.11,7.00,TERMINATING,7,2,9,Affine template / Affine template
CP26_BENCHMARK_FINAL/BENCHMARK_SIMPLE_C_BPL/TERM_LASSO//lasso_traces_c.02.c/lasso_trace_1.txt,TERMINATING,2.16,51.59,5.00,TERMINATING,1,2,3,Affine template / Affine template
CP26_BENCHMARK_FINAL/BENCHMARK_SIMPLE_C_BPL/TERM_LASSO//lasso_traces_c.02.c/lasso_trace_2.txt,TERMINATING,0.56,35.66,6.00,TERMINATING,2,1,3,Affine template / Affine template
CP26_BENCHMARK_FINAL/BENCHMARK_SIMPLE_C_BPL/TERM_LASSO//lasso_traces_c.02_true-termination.c/lasso_trace_1.txt,TERMINATING,2.18,48.10,5.00,TERMINATING,7,2,9,Affine template / Affine template
CP26_BENCHMARK_FINAL/BENCHMARK_SIMPLE_C_BPL/TERM_LASSO//lasso_traces_c.02_true-termination.c/lasso_trace_2.txt,TERMINATING,0.39,41.01,8.00,TERMINATING,8,1,9,Affine template / Affine template
CP26_BENCHMARK_FINAL/BENCHMARK_SIMPLE_C_BPL/TERM_LASSO//lasso_traces_c.03-alloca_true-termination.c/lasso_trace_1.txt,TERMINATING,2.98,158.20,63.00,TERMINATING,11,10,21,Affine template / Affine template
CP26_BENCHMARK_FINAL/BENCHMARK_SIMPLE_C_BPL/TERM_LASSO//lasso_traces_c.03-alloca_true-termination.c/lasso_trace_2.txt,TERMINATING,1.60,106.48,70.00,TERMINATING,17,10,27,Affine template / Affine template
CP26_BENCHMARK_FINAL/BENCHMARK_SIMPLE_C_BPL/TERM_LASSO//lasso_traces_c.03.c/lasso_trace_1.txt,TERMINATING,2.18,95.12,19.00,TERMINATING,1,1,2,Affine template / Affine template
CP26_BENCHMARK_FINAL/BENCHMARK_SIMPLE_C_BPL/TERM_LASSO//lasso_traces_c.03_true-termination.c/lasso_trace_1.txt,TERMINATING,2.18,122.59,19.00,TERMINATING,7,1,8,Affine template / Affine template
CP26_BENCHMARK_FINAL/BENCHMARK_SIMPLE_C_BPL/TERM_LASSO//lasso_traces_c.04.c/lasso_trace_1.txt,TERMINATING,2.14,92.78,22.00,TERMINATING,2,1,3,Affine template / Affine template
CP26_BENCHMARK_FINAL/BENCHMARK_SIMPLE_C_BPL/TERM_LASSO//lasso_traces_c.04-no-inv.c/lasso_trace_1.txt,TERMINATING,2.15,104.78,23.00,TERMINATING,2,1,3,Affine template / Affine template
CP26_BENCHMARK_FINAL/BENCHMARK_SIMPLE_C_BPL/TERM_LASSO//lasso_traces_c.06.c/lasso_trace_1.txt,TERMINATING,2.08,405.85,50.00,TERMINATING,1,1,2,Affine template / Affine template
CP26_BENCHMARK_FINAL/BENCHMARK_SIMPLE_C_BPL/TERM_LASSO//lasso_traces_c.07-alloca_true-termination.c/lasso_trace_2.txt,TERMINATING,2.97,180.62,107.00,TERMINATING,12,14,26,Affine template / Affine template
CP26_BENCHMARK_FINAL/BENCHMARK_SIMPLE_C_BPL/TERM_LASSO//lasso_traces_c.07.c/lasso_trace_1.txt,TERMINATING,2.29,69.59,13.00,TERMINATING,1,1,2,Affine template / Affine template
CP26_BENCHMARK_FINAL/BENCHMARK_SIMPLE_C_BPL/TERM_LASSO//lasso_traces_c.07_true-termination.c/lasso_trace_1.txt,TERMINATING,1.82,64.36,9.00,TERMINATING,7,1,8,Affine template / Affine template
CP26_BENCHMARK_FINAL/BENCHMARK_SIMPLE_C_BPL/TERM_LASSO//lasso_traces_c.08-alloca_true-termination.c/lasso_trace_2.txt,TERMINATING,2.05,168.91,35.00,TERMINATING,10,8,18,Affine template / Affine template
CP26_BENCHMARK_FINAL/BENCHMARK_SIMPLE_C_BPL/TERM_LASSO//lasso_traces_c.08.c/lasso_trace_1.txt,TERMINATING,1.89,48.60,5.00,TERMINATING,1,2,3,Affine template / Affine template
CP26_BENCHMARK_FINAL/BENCHMARK_SIMPLE_C_BPL/TERM_LASSO//lasso_traces_c.08.c/lasso_trace_2.txt,TERMINATING,0.91,36.21,5.00,TERMINATING,2,1,3,Affine template / Affine template
CP26_BENCHMARK_FINAL/BENCHMARK_SIMPLE_C_BPL/TERM_LASSO//lasso_traces_c.08_true-termination.c/lasso_trace_1.txt,TERMINATING,1.70,47.82,5.00,TERMINATING,7,2,9,Affine template / Affine template
CP26_BENCHMARK_FINAL/BENCHMARK_SIMPLE_C_BPL/TERM_LASSO//lasso_traces_c.08_true-termination.c/lasso_trace_2.txt,TERMINATING,0.96,37.98,8.00,TERMINATING,8,1,9,Affine template / Affine template
CP26_BENCHMARK_FINAL/BENCHMARK_SIMPLE_C_BPL/TERM_LASSO//lasso_traces_c.09.c/lasso_trace_1.txt,TERMINATING,2.78,104.36,18.00,TERMINATING,1,1,2,Affine template / Affine template
CP26_BENCHMARK_FINAL/BENCHMARK_SIMPLE_C_BPL/TERM_LASSO//lasso_traces_c.11.c/lasso_trace_1.txt,TERMINATING,2.29,2086.60,31.00,TERMINATING,1,1,2,2 template / Affine template
CP26_BENCHMARK_FINAL/BENCHMARK_SIMPLE_C_BPL/TERM_LASSO//lasso_traces_cacm.c/lasso_trace_1.txt,TERMINATING,2.09,114.65,15.00,TERMINATING,1,1,2,Affine template / Affine template
CP26_BENCHMARK_FINAL/BENCHMARK_SIMPLE_C_BPL/TERM_LASSO//lasso_traces_Cairo_true-termination.c/lasso_trace_1.txt,TERMINATING,1.87,99.45,11.00,TERMINATING,6,1,7,Affine template / Affine template
CP26_BENCHMARK_FINAL/BENCHMARK_SIMPLE_C_BPL/TERM_LASSO//lasso_traces_cav1.c/lasso_trace_1.txt,TERMINATING,1.99,69.89,10.00,TERMINATING,1,1,2,Affine template / Affine template
CP26_BENCHMARK_FINAL/BENCHMARK_SIMPLE_C_BPL/TERM_LASSO//lasso_traces_chaining2.c/lasso_trace_1.txt,TERMINATING,0.65,73.16,14.00,TERMINATING,2,1,3,Affine template / Affine template
CP26_BENCHMARK_FINAL/BENCHMARK_SIMPLE_C_BPL/TERM_LASSO//lasso_traces_ChawdharyCookGulwaniSagivYang-ESOP2008-aaron1_true-termination.c/lasso_trace_1.txt,TERMINATING,2.21,447.53,43.00,TERMINATING,5,1,6,Affine template / Affine template
CP26_BENCHMARK_FINAL/BENCHMARK_SIMPLE_C_BPL/TERM_LASSO//lasso_traces_ChawdharyCookGulwaniSagivYang-ESOP2008-aaron2_true-termination.c/lasso_trace_1.txt,TERMINATING,1.81,84.09,14.00,TERMINATING,5,1,6,Affine template / Affine template
CP26_BENCHMARK_FINAL/BENCHMARK_SIMPLE_C_BPL/TERM_LASSO//lasso_traces_ChawdharyCookGulwaniSagivYang-ESOP2008-aaron3_true-termination.c/lasso_trace_1.txt,TERMINATING,2.08,1554.21,48.00,TERMINATING,5,1,6,2 template / Nested template
CP26_BENCHMARK_FINAL/BENCHMARK_SIMPLE_C_BPL/TERM_LASSO//lasso_traces_ChawdharyCookGulwaniSagivYang-ESOP2008-aaron4_true-termination.c/lasso_trace_1.txt,TERMINATING,2.42,2636.14,190.00,TERMINATING,5,1,6,2 template / Nested template
CP26_BENCHMARK_FINAL/BENCHMARK_SIMPLE_C_BPL/TERM_LASSO//lasso_traces_ChawdharyCookGulwaniSagivYang-ESOP2008-aaron6_true-termination.c/lasso_trace_1.txt,TERMINATING,2.08,142.57,54.00,TERMINATING,6,1,7,Affine template / Affine template
CP26_BENCHMARK_FINAL/BENCHMARK_SIMPLE_C_BPL/TERM_LASSO//lasso_traces_ChawdharyCookGulwaniSagivYang-ESOP2008-easy1_true-termination.c/lasso_trace_1.txt,TERMINATING,1.98,124.31,17.00,TERMINATING,5,1,6,Affine template / Affine template
CP26_BENCHMARK_FINAL/BENCHMARK_SIMPLE_C_BPL/TERM_LASSO//lasso_traces_ChawdharyCookGulwaniSagivYang-ESOP2008-easy2_true-termination.c/lasso_trace_1.txt,TERMINATING,1.97,51.69,8.00,TERMINATING,5,1,6,Affine template / Affine template
CP26_BENCHMARK_FINAL/BENCHMARK_SIMPLE_C_BPL/TERM_LASSO//lasso_traces_ChawdharyCookGulwaniSagivYang-ESOP2008-random1d_true-termination.c/lasso_trace_1.txt,TERMINATING,2.01,100.07,19.00,TERMINATING,6,1,7,Affine template / Affine template
CP26_BENCHMARK_FINAL/BENCHMARK_SIMPLE_C_BPL/TERM_LASSO//lasso_traces_ChawdharyCookGulwaniSagivYang-ESOP2008-random2d_true-termination.c/lasso_trace_1.txt,TERMINATING,2.98,541.91,45.00,TERMINATING,5,1,6,Affine template / Affine template
CP26_BENCHMARK_FINAL/BENCHMARK_SIMPLE_C_BPL/TERM_LASSO//lasso_traces_ChenFlurMukhopadhyay-2012SAS-Fig1-alloca_true-termination.c/lasso_trace_1.txt,TERMINATING,4.01,496.41,99.00,UNKNOWN,8,9,17,2 template
CP26_BENCHMARK_FINAL/BENCHMARK_SIMPLE_C_BPL/TERM_LASSO//lasso_traces_ChenFlurMukhopadhyay-SAS2012-Ex1.02_true-termination.c/lasso_trace_1.txt,TERMINATING,1.75,62.94,10.00,TERMINATING,5,1,6,Affine template / Affine template
CP26_BENCHMARK_FINAL/BENCHMARK_SIMPLE_C_BPL/TERM_LASSO//lasso_traces_ChenFlurMukhopadhyay-SAS2012-Ex1.03_true-termination.c/lasso_trace_1.txt,TERMINATING,1.77,54.71,9.00,TERMINATING,5,1,6,Affine template / Affine template
CP26_BENCHMARK_FINAL/BENCHMARK_SIMPLE_C_BPL/TERM_LASSO//lasso_traces_ChenFlurMukhopadhyay-SAS2012-Ex1.04_true-termination.c/lasso_trace_1.txt,TERMINATING,1.89,55.58,9.00,TERMINATING,5,1,6,Affine template / Affine template
CP26_BENCHMARK_FINAL/BENCHMARK_SIMPLE_C_BPL/TERM_LASSO//lasso_traces_ChenFlurMukhopadhyay-SAS2012-Ex1.05_true-termination.c/lasso_trace_1.txt,TERMINATING,1.85,60.10,10.00,TERMINATING,5,1,6,Affine template / Affine template
CP26_BENCHMARK_FINAL/BENCHMARK_SIMPLE_C_BPL/TERM_LASSO//lasso_traces_ChenFlurMukhopadhyay-SAS2012-Ex2.01_true-termination.c/lasso_trace_1.txt,TERMINATING,1.99,119.52,16.00,TERMINATING,5,1,6,2 template / Nested template
CP26_BENCHMARK_FINAL/BENCHMARK_SIMPLE_C_BPL/TERM_LASSO//lasso_traces_ChenFlurMukhopadhyay-SAS2012-Ex2.07_true-termination.c/lasso_trace_1.txt,TERMINATING,2.47,153.05,15.00,TERMINATING,5,1,6,2 template / Nested template
CP26_BENCHMARK_FINAL/BENCHMARK_SIMPLE_C_BPL/TERM_LASSO//lasso_traces_ChenFlurMukhopadhyay-SAS2012-Ex2.08_true-termination.c/lasso_trace_1.txt,TERMINATING,2.37,147.53,18.00,TERMINATING,5,1,6,2 template / Nested template
CP26_BENCHMARK_FINAL/BENCHMARK_SIMPLE_C_BPL/TERM_LASSO//lasso_traces_ChenFlurMukhopadhyay-SAS2012-Ex2.09_true-termination.c/lasso_trace_1.txt,TERMINATING,2.20,85.02,17.00,TERMINATING,5,1,6,Affine template / Nested template
CP26_BENCHMARK_FINAL/BENCHMARK_SIMPLE_C_BPL/TERM_LASSO//lasso_traces_ChenFlurMukhopadhyay-SAS2012-Ex2.10_true-termination.c/lasso_trace_1.txt,TERMINATING,3.34,57.17,12.00,TERMINATING,5,1,6,Affine template / Affine template
CP26_BENCHMARK_FINAL/BENCHMARK_SIMPLE_C_BPL/TERM_LASSO//lasso_traces_ChenFlurMukhopadhyay-SAS2012-Ex2.13_true-termination.c/lasso_trace_1.txt,TERMINATING,3.56,62.09,11.00,TERMINATING,5,1,6,Affine template / Affine template
CP26_BENCHMARK_FINAL/BENCHMARK_SIMPLE_C_BPL/TERM_LASSO//lasso_traces_ChenFlurMukhopadhyay-SAS2012-Ex2.16_true-termination.c/lasso_trace_1.txt,TERMINATING,2.10,63.16,15.00,TERMINATING,5,1,6,Affine template / Nested template
CP26_BENCHMARK_FINAL/BENCHMARK_SIMPLE_C_BPL/TERM_LASSO//lasso_traces_ChenFlurMukhopadhyay-SAS2012-Ex2.18_true-termination.c/lasso_trace_1.txt,TERMINATING,2.07,70.99,10.00,TERMINATING,5,1,6,Affine template / Affine template
CP26_BENCHMARK_FINAL/BENCHMARK_SIMPLE_C_BPL/TERM_LASSO//lasso_traces_ChenFlurMukhopadhyay-SAS2012-Ex2.19_true-termination.c/lasso_trace_1.txt,TERMINATING,2.08,63.63,16.00,TERMINATING,5,1,6,Affine template / Nested template
CP26_BENCHMARK_FINAL/BENCHMARK_SIMPLE_C_BPL/TERM_LASSO//lasso_traces_ChenFlurMukhopadhyay-SAS2012-Ex2.20_true-termination.c/lasso_trace_1.txt,TERMINATING,2.00,59.59,12.00,TERMINATING,5,1,6,Affine template / Affine template
CP26_BENCHMARK_FINAL/BENCHMARK_SIMPLE_C_BPL/TERM_LASSO//lasso_traces_ChenFlurMukhopadhyay-SAS2012-Ex2.21_true-termination.c/lasso_trace_1.txt,TERMINATING,2.01,67.39,16.00,TERMINATING,5,1,6,Affine template / Nested template
CP26_BENCHMARK_FINAL/BENCHMARK_SIMPLE_C_BPL/TERM_LASSO//lasso_traces_ChenFlurMukhopadhyay-SAS2012-Ex2.22_true-termination.c/lasso_trace_1.txt,TERMINATING,3.36,77.57,13.00,TERMINATING,5,1,6,Affine template / Affine template
CP26_BENCHMARK_FINAL/BENCHMARK_SIMPLE_C_BPL/TERM_LASSO//lasso_traces_ChenFlurMukhopadhyay-SAS2012-Ex3.01_true-termination.c/lasso_trace_1.txt,TERMINATING,1.85,78.56,16.00,TERMINATING,5,1,6,Affine template / Nested template
CP26_BENCHMARK_FINAL/BENCHMARK_SIMPLE_C_BPL/TERM_LASSO//lasso_traces_ChenFlurMukhopadhyay-SAS2012-Ex3.03_true-termination.c/lasso_trace_1.txt,TERMINATING,2.01,272.31,28.00,UNKNOWN,5,1,6,3 template
CP26_BENCHMARK_FINAL/BENCHMARK_SIMPLE_C_BPL/TERM_LASSO//lasso_traces_ChenFlurMukhopadhyay-SAS2012-Ex3.04_true-termination.c/lasso_trace_1.txt,TERMINATING,2.34,152.71,15.00,TERMINATING,5,1,6,2 template / Nested template
CP26_BENCHMARK_FINAL/BENCHMARK_SIMPLE_C_BPL/TERM_LASSO//lasso_traces_ChenFlurMukhopadhyay-SAS2012-Ex3.05_true-termination.c/lasso_trace_1.txt,TERMINATING,1.97,68.39,28.00,UNKNOWN,5,1,6,Affine template
CP26_BENCHMARK_FINAL/BENCHMARK_SIMPLE_C_BPL/TERM_LASSO//lasso_traces_ChenFlurMukhopadhyay-SAS2012-Ex3.07_true-termination.c/lasso_trace_1.txt,TERMINATING,3.98,164.84,35.00,UNKNOWN,5,1,6,2 template
CP26_BENCHMARK_FINAL/BENCHMARK_SIMPLE_C_BPL/TERM_LASSO//lasso_traces_ChenFlurMukhopadhyay-SAS2012-Ex3.08_true-termination.c/lasso_trace_1.txt,TERMINATING,2.28,84.17,13.00,TERMINATING,5,1,6,Affine template / Affine template
CP26_BENCHMARK_FINAL/BENCHMARK_SIMPLE_C_BPL/TERM_LASSO//lasso_traces_ChenFlurMukhopadhyay-SAS2012-Ex3.09_true-termination.c/lasso_trace_1.txt,TERMINATING,1.95,64.44,31.00,UNKNOWN,5,1,6,Affine template
CP26_BENCHMARK_FINAL/BENCHMARK_SIMPLE_C_BPL/TERM_LASSO//lasso_traces_ChenFlurMukhopadhyay-SAS2012-Ex3.10_true-termination.c/lasso_trace_1.txt,TERMINATING,2.17,58.71,11.00,TERMINATING,5,1,6,Affine template / Affine template
CP26_BENCHMARK_FINAL/BENCHMARK_SIMPLE_C_BPL/TERM_LASSO//lasso_traces_ChenFlurMukhopadhyay-SAS2012-Ex4.01_true-termination.c/lasso_trace_1.txt,TERMINATING,2.23,156.02,38.00,UNKNOWN,5,1,6,2 template
CP26_BENCHMARK_FINAL/BENCHMARK_SIMPLE_C_BPL/TERM_LASSO//lasso_traces_ChenFlurMukhopadhyay-SAS2012-Fig1_true-termination.c/lasso_trace_1.txt,TERMINATING,2.26,145.59,35.00,UNKNOWN,5,1,6,2 template
CP26_BENCHMARK_FINAL/BENCHMARK_SIMPLE_C_BPL/TERM_LASSO//lasso_traces_ChoirNightTrezor02.c/lasso_trace_1.txt,TERMINATING,1.76,89.87,12.00,TERMINATING,6,1,7,Affine template / Affine template
CP26_BENCHMARK_FINAL/BENCHMARK_SIMPLE_C_BPL/TERM_LASSO//lasso_traces_cnt.t2.c/lasso_trace_11.txt,TERMINATING,1.58,55.82,6.00,TERMINATING,80,192,272,Affine template / Affine template
CP26_BENCHMARK_FINAL/BENCHMARK_SIMPLE_C_BPL/TERM_LASSO//lasso_traces_cnt.t2.c/lasso_trace_16.txt,TERMINATING,0.29,42.15,7.00,TERMINATING,93,17,110,Affine template / Affine template
CP26_BENCHMARK_FINAL/BENCHMARK_SIMPLE_C_BPL/TERM_LASSO//lasso_traces_cnt.t2.c/lasso_trace_25.txt,TERMINATING,0.23,40.23,9.00,TERMINATING,285,17,302,Affine template / Affine template
CP26_BENCHMARK_FINAL/BENCHMARK_SIMPLE_C_BPL/TERM_LASSO//lasso_traces_cohendiv-ll.c/lasso_trace_2.txt,TERMINATING,1.99,64.69,13.00,TERMINATING,9,28,37,Affine template / Affine template
CP26_BENCHMARK_FINAL/BENCHMARK_SIMPLE_C_BPL/TERM_LASSO//lasso_traces_collatz.c/lasso_trace_18.txt,TERMINATING,0.26,37.66,7.00,TERMINATING,11,1,12,Affine template / Affine template
CP26_BENCHMARK_FINAL/BENCHMARK_SIMPLE_C_BPL/TERM_LASSO//lasso_traces_collatz.c/lasso_trace_2.txt,TERMINATING,1.81,63.37,9.00,TERMINATING,5,4,9,Affine template / Affine template
CP26_BENCHMARK_FINAL/BENCHMARK_SIMPLE_C_BPL/TERM_LASSO//lasso_traces_collatz.c/lasso_trace_3.txt,TERMINATING,0.36,42.84,8.00,TERMINATING,8,1,9,Affine template / Affine template
CP26_BENCHMARK_FINAL/BENCHMARK_SIMPLE_C_BPL/TERM_LASSO//lasso_traces_collatz.t2.c/lasso_trace_10.txt,TERMINATING,0.36,75.80,24.00,TERMINATING,95,131,226,Affine template / Affine template
CP26_BENCHMARK_FINAL/BENCHMARK_SIMPLE_C_BPL/TERM_LASSO//lasso_traces_collatz.t2.c/lasso_trace_17.txt,TERMINATING,1.06,162.41,59.00,UNKNOWN,194,217,411,Affine template
CP26_BENCHMARK_FINAL/BENCHMARK_SIMPLE_C_BPL/TERM_LASSO//lasso_traces_collatz.t2.c/lasso_trace_18.txt,TERMINATING,1.52,170.43,110.00,TERMINATING,329,217,546,Affine template / Affine template
CP26_BENCHMARK_FINAL/BENCHMARK_SIMPLE_C_BPL/TERM_LASSO//lasso_traces_collatz.t2.c/lasso_trace_3.txt,TERMINATING,0.39,48.40,8.00,TERMINATING,25,37,62,Affine template / Affine template
CP26_BENCHMARK_FINAL/BENCHMARK_SIMPLE_C_BPL/TERM_LASSO//lasso_traces_collatz.t2.c/lasso_trace_4.txt,TERMINATING,0.50,90.58,35.00,TERMINATING,41,41,82,Affine template / Affine template
CP26_BENCHMARK_FINAL/BENCHMARK_SIMPLE_C_BPL/TERM_LASSO//lasso_traces_collatz.t2.c/lasso_trace_5.txt,TERMINATING,0.39,95.94,30.00,TERMINATING,67,41,108,Affine template / Affine template
CP26_BENCHMARK_FINAL/BENCHMARK_SIMPLE_C_BPL/TERM_LASSO//lasso_traces_collatz.t2.c/lasso_trace_9.txt,TERMINATING,0.32,73.58,23.00,TERMINATING,95,86,181,Affine template / Affine template
CP26_BENCHMARK_FINAL/BENCHMARK_SIMPLE_C_BPL/TERM_LASSO//lasso_traces_ColonSipma-TACAS2001-Fig1_true-termination.c/lasso_trace_1.txt,TERMINATING,1.92,81.42,14.00,TERMINATING,5,1,6,Affine template / Affine template
CP26_BENCHMARK_FINAL/BENCHMARK_SIMPLE_C_BPL/TERM_LASSO//lasso_traces_complex_guard.t2.c/lasso_trace_1.txt,TERMINATING,1.77,52.63,5.00,TERMINATING,16,17,33,Affine template / Affine template
CP26_BENCHMARK_FINAL/BENCHMARK_SIMPLE_C_BPL/TERM_LASSO//lasso_traces_compoundLiterals_02.c/lasso_trace_1.txt,TERMINATING,2.54,79.67,11.00,TERMINATING,7,2,9,Affine template / Affine template
CP26_BENCHMARK_FINAL/BENCHMARK_SIMPLE_C_BPL/TERM_LASSO//lasso_traces_compoundLiterals_03.c/lasso_trace_1.txt,TERMINATING,1.81,1099.55,120.00,UNKNOWN,1,1,2,Affine template
CP26_BENCHMARK_FINAL/BENCHMARK_SIMPLE_C_BPL/TERM_LASSO//lasso_traces_constants.t2.c/lasso_trace_1.txt,TERMINATING,2.05,68.38,12.00,TERMINATING,40,27,67,Affine template / Affine template
CP26_BENCHMARK_FINAL/BENCHMARK_SIMPLE_C_BPL/TERM_LASSO//lasso_traces_consts1.t2.c/lasso_trace_2.txt,TERMINATING,0.28,43.18,5.00,TERMINATING,24,17,41,Affine template / Affine template
CP26_BENCHMARK_FINAL/BENCHMARK_SIMPLE_C_BPL/TERM_LASSO//lasso_traces_consts2.t2.c/lasso_trace_1.txt,TERMINATING,1.87,47.12,5.00,TERMINATING,16,9,25,Affine template / Affine template
CP26_BENCHMARK_FINAL/BENCHMARK_SIMPLE_C_BPL/TERM_LASSO//lasso_traces_consts3.t2.c/lasso_trace_1.txt,TERMINATING,1.74,45.34,6.00,TERMINATING,16,9,25,Affine template / Affine template
CP26_BENCHMARK_FINAL/BENCHMARK_SIMPLE_C_BPL/TERM_LASSO//lasso_traces_consts4.t2.c/lasso_trace_1.txt,TERMINATING,1.82,50.02,6.00,TERMINATING,16,9,25,Affine template / Affine template
CP26_BENCHMARK_FINAL/BENCHMARK_SIMPLE_C_BPL/TERM_LASSO//lasso_traces_continueStatement.c/lasso_trace_1.txt,TERMINATING,1.80,133.53,16.00,TERMINATING,5,1,6,Affine template / Affine template
CP26_BENCHMARK_FINAL/BENCHMARK_SIMPLE_C_BPL/TERM_LASSO//lasso_traces_CookSeeZuleger-2013TACAS-Fig3-alloca_true-termination.c/lasso_trace_2.txt,TERMINATING,2.04,79.94,27.00,TERMINATING,5,7,12,Affine template / Affine template
CP26_BENCHMARK_FINAL/BENCHMARK_SIMPLE_C_BPL/TERM_LASSO//lasso_traces_CookSeeZuleger-2013TACAS-Fig3-alloca_true-termination.c/lasso_trace_3.txt,TERMINATING,1.18,78.17,36.00,TERMINATING,10,8,18,Affine template / Affine template
CP26_BENCHMARK_FINAL/BENCHMARK_SIMPLE_C_BPL/TERM_LASSO//lasso_traces_CookSeeZuleger-2013TACAS-Fig3-alloca_true-termination.c/lasso_trace_4.txt,TERMINATING,0.73,66.15,31.00,TERMINATING,18,7,25,Affine template / Affine template
CP26_BENCHMARK_FINAL/BENCHMARK_SIMPLE_C_BPL/TERM_LASSO//lasso_traces_CookSeeZuleger-2013TACAS-Fig3-alloca_true-termination.c/lasso_trace_5.txt,TERMINATING,0.62,65.76,33.00,TERMINATING,25,7,32,Affine template / Affine template
CP26_BENCHMARK_FINAL/BENCHMARK_SIMPLE_C_BPL/TERM_LASSO//lasso_traces_CookSeeZuleger-2013TACAS-Fig7a-alloca_true-termination.c/lasso_trace_2.txt,TERMINATING,2.38,129.67,40.00,TERMINATING,5,11,16,Affine template / Affine template
CP26_BENCHMARK_FINAL/BENCHMARK_SIMPLE_C_BPL/TERM_LASSO//lasso_traces_CookSeeZuleger-2013TACAS-Fig7a-alloca_true-termination.c/lasso_trace_3.txt,TERMINATING,1.44,91.28,52.00,TERMINATING,13,13,26,Affine template / Affine template
CP26_BENCHMARK_FINAL/BENCHMARK_SIMPLE_C_BPL/TERM_LASSO//lasso_traces_CookSeeZuleger-2013TACAS-Fig7a-alloca_true-termination.c/lasso_trace_4.txt,TERMINATING,1.63,88.39,47.00,TERMINATING,26,11,37,Affine template / Affine template
CP26_BENCHMARK_FINAL/BENCHMARK_SIMPLE_C_BPL/TERM_LASSO//lasso_traces_CookSeeZuleger-2013TACAS-Fig7b-alloca_true-termination.c/lasso_trace_2.txt,TERMINATING,2.06,110.73,38.00,TERMINATING,5,10,15,Affine template / Affine template
CP26_BENCHMARK_FINAL/BENCHMARK_SIMPLE_C_BPL/TERM_LASSO//lasso_traces_CookSeeZuleger-2013TACAS-Fig7b-alloca_true-termination.c/lasso_trace_3.txt,TERMINATING,1.45,117.31,49.00,TERMINATING,13,12,25,Affine template / Affine template
CP26_BENCHMARK_FINAL/BENCHMARK_SIMPLE_C_BPL/TERM_LASSO//lasso_traces_CookSeeZuleger-2013TACAS-Fig7b-alloca_true-termination.c/lasso_trace_4.txt,TERMINATING,1.14,86.34,42.00,TERMINATING,14,12,26,Affine template / Affine template
CP26_BENCHMARK_FINAL/BENCHMARK_SIMPLE_C_BPL/TERM_LASSO//lasso_traces_CookSeeZuleger-2013TACAS-Fig7b-alloca_true-termination.c/lasso_trace_5.txt,TERMINATING,0.79,130.27,44.00,TERMINATING,25,10,35,Affine template / Affine template
CP26_BENCHMARK_FINAL/BENCHMARK_SIMPLE_C_BPL/TERM_LASSO//lasso_traces_CookSeeZuleger-2013TACAS-Fig7b-alloca_true-termination.c/lasso_trace_6.txt,TERMINATING,1.43,87.54,50.00,TERMINATING,26,12,38,Affine template / Affine template
CP26_BENCHMARK_FINAL/BENCHMARK_SIMPLE_C_BPL/TERM_LASSO//lasso_traces_CookSeeZuleger-2013TACAS-Fig7b-alloca_true-termination.c/lasso_trace_7.txt,TERMINATING,1.83,382.99,89.00,TERMINATING,35,12,47,Affine template / Affine template
CP26_BENCHMARK_FINAL/BENCHMARK_SIMPLE_C_BPL/TERM_LASSO//lasso_traces_CookSeeZuleger-TACAS2013-Fig1_true-termination.c/lasso_trace_1.txt,TERMINATING,1.94,112.55,19.00,TERMINATING,5,1,6,Affine template / Affine template
CP26_BENCHMARK_FINAL/BENCHMARK_SIMPLE_C_BPL/TERM_LASSO//lasso_traces_CookSeeZuleger-TACAS2013-Fig7a_true-termination.c/lasso_trace_1.txt,TERMINATING,1.86,204.99,27.00,TERMINATING,5,1,6,Affine template / Affine template
CP26_BENCHMARK_FINAL/BENCHMARK_SIMPLE_C_BPL/TERM_LASSO//lasso_traces_CookSeeZuleger-TACAS2013-Fig7b_true-termination.c/lasso_trace_1.txt,TERMINATING,1.95,300.41,38.00,TERMINATING,5,1,6,Affine template / Affine template
CP26_BENCHMARK_FINAL/BENCHMARK_SIMPLE_C_BPL/TERM_LASSO//lasso_traces_CookSeeZuleger-TACAS2013-Fig8b_true-termination.c/lasso_trace_1.txt,TERMINATING,0.66,776.14,24.00,UNKNOWN,7,1,8,2 template
CP26_BENCHMARK_FINAL/BENCHMARK_SIMPLE_C_BPL/TERM_LASSO//lasso_traces_coolant_basis_1_neg.c/lasso_trace_1.txt,TERMINATING,1.89,84.20,16.00,TERMINATING,5,6,11,Affine template / Affine template
CP26_BENCHMARK_FINAL/BENCHMARK_SIMPLE_C_BPL/TERM_LASSO//lasso_traces_coolant_basis_1_neg_false-valid-ltl.c/lasso_trace_1.txt,TERMINATING,2.23,153.11,30.00,TERMINATING,5,6,11,Affine template / Affine template
CP26_BENCHMARK_FINAL/BENCHMARK_SIMPLE_C_BPL/TERM_LASSO//lasso_traces_coolant_basis_1_neg_false-valid-ltl.c/lasso_trace_2.txt,TERMINATING,0.57,115.34,40.00,TERMINATING,13,7,20,Affine template / Affine template
CP26_BENCHMARK_FINAL/BENCHMARK_SIMPLE_C_BPL/TERM_LASSO//lasso_traces_coolant_basis_1_safe_sfty_true-valid-ltl.c/lasso_trace_1.txt,TERMINATING,2.23,162.44,28.00,TERMINATING,5,6,11,Affine template / Affine template
CP26_BENCHMARK_FINAL/BENCHMARK_SIMPLE_C_BPL/TERM_LASSO//lasso_traces_coolant_basis_1_safe_sfty_true-valid-ltl.c/lasso_trace_2.txt,TERMINATING,0.52,115.07,39.00,TERMINATING,13,7,20,Affine template / Affine template
CP26_BENCHMARK_FINAL/BENCHMARK_SIMPLE_C_BPL/TERM_LASSO//lasso_traces_coolant_basis_1_unsafe_sfty.c/lasso_trace_1.txt,TERMINATING,1.92,79.43,16.00,TERMINATING,5,6,11,Affine template / Affine template
CP26_BENCHMARK_FINAL/BENCHMARK_SIMPLE_C_BPL/TERM_LASSO//lasso_traces_coolant_basis_1_unsafe_sfty_false-valid-ltl.c/lasso_trace_1.txt,TERMINATING,2.34,158.18,27.00,TERMINATING,5,6,11,Affine template / Affine template
CP26_BENCHMARK_FINAL/BENCHMARK_SIMPLE_C_BPL/TERM_LASSO//lasso_traces_coolant_basis_1_unsafe_sfty_false-valid-ltl.c/lasso_trace_2.txt,TERMINATING,0.58,127.52,33.00,TERMINATING,13,7,20,Affine template / Affine template
CP26_BENCHMARK_FINAL/BENCHMARK_SIMPLE_C_BPL/TERM_LASSO//lasso_traces_coolant_basis_2_neg.c/lasso_trace_1.txt,TERMINATING,2.13,68.55,13.00,TERMINATING,5,6,11,Affine template / Affine template
CP26_BENCHMARK_FINAL/BENCHMARK_SIMPLE_C_BPL/TERM_LASSO//lasso_traces_coolant_basis_2_neg_false-valid-ltl.c/lasso_trace_1.txt,TERMINATING,2.31,124.62,32.00,TERMINATING,5,6,11,Affine template / Affine template
CP26_BENCHMARK_FINAL/BENCHMARK_SIMPLE_C_BPL/TERM_LASSO//lasso_traces_coolant_basis_2_neg_false-valid-ltl.c/lasso_trace_2.txt,TERMINATING,0.57,127.75,43.00,TERMINATING,12,7,19,Affine template / Affine template
CP26_BENCHMARK_FINAL/BENCHMARK_SIMPLE_C_BPL/TERM_LASSO//lasso_traces_coolant_basis_2_safe_liveness.c/lasso_trace_1.txt,TERMINATING,2.08,70.45,14.00,TERMINATING,5,6,11,Affine template / Affine template
CP26_BENCHMARK_FINAL/BENCHMARK_SIMPLE_C_BPL/TERM_LASSO//lasso_traces_coolant_basis_2_safe_liveness_true-valid-ltl.c/lasso_trace_1.txt,TERMINATING,2.35,117.81,31.00,TERMINATING,5,6,11,Affine template / Affine template
CP26_BENCHMARK_FINAL/BENCHMARK_SIMPLE_C_BPL/TERM_LASSO//lasso_traces_coolant_basis_2_safe_liveness_true-valid-ltl.c/lasso_trace_2.txt,TERMINATING,0.63,121.56,44.00,TERMINATING,12,7,19,Affine template / Affine template
CP26_BENCHMARK_FINAL/BENCHMARK_SIMPLE_C_BPL/TERM_LASSO//lasso_traces_coolant_basis_2_unsafe_liveness.c/lasso_trace_1.txt,TERMINATING,2.03,73.58,12.00,TERMINATING,5,6,11,Affine template / Affine template
CP26_BENCHMARK_FINAL/BENCHMARK_SIMPLE_C_BPL/TERM_LASSO//lasso_traces_coolant_basis_2_unsafe_liveness_false-valid-ltl.c/lasso_trace_1.txt,TERMINATING,2.60,128.16,30.00,TERMINATING,5,6,11,Affine template / Affine template
CP26_BENCHMARK_FINAL/BENCHMARK_SIMPLE_C_BPL/TERM_LASSO//lasso_traces_coolant_basis_2_unsafe_liveness_false-valid-ltl.c/lasso_trace_2.txt,TERMINATING,0.53,106.89,39.00,TERMINATING,12,7,19,Affine template / Affine template
CP26_BENCHMARK_FINAL/BENCHMARK_SIMPLE_C_BPL/TERM_LASSO//lasso_traces_Copenhagen_true-termination.c/lasso_trace_1.txt,TERMINATING,1.84,58.20,10.00,TERMINATING,5,1,6,Affine template / Affine template
CP26_BENCHMARK_FINAL/BENCHMARK_SIMPLE_C_BPL/TERM_LASSO//lasso_traces_count_down-alloca_true-termination.c/lasso_trace_1.txt,TERMINATING,2.28,92.43,18.00,TERMINATING,6,2,8,Affine template / Affine template
CP26_BENCHMARK_FINAL/BENCHMARK_SIMPLE_C_BPL/TERM_LASSO//lasso_traces_count_down-alloca_true-termination.c/lasso_trace_4.txt,TERMINATING,0.60,495.70,72.00,TERMINATING,9,4,13,Affine template / Affine template
CP26_BENCHMARK_FINAL/BENCHMARK_SIMPLE_C_BPL/TERM_LASSO//lasso_traces_count_down-alloca_true-termination.c/lasso_trace_5.txt,TERMINATING,0.57,66.20,19.00,TERMINATING,10,4,14,Affine template / Affine template
CP26_BENCHMARK_FINAL/BENCHMARK_SIMPLE_C_BPL/TERM_LASSO//lasso_traces_CounterExp-4bit.c/lasso_trace_1.txt,TERMINATING,1.75,20436.07,63.00,TERMINATING,5,1,6,2 template / Affine template
CP26_BENCHMARK_FINAL/BENCHMARK_SIMPLE_C_BPL/TERM_LASSO//lasso_traces_Cousot.c/lasso_trace_1.txt,TERMINATING,2.13,65.73,8.00,TERMINATING,5,1,6,Affine template / Affine template
CP26_BENCHMARK_FINAL/BENCHMARK_SIMPLE_C_BPL/TERM_LASSO//lasso_traces_cover.t2.c/lasso_trace_1.txt,TERMINATING,1.60,57.77,10.00,TERMINATING,64,31,95,Affine template / Affine template
CP26_BENCHMARK_FINAL/BENCHMARK_SIMPLE_C_BPL/TERM_LASSO//lasso_traces_crc.t2.c/lasso_trace_11.txt,TERMINATING,0.35,68.20,11.00,TERMINATING,175,25,200,Affine template / Affine template
CP26_BENCHMARK_FINAL/BENCHMARK_SIMPLE_C_BPL/TERM_LASSO//lasso_traces_crc.t2.c/lasso_trace_23.txt,TERMINATING,0.31,61.41,12.00,TERMINATING,405,25,430,Affine template / Affine template
CP26_BENCHMARK_FINAL/BENCHMARK_SIMPLE_C_BPL/TERM_LASSO//lasso_traces_crc.t2.c/lasso_trace_9.txt,TERMINATING,1.67,71.38,11.00,TERMINATING,154,230,384,Affine template / Affine template
CP26_BENCHMARK_FINAL/BENCHMARK_SIMPLE_C_BPL/TERM_LASSO//lasso_traces_create_seg.t2.c/lasso_trace_1.txt,TERMINATING,3.18,88.15,14.00,TERMINATING,187,31,218,Affine template / Affine template
CP26_BENCHMARK_FINAL/BENCHMARK_SIMPLE_C_BPL/TERM_LASSO//lasso_traces_create.t2.c/lasso_trace_1.txt,TERMINATING,1.97,90.12,12.00,TERMINATING,155,31,186,Affine template / Affine template
CP26_BENCHMARK_FINAL/BENCHMARK_SIMPLE_C_BPL/TERM_LASSO//lasso_traces_create_via_tmps.t2.c/lasso_trace_1.txt,TERMINATING,1.88,100.74,19.00,TERMINATING,213,59,272,Affine template / Affine template
CP26_BENCHMARK_FINAL/BENCHMARK_SIMPLE_C_BPL/TERM_LASSO//lasso_traces_cScopingViaBoogieNames.c/lasso_trace_1.txt,TERMINATING,2.07,53.39,5.00,TERMINATING,5,2,7,Affine template / Affine template
CP26_BENCHMARK_FINAL/BENCHMARK_SIMPLE_C_BPL/TERM_LASSO//lasso_traces_cstrchr-alloca_true-termination.c/lasso_trace_2.txt,TERMINATING,0.67,1889.45,302.00,TERMINATING,12,4,16,Affine template / Affine template
CP26_BENCHMARK_FINAL/BENCHMARK_SIMPLE_C_BPL/TERM_LASSO//lasso_traces_cstrcspn-alloca_true-termination.c/lasso_trace_2.txt,TERMINATING,1.86,716.15,57.00,TERMINATING,9,8,17,Affine template / Affine template
CP26_BENCHMARK_FINAL/BENCHMARK_SIMPLE_C_BPL/TERM_LASSO//lasso_traces_cstrcspn_true-termination.c/lasso_trace_2.txt,TERMINATING,0.89,619.92,789.00,TERMINATING,22,8,30,Affine template / Affine template
CP26_BENCHMARK_FINAL/BENCHMARK_SIMPLE_C_BPL/TERM_LASSO//lasso_traces_cstrlen-alloca_true-termination.c/lasso_trace_1.txt,TERMINATING,2.29,137.63,30.00,TERMINATING,8,2,10,Affine template / Affine template
CP26_BENCHMARK_FINAL/BENCHMARK_SIMPLE_C_BPL/TERM_LASSO//lasso_traces_cstrlen_true-termination.c/lasso_trace_1.txt,TERMINATING,2.04,1155.82,103.00,TERMINATING,10,2,12,Affine template / Affine template
CP26_BENCHMARK_FINAL/BENCHMARK_SIMPLE_C_BPL/TERM_LASSO//lasso_traces_cstrncat-alloca_true-termination.c/lasso_trace_1.txt,TERMINATING,2.26,158.20,41.00,TERMINATING,10,2,12,Affine template / Affine template
CP26_BENCHMARK_FINAL/BENCHMARK_SIMPLE_C_BPL/TERM_LASSO//lasso_traces_cstrncmp-alloca_true-termination.c/lasso_trace_3.txt,TERMINATING,2.39,361.02,360.00,TERMINATING,10,8,18,Affine template / Affine template
CP26_BENCHMARK_FINAL/BENCHMARK_SIMPLE_C_BPL/TERM_LASSO//lasso_traces_cstrncpy-alloca_true-termination.c/lasso_trace_1.txt,TERMINATING,1.92,259.06,85.00,TERMINATING,8,4,12,Affine template / Affine template
CP26_BENCHMARK_FINAL/BENCHMARK_SIMPLE_C_BPL/TERM_LASSO//lasso_traces_cstrpbrk-alloca_true-termination.c/lasso_trace_3.txt,TERMINATING,2.37,197.28,435.00,TERMINATING,9,9,18,Affine template / Affine template
CP26_BENCHMARK_FINAL/BENCHMARK_SIMPLE_C_BPL/TERM_LASSO//lasso_traces_cstrpbrk_true-termination.c/lasso_trace_3.txt,TERMINATING,2.68,1000.11,8270.00,TERMINATING,14,9,23,Affine template / Affine template
CP26_BENCHMARK_FINAL/BENCHMARK_SIMPLE_C_BPL/TERM_LASSO//lasso_traces_cstrspn-alloca_true-termination.c/lasso_trace_3.txt,TERMINATING,2.26,222.12,431.00,TERMINATING,9,9,18,Affine template / Affine template
CP26_BENCHMARK_FINAL/BENCHMARK_SIMPLE_C_BPL/TERM_LASSO//lasso_traces_cstrspn_true-termination.c/lasso_trace_3.txt,TERMINATING,1.96,872.94,9694.00,TERMINATING,14,9,23,Affine template / Affine template
CP26_BENCHMARK_FINAL/BENCHMARK_SIMPLE_C_BPL/TERM_LASSO//lasso_traces_data_structures_set_multi_proc_false-unreach-call_ground.c/lasso_trace_3.txt,TERMINATING,0.61,95.75,22.00,TERMINATING,6,16,22,Affine template / Affine template
CP26_BENCHMARK_FINAL/BENCHMARK_SIMPLE_C_BPL/TERM_LASSO//lasso_traces_data_structures_set_multi_proc_false-unreach-call_ground.c/lasso_trace_7.txt,TERMINATING,0.66,434.14,88.00,TERMINATING,26,3,29,Affine template / Affine template
CP26_BENCHMARK_FINAL/BENCHMARK_SIMPLE_C_BPL/TERM_LASSO//lasso_traces_destroy_seg_leak.t2.c/lasso_trace_1.txt,TERMINATING,1.98,120.98,26.00,TERMINATING,311,47,358,Affine template / Affine template
CP26_BENCHMARK_FINAL/BENCHMARK_SIMPLE_C_BPL/TERM_LASSO//lasso_traces_destroy_seg.t2.c/lasso_trace_1.txt,TERMINATING,1.97,107.06,32.00,TERMINATING,279,43,322,Affine template / Affine template
CP26_BENCHMARK_FINAL/BENCHMARK_SIMPLE_C_BPL/TERM_LASSO//lasso_traces_destroy.t2.c/lasso_trace_1.txt,TERMINATING,1.91,85.96,20.00,TERMINATING,199,31,230,Affine template / Affine template
CP26_BENCHMARK_FINAL/BENCHMARK_SIMPLE_C_BPL/TERM_LASSO//lasso_traces_diff-alloca_true-termination.c/lasso_trace_3.txt,TERMINATING,1.84,110.54,41.00,TERMINATING,7,7,14,Affine template / Affine template
CP26_BENCHMARK_FINAL/BENCHMARK_SIMPLE_C_BPL/TERM_LASSO//lasso_traces_diff-alloca_true-termination.c/lasso_trace_4.txt,TERMINATING,1.06,525.55,117.00,TERMINATING,8,3,11,Affine template / Affine template
CP26_BENCHMARK_FINAL/BENCHMARK_SIMPLE_C_BPL/TERM_LASSO//lasso_traces_diff-alloca_true-termination.c/lasso_trace_5.txt,TERMINATING,0.86,2985.84,329.00,TERMINATING,15,3,18,Affine template / Affine template
CP26_BENCHMARK_FINAL/BENCHMARK_SIMPLE_C_BPL/TERM_LASSO//lasso_traces_diff.c/lasso_trace_2.txt,TERMINATING,2.12,7333.97,343.00,TERMINATING,1,6,7,Affine template / Affine template
CP26_BENCHMARK_FINAL/BENCHMARK_SIMPLE_C_BPL/TERM_LASSO//lasso_traces_disj_nightmare_abi.t2.c/lasso_trace_1.txt,TERMINATING,2.09,52.06,7.00,TERMINATING,16,11,27,Affine template / Affine template
CP26_BENCHMARK_FINAL/BENCHMARK_SIMPLE_C_BPL/TERM_LASSO//lasso_traces_disj_nightmare_abi.t2.c/lasso_trace_2.txt,TERMINATING,0.43,76.09,19.00,TERMINATING,23,15,38,Affine template / Affine template
CP26_BENCHMARK_FINAL/BENCHMARK_SIMPLE_C_BPL/TERM_LASSO//lasso_traces_disj_nightmare.t2.c/lasso_trace_1.txt,TERMINATING,2.06,95.74,33.00,TERMINATING,76,85,161,Affine template / Affine template
CP26_BENCHMARK_FINAL/BENCHMARK_SIMPLE_C_BPL/TERM_LASSO//lasso_traces_disj_nightmare.t2.c/lasso_trace_3.txt,TERMINATING,0.91,373.86,154.00,TERMINATING,88,89,177,Affine template / Affine template
CP26_BENCHMARK_FINAL/BENCHMARK_SIMPLE_C_BPL/TERM_LASSO//lasso_traces_diskperf_simpl1_true-unreach-call_true-termination.cil.c/lasso_trace_1.txt,TERMINATING,2.63,131.80,41.00,TERMINATING,20,1,21,Affine template / Affine template
CP26_BENCHMARK_FINAL/BENCHMARK_SIMPLE_C_BPL/TERM_LASSO//lasso_traces_DivMinus2.c/lasso_trace_2.txt,TERMINATING,1.83,70.98,11.00,TERMINATING,5,3,8,Affine template / Affine template
CP26_BENCHMARK_FINAL/BENCHMARK_SIMPLE_C_BPL/TERM_LASSO//lasso_traces_DivMinus2.c/lasso_trace_3.txt,TERMINATING,0.52,84.83,14.00,TERMINATING,8,1,9,Affine template / Affine template
CP26_BENCHMARK_FINAL/BENCHMARK_SIMPLE_C_BPL/TERM_LASSO//lasso_traces_DivMinus2.c/lasso_trace_5.txt,TERMINATING,0.33,37.28,10.00,TERMINATING,9,4,13,Affine template / Affine template
CP26_BENCHMARK_FINAL/BENCHMARK_SIMPLE_C_BPL/TERM_LASSO//lasso_traces_DivMinus2.c/lasso_trace_7.txt,TERMINATING,0.35,79.57,15.00,TERMINATING,11,1,12,Affine template / Affine template
CP26_BENCHMARK_FINAL/BENCHMARK_SIMPLE_C_BPL/TERM_LASSO//lasso_traces_DivMinus.c/lasso_trace_1.txt,TERMINATING,2.50,57.22,9.00,TERMINATING,5,1,6,Affine template / Affine template
CP26_BENCHMARK_FINAL/BENCHMARK_SIMPLE_C_BPL/TERM_LASSO//lasso_traces_doubleLoop.c/lasso_trace_1.txt,TERMINATING,2.03,48.99,8.00,TERMINATING,5,1,6,Affine template / Affine template
CP26_BENCHMARK_FINAL/BENCHMARK_SIMPLE_C_BPL/TERM_LASSO//lasso_traces_dropbuf.t2.c/lasso_trace_1.txt,TERMINATING,2.40,79.97,11.00,TERMINATING,137,35,172,Affine template / Affine template
CP26_BENCHMARK_FINAL/BENCHMARK_SIMPLE_C_BPL/TERM_LASSO//lasso_traces_dsa_test10.t2.c/lasso_trace_1.txt,TERMINATING,1.70,47.44,5.00,TERMINATING,40,13,53,Affine template / Affine template
CP26_BENCHMARK_FINAL/BENCHMARK_SIMPLE_C_BPL/TERM_LASSO//lasso_traces_dsa_test15.t2.c/lasso_trace_1.txt,TERMINATING,1.64,51.64,5.00,TERMINATING,28,13,41,Affine template / Affine template
CP26_BENCHMARK_FINAL/BENCHMARK_SIMPLE_C_BPL/TERM_LASSO//lasso_traces_dsa_test6.t2.c/lasso_trace_1.txt,TERMINATING,1.72,45.37,4.00,TERMINATING,24,13,37,Affine template / Affine template
CP26_BENCHMARK_FINAL/BENCHMARK_SIMPLE_C_BPL/TERM_LASSO//lasso_traces_dt4.c/lasso_trace_1.txt,TERMINATING,2.64,93.68,29.00,TERMINATING,5,8,13,Affine template / Affine template
CP26_BENCHMARK_FINAL/BENCHMARK_SIMPLE_C_BPL/TERM_LASSO//lasso_traces_e-1394complete-succeed.t2.c/lasso_trace_1.txt,TERMINATING,1.64,87.77,9.00,TERMINATING,281,18,299,Affine template / Affine template
CP26_BENCHMARK_FINAL/BENCHMARK_SIMPLE_C_BPL/TERM_LASSO//lasso_traces_e-1394complete-succeed.t2.c/lasso_trace_2.txt,TERMINATING,0.50,74.84,14.00,TERMINATING,298,53,351,Affine template / Affine template
CP26_BENCHMARK_FINAL/BENCHMARK_SIMPLE_C_BPL/TERM_LASSO//lasso_traces_e-1394complete-succeed.t2.c/lasso_trace_3.txt,TERMINATING,0.45,69.16,10.00,TERMINATING,315,25,340,Affine template / Affine template
CP26_BENCHMARK_FINAL/BENCHMARK_SIMPLE_C_BPL/TERM_LASSO//lasso_traces_easy1_true-termination.c/lasso_trace_1.txt,TERMINATING,2.07,228.14,25.00,TERMINATING,5,1,6,Affine template / Affine template
CP26_BENCHMARK_FINAL/BENCHMARK_SIMPLE_C_BPL/TERM_LASSO//lasso_traces_easy2_true-termination.c/lasso_trace_1.txt,TERMINATING,2.00,65.02,9.00,TERMINATING,5,1,6,Affine template / Affine template
CP26_BENCHMARK_FINAL/BENCHMARK_SIMPLE_C_BPL/TERM_LASSO//lasso_traces_easySum-alloca_true-termination.c/lasso_trace_1.txt,TERMINATING,2.43,112.71,44.00,TERMINATING,10,8,18,Affine template / Affine template
CP26_BENCHMARK_FINAL/BENCHMARK_SIMPLE_C_BPL/TERM_LASSO//lasso_traces_easySum_true-termination.c/lasso_trace_1.txt,TERMINATING,2.12,62.54,7.00,TERMINATING,7,1,8,Affine template / Affine template
CP26_BENCHMARK_FINAL/BENCHMARK_SIMPLE_C_BPL/TERM_LASSO//lasso_traces_edn.t2.c/lasso_trace_1.txt,TERMINATING,1.71,85.19,10.00,TERMINATING,184,21,205,Affine template / Affine template
CP26_BENCHMARK_FINAL/BENCHMARK_SIMPLE_C_BPL/TERM_LASSO//lasso_traces_elmhes.c.i.elmhes.pl.t2.fixed.t2.c/lasso_trace_1.txt,TERMINATING,2.02,58.24,12.00,TERMINATING,40,38,78,Affine template / Affine template
CP26_BENCHMARK_FINAL/BENCHMARK_SIMPLE_C_BPL/TERM_LASSO//lasso_traces_elmhes.c.i.elmhes.pl.t2.fixed.t2.c/lasso_trace_2.txt,TERMINATING,0.37,50.52,11.00,TERMINATING,53,30,83,Affine template / Affine template
CP26_BENCHMARK_FINAL/BENCHMARK_SIMPLE_C_BPL/TERM_LASSO//lasso_traces_elmhes.c.i.elmhes.pl.t2.nor.t2.rlgfixed.t2.c/lasso_trace_1.txt,TERMINATING,2.00,57.31,11.00,TERMINATING,40,38,78,Affine template / Affine template
CP26_BENCHMARK_FINAL/BENCHMARK_SIMPLE_C_BPL/TERM_LASSO//lasso_traces_elmhes.c.i.elmhes.pl.t2.nor.t2.rlgfixed.t2.c/lasso_trace_2.txt,TERMINATING,0.38,62.24,11.00,TERMINATING,53,30,83,Affine template / Affine template
CP26_BENCHMARK_FINAL/BENCHMARK_SIMPLE_C_BPL/TERM_LASSO//lasso_traces_elmhes.t2.c/lasso_trace_1.txt,TERMINATING,1.94,65.59,12.00,TERMINATING,40,38,78,Affine template / Affine template
CP26_BENCHMARK_FINAL/BENCHMARK_SIMPLE_C_BPL/TERM_LASSO//lasso_traces_elmhes.t2.c/lasso_trace_2.txt,TERMINATING,0.40,53.72,11.00,TERMINATING,53,30,83,Affine template / Affine template
CP26_BENCHMARK_FINAL/BENCHMARK_SIMPLE_C_BPL/TERM_LASSO//lasso_traces_email_spec0_product05_true-unreach-call.cil.c/lasso_trace_1.txt,TERMINATING,2.99,611.06,176.00,TERMINATING,45,3,48,Affine template / Affine template
CP26_BENCHMARK_FINAL/BENCHMARK_SIMPLE_C_BPL/TERM_LASSO//lasso_traces_email_spec0_product05_true-unreach-call.cil.c/lasso_trace_8.txt,TERMINATING,1.83,800.81,373.00,TERMINATING,66,14,80,Affine template / Affine template
CP26_BENCHMARK_FINAL/BENCHMARK_SIMPLE_C_BPL/TERM_LASSO//lasso_traces_e-popl07-fail.t2.c/lasso_trace_1.txt,TERMINATING,1.97,77.20,15.00,TERMINATING,129,28,157,Affine template / Affine template
CP26_BENCHMARK_FINAL/BENCHMARK_SIMPLE_C_BPL/TERM_LASSO//lasso_traces_eratosthenes.c/lasso_trace_1.txt,TERMINATING,2.41,488.12,58.00,TERMINATING,6,2,8,Affine template / Affine template
CP26_BENCHMARK_FINAL/BENCHMARK_SIMPLE_C_BPL/TERM_LASSO//lasso_traces_eric1.t2.c/lasso_trace_1.txt,TERMINATING,1.68,51.19,6.00,TERMINATING,23,13,36,Affine template / Affine template
CP26_BENCHMARK_FINAL/BENCHMARK_SIMPLE_C_BPL/TERM_LASSO//lasso_traces_eric1.t2.c/lasso_trace_3.txt,TERMINATING,0.35,80.10,21.00,TERMINATING,62,14,76,Affine template / Affine template
CP26_BENCHMARK_FINAL/BENCHMARK_SIMPLE_C_BPL/TERM_LASSO//lasso_traces_eric1.t2.c/lasso_trace_5.txt,TERMINATING,0.29,40.10,7.00,TERMINATING,86,36,122,Affine template / Affine template
CP26_BENCHMARK_FINAL/BENCHMARK_SIMPLE_C_BPL/TERM_LASSO//lasso_traces_eric1.t2.c/lasso_trace_6.txt,TERMINATING,0.35,72.20,24.00,TERMINATING,98,23,121,Affine template / Affine template
CP26_BENCHMARK_FINAL/BENCHMARK_SIMPLE_C_BPL/TERM_LASSO//lasso_traces_eric1.t2.c/lasso_trace_7.txt,TERMINATING,0.26,40.19,7.00,TERMINATING,108,36,144,Affine template / Affine template
CP26_BENCHMARK_FINAL/BENCHMARK_SIMPLE_C_BPL/TERM_LASSO//lasso_traces_eric1.t2.c/lasso_trace_8.txt,TERMINATING,0.32,70.12,27.00,TERMINATING,93,45,138,Affine template / Affine template
CP26_BENCHMARK_FINAL/BENCHMARK_SIMPLE_C_BPL/TERM_LASSO//lasso_traces_eric2.t2.c/lasso_trace_1.txt,TERMINATING,2.09,84.32,20.00,TERMINATING,183,17,200,Affine template / Affine template
CP26_BENCHMARK_FINAL/BENCHMARK_SIMPLE_C_BPL/TERM_LASSO//lasso_traces_eric2.t2.c/lasso_trace_10.txt,TERMINATING,0.66,95.59,42.00,TERMINATING,220,36,256,Affine template / Affine template
CP26_BENCHMARK_FINAL/BENCHMARK_SIMPLE_C_BPL/TERM_LASSO//lasso_traces_eric2.t2.c/lasso_trace_11.txt,TERMINATING,0.56,84.25,40.00,TERMINATING,229,36,265,Affine template / Affine template
CP26_BENCHMARK_FINAL/BENCHMARK_SIMPLE_C_BPL/TERM_LASSO//lasso_traces_eric2.t2.c/lasso_trace_12.txt,TERMINATING,0.64,71.91,29.00,TERMINATING,221,9,230,Affine template / Affine template
CP26_BENCHMARK_FINAL/BENCHMARK_SIMPLE_C_BPL/TERM_LASSO//lasso_traces_eric2.t2.c/lasso_trace_13.txt,TERMINATING,0.61,112.85,31.00,TERMINATING,221,9,230,Affine template / Affine template
CP26_BENCHMARK_FINAL/BENCHMARK_SIMPLE_C_BPL/TERM_LASSO//lasso_traces_eric2.t2.c/lasso_trace_14.txt,TERMINATING,0.71,74.82,35.00,TERMINATING,221,9,230,Affine template / Affine template
CP26_BENCHMARK_FINAL/BENCHMARK_SIMPLE_C_BPL/TERM_LASSO//lasso_traces_eric2.t2.c/lasso_trace_15.txt,TERMINATING,0.49,73.72,31.00,TERMINATING,221,9,230,Affine template / Affine template
CP26_BENCHMARK_FINAL/BENCHMARK_SIMPLE_C_BPL/TERM_LASSO//lasso_traces_eric2.t2.c/lasso_trace_16.txt,TERMINATING,0.61,75.62,31.00,TERMINATING,221,9,230,Affine template / Affine template
CP26_BENCHMARK_FINAL/BENCHMARK_SIMPLE_C_BPL/TERM_LASSO//lasso_traces_eric2.t2.c/lasso_trace_17.txt,TERMINATING,0.66,70.29,31.00,TERMINATING,221,9,230,Affine template / Affine template
CP26_BENCHMARK_FINAL/BENCHMARK_SIMPLE_C_BPL/TERM_LASSO//lasso_traces_eric2.t2.c/lasso_trace_18.txt,TERMINATING,0.59,72.56,30.00,TERMINATING,221,9,230,Affine template / Affine template
CP26_BENCHMARK_FINAL/BENCHMARK_SIMPLE_C_BPL/TERM_LASSO//lasso_traces_eric2.t2.c/lasso_trace_19.txt,TERMINATING,0.51,94.43,27.00,TERMINATING,221,9,230,Affine template / Affine template
CP26_BENCHMARK_FINAL/BENCHMARK_SIMPLE_C_BPL/TERM_LASSO//lasso_traces_eric2.t2.c/lasso_trace_2.txt,TERMINATING,0.84,76.80,29.00,TERMINATING,192,9,201,Affine template / Affine template
CP26_BENCHMARK_FINAL/BENCHMARK_SIMPLE_C_BPL/TERM_LASSO//lasso_traces_eric2.t2.c/lasso_trace_20.txt,TERMINATING,0.67,78.34,33.00,TERMINATING,221,9,230,Affine template / Affine template
CP26_BENCHMARK_FINAL/BENCHMARK_SIMPLE_C_BPL/TERM_LASSO//lasso_traces_eric2.t2.c/lasso_trace_21.txt,TERMINATING,0.70,75.67,29.00,TERMINATING,221,9,230,Affine template / Affine template
CP26_BENCHMARK_FINAL/BENCHMARK_SIMPLE_C_BPL/TERM_LASSO//lasso_traces_eric2.t2.c/lasso_trace_22.txt,TERMINATING,0.73,74.57,34.00,TERMINATING,221,9,230,Affine template / Affine template
CP26_BENCHMARK_FINAL/BENCHMARK_SIMPLE_C_BPL/TERM_LASSO//lasso_traces_eric2.t2.c/lasso_trace_23.txt,TERMINATING,0.66,72.38,34.00,TERMINATING,221,9,230,Affine template / Affine template
CP26_BENCHMARK_FINAL/BENCHMARK_SIMPLE_C_BPL/TERM_LASSO//lasso_traces_eric2.t2.c/lasso_trace_24.txt,TERMINATING,0.63,71.03,34.00,TERMINATING,221,9,230,Affine template / Affine template
CP26_BENCHMARK_FINAL/BENCHMARK_SIMPLE_C_BPL/TERM_LASSO//lasso_traces_eric2.t2.c/lasso_trace_25.txt,TERMINATING,0.65,78.77,30.00,TERMINATING,221,9,230,Affine template / Affine template
CP26_BENCHMARK_FINAL/BENCHMARK_SIMPLE_C_BPL/TERM_LASSO//lasso_traces_eric2.t2.c/lasso_trace_26.txt,TERMINATING,0.63,67.20,30.00,TERMINATING,221,9,230,Affine template / Affine template
CP26_BENCHMARK_FINAL/BENCHMARK_SIMPLE_C_BPL/TERM_LASSO//lasso_traces_eric2.t2.c/lasso_trace_27.txt,TERMINATING,0.67,68.61,33.00,TERMINATING,221,9,230,Affine template / Affine template
CP26_BENCHMARK_FINAL/BENCHMARK_SIMPLE_C_BPL/TERM_LASSO//lasso_traces_eric2.t2.c/lasso_trace_28.txt,TERMINATING,0.60,68.44,29.00,TERMINATING,221,9,230,Affine template / Affine template
CP26_BENCHMARK_FINAL/BENCHMARK_SIMPLE_C_BPL/TERM_LASSO//lasso_traces_eric2.t2.c/lasso_trace_29.txt,TERMINATING,0.68,67.12,33.00,TERMINATING,221,9,230,Affine template / Affine template
CP26_BENCHMARK_FINAL/BENCHMARK_SIMPLE_C_BPL/TERM_LASSO//lasso_traces_eric2.t2.c/lasso_trace_30.txt,TERMINATING,0.59,70.07,32.00,TERMINATING,221,9,230,Affine template / Affine template
CP26_BENCHMARK_FINAL/BENCHMARK_SIMPLE_C_BPL/TERM_LASSO//lasso_traces_eric2.t2.c/lasso_trace_31.txt,TERMINATING,0.60,68.22,32.00,TERMINATING,221,9,230,Affine template / Affine template
CP26_BENCHMARK_FINAL/BENCHMARK_SIMPLE_C_BPL/TERM_LASSO//lasso_traces_eric2.t2.c/lasso_trace_32.txt,TERMINATING,0.56,72.11,30.00,TERMINATING,221,9,230,Affine template / Affine template
CP26_BENCHMARK_FINAL/BENCHMARK_SIMPLE_C_BPL/TERM_LASSO//lasso_traces_eric2.t2.c/lasso_trace_33.txt,TERMINATING,0.59,66.56,35.00,TERMINATING,221,9,230,Affine template / Affine template
CP26_BENCHMARK_FINAL/BENCHMARK_SIMPLE_C_BPL/TERM_LASSO//lasso_traces_eric2.t2.c/lasso_trace_34.txt,TERMINATING,0.55,79.53,31.00,TERMINATING,221,9,230,Affine template / Affine template
CP26_BENCHMARK_FINAL/BENCHMARK_SIMPLE_C_BPL/TERM_LASSO//lasso_traces_eric2.t2.c/lasso_trace_35.txt,TERMINATING,0.61,80.84,29.00,TERMINATING,221,9,230,Affine template / Affine template
CP26_BENCHMARK_FINAL/BENCHMARK_SIMPLE_C_BPL/TERM_LASSO//lasso_traces_eric2.t2.c/lasso_trace_36.txt,TERMINATING,0.65,73.38,31.00,TERMINATING,221,9,230,Affine template / Affine template
CP26_BENCHMARK_FINAL/BENCHMARK_SIMPLE_C_BPL/TERM_LASSO//lasso_traces_eric2.t2.c/lasso_trace_37.txt,TERMINATING,0.53,106.06,27.00,TERMINATING,221,9,230,Affine template / Affine template
CP26_BENCHMARK_FINAL/BENCHMARK_SIMPLE_C_BPL/TERM_LASSO//lasso_traces_eric2.t2.c/lasso_trace_38.txt,TERMINATING,0.66,73.37,30.00,TERMINATING,221,9,230,Affine template / Affine template
CP26_BENCHMARK_FINAL/BENCHMARK_SIMPLE_C_BPL/TERM_LASSO//lasso_traces_eric2.t2.c/lasso_trace_39.txt,TERMINATING,0.61,99.40,30.00,TERMINATING,221,9,230,Affine template / Affine template
CP26_BENCHMARK_FINAL/BENCHMARK_SIMPLE_C_BPL/TERM_LASSO//lasso_traces_eric2.t2.c/lasso_trace_4.txt,TERMINATING,0.76,89.10,33.00,TERMINATING,206,21,227,Affine template / Affine template
CP26_BENCHMARK_FINAL/BENCHMARK_SIMPLE_C_BPL/TERM_LASSO//lasso_traces_eric2.t2.c/lasso_trace_40.txt,TERMINATING,0.61,70.23,29.00,TERMINATING,221,9,230,Affine template / Affine template
CP26_BENCHMARK_FINAL/BENCHMARK_SIMPLE_C_BPL/TERM_LASSO//lasso_traces_eric2.t2.c/lasso_trace_41.txt,TERMINATING,0.49,73.22,27.00,TERMINATING,221,9,230,Affine template / Affine template
CP26_BENCHMARK_FINAL/BENCHMARK_SIMPLE_C_BPL/TERM_LASSO//lasso_traces_eric2.t2.c/lasso_trace_42.txt,TERMINATING,0.61,72.46,31.00,TERMINATING,221,9,230,Affine template / Affine template
CP26_BENCHMARK_FINAL/BENCHMARK_SIMPLE_C_BPL/TERM_LASSO//lasso_traces_eric2.t2.c/lasso_trace_43.txt,TERMINATING,0.61,67.66,28.00,TERMINATING,221,9,230,Affine template / Affine template
CP26_BENCHMARK_FINAL/BENCHMARK_SIMPLE_C_BPL/TERM_LASSO//lasso_traces_eric2.t2.c/lasso_trace_44.txt,TERMINATING,0.64,102.58,28.00,TERMINATING,221,9,230,Affine template / Affine template
CP26_BENCHMARK_FINAL/BENCHMARK_SIMPLE_C_BPL/TERM_LASSO//lasso_traces_eric2.t2.c/lasso_trace_45.txt,TERMINATING,0.65,64.62,30.00,TERMINATING,221,9,230,Affine template / Affine template
CP26_BENCHMARK_FINAL/BENCHMARK_SIMPLE_C_BPL/TERM_LASSO//lasso_traces_eric2.t2.c/lasso_trace_46.txt,TERMINATING,0.60,68.02,30.00,TERMINATING,221,9,230,Affine template / Affine template
CP26_BENCHMARK_FINAL/BENCHMARK_SIMPLE_C_BPL/TERM_LASSO//lasso_traces_eric2.t2.c/lasso_trace_47.txt,TERMINATING,0.58,97.63,35.00,TERMINATING,221,9,230,Affine template / Affine template
CP26_BENCHMARK_FINAL/BENCHMARK_SIMPLE_C_BPL/TERM_LASSO//lasso_traces_eric2.t2.c/lasso_trace_48.txt,TERMINATING,0.62,65.85,32.00,TERMINATING,221,9,230,Affine template / Affine template
CP26_BENCHMARK_FINAL/BENCHMARK_SIMPLE_C_BPL/TERM_LASSO//lasso_traces_eric2.t2.c/lasso_trace_49.txt,TERMINATING,0.61,100.52,29.00,TERMINATING,221,9,230,Affine template / Affine template
CP26_BENCHMARK_FINAL/BENCHMARK_SIMPLE_C_BPL/TERM_LASSO//lasso_traces_eric2.t2.c/lasso_trace_5.txt,TERMINATING,0.87,97.56,20.00,TERMINATING,215,17,232,Affine template / Affine template
CP26_BENCHMARK_FINAL/BENCHMARK_SIMPLE_C_BPL/TERM_LASSO//lasso_traces_eric2.t2.c/lasso_trace_50.txt,TERMINATING,0.70,72.93,32.00,TERMINATING,221,9,230,Affine template / Affine template
CP26_BENCHMARK_FINAL/BENCHMARK_SIMPLE_C_BPL/TERM_LASSO//lasso_traces_eric2.t2.c/lasso_trace_51.txt,TERMINATING,0.66,84.82,30.00,TERMINATING,221,9,230,Affine template / Affine template
CP26_BENCHMARK_FINAL/BENCHMARK_SIMPLE_C_BPL/TERM_LASSO//lasso_traces_eric2.t2.c/lasso_trace_52.txt,TERMINATING,0.54,68.73,35.00,TERMINATING,221,9,230,Affine template / Affine template
CP26_BENCHMARK_FINAL/BENCHMARK_SIMPLE_C_BPL/TERM_LASSO//lasso_traces_eric2.t2.c/lasso_trace_53.txt,TERMINATING,0.63,67.51,31.00,TERMINATING,221,9,230,Affine template / Affine template
CP26_BENCHMARK_FINAL/BENCHMARK_SIMPLE_C_BPL/TERM_LASSO//lasso_traces_eric2.t2.c/lasso_trace_6.txt,TERMINATING,0.94,92.08,37.00,TERMINATING,223,27,250,Affine template / Affine template
CP26_BENCHMARK_FINAL/BENCHMARK_SIMPLE_C_BPL/TERM_LASSO//lasso_traces_eric2.t2.c/lasso_trace_7.txt,TERMINATING,1.11,72.34,35.00,TERMINATING,229,9,238,Affine template / Affine template
CP26_BENCHMARK_FINAL/BENCHMARK_SIMPLE_C_BPL/TERM_LASSO//lasso_traces_eric2.t2.c/lasso_trace_8.txt,TERMINATING,0.66,106.75,31.00,TERMINATING,192,26,218,Affine template / Affine template
CP26_BENCHMARK_FINAL/BENCHMARK_SIMPLE_C_BPL/TERM_LASSO//lasso_traces_eric2.t2.c/lasso_trace_9.txt,TERMINATING,0.68,81.19,41.00,TERMINATING,229,26,255,Affine template / Affine template
CP26_BENCHMARK_FINAL/BENCHMARK_SIMPLE_C_BPL/TERM_LASSO//lasso_traces_eric.t2.c/lasso_trace_1.txt,TERMINATING,1.71,52.57,7.00,TERMINATING,29,12,41,Affine template / Affine template
CP26_BENCHMARK_FINAL/BENCHMARK_SIMPLE_C_BPL/TERM_LASSO//lasso_traces_eric.t2.c/lasso_trace_6.txt,TERMINATING,0.49,85.74,30.00,TERMINATING,41,53,94,Affine template / Affine template
CP26_BENCHMARK_FINAL/BENCHMARK_SIMPLE_C_BPL/TERM_LASSO//lasso_traces_Et1.c/lasso_trace_1.txt,TERMINATING,2.11,131.08,11.00,TERMINATING,5,1,6,2 template / Nested template
CP26_BENCHMARK_FINAL/BENCHMARK_SIMPLE_C_BPL/TERM_LASSO//lasso_traces_Et1_true.c/lasso_trace_1.txt,TERMINATING,2.22,114.74,25.00,UNKNOWN,14,3,17,2 template
CP26_BENCHMARK_FINAL/BENCHMARK_SIMPLE_C_BPL/TERM_LASSO//lasso_traces_Et1_true_true-termination.c/lasso_trace_1.txt,TERMINATING,1.85,110.89,26.00,UNKNOWN,14,3,17,2 template
CP26_BENCHMARK_FINAL/BENCHMARK_SIMPLE_C_BPL/TERM_LASSO//lasso_traces_Et2_true.c/lasso_trace_1.txt,TERMINATING,1.50,54.60,8.00,TERMINATING,14,7,21,Affine template / Affine template
CP26_BENCHMARK_FINAL/BENCHMARK_SIMPLE_C_BPL/TERM_LASSO//lasso_traces_Et2_true_true-termination.c/lasso_trace_1.txt,TERMINATING,1.56,62.10,8.00,TERMINATING,14,7,21,Affine template / Affine template
CP26_BENCHMARK_FINAL/BENCHMARK_SIMPLE_C_BPL/TERM_LASSO//lasso_traces_Et3_true.c/lasso_trace_1.txt,TERMINATING,1.75,120.58,11.00,TERMINATING,14,3,17,2 template / Nested template
CP26_BENCHMARK_FINAL/BENCHMARK_SIMPLE_C_BPL/TERM_LASSO//lasso_traces_Et3_true_true-termination.c/lasso_trace_1.txt,TERMINATING,1.80,125.08,10.00,TERMINATING,14,3,17,2 template / Nested template
CP26_BENCHMARK_FINAL/BENCHMARK_SIMPLE_C_BPL/TERM_LASSO//lasso_traces_Et4_true.c/lasso_trace_1.txt,TERMINATING,1.88,69.51,13.00,TERMINATING,18,7,25,Affine template / Affine template
CP26_BENCHMARK_FINAL/BENCHMARK_SIMPLE_C_BPL/TERM_LASSO//lasso_traces_Et4_true_true-termination.c/lasso_trace_1.txt,TERMINATING,1.74,68.18,14.00,TERMINATING,18,7,25,Affine template / Affine template
CP26_BENCHMARK_FINAL/BENCHMARK_SIMPLE_C_BPL/TERM_LASSO//lasso_traces_euclid.c/lasso_trace_1.txt,TERMINATING,2.02,114.36,13.00,TERMINATING,8,1,9,Affine template / Affine template
CP26_BENCHMARK_FINAL/BENCHMARK_SIMPLE_C_BPL/TERM_LASSO//lasso_traces_euclid-no-inv.c/lasso_trace_1.txt,TERMINATING,1.96,103.25,12.00,TERMINATING,8,1,9,Affine template / Affine template
CP26_BENCHMARK_FINAL/BENCHMARK_SIMPLE_C_BPL/TERM_LASSO//lasso_traces_EvenOdd01_true-termination.c/lasso_trace_1.txt,TERMINATING,1.87,86.59,11.00,TERMINATING,7,8,15,Affine template / Affine template
CP26_BENCHMARK_FINAL/BENCHMARK_SIMPLE_C_BPL/TERM_LASSO//lasso_traces_EvenOdd01_true-unreach-call_true-termination.c/lasso_trace_1.txt,TERMINATING,2.11,86.97,11.00,TERMINATING,7,8,15,Affine template / Affine template
CP26_BENCHMARK_FINAL/BENCHMARK_SIMPLE_C_BPL/TERM_LASSO//lasso_traces_Ex07.c/lasso_trace_1.txt,TERMINATING,1.89,57.91,8.00,TERMINATING,5,2,7,Affine template / Affine template
CP26_BENCHMARK_FINAL/BENCHMARK_SIMPLE_C_BPL/TERM_LASSO//lasso_traces_ex10.t2.c/lasso_trace_1.txt,TERMINATING,2.69,58.98,7.00,TERMINATING,68,27,95,Affine template / Affine template
CP26_BENCHMARK_FINAL/BENCHMARK_SIMPLE_C_BPL/TERM_LASSO//lasso_traces_ex11.t2.c/lasso_trace_2.txt,TERMINATING,0.33,44.31,6.00,TERMINATING,45,30,75,Affine template / Affine template
CP26_BENCHMARK_FINAL/BENCHMARK_SIMPLE_C_BPL/TERM_LASSO//lasso_traces_ex12.t2.c/lasso_trace_1.txt,TERMINATING,1.66,47.24,5.00,TERMINATING,20,13,33,Affine template / Affine template
CP26_BENCHMARK_FINAL/BENCHMARK_SIMPLE_C_BPL/TERM_LASSO//lasso_traces_ex14.t2.c/lasso_trace_1.txt,TERMINATING,1.58,53.00,5.00,TERMINATING,20,13,33,Affine template / Affine template
CP26_BENCHMARK_FINAL/BENCHMARK_SIMPLE_C_BPL/TERM_LASSO//lasso_traces_ex17.t2.c/lasso_trace_1.txt,TERMINATING,1.69,50.57,5.00,TERMINATING,40,13,53,Affine template / Affine template
CP26_BENCHMARK_FINAL/BENCHMARK_SIMPLE_C_BPL/TERM_LASSO//lasso_traces_ex18.t2.c/lasso_trace_2.txt,TERMINATING,0.49,47.53,8.00,TERMINATING,62,21,83,Affine template / Affine template
CP26_BENCHMARK_FINAL/BENCHMARK_SIMPLE_C_BPL/TERM_LASSO//lasso_traces_ex19.t2.c/lasso_trace_1.txt,TERMINATING,1.95,63.98,7.00,TERMINATING,28,17,45,Affine template / Affine template
CP26_BENCHMARK_FINAL/BENCHMARK_SIMPLE_C_BPL/TERM_LASSO//lasso_traces_ex1-alloca_true-termination.c/lasso_trace_1.txt,TERMINATING,2.38,144.22,39.00,TERMINATING,10,7,17,Affine template / Affine template
CP26_BENCHMARK_FINAL/BENCHMARK_SIMPLE_C_BPL/TERM_LASSO//lasso_traces_ex1_true-termination.c/lasso_trace_1.txt,TERMINATING,2.17,49.12,6.00,TERMINATING,7,1,8,Affine template / Affine template
CP26_BENCHMARK_FINAL/BENCHMARK_SIMPLE_C_BPL/TERM_LASSO//lasso_traces_ex20.t2.c/lasso_trace_1.txt,TERMINATING,1.93,72.09,8.00,TERMINATING,46,13,59,Affine template / Affine template
CP26_BENCHMARK_FINAL/BENCHMARK_SIMPLE_C_BPL/TERM_LASSO//lasso_traces_ex21.t2.c/lasso_trace_1.txt,TERMINATING,1.70,50.16,5.00,TERMINATING,32,13,45,Affine template / Affine template
CP26_BENCHMARK_FINAL/BENCHMARK_SIMPLE_C_BPL/TERM_LASSO//lasso_traces_ex22.t2.c/lasso_trace_1.txt,TERMINATING,1.74,76.99,9.00,TERMINATING,155,13,168,Affine template / Affine template
CP26_BENCHMARK_FINAL/BENCHMARK_SIMPLE_C_BPL/TERM_LASSO//lasso_traces_ex23.t2.c/lasso_trace_1.txt,TERMINATING,1.84,51.09,6.00,TERMINATING,33,13,46,Affine template / Affine template
CP26_BENCHMARK_FINAL/BENCHMARK_SIMPLE_C_BPL/TERM_LASSO//lasso_traces_ex26.t2.c/lasso_trace_1.txt,TERMINATING,1.63,59.10,6.00,TERMINATING,32,29,61,Affine template / Affine template
CP26_BENCHMARK_FINAL/BENCHMARK_SIMPLE_C_BPL/TERM_LASSO//lasso_traces_ex27.t2.c/lasso_trace_1.txt,TERMINATING,1.63,72.63,7.00,TERMINATING,179,13,192,Affine template / Affine template
CP26_BENCHMARK_FINAL/BENCHMARK_SIMPLE_C_BPL/TERM_LASSO//lasso_traces_ex2-alloca_true-termination.c/lasso_trace_3.txt,TERMINATING,3.07,397.61,87.00,TERMINATING,12,14,26,Affine template / Affine template
CP26_BENCHMARK_FINAL/BENCHMARK_SIMPLE_C_BPL/TERM_LASSO//lasso_traces_ex2.c/lasso_trace_1.txt,TERMINATING,1.92,50.40,6.00,TERMINATING,6,3,9,Affine template / Affine template
CP26_BENCHMARK_FINAL/BENCHMARK_SIMPLE_C_BPL/TERM_LASSO//lasso_traces_ex30.t2.c/lasso_trace_1.txt,TERMINATING,3.02,60.57,7.00,TERMINATING,52,13,65,Affine template / Affine template
CP26_BENCHMARK_FINAL/BENCHMARK_SIMPLE_C_BPL/TERM_LASSO//lasso_traces_ex30.t2.c/lasso_trace_2.txt,TERMINATING,0.35,41.02,6.00,TERMINATING,65,13,78,Affine template / Affine template
CP26_BENCHMARK_FINAL/BENCHMARK_SIMPLE_C_BPL/TERM_LASSO//lasso_traces_ex32.t2.c/lasso_trace_1.txt,TERMINATING,1.74,50.92,6.00,TERMINATING,37,13,50,Affine template / Affine template
CP26_BENCHMARK_FINAL/BENCHMARK_SIMPLE_C_BPL/TERM_LASSO//lasso_traces_ex36.t2.c/lasso_trace_1.txt,TERMINATING,1.70,78.91,10.00,TERMINATING,244,13,257,Affine template / Affine template
CP26_BENCHMARK_FINAL/BENCHMARK_SIMPLE_C_BPL/TERM_LASSO//lasso_traces_ex36.t2.c/lasso_trace_10.txt,TERMINATING,0.25,67.15,9.00,TERMINATING,341,17,358,Affine template / Affine template
CP26_BENCHMARK_FINAL/BENCHMARK_SIMPLE_C_BPL/TERM_LASSO//lasso_traces_ex36.t2.c/lasso_trace_11.txt,TERMINATING,0.27,69.01,9.00,TERMINATING,354,17,371,Affine template / Affine template
CP26_BENCHMARK_FINAL/BENCHMARK_SIMPLE_C_BPL/TERM_LASSO//lasso_traces_ex36.t2.c/lasso_trace_12.txt,TERMINATING,0.24,76.28,9.00,TERMINATING,333,13,346,Affine template / Affine template
CP26_BENCHMARK_FINAL/BENCHMARK_SIMPLE_C_BPL/TERM_LASSO//lasso_traces_ex36.t2.c/lasso_trace_13.txt,TERMINATING,0.27,76.71,8.00,TERMINATING,346,13,359,Affine template / Affine template
CP26_BENCHMARK_FINAL/BENCHMARK_SIMPLE_C_BPL/TERM_LASSO//lasso_traces_ex36.t2.c/lasso_trace_14.txt,TERMINATING,0.28,68.39,11.00,TERMINATING,359,17,376,Affine template / Affine template
CP26_BENCHMARK_FINAL/BENCHMARK_SIMPLE_C_BPL/TERM_LASSO//lasso_traces_ex36.t2.c/lasso_trace_15.txt,TERMINATING,0.25,70.42,9.00,TERMINATING,376,17,393,Affine template / Affine template
CP26_BENCHMARK_FINAL/BENCHMARK_SIMPLE_C_BPL/TERM_LASSO//lasso_traces_ex36.t2.c/lasso_trace_16.txt,TERMINATING,0.23,67.06,8.00,TERMINATING,338,13,351,Affine template / Affine template
CP26_BENCHMARK_FINAL/BENCHMARK_SIMPLE_C_BPL/TERM_LASSO//lasso_traces_ex36.t2.c/lasso_trace_2.txt,TERMINATING,0.33,63.86,8.00,TERMINATING,257,13,270,Affine template / Affine template
CP26_BENCHMARK_FINAL/BENCHMARK_SIMPLE_C_BPL/TERM_LASSO//lasso_traces_ex36.t2.c/lasso_trace_3.txt,TERMINATING,0.26,64.19,10.00,TERMINATING,297,13,310,Affine template / Affine template
CP26_BENCHMARK_FINAL/BENCHMARK_SIMPLE_C_BPL/TERM_LASSO//lasso_traces_ex36.t2.c/lasso_trace_4.txt,TERMINATING,0.44,69.54,8.00,TERMINATING,302,13,315,Affine template / Affine template
CP26_BENCHMARK_FINAL/BENCHMARK_SIMPLE_C_BPL/TERM_LASSO//lasso_traces_ex36.t2.c/lasso_trace_6.txt,TERMINATING,0.28,71.43,9.00,TERMINATING,323,13,336,Affine template / Affine template
CP26_BENCHMARK_FINAL/BENCHMARK_SIMPLE_C_BPL/TERM_LASSO//lasso_traces_ex36.t2.c/lasso_trace_7.txt,TERMINATING,0.41,141.00,33.00,TERMINATING,309,13,322,Affine template / Affine template
CP26_BENCHMARK_FINAL/BENCHMARK_SIMPLE_C_BPL/TERM_LASSO//lasso_traces_ex36.t2.c/lasso_trace_9.txt,TERMINATING,0.28,65.45,9.00,TERMINATING,328,17,345,Affine template / Affine template
CP26_BENCHMARK_FINAL/BENCHMARK_SIMPLE_C_BPL/TERM_LASSO//lasso_traces_ex3.c/lasso_trace_1.txt,TERMINATING,1.92,49.27,6.00,TERMINATING,6,3,9,Affine template / Affine template
CP26_BENCHMARK_FINAL/BENCHMARK_SIMPLE_C_BPL/TERM_LASSO//lasso_traces_ex3.c/lasso_trace_4.txt,TERMINATING,0.24,36.59,10.00,TERMINATING,8,3,11,Affine template / Affine template
CP26_BENCHMARK_FINAL/BENCHMARK_SIMPLE_C_BPL/TERM_LASSO//lasso_traces_ex3.t2.c/lasso_trace_1.txt,TERMINATING,7.73,289.09,8.00,TERMINATING,29,13,42,Affine template / Affine template
CP26_BENCHMARK_FINAL/BENCHMARK_SIMPLE_C_BPL/TERM_LASSO//lasso_traces_ex3_true-termination.c/lasso_trace_1.txt,TERMINATING,1.92,52.55,5.00,TERMINATING,6,3,9,Affine template / Affine template
CP26_BENCHMARK_FINAL/BENCHMARK_SIMPLE_C_BPL/TERM_LASSO//lasso_traces_ex3_true-termination.c/lasso_trace_4.txt,TERMINATING,0.27,34.41,8.00,TERMINATING,8,3,11,Affine template / Affine template
CP26_BENCHMARK_FINAL/BENCHMARK_SIMPLE_C_BPL/TERM_LASSO//lasso_traces_ex4.t2.c/lasso_trace_1.txt,TERMINATING,1.58,51.04,6.00,TERMINATING,40,26,66,Affine template / Affine template
CP26_BENCHMARK_FINAL/BENCHMARK_SIMPLE_C_BPL/TERM_LASSO//lasso_traces_ex4.t2.c/lasso_trace_2.txt,TERMINATING,0.31,45.63,7.00,TERMINATING,58,30,88,Affine template / Affine template
CP26_BENCHMARK_FINAL/BENCHMARK_SIMPLE_C_BPL/TERM_LASSO//lasso_traces_ex7.t2.c/lasso_trace_1.txt,TERMINATING,2.56,54.82,6.00,TERMINATING,36,17,53,Affine template / Affine template
CP26_BENCHMARK_FINAL/BENCHMARK_SIMPLE_C_BPL/TERM_LASSO//lasso_traces_ex8.t2.c/lasso_trace_1.txt,TERMINATING,1.85,55.49,6.00,TERMINATING,36,17,53,Affine template / Affine template
CP26_BENCHMARK_FINAL/BENCHMARK_SIMPLE_C_BPL/TERM_LASSO//lasso_traces_ex9.t2.c/lasso_trace_1.txt,TERMINATING,1.79,57.88,6.00,TERMINATING,40,17,57,Affine template / Affine template
CP26_BENCHMARK_FINAL/BENCHMARK_SIMPLE_C_BPL/TERM_LASSO//lasso_traces_example.t2.c/lasso_trace_1.txt,TERMINATING,1.68,43.73,7.00,TERMINATING,22,10,32,Affine template / Affine template
CP26_BENCHMARK_FINAL/BENCHMARK_SIMPLE_C_BPL/TERM_LASSO//lasso_traces_example.t2.c/lasso_trace_2.txt,TERMINATING,0.50,81.36,17.00,TERMINATING,25,14,39,Affine template / Affine template
CP26_BENCHMARK_FINAL/BENCHMARK_SIMPLE_C_BPL/TERM_LASSO//lasso_traces_f91.c/lasso_trace_1.txt,TERMINATING,1.76,35.53,5.00,TERMINATING,0,3,3,Affine template / Affine template
CP26_BENCHMARK_FINAL/BENCHMARK_SIMPLE_C_BPL/TERM_LASSO//lasso_traces_f91.c/lasso_trace_2.txt,TERMINATING,0.52,45.97,12.00,TERMINATING,7,9,16,Affine template / Affine template
CP26_BENCHMARK_FINAL/BENCHMARK_SIMPLE_C_BPL/TERM_LASSO//lasso_traces_f91.c/lasso_trace_5.txt,TERMINATING,0.27,37.07,6.00,TERMINATING,30,9,39,Affine template / Affine template
CP26_BENCHMARK_FINAL/BENCHMARK_SIMPLE_C_BPL/TERM_LASSO//lasso_traces_factorial.c/lasso_trace_1.txt,TERMINATING,1.65,26.44,5.00,TERMINATING,0,3,3,Affine template / Affine template
CP26_BENCHMARK_FINAL/BENCHMARK_SIMPLE_C_BPL/TERM_LASSO//lasso_traces_fdct.t2.c/lasso_trace_1.txt,TERMINATING,1.92,73.67,13.00,TERMINATING,92,85,177,Affine template / Affine template
CP26_BENCHMARK_FINAL/BENCHMARK_SIMPLE_C_BPL/TERM_LASSO//lasso_traces_fermat-alloca_true-termination.c/lasso_trace_1.txt,TERMINATING,2.60,358.66,149.00,TERMINATING,9,21,30,Affine template / Affine template
CP26_BENCHMARK_FINAL/BENCHMARK_SIMPLE_C_BPL/TERM_LASSO//lasso_traces_fermat.t2.c/lasso_trace_1.txt,TERMINATING,1.96,83.35,10.00,TERMINATING,100,17,117,Affine template / Affine template
CP26_BENCHMARK_FINAL/BENCHMARK_SIMPLE_C_BPL/TERM_LASSO//lasso_traces_fibcall.t2.c/lasso_trace_1.txt,TERMINATING,1.84,70.10,9.00,TERMINATING,48,13,61,Affine template / Affine template
CP26_BENCHMARK_FINAL/BENCHMARK_SIMPLE_C_BPL/TERM_LASSO//lasso_traces_fibo_5_false-unreach-call.c/lasso_trace_1.txt,TERMINATING,1.74,53.54,6.00,TERMINATING,6,4,10,Affine template / Affine template
CP26_BENCHMARK_FINAL/BENCHMARK_SIMPLE_C_BPL/TERM_LASSO//lasso_traces_Fibonacci01_true-termination.c/lasso_trace_1.txt,TERMINATING,1.76,50.21,7.00,TERMINATING,7,4,11,Affine template / Affine template
CP26_BENCHMARK_FINAL/BENCHMARK_SIMPLE_C_BPL/TERM_LASSO//lasso_traces_Fibonacci01_true-unreach-call.c/lasso_trace_1.txt,TERMINATING,1.88,60.52,8.00,TERMINATING,7,4,11,Affine template / Affine template
CP26_BENCHMARK_FINAL/BENCHMARK_SIMPLE_C_BPL/TERM_LASSO//lasso_traces_fibonacci.c/lasso_trace_1.txt,TERMINATING,1.85,43.27,7.00,TERMINATING,0,4,4,Affine template / Affine template
CP26_BENCHMARK_FINAL/BENCHMARK_SIMPLE_C_BPL/TERM_LASSO//lasso_traces_firewire.t2.c/lasso_trace_1.txt,TERMINATING,1.89,69.26,20.00,TERMINATING,53,53,106,Affine template / Affine template
CP26_BENCHMARK_FINAL/BENCHMARK_SIMPLE_C_BPL/TERM_LASSO//lasso_traces_firewire.t2.c/lasso_trace_4.txt,TERMINATING,0.35,62.20,18.00,TERMINATING,88,68,156,Affine template / Affine template
CP26_BENCHMARK_FINAL/BENCHMARK_SIMPLE_C_BPL/TERM_LASSO//lasso_traces_fir.t2.c/lasso_trace_1.txt,TERMINATING,1.80,68.57,10.00,TERMINATING,48,38,86,Affine template / Affine template
CP26_BENCHMARK_FINAL/BENCHMARK_SIMPLE_C_BPL/TERM_LASSO//lasso_traces_fir.t2.c/lasso_trace_2.txt,TERMINATING,0.34,41.25,8.00,TERMINATING,65,17,82,Affine template / Affine template
CP26_BENCHMARK_FINAL/BENCHMARK_SIMPLE_C_BPL/TERM_LASSO//lasso_traces_flag-alloca_true-termination.c/lasso_trace_1.txt,TERMINATING,3.35,26491.69,251.00,TERMINATING,11,8,19,2 template / Affine template
CP26_BENCHMARK_FINAL/BENCHMARK_SIMPLE_C_BPL/TERM_LASSO//lasso_traces_flag.c/lasso_trace_1.txt,TERMINATING,2.17,3121.90,27.00,TERMINATING,1,1,2,2 template / Affine template
CP26_BENCHMARK_FINAL/BENCHMARK_SIMPLE_C_BPL/TERM_LASSO//lasso_traces_flag_true-termination.c/lasso_trace_1.txt,TERMINATING,1.75,4461.43,39.00,TERMINATING,7,1,8,2 template / Affine template
CP26_BENCHMARK_FINAL/BENCHMARK_SIMPLE_C_BPL/TERM_LASSO//lasso_traces_for_loop.c/lasso_trace_1.txt,TERMINATING,1.89,51.51,7.00,TERMINATING,5,1,6,Affine template / Affine template
CP26_BENCHMARK_FINAL/BENCHMARK_SIMPLE_C_BPL/TERM_LASSO//lasso_traces_ForLoopWithEmptyBody-Safe.c/lasso_trace_1.txt,TERMINATING,1.82,74.15,7.00,TERMINATING,5,1,6,Affine template / Affine template
CP26_BENCHMARK_FINAL/BENCHMARK_SIMPLE_C_BPL/TERM_LASSO//lasso_traces_fourn.c.i.fourn.pl.t2.fixed.t2.c/lasso_trace_1.txt,TERMINATING,1.79,64.19,11.00,TERMINATING,116,17,133,Affine template / Affine template
CP26_BENCHMARK_FINAL/BENCHMARK_SIMPLE_C_BPL/TERM_LASSO//lasso_traces_fourn.c.i.fourn.pl.t2.fixed.t2.c/lasso_trace_2.txt,TERMINATING,0.51,61.28,17.00,TERMINATING,125,55,180,Affine template / Affine template
CP26_BENCHMARK_FINAL/BENCHMARK_SIMPLE_C_BPL/TERM_LASSO//lasso_traces_fourn.c.i.fourn.pl.t2.nor.t2.rlgfixed.t2.c/lasso_trace_1.txt,TERMINATING,1.98,64.38,11.00,TERMINATING,116,17,133,Affine template / Affine template
CP26_BENCHMARK_FINAL/BENCHMARK_SIMPLE_C_BPL/TERM_LASSO//lasso_traces_fourn.c.i.fourn.pl.t2.nor.t2.rlgfixed.t2.c/lasso_trace_2.txt,TERMINATING,0.70,64.79,17.00,TERMINATING,125,55,180,Affine template / Affine template
CP26_BENCHMARK_FINAL/BENCHMARK_SIMPLE_C_BPL/TERM_LASSO//lasso_traces_fourn.t2.c/lasso_trace_1.txt,TERMINATING,1.89,75.61,11.00,TERMINATING,116,17,133,Affine template / Affine template
CP26_BENCHMARK_FINAL/BENCHMARK_SIMPLE_C_BPL/TERM_LASSO//lasso_traces_fourn.t2.c/lasso_trace_2.txt,TERMINATING,0.48,64.36,17.00,TERMINATING,125,55,180,Affine template / Affine template
CP26_BENCHMARK_FINAL/BENCHMARK_SIMPLE_C_BPL/TERM_LASSO//lasso_traces_fuhs-inflasso.t2.c/lasso_trace_1.txt,TERMINATING,1.83,53.75,6.00,TERMINATING,24,10,34,Affine template / Affine template
CP26_BENCHMARK_FINAL/BENCHMARK_SIMPLE_C_BPL/TERM_LASSO//lasso_traces_fun1b.t2.c/lasso_trace_4.txt,TERMINATING,1.77,97.80,32.00,TERMINATING,115,184,299,Affine template / Affine template
CP26_BENCHMARK_FINAL/BENCHMARK_SIMPLE_C_BPL/TERM_LASSO//lasso_traces_fun1b.t2.c/lasso_trace_5.txt,TERMINATING,0.50,74.68,31.00,TERMINATING,118,184,302,Affine template / Affine template
CP26_BENCHMARK_FINAL/BENCHMARK_SIMPLE_C_BPL/TERM_LASSO//lasso_traces_fun1b.t2.c/lasso_trace_6.txt,TERMINATING,0.44,75.94,56.00,UNKNOWN,122,184,306,Affine template
CP26_BENCHMARK_FINAL/BENCHMARK_SIMPLE_C_BPL/TERM_LASSO//lasso_traces_fun1.t2.c/lasso_trace_4.txt,TERMINATING,1.84,91.57,33.00,TERMINATING,107,184,291,Affine template / Affine template
CP26_BENCHMARK_FINAL/BENCHMARK_SIMPLE_C_BPL/TERM_LASSO//lasso_traces_fun2b.t2.c/lasso_trace_10.txt,TERMINATING,0.74,149.03,63.00,UNKNOWN,138,191,329,Affine template
CP26_BENCHMARK_FINAL/BENCHMARK_SIMPLE_C_BPL/TERM_LASSO//lasso_traces_fun2b.t2.c/lasso_trace_11.txt,TERMINATING,0.74,134.85,47.00,TERMINATING,139,197,336,Affine template / Affine template
CP26_BENCHMARK_FINAL/BENCHMARK_SIMPLE_C_BPL/TERM_LASSO//lasso_traces_fun2b.t2.c/lasso_trace_12.txt,TERMINATING,0.57,69.34,32.00,TERMINATING,184,193,377,Affine template / Affine template
CP26_BENCHMARK_FINAL/BENCHMARK_SIMPLE_C_BPL/TERM_LASSO//lasso_traces_fun2b.t2.c/lasso_trace_4.txt,TERMINATING,1.93,109.85,27.00,TERMINATING,107,184,291,Affine template / Affine template
CP26_BENCHMARK_FINAL/BENCHMARK_SIMPLE_C_BPL/TERM_LASSO//lasso_traces_fun2b.t2.c/lasso_trace_5.txt,TERMINATING,0.47,72.70,23.00,TERMINATING,110,184,294,Affine template / Affine template
CP26_BENCHMARK_FINAL/BENCHMARK_SIMPLE_C_BPL/TERM_LASSO//lasso_traces_fun2b.t2.c/lasso_trace_6.txt,TERMINATING,0.45,67.70,56.00,UNKNOWN,114,184,298,Affine template
CP26_BENCHMARK_FINAL/BENCHMARK_SIMPLE_C_BPL/TERM_LASSO//lasso_traces_fun2b.t2.c/lasso_trace_7.txt,TERMINATING,0.78,89.91,50.00,TERMINATING,130,187,317,Affine template / Affine template
CP26_BENCHMARK_FINAL/BENCHMARK_SIMPLE_C_BPL/TERM_LASSO//lasso_traces_fun2b.t2.c/lasso_trace_8.txt,TERMINATING,0.79,106.04,91.00,UNKNOWN,134,187,321,Affine template
CP26_BENCHMARK_FINAL/BENCHMARK_SIMPLE_C_BPL/TERM_LASSO//lasso_traces_fun2b.t2.c/lasso_trace_9.txt,TERMINATING,0.75,89.64,41.00,TERMINATING,135,193,328,Affine template / Affine template
CP26_BENCHMARK_FINAL/BENCHMARK_SIMPLE_C_BPL/TERM_LASSO//lasso_traces_fun2.t2.c/lasso_trace_10.txt,TERMINATING,0.76,115.94,37.00,TERMINATING,230,204,434,Affine template / Affine template
CP26_BENCHMARK_FINAL/BENCHMARK_SIMPLE_C_BPL/TERM_LASSO//lasso_traces_fun2.t2.c/lasso_trace_11.txt,TERMINATING,0.80,96.63,39.00,TERMINATING,278,190,468,Affine template / Affine template
CP26_BENCHMARK_FINAL/BENCHMARK_SIMPLE_C_BPL/TERM_LASSO//lasso_traces_fun2.t2.c/lasso_trace_12.txt,TERMINATING,0.77,106.69,68.00,UNKNOWN,282,194,476,Affine template
CP26_BENCHMARK_FINAL/BENCHMARK_SIMPLE_C_BPL/TERM_LASSO//lasso_traces_fun2.t2.c/lasso_trace_4.txt,TERMINATING,1.88,95.26,61.00,UNKNOWN,107,184,291,Affine template
CP26_BENCHMARK_FINAL/BENCHMARK_SIMPLE_C_BPL/TERM_LASSO//lasso_traces_fun2.t2.c/lasso_trace_5.txt,TERMINATING,0.43,73.27,24.00,TERMINATING,110,184,294,Affine template / Affine template
CP26_BENCHMARK_FINAL/BENCHMARK_SIMPLE_C_BPL/TERM_LASSO//lasso_traces_fun2.t2.c/lasso_trace_7.txt,TERMINATING,0.66,121.41,82.00,UNKNOWN,137,184,321,Affine template
CP26_BENCHMARK_FINAL/BENCHMARK_SIMPLE_C_BPL/TERM_LASSO//lasso_traces_fun2.t2.c/lasso_trace_8.txt,TERMINATING,0.78,110.61,37.00,TERMINATING,170,187,357,Affine template / Affine template
CP26_BENCHMARK_FINAL/BENCHMARK_SIMPLE_C_BPL/TERM_LASSO//lasso_traces_fun3.t2.c/lasso_trace_10.txt,TERMINATING,0.80,195.20,88.00,UNKNOWN,138,191,329,Affine template
CP26_BENCHMARK_FINAL/BENCHMARK_SIMPLE_C_BPL/TERM_LASSO//lasso_traces_fun3.t2.c/lasso_trace_11.txt,TERMINATING,0.76,99.35,45.00,TERMINATING,139,197,336,Affine template / Affine template
CP26_BENCHMARK_FINAL/BENCHMARK_SIMPLE_C_BPL/TERM_LASSO//lasso_traces_fun3.t2.c/lasso_trace_12.txt,TERMINATING,0.75,81.64,44.00,TERMINATING,170,187,357,Affine template / Affine template
CP26_BENCHMARK_FINAL/BENCHMARK_SIMPLE_C_BPL/TERM_LASSO//lasso_traces_fun3.t2.c/lasso_trace_4.txt,TERMINATING,1.83,94.71,23.00,TERMINATING,107,184,291,Affine template / Affine template
CP26_BENCHMARK_FINAL/BENCHMARK_SIMPLE_C_BPL/TERM_LASSO//lasso_traces_fun3.t2.c/lasso_trace_5.txt,TERMINATING,0.51,77.95,25.00,TERMINATING,110,184,294,Affine template / Affine template
CP26_BENCHMARK_FINAL/BENCHMARK_SIMPLE_C_BPL/TERM_LASSO//lasso_traces_fun3.t2.c/lasso_trace_6.txt,TERMINATING,0.42,71.25,24.00,TERMINATING,114,184,298,Affine template / Affine template
CP26_BENCHMARK_FINAL/BENCHMARK_SIMPLE_C_BPL/TERM_LASSO//lasso_traces_fun3.t2.c/lasso_trace_7.txt,TERMINATING,0.66,74.86,31.00,TERMINATING,144,193,337,Affine template / Affine template
CP26_BENCHMARK_FINAL/BENCHMARK_SIMPLE_C_BPL/TERM_LASSO//lasso_traces_fun3.t2.c/lasso_trace_8.txt,TERMINATING,0.77,98.49,45.00,TERMINATING,134,187,321,Affine template / Affine template
CP26_BENCHMARK_FINAL/BENCHMARK_SIMPLE_C_BPL/TERM_LASSO//lasso_traces_fun3.t2.c/lasso_trace_9.txt,TERMINATING,0.92,106.66,43.00,TERMINATING,135,193,328,Affine template / Affine template
CP26_BENCHMARK_FINAL/BENCHMARK_SIMPLE_C_BPL/TERM_LASSO//lasso_traces_fun4-alt.t2.c/lasso_trace_1.txt,TERMINATING,1.74,61.36,8.00,TERMINATING,28,9,37,Affine template / Affine template
CP26_BENCHMARK_FINAL/BENCHMARK_SIMPLE_C_BPL/TERM_LASSO//lasso_traces_fun4-alt.t2.c/lasso_trace_2.txt,TERMINATING,0.58,86.26,24.00,TERMINATING,35,13,48,Affine template / Affine template
CP26_BENCHMARK_FINAL/BENCHMARK_SIMPLE_C_BPL/TERM_LASSO//lasso_traces_fun4.t2.c/lasso_trace_3.txt,TERMINATING,1.86,58.00,9.00,TERMINATING,32,22,54,Affine template / Affine template
CP26_BENCHMARK_FINAL/BENCHMARK_SIMPLE_C_BPL/TERM_LASSO//lasso_traces_fun4.t2.c/lasso_trace_4.txt,TERMINATING,0.47,104.62,30.00,TERMINATING,48,22,70,Affine template / Affine template
CP26_BENCHMARK_FINAL/BENCHMARK_SIMPLE_C_BPL/TERM_LASSO//lasso_traces_fun5.t2.c/lasso_trace_11.txt,TERMINATING,0.44,50.01,13.00,TERMINATING,131,32,163,Affine template / Affine template
CP26_BENCHMARK_FINAL/BENCHMARK_SIMPLE_C_BPL/TERM_LASSO//lasso_traces_fun5.t2.c/lasso_trace_12.txt,TERMINATING,0.40,44.08,12.00,TERMINATING,135,36,171,Affine template / Affine template
CP26_BENCHMARK_FINAL/BENCHMARK_SIMPLE_C_BPL/TERM_LASSO//lasso_traces_fun5.t2.c/lasso_trace_4.txt,TERMINATING,1.94,70.88,13.00,TERMINATING,48,32,80,Affine template / Affine template
CP26_BENCHMARK_FINAL/BENCHMARK_SIMPLE_C_BPL/TERM_LASSO//lasso_traces_fun5.t2.c/lasso_trace_5.txt,TERMINATING,0.44,49.23,16.00,TERMINATING,75,32,107,Affine template / Affine template
CP26_BENCHMARK_FINAL/BENCHMARK_SIMPLE_C_BPL/TERM_LASSO//lasso_traces_fun5.t2.c/lasso_trace_9.txt,TERMINATING,0.38,49.93,19.00,TERMINATING,79,36,115,Affine template / Affine template
CP26_BENCHMARK_FINAL/BENCHMARK_SIMPLE_C_BPL/TERM_LASSO//lasso_traces_fun8.t2.c/lasso_trace_1.txt,TERMINATING,2.06,84.26,19.00,TERMINATING,149,18,167,Affine template / Affine template
CP26_BENCHMARK_FINAL/BENCHMARK_SIMPLE_C_BPL/TERM_LASSO//lasso_traces_fun9.t2.c/lasso_trace_1.txt,TERMINATING,1.92,98.43,36.00,UNKNOWN,72,126,198,Affine template
CP26_BENCHMARK_FINAL/BENCHMARK_SIMPLE_C_BPL/TERM_LASSO//lasso_traces_gcd01_true-termination.c/lasso_trace_1.txt,TERMINATING,1.68,64.06,8.00,TERMINATING,8,5,13,Affine template / Affine template
CP26_BENCHMARK_FINAL/BENCHMARK_SIMPLE_C_BPL/TERM_LASSO//lasso_traces_gcd01_true-termination.c/lasso_trace_2.txt,TERMINATING,1.04,47.98,10.00,TERMINATING,9,5,14,Affine template / Affine template
CP26_BENCHMARK_FINAL/BENCHMARK_SIMPLE_C_BPL/TERM_LASSO//lasso_traces_gcd01_true-termination.c/lasso_trace_3.txt,TERMINATING,0.38,46.22,11.00,TERMINATING,14,5,19,Affine template / Affine template
CP26_BENCHMARK_FINAL/BENCHMARK_SIMPLE_C_BPL/TERM_LASSO//lasso_traces_gcd01_true-unreach-call_true-termination.c/lasso_trace_1.txt,TERMINATING,1.73,67.96,8.00,TERMINATING,8,5,13,Affine template / Affine template
CP26_BENCHMARK_FINAL/BENCHMARK_SIMPLE_C_BPL/TERM_LASSO//lasso_traces_gcd01_true-unreach-call_true-termination.c/lasso_trace_2.txt,TERMINATING,0.54,46.39,10.00,TERMINATING,9,5,14,Affine template / Affine template
CP26_BENCHMARK_FINAL/BENCHMARK_SIMPLE_C_BPL/TERM_LASSO//lasso_traces_gcd01_true-unreach-call_true-termination.c/lasso_trace_3.txt,TERMINATING,0.44,46.71,12.00,TERMINATING,14,5,19,Affine template / Affine template
CP26_BENCHMARK_FINAL/BENCHMARK_SIMPLE_C_BPL/TERM_LASSO//lasso_traces_gcd1-alloca_true-termination.c/lasso_trace_2.txt,TERMINATING,2.65,152.53,53.00,TERMINATING,13,11,24,Affine template / Affine template
CP26_BENCHMARK_FINAL/BENCHMARK_SIMPLE_C_BPL/TERM_LASSO//lasso_traces_gcd1-alloca_true-termination.c/lasso_trace_3.txt,TERMINATING,1.12,91.67,50.00,TERMINATING,15,11,26,Affine template / Affine template
CP26_BENCHMARK_FINAL/BENCHMARK_SIMPLE_C_BPL/TERM_LASSO//lasso_traces_gcd1-alloca_true-termination.c/lasso_trace_4.txt,TERMINATING,1.60,106.78,45.00,TERMINATING,17,6,23,Affine template / Affine template
CP26_BENCHMARK_FINAL/BENCHMARK_SIMPLE_C_BPL/TERM_LASSO//lasso_traces_gcd1_true-termination.c/lasso_trace_1.txt,TERMINATING,1.75,68.28,12.00,TERMINATING,5,2,7,Affine template / Affine template
CP26_BENCHMARK_FINAL/BENCHMARK_SIMPLE_C_BPL/TERM_LASSO//lasso_traces_gcd1_true-termination.c/lasso_trace_2.txt,TERMINATING,0.62,46.83,10.00,TERMINATING,6,1,7,Affine template / Affine template
CP26_BENCHMARK_FINAL/BENCHMARK_SIMPLE_C_BPL/TERM_LASSO//lasso_traces_gcd1_true-termination.c/lasso_trace_3.txt,TERMINATING,0.30,36.49,8.00,TERMINATING,8,1,9,Affine template / Affine template
CP26_BENCHMARK_FINAL/BENCHMARK_SIMPLE_C_BPL/TERM_LASSO//lasso_traces_GCD3.c/lasso_trace_2.txt,TERMINATING,1.70,58.69,9.00,TERMINATING,5,4,9,Affine template / Affine template
CP26_BENCHMARK_FINAL/BENCHMARK_SIMPLE_C_BPL/TERM_LASSO//lasso_traces_GCD3.c/lasso_trace_3.txt,TERMINATING,0.49,43.30,9.00,TERMINATING,7,1,8,Affine template / Affine template
CP26_BENCHMARK_FINAL/BENCHMARK_SIMPLE_C_BPL/TERM_LASSO//lasso_traces_GCD3.c/lasso_trace_4.txt,TERMINATING,0.49,38.54,9.00,TERMINATING,11,1,12,Affine template / Affine template
CP26_BENCHMARK_FINAL/BENCHMARK_SIMPLE_C_BPL/TERM_LASSO//lasso_traces_GCD4.c/lasso_trace_1.txt,TERMINATING,1.84,74.82,12.00,TERMINATING,5,2,7,Affine template / Affine template
CP26_BENCHMARK_FINAL/BENCHMARK_SIMPLE_C_BPL/TERM_LASSO//lasso_traces_GCD4.c/lasso_trace_2.txt,TERMINATING,0.41,51.66,10.00,TERMINATING,7,1,8,Affine template / Affine template
CP26_BENCHMARK_FINAL/BENCHMARK_SIMPLE_C_BPL/TERM_LASSO//lasso_traces_GCD4.c/lasso_trace_4.txt,TERMINATING,0.48,41.79,11.00,TERMINATING,8,3,11,Affine template / Affine template
CP26_BENCHMARK_FINAL/BENCHMARK_SIMPLE_C_BPL/TERM_LASSO//lasso_traces_GCD4.c/lasso_trace_5.txt,TERMINATING,0.28,37.74,10.00,TERMINATING,9,1,10,Affine template / Affine template
CP26_BENCHMARK_FINAL/BENCHMARK_SIMPLE_C_BPL/TERM_LASSO//lasso_traces_genady-alloca_true-termination.c/lasso_trace_1.txt,TERMINATING,2.32,103.61,28.00,TERMINATING,7,7,14,Affine template / Affine template
CP26_BENCHMARK_FINAL/BENCHMARK_SIMPLE_C_BPL/TERM_LASSO//lasso_traces_genady_true-termination.c/lasso_trace_1.txt,TERMINATING,2.01,64.32,9.00,TERMINATING,5,1,6,Affine template / Affine template
CP26_BENCHMARK_FINAL/BENCHMARK_SIMPLE_C_BPL/TERM_LASSO//lasso_traces_GoannaDoubleFree.c/lasso_trace_1.txt,TERMINATING,1.72,63.82,8.00,TERMINATING,5,3,8,Affine template / Affine template
CP26_BENCHMARK_FINAL/BENCHMARK_SIMPLE_C_BPL/TERM_LASSO//lasso_traces_GoannaDoubleFreeInt.c/lasso_trace_1.txt,TERMINATING,1.86,281.10,19.00,TERMINATING,1,4,5,Affine template / Affine template
CP26_BENCHMARK_FINAL/BENCHMARK_SIMPLE_C_BPL/TERM_LASSO//lasso_traces_GoannaDoubleFreeOneMillionIterations.c/lasso_trace_1.txt,TERMINATING,1.78,66.87,9.00,TERMINATING,5,3,8,Affine template / Affine template
CP26_BENCHMARK_FINAL/BENCHMARK_SIMPLE_C_BPL/TERM_LASSO//lasso_traces_GoannaDoubleFreeWithoutInitialization.c/lasso_trace_1.txt,TERMINATING,2.24,60.80,8.00,TERMINATING,6,3,9,Affine template / Affine template
CP26_BENCHMARK_FINAL/BENCHMARK_SIMPLE_C_BPL/TERM_LASSO//lasso_traces_GoannaDoubleFreeWithoutPointers.c/lasso_trace_1.txt,TERMINATING,1.86,240.96,18.00,TERMINATING,5,2,7,Affine template / Affine template
CP26_BENCHMARK_FINAL/BENCHMARK_SIMPLE_C_BPL/TERM_LASSO//lasso_traces_GopanReps-CAV2006-Fig1a_true-termination.c.c/lasso_trace_1.txt,TERMINATING,1.83,1027.59,14.00,TERMINATING,5,1,6,2 template / Affine template
CP26_BENCHMARK_FINAL/BENCHMARK_SIMPLE_C_BPL/TERM_LASSO//lasso_traces_Gothenburg_true-termination.c/lasso_trace_1.txt,TERMINATING,1.87,1445.10,31.00,UNKNOWN,6,1,7,2 template
CP26_BENCHMARK_FINAL/BENCHMARK_SIMPLE_C_BPL/TERM_LASSO//lasso_traces_graycode.t2.c/lasso_trace_1.txt,TERMINATING,1.78,72.42,8.00,TERMINATING,64,13,77,Affine template / Affine template
CP26_BENCHMARK_FINAL/BENCHMARK_SIMPLE_C_BPL/TERM_LASSO//lasso_traces_GulavaniGulwani-CAV2008-Fig1a_true-termination.c/lasso_trace_1.txt,TERMINATING,2.11,213.09,20.00,TERMINATING,5,1,6,Affine template / Affine template
CP26_BENCHMARK_FINAL/BENCHMARK_SIMPLE_C_BPL/TERM_LASSO//lasso_traces_GulavaniGulwani-CAV2008-Fig1b_true-termination.c/lasso_trace_1.txt,TERMINATING,1.95,64.75,10.00,TERMINATING,5,1,6,Affine template / Affine template
CP26_BENCHMARK_FINAL/BENCHMARK_SIMPLE_C_BPL/TERM_LASSO//lasso_traces_GulavaniGulwani-CAV2008-Fig1b_true-termination.c/lasso_trace_2.txt,TERMINATING,0.50,51.73,12.00,TERMINATING,6,1,7,Affine template / Affine template
CP26_BENCHMARK_FINAL/BENCHMARK_SIMPLE_C_BPL/TERM_LASSO//lasso_traces_GulavaniGulwani-CAV2008-Fig1c_true-termination.c/lasso_trace_1.txt,TERMINATING,2.21,62.17,15.00,TERMINATING,5,1,6,Affine template / Affine template
CP26_BENCHMARK_FINAL/BENCHMARK_SIMPLE_C_BPL/TERM_LASSO//lasso_traces_GulwaniJainKoskinen-2009PLDI-Fig1-alloca_true-termination.c/lasso_trace_3.txt,TERMINATING,2.03,287.27,106.00,TERMINATING,20,8,28,Affine template / Affine template
CP26_BENCHMARK_FINAL/BENCHMARK_SIMPLE_C_BPL/TERM_LASSO//lasso_traces_HarrisLalNoriRajamani-2010SAS-Fig1-alloca_true-termination.c/lasso_trace_3.txt,TERMINATING,2.75,167.16,62.00,TERMINATING,18,8,26,Affine template / Affine template
CP26_BENCHMARK_FINAL/BENCHMARK_SIMPLE_C_BPL/TERM_LASSO//lasso_traces_HarrisLalNoriRajamani-2010SAS-Fig1-alloca_true-termination.c/lasso_trace_4.txt,TERMINATING,3.10,154.93,114.00,TERMINATING,18,8,26,Affine template / Nested template
CP26_BENCHMARK_FINAL/BENCHMARK_SIMPLE_C_BPL/TERM_LASSO//lasso_traces_HarrisLalNoriRajamani-2010SAS-Fig2-alloca_unknown-termination.c/lasso_trace_1.txt,TERMINATING,2.43,115.22,29.00,TERMINATING,17,5,22,Affine template / Affine template
CP26_BENCHMARK_FINAL/BENCHMARK_SIMPLE_C_BPL/TERM_LASSO//lasso_traces_HarrisLalNoriRajamani-2010SAS-Fig3-alloca_true-termination.c/lasso_trace_1.txt,TERMINATING,3.09,81.52,16.00,TERMINATING,6,8,14,Affine template / Affine template
CP26_BENCHMARK_FINAL/BENCHMARK_SIMPLE_C_BPL/TERM_LASSO//lasso_traces_HarrisLalNoriRajamani-SAS2010-Fig3_true-termination.c/lasso_trace_1.txt,TERMINATING,1.87,47.31,5.00,TERMINATING,5,5,10,Affine template / Affine template
CP26_BENCHMARK_FINAL/BENCHMARK_SIMPLE_C_BPL/TERM_LASSO//lasso_traces_hash.c/lasso_trace_1.txt,TERMINATING,1.94,97.44,26.00,TERMINATING,7,2,9,Affine template / Affine template
CP26_BENCHMARK_FINAL/BENCHMARK_SIMPLE_C_BPL/TERM_LASSO//lasso_traces_heidy10.t2.c/lasso_trace_1.txt,TERMINATING,1.57,55.86,6.00,TERMINATING,20,18,38,Affine template / Affine template
CP26_BENCHMARK_FINAL/BENCHMARK_SIMPLE_C_BPL/TERM_LASSO//lasso_traces_heidy10.t2.c/lasso_trace_2.txt,TERMINATING,0.49,40.49,5.00,TERMINATING,29,9,38,Affine template / Affine template
CP26_BENCHMARK_FINAL/BENCHMARK_SIMPLE_C_BPL/TERM_LASSO//lasso_traces_heidy10.t2.c/lasso_trace_3.txt,TERMINATING,0.28,38.59,5.00,TERMINATING,47,9,56,Affine template / Affine template
CP26_BENCHMARK_FINAL/BENCHMARK_SIMPLE_C_BPL/TERM_LASSO//lasso_traces_heidy3.t2.c/lasso_trace_1.txt,TERMINATING,1.75,48.11,5.00,TERMINATING,20,9,29,Affine template / Affine template
CP26_BENCHMARK_FINAL/BENCHMARK_SIMPLE_C_BPL/TERM_LASSO//lasso_traces_heidy5.t2.c/lasso_trace_1.txt,TERMINATING,1.87,54.18,6.00,TERMINATING,29,13,42,Affine template / Affine template
CP26_BENCHMARK_FINAL/BENCHMARK_SIMPLE_C_BPL/TERM_LASSO//lasso_traces_heidy6.t2.c/lasso_trace_1.txt,TERMINATING,1.82,56.36,5.00,TERMINATING,29,13,42,Affine template / Affine template
CP26_BENCHMARK_FINAL/BENCHMARK_SIMPLE_C_BPL/TERM_LASSO//lasso_traces_heidy7-simple.t2.c/lasso_trace_1.txt,TERMINATING,1.88,49.00,5.00,TERMINATING,24,17,41,Affine template / Affine template
CP26_BENCHMARK_FINAL/BENCHMARK_SIMPLE_C_BPL/TERM_LASSO//lasso_traces_heidy7.t2.c/lasso_trace_1.txt,TERMINATING,1.76,61.62,6.00,TERMINATING,24,18,42,Affine template / Affine template
CP26_BENCHMARK_FINAL/BENCHMARK_SIMPLE_C_BPL/TERM_LASSO//lasso_traces_heidy8.t2.c/lasso_trace_1.txt,TERMINATING,1.80,59.60,6.00,TERMINATING,32,18,50,Affine template / Affine template
CP26_BENCHMARK_FINAL/BENCHMARK_SIMPLE_C_BPL/TERM_LASSO//lasso_traces_heidy9.t2.c/lasso_trace_1.txt,TERMINATING,2.98,46.07,5.00,TERMINATING,20,13,33,Affine template / Affine template
CP26_BENCHMARK_FINAL/BENCHMARK_SIMPLE_C_BPL/TERM_LASSO//lasso_traces_HeizmannHoenickeLeikePodelski-ATVA2013-Fig1_true-termination.c/lasso_trace_1.txt,TERMINATING,1.97,48.96,10.00,TERMINATING,5,1,6,Affine template / Affine template
CP26_BENCHMARK_FINAL/BENCHMARK_SIMPLE_C_BPL/TERM_LASSO//lasso_traces_HeizmannHoenickeLeikePodelski-ATVA2013-Fig4_true-termination.c/lasso_trace_1.txt,TERMINATING,1.84,62.41,8.00,TERMINATING,5,1,6,Affine template / Affine template
CP26_BENCHMARK_FINAL/BENCHMARK_SIMPLE_C_BPL/TERM_LASSO//lasso_traces_HeizmannHoenickeLeikePodelski-ATVA2013-Fig6_true-termination.c/lasso_trace_1.txt,TERMINATING,2.01,68.58,9.00,TERMINATING,5,1,6,Affine template / Affine template
CP26_BENCHMARK_FINAL/BENCHMARK_SIMPLE_C_BPL/TERM_LASSO//lasso_traces_HeizmannHoenickeLeikePodelski-ATVA2013-Fig7_true-termination.c/lasso_trace_1.txt,TERMINATING,2.26,293.15,46.00,TERMINATING,6,4,10,Affine template / Affine template
CP26_BENCHMARK_FINAL/BENCHMARK_SIMPLE_C_BPL/TERM_LASSO//lasso_traces_HeizmannHoenickeLeikePodelski-ATVA2013-Fig8_true-termination.c/lasso_trace_1.txt,TERMINATING,2.17,61.60,10.00,TERMINATING,6,1,7,Affine template / Affine template
CP26_BENCHMARK_FINAL/BENCHMARK_SIMPLE_C_BPL/TERM_LASSO//lasso_traces_HeizmannHoenickeLeikePodelski-ATVA2013-Fig9_true-termination.c/lasso_trace_1.txt,TERMINATING,0.48,47.47,10.00,TERMINATING,7,1,8,Affine template / Affine template
CP26_BENCHMARK_FINAL/BENCHMARK_SIMPLE_C_BPL/TERM_LASSO//lasso_traces_hoist_call.c/lasso_trace_1.txt,TERMINATING,1.90,187.06,22.00,TERMINATING,1,5,6,Affine template / Affine template
CP26_BENCHMARK_FINAL/BENCHMARK_SIMPLE_C_BPL/TERM_LASSO//lasso_traces_hoist_load.c/lasso_trace_1.txt,TERMINATING,2.24,63.49,12.00,TERMINATING,2,4,6,Affine template / Affine template
CP26_BENCHMARK_FINAL/BENCHMARK_SIMPLE_C_BPL/TERM_LASSO//lasso_traces_hongyi1.t2.c/lasso_trace_3.txt,TERMINATING,0.50,60.60,16.00,TERMINATING,113,21,134,Affine template / Affine template
CP26_BENCHMARK_FINAL/BENCHMARK_SIMPLE_C_BPL/TERM_LASSO//lasso_traces_hqr.c.i.hqr.pl.t2.fixed.t2.c/lasso_trace_1.txt,TERMINATING,1.74,108.86,13.00,TERMINATING,224,22,246,Affine template / Affine template
CP26_BENCHMARK_FINAL/BENCHMARK_SIMPLE_C_BPL/TERM_LASSO//lasso_traces_hqr.c.i.hqr.pl.t2.fixed.t2.c/lasso_trace_2.txt,TERMINATING,0.53,95.09,20.00,TERMINATING,233,57,290,Affine template / Affine template
CP26_BENCHMARK_FINAL/BENCHMARK_SIMPLE_C_BPL/TERM_LASSO//lasso_traces_hqr.c.i.hqr.pl.t2.nor.t2.rlgfixed.t2.c/lasso_trace_1.txt,TERMINATING,1.73,101.01,12.00,TERMINATING,228,22,250,Affine template / Affine template
CP26_BENCHMARK_FINAL/BENCHMARK_SIMPLE_C_BPL/TERM_LASSO//lasso_traces_hqr.c.i.hqr.pl.t2.nor.t2.rlgfixed.t2.c/lasso_trace_2.txt,TERMINATING,0.44,85.01,19.00,TERMINATING,237,57,294,Affine template / Affine template
CP26_BENCHMARK_FINAL/BENCHMARK_SIMPLE_C_BPL/TERM_LASSO//lasso_traces_hqr.t2.c/lasso_trace_1.txt,TERMINATING,1.61,96.69,13.00,TERMINATING,228,22,250,Affine template / Affine template
CP26_BENCHMARK_FINAL/BENCHMARK_SIMPLE_C_BPL/TERM_LASSO//lasso_traces_hqr.t2.c/lasso_trace_2.txt,TERMINATING,0.47,73.43,19.00,TERMINATING,237,57,294,Affine template / Affine template
CP26_BENCHMARK_FINAL/BENCHMARK_SIMPLE_C_BPL/TERM_LASSO//lasso_traces_hqr.t2.c/lasso_trace_3.txt,TERMINATING,0.39,69.15,15.00,TERMINATING,241,17,258,Affine template / Affine template
CP26_BENCHMARK_FINAL/BENCHMARK_SIMPLE_C_BPL/TERM_LASSO//lasso_traces_huh.t2.c/lasso_trace_1.txt,TERMINATING,2.03,83.13,16.00,TERMINATING,117,18,135,Affine template / Affine template
CP26_BENCHMARK_FINAL/BENCHMARK_SIMPLE_C_BPL/TERM_LASSO//lasso_traces_id_i10_o10_false-unreach-call.c/lasso_trace_1.txt,TERMINATING,1.73,83.96,7.00,TERMINATING,6,3,9,Affine template / Affine template
CP26_BENCHMARK_FINAL/BENCHMARK_SIMPLE_C_BPL/TERM_LASSO//lasso_traces_iecs.t2.c/lasso_trace_1.txt,TERMINATING,2.00,49.40,8.00,TERMINATING,21,9,30,Affine template / Affine template
CP26_BENCHMARK_FINAL/BENCHMARK_SIMPLE_C_BPL/TERM_LASSO//lasso_traces_if_while.c/lasso_trace_1.txt,TERMINATING,1.81,45.08,4.00,TERMINATING,5,1,6,Affine template / Affine template
CP26_BENCHMARK_FINAL/BENCHMARK_SIMPLE_C_BPL/TERM_LASSO//lasso_traces_indexer.c/lasso_trace_2.txt,TERMINATING,2.21,153.84,26.00,TERMINATING,2,4,6,Affine template / Affine template
CP26_BENCHMARK_FINAL/BENCHMARK_SIMPLE_C_BPL/TERM_LASSO//lasso_traces_inline.c/lasso_trace_1.txt,TERMINATING,1.70,52.09,9.00,TERMINATING,1,5,6,Affine template / Affine template
CP26_BENCHMARK_FINAL/BENCHMARK_SIMPLE_C_BPL/TERM_LASSO//lasso_traces_insertionsort-alloca_true-termination.c/lasso_trace_3.txt,TERMINATING,1.64,84.86,19.00,TERMINATING,7,7,14,Affine template / Affine template
CP26_BENCHMARK_FINAL/BENCHMARK_SIMPLE_C_BPL/TERM_LASSO//lasso_traces_insertionsort-alloca_true-termination.c/lasso_trace_5.txt,TERMINATING,0.62,8467.26,261.00,TERMINATING,16,6,22,Affine template / Affine template
CP26_BENCHMARK_FINAL/BENCHMARK_SIMPLE_C_BPL/TERM_LASSO//lasso_traces_insertion_sort.c/lasso_trace_3.txt,TERMINATING,2.94,67.56,14.00,TERMINATING,1,7,8,Affine template / Affine template
CP26_BENCHMARK_FINAL/BENCHMARK_SIMPLE_C_BPL/TERM_LASSO//lasso_traces_insertion_sort.c/lasso_trace_4.txt,TERMINATING,0.53,318.09,57.00,TERMINATING,5,6,11,Affine template / Affine template
CP26_BENCHMARK_FINAL/BENCHMARK_SIMPLE_C_BPL/TERM_LASSO//lasso_traces_insertion_sort.c/lasso_trace_5.txt,TERMINATING,0.55,548.50,101.00,TERMINATING,12,6,18,Affine template / Affine template
CP26_BENCHMARK_FINAL/BENCHMARK_SIMPLE_C_BPL/TERM_LASSO//lasso_traces_insertionsort.c/lasso_trace_3.txt,TERMINATING,1.82,62.98,13.00,TERMINATING,1,7,8,Affine template / Affine template
CP26_BENCHMARK_FINAL/BENCHMARK_SIMPLE_C_BPL/TERM_LASSO//lasso_traces_insertionsort.c/lasso_trace_5.txt,TERMINATING,0.58,867.70,106.00,TERMINATING,10,6,16,Affine template / Affine template
CP26_BENCHMARK_FINAL/BENCHMARK_SIMPLE_C_BPL/TERM_LASSO//lasso_traces_insertsort.t2.c/lasso_trace_1.txt,TERMINATING,1.98,57.46,6.00,TERMINATING,24,25,49,Affine template / Affine template
CP26_BENCHMARK_FINAL/BENCHMARK_SIMPLE_C_BPL/TERM_LASSO//lasso_traces_invalid-Hoare-triple-in-FP-ArrayPQE.c/lasso_trace_1.txt,TERMINATING,1.98,131.82,25.00,TERMINATING,7,5,12,Affine template / Affine template
CP26_BENCHMARK_FINAL/BENCHMARK_SIMPLE_C_BPL/TERM_LASSO//lasso_traces_invgen.t2.c/lasso_trace_1.txt,TERMINATING,1.84,55.38,6.00,TERMINATING,21,10,31,Affine template / Affine template
CP26_BENCHMARK_FINAL/BENCHMARK_SIMPLE_C_BPL/TERM_LASSO//lasso_traces_jacobi.c.i.jacobi.pl.t2.fixed.t2.c/lasso_trace_1.txt,TERMINATING,2.18,70.70,11.00,TERMINATING,120,22,142,Affine template / Affine template
CP26_BENCHMARK_FINAL/BENCHMARK_SIMPLE_C_BPL/TERM_LASSO//lasso_traces_jacobi.c.i.jacobi.pl.t2.fixed.t2.c/lasso_trace_2.txt,TERMINATING,0.37,55.75,10.00,TERMINATING,133,13,146,Affine template / Affine template
CP26_BENCHMARK_FINAL/BENCHMARK_SIMPLE_C_BPL/TERM_LASSO//lasso_traces_jacobi.c.i.jacobi.pl.t2.nor.t2.rlgfixed.t2.c/lasso_trace_1.txt,TERMINATING,1.98,78.88,12.00,TERMINATING,120,22,142,Affine template / Affine template
CP26_BENCHMARK_FINAL/BENCHMARK_SIMPLE_C_BPL/TERM_LASSO//lasso_traces_jacobi.c.i.jacobi.pl.t2.nor.t2.rlgfixed.t2.c/lasso_trace_2.txt,TERMINATING,0.38,55.15,9.00,TERMINATING,133,13,146,Affine template / Affine template
CP26_BENCHMARK_FINAL/BENCHMARK_SIMPLE_C_BPL/TERM_LASSO//lasso_traces_jacobi.t2.c/lasso_trace_1.txt,TERMINATING,2.88,79.09,10.00,TERMINATING,120,22,142,Affine template / Affine template
CP26_BENCHMARK_FINAL/BENCHMARK_SIMPLE_C_BPL/TERM_LASSO//lasso_traces_jacobi.t2.c/lasso_trace_2.txt,TERMINATING,0.32,50.54,10.00,TERMINATING,133,13,146,Affine template / Affine template
CP26_BENCHMARK_FINAL/BENCHMARK_SIMPLE_C_BPL/TERM_LASSO//lasso_traces_janne_complex.t2.c/lasso_trace_1.txt,TERMINATING,1.76,55.46,8.00,TERMINATING,36,22,58,Affine template / Affine template
CP26_BENCHMARK_FINAL/BENCHMARK_SIMPLE_C_BPL/TERM_LASSO//lasso_traces_janne_complex.t2.c/lasso_trace_3.txt,TERMINATING,0.38,77.31,27.00,TERMINATING,97,23,120,Affine template / Affine template
CP26_BENCHMARK_FINAL/BENCHMARK_SIMPLE_C_BPL/TERM_LASSO//lasso_traces_janne_complex.t2.c/lasso_trace_5.txt,TERMINATING,0.31,37.37,8.00,TERMINATING,112,23,135,Affine template / Affine template
CP26_BENCHMARK_FINAL/BENCHMARK_SIMPLE_C_BPL/TERM_LASSO//lasso_traces_janne_complex.t2.c/lasso_trace_8.txt,TERMINATING,0.27,39.04,8.00,TERMINATING,112,23,135,Affine template / Affine template
CP26_BENCHMARK_FINAL/BENCHMARK_SIMPLE_C_BPL/TERM_LASSO//lasso_traces_janne_complex.t2.c/lasso_trace_9.txt,TERMINATING,0.29,43.42,10.00,TERMINATING,112,23,135,Affine template / Affine template
CP26_BENCHMARK_FINAL/BENCHMARK_SIMPLE_C_BPL/TERM_LASSO//lasso_traces_java_Ackermann.c/lasso_trace_1.txt,TERMINATING,1.69,27.10,7.00,TERMINATING,0,4,4,Affine template / Affine template
CP26_BENCHMARK_FINAL/BENCHMARK_SIMPLE_C_BPL/TERM_LASSO//lasso_traces_java_Ackermann.c/lasso_trace_3.txt,TERMINATING,0.44,52.17,9.00,TERMINATING,4,8,12,Affine template / Affine template
CP26_BENCHMARK_FINAL/BENCHMARK_SIMPLE_C_BPL/TERM_LASSO//lasso_traces_java_Ackermann.c/lasso_trace_4.txt,TERMINATING,0.33,43.26,12.00,TERMINATING,6,4,10,Affine template / Affine template
CP26_BENCHMARK_FINAL/BENCHMARK_SIMPLE_C_BPL/TERM_LASSO//lasso_traces_java_AG313-alloca_true-termination.c/lasso_trace_2.txt,TERMINATING,2.62,172.71,52.00,TERMINATING,12,9,21,Affine template / Affine template
CP26_BENCHMARK_FINAL/BENCHMARK_SIMPLE_C_BPL/TERM_LASSO//lasso_traces_java_AG313.c/lasso_trace_1.txt,TERMINATING,2.70,73.49,11.00,TERMINATING,2,1,3,Affine template / Affine template
CP26_BENCHMARK_FINAL/BENCHMARK_SIMPLE_C_BPL/TERM_LASSO//lasso_traces_java_AG313_true-termination.c/lasso_trace_1.txt,TERMINATING,2.11,64.96,11.00,TERMINATING,8,1,9,Affine template / Affine template
CP26_BENCHMARK_FINAL/BENCHMARK_SIMPLE_C_BPL/TERM_LASSO//lasso_traces_java_AProVEMath.c/lasso_trace_1.txt,TERMINATING,2.54,99.83,19.00,TERMINATING,4,1,5,Affine template / Affine template
CP26_BENCHMARK_FINAL/BENCHMARK_SIMPLE_C_BPL/TERM_LASSO//lasso_traces_java_AProVEMathRecursive.c/lasso_trace_1.txt,TERMINATING,1.53,37.76,14.00,TERMINATING,0,6,6,Affine template / Affine template
CP26_BENCHMARK_FINAL/BENCHMARK_SIMPLE_C_BPL/TERM_LASSO//lasso_traces_java_Avg.c/lasso_trace_1.txt,TERMINATING,1.71,31.34,7.00,TERMINATING,0,3,3,Affine template / Affine template
CP26_BENCHMARK_FINAL/BENCHMARK_SIMPLE_C_BPL/TERM_LASSO//lasso_traces_java_Avg.c/lasso_trace_2.txt,TERMINATING,0.55,47.60,11.00,TERMINATING,2,4,6,Affine template / Affine template
CP26_BENCHMARK_FINAL/BENCHMARK_SIMPLE_C_BPL/TERM_LASSO//lasso_traces_java_Avg.c/lasso_trace_4.txt,TERMINATING,0.44,36.90,11.00,TERMINATING,6,7,13,Affine template / Affine template
CP26_BENCHMARK_FINAL/BENCHMARK_SIMPLE_C_BPL/TERM_LASSO//lasso_traces_java_Avg.c/lasso_trace_5.txt,TERMINATING,0.34,41.16,12.00,TERMINATING,12,7,19,Affine template / Affine template
CP26_BENCHMARK_FINAL/BENCHMARK_SIMPLE_C_BPL/TERM_LASSO//lasso_traces_java_Break-alloca_true-termination.c/lasso_trace_1.txt,TERMINATING,2.55,90.42,24.00,TERMINATING,7,6,13,Affine template / Affine template
CP26_BENCHMARK_FINAL/BENCHMARK_SIMPLE_C_BPL/TERM_LASSO//lasso_traces_java_Break.c/lasso_trace_1.txt,TERMINATING,1.95,55.39,5.00,TERMINATING,1,1,2,Affine template / Affine template
CP26_BENCHMARK_FINAL/BENCHMARK_SIMPLE_C_BPL/TERM_LASSO//lasso_traces_java_Break_true-termination.c/lasso_trace_1.txt,TERMINATING,1.86,50.78,6.00,TERMINATING,5,1,6,Affine template / Affine template
CP26_BENCHMARK_FINAL/BENCHMARK_SIMPLE_C_BPL/TERM_LASSO//lasso_traces_java_BubbleSort-alloca_true-termination.c/lasso_trace_2.txt,TERMINATING,1.60,76.80,17.00,TERMINATING,7,7,14,Affine template / Affine template
CP26_BENCHMARK_FINAL/BENCHMARK_SIMPLE_C_BPL/TERM_LASSO//lasso_traces_java_BubbleSort-alloca_true-termination.c/lasso_trace_3.txt,TERMINATING,0.51,53.51,18.00,TERMINATING,8,5,13,Affine template / Affine template
CP26_BENCHMARK_FINAL/BENCHMARK_SIMPLE_C_BPL/TERM_LASSO//lasso_traces_java_BubbleSort.c/lasso_trace_2.txt,TERMINATING,1.61,58.82,13.00,TERMINATING,1,7,8,Affine template / Affine template
CP26_BENCHMARK_FINAL/BENCHMARK_SIMPLE_C_BPL/TERM_LASSO//lasso_traces_java_BubbleSort.c/lasso_trace_3.txt,TERMINATING,0.57,45.63,11.00,TERMINATING,2,5,7,Affine template / Affine template
CP26_BENCHMARK_FINAL/BENCHMARK_SIMPLE_C_BPL/TERM_LASSO//lasso_traces_java_Continue1-alloca_true-termination.c/lasso_trace_1.txt,TERMINATING,2.26,108.66,20.00,TERMINATING,7,6,13,Affine template / Affine template
CP26_BENCHMARK_FINAL/BENCHMARK_SIMPLE_C_BPL/TERM_LASSO//lasso_traces_java_Continue1.c/lasso_trace_1.txt,TERMINATING,1.68,42.75,5.00,TERMINATING,1,1,2,Affine template / Affine template
CP26_BENCHMARK_FINAL/BENCHMARK_SIMPLE_C_BPL/TERM_LASSO//lasso_traces_java_Continue1_true-termination.c/lasso_trace_1.txt,TERMINATING,1.92,83.80,10.00,TERMINATING,5,1,6,Affine template / Affine template
CP26_BENCHMARK_FINAL/BENCHMARK_SIMPLE_C_BPL/TERM_LASSO//lasso_traces_java_Diff.c/lasso_trace_2.txt,TERMINATING,1.96,6175.22,215.00,TERMINATING,1,6,7,Affine template / Affine template
CP26_BENCHMARK_FINAL/BENCHMARK_SIMPLE_C_BPL/TERM_LASSO//lasso_traces_java_DivMinus1.c/lasso_trace_1.txt,TERMINATING,2.14,66.38,8.00,TERMINATING,1,1,2,Affine template / Affine template
CP26_BENCHMARK_FINAL/BENCHMARK_SIMPLE_C_BPL/TERM_LASSO//lasso_traces_java_DivWithoutMinus.c/lasso_trace_1.txt,TERMINATING,2.14,132.55,22.00,TERMINATING,1,1,2,Affine template / Affine template
CP26_BENCHMARK_FINAL/BENCHMARK_SIMPLE_C_BPL/TERM_LASSO//lasso_traces_java_Double1.c/lasso_trace_1.txt,TERMINATING,1.61,48.72,6.00,TERMINATING,5,3,8,Affine template / Affine template
CP26_BENCHMARK_FINAL/BENCHMARK_SIMPLE_C_BPL/TERM_LASSO//lasso_traces_java_Double1.c/lasso_trace_3.txt,TERMINATING,0.26,37.04,7.00,TERMINATING,11,12,23,Affine template / Affine template
CP26_BENCHMARK_FINAL/BENCHMARK_SIMPLE_C_BPL/TERM_LASSO//lasso_traces_java_Double2.c/lasso_trace_1.txt,TERMINATING,2.11,48.03,6.00,TERMINATING,5,3,8,Affine template / Affine template
CP26_BENCHMARK_FINAL/BENCHMARK_SIMPLE_C_BPL/TERM_LASSO//lasso_traces_java_Double3.c/lasso_trace_1.txt,TERMINATING,1.80,52.58,5.00,TERMINATING,5,4,9,Affine template / Affine template
CP26_BENCHMARK_FINAL/BENCHMARK_SIMPLE_C_BPL/TERM_LASSO//lasso_traces_java_Duplicate.c/lasso_trace_1.txt,TERMINATING,2.23,59.83,8.00,TERMINATING,1,1,2,Affine template / Affine template
CP26_BENCHMARK_FINAL/BENCHMARK_SIMPLE_C_BPL/TERM_LASSO//lasso_traces_java_EqUserDefRec.c/lasso_trace_1.txt,TERMINATING,1.79,27.42,7.00,TERMINATING,0,3,3,Affine template / Affine template
CP26_BENCHMARK_FINAL/BENCHMARK_SIMPLE_C_BPL/TERM_LASSO//lasso_traces_java_Factorial.c/lasso_trace_1.txt,TERMINATING,1.63,26.25,5.00,TERMINATING,0,3,3,Affine template / Affine template
CP26_BENCHMARK_FINAL/BENCHMARK_SIMPLE_C_BPL/TERM_LASSO//lasso_traces_java_FactSum.c/lasso_trace_2.txt,TERMINATING,0.29,42.62,6.00,TERMINATING,8,3,11,Affine template / Affine template
CP26_BENCHMARK_FINAL/BENCHMARK_SIMPLE_C_BPL/TERM_LASSO//lasso_traces_java_FibRecursive.c/lasso_trace_1.txt,TERMINATING,1.74,28.84,5.00,TERMINATING,0,4,4,Affine template / Affine template
CP26_BENCHMARK_FINAL/BENCHMARK_SIMPLE_C_BPL/TERM_LASSO//lasso_traces_java_Hanoi.c/lasso_trace_1.txt,TERMINATING,1.72,39.58,10.00,TERMINATING,0,4,4,Affine template / Affine template
CP26_BENCHMARK_FINAL/BENCHMARK_SIMPLE_C_BPL/TERM_LASSO//lasso_traces_java_LeUserDefRec.c/lasso_trace_1.txt,TERMINATING,1.64,26.78,7.00,TERMINATING,0,3,3,Affine template / Affine template
CP26_BENCHMARK_FINAL/BENCHMARK_SIMPLE_C_BPL/TERM_LASSO//lasso_traces_java_LogBuiltIn-alloca_true-termination.c/lasso_trace_1.txt,TERMINATING,2.41,98.46,29.00,TERMINATING,9,6,15,Affine template / Affine template
CP26_BENCHMARK_FINAL/BENCHMARK_SIMPLE_C_BPL/TERM_LASSO//lasso_traces_java_LogBuiltIn.c/lasso_trace_1.txt,TERMINATING,1.98,56.56,8.00,TERMINATING,1,1,2,Affine template / Affine template
CP26_BENCHMARK_FINAL/BENCHMARK_SIMPLE_C_BPL/TERM_LASSO//lasso_traces_java_LogBuiltIn_true-termination.c/lasso_trace_1.txt,TERMINATING,2.02,53.07,8.00,TERMINATING,7,1,8,Affine template / Affine template
CP26_BENCHMARK_FINAL/BENCHMARK_SIMPLE_C_BPL/TERM_LASSO//lasso_traces_java_MinusBuiltIn.c/lasso_trace_1.txt,TERMINATING,2.11,57.39,7.00,TERMINATING,5,1,6,Affine template / Affine template
CP26_BENCHMARK_FINAL/BENCHMARK_SIMPLE_C_BPL/TERM_LASSO//lasso_traces_java_MinusMin.c/lasso_trace_1.txt,TERMINATING,1.94,50.67,8.00,TERMINATING,5,5,10,Affine template / Affine template
CP26_BENCHMARK_FINAL/BENCHMARK_SIMPLE_C_BPL/TERM_LASSO//lasso_traces_java_Nested.c/lasso_trace_10.txt,TERMINATING,1.66,40.81,5.00,TERMINATING,1,11,12,Affine template / Affine template
CP26_BENCHMARK_FINAL/BENCHMARK_SIMPLE_C_BPL/TERM_LASSO//lasso_traces_java_Nested.c/lasso_trace_11.txt,TERMINATING,0.36,34.02,5.00,TERMINATING,2,1,3,Affine template / Affine template
CP26_BENCHMARK_FINAL/BENCHMARK_SIMPLE_C_BPL/TERM_LASSO//lasso_traces_java_Nested.c/lasso_trace_12.txt,TERMINATING,0.43,31.74,5.00,TERMINATING,13,1,14,Affine template / Affine template
CP26_BENCHMARK_FINAL/BENCHMARK_SIMPLE_C_BPL/TERM_LASSO//lasso_traces_java_NestedLoop.c/lasso_trace_1.txt,TERMINATING,2.13,92.18,17.00,TERMINATING,1,2,3,Affine template / Affine template
CP26_BENCHMARK_FINAL/BENCHMARK_SIMPLE_C_BPL/TERM_LASSO//lasso_traces_java_NestedLoop.c/lasso_trace_5.txt,TERMINATING,0.51,58.81,18.00,TERMINATING,5,5,10,Affine template / Affine template
CP26_BENCHMARK_FINAL/BENCHMARK_SIMPLE_C_BPL/TERM_LASSO//lasso_traces_java_Nested_true-termination.c/lasso_trace_10.txt,TERMINATING,1.52,48.33,7.00,TERMINATING,5,11,16,Affine template / Affine template
CP26_BENCHMARK_FINAL/BENCHMARK_SIMPLE_C_BPL/TERM_LASSO//lasso_traces_java_Nested_true-termination.c/lasso_trace_11.txt,TERMINATING,0.52,37.83,6.00,TERMINATING,6,1,7,Affine template / Affine template
CP26_BENCHMARK_FINAL/BENCHMARK_SIMPLE_C_BPL/TERM_LASSO//lasso_traces_java_Nested_true-termination.c/lasso_trace_12.txt,TERMINATING,0.46,33.73,7.00,TERMINATING,17,1,18,Affine template / Affine template
CP26_BENCHMARK_FINAL/BENCHMARK_SIMPLE_C_BPL/TERM_LASSO//lasso_traces_java_PlusSwap.c/lasso_trace_1.txt,TERMINATING,1.97,49.10,8.00,TERMINATING,1,1,2,Affine template / Affine template
CP26_BENCHMARK_FINAL/BENCHMARK_SIMPLE_C_BPL/TERM_LASSO//lasso_traces_java_Recursions.c/lasso_trace_1.txt,TERMINATING,2.12,39.13,11.00,TERMINATING,0,8,8,Affine template / Affine template
CP26_BENCHMARK_FINAL/BENCHMARK_SIMPLE_C_BPL/TERM_LASSO//lasso_traces_java_Sequence-alloca_true-termination.c/lasso_trace_1.txt,TERMINATING,2.75,123.18,32.00,TERMINATING,7,6,13,Affine template / Affine template
CP26_BENCHMARK_FINAL/BENCHMARK_SIMPLE_C_BPL/TERM_LASSO//lasso_traces_java_Sequence.c/lasso_trace_1.txt,TERMINATING,1.91,48.90,5.00,TERMINATING,1,1,2,Affine template / Affine template
CP26_BENCHMARK_FINAL/BENCHMARK_SIMPLE_C_BPL/TERM_LASSO//lasso_traces_java_Sequence_true-termination.c/lasso_trace_1.txt,TERMINATING,2.97,54.23,7.00,TERMINATING,5,1,6,Affine template / Affine template
CP26_BENCHMARK_FINAL/BENCHMARK_SIMPLE_C_BPL/TERM_LASSO//lasso_traces_java_TimesPlusUserDef.c/lasso_trace_1.txt,TERMINATING,1.71,27.75,7.00,TERMINATING,0,4,4,Affine template / Affine template
CP26_BENCHMARK_FINAL/BENCHMARK_SIMPLE_C_BPL/TERM_LASSO//lasso_traces_java_TimesPlusUserDef.c/lasso_trace_2.txt,TERMINATING,0.62,44.70,8.00,TERMINATING,3,3,6,Affine template / Affine template
CP26_BENCHMARK_FINAL/BENCHMARK_SIMPLE_C_BPL/TERM_LASSO//lasso_traces_java_TimesPlusUserDef.c/lasso_trace_3.txt,TERMINATING,0.47,38.45,9.00,TERMINATING,4,4,8,Affine template / Affine template
CP26_BENCHMARK_FINAL/BENCHMARK_SIMPLE_C_BPL/TERM_LASSO//lasso_traces_java_TimesPlusUserDef.c/lasso_trace_4.txt,TERMINATING,0.33,36.81,10.00,TERMINATING,30,3,33,Affine template / Affine template
CP26_BENCHMARK_FINAL/BENCHMARK_SIMPLE_C_BPL/TERM_LASSO//lasso_traces_jfdctint.t2.c/lasso_trace_1.txt,TERMINATING,2.81,58.33,6.00,TERMINATING,92,17,109,Affine template / Affine template
CP26_BENCHMARK_FINAL/BENCHMARK_SIMPLE_C_BPL/TERM_LASSO//lasso_traces_joey_false-termination.c/lasso_trace_2.txt,TERMINATING,0.49,45.28,11.00,TERMINATING,6,4,10,Affine template / Affine template
CP26_BENCHMARK_FINAL/BENCHMARK_SIMPLE_C_BPL/TERM_LASSO//lasso_traces_knapsack.c/lasso_trace_1.txt,TERMINATING,2.29,84.44,13.00,TERMINATING,1,2,3,Affine template / Affine template
CP26_BENCHMARK_FINAL/BENCHMARK_SIMPLE_C_BPL/TERM_LASSO//lasso_traces_knapsack.c/lasso_trace_2.txt,TERMINATING,0.85,94.95,13.00,TERMINATING,2,4,6,Affine template / Affine template
CP26_BENCHMARK_FINAL/BENCHMARK_SIMPLE_C_BPL/TERM_LASSO//lasso_traces_knapsack.c/lasso_trace_4.txt,TERMINATING,0.64,54.61,17.00,TERMINATING,8,4,12,Affine template / Affine template
CP26_BENCHMARK_FINAL/BENCHMARK_SIMPLE_C_BPL/TERM_LASSO//lasso_traces_KroeningSharyginaTsitovichWintersteiger-2010CAV-Fig1-alloca_true-termination.c/lasso_trace_1.txt,TERMINATING,2.39,115.80,31.00,TERMINATING,7,8,15,Affine template / Affine template
CP26_BENCHMARK_FINAL/BENCHMARK_SIMPLE_C_BPL/TERM_LASSO//lasso_traces_KroeningSharyginaTsitovichWintersteiger-CAV2010-Ex_true-termination.c/lasso_trace_1.txt,TERMINATING,1.89,102.56,14.00,TERMINATING,5,1,6,Affine template / Affine template
CP26_BENCHMARK_FINAL/BENCHMARK_SIMPLE_C_BPL/TERM_LASSO//lasso_traces_LarrazOliverasRodriguez-CarbonellRubio-2013FMCAD-Fig1-alloca_unknown-termination.c/lasso_trace_5.txt,TERMINATING,2.63,406.00,71.00,TERMINATING,15,10,25,2 template / Nested template
CP26_BENCHMARK_FINAL/BENCHMARK_SIMPLE_C_BPL/TERM_LASSO//lasso_traces_LarrazOliverasRodriguez-CarbonellRubio-2013FMCAD-Fig1-alloca_unknown-termination.c/lasso_trace_6.txt,TERMINATING,1.38,84.17,61.00,TERMINATING,22,7,29,Affine template / Affine template
CP26_BENCHMARK_FINAL/BENCHMARK_SIMPLE_C_BPL/TERM_LASSO//lasso_traces_LarrazOliverasRodriguez-CarbonellRubio-2013FMCAD-Fig1-alloca_unknown-termination.c/lasso_trace_7.txt,TERMINATING,1.56,280.64,76.00,TERMINATING,29,10,39,2 template / Nested template
CP26_BENCHMARK_FINAL/BENCHMARK_SIMPLE_C_BPL/TERM_LASSO//lasso_traces_LarrazOliverasRodriguez-CarbonellRubio-FMCAD2013-Fig1_true-termination.c/lasso_trace_1.txt,TERMINATING,2.26,162.14,13.00,TERMINATING,6,2,8,2 template / Nested template
CP26_BENCHMARK_FINAL/BENCHMARK_SIMPLE_C_BPL/TERM_LASSO//lasso_traces_LarrazOliverasRodriguez-CarbonellRubio-FMCAD2013-Fig1_true-termination.c/lasso_trace_2.txt,TERMINATING,0.39,40.90,11.00,TERMINATING,8,1,9,Affine template / Affine template
CP26_BENCHMARK_FINAL/BENCHMARK_SIMPLE_C_BPL/TERM_LASSO//lasso_traces_LarrazOliverasRodriguez-CarbonellRubio-FMCAD2013-Fig1_true-termination.c/lasso_trace_3.txt,TERMINATING,0.39,100.20,17.00,TERMINATING,9,2,11,2 template / Nested template
CP26_BENCHMARK_FINAL/BENCHMARK_SIMPLE_C_BPL/TERM_LASSO//lasso_traces_LarrazOliverasRodriguez-CarbonellRubio-FMCAD2013-Fig1_true-termination.c/lasso_trace_5.txt,TERMINATING,0.39,42.77,12.00,TERMINATING,10,3,13,Affine template / Affine template
CP26_BENCHMARK_FINAL/BENCHMARK_SIMPLE_C_BPL/TERM_LASSO//lasso_traces_LarrazOliverasRodriguez-CarbonellRubio-FMCAD2013-Fig1_true-termination.c/lasso_trace_6.txt,TERMINATING,0.33,35.22,11.00,TERMINATING,11,1,12,Affine template / Affine template
CP26_BENCHMARK_FINAL/BENCHMARK_SIMPLE_C_BPL/TERM_LASSO//lasso_traces_LeeJonesBen-Amram-POPL2001-Ex1_true-termination.c/lasso_trace_1.txt,TERMINATING,2.06,106.11,12.00,TERMINATING,9,3,12,Affine template / Affine template
CP26_BENCHMARK_FINAL/BENCHMARK_SIMPLE_C_BPL/TERM_LASSO//lasso_traces_LeeJonesBen-Amram-POPL2001-Ex2_true-termination.c/lasso_trace_1.txt,TERMINATING,1.98,97.26,13.00,TERMINATING,7,5,12,Affine template / Affine template
CP26_BENCHMARK_FINAL/BENCHMARK_SIMPLE_C_BPL/TERM_LASSO//lasso_traces_LeeJonesBen-Amram-POPL2001-Ex3_true-termination.c/lasso_trace_1.txt,TERMINATING,1.93,62.41,8.00,TERMINATING,7,4,11,Affine template / Affine template
CP26_BENCHMARK_FINAL/BENCHMARK_SIMPLE_C_BPL/TERM_LASSO//lasso_traces_LeeJonesBen-Amram-POPL2001-Ex3_true-termination.c/lasso_trace_3.txt,TERMINATING,0.35,36.40,8.00,TERMINATING,11,8,19,Affine template / Affine template
CP26_BENCHMARK_FINAL/BENCHMARK_SIMPLE_C_BPL/TERM_LASSO//lasso_traces_LeeJonesBen-Amram-POPL2001-Ex3_true-termination.c/lasso_trace_4.txt,TERMINATING,0.31,40.54,11.00,TERMINATING,13,4,17,Affine template / Affine template
CP26_BENCHMARK_FINAL/BENCHMARK_SIMPLE_C_BPL/TERM_LASSO//lasso_traces_LeeJonesBen-Amram-POPL2001-Ex4_true-termination.c/lasso_trace_1.txt,TERMINATING,1.71,65.21,9.00,TERMINATING,7,3,10,Affine template / Affine template
CP26_BENCHMARK_FINAL/BENCHMARK_SIMPLE_C_BPL/TERM_LASSO//lasso_traces_LeeJonesBen-Amram-POPL2001-Ex4_true-termination.c/lasso_trace_2.txt,TERMINATING,0.77,50.17,15.00,TERMINATING,9,4,13,Affine template / Affine template
CP26_BENCHMARK_FINAL/BENCHMARK_SIMPLE_C_BPL/TERM_LASSO//lasso_traces_LeeJonesBen-Amram-POPL2001-Ex4_true-termination.c/lasso_trace_3.txt,TERMINATING,0.34,48.17,16.00,TERMINATING,13,3,16,Affine template / Affine template
CP26_BENCHMARK_FINAL/BENCHMARK_SIMPLE_C_BPL/TERM_LASSO//lasso_traces_LeeJonesBen-Amram-POPL2001-Ex4_true-termination.c/lasso_trace_4.txt,TERMINATING,0.28,45.39,16.00,TERMINATING,16,3,19,Affine template / Affine template
CP26_BENCHMARK_FINAL/BENCHMARK_SIMPLE_C_BPL/TERM_LASSO//lasso_traces_LeeJonesBen-Amram-POPL2001-Ex4_true-termination.c/lasso_trace_6.txt,TERMINATING,0.78,36.20,10.00,TERMINATING,14,4,18,Affine template / Affine template
CP26_BENCHMARK_FINAL/BENCHMARK_SIMPLE_C_BPL/TERM_LASSO//lasso_traces_LeeJonesBen-Amram-POPL2001-Ex4_true-termination.c/lasso_trace_7.txt,TERMINATING,0.31,41.13,8.00,TERMINATING,17,4,21,Affine template / Affine template
CP26_BENCHMARK_FINAL/BENCHMARK_SIMPLE_C_BPL/TERM_LASSO//lasso_traces_LeeJonesBen-Amram-POPL2001-Ex6_true-termination.c/lasso_trace_1.txt,TERMINATING,2.04,107.27,14.00,TERMINATING,7,3,10,Affine template / Affine template
CP26_BENCHMARK_FINAL/BENCHMARK_SIMPLE_C_BPL/TERM_LASSO//lasso_traces_LeeJonesBen-Amram-POPL2001-Ex6_true-termination.c/lasso_trace_2.txt,TERMINATING,0.46,74.57,13.00,TERMINATING,10,3,13,Affine template / Affine template
CP26_BENCHMARK_FINAL/BENCHMARK_SIMPLE_C_BPL/TERM_LASSO//lasso_traces_LeikeHeizmann-TACAS2014-Ex1_true-termination.c/lasso_trace_1.txt,TERMINATING,1.92,105.43,15.00,TERMINATING,5,1,6,Affine template / Affine template
CP26_BENCHMARK_FINAL/BENCHMARK_SIMPLE_C_BPL/TERM_LASSO//lasso_traces_LeikeHeizmann-TACAS2014-Ex7_true-termination.c/lasso_trace_1.txt,TERMINATING,2.24,57.78,9.00,TERMINATING,5,1,6,Affine template / Affine template
CP26_BENCHMARK_FINAL/BENCHMARK_SIMPLE_C_BPL/TERM_LASSO//lasso_traces_LeikeHeizmann-TACAS2014-Ex8_true-termination.c/lasso_trace_1.txt,TERMINATING,3.76,151.54,20.00,TERMINATING,5,1,6,Affine template / Affine template
CP26_BENCHMARK_FINAL/BENCHMARK_SIMPLE_C_BPL/TERM_LASSO//lasso_traces_LeikeHeizmann-TACAS2014-Ex9_true-termination.c/lasso_trace_1.txt,TERMINATING,2.06,120.56,13.00,TERMINATING,5,1,6,Affine template / Affine template
CP26_BENCHMARK_FINAL/BENCHMARK_SIMPLE_C_BPL/TERM_LASSO//lasso_traces_LeikeHeizmann-TACAS2014-Fig1_true-termination.c/lasso_trace_1.txt,TERMINATING,1.96,132.11,13.00,TERMINATING,5,1,6,2 template / Nested template
CP26_BENCHMARK_FINAL/BENCHMARK_SIMPLE_C_BPL/TERM_LASSO//lasso_traces_LeikeHeizmann-WST2014-Ex9_true-termination.c/lasso_trace_1.txt,TERMINATING,1.91,45.80,5.00,TERMINATING,5,1,6,Affine template / Affine template
CP26_BENCHMARK_FINAL/BENCHMARK_SIMPLE_C_BPL/TERM_LASSO//lasso_traces_LeUserDefRec_true.c/lasso_trace_1.txt,TERMINATING,1.84,57.15,7.00,TERMINATING,8,3,11,Affine template / Affine template
CP26_BENCHMARK_FINAL/BENCHMARK_SIMPLE_C_BPL/TERM_LASSO//lasso_traces_LeUserDefRec_true-termination.c/lasso_trace_1.txt,TERMINATING,1.83,62.78,8.00,TERMINATING,8,3,11,Affine template / Affine template
CP26_BENCHMARK_FINAL/BENCHMARK_SIMPLE_C_BPL/TERM_LASSO//lasso_traces_LexIndexValue-Array_true-termination.c/lasso_trace_1.txt,TERMINATING,2.13,73.58,10.00,TERMINATING,5,3,8,Affine template / Affine template
CP26_BENCHMARK_FINAL/BENCHMARK_SIMPLE_C_BPL/TERM_LASSO//lasso_traces_LexIndexValue-Array_true-termination.c/lasso_trace_10.txt,TERMINATING,0.59,82.26,34.00,TERMINATING,30,5,35,Affine template / Affine template
CP26_BENCHMARK_FINAL/BENCHMARK_SIMPLE_C_BPL/TERM_LASSO//lasso_traces_LexIndexValue-Array_true-termination.c/lasso_trace_11.txt,TERMINATING,0.43,82.21,33.00,TERMINATING,33,5,38,Affine template / Affine template
CP26_BENCHMARK_FINAL/BENCHMARK_SIMPLE_C_BPL/TERM_LASSO//lasso_traces_LexIndexValue-Array_true-termination.c/lasso_trace_12.txt,TERMINATING,0.55,79.58,40.00,TERMINATING,36,5,41,Affine template / Affine template
CP26_BENCHMARK_FINAL/BENCHMARK_SIMPLE_C_BPL/TERM_LASSO//lasso_traces_LexIndexValue-Array_true-termination.c/lasso_trace_13.txt,TERMINATING,0.49,82.55,35.00,TERMINATING,39,5,44,Affine template / Affine template
CP26_BENCHMARK_FINAL/BENCHMARK_SIMPLE_C_BPL/TERM_LASSO//lasso_traces_LexIndexValue-Array_true-termination.c/lasso_trace_14.txt,TERMINATING,0.61,89.35,35.00,TERMINATING,42,5,47,Affine template / Affine template
CP26_BENCHMARK_FINAL/BENCHMARK_SIMPLE_C_BPL/TERM_LASSO//lasso_traces_LexIndexValue-Array_true-termination.c/lasso_trace_15.txt,TERMINATING,0.60,75.60,40.00,TERMINATING,45,5,50,Affine template / Affine template
CP26_BENCHMARK_FINAL/BENCHMARK_SIMPLE_C_BPL/TERM_LASSO//lasso_traces_LexIndexValue-Array_true-termination.c/lasso_trace_16.txt,TERMINATING,0.58,91.04,48.00,TERMINATING,48,5,53,Affine template / Affine template
CP26_BENCHMARK_FINAL/BENCHMARK_SIMPLE_C_BPL/TERM_LASSO//lasso_traces_LexIndexValue-Array_true-termination.c/lasso_trace_17.txt,TERMINATING,0.63,79.83,48.00,TERMINATING,51,5,56,Affine template / Affine template
CP26_BENCHMARK_FINAL/BENCHMARK_SIMPLE_C_BPL/TERM_LASSO//lasso_traces_LexIndexValue-Array_true-termination.c/lasso_trace_18.txt,TERMINATING,0.62,84.54,52.00,TERMINATING,54,5,59,Affine template / Affine template
CP26_BENCHMARK_FINAL/BENCHMARK_SIMPLE_C_BPL/TERM_LASSO//lasso_traces_LexIndexValue-Array_true-termination.c/lasso_trace_19.txt,TERMINATING,0.62,86.51,49.00,TERMINATING,57,5,62,Affine template / Affine template
CP26_BENCHMARK_FINAL/BENCHMARK_SIMPLE_C_BPL/TERM_LASSO//lasso_traces_LexIndexValue-Array_true-termination.c/lasso_trace_2.txt,TERMINATING,0.61,57.56,17.00,TERMINATING,6,5,11,Affine template / Affine template
CP26_BENCHMARK_FINAL/BENCHMARK_SIMPLE_C_BPL/TERM_LASSO//lasso_traces_LexIndexValue-Array_true-termination.c/lasso_trace_20.txt,TERMINATING,0.70,98.52,51.00,TERMINATING,60,5,65,Affine template / Affine template
CP26_BENCHMARK_FINAL/BENCHMARK_SIMPLE_C_BPL/TERM_LASSO//lasso_traces_LexIndexValue-Array_true-termination.c/lasso_trace_21.txt,TERMINATING,0.68,101.37,54.00,TERMINATING,63,5,68,Affine template / Affine template
CP26_BENCHMARK_FINAL/BENCHMARK_SIMPLE_C_BPL/TERM_LASSO//lasso_traces_LexIndexValue-Array_true-termination.c/lasso_trace_22.txt,TERMINATING,0.67,92.25,56.00,TERMINATING,66,5,71,Affine template / Affine template
CP26_BENCHMARK_FINAL/BENCHMARK_SIMPLE_C_BPL/TERM_LASSO//lasso_traces_LexIndexValue-Array_true-termination.c/lasso_trace_23.txt,TERMINATING,0.51,114.82,60.00,TERMINATING,69,5,74,Affine template / Affine template
CP26_BENCHMARK_FINAL/BENCHMARK_SIMPLE_C_BPL/TERM_LASSO//lasso_traces_LexIndexValue-Array_true-termination.c/lasso_trace_24.txt,TERMINATING,0.62,95.16,61.00,TERMINATING,72,5,77,Affine template / Affine template
CP26_BENCHMARK_FINAL/BENCHMARK_SIMPLE_C_BPL/TERM_LASSO//lasso_traces_LexIndexValue-Array_true-termination.c/lasso_trace_25.txt,TERMINATING,0.77,104.63,69.00,TERMINATING,75,5,80,Affine template / Affine template
CP26_BENCHMARK_FINAL/BENCHMARK_SIMPLE_C_BPL/TERM_LASSO//lasso_traces_LexIndexValue-Array_true-termination.c/lasso_trace_26.txt,TERMINATING,0.74,109.76,72.00,TERMINATING,78,5,83,Affine template / Affine template
CP26_BENCHMARK_FINAL/BENCHMARK_SIMPLE_C_BPL/TERM_LASSO//lasso_traces_LexIndexValue-Array_true-termination.c/lasso_trace_27.txt,TERMINATING,0.61,103.31,72.00,TERMINATING,81,5,86,Affine template / Affine template
CP26_BENCHMARK_FINAL/BENCHMARK_SIMPLE_C_BPL/TERM_LASSO//lasso_traces_LexIndexValue-Array_true-termination.c/lasso_trace_28.txt,TERMINATING,0.92,155.15,75.00,TERMINATING,84,5,89,Affine template / Affine template
CP26_BENCHMARK_FINAL/BENCHMARK_SIMPLE_C_BPL/TERM_LASSO//lasso_traces_LexIndexValue-Array_true-termination.c/lasso_trace_29.txt,TERMINATING,0.68,172.96,79.00,TERMINATING,87,5,92,Affine template / Affine template
CP26_BENCHMARK_FINAL/BENCHMARK_SIMPLE_C_BPL/TERM_LASSO//lasso_traces_LexIndexValue-Array_true-termination.c/lasso_trace_3.txt,TERMINATING,0.46,65.04,21.00,TERMINATING,9,5,14,Affine template / Affine template
CP26_BENCHMARK_FINAL/BENCHMARK_SIMPLE_C_BPL/TERM_LASSO//lasso_traces_LexIndexValue-Array_true-termination.c/lasso_trace_30.txt,TERMINATING,1.22,101.17,81.00,TERMINATING,90,5,95,Affine template / Affine template
CP26_BENCHMARK_FINAL/BENCHMARK_SIMPLE_C_BPL/TERM_LASSO//lasso_traces_LexIndexValue-Array_true-termination.c/lasso_trace_31.txt,TERMINATING,0.81,109.31,83.00,TERMINATING,93,5,98,Affine template / Affine template
CP26_BENCHMARK_FINAL/BENCHMARK_SIMPLE_C_BPL/TERM_LASSO//lasso_traces_LexIndexValue-Array_true-termination.c/lasso_trace_32.txt,TERMINATING,0.80,103.15,90.00,TERMINATING,96,5,101,Affine template / Affine template
CP26_BENCHMARK_FINAL/BENCHMARK_SIMPLE_C_BPL/TERM_LASSO//lasso_traces_LexIndexValue-Array_true-termination.c/lasso_trace_33.txt,TERMINATING,1.05,114.15,87.00,TERMINATING,99,5,104,Affine template / Affine template
CP26_BENCHMARK_FINAL/BENCHMARK_SIMPLE_C_BPL/TERM_LASSO//lasso_traces_LexIndexValue-Array_true-termination.c/lasso_trace_34.txt,TERMINATING,0.81,125.22,95.00,TERMINATING,102,5,107,Affine template / Affine template
CP26_BENCHMARK_FINAL/BENCHMARK_SIMPLE_C_BPL/TERM_LASSO//lasso_traces_LexIndexValue-Array_true-termination.c/lasso_trace_35.txt,TERMINATING,0.82,115.58,101.00,TERMINATING,105,5,110,Affine template / Affine template
CP26_BENCHMARK_FINAL/BENCHMARK_SIMPLE_C_BPL/TERM_LASSO//lasso_traces_LexIndexValue-Array_true-termination.c/lasso_trace_36.txt,TERMINATING,0.85,144.04,103.00,TERMINATING,108,5,113,Affine template / Affine template
CP26_BENCHMARK_FINAL/BENCHMARK_SIMPLE_C_BPL/TERM_LASSO//lasso_traces_LexIndexValue-Array_true-termination.c/lasso_trace_37.txt,TERMINATING,0.86,125.64,101.00,TERMINATING,111,5,116,Affine template / Affine template
CP26_BENCHMARK_FINAL/BENCHMARK_SIMPLE_C_BPL/TERM_LASSO//lasso_traces_LexIndexValue-Array_true-termination.c/lasso_trace_38.txt,TERMINATING,0.89,128.40,107.00,TERMINATING,114,5,119,Affine template / Affine template
CP26_BENCHMARK_FINAL/BENCHMARK_SIMPLE_C_BPL/TERM_LASSO//lasso_traces_LexIndexValue-Array_true-termination.c/lasso_trace_39.txt,TERMINATING,0.82,142.11,106.00,TERMINATING,117,5,122,Affine template / Affine template
CP26_BENCHMARK_FINAL/BENCHMARK_SIMPLE_C_BPL/TERM_LASSO//lasso_traces_LexIndexValue-Array_true-termination.c/lasso_trace_4.txt,TERMINATING,0.52,59.67,19.00,TERMINATING,12,5,17,Affine template / Affine template
CP26_BENCHMARK_FINAL/BENCHMARK_SIMPLE_C_BPL/TERM_LASSO//lasso_traces_LexIndexValue-Array_true-termination.c/lasso_trace_40.txt,TERMINATING,0.85,131.79,108.00,TERMINATING,120,5,125,Affine template / Affine template
CP26_BENCHMARK_FINAL/BENCHMARK_SIMPLE_C_BPL/TERM_LASSO//lasso_traces_LexIndexValue-Array_true-termination.c/lasso_trace_41.txt,TERMINATING,0.85,133.28,127.00,TERMINATING,123,5,128,Affine template / Affine template
CP26_BENCHMARK_FINAL/BENCHMARK_SIMPLE_C_BPL/TERM_LASSO//lasso_traces_LexIndexValue-Array_true-termination.c/lasso_trace_5.txt,TERMINATING,0.52,54.35,27.00,TERMINATING,15,5,20,Affine template / Affine template
CP26_BENCHMARK_FINAL/BENCHMARK_SIMPLE_C_BPL/TERM_LASSO//lasso_traces_LexIndexValue-Array_true-termination.c/lasso_trace_6.txt,TERMINATING,0.56,63.74,25.00,TERMINATING,18,5,23,Affine template / Affine template
CP26_BENCHMARK_FINAL/BENCHMARK_SIMPLE_C_BPL/TERM_LASSO//lasso_traces_LexIndexValue-Array_true-termination.c/lasso_trace_7.txt,TERMINATING,0.53,65.77,23.00,TERMINATING,21,5,26,Affine template / Affine template
CP26_BENCHMARK_FINAL/BENCHMARK_SIMPLE_C_BPL/TERM_LASSO//lasso_traces_LexIndexValue-Array_true-termination.c/lasso_trace_8.txt,TERMINATING,0.56,58.84,26.00,TERMINATING,24,5,29,Affine template / Affine template
CP26_BENCHMARK_FINAL/BENCHMARK_SIMPLE_C_BPL/TERM_LASSO//lasso_traces_LexIndexValue-Array_true-termination.c/lasso_trace_9.txt,TERMINATING,0.55,64.55,32.00,TERMINATING,27,5,32,Affine template / Affine template
CP26_BENCHMARK_FINAL/BENCHMARK_SIMPLE_C_BPL/TERM_LASSO//lasso_traces_LexIndexValue-Pointer_true-termination.c/lasso_trace_2.txt,TERMINATING,1.93,88.38,23.00,TERMINATING,5,5,10,Affine template / Affine template
CP26_BENCHMARK_FINAL/BENCHMARK_SIMPLE_C_BPL/TERM_LASSO//lasso_traces_LexIndexValue-Pointer_true-termination.c/lasso_trace_3.txt,TERMINATING,0.66,2045.16,74.00,UNKNOWN,6,7,13,2 template
CP26_BENCHMARK_FINAL/BENCHMARK_SIMPLE_C_BPL/TERM_LASSO//lasso_traces_LexIndexValue-Pointer_true-termination.c/lasso_trace_4.txt,TERMINATING,0.49,2231.26,76.00,UNKNOWN,11,7,18,2 template
CP26_BENCHMARK_FINAL/BENCHMARK_SIMPLE_C_BPL/TERM_LASSO//lasso_traces_LexIndexValue-Pointer_true-termination.c/lasso_trace_5.txt,TERMINATING,0.48,2297.52,80.00,UNKNOWN,16,7,23,2 template
CP26_BENCHMARK_FINAL/BENCHMARK_SIMPLE_C_BPL/TERM_LASSO//lasso_traces_lis-alloca_true-termination.c/lasso_trace_1.txt,TERMINATING,2.80,94.65,50.00,UNKNOWN,7,3,10,Affine template
CP26_BENCHMARK_FINAL/BENCHMARK_SIMPLE_C_BPL/TERM_LASSO//lasso_traces_lis.c/lasso_trace_1.txt,TERMINATING,2.61,112.78,38.00,TERMINATING,1,3,4,Affine template / Affine template
CP26_BENCHMARK_FINAL/BENCHMARK_SIMPLE_C_BPL/TERM_LASSO//lasso_traces_Lobnya-Boolean-Reordered_true-termination.c/lasso_trace_1.txt,TERMINATING,0.49,2519.39,31.00,TERMINATING,6,1,7,2 template / Affine template
CP26_BENCHMARK_FINAL/BENCHMARK_SIMPLE_C_BPL/TERM_LASSO//lasso_traces_LogAG.c/lasso_trace_1.txt,TERMINATING,1.94,57.60,10.00,TERMINATING,5,2,7,Affine template / Affine template
CP26_BENCHMARK_FINAL/BENCHMARK_SIMPLE_C_BPL/TERM_LASSO//lasso_traces_LogAG.c/lasso_trace_2.txt,TERMINATING,0.39,47.84,10.00,TERMINATING,6,1,7,Affine template / Affine template
CP26_BENCHMARK_FINAL/BENCHMARK_SIMPLE_C_BPL/TERM_LASSO//lasso_traces_Log.c/lasso_trace_2.txt,TERMINATING,1.77,62.03,11.00,TERMINATING,5,3,8,Affine template / Affine template
CP26_BENCHMARK_FINAL/BENCHMARK_SIMPLE_C_BPL/TERM_LASSO//lasso_traces_Log.c/lasso_trace_3.txt,TERMINATING,0.36,41.93,11.00,TERMINATING,6,1,7,Affine template / Affine template
CP26_BENCHMARK_FINAL/BENCHMARK_SIMPLE_C_BPL/TERM_LASSO//lasso_traces_long_while.c/lasso_trace_1.txt,TERMINATING,2.51,47.15,5.00,TERMINATING,5,1,6,Affine template / Affine template
CP26_BENCHMARK_FINAL/BENCHMARK_SIMPLE_C_BPL/TERM_LASSO//lasso_traces_loop3.t2.c/lasso_trace_1.txt,TERMINATING,1.83,53.23,8.00,TERMINATING,24,13,37,Affine template / Affine template
CP26_BENCHMARK_FINAL/BENCHMARK_SIMPLE_C_BPL/TERM_LASSO//lasso_traces_loop3.t2.c/lasso_trace_12.txt,TERMINATING,0.29,47.67,11.00,TERMINATING,456,13,469,Affine template / Affine template
CP26_BENCHMARK_FINAL/BENCHMARK_SIMPLE_C_BPL/TERM_LASSO//lasso_traces_loop3.t2.c/lasso_trace_13.txt,TERMINATING,0.33,61.07,11.00,TERMINATING,491,13,504,Affine template / Affine template
CP26_BENCHMARK_FINAL/BENCHMARK_SIMPLE_C_BPL/TERM_LASSO//lasso_traces_loop3.t2.c/lasso_trace_16.txt,TERMINATING,0.30,53.09,10.00,TERMINATING,674,13,687,Affine template / Affine template
CP26_BENCHMARK_FINAL/BENCHMARK_SIMPLE_C_BPL/TERM_LASSO//lasso_traces_loop3.t2.c/lasso_trace_17.txt,TERMINATING,0.36,52.49,9.00,TERMINATING,735,13,748,Affine template / Affine template
CP26_BENCHMARK_FINAL/BENCHMARK_SIMPLE_C_BPL/TERM_LASSO//lasso_traces_loop3.t2.c/lasso_trace_20.txt,TERMINATING,0.25,57.99,16.00,TERMINATING,996,13,1009,Affine template / Affine template
CP26_BENCHMARK_FINAL/BENCHMARK_SIMPLE_C_BPL/TERM_LASSO//lasso_traces_loop3.t2.c/lasso_trace_21.txt,TERMINATING,0.28,66.60,13.00,TERMINATING,1083,13,1096,Affine template / Affine template
CP26_BENCHMARK_FINAL/BENCHMARK_SIMPLE_C_BPL/TERM_LASSO//lasso_traces_loop3.t2.c/lasso_trace_6.txt,TERMINATING,0.32,47.78,9.00,TERMINATING,285,13,298,Affine template / Affine template
CP26_BENCHMARK_FINAL/BENCHMARK_SIMPLE_C_BPL/TERM_LASSO//lasso_traces_loop3.t2.c/lasso_trace_7.txt,TERMINATING,0.27,44.24,10.00,TERMINATING,307,13,320,Affine template / Affine template
CP26_BENCHMARK_FINAL/BENCHMARK_SIMPLE_C_BPL/TERM_LASSO//lasso_traces_loop3.t2.c/lasso_trace_8.txt,TERMINATING,0.25,49.41,8.00,TERMINATING,342,13,355,Affine template / Affine template
CP26_BENCHMARK_FINAL/BENCHMARK_SIMPLE_C_BPL/TERM_LASSO//lasso_traces_loop3.t2.c/lasso_trace_9.txt,TERMINATING,0.44,47.27,10.00,TERMINATING,356,13,369,Affine template / Affine template
CP26_BENCHMARK_FINAL/BENCHMARK_SIMPLE_C_BPL/TERM_LASSO//lasso_traces_loop_as_goto.c/lasso_trace_1.txt,TERMINATING,1.72,42.12,5.00,TERMINATING,5,1,6,Affine template / Affine template
CP26_BENCHMARK_FINAL/BENCHMARK_SIMPLE_C_BPL/TERM_LASSO//lasso_traces_loop_on_input.t2.c/lasso_trace_1.txt,TERMINATING,1.56,49.32,5.00,TERMINATING,20,18,38,Affine template / Affine template
CP26_BENCHMARK_FINAL/BENCHMARK_SIMPLE_C_BPL/TERM_LASSO//lasso_traces_loop_on_input.t2.c/lasso_trace_2.txt,TERMINATING,0.92,77.94,18.00,TERMINATING,23,22,45,Affine template / Affine template
CP26_BENCHMARK_FINAL/BENCHMARK_SIMPLE_C_BPL/TERM_LASSO//lasso_traces_Loops.c/lasso_trace_1.txt,TERMINATING,1.90,50.47,6.00,TERMINATING,5,1,6,Affine template / Affine template
CP26_BENCHMARK_FINAL/BENCHMARK_SIMPLE_C_BPL/TERM_LASSO//lasso_traces_ludcmp.c.i.ludcmp.pl.t2.fixed.t2.c/lasso_trace_11.txt,TERMINATING,0.39,50.60,21.00,TERMINATING,156,91,247,Affine template / Affine template
CP26_BENCHMARK_FINAL/BENCHMARK_SIMPLE_C_BPL/TERM_LASSO//lasso_traces_ludcmp.c.i.ludcmp.pl.t2.fixed.t2.c/lasso_trace_3.txt,TERMINATING,1.80,74.16,10.00,TERMINATING,56,40,96,Affine template / Affine template
CP26_BENCHMARK_FINAL/BENCHMARK_SIMPLE_C_BPL/TERM_LASSO//lasso_traces_ludcmp.c.i.ludcmp.pl.t2.fixed.t2.c/lasso_trace_5.txt,TERMINATING,0.50,103.85,34.00,TERMINATING,94,26,120,Affine template / Affine template
CP26_BENCHMARK_FINAL/BENCHMARK_SIMPLE_C_BPL/TERM_LASSO//lasso_traces_ludcmp.c.i.ludcmp.pl.t2.fixed.t2.c/lasso_trace_6.txt,TERMINATING,0.37,48.53,14.00,TERMINATING,95,40,135,Affine template / Affine template
CP26_BENCHMARK_FINAL/BENCHMARK_SIMPLE_C_BPL/TERM_LASSO//lasso_traces_ludcmp.c.i.ludcmp.pl.t2.fixed.t2.c/lasso_trace_8.txt,TERMINATING,0.32,51.03,10.00,TERMINATING,105,17,122,Affine template / Affine template
CP26_BENCHMARK_FINAL/BENCHMARK_SIMPLE_C_BPL/TERM_LASSO//lasso_traces_ludcmp.c.i.ludcmp.pl.t2.fixed.t2.c/lasso_trace_9.txt,TERMINATING,0.33,59.40,10.00,TERMINATING,109,17,126,Affine template / Affine template
CP26_BENCHMARK_FINAL/BENCHMARK_SIMPLE_C_BPL/TERM_LASSO//lasso_traces_ludcmp.c.i.ludcmp.pl.t2.nor.t2.rlgfixed.t2.c/lasso_trace_11.txt,TERMINATING,0.48,53.15,18.00,TERMINATING,156,91,247,Affine template / Affine template
CP26_BENCHMARK_FINAL/BENCHMARK_SIMPLE_C_BPL/TERM_LASSO//lasso_traces_ludcmp.c.i.ludcmp.pl.t2.nor.t2.rlgfixed.t2.c/lasso_trace_3.txt,TERMINATING,2.13,77.15,10.00,TERMINATING,56,40,96,Affine template / Affine template
CP26_BENCHMARK_FINAL/BENCHMARK_SIMPLE_C_BPL/TERM_LASSO//lasso_traces_ludcmp.c.i.ludcmp.pl.t2.nor.t2.rlgfixed.t2.c/lasso_trace_5.txt,TERMINATING,0.45,121.19,36.00,TERMINATING,94,26,120,Affine template / Affine template
CP26_BENCHMARK_FINAL/BENCHMARK_SIMPLE_C_BPL/TERM_LASSO//lasso_traces_ludcmp.c.i.ludcmp.pl.t2.nor.t2.rlgfixed.t2.c/lasso_trace_6.txt,TERMINATING,0.47,48.37,14.00,TERMINATING,95,40,135,Affine template / Affine template
CP26_BENCHMARK_FINAL/BENCHMARK_SIMPLE_C_BPL/TERM_LASSO//lasso_traces_ludcmp.c.i.ludcmp.pl.t2.nor.t2.rlgfixed.t2.c/lasso_trace_8.txt,TERMINATING,0.36,49.75,9.00,TERMINATING,105,17,122,Affine template / Affine template
CP26_BENCHMARK_FINAL/BENCHMARK_SIMPLE_C_BPL/TERM_LASSO//lasso_traces_ludcmp.c.i.ludcmp.pl.t2.nor.t2.rlgfixed.t2.c/lasso_trace_9.txt,TERMINATING,0.29,50.43,10.00,TERMINATING,109,17,126,Affine template / Affine template
CP26_BENCHMARK_FINAL/BENCHMARK_SIMPLE_C_BPL/TERM_LASSO//lasso_traces_ludcmp.t2.c/lasso_trace_3.txt,TERMINATING,1.76,60.35,10.00,TERMINATING,56,40,96,Affine template / Affine template
CP26_BENCHMARK_FINAL/BENCHMARK_SIMPLE_C_BPL/TERM_LASSO//lasso_traces_ludcmp.t2.c/lasso_trace_4.txt,TERMINATING,0.46,63.83,12.00,TERMINATING,65,55,120,Affine template / Affine template
CP26_BENCHMARK_FINAL/BENCHMARK_SIMPLE_C_BPL/TERM_LASSO//lasso_traces_ludcmp.t2.c/lasso_trace_5.txt,TERMINATING,0.38,47.39,11.00,TERMINATING,69,26,95,Affine template / Affine template
CP26_BENCHMARK_FINAL/BENCHMARK_SIMPLE_C_BPL/TERM_LASSO//lasso_traces_ludcmp.t2.c/lasso_trace_7.txt,TERMINATING,0.36,44.49,10.00,TERMINATING,105,17,122,Affine template / Affine template
CP26_BENCHMARK_FINAL/BENCHMARK_SIMPLE_C_BPL/TERM_LASSO//lasso_traces_ludcmp.t2.c/lasso_trace_8.txt,TERMINATING,0.36,46.93,9.00,TERMINATING,109,17,126,Affine template / Affine template
CP26_BENCHMARK_FINAL/BENCHMARK_SIMPLE_C_BPL/TERM_LASSO//lasso_traces_Luxembourg.c/lasso_trace_1.txt,TERMINATING,1.90,52.64,5.00,TERMINATING,5,2,7,Affine template / Affine template
CP26_BENCHMARK_FINAL/BENCHMARK_SIMPLE_C_BPL/TERM_LASSO//lasso_traces_magic.t2.c/lasso_trace_1.txt,TERMINATING,1.52,74.11,11.00,TERMINATING,112,13,125,Affine template / Affine template
CP26_BENCHMARK_FINAL/BENCHMARK_SIMPLE_C_BPL/TERM_LASSO//lasso_traces_magic.t2.c/lasso_trace_17.txt,TERMINATING,0.37,74.52,15.00,TERMINATING,806,17,823,Affine template / Affine template
CP26_BENCHMARK_FINAL/BENCHMARK_SIMPLE_C_BPL/TERM_LASSO//lasso_traces_magic.t2.c/lasso_trace_18.txt,TERMINATING,0.40,79.74,19.00,TERMINATING,906,17,923,Affine template / Affine template
CP26_BENCHMARK_FINAL/BENCHMARK_SIMPLE_C_BPL/TERM_LASSO//lasso_traces_magic.t2.c/lasso_trace_4.txt,TERMINATING,0.51,61.64,11.00,TERMINATING,139,17,156,Affine template / Affine template
CP26_BENCHMARK_FINAL/BENCHMARK_SIMPLE_C_BPL/TERM_LASSO//lasso_traces_mannadiv.c/lasso_trace_1.txt,TERMINATING,2.11,1030.41,94.00,TERMINATING,12,6,18,Affine template / Affine template
CP26_BENCHMARK_FINAL/BENCHMARK_SIMPLE_C_BPL/TERM_LASSO//lasso_traces_Masse-VMCAI2014-Ex6_true-termination.c/lasso_trace_1.txt,TERMINATING,2.43,144.70,15.00,TERMINATING,5,1,6,Affine template / Affine template
CP26_BENCHMARK_FINAL/BENCHMARK_SIMPLE_C_BPL/TERM_LASSO//lasso_traces_Masse-VMCAI2014-Fig1a_true-termination.c/lasso_trace_1.txt,TERMINATING,2.23,194.58,17.00,TERMINATING,5,1,6,Affine template / Affine template
CP26_BENCHMARK_FINAL/BENCHMARK_SIMPLE_C_BPL/TERM_LASSO//lasso_traces_matmul.t2.c/lasso_trace_10.txt,TERMINATING,0.21,34.95,5.00,TERMINATING,124,13,137,Affine template / Affine template
CP26_BENCHMARK_FINAL/BENCHMARK_SIMPLE_C_BPL/TERM_LASSO//lasso_traces_matmul.t2.c/lasso_trace_19.txt,TERMINATING,0.24,38.78,7.00,TERMINATING,468,457,925,Affine template / Affine template
CP26_BENCHMARK_FINAL/BENCHMARK_SIMPLE_C_BPL/TERM_LASSO//lasso_traces_matmul.t2.c/lasso_trace_20.txt,TERMINATING,0.23,38.12,8.00,TERMINATING,481,87,568,Affine template / Affine template
CP26_BENCHMARK_FINAL/BENCHMARK_SIMPLE_C_BPL/TERM_LASSO//lasso_traces_matmul.t2.c/lasso_trace_21.txt,TERMINATING,0.24,38.70,6.00,TERMINATING,494,13,507,Affine template / Affine template
CP26_BENCHMARK_FINAL/BENCHMARK_SIMPLE_C_BPL/TERM_LASSO//lasso_traces_matmul.t2.c/lasso_trace_22.txt,TERMINATING,0.27,41.40,8.00,TERMINATING,581,13,594,Affine template / Affine template
CP26_BENCHMARK_FINAL/BENCHMARK_SIMPLE_C_BPL/TERM_LASSO//lasso_traces_matmul.t2.c/lasso_trace_23.txt,TERMINATING,0.28,39.14,7.00,TERMINATING,938,87,1025,Affine template / Affine template
CP26_BENCHMARK_FINAL/BENCHMARK_SIMPLE_C_BPL/TERM_LASSO//lasso_traces_matmul.t2.c/lasso_trace_6.txt,TERMINATING,1.45,52.88,7.00,TERMINATING,24,87,111,Affine template / Affine template
CP26_BENCHMARK_FINAL/BENCHMARK_SIMPLE_C_BPL/TERM_LASSO//lasso_traces_matmul.t2.c/lasso_trace_8.txt,TERMINATING,0.32,45.63,6.00,TERMINATING,37,13,50,Affine template / Affine template
CP26_BENCHMARK_FINAL/BENCHMARK_SIMPLE_C_BPL/TERM_LASSO//lasso_traces_matmult.t2.c/lasso_trace_21.txt,TERMINATING,1.59,48.55,6.00,TERMINATING,52,362,414,Affine template / Affine template
CP26_BENCHMARK_FINAL/BENCHMARK_SIMPLE_C_BPL/TERM_LASSO//lasso_traces_matmult.t2.c/lasso_trace_26.txt,TERMINATING,0.31,41.16,7.00,TERMINATING,65,17,82,Affine template / Affine template
CP26_BENCHMARK_FINAL/BENCHMARK_SIMPLE_C_BPL/TERM_LASSO//lasso_traces_matmult.t2.c/lasso_trace_45.txt,TERMINATING,0.27,37.39,6.00,TERMINATING,427,17,444,Affine template / Affine template
CP26_BENCHMARK_FINAL/BENCHMARK_SIMPLE_C_BPL/TERM_LASSO//lasso_traces_matrix_chain.c/lasso_trace_1.txt,TERMINATING,2.08,76.71,8.00,TERMINATING,1,2,3,Affine template / Affine template
CP26_BENCHMARK_FINAL/BENCHMARK_SIMPLE_C_BPL/TERM_LASSO//lasso_traces_matrixsqrt.t2.c/lasso_trace_3.txt,TERMINATING,0.36,96.22,27.00,TERMINATING,51,48,99,Affine template / Affine template
CP26_BENCHMARK_FINAL/BENCHMARK_SIMPLE_C_BPL/TERM_LASSO//lasso_traces_mc91.c/lasso_trace_1.txt,TERMINATING,1.67,26.59,5.00,TERMINATING,0,3,3,Affine template / Affine template
CP26_BENCHMARK_FINAL/BENCHMARK_SIMPLE_C_BPL/TERM_LASSO//lasso_traces_mc91.c/lasso_trace_2.txt,TERMINATING,0.44,39.97,6.00,TERMINATING,2,3,5,Affine template / Affine template
CP26_BENCHMARK_FINAL/BENCHMARK_SIMPLE_C_BPL/TERM_LASSO//lasso_traces_mc91.c/lasso_trace_3.txt,TERMINATING,0.40,42.26,9.00,TERMINATING,9,9,18,Affine template / Affine template
CP26_BENCHMARK_FINAL/BENCHMARK_SIMPLE_C_BPL/TERM_LASSO//lasso_traces_mc91.c/lasso_trace_5.txt,TERMINATING,0.30,39.66,7.00,TERMINATING,47,9,56,Affine template / Affine template
CP26_BENCHMARK_FINAL/BENCHMARK_SIMPLE_C_BPL/TERM_LASSO//lasso_traces_mc91.t2.c/lasso_trace_1.txt,TERMINATING,2.33,56.95,9.00,TERMINATING,24,10,34,Affine template / Affine template
CP26_BENCHMARK_FINAL/BENCHMARK_SIMPLE_C_BPL/TERM_LASSO//lasso_traces_mc91.t2.c/lasso_trace_2.txt,TERMINATING,0.47,83.93,27.00,TERMINATING,31,14,45,Affine template / Affine template
CP26_BENCHMARK_FINAL/BENCHMARK_SIMPLE_C_BPL/TERM_LASSO//lasso_traces_mc91.t2.c/lasso_trace_4.txt,TERMINATING,0.24,38.11,8.00,TERMINATING,52,10,62,Affine template / Affine template
CP26_BENCHMARK_FINAL/BENCHMARK_SIMPLE_C_BPL/TERM_LASSO//lasso_traces_mc91.t2.c/lasso_trace_5.txt,TERMINATING,0.29,34.16,7.00,TERMINATING,52,24,76,Affine template / Affine template
CP26_BENCHMARK_FINAL/BENCHMARK_SIMPLE_C_BPL/TERM_LASSO//lasso_traces_mc91.t2.c/lasso_trace_6.txt,TERMINATING,0.37,49.32,8.00,TERMINATING,62,24,86,Affine template / Affine template
CP26_BENCHMARK_FINAL/BENCHMARK_SIMPLE_C_BPL/TERM_LASSO//lasso_traces_mc91.t2.c/lasso_trace_8.txt,TERMINATING,0.30,67.62,24.00,TERMINATING,79,14,93,Affine template / Affine template
CP26_BENCHMARK_FINAL/BENCHMARK_SIMPLE_C_BPL/TERM_LASSO//lasso_traces_mc91test.t2.c/lasso_trace_1.txt,TERMINATING,2.08,70.60,16.00,TERMINATING,36,15,51,Affine template / Affine template
CP26_BENCHMARK_FINAL/BENCHMARK_SIMPLE_C_BPL/TERM_LASSO//lasso_traces_mc91test.t2.c/lasso_trace_10.txt,TERMINATING,0.29,39.96,11.00,TERMINATING,116,122,238,Affine template / Affine template
CP26_BENCHMARK_FINAL/BENCHMARK_SIMPLE_C_BPL/TERM_LASSO//lasso_traces_mc91test.t2.c/lasso_trace_2.txt,TERMINATING,0.49,53.89,16.00,TERMINATING,48,19,67,Affine template / Affine template
CP26_BENCHMARK_FINAL/BENCHMARK_SIMPLE_C_BPL/TERM_LASSO//lasso_traces_mc91test.t2.c/lasso_trace_5.txt,TERMINATING,0.42,106.59,30.00,TERMINATING,70,26,96,Affine template / Affine template
CP26_BENCHMARK_FINAL/BENCHMARK_SIMPLE_C_BPL/TERM_LASSO//lasso_traces_mc91test.t2.c/lasso_trace_7.txt,TERMINATING,0.35,40.70,10.00,TERMINATING,93,48,141,Affine template / Affine template
CP26_BENCHMARK_FINAL/BENCHMARK_SIMPLE_C_BPL/TERM_LASSO//lasso_traces_mc91test.t2.c/lasso_trace_9.txt,TERMINATING,0.28,45.97,10.00,TERMINATING,116,74,190,Affine template / Affine template
CP26_BENCHMARK_FINAL/BENCHMARK_SIMPLE_C_BPL/TERM_LASSO//lasso_traces_McCarthy91.c/lasso_trace_1.txt,TERMINATING,2.00,67.31,7.00,TERMINATING,6,3,9,Affine template / Affine template
CP26_BENCHMARK_FINAL/BENCHMARK_SIMPLE_C_BPL/TERM_LASSO//lasso_traces_McCarthy91.c/lasso_trace_2.txt,TERMINATING,0.49,41.19,8.00,TERMINATING,13,9,22,Affine template / Affine template
CP26_BENCHMARK_FINAL/BENCHMARK_SIMPLE_C_BPL/TERM_LASSO//lasso_traces_McCarthy91.c/lasso_trace_6.txt,TERMINATING,0.29,31.95,6.00,TERMINATING,48,9,57,Affine template / Affine template
CP26_BENCHMARK_FINAL/BENCHMARK_SIMPLE_C_BPL/TERM_LASSO//lasso_traces_McCarthy91_false-unreach-call_false-termination.c/lasso_trace_1.txt,TERMINATING,1.92,50.13,8.00,TERMINATING,6,3,9,Affine template / Affine template
CP26_BENCHMARK_FINAL/BENCHMARK_SIMPLE_C_BPL/TERM_LASSO//lasso_traces_McCarthy91_false-unreach-call_false-termination.c/lasso_trace_2.txt,TERMINATING,0.45,44.62,9.00,TERMINATING,13,9,22,Affine template / Affine template
CP26_BENCHMARK_FINAL/BENCHMARK_SIMPLE_C_BPL/TERM_LASSO//lasso_traces_McCarthy91_false-unreach-call_false-termination.c/lasso_trace_9.txt,TERMINATING,0.32,31.94,7.00,TERMINATING,36,9,45,Affine template / Affine template
CP26_BENCHMARK_FINAL/BENCHMARK_SIMPLE_C_BPL/TERM_LASSO//lasso_traces_McCarthy91_Iteration_true-termination.c/lasso_trace_1.txt,TERMINATING,2.04,127.52,16.00,TERMINATING,5,1,6,Affine template / Affine template
CP26_BENCHMARK_FINAL/BENCHMARK_SIMPLE_C_BPL/TERM_LASSO//lasso_traces_McCarthy91_Recursion_true-termination.c/lasso_trace_1.txt,TERMINATING,2.44,53.54,7.00,TERMINATING,6,3,9,Affine template / Affine template
CP26_BENCHMARK_FINAL/BENCHMARK_SIMPLE_C_BPL/TERM_LASSO//lasso_traces_McCarthy91_Recursion_true-termination.c/lasso_trace_2.txt,TERMINATING,0.50,43.34,8.00,TERMINATING,13,9,22,Affine template / Affine template
CP26_BENCHMARK_FINAL/BENCHMARK_SIMPLE_C_BPL/TERM_LASSO//lasso_traces_McCarthy91_Recursion_true-termination.c/lasso_trace_8.txt,TERMINATING,0.29,30.49,6.00,TERMINATING,36,9,45,Affine template / Affine template
CP26_BENCHMARK_FINAL/BENCHMARK_SIMPLE_C_BPL/TERM_LASSO//lasso_traces_McCarthyIterative.c/lasso_trace_1.txt,TERMINATING,1.90,118.78,16.00,TERMINATING,5,1,6,Affine template / Affine template
CP26_BENCHMARK_FINAL/BENCHMARK_SIMPLE_C_BPL/TERM_LASSO//lasso_traces_MenloPark_true-termination.c/lasso_trace_1.txt,TERMINATING,1.96,85.14,15.00,TERMINATING,5,1,6,Affine template / Affine template
CP26_BENCHMARK_FINAL/BENCHMARK_SIMPLE_C_BPL/TERM_LASSO//lasso_traces_mergesort-recursive.c/lasso_trace_3.txt,TERMINATING,2.18,3031.11,136.00,TERMINATING,0,11,11,Affine template / Affine template
CP26_BENCHMARK_FINAL/BENCHMARK_SIMPLE_C_BPL/TERM_LASSO//lasso_traces_MinusBuiltIn.c/lasso_trace_1.txt,TERMINATING,3.62,60.01,11.00,TERMINATING,5,1,6,Affine template / Affine template
CP26_BENCHMARK_FINAL/BENCHMARK_SIMPLE_C_BPL/TERM_LASSO//lasso_traces_MinusMin.c/lasso_trace_1.txt,TERMINATING,1.95,119.62,28.00,TERMINATING,5,1,6,Affine template / Affine template
CP26_BENCHMARK_FINAL/BENCHMARK_SIMPLE_C_BPL/TERM_LASSO//lasso_traces_MinusUserDefined.c/lasso_trace_1.txt,TERMINATING,2.05,75.60,12.00,TERMINATING,5,1,6,Affine template / Affine template
CP26_BENCHMARK_FINAL/BENCHMARK_SIMPLE_C_BPL/TERM_LASSO//lasso_traces_MinusUserDefined.c/lasso_trace_2.txt,TERMINATING,0.52,54.65,10.00,TERMINATING,6,2,8,Affine template / Affine template
CP26_BENCHMARK_FINAL/BENCHMARK_SIMPLE_C_BPL/TERM_LASSO//lasso_traces_mult_array-alloca_true-termination.c/lasso_trace_1.txt,TERMINATING,2.14,127.83,21.00,TERMINATING,6,2,8,Affine template / Affine template
CP26_BENCHMARK_FINAL/BENCHMARK_SIMPLE_C_BPL/TERM_LASSO//lasso_traces_mult_array-alloca_true-termination.c/lasso_trace_3.txt,TERMINATING,0.99,914.30,165.00,TERMINATING,9,4,13,Affine template / Affine template
CP26_BENCHMARK_FINAL/BENCHMARK_SIMPLE_C_BPL/TERM_LASSO//lasso_traces_MultCommutative_true-termination.c/lasso_trace_4.txt,TERMINATING,0.76,37.69,7.00,TERMINATING,15,4,19,Affine template / Affine template
CP26_BENCHMARK_FINAL/BENCHMARK_SIMPLE_C_BPL/TERM_LASSO//lasso_traces_MultCommutative_true-termination.c/lasso_trace_5.txt,TERMINATING,0.37,34.88,7.00,TERMINATING,8,4,12,Affine template / Affine template
CP26_BENCHMARK_FINAL/BENCHMARK_SIMPLE_C_BPL/TERM_LASSO//lasso_traces_multiply.c/lasso_trace_1.txt,TERMINATING,2.20,66.45,9.00,TERMINATING,1,2,3,Affine template / Affine template
CP26_BENCHMARK_FINAL/BENCHMARK_SIMPLE_C_BPL/TERM_LASSO//lasso_traces_mutual1.c/lasso_trace_1.txt,TERMINATING,1.79,29.00,5.00,TERMINATING,0,5,5,Affine template / Affine template
CP26_BENCHMARK_FINAL/BENCHMARK_SIMPLE_C_BPL/TERM_LASSO//lasso_traces_mutual1.c/lasso_trace_2.txt,TERMINATING,0.30,20.18,4.00,TERMINATING,0,5,5,Affine template / Affine template
CP26_BENCHMARK_FINAL/BENCHMARK_SIMPLE_C_BPL/TERM_LASSO//lasso_traces_mutual2.c/lasso_trace_1.txt,TERMINATING,1.59,24.45,5.00,TERMINATING,0,9,9,Affine template / Affine template
CP26_BENCHMARK_FINAL/BENCHMARK_SIMPLE_C_BPL/TERM_LASSO//lasso_traces_mutual2.c/lasso_trace_2.txt,TERMINATING,0.30,17.91,5.00,TERMINATING,0,9,9,Affine template / Affine template
CP26_BENCHMARK_FINAL/BENCHMARK_SIMPLE_C_BPL/TERM_LASSO//lasso_traces_mutual2.c/lasso_trace_3.txt,TERMINATING,0.25,24.69,5.00,TERMINATING,0,9,9,Affine template / Affine template
CP26_BENCHMARK_FINAL/BENCHMARK_SIMPLE_C_BPL/TERM_LASSO//lasso_traces_mutual2.c/lasso_trace_4.txt,TERMINATING,0.24,16.08,5.00,TERMINATING,0,9,9,Affine template / Affine template
CP26_BENCHMARK_FINAL/BENCHMARK_SIMPLE_C_BPL/TERM_LASSO//lasso_traces_MutualRecursion_1a_false-termination.c/lasso_trace_1.txt,TERMINATING,1.96,55.20,6.00,TERMINATING,6,6,12,Affine template / Affine template
CP26_BENCHMARK_FINAL/BENCHMARK_SIMPLE_C_BPL/TERM_LASSO//lasso_traces_MutualRecursion_1b_true-termination.c/lasso_trace_1.txt,TERMINATING,1.91,63.08,6.00,TERMINATING,6,6,12,Affine template / Affine template
CP26_BENCHMARK_FINAL/BENCHMARK_SIMPLE_C_BPL/TERM_LASSO//lasso_traces_MutualRecursion_1b_true-termination.c/lasso_trace_3.txt,TERMINATING,0.47,42.06,9.00,TERMINATING,28,24,52,Affine template / Affine template
CP26_BENCHMARK_FINAL/BENCHMARK_SIMPLE_C_BPL/TERM_LASSO//lasso_traces_Mysore_true-termination.c/lasso_trace_1.txt,TERMINATING,2.03,73.86,11.00,TERMINATING,6,1,7,Affine template / Affine template
CP26_BENCHMARK_FINAL/BENCHMARK_SIMPLE_C_BPL/TERM_LASSO//lasso_traces_n-15a.t2.c/lasso_trace_1.txt,TERMINATING,1.82,49.31,5.00,TERMINATING,20,18,38,Affine template / Affine template
CP26_BENCHMARK_FINAL/BENCHMARK_SIMPLE_C_BPL/TERM_LASSO//lasso_traces_n-17.t2.c/lasso_trace_1.txt,TERMINATING,1.86,46.96,5.00,TERMINATING,16,9,25,Affine template / Affine template
CP26_BENCHMARK_FINAL/BENCHMARK_SIMPLE_C_BPL/TERM_LASSO//lasso_traces_n-40.t2.c/lasso_trace_2.txt,TERMINATING,1.97,62.65,7.00,TERMINATING,24,27,51,Affine template / Affine template
CP26_BENCHMARK_FINAL/BENCHMARK_SIMPLE_C_BPL/TERM_LASSO//lasso_traces_n-40.t2.c/lasso_trace_3.txt,TERMINATING,0.53,42.68,10.00,TERMINATING,28,28,56,Affine template / Affine template
CP26_BENCHMARK_FINAL/BENCHMARK_SIMPLE_C_BPL/TERM_LASSO//lasso_traces_n-40.t2.c/lasso_trace_4.txt,TERMINATING,0.31,37.47,9.00,TERMINATING,36,31,67,Affine template / Affine template
CP26_BENCHMARK_FINAL/BENCHMARK_SIMPLE_C_BPL/TERM_LASSO//lasso_traces_n-4.t2.c/lasso_trace_1.txt,TERMINATING,3.29,56.75,9.00,TERMINATING,32,18,50,Affine template / Affine template
CP26_BENCHMARK_FINAL/BENCHMARK_SIMPLE_C_BPL/TERM_LASSO//lasso_traces_n-5.t2.c/lasso_trace_1.txt,TERMINATING,1.75,77.04,11.00,TERMINATING,68,18,86,Affine template / Affine template
CP26_BENCHMARK_FINAL/BENCHMARK_SIMPLE_C_BPL/TERM_LASSO//lasso_traces_n-6a.t2.c/lasso_trace_1.txt,TERMINATING,1.79,65.71,8.00,TERMINATING,28,19,47,Affine template / Affine template
CP26_BENCHMARK_FINAL/BENCHMARK_SIMPLE_C_BPL/TERM_LASSO//lasso_traces_nakata.t2.c/lasso_trace_1.txt,TERMINATING,1.81,72.59,10.00,TERMINATING,74,29,103,Affine template / Affine template
CP26_BENCHMARK_FINAL/BENCHMARK_SIMPLE_C_BPL/TERM_LASSO//lasso_traces_nakata.t2.c/lasso_trace_15.txt,TERMINATING,0.33,55.73,14.00,TERMINATING,375,29,404,Affine template / Affine template
CP26_BENCHMARK_FINAL/BENCHMARK_SIMPLE_C_BPL/TERM_LASSO//lasso_traces_nakata.t2.c/lasso_trace_16.txt,TERMINATING,0.41,157.01,47.00,TERMINATING,385,43,428,Affine template / Affine template
CP26_BENCHMARK_FINAL/BENCHMARK_SIMPLE_C_BPL/TERM_LASSO//lasso_traces_nakata.t2.c/lasso_trace_18.txt,TERMINATING,0.49,142.25,59.00,TERMINATING,526,119,645,Affine template / Affine template
CP26_BENCHMARK_FINAL/BENCHMARK_SIMPLE_C_BPL/TERM_LASSO//lasso_traces_nakata.t2.c/lasso_trace_20.txt,TERMINATING,0.55,283.76,75.00,TERMINATING,460,479,939,Affine template / Affine template
CP26_BENCHMARK_FINAL/BENCHMARK_SIMPLE_C_BPL/TERM_LASSO//lasso_traces_nakata.t2.c/lasso_trace_21.txt,TERMINATING,0.41,199.81,82.00,TERMINATING,460,528,988,Affine template / Affine template
CP26_BENCHMARK_FINAL/BENCHMARK_SIMPLE_C_BPL/TERM_LASSO//lasso_traces_nakata.t2.c/lasso_trace_22.txt,TERMINATING,0.51,152.17,63.00,TERMINATING,499,453,952,Affine template / Affine template
CP26_BENCHMARK_FINAL/BENCHMARK_SIMPLE_C_BPL/TERM_LASSO//lasso_traces_nakata.t2.c/lasso_trace_3.txt,TERMINATING,0.38,63.73,13.00,TERMINATING,106,43,149,Affine template / Affine template
CP26_BENCHMARK_FINAL/BENCHMARK_SIMPLE_C_BPL/TERM_LASSO//lasso_traces_nakata.t2.c/lasso_trace_5.txt,TERMINATING,0.40,127.69,45.00,TERMINATING,115,57,172,Affine template / Affine template
CP26_BENCHMARK_FINAL/BENCHMARK_SIMPLE_C_BPL/TERM_LASSO//lasso_traces_nakata.t2.c/lasso_trace_9.txt,TERMINATING,0.38,159.74,54.00,TERMINATING,228,119,347,Affine template / Affine template
CP26_BENCHMARK_FINAL/BENCHMARK_SIMPLE_C_BPL/TERM_LASSO//lasso_traces_nakata_withassume.t2.c/lasso_trace_1.txt,TERMINATING,1.62,65.37,11.00,TERMINATING,74,34,108,Affine template / Affine template
CP26_BENCHMARK_FINAL/BENCHMARK_SIMPLE_C_BPL/TERM_LASSO//lasso_traces_nakata_withassume.t2.c/lasso_trace_13.txt,TERMINATING,0.37,67.93,25.00,TERMINATING,317,124,441,Affine template / Affine template
CP26_BENCHMARK_FINAL/BENCHMARK_SIMPLE_C_BPL/TERM_LASSO//lasso_traces_nakata_withassume.t2.c/lasso_trace_14.txt,TERMINATING,0.62,137.99,41.00,TERMINATING,372,34,406,Affine template / Affine template
CP26_BENCHMARK_FINAL/BENCHMARK_SIMPLE_C_BPL/TERM_LASSO//lasso_traces_nakata_withassume.t2.c/lasso_trace_15.txt,TERMINATING,0.55,164.40,45.00,TERMINATING,400,48,448,Affine template / Affine template
CP26_BENCHMARK_FINAL/BENCHMARK_SIMPLE_C_BPL/TERM_LASSO//lasso_traces_nakata_withassume.t2.c/lasso_trace_16.txt,TERMINATING,0.48,166.29,71.00,TERMINATING,481,124,605,Affine template / Affine template
CP26_BENCHMARK_FINAL/BENCHMARK_SIMPLE_C_BPL/TERM_LASSO//lasso_traces_nakata_withassume.t2.c/lasso_trace_2.txt,TERMINATING,0.42,133.38,35.00,TERMINATING,77,48,125,Affine template / Affine template
CP26_BENCHMARK_FINAL/BENCHMARK_SIMPLE_C_BPL/TERM_LASSO//lasso_traces_ndes.t2.c/lasso_trace_1.txt,TERMINATING,1.73,146.63,20.00,TERMINATING,470,55,525,Affine template / Affine template
CP26_BENCHMARK_FINAL/BENCHMARK_SIMPLE_C_BPL/TERM_LASSO//lasso_traces_ndes.t2.c/lasso_trace_2.txt,TERMINATING,0.76,94.62,16.00,TERMINATING,469,17,486,Affine template / Affine template
CP26_BENCHMARK_FINAL/BENCHMARK_SIMPLE_C_BPL/TERM_LASSO//lasso_traces_ndes.t2.c/lasso_trace_9.txt,TERMINATING,0.58,112.09,21.00,TERMINATING,482,55,537,Affine template / Affine template
CP26_BENCHMARK_FINAL/BENCHMARK_SIMPLE_C_BPL/TERM_LASSO//lasso_traces_neg-1394complete-fail.t2.c/lasso_trace_1.txt,TERMINATING,1.67,100.56,10.00,TERMINATING,301,18,319,Affine template / Affine template
CP26_BENCHMARK_FINAL/BENCHMARK_SIMPLE_C_BPL/TERM_LASSO//lasso_traces_neg-1394complete-fail.t2.c/lasso_trace_2.txt,TERMINATING,0.53,89.08,14.00,TERMINATING,318,53,371,Affine template / Affine template
CP26_BENCHMARK_FINAL/BENCHMARK_SIMPLE_C_BPL/TERM_LASSO//lasso_traces_neg-1394complete-fail.t2.c/lasso_trace_3.txt,TERMINATING,0.41,84.52,14.00,TERMINATING,335,25,360,Affine template / Affine template
CP26_BENCHMARK_FINAL/BENCHMARK_SIMPLE_C_BPL/TERM_LASSO//lasso_traces_neg-1394complete-fail.t2.c/lasso_trace_4.txt,TERMINATING,0.39,70.54,11.00,TERMINATING,348,22,370,Affine template / Affine template
CP26_BENCHMARK_FINAL/BENCHMARK_SIMPLE_C_BPL/TERM_LASSO//lasso_traces_neg-1394complete-fail.t2.c/lasso_trace_5.txt,TERMINATING,0.36,76.72,12.00,TERMINATING,361,13,374,Affine template / Affine template
CP26_BENCHMARK_FINAL/BENCHMARK_SIMPLE_C_BPL/TERM_LASSO//lasso_traces_neg-1394complete-succeed.t2.c/lasso_trace_1.txt,TERMINATING,1.68,85.46,11.00,TERMINATING,301,18,319,Affine template / Affine template
CP26_BENCHMARK_FINAL/BENCHMARK_SIMPLE_C_BPL/TERM_LASSO//lasso_traces_neg-1394complete-succeed.t2.c/lasso_trace_2.txt,TERMINATING,0.69,84.05,14.00,TERMINATING,318,53,371,Affine template / Affine template
CP26_BENCHMARK_FINAL/BENCHMARK_SIMPLE_C_BPL/TERM_LASSO//lasso_traces_neg-1394complete-succeed.t2.c/lasso_trace_3.txt,TERMINATING,0.47,80.34,13.00,TERMINATING,335,25,360,Affine template / Affine template
CP26_BENCHMARK_FINAL/BENCHMARK_SIMPLE_C_BPL/TERM_LASSO//lasso_traces_neg-e-1394complete-fail.t2.c/lasso_trace_1.txt,TERMINATING,1.75,84.19,12.00,TERMINATING,277,18,295,Affine template / Affine template
CP26_BENCHMARK_FINAL/BENCHMARK_SIMPLE_C_BPL/TERM_LASSO//lasso_traces_neg-e-1394complete-fail.t2.c/lasso_trace_2.txt,TERMINATING,0.47,81.79,14.00,TERMINATING,294,53,347,Affine template / Affine template
CP26_BENCHMARK_FINAL/BENCHMARK_SIMPLE_C_BPL/TERM_LASSO//lasso_traces_neg-e-1394complete-fail.t2.c/lasso_trace_3.txt,TERMINATING,0.42,70.58,11.00,TERMINATING,311,25,336,Affine template / Affine template
CP26_BENCHMARK_FINAL/BENCHMARK_SIMPLE_C_BPL/TERM_LASSO//lasso_traces_neg-e-1394complete-succeed.t2.c/lasso_trace_1.txt,TERMINATING,1.65,89.12,12.00,TERMINATING,277,18,295,Affine template / Affine template
CP26_BENCHMARK_FINAL/BENCHMARK_SIMPLE_C_BPL/TERM_LASSO//lasso_traces_neg-e-1394complete-succeed.t2.c/lasso_trace_2.txt,TERMINATING,0.47,78.95,14.00,TERMINATING,294,53,347,Affine template / Affine template
CP26_BENCHMARK_FINAL/BENCHMARK_SIMPLE_C_BPL/TERM_LASSO//lasso_traces_neg-e-1394complete-succeed.t2.c/lasso_trace_3.txt,TERMINATING,0.41,72.29,12.00,TERMINATING,311,25,336,Affine template / Affine template
CP26_BENCHMARK_FINAL/BENCHMARK_SIMPLE_C_BPL/TERM_LASSO//lasso_traces_neg-e-popl07-succeed.t2.c/lasso_trace_1.txt,TERMINATING,1.88,73.54,14.00,TERMINATING,121,28,149,Affine template / Affine template
CP26_BENCHMARK_FINAL/BENCHMARK_SIMPLE_C_BPL/TERM_LASSO//lasso_traces_neg-popl07-fail.t2.c/lasso_trace_1.txt,TERMINATING,2.03,79.76,15.00,TERMINATING,112,28,140,Affine template / Affine template
CP26_BENCHMARK_FINAL/BENCHMARK_SIMPLE_C_BPL/TERM_LASSO//lasso_traces_neg-popl07-succeed.t2.c/lasso_trace_1.txt,TERMINATING,2.14,74.15,13.00,TERMINATING,116,28,144,Affine template / Affine template
CP26_BENCHMARK_FINAL/BENCHMARK_SIMPLE_C_BPL/TERM_LASSO//lasso_traces_neg-smagilla-fail.t2.c/lasso_trace_1.txt,TERMINATING,1.93,59.13,8.00,TERMINATING,37,19,56,Affine template / Affine template
CP26_BENCHMARK_FINAL/BENCHMARK_SIMPLE_C_BPL/TERM_LASSO//lasso_traces_neg-smagilla-succeed.t2.c/lasso_trace_1.txt,TERMINATING,2.03,59.17,7.00,TERMINATING,41,19,60,Affine template / Affine template
CP26_BENCHMARK_FINAL/BENCHMARK_SIMPLE_C_BPL/TERM_LASSO//lasso_traces_Nested.c/lasso_trace_2.txt,TERMINATING,0.31,46.37,8.00,TERMINATING,6,1,7,Affine template / Affine template
CP26_BENCHMARK_FINAL/BENCHMARK_SIMPLE_C_BPL/TERM_LASSO//lasso_traces_NestedRecursion_1b_true-termination.c/lasso_trace_1.txt,TERMINATING,1.65,52.19,5.00,TERMINATING,6,9,15,Affine template / Affine template
CP26_BENCHMARK_FINAL/BENCHMARK_SIMPLE_C_BPL/TERM_LASSO//lasso_traces_NestedRecursion_1b_true-termination.c/lasso_trace_2.txt,TERMINATING,0.76,46.26,6.00,TERMINATING,12,3,15,Affine template / Affine template
CP26_BENCHMARK_FINAL/BENCHMARK_SIMPLE_C_BPL/TERM_LASSO//lasso_traces_NestedRecursion_1b_true-termination.c/lasso_trace_7.txt,TERMINATING,0.26,38.23,9.00,TERMINATING,14,3,17,Affine template / Affine template
CP26_BENCHMARK_FINAL/BENCHMARK_SIMPLE_C_BPL/TERM_LASSO//lasso_traces_NestedRecursion_1c_true-termination.c/lasso_trace_1.txt,TERMINATING,2.10,45.78,5.00,TERMINATING,6,3,9,Affine template / Affine template
CP26_BENCHMARK_FINAL/BENCHMARK_SIMPLE_C_BPL/TERM_LASSO//lasso_traces_NestedRecursion_1d_true-termination.c/lasso_trace_2.txt,TERMINATING,1.55,46.43,6.00,TERMINATING,6,27,33,Affine template / Affine template
CP26_BENCHMARK_FINAL/BENCHMARK_SIMPLE_C_BPL/TERM_LASSO//lasso_traces_NestedRecursion_1d_true-termination.c/lasso_trace_3.txt,TERMINATING,0.67,35.67,6.00,TERMINATING,12,3,15,Affine template / Affine template
CP26_BENCHMARK_FINAL/BENCHMARK_SIMPLE_C_BPL/TERM_LASSO//lasso_traces_NestedRecursion_2b_false-termination.c/lasso_trace_1.txt,TERMINATING,1.78,93.48,9.00,TERMINATING,7,3,10,Affine template / Affine template
CP26_BENCHMARK_FINAL/BENCHMARK_SIMPLE_C_BPL/TERM_LASSO//lasso_traces_NestedRecursion_2c_true-termination.c/lasso_trace_1.txt,TERMINATING,1.82,87.54,9.00,TERMINATING,7,3,10,Affine template / Affine template
CP26_BENCHMARK_FINAL/BENCHMARK_SIMPLE_C_BPL/TERM_LASSO//lasso_traces_nested.t2.c/lasso_trace_2.txt,TERMINATING,2.16,51.74,8.00,TERMINATING,52,42,94,Affine template / Affine template
CP26_BENCHMARK_FINAL/BENCHMARK_SIMPLE_C_BPL/TERM_LASSO//lasso_traces_nested.t2.c/lasso_trace_3.txt,TERMINATING,0.41,65.53,17.00,TERMINATING,81,26,107,Affine template / Affine template
CP26_BENCHMARK_FINAL/BENCHMARK_SIMPLE_C_BPL/TERM_LASSO//lasso_traces_nested.t2.c/lasso_trace_4.txt,TERMINATING,0.34,48.58,18.00,TERMINATING,123,26,149,Affine template / Affine template
CP26_BENCHMARK_FINAL/BENCHMARK_SIMPLE_C_BPL/TERM_LASSO//lasso_traces_new_ex.t2.c/lasso_trace_10.txt,TERMINATING,0.41,38.72,7.00,TERMINATING,92,27,119,Affine template / Affine template
CP26_BENCHMARK_FINAL/BENCHMARK_SIMPLE_C_BPL/TERM_LASSO//lasso_traces_new_ex.t2.c/lasso_trace_100.txt,TERMINATING,0.28,51.46,7.00,TERMINATING,92,27,119,Affine template / Affine template
CP26_BENCHMARK_FINAL/BENCHMARK_SIMPLE_C_BPL/TERM_LASSO//lasso_traces_new_ex.t2.c/lasso_trace_101.txt,TERMINATING,0.26,39.45,7.00,TERMINATING,92,27,119,Affine template / Affine template
CP26_BENCHMARK_FINAL/BENCHMARK_SIMPLE_C_BPL/TERM_LASSO//lasso_traces_new_ex.t2.c/lasso_trace_102.txt,TERMINATING,0.30,37.77,8.00,TERMINATING,92,27,119,Affine template / Affine template
CP26_BENCHMARK_FINAL/BENCHMARK_SIMPLE_C_BPL/TERM_LASSO//lasso_traces_new_ex.t2.c/lasso_trace_103.txt,TERMINATING,0.30,44.26,7.00,TERMINATING,92,27,119,Affine template / Affine template
CP26_BENCHMARK_FINAL/BENCHMARK_SIMPLE_C_BPL/TERM_LASSO//lasso_traces_new_ex.t2.c/lasso_trace_104.txt,TERMINATING,0.37,40.12,7.00,TERMINATING,92,27,119,Affine template / Affine template
CP26_BENCHMARK_FINAL/BENCHMARK_SIMPLE_C_BPL/TERM_LASSO//lasso_traces_new_ex.t2.c/lasso_trace_105.txt,TERMINATING,0.32,43.03,7.00,TERMINATING,92,27,119,Affine template / Affine template
CP26_BENCHMARK_FINAL/BENCHMARK_SIMPLE_C_BPL/TERM_LASSO//lasso_traces_new_ex.t2.c/lasso_trace_106.txt,TERMINATING,0.38,50.56,7.00,TERMINATING,92,27,119,Affine template / Affine template
CP26_BENCHMARK_FINAL/BENCHMARK_SIMPLE_C_BPL/TERM_LASSO//lasso_traces_new_ex.t2.c/lasso_trace_107.txt,TERMINATING,0.34,39.26,7.00,TERMINATING,92,27,119,Affine template / Affine template
CP26_BENCHMARK_FINAL/BENCHMARK_SIMPLE_C_BPL/TERM_LASSO//lasso_traces_new_ex.t2.c/lasso_trace_108.txt,TERMINATING,0.33,46.03,7.00,TERMINATING,92,27,119,Affine template / Affine template
CP26_BENCHMARK_FINAL/BENCHMARK_SIMPLE_C_BPL/TERM_LASSO//lasso_traces_new_ex.t2.c/lasso_trace_109.txt,TERMINATING,0.26,45.30,7.00,TERMINATING,92,27,119,Affine template / Affine template
CP26_BENCHMARK_FINAL/BENCHMARK_SIMPLE_C_BPL/TERM_LASSO//lasso_traces_new_ex.t2.c/lasso_trace_11.txt,TERMINATING,0.35,40.88,7.00,TERMINATING,92,27,119,Affine template / Affine template
CP26_BENCHMARK_FINAL/BENCHMARK_SIMPLE_C_BPL/TERM_LASSO//lasso_traces_new_ex.t2.c/lasso_trace_110.txt,TERMINATING,0.30,54.76,8.00,TERMINATING,92,27,119,Affine template / Affine template
CP26_BENCHMARK_FINAL/BENCHMARK_SIMPLE_C_BPL/TERM_LASSO//lasso_traces_new_ex.t2.c/lasso_trace_111.txt,TERMINATING,0.33,37.92,7.00,TERMINATING,92,27,119,Affine template / Affine template
CP26_BENCHMARK_FINAL/BENCHMARK_SIMPLE_C_BPL/TERM_LASSO//lasso_traces_new_ex.t2.c/lasso_trace_112.txt,TERMINATING,0.42,39.68,7.00,TERMINATING,92,27,119,Affine template / Affine template
CP26_BENCHMARK_FINAL/BENCHMARK_SIMPLE_C_BPL/TERM_LASSO//lasso_traces_new_ex.t2.c/lasso_trace_113.txt,TERMINATING,0.32,38.71,7.00,TERMINATING,92,27,119,Affine template / Affine template
CP26_BENCHMARK_FINAL/BENCHMARK_SIMPLE_C_BPL/TERM_LASSO//lasso_traces_new_ex.t2.c/lasso_trace_114.txt,TERMINATING,0.29,40.59,8.00,TERMINATING,92,27,119,Affine template / Affine template
CP26_BENCHMARK_FINAL/BENCHMARK_SIMPLE_C_BPL/TERM_LASSO//lasso_traces_new_ex.t2.c/lasso_trace_115.txt,TERMINATING,0.33,39.27,7.00,TERMINATING,92,27,119,Affine template / Affine template
CP26_BENCHMARK_FINAL/BENCHMARK_SIMPLE_C_BPL/TERM_LASSO//lasso_traces_new_ex.t2.c/lasso_trace_116.txt,TERMINATING,0.32,37.04,8.00,TERMINATING,92,27,119,Affine template / Affine template
CP26_BENCHMARK_FINAL/BENCHMARK_SIMPLE_C_BPL/TERM_LASSO//lasso_traces_new_ex.t2.c/lasso_trace_117.txt,TERMINATING,0.33,42.30,7.00,TERMINATING,92,27,119,Affine template / Affine template
CP26_BENCHMARK_FINAL/BENCHMARK_SIMPLE_C_BPL/TERM_LASSO//lasso_traces_new_ex.t2.c/lasso_trace_118.txt,TERMINATING,0.26,47.34,7.00,TERMINATING,92,27,119,Affine template / Affine template
CP26_BENCHMARK_FINAL/BENCHMARK_SIMPLE_C_BPL/TERM_LASSO//lasso_traces_new_ex.t2.c/lasso_trace_119.txt,TERMINATING,0.32,41.88,8.00,TERMINATING,92,27,119,Affine template / Affine template
CP26_BENCHMARK_FINAL/BENCHMARK_SIMPLE_C_BPL/TERM_LASSO//lasso_traces_new_ex.t2.c/lasso_trace_12.txt,TERMINATING,0.29,37.27,7.00,TERMINATING,92,27,119,Affine template / Affine template
CP26_BENCHMARK_FINAL/BENCHMARK_SIMPLE_C_BPL/TERM_LASSO//lasso_traces_new_ex.t2.c/lasso_trace_120.txt,TERMINATING,0.31,37.44,7.00,TERMINATING,92,27,119,Affine template / Affine template
CP26_BENCHMARK_FINAL/BENCHMARK_SIMPLE_C_BPL/TERM_LASSO//lasso_traces_new_ex.t2.c/lasso_trace_121.txt,TERMINATING,0.29,38.04,7.00,TERMINATING,92,27,119,Affine template / Affine template
CP26_BENCHMARK_FINAL/BENCHMARK_SIMPLE_C_BPL/TERM_LASSO//lasso_traces_new_ex.t2.c/lasso_trace_122.txt,TERMINATING,0.29,45.46,7.00,TERMINATING,92,27,119,Affine template / Affine template
CP26_BENCHMARK_FINAL/BENCHMARK_SIMPLE_C_BPL/TERM_LASSO//lasso_traces_new_ex.t2.c/lasso_trace_123.txt,TERMINATING,0.33,37.80,7.00,TERMINATING,92,27,119,Affine template / Affine template
CP26_BENCHMARK_FINAL/BENCHMARK_SIMPLE_C_BPL/TERM_LASSO//lasso_traces_new_ex.t2.c/lasso_trace_124.txt,TERMINATING,0.33,39.56,8.00,TERMINATING,92,27,119,Affine template / Affine template
CP26_BENCHMARK_FINAL/BENCHMARK_SIMPLE_C_BPL/TERM_LASSO//lasso_traces_new_ex.t2.c/lasso_trace_125.txt,TERMINATING,0.30,38.35,8.00,TERMINATING,92,27,119,Affine template / Affine template
CP26_BENCHMARK_FINAL/BENCHMARK_SIMPLE_C_BPL/TERM_LASSO//lasso_traces_new_ex.t2.c/lasso_trace_126.txt,TERMINATING,0.30,37.85,8.00,TERMINATING,92,27,119,Affine template / Affine template
CP26_BENCHMARK_FINAL/BENCHMARK_SIMPLE_C_BPL/TERM_LASSO//lasso_traces_new_ex.t2.c/lasso_trace_127.txt,TERMINATING,0.39,46.83,8.00,TERMINATING,92,27,119,Affine template / Affine template
CP26_BENCHMARK_FINAL/BENCHMARK_SIMPLE_C_BPL/TERM_LASSO//lasso_traces_new_ex.t2.c/lasso_trace_128.txt,TERMINATING,0.36,38.51,7.00,TERMINATING,92,27,119,Affine template / Affine template
CP26_BENCHMARK_FINAL/BENCHMARK_SIMPLE_C_BPL/TERM_LASSO//lasso_traces_new_ex.t2.c/lasso_trace_129.txt,TERMINATING,0.24,37.29,7.00,TERMINATING,92,27,119,Affine template / Affine template
CP26_BENCHMARK_FINAL/BENCHMARK_SIMPLE_C_BPL/TERM_LASSO//lasso_traces_new_ex.t2.c/lasso_trace_13.txt,TERMINATING,0.34,42.12,8.00,TERMINATING,92,27,119,Affine template / Affine template
CP26_BENCHMARK_FINAL/BENCHMARK_SIMPLE_C_BPL/TERM_LASSO//lasso_traces_new_ex.t2.c/lasso_trace_130.txt,TERMINATING,0.27,39.21,9.00,TERMINATING,92,27,119,Affine template / Affine template
CP26_BENCHMARK_FINAL/BENCHMARK_SIMPLE_C_BPL/TERM_LASSO//lasso_traces_new_ex.t2.c/lasso_trace_131.txt,TERMINATING,0.41,40.15,7.00,TERMINATING,92,27,119,Affine template / Affine template
CP26_BENCHMARK_FINAL/BENCHMARK_SIMPLE_C_BPL/TERM_LASSO//lasso_traces_new_ex.t2.c/lasso_trace_132.txt,TERMINATING,0.28,37.69,7.00,TERMINATING,92,27,119,Affine template / Affine template
CP26_BENCHMARK_FINAL/BENCHMARK_SIMPLE_C_BPL/TERM_LASSO//lasso_traces_new_ex.t2.c/lasso_trace_133.txt,TERMINATING,0.29,37.93,7.00,TERMINATING,92,27,119,Affine template / Affine template
CP26_BENCHMARK_FINAL/BENCHMARK_SIMPLE_C_BPL/TERM_LASSO//lasso_traces_new_ex.t2.c/lasso_trace_134.txt,TERMINATING,0.27,39.32,8.00,TERMINATING,92,27,119,Affine template / Affine template
CP26_BENCHMARK_FINAL/BENCHMARK_SIMPLE_C_BPL/TERM_LASSO//lasso_traces_new_ex.t2.c/lasso_trace_135.txt,TERMINATING,0.28,46.31,7.00,TERMINATING,92,27,119,Affine template / Affine template
CP26_BENCHMARK_FINAL/BENCHMARK_SIMPLE_C_BPL/TERM_LASSO//lasso_traces_new_ex.t2.c/lasso_trace_136.txt,TERMINATING,0.29,46.69,7.00,TERMINATING,92,27,119,Affine template / Affine template
CP26_BENCHMARK_FINAL/BENCHMARK_SIMPLE_C_BPL/TERM_LASSO//lasso_traces_new_ex.t2.c/lasso_trace_137.txt,TERMINATING,0.27,37.86,7.00,TERMINATING,92,27,119,Affine template / Affine template
CP26_BENCHMARK_FINAL/BENCHMARK_SIMPLE_C_BPL/TERM_LASSO//lasso_traces_new_ex.t2.c/lasso_trace_138.txt,TERMINATING,0.27,42.92,7.00,TERMINATING,92,27,119,Affine template / Affine template
CP26_BENCHMARK_FINAL/BENCHMARK_SIMPLE_C_BPL/TERM_LASSO//lasso_traces_new_ex.t2.c/lasso_trace_139.txt,TERMINATING,0.27,40.87,7.00,TERMINATING,92,27,119,Affine template / Affine template
CP26_BENCHMARK_FINAL/BENCHMARK_SIMPLE_C_BPL/TERM_LASSO//lasso_traces_new_ex.t2.c/lasso_trace_14.txt,TERMINATING,0.29,40.66,7.00,TERMINATING,92,27,119,Affine template / Affine template
CP26_BENCHMARK_FINAL/BENCHMARK_SIMPLE_C_BPL/TERM_LASSO//lasso_traces_new_ex.t2.c/lasso_trace_140.txt,TERMINATING,0.28,38.31,7.00,TERMINATING,92,27,119,Affine template / Affine template
CP26_BENCHMARK_FINAL/BENCHMARK_SIMPLE_C_BPL/TERM_LASSO//lasso_traces_new_ex.t2.c/lasso_trace_141.txt,TERMINATING,0.28,43.23,8.00,TERMINATING,92,27,119,Affine template / Affine template
CP26_BENCHMARK_FINAL/BENCHMARK_SIMPLE_C_BPL/TERM_LASSO//lasso_traces_new_ex.t2.c/lasso_trace_142.txt,TERMINATING,0.27,56.50,8.00,TERMINATING,92,27,119,Affine template / Affine template
CP26_BENCHMARK_FINAL/BENCHMARK_SIMPLE_C_BPL/TERM_LASSO//lasso_traces_new_ex.t2.c/lasso_trace_143.txt,TERMINATING,0.38,40.82,7.00,TERMINATING,92,27,119,Affine template / Affine template
CP26_BENCHMARK_FINAL/BENCHMARK_SIMPLE_C_BPL/TERM_LASSO//lasso_traces_new_ex.t2.c/lasso_trace_144.txt,TERMINATING,0.32,39.22,7.00,TERMINATING,92,27,119,Affine template / Affine template
CP26_BENCHMARK_FINAL/BENCHMARK_SIMPLE_C_BPL/TERM_LASSO//lasso_traces_new_ex.t2.c/lasso_trace_145.txt,TERMINATING,0.25,39.86,9.00,TERMINATING,92,27,119,Affine template / Affine template
CP26_BENCHMARK_FINAL/BENCHMARK_SIMPLE_C_BPL/TERM_LASSO//lasso_traces_new_ex.t2.c/lasso_trace_146.txt,TERMINATING,0.24,37.46,7.00,TERMINATING,92,27,119,Affine template / Affine template
CP26_BENCHMARK_FINAL/BENCHMARK_SIMPLE_C_BPL/TERM_LASSO//lasso_traces_new_ex.t2.c/lasso_trace_147.txt,TERMINATING,0.25,39.50,7.00,TERMINATING,92,27,119,Affine template / Affine template
CP26_BENCHMARK_FINAL/BENCHMARK_SIMPLE_C_BPL/TERM_LASSO//lasso_traces_new_ex.t2.c/lasso_trace_148.txt,TERMINATING,0.28,36.75,7.00,TERMINATING,92,27,119,Affine template / Affine template
CP26_BENCHMARK_FINAL/BENCHMARK_SIMPLE_C_BPL/TERM_LASSO//lasso_traces_new_ex.t2.c/lasso_trace_149.txt,TERMINATING,0.28,41.21,7.00,TERMINATING,92,27,119,Affine template / Affine template
CP26_BENCHMARK_FINAL/BENCHMARK_SIMPLE_C_BPL/TERM_LASSO//lasso_traces_new_ex.t2.c/lasso_trace_15.txt,TERMINATING,0.29,44.10,8.00,TERMINATING,92,27,119,Affine template / Affine template
CP26_BENCHMARK_FINAL/BENCHMARK_SIMPLE_C_BPL/TERM_LASSO//lasso_traces_new_ex.t2.c/lasso_trace_150.txt,TERMINATING,0.31,44.79,8.00,TERMINATING,92,27,119,Affine template / Affine template
CP26_BENCHMARK_FINAL/BENCHMARK_SIMPLE_C_BPL/TERM_LASSO//lasso_traces_new_ex.t2.c/lasso_trace_151.txt,TERMINATING,0.34,38.83,7.00,TERMINATING,92,27,119,Affine template / Affine template
CP26_BENCHMARK_FINAL/BENCHMARK_SIMPLE_C_BPL/TERM_LASSO//lasso_traces_new_ex.t2.c/lasso_trace_152.txt,TERMINATING,0.32,37.49,8.00,TERMINATING,92,27,119,Affine template / Affine template
CP26_BENCHMARK_FINAL/BENCHMARK_SIMPLE_C_BPL/TERM_LASSO//lasso_traces_new_ex.t2.c/lasso_trace_153.txt,TERMINATING,0.28,37.54,7.00,TERMINATING,92,27,119,Affine template / Affine template
CP26_BENCHMARK_FINAL/BENCHMARK_SIMPLE_C_BPL/TERM_LASSO//lasso_traces_new_ex.t2.c/lasso_trace_154.txt,TERMINATING,0.26,40.98,7.00,TERMINATING,92,27,119,Affine template / Affine template
CP26_BENCHMARK_FINAL/BENCHMARK_SIMPLE_C_BPL/TERM_LASSO//lasso_traces_new_ex.t2.c/lasso_trace_155.txt,TERMINATING,0.29,37.55,7.00,TERMINATING,92,27,119,Affine template / Affine template
CP26_BENCHMARK_FINAL/BENCHMARK_SIMPLE_C_BPL/TERM_LASSO//lasso_traces_new_ex.t2.c/lasso_trace_156.txt,TERMINATING,0.26,38.80,8.00,TERMINATING,92,27,119,Affine template / Affine template
CP26_BENCHMARK_FINAL/BENCHMARK_SIMPLE_C_BPL/TERM_LASSO//lasso_traces_new_ex.t2.c/lasso_trace_157.txt,TERMINATING,0.24,38.21,7.00,TERMINATING,92,27,119,Affine template / Affine template
CP26_BENCHMARK_FINAL/BENCHMARK_SIMPLE_C_BPL/TERM_LASSO//lasso_traces_new_ex.t2.c/lasso_trace_158.txt,TERMINATING,0.29,38.40,7.00,TERMINATING,92,27,119,Affine template / Affine template
CP26_BENCHMARK_FINAL/BENCHMARK_SIMPLE_C_BPL/TERM_LASSO//lasso_traces_new_ex.t2.c/lasso_trace_159.txt,TERMINATING,0.26,38.48,7.00,TERMINATING,92,27,119,Affine template / Affine template
CP26_BENCHMARK_FINAL/BENCHMARK_SIMPLE_C_BPL/TERM_LASSO//lasso_traces_new_ex.t2.c/lasso_trace_16.txt,TERMINATING,0.31,37.74,8.00,TERMINATING,92,27,119,Affine template / Affine template
CP26_BENCHMARK_FINAL/BENCHMARK_SIMPLE_C_BPL/TERM_LASSO//lasso_traces_new_ex.t2.c/lasso_trace_160.txt,TERMINATING,0.32,40.19,7.00,TERMINATING,92,27,119,Affine template / Affine template
CP26_BENCHMARK_FINAL/BENCHMARK_SIMPLE_C_BPL/TERM_LASSO//lasso_traces_new_ex.t2.c/lasso_trace_161.txt,TERMINATING,0.29,44.79,7.00,TERMINATING,92,27,119,Affine template / Affine template
CP26_BENCHMARK_FINAL/BENCHMARK_SIMPLE_C_BPL/TERM_LASSO//lasso_traces_new_ex.t2.c/lasso_trace_162.txt,TERMINATING,0.27,35.91,11.00,TERMINATING,92,27,119,Affine template / Affine template
CP26_BENCHMARK_FINAL/BENCHMARK_SIMPLE_C_BPL/TERM_LASSO//lasso_traces_new_ex.t2.c/lasso_trace_163.txt,TERMINATING,0.29,37.77,7.00,TERMINATING,92,27,119,Affine template / Affine template
CP26_BENCHMARK_FINAL/BENCHMARK_SIMPLE_C_BPL/TERM_LASSO//lasso_traces_new_ex.t2.c/lasso_trace_164.txt,TERMINATING,0.23,40.24,8.00,TERMINATING,92,27,119,Affine template / Affine template
CP26_BENCHMARK_FINAL/BENCHMARK_SIMPLE_C_BPL/TERM_LASSO//lasso_traces_new_ex.t2.c/lasso_trace_165.txt,TERMINATING,0.26,36.04,8.00,TERMINATING,92,27,119,Affine template / Affine template
CP26_BENCHMARK_FINAL/BENCHMARK_SIMPLE_C_BPL/TERM_LASSO//lasso_traces_new_ex.t2.c/lasso_trace_166.txt,TERMINATING,0.27,38.32,9.00,TERMINATING,92,27,119,Affine template / Affine template
CP26_BENCHMARK_FINAL/BENCHMARK_SIMPLE_C_BPL/TERM_LASSO//lasso_traces_new_ex.t2.c/lasso_trace_167.txt,TERMINATING,0.28,37.94,9.00,TERMINATING,92,27,119,Affine template / Affine template
CP26_BENCHMARK_FINAL/BENCHMARK_SIMPLE_C_BPL/TERM_LASSO//lasso_traces_new_ex.t2.c/lasso_trace_168.txt,TERMINATING,0.24,46.40,7.00,TERMINATING,92,27,119,Affine template / Affine template
CP26_BENCHMARK_FINAL/BENCHMARK_SIMPLE_C_BPL/TERM_LASSO//lasso_traces_new_ex.t2.c/lasso_trace_169.txt,TERMINATING,0.26,36.60,9.00,TERMINATING,92,27,119,Affine template / Affine template
CP26_BENCHMARK_FINAL/BENCHMARK_SIMPLE_C_BPL/TERM_LASSO//lasso_traces_new_ex.t2.c/lasso_trace_17.txt,TERMINATING,0.26,38.82,8.00,TERMINATING,92,27,119,Affine template / Affine template
CP26_BENCHMARK_FINAL/BENCHMARK_SIMPLE_C_BPL/TERM_LASSO//lasso_traces_new_ex.t2.c/lasso_trace_170.txt,TERMINATING,0.25,39.86,8.00,TERMINATING,92,27,119,Affine template / Affine template
CP26_BENCHMARK_FINAL/BENCHMARK_SIMPLE_C_BPL/TERM_LASSO//lasso_traces_new_ex.t2.c/lasso_trace_171.txt,TERMINATING,0.25,39.14,7.00,TERMINATING,92,27,119,Affine template / Affine template
CP26_BENCHMARK_FINAL/BENCHMARK_SIMPLE_C_BPL/TERM_LASSO//lasso_traces_new_ex.t2.c/lasso_trace_172.txt,TERMINATING,0.25,37.17,7.00,TERMINATING,92,27,119,Affine template / Affine template
CP26_BENCHMARK_FINAL/BENCHMARK_SIMPLE_C_BPL/TERM_LASSO//lasso_traces_new_ex.t2.c/lasso_trace_173.txt,TERMINATING,0.34,38.57,7.00,TERMINATING,92,27,119,Affine template / Affine template
CP26_BENCHMARK_FINAL/BENCHMARK_SIMPLE_C_BPL/TERM_LASSO//lasso_traces_new_ex.t2.c/lasso_trace_174.txt,TERMINATING,0.29,36.88,8.00,TERMINATING,92,27,119,Affine template / Affine template
CP26_BENCHMARK_FINAL/BENCHMARK_SIMPLE_C_BPL/TERM_LASSO//lasso_traces_new_ex.t2.c/lasso_trace_175.txt,TERMINATING,0.30,39.13,8.00,TERMINATING,92,27,119,Affine template / Affine template
CP26_BENCHMARK_FINAL/BENCHMARK_SIMPLE_C_BPL/TERM_LASSO//lasso_traces_new_ex.t2.c/lasso_trace_176.txt,TERMINATING,0.25,40.79,8.00,TERMINATING,92,27,119,Affine template / Affine template
CP26_BENCHMARK_FINAL/BENCHMARK_SIMPLE_C_BPL/TERM_LASSO//lasso_traces_new_ex.t2.c/lasso_trace_177.txt,TERMINATING,0.25,38.02,7.00,TERMINATING,92,27,119,Affine template / Affine template
CP26_BENCHMARK_FINAL/BENCHMARK_SIMPLE_C_BPL/TERM_LASSO//lasso_traces_new_ex.t2.c/lasso_trace_178.txt,TERMINATING,0.30,39.48,7.00,TERMINATING,92,27,119,Affine template / Affine template
CP26_BENCHMARK_FINAL/BENCHMARK_SIMPLE_C_BPL/TERM_LASSO//lasso_traces_new_ex.t2.c/lasso_trace_179.txt,TERMINATING,0.26,40.18,7.00,TERMINATING,92,27,119,Affine template / Affine template
CP26_BENCHMARK_FINAL/BENCHMARK_SIMPLE_C_BPL/TERM_LASSO//lasso_traces_new_ex.t2.c/lasso_trace_18.txt,TERMINATING,0.24,37.70,7.00,TERMINATING,92,27,119,Affine template / Affine template
CP26_BENCHMARK_FINAL/BENCHMARK_SIMPLE_C_BPL/TERM_LASSO//lasso_traces_new_ex.t2.c/lasso_trace_180.txt,TERMINATING,0.32,36.57,7.00,TERMINATING,92,27,119,Affine template / Affine template
CP26_BENCHMARK_FINAL/BENCHMARK_SIMPLE_C_BPL/TERM_LASSO//lasso_traces_new_ex.t2.c/lasso_trace_181.txt,TERMINATING,0.26,37.15,8.00,TERMINATING,92,27,119,Affine template / Affine template
CP26_BENCHMARK_FINAL/BENCHMARK_SIMPLE_C_BPL/TERM_LASSO//lasso_traces_new_ex.t2.c/lasso_trace_182.txt,TERMINATING,0.24,36.83,7.00,TERMINATING,92,27,119,Affine template / Affine template
CP26_BENCHMARK_FINAL/BENCHMARK_SIMPLE_C_BPL/TERM_LASSO//lasso_traces_new_ex.t2.c/lasso_trace_183.txt,TERMINATING,0.28,36.57,7.00,TERMINATING,92,27,119,Affine template / Affine template
CP26_BENCHMARK_FINAL/BENCHMARK_SIMPLE_C_BPL/TERM_LASSO//lasso_traces_new_ex.t2.c/lasso_trace_184.txt,TERMINATING,0.24,38.06,7.00,TERMINATING,92,27,119,Affine template / Affine template
CP26_BENCHMARK_FINAL/BENCHMARK_SIMPLE_C_BPL/TERM_LASSO//lasso_traces_new_ex.t2.c/lasso_trace_185.txt,TERMINATING,0.27,36.17,7.00,TERMINATING,92,27,119,Affine template / Affine template
CP26_BENCHMARK_FINAL/BENCHMARK_SIMPLE_C_BPL/TERM_LASSO//lasso_traces_new_ex.t2.c/lasso_trace_186.txt,TERMINATING,0.25,36.55,8.00,TERMINATING,92,27,119,Affine template / Affine template
CP26_BENCHMARK_FINAL/BENCHMARK_SIMPLE_C_BPL/TERM_LASSO//lasso_traces_new_ex.t2.c/lasso_trace_187.txt,TERMINATING,0.33,37.11,7.00,TERMINATING,92,27,119,Affine template / Affine template
CP26_BENCHMARK_FINAL/BENCHMARK_SIMPLE_C_BPL/TERM_LASSO//lasso_traces_new_ex.t2.c/lasso_trace_188.txt,TERMINATING,0.36,37.81,7.00,TERMINATING,92,27,119,Affine template / Affine template
CP26_BENCHMARK_FINAL/BENCHMARK_SIMPLE_C_BPL/TERM_LASSO//lasso_traces_new_ex.t2.c/lasso_trace_189.txt,TERMINATING,0.28,39.12,7.00,TERMINATING,92,27,119,Affine template / Affine template
CP26_BENCHMARK_FINAL/BENCHMARK_SIMPLE_C_BPL/TERM_LASSO//lasso_traces_new_ex.t2.c/lasso_trace_19.txt,TERMINATING,0.34,39.38,8.00,TERMINATING,92,27,119,Affine template / Affine template
CP26_BENCHMARK_FINAL/BENCHMARK_SIMPLE_C_BPL/TERM_LASSO//lasso_traces_new_ex.t2.c/lasso_trace_190.txt,TERMINATING,0.23,39.41,9.00,TERMINATING,92,27,119,Affine template / Affine template
CP26_BENCHMARK_FINAL/BENCHMARK_SIMPLE_C_BPL/TERM_LASSO//lasso_traces_new_ex.t2.c/lasso_trace_191.txt,TERMINATING,0.26,42.45,8.00,TERMINATING,92,27,119,Affine template / Affine template
CP26_BENCHMARK_FINAL/BENCHMARK_SIMPLE_C_BPL/TERM_LASSO//lasso_traces_new_ex.t2.c/lasso_trace_192.txt,TERMINATING,0.23,39.88,7.00,TERMINATING,92,27,119,Affine template / Affine template
CP26_BENCHMARK_FINAL/BENCHMARK_SIMPLE_C_BPL/TERM_LASSO//lasso_traces_new_ex.t2.c/lasso_trace_193.txt,TERMINATING,0.30,36.74,7.00,TERMINATING,92,27,119,Affine template / Affine template
CP26_BENCHMARK_FINAL/BENCHMARK_SIMPLE_C_BPL/TERM_LASSO//lasso_traces_new_ex.t2.c/lasso_trace_194.txt,TERMINATING,0.27,36.18,7.00,TERMINATING,92,27,119,Affine template / Affine template
CP26_BENCHMARK_FINAL/BENCHMARK_SIMPLE_C_BPL/TERM_LASSO//lasso_traces_new_ex.t2.c/lasso_trace_195.txt,TERMINATING,0.26,39.33,7.00,TERMINATING,92,27,119,Affine template / Affine template
CP26_BENCHMARK_FINAL/BENCHMARK_SIMPLE_C_BPL/TERM_LASSO//lasso_traces_new_ex.t2.c/lasso_trace_196.txt,TERMINATING,0.28,38.08,7.00,TERMINATING,92,27,119,Affine template / Affine template
CP26_BENCHMARK_FINAL/BENCHMARK_SIMPLE_C_BPL/TERM_LASSO//lasso_traces_new_ex.t2.c/lasso_trace_197.txt,TERMINATING,0.31,40.47,7.00,TERMINATING,92,27,119,Affine template / Affine template
CP26_BENCHMARK_FINAL/BENCHMARK_SIMPLE_C_BPL/TERM_LASSO//lasso_traces_new_ex.t2.c/lasso_trace_198.txt,TERMINATING,0.27,42.57,7.00,TERMINATING,92,27,119,Affine template / Affine template
CP26_BENCHMARK_FINAL/BENCHMARK_SIMPLE_C_BPL/TERM_LASSO//lasso_traces_new_ex.t2.c/lasso_trace_199.txt,TERMINATING,0.28,37.71,7.00,TERMINATING,92,27,119,Affine template / Affine template
CP26_BENCHMARK_FINAL/BENCHMARK_SIMPLE_C_BPL/TERM_LASSO//lasso_traces_new_ex.t2.c/lasso_trace_2.txt,TERMINATING,0.49,94.33,31.00,TERMINATING,48,22,70,Affine template / Affine template
CP26_BENCHMARK_FINAL/BENCHMARK_SIMPLE_C_BPL/TERM_LASSO//lasso_traces_new_ex.t2.c/lasso_trace_20.txt,TERMINATING,0.27,41.53,7.00,TERMINATING,92,27,119,Affine template / Affine template
CP26_BENCHMARK_FINAL/BENCHMARK_SIMPLE_C_BPL/TERM_LASSO//lasso_traces_new_ex.t2.c/lasso_trace_200.txt,TERMINATING,0.26,37.00,11.00,TERMINATING,92,27,119,Affine template / Affine template
CP26_BENCHMARK_FINAL/BENCHMARK_SIMPLE_C_BPL/TERM_LASSO//lasso_traces_new_ex.t2.c/lasso_trace_201.txt,TERMINATING,0.26,38.28,7.00,TERMINATING,92,27,119,Affine template / Affine template
CP26_BENCHMARK_FINAL/BENCHMARK_SIMPLE_C_BPL/TERM_LASSO//lasso_traces_new_ex.t2.c/lasso_trace_202.txt,TERMINATING,0.24,43.37,7.00,TERMINATING,92,27,119,Affine template / Affine template
CP26_BENCHMARK_FINAL/BENCHMARK_SIMPLE_C_BPL/TERM_LASSO//lasso_traces_new_ex.t2.c/lasso_trace_203.txt,TERMINATING,0.38,38.58,8.00,TERMINATING,92,27,119,Affine template / Affine template
CP26_BENCHMARK_FINAL/BENCHMARK_SIMPLE_C_BPL/TERM_LASSO//lasso_traces_new_ex.t2.c/lasso_trace_204.txt,TERMINATING,0.38,52.04,7.00,TERMINATING,92,27,119,Affine template / Affine template
CP26_BENCHMARK_FINAL/BENCHMARK_SIMPLE_C_BPL/TERM_LASSO//lasso_traces_new_ex.t2.c/lasso_trace_205.txt,TERMINATING,0.27,37.09,7.00,TERMINATING,92,27,119,Affine template / Affine template
CP26_BENCHMARK_FINAL/BENCHMARK_SIMPLE_C_BPL/TERM_LASSO//lasso_traces_new_ex.t2.c/lasso_trace_206.txt,TERMINATING,0.23,37.11,7.00,TERMINATING,92,27,119,Affine template / Affine template
CP26_BENCHMARK_FINAL/BENCHMARK_SIMPLE_C_BPL/TERM_LASSO//lasso_traces_new_ex.t2.c/lasso_trace_207.txt,TERMINATING,0.29,40.66,7.00,TERMINATING,92,27,119,Affine template / Affine template
CP26_BENCHMARK_FINAL/BENCHMARK_SIMPLE_C_BPL/TERM_LASSO//lasso_traces_new_ex.t2.c/lasso_trace_208.txt,TERMINATING,0.25,36.17,7.00,TERMINATING,92,27,119,Affine template / Affine template
CP26_BENCHMARK_FINAL/BENCHMARK_SIMPLE_C_BPL/TERM_LASSO//lasso_traces_new_ex.t2.c/lasso_trace_21.txt,TERMINATING,0.29,39.86,7.00,TERMINATING,92,27,119,Affine template / Affine template
CP26_BENCHMARK_FINAL/BENCHMARK_SIMPLE_C_BPL/TERM_LASSO//lasso_traces_new_ex.t2.c/lasso_trace_22.txt,TERMINATING,0.30,45.69,8.00,TERMINATING,92,27,119,Affine template / Affine template
CP26_BENCHMARK_FINAL/BENCHMARK_SIMPLE_C_BPL/TERM_LASSO//lasso_traces_new_ex.t2.c/lasso_trace_23.txt,TERMINATING,0.26,42.37,8.00,TERMINATING,92,27,119,Affine template / Affine template
CP26_BENCHMARK_FINAL/BENCHMARK_SIMPLE_C_BPL/TERM_LASSO//lasso_traces_new_ex.t2.c/lasso_trace_24.txt,TERMINATING,0.28,38.22,8.00,TERMINATING,92,27,119,Affine template / Affine template
CP26_BENCHMARK_FINAL/BENCHMARK_SIMPLE_C_BPL/TERM_LASSO//lasso_traces_new_ex.t2.c/lasso_trace_25.txt,TERMINATING,0.29,39.13,7.00,TERMINATING,92,27,119,Affine template / Affine template
CP26_BENCHMARK_FINAL/BENCHMARK_SIMPLE_C_BPL/TERM_LASSO//lasso_traces_new_ex.t2.c/lasso_trace_26.txt,TERMINATING,0.30,38.67,8.00,TERMINATING,92,27,119,Affine template / Affine template
CP26_BENCHMARK_FINAL/BENCHMARK_SIMPLE_C_BPL/TERM_LASSO//lasso_traces_new_ex.t2.c/lasso_trace_27.txt,TERMINATING,0.26,37.49,8.00,TERMINATING,92,27,119,Affine template / Affine template
CP26_BENCHMARK_FINAL/BENCHMARK_SIMPLE_C_BPL/TERM_LASSO//lasso_traces_new_ex.t2.c/lasso_trace_28.txt,TERMINATING,0.29,41.30,7.00,TERMINATING,92,27,119,Affine template / Affine template
CP26_BENCHMARK_FINAL/BENCHMARK_SIMPLE_C_BPL/TERM_LASSO//lasso_traces_new_ex.t2.c/lasso_trace_29.txt,TERMINATING,0.38,43.85,7.00,TERMINATING,92,27,119,Affine template / Affine template
CP26_BENCHMARK_FINAL/BENCHMARK_SIMPLE_C_BPL/TERM_LASSO//lasso_traces_new_ex.t2.c/lasso_trace_3.txt,TERMINATING,0.37,88.18,27.00,TERMINATING,61,27,88,Affine template / Affine template
CP26_BENCHMARK_FINAL/BENCHMARK_SIMPLE_C_BPL/TERM_LASSO//lasso_traces_new_ex.t2.c/lasso_trace_30.txt,TERMINATING,0.27,39.77,7.00,TERMINATING,92,27,119,Affine template / Affine template
CP26_BENCHMARK_FINAL/BENCHMARK_SIMPLE_C_BPL/TERM_LASSO//lasso_traces_new_ex.t2.c/lasso_trace_31.txt,TERMINATING,0.30,36.91,8.00,TERMINATING,92,27,119,Affine template / Affine template
CP26_BENCHMARK_FINAL/BENCHMARK_SIMPLE_C_BPL/TERM_LASSO//lasso_traces_new_ex.t2.c/lasso_trace_32.txt,TERMINATING,0.31,38.34,7.00,TERMINATING,92,27,119,Affine template / Affine template
CP26_BENCHMARK_FINAL/BENCHMARK_SIMPLE_C_BPL/TERM_LASSO//lasso_traces_new_ex.t2.c/lasso_trace_33.txt,TERMINATING,0.39,38.31,7.00,TERMINATING,92,27,119,Affine template / Affine template
CP26_BENCHMARK_FINAL/BENCHMARK_SIMPLE_C_BPL/TERM_LASSO//lasso_traces_new_ex.t2.c/lasso_trace_34.txt,TERMINATING,0.28,38.17,6.00,TERMINATING,92,27,119,Affine template / Affine template
CP26_BENCHMARK_FINAL/BENCHMARK_SIMPLE_C_BPL/TERM_LASSO//lasso_traces_new_ex.t2.c/lasso_trace_35.txt,TERMINATING,0.24,38.93,7.00,TERMINATING,92,27,119,Affine template / Affine template
CP26_BENCHMARK_FINAL/BENCHMARK_SIMPLE_C_BPL/TERM_LASSO//lasso_traces_new_ex.t2.c/lasso_trace_36.txt,TERMINATING,0.30,48.80,8.00,TERMINATING,92,27,119,Affine template / Affine template
CP26_BENCHMARK_FINAL/BENCHMARK_SIMPLE_C_BPL/TERM_LASSO//lasso_traces_new_ex.t2.c/lasso_trace_37.txt,TERMINATING,0.28,43.23,7.00,TERMINATING,92,27,119,Affine template / Affine template
CP26_BENCHMARK_FINAL/BENCHMARK_SIMPLE_C_BPL/TERM_LASSO//lasso_traces_new_ex.t2.c/lasso_trace_38.txt,TERMINATING,0.27,43.69,8.00,TERMINATING,92,27,119,Affine template / Affine template
CP26_BENCHMARK_FINAL/BENCHMARK_SIMPLE_C_BPL/TERM_LASSO//lasso_traces_new_ex.t2.c/lasso_trace_39.txt,TERMINATING,0.26,39.36,7.00,TERMINATING,92,27,119,Affine template / Affine template
CP26_BENCHMARK_FINAL/BENCHMARK_SIMPLE_C_BPL/TERM_LASSO//lasso_traces_new_ex.t2.c/lasso_trace_40.txt,TERMINATING,0.28,40.88,9.00,TERMINATING,92,27,119,Affine template / Affine template
CP26_BENCHMARK_FINAL/BENCHMARK_SIMPLE_C_BPL/TERM_LASSO//lasso_traces_new_ex.t2.c/lasso_trace_41.txt,TERMINATING,0.27,36.76,7.00,TERMINATING,92,27,119,Affine template / Affine template
CP26_BENCHMARK_FINAL/BENCHMARK_SIMPLE_C_BPL/TERM_LASSO//lasso_traces_new_ex.t2.c/lasso_trace_42.txt,TERMINATING,0.28,39.93,7.00,TERMINATING,92,27,119,Affine template / Affine template
CP26_BENCHMARK_FINAL/BENCHMARK_SIMPLE_C_BPL/TERM_LASSO//lasso_traces_new_ex.t2.c/lasso_trace_43.txt,TERMINATING,0.28,37.64,7.00,TERMINATING,92,27,119,Affine template / Affine template
CP26_BENCHMARK_FINAL/BENCHMARK_SIMPLE_C_BPL/TERM_LASSO//lasso_traces_new_ex.t2.c/lasso_trace_44.txt,TERMINATING,0.29,37.60,7.00,TERMINATING,92,27,119,Affine template / Affine template
CP26_BENCHMARK_FINAL/BENCHMARK_SIMPLE_C_BPL/TERM_LASSO//lasso_traces_new_ex.t2.c/lasso_trace_45.txt,TERMINATING,0.25,39.25,7.00,TERMINATING,92,27,119,Affine template / Affine template
CP26_BENCHMARK_FINAL/BENCHMARK_SIMPLE_C_BPL/TERM_LASSO//lasso_traces_new_ex.t2.c/lasso_trace_46.txt,TERMINATING,0.33,41.63,7.00,TERMINATING,92,27,119,Affine template / Affine template
CP26_BENCHMARK_FINAL/BENCHMARK_SIMPLE_C_BPL/TERM_LASSO//lasso_traces_new_ex.t2.c/lasso_trace_47.txt,TERMINATING,0.25,39.16,7.00,TERMINATING,92,27,119,Affine template / Affine template
CP26_BENCHMARK_FINAL/BENCHMARK_SIMPLE_C_BPL/TERM_LASSO//lasso_traces_new_ex.t2.c/lasso_trace_48.txt,TERMINATING,0.29,38.13,7.00,TERMINATING,92,27,119,Affine template / Affine template
CP26_BENCHMARK_FINAL/BENCHMARK_SIMPLE_C_BPL/TERM_LASSO//lasso_traces_new_ex.t2.c/lasso_trace_49.txt,TERMINATING,0.27,40.88,7.00,TERMINATING,92,27,119,Affine template / Affine template
CP26_BENCHMARK_FINAL/BENCHMARK_SIMPLE_C_BPL/TERM_LASSO//lasso_traces_new_ex.t2.c/lasso_trace_5.txt,TERMINATING,0.32,43.92,7.00,TERMINATING,92,27,119,Affine template / Affine template
CP26_BENCHMARK_FINAL/BENCHMARK_SIMPLE_C_BPL/TERM_LASSO//lasso_traces_new_ex.t2.c/lasso_trace_50.txt,TERMINATING,0.24,38.46,7.00,TERMINATING,92,27,119,Affine template / Affine template
CP26_BENCHMARK_FINAL/BENCHMARK_SIMPLE_C_BPL/TERM_LASSO//lasso_traces_new_ex.t2.c/lasso_trace_51.txt,TERMINATING,0.30,38.81,7.00,TERMINATING,92,27,119,Affine template / Affine template
CP26_BENCHMARK_FINAL/BENCHMARK_SIMPLE_C_BPL/TERM_LASSO//lasso_traces_new_ex.t2.c/lasso_trace_52.txt,TERMINATING,0.29,37.45,7.00,TERMINATING,92,27,119,Affine template / Affine template
CP26_BENCHMARK_FINAL/BENCHMARK_SIMPLE_C_BPL/TERM_LASSO//lasso_traces_new_ex.t2.c/lasso_trace_53.txt,TERMINATING,0.28,38.67,7.00,TERMINATING,92,27,119,Affine template / Affine template
CP26_BENCHMARK_FINAL/BENCHMARK_SIMPLE_C_BPL/TERM_LASSO//lasso_traces_new_ex.t2.c/lasso_trace_54.txt,TERMINATING,0.27,38.81,7.00,TERMINATING,92,27,119,Affine template / Affine template
CP26_BENCHMARK_FINAL/BENCHMARK_SIMPLE_C_BPL/TERM_LASSO//lasso_traces_new_ex.t2.c/lasso_trace_55.txt,TERMINATING,0.29,38.61,8.00,TERMINATING,92,27,119,Affine template / Affine template
CP26_BENCHMARK_FINAL/BENCHMARK_SIMPLE_C_BPL/TERM_LASSO//lasso_traces_new_ex.t2.c/lasso_trace_56.txt,TERMINATING,0.29,36.47,7.00,TERMINATING,92,27,119,Affine template / Affine template
CP26_BENCHMARK_FINAL/BENCHMARK_SIMPLE_C_BPL/TERM_LASSO//lasso_traces_new_ex.t2.c/lasso_trace_57.txt,TERMINATING,0.28,37.75,8.00,TERMINATING,92,27,119,Affine template / Affine template
CP26_BENCHMARK_FINAL/BENCHMARK_SIMPLE_C_BPL/TERM_LASSO//lasso_traces_new_ex.t2.c/lasso_trace_58.txt,TERMINATING,0.27,44.19,7.00,TERMINATING,92,27,119,Affine template / Affine template
CP26_BENCHMARK_FINAL/BENCHMARK_SIMPLE_C_BPL/TERM_LASSO//lasso_traces_new_ex.t2.c/lasso_trace_59.txt,TERMINATING,0.36,37.43,8.00,TERMINATING,92,27,119,Affine template / Affine template
CP26_BENCHMARK_FINAL/BENCHMARK_SIMPLE_C_BPL/TERM_LASSO//lasso_traces_new_ex.t2.c/lasso_trace_6.txt,TERMINATING,0.30,40.98,7.00,TERMINATING,92,27,119,Affine template / Affine template
CP26_BENCHMARK_FINAL/BENCHMARK_SIMPLE_C_BPL/TERM_LASSO//lasso_traces_new_ex.t2.c/lasso_trace_60.txt,TERMINATING,0.41,37.49,7.00,TERMINATING,92,27,119,Affine template / Affine template
CP26_BENCHMARK_FINAL/BENCHMARK_SIMPLE_C_BPL/TERM_LASSO//lasso_traces_new_ex.t2.c/lasso_trace_61.txt,TERMINATING,0.29,37.09,9.00,TERMINATING,92,27,119,Affine template / Affine template
CP26_BENCHMARK_FINAL/BENCHMARK_SIMPLE_C_BPL/TERM_LASSO//lasso_traces_new_ex.t2.c/lasso_trace_62.txt,TERMINATING,0.27,49.74,7.00,TERMINATING,92,27,119,Affine template / Affine template
CP26_BENCHMARK_FINAL/BENCHMARK_SIMPLE_C_BPL/TERM_LASSO//lasso_traces_new_ex.t2.c/lasso_trace_63.txt,TERMINATING,0.27,47.42,7.00,TERMINATING,92,27,119,Affine template / Affine template
CP26_BENCHMARK_FINAL/BENCHMARK_SIMPLE_C_BPL/TERM_LASSO//lasso_traces_new_ex.t2.c/lasso_trace_64.txt,TERMINATING,0.26,40.22,8.00,TERMINATING,92,27,119,Affine template / Affine template
CP26_BENCHMARK_FINAL/BENCHMARK_SIMPLE_C_BPL/TERM_LASSO//lasso_traces_new_ex.t2.c/lasso_trace_65.txt,TERMINATING,0.30,41.15,8.00,TERMINATING,92,27,119,Affine template / Affine template
CP26_BENCHMARK_FINAL/BENCHMARK_SIMPLE_C_BPL/TERM_LASSO//lasso_traces_new_ex.t2.c/lasso_trace_66.txt,TERMINATING,0.26,42.54,8.00,TERMINATING,92,27,119,Affine template / Affine template
CP26_BENCHMARK_FINAL/BENCHMARK_SIMPLE_C_BPL/TERM_LASSO//lasso_traces_new_ex.t2.c/lasso_trace_67.txt,TERMINATING,0.27,39.84,7.00,TERMINATING,92,27,119,Affine template / Affine template
CP26_BENCHMARK_FINAL/BENCHMARK_SIMPLE_C_BPL/TERM_LASSO//lasso_traces_new_ex.t2.c/lasso_trace_68.txt,TERMINATING,0.24,41.59,8.00,TERMINATING,92,27,119,Affine template / Affine template
CP26_BENCHMARK_FINAL/BENCHMARK_SIMPLE_C_BPL/TERM_LASSO//lasso_traces_new_ex.t2.c/lasso_trace_69.txt,TERMINATING,0.35,39.80,7.00,TERMINATING,92,27,119,Affine template / Affine template
CP26_BENCHMARK_FINAL/BENCHMARK_SIMPLE_C_BPL/TERM_LASSO//lasso_traces_new_ex.t2.c/lasso_trace_7.txt,TERMINATING,0.33,38.19,7.00,TERMINATING,92,27,119,Affine template / Affine template
CP26_BENCHMARK_FINAL/BENCHMARK_SIMPLE_C_BPL/TERM_LASSO//lasso_traces_new_ex.t2.c/lasso_trace_70.txt,TERMINATING,0.24,40.18,8.00,TERMINATING,92,27,119,Affine template / Affine template
CP26_BENCHMARK_FINAL/BENCHMARK_SIMPLE_C_BPL/TERM_LASSO//lasso_traces_new_ex.t2.c/lasso_trace_71.txt,TERMINATING,0.28,39.64,8.00,TERMINATING,92,27,119,Affine template / Affine template
CP26_BENCHMARK_FINAL/BENCHMARK_SIMPLE_C_BPL/TERM_LASSO//lasso_traces_new_ex.t2.c/lasso_trace_72.txt,TERMINATING,0.28,38.04,7.00,TERMINATING,92,27,119,Affine template / Affine template
CP26_BENCHMARK_FINAL/BENCHMARK_SIMPLE_C_BPL/TERM_LASSO//lasso_traces_new_ex.t2.c/lasso_trace_73.txt,TERMINATING,0.32,38.59,7.00,TERMINATING,92,27,119,Affine template / Affine template
CP26_BENCHMARK_FINAL/BENCHMARK_SIMPLE_C_BPL/TERM_LASSO//lasso_traces_new_ex.t2.c/lasso_trace_74.txt,TERMINATING,0.28,39.88,9.00,TERMINATING,92,27,119,Affine template / Affine template
CP26_BENCHMARK_FINAL/BENCHMARK_SIMPLE_C_BPL/TERM_LASSO//lasso_traces_new_ex.t2.c/lasso_trace_75.txt,TERMINATING,0.30,40.61,8.00,TERMINATING,92,27,119,Affine template / Affine template
CP26_BENCHMARK_FINAL/BENCHMARK_SIMPLE_C_BPL/TERM_LASSO//lasso_traces_new_ex.t2.c/lasso_trace_76.txt,TERMINATING,0.26,39.86,7.00,TERMINATING,92,27,119,Affine template / Affine template
CP26_BENCHMARK_FINAL/BENCHMARK_SIMPLE_C_BPL/TERM_LASSO//lasso_traces_new_ex.t2.c/lasso_trace_77.txt,TERMINATING,0.29,40.28,8.00,TERMINATING,92,27,119,Affine template / Affine template
CP26_BENCHMARK_FINAL/BENCHMARK_SIMPLE_C_BPL/TERM_LASSO//lasso_traces_new_ex.t2.c/lasso_trace_78.txt,TERMINATING,0.34,43.37,7.00,TERMINATING,92,27,119,Affine template / Affine template
CP26_BENCHMARK_FINAL/BENCHMARK_SIMPLE_C_BPL/TERM_LASSO//lasso_traces_new_ex.t2.c/lasso_trace_79.txt,TERMINATING,0.33,38.63,8.00,TERMINATING,92,27,119,Affine template / Affine template
CP26_BENCHMARK_FINAL/BENCHMARK_SIMPLE_C_BPL/TERM_LASSO//lasso_traces_new_ex.t2.c/lasso_trace_8.txt,TERMINATING,0.25,39.42,7.00,TERMINATING,92,27,119,Affine template / Affine template
CP26_BENCHMARK_FINAL/BENCHMARK_SIMPLE_C_BPL/TERM_LASSO//lasso_traces_new_ex.t2.c/lasso_trace_80.txt,TERMINATING,0.25,39.51,7.00,TERMINATING,92,27,119,Affine template / Affine template
CP26_BENCHMARK_FINAL/BENCHMARK_SIMPLE_C_BPL/TERM_LASSO//lasso_traces_new_ex.t2.c/lasso_trace_81.txt,TERMINATING,0.33,39.83,7.00,TERMINATING,92,27,119,Affine template / Affine template
CP26_BENCHMARK_FINAL/BENCHMARK_SIMPLE_C_BPL/TERM_LASSO//lasso_traces_new_ex.t2.c/lasso_trace_82.txt,TERMINATING,0.40,40.19,7.00,TERMINATING,92,27,119,Affine template / Affine template
CP26_BENCHMARK_FINAL/BENCHMARK_SIMPLE_C_BPL/TERM_LASSO//lasso_traces_new_ex.t2.c/lasso_trace_83.txt,TERMINATING,0.28,39.12,7.00,TERMINATING,92,27,119,Affine template / Affine template
CP26_BENCHMARK_FINAL/BENCHMARK_SIMPLE_C_BPL/TERM_LASSO//lasso_traces_new_ex.t2.c/lasso_trace_84.txt,TERMINATING,0.28,39.86,7.00,TERMINATING,92,27,119,Affine template / Affine template
CP26_BENCHMARK_FINAL/BENCHMARK_SIMPLE_C_BPL/TERM_LASSO//lasso_traces_new_ex.t2.c/lasso_trace_85.txt,TERMINATING,0.35,48.55,8.00,TERMINATING,92,27,119,Affine template / Affine template
CP26_BENCHMARK_FINAL/BENCHMARK_SIMPLE_C_BPL/TERM_LASSO//lasso_traces_new_ex.t2.c/lasso_trace_86.txt,TERMINATING,0.30,39.25,9.00,TERMINATING,92,27,119,Affine template / Affine template
CP26_BENCHMARK_FINAL/BENCHMARK_SIMPLE_C_BPL/TERM_LASSO//lasso_traces_new_ex.t2.c/lasso_trace_87.txt,TERMINATING,0.26,37.65,8.00,TERMINATING,92,27,119,Affine template / Affine template
CP26_BENCHMARK_FINAL/BENCHMARK_SIMPLE_C_BPL/TERM_LASSO//lasso_traces_new_ex.t2.c/lasso_trace_88.txt,TERMINATING,0.30,49.36,8.00,TERMINATING,92,27,119,Affine template / Affine template
CP26_BENCHMARK_FINAL/BENCHMARK_SIMPLE_C_BPL/TERM_LASSO//lasso_traces_new_ex.t2.c/lasso_trace_89.txt,TERMINATING,0.36,39.52,8.00,TERMINATING,92,27,119,Affine template / Affine template
CP26_BENCHMARK_FINAL/BENCHMARK_SIMPLE_C_BPL/TERM_LASSO//lasso_traces_new_ex.t2.c/lasso_trace_9.txt,TERMINATING,0.27,41.34,7.00,TERMINATING,92,27,119,Affine template / Affine template
CP26_BENCHMARK_FINAL/BENCHMARK_SIMPLE_C_BPL/TERM_LASSO//lasso_traces_new_ex.t2.c/lasso_trace_90.txt,TERMINATING,0.55,38.26,8.00,TERMINATING,92,27,119,Affine template / Affine template
CP26_BENCHMARK_FINAL/BENCHMARK_SIMPLE_C_BPL/TERM_LASSO//lasso_traces_new_ex.t2.c/lasso_trace_91.txt,TERMINATING,0.30,38.30,7.00,TERMINATING,92,27,119,Affine template / Affine template
CP26_BENCHMARK_FINAL/BENCHMARK_SIMPLE_C_BPL/TERM_LASSO//lasso_traces_new_ex.t2.c/lasso_trace_92.txt,TERMINATING,0.38,40.65,7.00,TERMINATING,92,27,119,Affine template / Affine template
CP26_BENCHMARK_FINAL/BENCHMARK_SIMPLE_C_BPL/TERM_LASSO//lasso_traces_new_ex.t2.c/lasso_trace_93.txt,TERMINATING,0.30,42.58,7.00,TERMINATING,92,27,119,Affine template / Affine template
CP26_BENCHMARK_FINAL/BENCHMARK_SIMPLE_C_BPL/TERM_LASSO//lasso_traces_new_ex.t2.c/lasso_trace_94.txt,TERMINATING,0.27,38.15,8.00,TERMINATING,92,27,119,Affine template / Affine template
CP26_BENCHMARK_FINAL/BENCHMARK_SIMPLE_C_BPL/TERM_LASSO//lasso_traces_new_ex.t2.c/lasso_trace_95.txt,TERMINATING,0.30,44.13,7.00,TERMINATING,92,27,119,Affine template / Affine template
CP26_BENCHMARK_FINAL/BENCHMARK_SIMPLE_C_BPL/TERM_LASSO//lasso_traces_new_ex.t2.c/lasso_trace_96.txt,TERMINATING,0.27,38.92,9.00,TERMINATING,92,27,119,Affine template / Affine template
CP26_BENCHMARK_FINAL/BENCHMARK_SIMPLE_C_BPL/TERM_LASSO//lasso_traces_new_ex.t2.c/lasso_trace_97.txt,TERMINATING,0.31,47.36,8.00,TERMINATING,92,27,119,Affine template / Affine template
CP26_BENCHMARK_FINAL/BENCHMARK_SIMPLE_C_BPL/TERM_LASSO//lasso_traces_new_ex.t2.c/lasso_trace_98.txt,TERMINATING,0.30,37.40,8.00,TERMINATING,92,27,119,Affine template / Affine template
CP26_BENCHMARK_FINAL/BENCHMARK_SIMPLE_C_BPL/TERM_LASSO//lasso_traces_new_ex.t2.c/lasso_trace_99.txt,TERMINATING,0.32,42.87,7.00,TERMINATING,92,27,119,Affine template / Affine template
CP26_BENCHMARK_FINAL/BENCHMARK_SIMPLE_C_BPL/TERM_LASSO//lasso_traces_n_firewire_instrumented-PP.t2.c/lasso_trace_1.txt,TERMINATING,1.78,71.75,9.00,TERMINATING,50,45,95,Affine template / Affine template
CP26_BENCHMARK_FINAL/BENCHMARK_SIMPLE_C_BPL/TERM_LASSO//lasso_traces_n_firewire_instrumented-PP.t2.c/lasso_trace_11.txt,TERMINATING,0.37,51.11,14.00,TERMINATING,226,45,271,Affine template / Affine template
CP26_BENCHMARK_FINAL/BENCHMARK_SIMPLE_C_BPL/TERM_LASSO//lasso_traces_n_firewire_instrumented-PP.t2.c/lasso_trace_13.txt,TERMINATING,0.42,56.39,17.00,TERMINATING,250,178,428,Affine template / Affine template
CP26_BENCHMARK_FINAL/BENCHMARK_SIMPLE_C_BPL/TERM_LASSO//lasso_traces_n_firewire_instrumented-PP.t2.c/lasso_trace_14.txt,TERMINATING,0.39,54.34,13.00,TERMINATING,252,45,297,Affine template / Affine template
CP26_BENCHMARK_FINAL/BENCHMARK_SIMPLE_C_BPL/TERM_LASSO//lasso_traces_n_firewire_instrumented-PP.t2.c/lasso_trace_15.txt,TERMINATING,0.36,52.44,14.00,TERMINATING,408,45,453,Affine template / Affine template
CP26_BENCHMARK_FINAL/BENCHMARK_SIMPLE_C_BPL/TERM_LASSO//lasso_traces_n_firewire_instrumented-PP.t2.c/lasso_trace_16.txt,TERMINATING,0.33,54.84,12.00,TERMINATING,430,45,475,Affine template / Affine template
CP26_BENCHMARK_FINAL/BENCHMARK_SIMPLE_C_BPL/TERM_LASSO//lasso_traces_n_firewire_instrumented-PP.t2.c/lasso_trace_9.txt,TERMINATING,0.38,55.71,19.00,TERMINATING,224,182,406,Affine template / Affine template
CP26_BENCHMARK_FINAL/BENCHMARK_SIMPLE_C_BPL/TERM_LASSO//lasso_traces_NondeterministicLocalVarInitialValues.c/lasso_trace_1.txt,TERMINATING,1.69,44.74,5.00,TERMINATING,5,3,8,Affine template / Affine template
CP26_BENCHMARK_FINAL/BENCHMARK_SIMPLE_C_BPL/TERM_LASSO//lasso_traces_NondeterministicSvcomp.c/lasso_trace_1.txt,TERMINATING,1.83,49.72,8.00,TERMINATING,5,3,8,Affine template / Affine template
CP26_BENCHMARK_FINAL/BENCHMARK_SIMPLE_C_BPL/TERM_LASSO//lasso_traces_NonterminatingForLoopUnsafe.c/lasso_trace_1.txt,TERMINATING,1.77,65.41,8.00,TERMINATING,5,2,7,Affine template / Affine template
CP26_BENCHMARK_FINAL/BENCHMARK_SIMPLE_C_BPL/TERM_LASSO//lasso_traces_NonTermination2_false-termination.c/lasso_trace_1.txt,TERMINATING,1.79,65.89,10.00,TERMINATING,5,1,6,Affine template / Affine template
CP26_BENCHMARK_FINAL/BENCHMARK_SIMPLE_C_BPL/TERM_LASSO//lasso_traces_NoriSharma-2013FSE-Fig7-alloca_true-termination.c/lasso_trace_1.txt,TERMINATING,3.48,209.84,66.00,TERMINATING,10,10,20,Affine template / Affine template
CP26_BENCHMARK_FINAL/BENCHMARK_SIMPLE_C_BPL/TERM_LASSO//lasso_traces_NoriSharma-2013FSE-Fig7-alloca_true-termination.c/lasso_trace_2.txt,TERMINATING,2.47,207.11,96.00,TERMINATING,13,12,25,Affine template / Affine template
CP26_BENCHMARK_FINAL/BENCHMARK_SIMPLE_C_BPL/TERM_LASSO//lasso_traces_NoriSharma-2013FSE-Fig8-alloca_true-termination.c/lasso_trace_1.txt,TERMINATING,3.46,225.10,74.00,TERMINATING,12,9,21,Affine template / Affine template
CP26_BENCHMARK_FINAL/BENCHMARK_SIMPLE_C_BPL/TERM_LASSO//lasso_traces_NoriSharma-2013FSE-Fig8-alloca_true-termination.c/lasso_trace_2.txt,TERMINATING,2.14,204.00,79.00,TERMINATING,19,12,31,Affine template / Affine template
CP26_BENCHMARK_FINAL/BENCHMARK_SIMPLE_C_BPL/TERM_LASSO//lasso_traces_NoriSharma-2013FSE-Fig8-alloca_true-termination.c/lasso_trace_4.txt,TERMINATING,1.99,149.59,87.00,TERMINATING,24,9,33,Affine template / Affine template
CP26_BENCHMARK_FINAL/BENCHMARK_SIMPLE_C_BPL/TERM_LASSO//lasso_traces_NoriSharma-FSE2013-Fig7_true-termination.c/lasso_trace_1.txt,TERMINATING,2.00,125.39,54.00,UNKNOWN,5,1,6,Affine template
CP26_BENCHMARK_FINAL/BENCHMARK_SIMPLE_C_BPL/TERM_LASSO//lasso_traces_NoriSharma-FSE2013-Fig8_true-termination.c/lasso_trace_1.txt,TERMINATING,2.05,165.03,34.00,TERMINATING,5,1,6,Affine template / Affine template
CP26_BENCHMARK_FINAL/BENCHMARK_SIMPLE_C_BPL/TERM_LASSO//lasso_traces_NullpointerAfterLastIteration.c/lasso_trace_1.txt,TERMINATING,2.16,162.10,15.00,TERMINATING,5,2,7,Affine template / Affine template
CP26_BENCHMARK_FINAL/BENCHMARK_SIMPLE_C_BPL/TERM_LASSO//lasso_traces_Nyala-2lex_true-termination.c/lasso_trace_1.txt,TERMINATING,1.78,93.49,14.00,TERMINATING,5,1,6,Affine template / Affine template
CP26_BENCHMARK_FINAL/BENCHMARK_SIMPLE_C_BPL/TERM_LASSO//lasso_traces_openbsd_cbzero-alloca_true-termination.c/lasso_trace_1.txt,TERMINATING,2.15,84.56,35.00,TERMINATING,8,3,11,Affine template / Affine template
CP26_BENCHMARK_FINAL/BENCHMARK_SIMPLE_C_BPL/TERM_LASSO//lasso_traces_openbsd_cmemchr-alloca_true-termination.c/lasso_trace_1.txt,TERMINATING,2.38,181.70,57.00,TERMINATING,8,4,12,Affine template / Affine template
CP26_BENCHMARK_FINAL/BENCHMARK_SIMPLE_C_BPL/TERM_LASSO//lasso_traces_openbsd_cmemrchr-alloca_true-termination.c/lasso_trace_1.txt,TERMINATING,2.49,189.01,55.00,TERMINATING,8,4,12,Affine template / Affine template
CP26_BENCHMARK_FINAL/BENCHMARK_SIMPLE_C_BPL/TERM_LASSO//lasso_traces_openbsd_cmemset-alloca_true-termination.c/lasso_trace_1.txt,TERMINATING,2.15,101.05,25.00,TERMINATING,8,3,11,Affine template / Affine template
CP26_BENCHMARK_FINAL/BENCHMARK_SIMPLE_C_BPL/TERM_LASSO//lasso_traces_openbsd_cstpncpy-alloca_true-termination.c/lasso_trace_1.txt,TERMINATING,2.08,302.46,138.00,TERMINATING,9,5,14,Affine template / Nested template
CP26_BENCHMARK_FINAL/BENCHMARK_SIMPLE_C_BPL/TERM_LASSO//lasso_traces_openbsd_cstpncpy-alloca_true-termination.c/lasso_trace_2.txt,TERMINATING,0.76,2874.19,587.00,TERMINATING,13,3,16,Affine template / Affine template
CP26_BENCHMARK_FINAL/BENCHMARK_SIMPLE_C_BPL/TERM_LASSO//lasso_traces_openbsd_cstrcmp-alloca_true-termination.c/lasso_trace_1.txt,TERMINATING,0.88,288.34,186.00,TERMINATING,14,5,19,Affine template / Affine template
CP26_BENCHMARK_FINAL/BENCHMARK_SIMPLE_C_BPL/TERM_LASSO//lasso_traces_openbsd_cstrlcpy-alloca_true-termination.c/lasso_trace_1.txt,TERMINATING,2.35,277.66,190.00,TERMINATING,10,5,15,Affine template / Affine template
CP26_BENCHMARK_FINAL/BENCHMARK_SIMPLE_C_BPL/TERM_LASSO//lasso_traces_openbsd_cstrlcpy-alloca_true-termination.c/lasso_trace_4.txt,TERMINATING,0.84,202.64,100.00,TERMINATING,15,3,18,Affine template / Affine template
CP26_BENCHMARK_FINAL/BENCHMARK_SIMPLE_C_BPL/TERM_LASSO//lasso_traces_openbsd_cstrlen-alloca_true-termination.c/lasso_trace_1.txt,TERMINATING,2.04,167.85,34.00,TERMINATING,8,2,10,Affine template / Affine template
CP26_BENCHMARK_FINAL/BENCHMARK_SIMPLE_C_BPL/TERM_LASSO//lasso_traces_openbsd_cstrncat-alloca_true-termination.c/lasso_trace_1.txt,TERMINATING,2.00,172.94,39.00,TERMINATING,11,2,13,Affine template / Affine template
CP26_BENCHMARK_FINAL/BENCHMARK_SIMPLE_C_BPL/TERM_LASSO//lasso_traces_openbsd_cstrncpy-alloca_true-termination.c/lasso_trace_1.txt,TERMINATING,2.36,290.21,82.00,TERMINATING,9,5,14,Affine template / Affine template
CP26_BENCHMARK_FINAL/BENCHMARK_SIMPLE_C_BPL/TERM_LASSO//lasso_traces_openbsd_cstrncpy-alloca_true-termination.c/lasso_trace_2.txt,TERMINATING,0.65,477.53,138.00,TERMINATING,13,3,16,Affine template / Affine template
CP26_BENCHMARK_FINAL/BENCHMARK_SIMPLE_C_BPL/TERM_LASSO//lasso_traces_OrderDependentEquality.c/lasso_trace_1.txt,TERMINATING,1.92,95.10,17.00,TERMINATING,5,1,6,Affine template / Affine template
CP26_BENCHMARK_FINAL/BENCHMARK_SIMPLE_C_BPL/TERM_LASSO//lasso_traces_Overflow.c/lasso_trace_1.txt,TERMINATING,2.89,53.56,8.00,TERMINATING,5,1,6,Affine template / Affine template
CP26_BENCHMARK_FINAL/BENCHMARK_SIMPLE_C_BPL/TERM_LASSO//lasso_traces_p-12.t2.c/lasso_trace_1.txt,TERMINATING,1.79,51.27,5.00,TERMINATING,20,9,29,Affine template / Affine template
CP26_BENCHMARK_FINAL/BENCHMARK_SIMPLE_C_BPL/TERM_LASSO//lasso_traces_p-14.t2.c/lasso_trace_1.txt,TERMINATING,1.74,48.38,6.00,TERMINATING,20,13,33,Affine template / Affine template
CP26_BENCHMARK_FINAL/BENCHMARK_SIMPLE_C_BPL/TERM_LASSO//lasso_traces_p-15.t2.c/lasso_trace_1.txt,TERMINATING,1.78,53.21,4.00,TERMINATING,20,9,29,Affine template / Affine template
CP26_BENCHMARK_FINAL/BENCHMARK_SIMPLE_C_BPL/TERM_LASSO//lasso_traces_p-16.t2.c/lasso_trace_1.txt,TERMINATING,1.88,48.34,5.00,TERMINATING,20,9,29,Affine template / Affine template
CP26_BENCHMARK_FINAL/BENCHMARK_SIMPLE_C_BPL/TERM_LASSO//lasso_traces_p-18.t2.c/lasso_trace_1.txt,TERMINATING,1.76,45.48,5.00,TERMINATING,20,9,29,Affine template / Affine template
CP26_BENCHMARK_FINAL/BENCHMARK_SIMPLE_C_BPL/TERM_LASSO//lasso_traces_p-1b.t2.c/lasso_trace_1.txt,TERMINATING,1.92,53.03,7.00,TERMINATING,24,13,37,Affine template / Affine template
CP26_BENCHMARK_FINAL/BENCHMARK_SIMPLE_C_BPL/TERM_LASSO//lasso_traces_p-1d.t2.c/lasso_trace_1.txt,TERMINATING,1.78,60.47,6.00,TERMINATING,28,19,47,Affine template / Affine template
CP26_BENCHMARK_FINAL/BENCHMARK_SIMPLE_C_BPL/TERM_LASSO//lasso_traces_p-21.t2.c/lasso_trace_1.txt,TERMINATING,1.99,71.88,6.00,TERMINATING,24,14,38,Affine template / Affine template
CP26_BENCHMARK_FINAL/BENCHMARK_SIMPLE_C_BPL/TERM_LASSO//lasso_traces_p-21.t2.c/lasso_trace_2.txt,TERMINATING,0.43,41.16,6.00,TERMINATING,33,13,46,Affine template / Affine template
CP26_BENCHMARK_FINAL/BENCHMARK_SIMPLE_C_BPL/TERM_LASSO//lasso_traces_p-22.t2.c/lasso_trace_1.txt,TERMINATING,1.72,48.76,5.00,TERMINATING,25,9,34,Affine template / Affine template
CP26_BENCHMARK_FINAL/BENCHMARK_SIMPLE_C_BPL/TERM_LASSO//lasso_traces_p-37.t2.c/lasso_trace_1.txt,TERMINATING,1.93,60.94,10.00,TERMINATING,40,27,67,Affine template / Affine template
CP26_BENCHMARK_FINAL/BENCHMARK_SIMPLE_C_BPL/TERM_LASSO//lasso_traces_p-3.t2.c/lasso_trace_1.txt,TERMINATING,1.91,63.67,7.00,TERMINATING,24,15,39,Affine template / Affine template
CP26_BENCHMARK_FINAL/BENCHMARK_SIMPLE_C_BPL/TERM_LASSO//lasso_traces_p-40.t2.c/lasso_trace_1.txt,TERMINATING,2.26,71.28,6.00,TERMINATING,45,13,58,Affine template / Affine template
CP26_BENCHMARK_FINAL/BENCHMARK_SIMPLE_C_BPL/TERM_LASSO//lasso_traces_p-42.t2.c/lasso_trace_1.txt,TERMINATING,1.90,55.62,9.00,TERMINATING,24,14,38,Affine template / Affine template
CP26_BENCHMARK_FINAL/BENCHMARK_SIMPLE_C_BPL/TERM_LASSO//lasso_traces_p-43.t2.c/lasso_trace_1.txt,TERMINATING,1.60,60.51,9.00,TERMINATING,28,29,57,Affine template / Affine template
CP26_BENCHMARK_FINAL/BENCHMARK_SIMPLE_C_BPL/TERM_LASSO//lasso_traces_p-43.t2.c/lasso_trace_10.txt,TERMINATING,0.37,43.54,8.00,TERMINATING,191,29,220,Affine template / Affine template
CP26_BENCHMARK_FINAL/BENCHMARK_SIMPLE_C_BPL/TERM_LASSO//lasso_traces_p-43.t2.c/lasso_trace_11.txt,TERMINATING,0.28,37.74,8.00,TERMINATING,191,29,220,Affine template / Affine template
CP26_BENCHMARK_FINAL/BENCHMARK_SIMPLE_C_BPL/TERM_LASSO//lasso_traces_p-43.t2.c/lasso_trace_12.txt,TERMINATING,0.29,37.44,10.00,TERMINATING,191,29,220,Affine template / Affine template
CP26_BENCHMARK_FINAL/BENCHMARK_SIMPLE_C_BPL/TERM_LASSO//lasso_traces_p-43.t2.c/lasso_trace_13.txt,TERMINATING,0.29,36.80,10.00,TERMINATING,191,29,220,Affine template / Affine template
CP26_BENCHMARK_FINAL/BENCHMARK_SIMPLE_C_BPL/TERM_LASSO//lasso_traces_p-43.t2.c/lasso_trace_14.txt,TERMINATING,0.39,45.57,11.00,TERMINATING,191,29,220,Affine template / Affine template
CP26_BENCHMARK_FINAL/BENCHMARK_SIMPLE_C_BPL/TERM_LASSO//lasso_traces_p-43.t2.c/lasso_trace_15.txt,TERMINATING,0.31,41.80,10.00,TERMINATING,191,29,220,Affine template / Affine template
CP26_BENCHMARK_FINAL/BENCHMARK_SIMPLE_C_BPL/TERM_LASSO//lasso_traces_p-43.t2.c/lasso_trace_16.txt,TERMINATING,0.30,37.88,9.00,TERMINATING,191,29,220,Affine template / Affine template
CP26_BENCHMARK_FINAL/BENCHMARK_SIMPLE_C_BPL/TERM_LASSO//lasso_traces_p-43.t2.c/lasso_trace_17.txt,TERMINATING,0.25,38.46,10.00,TERMINATING,191,29,220,Affine template / Affine template
CP26_BENCHMARK_FINAL/BENCHMARK_SIMPLE_C_BPL/TERM_LASSO//lasso_traces_p-43.t2.c/lasso_trace_18.txt,TERMINATING,0.28,38.02,10.00,TERMINATING,191,29,220,Affine template / Affine template
CP26_BENCHMARK_FINAL/BENCHMARK_SIMPLE_C_BPL/TERM_LASSO//lasso_traces_p-43.t2.c/lasso_trace_19.txt,TERMINATING,0.33,39.53,8.00,TERMINATING,191,29,220,Affine template / Affine template
CP26_BENCHMARK_FINAL/BENCHMARK_SIMPLE_C_BPL/TERM_LASSO//lasso_traces_p-43.t2.c/lasso_trace_2.txt,TERMINATING,0.75,86.35,27.00,TERMINATING,47,40,87,Affine template / Affine template
CP26_BENCHMARK_FINAL/BENCHMARK_SIMPLE_C_BPL/TERM_LASSO//lasso_traces_p-43.t2.c/lasso_trace_20.txt,TERMINATING,0.28,40.89,8.00,TERMINATING,191,29,220,Affine template / Affine template
CP26_BENCHMARK_FINAL/BENCHMARK_SIMPLE_C_BPL/TERM_LASSO//lasso_traces_p-43.t2.c/lasso_trace_21.txt,TERMINATING,0.25,35.98,8.00,TERMINATING,191,29,220,Affine template / Affine template
CP26_BENCHMARK_FINAL/BENCHMARK_SIMPLE_C_BPL/TERM_LASSO//lasso_traces_p-43.t2.c/lasso_trace_22.txt,TERMINATING,0.29,42.58,8.00,TERMINATING,191,29,220,Affine template / Affine template
CP26_BENCHMARK_FINAL/BENCHMARK_SIMPLE_C_BPL/TERM_LASSO//lasso_traces_p-43.t2.c/lasso_trace_23.txt,TERMINATING,0.29,38.99,8.00,TERMINATING,191,29,220,Affine template / Affine template
CP26_BENCHMARK_FINAL/BENCHMARK_SIMPLE_C_BPL/TERM_LASSO//lasso_traces_p-43.t2.c/lasso_trace_24.txt,TERMINATING,0.25,39.65,10.00,TERMINATING,191,29,220,Affine template / Affine template
CP26_BENCHMARK_FINAL/BENCHMARK_SIMPLE_C_BPL/TERM_LASSO//lasso_traces_p-43.t2.c/lasso_trace_25.txt,TERMINATING,0.31,41.47,10.00,TERMINATING,191,29,220,Affine template / Affine template
CP26_BENCHMARK_FINAL/BENCHMARK_SIMPLE_C_BPL/TERM_LASSO//lasso_traces_p-43.t2.c/lasso_trace_26.txt,TERMINATING,0.30,36.20,8.00,TERMINATING,191,29,220,Affine template / Affine template
CP26_BENCHMARK_FINAL/BENCHMARK_SIMPLE_C_BPL/TERM_LASSO//lasso_traces_p-43.t2.c/lasso_trace_27.txt,TERMINATING,0.38,38.13,10.00,TERMINATING,191,29,220,Affine template / Affine template
CP26_BENCHMARK_FINAL/BENCHMARK_SIMPLE_C_BPL/TERM_LASSO//lasso_traces_p-43.t2.c/lasso_trace_28.txt,TERMINATING,0.28,39.39,10.00,TERMINATING,191,29,220,Affine template / Affine template
CP26_BENCHMARK_FINAL/BENCHMARK_SIMPLE_C_BPL/TERM_LASSO//lasso_traces_p-43.t2.c/lasso_trace_29.txt,TERMINATING,0.29,43.74,9.00,TERMINATING,191,29,220,Affine template / Affine template
CP26_BENCHMARK_FINAL/BENCHMARK_SIMPLE_C_BPL/TERM_LASSO//lasso_traces_p-43.t2.c/lasso_trace_3.txt,TERMINATING,0.29,38.70,7.00,TERMINATING,84,29,113,Affine template / Affine template
CP26_BENCHMARK_FINAL/BENCHMARK_SIMPLE_C_BPL/TERM_LASSO//lasso_traces_p-43.t2.c/lasso_trace_30.txt,TERMINATING,0.29,36.47,9.00,TERMINATING,191,29,220,Affine template / Affine template
CP26_BENCHMARK_FINAL/BENCHMARK_SIMPLE_C_BPL/TERM_LASSO//lasso_traces_p-43.t2.c/lasso_trace_31.txt,TERMINATING,0.32,37.51,10.00,TERMINATING,191,29,220,Affine template / Affine template
CP26_BENCHMARK_FINAL/BENCHMARK_SIMPLE_C_BPL/TERM_LASSO//lasso_traces_p-43.t2.c/lasso_trace_32.txt,TERMINATING,0.26,37.06,10.00,TERMINATING,191,29,220,Affine template / Affine template
CP26_BENCHMARK_FINAL/BENCHMARK_SIMPLE_C_BPL/TERM_LASSO//lasso_traces_p-43.t2.c/lasso_trace_33.txt,TERMINATING,0.29,36.56,9.00,TERMINATING,191,29,220,Affine template / Affine template
CP26_BENCHMARK_FINAL/BENCHMARK_SIMPLE_C_BPL/TERM_LASSO//lasso_traces_p-43.t2.c/lasso_trace_34.txt,TERMINATING,0.34,47.84,9.00,TERMINATING,191,29,220,Affine template / Affine template
CP26_BENCHMARK_FINAL/BENCHMARK_SIMPLE_C_BPL/TERM_LASSO//lasso_traces_p-43.t2.c/lasso_trace_35.txt,TERMINATING,0.24,35.67,10.00,TERMINATING,191,29,220,Affine template / Affine template
CP26_BENCHMARK_FINAL/BENCHMARK_SIMPLE_C_BPL/TERM_LASSO//lasso_traces_p-43.t2.c/lasso_trace_36.txt,TERMINATING,0.25,39.05,8.00,TERMINATING,191,29,220,Affine template / Affine template
CP26_BENCHMARK_FINAL/BENCHMARK_SIMPLE_C_BPL/TERM_LASSO//lasso_traces_p-43.t2.c/lasso_trace_37.txt,TERMINATING,0.30,39.98,9.00,TERMINATING,191,29,220,Affine template / Affine template
CP26_BENCHMARK_FINAL/BENCHMARK_SIMPLE_C_BPL/TERM_LASSO//lasso_traces_p-43.t2.c/lasso_trace_38.txt,TERMINATING,0.32,38.61,7.00,TERMINATING,191,29,220,Affine template / Affine template
CP26_BENCHMARK_FINAL/BENCHMARK_SIMPLE_C_BPL/TERM_LASSO//lasso_traces_p-43.t2.c/lasso_trace_39.txt,TERMINATING,0.32,38.11,8.00,TERMINATING,191,29,220,Affine template / Affine template
CP26_BENCHMARK_FINAL/BENCHMARK_SIMPLE_C_BPL/TERM_LASSO//lasso_traces_p-43.t2.c/lasso_trace_4.txt,TERMINATING,0.28,39.09,9.00,TERMINATING,113,29,142,Affine template / Affine template
CP26_BENCHMARK_FINAL/BENCHMARK_SIMPLE_C_BPL/TERM_LASSO//lasso_traces_p-43.t2.c/lasso_trace_40.txt,TERMINATING,0.26,36.76,8.00,TERMINATING,191,29,220,Affine template / Affine template
CP26_BENCHMARK_FINAL/BENCHMARK_SIMPLE_C_BPL/TERM_LASSO//lasso_traces_p-43.t2.c/lasso_trace_41.txt,TERMINATING,0.29,37.33,8.00,TERMINATING,191,29,220,Affine template / Affine template
CP26_BENCHMARK_FINAL/BENCHMARK_SIMPLE_C_BPL/TERM_LASSO//lasso_traces_p-43.t2.c/lasso_trace_42.txt,TERMINATING,0.30,37.55,9.00,TERMINATING,191,29,220,Affine template / Affine template
CP26_BENCHMARK_FINAL/BENCHMARK_SIMPLE_C_BPL/TERM_LASSO//lasso_traces_p-43.t2.c/lasso_trace_43.txt,TERMINATING,0.32,38.39,9.00,TERMINATING,191,29,220,Affine template / Affine template
CP26_BENCHMARK_FINAL/BENCHMARK_SIMPLE_C_BPL/TERM_LASSO//lasso_traces_p-43.t2.c/lasso_trace_44.txt,TERMINATING,0.25,41.15,8.00,TERMINATING,191,29,220,Affine template / Affine template
CP26_BENCHMARK_FINAL/BENCHMARK_SIMPLE_C_BPL/TERM_LASSO//lasso_traces_p-43.t2.c/lasso_trace_45.txt,TERMINATING,0.30,39.62,8.00,TERMINATING,191,29,220,Affine template / Affine template
CP26_BENCHMARK_FINAL/BENCHMARK_SIMPLE_C_BPL/TERM_LASSO//lasso_traces_p-43.t2.c/lasso_trace_46.txt,TERMINATING,0.37,39.00,10.00,TERMINATING,191,29,220,Affine template / Affine template
CP26_BENCHMARK_FINAL/BENCHMARK_SIMPLE_C_BPL/TERM_LASSO//lasso_traces_p-43.t2.c/lasso_trace_47.txt,TERMINATING,0.28,36.14,10.00,TERMINATING,191,29,220,Affine template / Affine template
CP26_BENCHMARK_FINAL/BENCHMARK_SIMPLE_C_BPL/TERM_LASSO//lasso_traces_p-43.t2.c/lasso_trace_48.txt,TERMINATING,0.31,38.98,10.00,TERMINATING,191,29,220,Affine template / Affine template
CP26_BENCHMARK_FINAL/BENCHMARK_SIMPLE_C_BPL/TERM_LASSO//lasso_traces_p-43.t2.c/lasso_trace_49.txt,TERMINATING,0.32,37.86,10.00,TERMINATING,191,29,220,Affine template / Affine template
CP26_BENCHMARK_FINAL/BENCHMARK_SIMPLE_C_BPL/TERM_LASSO//lasso_traces_p-43.t2.c/lasso_trace_5.txt,TERMINATING,0.26,39.19,9.00,TERMINATING,84,69,153,Affine template / Affine template
CP26_BENCHMARK_FINAL/BENCHMARK_SIMPLE_C_BPL/TERM_LASSO//lasso_traces_p-43.t2.c/lasso_trace_50.txt,TERMINATING,0.28,36.00,10.00,TERMINATING,191,29,220,Affine template / Affine template
CP26_BENCHMARK_FINAL/BENCHMARK_SIMPLE_C_BPL/TERM_LASSO//lasso_traces_p-43.t2.c/lasso_trace_51.txt,TERMINATING,0.28,38.95,9.00,TERMINATING,191,29,220,Affine template / Affine template
CP26_BENCHMARK_FINAL/BENCHMARK_SIMPLE_C_BPL/TERM_LASSO//lasso_traces_p-43.t2.c/lasso_trace_52.txt,TERMINATING,0.27,36.25,8.00,TERMINATING,191,29,220,Affine template / Affine template
CP26_BENCHMARK_FINAL/BENCHMARK_SIMPLE_C_BPL/TERM_LASSO//lasso_traces_p-43.t2.c/lasso_trace_53.txt,TERMINATING,0.31,45.79,8.00,TERMINATING,191,29,220,Affine template / Affine template
CP26_BENCHMARK_FINAL/BENCHMARK_SIMPLE_C_BPL/TERM_LASSO//lasso_traces_p-43.t2.c/lasso_trace_54.txt,TERMINATING,0.31,38.05,9.00,TERMINATING,191,29,220,Affine template / Affine template
CP26_BENCHMARK_FINAL/BENCHMARK_SIMPLE_C_BPL/TERM_LASSO//lasso_traces_p-43.t2.c/lasso_trace_55.txt,TERMINATING,0.33,38.95,8.00,TERMINATING,191,29,220,Affine template / Affine template
CP26_BENCHMARK_FINAL/BENCHMARK_SIMPLE_C_BPL/TERM_LASSO//lasso_traces_p-43.t2.c/lasso_trace_56.txt,TERMINATING,0.27,41.31,9.00,TERMINATING,191,29,220,Affine template / Affine template
CP26_BENCHMARK_FINAL/BENCHMARK_SIMPLE_C_BPL/TERM_LASSO//lasso_traces_p-43.t2.c/lasso_trace_57.txt,TERMINATING,0.30,37.75,9.00,TERMINATING,191,29,220,Affine template / Affine template
CP26_BENCHMARK_FINAL/BENCHMARK_SIMPLE_C_BPL/TERM_LASSO//lasso_traces_p-43.t2.c/lasso_trace_58.txt,TERMINATING,0.33,39.79,10.00,TERMINATING,191,29,220,Affine template / Affine template
CP26_BENCHMARK_FINAL/BENCHMARK_SIMPLE_C_BPL/TERM_LASSO//lasso_traces_p-43.t2.c/lasso_trace_59.txt,TERMINATING,0.29,41.28,9.00,TERMINATING,191,29,220,Affine template / Affine template
CP26_BENCHMARK_FINAL/BENCHMARK_SIMPLE_C_BPL/TERM_LASSO//lasso_traces_p-43.t2.c/lasso_trace_6.txt,TERMINATING,0.28,38.75,9.00,TERMINATING,137,69,206,Affine template / Affine template
CP26_BENCHMARK_FINAL/BENCHMARK_SIMPLE_C_BPL/TERM_LASSO//lasso_traces_p-43.t2.c/lasso_trace_60.txt,TERMINATING,0.37,49.00,9.00,TERMINATING,191,29,220,Affine template / Affine template
CP26_BENCHMARK_FINAL/BENCHMARK_SIMPLE_C_BPL/TERM_LASSO//lasso_traces_p-43.t2.c/lasso_trace_61.txt,TERMINATING,0.31,39.25,8.00,TERMINATING,191,29,220,Affine template / Affine template
CP26_BENCHMARK_FINAL/BENCHMARK_SIMPLE_C_BPL/TERM_LASSO//lasso_traces_p-43.t2.c/lasso_trace_62.txt,TERMINATING,0.45,36.58,9.00,TERMINATING,191,29,220,Affine template / Affine template
CP26_BENCHMARK_FINAL/BENCHMARK_SIMPLE_C_BPL/TERM_LASSO//lasso_traces_p-43.t2.c/lasso_trace_63.txt,TERMINATING,0.34,37.90,10.00,TERMINATING,191,29,220,Affine template / Affine template
CP26_BENCHMARK_FINAL/BENCHMARK_SIMPLE_C_BPL/TERM_LASSO//lasso_traces_p-43.t2.c/lasso_trace_64.txt,TERMINATING,0.32,44.46,10.00,TERMINATING,191,29,220,Affine template / Affine template
CP26_BENCHMARK_FINAL/BENCHMARK_SIMPLE_C_BPL/TERM_LASSO//lasso_traces_p-43.t2.c/lasso_trace_65.txt,TERMINATING,0.43,40.65,9.00,TERMINATING,191,29,220,Affine template / Affine template
CP26_BENCHMARK_FINAL/BENCHMARK_SIMPLE_C_BPL/TERM_LASSO//lasso_traces_p-43.t2.c/lasso_trace_66.txt,TERMINATING,0.32,42.83,10.00,TERMINATING,191,29,220,Affine template / Affine template
CP26_BENCHMARK_FINAL/BENCHMARK_SIMPLE_C_BPL/TERM_LASSO//lasso_traces_p-43.t2.c/lasso_trace_67.txt,TERMINATING,0.29,41.49,10.00,TERMINATING,191,29,220,Affine template / Affine template
CP26_BENCHMARK_FINAL/BENCHMARK_SIMPLE_C_BPL/TERM_LASSO//lasso_traces_p-43.t2.c/lasso_trace_68.txt,TERMINATING,0.30,37.16,11.00,TERMINATING,191,29,220,Affine template / Affine template
CP26_BENCHMARK_FINAL/BENCHMARK_SIMPLE_C_BPL/TERM_LASSO//lasso_traces_p-43.t2.c/lasso_trace_69.txt,TERMINATING,0.31,45.86,10.00,TERMINATING,191,29,220,Affine template / Affine template
CP26_BENCHMARK_FINAL/BENCHMARK_SIMPLE_C_BPL/TERM_LASSO//lasso_traces_p-43.t2.c/lasso_trace_7.txt,TERMINATING,0.34,77.87,26.00,TERMINATING,140,40,180,Affine template / Affine template
CP26_BENCHMARK_FINAL/BENCHMARK_SIMPLE_C_BPL/TERM_LASSO//lasso_traces_p-43.t2.c/lasso_trace_70.txt,TERMINATING,0.30,37.06,9.00,TERMINATING,191,29,220,Affine template / Affine template
CP26_BENCHMARK_FINAL/BENCHMARK_SIMPLE_C_BPL/TERM_LASSO//lasso_traces_p-43.t2.c/lasso_trace_71.txt,TERMINATING,0.38,36.46,10.00,TERMINATING,191,29,220,Affine template / Affine template
CP26_BENCHMARK_FINAL/BENCHMARK_SIMPLE_C_BPL/TERM_LASSO//lasso_traces_p-43.t2.c/lasso_trace_72.txt,TERMINATING,0.37,42.81,9.00,TERMINATING,191,29,220,Affine template / Affine template
CP26_BENCHMARK_FINAL/BENCHMARK_SIMPLE_C_BPL/TERM_LASSO//lasso_traces_p-43.t2.c/lasso_trace_73.txt,TERMINATING,0.32,47.47,8.00,TERMINATING,191,29,220,Affine template / Affine template
CP26_BENCHMARK_FINAL/BENCHMARK_SIMPLE_C_BPL/TERM_LASSO//lasso_traces_p-43.t2.c/lasso_trace_74.txt,TERMINATING,0.30,36.56,10.00,TERMINATING,191,29,220,Affine template / Affine template
CP26_BENCHMARK_FINAL/BENCHMARK_SIMPLE_C_BPL/TERM_LASSO//lasso_traces_p-43.t2.c/lasso_trace_75.txt,TERMINATING,0.32,36.66,8.00,TERMINATING,191,29,220,Affine template / Affine template
CP26_BENCHMARK_FINAL/BENCHMARK_SIMPLE_C_BPL/TERM_LASSO//lasso_traces_p-43.t2.c/lasso_trace_76.txt,TERMINATING,0.31,42.32,8.00,TERMINATING,191,29,220,Affine template / Affine template
CP26_BENCHMARK_FINAL/BENCHMARK_SIMPLE_C_BPL/TERM_LASSO//lasso_traces_p-43.t2.c/lasso_trace_77.txt,TERMINATING,0.28,36.20,8.00,TERMINATING,191,29,220,Affine template / Affine template
CP26_BENCHMARK_FINAL/BENCHMARK_SIMPLE_C_BPL/TERM_LASSO//lasso_traces_p-43.t2.c/lasso_trace_78.txt,TERMINATING,0.34,37.79,8.00,TERMINATING,191,29,220,Affine template / Affine template
CP26_BENCHMARK_FINAL/BENCHMARK_SIMPLE_C_BPL/TERM_LASSO//lasso_traces_p-43.t2.c/lasso_trace_79.txt,TERMINATING,0.26,41.49,9.00,TERMINATING,191,29,220,Affine template / Affine template
CP26_BENCHMARK_FINAL/BENCHMARK_SIMPLE_C_BPL/TERM_LASSO//lasso_traces_p-43.t2.c/lasso_trace_8.txt,TERMINATING,0.29,37.90,8.00,TERMINATING,191,29,220,Affine template / Affine template
CP26_BENCHMARK_FINAL/BENCHMARK_SIMPLE_C_BPL/TERM_LASSO//lasso_traces_p-43.t2.c/lasso_trace_80.txt,TERMINATING,0.39,38.48,9.00,TERMINATING,191,29,220,Affine template / Affine template
CP26_BENCHMARK_FINAL/BENCHMARK_SIMPLE_C_BPL/TERM_LASSO//lasso_traces_p-43.t2.c/lasso_trace_81.txt,TERMINATING,0.30,36.01,9.00,TERMINATING,191,29,220,Affine template / Affine template
CP26_BENCHMARK_FINAL/BENCHMARK_SIMPLE_C_BPL/TERM_LASSO//lasso_traces_p-43.t2.c/lasso_trace_82.txt,TERMINATING,0.30,39.91,9.00,TERMINATING,191,29,220,Affine template / Affine template
CP26_BENCHMARK_FINAL/BENCHMARK_SIMPLE_C_BPL/TERM_LASSO//lasso_traces_p-43.t2.c/lasso_trace_83.txt,TERMINATING,0.29,37.84,9.00,TERMINATING,191,29,220,Affine template / Affine template
CP26_BENCHMARK_FINAL/BENCHMARK_SIMPLE_C_BPL/TERM_LASSO//lasso_traces_p-43.t2.c/lasso_trace_84.txt,TERMINATING,0.31,37.23,11.00,TERMINATING,191,29,220,Affine template / Affine template
CP26_BENCHMARK_FINAL/BENCHMARK_SIMPLE_C_BPL/TERM_LASSO//lasso_traces_p-43.t2.c/lasso_trace_9.txt,TERMINATING,0.33,37.08,9.00,TERMINATING,191,29,220,Affine template / Affine template
CP26_BENCHMARK_FINAL/BENCHMARK_SIMPLE_C_BPL/TERM_LASSO//lasso_traces_p-43-terminate.t2.c/lasso_trace_10.txt,TERMINATING,0.38,57.18,15.00,TERMINATING,169,41,210,Affine template / Affine template
CP26_BENCHMARK_FINAL/BENCHMARK_SIMPLE_C_BPL/TERM_LASSO//lasso_traces_p-43-terminate.t2.c/lasso_trace_11.txt,TERMINATING,0.43,56.41,18.00,TERMINATING,160,48,208,Affine template / Affine template
CP26_BENCHMARK_FINAL/BENCHMARK_SIMPLE_C_BPL/TERM_LASSO//lasso_traces_p-43-terminate.t2.c/lasso_trace_12.txt,TERMINATING,0.38,65.51,18.00,TERMINATING,165,53,218,Affine template / Affine template
CP26_BENCHMARK_FINAL/BENCHMARK_SIMPLE_C_BPL/TERM_LASSO//lasso_traces_p-43-terminate.t2.c/lasso_trace_13.txt,TERMINATING,0.33,55.80,16.00,TERMINATING,214,50,264,Affine template / Affine template
CP26_BENCHMARK_FINAL/BENCHMARK_SIMPLE_C_BPL/TERM_LASSO//lasso_traces_p-43-terminate.t2.c/lasso_trace_14.txt,TERMINATING,0.43,58.64,17.00,TERMINATING,207,41,248,Affine template / Affine template
CP26_BENCHMARK_FINAL/BENCHMARK_SIMPLE_C_BPL/TERM_LASSO//lasso_traces_p-43-terminate.t2.c/lasso_trace_15.txt,TERMINATING,0.30,55.58,14.00,TERMINATING,229,61,290,Affine template / Affine template
CP26_BENCHMARK_FINAL/BENCHMARK_SIMPLE_C_BPL/TERM_LASSO//lasso_traces_p-43-terminate.t2.c/lasso_trace_16.txt,TERMINATING,0.40,59.68,19.00,TERMINATING,245,41,286,Affine template / Affine template
CP26_BENCHMARK_FINAL/BENCHMARK_SIMPLE_C_BPL/TERM_LASSO//lasso_traces_p-43-terminate.t2.c/lasso_trace_17.txt,TERMINATING,0.51,76.02,29.00,TERMINATING,290,89,379,Affine template / Affine template
CP26_BENCHMARK_FINAL/BENCHMARK_SIMPLE_C_BPL/TERM_LASSO//lasso_traces_p-43-terminate.t2.c/lasso_trace_18.txt,TERMINATING,0.51,140.00,52.00,TERMINATING,296,48,344,Affine template / Affine template
CP26_BENCHMARK_FINAL/BENCHMARK_SIMPLE_C_BPL/TERM_LASSO//lasso_traces_p-43-terminate.t2.c/lasso_trace_2.txt,TERMINATING,1.55,71.90,13.00,TERMINATING,56,50,106,Affine template / Affine template
CP26_BENCHMARK_FINAL/BENCHMARK_SIMPLE_C_BPL/TERM_LASSO//lasso_traces_p-43-terminate.t2.c/lasso_trace_20.txt,TERMINATING,0.45,58.95,19.00,TERMINATING,306,41,347,Affine template / Affine template
CP26_BENCHMARK_FINAL/BENCHMARK_SIMPLE_C_BPL/TERM_LASSO//lasso_traces_p-43-terminate.t2.c/lasso_trace_21.txt,TERMINATING,0.45,124.20,48.00,TERMINATING,352,48,400,Affine template / Affine template
CP26_BENCHMARK_FINAL/BENCHMARK_SIMPLE_C_BPL/TERM_LASSO//lasso_traces_p-43-terminate.t2.c/lasso_trace_3.txt,TERMINATING,0.78,112.07,38.00,TERMINATING,116,61,177,Affine template / Affine template
CP26_BENCHMARK_FINAL/BENCHMARK_SIMPLE_C_BPL/TERM_LASSO//lasso_traces_p-43-terminate.t2.c/lasso_trace_4.txt,TERMINATING,0.42,60.60,16.00,TERMINATING,119,48,167,Affine template / Affine template
CP26_BENCHMARK_FINAL/BENCHMARK_SIMPLE_C_BPL/TERM_LASSO//lasso_traces_p-43-terminate.t2.c/lasso_trace_5.txt,TERMINATING,0.48,68.29,25.00,TERMINATING,153,89,242,Affine template / Affine template
CP26_BENCHMARK_FINAL/BENCHMARK_SIMPLE_C_BPL/TERM_LASSO//lasso_traces_p-43-terminate.t2.c/lasso_trace_6.txt,TERMINATING,0.43,58.41,18.00,TERMINATING,156,41,197,Affine template / Affine template
CP26_BENCHMARK_FINAL/BENCHMARK_SIMPLE_C_BPL/TERM_LASSO//lasso_traces_p-43-terminate.t2.c/lasso_trace_7.txt,TERMINATING,0.43,52.13,18.00,TERMINATING,164,50,214,Affine template / Affine template
CP26_BENCHMARK_FINAL/BENCHMARK_SIMPLE_C_BPL/TERM_LASSO//lasso_traces_p-44.t2.c/lasso_trace_1.txt,TERMINATING,1.55,55.34,11.00,TERMINATING,24,23,47,Affine template / Affine template
CP26_BENCHMARK_FINAL/BENCHMARK_SIMPLE_C_BPL/TERM_LASSO//lasso_traces_p-45.t2.c/lasso_trace_1.txt,TERMINATING,1.99,80.81,9.00,TERMINATING,40,34,74,Affine template / Affine template
CP26_BENCHMARK_FINAL/BENCHMARK_SIMPLE_C_BPL/TERM_LASSO//lasso_traces_p-46.t2.c/lasso_trace_1.txt,TERMINATING,1.64,59.32,8.00,TERMINATING,36,26,62,Affine template / Affine template
CP26_BENCHMARK_FINAL/BENCHMARK_SIMPLE_C_BPL/TERM_LASSO//lasso_traces_p-46.t2.c/lasso_trace_10.txt,TERMINATING,0.32,42.04,10.00,TERMINATING,134,26,160,Affine template / Affine template
CP26_BENCHMARK_FINAL/BENCHMARK_SIMPLE_C_BPL/TERM_LASSO//lasso_traces_p-46.t2.c/lasso_trace_100.txt,TERMINATING,0.37,41.12,9.00,TERMINATING,134,26,160,Affine template / Affine template
CP26_BENCHMARK_FINAL/BENCHMARK_SIMPLE_C_BPL/TERM_LASSO//lasso_traces_p-46.t2.c/lasso_trace_101.txt,TERMINATING,0.38,41.78,8.00,TERMINATING,134,26,160,Affine template / Affine template
CP26_BENCHMARK_FINAL/BENCHMARK_SIMPLE_C_BPL/TERM_LASSO//lasso_traces_p-46.t2.c/lasso_trace_102.txt,TERMINATING,0.37,40.83,9.00,TERMINATING,134,26,160,Affine template / Affine template
CP26_BENCHMARK_FINAL/BENCHMARK_SIMPLE_C_BPL/TERM_LASSO//lasso_traces_p-46.t2.c/lasso_trace_103.txt,TERMINATING,0.38,50.43,11.00,TERMINATING,134,26,160,Affine template / Affine template
CP26_BENCHMARK_FINAL/BENCHMARK_SIMPLE_C_BPL/TERM_LASSO//lasso_traces_p-46.t2.c/lasso_trace_104.txt,TERMINATING,0.34,40.77,10.00,TERMINATING,134,26,160,Affine template / Affine template
CP26_BENCHMARK_FINAL/BENCHMARK_SIMPLE_C_BPL/TERM_LASSO//lasso_traces_p-46.t2.c/lasso_trace_105.txt,TERMINATING,0.35,39.54,10.00,TERMINATING,134,26,160,Affine template / Affine template
CP26_BENCHMARK_FINAL/BENCHMARK_SIMPLE_C_BPL/TERM_LASSO//lasso_traces_p-46.t2.c/lasso_trace_106.txt,TERMINATING,0.33,36.48,7.00,TERMINATING,134,26,160,Affine template / Affine template
CP26_BENCHMARK_FINAL/BENCHMARK_SIMPLE_C_BPL/TERM_LASSO//lasso_traces_p-46.t2.c/lasso_trace_107.txt,TERMINATING,0.39,43.42,9.00,TERMINATING,134,26,160,Affine template / Affine template
CP26_BENCHMARK_FINAL/BENCHMARK_SIMPLE_C_BPL/TERM_LASSO//lasso_traces_p-46.t2.c/lasso_trace_108.txt,TERMINATING,0.37,38.74,10.00,TERMINATING,134,26,160,Affine template / Affine template
CP26_BENCHMARK_FINAL/BENCHMARK_SIMPLE_C_BPL/TERM_LASSO//lasso_traces_p-46.t2.c/lasso_trace_109.txt,TERMINATING,0.38,40.24,10.00,TERMINATING,134,26,160,Affine template / Affine template
CP26_BENCHMARK_FINAL/BENCHMARK_SIMPLE_C_BPL/TERM_LASSO//lasso_traces_p-46.t2.c/lasso_trace_11.txt,TERMINATING,0.32,43.07,9.00,TERMINATING,134,26,160,Affine template / Affine template
CP26_BENCHMARK_FINAL/BENCHMARK_SIMPLE_C_BPL/TERM_LASSO//lasso_traces_p-46.t2.c/lasso_trace_110.txt,TERMINATING,0.39,40.21,9.00,TERMINATING,134,26,160,Affine template / Affine template
CP26_BENCHMARK_FINAL/BENCHMARK_SIMPLE_C_BPL/TERM_LASSO//lasso_traces_p-46.t2.c/lasso_trace_111.txt,TERMINATING,0.41,41.47,10.00,TERMINATING,134,26,160,Affine template / Affine template
CP26_BENCHMARK_FINAL/BENCHMARK_SIMPLE_C_BPL/TERM_LASSO//lasso_traces_p-46.t2.c/lasso_trace_112.txt,TERMINATING,0.33,42.73,8.00,TERMINATING,134,26,160,Affine template / Affine template
CP26_BENCHMARK_FINAL/BENCHMARK_SIMPLE_C_BPL/TERM_LASSO//lasso_traces_p-46.t2.c/lasso_trace_113.txt,TERMINATING,0.35,41.50,10.00,TERMINATING,134,26,160,Affine template / Affine template
CP26_BENCHMARK_FINAL/BENCHMARK_SIMPLE_C_BPL/TERM_LASSO//lasso_traces_p-46.t2.c/lasso_trace_114.txt,TERMINATING,0.30,38.45,9.00,TERMINATING,134,26,160,Affine template / Affine template
CP26_BENCHMARK_FINAL/BENCHMARK_SIMPLE_C_BPL/TERM_LASSO//lasso_traces_p-46.t2.c/lasso_trace_115.txt,TERMINATING,0.29,45.56,10.00,TERMINATING,134,26,160,Affine template / Affine template
CP26_BENCHMARK_FINAL/BENCHMARK_SIMPLE_C_BPL/TERM_LASSO//lasso_traces_p-46.t2.c/lasso_trace_116.txt,TERMINATING,0.38,39.97,12.00,TERMINATING,134,26,160,Affine template / Affine template
CP26_BENCHMARK_FINAL/BENCHMARK_SIMPLE_C_BPL/TERM_LASSO//lasso_traces_p-46.t2.c/lasso_trace_117.txt,TERMINATING,0.38,38.99,9.00,TERMINATING,134,26,160,Affine template / Affine template
CP26_BENCHMARK_FINAL/BENCHMARK_SIMPLE_C_BPL/TERM_LASSO//lasso_traces_p-46.t2.c/lasso_trace_118.txt,TERMINATING,0.37,43.17,8.00,TERMINATING,134,26,160,Affine template / Affine template
CP26_BENCHMARK_FINAL/BENCHMARK_SIMPLE_C_BPL/TERM_LASSO//lasso_traces_p-46.t2.c/lasso_trace_119.txt,TERMINATING,0.35,44.64,9.00,TERMINATING,134,26,160,Affine template / Affine template
CP26_BENCHMARK_FINAL/BENCHMARK_SIMPLE_C_BPL/TERM_LASSO//lasso_traces_p-46.t2.c/lasso_trace_12.txt,TERMINATING,0.40,39.83,9.00,TERMINATING,134,26,160,Affine template / Affine template
CP26_BENCHMARK_FINAL/BENCHMARK_SIMPLE_C_BPL/TERM_LASSO//lasso_traces_p-46.t2.c/lasso_trace_120.txt,TERMINATING,0.31,41.38,9.00,TERMINATING,134,26,160,Affine template / Affine template
CP26_BENCHMARK_FINAL/BENCHMARK_SIMPLE_C_BPL/TERM_LASSO//lasso_traces_p-46.t2.c/lasso_trace_121.txt,TERMINATING,0.37,39.37,11.00,TERMINATING,134,26,160,Affine template / Affine template
CP26_BENCHMARK_FINAL/BENCHMARK_SIMPLE_C_BPL/TERM_LASSO//lasso_traces_p-46.t2.c/lasso_trace_122.txt,TERMINATING,0.51,57.58,10.00,TERMINATING,134,26,160,Affine template / Affine template
CP26_BENCHMARK_FINAL/BENCHMARK_SIMPLE_C_BPL/TERM_LASSO//lasso_traces_p-46.t2.c/lasso_trace_123.txt,TERMINATING,0.36,42.75,10.00,TERMINATING,134,26,160,Affine template / Affine template
CP26_BENCHMARK_FINAL/BENCHMARK_SIMPLE_C_BPL/TERM_LASSO//lasso_traces_p-46.t2.c/lasso_trace_124.txt,TERMINATING,0.37,38.81,10.00,TERMINATING,134,26,160,Affine template / Affine template
CP26_BENCHMARK_FINAL/BENCHMARK_SIMPLE_C_BPL/TERM_LASSO//lasso_traces_p-46.t2.c/lasso_trace_125.txt,TERMINATING,0.36,45.92,9.00,TERMINATING,134,26,160,Affine template / Affine template
CP26_BENCHMARK_FINAL/BENCHMARK_SIMPLE_C_BPL/TERM_LASSO//lasso_traces_p-46.t2.c/lasso_trace_126.txt,TERMINATING,0.40,40.87,10.00,TERMINATING,134,26,160,Affine template / Affine template
CP26_BENCHMARK_FINAL/BENCHMARK_SIMPLE_C_BPL/TERM_LASSO//lasso_traces_p-46.t2.c/lasso_trace_127.txt,TERMINATING,0.37,39.04,11.00,TERMINATING,134,26,160,Affine template / Affine template
CP26_BENCHMARK_FINAL/BENCHMARK_SIMPLE_C_BPL/TERM_LASSO//lasso_traces_p-46.t2.c/lasso_trace_128.txt,TERMINATING,0.39,43.64,8.00,TERMINATING,134,26,160,Affine template / Affine template
CP26_BENCHMARK_FINAL/BENCHMARK_SIMPLE_C_BPL/TERM_LASSO//lasso_traces_p-46.t2.c/lasso_trace_129.txt,TERMINATING,0.44,39.51,9.00,TERMINATING,134,26,160,Affine template / Affine template
CP26_BENCHMARK_FINAL/BENCHMARK_SIMPLE_C_BPL/TERM_LASSO//lasso_traces_p-46.t2.c/lasso_trace_13.txt,TERMINATING,0.33,42.34,10.00,TERMINATING,134,26,160,Affine template / Affine template
CP26_BENCHMARK_FINAL/BENCHMARK_SIMPLE_C_BPL/TERM_LASSO//lasso_traces_p-46.t2.c/lasso_trace_130.txt,TERMINATING,0.34,45.69,8.00,TERMINATING,134,26,160,Affine template / Affine template
CP26_BENCHMARK_FINAL/BENCHMARK_SIMPLE_C_BPL/TERM_LASSO//lasso_traces_p-46.t2.c/lasso_trace_131.txt,TERMINATING,0.31,41.94,9.00,TERMINATING,134,26,160,Affine template / Affine template
CP26_BENCHMARK_FINAL/BENCHMARK_SIMPLE_C_BPL/TERM_LASSO//lasso_traces_p-46.t2.c/lasso_trace_132.txt,TERMINATING,0.37,38.40,9.00,TERMINATING,134,26,160,Affine template / Affine template
CP26_BENCHMARK_FINAL/BENCHMARK_SIMPLE_C_BPL/TERM_LASSO//lasso_traces_p-46.t2.c/lasso_trace_133.txt,TERMINATING,0.41,39.79,9.00,TERMINATING,134,26,160,Affine template / Affine template
CP26_BENCHMARK_FINAL/BENCHMARK_SIMPLE_C_BPL/TERM_LASSO//lasso_traces_p-46.t2.c/lasso_trace_134.txt,TERMINATING,0.28,39.39,8.00,TERMINATING,134,26,160,Affine template / Affine template
CP26_BENCHMARK_FINAL/BENCHMARK_SIMPLE_C_BPL/TERM_LASSO//lasso_traces_p-46.t2.c/lasso_trace_135.txt,TERMINATING,0.47,45.53,10.00,TERMINATING,134,26,160,Affine template / Affine template
CP26_BENCHMARK_FINAL/BENCHMARK_SIMPLE_C_BPL/TERM_LASSO//lasso_traces_p-46.t2.c/lasso_trace_136.txt,TERMINATING,0.28,40.30,8.00,TERMINATING,134,26,160,Affine template / Affine template
CP26_BENCHMARK_FINAL/BENCHMARK_SIMPLE_C_BPL/TERM_LASSO//lasso_traces_p-46.t2.c/lasso_trace_137.txt,TERMINATING,0.31,45.26,11.00,TERMINATING,134,26,160,Affine template / Affine template
CP26_BENCHMARK_FINAL/BENCHMARK_SIMPLE_C_BPL/TERM_LASSO//lasso_traces_p-46.t2.c/lasso_trace_138.txt,TERMINATING,0.37,37.69,9.00,TERMINATING,134,26,160,Affine template / Affine template
CP26_BENCHMARK_FINAL/BENCHMARK_SIMPLE_C_BPL/TERM_LASSO//lasso_traces_p-46.t2.c/lasso_trace_139.txt,TERMINATING,0.31,40.54,11.00,TERMINATING,134,26,160,Affine template / Affine template
CP26_BENCHMARK_FINAL/BENCHMARK_SIMPLE_C_BPL/TERM_LASSO//lasso_traces_p-46.t2.c/lasso_trace_14.txt,TERMINATING,0.34,44.84,11.00,TERMINATING,134,26,160,Affine template / Affine template
CP26_BENCHMARK_FINAL/BENCHMARK_SIMPLE_C_BPL/TERM_LASSO//lasso_traces_p-46.t2.c/lasso_trace_140.txt,TERMINATING,0.34,38.73,10.00,TERMINATING,134,26,160,Affine template / Affine template
CP26_BENCHMARK_FINAL/BENCHMARK_SIMPLE_C_BPL/TERM_LASSO//lasso_traces_p-46.t2.c/lasso_trace_141.txt,TERMINATING,0.34,43.14,10.00,TERMINATING,134,26,160,Affine template / Affine template
CP26_BENCHMARK_FINAL/BENCHMARK_SIMPLE_C_BPL/TERM_LASSO//lasso_traces_p-46.t2.c/lasso_trace_142.txt,TERMINATING,0.33,38.03,8.00,TERMINATING,134,26,160,Affine template / Affine template
CP26_BENCHMARK_FINAL/BENCHMARK_SIMPLE_C_BPL/TERM_LASSO//lasso_traces_p-46.t2.c/lasso_trace_143.txt,TERMINATING,0.28,39.40,9.00,TERMINATING,134,26,160,Affine template / Affine template
CP26_BENCHMARK_FINAL/BENCHMARK_SIMPLE_C_BPL/TERM_LASSO//lasso_traces_p-46.t2.c/lasso_trace_144.txt,TERMINATING,0.33,39.63,10.00,TERMINATING,134,26,160,Affine template / Affine template
CP26_BENCHMARK_FINAL/BENCHMARK_SIMPLE_C_BPL/TERM_LASSO//lasso_traces_p-46.t2.c/lasso_trace_145.txt,TERMINATING,0.28,40.44,8.00,TERMINATING,134,26,160,Affine template / Affine template
CP26_BENCHMARK_FINAL/BENCHMARK_SIMPLE_C_BPL/TERM_LASSO//lasso_traces_p-46.t2.c/lasso_trace_146.txt,TERMINATING,0.31,38.02,13.00,TERMINATING,134,26,160,Affine template / Affine template
CP26_BENCHMARK_FINAL/BENCHMARK_SIMPLE_C_BPL/TERM_LASSO//lasso_traces_p-46.t2.c/lasso_trace_147.txt,TERMINATING,0.33,38.52,11.00,TERMINATING,134,26,160,Affine template / Affine template
CP26_BENCHMARK_FINAL/BENCHMARK_SIMPLE_C_BPL/TERM_LASSO//lasso_traces_p-46.t2.c/lasso_trace_148.txt,TERMINATING,0.38,40.11,9.00,TERMINATING,134,26,160,Affine template / Affine template
CP26_BENCHMARK_FINAL/BENCHMARK_SIMPLE_C_BPL/TERM_LASSO//lasso_traces_p-46.t2.c/lasso_trace_149.txt,TERMINATING,0.28,41.79,10.00,TERMINATING,134,26,160,Affine template / Affine template
CP26_BENCHMARK_FINAL/BENCHMARK_SIMPLE_C_BPL/TERM_LASSO//lasso_traces_p-46.t2.c/lasso_trace_15.txt,TERMINATING,0.36,41.45,11.00,TERMINATING,134,26,160,Affine template / Affine template
CP26_BENCHMARK_FINAL/BENCHMARK_SIMPLE_C_BPL/TERM_LASSO//lasso_traces_p-46.t2.c/lasso_trace_150.txt,TERMINATING,0.31,40.15,14.00,TERMINATING,134,26,160,Affine template / Affine template
CP26_BENCHMARK_FINAL/BENCHMARK_SIMPLE_C_BPL/TERM_LASSO//lasso_traces_p-46.t2.c/lasso_trace_16.txt,TERMINATING,0.32,48.86,9.00,TERMINATING,134,26,160,Affine template / Affine template
CP26_BENCHMARK_FINAL/BENCHMARK_SIMPLE_C_BPL/TERM_LASSO//lasso_traces_p-46.t2.c/lasso_trace_17.txt,TERMINATING,0.34,48.79,9.00,TERMINATING,134,26,160,Affine template / Affine template
CP26_BENCHMARK_FINAL/BENCHMARK_SIMPLE_C_BPL/TERM_LASSO//lasso_traces_p-46.t2.c/lasso_trace_18.txt,TERMINATING,0.34,44.82,8.00,TERMINATING,134,26,160,Affine template / Affine template
CP26_BENCHMARK_FINAL/BENCHMARK_SIMPLE_C_BPL/TERM_LASSO//lasso_traces_p-46.t2.c/lasso_trace_19.txt,TERMINATING,0.37,46.18,9.00,TERMINATING,134,26,160,Affine template / Affine template
CP26_BENCHMARK_FINAL/BENCHMARK_SIMPLE_C_BPL/TERM_LASSO//lasso_traces_p-46.t2.c/lasso_trace_2.txt,TERMINATING,0.81,295.02,62.00,TERMINATING,69,50,119,Affine template / Affine template
CP26_BENCHMARK_FINAL/BENCHMARK_SIMPLE_C_BPL/TERM_LASSO//lasso_traces_p-46.t2.c/lasso_trace_20.txt,TERMINATING,0.39,42.05,9.00,TERMINATING,134,26,160,Affine template / Affine template
CP26_BENCHMARK_FINAL/BENCHMARK_SIMPLE_C_BPL/TERM_LASSO//lasso_traces_p-46.t2.c/lasso_trace_21.txt,TERMINATING,0.38,46.36,9.00,TERMINATING,134,26,160,Affine template / Affine template
CP26_BENCHMARK_FINAL/BENCHMARK_SIMPLE_C_BPL/TERM_LASSO//lasso_traces_p-46.t2.c/lasso_trace_22.txt,TERMINATING,0.38,42.01,11.00,TERMINATING,134,26,160,Affine template / Affine template
CP26_BENCHMARK_FINAL/BENCHMARK_SIMPLE_C_BPL/TERM_LASSO//lasso_traces_p-46.t2.c/lasso_trace_23.txt,TERMINATING,0.39,43.57,10.00,TERMINATING,134,26,160,Affine template / Affine template
CP26_BENCHMARK_FINAL/BENCHMARK_SIMPLE_C_BPL/TERM_LASSO//lasso_traces_p-46.t2.c/lasso_trace_24.txt,TERMINATING,0.44,39.62,9.00,TERMINATING,134,26,160,Affine template / Affine template
CP26_BENCHMARK_FINAL/BENCHMARK_SIMPLE_C_BPL/TERM_LASSO//lasso_traces_p-46.t2.c/lasso_trace_25.txt,TERMINATING,0.38,41.63,12.00,TERMINATING,134,26,160,Affine template / Affine template
CP26_BENCHMARK_FINAL/BENCHMARK_SIMPLE_C_BPL/TERM_LASSO//lasso_traces_p-46.t2.c/lasso_trace_26.txt,TERMINATING,0.35,43.56,10.00,TERMINATING,134,26,160,Affine template / Affine template
CP26_BENCHMARK_FINAL/BENCHMARK_SIMPLE_C_BPL/TERM_LASSO//lasso_traces_p-46.t2.c/lasso_trace_27.txt,TERMINATING,0.41,42.08,10.00,TERMINATING,134,26,160,Affine template / Affine template
CP26_BENCHMARK_FINAL/BENCHMARK_SIMPLE_C_BPL/TERM_LASSO//lasso_traces_p-46.t2.c/lasso_trace_28.txt,TERMINATING,0.33,42.79,10.00,TERMINATING,134,26,160,Affine template / Affine template
CP26_BENCHMARK_FINAL/BENCHMARK_SIMPLE_C_BPL/TERM_LASSO//lasso_traces_p-46.t2.c/lasso_trace_29.txt,TERMINATING,0.39,41.35,10.00,TERMINATING,134,26,160,Affine template / Affine template
CP26_BENCHMARK_FINAL/BENCHMARK_SIMPLE_C_BPL/TERM_LASSO//lasso_traces_p-46.t2.c/lasso_trace_30.txt,TERMINATING,0.36,41.58,9.00,TERMINATING,134,26,160,Affine template / Affine template
CP26_BENCHMARK_FINAL/BENCHMARK_SIMPLE_C_BPL/TERM_LASSO//lasso_traces_p-46.t2.c/lasso_trace_31.txt,TERMINATING,0.29,43.21,10.00,TERMINATING,134,26,160,Affine template / Affine template
CP26_BENCHMARK_FINAL/BENCHMARK_SIMPLE_C_BPL/TERM_LASSO//lasso_traces_p-46.t2.c/lasso_trace_32.txt,TERMINATING,0.29,44.95,10.00,TERMINATING,134,26,160,Affine template / Affine template
CP26_BENCHMARK_FINAL/BENCHMARK_SIMPLE_C_BPL/TERM_LASSO//lasso_traces_p-46.t2.c/lasso_trace_33.txt,TERMINATING,0.36,46.35,8.00,TERMINATING,134,26,160,Affine template / Affine template
CP26_BENCHMARK_FINAL/BENCHMARK_SIMPLE_C_BPL/TERM_LASSO//lasso_traces_p-46.t2.c/lasso_trace_34.txt,TERMINATING,0.54,40.33,9.00,TERMINATING,134,26,160,Affine template / Affine template
CP26_BENCHMARK_FINAL/BENCHMARK_SIMPLE_C_BPL/TERM_LASSO//lasso_traces_p-46.t2.c/lasso_trace_35.txt,TERMINATING,0.54,40.80,9.00,TERMINATING,134,26,160,Affine template / Affine template
CP26_BENCHMARK_FINAL/BENCHMARK_SIMPLE_C_BPL/TERM_LASSO//lasso_traces_p-46.t2.c/lasso_trace_36.txt,TERMINATING,0.34,41.33,10.00,TERMINATING,134,26,160,Affine template / Affine template
CP26_BENCHMARK_FINAL/BENCHMARK_SIMPLE_C_BPL/TERM_LASSO//lasso_traces_p-46.t2.c/lasso_trace_37.txt,TERMINATING,0.27,48.91,10.00,TERMINATING,134,26,160,Affine template / Affine template
CP26_BENCHMARK_FINAL/BENCHMARK_SIMPLE_C_BPL/TERM_LASSO//lasso_traces_p-46.t2.c/lasso_trace_38.txt,TERMINATING,0.36,40.86,9.00,TERMINATING,134,26,160,Affine template / Affine template
CP26_BENCHMARK_FINAL/BENCHMARK_SIMPLE_C_BPL/TERM_LASSO//lasso_traces_p-46.t2.c/lasso_trace_39.txt,TERMINATING,0.30,42.19,11.00,TERMINATING,134,26,160,Affine template / Affine template
CP26_BENCHMARK_FINAL/BENCHMARK_SIMPLE_C_BPL/TERM_LASSO//lasso_traces_p-46.t2.c/lasso_trace_4.txt,TERMINATING,0.54,111.40,53.00,TERMINATING,80,58,138,Affine template / Affine template
CP26_BENCHMARK_FINAL/BENCHMARK_SIMPLE_C_BPL/TERM_LASSO//lasso_traces_p-46.t2.c/lasso_trace_40.txt,TERMINATING,0.36,44.65,9.00,TERMINATING,134,26,160,Affine template / Affine template
CP26_BENCHMARK_FINAL/BENCHMARK_SIMPLE_C_BPL/TERM_LASSO//lasso_traces_p-46.t2.c/lasso_trace_41.txt,TERMINATING,0.29,41.22,10.00,TERMINATING,134,26,160,Affine template / Affine template
CP26_BENCHMARK_FINAL/BENCHMARK_SIMPLE_C_BPL/TERM_LASSO//lasso_traces_p-46.t2.c/lasso_trace_42.txt,TERMINATING,0.33,40.85,10.00,TERMINATING,134,26,160,Affine template / Affine template
CP26_BENCHMARK_FINAL/BENCHMARK_SIMPLE_C_BPL/TERM_LASSO//lasso_traces_p-46.t2.c/lasso_trace_43.txt,TERMINATING,0.35,41.61,9.00,TERMINATING,134,26,160,Affine template / Affine template
CP26_BENCHMARK_FINAL/BENCHMARK_SIMPLE_C_BPL/TERM_LASSO//lasso_traces_p-46.t2.c/lasso_trace_44.txt,TERMINATING,0.36,42.63,10.00,TERMINATING,134,26,160,Affine template / Affine template
CP26_BENCHMARK_FINAL/BENCHMARK_SIMPLE_C_BPL/TERM_LASSO//lasso_traces_p-46.t2.c/lasso_trace_45.txt,TERMINATING,0.32,45.53,10.00,TERMINATING,134,26,160,Affine template / Affine template
CP26_BENCHMARK_FINAL/BENCHMARK_SIMPLE_C_BPL/TERM_LASSO//lasso_traces_p-46.t2.c/lasso_trace_46.txt,TERMINATING,0.38,39.17,10.00,TERMINATING,134,26,160,Affine template / Affine template
CP26_BENCHMARK_FINAL/BENCHMARK_SIMPLE_C_BPL/TERM_LASSO//lasso_traces_p-46.t2.c/lasso_trace_47.txt,TERMINATING,0.35,40.86,10.00,TERMINATING,134,26,160,Affine template / Affine template
CP26_BENCHMARK_FINAL/BENCHMARK_SIMPLE_C_BPL/TERM_LASSO//lasso_traces_p-46.t2.c/lasso_trace_48.txt,TERMINATING,0.39,40.01,10.00,TERMINATING,134,26,160,Affine template / Affine template
CP26_BENCHMARK_FINAL/BENCHMARK_SIMPLE_C_BPL/TERM_LASSO//lasso_traces_p-46.t2.c/lasso_trace_49.txt,TERMINATING,0.35,40.53,9.00,TERMINATING,134,26,160,Affine template / Affine template
CP26_BENCHMARK_FINAL/BENCHMARK_SIMPLE_C_BPL/TERM_LASSO//lasso_traces_p-46.t2.c/lasso_trace_5.txt,TERMINATING,0.47,44.91,15.00,TERMINATING,102,26,128,Affine template / Affine template
CP26_BENCHMARK_FINAL/BENCHMARK_SIMPLE_C_BPL/TERM_LASSO//lasso_traces_p-46.t2.c/lasso_trace_50.txt,TERMINATING,0.37,41.85,10.00,TERMINATING,134,26,160,Affine template / Affine template
CP26_BENCHMARK_FINAL/BENCHMARK_SIMPLE_C_BPL/TERM_LASSO//lasso_traces_p-46.t2.c/lasso_trace_51.txt,TERMINATING,0.34,42.44,10.00,TERMINATING,134,26,160,Affine template / Affine template
CP26_BENCHMARK_FINAL/BENCHMARK_SIMPLE_C_BPL/TERM_LASSO//lasso_traces_p-46.t2.c/lasso_trace_52.txt,TERMINATING,0.31,45.69,10.00,TERMINATING,134,26,160,Affine template / Affine template
CP26_BENCHMARK_FINAL/BENCHMARK_SIMPLE_C_BPL/TERM_LASSO//lasso_traces_p-46.t2.c/lasso_trace_53.txt,TERMINATING,0.32,40.53,9.00,TERMINATING,134,26,160,Affine template / Affine template
CP26_BENCHMARK_FINAL/BENCHMARK_SIMPLE_C_BPL/TERM_LASSO//lasso_traces_p-46.t2.c/lasso_trace_54.txt,TERMINATING,0.34,38.11,10.00,TERMINATING,134,26,160,Affine template / Affine template
CP26_BENCHMARK_FINAL/BENCHMARK_SIMPLE_C_BPL/TERM_LASSO//lasso_traces_p-46.t2.c/lasso_trace_55.txt,TERMINATING,0.37,42.73,10.00,TERMINATING,134,26,160,Affine template / Affine template
CP26_BENCHMARK_FINAL/BENCHMARK_SIMPLE_C_BPL/TERM_LASSO//lasso_traces_p-46.t2.c/lasso_trace_56.txt,TERMINATING,0.33,42.36,9.00,TERMINATING,134,26,160,Affine template / Affine template
CP26_BENCHMARK_FINAL/BENCHMARK_SIMPLE_C_BPL/TERM_LASSO//lasso_traces_p-46.t2.c/lasso_trace_57.txt,TERMINATING,0.41,41.58,9.00,TERMINATING,134,26,160,Affine template / Affine template
CP26_BENCHMARK_FINAL/BENCHMARK_SIMPLE_C_BPL/TERM_LASSO//lasso_traces_p-46.t2.c/lasso_trace_58.txt,TERMINATING,0.37,50.12,9.00,TERMINATING,134,26,160,Affine template / Affine template
CP26_BENCHMARK_FINAL/BENCHMARK_SIMPLE_C_BPL/TERM_LASSO//lasso_traces_p-46.t2.c/lasso_trace_59.txt,TERMINATING,0.37,41.34,8.00,TERMINATING,134,26,160,Affine template / Affine template
CP26_BENCHMARK_FINAL/BENCHMARK_SIMPLE_C_BPL/TERM_LASSO//lasso_traces_p-46.t2.c/lasso_trace_6.txt,TERMINATING,0.45,48.21,15.00,TERMINATING,128,26,154,Affine template / Affine template
CP26_BENCHMARK_FINAL/BENCHMARK_SIMPLE_C_BPL/TERM_LASSO//lasso_traces_p-46.t2.c/lasso_trace_60.txt,TERMINATING,0.42,42.14,10.00,TERMINATING,134,26,160,Affine template / Affine template
CP26_BENCHMARK_FINAL/BENCHMARK_SIMPLE_C_BPL/TERM_LASSO//lasso_traces_p-46.t2.c/lasso_trace_61.txt,TERMINATING,0.38,41.21,7.00,TERMINATING,134,26,160,Affine template / Affine template
CP26_BENCHMARK_FINAL/BENCHMARK_SIMPLE_C_BPL/TERM_LASSO//lasso_traces_p-46.t2.c/lasso_trace_62.txt,TERMINATING,0.36,42.49,9.00,TERMINATING,134,26,160,Affine template / Affine template
CP26_BENCHMARK_FINAL/BENCHMARK_SIMPLE_C_BPL/TERM_LASSO//lasso_traces_p-46.t2.c/lasso_trace_63.txt,TERMINATING,0.39,42.05,10.00,TERMINATING,134,26,160,Affine template / Affine template
CP26_BENCHMARK_FINAL/BENCHMARK_SIMPLE_C_BPL/TERM_LASSO//lasso_traces_p-46.t2.c/lasso_trace_64.txt,TERMINATING,0.38,41.01,9.00,TERMINATING,134,26,160,Affine template / Affine template
CP26_BENCHMARK_FINAL/BENCHMARK_SIMPLE_C_BPL/TERM_LASSO//lasso_traces_p-46.t2.c/lasso_trace_65.txt,TERMINATING,0.30,50.14,10.00,TERMINATING,134,26,160,Affine template / Affine template
CP26_BENCHMARK_FINAL/BENCHMARK_SIMPLE_C_BPL/TERM_LASSO//lasso_traces_p-46.t2.c/lasso_trace_66.txt,TERMINATING,0.38,42.39,10.00,TERMINATING,134,26,160,Affine template / Affine template
CP26_BENCHMARK_FINAL/BENCHMARK_SIMPLE_C_BPL/TERM_LASSO//lasso_traces_p-46.t2.c/lasso_trace_67.txt,TERMINATING,0.33,39.64,9.00,TERMINATING,134,26,160,Affine template / Affine template
CP26_BENCHMARK_FINAL/BENCHMARK_SIMPLE_C_BPL/TERM_LASSO//lasso_traces_p-46.t2.c/lasso_trace_68.txt,TERMINATING,0.39,42.44,9.00,TERMINATING,134,26,160,Affine template / Affine template
CP26_BENCHMARK_FINAL/BENCHMARK_SIMPLE_C_BPL/TERM_LASSO//lasso_traces_p-46.t2.c/lasso_trace_69.txt,TERMINATING,0.45,39.71,9.00,TERMINATING,134,26,160,Affine template / Affine template
CP26_BENCHMARK_FINAL/BENCHMARK_SIMPLE_C_BPL/TERM_LASSO//lasso_traces_p-46.t2.c/lasso_trace_7.txt,TERMINATING,0.66,51.45,39.00,UNKNOWN,102,76,178,Affine template
CP26_BENCHMARK_FINAL/BENCHMARK_SIMPLE_C_BPL/TERM_LASSO//lasso_traces_p-46.t2.c/lasso_trace_70.txt,TERMINATING,0.41,41.38,9.00,TERMINATING,134,26,160,Affine template / Affine template
CP26_BENCHMARK_FINAL/BENCHMARK_SIMPLE_C_BPL/TERM_LASSO//lasso_traces_p-46.t2.c/lasso_trace_71.txt,TERMINATING,0.44,41.08,10.00,TERMINATING,134,26,160,Affine template / Affine template
CP26_BENCHMARK_FINAL/BENCHMARK_SIMPLE_C_BPL/TERM_LASSO//lasso_traces_p-46.t2.c/lasso_trace_72.txt,TERMINATING,0.31,40.31,11.00,TERMINATING,134,26,160,Affine template / Affine template
CP26_BENCHMARK_FINAL/BENCHMARK_SIMPLE_C_BPL/TERM_LASSO//lasso_traces_p-46.t2.c/lasso_trace_73.txt,TERMINATING,0.34,40.47,8.00,TERMINATING,134,26,160,Affine template / Affine template
CP26_BENCHMARK_FINAL/BENCHMARK_SIMPLE_C_BPL/TERM_LASSO//lasso_traces_p-46.t2.c/lasso_trace_74.txt,TERMINATING,0.36,41.71,10.00,TERMINATING,134,26,160,Affine template / Affine template
CP26_BENCHMARK_FINAL/BENCHMARK_SIMPLE_C_BPL/TERM_LASSO//lasso_traces_p-46.t2.c/lasso_trace_75.txt,TERMINATING,0.36,39.45,10.00,TERMINATING,134,26,160,Affine template / Affine template
CP26_BENCHMARK_FINAL/BENCHMARK_SIMPLE_C_BPL/TERM_LASSO//lasso_traces_p-46.t2.c/lasso_trace_76.txt,TERMINATING,0.38,41.67,11.00,TERMINATING,134,26,160,Affine template / Affine template
CP26_BENCHMARK_FINAL/BENCHMARK_SIMPLE_C_BPL/TERM_LASSO//lasso_traces_p-46.t2.c/lasso_trace_77.txt,TERMINATING,0.37,39.73,8.00,TERMINATING,134,26,160,Affine template / Affine template
CP26_BENCHMARK_FINAL/BENCHMARK_SIMPLE_C_BPL/TERM_LASSO//lasso_traces_p-46.t2.c/lasso_trace_78.txt,TERMINATING,0.37,43.80,10.00,TERMINATING,134,26,160,Affine template / Affine template
CP26_BENCHMARK_FINAL/BENCHMARK_SIMPLE_C_BPL/TERM_LASSO//lasso_traces_p-46.t2.c/lasso_trace_79.txt,TERMINATING,0.34,39.97,9.00,TERMINATING,134,26,160,Affine template / Affine template
CP26_BENCHMARK_FINAL/BENCHMARK_SIMPLE_C_BPL/TERM_LASSO//lasso_traces_p-46.t2.c/lasso_trace_8.txt,TERMINATING,0.36,44.36,13.00,TERMINATING,134,26,160,Affine template / Affine template
CP26_BENCHMARK_FINAL/BENCHMARK_SIMPLE_C_BPL/TERM_LASSO//lasso_traces_p-46.t2.c/lasso_trace_80.txt,TERMINATING,0.38,39.25,10.00,TERMINATING,134,26,160,Affine template / Affine template
CP26_BENCHMARK_FINAL/BENCHMARK_SIMPLE_C_BPL/TERM_LASSO//lasso_traces_p-46.t2.c/lasso_trace_81.txt,TERMINATING,0.36,42.16,13.00,TERMINATING,134,26,160,Affine template / Affine template
CP26_BENCHMARK_FINAL/BENCHMARK_SIMPLE_C_BPL/TERM_LASSO//lasso_traces_p-46.t2.c/lasso_trace_82.txt,TERMINATING,0.34,42.17,10.00,TERMINATING,134,26,160,Affine template / Affine template
CP26_BENCHMARK_FINAL/BENCHMARK_SIMPLE_C_BPL/TERM_LASSO//lasso_traces_p-46.t2.c/lasso_trace_83.txt,TERMINATING,0.35,43.72,8.00,TERMINATING,134,26,160,Affine template / Affine template
CP26_BENCHMARK_FINAL/BENCHMARK_SIMPLE_C_BPL/TERM_LASSO//lasso_traces_p-46.t2.c/lasso_trace_84.txt,TERMINATING,0.47,39.23,9.00,TERMINATING,134,26,160,Affine template / Affine template
CP26_BENCHMARK_FINAL/BENCHMARK_SIMPLE_C_BPL/TERM_LASSO//lasso_traces_p-46.t2.c/lasso_trace_85.txt,TERMINATING,0.33,41.41,11.00,TERMINATING,134,26,160,Affine template / Affine template
CP26_BENCHMARK_FINAL/BENCHMARK_SIMPLE_C_BPL/TERM_LASSO//lasso_traces_p-46.t2.c/lasso_trace_86.txt,TERMINATING,0.32,40.80,9.00,TERMINATING,134,26,160,Affine template / Affine template
CP26_BENCHMARK_FINAL/BENCHMARK_SIMPLE_C_BPL/TERM_LASSO//lasso_traces_p-46.t2.c/lasso_trace_87.txt,TERMINATING,0.38,43.96,10.00,TERMINATING,134,26,160,Affine template / Affine template
CP26_BENCHMARK_FINAL/BENCHMARK_SIMPLE_C_BPL/TERM_LASSO//lasso_traces_p-46.t2.c/lasso_trace_88.txt,TERMINATING,0.37,46.88,8.00,TERMINATING,134,26,160,Affine template / Affine template
CP26_BENCHMARK_FINAL/BENCHMARK_SIMPLE_C_BPL/TERM_LASSO//lasso_traces_p-46.t2.c/lasso_trace_89.txt,TERMINATING,0.33,43.10,10.00,TERMINATING,134,26,160,Affine template / Affine template
CP26_BENCHMARK_FINAL/BENCHMARK_SIMPLE_C_BPL/TERM_LASSO//lasso_traces_p-46.t2.c/lasso_trace_9.txt,TERMINATING,0.41,42.42,9.00,TERMINATING,134,26,160,Affine template / Affine template
CP26_BENCHMARK_FINAL/BENCHMARK_SIMPLE_C_BPL/TERM_LASSO//lasso_traces_p-46.t2.c/lasso_trace_90.txt,TERMINATING,0.37,41.74,10.00,TERMINATING,134,26,160,Affine template / Affine template
CP26_BENCHMARK_FINAL/BENCHMARK_SIMPLE_C_BPL/TERM_LASSO//lasso_traces_p-46.t2.c/lasso_trace_91.txt,TERMINATING,0.34,40.00,8.00,TERMINATING,134,26,160,Affine template / Affine template
CP26_BENCHMARK_FINAL/BENCHMARK_SIMPLE_C_BPL/TERM_LASSO//lasso_traces_p-46.t2.c/lasso_trace_92.txt,TERMINATING,0.38,39.73,8.00,TERMINATING,134,26,160,Affine template / Affine template
CP26_BENCHMARK_FINAL/BENCHMARK_SIMPLE_C_BPL/TERM_LASSO//lasso_traces_p-46.t2.c/lasso_trace_93.txt,TERMINATING,0.37,45.00,10.00,TERMINATING,134,26,160,Affine template / Affine template
CP26_BENCHMARK_FINAL/BENCHMARK_SIMPLE_C_BPL/TERM_LASSO//lasso_traces_p-46.t2.c/lasso_trace_94.txt,TERMINATING,0.42,44.30,8.00,TERMINATING,134,26,160,Affine template / Affine template
CP26_BENCHMARK_FINAL/BENCHMARK_SIMPLE_C_BPL/TERM_LASSO//lasso_traces_p-46.t2.c/lasso_trace_95.txt,TERMINATING,0.28,39.59,10.00,TERMINATING,134,26,160,Affine template / Affine template
CP26_BENCHMARK_FINAL/BENCHMARK_SIMPLE_C_BPL/TERM_LASSO//lasso_traces_p-46.t2.c/lasso_trace_96.txt,TERMINATING,0.37,40.07,8.00,TERMINATING,134,26,160,Affine template / Affine template
CP26_BENCHMARK_FINAL/BENCHMARK_SIMPLE_C_BPL/TERM_LASSO//lasso_traces_p-46.t2.c/lasso_trace_97.txt,TERMINATING,0.53,41.11,10.00,TERMINATING,134,26,160,Affine template / Affine template
CP26_BENCHMARK_FINAL/BENCHMARK_SIMPLE_C_BPL/TERM_LASSO//lasso_traces_p-46.t2.c/lasso_trace_98.txt,TERMINATING,0.40,39.79,9.00,TERMINATING,134,26,160,Affine template / Affine template
CP26_BENCHMARK_FINAL/BENCHMARK_SIMPLE_C_BPL/TERM_LASSO//lasso_traces_p-46.t2.c/lasso_trace_99.txt,TERMINATING,0.34,39.19,11.00,TERMINATING,134,26,160,Affine template / Affine template
CP26_BENCHMARK_FINAL/BENCHMARK_SIMPLE_C_BPL/TERM_LASSO//lasso_traces_p-49.t2.c/lasso_trace_1.txt,TERMINATING,1.76,43.97,7.00,TERMINATING,20,9,29,Affine template / Affine template
CP26_BENCHMARK_FINAL/BENCHMARK_SIMPLE_C_BPL/TERM_LASSO//lasso_traces_p-4.t2.c/lasso_trace_1.txt,TERMINATING,1.97,57.27,7.00,TERMINATING,24,10,34,Affine template / Affine template
CP26_BENCHMARK_FINAL/BENCHMARK_SIMPLE_C_BPL/TERM_LASSO//lasso_traces_p-4.t2.c/lasso_trace_2.txt,TERMINATING,0.49,83.14,27.00,TERMINATING,36,13,49,Affine template / Affine template
CP26_BENCHMARK_FINAL/BENCHMARK_SIMPLE_C_BPL/TERM_LASSO//lasso_traces_p-4.t2.c/lasso_trace_3.txt,TERMINATING,0.34,38.36,9.00,TERMINATING,42,10,52,Affine template / Affine template
CP26_BENCHMARK_FINAL/BENCHMARK_SIMPLE_C_BPL/TERM_LASSO//lasso_traces_p-55.t2.c/lasso_trace_1.txt,TERMINATING,1.86,64.13,7.00,TERMINATING,24,19,43,Affine template / Affine template
CP26_BENCHMARK_FINAL/BENCHMARK_SIMPLE_C_BPL/TERM_LASSO//lasso_traces_p-55.t2.c/lasso_trace_2.txt,TERMINATING,0.43,81.35,25.00,TERMINATING,27,26,53,Affine template / Affine template
CP26_BENCHMARK_FINAL/BENCHMARK_SIMPLE_C_BPL/TERM_LASSO//lasso_traces_p-55.t2.c/lasso_trace_3.txt,TERMINATING,0.30,38.60,8.00,TERMINATING,43,26,69,Affine template / Affine template
CP26_BENCHMARK_FINAL/BENCHMARK_SIMPLE_C_BPL/TERM_LASSO//lasso_traces_p-56.t2.c/lasso_trace_1.txt,TERMINATING,1.92,60.07,8.00,TERMINATING,34,14,48,Affine template / Affine template
CP26_BENCHMARK_FINAL/BENCHMARK_SIMPLE_C_BPL/TERM_LASSO//lasso_traces_p-5.t2.c/lasso_trace_1.txt,TERMINATING,1.94,71.85,10.00,TERMINATING,68,18,86,Affine template / Affine template
CP26_BENCHMARK_FINAL/BENCHMARK_SIMPLE_C_BPL/TERM_LASSO//lasso_traces_p-60.t2.c/lasso_trace_1.txt,TERMINATING,1.67,61.44,6.00,TERMINATING,42,14,56,Affine template / Affine template
CP26_BENCHMARK_FINAL/BENCHMARK_SIMPLE_C_BPL/TERM_LASSO//lasso_traces_p-61.t2.c/lasso_trace_1.txt,TERMINATING,2.17,61.73,7.00,TERMINATING,32,18,50,Affine template / Affine template
CP26_BENCHMARK_FINAL/BENCHMARK_SIMPLE_C_BPL/TERM_LASSO//lasso_traces_p-63.t2.c/lasso_trace_1.txt,TERMINATING,1.64,53.31,6.00,TERMINATING,49,13,62,Affine template / Affine template
CP26_BENCHMARK_FINAL/BENCHMARK_SIMPLE_C_BPL/TERM_LASSO//lasso_traces_p-6.t2.c/lasso_trace_1.txt,TERMINATING,1.99,57.06,8.00,TERMINATING,28,19,47,Affine template / Affine template
CP26_BENCHMARK_FINAL/BENCHMARK_SIMPLE_C_BPL/TERM_LASSO//lasso_traces_p-7b.t2.c/lasso_trace_1.txt,TERMINATING,1.98,66.93,8.00,TERMINATING,28,12,40,Affine template / Affine template
CP26_BENCHMARK_FINAL/BENCHMARK_SIMPLE_C_BPL/TERM_LASSO//lasso_traces_p-7.t2.c/lasso_trace_2.txt,TERMINATING,1.79,58.31,9.00,TERMINATING,28,25,53,Affine template / Affine template
CP26_BENCHMARK_FINAL/BENCHMARK_SIMPLE_C_BPL/TERM_LASSO//lasso_traces_Parallel_true-termination.c/lasso_trace_1.txt,TERMINATING,2.63,130.42,14.00,TERMINATING,5,1,6,Affine template / Affine template
CP26_BENCHMARK_FINAL/BENCHMARK_SIMPLE_C_BPL/TERM_LASSO//lasso_traces_Parts_true.c/lasso_trace_2.txt,TERMINATING,0.45,44.52,7.00,TERMINATING,7,9,16,Affine template / Affine template
CP26_BENCHMARK_FINAL/BENCHMARK_SIMPLE_C_BPL/TERM_LASSO//lasso_traces_Parts_true.c/lasso_trace_5.txt,TERMINATING,0.33,38.82,8.00,TERMINATING,14,7,21,Affine template / Affine template
CP26_BENCHMARK_FINAL/BENCHMARK_SIMPLE_C_BPL/TERM_LASSO//lasso_traces_Parts_true-termination.c/lasso_trace_2.txt,TERMINATING,0.67,41.67,7.00,TERMINATING,7,9,16,Affine template / Affine template
CP26_BENCHMARK_FINAL/BENCHMARK_SIMPLE_C_BPL/TERM_LASSO//lasso_traces_Parts_true-termination.c/lasso_trace_5.txt,TERMINATING,0.33,38.81,8.00,TERMINATING,14,7,21,Affine template / Affine template
CP26_BENCHMARK_FINAL/BENCHMARK_SIMPLE_C_BPL/TERM_LASSO//lasso_traces_PastaA1.c/lasso_trace_2.txt,TERMINATING,1.54,59.54,7.00,TERMINATING,5,3,8,Affine template / Affine template
CP26_BENCHMARK_FINAL/BENCHMARK_SIMPLE_C_BPL/TERM_LASSO//lasso_traces_PastaA1.c/lasso_trace_3.txt,TERMINATING,0.65,44.25,8.00,TERMINATING,6,1,7,Affine template / Affine template
CP26_BENCHMARK_FINAL/BENCHMARK_SIMPLE_C_BPL/TERM_LASSO//lasso_traces_PastaA4.c/lasso_trace_1.txt,TERMINATING,2.10,57.53,8.00,TERMINATING,5,1,6,Affine template / Affine template
CP26_BENCHMARK_FINAL/BENCHMARK_SIMPLE_C_BPL/TERM_LASSO//lasso_traces_PastaA5.c/lasso_trace_1.txt,TERMINATING,2.05,56.56,8.00,TERMINATING,5,1,6,Affine template / Affine template
CP26_BENCHMARK_FINAL/BENCHMARK_SIMPLE_C_BPL/TERM_LASSO//lasso_traces_PastaA6.c/lasso_trace_1.txt,TERMINATING,2.26,68.89,10.00,TERMINATING,5,1,6,Affine template / Affine template
CP26_BENCHMARK_FINAL/BENCHMARK_SIMPLE_C_BPL/TERM_LASSO//lasso_traces_PastaA7.c/lasso_trace_1.txt,TERMINATING,2.02,68.82,10.00,TERMINATING,5,1,6,Affine template / Affine template
CP26_BENCHMARK_FINAL/BENCHMARK_SIMPLE_C_BPL/TERM_LASSO//lasso_traces_PastaA8.c/lasso_trace_1.txt,TERMINATING,2.43,57.87,9.00,TERMINATING,5,1,6,Affine template / Affine template
CP26_BENCHMARK_FINAL/BENCHMARK_SIMPLE_C_BPL/TERM_LASSO//lasso_traces_PastaA9.c/lasso_trace_1.txt,TERMINATING,1.93,68.32,10.00,TERMINATING,6,1,7,Affine template / Affine template
CP26_BENCHMARK_FINAL/BENCHMARK_SIMPLE_C_BPL/TERM_LASSO//lasso_traces_PastaB11.c/lasso_trace_1.txt,TERMINATING,2.02,100.19,17.00,TERMINATING,5,1,6,Affine template / Affine template
CP26_BENCHMARK_FINAL/BENCHMARK_SIMPLE_C_BPL/TERM_LASSO//lasso_traces_PastaB14.c/lasso_trace_2.txt,TERMINATING,2.15,53.80,10.00,TERMINATING,5,3,8,Affine template / Affine template
CP26_BENCHMARK_FINAL/BENCHMARK_SIMPLE_C_BPL/TERM_LASSO//lasso_traces_PastaB15.c/lasso_trace_2.txt,TERMINATING,2.00,61.85,13.00,TERMINATING,5,3,8,Affine template / Affine template
CP26_BENCHMARK_FINAL/BENCHMARK_SIMPLE_C_BPL/TERM_LASSO//lasso_traces_PastaB15.c/lasso_trace_3.txt,TERMINATING,0.52,48.20,11.00,TERMINATING,8,1,9,Affine template / Affine template
CP26_BENCHMARK_FINAL/BENCHMARK_SIMPLE_C_BPL/TERM_LASSO//lasso_traces_PastaB16.c/lasso_trace_1.txt,TERMINATING,1.90,62.89,9.00,TERMINATING,5,2,7,Affine template / Affine template
CP26_BENCHMARK_FINAL/BENCHMARK_SIMPLE_C_BPL/TERM_LASSO//lasso_traces_PastaB16.c/lasso_trace_2.txt,TERMINATING,0.47,50.56,7.00,TERMINATING,6,1,7,Affine template / Affine template
CP26_BENCHMARK_FINAL/BENCHMARK_SIMPLE_C_BPL/TERM_LASSO//lasso_traces_PastaB17.c/lasso_trace_1.txt,TERMINATING,3.57,70.32,8.00,TERMINATING,5,2,7,Affine template / Affine template
CP26_BENCHMARK_FINAL/BENCHMARK_SIMPLE_C_BPL/TERM_LASSO//lasso_traces_PastaB17.c/lasso_trace_2.txt,TERMINATING,0.50,53.68,8.00,TERMINATING,6,1,7,Affine template / Affine template
CP26_BENCHMARK_FINAL/BENCHMARK_SIMPLE_C_BPL/TERM_LASSO//lasso_traces_PastaB1.c/lasso_trace_1.txt,TERMINATING,2.34,63.32,8.00,TERMINATING,5,1,6,Affine template / Affine template
CP26_BENCHMARK_FINAL/BENCHMARK_SIMPLE_C_BPL/TERM_LASSO//lasso_traces_PastaB2.c/lasso_trace_1.txt,TERMINATING,2.16,56.90,10.00,TERMINATING,5,1,6,Affine template / Affine template
CP26_BENCHMARK_FINAL/BENCHMARK_SIMPLE_C_BPL/TERM_LASSO//lasso_traces_PastaB3.c/lasso_trace_1.txt,TERMINATING,1.84,63.24,10.00,TERMINATING,6,1,7,Affine template / Affine template
CP26_BENCHMARK_FINAL/BENCHMARK_SIMPLE_C_BPL/TERM_LASSO//lasso_traces_PastaB4.c/lasso_trace_1.txt,TERMINATING,1.77,71.61,11.00,TERMINATING,5,1,6,Affine template / Affine template
CP26_BENCHMARK_FINAL/BENCHMARK_SIMPLE_C_BPL/TERM_LASSO//lasso_traces_PastaB6.c/lasso_trace_1.txt,TERMINATING,2.25,56.87,10.00,TERMINATING,5,1,6,Affine template / Affine template
CP26_BENCHMARK_FINAL/BENCHMARK_SIMPLE_C_BPL/TERM_LASSO//lasso_traces_PastaB7.c/lasso_trace_1.txt,TERMINATING,2.19,77.53,12.00,TERMINATING,5,1,6,Affine template / Affine template
CP26_BENCHMARK_FINAL/BENCHMARK_SIMPLE_C_BPL/TERM_LASSO//lasso_traces_PastaC1.c/lasso_trace_1.txt,TERMINATING,1.88,59.90,9.00,TERMINATING,5,2,7,Affine template / Affine template
CP26_BENCHMARK_FINAL/BENCHMARK_SIMPLE_C_BPL/TERM_LASSO//lasso_traces_PastaC2.c/lasso_trace_2.txt,TERMINATING,1.67,57.67,8.00,TERMINATING,5,3,8,Affine template / Affine template
CP26_BENCHMARK_FINAL/BENCHMARK_SIMPLE_C_BPL/TERM_LASSO//lasso_traces_PastaC2.c/lasso_trace_3.txt,TERMINATING,0.83,43.97,8.00,TERMINATING,6,1,7,Affine template / Affine template
CP26_BENCHMARK_FINAL/BENCHMARK_SIMPLE_C_BPL/TERM_LASSO//lasso_traces_PastaC3.c/lasso_trace_1.txt,TERMINATING,2.08,195.08,21.00,TERMINATING,5,1,6,Affine template / Affine template
CP26_BENCHMARK_FINAL/BENCHMARK_SIMPLE_C_BPL/TERM_LASSO//lasso_traces_PastaC7.c/lasso_trace_1.txt,TERMINATING,2.20,87.18,11.00,TERMINATING,5,1,6,Affine template / Affine template
CP26_BENCHMARK_FINAL/BENCHMARK_SIMPLE_C_BPL/TERM_LASSO//lasso_traces_PastaC9.c/lasso_trace_1.txt,TERMINATING,1.88,141.44,20.00,TERMINATING,5,1,6,Affine template / Affine template
CP26_BENCHMARK_FINAL/BENCHMARK_SIMPLE_C_BPL/TERM_LASSO//lasso_traces_paths_39_7a_gpio_grgpio.c/lasso_trace_1.txt,TERMINATING,2.39,2745.73,166.00,TERMINATING,14,3,17,Affine template / Affine template
CP26_BENCHMARK_FINAL/BENCHMARK_SIMPLE_C_BPL/TERM_LASSO//lasso_traces_pearl-necklace.t2.c/lasso_trace_1.txt,TERMINATING,1.80,55.78,5.00,TERMINATING,32,13,45,Affine template / Affine template
CP26_BENCHMARK_FINAL/BENCHMARK_SIMPLE_C_BPL/TERM_LASSO//lasso_traces_pearl-necklace.t2.c/lasso_trace_2.txt,TERMINATING,0.32,37.52,5.00,TERMINATING,37,13,50,Affine template / Affine template
CP26_BENCHMARK_FINAL/BENCHMARK_SIMPLE_C_BPL/TERM_LASSO//lasso_traces_pentagon.t2.c/lasso_trace_1.txt,TERMINATING,1.83,69.41,9.00,TERMINATING,57,9,66,Affine template / Affine template
CP26_BENCHMARK_FINAL/BENCHMARK_SIMPLE_C_BPL/TERM_LASSO//lasso_traces_pentagon.t2.c/lasso_trace_10.txt,TERMINATING,0.38,52.06,14.00,TERMINATING,61,25,86,Affine template / Affine template
CP26_BENCHMARK_FINAL/BENCHMARK_SIMPLE_C_BPL/TERM_LASSO//lasso_traces_pentagon.t2.c/lasso_trace_11.txt,TERMINATING,0.62,68.30,24.00,TERMINATING,83,39,122,Affine template / Affine template
CP26_BENCHMARK_FINAL/BENCHMARK_SIMPLE_C_BPL/TERM_LASSO//lasso_traces_pentagon.t2.c/lasso_trace_12.txt,TERMINATING,0.68,50.07,13.00,TERMINATING,83,17,100,Affine template / Affine template
CP26_BENCHMARK_FINAL/BENCHMARK_SIMPLE_C_BPL/TERM_LASSO//lasso_traces_pentagon.t2.c/lasso_trace_15.txt,TERMINATING,0.40,49.84,13.00,TERMINATING,87,25,112,Affine template / Affine template
CP26_BENCHMARK_FINAL/BENCHMARK_SIMPLE_C_BPL/TERM_LASSO//lasso_traces_pentagon.t2.c/lasso_trace_17.txt,TERMINATING,0.53,139.46,81.00,TERMINATING,72,38,110,Affine template / Affine template
CP26_BENCHMARK_FINAL/BENCHMARK_SIMPLE_C_BPL/TERM_LASSO//lasso_traces_pentagon.t2.c/lasso_trace_18.txt,TERMINATING,0.49,241.54,36.00,TERMINATING,85,46,131,Affine template / Affine template
CP26_BENCHMARK_FINAL/BENCHMARK_SIMPLE_C_BPL/TERM_LASSO//lasso_traces_pentagon.t2.c/lasso_trace_2.txt,TERMINATING,0.58,144.27,38.00,TERMINATING,60,17,77,Affine template / Affine template
CP26_BENCHMARK_FINAL/BENCHMARK_SIMPLE_C_BPL/TERM_LASSO//lasso_traces_pentagon.t2.c/lasso_trace_22.txt,TERMINATING,0.52,54.43,24.00,TERMINATING,99,63,162,Affine template / Affine template
CP26_BENCHMARK_FINAL/BENCHMARK_SIMPLE_C_BPL/TERM_LASSO//lasso_traces_pentagon.t2.c/lasso_trace_24.txt,TERMINATING,0.56,72.52,17.00,TERMINATING,103,51,154,Affine template / Affine template
CP26_BENCHMARK_FINAL/BENCHMARK_SIMPLE_C_BPL/TERM_LASSO//lasso_traces_pentagon.t2.c/lasso_trace_25.txt,TERMINATING,0.60,77.99,29.00,TERMINATING,104,51,155,Affine template / Nested template
CP26_BENCHMARK_FINAL/BENCHMARK_SIMPLE_C_BPL/TERM_LASSO//lasso_traces_pentagon.t2.c/lasso_trace_27.txt,TERMINATING,0.55,205.71,25.00,TERMINATING,108,47,155,Affine template / Affine template
CP26_BENCHMARK_FINAL/BENCHMARK_SIMPLE_C_BPL/TERM_LASSO//lasso_traces_pentagon.t2.c/lasso_trace_29.txt,TERMINATING,0.91,117.97,29.00,TERMINATING,116,76,192,Affine template / Affine template
CP26_BENCHMARK_FINAL/BENCHMARK_SIMPLE_C_BPL/TERM_LASSO//lasso_traces_pentagon.t2.c/lasso_trace_3.txt,TERMINATING,0.48,51.91,9.00,TERMINATING,65,13,78,Affine template / Affine template
CP26_BENCHMARK_FINAL/BENCHMARK_SIMPLE_C_BPL/TERM_LASSO//lasso_traces_pentagon.t2.c/lasso_trace_32.txt,TERMINATING,0.81,100.44,24.00,TERMINATING,121,94,215,Affine template / Affine template
CP26_BENCHMARK_FINAL/BENCHMARK_SIMPLE_C_BPL/TERM_LASSO//lasso_traces_pentagon.t2.c/lasso_trace_33.txt,TERMINATING,0.80,190.85,38.00,TERMINATING,121,94,215,Affine template / Affine template
CP26_BENCHMARK_FINAL/BENCHMARK_SIMPLE_C_BPL/TERM_LASSO//lasso_traces_pentagon.t2.c/lasso_trace_34.txt,TERMINATING,0.90,76.48,36.00,TERMINATING,121,94,215,Affine template / Affine template
CP26_BENCHMARK_FINAL/BENCHMARK_SIMPLE_C_BPL/TERM_LASSO//lasso_traces_pentagon.t2.c/lasso_trace_35.txt,TERMINATING,0.72,303.58,38.00,TERMINATING,121,85,206,Affine template / Nested template
CP26_BENCHMARK_FINAL/BENCHMARK_SIMPLE_C_BPL/TERM_LASSO//lasso_traces_pentagon.t2.c/lasso_trace_4.txt,TERMINATING,0.47,60.31,13.00,TERMINATING,70,21,91,Affine template / Affine template
CP26_BENCHMARK_FINAL/BENCHMARK_SIMPLE_C_BPL/TERM_LASSO//lasso_traces_pentagon.t2.c/lasso_trace_5.txt,TERMINATING,0.42,56.85,10.00,TERMINATING,74,9,83,Affine template / Affine template
CP26_BENCHMARK_FINAL/BENCHMARK_SIMPLE_C_BPL/TERM_LASSO//lasso_traces_pentagon.t2.c/lasso_trace_6.txt,TERMINATING,0.43,48.48,13.00,TERMINATING,79,17,96,Affine template / Affine template
CP26_BENCHMARK_FINAL/BENCHMARK_SIMPLE_C_BPL/TERM_LASSO//lasso_traces_pentagon.t2.c/lasso_trace_7.txt,TERMINATING,0.57,109.25,36.00,TERMINATING,82,21,103,Affine template / Affine template
CP26_BENCHMARK_FINAL/BENCHMARK_SIMPLE_C_BPL/TERM_LASSO//lasso_traces_pentagon.t2.c/lasso_trace_8.txt,TERMINATING,0.45,46.39,9.00,TERMINATING,83,9,92,Affine template / Affine template
CP26_BENCHMARK_FINAL/BENCHMARK_SIMPLE_C_BPL/TERM_LASSO//lasso_traces_pentagon.t2.c/lasso_trace_9.txt,TERMINATING,0.56,120.93,45.00,TERMINATING,99,21,120,Affine template / Affine template
CP26_BENCHMARK_FINAL/BENCHMARK_SIMPLE_C_BPL/TERM_LASSO//lasso_traces_pldi.t2.c/lasso_trace_1.txt,TERMINATING,1.89,67.68,7.00,TERMINATING,28,22,50,Affine template / Affine template
CP26_BENCHMARK_FINAL/BENCHMARK_SIMPLE_C_BPL/TERM_LASSO//lasso_traces_pldi.t2.c/lasso_trace_2.txt,TERMINATING,0.69,46.06,8.00,TERMINATING,41,27,68,Affine template / Affine template
CP26_BENCHMARK_FINAL/BENCHMARK_SIMPLE_C_BPL/TERM_LASSO//lasso_traces_PlusSwap.c/lasso_trace_1.txt,TERMINATING,2.04,70.23,13.00,TERMINATING,5,1,6,Affine template / Affine template
CP26_BENCHMARK_FINAL/BENCHMARK_SIMPLE_C_BPL/TERM_LASSO//lasso_traces_PodelskiRybalchenko-LICS2004-Fig1_true-termination.c/lasso_trace_1.txt,TERMINATING,1.62,68.79,9.00,TERMINATING,5,2,7,Affine template / Affine template
CP26_BENCHMARK_FINAL/BENCHMARK_SIMPLE_C_BPL/TERM_LASSO//lasso_traces_PodelskiRybalchenko-TACAS2011-Fig1_true-termination.c/lasso_trace_1.txt,TERMINATING,1.99,54.74,8.00,TERMINATING,5,1,6,Affine template / Affine template
CP26_BENCHMARK_FINAL/BENCHMARK_SIMPLE_C_BPL/TERM_LASSO//lasso_traces_PodelskiRybalchenko-TACAS2011-Fig2_true-termination.c/lasso_trace_1.txt,TERMINATING,1.98,57.15,8.00,TERMINATING,5,2,7,Affine template / Affine template
CP26_BENCHMARK_FINAL/BENCHMARK_SIMPLE_C_BPL/TERM_LASSO//lasso_traces_PodelskiRybalchenko-TACAS2011-Fig2_true-termination.c/lasso_trace_2.txt,TERMINATING,0.45,53.17,8.00,TERMINATING,6,1,7,Affine template / Affine template
CP26_BENCHMARK_FINAL/BENCHMARK_SIMPLE_C_BPL/TERM_LASSO//lasso_traces_PodelskiRybalchenko-TACAS2011-Fig4_true-termination.c/lasso_trace_1.txt,TERMINATING,1.88,158.34,20.00,TERMINATING,5,1,6,Affine template / Affine template
CP26_BENCHMARK_FINAL/BENCHMARK_SIMPLE_C_BPL/TERM_LASSO//lasso_traces_PodelskiRybalchenko-VMCAI2004-Ex1_true-termination.c/lasso_trace_1.txt,TERMINATING,1.98,517.96,43.00,TERMINATING,5,1,6,Affine template / Affine template
CP26_BENCHMARK_FINAL/BENCHMARK_SIMPLE_C_BPL/TERM_LASSO//lasso_traces_PointerIncrement.c/lasso_trace_2.txt,TERMINATING,1.84,76.66,23.00,TERMINATING,5,4,9,Affine template / Affine template
CP26_BENCHMARK_FINAL/BENCHMARK_SIMPLE_C_BPL/TERM_LASSO//lasso_traces_Pointer-LexIndexValue133.c/lasso_trace_1.txt,TERMINATING,2.02,84.44,16.00,TERMINATING,5,3,8,Affine template / Affine template
CP26_BENCHMARK_FINAL/BENCHMARK_SIMPLE_C_BPL/TERM_LASSO//lasso_traces_Pointer-LexIndexValue133.c/lasso_trace_2.txt,TERMINATING,0.52,59.40,21.00,TERMINATING,6,5,11,Affine template / Affine template
CP26_BENCHMARK_FINAL/BENCHMARK_SIMPLE_C_BPL/TERM_LASSO//lasso_traces_Pointers_II.c/lasso_trace_1.txt,TERMINATING,2.26,1103.57,83.00,TERMINATING,6,2,8,Affine template / Affine template
CP26_BENCHMARK_FINAL/BENCHMARK_SIMPLE_C_BPL/TERM_LASSO//lasso_traces_polyrank1.t2.c/lasso_trace_1.txt,TERMINATING,2.30,117.11,10.00,TERMINATING,20,9,29,2 template / Nested template
CP26_BENCHMARK_FINAL/BENCHMARK_SIMPLE_C_BPL/TERM_LASSO//lasso_traces_polyrank2.t2.c/lasso_trace_1.txt,TERMINATING,1.90,238.63,23.00,UNKNOWN,24,9,33,3 template
CP26_BENCHMARK_FINAL/BENCHMARK_SIMPLE_C_BPL/TERM_LASSO//lasso_traces_polyrank3.t2.c/lasso_trace_1.txt,TERMINATING,1.88,138.24,11.00,TERMINATING,24,9,33,2 template / Nested template
CP26_BENCHMARK_FINAL/BENCHMARK_SIMPLE_C_BPL/TERM_LASSO//lasso_traces_polyrank3.t2.c/lasso_trace_10.txt,TERMINATING,0.34,81.88,18.00,TERMINATING,51,9,60,2 template / Nested template
CP26_BENCHMARK_FINAL/BENCHMARK_SIMPLE_C_BPL/TERM_LASSO//lasso_traces_polyrank3.t2.c/lasso_trace_100.txt,TERMINATING,0.58,76.47,12.00,TERMINATING,51,9,60,2 template / Nested template
CP26_BENCHMARK_FINAL/BENCHMARK_SIMPLE_C_BPL/TERM_LASSO//lasso_traces_polyrank3.t2.c/lasso_trace_101.txt,TERMINATING,0.36,75.62,10.00,TERMINATING,51,9,60,2 template / Nested template
CP26_BENCHMARK_FINAL/BENCHMARK_SIMPLE_C_BPL/TERM_LASSO//lasso_traces_polyrank3.t2.c/lasso_trace_102.txt,TERMINATING,0.40,78.68,26.00,UNKNOWN,51,9,60,2 template
CP26_BENCHMARK_FINAL/BENCHMARK_SIMPLE_C_BPL/TERM_LASSO//lasso_traces_polyrank3.t2.c/lasso_trace_103.txt,TERMINATING,0.36,74.29,28.00,UNKNOWN,51,9,60,2 template
CP26_BENCHMARK_FINAL/BENCHMARK_SIMPLE_C_BPL/TERM_LASSO//lasso_traces_polyrank3.t2.c/lasso_trace_104.txt,TERMINATING,0.39,78.82,28.00,UNKNOWN,51,9,60,2 template
CP26_BENCHMARK_FINAL/BENCHMARK_SIMPLE_C_BPL/TERM_LASSO//lasso_traces_polyrank3.t2.c/lasso_trace_105.txt,TERMINATING,0.38,75.76,26.00,UNKNOWN,51,9,60,2 template
CP26_BENCHMARK_FINAL/BENCHMARK_SIMPLE_C_BPL/TERM_LASSO//lasso_traces_polyrank3.t2.c/lasso_trace_106.txt,TERMINATING,0.36,74.61,26.00,UNKNOWN,51,9,60,2 template
CP26_BENCHMARK_FINAL/BENCHMARK_SIMPLE_C_BPL/TERM_LASSO//lasso_traces_polyrank3.t2.c/lasso_trace_107.txt,TERMINATING,0.33,86.25,25.00,UNKNOWN,51,9,60,2 template
CP26_BENCHMARK_FINAL/BENCHMARK_SIMPLE_C_BPL/TERM_LASSO//lasso_traces_polyrank3.t2.c/lasso_trace_108.txt,TERMINATING,0.37,84.04,11.00,TERMINATING,51,9,60,2 template / Nested template
CP26_BENCHMARK_FINAL/BENCHMARK_SIMPLE_C_BPL/TERM_LASSO//lasso_traces_polyrank3.t2.c/lasso_trace_109.txt,TERMINATING,0.45,86.23,11.00,TERMINATING,51,9,60,2 template / Nested template
CP26_BENCHMARK_FINAL/BENCHMARK_SIMPLE_C_BPL/TERM_LASSO//lasso_traces_polyrank3.t2.c/lasso_trace_11.txt,TERMINATING,0.37,87.38,11.00,TERMINATING,51,9,60,2 template / Nested template
CP26_BENCHMARK_FINAL/BENCHMARK_SIMPLE_C_BPL/TERM_LASSO//lasso_traces_polyrank3.t2.c/lasso_trace_110.txt,TERMINATING,0.37,78.77,12.00,TERMINATING,51,9,60,2 template / Nested template
CP26_BENCHMARK_FINAL/BENCHMARK_SIMPLE_C_BPL/TERM_LASSO//lasso_traces_polyrank3.t2.c/lasso_trace_111.txt,TERMINATING,0.33,108.87,12.00,TERMINATING,51,9,60,2 template / Nested template
CP26_BENCHMARK_FINAL/BENCHMARK_SIMPLE_C_BPL/TERM_LASSO//lasso_traces_polyrank3.t2.c/lasso_trace_112.txt,TERMINATING,0.29,87.92,13.00,TERMINATING,51,9,60,2 template / Nested template
CP26_BENCHMARK_FINAL/BENCHMARK_SIMPLE_C_BPL/TERM_LASSO//lasso_traces_polyrank3.t2.c/lasso_trace_113.txt,TERMINATING,0.34,82.66,27.00,UNKNOWN,51,9,60,2 template
CP26_BENCHMARK_FINAL/BENCHMARK_SIMPLE_C_BPL/TERM_LASSO//lasso_traces_polyrank3.t2.c/lasso_trace_114.txt,TERMINATING,0.27,78.40,27.00,UNKNOWN,51,9,60,2 template
CP26_BENCHMARK_FINAL/BENCHMARK_SIMPLE_C_BPL/TERM_LASSO//lasso_traces_polyrank3.t2.c/lasso_trace_115.txt,TERMINATING,0.32,82.28,11.00,TERMINATING,51,9,60,2 template / Nested template
CP26_BENCHMARK_FINAL/BENCHMARK_SIMPLE_C_BPL/TERM_LASSO//lasso_traces_polyrank3.t2.c/lasso_trace_116.txt,TERMINATING,0.34,75.06,10.00,TERMINATING,51,9,60,2 template / Nested template
CP26_BENCHMARK_FINAL/BENCHMARK_SIMPLE_C_BPL/TERM_LASSO//lasso_traces_polyrank3.t2.c/lasso_trace_117.txt,TERMINATING,0.33,74.28,14.00,TERMINATING,51,9,60,2 template / Nested template
CP26_BENCHMARK_FINAL/BENCHMARK_SIMPLE_C_BPL/TERM_LASSO//lasso_traces_polyrank3.t2.c/lasso_trace_118.txt,TERMINATING,0.36,75.79,27.00,UNKNOWN,51,9,60,2 template
CP26_BENCHMARK_FINAL/BENCHMARK_SIMPLE_C_BPL/TERM_LASSO//lasso_traces_polyrank3.t2.c/lasso_trace_119.txt,TERMINATING,0.70,77.30,27.00,UNKNOWN,51,9,60,2 template
CP26_BENCHMARK_FINAL/BENCHMARK_SIMPLE_C_BPL/TERM_LASSO//lasso_traces_polyrank3.t2.c/lasso_trace_12.txt,TERMINATING,0.38,88.07,28.00,UNKNOWN,51,9,60,2 template
CP26_BENCHMARK_FINAL/BENCHMARK_SIMPLE_C_BPL/TERM_LASSO//lasso_traces_polyrank3.t2.c/lasso_trace_120.txt,TERMINATING,0.37,83.02,26.00,UNKNOWN,51,9,60,2 template
CP26_BENCHMARK_FINAL/BENCHMARK_SIMPLE_C_BPL/TERM_LASSO//lasso_traces_polyrank3.t2.c/lasso_trace_121.txt,TERMINATING,0.35,83.60,27.00,UNKNOWN,51,9,60,2 template
CP26_BENCHMARK_FINAL/BENCHMARK_SIMPLE_C_BPL/TERM_LASSO//lasso_traces_polyrank3.t2.c/lasso_trace_122.txt,TERMINATING,0.37,74.66,28.00,UNKNOWN,51,9,60,2 template
CP26_BENCHMARK_FINAL/BENCHMARK_SIMPLE_C_BPL/TERM_LASSO//lasso_traces_polyrank3.t2.c/lasso_trace_123.txt,TERMINATING,0.33,76.90,12.00,TERMINATING,51,9,60,2 template / Nested template
CP26_BENCHMARK_FINAL/BENCHMARK_SIMPLE_C_BPL/TERM_LASSO//lasso_traces_polyrank3.t2.c/lasso_trace_124.txt,TERMINATING,0.39,77.57,13.00,TERMINATING,51,9,60,2 template / Nested template
CP26_BENCHMARK_FINAL/BENCHMARK_SIMPLE_C_BPL/TERM_LASSO//lasso_traces_polyrank3.t2.c/lasso_trace_125.txt,TERMINATING,0.37,77.58,26.00,UNKNOWN,51,9,60,2 template
CP26_BENCHMARK_FINAL/BENCHMARK_SIMPLE_C_BPL/TERM_LASSO//lasso_traces_polyrank3.t2.c/lasso_trace_126.txt,TERMINATING,0.35,97.50,26.00,UNKNOWN,51,9,60,2 template
CP26_BENCHMARK_FINAL/BENCHMARK_SIMPLE_C_BPL/TERM_LASSO//lasso_traces_polyrank3.t2.c/lasso_trace_127.txt,TERMINATING,0.36,92.05,12.00,TERMINATING,51,9,60,2 template / Nested template
CP26_BENCHMARK_FINAL/BENCHMARK_SIMPLE_C_BPL/TERM_LASSO//lasso_traces_polyrank3.t2.c/lasso_trace_128.txt,TERMINATING,0.37,78.75,26.00,UNKNOWN,51,9,60,2 template
CP26_BENCHMARK_FINAL/BENCHMARK_SIMPLE_C_BPL/TERM_LASSO//lasso_traces_polyrank3.t2.c/lasso_trace_129.txt,TERMINATING,0.31,84.30,25.00,UNKNOWN,51,9,60,2 template
CP26_BENCHMARK_FINAL/BENCHMARK_SIMPLE_C_BPL/TERM_LASSO//lasso_traces_polyrank3.t2.c/lasso_trace_13.txt,TERMINATING,0.35,86.27,11.00,TERMINATING,51,9,60,2 template / Nested template
CP26_BENCHMARK_FINAL/BENCHMARK_SIMPLE_C_BPL/TERM_LASSO//lasso_traces_polyrank3.t2.c/lasso_trace_130.txt,TERMINATING,0.37,77.09,11.00,TERMINATING,51,9,60,2 template / Nested template
CP26_BENCHMARK_FINAL/BENCHMARK_SIMPLE_C_BPL/TERM_LASSO//lasso_traces_polyrank3.t2.c/lasso_trace_131.txt,TERMINATING,0.35,80.96,26.00,UNKNOWN,51,9,60,2 template
CP26_BENCHMARK_FINAL/BENCHMARK_SIMPLE_C_BPL/TERM_LASSO//lasso_traces_polyrank3.t2.c/lasso_trace_132.txt,TERMINATING,0.36,85.76,13.00,TERMINATING,51,9,60,2 template / Nested template
CP26_BENCHMARK_FINAL/BENCHMARK_SIMPLE_C_BPL/TERM_LASSO//lasso_traces_polyrank3.t2.c/lasso_trace_133.txt,TERMINATING,0.39,78.11,29.00,UNKNOWN,51,9,60,2 template
CP26_BENCHMARK_FINAL/BENCHMARK_SIMPLE_C_BPL/TERM_LASSO//lasso_traces_polyrank3.t2.c/lasso_trace_134.txt,TERMINATING,0.41,77.27,9.00,TERMINATING,51,9,60,2 template / Nested template
CP26_BENCHMARK_FINAL/BENCHMARK_SIMPLE_C_BPL/TERM_LASSO//lasso_traces_polyrank3.t2.c/lasso_trace_135.txt,TERMINATING,0.42,77.21,11.00,TERMINATING,51,9,60,2 template / Nested template
CP26_BENCHMARK_FINAL/BENCHMARK_SIMPLE_C_BPL/TERM_LASSO//lasso_traces_polyrank3.t2.c/lasso_trace_136.txt,TERMINATING,0.38,80.00,26.00,UNKNOWN,51,9,60,2 template
CP26_BENCHMARK_FINAL/BENCHMARK_SIMPLE_C_BPL/TERM_LASSO//lasso_traces_polyrank3.t2.c/lasso_trace_137.txt,TERMINATING,0.37,77.03,28.00,UNKNOWN,51,9,60,2 template
CP26_BENCHMARK_FINAL/BENCHMARK_SIMPLE_C_BPL/TERM_LASSO//lasso_traces_polyrank3.t2.c/lasso_trace_138.txt,TERMINATING,0.39,76.55,11.00,TERMINATING,51,9,60,2 template / Nested template
CP26_BENCHMARK_FINAL/BENCHMARK_SIMPLE_C_BPL/TERM_LASSO//lasso_traces_polyrank3.t2.c/lasso_trace_139.txt,TERMINATING,0.36,81.70,10.00,TERMINATING,51,9,60,2 template / Nested template
CP26_BENCHMARK_FINAL/BENCHMARK_SIMPLE_C_BPL/TERM_LASSO//lasso_traces_polyrank3.t2.c/lasso_trace_14.txt,TERMINATING,0.42,80.90,10.00,TERMINATING,51,9,60,2 template / Nested template
CP26_BENCHMARK_FINAL/BENCHMARK_SIMPLE_C_BPL/TERM_LASSO//lasso_traces_polyrank3.t2.c/lasso_trace_140.txt,TERMINATING,0.32,76.97,26.00,UNKNOWN,51,9,60,2 template
CP26_BENCHMARK_FINAL/BENCHMARK_SIMPLE_C_BPL/TERM_LASSO//lasso_traces_polyrank3.t2.c/lasso_trace_141.txt,TERMINATING,0.36,76.01,23.00,UNKNOWN,51,9,60,2 template
CP26_BENCHMARK_FINAL/BENCHMARK_SIMPLE_C_BPL/TERM_LASSO//lasso_traces_polyrank3.t2.c/lasso_trace_142.txt,TERMINATING,0.38,77.28,9.00,TERMINATING,51,9,60,2 template / Nested template
CP26_BENCHMARK_FINAL/BENCHMARK_SIMPLE_C_BPL/TERM_LASSO//lasso_traces_polyrank3.t2.c/lasso_trace_143.txt,TERMINATING,0.35,97.74,25.00,UNKNOWN,51,9,60,2 template
CP26_BENCHMARK_FINAL/BENCHMARK_SIMPLE_C_BPL/TERM_LASSO//lasso_traces_polyrank3.t2.c/lasso_trace_144.txt,TERMINATING,0.33,85.15,11.00,TERMINATING,51,9,60,2 template / Nested template
CP26_BENCHMARK_FINAL/BENCHMARK_SIMPLE_C_BPL/TERM_LASSO//lasso_traces_polyrank3.t2.c/lasso_trace_145.txt,TERMINATING,0.37,72.45,10.00,TERMINATING,51,9,60,2 template / Nested template
CP26_BENCHMARK_FINAL/BENCHMARK_SIMPLE_C_BPL/TERM_LASSO//lasso_traces_polyrank3.t2.c/lasso_trace_146.txt,TERMINATING,0.35,82.02,15.00,TERMINATING,51,9,60,2 template / Nested template
CP26_BENCHMARK_FINAL/BENCHMARK_SIMPLE_C_BPL/TERM_LASSO//lasso_traces_polyrank3.t2.c/lasso_trace_147.txt,TERMINATING,0.35,81.03,13.00,TERMINATING,51,9,60,2 template / Nested template
CP26_BENCHMARK_FINAL/BENCHMARK_SIMPLE_C_BPL/TERM_LASSO//lasso_traces_polyrank3.t2.c/lasso_trace_148.txt,TERMINATING,0.37,76.71,16.00,TERMINATING,51,9,60,2 template / Nested template
CP26_BENCHMARK_FINAL/BENCHMARK_SIMPLE_C_BPL/TERM_LASSO//lasso_traces_polyrank3.t2.c/lasso_trace_149.txt,TERMINATING,0.36,75.03,28.00,UNKNOWN,51,9,60,2 template
CP26_BENCHMARK_FINAL/BENCHMARK_SIMPLE_C_BPL/TERM_LASSO//lasso_traces_polyrank3.t2.c/lasso_trace_15.txt,TERMINATING,0.38,81.16,28.00,UNKNOWN,51,9,60,2 template
CP26_BENCHMARK_FINAL/BENCHMARK_SIMPLE_C_BPL/TERM_LASSO//lasso_traces_polyrank3.t2.c/lasso_trace_150.txt,TERMINATING,0.36,71.15,25.00,UNKNOWN,51,9,60,2 template
CP26_BENCHMARK_FINAL/BENCHMARK_SIMPLE_C_BPL/TERM_LASSO//lasso_traces_polyrank3.t2.c/lasso_trace_151.txt,TERMINATING,0.37,78.36,29.00,UNKNOWN,51,9,60,2 template
CP26_BENCHMARK_FINAL/BENCHMARK_SIMPLE_C_BPL/TERM_LASSO//lasso_traces_polyrank3.t2.c/lasso_trace_152.txt,TERMINATING,0.33,85.19,11.00,TERMINATING,51,9,60,2 template / Nested template
CP26_BENCHMARK_FINAL/BENCHMARK_SIMPLE_C_BPL/TERM_LASSO//lasso_traces_polyrank3.t2.c/lasso_trace_153.txt,TERMINATING,0.35,77.92,27.00,UNKNOWN,51,9,60,2 template
CP26_BENCHMARK_FINAL/BENCHMARK_SIMPLE_C_BPL/TERM_LASSO//lasso_traces_polyrank3.t2.c/lasso_trace_154.txt,TERMINATING,0.43,75.65,26.00,UNKNOWN,51,9,60,2 template
CP26_BENCHMARK_FINAL/BENCHMARK_SIMPLE_C_BPL/TERM_LASSO//lasso_traces_polyrank3.t2.c/lasso_trace_155.txt,TERMINATING,0.40,84.10,11.00,TERMINATING,51,9,60,2 template / Nested template
CP26_BENCHMARK_FINAL/BENCHMARK_SIMPLE_C_BPL/TERM_LASSO//lasso_traces_polyrank3.t2.c/lasso_trace_156.txt,TERMINATING,0.39,81.51,13.00,TERMINATING,51,9,60,2 template / Nested template
CP26_BENCHMARK_FINAL/BENCHMARK_SIMPLE_C_BPL/TERM_LASSO//lasso_traces_polyrank3.t2.c/lasso_trace_157.txt,TERMINATING,0.37,76.82,27.00,UNKNOWN,51,9,60,2 template
CP26_BENCHMARK_FINAL/BENCHMARK_SIMPLE_C_BPL/TERM_LASSO//lasso_traces_polyrank3.t2.c/lasso_trace_158.txt,TERMINATING,0.38,73.02,26.00,UNKNOWN,51,9,60,2 template
CP26_BENCHMARK_FINAL/BENCHMARK_SIMPLE_C_BPL/TERM_LASSO//lasso_traces_polyrank3.t2.c/lasso_trace_159.txt,TERMINATING,0.34,85.57,28.00,UNKNOWN,51,9,60,2 template
CP26_BENCHMARK_FINAL/BENCHMARK_SIMPLE_C_BPL/TERM_LASSO//lasso_traces_polyrank3.t2.c/lasso_trace_16.txt,TERMINATING,0.37,85.04,29.00,UNKNOWN,51,9,60,2 template
CP26_BENCHMARK_FINAL/BENCHMARK_SIMPLE_C_BPL/TERM_LASSO//lasso_traces_polyrank3.t2.c/lasso_trace_160.txt,TERMINATING,0.40,77.68,10.00,TERMINATING,51,9,60,2 template / Nested template
CP26_BENCHMARK_FINAL/BENCHMARK_SIMPLE_C_BPL/TERM_LASSO//lasso_traces_polyrank3.t2.c/lasso_trace_161.txt,TERMINATING,0.30,91.92,10.00,TERMINATING,51,9,60,2 template / Nested template
CP26_BENCHMARK_FINAL/BENCHMARK_SIMPLE_C_BPL/TERM_LASSO//lasso_traces_polyrank3.t2.c/lasso_trace_162.txt,TERMINATING,0.35,77.12,27.00,UNKNOWN,51,9,60,2 template
CP26_BENCHMARK_FINAL/BENCHMARK_SIMPLE_C_BPL/TERM_LASSO//lasso_traces_polyrank3.t2.c/lasso_trace_163.txt,TERMINATING,0.36,74.02,11.00,TERMINATING,51,9,60,2 template / Nested template
CP26_BENCHMARK_FINAL/BENCHMARK_SIMPLE_C_BPL/TERM_LASSO//lasso_traces_polyrank3.t2.c/lasso_trace_164.txt,TERMINATING,0.39,77.09,28.00,UNKNOWN,51,9,60,2 template
CP26_BENCHMARK_FINAL/BENCHMARK_SIMPLE_C_BPL/TERM_LASSO//lasso_traces_polyrank3.t2.c/lasso_trace_165.txt,TERMINATING,0.35,90.92,27.00,UNKNOWN,51,9,60,2 template
CP26_BENCHMARK_FINAL/BENCHMARK_SIMPLE_C_BPL/TERM_LASSO//lasso_traces_polyrank3.t2.c/lasso_trace_166.txt,TERMINATING,0.30,82.10,28.00,UNKNOWN,51,9,60,2 template
CP26_BENCHMARK_FINAL/BENCHMARK_SIMPLE_C_BPL/TERM_LASSO//lasso_traces_polyrank3.t2.c/lasso_trace_167.txt,TERMINATING,0.31,74.59,28.00,UNKNOWN,51,9,60,2 template
CP26_BENCHMARK_FINAL/BENCHMARK_SIMPLE_C_BPL/TERM_LASSO//lasso_traces_polyrank3.t2.c/lasso_trace_168.txt,TERMINATING,0.37,89.10,10.00,TERMINATING,51,9,60,2 template / Nested template
CP26_BENCHMARK_FINAL/BENCHMARK_SIMPLE_C_BPL/TERM_LASSO//lasso_traces_polyrank3.t2.c/lasso_trace_169.txt,TERMINATING,0.34,86.15,27.00,UNKNOWN,51,9,60,2 template
CP26_BENCHMARK_FINAL/BENCHMARK_SIMPLE_C_BPL/TERM_LASSO//lasso_traces_polyrank3.t2.c/lasso_trace_17.txt,TERMINATING,0.35,78.96,12.00,TERMINATING,51,9,60,2 template / Nested template
CP26_BENCHMARK_FINAL/BENCHMARK_SIMPLE_C_BPL/TERM_LASSO//lasso_traces_polyrank3.t2.c/lasso_trace_170.txt,TERMINATING,0.37,83.54,29.00,UNKNOWN,51,9,60,2 template
CP26_BENCHMARK_FINAL/BENCHMARK_SIMPLE_C_BPL/TERM_LASSO//lasso_traces_polyrank3.t2.c/lasso_trace_171.txt,TERMINATING,0.36,73.29,31.00,UNKNOWN,51,9,60,2 template
CP26_BENCHMARK_FINAL/BENCHMARK_SIMPLE_C_BPL/TERM_LASSO//lasso_traces_polyrank3.t2.c/lasso_trace_172.txt,TERMINATING,0.35,81.80,27.00,UNKNOWN,51,9,60,2 template
CP26_BENCHMARK_FINAL/BENCHMARK_SIMPLE_C_BPL/TERM_LASSO//lasso_traces_polyrank3.t2.c/lasso_trace_173.txt,TERMINATING,0.36,83.19,11.00,TERMINATING,51,9,60,2 template / Nested template
CP26_BENCHMARK_FINAL/BENCHMARK_SIMPLE_C_BPL/TERM_LASSO//lasso_traces_polyrank3.t2.c/lasso_trace_174.txt,TERMINATING,0.34,79.86,11.00,TERMINATING,51,9,60,2 template / Nested template
CP26_BENCHMARK_FINAL/BENCHMARK_SIMPLE_C_BPL/TERM_LASSO//lasso_traces_polyrank3.t2.c/lasso_trace_175.txt,TERMINATING,0.35,82.57,13.00,TERMINATING,51,9,60,2 template / Nested template
CP26_BENCHMARK_FINAL/BENCHMARK_SIMPLE_C_BPL/TERM_LASSO//lasso_traces_polyrank3.t2.c/lasso_trace_176.txt,TERMINATING,0.35,85.89,11.00,TERMINATING,51,9,60,2 template / Nested template
CP26_BENCHMARK_FINAL/BENCHMARK_SIMPLE_C_BPL/TERM_LASSO//lasso_traces_polyrank3.t2.c/lasso_trace_177.txt,TERMINATING,0.49,76.46,26.00,UNKNOWN,51,9,60,2 template
CP26_BENCHMARK_FINAL/BENCHMARK_SIMPLE_C_BPL/TERM_LASSO//lasso_traces_polyrank3.t2.c/lasso_trace_178.txt,TERMINATING,0.35,77.24,11.00,TERMINATING,51,9,60,2 template / Nested template
CP26_BENCHMARK_FINAL/BENCHMARK_SIMPLE_C_BPL/TERM_LASSO//lasso_traces_polyrank3.t2.c/lasso_trace_179.txt,TERMINATING,0.35,76.21,12.00,TERMINATING,51,9,60,2 template / Nested template
CP26_BENCHMARK_FINAL/BENCHMARK_SIMPLE_C_BPL/TERM_LASSO//lasso_traces_polyrank3.t2.c/lasso_trace_18.txt,TERMINATING,0.33,79.01,26.00,UNKNOWN,51,9,60,2 template
CP26_BENCHMARK_FINAL/BENCHMARK_SIMPLE_C_BPL/TERM_LASSO//lasso_traces_polyrank3.t2.c/lasso_trace_180.txt,TERMINATING,0.30,76.86,27.00,UNKNOWN,51,9,60,2 template
CP26_BENCHMARK_FINAL/BENCHMARK_SIMPLE_C_BPL/TERM_LASSO//lasso_traces_polyrank3.t2.c/lasso_trace_181.txt,TERMINATING,0.37,87.41,28.00,UNKNOWN,51,9,60,2 template
CP26_BENCHMARK_FINAL/BENCHMARK_SIMPLE_C_BPL/TERM_LASSO//lasso_traces_polyrank3.t2.c/lasso_trace_182.txt,TERMINATING,0.37,77.08,24.00,UNKNOWN,51,9,60,2 template
CP26_BENCHMARK_FINAL/BENCHMARK_SIMPLE_C_BPL/TERM_LASSO//lasso_traces_polyrank3.t2.c/lasso_trace_183.txt,TERMINATING,0.38,73.81,11.00,TERMINATING,51,9,60,2 template / Nested template
CP26_BENCHMARK_FINAL/BENCHMARK_SIMPLE_C_BPL/TERM_LASSO//lasso_traces_polyrank3.t2.c/lasso_trace_184.txt,TERMINATING,0.35,85.64,27.00,UNKNOWN,51,9,60,2 template
CP26_BENCHMARK_FINAL/BENCHMARK_SIMPLE_C_BPL/TERM_LASSO//lasso_traces_polyrank3.t2.c/lasso_trace_185.txt,TERMINATING,0.38,91.96,11.00,TERMINATING,51,9,60,2 template / Nested template
CP26_BENCHMARK_FINAL/BENCHMARK_SIMPLE_C_BPL/TERM_LASSO//lasso_traces_polyrank3.t2.c/lasso_trace_186.txt,TERMINATING,0.29,79.71,11.00,TERMINATING,51,9,60,2 template / Nested template
CP26_BENCHMARK_FINAL/BENCHMARK_SIMPLE_C_BPL/TERM_LASSO//lasso_traces_polyrank3.t2.c/lasso_trace_187.txt,TERMINATING,0.35,73.45,11.00,TERMINATING,51,9,60,2 template / Nested template
CP26_BENCHMARK_FINAL/BENCHMARK_SIMPLE_C_BPL/TERM_LASSO//lasso_traces_polyrank3.t2.c/lasso_trace_188.txt,TERMINATING,0.34,74.46,15.00,TERMINATING,51,9,60,2 template / Nested template
CP26_BENCHMARK_FINAL/BENCHMARK_SIMPLE_C_BPL/TERM_LASSO//lasso_traces_polyrank3.t2.c/lasso_trace_189.txt,TERMINATING,0.34,85.86,28.00,UNKNOWN,51,9,60,2 template
CP26_BENCHMARK_FINAL/BENCHMARK_SIMPLE_C_BPL/TERM_LASSO//lasso_traces_polyrank3.t2.c/lasso_trace_19.txt,TERMINATING,0.34,84.24,28.00,UNKNOWN,51,9,60,2 template
CP26_BENCHMARK_FINAL/BENCHMARK_SIMPLE_C_BPL/TERM_LASSO//lasso_traces_polyrank3.t2.c/lasso_trace_190.txt,TERMINATING,0.36,73.45,26.00,UNKNOWN,51,9,60,2 template
CP26_BENCHMARK_FINAL/BENCHMARK_SIMPLE_C_BPL/TERM_LASSO//lasso_traces_polyrank3.t2.c/lasso_trace_191.txt,TERMINATING,0.41,78.52,10.00,TERMINATING,51,9,60,2 template / Nested template
CP26_BENCHMARK_FINAL/BENCHMARK_SIMPLE_C_BPL/TERM_LASSO//lasso_traces_polyrank3.t2.c/lasso_trace_192.txt,TERMINATING,0.34,85.02,10.00,TERMINATING,51,9,60,2 template / Nested template
CP26_BENCHMARK_FINAL/BENCHMARK_SIMPLE_C_BPL/TERM_LASSO//lasso_traces_polyrank3.t2.c/lasso_trace_193.txt,TERMINATING,0.35,78.28,28.00,UNKNOWN,51,9,60,2 template
CP26_BENCHMARK_FINAL/BENCHMARK_SIMPLE_C_BPL/TERM_LASSO//lasso_traces_polyrank3.t2.c/lasso_trace_194.txt,TERMINATING,0.39,77.94,27.00,UNKNOWN,51,9,60,2 template
CP26_BENCHMARK_FINAL/BENCHMARK_SIMPLE_C_BPL/TERM_LASSO//lasso_traces_polyrank3.t2.c/lasso_trace_195.txt,TERMINATING,0.32,80.65,12.00,TERMINATING,51,9,60,2 template / Nested template
CP26_BENCHMARK_FINAL/BENCHMARK_SIMPLE_C_BPL/TERM_LASSO//lasso_traces_polyrank3.t2.c/lasso_trace_196.txt,TERMINATING,0.45,80.71,10.00,TERMINATING,51,9,60,2 template / Nested template
CP26_BENCHMARK_FINAL/BENCHMARK_SIMPLE_C_BPL/TERM_LASSO//lasso_traces_polyrank3.t2.c/lasso_trace_197.txt,TERMINATING,0.29,78.10,13.00,TERMINATING,51,9,60,2 template / Nested template
CP26_BENCHMARK_FINAL/BENCHMARK_SIMPLE_C_BPL/TERM_LASSO//lasso_traces_polyrank3.t2.c/lasso_trace_198.txt,TERMINATING,0.37,77.44,10.00,TERMINATING,51,9,60,2 template / Nested template
CP26_BENCHMARK_FINAL/BENCHMARK_SIMPLE_C_BPL/TERM_LASSO//lasso_traces_polyrank3.t2.c/lasso_trace_199.txt,TERMINATING,0.32,104.41,28.00,UNKNOWN,51,9,60,2 template
CP26_BENCHMARK_FINAL/BENCHMARK_SIMPLE_C_BPL/TERM_LASSO//lasso_traces_polyrank3.t2.c/lasso_trace_2.txt,TERMINATING,0.41,215.58,35.00,TERMINATING,31,13,44,2 template / Nested template
CP26_BENCHMARK_FINAL/BENCHMARK_SIMPLE_C_BPL/TERM_LASSO//lasso_traces_polyrank3.t2.c/lasso_trace_20.txt,TERMINATING,0.36,82.40,25.00,UNKNOWN,51,9,60,2 template
CP26_BENCHMARK_FINAL/BENCHMARK_SIMPLE_C_BPL/TERM_LASSO//lasso_traces_polyrank3.t2.c/lasso_trace_200.txt,TERMINATING,0.31,75.61,13.00,TERMINATING,51,9,60,2 template / Nested template
CP26_BENCHMARK_FINAL/BENCHMARK_SIMPLE_C_BPL/TERM_LASSO//lasso_traces_polyrank3.t2.c/lasso_trace_201.txt,TERMINATING,0.35,77.60,28.00,UNKNOWN,51,9,60,2 template
CP26_BENCHMARK_FINAL/BENCHMARK_SIMPLE_C_BPL/TERM_LASSO//lasso_traces_polyrank3.t2.c/lasso_trace_202.txt,TERMINATING,0.37,91.66,28.00,UNKNOWN,51,9,60,2 template
CP26_BENCHMARK_FINAL/BENCHMARK_SIMPLE_C_BPL/TERM_LASSO//lasso_traces_polyrank3.t2.c/lasso_trace_203.txt,TERMINATING,0.32,85.70,10.00,TERMINATING,51,9,60,2 template / Nested template
CP26_BENCHMARK_FINAL/BENCHMARK_SIMPLE_C_BPL/TERM_LASSO//lasso_traces_polyrank3.t2.c/lasso_trace_204.txt,TERMINATING,0.34,79.97,12.00,TERMINATING,51,9,60,2 template / Nested template
CP26_BENCHMARK_FINAL/BENCHMARK_SIMPLE_C_BPL/TERM_LASSO//lasso_traces_polyrank3.t2.c/lasso_trace_205.txt,TERMINATING,0.37,77.61,26.00,UNKNOWN,51,9,60,2 template
CP26_BENCHMARK_FINAL/BENCHMARK_SIMPLE_C_BPL/TERM_LASSO//lasso_traces_polyrank3.t2.c/lasso_trace_206.txt,TERMINATING,0.35,76.68,29.00,UNKNOWN,51,9,60,2 template
CP26_BENCHMARK_FINAL/BENCHMARK_SIMPLE_C_BPL/TERM_LASSO//lasso_traces_polyrank3.t2.c/lasso_trace_207.txt,TERMINATING,0.37,82.02,10.00,TERMINATING,51,9,60,2 template / Nested template
CP26_BENCHMARK_FINAL/BENCHMARK_SIMPLE_C_BPL/TERM_LASSO//lasso_traces_polyrank3.t2.c/lasso_trace_208.txt,TERMINATING,0.34,79.15,28.00,UNKNOWN,51,9,60,2 template
CP26_BENCHMARK_FINAL/BENCHMARK_SIMPLE_C_BPL/TERM_LASSO//lasso_traces_polyrank3.t2.c/lasso_trace_209.txt,TERMINATING,0.36,75.92,12.00,TERMINATING,51,9,60,2 template / Nested template
CP26_BENCHMARK_FINAL/BENCHMARK_SIMPLE_C_BPL/TERM_LASSO//lasso_traces_polyrank3.t2.c/lasso_trace_21.txt,TERMINATING,0.35,79.49,12.00,TERMINATING,51,9,60,2 template / Nested template
CP26_BENCHMARK_FINAL/BENCHMARK_SIMPLE_C_BPL/TERM_LASSO//lasso_traces_polyrank3.t2.c/lasso_trace_210.txt,TERMINATING,0.29,77.16,28.00,UNKNOWN,51,9,60,2 template
CP26_BENCHMARK_FINAL/BENCHMARK_SIMPLE_C_BPL/TERM_LASSO//lasso_traces_polyrank3.t2.c/lasso_trace_211.txt,TERMINATING,0.33,77.97,25.00,UNKNOWN,51,9,60,2 template
CP26_BENCHMARK_FINAL/BENCHMARK_SIMPLE_C_BPL/TERM_LASSO//lasso_traces_polyrank3.t2.c/lasso_trace_212.txt,TERMINATING,0.36,77.09,27.00,UNKNOWN,51,9,60,2 template
CP26_BENCHMARK_FINAL/BENCHMARK_SIMPLE_C_BPL/TERM_LASSO//lasso_traces_polyrank3.t2.c/lasso_trace_213.txt,TERMINATING,0.32,73.54,16.00,TERMINATING,51,9,60,2 template / Nested template
CP26_BENCHMARK_FINAL/BENCHMARK_SIMPLE_C_BPL/TERM_LASSO//lasso_traces_polyrank3.t2.c/lasso_trace_214.txt,TERMINATING,0.36,78.27,27.00,UNKNOWN,51,9,60,2 template
CP26_BENCHMARK_FINAL/BENCHMARK_SIMPLE_C_BPL/TERM_LASSO//lasso_traces_polyrank3.t2.c/lasso_trace_215.txt,TERMINATING,0.71,80.40,26.00,UNKNOWN,51,9,60,2 template
CP26_BENCHMARK_FINAL/BENCHMARK_SIMPLE_C_BPL/TERM_LASSO//lasso_traces_polyrank3.t2.c/lasso_trace_216.txt,TERMINATING,0.37,78.51,13.00,TERMINATING,51,9,60,2 template / Nested template
CP26_BENCHMARK_FINAL/BENCHMARK_SIMPLE_C_BPL/TERM_LASSO//lasso_traces_polyrank3.t2.c/lasso_trace_217.txt,TERMINATING,0.31,73.86,26.00,UNKNOWN,51,9,60,2 template
CP26_BENCHMARK_FINAL/BENCHMARK_SIMPLE_C_BPL/TERM_LASSO//lasso_traces_polyrank3.t2.c/lasso_trace_218.txt,TERMINATING,0.33,73.23,11.00,TERMINATING,51,9,60,2 template / Nested template
CP26_BENCHMARK_FINAL/BENCHMARK_SIMPLE_C_BPL/TERM_LASSO//lasso_traces_polyrank3.t2.c/lasso_trace_219.txt,TERMINATING,0.30,74.53,29.00,UNKNOWN,51,9,60,2 template
CP26_BENCHMARK_FINAL/BENCHMARK_SIMPLE_C_BPL/TERM_LASSO//lasso_traces_polyrank3.t2.c/lasso_trace_22.txt,TERMINATING,0.42,75.52,27.00,UNKNOWN,51,9,60,2 template
CP26_BENCHMARK_FINAL/BENCHMARK_SIMPLE_C_BPL/TERM_LASSO//lasso_traces_polyrank3.t2.c/lasso_trace_220.txt,TERMINATING,0.47,96.55,26.00,UNKNOWN,51,9,60,2 template
CP26_BENCHMARK_FINAL/BENCHMARK_SIMPLE_C_BPL/TERM_LASSO//lasso_traces_polyrank3.t2.c/lasso_trace_221.txt,TERMINATING,0.35,78.42,27.00,UNKNOWN,51,9,60,2 template
CP26_BENCHMARK_FINAL/BENCHMARK_SIMPLE_C_BPL/TERM_LASSO//lasso_traces_polyrank3.t2.c/lasso_trace_222.txt,TERMINATING,0.38,76.85,24.00,UNKNOWN,51,9,60,2 template
CP26_BENCHMARK_FINAL/BENCHMARK_SIMPLE_C_BPL/TERM_LASSO//lasso_traces_polyrank3.t2.c/lasso_trace_223.txt,TERMINATING,0.36,73.86,26.00,UNKNOWN,51,9,60,2 template
CP26_BENCHMARK_FINAL/BENCHMARK_SIMPLE_C_BPL/TERM_LASSO//lasso_traces_polyrank3.t2.c/lasso_trace_224.txt,TERMINATING,0.29,81.07,28.00,UNKNOWN,51,9,60,2 template
CP26_BENCHMARK_FINAL/BENCHMARK_SIMPLE_C_BPL/TERM_LASSO//lasso_traces_polyrank3.t2.c/lasso_trace_225.txt,TERMINATING,0.33,84.18,12.00,TERMINATING,51,9,60,2 template / Nested template
CP26_BENCHMARK_FINAL/BENCHMARK_SIMPLE_C_BPL/TERM_LASSO//lasso_traces_polyrank3.t2.c/lasso_trace_226.txt,TERMINATING,0.36,75.63,27.00,UNKNOWN,51,9,60,2 template
CP26_BENCHMARK_FINAL/BENCHMARK_SIMPLE_C_BPL/TERM_LASSO//lasso_traces_polyrank3.t2.c/lasso_trace_227.txt,TERMINATING,0.32,76.41,25.00,UNKNOWN,51,9,60,2 template
CP26_BENCHMARK_FINAL/BENCHMARK_SIMPLE_C_BPL/TERM_LASSO//lasso_traces_polyrank3.t2.c/lasso_trace_228.txt,TERMINATING,0.37,100.48,26.00,UNKNOWN,51,9,60,2 template
CP26_BENCHMARK_FINAL/BENCHMARK_SIMPLE_C_BPL/TERM_LASSO//lasso_traces_polyrank3.t2.c/lasso_trace_229.txt,TERMINATING,0.36,77.51,27.00,UNKNOWN,51,9,60,2 template
CP26_BENCHMARK_FINAL/BENCHMARK_SIMPLE_C_BPL/TERM_LASSO//lasso_traces_polyrank3.t2.c/lasso_trace_23.txt,TERMINATING,0.35,77.41,11.00,TERMINATING,51,9,60,2 template / Nested template
CP26_BENCHMARK_FINAL/BENCHMARK_SIMPLE_C_BPL/TERM_LASSO//lasso_traces_polyrank3.t2.c/lasso_trace_230.txt,TERMINATING,0.43,73.31,11.00,TERMINATING,51,9,60,2 template / Nested template
CP26_BENCHMARK_FINAL/BENCHMARK_SIMPLE_C_BPL/TERM_LASSO//lasso_traces_polyrank3.t2.c/lasso_trace_231.txt,TERMINATING,0.32,82.03,13.00,TERMINATING,51,9,60,2 template / Nested template
CP26_BENCHMARK_FINAL/BENCHMARK_SIMPLE_C_BPL/TERM_LASSO//lasso_traces_polyrank3.t2.c/lasso_trace_232.txt,TERMINATING,0.29,74.67,11.00,TERMINATING,51,9,60,2 template / Nested template
CP26_BENCHMARK_FINAL/BENCHMARK_SIMPLE_C_BPL/TERM_LASSO//lasso_traces_polyrank3.t2.c/lasso_trace_233.txt,TERMINATING,0.30,73.44,11.00,TERMINATING,51,9,60,2 template / Nested template
CP26_BENCHMARK_FINAL/BENCHMARK_SIMPLE_C_BPL/TERM_LASSO//lasso_traces_polyrank3.t2.c/lasso_trace_234.txt,TERMINATING,0.42,79.69,10.00,TERMINATING,51,9,60,2 template / Nested template
CP26_BENCHMARK_FINAL/BENCHMARK_SIMPLE_C_BPL/TERM_LASSO//lasso_traces_polyrank3.t2.c/lasso_trace_235.txt,TERMINATING,0.35,77.22,14.00,TERMINATING,51,9,60,2 template / Nested template
CP26_BENCHMARK_FINAL/BENCHMARK_SIMPLE_C_BPL/TERM_LASSO//lasso_traces_polyrank3.t2.c/lasso_trace_236.txt,TERMINATING,0.32,75.78,11.00,TERMINATING,51,9,60,2 template / Nested template
CP26_BENCHMARK_FINAL/BENCHMARK_SIMPLE_C_BPL/TERM_LASSO//lasso_traces_polyrank3.t2.c/lasso_trace_237.txt,TERMINATING,0.37,78.27,13.00,TERMINATING,51,9,60,2 template / Nested template
CP26_BENCHMARK_FINAL/BENCHMARK_SIMPLE_C_BPL/TERM_LASSO//lasso_traces_polyrank3.t2.c/lasso_trace_238.txt,TERMINATING,0.34,75.75,28.00,UNKNOWN,51,9,60,2 template
CP26_BENCHMARK_FINAL/BENCHMARK_SIMPLE_C_BPL/TERM_LASSO//lasso_traces_polyrank3.t2.c/lasso_trace_239.txt,TERMINATING,0.35,80.24,27.00,UNKNOWN,51,9,60,2 template
CP26_BENCHMARK_FINAL/BENCHMARK_SIMPLE_C_BPL/TERM_LASSO//lasso_traces_polyrank3.t2.c/lasso_trace_24.txt,TERMINATING,0.32,82.83,10.00,TERMINATING,51,9,60,2 template / Nested template
CP26_BENCHMARK_FINAL/BENCHMARK_SIMPLE_C_BPL/TERM_LASSO//lasso_traces_polyrank3.t2.c/lasso_trace_240.txt,TERMINATING,0.35,78.32,10.00,TERMINATING,51,9,60,2 template / Nested template
CP26_BENCHMARK_FINAL/BENCHMARK_SIMPLE_C_BPL/TERM_LASSO//lasso_traces_polyrank3.t2.c/lasso_trace_241.txt,TERMINATING,0.33,80.01,28.00,UNKNOWN,51,9,60,2 template
CP26_BENCHMARK_FINAL/BENCHMARK_SIMPLE_C_BPL/TERM_LASSO//lasso_traces_polyrank3.t2.c/lasso_trace_242.txt,TERMINATING,0.37,81.60,12.00,TERMINATING,51,9,60,2 template / Nested template
CP26_BENCHMARK_FINAL/BENCHMARK_SIMPLE_C_BPL/TERM_LASSO//lasso_traces_polyrank3.t2.c/lasso_trace_243.txt,TERMINATING,0.39,74.38,27.00,UNKNOWN,51,9,60,2 template
CP26_BENCHMARK_FINAL/BENCHMARK_SIMPLE_C_BPL/TERM_LASSO//lasso_traces_polyrank3.t2.c/lasso_trace_244.txt,TERMINATING,0.36,74.46,28.00,UNKNOWN,51,9,60,2 template
CP26_BENCHMARK_FINAL/BENCHMARK_SIMPLE_C_BPL/TERM_LASSO//lasso_traces_polyrank3.t2.c/lasso_trace_245.txt,TERMINATING,0.30,78.62,25.00,UNKNOWN,51,9,60,2 template
CP26_BENCHMARK_FINAL/BENCHMARK_SIMPLE_C_BPL/TERM_LASSO//lasso_traces_polyrank3.t2.c/lasso_trace_246.txt,TERMINATING,0.35,94.26,11.00,TERMINATING,51,9,60,2 template / Nested template
CP26_BENCHMARK_FINAL/BENCHMARK_SIMPLE_C_BPL/TERM_LASSO//lasso_traces_polyrank3.t2.c/lasso_trace_247.txt,TERMINATING,0.37,77.35,27.00,UNKNOWN,51,9,60,2 template
CP26_BENCHMARK_FINAL/BENCHMARK_SIMPLE_C_BPL/TERM_LASSO//lasso_traces_polyrank3.t2.c/lasso_trace_248.txt,TERMINATING,0.29,78.02,29.00,UNKNOWN,51,9,60,2 template
CP26_BENCHMARK_FINAL/BENCHMARK_SIMPLE_C_BPL/TERM_LASSO//lasso_traces_polyrank3.t2.c/lasso_trace_249.txt,TERMINATING,0.34,85.03,10.00,TERMINATING,51,9,60,2 template / Nested template
CP26_BENCHMARK_FINAL/BENCHMARK_SIMPLE_C_BPL/TERM_LASSO//lasso_traces_polyrank3.t2.c/lasso_trace_25.txt,TERMINATING,0.39,81.50,28.00,UNKNOWN,51,9,60,2 template
CP26_BENCHMARK_FINAL/BENCHMARK_SIMPLE_C_BPL/TERM_LASSO//lasso_traces_polyrank3.t2.c/lasso_trace_250.txt,TERMINATING,0.35,82.02,11.00,TERMINATING,51,9,60,2 template / Nested template
CP26_BENCHMARK_FINAL/BENCHMARK_SIMPLE_C_BPL/TERM_LASSO//lasso_traces_polyrank3.t2.c/lasso_trace_251.txt,TERMINATING,0.38,85.84,11.00,TERMINATING,51,9,60,2 template / Nested template
CP26_BENCHMARK_FINAL/BENCHMARK_SIMPLE_C_BPL/TERM_LASSO//lasso_traces_polyrank3.t2.c/lasso_trace_252.txt,TERMINATING,0.34,75.76,11.00,TERMINATING,51,9,60,2 template / Nested template
CP26_BENCHMARK_FINAL/BENCHMARK_SIMPLE_C_BPL/TERM_LASSO//lasso_traces_polyrank3.t2.c/lasso_trace_253.txt,TERMINATING,0.35,85.51,27.00,UNKNOWN,51,9,60,2 template
CP26_BENCHMARK_FINAL/BENCHMARK_SIMPLE_C_BPL/TERM_LASSO//lasso_traces_polyrank3.t2.c/lasso_trace_254.txt,TERMINATING,0.33,74.03,13.00,TERMINATING,51,9,60,2 template / Nested template
CP26_BENCHMARK_FINAL/BENCHMARK_SIMPLE_C_BPL/TERM_LASSO//lasso_traces_polyrank3.t2.c/lasso_trace_255.txt,TERMINATING,0.45,85.94,11.00,TERMINATING,51,9,60,2 template / Nested template
CP26_BENCHMARK_FINAL/BENCHMARK_SIMPLE_C_BPL/TERM_LASSO//lasso_traces_polyrank3.t2.c/lasso_trace_256.txt,TERMINATING,0.85,81.99,14.00,TERMINATING,51,9,60,2 template / Nested template
CP26_BENCHMARK_FINAL/BENCHMARK_SIMPLE_C_BPL/TERM_LASSO//lasso_traces_polyrank3.t2.c/lasso_trace_257.txt,TERMINATING,0.57,77.31,10.00,TERMINATING,51,9,60,2 template / Nested template
CP26_BENCHMARK_FINAL/BENCHMARK_SIMPLE_C_BPL/TERM_LASSO//lasso_traces_polyrank3.t2.c/lasso_trace_258.txt,TERMINATING,0.26,76.28,29.00,UNKNOWN,51,9,60,2 template
CP26_BENCHMARK_FINAL/BENCHMARK_SIMPLE_C_BPL/TERM_LASSO//lasso_traces_polyrank3.t2.c/lasso_trace_259.txt,TERMINATING,0.29,80.59,30.00,UNKNOWN,51,9,60,2 template
CP26_BENCHMARK_FINAL/BENCHMARK_SIMPLE_C_BPL/TERM_LASSO//lasso_traces_polyrank3.t2.c/lasso_trace_26.txt,TERMINATING,0.36,78.05,26.00,UNKNOWN,51,9,60,2 template
CP26_BENCHMARK_FINAL/BENCHMARK_SIMPLE_C_BPL/TERM_LASSO//lasso_traces_polyrank3.t2.c/lasso_trace_260.txt,TERMINATING,0.53,80.25,13.00,TERMINATING,51,9,60,2 template / Nested template
CP26_BENCHMARK_FINAL/BENCHMARK_SIMPLE_C_BPL/TERM_LASSO//lasso_traces_polyrank3.t2.c/lasso_trace_261.txt,TERMINATING,0.41,80.38,13.00,TERMINATING,51,9,60,2 template / Nested template
CP26_BENCHMARK_FINAL/BENCHMARK_SIMPLE_C_BPL/TERM_LASSO//lasso_traces_polyrank3.t2.c/lasso_trace_262.txt,TERMINATING,0.37,75.63,11.00,TERMINATING,51,9,60,2 template / Nested template
CP26_BENCHMARK_FINAL/BENCHMARK_SIMPLE_C_BPL/TERM_LASSO//lasso_traces_polyrank3.t2.c/lasso_trace_263.txt,TERMINATING,0.32,74.47,27.00,UNKNOWN,51,9,60,2 template
CP26_BENCHMARK_FINAL/BENCHMARK_SIMPLE_C_BPL/TERM_LASSO//lasso_traces_polyrank3.t2.c/lasso_trace_264.txt,TERMINATING,0.30,80.99,26.00,UNKNOWN,51,9,60,2 template
CP26_BENCHMARK_FINAL/BENCHMARK_SIMPLE_C_BPL/TERM_LASSO//lasso_traces_polyrank3.t2.c/lasso_trace_265.txt,TERMINATING,0.32,72.45,26.00,UNKNOWN,51,9,60,2 template
CP26_BENCHMARK_FINAL/BENCHMARK_SIMPLE_C_BPL/TERM_LASSO//lasso_traces_polyrank3.t2.c/lasso_trace_266.txt,TERMINATING,0.35,77.68,11.00,TERMINATING,51,9,60,2 template / Nested template
CP26_BENCHMARK_FINAL/BENCHMARK_SIMPLE_C_BPL/TERM_LASSO//lasso_traces_polyrank3.t2.c/lasso_trace_267.txt,TERMINATING,0.35,74.14,26.00,UNKNOWN,51,9,60,2 template
CP26_BENCHMARK_FINAL/BENCHMARK_SIMPLE_C_BPL/TERM_LASSO//lasso_traces_polyrank3.t2.c/lasso_trace_268.txt,TERMINATING,0.36,78.69,26.00,UNKNOWN,51,9,60,2 template
CP26_BENCHMARK_FINAL/BENCHMARK_SIMPLE_C_BPL/TERM_LASSO//lasso_traces_polyrank3.t2.c/lasso_trace_269.txt,TERMINATING,0.31,78.08,11.00,TERMINATING,51,9,60,2 template / Nested template
CP26_BENCHMARK_FINAL/BENCHMARK_SIMPLE_C_BPL/TERM_LASSO//lasso_traces_polyrank3.t2.c/lasso_trace_27.txt,TERMINATING,0.34,77.97,10.00,TERMINATING,51,9,60,2 template / Nested template
CP26_BENCHMARK_FINAL/BENCHMARK_SIMPLE_C_BPL/TERM_LASSO//lasso_traces_polyrank3.t2.c/lasso_trace_270.txt,TERMINATING,0.36,74.20,9.00,TERMINATING,51,9,60,2 template / Nested template
CP26_BENCHMARK_FINAL/BENCHMARK_SIMPLE_C_BPL/TERM_LASSO//lasso_traces_polyrank3.t2.c/lasso_trace_271.txt,TERMINATING,0.32,82.49,11.00,TERMINATING,51,9,60,2 template / Nested template
CP26_BENCHMARK_FINAL/BENCHMARK_SIMPLE_C_BPL/TERM_LASSO//lasso_traces_polyrank3.t2.c/lasso_trace_272.txt,TERMINATING,0.37,76.06,27.00,UNKNOWN,51,9,60,2 template
CP26_BENCHMARK_FINAL/BENCHMARK_SIMPLE_C_BPL/TERM_LASSO//lasso_traces_polyrank3.t2.c/lasso_trace_273.txt,TERMINATING,0.34,77.19,11.00,TERMINATING,51,9,60,2 template / Nested template
CP26_BENCHMARK_FINAL/BENCHMARK_SIMPLE_C_BPL/TERM_LASSO//lasso_traces_polyrank3.t2.c/lasso_trace_274.txt,TERMINATING,0.37,75.13,27.00,UNKNOWN,51,9,60,2 template
CP26_BENCHMARK_FINAL/BENCHMARK_SIMPLE_C_BPL/TERM_LASSO//lasso_traces_polyrank3.t2.c/lasso_trace_275.txt,TERMINATING,0.26,75.26,11.00,TERMINATING,51,9,60,2 template / Nested template
CP26_BENCHMARK_FINAL/BENCHMARK_SIMPLE_C_BPL/TERM_LASSO//lasso_traces_polyrank3.t2.c/lasso_trace_276.txt,TERMINATING,0.36,77.93,12.00,TERMINATING,51,9,60,2 template / Nested template
CP26_BENCHMARK_FINAL/BENCHMARK_SIMPLE_C_BPL/TERM_LASSO//lasso_traces_polyrank3.t2.c/lasso_trace_277.txt,TERMINATING,0.37,95.38,27.00,UNKNOWN,51,9,60,2 template
CP26_BENCHMARK_FINAL/BENCHMARK_SIMPLE_C_BPL/TERM_LASSO//lasso_traces_polyrank3.t2.c/lasso_trace_278.txt,TERMINATING,0.35,77.20,30.00,UNKNOWN,51,9,60,2 template
CP26_BENCHMARK_FINAL/BENCHMARK_SIMPLE_C_BPL/TERM_LASSO//lasso_traces_polyrank3.t2.c/lasso_trace_279.txt,TERMINATING,0.32,87.30,13.00,TERMINATING,51,9,60,2 template / Nested template
CP26_BENCHMARK_FINAL/BENCHMARK_SIMPLE_C_BPL/TERM_LASSO//lasso_traces_polyrank3.t2.c/lasso_trace_28.txt,TERMINATING,0.32,80.87,11.00,TERMINATING,51,9,60,2 template / Nested template
CP26_BENCHMARK_FINAL/BENCHMARK_SIMPLE_C_BPL/TERM_LASSO//lasso_traces_polyrank3.t2.c/lasso_trace_280.txt,TERMINATING,0.40,92.33,11.00,TERMINATING,51,9,60,2 template / Nested template
CP26_BENCHMARK_FINAL/BENCHMARK_SIMPLE_C_BPL/TERM_LASSO//lasso_traces_polyrank3.t2.c/lasso_trace_281.txt,TERMINATING,0.29,76.87,26.00,UNKNOWN,51,9,60,2 template
CP26_BENCHMARK_FINAL/BENCHMARK_SIMPLE_C_BPL/TERM_LASSO//lasso_traces_polyrank3.t2.c/lasso_trace_282.txt,TERMINATING,0.33,76.24,11.00,TERMINATING,51,9,60,2 template / Nested template
CP26_BENCHMARK_FINAL/BENCHMARK_SIMPLE_C_BPL/TERM_LASSO//lasso_traces_polyrank3.t2.c/lasso_trace_283.txt,TERMINATING,0.34,80.46,29.00,UNKNOWN,51,9,60,2 template
CP26_BENCHMARK_FINAL/BENCHMARK_SIMPLE_C_BPL/TERM_LASSO//lasso_traces_polyrank3.t2.c/lasso_trace_284.txt,TERMINATING,0.42,76.84,25.00,UNKNOWN,51,9,60,2 template
CP26_BENCHMARK_FINAL/BENCHMARK_SIMPLE_C_BPL/TERM_LASSO//lasso_traces_polyrank3.t2.c/lasso_trace_285.txt,TERMINATING,0.36,103.00,10.00,TERMINATING,51,9,60,2 template / Nested template
CP26_BENCHMARK_FINAL/BENCHMARK_SIMPLE_C_BPL/TERM_LASSO//lasso_traces_polyrank3.t2.c/lasso_trace_286.txt,TERMINATING,0.32,76.27,16.00,TERMINATING,51,9,60,2 template / Nested template
CP26_BENCHMARK_FINAL/BENCHMARK_SIMPLE_C_BPL/TERM_LASSO//lasso_traces_polyrank3.t2.c/lasso_trace_287.txt,TERMINATING,0.35,76.16,30.00,UNKNOWN,51,9,60,2 template
CP26_BENCHMARK_FINAL/BENCHMARK_SIMPLE_C_BPL/TERM_LASSO//lasso_traces_polyrank3.t2.c/lasso_trace_288.txt,TERMINATING,0.28,77.72,26.00,UNKNOWN,51,9,60,2 template
CP26_BENCHMARK_FINAL/BENCHMARK_SIMPLE_C_BPL/TERM_LASSO//lasso_traces_polyrank3.t2.c/lasso_trace_289.txt,TERMINATING,0.37,76.52,11.00,TERMINATING,51,9,60,2 template / Nested template
CP26_BENCHMARK_FINAL/BENCHMARK_SIMPLE_C_BPL/TERM_LASSO//lasso_traces_polyrank3.t2.c/lasso_trace_29.txt,TERMINATING,0.33,82.70,28.00,UNKNOWN,51,9,60,2 template
CP26_BENCHMARK_FINAL/BENCHMARK_SIMPLE_C_BPL/TERM_LASSO//lasso_traces_polyrank3.t2.c/lasso_trace_290.txt,TERMINATING,0.31,79.77,13.00,TERMINATING,51,9,60,2 template / Nested template
CP26_BENCHMARK_FINAL/BENCHMARK_SIMPLE_C_BPL/TERM_LASSO//lasso_traces_polyrank3.t2.c/lasso_trace_291.txt,TERMINATING,0.32,93.99,25.00,UNKNOWN,51,9,60,2 template
CP26_BENCHMARK_FINAL/BENCHMARK_SIMPLE_C_BPL/TERM_LASSO//lasso_traces_polyrank3.t2.c/lasso_trace_292.txt,TERMINATING,0.37,78.59,28.00,UNKNOWN,51,9,60,2 template
CP26_BENCHMARK_FINAL/BENCHMARK_SIMPLE_C_BPL/TERM_LASSO//lasso_traces_polyrank3.t2.c/lasso_trace_293.txt,TERMINATING,0.41,70.82,26.00,UNKNOWN,51,9,60,2 template
CP26_BENCHMARK_FINAL/BENCHMARK_SIMPLE_C_BPL/TERM_LASSO//lasso_traces_polyrank3.t2.c/lasso_trace_294.txt,TERMINATING,0.35,88.55,29.00,UNKNOWN,51,9,60,2 template
CP26_BENCHMARK_FINAL/BENCHMARK_SIMPLE_C_BPL/TERM_LASSO//lasso_traces_polyrank3.t2.c/lasso_trace_295.txt,TERMINATING,0.38,73.80,13.00,TERMINATING,51,9,60,2 template / Nested template
CP26_BENCHMARK_FINAL/BENCHMARK_SIMPLE_C_BPL/TERM_LASSO//lasso_traces_polyrank3.t2.c/lasso_trace_296.txt,TERMINATING,0.31,83.46,28.00,UNKNOWN,51,9,60,2 template
CP26_BENCHMARK_FINAL/BENCHMARK_SIMPLE_C_BPL/TERM_LASSO//lasso_traces_polyrank3.t2.c/lasso_trace_297.txt,TERMINATING,0.30,79.63,25.00,UNKNOWN,51,9,60,2 template
CP26_BENCHMARK_FINAL/BENCHMARK_SIMPLE_C_BPL/TERM_LASSO//lasso_traces_polyrank3.t2.c/lasso_trace_298.txt,TERMINATING,0.29,78.63,28.00,UNKNOWN,51,9,60,2 template
CP26_BENCHMARK_FINAL/BENCHMARK_SIMPLE_C_BPL/TERM_LASSO//lasso_traces_polyrank3.t2.c/lasso_trace_299.txt,TERMINATING,0.35,79.20,28.00,UNKNOWN,51,9,60,2 template
CP26_BENCHMARK_FINAL/BENCHMARK_SIMPLE_C_BPL/TERM_LASSO//lasso_traces_polyrank3.t2.c/lasso_trace_3.txt,TERMINATING,0.35,85.24,26.00,UNKNOWN,41,9,50,2 template
CP26_BENCHMARK_FINAL/BENCHMARK_SIMPLE_C_BPL/TERM_LASSO//lasso_traces_polyrank3.t2.c/lasso_trace_30.txt,TERMINATING,0.36,82.93,26.00,UNKNOWN,51,9,60,2 template
CP26_BENCHMARK_FINAL/BENCHMARK_SIMPLE_C_BPL/TERM_LASSO//lasso_traces_polyrank3.t2.c/lasso_trace_300.txt,TERMINATING,0.31,77.68,12.00,TERMINATING,51,9,60,2 template / Nested template
CP26_BENCHMARK_FINAL/BENCHMARK_SIMPLE_C_BPL/TERM_LASSO//lasso_traces_polyrank3.t2.c/lasso_trace_301.txt,TERMINATING,0.39,76.07,28.00,UNKNOWN,51,9,60,2 template
CP26_BENCHMARK_FINAL/BENCHMARK_SIMPLE_C_BPL/TERM_LASSO//lasso_traces_polyrank3.t2.c/lasso_trace_302.txt,TERMINATING,0.31,98.38,13.00,TERMINATING,51,9,60,2 template / Nested template
CP26_BENCHMARK_FINAL/BENCHMARK_SIMPLE_C_BPL/TERM_LASSO//lasso_traces_polyrank3.t2.c/lasso_trace_303.txt,TERMINATING,0.28,74.64,10.00,TERMINATING,51,9,60,2 template / Nested template
CP26_BENCHMARK_FINAL/BENCHMARK_SIMPLE_C_BPL/TERM_LASSO//lasso_traces_polyrank3.t2.c/lasso_trace_304.txt,TERMINATING,0.31,74.18,30.00,UNKNOWN,51,9,60,2 template
CP26_BENCHMARK_FINAL/BENCHMARK_SIMPLE_C_BPL/TERM_LASSO//lasso_traces_polyrank3.t2.c/lasso_trace_305.txt,TERMINATING,0.35,82.44,11.00,TERMINATING,51,9,60,2 template / Nested template
CP26_BENCHMARK_FINAL/BENCHMARK_SIMPLE_C_BPL/TERM_LASSO//lasso_traces_polyrank3.t2.c/lasso_trace_306.txt,TERMINATING,0.31,85.91,29.00,UNKNOWN,51,9,60,2 template
CP26_BENCHMARK_FINAL/BENCHMARK_SIMPLE_C_BPL/TERM_LASSO//lasso_traces_polyrank3.t2.c/lasso_trace_307.txt,TERMINATING,0.32,77.48,29.00,UNKNOWN,51,9,60,2 template
CP26_BENCHMARK_FINAL/BENCHMARK_SIMPLE_C_BPL/TERM_LASSO//lasso_traces_polyrank3.t2.c/lasso_trace_308.txt,TERMINATING,0.35,73.88,10.00,TERMINATING,51,9,60,2 template / Nested template
CP26_BENCHMARK_FINAL/BENCHMARK_SIMPLE_C_BPL/TERM_LASSO//lasso_traces_polyrank3.t2.c/lasso_trace_309.txt,TERMINATING,0.36,72.78,12.00,TERMINATING,51,9,60,2 template / Nested template
CP26_BENCHMARK_FINAL/BENCHMARK_SIMPLE_C_BPL/TERM_LASSO//lasso_traces_polyrank3.t2.c/lasso_trace_31.txt,TERMINATING,0.35,76.38,11.00,TERMINATING,51,9,60,2 template / Nested template
CP26_BENCHMARK_FINAL/BENCHMARK_SIMPLE_C_BPL/TERM_LASSO//lasso_traces_polyrank3.t2.c/lasso_trace_310.txt,TERMINATING,0.28,77.62,29.00,UNKNOWN,51,9,60,2 template
CP26_BENCHMARK_FINAL/BENCHMARK_SIMPLE_C_BPL/TERM_LASSO//lasso_traces_polyrank3.t2.c/lasso_trace_311.txt,TERMINATING,0.27,75.39,26.00,UNKNOWN,51,9,60,2 template
CP26_BENCHMARK_FINAL/BENCHMARK_SIMPLE_C_BPL/TERM_LASSO//lasso_traces_polyrank3.t2.c/lasso_trace_312.txt,TERMINATING,0.29,76.58,13.00,TERMINATING,51,9,60,2 template / Nested template
CP26_BENCHMARK_FINAL/BENCHMARK_SIMPLE_C_BPL/TERM_LASSO//lasso_traces_polyrank3.t2.c/lasso_trace_313.txt,TERMINATING,0.36,76.61,26.00,UNKNOWN,51,9,60,2 template
CP26_BENCHMARK_FINAL/BENCHMARK_SIMPLE_C_BPL/TERM_LASSO//lasso_traces_polyrank3.t2.c/lasso_trace_314.txt,TERMINATING,0.30,75.79,10.00,TERMINATING,51,9,60,2 template / Nested template
CP26_BENCHMARK_FINAL/BENCHMARK_SIMPLE_C_BPL/TERM_LASSO//lasso_traces_polyrank3.t2.c/lasso_trace_315.txt,TERMINATING,0.31,97.64,27.00,UNKNOWN,51,9,60,2 template
CP26_BENCHMARK_FINAL/BENCHMARK_SIMPLE_C_BPL/TERM_LASSO//lasso_traces_polyrank3.t2.c/lasso_trace_316.txt,TERMINATING,0.35,82.23,28.00,UNKNOWN,51,9,60,2 template
CP26_BENCHMARK_FINAL/BENCHMARK_SIMPLE_C_BPL/TERM_LASSO//lasso_traces_polyrank3.t2.c/lasso_trace_317.txt,TERMINATING,0.36,73.84,11.00,TERMINATING,51,9,60,2 template / Nested template
CP26_BENCHMARK_FINAL/BENCHMARK_SIMPLE_C_BPL/TERM_LASSO//lasso_traces_polyrank3.t2.c/lasso_trace_318.txt,TERMINATING,0.35,71.87,26.00,UNKNOWN,51,9,60,2 template
CP26_BENCHMARK_FINAL/BENCHMARK_SIMPLE_C_BPL/TERM_LASSO//lasso_traces_polyrank3.t2.c/lasso_trace_319.txt,TERMINATING,0.27,76.14,11.00,TERMINATING,51,9,60,2 template / Nested template
CP26_BENCHMARK_FINAL/BENCHMARK_SIMPLE_C_BPL/TERM_LASSO//lasso_traces_polyrank3.t2.c/lasso_trace_32.txt,TERMINATING,0.30,75.78,10.00,TERMINATING,51,9,60,2 template / Nested template
CP26_BENCHMARK_FINAL/BENCHMARK_SIMPLE_C_BPL/TERM_LASSO//lasso_traces_polyrank3.t2.c/lasso_trace_320.txt,TERMINATING,0.34,108.48,11.00,TERMINATING,51,9,60,2 template / Nested template
CP26_BENCHMARK_FINAL/BENCHMARK_SIMPLE_C_BPL/TERM_LASSO//lasso_traces_polyrank3.t2.c/lasso_trace_321.txt,TERMINATING,0.35,73.35,27.00,UNKNOWN,51,9,60,2 template
CP26_BENCHMARK_FINAL/BENCHMARK_SIMPLE_C_BPL/TERM_LASSO//lasso_traces_polyrank3.t2.c/lasso_trace_322.txt,TERMINATING,0.27,72.48,27.00,UNKNOWN,51,9,60,2 template
CP26_BENCHMARK_FINAL/BENCHMARK_SIMPLE_C_BPL/TERM_LASSO//lasso_traces_polyrank3.t2.c/lasso_trace_323.txt,TERMINATING,0.31,75.41,26.00,UNKNOWN,51,9,60,2 template
CP26_BENCHMARK_FINAL/BENCHMARK_SIMPLE_C_BPL/TERM_LASSO//lasso_traces_polyrank3.t2.c/lasso_trace_324.txt,TERMINATING,0.28,82.01,10.00,TERMINATING,51,9,60,2 template / Nested template
CP26_BENCHMARK_FINAL/BENCHMARK_SIMPLE_C_BPL/TERM_LASSO//lasso_traces_polyrank3.t2.c/lasso_trace_325.txt,TERMINATING,0.29,76.44,26.00,UNKNOWN,51,9,60,2 template
CP26_BENCHMARK_FINAL/BENCHMARK_SIMPLE_C_BPL/TERM_LASSO//lasso_traces_polyrank3.t2.c/lasso_trace_326.txt,TERMINATING,0.35,77.95,12.00,TERMINATING,51,9,60,2 template / Nested template
CP26_BENCHMARK_FINAL/BENCHMARK_SIMPLE_C_BPL/TERM_LASSO//lasso_traces_polyrank3.t2.c/lasso_trace_327.txt,TERMINATING,0.27,82.73,10.00,TERMINATING,51,9,60,2 template / Nested template
CP26_BENCHMARK_FINAL/BENCHMARK_SIMPLE_C_BPL/TERM_LASSO//lasso_traces_polyrank3.t2.c/lasso_trace_328.txt,TERMINATING,0.30,76.15,12.00,TERMINATING,51,9,60,2 template / Nested template
CP26_BENCHMARK_FINAL/BENCHMARK_SIMPLE_C_BPL/TERM_LASSO//lasso_traces_polyrank3.t2.c/lasso_trace_329.txt,TERMINATING,0.26,79.69,14.00,TERMINATING,51,9,60,2 template / Nested template
CP26_BENCHMARK_FINAL/BENCHMARK_SIMPLE_C_BPL/TERM_LASSO//lasso_traces_polyrank3.t2.c/lasso_trace_33.txt,TERMINATING,0.37,79.68,26.00,UNKNOWN,51,9,60,2 template
CP26_BENCHMARK_FINAL/BENCHMARK_SIMPLE_C_BPL/TERM_LASSO//lasso_traces_polyrank3.t2.c/lasso_trace_330.txt,TERMINATING,0.31,91.98,10.00,TERMINATING,51,9,60,2 template / Nested template
CP26_BENCHMARK_FINAL/BENCHMARK_SIMPLE_C_BPL/TERM_LASSO//lasso_traces_polyrank3.t2.c/lasso_trace_331.txt,TERMINATING,0.45,78.75,26.00,UNKNOWN,51,9,60,2 template
CP26_BENCHMARK_FINAL/BENCHMARK_SIMPLE_C_BPL/TERM_LASSO//lasso_traces_polyrank3.t2.c/lasso_trace_332.txt,TERMINATING,0.32,76.13,10.00,TERMINATING,51,9,60,2 template / Nested template
CP26_BENCHMARK_FINAL/BENCHMARK_SIMPLE_C_BPL/TERM_LASSO//lasso_traces_polyrank3.t2.c/lasso_trace_333.txt,TERMINATING,0.27,88.10,12.00,TERMINATING,51,9,60,2 template / Nested template
CP26_BENCHMARK_FINAL/BENCHMARK_SIMPLE_C_BPL/TERM_LASSO//lasso_traces_polyrank3.t2.c/lasso_trace_334.txt,TERMINATING,0.27,86.80,30.00,UNKNOWN,51,9,60,2 template
CP26_BENCHMARK_FINAL/BENCHMARK_SIMPLE_C_BPL/TERM_LASSO//lasso_traces_polyrank3.t2.c/lasso_trace_335.txt,TERMINATING,0.42,79.52,10.00,TERMINATING,51,9,60,2 template / Nested template
CP26_BENCHMARK_FINAL/BENCHMARK_SIMPLE_C_BPL/TERM_LASSO//lasso_traces_polyrank3.t2.c/lasso_trace_336.txt,TERMINATING,0.31,87.05,10.00,TERMINATING,51,9,60,2 template / Nested template
CP26_BENCHMARK_FINAL/BENCHMARK_SIMPLE_C_BPL/TERM_LASSO//lasso_traces_polyrank3.t2.c/lasso_trace_337.txt,TERMINATING,0.66,80.22,11.00,TERMINATING,51,9,60,2 template / Nested template
CP26_BENCHMARK_FINAL/BENCHMARK_SIMPLE_C_BPL/TERM_LASSO//lasso_traces_polyrank3.t2.c/lasso_trace_338.txt,TERMINATING,0.34,85.13,26.00,UNKNOWN,51,9,60,2 template
CP26_BENCHMARK_FINAL/BENCHMARK_SIMPLE_C_BPL/TERM_LASSO//lasso_traces_polyrank3.t2.c/lasso_trace_339.txt,TERMINATING,0.34,100.70,26.00,UNKNOWN,51,9,60,2 template
CP26_BENCHMARK_FINAL/BENCHMARK_SIMPLE_C_BPL/TERM_LASSO//lasso_traces_polyrank3.t2.c/lasso_trace_34.txt,TERMINATING,0.30,83.08,11.00,TERMINATING,51,9,60,2 template / Nested template
CP26_BENCHMARK_FINAL/BENCHMARK_SIMPLE_C_BPL/TERM_LASSO//lasso_traces_polyrank3.t2.c/lasso_trace_340.txt,TERMINATING,0.37,82.42,27.00,UNKNOWN,51,9,60,2 template
CP26_BENCHMARK_FINAL/BENCHMARK_SIMPLE_C_BPL/TERM_LASSO//lasso_traces_polyrank3.t2.c/lasso_trace_35.txt,TERMINATING,0.46,80.41,11.00,TERMINATING,51,9,60,2 template / Nested template
CP26_BENCHMARK_FINAL/BENCHMARK_SIMPLE_C_BPL/TERM_LASSO//lasso_traces_polyrank3.t2.c/lasso_trace_36.txt,TERMINATING,0.34,86.55,26.00,UNKNOWN,51,9,60,2 template
CP26_BENCHMARK_FINAL/BENCHMARK_SIMPLE_C_BPL/TERM_LASSO//lasso_traces_polyrank3.t2.c/lasso_trace_37.txt,TERMINATING,0.32,84.84,12.00,TERMINATING,51,9,60,2 template / Nested template
CP26_BENCHMARK_FINAL/BENCHMARK_SIMPLE_C_BPL/TERM_LASSO//lasso_traces_polyrank3.t2.c/lasso_trace_38.txt,TERMINATING,0.34,77.97,28.00,UNKNOWN,51,9,60,2 template
CP26_BENCHMARK_FINAL/BENCHMARK_SIMPLE_C_BPL/TERM_LASSO//lasso_traces_polyrank3.t2.c/lasso_trace_39.txt,TERMINATING,0.28,84.22,30.00,UNKNOWN,51,9,60,2 template
CP26_BENCHMARK_FINAL/BENCHMARK_SIMPLE_C_BPL/TERM_LASSO//lasso_traces_polyrank3.t2.c/lasso_trace_4.txt,TERMINATING,0.35,84.03,13.00,TERMINATING,50,9,59,2 template / Nested template
CP26_BENCHMARK_FINAL/BENCHMARK_SIMPLE_C_BPL/TERM_LASSO//lasso_traces_polyrank3.t2.c/lasso_trace_40.txt,TERMINATING,0.35,81.84,11.00,TERMINATING,51,9,60,2 template / Nested template
CP26_BENCHMARK_FINAL/BENCHMARK_SIMPLE_C_BPL/TERM_LASSO//lasso_traces_polyrank3.t2.c/lasso_trace_41.txt,TERMINATING,0.46,108.96,32.00,UNKNOWN,51,9,60,2 template
CP26_BENCHMARK_FINAL/BENCHMARK_SIMPLE_C_BPL/TERM_LASSO//lasso_traces_polyrank3.t2.c/lasso_trace_42.txt,TERMINATING,0.33,77.51,13.00,TERMINATING,51,9,60,2 template / Nested template
CP26_BENCHMARK_FINAL/BENCHMARK_SIMPLE_C_BPL/TERM_LASSO//lasso_traces_polyrank3.t2.c/lasso_trace_43.txt,TERMINATING,0.35,78.91,14.00,TERMINATING,51,9,60,2 template / Nested template
CP26_BENCHMARK_FINAL/BENCHMARK_SIMPLE_C_BPL/TERM_LASSO//lasso_traces_polyrank3.t2.c/lasso_trace_44.txt,TERMINATING,0.35,81.61,26.00,UNKNOWN,51,9,60,2 template
CP26_BENCHMARK_FINAL/BENCHMARK_SIMPLE_C_BPL/TERM_LASSO//lasso_traces_polyrank3.t2.c/lasso_trace_45.txt,TERMINATING,0.28,74.10,13.00,TERMINATING,51,9,60,2 template / Nested template
CP26_BENCHMARK_FINAL/BENCHMARK_SIMPLE_C_BPL/TERM_LASSO//lasso_traces_polyrank3.t2.c/lasso_trace_46.txt,TERMINATING,0.33,74.13,27.00,UNKNOWN,51,9,60,2 template
CP26_BENCHMARK_FINAL/BENCHMARK_SIMPLE_C_BPL/TERM_LASSO//lasso_traces_polyrank3.t2.c/lasso_trace_47.txt,TERMINATING,0.33,77.05,27.00,UNKNOWN,51,9,60,2 template
CP26_BENCHMARK_FINAL/BENCHMARK_SIMPLE_C_BPL/TERM_LASSO//lasso_traces_polyrank3.t2.c/lasso_trace_48.txt,TERMINATING,0.28,77.71,11.00,TERMINATING,51,9,60,2 template / Nested template
CP26_BENCHMARK_FINAL/BENCHMARK_SIMPLE_C_BPL/TERM_LASSO//lasso_traces_polyrank3.t2.c/lasso_trace_49.txt,TERMINATING,0.34,79.53,27.00,UNKNOWN,51,9,60,2 template
CP26_BENCHMARK_FINAL/BENCHMARK_SIMPLE_C_BPL/TERM_LASSO//lasso_traces_polyrank3.t2.c/lasso_trace_5.txt,TERMINATING,0.39,85.73,14.00,TERMINATING,41,22,63,2 template / Nested template
CP26_BENCHMARK_FINAL/BENCHMARK_SIMPLE_C_BPL/TERM_LASSO//lasso_traces_polyrank3.t2.c/lasso_trace_50.txt,TERMINATING,0.29,84.63,11.00,TERMINATING,51,9,60,2 template / Nested template
CP26_BENCHMARK_FINAL/BENCHMARK_SIMPLE_C_BPL/TERM_LASSO//lasso_traces_polyrank3.t2.c/lasso_trace_51.txt,TERMINATING,0.33,90.57,12.00,TERMINATING,51,9,60,2 template / Nested template
CP26_BENCHMARK_FINAL/BENCHMARK_SIMPLE_C_BPL/TERM_LASSO//lasso_traces_polyrank3.t2.c/lasso_trace_52.txt,TERMINATING,0.35,75.22,27.00,UNKNOWN,51,9,60,2 template
CP26_BENCHMARK_FINAL/BENCHMARK_SIMPLE_C_BPL/TERM_LASSO//lasso_traces_polyrank3.t2.c/lasso_trace_53.txt,TERMINATING,0.35,81.69,13.00,TERMINATING,51,9,60,2 template / Nested template
CP26_BENCHMARK_FINAL/BENCHMARK_SIMPLE_C_BPL/TERM_LASSO//lasso_traces_polyrank3.t2.c/lasso_trace_54.txt,TERMINATING,0.37,92.57,11.00,TERMINATING,51,9,60,2 template / Nested template
CP26_BENCHMARK_FINAL/BENCHMARK_SIMPLE_C_BPL/TERM_LASSO//lasso_traces_polyrank3.t2.c/lasso_trace_55.txt,TERMINATING,0.37,81.05,12.00,TERMINATING,51,9,60,2 template / Nested template
CP26_BENCHMARK_FINAL/BENCHMARK_SIMPLE_C_BPL/TERM_LASSO//lasso_traces_polyrank3.t2.c/lasso_trace_56.txt,TERMINATING,0.38,81.51,13.00,TERMINATING,51,9,60,2 template / Nested template
CP26_BENCHMARK_FINAL/BENCHMARK_SIMPLE_C_BPL/TERM_LASSO//lasso_traces_polyrank3.t2.c/lasso_trace_57.txt,TERMINATING,0.33,80.28,12.00,TERMINATING,51,9,60,2 template / Nested template
CP26_BENCHMARK_FINAL/BENCHMARK_SIMPLE_C_BPL/TERM_LASSO//lasso_traces_polyrank3.t2.c/lasso_trace_58.txt,TERMINATING,0.30,89.97,27.00,UNKNOWN,51,9,60,2 template
CP26_BENCHMARK_FINAL/BENCHMARK_SIMPLE_C_BPL/TERM_LASSO//lasso_traces_polyrank3.t2.c/lasso_trace_59.txt,TERMINATING,0.28,77.91,12.00,TERMINATING,51,9,60,2 template / Nested template
CP26_BENCHMARK_FINAL/BENCHMARK_SIMPLE_C_BPL/TERM_LASSO//lasso_traces_polyrank3.t2.c/lasso_trace_6.txt,TERMINATING,0.38,79.52,26.00,UNKNOWN,51,9,60,2 template
CP26_BENCHMARK_FINAL/BENCHMARK_SIMPLE_C_BPL/TERM_LASSO//lasso_traces_polyrank3.t2.c/lasso_trace_60.txt,TERMINATING,0.34,80.42,11.00,TERMINATING,51,9,60,2 template / Nested template
CP26_BENCHMARK_FINAL/BENCHMARK_SIMPLE_C_BPL/TERM_LASSO//lasso_traces_polyrank3.t2.c/lasso_trace_61.txt,TERMINATING,0.36,78.81,29.00,UNKNOWN,51,9,60,2 template
CP26_BENCHMARK_FINAL/BENCHMARK_SIMPLE_C_BPL/TERM_LASSO//lasso_traces_polyrank3.t2.c/lasso_trace_62.txt,TERMINATING,0.36,80.82,26.00,UNKNOWN,51,9,60,2 template
CP26_BENCHMARK_FINAL/BENCHMARK_SIMPLE_C_BPL/TERM_LASSO//lasso_traces_polyrank3.t2.c/lasso_trace_63.txt,TERMINATING,0.35,80.62,11.00,TERMINATING,51,9,60,2 template / Nested template
CP26_BENCHMARK_FINAL/BENCHMARK_SIMPLE_C_BPL/TERM_LASSO//lasso_traces_polyrank3.t2.c/lasso_trace_64.txt,TERMINATING,0.38,80.06,26.00,UNKNOWN,51,9,60,2 template
CP26_BENCHMARK_FINAL/BENCHMARK_SIMPLE_C_BPL/TERM_LASSO//lasso_traces_polyrank3.t2.c/lasso_trace_65.txt,TERMINATING,0.36,75.65,28.00,UNKNOWN,51,9,60,2 template
CP26_BENCHMARK_FINAL/BENCHMARK_SIMPLE_C_BPL/TERM_LASSO//lasso_traces_polyrank3.t2.c/lasso_trace_66.txt,TERMINATING,0.29,75.75,11.00,TERMINATING,51,9,60,2 template / Nested template
CP26_BENCHMARK_FINAL/BENCHMARK_SIMPLE_C_BPL/TERM_LASSO//lasso_traces_polyrank3.t2.c/lasso_trace_67.txt,TERMINATING,0.34,79.42,28.00,UNKNOWN,51,9,60,2 template
CP26_BENCHMARK_FINAL/BENCHMARK_SIMPLE_C_BPL/TERM_LASSO//lasso_traces_polyrank3.t2.c/lasso_trace_68.txt,TERMINATING,0.35,83.26,11.00,TERMINATING,51,9,60,2 template / Nested template
CP26_BENCHMARK_FINAL/BENCHMARK_SIMPLE_C_BPL/TERM_LASSO//lasso_traces_polyrank3.t2.c/lasso_trace_69.txt,TERMINATING,0.30,92.26,9.00,TERMINATING,51,9,60,2 template / Nested template
CP26_BENCHMARK_FINAL/BENCHMARK_SIMPLE_C_BPL/TERM_LASSO//lasso_traces_polyrank3.t2.c/lasso_trace_7.txt,TERMINATING,0.40,84.07,12.00,TERMINATING,51,9,60,2 template / Nested template
CP26_BENCHMARK_FINAL/BENCHMARK_SIMPLE_C_BPL/TERM_LASSO//lasso_traces_polyrank3.t2.c/lasso_trace_70.txt,TERMINATING,0.35,76.75,16.00,TERMINATING,51,9,60,2 template / Nested template
CP26_BENCHMARK_FINAL/BENCHMARK_SIMPLE_C_BPL/TERM_LASSO//lasso_traces_polyrank3.t2.c/lasso_trace_71.txt,TERMINATING,0.31,75.11,24.00,UNKNOWN,51,9,60,2 template
CP26_BENCHMARK_FINAL/BENCHMARK_SIMPLE_C_BPL/TERM_LASSO//lasso_traces_polyrank3.t2.c/lasso_trace_72.txt,TERMINATING,0.45,75.03,11.00,TERMINATING,51,9,60,2 template / Nested template
CP26_BENCHMARK_FINAL/BENCHMARK_SIMPLE_C_BPL/TERM_LASSO//lasso_traces_polyrank3.t2.c/lasso_trace_73.txt,TERMINATING,0.36,80.89,27.00,UNKNOWN,51,9,60,2 template
CP26_BENCHMARK_FINAL/BENCHMARK_SIMPLE_C_BPL/TERM_LASSO//lasso_traces_polyrank3.t2.c/lasso_trace_74.txt,TERMINATING,0.37,84.00,12.00,TERMINATING,51,9,60,2 template / Nested template
CP26_BENCHMARK_FINAL/BENCHMARK_SIMPLE_C_BPL/TERM_LASSO//lasso_traces_polyrank3.t2.c/lasso_trace_75.txt,TERMINATING,0.28,75.58,10.00,TERMINATING,51,9,60,2 template / Nested template
CP26_BENCHMARK_FINAL/BENCHMARK_SIMPLE_C_BPL/TERM_LASSO//lasso_traces_polyrank3.t2.c/lasso_trace_76.txt,TERMINATING,0.36,75.52,10.00,TERMINATING,51,9,60,2 template / Nested template
CP26_BENCHMARK_FINAL/BENCHMARK_SIMPLE_C_BPL/TERM_LASSO//lasso_traces_polyrank3.t2.c/lasso_trace_77.txt,TERMINATING,0.34,77.50,11.00,TERMINATING,51,9,60,2 template / Nested template
CP26_BENCHMARK_FINAL/BENCHMARK_SIMPLE_C_BPL/TERM_LASSO//lasso_traces_polyrank3.t2.c/lasso_trace_78.txt,TERMINATING,0.34,80.64,11.00,TERMINATING,51,9,60,2 template / Nested template
CP26_BENCHMARK_FINAL/BENCHMARK_SIMPLE_C_BPL/TERM_LASSO//lasso_traces_polyrank3.t2.c/lasso_trace_79.txt,TERMINATING,0.35,77.00,11.00,TERMINATING,51,9,60,2 template / Nested template
CP26_BENCHMARK_FINAL/BENCHMARK_SIMPLE_C_BPL/TERM_LASSO//lasso_traces_polyrank3.t2.c/lasso_trace_8.txt,TERMINATING,0.38,86.15,11.00,TERMINATING,51,9,60,2 template / Nested template
CP26_BENCHMARK_FINAL/BENCHMARK_SIMPLE_C_BPL/TERM_LASSO//lasso_traces_polyrank3.t2.c/lasso_trace_80.txt,TERMINATING,0.28,76.91,10.00,TERMINATING,51,9,60,2 template / Nested template
CP26_BENCHMARK_FINAL/BENCHMARK_SIMPLE_C_BPL/TERM_LASSO//lasso_traces_polyrank3.t2.c/lasso_trace_81.txt,TERMINATING,0.32,80.49,11.00,TERMINATING,51,9,60,2 template / Nested template
CP26_BENCHMARK_FINAL/BENCHMARK_SIMPLE_C_BPL/TERM_LASSO//lasso_traces_polyrank3.t2.c/lasso_trace_82.txt,TERMINATING,0.33,87.88,26.00,UNKNOWN,51,9,60,2 template
CP26_BENCHMARK_FINAL/BENCHMARK_SIMPLE_C_BPL/TERM_LASSO//lasso_traces_polyrank3.t2.c/lasso_trace_83.txt,TERMINATING,0.32,73.04,11.00,TERMINATING,51,9,60,2 template / Nested template
CP26_BENCHMARK_FINAL/BENCHMARK_SIMPLE_C_BPL/TERM_LASSO//lasso_traces_polyrank3.t2.c/lasso_trace_84.txt,TERMINATING,0.37,78.26,15.00,TERMINATING,51,9,60,2 template / Nested template
CP26_BENCHMARK_FINAL/BENCHMARK_SIMPLE_C_BPL/TERM_LASSO//lasso_traces_polyrank3.t2.c/lasso_trace_85.txt,TERMINATING,0.35,109.28,27.00,UNKNOWN,51,9,60,2 template
CP26_BENCHMARK_FINAL/BENCHMARK_SIMPLE_C_BPL/TERM_LASSO//lasso_traces_polyrank3.t2.c/lasso_trace_86.txt,TERMINATING,0.35,77.41,24.00,UNKNOWN,51,9,60,2 template
CP26_BENCHMARK_FINAL/BENCHMARK_SIMPLE_C_BPL/TERM_LASSO//lasso_traces_polyrank3.t2.c/lasso_trace_87.txt,TERMINATING,0.35,77.62,10.00,TERMINATING,51,9,60,2 template / Nested template
CP26_BENCHMARK_FINAL/BENCHMARK_SIMPLE_C_BPL/TERM_LASSO//lasso_traces_polyrank3.t2.c/lasso_trace_88.txt,TERMINATING,0.28,85.26,11.00,TERMINATING,51,9,60,2 template / Nested template
CP26_BENCHMARK_FINAL/BENCHMARK_SIMPLE_C_BPL/TERM_LASSO//lasso_traces_polyrank3.t2.c/lasso_trace_89.txt,TERMINATING,0.37,83.50,28.00,UNKNOWN,51,9,60,2 template
CP26_BENCHMARK_FINAL/BENCHMARK_SIMPLE_C_BPL/TERM_LASSO//lasso_traces_polyrank3.t2.c/lasso_trace_9.txt,TERMINATING,0.42,80.49,13.00,TERMINATING,51,9,60,2 template / Nested template
CP26_BENCHMARK_FINAL/BENCHMARK_SIMPLE_C_BPL/TERM_LASSO//lasso_traces_polyrank3.t2.c/lasso_trace_90.txt,TERMINATING,0.35,72.26,29.00,UNKNOWN,51,9,60,2 template
CP26_BENCHMARK_FINAL/BENCHMARK_SIMPLE_C_BPL/TERM_LASSO//lasso_traces_polyrank3.t2.c/lasso_trace_91.txt,TERMINATING,0.28,75.26,27.00,UNKNOWN,51,9,60,2 template
CP26_BENCHMARK_FINAL/BENCHMARK_SIMPLE_C_BPL/TERM_LASSO//lasso_traces_polyrank3.t2.c/lasso_trace_92.txt,TERMINATING,0.36,88.14,11.00,TERMINATING,51,9,60,2 template / Nested template
CP26_BENCHMARK_FINAL/BENCHMARK_SIMPLE_C_BPL/TERM_LASSO//lasso_traces_polyrank3.t2.c/lasso_trace_93.txt,TERMINATING,0.34,79.73,10.00,TERMINATING,51,9,60,2 template / Nested template
CP26_BENCHMARK_FINAL/BENCHMARK_SIMPLE_C_BPL/TERM_LASSO//lasso_traces_polyrank3.t2.c/lasso_trace_94.txt,TERMINATING,0.36,76.29,13.00,TERMINATING,51,9,60,2 template / Nested template
CP26_BENCHMARK_FINAL/BENCHMARK_SIMPLE_C_BPL/TERM_LASSO//lasso_traces_polyrank3.t2.c/lasso_trace_95.txt,TERMINATING,0.31,79.32,9.00,TERMINATING,51,9,60,2 template / Nested template
CP26_BENCHMARK_FINAL/BENCHMARK_SIMPLE_C_BPL/TERM_LASSO//lasso_traces_polyrank3.t2.c/lasso_trace_96.txt,TERMINATING,0.35,77.31,9.00,TERMINATING,51,9,60,2 template / Nested template
CP26_BENCHMARK_FINAL/BENCHMARK_SIMPLE_C_BPL/TERM_LASSO//lasso_traces_polyrank3.t2.c/lasso_trace_97.txt,TERMINATING,0.30,94.27,26.00,UNKNOWN,51,9,60,2 template
CP26_BENCHMARK_FINAL/BENCHMARK_SIMPLE_C_BPL/TERM_LASSO//lasso_traces_polyrank3.t2.c/lasso_trace_98.txt,TERMINATING,0.37,81.19,26.00,UNKNOWN,51,9,60,2 template
CP26_BENCHMARK_FINAL/BENCHMARK_SIMPLE_C_BPL/TERM_LASSO//lasso_traces_polyrank3.t2.c/lasso_trace_99.txt,TERMINATING,0.36,77.71,25.00,UNKNOWN,51,9,60,2 template
CP26_BENCHMARK_FINAL/BENCHMARK_SIMPLE_C_BPL/TERM_LASSO//lasso_traces_polyrank4.t2.c/lasso_trace_1.txt,TERMINATING,2.08,126.99,11.00,TERMINATING,24,9,33,2 template / Nested template
CP26_BENCHMARK_FINAL/BENCHMARK_SIMPLE_C_BPL/TERM_LASSO//lasso_traces_polyrank4.t2.c/lasso_trace_10.txt,TERMINATING,0.38,205.97,44.00,UNKNOWN,64,22,86,3 template
CP26_BENCHMARK_FINAL/BENCHMARK_SIMPLE_C_BPL/TERM_LASSO//lasso_traces_polyrank4.t2.c/lasso_trace_100.txt,TERMINATING,0.40,97.37,19.00,TERMINATING,73,9,82,2 template / Nested template
CP26_BENCHMARK_FINAL/BENCHMARK_SIMPLE_C_BPL/TERM_LASSO//lasso_traces_polyrank4.t2.c/lasso_trace_101.txt,TERMINATING,0.40,95.40,26.00,UNKNOWN,73,9,82,2 template
CP26_BENCHMARK_FINAL/BENCHMARK_SIMPLE_C_BPL/TERM_LASSO//lasso_traces_polyrank4.t2.c/lasso_trace_102.txt,TERMINATING,0.42,98.58,30.00,UNKNOWN,86,9,95,2 template
CP26_BENCHMARK_FINAL/BENCHMARK_SIMPLE_C_BPL/TERM_LASSO//lasso_traces_polyrank4.t2.c/lasso_trace_103.txt,TERMINATING,0.41,90.31,35.00,UNKNOWN,86,9,95,2 template
CP26_BENCHMARK_FINAL/BENCHMARK_SIMPLE_C_BPL/TERM_LASSO//lasso_traces_polyrank4.t2.c/lasso_trace_104.txt,TERMINATING,0.40,87.66,32.00,UNKNOWN,86,9,95,2 template
CP26_BENCHMARK_FINAL/BENCHMARK_SIMPLE_C_BPL/TERM_LASSO//lasso_traces_polyrank4.t2.c/lasso_trace_105.txt,TERMINATING,0.41,101.51,23.00,TERMINATING,73,9,82,2 template / Nested template
CP26_BENCHMARK_FINAL/BENCHMARK_SIMPLE_C_BPL/TERM_LASSO//lasso_traces_polyrank4.t2.c/lasso_trace_106.txt,TERMINATING,0.53,102.19,21.00,TERMINATING,86,9,95,2 template / Nested template
CP26_BENCHMARK_FINAL/BENCHMARK_SIMPLE_C_BPL/TERM_LASSO//lasso_traces_polyrank4.t2.c/lasso_trace_107.txt,TERMINATING,0.41,109.03,18.00,TERMINATING,73,9,82,2 template / Nested template
CP26_BENCHMARK_FINAL/BENCHMARK_SIMPLE_C_BPL/TERM_LASSO//lasso_traces_polyrank4.t2.c/lasso_trace_108.txt,TERMINATING,0.41,84.05,33.00,UNKNOWN,73,9,82,2 template
CP26_BENCHMARK_FINAL/BENCHMARK_SIMPLE_C_BPL/TERM_LASSO//lasso_traces_polyrank4.t2.c/lasso_trace_109.txt,TERMINATING,0.41,85.12,20.00,TERMINATING,86,9,95,2 template / Nested template
CP26_BENCHMARK_FINAL/BENCHMARK_SIMPLE_C_BPL/TERM_LASSO//lasso_traces_polyrank4.t2.c/lasso_trace_11.txt,TERMINATING,0.36,224.89,44.00,UNKNOWN,64,22,86,3 template
CP26_BENCHMARK_FINAL/BENCHMARK_SIMPLE_C_BPL/TERM_LASSO//lasso_traces_polyrank4.t2.c/lasso_trace_110.txt,TERMINATING,0.37,100.72,30.00,UNKNOWN,73,9,82,2 template
CP26_BENCHMARK_FINAL/BENCHMARK_SIMPLE_C_BPL/TERM_LASSO//lasso_traces_polyrank4.t2.c/lasso_trace_111.txt,TERMINATING,0.54,93.46,30.00,UNKNOWN,73,9,82,2 template
CP26_BENCHMARK_FINAL/BENCHMARK_SIMPLE_C_BPL/TERM_LASSO//lasso_traces_polyrank4.t2.c/lasso_trace_112.txt,TERMINATING,0.54,82.84,29.00,UNKNOWN,73,9,82,2 template
CP26_BENCHMARK_FINAL/BENCHMARK_SIMPLE_C_BPL/TERM_LASSO//lasso_traces_polyrank4.t2.c/lasso_trace_113.txt,TERMINATING,0.40,88.08,32.00,UNKNOWN,73,9,82,2 template
CP26_BENCHMARK_FINAL/BENCHMARK_SIMPLE_C_BPL/TERM_LASSO//lasso_traces_polyrank4.t2.c/lasso_trace_114.txt,TERMINATING,0.43,86.89,30.00,UNKNOWN,86,9,95,2 template
CP26_BENCHMARK_FINAL/BENCHMARK_SIMPLE_C_BPL/TERM_LASSO//lasso_traces_polyrank4.t2.c/lasso_trace_115.txt,TERMINATING,0.41,94.08,21.00,TERMINATING,73,9,82,2 template / Nested template
CP26_BENCHMARK_FINAL/BENCHMARK_SIMPLE_C_BPL/TERM_LASSO//lasso_traces_polyrank4.t2.c/lasso_trace_116.txt,TERMINATING,0.40,95.13,14.00,TERMINATING,86,9,95,2 template / Nested template
CP26_BENCHMARK_FINAL/BENCHMARK_SIMPLE_C_BPL/TERM_LASSO//lasso_traces_polyrank4.t2.c/lasso_trace_117.txt,TERMINATING,0.40,95.09,15.00,TERMINATING,86,9,95,2 template / Nested template
CP26_BENCHMARK_FINAL/BENCHMARK_SIMPLE_C_BPL/TERM_LASSO//lasso_traces_polyrank4.t2.c/lasso_trace_118.txt,TERMINATING,0.46,96.03,33.00,UNKNOWN,73,9,82,2 template
CP26_BENCHMARK_FINAL/BENCHMARK_SIMPLE_C_BPL/TERM_LASSO//lasso_traces_polyrank4.t2.c/lasso_trace_119.txt,TERMINATING,0.55,105.65,18.00,TERMINATING,73,9,82,2 template / Nested template
CP26_BENCHMARK_FINAL/BENCHMARK_SIMPLE_C_BPL/TERM_LASSO//lasso_traces_polyrank4.t2.c/lasso_trace_12.txt,TERMINATING,0.48,222.79,34.00,UNKNOWN,64,22,86,3 template
CP26_BENCHMARK_FINAL/BENCHMARK_SIMPLE_C_BPL/TERM_LASSO//lasso_traces_polyrank4.t2.c/lasso_trace_120.txt,TERMINATING,0.37,105.74,32.00,UNKNOWN,73,9,82,2 template
CP26_BENCHMARK_FINAL/BENCHMARK_SIMPLE_C_BPL/TERM_LASSO//lasso_traces_polyrank4.t2.c/lasso_trace_121.txt,TERMINATING,0.42,115.04,36.00,UNKNOWN,86,9,95,2 template
CP26_BENCHMARK_FINAL/BENCHMARK_SIMPLE_C_BPL/TERM_LASSO//lasso_traces_polyrank4.t2.c/lasso_trace_122.txt,TERMINATING,0.41,125.32,31.00,UNKNOWN,86,9,95,2 template
CP26_BENCHMARK_FINAL/BENCHMARK_SIMPLE_C_BPL/TERM_LASSO//lasso_traces_polyrank4.t2.c/lasso_trace_123.txt,TERMINATING,0.42,115.85,31.00,UNKNOWN,86,9,95,2 template
CP26_BENCHMARK_FINAL/BENCHMARK_SIMPLE_C_BPL/TERM_LASSO//lasso_traces_polyrank4.t2.c/lasso_trace_124.txt,TERMINATING,0.39,111.93,35.00,UNKNOWN,86,9,95,2 template
CP26_BENCHMARK_FINAL/BENCHMARK_SIMPLE_C_BPL/TERM_LASSO//lasso_traces_polyrank4.t2.c/lasso_trace_125.txt,TERMINATING,0.39,89.11,27.00,UNKNOWN,73,9,82,2 template
CP26_BENCHMARK_FINAL/BENCHMARK_SIMPLE_C_BPL/TERM_LASSO//lasso_traces_polyrank4.t2.c/lasso_trace_126.txt,TERMINATING,0.42,111.04,33.00,UNKNOWN,86,9,95,2 template
CP26_BENCHMARK_FINAL/BENCHMARK_SIMPLE_C_BPL/TERM_LASSO//lasso_traces_polyrank4.t2.c/lasso_trace_127.txt,TERMINATING,0.38,80.95,35.00,UNKNOWN,73,9,82,2 template
CP26_BENCHMARK_FINAL/BENCHMARK_SIMPLE_C_BPL/TERM_LASSO//lasso_traces_polyrank4.t2.c/lasso_trace_128.txt,TERMINATING,0.44,93.52,30.00,UNKNOWN,73,9,82,2 template
CP26_BENCHMARK_FINAL/BENCHMARK_SIMPLE_C_BPL/TERM_LASSO//lasso_traces_polyrank4.t2.c/lasso_trace_129.txt,TERMINATING,0.86,102.40,35.00,UNKNOWN,73,9,82,2 template
CP26_BENCHMARK_FINAL/BENCHMARK_SIMPLE_C_BPL/TERM_LASSO//lasso_traces_polyrank4.t2.c/lasso_trace_13.txt,TERMINATING,0.43,241.90,41.00,UNKNOWN,64,22,86,3 template
CP26_BENCHMARK_FINAL/BENCHMARK_SIMPLE_C_BPL/TERM_LASSO//lasso_traces_polyrank4.t2.c/lasso_trace_130.txt,TERMINATING,0.35,90.83,13.00,TERMINATING,73,9,82,2 template / Nested template
CP26_BENCHMARK_FINAL/BENCHMARK_SIMPLE_C_BPL/TERM_LASSO//lasso_traces_polyrank4.t2.c/lasso_trace_131.txt,TERMINATING,0.40,149.73,31.00,UNKNOWN,73,9,82,2 template
CP26_BENCHMARK_FINAL/BENCHMARK_SIMPLE_C_BPL/TERM_LASSO//lasso_traces_polyrank4.t2.c/lasso_trace_132.txt,TERMINATING,0.47,102.21,16.00,TERMINATING,86,9,95,2 template / Nested template
CP26_BENCHMARK_FINAL/BENCHMARK_SIMPLE_C_BPL/TERM_LASSO//lasso_traces_polyrank4.t2.c/lasso_trace_133.txt,TERMINATING,0.47,94.29,20.00,TERMINATING,86,9,95,2 template / Nested template
CP26_BENCHMARK_FINAL/BENCHMARK_SIMPLE_C_BPL/TERM_LASSO//lasso_traces_polyrank4.t2.c/lasso_trace_134.txt,TERMINATING,0.40,88.88,20.00,TERMINATING,86,9,95,2 template / Nested template
CP26_BENCHMARK_FINAL/BENCHMARK_SIMPLE_C_BPL/TERM_LASSO//lasso_traces_polyrank4.t2.c/lasso_trace_135.txt,TERMINATING,0.42,102.10,30.00,UNKNOWN,86,9,95,2 template
CP26_BENCHMARK_FINAL/BENCHMARK_SIMPLE_C_BPL/TERM_LASSO//lasso_traces_polyrank4.t2.c/lasso_trace_136.txt,TERMINATING,0.50,94.16,31.00,UNKNOWN,73,9,82,2 template
CP26_BENCHMARK_FINAL/BENCHMARK_SIMPLE_C_BPL/TERM_LASSO//lasso_traces_polyrank4.t2.c/lasso_trace_137.txt,TERMINATING,0.43,95.67,18.00,TERMINATING,86,9,95,2 template / Nested template
CP26_BENCHMARK_FINAL/BENCHMARK_SIMPLE_C_BPL/TERM_LASSO//lasso_traces_polyrank4.t2.c/lasso_trace_138.txt,TERMINATING,0.41,124.29,30.00,UNKNOWN,86,9,95,2 template
CP26_BENCHMARK_FINAL/BENCHMARK_SIMPLE_C_BPL/TERM_LASSO//lasso_traces_polyrank4.t2.c/lasso_trace_139.txt,TERMINATING,0.46,82.96,20.00,TERMINATING,86,9,95,2 template / Nested template
CP26_BENCHMARK_FINAL/BENCHMARK_SIMPLE_C_BPL/TERM_LASSO//lasso_traces_polyrank4.t2.c/lasso_trace_14.txt,TERMINATING,0.41,205.83,35.00,UNKNOWN,64,22,86,3 template
CP26_BENCHMARK_FINAL/BENCHMARK_SIMPLE_C_BPL/TERM_LASSO//lasso_traces_polyrank4.t2.c/lasso_trace_140.txt,TERMINATING,0.42,86.56,35.00,UNKNOWN,73,9,82,2 template
CP26_BENCHMARK_FINAL/BENCHMARK_SIMPLE_C_BPL/TERM_LASSO//lasso_traces_polyrank4.t2.c/lasso_trace_141.txt,TERMINATING,0.42,84.95,32.00,UNKNOWN,86,9,95,2 template
CP26_BENCHMARK_FINAL/BENCHMARK_SIMPLE_C_BPL/TERM_LASSO//lasso_traces_polyrank4.t2.c/lasso_trace_142.txt,TERMINATING,0.43,94.22,32.00,UNKNOWN,73,9,82,2 template
CP26_BENCHMARK_FINAL/BENCHMARK_SIMPLE_C_BPL/TERM_LASSO//lasso_traces_polyrank4.t2.c/lasso_trace_143.txt,TERMINATING,0.36,102.48,32.00,UNKNOWN,73,9,82,2 template
CP26_BENCHMARK_FINAL/BENCHMARK_SIMPLE_C_BPL/TERM_LASSO//lasso_traces_polyrank4.t2.c/lasso_trace_144.txt,TERMINATING,0.44,92.24,29.00,UNKNOWN,73,9,82,2 template
CP26_BENCHMARK_FINAL/BENCHMARK_SIMPLE_C_BPL/TERM_LASSO//lasso_traces_polyrank4.t2.c/lasso_trace_145.txt,TERMINATING,0.66,86.86,31.00,UNKNOWN,86,9,95,2 template
CP26_BENCHMARK_FINAL/BENCHMARK_SIMPLE_C_BPL/TERM_LASSO//lasso_traces_polyrank4.t2.c/lasso_trace_146.txt,TERMINATING,0.43,95.34,33.00,UNKNOWN,86,9,95,2 template
CP26_BENCHMARK_FINAL/BENCHMARK_SIMPLE_C_BPL/TERM_LASSO//lasso_traces_polyrank4.t2.c/lasso_trace_147.txt,TERMINATING,0.42,97.86,34.00,UNKNOWN,86,9,95,2 template
CP26_BENCHMARK_FINAL/BENCHMARK_SIMPLE_C_BPL/TERM_LASSO//lasso_traces_polyrank4.t2.c/lasso_trace_148.txt,TERMINATING,0.41,85.85,22.00,TERMINATING,73,9,82,2 template / Nested template
CP26_BENCHMARK_FINAL/BENCHMARK_SIMPLE_C_BPL/TERM_LASSO//lasso_traces_polyrank4.t2.c/lasso_trace_149.txt,TERMINATING,0.42,95.23,22.00,TERMINATING,86,9,95,2 template / Nested template
CP26_BENCHMARK_FINAL/BENCHMARK_SIMPLE_C_BPL/TERM_LASSO//lasso_traces_polyrank4.t2.c/lasso_trace_15.txt,TERMINATING,0.43,210.12,42.00,UNKNOWN,64,22,86,3 template
CP26_BENCHMARK_FINAL/BENCHMARK_SIMPLE_C_BPL/TERM_LASSO//lasso_traces_polyrank4.t2.c/lasso_trace_150.txt,TERMINATING,0.41,89.25,31.00,UNKNOWN,73,9,82,2 template
CP26_BENCHMARK_FINAL/BENCHMARK_SIMPLE_C_BPL/TERM_LASSO//lasso_traces_polyrank4.t2.c/lasso_trace_151.txt,TERMINATING,0.34,111.69,14.00,TERMINATING,86,9,95,2 template / Nested template
CP26_BENCHMARK_FINAL/BENCHMARK_SIMPLE_C_BPL/TERM_LASSO//lasso_traces_polyrank4.t2.c/lasso_trace_152.txt,TERMINATING,0.36,87.14,32.00,UNKNOWN,86,9,95,2 template
CP26_BENCHMARK_FINAL/BENCHMARK_SIMPLE_C_BPL/TERM_LASSO//lasso_traces_polyrank4.t2.c/lasso_trace_153.txt,TERMINATING,0.41,91.30,35.00,UNKNOWN,73,9,82,2 template
CP26_BENCHMARK_FINAL/BENCHMARK_SIMPLE_C_BPL/TERM_LASSO//lasso_traces_polyrank4.t2.c/lasso_trace_154.txt,TERMINATING,0.38,92.72,30.00,UNKNOWN,73,9,82,2 template
CP26_BENCHMARK_FINAL/BENCHMARK_SIMPLE_C_BPL/TERM_LASSO//lasso_traces_polyrank4.t2.c/lasso_trace_155.txt,TERMINATING,0.41,89.38,17.00,TERMINATING,73,9,82,2 template / Nested template
CP26_BENCHMARK_FINAL/BENCHMARK_SIMPLE_C_BPL/TERM_LASSO//lasso_traces_polyrank4.t2.c/lasso_trace_156.txt,TERMINATING,0.35,83.05,32.00,UNKNOWN,73,9,82,2 template
CP26_BENCHMARK_FINAL/BENCHMARK_SIMPLE_C_BPL/TERM_LASSO//lasso_traces_polyrank4.t2.c/lasso_trace_157.txt,TERMINATING,0.37,83.23,32.00,UNKNOWN,73,9,82,2 template
CP26_BENCHMARK_FINAL/BENCHMARK_SIMPLE_C_BPL/TERM_LASSO//lasso_traces_polyrank4.t2.c/lasso_trace_158.txt,TERMINATING,0.39,95.82,18.00,TERMINATING,73,9,82,2 template / Nested template
CP26_BENCHMARK_FINAL/BENCHMARK_SIMPLE_C_BPL/TERM_LASSO//lasso_traces_polyrank4.t2.c/lasso_trace_159.txt,TERMINATING,0.52,90.05,21.00,TERMINATING,73,9,82,2 template / Nested template
CP26_BENCHMARK_FINAL/BENCHMARK_SIMPLE_C_BPL/TERM_LASSO//lasso_traces_polyrank4.t2.c/lasso_trace_16.txt,TERMINATING,0.36,202.08,42.00,UNKNOWN,64,22,86,3 template
CP26_BENCHMARK_FINAL/BENCHMARK_SIMPLE_C_BPL/TERM_LASSO//lasso_traces_polyrank4.t2.c/lasso_trace_160.txt,TERMINATING,0.41,95.03,32.00,UNKNOWN,73,9,82,2 template
CP26_BENCHMARK_FINAL/BENCHMARK_SIMPLE_C_BPL/TERM_LASSO//lasso_traces_polyrank4.t2.c/lasso_trace_161.txt,TERMINATING,0.39,89.12,26.00,TERMINATING,86,9,95,2 template / Nested template
CP26_BENCHMARK_FINAL/BENCHMARK_SIMPLE_C_BPL/TERM_LASSO//lasso_traces_polyrank4.t2.c/lasso_trace_162.txt,TERMINATING,0.39,105.58,18.00,TERMINATING,86,9,95,2 template / Nested template
CP26_BENCHMARK_FINAL/BENCHMARK_SIMPLE_C_BPL/TERM_LASSO//lasso_traces_polyrank4.t2.c/lasso_trace_163.txt,TERMINATING,0.35,83.98,22.00,TERMINATING,86,9,95,2 template / Nested template
CP26_BENCHMARK_FINAL/BENCHMARK_SIMPLE_C_BPL/TERM_LASSO//lasso_traces_polyrank4.t2.c/lasso_trace_164.txt,TERMINATING,0.34,87.59,30.00,UNKNOWN,86,9,95,2 template
CP26_BENCHMARK_FINAL/BENCHMARK_SIMPLE_C_BPL/TERM_LASSO//lasso_traces_polyrank4.t2.c/lasso_trace_17.txt,TERMINATING,0.41,242.37,38.00,UNKNOWN,64,22,86,3 template
CP26_BENCHMARK_FINAL/BENCHMARK_SIMPLE_C_BPL/TERM_LASSO//lasso_traces_polyrank4.t2.c/lasso_trace_18.txt,TERMINATING,0.41,207.34,36.00,UNKNOWN,64,22,86,3 template
CP26_BENCHMARK_FINAL/BENCHMARK_SIMPLE_C_BPL/TERM_LASSO//lasso_traces_polyrank4.t2.c/lasso_trace_19.txt,TERMINATING,0.33,196.84,39.00,UNKNOWN,64,22,86,3 template
CP26_BENCHMARK_FINAL/BENCHMARK_SIMPLE_C_BPL/TERM_LASSO//lasso_traces_polyrank4.t2.c/lasso_trace_2.txt,TERMINATING,0.54,233.66,32.00,TERMINATING,31,13,44,2 template / Nested template
CP26_BENCHMARK_FINAL/BENCHMARK_SIMPLE_C_BPL/TERM_LASSO//lasso_traces_polyrank4.t2.c/lasso_trace_20.txt,TERMINATING,0.31,220.63,49.00,UNKNOWN,64,22,86,3 template
CP26_BENCHMARK_FINAL/BENCHMARK_SIMPLE_C_BPL/TERM_LASSO//lasso_traces_polyrank4.t2.c/lasso_trace_21.txt,TERMINATING,0.40,200.03,42.00,UNKNOWN,64,22,86,3 template
CP26_BENCHMARK_FINAL/BENCHMARK_SIMPLE_C_BPL/TERM_LASSO//lasso_traces_polyrank4.t2.c/lasso_trace_22.txt,TERMINATING,0.39,193.92,36.00,UNKNOWN,64,22,86,3 template
CP26_BENCHMARK_FINAL/BENCHMARK_SIMPLE_C_BPL/TERM_LASSO//lasso_traces_polyrank4.t2.c/lasso_trace_23.txt,TERMINATING,0.37,210.80,55.00,UNKNOWN,64,22,86,3 template
CP26_BENCHMARK_FINAL/BENCHMARK_SIMPLE_C_BPL/TERM_LASSO//lasso_traces_polyrank4.t2.c/lasso_trace_24.txt,TERMINATING,0.36,231.53,36.00,UNKNOWN,64,22,86,3 template
CP26_BENCHMARK_FINAL/BENCHMARK_SIMPLE_C_BPL/TERM_LASSO//lasso_traces_polyrank4.t2.c/lasso_trace_25.txt,TERMINATING,0.37,243.41,46.00,UNKNOWN,64,22,86,3 template
CP26_BENCHMARK_FINAL/BENCHMARK_SIMPLE_C_BPL/TERM_LASSO//lasso_traces_polyrank4.t2.c/lasso_trace_26.txt,TERMINATING,0.37,221.10,41.00,UNKNOWN,64,22,86,3 template
CP26_BENCHMARK_FINAL/BENCHMARK_SIMPLE_C_BPL/TERM_LASSO//lasso_traces_polyrank4.t2.c/lasso_trace_27.txt,TERMINATING,0.40,225.75,45.00,UNKNOWN,64,22,86,3 template
CP26_BENCHMARK_FINAL/BENCHMARK_SIMPLE_C_BPL/TERM_LASSO//lasso_traces_polyrank4.t2.c/lasso_trace_28.txt,TERMINATING,0.39,206.10,42.00,UNKNOWN,64,22,86,3 template
CP26_BENCHMARK_FINAL/BENCHMARK_SIMPLE_C_BPL/TERM_LASSO//lasso_traces_polyrank4.t2.c/lasso_trace_29.txt,TERMINATING,0.33,213.65,33.00,UNKNOWN,64,22,86,3 template
CP26_BENCHMARK_FINAL/BENCHMARK_SIMPLE_C_BPL/TERM_LASSO//lasso_traces_polyrank4.t2.c/lasso_trace_3.txt,TERMINATING,0.32,85.70,16.00,TERMINATING,41,9,50,2 template / Nested template
CP26_BENCHMARK_FINAL/BENCHMARK_SIMPLE_C_BPL/TERM_LASSO//lasso_traces_polyrank4.t2.c/lasso_trace_30.txt,TERMINATING,0.37,209.17,48.00,UNKNOWN,64,22,86,3 template
CP26_BENCHMARK_FINAL/BENCHMARK_SIMPLE_C_BPL/TERM_LASSO//lasso_traces_polyrank4.t2.c/lasso_trace_31.txt,TERMINATING,0.41,90.19,34.00,UNKNOWN,73,9,82,2 template
CP26_BENCHMARK_FINAL/BENCHMARK_SIMPLE_C_BPL/TERM_LASSO//lasso_traces_polyrank4.t2.c/lasso_trace_32.txt,TERMINATING,0.39,92.40,30.00,UNKNOWN,73,9,82,2 template
CP26_BENCHMARK_FINAL/BENCHMARK_SIMPLE_C_BPL/TERM_LASSO//lasso_traces_polyrank4.t2.c/lasso_trace_33.txt,TERMINATING,0.36,92.97,36.00,UNKNOWN,73,9,82,2 template
CP26_BENCHMARK_FINAL/BENCHMARK_SIMPLE_C_BPL/TERM_LASSO//lasso_traces_polyrank4.t2.c/lasso_trace_34.txt,TERMINATING,0.38,98.26,29.00,UNKNOWN,73,9,82,2 template
CP26_BENCHMARK_FINAL/BENCHMARK_SIMPLE_C_BPL/TERM_LASSO//lasso_traces_polyrank4.t2.c/lasso_trace_35.txt,TERMINATING,0.42,93.11,31.00,UNKNOWN,73,9,82,2 template
CP26_BENCHMARK_FINAL/BENCHMARK_SIMPLE_C_BPL/TERM_LASSO//lasso_traces_polyrank4.t2.c/lasso_trace_36.txt,TERMINATING,0.39,95.85,30.00,UNKNOWN,73,9,82,2 template
CP26_BENCHMARK_FINAL/BENCHMARK_SIMPLE_C_BPL/TERM_LASSO//lasso_traces_polyrank4.t2.c/lasso_trace_37.txt,TERMINATING,0.39,94.90,17.00,TERMINATING,73,9,82,2 template / Nested template
CP26_BENCHMARK_FINAL/BENCHMARK_SIMPLE_C_BPL/TERM_LASSO//lasso_traces_polyrank4.t2.c/lasso_trace_38.txt,TERMINATING,0.37,109.92,31.00,UNKNOWN,73,9,82,2 template
CP26_BENCHMARK_FINAL/BENCHMARK_SIMPLE_C_BPL/TERM_LASSO//lasso_traces_polyrank4.t2.c/lasso_trace_39.txt,TERMINATING,0.38,105.04,19.00,TERMINATING,73,9,82,2 template / Nested template
CP26_BENCHMARK_FINAL/BENCHMARK_SIMPLE_C_BPL/TERM_LASSO//lasso_traces_polyrank4.t2.c/lasso_trace_4.txt,TERMINATING,0.31,96.02,28.00,UNKNOWN,50,9,59,2 template
CP26_BENCHMARK_FINAL/BENCHMARK_SIMPLE_C_BPL/TERM_LASSO//lasso_traces_polyrank4.t2.c/lasso_trace_40.txt,TERMINATING,0.39,85.00,29.00,UNKNOWN,73,9,82,2 template
CP26_BENCHMARK_FINAL/BENCHMARK_SIMPLE_C_BPL/TERM_LASSO//lasso_traces_polyrank4.t2.c/lasso_trace_41.txt,TERMINATING,0.38,89.48,23.00,TERMINATING,73,9,82,2 template / Nested template
CP26_BENCHMARK_FINAL/BENCHMARK_SIMPLE_C_BPL/TERM_LASSO//lasso_traces_polyrank4.t2.c/lasso_trace_42.txt,TERMINATING,0.47,107.12,13.00,TERMINATING,73,9,82,2 template / Nested template
CP26_BENCHMARK_FINAL/BENCHMARK_SIMPLE_C_BPL/TERM_LASSO//lasso_traces_polyrank4.t2.c/lasso_trace_43.txt,TERMINATING,0.43,114.54,32.00,UNKNOWN,73,9,82,2 template
CP26_BENCHMARK_FINAL/BENCHMARK_SIMPLE_C_BPL/TERM_LASSO//lasso_traces_polyrank4.t2.c/lasso_trace_44.txt,TERMINATING,0.41,88.89,30.00,UNKNOWN,73,9,82,2 template
CP26_BENCHMARK_FINAL/BENCHMARK_SIMPLE_C_BPL/TERM_LASSO//lasso_traces_polyrank4.t2.c/lasso_trace_45.txt,TERMINATING,0.35,106.13,21.00,TERMINATING,73,9,82,2 template / Nested template
CP26_BENCHMARK_FINAL/BENCHMARK_SIMPLE_C_BPL/TERM_LASSO//lasso_traces_polyrank4.t2.c/lasso_trace_46.txt,TERMINATING,0.35,98.06,19.00,TERMINATING,73,9,82,2 template / Nested template
CP26_BENCHMARK_FINAL/BENCHMARK_SIMPLE_C_BPL/TERM_LASSO//lasso_traces_polyrank4.t2.c/lasso_trace_47.txt,TERMINATING,0.39,131.72,34.00,UNKNOWN,73,9,82,2 template
CP26_BENCHMARK_FINAL/BENCHMARK_SIMPLE_C_BPL/TERM_LASSO//lasso_traces_polyrank4.t2.c/lasso_trace_48.txt,TERMINATING,0.54,855.78,725.00,UNKNOWN,76,35,111,3 template
CP26_BENCHMARK_FINAL/BENCHMARK_SIMPLE_C_BPL/TERM_LASSO//lasso_traces_polyrank4.t2.c/lasso_trace_49.txt,TERMINATING,0.35,92.29,31.00,UNKNOWN,73,9,82,2 template
CP26_BENCHMARK_FINAL/BENCHMARK_SIMPLE_C_BPL/TERM_LASSO//lasso_traces_polyrank4.t2.c/lasso_trace_5.txt,TERMINATING,0.42,119.38,17.00,TERMINATING,59,9,68,2 template / Nested template
CP26_BENCHMARK_FINAL/BENCHMARK_SIMPLE_C_BPL/TERM_LASSO//lasso_traces_polyrank4.t2.c/lasso_trace_50.txt,TERMINATING,0.34,92.46,14.00,TERMINATING,73,9,82,2 template / Nested template
CP26_BENCHMARK_FINAL/BENCHMARK_SIMPLE_C_BPL/TERM_LASSO//lasso_traces_polyrank4.t2.c/lasso_trace_51.txt,TERMINATING,0.40,108.15,30.00,UNKNOWN,86,9,95,2 template
CP26_BENCHMARK_FINAL/BENCHMARK_SIMPLE_C_BPL/TERM_LASSO//lasso_traces_polyrank4.t2.c/lasso_trace_52.txt,TERMINATING,0.40,100.33,34.00,UNKNOWN,86,9,95,2 template
CP26_BENCHMARK_FINAL/BENCHMARK_SIMPLE_C_BPL/TERM_LASSO//lasso_traces_polyrank4.t2.c/lasso_trace_53.txt,TERMINATING,0.40,94.95,32.00,UNKNOWN,86,9,95,2 template
CP26_BENCHMARK_FINAL/BENCHMARK_SIMPLE_C_BPL/TERM_LASSO//lasso_traces_polyrank4.t2.c/lasso_trace_54.txt,TERMINATING,0.32,90.00,30.00,UNKNOWN,73,9,82,2 template
CP26_BENCHMARK_FINAL/BENCHMARK_SIMPLE_C_BPL/TERM_LASSO//lasso_traces_polyrank4.t2.c/lasso_trace_55.txt,TERMINATING,0.33,96.74,28.00,UNKNOWN,73,9,82,2 template
CP26_BENCHMARK_FINAL/BENCHMARK_SIMPLE_C_BPL/TERM_LASSO//lasso_traces_polyrank4.t2.c/lasso_trace_56.txt,TERMINATING,0.40,94.51,30.00,UNKNOWN,86,9,95,2 template
CP26_BENCHMARK_FINAL/BENCHMARK_SIMPLE_C_BPL/TERM_LASSO//lasso_traces_polyrank4.t2.c/lasso_trace_57.txt,TERMINATING,0.40,98.70,23.00,TERMINATING,86,9,95,2 template / Nested template
CP26_BENCHMARK_FINAL/BENCHMARK_SIMPLE_C_BPL/TERM_LASSO//lasso_traces_polyrank4.t2.c/lasso_trace_58.txt,TERMINATING,0.40,87.92,30.00,UNKNOWN,73,9,82,2 template
CP26_BENCHMARK_FINAL/BENCHMARK_SIMPLE_C_BPL/TERM_LASSO//lasso_traces_polyrank4.t2.c/lasso_trace_59.txt,TERMINATING,0.39,115.35,31.00,UNKNOWN,86,9,95,2 template
CP26_BENCHMARK_FINAL/BENCHMARK_SIMPLE_C_BPL/TERM_LASSO//lasso_traces_polyrank4.t2.c/lasso_trace_6.txt,TERMINATING,0.36,191.19,42.00,UNKNOWN,41,22,63,3 template
CP26_BENCHMARK_FINAL/BENCHMARK_SIMPLE_C_BPL/TERM_LASSO//lasso_traces_polyrank4.t2.c/lasso_trace_60.txt,TERMINATING,0.34,89.69,32.00,UNKNOWN,73,9,82,2 template
CP26_BENCHMARK_FINAL/BENCHMARK_SIMPLE_C_BPL/TERM_LASSO//lasso_traces_polyrank4.t2.c/lasso_trace_61.txt,TERMINATING,0.40,98.96,20.00,TERMINATING,73,9,82,2 template / Nested template
CP26_BENCHMARK_FINAL/BENCHMARK_SIMPLE_C_BPL/TERM_LASSO//lasso_traces_polyrank4.t2.c/lasso_trace_62.txt,TERMINATING,0.43,92.56,30.00,UNKNOWN,73,9,82,2 template
CP26_BENCHMARK_FINAL/BENCHMARK_SIMPLE_C_BPL/TERM_LASSO//lasso_traces_polyrank4.t2.c/lasso_trace_63.txt,TERMINATING,0.43,92.97,33.00,UNKNOWN,86,9,95,2 template
CP26_BENCHMARK_FINAL/BENCHMARK_SIMPLE_C_BPL/TERM_LASSO//lasso_traces_polyrank4.t2.c/lasso_trace_64.txt,TERMINATING,0.40,87.93,34.00,UNKNOWN,73,9,82,2 template
CP26_BENCHMARK_FINAL/BENCHMARK_SIMPLE_C_BPL/TERM_LASSO//lasso_traces_polyrank4.t2.c/lasso_trace_65.txt,TERMINATING,0.65,92.66,31.00,UNKNOWN,86,9,95,2 template
CP26_BENCHMARK_FINAL/BENCHMARK_SIMPLE_C_BPL/TERM_LASSO//lasso_traces_polyrank4.t2.c/lasso_trace_66.txt,TERMINATING,0.42,109.77,32.00,UNKNOWN,73,9,82,2 template
CP26_BENCHMARK_FINAL/BENCHMARK_SIMPLE_C_BPL/TERM_LASSO//lasso_traces_polyrank4.t2.c/lasso_trace_67.txt,TERMINATING,0.43,107.90,36.00,UNKNOWN,86,9,95,2 template
CP26_BENCHMARK_FINAL/BENCHMARK_SIMPLE_C_BPL/TERM_LASSO//lasso_traces_polyrank4.t2.c/lasso_trace_68.txt,TERMINATING,0.33,86.30,17.00,TERMINATING,73,9,82,2 template / Nested template
CP26_BENCHMARK_FINAL/BENCHMARK_SIMPLE_C_BPL/TERM_LASSO//lasso_traces_polyrank4.t2.c/lasso_trace_69.txt,TERMINATING,0.44,86.96,31.00,UNKNOWN,73,9,82,2 template
CP26_BENCHMARK_FINAL/BENCHMARK_SIMPLE_C_BPL/TERM_LASSO//lasso_traces_polyrank4.t2.c/lasso_trace_7.txt,TERMINATING,0.35,239.70,39.00,UNKNOWN,59,22,81,3 template
CP26_BENCHMARK_FINAL/BENCHMARK_SIMPLE_C_BPL/TERM_LASSO//lasso_traces_polyrank4.t2.c/lasso_trace_70.txt,TERMINATING,0.38,89.13,30.00,UNKNOWN,73,9,82,2 template
CP26_BENCHMARK_FINAL/BENCHMARK_SIMPLE_C_BPL/TERM_LASSO//lasso_traces_polyrank4.t2.c/lasso_trace_71.txt,TERMINATING,0.40,86.07,33.00,UNKNOWN,73,9,82,2 template
CP26_BENCHMARK_FINAL/BENCHMARK_SIMPLE_C_BPL/TERM_LASSO//lasso_traces_polyrank4.t2.c/lasso_trace_72.txt,TERMINATING,0.44,95.20,17.00,TERMINATING,73,9,82,2 template / Nested template
CP26_BENCHMARK_FINAL/BENCHMARK_SIMPLE_C_BPL/TERM_LASSO//lasso_traces_polyrank4.t2.c/lasso_trace_73.txt,TERMINATING,0.49,93.89,33.00,UNKNOWN,86,9,95,2 template
CP26_BENCHMARK_FINAL/BENCHMARK_SIMPLE_C_BPL/TERM_LASSO//lasso_traces_polyrank4.t2.c/lasso_trace_74.txt,TERMINATING,0.42,99.53,30.00,UNKNOWN,86,9,95,2 template
CP26_BENCHMARK_FINAL/BENCHMARK_SIMPLE_C_BPL/TERM_LASSO//lasso_traces_polyrank4.t2.c/lasso_trace_75.txt,TERMINATING,0.44,85.98,29.00,UNKNOWN,73,9,82,2 template
CP26_BENCHMARK_FINAL/BENCHMARK_SIMPLE_C_BPL/TERM_LASSO//lasso_traces_polyrank4.t2.c/lasso_trace_76.txt,TERMINATING,0.36,100.40,28.00,UNKNOWN,73,9,82,2 template
CP26_BENCHMARK_FINAL/BENCHMARK_SIMPLE_C_BPL/TERM_LASSO//lasso_traces_polyrank4.t2.c/lasso_trace_77.txt,TERMINATING,0.34,80.06,32.00,UNKNOWN,73,9,82,2 template
CP26_BENCHMARK_FINAL/BENCHMARK_SIMPLE_C_BPL/TERM_LASSO//lasso_traces_polyrank4.t2.c/lasso_trace_78.txt,TERMINATING,0.35,85.73,22.00,TERMINATING,86,9,95,2 template / Nested template
CP26_BENCHMARK_FINAL/BENCHMARK_SIMPLE_C_BPL/TERM_LASSO//lasso_traces_polyrank4.t2.c/lasso_trace_79.txt,TERMINATING,0.41,113.31,31.00,UNKNOWN,86,9,95,2 template
CP26_BENCHMARK_FINAL/BENCHMARK_SIMPLE_C_BPL/TERM_LASSO//lasso_traces_polyrank4.t2.c/lasso_trace_8.txt,TERMINATING,0.38,199.03,36.00,UNKNOWN,64,22,86,3 template
CP26_BENCHMARK_FINAL/BENCHMARK_SIMPLE_C_BPL/TERM_LASSO//lasso_traces_polyrank4.t2.c/lasso_trace_80.txt,TERMINATING,0.42,84.42,19.00,TERMINATING,73,9,82,2 template / Nested template
CP26_BENCHMARK_FINAL/BENCHMARK_SIMPLE_C_BPL/TERM_LASSO//lasso_traces_polyrank4.t2.c/lasso_trace_81.txt,TERMINATING,0.45,98.58,29.00,UNKNOWN,73,9,82,2 template
CP26_BENCHMARK_FINAL/BENCHMARK_SIMPLE_C_BPL/TERM_LASSO//lasso_traces_polyrank4.t2.c/lasso_trace_82.txt,TERMINATING,0.40,94.70,32.00,UNKNOWN,86,9,95,2 template
CP26_BENCHMARK_FINAL/BENCHMARK_SIMPLE_C_BPL/TERM_LASSO//lasso_traces_polyrank4.t2.c/lasso_trace_83.txt,TERMINATING,0.47,99.67,31.00,UNKNOWN,73,9,82,2 template
CP26_BENCHMARK_FINAL/BENCHMARK_SIMPLE_C_BPL/TERM_LASSO//lasso_traces_polyrank4.t2.c/lasso_trace_84.txt,TERMINATING,0.38,90.11,20.00,TERMINATING,86,9,95,2 template / Nested template
CP26_BENCHMARK_FINAL/BENCHMARK_SIMPLE_C_BPL/TERM_LASSO//lasso_traces_polyrank4.t2.c/lasso_trace_85.txt,TERMINATING,0.44,123.62,13.00,TERMINATING,86,9,95,2 template / Nested template
CP26_BENCHMARK_FINAL/BENCHMARK_SIMPLE_C_BPL/TERM_LASSO//lasso_traces_polyrank4.t2.c/lasso_trace_86.txt,TERMINATING,0.49,96.91,32.00,UNKNOWN,86,9,95,2 template
CP26_BENCHMARK_FINAL/BENCHMARK_SIMPLE_C_BPL/TERM_LASSO//lasso_traces_polyrank4.t2.c/lasso_trace_87.txt,TERMINATING,0.40,101.56,12.00,TERMINATING,73,9,82,2 template / Nested template
CP26_BENCHMARK_FINAL/BENCHMARK_SIMPLE_C_BPL/TERM_LASSO//lasso_traces_polyrank4.t2.c/lasso_trace_88.txt,TERMINATING,0.42,84.98,29.00,UNKNOWN,73,9,82,2 template
CP26_BENCHMARK_FINAL/BENCHMARK_SIMPLE_C_BPL/TERM_LASSO//lasso_traces_polyrank4.t2.c/lasso_trace_89.txt,TERMINATING,0.33,100.04,18.00,TERMINATING,73,9,82,2 template / Nested template
CP26_BENCHMARK_FINAL/BENCHMARK_SIMPLE_C_BPL/TERM_LASSO//lasso_traces_polyrank4.t2.c/lasso_trace_9.txt,TERMINATING,0.36,205.66,51.00,UNKNOWN,64,22,86,3 template
CP26_BENCHMARK_FINAL/BENCHMARK_SIMPLE_C_BPL/TERM_LASSO//lasso_traces_polyrank4.t2.c/lasso_trace_90.txt,TERMINATING,0.53,97.67,30.00,UNKNOWN,73,9,82,2 template
CP26_BENCHMARK_FINAL/BENCHMARK_SIMPLE_C_BPL/TERM_LASSO//lasso_traces_polyrank4.t2.c/lasso_trace_91.txt,TERMINATING,0.46,117.27,35.00,UNKNOWN,86,9,95,2 template
CP26_BENCHMARK_FINAL/BENCHMARK_SIMPLE_C_BPL/TERM_LASSO//lasso_traces_polyrank4.t2.c/lasso_trace_92.txt,TERMINATING,0.45,91.10,21.00,TERMINATING,86,9,95,2 template / Nested template
CP26_BENCHMARK_FINAL/BENCHMARK_SIMPLE_C_BPL/TERM_LASSO//lasso_traces_polyrank4.t2.c/lasso_trace_93.txt,TERMINATING,0.53,87.02,27.00,UNKNOWN,73,9,82,2 template
CP26_BENCHMARK_FINAL/BENCHMARK_SIMPLE_C_BPL/TERM_LASSO//lasso_traces_polyrank4.t2.c/lasso_trace_94.txt,TERMINATING,0.37,81.19,23.00,TERMINATING,86,9,95,2 template / Nested template
CP26_BENCHMARK_FINAL/BENCHMARK_SIMPLE_C_BPL/TERM_LASSO//lasso_traces_polyrank4.t2.c/lasso_trace_95.txt,TERMINATING,0.42,91.05,30.00,UNKNOWN,73,9,82,2 template
CP26_BENCHMARK_FINAL/BENCHMARK_SIMPLE_C_BPL/TERM_LASSO//lasso_traces_polyrank4.t2.c/lasso_trace_96.txt,TERMINATING,0.53,88.62,28.00,UNKNOWN,73,9,82,2 template
CP26_BENCHMARK_FINAL/BENCHMARK_SIMPLE_C_BPL/TERM_LASSO//lasso_traces_polyrank4.t2.c/lasso_trace_97.txt,TERMINATING,0.53,90.71,12.00,TERMINATING,73,9,82,2 template / Nested template
CP26_BENCHMARK_FINAL/BENCHMARK_SIMPLE_C_BPL/TERM_LASSO//lasso_traces_polyrank4.t2.c/lasso_trace_98.txt,TERMINATING,0.41,110.52,22.00,TERMINATING,73,9,82,2 template / Nested template
CP26_BENCHMARK_FINAL/BENCHMARK_SIMPLE_C_BPL/TERM_LASSO//lasso_traces_polyrank4.t2.c/lasso_trace_99.txt,TERMINATING,0.40,88.77,24.00,TERMINATING,86,9,95,2 template / Nested template
CP26_BENCHMARK_FINAL/BENCHMARK_SIMPLE_C_BPL/TERM_LASSO//lasso_traces_polyrank5.t2.c/lasso_trace_1.txt,TERMINATING,2.03,51.78,6.00,TERMINATING,28,9,37,Affine template / Affine template
CP26_BENCHMARK_FINAL/BENCHMARK_SIMPLE_C_BPL/TERM_LASSO//lasso_traces_polyrank5.t2.c/lasso_trace_2.txt,TERMINATING,0.80,1397.85,52.00,UNKNOWN,35,13,48,4 template
CP26_BENCHMARK_FINAL/BENCHMARK_SIMPLE_C_BPL/TERM_LASSO//lasso_traces_polyrank5.t2.c/lasso_trace_3.txt,TERMINATING,0.51,36.13,7.00,TERMINATING,41,9,50,Affine template / Affine template
CP26_BENCHMARK_FINAL/BENCHMARK_SIMPLE_C_BPL/TERM_LASSO//lasso_traces_polyrank5.t2.c/lasso_trace_4.txt,TERMINATING,0.53,37.42,7.00,TERMINATING,54,9,63,Affine template / Affine template
CP26_BENCHMARK_FINAL/BENCHMARK_SIMPLE_C_BPL/TERM_LASSO//lasso_traces_polyrank6.t2.c/lasso_trace_1.txt,TERMINATING,1.71,139.30,15.00,TERMINATING,24,10,34,2 template / Nested template
CP26_BENCHMARK_FINAL/BENCHMARK_SIMPLE_C_BPL/TERM_LASSO//lasso_traces_polyrank6.t2.c/lasso_trace_2.txt,TERMINATING,0.46,78.00,22.00,TERMINATING,37,14,51,Affine template / Affine template
CP26_BENCHMARK_FINAL/BENCHMARK_SIMPLE_C_BPL/TERM_LASSO//lasso_traces_polyrank6.t2.c/lasso_trace_3.txt,TERMINATING,0.36,78.12,11.00,TERMINATING,44,10,54,2 template / Nested template
CP26_BENCHMARK_FINAL/BENCHMARK_SIMPLE_C_BPL/TERM_LASSO//lasso_traces_popl07-fail.t2.c/lasso_trace_1.txt,TERMINATING,2.02,71.81,13.00,TERMINATING,104,28,132,Affine template / Affine template
CP26_BENCHMARK_FINAL/BENCHMARK_SIMPLE_C_BPL/TERM_LASSO//lasso_traces_popl07-succeed.t2.c/lasso_trace_1.txt,TERMINATING,2.10,75.28,12.00,TERMINATING,104,28,132,Affine template / Affine template
CP26_BENCHMARK_FINAL/BENCHMARK_SIMPLE_C_BPL/TERM_LASSO//lasso_traces_power.c/lasso_trace_1.txt,TERMINATING,2.24,102.11,19.00,TERMINATING,4,1,5,Affine template / Affine template
CP26_BENCHMARK_FINAL/BENCHMARK_SIMPLE_C_BPL/TERM_LASSO//lasso_traces_preboogie.c/lasso_trace_1.txt,TERMINATING,1.85,80.06,8.00,TERMINATING,6,3,9,Affine template / Affine template
CP26_BENCHMARK_FINAL/BENCHMARK_SIMPLE_C_BPL/TERM_LASSO//lasso_traces_Primes_true-unreach-call.c/lasso_trace_7.txt,TERMINATING,0.35,47.73,9.00,TERMINATING,21,6,27,Affine template / Affine template
CP26_BENCHMARK_FINAL/BENCHMARK_SIMPLE_C_BPL/TERM_LASSO//lasso_traces_Primes_true-unreach-call.c/lasso_trace_8.txt,TERMINATING,0.33,42.80,13.00,TERMINATING,23,5,28,Affine template / Affine template
CP26_BENCHMARK_FINAL/BENCHMARK_SIMPLE_C_BPL/TERM_LASSO//lasso_traces_print.t2.c/lasso_trace_1.txt,TERMINATING,2.01,113.68,23.00,TERMINATING,295,31,326,Affine template / Affine template
CP26_BENCHMARK_FINAL/BENCHMARK_SIMPLE_C_BPL/TERM_LASSO//lasso_traces_print.t2.c/lasso_trace_2.txt,TERMINATING,0.63,135.03,34.00,TERMINATING,558,163,721,Affine template / Affine template
CP26_BENCHMARK_FINAL/BENCHMARK_SIMPLE_C_BPL/TERM_LASSO//lasso_traces_Problem01_label00_true-unreach-call.c/lasso_trace_1.txt,TERMINATING,1.95,925.90,89.00,TERMINATING,5,8,13,Affine template / Affine template
CP26_BENCHMARK_FINAL/BENCHMARK_SIMPLE_C_BPL/TERM_LASSO//lasso_traces_Problem01_label00_true-unreach-call.c/lasso_trace_2.txt,TERMINATING,0.49,1691.95,116.00,TERMINATING,6,11,17,Affine template / Affine template
CP26_BENCHMARK_FINAL/BENCHMARK_SIMPLE_C_BPL/TERM_LASSO//lasso_traces_Problem01_label19_true-unreach-call.c/lasso_trace_1.txt,TERMINATING,1.84,1072.71,92.00,TERMINATING,5,8,13,Affine template / Affine template
CP26_BENCHMARK_FINAL/BENCHMARK_SIMPLE_C_BPL/TERM_LASSO//lasso_traces_Problem01_label19_true-unreach-call.c/lasso_trace_2.txt,TERMINATING,0.47,1108.12,112.00,TERMINATING,6,11,17,Affine template / Affine template
CP26_BENCHMARK_FINAL/BENCHMARK_SIMPLE_C_BPL/TERM_LASSO//lasso_traces_Problem01_label20_false-unreach-call.c/lasso_trace_1.txt,TERMINATING,2.28,1007.97,90.00,TERMINATING,5,8,13,Affine template / Affine template
CP26_BENCHMARK_FINAL/BENCHMARK_SIMPLE_C_BPL/TERM_LASSO//lasso_traces_Problem01_label20_false-unreach-call.c/lasso_trace_2.txt,TERMINATING,0.39,1118.35,115.00,TERMINATING,6,11,17,Affine template / Affine template
CP26_BENCHMARK_FINAL/BENCHMARK_SIMPLE_C_BPL/TERM_LASSO//lasso_traces_Problem04_label00_true-unreach-call.c/lasso_trace_4.txt,TERMINATING,0.57,81.61,35.00,TERMINATING,6,279,285,Affine template / Affine template
