nodes	Ultimate-fixpoint	Ultimate-all	pasttel	label	Stem Size	Loop Size	Total Size Trace	Algo
1	2.28	42.63	5.00	TERMINATING	10	1	11	Affine template / Affine template
2	1.75	125.50	24.00	TERMINATING	8	1	9	Affine template / Affine template
3	1.64	171.10	23.00	TERMINATING	8	3	11	Affine template / Affine template
4	1.68	180.67	27.00	TERMINATING	8	3	11	Affine template / Affine template
5	2.09	290.14	101.00	TERMINATING	8	5	13	Affine template / Affine template
6	0.86	204.68	58.00	TERMINATING	8	7	15	Affine template / Affine template
7	2.02	281.05	91.00	TERMINATING	8	5	13	Affine template / Affine template
8	0.90	224.46	58.00	TERMINATING	8	7	15	Affine template / Affine template
9	1.63	91.01	11.00	TERMINATING	305	18	323	Affine template / Affine template
10	0.46	80.67	14.00	TERMINATING	322	53	375	Affine template / Affine template
11	0.70	76.94	11.00	TERMINATING	339	25	364	Affine template / Affine template
12	1.59	108.22	11.00	TERMINATING	305	18	323	Affine template / Affine template
13	0.51	83.04	13.00	TERMINATING	322	53	375	Affine template / Affine template
14	0.40	74.04	10.00	TERMINATING	339	25	364	Affine template / Affine template
15	0.40	74.33	11.00	TERMINATING	352	22	374	Affine template / Affine template
16	0.35	72.91	10.00	TERMINATING	365	13	378	Affine template / Affine template
17	1.77	95.86	12.00	TERMINATING	297	18	315	Affine template / Affine template
18	0.45	78.91	13.00	TERMINATING	314	53	367	Affine template / Affine template
19	2.04	87.67	10.00	TERMINATING	293	18	311	Affine template / Affine template
20	0.44	81.01	14.00	TERMINATING	310	53	363	Affine template / Affine template
21	2.06	107.65	33.00	TERMINATING	8	14	22	Affine template / Affine template
22	2.39	163.05	66.00	TERMINATING	12	12	24	Affine template / Affine template
23	2.17	75.03	10.00	TERMINATING	85	14	99	Affine template / Affine template
24	1.98	95.96	14.00	TERMINATING	5	3	8	Affine template / Affine template
25	1.86	82.09	15.00	TERMINATING	5	2	7	Affine template / Affine template
26	1.54	49.00	5.00	TERMINATING	20	23	43	Affine template / Affine template
27	0.70	33.72	5.00	TERMINATING	25	13	38	Affine template / Affine template
28	1.53	46.19	5.00	TERMINATING	20	23	43	Affine template / Affine template
29	1.00	34.76	7.00	TERMINATING	25	13	38	Affine template / Affine template
30	2.15	122.64	13.00	TERMINATING	5	1	6	2 template / Nested template
31	9.48	76.20	9.00	TERMINATING	85	14	99	Affine template / Affine template
32	2.04	282.99	143.00	TERMINATING	9	5	14	Affine template / Affine template
33	3.49	144.40	46.00	TERMINATING	9	5	14	Affine template / Affine template
34	2.01	66.66	8.00	TERMINATING	5	2	7	Affine template / Affine template
35	0.68	84.15	29.00	TERMINATING	11	2	13	Affine template / Affine template
36	2.62	106.25	54.00	TERMINATING	10	15	25	Affine template / Affine template
37	1.73	57.45	5.00	TERMINATING	1	3	4	Affine template / Affine template
38	0.86	37.74	6.00	TERMINATING	2	1	3	Affine template / Affine template
39	1.88	56.36	8.00	TERMINATING	7	3	10	Affine template / Affine template
40	0.46	34.46	8.00	TERMINATING	8	1	9	Affine template / Affine template
41	2.41	80.92	12.00	TERMINATING	1	2	3	Affine template / Affine template
42	0.66	540.39	75.00	TERMINATING	2	3	5	Affine template / Affine template
43	3.85	92.48	13.00	TERMINATING	1	2	3	Affine template / Affine template
44	0.67	553.27	73.00	TERMINATING	2	3	5	Affine template / Affine template
45	3.52	66.43	12.00	TERMINATING	1	3	4	Affine template / Affine template
46	1.04	505.72	85.00	TERMINATING	2	4	6	Affine template / Affine template
47	2.74	67.53	17.00	TERMINATING	1	3	4	Affine template / Affine template
48	0.63	487.22	87.00	TERMINATING	2	4	6	Affine template / Affine template
49	2.82	186.64	47.00	TERMINATING	10	7	17	Affine template / Affine template
50	2.01	51.65	7.00	TERMINATING	1	1	2	Affine template / Affine template
51	2.16	74.37	7.00	TERMINATING	7	1	8	Affine template / Affine template
52	2.65	177.25	45.00	TERMINATING	10	7	17	Affine template / Affine template
53	2.08	47.82	5.00	TERMINATING	1	1	2	Affine template / Affine template
54	1.98	56.62	7.00	TERMINATING	7	1	8	Affine template / Affine template
55	3.02	141.93	62.00	TERMINATING	11	10	21	Affine template / Affine template
56	2.08	71.55	9.00	TERMINATING	1	1	2	Affine template / Affine template
57	2.16	71.16	12.00	TERMINATING	7	1	8	Affine template / Affine template
58	2.67	224.32	63.00	TERMINATING	11	12	23	Affine template / Affine template
59	2.18	64.54	9.00	TERMINATING	1	1	2	Affine template / Affine template
60	2.05	65.98	10.00	TERMINATING	7	1	8	Affine template / Affine template
61	2.66	124.14	43.00	TERMINATING	10	9	19	Affine template / Affine template
62	2.28	69.27	8.00	TERMINATING	1	1	2	Affine template / Affine template
63	2.06	59.13	10.00	TERMINATING	7	1	8	Affine template / Affine template
64	2.37	201.78	48.00	TERMINATING	12	8	20	Affine template / Affine template
65	1.66	55.93	8.00	TERMINATING	8	2	10	Affine template / Affine template
66	2.55	130.19	41.00	TERMINATING	10	10	20	Affine template / Affine template
67	1.43	90.30	41.00	TERMINATING	16	10	26	Affine template / Affine template
68	0.41	114.44	32.00	TERMINATING	109	22	131	Affine template / Affine template
69	1.73	62.13	12.00	TERMINATING	68	22	90	Affine template / Affine template
70	0.33	49.54	19.00	TERMINATING	72	22	94	Affine template / Affine template
71	0.31	52.34	12.00	TERMINATING	72	22	94	Affine template / Affine template
72	0.38	54.05	12.00	TERMINATING	80	22	102	Affine template / Affine template
73	0.31	50.15	13.00	TERMINATING	84	22	106	Affine template / Affine template
74	0.41	104.93	39.00	TERMINATING	92	22	114	Affine template / Affine template
75	2.11	2543.80	27.00	TERMINATING	1	1	2	2 template / Affine template
76	1.85	164.02	17.00	TERMINATING	5	1	6	Affine template / Affine template
77	2.12	1658.57	47.00	TERMINATING	5	1	6	2 template / Nested template
78	2.02	116.30	13.00	TERMINATING	8	4	12	Affine template / Affine template
79	0.27	170.08	24.00	TERMINATING	53	4	57	Affine template / Affine template
80	0.52	219.07	40.00	TERMINATING	11	4	15	Affine template / Affine template
81	0.30	63.32	16.00	TERMINATING	15	8	23	Affine template / Affine template
82	0.36	190.04	35.00	TERMINATING	18	4	22	Affine template / Affine template
83	1.83	250.12	23.00	TERMINATING	7	4	11	Affine template / Affine template
84	0.30	70.42	14.00	TERMINATING	11	8	19	Affine template / Affine template
85	0.85	209.58	33.00	TERMINATING	13	4	17	Affine template / Affine template
86	1.88	60.70	7.00	TERMINATING	7	1	8	Affine template / Affine template
87	1.96	58.53	10.00	TERMINATING	7	1	8	Affine template / Affine template
88	2.08	50.71	6.00	TERMINATING	7	1	8	Affine template / Affine template
89	2.09	52.95	5.00	TERMINATING	7	1	8	Affine template / Affine template
90	1.81	43.30	5.00	TERMINATING	5	2	7	Affine template / Affine template
91	1.93	51.60	7.00	TERMINATING	5	2	7	Affine template / Affine template
92	1.82	58.07	7.00	TERMINATING	8	4	12	Affine template / Affine template
93	2.22	61.64	7.00	TERMINATING	8	4	12	Affine template / Affine template
94	2.06	2164.91	212.00	TERMINATING	6	6	12	Affine template / Affine template
95	1.73	53.60	5.00	TERMINATING	5	6	11	Affine template / Affine template
96	1.75	85.10	15.00	TERMINATING	5	1	6	Affine template / Affine template
97	2.27	1610.03	47.00	TERMINATING	5	1	6	2 template / Nested template
98	2.02	59.60	11.00	TERMINATING	5	2	7	Affine template / Affine template
99	0.51	109.29	21.00	TERMINATING	8	1	9	Affine template / Affine template
100	0.49	153.86	29.00	TERMINATING	11	1	12	Affine template / Affine template
101	2.88	61.57	10.00	TERMINATING	5	6	11	Affine template / Affine template
102	0.44	40.96	9.00	TERMINATING	6	2	8	Affine template / Affine template
103	0.36	42.25	10.00	TERMINATING	11	2	13	Affine template / Affine template
104	0.30	39.79	10.00	TERMINATING	14	2	16	Affine template / Affine template
105	2.06	126.41	17.00	TERMINATING	5	1	6	Affine template / Affine template
106	1.91	59.04	9.00	TERMINATING	5	1	6	Affine template / Affine template
107	1.99	85.37	14.00	TERMINATING	5	1	6	Affine template / Affine template
108	2.26	50.46	13.00	TERMINATING	5	3	8	Affine template / Affine template
109	0.25	38.03	9.00	TERMINATING	32	3	35	Affine template / Affine template
110	0.37	59.15	9.00	TERMINATING	9	2	11	Affine template / Affine template
111	0.41	48.56	9.00	TERMINATING	11	6	17	Affine template / Affine template
112	0.29	40.97	11.00	TERMINATING	15	8	23	Affine template / Affine template
113	0.28	37.52	10.00	TERMINATING	15	2	17	Affine template / Affine template
114	1.96	54.75	12.00	TERMINATING	5	4	9	Affine template / Affine template
115	0.27	41.74	9.00	TERMINATING	14	11	25	Affine template / Affine template
116	0.25	37.17	12.00	TERMINATING	21	2	23	Affine template / Affine template
117	0.27	34.38	11.00	TERMINATING	21	11	32	Affine template / Affine template
118	0.26	46.36	10.00	TERMINATING	23	4	27	Affine template / Affine template
119	1.90	63.78	12.00	TERMINATING	5	4	9	Affine template / Affine template
120	0.33	41.32	14.00	TERMINATING	8	2	10	Affine template / Affine template
121	0.29	79.87	22.00	TERMINATING	13	5	18	Affine template / Affine template
122	0.26	42.10	10.00	TERMINATING	15	4	19	Affine template / Affine template
123	0.35	35.47	11.00	TERMINATING	17	2	19	Affine template / Affine template
124	0.33	44.53	9.00	TERMINATING	19	4	23	Affine template / Affine template
125	1.73	61.17	9.00	TERMINATING	6	3	9	Affine template / Affine template
126	1.83	56.60	12.00	TERMINATING	5	1	6	Affine template / Affine template
127	1.96	77.10	10.00	TERMINATING	6	2	8	Affine template / Affine template
128	0.48	51.04	9.00	TERMINATING	8	1	9	Affine template / Affine template
129	0.55	43.87	10.00	TERMINATING	9	2	11	Affine template / Affine template
130	0.34	42.55	12.00	TERMINATING	10	4	14	Affine template / Affine template
131	0.26	37.11	12.00	TERMINATING	11	2	13	Affine template / Affine template
132	2.06	110.45	19.00	TERMINATING	6	1	7	Affine template / Affine template
133	1.68	519.18	46.00	TERMINATING	5	1	6	Affine template / Affine template
134	2.07	122.28	18.00	TERMINATING	6	1	7	Affine template / Affine template
135	2.01	125.58	13.00	TERMINATING	6	1	7	Affine template / Affine template
136	2.13	97.95	16.00	TERMINATING	6	1	7	Affine template / Affine template
137	2.01	68.20	12.00	TERMINATING	5	1	6	Affine template / Affine template
138	1.88	62.42	8.00	TERMINATING	5	2	7	Affine template / Affine template
139	0.40	45.70	9.00	TERMINATING	7	1	8	Affine template / Affine template
140	0.44	41.34	8.00	TERMINATING	6	1	7	Affine template / Affine template
141	1.95	145.51	18.00	TERMINATING	526	13	539	Affine template / Affine template
142	1.93	142.08	17.00	TERMINATING	526	13	539	Affine template / Affine template
143	1.86	125.24	17.00	TERMINATING	505	13	518	Affine template / Affine template
144	1.91	150.23	21.00	TERMINATING	587	21	608	Affine template / Affine template
145	1.97	65.26	14.00	TERMINATING	7	4	11	Affine template / Affine template
146	0.60	59.87	16.00	TERMINATING	8	4	12	Affine template / Affine template
147	0.50	59.60	20.00	TERMINATING	12	4	16	Affine template / Affine template
148	1.90	78.87	19.00	TERMINATING	7	6	13	Affine template / Affine template
149	0.67	56.72	17.00	TERMINATING	8	4	12	Affine template / Affine template
150	0.63	58.73	25.00	TERMINATING	10	4	14	Affine template / Affine template
151	0.53	55.13	33.00	TERMINATING	14	4	18	Affine template / Nested template
152	0.62	64.07	25.00	TERMINATING	16	4	20	Affine template / Affine template
153	0.58	75.40	23.00	TERMINATING	22	4	26	Affine template / Affine template
154	1.88	68.70	18.00	TERMINATING	7	6	13	Affine template / Affine template
155	0.81	70.57	21.00	TERMINATING	11	5	16	Affine template / Affine template
156	0.68	63.53	27.00	TERMINATING	17	5	22	Affine template / Affine template
157	0.64	61.65	24.00	TERMINATING	18	5	23	Affine template / Affine template
158	2.02	88.94	9.00	TERMINATING	9	1	10	Affine template / Affine template
159	1.57	48.81	5.00	TERMINATING	24	13	37	Affine template / Affine template
160	1.69	46.87	5.00	TERMINATING	28	13	41	Affine template / Affine template
161	2.00	50.31	6.00	TERMINATING	16	25	41	Affine template / Affine template
162	1.66	49.03	5.00	TERMINATING	20	13	33	Affine template / Affine template
163	2.82	44.13	5.00	TERMINATING	16	13	29	Affine template / Affine template
164	2.16	57.64	10.00	TERMINATING	5	2	7	Affine template / Affine template
165	2.00	60.00	11.00	TERMINATING	5	4	9	Affine template / Affine template
166	1.72	56.40	8.00	TERMINATING	44	13	57	Affine template / Affine template
167	2.49	177.87	45.00	TERMINATING	16	6	22	Affine template / Affine template
168	1.92	65.28	10.00	TERMINATING	6	1	7	Affine template / Affine template
169	2.06	52.17	7.00	TERMINATING	14	3	17	Affine template / Affine template
170	0.37	47.63	13.00	TERMINATING	16	7	23	Affine template / Affine template
171	2.94	67.19	11.00	TERMINATING	14	3	17	Affine template / Affine template
172	0.35	45.75	13.00	TERMINATING	16	7	23	Affine template / Affine template
173	3.07	166.75	48.00	TERMINATING	10	10	20	Affine template / Affine template
174	2.04	88.04	15.00	TERMINATING	7	1	8	Affine template / Affine template
175	2.70	162.58	42.00	TERMINATING	10	7	17	Affine template / Affine template
176	1.98	49.17	7.00	TERMINATING	1	1	2	Affine template / Affine template
177	1.98	54.96	7.00	TERMINATING	7	1	8	Affine template / Affine template
178	2.72	120.10	50.00	TERMINATING	10	9	19	Affine template / Affine template
179	2.17	74.51	7.00	TERMINATING	1	1	2	Affine template / Affine template
180	1.98	62.59	9.00	TERMINATING	7	1	8	Affine template / Affine template
181	2.19	90.93	38.00	TERMINATING	11	8	19	Affine template / Affine template
182	1.86	57.68	7.00	TERMINATING	8	2	10	Affine template / Affine template
183	2.09	167.54	47.00	TERMINATING	11	6	17	Affine template / Nested template
184	1.93	51.12	7.00	TERMINATING	8	1	9	Affine template / Affine template
185	2.58	170.29	45.00	TERMINATING	10	9	19	Affine template / Affine template
186	1.89	75.91	10.00	TERMINATING	1	1	2	Affine template / Affine template
187	2.24	66.78	12.00	TERMINATING	7	1	8	Affine template / Affine template
188	2.46	104.16	38.00	TERMINATING	10	7	17	Affine template / Affine template
189	2.17	51.98	8.00	TERMINATING	1	1	2	Affine template / Affine template
190	2.64	152.36	51.00	TERMINATING	10	10	20	Affine template / Affine template
191	2.24	57.23	8.00	TERMINATING	1	1	2	Affine template / Affine template
192	1.87	65.74	8.00	TERMINATING	7	1	8	Affine template / Affine template
193	3.36	284.32	74.00	TERMINATING	11	12	23	Affine template / Affine template
194	2.43	79.59	7.00	TERMINATING	1	1	2	Affine template / Affine template
195	2.33	66.95	13.00	TERMINATING	7	1	8	Affine template / Affine template
196	2.56	280.78	85.00	TERMINATING	14	9	23	Affine template / Affine template
197	1.75	134.19	50.00	TERMINATING	19	11	30	Affine template / Affine template
198	2.18	96.54	13.00	TERMINATING	8	3	11	Affine template / Affine template
199	0.48	44.08	8.00	TERMINATING	9	4	13	Affine template / Affine template
200	2.65	312.41	79.00	TERMINATING	14	9	23	Affine template / Affine template
201	1.44	344.44	92.00	TERMINATING	19	9	28	Affine template / Affine template
202	2.31	117.02	41.00	TERMINATING	10	9	19	Affine template / Affine template
203	1.37	131.42	46.00	TERMINATING	15	11	26	Affine template / Affine template
204	2.11	76.48	10.00	TERMINATING	1	1	2	Affine template / Affine template
205	2.25	101.63	13.00	TERMINATING	7	1	8	Affine template / Affine template
206	2.55	115.11	48.00	TERMINATING	10	10	20	Affine template / Affine template
207	1.34	121.09	45.00	TERMINATING	16	13	29	Affine template / Affine template
208	2.04	86.23	45.00	TERMINATING	19	13	32	Affine template / Affine template
209	1.99	84.22	10.00	TERMINATING	1	1	2	Affine template / Affine template
210	3.01	104.75	15.00	TERMINATING	7	1	8	Affine template / Affine template
211	2.77	133.02	44.00	TERMINATING	10	9	19	Affine template / Affine template
212	1.42	177.89	50.00	TERMINATING	12	12	24	Affine template / Affine template
213	2.52	89.04	10.00	TERMINATING	1	1	2	Affine template / Affine template
214	2.07	96.71	18.00	TERMINATING	7	1	8	Affine template / Affine template
215	2.60	163.24	55.00	TERMINATING	11	11	22	Affine template / Affine template
216	1.73	118.26	77.00	TERMINATING	14	16	30	Affine template / Affine template
217	2.22	110.48	16.00	TERMINATING	1	1	2	Affine template / Affine template
218	2.11	119.22	24.00	TERMINATING	7	1	8	Affine template / Affine template
219	2.46	116.49	44.00	TERMINATING	10	15	25	Affine template / Affine template
220	1.51	89.59	44.00	TERMINATING	15	8	23	Affine template / Affine template
221	1.93	53.12	6.00	TERMINATING	1	3	4	Affine template / Affine template
222	0.48	40.49	8.00	TERMINATING	4	1	5	Affine template / Affine template
223	1.96	58.77	9.00	TERMINATING	7	3	10	Affine template / Affine template
224	1.12	38.45	8.00	TERMINATING	10	1	11	Affine template / Affine template
225	2.46	217.69	83.00	TERMINATING	11	18	29	Affine template / Affine template
226	1.71	174.57	77.00	TERMINATING	17	9	26	Affine template / Affine template
227	1.87	64.21	11.00	TERMINATING	1	3	4	Affine template / Affine template
228	1.10	39.28	9.00	TERMINATING	4	1	5	Affine template / Affine template
229	1.97	53.91	11.00	TERMINATING	7	3	10	Affine template / Affine template
230	2.25	132.19	40.00	TERMINATING	10	8	18	Affine template / Affine template
231	1.27	88.33	41.00	TERMINATING	14	6	20	Affine template / Affine template
232	2.15	51.72	5.00	TERMINATING	1	2	3	Affine template / Affine template
233	0.41	35.95	5.00	TERMINATING	2	1	3	Affine template / Affine template
234	2.00	48.05	7.00	TERMINATING	7	2	9	Affine template / Affine template
235	0.50	36.62	6.00	TERMINATING	8	1	9	Affine template / Affine template
236	2.96	127.80	60.00	TERMINATING	11	10	21	Affine template / Affine template
237	1.64	157.22	68.00	TERMINATING	17	7	24	Affine template / Affine template
238	2.47	58.47	7.00	TERMINATING	1	2	3	Affine template / Affine template
239	0.63	40.80	7.00	TERMINATING	2	1	3	Affine template / Affine template
240	1.95	60.85	9.00	TERMINATING	7	2	9	Affine template / Affine template
241	0.54	47.95	9.00	TERMINATING	8	1	9	Affine template / Affine template
242	2.08	93.96	33.00	TERMINATING	9	13	22	Affine template / Affine template
243	0.91	76.19	40.00	TERMINATING	10	17	27	Affine template / Affine template
244	0.71	58.75	25.00	TERMINATING	16	4	20	Affine template / Affine template
245	0.69	78.49	20.00	TERMINATING	16	4	20	Affine template / Affine template
246	2.08	57.69	5.00	TERMINATING	1	4	5	Affine template / Affine template
247	0.54	32.37	7.00	TERMINATING	3	1	4	Affine template / Affine template
248	2.08	50.37	7.00	TERMINATING	7	4	11	Affine template / Affine template
249	0.38	36.82	5.00	TERMINATING	9	1	10	Affine template / Affine template
250	1.67	44.19	5.00	TERMINATING	1	1	2	Affine template / Affine template
251	1.65	50.43	7.00	TERMINATING	6	1	7	Affine template / Affine template
252	2.84	149.23	50.00	TERMINATING	8	15	23	Affine template / Affine template
253	1.58	95.99	49.00	TERMINATING	18	15	33	Affine template / Affine template
254	2.16	152.81	22.00	TERMINATING	5	1	6	2 template / Nested template
255	1.76	69.77	16.00	TERMINATING	5	1	6	Affine template / Affine template
256	2.31	133.20	33.00	TERMINATING	1	4	5	Affine template / Affine template
257	0.93	46.89	16.00	TERMINATING	2	6	8	Affine template / Affine template
258	1.04	64.00	40.00	TERMINATING	5	6	11	Affine template / Affine template
259	1.28	133.44	79.00	TERMINATING	9	6	15	Affine template / Affine template
260	2.17	249.61	30.00	TERMINATING	6	4	10	Affine template / Affine template
261	0.37	43.07	7.00	TERMINATING	7	28	35	Affine template / Affine template
262	0.39	41.30	11.00	TERMINATING	7	28	35	Affine template / Affine template
263	3.09	885.53	76.00	TERMINATING	1	4	5	Affine template / Affine template
264	2.13	47.16	41.00	TERMINATING	0	7	7	Affine template / Affine template
265	1.04	338.82	87.00	TERMINATING	1	7	8	Affine template / Affine template
266	1.63	621.71	216.00	TERMINATING	8	7	15	Affine template / Affine template
267	3.42	24338.65	6529.00	TERMINATING	492	372	864	Affine template / Affine template
268	1.72	63.30	7.00	TERMINATING	56	21	77	Affine template / Affine template
269	2.91	62.89	10.00	TERMINATING	56	21	77	Affine template / Affine template
270	1.51	16896.30	175.00	TERMINATING	5	1	6	Affine template / Affine template
271	1.49	65.77	7.00	TERMINATING	21	1	22	Affine template / Affine template
272	2.37	134.31	41.00	TERMINATING	21	6	27	Affine template / Affine template
273	1.95	107.01	14.00	TERMINATING	6	1	7	Affine template / Affine template
274	1.73	43.10	4.00	TERMINATING	1	1	2	Affine template / Affine template
275	2.24	130.87	24.00	TERMINATING	1	1	2	Affine template / Affine template
276	2.35	117.43	35.00	TERMINATING	5	9	14	Affine template / Affine template
277	1.22	134.49	35.00	TERMINATING	12	5	17	Affine template / Affine template
278	1.24	93.68	44.00	TERMINATING	17	19	36	Affine template / Affine template
279	2.36	102.40	30.00	TERMINATING	6	7	13	Affine template / Affine template
280	2.06	60.25	9.00	TERMINATING	5	2	7	Affine template / Affine template
281	0.43	50.83	10.00	TERMINATING	6	3	9	Affine template / Affine template
282	0.44	43.03	9.00	TERMINATING	7	1	8	Affine template / Affine template
283	0.34	47.79	9.00	TERMINATING	10	1	11	Affine template / Affine template
284	0.32	43.30	9.00	TERMINATING	11	1	12	Affine template / Affine template
285	0.26	37.41	9.00	TERMINATING	12	1	13	Affine template / Affine template
286	0.61	57.98	10.00	TERMINATING	6	3	9	Affine template / Affine template
287	0.48	43.90	10.00	TERMINATING	7	1	8	Affine template / Affine template
288	0.41	37.26	9.00	TERMINATING	10	1	11	Affine template / Affine template
289	1.93	63.92	11.00	TERMINATING	5	1	6	Affine template / Affine template
290	1.95	108.73	13.00	TERMINATING	128	26	154	Affine template / Affine template
291	0.43	74.79	16.00	TERMINATING	429	22	451	Affine template / Affine template
292	0.62	160.78	46.00	TERMINATING	467	13	480	Affine template / Affine template
293	0.52	86.33	25.00	TERMINATING	151	120	271	Affine template / Affine template
294	0.43	62.96	14.00	TERMINATING	182	27	209	Affine template / Affine template
295	0.89	67.24	12.00	TERMINATING	208	35	243	Affine template / Affine template
296	0.53	73.44	16.00	TERMINATING	212	35	247	Affine template / Affine template
297	0.44	64.40	13.00	TERMINATING	222	17	239	Affine template / Affine template
298	0.52	155.61	51.00	TERMINATING	229	22	251	Affine template / Affine template
299	2.06	101.91	12.00	TERMINATING	128	26	154	Affine template / Affine template
300	0.45	74.50	13.00	TERMINATING	429	22	451	Affine template / Affine template
301	0.49	142.21	42.00	TERMINATING	463	13	476	Affine template / Affine template
302	0.52	87.64	22.00	TERMINATING	151	120	271	Affine template / Affine template
303	0.42	60.05	10.00	TERMINATING	182	27	209	Affine template / Affine template
304	0.49	61.86	12.00	TERMINATING	208	35	243	Affine template / Affine template
305	0.54	67.36	15.00	TERMINATING	212	35	247	Affine template / Affine template
306	0.41	64.14	14.00	TERMINATING	222	17	239	Affine template / Affine template
307	0.52	150.67	38.00	TERMINATING	229	22	251	Affine template / Affine template
308	2.01	76.11	12.00	TERMINATING	128	26	154	Affine template / Affine template
309	0.48	87.97	20.00	TERMINATING	151	120	271	Affine template / Affine template
310	0.41	62.97	13.00	TERMINATING	182	27	209	Affine template / Affine template
311	0.53	69.03	13.00	TERMINATING	208	35	243	Affine template / Affine template
312	0.49	65.95	15.00	TERMINATING	212	35	247	Affine template / Affine template
313	0.37	66.11	14.00	TERMINATING	222	17	239	Affine template / Affine template
314	0.42	67.74	12.00	TERMINATING	230	22	252	Affine template / Affine template
315	0.42	86.11	17.00	TERMINATING	292	25	317	Affine template / Affine template
316	0.61	76.95	31.00	TERMINATING	330	67	397	Affine template / Affine template
317	0.51	81.67	25.00	TERMINATING	557	67	624	Affine template / Affine template
318	0.48	57.62	13.00	TERMINATING	121	25	146	Affine template / Affine template
319	1.77	2464.10	226.00	TERMINATING	5	5	10	Affine template / Affine template
320	1.92	2619.50	223.00	TERMINATING	5	5	10	Affine template / Affine template
321	2.17	54.71	5.00	TERMINATING	40	13	53	Affine template / Affine template
322	2.03	71.31	12.00	TERMINATING	5	2	7	Affine template / Affine template
323	1.73	68.45	9.00	TERMINATING	7	2	9	Affine template / Affine template
324	0.59	78.22	17.00	TERMINATING	8	5	13	Affine template / Affine template
325	3.51	63.51	8.00	TERMINATING	1	2	3	Affine template / Affine template
326	0.64	54.65	11.00	TERMINATING	2	5	7	Affine template / Affine template
327	1.73	48.53	6.00	TERMINATING	28	25	53	Affine template / Affine template
328	1.58	63.98	10.00	TERMINATING	7	2	9	Affine template / Affine template
329	0.90	136.61	39.00	TERMINATING	8	5	13	Affine template / Affine template
330	0.53	76.36	82.00	TERMINATING	20	5	25	Affine template / Affine template
331	0.55	152.55	58.00	TERMINATING	25	5	30	Affine template / Affine template
332	1.86	66.88	12.00	TERMINATING	7	2	9	Affine template / Affine template
333	0.89	158.47	40.00	TERMINATING	8	5	13	Affine template / Affine template
334	1.95	66.64	7.00	TERMINATING	44	13	57	Affine template / Affine template
335	0.30	46.56	9.00	TERMINATING	92	25	117	Affine template / Affine template
336	1.63	63.81	7.00	TERMINATING	7	2	9	Affine template / Affine template
337	0.75	115.62	29.00	TERMINATING	8	5	13	Affine template / Affine template
338	0.61	58.95	59.00	TERMINATING	20	5	25	Affine template / Affine template
339	0.59	152.63	50.00	TERMINATING	25	5	30	Affine template / Affine template
340	0.45	321.24	79.00	TERMINATING	30	5	35	Affine template / Affine template
341	2.05	45.44	5.00	TERMINATING	7	2	9	Affine template / Affine template
342	0.74	40.58	5.00	TERMINATING	8	1	9	Affine template / Affine template
343	1.83	61.75	10.00	TERMINATING	7	2	9	Affine template / Affine template
344	0.92	125.51	40.00	TERMINATING	8	5	13	Affine template / Affine template
345	1.83	49.52	7.00	TERMINATING	5	3	8	Affine template / Affine template
346	2.08	45.41	6.00	TERMINATING	5	3	8	Affine template / Affine template
347	1.84	30.70	7.00	TERMINATING	6	4	10	Affine template / Affine template
348	0.49	46.81	10.00	TERMINATING	9	4	13	Affine template / Affine template
349	0.47	46.63	10.00	TERMINATING	13	4	17	Affine template / Affine template
350	0.34	35.39	9.00	TERMINATING	14	8	22	Affine template / Affine template
351	0.37	41.38	11.00	TERMINATING	15	4	19	Affine template / Affine template
352	1.73	42.28	5.00	TERMINATING	5	4	9	Affine template / Affine template
353	1.71	50.43	5.00	TERMINATING	5	3	8	Affine template / Affine template
354	1.88	59.57	7.00	TERMINATING	5	1	6	Affine template / Affine template
355	1.80	50.84	9.00	TERMINATING	7	1	8	Affine template / Affine template
356	1.87	49.28	7.00	TERMINATING	6	1	7	Affine template / Affine template
357	2.28	66.62	9.00	TERMINATING	7	2	9	Affine template / Affine template
358	1.85	59.44	6.00	TERMINATING	5	1	6	Affine template / Affine template
359	1.96	51.54	9.00	TERMINATING	33	13	46	Affine template / Affine template
360	1.80	59.62	11.00	TERMINATING	40	28	68	Affine template / Affine template
361	0.36	42.59	16.00	TERMINATING	73	42	115	Affine template / Affine template
362	0.37	95.04	28.00	TERMINATING	89	28	117	Affine template / Affine template
363	2.03	145.34	12.00	TERMINATING	28	13	41	2 template / Nested template
364	1.78	56.75	10.00	TERMINATING	37	45	82	Affine template / Affine template
365	2.30	94.70	31.00	TERMINATING	9	8	17	Affine template / Affine template
366	0.98	94.08	30.00	TERMINATING	12	7	19	Affine template / Affine template
367	1.79	48.99	7.00	TERMINATING	7	2	9	Affine template / Affine template
368	0.51	40.55	7.00	TERMINATING	8	2	10	Affine template / Affine template
369	3.24	49.95	6.00	TERMINATING	1	2	3	Affine template / Affine template
370	2.84	98.66	44.00	TERMINATING	10	8	18	Affine template / Affine template
371	2.14	44.24	7.00	TERMINATING	1	2	3	Affine template / Affine template
372	2.00	51.11	7.00	TERMINATING	7	2	9	Affine template / Affine template
373	2.16	51.59	7.00	TERMINATING	1	2	3	Affine template / Affine template
374	0.56	35.66	6.00	TERMINATING	2	1	3	Affine template / Affine template
375	2.18	48.10	6.00	TERMINATING	7	2	9	Affine template / Affine template
376	0.39	41.01	8.00	TERMINATING	8	1	9	Affine template / Affine template
377	2.98	158.20	67.00	TERMINATING	11	10	21	Affine template / Affine template
378	1.60	106.48	70.00	TERMINATING	17	10	27	Affine template / Affine template
379	2.18	95.12	17.00	TERMINATING	1	1	2	Affine template / Affine template
380	2.18	122.59	21.00	TERMINATING	7	1	8	Affine template / Affine template
381	2.14	92.78	21.00	TERMINATING	2	1	3	Affine template / Affine template
382	2.15	104.78	25.00	TERMINATING	2	1	3	Affine template / Affine template
383	2.08	405.85	49.00	TERMINATING	1	1	2	Affine template / Affine template
384	2.97	180.62	97.00	TERMINATING	12	14	26	Affine template / Affine template
385	2.29	69.59	14.00	TERMINATING	1	1	2	Affine template / Nested template
386	1.82	64.36	11.00	TERMINATING	7	1	8	Affine template / Affine template
387	2.05	168.91	38.00	TERMINATING	10	8	18	Affine template / Affine template
388	1.89	48.60	6.00	TERMINATING	1	2	3	Affine template / Affine template
389	0.91	36.21	5.00	TERMINATING	2	1	3	Affine template / Affine template
390	1.70	47.82	6.00	TERMINATING	7	2	9	Affine template / Affine template
391	0.96	37.98	9.00	TERMINATING	8	1	9	Affine template / Affine template
392	2.78	104.36	15.00	TERMINATING	1	1	2	Affine template / Affine template
393	2.29	2086.60	30.00	TERMINATING	1	1	2	2 template / Affine template
394	2.09	114.65	15.00	TERMINATING	1	1	2	Affine template / Affine template
395	1.87	99.45	9.00	TERMINATING	6	1	7	Affine template / Affine template
396	1.99	69.89	10.00	TERMINATING	1	1	2	Affine template / Affine template
397	0.65	73.16	13.00	TERMINATING	2	1	3	Affine template / Affine template
398	2.21	447.53	46.00	TERMINATING	5	1	6	Affine template / Affine template
399	1.81	84.09	16.00	TERMINATING	5	1	6	Affine template / Affine template
400	2.08	1554.21	53.00	TERMINATING	5	1	6	2 template / Nested template
401	2.42	2636.14	196.00	TERMINATING	5	1	6	2 template / Nested template
402	2.08	142.57	45.00	TERMINATING	6	1	7	Affine template / Affine template
403	1.98	124.31	17.00	TERMINATING	5	1	6	Affine template / Affine template
404	1.97	51.69	8.00	TERMINATING	5	1	6	Affine template / Affine template
405	2.01	100.07	21.00	TERMINATING	6	1	7	Affine template / Affine template
406	2.98	541.91	56.00	TERMINATING	5	1	6	Affine template / Affine template
407	1.75	62.94	10.00	TERMINATING	5	1	6	Affine template / Affine template
408	1.77	54.71	9.00	TERMINATING	5	1	6	Affine template / Affine template
409	1.89	55.58	9.00	TERMINATING	5	1	6	Affine template / Affine template
410	1.85	60.10	9.00	TERMINATING	5	1	6	Affine template / Affine template
411	1.99	119.52	15.00	TERMINATING	5	1	6	2 template / Nested template
412	2.47	153.05	15.00	TERMINATING	5	1	6	2 template / Nested template
413	2.37	147.53	15.00	TERMINATING	5	1	6	2 template / Nested template
414	2.20	85.02	17.00	TERMINATING	5	1	6	Affine template / Nested template
415	3.34	57.17	10.00	TERMINATING	5	1	6	Affine template / Affine template
416	3.56	62.09	11.00	TERMINATING	5	1	6	Affine template / Affine template
417	2.10	63.16	13.00	TERMINATING	5	1	6	Affine template / Nested template
418	2.07	70.99	10.00	TERMINATING	5	1	6	Affine template / Affine template
419	2.08	63.63	15.00	TERMINATING	5	1	6	Affine template / Nested template
420	2.00	59.59	12.00	TERMINATING	5	1	6	Affine template / Affine template
421	2.01	67.39	14.00	TERMINATING	5	1	6	Affine template / Nested template
422	3.36	77.57	11.00	TERMINATING	5	1	6	Affine template / Affine template
423	1.85	78.56	15.00	TERMINATING	5	1	6	Affine template / Nested template
424	2.34	152.71	16.00	TERMINATING	5	1	6	2 template / Nested template
425	2.28	84.17	13.00	TERMINATING	5	1	6	Affine template / Affine template
426	2.17	58.71	12.00	TERMINATING	5	1	6	Affine template / Affine template
427	1.76	89.87	12.00	TERMINATING	6	1	7	Affine template / Affine template
428	1.58	55.82	9.00	TERMINATING	80	192	272	Affine template / Affine template
429	0.29	42.15	7.00	TERMINATING	93	17	110	Affine template / Affine template
430	0.23	40.23	7.00	TERMINATING	285	17	302	Affine template / Affine template
431	1.99	64.69	14.00	TERMINATING	9	28	37	Affine template / Affine template
432	0.26	37.66	8.00	TERMINATING	11	1	12	Affine template / Affine template
433	1.81	63.37	9.00	TERMINATING	5	4	9	Affine template / Affine template
434	0.36	42.84	8.00	TERMINATING	8	1	9	Affine template / Affine template
435	0.36	75.80	27.00	TERMINATING	95	131	226	Affine template / Affine template
436	1.52	170.43	87.00	TERMINATING	329	217	546	Affine template / Affine template
437	0.39	48.40	8.00	TERMINATING	25	37	62	Affine template / Affine template
438	0.50	90.58	38.00	TERMINATING	41	41	82	Affine template / Affine template
439	0.39	95.94	32.00	TERMINATING	67	41	108	Affine template / Affine template
440	0.32	73.58	24.00	TERMINATING	95	86	181	Affine template / Affine template
441	1.92	81.42	16.00	TERMINATING	5	1	6	Affine template / Affine template
442	1.77	52.63	6.00	TERMINATING	16	17	33	Affine template / Affine template
443	2.54	79.67	12.00	TERMINATING	7	2	9	Affine template / Affine template
444	2.05	68.38	11.00	TERMINATING	40	27	67	Affine template / Affine template
445	0.28	43.18	6.00	TERMINATING	24	17	41	Affine template / Affine template
446	1.87	47.12	6.00	TERMINATING	16	9	25	Affine template / Affine template
447	1.74	45.34	7.00	TERMINATING	16	9	25	Affine template / Affine template
448	1.82	50.02	7.00	TERMINATING	16	9	25	Affine template / Affine template
449	1.80	133.53	16.00	TERMINATING	5	1	6	Affine template / Affine template
450	2.04	79.94	23.00	TERMINATING	5	7	12	Affine template / Affine template
451	1.18	78.17	33.00	TERMINATING	10	8	18	Affine template / Affine template
452	0.73	66.15	33.00	TERMINATING	18	7	25	Affine template / Affine template
453	0.62	65.76	31.00	TERMINATING	25	7	32	Affine template / Affine template
454	2.38	129.67	40.00	TERMINATING	5	11	16	Affine template / Affine template
455	1.44	91.28	52.00	TERMINATING	13	13	26	Affine template / Affine template
456	1.63	88.39	47.00	TERMINATING	26	11	37	Affine template / Affine template
457	2.06	110.73	38.00	TERMINATING	5	10	15	Affine template / Affine template
458	1.45	117.31	50.00	TERMINATING	13	12	25	Affine template / Affine template
459	1.14	86.34	41.00	TERMINATING	14	12	26	Affine template / Affine template
460	0.79	130.27	47.00	TERMINATING	25	10	35	Affine template / Affine template
461	1.43	87.54	50.00	TERMINATING	26	12	38	Affine template / Affine template
462	1.83	382.99	87.00	TERMINATING	35	12	47	Affine template / Affine template
463	1.94	112.55	21.00	TERMINATING	5	1	6	Affine template / Affine template
464	1.86	204.99	27.00	TERMINATING	5	1	6	Affine template / Affine template
465	1.95	300.41	35.00	TERMINATING	5	1	6	Affine template / Affine template
466	1.89	84.20	15.00	TERMINATING	5	6	11	Affine template / Affine template
467	2.23	153.11	27.00	TERMINATING	5	6	11	Affine template / Affine template
468	0.57	115.34	36.00	TERMINATING	13	7	20	Affine template / Affine template
469	2.23	162.44	26.00	TERMINATING	5	6	11	Affine template / Affine template
470	0.52	115.07	33.00	TERMINATING	13	7	20	Affine template / Affine template
471	1.92	79.43	17.00	TERMINATING	5	6	11	Affine template / Affine template
472	2.34	158.18	26.00	TERMINATING	5	6	11	Affine template / Affine template
473	0.58	127.52	30.00	TERMINATING	13	7	20	Affine template / Affine template
474	2.13	68.55	13.00	TERMINATING	5	6	11	Affine template / Affine template
475	2.31	124.62	32.00	TERMINATING	5	6	11	Affine template / Affine template
476	0.57	127.75	40.00	TERMINATING	12	7	19	Affine template / Affine template
477	2.08	70.45	13.00	TERMINATING	5	6	11	Affine template / Affine template
478	2.35	117.81	28.00	TERMINATING	5	6	11	Affine template / Affine template
479	0.63	121.56	41.00	TERMINATING	12	7	19	Affine template / Affine template
480	2.03	73.58	12.00	TERMINATING	5	6	11	Affine template / Affine template
481	2.60	128.16	29.00	TERMINATING	5	6	11	Affine template / Affine template
482	0.53	106.89	44.00	TERMINATING	12	7	19	Affine template / Affine template
483	1.84	58.20	10.00	TERMINATING	5	1	6	Affine template / Affine template
484	2.28	92.43	19.00	TERMINATING	6	2	8	Affine template / Affine template
485	0.60	495.70	63.00	TERMINATING	9	4	13	Affine template / Affine template
486	0.57	66.20	19.00	TERMINATING	10	4	14	Affine template / Affine template
487	1.75	20436.07	60.00	TERMINATING	5	1	6	2 template / Affine template
488	2.13	65.73	8.00	TERMINATING	5	1	6	Affine template / Affine template
489	1.60	57.77	8.00	TERMINATING	64	31	95	Affine template / Affine template
490	0.35	68.20	11.00	TERMINATING	175	25	200	Affine template / Affine template
491	0.31	61.41	12.00	TERMINATING	405	25	430	Affine template / Affine template
492	1.67	71.38	11.00	TERMINATING	154	230	384	Affine template / Affine template
493	3.18	88.15	13.00	TERMINATING	187	31	218	Affine template / Affine template
494	1.97	90.12	15.00	TERMINATING	155	31	186	Affine template / Affine template
495	1.88	100.74	19.00	TERMINATING	213	59	272	Affine template / Affine template
496	2.07	53.39	6.00	TERMINATING	5	2	7	Affine template / Affine template
497	0.67	1889.45	315.00	TERMINATING	12	4	16	Affine template / Affine template
498	1.86	716.15	59.00	TERMINATING	9	8	17	Affine template / Affine template
499	0.89	619.92	799.00	TERMINATING	22	8	30	Affine template / Affine template
500	2.29	137.63	34.00	TERMINATING	8	2	10	Affine template / Affine template
501	2.04	1155.82	103.00	TERMINATING	10	2	12	Affine template / Affine template
502	2.26	158.20	39.00	TERMINATING	10	2	12	Affine template / Affine template
503	2.39	361.02	363.00	TERMINATING	10	8	18	Affine template / Affine template
504	1.92	259.06	80.00	TERMINATING	8	4	12	Affine template / Affine template
505	2.37	197.28	457.00	TERMINATING	9	9	18	Affine template / Affine template
506	2.68	1000.11	8348.00	TERMINATING	14	9	23	Affine template / Affine template
507	2.26	222.12	425.00	TERMINATING	9	9	18	Affine template / Affine template
508	1.96	872.94	9372.00	TERMINATING	14	9	23	Affine template / Affine template
509	0.61	95.75	20.00	TERMINATING	6	16	22	Affine template / Affine template
510	0.66	434.14	83.00	TERMINATING	26	3	29	Affine template / Affine template
511	1.98	120.98	24.00	TERMINATING	311	47	358	Affine template / Affine template
512	1.97	107.06	26.00	TERMINATING	279	43	322	Affine template / Affine template
513	1.91	85.96	18.00	TERMINATING	199	31	230	Affine template / Affine template
514	1.84	110.54	41.00	TERMINATING	7	7	14	Affine template / Affine template
515	1.06	525.55	126.00	TERMINATING	8	3	11	Affine template / Affine template
516	0.86	2985.84	273.00	TERMINATING	15	3	18	Affine template / Affine template
517	2.12	7333.97	308.00	TERMINATING	1	6	7	Affine template / Affine template
518	2.09	52.06	7.00	TERMINATING	16	11	27	Affine template / Affine template
519	0.43	76.09	22.00	TERMINATING	23	15	38	Affine template / Affine template
520	2.06	95.74	34.00	TERMINATING	76	85	161	Affine template / Affine template
521	0.91	373.86	143.00	TERMINATING	88	89	177	Affine template / Affine template
522	2.63	131.80	41.00	TERMINATING	20	1	21	Affine template / Affine template
523	1.83	70.98	11.00	TERMINATING	5	3	8	Affine template / Affine template
524	0.52	84.83	15.00	TERMINATING	8	1	9	Affine template / Affine template
525	0.33	37.28	12.00	TERMINATING	9	4	13	Affine template / Affine template
526	0.35	79.57	15.00	TERMINATING	11	1	12	Affine template / Affine template
527	2.50	57.22	8.00	TERMINATING	5	1	6	Affine template / Affine template
528	2.03	48.99	8.00	TERMINATING	5	1	6	Affine template / Affine template
529	2.40	79.97	12.00	TERMINATING	137	35	172	Affine template / Affine template
530	1.70	47.44	5.00	TERMINATING	40	13	53	Affine template / Affine template
531	1.64	51.64	5.00	TERMINATING	28	13	41	Affine template / Affine template
532	1.72	45.37	7.00	TERMINATING	24	13	37	Affine template / Affine template
533	2.64	93.68	33.00	TERMINATING	5	8	13	Affine template / Affine template
534	1.64	87.77	10.00	TERMINATING	281	18	299	Affine template / Affine template
535	0.50	74.84	14.00	TERMINATING	298	53	351	Affine template / Affine template
536	0.45	69.16	11.00	TERMINATING	315	25	340	Affine template / Affine template
537	2.07	228.14	25.00	TERMINATING	5	1	6	Affine template / Affine template
538	2.00	65.02	9.00	TERMINATING	5	1	6	Affine template / Affine template
539	2.43	112.71	49.00	TERMINATING	10	8	18	Affine template / Affine template
540	2.12	62.54	10.00	TERMINATING	7	1	8	Affine template / Affine template
541	1.71	85.19	9.00	TERMINATING	184	21	205	Affine template / Affine template
542	2.02	58.24	11.00	TERMINATING	40	38	78	Affine template / Affine template
543	0.37	50.52	11.00	TERMINATING	53	30	83	Affine template / Affine template
544	2.00	57.31	12.00	TERMINATING	40	38	78	Affine template / Affine template
545	0.38	62.24	11.00	TERMINATING	53	30	83	Affine template / Affine template
546	1.94	65.59	12.00	TERMINATING	40	38	78	Affine template / Affine template
547	0.40	53.72	11.00	TERMINATING	53	30	83	Affine template / Affine template
548	2.99	611.06	171.00	TERMINATING	45	3	48	Affine template / Affine template
549	1.83	800.81	372.00	TERMINATING	66	14	80	Affine template / Affine template
550	1.97	77.20	14.00	TERMINATING	129	28	157	Affine template / Affine template
551	2.41	488.12	59.00	TERMINATING	6	2	8	Affine template / Affine template
552	1.68	51.19	6.00	TERMINATING	23	13	36	Affine template / Affine template
553	0.35	80.10	23.00	TERMINATING	62	14	76	Affine template / Affine template
554	0.29	40.10	7.00	TERMINATING	86	36	122	Affine template / Affine template
555	0.35	72.20	21.00	TERMINATING	98	23	121	Affine template / Affine template
556	0.26	40.19	6.00	TERMINATING	108	36	144	Affine template / Affine template
557	0.32	70.12	28.00	TERMINATING	93	45	138	Affine template / Affine template
558	2.09	84.32	24.00	TERMINATING	183	17	200	Affine template / Affine template
559	0.66	95.59	42.00	TERMINATING	220	36	256	Affine template / Affine template
560	0.56	84.25	42.00	TERMINATING	229	36	265	Affine template / Affine template
561	0.64	71.91	28.00	TERMINATING	221	9	230	Affine template / Affine template
562	0.61	112.85	35.00	TERMINATING	221	9	230	Affine template / Affine template
563	0.71	74.82	33.00	TERMINATING	221	9	230	Affine template / Affine template
564	0.49	73.72	32.00	TERMINATING	221	9	230	Affine template / Affine template
565	0.61	75.62	35.00	TERMINATING	221	9	230	Affine template / Affine template
566	0.66	70.29	27.00	TERMINATING	221	9	230	Affine template / Affine template
567	0.59	72.56	28.00	TERMINATING	221	9	230	Affine template / Affine template
568	0.51	94.43	29.00	TERMINATING	221	9	230	Affine template / Affine template
569	0.84	76.80	27.00	TERMINATING	192	9	201	Affine template / Affine template
570	0.67	78.34	31.00	TERMINATING	221	9	230	Affine template / Affine template
571	0.70	75.67	30.00	TERMINATING	221	9	230	Affine template / Affine template
572	0.73	74.57	31.00	TERMINATING	221	9	230	Affine template / Affine template
573	0.66	72.38	34.00	TERMINATING	221	9	230	Affine template / Affine template
574	0.63	71.03	30.00	TERMINATING	221	9	230	Affine template / Affine template
575	0.65	78.77	34.00	TERMINATING	221	9	230	Affine template / Affine template
576	0.63	67.20	34.00	TERMINATING	221	9	230	Affine template / Affine template
577	0.67	68.61	34.00	TERMINATING	221	9	230	Affine template / Affine template
578	0.60	68.44	32.00	TERMINATING	221	9	230	Affine template / Affine template
579	0.68	67.12	34.00	TERMINATING	221	9	230	Affine template / Affine template
580	0.59	70.07	32.00	TERMINATING	221	9	230	Affine template / Affine template
581	0.60	68.22	37.00	TERMINATING	221	9	230	Affine template / Affine template
582	0.56	72.11	32.00	TERMINATING	221	9	230	Affine template / Affine template
583	0.59	66.56	34.00	TERMINATING	221	9	230	Affine template / Affine template
584	0.55	79.53	30.00	TERMINATING	221	9	230	Affine template / Affine template
585	0.61	80.84	31.00	TERMINATING	221	9	230	Affine template / Affine template
586	0.65	73.38	30.00	TERMINATING	221	9	230	Affine template / Affine template
587	0.53	106.06	30.00	TERMINATING	221	9	230	Affine template / Affine template
588	0.66	73.37	31.00	TERMINATING	221	9	230	Affine template / Affine template
589	0.61	99.40	29.00	TERMINATING	221	9	230	Affine template / Affine template
590	0.76	89.10	36.00	TERMINATING	206	21	227	Affine template / Affine template
591	0.61	70.23	32.00	TERMINATING	221	9	230	Affine template / Affine template
592	0.49	73.22	30.00	TERMINATING	221	9	230	Affine template / Affine template
593	0.61	72.46	28.00	TERMINATING	221	9	230	Affine template / Affine template
594	0.61	67.66	27.00	TERMINATING	221	9	230	Affine template / Affine template
595	0.64	102.58	28.00	TERMINATING	221	9	230	Affine template / Affine template
596	0.65	64.62	30.00	TERMINATING	221	9	230	Affine template / Affine template
597	0.60	68.02	32.00	TERMINATING	221	9	230	Affine template / Affine template
598	0.58	97.63	29.00	TERMINATING	221	9	230	Affine template / Affine template
599	0.62	65.85	30.00	TERMINATING	221	9	230	Affine template / Affine template
600	0.61	100.52	30.00	TERMINATING	221	9	230	Affine template / Affine template
601	0.87	97.56	20.00	TERMINATING	215	17	232	Affine template / Affine template
602	0.70	72.93	33.00	TERMINATING	221	9	230	Affine template / Affine template
603	0.66	84.82	31.00	TERMINATING	221	9	230	Affine template / Affine template
604	0.54	68.73	31.00	TERMINATING	221	9	230	Affine template / Affine template
605	0.63	67.51	31.00	TERMINATING	221	9	230	Affine template / Affine template
606	0.94	92.08	39.00	TERMINATING	223	27	250	Affine template / Affine template
607	1.11	72.34	34.00	TERMINATING	229	9	238	Affine template / Affine template
608	0.66	106.75	30.00	TERMINATING	192	26	218	Affine template / Affine template
609	0.68	81.19	35.00	TERMINATING	229	26	255	Affine template / Affine template
610	1.71	52.57	7.00	TERMINATING	29	12	41	Affine template / Affine template
611	0.49	85.74	28.00	TERMINATING	41	53	94	Affine template / Affine template
612	2.11	131.08	12.00	TERMINATING	5	1	6	2 template / Nested template
613	1.50	54.60	9.00	TERMINATING	14	7	21	Affine template / Affine template
614	1.56	62.10	10.00	TERMINATING	14	7	21	Affine template / Affine template
615	1.75	120.58	11.00	TERMINATING	14	3	17	2 template / Nested template
616	1.80	125.08	10.00	TERMINATING	14	3	17	2 template / Nested template
617	1.88	69.51	13.00	TERMINATING	18	7	25	Affine template / Affine template
618	1.74	68.18	13.00	TERMINATING	18	7	25	Affine template / Affine template
619	2.02	114.36	13.00	TERMINATING	8	1	9	Affine template / Affine template
620	1.96	103.25	13.00	TERMINATING	8	1	9	Affine template / Affine template
621	1.87	86.59	11.00	TERMINATING	7	8	15	Affine template / Affine template
622	2.11	86.97	11.00	TERMINATING	7	8	15	Affine template / Affine template
623	1.89	57.91	8.00	TERMINATING	5	2	7	Affine template / Affine template
624	2.69	58.98	7.00	TERMINATING	68	27	95	Affine template / Affine template
625	0.33	44.31	6.00	TERMINATING	45	30	75	Affine template / Affine template
626	1.66	47.24	5.00	TERMINATING	20	13	33	Affine template / Affine template
627	1.58	53.00	6.00	TERMINATING	20	13	33	Affine template / Affine template
628	1.69	50.57	5.00	TERMINATING	40	13	53	Affine template / Affine template
629	0.49	47.53	8.00	TERMINATING	62	21	83	Affine template / Affine template
630	1.95	63.98	10.00	TERMINATING	28	17	45	Affine template / Affine template
631	2.38	144.22	40.00	TERMINATING	10	7	17	Affine template / Affine template
632	2.17	49.12	6.00	TERMINATING	7	1	8	Affine template / Affine template
633	1.93	72.09	9.00	TERMINATING	46	13	59	Affine template / Affine template
634	1.70	50.16	5.00	TERMINATING	32	13	45	Affine template / Affine template
635	1.74	76.99	7.00	TERMINATING	155	13	168	Affine template / Affine template
636	1.84	51.09	7.00	TERMINATING	33	13	46	Affine template / Affine template
637	1.63	59.10	6.00	TERMINATING	32	29	61	Affine template / Affine template
638	1.63	72.63	7.00	TERMINATING	179	13	192	Affine template / Affine template
639	3.07	397.61	86.00	TERMINATING	12	14	26	Affine template / Affine template
640	1.92	50.40	7.00	TERMINATING	6	3	9	Affine template / Affine template
641	3.02	60.57	8.00	TERMINATING	52	13	65	Affine template / Affine template
642	0.35	41.02	9.00	TERMINATING	65	13	78	Affine template / Affine template
643	1.74	50.92	8.00	TERMINATING	37	13	50	Affine template / Affine template
644	1.70	78.91	9.00	TERMINATING	244	13	257	Affine template / Affine template
645	0.25	67.15	9.00	TERMINATING	341	17	358	Affine template / Affine template
646	0.27	69.01	10.00	TERMINATING	354	17	371	Affine template / Affine template
647	0.24	76.28	9.00	TERMINATING	333	13	346	Affine template / Affine template
648	0.27	76.71	8.00	TERMINATING	346	13	359	Affine template / Affine template
649	0.28	68.39	10.00	TERMINATING	359	17	376	Affine template / Affine template
650	0.25	70.42	10.00	TERMINATING	376	17	393	Affine template / Affine template
651	0.23	67.06	10.00	TERMINATING	338	13	351	Affine template / Affine template
652	0.33	63.86	9.00	TERMINATING	257	13	270	Affine template / Affine template
653	0.26	64.19	9.00	TERMINATING	297	13	310	Affine template / Affine template
654	0.44	69.54	9.00	TERMINATING	302	13	315	Affine template / Affine template
655	0.28	71.43	9.00	TERMINATING	323	13	336	Affine template / Affine template
656	0.41	141.00	35.00	TERMINATING	309	13	322	Affine template / Affine template
657	0.28	65.45	10.00	TERMINATING	328	17	345	Affine template / Affine template
658	1.92	49.27	6.00	TERMINATING	6	3	9	Affine template / Affine template
659	0.24	36.59	7.00	TERMINATING	8	3	11	Affine template / Affine template
660	7.73	289.09	7.00	TERMINATING	29	13	42	Affine template / Affine template
661	1.92	52.55	6.00	TERMINATING	6	3	9	Affine template / Affine template
662	0.27	34.41	7.00	TERMINATING	8	3	11	Affine template / Affine template
663	1.58	51.04	7.00	TERMINATING	40	26	66	Affine template / Affine template
664	0.31	45.63	6.00	TERMINATING	58	30	88	Affine template / Affine template
665	2.56	54.82	6.00	TERMINATING	36	17	53	Affine template / Affine template
666	1.85	55.49	7.00	TERMINATING	36	17	53	Affine template / Affine template
667	1.79	57.88	6.00	TERMINATING	40	17	57	Affine template / Affine template
668	1.68	43.73	8.00	TERMINATING	22	10	32	Affine template / Affine template
669	0.50	81.36	22.00	TERMINATING	25	14	39	Affine template / Affine template
670	1.76	35.53	6.00	TERMINATING	0	3	3	Affine template / Affine template
671	0.52	45.97	8.00	TERMINATING	7	9	16	Affine template / Affine template
672	0.27	37.07	6.00	TERMINATING	30	9	39	Affine template / Affine template
673	1.65	26.44	5.00	TERMINATING	0	3	3	Affine template / Affine template
674	1.92	73.67	13.00	TERMINATING	92	85	177	Affine template / Affine template
675	2.60	358.66	149.00	TERMINATING	9	21	30	Affine template / Affine template
676	1.96	83.35	10.00	TERMINATING	100	17	117	Affine template / Affine template
677	1.84	70.10	9.00	TERMINATING	48	13	61	Affine template / Affine template
678	1.74	53.54	9.00	TERMINATING	6	4	10	Affine template / Affine template
679	1.76	50.21	7.00	TERMINATING	7	4	11	Affine template / Affine template
680	1.88	60.52	6.00	TERMINATING	7	4	11	Affine template / Affine template
681	1.85	43.27	5.00	TERMINATING	0	4	4	Affine template / Affine template
682	1.89	69.26	20.00	TERMINATING	53	53	106	Affine template / Affine template
683	0.35	62.20	18.00	TERMINATING	88	68	156	Affine template / Affine template
684	1.80	68.57	10.00	TERMINATING	48	38	86	Affine template / Affine template
685	0.34	41.25	11.00	TERMINATING	65	17	82	Affine template / Affine template
686	3.35	26491.69	235.00	TERMINATING	11	8	19	2 template / Affine template
687	2.17	3121.90	30.00	TERMINATING	1	1	2	2 template / Affine template
688	1.75	4461.43	34.00	TERMINATING	7	1	8	2 template / Affine template
689	1.89	51.51	7.00	TERMINATING	5	1	6	Affine template / Affine template
690	1.82	74.15	6.00	TERMINATING	5	1	6	Affine template / Affine template
691	1.79	64.19	12.00	TERMINATING	116	17	133	Affine template / Affine template
692	0.51	61.28	17.00	TERMINATING	125	55	180	Affine template / Affine template
693	1.98	64.38	10.00	TERMINATING	116	17	133	Affine template / Affine template
694	0.70	64.79	16.00	TERMINATING	125	55	180	Affine template / Affine template
695	1.89	75.61	11.00	TERMINATING	116	17	133	Affine template / Affine template
696	0.48	64.36	18.00	TERMINATING	125	55	180	Affine template / Affine template
697	1.83	53.75	5.00	TERMINATING	24	10	34	Affine template / Affine template
698	1.77	97.80	29.00	TERMINATING	115	184	299	Affine template / Affine template
699	0.50	74.68	28.00	TERMINATING	118	184	302	Affine template / Affine template
700	1.84	91.57	29.00	TERMINATING	107	184	291	Affine template / Affine template
701	0.74	134.85	48.00	TERMINATING	139	197	336	Affine template / Affine template
702	0.57	69.34	31.00	TERMINATING	184	193	377	Affine template / Affine template
703	1.93	109.85	29.00	TERMINATING	107	184	291	Affine template / Affine template
704	0.78	89.91	46.00	TERMINATING	130	187	317	Affine template / Affine template
705	0.75	89.64	39.00	TERMINATING	135	193	328	Affine template / Affine template
706	0.76	115.94	37.00	TERMINATING	230	204	434	Affine template / Affine template
707	0.80	96.63	38.00	TERMINATING	278	190	468	Affine template / Affine template
708	0.43	73.27	26.00	TERMINATING	110	184	294	Affine template / Affine template
709	0.66	121.41	42.00	TERMINATING	137	184	321	Affine template / Affine template
710	0.78	110.61	42.00	TERMINATING	170	187	357	Affine template / Affine template
711	0.76	99.35	47.00	TERMINATING	139	197	336	Affine template / Affine template
712	0.75	81.64	44.00	TERMINATING	170	187	357	Affine template / Affine template
713	1.83	94.71	25.00	TERMINATING	107	184	291	Affine template / Affine template
714	0.51	77.95	25.00	TERMINATING	110	184	294	Affine template / Affine template
715	0.42	71.25	25.00	TERMINATING	114	184	298	Affine template / Affine template
716	0.66	74.86	31.00	TERMINATING	144	193	337	Affine template / Affine template
717	0.77	98.49	45.00	TERMINATING	134	187	321	Affine template / Affine template
718	0.92	106.66	39.00	TERMINATING	135	193	328	Affine template / Affine template
719	1.74	61.36	11.00	TERMINATING	28	9	37	Affine template / Affine template
720	0.58	86.26	18.00	TERMINATING	35	13	48	Affine template / Affine template
721	1.86	58.00	8.00	TERMINATING	32	22	54	Affine template / Affine template
722	0.47	104.62	28.00	TERMINATING	48	22	70	Affine template / Affine template
723	0.44	50.01	13.00	TERMINATING	131	32	163	Affine template / Affine template
724	0.40	44.08	13.00	TERMINATING	135	36	171	Affine template / Affine template
725	1.94	70.88	11.00	TERMINATING	48	32	80	Affine template / Affine template
726	0.44	49.23	18.00	TERMINATING	75	32	107	Affine template / Affine template
727	0.38	49.93	19.00	TERMINATING	79	36	115	Affine template / Affine template
728	2.06	84.26	17.00	TERMINATING	149	18	167	Affine template / Affine template
729	1.68	64.06	7.00	TERMINATING	8	5	13	Affine template / Affine template
730	1.04	47.98	12.00	TERMINATING	9	5	14	Affine template / Affine template
731	0.38	46.22	11.00	TERMINATING	14	5	19	Affine template / Affine template
732	1.73	67.96	7.00	TERMINATING	8	5	13	Affine template / Affine template
733	0.54	46.39	10.00	TERMINATING	9	5	14	Affine template / Affine template
734	0.44	46.71	11.00	TERMINATING	14	5	19	Affine template / Affine template
735	2.65	152.53	51.00	TERMINATING	13	11	24	Affine template / Affine template
736	1.12	91.67	52.00	TERMINATING	15	11	26	Affine template / Affine template
737	1.60	106.78	41.00	TERMINATING	17	6	23	Affine template / Affine template
738	1.75	68.28	10.00	TERMINATING	5	2	7	Affine template / Affine template
739	0.62	46.83	11.00	TERMINATING	6	1	7	Affine template / Affine template
740	0.30	36.49	13.00	TERMINATING	8	1	9	Affine template / Affine template
741	1.70	58.69	11.00	TERMINATING	5	4	9	Affine template / Affine template
742	0.49	43.30	8.00	TERMINATING	7	1	8	Affine template / Affine template
743	0.49	38.54	10.00	TERMINATING	11	1	12	Affine template / Affine template
744	1.84	74.82	11.00	TERMINATING	5	2	7	Affine template / Affine template
745	0.41	51.66	10.00	TERMINATING	7	1	8	Affine template / Affine template
746	0.48	41.79	11.00	TERMINATING	8	3	11	Affine template / Affine template
747	0.28	37.74	10.00	TERMINATING	9	1	10	Affine template / Affine template
748	2.32	103.61	32.00	TERMINATING	7	7	14	Affine template / Affine template
749	2.01	64.32	10.00	TERMINATING	5	1	6	Affine template / Affine template
750	1.72	63.82	9.00	TERMINATING	5	3	8	Affine template / Affine template
751	1.86	281.10	21.00	TERMINATING	1	4	5	Affine template / Affine template
752	1.78	66.87	9.00	TERMINATING	5	3	8	Affine template / Affine template
753	2.24	60.80	8.00	TERMINATING	6	3	9	Affine template / Affine template
754	1.86	240.96	18.00	TERMINATING	5	2	7	Affine template / Affine template
755	1.83	1027.59	13.00	TERMINATING	5	1	6	2 template / Affine template
756	1.78	72.42	8.00	TERMINATING	64	13	77	Affine template / Affine template
757	2.11	213.09	20.00	TERMINATING	5	1	6	Affine template / Affine template
758	1.95	64.75	10.00	TERMINATING	5	1	6	Affine template / Affine template
759	0.50	51.73	12.00	TERMINATING	6	1	7	Affine template / Affine template
760	2.21	62.17	12.00	TERMINATING	5	1	6	Affine template / Affine template
761	2.03	287.27	92.00	TERMINATING	20	8	28	Affine template / Affine template
762	2.75	167.16	59.00	TERMINATING	18	8	26	Affine template / Affine template
763	3.10	154.93	110.00	TERMINATING	18	8	26	Affine template / Nested template
764	2.43	115.22	32.00	TERMINATING	17	5	22	Affine template / Affine template
765	3.09	81.52	17.00	TERMINATING	6	8	14	Affine template / Affine template
766	1.87	47.31	5.00	TERMINATING	5	5	10	Affine template / Affine template
767	1.94	97.44	30.00	TERMINATING	7	2	9	Affine template / Affine template
768	1.57	55.86	6.00	TERMINATING	20	18	38	Affine template / Affine template
769	0.49	40.49	5.00	TERMINATING	29	9	38	Affine template / Affine template
770	0.28	38.59	5.00	TERMINATING	47	9	56	Affine template / Affine template
771	1.75	48.11	5.00	TERMINATING	20	9	29	Affine template / Affine template
772	1.87	54.18	6.00	TERMINATING	29	13	42	Affine template / Affine template
773	1.82	56.36	5.00	TERMINATING	29	13	42	Affine template / Affine template
774	1.88	49.00	5.00	TERMINATING	24	17	41	Affine template / Affine template
775	1.76	61.62	6.00	TERMINATING	24	18	42	Affine template / Affine template
776	1.80	59.60	6.00	TERMINATING	32	18	50	Affine template / Affine template
777	2.98	46.07	5.00	TERMINATING	20	13	33	Affine template / Affine template
778	1.97	48.96	11.00	TERMINATING	5	1	6	Affine template / Affine template
779	1.84	62.41	8.00	TERMINATING	5	1	6	Affine template / Affine template
780	2.01	68.58	11.00	TERMINATING	5	1	6	Affine template / Affine template
781	2.26	293.15	45.00	TERMINATING	6	4	10	Affine template / Affine template
782	2.17	61.60	10.00	TERMINATING	6	1	7	Affine template / Affine template
783	0.48	47.47	13.00	TERMINATING	7	1	8	Affine template / Affine template
784	1.90	187.06	21.00	TERMINATING	1	5	6	Affine template / Affine template
785	2.24	63.49	12.00	TERMINATING	2	4	6	Affine template / Affine template
786	0.50	60.60	15.00	TERMINATING	113	21	134	Affine template / Affine template
787	1.74	108.86	13.00	TERMINATING	224	22	246	Affine template / Affine template
788	0.53	95.09	20.00	TERMINATING	233	57	290	Affine template / Affine template
789	1.73	101.01	13.00	TERMINATING	228	22	250	Affine template / Affine template
790	0.44	85.01	16.00	TERMINATING	237	57	294	Affine template / Affine template
791	1.61	96.69	14.00	TERMINATING	228	22	250	Affine template / Affine template
792	0.47	73.43	18.00	TERMINATING	237	57	294	Affine template / Affine template
793	0.39	69.15	15.00	TERMINATING	241	17	258	Affine template / Affine template
794	2.03	83.13	16.00	TERMINATING	117	18	135	Affine template / Affine template
795	1.73	83.96	8.00	TERMINATING	6	3	9	Affine template / Affine template
796	2.00	49.40	7.00	TERMINATING	21	9	30	Affine template / Affine template
797	1.81	45.08	4.00	TERMINATING	5	1	6	Affine template / Affine template
798	2.21	153.84	27.00	TERMINATING	2	4	6	Affine template / Affine template
799	1.70	52.09	9.00	TERMINATING	1	5	6	Affine template / Affine template
800	1.64	84.86	19.00	TERMINATING	7	7	14	Affine template / Affine template
801	0.62	8467.26	306.00	TERMINATING	16	6	22	Affine template / Affine template
802	2.94	67.56	14.00	TERMINATING	1	7	8	Affine template / Affine template
803	0.53	318.09	56.00	TERMINATING	5	6	11	Affine template / Affine template
804	0.55	548.50	95.00	TERMINATING	12	6	18	Affine template / Affine template
805	1.82	62.98	12.00	TERMINATING	1	7	8	Affine template / Affine template
806	0.58	867.70	108.00	TERMINATING	10	6	16	Affine template / Affine template
807	1.98	57.46	7.00	TERMINATING	24	25	49	Affine template / Affine template
808	1.98	131.82	29.00	TERMINATING	7	5	12	Affine template / Affine template
809	1.84	55.38	8.00	TERMINATING	21	10	31	Affine template / Affine template
810	2.18	70.70	10.00	TERMINATING	120	22	142	Affine template / Affine template
811	0.37	55.75	11.00	TERMINATING	133	13	146	Affine template / Affine template
812	1.98	78.88	11.00	TERMINATING	120	22	142	Affine template / Affine template
813	0.38	55.15	11.00	TERMINATING	133	13	146	Affine template / Affine template
814	2.88	79.09	12.00	TERMINATING	120	22	142	Affine template / Affine template
815	0.32	50.54	10.00	TERMINATING	133	13	146	Affine template / Affine template
816	1.76	55.46	8.00	TERMINATING	36	22	58	Affine template / Affine template
817	0.38	77.31	26.00	TERMINATING	97	23	120	Affine template / Affine template
818	0.31	37.37	8.00	TERMINATING	112	23	135	Affine template / Affine template
819	0.27	39.04	8.00	TERMINATING	112	23	135	Affine template / Affine template
820	0.29	43.42	10.00	TERMINATING	112	23	135	Affine template / Affine template
821	1.69	27.10	8.00	TERMINATING	0	4	4	Affine template / Affine template
822	0.44	52.17	10.00	TERMINATING	4	8	12	Affine template / Affine template
823	0.33	43.26	11.00	TERMINATING	6	4	10	Affine template / Affine template
824	2.62	172.71	53.00	TERMINATING	12	9	21	Affine template / Affine template
825	2.70	73.49	11.00	TERMINATING	2	1	3	Affine template / Affine template
826	2.11	64.96	11.00	TERMINATING	8	1	9	Affine template / Affine template
827	2.54	99.83	20.00	TERMINATING	4	1	5	Affine template / Affine template
828	1.53	37.76	14.00	TERMINATING	0	6	6	Affine template / Affine template
829	1.71	31.34	7.00	TERMINATING	0	3	3	Affine template / Affine template
830	0.55	47.60	11.00	TERMINATING	2	4	6	Affine template / Affine template
831	0.44	36.90	12.00	TERMINATING	6	7	13	Affine template / Affine template
832	0.34	41.16	12.00	TERMINATING	12	7	19	Affine template / Affine template
833	2.55	90.42	28.00	TERMINATING	7	6	13	Affine template / Affine template
834	1.95	55.39	5.00	TERMINATING	1	1	2	Affine template / Affine template
835	1.86	50.78	7.00	TERMINATING	5	1	6	Affine template / Affine template
836	1.60	76.80	18.00	TERMINATING	7	7	14	Affine template / Affine template
837	0.51	53.51	18.00	TERMINATING	8	5	13	Affine template / Affine template
838	1.61	58.82	13.00	TERMINATING	1	7	8	Affine template / Affine template
839	0.57	45.63	12.00	TERMINATING	2	5	7	Affine template / Affine template
840	2.26	108.66	22.00	TERMINATING	7	6	13	Affine template / Affine template
841	1.68	42.75	5.00	TERMINATING	1	1	2	Affine template / Affine template
842	1.92	83.80	12.00	TERMINATING	5	1	6	Affine template / Affine template
843	1.96	6175.22	257.00	TERMINATING	1	6	7	Affine template / Affine template
844	2.14	66.38	9.00	TERMINATING	1	1	2	Affine template / Affine template
845	2.14	132.55	19.00	TERMINATING	1	1	2	Affine template / Affine template
846	1.61	48.72	8.00	TERMINATING	5	3	8	Affine template / Affine template
847	0.26	37.04	7.00	TERMINATING	11	12	23	Affine template / Affine template
848	2.11	48.03	5.00	TERMINATING	5	3	8	Affine template / Affine template
849	1.80	52.58	5.00	TERMINATING	5	4	9	Affine template / Affine template
850	2.23	59.83	9.00	TERMINATING	1	1	2	Affine template / Affine template
851	1.79	27.42	7.00	TERMINATING	0	3	3	Affine template / Affine template
852	1.63	26.25	5.00	TERMINATING	0	3	3	Affine template / Affine template
853	0.29	42.62	6.00	TERMINATING	8	3	11	Affine template / Affine template
854	1.74	28.84	5.00	TERMINATING	0	4	4	Affine template / Affine template
855	1.72	39.58	10.00	TERMINATING	0	4	4	Affine template / Affine template
856	1.64	26.78	7.00	TERMINATING	0	3	3	Affine template / Affine template
857	2.41	98.46	29.00	TERMINATING	9	6	15	Affine template / Affine template
858	1.98	56.56	8.00	TERMINATING	1	1	2	Affine template / Affine template
859	2.02	53.07	9.00	TERMINATING	7	1	8	Affine template / Affine template
860	2.11	57.39	7.00	TERMINATING	5	1	6	Affine template / Affine template
861	1.94	50.67	8.00	TERMINATING	5	5	10	Affine template / Affine template
862	1.66	40.81	6.00	TERMINATING	1	11	12	Affine template / Affine template
863	0.36	34.02	5.00	TERMINATING	2	1	3	Affine template / Affine template
864	0.43	31.74	5.00	TERMINATING	13	1	14	Affine template / Affine template
865	2.13	92.18	14.00	TERMINATING	1	2	3	Affine template / Affine template
866	0.51	58.81	20.00	TERMINATING	5	5	10	Affine template / Affine template
867	1.52	48.33	8.00	TERMINATING	5	11	16	Affine template / Affine template
868	0.52	37.83	6.00	TERMINATING	6	1	7	Affine template / Affine template
869	0.46	33.73	7.00	TERMINATING	17	1	18	Affine template / Affine template
870	1.97	49.10	12.00	TERMINATING	1	1	2	Affine template / Affine template
871	2.12	39.13	13.00	TERMINATING	0	8	8	Affine template / Affine template
872	2.75	123.18	33.00	TERMINATING	7	6	13	Affine template / Affine template
873	1.91	48.90	5.00	TERMINATING	1	1	2	Affine template / Affine template
874	2.97	54.23	9.00	TERMINATING	5	1	6	Affine template / Affine template
875	1.71	27.75	7.00	TERMINATING	0	4	4	Affine template / Affine template
876	0.62	44.70	7.00	TERMINATING	3	3	6	Affine template / Affine template
877	0.47	38.45	9.00	TERMINATING	4	4	8	Affine template / Affine template
878	0.33	36.81	10.00	TERMINATING	30	3	33	Affine template / Affine template
879	2.81	58.33	6.00	TERMINATING	92	17	109	Affine template / Affine template
880	0.49	45.28	7.00	TERMINATING	6	4	10	Affine template / Affine template
881	2.29	84.44	11.00	TERMINATING	1	2	3	Affine template / Affine template
882	0.85	94.95	13.00	TERMINATING	2	4	6	Affine template / Affine template
883	0.64	54.61	17.00	TERMINATING	8	4	12	Affine template / Affine template
884	2.39	115.80	31.00	TERMINATING	7	8	15	Affine template / Affine template
885	1.89	102.56	14.00	TERMINATING	5	1	6	Affine template / Affine template
886	2.63	406.00	73.00	TERMINATING	15	10	25	2 template / Nested template
887	1.38	84.17	60.00	TERMINATING	22	7	29	Affine template / Affine template
888	1.56	280.64	79.00	TERMINATING	29	10	39	2 template / Nested template
889	2.26	162.14	13.00	TERMINATING	6	2	8	2 template / Nested template
890	0.39	40.90	12.00	TERMINATING	8	1	9	Affine template / Affine template
891	0.39	100.20	17.00	TERMINATING	9	2	11	2 template / Nested template
892	0.39	42.77	12.00	TERMINATING	10	3	13	Affine template / Affine template
893	0.33	35.22	11.00	TERMINATING	11	1	12	Affine template / Affine template
894	2.06	106.11	12.00	TERMINATING	9	3	12	Affine template / Affine template
895	1.98	97.26	13.00	TERMINATING	7	5	12	Affine template / Affine template
896	1.93	62.41	9.00	TERMINATING	7	4	11	Affine template / Affine template
897	0.35	36.40	8.00	TERMINATING	11	8	19	Affine template / Affine template
898	0.31	40.54	11.00	TERMINATING	13	4	17	Affine template / Affine template
899	1.71	65.21	9.00	TERMINATING	7	3	10	Affine template / Affine template
900	0.77	50.17	16.00	TERMINATING	9	4	13	Affine template / Affine template
901	0.34	48.17	16.00	TERMINATING	13	3	16	Affine template / Affine template
902	0.28	45.39	18.00	TERMINATING	16	3	19	Affine template / Affine template
903	0.78	36.20	10.00	TERMINATING	14	4	18	Affine template / Affine template
904	0.31	41.13	9.00	TERMINATING	17	4	21	Affine template / Affine template
905	2.04	107.27	12.00	TERMINATING	7	3	10	Affine template / Affine template
906	0.46	74.57	13.00	TERMINATING	10	3	13	Affine template / Affine template
907	1.92	105.43	16.00	TERMINATING	5	1	6	Affine template / Affine template
908	2.24	57.78	9.00	TERMINATING	5	1	6	Affine template / Affine template
909	3.76	151.54	20.00	TERMINATING	5	1	6	Affine template / Affine template
910	2.06	120.56	15.00	TERMINATING	5	1	6	Affine template / Affine template
911	1.96	132.11	14.00	TERMINATING	5	1	6	2 template / Nested template
912	1.91	45.80	6.00	TERMINATING	5	1	6	Affine template / Affine template
913	1.84	57.15	7.00	TERMINATING	8	3	11	Affine template / Affine template
914	1.83	62.78	8.00	TERMINATING	8	3	11	Affine template / Affine template
915	2.13	73.58	11.00	TERMINATING	5	3	8	Affine template / Affine template
916	0.59	82.26	35.00	TERMINATING	30	5	35	Affine template / Affine template
917	0.43	82.21	32.00	TERMINATING	33	5	38	Affine template / Affine template
918	0.55	79.58	39.00	TERMINATING	36	5	41	Affine template / Affine template
919	0.49	82.55	35.00	TERMINATING	39	5	44	Affine template / Affine template
920	0.61	89.35	37.00	TERMINATING	42	5	47	Affine template / Affine template
921	0.60	75.60	40.00	TERMINATING	45	5	50	Affine template / Affine template
922	0.58	91.04	47.00	TERMINATING	48	5	53	Affine template / Affine template
923	0.63	79.83	46.00	TERMINATING	51	5	56	Affine template / Affine template
924	0.62	84.54	49.00	TERMINATING	54	5	59	Affine template / Affine template
925	0.62	86.51	49.00	TERMINATING	57	5	62	Affine template / Affine template
926	0.61	57.56	17.00	TERMINATING	6	5	11	Affine template / Affine template
927	0.70	98.52	55.00	TERMINATING	60	5	65	Affine template / Affine template
928	0.68	101.37	54.00	TERMINATING	63	5	68	Affine template / Affine template
929	0.67	92.25	56.00	TERMINATING	66	5	71	Affine template / Affine template
930	0.51	114.82	59.00	TERMINATING	69	5	74	Affine template / Affine template
931	0.62	95.16	58.00	TERMINATING	72	5	77	Affine template / Affine template
932	0.77	104.63	73.00	TERMINATING	75	5	80	Affine template / Affine template
933	0.74	109.76	75.00	TERMINATING	78	5	83	Affine template / Affine template
934	0.61	103.31	69.00	TERMINATING	81	5	86	Affine template / Affine template
935	0.92	155.15	71.00	TERMINATING	84	5	89	Affine template / Affine template
936	0.68	172.96	73.00	TERMINATING	87	5	92	Affine template / Affine template
937	0.46	65.04	19.00	TERMINATING	9	5	14	Affine template / Affine template
938	1.22	101.17	77.00	TERMINATING	90	5	95	Affine template / Affine template
939	0.81	109.31	77.00	TERMINATING	93	5	98	Affine template / Affine template
940	0.80	103.15	90.00	TERMINATING	96	5	101	Affine template / Affine template
941	1.05	114.15	87.00	TERMINATING	99	5	104	Affine template / Affine template
942	0.81	125.22	92.00	TERMINATING	102	5	107	Affine template / Affine template
943	0.82	115.58	90.00	TERMINATING	105	5	110	Affine template / Affine template
944	0.85	144.04	100.00	TERMINATING	108	5	113	Affine template / Affine template
945	0.86	125.64	109.00	TERMINATING	111	5	116	Affine template / Affine template
946	0.89	128.40	104.00	TERMINATING	114	5	119	Affine template / Affine template
947	0.82	142.11	108.00	TERMINATING	117	5	122	Affine template / Affine template
948	0.52	59.67	19.00	TERMINATING	12	5	17	Affine template / Affine template
949	0.85	131.79	112.00	TERMINATING	120	5	125	Affine template / Affine template
950	0.85	133.28	125.00	TERMINATING	123	5	128	Affine template / Affine template
951	0.52	54.35	24.00	TERMINATING	15	5	20	Affine template / Affine template
952	0.56	63.74	26.00	TERMINATING	18	5	23	Affine template / Affine template
953	0.53	65.77	26.00	TERMINATING	21	5	26	Affine template / Affine template
954	0.56	58.84	30.00	TERMINATING	24	5	29	Affine template / Affine template
955	0.55	64.55	36.00	TERMINATING	27	5	32	Affine template / Affine template
956	1.93	88.38	23.00	TERMINATING	5	5	10	Affine template / Affine template
957	2.61	112.78	38.00	TERMINATING	1	3	4	Affine template / Affine template
958	0.49	2519.39	28.00	TERMINATING	6	1	7	2 template / Affine template
959	1.94	57.60	9.00	TERMINATING	5	2	7	Affine template / Affine template
960	0.39	47.84	10.00	TERMINATING	6	1	7	Affine template / Affine template
961	1.77	62.03	9.00	TERMINATING	5	3	8	Affine template / Affine template
962	0.36	41.93	10.00	TERMINATING	6	1	7	Affine template / Affine template
963	2.51	47.15	4.00	TERMINATING	5	1	6	Affine template / Affine template
964	1.83	53.23	7.00	TERMINATING	24	13	37	Affine template / Affine template
965	0.29	47.67	12.00	TERMINATING	456	13	469	Affine template / Affine template
966	0.33	61.07	11.00	TERMINATING	491	13	504	Affine template / Affine template
967	0.30	53.09	11.00	TERMINATING	674	13	687	Affine template / Affine template
968	0.36	52.49	10.00	TERMINATING	735	13	748	Affine template / Affine template
969	0.25	57.99	11.00	TERMINATING	996	13	1009	Affine template / Affine template
970	0.28	66.60	11.00	TERMINATING	1083	13	1096	Affine template / Affine template
971	0.32	47.78	7.00	TERMINATING	285	13	298	Affine template / Affine template
972	0.27	44.24	8.00	TERMINATING	307	13	320	Affine template / Affine template
973	0.25	49.41	8.00	TERMINATING	342	13	355	Affine template / Affine template
974	0.44	47.27	10.00	TERMINATING	356	13	369	Affine template / Affine template
975	1.72	42.12	5.00	TERMINATING	5	1	6	Affine template / Affine template
976	1.56	49.32	7.00	TERMINATING	20	18	38	Affine template / Affine template
977	0.92	77.94	21.00	TERMINATING	23	22	45	Affine template / Affine template
978	1.90	50.47	6.00	TERMINATING	5	1	6	Affine template / Affine template
979	0.39	50.60	19.00	TERMINATING	156	91	247	Affine template / Affine template
980	1.80	74.16	12.00	TERMINATING	56	40	96	Affine template / Affine template
981	0.50	103.85	33.00	TERMINATING	94	26	120	Affine template / Affine template
982	0.37	48.53	14.00	TERMINATING	95	40	135	Affine template / Affine template
983	0.32	51.03	12.00	TERMINATING	105	17	122	Affine template / Affine template
984	0.33	59.40	9.00	TERMINATING	109	17	126	Affine template / Affine template
985	0.48	53.15	20.00	TERMINATING	156	91	247	Affine template / Affine template
986	2.13	77.15	10.00	TERMINATING	56	40	96	Affine template / Affine template
987	0.45	121.19	29.00	TERMINATING	94	26	120	Affine template / Affine template
988	0.47	48.37	14.00	TERMINATING	95	40	135	Affine template / Affine template
989	0.36	49.75	10.00	TERMINATING	105	17	122	Affine template / Affine template
990	0.29	50.43	10.00	TERMINATING	109	17	126	Affine template / Affine template
991	1.76	60.35	10.00	TERMINATING	56	40	96	Affine template / Affine template
992	0.46	63.83	13.00	TERMINATING	65	55	120	Affine template / Affine template
993	0.38	47.39	11.00	TERMINATING	69	26	95	Affine template / Affine template
994	0.36	44.49	13.00	TERMINATING	105	17	122	Affine template / Affine template
995	0.36	46.93	9.00	TERMINATING	109	17	126	Affine template / Affine template
996	1.90	52.64	8.00	TERMINATING	5	2	7	Affine template / Affine template
997	1.52	74.11	11.00	TERMINATING	112	13	125	Affine template / Affine template
998	0.37	74.52	15.00	TERMINATING	806	17	823	Affine template / Affine template
999	0.40	79.74	18.00	TERMINATING	906	17	923	Affine template / Affine template
1000	0.51	61.64	11.00	TERMINATING	139	17	156	Affine template / Affine template
1001	2.11	1030.41	96.00	TERMINATING	12	6	18	Affine template / Affine template
1002	2.43	144.70	16.00	TERMINATING	5	1	6	Affine template / Affine template
1003	2.23	194.58	18.00	TERMINATING	5	1	6	Affine template / Affine template
1004	0.21	34.95	5.00	TERMINATING	124	13	137	Affine template / Affine template
1005	0.24	38.78	7.00	TERMINATING	468	457	925	Affine template / Affine template
1006	0.23	38.12	8.00	TERMINATING	481	87	568	Affine template / Affine template
1007	0.24	38.70	7.00	TERMINATING	494	13	507	Affine template / Affine template
1008	0.27	41.40	8.00	TERMINATING	581	13	594	Affine template / Affine template
1009	0.28	39.14	7.00	TERMINATING	938	87	1025	Affine template / Affine template
1010	1.45	52.88	7.00	TERMINATING	24	87	111	Affine template / Affine template
1011	0.32	45.63	6.00	TERMINATING	37	13	50	Affine template / Affine template
1012	1.59	48.55	6.00	TERMINATING	52	362	414	Affine template / Affine template
1013	0.31	41.16	7.00	TERMINATING	65	17	82	Affine template / Affine template
1014	0.27	37.39	6.00	TERMINATING	427	17	444	Affine template / Affine template
1015	2.08	76.71	9.00	TERMINATING	1	2	3	Affine template / Affine template
1016	0.36	96.22	22.00	TERMINATING	51	48	99	Affine template / Affine template
1017	1.67	26.59	5.00	TERMINATING	0	3	3	Affine template / Affine template
1018	0.44	39.97	6.00	TERMINATING	2	3	5	Affine template / Affine template
1019	0.40	42.26	9.00	TERMINATING	9	9	18	Affine template / Affine template
1020	0.30	39.66	7.00	TERMINATING	47	9	56	Affine template / Affine template
1021	2.33	56.95	9.00	TERMINATING	24	10	34	Affine template / Affine template
1022	0.47	83.93	24.00	TERMINATING	31	14	45	Affine template / Affine template
1023	0.24	38.11	10.00	TERMINATING	52	10	62	Affine template / Affine template
1024	0.29	34.16	8.00	TERMINATING	52	24	76	Affine template / Affine template
1025	0.37	49.32	8.00	TERMINATING	62	24	86	Affine template / Affine template
1026	0.30	67.62	25.00	TERMINATING	79	14	93	Affine template / Affine template
1027	2.08	70.60	15.00	TERMINATING	36	15	51	Affine template / Affine template
1028	0.29	39.96	11.00	TERMINATING	116	122	238	Affine template / Affine template
1029	0.49	53.89	15.00	TERMINATING	48	19	67	Affine template / Affine template
1030	0.42	106.59	29.00	TERMINATING	70	26	96	Affine template / Affine template
1031	0.35	40.70	9.00	TERMINATING	93	48	141	Affine template / Affine template
1032	0.28	45.97	9.00	TERMINATING	116	74	190	Affine template / Affine template
1033	2.00	67.31	7.00	TERMINATING	6	3	9	Affine template / Affine template
1034	0.49	41.19	9.00	TERMINATING	13	9	22	Affine template / Affine template
1035	0.29	31.95	6.00	TERMINATING	48	9	57	Affine template / Affine template
1036	1.92	50.13	7.00	TERMINATING	6	3	9	Affine template / Affine template
1037	0.45	44.62	9.00	TERMINATING	13	9	22	Affine template / Affine template
1038	0.32	31.94	7.00	TERMINATING	36	9	45	Affine template / Affine template
1039	2.04	127.52	15.00	TERMINATING	5	1	6	Affine template / Affine template
1040	2.44	53.54	7.00	TERMINATING	6	3	9	Affine template / Affine template
1041	0.50	43.34	7.00	TERMINATING	13	9	22	Affine template / Affine template
1042	0.29	30.49	6.00	TERMINATING	36	9	45	Affine template / Affine template
1043	1.90	118.78	14.00	TERMINATING	5	1	6	Affine template / Affine template
1044	1.96	85.14	12.00	TERMINATING	5	1	6	Affine template / Affine template
1045	2.18	3031.11	133.00	TERMINATING	0	11	11	Affine template / Affine template
1046	3.62	60.01	10.00	TERMINATING	5	1	6	Affine template / Affine template
1047	1.95	119.62	28.00	TERMINATING	5	1	6	Affine template / Affine template
1048	2.05	75.60	11.00	TERMINATING	5	1	6	Affine template / Affine template
1049	0.52	54.65	9.00	TERMINATING	6	2	8	Affine template / Affine template
1050	2.14	127.83	22.00	TERMINATING	6	2	8	Affine template / Affine template
1051	0.99	914.30	153.00	TERMINATING	9	4	13	Affine template / Affine template
1052	0.76	37.69	6.00	TERMINATING	15	4	19	Affine template / Affine template
1053	0.37	34.88	6.00	TERMINATING	8	4	12	Affine template / Affine template
1054	2.20	66.45	9.00	TERMINATING	1	2	3	Affine template / Affine template
1055	1.79	29.00	4.00	TERMINATING	0	5	5	Affine template / Affine template
1056	0.30	20.18	4.00	TERMINATING	0	5	5	Affine template / Affine template
1057	1.59	24.45	5.00	TERMINATING	0	9	9	Affine template / Affine template
1058	0.30	17.91	5.00	TERMINATING	0	9	9	Affine template / Affine template
1059	0.25	24.69	5.00	TERMINATING	0	9	9	Affine template / Affine template
1060	0.24	16.08	5.00	TERMINATING	0	9	9	Affine template / Affine template
1061	1.96	55.20	6.00	TERMINATING	6	6	12	Affine template / Affine template
1062	1.91	63.08	9.00	TERMINATING	6	6	12	Affine template / Affine template
1063	0.47	42.06	9.00	TERMINATING	28	24	52	Affine template / Affine template
1064	2.03	73.86	11.00	TERMINATING	6	1	7	Affine template / Affine template
1065	1.82	49.31	5.00	TERMINATING	20	18	38	Affine template / Affine template
1066	1.86	46.96	5.00	TERMINATING	16	9	25	Affine template / Affine template
1067	1.97	62.65	8.00	TERMINATING	24	27	51	Affine template / Affine template
1068	0.53	42.68	10.00	TERMINATING	28	28	56	Affine template / Affine template
1069	0.31	37.47	8.00	TERMINATING	36	31	67	Affine template / Affine template
1070	3.29	56.75	9.00	TERMINATING	32	18	50	Affine template / Affine template
1071	1.75	77.04	11.00	TERMINATING	68	18	86	Affine template / Affine template
1072	1.79	65.71	8.00	TERMINATING	28	19	47	Affine template / Affine template
1073	1.81	72.59	9.00	TERMINATING	74	29	103	Affine template / Affine template
1074	0.33	55.73	13.00	TERMINATING	375	29	404	Affine template / Affine template
1075	0.41	157.01	43.00	TERMINATING	385	43	428	Affine template / Affine template
1076	0.49	142.25	52.00	TERMINATING	526	119	645	Affine template / Affine template
1077	0.55	283.76	79.00	TERMINATING	460	479	939	Affine template / Affine template
1078	0.41	199.81	82.00	TERMINATING	460	528	988	Affine template / Affine template
1079	0.51	152.17	62.00	TERMINATING	499	453	952	Affine template / Affine template
1080	0.38	63.73	14.00	TERMINATING	106	43	149	Affine template / Affine template
1081	0.40	127.69	44.00	TERMINATING	115	57	172	Affine template / Affine template
1082	0.38	159.74	56.00	TERMINATING	228	119	347	Affine template / Affine template
1083	1.62	65.37	13.00	TERMINATING	74	34	108	Affine template / Affine template
1084	0.37	67.93	26.00	TERMINATING	317	124	441	Affine template / Affine template
1085	0.62	137.99	43.00	TERMINATING	372	34	406	Affine template / Affine template
1086	0.55	164.40	42.00	TERMINATING	400	48	448	Affine template / Affine template
1087	0.48	166.29	72.00	TERMINATING	481	124	605	Affine template / Affine template
1088	0.42	133.38	34.00	TERMINATING	77	48	125	Affine template / Affine template
1089	1.73	146.63	20.00	TERMINATING	470	55	525	Affine template / Affine template
1090	0.76	94.62	13.00	TERMINATING	469	17	486	Affine template / Affine template
1091	0.58	112.09	19.00	TERMINATING	482	55	537	Affine template / Affine template
1092	1.67	100.56	11.00	TERMINATING	301	18	319	Affine template / Affine template
1093	0.53	89.08	14.00	TERMINATING	318	53	371	Affine template / Affine template
1094	0.41	84.52	12.00	TERMINATING	335	25	360	Affine template / Affine template
1095	0.39	70.54	11.00	TERMINATING	348	22	370	Affine template / Affine template
1096	0.36	76.72	11.00	TERMINATING	361	13	374	Affine template / Affine template
1097	1.68	85.46	11.00	TERMINATING	301	18	319	Affine template / Affine template
1098	0.69	84.05	14.00	TERMINATING	318	53	371	Affine template / Affine template
1099	0.47	80.34	12.00	TERMINATING	335	25	360	Affine template / Affine template
1100	1.75	84.19	12.00	TERMINATING	277	18	295	Affine template / Affine template
1101	0.47	81.79	14.00	TERMINATING	294	53	347	Affine template / Affine template
1102	0.42	70.58	12.00	TERMINATING	311	25	336	Affine template / Affine template
1103	1.65	89.12	11.00	TERMINATING	277	18	295	Affine template / Affine template
1104	0.47	78.95	15.00	TERMINATING	294	53	347	Affine template / Affine template
1105	0.41	72.29	12.00	TERMINATING	311	25	336	Affine template / Affine template
1106	1.88	73.54	15.00	TERMINATING	121	28	149	Affine template / Affine template
1107	2.03	79.76	13.00	TERMINATING	112	28	140	Affine template / Affine template
1108	2.14	74.15	13.00	TERMINATING	116	28	144	Affine template / Affine template
1109	1.93	59.13	7.00	TERMINATING	37	19	56	Affine template / Affine template
1110	2.03	59.17	12.00	TERMINATING	41	19	60	Affine template / Affine template
1111	0.31	46.37	8.00	TERMINATING	6	1	7	Affine template / Affine template
1112	1.65	52.19	5.00	TERMINATING	6	9	15	Affine template / Affine template
1113	0.76	46.26	7.00	TERMINATING	12	3	15	Affine template / Affine template
1114	0.26	38.23	7.00	TERMINATING	14	3	17	Affine template / Affine template
1115	2.10	45.78	5.00	TERMINATING	6	3	9	Affine template / Affine template
1116	1.55	46.43	6.00	TERMINATING	6	27	33	Affine template / Affine template
1117	0.67	35.67	6.00	TERMINATING	12	3	15	Affine template / Affine template
1118	1.78	93.48	9.00	TERMINATING	7	3	10	Affine template / Affine template
1119	1.82	87.54	9.00	TERMINATING	7	3	10	Affine template / Affine template
1120	2.16	51.74	8.00	TERMINATING	52	42	94	Affine template / Affine template
1121	0.41	65.53	16.00	TERMINATING	81	26	107	Affine template / Affine template
1122	0.34	48.58	15.00	TERMINATING	123	26	149	Affine template / Affine template
1123	0.41	38.72	7.00	TERMINATING	92	27	119	Affine template / Affine template
1124	0.28	51.46	8.00	TERMINATING	92	27	119	Affine template / Affine template
1125	0.26	39.45	7.00	TERMINATING	92	27	119	Affine template / Affine template
1126	0.30	37.77	8.00	TERMINATING	92	27	119	Affine template / Affine template
1127	0.30	44.26	7.00	TERMINATING	92	27	119	Affine template / Affine template
1128	0.37	40.12	7.00	TERMINATING	92	27	119	Affine template / Affine template
1129	0.32	43.03	9.00	TERMINATING	92	27	119	Affine template / Affine template
1130	0.38	50.56	7.00	TERMINATING	92	27	119	Affine template / Affine template
1131	0.34	39.26	7.00	TERMINATING	92	27	119	Affine template / Affine template
1132	0.33	46.03	6.00	TERMINATING	92	27	119	Affine template / Affine template
1133	0.26	45.30	7.00	TERMINATING	92	27	119	Affine template / Affine template
1134	0.35	40.88	7.00	TERMINATING	92	27	119	Affine template / Affine template
1135	0.30	54.76	8.00	TERMINATING	92	27	119	Affine template / Affine template
1136	0.33	37.92	9.00	TERMINATING	92	27	119	Affine template / Affine template
1137	0.42	39.68	8.00	TERMINATING	92	27	119	Affine template / Affine template
1138	0.32	38.71	8.00	TERMINATING	92	27	119	Affine template / Affine template
1139	0.29	40.59	8.00	TERMINATING	92	27	119	Affine template / Affine template
1140	0.33	39.27	7.00	TERMINATING	92	27	119	Affine template / Affine template
1141	0.32	37.04	8.00	TERMINATING	92	27	119	Affine template / Affine template
1142	0.33	42.30	7.00	TERMINATING	92	27	119	Affine template / Affine template
1143	0.26	47.34	7.00	TERMINATING	92	27	119	Affine template / Affine template
1144	0.32	41.88	7.00	TERMINATING	92	27	119	Affine template / Affine template
1145	0.29	37.27	7.00	TERMINATING	92	27	119	Affine template / Affine template
1146	0.31	37.44	7.00	TERMINATING	92	27	119	Affine template / Affine template
1147	0.29	38.04	7.00	TERMINATING	92	27	119	Affine template / Affine template
1148	0.29	45.46	7.00	TERMINATING	92	27	119	Affine template / Affine template
1149	0.33	37.80	9.00	TERMINATING	92	27	119	Affine template / Affine template
1150	0.33	39.56	8.00	TERMINATING	92	27	119	Affine template / Affine template
1151	0.30	38.35	8.00	TERMINATING	92	27	119	Affine template / Affine template
1152	0.30	37.85	7.00	TERMINATING	92	27	119	Affine template / Affine template
1153	0.39	46.83	7.00	TERMINATING	92	27	119	Affine template / Affine template
1154	0.36	38.51	7.00	TERMINATING	92	27	119	Affine template / Affine template
1155	0.24	37.29	7.00	TERMINATING	92	27	119	Affine template / Affine template
1156	0.34	42.12	7.00	TERMINATING	92	27	119	Affine template / Affine template
1157	0.27	39.21	7.00	TERMINATING	92	27	119	Affine template / Affine template
1158	0.41	40.15	7.00	TERMINATING	92	27	119	Affine template / Affine template
1159	0.28	37.69	7.00	TERMINATING	92	27	119	Affine template / Affine template
1160	0.29	37.93	7.00	TERMINATING	92	27	119	Affine template / Affine template
1161	0.27	39.32	9.00	TERMINATING	92	27	119	Affine template / Affine template
1162	0.28	46.31	7.00	TERMINATING	92	27	119	Affine template / Affine template
1163	0.29	46.69	7.00	TERMINATING	92	27	119	Affine template / Affine template
1164	0.27	37.86	7.00	TERMINATING	92	27	119	Affine template / Affine template
1165	0.27	42.92	7.00	TERMINATING	92	27	119	Affine template / Affine template
1166	0.27	40.87	7.00	TERMINATING	92	27	119	Affine template / Affine template
1167	0.29	40.66	7.00	TERMINATING	92	27	119	Affine template / Affine template
1168	0.28	38.31	7.00	TERMINATING	92	27	119	Affine template / Affine template
1169	0.28	43.23	6.00	TERMINATING	92	27	119	Affine template / Affine template
1170	0.27	56.50	8.00	TERMINATING	92	27	119	Affine template / Affine template
1171	0.38	40.82	7.00	TERMINATING	92	27	119	Affine template / Affine template
1172	0.32	39.22	7.00	TERMINATING	92	27	119	Affine template / Affine template
1173	0.25	39.86	7.00	TERMINATING	92	27	119	Affine template / Affine template
1174	0.24	37.46	7.00	TERMINATING	92	27	119	Affine template / Affine template
1175	0.25	39.50	7.00	TERMINATING	92	27	119	Affine template / Affine template
1176	0.28	36.75	7.00	TERMINATING	92	27	119	Affine template / Affine template
1177	0.28	41.21	7.00	TERMINATING	92	27	119	Affine template / Affine template
1178	0.29	44.10	7.00	TERMINATING	92	27	119	Affine template / Affine template
1179	0.31	44.79	8.00	TERMINATING	92	27	119	Affine template / Affine template
1180	0.34	38.83	7.00	TERMINATING	92	27	119	Affine template / Affine template
1181	0.32	37.49	8.00	TERMINATING	92	27	119	Affine template / Affine template
1182	0.28	37.54	7.00	TERMINATING	92	27	119	Affine template / Affine template
1183	0.26	40.98	6.00	TERMINATING	92	27	119	Affine template / Affine template
1184	0.29	37.55	7.00	TERMINATING	92	27	119	Affine template / Affine template
1185	0.26	38.80	8.00	TERMINATING	92	27	119	Affine template / Affine template
1186	0.24	38.21	7.00	TERMINATING	92	27	119	Affine template / Affine template
1187	0.29	38.40	7.00	TERMINATING	92	27	119	Affine template / Affine template
1188	0.26	38.48	7.00	TERMINATING	92	27	119	Affine template / Affine template
1189	0.31	37.74	8.00	TERMINATING	92	27	119	Affine template / Affine template
1190	0.32	40.19	7.00	TERMINATING	92	27	119	Affine template / Affine template
1191	0.29	44.79	7.00	TERMINATING	92	27	119	Affine template / Affine template
1192	0.27	35.91	7.00	TERMINATING	92	27	119	Affine template / Affine template
1193	0.29	37.77	7.00	TERMINATING	92	27	119	Affine template / Affine template
1194	0.23	40.24	8.00	TERMINATING	92	27	119	Affine template / Affine template
1195	0.26	36.04	8.00	TERMINATING	92	27	119	Affine template / Affine template
1196	0.27	38.32	7.00	TERMINATING	92	27	119	Affine template / Affine template
1197	0.28	37.94	7.00	TERMINATING	92	27	119	Affine template / Affine template
1198	0.24	46.40	7.00	TERMINATING	92	27	119	Affine template / Affine template
1199	0.26	36.60	8.00	TERMINATING	92	27	119	Affine template / Affine template
1200	0.26	38.82	7.00	TERMINATING	92	27	119	Affine template / Affine template
1201	0.25	39.86	8.00	TERMINATING	92	27	119	Affine template / Affine template
1202	0.25	39.14	7.00	TERMINATING	92	27	119	Affine template / Affine template
1203	0.25	37.17	7.00	TERMINATING	92	27	119	Affine template / Affine template
1204	0.34	38.57	7.00	TERMINATING	92	27	119	Affine template / Affine template
1205	0.29	36.88	7.00	TERMINATING	92	27	119	Affine template / Affine template
1206	0.30	39.13	7.00	TERMINATING	92	27	119	Affine template / Affine template
1207	0.25	40.79	8.00	TERMINATING	92	27	119	Affine template / Affine template
1208	0.25	38.02	7.00	TERMINATING	92	27	119	Affine template / Affine template
1209	0.30	39.48	7.00	TERMINATING	92	27	119	Affine template / Affine template
1210	0.26	40.18	8.00	TERMINATING	92	27	119	Affine template / Affine template
1211	0.24	37.70	7.00	TERMINATING	92	27	119	Affine template / Affine template
1212	0.32	36.57	7.00	TERMINATING	92	27	119	Affine template / Affine template
1213	0.26	37.15	8.00	TERMINATING	92	27	119	Affine template / Affine template
1214	0.24	36.83	7.00	TERMINATING	92	27	119	Affine template / Affine template
1215	0.28	36.57	8.00	TERMINATING	92	27	119	Affine template / Affine template
1216	0.24	38.06	8.00	TERMINATING	92	27	119	Affine template / Affine template
1217	0.27	36.17	7.00	TERMINATING	92	27	119	Affine template / Affine template
1218	0.25	36.55	8.00	TERMINATING	92	27	119	Affine template / Affine template
1219	0.33	37.11	8.00	TERMINATING	92	27	119	Affine template / Affine template
1220	0.36	37.81	7.00	TERMINATING	92	27	119	Affine template / Affine template
1221	0.28	39.12	8.00	TERMINATING	92	27	119	Affine template / Affine template
1222	0.34	39.38	7.00	TERMINATING	92	27	119	Affine template / Affine template
1223	0.23	39.41	8.00	TERMINATING	92	27	119	Affine template / Affine template
1224	0.26	42.45	9.00	TERMINATING	92	27	119	Affine template / Affine template
1225	0.23	39.88	7.00	TERMINATING	92	27	119	Affine template / Affine template
1226	0.30	36.74	7.00	TERMINATING	92	27	119	Affine template / Affine template
1227	0.27	36.18	8.00	TERMINATING	92	27	119	Affine template / Affine template
1228	0.26	39.33	7.00	TERMINATING	92	27	119	Affine template / Affine template
1229	0.28	38.08	7.00	TERMINATING	92	27	119	Affine template / Affine template
1230	0.31	40.47	7.00	TERMINATING	92	27	119	Affine template / Affine template
1231	0.27	42.57	7.00	TERMINATING	92	27	119	Affine template / Affine template
1232	0.28	37.71	8.00	TERMINATING	92	27	119	Affine template / Affine template
1233	0.49	94.33	27.00	TERMINATING	48	22	70	Affine template / Affine template
1234	0.27	41.53	7.00	TERMINATING	92	27	119	Affine template / Affine template
1235	0.26	37.00	7.00	TERMINATING	92	27	119	Affine template / Affine template
1236	0.26	38.28	7.00	TERMINATING	92	27	119	Affine template / Affine template
1237	0.24	43.37	7.00	TERMINATING	92	27	119	Affine template / Affine template
1238	0.38	38.58	7.00	TERMINATING	92	27	119	Affine template / Affine template
1239	0.38	52.04	7.00	TERMINATING	92	27	119	Affine template / Affine template
1240	0.27	37.09	7.00	TERMINATING	92	27	119	Affine template / Affine template
1241	0.23	37.11	7.00	TERMINATING	92	27	119	Affine template / Affine template
1242	0.29	40.66	7.00	TERMINATING	92	27	119	Affine template / Affine template
1243	0.25	36.17	7.00	TERMINATING	92	27	119	Affine template / Affine template
1244	0.29	39.86	7.00	TERMINATING	92	27	119	Affine template / Affine template
1245	0.30	45.69	9.00	TERMINATING	92	27	119	Affine template / Affine template
1246	0.26	42.37	8.00	TERMINATING	92	27	119	Affine template / Affine template
1247	0.28	38.22	7.00	TERMINATING	92	27	119	Affine template / Affine template
1248	0.29	39.13	7.00	TERMINATING	92	27	119	Affine template / Affine template
1249	0.30	38.67	7.00	TERMINATING	92	27	119	Affine template / Affine template
1250	0.26	37.49	8.00	TERMINATING	92	27	119	Affine template / Affine template
1251	0.29	41.30	7.00	TERMINATING	92	27	119	Affine template / Affine template
1252	0.38	43.85	7.00	TERMINATING	92	27	119	Affine template / Affine template
1253	0.37	88.18	27.00	TERMINATING	61	27	88	Affine template / Affine template
1254	0.27	39.77	7.00	TERMINATING	92	27	119	Affine template / Affine template
1255	0.30	36.91	8.00	TERMINATING	92	27	119	Affine template / Affine template
1256	0.31	38.34	10.00	TERMINATING	92	27	119	Affine template / Affine template
1257	0.39	38.31	7.00	TERMINATING	92	27	119	Affine template / Affine template
1258	0.28	38.17	7.00	TERMINATING	92	27	119	Affine template / Affine template
1259	0.24	38.93	7.00	TERMINATING	92	27	119	Affine template / Affine template
1260	0.30	48.80	8.00	TERMINATING	92	27	119	Affine template / Affine template
1261	0.28	43.23	7.00	TERMINATING	92	27	119	Affine template / Affine template
1262	0.27	43.69	7.00	TERMINATING	92	27	119	Affine template / Affine template
1263	0.26	39.36	7.00	TERMINATING	92	27	119	Affine template / Affine template
1264	0.28	40.88	9.00	TERMINATING	92	27	119	Affine template / Affine template
1265	0.27	36.76	9.00	TERMINATING	92	27	119	Affine template / Affine template
1266	0.28	39.93	7.00	TERMINATING	92	27	119	Affine template / Affine template
1267	0.28	37.64	7.00	TERMINATING	92	27	119	Affine template / Affine template
1268	0.29	37.60	6.00	TERMINATING	92	27	119	Affine template / Affine template
1269	0.25	39.25	8.00	TERMINATING	92	27	119	Affine template / Affine template
1270	0.33	41.63	8.00	TERMINATING	92	27	119	Affine template / Affine template
1271	0.25	39.16	7.00	TERMINATING	92	27	119	Affine template / Affine template
1272	0.29	38.13	8.00	TERMINATING	92	27	119	Affine template / Affine template
1273	0.27	40.88	7.00	TERMINATING	92	27	119	Affine template / Affine template
1274	0.32	43.92	7.00	TERMINATING	92	27	119	Affine template / Affine template
1275	0.24	38.46	7.00	TERMINATING	92	27	119	Affine template / Affine template
1276	0.30	38.81	7.00	TERMINATING	92	27	119	Affine template / Affine template
1277	0.29	37.45	7.00	TERMINATING	92	27	119	Affine template / Affine template
1278	0.28	38.67	7.00	TERMINATING	92	27	119	Affine template / Affine template
1279	0.27	38.81	7.00	TERMINATING	92	27	119	Affine template / Affine template
1280	0.29	38.61	8.00	TERMINATING	92	27	119	Affine template / Affine template
1281	0.29	36.47	7.00	TERMINATING	92	27	119	Affine template / Affine template
1282	0.28	37.75	8.00	TERMINATING	92	27	119	Affine template / Affine template
1283	0.27	44.19	7.00	TERMINATING	92	27	119	Affine template / Affine template
1284	0.36	37.43	8.00	TERMINATING	92	27	119	Affine template / Affine template
1285	0.30	40.98	7.00	TERMINATING	92	27	119	Affine template / Affine template
1286	0.41	37.49	7.00	TERMINATING	92	27	119	Affine template / Affine template
1287	0.29	37.09	9.00	TERMINATING	92	27	119	Affine template / Affine template
1288	0.27	49.74	7.00	TERMINATING	92	27	119	Affine template / Affine template
1289	0.27	47.42	7.00	TERMINATING	92	27	119	Affine template / Affine template
1290	0.26	40.22	8.00	TERMINATING	92	27	119	Affine template / Affine template
1291	0.30	41.15	7.00	TERMINATING	92	27	119	Affine template / Affine template
1292	0.26	42.54	8.00	TERMINATING	92	27	119	Affine template / Affine template
1293	0.27	39.84	7.00	TERMINATING	92	27	119	Affine template / Affine template
1294	0.24	41.59	9.00	TERMINATING	92	27	119	Affine template / Affine template
1295	0.35	39.80	7.00	TERMINATING	92	27	119	Affine template / Affine template
1296	0.33	38.19	7.00	TERMINATING	92	27	119	Affine template / Affine template
1297	0.24	40.18	7.00	TERMINATING	92	27	119	Affine template / Affine template
1298	0.28	39.64	9.00	TERMINATING	92	27	119	Affine template / Affine template
1299	0.28	38.04	8.00	TERMINATING	92	27	119	Affine template / Affine template
1300	0.32	38.59	8.00	TERMINATING	92	27	119	Affine template / Affine template
1301	0.28	39.88	7.00	TERMINATING	92	27	119	Affine template / Affine template
1302	0.30	40.61	7.00	TERMINATING	92	27	119	Affine template / Affine template
1303	0.26	39.86	7.00	TERMINATING	92	27	119	Affine template / Affine template
1304	0.29	40.28	7.00	TERMINATING	92	27	119	Affine template / Affine template
1305	0.34	43.37	7.00	TERMINATING	92	27	119	Affine template / Affine template
1306	0.33	38.63	8.00	TERMINATING	92	27	119	Affine template / Affine template
1307	0.25	39.42	7.00	TERMINATING	92	27	119	Affine template / Affine template
1308	0.25	39.51	7.00	TERMINATING	92	27	119	Affine template / Affine template
1309	0.33	39.83	6.00	TERMINATING	92	27	119	Affine template / Affine template
1310	0.40	40.19	8.00	TERMINATING	92	27	119	Affine template / Affine template
1311	0.28	39.12	7.00	TERMINATING	92	27	119	Affine template / Affine template
1312	0.28	39.86	7.00	TERMINATING	92	27	119	Affine template / Affine template
1313	0.35	48.55	8.00	TERMINATING	92	27	119	Affine template / Affine template
1314	0.30	39.25	9.00	TERMINATING	92	27	119	Affine template / Affine template
1315	0.26	37.65	9.00	TERMINATING	92	27	119	Affine template / Affine template
1316	0.30	49.36	8.00	TERMINATING	92	27	119	Affine template / Affine template
1317	0.36	39.52	8.00	TERMINATING	92	27	119	Affine template / Affine template
1318	0.27	41.34	7.00	TERMINATING	92	27	119	Affine template / Affine template
1319	0.55	38.26	7.00	TERMINATING	92	27	119	Affine template / Affine template
1320	0.30	38.30	7.00	TERMINATING	92	27	119	Affine template / Affine template
1321	0.38	40.65	8.00	TERMINATING	92	27	119	Affine template / Affine template
1322	0.30	42.58	8.00	TERMINATING	92	27	119	Affine template / Affine template
1323	0.27	38.15	8.00	TERMINATING	92	27	119	Affine template / Affine template
1324	0.30	44.13	7.00	TERMINATING	92	27	119	Affine template / Affine template
1325	0.27	38.92	9.00	TERMINATING	92	27	119	Affine template / Affine template
1326	0.31	47.36	7.00	TERMINATING	92	27	119	Affine template / Affine template
1327	0.30	37.40	8.00	TERMINATING	92	27	119	Affine template / Affine template
1328	0.32	42.87	7.00	TERMINATING	92	27	119	Affine template / Affine template
1329	1.78	71.75	13.00	TERMINATING	50	45	95	Affine template / Affine template
1330	0.37	51.11	14.00	TERMINATING	226	45	271	Affine template / Affine template
1331	0.42	56.39	17.00	TERMINATING	250	178	428	Affine template / Affine template
1332	0.39	54.34	13.00	TERMINATING	252	45	297	Affine template / Affine template
1333	0.36	52.44	13.00	TERMINATING	408	45	453	Affine template / Affine template
1334	0.33	54.84	12.00	TERMINATING	430	45	475	Affine template / Affine template
1335	0.38	55.71	19.00	TERMINATING	224	182	406	Affine template / Affine template
1336	1.69	44.74	7.00	TERMINATING	5	3	8	Affine template / Affine template
1337	1.83	49.72	8.00	TERMINATING	5	3	8	Affine template / Affine template
1338	1.77	65.41	8.00	TERMINATING	5	2	7	Affine template / Affine template
1339	1.79	65.89	10.00	TERMINATING	5	1	6	Affine template / Affine template
1340	3.48	209.84	64.00	TERMINATING	10	10	20	Affine template / Affine template
1341	2.47	207.11	94.00	TERMINATING	13	12	25	Affine template / Affine template
1342	3.46	225.10	73.00	TERMINATING	12	9	21	Affine template / Affine template
1343	2.14	204.00	72.00	TERMINATING	19	12	31	Affine template / Affine template
1344	1.99	149.59	84.00	TERMINATING	24	9	33	Affine template / Affine template
1345	2.05	165.03	33.00	TERMINATING	5	1	6	Affine template / Affine template
1346	2.16	162.10	17.00	TERMINATING	5	2	7	Affine template / Affine template
1347	1.78	93.49	15.00	TERMINATING	5	1	6	Affine template / Affine template
1348	2.15	84.56	33.00	TERMINATING	8	3	11	Affine template / Affine template
1349	2.38	181.70	55.00	TERMINATING	8	4	12	Affine template / Affine template
1350	2.49	189.01	59.00	TERMINATING	8	4	12	Affine template / Affine template
1351	2.15	101.05	24.00	TERMINATING	8	3	11	Affine template / Affine template
1352	2.08	302.46	141.00	TERMINATING	9	5	14	Affine template / Nested template
1353	0.76	2874.19	618.00	TERMINATING	13	3	16	Affine template / Affine template
1354	0.88	288.34	181.00	TERMINATING	14	5	19	Affine template / Affine template
1355	2.35	277.66	186.00	TERMINATING	10	5	15	Affine template / Affine template
1356	0.84	202.64	101.00	TERMINATING	15	3	18	Affine template / Affine template
1357	2.04	167.85	34.00	TERMINATING	8	2	10	Affine template / Affine template
1358	2.00	172.94	39.00	TERMINATING	11	2	13	Affine template / Affine template
1359	2.36	290.21	80.00	TERMINATING	9	5	14	Affine template / Affine template
1360	0.65	477.53	239.00	TERMINATING	13	3	16	Affine template / Nested template
1361	1.92	95.10	16.00	TERMINATING	5	1	6	Affine template / Affine template
1362	2.89	53.56	8.00	TERMINATING	5	1	6	Affine template / Affine template
1363	1.79	51.27	5.00	TERMINATING	20	9	29	Affine template / Affine template
1364	1.74	48.38	6.00	TERMINATING	20	13	33	Affine template / Affine template
1365	1.78	53.21	4.00	TERMINATING	20	9	29	Affine template / Affine template
1366	1.88	48.34	5.00	TERMINATING	20	9	29	Affine template / Affine template
1367	1.76	45.48	5.00	TERMINATING	20	9	29	Affine template / Affine template
1368	1.92	53.03	7.00	TERMINATING	24	13	37	Affine template / Affine template
1369	1.78	60.47	10.00	TERMINATING	28	19	47	Affine template / Affine template
1370	1.99	71.88	6.00	TERMINATING	24	14	38	Affine template / Affine template
1371	0.43	41.16	6.00	TERMINATING	33	13	46	Affine template / Affine template
1372	1.72	48.76	5.00	TERMINATING	25	9	34	Affine template / Affine template
1373	1.93	60.94	10.00	TERMINATING	40	27	67	Affine template / Affine template
1374	1.91	63.67	7.00	TERMINATING	24	15	39	Affine template / Affine template
1375	2.26	71.28	6.00	TERMINATING	45	13	58	Affine template / Affine template
1376	1.90	55.62	7.00	TERMINATING	24	14	38	Affine template / Affine template
1377	1.60	60.51	9.00	TERMINATING	28	29	57	Affine template / Affine template
1378	0.37	43.54	8.00	TERMINATING	191	29	220	Affine template / Affine template
1379	0.28	37.74	9.00	TERMINATING	191	29	220	Affine template / Affine template
1380	0.29	37.44	10.00	TERMINATING	191	29	220	Affine template / Affine template
1381	0.29	36.80	10.00	TERMINATING	191	29	220	Affine template / Affine template
1382	0.39	45.57	11.00	TERMINATING	191	29	220	Affine template / Affine template
1383	0.31	41.80	10.00	TERMINATING	191	29	220	Affine template / Affine template
1384	0.30	37.88	10.00	TERMINATING	191	29	220	Affine template / Affine template
1385	0.25	38.46	9.00	TERMINATING	191	29	220	Affine template / Affine template
1386	0.28	38.02	10.00	TERMINATING	191	29	220	Affine template / Affine template
1387	0.33	39.53	8.00	TERMINATING	191	29	220	Affine template / Affine template
1388	0.75	86.35	26.00	TERMINATING	47	40	87	Affine template / Affine template
1389	0.28	40.89	10.00	TERMINATING	191	29	220	Affine template / Affine template
1390	0.25	35.98	8.00	TERMINATING	191	29	220	Affine template / Affine template
1391	0.29	42.58	9.00	TERMINATING	191	29	220	Affine template / Affine template
1392	0.29	38.99	9.00	TERMINATING	191	29	220	Affine template / Affine template
1393	0.25	39.65	14.00	TERMINATING	191	29	220	Affine template / Nested template
1394	0.31	41.47	10.00	TERMINATING	191	29	220	Affine template / Affine template
1395	0.30	36.20	10.00	TERMINATING	191	29	220	Affine template / Affine template
1396	0.38	38.13	11.00	TERMINATING	191	29	220	Affine template / Affine template
1397	0.28	39.39	9.00	TERMINATING	191	29	220	Affine template / Affine template
1398	0.29	43.74	10.00	TERMINATING	191	29	220	Affine template / Affine template
1399	0.29	38.70	8.00	TERMINATING	84	29	113	Affine template / Affine template
1400	0.29	36.47	9.00	TERMINATING	191	29	220	Affine template / Affine template
1401	0.32	37.51	11.00	TERMINATING	191	29	220	Affine template / Affine template
1402	0.26	37.06	10.00	TERMINATING	191	29	220	Affine template / Affine template
1403	0.29	36.56	10.00	TERMINATING	191	29	220	Affine template / Affine template
1404	0.34	47.84	8.00	TERMINATING	191	29	220	Affine template / Affine template
1405	0.24	35.67	10.00	TERMINATING	191	29	220	Affine template / Affine template
1406	0.25	39.05	8.00	TERMINATING	191	29	220	Affine template / Affine template
1407	0.30	39.98	11.00	TERMINATING	191	29	220	Affine template / Affine template
1408	0.32	38.61	8.00	TERMINATING	191	29	220	Affine template / Affine template
1409	0.32	38.11	8.00	TERMINATING	191	29	220	Affine template / Affine template
1410	0.28	39.09	9.00	TERMINATING	113	29	142	Affine template / Affine template
1411	0.26	36.76	9.00	TERMINATING	191	29	220	Affine template / Affine template
1412	0.29	37.33	10.00	TERMINATING	191	29	220	Affine template / Affine template
1413	0.30	37.55	10.00	TERMINATING	191	29	220	Affine template / Affine template
1414	0.32	38.39	8.00	TERMINATING	191	29	220	Affine template / Affine template
1415	0.25	41.15	9.00	TERMINATING	191	29	220	Affine template / Affine template
1416	0.30	39.62	8.00	TERMINATING	191	29	220	Affine template / Affine template
1417	0.37	39.00	10.00	TERMINATING	191	29	220	Affine template / Affine template
1418	0.28	36.14	8.00	TERMINATING	191	29	220	Affine template / Affine template
1419	0.31	38.98	9.00	TERMINATING	191	29	220	Affine template / Affine template
1420	0.32	37.86	7.00	TERMINATING	191	29	220	Affine template / Affine template
1421	0.26	39.19	8.00	TERMINATING	84	69	153	Affine template / Affine template
1422	0.28	36.00	10.00	TERMINATING	191	29	220	Affine template / Affine template
1423	0.28	38.95	10.00	TERMINATING	191	29	220	Affine template / Affine template
1424	0.27	36.25	8.00	TERMINATING	191	29	220	Affine template / Affine template
1425	0.31	45.79	9.00	TERMINATING	191	29	220	Affine template / Affine template
1426	0.31	38.05	9.00	TERMINATING	191	29	220	Affine template / Affine template
1427	0.33	38.95	8.00	TERMINATING	191	29	220	Affine template / Affine template
1428	0.27	41.31	8.00	TERMINATING	191	29	220	Affine template / Affine template
1429	0.30	37.75	9.00	TERMINATING	191	29	220	Affine template / Affine template
1430	0.33	39.79	11.00	TERMINATING	191	29	220	Affine template / Affine template
1431	0.29	41.28	9.00	TERMINATING	191	29	220	Affine template / Affine template
1432	0.28	38.75	10.00	TERMINATING	137	69	206	Affine template / Affine template
1433	0.37	49.00	9.00	TERMINATING	191	29	220	Affine template / Affine template
1434	0.31	39.25	9.00	TERMINATING	191	29	220	Affine template / Affine template
1435	0.45	36.58	9.00	TERMINATING	191	29	220	Affine template / Affine template
1436	0.34	37.90	11.00	TERMINATING	191	29	220	Affine template / Affine template
1437	0.32	44.46	9.00	TERMINATING	191	29	220	Affine template / Affine template
1438	0.43	40.65	10.00	TERMINATING	191	29	220	Affine template / Affine template
1439	0.32	42.83	9.00	TERMINATING	191	29	220	Affine template / Affine template
1440	0.29	41.49	10.00	TERMINATING	191	29	220	Affine template / Affine template
1441	0.30	37.16	10.00	TERMINATING	191	29	220	Affine template / Affine template
1442	0.31	45.86	10.00	TERMINATING	191	29	220	Affine template / Affine template
1443	0.34	77.87	22.00	TERMINATING	140	40	180	Affine template / Affine template
1444	0.30	37.06	10.00	TERMINATING	191	29	220	Affine template / Affine template
1445	0.38	36.46	10.00	TERMINATING	191	29	220	Affine template / Affine template
1446	0.37	42.81	10.00	TERMINATING	191	29	220	Affine template / Affine template
1447	0.32	47.47	9.00	TERMINATING	191	29	220	Affine template / Affine template
1448	0.30	36.56	10.00	TERMINATING	191	29	220	Affine template / Affine template
1449	0.32	36.66	10.00	TERMINATING	191	29	220	Affine template / Affine template
1450	0.31	42.32	9.00	TERMINATING	191	29	220	Affine template / Affine template
1451	0.28	36.20	8.00	TERMINATING	191	29	220	Affine template / Affine template
1452	0.34	37.79	8.00	TERMINATING	191	29	220	Affine template / Affine template
1453	0.26	41.49	11.00	TERMINATING	191	29	220	Affine template / Affine template
1454	0.29	37.90	8.00	TERMINATING	191	29	220	Affine template / Affine template
1455	0.39	38.48	10.00	TERMINATING	191	29	220	Affine template / Affine template
1456	0.30	36.01	9.00	TERMINATING	191	29	220	Affine template / Affine template
1457	0.30	39.91	9.00	TERMINATING	191	29	220	Affine template / Affine template
1458	0.29	37.84	8.00	TERMINATING	191	29	220	Affine template / Affine template
1459	0.31	37.23	11.00	TERMINATING	191	29	220	Affine template / Affine template
1460	0.33	37.08	9.00	TERMINATING	191	29	220	Affine template / Affine template
1461	0.38	57.18	14.00	TERMINATING	169	41	210	Affine template / Affine template
1462	0.43	56.41	18.00	TERMINATING	160	48	208	Affine template / Affine template
1463	0.38	65.51	16.00	TERMINATING	165	53	218	Affine template / Affine template
1464	0.33	55.80	14.00	TERMINATING	214	50	264	Affine template / Affine template
1465	0.43	58.64	17.00	TERMINATING	207	41	248	Affine template / Affine template
1466	0.30	55.58	16.00	TERMINATING	229	61	290	Affine template / Affine template
1467	0.40	59.68	19.00	TERMINATING	245	41	286	Affine template / Affine template
1468	0.51	76.02	29.00	TERMINATING	290	89	379	Affine template / Affine template
1469	0.51	140.00	57.00	TERMINATING	296	48	344	Affine template / Affine template
1470	1.55	71.90	12.00	TERMINATING	56	50	106	Affine template / Affine template
1471	0.45	58.95	17.00	TERMINATING	306	41	347	Affine template / Affine template
1472	0.45	124.20	45.00	TERMINATING	352	48	400	Affine template / Affine template
1473	0.78	112.07	37.00	TERMINATING	116	61	177	Affine template / Affine template
1474	0.42	60.60	15.00	TERMINATING	119	48	167	Affine template / Affine template
1475	0.48	68.29	20.00	TERMINATING	153	89	242	Affine template / Affine template
1476	0.43	58.41	17.00	TERMINATING	156	41	197	Affine template / Affine template
1477	0.43	52.13	19.00	TERMINATING	164	50	214	Affine template / Affine template
1478	1.55	55.34	11.00	TERMINATING	24	23	47	Affine template / Affine template
1479	1.99	80.81	10.00	TERMINATING	40	34	74	Affine template / Affine template
1480	1.64	59.32	8.00	TERMINATING	36	26	62	Affine template / Affine template
1481	0.32	42.04	9.00	TERMINATING	134	26	160	Affine template / Affine template
1482	0.37	41.12	8.00	TERMINATING	134	26	160	Affine template / Affine template
1483	0.38	41.78	8.00	TERMINATING	134	26	160	Affine template / Affine template
1484	0.37	40.83	9.00	TERMINATING	134	26	160	Affine template / Affine template
1485	0.38	50.43	11.00	TERMINATING	134	26	160	Affine template / Affine template
1486	0.34	40.77	10.00	TERMINATING	134	26	160	Affine template / Affine template
1487	0.35	39.54	10.00	TERMINATING	134	26	160	Affine template / Affine template
1488	0.33	36.48	8.00	TERMINATING	134	26	160	Affine template / Affine template
1489	0.39	43.42	9.00	TERMINATING	134	26	160	Affine template / Affine template
1490	0.37	38.74	10.00	TERMINATING	134	26	160	Affine template / Affine template
1491	0.38	40.24	9.00	TERMINATING	134	26	160	Affine template / Affine template
1492	0.32	43.07	10.00	TERMINATING	134	26	160	Affine template / Affine template
1493	0.39	40.21	10.00	TERMINATING	134	26	160	Affine template / Affine template
1494	0.41	41.47	10.00	TERMINATING	134	26	160	Affine template / Affine template
1495	0.33	42.73	8.00	TERMINATING	134	26	160	Affine template / Affine template
1496	0.35	41.50	10.00	TERMINATING	134	26	160	Affine template / Affine template
1497	0.30	38.45	10.00	TERMINATING	134	26	160	Affine template / Affine template
1498	0.29	45.56	13.00	TERMINATING	134	26	160	Affine template / Affine template
1499	0.38	39.97	9.00	TERMINATING	134	26	160	Affine template / Affine template
1500	0.38	38.99	9.00	TERMINATING	134	26	160	Affine template / Affine template
1501	0.37	43.17	8.00	TERMINATING	134	26	160	Affine template / Affine template
1502	0.35	44.64	8.00	TERMINATING	134	26	160	Affine template / Affine template
1503	0.40	39.83	10.00	TERMINATING	134	26	160	Affine template / Affine template
1504	0.31	41.38	9.00	TERMINATING	134	26	160	Affine template / Affine template
1505	0.37	39.37	11.00	TERMINATING	134	26	160	Affine template / Affine template
1506	0.51	57.58	10.00	TERMINATING	134	26	160	Affine template / Affine template
1507	0.36	42.75	10.00	TERMINATING	134	26	160	Affine template / Affine template
1508	0.37	38.81	9.00	TERMINATING	134	26	160	Affine template / Affine template
1509	0.36	45.92	9.00	TERMINATING	134	26	160	Affine template / Affine template
1510	0.40	40.87	10.00	TERMINATING	134	26	160	Affine template / Affine template
1511	0.37	39.04	11.00	TERMINATING	134	26	160	Affine template / Affine template
1512	0.39	43.64	8.00	TERMINATING	134	26	160	Affine template / Affine template
1513	0.44	39.51	8.00	TERMINATING	134	26	160	Affine template / Affine template
1514	0.33	42.34	10.00	TERMINATING	134	26	160	Affine template / Affine template
1515	0.34	45.69	9.00	TERMINATING	134	26	160	Affine template / Affine template
1516	0.31	41.94	10.00	TERMINATING	134	26	160	Affine template / Affine template
1517	0.37	38.40	9.00	TERMINATING	134	26	160	Affine template / Affine template
1518	0.41	39.79	9.00	TERMINATING	134	26	160	Affine template / Affine template
1519	0.28	39.39	8.00	TERMINATING	134	26	160	Affine template / Affine template
1520	0.47	45.53	10.00	TERMINATING	134	26	160	Affine template / Affine template
1521	0.28	40.30	8.00	TERMINATING	134	26	160	Affine template / Affine template
1522	0.31	45.26	9.00	TERMINATING	134	26	160	Affine template / Affine template
1523	0.37	37.69	9.00	TERMINATING	134	26	160	Affine template / Affine template
1524	0.31	40.54	11.00	TERMINATING	134	26	160	Affine template / Affine template
1525	0.34	44.84	11.00	TERMINATING	134	26	160	Affine template / Affine template
1526	0.34	38.73	10.00	TERMINATING	134	26	160	Affine template / Affine template
1527	0.34	43.14	10.00	TERMINATING	134	26	160	Affine template / Affine template
1528	0.33	38.03	8.00	TERMINATING	134	26	160	Affine template / Affine template
1529	0.28	39.40	9.00	TERMINATING	134	26	160	Affine template / Affine template
1530	0.33	39.63	8.00	TERMINATING	134	26	160	Affine template / Affine template
1531	0.28	40.44	10.00	TERMINATING	134	26	160	Affine template / Affine template
1532	0.31	38.02	8.00	TERMINATING	134	26	160	Affine template / Affine template
1533	0.33	38.52	10.00	TERMINATING	134	26	160	Affine template / Affine template
1534	0.38	40.11	9.00	TERMINATING	134	26	160	Affine template / Affine template
1535	0.28	41.79	8.00	TERMINATING	134	26	160	Affine template / Affine template
1536	0.36	41.45	11.00	TERMINATING	134	26	160	Affine template / Affine template
1537	0.31	40.15	10.00	TERMINATING	134	26	160	Affine template / Affine template
1538	0.32	48.86	9.00	TERMINATING	134	26	160	Affine template / Affine template
1539	0.34	48.79	10.00	TERMINATING	134	26	160	Affine template / Affine template
1540	0.34	44.82	9.00	TERMINATING	134	26	160	Affine template / Affine template
1541	0.37	46.18	9.00	TERMINATING	134	26	160	Affine template / Affine template
1542	0.81	295.02	56.00	TERMINATING	69	50	119	Affine template / Affine template
1543	0.39	42.05	10.00	TERMINATING	134	26	160	Affine template / Affine template
1544	0.38	46.36	10.00	TERMINATING	134	26	160	Affine template / Affine template
1545	0.38	42.01	10.00	TERMINATING	134	26	160	Affine template / Affine template
1546	0.39	43.57	10.00	TERMINATING	134	26	160	Affine template / Affine template
1547	0.44	39.62	9.00	TERMINATING	134	26	160	Affine template / Affine template
1548	0.38	41.63	14.00	TERMINATING	134	26	160	Affine template / Affine template
1549	0.35	43.56	9.00	TERMINATING	134	26	160	Affine template / Affine template
1550	0.41	42.08	9.00	TERMINATING	134	26	160	Affine template / Affine template
1551	0.33	42.79	11.00	TERMINATING	134	26	160	Affine template / Affine template
1552	0.39	41.35	10.00	TERMINATING	134	26	160	Affine template / Affine template
1553	0.36	41.58	9.00	TERMINATING	134	26	160	Affine template / Affine template
1554	0.29	43.21	10.00	TERMINATING	134	26	160	Affine template / Affine template
1555	0.29	44.95	10.00	TERMINATING	134	26	160	Affine template / Affine template
1556	0.36	46.35	10.00	TERMINATING	134	26	160	Affine template / Affine template
1557	0.54	40.33	8.00	TERMINATING	134	26	160	Affine template / Affine template
1558	0.54	40.80	9.00	TERMINATING	134	26	160	Affine template / Affine template
1559	0.34	41.33	10.00	TERMINATING	134	26	160	Affine template / Affine template
1560	0.27	48.91	10.00	TERMINATING	134	26	160	Affine template / Affine template
1561	0.36	40.86	9.00	TERMINATING	134	26	160	Affine template / Affine template
1562	0.30	42.19	11.00	TERMINATING	134	26	160	Affine template / Affine template
1563	0.54	111.40	52.00	TERMINATING	80	58	138	Affine template / Affine template
1564	0.36	44.65	9.00	TERMINATING	134	26	160	Affine template / Affine template
1565	0.29	41.22	10.00	TERMINATING	134	26	160	Affine template / Affine template
1566	0.33	40.85	9.00	TERMINATING	134	26	160	Affine template / Affine template
1567	0.35	41.61	8.00	TERMINATING	134	26	160	Affine template / Affine template
1568	0.36	42.63	10.00	TERMINATING	134	26	160	Affine template / Affine template
1569	0.32	45.53	9.00	TERMINATING	134	26	160	Affine template / Affine template
1570	0.38	39.17	10.00	TERMINATING	134	26	160	Affine template / Affine template
1571	0.35	40.86	10.00	TERMINATING	134	26	160	Affine template / Affine template
1572	0.39	40.01	10.00	TERMINATING	134	26	160	Affine template / Affine template
1573	0.35	40.53	9.00	TERMINATING	134	26	160	Affine template / Affine template
1574	0.47	44.91	16.00	TERMINATING	102	26	128	Affine template / Affine template
1575	0.37	41.85	10.00	TERMINATING	134	26	160	Affine template / Affine template
1576	0.34	42.44	10.00	TERMINATING	134	26	160	Affine template / Affine template
1577	0.31	45.69	10.00	TERMINATING	134	26	160	Affine template / Affine template
1578	0.32	40.53	8.00	TERMINATING	134	26	160	Affine template / Affine template
1579	0.34	38.11	9.00	TERMINATING	134	26	160	Affine template / Affine template
1580	0.37	42.73	10.00	TERMINATING	134	26	160	Affine template / Affine template
1581	0.33	42.36	7.00	TERMINATING	134	26	160	Affine template / Affine template
1582	0.41	41.58	10.00	TERMINATING	134	26	160	Affine template / Affine template
1583	0.37	50.12	9.00	TERMINATING	134	26	160	Affine template / Affine template
1584	0.37	41.34	8.00	TERMINATING	134	26	160	Affine template / Affine template
1585	0.45	48.21	14.00	TERMINATING	128	26	154	Affine template / Affine template
1586	0.42	42.14	11.00	TERMINATING	134	26	160	Affine template / Affine template
1587	0.38	41.21	8.00	TERMINATING	134	26	160	Affine template / Affine template
1588	0.36	42.49	9.00	TERMINATING	134	26	160	Affine template / Affine template
1589	0.39	42.05	10.00	TERMINATING	134	26	160	Affine template / Affine template
1590	0.38	41.01	9.00	TERMINATING	134	26	160	Affine template / Affine template
1591	0.30	50.14	7.00	TERMINATING	134	26	160	Affine template / Affine template
1592	0.38	42.39	9.00	TERMINATING	134	26	160	Affine template / Affine template
1593	0.33	39.64	9.00	TERMINATING	134	26	160	Affine template / Affine template
1594	0.39	42.44	11.00	TERMINATING	134	26	160	Affine template / Affine template
1595	0.45	39.71	9.00	TERMINATING	134	26	160	Affine template / Affine template
1596	0.66	51.45	16.00	TERMINATING	102	76	178	Affine template / Affine template
1597	0.41	41.38	9.00	TERMINATING	134	26	160	Affine template / Affine template
1598	0.44	41.08	10.00	TERMINATING	134	26	160	Affine template / Affine template
1599	0.31	40.31	10.00	TERMINATING	134	26	160	Affine template / Affine template
1600	0.34	40.47	9.00	TERMINATING	134	26	160	Affine template / Affine template
1601	0.36	41.71	10.00	TERMINATING	134	26	160	Affine template / Affine template
1602	0.36	39.45	10.00	TERMINATING	134	26	160	Affine template / Affine template
1603	0.38	41.67	11.00	TERMINATING	134	26	160	Affine template / Affine template
1604	0.37	39.73	7.00	TERMINATING	134	26	160	Affine template / Affine template
1605	0.37	43.80	9.00	TERMINATING	134	26	160	Affine template / Affine template
1606	0.34	39.97	10.00	TERMINATING	134	26	160	Affine template / Affine template
1607	0.36	44.36	7.00	TERMINATING	134	26	160	Affine template / Affine template
1608	0.38	39.25	9.00	TERMINATING	134	26	160	Affine template / Affine template
1609	0.36	42.16	9.00	TERMINATING	134	26	160	Affine template / Affine template
1610	0.34	42.17	10.00	TERMINATING	134	26	160	Affine template / Affine template
1611	0.35	43.72	8.00	TERMINATING	134	26	160	Affine template / Affine template
1612	0.47	39.23	9.00	TERMINATING	134	26	160	Affine template / Affine template
1613	0.33	41.41	11.00	TERMINATING	134	26	160	Affine template / Affine template
1614	0.32	40.80	9.00	TERMINATING	134	26	160	Affine template / Affine template
1615	0.38	43.96	10.00	TERMINATING	134	26	160	Affine template / Affine template
1616	0.37	46.88	8.00	TERMINATING	134	26	160	Affine template / Affine template
1617	0.33	43.10	9.00	TERMINATING	134	26	160	Affine template / Affine template
1618	0.41	42.42	10.00	TERMINATING	134	26	160	Affine template / Affine template
1619	0.37	41.74	10.00	TERMINATING	134	26	160	Affine template / Affine template
1620	0.34	40.00	9.00	TERMINATING	134	26	160	Affine template / Affine template
1621	0.38	39.73	8.00	TERMINATING	134	26	160	Affine template / Affine template
1622	0.37	45.00	10.00	TERMINATING	134	26	160	Affine template / Affine template
1623	0.42	44.30	8.00	TERMINATING	134	26	160	Affine template / Affine template
1624	0.28	39.59	10.00	TERMINATING	134	26	160	Affine template / Affine template
1625	0.37	40.07	10.00	TERMINATING	134	26	160	Affine template / Affine template
1626	0.53	41.11	10.00	TERMINATING	134	26	160	Affine template / Affine template
1627	0.40	39.79	10.00	TERMINATING	134	26	160	Affine template / Affine template
1628	0.34	39.19	11.00	TERMINATING	134	26	160	Affine template / Affine template
1629	1.76	43.97	5.00	TERMINATING	20	9	29	Affine template / Affine template
1630	1.97	57.27	7.00	TERMINATING	24	10	34	Affine template / Affine template
1631	0.49	83.14	24.00	TERMINATING	36	13	49	Affine template / Affine template
1632	0.34	38.36	9.00	TERMINATING	42	10	52	Affine template / Affine template
1633	1.86	64.13	8.00	TERMINATING	24	19	43	Affine template / Affine template
1634	0.43	81.35	30.00	TERMINATING	27	26	53	Affine template / Affine template
1635	0.30	38.60	8.00	TERMINATING	43	26	69	Affine template / Affine template
1636	1.92	60.07	7.00	TERMINATING	34	14	48	Affine template / Affine template
1637	1.94	71.85	10.00	TERMINATING	68	18	86	Affine template / Affine template
1638	1.67	61.44	6.00	TERMINATING	42	14	56	Affine template / Affine template
1639	2.17	61.73	10.00	TERMINATING	32	18	50	Affine template / Affine template
1640	1.64	53.31	6.00	TERMINATING	49	13	62	Affine template / Affine template
1641	1.99	57.06	8.00	TERMINATING	28	19	47	Affine template / Affine template
1642	1.98	66.93	8.00	TERMINATING	28	12	40	Affine template / Affine template
1643	1.79	58.31	9.00	TERMINATING	28	25	53	Affine template / Affine template
1644	2.63	130.42	15.00	TERMINATING	5	1	6	Affine template / Affine template
1645	0.45	44.52	7.00	TERMINATING	7	9	16	Affine template / Affine template
1646	0.33	38.82	8.00	TERMINATING	14	7	21	Affine template / Affine template
1647	0.67	41.67	7.00	TERMINATING	7	9	16	Affine template / Affine template
1648	0.33	38.81	8.00	TERMINATING	14	7	21	Affine template / Affine template
1649	1.54	59.54	9.00	TERMINATING	5	3	8	Affine template / Affine template
1650	0.65	44.25	8.00	TERMINATING	6	1	7	Affine template / Affine template
1651	2.10	57.53	10.00	TERMINATING	5	1	6	Affine template / Affine template
1652	2.05	56.56	8.00	TERMINATING	5	1	6	Affine template / Affine template
1653	2.26	68.89	11.00	TERMINATING	5	1	6	Affine template / Affine template
1654	2.02	68.82	11.00	TERMINATING	5	1	6	Affine template / Affine template
1655	2.43	57.87	9.00	TERMINATING	5	1	6	Affine template / Affine template
1656	1.93	68.32	10.00	TERMINATING	6	1	7	Affine template / Affine template
1657	2.02	100.19	15.00	TERMINATING	5	1	6	Affine template / Affine template
1658	2.15	53.80	15.00	TERMINATING	5	3	8	Affine template / Affine template
1659	2.00	61.85	13.00	TERMINATING	5	3	8	Affine template / Affine template
1660	0.52	48.20	11.00	TERMINATING	8	1	9	Affine template / Affine template
1661	1.90	62.89	9.00	TERMINATING	5	2	7	Affine template / Affine template
1662	0.47	50.56	7.00	TERMINATING	6	1	7	Affine template / Affine template
1663	3.57	70.32	11.00	TERMINATING	5	2	7	Affine template / Affine template
1664	0.50	53.68	10.00	TERMINATING	6	1	7	Affine template / Affine template
1665	2.34	63.32	8.00	TERMINATING	5	1	6	Affine template / Affine template
1666	2.16	56.90	9.00	TERMINATING	5	1	6	Affine template / Affine template
1667	1.84	63.24	10.00	TERMINATING	6	1	7	Affine template / Affine template
1668	1.77	71.61	10.00	TERMINATING	5	1	6	Affine template / Affine template
1669	2.25	56.87	11.00	TERMINATING	5	1	6	Affine template / Affine template
1670	2.19	77.53	12.00	TERMINATING	5	1	6	Affine template / Affine template
1671	1.88	59.90	9.00	TERMINATING	5	2	7	Affine template / Affine template
1672	1.67	57.67	8.00	TERMINATING	5	3	8	Affine template / Affine template
1673	0.83	43.97	8.00	TERMINATING	6	1	7	Affine template / Affine template
1674	2.08	195.08	21.00	TERMINATING	5	1	6	Affine template / Affine template
1675	2.20	87.18	12.00	TERMINATING	5	1	6	Affine template / Affine template
1676	1.88	141.44	21.00	TERMINATING	5	1	6	Affine template / Affine template
1677	2.39	2745.73	174.00	TERMINATING	14	3	17	Affine template / Affine template
1678	1.80	55.78	6.00	TERMINATING	32	13	45	Affine template / Affine template
1679	0.32	37.52	5.00	TERMINATING	37	13	50	Affine template / Affine template
1680	1.83	69.41	10.00	TERMINATING	57	9	66	Affine template / Affine template
1681	0.38	52.06	15.00	TERMINATING	61	25	86	Affine template / Affine template
1682	0.62	68.30	29.00	TERMINATING	83	39	122	Affine template / Nested template
1683	0.68	50.07	14.00	TERMINATING	83	17	100	Affine template / Affine template
1684	0.40	49.84	13.00	TERMINATING	87	25	112	Affine template / Affine template
1685	0.53	139.46	105.00	TERMINATING	72	38	110	Affine template / Affine template
1686	0.49	241.54	55.00	TERMINATING	85	46	131	Affine template / Affine template
1687	0.58	144.27	40.00	TERMINATING	60	17	77	Affine template / Affine template
1688	0.52	54.43	22.00	TERMINATING	99	63	162	Affine template / Affine template
1689	0.56	72.52	19.00	TERMINATING	103	51	154	Affine template / Affine template
1690	0.60	77.99	28.00	TERMINATING	104	51	155	Affine template / Nested template
1691	0.55	205.71	26.00	TERMINATING	108	47	155	Affine template / Affine template
1692	0.91	117.97	34.00	TERMINATING	116	76	192	Affine template / Affine template
1693	0.48	51.91	10.00	TERMINATING	65	13	78	Affine template / Affine template
1694	0.81	100.44	22.00	TERMINATING	121	94	215	Affine template / Affine template
1695	0.80	190.85	33.00	TERMINATING	121	94	215	Affine template / Affine template
1696	0.90	76.48	31.00	TERMINATING	121	94	215	Affine template / Affine template
1697	0.72	303.58	49.00	TERMINATING	121	85	206	Affine template / Nested template
1698	0.47	60.31	11.00	TERMINATING	70	21	91	Affine template / Affine template
1699	0.42	56.85	10.00	TERMINATING	74	9	83	Affine template / Affine template
1700	0.43	48.48	13.00	TERMINATING	79	17	96	Affine template / Affine template
1701	0.57	109.25	50.00	TERMINATING	82	21	103	Affine template / Affine template
1702	0.45	46.39	12.00	TERMINATING	83	9	92	Affine template / Affine template
1703	0.56	120.93	42.00	TERMINATING	99	21	120	Affine template / Affine template
1704	1.89	67.68	8.00	TERMINATING	28	22	50	Affine template / Affine template
1705	0.69	46.06	8.00	TERMINATING	41	27	68	Affine template / Affine template
1706	2.04	70.23	11.00	TERMINATING	5	1	6	Affine template / Affine template
1707	1.62	68.79	8.00	TERMINATING	5	2	7	Affine template / Affine template
1708	1.99	54.74	8.00	TERMINATING	5	1	6	Affine template / Affine template
1709	1.98	57.15	9.00	TERMINATING	5	2	7	Affine template / Affine template
1710	0.45	53.17	8.00	TERMINATING	6	1	7	Affine template / Affine template
1711	1.88	158.34	19.00	TERMINATING	5	1	6	Affine template / Affine template
1712	1.98	517.96	44.00	TERMINATING	5	1	6	Affine template / Affine template
1713	1.84	76.66	23.00	TERMINATING	5	4	9	Affine template / Affine template
1714	2.02	84.44	16.00	TERMINATING	5	3	8	Affine template / Affine template
1715	0.52	59.40	19.00	TERMINATING	6	5	11	Affine template / Affine template
1716	2.26	1103.57	82.00	TERMINATING	6	2	8	Affine template / Affine template
1717	2.30	117.11	11.00	TERMINATING	20	9	29	2 template / Nested template
1718	1.88	138.24	10.00	TERMINATING	24	9	33	2 template / Nested template
1719	0.34	81.88	13.00	TERMINATING	51	9	60	2 template / Nested template
1720	0.58	76.47	12.00	TERMINATING	51	9	60	2 template / Nested template
1721	0.36	75.62	10.00	TERMINATING	51	9	60	2 template / Nested template
1722	0.37	84.04	11.00	TERMINATING	51	9	60	2 template / Nested template
1723	0.45	86.23	11.00	TERMINATING	51	9	60	2 template / Nested template
1724	0.37	87.38	11.00	TERMINATING	51	9	60	2 template / Nested template
1725	0.37	78.77	13.00	TERMINATING	51	9	60	2 template / Nested template
1726	0.33	108.87	13.00	TERMINATING	51	9	60	2 template / Nested template
1727	0.29	87.92	11.00	TERMINATING	51	9	60	2 template / Nested template
1728	0.32	82.28	11.00	TERMINATING	51	9	60	2 template / Nested template
1729	0.34	75.06	10.00	TERMINATING	51	9	60	2 template / Nested template
1730	0.33	74.28	15.00	TERMINATING	51	9	60	2 template / Nested template
1731	0.33	76.90	12.00	TERMINATING	51	9	60	2 template / Nested template
1732	0.39	77.57	12.00	TERMINATING	51	9	60	2 template / Nested template
1733	0.36	92.05	13.00	TERMINATING	51	9	60	2 template / Nested template
1734	0.35	86.27	12.00	TERMINATING	51	9	60	2 template / Nested template
1735	0.37	77.09	11.00	TERMINATING	51	9	60	2 template / Nested template
1736	0.36	85.76	13.00	TERMINATING	51	9	60	2 template / Nested template
1737	0.41	77.27	11.00	TERMINATING	51	9	60	2 template / Nested template
1738	0.42	77.21	12.00	TERMINATING	51	9	60	2 template / Nested template
1739	0.39	76.55	10.00	TERMINATING	51	9	60	2 template / Nested template
1740	0.36	81.70	10.00	TERMINATING	51	9	60	2 template / Nested template
1741	0.42	80.90	10.00	TERMINATING	51	9	60	2 template / Nested template
1742	0.38	77.28	11.00	TERMINATING	51	9	60	2 template / Nested template
1743	0.33	85.15	11.00	TERMINATING	51	9	60	2 template / Nested template
1744	0.37	72.45	11.00	TERMINATING	51	9	60	2 template / Nested template
1745	0.35	82.02	12.00	TERMINATING	51	9	60	2 template / Nested template
1746	0.35	81.03	13.00	TERMINATING	51	9	60	2 template / Nested template
1747	0.37	76.71	17.00	TERMINATING	51	9	60	2 template / Nested template
1748	0.33	85.19	11.00	TERMINATING	51	9	60	2 template / Nested template
1749	0.40	84.10	11.00	TERMINATING	51	9	60	2 template / Nested template
1750	0.39	81.51	13.00	TERMINATING	51	9	60	2 template / Nested template
1751	0.40	77.68	10.00	TERMINATING	51	9	60	2 template / Nested template
1752	0.30	91.92	10.00	TERMINATING	51	9	60	2 template / Nested template
1753	0.36	74.02	13.00	TERMINATING	51	9	60	2 template / Nested template
1754	0.37	89.10	10.00	TERMINATING	51	9	60	2 template / Nested template
1755	0.35	78.96	12.00	TERMINATING	51	9	60	2 template / Nested template
1756	0.36	83.19	11.00	TERMINATING	51	9	60	2 template / Nested template
1757	0.34	79.86	11.00	TERMINATING	51	9	60	2 template / Nested template
1758	0.35	82.57	14.00	TERMINATING	51	9	60	2 template / Nested template
1759	0.35	85.89	11.00	TERMINATING	51	9	60	2 template / Nested template
1760	0.35	77.24	11.00	TERMINATING	51	9	60	2 template / Nested template
1761	0.35	76.21	12.00	TERMINATING	51	9	60	2 template / Nested template
1762	0.38	73.81	11.00	TERMINATING	51	9	60	2 template / Nested template
1763	0.38	91.96	11.00	TERMINATING	51	9	60	2 template / Nested template
1764	0.29	79.71	11.00	TERMINATING	51	9	60	2 template / Nested template
1765	0.35	73.45	12.00	TERMINATING	51	9	60	2 template / Nested template
1766	0.34	74.46	11.00	TERMINATING	51	9	60	2 template / Nested template
1767	0.41	78.52	12.00	TERMINATING	51	9	60	2 template / Nested template
1768	0.34	85.02	11.00	TERMINATING	51	9	60	2 template / Nested template
1769	0.32	80.65	12.00	TERMINATING	51	9	60	2 template / Nested template
1770	0.45	80.71	11.00	TERMINATING	51	9	60	2 template / Nested template
1771	0.29	78.10	10.00	TERMINATING	51	9	60	2 template / Nested template
1772	0.37	77.44	10.00	TERMINATING	51	9	60	2 template / Nested template
1773	0.41	215.58	38.00	TERMINATING	31	13	44	2 template / Nested template
1774	0.31	75.61	12.00	TERMINATING	51	9	60	2 template / Nested template
1775	0.32	85.70	10.00	TERMINATING	51	9	60	2 template / Nested template
1776	0.34	79.97	12.00	TERMINATING	51	9	60	2 template / Nested template
1777	0.37	82.02	10.00	TERMINATING	51	9	60	2 template / Nested template
1778	0.36	75.92	12.00	TERMINATING	51	9	60	2 template / Nested template
1779	0.35	79.49	12.00	TERMINATING	51	9	60	2 template / Nested template
1780	0.32	73.54	12.00	TERMINATING	51	9	60	2 template / Nested template
1781	0.37	78.51	13.00	TERMINATING	51	9	60	2 template / Nested template
1782	0.33	73.23	12.00	TERMINATING	51	9	60	2 template / Nested template
1783	0.33	84.18	12.00	TERMINATING	51	9	60	2 template / Nested template
1784	0.35	77.41	10.00	TERMINATING	51	9	60	2 template / Nested template
1785	0.43	73.31	11.00	TERMINATING	51	9	60	2 template / Nested template
1786	0.32	82.03	13.00	TERMINATING	51	9	60	2 template / Nested template
1787	0.29	74.67	11.00	TERMINATING	51	9	60	2 template / Nested template
1788	0.30	73.44	11.00	TERMINATING	51	9	60	2 template / Nested template
1789	0.42	79.69	11.00	TERMINATING	51	9	60	2 template / Nested template
1790	0.35	77.22	14.00	TERMINATING	51	9	60	2 template / Nested template
1791	0.32	75.78	11.00	TERMINATING	51	9	60	2 template / Nested template
1792	0.37	78.27	14.00	TERMINATING	51	9	60	2 template / Nested template
1793	0.32	82.83	11.00	TERMINATING	51	9	60	2 template / Nested template
1794	0.35	78.32	10.00	TERMINATING	51	9	60	2 template / Nested template
1795	0.37	81.60	13.00	TERMINATING	51	9	60	2 template / Nested template
1796	0.35	94.26	11.00	TERMINATING	51	9	60	2 template / Nested template
1797	0.34	85.03	11.00	TERMINATING	51	9	60	2 template / Nested template
1798	0.35	82.02	11.00	TERMINATING	51	9	60	2 template / Nested template
1799	0.38	85.84	10.00	TERMINATING	51	9	60	2 template / Nested template
1800	0.34	75.76	12.00	TERMINATING	51	9	60	2 template / Nested template
1801	0.33	74.03	13.00	TERMINATING	51	9	60	2 template / Nested template
1802	0.45	85.94	11.00	TERMINATING	51	9	60	2 template / Nested template
1803	0.85	81.99	14.00	TERMINATING	51	9	60	2 template / Nested template
1804	0.57	77.31	10.00	TERMINATING	51	9	60	2 template / Nested template
1805	0.53	80.25	12.00	TERMINATING	51	9	60	2 template / Nested template
1806	0.41	80.38	11.00	TERMINATING	51	9	60	2 template / Nested template
1807	0.37	75.63	11.00	TERMINATING	51	9	60	2 template / Nested template
1808	0.35	77.68	11.00	TERMINATING	51	9	60	2 template / Nested template
1809	0.31	78.08	11.00	TERMINATING	51	9	60	2 template / Nested template
1810	0.34	77.97	11.00	TERMINATING	51	9	60	2 template / Nested template
1811	0.36	74.20	11.00	TERMINATING	51	9	60	2 template / Nested template
1812	0.32	82.49	11.00	TERMINATING	51	9	60	2 template / Nested template
1813	0.34	77.19	10.00	TERMINATING	51	9	60	2 template / Nested template
1814	0.26	75.26	11.00	TERMINATING	51	9	60	2 template / Nested template
1815	0.36	77.93	12.00	TERMINATING	51	9	60	2 template / Nested template
1816	0.32	87.30	13.00	TERMINATING	51	9	60	2 template / Nested template
1817	0.32	80.87	10.00	TERMINATING	51	9	60	2 template / Nested template
1818	0.40	92.33	11.00	TERMINATING	51	9	60	2 template / Nested template
1819	0.33	76.24	10.00	TERMINATING	51	9	60	2 template / Nested template
1820	0.36	103.00	10.00	TERMINATING	51	9	60	2 template / Nested template
1821	0.32	76.27	12.00	TERMINATING	51	9	60	2 template / Nested template
1822	0.37	76.52	11.00	TERMINATING	51	9	60	2 template / Nested template
1823	0.31	79.77	11.00	TERMINATING	51	9	60	2 template / Nested template
1824	0.38	73.80	13.00	TERMINATING	51	9	60	2 template / Nested template
1825	0.31	77.68	11.00	TERMINATING	51	9	60	2 template / Nested template
1826	0.31	98.38	12.00	TERMINATING	51	9	60	2 template / Nested template
1827	0.28	74.64	11.00	TERMINATING	51	9	60	2 template / Nested template
1828	0.35	82.44	10.00	TERMINATING	51	9	60	2 template / Nested template
1829	0.35	73.88	10.00	TERMINATING	51	9	60	2 template / Nested template
1830	0.36	72.78	11.00	TERMINATING	51	9	60	2 template / Nested template
1831	0.35	76.38	11.00	TERMINATING	51	9	60	2 template / Nested template
1832	0.29	76.58	12.00	TERMINATING	51	9	60	2 template / Nested template
1833	0.30	75.79	9.00	TERMINATING	51	9	60	2 template / Nested template
1834	0.36	73.84	11.00	TERMINATING	51	9	60	2 template / Nested template
1835	0.27	76.14	10.00	TERMINATING	51	9	60	2 template / Nested template
1836	0.34	108.48	11.00	TERMINATING	51	9	60	2 template / Nested template
1837	0.28	82.01	12.00	TERMINATING	51	9	60	2 template / Nested template
1838	0.35	77.95	12.00	TERMINATING	51	9	60	2 template / Nested template
1839	0.27	82.73	11.00	TERMINATING	51	9	60	2 template / Nested template
1840	0.30	76.15	12.00	TERMINATING	51	9	60	2 template / Nested template
1841	0.26	79.69	15.00	TERMINATING	51	9	60	2 template / Nested template
1842	0.31	91.98	10.00	TERMINATING	51	9	60	2 template / Nested template
1843	0.32	76.13	10.00	TERMINATING	51	9	60	2 template / Nested template
1844	0.27	88.10	12.00	TERMINATING	51	9	60	2 template / Nested template
1845	0.42	79.52	11.00	TERMINATING	51	9	60	2 template / Nested template
1846	0.31	87.05	10.00	TERMINATING	51	9	60	2 template / Nested template
1847	0.66	80.22	11.00	TERMINATING	51	9	60	2 template / Nested template
1848	0.30	83.08	12.00	TERMINATING	51	9	60	2 template / Nested template
1849	0.46	80.41	10.00	TERMINATING	51	9	60	2 template / Nested template
1850	0.32	84.84	11.00	TERMINATING	51	9	60	2 template / Nested template
1851	0.35	84.03	13.00	TERMINATING	50	9	59	2 template / Nested template
1852	0.35	81.84	10.00	TERMINATING	51	9	60	2 template / Nested template
1853	0.33	77.51	13.00	TERMINATING	51	9	60	2 template / Nested template
1854	0.35	78.91	14.00	TERMINATING	51	9	60	2 template / Nested template
1855	0.28	74.10	12.00	TERMINATING	51	9	60	2 template / Nested template
1856	0.28	77.71	11.00	TERMINATING	51	9	60	2 template / Nested template
1857	0.34	79.53	10.00	TERMINATING	51	9	60	2 template / Nested template
1858	0.39	85.73	13.00	TERMINATING	41	22	63	2 template / Nested template
1859	0.29	84.63	10.00	TERMINATING	51	9	60	2 template / Nested template
1860	0.33	90.57	11.00	TERMINATING	51	9	60	2 template / Nested template
1861	0.35	81.69	11.00	TERMINATING	51	9	60	2 template / Nested template
1862	0.37	92.57	9.00	TERMINATING	51	9	60	2 template / Nested template
1863	0.37	81.05	15.00	TERMINATING	51	9	60	2 template / Nested template
1864	0.38	81.51	11.00	TERMINATING	51	9	60	2 template / Nested template
1865	0.33	80.28	13.00	TERMINATING	51	9	60	2 template / Nested template
1866	0.28	77.91	12.00	TERMINATING	51	9	60	2 template / Nested template
1867	0.34	80.42	11.00	TERMINATING	51	9	60	2 template / Nested template
1868	0.35	80.62	11.00	TERMINATING	51	9	60	2 template / Nested template
1869	0.29	75.75	10.00	TERMINATING	51	9	60	2 template / Nested template
1870	0.35	83.26	11.00	TERMINATING	51	9	60	2 template / Nested template
1871	0.30	92.26	10.00	TERMINATING	51	9	60	2 template / Nested template
1872	0.40	84.07	13.00	TERMINATING	51	9	60	2 template / Nested template
1873	0.35	76.75	16.00	TERMINATING	51	9	60	2 template / Nested template
1874	0.45	75.03	11.00	TERMINATING	51	9	60	2 template / Nested template
1875	0.37	84.00	12.00	TERMINATING	51	9	60	2 template / Nested template
1876	0.28	75.58	10.00	TERMINATING	51	9	60	2 template / Nested template
1877	0.36	75.52	12.00	TERMINATING	51	9	60	2 template / Nested template
1878	0.34	77.50	10.00	TERMINATING	51	9	60	2 template / Nested template
1879	0.34	80.64	11.00	TERMINATING	51	9	60	2 template / Nested template
1880	0.35	77.00	11.00	TERMINATING	51	9	60	2 template / Nested template
1881	0.38	86.15	11.00	TERMINATING	51	9	60	2 template / Nested template
1882	0.28	76.91	10.00	TERMINATING	51	9	60	2 template / Nested template
1883	0.32	80.49	12.00	TERMINATING	51	9	60	2 template / Nested template
1884	0.33	87.88	12.00	TERMINATING	51	9	60	2 template / Nested template
1885	0.32	73.04	11.00	TERMINATING	51	9	60	2 template / Nested template
1886	0.37	78.26	14.00	TERMINATING	51	9	60	2 template / Nested template
1887	0.35	77.62	10.00	TERMINATING	51	9	60	2 template / Nested template
1888	0.28	85.26	13.00	TERMINATING	51	9	60	2 template / Nested template
1889	0.42	80.49	14.00	TERMINATING	51	9	60	2 template / Nested template
1890	0.36	88.14	11.00	TERMINATING	51	9	60	2 template / Nested template
1891	0.34	79.73	11.00	TERMINATING	51	9	60	2 template / Nested template
1892	0.36	76.29	13.00	TERMINATING	51	9	60	2 template / Nested template
1893	0.31	79.32	11.00	TERMINATING	51	9	60	2 template / Nested template
1894	0.35	77.31	10.00	TERMINATING	51	9	60	2 template / Nested template
1895	2.08	126.99	12.00	TERMINATING	24	9	33	2 template / Nested template
1896	0.40	97.37	21.00	TERMINATING	73	9	82	2 template / Nested template
1897	0.41	90.31	20.00	TERMINATING	86	9	95	2 template / Nested template
1898	0.41	101.51	21.00	TERMINATING	73	9	82	2 template / Nested template
1899	0.53	102.19	22.00	TERMINATING	86	9	95	2 template / Nested template
1900	0.41	109.03	18.00	TERMINATING	73	9	82	2 template / Nested template
1901	0.41	85.12	20.00	TERMINATING	86	9	95	2 template / Nested template
1902	0.41	94.08	23.00	TERMINATING	73	9	82	2 template / Nested template
1903	0.40	95.13	15.00	TERMINATING	86	9	95	2 template / Nested template
1904	0.40	95.09	15.00	TERMINATING	86	9	95	2 template / Nested template
1905	0.55	105.65	20.00	TERMINATING	73	9	82	2 template / Nested template
1906	0.35	90.83	12.00	TERMINATING	73	9	82	2 template / Nested template
1907	0.47	102.21	16.00	TERMINATING	86	9	95	2 template / Nested template
1908	0.47	94.29	21.00	TERMINATING	86	9	95	2 template / Nested template
1909	0.40	88.88	20.00	TERMINATING	86	9	95	2 template / Nested template
1910	0.43	95.67	19.00	TERMINATING	86	9	95	2 template / Nested template
1911	0.46	82.96	19.00	TERMINATING	86	9	95	2 template / Nested template
1912	0.41	85.85	21.00	TERMINATING	73	9	82	2 template / Nested template
1913	0.42	95.23	20.00	TERMINATING	86	9	95	2 template / Nested template
1914	0.34	111.69	14.00	TERMINATING	86	9	95	2 template / Nested template
1915	0.38	92.72	13.00	TERMINATING	73	9	82	2 template / Nested template
1916	0.41	89.38	21.00	TERMINATING	73	9	82	2 template / Nested template
1917	0.52	90.05	19.00	TERMINATING	73	9	82	2 template / Nested template
1918	0.39	89.12	26.00	TERMINATING	86	9	95	2 template / Nested template
1919	0.39	105.58	18.00	TERMINATING	86	9	95	2 template / Nested template
1920	0.35	83.98	23.00	TERMINATING	86	9	95	2 template / Nested template
1921	0.54	233.66	29.00	TERMINATING	31	13	44	2 template / Nested template
1922	0.32	85.70	17.00	TERMINATING	41	9	50	2 template / Nested template
1923	0.36	92.97	19.00	TERMINATING	73	9	82	2 template / Nested template
1924	0.39	94.90	17.00	TERMINATING	73	9	82	2 template / Nested template
1925	0.38	105.04	17.00	TERMINATING	73	9	82	2 template / Nested template
1926	0.38	89.48	22.00	TERMINATING	73	9	82	2 template / Nested template
1927	0.47	107.12	14.00	TERMINATING	73	9	82	2 template / Nested template
1928	0.35	106.13	21.00	TERMINATING	73	9	82	2 template / Nested template
1929	0.35	98.06	19.00	TERMINATING	73	9	82	2 template / Nested template
1930	0.42	119.38	17.00	TERMINATING	59	9	68	2 template / Nested template
1931	0.34	92.46	13.00	TERMINATING	73	9	82	2 template / Nested template
1932	0.40	98.70	22.00	TERMINATING	86	9	95	2 template / Nested template
1933	0.33	86.30	17.00	TERMINATING	73	9	82	2 template / Nested template
1934	0.44	95.20	19.00	TERMINATING	73	9	82	2 template / Nested template
1935	0.35	85.73	22.00	TERMINATING	86	9	95	2 template / Nested template
1936	0.42	84.42	19.00	TERMINATING	73	9	82	2 template / Nested template
1937	0.38	90.11	19.00	TERMINATING	86	9	95	2 template / Nested template
1938	0.44	123.62	15.00	TERMINATING	86	9	95	2 template / Nested template
1939	0.49	96.91	23.00	TERMINATING	86	9	95	2 template / Nested template
1940	0.40	101.56	14.00	TERMINATING	73	9	82	2 template / Nested template
1941	0.33	100.04	18.00	TERMINATING	73	9	82	2 template / Nested template
1942	0.45	91.10	22.00	TERMINATING	86	9	95	2 template / Nested template
1943	0.37	81.19	25.00	TERMINATING	86	9	95	2 template / Nested template
1944	0.53	90.71	14.00	TERMINATING	73	9	82	2 template / Nested template
1945	0.41	110.52	22.00	TERMINATING	73	9	82	2 template / Nested template
1946	0.40	88.77	24.00	TERMINATING	86	9	95	2 template / Nested template
1947	2.03	51.78	6.00	TERMINATING	28	9	37	Affine template / Affine template
1948	0.51	36.13	5.00	TERMINATING	41	9	50	Affine template / Affine template
1949	0.53	37.42	8.00	TERMINATING	54	9	63	Affine template / Affine template
1950	1.71	139.30	15.00	TERMINATING	24	10	34	2 template / Nested template
1951	0.46	78.00	30.00	TERMINATING	37	14	51	Affine template / Affine template
1952	0.36	78.12	11.00	TERMINATING	44	10	54	2 template / Nested template
1953	2.02	71.81	13.00	TERMINATING	104	28	132	Affine template / Affine template
1954	2.10	75.28	13.00	TERMINATING	104	28	132	Affine template / Affine template
1955	2.24	102.11	20.00	TERMINATING	4	1	5	Affine template / Affine template
1956	1.85	80.06	7.00	TERMINATING	6	3	9	Affine template / Affine template
1957	0.35	47.73	8.00	TERMINATING	21	6	27	Affine template / Affine template
1958	0.33	42.80	13.00	TERMINATING	23	5	28	Affine template / Affine template
1959	2.01	113.68	25.00	TERMINATING	295	31	326	Affine template / Affine template
1960	0.63	135.03	38.00	TERMINATING	558	163	721	Affine template / Affine template
1961	1.95	925.90	88.00	TERMINATING	5	8	13	Affine template / Affine template
1962	0.49	1691.95	109.00	TERMINATING	6	11	17	Affine template / Affine template
1963	1.84	1072.71	100.00	TERMINATING	5	8	13	Affine template / Affine template
1964	0.47	1108.12	124.00	TERMINATING	6	11	17	Affine template / Affine template
1965	2.28	1007.97	90.00	TERMINATING	5	8	13	Affine template / Affine template
1966	0.39	1118.35	110.00	TERMINATING	6	11	17	Affine template / Affine template
1967	0.57	81.61	35.00	TERMINATING	6	279	285	Affine template / Affine template
1968	1.53	38.84	9.00	TERMINATING	0	2	2	Affine template / Affine template
1969	0.50	53.06	15.00	TERMINATING	1	4	5	Affine template / Affine template
1970	0.36	49.04	13.00	TERMINATING	2	2	4	Affine template / Affine template
1971	0.35	46.15	13.00	TERMINATING	2	2	4	Affine template / Affine template
1972	1.55	41.63	9.00	TERMINATING	0	2	2	Affine template / Affine template
1973	0.45	54.94	14.00	TERMINATING	1	4	5	Affine template / Affine template
1974	0.45	42.26	13.00	TERMINATING	2	2	4	Affine template / Affine template
1975	0.32	48.28	13.00	TERMINATING	2	2	4	Affine template / Affine template
1976	1.81	30.69	4.00	TERMINATING	0	2	2	Affine template / Affine template
1977	2.01	47.61	5.00	TERMINATING	1	1	2	Affine template / Affine template
1978	2.15	47.85	6.00	TERMINATING	1	1	2	Affine template / Affine template
1979	2.24	49.92	6.00	TERMINATING	1	1	2	Affine template / Affine template
1980	2.32	68.73	15.00	TERMINATING	1	1	2	Affine template / Affine template
1981	3.96	79.14	15.00	TERMINATING	1	1	2	Affine template / Affine template
1982	2.44	71.80	14.00	TERMINATING	1	1	2	Affine template / Affine template
1983	2.25	81.37	15.00	TERMINATING	1	1	2	Affine template / Affine template
1984	2.33	82.57	15.00	TERMINATING	1	1	2	Affine template / Affine template
1985	2.25	73.25	15.00	TERMINATING	1	1	2	Affine template / Affine template
1986	2.09	89.49	13.00	TERMINATING	1	1	2	Affine template / Affine template
1987	2.05	78.54	15.00	TERMINATING	1	1	2	Affine template / Affine template
1988	2.14	82.17	18.00	TERMINATING	1	1	2	Affine template / Affine template
1989	2.41	81.86	13.00	TERMINATING	1	1	2	Affine template / Affine template
1990	7.75	84.77	13.00	TERMINATING	1	1	2	Affine template / Affine template
1991	1.91	75.75	15.00	TERMINATING	1	1	2	Affine template / Affine template
1992	2.13	103.37	14.00	TERMINATING	1	1	2	Affine template / Affine template
1993	1.91	60.48	6.00	TERMINATING	0	1	1	2 template / Nested template
1994	2.20	57.10	9.00	TERMINATING	1	1	2	Affine template / Affine template
1995	2.17	29.18	5.00	TERMINATING	0	1	1	Affine template / Affine template
1996	2.09	31.82	5.00	TERMINATING	0	1	1	Affine template / Affine template
1997	1.86	59.31	6.00	TERMINATING	0	1	1	2 template / Nested template
1998	2.18	124.93	14.00	TERMINATING	1	2	3	Affine template / Affine template
1999	0.74	92.76	26.00	TERMINATING	3	2	5	Affine template / Affine template
2000	0.58	75.62	30.00	TERMINATING	5	2	7	Affine template / Affine template
2001	4.29	107.10	26.00	TERMINATING	1	1	2	Affine template / Affine template
2002	2.54	99.48	29.00	TERMINATING	1	2	3	Affine template / Affine template
2003	1.79	33.18	5.00	TERMINATING	0	4	4	Affine template / Affine template
2004	0.84	36.56	7.00	TERMINATING	6	4	10	Affine template / Affine template
2005	1.58	70.41	9.00	TERMINATING	0	4	4	Affine template / Affine template
2006	0.53	47.70	10.00	TERMINATING	4	4	8	Affine template / Affine template
2007	0.58	53.68	12.00	TERMINATING	7	4	11	Affine template / Affine template
2008	0.31	44.03	14.00	TERMINATING	10	8	18	Affine template / Affine template
2009	1.84	32.29	5.00	TERMINATING	0	4	4	Affine template / Affine template
2010	0.61	41.15	6.00	TERMINATING	1	4	5	Affine template / Affine template
2011	0.52	37.92	7.00	TERMINATING	4	4	8	Affine template / Affine template
2012	0.38	32.78	6.00	TERMINATING	7	8	15	Affine template / Affine template
2013	0.38	32.55	7.00	TERMINATING	10	4	14	Affine template / Affine template
2014	1.93	26.80	5.00	TERMINATING	0	3	3	Affine template / Affine template
2015	0.61	41.33	6.00	TERMINATING	2	3	5	Affine template / Affine template
2016	3.23	32.09	5.00	TERMINATING	0	3	3	Affine template / Affine template
2017	0.56	47.53	7.00	TERMINATING	2	3	5	Affine template / Affine template
2018	3.15	38.99	5.00	TERMINATING	0	3	3	Affine template / Affine template
2019	0.52	42.08	6.00	TERMINATING	2	3	5	Affine template / Affine template
2020	2.84	1892.91	161.00	TERMINATING	1	2	3	Affine template / Affine template
2021	2.49	1566.15	203.00	TERMINATING	1	2	3	Affine template / Affine template
2022	2.61	1650.43	178.00	TERMINATING	1	2	3	Affine template / Affine template
2023	2.64	1404.48	181.00	TERMINATING	1	2	3	Affine template / Affine template
2024	2.38	86.60	12.00	TERMINATING	1	2	3	Affine template / Affine template
2025	1.98	72.84	10.00	TERMINATING	2	2	4	Affine template / Affine template
2026	1.97	2110.04	164.00	TERMINATING	1	2	3	Affine template / Affine template
2027	1.89	2065.10	167.00	TERMINATING	1	2	3	Affine template / Affine template
2028	1.95	4428.27	151.00	TERMINATING	1	2	3	Affine template / Affine template
2029	1.96	2074.07	162.00	TERMINATING	1	2	3	Affine template / Affine template
2030	1.99	2030.91	162.00	TERMINATING	1	2	3	Affine template / Affine template
2031	1.82	2103.70	176.00	TERMINATING	1	2	3	Affine template / Affine template
2032	1.74	2365.87	172.00	TERMINATING	1	2	3	Affine template / Affine template
2033	1.81	2135.52	170.00	TERMINATING	1	2	3	Affine template / Affine template
2034	2.18	2309.71	167.00	TERMINATING	1	2	3	Affine template / Affine template
2035	1.83	1876.87	165.00	TERMINATING	1	2	3	Affine template / Affine template
2036	1.81	2034.58	169.00	TERMINATING	1	2	3	Affine template / Affine template
2037	2.11	2230.54	175.00	TERMINATING	1	2	3	Affine template / Affine template
2038	1.84	2150.56	175.00	TERMINATING	1	2	3	Affine template / Affine template
2039	2.06	26.80	4.00	TERMINATING	0	1	1	Affine template / Affine template
2040	1.87	31.08	4.00	TERMINATING	1	2	3	Affine template / Affine template
2041	0.47	18.07	4.00	TERMINATING	1	2	3	Affine template / Affine template
2042	2.25	100.54	15.00	TERMINATING	1	2	3	Affine template / Affine template
2043	2.39	94.39	14.00	TERMINATING	1	2	3	Affine template / Affine template
2044	3.68	96.45	20.00	TERMINATING	1	2	3	Affine template / Affine template
2045	7.53	80.67	17.00	TERMINATING	1	2	3	Affine template / Affine template
2046	2.01	87.36	16.00	TERMINATING	1	2	3	Affine template / Affine template
2047	3.46	96.67	16.00	TERMINATING	1	2	3	Affine template / Affine template
2048	2.65	68.05	11.00	TERMINATING	1	1	2	Affine template / Affine template
2049	2.29	94.09	17.00	TERMINATING	1	1	2	Affine template / Affine template
2050	2.37	91.90	17.00	TERMINATING	1	2	3	Affine template / Affine template
2051	2.83	99.77	17.00	TERMINATING	1	1	2	Affine template / Affine template
2052	2.03	55.34	5.00	TERMINATING	1	1	2	Affine template / Affine template
2053	2.81	74.31	10.00	TERMINATING	1	1	2	Affine template / Affine template
2054	2.42	85.57	14.00	TERMINATING	1	1	2	Affine template / Affine template
2055	3.53	50.22	5.00	TERMINATING	1	1	2	Affine template / Affine template
2056	2.10	51.52	4.00	TERMINATING	1	1	2	Affine template / Affine template
2057	2.54	245.46	22.00	TERMINATING	3	2	5	Affine template / Affine template
2058	2.69	139.62	14.00	TERMINATING	1	1	2	Affine template / Affine template
2059	2.03	60.35	6.00	TERMINATING	1	1	2	Affine template / Affine template
2060	2.19	51.15	6.00	TERMINATING	1	1	2	Affine template / Affine template
2061	2.07	57.50	6.00	TERMINATING	1	1	2	Affine template / Affine template
2062	2.13	66.35	6.00	TERMINATING	1	1	2	Affine template / Affine template
2063	2.15	63.47	7.00	TERMINATING	1	1	2	Affine template / Affine template
2064	2.20	403.24	39.00	TERMINATING	1	2	3	Affine template / Affine template
2065	2.85	228.37	47.00	TERMINATING	1	2	3	Affine template / Affine template
2066	5.77	166.61	47.00	TERMINATING	1	2	3	Affine template / Affine template
2067	2.65	170.38	44.00	TERMINATING	1	2	3	Affine template / Affine template
2068	2.66	186.66	42.00	TERMINATING	1	2	3	Affine template / Affine template
2069	2.42	210.14	52.00	TERMINATING	1	3	4	Affine template / Affine template
2070	2.68	185.79	42.00	TERMINATING	1	3	4	Affine template / Affine template
2071	2.45	223.05	56.00	TERMINATING	1	4	5	Affine template / Affine template
2072	2.38	223.92	55.00	TERMINATING	1	3	4	Affine template / Affine template
2073	2.22	203.50	52.00	TERMINATING	1	3	4	Affine template / Affine template
2074	2.74	170.43	35.00	TERMINATING	1	1	2	Affine template / Affine template
2075	3.58	117.29	26.00	TERMINATING	1	2	3	Affine template / Affine template
2076	2.61	121.35	29.00	TERMINATING	1	2	3	Affine template / Affine template
2077	0.69	101.44	47.00	TERMINATING	4	4	8	Affine template / Affine template
2078	2.35	116.21	29.00	TERMINATING	1	3	4	Affine template / Affine template
2079	0.71	138.11	44.00	TERMINATING	5	4	9	Affine template / Affine template
2080	2.31	104.31	27.00	TERMINATING	1	2	3	Affine template / Affine template
2081	0.68	84.47	41.00	TERMINATING	4	3	7	Affine template / Affine template
2082	2.41	108.80	20.00	TERMINATING	1	1	2	Affine template / Affine template
2083	3.29	120.62	25.00	TERMINATING	1	2	3	Affine template / Affine template
2084	2.21	107.38	27.00	TERMINATING	1	2	3	Affine template / Affine template
2085	3.56	79.76	14.00	TERMINATING	1	2	3	Affine template / Affine template
2086	2.01	92.58	20.00	TERMINATING	1	2	3	Affine template / Affine template
2087	0.59	81.12	42.00	TERMINATING	4	4	8	Affine template / Affine template
2088	2.88	91.98	21.00	TERMINATING	1	3	4	Affine template / Affine template
2089	0.71	106.90	41.00	TERMINATING	5	4	9	Affine template / Affine template
2090	2.26	102.14	22.00	TERMINATING	1	2	3	Affine template / Affine template
2091	0.63	87.53	37.00	TERMINATING	4	3	7	Affine template / Affine template
2092	2.19	92.41	14.00	TERMINATING	1	1	2	Affine template / Affine template
2093	1.96	97.93	14.00	TERMINATING	1	2	3	Affine template / Affine template
2094	8.03	91.37	17.00	TERMINATING	1	2	3	Affine template / Affine template
2095	2.25	110.99	20.00	TERMINATING	1	2	3	Affine template / Affine template
2096	1.99	123.72	42.00	TERMINATING	1	4	5	Affine template / Affine template
2097	1.20	121.33	48.00	TERMINATING	6	5	11	Affine template / Affine template
2098	2.15	103.07	35.00	TERMINATING	1	4	5	Affine template / Affine template
2099	1.29	92.57	42.00	TERMINATING	6	6	12	Affine template / Affine template
2100	1.91	121.02	39.00	TERMINATING	1	3	4	Affine template / Affine template
2101	0.91	90.23	46.00	TERMINATING	5	4	9	Affine template / Affine template
2102	1.89	103.80	43.00	TERMINATING	1	4	5	Affine template / Affine template
2103	0.56	100.72	45.00	TERMINATING	6	5	11	Affine template / Affine template
2104	2.18	117.00	39.00	TERMINATING	1	6	7	Affine template / Affine template
2105	0.65	133.16	41.00	TERMINATING	8	8	16	Affine template / Affine template
2106	1.94	102.51	38.00	TERMINATING	1	5	6	Affine template / Affine template
2107	0.50	129.82	41.00	TERMINATING	7	6	13	Affine template / Affine template
2108	2.10	49.56	4.00	TERMINATING	1	1	2	Affine template / Affine template
2109	1.93	50.45	5.00	TERMINATING	1	1	2	Affine template / Affine template
2110	1.97	51.69	5.00	TERMINATING	1	1	2	Affine template / Affine template
2111	1.70	44.35	5.00	TERMINATING	1	1	2	Affine template / Affine template
2112	1.90	43.44	5.00	TERMINATING	1	1	2	Affine template / Affine template
2113	1.56	63.66	8.00	TERMINATING	0	3	3	Affine template / Affine template
2114	0.45	51.85	13.00	TERMINATING	2	4	6	Affine template / Affine template
2115	1.87	51.78	5.00	TERMINATING	1	1	2	Affine template / Affine template
2116	1.89	57.97	4.00	TERMINATING	1	1	2	Affine template / Affine template
2117	2.39	46.38	9.00	TERMINATING	1	1	2	Affine template / Affine template
2118	2.18	48.86	4.00	TERMINATING	1	1	2	Affine template / Affine template
2119	3.88	77.93	9.00	TERMINATING	1	1	2	Affine template / Affine template
2120	2.06	95.78	19.00	TERMINATING	1	1	2	Affine template / Affine template
2121	2.17	108.76	15.00	TERMINATING	1	1	2	Affine template / Affine template
2122	2.29	79.73	9.00	TERMINATING	1	1	2	Affine template / Affine template
2123	2.48	151.38	24.00	TERMINATING	1	2	3	Affine template / Affine template
2124	1.66	63.88	7.00	TERMINATING	0	3	3	Affine template / Affine template
2125	2.11	53.47	4.00	TERMINATING	1	1	2	Affine template / Affine template
2126	1.87	48.15	5.00	TERMINATING	1	1	2	Affine template / Affine template
2127	4.15	893.15	250.00	TERMINATING	1	1	2	Affine template / Affine template
2128	5.11	1161.81	1004.00	TERMINATING	1	1	2	Affine template / Affine template
2129	7.18	2416.27	2064.00	TERMINATING	1	1	2	Affine template / Affine template
2130	2.01	51.10	6.00	TERMINATING	1	1	2	Affine template / Affine template
2131	0.48	40.32	8.00	TERMINATING	1	3	4	Affine template / Affine template
2132	0.36	34.83	6.00	TERMINATING	6	1	7	Affine template / Affine template
2133	1.93	112.58	16.00	TERMINATING	1	2	3	Affine template / Affine template
2134	1.66	82.27	10.00	TERMINATING	1	2	3	Affine template / Affine template
2135	0.67	65.01	17.00	TERMINATING	2	2	4	Affine template / Affine template
2136	0.54	1234.32	125.00	TERMINATING	8	2	10	Affine template / Affine template
2137	2.11	48.36	5.00	TERMINATING	2	1	3	Affine template / Affine template
2138	2.14	46.82	6.00	TERMINATING	1	2	3	Affine template / Affine template
2139	2.38	81.20	25.00	TERMINATING	1	8	9	Affine template / Affine template
2140	1.92	57.61	5.00	TERMINATING	1	1	2	Affine template / Affine template
2141	2.30	58.95	11.00	TERMINATING	1	1	2	Affine template / Affine template
2142	0.57	43.33	6.00	TERMINATING	2	1	3	Affine template / Affine template
2143	1.89	36.24	3.00	TERMINATING	1	1	2	Affine template / Affine template
2144	3.45	54.20	5.00	TERMINATING	1	1	2	Affine template / Affine template
2145	3.15	56.70	6.00	TERMINATING	4	1	5	Affine template / Affine template
2146	3.07	68.94	9.00	TERMINATING	4	1	5	Affine template / Affine template
2147	2.20	50.28	7.00	TERMINATING	5	1	6	Affine template / Affine template
2148	2.21	66.95	6.00	TERMINATING	1	1	2	Affine template / Affine template
2149	2.15	128.54	14.00	TERMINATING	1	1	2	Affine template / Affine template
2150	1.67	234.25	27.00	TERMINATING	1	1	2	Affine template / Affine template
2151	2.17	72.33	8.00	TERMINATING	1	1	2	Affine template / Affine template
2152	1.74	28.88	7.00	TERMINATING	0	4	4	Affine template / Affine template
2153	0.34	18.09	7.00	TERMINATING	0	2	2	Affine template / Affine template
2154	0.46	42.02	8.00	TERMINATING	1	4	5	Affine template / Affine template
2155	0.31	39.46	8.00	TERMINATING	1	4	5	Affine template / Affine template
2156	0.31	41.78	9.00	TERMINATING	2	6	8	Affine template / Affine template
2157	0.35	38.26	9.00	TERMINATING	3	2	5	Affine template / Affine template
2158	0.44	35.83	9.00	TERMINATING	8	6	14	Affine template / Affine template
2159	0.32	39.19	8.00	TERMINATING	7	2	9	Affine template / Affine template
2160	1.72	30.24	7.00	TERMINATING	0	4	4	Affine template / Affine template
2161	0.31	18.21	6.00	TERMINATING	0	2	2	Affine template / Affine template
2162	0.47	40.21	8.00	TERMINATING	1	4	5	Affine template / Affine template
2163	0.31	39.33	8.00	TERMINATING	1	4	5	Affine template / Affine template
2164	0.37	40.39	9.00	TERMINATING	2	6	8	Affine template / Affine template
2165	0.35	38.39	9.00	TERMINATING	3	2	5	Affine template / Affine template
2166	0.38	36.51	9.00	TERMINATING	8	6	14	Affine template / Affine template
2167	0.31	37.74	8.00	TERMINATING	7	2	9	Affine template / Affine template
2168	1.78	32.84	4.00	TERMINATING	0	2	2	Affine template / Affine template
2169	0.54	40.24	7.00	TERMINATING	2	2	4	Affine template / Affine template
2170	0.49	37.69	6.00	TERMINATING	3	1	4	Affine template / Affine template
2171	4.37	55.39	6.00	TERMINATING	1	1	2	Affine template / Affine template
2172	3.96	58.16	6.00	TERMINATING	1	1	2	Affine template / Affine template
2173	2.55	65.02	9.00	TERMINATING	1	1	2	Affine template / Affine template
2174	2.57	52.65	8.00	TERMINATING	1	1	2	Affine template / Affine template
2175	2.11	113.68	10.00	TERMINATING	1	1	2	Affine template / Affine template
2176	2.12	45.70	5.00	TERMINATING	1	1	2	Affine template / Affine template
2177	3.77	49.82	6.00	TERMINATING	1	1	2	Affine template / Affine template
2178	2.21	45.35	6.00	TERMINATING	2	2	4	Affine template / Affine template
2179	2.21	48.18	6.00	TERMINATING	3	3	6	Affine template / Affine template
2180	0.56	47.36	7.00	TERMINATING	4	3	7	Affine template / Affine template
2181	0.55	41.81	6.00	TERMINATING	4	2	6	Affine template / Affine template
2182	0.37	32.40	5.00	TERMINATING	9	2	11	Affine template / Affine template
2183	2.05	54.74	4.00	TERMINATING	2	2	4	Affine template / Affine template
2184	0.48	34.14	5.00	TERMINATING	6	2	8	Affine template / Affine template
2185	0.33	35.19	6.00	TERMINATING	7	2	9	Affine template / Affine template
2186	2.49	70.21	6.00	TERMINATING	5	3	8	Affine template / Affine template
2187	0.80	50.45	9.00	TERMINATING	6	3	9	Affine template / Affine template
2188	2.05	48.37	4.00	TERMINATING	1	2	3	Affine template / Affine template
2189	0.48	42.14	4.00	TERMINATING	2	2	4	Affine template / Affine template
2190	1.84	53.10	8.00	TERMINATING	2	2	4	Affine template / Affine template
2191	0.37	35.30	6.00	TERMINATING	6	2	8	Affine template / Affine template
2192	2.32	49.46	5.00	TERMINATING	2	2	4	Affine template / Affine template
2193	2.10	50.02	7.00	TERMINATING	1	1	2	Affine template / Affine template
2194	1.90	49.60	6.00	TERMINATING	1	1	2	Affine template / Affine template
2195	1.83	49.78	4.00	TERMINATING	1	1	2	Affine template / Affine template
2196	1.97	68.79	8.00	TERMINATING	1	1	2	Affine template / Affine template
2197	2.10	29.27	5.00	TERMINATING	0	1	1	Affine template / Affine template
2198	1.88	30.01	5.00	TERMINATING	0	1	1	Affine template / Affine template
2199	2.23	28.57	5.00	TERMINATING	0	1	1	Affine template / Affine template
2200	9.02	132.45	23.00	TERMINATING	1	5	6	Affine template / Affine template
2201	1.81	31.73	3.00	TERMINATING	0	3	3	Affine template / Affine template
2202	0.30	31.42	6.00	TERMINATING	6	12	18	Affine template / Affine template
2203	5.51	89.44	9.00	TERMINATING	3	3	6	Affine template / Affine template
2204	2.01	48.94	5.00	TERMINATING	1	1	2	Affine template / Affine template
2205	3.14	46.81	5.00	TERMINATING	1	2	3	Affine template / Affine template
2206	3.28	50.67	5.00	TERMINATING	1	2	3	Affine template / Affine template
2207	1.87	54.31	5.00	TERMINATING	1	1	2	Affine template / Affine template
2208	1.86	49.38	4.00	TERMINATING	1	1	2	Affine template / Affine template
2209	0.52	38.53	7.00	TERMINATING	2	1	3	Affine template / Affine template
2210	0.56	39.78	7.00	TERMINATING	2	1	3	Affine template / Affine template
2211	2.18	50.76	6.00	TERMINATING	1	1	2	Affine template / Affine template
2212	2.00	55.44	6.00	TERMINATING	1	1	2	Affine template / Affine template
2213	1.81	81.81	14.00	TERMINATING	1	1	2	Affine template / Affine template
2214	6.70	89.13	15.00	TERMINATING	1	2	3	Affine template / Affine template
2215	2.24	91.82	15.00	TERMINATING	1	1	2	Affine template / Affine template
2216	0.66	139.83	33.00	TERMINATING	3	2	5	Affine template / Affine template
2217	2.09	49.34	4.00	TERMINATING	1	1	2	Affine template / Affine template
2218	4.20	48.55	6.00	TERMINATING	1	2	3	Affine template / Affine template
2219	3.76	50.57	7.00	TERMINATING	1	2	3	Affine template / Affine template
2220	1.86	44.51	5.00	TERMINATING	1	1	2	Affine template / Affine template
2221	1.93	54.85	4.00	TERMINATING	1	1	2	Affine template / Affine template
2222	1.86	53.63	4.00	TERMINATING	1	1	2	Affine template / Affine template
2223	2.20	27.46	6.00	TERMINATING	0	2	2	Affine template / Affine template
2224	2.05	68.86	8.00	TERMINATING	1	1	2	Affine template / Affine template
2225	2.07	46.01	5.00	TERMINATING	1	1	2	Affine template / Affine template
2226	0.37	34.13	7.00	TERMINATING	1	1	2	Affine template / Affine template
2227	0.43	30.78	6.00	TERMINATING	1	1	2	Affine template / Affine template
2228	1.92	172.76	44.00	TERMINATING	1	2	3	Affine template / Affine template
2229	1.95	184.79	45.00	TERMINATING	1	2	3	Affine template / Affine template
2230	2.04	2050.99	136.00	TERMINATING	1	2	3	Affine template / Affine template
2231	3.15	2182.43	137.00	TERMINATING	1	2	3	Affine template / Affine template
2232	2.34	1221.70	89.00	TERMINATING	1	2	3	Affine template / Affine template
2233	2.40	1028.82	88.00	TERMINATING	1	2	3	Affine template / Affine template
2234	1.92	223.02	47.00	TERMINATING	1	2	3	Affine template / Affine template
2235	2.36	196.96	52.00	TERMINATING	1	2	3	Affine template / Affine template
2236	1.94	70.82	7.00	TERMINATING	1	1	2	Affine template / Affine template
2237	2.04	92.77	10.00	TERMINATING	1	1	2	Affine template / Affine template
2238	2.36	142.90	19.00	TERMINATING	1	2	3	Affine template / Affine template
2239	2.02	83.18	10.00	TERMINATING	1	1	2	Affine template / Affine template
2240	1.74	103.32	13.00	TERMINATING	1	1	2	Affine template / Affine template
2241	2.45	18245.08	43.00	TERMINATING	1	1	2	2 template / Affine template
2242	2.18	84.96	11.00	TERMINATING	2	1	3	Affine template / Affine template
2243	3.48	88.55	11.00	TERMINATING	1	1	2	Affine template / Affine template
2244	2.29	142.34	15.00	TERMINATING	1	1	2	Affine template / Affine template
2245	2.31	81.75	10.00	TERMINATING	1	2	3	Affine template / Affine template
2246	1.90	84.57	11.00	TERMINATING	1	1	2	Affine template / Affine template
2247	2.22	94.49	11.00	TERMINATING	1	1	2	Affine template / Affine template
2248	1.85	73.87	10.00	TERMINATING	1	3	4	Affine template / Affine template
2249	1.65	89.96	12.00	TERMINATING	1	1	2	Affine template / Affine template
2250	2.28	87.96	11.00	TERMINATING	1	1	2	Affine template / Affine template
2251	1.97	97.98	10.00	TERMINATING	1	1	2	Affine template / Affine template
2252	1.92	32.85	3.00	TERMINATING	0	1	1	Affine template / Affine template
2253	2.02	88.18	11.00	TERMINATING	1	1	2	Affine template / Affine template
2254	2.24	364.84	132.00	TERMINATING	1	2	3	Affine template / Affine template
2255	2.15	584.65	138.00	TERMINATING	1	4	5	Affine template / Affine template
2256	0.60	276.82	133.00	TERMINATING	2	1	3	Affine template / Affine template
2257	0.80	1627.37	726.00	TERMINATING	6	1	7	Affine template / Affine template
2258	2.42	175.83	61.00	TERMINATING	1	5	6	Affine template / Affine template
2259	0.89	633.90	211.00	TERMINATING	2	1	3	Affine template / Affine template
2260	0.93	3173.92	558.00	TERMINATING	7	1	8	Affine template / Affine template
2261	2.26	171.18	58.00	TERMINATING	1	4	5	Affine template / Affine template
2262	0.88	124.58	69.00	TERMINATING	2	2	4	Affine template / Affine template
2263	0.92	114.08	64.00	TERMINATING	6	2	8	Affine template / Affine template
2264	2.30	206.11	20.00	TERMINATING	1	2	3	Affine template / Affine template
2265	3.07	27.53	4.00	TERMINATING	0	1	1	Affine template / Affine template
2266	1.76	78.44	11.00	TERMINATING	2	1	3	Affine template / Affine template
2267	1.88	84.36	11.00	TERMINATING	1	1	2	Affine template / Affine template
2268	2.15	79.76	11.00	TERMINATING	1	1	2	Affine template / Affine template
2269	1.86	102.88	14.00	TERMINATING	1	1	2	Affine template / Affine template
2270	1.77	19920.26	53.00	TERMINATING	1	1	2	2 template / Affine template
2271	1.77	72.40	13.00	TERMINATING	2	1	3	Affine template / Affine template
2272	2.02	79.14	11.00	TERMINATING	1	1	2	Affine template / Affine template
2273	1.88	184.42	15.00	TERMINATING	1	1	2	Affine template / Affine template
2274	2.09	77.46	10.00	TERMINATING	1	2	3	Affine template / Affine template
2275	1.94	82.09	12.00	TERMINATING	1	1	2	Affine template / Affine template
2276	2.01	75.49	11.00	TERMINATING	1	1	2	Affine template / Affine template
2277	2.47	78.68	10.00	TERMINATING	1	3	4	Affine template / Affine template
2278	1.96	77.76	11.00	TERMINATING	1	1	2	Affine template / Affine template
2279	2.04	77.97	11.00	TERMINATING	1	1	2	Affine template / Affine template
2280	2.17	72.56	10.00	TERMINATING	1	1	2	Affine template / Affine template
2281	1.76	57.61	6.00	TERMINATING	0	3	3	Affine template / Affine template
2282	1.60	49.20	6.00	TERMINATING	0	4	4	Affine template / Affine template
2283	0.34	39.97	7.00	TERMINATING	19	7	26	Affine template / Affine template
2284	1.88	57.65	6.00	TERMINATING	0	3	3	Affine template / Affine template
2285	0.30	44.06	7.00	TERMINATING	6	12	18	Affine template / Affine template
2286	3.72	92.21	7.00	TERMINATING	1	1	2	Affine template / Affine template
2287	2.35	81.50	7.00	TERMINATING	1	1	2	Affine template / Affine template
2288	1.68	103.39	13.00	TERMINATING	1	1	2	Affine template / Affine template
2289	1.75	20171.59	46.00	TERMINATING	1	1	2	2 template / Affine template
2290	2.09	108.38	12.00	TERMINATING	1	1	2	Affine template / Affine template
2291	1.78	101.36	16.00	TERMINATING	1	1	2	Affine template / Affine template
2292	2.89	65039.14	53.00	TERMINATING	1	1	2	2 template / Affine template
2293	1.75	75.92	10.00	TERMINATING	2	1	3	Affine template / Affine template
2294	2.11	101.07	14.00	TERMINATING	1	1	2	Affine template / Affine template
2295	1.88	167.77	20.00	TERMINATING	1	1	2	Affine template / Affine template
2296	1.97	89.95	13.00	TERMINATING	1	2	3	Affine template / Affine template
2297	2.39	94.81	12.00	TERMINATING	1	1	2	Affine template / Affine template
2298	2.07	92.81	13.00	TERMINATING	1	3	4	Affine template / Affine template
2299	0.35	17310.29	43.00	TERMINATING	2	1	3	2 template / Affine template
2300	1.74	16703.63	46.00	TERMINATING	1	1	2	2 template / Affine template
2301	1.89	24149.98	50.00	TERMINATING	1	1	2	2 template / Affine template
2302	2.03	16396.76	51.00	TERMINATING	1	1	2	2 template / Affine template
2303	1.70	98.49	14.00	TERMINATING	1	1	2	Affine template / Affine template
2304	1.89	16769.49	43.00	TERMINATING	1	1	2	2 template / Affine template
2305	2.00	82.40	11.00	TERMINATING	2	1	3	Affine template / Affine template
2306	1.79	73.49	10.00	TERMINATING	2	1	3	Affine template / Affine template
2307	1.51	101.61	13.00	TERMINATING	2	1	3	Affine template / Affine template
2308	1.84	15679.46	46.00	TERMINATING	2	1	3	2 template / Affine template
2309	1.91	76.57	11.00	TERMINATING	2	1	3	Affine template / Affine template
2310	1.81	86.81	11.00	TERMINATING	2	1	3	Affine template / Affine template
2311	2.05	133.44	15.00	TERMINATING	2	1	3	Affine template / Affine template
2312	1.84	74.18	11.00	TERMINATING	2	2	4	Affine template / Affine template
2313	1.74	98.53	11.00	TERMINATING	2	1	3	Affine template / Affine template
2314	1.75	88.40	10.00	TERMINATING	2	1	3	Affine template / Affine template
2315	2.40	84.03	10.00	TERMINATING	2	3	5	Affine template / Affine template
2316	2.99	77.25	12.00	TERMINATING	2	1	3	Affine template / Affine template
2317	1.80	74.99	11.00	TERMINATING	2	1	3	Affine template / Affine template
2318	2.14	75.95	11.00	TERMINATING	2	1	3	Affine template / Affine template
2319	1.87	76.28	9.00	TERMINATING	1	1	2	Affine template / Affine template
2320	1.92	89.73	11.00	TERMINATING	1	1	2	Affine template / Affine template
2321	1.98	128.39	15.00	TERMINATING	1	1	2	Affine template / Affine template
2322	2.04	200.21	20.00	TERMINATING	1	1	2	Affine template / Affine template
2323	1.90	156.39	15.00	TERMINATING	1	2	3	Affine template / Affine template
2324	1.77	135.92	16.00	TERMINATING	1	1	2	Affine template / Affine template
2325	1.86	122.90	15.00	TERMINATING	1	1	2	Affine template / Affine template
2326	2.10	88.33	10.00	TERMINATING	1	2	3	Affine template / Affine template
2327	2.02	97.05	11.00	TERMINATING	1	2	3	Affine template / Affine template
2328	1.95	87.61	11.00	TERMINATING	1	2	3	Affine template / Affine template
2329	2.09	79.69	11.00	TERMINATING	1	2	3	Affine template / Affine template
2330	1.91	97.43	11.00	TERMINATING	1	2	3	Affine template / Affine template
2331	3.21	85.99	10.00	TERMINATING	1	2	3	Affine template / Affine template
2332	2.08	84.09	11.00	TERMINATING	1	2	3	Affine template / Affine template
2333	1.74	77.43	12.00	TERMINATING	1	1	2	Affine template / Affine template
2334	2.10	86.42	11.00	TERMINATING	1	2	3	Affine template / Affine template
2335	1.76	91.01	12.00	TERMINATING	1	1	2	Affine template / Affine template
2336	1.67	86.84	10.00	TERMINATING	1	1	2	Affine template / Affine template
2337	1.69	230.91	31.00	TERMINATING	1	1	2	Affine template / Affine template
2338	2.45	85.07	10.00	TERMINATING	1	1	2	Affine template / Affine template
2339	1.72	79.55	10.00	TERMINATING	1	1	2	Affine template / Affine template
2340	2.17	84.78	11.00	TERMINATING	1	1	2	Affine template / Affine template
2341	2.01	82.67	11.00	TERMINATING	1	1	2	Affine template / Affine template
2342	2.08	84.08	11.00	TERMINATING	1	1	2	Affine template / Affine template
2343	2.05	82.97	12.00	TERMINATING	1	1	2	Affine template / Affine template
2344	6.12	87.84	10.00	TERMINATING	1	1	2	Affine template / Affine template
2345	1.76	82.95	9.00	TERMINATING	1	3	4	Affine template / Affine template
2346	1.74	147.45	13.00	TERMINATING	1	3	4	Affine template / Affine template
2347	2.18	88.23	10.00	TERMINATING	1	4	5	Affine template / Affine template
2348	1.60	93.84	12.00	TERMINATING	1	3	4	Affine template / Affine template
2349	1.67	77.28	14.00	TERMINATING	1	3	4	Affine template / Nested template
2350	1.84	82.17	11.00	TERMINATING	1	5	6	Affine template / Affine template
2351	1.63	83.01	12.00	TERMINATING	1	3	4	Affine template / Affine template
2352	1.81	86.08	10.00	TERMINATING	1	1	2	Affine template / Affine template
2353	2.47	147.77	17.00	TERMINATING	1	1	2	Affine template / Affine template
2354	1.90	86.74	12.00	TERMINATING	1	2	3	Affine template / Affine template
2355	1.89	120.18	14.00	TERMINATING	1	1	2	Affine template / Affine template
2356	1.76	88.92	12.00	TERMINATING	1	1	2	Affine template / Affine template
2357	1.74	86.71	12.00	TERMINATING	1	1	2	Affine template / Affine template
2358	1.64	261.11	28.00	TERMINATING	1	1	2	Affine template / Affine template
2359	1.80	82.19	10.00	TERMINATING	1	1	2	Affine template / Affine template
2360	2.06	83.69	10.00	TERMINATING	1	1	2	Affine template / Affine template
2361	1.85	107.13	15.00	TERMINATING	1	1	2	Affine template / Affine template
2362	2.81	76.04	9.00	TERMINATING	1	2	3	Affine template / Affine template
2363	2.10	79.84	10.00	TERMINATING	1	1	2	Affine template / Affine template
2364	2.08	76.38	10.00	TERMINATING	1	1	2	Affine template / Affine template
2365	2.30	88.09	10.00	TERMINATING	1	3	4	Affine template / Affine template
2366	2.08	79.63	10.00	TERMINATING	1	1	2	Affine template / Affine template
2367	2.12	79.47	11.00	TERMINATING	1	1	2	Affine template / Affine template
2368	2.17	83.07	11.00	TERMINATING	1	1	2	Affine template / Affine template
2369	1.96	97.88	13.00	TERMINATING	1	1	2	Affine template / Affine template
2370	1.83	105.74	14.00	TERMINATING	1	1	2	Affine template / Affine template
2371	1.77	78.21	10.00	TERMINATING	2	1	3	Affine template / Affine template
2372	3.94	77.30	9.00	TERMINATING	1	1	2	Affine template / Affine template
2373	2.23	74.79	10.00	TERMINATING	1	1	2	Affine template / Affine template
2374	6.63	115.70	15.00	TERMINATING	1	1	2	Affine template / Affine template
2375	1.79	86.93	11.00	TERMINATING	1	1	2	Affine template / Affine template
2376	2.19	88.37	11.00	TERMINATING	1	1	2	Affine template / Affine template
2377	1.87	84.56	10.00	TERMINATING	2	1	3	Affine template / Affine template
2378	1.78	85.22	10.00	TERMINATING	1	1	2	Affine template / Affine template
2379	2.49	79.81	11.00	TERMINATING	1	1	2	Affine template / Affine template
2380	2.03	90.17	11.00	TERMINATING	1	1	2	Affine template / Affine template
2381	2.25	57.44	5.00	TERMINATING	1	1	2	Affine template / Affine template
2382	0.44	42.88	9.00	TERMINATING	1	1	2	Affine template / Affine template
2383	2.20	54.01	6.00	TERMINATING	1	1	2	Affine template / Affine template
2384	1.64	27.84	5.00	TERMINATING	0	2	2	Affine template / Affine template
2385	0.32	31.44	5.00	TERMINATING	1	19	20	Affine template / Affine template
2386	0.30	34.25	6.00	TERMINATING	1	3	4	Affine template / Affine template
2387	0.27	32.49	7.00	TERMINATING	3	2	5	Affine template / Affine template
2388	0.27	41.01	7.00	TERMINATING	22	2	24	Affine template / Affine template
2389	3.10	27.34	4.00	TERMINATING	0	2	2	Affine template / Affine template
2390	0.37	38.99	8.00	TERMINATING	1	3	4	Affine template / Affine template
2391	0.33	34.85	7.00	TERMINATING	2	2	4	Affine template / Affine template
2392	1.86	32.92	5.00	TERMINATING	0	2	2	Affine template / Affine template
2393	0.33	37.62	6.00	TERMINATING	1	3	4	Affine template / Affine template
2394	0.31	32.07	7.00	TERMINATING	2	2	4	Affine template / Affine template
2395	2.23	67.77	6.00	TERMINATING	4	3	7	Affine template / Affine template
2396	0.60	40.61	8.00	TERMINATING	5	3	8	Affine template / Affine template
2397	1.92	63.04	14.00	TERMINATING	0	4	4	Affine template / Affine template
2398	2.28	42.63	5.00	TERMINATING	10	1	11	Affine template / Affine template
2399	1.75	125.50	23.00	TERMINATING	8	1	9	Affine template / Affine template
2400	1.64	171.10	26.00	TERMINATING	8	3	11	Affine template / Affine template
2401	1.68	180.67	26.00	TERMINATING	8	3	11	Affine template / Affine template
2402	2.09	290.14	91.00	TERMINATING	8	5	13	Affine template / Affine template
2403	0.86	204.68	57.00	TERMINATING	8	7	15	Affine template / Affine template
2404	2.02	281.05	78.00	TERMINATING	8	5	13	Affine template / Affine template
2405	0.90	224.46	57.00	TERMINATING	8	7	15	Affine template / Affine template
2406	1.63	91.01	10.00	TERMINATING	305	18	323	Affine template / Affine template
2407	0.46	80.67	14.00	TERMINATING	322	53	375	Affine template / Affine template
2408	0.70	76.94	13.00	TERMINATING	339	25	364	Affine template / Affine template
2409	1.59	108.22	11.00	TERMINATING	305	18	323	Affine template / Affine template
2410	0.51	83.04	13.00	TERMINATING	322	53	375	Affine template / Affine template
2411	0.40	74.04	10.00	TERMINATING	339	25	364	Affine template / Affine template
2412	0.40	74.33	12.00	TERMINATING	352	22	374	Affine template / Affine template
2413	0.35	72.91	11.00	TERMINATING	365	13	378	Affine template / Affine template
2414	1.77	95.86	11.00	TERMINATING	297	18	315	Affine template / Affine template
2415	0.45	78.91	13.00	TERMINATING	314	53	367	Affine template / Affine template
2416	2.04	87.67	10.00	TERMINATING	293	18	311	Affine template / Affine template
2417	0.44	81.01	14.00	TERMINATING	310	53	363	Affine template / Affine template
2418	2.06	107.65	36.00	TERMINATING	8	14	22	Affine template / Affine template
2419	2.39	163.05	71.00	TERMINATING	12	12	24	Affine template / Affine template
2420	2.17	75.03	10.00	TERMINATING	85	14	99	Affine template / Affine template
2421	1.98	95.96	14.00	TERMINATING	5	3	8	Affine template / Affine template
2422	1.86	82.09	13.00	TERMINATING	5	2	7	Affine template / Affine template
2423	1.54	49.00	5.00	TERMINATING	20	23	43	Affine template / Affine template
2424	0.70	33.72	5.00	TERMINATING	25	13	38	Affine template / Affine template
2425	1.53	46.19	6.00	TERMINATING	20	23	43	Affine template / Affine template
2426	1.00	34.76	5.00	TERMINATING	25	13	38	Affine template / Affine template
2427	2.15	122.64	13.00	TERMINATING	5	1	6	2 template / Nested template
2428	9.48	76.20	10.00	TERMINATING	85	14	99	Affine template / Affine template
2429	2.04	282.99	151.00	TERMINATING	9	5	14	Affine template / Affine template
2430	3.49	144.40	41.00	TERMINATING	9	5	14	Affine template / Affine template
2431	2.01	66.66	7.00	TERMINATING	5	2	7	Affine template / Affine template
2432	0.68	84.15	30.00	TERMINATING	11	2	13	Affine template / Affine template
2433	2.62	106.25	51.00	TERMINATING	10	15	25	Affine template / Affine template
2434	1.73	57.45	6.00	TERMINATING	1	3	4	Affine template / Affine template
2435	0.86	37.74	6.00	TERMINATING	2	1	3	Affine template / Affine template
2436	1.88	56.36	7.00	TERMINATING	7	3	10	Affine template / Affine template
2437	0.46	34.46	8.00	TERMINATING	8	1	9	Affine template / Affine template
2438	2.41	80.92	14.00	TERMINATING	1	2	3	Affine template / Affine template
2439	0.66	540.39	111.00	TERMINATING	2	3	5	Affine template / Affine template
2440	3.85	92.48	13.00	TERMINATING	1	2	3	Affine template / Affine template
2441	0.67	553.27	82.00	TERMINATING	2	3	5	Affine template / Affine template
2442	3.52	66.43	14.00	TERMINATING	1	3	4	Affine template / Affine template
2443	1.04	505.72	80.00	TERMINATING	2	4	6	Affine template / Affine template
2444	2.74	67.53	13.00	TERMINATING	1	3	4	Affine template / Affine template
2445	0.63	487.22	80.00	TERMINATING	2	4	6	Affine template / Affine template
2446	2.82	186.64	51.00	TERMINATING	10	7	17	Affine template / Affine template
2447	2.01	51.65	6.00	TERMINATING	1	1	2	Affine template / Affine template
2448	2.16	74.37	8.00	TERMINATING	7	1	8	Affine template / Affine template
2449	2.65	177.25	49.00	TERMINATING	10	7	17	Affine template / Affine template
2450	2.08	47.82	7.00	TERMINATING	1	1	2	Affine template / Affine template
2451	1.98	56.62	8.00	TERMINATING	7	1	8	Affine template / Affine template
2452	3.02	141.93	64.00	TERMINATING	11	10	21	Affine template / Affine template
2453	2.08	71.55	10.00	TERMINATING	1	1	2	Affine template / Affine template
2454	2.16	71.16	11.00	TERMINATING	7	1	8	Affine template / Affine template
2455	2.67	224.32	61.00	TERMINATING	11	12	23	Affine template / Affine template
2456	2.18	64.54	9.00	TERMINATING	1	1	2	Affine template / Affine template
2457	2.05	65.98	11.00	TERMINATING	7	1	8	Affine template / Affine template
2458	2.66	124.14	44.00	TERMINATING	10	9	19	Affine template / Affine template
2459	2.28	69.27	9.00	TERMINATING	1	1	2	Affine template / Affine template
2460	2.06	59.13	11.00	TERMINATING	7	1	8	Affine template / Affine template
2461	2.37	201.78	49.00	TERMINATING	12	8	20	Affine template / Affine template
2462	1.66	55.93	8.00	TERMINATING	8	2	10	Affine template / Affine template
2463	2.55	130.19	41.00	TERMINATING	10	10	20	Affine template / Affine template
2464	1.43	90.30	47.00	TERMINATING	16	10	26	Affine template / Affine template
2465	0.41	114.44	32.00	TERMINATING	109	22	131	Affine template / Affine template
2466	1.73	62.13	12.00	TERMINATING	68	22	90	Affine template / Affine template
2467	0.33	49.54	15.00	TERMINATING	72	22	94	Affine template / Affine template
2468	0.31	52.34	12.00	TERMINATING	72	22	94	Affine template / Affine template
2469	0.38	54.05	12.00	TERMINATING	80	22	102	Affine template / Affine template
2470	0.31	50.15	12.00	TERMINATING	84	22	106	Affine template / Affine template
2471	0.41	104.93	42.00	TERMINATING	92	22	114	Affine template / Affine template
2472	2.11	2543.80	27.00	TERMINATING	1	1	2	2 template / Affine template
2473	1.85	164.02	15.00	TERMINATING	5	1	6	Affine template / Affine template
2474	2.12	1658.57	54.00	TERMINATING	5	1	6	2 template / Nested template
2475	2.02	116.30	12.00	TERMINATING	8	4	12	Affine template / Affine template
2476	0.27	170.08	22.00	TERMINATING	53	4	57	Affine template / Affine template
2477	0.52	219.07	45.00	TERMINATING	11	4	15	Affine template / Affine template
2478	0.30	63.32	18.00	TERMINATING	15	8	23	Affine template / Affine template
2479	0.36	190.04	36.00	TERMINATING	18	4	22	Affine template / Affine template
2480	1.83	250.12	25.00	TERMINATING	7	4	11	Affine template / Affine template
2481	0.30	70.42	15.00	TERMINATING	11	8	19	Affine template / Affine template
2482	0.85	209.58	35.00	TERMINATING	13	4	17	Affine template / Affine template
2483	1.88	60.70	7.00	TERMINATING	7	1	8	Affine template / Affine template
2484	1.96	58.53	8.00	TERMINATING	7	1	8	Affine template / Affine template
2485	2.08	50.71	8.00	TERMINATING	7	1	8	Affine template / Affine template
2486	2.09	52.95	5.00	TERMINATING	7	1	8	Affine template / Affine template
2487	1.81	43.30	5.00	TERMINATING	5	2	7	Affine template / Affine template
2488	1.93	51.60	7.00	TERMINATING	5	2	7	Affine template / Affine template
2489	1.82	58.07	8.00	TERMINATING	8	4	12	Affine template / Affine template
2490	2.22	61.64	8.00	TERMINATING	8	4	12	Affine template / Affine template
2491	2.06	2164.91	232.00	TERMINATING	6	6	12	Affine template / Affine template
2492	1.73	53.60	5.00	TERMINATING	5	6	11	Affine template / Affine template
2493	1.75	85.10	16.00	TERMINATING	5	1	6	Affine template / Affine template
2494	2.27	1610.03	49.00	TERMINATING	5	1	6	2 template / Nested template
2495	2.02	59.60	11.00	TERMINATING	5	2	7	Affine template / Affine template
2496	0.51	109.29	19.00	TERMINATING	8	1	9	Affine template / Affine template
2497	0.49	153.86	29.00	TERMINATING	11	1	12	Affine template / Affine template
2498	2.88	61.57	9.00	TERMINATING	5	6	11	Affine template / Affine template
2499	0.44	40.96	11.00	TERMINATING	6	2	8	Affine template / Affine template
2500	0.36	42.25	9.00	TERMINATING	11	2	13	Affine template / Affine template
2501	0.30	39.79	10.00	TERMINATING	14	2	16	Affine template / Affine template
2502	2.06	126.41	19.00	TERMINATING	5	1	6	Affine template / Affine template
2503	1.91	59.04	8.00	TERMINATING	5	1	6	Affine template / Affine template
2504	1.99	85.37	16.00	TERMINATING	5	1	6	Affine template / Affine template
2505	2.26	50.46	10.00	TERMINATING	5	3	8	Affine template / Affine template
2506	0.25	38.03	9.00	TERMINATING	32	3	35	Affine template / Affine template
2507	0.37	59.15	10.00	TERMINATING	9	2	11	Affine template / Affine template
2508	0.41	48.56	8.00	TERMINATING	11	6	17	Affine template / Affine template
2509	0.29	40.97	10.00	TERMINATING	15	8	23	Affine template / Affine template
2510	0.28	37.52	10.00	TERMINATING	15	2	17	Affine template / Affine template
2511	1.96	54.75	12.00	TERMINATING	5	4	9	Affine template / Affine template
2512	0.27	41.74	10.00	TERMINATING	14	11	25	Affine template / Affine template
2513	0.25	37.17	10.00	TERMINATING	21	2	23	Affine template / Affine template
2514	0.27	34.38	11.00	TERMINATING	21	11	32	Affine template / Affine template
2515	0.26	46.36	10.00	TERMINATING	23	4	27	Affine template / Affine template
2516	1.90	63.78	12.00	TERMINATING	5	4	9	Affine template / Affine template
2517	0.33	41.32	13.00	TERMINATING	8	2	10	Affine template / Affine template
2518	0.29	79.87	20.00	TERMINATING	13	5	18	Affine template / Affine template
2519	0.26	42.10	10.00	TERMINATING	15	4	19	Affine template / Affine template
2520	0.35	35.47	12.00	TERMINATING	17	2	19	Affine template / Affine template
2521	0.33	44.53	10.00	TERMINATING	19	4	23	Affine template / Affine template
2522	1.73	61.17	9.00	TERMINATING	6	3	9	Affine template / Affine template
2523	1.83	56.60	7.00	TERMINATING	5	1	6	Affine template / Affine template
2524	1.96	77.10	10.00	TERMINATING	6	2	8	Affine template / Affine template
2525	0.48	51.04	10.00	TERMINATING	8	1	9	Affine template / Affine template
2526	0.55	43.87	12.00	TERMINATING	9	2	11	Affine template / Affine template
2527	0.34	42.55	12.00	TERMINATING	10	4	14	Affine template / Affine template
2528	0.26	37.11	13.00	TERMINATING	11	2	13	Affine template / Affine template
2529	2.06	110.45	20.00	TERMINATING	6	1	7	Affine template / Affine template
2530	1.68	519.18	54.00	TERMINATING	5	1	6	Affine template / Affine template
2531	2.07	122.28	19.00	TERMINATING	6	1	7	Affine template / Affine template
2532	2.01	125.58	14.00	TERMINATING	6	1	7	Affine template / Affine template
2533	2.13	97.95	15.00	TERMINATING	6	1	7	Affine template / Affine template
2534	2.01	68.20	13.00	TERMINATING	5	1	6	Affine template / Affine template
2535	1.88	62.42	10.00	TERMINATING	5	2	7	Affine template / Affine template
2536	0.40	45.70	10.00	TERMINATING	7	1	8	Affine template / Affine template
2537	0.44	41.34	9.00	TERMINATING	6	1	7	Affine template / Affine template
2538	1.95	145.51	16.00	TERMINATING	526	13	539	Affine template / Affine template
2539	1.93	142.08	18.00	TERMINATING	526	13	539	Affine template / Affine template
2540	1.86	125.24	16.00	TERMINATING	505	13	518	Affine template / Affine template
2541	1.91	150.23	22.00	TERMINATING	587	21	608	Affine template / Affine template
2542	1.97	65.26	16.00	TERMINATING	7	4	11	Affine template / Affine template
2543	0.60	59.87	17.00	TERMINATING	8	4	12	Affine template / Affine template
2544	0.50	59.60	20.00	TERMINATING	12	4	16	Affine template / Affine template
2545	1.90	78.87	19.00	TERMINATING	7	6	13	Affine template / Affine template
2546	0.67	56.72	16.00	TERMINATING	8	4	12	Affine template / Affine template
2547	0.63	58.73	25.00	TERMINATING	10	4	14	Affine template / Affine template
2548	0.53	55.13	36.00	TERMINATING	14	4	18	Affine template / Nested template
2549	0.62	64.07	23.00	TERMINATING	16	4	20	Affine template / Affine template
2550	0.58	75.40	26.00	TERMINATING	22	4	26	Affine template / Affine template
2551	1.88	68.70	18.00	TERMINATING	7	6	13	Affine template / Affine template
2552	0.81	70.57	24.00	TERMINATING	11	5	16	Affine template / Affine template
2553	0.68	63.53	26.00	TERMINATING	17	5	22	Affine template / Affine template
2554	0.64	61.65	26.00	TERMINATING	18	5	23	Affine template / Affine template
2555	2.02	88.94	9.00	TERMINATING	9	1	10	Affine template / Affine template
2556	1.57	48.81	5.00	TERMINATING	24	13	37	Affine template / Affine template
2557	1.69	46.87	5.00	TERMINATING	28	13	41	Affine template / Affine template
2558	2.00	50.31	6.00	TERMINATING	16	25	41	Affine template / Affine template
2559	1.66	49.03	5.00	TERMINATING	20	13	33	Affine template / Affine template
2560	2.82	44.13	4.00	TERMINATING	16	13	29	Affine template / Affine template
2561	2.16	57.64	11.00	TERMINATING	5	2	7	Affine template / Affine template
2562	2.00	60.00	10.00	TERMINATING	5	4	9	Affine template / Affine template
2563	1.72	56.40	7.00	TERMINATING	44	13	57	Affine template / Affine template
2564	2.49	177.87	42.00	TERMINATING	16	6	22	Affine template / Affine template
2565	1.92	65.28	10.00	TERMINATING	6	1	7	Affine template / Affine template
2566	2.06	52.17	8.00	TERMINATING	14	3	17	Affine template / Affine template
2567	0.37	47.63	13.00	TERMINATING	16	7	23	Affine template / Affine template
2568	2.94	67.19	8.00	TERMINATING	14	3	17	Affine template / Affine template
2569	0.35	45.75	13.00	TERMINATING	16	7	23	Affine template / Affine template
2570	3.07	166.75	51.00	TERMINATING	10	10	20	Affine template / Affine template
2571	2.04	88.04	15.00	TERMINATING	7	1	8	Affine template / Affine template
2572	2.70	162.58	42.00	TERMINATING	10	7	17	Affine template / Affine template
2573	1.98	49.17	7.00	TERMINATING	1	1	2	Affine template / Affine template
2574	1.98	54.96	6.00	TERMINATING	7	1	8	Affine template / Affine template
2575	2.72	120.10	45.00	TERMINATING	10	9	19	Affine template / Affine template
2576	2.17	74.51	7.00	TERMINATING	1	1	2	Affine template / Affine template
2577	1.98	62.59	11.00	TERMINATING	7	1	8	Affine template / Affine template
2578	2.19	90.93	40.00	TERMINATING	11	8	19	Affine template / Affine template
2579	1.86	57.68	7.00	TERMINATING	8	2	10	Affine template / Affine template
2580	2.09	167.54	55.00	TERMINATING	11	6	17	Affine template / Nested template
2581	1.93	51.12	7.00	TERMINATING	8	1	9	Affine template / Affine template
2582	2.58	170.29	44.00	TERMINATING	10	9	19	Affine template / Affine template
2583	1.89	75.91	9.00	TERMINATING	1	1	2	Affine template / Affine template
2584	2.24	66.78	10.00	TERMINATING	7	1	8	Affine template / Affine template
2585	2.46	104.16	34.00	TERMINATING	10	7	17	Affine template / Affine template
2586	2.17	51.98	8.00	TERMINATING	1	1	2	Affine template / Affine template
2587	2.14	51.57	9.00	TERMINATING	7	1	8	Affine template / Affine template
2588	2.64	152.36	50.00	TERMINATING	10	10	20	Affine template / Affine template
2589	2.24	57.23	7.00	TERMINATING	1	1	2	Affine template / Affine template
2590	1.87	65.74	8.00	TERMINATING	7	1	8	Affine template / Affine template
2591	3.36	284.32	76.00	TERMINATING	11	12	23	Affine template / Affine template
2592	2.43	79.59	8.00	TERMINATING	1	1	2	Affine template / Affine template
2593	2.33	66.95	11.00	TERMINATING	7	1	8	Affine template / Affine template
2594	2.56	280.78	82.00	TERMINATING	14	9	23	Affine template / Affine template
2595	1.75	134.19	54.00	TERMINATING	19	11	30	Affine template / Affine template
2596	2.18	96.54	14.00	TERMINATING	8	3	11	Affine template / Affine template
2597	0.48	44.08	8.00	TERMINATING	9	4	13	Affine template / Affine template
2598	2.65	312.41	83.00	TERMINATING	14	9	23	Affine template / Affine template
2599	1.44	344.44	92.00	TERMINATING	19	9	28	Affine template / Affine template
2600	2.31	117.02	45.00	TERMINATING	10	9	19	Affine template / Affine template
2601	1.37	131.42	52.00	TERMINATING	15	11	26	Affine template / Affine template
2602	2.11	76.48	12.00	TERMINATING	1	1	2	Affine template / Affine template
2603	2.25	101.63	14.00	TERMINATING	7	1	8	Affine template / Affine template
2604	2.55	115.11	54.00	TERMINATING	10	10	20	Affine template / Affine template
2605	1.34	121.09	51.00	TERMINATING	16	13	29	Affine template / Affine template
2606	2.04	86.23	52.00	TERMINATING	19	13	32	Affine template / Affine template
2607	1.99	84.22	12.00	TERMINATING	1	1	2	Affine template / Affine template
2608	3.01	104.75	15.00	TERMINATING	7	1	8	Affine template / Affine template
2609	2.77	133.02	43.00	TERMINATING	10	9	19	Affine template / Affine template
2610	1.42	177.89	55.00	TERMINATING	12	12	24	Affine template / Affine template
2611	2.52	89.04	11.00	TERMINATING	1	1	2	Affine template / Affine template
2612	2.07	96.71	13.00	TERMINATING	7	1	8	Affine template / Affine template
2613	2.60	163.24	62.00	TERMINATING	11	11	22	Affine template / Affine template
2614	1.73	118.26	79.00	TERMINATING	14	16	30	Affine template / Affine template
2615	2.22	110.48	16.00	TERMINATING	1	1	2	Affine template / Affine template
2616	2.11	119.22	22.00	TERMINATING	7	1	8	Affine template / Affine template
2617	2.46	116.49	45.00	TERMINATING	10	15	25	Affine template / Affine template
2618	1.51	89.59	46.00	TERMINATING	15	8	23	Affine template / Affine template
2619	1.93	53.12	6.00	TERMINATING	1	3	4	Affine template / Affine template
2620	0.48	40.49	8.00	TERMINATING	4	1	5	Affine template / Affine template
2621	1.96	58.77	9.00	TERMINATING	7	3	10	Affine template / Affine template
2622	1.12	38.45	8.00	TERMINATING	10	1	11	Affine template / Affine template
2623	2.46	217.69	77.00	TERMINATING	11	18	29	Affine template / Affine template
2624	1.71	174.57	67.00	TERMINATING	17	9	26	Affine template / Affine template
2625	1.87	64.21	16.00	TERMINATING	1	3	4	Affine template / Affine template
2626	1.10	39.28	9.00	TERMINATING	4	1	5	Affine template / Affine template
2627	1.97	53.91	13.00	TERMINATING	7	3	10	Affine template / Affine template
2628	2.25	132.19	39.00	TERMINATING	10	8	18	Affine template / Affine template
2629	1.27	88.33	43.00	TERMINATING	14	6	20	Affine template / Affine template
2630	2.15	51.72	5.00	TERMINATING	1	2	3	Affine template / Affine template
2631	0.41	35.95	7.00	TERMINATING	2	1	3	Affine template / Affine template
2632	2.00	48.05	7.00	TERMINATING	7	2	9	Affine template / Affine template
2633	0.50	36.62	6.00	TERMINATING	8	1	9	Affine template / Affine template
2634	2.96	127.80	79.00	TERMINATING	11	10	21	Affine template / Affine template
2635	1.64	157.22	66.00	TERMINATING	17	7	24	Affine template / Affine template
2636	2.47	58.47	7.00	TERMINATING	1	2	3	Affine template / Affine template
2637	0.63	40.80	7.00	TERMINATING	2	1	3	Affine template / Affine template
2638	1.95	60.85	10.00	TERMINATING	7	2	9	Affine template / Affine template
2639	0.54	47.95	9.00	TERMINATING	8	1	9	Affine template / Affine template
2640	2.08	93.96	36.00	TERMINATING	9	13	22	Affine template / Affine template
2641	0.91	76.19	47.00	TERMINATING	10	17	27	Affine template / Affine template
2642	0.71	58.75	29.00	TERMINATING	16	4	20	Affine template / Affine template
2643	0.69	78.49	18.00	TERMINATING	16	4	20	Affine template / Affine template
2644	2.08	57.69	5.00	TERMINATING	1	4	5	Affine template / Affine template
2645	0.54	32.37	5.00	TERMINATING	3	1	4	Affine template / Affine template
2646	2.08	50.37	6.00	TERMINATING	7	4	11	Affine template / Affine template
2647	0.38	36.82	5.00	TERMINATING	9	1	10	Affine template / Affine template
2648	1.67	44.19	5.00	TERMINATING	1	1	2	Affine template / Affine template
2649	1.65	50.43	8.00	TERMINATING	6	1	7	Affine template / Affine template
2650	2.84	149.23	52.00	TERMINATING	8	15	23	Affine template / Affine template
2651	1.58	95.99	49.00	TERMINATING	18	15	33	Affine template / Affine template
2652	2.16	152.81	24.00	TERMINATING	5	1	6	2 template / Nested template
2653	1.76	69.77	16.00	TERMINATING	5	1	6	Affine template / Affine template
2654	2.31	133.20	36.00	TERMINATING	1	4	5	Affine template / Affine template
2655	0.93	46.89	17.00	TERMINATING	2	6	8	Affine template / Affine template
2656	1.04	64.00	42.00	TERMINATING	5	6	11	Affine template / Affine template
2657	1.28	133.44	76.00	TERMINATING	9	6	15	Affine template / Affine template
2658	2.17	249.61	31.00	TERMINATING	6	4	10	Affine template / Affine template
2659	0.37	43.07	7.00	TERMINATING	7	28	35	Affine template / Affine template
2660	0.39	41.30	7.00	TERMINATING	7	28	35	Affine template / Affine template
2661	3.09	885.53	64.00	TERMINATING	1	4	5	Affine template / Affine template
2662	2.13	47.16	41.00	TERMINATING	0	7	7	Affine template / Affine template
2663	1.04	338.82	87.00	TERMINATING	1	7	8	Affine template / Affine template
2664	1.63	621.71	218.00	TERMINATING	8	7	15	Affine template / Affine template
2665	3.42	24338.65	6402.00	TERMINATING	492	372	864	Affine template / Affine template
2666	1.72	63.30	8.00	TERMINATING	56	21	77	Affine template / Affine template
2667	2.91	62.89	8.00	TERMINATING	56	21	77	Affine template / Affine template
2668	1.51	16896.30	165.00	TERMINATING	5	1	6	Affine template / Affine template
2669	1.49	65.77	10.00	TERMINATING	21	1	22	Affine template / Affine template
2670	2.37	134.31	40.00	TERMINATING	21	6	27	Affine template / Affine template
2671	1.95	107.01	14.00	TERMINATING	6	1	7	Affine template / Affine template
2672	1.73	43.10	6.00	TERMINATING	1	1	2	Affine template / Affine template
2673	2.24	130.87	25.00	TERMINATING	1	1	2	Affine template / Affine template
2674	2.35	117.43	39.00	TERMINATING	5	9	14	Affine template / Affine template
2675	1.22	134.49	37.00	TERMINATING	12	5	17	Affine template / Affine template
2676	1.24	93.68	48.00	TERMINATING	17	19	36	Affine template / Affine template
2677	2.36	102.40	29.00	TERMINATING	6	7	13	Affine template / Affine template
2678	2.06	60.25	9.00	TERMINATING	5	2	7	Affine template / Affine template
2679	0.43	50.83	10.00	TERMINATING	6	3	9	Affine template / Affine template
2680	0.44	43.03	9.00	TERMINATING	7	1	8	Affine template / Affine template
2681	0.34	47.79	10.00	TERMINATING	10	1	11	Affine template / Affine template
2682	0.32	43.30	9.00	TERMINATING	11	1	12	Affine template / Affine template
2683	0.26	37.41	9.00	TERMINATING	12	1	13	Affine template / Affine template
2684	0.61	57.98	10.00	TERMINATING	6	3	9	Affine template / Affine template
2685	0.48	43.90	10.00	TERMINATING	7	1	8	Affine template / Affine template
2686	0.41	37.26	10.00	TERMINATING	10	1	11	Affine template / Affine template
2687	1.93	63.92	11.00	TERMINATING	5	1	6	Affine template / Affine template
2688	1.95	108.73	10.00	TERMINATING	128	26	154	Affine template / Affine template
2689	0.43	74.79	14.00	TERMINATING	429	22	451	Affine template / Affine template
2690	0.62	160.78	40.00	TERMINATING	467	13	480	Affine template / Affine template
2691	0.52	86.33	25.00	TERMINATING	151	120	271	Affine template / Affine template
2692	0.43	62.96	12.00	TERMINATING	182	27	209	Affine template / Affine template
2693	0.89	67.24	12.00	TERMINATING	208	35	243	Affine template / Affine template
2694	0.53	73.44	15.00	TERMINATING	212	35	247	Affine template / Affine template
2695	0.44	64.40	14.00	TERMINATING	222	17	239	Affine template / Affine template
2696	0.52	155.61	50.00	TERMINATING	229	22	251	Affine template / Affine template
2697	2.06	101.91	12.00	TERMINATING	128	26	154	Affine template / Affine template
2698	0.45	74.50	15.00	TERMINATING	429	22	451	Affine template / Affine template
2699	0.49	142.21	46.00	TERMINATING	463	13	476	Affine template / Affine template
2700	0.52	87.64	23.00	TERMINATING	151	120	271	Affine template / Affine template
2701	0.42	60.05	11.00	TERMINATING	182	27	209	Affine template / Affine template
2702	0.49	61.86	13.00	TERMINATING	208	35	243	Affine template / Affine template
2703	0.54	67.36	16.00	TERMINATING	212	35	247	Affine template / Affine template
2704	0.41	64.14	14.00	TERMINATING	222	17	239	Affine template / Affine template
2705	0.52	150.67	38.00	TERMINATING	229	22	251	Affine template / Affine template
2706	2.01	76.11	13.00	TERMINATING	128	26	154	Affine template / Affine template
2707	0.48	87.97	22.00	TERMINATING	151	120	271	Affine template / Affine template
2708	0.41	62.97	17.00	TERMINATING	182	27	209	Affine template / Affine template
2709	0.53	69.03	13.00	TERMINATING	208	35	243	Affine template / Affine template
2710	0.49	65.95	18.00	TERMINATING	212	35	247	Affine template / Affine template
2711	0.37	66.11	13.00	TERMINATING	222	17	239	Affine template / Affine template
2712	0.42	67.74	14.00	TERMINATING	230	22	252	Affine template / Affine template
2713	0.42	86.11	18.00	TERMINATING	292	25	317	Affine template / Affine template
2714	0.61	76.95	29.00	TERMINATING	330	67	397	Affine template / Affine template
2715	0.51	81.67	24.00	TERMINATING	557	67	624	Affine template / Affine template
2716	0.48	57.62	13.00	TERMINATING	121	25	146	Affine template / Affine template
2717	1.77	2464.10	230.00	TERMINATING	5	5	10	Affine template / Affine template
2718	1.92	2619.50	249.00	TERMINATING	5	5	10	Affine template / Affine template
2719	2.17	54.71	5.00	TERMINATING	40	13	53	Affine template / Affine template
2720	2.03	71.31	13.00	TERMINATING	5	2	7	Affine template / Affine template
2721	1.73	68.45	10.00	TERMINATING	7	2	9	Affine template / Affine template
2722	0.59	78.22	17.00	TERMINATING	8	5	13	Affine template / Affine template
2723	3.51	63.51	5.00	TERMINATING	1	2	3	Affine template / Affine template
2724	0.64	54.65	12.00	TERMINATING	2	5	7	Affine template / Affine template
2725	1.73	48.53	7.00	TERMINATING	28	25	53	Affine template / Affine template
2726	1.58	63.98	11.00	TERMINATING	7	2	9	Affine template / Affine template
2727	0.90	136.61	39.00	TERMINATING	8	5	13	Affine template / Affine template
2728	0.53	76.36	76.00	TERMINATING	20	5	25	Affine template / Affine template
2729	0.55	152.55	58.00	TERMINATING	25	5	30	Affine template / Affine template
2730	1.86	66.88	13.00	TERMINATING	7	2	9	Affine template / Affine template
2731	0.89	158.47	41.00	TERMINATING	8	5	13	Affine template / Affine template
2732	1.95	66.64	7.00	TERMINATING	44	13	57	Affine template / Affine template
2733	0.30	46.56	9.00	TERMINATING	92	25	117	Affine template / Affine template
2734	1.63	63.81	8.00	TERMINATING	7	2	9	Affine template / Affine template
2735	0.75	115.62	32.00	TERMINATING	8	5	13	Affine template / Affine template
2736	0.61	58.95	63.00	TERMINATING	20	5	25	Affine template / Affine template
2737	0.59	152.63	49.00	TERMINATING	25	5	30	Affine template / Affine template
2738	0.45	321.24	82.00	TERMINATING	30	5	35	Affine template / Affine template
2739	2.05	45.44	5.00	TERMINATING	7	2	9	Affine template / Affine template
2740	0.74	40.58	5.00	TERMINATING	8	1	9	Affine template / Affine template
2741	1.83	61.75	9.00	TERMINATING	7	2	9	Affine template / Affine template
2742	0.92	125.51	40.00	TERMINATING	8	5	13	Affine template / Affine template
2743	1.83	49.52	10.00	TERMINATING	5	3	8	Affine template / Affine template
2744	2.08	45.41	5.00	TERMINATING	5	3	8	Affine template / Affine template
2745	1.84	30.70	6.00	TERMINATING	6	4	10	Affine template / Affine template
2746	0.49	46.81	10.00	TERMINATING	9	4	13	Affine template / Affine template
2747	0.47	46.63	11.00	TERMINATING	13	4	17	Affine template / Affine template
2748	0.34	35.39	9.00	TERMINATING	14	8	22	Affine template / Affine template
2749	0.37	41.38	11.00	TERMINATING	15	4	19	Affine template / Affine template
2750	1.73	42.28	5.00	TERMINATING	5	4	9	Affine template / Affine template
2751	1.71	50.43	7.00	TERMINATING	5	3	8	Affine template / Affine template
2752	1.88	59.57	7.00	TERMINATING	5	1	6	Affine template / Affine template
2753	1.80	50.84	7.00	TERMINATING	7	1	8	Affine template / Affine template
2754	1.87	49.28	7.00	TERMINATING	6	1	7	Affine template / Affine template
2755	2.28	66.62	10.00	TERMINATING	7	2	9	Affine template / Affine template
2756	1.85	59.44	5.00	TERMINATING	5	1	6	Affine template / Affine template
2757	1.96	51.54	9.00	TERMINATING	33	13	46	Affine template / Affine template
2758	1.80	59.62	10.00	TERMINATING	40	28	68	Affine template / Affine template
2759	0.36	42.59	11.00	TERMINATING	73	42	115	Affine template / Affine template
2760	0.37	95.04	29.00	TERMINATING	89	28	117	Affine template / Affine template
2761	2.03	145.34	10.00	TERMINATING	28	13	41	2 template / Nested template
2762	1.78	56.75	9.00	TERMINATING	37	45	82	Affine template / Affine template
2763	2.30	94.70	35.00	TERMINATING	9	8	17	Affine template / Affine template
2764	0.98	94.08	30.00	TERMINATING	12	7	19	Affine template / Affine template
2765	1.79	48.99	7.00	TERMINATING	7	2	9	Affine template / Affine template
2766	0.51	40.55	7.00	TERMINATING	8	2	10	Affine template / Affine template
2767	3.24	49.95	7.00	TERMINATING	1	2	3	Affine template / Affine template
2768	2.84	98.66	39.00	TERMINATING	10	8	18	Affine template / Affine template
2769	2.14	44.24	7.00	TERMINATING	1	2	3	Affine template / Affine template
2770	2.00	51.11	7.00	TERMINATING	7	2	9	Affine template / Affine template
2771	2.16	51.59	5.00	TERMINATING	1	2	3	Affine template / Affine template
2772	0.56	35.66	6.00	TERMINATING	2	1	3	Affine template / Affine template
2773	2.18	48.10	5.00	TERMINATING	7	2	9	Affine template / Affine template
2774	0.39	41.01	8.00	TERMINATING	8	1	9	Affine template / Affine template
2775	2.98	158.20	63.00	TERMINATING	11	10	21	Affine template / Affine template
2776	1.60	106.48	70.00	TERMINATING	17	10	27	Affine template / Affine template
2777	2.18	95.12	19.00	TERMINATING	1	1	2	Affine template / Affine template
2778	2.18	122.59	19.00	TERMINATING	7	1	8	Affine template / Affine template
2779	2.14	92.78	22.00	TERMINATING	2	1	3	Affine template / Affine template
2780	2.15	104.78	23.00	TERMINATING	2	1	3	Affine template / Affine template
2781	2.08	405.85	50.00	TERMINATING	1	1	2	Affine template / Affine template
2782	2.97	180.62	107.00	TERMINATING	12	14	26	Affine template / Affine template
2783	2.29	69.59	13.00	TERMINATING	1	1	2	Affine template / Affine template
2784	1.82	64.36	9.00	TERMINATING	7	1	8	Affine template / Affine template
2785	2.05	168.91	35.00	TERMINATING	10	8	18	Affine template / Affine template
2786	1.89	48.60	5.00	TERMINATING	1	2	3	Affine template / Affine template
2787	0.91	36.21	5.00	TERMINATING	2	1	3	Affine template / Affine template
2788	1.70	47.82	5.00	TERMINATING	7	2	9	Affine template / Affine template
2789	0.96	37.98	8.00	TERMINATING	8	1	9	Affine template / Affine template
2790	2.78	104.36	18.00	TERMINATING	1	1	2	Affine template / Affine template
2791	2.29	2086.60	31.00	TERMINATING	1	1	2	2 template / Affine template
2792	2.09	114.65	15.00	TERMINATING	1	1	2	Affine template / Affine template
2793	1.87	99.45	11.00	TERMINATING	6	1	7	Affine template / Affine template
2794	1.99	69.89	10.00	TERMINATING	1	1	2	Affine template / Affine template
2795	0.65	73.16	14.00	TERMINATING	2	1	3	Affine template / Affine template
2796	2.21	447.53	43.00	TERMINATING	5	1	6	Affine template / Affine template
2797	1.81	84.09	14.00	TERMINATING	5	1	6	Affine template / Affine template
2798	2.08	1554.21	48.00	TERMINATING	5	1	6	2 template / Nested template
2799	2.42	2636.14	190.00	TERMINATING	5	1	6	2 template / Nested template
2800	2.08	142.57	54.00	TERMINATING	6	1	7	Affine template / Affine template
2801	1.98	124.31	17.00	TERMINATING	5	1	6	Affine template / Affine template
2802	1.97	51.69	8.00	TERMINATING	5	1	6	Affine template / Affine template
2803	2.01	100.07	19.00	TERMINATING	6	1	7	Affine template / Affine template
2804	2.98	541.91	45.00	TERMINATING	5	1	6	Affine template / Affine template
2805	1.75	62.94	10.00	TERMINATING	5	1	6	Affine template / Affine template
2806	1.77	54.71	9.00	TERMINATING	5	1	6	Affine template / Affine template
2807	1.89	55.58	9.00	TERMINATING	5	1	6	Affine template / Affine template
2808	1.85	60.10	10.00	TERMINATING	5	1	6	Affine template / Affine template
2809	1.99	119.52	16.00	TERMINATING	5	1	6	2 template / Nested template
2810	2.47	153.05	15.00	TERMINATING	5	1	6	2 template / Nested template
2811	2.37	147.53	18.00	TERMINATING	5	1	6	2 template / Nested template
2812	2.20	85.02	17.00	TERMINATING	5	1	6	Affine template / Nested template
2813	3.34	57.17	12.00	TERMINATING	5	1	6	Affine template / Affine template
2814	3.56	62.09	11.00	TERMINATING	5	1	6	Affine template / Affine template
2815	2.10	63.16	15.00	TERMINATING	5	1	6	Affine template / Nested template
2816	2.07	70.99	10.00	TERMINATING	5	1	6	Affine template / Affine template
2817	2.08	63.63	16.00	TERMINATING	5	1	6	Affine template / Nested template
2818	2.00	59.59	12.00	TERMINATING	5	1	6	Affine template / Affine template
2819	2.01	67.39	16.00	TERMINATING	5	1	6	Affine template / Nested template
2820	3.36	77.57	13.00	TERMINATING	5	1	6	Affine template / Affine template
2821	1.85	78.56	16.00	TERMINATING	5	1	6	Affine template / Nested template
2822	2.34	152.71	15.00	TERMINATING	5	1	6	2 template / Nested template
2823	2.28	84.17	13.00	TERMINATING	5	1	6	Affine template / Affine template
2824	2.17	58.71	11.00	TERMINATING	5	1	6	Affine template / Affine template
2825	1.76	89.87	12.00	TERMINATING	6	1	7	Affine template / Affine template
2826	1.58	55.82	6.00	TERMINATING	80	192	272	Affine template / Affine template
2827	0.29	42.15	7.00	TERMINATING	93	17	110	Affine template / Affine template
2828	0.23	40.23	9.00	TERMINATING	285	17	302	Affine template / Affine template
2829	1.99	64.69	13.00	TERMINATING	9	28	37	Affine template / Affine template
2830	0.26	37.66	7.00	TERMINATING	11	1	12	Affine template / Affine template
2831	1.81	63.37	9.00	TERMINATING	5	4	9	Affine template / Affine template
2832	0.36	42.84	8.00	TERMINATING	8	1	9	Affine template / Affine template
2833	0.36	75.80	24.00	TERMINATING	95	131	226	Affine template / Affine template
2834	1.52	170.43	110.00	TERMINATING	329	217	546	Affine template / Affine template
2835	0.39	48.40	8.00	TERMINATING	25	37	62	Affine template / Affine template
2836	0.50	90.58	35.00	TERMINATING	41	41	82	Affine template / Affine template
2837	0.39	95.94	30.00	TERMINATING	67	41	108	Affine template / Affine template
2838	0.32	73.58	23.00	TERMINATING	95	86	181	Affine template / Affine template
2839	1.92	81.42	14.00	TERMINATING	5	1	6	Affine template / Affine template
2840	1.77	52.63	5.00	TERMINATING	16	17	33	Affine template / Affine template
2841	2.54	79.67	11.00	TERMINATING	7	2	9	Affine template / Affine template
2842	2.05	68.38	12.00	TERMINATING	40	27	67	Affine template / Affine template
2843	0.28	43.18	5.00	TERMINATING	24	17	41	Affine template / Affine template
2844	1.87	47.12	5.00	TERMINATING	16	9	25	Affine template / Affine template
2845	1.74	45.34	6.00	TERMINATING	16	9	25	Affine template / Affine template
2846	1.82	50.02	6.00	TERMINATING	16	9	25	Affine template / Affine template
2847	1.80	133.53	16.00	TERMINATING	5	1	6	Affine template / Affine template
2848	2.04	79.94	27.00	TERMINATING	5	7	12	Affine template / Affine template
2849	1.18	78.17	36.00	TERMINATING	10	8	18	Affine template / Affine template
2850	0.73	66.15	31.00	TERMINATING	18	7	25	Affine template / Affine template
2851	0.62	65.76	33.00	TERMINATING	25	7	32	Affine template / Affine template
2852	2.38	129.67	40.00	TERMINATING	5	11	16	Affine template / Affine template
2853	1.44	91.28	52.00	TERMINATING	13	13	26	Affine template / Affine template
2854	1.63	88.39	47.00	TERMINATING	26	11	37	Affine template / Affine template
2855	2.06	110.73	38.00	TERMINATING	5	10	15	Affine template / Affine template
2856	1.45	117.31	49.00	TERMINATING	13	12	25	Affine template / Affine template
2857	1.14	86.34	42.00	TERMINATING	14	12	26	Affine template / Affine template
2858	0.79	130.27	44.00	TERMINATING	25	10	35	Affine template / Affine template
2859	1.43	87.54	50.00	TERMINATING	26	12	38	Affine template / Affine template
2860	1.83	382.99	89.00	TERMINATING	35	12	47	Affine template / Affine template
2861	1.94	112.55	19.00	TERMINATING	5	1	6	Affine template / Affine template
2862	1.86	204.99	27.00	TERMINATING	5	1	6	Affine template / Affine template
2863	1.95	300.41	38.00	TERMINATING	5	1	6	Affine template / Affine template
2864	1.89	84.20	16.00	TERMINATING	5	6	11	Affine template / Affine template
2865	2.23	153.11	30.00	TERMINATING	5	6	11	Affine template / Affine template
2866	0.57	115.34	40.00	TERMINATING	13	7	20	Affine template / Affine template
2867	2.23	162.44	28.00	TERMINATING	5	6	11	Affine template / Affine template
2868	0.52	115.07	39.00	TERMINATING	13	7	20	Affine template / Affine template
2869	1.92	79.43	16.00	TERMINATING	5	6	11	Affine template / Affine template
2870	2.34	158.18	27.00	TERMINATING	5	6	11	Affine template / Affine template
2871	0.58	127.52	33.00	TERMINATING	13	7	20	Affine template / Affine template
2872	2.13	68.55	13.00	TERMINATING	5	6	11	Affine template / Affine template
2873	2.31	124.62	32.00	TERMINATING	5	6	11	Affine template / Affine template
2874	0.57	127.75	43.00	TERMINATING	12	7	19	Affine template / Affine template
2875	2.08	70.45	14.00	TERMINATING	5	6	11	Affine template / Affine template
2876	2.35	117.81	31.00	TERMINATING	5	6	11	Affine template / Affine template
2877	0.63	121.56	44.00	TERMINATING	12	7	19	Affine template / Affine template
2878	2.03	73.58	12.00	TERMINATING	5	6	11	Affine template / Affine template
2879	2.60	128.16	30.00	TERMINATING	5	6	11	Affine template / Affine template
2880	0.53	106.89	39.00	TERMINATING	12	7	19	Affine template / Affine template
2881	1.84	58.20	10.00	TERMINATING	5	1	6	Affine template / Affine template
2882	2.28	92.43	18.00	TERMINATING	6	2	8	Affine template / Affine template
2883	0.60	495.70	72.00	TERMINATING	9	4	13	Affine template / Affine template
2884	0.57	66.20	19.00	TERMINATING	10	4	14	Affine template / Affine template
2885	1.75	20436.07	63.00	TERMINATING	5	1	6	2 template / Affine template
2886	2.13	65.73	8.00	TERMINATING	5	1	6	Affine template / Affine template
2887	1.60	57.77	10.00	TERMINATING	64	31	95	Affine template / Affine template
2888	0.35	68.20	11.00	TERMINATING	175	25	200	Affine template / Affine template
2889	0.31	61.41	12.00	TERMINATING	405	25	430	Affine template / Affine template
2890	1.67	71.38	11.00	TERMINATING	154	230	384	Affine template / Affine template
2891	3.18	88.15	14.00	TERMINATING	187	31	218	Affine template / Affine template
2892	1.97	90.12	12.00	TERMINATING	155	31	186	Affine template / Affine template
2893	1.88	100.74	19.00	TERMINATING	213	59	272	Affine template / Affine template
2894	2.07	53.39	5.00	TERMINATING	5	2	7	Affine template / Affine template
2895	0.67	1889.45	302.00	TERMINATING	12	4	16	Affine template / Affine template
2896	1.86	716.15	57.00	TERMINATING	9	8	17	Affine template / Affine template
2897	0.89	619.92	789.00	TERMINATING	22	8	30	Affine template / Affine template
2898	2.29	137.63	30.00	TERMINATING	8	2	10	Affine template / Affine template
2899	2.04	1155.82	103.00	TERMINATING	10	2	12	Affine template / Affine template
2900	2.26	158.20	41.00	TERMINATING	10	2	12	Affine template / Affine template
2901	2.39	361.02	360.00	TERMINATING	10	8	18	Affine template / Affine template
2902	1.92	259.06	85.00	TERMINATING	8	4	12	Affine template / Affine template
2903	2.37	197.28	435.00	TERMINATING	9	9	18	Affine template / Affine template
2904	2.68	1000.11	8270.00	TERMINATING	14	9	23	Affine template / Affine template
2905	2.26	222.12	431.00	TERMINATING	9	9	18	Affine template / Affine template
2906	1.96	872.94	9694.00	TERMINATING	14	9	23	Affine template / Affine template
2907	0.61	95.75	22.00	TERMINATING	6	16	22	Affine template / Affine template
2908	0.66	434.14	88.00	TERMINATING	26	3	29	Affine template / Affine template
2909	1.98	120.98	26.00	TERMINATING	311	47	358	Affine template / Affine template
2910	1.97	107.06	32.00	TERMINATING	279	43	322	Affine template / Affine template
2911	1.91	85.96	20.00	TERMINATING	199	31	230	Affine template / Affine template
2912	1.84	110.54	41.00	TERMINATING	7	7	14	Affine template / Affine template
2913	1.06	525.55	117.00	TERMINATING	8	3	11	Affine template / Affine template
2914	0.86	2985.84	329.00	TERMINATING	15	3	18	Affine template / Affine template
2915	2.12	7333.97	343.00	TERMINATING	1	6	7	Affine template / Affine template
2916	2.09	52.06	7.00	TERMINATING	16	11	27	Affine template / Affine template
2917	0.43	76.09	19.00	TERMINATING	23	15	38	Affine template / Affine template
2918	2.06	95.74	33.00	TERMINATING	76	85	161	Affine template / Affine template
2919	0.91	373.86	154.00	TERMINATING	88	89	177	Affine template / Affine template
2920	2.63	131.80	41.00	TERMINATING	20	1	21	Affine template / Affine template
2921	1.83	70.98	11.00	TERMINATING	5	3	8	Affine template / Affine template
2922	0.52	84.83	14.00	TERMINATING	8	1	9	Affine template / Affine template
2923	0.33	37.28	10.00	TERMINATING	9	4	13	Affine template / Affine template
2924	0.35	79.57	15.00	TERMINATING	11	1	12	Affine template / Affine template
2925	2.50	57.22	9.00	TERMINATING	5	1	6	Affine template / Affine template
2926	2.03	48.99	8.00	TERMINATING	5	1	6	Affine template / Affine template
2927	2.40	79.97	11.00	TERMINATING	137	35	172	Affine template / Affine template
2928	1.70	47.44	5.00	TERMINATING	40	13	53	Affine template / Affine template
2929	1.64	51.64	5.00	TERMINATING	28	13	41	Affine template / Affine template
2930	1.72	45.37	4.00	TERMINATING	24	13	37	Affine template / Affine template
2931	2.64	93.68	29.00	TERMINATING	5	8	13	Affine template / Affine template
2932	1.64	87.77	9.00	TERMINATING	281	18	299	Affine template / Affine template
2933	0.50	74.84	14.00	TERMINATING	298	53	351	Affine template / Affine template
2934	0.45	69.16	10.00	TERMINATING	315	25	340	Affine template / Affine template
2935	2.07	228.14	25.00	TERMINATING	5	1	6	Affine template / Affine template
2936	2.00	65.02	9.00	TERMINATING	5	1	6	Affine template / Affine template
2937	2.43	112.71	44.00	TERMINATING	10	8	18	Affine template / Affine template
2938	2.12	62.54	7.00	TERMINATING	7	1	8	Affine template / Affine template
2939	1.71	85.19	10.00	TERMINATING	184	21	205	Affine template / Affine template
2940	2.02	58.24	12.00	TERMINATING	40	38	78	Affine template / Affine template
2941	0.37	50.52	11.00	TERMINATING	53	30	83	Affine template / Affine template
2942	2.00	57.31	11.00	TERMINATING	40	38	78	Affine template / Affine template
2943	0.38	62.24	11.00	TERMINATING	53	30	83	Affine template / Affine template
2944	1.94	65.59	12.00	TERMINATING	40	38	78	Affine template / Affine template
2945	0.40	53.72	11.00	TERMINATING	53	30	83	Affine template / Affine template
2946	2.99	611.06	176.00	TERMINATING	45	3	48	Affine template / Affine template
2947	1.83	800.81	373.00	TERMINATING	66	14	80	Affine template / Affine template
2948	1.97	77.20	15.00	TERMINATING	129	28	157	Affine template / Affine template
2949	2.41	488.12	58.00	TERMINATING	6	2	8	Affine template / Affine template
2950	1.68	51.19	6.00	TERMINATING	23	13	36	Affine template / Affine template
2951	0.35	80.10	21.00	TERMINATING	62	14	76	Affine template / Affine template
2952	0.29	40.10	7.00	TERMINATING	86	36	122	Affine template / Affine template
2953	0.35	72.20	24.00	TERMINATING	98	23	121	Affine template / Affine template
2954	0.26	40.19	7.00	TERMINATING	108	36	144	Affine template / Affine template
2955	0.32	70.12	27.00	TERMINATING	93	45	138	Affine template / Affine template
2956	2.09	84.32	20.00	TERMINATING	183	17	200	Affine template / Affine template
2957	0.66	95.59	42.00	TERMINATING	220	36	256	Affine template / Affine template
2958	0.56	84.25	40.00	TERMINATING	229	36	265	Affine template / Affine template
2959	0.64	71.91	29.00	TERMINATING	221	9	230	Affine template / Affine template
2960	0.61	112.85	31.00	TERMINATING	221	9	230	Affine template / Affine template
2961	0.71	74.82	35.00	TERMINATING	221	9	230	Affine template / Affine template
2962	0.49	73.72	31.00	TERMINATING	221	9	230	Affine template / Affine template
2963	0.61	75.62	31.00	TERMINATING	221	9	230	Affine template / Affine template
2964	0.66	70.29	31.00	TERMINATING	221	9	230	Affine template / Affine template
2965	0.59	72.56	30.00	TERMINATING	221	9	230	Affine template / Affine template
2966	0.51	94.43	27.00	TERMINATING	221	9	230	Affine template / Affine template
2967	0.84	76.80	29.00	TERMINATING	192	9	201	Affine template / Affine template
2968	0.67	78.34	33.00	TERMINATING	221	9	230	Affine template / Affine template
2969	0.70	75.67	29.00	TERMINATING	221	9	230	Affine template / Affine template
2970	0.73	74.57	34.00	TERMINATING	221	9	230	Affine template / Affine template
2971	0.66	72.38	34.00	TERMINATING	221	9	230	Affine template / Affine template
2972	0.63	71.03	34.00	TERMINATING	221	9	230	Affine template / Affine template
2973	0.65	78.77	30.00	TERMINATING	221	9	230	Affine template / Affine template
2974	0.63	67.20	30.00	TERMINATING	221	9	230	Affine template / Affine template
2975	0.67	68.61	33.00	TERMINATING	221	9	230	Affine template / Affine template
2976	0.60	68.44	29.00	TERMINATING	221	9	230	Affine template / Affine template
2977	0.68	67.12	33.00	TERMINATING	221	9	230	Affine template / Affine template
2978	0.59	70.07	32.00	TERMINATING	221	9	230	Affine template / Affine template
2979	0.60	68.22	32.00	TERMINATING	221	9	230	Affine template / Affine template
2980	0.56	72.11	30.00	TERMINATING	221	9	230	Affine template / Affine template
2981	0.59	66.56	35.00	TERMINATING	221	9	230	Affine template / Affine template
2982	0.55	79.53	31.00	TERMINATING	221	9	230	Affine template / Affine template
2983	0.61	80.84	29.00	TERMINATING	221	9	230	Affine template / Affine template
2984	0.65	73.38	31.00	TERMINATING	221	9	230	Affine template / Affine template
2985	0.53	106.06	27.00	TERMINATING	221	9	230	Affine template / Affine template
2986	0.66	73.37	30.00	TERMINATING	221	9	230	Affine template / Affine template
2987	0.61	99.40	30.00	TERMINATING	221	9	230	Affine template / Affine template
2988	0.76	89.10	33.00	TERMINATING	206	21	227	Affine template / Affine template
2989	0.61	70.23	29.00	TERMINATING	221	9	230	Affine template / Affine template
2990	0.49	73.22	27.00	TERMINATING	221	9	230	Affine template / Affine template
2991	0.61	72.46	31.00	TERMINATING	221	9	230	Affine template / Affine template
2992	0.61	67.66	28.00	TERMINATING	221	9	230	Affine template / Affine template
2993	0.64	102.58	28.00	TERMINATING	221	9	230	Affine template / Affine template
2994	0.65	64.62	30.00	TERMINATING	221	9	230	Affine template / Affine template
2995	0.60	68.02	30.00	TERMINATING	221	9	230	Affine template / Affine template
2996	0.58	97.63	35.00	TERMINATING	221	9	230	Affine template / Affine template
2997	0.62	65.85	32.00	TERMINATING	221	9	230	Affine template / Affine template
2998	0.61	100.52	29.00	TERMINATING	221	9	230	Affine template / Affine template
2999	0.87	97.56	20.00	TERMINATING	215	17	232	Affine template / Affine template
3000	0.70	72.93	32.00	TERMINATING	221	9	230	Affine template / Affine template
3001	0.66	84.82	30.00	TERMINATING	221	9	230	Affine template / Affine template
3002	0.54	68.73	35.00	TERMINATING	221	9	230	Affine template / Affine template
3003	0.63	67.51	31.00	TERMINATING	221	9	230	Affine template / Affine template
3004	0.94	92.08	37.00	TERMINATING	223	27	250	Affine template / Affine template
3005	1.11	72.34	35.00	TERMINATING	229	9	238	Affine template / Affine template
3006	0.66	106.75	31.00	TERMINATING	192	26	218	Affine template / Affine template
3007	0.68	81.19	41.00	TERMINATING	229	26	255	Affine template / Affine template
3008	1.71	52.57	7.00	TERMINATING	29	12	41	Affine template / Affine template
3009	0.49	85.74	30.00	TERMINATING	41	53	94	Affine template / Affine template
3010	2.11	131.08	11.00	TERMINATING	5	1	6	2 template / Nested template
3011	1.50	54.60	8.00	TERMINATING	14	7	21	Affine template / Affine template
3012	1.56	62.10	8.00	TERMINATING	14	7	21	Affine template / Affine template
3013	1.75	120.58	11.00	TERMINATING	14	3	17	2 template / Nested template
3014	1.80	125.08	10.00	TERMINATING	14	3	17	2 template / Nested template
3015	1.88	69.51	13.00	TERMINATING	18	7	25	Affine template / Affine template
3016	1.74	68.18	14.00	TERMINATING	18	7	25	Affine template / Affine template
3017	2.02	114.36	13.00	TERMINATING	8	1	9	Affine template / Affine template
3018	1.96	103.25	12.00	TERMINATING	8	1	9	Affine template / Affine template
3019	1.87	86.59	11.00	TERMINATING	7	8	15	Affine template / Affine template
3020	2.11	86.97	11.00	TERMINATING	7	8	15	Affine template / Affine template
3021	1.89	57.91	8.00	TERMINATING	5	2	7	Affine template / Affine template
3022	2.69	58.98	7.00	TERMINATING	68	27	95	Affine template / Affine template
3023	0.33	44.31	6.00	TERMINATING	45	30	75	Affine template / Affine template
3024	1.66	47.24	5.00	TERMINATING	20	13	33	Affine template / Affine template
3025	1.58	53.00	5.00	TERMINATING	20	13	33	Affine template / Affine template
3026	1.69	50.57	5.00	TERMINATING	40	13	53	Affine template / Affine template
3027	0.49	47.53	8.00	TERMINATING	62	21	83	Affine template / Affine template
3028	1.95	63.98	7.00	TERMINATING	28	17	45	Affine template / Affine template
3029	2.38	144.22	39.00	TERMINATING	10	7	17	Affine template / Affine template
3030	2.17	49.12	6.00	TERMINATING	7	1	8	Affine template / Affine template
3031	1.93	72.09	8.00	TERMINATING	46	13	59	Affine template / Affine template
3032	1.70	50.16	5.00	TERMINATING	32	13	45	Affine template / Affine template
3033	1.74	76.99	9.00	TERMINATING	155	13	168	Affine template / Affine template
3034	1.84	51.09	6.00	TERMINATING	33	13	46	Affine template / Affine template
3035	1.63	59.10	6.00	TERMINATING	32	29	61	Affine template / Affine template
3036	1.63	72.63	7.00	TERMINATING	179	13	192	Affine template / Affine template
3037	3.07	397.61	87.00	TERMINATING	12	14	26	Affine template / Affine template
3038	1.92	50.40	6.00	TERMINATING	6	3	9	Affine template / Affine template
3039	3.02	60.57	7.00	TERMINATING	52	13	65	Affine template / Affine template
3040	0.35	41.02	6.00	TERMINATING	65	13	78	Affine template / Affine template
3041	1.74	50.92	6.00	TERMINATING	37	13	50	Affine template / Affine template
3042	1.70	78.91	10.00	TERMINATING	244	13	257	Affine template / Affine template
3043	0.25	67.15	9.00	TERMINATING	341	17	358	Affine template / Affine template
3044	0.27	69.01	9.00	TERMINATING	354	17	371	Affine template / Affine template
3045	0.24	76.28	9.00	TERMINATING	333	13	346	Affine template / Affine template
3046	0.27	76.71	8.00	TERMINATING	346	13	359	Affine template / Affine template
3047	0.28	68.39	11.00	TERMINATING	359	17	376	Affine template / Affine template
3048	0.25	70.42	9.00	TERMINATING	376	17	393	Affine template / Affine template
3049	0.23	67.06	8.00	TERMINATING	338	13	351	Affine template / Affine template
3050	0.33	63.86	8.00	TERMINATING	257	13	270	Affine template / Affine template
3051	0.26	64.19	10.00	TERMINATING	297	13	310	Affine template / Affine template
3052	0.44	69.54	8.00	TERMINATING	302	13	315	Affine template / Affine template
3053	0.28	71.43	9.00	TERMINATING	323	13	336	Affine template / Affine template
3054	0.41	141.00	33.00	TERMINATING	309	13	322	Affine template / Affine template
3055	0.28	65.45	9.00	TERMINATING	328	17	345	Affine template / Affine template
3056	1.92	49.27	6.00	TERMINATING	6	3	9	Affine template / Affine template
3057	0.24	36.59	10.00	TERMINATING	8	3	11	Affine template / Affine template
3058	7.73	289.09	8.00	TERMINATING	29	13	42	Affine template / Affine template
3059	1.92	52.55	5.00	TERMINATING	6	3	9	Affine template / Affine template
3060	0.27	34.41	8.00	TERMINATING	8	3	11	Affine template / Affine template
3061	1.58	51.04	6.00	TERMINATING	40	26	66	Affine template / Affine template
3062	0.31	45.63	7.00	TERMINATING	58	30	88	Affine template / Affine template
3063	2.56	54.82	6.00	TERMINATING	36	17	53	Affine template / Affine template
3064	1.85	55.49	6.00	TERMINATING	36	17	53	Affine template / Affine template
3065	1.79	57.88	6.00	TERMINATING	40	17	57	Affine template / Affine template
3066	1.68	43.73	7.00	TERMINATING	22	10	32	Affine template / Affine template
3067	0.50	81.36	17.00	TERMINATING	25	14	39	Affine template / Affine template
3068	1.76	35.53	5.00	TERMINATING	0	3	3	Affine template / Affine template
3069	0.52	45.97	12.00	TERMINATING	7	9	16	Affine template / Affine template
3070	0.27	37.07	6.00	TERMINATING	30	9	39	Affine template / Affine template
3071	1.65	26.44	5.00	TERMINATING	0	3	3	Affine template / Affine template
3072	1.92	73.67	13.00	TERMINATING	92	85	177	Affine template / Affine template
3073	2.60	358.66	149.00	TERMINATING	9	21	30	Affine template / Affine template
3074	1.96	83.35	10.00	TERMINATING	100	17	117	Affine template / Affine template
3075	1.84	70.10	9.00	TERMINATING	48	13	61	Affine template / Affine template
3076	1.74	53.54	6.00	TERMINATING	6	4	10	Affine template / Affine template
3077	1.76	50.21	7.00	TERMINATING	7	4	11	Affine template / Affine template
3078	1.88	60.52	8.00	TERMINATING	7	4	11	Affine template / Affine template
3079	1.85	43.27	7.00	TERMINATING	0	4	4	Affine template / Affine template
3080	1.89	69.26	20.00	TERMINATING	53	53	106	Affine template / Affine template
3081	0.35	62.20	18.00	TERMINATING	88	68	156	Affine template / Affine template
3082	1.80	68.57	10.00	TERMINATING	48	38	86	Affine template / Affine template
3083	0.34	41.25	8.00	TERMINATING	65	17	82	Affine template / Affine template
3084	3.35	26491.69	251.00	TERMINATING	11	8	19	2 template / Affine template
3085	2.17	3121.90	27.00	TERMINATING	1	1	2	2 template / Affine template
3086	1.75	4461.43	39.00	TERMINATING	7	1	8	2 template / Affine template
3087	1.89	51.51	7.00	TERMINATING	5	1	6	Affine template / Affine template
3088	1.82	74.15	7.00	TERMINATING	5	1	6	Affine template / Affine template
3089	1.79	64.19	11.00	TERMINATING	116	17	133	Affine template / Affine template
3090	0.51	61.28	17.00	TERMINATING	125	55	180	Affine template / Affine template
3091	1.98	64.38	11.00	TERMINATING	116	17	133	Affine template / Affine template
3092	0.70	64.79	17.00	TERMINATING	125	55	180	Affine template / Affine template
3093	1.89	75.61	11.00	TERMINATING	116	17	133	Affine template / Affine template
3094	0.48	64.36	17.00	TERMINATING	125	55	180	Affine template / Affine template
3095	1.83	53.75	6.00	TERMINATING	24	10	34	Affine template / Affine template
3096	1.77	97.80	32.00	TERMINATING	115	184	299	Affine template / Affine template
3097	0.50	74.68	31.00	TERMINATING	118	184	302	Affine template / Affine template
3098	1.84	91.57	33.00	TERMINATING	107	184	291	Affine template / Affine template
3099	0.74	134.85	47.00	TERMINATING	139	197	336	Affine template / Affine template
3100	0.57	69.34	32.00	TERMINATING	184	193	377	Affine template / Affine template
3101	1.93	109.85	27.00	TERMINATING	107	184	291	Affine template / Affine template
3102	0.47	72.70	23.00	TERMINATING	110	184	294	Affine template / Affine template
3103	0.78	89.91	50.00	TERMINATING	130	187	317	Affine template / Affine template
3104	0.75	89.64	41.00	TERMINATING	135	193	328	Affine template / Affine template
3105	0.76	115.94	37.00	TERMINATING	230	204	434	Affine template / Affine template
3106	0.80	96.63	39.00	TERMINATING	278	190	468	Affine template / Affine template
3107	0.43	73.27	24.00	TERMINATING	110	184	294	Affine template / Affine template
3108	0.78	110.61	37.00	TERMINATING	170	187	357	Affine template / Affine template
3109	0.76	99.35	45.00	TERMINATING	139	197	336	Affine template / Affine template
3110	0.75	81.64	44.00	TERMINATING	170	187	357	Affine template / Affine template
3111	1.83	94.71	23.00	TERMINATING	107	184	291	Affine template / Affine template
3112	0.51	77.95	25.00	TERMINATING	110	184	294	Affine template / Affine template
3113	0.42	71.25	24.00	TERMINATING	114	184	298	Affine template / Affine template
3114	0.66	74.86	31.00	TERMINATING	144	193	337	Affine template / Affine template
3115	0.77	98.49	45.00	TERMINATING	134	187	321	Affine template / Affine template
3116	0.92	106.66	43.00	TERMINATING	135	193	328	Affine template / Affine template
3117	1.74	61.36	8.00	TERMINATING	28	9	37	Affine template / Affine template
3118	0.58	86.26	24.00	TERMINATING	35	13	48	Affine template / Affine template
3119	1.86	58.00	9.00	TERMINATING	32	22	54	Affine template / Affine template
3120	0.47	104.62	30.00	TERMINATING	48	22	70	Affine template / Affine template
3121	0.44	50.01	13.00	TERMINATING	131	32	163	Affine template / Affine template
3122	0.40	44.08	12.00	TERMINATING	135	36	171	Affine template / Affine template
3123	1.94	70.88	13.00	TERMINATING	48	32	80	Affine template / Affine template
3124	0.44	49.23	16.00	TERMINATING	75	32	107	Affine template / Affine template
3125	0.38	49.93	19.00	TERMINATING	79	36	115	Affine template / Affine template
3126	2.06	84.26	19.00	TERMINATING	149	18	167	Affine template / Affine template
3127	1.68	64.06	8.00	TERMINATING	8	5	13	Affine template / Affine template
3128	1.04	47.98	10.00	TERMINATING	9	5	14	Affine template / Affine template
3129	0.38	46.22	11.00	TERMINATING	14	5	19	Affine template / Affine template
3130	1.73	67.96	8.00	TERMINATING	8	5	13	Affine template / Affine template
3131	0.54	46.39	10.00	TERMINATING	9	5	14	Affine template / Affine template
3132	0.44	46.71	12.00	TERMINATING	14	5	19	Affine template / Affine template
3133	2.65	152.53	53.00	TERMINATING	13	11	24	Affine template / Affine template
3134	1.12	91.67	50.00	TERMINATING	15	11	26	Affine template / Affine template
3135	1.60	106.78	45.00	TERMINATING	17	6	23	Affine template / Affine template
3136	1.75	68.28	12.00	TERMINATING	5	2	7	Affine template / Affine template
3137	0.62	46.83	10.00	TERMINATING	6	1	7	Affine template / Affine template
3138	0.30	36.49	8.00	TERMINATING	8	1	9	Affine template / Affine template
3139	1.70	58.69	9.00	TERMINATING	5	4	9	Affine template / Affine template
3140	0.49	43.30	9.00	TERMINATING	7	1	8	Affine template / Affine template
3141	0.49	38.54	9.00	TERMINATING	11	1	12	Affine template / Affine template
3142	1.84	74.82	12.00	TERMINATING	5	2	7	Affine template / Affine template
3143	0.41	51.66	10.00	TERMINATING	7	1	8	Affine template / Affine template
3144	0.48	41.79	11.00	TERMINATING	8	3	11	Affine template / Affine template
3145	0.28	37.74	10.00	TERMINATING	9	1	10	Affine template / Affine template
3146	2.32	103.61	28.00	TERMINATING	7	7	14	Affine template / Affine template
3147	2.01	64.32	9.00	TERMINATING	5	1	6	Affine template / Affine template
3148	1.72	63.82	8.00	TERMINATING	5	3	8	Affine template / Affine template
3149	1.86	281.10	19.00	TERMINATING	1	4	5	Affine template / Affine template
3150	1.78	66.87	9.00	TERMINATING	5	3	8	Affine template / Affine template
3151	2.24	60.80	8.00	TERMINATING	6	3	9	Affine template / Affine template
3152	1.86	240.96	18.00	TERMINATING	5	2	7	Affine template / Affine template
3153	1.83	1027.59	14.00	TERMINATING	5	1	6	2 template / Affine template
3154	1.78	72.42	8.00	TERMINATING	64	13	77	Affine template / Affine template
3155	2.11	213.09	20.00	TERMINATING	5	1	6	Affine template / Affine template
3156	1.95	64.75	10.00	TERMINATING	5	1	6	Affine template / Affine template
3157	0.50	51.73	12.00	TERMINATING	6	1	7	Affine template / Affine template
3158	2.21	62.17	15.00	TERMINATING	5	1	6	Affine template / Affine template
3159	2.03	287.27	106.00	TERMINATING	20	8	28	Affine template / Affine template
3160	2.75	167.16	62.00	TERMINATING	18	8	26	Affine template / Affine template
3161	3.10	154.93	114.00	TERMINATING	18	8	26	Affine template / Nested template
3162	2.43	115.22	29.00	TERMINATING	17	5	22	Affine template / Affine template
3163	3.09	81.52	16.00	TERMINATING	6	8	14	Affine template / Affine template
3164	1.87	47.31	5.00	TERMINATING	5	5	10	Affine template / Affine template
3165	1.94	97.44	26.00	TERMINATING	7	2	9	Affine template / Affine template
3166	1.57	55.86	6.00	TERMINATING	20	18	38	Affine template / Affine template
3167	0.49	40.49	5.00	TERMINATING	29	9	38	Affine template / Affine template
3168	0.28	38.59	5.00	TERMINATING	47	9	56	Affine template / Affine template
3169	1.75	48.11	5.00	TERMINATING	20	9	29	Affine template / Affine template
3170	1.87	54.18	6.00	TERMINATING	29	13	42	Affine template / Affine template
3171	1.82	56.36	5.00	TERMINATING	29	13	42	Affine template / Affine template
3172	1.88	49.00	5.00	TERMINATING	24	17	41	Affine template / Affine template
3173	1.76	61.62	6.00	TERMINATING	24	18	42	Affine template / Affine template
3174	1.80	59.60	6.00	TERMINATING	32	18	50	Affine template / Affine template
3175	2.98	46.07	5.00	TERMINATING	20	13	33	Affine template / Affine template
3176	1.97	48.96	10.00	TERMINATING	5	1	6	Affine template / Affine template
3177	1.84	62.41	8.00	TERMINATING	5	1	6	Affine template / Affine template
3178	2.01	68.58	9.00	TERMINATING	5	1	6	Affine template / Affine template
3179	2.26	293.15	46.00	TERMINATING	6	4	10	Affine template / Affine template
3180	2.17	61.60	10.00	TERMINATING	6	1	7	Affine template / Affine template
3181	0.48	47.47	10.00	TERMINATING	7	1	8	Affine template / Affine template
3182	1.90	187.06	22.00	TERMINATING	1	5	6	Affine template / Affine template
3183	2.24	63.49	12.00	TERMINATING	2	4	6	Affine template / Affine template
3184	0.50	60.60	16.00	TERMINATING	113	21	134	Affine template / Affine template
3185	1.74	108.86	13.00	TERMINATING	224	22	246	Affine template / Affine template
3186	0.53	95.09	20.00	TERMINATING	233	57	290	Affine template / Affine template
3187	1.73	101.01	12.00	TERMINATING	228	22	250	Affine template / Affine template
3188	0.44	85.01	19.00	TERMINATING	237	57	294	Affine template / Affine template
3189	1.61	96.69	13.00	TERMINATING	228	22	250	Affine template / Affine template
3190	0.47	73.43	19.00	TERMINATING	237	57	294	Affine template / Affine template
3191	0.39	69.15	15.00	TERMINATING	241	17	258	Affine template / Affine template
3192	2.03	83.13	16.00	TERMINATING	117	18	135	Affine template / Affine template
3193	1.73	83.96	7.00	TERMINATING	6	3	9	Affine template / Affine template
3194	2.00	49.40	8.00	TERMINATING	21	9	30	Affine template / Affine template
3195	1.81	45.08	4.00	TERMINATING	5	1	6	Affine template / Affine template
3196	2.21	153.84	26.00	TERMINATING	2	4	6	Affine template / Affine template
3197	1.70	52.09	9.00	TERMINATING	1	5	6	Affine template / Affine template
3198	1.64	84.86	19.00	TERMINATING	7	7	14	Affine template / Affine template
3199	0.62	8467.26	261.00	TERMINATING	16	6	22	Affine template / Affine template
3200	2.94	67.56	14.00	TERMINATING	1	7	8	Affine template / Affine template
3201	0.53	318.09	57.00	TERMINATING	5	6	11	Affine template / Affine template
3202	0.55	548.50	101.00	TERMINATING	12	6	18	Affine template / Affine template
3203	1.82	62.98	13.00	TERMINATING	1	7	8	Affine template / Affine template
3204	0.58	867.70	106.00	TERMINATING	10	6	16	Affine template / Affine template
3205	1.98	57.46	6.00	TERMINATING	24	25	49	Affine template / Affine template
3206	1.98	131.82	25.00	TERMINATING	7	5	12	Affine template / Affine template
3207	1.84	55.38	6.00	TERMINATING	21	10	31	Affine template / Affine template
3208	2.18	70.70	11.00	TERMINATING	120	22	142	Affine template / Affine template
3209	0.37	55.75	10.00	TERMINATING	133	13	146	Affine template / Affine template
3210	1.98	78.88	12.00	TERMINATING	120	22	142	Affine template / Affine template
3211	0.38	55.15	9.00	TERMINATING	133	13	146	Affine template / Affine template
3212	2.88	79.09	10.00	TERMINATING	120	22	142	Affine template / Affine template
3213	0.32	50.54	10.00	TERMINATING	133	13	146	Affine template / Affine template
3214	1.76	55.46	8.00	TERMINATING	36	22	58	Affine template / Affine template
3215	0.38	77.31	27.00	TERMINATING	97	23	120	Affine template / Affine template
3216	0.31	37.37	8.00	TERMINATING	112	23	135	Affine template / Affine template
3217	0.27	39.04	8.00	TERMINATING	112	23	135	Affine template / Affine template
3218	0.29	43.42	10.00	TERMINATING	112	23	135	Affine template / Affine template
3219	1.69	27.10	7.00	TERMINATING	0	4	4	Affine template / Affine template
3220	0.44	52.17	9.00	TERMINATING	4	8	12	Affine template / Affine template
3221	0.33	43.26	12.00	TERMINATING	6	4	10	Affine template / Affine template
3222	2.62	172.71	52.00	TERMINATING	12	9	21	Affine template / Affine template
3223	2.70	73.49	11.00	TERMINATING	2	1	3	Affine template / Affine template
3224	2.11	64.96	11.00	TERMINATING	8	1	9	Affine template / Affine template
3225	2.54	99.83	19.00	TERMINATING	4	1	5	Affine template / Affine template
3226	1.53	37.76	14.00	TERMINATING	0	6	6	Affine template / Affine template
3227	1.71	31.34	7.00	TERMINATING	0	3	3	Affine template / Affine template
3228	0.55	47.60	11.00	TERMINATING	2	4	6	Affine template / Affine template
3229	0.44	36.90	11.00	TERMINATING	6	7	13	Affine template / Affine template
3230	0.34	41.16	12.00	TERMINATING	12	7	19	Affine template / Affine template
3231	2.55	90.42	24.00	TERMINATING	7	6	13	Affine template / Affine template
3232	1.95	55.39	5.00	TERMINATING	1	1	2	Affine template / Affine template
3233	1.86	50.78	6.00	TERMINATING	5	1	6	Affine template / Affine template
3234	1.60	76.80	17.00	TERMINATING	7	7	14	Affine template / Affine template
3235	0.51	53.51	18.00	TERMINATING	8	5	13	Affine template / Affine template
3236	1.61	58.82	13.00	TERMINATING	1	7	8	Affine template / Affine template
3237	0.57	45.63	11.00	TERMINATING	2	5	7	Affine template / Affine template
3238	2.26	108.66	20.00	TERMINATING	7	6	13	Affine template / Affine template
3239	1.68	42.75	5.00	TERMINATING	1	1	2	Affine template / Affine template
3240	1.92	83.80	10.00	TERMINATING	5	1	6	Affine template / Affine template
3241	1.96	6175.22	215.00	TERMINATING	1	6	7	Affine template / Affine template
3242	2.14	66.38	8.00	TERMINATING	1	1	2	Affine template / Affine template
3243	2.14	132.55	22.00	TERMINATING	1	1	2	Affine template / Affine template
3244	1.61	48.72	6.00	TERMINATING	5	3	8	Affine template / Affine template
3245	0.26	37.04	7.00	TERMINATING	11	12	23	Affine template / Affine template
3246	2.11	48.03	6.00	TERMINATING	5	3	8	Affine template / Affine template
3247	1.80	52.58	5.00	TERMINATING	5	4	9	Affine template / Affine template
3248	2.23	59.83	8.00	TERMINATING	1	1	2	Affine template / Affine template
3249	1.79	27.42	7.00	TERMINATING	0	3	3	Affine template / Affine template
3250	1.63	26.25	5.00	TERMINATING	0	3	3	Affine template / Affine template
3251	0.29	42.62	6.00	TERMINATING	8	3	11	Affine template / Affine template
3252	1.74	28.84	5.00	TERMINATING	0	4	4	Affine template / Affine template
3253	1.72	39.58	10.00	TERMINATING	0	4	4	Affine template / Affine template
3254	1.64	26.78	7.00	TERMINATING	0	3	3	Affine template / Affine template
3255	2.41	98.46	29.00	TERMINATING	9	6	15	Affine template / Affine template
3256	1.98	56.56	8.00	TERMINATING	1	1	2	Affine template / Affine template
3257	2.02	53.07	8.00	TERMINATING	7	1	8	Affine template / Affine template
3258	2.11	57.39	7.00	TERMINATING	5	1	6	Affine template / Affine template
3259	1.94	50.67	8.00	TERMINATING	5	5	10	Affine template / Affine template
3260	1.66	40.81	5.00	TERMINATING	1	11	12	Affine template / Affine template
3261	0.36	34.02	5.00	TERMINATING	2	1	3	Affine template / Affine template
3262	0.43	31.74	5.00	TERMINATING	13	1	14	Affine template / Affine template
3263	2.13	92.18	17.00	TERMINATING	1	2	3	Affine template / Affine template
3264	0.51	58.81	18.00	TERMINATING	5	5	10	Affine template / Affine template
3265	1.52	48.33	7.00	TERMINATING	5	11	16	Affine template / Affine template
3266	0.52	37.83	6.00	TERMINATING	6	1	7	Affine template / Affine template
3267	0.46	33.73	7.00	TERMINATING	17	1	18	Affine template / Affine template
3268	1.97	49.10	8.00	TERMINATING	1	1	2	Affine template / Affine template
3269	2.12	39.13	11.00	TERMINATING	0	8	8	Affine template / Affine template
3270	2.75	123.18	32.00	TERMINATING	7	6	13	Affine template / Affine template
3271	1.91	48.90	5.00	TERMINATING	1	1	2	Affine template / Affine template
3272	2.97	54.23	7.00	TERMINATING	5	1	6	Affine template / Affine template
3273	1.71	27.75	7.00	TERMINATING	0	4	4	Affine template / Affine template
3274	0.62	44.70	8.00	TERMINATING	3	3	6	Affine template / Affine template
3275	0.47	38.45	9.00	TERMINATING	4	4	8	Affine template / Affine template
3276	0.33	36.81	10.00	TERMINATING	30	3	33	Affine template / Affine template
3277	2.81	58.33	6.00	TERMINATING	92	17	109	Affine template / Affine template
3278	0.49	45.28	11.00	TERMINATING	6	4	10	Affine template / Affine template
3279	2.29	84.44	13.00	TERMINATING	1	2	3	Affine template / Affine template
3280	0.85	94.95	13.00	TERMINATING	2	4	6	Affine template / Affine template
3281	0.64	54.61	17.00	TERMINATING	8	4	12	Affine template / Affine template
3282	2.39	115.80	31.00	TERMINATING	7	8	15	Affine template / Affine template
3283	1.89	102.56	14.00	TERMINATING	5	1	6	Affine template / Affine template
3284	2.63	406.00	71.00	TERMINATING	15	10	25	2 template / Nested template
3285	1.38	84.17	61.00	TERMINATING	22	7	29	Affine template / Affine template
3286	1.56	280.64	76.00	TERMINATING	29	10	39	2 template / Nested template
3287	2.26	162.14	13.00	TERMINATING	6	2	8	2 template / Nested template
3288	0.39	40.90	11.00	TERMINATING	8	1	9	Affine template / Affine template
3289	0.39	100.20	17.00	TERMINATING	9	2	11	2 template / Nested template
3290	0.39	42.77	12.00	TERMINATING	10	3	13	Affine template / Affine template
3291	0.33	35.22	11.00	TERMINATING	11	1	12	Affine template / Affine template
3292	2.06	106.11	12.00	TERMINATING	9	3	12	Affine template / Affine template
3293	1.98	97.26	13.00	TERMINATING	7	5	12	Affine template / Affine template
3294	1.93	62.41	8.00	TERMINATING	7	4	11	Affine template / Affine template
3295	0.35	36.40	8.00	TERMINATING	11	8	19	Affine template / Affine template
3296	0.31	40.54	11.00	TERMINATING	13	4	17	Affine template / Affine template
3297	1.71	65.21	9.00	TERMINATING	7	3	10	Affine template / Affine template
3298	0.77	50.17	15.00	TERMINATING	9	4	13	Affine template / Affine template
3299	0.34	48.17	16.00	TERMINATING	13	3	16	Affine template / Affine template
3300	0.28	45.39	16.00	TERMINATING	16	3	19	Affine template / Affine template
3301	0.78	36.20	10.00	TERMINATING	14	4	18	Affine template / Affine template
3302	0.31	41.13	8.00	TERMINATING	17	4	21	Affine template / Affine template
3303	2.04	107.27	14.00	TERMINATING	7	3	10	Affine template / Affine template
3304	0.46	74.57	13.00	TERMINATING	10	3	13	Affine template / Affine template
3305	1.92	105.43	15.00	TERMINATING	5	1	6	Affine template / Affine template
3306	2.24	57.78	9.00	TERMINATING	5	1	6	Affine template / Affine template
3307	3.76	151.54	20.00	TERMINATING	5	1	6	Affine template / Affine template
3308	2.06	120.56	13.00	TERMINATING	5	1	6	Affine template / Affine template
3309	1.96	132.11	13.00	TERMINATING	5	1	6	2 template / Nested template
3310	1.91	45.80	5.00	TERMINATING	5	1	6	Affine template / Affine template
3311	1.84	57.15	7.00	TERMINATING	8	3	11	Affine template / Affine template
3312	1.83	62.78	8.00	TERMINATING	8	3	11	Affine template / Affine template
3313	2.13	73.58	10.00	TERMINATING	5	3	8	Affine template / Affine template
3314	0.59	82.26	34.00	TERMINATING	30	5	35	Affine template / Affine template
3315	0.43	82.21	33.00	TERMINATING	33	5	38	Affine template / Affine template
3316	0.55	79.58	40.00	TERMINATING	36	5	41	Affine template / Affine template
3317	0.49	82.55	35.00	TERMINATING	39	5	44	Affine template / Affine template
3318	0.61	89.35	35.00	TERMINATING	42	5	47	Affine template / Affine template
3319	0.60	75.60	40.00	TERMINATING	45	5	50	Affine template / Affine template
3320	0.58	91.04	48.00	TERMINATING	48	5	53	Affine template / Affine template
3321	0.63	79.83	48.00	TERMINATING	51	5	56	Affine template / Affine template
3322	0.62	84.54	52.00	TERMINATING	54	5	59	Affine template / Affine template
3323	0.62	86.51	49.00	TERMINATING	57	5	62	Affine template / Affine template
3324	0.61	57.56	17.00	TERMINATING	6	5	11	Affine template / Affine template
3325	0.70	98.52	51.00	TERMINATING	60	5	65	Affine template / Affine template
3326	0.68	101.37	54.00	TERMINATING	63	5	68	Affine template / Affine template
3327	0.67	92.25	56.00	TERMINATING	66	5	71	Affine template / Affine template
3328	0.51	114.82	60.00	TERMINATING	69	5	74	Affine template / Affine template
3329	0.62	95.16	61.00	TERMINATING	72	5	77	Affine template / Affine template
3330	0.77	104.63	69.00	TERMINATING	75	5	80	Affine template / Affine template
3331	0.74	109.76	72.00	TERMINATING	78	5	83	Affine template / Affine template
3332	0.61	103.31	72.00	TERMINATING	81	5	86	Affine template / Affine template
3333	0.92	155.15	75.00	TERMINATING	84	5	89	Affine template / Affine template
3334	0.68	172.96	79.00	TERMINATING	87	5	92	Affine template / Affine template
3335	0.46	65.04	21.00	TERMINATING	9	5	14	Affine template / Affine template
3336	1.22	101.17	81.00	TERMINATING	90	5	95	Affine template / Affine template
3337	0.81	109.31	83.00	TERMINATING	93	5	98	Affine template / Affine template
3338	0.80	103.15	90.00	TERMINATING	96	5	101	Affine template / Affine template
3339	1.05	114.15	87.00	TERMINATING	99	5	104	Affine template / Affine template
3340	0.81	125.22	95.00	TERMINATING	102	5	107	Affine template / Affine template
3341	0.82	115.58	101.00	TERMINATING	105	5	110	Affine template / Affine template
3342	0.85	144.04	103.00	TERMINATING	108	5	113	Affine template / Affine template
3343	0.86	125.64	101.00	TERMINATING	111	5	116	Affine template / Affine template
3344	0.89	128.40	107.00	TERMINATING	114	5	119	Affine template / Affine template
3345	0.82	142.11	106.00	TERMINATING	117	5	122	Affine template / Affine template
3346	0.52	59.67	19.00	TERMINATING	12	5	17	Affine template / Affine template
3347	0.85	131.79	108.00	TERMINATING	120	5	125	Affine template / Affine template
3348	0.85	133.28	127.00	TERMINATING	123	5	128	Affine template / Affine template
3349	0.52	54.35	27.00	TERMINATING	15	5	20	Affine template / Affine template
3350	0.56	63.74	25.00	TERMINATING	18	5	23	Affine template / Affine template
3351	0.53	65.77	23.00	TERMINATING	21	5	26	Affine template / Affine template
3352	0.56	58.84	26.00	TERMINATING	24	5	29	Affine template / Affine template
3353	0.55	64.55	32.00	TERMINATING	27	5	32	Affine template / Affine template
3354	1.93	88.38	23.00	TERMINATING	5	5	10	Affine template / Affine template
3355	2.61	112.78	38.00	TERMINATING	1	3	4	Affine template / Affine template
3356	0.49	2519.39	31.00	TERMINATING	6	1	7	2 template / Affine template
3357	1.94	57.60	10.00	TERMINATING	5	2	7	Affine template / Affine template
3358	0.39	47.84	10.00	TERMINATING	6	1	7	Affine template / Affine template
3359	1.77	62.03	11.00	TERMINATING	5	3	8	Affine template / Affine template
3360	0.36	41.93	11.00	TERMINATING	6	1	7	Affine template / Affine template
3361	2.51	47.15	5.00	TERMINATING	5	1	6	Affine template / Affine template
3362	1.83	53.23	8.00	TERMINATING	24	13	37	Affine template / Affine template
3363	0.29	47.67	11.00	TERMINATING	456	13	469	Affine template / Affine template
3364	0.33	61.07	11.00	TERMINATING	491	13	504	Affine template / Affine template
3365	0.30	53.09	10.00	TERMINATING	674	13	687	Affine template / Affine template
3366	0.36	52.49	9.00	TERMINATING	735	13	748	Affine template / Affine template
3367	0.25	57.99	16.00	TERMINATING	996	13	1009	Affine template / Affine template
3368	0.28	66.60	13.00	TERMINATING	1083	13	1096	Affine template / Affine template
3369	0.32	47.78	9.00	TERMINATING	285	13	298	Affine template / Affine template
3370	0.27	44.24	10.00	TERMINATING	307	13	320	Affine template / Affine template
3371	0.25	49.41	8.00	TERMINATING	342	13	355	Affine template / Affine template
3372	0.44	47.27	10.00	TERMINATING	356	13	369	Affine template / Affine template
3373	1.72	42.12	5.00	TERMINATING	5	1	6	Affine template / Affine template
3374	1.56	49.32	5.00	TERMINATING	20	18	38	Affine template / Affine template
3375	0.92	77.94	18.00	TERMINATING	23	22	45	Affine template / Affine template
3376	1.90	50.47	6.00	TERMINATING	5	1	6	Affine template / Affine template
3377	0.39	50.60	21.00	TERMINATING	156	91	247	Affine template / Affine template
3378	1.80	74.16	10.00	TERMINATING	56	40	96	Affine template / Affine template
3379	0.50	103.85	34.00	TERMINATING	94	26	120	Affine template / Affine template
3380	0.37	48.53	14.00	TERMINATING	95	40	135	Affine template / Affine template
3381	0.32	51.03	10.00	TERMINATING	105	17	122	Affine template / Affine template
3382	0.33	59.40	10.00	TERMINATING	109	17	126	Affine template / Affine template
3383	0.48	53.15	18.00	TERMINATING	156	91	247	Affine template / Affine template
3384	2.13	77.15	10.00	TERMINATING	56	40	96	Affine template / Affine template
3385	0.45	121.19	36.00	TERMINATING	94	26	120	Affine template / Affine template
3386	0.47	48.37	14.00	TERMINATING	95	40	135	Affine template / Affine template
3387	0.36	49.75	9.00	TERMINATING	105	17	122	Affine template / Affine template
3388	0.29	50.43	10.00	TERMINATING	109	17	126	Affine template / Affine template
3389	1.76	60.35	10.00	TERMINATING	56	40	96	Affine template / Affine template
3390	0.46	63.83	12.00	TERMINATING	65	55	120	Affine template / Affine template
3391	0.38	47.39	11.00	TERMINATING	69	26	95	Affine template / Affine template
3392	0.36	44.49	10.00	TERMINATING	105	17	122	Affine template / Affine template
3393	0.36	46.93	9.00	TERMINATING	109	17	126	Affine template / Affine template
3394	1.90	52.64	5.00	TERMINATING	5	2	7	Affine template / Affine template
3395	1.52	74.11	11.00	TERMINATING	112	13	125	Affine template / Affine template
3396	0.37	74.52	15.00	TERMINATING	806	17	823	Affine template / Affine template
3397	0.40	79.74	19.00	TERMINATING	906	17	923	Affine template / Affine template
3398	0.51	61.64	11.00	TERMINATING	139	17	156	Affine template / Affine template
3399	2.11	1030.41	94.00	TERMINATING	12	6	18	Affine template / Affine template
3400	2.43	144.70	15.00	TERMINATING	5	1	6	Affine template / Affine template
3401	2.23	194.58	17.00	TERMINATING	5	1	6	Affine template / Affine template
3402	0.21	34.95	5.00	TERMINATING	124	13	137	Affine template / Affine template
3403	0.24	38.78	7.00	TERMINATING	468	457	925	Affine template / Affine template
3404	0.23	38.12	8.00	TERMINATING	481	87	568	Affine template / Affine template
3405	0.24	38.70	6.00	TERMINATING	494	13	507	Affine template / Affine template
3406	0.27	41.40	8.00	TERMINATING	581	13	594	Affine template / Affine template
3407	0.28	39.14	7.00	TERMINATING	938	87	1025	Affine template / Affine template
3408	1.45	52.88	7.00	TERMINATING	24	87	111	Affine template / Affine template
3409	0.32	45.63	6.00	TERMINATING	37	13	50	Affine template / Affine template
3410	1.59	48.55	6.00	TERMINATING	52	362	414	Affine template / Affine template
3411	0.31	41.16	7.00	TERMINATING	65	17	82	Affine template / Affine template
3412	0.27	37.39	6.00	TERMINATING	427	17	444	Affine template / Affine template
3413	2.08	76.71	8.00	TERMINATING	1	2	3	Affine template / Affine template
3414	0.36	96.22	27.00	TERMINATING	51	48	99	Affine template / Affine template
3415	1.67	26.59	5.00	TERMINATING	0	3	3	Affine template / Affine template
3416	0.44	39.97	6.00	TERMINATING	2	3	5	Affine template / Affine template
3417	0.40	42.26	9.00	TERMINATING	9	9	18	Affine template / Affine template
3418	0.30	39.66	7.00	TERMINATING	47	9	56	Affine template / Affine template
3419	2.33	56.95	9.00	TERMINATING	24	10	34	Affine template / Affine template
3420	0.47	83.93	27.00	TERMINATING	31	14	45	Affine template / Affine template
3421	0.24	38.11	8.00	TERMINATING	52	10	62	Affine template / Affine template
3422	0.29	34.16	7.00	TERMINATING	52	24	76	Affine template / Affine template
3423	0.37	49.32	8.00	TERMINATING	62	24	86	Affine template / Affine template
3424	0.30	67.62	24.00	TERMINATING	79	14	93	Affine template / Affine template
3425	2.08	70.60	16.00	TERMINATING	36	15	51	Affine template / Affine template
3426	0.29	39.96	11.00	TERMINATING	116	122	238	Affine template / Affine template
3427	0.49	53.89	16.00	TERMINATING	48	19	67	Affine template / Affine template
3428	0.42	106.59	30.00	TERMINATING	70	26	96	Affine template / Affine template
3429	0.35	40.70	10.00	TERMINATING	93	48	141	Affine template / Affine template
3430	0.28	45.97	10.00	TERMINATING	116	74	190	Affine template / Affine template
3431	2.00	67.31	7.00	TERMINATING	6	3	9	Affine template / Affine template
3432	0.49	41.19	8.00	TERMINATING	13	9	22	Affine template / Affine template
3433	0.29	31.95	6.00	TERMINATING	48	9	57	Affine template / Affine template
3434	1.92	50.13	8.00	TERMINATING	6	3	9	Affine template / Affine template
3435	0.45	44.62	9.00	TERMINATING	13	9	22	Affine template / Affine template
3436	0.32	31.94	7.00	TERMINATING	36	9	45	Affine template / Affine template
3437	2.04	127.52	16.00	TERMINATING	5	1	6	Affine template / Affine template
3438	2.44	53.54	7.00	TERMINATING	6	3	9	Affine template / Affine template
3439	0.50	43.34	8.00	TERMINATING	13	9	22	Affine template / Affine template
3440	0.29	30.49	6.00	TERMINATING	36	9	45	Affine template / Affine template
3441	1.90	118.78	16.00	TERMINATING	5	1	6	Affine template / Affine template
3442	1.96	85.14	15.00	TERMINATING	5	1	6	Affine template / Affine template
3443	2.18	3031.11	136.00	TERMINATING	0	11	11	Affine template / Affine template
3444	3.62	60.01	11.00	TERMINATING	5	1	6	Affine template / Affine template
3445	1.95	119.62	28.00	TERMINATING	5	1	6	Affine template / Affine template
3446	2.05	75.60	12.00	TERMINATING	5	1	6	Affine template / Affine template
3447	0.52	54.65	10.00	TERMINATING	6	2	8	Affine template / Affine template
3448	2.14	127.83	21.00	TERMINATING	6	2	8	Affine template / Affine template
3449	0.99	914.30	165.00	TERMINATING	9	4	13	Affine template / Affine template
3450	0.76	37.69	7.00	TERMINATING	15	4	19	Affine template / Affine template
3451	0.37	34.88	7.00	TERMINATING	8	4	12	Affine template / Affine template
3452	2.20	66.45	9.00	TERMINATING	1	2	3	Affine template / Affine template
3453	1.79	29.00	5.00	TERMINATING	0	5	5	Affine template / Affine template
3454	0.30	20.18	4.00	TERMINATING	0	5	5	Affine template / Affine template
3455	1.59	24.45	5.00	TERMINATING	0	9	9	Affine template / Affine template
3456	0.30	17.91	5.00	TERMINATING	0	9	9	Affine template / Affine template
3457	0.25	24.69	5.00	TERMINATING	0	9	9	Affine template / Affine template
3458	0.24	16.08	5.00	TERMINATING	0	9	9	Affine template / Affine template
3459	1.96	55.20	6.00	TERMINATING	6	6	12	Affine template / Affine template
3460	1.91	63.08	6.00	TERMINATING	6	6	12	Affine template / Affine template
3461	0.47	42.06	9.00	TERMINATING	28	24	52	Affine template / Affine template
3462	2.03	73.86	11.00	TERMINATING	6	1	7	Affine template / Affine template
3463	1.82	49.31	5.00	TERMINATING	20	18	38	Affine template / Affine template
3464	1.86	46.96	5.00	TERMINATING	16	9	25	Affine template / Affine template
3465	1.97	62.65	7.00	TERMINATING	24	27	51	Affine template / Affine template
3466	0.53	42.68	10.00	TERMINATING	28	28	56	Affine template / Affine template
3467	0.31	37.47	9.00	TERMINATING	36	31	67	Affine template / Affine template
3468	3.29	56.75	9.00	TERMINATING	32	18	50	Affine template / Affine template
3469	1.75	77.04	11.00	TERMINATING	68	18	86	Affine template / Affine template
3470	1.79	65.71	8.00	TERMINATING	28	19	47	Affine template / Affine template
3471	1.81	72.59	10.00	TERMINATING	74	29	103	Affine template / Affine template
3472	0.33	55.73	14.00	TERMINATING	375	29	404	Affine template / Affine template
3473	0.41	157.01	47.00	TERMINATING	385	43	428	Affine template / Affine template
3474	0.49	142.25	59.00	TERMINATING	526	119	645	Affine template / Affine template
3475	0.55	283.76	75.00	TERMINATING	460	479	939	Affine template / Affine template
3476	0.41	199.81	82.00	TERMINATING	460	528	988	Affine template / Affine template
3477	0.51	152.17	63.00	TERMINATING	499	453	952	Affine template / Affine template
3478	0.38	63.73	13.00	TERMINATING	106	43	149	Affine template / Affine template
3479	0.40	127.69	45.00	TERMINATING	115	57	172	Affine template / Affine template
3480	0.38	159.74	54.00	TERMINATING	228	119	347	Affine template / Affine template
3481	1.62	65.37	11.00	TERMINATING	74	34	108	Affine template / Affine template
3482	0.37	67.93	25.00	TERMINATING	317	124	441	Affine template / Affine template
3483	0.62	137.99	41.00	TERMINATING	372	34	406	Affine template / Affine template
3484	0.55	164.40	45.00	TERMINATING	400	48	448	Affine template / Affine template
3485	0.48	166.29	71.00	TERMINATING	481	124	605	Affine template / Affine template
3486	0.42	133.38	35.00	TERMINATING	77	48	125	Affine template / Affine template
3487	1.73	146.63	20.00	TERMINATING	470	55	525	Affine template / Affine template
3488	0.76	94.62	16.00	TERMINATING	469	17	486	Affine template / Affine template
3489	0.58	112.09	21.00	TERMINATING	482	55	537	Affine template / Affine template
3490	1.67	100.56	10.00	TERMINATING	301	18	319	Affine template / Affine template
3491	0.53	89.08	14.00	TERMINATING	318	53	371	Affine template / Affine template
3492	0.41	84.52	14.00	TERMINATING	335	25	360	Affine template / Affine template
3493	0.39	70.54	11.00	TERMINATING	348	22	370	Affine template / Affine template
3494	0.36	76.72	12.00	TERMINATING	361	13	374	Affine template / Affine template
3495	1.68	85.46	11.00	TERMINATING	301	18	319	Affine template / Affine template
3496	0.69	84.05	14.00	TERMINATING	318	53	371	Affine template / Affine template
3497	0.47	80.34	13.00	TERMINATING	335	25	360	Affine template / Affine template
3498	1.75	84.19	12.00	TERMINATING	277	18	295	Affine template / Affine template
3499	0.47	81.79	14.00	TERMINATING	294	53	347	Affine template / Affine template
3500	0.42	70.58	11.00	TERMINATING	311	25	336	Affine template / Affine template
3501	1.65	89.12	12.00	TERMINATING	277	18	295	Affine template / Affine template
3502	0.47	78.95	14.00	TERMINATING	294	53	347	Affine template / Affine template
3503	0.41	72.29	12.00	TERMINATING	311	25	336	Affine template / Affine template
3504	1.88	73.54	14.00	TERMINATING	121	28	149	Affine template / Affine template
3505	2.03	79.76	15.00	TERMINATING	112	28	140	Affine template / Affine template
3506	2.14	74.15	13.00	TERMINATING	116	28	144	Affine template / Affine template
3507	1.93	59.13	8.00	TERMINATING	37	19	56	Affine template / Affine template
3508	2.03	59.17	7.00	TERMINATING	41	19	60	Affine template / Affine template
3509	0.31	46.37	8.00	TERMINATING	6	1	7	Affine template / Affine template
3510	1.65	52.19	5.00	TERMINATING	6	9	15	Affine template / Affine template
3511	0.76	46.26	6.00	TERMINATING	12	3	15	Affine template / Affine template
3512	0.26	38.23	9.00	TERMINATING	14	3	17	Affine template / Affine template
3513	2.10	45.78	5.00	TERMINATING	6	3	9	Affine template / Affine template
3514	1.55	46.43	6.00	TERMINATING	6	27	33	Affine template / Affine template
3515	0.67	35.67	6.00	TERMINATING	12	3	15	Affine template / Affine template
3516	1.78	93.48	9.00	TERMINATING	7	3	10	Affine template / Affine template
3517	1.82	87.54	9.00	TERMINATING	7	3	10	Affine template / Affine template
3518	2.16	51.74	8.00	TERMINATING	52	42	94	Affine template / Affine template
3519	0.41	65.53	17.00	TERMINATING	81	26	107	Affine template / Affine template
3520	0.34	48.58	18.00	TERMINATING	123	26	149	Affine template / Affine template
3521	0.41	38.72	7.00	TERMINATING	92	27	119	Affine template / Affine template
3522	0.28	51.46	7.00	TERMINATING	92	27	119	Affine template / Affine template
3523	0.26	39.45	7.00	TERMINATING	92	27	119	Affine template / Affine template
3524	0.30	37.77	8.00	TERMINATING	92	27	119	Affine template / Affine template
3525	0.30	44.26	7.00	TERMINATING	92	27	119	Affine template / Affine template
3526	0.37	40.12	7.00	TERMINATING	92	27	119	Affine template / Affine template
3527	0.32	43.03	7.00	TERMINATING	92	27	119	Affine template / Affine template
3528	0.38	50.56	7.00	TERMINATING	92	27	119	Affine template / Affine template
3529	0.34	39.26	7.00	TERMINATING	92	27	119	Affine template / Affine template
3530	0.33	46.03	7.00	TERMINATING	92	27	119	Affine template / Affine template
3531	0.26	45.30	7.00	TERMINATING	92	27	119	Affine template / Affine template
3532	0.35	40.88	7.00	TERMINATING	92	27	119	Affine template / Affine template
3533	0.30	54.76	8.00	TERMINATING	92	27	119	Affine template / Affine template
3534	0.33	37.92	7.00	TERMINATING	92	27	119	Affine template / Affine template
3535	0.42	39.68	7.00	TERMINATING	92	27	119	Affine template / Affine template
3536	0.32	38.71	7.00	TERMINATING	92	27	119	Affine template / Affine template
3537	0.29	40.59	8.00	TERMINATING	92	27	119	Affine template / Affine template
3538	0.33	39.27	7.00	TERMINATING	92	27	119	Affine template / Affine template
3539	0.32	37.04	8.00	TERMINATING	92	27	119	Affine template / Affine template
3540	0.33	42.30	7.00	TERMINATING	92	27	119	Affine template / Affine template
3541	0.26	47.34	7.00	TERMINATING	92	27	119	Affine template / Affine template
3542	0.32	41.88	8.00	TERMINATING	92	27	119	Affine template / Affine template
3543	0.29	37.27	7.00	TERMINATING	92	27	119	Affine template / Affine template
3544	0.31	37.44	7.00	TERMINATING	92	27	119	Affine template / Affine template
3545	0.29	38.04	7.00	TERMINATING	92	27	119	Affine template / Affine template
3546	0.29	45.46	7.00	TERMINATING	92	27	119	Affine template / Affine template
3547	0.33	37.80	7.00	TERMINATING	92	27	119	Affine template / Affine template
3548	0.33	39.56	8.00	TERMINATING	92	27	119	Affine template / Affine template
3549	0.30	38.35	8.00	TERMINATING	92	27	119	Affine template / Affine template
3550	0.30	37.85	8.00	TERMINATING	92	27	119	Affine template / Affine template
3551	0.39	46.83	8.00	TERMINATING	92	27	119	Affine template / Affine template
3552	0.36	38.51	7.00	TERMINATING	92	27	119	Affine template / Affine template
3553	0.24	37.29	7.00	TERMINATING	92	27	119	Affine template / Affine template
3554	0.34	42.12	8.00	TERMINATING	92	27	119	Affine template / Affine template
3555	0.27	39.21	9.00	TERMINATING	92	27	119	Affine template / Affine template
3556	0.41	40.15	7.00	TERMINATING	92	27	119	Affine template / Affine template
3557	0.28	37.69	7.00	TERMINATING	92	27	119	Affine template / Affine template
3558	0.29	37.93	7.00	TERMINATING	92	27	119	Affine template / Affine template
3559	0.27	39.32	8.00	TERMINATING	92	27	119	Affine template / Affine template
3560	0.28	46.31	7.00	TERMINATING	92	27	119	Affine template / Affine template
3561	0.29	46.69	7.00	TERMINATING	92	27	119	Affine template / Affine template
3562	0.27	37.86	7.00	TERMINATING	92	27	119	Affine template / Affine template
3563	0.27	42.92	7.00	TERMINATING	92	27	119	Affine template / Affine template
3564	0.27	40.87	7.00	TERMINATING	92	27	119	Affine template / Affine template
3565	0.29	40.66	7.00	TERMINATING	92	27	119	Affine template / Affine template
3566	0.28	38.31	7.00	TERMINATING	92	27	119	Affine template / Affine template
3567	0.28	43.23	8.00	TERMINATING	92	27	119	Affine template / Affine template
3568	0.27	56.50	8.00	TERMINATING	92	27	119	Affine template / Affine template
3569	0.38	40.82	7.00	TERMINATING	92	27	119	Affine template / Affine template
3570	0.32	39.22	7.00	TERMINATING	92	27	119	Affine template / Affine template
3571	0.25	39.86	9.00	TERMINATING	92	27	119	Affine template / Affine template
3572	0.24	37.46	7.00	TERMINATING	92	27	119	Affine template / Affine template
3573	0.25	39.50	7.00	TERMINATING	92	27	119	Affine template / Affine template
3574	0.28	36.75	7.00	TERMINATING	92	27	119	Affine template / Affine template
3575	0.28	41.21	7.00	TERMINATING	92	27	119	Affine template / Affine template
3576	0.29	44.10	8.00	TERMINATING	92	27	119	Affine template / Affine template
3577	0.31	44.79	8.00	TERMINATING	92	27	119	Affine template / Affine template
3578	0.34	38.83	7.00	TERMINATING	92	27	119	Affine template / Affine template
3579	0.32	37.49	8.00	TERMINATING	92	27	119	Affine template / Affine template
3580	0.28	37.54	7.00	TERMINATING	92	27	119	Affine template / Affine template
3581	0.26	40.98	7.00	TERMINATING	92	27	119	Affine template / Affine template
3582	0.29	37.55	7.00	TERMINATING	92	27	119	Affine template / Affine template
3583	0.26	38.80	8.00	TERMINATING	92	27	119	Affine template / Affine template
3584	0.24	38.21	7.00	TERMINATING	92	27	119	Affine template / Affine template
3585	0.29	38.40	7.00	TERMINATING	92	27	119	Affine template / Affine template
3586	0.26	38.48	7.00	TERMINATING	92	27	119	Affine template / Affine template
3587	0.31	37.74	8.00	TERMINATING	92	27	119	Affine template / Affine template
3588	0.32	40.19	7.00	TERMINATING	92	27	119	Affine template / Affine template
3589	0.29	44.79	7.00	TERMINATING	92	27	119	Affine template / Affine template
3590	0.27	35.91	11.00	TERMINATING	92	27	119	Affine template / Affine template
3591	0.29	37.77	7.00	TERMINATING	92	27	119	Affine template / Affine template
3592	0.23	40.24	8.00	TERMINATING	92	27	119	Affine template / Affine template
3593	0.26	36.04	8.00	TERMINATING	92	27	119	Affine template / Affine template
3594	0.27	38.32	9.00	TERMINATING	92	27	119	Affine template / Affine template
3595	0.28	37.94	9.00	TERMINATING	92	27	119	Affine template / Affine template
3596	0.24	46.40	7.00	TERMINATING	92	27	119	Affine template / Affine template
3597	0.26	36.60	9.00	TERMINATING	92	27	119	Affine template / Affine template
3598	0.26	38.82	8.00	TERMINATING	92	27	119	Affine template / Affine template
3599	0.25	39.86	8.00	TERMINATING	92	27	119	Affine template / Affine template
3600	0.25	39.14	7.00	TERMINATING	92	27	119	Affine template / Affine template
3601	0.25	37.17	7.00	TERMINATING	92	27	119	Affine template / Affine template
3602	0.34	38.57	7.00	TERMINATING	92	27	119	Affine template / Affine template
3603	0.29	36.88	8.00	TERMINATING	92	27	119	Affine template / Affine template
3604	0.30	39.13	8.00	TERMINATING	92	27	119	Affine template / Affine template
3605	0.25	40.79	8.00	TERMINATING	92	27	119	Affine template / Affine template
3606	0.25	38.02	7.00	TERMINATING	92	27	119	Affine template / Affine template
3607	0.30	39.48	7.00	TERMINATING	92	27	119	Affine template / Affine template
3608	0.26	40.18	7.00	TERMINATING	92	27	119	Affine template / Affine template
3609	0.24	37.70	7.00	TERMINATING	92	27	119	Affine template / Affine template
3610	0.32	36.57	7.00	TERMINATING	92	27	119	Affine template / Affine template
3611	0.26	37.15	8.00	TERMINATING	92	27	119	Affine template / Affine template
3612	0.24	36.83	7.00	TERMINATING	92	27	119	Affine template / Affine template
3613	0.28	36.57	7.00	TERMINATING	92	27	119	Affine template / Affine template
3614	0.24	38.06	7.00	TERMINATING	92	27	119	Affine template / Affine template
3615	0.27	36.17	7.00	TERMINATING	92	27	119	Affine template / Affine template
3616	0.25	36.55	8.00	TERMINATING	92	27	119	Affine template / Affine template
3617	0.33	37.11	7.00	TERMINATING	92	27	119	Affine template / Affine template
3618	0.36	37.81	7.00	TERMINATING	92	27	119	Affine template / Affine template
3619	0.28	39.12	7.00	TERMINATING	92	27	119	Affine template / Affine template
3620	0.34	39.38	8.00	TERMINATING	92	27	119	Affine template / Affine template
3621	0.23	39.41	9.00	TERMINATING	92	27	119	Affine template / Affine template
3622	0.26	42.45	8.00	TERMINATING	92	27	119	Affine template / Affine template
3623	0.23	39.88	7.00	TERMINATING	92	27	119	Affine template / Affine template
3624	0.30	36.74	7.00	TERMINATING	92	27	119	Affine template / Affine template
3625	0.27	36.18	7.00	TERMINATING	92	27	119	Affine template / Affine template
3626	0.26	39.33	7.00	TERMINATING	92	27	119	Affine template / Affine template
3627	0.28	38.08	7.00	TERMINATING	92	27	119	Affine template / Affine template
3628	0.31	40.47	7.00	TERMINATING	92	27	119	Affine template / Affine template
3629	0.27	42.57	7.00	TERMINATING	92	27	119	Affine template / Affine template
3630	0.28	37.71	7.00	TERMINATING	92	27	119	Affine template / Affine template
3631	0.49	94.33	31.00	TERMINATING	48	22	70	Affine template / Affine template
3632	0.27	41.53	7.00	TERMINATING	92	27	119	Affine template / Affine template
3633	0.26	37.00	11.00	TERMINATING	92	27	119	Affine template / Affine template
3634	0.26	38.28	7.00	TERMINATING	92	27	119	Affine template / Affine template
3635	0.24	43.37	7.00	TERMINATING	92	27	119	Affine template / Affine template
3636	0.38	38.58	8.00	TERMINATING	92	27	119	Affine template / Affine template
3637	0.38	52.04	7.00	TERMINATING	92	27	119	Affine template / Affine template
3638	0.27	37.09	7.00	TERMINATING	92	27	119	Affine template / Affine template
3639	0.23	37.11	7.00	TERMINATING	92	27	119	Affine template / Affine template
3640	0.29	40.66	7.00	TERMINATING	92	27	119	Affine template / Affine template
3641	0.25	36.17	7.00	TERMINATING	92	27	119	Affine template / Affine template
3642	0.29	39.86	7.00	TERMINATING	92	27	119	Affine template / Affine template
3643	0.30	45.69	8.00	TERMINATING	92	27	119	Affine template / Affine template
3644	0.26	42.37	8.00	TERMINATING	92	27	119	Affine template / Affine template
3645	0.28	38.22	8.00	TERMINATING	92	27	119	Affine template / Affine template
3646	0.29	39.13	7.00	TERMINATING	92	27	119	Affine template / Affine template
3647	0.30	38.67	8.00	TERMINATING	92	27	119	Affine template / Affine template
3648	0.26	37.49	8.00	TERMINATING	92	27	119	Affine template / Affine template
3649	0.29	41.30	7.00	TERMINATING	92	27	119	Affine template / Affine template
3650	0.38	43.85	7.00	TERMINATING	92	27	119	Affine template / Affine template
3651	0.37	88.18	27.00	TERMINATING	61	27	88	Affine template / Affine template
3652	0.27	39.77	7.00	TERMINATING	92	27	119	Affine template / Affine template
3653	0.30	36.91	8.00	TERMINATING	92	27	119	Affine template / Affine template
3654	0.31	38.34	7.00	TERMINATING	92	27	119	Affine template / Affine template
3655	0.39	38.31	7.00	TERMINATING	92	27	119	Affine template / Affine template
3656	0.28	38.17	6.00	TERMINATING	92	27	119	Affine template / Affine template
3657	0.24	38.93	7.00	TERMINATING	92	27	119	Affine template / Affine template
3658	0.30	48.80	8.00	TERMINATING	92	27	119	Affine template / Affine template
3659	0.28	43.23	7.00	TERMINATING	92	27	119	Affine template / Affine template
3660	0.27	43.69	8.00	TERMINATING	92	27	119	Affine template / Affine template
3661	0.26	39.36	7.00	TERMINATING	92	27	119	Affine template / Affine template
3662	0.28	40.88	9.00	TERMINATING	92	27	119	Affine template / Affine template
3663	0.27	36.76	7.00	TERMINATING	92	27	119	Affine template / Affine template
3664	0.28	39.93	7.00	TERMINATING	92	27	119	Affine template / Affine template
3665	0.28	37.64	7.00	TERMINATING	92	27	119	Affine template / Affine template
3666	0.29	37.60	7.00	TERMINATING	92	27	119	Affine template / Affine template
3667	0.25	39.25	7.00	TERMINATING	92	27	119	Affine template / Affine template
3668	0.33	41.63	7.00	TERMINATING	92	27	119	Affine template / Affine template
3669	0.25	39.16	7.00	TERMINATING	92	27	119	Affine template / Affine template
3670	0.29	38.13	7.00	TERMINATING	92	27	119	Affine template / Affine template
3671	0.27	40.88	7.00	TERMINATING	92	27	119	Affine template / Affine template
3672	0.32	43.92	7.00	TERMINATING	92	27	119	Affine template / Affine template
3673	0.24	38.46	7.00	TERMINATING	92	27	119	Affine template / Affine template
3674	0.30	38.81	7.00	TERMINATING	92	27	119	Affine template / Affine template
3675	0.29	37.45	7.00	TERMINATING	92	27	119	Affine template / Affine template
3676	0.28	38.67	7.00	TERMINATING	92	27	119	Affine template / Affine template
3677	0.27	38.81	7.00	TERMINATING	92	27	119	Affine template / Affine template
3678	0.29	38.61	8.00	TERMINATING	92	27	119	Affine template / Affine template
3679	0.29	36.47	7.00	TERMINATING	92	27	119	Affine template / Affine template
3680	0.28	37.75	8.00	TERMINATING	92	27	119	Affine template / Affine template
3681	0.27	44.19	7.00	TERMINATING	92	27	119	Affine template / Affine template
3682	0.36	37.43	8.00	TERMINATING	92	27	119	Affine template / Affine template
3683	0.30	40.98	7.00	TERMINATING	92	27	119	Affine template / Affine template
3684	0.41	37.49	7.00	TERMINATING	92	27	119	Affine template / Affine template
3685	0.29	37.09	9.00	TERMINATING	92	27	119	Affine template / Affine template
3686	0.27	49.74	7.00	TERMINATING	92	27	119	Affine template / Affine template
3687	0.27	47.42	7.00	TERMINATING	92	27	119	Affine template / Affine template
3688	0.26	40.22	8.00	TERMINATING	92	27	119	Affine template / Affine template
3689	0.30	41.15	8.00	TERMINATING	92	27	119	Affine template / Affine template
3690	0.26	42.54	8.00	TERMINATING	92	27	119	Affine template / Affine template
3691	0.27	39.84	7.00	TERMINATING	92	27	119	Affine template / Affine template
3692	0.24	41.59	8.00	TERMINATING	92	27	119	Affine template / Affine template
3693	0.35	39.80	7.00	TERMINATING	92	27	119	Affine template / Affine template
3694	0.33	38.19	7.00	TERMINATING	92	27	119	Affine template / Affine template
3695	0.24	40.18	8.00	TERMINATING	92	27	119	Affine template / Affine template
3696	0.28	39.64	8.00	TERMINATING	92	27	119	Affine template / Affine template
3697	0.28	38.04	7.00	TERMINATING	92	27	119	Affine template / Affine template
3698	0.32	38.59	7.00	TERMINATING	92	27	119	Affine template / Affine template
3699	0.28	39.88	9.00	TERMINATING	92	27	119	Affine template / Affine template
3700	0.30	40.61	8.00	TERMINATING	92	27	119	Affine template / Affine template
3701	0.26	39.86	7.00	TERMINATING	92	27	119	Affine template / Affine template
3702	0.29	40.28	8.00	TERMINATING	92	27	119	Affine template / Affine template
3703	0.34	43.37	7.00	TERMINATING	92	27	119	Affine template / Affine template
3704	0.33	38.63	8.00	TERMINATING	92	27	119	Affine template / Affine template
3705	0.25	39.42	7.00	TERMINATING	92	27	119	Affine template / Affine template
3706	0.25	39.51	7.00	TERMINATING	92	27	119	Affine template / Affine template
3707	0.33	39.83	7.00	TERMINATING	92	27	119	Affine template / Affine template
3708	0.40	40.19	7.00	TERMINATING	92	27	119	Affine template / Affine template
3709	0.28	39.12	7.00	TERMINATING	92	27	119	Affine template / Affine template
3710	0.28	39.86	7.00	TERMINATING	92	27	119	Affine template / Affine template
3711	0.35	48.55	8.00	TERMINATING	92	27	119	Affine template / Affine template
3712	0.30	39.25	9.00	TERMINATING	92	27	119	Affine template / Affine template
3713	0.26	37.65	8.00	TERMINATING	92	27	119	Affine template / Affine template
3714	0.30	49.36	8.00	TERMINATING	92	27	119	Affine template / Affine template
3715	0.36	39.52	8.00	TERMINATING	92	27	119	Affine template / Affine template
3716	0.27	41.34	7.00	TERMINATING	92	27	119	Affine template / Affine template
3717	0.55	38.26	8.00	TERMINATING	92	27	119	Affine template / Affine template
3718	0.30	38.30	7.00	TERMINATING	92	27	119	Affine template / Affine template
3719	0.38	40.65	7.00	TERMINATING	92	27	119	Affine template / Affine template
3720	0.30	42.58	7.00	TERMINATING	92	27	119	Affine template / Affine template
3721	0.27	38.15	8.00	TERMINATING	92	27	119	Affine template / Affine template
3722	0.30	44.13	7.00	TERMINATING	92	27	119	Affine template / Affine template
3723	0.27	38.92	9.00	TERMINATING	92	27	119	Affine template / Affine template
3724	0.31	47.36	8.00	TERMINATING	92	27	119	Affine template / Affine template
3725	0.30	37.40	8.00	TERMINATING	92	27	119	Affine template / Affine template
3726	0.32	42.87	7.00	TERMINATING	92	27	119	Affine template / Affine template
3727	1.78	71.75	9.00	TERMINATING	50	45	95	Affine template / Affine template
3728	0.37	51.11	14.00	TERMINATING	226	45	271	Affine template / Affine template
3729	0.42	56.39	17.00	TERMINATING	250	178	428	Affine template / Affine template
3730	0.39	54.34	13.00	TERMINATING	252	45	297	Affine template / Affine template
3731	0.36	52.44	14.00	TERMINATING	408	45	453	Affine template / Affine template
3732	0.33	54.84	12.00	TERMINATING	430	45	475	Affine template / Affine template
3733	0.38	55.71	19.00	TERMINATING	224	182	406	Affine template / Affine template
3734	1.69	44.74	5.00	TERMINATING	5	3	8	Affine template / Affine template
3735	1.83	49.72	8.00	TERMINATING	5	3	8	Affine template / Affine template
3736	1.77	65.41	8.00	TERMINATING	5	2	7	Affine template / Affine template
3737	1.79	65.89	10.00	TERMINATING	5	1	6	Affine template / Affine template
3738	3.48	209.84	66.00	TERMINATING	10	10	20	Affine template / Affine template
3739	2.47	207.11	96.00	TERMINATING	13	12	25	Affine template / Affine template
3740	3.46	225.10	74.00	TERMINATING	12	9	21	Affine template / Affine template
3741	2.14	204.00	79.00	TERMINATING	19	12	31	Affine template / Affine template
3742	1.99	149.59	87.00	TERMINATING	24	9	33	Affine template / Affine template
3743	2.05	165.03	34.00	TERMINATING	5	1	6	Affine template / Affine template
3744	2.16	162.10	15.00	TERMINATING	5	2	7	Affine template / Affine template
3745	1.78	93.49	14.00	TERMINATING	5	1	6	Affine template / Affine template
3746	2.15	84.56	35.00	TERMINATING	8	3	11	Affine template / Affine template
3747	2.38	181.70	57.00	TERMINATING	8	4	12	Affine template / Affine template
3748	2.49	189.01	55.00	TERMINATING	8	4	12	Affine template / Affine template
3749	2.15	101.05	25.00	TERMINATING	8	3	11	Affine template / Affine template
3750	2.08	302.46	138.00	TERMINATING	9	5	14	Affine template / Nested template
3751	0.76	2874.19	587.00	TERMINATING	13	3	16	Affine template / Affine template
3752	0.88	288.34	186.00	TERMINATING	14	5	19	Affine template / Affine template
3753	2.35	277.66	190.00	TERMINATING	10	5	15	Affine template / Affine template
3754	0.84	202.64	100.00	TERMINATING	15	3	18	Affine template / Affine template
3755	2.04	167.85	34.00	TERMINATING	8	2	10	Affine template / Affine template
3756	2.00	172.94	39.00	TERMINATING	11	2	13	Affine template / Affine template
3757	2.36	290.21	82.00	TERMINATING	9	5	14	Affine template / Affine template
3758	0.65	477.53	138.00	TERMINATING	13	3	16	Affine template / Affine template
3759	1.92	95.10	17.00	TERMINATING	5	1	6	Affine template / Affine template
3760	2.89	53.56	8.00	TERMINATING	5	1	6	Affine template / Affine template
3761	1.79	51.27	5.00	TERMINATING	20	9	29	Affine template / Affine template
3762	1.74	48.38	6.00	TERMINATING	20	13	33	Affine template / Affine template
3763	1.78	53.21	4.00	TERMINATING	20	9	29	Affine template / Affine template
3764	1.88	48.34	5.00	TERMINATING	20	9	29	Affine template / Affine template
3765	1.76	45.48	5.00	TERMINATING	20	9	29	Affine template / Affine template
3766	1.92	53.03	7.00	TERMINATING	24	13	37	Affine template / Affine template
3767	1.78	60.47	6.00	TERMINATING	28	19	47	Affine template / Affine template
3768	1.99	71.88	6.00	TERMINATING	24	14	38	Affine template / Affine template
3769	0.43	41.16	6.00	TERMINATING	33	13	46	Affine template / Affine template
3770	1.72	48.76	5.00	TERMINATING	25	9	34	Affine template / Affine template
3771	1.93	60.94	10.00	TERMINATING	40	27	67	Affine template / Affine template
3772	1.91	63.67	7.00	TERMINATING	24	15	39	Affine template / Affine template
3773	2.26	71.28	6.00	TERMINATING	45	13	58	Affine template / Affine template
3774	1.90	55.62	9.00	TERMINATING	24	14	38	Affine template / Affine template
3775	1.60	60.51	9.00	TERMINATING	28	29	57	Affine template / Affine template
3776	0.37	43.54	8.00	TERMINATING	191	29	220	Affine template / Affine template
3777	0.28	37.74	8.00	TERMINATING	191	29	220	Affine template / Affine template
3778	0.29	37.44	10.00	TERMINATING	191	29	220	Affine template / Affine template
3779	0.29	36.80	10.00	TERMINATING	191	29	220	Affine template / Affine template
3780	0.39	45.57	11.00	TERMINATING	191	29	220	Affine template / Affine template
3781	0.31	41.80	10.00	TERMINATING	191	29	220	Affine template / Affine template
3782	0.30	37.88	9.00	TERMINATING	191	29	220	Affine template / Affine template
3783	0.25	38.46	10.00	TERMINATING	191	29	220	Affine template / Affine template
3784	0.28	38.02	10.00	TERMINATING	191	29	220	Affine template / Affine template
3785	0.33	39.53	8.00	TERMINATING	191	29	220	Affine template / Affine template
3786	0.75	86.35	27.00	TERMINATING	47	40	87	Affine template / Affine template
3787	0.28	40.89	8.00	TERMINATING	191	29	220	Affine template / Affine template
3788	0.25	35.98	8.00	TERMINATING	191	29	220	Affine template / Affine template
3789	0.29	42.58	8.00	TERMINATING	191	29	220	Affine template / Affine template
3790	0.29	38.99	8.00	TERMINATING	191	29	220	Affine template / Affine template
3791	0.25	39.65	10.00	TERMINATING	191	29	220	Affine template / Affine template
3792	0.31	41.47	10.00	TERMINATING	191	29	220	Affine template / Affine template
3793	0.30	36.20	8.00	TERMINATING	191	29	220	Affine template / Affine template
3794	0.38	38.13	10.00	TERMINATING	191	29	220	Affine template / Affine template
3795	0.28	39.39	10.00	TERMINATING	191	29	220	Affine template / Affine template
3796	0.29	43.74	9.00	TERMINATING	191	29	220	Affine template / Affine template
3797	0.29	38.70	7.00	TERMINATING	84	29	113	Affine template / Affine template
3798	0.29	36.47	9.00	TERMINATING	191	29	220	Affine template / Affine template
3799	0.32	37.51	10.00	TERMINATING	191	29	220	Affine template / Affine template
3800	0.26	37.06	10.00	TERMINATING	191	29	220	Affine template / Affine template
3801	0.29	36.56	9.00	TERMINATING	191	29	220	Affine template / Affine template
3802	0.34	47.84	9.00	TERMINATING	191	29	220	Affine template / Affine template
3803	0.24	35.67	10.00	TERMINATING	191	29	220	Affine template / Affine template
3804	0.25	39.05	8.00	TERMINATING	191	29	220	Affine template / Affine template
3805	0.30	39.98	9.00	TERMINATING	191	29	220	Affine template / Affine template
3806	0.32	38.61	7.00	TERMINATING	191	29	220	Affine template / Affine template
3807	0.32	38.11	8.00	TERMINATING	191	29	220	Affine template / Affine template
3808	0.28	39.09	9.00	TERMINATING	113	29	142	Affine template / Affine template
3809	0.26	36.76	8.00	TERMINATING	191	29	220	Affine template / Affine template
3810	0.29	37.33	8.00	TERMINATING	191	29	220	Affine template / Affine template
3811	0.30	37.55	9.00	TERMINATING	191	29	220	Affine template / Affine template
3812	0.32	38.39	9.00	TERMINATING	191	29	220	Affine template / Affine template
3813	0.25	41.15	8.00	TERMINATING	191	29	220	Affine template / Affine template
3814	0.30	39.62	8.00	TERMINATING	191	29	220	Affine template / Affine template
3815	0.37	39.00	10.00	TERMINATING	191	29	220	Affine template / Affine template
3816	0.28	36.14	10.00	TERMINATING	191	29	220	Affine template / Affine template
3817	0.31	38.98	10.00	TERMINATING	191	29	220	Affine template / Affine template
3818	0.32	37.86	10.00	TERMINATING	191	29	220	Affine template / Affine template
3819	0.26	39.19	9.00	TERMINATING	84	69	153	Affine template / Affine template
3820	0.28	36.00	10.00	TERMINATING	191	29	220	Affine template / Affine template
3821	0.28	38.95	9.00	TERMINATING	191	29	220	Affine template / Affine template
3822	0.27	36.25	8.00	TERMINATING	191	29	220	Affine template / Affine template
3823	0.31	45.79	8.00	TERMINATING	191	29	220	Affine template / Affine template
3824	0.31	38.05	9.00	TERMINATING	191	29	220	Affine template / Affine template
3825	0.33	38.95	8.00	TERMINATING	191	29	220	Affine template / Affine template
3826	0.27	41.31	9.00	TERMINATING	191	29	220	Affine template / Affine template
3827	0.30	37.75	9.00	TERMINATING	191	29	220	Affine template / Affine template
3828	0.33	39.79	10.00	TERMINATING	191	29	220	Affine template / Affine template
3829	0.29	41.28	9.00	TERMINATING	191	29	220	Affine template / Affine template
3830	0.28	38.75	9.00	TERMINATING	137	69	206	Affine template / Affine template
3831	0.37	49.00	9.00	TERMINATING	191	29	220	Affine template / Affine template
3832	0.31	39.25	8.00	TERMINATING	191	29	220	Affine template / Affine template
3833	0.45	36.58	9.00	TERMINATING	191	29	220	Affine template / Affine template
3834	0.34	37.90	10.00	TERMINATING	191	29	220	Affine template / Affine template
3835	0.32	44.46	10.00	TERMINATING	191	29	220	Affine template / Affine template
3836	0.43	40.65	9.00	TERMINATING	191	29	220	Affine template / Affine template
3837	0.32	42.83	10.00	TERMINATING	191	29	220	Affine template / Affine template
3838	0.29	41.49	10.00	TERMINATING	191	29	220	Affine template / Affine template
3839	0.30	37.16	11.00	TERMINATING	191	29	220	Affine template / Affine template
3840	0.31	45.86	10.00	TERMINATING	191	29	220	Affine template / Affine template
3841	0.34	77.87	26.00	TERMINATING	140	40	180	Affine template / Affine template
3842	0.30	37.06	9.00	TERMINATING	191	29	220	Affine template / Affine template
3843	0.38	36.46	10.00	TERMINATING	191	29	220	Affine template / Affine template
3844	0.37	42.81	9.00	TERMINATING	191	29	220	Affine template / Affine template
3845	0.32	47.47	8.00	TERMINATING	191	29	220	Affine template / Affine template
3846	0.30	36.56	10.00	TERMINATING	191	29	220	Affine template / Affine template
3847	0.32	36.66	8.00	TERMINATING	191	29	220	Affine template / Affine template
3848	0.31	42.32	8.00	TERMINATING	191	29	220	Affine template / Affine template
3849	0.28	36.20	8.00	TERMINATING	191	29	220	Affine template / Affine template
3850	0.34	37.79	8.00	TERMINATING	191	29	220	Affine template / Affine template
3851	0.26	41.49	9.00	TERMINATING	191	29	220	Affine template / Affine template
3852	0.29	37.90	8.00	TERMINATING	191	29	220	Affine template / Affine template
3853	0.39	38.48	9.00	TERMINATING	191	29	220	Affine template / Affine template
3854	0.30	36.01	9.00	TERMINATING	191	29	220	Affine template / Affine template
3855	0.30	39.91	9.00	TERMINATING	191	29	220	Affine template / Affine template
3856	0.29	37.84	9.00	TERMINATING	191	29	220	Affine template / Affine template
3857	0.31	37.23	11.00	TERMINATING	191	29	220	Affine template / Affine template
3858	0.33	37.08	9.00	TERMINATING	191	29	220	Affine template / Affine template
3859	0.38	57.18	15.00	TERMINATING	169	41	210	Affine template / Affine template
3860	0.43	56.41	18.00	TERMINATING	160	48	208	Affine template / Affine template
3861	0.38	65.51	18.00	TERMINATING	165	53	218	Affine template / Affine template
3862	0.33	55.80	16.00	TERMINATING	214	50	264	Affine template / Affine template
3863	0.43	58.64	17.00	TERMINATING	207	41	248	Affine template / Affine template
3864	0.30	55.58	14.00	TERMINATING	229	61	290	Affine template / Affine template
3865	0.40	59.68	19.00	TERMINATING	245	41	286	Affine template / Affine template
3866	0.51	76.02	29.00	TERMINATING	290	89	379	Affine template / Affine template
3867	0.51	140.00	52.00	TERMINATING	296	48	344	Affine template / Affine template
3868	1.55	71.90	13.00	TERMINATING	56	50	106	Affine template / Affine template
3869	0.45	58.95	19.00	TERMINATING	306	41	347	Affine template / Affine template
3870	0.45	124.20	48.00	TERMINATING	352	48	400	Affine template / Affine template
3871	0.78	112.07	38.00	TERMINATING	116	61	177	Affine template / Affine template
3872	0.42	60.60	16.00	TERMINATING	119	48	167	Affine template / Affine template
3873	0.48	68.29	25.00	TERMINATING	153	89	242	Affine template / Affine template
3874	0.43	58.41	18.00	TERMINATING	156	41	197	Affine template / Affine template
3875	0.43	52.13	18.00	TERMINATING	164	50	214	Affine template / Affine template
3876	1.55	55.34	11.00	TERMINATING	24	23	47	Affine template / Affine template
3877	1.99	80.81	9.00	TERMINATING	40	34	74	Affine template / Affine template
3878	1.64	59.32	8.00	TERMINATING	36	26	62	Affine template / Affine template
3879	0.32	42.04	10.00	TERMINATING	134	26	160	Affine template / Affine template
3880	0.37	41.12	9.00	TERMINATING	134	26	160	Affine template / Affine template
3881	0.38	41.78	8.00	TERMINATING	134	26	160	Affine template / Affine template
3882	0.37	40.83	9.00	TERMINATING	134	26	160	Affine template / Affine template
3883	0.38	50.43	11.00	TERMINATING	134	26	160	Affine template / Affine template
3884	0.34	40.77	10.00	TERMINATING	134	26	160	Affine template / Affine template
3885	0.35	39.54	10.00	TERMINATING	134	26	160	Affine template / Affine template
3886	0.33	36.48	7.00	TERMINATING	134	26	160	Affine template / Affine template
3887	0.39	43.42	9.00	TERMINATING	134	26	160	Affine template / Affine template
3888	0.37	38.74	10.00	TERMINATING	134	26	160	Affine template / Affine template
3889	0.38	40.24	10.00	TERMINATING	134	26	160	Affine template / Affine template
3890	0.32	43.07	9.00	TERMINATING	134	26	160	Affine template / Affine template
3891	0.39	40.21	9.00	TERMINATING	134	26	160	Affine template / Affine template
3892	0.41	41.47	10.00	TERMINATING	134	26	160	Affine template / Affine template
3893	0.33	42.73	8.00	TERMINATING	134	26	160	Affine template / Affine template
3894	0.35	41.50	10.00	TERMINATING	134	26	160	Affine template / Affine template
3895	0.30	38.45	9.00	TERMINATING	134	26	160	Affine template / Affine template
3896	0.29	45.56	10.00	TERMINATING	134	26	160	Affine template / Affine template
3897	0.38	39.97	12.00	TERMINATING	134	26	160	Affine template / Affine template
3898	0.38	38.99	9.00	TERMINATING	134	26	160	Affine template / Affine template
3899	0.37	43.17	8.00	TERMINATING	134	26	160	Affine template / Affine template
3900	0.35	44.64	9.00	TERMINATING	134	26	160	Affine template / Affine template
3901	0.40	39.83	9.00	TERMINATING	134	26	160	Affine template / Affine template
3902	0.31	41.38	9.00	TERMINATING	134	26	160	Affine template / Affine template
3903	0.37	39.37	11.00	TERMINATING	134	26	160	Affine template / Affine template
3904	0.51	57.58	10.00	TERMINATING	134	26	160	Affine template / Affine template
3905	0.36	42.75	10.00	TERMINATING	134	26	160	Affine template / Affine template
3906	0.37	38.81	10.00	TERMINATING	134	26	160	Affine template / Affine template
3907	0.36	45.92	9.00	TERMINATING	134	26	160	Affine template / Affine template
3908	0.40	40.87	10.00	TERMINATING	134	26	160	Affine template / Affine template
3909	0.37	39.04	11.00	TERMINATING	134	26	160	Affine template / Affine template
3910	0.39	43.64	8.00	TERMINATING	134	26	160	Affine template / Affine template
3911	0.44	39.51	9.00	TERMINATING	134	26	160	Affine template / Affine template
3912	0.33	42.34	10.00	TERMINATING	134	26	160	Affine template / Affine template
3913	0.34	45.69	8.00	TERMINATING	134	26	160	Affine template / Affine template
3914	0.31	41.94	9.00	TERMINATING	134	26	160	Affine template / Affine template
3915	0.37	38.40	9.00	TERMINATING	134	26	160	Affine template / Affine template
3916	0.41	39.79	9.00	TERMINATING	134	26	160	Affine template / Affine template
3917	0.28	39.39	8.00	TERMINATING	134	26	160	Affine template / Affine template
3918	0.47	45.53	10.00	TERMINATING	134	26	160	Affine template / Affine template
3919	0.28	40.30	8.00	TERMINATING	134	26	160	Affine template / Affine template
3920	0.31	45.26	11.00	TERMINATING	134	26	160	Affine template / Affine template
3921	0.37	37.69	9.00	TERMINATING	134	26	160	Affine template / Affine template
3922	0.31	40.54	11.00	TERMINATING	134	26	160	Affine template / Affine template
3923	0.34	44.84	11.00	TERMINATING	134	26	160	Affine template / Affine template
3924	0.34	38.73	10.00	TERMINATING	134	26	160	Affine template / Affine template
3925	0.34	43.14	10.00	TERMINATING	134	26	160	Affine template / Affine template
3926	0.33	38.03	8.00	TERMINATING	134	26	160	Affine template / Affine template
3927	0.28	39.40	9.00	TERMINATING	134	26	160	Affine template / Affine template
3928	0.33	39.63	10.00	TERMINATING	134	26	160	Affine template / Affine template
3929	0.28	40.44	8.00	TERMINATING	134	26	160	Affine template / Affine template
3930	0.31	38.02	13.00	TERMINATING	134	26	160	Affine template / Affine template
3931	0.33	38.52	11.00	TERMINATING	134	26	160	Affine template / Affine template
3932	0.38	40.11	9.00	TERMINATING	134	26	160	Affine template / Affine template
3933	0.28	41.79	10.00	TERMINATING	134	26	160	Affine template / Affine template
3934	0.36	41.45	11.00	TERMINATING	134	26	160	Affine template / Affine template
3935	0.31	40.15	14.00	TERMINATING	134	26	160	Affine template / Affine template
3936	0.32	48.86	9.00	TERMINATING	134	26	160	Affine template / Affine template
3937	0.34	48.79	9.00	TERMINATING	134	26	160	Affine template / Affine template
3938	0.34	44.82	8.00	TERMINATING	134	26	160	Affine template / Affine template
3939	0.37	46.18	9.00	TERMINATING	134	26	160	Affine template / Affine template
3940	0.81	295.02	62.00	TERMINATING	69	50	119	Affine template / Affine template
3941	0.39	42.05	9.00	TERMINATING	134	26	160	Affine template / Affine template
3942	0.38	46.36	9.00	TERMINATING	134	26	160	Affine template / Affine template
3943	0.38	42.01	11.00	TERMINATING	134	26	160	Affine template / Affine template
3944	0.39	43.57	10.00	TERMINATING	134	26	160	Affine template / Affine template
3945	0.44	39.62	9.00	TERMINATING	134	26	160	Affine template / Affine template
3946	0.38	41.63	12.00	TERMINATING	134	26	160	Affine template / Affine template
3947	0.35	43.56	10.00	TERMINATING	134	26	160	Affine template / Affine template
3948	0.41	42.08	10.00	TERMINATING	134	26	160	Affine template / Affine template
3949	0.33	42.79	10.00	TERMINATING	134	26	160	Affine template / Affine template
3950	0.39	41.35	10.00	TERMINATING	134	26	160	Affine template / Affine template
3951	0.36	41.58	9.00	TERMINATING	134	26	160	Affine template / Affine template
3952	0.29	43.21	10.00	TERMINATING	134	26	160	Affine template / Affine template
3953	0.29	44.95	10.00	TERMINATING	134	26	160	Affine template / Affine template
3954	0.36	46.35	8.00	TERMINATING	134	26	160	Affine template / Affine template
3955	0.54	40.33	9.00	TERMINATING	134	26	160	Affine template / Affine template
3956	0.54	40.80	9.00	TERMINATING	134	26	160	Affine template / Affine template
3957	0.34	41.33	10.00	TERMINATING	134	26	160	Affine template / Affine template
3958	0.27	48.91	10.00	TERMINATING	134	26	160	Affine template / Affine template
3959	0.36	40.86	9.00	TERMINATING	134	26	160	Affine template / Affine template
3960	0.30	42.19	11.00	TERMINATING	134	26	160	Affine template / Affine template
3961	0.54	111.40	53.00	TERMINATING	80	58	138	Affine template / Affine template
3962	0.36	44.65	9.00	TERMINATING	134	26	160	Affine template / Affine template
3963	0.29	41.22	10.00	TERMINATING	134	26	160	Affine template / Affine template
3964	0.33	40.85	10.00	TERMINATING	134	26	160	Affine template / Affine template
3965	0.35	41.61	9.00	TERMINATING	134	26	160	Affine template / Affine template
3966	0.36	42.63	10.00	TERMINATING	134	26	160	Affine template / Affine template
3967	0.32	45.53	10.00	TERMINATING	134	26	160	Affine template / Affine template
3968	0.38	39.17	10.00	TERMINATING	134	26	160	Affine template / Affine template
3969	0.35	40.86	10.00	TERMINATING	134	26	160	Affine template / Affine template
3970	0.39	40.01	10.00	TERMINATING	134	26	160	Affine template / Affine template
3971	0.35	40.53	9.00	TERMINATING	134	26	160	Affine template / Affine template
3972	0.47	44.91	15.00	TERMINATING	102	26	128	Affine template / Affine template
3973	0.37	41.85	10.00	TERMINATING	134	26	160	Affine template / Affine template
3974	0.34	42.44	10.00	TERMINATING	134	26	160	Affine template / Affine template
3975	0.31	45.69	10.00	TERMINATING	134	26	160	Affine template / Affine template
3976	0.32	40.53	9.00	TERMINATING	134	26	160	Affine template / Affine template
3977	0.34	38.11	10.00	TERMINATING	134	26	160	Affine template / Affine template
3978	0.37	42.73	10.00	TERMINATING	134	26	160	Affine template / Affine template
3979	0.33	42.36	9.00	TERMINATING	134	26	160	Affine template / Affine template
3980	0.41	41.58	9.00	TERMINATING	134	26	160	Affine template / Affine template
3981	0.37	50.12	9.00	TERMINATING	134	26	160	Affine template / Affine template
3982	0.37	41.34	8.00	TERMINATING	134	26	160	Affine template / Affine template
3983	0.45	48.21	15.00	TERMINATING	128	26	154	Affine template / Affine template
3984	0.42	42.14	10.00	TERMINATING	134	26	160	Affine template / Affine template
3985	0.38	41.21	7.00	TERMINATING	134	26	160	Affine template / Affine template
3986	0.36	42.49	9.00	TERMINATING	134	26	160	Affine template / Affine template
3987	0.39	42.05	10.00	TERMINATING	134	26	160	Affine template / Affine template
3988	0.38	41.01	9.00	TERMINATING	134	26	160	Affine template / Affine template
3989	0.30	50.14	10.00	TERMINATING	134	26	160	Affine template / Affine template
3990	0.38	42.39	10.00	TERMINATING	134	26	160	Affine template / Affine template
3991	0.33	39.64	9.00	TERMINATING	134	26	160	Affine template / Affine template
3992	0.39	42.44	9.00	TERMINATING	134	26	160	Affine template / Affine template
3993	0.45	39.71	9.00	TERMINATING	134	26	160	Affine template / Affine template
3994	0.41	41.38	9.00	TERMINATING	134	26	160	Affine template / Affine template
3995	0.44	41.08	10.00	TERMINATING	134	26	160	Affine template / Affine template
3996	0.31	40.31	11.00	TERMINATING	134	26	160	Affine template / Affine template
3997	0.34	40.47	8.00	TERMINATING	134	26	160	Affine template / Affine template
3998	0.36	41.71	10.00	TERMINATING	134	26	160	Affine template / Affine template
3999	0.36	39.45	10.00	TERMINATING	134	26	160	Affine template / Affine template
4000	0.38	41.67	11.00	TERMINATING	134	26	160	Affine template / Affine template
4001	0.37	39.73	8.00	TERMINATING	134	26	160	Affine template / Affine template
4002	0.37	43.80	10.00	TERMINATING	134	26	160	Affine template / Affine template
4003	0.34	39.97	9.00	TERMINATING	134	26	160	Affine template / Affine template
4004	0.36	44.36	13.00	TERMINATING	134	26	160	Affine template / Affine template
4005	0.38	39.25	10.00	TERMINATING	134	26	160	Affine template / Affine template
4006	0.36	42.16	13.00	TERMINATING	134	26	160	Affine template / Affine template
4007	0.34	42.17	10.00	TERMINATING	134	26	160	Affine template / Affine template
4008	0.35	43.72	8.00	TERMINATING	134	26	160	Affine template / Affine template
4009	0.47	39.23	9.00	TERMINATING	134	26	160	Affine template / Affine template
4010	0.33	41.41	11.00	TERMINATING	134	26	160	Affine template / Affine template
4011	0.32	40.80	9.00	TERMINATING	134	26	160	Affine template / Affine template
4012	0.38	43.96	10.00	TERMINATING	134	26	160	Affine template / Affine template
4013	0.37	46.88	8.00	TERMINATING	134	26	160	Affine template / Affine template
4014	0.33	43.10	10.00	TERMINATING	134	26	160	Affine template / Affine template
4015	0.41	42.42	9.00	TERMINATING	134	26	160	Affine template / Affine template
4016	0.37	41.74	10.00	TERMINATING	134	26	160	Affine template / Affine template
4017	0.34	40.00	8.00	TERMINATING	134	26	160	Affine template / Affine template
4018	0.38	39.73	8.00	TERMINATING	134	26	160	Affine template / Affine template
4019	0.37	45.00	10.00	TERMINATING	134	26	160	Affine template / Affine template
4020	0.42	44.30	8.00	TERMINATING	134	26	160	Affine template / Affine template
4021	0.28	39.59	10.00	TERMINATING	134	26	160	Affine template / Affine template
4022	0.37	40.07	8.00	TERMINATING	134	26	160	Affine template / Affine template
4023	0.53	41.11	10.00	TERMINATING	134	26	160	Affine template / Affine template
4024	0.40	39.79	9.00	TERMINATING	134	26	160	Affine template / Affine template
4025	0.34	39.19	11.00	TERMINATING	134	26	160	Affine template / Affine template
4026	1.76	43.97	7.00	TERMINATING	20	9	29	Affine template / Affine template
4027	1.97	57.27	7.00	TERMINATING	24	10	34	Affine template / Affine template
4028	0.49	83.14	27.00	TERMINATING	36	13	49	Affine template / Affine template
4029	0.34	38.36	9.00	TERMINATING	42	10	52	Affine template / Affine template
4030	1.86	64.13	7.00	TERMINATING	24	19	43	Affine template / Affine template
4031	0.43	81.35	25.00	TERMINATING	27	26	53	Affine template / Affine template
4032	0.30	38.60	8.00	TERMINATING	43	26	69	Affine template / Affine template
4033	1.92	60.07	8.00	TERMINATING	34	14	48	Affine template / Affine template
4034	1.94	71.85	10.00	TERMINATING	68	18	86	Affine template / Affine template
4035	1.67	61.44	6.00	TERMINATING	42	14	56	Affine template / Affine template
4036	2.17	61.73	7.00	TERMINATING	32	18	50	Affine template / Affine template
4037	1.64	53.31	6.00	TERMINATING	49	13	62	Affine template / Affine template
4038	1.99	57.06	8.00	TERMINATING	28	19	47	Affine template / Affine template
4039	1.98	66.93	8.00	TERMINATING	28	12	40	Affine template / Affine template
4040	1.79	58.31	9.00	TERMINATING	28	25	53	Affine template / Affine template
4041	2.63	130.42	14.00	TERMINATING	5	1	6	Affine template / Affine template
4042	0.45	44.52	7.00	TERMINATING	7	9	16	Affine template / Affine template
4043	0.33	38.82	8.00	TERMINATING	14	7	21	Affine template / Affine template
4044	0.67	41.67	7.00	TERMINATING	7	9	16	Affine template / Affine template
4045	0.33	38.81	8.00	TERMINATING	14	7	21	Affine template / Affine template
4046	1.54	59.54	7.00	TERMINATING	5	3	8	Affine template / Affine template
4047	0.65	44.25	8.00	TERMINATING	6	1	7	Affine template / Affine template
4048	2.10	57.53	8.00	TERMINATING	5	1	6	Affine template / Affine template
4049	2.05	56.56	8.00	TERMINATING	5	1	6	Affine template / Affine template
4050	2.26	68.89	10.00	TERMINATING	5	1	6	Affine template / Affine template
4051	2.02	68.82	10.00	TERMINATING	5	1	6	Affine template / Affine template
4052	2.43	57.87	9.00	TERMINATING	5	1	6	Affine template / Affine template
4053	1.93	68.32	10.00	TERMINATING	6	1	7	Affine template / Affine template
4054	2.02	100.19	17.00	TERMINATING	5	1	6	Affine template / Affine template
4055	2.15	53.80	10.00	TERMINATING	5	3	8	Affine template / Affine template
4056	2.00	61.85	13.00	TERMINATING	5	3	8	Affine template / Affine template
4057	0.52	48.20	11.00	TERMINATING	8	1	9	Affine template / Affine template
4058	1.90	62.89	9.00	TERMINATING	5	2	7	Affine template / Affine template
4059	0.47	50.56	7.00	TERMINATING	6	1	7	Affine template / Affine template
4060	3.57	70.32	8.00	TERMINATING	5	2	7	Affine template / Affine template
4061	0.50	53.68	8.00	TERMINATING	6	1	7	Affine template / Affine template
4062	2.34	63.32	8.00	TERMINATING	5	1	6	Affine template / Affine template
4063	2.16	56.90	10.00	TERMINATING	5	1	6	Affine template / Affine template
4064	1.84	63.24	10.00	TERMINATING	6	1	7	Affine template / Affine template
4065	1.77	71.61	11.00	TERMINATING	5	1	6	Affine template / Affine template
4066	2.25	56.87	10.00	TERMINATING	5	1	6	Affine template / Affine template
4067	2.19	77.53	12.00	TERMINATING	5	1	6	Affine template / Affine template
4068	1.88	59.90	9.00	TERMINATING	5	2	7	Affine template / Affine template
4069	1.67	57.67	8.00	TERMINATING	5	3	8	Affine template / Affine template
4070	0.83	43.97	8.00	TERMINATING	6	1	7	Affine template / Affine template
4071	2.08	195.08	21.00	TERMINATING	5	1	6	Affine template / Affine template
4072	2.20	87.18	11.00	TERMINATING	5	1	6	Affine template / Affine template
4073	1.88	141.44	20.00	TERMINATING	5	1	6	Affine template / Affine template
4074	2.39	2745.73	166.00	TERMINATING	14	3	17	Affine template / Affine template
4075	1.80	55.78	5.00	TERMINATING	32	13	45	Affine template / Affine template
4076	0.32	37.52	5.00	TERMINATING	37	13	50	Affine template / Affine template
4077	1.83	69.41	9.00	TERMINATING	57	9	66	Affine template / Affine template
4078	0.38	52.06	14.00	TERMINATING	61	25	86	Affine template / Affine template
4079	0.62	68.30	24.00	TERMINATING	83	39	122	Affine template / Affine template
4080	0.68	50.07	13.00	TERMINATING	83	17	100	Affine template / Affine template
4081	0.40	49.84	13.00	TERMINATING	87	25	112	Affine template / Affine template
4082	0.53	139.46	81.00	TERMINATING	72	38	110	Affine template / Affine template
4083	0.49	241.54	36.00	TERMINATING	85	46	131	Affine template / Affine template
4084	0.58	144.27	38.00	TERMINATING	60	17	77	Affine template / Affine template
4085	0.52	54.43	24.00	TERMINATING	99	63	162	Affine template / Affine template
4086	0.56	72.52	17.00	TERMINATING	103	51	154	Affine template / Affine template
4087	0.60	77.99	29.00	TERMINATING	104	51	155	Affine template / Nested template
4088	0.55	205.71	25.00	TERMINATING	108	47	155	Affine template / Affine template
4089	0.91	117.97	29.00	TERMINATING	116	76	192	Affine template / Affine template
4090	0.48	51.91	9.00	TERMINATING	65	13	78	Affine template / Affine template
4091	0.81	100.44	24.00	TERMINATING	121	94	215	Affine template / Affine template
4092	0.80	190.85	38.00	TERMINATING	121	94	215	Affine template / Affine template
4093	0.90	76.48	36.00	TERMINATING	121	94	215	Affine template / Affine template
4094	0.72	303.58	38.00	TERMINATING	121	85	206	Affine template / Nested template
4095	0.47	60.31	13.00	TERMINATING	70	21	91	Affine template / Affine template
4096	0.42	56.85	10.00	TERMINATING	74	9	83	Affine template / Affine template
4097	0.43	48.48	13.00	TERMINATING	79	17	96	Affine template / Affine template
4098	0.57	109.25	36.00	TERMINATING	82	21	103	Affine template / Affine template
4099	0.45	46.39	9.00	TERMINATING	83	9	92	Affine template / Affine template
4100	0.56	120.93	45.00	TERMINATING	99	21	120	Affine template / Affine template
4101	1.89	67.68	7.00	TERMINATING	28	22	50	Affine template / Affine template
4102	0.69	46.06	8.00	TERMINATING	41	27	68	Affine template / Affine template
4103	2.04	70.23	13.00	TERMINATING	5	1	6	Affine template / Affine template
4104	1.62	68.79	9.00	TERMINATING	5	2	7	Affine template / Affine template
4105	1.99	54.74	8.00	TERMINATING	5	1	6	Affine template / Affine template
4106	1.98	57.15	8.00	TERMINATING	5	2	7	Affine template / Affine template
4107	0.45	53.17	8.00	TERMINATING	6	1	7	Affine template / Affine template
4108	1.88	158.34	20.00	TERMINATING	5	1	6	Affine template / Affine template
4109	1.98	517.96	43.00	TERMINATING	5	1	6	Affine template / Affine template
4110	1.84	76.66	23.00	TERMINATING	5	4	9	Affine template / Affine template
4111	2.02	84.44	16.00	TERMINATING	5	3	8	Affine template / Affine template
4112	0.52	59.40	21.00	TERMINATING	6	5	11	Affine template / Affine template
4113	2.26	1103.57	83.00	TERMINATING	6	2	8	Affine template / Affine template
4114	2.30	117.11	10.00	TERMINATING	20	9	29	2 template / Nested template
4115	1.88	138.24	11.00	TERMINATING	24	9	33	2 template / Nested template
4116	0.34	81.88	18.00	TERMINATING	51	9	60	2 template / Nested template
4117	0.58	76.47	12.00	TERMINATING	51	9	60	2 template / Nested template
4118	0.36	75.62	10.00	TERMINATING	51	9	60	2 template / Nested template
4119	0.37	84.04	11.00	TERMINATING	51	9	60	2 template / Nested template
4120	0.45	86.23	11.00	TERMINATING	51	9	60	2 template / Nested template
4121	0.37	87.38	11.00	TERMINATING	51	9	60	2 template / Nested template
4122	0.37	78.77	12.00	TERMINATING	51	9	60	2 template / Nested template
4123	0.33	108.87	12.00	TERMINATING	51	9	60	2 template / Nested template
4124	0.29	87.92	13.00	TERMINATING	51	9	60	2 template / Nested template
4125	0.32	82.28	11.00	TERMINATING	51	9	60	2 template / Nested template
4126	0.34	75.06	10.00	TERMINATING	51	9	60	2 template / Nested template
4127	0.33	74.28	14.00	TERMINATING	51	9	60	2 template / Nested template
4128	0.33	76.90	12.00	TERMINATING	51	9	60	2 template / Nested template
4129	0.39	77.57	13.00	TERMINATING	51	9	60	2 template / Nested template
4130	0.36	92.05	12.00	TERMINATING	51	9	60	2 template / Nested template
4131	0.35	86.27	11.00	TERMINATING	51	9	60	2 template / Nested template
4132	0.37	77.09	11.00	TERMINATING	51	9	60	2 template / Nested template
4133	0.36	85.76	13.00	TERMINATING	51	9	60	2 template / Nested template
4134	0.41	77.27	9.00	TERMINATING	51	9	60	2 template / Nested template
4135	0.42	77.21	11.00	TERMINATING	51	9	60	2 template / Nested template
4136	0.39	76.55	11.00	TERMINATING	51	9	60	2 template / Nested template
4137	0.36	81.70	10.00	TERMINATING	51	9	60	2 template / Nested template
4138	0.42	80.90	10.00	TERMINATING	51	9	60	2 template / Nested template
4139	0.38	77.28	9.00	TERMINATING	51	9	60	2 template / Nested template
4140	0.33	85.15	11.00	TERMINATING	51	9	60	2 template / Nested template
4141	0.37	72.45	10.00	TERMINATING	51	9	60	2 template / Nested template
4142	0.35	82.02	15.00	TERMINATING	51	9	60	2 template / Nested template
4143	0.35	81.03	13.00	TERMINATING	51	9	60	2 template / Nested template
4144	0.37	76.71	16.00	TERMINATING	51	9	60	2 template / Nested template
4145	0.33	85.19	11.00	TERMINATING	51	9	60	2 template / Nested template
4146	0.40	84.10	11.00	TERMINATING	51	9	60	2 template / Nested template
4147	0.39	81.51	13.00	TERMINATING	51	9	60	2 template / Nested template
4148	0.40	77.68	10.00	TERMINATING	51	9	60	2 template / Nested template
4149	0.30	91.92	10.00	TERMINATING	51	9	60	2 template / Nested template
4150	0.36	74.02	11.00	TERMINATING	51	9	60	2 template / Nested template
4151	0.37	89.10	10.00	TERMINATING	51	9	60	2 template / Nested template
4152	0.35	78.96	12.00	TERMINATING	51	9	60	2 template / Nested template
4153	0.36	83.19	11.00	TERMINATING	51	9	60	2 template / Nested template
4154	0.34	79.86	11.00	TERMINATING	51	9	60	2 template / Nested template
4155	0.35	82.57	13.00	TERMINATING	51	9	60	2 template / Nested template
4156	0.35	85.89	11.00	TERMINATING	51	9	60	2 template / Nested template
4157	0.35	77.24	11.00	TERMINATING	51	9	60	2 template / Nested template
4158	0.35	76.21	12.00	TERMINATING	51	9	60	2 template / Nested template
4159	0.38	73.81	11.00	TERMINATING	51	9	60	2 template / Nested template
4160	0.38	91.96	11.00	TERMINATING	51	9	60	2 template / Nested template
4161	0.29	79.71	11.00	TERMINATING	51	9	60	2 template / Nested template
4162	0.35	73.45	11.00	TERMINATING	51	9	60	2 template / Nested template
4163	0.34	74.46	15.00	TERMINATING	51	9	60	2 template / Nested template
4164	0.41	78.52	10.00	TERMINATING	51	9	60	2 template / Nested template
4165	0.34	85.02	10.00	TERMINATING	51	9	60	2 template / Nested template
4166	0.32	80.65	12.00	TERMINATING	51	9	60	2 template / Nested template
4167	0.45	80.71	10.00	TERMINATING	51	9	60	2 template / Nested template
4168	0.29	78.10	13.00	TERMINATING	51	9	60	2 template / Nested template
4169	0.37	77.44	10.00	TERMINATING	51	9	60	2 template / Nested template
4170	0.41	215.58	35.00	TERMINATING	31	13	44	2 template / Nested template
4171	0.31	75.61	13.00	TERMINATING	51	9	60	2 template / Nested template
4172	0.32	85.70	10.00	TERMINATING	51	9	60	2 template / Nested template
4173	0.34	79.97	12.00	TERMINATING	51	9	60	2 template / Nested template
4174	0.37	82.02	10.00	TERMINATING	51	9	60	2 template / Nested template
4175	0.36	75.92	12.00	TERMINATING	51	9	60	2 template / Nested template
4176	0.35	79.49	12.00	TERMINATING	51	9	60	2 template / Nested template
4177	0.32	73.54	16.00	TERMINATING	51	9	60	2 template / Nested template
4178	0.37	78.51	13.00	TERMINATING	51	9	60	2 template / Nested template
4179	0.33	73.23	11.00	TERMINATING	51	9	60	2 template / Nested template
4180	0.33	84.18	12.00	TERMINATING	51	9	60	2 template / Nested template
4181	0.35	77.41	11.00	TERMINATING	51	9	60	2 template / Nested template
4182	0.43	73.31	11.00	TERMINATING	51	9	60	2 template / Nested template
4183	0.32	82.03	13.00	TERMINATING	51	9	60	2 template / Nested template
4184	0.29	74.67	11.00	TERMINATING	51	9	60	2 template / Nested template
4185	0.30	73.44	11.00	TERMINATING	51	9	60	2 template / Nested template
4186	0.42	79.69	10.00	TERMINATING	51	9	60	2 template / Nested template
4187	0.35	77.22	14.00	TERMINATING	51	9	60	2 template / Nested template
4188	0.32	75.78	11.00	TERMINATING	51	9	60	2 template / Nested template
4189	0.37	78.27	13.00	TERMINATING	51	9	60	2 template / Nested template
4190	0.32	82.83	10.00	TERMINATING	51	9	60	2 template / Nested template
4191	0.35	78.32	10.00	TERMINATING	51	9	60	2 template / Nested template
4192	0.37	81.60	12.00	TERMINATING	51	9	60	2 template / Nested template
4193	0.35	94.26	11.00	TERMINATING	51	9	60	2 template / Nested template
4194	0.34	85.03	10.00	TERMINATING	51	9	60	2 template / Nested template
4195	0.35	82.02	11.00	TERMINATING	51	9	60	2 template / Nested template
4196	0.38	85.84	11.00	TERMINATING	51	9	60	2 template / Nested template
4197	0.34	75.76	11.00	TERMINATING	51	9	60	2 template / Nested template
4198	0.33	74.03	13.00	TERMINATING	51	9	60	2 template / Nested template
4199	0.45	85.94	11.00	TERMINATING	51	9	60	2 template / Nested template
4200	0.85	81.99	14.00	TERMINATING	51	9	60	2 template / Nested template
4201	0.57	77.31	10.00	TERMINATING	51	9	60	2 template / Nested template
4202	0.53	80.25	13.00	TERMINATING	51	9	60	2 template / Nested template
4203	0.41	80.38	13.00	TERMINATING	51	9	60	2 template / Nested template
4204	0.37	75.63	11.00	TERMINATING	51	9	60	2 template / Nested template
4205	0.35	77.68	11.00	TERMINATING	51	9	60	2 template / Nested template
4206	0.31	78.08	11.00	TERMINATING	51	9	60	2 template / Nested template
4207	0.34	77.97	10.00	TERMINATING	51	9	60	2 template / Nested template
4208	0.36	74.20	9.00	TERMINATING	51	9	60	2 template / Nested template
4209	0.32	82.49	11.00	TERMINATING	51	9	60	2 template / Nested template
4210	0.34	77.19	11.00	TERMINATING	51	9	60	2 template / Nested template
4211	0.26	75.26	11.00	TERMINATING	51	9	60	2 template / Nested template
4212	0.36	77.93	12.00	TERMINATING	51	9	60	2 template / Nested template
4213	0.32	87.30	13.00	TERMINATING	51	9	60	2 template / Nested template
4214	0.32	80.87	11.00	TERMINATING	51	9	60	2 template / Nested template
4215	0.40	92.33	11.00	TERMINATING	51	9	60	2 template / Nested template
4216	0.33	76.24	11.00	TERMINATING	51	9	60	2 template / Nested template
4217	0.36	103.00	10.00	TERMINATING	51	9	60	2 template / Nested template
4218	0.32	76.27	16.00	TERMINATING	51	9	60	2 template / Nested template
4219	0.37	76.52	11.00	TERMINATING	51	9	60	2 template / Nested template
4220	0.31	79.77	13.00	TERMINATING	51	9	60	2 template / Nested template
4221	0.38	73.80	13.00	TERMINATING	51	9	60	2 template / Nested template
4222	0.31	77.68	12.00	TERMINATING	51	9	60	2 template / Nested template
4223	0.31	98.38	13.00	TERMINATING	51	9	60	2 template / Nested template
4224	0.28	74.64	10.00	TERMINATING	51	9	60	2 template / Nested template
4225	0.35	82.44	11.00	TERMINATING	51	9	60	2 template / Nested template
4226	0.35	73.88	10.00	TERMINATING	51	9	60	2 template / Nested template
4227	0.36	72.78	12.00	TERMINATING	51	9	60	2 template / Nested template
4228	0.35	76.38	11.00	TERMINATING	51	9	60	2 template / Nested template
4229	0.29	76.58	13.00	TERMINATING	51	9	60	2 template / Nested template
4230	0.30	75.79	10.00	TERMINATING	51	9	60	2 template / Nested template
4231	0.36	73.84	11.00	TERMINATING	51	9	60	2 template / Nested template
4232	0.27	76.14	11.00	TERMINATING	51	9	60	2 template / Nested template
4233	0.30	75.78	10.00	TERMINATING	51	9	60	2 template / Nested template
4234	0.34	108.48	11.00	TERMINATING	51	9	60	2 template / Nested template
4235	0.28	82.01	10.00	TERMINATING	51	9	60	2 template / Nested template
4236	0.35	77.95	12.00	TERMINATING	51	9	60	2 template / Nested template
4237	0.27	82.73	10.00	TERMINATING	51	9	60	2 template / Nested template
4238	0.30	76.15	12.00	TERMINATING	51	9	60	2 template / Nested template
4239	0.26	79.69	14.00	TERMINATING	51	9	60	2 template / Nested template
4240	0.31	91.98	10.00	TERMINATING	51	9	60	2 template / Nested template
4241	0.32	76.13	10.00	TERMINATING	51	9	60	2 template / Nested template
4242	0.27	88.10	12.00	TERMINATING	51	9	60	2 template / Nested template
4243	0.42	79.52	10.00	TERMINATING	51	9	60	2 template / Nested template
4244	0.31	87.05	10.00	TERMINATING	51	9	60	2 template / Nested template
4245	0.66	80.22	11.00	TERMINATING	51	9	60	2 template / Nested template
4246	0.30	83.08	11.00	TERMINATING	51	9	60	2 template / Nested template
4247	0.46	80.41	11.00	TERMINATING	51	9	60	2 template / Nested template
4248	0.32	84.84	12.00	TERMINATING	51	9	60	2 template / Nested template
4249	0.35	84.03	13.00	TERMINATING	50	9	59	2 template / Nested template
4250	0.35	81.84	11.00	TERMINATING	51	9	60	2 template / Nested template
4251	0.33	77.51	13.00	TERMINATING	51	9	60	2 template / Nested template
4252	0.35	78.91	14.00	TERMINATING	51	9	60	2 template / Nested template
4253	0.28	74.10	13.00	TERMINATING	51	9	60	2 template / Nested template
4254	0.28	77.71	11.00	TERMINATING	51	9	60	2 template / Nested template
4255	0.39	85.73	14.00	TERMINATING	41	22	63	2 template / Nested template
4256	0.29	84.63	11.00	TERMINATING	51	9	60	2 template / Nested template
4257	0.33	90.57	12.00	TERMINATING	51	9	60	2 template / Nested template
4258	0.35	81.69	13.00	TERMINATING	51	9	60	2 template / Nested template
4259	0.37	92.57	11.00	TERMINATING	51	9	60	2 template / Nested template
4260	0.37	81.05	12.00	TERMINATING	51	9	60	2 template / Nested template
4261	0.38	81.51	13.00	TERMINATING	51	9	60	2 template / Nested template
4262	0.33	80.28	12.00	TERMINATING	51	9	60	2 template / Nested template
4263	0.28	77.91	12.00	TERMINATING	51	9	60	2 template / Nested template
4264	0.34	80.42	11.00	TERMINATING	51	9	60	2 template / Nested template
4265	0.35	80.62	11.00	TERMINATING	51	9	60	2 template / Nested template
4266	0.29	75.75	11.00	TERMINATING	51	9	60	2 template / Nested template
4267	0.35	83.26	11.00	TERMINATING	51	9	60	2 template / Nested template
4268	0.30	92.26	9.00	TERMINATING	51	9	60	2 template / Nested template
4269	0.40	84.07	12.00	TERMINATING	51	9	60	2 template / Nested template
4270	0.35	76.75	16.00	TERMINATING	51	9	60	2 template / Nested template
4271	0.45	75.03	11.00	TERMINATING	51	9	60	2 template / Nested template
4272	0.37	84.00	12.00	TERMINATING	51	9	60	2 template / Nested template
4273	0.28	75.58	10.00	TERMINATING	51	9	60	2 template / Nested template
4274	0.36	75.52	10.00	TERMINATING	51	9	60	2 template / Nested template
4275	0.34	77.50	11.00	TERMINATING	51	9	60	2 template / Nested template
4276	0.34	80.64	11.00	TERMINATING	51	9	60	2 template / Nested template
4277	0.35	77.00	11.00	TERMINATING	51	9	60	2 template / Nested template
4278	0.38	86.15	11.00	TERMINATING	51	9	60	2 template / Nested template
4279	0.28	76.91	10.00	TERMINATING	51	9	60	2 template / Nested template
4280	0.32	80.49	11.00	TERMINATING	51	9	60	2 template / Nested template
4281	0.32	73.04	11.00	TERMINATING	51	9	60	2 template / Nested template
4282	0.37	78.26	15.00	TERMINATING	51	9	60	2 template / Nested template
4283	0.35	77.62	10.00	TERMINATING	51	9	60	2 template / Nested template
4284	0.28	85.26	11.00	TERMINATING	51	9	60	2 template / Nested template
4285	0.42	80.49	13.00	TERMINATING	51	9	60	2 template / Nested template
4286	0.36	88.14	11.00	TERMINATING	51	9	60	2 template / Nested template
4287	0.34	79.73	10.00	TERMINATING	51	9	60	2 template / Nested template
4288	0.36	76.29	13.00	TERMINATING	51	9	60	2 template / Nested template
4289	0.31	79.32	9.00	TERMINATING	51	9	60	2 template / Nested template
4290	0.35	77.31	9.00	TERMINATING	51	9	60	2 template / Nested template
4291	2.08	126.99	11.00	TERMINATING	24	9	33	2 template / Nested template
4292	0.40	97.37	19.00	TERMINATING	73	9	82	2 template / Nested template
4293	0.41	101.51	23.00	TERMINATING	73	9	82	2 template / Nested template
4294	0.53	102.19	21.00	TERMINATING	86	9	95	2 template / Nested template
4295	0.41	109.03	18.00	TERMINATING	73	9	82	2 template / Nested template
4296	0.41	85.12	20.00	TERMINATING	86	9	95	2 template / Nested template
4297	0.41	94.08	21.00	TERMINATING	73	9	82	2 template / Nested template
4298	0.40	95.13	14.00	TERMINATING	86	9	95	2 template / Nested template
4299	0.40	95.09	15.00	TERMINATING	86	9	95	2 template / Nested template
4300	0.55	105.65	18.00	TERMINATING	73	9	82	2 template / Nested template
4301	0.35	90.83	13.00	TERMINATING	73	9	82	2 template / Nested template
4302	0.47	102.21	16.00	TERMINATING	86	9	95	2 template / Nested template
4303	0.47	94.29	20.00	TERMINATING	86	9	95	2 template / Nested template
4304	0.40	88.88	20.00	TERMINATING	86	9	95	2 template / Nested template
4305	0.43	95.67	18.00	TERMINATING	86	9	95	2 template / Nested template
4306	0.46	82.96	20.00	TERMINATING	86	9	95	2 template / Nested template
4307	0.41	85.85	22.00	TERMINATING	73	9	82	2 template / Nested template
4308	0.42	95.23	22.00	TERMINATING	86	9	95	2 template / Nested template
4309	0.34	111.69	14.00	TERMINATING	86	9	95	2 template / Nested template
4310	0.41	89.38	17.00	TERMINATING	73	9	82	2 template / Nested template
4311	0.39	95.82	18.00	TERMINATING	73	9	82	2 template / Nested template
4312	0.52	90.05	21.00	TERMINATING	73	9	82	2 template / Nested template
4313	0.39	89.12	26.00	TERMINATING	86	9	95	2 template / Nested template
4314	0.39	105.58	18.00	TERMINATING	86	9	95	2 template / Nested template
4315	0.35	83.98	22.00	TERMINATING	86	9	95	2 template / Nested template
4316	0.54	233.66	32.00	TERMINATING	31	13	44	2 template / Nested template
4317	0.32	85.70	16.00	TERMINATING	41	9	50	2 template / Nested template
4318	0.39	94.90	17.00	TERMINATING	73	9	82	2 template / Nested template
4319	0.38	105.04	19.00	TERMINATING	73	9	82	2 template / Nested template
4320	0.38	89.48	23.00	TERMINATING	73	9	82	2 template / Nested template
4321	0.47	107.12	13.00	TERMINATING	73	9	82	2 template / Nested template
4322	0.35	106.13	21.00	TERMINATING	73	9	82	2 template / Nested template
4323	0.35	98.06	19.00	TERMINATING	73	9	82	2 template / Nested template
4324	0.42	119.38	17.00	TERMINATING	59	9	68	2 template / Nested template
4325	0.34	92.46	14.00	TERMINATING	73	9	82	2 template / Nested template
4326	0.40	98.70	23.00	TERMINATING	86	9	95	2 template / Nested template
4327	0.40	98.96	20.00	TERMINATING	73	9	82	2 template / Nested template
4328	0.33	86.30	17.00	TERMINATING	73	9	82	2 template / Nested template
4329	0.44	95.20	17.00	TERMINATING	73	9	82	2 template / Nested template
4330	0.35	85.73	22.00	TERMINATING	86	9	95	2 template / Nested template
4331	0.42	84.42	19.00	TERMINATING	73	9	82	2 template / Nested template
4332	0.38	90.11	20.00	TERMINATING	86	9	95	2 template / Nested template
4333	0.44	123.62	13.00	TERMINATING	86	9	95	2 template / Nested template
4334	0.40	101.56	12.00	TERMINATING	73	9	82	2 template / Nested template
4335	0.33	100.04	18.00	TERMINATING	73	9	82	2 template / Nested template
4336	0.45	91.10	21.00	TERMINATING	86	9	95	2 template / Nested template
4337	0.37	81.19	23.00	TERMINATING	86	9	95	2 template / Nested template
4338	0.53	90.71	12.00	TERMINATING	73	9	82	2 template / Nested template
4339	0.41	110.52	22.00	TERMINATING	73	9	82	2 template / Nested template
4340	0.40	88.77	24.00	TERMINATING	86	9	95	2 template / Nested template
4341	2.03	51.78	6.00	TERMINATING	28	9	37	Affine template / Affine template
4342	0.51	36.13	7.00	TERMINATING	41	9	50	Affine template / Affine template
4343	0.53	37.42	7.00	TERMINATING	54	9	63	Affine template / Affine template
4344	1.71	139.30	15.00	TERMINATING	24	10	34	2 template / Nested template
4345	0.46	78.00	22.00	TERMINATING	37	14	51	Affine template / Affine template
4346	0.36	78.12	11.00	TERMINATING	44	10	54	2 template / Nested template
4347	2.02	71.81	13.00	TERMINATING	104	28	132	Affine template / Affine template
4348	2.10	75.28	12.00	TERMINATING	104	28	132	Affine template / Affine template
4349	2.24	102.11	19.00	TERMINATING	4	1	5	Affine template / Affine template
4350	1.85	80.06	8.00	TERMINATING	6	3	9	Affine template / Affine template
4351	0.35	47.73	9.00	TERMINATING	21	6	27	Affine template / Affine template
4352	0.33	42.80	13.00	TERMINATING	23	5	28	Affine template / Affine template
4353	2.01	113.68	23.00	TERMINATING	295	31	326	Affine template / Affine template
4354	0.63	135.03	34.00	TERMINATING	558	163	721	Affine template / Affine template
4355	1.95	925.90	89.00	TERMINATING	5	8	13	Affine template / Affine template
4356	0.49	1691.95	116.00	TERMINATING	6	11	17	Affine template / Affine template
4357	1.84	1072.71	92.00	TERMINATING	5	8	13	Affine template / Affine template
4358	0.47	1108.12	112.00	TERMINATING	6	11	17	Affine template / Affine template
4359	2.28	1007.97	90.00	TERMINATING	5	8	13	Affine template / Affine template
4360	0.39	1118.35	115.00	TERMINATING	6	11	17	Affine template / Affine template
4361	0.57	81.61	35.00	TERMINATING	6	279	285	Affine template / Affine template

