This is Ultimate 0.3.2-dev-4a3209064b
[2026-09-30 15:34:29,240 INFO  L188        SettingsManager]: Resetting all preferences to default values...
[2026-09-30 15:34:29,296 INFO  L114        SettingsManager]: Loading settings from /home/anissa/Documents/Tools/PaSTTeL/output/smoke/ulr_vs_upl/BuchiAutomizerPasttel.epf
[2026-09-30 15:34:29,343 INFO  L130        SettingsManager]: Preferences different from defaults after loading the file:
[2026-09-30 15:34:29,344 INFO  L151        SettingsManager]: Preferences of BuchiAutomizer differ from their defaults:
[2026-09-30 15:34:29,344 INFO  L153        SettingsManager]:  * PaSTTeL binary path=/home/anissa/Documents/Tools/PaSTTeL/pasttel/bin/pasttel
[2026-09-30 15:34:29,344 INFO  L153        SettingsManager]:  * Rank synthesis backend=PASTTEL
[2026-09-30 15:34:29,344 INFO  L153        SettingsManager]:  * PaSTTeL number of CPUs=5
[2026-09-30 15:34:29,493 INFO  L75    nceAwareModelManager]: Repository-Root is: /tmp
[2026-09-30 15:34:29,501 INFO  L261   ainManager$Toolchain]: [Toolchain 1]: Applicable parser(s) successfully (re)initialized
[2026-09-30 15:34:29,503 INFO  L217   ainManager$Toolchain]: [Toolchain 1]: Toolchain selected.
[2026-09-30 15:34:29,503 INFO  L270        PluginConnector]: Initializing CDTParser...
[2026-09-30 15:34:29,504 INFO  L274        PluginConnector]: CDTParser initialized
[2026-09-30 15:34:29,504 INFO  L431   ainManager$Toolchain]: [Toolchain 1]: Parsing single file: /home/anissa/Documents/Tools/PaSTTeL/benchmarks/smoke_test/full_programs_c_bpl/AliasDarteFeautrierGonnord-SAS2010-counterex1b_true-termination.c
!SESSION 2026-09-30 15:34:28.299 -----------------------------------------------
eclipse.buildId=unknown
java.version=21.0.12.1
java.vendor=Ubuntu
BootLoader constants: OS=linux, ARCH=x86_64, WS=gtk, NL=fr_FR
Framework arguments:  --console -tc /home/anissa/Documents/Tools/PaSTTeL/tools/toolchains/BuchiAutomizerC.xml -s /home/anissa/Documents/Tools/PaSTTeL/output/smoke/ulr_vs_upl/BuchiAutomizerPasttel.epf -i /home/anissa/Documents/Tools/PaSTTeL/benchmarks/smoke_test/full_programs_c_bpl/AliasDarteFeautrierGonnord-SAS2010-counterex1b_true-termination.c
Command-line arguments:  -os linux -ws gtk -arch x86_64 -consoleLog --console -data @user.home/.ultimate -tc /home/anissa/Documents/Tools/PaSTTeL/tools/toolchains/BuchiAutomizerC.xml -s /home/anissa/Documents/Tools/PaSTTeL/output/smoke/ulr_vs_upl/BuchiAutomizerPasttel.epf -i /home/anissa/Documents/Tools/PaSTTeL/benchmarks/smoke_test/full_programs_c_bpl/AliasDarteFeautrierGonnord-SAS2010-counterex1b_true-termination.c

!ENTRY org.eclipse.cdt.core 1 0 2026-09-30 15:34:30.095
!MESSAGE Indexed 'FLAG3d4926f97' (0 sources, 0 headers) in 0,001 sec: 0 declarations; 0 references; 0 unresolved inclusions; 0 syntax errors; 0 unresolved names (0 %)
[2026-09-30 15:34:30,289 INFO  L538              CDTParser]: Created temporary CDT project at /home/anissa/.ultimate/4810bd8002df455889e84fd0308867dd/FLAG3d4926f97
[2026-09-30 15:34:30,411 INFO  L389              CDTParser]: Found 1 translation units.
[2026-09-30 15:34:30,412 INFO  L178              CDTParser]: Scanning /home/anissa/Documents/Tools/PaSTTeL/benchmarks/smoke_test/full_programs_c_bpl/AliasDarteFeautrierGonnord-SAS2010-counterex1b_true-termination.c
[2026-09-30 15:34:30,417 INFO  L432              CDTParser]: About to delete temporary CDT project at /home/anissa/.ultimate/4810bd8002df455889e84fd0308867dd/FLAG3d4926f97
[2026-09-30 15:34:31,339 INFO  L440              CDTParser]: Successfully deleted /home/anissa/.ultimate/4810bd8002df455889e84fd0308867dd
[2026-09-30 15:34:31,341 INFO  L299   ainManager$Toolchain]: ####################### [Toolchain 1] #######################
[2026-09-30 15:34:31,342 INFO  L133        ToolchainWalker]: Walking toolchain with 4 elements.
[2026-09-30 15:34:31,343 INFO  L112        PluginConnector]: ------------------------CACSL2BoogieTranslator----------------------------
[2026-09-30 15:34:31,343 INFO  L270        PluginConnector]: Initializing CACSL2BoogieTranslator...
[2026-09-30 15:34:31,346 INFO  L274        PluginConnector]: CACSL2BoogieTranslator initialized
[2026-09-30 15:34:31,346 INFO  L184        PluginConnector]: Executing the observer ACSLObjectContainerObserver from plugin CACSL2BoogieTranslator for "CDTParser AST 30.09 03:34:31" (1/1) ...
[2026-09-30 15:34:31,347 INFO  L204        PluginConnector]: Invalid model from CACSL2BoogieTranslator for observer de.uni_freiburg.informatik.ultimate.plugins.generator.cacsl2boogietranslator.ACSLObjectContainerObserver@7f10f6a8 and model type de.uni_freiburg.informatik.ultimate.plugins.generator.cacsl2boogietranslator AST 30.09 03:34:31, skipping insertion in model container
[2026-09-30 15:34:31,347 INFO  L184        PluginConnector]: Executing the observer CACSL2BoogieTranslatorObserver from plugin CACSL2BoogieTranslator for "CDTParser AST 30.09 03:34:31" (1/1) ...
[2026-09-30 15:34:31,354 INFO  L177         MainTranslator]: Built tables and reachable declarations
[2026-09-30 15:34:31,451 INFO  L189          PostProcessor]: Analyzing one entry point: main
[2026-09-30 15:34:31,454 INFO  L206         MainTranslator]: Completed pre-run
[2026-09-30 15:34:31,465 INFO  L189          PostProcessor]: Analyzing one entry point: main
[2026-09-30 15:34:31,472 INFO  L211         MainTranslator]: Completed translation
[2026-09-30 15:34:31,473 INFO  L201        PluginConnector]: Adding new model de.uni_freiburg.informatik.ultimate.plugins.generator.cacsl2boogietranslator AST 30.09 03:34:31 WrapperNode
[2026-09-30 15:34:31,473 INFO  L131        PluginConnector]: ------------------------ END CACSL2BoogieTranslator----------------------------
[2026-09-30 15:34:31,474 INFO  L112        PluginConnector]: ------------------------Boogie Preprocessor----------------------------
[2026-09-30 15:34:31,474 INFO  L270        PluginConnector]: Initializing Boogie Preprocessor...
[2026-09-30 15:34:31,474 INFO  L274        PluginConnector]: Boogie Preprocessor initialized
[2026-09-30 15:34:31,478 INFO  L184        PluginConnector]: Executing the observer EnsureBoogieModelObserver from plugin Boogie Preprocessor for "de.uni_freiburg.informatik.ultimate.plugins.generator.cacsl2boogietranslator AST 30.09 03:34:31" (1/1) ...
[2026-09-30 15:34:31,478 INFO  L184        PluginConnector]: Executing the observer TypeChecker from plugin Boogie Preprocessor for "de.uni_freiburg.informatik.ultimate.plugins.generator.cacsl2boogietranslator AST 30.09 03:34:31" (1/1) ...
[2026-09-30 15:34:31,481 INFO  L184        PluginConnector]: Executing the observer ConstExpander from plugin Boogie Preprocessor for "de.uni_freiburg.informatik.ultimate.plugins.generator.cacsl2boogietranslator AST 30.09 03:34:31" (1/1) ...
[2026-09-30 15:34:31,482 INFO  L184        PluginConnector]: Executing the observer StructExpander from plugin Boogie Preprocessor for "de.uni_freiburg.informatik.ultimate.plugins.generator.cacsl2boogietranslator AST 30.09 03:34:31" (1/1) ...
[2026-09-30 15:34:31,483 INFO  L184        PluginConnector]: Executing the observer ReplaceArrayAssignments from plugin Boogie Preprocessor for "de.uni_freiburg.informatik.ultimate.plugins.generator.cacsl2boogietranslator AST 30.09 03:34:31" (1/1) ...
[2026-09-30 15:34:31,483 INFO  L184        PluginConnector]: Executing the observer FunctionInliner from plugin Boogie Preprocessor for "de.uni_freiburg.informatik.ultimate.plugins.generator.cacsl2boogietranslator AST 30.09 03:34:31" (1/1) ...
[2026-09-30 15:34:31,483 INFO  L184        PluginConnector]: Executing the observer LTLStepAnnotator from plugin Boogie Preprocessor for "de.uni_freiburg.informatik.ultimate.plugins.generator.cacsl2boogietranslator AST 30.09 03:34:31" (1/1) ...
[2026-09-30 15:34:31,484 INFO  L184        PluginConnector]: Executing the observer BoogieSymbolTableConstructor from plugin Boogie Preprocessor for "de.uni_freiburg.informatik.ultimate.plugins.generator.cacsl2boogietranslator AST 30.09 03:34:31" (1/1) ...
[2026-09-30 15:34:31,485 INFO  L131        PluginConnector]: ------------------------ END Boogie Preprocessor----------------------------
[2026-09-30 15:34:31,486 INFO  L112        PluginConnector]: ------------------------IcfgBuilder----------------------------
[2026-09-30 15:34:31,486 INFO  L270        PluginConnector]: Initializing IcfgBuilder...
[2026-09-30 15:34:31,486 INFO  L274        PluginConnector]: IcfgBuilder initialized
[2026-09-30 15:34:31,487 INFO  L184        PluginConnector]: Executing the observer IcfgBuilderObserver from plugin IcfgBuilder for "de.uni_freiburg.informatik.ultimate.plugins.generator.cacsl2boogietranslator AST 30.09 03:34:31" (1/1) ...
[2026-09-30 15:34:31,490 INFO  L173          SolverBuilder]: Constructing external solver with command: z3 SMTLIB2_COMPLIANT=true -memory:1024 -smt2 -in -t:12000
[2026-09-30 15:34:31,498 INFO  L189       MonitoredProcess]: No working directory specified, using /home/anissa/.local/bin/z3
[2026-09-30 15:34:31,507 INFO  L229       MonitoredProcess]: Starting monitored process 1 with /home/anissa/.local/bin/z3 SMTLIB2_COMPLIANT=true -memory:1024 -smt2 -in -t:12000 (exit command is (exit), workingDir is null)
[2026-09-30 15:34:31,509 INFO  L327       MonitoredProcess]: [MP /home/anissa/.local/bin/z3 SMTLIB2_COMPLIANT=true -memory:1024 -smt2 -in -t:12000 (1)] Waiting until timeout for monitored process
[2026-09-30 15:34:31,524 INFO  L138     BoogieDeclarations]: Found implementation of procedure ULTIMATE.init
[2026-09-30 15:34:31,524 INFO  L138     BoogieDeclarations]: Found implementation of procedure ULTIMATE.start
[2026-09-30 15:34:31,524 INFO  L138     BoogieDeclarations]: Found implementation of procedure main
[2026-09-30 15:34:31,524 INFO  L130     BoogieDeclarations]: Found specification of procedure __VERIFIER_nondet_int
[2026-09-30 15:34:31,524 INFO  L130     BoogieDeclarations]: Found specification of procedure main
[2026-09-30 15:34:31,524 INFO  L130     BoogieDeclarations]: Found specification of procedure ULTIMATE.init
[2026-09-30 15:34:31,524 INFO  L130     BoogieDeclarations]: Found specification of procedure ULTIMATE.start
[2026-09-30 15:34:31,563 INFO  L250             CfgBuilder]: Building ICFG
[2026-09-30 15:34:31,564 INFO  L281             CfgBuilder]: Building CFG for each procedure with an implementation
[2026-09-30 15:34:31,622 INFO  L?                        ?]: Removed 4 outVars from TransFormulas that were not future-live.
[2026-09-30 15:34:31,622 INFO  L302             CfgBuilder]: Performing block encoding
[2026-09-30 15:34:31,625 INFO  L104     LargeBlockEncoding]: Applying CFG Large Block Encoding to ICFG that has 3 procedures, 17 locations, 25 edges, 0 initial locations, 3 loop locations, and 0 error locations.
[2026-09-30 15:34:31,641 INFO  L154     LargeBlockEncoding]: LargeBlockEncoding completed in 18 ms, with 3 straightline sequential compositions, 2 parallel compositions, 0 1:n/n:1 sequential compositions and 0 complex sequential compositions.
[2026-09-30 15:34:31,642 INFO  L327             CfgBuilder]: Using the 1 location(s) as analysis (start of procedure ULTIMATE.start)
[2026-09-30 15:34:31,642 INFO  L332             CfgBuilder]: Removed 0 assume(true) statements.
[2026-09-30 15:34:31,642 INFO  L334             CfgBuilder]: Constructed ICFG has 3 procedures, 14 locations, 20 edges, 1 initial locations, 3 loop locations, and 0 error locations.
[2026-09-30 15:34:31,642 INFO  L201        PluginConnector]: Adding new model de.uni_freiburg.informatik.ultimate.plugins.generator.icfgbuilder CFG 30.09 03:34:31 BoogieIcfgContainer
[2026-09-30 15:34:31,642 INFO  L131        PluginConnector]: ------------------------ END IcfgBuilder----------------------------
[2026-09-30 15:34:31,643 INFO  L112        PluginConnector]: ------------------------BuchiAutomizer----------------------------
[2026-09-30 15:34:31,643 INFO  L270        PluginConnector]: Initializing BuchiAutomizer...
[2026-09-30 15:34:31,647 INFO  L274        PluginConnector]: BuchiAutomizer initialized
[2026-09-30 15:34:31,647 INFO  L99          BuchiAutomizer]: Safety of program was proven or not checked, starting termination analysis
[2026-09-30 15:34:31,647 INFO  L184        PluginConnector]: Executing the observer BuchiAutomizerObserver from plugin BuchiAutomizer for "CDTParser AST 30.09 03:34:31" (1/3) ...
[2026-09-30 15:34:31,648 INFO  L204        PluginConnector]: Invalid model from BuchiAutomizer for observer de.uni_freiburg.informatik.ultimate.plugins.generator.buchiautomizer.BuchiAutomizerObserver@2a06b977 and model type de.uni_freiburg.informatik.ultimate.plugins.generator.buchiautomizer AST 30.09 03:34:31, skipping insertion in model container
[2026-09-30 15:34:31,648 INFO  L99          BuchiAutomizer]: Safety of program was proven or not checked, starting termination analysis
[2026-09-30 15:34:31,648 INFO  L184        PluginConnector]: Executing the observer BuchiAutomizerObserver from plugin BuchiAutomizer for "de.uni_freiburg.informatik.ultimate.plugins.generator.cacsl2boogietranslator AST 30.09 03:34:31" (2/3) ...
[2026-09-30 15:34:31,648 INFO  L204        PluginConnector]: Invalid model from BuchiAutomizer for observer de.uni_freiburg.informatik.ultimate.plugins.generator.buchiautomizer.BuchiAutomizerObserver@2a06b977 and model type de.uni_freiburg.informatik.ultimate.plugins.generator.buchiautomizer AST 30.09 03:34:31, skipping insertion in model container
[2026-09-30 15:34:31,648 INFO  L99          BuchiAutomizer]: Safety of program was proven or not checked, starting termination analysis
[2026-09-30 15:34:31,648 INFO  L184        PluginConnector]: Executing the observer BuchiAutomizerObserver from plugin BuchiAutomizer for "de.uni_freiburg.informatik.ultimate.plugins.generator.icfgbuilder CFG 30.09 03:34:31" (3/3) ...
[2026-09-30 15:34:31,649 INFO  L363   chiAutomizerObserver]: Analyzing ICFG AliasDarteFeautrierGonnord-SAS2010-counterex1b_true-termination.c
[2026-09-30 15:34:31,677 INFO  L333   stractBuchiCegarLoop]: Interprodecural is true
[2026-09-30 15:34:31,677 INFO  L334   stractBuchiCegarLoop]: Hoare is None
[2026-09-30 15:34:31,677 INFO  L335   stractBuchiCegarLoop]: Compute interpolants for ForwardPredicates
[2026-09-30 15:34:31,677 INFO  L336   stractBuchiCegarLoop]: Backedges is STRAIGHT_LINE
[2026-09-30 15:34:31,677 INFO  L337   stractBuchiCegarLoop]: Determinization is PREDICATE_ABSTRACTION
[2026-09-30 15:34:31,677 INFO  L338   stractBuchiCegarLoop]: Difference is false
[2026-09-30 15:34:31,677 INFO  L339   stractBuchiCegarLoop]: Minimize is MINIMIZE_SEVPA
[2026-09-30 15:34:31,677 INFO  L343   stractBuchiCegarLoop]: ======== Iteration 0 == of CEGAR loop == BuchiAutomatonCegarLoop ========
[2026-09-30 15:34:31,680 INFO  L73            BuchiIsEmpty]: Start buchiIsEmpty. Operand  has 14 states, 9 states have (on average 1.5555555555555556) internal successors, (14), 9 states have internal predecessors, (14), 2 states have call successors, (2), 2 states have call predecessors, (2), 2 states have return successors, (2), 2 states have call predecessors, (2), 2 states have call successors, (2)
[2026-09-30 15:34:31,687 INFO  L131   ngComponentsAnalysis]: Automaton has 1 accepting balls. 6
[2026-09-30 15:34:31,687 INFO  L88            BuchiIsEmpty]: Finished buchiIsEmpty Result is false
[2026-09-30 15:34:31,687 INFO  L120           BuchiIsEmpty]: Starting construction of run
[2026-09-30 15:34:31,690 INFO  L148   hiAutomatonCegarLoop]: Counterexample stem histogram [1, 1, 1, 1, 1]
[2026-09-30 15:34:31,690 INFO  L149   hiAutomatonCegarLoop]: Counterexample loop histogram [1, 1, 1, 1]
[2026-09-30 15:34:31,690 INFO  L363   stractBuchiCegarLoop]: ======== Iteration 1 ============
[2026-09-30 15:34:31,690 INFO  L73            BuchiIsEmpty]: Start buchiIsEmpty. Operand  has 14 states, 9 states have (on average 1.5555555555555556) internal successors, (14), 9 states have internal predecessors, (14), 2 states have call successors, (2), 2 states have call predecessors, (2), 2 states have return successors, (2), 2 states have call predecessors, (2), 2 states have call successors, (2)
[2026-09-30 15:34:31,691 INFO  L131   ngComponentsAnalysis]: Automaton has 1 accepting balls. 6
[2026-09-30 15:34:31,691 INFO  L88            BuchiIsEmpty]: Finished buchiIsEmpty Result is false
[2026-09-30 15:34:31,691 INFO  L120           BuchiIsEmpty]: Starting construction of run
[2026-09-30 15:34:31,692 INFO  L148   hiAutomatonCegarLoop]: Counterexample stem histogram [1, 1, 1, 1, 1]
[2026-09-30 15:34:31,692 INFO  L149   hiAutomatonCegarLoop]: Counterexample loop histogram [1, 1, 1, 1]
[2026-09-30 15:34:31,699 INFO  L1146  eck$LassoCheckResult]: Stem: "call ULTIMATE.init();"< "assume true;" >"#28#return;" "call #t~ret7 := main();"< "havoc ~x~0;havoc ~y~0;havoc ~n~0;havoc #t~nondet0;assume -2147483648 <= #t~nondet0 && #t~nondet0 <= 2147483647;~n~0 := #t~nondet0;havoc #t~nondet0;havoc #t~nondet1;assume -2147483648 <= #t~nondet1 && #t~nondet1 <= 2147483647;~x~0 := #t~nondet1;havoc #t~nondet1;havoc #t~nondet2;assume -2147483648 <= #t~nondet2 && #t~nondet2 <= 2147483647;~y~0 := #t~nondet2;havoc #t~nondet2;" 
[2026-09-30 15:34:31,700 INFO  L1148  eck$LassoCheckResult]: Loop: "assume ~x~0 >= 0;" "assume !true;" "~x~0 := ~x~0 - 1;" "assume !true;" 
[2026-09-30 15:34:31,703 INFO  L160       PredicateUnifier]: Initialized classic predicate unifier
[2026-09-30 15:34:31,703 INFO  L86        PathProgramCache]: Analyzing trace with hash 53591924, now seen corresponding path program 1 times
[2026-09-30 15:34:31,707 INFO  L118   FreeRefinementEngine]: Executing refinement strategy FIXED_PREFERENCES
[2026-09-30 15:34:31,707 INFO  L324   FreeRefinementEngine]: Using trace check IpTcStrategyModulePreferences [798100897]
[2026-09-30 15:34:31,708 INFO  L97    rtionOrderModulation]: Keeping assertion order NOT_INCREMENTALLY
[2026-09-30 15:34:31,708 INFO  L127          SolverBuilder]: Constructing new instance of SMTInterpol with explicit timeout -1 ms and remaining time -1 ms
[2026-09-30 15:34:31,745 INFO  L108    AnnotateAndAsserter]: Assert order NOT_INCREMENTALLY partitioned 5 statements into 1 equivalence classes.
[2026-09-30 15:34:31,749 INFO  L111    AnnotateAndAsserter]: Assert order NOT_INCREMENTALLY issued 1 check-sat command(s) and asserted 5 of 5 statements.
[2026-09-30 15:34:31,749 INFO  L114    AnnotateAndAsserter]: Assert order NOT_INCREMENTALLY issued 1 check-sat command(s)
[2026-09-30 15:34:31,749 INFO  L115    AnnotateAndAsserter]: Conjunction of SSA is sat
[2026-09-30 15:34:31,750 INFO  L348             TraceCheck]: Trace is feasible, we will do another trace check, this time with branch encoders.
[2026-09-30 15:34:31,751 INFO  L108    AnnotateAndAsserter]: Assert order NOT_INCREMENTALLY partitioned 5 statements into 1 equivalence classes.
[2026-09-30 15:34:31,753 INFO  L111    AnnotateAndAsserter]: Assert order NOT_INCREMENTALLY issued 1 check-sat command(s) and asserted 5 of 5 statements.
[2026-09-30 15:34:31,753 INFO  L114    AnnotateAndAsserter]: Assert order NOT_INCREMENTALLY issued 1 check-sat command(s)
[2026-09-30 15:34:31,754 INFO  L115    AnnotateAndAsserter]: Conjunction of SSA is sat
[2026-09-30 15:34:31,761 INFO  L130   FreeRefinementEngine]: Strategy FIXED_PREFERENCES found a feasible trace
[2026-09-30 15:34:31,762 INFO  L160       PredicateUnifier]: Initialized classic predicate unifier
[2026-09-30 15:34:31,763 INFO  L86        PathProgramCache]: Analyzing trace with hash 1599519, now seen corresponding path program 1 times
[2026-09-30 15:34:31,763 INFO  L118   FreeRefinementEngine]: Executing refinement strategy FIXED_PREFERENCES
[2026-09-30 15:34:31,763 INFO  L324   FreeRefinementEngine]: Using trace check IpTcStrategyModulePreferences [1267510616]
[2026-09-30 15:34:31,763 INFO  L97    rtionOrderModulation]: Keeping assertion order NOT_INCREMENTALLY
[2026-09-30 15:34:31,763 INFO  L127          SolverBuilder]: Constructing new instance of SMTInterpol with explicit timeout -1 ms and remaining time -1 ms
[2026-09-30 15:34:31,766 INFO  L108    AnnotateAndAsserter]: Assert order NOT_INCREMENTALLY partitioned 4 statements into 1 equivalence classes.
[2026-09-30 15:34:31,766 INFO  L111    AnnotateAndAsserter]: Assert order NOT_INCREMENTALLY issued 1 check-sat command(s) and asserted 4 of 4 statements.
[2026-09-30 15:34:31,766 INFO  L114    AnnotateAndAsserter]: Assert order NOT_INCREMENTALLY issued 1 check-sat command(s)
[2026-09-30 15:34:31,766 INFO  L115    AnnotateAndAsserter]: Conjunction of SSA is unsat
[2026-09-30 15:34:31,767 INFO  L256         TraceCheckSpWp]: Trace formula consists of 7 conjuncts, 1 conjuncts are in the unsatisfiable core
[2026-09-30 15:34:31,767 INFO  L279         TraceCheckSpWp]: Computing forward predicates...
[2026-09-30 15:34:31,772 INFO  L134       CoverageAnalysis]: Checked inductivity of 0 backedges. 0 proven. 0 refuted. 0 times theorem prover too weak. 0 trivial. 0 not checked.
[2026-09-30 15:34:31,772 INFO  L136   FreeRefinementEngine]: Strategy FIXED_PREFERENCES found an infeasible trace
[2026-09-30 15:34:31,773 INFO  L324   FreeRefinementEngine]: Using interpolant generator IpTcStrategyModulePreferences [1267510616]
[2026-09-30 15:34:31,773 INFO  L158   FreeRefinementEngine]: IpTcStrategyModulePreferences [1267510616] provided 1 perfect and 0 imperfect interpolant sequences
[2026-09-30 15:34:31,773 INFO  L185   FreeRefinementEngine]: Found 1 perfect and 0 imperfect interpolant sequences.
[2026-09-30 15:34:31,773 INFO  L198   FreeRefinementEngine]: Number of different interpolants: perfect sequences [2] imperfect sequences [] total 2
[2026-09-30 15:34:31,773 INFO  L122   tionRefinementEngine]: Using interpolant automaton builder IpAbStrategyModuleStraightlineAll [507264650]
[2026-09-30 15:34:31,774 INFO  L85    oduleStraightlineAll]: Using 1 perfect interpolants to construct interpolant automaton
[2026-09-30 15:34:31,775 INFO  L1166  eck$LassoCheckResult]: loop already infeasible
[2026-09-30 15:34:31,776 INFO  L100   FreeRefinementEngine]: Using predicate unifier PredicateUnifier provided by strategy FIXED_PREFERENCES
[2026-09-30 15:34:31,791 INFO  L144   InterpolantAutomaton]: Constructing interpolant automaton starting with 2 interpolants.
[2026-09-30 15:34:31,792 INFO  L146   InterpolantAutomaton]: CoverageRelationStatistics Valid=1, Invalid=1, Unknown=0, NotChecked=0, Total=2
[2026-09-30 15:34:31,793 INFO  L87              Difference]: Start difference. First operand  has 14 states, 9 states have (on average 1.5555555555555556) internal successors, (14), 9 states have internal predecessors, (14), 2 states have call successors, (2), 2 states have call predecessors, (2), 2 states have return successors, (2), 2 states have call predecessors, (2), 2 states have call successors, (2) Second operand  has 2 states, 2 states have (on average 2.0) internal successors, (4), 2 states have internal predecessors, (4), 0 states have call successors, (0), 0 states have call predecessors, (0), 0 states have return successors, (0), 0 states have call predecessors, (0), 0 states have call successors, (0)
[2026-09-30 15:34:31,805 INFO  L144             Difference]: Subtrahend was deterministic. Have not used determinization.
[2026-09-30 15:34:31,806 INFO  L93              Difference]: Finished difference Result 14 states and 16 transitions.
[2026-09-30 15:34:31,806 INFO  L82        GeneralOperation]: Start removeNonLiveStates. Operand 14 states and 16 transitions.
[2026-09-30 15:34:31,807 INFO  L131   ngComponentsAnalysis]: Automaton has 1 accepting balls. 6
[2026-09-30 15:34:31,811 INFO  L88        GeneralOperation]: Finished removeNonLiveStates. Reduced from 14 states to 11 states and 13 transitions.
[2026-09-30 15:34:31,812 INFO  L87         BuchiClosureNwa]: Accepting states before buchiClosure: 11
[2026-09-30 15:34:31,812 INFO  L106        BuchiClosureNwa]: Accepting states after buchiClosure: 11
[2026-09-30 15:34:31,813 INFO  L74         IsDeterministic]: Start isDeterministic. Operand 11 states and 13 transitions.
[2026-09-30 15:34:31,813 INFO  L81         IsDeterministic]: Finished isDeterministic. Operand is deterministic.
[2026-09-30 15:34:31,813 INFO  L218   hiAutomatonCegarLoop]: Abstraction has 11 states and 13 transitions.
[2026-09-30 15:34:31,820 INFO  L82        GeneralOperation]: Start minimizeSevpa. Operand 11 states and 13 transitions.
[2026-09-30 15:34:31,826 INFO  L88        GeneralOperation]: Finished minimizeSevpa. Reduced states from 11 to 11.
[2026-09-30 15:34:31,827 INFO  L82        GeneralOperation]: Start removeUnreachable. Operand  has 11 states, 8 states have (on average 1.25) internal successors, (10), 7 states have internal predecessors, (10), 2 states have call successors, (2), 2 states have call predecessors, (2), 1 states have return successors, (1), 1 states have call predecessors, (1), 1 states have call successors, (1)
[2026-09-30 15:34:31,827 INFO  L88        GeneralOperation]: Finished removeUnreachable. Reduced from 11 states to 11 states and 13 transitions.
[2026-09-30 15:34:31,827 INFO  L240   hiAutomatonCegarLoop]: Abstraction has 11 states and 13 transitions.
[2026-09-30 15:34:31,828 INFO  L140   InterpolantAutomaton]: Switched to read-only mode: deterministic interpolant automaton has 2 states. 
[2026-09-30 15:34:31,830 INFO  L464   stractBuchiCegarLoop]: Abstraction has 11 states and 13 transitions.
[2026-09-30 15:34:31,830 INFO  L363   stractBuchiCegarLoop]: ======== Iteration 2 ============
[2026-09-30 15:34:31,831 INFO  L73            BuchiIsEmpty]: Start buchiIsEmpty. Operand 11 states and 13 transitions.
[2026-09-30 15:34:31,831 INFO  L131   ngComponentsAnalysis]: Automaton has 1 accepting balls. 6
[2026-09-30 15:34:31,831 INFO  L88            BuchiIsEmpty]: Finished buchiIsEmpty Result is false
[2026-09-30 15:34:31,831 INFO  L120           BuchiIsEmpty]: Starting construction of run
[2026-09-30 15:34:31,831 INFO  L148   hiAutomatonCegarLoop]: Counterexample stem histogram [1, 1, 1, 1, 1]
[2026-09-30 15:34:31,831 INFO  L149   hiAutomatonCegarLoop]: Counterexample loop histogram [1, 1, 1, 1, 1, 1]
[2026-09-30 15:34:31,832 INFO  L1146  eck$LassoCheckResult]: Stem: "call ULTIMATE.init();"< "assume true;" >"#28#return;" "call #t~ret7 := main();"< "havoc ~x~0;havoc ~y~0;havoc ~n~0;havoc #t~nondet0;assume -2147483648 <= #t~nondet0 && #t~nondet0 <= 2147483647;~n~0 := #t~nondet0;havoc #t~nondet0;havoc #t~nondet1;assume -2147483648 <= #t~nondet1 && #t~nondet1 <= 2147483647;~x~0 := #t~nondet1;havoc #t~nondet1;havoc #t~nondet2;assume -2147483648 <= #t~nondet2 && #t~nondet2 <= 2147483647;~y~0 := #t~nondet2;havoc #t~nondet2;" 
[2026-09-30 15:34:31,832 INFO  L1148  eck$LassoCheckResult]: Loop: "assume ~x~0 >= 0;" "assume true;#t~short4 := ~y~0 >= 0;BeginParallelComposition{ParallelCodeBlock0: assume #t~short4;havoc #t~nondet3;assume -2147483648 <= #t~nondet3 && #t~nondet3 <= 2147483647;#t~short4 := 0 != #t~nondet3;ParallelCodeBlock1: assume !#t~short4;}EndParallelComposition" "assume !#t~short4;havoc #t~nondet3;havoc #t~short4;" "~x~0 := ~x~0 - 1;" "assume true;#t~short6 := ~y~0 <= ~n~0;BeginParallelComposition{ParallelCodeBlock0: assume #t~short6;havoc #t~nondet5;assume -2147483648 <= #t~nondet5 && #t~nondet5 <= 2147483647;#t~short6 := 0 != #t~nondet5;ParallelCodeBlock1: assume !#t~short6;}EndParallelComposition" "assume !#t~short6;havoc #t~nondet5;havoc #t~short6;" 
[2026-09-30 15:34:31,833 INFO  L160       PredicateUnifier]: Initialized classic predicate unifier
[2026-09-30 15:34:31,833 INFO  L86        PathProgramCache]: Analyzing trace with hash 53591924, now seen corresponding path program 2 times
[2026-09-30 15:34:31,833 INFO  L118   FreeRefinementEngine]: Executing refinement strategy FIXED_PREFERENCES
[2026-09-30 15:34:31,833 INFO  L324   FreeRefinementEngine]: Using trace check IpTcStrategyModulePreferences [1929175469]
[2026-09-30 15:34:31,833 INFO  L97    rtionOrderModulation]: Keeping assertion order NOT_INCREMENTALLY
[2026-09-30 15:34:31,833 INFO  L127          SolverBuilder]: Constructing new instance of SMTInterpol with explicit timeout -1 ms and remaining time -1 ms
[2026-09-30 15:34:31,836 INFO  L108    AnnotateAndAsserter]: Assert order NOT_INCREMENTALLY partitioned 5 statements into 1 equivalence classes.
[2026-09-30 15:34:31,838 INFO  L111    AnnotateAndAsserter]: Assert order NOT_INCREMENTALLY issued 1 check-sat command(s) and asserted 5 of 5 statements.
[2026-09-30 15:34:31,838 INFO  L114    AnnotateAndAsserter]: Assert order NOT_INCREMENTALLY issued 1 check-sat command(s)
[2026-09-30 15:34:31,838 INFO  L115    AnnotateAndAsserter]: Conjunction of SSA is sat
[2026-09-30 15:34:31,838 INFO  L348             TraceCheck]: Trace is feasible, we will do another trace check, this time with branch encoders.
[2026-09-30 15:34:31,839 INFO  L108    AnnotateAndAsserter]: Assert order NOT_INCREMENTALLY partitioned 5 statements into 1 equivalence classes.
[2026-09-30 15:34:31,840 INFO  L111    AnnotateAndAsserter]: Assert order NOT_INCREMENTALLY issued 1 check-sat command(s) and asserted 5 of 5 statements.
[2026-09-30 15:34:31,840 INFO  L114    AnnotateAndAsserter]: Assert order NOT_INCREMENTALLY issued 1 check-sat command(s)
[2026-09-30 15:34:31,840 INFO  L115    AnnotateAndAsserter]: Conjunction of SSA is sat
[2026-09-30 15:34:31,841 INFO  L130   FreeRefinementEngine]: Strategy FIXED_PREFERENCES found a feasible trace
[2026-09-30 15:34:31,842 INFO  L160       PredicateUnifier]: Initialized classic predicate unifier
[2026-09-30 15:34:31,842 INFO  L86        PathProgramCache]: Analyzing trace with hash 1548311313, now seen corresponding path program 1 times
[2026-09-30 15:34:31,842 INFO  L118   FreeRefinementEngine]: Executing refinement strategy FIXED_PREFERENCES
[2026-09-30 15:34:31,842 INFO  L324   FreeRefinementEngine]: Using trace check IpTcStrategyModulePreferences [562938963]
[2026-09-30 15:34:31,842 INFO  L97    rtionOrderModulation]: Keeping assertion order NOT_INCREMENTALLY
[2026-09-30 15:34:31,842 INFO  L127          SolverBuilder]: Constructing new instance of SMTInterpol with explicit timeout -1 ms and remaining time -1 ms
[2026-09-30 15:34:31,847 INFO  L108    AnnotateAndAsserter]: Assert order NOT_INCREMENTALLY partitioned 6 statements into 1 equivalence classes.
[2026-09-30 15:34:31,853 INFO  L111    AnnotateAndAsserter]: Assert order NOT_INCREMENTALLY issued 1 check-sat command(s) and asserted 6 of 6 statements.
[2026-09-30 15:34:31,853 INFO  L114    AnnotateAndAsserter]: Assert order NOT_INCREMENTALLY issued 1 check-sat command(s)
[2026-09-30 15:34:31,853 INFO  L115    AnnotateAndAsserter]: Conjunction of SSA is sat
[2026-09-30 15:34:31,853 INFO  L348             TraceCheck]: Trace is feasible, we will do another trace check, this time with branch encoders.
[2026-09-30 15:34:31,855 INFO  L108    AnnotateAndAsserter]: Assert order NOT_INCREMENTALLY partitioned 6 statements into 1 equivalence classes.
[2026-09-30 15:34:31,858 INFO  L111    AnnotateAndAsserter]: Assert order NOT_INCREMENTALLY issued 1 check-sat command(s) and asserted 6 of 6 statements.
[2026-09-30 15:34:31,858 INFO  L114    AnnotateAndAsserter]: Assert order NOT_INCREMENTALLY issued 1 check-sat command(s)
[2026-09-30 15:34:31,858 INFO  L115    AnnotateAndAsserter]: Conjunction of SSA is sat
[2026-09-30 15:34:31,859 INFO  L130   FreeRefinementEngine]: Strategy FIXED_PREFERENCES found a feasible trace
[2026-09-30 15:34:31,860 INFO  L160       PredicateUnifier]: Initialized classic predicate unifier
[2026-09-30 15:34:31,860 INFO  L86        PathProgramCache]: Analyzing trace with hash 6060100, now seen corresponding path program 1 times
[2026-09-30 15:34:31,860 INFO  L118   FreeRefinementEngine]: Executing refinement strategy FIXED_PREFERENCES
[2026-09-30 15:34:31,860 INFO  L324   FreeRefinementEngine]: Using trace check IpTcStrategyModulePreferences [2117512081]
[2026-09-30 15:34:31,860 INFO  L97    rtionOrderModulation]: Keeping assertion order NOT_INCREMENTALLY
[2026-09-30 15:34:31,860 INFO  L127          SolverBuilder]: Constructing new instance of SMTInterpol with explicit timeout -1 ms and remaining time -1 ms
[2026-09-30 15:34:31,865 INFO  L108    AnnotateAndAsserter]: Assert order NOT_INCREMENTALLY partitioned 11 statements into 1 equivalence classes.
[2026-09-30 15:34:31,871 INFO  L111    AnnotateAndAsserter]: Assert order NOT_INCREMENTALLY issued 1 check-sat command(s) and asserted 11 of 11 statements.
[2026-09-30 15:34:31,871 INFO  L114    AnnotateAndAsserter]: Assert order NOT_INCREMENTALLY issued 1 check-sat command(s)
[2026-09-30 15:34:31,871 INFO  L115    AnnotateAndAsserter]: Conjunction of SSA is sat
[2026-09-30 15:34:31,871 INFO  L348             TraceCheck]: Trace is feasible, we will do another trace check, this time with branch encoders.
[2026-09-30 15:34:31,873 INFO  L108    AnnotateAndAsserter]: Assert order NOT_INCREMENTALLY partitioned 11 statements into 1 equivalence classes.
[2026-09-30 15:34:31,878 INFO  L111    AnnotateAndAsserter]: Assert order NOT_INCREMENTALLY issued 1 check-sat command(s) and asserted 11 of 11 statements.
[2026-09-30 15:34:31,878 INFO  L114    AnnotateAndAsserter]: Assert order NOT_INCREMENTALLY issued 1 check-sat command(s)
[2026-09-30 15:34:31,878 INFO  L115    AnnotateAndAsserter]: Conjunction of SSA is sat
[2026-09-30 15:34:31,880 INFO  L130   FreeRefinementEngine]: Strategy FIXED_PREFERENCES found a feasible trace
[2026-09-30 15:34:32,005 INFO  L214          LassoAnalysis]: Preferences:
[2026-09-30 15:34:32,006 INFO  L125   ssoRankerPreferences]: Compute integeral hull: false
[2026-09-30 15:34:32,006 INFO  L126   ssoRankerPreferences]: Enable LassoPartitioneer: false
[2026-09-30 15:34:32,006 INFO  L127   ssoRankerPreferences]: Term annotations enabled: false
[2026-09-30 15:34:32,006 INFO  L128   ssoRankerPreferences]: Use exernal solver: true
[2026-09-30 15:34:32,006 INFO  L129   ssoRankerPreferences]: SMT solver command: z3 SMTLIB2_COMPLIANT=true -memory:1024 -smt2 -in -t:12000
[2026-09-30 15:34:32,006 INFO  L130   ssoRankerPreferences]: Dump SMT script to file: false
[2026-09-30 15:34:32,006 INFO  L131   ssoRankerPreferences]: Path of dumped script: 
[2026-09-30 15:34:32,006 INFO  L132   ssoRankerPreferences]: Filename of dumped script: AliasDarteFeautrierGonnord-SAS2010-counterex1b_true-termination.c_Iteration2_Loop
[2026-09-30 15:34:32,006 INFO  L133   ssoRankerPreferences]: MapElimAlgo: Matthias
[2026-09-30 15:34:32,007 INFO  L251          LassoAnalysis]: Starting lasso preprocessing...
[2026-09-30 15:34:32,044 INFO  L270          LassoAnalysis]: Preprocessing complete.
[2026-09-30 15:34:32,044 INFO  L387          LassoAnalysis]: Checking for nontermination...
[2026-09-30 15:34:32,045 INFO  L173          SolverBuilder]: Constructing external solver with command: z3 SMTLIB2_COMPLIANT=true -memory:1024 -smt2 -in -t:12000
[2026-09-30 15:34:32,046 INFO  L189       MonitoredProcess]: No working directory specified, using /home/anissa/.local/bin/z3
[2026-09-30 15:34:32,048 INFO  L229       MonitoredProcess]: Starting monitored process 2 with /home/anissa/.local/bin/z3 SMTLIB2_COMPLIANT=true -memory:1024 -smt2 -in -t:12000 (exit command is (exit), workingDir is null)
[2026-09-30 15:34:32,049 INFO  L327       MonitoredProcess]: [MP /home/anissa/.local/bin/z3 SMTLIB2_COMPLIANT=true -memory:1024 -smt2 -in -t:12000 (2)] Waiting until timeout for monitored process
[2026-09-30 15:34:32,050 INFO  L148   nArgumentSynthesizer]: Nontermination analysis: LINEAR Allow bounded executions: true Number of generalized eigenvectors: 0 Nilpotent components: true
[2026-09-30 15:34:32,050 INFO  L160   nArgumentSynthesizer]: Using integer mode.
[2026-09-30 15:34:32,067 INFO  L546       MonitoredProcess]: [MP /home/anissa/.local/bin/z3 SMTLIB2_COMPLIANT=true -memory:1024 -smt2 -in -t:12000 (2)] Ended with exit code 0
[2026-09-30 15:34:32,067 INFO  L173          SolverBuilder]: Constructing external solver with command: z3 SMTLIB2_COMPLIANT=true -memory:1024 -smt2 -in -t:12000
[2026-09-30 15:34:32,068 INFO  L189       MonitoredProcess]: No working directory specified, using /home/anissa/.local/bin/z3
[2026-09-30 15:34:32,070 INFO  L229       MonitoredProcess]: Starting monitored process 3 with /home/anissa/.local/bin/z3 SMTLIB2_COMPLIANT=true -memory:1024 -smt2 -in -t:12000 (exit command is (exit), workingDir is null)
[2026-09-30 15:34:32,071 INFO  L327       MonitoredProcess]: [MP /home/anissa/.local/bin/z3 SMTLIB2_COMPLIANT=true -memory:1024 -smt2 -in -t:12000 (3)] Waiting until timeout for monitored process
[2026-09-30 15:34:32,072 INFO  L148   nArgumentSynthesizer]: Nontermination analysis: LINEAR Allow bounded executions: true Number of generalized eigenvectors: 3 Nilpotent components: true
[2026-09-30 15:34:32,072 INFO  L160   nArgumentSynthesizer]: Using integer mode.
[2026-09-30 15:34:32,093 INFO  L546       MonitoredProcess]: [MP /home/anissa/.local/bin/z3 SMTLIB2_COMPLIANT=true -memory:1024 -smt2 -in -t:12000 (3)] Ended with exit code 0
[2026-09-30 15:34:32,094 INFO  L429          LassoAnalysis]: Proving nontermination failed: No geometric nontermination argument exists.
[2026-09-30 15:34:32,094 INFO  L214          LassoAnalysis]: Preferences:
[2026-09-30 15:34:32,094 INFO  L125   ssoRankerPreferences]: Compute integeral hull: false
[2026-09-30 15:34:32,094 INFO  L126   ssoRankerPreferences]: Enable LassoPartitioneer: false
[2026-09-30 15:34:32,094 INFO  L127   ssoRankerPreferences]: Term annotations enabled: false
[2026-09-30 15:34:32,094 INFO  L128   ssoRankerPreferences]: Use exernal solver: true
[2026-09-30 15:34:32,095 INFO  L129   ssoRankerPreferences]: SMT solver command: z3 SMTLIB2_COMPLIANT=true -memory:1024 -smt2 -in -t:12000
[2026-09-30 15:34:32,095 INFO  L130   ssoRankerPreferences]: Dump SMT script to file: false
[2026-09-30 15:34:32,095 INFO  L131   ssoRankerPreferences]: Path of dumped script: 
[2026-09-30 15:34:32,095 INFO  L132   ssoRankerPreferences]: Filename of dumped script: AliasDarteFeautrierGonnord-SAS2010-counterex1b_true-termination.c_Iteration2_Loop
[2026-09-30 15:34:32,095 INFO  L133   ssoRankerPreferences]: MapElimAlgo: Matthias
[2026-09-30 15:34:32,095 INFO  L251          LassoAnalysis]: Starting lasso preprocessing...
[2026-09-30 15:34:32,119 INFO  L270          LassoAnalysis]: Preprocessing complete.
[2026-09-30 15:34:32,128 INFO  L189       MonitoredProcess]: No working directory specified, using /home/anissa/Documents/Tools/PaSTTeL/pasttel/bin/pasttel
[2026-09-30 15:34:32,131 INFO  L229       MonitoredProcess]: Starting monitored process 4 with /home/anissa/Documents/Tools/PaSTTeL/pasttel/bin/pasttel -a terminate -o json -t 20 -c 5 -q -val /tmp/pasttel_lasso_5333921486136119856.json (exit command is null, workingDir is null)
[2026-09-30 15:34:32,132 INFO  L290       MonitoredProcess]: [MP /home/anissa/Documents/Tools/PaSTTeL/pasttel/bin/pasttel -a terminate -o json -t 20 -c 5 -q -val /tmp/pasttel_lasso_5333921486136119856.json (4)] Waiting 25000 ms for monitored process
[2026-09-30 15:34:32,195 INFO  L546       MonitoredProcess]: [MP /home/anissa/Documents/Tools/PaSTTeL/pasttel/bin/pasttel -a terminate -o json -t 20 -c 5 -q -val /tmp/pasttel_lasso_5333921486136119856.json (4)] Ended with exit code 0
[2026-09-30 15:34:32,200 INFO  L612             LassoCheck]: PaSTTeL termination check: SUCCESS via RankingBased(AffineTemplate), ranking function f(main_~x~0) = 1*main_~x~0
[2026-09-30 15:34:32,201 INFO  L156   tatePredicateManager]: 0 out of 0 supporting invariants were superfluous and have been removed
[2026-09-30 15:34:32,217 INFO  L160       PredicateUnifier]: Initialized classic predicate unifier
[2026-09-30 15:34:32,223 INFO  L108    AnnotateAndAsserter]: Assert order NOT_INCREMENTALLY partitioned 5 statements into 1 equivalence classes.
[2026-09-30 15:34:32,229 INFO  L111    AnnotateAndAsserter]: Assert order NOT_INCREMENTALLY issued 1 check-sat command(s) and asserted 5 of 5 statements.
[2026-09-30 15:34:32,229 INFO  L114    AnnotateAndAsserter]: Assert order NOT_INCREMENTALLY issued 1 check-sat command(s)
[2026-09-30 15:34:32,229 INFO  L115    AnnotateAndAsserter]: Conjunction of SSA is unsat
[2026-09-30 15:34:32,230 INFO  L256         TraceCheckSpWp]: Trace formula consists of 72 conjuncts, 6 conjuncts are in the unsatisfiable core
[2026-09-30 15:34:32,231 INFO  L279         TraceCheckSpWp]: Computing forward predicates...
[2026-09-30 15:34:32,267 INFO  L108    AnnotateAndAsserter]: Assert order NOT_INCREMENTALLY partitioned 6 statements into 1 equivalence classes.
[2026-09-30 15:34:32,270 INFO  L111    AnnotateAndAsserter]: Assert order NOT_INCREMENTALLY issued 1 check-sat command(s) and asserted 6 of 6 statements.
[2026-09-30 15:34:32,270 INFO  L114    AnnotateAndAsserter]: Assert order NOT_INCREMENTALLY issued 1 check-sat command(s)
[2026-09-30 15:34:32,270 INFO  L115    AnnotateAndAsserter]: Conjunction of SSA is unsat
[2026-09-30 15:34:32,271 INFO  L256         TraceCheckSpWp]: Trace formula consists of 11 conjuncts, 4 conjuncts are in the unsatisfiable core
[2026-09-30 15:34:32,271 INFO  L279         TraceCheckSpWp]: Computing forward predicates...
[2026-09-30 15:34:32,315 INFO  L134       CoverageAnalysis]: Checked inductivity of 0 backedges. 0 proven. 0 refuted. 0 times theorem prover too weak. 0 trivial. 0 not checked.
[2026-09-30 15:34:32,317 INFO  L141   lantAutomatonBouncer]: Defining deterministic Buchi interpolant automaton with honda bouncer for stem and without honda bouncer for loop.2 stem predicates 3 loop predicates 
[2026-09-30 15:34:32,318 INFO  L69     BuchiDifferenceNCSB]: Start buchiDifferenceNCSB. First operand 11 states and 13 transitions. cyclomatic complexity: 3 Second operand  has 5 states, 5 states have (on average 1.6) internal successors, (8), 4 states have internal predecessors, (8), 1 states have call successors, (2), 2 states have call predecessors, (2), 1 states have return successors, (1), 1 states have call predecessors, (1), 1 states have call successors, (1)
[2026-09-30 15:34:32,352 INFO  L73     BuchiDifferenceNCSB]: Finished buchiDifferenceNCSB. First operand 11 states and 13 transitions. cyclomatic complexity: 3. Second operand  has 5 states, 5 states have (on average 1.6) internal successors, (8), 4 states have internal predecessors, (8), 1 states have call successors, (2), 2 states have call predecessors, (2), 1 states have return successors, (1), 1 states have call predecessors, (1), 1 states have call successors, (1) Result 21 states and 27 transitions. Complement of second has 7 states.
[2026-09-30 15:34:32,352 INFO  L140   InterpolantAutomaton]: Switched to read-only mode: Buchi interpolant automaton has 5 states 2 stem states 2 non-accepting loop states 1 accepting loop states 
[2026-09-30 15:34:32,353 INFO  L82        GeneralOperation]: Start removeUnreachable. Operand  has 5 states, 5 states have (on average 1.6) internal successors, (8), 4 states have internal predecessors, (8), 1 states have call successors, (2), 2 states have call predecessors, (2), 1 states have return successors, (1), 1 states have call predecessors, (1), 1 states have call successors, (1)
[2026-09-30 15:34:32,353 INFO  L88        GeneralOperation]: Finished removeUnreachable. Reduced from 5 states to 5 states and 15 transitions.
[2026-09-30 15:34:32,355 INFO  L85            BuchiAccepts]: Start buchiAccepts Operand 5 states and 15 transitions. Stem has 5 letters. Loop has 6 letters.
[2026-09-30 15:34:32,356 INFO  L117           BuchiAccepts]: Finished buchiAccepts.
[2026-09-30 15:34:32,356 INFO  L85            BuchiAccepts]: Start buchiAccepts Operand 5 states and 15 transitions. Stem has 11 letters. Loop has 6 letters.
[2026-09-30 15:34:32,356 INFO  L117           BuchiAccepts]: Finished buchiAccepts.
[2026-09-30 15:34:32,356 INFO  L85            BuchiAccepts]: Start buchiAccepts Operand 5 states and 15 transitions. Stem has 5 letters. Loop has 12 letters.
[2026-09-30 15:34:32,357 INFO  L117           BuchiAccepts]: Finished buchiAccepts.
[2026-09-30 15:34:32,357 INFO  L82        GeneralOperation]: Start removeNonLiveStates. Operand 21 states and 27 transitions.
[2026-09-30 15:34:32,358 INFO  L131   ngComponentsAnalysis]: Automaton has 2 accepting balls. 4
[2026-09-30 15:34:32,358 INFO  L88        GeneralOperation]: Finished removeNonLiveStates. Reduced from 21 states to 20 states and 26 transitions.
[2026-09-30 15:34:32,358 INFO  L87         BuchiClosureNwa]: Accepting states before buchiClosure: 11
[2026-09-30 15:34:32,358 INFO  L106        BuchiClosureNwa]: Accepting states after buchiClosure: 13
[2026-09-30 15:34:32,358 INFO  L74         IsDeterministic]: Start isDeterministic. Operand 20 states and 26 transitions.
[2026-09-30 15:34:32,358 INFO  L81         IsDeterministic]: Finished isDeterministic. Operand is not deterministic.
[2026-09-30 15:34:32,358 INFO  L218   hiAutomatonCegarLoop]: Abstraction has 20 states and 26 transitions.
[2026-09-30 15:34:32,358 INFO  L82        GeneralOperation]: Start minimizeSevpa. Operand 20 states and 26 transitions.
[2026-09-30 15:34:32,359 INFO  L88        GeneralOperation]: Finished minimizeSevpa. Reduced states from 20 to 18.
[2026-09-30 15:34:32,359 INFO  L82        GeneralOperation]: Start removeUnreachable. Operand  has 18 states, 15 states have (on average 1.3333333333333333) internal successors, (20), 14 states have internal predecessors, (20), 2 states have call successors, (2), 2 states have call predecessors, (2), 1 states have return successors, (1), 1 states have call predecessors, (1), 1 states have call successors, (1)
[2026-09-30 15:34:32,360 INFO  L88        GeneralOperation]: Finished removeUnreachable. Reduced from 18 states to 18 states and 23 transitions.
[2026-09-30 15:34:32,360 INFO  L240   hiAutomatonCegarLoop]: Abstraction has 18 states and 23 transitions.
[2026-09-30 15:34:32,360 INFO  L464   stractBuchiCegarLoop]: Abstraction has 18 states and 23 transitions.
[2026-09-30 15:34:32,360 INFO  L363   stractBuchiCegarLoop]: ======== Iteration 3 ============
[2026-09-30 15:34:32,360 INFO  L73            BuchiIsEmpty]: Start buchiIsEmpty. Operand 18 states and 23 transitions.
[2026-09-30 15:34:32,361 INFO  L131   ngComponentsAnalysis]: Automaton has 2 accepting balls. 4
[2026-09-30 15:34:32,361 INFO  L88            BuchiIsEmpty]: Finished buchiIsEmpty Result is false
[2026-09-30 15:34:32,361 INFO  L120           BuchiIsEmpty]: Starting construction of run
[2026-09-30 15:34:32,361 INFO  L148   hiAutomatonCegarLoop]: Counterexample stem histogram [1, 1, 1, 1, 1, 1]
[2026-09-30 15:34:32,361 INFO  L149   hiAutomatonCegarLoop]: Counterexample loop histogram [1, 1]
[2026-09-30 15:34:32,361 INFO  L1146  eck$LassoCheckResult]: Stem: "call ULTIMATE.init();"< "assume true;" >"#28#return;" "call #t~ret7 := main();"< "havoc ~x~0;havoc ~y~0;havoc ~n~0;havoc #t~nondet0;assume -2147483648 <= #t~nondet0 && #t~nondet0 <= 2147483647;~n~0 := #t~nondet0;havoc #t~nondet0;havoc #t~nondet1;assume -2147483648 <= #t~nondet1 && #t~nondet1 <= 2147483647;~x~0 := #t~nondet1;havoc #t~nondet1;havoc #t~nondet2;assume -2147483648 <= #t~nondet2 && #t~nondet2 <= 2147483647;~y~0 := #t~nondet2;havoc #t~nondet2;" "assume ~x~0 >= 0;" 
[2026-09-30 15:34:32,361 INFO  L1148  eck$LassoCheckResult]: Loop: "assume true;#t~short4 := ~y~0 >= 0;BeginParallelComposition{ParallelCodeBlock0: assume #t~short4;havoc #t~nondet3;assume -2147483648 <= #t~nondet3 && #t~nondet3 <= 2147483647;#t~short4 := 0 != #t~nondet3;ParallelCodeBlock1: assume !#t~short4;}EndParallelComposition" "assume #t~short4;havoc #t~nondet3;havoc #t~short4;~y~0 := ~y~0 - 1;" 
[2026-09-30 15:34:32,361 INFO  L160       PredicateUnifier]: Initialized classic predicate unifier
[2026-09-30 15:34:32,362 INFO  L86        PathProgramCache]: Analyzing trace with hash 1661349666, now seen corresponding path program 1 times
[2026-09-30 15:34:32,362 INFO  L118   FreeRefinementEngine]: Executing refinement strategy FIXED_PREFERENCES
[2026-09-30 15:34:32,362 INFO  L324   FreeRefinementEngine]: Using trace check IpTcStrategyModulePreferences [32297019]
[2026-09-30 15:34:32,362 INFO  L97    rtionOrderModulation]: Keeping assertion order NOT_INCREMENTALLY
[2026-09-30 15:34:32,362 INFO  L127          SolverBuilder]: Constructing new instance of SMTInterpol with explicit timeout -1 ms and remaining time -1 ms
[2026-09-30 15:34:32,364 INFO  L108    AnnotateAndAsserter]: Assert order NOT_INCREMENTALLY partitioned 6 statements into 1 equivalence classes.
[2026-09-30 15:34:32,366 INFO  L111    AnnotateAndAsserter]: Assert order NOT_INCREMENTALLY issued 1 check-sat command(s) and asserted 6 of 6 statements.
[2026-09-30 15:34:32,366 INFO  L114    AnnotateAndAsserter]: Assert order NOT_INCREMENTALLY issued 1 check-sat command(s)
[2026-09-30 15:34:32,367 INFO  L115    AnnotateAndAsserter]: Conjunction of SSA is sat
[2026-09-30 15:34:32,367 INFO  L348             TraceCheck]: Trace is feasible, we will do another trace check, this time with branch encoders.
[2026-09-30 15:34:32,367 INFO  L108    AnnotateAndAsserter]: Assert order NOT_INCREMENTALLY partitioned 6 statements into 1 equivalence classes.
[2026-09-30 15:34:32,369 INFO  L111    AnnotateAndAsserter]: Assert order NOT_INCREMENTALLY issued 1 check-sat command(s) and asserted 6 of 6 statements.
[2026-09-30 15:34:32,369 INFO  L114    AnnotateAndAsserter]: Assert order NOT_INCREMENTALLY issued 1 check-sat command(s)
[2026-09-30 15:34:32,369 INFO  L115    AnnotateAndAsserter]: Conjunction of SSA is sat
[2026-09-30 15:34:32,370 INFO  L130   FreeRefinementEngine]: Strategy FIXED_PREFERENCES found a feasible trace
[2026-09-30 15:34:32,370 INFO  L160       PredicateUnifier]: Initialized classic predicate unifier
[2026-09-30 15:34:32,370 INFO  L86        PathProgramCache]: Analyzing trace with hash 2001, now seen corresponding path program 1 times
[2026-09-30 15:34:32,370 INFO  L118   FreeRefinementEngine]: Executing refinement strategy FIXED_PREFERENCES
[2026-09-30 15:34:32,370 INFO  L324   FreeRefinementEngine]: Using trace check IpTcStrategyModulePreferences [646449587]
[2026-09-30 15:34:32,370 INFO  L97    rtionOrderModulation]: Keeping assertion order NOT_INCREMENTALLY
[2026-09-30 15:34:32,370 INFO  L127          SolverBuilder]: Constructing new instance of SMTInterpol with explicit timeout -1 ms and remaining time -1 ms
[2026-09-30 15:34:32,373 INFO  L108    AnnotateAndAsserter]: Assert order NOT_INCREMENTALLY partitioned 2 statements into 1 equivalence classes.
[2026-09-30 15:34:32,376 INFO  L111    AnnotateAndAsserter]: Assert order NOT_INCREMENTALLY issued 1 check-sat command(s) and asserted 2 of 2 statements.
[2026-09-30 15:34:32,376 INFO  L114    AnnotateAndAsserter]: Assert order NOT_INCREMENTALLY issued 1 check-sat command(s)
[2026-09-30 15:34:32,376 INFO  L115    AnnotateAndAsserter]: Conjunction of SSA is sat
[2026-09-30 15:34:32,376 INFO  L348             TraceCheck]: Trace is feasible, we will do another trace check, this time with branch encoders.
[2026-09-30 15:34:32,378 INFO  L108    AnnotateAndAsserter]: Assert order NOT_INCREMENTALLY partitioned 2 statements into 1 equivalence classes.
[2026-09-30 15:34:32,379 INFO  L111    AnnotateAndAsserter]: Assert order NOT_INCREMENTALLY issued 1 check-sat command(s) and asserted 2 of 2 statements.
[2026-09-30 15:34:32,380 INFO  L114    AnnotateAndAsserter]: Assert order NOT_INCREMENTALLY issued 1 check-sat command(s)
[2026-09-30 15:34:32,380 INFO  L115    AnnotateAndAsserter]: Conjunction of SSA is sat
[2026-09-30 15:34:32,381 INFO  L130   FreeRefinementEngine]: Strategy FIXED_PREFERENCES found a feasible trace
[2026-09-30 15:34:32,381 INFO  L160       PredicateUnifier]: Initialized classic predicate unifier
[2026-09-30 15:34:32,381 INFO  L86        PathProgramCache]: Analyzing trace with hash -1170804046, now seen corresponding path program 1 times
[2026-09-30 15:34:32,382 INFO  L118   FreeRefinementEngine]: Executing refinement strategy FIXED_PREFERENCES
[2026-09-30 15:34:32,382 INFO  L324   FreeRefinementEngine]: Using trace check IpTcStrategyModulePreferences [1110765760]
[2026-09-30 15:34:32,382 INFO  L97    rtionOrderModulation]: Keeping assertion order NOT_INCREMENTALLY
[2026-09-30 15:34:32,382 INFO  L127          SolverBuilder]: Constructing new instance of SMTInterpol with explicit timeout -1 ms and remaining time -1 ms
[2026-09-30 15:34:32,385 INFO  L108    AnnotateAndAsserter]: Assert order NOT_INCREMENTALLY partitioned 8 statements into 1 equivalence classes.
[2026-09-30 15:34:32,388 INFO  L111    AnnotateAndAsserter]: Assert order NOT_INCREMENTALLY issued 1 check-sat command(s) and asserted 8 of 8 statements.
[2026-09-30 15:34:32,388 INFO  L114    AnnotateAndAsserter]: Assert order NOT_INCREMENTALLY issued 1 check-sat command(s)
[2026-09-30 15:34:32,388 INFO  L115    AnnotateAndAsserter]: Conjunction of SSA is sat
[2026-09-30 15:34:32,388 INFO  L348             TraceCheck]: Trace is feasible, we will do another trace check, this time with branch encoders.
[2026-09-30 15:34:32,389 INFO  L108    AnnotateAndAsserter]: Assert order NOT_INCREMENTALLY partitioned 8 statements into 1 equivalence classes.
[2026-09-30 15:34:32,392 INFO  L111    AnnotateAndAsserter]: Assert order NOT_INCREMENTALLY issued 1 check-sat command(s) and asserted 8 of 8 statements.
[2026-09-30 15:34:32,392 INFO  L114    AnnotateAndAsserter]: Assert order NOT_INCREMENTALLY issued 1 check-sat command(s)
[2026-09-30 15:34:32,392 INFO  L115    AnnotateAndAsserter]: Conjunction of SSA is sat
[2026-09-30 15:34:32,393 INFO  L130   FreeRefinementEngine]: Strategy FIXED_PREFERENCES found a feasible trace
[2026-09-30 15:34:32,424 INFO  L214          LassoAnalysis]: Preferences:
[2026-09-30 15:34:32,424 INFO  L125   ssoRankerPreferences]: Compute integeral hull: false
[2026-09-30 15:34:32,424 INFO  L126   ssoRankerPreferences]: Enable LassoPartitioneer: false
[2026-09-30 15:34:32,424 INFO  L127   ssoRankerPreferences]: Term annotations enabled: false
[2026-09-30 15:34:32,424 INFO  L128   ssoRankerPreferences]: Use exernal solver: true
[2026-09-30 15:34:32,424 INFO  L129   ssoRankerPreferences]: SMT solver command: z3 SMTLIB2_COMPLIANT=true -memory:1024 -smt2 -in -t:12000
[2026-09-30 15:34:32,424 INFO  L130   ssoRankerPreferences]: Dump SMT script to file: false
[2026-09-30 15:34:32,424 INFO  L131   ssoRankerPreferences]: Path of dumped script: 
[2026-09-30 15:34:32,424 INFO  L132   ssoRankerPreferences]: Filename of dumped script: AliasDarteFeautrierGonnord-SAS2010-counterex1b_true-termination.c_Iteration3_Loop
[2026-09-30 15:34:32,424 INFO  L133   ssoRankerPreferences]: MapElimAlgo: Matthias
[2026-09-30 15:34:32,424 INFO  L251          LassoAnalysis]: Starting lasso preprocessing...
[2026-09-30 15:34:32,444 INFO  L270          LassoAnalysis]: Preprocessing complete.
[2026-09-30 15:34:32,445 INFO  L387          LassoAnalysis]: Checking for nontermination...
[2026-09-30 15:34:32,445 INFO  L173          SolverBuilder]: Constructing external solver with command: z3 SMTLIB2_COMPLIANT=true -memory:1024 -smt2 -in -t:12000
[2026-09-30 15:34:32,445 INFO  L189       MonitoredProcess]: No working directory specified, using /home/anissa/.local/bin/z3
[2026-09-30 15:34:32,447 INFO  L229       MonitoredProcess]: Starting monitored process 5 with /home/anissa/.local/bin/z3 SMTLIB2_COMPLIANT=true -memory:1024 -smt2 -in -t:12000 (exit command is (exit), workingDir is null)
[2026-09-30 15:34:32,448 INFO  L327       MonitoredProcess]: [MP /home/anissa/.local/bin/z3 SMTLIB2_COMPLIANT=true -memory:1024 -smt2 -in -t:12000 (5)] Waiting until timeout for monitored process
[2026-09-30 15:34:32,449 INFO  L148   nArgumentSynthesizer]: Nontermination analysis: LINEAR Allow bounded executions: true Number of generalized eigenvectors: 0 Nilpotent components: true
[2026-09-30 15:34:32,449 INFO  L160   nArgumentSynthesizer]: Using integer mode.
[2026-09-30 15:34:32,463 INFO  L546       MonitoredProcess]: [MP /home/anissa/.local/bin/z3 SMTLIB2_COMPLIANT=true -memory:1024 -smt2 -in -t:12000 (5)] Ended with exit code 0
[2026-09-30 15:34:32,464 INFO  L173          SolverBuilder]: Constructing external solver with command: z3 SMTLIB2_COMPLIANT=true -memory:1024 -smt2 -in -t:12000
[2026-09-30 15:34:32,464 INFO  L189       MonitoredProcess]: No working directory specified, using /home/anissa/.local/bin/z3
[2026-09-30 15:34:32,466 INFO  L229       MonitoredProcess]: Starting monitored process 6 with /home/anissa/.local/bin/z3 SMTLIB2_COMPLIANT=true -memory:1024 -smt2 -in -t:12000 (exit command is (exit), workingDir is null)
[2026-09-30 15:34:32,466 INFO  L327       MonitoredProcess]: [MP /home/anissa/.local/bin/z3 SMTLIB2_COMPLIANT=true -memory:1024 -smt2 -in -t:12000 (6)] Waiting until timeout for monitored process
[2026-09-30 15:34:32,468 INFO  L148   nArgumentSynthesizer]: Nontermination analysis: LINEAR Allow bounded executions: true Number of generalized eigenvectors: 3 Nilpotent components: true
[2026-09-30 15:34:32,468 INFO  L160   nArgumentSynthesizer]: Using integer mode.
[2026-09-30 15:34:32,486 INFO  L546       MonitoredProcess]: [MP /home/anissa/.local/bin/z3 SMTLIB2_COMPLIANT=true -memory:1024 -smt2 -in -t:12000 (6)] Ended with exit code 0
[2026-09-30 15:34:32,486 INFO  L429          LassoAnalysis]: Proving nontermination failed: No geometric nontermination argument exists.
[2026-09-30 15:34:32,486 INFO  L214          LassoAnalysis]: Preferences:
[2026-09-30 15:34:32,486 INFO  L125   ssoRankerPreferences]: Compute integeral hull: false
[2026-09-30 15:34:32,486 INFO  L126   ssoRankerPreferences]: Enable LassoPartitioneer: false
[2026-09-30 15:34:32,486 INFO  L127   ssoRankerPreferences]: Term annotations enabled: false
[2026-09-30 15:34:32,486 INFO  L128   ssoRankerPreferences]: Use exernal solver: true
[2026-09-30 15:34:32,486 INFO  L129   ssoRankerPreferences]: SMT solver command: z3 SMTLIB2_COMPLIANT=true -memory:1024 -smt2 -in -t:12000
[2026-09-30 15:34:32,486 INFO  L130   ssoRankerPreferences]: Dump SMT script to file: false
[2026-09-30 15:34:32,486 INFO  L131   ssoRankerPreferences]: Path of dumped script: 
[2026-09-30 15:34:32,486 INFO  L132   ssoRankerPreferences]: Filename of dumped script: AliasDarteFeautrierGonnord-SAS2010-counterex1b_true-termination.c_Iteration3_Loop
[2026-09-30 15:34:32,486 INFO  L133   ssoRankerPreferences]: MapElimAlgo: Matthias
[2026-09-30 15:34:32,486 INFO  L251          LassoAnalysis]: Starting lasso preprocessing...
[2026-09-30 15:34:32,507 INFO  L270          LassoAnalysis]: Preprocessing complete.
[2026-09-30 15:34:32,508 INFO  L189       MonitoredProcess]: No working directory specified, using /home/anissa/Documents/Tools/PaSTTeL/pasttel/bin/pasttel
[2026-09-30 15:34:32,510 INFO  L229       MonitoredProcess]: Starting monitored process 7 with /home/anissa/Documents/Tools/PaSTTeL/pasttel/bin/pasttel -a terminate -o json -t 20 -c 5 -q -val /tmp/pasttel_lasso_10572221174758131348.json (exit command is null, workingDir is null)
[2026-09-30 15:34:32,510 INFO  L290       MonitoredProcess]: [MP /home/anissa/Documents/Tools/PaSTTeL/pasttel/bin/pasttel -a terminate -o json -t 20 -c 5 -q -val /tmp/pasttel_lasso_10572221174758131348.json (7)] Waiting 25000 ms for monitored process
[2026-09-30 15:34:32,571 INFO  L546       MonitoredProcess]: [MP /home/anissa/Documents/Tools/PaSTTeL/pasttel/bin/pasttel -a terminate -o json -t 20 -c 5 -q -val /tmp/pasttel_lasso_10572221174758131348.json (7)] Ended with exit code 0
[2026-09-30 15:34:32,572 INFO  L612             LassoCheck]: PaSTTeL termination check: SUCCESS via RankingBased(AffineTemplate), ranking function f(main_~y~0) = 1*main_~y~0
[2026-09-30 15:34:32,572 INFO  L156   tatePredicateManager]: 0 out of 0 supporting invariants were superfluous and have been removed
[2026-09-30 15:34:32,578 INFO  L160       PredicateUnifier]: Initialized classic predicate unifier
[2026-09-30 15:34:32,581 INFO  L108    AnnotateAndAsserter]: Assert order NOT_INCREMENTALLY partitioned 6 statements into 1 equivalence classes.
[2026-09-30 15:34:32,586 INFO  L111    AnnotateAndAsserter]: Assert order NOT_INCREMENTALLY issued 1 check-sat command(s) and asserted 6 of 6 statements.
[2026-09-30 15:34:32,586 INFO  L114    AnnotateAndAsserter]: Assert order NOT_INCREMENTALLY issued 1 check-sat command(s)
[2026-09-30 15:34:32,586 INFO  L115    AnnotateAndAsserter]: Conjunction of SSA is unsat
[2026-09-30 15:34:32,586 INFO  L256         TraceCheckSpWp]: Trace formula consists of 73 conjuncts, 6 conjuncts are in the unsatisfiable core
[2026-09-30 15:34:32,587 INFO  L279         TraceCheckSpWp]: Computing forward predicates...
[2026-09-30 15:34:32,609 INFO  L108    AnnotateAndAsserter]: Assert order NOT_INCREMENTALLY partitioned 2 statements into 1 equivalence classes.
[2026-09-30 15:34:32,610 INFO  L111    AnnotateAndAsserter]: Assert order NOT_INCREMENTALLY issued 1 check-sat command(s) and asserted 2 of 2 statements.
[2026-09-30 15:34:32,610 INFO  L114    AnnotateAndAsserter]: Assert order NOT_INCREMENTALLY issued 1 check-sat command(s)
[2026-09-30 15:34:32,610 INFO  L115    AnnotateAndAsserter]: Conjunction of SSA is unsat
[2026-09-30 15:34:32,610 WARN  L254         TraceCheckSpWp]: Trace formula consists of 7 conjuncts, 6 conjuncts are in the unsatisfiable core
[2026-09-30 15:34:32,611 INFO  L279         TraceCheckSpWp]: Computing forward predicates...
[2026-09-30 15:34:32,677 INFO  L134       CoverageAnalysis]: Checked inductivity of 0 backedges. 0 proven. 0 refuted. 0 times theorem prover too weak. 0 trivial. 0 not checked.
[2026-09-30 15:34:32,678 INFO  L141   lantAutomatonBouncer]: Defining deterministic Buchi interpolant automaton with honda bouncer for stem and without honda bouncer for loop.2 stem predicates 2 loop predicates 
[2026-09-30 15:34:32,678 INFO  L69     BuchiDifferenceNCSB]: Start buchiDifferenceNCSB. First operand 18 states and 23 transitions. cyclomatic complexity: 8 Second operand  has 4 states, 4 states have (on average 1.25) internal successors, (5), 4 states have internal predecessors, (5), 1 states have call successors, (2), 2 states have call predecessors, (2), 1 states have return successors, (1), 1 states have call predecessors, (1), 1 states have call successors, (1)
[2026-09-30 15:34:32,706 INFO  L73     BuchiDifferenceNCSB]: Finished buchiDifferenceNCSB. First operand 18 states and 23 transitions. cyclomatic complexity: 8. Second operand  has 4 states, 4 states have (on average 1.25) internal successors, (5), 4 states have internal predecessors, (5), 1 states have call successors, (2), 2 states have call predecessors, (2), 1 states have return successors, (1), 1 states have call predecessors, (1), 1 states have call successors, (1) Result 42 states and 53 transitions. Complement of second has 8 states.
[2026-09-30 15:34:32,706 INFO  L140   InterpolantAutomaton]: Switched to read-only mode: Buchi interpolant automaton has 5 states 2 stem states 2 non-accepting loop states 1 accepting loop states 
[2026-09-30 15:34:32,707 INFO  L82        GeneralOperation]: Start removeUnreachable. Operand  has 4 states, 4 states have (on average 1.25) internal successors, (5), 4 states have internal predecessors, (5), 1 states have call successors, (2), 2 states have call predecessors, (2), 1 states have return successors, (1), 1 states have call predecessors, (1), 1 states have call successors, (1)
[2026-09-30 15:34:32,707 INFO  L88        GeneralOperation]: Finished removeUnreachable. Reduced from 5 states to 5 states and 14 transitions.
[2026-09-30 15:34:32,707 INFO  L85            BuchiAccepts]: Start buchiAccepts Operand 5 states and 14 transitions. Stem has 6 letters. Loop has 2 letters.
[2026-09-30 15:34:32,708 INFO  L117           BuchiAccepts]: Finished buchiAccepts.
[2026-09-30 15:34:32,708 INFO  L85            BuchiAccepts]: Start buchiAccepts Operand 5 states and 14 transitions. Stem has 8 letters. Loop has 2 letters.
[2026-09-30 15:34:32,708 INFO  L117           BuchiAccepts]: Finished buchiAccepts.
[2026-09-30 15:34:32,708 INFO  L85            BuchiAccepts]: Start buchiAccepts Operand 5 states and 14 transitions. Stem has 6 letters. Loop has 4 letters.
[2026-09-30 15:34:32,708 INFO  L117           BuchiAccepts]: Finished buchiAccepts.
[2026-09-30 15:34:32,708 INFO  L82        GeneralOperation]: Start removeNonLiveStates. Operand 42 states and 53 transitions.
[2026-09-30 15:34:32,710 INFO  L131   ngComponentsAnalysis]: Automaton has 2 accepting balls. 4
[2026-09-30 15:34:32,710 INFO  L88        GeneralOperation]: Finished removeNonLiveStates. Reduced from 42 states to 32 states and 40 transitions.
[2026-09-30 15:34:32,710 INFO  L87         BuchiClosureNwa]: Accepting states before buchiClosure: 12
[2026-09-30 15:34:32,710 INFO  L106        BuchiClosureNwa]: Accepting states after buchiClosure: 12
[2026-09-30 15:34:32,711 INFO  L74         IsDeterministic]: Start isDeterministic. Operand 32 states and 40 transitions.
[2026-09-30 15:34:32,711 INFO  L81         IsDeterministic]: Finished isDeterministic. Operand is not deterministic.
[2026-09-30 15:34:32,711 INFO  L218   hiAutomatonCegarLoop]: Abstraction has 32 states and 40 transitions.
[2026-09-30 15:34:32,711 INFO  L82        GeneralOperation]: Start minimizeSevpa. Operand 32 states and 40 transitions.
[2026-09-30 15:34:32,712 INFO  L88        GeneralOperation]: Finished minimizeSevpa. Reduced states from 32 to 32.
[2026-09-30 15:34:32,712 INFO  L82        GeneralOperation]: Start removeUnreachable. Operand  has 32 states, 29 states have (on average 1.2758620689655173) internal successors, (37), 28 states have internal predecessors, (37), 2 states have call successors, (2), 2 states have call predecessors, (2), 1 states have return successors, (1), 1 states have call predecessors, (1), 1 states have call successors, (1)
[2026-09-30 15:34:32,713 INFO  L88        GeneralOperation]: Finished removeUnreachable. Reduced from 32 states to 32 states and 40 transitions.
[2026-09-30 15:34:32,713 INFO  L240   hiAutomatonCegarLoop]: Abstraction has 32 states and 40 transitions.
[2026-09-30 15:34:32,713 INFO  L464   stractBuchiCegarLoop]: Abstraction has 32 states and 40 transitions.
[2026-09-30 15:34:32,713 INFO  L363   stractBuchiCegarLoop]: ======== Iteration 4 ============
[2026-09-30 15:34:32,713 INFO  L73            BuchiIsEmpty]: Start buchiIsEmpty. Operand 32 states and 40 transitions.
[2026-09-30 15:34:32,714 INFO  L131   ngComponentsAnalysis]: Automaton has 2 accepting balls. 4
[2026-09-30 15:34:32,714 INFO  L88            BuchiIsEmpty]: Finished buchiIsEmpty Result is false
[2026-09-30 15:34:32,714 INFO  L120           BuchiIsEmpty]: Starting construction of run
[2026-09-30 15:34:32,714 INFO  L148   hiAutomatonCegarLoop]: Counterexample stem histogram [1, 1, 1, 1, 1, 1, 1, 1, 1, 1, 1]
[2026-09-30 15:34:32,714 INFO  L149   hiAutomatonCegarLoop]: Counterexample loop histogram [1, 1]
[2026-09-30 15:34:32,715 INFO  L1146  eck$LassoCheckResult]: Stem: "call ULTIMATE.init();"< "assume true;" >"#28#return;" "call #t~ret7 := main();"< "havoc ~x~0;havoc ~y~0;havoc ~n~0;havoc #t~nondet0;assume -2147483648 <= #t~nondet0 && #t~nondet0 <= 2147483647;~n~0 := #t~nondet0;havoc #t~nondet0;havoc #t~nondet1;assume -2147483648 <= #t~nondet1 && #t~nondet1 <= 2147483647;~x~0 := #t~nondet1;havoc #t~nondet1;havoc #t~nondet2;assume -2147483648 <= #t~nondet2 && #t~nondet2 <= 2147483647;~y~0 := #t~nondet2;havoc #t~nondet2;" "assume ~x~0 >= 0;" "assume true;#t~short4 := ~y~0 >= 0;BeginParallelComposition{ParallelCodeBlock0: assume #t~short4;havoc #t~nondet3;assume -2147483648 <= #t~nondet3 && #t~nondet3 <= 2147483647;#t~short4 := 0 != #t~nondet3;ParallelCodeBlock1: assume !#t~short4;}EndParallelComposition" "assume !#t~short4;havoc #t~nondet3;havoc #t~short4;" "~x~0 := ~x~0 - 1;" "assume true;#t~short6 := ~y~0 <= ~n~0;BeginParallelComposition{ParallelCodeBlock0: assume #t~short6;havoc #t~nondet5;assume -2147483648 <= #t~nondet5 && #t~nondet5 <= 2147483647;#t~short6 := 0 != #t~nondet5;ParallelCodeBlock1: assume !#t~short6;}EndParallelComposition" "assume #t~short6;havoc #t~nondet5;havoc #t~short6;~y~0 := 1 + ~y~0;" 
[2026-09-30 15:34:32,715 INFO  L1148  eck$LassoCheckResult]: Loop: "assume true;#t~short6 := ~y~0 <= ~n~0;BeginParallelComposition{ParallelCodeBlock0: assume #t~short6;havoc #t~nondet5;assume -2147483648 <= #t~nondet5 && #t~nondet5 <= 2147483647;#t~short6 := 0 != #t~nondet5;ParallelCodeBlock1: assume !#t~short6;}EndParallelComposition" "assume #t~short6;havoc #t~nondet5;havoc #t~short6;~y~0 := 1 + ~y~0;" 
[2026-09-30 15:34:32,715 INFO  L160       PredicateUnifier]: Initialized classic predicate unifier
[2026-09-30 15:34:32,715 INFO  L86        PathProgramCache]: Analyzing trace with hash 6060101, now seen corresponding path program 1 times
[2026-09-30 15:34:32,715 INFO  L118   FreeRefinementEngine]: Executing refinement strategy FIXED_PREFERENCES
[2026-09-30 15:34:32,715 INFO  L324   FreeRefinementEngine]: Using trace check IpTcStrategyModulePreferences [1456775051]
[2026-09-30 15:34:32,715 INFO  L97    rtionOrderModulation]: Keeping assertion order NOT_INCREMENTALLY
[2026-09-30 15:34:32,715 INFO  L127          SolverBuilder]: Constructing new instance of SMTInterpol with explicit timeout -1 ms and remaining time -1 ms
[2026-09-30 15:34:32,719 INFO  L108    AnnotateAndAsserter]: Assert order NOT_INCREMENTALLY partitioned 11 statements into 1 equivalence classes.
[2026-09-30 15:34:32,724 INFO  L111    AnnotateAndAsserter]: Assert order NOT_INCREMENTALLY issued 1 check-sat command(s) and asserted 11 of 11 statements.
[2026-09-30 15:34:32,724 INFO  L114    AnnotateAndAsserter]: Assert order NOT_INCREMENTALLY issued 1 check-sat command(s)
[2026-09-30 15:34:32,724 INFO  L115    AnnotateAndAsserter]: Conjunction of SSA is sat
[2026-09-30 15:34:32,725 INFO  L348             TraceCheck]: Trace is feasible, we will do another trace check, this time with branch encoders.
[2026-09-30 15:34:32,726 INFO  L108    AnnotateAndAsserter]: Assert order NOT_INCREMENTALLY partitioned 11 statements into 1 equivalence classes.
[2026-09-30 15:34:32,729 INFO  L111    AnnotateAndAsserter]: Assert order NOT_INCREMENTALLY issued 1 check-sat command(s) and asserted 11 of 11 statements.
[2026-09-30 15:34:32,730 INFO  L114    AnnotateAndAsserter]: Assert order NOT_INCREMENTALLY issued 1 check-sat command(s)
[2026-09-30 15:34:32,730 INFO  L115    AnnotateAndAsserter]: Conjunction of SSA is sat
[2026-09-30 15:34:32,731 INFO  L130   FreeRefinementEngine]: Strategy FIXED_PREFERENCES found a feasible trace
[2026-09-30 15:34:32,732 INFO  L160       PredicateUnifier]: Initialized classic predicate unifier
[2026-09-30 15:34:32,732 INFO  L86        PathProgramCache]: Analyzing trace with hash 1930, now seen corresponding path program 1 times
[2026-09-30 15:34:32,732 INFO  L118   FreeRefinementEngine]: Executing refinement strategy FIXED_PREFERENCES
[2026-09-30 15:34:32,732 INFO  L324   FreeRefinementEngine]: Using trace check IpTcStrategyModulePreferences [183875365]
[2026-09-30 15:34:32,732 INFO  L97    rtionOrderModulation]: Keeping assertion order NOT_INCREMENTALLY
[2026-09-30 15:34:32,732 INFO  L127          SolverBuilder]: Constructing new instance of SMTInterpol with explicit timeout -1 ms and remaining time -1 ms
[2026-09-30 15:34:32,735 INFO  L108    AnnotateAndAsserter]: Assert order NOT_INCREMENTALLY partitioned 2 statements into 1 equivalence classes.
[2026-09-30 15:34:32,737 INFO  L111    AnnotateAndAsserter]: Assert order NOT_INCREMENTALLY issued 1 check-sat command(s) and asserted 2 of 2 statements.
[2026-09-30 15:34:32,737 INFO  L114    AnnotateAndAsserter]: Assert order NOT_INCREMENTALLY issued 1 check-sat command(s)
[2026-09-30 15:34:32,737 INFO  L115    AnnotateAndAsserter]: Conjunction of SSA is sat
[2026-09-30 15:34:32,737 INFO  L348             TraceCheck]: Trace is feasible, we will do another trace check, this time with branch encoders.
[2026-09-30 15:34:32,738 INFO  L108    AnnotateAndAsserter]: Assert order NOT_INCREMENTALLY partitioned 2 statements into 1 equivalence classes.
[2026-09-30 15:34:32,739 INFO  L111    AnnotateAndAsserter]: Assert order NOT_INCREMENTALLY issued 1 check-sat command(s) and asserted 2 of 2 statements.
[2026-09-30 15:34:32,740 INFO  L114    AnnotateAndAsserter]: Assert order NOT_INCREMENTALLY issued 1 check-sat command(s)
[2026-09-30 15:34:32,740 INFO  L115    AnnotateAndAsserter]: Conjunction of SSA is sat
[2026-09-30 15:34:32,741 INFO  L130   FreeRefinementEngine]: Strategy FIXED_PREFERENCES found a feasible trace
[2026-09-30 15:34:32,741 INFO  L160       PredicateUnifier]: Initialized classic predicate unifier
[2026-09-30 15:34:32,741 INFO  L86        PathProgramCache]: Analyzing trace with hash 1528790734, now seen corresponding path program 2 times
[2026-09-30 15:34:32,741 INFO  L118   FreeRefinementEngine]: Executing refinement strategy FIXED_PREFERENCES
[2026-09-30 15:34:32,741 INFO  L324   FreeRefinementEngine]: Using trace check IpTcStrategyModulePreferences [339290851]
[2026-09-30 15:34:32,741 INFO  L97    rtionOrderModulation]: Keeping assertion order NOT_INCREMENTALLY
[2026-09-30 15:34:32,741 INFO  L127          SolverBuilder]: Constructing new instance of SMTInterpol with explicit timeout -1 ms and remaining time -1 ms
[2026-09-30 15:34:32,746 INFO  L108    AnnotateAndAsserter]: Assert order NOT_INCREMENTALLY partitioned 13 statements into 1 equivalence classes.
[2026-09-30 15:34:32,751 INFO  L111    AnnotateAndAsserter]: Assert order NOT_INCREMENTALLY issued 1 check-sat command(s) and asserted 13 of 13 statements.
[2026-09-30 15:34:32,751 INFO  L114    AnnotateAndAsserter]: Assert order NOT_INCREMENTALLY issued 1 check-sat command(s)
[2026-09-30 15:34:32,751 INFO  L115    AnnotateAndAsserter]: Conjunction of SSA is sat
[2026-09-30 15:34:32,751 INFO  L348             TraceCheck]: Trace is feasible, we will do another trace check, this time with branch encoders.
[2026-09-30 15:34:32,753 INFO  L108    AnnotateAndAsserter]: Assert order NOT_INCREMENTALLY partitioned 13 statements into 1 equivalence classes.
[2026-09-30 15:34:32,758 INFO  L111    AnnotateAndAsserter]: Assert order NOT_INCREMENTALLY issued 1 check-sat command(s) and asserted 13 of 13 statements.
[2026-09-30 15:34:32,758 INFO  L114    AnnotateAndAsserter]: Assert order NOT_INCREMENTALLY issued 1 check-sat command(s)
[2026-09-30 15:34:32,758 INFO  L115    AnnotateAndAsserter]: Conjunction of SSA is sat
[2026-09-30 15:34:32,760 INFO  L130   FreeRefinementEngine]: Strategy FIXED_PREFERENCES found a feasible trace
[2026-09-30 15:34:32,796 INFO  L214          LassoAnalysis]: Preferences:
[2026-09-30 15:34:32,796 INFO  L125   ssoRankerPreferences]: Compute integeral hull: false
[2026-09-30 15:34:32,796 INFO  L126   ssoRankerPreferences]: Enable LassoPartitioneer: false
[2026-09-30 15:34:32,796 INFO  L127   ssoRankerPreferences]: Term annotations enabled: false
[2026-09-30 15:34:32,797 INFO  L128   ssoRankerPreferences]: Use exernal solver: true
[2026-09-30 15:34:32,797 INFO  L129   ssoRankerPreferences]: SMT solver command: z3 SMTLIB2_COMPLIANT=true -memory:1024 -smt2 -in -t:12000
[2026-09-30 15:34:32,797 INFO  L130   ssoRankerPreferences]: Dump SMT script to file: false
[2026-09-30 15:34:32,797 INFO  L131   ssoRankerPreferences]: Path of dumped script: 
[2026-09-30 15:34:32,797 INFO  L132   ssoRankerPreferences]: Filename of dumped script: AliasDarteFeautrierGonnord-SAS2010-counterex1b_true-termination.c_Iteration4_Loop
[2026-09-30 15:34:32,797 INFO  L133   ssoRankerPreferences]: MapElimAlgo: Matthias
[2026-09-30 15:34:32,797 INFO  L251          LassoAnalysis]: Starting lasso preprocessing...
[2026-09-30 15:34:32,820 INFO  L270          LassoAnalysis]: Preprocessing complete.
[2026-09-30 15:34:32,820 INFO  L387          LassoAnalysis]: Checking for nontermination...
[2026-09-30 15:34:32,820 INFO  L173          SolverBuilder]: Constructing external solver with command: z3 SMTLIB2_COMPLIANT=true -memory:1024 -smt2 -in -t:12000
[2026-09-30 15:34:32,821 INFO  L189       MonitoredProcess]: No working directory specified, using /home/anissa/.local/bin/z3
[2026-09-30 15:34:32,822 INFO  L229       MonitoredProcess]: Starting monitored process 8 with /home/anissa/.local/bin/z3 SMTLIB2_COMPLIANT=true -memory:1024 -smt2 -in -t:12000 (exit command is (exit), workingDir is null)
[2026-09-30 15:34:32,823 INFO  L327       MonitoredProcess]: [MP /home/anissa/.local/bin/z3 SMTLIB2_COMPLIANT=true -memory:1024 -smt2 -in -t:12000 (8)] Waiting until timeout for monitored process
[2026-09-30 15:34:32,824 INFO  L148   nArgumentSynthesizer]: Nontermination analysis: LINEAR Allow bounded executions: true Number of generalized eigenvectors: 0 Nilpotent components: true
[2026-09-30 15:34:32,824 INFO  L160   nArgumentSynthesizer]: Using integer mode.
[2026-09-30 15:34:32,839 INFO  L546       MonitoredProcess]: [MP /home/anissa/.local/bin/z3 SMTLIB2_COMPLIANT=true -memory:1024 -smt2 -in -t:12000 (8)] Ended with exit code 0
[2026-09-30 15:34:32,839 INFO  L173          SolverBuilder]: Constructing external solver with command: z3 SMTLIB2_COMPLIANT=true -memory:1024 -smt2 -in -t:12000
[2026-09-30 15:34:32,840 INFO  L189       MonitoredProcess]: No working directory specified, using /home/anissa/.local/bin/z3
[2026-09-30 15:34:32,842 INFO  L229       MonitoredProcess]: Starting monitored process 9 with /home/anissa/.local/bin/z3 SMTLIB2_COMPLIANT=true -memory:1024 -smt2 -in -t:12000 (exit command is (exit), workingDir is null)
[2026-09-30 15:34:32,842 INFO  L327       MonitoredProcess]: [MP /home/anissa/.local/bin/z3 SMTLIB2_COMPLIANT=true -memory:1024 -smt2 -in -t:12000 (9)] Waiting until timeout for monitored process
[2026-09-30 15:34:32,843 INFO  L148   nArgumentSynthesizer]: Nontermination analysis: LINEAR Allow bounded executions: true Number of generalized eigenvectors: 3 Nilpotent components: true
[2026-09-30 15:34:32,844 INFO  L160   nArgumentSynthesizer]: Using integer mode.
[2026-09-30 15:34:32,862 INFO  L546       MonitoredProcess]: [MP /home/anissa/.local/bin/z3 SMTLIB2_COMPLIANT=true -memory:1024 -smt2 -in -t:12000 (9)] Ended with exit code 0
[2026-09-30 15:34:32,862 INFO  L429          LassoAnalysis]: Proving nontermination failed: No geometric nontermination argument exists.
[2026-09-30 15:34:32,862 INFO  L214          LassoAnalysis]: Preferences:
[2026-09-30 15:34:32,862 INFO  L125   ssoRankerPreferences]: Compute integeral hull: false
[2026-09-30 15:34:32,862 INFO  L126   ssoRankerPreferences]: Enable LassoPartitioneer: false
[2026-09-30 15:34:32,862 INFO  L127   ssoRankerPreferences]: Term annotations enabled: false
[2026-09-30 15:34:32,862 INFO  L128   ssoRankerPreferences]: Use exernal solver: true
[2026-09-30 15:34:32,862 INFO  L129   ssoRankerPreferences]: SMT solver command: z3 SMTLIB2_COMPLIANT=true -memory:1024 -smt2 -in -t:12000
[2026-09-30 15:34:32,862 INFO  L130   ssoRankerPreferences]: Dump SMT script to file: false
[2026-09-30 15:34:32,862 INFO  L131   ssoRankerPreferences]: Path of dumped script: 
[2026-09-30 15:34:32,862 INFO  L132   ssoRankerPreferences]: Filename of dumped script: AliasDarteFeautrierGonnord-SAS2010-counterex1b_true-termination.c_Iteration4_Loop
[2026-09-30 15:34:32,862 INFO  L133   ssoRankerPreferences]: MapElimAlgo: Matthias
[2026-09-30 15:34:32,862 INFO  L251          LassoAnalysis]: Starting lasso preprocessing...
[2026-09-30 15:34:32,880 INFO  L270          LassoAnalysis]: Preprocessing complete.
[2026-09-30 15:34:32,882 INFO  L189       MonitoredProcess]: No working directory specified, using /home/anissa/Documents/Tools/PaSTTeL/pasttel/bin/pasttel
[2026-09-30 15:34:32,883 INFO  L229       MonitoredProcess]: Starting monitored process 10 with /home/anissa/Documents/Tools/PaSTTeL/pasttel/bin/pasttel -a terminate -o json -t 20 -c 5 -q -val /tmp/pasttel_lasso_6950093607559066569.json (exit command is null, workingDir is null)
[2026-09-30 15:34:32,884 INFO  L290       MonitoredProcess]: [MP /home/anissa/Documents/Tools/PaSTTeL/pasttel/bin/pasttel -a terminate -o json -t 20 -c 5 -q -val /tmp/pasttel_lasso_6950093607559066569.json (10)] Waiting 25000 ms for monitored process
[2026-09-30 15:34:32,947 INFO  L546       MonitoredProcess]: [MP /home/anissa/Documents/Tools/PaSTTeL/pasttel/bin/pasttel -a terminate -o json -t 20 -c 5 -q -val /tmp/pasttel_lasso_6950093607559066569.json (10)] Ended with exit code 0
[2026-09-30 15:34:32,948 INFO  L612             LassoCheck]: PaSTTeL termination check: SUCCESS via RankingBased(AffineTemplate), ranking function f(main_~n~0, main_~y~0) = 1*main_~n~0 - 1*main_~y~0
[2026-09-30 15:34:32,950 INFO  L156   tatePredicateManager]: 0 out of 0 supporting invariants were superfluous and have been removed
[2026-09-30 15:34:32,964 INFO  L160       PredicateUnifier]: Initialized classic predicate unifier
[2026-09-30 15:34:32,970 INFO  L108    AnnotateAndAsserter]: Assert order NOT_INCREMENTALLY partitioned 11 statements into 1 equivalence classes.
[2026-09-30 15:34:32,977 INFO  L111    AnnotateAndAsserter]: Assert order NOT_INCREMENTALLY issued 1 check-sat command(s) and asserted 11 of 11 statements.
[2026-09-30 15:34:32,977 INFO  L114    AnnotateAndAsserter]: Assert order NOT_INCREMENTALLY issued 1 check-sat command(s)
[2026-09-30 15:34:32,977 INFO  L115    AnnotateAndAsserter]: Conjunction of SSA is unsat
[2026-09-30 15:34:32,978 INFO  L256         TraceCheckSpWp]: Trace formula consists of 83 conjuncts, 6 conjuncts are in the unsatisfiable core
[2026-09-30 15:34:32,978 INFO  L279         TraceCheckSpWp]: Computing forward predicates...
[2026-09-30 15:34:33,008 INFO  L108    AnnotateAndAsserter]: Assert order NOT_INCREMENTALLY partitioned 2 statements into 1 equivalence classes.
[2026-09-30 15:34:33,010 INFO  L111    AnnotateAndAsserter]: Assert order NOT_INCREMENTALLY issued 1 check-sat command(s) and asserted 2 of 2 statements.
[2026-09-30 15:34:33,010 INFO  L114    AnnotateAndAsserter]: Assert order NOT_INCREMENTALLY issued 1 check-sat command(s)
[2026-09-30 15:34:33,010 INFO  L115    AnnotateAndAsserter]: Conjunction of SSA is unsat
[2026-09-30 15:34:33,011 WARN  L254         TraceCheckSpWp]: Trace formula consists of 7 conjuncts, 6 conjuncts are in the unsatisfiable core
[2026-09-30 15:34:33,012 INFO  L279         TraceCheckSpWp]: Computing forward predicates...
[2026-09-30 15:34:33,065 INFO  L134       CoverageAnalysis]: Checked inductivity of 0 backedges. 0 proven. 0 refuted. 0 times theorem prover too weak. 0 trivial. 0 not checked.
[2026-09-30 15:34:33,066 INFO  L141   lantAutomatonBouncer]: Defining deterministic Buchi interpolant automaton with honda bouncer for stem and without honda bouncer for loop.2 stem predicates 2 loop predicates 
[2026-09-30 15:34:33,066 INFO  L69     BuchiDifferenceNCSB]: Start buchiDifferenceNCSB. First operand 32 states and 40 transitions. cyclomatic complexity: 13 Second operand  has 4 states, 4 states have (on average 2.5) internal successors, (10), 4 states have internal predecessors, (10), 1 states have call successors, (2), 2 states have call predecessors, (2), 1 states have return successors, (1), 1 states have call predecessors, (1), 1 states have call successors, (1)
[2026-09-30 15:34:33,097 INFO  L73     BuchiDifferenceNCSB]: Finished buchiDifferenceNCSB. First operand 32 states and 40 transitions. cyclomatic complexity: 13. Second operand  has 4 states, 4 states have (on average 2.5) internal successors, (10), 4 states have internal predecessors, (10), 1 states have call successors, (2), 2 states have call predecessors, (2), 1 states have return successors, (1), 1 states have call predecessors, (1), 1 states have call successors, (1) Result 57 states and 73 transitions. Complement of second has 8 states.
[2026-09-30 15:34:33,098 INFO  L140   InterpolantAutomaton]: Switched to read-only mode: Buchi interpolant automaton has 5 states 2 stem states 2 non-accepting loop states 1 accepting loop states 
[2026-09-30 15:34:33,098 INFO  L82        GeneralOperation]: Start removeUnreachable. Operand  has 4 states, 4 states have (on average 2.5) internal successors, (10), 4 states have internal predecessors, (10), 1 states have call successors, (2), 2 states have call predecessors, (2), 1 states have return successors, (1), 1 states have call predecessors, (1), 1 states have call successors, (1)
[2026-09-30 15:34:33,099 INFO  L88        GeneralOperation]: Finished removeUnreachable. Reduced from 5 states to 5 states and 21 transitions.
[2026-09-30 15:34:33,099 INFO  L85            BuchiAccepts]: Start buchiAccepts Operand 5 states and 21 transitions. Stem has 11 letters. Loop has 2 letters.
[2026-09-30 15:34:33,099 INFO  L117           BuchiAccepts]: Finished buchiAccepts.
[2026-09-30 15:34:33,099 INFO  L85            BuchiAccepts]: Start buchiAccepts Operand 5 states and 21 transitions. Stem has 13 letters. Loop has 2 letters.
[2026-09-30 15:34:33,099 INFO  L117           BuchiAccepts]: Finished buchiAccepts.
[2026-09-30 15:34:33,099 INFO  L85            BuchiAccepts]: Start buchiAccepts Operand 5 states and 21 transitions. Stem has 11 letters. Loop has 4 letters.
[2026-09-30 15:34:33,099 INFO  L117           BuchiAccepts]: Finished buchiAccepts.
[2026-09-30 15:34:33,099 INFO  L82        GeneralOperation]: Start removeNonLiveStates. Operand 57 states and 73 transitions.
[2026-09-30 15:34:33,100 INFO  L131   ngComponentsAnalysis]: Automaton has 2 accepting balls. 4
[2026-09-30 15:34:33,101 INFO  L88        GeneralOperation]: Finished removeNonLiveStates. Reduced from 57 states to 54 states and 69 transitions.
[2026-09-30 15:34:33,101 INFO  L87         BuchiClosureNwa]: Accepting states before buchiClosure: 18
[2026-09-30 15:34:33,101 INFO  L106        BuchiClosureNwa]: Accepting states after buchiClosure: 19
[2026-09-30 15:34:33,101 INFO  L74         IsDeterministic]: Start isDeterministic. Operand 54 states and 69 transitions.
[2026-09-30 15:34:33,101 INFO  L81         IsDeterministic]: Finished isDeterministic. Operand is not deterministic.
[2026-09-30 15:34:33,101 INFO  L218   hiAutomatonCegarLoop]: Abstraction has 54 states and 69 transitions.
[2026-09-30 15:34:33,101 INFO  L82        GeneralOperation]: Start minimizeSevpa. Operand 54 states and 69 transitions.
[2026-09-30 15:34:33,103 INFO  L88        GeneralOperation]: Finished minimizeSevpa. Reduced states from 54 to 50.
[2026-09-30 15:34:33,103 INFO  L82        GeneralOperation]: Start removeUnreachable. Operand  has 50 states, 47 states have (on average 1.3191489361702127) internal successors, (62), 46 states have internal predecessors, (62), 2 states have call successors, (2), 2 states have call predecessors, (2), 1 states have return successors, (1), 1 states have call predecessors, (1), 1 states have call successors, (1)
[2026-09-30 15:34:33,104 INFO  L88        GeneralOperation]: Finished removeUnreachable. Reduced from 50 states to 50 states and 65 transitions.
[2026-09-30 15:34:33,104 INFO  L240   hiAutomatonCegarLoop]: Abstraction has 50 states and 65 transitions.
[2026-09-30 15:34:33,104 INFO  L464   stractBuchiCegarLoop]: Abstraction has 50 states and 65 transitions.
[2026-09-30 15:34:33,104 INFO  L363   stractBuchiCegarLoop]: ======== Iteration 5 ============
[2026-09-30 15:34:33,104 INFO  L73            BuchiIsEmpty]: Start buchiIsEmpty. Operand 50 states and 65 transitions.
[2026-09-30 15:34:33,105 INFO  L131   ngComponentsAnalysis]: Automaton has 2 accepting balls. 4
[2026-09-30 15:34:33,105 INFO  L88            BuchiIsEmpty]: Finished buchiIsEmpty Result is false
[2026-09-30 15:34:33,105 INFO  L120           BuchiIsEmpty]: Starting construction of run
[2026-09-30 15:34:33,105 INFO  L148   hiAutomatonCegarLoop]: Counterexample stem histogram [2, 2, 1, 1, 1, 1, 1, 1, 1, 1, 1, 1]
[2026-09-30 15:34:33,105 INFO  L149   hiAutomatonCegarLoop]: Counterexample loop histogram [1, 1]
[2026-09-30 15:34:33,106 INFO  L1146  eck$LassoCheckResult]: Stem: "call ULTIMATE.init();"< "assume true;" >"#28#return;" "call #t~ret7 := main();"< "havoc ~x~0;havoc ~y~0;havoc ~n~0;havoc #t~nondet0;assume -2147483648 <= #t~nondet0 && #t~nondet0 <= 2147483647;~n~0 := #t~nondet0;havoc #t~nondet0;havoc #t~nondet1;assume -2147483648 <= #t~nondet1 && #t~nondet1 <= 2147483647;~x~0 := #t~nondet1;havoc #t~nondet1;havoc #t~nondet2;assume -2147483648 <= #t~nondet2 && #t~nondet2 <= 2147483647;~y~0 := #t~nondet2;havoc #t~nondet2;" "assume ~x~0 >= 0;" "assume true;#t~short4 := ~y~0 >= 0;BeginParallelComposition{ParallelCodeBlock0: assume #t~short4;havoc #t~nondet3;assume -2147483648 <= #t~nondet3 && #t~nondet3 <= 2147483647;#t~short4 := 0 != #t~nondet3;ParallelCodeBlock1: assume !#t~short4;}EndParallelComposition" "assume !#t~short4;havoc #t~nondet3;havoc #t~short4;" "~x~0 := ~x~0 - 1;" "assume true;#t~short6 := ~y~0 <= ~n~0;BeginParallelComposition{ParallelCodeBlock0: assume #t~short6;havoc #t~nondet5;assume -2147483648 <= #t~nondet5 && #t~nondet5 <= 2147483647;#t~short6 := 0 != #t~nondet5;ParallelCodeBlock1: assume !#t~short6;}EndParallelComposition" "assume #t~short6;havoc #t~nondet5;havoc #t~short6;~y~0 := 1 + ~y~0;" "assume true;#t~short6 := ~y~0 <= ~n~0;BeginParallelComposition{ParallelCodeBlock0: assume #t~short6;havoc #t~nondet5;assume -2147483648 <= #t~nondet5 && #t~nondet5 <= 2147483647;#t~short6 := 0 != #t~nondet5;ParallelCodeBlock1: assume !#t~short6;}EndParallelComposition" "assume !#t~short6;havoc #t~nondet5;havoc #t~short6;" "assume ~x~0 >= 0;" 
[2026-09-30 15:34:33,106 INFO  L1148  eck$LassoCheckResult]: Loop: "assume true;#t~short4 := ~y~0 >= 0;BeginParallelComposition{ParallelCodeBlock0: assume #t~short4;havoc #t~nondet3;assume -2147483648 <= #t~nondet3 && #t~nondet3 <= 2147483647;#t~short4 := 0 != #t~nondet3;ParallelCodeBlock1: assume !#t~short4;}EndParallelComposition" "assume #t~short4;havoc #t~nondet3;havoc #t~short4;~y~0 := ~y~0 - 1;" 
[2026-09-30 15:34:33,106 INFO  L160       PredicateUnifier]: Initialized classic predicate unifier
[2026-09-30 15:34:33,106 INFO  L86        PathProgramCache]: Analyzing trace with hash 147872489, now seen corresponding path program 1 times
[2026-09-30 15:34:33,106 INFO  L118   FreeRefinementEngine]: Executing refinement strategy FIXED_PREFERENCES
[2026-09-30 15:34:33,106 INFO  L324   FreeRefinementEngine]: Using trace check IpTcStrategyModulePreferences [523603792]
[2026-09-30 15:34:33,106 INFO  L97    rtionOrderModulation]: Keeping assertion order NOT_INCREMENTALLY
[2026-09-30 15:34:33,106 INFO  L127          SolverBuilder]: Constructing new instance of SMTInterpol with explicit timeout -1 ms and remaining time -1 ms
[2026-09-30 15:34:33,111 INFO  L108    AnnotateAndAsserter]: Assert order NOT_INCREMENTALLY partitioned 14 statements into 1 equivalence classes.
[2026-09-30 15:34:33,115 INFO  L111    AnnotateAndAsserter]: Assert order NOT_INCREMENTALLY issued 1 check-sat command(s) and asserted 14 of 14 statements.
[2026-09-30 15:34:33,115 INFO  L114    AnnotateAndAsserter]: Assert order NOT_INCREMENTALLY issued 1 check-sat command(s)
[2026-09-30 15:34:33,116 INFO  L115    AnnotateAndAsserter]: Conjunction of SSA is sat
[2026-09-30 15:34:33,116 INFO  L348             TraceCheck]: Trace is feasible, we will do another trace check, this time with branch encoders.
[2026-09-30 15:34:33,117 INFO  L108    AnnotateAndAsserter]: Assert order NOT_INCREMENTALLY partitioned 14 statements into 1 equivalence classes.
[2026-09-30 15:34:33,121 INFO  L111    AnnotateAndAsserter]: Assert order NOT_INCREMENTALLY issued 1 check-sat command(s) and asserted 14 of 14 statements.
[2026-09-30 15:34:33,122 INFO  L114    AnnotateAndAsserter]: Assert order NOT_INCREMENTALLY issued 1 check-sat command(s)
[2026-09-30 15:34:33,122 INFO  L115    AnnotateAndAsserter]: Conjunction of SSA is sat
[2026-09-30 15:34:33,123 INFO  L130   FreeRefinementEngine]: Strategy FIXED_PREFERENCES found a feasible trace
[2026-09-30 15:34:33,124 INFO  L160       PredicateUnifier]: Initialized classic predicate unifier
[2026-09-30 15:34:33,124 INFO  L86        PathProgramCache]: Analyzing trace with hash 2001, now seen corresponding path program 2 times
[2026-09-30 15:34:33,124 INFO  L118   FreeRefinementEngine]: Executing refinement strategy FIXED_PREFERENCES
[2026-09-30 15:34:33,124 INFO  L324   FreeRefinementEngine]: Using trace check IpTcStrategyModulePreferences [1236113053]
[2026-09-30 15:34:33,124 INFO  L97    rtionOrderModulation]: Keeping assertion order NOT_INCREMENTALLY
[2026-09-30 15:34:33,124 INFO  L127          SolverBuilder]: Constructing new instance of SMTInterpol with explicit timeout -1 ms and remaining time -1 ms
[2026-09-30 15:34:33,126 INFO  L108    AnnotateAndAsserter]: Assert order NOT_INCREMENTALLY partitioned 2 statements into 1 equivalence classes.
[2026-09-30 15:34:33,127 INFO  L111    AnnotateAndAsserter]: Assert order NOT_INCREMENTALLY issued 1 check-sat command(s) and asserted 2 of 2 statements.
[2026-09-30 15:34:33,127 INFO  L114    AnnotateAndAsserter]: Assert order NOT_INCREMENTALLY issued 1 check-sat command(s)
[2026-09-30 15:34:33,128 INFO  L115    AnnotateAndAsserter]: Conjunction of SSA is sat
[2026-09-30 15:34:33,128 INFO  L348             TraceCheck]: Trace is feasible, we will do another trace check, this time with branch encoders.
[2026-09-30 15:34:33,128 INFO  L108    AnnotateAndAsserter]: Assert order NOT_INCREMENTALLY partitioned 2 statements into 1 equivalence classes.
[2026-09-30 15:34:33,129 INFO  L111    AnnotateAndAsserter]: Assert order NOT_INCREMENTALLY issued 1 check-sat command(s) and asserted 2 of 2 statements.
[2026-09-30 15:34:33,129 INFO  L114    AnnotateAndAsserter]: Assert order NOT_INCREMENTALLY issued 1 check-sat command(s)
[2026-09-30 15:34:33,129 INFO  L115    AnnotateAndAsserter]: Conjunction of SSA is sat
[2026-09-30 15:34:33,130 INFO  L130   FreeRefinementEngine]: Strategy FIXED_PREFERENCES found a feasible trace
[2026-09-30 15:34:33,130 INFO  L160       PredicateUnifier]: Initialized classic predicate unifier
[2026-09-30 15:34:33,130 INFO  L86        PathProgramCache]: Analyzing trace with hash 371542201, now seen corresponding path program 1 times
[2026-09-30 15:34:33,131 INFO  L118   FreeRefinementEngine]: Executing refinement strategy FIXED_PREFERENCES
[2026-09-30 15:34:33,131 INFO  L324   FreeRefinementEngine]: Using trace check IpTcStrategyModulePreferences [1359579564]
[2026-09-30 15:34:33,131 INFO  L97    rtionOrderModulation]: Keeping assertion order NOT_INCREMENTALLY
[2026-09-30 15:34:33,131 INFO  L127          SolverBuilder]: Constructing new instance of SMTInterpol with explicit timeout -1 ms and remaining time -1 ms
[2026-09-30 15:34:33,135 INFO  L108    AnnotateAndAsserter]: Assert order NOT_INCREMENTALLY partitioned 16 statements into 1 equivalence classes.
[2026-09-30 15:34:33,140 INFO  L111    AnnotateAndAsserter]: Assert order NOT_INCREMENTALLY issued 1 check-sat command(s) and asserted 16 of 16 statements.
[2026-09-30 15:34:33,140 INFO  L114    AnnotateAndAsserter]: Assert order NOT_INCREMENTALLY issued 1 check-sat command(s)
[2026-09-30 15:34:33,140 INFO  L115    AnnotateAndAsserter]: Conjunction of SSA is sat
[2026-09-30 15:34:33,140 INFO  L348             TraceCheck]: Trace is feasible, we will do another trace check, this time with branch encoders.
[2026-09-30 15:34:33,142 INFO  L108    AnnotateAndAsserter]: Assert order NOT_INCREMENTALLY partitioned 16 statements into 1 equivalence classes.
[2026-09-30 15:34:33,146 INFO  L111    AnnotateAndAsserter]: Assert order NOT_INCREMENTALLY issued 1 check-sat command(s) and asserted 16 of 16 statements.
[2026-09-30 15:34:33,146 INFO  L114    AnnotateAndAsserter]: Assert order NOT_INCREMENTALLY issued 1 check-sat command(s)
[2026-09-30 15:34:33,146 INFO  L115    AnnotateAndAsserter]: Conjunction of SSA is sat
[2026-09-30 15:34:33,148 INFO  L130   FreeRefinementEngine]: Strategy FIXED_PREFERENCES found a feasible trace
[2026-09-30 15:34:33,184 INFO  L214          LassoAnalysis]: Preferences:
[2026-09-30 15:34:33,185 INFO  L125   ssoRankerPreferences]: Compute integeral hull: false
[2026-09-30 15:34:33,185 INFO  L126   ssoRankerPreferences]: Enable LassoPartitioneer: false
[2026-09-30 15:34:33,185 INFO  L127   ssoRankerPreferences]: Term annotations enabled: false
[2026-09-30 15:34:33,185 INFO  L128   ssoRankerPreferences]: Use exernal solver: true
[2026-09-30 15:34:33,185 INFO  L129   ssoRankerPreferences]: SMT solver command: z3 SMTLIB2_COMPLIANT=true -memory:1024 -smt2 -in -t:12000
[2026-09-30 15:34:33,185 INFO  L130   ssoRankerPreferences]: Dump SMT script to file: false
[2026-09-30 15:34:33,185 INFO  L131   ssoRankerPreferences]: Path of dumped script: 
[2026-09-30 15:34:33,185 INFO  L132   ssoRankerPreferences]: Filename of dumped script: AliasDarteFeautrierGonnord-SAS2010-counterex1b_true-termination.c_Iteration5_Loop
[2026-09-30 15:34:33,185 INFO  L133   ssoRankerPreferences]: MapElimAlgo: Matthias
[2026-09-30 15:34:33,185 INFO  L251          LassoAnalysis]: Starting lasso preprocessing...
[2026-09-30 15:34:33,206 INFO  L270          LassoAnalysis]: Preprocessing complete.
[2026-09-30 15:34:33,207 INFO  L387          LassoAnalysis]: Checking for nontermination...
[2026-09-30 15:34:33,207 INFO  L173          SolverBuilder]: Constructing external solver with command: z3 SMTLIB2_COMPLIANT=true -memory:1024 -smt2 -in -t:12000
[2026-09-30 15:34:33,207 INFO  L189       MonitoredProcess]: No working directory specified, using /home/anissa/.local/bin/z3
[2026-09-30 15:34:33,209 INFO  L229       MonitoredProcess]: Starting monitored process 11 with /home/anissa/.local/bin/z3 SMTLIB2_COMPLIANT=true -memory:1024 -smt2 -in -t:12000 (exit command is (exit), workingDir is null)
[2026-09-30 15:34:33,210 INFO  L327       MonitoredProcess]: [MP /home/anissa/.local/bin/z3 SMTLIB2_COMPLIANT=true -memory:1024 -smt2 -in -t:12000 (11)] Waiting until timeout for monitored process
[2026-09-30 15:34:33,211 INFO  L148   nArgumentSynthesizer]: Nontermination analysis: LINEAR Allow bounded executions: true Number of generalized eigenvectors: 0 Nilpotent components: true
[2026-09-30 15:34:33,211 INFO  L160   nArgumentSynthesizer]: Using integer mode.
[2026-09-30 15:34:33,226 INFO  L546       MonitoredProcess]: [MP /home/anissa/.local/bin/z3 SMTLIB2_COMPLIANT=true -memory:1024 -smt2 -in -t:12000 (11)] Ended with exit code 0
[2026-09-30 15:34:33,226 INFO  L173          SolverBuilder]: Constructing external solver with command: z3 SMTLIB2_COMPLIANT=true -memory:1024 -smt2 -in -t:12000
[2026-09-30 15:34:33,227 INFO  L189       MonitoredProcess]: No working directory specified, using /home/anissa/.local/bin/z3
[2026-09-30 15:34:33,229 INFO  L229       MonitoredProcess]: Starting monitored process 12 with /home/anissa/.local/bin/z3 SMTLIB2_COMPLIANT=true -memory:1024 -smt2 -in -t:12000 (exit command is (exit), workingDir is null)
[2026-09-30 15:34:33,230 INFO  L327       MonitoredProcess]: [MP /home/anissa/.local/bin/z3 SMTLIB2_COMPLIANT=true -memory:1024 -smt2 -in -t:12000 (12)] Waiting until timeout for monitored process
[2026-09-30 15:34:33,231 INFO  L148   nArgumentSynthesizer]: Nontermination analysis: LINEAR Allow bounded executions: true Number of generalized eigenvectors: 3 Nilpotent components: true
[2026-09-30 15:34:33,231 INFO  L160   nArgumentSynthesizer]: Using integer mode.
[2026-09-30 15:34:33,248 INFO  L546       MonitoredProcess]: [MP /home/anissa/.local/bin/z3 SMTLIB2_COMPLIANT=true -memory:1024 -smt2 -in -t:12000 (12)] Ended with exit code 0
[2026-09-30 15:34:33,248 INFO  L429          LassoAnalysis]: Proving nontermination failed: No geometric nontermination argument exists.
[2026-09-30 15:34:33,248 INFO  L214          LassoAnalysis]: Preferences:
[2026-09-30 15:34:33,248 INFO  L125   ssoRankerPreferences]: Compute integeral hull: false
[2026-09-30 15:34:33,248 INFO  L126   ssoRankerPreferences]: Enable LassoPartitioneer: false
[2026-09-30 15:34:33,248 INFO  L127   ssoRankerPreferences]: Term annotations enabled: false
[2026-09-30 15:34:33,248 INFO  L128   ssoRankerPreferences]: Use exernal solver: true
[2026-09-30 15:34:33,248 INFO  L129   ssoRankerPreferences]: SMT solver command: z3 SMTLIB2_COMPLIANT=true -memory:1024 -smt2 -in -t:12000
[2026-09-30 15:34:33,248 INFO  L130   ssoRankerPreferences]: Dump SMT script to file: false
[2026-09-30 15:34:33,248 INFO  L131   ssoRankerPreferences]: Path of dumped script: 
[2026-09-30 15:34:33,248 INFO  L132   ssoRankerPreferences]: Filename of dumped script: AliasDarteFeautrierGonnord-SAS2010-counterex1b_true-termination.c_Iteration5_Loop
[2026-09-30 15:34:33,248 INFO  L133   ssoRankerPreferences]: MapElimAlgo: Matthias
[2026-09-30 15:34:33,248 INFO  L251          LassoAnalysis]: Starting lasso preprocessing...
[2026-09-30 15:34:33,267 INFO  L270          LassoAnalysis]: Preprocessing complete.
[2026-09-30 15:34:33,268 INFO  L189       MonitoredProcess]: No working directory specified, using /home/anissa/Documents/Tools/PaSTTeL/pasttel/bin/pasttel
[2026-09-30 15:34:33,269 INFO  L229       MonitoredProcess]: Starting monitored process 13 with /home/anissa/Documents/Tools/PaSTTeL/pasttel/bin/pasttel -a terminate -o json -t 20 -c 5 -q -val /tmp/pasttel_lasso_6146230320347658170.json (exit command is null, workingDir is null)
[2026-09-30 15:34:33,270 INFO  L290       MonitoredProcess]: [MP /home/anissa/Documents/Tools/PaSTTeL/pasttel/bin/pasttel -a terminate -o json -t 20 -c 5 -q -val /tmp/pasttel_lasso_6146230320347658170.json (13)] Waiting 25000 ms for monitored process
[2026-09-30 15:34:33,338 INFO  L546       MonitoredProcess]: [MP /home/anissa/Documents/Tools/PaSTTeL/pasttel/bin/pasttel -a terminate -o json -t 20 -c 5 -q -val /tmp/pasttel_lasso_6146230320347658170.json (13)] Ended with exit code 0
[2026-09-30 15:34:33,339 INFO  L612             LassoCheck]: PaSTTeL termination check: SUCCESS via RankingBased(AffineTemplate), ranking function f(main_~y~0) = 1*main_~y~0
[2026-09-30 15:34:33,339 INFO  L156   tatePredicateManager]: 0 out of 0 supporting invariants were superfluous and have been removed
[2026-09-30 15:34:33,345 INFO  L160       PredicateUnifier]: Initialized classic predicate unifier
[2026-09-30 15:34:33,349 INFO  L108    AnnotateAndAsserter]: Assert order NOT_INCREMENTALLY partitioned 14 statements into 1 equivalence classes.
[2026-09-30 15:34:33,355 INFO  L111    AnnotateAndAsserter]: Assert order NOT_INCREMENTALLY issued 1 check-sat command(s) and asserted 14 of 14 statements.
[2026-09-30 15:34:33,355 INFO  L114    AnnotateAndAsserter]: Assert order NOT_INCREMENTALLY issued 1 check-sat command(s)
[2026-09-30 15:34:33,355 INFO  L115    AnnotateAndAsserter]: Conjunction of SSA is unsat
[2026-09-30 15:34:33,355 INFO  L256         TraceCheckSpWp]: Trace formula consists of 87 conjuncts, 6 conjuncts are in the unsatisfiable core
[2026-09-30 15:34:33,356 INFO  L279         TraceCheckSpWp]: Computing forward predicates...
[2026-09-30 15:34:33,392 INFO  L108    AnnotateAndAsserter]: Assert order NOT_INCREMENTALLY partitioned 2 statements into 1 equivalence classes.
[2026-09-30 15:34:33,393 INFO  L111    AnnotateAndAsserter]: Assert order NOT_INCREMENTALLY issued 1 check-sat command(s) and asserted 2 of 2 statements.
[2026-09-30 15:34:33,393 INFO  L114    AnnotateAndAsserter]: Assert order NOT_INCREMENTALLY issued 1 check-sat command(s)
[2026-09-30 15:34:33,394 INFO  L115    AnnotateAndAsserter]: Conjunction of SSA is unsat
[2026-09-30 15:34:33,394 WARN  L254         TraceCheckSpWp]: Trace formula consists of 7 conjuncts, 7 conjuncts are in the unsatisfiable core
[2026-09-30 15:34:33,394 INFO  L279         TraceCheckSpWp]: Computing forward predicates...
[2026-09-30 15:34:33,438 INFO  L134       CoverageAnalysis]: Checked inductivity of 0 backedges. 0 proven. 0 refuted. 0 times theorem prover too weak. 0 trivial. 0 not checked.
[2026-09-30 15:34:33,438 INFO  L141   lantAutomatonBouncer]: Defining deterministic Buchi interpolant automaton with honda bouncer for stem and without honda bouncer for loop.2 stem predicates 2 loop predicates 
[2026-09-30 15:34:33,439 INFO  L69     BuchiDifferenceNCSB]: Start buchiDifferenceNCSB. First operand 50 states and 65 transitions. cyclomatic complexity: 23 Second operand  has 4 states, 4 states have (on average 3.0) internal successors, (12), 4 states have internal predecessors, (12), 1 states have call successors, (2), 2 states have call predecessors, (2), 1 states have return successors, (1), 1 states have call predecessors, (1), 1 states have call successors, (1)
[2026-09-30 15:34:33,462 INFO  L73     BuchiDifferenceNCSB]: Finished buchiDifferenceNCSB. First operand 50 states and 65 transitions. cyclomatic complexity: 23. Second operand  has 4 states, 4 states have (on average 3.0) internal successors, (12), 4 states have internal predecessors, (12), 1 states have call successors, (2), 2 states have call predecessors, (2), 1 states have return successors, (1), 1 states have call predecessors, (1), 1 states have call successors, (1) Result 63 states and 80 transitions. Complement of second has 8 states.
[2026-09-30 15:34:33,463 INFO  L140   InterpolantAutomaton]: Switched to read-only mode: Buchi interpolant automaton has 5 states 2 stem states 2 non-accepting loop states 1 accepting loop states 
[2026-09-30 15:34:33,463 INFO  L82        GeneralOperation]: Start removeUnreachable. Operand  has 4 states, 4 states have (on average 3.0) internal successors, (12), 4 states have internal predecessors, (12), 1 states have call successors, (2), 2 states have call predecessors, (2), 1 states have return successors, (1), 1 states have call predecessors, (1), 1 states have call successors, (1)
[2026-09-30 15:34:33,464 INFO  L88        GeneralOperation]: Finished removeUnreachable. Reduced from 5 states to 5 states and 14 transitions.
[2026-09-30 15:34:33,464 INFO  L85            BuchiAccepts]: Start buchiAccepts Operand 5 states and 14 transitions. Stem has 14 letters. Loop has 2 letters.
[2026-09-30 15:34:33,464 INFO  L117           BuchiAccepts]: Finished buchiAccepts.
[2026-09-30 15:34:33,464 INFO  L742   stractBuchiCegarLoop]: Bad chosen interpolant automaton: word not accepted
[2026-09-30 15:34:33,470 INFO  L160       PredicateUnifier]: Initialized classic predicate unifier
[2026-09-30 15:34:33,474 INFO  L108    AnnotateAndAsserter]: Assert order NOT_INCREMENTALLY partitioned 14 statements into 1 equivalence classes.
[2026-09-30 15:34:33,479 INFO  L111    AnnotateAndAsserter]: Assert order NOT_INCREMENTALLY issued 1 check-sat command(s) and asserted 14 of 14 statements.
[2026-09-30 15:34:33,479 INFO  L114    AnnotateAndAsserter]: Assert order NOT_INCREMENTALLY issued 1 check-sat command(s)
[2026-09-30 15:34:33,479 INFO  L115    AnnotateAndAsserter]: Conjunction of SSA is unsat
[2026-09-30 15:34:33,479 INFO  L256         TraceCheckSpWp]: Trace formula consists of 87 conjuncts, 6 conjuncts are in the unsatisfiable core
[2026-09-30 15:34:33,480 INFO  L279         TraceCheckSpWp]: Computing forward predicates...
[2026-09-30 15:34:33,507 INFO  L108    AnnotateAndAsserter]: Assert order NOT_INCREMENTALLY partitioned 2 statements into 1 equivalence classes.
[2026-09-30 15:34:33,508 INFO  L111    AnnotateAndAsserter]: Assert order NOT_INCREMENTALLY issued 1 check-sat command(s) and asserted 2 of 2 statements.
[2026-09-30 15:34:33,508 INFO  L114    AnnotateAndAsserter]: Assert order NOT_INCREMENTALLY issued 1 check-sat command(s)
[2026-09-30 15:34:33,509 INFO  L115    AnnotateAndAsserter]: Conjunction of SSA is unsat
[2026-09-30 15:34:33,509 WARN  L254         TraceCheckSpWp]: Trace formula consists of 7 conjuncts, 6 conjuncts are in the unsatisfiable core
[2026-09-30 15:34:33,510 INFO  L279         TraceCheckSpWp]: Computing forward predicates...
[2026-09-30 15:34:33,548 INFO  L134       CoverageAnalysis]: Checked inductivity of 0 backedges. 0 proven. 0 refuted. 0 times theorem prover too weak. 0 trivial. 0 not checked.
[2026-09-30 15:34:33,549 INFO  L141   lantAutomatonBouncer]: Defining deterministic Buchi interpolant automaton with honda bouncer for stem and with honda bouncer for loop.2 stem predicates 2 loop predicates 
[2026-09-30 15:34:33,549 INFO  L69     BuchiDifferenceNCSB]: Start buchiDifferenceNCSB. First operand 50 states and 65 transitions. cyclomatic complexity: 23 Second operand  has 4 states, 4 states have (on average 3.0) internal successors, (12), 4 states have internal predecessors, (12), 1 states have call successors, (2), 2 states have call predecessors, (2), 1 states have return successors, (1), 1 states have call predecessors, (1), 1 states have call successors, (1)
[2026-09-30 15:34:33,570 INFO  L73     BuchiDifferenceNCSB]: Finished buchiDifferenceNCSB. First operand 50 states and 65 transitions. cyclomatic complexity: 23. Second operand  has 4 states, 4 states have (on average 3.0) internal successors, (12), 4 states have internal predecessors, (12), 1 states have call successors, (2), 2 states have call predecessors, (2), 1 states have return successors, (1), 1 states have call predecessors, (1), 1 states have call successors, (1) Result 63 states and 80 transitions. Complement of second has 8 states.
[2026-09-30 15:34:33,571 INFO  L140   InterpolantAutomaton]: Switched to read-only mode: Buchi interpolant automaton has 5 states 2 stem states 2 non-accepting loop states 1 accepting loop states 
[2026-09-30 15:34:33,571 INFO  L82        GeneralOperation]: Start removeUnreachable. Operand  has 4 states, 4 states have (on average 3.0) internal successors, (12), 4 states have internal predecessors, (12), 1 states have call successors, (2), 2 states have call predecessors, (2), 1 states have return successors, (1), 1 states have call predecessors, (1), 1 states have call successors, (1)
[2026-09-30 15:34:33,572 INFO  L88        GeneralOperation]: Finished removeUnreachable. Reduced from 5 states to 5 states and 14 transitions.
[2026-09-30 15:34:33,572 INFO  L85            BuchiAccepts]: Start buchiAccepts Operand 5 states and 14 transitions. Stem has 14 letters. Loop has 2 letters.
[2026-09-30 15:34:33,572 INFO  L117           BuchiAccepts]: Finished buchiAccepts.
[2026-09-30 15:34:33,572 INFO  L742   stractBuchiCegarLoop]: Bad chosen interpolant automaton: word not accepted
[2026-09-30 15:34:33,577 INFO  L160       PredicateUnifier]: Initialized classic predicate unifier
[2026-09-30 15:34:33,581 INFO  L108    AnnotateAndAsserter]: Assert order NOT_INCREMENTALLY partitioned 14 statements into 1 equivalence classes.
[2026-09-30 15:34:33,586 INFO  L111    AnnotateAndAsserter]: Assert order NOT_INCREMENTALLY issued 1 check-sat command(s) and asserted 14 of 14 statements.
[2026-09-30 15:34:33,586 INFO  L114    AnnotateAndAsserter]: Assert order NOT_INCREMENTALLY issued 1 check-sat command(s)
[2026-09-30 15:34:33,586 INFO  L115    AnnotateAndAsserter]: Conjunction of SSA is unsat
[2026-09-30 15:34:33,587 INFO  L256         TraceCheckSpWp]: Trace formula consists of 87 conjuncts, 6 conjuncts are in the unsatisfiable core
[2026-09-30 15:34:33,587 INFO  L279         TraceCheckSpWp]: Computing forward predicates...
[2026-09-30 15:34:33,614 INFO  L108    AnnotateAndAsserter]: Assert order NOT_INCREMENTALLY partitioned 2 statements into 1 equivalence classes.
[2026-09-30 15:34:33,615 INFO  L111    AnnotateAndAsserter]: Assert order NOT_INCREMENTALLY issued 1 check-sat command(s) and asserted 2 of 2 statements.
[2026-09-30 15:34:33,615 INFO  L114    AnnotateAndAsserter]: Assert order NOT_INCREMENTALLY issued 1 check-sat command(s)
[2026-09-30 15:34:33,615 INFO  L115    AnnotateAndAsserter]: Conjunction of SSA is unsat
[2026-09-30 15:34:33,615 WARN  L254         TraceCheckSpWp]: Trace formula consists of 7 conjuncts, 7 conjuncts are in the unsatisfiable core
[2026-09-30 15:34:33,616 INFO  L279         TraceCheckSpWp]: Computing forward predicates...
[2026-09-30 15:34:33,643 INFO  L134       CoverageAnalysis]: Checked inductivity of 0 backedges. 0 proven. 0 refuted. 0 times theorem prover too weak. 0 trivial. 0 not checked.
[2026-09-30 15:34:33,644 INFO  L141   lantAutomatonBouncer]: Defining Buchi interpolant automaton with scrooge nondeterminism in stemwith honda bouncer for stem and without honda bouncer for loop.2 stem predicates 2 loop predicates 
[2026-09-30 15:34:33,644 INFO  L69     BuchiDifferenceNCSB]: Start buchiDifferenceNCSB. First operand 50 states and 65 transitions. cyclomatic complexity: 23 Second operand  has 4 states, 4 states have (on average 3.0) internal successors, (12), 4 states have internal predecessors, (12), 1 states have call successors, (2), 2 states have call predecessors, (2), 1 states have return successors, (1), 1 states have call predecessors, (1), 1 states have call successors, (1)
[2026-09-30 15:34:33,671 INFO  L73     BuchiDifferenceNCSB]: Finished buchiDifferenceNCSB. First operand 50 states and 65 transitions. cyclomatic complexity: 23. Second operand  has 4 states, 4 states have (on average 3.0) internal successors, (12), 4 states have internal predecessors, (12), 1 states have call successors, (2), 2 states have call predecessors, (2), 1 states have return successors, (1), 1 states have call predecessors, (1), 1 states have call successors, (1) Result 101 states and 127 transitions. Complement of second has 9 states.
[2026-09-30 15:34:33,672 INFO  L140   InterpolantAutomaton]: Switched to read-only mode: Buchi interpolant automaton has 5 states 2 stem states 2 non-accepting loop states 1 accepting loop states 
[2026-09-30 15:34:33,672 INFO  L82        GeneralOperation]: Start removeUnreachable. Operand  has 4 states, 4 states have (on average 3.0) internal successors, (12), 4 states have internal predecessors, (12), 1 states have call successors, (2), 2 states have call predecessors, (2), 1 states have return successors, (1), 1 states have call predecessors, (1), 1 states have call successors, (1)
[2026-09-30 15:34:33,672 INFO  L88        GeneralOperation]: Finished removeUnreachable. Reduced from 5 states to 5 states and 22 transitions.
[2026-09-30 15:34:33,672 INFO  L85            BuchiAccepts]: Start buchiAccepts Operand 5 states and 22 transitions. Stem has 14 letters. Loop has 2 letters.
[2026-09-30 15:34:33,673 INFO  L117           BuchiAccepts]: Finished buchiAccepts.
[2026-09-30 15:34:33,673 INFO  L85            BuchiAccepts]: Start buchiAccepts Operand 5 states and 22 transitions. Stem has 16 letters. Loop has 2 letters.
[2026-09-30 15:34:33,673 INFO  L117           BuchiAccepts]: Finished buchiAccepts.
[2026-09-30 15:34:33,673 INFO  L85            BuchiAccepts]: Start buchiAccepts Operand 5 states and 22 transitions. Stem has 14 letters. Loop has 4 letters.
[2026-09-30 15:34:33,673 INFO  L117           BuchiAccepts]: Finished buchiAccepts.
[2026-09-30 15:34:33,673 INFO  L82        GeneralOperation]: Start removeNonLiveStates. Operand 101 states and 127 transitions.
[2026-09-30 15:34:33,675 INFO  L131   ngComponentsAnalysis]: Automaton has 1 accepting balls. 2
[2026-09-30 15:34:33,675 INFO  L88        GeneralOperation]: Finished removeNonLiveStates. Reduced from 101 states to 57 states and 69 transitions.
[2026-09-30 15:34:33,675 INFO  L87         BuchiClosureNwa]: Accepting states before buchiClosure: 9
[2026-09-30 15:34:33,675 INFO  L106        BuchiClosureNwa]: Accepting states after buchiClosure: 9
[2026-09-30 15:34:33,676 INFO  L74         IsDeterministic]: Start isDeterministic. Operand 57 states and 69 transitions.
[2026-09-30 15:34:33,676 INFO  L81         IsDeterministic]: Finished isDeterministic. Operand is not deterministic.
[2026-09-30 15:34:33,676 INFO  L218   hiAutomatonCegarLoop]: Abstraction has 57 states and 69 transitions.
[2026-09-30 15:34:33,676 INFO  L82        GeneralOperation]: Start minimizeSevpa. Operand 57 states and 69 transitions.
[2026-09-30 15:34:33,677 INFO  L88        GeneralOperation]: Finished minimizeSevpa. Reduced states from 57 to 38.
[2026-09-30 15:34:33,677 INFO  L82        GeneralOperation]: Start removeUnreachable. Operand  has 38 states, 35 states have (on average 1.2571428571428571) internal successors, (44), 34 states have internal predecessors, (44), 2 states have call successors, (2), 2 states have call predecessors, (2), 1 states have return successors, (1), 1 states have call predecessors, (1), 1 states have call successors, (1)
[2026-09-30 15:34:33,678 INFO  L88        GeneralOperation]: Finished removeUnreachable. Reduced from 38 states to 38 states and 47 transitions.
[2026-09-30 15:34:33,678 INFO  L240   hiAutomatonCegarLoop]: Abstraction has 38 states and 47 transitions.
[2026-09-30 15:34:33,678 INFO  L464   stractBuchiCegarLoop]: Abstraction has 38 states and 47 transitions.
[2026-09-30 15:34:33,678 INFO  L363   stractBuchiCegarLoop]: ======== Iteration 6 ============
[2026-09-30 15:34:33,678 INFO  L73            BuchiIsEmpty]: Start buchiIsEmpty. Operand 38 states and 47 transitions.
[2026-09-30 15:34:33,678 INFO  L131   ngComponentsAnalysis]: Automaton has 1 accepting balls. 2
[2026-09-30 15:34:33,678 INFO  L88            BuchiIsEmpty]: Finished buchiIsEmpty Result is false
[2026-09-30 15:34:33,678 INFO  L120           BuchiIsEmpty]: Starting construction of run
[2026-09-30 15:34:33,679 INFO  L148   hiAutomatonCegarLoop]: Counterexample stem histogram [3, 3, 2, 2, 2, 1, 1, 1, 1, 1, 1, 1, 1]
[2026-09-30 15:34:33,679 INFO  L149   hiAutomatonCegarLoop]: Counterexample loop histogram [1, 1]
[2026-09-30 15:34:33,679 INFO  L1146  eck$LassoCheckResult]: Stem: "call ULTIMATE.init();"< "assume true;" >"#28#return;" "call #t~ret7 := main();"< "havoc ~x~0;havoc ~y~0;havoc ~n~0;havoc #t~nondet0;assume -2147483648 <= #t~nondet0 && #t~nondet0 <= 2147483647;~n~0 := #t~nondet0;havoc #t~nondet0;havoc #t~nondet1;assume -2147483648 <= #t~nondet1 && #t~nondet1 <= 2147483647;~x~0 := #t~nondet1;havoc #t~nondet1;havoc #t~nondet2;assume -2147483648 <= #t~nondet2 && #t~nondet2 <= 2147483647;~y~0 := #t~nondet2;havoc #t~nondet2;" "assume ~x~0 >= 0;" "assume true;#t~short4 := ~y~0 >= 0;BeginParallelComposition{ParallelCodeBlock0: assume #t~short4;havoc #t~nondet3;assume -2147483648 <= #t~nondet3 && #t~nondet3 <= 2147483647;#t~short4 := 0 != #t~nondet3;ParallelCodeBlock1: assume !#t~short4;}EndParallelComposition" "assume !#t~short4;havoc #t~nondet3;havoc #t~short4;" "~x~0 := ~x~0 - 1;" "assume true;#t~short6 := ~y~0 <= ~n~0;BeginParallelComposition{ParallelCodeBlock0: assume #t~short6;havoc #t~nondet5;assume -2147483648 <= #t~nondet5 && #t~nondet5 <= 2147483647;#t~short6 := 0 != #t~nondet5;ParallelCodeBlock1: assume !#t~short6;}EndParallelComposition" "assume #t~short6;havoc #t~nondet5;havoc #t~short6;~y~0 := 1 + ~y~0;" "assume true;#t~short6 := ~y~0 <= ~n~0;BeginParallelComposition{ParallelCodeBlock0: assume #t~short6;havoc #t~nondet5;assume -2147483648 <= #t~nondet5 && #t~nondet5 <= 2147483647;#t~short6 := 0 != #t~nondet5;ParallelCodeBlock1: assume !#t~short6;}EndParallelComposition" "assume !#t~short6;havoc #t~nondet5;havoc #t~short6;" "assume ~x~0 >= 0;" "assume true;#t~short4 := ~y~0 >= 0;BeginParallelComposition{ParallelCodeBlock0: assume #t~short4;havoc #t~nondet3;assume -2147483648 <= #t~nondet3 && #t~nondet3 <= 2147483647;#t~short4 := 0 != #t~nondet3;ParallelCodeBlock1: assume !#t~short4;}EndParallelComposition" "assume #t~short4;havoc #t~nondet3;havoc #t~short4;~y~0 := ~y~0 - 1;" "assume true;#t~short4 := ~y~0 >= 0;BeginParallelComposition{ParallelCodeBlock0: assume #t~short4;havoc #t~nondet3;assume -2147483648 <= #t~nondet3 && #t~nondet3 <= 2147483647;#t~short4 := 0 != #t~nondet3;ParallelCodeBlock1: assume !#t~short4;}EndParallelComposition" "assume !#t~short4;havoc #t~nondet3;havoc #t~short4;" "~x~0 := ~x~0 - 1;" "assume true;#t~short6 := ~y~0 <= ~n~0;BeginParallelComposition{ParallelCodeBlock0: assume #t~short6;havoc #t~nondet5;assume -2147483648 <= #t~nondet5 && #t~nondet5 <= 2147483647;#t~short6 := 0 != #t~nondet5;ParallelCodeBlock1: assume !#t~short6;}EndParallelComposition" 
[2026-09-30 15:34:33,679 INFO  L1148  eck$LassoCheckResult]: Loop: "assume #t~short6;havoc #t~nondet5;havoc #t~short6;~y~0 := 1 + ~y~0;" "assume true;#t~short6 := ~y~0 <= ~n~0;BeginParallelComposition{ParallelCodeBlock0: assume #t~short6;havoc #t~nondet5;assume -2147483648 <= #t~nondet5 && #t~nondet5 <= 2147483647;#t~short6 := 0 != #t~nondet5;ParallelCodeBlock1: assume !#t~short6;}EndParallelComposition" 
[2026-09-30 15:34:33,679 INFO  L160       PredicateUnifier]: Initialized classic predicate unifier
[2026-09-30 15:34:33,679 INFO  L86        PathProgramCache]: Analyzing trace with hash 2088731194, now seen corresponding path program 2 times
[2026-09-30 15:34:33,679 INFO  L118   FreeRefinementEngine]: Executing refinement strategy FIXED_PREFERENCES
[2026-09-30 15:34:33,679 INFO  L324   FreeRefinementEngine]: Using trace check IpTcStrategyModulePreferences [1425531413]
[2026-09-30 15:34:33,679 INFO  L97    rtionOrderModulation]: Keeping assertion order NOT_INCREMENTALLY
[2026-09-30 15:34:33,679 INFO  L127          SolverBuilder]: Constructing new instance of SMTInterpol with explicit timeout -1 ms and remaining time -1 ms
[2026-09-30 15:34:33,684 INFO  L108    AnnotateAndAsserter]: Assert order NOT_INCREMENTALLY partitioned 20 statements into 1 equivalence classes.
[2026-09-30 15:34:33,689 INFO  L111    AnnotateAndAsserter]: Assert order NOT_INCREMENTALLY issued 1 check-sat command(s) and asserted 20 of 20 statements.
[2026-09-30 15:34:33,689 INFO  L114    AnnotateAndAsserter]: Assert order NOT_INCREMENTALLY issued 1 check-sat command(s)
[2026-09-30 15:34:33,689 INFO  L115    AnnotateAndAsserter]: Conjunction of SSA is sat
[2026-09-30 15:34:33,689 INFO  L348             TraceCheck]: Trace is feasible, we will do another trace check, this time with branch encoders.
[2026-09-30 15:34:33,691 INFO  L108    AnnotateAndAsserter]: Assert order NOT_INCREMENTALLY partitioned 20 statements into 1 equivalence classes.
[2026-09-30 15:34:33,694 INFO  L111    AnnotateAndAsserter]: Assert order NOT_INCREMENTALLY issued 1 check-sat command(s) and asserted 20 of 20 statements.
[2026-09-30 15:34:33,695 INFO  L114    AnnotateAndAsserter]: Assert order NOT_INCREMENTALLY issued 1 check-sat command(s)
[2026-09-30 15:34:33,695 INFO  L115    AnnotateAndAsserter]: Conjunction of SSA is sat
[2026-09-30 15:34:33,696 INFO  L130   FreeRefinementEngine]: Strategy FIXED_PREFERENCES found a feasible trace
[2026-09-30 15:34:33,697 INFO  L160       PredicateUnifier]: Initialized classic predicate unifier
[2026-09-30 15:34:33,697 INFO  L86        PathProgramCache]: Analyzing trace with hash 1240, now seen corresponding path program 2 times
[2026-09-30 15:34:33,697 INFO  L118   FreeRefinementEngine]: Executing refinement strategy FIXED_PREFERENCES
[2026-09-30 15:34:33,697 INFO  L324   FreeRefinementEngine]: Using trace check IpTcStrategyModulePreferences [682862454]
[2026-09-30 15:34:33,697 INFO  L97    rtionOrderModulation]: Keeping assertion order NOT_INCREMENTALLY
[2026-09-30 15:34:33,697 INFO  L127          SolverBuilder]: Constructing new instance of SMTInterpol with explicit timeout -1 ms and remaining time -1 ms
[2026-09-30 15:34:33,699 INFO  L108    AnnotateAndAsserter]: Assert order NOT_INCREMENTALLY partitioned 2 statements into 1 equivalence classes.
[2026-09-30 15:34:33,700 INFO  L111    AnnotateAndAsserter]: Assert order NOT_INCREMENTALLY issued 1 check-sat command(s) and asserted 2 of 2 statements.
[2026-09-30 15:34:33,700 INFO  L114    AnnotateAndAsserter]: Assert order NOT_INCREMENTALLY issued 1 check-sat command(s)
[2026-09-30 15:34:33,700 INFO  L115    AnnotateAndAsserter]: Conjunction of SSA is sat
[2026-09-30 15:34:33,700 INFO  L348             TraceCheck]: Trace is feasible, we will do another trace check, this time with branch encoders.
[2026-09-30 15:34:33,701 INFO  L108    AnnotateAndAsserter]: Assert order NOT_INCREMENTALLY partitioned 2 statements into 1 equivalence classes.
[2026-09-30 15:34:33,702 INFO  L111    AnnotateAndAsserter]: Assert order NOT_INCREMENTALLY issued 1 check-sat command(s) and asserted 2 of 2 statements.
[2026-09-30 15:34:33,702 INFO  L114    AnnotateAndAsserter]: Assert order NOT_INCREMENTALLY issued 1 check-sat command(s)
[2026-09-30 15:34:33,702 INFO  L115    AnnotateAndAsserter]: Conjunction of SSA is sat
[2026-09-30 15:34:33,703 INFO  L130   FreeRefinementEngine]: Strategy FIXED_PREFERENCES found a feasible trace
[2026-09-30 15:34:33,703 INFO  L160       PredicateUnifier]: Initialized classic predicate unifier
[2026-09-30 15:34:33,703 INFO  L86        PathProgramCache]: Analyzing trace with hash 1520950481, now seen corresponding path program 3 times
[2026-09-30 15:34:33,703 INFO  L118   FreeRefinementEngine]: Executing refinement strategy FIXED_PREFERENCES
[2026-09-30 15:34:33,703 INFO  L324   FreeRefinementEngine]: Using trace check IpTcStrategyModulePreferences [1581083224]
[2026-09-30 15:34:33,703 INFO  L97    rtionOrderModulation]: Keeping assertion order NOT_INCREMENTALLY
[2026-09-30 15:34:33,703 INFO  L127          SolverBuilder]: Constructing new instance of SMTInterpol with explicit timeout -1 ms and remaining time -1 ms
[2026-09-30 15:34:33,708 INFO  L108    AnnotateAndAsserter]: Assert order NOT_INCREMENTALLY partitioned 22 statements into 1 equivalence classes.
[2026-09-30 15:34:33,712 INFO  L111    AnnotateAndAsserter]: Assert order NOT_INCREMENTALLY issued 1 check-sat command(s) and asserted 22 of 22 statements.
[2026-09-30 15:34:33,712 INFO  L114    AnnotateAndAsserter]: Assert order NOT_INCREMENTALLY issued 1 check-sat command(s)
[2026-09-30 15:34:33,713 INFO  L115    AnnotateAndAsserter]: Conjunction of SSA is sat
[2026-09-30 15:34:33,713 INFO  L348             TraceCheck]: Trace is feasible, we will do another trace check, this time with branch encoders.
[2026-09-30 15:34:33,714 INFO  L108    AnnotateAndAsserter]: Assert order NOT_INCREMENTALLY partitioned 22 statements into 1 equivalence classes.
[2026-09-30 15:34:33,719 INFO  L111    AnnotateAndAsserter]: Assert order NOT_INCREMENTALLY issued 1 check-sat command(s) and asserted 22 of 22 statements.
[2026-09-30 15:34:33,720 INFO  L114    AnnotateAndAsserter]: Assert order NOT_INCREMENTALLY issued 1 check-sat command(s)
[2026-09-30 15:34:33,720 INFO  L115    AnnotateAndAsserter]: Conjunction of SSA is sat
[2026-09-30 15:34:33,721 INFO  L130   FreeRefinementEngine]: Strategy FIXED_PREFERENCES found a feasible trace
[2026-09-30 15:34:33,764 INFO  L214          LassoAnalysis]: Preferences:
[2026-09-30 15:34:33,764 INFO  L125   ssoRankerPreferences]: Compute integeral hull: false
[2026-09-30 15:34:33,764 INFO  L126   ssoRankerPreferences]: Enable LassoPartitioneer: false
[2026-09-30 15:34:33,764 INFO  L127   ssoRankerPreferences]: Term annotations enabled: false
[2026-09-30 15:34:33,764 INFO  L128   ssoRankerPreferences]: Use exernal solver: true
[2026-09-30 15:34:33,764 INFO  L129   ssoRankerPreferences]: SMT solver command: z3 SMTLIB2_COMPLIANT=true -memory:1024 -smt2 -in -t:12000
[2026-09-30 15:34:33,764 INFO  L130   ssoRankerPreferences]: Dump SMT script to file: false
[2026-09-30 15:34:33,765 INFO  L131   ssoRankerPreferences]: Path of dumped script: 
[2026-09-30 15:34:33,765 INFO  L132   ssoRankerPreferences]: Filename of dumped script: AliasDarteFeautrierGonnord-SAS2010-counterex1b_true-termination.c_Iteration6_Loop
[2026-09-30 15:34:33,765 INFO  L133   ssoRankerPreferences]: MapElimAlgo: Matthias
[2026-09-30 15:34:33,765 INFO  L251          LassoAnalysis]: Starting lasso preprocessing...
[2026-09-30 15:34:33,798 INFO  L270          LassoAnalysis]: Preprocessing complete.
[2026-09-30 15:34:33,798 INFO  L387          LassoAnalysis]: Checking for nontermination...
[2026-09-30 15:34:33,798 INFO  L173          SolverBuilder]: Constructing external solver with command: z3 SMTLIB2_COMPLIANT=true -memory:1024 -smt2 -in -t:12000
[2026-09-30 15:34:33,798 INFO  L189       MonitoredProcess]: No working directory specified, using /home/anissa/.local/bin/z3
[2026-09-30 15:34:33,800 INFO  L229       MonitoredProcess]: Starting monitored process 14 with /home/anissa/.local/bin/z3 SMTLIB2_COMPLIANT=true -memory:1024 -smt2 -in -t:12000 (exit command is (exit), workingDir is null)
[2026-09-30 15:34:33,801 INFO  L327       MonitoredProcess]: [MP /home/anissa/.local/bin/z3 SMTLIB2_COMPLIANT=true -memory:1024 -smt2 -in -t:12000 (14)] Waiting until timeout for monitored process
[2026-09-30 15:34:33,802 INFO  L148   nArgumentSynthesizer]: Nontermination analysis: LINEAR Allow bounded executions: true Number of generalized eigenvectors: 0 Nilpotent components: true
[2026-09-30 15:34:33,802 INFO  L160   nArgumentSynthesizer]: Using integer mode.
[2026-09-30 15:34:33,816 INFO  L546       MonitoredProcess]: [MP /home/anissa/.local/bin/z3 SMTLIB2_COMPLIANT=true -memory:1024 -smt2 -in -t:12000 (14)] Ended with exit code 0
[2026-09-30 15:34:33,816 INFO  L173          SolverBuilder]: Constructing external solver with command: z3 SMTLIB2_COMPLIANT=true -memory:1024 -smt2 -in -t:12000
[2026-09-30 15:34:33,817 INFO  L189       MonitoredProcess]: No working directory specified, using /home/anissa/.local/bin/z3
[2026-09-30 15:34:33,819 INFO  L229       MonitoredProcess]: Starting monitored process 15 with /home/anissa/.local/bin/z3 SMTLIB2_COMPLIANT=true -memory:1024 -smt2 -in -t:12000 (exit command is (exit), workingDir is null)
[2026-09-30 15:34:33,820 INFO  L327       MonitoredProcess]: [MP /home/anissa/.local/bin/z3 SMTLIB2_COMPLIANT=true -memory:1024 -smt2 -in -t:12000 (15)] Waiting until timeout for monitored process
[2026-09-30 15:34:33,821 INFO  L148   nArgumentSynthesizer]: Nontermination analysis: LINEAR Allow bounded executions: true Number of generalized eigenvectors: 3 Nilpotent components: true
[2026-09-30 15:34:33,821 INFO  L160   nArgumentSynthesizer]: Using integer mode.
[2026-09-30 15:34:33,840 INFO  L546       MonitoredProcess]: [MP /home/anissa/.local/bin/z3 SMTLIB2_COMPLIANT=true -memory:1024 -smt2 -in -t:12000 (15)] Ended with exit code 0
[2026-09-30 15:34:33,840 INFO  L429          LassoAnalysis]: Proving nontermination failed: No geometric nontermination argument exists.
[2026-09-30 15:34:33,840 INFO  L214          LassoAnalysis]: Preferences:
[2026-09-30 15:34:33,840 INFO  L125   ssoRankerPreferences]: Compute integeral hull: false
[2026-09-30 15:34:33,841 INFO  L126   ssoRankerPreferences]: Enable LassoPartitioneer: false
[2026-09-30 15:34:33,841 INFO  L127   ssoRankerPreferences]: Term annotations enabled: false
[2026-09-30 15:34:33,841 INFO  L128   ssoRankerPreferences]: Use exernal solver: true
[2026-09-30 15:34:33,841 INFO  L129   ssoRankerPreferences]: SMT solver command: z3 SMTLIB2_COMPLIANT=true -memory:1024 -smt2 -in -t:12000
[2026-09-30 15:34:33,841 INFO  L130   ssoRankerPreferences]: Dump SMT script to file: false
[2026-09-30 15:34:33,841 INFO  L131   ssoRankerPreferences]: Path of dumped script: 
[2026-09-30 15:34:33,841 INFO  L132   ssoRankerPreferences]: Filename of dumped script: AliasDarteFeautrierGonnord-SAS2010-counterex1b_true-termination.c_Iteration6_Loop
[2026-09-30 15:34:33,841 INFO  L133   ssoRankerPreferences]: MapElimAlgo: Matthias
[2026-09-30 15:34:33,841 INFO  L251          LassoAnalysis]: Starting lasso preprocessing...
[2026-09-30 15:34:33,869 INFO  L270          LassoAnalysis]: Preprocessing complete.
[2026-09-30 15:34:33,871 INFO  L189       MonitoredProcess]: No working directory specified, using /home/anissa/Documents/Tools/PaSTTeL/pasttel/bin/pasttel
[2026-09-30 15:34:33,872 INFO  L229       MonitoredProcess]: Starting monitored process 16 with /home/anissa/Documents/Tools/PaSTTeL/pasttel/bin/pasttel -a terminate -o json -t 20 -c 5 -q -val /tmp/pasttel_lasso_6848540378309009294.json (exit command is null, workingDir is null)
[2026-09-30 15:34:33,873 INFO  L290       MonitoredProcess]: [MP /home/anissa/Documents/Tools/PaSTTeL/pasttel/bin/pasttel -a terminate -o json -t 20 -c 5 -q -val /tmp/pasttel_lasso_6848540378309009294.json (16)] Waiting 25000 ms for monitored process
[2026-09-30 15:34:33,964 INFO  L546       MonitoredProcess]: [MP /home/anissa/Documents/Tools/PaSTTeL/pasttel/bin/pasttel -a terminate -o json -t 20 -c 5 -q -val /tmp/pasttel_lasso_6848540378309009294.json (16)] Ended with exit code 0
[2026-09-30 15:34:33,965 INFO  L612             LassoCheck]: PaSTTeL termination check: SUCCESS via RankingBased(2-4-MultiphaseTemplate), ranking function 2-phase ranking function:
  f0 = 2*main_~n~0 - 2*main_~y~0 + 1*v_rep~unnamed0~0~false_10 + 1*v_rep~unnamed0~0~true_10 + 2
  f1 = -2*main_~n~0 + 2*main_~y~0 + 9*v_rep(ite main_#t~short6 1 0)_6 + 1*v_rep~unnamed0~0~false_10 + 1*v_rep~unnamed0~0~true_10 - 12
[2026-09-30 15:34:33,966 INFO  L156   tatePredicateManager]: 0 out of 0 supporting invariants were superfluous and have been removed
[2026-09-30 15:34:33,968 WARN  L873   BoogieBacktranslator]: Unfinished Backtranslation: Unknown variable: ~unnamed0~0~false
[2026-09-30 15:34:33,969 WARN  L873   BoogieBacktranslator]: Unfinished Backtranslation: Unknown variable: ~unnamed0~0~true
[2026-09-30 15:34:33,969 WARN  L873   BoogieBacktranslator]: Unfinished Backtranslation: Unknown variable: ~unnamed0~0~false
[2026-09-30 15:34:33,969 WARN  L873   BoogieBacktranslator]: Unfinished Backtranslation: Unknown variable: ~unnamed0~0~true
[2026-09-30 15:34:33,978 INFO  L160       PredicateUnifier]: Initialized classic predicate unifier
[2026-09-30 15:34:33,982 INFO  L108    AnnotateAndAsserter]: Assert order NOT_INCREMENTALLY partitioned 20 statements into 1 equivalence classes.
[2026-09-30 15:34:33,987 INFO  L111    AnnotateAndAsserter]: Assert order NOT_INCREMENTALLY issued 1 check-sat command(s) and asserted 20 of 20 statements.
[2026-09-30 15:34:33,987 INFO  L114    AnnotateAndAsserter]: Assert order NOT_INCREMENTALLY issued 1 check-sat command(s)
[2026-09-30 15:34:33,988 INFO  L115    AnnotateAndAsserter]: Conjunction of SSA is unsat
[2026-09-30 15:34:33,988 INFO  L256         TraceCheckSpWp]: Trace formula consists of 99 conjuncts, 6 conjuncts are in the unsatisfiable core
[2026-09-30 15:34:33,989 INFO  L279         TraceCheckSpWp]: Computing forward predicates...
[2026-09-30 15:34:34,013 INFO  L108    AnnotateAndAsserter]: Assert order NOT_INCREMENTALLY partitioned 2 statements into 1 equivalence classes.
[2026-09-30 15:34:34,014 INFO  L111    AnnotateAndAsserter]: Assert order NOT_INCREMENTALLY issued 1 check-sat command(s) and asserted 2 of 2 statements.
[2026-09-30 15:34:34,014 INFO  L114    AnnotateAndAsserter]: Assert order NOT_INCREMENTALLY issued 1 check-sat command(s)
[2026-09-30 15:34:34,014 INFO  L115    AnnotateAndAsserter]: Conjunction of SSA is unsat
[2026-09-30 15:34:34,014 WARN  L254         TraceCheckSpWp]: Trace formula consists of 8 conjuncts, 8 conjuncts are in the unsatisfiable core
[2026-09-30 15:34:34,015 INFO  L279         TraceCheckSpWp]: Computing forward predicates...
[2026-09-30 15:34:34,048 INFO  L134       CoverageAnalysis]: Checked inductivity of 0 backedges. 0 proven. 0 refuted. 0 times theorem prover too weak. 0 trivial. 0 not checked.
[2026-09-30 15:34:34,049 INFO  L141   lantAutomatonBouncer]: Defining deterministic Buchi interpolant automaton with honda bouncer for stem and without honda bouncer for loop.2 stem predicates 2 loop predicates 
[2026-09-30 15:34:34,049 INFO  L69     BuchiDifferenceNCSB]: Start buchiDifferenceNCSB. First operand 38 states and 47 transitions. cyclomatic complexity: 13 Second operand  has 4 states, 4 states have (on average 3.25) internal successors, (13), 4 states have internal predecessors, (13), 1 states have call successors, (2), 2 states have call predecessors, (2), 1 states have return successors, (1), 1 states have call predecessors, (1), 1 states have call successors, (1)
[2026-09-30 15:34:34,072 INFO  L73     BuchiDifferenceNCSB]: Finished buchiDifferenceNCSB. First operand 38 states and 47 transitions. cyclomatic complexity: 13. Second operand  has 4 states, 4 states have (on average 3.25) internal successors, (13), 4 states have internal predecessors, (13), 1 states have call successors, (2), 2 states have call predecessors, (2), 1 states have return successors, (1), 1 states have call predecessors, (1), 1 states have call successors, (1) Result 50 states and 63 transitions. Complement of second has 6 states.
[2026-09-30 15:34:34,073 INFO  L140   InterpolantAutomaton]: Switched to read-only mode: Buchi interpolant automaton has 4 states 2 stem states 1 non-accepting loop states 1 accepting loop states 
[2026-09-30 15:34:34,073 INFO  L82        GeneralOperation]: Start removeUnreachable. Operand  has 4 states, 4 states have (on average 3.25) internal successors, (13), 4 states have internal predecessors, (13), 1 states have call successors, (2), 2 states have call predecessors, (2), 1 states have return successors, (1), 1 states have call predecessors, (1), 1 states have call successors, (1)
[2026-09-30 15:34:34,074 INFO  L88        GeneralOperation]: Finished removeUnreachable. Reduced from 4 states to 4 states and 13 transitions.
[2026-09-30 15:34:34,074 INFO  L85            BuchiAccepts]: Start buchiAccepts Operand 4 states and 13 transitions. Stem has 20 letters. Loop has 2 letters.
[2026-09-30 15:34:34,074 INFO  L117           BuchiAccepts]: Finished buchiAccepts.
[2026-09-30 15:34:34,074 INFO  L742   stractBuchiCegarLoop]: Bad chosen interpolant automaton: word not accepted
[2026-09-30 15:34:34,084 INFO  L160       PredicateUnifier]: Initialized classic predicate unifier
[2026-09-30 15:34:34,088 INFO  L108    AnnotateAndAsserter]: Assert order NOT_INCREMENTALLY partitioned 20 statements into 1 equivalence classes.
[2026-09-30 15:34:34,094 INFO  L111    AnnotateAndAsserter]: Assert order NOT_INCREMENTALLY issued 1 check-sat command(s) and asserted 20 of 20 statements.
[2026-09-30 15:34:34,094 INFO  L114    AnnotateAndAsserter]: Assert order NOT_INCREMENTALLY issued 1 check-sat command(s)
[2026-09-30 15:34:34,094 INFO  L115    AnnotateAndAsserter]: Conjunction of SSA is unsat
[2026-09-30 15:34:34,095 INFO  L256         TraceCheckSpWp]: Trace formula consists of 99 conjuncts, 6 conjuncts are in the unsatisfiable core
[2026-09-30 15:34:34,095 INFO  L279         TraceCheckSpWp]: Computing forward predicates...
[2026-09-30 15:34:34,124 INFO  L108    AnnotateAndAsserter]: Assert order NOT_INCREMENTALLY partitioned 2 statements into 1 equivalence classes.
[2026-09-30 15:34:34,126 INFO  L111    AnnotateAndAsserter]: Assert order NOT_INCREMENTALLY issued 1 check-sat command(s) and asserted 2 of 2 statements.
[2026-09-30 15:34:34,126 INFO  L114    AnnotateAndAsserter]: Assert order NOT_INCREMENTALLY issued 1 check-sat command(s)
[2026-09-30 15:34:34,126 INFO  L115    AnnotateAndAsserter]: Conjunction of SSA is unsat
[2026-09-30 15:34:34,126 WARN  L254         TraceCheckSpWp]: Trace formula consists of 8 conjuncts, 8 conjuncts are in the unsatisfiable core
[2026-09-30 15:34:34,127 INFO  L279         TraceCheckSpWp]: Computing forward predicates...
[2026-09-30 15:34:34,158 INFO  L134       CoverageAnalysis]: Checked inductivity of 0 backedges. 0 proven. 0 refuted. 0 times theorem prover too weak. 0 trivial. 0 not checked.
[2026-09-30 15:34:34,158 INFO  L141   lantAutomatonBouncer]: Defining deterministic Buchi interpolant automaton with honda bouncer for stem and with honda bouncer for loop.2 stem predicates 2 loop predicates 
[2026-09-30 15:34:34,159 INFO  L69     BuchiDifferenceNCSB]: Start buchiDifferenceNCSB. First operand 38 states and 47 transitions. cyclomatic complexity: 13 Second operand  has 4 states, 4 states have (on average 3.25) internal successors, (13), 4 states have internal predecessors, (13), 1 states have call successors, (2), 2 states have call predecessors, (2), 1 states have return successors, (1), 1 states have call predecessors, (1), 1 states have call successors, (1)
[2026-09-30 15:34:34,180 INFO  L73     BuchiDifferenceNCSB]: Finished buchiDifferenceNCSB. First operand 38 states and 47 transitions. cyclomatic complexity: 13. Second operand  has 4 states, 4 states have (on average 3.25) internal successors, (13), 4 states have internal predecessors, (13), 1 states have call successors, (2), 2 states have call predecessors, (2), 1 states have return successors, (1), 1 states have call predecessors, (1), 1 states have call successors, (1) Result 50 states and 63 transitions. Complement of second has 6 states.
[2026-09-30 15:34:34,180 INFO  L140   InterpolantAutomaton]: Switched to read-only mode: Buchi interpolant automaton has 4 states 2 stem states 1 non-accepting loop states 1 accepting loop states 
[2026-09-30 15:34:34,181 INFO  L82        GeneralOperation]: Start removeUnreachable. Operand  has 4 states, 4 states have (on average 3.25) internal successors, (13), 4 states have internal predecessors, (13), 1 states have call successors, (2), 2 states have call predecessors, (2), 1 states have return successors, (1), 1 states have call predecessors, (1), 1 states have call successors, (1)
[2026-09-30 15:34:34,181 INFO  L88        GeneralOperation]: Finished removeUnreachable. Reduced from 4 states to 4 states and 13 transitions.
[2026-09-30 15:34:34,181 INFO  L85            BuchiAccepts]: Start buchiAccepts Operand 4 states and 13 transitions. Stem has 20 letters. Loop has 2 letters.
[2026-09-30 15:34:34,181 INFO  L117           BuchiAccepts]: Finished buchiAccepts.
[2026-09-30 15:34:34,181 INFO  L742   stractBuchiCegarLoop]: Bad chosen interpolant automaton: word not accepted
[2026-09-30 15:34:34,189 INFO  L160       PredicateUnifier]: Initialized classic predicate unifier
[2026-09-30 15:34:34,193 INFO  L108    AnnotateAndAsserter]: Assert order NOT_INCREMENTALLY partitioned 20 statements into 1 equivalence classes.
[2026-09-30 15:34:34,199 INFO  L111    AnnotateAndAsserter]: Assert order NOT_INCREMENTALLY issued 1 check-sat command(s) and asserted 20 of 20 statements.
[2026-09-30 15:34:34,199 INFO  L114    AnnotateAndAsserter]: Assert order NOT_INCREMENTALLY issued 1 check-sat command(s)
[2026-09-30 15:34:34,199 INFO  L115    AnnotateAndAsserter]: Conjunction of SSA is unsat
[2026-09-30 15:34:34,200 INFO  L256         TraceCheckSpWp]: Trace formula consists of 99 conjuncts, 6 conjuncts are in the unsatisfiable core
[2026-09-30 15:34:34,201 INFO  L279         TraceCheckSpWp]: Computing forward predicates...
[2026-09-30 15:34:34,231 INFO  L108    AnnotateAndAsserter]: Assert order NOT_INCREMENTALLY partitioned 2 statements into 1 equivalence classes.
[2026-09-30 15:34:34,232 INFO  L111    AnnotateAndAsserter]: Assert order NOT_INCREMENTALLY issued 1 check-sat command(s) and asserted 2 of 2 statements.
[2026-09-30 15:34:34,232 INFO  L114    AnnotateAndAsserter]: Assert order NOT_INCREMENTALLY issued 1 check-sat command(s)
[2026-09-30 15:34:34,232 INFO  L115    AnnotateAndAsserter]: Conjunction of SSA is unsat
[2026-09-30 15:34:34,233 WARN  L254         TraceCheckSpWp]: Trace formula consists of 8 conjuncts, 8 conjuncts are in the unsatisfiable core
[2026-09-30 15:34:34,233 INFO  L279         TraceCheckSpWp]: Computing forward predicates...
[2026-09-30 15:34:34,263 INFO  L134       CoverageAnalysis]: Checked inductivity of 0 backedges. 0 proven. 0 refuted. 0 times theorem prover too weak. 0 trivial. 0 not checked.
[2026-09-30 15:34:34,263 INFO  L141   lantAutomatonBouncer]: Defining Buchi interpolant automaton with scrooge nondeterminism in stemwith honda bouncer for stem and without honda bouncer for loop.2 stem predicates 2 loop predicates 
[2026-09-30 15:34:34,264 INFO  L69     BuchiDifferenceNCSB]: Start buchiDifferenceNCSB. First operand 38 states and 47 transitions. cyclomatic complexity: 13 Second operand  has 4 states, 4 states have (on average 3.25) internal successors, (13), 4 states have internal predecessors, (13), 1 states have call successors, (2), 2 states have call predecessors, (2), 1 states have return successors, (1), 1 states have call predecessors, (1), 1 states have call successors, (1)
[2026-09-30 15:34:34,288 INFO  L73     BuchiDifferenceNCSB]: Finished buchiDifferenceNCSB. First operand 38 states and 47 transitions. cyclomatic complexity: 13. Second operand  has 4 states, 4 states have (on average 3.25) internal successors, (13), 4 states have internal predecessors, (13), 1 states have call successors, (2), 2 states have call predecessors, (2), 1 states have return successors, (1), 1 states have call predecessors, (1), 1 states have call successors, (1) Result 42 states and 53 transitions. Complement of second has 5 states.
[2026-09-30 15:34:34,288 INFO  L140   InterpolantAutomaton]: Switched to read-only mode: Buchi interpolant automaton has 4 states 2 stem states 1 non-accepting loop states 1 accepting loop states 
[2026-09-30 15:34:34,289 INFO  L82        GeneralOperation]: Start removeUnreachable. Operand  has 4 states, 4 states have (on average 3.25) internal successors, (13), 4 states have internal predecessors, (13), 1 states have call successors, (2), 2 states have call predecessors, (2), 1 states have return successors, (1), 1 states have call predecessors, (1), 1 states have call successors, (1)
[2026-09-30 15:34:34,289 INFO  L88        GeneralOperation]: Finished removeUnreachable. Reduced from 4 states to 4 states and 16 transitions.
[2026-09-30 15:34:34,289 INFO  L85            BuchiAccepts]: Start buchiAccepts Operand 4 states and 16 transitions. Stem has 20 letters. Loop has 2 letters.
[2026-09-30 15:34:34,289 INFO  L117           BuchiAccepts]: Finished buchiAccepts.
[2026-09-30 15:34:34,289 INFO  L85            BuchiAccepts]: Start buchiAccepts Operand 4 states and 16 transitions. Stem has 22 letters. Loop has 2 letters.
[2026-09-30 15:34:34,289 INFO  L117           BuchiAccepts]: Finished buchiAccepts.
[2026-09-30 15:34:34,289 INFO  L85            BuchiAccepts]: Start buchiAccepts Operand 4 states and 16 transitions. Stem has 20 letters. Loop has 4 letters.
[2026-09-30 15:34:34,289 INFO  L117           BuchiAccepts]: Finished buchiAccepts.
[2026-09-30 15:34:34,290 INFO  L82        GeneralOperation]: Start removeNonLiveStates. Operand 42 states and 53 transitions.
[2026-09-30 15:34:34,290 INFO  L131   ngComponentsAnalysis]: Automaton has 0 accepting balls. 0
[2026-09-30 15:34:34,290 INFO  L88        GeneralOperation]: Finished removeNonLiveStates. Reduced from 42 states to 0 states and 0 transitions.
[2026-09-30 15:34:34,290 INFO  L87         BuchiClosureNwa]: Accepting states before buchiClosure: 0
[2026-09-30 15:34:34,290 INFO  L106        BuchiClosureNwa]: Accepting states after buchiClosure: 0
[2026-09-30 15:34:34,290 INFO  L74         IsDeterministic]: Start isDeterministic. Operand 0 states and 0 transitions.
[2026-09-30 15:34:34,290 INFO  L81         IsDeterministic]: Finished isDeterministic. Operand is deterministic.
[2026-09-30 15:34:34,290 INFO  L218   hiAutomatonCegarLoop]: Abstraction has 0 states and 0 transitions.
[2026-09-30 15:34:34,290 INFO  L240   hiAutomatonCegarLoop]: Abstraction has 0 states and 0 transitions.
[2026-09-30 15:34:34,290 INFO  L464   stractBuchiCegarLoop]: Abstraction has 0 states and 0 transitions.
[2026-09-30 15:34:34,290 INFO  L363   stractBuchiCegarLoop]: ======== Iteration 7 ============
[2026-09-30 15:34:34,291 INFO  L73            BuchiIsEmpty]: Start buchiIsEmpty. Operand 0 states and 0 transitions.
[2026-09-30 15:34:34,291 INFO  L131   ngComponentsAnalysis]: Automaton has 0 accepting balls. 0
[2026-09-30 15:34:34,291 INFO  L88            BuchiIsEmpty]: Finished buchiIsEmpty Result is true
[2026-09-30 15:34:34,295 INFO  L201        PluginConnector]: Adding new model de.uni_freiburg.informatik.ultimate.plugins.generator.buchiautomizer CFG 30.09 03:34:34 BoogieIcfgContainer
[2026-09-30 15:34:34,295 INFO  L131        PluginConnector]: ------------------------ END BuchiAutomizer----------------------------
[2026-09-30 15:34:34,296 INFO  L158              Benchmark]: Toolchain (without parser) took 2953,56ms. Allocated memory is still 536,9MB. Free memory was 504,1MB in the beginning and 321,9MB in the end (delta: 182,2MB). Peak memory consumption was 185,8MB. Max. memory is 12,9GB.
[2026-09-30 15:34:34,296 INFO  L158              Benchmark]: CDTParser took 0,16ms. Allocated memory is still 536,9MB. Free memory is still 494,5MB. There was no memory consumed. Max. memory is 12,9GB.
[2026-09-30 15:34:34,296 INFO  L158              Benchmark]: CACSL2BoogieTranslator took 130,16ms. Allocated memory is still 536,9MB. Free memory was 504,1MB in the beginning and 488,4MB in the end (delta: 15,7MB). Peak memory consumption was 16,8MB. Max. memory is 12,9GB.
[2026-09-30 15:34:34,296 INFO  L158              Benchmark]: Boogie Preprocessor took 11,72ms. Allocated memory is still 536,9MB. Free memory was 488,4MB in the beginning and 486,2MB in the end (delta: 2,2MB). There was no memory consumed. Max. memory is 12,9GB.
[2026-09-30 15:34:34,296 INFO  L158              Benchmark]: IcfgBuilder took 156,38ms. Allocated memory is still 536,9MB. Free memory was 486,2MB in the beginning and 471,0MB in the end (delta: 15,3MB). Peak memory consumption was 16,8MB. Max. memory is 12,9GB.
[2026-09-30 15:34:34,296 INFO  L158              Benchmark]: BuchiAutomizer took 2652,06ms. Allocated memory is still 536,9MB. Free memory was 471,0MB in the beginning and 321,9MB in the end (delta: 149,1MB). Peak memory consumption was 152,3MB. Max. memory is 12,9GB.
[2026-09-30 15:34:34,297 INFO  L338   ainManager$Toolchain]: #######################  End [Toolchain 1] #######################
 --- Results ---
 * Results from de.uni_freiburg.informatik.ultimate.core:
  - StatisticsResult: Toolchain Benchmarks
    Benchmark results are:
 * CDTParser took 0,16ms. Allocated memory is still 536,9MB. Free memory is still 494,5MB. There was no memory consumed. Max. memory is 12,9GB.
 * CACSL2BoogieTranslator took 130,16ms. Allocated memory is still 536,9MB. Free memory was 504,1MB in the beginning and 488,4MB in the end (delta: 15,7MB). Peak memory consumption was 16,8MB. Max. memory is 12,9GB.
 * Boogie Preprocessor took 11,72ms. Allocated memory is still 536,9MB. Free memory was 488,4MB in the beginning and 486,2MB in the end (delta: 2,2MB). There was no memory consumed. Max. memory is 12,9GB.
 * IcfgBuilder took 156,38ms. Allocated memory is still 536,9MB. Free memory was 486,2MB in the beginning and 471,0MB in the end (delta: 15,3MB). Peak memory consumption was 16,8MB. Max. memory is 12,9GB.
 * BuchiAutomizer took 2652,06ms. Allocated memory is still 536,9MB. Free memory was 471,0MB in the beginning and 321,9MB in the end (delta: 149,1MB). Peak memory consumption was 152,3MB. Max. memory is 12,9GB.
 * Results from de.uni_freiburg.informatik.ultimate.plugins.generator.cacsl2boogietranslator:
  - GenericResult: Unfinished Backtranslation
    Unfinished Backtranslation: Unknown variable: ~unnamed0~0~false
  - GenericResult: Unfinished Backtranslation
    Unfinished Backtranslation: Unknown variable: ~unnamed0~0~true
  - GenericResult: Unfinished Backtranslation
    Unfinished Backtranslation: Unknown variable: ~unnamed0~0~false
  - GenericResult: Unfinished Backtranslation
    Unfinished Backtranslation: Unknown variable: ~unnamed0~0~true
 * Results from de.uni_freiburg.informatik.ultimate.plugins.generator.traceabstraction:
  - StatisticsResult: Constructed decomposition of program
    Your program was decomposed into 6 terminating modules (1 trivial, 3 deterministic, 2 nondeterministic). One deterministic module has affine ranking function x and consists of 5 locations. One deterministic module has affine ranking function y and consists of 5 locations. One deterministic module has affine ranking function n + (long) -1 * y and consists of 5 locations. One nondeterministic module has affine ranking function y and consists of 5 locations. One nondeterministic module has 2-phase ranking function null, null and consists of 4 locations. 1 modules have a trivial ranking function, the largest among these consists of 2 locations.
  - StatisticsResult: Timing statistics
    BüchiAutomizer plugin needed 2.6s and 7 iterations.  TraceHistogramMax:3. Analysis of lassos took 1.4s. Construction of modules took 0.0s. Büchi inclusion checks took 1.0s. Highest rank in rank-based complementation 3. Minimization of det autom 2. Minimization of nondet autom 4. Automata minimization 0,0s AutomataMinimizationTime, 5 MinimizatonAttempts, 25 StatesRemovedByMinimization, 3 NontrivialMinimizations. Non-live state removal took 0.0s Buchi closure took 0.0s. Biggest automaton had -1 states and ocurred in iteration -1.	Nontrivial modules had stage [3, 0, 2, 0, 0].	InterpolantCoveringCapabilityFinite: 0/0	InterpolantCoveringCapabilityBuchi: 0/0	HoareTripleCheckerStatistics: 0 mSolverCounterUnknown, 159 SdHoareTripleChecker+Valid, 0,1s IncrementalHoareTripleChecker+Time, 0 mSdLazyCounter, 150 mSDsluCounter, 130 SdHoareTripleChecker+Invalid, 0,1s Time, 0 mProtectedAction, 0 SdHoareTripleChecker+Unchecked, 0 IncrementalHoareTripleChecker+Unchecked, 33 mSDsCounter, 45 IncrementalHoareTripleChecker+Valid, 0 mProtectedPredicate, 121 IncrementalHoareTripleChecker+Invalid, 166 SdHoareTripleChecker+Unknown, 0 mSolverCounterNotChecked, 45 mSolverCounterUnsat, 97 mSDtfsCounter, 121 mSolverCounterSat, 0,0s SdHoareTripleChecker+Time, 0 IncrementalHoareTripleChecker+Unknown	LassoAnalysisResults: nont0 unkn0 SFLI1 SFLT5 conc0 concLT0 SILN0 SILU0 SILI0 SILT0 lasso0 LassoPreprocessingBenchmarks:   Lassos: inital11 mio100 ax211 arr100 mio100 div100 bol102 ite100 ukn100 eq194 smp100 dnf98 smp100 tf100 neg100 sie101 LassoTerminationAnalysisBenchmarks: not availableLassoTerminationAnalysisBenchmarks: LassoNonterminationAnalysisSatFixpoint: 0	LassoNonterminationAnalysisSatUnbounded: 0	LassoNonterminationAnalysisUnsat: 5	LassoNonterminationAnalysisUnknown: 0	LassoNonterminationAnalysisTime: 0.2s	InitialAbstractionConstructionTime: 0.0s
  - TerminationAnalysisResult: Termination proven
    Buchi Automizer proved that your program is terminating
RESULT: Ultimate proved your program to be correct!
[2026-09-30 15:34:34,304 INFO  L546       MonitoredProcess]: [MP /home/anissa/.local/bin/z3 SMTLIB2_COMPLIANT=true -memory:1024 -smt2 -in -t:12000 (1)] Ended with exit code 0
Received shutdown request...
