This is Ultimate 0.3.2-dev-4a3209064b
[2026-09-30 15:34:22,138 INFO  L188        SettingsManager]: Resetting all preferences to default values...
[2026-09-30 15:34:22,338 INFO  L75    nceAwareModelManager]: Repository-Root is: /tmp
[2026-09-30 15:34:22,351 INFO  L261   ainManager$Toolchain]: [Toolchain 1]: Applicable parser(s) successfully (re)initialized
[2026-09-30 15:34:22,354 INFO  L217   ainManager$Toolchain]: [Toolchain 1]: Toolchain selected.
[2026-09-30 15:34:22,355 INFO  L270        PluginConnector]: Initializing CDTParser...
[2026-09-30 15:34:22,355 INFO  L274        PluginConnector]: CDTParser initialized
[2026-09-30 15:34:22,357 INFO  L431   ainManager$Toolchain]: [Toolchain 1]: Parsing single file: /home/anissa/Documents/Tools/PaSTTeL/benchmarks/smoke_test/full_programs_c_bpl/AliasDarteFeautrierGonnord-SAS2010-counterex1b_true-termination.c
!SESSION 2026-09-30 15:34:21.265 -----------------------------------------------
eclipse.buildId=unknown
java.version=21.0.12.1
java.vendor=Ubuntu
BootLoader constants: OS=linux, ARCH=x86_64, WS=gtk, NL=fr_FR
Framework arguments:  --console -tc /home/anissa/Documents/Tools/PaSTTeL/tools/toolchains/BuchiAutomizerC.xml -i /home/anissa/Documents/Tools/PaSTTeL/benchmarks/smoke_test/full_programs_c_bpl/AliasDarteFeautrierGonnord-SAS2010-counterex1b_true-termination.c
Command-line arguments:  -os linux -ws gtk -arch x86_64 -consoleLog --console -data @user.home/.ultimate -tc /home/anissa/Documents/Tools/PaSTTeL/tools/toolchains/BuchiAutomizerC.xml -i /home/anissa/Documents/Tools/PaSTTeL/benchmarks/smoke_test/full_programs_c_bpl/AliasDarteFeautrierGonnord-SAS2010-counterex1b_true-termination.c

!ENTRY org.eclipse.cdt.core 1 0 2026-09-30 15:34:22.983
!MESSAGE Indexed 'FLAGb822c93a9' (0 sources, 0 headers) in 0,001 sec: 0 declarations; 0 references; 0 unresolved inclusions; 0 syntax errors; 0 unresolved names (0 %)
[2026-09-30 15:34:23,189 INFO  L538              CDTParser]: Created temporary CDT project at /home/anissa/.ultimate/bf02b71017824d1185153f5a3ed69f4c/FLAGb822c93a9
[2026-09-30 15:34:23,295 INFO  L389              CDTParser]: Found 1 translation units.
[2026-09-30 15:34:23,295 INFO  L178              CDTParser]: Scanning /home/anissa/Documents/Tools/PaSTTeL/benchmarks/smoke_test/full_programs_c_bpl/AliasDarteFeautrierGonnord-SAS2010-counterex1b_true-termination.c
[2026-09-30 15:34:23,300 INFO  L432              CDTParser]: About to delete temporary CDT project at /home/anissa/.ultimate/bf02b71017824d1185153f5a3ed69f4c/FLAGb822c93a9
[2026-09-30 15:34:24,240 INFO  L440              CDTParser]: Successfully deleted /home/anissa/.ultimate/bf02b71017824d1185153f5a3ed69f4c
[2026-09-30 15:34:24,242 INFO  L299   ainManager$Toolchain]: ####################### [Toolchain 1] #######################
[2026-09-30 15:34:24,243 INFO  L133        ToolchainWalker]: Walking toolchain with 4 elements.
[2026-09-30 15:34:24,244 INFO  L112        PluginConnector]: ------------------------CACSL2BoogieTranslator----------------------------
[2026-09-30 15:34:24,244 INFO  L270        PluginConnector]: Initializing CACSL2BoogieTranslator...
[2026-09-30 15:34:24,248 INFO  L274        PluginConnector]: CACSL2BoogieTranslator initialized
[2026-09-30 15:34:24,249 INFO  L184        PluginConnector]: Executing the observer ACSLObjectContainerObserver from plugin CACSL2BoogieTranslator for "CDTParser AST 30.09 03:34:24" (1/1) ...
[2026-09-30 15:34:24,249 INFO  L204        PluginConnector]: Invalid model from CACSL2BoogieTranslator for observer de.uni_freiburg.informatik.ultimate.plugins.generator.cacsl2boogietranslator.ACSLObjectContainerObserver@33d9dfff and model type de.uni_freiburg.informatik.ultimate.plugins.generator.cacsl2boogietranslator AST 30.09 03:34:24, skipping insertion in model container
[2026-09-30 15:34:24,250 INFO  L184        PluginConnector]: Executing the observer CACSL2BoogieTranslatorObserver from plugin CACSL2BoogieTranslator for "CDTParser AST 30.09 03:34:24" (1/1) ...
[2026-09-30 15:34:24,258 INFO  L177         MainTranslator]: Built tables and reachable declarations
[2026-09-30 15:34:24,374 INFO  L189          PostProcessor]: Analyzing one entry point: main
[2026-09-30 15:34:24,378 INFO  L206         MainTranslator]: Completed pre-run
[2026-09-30 15:34:24,391 INFO  L189          PostProcessor]: Analyzing one entry point: main
[2026-09-30 15:34:24,400 INFO  L211         MainTranslator]: Completed translation
[2026-09-30 15:34:24,401 INFO  L201        PluginConnector]: Adding new model de.uni_freiburg.informatik.ultimate.plugins.generator.cacsl2boogietranslator AST 30.09 03:34:24 WrapperNode
[2026-09-30 15:34:24,401 INFO  L131        PluginConnector]: ------------------------ END CACSL2BoogieTranslator----------------------------
[2026-09-30 15:34:24,402 INFO  L112        PluginConnector]: ------------------------Boogie Preprocessor----------------------------
[2026-09-30 15:34:24,402 INFO  L270        PluginConnector]: Initializing Boogie Preprocessor...
[2026-09-30 15:34:24,402 INFO  L274        PluginConnector]: Boogie Preprocessor initialized
[2026-09-30 15:34:24,408 INFO  L184        PluginConnector]: Executing the observer EnsureBoogieModelObserver from plugin Boogie Preprocessor for "de.uni_freiburg.informatik.ultimate.plugins.generator.cacsl2boogietranslator AST 30.09 03:34:24" (1/1) ...
[2026-09-30 15:34:24,408 INFO  L184        PluginConnector]: Executing the observer TypeChecker from plugin Boogie Preprocessor for "de.uni_freiburg.informatik.ultimate.plugins.generator.cacsl2boogietranslator AST 30.09 03:34:24" (1/1) ...
[2026-09-30 15:34:24,412 INFO  L184        PluginConnector]: Executing the observer ConstExpander from plugin Boogie Preprocessor for "de.uni_freiburg.informatik.ultimate.plugins.generator.cacsl2boogietranslator AST 30.09 03:34:24" (1/1) ...
[2026-09-30 15:34:24,413 INFO  L184        PluginConnector]: Executing the observer StructExpander from plugin Boogie Preprocessor for "de.uni_freiburg.informatik.ultimate.plugins.generator.cacsl2boogietranslator AST 30.09 03:34:24" (1/1) ...
[2026-09-30 15:34:24,414 INFO  L184        PluginConnector]: Executing the observer ReplaceArrayAssignments from plugin Boogie Preprocessor for "de.uni_freiburg.informatik.ultimate.plugins.generator.cacsl2boogietranslator AST 30.09 03:34:24" (1/1) ...
[2026-09-30 15:34:24,415 INFO  L184        PluginConnector]: Executing the observer FunctionInliner from plugin Boogie Preprocessor for "de.uni_freiburg.informatik.ultimate.plugins.generator.cacsl2boogietranslator AST 30.09 03:34:24" (1/1) ...
[2026-09-30 15:34:24,415 INFO  L184        PluginConnector]: Executing the observer LTLStepAnnotator from plugin Boogie Preprocessor for "de.uni_freiburg.informatik.ultimate.plugins.generator.cacsl2boogietranslator AST 30.09 03:34:24" (1/1) ...
[2026-09-30 15:34:24,416 INFO  L184        PluginConnector]: Executing the observer BoogieSymbolTableConstructor from plugin Boogie Preprocessor for "de.uni_freiburg.informatik.ultimate.plugins.generator.cacsl2boogietranslator AST 30.09 03:34:24" (1/1) ...
[2026-09-30 15:34:24,418 INFO  L131        PluginConnector]: ------------------------ END Boogie Preprocessor----------------------------
[2026-09-30 15:34:24,419 INFO  L112        PluginConnector]: ------------------------IcfgBuilder----------------------------
[2026-09-30 15:34:24,419 INFO  L270        PluginConnector]: Initializing IcfgBuilder...
[2026-09-30 15:34:24,419 INFO  L274        PluginConnector]: IcfgBuilder initialized
[2026-09-30 15:34:24,420 INFO  L184        PluginConnector]: Executing the observer IcfgBuilderObserver from plugin IcfgBuilder for "de.uni_freiburg.informatik.ultimate.plugins.generator.cacsl2boogietranslator AST 30.09 03:34:24" (1/1) ...
[2026-09-30 15:34:24,424 INFO  L173          SolverBuilder]: Constructing external solver with command: z3 SMTLIB2_COMPLIANT=true -memory:1024 -smt2 -in -t:12000
[2026-09-30 15:34:24,434 INFO  L189       MonitoredProcess]: No working directory specified, using /home/anissa/.local/bin/z3
[2026-09-30 15:34:24,445 INFO  L229       MonitoredProcess]: Starting monitored process 1 with /home/anissa/.local/bin/z3 SMTLIB2_COMPLIANT=true -memory:1024 -smt2 -in -t:12000 (exit command is (exit), workingDir is null)
[2026-09-30 15:34:24,447 INFO  L327       MonitoredProcess]: [MP /home/anissa/.local/bin/z3 SMTLIB2_COMPLIANT=true -memory:1024 -smt2 -in -t:12000 (1)] Waiting until timeout for monitored process
[2026-09-30 15:34:24,467 INFO  L138     BoogieDeclarations]: Found implementation of procedure ULTIMATE.init
[2026-09-30 15:34:24,467 INFO  L138     BoogieDeclarations]: Found implementation of procedure ULTIMATE.start
[2026-09-30 15:34:24,467 INFO  L138     BoogieDeclarations]: Found implementation of procedure main
[2026-09-30 15:34:24,467 INFO  L130     BoogieDeclarations]: Found specification of procedure __VERIFIER_nondet_int
[2026-09-30 15:34:24,467 INFO  L130     BoogieDeclarations]: Found specification of procedure main
[2026-09-30 15:34:24,467 INFO  L130     BoogieDeclarations]: Found specification of procedure ULTIMATE.init
[2026-09-30 15:34:24,467 INFO  L130     BoogieDeclarations]: Found specification of procedure ULTIMATE.start
[2026-09-30 15:34:24,508 INFO  L250             CfgBuilder]: Building ICFG
[2026-09-30 15:34:24,509 INFO  L281             CfgBuilder]: Building CFG for each procedure with an implementation
[2026-09-30 15:34:24,573 INFO  L?                        ?]: Removed 4 outVars from TransFormulas that were not future-live.
[2026-09-30 15:34:24,573 INFO  L302             CfgBuilder]: Performing block encoding
[2026-09-30 15:34:24,576 INFO  L104     LargeBlockEncoding]: Applying CFG Large Block Encoding to ICFG that has 3 procedures, 17 locations, 25 edges, 0 initial locations, 3 loop locations, and 0 error locations.
[2026-09-30 15:34:24,591 INFO  L154     LargeBlockEncoding]: LargeBlockEncoding completed in 17 ms, with 3 straightline sequential compositions, 2 parallel compositions, 0 1:n/n:1 sequential compositions and 0 complex sequential compositions.
[2026-09-30 15:34:24,592 INFO  L327             CfgBuilder]: Using the 1 location(s) as analysis (start of procedure ULTIMATE.start)
[2026-09-30 15:34:24,592 INFO  L332             CfgBuilder]: Removed 0 assume(true) statements.
[2026-09-30 15:34:24,593 INFO  L334             CfgBuilder]: Constructed ICFG has 3 procedures, 14 locations, 20 edges, 1 initial locations, 3 loop locations, and 0 error locations.
[2026-09-30 15:34:24,593 INFO  L201        PluginConnector]: Adding new model de.uni_freiburg.informatik.ultimate.plugins.generator.icfgbuilder CFG 30.09 03:34:24 BoogieIcfgContainer
[2026-09-30 15:34:24,593 INFO  L131        PluginConnector]: ------------------------ END IcfgBuilder----------------------------
[2026-09-30 15:34:24,594 INFO  L112        PluginConnector]: ------------------------BuchiAutomizer----------------------------
[2026-09-30 15:34:24,594 INFO  L270        PluginConnector]: Initializing BuchiAutomizer...
[2026-09-30 15:34:24,597 INFO  L274        PluginConnector]: BuchiAutomizer initialized
[2026-09-30 15:34:24,597 INFO  L99          BuchiAutomizer]: Safety of program was proven or not checked, starting termination analysis
[2026-09-30 15:34:24,597 INFO  L184        PluginConnector]: Executing the observer BuchiAutomizerObserver from plugin BuchiAutomizer for "CDTParser AST 30.09 03:34:24" (1/3) ...
[2026-09-30 15:34:24,598 INFO  L204        PluginConnector]: Invalid model from BuchiAutomizer for observer de.uni_freiburg.informatik.ultimate.plugins.generator.buchiautomizer.BuchiAutomizerObserver@4d220902 and model type de.uni_freiburg.informatik.ultimate.plugins.generator.buchiautomizer AST 30.09 03:34:24, skipping insertion in model container
[2026-09-30 15:34:24,598 INFO  L99          BuchiAutomizer]: Safety of program was proven or not checked, starting termination analysis
[2026-09-30 15:34:24,598 INFO  L184        PluginConnector]: Executing the observer BuchiAutomizerObserver from plugin BuchiAutomizer for "de.uni_freiburg.informatik.ultimate.plugins.generator.cacsl2boogietranslator AST 30.09 03:34:24" (2/3) ...
[2026-09-30 15:34:24,598 INFO  L204        PluginConnector]: Invalid model from BuchiAutomizer for observer de.uni_freiburg.informatik.ultimate.plugins.generator.buchiautomizer.BuchiAutomizerObserver@4d220902 and model type de.uni_freiburg.informatik.ultimate.plugins.generator.buchiautomizer AST 30.09 03:34:24, skipping insertion in model container
[2026-09-30 15:34:24,598 INFO  L99          BuchiAutomizer]: Safety of program was proven or not checked, starting termination analysis
[2026-09-30 15:34:24,598 INFO  L184        PluginConnector]: Executing the observer BuchiAutomizerObserver from plugin BuchiAutomizer for "de.uni_freiburg.informatik.ultimate.plugins.generator.icfgbuilder CFG 30.09 03:34:24" (3/3) ...
[2026-09-30 15:34:24,599 INFO  L363   chiAutomizerObserver]: Analyzing ICFG AliasDarteFeautrierGonnord-SAS2010-counterex1b_true-termination.c
[2026-09-30 15:34:24,626 INFO  L333   stractBuchiCegarLoop]: Interprodecural is true
[2026-09-30 15:34:24,626 INFO  L334   stractBuchiCegarLoop]: Hoare is None
[2026-09-30 15:34:24,626 INFO  L335   stractBuchiCegarLoop]: Compute interpolants for ForwardPredicates
[2026-09-30 15:34:24,626 INFO  L336   stractBuchiCegarLoop]: Backedges is STRAIGHT_LINE
[2026-09-30 15:34:24,626 INFO  L337   stractBuchiCegarLoop]: Determinization is PREDICATE_ABSTRACTION
[2026-09-30 15:34:24,626 INFO  L338   stractBuchiCegarLoop]: Difference is false
[2026-09-30 15:34:24,626 INFO  L339   stractBuchiCegarLoop]: Minimize is MINIMIZE_SEVPA
[2026-09-30 15:34:24,626 INFO  L343   stractBuchiCegarLoop]: ======== Iteration 0 == of CEGAR loop == BuchiAutomatonCegarLoop ========
[2026-09-30 15:34:24,628 INFO  L73            BuchiIsEmpty]: Start buchiIsEmpty. Operand  has 14 states, 9 states have (on average 1.5555555555555556) internal successors, (14), 9 states have internal predecessors, (14), 2 states have call successors, (2), 2 states have call predecessors, (2), 2 states have return successors, (2), 2 states have call predecessors, (2), 2 states have call successors, (2)
[2026-09-30 15:34:24,637 INFO  L131   ngComponentsAnalysis]: Automaton has 1 accepting balls. 6
[2026-09-30 15:34:24,637 INFO  L88            BuchiIsEmpty]: Finished buchiIsEmpty Result is false
[2026-09-30 15:34:24,637 INFO  L120           BuchiIsEmpty]: Starting construction of run
[2026-09-30 15:34:24,639 INFO  L148   hiAutomatonCegarLoop]: Counterexample stem histogram [1, 1, 1, 1, 1]
[2026-09-30 15:34:24,640 INFO  L149   hiAutomatonCegarLoop]: Counterexample loop histogram [1, 1, 1, 1]
[2026-09-30 15:34:24,640 INFO  L363   stractBuchiCegarLoop]: ======== Iteration 1 ============
[2026-09-30 15:34:24,640 INFO  L73            BuchiIsEmpty]: Start buchiIsEmpty. Operand  has 14 states, 9 states have (on average 1.5555555555555556) internal successors, (14), 9 states have internal predecessors, (14), 2 states have call successors, (2), 2 states have call predecessors, (2), 2 states have return successors, (2), 2 states have call predecessors, (2), 2 states have call successors, (2)
[2026-09-30 15:34:24,641 INFO  L131   ngComponentsAnalysis]: Automaton has 1 accepting balls. 6
[2026-09-30 15:34:24,641 INFO  L88            BuchiIsEmpty]: Finished buchiIsEmpty Result is false
[2026-09-30 15:34:24,641 INFO  L120           BuchiIsEmpty]: Starting construction of run
[2026-09-30 15:34:24,641 INFO  L148   hiAutomatonCegarLoop]: Counterexample stem histogram [1, 1, 1, 1, 1]
[2026-09-30 15:34:24,641 INFO  L149   hiAutomatonCegarLoop]: Counterexample loop histogram [1, 1, 1, 1]
[2026-09-30 15:34:24,648 INFO  L1146  eck$LassoCheckResult]: Stem: "call ULTIMATE.init();"< "assume true;" >"#28#return;" "call #t~ret7 := main();"< "havoc ~x~0;havoc ~y~0;havoc ~n~0;havoc #t~nondet0;assume -2147483648 <= #t~nondet0 && #t~nondet0 <= 2147483647;~n~0 := #t~nondet0;havoc #t~nondet0;havoc #t~nondet1;assume -2147483648 <= #t~nondet1 && #t~nondet1 <= 2147483647;~x~0 := #t~nondet1;havoc #t~nondet1;havoc #t~nondet2;assume -2147483648 <= #t~nondet2 && #t~nondet2 <= 2147483647;~y~0 := #t~nondet2;havoc #t~nondet2;" 
[2026-09-30 15:34:24,648 INFO  L1148  eck$LassoCheckResult]: Loop: "assume ~x~0 >= 0;" "assume !true;" "~x~0 := ~x~0 - 1;" "assume !true;" 
[2026-09-30 15:34:24,651 INFO  L160       PredicateUnifier]: Initialized classic predicate unifier
[2026-09-30 15:34:24,652 INFO  L86        PathProgramCache]: Analyzing trace with hash 53591924, now seen corresponding path program 1 times
[2026-09-30 15:34:24,656 INFO  L118   FreeRefinementEngine]: Executing refinement strategy FIXED_PREFERENCES
[2026-09-30 15:34:24,657 INFO  L324   FreeRefinementEngine]: Using trace check IpTcStrategyModulePreferences [1871643310]
[2026-09-30 15:34:24,657 INFO  L97    rtionOrderModulation]: Keeping assertion order NOT_INCREMENTALLY
[2026-09-30 15:34:24,657 INFO  L127          SolverBuilder]: Constructing new instance of SMTInterpol with explicit timeout -1 ms and remaining time -1 ms
[2026-09-30 15:34:24,697 INFO  L108    AnnotateAndAsserter]: Assert order NOT_INCREMENTALLY partitioned 5 statements into 1 equivalence classes.
[2026-09-30 15:34:24,701 INFO  L111    AnnotateAndAsserter]: Assert order NOT_INCREMENTALLY issued 1 check-sat command(s) and asserted 5 of 5 statements.
[2026-09-30 15:34:24,702 INFO  L114    AnnotateAndAsserter]: Assert order NOT_INCREMENTALLY issued 1 check-sat command(s)
[2026-09-30 15:34:24,702 INFO  L115    AnnotateAndAsserter]: Conjunction of SSA is sat
[2026-09-30 15:34:24,702 INFO  L348             TraceCheck]: Trace is feasible, we will do another trace check, this time with branch encoders.
[2026-09-30 15:34:24,704 INFO  L108    AnnotateAndAsserter]: Assert order NOT_INCREMENTALLY partitioned 5 statements into 1 equivalence classes.
[2026-09-30 15:34:24,707 INFO  L111    AnnotateAndAsserter]: Assert order NOT_INCREMENTALLY issued 1 check-sat command(s) and asserted 5 of 5 statements.
[2026-09-30 15:34:24,707 INFO  L114    AnnotateAndAsserter]: Assert order NOT_INCREMENTALLY issued 1 check-sat command(s)
[2026-09-30 15:34:24,707 INFO  L115    AnnotateAndAsserter]: Conjunction of SSA is sat
[2026-09-30 15:34:24,715 INFO  L130   FreeRefinementEngine]: Strategy FIXED_PREFERENCES found a feasible trace
[2026-09-30 15:34:24,717 INFO  L160       PredicateUnifier]: Initialized classic predicate unifier
[2026-09-30 15:34:24,717 INFO  L86        PathProgramCache]: Analyzing trace with hash 1599519, now seen corresponding path program 1 times
[2026-09-30 15:34:24,717 INFO  L118   FreeRefinementEngine]: Executing refinement strategy FIXED_PREFERENCES
[2026-09-30 15:34:24,717 INFO  L324   FreeRefinementEngine]: Using trace check IpTcStrategyModulePreferences [375958131]
[2026-09-30 15:34:24,717 INFO  L97    rtionOrderModulation]: Keeping assertion order NOT_INCREMENTALLY
[2026-09-30 15:34:24,717 INFO  L127          SolverBuilder]: Constructing new instance of SMTInterpol with explicit timeout -1 ms and remaining time -1 ms
[2026-09-30 15:34:24,720 INFO  L108    AnnotateAndAsserter]: Assert order NOT_INCREMENTALLY partitioned 4 statements into 1 equivalence classes.
[2026-09-30 15:34:24,720 INFO  L111    AnnotateAndAsserter]: Assert order NOT_INCREMENTALLY issued 1 check-sat command(s) and asserted 4 of 4 statements.
[2026-09-30 15:34:24,720 INFO  L114    AnnotateAndAsserter]: Assert order NOT_INCREMENTALLY issued 1 check-sat command(s)
[2026-09-30 15:34:24,720 INFO  L115    AnnotateAndAsserter]: Conjunction of SSA is unsat
[2026-09-30 15:34:24,721 INFO  L256         TraceCheckSpWp]: Trace formula consists of 7 conjuncts, 1 conjuncts are in the unsatisfiable core
[2026-09-30 15:34:24,722 INFO  L279         TraceCheckSpWp]: Computing forward predicates...
[2026-09-30 15:34:24,727 INFO  L134       CoverageAnalysis]: Checked inductivity of 0 backedges. 0 proven. 0 refuted. 0 times theorem prover too weak. 0 trivial. 0 not checked.
[2026-09-30 15:34:24,728 INFO  L136   FreeRefinementEngine]: Strategy FIXED_PREFERENCES found an infeasible trace
[2026-09-30 15:34:24,728 INFO  L324   FreeRefinementEngine]: Using interpolant generator IpTcStrategyModulePreferences [375958131]
[2026-09-30 15:34:24,728 INFO  L158   FreeRefinementEngine]: IpTcStrategyModulePreferences [375958131] provided 1 perfect and 0 imperfect interpolant sequences
[2026-09-30 15:34:24,728 INFO  L185   FreeRefinementEngine]: Found 1 perfect and 0 imperfect interpolant sequences.
[2026-09-30 15:34:24,728 INFO  L198   FreeRefinementEngine]: Number of different interpolants: perfect sequences [2] imperfect sequences [] total 2
[2026-09-30 15:34:24,729 INFO  L122   tionRefinementEngine]: Using interpolant automaton builder IpAbStrategyModuleStraightlineAll [1206819521]
[2026-09-30 15:34:24,729 INFO  L85    oduleStraightlineAll]: Using 1 perfect interpolants to construct interpolant automaton
[2026-09-30 15:34:24,731 INFO  L1166  eck$LassoCheckResult]: loop already infeasible
[2026-09-30 15:34:24,731 INFO  L100   FreeRefinementEngine]: Using predicate unifier PredicateUnifier provided by strategy FIXED_PREFERENCES
[2026-09-30 15:34:24,750 INFO  L144   InterpolantAutomaton]: Constructing interpolant automaton starting with 2 interpolants.
[2026-09-30 15:34:24,750 INFO  L146   InterpolantAutomaton]: CoverageRelationStatistics Valid=1, Invalid=1, Unknown=0, NotChecked=0, Total=2
[2026-09-30 15:34:24,752 INFO  L87              Difference]: Start difference. First operand  has 14 states, 9 states have (on average 1.5555555555555556) internal successors, (14), 9 states have internal predecessors, (14), 2 states have call successors, (2), 2 states have call predecessors, (2), 2 states have return successors, (2), 2 states have call predecessors, (2), 2 states have call successors, (2) Second operand  has 2 states, 2 states have (on average 2.0) internal successors, (4), 2 states have internal predecessors, (4), 0 states have call successors, (0), 0 states have call predecessors, (0), 0 states have return successors, (0), 0 states have call predecessors, (0), 0 states have call successors, (0)
[2026-09-30 15:34:24,766 INFO  L144             Difference]: Subtrahend was deterministic. Have not used determinization.
[2026-09-30 15:34:24,767 INFO  L93              Difference]: Finished difference Result 14 states and 16 transitions.
[2026-09-30 15:34:24,768 INFO  L82        GeneralOperation]: Start removeNonLiveStates. Operand 14 states and 16 transitions.
[2026-09-30 15:34:24,769 INFO  L131   ngComponentsAnalysis]: Automaton has 1 accepting balls. 6
[2026-09-30 15:34:24,773 INFO  L88        GeneralOperation]: Finished removeNonLiveStates. Reduced from 14 states to 11 states and 13 transitions.
[2026-09-30 15:34:24,774 INFO  L87         BuchiClosureNwa]: Accepting states before buchiClosure: 11
[2026-09-30 15:34:24,774 INFO  L106        BuchiClosureNwa]: Accepting states after buchiClosure: 11
[2026-09-30 15:34:24,775 INFO  L74         IsDeterministic]: Start isDeterministic. Operand 11 states and 13 transitions.
[2026-09-30 15:34:24,775 INFO  L81         IsDeterministic]: Finished isDeterministic. Operand is deterministic.
[2026-09-30 15:34:24,775 INFO  L218   hiAutomatonCegarLoop]: Abstraction has 11 states and 13 transitions.
[2026-09-30 15:34:24,783 INFO  L82        GeneralOperation]: Start minimizeSevpa. Operand 11 states and 13 transitions.
[2026-09-30 15:34:24,790 INFO  L88        GeneralOperation]: Finished minimizeSevpa. Reduced states from 11 to 11.
[2026-09-30 15:34:24,790 INFO  L82        GeneralOperation]: Start removeUnreachable. Operand  has 11 states, 8 states have (on average 1.25) internal successors, (10), 7 states have internal predecessors, (10), 2 states have call successors, (2), 2 states have call predecessors, (2), 1 states have return successors, (1), 1 states have call predecessors, (1), 1 states have call successors, (1)
[2026-09-30 15:34:24,790 INFO  L88        GeneralOperation]: Finished removeUnreachable. Reduced from 11 states to 11 states and 13 transitions.
[2026-09-30 15:34:24,791 INFO  L240   hiAutomatonCegarLoop]: Abstraction has 11 states and 13 transitions.
[2026-09-30 15:34:24,792 INFO  L140   InterpolantAutomaton]: Switched to read-only mode: deterministic interpolant automaton has 2 states. 
[2026-09-30 15:34:24,794 INFO  L464   stractBuchiCegarLoop]: Abstraction has 11 states and 13 transitions.
[2026-09-30 15:34:24,794 INFO  L363   stractBuchiCegarLoop]: ======== Iteration 2 ============
[2026-09-30 15:34:24,794 INFO  L73            BuchiIsEmpty]: Start buchiIsEmpty. Operand 11 states and 13 transitions.
[2026-09-30 15:34:24,795 INFO  L131   ngComponentsAnalysis]: Automaton has 1 accepting balls. 6
[2026-09-30 15:34:24,795 INFO  L88            BuchiIsEmpty]: Finished buchiIsEmpty Result is false
[2026-09-30 15:34:24,795 INFO  L120           BuchiIsEmpty]: Starting construction of run
[2026-09-30 15:34:24,795 INFO  L148   hiAutomatonCegarLoop]: Counterexample stem histogram [1, 1, 1, 1, 1]
[2026-09-30 15:34:24,795 INFO  L149   hiAutomatonCegarLoop]: Counterexample loop histogram [1, 1, 1, 1, 1, 1]
[2026-09-30 15:34:24,795 INFO  L1146  eck$LassoCheckResult]: Stem: "call ULTIMATE.init();"< "assume true;" >"#28#return;" "call #t~ret7 := main();"< "havoc ~x~0;havoc ~y~0;havoc ~n~0;havoc #t~nondet0;assume -2147483648 <= #t~nondet0 && #t~nondet0 <= 2147483647;~n~0 := #t~nondet0;havoc #t~nondet0;havoc #t~nondet1;assume -2147483648 <= #t~nondet1 && #t~nondet1 <= 2147483647;~x~0 := #t~nondet1;havoc #t~nondet1;havoc #t~nondet2;assume -2147483648 <= #t~nondet2 && #t~nondet2 <= 2147483647;~y~0 := #t~nondet2;havoc #t~nondet2;" 
[2026-09-30 15:34:24,796 INFO  L1148  eck$LassoCheckResult]: Loop: "assume ~x~0 >= 0;" "assume true;#t~short4 := ~y~0 >= 0;BeginParallelComposition{ParallelCodeBlock0: assume #t~short4;havoc #t~nondet3;assume -2147483648 <= #t~nondet3 && #t~nondet3 <= 2147483647;#t~short4 := 0 != #t~nondet3;ParallelCodeBlock1: assume !#t~short4;}EndParallelComposition" "assume !#t~short4;havoc #t~nondet3;havoc #t~short4;" "~x~0 := ~x~0 - 1;" "assume true;#t~short6 := ~y~0 <= ~n~0;BeginParallelComposition{ParallelCodeBlock0: assume #t~short6;havoc #t~nondet5;assume -2147483648 <= #t~nondet5 && #t~nondet5 <= 2147483647;#t~short6 := 0 != #t~nondet5;ParallelCodeBlock1: assume !#t~short6;}EndParallelComposition" "assume !#t~short6;havoc #t~nondet5;havoc #t~short6;" 
[2026-09-30 15:34:24,796 INFO  L160       PredicateUnifier]: Initialized classic predicate unifier
[2026-09-30 15:34:24,796 INFO  L86        PathProgramCache]: Analyzing trace with hash 53591924, now seen corresponding path program 2 times
[2026-09-30 15:34:24,796 INFO  L118   FreeRefinementEngine]: Executing refinement strategy FIXED_PREFERENCES
[2026-09-30 15:34:24,796 INFO  L324   FreeRefinementEngine]: Using trace check IpTcStrategyModulePreferences [1664267093]
[2026-09-30 15:34:24,796 INFO  L97    rtionOrderModulation]: Keeping assertion order NOT_INCREMENTALLY
[2026-09-30 15:34:24,796 INFO  L127          SolverBuilder]: Constructing new instance of SMTInterpol with explicit timeout -1 ms and remaining time -1 ms
[2026-09-30 15:34:24,799 INFO  L108    AnnotateAndAsserter]: Assert order NOT_INCREMENTALLY partitioned 5 statements into 1 equivalence classes.
[2026-09-30 15:34:24,801 INFO  L111    AnnotateAndAsserter]: Assert order NOT_INCREMENTALLY issued 1 check-sat command(s) and asserted 5 of 5 statements.
[2026-09-30 15:34:24,801 INFO  L114    AnnotateAndAsserter]: Assert order NOT_INCREMENTALLY issued 1 check-sat command(s)
[2026-09-30 15:34:24,801 INFO  L115    AnnotateAndAsserter]: Conjunction of SSA is sat
[2026-09-30 15:34:24,801 INFO  L348             TraceCheck]: Trace is feasible, we will do another trace check, this time with branch encoders.
[2026-09-30 15:34:24,802 INFO  L108    AnnotateAndAsserter]: Assert order NOT_INCREMENTALLY partitioned 5 statements into 1 equivalence classes.
[2026-09-30 15:34:24,804 INFO  L111    AnnotateAndAsserter]: Assert order NOT_INCREMENTALLY issued 1 check-sat command(s) and asserted 5 of 5 statements.
[2026-09-30 15:34:24,804 INFO  L114    AnnotateAndAsserter]: Assert order NOT_INCREMENTALLY issued 1 check-sat command(s)
[2026-09-30 15:34:24,804 INFO  L115    AnnotateAndAsserter]: Conjunction of SSA is sat
[2026-09-30 15:34:24,805 INFO  L130   FreeRefinementEngine]: Strategy FIXED_PREFERENCES found a feasible trace
[2026-09-30 15:34:24,805 INFO  L160       PredicateUnifier]: Initialized classic predicate unifier
[2026-09-30 15:34:24,805 INFO  L86        PathProgramCache]: Analyzing trace with hash 1548311313, now seen corresponding path program 1 times
[2026-09-30 15:34:24,805 INFO  L118   FreeRefinementEngine]: Executing refinement strategy FIXED_PREFERENCES
[2026-09-30 15:34:24,806 INFO  L324   FreeRefinementEngine]: Using trace check IpTcStrategyModulePreferences [2109174250]
[2026-09-30 15:34:24,806 INFO  L97    rtionOrderModulation]: Keeping assertion order NOT_INCREMENTALLY
[2026-09-30 15:34:24,806 INFO  L127          SolverBuilder]: Constructing new instance of SMTInterpol with explicit timeout -1 ms and remaining time -1 ms
[2026-09-30 15:34:24,810 INFO  L108    AnnotateAndAsserter]: Assert order NOT_INCREMENTALLY partitioned 6 statements into 1 equivalence classes.
[2026-09-30 15:34:24,817 INFO  L111    AnnotateAndAsserter]: Assert order NOT_INCREMENTALLY issued 1 check-sat command(s) and asserted 6 of 6 statements.
[2026-09-30 15:34:24,817 INFO  L114    AnnotateAndAsserter]: Assert order NOT_INCREMENTALLY issued 1 check-sat command(s)
[2026-09-30 15:34:24,817 INFO  L115    AnnotateAndAsserter]: Conjunction of SSA is sat
[2026-09-30 15:34:24,817 INFO  L348             TraceCheck]: Trace is feasible, we will do another trace check, this time with branch encoders.
[2026-09-30 15:34:24,819 INFO  L108    AnnotateAndAsserter]: Assert order NOT_INCREMENTALLY partitioned 6 statements into 1 equivalence classes.
[2026-09-30 15:34:24,822 INFO  L111    AnnotateAndAsserter]: Assert order NOT_INCREMENTALLY issued 1 check-sat command(s) and asserted 6 of 6 statements.
[2026-09-30 15:34:24,823 INFO  L114    AnnotateAndAsserter]: Assert order NOT_INCREMENTALLY issued 1 check-sat command(s)
[2026-09-30 15:34:24,823 INFO  L115    AnnotateAndAsserter]: Conjunction of SSA is sat
[2026-09-30 15:34:24,824 INFO  L130   FreeRefinementEngine]: Strategy FIXED_PREFERENCES found a feasible trace
[2026-09-30 15:34:24,824 INFO  L160       PredicateUnifier]: Initialized classic predicate unifier
[2026-09-30 15:34:24,824 INFO  L86        PathProgramCache]: Analyzing trace with hash 6060100, now seen corresponding path program 1 times
[2026-09-30 15:34:24,825 INFO  L118   FreeRefinementEngine]: Executing refinement strategy FIXED_PREFERENCES
[2026-09-30 15:34:24,825 INFO  L324   FreeRefinementEngine]: Using trace check IpTcStrategyModulePreferences [506957509]
[2026-09-30 15:34:24,825 INFO  L97    rtionOrderModulation]: Keeping assertion order NOT_INCREMENTALLY
[2026-09-30 15:34:24,825 INFO  L127          SolverBuilder]: Constructing new instance of SMTInterpol with explicit timeout -1 ms and remaining time -1 ms
[2026-09-30 15:34:24,831 INFO  L108    AnnotateAndAsserter]: Assert order NOT_INCREMENTALLY partitioned 11 statements into 1 equivalence classes.
[2026-09-30 15:34:24,837 INFO  L111    AnnotateAndAsserter]: Assert order NOT_INCREMENTALLY issued 1 check-sat command(s) and asserted 11 of 11 statements.
[2026-09-30 15:34:24,837 INFO  L114    AnnotateAndAsserter]: Assert order NOT_INCREMENTALLY issued 1 check-sat command(s)
[2026-09-30 15:34:24,837 INFO  L115    AnnotateAndAsserter]: Conjunction of SSA is sat
[2026-09-30 15:34:24,838 INFO  L348             TraceCheck]: Trace is feasible, we will do another trace check, this time with branch encoders.
[2026-09-30 15:34:24,840 INFO  L108    AnnotateAndAsserter]: Assert order NOT_INCREMENTALLY partitioned 11 statements into 1 equivalence classes.
[2026-09-30 15:34:24,845 INFO  L111    AnnotateAndAsserter]: Assert order NOT_INCREMENTALLY issued 1 check-sat command(s) and asserted 11 of 11 statements.
[2026-09-30 15:34:24,846 INFO  L114    AnnotateAndAsserter]: Assert order NOT_INCREMENTALLY issued 1 check-sat command(s)
[2026-09-30 15:34:24,846 INFO  L115    AnnotateAndAsserter]: Conjunction of SSA is sat
[2026-09-30 15:34:24,847 INFO  L130   FreeRefinementEngine]: Strategy FIXED_PREFERENCES found a feasible trace
[2026-09-30 15:34:25,017 INFO  L214          LassoAnalysis]: Preferences:
[2026-09-30 15:34:25,018 INFO  L125   ssoRankerPreferences]: Compute integeral hull: false
[2026-09-30 15:34:25,018 INFO  L126   ssoRankerPreferences]: Enable LassoPartitioneer: false
[2026-09-30 15:34:25,018 INFO  L127   ssoRankerPreferences]: Term annotations enabled: false
[2026-09-30 15:34:25,019 INFO  L128   ssoRankerPreferences]: Use exernal solver: true
[2026-09-30 15:34:25,019 INFO  L129   ssoRankerPreferences]: SMT solver command: z3 SMTLIB2_COMPLIANT=true -memory:1024 -smt2 -in -t:12000
[2026-09-30 15:34:25,019 INFO  L130   ssoRankerPreferences]: Dump SMT script to file: false
[2026-09-30 15:34:25,019 INFO  L131   ssoRankerPreferences]: Path of dumped script: 
[2026-09-30 15:34:25,019 INFO  L132   ssoRankerPreferences]: Filename of dumped script: AliasDarteFeautrierGonnord-SAS2010-counterex1b_true-termination.c_Iteration2_Loop
[2026-09-30 15:34:25,019 INFO  L133   ssoRankerPreferences]: MapElimAlgo: Matthias
[2026-09-30 15:34:25,019 INFO  L251          LassoAnalysis]: Starting lasso preprocessing...
[2026-09-30 15:34:25,059 INFO  L270          LassoAnalysis]: Preprocessing complete.
[2026-09-30 15:34:25,059 INFO  L387          LassoAnalysis]: Checking for nontermination...
[2026-09-30 15:34:25,061 INFO  L173          SolverBuilder]: Constructing external solver with command: z3 SMTLIB2_COMPLIANT=true -memory:1024 -smt2 -in -t:12000
[2026-09-30 15:34:25,061 INFO  L189       MonitoredProcess]: No working directory specified, using /home/anissa/.local/bin/z3
[2026-09-30 15:34:25,064 INFO  L229       MonitoredProcess]: Starting monitored process 2 with /home/anissa/.local/bin/z3 SMTLIB2_COMPLIANT=true -memory:1024 -smt2 -in -t:12000 (exit command is (exit), workingDir is null)
[2026-09-30 15:34:25,065 INFO  L327       MonitoredProcess]: [MP /home/anissa/.local/bin/z3 SMTLIB2_COMPLIANT=true -memory:1024 -smt2 -in -t:12000 (2)] Waiting until timeout for monitored process
[2026-09-30 15:34:25,065 INFO  L148   nArgumentSynthesizer]: Nontermination analysis: LINEAR Allow bounded executions: true Number of generalized eigenvectors: 0 Nilpotent components: true
[2026-09-30 15:34:25,066 INFO  L160   nArgumentSynthesizer]: Using integer mode.
[2026-09-30 15:34:25,084 INFO  L546       MonitoredProcess]: [MP /home/anissa/.local/bin/z3 SMTLIB2_COMPLIANT=true -memory:1024 -smt2 -in -t:12000 (2)] Ended with exit code 0
[2026-09-30 15:34:25,084 INFO  L173          SolverBuilder]: Constructing external solver with command: z3 SMTLIB2_COMPLIANT=true -memory:1024 -smt2 -in -t:12000
[2026-09-30 15:34:25,085 INFO  L189       MonitoredProcess]: No working directory specified, using /home/anissa/.local/bin/z3
[2026-09-30 15:34:25,087 INFO  L229       MonitoredProcess]: Starting monitored process 3 with /home/anissa/.local/bin/z3 SMTLIB2_COMPLIANT=true -memory:1024 -smt2 -in -t:12000 (exit command is (exit), workingDir is null)
[2026-09-30 15:34:25,088 INFO  L327       MonitoredProcess]: [MP /home/anissa/.local/bin/z3 SMTLIB2_COMPLIANT=true -memory:1024 -smt2 -in -t:12000 (3)] Waiting until timeout for monitored process
[2026-09-30 15:34:25,089 INFO  L148   nArgumentSynthesizer]: Nontermination analysis: LINEAR Allow bounded executions: true Number of generalized eigenvectors: 3 Nilpotent components: true
[2026-09-30 15:34:25,089 INFO  L160   nArgumentSynthesizer]: Using integer mode.
[2026-09-30 15:34:25,111 INFO  L546       MonitoredProcess]: [MP /home/anissa/.local/bin/z3 SMTLIB2_COMPLIANT=true -memory:1024 -smt2 -in -t:12000 (3)] Ended with exit code 0
[2026-09-30 15:34:25,111 INFO  L429          LassoAnalysis]: Proving nontermination failed: No geometric nontermination argument exists.
[2026-09-30 15:34:25,111 INFO  L214          LassoAnalysis]: Preferences:
[2026-09-30 15:34:25,111 INFO  L125   ssoRankerPreferences]: Compute integeral hull: false
[2026-09-30 15:34:25,111 INFO  L126   ssoRankerPreferences]: Enable LassoPartitioneer: false
[2026-09-30 15:34:25,112 INFO  L127   ssoRankerPreferences]: Term annotations enabled: false
[2026-09-30 15:34:25,112 INFO  L128   ssoRankerPreferences]: Use exernal solver: true
[2026-09-30 15:34:25,112 INFO  L129   ssoRankerPreferences]: SMT solver command: z3 SMTLIB2_COMPLIANT=true -memory:1024 -smt2 -in -t:12000
[2026-09-30 15:34:25,112 INFO  L130   ssoRankerPreferences]: Dump SMT script to file: false
[2026-09-30 15:34:25,112 INFO  L131   ssoRankerPreferences]: Path of dumped script: 
[2026-09-30 15:34:25,112 INFO  L132   ssoRankerPreferences]: Filename of dumped script: AliasDarteFeautrierGonnord-SAS2010-counterex1b_true-termination.c_Iteration2_Loop
[2026-09-30 15:34:25,112 INFO  L133   ssoRankerPreferences]: MapElimAlgo: Matthias
[2026-09-30 15:34:25,112 INFO  L251          LassoAnalysis]: Starting lasso preprocessing...
[2026-09-30 15:34:25,144 INFO  L270          LassoAnalysis]: Preprocessing complete.
[2026-09-30 15:34:25,147 INFO  L474          LassoAnalysis]: Using template 'affine'.
[2026-09-30 15:34:25,149 INFO  L173          SolverBuilder]: Constructing external solver with command: z3 SMTLIB2_COMPLIANT=true -memory:1024 -smt2 -in -t:12000
[2026-09-30 15:34:25,149 INFO  L189       MonitoredProcess]: No working directory specified, using /home/anissa/.local/bin/z3
[2026-09-30 15:34:25,152 INFO  L229       MonitoredProcess]: Starting monitored process 4 with /home/anissa/.local/bin/z3 SMTLIB2_COMPLIANT=true -memory:1024 -smt2 -in -t:12000 (exit command is (exit), workingDir is null)
[2026-09-30 15:34:25,153 INFO  L327       MonitoredProcess]: [MP /home/anissa/.local/bin/z3 SMTLIB2_COMPLIANT=true -memory:1024 -smt2 -in -t:12000 (4)] Waiting until timeout for monitored process
[2026-09-30 15:34:25,154 INFO  L120   nArgumentSynthesizer]: Termination Analysis Settings: Termination analysis: LINEARNumber of strict supporting invariants: 0Number of non-strict supporting invariants: 1Consider only non-deceasing supporting invariants: trueSimplify termination arguments: trueSimplify supporting invariants: trueOverapproximate stem: false
[2026-09-30 15:34:25,165 INFO  L338   nArgumentSynthesizer]: Template has degree 0.
[2026-09-30 15:34:25,165 INFO  L203   nArgumentSynthesizer]: 1 stem disjuncts
[2026-09-30 15:34:25,165 INFO  L204   nArgumentSynthesizer]: 1 loop disjuncts
[2026-09-30 15:34:25,165 INFO  L205   nArgumentSynthesizer]: 2 template conjuncts.
[2026-09-30 15:34:25,174 INFO  L402   nArgumentSynthesizer]: We have 6 Motzkin's Theorem applications.
[2026-09-30 15:34:25,174 INFO  L403   nArgumentSynthesizer]: A total of 2 supporting invariants were added.
[2026-09-30 15:34:25,182 INFO  L420   nArgumentSynthesizer]: Found a termination argument, trying to simplify.
[2026-09-30 15:34:25,200 INFO  L436   ModelExtractionUtils]: Simplification made 12 calls to the SMT solver.
[2026-09-30 15:34:25,204 INFO  L437   ModelExtractionUtils]: 15 out of 25 variables were initially zero. Simplification set additionally 7 variables to zero.
[2026-09-30 15:34:25,205 INFO  L173          SolverBuilder]: Constructing external solver with command: z3 SMTLIB2_COMPLIANT=true -memory:1024 -smt2 -in -t:12000
[2026-09-30 15:34:25,206 INFO  L189       MonitoredProcess]: No working directory specified, using /home/anissa/.local/bin/z3
[2026-09-30 15:34:25,208 INFO  L229       MonitoredProcess]: Starting monitored process 5 with /home/anissa/.local/bin/z3 SMTLIB2_COMPLIANT=true -memory:1024 -smt2 -in -t:12000 (exit command is (exit), workingDir is null)
[2026-09-30 15:34:25,210 INFO  L327       MonitoredProcess]: [MP /home/anissa/.local/bin/z3 SMTLIB2_COMPLIANT=true -memory:1024 -smt2 -in -t:12000 (5)] Waiting until timeout for monitored process
[2026-09-30 15:34:25,210 INFO  L436   nArgumentSynthesizer]: Simplifying supporting invariants...
[2026-09-30 15:34:25,224 INFO  L546       MonitoredProcess]: [MP /home/anissa/.local/bin/z3 SMTLIB2_COMPLIANT=true -memory:1024 -smt2 -in -t:12000 (5)] Ended with exit code 0
[2026-09-30 15:34:25,225 INFO  L439   nArgumentSynthesizer]: Removed 2 redundant supporting invariants from a total of 2.
[2026-09-30 15:34:25,230 INFO  L546       MonitoredProcess]: [MP /home/anissa/.local/bin/z3 SMTLIB2_COMPLIANT=true -memory:1024 -smt2 -in -t:12000 (4)] Ended with exit code 0
[2026-09-30 15:34:25,230 INFO  L500          LassoAnalysis]: Proved termination.
[2026-09-30 15:34:25,230 INFO  L501          LassoAnalysis]: Termination argument consisting of:
Ranking function f(main_~x~0) = 2*main_~x~0 + 1
Supporting invariants []
[2026-09-30 15:34:25,234 INFO  L156   tatePredicateManager]: 0 out of 0 supporting invariants were superfluous and have been removed
[2026-09-30 15:34:25,258 INFO  L160       PredicateUnifier]: Initialized classic predicate unifier
[2026-09-30 15:34:25,264 INFO  L108    AnnotateAndAsserter]: Assert order NOT_INCREMENTALLY partitioned 5 statements into 1 equivalence classes.
[2026-09-30 15:34:25,272 INFO  L111    AnnotateAndAsserter]: Assert order NOT_INCREMENTALLY issued 1 check-sat command(s) and asserted 5 of 5 statements.
[2026-09-30 15:34:25,272 INFO  L114    AnnotateAndAsserter]: Assert order NOT_INCREMENTALLY issued 1 check-sat command(s)
[2026-09-30 15:34:25,272 INFO  L115    AnnotateAndAsserter]: Conjunction of SSA is unsat
[2026-09-30 15:34:25,273 INFO  L256         TraceCheckSpWp]: Trace formula consists of 72 conjuncts, 6 conjuncts are in the unsatisfiable core
[2026-09-30 15:34:25,274 INFO  L279         TraceCheckSpWp]: Computing forward predicates...
[2026-09-30 15:34:25,305 INFO  L108    AnnotateAndAsserter]: Assert order NOT_INCREMENTALLY partitioned 6 statements into 1 equivalence classes.
[2026-09-30 15:34:25,307 INFO  L111    AnnotateAndAsserter]: Assert order NOT_INCREMENTALLY issued 1 check-sat command(s) and asserted 6 of 6 statements.
[2026-09-30 15:34:25,307 INFO  L114    AnnotateAndAsserter]: Assert order NOT_INCREMENTALLY issued 1 check-sat command(s)
[2026-09-30 15:34:25,307 INFO  L115    AnnotateAndAsserter]: Conjunction of SSA is unsat
[2026-09-30 15:34:25,307 INFO  L256         TraceCheckSpWp]: Trace formula consists of 11 conjuncts, 4 conjuncts are in the unsatisfiable core
[2026-09-30 15:34:25,308 INFO  L279         TraceCheckSpWp]: Computing forward predicates...
[2026-09-30 15:34:25,348 INFO  L134       CoverageAnalysis]: Checked inductivity of 0 backedges. 0 proven. 0 refuted. 0 times theorem prover too weak. 0 trivial. 0 not checked.
[2026-09-30 15:34:25,350 INFO  L141   lantAutomatonBouncer]: Defining deterministic Buchi interpolant automaton with honda bouncer for stem and without honda bouncer for loop.2 stem predicates 3 loop predicates 
[2026-09-30 15:34:25,352 INFO  L69     BuchiDifferenceNCSB]: Start buchiDifferenceNCSB. First operand 11 states and 13 transitions. cyclomatic complexity: 3 Second operand  has 5 states, 5 states have (on average 1.6) internal successors, (8), 4 states have internal predecessors, (8), 1 states have call successors, (2), 2 states have call predecessors, (2), 1 states have return successors, (1), 1 states have call predecessors, (1), 1 states have call successors, (1)
[2026-09-30 15:34:25,387 INFO  L73     BuchiDifferenceNCSB]: Finished buchiDifferenceNCSB. First operand 11 states and 13 transitions. cyclomatic complexity: 3. Second operand  has 5 states, 5 states have (on average 1.6) internal successors, (8), 4 states have internal predecessors, (8), 1 states have call successors, (2), 2 states have call predecessors, (2), 1 states have return successors, (1), 1 states have call predecessors, (1), 1 states have call successors, (1) Result 21 states and 27 transitions. Complement of second has 7 states.
[2026-09-30 15:34:25,387 INFO  L140   InterpolantAutomaton]: Switched to read-only mode: Buchi interpolant automaton has 5 states 2 stem states 2 non-accepting loop states 1 accepting loop states 
[2026-09-30 15:34:25,388 INFO  L82        GeneralOperation]: Start removeUnreachable. Operand  has 5 states, 5 states have (on average 1.6) internal successors, (8), 4 states have internal predecessors, (8), 1 states have call successors, (2), 2 states have call predecessors, (2), 1 states have return successors, (1), 1 states have call predecessors, (1), 1 states have call successors, (1)
[2026-09-30 15:34:25,388 INFO  L88        GeneralOperation]: Finished removeUnreachable. Reduced from 5 states to 5 states and 15 transitions.
[2026-09-30 15:34:25,392 INFO  L85            BuchiAccepts]: Start buchiAccepts Operand 5 states and 15 transitions. Stem has 5 letters. Loop has 6 letters.
[2026-09-30 15:34:25,393 INFO  L117           BuchiAccepts]: Finished buchiAccepts.
[2026-09-30 15:34:25,393 INFO  L85            BuchiAccepts]: Start buchiAccepts Operand 5 states and 15 transitions. Stem has 11 letters. Loop has 6 letters.
[2026-09-30 15:34:25,393 INFO  L117           BuchiAccepts]: Finished buchiAccepts.
[2026-09-30 15:34:25,393 INFO  L85            BuchiAccepts]: Start buchiAccepts Operand 5 states and 15 transitions. Stem has 5 letters. Loop has 12 letters.
[2026-09-30 15:34:25,393 INFO  L117           BuchiAccepts]: Finished buchiAccepts.
[2026-09-30 15:34:25,393 INFO  L82        GeneralOperation]: Start removeNonLiveStates. Operand 21 states and 27 transitions.
[2026-09-30 15:34:25,394 INFO  L131   ngComponentsAnalysis]: Automaton has 2 accepting balls. 4
[2026-09-30 15:34:25,395 INFO  L88        GeneralOperation]: Finished removeNonLiveStates. Reduced from 21 states to 20 states and 26 transitions.
[2026-09-30 15:34:25,395 INFO  L87         BuchiClosureNwa]: Accepting states before buchiClosure: 11
[2026-09-30 15:34:25,395 INFO  L106        BuchiClosureNwa]: Accepting states after buchiClosure: 13
[2026-09-30 15:34:25,395 INFO  L74         IsDeterministic]: Start isDeterministic. Operand 20 states and 26 transitions.
[2026-09-30 15:34:25,395 INFO  L81         IsDeterministic]: Finished isDeterministic. Operand is not deterministic.
[2026-09-30 15:34:25,395 INFO  L218   hiAutomatonCegarLoop]: Abstraction has 20 states and 26 transitions.
[2026-09-30 15:34:25,395 INFO  L82        GeneralOperation]: Start minimizeSevpa. Operand 20 states and 26 transitions.
[2026-09-30 15:34:25,396 INFO  L88        GeneralOperation]: Finished minimizeSevpa. Reduced states from 20 to 18.
[2026-09-30 15:34:25,396 INFO  L82        GeneralOperation]: Start removeUnreachable. Operand  has 18 states, 15 states have (on average 1.3333333333333333) internal successors, (20), 14 states have internal predecessors, (20), 2 states have call successors, (2), 2 states have call predecessors, (2), 1 states have return successors, (1), 1 states have call predecessors, (1), 1 states have call successors, (1)
[2026-09-30 15:34:25,396 INFO  L88        GeneralOperation]: Finished removeUnreachable. Reduced from 18 states to 18 states and 23 transitions.
[2026-09-30 15:34:25,396 INFO  L240   hiAutomatonCegarLoop]: Abstraction has 18 states and 23 transitions.
[2026-09-30 15:34:25,397 INFO  L464   stractBuchiCegarLoop]: Abstraction has 18 states and 23 transitions.
[2026-09-30 15:34:25,397 INFO  L363   stractBuchiCegarLoop]: ======== Iteration 3 ============
[2026-09-30 15:34:25,397 INFO  L73            BuchiIsEmpty]: Start buchiIsEmpty. Operand 18 states and 23 transitions.
[2026-09-30 15:34:25,397 INFO  L131   ngComponentsAnalysis]: Automaton has 2 accepting balls. 4
[2026-09-30 15:34:25,397 INFO  L88            BuchiIsEmpty]: Finished buchiIsEmpty Result is false
[2026-09-30 15:34:25,397 INFO  L120           BuchiIsEmpty]: Starting construction of run
[2026-09-30 15:34:25,397 INFO  L148   hiAutomatonCegarLoop]: Counterexample stem histogram [1, 1, 1, 1, 1, 1]
[2026-09-30 15:34:25,397 INFO  L149   hiAutomatonCegarLoop]: Counterexample loop histogram [1, 1]
[2026-09-30 15:34:25,398 INFO  L1146  eck$LassoCheckResult]: Stem: "call ULTIMATE.init();"< "assume true;" >"#28#return;" "call #t~ret7 := main();"< "havoc ~x~0;havoc ~y~0;havoc ~n~0;havoc #t~nondet0;assume -2147483648 <= #t~nondet0 && #t~nondet0 <= 2147483647;~n~0 := #t~nondet0;havoc #t~nondet0;havoc #t~nondet1;assume -2147483648 <= #t~nondet1 && #t~nondet1 <= 2147483647;~x~0 := #t~nondet1;havoc #t~nondet1;havoc #t~nondet2;assume -2147483648 <= #t~nondet2 && #t~nondet2 <= 2147483647;~y~0 := #t~nondet2;havoc #t~nondet2;" "assume ~x~0 >= 0;" 
[2026-09-30 15:34:25,398 INFO  L1148  eck$LassoCheckResult]: Loop: "assume true;#t~short4 := ~y~0 >= 0;BeginParallelComposition{ParallelCodeBlock0: assume #t~short4;havoc #t~nondet3;assume -2147483648 <= #t~nondet3 && #t~nondet3 <= 2147483647;#t~short4 := 0 != #t~nondet3;ParallelCodeBlock1: assume !#t~short4;}EndParallelComposition" "assume #t~short4;havoc #t~nondet3;havoc #t~short4;~y~0 := ~y~0 - 1;" 
[2026-09-30 15:34:25,398 INFO  L160       PredicateUnifier]: Initialized classic predicate unifier
[2026-09-30 15:34:25,398 INFO  L86        PathProgramCache]: Analyzing trace with hash 1661349666, now seen corresponding path program 1 times
[2026-09-30 15:34:25,398 INFO  L118   FreeRefinementEngine]: Executing refinement strategy FIXED_PREFERENCES
[2026-09-30 15:34:25,398 INFO  L324   FreeRefinementEngine]: Using trace check IpTcStrategyModulePreferences [1286674969]
[2026-09-30 15:34:25,398 INFO  L97    rtionOrderModulation]: Keeping assertion order NOT_INCREMENTALLY
[2026-09-30 15:34:25,398 INFO  L127          SolverBuilder]: Constructing new instance of SMTInterpol with explicit timeout -1 ms and remaining time -1 ms
[2026-09-30 15:34:25,401 INFO  L108    AnnotateAndAsserter]: Assert order NOT_INCREMENTALLY partitioned 6 statements into 1 equivalence classes.
[2026-09-30 15:34:25,403 INFO  L111    AnnotateAndAsserter]: Assert order NOT_INCREMENTALLY issued 1 check-sat command(s) and asserted 6 of 6 statements.
[2026-09-30 15:34:25,403 INFO  L114    AnnotateAndAsserter]: Assert order NOT_INCREMENTALLY issued 1 check-sat command(s)
[2026-09-30 15:34:25,404 INFO  L115    AnnotateAndAsserter]: Conjunction of SSA is sat
[2026-09-30 15:34:25,404 INFO  L348             TraceCheck]: Trace is feasible, we will do another trace check, this time with branch encoders.
[2026-09-30 15:34:25,405 INFO  L108    AnnotateAndAsserter]: Assert order NOT_INCREMENTALLY partitioned 6 statements into 1 equivalence classes.
[2026-09-30 15:34:25,407 INFO  L111    AnnotateAndAsserter]: Assert order NOT_INCREMENTALLY issued 1 check-sat command(s) and asserted 6 of 6 statements.
[2026-09-30 15:34:25,407 INFO  L114    AnnotateAndAsserter]: Assert order NOT_INCREMENTALLY issued 1 check-sat command(s)
[2026-09-30 15:34:25,407 INFO  L115    AnnotateAndAsserter]: Conjunction of SSA is sat
[2026-09-30 15:34:25,408 INFO  L130   FreeRefinementEngine]: Strategy FIXED_PREFERENCES found a feasible trace
[2026-09-30 15:34:25,408 INFO  L160       PredicateUnifier]: Initialized classic predicate unifier
[2026-09-30 15:34:25,408 INFO  L86        PathProgramCache]: Analyzing trace with hash 2001, now seen corresponding path program 1 times
[2026-09-30 15:34:25,408 INFO  L118   FreeRefinementEngine]: Executing refinement strategy FIXED_PREFERENCES
[2026-09-30 15:34:25,409 INFO  L324   FreeRefinementEngine]: Using trace check IpTcStrategyModulePreferences [1623272623]
[2026-09-30 15:34:25,409 INFO  L97    rtionOrderModulation]: Keeping assertion order NOT_INCREMENTALLY
[2026-09-30 15:34:25,409 INFO  L127          SolverBuilder]: Constructing new instance of SMTInterpol with explicit timeout -1 ms and remaining time -1 ms
[2026-09-30 15:34:25,412 INFO  L108    AnnotateAndAsserter]: Assert order NOT_INCREMENTALLY partitioned 2 statements into 1 equivalence classes.
[2026-09-30 15:34:25,415 INFO  L111    AnnotateAndAsserter]: Assert order NOT_INCREMENTALLY issued 1 check-sat command(s) and asserted 2 of 2 statements.
[2026-09-30 15:34:25,415 INFO  L114    AnnotateAndAsserter]: Assert order NOT_INCREMENTALLY issued 1 check-sat command(s)
[2026-09-30 15:34:25,415 INFO  L115    AnnotateAndAsserter]: Conjunction of SSA is sat
[2026-09-30 15:34:25,415 INFO  L348             TraceCheck]: Trace is feasible, we will do another trace check, this time with branch encoders.
[2026-09-30 15:34:25,416 INFO  L108    AnnotateAndAsserter]: Assert order NOT_INCREMENTALLY partitioned 2 statements into 1 equivalence classes.
[2026-09-30 15:34:25,417 INFO  L111    AnnotateAndAsserter]: Assert order NOT_INCREMENTALLY issued 1 check-sat command(s) and asserted 2 of 2 statements.
[2026-09-30 15:34:25,417 INFO  L114    AnnotateAndAsserter]: Assert order NOT_INCREMENTALLY issued 1 check-sat command(s)
[2026-09-30 15:34:25,417 INFO  L115    AnnotateAndAsserter]: Conjunction of SSA is sat
[2026-09-30 15:34:25,418 INFO  L130   FreeRefinementEngine]: Strategy FIXED_PREFERENCES found a feasible trace
[2026-09-30 15:34:25,419 INFO  L160       PredicateUnifier]: Initialized classic predicate unifier
[2026-09-30 15:34:25,419 INFO  L86        PathProgramCache]: Analyzing trace with hash -1170804046, now seen corresponding path program 1 times
[2026-09-30 15:34:25,419 INFO  L118   FreeRefinementEngine]: Executing refinement strategy FIXED_PREFERENCES
[2026-09-30 15:34:25,419 INFO  L324   FreeRefinementEngine]: Using trace check IpTcStrategyModulePreferences [494583696]
[2026-09-30 15:34:25,419 INFO  L97    rtionOrderModulation]: Keeping assertion order NOT_INCREMENTALLY
[2026-09-30 15:34:25,419 INFO  L127          SolverBuilder]: Constructing new instance of SMTInterpol with explicit timeout -1 ms and remaining time -1 ms
[2026-09-30 15:34:25,422 INFO  L108    AnnotateAndAsserter]: Assert order NOT_INCREMENTALLY partitioned 8 statements into 1 equivalence classes.
[2026-09-30 15:34:25,425 INFO  L111    AnnotateAndAsserter]: Assert order NOT_INCREMENTALLY issued 1 check-sat command(s) and asserted 8 of 8 statements.
[2026-09-30 15:34:25,425 INFO  L114    AnnotateAndAsserter]: Assert order NOT_INCREMENTALLY issued 1 check-sat command(s)
[2026-09-30 15:34:25,425 INFO  L115    AnnotateAndAsserter]: Conjunction of SSA is sat
[2026-09-30 15:34:25,425 INFO  L348             TraceCheck]: Trace is feasible, we will do another trace check, this time with branch encoders.
[2026-09-30 15:34:25,426 INFO  L108    AnnotateAndAsserter]: Assert order NOT_INCREMENTALLY partitioned 8 statements into 1 equivalence classes.
[2026-09-30 15:34:25,429 INFO  L111    AnnotateAndAsserter]: Assert order NOT_INCREMENTALLY issued 1 check-sat command(s) and asserted 8 of 8 statements.
[2026-09-30 15:34:25,429 INFO  L114    AnnotateAndAsserter]: Assert order NOT_INCREMENTALLY issued 1 check-sat command(s)
[2026-09-30 15:34:25,429 INFO  L115    AnnotateAndAsserter]: Conjunction of SSA is sat
[2026-09-30 15:34:25,430 INFO  L130   FreeRefinementEngine]: Strategy FIXED_PREFERENCES found a feasible trace
[2026-09-30 15:34:25,461 INFO  L214          LassoAnalysis]: Preferences:
[2026-09-30 15:34:25,462 INFO  L125   ssoRankerPreferences]: Compute integeral hull: false
[2026-09-30 15:34:25,462 INFO  L126   ssoRankerPreferences]: Enable LassoPartitioneer: false
[2026-09-30 15:34:25,462 INFO  L127   ssoRankerPreferences]: Term annotations enabled: false
[2026-09-30 15:34:25,462 INFO  L128   ssoRankerPreferences]: Use exernal solver: true
[2026-09-30 15:34:25,462 INFO  L129   ssoRankerPreferences]: SMT solver command: z3 SMTLIB2_COMPLIANT=true -memory:1024 -smt2 -in -t:12000
[2026-09-30 15:34:25,462 INFO  L130   ssoRankerPreferences]: Dump SMT script to file: false
[2026-09-30 15:34:25,462 INFO  L131   ssoRankerPreferences]: Path of dumped script: 
[2026-09-30 15:34:25,462 INFO  L132   ssoRankerPreferences]: Filename of dumped script: AliasDarteFeautrierGonnord-SAS2010-counterex1b_true-termination.c_Iteration3_Loop
[2026-09-30 15:34:25,462 INFO  L133   ssoRankerPreferences]: MapElimAlgo: Matthias
[2026-09-30 15:34:25,462 INFO  L251          LassoAnalysis]: Starting lasso preprocessing...
[2026-09-30 15:34:25,484 INFO  L270          LassoAnalysis]: Preprocessing complete.
[2026-09-30 15:34:25,484 INFO  L387          LassoAnalysis]: Checking for nontermination...
[2026-09-30 15:34:25,485 INFO  L173          SolverBuilder]: Constructing external solver with command: z3 SMTLIB2_COMPLIANT=true -memory:1024 -smt2 -in -t:12000
[2026-09-30 15:34:25,485 INFO  L189       MonitoredProcess]: No working directory specified, using /home/anissa/.local/bin/z3
[2026-09-30 15:34:25,487 INFO  L229       MonitoredProcess]: Starting monitored process 6 with /home/anissa/.local/bin/z3 SMTLIB2_COMPLIANT=true -memory:1024 -smt2 -in -t:12000 (exit command is (exit), workingDir is null)
[2026-09-30 15:34:25,488 INFO  L327       MonitoredProcess]: [MP /home/anissa/.local/bin/z3 SMTLIB2_COMPLIANT=true -memory:1024 -smt2 -in -t:12000 (6)] Waiting until timeout for monitored process
[2026-09-30 15:34:25,489 INFO  L148   nArgumentSynthesizer]: Nontermination analysis: LINEAR Allow bounded executions: true Number of generalized eigenvectors: 0 Nilpotent components: true
[2026-09-30 15:34:25,489 INFO  L160   nArgumentSynthesizer]: Using integer mode.
[2026-09-30 15:34:25,504 INFO  L546       MonitoredProcess]: [MP /home/anissa/.local/bin/z3 SMTLIB2_COMPLIANT=true -memory:1024 -smt2 -in -t:12000 (6)] Ended with exit code 0
[2026-09-30 15:34:25,505 INFO  L173          SolverBuilder]: Constructing external solver with command: z3 SMTLIB2_COMPLIANT=true -memory:1024 -smt2 -in -t:12000
[2026-09-30 15:34:25,505 INFO  L189       MonitoredProcess]: No working directory specified, using /home/anissa/.local/bin/z3
[2026-09-30 15:34:25,507 INFO  L229       MonitoredProcess]: Starting monitored process 7 with /home/anissa/.local/bin/z3 SMTLIB2_COMPLIANT=true -memory:1024 -smt2 -in -t:12000 (exit command is (exit), workingDir is null)
[2026-09-30 15:34:25,508 INFO  L327       MonitoredProcess]: [MP /home/anissa/.local/bin/z3 SMTLIB2_COMPLIANT=true -memory:1024 -smt2 -in -t:12000 (7)] Waiting until timeout for monitored process
[2026-09-30 15:34:25,509 INFO  L148   nArgumentSynthesizer]: Nontermination analysis: LINEAR Allow bounded executions: true Number of generalized eigenvectors: 3 Nilpotent components: true
[2026-09-30 15:34:25,509 INFO  L160   nArgumentSynthesizer]: Using integer mode.
[2026-09-30 15:34:25,527 INFO  L546       MonitoredProcess]: [MP /home/anissa/.local/bin/z3 SMTLIB2_COMPLIANT=true -memory:1024 -smt2 -in -t:12000 (7)] Ended with exit code 0
[2026-09-30 15:34:25,527 INFO  L429          LassoAnalysis]: Proving nontermination failed: No geometric nontermination argument exists.
[2026-09-30 15:34:25,527 INFO  L214          LassoAnalysis]: Preferences:
[2026-09-30 15:34:25,527 INFO  L125   ssoRankerPreferences]: Compute integeral hull: false
[2026-09-30 15:34:25,527 INFO  L126   ssoRankerPreferences]: Enable LassoPartitioneer: false
[2026-09-30 15:34:25,527 INFO  L127   ssoRankerPreferences]: Term annotations enabled: false
[2026-09-30 15:34:25,527 INFO  L128   ssoRankerPreferences]: Use exernal solver: true
[2026-09-30 15:34:25,527 INFO  L129   ssoRankerPreferences]: SMT solver command: z3 SMTLIB2_COMPLIANT=true -memory:1024 -smt2 -in -t:12000
[2026-09-30 15:34:25,527 INFO  L130   ssoRankerPreferences]: Dump SMT script to file: false
[2026-09-30 15:34:25,527 INFO  L131   ssoRankerPreferences]: Path of dumped script: 
[2026-09-30 15:34:25,527 INFO  L132   ssoRankerPreferences]: Filename of dumped script: AliasDarteFeautrierGonnord-SAS2010-counterex1b_true-termination.c_Iteration3_Loop
[2026-09-30 15:34:25,527 INFO  L133   ssoRankerPreferences]: MapElimAlgo: Matthias
[2026-09-30 15:34:25,527 INFO  L251          LassoAnalysis]: Starting lasso preprocessing...
[2026-09-30 15:34:25,547 INFO  L270          LassoAnalysis]: Preprocessing complete.
[2026-09-30 15:34:25,547 INFO  L474          LassoAnalysis]: Using template 'affine'.
[2026-09-30 15:34:25,548 INFO  L173          SolverBuilder]: Constructing external solver with command: z3 SMTLIB2_COMPLIANT=true -memory:1024 -smt2 -in -t:12000
[2026-09-30 15:34:25,548 INFO  L189       MonitoredProcess]: No working directory specified, using /home/anissa/.local/bin/z3
[2026-09-30 15:34:25,550 INFO  L229       MonitoredProcess]: Starting monitored process 8 with /home/anissa/.local/bin/z3 SMTLIB2_COMPLIANT=true -memory:1024 -smt2 -in -t:12000 (exit command is (exit), workingDir is null)
[2026-09-30 15:34:25,551 INFO  L327       MonitoredProcess]: [MP /home/anissa/.local/bin/z3 SMTLIB2_COMPLIANT=true -memory:1024 -smt2 -in -t:12000 (8)] Waiting until timeout for monitored process
[2026-09-30 15:34:25,552 INFO  L120   nArgumentSynthesizer]: Termination Analysis Settings: Termination analysis: LINEARNumber of strict supporting invariants: 0Number of non-strict supporting invariants: 1Consider only non-deceasing supporting invariants: trueSimplify termination arguments: trueSimplify supporting invariants: trueOverapproximate stem: false
[2026-09-30 15:34:25,561 INFO  L338   nArgumentSynthesizer]: Template has degree 0.
[2026-09-30 15:34:25,561 INFO  L203   nArgumentSynthesizer]: 1 stem disjuncts
[2026-09-30 15:34:25,561 INFO  L204   nArgumentSynthesizer]: 1 loop disjuncts
[2026-09-30 15:34:25,561 INFO  L205   nArgumentSynthesizer]: 2 template conjuncts.
[2026-09-30 15:34:25,564 INFO  L402   nArgumentSynthesizer]: We have 6 Motzkin's Theorem applications.
[2026-09-30 15:34:25,564 INFO  L403   nArgumentSynthesizer]: A total of 2 supporting invariants were added.
[2026-09-30 15:34:25,570 INFO  L420   nArgumentSynthesizer]: Found a termination argument, trying to simplify.
[2026-09-30 15:34:25,578 INFO  L436   ModelExtractionUtils]: Simplification made 10 calls to the SMT solver.
[2026-09-30 15:34:25,579 INFO  L437   ModelExtractionUtils]: 9 out of 19 variables were initially zero. Simplification set additionally 7 variables to zero.
[2026-09-30 15:34:25,579 INFO  L173          SolverBuilder]: Constructing external solver with command: z3 SMTLIB2_COMPLIANT=true -memory:1024 -smt2 -in -t:12000
[2026-09-30 15:34:25,579 INFO  L189       MonitoredProcess]: No working directory specified, using /home/anissa/.local/bin/z3
[2026-09-30 15:34:25,581 INFO  L229       MonitoredProcess]: Starting monitored process 9 with /home/anissa/.local/bin/z3 SMTLIB2_COMPLIANT=true -memory:1024 -smt2 -in -t:12000 (exit command is (exit), workingDir is null)
[2026-09-30 15:34:25,582 INFO  L327       MonitoredProcess]: [MP /home/anissa/.local/bin/z3 SMTLIB2_COMPLIANT=true -memory:1024 -smt2 -in -t:12000 (9)] Waiting until timeout for monitored process
[2026-09-30 15:34:25,582 INFO  L436   nArgumentSynthesizer]: Simplifying supporting invariants...
[2026-09-30 15:34:25,594 INFO  L534       MonitoredProcess]: [MP /home/anissa/.local/bin/z3 SMTLIB2_COMPLIANT=true -memory:1024 -smt2 -in -t:12000 (9)] Forceful destruction successful, exit code 0
[2026-09-30 15:34:25,594 INFO  L439   nArgumentSynthesizer]: Removed 2 redundant supporting invariants from a total of 2.
[2026-09-30 15:34:25,597 INFO  L546       MonitoredProcess]: [MP /home/anissa/.local/bin/z3 SMTLIB2_COMPLIANT=true -memory:1024 -smt2 -in -t:12000 (8)] Ended with exit code 0
[2026-09-30 15:34:25,597 INFO  L500          LassoAnalysis]: Proved termination.
[2026-09-30 15:34:25,598 INFO  L501          LassoAnalysis]: Termination argument consisting of:
Ranking function f(main_~y~0, v_rep~unnamed0~0~true_4) = 2*main_~y~0 + 1*v_rep~unnamed0~0~true_4
Supporting invariants []
[2026-09-30 15:34:25,598 INFO  L156   tatePredicateManager]: 0 out of 0 supporting invariants were superfluous and have been removed
[2026-09-30 15:34:25,600 WARN  L873   BoogieBacktranslator]: Unfinished Backtranslation: Unknown variable: ~unnamed0~0~true
[2026-09-30 15:34:25,606 INFO  L160       PredicateUnifier]: Initialized classic predicate unifier
[2026-09-30 15:34:25,609 INFO  L108    AnnotateAndAsserter]: Assert order NOT_INCREMENTALLY partitioned 6 statements into 1 equivalence classes.
[2026-09-30 15:34:25,614 INFO  L111    AnnotateAndAsserter]: Assert order NOT_INCREMENTALLY issued 1 check-sat command(s) and asserted 6 of 6 statements.
[2026-09-30 15:34:25,614 INFO  L114    AnnotateAndAsserter]: Assert order NOT_INCREMENTALLY issued 1 check-sat command(s)
[2026-09-30 15:34:25,614 INFO  L115    AnnotateAndAsserter]: Conjunction of SSA is unsat
[2026-09-30 15:34:25,614 INFO  L256         TraceCheckSpWp]: Trace formula consists of 73 conjuncts, 6 conjuncts are in the unsatisfiable core
[2026-09-30 15:34:25,615 INFO  L279         TraceCheckSpWp]: Computing forward predicates...
[2026-09-30 15:34:25,638 INFO  L108    AnnotateAndAsserter]: Assert order NOT_INCREMENTALLY partitioned 2 statements into 1 equivalence classes.
[2026-09-30 15:34:25,639 INFO  L111    AnnotateAndAsserter]: Assert order NOT_INCREMENTALLY issued 1 check-sat command(s) and asserted 2 of 2 statements.
[2026-09-30 15:34:25,639 INFO  L114    AnnotateAndAsserter]: Assert order NOT_INCREMENTALLY issued 1 check-sat command(s)
[2026-09-30 15:34:25,639 INFO  L115    AnnotateAndAsserter]: Conjunction of SSA is unsat
[2026-09-30 15:34:25,640 WARN  L254         TraceCheckSpWp]: Trace formula consists of 7 conjuncts, 6 conjuncts are in the unsatisfiable core
[2026-09-30 15:34:25,640 INFO  L279         TraceCheckSpWp]: Computing forward predicates...
[2026-09-30 15:34:25,732 INFO  L134       CoverageAnalysis]: Checked inductivity of 0 backedges. 0 proven. 0 refuted. 0 times theorem prover too weak. 0 trivial. 0 not checked.
[2026-09-30 15:34:25,732 INFO  L141   lantAutomatonBouncer]: Defining deterministic Buchi interpolant automaton with honda bouncer for stem and without honda bouncer for loop.2 stem predicates 2 loop predicates 
[2026-09-30 15:34:25,732 INFO  L69     BuchiDifferenceNCSB]: Start buchiDifferenceNCSB. First operand 18 states and 23 transitions. cyclomatic complexity: 8 Second operand  has 4 states, 4 states have (on average 1.25) internal successors, (5), 4 states have internal predecessors, (5), 1 states have call successors, (2), 2 states have call predecessors, (2), 1 states have return successors, (1), 1 states have call predecessors, (1), 1 states have call successors, (1)
[2026-09-30 15:34:25,763 INFO  L73     BuchiDifferenceNCSB]: Finished buchiDifferenceNCSB. First operand 18 states and 23 transitions. cyclomatic complexity: 8. Second operand  has 4 states, 4 states have (on average 1.25) internal successors, (5), 4 states have internal predecessors, (5), 1 states have call successors, (2), 2 states have call predecessors, (2), 1 states have return successors, (1), 1 states have call predecessors, (1), 1 states have call successors, (1) Result 42 states and 53 transitions. Complement of second has 8 states.
[2026-09-30 15:34:25,763 INFO  L140   InterpolantAutomaton]: Switched to read-only mode: Buchi interpolant automaton has 5 states 2 stem states 2 non-accepting loop states 1 accepting loop states 
[2026-09-30 15:34:25,764 INFO  L82        GeneralOperation]: Start removeUnreachable. Operand  has 4 states, 4 states have (on average 1.25) internal successors, (5), 4 states have internal predecessors, (5), 1 states have call successors, (2), 2 states have call predecessors, (2), 1 states have return successors, (1), 1 states have call predecessors, (1), 1 states have call successors, (1)
[2026-09-30 15:34:25,764 INFO  L88        GeneralOperation]: Finished removeUnreachable. Reduced from 5 states to 5 states and 14 transitions.
[2026-09-30 15:34:25,764 INFO  L85            BuchiAccepts]: Start buchiAccepts Operand 5 states and 14 transitions. Stem has 6 letters. Loop has 2 letters.
[2026-09-30 15:34:25,765 INFO  L117           BuchiAccepts]: Finished buchiAccepts.
[2026-09-30 15:34:25,765 INFO  L85            BuchiAccepts]: Start buchiAccepts Operand 5 states and 14 transitions. Stem has 8 letters. Loop has 2 letters.
[2026-09-30 15:34:25,765 INFO  L117           BuchiAccepts]: Finished buchiAccepts.
[2026-09-30 15:34:25,765 INFO  L85            BuchiAccepts]: Start buchiAccepts Operand 5 states and 14 transitions. Stem has 6 letters. Loop has 4 letters.
[2026-09-30 15:34:25,765 INFO  L117           BuchiAccepts]: Finished buchiAccepts.
[2026-09-30 15:34:25,765 INFO  L82        GeneralOperation]: Start removeNonLiveStates. Operand 42 states and 53 transitions.
[2026-09-30 15:34:25,767 INFO  L131   ngComponentsAnalysis]: Automaton has 2 accepting balls. 4
[2026-09-30 15:34:25,767 INFO  L88        GeneralOperation]: Finished removeNonLiveStates. Reduced from 42 states to 32 states and 40 transitions.
[2026-09-30 15:34:25,768 INFO  L87         BuchiClosureNwa]: Accepting states before buchiClosure: 12
[2026-09-30 15:34:25,768 INFO  L106        BuchiClosureNwa]: Accepting states after buchiClosure: 12
[2026-09-30 15:34:25,768 INFO  L74         IsDeterministic]: Start isDeterministic. Operand 32 states and 40 transitions.
[2026-09-30 15:34:25,768 INFO  L81         IsDeterministic]: Finished isDeterministic. Operand is not deterministic.
[2026-09-30 15:34:25,768 INFO  L218   hiAutomatonCegarLoop]: Abstraction has 32 states and 40 transitions.
[2026-09-30 15:34:25,768 INFO  L82        GeneralOperation]: Start minimizeSevpa. Operand 32 states and 40 transitions.
[2026-09-30 15:34:25,769 INFO  L88        GeneralOperation]: Finished minimizeSevpa. Reduced states from 32 to 32.
[2026-09-30 15:34:25,769 INFO  L82        GeneralOperation]: Start removeUnreachable. Operand  has 32 states, 29 states have (on average 1.2758620689655173) internal successors, (37), 28 states have internal predecessors, (37), 2 states have call successors, (2), 2 states have call predecessors, (2), 1 states have return successors, (1), 1 states have call predecessors, (1), 1 states have call successors, (1)
[2026-09-30 15:34:25,770 INFO  L88        GeneralOperation]: Finished removeUnreachable. Reduced from 32 states to 32 states and 40 transitions.
[2026-09-30 15:34:25,770 INFO  L240   hiAutomatonCegarLoop]: Abstraction has 32 states and 40 transitions.
[2026-09-30 15:34:25,770 INFO  L464   stractBuchiCegarLoop]: Abstraction has 32 states and 40 transitions.
[2026-09-30 15:34:25,770 INFO  L363   stractBuchiCegarLoop]: ======== Iteration 4 ============
[2026-09-30 15:34:25,770 INFO  L73            BuchiIsEmpty]: Start buchiIsEmpty. Operand 32 states and 40 transitions.
[2026-09-30 15:34:25,771 INFO  L131   ngComponentsAnalysis]: Automaton has 2 accepting balls. 4
[2026-09-30 15:34:25,771 INFO  L88            BuchiIsEmpty]: Finished buchiIsEmpty Result is false
[2026-09-30 15:34:25,771 INFO  L120           BuchiIsEmpty]: Starting construction of run
[2026-09-30 15:34:25,771 INFO  L148   hiAutomatonCegarLoop]: Counterexample stem histogram [1, 1, 1, 1, 1, 1, 1, 1, 1, 1, 1]
[2026-09-30 15:34:25,772 INFO  L149   hiAutomatonCegarLoop]: Counterexample loop histogram [1, 1]
[2026-09-30 15:34:25,772 INFO  L1146  eck$LassoCheckResult]: Stem: "call ULTIMATE.init();"< "assume true;" >"#28#return;" "call #t~ret7 := main();"< "havoc ~x~0;havoc ~y~0;havoc ~n~0;havoc #t~nondet0;assume -2147483648 <= #t~nondet0 && #t~nondet0 <= 2147483647;~n~0 := #t~nondet0;havoc #t~nondet0;havoc #t~nondet1;assume -2147483648 <= #t~nondet1 && #t~nondet1 <= 2147483647;~x~0 := #t~nondet1;havoc #t~nondet1;havoc #t~nondet2;assume -2147483648 <= #t~nondet2 && #t~nondet2 <= 2147483647;~y~0 := #t~nondet2;havoc #t~nondet2;" "assume ~x~0 >= 0;" "assume true;#t~short4 := ~y~0 >= 0;BeginParallelComposition{ParallelCodeBlock0: assume #t~short4;havoc #t~nondet3;assume -2147483648 <= #t~nondet3 && #t~nondet3 <= 2147483647;#t~short4 := 0 != #t~nondet3;ParallelCodeBlock1: assume !#t~short4;}EndParallelComposition" "assume !#t~short4;havoc #t~nondet3;havoc #t~short4;" "~x~0 := ~x~0 - 1;" "assume true;#t~short6 := ~y~0 <= ~n~0;BeginParallelComposition{ParallelCodeBlock0: assume #t~short6;havoc #t~nondet5;assume -2147483648 <= #t~nondet5 && #t~nondet5 <= 2147483647;#t~short6 := 0 != #t~nondet5;ParallelCodeBlock1: assume !#t~short6;}EndParallelComposition" "assume #t~short6;havoc #t~nondet5;havoc #t~short6;~y~0 := 1 + ~y~0;" 
[2026-09-30 15:34:25,772 INFO  L1148  eck$LassoCheckResult]: Loop: "assume true;#t~short6 := ~y~0 <= ~n~0;BeginParallelComposition{ParallelCodeBlock0: assume #t~short6;havoc #t~nondet5;assume -2147483648 <= #t~nondet5 && #t~nondet5 <= 2147483647;#t~short6 := 0 != #t~nondet5;ParallelCodeBlock1: assume !#t~short6;}EndParallelComposition" "assume #t~short6;havoc #t~nondet5;havoc #t~short6;~y~0 := 1 + ~y~0;" 
[2026-09-30 15:34:25,772 INFO  L160       PredicateUnifier]: Initialized classic predicate unifier
[2026-09-30 15:34:25,772 INFO  L86        PathProgramCache]: Analyzing trace with hash 6060101, now seen corresponding path program 1 times
[2026-09-30 15:34:25,772 INFO  L118   FreeRefinementEngine]: Executing refinement strategy FIXED_PREFERENCES
[2026-09-30 15:34:25,772 INFO  L324   FreeRefinementEngine]: Using trace check IpTcStrategyModulePreferences [1012318610]
[2026-09-30 15:34:25,772 INFO  L97    rtionOrderModulation]: Keeping assertion order NOT_INCREMENTALLY
[2026-09-30 15:34:25,773 INFO  L127          SolverBuilder]: Constructing new instance of SMTInterpol with explicit timeout -1 ms and remaining time -1 ms
[2026-09-30 15:34:25,777 INFO  L108    AnnotateAndAsserter]: Assert order NOT_INCREMENTALLY partitioned 11 statements into 1 equivalence classes.
[2026-09-30 15:34:25,781 INFO  L111    AnnotateAndAsserter]: Assert order NOT_INCREMENTALLY issued 1 check-sat command(s) and asserted 11 of 11 statements.
[2026-09-30 15:34:25,782 INFO  L114    AnnotateAndAsserter]: Assert order NOT_INCREMENTALLY issued 1 check-sat command(s)
[2026-09-30 15:34:25,782 INFO  L115    AnnotateAndAsserter]: Conjunction of SSA is sat
[2026-09-30 15:34:25,782 INFO  L348             TraceCheck]: Trace is feasible, we will do another trace check, this time with branch encoders.
[2026-09-30 15:34:25,783 INFO  L108    AnnotateAndAsserter]: Assert order NOT_INCREMENTALLY partitioned 11 statements into 1 equivalence classes.
[2026-09-30 15:34:25,786 INFO  L111    AnnotateAndAsserter]: Assert order NOT_INCREMENTALLY issued 1 check-sat command(s) and asserted 11 of 11 statements.
[2026-09-30 15:34:25,786 INFO  L114    AnnotateAndAsserter]: Assert order NOT_INCREMENTALLY issued 1 check-sat command(s)
[2026-09-30 15:34:25,786 INFO  L115    AnnotateAndAsserter]: Conjunction of SSA is sat
[2026-09-30 15:34:25,787 INFO  L130   FreeRefinementEngine]: Strategy FIXED_PREFERENCES found a feasible trace
[2026-09-30 15:34:25,788 INFO  L160       PredicateUnifier]: Initialized classic predicate unifier
[2026-09-30 15:34:25,788 INFO  L86        PathProgramCache]: Analyzing trace with hash 1930, now seen corresponding path program 1 times
[2026-09-30 15:34:25,788 INFO  L118   FreeRefinementEngine]: Executing refinement strategy FIXED_PREFERENCES
[2026-09-30 15:34:25,788 INFO  L324   FreeRefinementEngine]: Using trace check IpTcStrategyModulePreferences [543038990]
[2026-09-30 15:34:25,788 INFO  L97    rtionOrderModulation]: Keeping assertion order NOT_INCREMENTALLY
[2026-09-30 15:34:25,788 INFO  L127          SolverBuilder]: Constructing new instance of SMTInterpol with explicit timeout -1 ms and remaining time -1 ms
[2026-09-30 15:34:25,790 INFO  L108    AnnotateAndAsserter]: Assert order NOT_INCREMENTALLY partitioned 2 statements into 1 equivalence classes.
[2026-09-30 15:34:25,792 INFO  L111    AnnotateAndAsserter]: Assert order NOT_INCREMENTALLY issued 1 check-sat command(s) and asserted 2 of 2 statements.
[2026-09-30 15:34:25,793 INFO  L114    AnnotateAndAsserter]: Assert order NOT_INCREMENTALLY issued 1 check-sat command(s)
[2026-09-30 15:34:25,793 INFO  L115    AnnotateAndAsserter]: Conjunction of SSA is sat
[2026-09-30 15:34:25,793 INFO  L348             TraceCheck]: Trace is feasible, we will do another trace check, this time with branch encoders.
[2026-09-30 15:34:25,794 INFO  L108    AnnotateAndAsserter]: Assert order NOT_INCREMENTALLY partitioned 2 statements into 1 equivalence classes.
[2026-09-30 15:34:25,795 INFO  L111    AnnotateAndAsserter]: Assert order NOT_INCREMENTALLY issued 1 check-sat command(s) and asserted 2 of 2 statements.
[2026-09-30 15:34:25,795 INFO  L114    AnnotateAndAsserter]: Assert order NOT_INCREMENTALLY issued 1 check-sat command(s)
[2026-09-30 15:34:25,795 INFO  L115    AnnotateAndAsserter]: Conjunction of SSA is sat
[2026-09-30 15:34:25,796 INFO  L130   FreeRefinementEngine]: Strategy FIXED_PREFERENCES found a feasible trace
[2026-09-30 15:34:25,797 INFO  L160       PredicateUnifier]: Initialized classic predicate unifier
[2026-09-30 15:34:25,797 INFO  L86        PathProgramCache]: Analyzing trace with hash 1528790734, now seen corresponding path program 2 times
[2026-09-30 15:34:25,797 INFO  L118   FreeRefinementEngine]: Executing refinement strategy FIXED_PREFERENCES
[2026-09-30 15:34:25,797 INFO  L324   FreeRefinementEngine]: Using trace check IpTcStrategyModulePreferences [837704069]
[2026-09-30 15:34:25,797 INFO  L97    rtionOrderModulation]: Keeping assertion order NOT_INCREMENTALLY
[2026-09-30 15:34:25,797 INFO  L127          SolverBuilder]: Constructing new instance of SMTInterpol with explicit timeout -1 ms and remaining time -1 ms
[2026-09-30 15:34:25,802 INFO  L108    AnnotateAndAsserter]: Assert order NOT_INCREMENTALLY partitioned 13 statements into 1 equivalence classes.
[2026-09-30 15:34:25,806 INFO  L111    AnnotateAndAsserter]: Assert order NOT_INCREMENTALLY issued 1 check-sat command(s) and asserted 13 of 13 statements.
[2026-09-30 15:34:25,806 INFO  L114    AnnotateAndAsserter]: Assert order NOT_INCREMENTALLY issued 1 check-sat command(s)
[2026-09-30 15:34:25,806 INFO  L115    AnnotateAndAsserter]: Conjunction of SSA is sat
[2026-09-30 15:34:25,806 INFO  L348             TraceCheck]: Trace is feasible, we will do another trace check, this time with branch encoders.
[2026-09-30 15:34:25,808 INFO  L108    AnnotateAndAsserter]: Assert order NOT_INCREMENTALLY partitioned 13 statements into 1 equivalence classes.
[2026-09-30 15:34:25,813 INFO  L111    AnnotateAndAsserter]: Assert order NOT_INCREMENTALLY issued 1 check-sat command(s) and asserted 13 of 13 statements.
[2026-09-30 15:34:25,813 INFO  L114    AnnotateAndAsserter]: Assert order NOT_INCREMENTALLY issued 1 check-sat command(s)
[2026-09-30 15:34:25,813 INFO  L115    AnnotateAndAsserter]: Conjunction of SSA is sat
[2026-09-30 15:34:25,815 INFO  L130   FreeRefinementEngine]: Strategy FIXED_PREFERENCES found a feasible trace
[2026-09-30 15:34:25,848 INFO  L214          LassoAnalysis]: Preferences:
[2026-09-30 15:34:25,848 INFO  L125   ssoRankerPreferences]: Compute integeral hull: false
[2026-09-30 15:34:25,848 INFO  L126   ssoRankerPreferences]: Enable LassoPartitioneer: false
[2026-09-30 15:34:25,849 INFO  L127   ssoRankerPreferences]: Term annotations enabled: false
[2026-09-30 15:34:25,849 INFO  L128   ssoRankerPreferences]: Use exernal solver: true
[2026-09-30 15:34:25,849 INFO  L129   ssoRankerPreferences]: SMT solver command: z3 SMTLIB2_COMPLIANT=true -memory:1024 -smt2 -in -t:12000
[2026-09-30 15:34:25,849 INFO  L130   ssoRankerPreferences]: Dump SMT script to file: false
[2026-09-30 15:34:25,849 INFO  L131   ssoRankerPreferences]: Path of dumped script: 
[2026-09-30 15:34:25,849 INFO  L132   ssoRankerPreferences]: Filename of dumped script: AliasDarteFeautrierGonnord-SAS2010-counterex1b_true-termination.c_Iteration4_Loop
[2026-09-30 15:34:25,849 INFO  L133   ssoRankerPreferences]: MapElimAlgo: Matthias
[2026-09-30 15:34:25,849 INFO  L251          LassoAnalysis]: Starting lasso preprocessing...
[2026-09-30 15:34:25,871 INFO  L270          LassoAnalysis]: Preprocessing complete.
[2026-09-30 15:34:25,872 INFO  L387          LassoAnalysis]: Checking for nontermination...
[2026-09-30 15:34:25,872 INFO  L173          SolverBuilder]: Constructing external solver with command: z3 SMTLIB2_COMPLIANT=true -memory:1024 -smt2 -in -t:12000
[2026-09-30 15:34:25,872 INFO  L189       MonitoredProcess]: No working directory specified, using /home/anissa/.local/bin/z3
[2026-09-30 15:34:25,874 INFO  L229       MonitoredProcess]: Starting monitored process 10 with /home/anissa/.local/bin/z3 SMTLIB2_COMPLIANT=true -memory:1024 -smt2 -in -t:12000 (exit command is (exit), workingDir is null)
[2026-09-30 15:34:25,875 INFO  L327       MonitoredProcess]: [MP /home/anissa/.local/bin/z3 SMTLIB2_COMPLIANT=true -memory:1024 -smt2 -in -t:12000 (10)] Waiting until timeout for monitored process
[2026-09-30 15:34:25,876 INFO  L148   nArgumentSynthesizer]: Nontermination analysis: LINEAR Allow bounded executions: true Number of generalized eigenvectors: 0 Nilpotent components: true
[2026-09-30 15:34:25,876 INFO  L160   nArgumentSynthesizer]: Using integer mode.
[2026-09-30 15:34:25,891 INFO  L546       MonitoredProcess]: [MP /home/anissa/.local/bin/z3 SMTLIB2_COMPLIANT=true -memory:1024 -smt2 -in -t:12000 (10)] Ended with exit code 0
[2026-09-30 15:34:25,891 INFO  L173          SolverBuilder]: Constructing external solver with command: z3 SMTLIB2_COMPLIANT=true -memory:1024 -smt2 -in -t:12000
[2026-09-30 15:34:25,892 INFO  L189       MonitoredProcess]: No working directory specified, using /home/anissa/.local/bin/z3
[2026-09-30 15:34:25,894 INFO  L229       MonitoredProcess]: Starting monitored process 11 with /home/anissa/.local/bin/z3 SMTLIB2_COMPLIANT=true -memory:1024 -smt2 -in -t:12000 (exit command is (exit), workingDir is null)
[2026-09-30 15:34:25,895 INFO  L327       MonitoredProcess]: [MP /home/anissa/.local/bin/z3 SMTLIB2_COMPLIANT=true -memory:1024 -smt2 -in -t:12000 (11)] Waiting until timeout for monitored process
[2026-09-30 15:34:25,897 INFO  L148   nArgumentSynthesizer]: Nontermination analysis: LINEAR Allow bounded executions: true Number of generalized eigenvectors: 3 Nilpotent components: true
[2026-09-30 15:34:25,897 INFO  L160   nArgumentSynthesizer]: Using integer mode.
[2026-09-30 15:34:25,917 INFO  L546       MonitoredProcess]: [MP /home/anissa/.local/bin/z3 SMTLIB2_COMPLIANT=true -memory:1024 -smt2 -in -t:12000 (11)] Ended with exit code 0
[2026-09-30 15:34:25,917 INFO  L429          LassoAnalysis]: Proving nontermination failed: No geometric nontermination argument exists.
[2026-09-30 15:34:25,917 INFO  L214          LassoAnalysis]: Preferences:
[2026-09-30 15:34:25,917 INFO  L125   ssoRankerPreferences]: Compute integeral hull: false
[2026-09-30 15:34:25,918 INFO  L126   ssoRankerPreferences]: Enable LassoPartitioneer: false
[2026-09-30 15:34:25,918 INFO  L127   ssoRankerPreferences]: Term annotations enabled: false
[2026-09-30 15:34:25,918 INFO  L128   ssoRankerPreferences]: Use exernal solver: true
[2026-09-30 15:34:25,918 INFO  L129   ssoRankerPreferences]: SMT solver command: z3 SMTLIB2_COMPLIANT=true -memory:1024 -smt2 -in -t:12000
[2026-09-30 15:34:25,918 INFO  L130   ssoRankerPreferences]: Dump SMT script to file: false
[2026-09-30 15:34:25,918 INFO  L131   ssoRankerPreferences]: Path of dumped script: 
[2026-09-30 15:34:25,918 INFO  L132   ssoRankerPreferences]: Filename of dumped script: AliasDarteFeautrierGonnord-SAS2010-counterex1b_true-termination.c_Iteration4_Loop
[2026-09-30 15:34:25,918 INFO  L133   ssoRankerPreferences]: MapElimAlgo: Matthias
[2026-09-30 15:34:25,918 INFO  L251          LassoAnalysis]: Starting lasso preprocessing...
[2026-09-30 15:34:25,939 INFO  L270          LassoAnalysis]: Preprocessing complete.
[2026-09-30 15:34:25,939 INFO  L474          LassoAnalysis]: Using template 'affine'.
[2026-09-30 15:34:25,940 INFO  L173          SolverBuilder]: Constructing external solver with command: z3 SMTLIB2_COMPLIANT=true -memory:1024 -smt2 -in -t:12000
[2026-09-30 15:34:25,940 INFO  L189       MonitoredProcess]: No working directory specified, using /home/anissa/.local/bin/z3
[2026-09-30 15:34:25,943 INFO  L229       MonitoredProcess]: Starting monitored process 12 with /home/anissa/.local/bin/z3 SMTLIB2_COMPLIANT=true -memory:1024 -smt2 -in -t:12000 (exit command is (exit), workingDir is null)
[2026-09-30 15:34:25,944 INFO  L327       MonitoredProcess]: [MP /home/anissa/.local/bin/z3 SMTLIB2_COMPLIANT=true -memory:1024 -smt2 -in -t:12000 (12)] Waiting until timeout for monitored process
[2026-09-30 15:34:25,945 INFO  L120   nArgumentSynthesizer]: Termination Analysis Settings: Termination analysis: LINEARNumber of strict supporting invariants: 0Number of non-strict supporting invariants: 1Consider only non-deceasing supporting invariants: trueSimplify termination arguments: trueSimplify supporting invariants: trueOverapproximate stem: false
[2026-09-30 15:34:25,954 INFO  L338   nArgumentSynthesizer]: Template has degree 0.
[2026-09-30 15:34:25,955 INFO  L203   nArgumentSynthesizer]: 1 stem disjuncts
[2026-09-30 15:34:25,955 INFO  L204   nArgumentSynthesizer]: 1 loop disjuncts
[2026-09-30 15:34:25,955 INFO  L205   nArgumentSynthesizer]: 2 template conjuncts.
[2026-09-30 15:34:25,958 INFO  L402   nArgumentSynthesizer]: We have 6 Motzkin's Theorem applications.
[2026-09-30 15:34:25,959 INFO  L403   nArgumentSynthesizer]: A total of 2 supporting invariants were added.
[2026-09-30 15:34:25,966 INFO  L420   nArgumentSynthesizer]: Found a termination argument, trying to simplify.
[2026-09-30 15:34:25,971 INFO  L436   ModelExtractionUtils]: Simplification made 4 calls to the SMT solver.
[2026-09-30 15:34:25,971 INFO  L437   ModelExtractionUtils]: 17 out of 22 variables were initially zero. Simplification set additionally 1 variables to zero.
[2026-09-30 15:34:25,971 INFO  L173          SolverBuilder]: Constructing external solver with command: z3 SMTLIB2_COMPLIANT=true -memory:1024 -smt2 -in -t:12000
[2026-09-30 15:34:25,972 INFO  L189       MonitoredProcess]: No working directory specified, using /home/anissa/.local/bin/z3
[2026-09-30 15:34:25,974 INFO  L229       MonitoredProcess]: Starting monitored process 13 with /home/anissa/.local/bin/z3 SMTLIB2_COMPLIANT=true -memory:1024 -smt2 -in -t:12000 (exit command is (exit), workingDir is null)
[2026-09-30 15:34:25,974 INFO  L327       MonitoredProcess]: [MP /home/anissa/.local/bin/z3 SMTLIB2_COMPLIANT=true -memory:1024 -smt2 -in -t:12000 (13)] Waiting until timeout for monitored process
[2026-09-30 15:34:25,976 INFO  L436   nArgumentSynthesizer]: Simplifying supporting invariants...
[2026-09-30 15:34:25,989 INFO  L546       MonitoredProcess]: [MP /home/anissa/.local/bin/z3 SMTLIB2_COMPLIANT=true -memory:1024 -smt2 -in -t:12000 (13)] Ended with exit code 0
[2026-09-30 15:34:25,989 INFO  L439   nArgumentSynthesizer]: Removed 2 redundant supporting invariants from a total of 2.
[2026-09-30 15:34:25,992 INFO  L546       MonitoredProcess]: [MP /home/anissa/.local/bin/z3 SMTLIB2_COMPLIANT=true -memory:1024 -smt2 -in -t:12000 (12)] Ended with exit code 0
[2026-09-30 15:34:25,993 INFO  L500          LassoAnalysis]: Proved termination.
[2026-09-30 15:34:25,993 INFO  L501          LassoAnalysis]: Termination argument consisting of:
Ranking function f(main_~y~0, main_~n~0) = -2*main_~y~0 + 2*main_~n~0 + 1
Supporting invariants []
[2026-09-30 15:34:25,994 INFO  L156   tatePredicateManager]: 0 out of 0 supporting invariants were superfluous and have been removed
[2026-09-30 15:34:26,009 INFO  L160       PredicateUnifier]: Initialized classic predicate unifier
[2026-09-30 15:34:26,016 INFO  L108    AnnotateAndAsserter]: Assert order NOT_INCREMENTALLY partitioned 11 statements into 1 equivalence classes.
[2026-09-30 15:34:26,024 INFO  L111    AnnotateAndAsserter]: Assert order NOT_INCREMENTALLY issued 1 check-sat command(s) and asserted 11 of 11 statements.
[2026-09-30 15:34:26,024 INFO  L114    AnnotateAndAsserter]: Assert order NOT_INCREMENTALLY issued 1 check-sat command(s)
[2026-09-30 15:34:26,024 INFO  L115    AnnotateAndAsserter]: Conjunction of SSA is unsat
[2026-09-30 15:34:26,025 INFO  L256         TraceCheckSpWp]: Trace formula consists of 83 conjuncts, 6 conjuncts are in the unsatisfiable core
[2026-09-30 15:34:26,026 INFO  L279         TraceCheckSpWp]: Computing forward predicates...
[2026-09-30 15:34:26,088 INFO  L108    AnnotateAndAsserter]: Assert order NOT_INCREMENTALLY partitioned 2 statements into 1 equivalence classes.
[2026-09-30 15:34:26,090 INFO  L111    AnnotateAndAsserter]: Assert order NOT_INCREMENTALLY issued 1 check-sat command(s) and asserted 2 of 2 statements.
[2026-09-30 15:34:26,091 INFO  L114    AnnotateAndAsserter]: Assert order NOT_INCREMENTALLY issued 1 check-sat command(s)
[2026-09-30 15:34:26,091 INFO  L115    AnnotateAndAsserter]: Conjunction of SSA is unsat
[2026-09-30 15:34:26,091 WARN  L254         TraceCheckSpWp]: Trace formula consists of 7 conjuncts, 6 conjuncts are in the unsatisfiable core
[2026-09-30 15:34:26,092 INFO  L279         TraceCheckSpWp]: Computing forward predicates...
[2026-09-30 15:34:26,185 INFO  L134       CoverageAnalysis]: Checked inductivity of 0 backedges. 0 proven. 0 refuted. 0 times theorem prover too weak. 0 trivial. 0 not checked.
[2026-09-30 15:34:26,186 INFO  L141   lantAutomatonBouncer]: Defining deterministic Buchi interpolant automaton with honda bouncer for stem and without honda bouncer for loop.2 stem predicates 2 loop predicates 
[2026-09-30 15:34:26,186 INFO  L69     BuchiDifferenceNCSB]: Start buchiDifferenceNCSB. First operand 32 states and 40 transitions. cyclomatic complexity: 13 Second operand  has 4 states, 4 states have (on average 2.5) internal successors, (10), 4 states have internal predecessors, (10), 1 states have call successors, (2), 2 states have call predecessors, (2), 1 states have return successors, (1), 1 states have call predecessors, (1), 1 states have call successors, (1)
[2026-09-30 15:34:26,221 INFO  L73     BuchiDifferenceNCSB]: Finished buchiDifferenceNCSB. First operand 32 states and 40 transitions. cyclomatic complexity: 13. Second operand  has 4 states, 4 states have (on average 2.5) internal successors, (10), 4 states have internal predecessors, (10), 1 states have call successors, (2), 2 states have call predecessors, (2), 1 states have return successors, (1), 1 states have call predecessors, (1), 1 states have call successors, (1) Result 57 states and 73 transitions. Complement of second has 8 states.
[2026-09-30 15:34:26,221 INFO  L140   InterpolantAutomaton]: Switched to read-only mode: Buchi interpolant automaton has 5 states 2 stem states 2 non-accepting loop states 1 accepting loop states 
[2026-09-30 15:34:26,222 INFO  L82        GeneralOperation]: Start removeUnreachable. Operand  has 4 states, 4 states have (on average 2.5) internal successors, (10), 4 states have internal predecessors, (10), 1 states have call successors, (2), 2 states have call predecessors, (2), 1 states have return successors, (1), 1 states have call predecessors, (1), 1 states have call successors, (1)
[2026-09-30 15:34:26,222 INFO  L88        GeneralOperation]: Finished removeUnreachable. Reduced from 5 states to 5 states and 21 transitions.
[2026-09-30 15:34:26,223 INFO  L85            BuchiAccepts]: Start buchiAccepts Operand 5 states and 21 transitions. Stem has 11 letters. Loop has 2 letters.
[2026-09-30 15:34:26,223 INFO  L117           BuchiAccepts]: Finished buchiAccepts.
[2026-09-30 15:34:26,223 INFO  L85            BuchiAccepts]: Start buchiAccepts Operand 5 states and 21 transitions. Stem has 13 letters. Loop has 2 letters.
[2026-09-30 15:34:26,223 INFO  L117           BuchiAccepts]: Finished buchiAccepts.
[2026-09-30 15:34:26,223 INFO  L85            BuchiAccepts]: Start buchiAccepts Operand 5 states and 21 transitions. Stem has 11 letters. Loop has 4 letters.
[2026-09-30 15:34:26,223 INFO  L117           BuchiAccepts]: Finished buchiAccepts.
[2026-09-30 15:34:26,223 INFO  L82        GeneralOperation]: Start removeNonLiveStates. Operand 57 states and 73 transitions.
[2026-09-30 15:34:26,224 INFO  L131   ngComponentsAnalysis]: Automaton has 2 accepting balls. 4
[2026-09-30 15:34:26,225 INFO  L88        GeneralOperation]: Finished removeNonLiveStates. Reduced from 57 states to 54 states and 69 transitions.
[2026-09-30 15:34:26,225 INFO  L87         BuchiClosureNwa]: Accepting states before buchiClosure: 18
[2026-09-30 15:34:26,226 INFO  L106        BuchiClosureNwa]: Accepting states after buchiClosure: 19
[2026-09-30 15:34:26,226 INFO  L74         IsDeterministic]: Start isDeterministic. Operand 54 states and 69 transitions.
[2026-09-30 15:34:26,226 INFO  L81         IsDeterministic]: Finished isDeterministic. Operand is not deterministic.
[2026-09-30 15:34:26,226 INFO  L218   hiAutomatonCegarLoop]: Abstraction has 54 states and 69 transitions.
[2026-09-30 15:34:26,226 INFO  L82        GeneralOperation]: Start minimizeSevpa. Operand 54 states and 69 transitions.
[2026-09-30 15:34:26,227 INFO  L88        GeneralOperation]: Finished minimizeSevpa. Reduced states from 54 to 50.
[2026-09-30 15:34:26,228 INFO  L82        GeneralOperation]: Start removeUnreachable. Operand  has 50 states, 47 states have (on average 1.3191489361702127) internal successors, (62), 46 states have internal predecessors, (62), 2 states have call successors, (2), 2 states have call predecessors, (2), 1 states have return successors, (1), 1 states have call predecessors, (1), 1 states have call successors, (1)
[2026-09-30 15:34:26,228 INFO  L88        GeneralOperation]: Finished removeUnreachable. Reduced from 50 states to 50 states and 65 transitions.
[2026-09-30 15:34:26,228 INFO  L240   hiAutomatonCegarLoop]: Abstraction has 50 states and 65 transitions.
[2026-09-30 15:34:26,228 INFO  L464   stractBuchiCegarLoop]: Abstraction has 50 states and 65 transitions.
[2026-09-30 15:34:26,228 INFO  L363   stractBuchiCegarLoop]: ======== Iteration 5 ============
[2026-09-30 15:34:26,228 INFO  L73            BuchiIsEmpty]: Start buchiIsEmpty. Operand 50 states and 65 transitions.
[2026-09-30 15:34:26,229 INFO  L131   ngComponentsAnalysis]: Automaton has 2 accepting balls. 4
[2026-09-30 15:34:26,229 INFO  L88            BuchiIsEmpty]: Finished buchiIsEmpty Result is false
[2026-09-30 15:34:26,229 INFO  L120           BuchiIsEmpty]: Starting construction of run
[2026-09-30 15:34:26,229 INFO  L148   hiAutomatonCegarLoop]: Counterexample stem histogram [2, 2, 1, 1, 1, 1, 1, 1, 1, 1, 1, 1]
[2026-09-30 15:34:26,229 INFO  L149   hiAutomatonCegarLoop]: Counterexample loop histogram [1, 1]
[2026-09-30 15:34:26,230 INFO  L1146  eck$LassoCheckResult]: Stem: "call ULTIMATE.init();"< "assume true;" >"#28#return;" "call #t~ret7 := main();"< "havoc ~x~0;havoc ~y~0;havoc ~n~0;havoc #t~nondet0;assume -2147483648 <= #t~nondet0 && #t~nondet0 <= 2147483647;~n~0 := #t~nondet0;havoc #t~nondet0;havoc #t~nondet1;assume -2147483648 <= #t~nondet1 && #t~nondet1 <= 2147483647;~x~0 := #t~nondet1;havoc #t~nondet1;havoc #t~nondet2;assume -2147483648 <= #t~nondet2 && #t~nondet2 <= 2147483647;~y~0 := #t~nondet2;havoc #t~nondet2;" "assume ~x~0 >= 0;" "assume true;#t~short4 := ~y~0 >= 0;BeginParallelComposition{ParallelCodeBlock0: assume #t~short4;havoc #t~nondet3;assume -2147483648 <= #t~nondet3 && #t~nondet3 <= 2147483647;#t~short4 := 0 != #t~nondet3;ParallelCodeBlock1: assume !#t~short4;}EndParallelComposition" "assume !#t~short4;havoc #t~nondet3;havoc #t~short4;" "~x~0 := ~x~0 - 1;" "assume true;#t~short6 := ~y~0 <= ~n~0;BeginParallelComposition{ParallelCodeBlock0: assume #t~short6;havoc #t~nondet5;assume -2147483648 <= #t~nondet5 && #t~nondet5 <= 2147483647;#t~short6 := 0 != #t~nondet5;ParallelCodeBlock1: assume !#t~short6;}EndParallelComposition" "assume #t~short6;havoc #t~nondet5;havoc #t~short6;~y~0 := 1 + ~y~0;" "assume true;#t~short6 := ~y~0 <= ~n~0;BeginParallelComposition{ParallelCodeBlock0: assume #t~short6;havoc #t~nondet5;assume -2147483648 <= #t~nondet5 && #t~nondet5 <= 2147483647;#t~short6 := 0 != #t~nondet5;ParallelCodeBlock1: assume !#t~short6;}EndParallelComposition" "assume !#t~short6;havoc #t~nondet5;havoc #t~short6;" "assume ~x~0 >= 0;" 
[2026-09-30 15:34:26,230 INFO  L1148  eck$LassoCheckResult]: Loop: "assume true;#t~short4 := ~y~0 >= 0;BeginParallelComposition{ParallelCodeBlock0: assume #t~short4;havoc #t~nondet3;assume -2147483648 <= #t~nondet3 && #t~nondet3 <= 2147483647;#t~short4 := 0 != #t~nondet3;ParallelCodeBlock1: assume !#t~short4;}EndParallelComposition" "assume #t~short4;havoc #t~nondet3;havoc #t~short4;~y~0 := ~y~0 - 1;" 
[2026-09-30 15:34:26,230 INFO  L160       PredicateUnifier]: Initialized classic predicate unifier
[2026-09-30 15:34:26,230 INFO  L86        PathProgramCache]: Analyzing trace with hash 147872489, now seen corresponding path program 1 times
[2026-09-30 15:34:26,230 INFO  L118   FreeRefinementEngine]: Executing refinement strategy FIXED_PREFERENCES
[2026-09-30 15:34:26,230 INFO  L324   FreeRefinementEngine]: Using trace check IpTcStrategyModulePreferences [874913737]
[2026-09-30 15:34:26,230 INFO  L97    rtionOrderModulation]: Keeping assertion order NOT_INCREMENTALLY
[2026-09-30 15:34:26,230 INFO  L127          SolverBuilder]: Constructing new instance of SMTInterpol with explicit timeout -1 ms and remaining time -1 ms
[2026-09-30 15:34:26,234 INFO  L108    AnnotateAndAsserter]: Assert order NOT_INCREMENTALLY partitioned 14 statements into 1 equivalence classes.
[2026-09-30 15:34:26,239 INFO  L111    AnnotateAndAsserter]: Assert order NOT_INCREMENTALLY issued 1 check-sat command(s) and asserted 14 of 14 statements.
[2026-09-30 15:34:26,239 INFO  L114    AnnotateAndAsserter]: Assert order NOT_INCREMENTALLY issued 1 check-sat command(s)
[2026-09-30 15:34:26,240 INFO  L115    AnnotateAndAsserter]: Conjunction of SSA is sat
[2026-09-30 15:34:26,240 INFO  L348             TraceCheck]: Trace is feasible, we will do another trace check, this time with branch encoders.
[2026-09-30 15:34:26,241 INFO  L108    AnnotateAndAsserter]: Assert order NOT_INCREMENTALLY partitioned 14 statements into 1 equivalence classes.
[2026-09-30 15:34:26,245 INFO  L111    AnnotateAndAsserter]: Assert order NOT_INCREMENTALLY issued 1 check-sat command(s) and asserted 14 of 14 statements.
[2026-09-30 15:34:26,245 INFO  L114    AnnotateAndAsserter]: Assert order NOT_INCREMENTALLY issued 1 check-sat command(s)
[2026-09-30 15:34:26,245 INFO  L115    AnnotateAndAsserter]: Conjunction of SSA is sat
[2026-09-30 15:34:26,246 INFO  L130   FreeRefinementEngine]: Strategy FIXED_PREFERENCES found a feasible trace
[2026-09-30 15:34:26,247 INFO  L160       PredicateUnifier]: Initialized classic predicate unifier
[2026-09-30 15:34:26,247 INFO  L86        PathProgramCache]: Analyzing trace with hash 2001, now seen corresponding path program 2 times
[2026-09-30 15:34:26,247 INFO  L118   FreeRefinementEngine]: Executing refinement strategy FIXED_PREFERENCES
[2026-09-30 15:34:26,247 INFO  L324   FreeRefinementEngine]: Using trace check IpTcStrategyModulePreferences [854854709]
[2026-09-30 15:34:26,247 INFO  L97    rtionOrderModulation]: Keeping assertion order NOT_INCREMENTALLY
[2026-09-30 15:34:26,247 INFO  L127          SolverBuilder]: Constructing new instance of SMTInterpol with explicit timeout -1 ms and remaining time -1 ms
[2026-09-30 15:34:26,249 INFO  L108    AnnotateAndAsserter]: Assert order NOT_INCREMENTALLY partitioned 2 statements into 1 equivalence classes.
[2026-09-30 15:34:26,251 INFO  L111    AnnotateAndAsserter]: Assert order NOT_INCREMENTALLY issued 1 check-sat command(s) and asserted 2 of 2 statements.
[2026-09-30 15:34:26,251 INFO  L114    AnnotateAndAsserter]: Assert order NOT_INCREMENTALLY issued 1 check-sat command(s)
[2026-09-30 15:34:26,251 INFO  L115    AnnotateAndAsserter]: Conjunction of SSA is sat
[2026-09-30 15:34:26,251 INFO  L348             TraceCheck]: Trace is feasible, we will do another trace check, this time with branch encoders.
[2026-09-30 15:34:26,252 INFO  L108    AnnotateAndAsserter]: Assert order NOT_INCREMENTALLY partitioned 2 statements into 1 equivalence classes.
[2026-09-30 15:34:26,253 INFO  L111    AnnotateAndAsserter]: Assert order NOT_INCREMENTALLY issued 1 check-sat command(s) and asserted 2 of 2 statements.
[2026-09-30 15:34:26,253 INFO  L114    AnnotateAndAsserter]: Assert order NOT_INCREMENTALLY issued 1 check-sat command(s)
[2026-09-30 15:34:26,253 INFO  L115    AnnotateAndAsserter]: Conjunction of SSA is sat
[2026-09-30 15:34:26,254 INFO  L130   FreeRefinementEngine]: Strategy FIXED_PREFERENCES found a feasible trace
[2026-09-30 15:34:26,254 INFO  L160       PredicateUnifier]: Initialized classic predicate unifier
[2026-09-30 15:34:26,254 INFO  L86        PathProgramCache]: Analyzing trace with hash 371542201, now seen corresponding path program 1 times
[2026-09-30 15:34:26,254 INFO  L118   FreeRefinementEngine]: Executing refinement strategy FIXED_PREFERENCES
[2026-09-30 15:34:26,255 INFO  L324   FreeRefinementEngine]: Using trace check IpTcStrategyModulePreferences [1866963635]
[2026-09-30 15:34:26,255 INFO  L97    rtionOrderModulation]: Keeping assertion order NOT_INCREMENTALLY
[2026-09-30 15:34:26,255 INFO  L127          SolverBuilder]: Constructing new instance of SMTInterpol with explicit timeout -1 ms and remaining time -1 ms
[2026-09-30 15:34:26,259 INFO  L108    AnnotateAndAsserter]: Assert order NOT_INCREMENTALLY partitioned 16 statements into 1 equivalence classes.
[2026-09-30 15:34:26,264 INFO  L111    AnnotateAndAsserter]: Assert order NOT_INCREMENTALLY issued 1 check-sat command(s) and asserted 16 of 16 statements.
[2026-09-30 15:34:26,264 INFO  L114    AnnotateAndAsserter]: Assert order NOT_INCREMENTALLY issued 1 check-sat command(s)
[2026-09-30 15:34:26,264 INFO  L115    AnnotateAndAsserter]: Conjunction of SSA is sat
[2026-09-30 15:34:26,264 INFO  L348             TraceCheck]: Trace is feasible, we will do another trace check, this time with branch encoders.
[2026-09-30 15:34:26,265 INFO  L108    AnnotateAndAsserter]: Assert order NOT_INCREMENTALLY partitioned 16 statements into 1 equivalence classes.
[2026-09-30 15:34:26,272 INFO  L111    AnnotateAndAsserter]: Assert order NOT_INCREMENTALLY issued 1 check-sat command(s) and asserted 16 of 16 statements.
[2026-09-30 15:34:26,272 INFO  L114    AnnotateAndAsserter]: Assert order NOT_INCREMENTALLY issued 1 check-sat command(s)
[2026-09-30 15:34:26,272 INFO  L115    AnnotateAndAsserter]: Conjunction of SSA is sat
[2026-09-30 15:34:26,274 INFO  L130   FreeRefinementEngine]: Strategy FIXED_PREFERENCES found a feasible trace
[2026-09-30 15:34:26,311 INFO  L214          LassoAnalysis]: Preferences:
[2026-09-30 15:34:26,311 INFO  L125   ssoRankerPreferences]: Compute integeral hull: false
[2026-09-30 15:34:26,311 INFO  L126   ssoRankerPreferences]: Enable LassoPartitioneer: false
[2026-09-30 15:34:26,311 INFO  L127   ssoRankerPreferences]: Term annotations enabled: false
[2026-09-30 15:34:26,311 INFO  L128   ssoRankerPreferences]: Use exernal solver: true
[2026-09-30 15:34:26,311 INFO  L129   ssoRankerPreferences]: SMT solver command: z3 SMTLIB2_COMPLIANT=true -memory:1024 -smt2 -in -t:12000
[2026-09-30 15:34:26,311 INFO  L130   ssoRankerPreferences]: Dump SMT script to file: false
[2026-09-30 15:34:26,311 INFO  L131   ssoRankerPreferences]: Path of dumped script: 
[2026-09-30 15:34:26,311 INFO  L132   ssoRankerPreferences]: Filename of dumped script: AliasDarteFeautrierGonnord-SAS2010-counterex1b_true-termination.c_Iteration5_Loop
[2026-09-30 15:34:26,311 INFO  L133   ssoRankerPreferences]: MapElimAlgo: Matthias
[2026-09-30 15:34:26,311 INFO  L251          LassoAnalysis]: Starting lasso preprocessing...
[2026-09-30 15:34:26,337 INFO  L270          LassoAnalysis]: Preprocessing complete.
[2026-09-30 15:34:26,337 INFO  L387          LassoAnalysis]: Checking for nontermination...
[2026-09-30 15:34:26,338 INFO  L173          SolverBuilder]: Constructing external solver with command: z3 SMTLIB2_COMPLIANT=true -memory:1024 -smt2 -in -t:12000
[2026-09-30 15:34:26,338 INFO  L189       MonitoredProcess]: No working directory specified, using /home/anissa/.local/bin/z3
[2026-09-30 15:34:26,341 INFO  L229       MonitoredProcess]: Starting monitored process 14 with /home/anissa/.local/bin/z3 SMTLIB2_COMPLIANT=true -memory:1024 -smt2 -in -t:12000 (exit command is (exit), workingDir is null)
[2026-09-30 15:34:26,342 INFO  L327       MonitoredProcess]: [MP /home/anissa/.local/bin/z3 SMTLIB2_COMPLIANT=true -memory:1024 -smt2 -in -t:12000 (14)] Waiting until timeout for monitored process
[2026-09-30 15:34:26,343 INFO  L148   nArgumentSynthesizer]: Nontermination analysis: LINEAR Allow bounded executions: true Number of generalized eigenvectors: 0 Nilpotent components: true
[2026-09-30 15:34:26,343 INFO  L160   nArgumentSynthesizer]: Using integer mode.
[2026-09-30 15:34:26,358 INFO  L546       MonitoredProcess]: [MP /home/anissa/.local/bin/z3 SMTLIB2_COMPLIANT=true -memory:1024 -smt2 -in -t:12000 (14)] Ended with exit code 0
[2026-09-30 15:34:26,358 INFO  L173          SolverBuilder]: Constructing external solver with command: z3 SMTLIB2_COMPLIANT=true -memory:1024 -smt2 -in -t:12000
[2026-09-30 15:34:26,359 INFO  L189       MonitoredProcess]: No working directory specified, using /home/anissa/.local/bin/z3
[2026-09-30 15:34:26,362 INFO  L229       MonitoredProcess]: Starting monitored process 15 with /home/anissa/.local/bin/z3 SMTLIB2_COMPLIANT=true -memory:1024 -smt2 -in -t:12000 (exit command is (exit), workingDir is null)
[2026-09-30 15:34:26,363 INFO  L327       MonitoredProcess]: [MP /home/anissa/.local/bin/z3 SMTLIB2_COMPLIANT=true -memory:1024 -smt2 -in -t:12000 (15)] Waiting until timeout for monitored process
[2026-09-30 15:34:26,364 INFO  L148   nArgumentSynthesizer]: Nontermination analysis: LINEAR Allow bounded executions: true Number of generalized eigenvectors: 3 Nilpotent components: true
[2026-09-30 15:34:26,364 INFO  L160   nArgumentSynthesizer]: Using integer mode.
[2026-09-30 15:34:26,382 INFO  L546       MonitoredProcess]: [MP /home/anissa/.local/bin/z3 SMTLIB2_COMPLIANT=true -memory:1024 -smt2 -in -t:12000 (15)] Ended with exit code 0
[2026-09-30 15:34:26,383 INFO  L429          LassoAnalysis]: Proving nontermination failed: No geometric nontermination argument exists.
[2026-09-30 15:34:26,383 INFO  L214          LassoAnalysis]: Preferences:
[2026-09-30 15:34:26,383 INFO  L125   ssoRankerPreferences]: Compute integeral hull: false
[2026-09-30 15:34:26,383 INFO  L126   ssoRankerPreferences]: Enable LassoPartitioneer: false
[2026-09-30 15:34:26,383 INFO  L127   ssoRankerPreferences]: Term annotations enabled: false
[2026-09-30 15:34:26,383 INFO  L128   ssoRankerPreferences]: Use exernal solver: true
[2026-09-30 15:34:26,383 INFO  L129   ssoRankerPreferences]: SMT solver command: z3 SMTLIB2_COMPLIANT=true -memory:1024 -smt2 -in -t:12000
[2026-09-30 15:34:26,383 INFO  L130   ssoRankerPreferences]: Dump SMT script to file: false
[2026-09-30 15:34:26,383 INFO  L131   ssoRankerPreferences]: Path of dumped script: 
[2026-09-30 15:34:26,383 INFO  L132   ssoRankerPreferences]: Filename of dumped script: AliasDarteFeautrierGonnord-SAS2010-counterex1b_true-termination.c_Iteration5_Loop
[2026-09-30 15:34:26,383 INFO  L133   ssoRankerPreferences]: MapElimAlgo: Matthias
[2026-09-30 15:34:26,383 INFO  L251          LassoAnalysis]: Starting lasso preprocessing...
[2026-09-30 15:34:26,407 INFO  L270          LassoAnalysis]: Preprocessing complete.
[2026-09-30 15:34:26,408 INFO  L474          LassoAnalysis]: Using template 'affine'.
[2026-09-30 15:34:26,408 INFO  L173          SolverBuilder]: Constructing external solver with command: z3 SMTLIB2_COMPLIANT=true -memory:1024 -smt2 -in -t:12000
[2026-09-30 15:34:26,408 INFO  L189       MonitoredProcess]: No working directory specified, using /home/anissa/.local/bin/z3
[2026-09-30 15:34:26,410 INFO  L229       MonitoredProcess]: Starting monitored process 16 with /home/anissa/.local/bin/z3 SMTLIB2_COMPLIANT=true -memory:1024 -smt2 -in -t:12000 (exit command is (exit), workingDir is null)
[2026-09-30 15:34:26,411 INFO  L327       MonitoredProcess]: [MP /home/anissa/.local/bin/z3 SMTLIB2_COMPLIANT=true -memory:1024 -smt2 -in -t:12000 (16)] Waiting until timeout for monitored process
[2026-09-30 15:34:26,412 INFO  L120   nArgumentSynthesizer]: Termination Analysis Settings: Termination analysis: LINEARNumber of strict supporting invariants: 0Number of non-strict supporting invariants: 1Consider only non-deceasing supporting invariants: trueSimplify termination arguments: trueSimplify supporting invariants: trueOverapproximate stem: false
[2026-09-30 15:34:26,422 INFO  L338   nArgumentSynthesizer]: Template has degree 0.
[2026-09-30 15:34:26,422 INFO  L203   nArgumentSynthesizer]: 1 stem disjuncts
[2026-09-30 15:34:26,422 INFO  L204   nArgumentSynthesizer]: 1 loop disjuncts
[2026-09-30 15:34:26,422 INFO  L205   nArgumentSynthesizer]: 2 template conjuncts.
[2026-09-30 15:34:26,425 INFO  L402   nArgumentSynthesizer]: We have 6 Motzkin's Theorem applications.
[2026-09-30 15:34:26,425 INFO  L403   nArgumentSynthesizer]: A total of 2 supporting invariants were added.
[2026-09-30 15:34:26,431 INFO  L420   nArgumentSynthesizer]: Found a termination argument, trying to simplify.
[2026-09-30 15:34:26,440 INFO  L436   ModelExtractionUtils]: Simplification made 8 calls to the SMT solver.
[2026-09-30 15:34:26,440 INFO  L437   ModelExtractionUtils]: 9 out of 19 variables were initially zero. Simplification set additionally 7 variables to zero.
[2026-09-30 15:34:26,440 INFO  L173          SolverBuilder]: Constructing external solver with command: z3 SMTLIB2_COMPLIANT=true -memory:1024 -smt2 -in -t:12000
[2026-09-30 15:34:26,441 INFO  L189       MonitoredProcess]: No working directory specified, using /home/anissa/.local/bin/z3
[2026-09-30 15:34:26,442 INFO  L229       MonitoredProcess]: Starting monitored process 17 with /home/anissa/.local/bin/z3 SMTLIB2_COMPLIANT=true -memory:1024 -smt2 -in -t:12000 (exit command is (exit), workingDir is null)
[2026-09-30 15:34:26,443 INFO  L327       MonitoredProcess]: [MP /home/anissa/.local/bin/z3 SMTLIB2_COMPLIANT=true -memory:1024 -smt2 -in -t:12000 (17)] Waiting until timeout for monitored process
[2026-09-30 15:34:26,444 INFO  L436   nArgumentSynthesizer]: Simplifying supporting invariants...
[2026-09-30 15:34:26,457 INFO  L546       MonitoredProcess]: [MP /home/anissa/.local/bin/z3 SMTLIB2_COMPLIANT=true -memory:1024 -smt2 -in -t:12000 (17)] Ended with exit code 0
[2026-09-30 15:34:26,457 INFO  L439   nArgumentSynthesizer]: Removed 2 redundant supporting invariants from a total of 2.
[2026-09-30 15:34:26,460 INFO  L546       MonitoredProcess]: [MP /home/anissa/.local/bin/z3 SMTLIB2_COMPLIANT=true -memory:1024 -smt2 -in -t:12000 (16)] Ended with exit code 0
[2026-09-30 15:34:26,460 INFO  L500          LassoAnalysis]: Proved termination.
[2026-09-30 15:34:26,461 INFO  L501          LassoAnalysis]: Termination argument consisting of:
Ranking function f(main_~y~0, v_rep~unnamed0~0~true_8) = 2*main_~y~0 + 1*v_rep~unnamed0~0~true_8
Supporting invariants []
[2026-09-30 15:34:26,461 INFO  L156   tatePredicateManager]: 0 out of 0 supporting invariants were superfluous and have been removed
[2026-09-30 15:34:26,462 WARN  L873   BoogieBacktranslator]: Unfinished Backtranslation: Unknown variable: ~unnamed0~0~true
[2026-09-30 15:34:26,469 INFO  L160       PredicateUnifier]: Initialized classic predicate unifier
[2026-09-30 15:34:26,474 INFO  L108    AnnotateAndAsserter]: Assert order NOT_INCREMENTALLY partitioned 14 statements into 1 equivalence classes.
[2026-09-30 15:34:26,481 INFO  L111    AnnotateAndAsserter]: Assert order NOT_INCREMENTALLY issued 1 check-sat command(s) and asserted 14 of 14 statements.
[2026-09-30 15:34:26,481 INFO  L114    AnnotateAndAsserter]: Assert order NOT_INCREMENTALLY issued 1 check-sat command(s)
[2026-09-30 15:34:26,481 INFO  L115    AnnotateAndAsserter]: Conjunction of SSA is unsat
[2026-09-30 15:34:26,481 INFO  L256         TraceCheckSpWp]: Trace formula consists of 87 conjuncts, 6 conjuncts are in the unsatisfiable core
[2026-09-30 15:34:26,482 INFO  L279         TraceCheckSpWp]: Computing forward predicates...
[2026-09-30 15:34:26,510 INFO  L108    AnnotateAndAsserter]: Assert order NOT_INCREMENTALLY partitioned 2 statements into 1 equivalence classes.
[2026-09-30 15:34:26,511 INFO  L111    AnnotateAndAsserter]: Assert order NOT_INCREMENTALLY issued 1 check-sat command(s) and asserted 2 of 2 statements.
[2026-09-30 15:34:26,511 INFO  L114    AnnotateAndAsserter]: Assert order NOT_INCREMENTALLY issued 1 check-sat command(s)
[2026-09-30 15:34:26,511 INFO  L115    AnnotateAndAsserter]: Conjunction of SSA is unsat
[2026-09-30 15:34:26,511 WARN  L254         TraceCheckSpWp]: Trace formula consists of 7 conjuncts, 6 conjuncts are in the unsatisfiable core
[2026-09-30 15:34:26,511 INFO  L279         TraceCheckSpWp]: Computing forward predicates...
[2026-09-30 15:34:26,569 INFO  L134       CoverageAnalysis]: Checked inductivity of 0 backedges. 0 proven. 0 refuted. 0 times theorem prover too weak. 0 trivial. 0 not checked.
[2026-09-30 15:34:26,569 INFO  L141   lantAutomatonBouncer]: Defining deterministic Buchi interpolant automaton with honda bouncer for stem and without honda bouncer for loop.2 stem predicates 2 loop predicates 
[2026-09-30 15:34:26,569 INFO  L69     BuchiDifferenceNCSB]: Start buchiDifferenceNCSB. First operand 50 states and 65 transitions. cyclomatic complexity: 23 Second operand  has 4 states, 4 states have (on average 3.0) internal successors, (12), 4 states have internal predecessors, (12), 1 states have call successors, (2), 2 states have call predecessors, (2), 1 states have return successors, (1), 1 states have call predecessors, (1), 1 states have call successors, (1)
[2026-09-30 15:34:26,594 INFO  L73     BuchiDifferenceNCSB]: Finished buchiDifferenceNCSB. First operand 50 states and 65 transitions. cyclomatic complexity: 23. Second operand  has 4 states, 4 states have (on average 3.0) internal successors, (12), 4 states have internal predecessors, (12), 1 states have call successors, (2), 2 states have call predecessors, (2), 1 states have return successors, (1), 1 states have call predecessors, (1), 1 states have call successors, (1) Result 63 states and 80 transitions. Complement of second has 8 states.
[2026-09-30 15:34:26,595 INFO  L140   InterpolantAutomaton]: Switched to read-only mode: Buchi interpolant automaton has 5 states 2 stem states 2 non-accepting loop states 1 accepting loop states 
[2026-09-30 15:34:26,595 INFO  L82        GeneralOperation]: Start removeUnreachable. Operand  has 4 states, 4 states have (on average 3.0) internal successors, (12), 4 states have internal predecessors, (12), 1 states have call successors, (2), 2 states have call predecessors, (2), 1 states have return successors, (1), 1 states have call predecessors, (1), 1 states have call successors, (1)
[2026-09-30 15:34:26,596 INFO  L88        GeneralOperation]: Finished removeUnreachable. Reduced from 5 states to 5 states and 14 transitions.
[2026-09-30 15:34:26,596 INFO  L85            BuchiAccepts]: Start buchiAccepts Operand 5 states and 14 transitions. Stem has 14 letters. Loop has 2 letters.
[2026-09-30 15:34:26,596 INFO  L117           BuchiAccepts]: Finished buchiAccepts.
[2026-09-30 15:34:26,596 INFO  L742   stractBuchiCegarLoop]: Bad chosen interpolant automaton: word not accepted
[2026-09-30 15:34:26,602 INFO  L160       PredicateUnifier]: Initialized classic predicate unifier
[2026-09-30 15:34:26,607 INFO  L108    AnnotateAndAsserter]: Assert order NOT_INCREMENTALLY partitioned 14 statements into 1 equivalence classes.
[2026-09-30 15:34:26,614 INFO  L111    AnnotateAndAsserter]: Assert order NOT_INCREMENTALLY issued 1 check-sat command(s) and asserted 14 of 14 statements.
[2026-09-30 15:34:26,614 INFO  L114    AnnotateAndAsserter]: Assert order NOT_INCREMENTALLY issued 1 check-sat command(s)
[2026-09-30 15:34:26,614 INFO  L115    AnnotateAndAsserter]: Conjunction of SSA is unsat
[2026-09-30 15:34:26,615 INFO  L256         TraceCheckSpWp]: Trace formula consists of 87 conjuncts, 6 conjuncts are in the unsatisfiable core
[2026-09-30 15:34:26,615 INFO  L279         TraceCheckSpWp]: Computing forward predicates...
[2026-09-30 15:34:26,643 INFO  L108    AnnotateAndAsserter]: Assert order NOT_INCREMENTALLY partitioned 2 statements into 1 equivalence classes.
[2026-09-30 15:34:26,645 INFO  L111    AnnotateAndAsserter]: Assert order NOT_INCREMENTALLY issued 1 check-sat command(s) and asserted 2 of 2 statements.
[2026-09-30 15:34:26,645 INFO  L114    AnnotateAndAsserter]: Assert order NOT_INCREMENTALLY issued 1 check-sat command(s)
[2026-09-30 15:34:26,645 INFO  L115    AnnotateAndAsserter]: Conjunction of SSA is unsat
[2026-09-30 15:34:26,645 WARN  L254         TraceCheckSpWp]: Trace formula consists of 7 conjuncts, 6 conjuncts are in the unsatisfiable core
[2026-09-30 15:34:26,646 INFO  L279         TraceCheckSpWp]: Computing forward predicates...
[2026-09-30 15:34:26,695 INFO  L134       CoverageAnalysis]: Checked inductivity of 0 backedges. 0 proven. 0 refuted. 0 times theorem prover too weak. 0 trivial. 0 not checked.
[2026-09-30 15:34:26,696 INFO  L141   lantAutomatonBouncer]: Defining deterministic Buchi interpolant automaton with honda bouncer for stem and with honda bouncer for loop.2 stem predicates 2 loop predicates 
[2026-09-30 15:34:26,696 INFO  L69     BuchiDifferenceNCSB]: Start buchiDifferenceNCSB. First operand 50 states and 65 transitions. cyclomatic complexity: 23 Second operand  has 4 states, 4 states have (on average 3.0) internal successors, (12), 4 states have internal predecessors, (12), 1 states have call successors, (2), 2 states have call predecessors, (2), 1 states have return successors, (1), 1 states have call predecessors, (1), 1 states have call successors, (1)
[2026-09-30 15:34:26,721 INFO  L73     BuchiDifferenceNCSB]: Finished buchiDifferenceNCSB. First operand 50 states and 65 transitions. cyclomatic complexity: 23. Second operand  has 4 states, 4 states have (on average 3.0) internal successors, (12), 4 states have internal predecessors, (12), 1 states have call successors, (2), 2 states have call predecessors, (2), 1 states have return successors, (1), 1 states have call predecessors, (1), 1 states have call successors, (1) Result 63 states and 80 transitions. Complement of second has 8 states.
[2026-09-30 15:34:26,721 INFO  L140   InterpolantAutomaton]: Switched to read-only mode: Buchi interpolant automaton has 5 states 2 stem states 2 non-accepting loop states 1 accepting loop states 
[2026-09-30 15:34:26,722 INFO  L82        GeneralOperation]: Start removeUnreachable. Operand  has 4 states, 4 states have (on average 3.0) internal successors, (12), 4 states have internal predecessors, (12), 1 states have call successors, (2), 2 states have call predecessors, (2), 1 states have return successors, (1), 1 states have call predecessors, (1), 1 states have call successors, (1)
[2026-09-30 15:34:26,723 INFO  L88        GeneralOperation]: Finished removeUnreachable. Reduced from 5 states to 5 states and 14 transitions.
[2026-09-30 15:34:26,723 INFO  L85            BuchiAccepts]: Start buchiAccepts Operand 5 states and 14 transitions. Stem has 14 letters. Loop has 2 letters.
[2026-09-30 15:34:26,723 INFO  L117           BuchiAccepts]: Finished buchiAccepts.
[2026-09-30 15:34:26,723 INFO  L742   stractBuchiCegarLoop]: Bad chosen interpolant automaton: word not accepted
[2026-09-30 15:34:26,729 INFO  L160       PredicateUnifier]: Initialized classic predicate unifier
[2026-09-30 15:34:26,733 INFO  L108    AnnotateAndAsserter]: Assert order NOT_INCREMENTALLY partitioned 14 statements into 1 equivalence classes.
[2026-09-30 15:34:26,739 INFO  L111    AnnotateAndAsserter]: Assert order NOT_INCREMENTALLY issued 1 check-sat command(s) and asserted 14 of 14 statements.
[2026-09-30 15:34:26,739 INFO  L114    AnnotateAndAsserter]: Assert order NOT_INCREMENTALLY issued 1 check-sat command(s)
[2026-09-30 15:34:26,739 INFO  L115    AnnotateAndAsserter]: Conjunction of SSA is unsat
[2026-09-30 15:34:26,740 INFO  L256         TraceCheckSpWp]: Trace formula consists of 87 conjuncts, 6 conjuncts are in the unsatisfiable core
[2026-09-30 15:34:26,741 INFO  L279         TraceCheckSpWp]: Computing forward predicates...
[2026-09-30 15:34:26,766 INFO  L108    AnnotateAndAsserter]: Assert order NOT_INCREMENTALLY partitioned 2 statements into 1 equivalence classes.
[2026-09-30 15:34:26,767 INFO  L111    AnnotateAndAsserter]: Assert order NOT_INCREMENTALLY issued 1 check-sat command(s) and asserted 2 of 2 statements.
[2026-09-30 15:34:26,767 INFO  L114    AnnotateAndAsserter]: Assert order NOT_INCREMENTALLY issued 1 check-sat command(s)
[2026-09-30 15:34:26,767 INFO  L115    AnnotateAndAsserter]: Conjunction of SSA is unsat
[2026-09-30 15:34:26,767 WARN  L254         TraceCheckSpWp]: Trace formula consists of 7 conjuncts, 6 conjuncts are in the unsatisfiable core
[2026-09-30 15:34:26,768 INFO  L279         TraceCheckSpWp]: Computing forward predicates...
[2026-09-30 15:34:26,815 INFO  L134       CoverageAnalysis]: Checked inductivity of 0 backedges. 0 proven. 0 refuted. 0 times theorem prover too weak. 0 trivial. 0 not checked.
[2026-09-30 15:34:26,815 INFO  L141   lantAutomatonBouncer]: Defining Buchi interpolant automaton with scrooge nondeterminism in stemwith honda bouncer for stem and without honda bouncer for loop.2 stem predicates 2 loop predicates 
[2026-09-30 15:34:26,816 INFO  L69     BuchiDifferenceNCSB]: Start buchiDifferenceNCSB. First operand 50 states and 65 transitions. cyclomatic complexity: 23 Second operand  has 4 states, 4 states have (on average 3.0) internal successors, (12), 4 states have internal predecessors, (12), 1 states have call successors, (2), 2 states have call predecessors, (2), 1 states have return successors, (1), 1 states have call predecessors, (1), 1 states have call successors, (1)
[2026-09-30 15:34:26,852 INFO  L73     BuchiDifferenceNCSB]: Finished buchiDifferenceNCSB. First operand 50 states and 65 transitions. cyclomatic complexity: 23. Second operand  has 4 states, 4 states have (on average 3.0) internal successors, (12), 4 states have internal predecessors, (12), 1 states have call successors, (2), 2 states have call predecessors, (2), 1 states have return successors, (1), 1 states have call predecessors, (1), 1 states have call successors, (1) Result 101 states and 127 transitions. Complement of second has 9 states.
[2026-09-30 15:34:26,852 INFO  L140   InterpolantAutomaton]: Switched to read-only mode: Buchi interpolant automaton has 5 states 2 stem states 2 non-accepting loop states 1 accepting loop states 
[2026-09-30 15:34:26,853 INFO  L82        GeneralOperation]: Start removeUnreachable. Operand  has 4 states, 4 states have (on average 3.0) internal successors, (12), 4 states have internal predecessors, (12), 1 states have call successors, (2), 2 states have call predecessors, (2), 1 states have return successors, (1), 1 states have call predecessors, (1), 1 states have call successors, (1)
[2026-09-30 15:34:26,853 INFO  L88        GeneralOperation]: Finished removeUnreachable. Reduced from 5 states to 5 states and 22 transitions.
[2026-09-30 15:34:26,853 INFO  L85            BuchiAccepts]: Start buchiAccepts Operand 5 states and 22 transitions. Stem has 14 letters. Loop has 2 letters.
[2026-09-30 15:34:26,853 INFO  L117           BuchiAccepts]: Finished buchiAccepts.
[2026-09-30 15:34:26,853 INFO  L85            BuchiAccepts]: Start buchiAccepts Operand 5 states and 22 transitions. Stem has 16 letters. Loop has 2 letters.
[2026-09-30 15:34:26,854 INFO  L117           BuchiAccepts]: Finished buchiAccepts.
[2026-09-30 15:34:26,854 INFO  L85            BuchiAccepts]: Start buchiAccepts Operand 5 states and 22 transitions. Stem has 14 letters. Loop has 4 letters.
[2026-09-30 15:34:26,854 INFO  L117           BuchiAccepts]: Finished buchiAccepts.
[2026-09-30 15:34:26,854 INFO  L82        GeneralOperation]: Start removeNonLiveStates. Operand 101 states and 127 transitions.
[2026-09-30 15:34:26,856 INFO  L131   ngComponentsAnalysis]: Automaton has 1 accepting balls. 2
[2026-09-30 15:34:26,857 INFO  L88        GeneralOperation]: Finished removeNonLiveStates. Reduced from 101 states to 57 states and 69 transitions.
[2026-09-30 15:34:26,857 INFO  L87         BuchiClosureNwa]: Accepting states before buchiClosure: 9
[2026-09-30 15:34:26,857 INFO  L106        BuchiClosureNwa]: Accepting states after buchiClosure: 9
[2026-09-30 15:34:26,857 INFO  L74         IsDeterministic]: Start isDeterministic. Operand 57 states and 69 transitions.
[2026-09-30 15:34:26,857 INFO  L81         IsDeterministic]: Finished isDeterministic. Operand is not deterministic.
[2026-09-30 15:34:26,857 INFO  L218   hiAutomatonCegarLoop]: Abstraction has 57 states and 69 transitions.
[2026-09-30 15:34:26,858 INFO  L82        GeneralOperation]: Start minimizeSevpa. Operand 57 states and 69 transitions.
[2026-09-30 15:34:26,859 INFO  L88        GeneralOperation]: Finished minimizeSevpa. Reduced states from 57 to 38.
[2026-09-30 15:34:26,860 INFO  L82        GeneralOperation]: Start removeUnreachable. Operand  has 38 states, 35 states have (on average 1.2571428571428571) internal successors, (44), 34 states have internal predecessors, (44), 2 states have call successors, (2), 2 states have call predecessors, (2), 1 states have return successors, (1), 1 states have call predecessors, (1), 1 states have call successors, (1)
[2026-09-30 15:34:26,860 INFO  L88        GeneralOperation]: Finished removeUnreachable. Reduced from 38 states to 38 states and 47 transitions.
[2026-09-30 15:34:26,860 INFO  L240   hiAutomatonCegarLoop]: Abstraction has 38 states and 47 transitions.
[2026-09-30 15:34:26,860 INFO  L464   stractBuchiCegarLoop]: Abstraction has 38 states and 47 transitions.
[2026-09-30 15:34:26,860 INFO  L363   stractBuchiCegarLoop]: ======== Iteration 6 ============
[2026-09-30 15:34:26,860 INFO  L73            BuchiIsEmpty]: Start buchiIsEmpty. Operand 38 states and 47 transitions.
[2026-09-30 15:34:26,861 INFO  L131   ngComponentsAnalysis]: Automaton has 1 accepting balls. 2
[2026-09-30 15:34:26,861 INFO  L88            BuchiIsEmpty]: Finished buchiIsEmpty Result is false
[2026-09-30 15:34:26,861 INFO  L120           BuchiIsEmpty]: Starting construction of run
[2026-09-30 15:34:26,861 INFO  L148   hiAutomatonCegarLoop]: Counterexample stem histogram [3, 3, 2, 2, 2, 1, 1, 1, 1, 1, 1, 1, 1]
[2026-09-30 15:34:26,861 INFO  L149   hiAutomatonCegarLoop]: Counterexample loop histogram [1, 1]
[2026-09-30 15:34:26,861 INFO  L1146  eck$LassoCheckResult]: Stem: "call ULTIMATE.init();"< "assume true;" >"#28#return;" "call #t~ret7 := main();"< "havoc ~x~0;havoc ~y~0;havoc ~n~0;havoc #t~nondet0;assume -2147483648 <= #t~nondet0 && #t~nondet0 <= 2147483647;~n~0 := #t~nondet0;havoc #t~nondet0;havoc #t~nondet1;assume -2147483648 <= #t~nondet1 && #t~nondet1 <= 2147483647;~x~0 := #t~nondet1;havoc #t~nondet1;havoc #t~nondet2;assume -2147483648 <= #t~nondet2 && #t~nondet2 <= 2147483647;~y~0 := #t~nondet2;havoc #t~nondet2;" "assume ~x~0 >= 0;" "assume true;#t~short4 := ~y~0 >= 0;BeginParallelComposition{ParallelCodeBlock0: assume #t~short4;havoc #t~nondet3;assume -2147483648 <= #t~nondet3 && #t~nondet3 <= 2147483647;#t~short4 := 0 != #t~nondet3;ParallelCodeBlock1: assume !#t~short4;}EndParallelComposition" "assume !#t~short4;havoc #t~nondet3;havoc #t~short4;" "~x~0 := ~x~0 - 1;" "assume true;#t~short6 := ~y~0 <= ~n~0;BeginParallelComposition{ParallelCodeBlock0: assume #t~short6;havoc #t~nondet5;assume -2147483648 <= #t~nondet5 && #t~nondet5 <= 2147483647;#t~short6 := 0 != #t~nondet5;ParallelCodeBlock1: assume !#t~short6;}EndParallelComposition" "assume #t~short6;havoc #t~nondet5;havoc #t~short6;~y~0 := 1 + ~y~0;" "assume true;#t~short6 := ~y~0 <= ~n~0;BeginParallelComposition{ParallelCodeBlock0: assume #t~short6;havoc #t~nondet5;assume -2147483648 <= #t~nondet5 && #t~nondet5 <= 2147483647;#t~short6 := 0 != #t~nondet5;ParallelCodeBlock1: assume !#t~short6;}EndParallelComposition" "assume !#t~short6;havoc #t~nondet5;havoc #t~short6;" "assume ~x~0 >= 0;" "assume true;#t~short4 := ~y~0 >= 0;BeginParallelComposition{ParallelCodeBlock0: assume #t~short4;havoc #t~nondet3;assume -2147483648 <= #t~nondet3 && #t~nondet3 <= 2147483647;#t~short4 := 0 != #t~nondet3;ParallelCodeBlock1: assume !#t~short4;}EndParallelComposition" "assume #t~short4;havoc #t~nondet3;havoc #t~short4;~y~0 := ~y~0 - 1;" "assume true;#t~short4 := ~y~0 >= 0;BeginParallelComposition{ParallelCodeBlock0: assume #t~short4;havoc #t~nondet3;assume -2147483648 <= #t~nondet3 && #t~nondet3 <= 2147483647;#t~short4 := 0 != #t~nondet3;ParallelCodeBlock1: assume !#t~short4;}EndParallelComposition" "assume !#t~short4;havoc #t~nondet3;havoc #t~short4;" "~x~0 := ~x~0 - 1;" "assume true;#t~short6 := ~y~0 <= ~n~0;BeginParallelComposition{ParallelCodeBlock0: assume #t~short6;havoc #t~nondet5;assume -2147483648 <= #t~nondet5 && #t~nondet5 <= 2147483647;#t~short6 := 0 != #t~nondet5;ParallelCodeBlock1: assume !#t~short6;}EndParallelComposition" 
[2026-09-30 15:34:26,861 INFO  L1148  eck$LassoCheckResult]: Loop: "assume #t~short6;havoc #t~nondet5;havoc #t~short6;~y~0 := 1 + ~y~0;" "assume true;#t~short6 := ~y~0 <= ~n~0;BeginParallelComposition{ParallelCodeBlock0: assume #t~short6;havoc #t~nondet5;assume -2147483648 <= #t~nondet5 && #t~nondet5 <= 2147483647;#t~short6 := 0 != #t~nondet5;ParallelCodeBlock1: assume !#t~short6;}EndParallelComposition" 
[2026-09-30 15:34:26,862 INFO  L160       PredicateUnifier]: Initialized classic predicate unifier
[2026-09-30 15:34:26,862 INFO  L86        PathProgramCache]: Analyzing trace with hash 2088731194, now seen corresponding path program 2 times
[2026-09-30 15:34:26,862 INFO  L118   FreeRefinementEngine]: Executing refinement strategy FIXED_PREFERENCES
[2026-09-30 15:34:26,862 INFO  L324   FreeRefinementEngine]: Using trace check IpTcStrategyModulePreferences [1254093180]
[2026-09-30 15:34:26,862 INFO  L97    rtionOrderModulation]: Keeping assertion order NOT_INCREMENTALLY
[2026-09-30 15:34:26,862 INFO  L127          SolverBuilder]: Constructing new instance of SMTInterpol with explicit timeout -1 ms and remaining time -1 ms
[2026-09-30 15:34:26,867 INFO  L108    AnnotateAndAsserter]: Assert order NOT_INCREMENTALLY partitioned 20 statements into 1 equivalence classes.
[2026-09-30 15:34:26,875 INFO  L111    AnnotateAndAsserter]: Assert order NOT_INCREMENTALLY issued 1 check-sat command(s) and asserted 20 of 20 statements.
[2026-09-30 15:34:26,875 INFO  L114    AnnotateAndAsserter]: Assert order NOT_INCREMENTALLY issued 1 check-sat command(s)
[2026-09-30 15:34:26,876 INFO  L115    AnnotateAndAsserter]: Conjunction of SSA is sat
[2026-09-30 15:34:26,876 INFO  L348             TraceCheck]: Trace is feasible, we will do another trace check, this time with branch encoders.
[2026-09-30 15:34:26,877 INFO  L108    AnnotateAndAsserter]: Assert order NOT_INCREMENTALLY partitioned 20 statements into 1 equivalence classes.
[2026-09-30 15:34:26,882 INFO  L111    AnnotateAndAsserter]: Assert order NOT_INCREMENTALLY issued 1 check-sat command(s) and asserted 20 of 20 statements.
[2026-09-30 15:34:26,882 INFO  L114    AnnotateAndAsserter]: Assert order NOT_INCREMENTALLY issued 1 check-sat command(s)
[2026-09-30 15:34:26,882 INFO  L115    AnnotateAndAsserter]: Conjunction of SSA is sat
[2026-09-30 15:34:26,885 INFO  L130   FreeRefinementEngine]: Strategy FIXED_PREFERENCES found a feasible trace
[2026-09-30 15:34:26,885 INFO  L160       PredicateUnifier]: Initialized classic predicate unifier
[2026-09-30 15:34:26,885 INFO  L86        PathProgramCache]: Analyzing trace with hash 1240, now seen corresponding path program 2 times
[2026-09-30 15:34:26,886 INFO  L118   FreeRefinementEngine]: Executing refinement strategy FIXED_PREFERENCES
[2026-09-30 15:34:26,886 INFO  L324   FreeRefinementEngine]: Using trace check IpTcStrategyModulePreferences [43878139]
[2026-09-30 15:34:26,886 INFO  L97    rtionOrderModulation]: Keeping assertion order NOT_INCREMENTALLY
[2026-09-30 15:34:26,886 INFO  L127          SolverBuilder]: Constructing new instance of SMTInterpol with explicit timeout -1 ms and remaining time -1 ms
[2026-09-30 15:34:26,889 INFO  L108    AnnotateAndAsserter]: Assert order NOT_INCREMENTALLY partitioned 2 statements into 1 equivalence classes.
[2026-09-30 15:34:26,890 INFO  L111    AnnotateAndAsserter]: Assert order NOT_INCREMENTALLY issued 1 check-sat command(s) and asserted 2 of 2 statements.
[2026-09-30 15:34:26,890 INFO  L114    AnnotateAndAsserter]: Assert order NOT_INCREMENTALLY issued 1 check-sat command(s)
[2026-09-30 15:34:26,890 INFO  L115    AnnotateAndAsserter]: Conjunction of SSA is sat
[2026-09-30 15:34:26,890 INFO  L348             TraceCheck]: Trace is feasible, we will do another trace check, this time with branch encoders.
[2026-09-30 15:34:26,891 INFO  L108    AnnotateAndAsserter]: Assert order NOT_INCREMENTALLY partitioned 2 statements into 1 equivalence classes.
[2026-09-30 15:34:26,892 INFO  L111    AnnotateAndAsserter]: Assert order NOT_INCREMENTALLY issued 1 check-sat command(s) and asserted 2 of 2 statements.
[2026-09-30 15:34:26,892 INFO  L114    AnnotateAndAsserter]: Assert order NOT_INCREMENTALLY issued 1 check-sat command(s)
[2026-09-30 15:34:26,892 INFO  L115    AnnotateAndAsserter]: Conjunction of SSA is sat
[2026-09-30 15:34:26,893 INFO  L130   FreeRefinementEngine]: Strategy FIXED_PREFERENCES found a feasible trace
[2026-09-30 15:34:26,893 INFO  L160       PredicateUnifier]: Initialized classic predicate unifier
[2026-09-30 15:34:26,893 INFO  L86        PathProgramCache]: Analyzing trace with hash 1520950481, now seen corresponding path program 3 times
[2026-09-30 15:34:26,893 INFO  L118   FreeRefinementEngine]: Executing refinement strategy FIXED_PREFERENCES
[2026-09-30 15:34:26,893 INFO  L324   FreeRefinementEngine]: Using trace check IpTcStrategyModulePreferences [951426069]
[2026-09-30 15:34:26,894 INFO  L97    rtionOrderModulation]: Keeping assertion order NOT_INCREMENTALLY
[2026-09-30 15:34:26,894 INFO  L127          SolverBuilder]: Constructing new instance of SMTInterpol with explicit timeout -1 ms and remaining time -1 ms
[2026-09-30 15:34:26,899 INFO  L108    AnnotateAndAsserter]: Assert order NOT_INCREMENTALLY partitioned 22 statements into 1 equivalence classes.
[2026-09-30 15:34:26,905 INFO  L111    AnnotateAndAsserter]: Assert order NOT_INCREMENTALLY issued 1 check-sat command(s) and asserted 22 of 22 statements.
[2026-09-30 15:34:26,905 INFO  L114    AnnotateAndAsserter]: Assert order NOT_INCREMENTALLY issued 1 check-sat command(s)
[2026-09-30 15:34:26,905 INFO  L115    AnnotateAndAsserter]: Conjunction of SSA is sat
[2026-09-30 15:34:26,905 INFO  L348             TraceCheck]: Trace is feasible, we will do another trace check, this time with branch encoders.
[2026-09-30 15:34:26,907 INFO  L108    AnnotateAndAsserter]: Assert order NOT_INCREMENTALLY partitioned 22 statements into 1 equivalence classes.
[2026-09-30 15:34:26,914 INFO  L111    AnnotateAndAsserter]: Assert order NOT_INCREMENTALLY issued 1 check-sat command(s) and asserted 22 of 22 statements.
[2026-09-30 15:34:26,914 INFO  L114    AnnotateAndAsserter]: Assert order NOT_INCREMENTALLY issued 1 check-sat command(s)
[2026-09-30 15:34:26,914 INFO  L115    AnnotateAndAsserter]: Conjunction of SSA is sat
[2026-09-30 15:34:26,916 INFO  L130   FreeRefinementEngine]: Strategy FIXED_PREFERENCES found a feasible trace
[2026-09-30 15:34:26,966 INFO  L214          LassoAnalysis]: Preferences:
[2026-09-30 15:34:26,966 INFO  L125   ssoRankerPreferences]: Compute integeral hull: false
[2026-09-30 15:34:26,966 INFO  L126   ssoRankerPreferences]: Enable LassoPartitioneer: false
[2026-09-30 15:34:26,966 INFO  L127   ssoRankerPreferences]: Term annotations enabled: false
[2026-09-30 15:34:26,966 INFO  L128   ssoRankerPreferences]: Use exernal solver: true
[2026-09-30 15:34:26,966 INFO  L129   ssoRankerPreferences]: SMT solver command: z3 SMTLIB2_COMPLIANT=true -memory:1024 -smt2 -in -t:12000
[2026-09-30 15:34:26,966 INFO  L130   ssoRankerPreferences]: Dump SMT script to file: false
[2026-09-30 15:34:26,966 INFO  L131   ssoRankerPreferences]: Path of dumped script: 
[2026-09-30 15:34:26,967 INFO  L132   ssoRankerPreferences]: Filename of dumped script: AliasDarteFeautrierGonnord-SAS2010-counterex1b_true-termination.c_Iteration6_Loop
[2026-09-30 15:34:26,967 INFO  L133   ssoRankerPreferences]: MapElimAlgo: Matthias
[2026-09-30 15:34:26,967 INFO  L251          LassoAnalysis]: Starting lasso preprocessing...
[2026-09-30 15:34:26,997 INFO  L270          LassoAnalysis]: Preprocessing complete.
[2026-09-30 15:34:26,997 INFO  L387          LassoAnalysis]: Checking for nontermination...
[2026-09-30 15:34:26,997 INFO  L173          SolverBuilder]: Constructing external solver with command: z3 SMTLIB2_COMPLIANT=true -memory:1024 -smt2 -in -t:12000
[2026-09-30 15:34:26,998 INFO  L189       MonitoredProcess]: No working directory specified, using /home/anissa/.local/bin/z3
[2026-09-30 15:34:27,000 INFO  L229       MonitoredProcess]: Starting monitored process 18 with /home/anissa/.local/bin/z3 SMTLIB2_COMPLIANT=true -memory:1024 -smt2 -in -t:12000 (exit command is (exit), workingDir is null)
[2026-09-30 15:34:27,001 INFO  L327       MonitoredProcess]: [MP /home/anissa/.local/bin/z3 SMTLIB2_COMPLIANT=true -memory:1024 -smt2 -in -t:12000 (18)] Waiting until timeout for monitored process
[2026-09-30 15:34:27,002 INFO  L148   nArgumentSynthesizer]: Nontermination analysis: LINEAR Allow bounded executions: true Number of generalized eigenvectors: 0 Nilpotent components: true
[2026-09-30 15:34:27,002 INFO  L160   nArgumentSynthesizer]: Using integer mode.
[2026-09-30 15:34:27,015 INFO  L534       MonitoredProcess]: [MP /home/anissa/.local/bin/z3 SMTLIB2_COMPLIANT=true -memory:1024 -smt2 -in -t:12000 (18)] Forceful destruction successful, exit code 0
[2026-09-30 15:34:27,016 INFO  L173          SolverBuilder]: Constructing external solver with command: z3 SMTLIB2_COMPLIANT=true -memory:1024 -smt2 -in -t:12000
[2026-09-30 15:34:27,017 INFO  L189       MonitoredProcess]: No working directory specified, using /home/anissa/.local/bin/z3
[2026-09-30 15:34:27,018 INFO  L229       MonitoredProcess]: Starting monitored process 19 with /home/anissa/.local/bin/z3 SMTLIB2_COMPLIANT=true -memory:1024 -smt2 -in -t:12000 (exit command is (exit), workingDir is null)
[2026-09-30 15:34:27,019 INFO  L327       MonitoredProcess]: [MP /home/anissa/.local/bin/z3 SMTLIB2_COMPLIANT=true -memory:1024 -smt2 -in -t:12000 (19)] Waiting until timeout for monitored process
[2026-09-30 15:34:27,020 INFO  L148   nArgumentSynthesizer]: Nontermination analysis: LINEAR Allow bounded executions: true Number of generalized eigenvectors: 3 Nilpotent components: true
[2026-09-30 15:34:27,020 INFO  L160   nArgumentSynthesizer]: Using integer mode.
[2026-09-30 15:34:27,040 INFO  L546       MonitoredProcess]: [MP /home/anissa/.local/bin/z3 SMTLIB2_COMPLIANT=true -memory:1024 -smt2 -in -t:12000 (19)] Ended with exit code 0
[2026-09-30 15:34:27,040 INFO  L429          LassoAnalysis]: Proving nontermination failed: No geometric nontermination argument exists.
[2026-09-30 15:34:27,040 INFO  L214          LassoAnalysis]: Preferences:
[2026-09-30 15:34:27,040 INFO  L125   ssoRankerPreferences]: Compute integeral hull: false
[2026-09-30 15:34:27,040 INFO  L126   ssoRankerPreferences]: Enable LassoPartitioneer: false
[2026-09-30 15:34:27,040 INFO  L127   ssoRankerPreferences]: Term annotations enabled: false
[2026-09-30 15:34:27,040 INFO  L128   ssoRankerPreferences]: Use exernal solver: true
[2026-09-30 15:34:27,040 INFO  L129   ssoRankerPreferences]: SMT solver command: z3 SMTLIB2_COMPLIANT=true -memory:1024 -smt2 -in -t:12000
[2026-09-30 15:34:27,040 INFO  L130   ssoRankerPreferences]: Dump SMT script to file: false
[2026-09-30 15:34:27,040 INFO  L131   ssoRankerPreferences]: Path of dumped script: 
[2026-09-30 15:34:27,040 INFO  L132   ssoRankerPreferences]: Filename of dumped script: AliasDarteFeautrierGonnord-SAS2010-counterex1b_true-termination.c_Iteration6_Loop
[2026-09-30 15:34:27,040 INFO  L133   ssoRankerPreferences]: MapElimAlgo: Matthias
[2026-09-30 15:34:27,040 INFO  L251          LassoAnalysis]: Starting lasso preprocessing...
[2026-09-30 15:34:27,070 INFO  L270          LassoAnalysis]: Preprocessing complete.
[2026-09-30 15:34:27,070 INFO  L474          LassoAnalysis]: Using template 'affine'.
[2026-09-30 15:34:27,070 INFO  L173          SolverBuilder]: Constructing external solver with command: z3 SMTLIB2_COMPLIANT=true -memory:1024 -smt2 -in -t:12000
[2026-09-30 15:34:27,071 INFO  L189       MonitoredProcess]: No working directory specified, using /home/anissa/.local/bin/z3
[2026-09-30 15:34:27,073 INFO  L229       MonitoredProcess]: Starting monitored process 20 with /home/anissa/.local/bin/z3 SMTLIB2_COMPLIANT=true -memory:1024 -smt2 -in -t:12000 (exit command is (exit), workingDir is null)
[2026-09-30 15:34:27,073 INFO  L327       MonitoredProcess]: [MP /home/anissa/.local/bin/z3 SMTLIB2_COMPLIANT=true -memory:1024 -smt2 -in -t:12000 (20)] Waiting until timeout for monitored process
[2026-09-30 15:34:27,074 INFO  L120   nArgumentSynthesizer]: Termination Analysis Settings: Termination analysis: LINEARNumber of strict supporting invariants: 0Number of non-strict supporting invariants: 1Consider only non-deceasing supporting invariants: trueSimplify termination arguments: trueSimplify supporting invariants: trueOverapproximate stem: false
[2026-09-30 15:34:27,082 INFO  L338   nArgumentSynthesizer]: Template has degree 0.
[2026-09-30 15:34:27,083 INFO  L203   nArgumentSynthesizer]: 1 stem disjuncts
[2026-09-30 15:34:27,083 INFO  L204   nArgumentSynthesizer]: 2 loop disjuncts
[2026-09-30 15:34:27,083 INFO  L205   nArgumentSynthesizer]: 2 template conjuncts.
[2026-09-30 15:34:27,089 INFO  L402   nArgumentSynthesizer]: We have 16 Motzkin's Theorem applications.
[2026-09-30 15:34:27,089 INFO  L403   nArgumentSynthesizer]: A total of 4 supporting invariants were added.
[2026-09-30 15:34:27,107 INFO  L546       MonitoredProcess]: [MP /home/anissa/.local/bin/z3 SMTLIB2_COMPLIANT=true -memory:1024 -smt2 -in -t:12000 (20)] Ended with exit code 0
[2026-09-30 15:34:27,107 INFO  L512          LassoAnalysis]: Proving termination failed for this template and these settings.
[2026-09-30 15:34:27,108 INFO  L474          LassoAnalysis]: Using template '2-nested'.
[2026-09-30 15:34:27,108 INFO  L173          SolverBuilder]: Constructing external solver with command: z3 SMTLIB2_COMPLIANT=true -memory:1024 -smt2 -in -t:12000
[2026-09-30 15:34:27,108 INFO  L189       MonitoredProcess]: No working directory specified, using /home/anissa/.local/bin/z3
[2026-09-30 15:34:27,110 INFO  L229       MonitoredProcess]: Starting monitored process 21 with /home/anissa/.local/bin/z3 SMTLIB2_COMPLIANT=true -memory:1024 -smt2 -in -t:12000 (exit command is (exit), workingDir is null)
[2026-09-30 15:34:27,111 INFO  L327       MonitoredProcess]: [MP /home/anissa/.local/bin/z3 SMTLIB2_COMPLIANT=true -memory:1024 -smt2 -in -t:12000 (21)] Waiting until timeout for monitored process
[2026-09-30 15:34:27,112 INFO  L120   nArgumentSynthesizer]: Termination Analysis Settings: Termination analysis: LINEARNumber of strict supporting invariants: 0Number of non-strict supporting invariants: 1Consider only non-deceasing supporting invariants: trueSimplify termination arguments: trueSimplify supporting invariants: trueOverapproximate stem: false
[2026-09-30 15:34:27,121 INFO  L338   nArgumentSynthesizer]: Template has degree 0.
[2026-09-30 15:34:27,122 INFO  L203   nArgumentSynthesizer]: 1 stem disjuncts
[2026-09-30 15:34:27,122 INFO  L204   nArgumentSynthesizer]: 2 loop disjuncts
[2026-09-30 15:34:27,122 INFO  L205   nArgumentSynthesizer]: 3 template conjuncts.
[2026-09-30 15:34:27,130 INFO  L402   nArgumentSynthesizer]: We have 24 Motzkin's Theorem applications.
[2026-09-30 15:34:27,130 INFO  L403   nArgumentSynthesizer]: A total of 6 supporting invariants were added.
[2026-09-30 15:34:27,154 INFO  L546       MonitoredProcess]: [MP /home/anissa/.local/bin/z3 SMTLIB2_COMPLIANT=true -memory:1024 -smt2 -in -t:12000 (21)] Ended with exit code 0
[2026-09-30 15:34:27,154 INFO  L512          LassoAnalysis]: Proving termination failed for this template and these settings.
[2026-09-30 15:34:27,154 INFO  L474          LassoAnalysis]: Using template '3-nested'.
[2026-09-30 15:34:27,154 INFO  L173          SolverBuilder]: Constructing external solver with command: z3 SMTLIB2_COMPLIANT=true -memory:1024 -smt2 -in -t:12000
[2026-09-30 15:34:27,155 INFO  L189       MonitoredProcess]: No working directory specified, using /home/anissa/.local/bin/z3
[2026-09-30 15:34:27,156 INFO  L229       MonitoredProcess]: Starting monitored process 22 with /home/anissa/.local/bin/z3 SMTLIB2_COMPLIANT=true -memory:1024 -smt2 -in -t:12000 (exit command is (exit), workingDir is null)
[2026-09-30 15:34:27,157 INFO  L327       MonitoredProcess]: [MP /home/anissa/.local/bin/z3 SMTLIB2_COMPLIANT=true -memory:1024 -smt2 -in -t:12000 (22)] Waiting until timeout for monitored process
[2026-09-30 15:34:27,158 INFO  L120   nArgumentSynthesizer]: Termination Analysis Settings: Termination analysis: LINEARNumber of strict supporting invariants: 0Number of non-strict supporting invariants: 1Consider only non-deceasing supporting invariants: trueSimplify termination arguments: trueSimplify supporting invariants: trueOverapproximate stem: false
[2026-09-30 15:34:27,167 INFO  L338   nArgumentSynthesizer]: Template has degree 0.
[2026-09-30 15:34:27,167 INFO  L203   nArgumentSynthesizer]: 1 stem disjuncts
[2026-09-30 15:34:27,167 INFO  L204   nArgumentSynthesizer]: 2 loop disjuncts
[2026-09-30 15:34:27,167 INFO  L205   nArgumentSynthesizer]: 4 template conjuncts.
[2026-09-30 15:34:27,178 INFO  L402   nArgumentSynthesizer]: We have 32 Motzkin's Theorem applications.
[2026-09-30 15:34:27,178 INFO  L403   nArgumentSynthesizer]: A total of 8 supporting invariants were added.
[2026-09-30 15:34:27,206 INFO  L546       MonitoredProcess]: [MP /home/anissa/.local/bin/z3 SMTLIB2_COMPLIANT=true -memory:1024 -smt2 -in -t:12000 (22)] Ended with exit code 0
[2026-09-30 15:34:27,206 INFO  L512          LassoAnalysis]: Proving termination failed for this template and these settings.
[2026-09-30 15:34:27,206 INFO  L474          LassoAnalysis]: Using template '4-nested'.
[2026-09-30 15:34:27,206 INFO  L173          SolverBuilder]: Constructing external solver with command: z3 SMTLIB2_COMPLIANT=true -memory:1024 -smt2 -in -t:12000
[2026-09-30 15:34:27,207 INFO  L189       MonitoredProcess]: No working directory specified, using /home/anissa/.local/bin/z3
[2026-09-30 15:34:27,208 INFO  L229       MonitoredProcess]: Starting monitored process 23 with /home/anissa/.local/bin/z3 SMTLIB2_COMPLIANT=true -memory:1024 -smt2 -in -t:12000 (exit command is (exit), workingDir is null)
[2026-09-30 15:34:27,209 INFO  L327       MonitoredProcess]: [MP /home/anissa/.local/bin/z3 SMTLIB2_COMPLIANT=true -memory:1024 -smt2 -in -t:12000 (23)] Waiting until timeout for monitored process
[2026-09-30 15:34:27,210 INFO  L120   nArgumentSynthesizer]: Termination Analysis Settings: Termination analysis: LINEARNumber of strict supporting invariants: 0Number of non-strict supporting invariants: 1Consider only non-deceasing supporting invariants: trueSimplify termination arguments: trueSimplify supporting invariants: trueOverapproximate stem: false
[2026-09-30 15:34:27,219 INFO  L338   nArgumentSynthesizer]: Template has degree 0.
[2026-09-30 15:34:27,219 INFO  L203   nArgumentSynthesizer]: 1 stem disjuncts
[2026-09-30 15:34:27,219 INFO  L204   nArgumentSynthesizer]: 2 loop disjuncts
[2026-09-30 15:34:27,219 INFO  L205   nArgumentSynthesizer]: 5 template conjuncts.
[2026-09-30 15:34:27,232 INFO  L402   nArgumentSynthesizer]: We have 40 Motzkin's Theorem applications.
[2026-09-30 15:34:27,232 INFO  L403   nArgumentSynthesizer]: A total of 10 supporting invariants were added.
[2026-09-30 15:34:27,266 INFO  L546       MonitoredProcess]: [MP /home/anissa/.local/bin/z3 SMTLIB2_COMPLIANT=true -memory:1024 -smt2 -in -t:12000 (23)] Ended with exit code 0
[2026-09-30 15:34:27,267 INFO  L512          LassoAnalysis]: Proving termination failed for this template and these settings.
[2026-09-30 15:34:27,267 INFO  L474          LassoAnalysis]: Using template '2-phase'.
[2026-09-30 15:34:27,267 INFO  L173          SolverBuilder]: Constructing external solver with command: z3 SMTLIB2_COMPLIANT=true -memory:1024 -smt2 -in -t:12000
[2026-09-30 15:34:27,268 INFO  L189       MonitoredProcess]: No working directory specified, using /home/anissa/.local/bin/z3
[2026-09-30 15:34:27,269 INFO  L229       MonitoredProcess]: Starting monitored process 24 with /home/anissa/.local/bin/z3 SMTLIB2_COMPLIANT=true -memory:1024 -smt2 -in -t:12000 (exit command is (exit), workingDir is null)
[2026-09-30 15:34:27,270 INFO  L327       MonitoredProcess]: [MP /home/anissa/.local/bin/z3 SMTLIB2_COMPLIANT=true -memory:1024 -smt2 -in -t:12000 (24)] Waiting until timeout for monitored process
[2026-09-30 15:34:27,271 INFO  L120   nArgumentSynthesizer]: Termination Analysis Settings: Termination analysis: LINEARNumber of strict supporting invariants: 0Number of non-strict supporting invariants: 1Consider only non-deceasing supporting invariants: trueSimplify termination arguments: trueSimplify supporting invariants: trueOverapproximate stem: false
[2026-09-30 15:34:27,280 WARN  L333   nArgumentSynthesizer]: Using a linear SMT query and a templates of degree > 0, hence this method is incomplete.
[2026-09-30 15:34:27,280 INFO  L338   nArgumentSynthesizer]: Template has degree 1.
[2026-09-30 15:34:27,280 INFO  L203   nArgumentSynthesizer]: 1 stem disjuncts
[2026-09-30 15:34:27,280 INFO  L204   nArgumentSynthesizer]: 2 loop disjuncts
[2026-09-30 15:34:27,280 INFO  L205   nArgumentSynthesizer]: 3 template conjuncts.
[2026-09-30 15:34:27,289 INFO  L402   nArgumentSynthesizer]: We have 24 Motzkin's Theorem applications.
[2026-09-30 15:34:27,289 INFO  L403   nArgumentSynthesizer]: A total of 6 supporting invariants were added.
[2026-09-30 15:34:27,319 INFO  L420   nArgumentSynthesizer]: Found a termination argument, trying to simplify.
[2026-09-30 15:34:27,355 INFO  L436   ModelExtractionUtils]: Simplification made 20 calls to the SMT solver.
[2026-09-30 15:34:27,355 INFO  L437   ModelExtractionUtils]: 37 out of 58 variables were initially zero. Simplification set additionally 16 variables to zero.
[2026-09-30 15:34:27,355 INFO  L173          SolverBuilder]: Constructing external solver with command: z3 SMTLIB2_COMPLIANT=true -memory:1024 -smt2 -in -t:12000
[2026-09-30 15:34:27,356 INFO  L189       MonitoredProcess]: No working directory specified, using /home/anissa/.local/bin/z3
[2026-09-30 15:34:27,358 INFO  L229       MonitoredProcess]: Starting monitored process 25 with /home/anissa/.local/bin/z3 SMTLIB2_COMPLIANT=true -memory:1024 -smt2 -in -t:12000 (exit command is (exit), workingDir is null)
[2026-09-30 15:34:27,358 INFO  L327       MonitoredProcess]: [MP /home/anissa/.local/bin/z3 SMTLIB2_COMPLIANT=true -memory:1024 -smt2 -in -t:12000 (25)] Waiting until timeout for monitored process
[2026-09-30 15:34:27,359 INFO  L436   nArgumentSynthesizer]: Simplifying supporting invariants...
[2026-09-30 15:34:27,372 INFO  L546       MonitoredProcess]: [MP /home/anissa/.local/bin/z3 SMTLIB2_COMPLIANT=true -memory:1024 -smt2 -in -t:12000 (25)] Ended with exit code 0
[2026-09-30 15:34:27,372 INFO  L439   nArgumentSynthesizer]: Removed 6 redundant supporting invariants from a total of 6.
[2026-09-30 15:34:27,376 INFO  L546       MonitoredProcess]: [MP /home/anissa/.local/bin/z3 SMTLIB2_COMPLIANT=true -memory:1024 -smt2 -in -t:12000 (24)] Ended with exit code 0
[2026-09-30 15:34:27,376 INFO  L500          LassoAnalysis]: Proved termination.
[2026-09-30 15:34:27,377 INFO  L501          LassoAnalysis]: Termination argument consisting of:
Ranking function 2-phase ranking function:
  f0 = -1*main_~y~0 + 1*main_~n~0
  f1 = 1*v_rep(ite main_#t~short6 1 0)_6
Supporting invariants []
[2026-09-30 15:34:27,377 INFO  L156   tatePredicateManager]: 0 out of 0 supporting invariants were superfluous and have been removed
[2026-09-30 15:34:27,379 WARN  L873   BoogieBacktranslator]: Unfinished Backtranslation: Unknown variable: #t~short6
[2026-09-30 15:34:27,387 INFO  L160       PredicateUnifier]: Initialized classic predicate unifier
[2026-09-30 15:34:27,392 INFO  L108    AnnotateAndAsserter]: Assert order NOT_INCREMENTALLY partitioned 20 statements into 1 equivalence classes.
[2026-09-30 15:34:27,398 INFO  L111    AnnotateAndAsserter]: Assert order NOT_INCREMENTALLY issued 1 check-sat command(s) and asserted 20 of 20 statements.
[2026-09-30 15:34:27,399 INFO  L114    AnnotateAndAsserter]: Assert order NOT_INCREMENTALLY issued 1 check-sat command(s)
[2026-09-30 15:34:27,399 INFO  L115    AnnotateAndAsserter]: Conjunction of SSA is unsat
[2026-09-30 15:34:27,399 INFO  L256         TraceCheckSpWp]: Trace formula consists of 99 conjuncts, 6 conjuncts are in the unsatisfiable core
[2026-09-30 15:34:27,400 INFO  L279         TraceCheckSpWp]: Computing forward predicates...
[2026-09-30 15:34:27,425 INFO  L108    AnnotateAndAsserter]: Assert order NOT_INCREMENTALLY partitioned 2 statements into 1 equivalence classes.
[2026-09-30 15:34:27,426 INFO  L111    AnnotateAndAsserter]: Assert order NOT_INCREMENTALLY issued 1 check-sat command(s) and asserted 2 of 2 statements.
[2026-09-30 15:34:27,427 INFO  L114    AnnotateAndAsserter]: Assert order NOT_INCREMENTALLY issued 1 check-sat command(s)
[2026-09-30 15:34:27,427 INFO  L115    AnnotateAndAsserter]: Conjunction of SSA is unsat
[2026-09-30 15:34:27,427 WARN  L254         TraceCheckSpWp]: Trace formula consists of 8 conjuncts, 8 conjuncts are in the unsatisfiable core
[2026-09-30 15:34:27,427 INFO  L279         TraceCheckSpWp]: Computing forward predicates...
[2026-09-30 15:34:27,455 INFO  L134       CoverageAnalysis]: Checked inductivity of 0 backedges. 0 proven. 0 refuted. 0 times theorem prover too weak. 0 trivial. 0 not checked.
[2026-09-30 15:34:27,456 INFO  L141   lantAutomatonBouncer]: Defining deterministic Buchi interpolant automaton with honda bouncer for stem and without honda bouncer for loop.2 stem predicates 2 loop predicates 
[2026-09-30 15:34:27,456 INFO  L69     BuchiDifferenceNCSB]: Start buchiDifferenceNCSB. First operand 38 states and 47 transitions. cyclomatic complexity: 13 Second operand  has 4 states, 4 states have (on average 3.25) internal successors, (13), 4 states have internal predecessors, (13), 1 states have call successors, (2), 2 states have call predecessors, (2), 1 states have return successors, (1), 1 states have call predecessors, (1), 1 states have call successors, (1)
[2026-09-30 15:34:27,481 INFO  L73     BuchiDifferenceNCSB]: Finished buchiDifferenceNCSB. First operand 38 states and 47 transitions. cyclomatic complexity: 13. Second operand  has 4 states, 4 states have (on average 3.25) internal successors, (13), 4 states have internal predecessors, (13), 1 states have call successors, (2), 2 states have call predecessors, (2), 1 states have return successors, (1), 1 states have call predecessors, (1), 1 states have call successors, (1) Result 50 states and 63 transitions. Complement of second has 6 states.
[2026-09-30 15:34:27,481 INFO  L140   InterpolantAutomaton]: Switched to read-only mode: Buchi interpolant automaton has 4 states 2 stem states 1 non-accepting loop states 1 accepting loop states 
[2026-09-30 15:34:27,482 INFO  L82        GeneralOperation]: Start removeUnreachable. Operand  has 4 states, 4 states have (on average 3.25) internal successors, (13), 4 states have internal predecessors, (13), 1 states have call successors, (2), 2 states have call predecessors, (2), 1 states have return successors, (1), 1 states have call predecessors, (1), 1 states have call successors, (1)
[2026-09-30 15:34:27,482 INFO  L88        GeneralOperation]: Finished removeUnreachable. Reduced from 4 states to 4 states and 13 transitions.
[2026-09-30 15:34:27,482 INFO  L85            BuchiAccepts]: Start buchiAccepts Operand 4 states and 13 transitions. Stem has 20 letters. Loop has 2 letters.
[2026-09-30 15:34:27,482 INFO  L117           BuchiAccepts]: Finished buchiAccepts.
[2026-09-30 15:34:27,482 INFO  L742   stractBuchiCegarLoop]: Bad chosen interpolant automaton: word not accepted
[2026-09-30 15:34:27,489 INFO  L160       PredicateUnifier]: Initialized classic predicate unifier
[2026-09-30 15:34:27,494 INFO  L108    AnnotateAndAsserter]: Assert order NOT_INCREMENTALLY partitioned 20 statements into 1 equivalence classes.
[2026-09-30 15:34:27,500 INFO  L111    AnnotateAndAsserter]: Assert order NOT_INCREMENTALLY issued 1 check-sat command(s) and asserted 20 of 20 statements.
[2026-09-30 15:34:27,500 INFO  L114    AnnotateAndAsserter]: Assert order NOT_INCREMENTALLY issued 1 check-sat command(s)
[2026-09-30 15:34:27,500 INFO  L115    AnnotateAndAsserter]: Conjunction of SSA is unsat
[2026-09-30 15:34:27,500 INFO  L256         TraceCheckSpWp]: Trace formula consists of 99 conjuncts, 6 conjuncts are in the unsatisfiable core
[2026-09-30 15:34:27,501 INFO  L279         TraceCheckSpWp]: Computing forward predicates...
[2026-09-30 15:34:27,527 INFO  L108    AnnotateAndAsserter]: Assert order NOT_INCREMENTALLY partitioned 2 statements into 1 equivalence classes.
[2026-09-30 15:34:27,528 INFO  L111    AnnotateAndAsserter]: Assert order NOT_INCREMENTALLY issued 1 check-sat command(s) and asserted 2 of 2 statements.
[2026-09-30 15:34:27,528 INFO  L114    AnnotateAndAsserter]: Assert order NOT_INCREMENTALLY issued 1 check-sat command(s)
[2026-09-30 15:34:27,528 INFO  L115    AnnotateAndAsserter]: Conjunction of SSA is unsat
[2026-09-30 15:34:27,528 WARN  L254         TraceCheckSpWp]: Trace formula consists of 8 conjuncts, 8 conjuncts are in the unsatisfiable core
[2026-09-30 15:34:27,529 INFO  L279         TraceCheckSpWp]: Computing forward predicates...
[2026-09-30 15:34:27,567 INFO  L134       CoverageAnalysis]: Checked inductivity of 0 backedges. 0 proven. 0 refuted. 0 times theorem prover too weak. 0 trivial. 0 not checked.
[2026-09-30 15:34:27,568 INFO  L141   lantAutomatonBouncer]: Defining deterministic Buchi interpolant automaton with honda bouncer for stem and with honda bouncer for loop.2 stem predicates 2 loop predicates 
[2026-09-30 15:34:27,568 INFO  L69     BuchiDifferenceNCSB]: Start buchiDifferenceNCSB. First operand 38 states and 47 transitions. cyclomatic complexity: 13 Second operand  has 4 states, 4 states have (on average 3.25) internal successors, (13), 4 states have internal predecessors, (13), 1 states have call successors, (2), 2 states have call predecessors, (2), 1 states have return successors, (1), 1 states have call predecessors, (1), 1 states have call successors, (1)
[2026-09-30 15:34:27,597 INFO  L73     BuchiDifferenceNCSB]: Finished buchiDifferenceNCSB. First operand 38 states and 47 transitions. cyclomatic complexity: 13. Second operand  has 4 states, 4 states have (on average 3.25) internal successors, (13), 4 states have internal predecessors, (13), 1 states have call successors, (2), 2 states have call predecessors, (2), 1 states have return successors, (1), 1 states have call predecessors, (1), 1 states have call successors, (1) Result 50 states and 63 transitions. Complement of second has 6 states.
[2026-09-30 15:34:27,597 INFO  L140   InterpolantAutomaton]: Switched to read-only mode: Buchi interpolant automaton has 4 states 2 stem states 1 non-accepting loop states 1 accepting loop states 
[2026-09-30 15:34:27,598 INFO  L82        GeneralOperation]: Start removeUnreachable. Operand  has 4 states, 4 states have (on average 3.25) internal successors, (13), 4 states have internal predecessors, (13), 1 states have call successors, (2), 2 states have call predecessors, (2), 1 states have return successors, (1), 1 states have call predecessors, (1), 1 states have call successors, (1)
[2026-09-30 15:34:27,598 INFO  L88        GeneralOperation]: Finished removeUnreachable. Reduced from 4 states to 4 states and 13 transitions.
[2026-09-30 15:34:27,598 INFO  L85            BuchiAccepts]: Start buchiAccepts Operand 4 states and 13 transitions. Stem has 20 letters. Loop has 2 letters.
[2026-09-30 15:34:27,598 INFO  L117           BuchiAccepts]: Finished buchiAccepts.
[2026-09-30 15:34:27,598 INFO  L742   stractBuchiCegarLoop]: Bad chosen interpolant automaton: word not accepted
[2026-09-30 15:34:27,607 INFO  L160       PredicateUnifier]: Initialized classic predicate unifier
[2026-09-30 15:34:27,612 INFO  L108    AnnotateAndAsserter]: Assert order NOT_INCREMENTALLY partitioned 20 statements into 1 equivalence classes.
[2026-09-30 15:34:27,619 INFO  L111    AnnotateAndAsserter]: Assert order NOT_INCREMENTALLY issued 1 check-sat command(s) and asserted 20 of 20 statements.
[2026-09-30 15:34:27,619 INFO  L114    AnnotateAndAsserter]: Assert order NOT_INCREMENTALLY issued 1 check-sat command(s)
[2026-09-30 15:34:27,619 INFO  L115    AnnotateAndAsserter]: Conjunction of SSA is unsat
[2026-09-30 15:34:27,620 INFO  L256         TraceCheckSpWp]: Trace formula consists of 99 conjuncts, 6 conjuncts are in the unsatisfiable core
[2026-09-30 15:34:27,621 INFO  L279         TraceCheckSpWp]: Computing forward predicates...
[2026-09-30 15:34:27,646 INFO  L108    AnnotateAndAsserter]: Assert order NOT_INCREMENTALLY partitioned 2 statements into 1 equivalence classes.
[2026-09-30 15:34:27,647 INFO  L111    AnnotateAndAsserter]: Assert order NOT_INCREMENTALLY issued 1 check-sat command(s) and asserted 2 of 2 statements.
[2026-09-30 15:34:27,647 INFO  L114    AnnotateAndAsserter]: Assert order NOT_INCREMENTALLY issued 1 check-sat command(s)
[2026-09-30 15:34:27,647 INFO  L115    AnnotateAndAsserter]: Conjunction of SSA is unsat
[2026-09-30 15:34:27,647 WARN  L254         TraceCheckSpWp]: Trace formula consists of 8 conjuncts, 7 conjuncts are in the unsatisfiable core
[2026-09-30 15:34:27,648 INFO  L279         TraceCheckSpWp]: Computing forward predicates...
[2026-09-30 15:34:27,677 INFO  L134       CoverageAnalysis]: Checked inductivity of 0 backedges. 0 proven. 0 refuted. 0 times theorem prover too weak. 0 trivial. 0 not checked.
[2026-09-30 15:34:27,678 INFO  L141   lantAutomatonBouncer]: Defining Buchi interpolant automaton with scrooge nondeterminism in stemwith honda bouncer for stem and without honda bouncer for loop.2 stem predicates 2 loop predicates 
[2026-09-30 15:34:27,678 INFO  L69     BuchiDifferenceNCSB]: Start buchiDifferenceNCSB. First operand 38 states and 47 transitions. cyclomatic complexity: 13 Second operand  has 4 states, 4 states have (on average 3.25) internal successors, (13), 4 states have internal predecessors, (13), 1 states have call successors, (2), 2 states have call predecessors, (2), 1 states have return successors, (1), 1 states have call predecessors, (1), 1 states have call successors, (1)
[2026-09-30 15:34:27,701 INFO  L73     BuchiDifferenceNCSB]: Finished buchiDifferenceNCSB. First operand 38 states and 47 transitions. cyclomatic complexity: 13. Second operand  has 4 states, 4 states have (on average 3.25) internal successors, (13), 4 states have internal predecessors, (13), 1 states have call successors, (2), 2 states have call predecessors, (2), 1 states have return successors, (1), 1 states have call predecessors, (1), 1 states have call successors, (1) Result 42 states and 53 transitions. Complement of second has 5 states.
[2026-09-30 15:34:27,701 INFO  L140   InterpolantAutomaton]: Switched to read-only mode: Buchi interpolant automaton has 4 states 2 stem states 1 non-accepting loop states 1 accepting loop states 
[2026-09-30 15:34:27,702 INFO  L82        GeneralOperation]: Start removeUnreachable. Operand  has 4 states, 4 states have (on average 3.25) internal successors, (13), 4 states have internal predecessors, (13), 1 states have call successors, (2), 2 states have call predecessors, (2), 1 states have return successors, (1), 1 states have call predecessors, (1), 1 states have call successors, (1)
[2026-09-30 15:34:27,702 INFO  L88        GeneralOperation]: Finished removeUnreachable. Reduced from 4 states to 4 states and 16 transitions.
[2026-09-30 15:34:27,702 INFO  L85            BuchiAccepts]: Start buchiAccepts Operand 4 states and 16 transitions. Stem has 20 letters. Loop has 2 letters.
[2026-09-30 15:34:27,702 INFO  L117           BuchiAccepts]: Finished buchiAccepts.
[2026-09-30 15:34:27,702 INFO  L85            BuchiAccepts]: Start buchiAccepts Operand 4 states and 16 transitions. Stem has 22 letters. Loop has 2 letters.
[2026-09-30 15:34:27,703 INFO  L117           BuchiAccepts]: Finished buchiAccepts.
[2026-09-30 15:34:27,703 INFO  L85            BuchiAccepts]: Start buchiAccepts Operand 4 states and 16 transitions. Stem has 20 letters. Loop has 4 letters.
[2026-09-30 15:34:27,703 INFO  L117           BuchiAccepts]: Finished buchiAccepts.
[2026-09-30 15:34:27,703 INFO  L82        GeneralOperation]: Start removeNonLiveStates. Operand 42 states and 53 transitions.
[2026-09-30 15:34:27,703 INFO  L131   ngComponentsAnalysis]: Automaton has 0 accepting balls. 0
[2026-09-30 15:34:27,704 INFO  L88        GeneralOperation]: Finished removeNonLiveStates. Reduced from 42 states to 0 states and 0 transitions.
[2026-09-30 15:34:27,704 INFO  L87         BuchiClosureNwa]: Accepting states before buchiClosure: 0
[2026-09-30 15:34:27,704 INFO  L106        BuchiClosureNwa]: Accepting states after buchiClosure: 0
[2026-09-30 15:34:27,704 INFO  L74         IsDeterministic]: Start isDeterministic. Operand 0 states and 0 transitions.
[2026-09-30 15:34:27,704 INFO  L81         IsDeterministic]: Finished isDeterministic. Operand is deterministic.
[2026-09-30 15:34:27,704 INFO  L218   hiAutomatonCegarLoop]: Abstraction has 0 states and 0 transitions.
[2026-09-30 15:34:27,704 INFO  L240   hiAutomatonCegarLoop]: Abstraction has 0 states and 0 transitions.
[2026-09-30 15:34:27,704 INFO  L464   stractBuchiCegarLoop]: Abstraction has 0 states and 0 transitions.
[2026-09-30 15:34:27,704 INFO  L363   stractBuchiCegarLoop]: ======== Iteration 7 ============
[2026-09-30 15:34:27,704 INFO  L73            BuchiIsEmpty]: Start buchiIsEmpty. Operand 0 states and 0 transitions.
[2026-09-30 15:34:27,704 INFO  L131   ngComponentsAnalysis]: Automaton has 0 accepting balls. 0
[2026-09-30 15:34:27,704 INFO  L88            BuchiIsEmpty]: Finished buchiIsEmpty Result is true
[2026-09-30 15:34:27,710 INFO  L201        PluginConnector]: Adding new model de.uni_freiburg.informatik.ultimate.plugins.generator.buchiautomizer CFG 30.09 03:34:27 BoogieIcfgContainer
[2026-09-30 15:34:27,710 INFO  L131        PluginConnector]: ------------------------ END BuchiAutomizer----------------------------
[2026-09-30 15:34:27,710 INFO  L158              Benchmark]: Toolchain (without parser) took 3467,48ms. Allocated memory was 536,9MB in the beginning and 1,1GB in the end (delta: 536,9MB). Free memory was 505,6MB in the beginning and 813,3MB in the end (delta: -307,7MB). Peak memory consumption was 228,6MB. Max. memory is 12,9GB.
[2026-09-30 15:34:27,710 INFO  L158              Benchmark]: CDTParser took 0,35ms. Allocated memory is still 536,9MB. Free memory is still 499,4MB. There was no memory consumed. Max. memory is 12,9GB.
[2026-09-30 15:34:27,711 INFO  L158              Benchmark]: CACSL2BoogieTranslator took 157,15ms. Allocated memory is still 536,9MB. Free memory was 505,6MB in the beginning and 490,0MB in the end (delta: 15,6MB). Peak memory consumption was 16,8MB. Max. memory is 12,9GB.
[2026-09-30 15:34:27,711 INFO  L158              Benchmark]: Boogie Preprocessor took 16,22ms. Allocated memory is still 536,9MB. Free memory was 490,0MB in the beginning and 488,3MB in the end (delta: 1,6MB). There was no memory consumed. Max. memory is 12,9GB.
[2026-09-30 15:34:27,711 INFO  L158              Benchmark]: IcfgBuilder took 174,30ms. Allocated memory is still 536,9MB. Free memory was 488,3MB in the beginning and 470,1MB in the end (delta: 18,2MB). Peak memory consumption was 25,2MB. Max. memory is 12,9GB.
[2026-09-30 15:34:27,711 INFO  L158              Benchmark]: BuchiAutomizer took 3116,18ms. Allocated memory was 536,9MB in the beginning and 1,1GB in the end (delta: 536,9MB). Free memory was 470,1MB in the beginning and 813,3MB in the end (delta: -343,1MB). Peak memory consumption was 186,7MB. Max. memory is 12,9GB.
[2026-09-30 15:34:27,712 INFO  L338   ainManager$Toolchain]: #######################  End [Toolchain 1] #######################
 --- Results ---
 * Results from de.uni_freiburg.informatik.ultimate.core:
  - StatisticsResult: Toolchain Benchmarks
    Benchmark results are:
 * CDTParser took 0,35ms. Allocated memory is still 536,9MB. Free memory is still 499,4MB. There was no memory consumed. Max. memory is 12,9GB.
 * CACSL2BoogieTranslator took 157,15ms. Allocated memory is still 536,9MB. Free memory was 505,6MB in the beginning and 490,0MB in the end (delta: 15,6MB). Peak memory consumption was 16,8MB. Max. memory is 12,9GB.
 * Boogie Preprocessor took 16,22ms. Allocated memory is still 536,9MB. Free memory was 490,0MB in the beginning and 488,3MB in the end (delta: 1,6MB). There was no memory consumed. Max. memory is 12,9GB.
 * IcfgBuilder took 174,30ms. Allocated memory is still 536,9MB. Free memory was 488,3MB in the beginning and 470,1MB in the end (delta: 18,2MB). Peak memory consumption was 25,2MB. Max. memory is 12,9GB.
 * BuchiAutomizer took 3116,18ms. Allocated memory was 536,9MB in the beginning and 1,1GB in the end (delta: 536,9MB). Free memory was 470,1MB in the beginning and 813,3MB in the end (delta: -343,1MB). Peak memory consumption was 186,7MB. Max. memory is 12,9GB.
 * Results from de.uni_freiburg.informatik.ultimate.plugins.generator.cacsl2boogietranslator:
  - GenericResult: Unfinished Backtranslation
    Unfinished Backtranslation: Unknown variable: ~unnamed0~0~true
  - GenericResult: Unfinished Backtranslation
    Unfinished Backtranslation: Unknown variable: ~unnamed0~0~true
  - GenericResult: Unfinished Backtranslation
    Unfinished Backtranslation: Unknown variable: #t~short6
 * Results from de.uni_freiburg.informatik.ultimate.plugins.generator.traceabstraction:
  - StatisticsResult: Constructed decomposition of program
    Your program was decomposed into 6 terminating modules (1 trivial, 3 deterministic, 2 nondeterministic). One deterministic module has affine ranking function (long) x * 2 + 1 and consists of 5 locations. One deterministic module has affine ranking function null and consists of 5 locations. One deterministic module has affine ranking function (long) n * 2 + 1 + (long) -2 * y and consists of 5 locations. One nondeterministic module has affine ranking function null and consists of 5 locations. One nondeterministic module has 2-phase ranking function y < n ? 1 : 0, null and consists of 4 locations. 1 modules have a trivial ranking function, the largest among these consists of 2 locations.
  - StatisticsResult: Timing statistics
    BüchiAutomizer plugin needed 3.0s and 7 iterations.  TraceHistogramMax:3. Analysis of lassos took 1.7s. Construction of modules took 0.0s. Büchi inclusion checks took 1.2s. Highest rank in rank-based complementation 3. Minimization of det autom 2. Minimization of nondet autom 4. Automata minimization 0,0s AutomataMinimizationTime, 5 MinimizatonAttempts, 25 StatesRemovedByMinimization, 3 NontrivialMinimizations. Non-live state removal took 0.0s Buchi closure took 0.0s. Biggest automaton had -1 states and ocurred in iteration -1.	Nontrivial modules had stage [3, 0, 2, 0, 0].	InterpolantCoveringCapabilityFinite: 0/0	InterpolantCoveringCapabilityBuchi: 0/0	HoareTripleCheckerStatistics: 0 mSolverCounterUnknown, 161 SdHoareTripleChecker+Valid, 0,1s IncrementalHoareTripleChecker+Time, 0 mSdLazyCounter, 152 mSDsluCounter, 130 SdHoareTripleChecker+Invalid, 0,1s Time, 0 mProtectedAction, 0 SdHoareTripleChecker+Unchecked, 0 IncrementalHoareTripleChecker+Unchecked, 33 mSDsCounter, 45 IncrementalHoareTripleChecker+Valid, 0 mProtectedPredicate, 116 IncrementalHoareTripleChecker+Invalid, 161 SdHoareTripleChecker+Unknown, 0 mSolverCounterNotChecked, 45 mSolverCounterUnsat, 97 mSDtfsCounter, 116 mSolverCounterSat, 0,0s SdHoareTripleChecker+Time, 0 IncrementalHoareTripleChecker+Unknown	LassoAnalysisResults: nont0 unkn0 SFLI1 SFLT5 conc0 concLT0 SILN0 SILU0 SILI0 SILT0 lasso0 LassoPreprocessingBenchmarks:   Lassos: inital11 mio100 ax211 arr100 mio100 div100 bol102 ite100 ukn100 eq194 smp100 dnf98 smp100 tf100 neg100 sie101 LassoTerminationAnalysisBenchmarks: ConstraintsSatisfiability: unsat Degree: 0 Time: 56ms VariablesStem: 2 VariablesLoop: 7 DisjunctsStem: 1 DisjunctsLoop: 2 SupportingInvariants: 10 MotzkinApplications: 40 LassoTerminationAnalysisBenchmarks: LassoNonterminationAnalysisSatFixpoint: 0	LassoNonterminationAnalysisSatUnbounded: 0	LassoNonterminationAnalysisUnsat: 5	LassoNonterminationAnalysisUnknown: 0	LassoNonterminationAnalysisTime: 0.2s	InitialAbstractionConstructionTime: 0.0s
  - TerminationAnalysisResult: Termination proven
    Buchi Automizer proved that your program is terminating
RESULT: Ultimate proved your program to be correct!
[2026-09-30 15:34:27,721 INFO  L546       MonitoredProcess]: [MP /home/anissa/.local/bin/z3 SMTLIB2_COMPLIANT=true -memory:1024 -smt2 -in -t:12000 (1)] Ended with exit code 0
Received shutdown request...
