This is Ultimate 0.3.1-main-3730069d
[2026-09-30 15:33:35,299 INFO  L188        SettingsManager]: Resetting all preferences to default values...
[2026-09-30 15:33:35,498 INFO  L75    nceAwareModelManager]: Repository-Root is: /tmp
[2026-09-30 15:33:35,507 INFO  L261   ainManager$Toolchain]: [Toolchain 1]: Applicable parser(s) successfully (re)initialized
[2026-09-30 15:33:35,508 INFO  L217   ainManager$Toolchain]: [Toolchain 1]: Toolchain selected.
[2026-09-30 15:33:35,509 INFO  L270        PluginConnector]: Initializing CDTParser...
[2026-09-30 15:33:35,509 INFO  L274        PluginConnector]: CDTParser initialized
[2026-09-30 15:33:35,510 INFO  L431   ainManager$Toolchain]: [Toolchain 1]: Parsing single file: /home/anissa/Documents/Tools/PaSTTeL/benchmarks/smoke_test/full_programs_c_bpl/AliasDarteFeautrierGonnord-SAS2010-counterex1b_true-termination.c
!SESSION 2026-09-30 15:33:34.441 -----------------------------------------------
eclipse.buildId=unknown
java.version=21.0.12.1
java.vendor=Ubuntu
BootLoader constants: OS=linux, ARCH=x86_64, WS=gtk, NL=fr_FR
Framework arguments:  --console -tc /home/anissa/Documents/Tools/PaSTTeL/tools/toolchains/BuchiAutomizerC.xml -i /home/anissa/Documents/Tools/PaSTTeL/benchmarks/smoke_test/full_programs_c_bpl/AliasDarteFeautrierGonnord-SAS2010-counterex1b_true-termination.c
Command-line arguments:  -os linux -ws gtk -arch x86_64 -consoleLog --console -data @user.home/.ultimate -tc /home/anissa/Documents/Tools/PaSTTeL/tools/toolchains/BuchiAutomizerC.xml -i /home/anissa/Documents/Tools/PaSTTeL/benchmarks/smoke_test/full_programs_c_bpl/AliasDarteFeautrierGonnord-SAS2010-counterex1b_true-termination.c

!ENTRY org.eclipse.cdt.core 1 0 2026-09-30 15:33:36.660
!MESSAGE Indexed 'FLAG6e30a32f7' (0 sources, 0 headers) in 0,001 sec: 0 declarations; 0 references; 0 unresolved inclusions; 0 syntax errors; 0 unresolved names (0 %)
[2026-09-30 15:33:36,811 INFO  L538              CDTParser]: Created temporary CDT project at /home/anissa/.ultimate/c7e2e97dfd014b0cb90b5908f3fa26b6/FLAG6e30a32f7
[2026-09-30 15:33:36,933 INFO  L389              CDTParser]: Found 1 translation units.
[2026-09-30 15:33:36,934 INFO  L178              CDTParser]: Scanning /home/anissa/Documents/Tools/PaSTTeL/benchmarks/smoke_test/full_programs_c_bpl/AliasDarteFeautrierGonnord-SAS2010-counterex1b_true-termination.c
[2026-09-30 15:33:36,938 INFO  L432              CDTParser]: About to delete temporary CDT project at /home/anissa/.ultimate/c7e2e97dfd014b0cb90b5908f3fa26b6/FLAG6e30a32f7
[2026-09-30 15:33:37,861 INFO  L440              CDTParser]: Successfully deleted /home/anissa/.ultimate/c7e2e97dfd014b0cb90b5908f3fa26b6
[2026-09-30 15:33:37,863 INFO  L299   ainManager$Toolchain]: ####################### [Toolchain 1] #######################
[2026-09-30 15:33:37,864 INFO  L133        ToolchainWalker]: Walking toolchain with 4 elements.
[2026-09-30 15:33:37,865 INFO  L112        PluginConnector]: ------------------------CACSL2BoogieTranslator----------------------------
[2026-09-30 15:33:37,865 INFO  L270        PluginConnector]: Initializing CACSL2BoogieTranslator...
[2026-09-30 15:33:37,868 INFO  L274        PluginConnector]: CACSL2BoogieTranslator initialized
[2026-09-30 15:33:37,868 INFO  L184        PluginConnector]: Executing the observer ACSLObjectContainerObserver from plugin CACSL2BoogieTranslator for "CDTParser AST 30.09 03:33:37" (1/1) ...
[2026-09-30 15:33:37,869 INFO  L204        PluginConnector]: Invalid model from CACSL2BoogieTranslator for observer de.uni_freiburg.informatik.ultimate.plugins.generator.cacsl2boogietranslator.ACSLObjectContainerObserver@439e0321 and model type de.uni_freiburg.informatik.ultimate.plugins.generator.cacsl2boogietranslator AST 30.09 03:33:37, skipping insertion in model container
[2026-09-30 15:33:37,869 INFO  L184        PluginConnector]: Executing the observer CACSL2BoogieTranslatorObserver from plugin CACSL2BoogieTranslator for "CDTParser AST 30.09 03:33:37" (1/1) ...
[2026-09-30 15:33:37,876 INFO  L177         MainTranslator]: Built tables and reachable declarations
[2026-09-30 15:33:37,972 INFO  L189          PostProcessor]: Analyzing one entry point: main
[2026-09-30 15:33:37,975 INFO  L206         MainTranslator]: Completed pre-run
[2026-09-30 15:33:37,986 INFO  L189          PostProcessor]: Analyzing one entry point: main
[2026-09-30 15:33:37,993 INFO  L211         MainTranslator]: Completed translation
[2026-09-30 15:33:37,994 INFO  L201        PluginConnector]: Adding new model de.uni_freiburg.informatik.ultimate.plugins.generator.cacsl2boogietranslator AST 30.09 03:33:37 WrapperNode
[2026-09-30 15:33:37,994 INFO  L131        PluginConnector]: ------------------------ END CACSL2BoogieTranslator----------------------------
[2026-09-30 15:33:37,995 INFO  L112        PluginConnector]: ------------------------Boogie Preprocessor----------------------------
[2026-09-30 15:33:37,995 INFO  L270        PluginConnector]: Initializing Boogie Preprocessor...
[2026-09-30 15:33:37,995 INFO  L274        PluginConnector]: Boogie Preprocessor initialized
[2026-09-30 15:33:38,002 INFO  L184        PluginConnector]: Executing the observer EnsureBoogieModelObserver from plugin Boogie Preprocessor for "de.uni_freiburg.informatik.ultimate.plugins.generator.cacsl2boogietranslator AST 30.09 03:33:37" (1/1) ...
[2026-09-30 15:33:38,002 INFO  L184        PluginConnector]: Executing the observer TypeChecker from plugin Boogie Preprocessor for "de.uni_freiburg.informatik.ultimate.plugins.generator.cacsl2boogietranslator AST 30.09 03:33:37" (1/1) ...
[2026-09-30 15:33:38,006 INFO  L184        PluginConnector]: Executing the observer ConstExpander from plugin Boogie Preprocessor for "de.uni_freiburg.informatik.ultimate.plugins.generator.cacsl2boogietranslator AST 30.09 03:33:37" (1/1) ...
[2026-09-30 15:33:38,007 INFO  L184        PluginConnector]: Executing the observer StructExpander from plugin Boogie Preprocessor for "de.uni_freiburg.informatik.ultimate.plugins.generator.cacsl2boogietranslator AST 30.09 03:33:37" (1/1) ...
[2026-09-30 15:33:38,008 INFO  L184        PluginConnector]: Executing the observer ReplaceArrayAssignments from plugin Boogie Preprocessor for "de.uni_freiburg.informatik.ultimate.plugins.generator.cacsl2boogietranslator AST 30.09 03:33:37" (1/1) ...
[2026-09-30 15:33:38,009 INFO  L184        PluginConnector]: Executing the observer UnstructureCode from plugin Boogie Preprocessor for "de.uni_freiburg.informatik.ultimate.plugins.generator.cacsl2boogietranslator AST 30.09 03:33:37" (1/1) ...
[2026-09-30 15:33:38,013 INFO  L184        PluginConnector]: Executing the observer FunctionInliner from plugin Boogie Preprocessor for "de.uni_freiburg.informatik.ultimate.plugins.generator.cacsl2boogietranslator AST 30.09 03:33:37" (1/1) ...
[2026-09-30 15:33:38,013 INFO  L184        PluginConnector]: Executing the observer LTLStepAnnotator from plugin Boogie Preprocessor for "de.uni_freiburg.informatik.ultimate.plugins.generator.cacsl2boogietranslator AST 30.09 03:33:37" (1/1) ...
[2026-09-30 15:33:38,014 INFO  L184        PluginConnector]: Executing the observer BoogieSymbolTableConstructor from plugin Boogie Preprocessor for "de.uni_freiburg.informatik.ultimate.plugins.generator.cacsl2boogietranslator AST 30.09 03:33:37" (1/1) ...
[2026-09-30 15:33:38,016 INFO  L131        PluginConnector]: ------------------------ END Boogie Preprocessor----------------------------
[2026-09-30 15:33:38,016 INFO  L112        PluginConnector]: ------------------------IcfgBuilder----------------------------
[2026-09-30 15:33:38,017 INFO  L270        PluginConnector]: Initializing IcfgBuilder...
[2026-09-30 15:33:38,017 INFO  L274        PluginConnector]: IcfgBuilder initialized
[2026-09-30 15:33:38,017 INFO  L184        PluginConnector]: Executing the observer IcfgBuilderObserver from plugin IcfgBuilder for "de.uni_freiburg.informatik.ultimate.plugins.generator.cacsl2boogietranslator AST 30.09 03:33:37" (1/1) ...
[2026-09-30 15:33:38,021 INFO  L173          SolverBuilder]: Constructing external solver with command: z3 SMTLIB2_COMPLIANT=true -memory:1024 -smt2 -in -t:12000
[2026-09-30 15:33:38,029 INFO  L189       MonitoredProcess]: No working directory specified, using /home/anissa/.local/bin/z3
[2026-09-30 15:33:38,037 INFO  L229       MonitoredProcess]: Starting monitored process 1 with /home/anissa/.local/bin/z3 SMTLIB2_COMPLIANT=true -memory:1024 -smt2 -in -t:12000 (exit command is (exit), workingDir is null)
[2026-09-30 15:33:38,039 INFO  L327       MonitoredProcess]: [MP /home/anissa/.local/bin/z3 SMTLIB2_COMPLIANT=true -memory:1024 -smt2 -in -t:12000 (1)] Waiting until timeout for monitored process
[2026-09-30 15:33:38,054 INFO  L138     BoogieDeclarations]: Found implementation of procedure ULTIMATE.init
[2026-09-30 15:33:38,054 INFO  L138     BoogieDeclarations]: Found implementation of procedure ULTIMATE.start
[2026-09-30 15:33:38,054 INFO  L138     BoogieDeclarations]: Found implementation of procedure main
[2026-09-30 15:33:38,054 INFO  L130     BoogieDeclarations]: Found specification of procedure __VERIFIER_nondet_int
[2026-09-30 15:33:38,055 INFO  L130     BoogieDeclarations]: Found specification of procedure main
[2026-09-30 15:33:38,055 INFO  L130     BoogieDeclarations]: Found specification of procedure ULTIMATE.init
[2026-09-30 15:33:38,055 INFO  L130     BoogieDeclarations]: Found specification of procedure ULTIMATE.start
[2026-09-30 15:33:38,097 INFO  L257             CfgBuilder]: Building ICFG
[2026-09-30 15:33:38,098 INFO  L287             CfgBuilder]: Building CFG for each procedure with an implementation
[2026-09-30 15:33:38,169 INFO  L?                        ?]: Removed 4 outVars from TransFormulas that were not future-live.
[2026-09-30 15:33:38,169 INFO  L308             CfgBuilder]: Performing block encoding
[2026-09-30 15:33:38,173 INFO  L89      LargeBlockEncoding]: Applying CFG Large Block Encoding to ICFG that has 3 procedures, 19 locations, 27 edges, 0 initial locations, 0 loop locations, and 0 error locations.
[2026-09-30 15:33:38,189 INFO  L139     LargeBlockEncoding]: LargeBlockEncoding completed in 18 ms, with 5 straightline sequential compositions, 2 parallel compositions, 0 1:n/n:1 sequential compositions and 0 complex sequential compositions.
[2026-09-30 15:33:38,190 INFO  L332             CfgBuilder]: Using the 1 location(s) as analysis (start of procedure ULTIMATE.start)
[2026-09-30 15:33:38,190 INFO  L337             CfgBuilder]: Removed 2 assume(true) statements.
[2026-09-30 15:33:38,190 INFO  L339             CfgBuilder]: Constructed ICFG has 3 procedures, 14 locations, 20 edges, 1 initial locations, 0 loop locations, and 0 error locations.
[2026-09-30 15:33:38,190 INFO  L201        PluginConnector]: Adding new model de.uni_freiburg.informatik.ultimate.plugins.generator.icfgbuilder CFG 30.09 03:33:38 BoogieIcfgContainer
[2026-09-30 15:33:38,191 INFO  L131        PluginConnector]: ------------------------ END IcfgBuilder----------------------------
[2026-09-30 15:33:38,191 INFO  L112        PluginConnector]: ------------------------BuchiAutomizer----------------------------
[2026-09-30 15:33:38,191 INFO  L270        PluginConnector]: Initializing BuchiAutomizer...
[2026-09-30 15:33:38,194 INFO  L274        PluginConnector]: BuchiAutomizer initialized
[2026-09-30 15:33:38,194 INFO  L99          BuchiAutomizer]: Safety of program was proven or not checked, starting termination analysis
[2026-09-30 15:33:38,195 INFO  L184        PluginConnector]: Executing the observer BuchiAutomizerObserver from plugin BuchiAutomizer for "CDTParser AST 30.09 03:33:37" (1/3) ...
[2026-09-30 15:33:38,195 INFO  L204        PluginConnector]: Invalid model from BuchiAutomizer for observer de.uni_freiburg.informatik.ultimate.plugins.generator.buchiautomizer.BuchiAutomizerObserver@485d299e and model type de.uni_freiburg.informatik.ultimate.plugins.generator.buchiautomizer AST 30.09 03:33:38, skipping insertion in model container
[2026-09-30 15:33:38,195 INFO  L99          BuchiAutomizer]: Safety of program was proven or not checked, starting termination analysis
[2026-09-30 15:33:38,195 INFO  L184        PluginConnector]: Executing the observer BuchiAutomizerObserver from plugin BuchiAutomizer for "de.uni_freiburg.informatik.ultimate.plugins.generator.cacsl2boogietranslator AST 30.09 03:33:37" (2/3) ...
[2026-09-30 15:33:38,195 INFO  L204        PluginConnector]: Invalid model from BuchiAutomizer for observer de.uni_freiburg.informatik.ultimate.plugins.generator.buchiautomizer.BuchiAutomizerObserver@485d299e and model type de.uni_freiburg.informatik.ultimate.plugins.generator.buchiautomizer AST 30.09 03:33:38, skipping insertion in model container
[2026-09-30 15:33:38,195 INFO  L99          BuchiAutomizer]: Safety of program was proven or not checked, starting termination analysis
[2026-09-30 15:33:38,195 INFO  L184        PluginConnector]: Executing the observer BuchiAutomizerObserver from plugin BuchiAutomizer for "de.uni_freiburg.informatik.ultimate.plugins.generator.icfgbuilder CFG 30.09 03:33:38" (3/3) ...
[2026-09-30 15:33:38,196 INFO  L363   chiAutomizerObserver]: Analyzing ICFG AliasDarteFeautrierGonnord-SAS2010-counterex1b_true-termination.c
[2026-09-30 15:33:38,221 INFO  L330   stractBuchiCegarLoop]: Interprodecural is true
[2026-09-30 15:33:38,221 INFO  L331   stractBuchiCegarLoop]: Hoare is None
[2026-09-30 15:33:38,221 INFO  L332   stractBuchiCegarLoop]: Compute interpolants for ForwardPredicates
[2026-09-30 15:33:38,222 INFO  L333   stractBuchiCegarLoop]: Backedges is STRAIGHT_LINE
[2026-09-30 15:33:38,222 INFO  L334   stractBuchiCegarLoop]: Determinization is PREDICATE_ABSTRACTION
[2026-09-30 15:33:38,222 INFO  L335   stractBuchiCegarLoop]: Difference is false
[2026-09-30 15:33:38,222 INFO  L336   stractBuchiCegarLoop]: Minimize is MINIMIZE_SEVPA
[2026-09-30 15:33:38,222 INFO  L340   stractBuchiCegarLoop]: ======== Iteration 0 == of CEGAR loop == BuchiAutomatonCegarLoop ========
[2026-09-30 15:33:38,224 INFO  L73            BuchiIsEmpty]: Start buchiIsEmpty. Operand  has 14 states, 9 states have (on average 1.5555555555555556) internal successors, (14), 9 states have internal predecessors, (14), 2 states have call successors, (2), 2 states have call predecessors, (2), 2 states have return successors, (2), 2 states have call predecessors, (2), 2 states have call successors, (2)
[2026-09-30 15:33:38,232 INFO  L131   ngComponentsAnalysis]: Automaton has 1 accepting balls. 6
[2026-09-30 15:33:38,232 INFO  L88            BuchiIsEmpty]: Finished buchiIsEmpty Result is false
[2026-09-30 15:33:38,233 INFO  L120           BuchiIsEmpty]: Starting construction of run
[2026-09-30 15:33:38,235 INFO  L148   hiAutomatonCegarLoop]: Counterexample stem histogram [1, 1, 1, 1, 1]
[2026-09-30 15:33:38,236 INFO  L149   hiAutomatonCegarLoop]: Counterexample loop histogram [1, 1, 1, 1]
[2026-09-30 15:33:38,236 INFO  L362   stractBuchiCegarLoop]: ======== Iteration 1 ============
[2026-09-30 15:33:38,236 INFO  L73            BuchiIsEmpty]: Start buchiIsEmpty. Operand  has 14 states, 9 states have (on average 1.5555555555555556) internal successors, (14), 9 states have internal predecessors, (14), 2 states have call successors, (2), 2 states have call predecessors, (2), 2 states have return successors, (2), 2 states have call predecessors, (2), 2 states have call successors, (2)
[2026-09-30 15:33:38,236 INFO  L131   ngComponentsAnalysis]: Automaton has 1 accepting balls. 6
[2026-09-30 15:33:38,236 INFO  L88            BuchiIsEmpty]: Finished buchiIsEmpty Result is false
[2026-09-30 15:33:38,237 INFO  L120           BuchiIsEmpty]: Starting construction of run
[2026-09-30 15:33:38,237 INFO  L148   hiAutomatonCegarLoop]: Counterexample stem histogram [1, 1, 1, 1, 1]
[2026-09-30 15:33:38,237 INFO  L149   hiAutomatonCegarLoop]: Counterexample loop histogram [1, 1, 1, 1]
[2026-09-30 15:33:38,240 INFO  L943   eck$LassoCheckResult]: Stem: "call ULTIMATE.init();"< "assume true;" >"#56#return;" "call #t~ret7 := main();"< "havoc ~x~0;havoc ~y~0;havoc ~n~0;havoc #t~nondet0;assume -2147483648 <= #t~nondet0 && #t~nondet0 <= 2147483647;~n~0 := #t~nondet0;havoc #t~nondet0;havoc #t~nondet1;assume -2147483648 <= #t~nondet1 && #t~nondet1 <= 2147483647;~x~0 := #t~nondet1;havoc #t~nondet1;havoc #t~nondet2;assume -2147483648 <= #t~nondet2 && #t~nondet2 <= 2147483647;~y~0 := #t~nondet2;havoc #t~nondet2;" 
[2026-09-30 15:33:38,240 INFO  L945   eck$LassoCheckResult]: Loop: "assume ~x~0 >= 0;" "assume !true;" "~x~0 := ~x~0 - 1;" "assume !true;" 
[2026-09-30 15:33:38,329 INFO  L213          LassoAnalysis]: Preferences:
[2026-09-30 15:33:38,330 INFO  L125   ssoRankerPreferences]: Compute integeral hull: false
[2026-09-30 15:33:38,330 INFO  L126   ssoRankerPreferences]: Enable LassoPartitioneer: false
[2026-09-30 15:33:38,330 INFO  L127   ssoRankerPreferences]: Term annotations enabled: false
[2026-09-30 15:33:38,330 INFO  L128   ssoRankerPreferences]: Use exernal solver: true
[2026-09-30 15:33:38,330 INFO  L129   ssoRankerPreferences]: SMT solver command: z3 SMTLIB2_COMPLIANT=true -memory:1024 -smt2 -in -t:12000
[2026-09-30 15:33:38,330 INFO  L130   ssoRankerPreferences]: Dump SMT script to file: false
[2026-09-30 15:33:38,330 INFO  L131   ssoRankerPreferences]: Path of dumped script: 
[2026-09-30 15:33:38,330 INFO  L132   ssoRankerPreferences]: Filename of dumped script: AliasDarteFeautrierGonnord-SAS2010-counterex1b_true-termination.c_Iteration1_Lasso
[2026-09-30 15:33:38,330 INFO  L133   ssoRankerPreferences]: MapElimAlgo: Matthias
[2026-09-30 15:33:38,330 INFO  L250          LassoAnalysis]: Starting lasso preprocessing...
[2026-09-30 15:33:38,365 INFO  L270          LassoAnalysis]: Preprocessing complete.
[2026-09-30 15:33:38,368 INFO  L156       PredicateUnifier]: Initialized classic predicate unifier
[2026-09-30 15:33:38,369 INFO  L85        PathProgramCache]: Analyzing trace with hash 79478316, now seen corresponding path program 1 times
[2026-09-30 15:33:38,373 INFO  L118   FreeRefinementEngine]: Executing refinement strategy FIXED_PREFERENCES
[2026-09-30 15:33:38,374 INFO  L324   FreeRefinementEngine]: Using trace check IpTcStrategyModulePreferences [940877801]
[2026-09-30 15:33:38,374 INFO  L97    rtionOrderModulation]: Keeping assertion order NOT_INCREMENTALLY
[2026-09-30 15:33:38,374 INFO  L127          SolverBuilder]: Constructing new instance of SMTInterpol with explicit timeout -1 ms and remaining time -1 ms
[2026-09-30 15:33:38,412 INFO  L108    AnnotateAndAsserter]: Assert order NOT_INCREMENTALLY partitioned 5 statements into 1 equivalence classes.
[2026-09-30 15:33:38,415 INFO  L111    AnnotateAndAsserter]: Assert order NOT_INCREMENTALLY issued 1 check-sat command(s) and asserted 5 of 5 statements.
[2026-09-30 15:33:38,415 INFO  L114    AnnotateAndAsserter]: Assert order NOT_INCREMENTALLY issued 1 check-sat command(s)
[2026-09-30 15:33:38,415 INFO  L115    AnnotateAndAsserter]: Conjunction of SSA is sat
[2026-09-30 15:33:38,416 INFO  L348             TraceCheck]: Trace is feasible, we will do another trace check, this time with branch encoders.
[2026-09-30 15:33:38,417 INFO  L108    AnnotateAndAsserter]: Assert order NOT_INCREMENTALLY partitioned 5 statements into 1 equivalence classes.
[2026-09-30 15:33:38,419 INFO  L111    AnnotateAndAsserter]: Assert order NOT_INCREMENTALLY issued 1 check-sat command(s) and asserted 5 of 5 statements.
[2026-09-30 15:33:38,419 INFO  L114    AnnotateAndAsserter]: Assert order NOT_INCREMENTALLY issued 1 check-sat command(s)
[2026-09-30 15:33:38,419 INFO  L115    AnnotateAndAsserter]: Conjunction of SSA is sat
[2026-09-30 15:33:38,427 INFO  L130   FreeRefinementEngine]: Strategy FIXED_PREFERENCES found a feasible trace
[2026-09-30 15:33:38,429 INFO  L156       PredicateUnifier]: Initialized classic predicate unifier
[2026-09-30 15:33:38,429 INFO  L85        PathProgramCache]: Analyzing trace with hash 2351419, now seen corresponding path program 1 times
[2026-09-30 15:33:38,429 INFO  L118   FreeRefinementEngine]: Executing refinement strategy FIXED_PREFERENCES
[2026-09-30 15:33:38,429 INFO  L324   FreeRefinementEngine]: Using trace check IpTcStrategyModulePreferences [2133951414]
[2026-09-30 15:33:38,429 INFO  L97    rtionOrderModulation]: Keeping assertion order NOT_INCREMENTALLY
[2026-09-30 15:33:38,430 INFO  L127          SolverBuilder]: Constructing new instance of SMTInterpol with explicit timeout -1 ms and remaining time -1 ms
[2026-09-30 15:33:38,432 INFO  L108    AnnotateAndAsserter]: Assert order NOT_INCREMENTALLY partitioned 4 statements into 1 equivalence classes.
[2026-09-30 15:33:38,433 INFO  L111    AnnotateAndAsserter]: Assert order NOT_INCREMENTALLY issued 1 check-sat command(s) and asserted 4 of 4 statements.
[2026-09-30 15:33:38,433 INFO  L114    AnnotateAndAsserter]: Assert order NOT_INCREMENTALLY issued 1 check-sat command(s)
[2026-09-30 15:33:38,433 INFO  L115    AnnotateAndAsserter]: Conjunction of SSA is unsat
[2026-09-30 15:33:38,434 INFO  L256         TraceCheckSpWp]: Trace formula consists of 7 conjuncts, 1 conjuncts are in the unsatisfiable core
[2026-09-30 15:33:38,434 INFO  L279         TraceCheckSpWp]: Computing forward predicates...
[2026-09-30 15:33:38,439 INFO  L134       CoverageAnalysis]: Checked inductivity of 0 backedges. 0 proven. 0 refuted. 0 times theorem prover too weak. 0 trivial. 0 not checked.
[2026-09-30 15:33:38,439 INFO  L136   FreeRefinementEngine]: Strategy FIXED_PREFERENCES found an infeasible trace
[2026-09-30 15:33:38,439 INFO  L324   FreeRefinementEngine]: Using interpolant generator IpTcStrategyModulePreferences [2133951414]
[2026-09-30 15:33:38,439 INFO  L158   FreeRefinementEngine]: IpTcStrategyModulePreferences [2133951414] provided 1 perfect and 0 imperfect interpolant sequences
[2026-09-30 15:33:38,439 INFO  L185   FreeRefinementEngine]: Found 1 perfect and 0 imperfect interpolant sequences.
[2026-09-30 15:33:38,440 INFO  L198   FreeRefinementEngine]: Number of different interpolants: perfect sequences [2] imperfect sequences [] total 2
[2026-09-30 15:33:38,440 INFO  L121   tionRefinementEngine]: Using interpolant automaton builder IpAbStrategyModuleStraightlineAll [1948817296]
[2026-09-30 15:33:38,440 INFO  L85    oduleStraightlineAll]: Using 1 perfect interpolants to construct interpolant automaton
[2026-09-30 15:33:38,442 INFO  L961   eck$LassoCheckResult]: loop already infeasible
[2026-09-30 15:33:38,574 INFO  L100   FreeRefinementEngine]: Using predicate unifier PredicateUnifier provided by strategy FIXED_PREFERENCES
[2026-09-30 15:33:38,592 INFO  L144   InterpolantAutomaton]: Constructing interpolant automaton starting with 2 interpolants.
[2026-09-30 15:33:38,592 INFO  L146   InterpolantAutomaton]: CoverageRelationStatistics Valid=1, Invalid=1, Unknown=0, NotChecked=0, Total=2
[2026-09-30 15:33:38,593 INFO  L87              Difference]: Start difference. First operand  has 14 states, 9 states have (on average 1.5555555555555556) internal successors, (14), 9 states have internal predecessors, (14), 2 states have call successors, (2), 2 states have call predecessors, (2), 2 states have return successors, (2), 2 states have call predecessors, (2), 2 states have call successors, (2) Second operand  has 2 states, 2 states have (on average 2.0) internal successors, (4), 2 states have internal predecessors, (4), 0 states have call successors, (0), 0 states have call predecessors, (0), 0 states have return successors, (0), 0 states have call predecessors, (0), 0 states have call successors, (0)
[2026-09-30 15:33:38,606 INFO  L144             Difference]: Subtrahend was deterministic. Have not used determinization.
[2026-09-30 15:33:38,606 INFO  L93              Difference]: Finished difference Result 14 states and 16 transitions.
[2026-09-30 15:33:38,607 INFO  L82        GeneralOperation]: Start removeNonLiveStates. Operand 14 states and 16 transitions.
[2026-09-30 15:33:38,608 INFO  L131   ngComponentsAnalysis]: Automaton has 1 accepting balls. 6
[2026-09-30 15:33:38,611 INFO  L88        GeneralOperation]: Finished removeNonLiveStates. Reduced from 14 states to 11 states and 13 transitions.
[2026-09-30 15:33:38,612 INFO  L87         BuchiClosureNwa]: Accepting states before buchiClosure: 11
[2026-09-30 15:33:38,612 INFO  L106        BuchiClosureNwa]: Accepting states after buchiClosure: 11
[2026-09-30 15:33:38,612 INFO  L74         IsDeterministic]: Start isDeterministic. Operand 11 states and 13 transitions.
[2026-09-30 15:33:38,612 INFO  L81         IsDeterministic]: Finished isDeterministic. Operand is deterministic.
[2026-09-30 15:33:38,612 INFO  L218   hiAutomatonCegarLoop]: Abstraction has 11 states and 13 transitions.
[2026-09-30 15:33:38,619 INFO  L82        GeneralOperation]: Start minimizeSevpa. Operand 11 states and 13 transitions.
[2026-09-30 15:33:38,625 INFO  L88        GeneralOperation]: Finished minimizeSevpa. Reduced states from 11 to 11.
[2026-09-30 15:33:38,625 INFO  L82        GeneralOperation]: Start removeUnreachable. Operand  has 11 states, 8 states have (on average 1.25) internal successors, (10), 7 states have internal predecessors, (10), 2 states have call successors, (2), 2 states have call predecessors, (2), 1 states have return successors, (1), 1 states have call predecessors, (1), 1 states have call successors, (1)
[2026-09-30 15:33:38,625 INFO  L88        GeneralOperation]: Finished removeUnreachable. Reduced from 11 states to 11 states and 13 transitions.
[2026-09-30 15:33:38,626 INFO  L240   hiAutomatonCegarLoop]: Abstraction has 11 states and 13 transitions.
[2026-09-30 15:33:38,626 INFO  L140   InterpolantAutomaton]: Switched to read-only mode: deterministic interpolant automaton has 2 states. 
[2026-09-30 15:33:38,628 INFO  L457   stractBuchiCegarLoop]: Abstraction has 11 states and 13 transitions.
[2026-09-30 15:33:38,628 INFO  L362   stractBuchiCegarLoop]: ======== Iteration 2 ============
[2026-09-30 15:33:38,628 INFO  L73            BuchiIsEmpty]: Start buchiIsEmpty. Operand 11 states and 13 transitions.
[2026-09-30 15:33:38,629 INFO  L131   ngComponentsAnalysis]: Automaton has 1 accepting balls. 6
[2026-09-30 15:33:38,629 INFO  L88            BuchiIsEmpty]: Finished buchiIsEmpty Result is false
[2026-09-30 15:33:38,629 INFO  L120           BuchiIsEmpty]: Starting construction of run
[2026-09-30 15:33:38,629 INFO  L148   hiAutomatonCegarLoop]: Counterexample stem histogram [1, 1, 1, 1, 1]
[2026-09-30 15:33:38,629 INFO  L149   hiAutomatonCegarLoop]: Counterexample loop histogram [1, 1, 1, 1, 1, 1]
[2026-09-30 15:33:38,629 INFO  L943   eck$LassoCheckResult]: Stem: "call ULTIMATE.init();"< "assume true;" >"#56#return;" "call #t~ret7 := main();"< "havoc ~x~0;havoc ~y~0;havoc ~n~0;havoc #t~nondet0;assume -2147483648 <= #t~nondet0 && #t~nondet0 <= 2147483647;~n~0 := #t~nondet0;havoc #t~nondet0;havoc #t~nondet1;assume -2147483648 <= #t~nondet1 && #t~nondet1 <= 2147483647;~x~0 := #t~nondet1;havoc #t~nondet1;havoc #t~nondet2;assume -2147483648 <= #t~nondet2 && #t~nondet2 <= 2147483647;~y~0 := #t~nondet2;havoc #t~nondet2;" 
[2026-09-30 15:33:38,629 INFO  L945   eck$LassoCheckResult]: Loop: "assume ~x~0 >= 0;" "#t~short4 := ~y~0 >= 0;BeginParallelComposition{ParallelCodeBlock0: assume #t~short4;havoc #t~nondet3;assume -2147483648 <= #t~nondet3 && #t~nondet3 <= 2147483647;#t~short4 := 0 != #t~nondet3;ParallelCodeBlock1: assume !#t~short4;}EndParallelComposition" "assume !#t~short4;havoc #t~nondet3;havoc #t~short4;" "~x~0 := ~x~0 - 1;" "#t~short6 := ~y~0 <= ~n~0;BeginParallelComposition{ParallelCodeBlock0: assume #t~short6;havoc #t~nondet5;assume -2147483648 <= #t~nondet5 && #t~nondet5 <= 2147483647;#t~short6 := 0 != #t~nondet5;ParallelCodeBlock1: assume !#t~short6;}EndParallelComposition" "assume !#t~short6;havoc #t~nondet5;havoc #t~short6;" 
[2026-09-30 15:33:38,764 INFO  L213          LassoAnalysis]: Preferences:
[2026-09-30 15:33:38,764 INFO  L125   ssoRankerPreferences]: Compute integeral hull: false
[2026-09-30 15:33:38,764 INFO  L126   ssoRankerPreferences]: Enable LassoPartitioneer: false
[2026-09-30 15:33:38,764 INFO  L127   ssoRankerPreferences]: Term annotations enabled: false
[2026-09-30 15:33:38,764 INFO  L128   ssoRankerPreferences]: Use exernal solver: true
[2026-09-30 15:33:38,764 INFO  L129   ssoRankerPreferences]: SMT solver command: z3 SMTLIB2_COMPLIANT=true -memory:1024 -smt2 -in -t:12000
[2026-09-30 15:33:38,764 INFO  L130   ssoRankerPreferences]: Dump SMT script to file: false
[2026-09-30 15:33:38,764 INFO  L131   ssoRankerPreferences]: Path of dumped script: 
[2026-09-30 15:33:38,764 INFO  L132   ssoRankerPreferences]: Filename of dumped script: AliasDarteFeautrierGonnord-SAS2010-counterex1b_true-termination.c_Iteration2_Lasso
[2026-09-30 15:33:38,764 INFO  L133   ssoRankerPreferences]: MapElimAlgo: Matthias
[2026-09-30 15:33:38,764 INFO  L250          LassoAnalysis]: Starting lasso preprocessing...
[2026-09-30 15:33:38,789 INFO  L270          LassoAnalysis]: Preprocessing complete.
[2026-09-30 15:33:38,789 INFO  L156       PredicateUnifier]: Initialized classic predicate unifier
[2026-09-30 15:33:38,789 INFO  L85        PathProgramCache]: Analyzing trace with hash 79478316, now seen corresponding path program 2 times
[2026-09-30 15:33:38,789 INFO  L118   FreeRefinementEngine]: Executing refinement strategy FIXED_PREFERENCES
[2026-09-30 15:33:38,789 INFO  L324   FreeRefinementEngine]: Using trace check IpTcStrategyModulePreferences [560096789]
[2026-09-30 15:33:38,789 INFO  L97    rtionOrderModulation]: Keeping assertion order NOT_INCREMENTALLY
[2026-09-30 15:33:38,789 INFO  L127          SolverBuilder]: Constructing new instance of SMTInterpol with explicit timeout -1 ms and remaining time -1 ms
[2026-09-30 15:33:38,792 INFO  L108    AnnotateAndAsserter]: Assert order NOT_INCREMENTALLY partitioned 5 statements into 1 equivalence classes.
[2026-09-30 15:33:38,793 INFO  L111    AnnotateAndAsserter]: Assert order NOT_INCREMENTALLY issued 1 check-sat command(s) and asserted 5 of 5 statements.
[2026-09-30 15:33:38,793 INFO  L114    AnnotateAndAsserter]: Assert order NOT_INCREMENTALLY issued 1 check-sat command(s)
[2026-09-30 15:33:38,793 INFO  L115    AnnotateAndAsserter]: Conjunction of SSA is sat
[2026-09-30 15:33:38,793 INFO  L348             TraceCheck]: Trace is feasible, we will do another trace check, this time with branch encoders.
[2026-09-30 15:33:38,794 INFO  L108    AnnotateAndAsserter]: Assert order NOT_INCREMENTALLY partitioned 5 statements into 1 equivalence classes.
[2026-09-30 15:33:38,795 INFO  L111    AnnotateAndAsserter]: Assert order NOT_INCREMENTALLY issued 1 check-sat command(s) and asserted 5 of 5 statements.
[2026-09-30 15:33:38,795 INFO  L114    AnnotateAndAsserter]: Assert order NOT_INCREMENTALLY issued 1 check-sat command(s)
[2026-09-30 15:33:38,795 INFO  L115    AnnotateAndAsserter]: Conjunction of SSA is sat
[2026-09-30 15:33:38,796 INFO  L130   FreeRefinementEngine]: Strategy FIXED_PREFERENCES found a feasible trace
[2026-09-30 15:33:38,796 INFO  L156       PredicateUnifier]: Initialized classic predicate unifier
[2026-09-30 15:33:38,796 INFO  L85        PathProgramCache]: Analyzing trace with hash -2002731495, now seen corresponding path program 1 times
[2026-09-30 15:33:38,797 INFO  L118   FreeRefinementEngine]: Executing refinement strategy FIXED_PREFERENCES
[2026-09-30 15:33:38,797 INFO  L324   FreeRefinementEngine]: Using trace check IpTcStrategyModulePreferences [2039600017]
[2026-09-30 15:33:38,797 INFO  L97    rtionOrderModulation]: Keeping assertion order NOT_INCREMENTALLY
[2026-09-30 15:33:38,797 INFO  L127          SolverBuilder]: Constructing new instance of SMTInterpol with explicit timeout -1 ms and remaining time -1 ms
[2026-09-30 15:33:38,800 INFO  L108    AnnotateAndAsserter]: Assert order NOT_INCREMENTALLY partitioned 6 statements into 1 equivalence classes.
[2026-09-30 15:33:38,805 INFO  L111    AnnotateAndAsserter]: Assert order NOT_INCREMENTALLY issued 1 check-sat command(s) and asserted 6 of 6 statements.
[2026-09-30 15:33:38,805 INFO  L114    AnnotateAndAsserter]: Assert order NOT_INCREMENTALLY issued 1 check-sat command(s)
[2026-09-30 15:33:38,805 INFO  L115    AnnotateAndAsserter]: Conjunction of SSA is sat
[2026-09-30 15:33:38,805 INFO  L348             TraceCheck]: Trace is feasible, we will do another trace check, this time with branch encoders.
[2026-09-30 15:33:38,807 INFO  L108    AnnotateAndAsserter]: Assert order NOT_INCREMENTALLY partitioned 6 statements into 1 equivalence classes.
[2026-09-30 15:33:38,810 INFO  L111    AnnotateAndAsserter]: Assert order NOT_INCREMENTALLY issued 1 check-sat command(s) and asserted 6 of 6 statements.
[2026-09-30 15:33:38,810 INFO  L114    AnnotateAndAsserter]: Assert order NOT_INCREMENTALLY issued 1 check-sat command(s)
[2026-09-30 15:33:38,810 INFO  L115    AnnotateAndAsserter]: Conjunction of SSA is sat
[2026-09-30 15:33:38,811 INFO  L130   FreeRefinementEngine]: Strategy FIXED_PREFERENCES found a feasible trace
[2026-09-30 15:33:38,811 INFO  L156       PredicateUnifier]: Initialized classic predicate unifier
[2026-09-30 15:33:38,811 INFO  L85        PathProgramCache]: Analyzing trace with hash -754782204, now seen corresponding path program 1 times
[2026-09-30 15:33:38,811 INFO  L118   FreeRefinementEngine]: Executing refinement strategy FIXED_PREFERENCES
[2026-09-30 15:33:38,812 INFO  L324   FreeRefinementEngine]: Using trace check IpTcStrategyModulePreferences [1193450382]
[2026-09-30 15:33:38,812 INFO  L97    rtionOrderModulation]: Keeping assertion order NOT_INCREMENTALLY
[2026-09-30 15:33:38,812 INFO  L127          SolverBuilder]: Constructing new instance of SMTInterpol with explicit timeout -1 ms and remaining time -1 ms
[2026-09-30 15:33:38,815 INFO  L108    AnnotateAndAsserter]: Assert order NOT_INCREMENTALLY partitioned 11 statements into 1 equivalence classes.
[2026-09-30 15:33:38,820 INFO  L111    AnnotateAndAsserter]: Assert order NOT_INCREMENTALLY issued 1 check-sat command(s) and asserted 11 of 11 statements.
[2026-09-30 15:33:38,820 INFO  L114    AnnotateAndAsserter]: Assert order NOT_INCREMENTALLY issued 1 check-sat command(s)
[2026-09-30 15:33:38,820 INFO  L115    AnnotateAndAsserter]: Conjunction of SSA is sat
[2026-09-30 15:33:38,820 INFO  L348             TraceCheck]: Trace is feasible, we will do another trace check, this time with branch encoders.
[2026-09-30 15:33:38,822 INFO  L108    AnnotateAndAsserter]: Assert order NOT_INCREMENTALLY partitioned 11 statements into 1 equivalence classes.
[2026-09-30 15:33:38,825 INFO  L111    AnnotateAndAsserter]: Assert order NOT_INCREMENTALLY issued 1 check-sat command(s) and asserted 11 of 11 statements.
[2026-09-30 15:33:38,826 INFO  L114    AnnotateAndAsserter]: Assert order NOT_INCREMENTALLY issued 1 check-sat command(s)
[2026-09-30 15:33:38,826 INFO  L115    AnnotateAndAsserter]: Conjunction of SSA is sat
[2026-09-30 15:33:38,827 INFO  L130   FreeRefinementEngine]: Strategy FIXED_PREFERENCES found a feasible trace
[2026-09-30 15:33:38,938 INFO  L213          LassoAnalysis]: Preferences:
[2026-09-30 15:33:38,938 INFO  L125   ssoRankerPreferences]: Compute integeral hull: false
[2026-09-30 15:33:38,938 INFO  L126   ssoRankerPreferences]: Enable LassoPartitioneer: false
[2026-09-30 15:33:38,938 INFO  L127   ssoRankerPreferences]: Term annotations enabled: false
[2026-09-30 15:33:38,939 INFO  L128   ssoRankerPreferences]: Use exernal solver: true
[2026-09-30 15:33:38,939 INFO  L129   ssoRankerPreferences]: SMT solver command: z3 SMTLIB2_COMPLIANT=true -memory:1024 -smt2 -in -t:12000
[2026-09-30 15:33:38,939 INFO  L130   ssoRankerPreferences]: Dump SMT script to file: false
[2026-09-30 15:33:38,939 INFO  L131   ssoRankerPreferences]: Path of dumped script: 
[2026-09-30 15:33:38,939 INFO  L132   ssoRankerPreferences]: Filename of dumped script: AliasDarteFeautrierGonnord-SAS2010-counterex1b_true-termination.c_Iteration2_Lasso
[2026-09-30 15:33:38,939 INFO  L133   ssoRankerPreferences]: MapElimAlgo: Matthias
[2026-09-30 15:33:38,939 INFO  L250          LassoAnalysis]: Starting lasso preprocessing...
[2026-09-30 15:33:38,967 INFO  L270          LassoAnalysis]: Preprocessing complete.
[2026-09-30 15:33:38,967 INFO  L380          LassoAnalysis]: Checking for nontermination...
[2026-09-30 15:33:38,968 INFO  L173          SolverBuilder]: Constructing external solver with command: z3 SMTLIB2_COMPLIANT=true -memory:1024 -smt2 -in -t:12000
[2026-09-30 15:33:38,969 INFO  L189       MonitoredProcess]: No working directory specified, using /home/anissa/.local/bin/z3
[2026-09-30 15:33:38,971 INFO  L229       MonitoredProcess]: Starting monitored process 2 with /home/anissa/.local/bin/z3 SMTLIB2_COMPLIANT=true -memory:1024 -smt2 -in -t:12000 (exit command is (exit), workingDir is null)
[2026-09-30 15:33:38,972 INFO  L327       MonitoredProcess]: [MP /home/anissa/.local/bin/z3 SMTLIB2_COMPLIANT=true -memory:1024 -smt2 -in -t:12000 (2)] Waiting until timeout for monitored process
[2026-09-30 15:33:38,973 INFO  L148   nArgumentSynthesizer]: Nontermination analysis: LINEAR Allow bounded executions: true Number of generalized eigenvectors: 0 Nilpotent components: true
[2026-09-30 15:33:38,973 INFO  L160   nArgumentSynthesizer]: Using integer mode.
[2026-09-30 15:33:38,992 INFO  L546       MonitoredProcess]: [MP /home/anissa/.local/bin/z3 SMTLIB2_COMPLIANT=true -memory:1024 -smt2 -in -t:12000 (2)] Ended with exit code 0
[2026-09-30 15:33:38,993 INFO  L173          SolverBuilder]: Constructing external solver with command: z3 SMTLIB2_COMPLIANT=true -memory:1024 -smt2 -in -t:12000
[2026-09-30 15:33:38,993 INFO  L189       MonitoredProcess]: No working directory specified, using /home/anissa/.local/bin/z3
[2026-09-30 15:33:38,995 INFO  L229       MonitoredProcess]: Starting monitored process 3 with /home/anissa/.local/bin/z3 SMTLIB2_COMPLIANT=true -memory:1024 -smt2 -in -t:12000 (exit command is (exit), workingDir is null)
[2026-09-30 15:33:38,996 INFO  L327       MonitoredProcess]: [MP /home/anissa/.local/bin/z3 SMTLIB2_COMPLIANT=true -memory:1024 -smt2 -in -t:12000 (3)] Waiting until timeout for monitored process
[2026-09-30 15:33:38,997 INFO  L148   nArgumentSynthesizer]: Nontermination analysis: LINEAR Allow bounded executions: true Number of generalized eigenvectors: 3 Nilpotent components: true
[2026-09-30 15:33:38,997 INFO  L160   nArgumentSynthesizer]: Using integer mode.
[2026-09-30 15:33:39,019 INFO  L546       MonitoredProcess]: [MP /home/anissa/.local/bin/z3 SMTLIB2_COMPLIANT=true -memory:1024 -smt2 -in -t:12000 (3)] Ended with exit code 0
[2026-09-30 15:33:39,020 INFO  L422          LassoAnalysis]: Proving nontermination failed: No geometric nontermination argument exists.
[2026-09-30 15:33:39,020 INFO  L213          LassoAnalysis]: Preferences:
[2026-09-30 15:33:39,020 INFO  L125   ssoRankerPreferences]: Compute integeral hull: false
[2026-09-30 15:33:39,020 INFO  L126   ssoRankerPreferences]: Enable LassoPartitioneer: false
[2026-09-30 15:33:39,020 INFO  L127   ssoRankerPreferences]: Term annotations enabled: false
[2026-09-30 15:33:39,020 INFO  L128   ssoRankerPreferences]: Use exernal solver: true
[2026-09-30 15:33:39,020 INFO  L129   ssoRankerPreferences]: SMT solver command: z3 SMTLIB2_COMPLIANT=true -memory:1024 -smt2 -in -t:12000
[2026-09-30 15:33:39,020 INFO  L130   ssoRankerPreferences]: Dump SMT script to file: false
[2026-09-30 15:33:39,020 INFO  L131   ssoRankerPreferences]: Path of dumped script: 
[2026-09-30 15:33:39,020 INFO  L132   ssoRankerPreferences]: Filename of dumped script: AliasDarteFeautrierGonnord-SAS2010-counterex1b_true-termination.c_Iteration2_Lasso
[2026-09-30 15:33:39,020 INFO  L133   ssoRankerPreferences]: MapElimAlgo: Matthias
[2026-09-30 15:33:39,020 INFO  L250          LassoAnalysis]: Starting lasso preprocessing...
[2026-09-30 15:33:39,047 INFO  L270          LassoAnalysis]: Preprocessing complete.
[2026-09-30 15:33:39,048 INFO  L467          LassoAnalysis]: AK !! Using template 'affine'.
[2026-09-30 15:33:39,048 INFO  L173          SolverBuilder]: Constructing external solver with command: z3 SMTLIB2_COMPLIANT=true -memory:1024 -smt2 -in -t:12000
[2026-09-30 15:33:39,049 INFO  L189       MonitoredProcess]: No working directory specified, using /home/anissa/.local/bin/z3
[2026-09-30 15:33:39,051 INFO  L229       MonitoredProcess]: Starting monitored process 4 with /home/anissa/.local/bin/z3 SMTLIB2_COMPLIANT=true -memory:1024 -smt2 -in -t:12000 (exit command is (exit), workingDir is null)
[2026-09-30 15:33:39,052 INFO  L327       MonitoredProcess]: [MP /home/anissa/.local/bin/z3 SMTLIB2_COMPLIANT=true -memory:1024 -smt2 -in -t:12000 (4)] Waiting until timeout for monitored process
[2026-09-30 15:33:39,053 INFO  L126   nArgumentSynthesizer]: Termination Analysis Settings: Termination analysis: LINEARNumber of strict supporting invariants: 0Number of non-strict supporting invariants: 1Consider only non-deceasing supporting invariants: trueSimplify termination arguments: trueSimplify supporting invariants: trueOverapproximate stem: false
[2026-09-30 15:33:39,063 INFO  L344   nArgumentSynthesizer]: Template has degree 0.
[2026-09-30 15:33:39,064 INFO  L209   nArgumentSynthesizer]: 1 stem disjuncts
[2026-09-30 15:33:39,064 INFO  L210   nArgumentSynthesizer]: 1 loop disjuncts
[2026-09-30 15:33:39,064 INFO  L211   nArgumentSynthesizer]: 2 template conjuncts.
[2026-09-30 15:33:39,072 INFO  L409   nArgumentSynthesizer]: We have 6 Motzkin's Theorem applications.
[2026-09-30 15:33:39,073 INFO  L410   nArgumentSynthesizer]: A total of 2 supporting invariants were added.
[2026-09-30 15:33:39,083 INFO  L427   nArgumentSynthesizer]: Found a termination argument, trying to simplify.
[2026-09-30 15:33:39,103 INFO  L436   ModelExtractionUtils]: Simplification made 10 calls to the SMT solver.
[2026-09-30 15:33:39,105 INFO  L437   ModelExtractionUtils]: 27 out of 43 variables were initially zero. Simplification set additionally 13 variables to zero.
[2026-09-30 15:33:39,107 INFO  L173          SolverBuilder]: Constructing external solver with command: z3 SMTLIB2_COMPLIANT=true -memory:1024 -smt2 -in -t:12000
[2026-09-30 15:33:39,107 INFO  L189       MonitoredProcess]: No working directory specified, using /home/anissa/.local/bin/z3
[2026-09-30 15:33:39,110 INFO  L229       MonitoredProcess]: Starting monitored process 5 with /home/anissa/.local/bin/z3 SMTLIB2_COMPLIANT=true -memory:1024 -smt2 -in -t:12000 (exit command is (exit), workingDir is null)
[2026-09-30 15:33:39,111 INFO  L327       MonitoredProcess]: [MP /home/anissa/.local/bin/z3 SMTLIB2_COMPLIANT=true -memory:1024 -smt2 -in -t:12000 (5)] Waiting until timeout for monitored process
[2026-09-30 15:33:39,112 INFO  L443   nArgumentSynthesizer]: Simplifying supporting invariants...
[2026-09-30 15:33:39,125 INFO  L546       MonitoredProcess]: [MP /home/anissa/.local/bin/z3 SMTLIB2_COMPLIANT=true -memory:1024 -smt2 -in -t:12000 (5)] Ended with exit code 0
[2026-09-30 15:33:39,125 INFO  L446   nArgumentSynthesizer]: Removed 2 redundant supporting invariants from a total of 2.
[2026-09-30 15:33:39,130 INFO  L546       MonitoredProcess]: [MP /home/anissa/.local/bin/z3 SMTLIB2_COMPLIANT=true -memory:1024 -smt2 -in -t:12000 (4)] Ended with exit code 0
[2026-09-30 15:33:39,130 INFO  L495          LassoAnalysis]: Proved termination.
[2026-09-30 15:33:39,130 INFO  L496          LassoAnalysis]: Termination argument consisting of:
Ranking function f(main_~x~0, v_rep~unnamed0~0~true_4) = 2*main_~x~0 + 1*v_rep~unnamed0~0~true_4
Supporting invariants []
[2026-09-30 15:33:39,133 INFO  L156   tatePredicateManager]: 0 out of 0 supporting invariants were superfluous and have been removed
[2026-09-30 15:33:39,413 WARN  L873   BoogieBacktranslator]: Unfinished Backtranslation: Unknown variable: ~unnamed0~0~true
[2026-09-30 15:33:39,424 INFO  L156       PredicateUnifier]: Initialized classic predicate unifier
[2026-09-30 15:33:39,429 INFO  L108    AnnotateAndAsserter]: Assert order NOT_INCREMENTALLY partitioned 5 statements into 1 equivalence classes.
[2026-09-30 15:33:39,434 INFO  L111    AnnotateAndAsserter]: Assert order NOT_INCREMENTALLY issued 1 check-sat command(s) and asserted 5 of 5 statements.
[2026-09-30 15:33:39,434 INFO  L114    AnnotateAndAsserter]: Assert order NOT_INCREMENTALLY issued 1 check-sat command(s)
[2026-09-30 15:33:39,434 INFO  L115    AnnotateAndAsserter]: Conjunction of SSA is unsat
[2026-09-30 15:33:39,435 INFO  L256         TraceCheckSpWp]: Trace formula consists of 72 conjuncts, 6 conjuncts are in the unsatisfiable core
[2026-09-30 15:33:39,436 INFO  L279         TraceCheckSpWp]: Computing forward predicates...
[2026-09-30 15:33:39,458 INFO  L108    AnnotateAndAsserter]: Assert order NOT_INCREMENTALLY partitioned 6 statements into 1 equivalence classes.
[2026-09-30 15:33:39,460 INFO  L111    AnnotateAndAsserter]: Assert order NOT_INCREMENTALLY issued 1 check-sat command(s) and asserted 6 of 6 statements.
[2026-09-30 15:33:39,460 INFO  L114    AnnotateAndAsserter]: Assert order NOT_INCREMENTALLY issued 1 check-sat command(s)
[2026-09-30 15:33:39,460 INFO  L115    AnnotateAndAsserter]: Conjunction of SSA is unsat
[2026-09-30 15:33:39,461 INFO  L256         TraceCheckSpWp]: Trace formula consists of 11 conjuncts, 4 conjuncts are in the unsatisfiable core
[2026-09-30 15:33:39,461 INFO  L279         TraceCheckSpWp]: Computing forward predicates...
[2026-09-30 15:33:39,495 INFO  L134       CoverageAnalysis]: Checked inductivity of 0 backedges. 0 proven. 0 refuted. 0 times theorem prover too weak. 0 trivial. 0 not checked.
[2026-09-30 15:33:39,498 INFO  L141   lantAutomatonBouncer]: Defining deterministic Buchi interpolant automaton with honda bouncer for stem and without honda bouncer for loop.2 stem predicates 3 loop predicates 
[2026-09-30 15:33:39,498 INFO  L69     BuchiDifferenceNCSB]: Start buchiDifferenceNCSB. First operand 11 states and 13 transitions. cyclomatic complexity: 3 Second operand  has 5 states, 5 states have (on average 1.6) internal successors, (8), 4 states have internal predecessors, (8), 1 states have call successors, (2), 2 states have call predecessors, (2), 1 states have return successors, (1), 1 states have call predecessors, (1), 1 states have call successors, (1)
[2026-09-30 15:33:39,533 INFO  L73     BuchiDifferenceNCSB]: Finished buchiDifferenceNCSB. First operand 11 states and 13 transitions. cyclomatic complexity: 3. Second operand  has 5 states, 5 states have (on average 1.6) internal successors, (8), 4 states have internal predecessors, (8), 1 states have call successors, (2), 2 states have call predecessors, (2), 1 states have return successors, (1), 1 states have call predecessors, (1), 1 states have call successors, (1) Result 21 states and 27 transitions. Complement of second has 7 states.
[2026-09-30 15:33:39,534 INFO  L140   InterpolantAutomaton]: Switched to read-only mode: Buchi interpolant automaton has 5 states 2 stem states 2 non-accepting loop states 1 accepting loop states 
[2026-09-30 15:33:39,535 INFO  L82        GeneralOperation]: Start removeUnreachable. Operand  has 5 states, 5 states have (on average 1.6) internal successors, (8), 4 states have internal predecessors, (8), 1 states have call successors, (2), 2 states have call predecessors, (2), 1 states have return successors, (1), 1 states have call predecessors, (1), 1 states have call successors, (1)
[2026-09-30 15:33:39,535 INFO  L88        GeneralOperation]: Finished removeUnreachable. Reduced from 5 states to 5 states and 15 transitions.
[2026-09-30 15:33:39,538 INFO  L85            BuchiAccepts]: Start buchiAccepts Operand 5 states and 15 transitions. Stem has 5 letters. Loop has 6 letters.
[2026-09-30 15:33:39,538 INFO  L117           BuchiAccepts]: Finished buchiAccepts.
[2026-09-30 15:33:39,538 INFO  L85            BuchiAccepts]: Start buchiAccepts Operand 5 states and 15 transitions. Stem has 11 letters. Loop has 6 letters.
[2026-09-30 15:33:39,539 INFO  L117           BuchiAccepts]: Finished buchiAccepts.
[2026-09-30 15:33:39,539 INFO  L85            BuchiAccepts]: Start buchiAccepts Operand 5 states and 15 transitions. Stem has 5 letters. Loop has 12 letters.
[2026-09-30 15:33:39,539 INFO  L117           BuchiAccepts]: Finished buchiAccepts.
[2026-09-30 15:33:39,539 INFO  L82        GeneralOperation]: Start removeNonLiveStates. Operand 21 states and 27 transitions.
[2026-09-30 15:33:39,540 INFO  L131   ngComponentsAnalysis]: Automaton has 2 accepting balls. 4
[2026-09-30 15:33:39,540 INFO  L88        GeneralOperation]: Finished removeNonLiveStates. Reduced from 21 states to 20 states and 26 transitions.
[2026-09-30 15:33:39,540 INFO  L87         BuchiClosureNwa]: Accepting states before buchiClosure: 11
[2026-09-30 15:33:39,540 INFO  L106        BuchiClosureNwa]: Accepting states after buchiClosure: 13
[2026-09-30 15:33:39,540 INFO  L74         IsDeterministic]: Start isDeterministic. Operand 20 states and 26 transitions.
[2026-09-30 15:33:39,541 INFO  L81         IsDeterministic]: Finished isDeterministic. Operand is not deterministic.
[2026-09-30 15:33:39,541 INFO  L218   hiAutomatonCegarLoop]: Abstraction has 20 states and 26 transitions.
[2026-09-30 15:33:39,541 INFO  L82        GeneralOperation]: Start minimizeSevpa. Operand 20 states and 26 transitions.
[2026-09-30 15:33:39,541 INFO  L88        GeneralOperation]: Finished minimizeSevpa. Reduced states from 20 to 18.
[2026-09-30 15:33:39,542 INFO  L82        GeneralOperation]: Start removeUnreachable. Operand  has 18 states, 15 states have (on average 1.3333333333333333) internal successors, (20), 14 states have internal predecessors, (20), 2 states have call successors, (2), 2 states have call predecessors, (2), 1 states have return successors, (1), 1 states have call predecessors, (1), 1 states have call successors, (1)
[2026-09-30 15:33:39,542 INFO  L88        GeneralOperation]: Finished removeUnreachable. Reduced from 18 states to 18 states and 23 transitions.
[2026-09-30 15:33:39,542 INFO  L240   hiAutomatonCegarLoop]: Abstraction has 18 states and 23 transitions.
[2026-09-30 15:33:39,542 INFO  L457   stractBuchiCegarLoop]: Abstraction has 18 states and 23 transitions.
[2026-09-30 15:33:39,542 INFO  L362   stractBuchiCegarLoop]: ======== Iteration 3 ============
[2026-09-30 15:33:39,542 INFO  L73            BuchiIsEmpty]: Start buchiIsEmpty. Operand 18 states and 23 transitions.
[2026-09-30 15:33:39,543 INFO  L131   ngComponentsAnalysis]: Automaton has 2 accepting balls. 4
[2026-09-30 15:33:39,543 INFO  L88            BuchiIsEmpty]: Finished buchiIsEmpty Result is false
[2026-09-30 15:33:39,543 INFO  L120           BuchiIsEmpty]: Starting construction of run
[2026-09-30 15:33:39,543 INFO  L148   hiAutomatonCegarLoop]: Counterexample stem histogram [1, 1, 1, 1, 1, 1]
[2026-09-30 15:33:39,543 INFO  L149   hiAutomatonCegarLoop]: Counterexample loop histogram [1, 1]
[2026-09-30 15:33:39,544 INFO  L943   eck$LassoCheckResult]: Stem: "call ULTIMATE.init();"< "assume true;" >"#56#return;" "call #t~ret7 := main();"< "havoc ~x~0;havoc ~y~0;havoc ~n~0;havoc #t~nondet0;assume -2147483648 <= #t~nondet0 && #t~nondet0 <= 2147483647;~n~0 := #t~nondet0;havoc #t~nondet0;havoc #t~nondet1;assume -2147483648 <= #t~nondet1 && #t~nondet1 <= 2147483647;~x~0 := #t~nondet1;havoc #t~nondet1;havoc #t~nondet2;assume -2147483648 <= #t~nondet2 && #t~nondet2 <= 2147483647;~y~0 := #t~nondet2;havoc #t~nondet2;" "assume ~x~0 >= 0;" 
[2026-09-30 15:33:39,544 INFO  L945   eck$LassoCheckResult]: Loop: "#t~short4 := ~y~0 >= 0;BeginParallelComposition{ParallelCodeBlock0: assume #t~short4;havoc #t~nondet3;assume -2147483648 <= #t~nondet3 && #t~nondet3 <= 2147483647;#t~short4 := 0 != #t~nondet3;ParallelCodeBlock1: assume !#t~short4;}EndParallelComposition" "assume #t~short4;havoc #t~nondet3;havoc #t~short4;~y~0 := ~y~0 - 1;" 
[2026-09-30 15:33:39,619 INFO  L213          LassoAnalysis]: Preferences:
[2026-09-30 15:33:39,619 INFO  L125   ssoRankerPreferences]: Compute integeral hull: false
[2026-09-30 15:33:39,619 INFO  L126   ssoRankerPreferences]: Enable LassoPartitioneer: false
[2026-09-30 15:33:39,619 INFO  L127   ssoRankerPreferences]: Term annotations enabled: false
[2026-09-30 15:33:39,619 INFO  L128   ssoRankerPreferences]: Use exernal solver: true
[2026-09-30 15:33:39,619 INFO  L129   ssoRankerPreferences]: SMT solver command: z3 SMTLIB2_COMPLIANT=true -memory:1024 -smt2 -in -t:12000
[2026-09-30 15:33:39,619 INFO  L130   ssoRankerPreferences]: Dump SMT script to file: false
[2026-09-30 15:33:39,619 INFO  L131   ssoRankerPreferences]: Path of dumped script: 
[2026-09-30 15:33:39,619 INFO  L132   ssoRankerPreferences]: Filename of dumped script: AliasDarteFeautrierGonnord-SAS2010-counterex1b_true-termination.c_Iteration3_Lasso
[2026-09-30 15:33:39,619 INFO  L133   ssoRankerPreferences]: MapElimAlgo: Matthias
[2026-09-30 15:33:39,619 INFO  L250          LassoAnalysis]: Starting lasso preprocessing...
[2026-09-30 15:33:39,643 INFO  L270          LassoAnalysis]: Preprocessing complete.
[2026-09-30 15:33:39,644 INFO  L156       PredicateUnifier]: Initialized classic predicate unifier
[2026-09-30 15:33:39,644 INFO  L85        PathProgramCache]: Analyzing trace with hash -1831139453, now seen corresponding path program 1 times
[2026-09-30 15:33:39,644 INFO  L118   FreeRefinementEngine]: Executing refinement strategy FIXED_PREFERENCES
[2026-09-30 15:33:39,644 INFO  L324   FreeRefinementEngine]: Using trace check IpTcStrategyModulePreferences [441825188]
[2026-09-30 15:33:39,644 INFO  L97    rtionOrderModulation]: Keeping assertion order NOT_INCREMENTALLY
[2026-09-30 15:33:39,644 INFO  L127          SolverBuilder]: Constructing new instance of SMTInterpol with explicit timeout -1 ms and remaining time -1 ms
[2026-09-30 15:33:39,647 INFO  L108    AnnotateAndAsserter]: Assert order NOT_INCREMENTALLY partitioned 6 statements into 1 equivalence classes.
[2026-09-30 15:33:39,648 INFO  L111    AnnotateAndAsserter]: Assert order NOT_INCREMENTALLY issued 1 check-sat command(s) and asserted 6 of 6 statements.
[2026-09-30 15:33:39,649 INFO  L114    AnnotateAndAsserter]: Assert order NOT_INCREMENTALLY issued 1 check-sat command(s)
[2026-09-30 15:33:39,649 INFO  L115    AnnotateAndAsserter]: Conjunction of SSA is sat
[2026-09-30 15:33:39,649 INFO  L348             TraceCheck]: Trace is feasible, we will do another trace check, this time with branch encoders.
[2026-09-30 15:33:39,649 INFO  L108    AnnotateAndAsserter]: Assert order NOT_INCREMENTALLY partitioned 6 statements into 1 equivalence classes.
[2026-09-30 15:33:39,651 INFO  L111    AnnotateAndAsserter]: Assert order NOT_INCREMENTALLY issued 1 check-sat command(s) and asserted 6 of 6 statements.
[2026-09-30 15:33:39,651 INFO  L114    AnnotateAndAsserter]: Assert order NOT_INCREMENTALLY issued 1 check-sat command(s)
[2026-09-30 15:33:39,651 INFO  L115    AnnotateAndAsserter]: Conjunction of SSA is sat
[2026-09-30 15:33:39,652 INFO  L130   FreeRefinementEngine]: Strategy FIXED_PREFERENCES found a feasible trace
[2026-09-30 15:33:39,652 INFO  L156       PredicateUnifier]: Initialized classic predicate unifier
[2026-09-30 15:33:39,652 INFO  L85        PathProgramCache]: Analyzing trace with hash 2973, now seen corresponding path program 1 times
[2026-09-30 15:33:39,653 INFO  L118   FreeRefinementEngine]: Executing refinement strategy FIXED_PREFERENCES
[2026-09-30 15:33:39,653 INFO  L324   FreeRefinementEngine]: Using trace check IpTcStrategyModulePreferences [1691385736]
[2026-09-30 15:33:39,653 INFO  L97    rtionOrderModulation]: Keeping assertion order NOT_INCREMENTALLY
[2026-09-30 15:33:39,653 INFO  L127          SolverBuilder]: Constructing new instance of SMTInterpol with explicit timeout -1 ms and remaining time -1 ms
[2026-09-30 15:33:39,655 INFO  L108    AnnotateAndAsserter]: Assert order NOT_INCREMENTALLY partitioned 2 statements into 1 equivalence classes.
[2026-09-30 15:33:39,658 INFO  L111    AnnotateAndAsserter]: Assert order NOT_INCREMENTALLY issued 1 check-sat command(s) and asserted 2 of 2 statements.
[2026-09-30 15:33:39,658 INFO  L114    AnnotateAndAsserter]: Assert order NOT_INCREMENTALLY issued 1 check-sat command(s)
[2026-09-30 15:33:39,658 INFO  L115    AnnotateAndAsserter]: Conjunction of SSA is sat
[2026-09-30 15:33:39,658 INFO  L348             TraceCheck]: Trace is feasible, we will do another trace check, this time with branch encoders.
[2026-09-30 15:33:39,659 INFO  L108    AnnotateAndAsserter]: Assert order NOT_INCREMENTALLY partitioned 2 statements into 1 equivalence classes.
[2026-09-30 15:33:39,660 INFO  L111    AnnotateAndAsserter]: Assert order NOT_INCREMENTALLY issued 1 check-sat command(s) and asserted 2 of 2 statements.
[2026-09-30 15:33:39,660 INFO  L114    AnnotateAndAsserter]: Assert order NOT_INCREMENTALLY issued 1 check-sat command(s)
[2026-09-30 15:33:39,660 INFO  L115    AnnotateAndAsserter]: Conjunction of SSA is sat
[2026-09-30 15:33:39,661 INFO  L130   FreeRefinementEngine]: Strategy FIXED_PREFERENCES found a feasible trace
[2026-09-30 15:33:39,662 INFO  L156       PredicateUnifier]: Initialized classic predicate unifier
[2026-09-30 15:33:39,662 INFO  L85        PathProgramCache]: Analyzing trace with hash 1211579039, now seen corresponding path program 1 times
[2026-09-30 15:33:39,662 INFO  L118   FreeRefinementEngine]: Executing refinement strategy FIXED_PREFERENCES
[2026-09-30 15:33:39,662 INFO  L324   FreeRefinementEngine]: Using trace check IpTcStrategyModulePreferences [371708572]
[2026-09-30 15:33:39,662 INFO  L97    rtionOrderModulation]: Keeping assertion order NOT_INCREMENTALLY
[2026-09-30 15:33:39,662 INFO  L127          SolverBuilder]: Constructing new instance of SMTInterpol with explicit timeout -1 ms and remaining time -1 ms
[2026-09-30 15:33:39,664 INFO  L108    AnnotateAndAsserter]: Assert order NOT_INCREMENTALLY partitioned 8 statements into 1 equivalence classes.
[2026-09-30 15:33:39,667 INFO  L111    AnnotateAndAsserter]: Assert order NOT_INCREMENTALLY issued 1 check-sat command(s) and asserted 8 of 8 statements.
[2026-09-30 15:33:39,668 INFO  L114    AnnotateAndAsserter]: Assert order NOT_INCREMENTALLY issued 1 check-sat command(s)
[2026-09-30 15:33:39,668 INFO  L115    AnnotateAndAsserter]: Conjunction of SSA is sat
[2026-09-30 15:33:39,668 INFO  L348             TraceCheck]: Trace is feasible, we will do another trace check, this time with branch encoders.
[2026-09-30 15:33:39,669 INFO  L108    AnnotateAndAsserter]: Assert order NOT_INCREMENTALLY partitioned 8 statements into 1 equivalence classes.
[2026-09-30 15:33:39,672 INFO  L111    AnnotateAndAsserter]: Assert order NOT_INCREMENTALLY issued 1 check-sat command(s) and asserted 8 of 8 statements.
[2026-09-30 15:33:39,672 INFO  L114    AnnotateAndAsserter]: Assert order NOT_INCREMENTALLY issued 1 check-sat command(s)
[2026-09-30 15:33:39,672 INFO  L115    AnnotateAndAsserter]: Conjunction of SSA is sat
[2026-09-30 15:33:39,673 INFO  L130   FreeRefinementEngine]: Strategy FIXED_PREFERENCES found a feasible trace
[2026-09-30 15:33:39,745 INFO  L213          LassoAnalysis]: Preferences:
[2026-09-30 15:33:39,745 INFO  L125   ssoRankerPreferences]: Compute integeral hull: false
[2026-09-30 15:33:39,745 INFO  L126   ssoRankerPreferences]: Enable LassoPartitioneer: false
[2026-09-30 15:33:39,745 INFO  L127   ssoRankerPreferences]: Term annotations enabled: false
[2026-09-30 15:33:39,745 INFO  L128   ssoRankerPreferences]: Use exernal solver: true
[2026-09-30 15:33:39,746 INFO  L129   ssoRankerPreferences]: SMT solver command: z3 SMTLIB2_COMPLIANT=true -memory:1024 -smt2 -in -t:12000
[2026-09-30 15:33:39,746 INFO  L130   ssoRankerPreferences]: Dump SMT script to file: false
[2026-09-30 15:33:39,746 INFO  L131   ssoRankerPreferences]: Path of dumped script: 
[2026-09-30 15:33:39,746 INFO  L132   ssoRankerPreferences]: Filename of dumped script: AliasDarteFeautrierGonnord-SAS2010-counterex1b_true-termination.c_Iteration3_Lasso
[2026-09-30 15:33:39,746 INFO  L133   ssoRankerPreferences]: MapElimAlgo: Matthias
[2026-09-30 15:33:39,746 INFO  L250          LassoAnalysis]: Starting lasso preprocessing...
[2026-09-30 15:33:39,767 INFO  L270          LassoAnalysis]: Preprocessing complete.
[2026-09-30 15:33:39,767 INFO  L380          LassoAnalysis]: Checking for nontermination...
[2026-09-30 15:33:39,767 INFO  L173          SolverBuilder]: Constructing external solver with command: z3 SMTLIB2_COMPLIANT=true -memory:1024 -smt2 -in -t:12000
[2026-09-30 15:33:39,768 INFO  L189       MonitoredProcess]: No working directory specified, using /home/anissa/.local/bin/z3
[2026-09-30 15:33:39,769 INFO  L229       MonitoredProcess]: Starting monitored process 6 with /home/anissa/.local/bin/z3 SMTLIB2_COMPLIANT=true -memory:1024 -smt2 -in -t:12000 (exit command is (exit), workingDir is null)
[2026-09-30 15:33:39,770 INFO  L327       MonitoredProcess]: [MP /home/anissa/.local/bin/z3 SMTLIB2_COMPLIANT=true -memory:1024 -smt2 -in -t:12000 (6)] Waiting until timeout for monitored process
[2026-09-30 15:33:39,771 INFO  L148   nArgumentSynthesizer]: Nontermination analysis: LINEAR Allow bounded executions: true Number of generalized eigenvectors: 0 Nilpotent components: true
[2026-09-30 15:33:39,771 INFO  L160   nArgumentSynthesizer]: Using integer mode.
[2026-09-30 15:33:39,786 INFO  L534       MonitoredProcess]: [MP /home/anissa/.local/bin/z3 SMTLIB2_COMPLIANT=true -memory:1024 -smt2 -in -t:12000 (6)] Forceful destruction successful, exit code 0
[2026-09-30 15:33:39,786 INFO  L173          SolverBuilder]: Constructing external solver with command: z3 SMTLIB2_COMPLIANT=true -memory:1024 -smt2 -in -t:12000
[2026-09-30 15:33:39,787 INFO  L189       MonitoredProcess]: No working directory specified, using /home/anissa/.local/bin/z3
[2026-09-30 15:33:39,789 INFO  L229       MonitoredProcess]: Starting monitored process 7 with /home/anissa/.local/bin/z3 SMTLIB2_COMPLIANT=true -memory:1024 -smt2 -in -t:12000 (exit command is (exit), workingDir is null)
[2026-09-30 15:33:39,789 INFO  L327       MonitoredProcess]: [MP /home/anissa/.local/bin/z3 SMTLIB2_COMPLIANT=true -memory:1024 -smt2 -in -t:12000 (7)] Waiting until timeout for monitored process
[2026-09-30 15:33:39,790 INFO  L148   nArgumentSynthesizer]: Nontermination analysis: LINEAR Allow bounded executions: true Number of generalized eigenvectors: 3 Nilpotent components: true
[2026-09-30 15:33:39,790 INFO  L160   nArgumentSynthesizer]: Using integer mode.
[2026-09-30 15:33:39,810 INFO  L546       MonitoredProcess]: [MP /home/anissa/.local/bin/z3 SMTLIB2_COMPLIANT=true -memory:1024 -smt2 -in -t:12000 (7)] Ended with exit code 0
[2026-09-30 15:33:39,810 INFO  L422          LassoAnalysis]: Proving nontermination failed: No geometric nontermination argument exists.
[2026-09-30 15:33:39,810 INFO  L213          LassoAnalysis]: Preferences:
[2026-09-30 15:33:39,810 INFO  L125   ssoRankerPreferences]: Compute integeral hull: false
[2026-09-30 15:33:39,810 INFO  L126   ssoRankerPreferences]: Enable LassoPartitioneer: false
[2026-09-30 15:33:39,810 INFO  L127   ssoRankerPreferences]: Term annotations enabled: false
[2026-09-30 15:33:39,810 INFO  L128   ssoRankerPreferences]: Use exernal solver: true
[2026-09-30 15:33:39,810 INFO  L129   ssoRankerPreferences]: SMT solver command: z3 SMTLIB2_COMPLIANT=true -memory:1024 -smt2 -in -t:12000
[2026-09-30 15:33:39,810 INFO  L130   ssoRankerPreferences]: Dump SMT script to file: false
[2026-09-30 15:33:39,810 INFO  L131   ssoRankerPreferences]: Path of dumped script: 
[2026-09-30 15:33:39,810 INFO  L132   ssoRankerPreferences]: Filename of dumped script: AliasDarteFeautrierGonnord-SAS2010-counterex1b_true-termination.c_Iteration3_Lasso
[2026-09-30 15:33:39,811 INFO  L133   ssoRankerPreferences]: MapElimAlgo: Matthias
[2026-09-30 15:33:39,811 INFO  L250          LassoAnalysis]: Starting lasso preprocessing...
[2026-09-30 15:33:39,837 INFO  L270          LassoAnalysis]: Preprocessing complete.
[2026-09-30 15:33:39,838 INFO  L467          LassoAnalysis]: AK !! Using template 'affine'.
[2026-09-30 15:33:39,838 INFO  L173          SolverBuilder]: Constructing external solver with command: z3 SMTLIB2_COMPLIANT=true -memory:1024 -smt2 -in -t:12000
[2026-09-30 15:33:39,838 INFO  L189       MonitoredProcess]: No working directory specified, using /home/anissa/.local/bin/z3
[2026-09-30 15:33:39,840 INFO  L229       MonitoredProcess]: Starting monitored process 8 with /home/anissa/.local/bin/z3 SMTLIB2_COMPLIANT=true -memory:1024 -smt2 -in -t:12000 (exit command is (exit), workingDir is null)
[2026-09-30 15:33:39,841 INFO  L327       MonitoredProcess]: [MP /home/anissa/.local/bin/z3 SMTLIB2_COMPLIANT=true -memory:1024 -smt2 -in -t:12000 (8)] Waiting until timeout for monitored process
[2026-09-30 15:33:39,842 INFO  L126   nArgumentSynthesizer]: Termination Analysis Settings: Termination analysis: LINEARNumber of strict supporting invariants: 0Number of non-strict supporting invariants: 1Consider only non-deceasing supporting invariants: trueSimplify termination arguments: trueSimplify supporting invariants: trueOverapproximate stem: false
[2026-09-30 15:33:39,850 INFO  L344   nArgumentSynthesizer]: Template has degree 0.
[2026-09-30 15:33:39,850 INFO  L209   nArgumentSynthesizer]: 1 stem disjuncts
[2026-09-30 15:33:39,851 INFO  L210   nArgumentSynthesizer]: 1 loop disjuncts
[2026-09-30 15:33:39,851 INFO  L211   nArgumentSynthesizer]: 2 template conjuncts.
[2026-09-30 15:33:39,854 INFO  L409   nArgumentSynthesizer]: We have 6 Motzkin's Theorem applications.
[2026-09-30 15:33:39,854 INFO  L410   nArgumentSynthesizer]: A total of 2 supporting invariants were added.
[2026-09-30 15:33:39,862 INFO  L427   nArgumentSynthesizer]: Found a termination argument, trying to simplify.
[2026-09-30 15:33:39,872 INFO  L436   ModelExtractionUtils]: Simplification made 7 calls to the SMT solver.
[2026-09-30 15:33:39,872 INFO  L437   ModelExtractionUtils]: 20 out of 37 variables were initially zero. Simplification set additionally 14 variables to zero.
[2026-09-30 15:33:39,872 INFO  L173          SolverBuilder]: Constructing external solver with command: z3 SMTLIB2_COMPLIANT=true -memory:1024 -smt2 -in -t:12000
[2026-09-30 15:33:39,873 INFO  L189       MonitoredProcess]: No working directory specified, using /home/anissa/.local/bin/z3
[2026-09-30 15:33:39,874 INFO  L229       MonitoredProcess]: Starting monitored process 9 with /home/anissa/.local/bin/z3 SMTLIB2_COMPLIANT=true -memory:1024 -smt2 -in -t:12000 (exit command is (exit), workingDir is null)
[2026-09-30 15:33:39,875 INFO  L327       MonitoredProcess]: [MP /home/anissa/.local/bin/z3 SMTLIB2_COMPLIANT=true -memory:1024 -smt2 -in -t:12000 (9)] Waiting until timeout for monitored process
[2026-09-30 15:33:39,876 INFO  L443   nArgumentSynthesizer]: Simplifying supporting invariants...
[2026-09-30 15:33:39,889 INFO  L546       MonitoredProcess]: [MP /home/anissa/.local/bin/z3 SMTLIB2_COMPLIANT=true -memory:1024 -smt2 -in -t:12000 (9)] Ended with exit code 0
[2026-09-30 15:33:39,889 INFO  L446   nArgumentSynthesizer]: Removed 2 redundant supporting invariants from a total of 2.
[2026-09-30 15:33:39,892 INFO  L546       MonitoredProcess]: [MP /home/anissa/.local/bin/z3 SMTLIB2_COMPLIANT=true -memory:1024 -smt2 -in -t:12000 (8)] Ended with exit code 0
[2026-09-30 15:33:39,892 INFO  L495          LassoAnalysis]: Proved termination.
[2026-09-30 15:33:39,893 INFO  L496          LassoAnalysis]: Termination argument consisting of:
Ranking function f(main_~y~0) = 2*main_~y~0 + 1
Supporting invariants []
[2026-09-30 15:33:39,893 INFO  L156   tatePredicateManager]: 0 out of 0 supporting invariants were superfluous and have been removed
[2026-09-30 15:33:40,039 INFO  L156       PredicateUnifier]: Initialized classic predicate unifier
[2026-09-30 15:33:40,041 INFO  L108    AnnotateAndAsserter]: Assert order NOT_INCREMENTALLY partitioned 6 statements into 1 equivalence classes.
[2026-09-30 15:33:40,046 INFO  L111    AnnotateAndAsserter]: Assert order NOT_INCREMENTALLY issued 1 check-sat command(s) and asserted 6 of 6 statements.
[2026-09-30 15:33:40,046 INFO  L114    AnnotateAndAsserter]: Assert order NOT_INCREMENTALLY issued 1 check-sat command(s)
[2026-09-30 15:33:40,046 INFO  L115    AnnotateAndAsserter]: Conjunction of SSA is unsat
[2026-09-30 15:33:40,046 INFO  L256         TraceCheckSpWp]: Trace formula consists of 73 conjuncts, 6 conjuncts are in the unsatisfiable core
[2026-09-30 15:33:40,047 INFO  L279         TraceCheckSpWp]: Computing forward predicates...
[2026-09-30 15:33:40,069 INFO  L108    AnnotateAndAsserter]: Assert order NOT_INCREMENTALLY partitioned 2 statements into 1 equivalence classes.
[2026-09-30 15:33:40,070 INFO  L111    AnnotateAndAsserter]: Assert order NOT_INCREMENTALLY issued 1 check-sat command(s) and asserted 2 of 2 statements.
[2026-09-30 15:33:40,071 INFO  L114    AnnotateAndAsserter]: Assert order NOT_INCREMENTALLY issued 1 check-sat command(s)
[2026-09-30 15:33:40,071 INFO  L115    AnnotateAndAsserter]: Conjunction of SSA is unsat
[2026-09-30 15:33:40,071 WARN  L254         TraceCheckSpWp]: Trace formula consists of 7 conjuncts, 6 conjuncts are in the unsatisfiable core
[2026-09-30 15:33:40,072 INFO  L279         TraceCheckSpWp]: Computing forward predicates...
[2026-09-30 15:33:40,119 INFO  L134       CoverageAnalysis]: Checked inductivity of 0 backedges. 0 proven. 0 refuted. 0 times theorem prover too weak. 0 trivial. 0 not checked.
[2026-09-30 15:33:40,120 INFO  L141   lantAutomatonBouncer]: Defining deterministic Buchi interpolant automaton with honda bouncer for stem and without honda bouncer for loop.2 stem predicates 2 loop predicates 
[2026-09-30 15:33:40,120 INFO  L69     BuchiDifferenceNCSB]: Start buchiDifferenceNCSB. First operand 18 states and 23 transitions. cyclomatic complexity: 8 Second operand  has 4 states, 4 states have (on average 1.25) internal successors, (5), 4 states have internal predecessors, (5), 1 states have call successors, (2), 2 states have call predecessors, (2), 1 states have return successors, (1), 1 states have call predecessors, (1), 1 states have call successors, (1)
[2026-09-30 15:33:40,148 INFO  L73     BuchiDifferenceNCSB]: Finished buchiDifferenceNCSB. First operand 18 states and 23 transitions. cyclomatic complexity: 8. Second operand  has 4 states, 4 states have (on average 1.25) internal successors, (5), 4 states have internal predecessors, (5), 1 states have call successors, (2), 2 states have call predecessors, (2), 1 states have return successors, (1), 1 states have call predecessors, (1), 1 states have call successors, (1) Result 42 states and 53 transitions. Complement of second has 8 states.
[2026-09-30 15:33:40,148 INFO  L140   InterpolantAutomaton]: Switched to read-only mode: Buchi interpolant automaton has 5 states 2 stem states 2 non-accepting loop states 1 accepting loop states 
[2026-09-30 15:33:40,149 INFO  L82        GeneralOperation]: Start removeUnreachable. Operand  has 4 states, 4 states have (on average 1.25) internal successors, (5), 4 states have internal predecessors, (5), 1 states have call successors, (2), 2 states have call predecessors, (2), 1 states have return successors, (1), 1 states have call predecessors, (1), 1 states have call successors, (1)
[2026-09-30 15:33:40,149 INFO  L88        GeneralOperation]: Finished removeUnreachable. Reduced from 5 states to 5 states and 14 transitions.
[2026-09-30 15:33:40,149 INFO  L85            BuchiAccepts]: Start buchiAccepts Operand 5 states and 14 transitions. Stem has 6 letters. Loop has 2 letters.
[2026-09-30 15:33:40,150 INFO  L117           BuchiAccepts]: Finished buchiAccepts.
[2026-09-30 15:33:40,150 INFO  L85            BuchiAccepts]: Start buchiAccepts Operand 5 states and 14 transitions. Stem has 8 letters. Loop has 2 letters.
[2026-09-30 15:33:40,150 INFO  L117           BuchiAccepts]: Finished buchiAccepts.
[2026-09-30 15:33:40,150 INFO  L85            BuchiAccepts]: Start buchiAccepts Operand 5 states and 14 transitions. Stem has 6 letters. Loop has 4 letters.
[2026-09-30 15:33:40,150 INFO  L117           BuchiAccepts]: Finished buchiAccepts.
[2026-09-30 15:33:40,150 INFO  L82        GeneralOperation]: Start removeNonLiveStates. Operand 42 states and 53 transitions.
[2026-09-30 15:33:40,151 INFO  L131   ngComponentsAnalysis]: Automaton has 2 accepting balls. 4
[2026-09-30 15:33:40,152 INFO  L88        GeneralOperation]: Finished removeNonLiveStates. Reduced from 42 states to 32 states and 40 transitions.
[2026-09-30 15:33:40,152 INFO  L87         BuchiClosureNwa]: Accepting states before buchiClosure: 12
[2026-09-30 15:33:40,152 INFO  L106        BuchiClosureNwa]: Accepting states after buchiClosure: 12
[2026-09-30 15:33:40,152 INFO  L74         IsDeterministic]: Start isDeterministic. Operand 32 states and 40 transitions.
[2026-09-30 15:33:40,152 INFO  L81         IsDeterministic]: Finished isDeterministic. Operand is not deterministic.
[2026-09-30 15:33:40,152 INFO  L218   hiAutomatonCegarLoop]: Abstraction has 32 states and 40 transitions.
[2026-09-30 15:33:40,152 INFO  L82        GeneralOperation]: Start minimizeSevpa. Operand 32 states and 40 transitions.
[2026-09-30 15:33:40,153 INFO  L88        GeneralOperation]: Finished minimizeSevpa. Reduced states from 32 to 32.
[2026-09-30 15:33:40,153 INFO  L82        GeneralOperation]: Start removeUnreachable. Operand  has 32 states, 29 states have (on average 1.2758620689655173) internal successors, (37), 28 states have internal predecessors, (37), 2 states have call successors, (2), 2 states have call predecessors, (2), 1 states have return successors, (1), 1 states have call predecessors, (1), 1 states have call successors, (1)
[2026-09-30 15:33:40,154 INFO  L88        GeneralOperation]: Finished removeUnreachable. Reduced from 32 states to 32 states and 40 transitions.
[2026-09-30 15:33:40,154 INFO  L240   hiAutomatonCegarLoop]: Abstraction has 32 states and 40 transitions.
[2026-09-30 15:33:40,154 INFO  L457   stractBuchiCegarLoop]: Abstraction has 32 states and 40 transitions.
[2026-09-30 15:33:40,154 INFO  L362   stractBuchiCegarLoop]: ======== Iteration 4 ============
[2026-09-30 15:33:40,154 INFO  L73            BuchiIsEmpty]: Start buchiIsEmpty. Operand 32 states and 40 transitions.
[2026-09-30 15:33:40,155 INFO  L131   ngComponentsAnalysis]: Automaton has 2 accepting balls. 4
[2026-09-30 15:33:40,155 INFO  L88            BuchiIsEmpty]: Finished buchiIsEmpty Result is false
[2026-09-30 15:33:40,155 INFO  L120           BuchiIsEmpty]: Starting construction of run
[2026-09-30 15:33:40,155 INFO  L148   hiAutomatonCegarLoop]: Counterexample stem histogram [1, 1, 1, 1, 1, 1, 1, 1, 1, 1, 1]
[2026-09-30 15:33:40,155 INFO  L149   hiAutomatonCegarLoop]: Counterexample loop histogram [1, 1]
[2026-09-30 15:33:40,155 INFO  L943   eck$LassoCheckResult]: Stem: "call ULTIMATE.init();"< "assume true;" >"#56#return;" "call #t~ret7 := main();"< "havoc ~x~0;havoc ~y~0;havoc ~n~0;havoc #t~nondet0;assume -2147483648 <= #t~nondet0 && #t~nondet0 <= 2147483647;~n~0 := #t~nondet0;havoc #t~nondet0;havoc #t~nondet1;assume -2147483648 <= #t~nondet1 && #t~nondet1 <= 2147483647;~x~0 := #t~nondet1;havoc #t~nondet1;havoc #t~nondet2;assume -2147483648 <= #t~nondet2 && #t~nondet2 <= 2147483647;~y~0 := #t~nondet2;havoc #t~nondet2;" "assume ~x~0 >= 0;" "#t~short4 := ~y~0 >= 0;BeginParallelComposition{ParallelCodeBlock0: assume #t~short4;havoc #t~nondet3;assume -2147483648 <= #t~nondet3 && #t~nondet3 <= 2147483647;#t~short4 := 0 != #t~nondet3;ParallelCodeBlock1: assume !#t~short4;}EndParallelComposition" "assume !#t~short4;havoc #t~nondet3;havoc #t~short4;" "~x~0 := ~x~0 - 1;" "#t~short6 := ~y~0 <= ~n~0;BeginParallelComposition{ParallelCodeBlock0: assume #t~short6;havoc #t~nondet5;assume -2147483648 <= #t~nondet5 && #t~nondet5 <= 2147483647;#t~short6 := 0 != #t~nondet5;ParallelCodeBlock1: assume !#t~short6;}EndParallelComposition" "assume #t~short6;havoc #t~nondet5;havoc #t~short6;~y~0 := 1 + ~y~0;" 
[2026-09-30 15:33:40,155 INFO  L945   eck$LassoCheckResult]: Loop: "#t~short6 := ~y~0 <= ~n~0;BeginParallelComposition{ParallelCodeBlock0: assume #t~short6;havoc #t~nondet5;assume -2147483648 <= #t~nondet5 && #t~nondet5 <= 2147483647;#t~short6 := 0 != #t~nondet5;ParallelCodeBlock1: assume !#t~short6;}EndParallelComposition" "assume #t~short6;havoc #t~nondet5;havoc #t~short6;~y~0 := 1 + ~y~0;" 
[2026-09-30 15:33:40,294 INFO  L213          LassoAnalysis]: Preferences:
[2026-09-30 15:33:40,294 INFO  L125   ssoRankerPreferences]: Compute integeral hull: false
[2026-09-30 15:33:40,294 INFO  L126   ssoRankerPreferences]: Enable LassoPartitioneer: false
[2026-09-30 15:33:40,294 INFO  L127   ssoRankerPreferences]: Term annotations enabled: false
[2026-09-30 15:33:40,294 INFO  L128   ssoRankerPreferences]: Use exernal solver: true
[2026-09-30 15:33:40,294 INFO  L129   ssoRankerPreferences]: SMT solver command: z3 SMTLIB2_COMPLIANT=true -memory:1024 -smt2 -in -t:12000
[2026-09-30 15:33:40,294 INFO  L130   ssoRankerPreferences]: Dump SMT script to file: false
[2026-09-30 15:33:40,294 INFO  L131   ssoRankerPreferences]: Path of dumped script: 
[2026-09-30 15:33:40,294 INFO  L132   ssoRankerPreferences]: Filename of dumped script: AliasDarteFeautrierGonnord-SAS2010-counterex1b_true-termination.c_Iteration4_Lasso
[2026-09-30 15:33:40,294 INFO  L133   ssoRankerPreferences]: MapElimAlgo: Matthias
[2026-09-30 15:33:40,294 INFO  L250          LassoAnalysis]: Starting lasso preprocessing...
[2026-09-30 15:33:40,318 INFO  L270          LassoAnalysis]: Preprocessing complete.
[2026-09-30 15:33:40,319 INFO  L156       PredicateUnifier]: Initialized classic predicate unifier
[2026-09-30 15:33:40,319 INFO  L85        PathProgramCache]: Analyzing trace with hash -754782157, now seen corresponding path program 1 times
[2026-09-30 15:33:40,319 INFO  L118   FreeRefinementEngine]: Executing refinement strategy FIXED_PREFERENCES
[2026-09-30 15:33:40,319 INFO  L324   FreeRefinementEngine]: Using trace check IpTcStrategyModulePreferences [1096262441]
[2026-09-30 15:33:40,319 INFO  L97    rtionOrderModulation]: Keeping assertion order NOT_INCREMENTALLY
[2026-09-30 15:33:40,319 INFO  L127          SolverBuilder]: Constructing new instance of SMTInterpol with explicit timeout -1 ms and remaining time -1 ms
[2026-09-30 15:33:40,323 INFO  L108    AnnotateAndAsserter]: Assert order NOT_INCREMENTALLY partitioned 11 statements into 1 equivalence classes.
[2026-09-30 15:33:40,326 INFO  L111    AnnotateAndAsserter]: Assert order NOT_INCREMENTALLY issued 1 check-sat command(s) and asserted 11 of 11 statements.
[2026-09-30 15:33:40,327 INFO  L114    AnnotateAndAsserter]: Assert order NOT_INCREMENTALLY issued 1 check-sat command(s)
[2026-09-30 15:33:40,327 INFO  L115    AnnotateAndAsserter]: Conjunction of SSA is sat
[2026-09-30 15:33:40,327 INFO  L348             TraceCheck]: Trace is feasible, we will do another trace check, this time with branch encoders.
[2026-09-30 15:33:40,328 INFO  L108    AnnotateAndAsserter]: Assert order NOT_INCREMENTALLY partitioned 11 statements into 1 equivalence classes.
[2026-09-30 15:33:40,331 INFO  L111    AnnotateAndAsserter]: Assert order NOT_INCREMENTALLY issued 1 check-sat command(s) and asserted 11 of 11 statements.
[2026-09-30 15:33:40,331 INFO  L114    AnnotateAndAsserter]: Assert order NOT_INCREMENTALLY issued 1 check-sat command(s)
[2026-09-30 15:33:40,331 INFO  L115    AnnotateAndAsserter]: Conjunction of SSA is sat
[2026-09-30 15:33:40,332 INFO  L130   FreeRefinementEngine]: Strategy FIXED_PREFERENCES found a feasible trace
[2026-09-30 15:33:40,332 INFO  L156       PredicateUnifier]: Initialized classic predicate unifier
[2026-09-30 15:33:40,332 INFO  L85        PathProgramCache]: Analyzing trace with hash 2910, now seen corresponding path program 1 times
[2026-09-30 15:33:40,333 INFO  L118   FreeRefinementEngine]: Executing refinement strategy FIXED_PREFERENCES
[2026-09-30 15:33:40,333 INFO  L324   FreeRefinementEngine]: Using trace check IpTcStrategyModulePreferences [726118429]
[2026-09-30 15:33:40,333 INFO  L97    rtionOrderModulation]: Keeping assertion order NOT_INCREMENTALLY
[2026-09-30 15:33:40,333 INFO  L127          SolverBuilder]: Constructing new instance of SMTInterpol with explicit timeout -1 ms and remaining time -1 ms
[2026-09-30 15:33:40,335 INFO  L108    AnnotateAndAsserter]: Assert order NOT_INCREMENTALLY partitioned 2 statements into 1 equivalence classes.
[2026-09-30 15:33:40,337 INFO  L111    AnnotateAndAsserter]: Assert order NOT_INCREMENTALLY issued 1 check-sat command(s) and asserted 2 of 2 statements.
[2026-09-30 15:33:40,337 INFO  L114    AnnotateAndAsserter]: Assert order NOT_INCREMENTALLY issued 1 check-sat command(s)
[2026-09-30 15:33:40,337 INFO  L115    AnnotateAndAsserter]: Conjunction of SSA is sat
[2026-09-30 15:33:40,337 INFO  L348             TraceCheck]: Trace is feasible, we will do another trace check, this time with branch encoders.
[2026-09-30 15:33:40,338 INFO  L108    AnnotateAndAsserter]: Assert order NOT_INCREMENTALLY partitioned 2 statements into 1 equivalence classes.
[2026-09-30 15:33:40,339 INFO  L111    AnnotateAndAsserter]: Assert order NOT_INCREMENTALLY issued 1 check-sat command(s) and asserted 2 of 2 statements.
[2026-09-30 15:33:40,339 INFO  L114    AnnotateAndAsserter]: Assert order NOT_INCREMENTALLY issued 1 check-sat command(s)
[2026-09-30 15:33:40,339 INFO  L115    AnnotateAndAsserter]: Conjunction of SSA is sat
[2026-09-30 15:33:40,340 INFO  L130   FreeRefinementEngine]: Strategy FIXED_PREFERENCES found a feasible trace
[2026-09-30 15:33:40,340 INFO  L156       PredicateUnifier]: Initialized classic predicate unifier
[2026-09-30 15:33:40,340 INFO  L85        PathProgramCache]: Analyzing trace with hash 503822096, now seen corresponding path program 2 times
[2026-09-30 15:33:40,340 INFO  L118   FreeRefinementEngine]: Executing refinement strategy FIXED_PREFERENCES
[2026-09-30 15:33:40,341 INFO  L324   FreeRefinementEngine]: Using trace check IpTcStrategyModulePreferences [1320246549]
[2026-09-30 15:33:40,341 INFO  L97    rtionOrderModulation]: Keeping assertion order NOT_INCREMENTALLY
[2026-09-30 15:33:40,341 INFO  L127          SolverBuilder]: Constructing new instance of SMTInterpol with explicit timeout -1 ms and remaining time -1 ms
[2026-09-30 15:33:40,344 INFO  L108    AnnotateAndAsserter]: Assert order NOT_INCREMENTALLY partitioned 13 statements into 1 equivalence classes.
[2026-09-30 15:33:40,348 INFO  L111    AnnotateAndAsserter]: Assert order NOT_INCREMENTALLY issued 1 check-sat command(s) and asserted 13 of 13 statements.
[2026-09-30 15:33:40,348 INFO  L114    AnnotateAndAsserter]: Assert order NOT_INCREMENTALLY issued 1 check-sat command(s)
[2026-09-30 15:33:40,348 INFO  L115    AnnotateAndAsserter]: Conjunction of SSA is sat
[2026-09-30 15:33:40,348 INFO  L348             TraceCheck]: Trace is feasible, we will do another trace check, this time with branch encoders.
[2026-09-30 15:33:40,349 INFO  L108    AnnotateAndAsserter]: Assert order NOT_INCREMENTALLY partitioned 13 statements into 1 equivalence classes.
[2026-09-30 15:33:40,353 INFO  L111    AnnotateAndAsserter]: Assert order NOT_INCREMENTALLY issued 1 check-sat command(s) and asserted 13 of 13 statements.
[2026-09-30 15:33:40,353 INFO  L114    AnnotateAndAsserter]: Assert order NOT_INCREMENTALLY issued 1 check-sat command(s)
[2026-09-30 15:33:40,353 INFO  L115    AnnotateAndAsserter]: Conjunction of SSA is sat
[2026-09-30 15:33:40,354 INFO  L130   FreeRefinementEngine]: Strategy FIXED_PREFERENCES found a feasible trace
[2026-09-30 15:33:40,486 INFO  L213          LassoAnalysis]: Preferences:
[2026-09-30 15:33:40,486 INFO  L125   ssoRankerPreferences]: Compute integeral hull: false
[2026-09-30 15:33:40,486 INFO  L126   ssoRankerPreferences]: Enable LassoPartitioneer: false
[2026-09-30 15:33:40,486 INFO  L127   ssoRankerPreferences]: Term annotations enabled: false
[2026-09-30 15:33:40,486 INFO  L128   ssoRankerPreferences]: Use exernal solver: true
[2026-09-30 15:33:40,486 INFO  L129   ssoRankerPreferences]: SMT solver command: z3 SMTLIB2_COMPLIANT=true -memory:1024 -smt2 -in -t:12000
[2026-09-30 15:33:40,486 INFO  L130   ssoRankerPreferences]: Dump SMT script to file: false
[2026-09-30 15:33:40,487 INFO  L131   ssoRankerPreferences]: Path of dumped script: 
[2026-09-30 15:33:40,487 INFO  L132   ssoRankerPreferences]: Filename of dumped script: AliasDarteFeautrierGonnord-SAS2010-counterex1b_true-termination.c_Iteration4_Lasso
[2026-09-30 15:33:40,487 INFO  L133   ssoRankerPreferences]: MapElimAlgo: Matthias
[2026-09-30 15:33:40,487 INFO  L250          LassoAnalysis]: Starting lasso preprocessing...
[2026-09-30 15:33:40,509 INFO  L270          LassoAnalysis]: Preprocessing complete.
[2026-09-30 15:33:40,510 INFO  L380          LassoAnalysis]: Checking for nontermination...
[2026-09-30 15:33:40,510 INFO  L173          SolverBuilder]: Constructing external solver with command: z3 SMTLIB2_COMPLIANT=true -memory:1024 -smt2 -in -t:12000
[2026-09-30 15:33:40,510 INFO  L189       MonitoredProcess]: No working directory specified, using /home/anissa/.local/bin/z3
[2026-09-30 15:33:40,512 INFO  L229       MonitoredProcess]: Starting monitored process 10 with /home/anissa/.local/bin/z3 SMTLIB2_COMPLIANT=true -memory:1024 -smt2 -in -t:12000 (exit command is (exit), workingDir is null)
[2026-09-30 15:33:40,513 INFO  L327       MonitoredProcess]: [MP /home/anissa/.local/bin/z3 SMTLIB2_COMPLIANT=true -memory:1024 -smt2 -in -t:12000 (10)] Waiting until timeout for monitored process
[2026-09-30 15:33:40,514 INFO  L148   nArgumentSynthesizer]: Nontermination analysis: LINEAR Allow bounded executions: true Number of generalized eigenvectors: 0 Nilpotent components: true
[2026-09-30 15:33:40,514 INFO  L160   nArgumentSynthesizer]: Using integer mode.
[2026-09-30 15:33:40,528 INFO  L546       MonitoredProcess]: [MP /home/anissa/.local/bin/z3 SMTLIB2_COMPLIANT=true -memory:1024 -smt2 -in -t:12000 (10)] Ended with exit code 0
[2026-09-30 15:33:40,528 INFO  L173          SolverBuilder]: Constructing external solver with command: z3 SMTLIB2_COMPLIANT=true -memory:1024 -smt2 -in -t:12000
[2026-09-30 15:33:40,529 INFO  L189       MonitoredProcess]: No working directory specified, using /home/anissa/.local/bin/z3
[2026-09-30 15:33:40,531 INFO  L229       MonitoredProcess]: Starting monitored process 11 with /home/anissa/.local/bin/z3 SMTLIB2_COMPLIANT=true -memory:1024 -smt2 -in -t:12000 (exit command is (exit), workingDir is null)
[2026-09-30 15:33:40,532 INFO  L327       MonitoredProcess]: [MP /home/anissa/.local/bin/z3 SMTLIB2_COMPLIANT=true -memory:1024 -smt2 -in -t:12000 (11)] Waiting until timeout for monitored process
[2026-09-30 15:33:40,533 INFO  L148   nArgumentSynthesizer]: Nontermination analysis: LINEAR Allow bounded executions: true Number of generalized eigenvectors: 3 Nilpotent components: true
[2026-09-30 15:33:40,533 INFO  L160   nArgumentSynthesizer]: Using integer mode.
[2026-09-30 15:33:40,552 INFO  L546       MonitoredProcess]: [MP /home/anissa/.local/bin/z3 SMTLIB2_COMPLIANT=true -memory:1024 -smt2 -in -t:12000 (11)] Ended with exit code 0
[2026-09-30 15:33:40,552 INFO  L422          LassoAnalysis]: Proving nontermination failed: No geometric nontermination argument exists.
[2026-09-30 15:33:40,552 INFO  L213          LassoAnalysis]: Preferences:
[2026-09-30 15:33:40,552 INFO  L125   ssoRankerPreferences]: Compute integeral hull: false
[2026-09-30 15:33:40,552 INFO  L126   ssoRankerPreferences]: Enable LassoPartitioneer: false
[2026-09-30 15:33:40,552 INFO  L127   ssoRankerPreferences]: Term annotations enabled: false
[2026-09-30 15:33:40,553 INFO  L128   ssoRankerPreferences]: Use exernal solver: true
[2026-09-30 15:33:40,553 INFO  L129   ssoRankerPreferences]: SMT solver command: z3 SMTLIB2_COMPLIANT=true -memory:1024 -smt2 -in -t:12000
[2026-09-30 15:33:40,553 INFO  L130   ssoRankerPreferences]: Dump SMT script to file: false
[2026-09-30 15:33:40,553 INFO  L131   ssoRankerPreferences]: Path of dumped script: 
[2026-09-30 15:33:40,553 INFO  L132   ssoRankerPreferences]: Filename of dumped script: AliasDarteFeautrierGonnord-SAS2010-counterex1b_true-termination.c_Iteration4_Lasso
[2026-09-30 15:33:40,553 INFO  L133   ssoRankerPreferences]: MapElimAlgo: Matthias
[2026-09-30 15:33:40,553 INFO  L250          LassoAnalysis]: Starting lasso preprocessing...
[2026-09-30 15:33:40,575 INFO  L270          LassoAnalysis]: Preprocessing complete.
[2026-09-30 15:33:40,575 INFO  L467          LassoAnalysis]: AK !! Using template 'affine'.
[2026-09-30 15:33:40,576 INFO  L173          SolverBuilder]: Constructing external solver with command: z3 SMTLIB2_COMPLIANT=true -memory:1024 -smt2 -in -t:12000
[2026-09-30 15:33:40,576 INFO  L189       MonitoredProcess]: No working directory specified, using /home/anissa/.local/bin/z3
[2026-09-30 15:33:40,578 INFO  L229       MonitoredProcess]: Starting monitored process 12 with /home/anissa/.local/bin/z3 SMTLIB2_COMPLIANT=true -memory:1024 -smt2 -in -t:12000 (exit command is (exit), workingDir is null)
[2026-09-30 15:33:40,579 INFO  L327       MonitoredProcess]: [MP /home/anissa/.local/bin/z3 SMTLIB2_COMPLIANT=true -memory:1024 -smt2 -in -t:12000 (12)] Waiting until timeout for monitored process
[2026-09-30 15:33:40,580 INFO  L126   nArgumentSynthesizer]: Termination Analysis Settings: Termination analysis: LINEARNumber of strict supporting invariants: 0Number of non-strict supporting invariants: 1Consider only non-deceasing supporting invariants: trueSimplify termination arguments: trueSimplify supporting invariants: trueOverapproximate stem: false
[2026-09-30 15:33:40,589 INFO  L344   nArgumentSynthesizer]: Template has degree 0.
[2026-09-30 15:33:40,589 INFO  L209   nArgumentSynthesizer]: 1 stem disjuncts
[2026-09-30 15:33:40,589 INFO  L210   nArgumentSynthesizer]: 1 loop disjuncts
[2026-09-30 15:33:40,589 INFO  L211   nArgumentSynthesizer]: 2 template conjuncts.
[2026-09-30 15:33:40,592 INFO  L409   nArgumentSynthesizer]: We have 6 Motzkin's Theorem applications.
[2026-09-30 15:33:40,592 INFO  L410   nArgumentSynthesizer]: A total of 2 supporting invariants were added.
[2026-09-30 15:33:40,600 INFO  L427   nArgumentSynthesizer]: Found a termination argument, trying to simplify.
[2026-09-30 15:33:40,609 INFO  L436   ModelExtractionUtils]: Simplification made 11 calls to the SMT solver.
[2026-09-30 15:33:40,609 INFO  L437   ModelExtractionUtils]: 30 out of 43 variables were initially zero. Simplification set additionally 9 variables to zero.
[2026-09-30 15:33:40,610 INFO  L173          SolverBuilder]: Constructing external solver with command: z3 SMTLIB2_COMPLIANT=true -memory:1024 -smt2 -in -t:12000
[2026-09-30 15:33:40,610 INFO  L189       MonitoredProcess]: No working directory specified, using /home/anissa/.local/bin/z3
[2026-09-30 15:33:40,612 INFO  L229       MonitoredProcess]: Starting monitored process 13 with /home/anissa/.local/bin/z3 SMTLIB2_COMPLIANT=true -memory:1024 -smt2 -in -t:12000 (exit command is (exit), workingDir is null)
[2026-09-30 15:33:40,613 INFO  L327       MonitoredProcess]: [MP /home/anissa/.local/bin/z3 SMTLIB2_COMPLIANT=true -memory:1024 -smt2 -in -t:12000 (13)] Waiting until timeout for monitored process
[2026-09-30 15:33:40,613 INFO  L443   nArgumentSynthesizer]: Simplifying supporting invariants...
[2026-09-30 15:33:40,625 INFO  L546       MonitoredProcess]: [MP /home/anissa/.local/bin/z3 SMTLIB2_COMPLIANT=true -memory:1024 -smt2 -in -t:12000 (13)] Ended with exit code 0
[2026-09-30 15:33:40,625 INFO  L446   nArgumentSynthesizer]: Removed 2 redundant supporting invariants from a total of 2.
[2026-09-30 15:33:40,628 INFO  L546       MonitoredProcess]: [MP /home/anissa/.local/bin/z3 SMTLIB2_COMPLIANT=true -memory:1024 -smt2 -in -t:12000 (12)] Ended with exit code 0
[2026-09-30 15:33:40,628 INFO  L495          LassoAnalysis]: Proved termination.
[2026-09-30 15:33:40,628 INFO  L496          LassoAnalysis]: Termination argument consisting of:
Ranking function f(main_~y~0, main_~n~0) = -2*main_~y~0 + 2*main_~n~0 + 1
Supporting invariants []
[2026-09-30 15:33:40,629 INFO  L156   tatePredicateManager]: 0 out of 0 supporting invariants were superfluous and have been removed
[2026-09-30 15:33:40,846 INFO  L156       PredicateUnifier]: Initialized classic predicate unifier
[2026-09-30 15:33:40,850 INFO  L108    AnnotateAndAsserter]: Assert order NOT_INCREMENTALLY partitioned 11 statements into 1 equivalence classes.
[2026-09-30 15:33:40,855 INFO  L111    AnnotateAndAsserter]: Assert order NOT_INCREMENTALLY issued 1 check-sat command(s) and asserted 11 of 11 statements.
[2026-09-30 15:33:40,855 INFO  L114    AnnotateAndAsserter]: Assert order NOT_INCREMENTALLY issued 1 check-sat command(s)
[2026-09-30 15:33:40,855 INFO  L115    AnnotateAndAsserter]: Conjunction of SSA is unsat
[2026-09-30 15:33:40,856 INFO  L256         TraceCheckSpWp]: Trace formula consists of 83 conjuncts, 6 conjuncts are in the unsatisfiable core
[2026-09-30 15:33:40,856 INFO  L279         TraceCheckSpWp]: Computing forward predicates...
[2026-09-30 15:33:40,876 INFO  L108    AnnotateAndAsserter]: Assert order NOT_INCREMENTALLY partitioned 2 statements into 1 equivalence classes.
[2026-09-30 15:33:40,877 INFO  L111    AnnotateAndAsserter]: Assert order NOT_INCREMENTALLY issued 1 check-sat command(s) and asserted 2 of 2 statements.
[2026-09-30 15:33:40,877 INFO  L114    AnnotateAndAsserter]: Assert order NOT_INCREMENTALLY issued 1 check-sat command(s)
[2026-09-30 15:33:40,877 INFO  L115    AnnotateAndAsserter]: Conjunction of SSA is unsat
[2026-09-30 15:33:40,877 WARN  L254         TraceCheckSpWp]: Trace formula consists of 7 conjuncts, 6 conjuncts are in the unsatisfiable core
[2026-09-30 15:33:40,878 INFO  L279         TraceCheckSpWp]: Computing forward predicates...
[2026-09-30 15:33:40,913 INFO  L134       CoverageAnalysis]: Checked inductivity of 0 backedges. 0 proven. 0 refuted. 0 times theorem prover too weak. 0 trivial. 0 not checked.
[2026-09-30 15:33:40,913 INFO  L141   lantAutomatonBouncer]: Defining deterministic Buchi interpolant automaton with honda bouncer for stem and without honda bouncer for loop.2 stem predicates 2 loop predicates 
[2026-09-30 15:33:40,913 INFO  L69     BuchiDifferenceNCSB]: Start buchiDifferenceNCSB. First operand 32 states and 40 transitions. cyclomatic complexity: 13 Second operand  has 4 states, 4 states have (on average 2.5) internal successors, (10), 4 states have internal predecessors, (10), 1 states have call successors, (2), 2 states have call predecessors, (2), 1 states have return successors, (1), 1 states have call predecessors, (1), 1 states have call successors, (1)
[2026-09-30 15:33:40,940 INFO  L73     BuchiDifferenceNCSB]: Finished buchiDifferenceNCSB. First operand 32 states and 40 transitions. cyclomatic complexity: 13. Second operand  has 4 states, 4 states have (on average 2.5) internal successors, (10), 4 states have internal predecessors, (10), 1 states have call successors, (2), 2 states have call predecessors, (2), 1 states have return successors, (1), 1 states have call predecessors, (1), 1 states have call successors, (1) Result 57 states and 73 transitions. Complement of second has 8 states.
[2026-09-30 15:33:40,940 INFO  L140   InterpolantAutomaton]: Switched to read-only mode: Buchi interpolant automaton has 5 states 2 stem states 2 non-accepting loop states 1 accepting loop states 
[2026-09-30 15:33:40,941 INFO  L82        GeneralOperation]: Start removeUnreachable. Operand  has 4 states, 4 states have (on average 2.5) internal successors, (10), 4 states have internal predecessors, (10), 1 states have call successors, (2), 2 states have call predecessors, (2), 1 states have return successors, (1), 1 states have call predecessors, (1), 1 states have call successors, (1)
[2026-09-30 15:33:40,941 INFO  L88        GeneralOperation]: Finished removeUnreachable. Reduced from 5 states to 5 states and 21 transitions.
[2026-09-30 15:33:40,941 INFO  L85            BuchiAccepts]: Start buchiAccepts Operand 5 states and 21 transitions. Stem has 11 letters. Loop has 2 letters.
[2026-09-30 15:33:40,941 INFO  L117           BuchiAccepts]: Finished buchiAccepts.
[2026-09-30 15:33:40,941 INFO  L85            BuchiAccepts]: Start buchiAccepts Operand 5 states and 21 transitions. Stem has 13 letters. Loop has 2 letters.
[2026-09-30 15:33:40,941 INFO  L117           BuchiAccepts]: Finished buchiAccepts.
[2026-09-30 15:33:40,941 INFO  L85            BuchiAccepts]: Start buchiAccepts Operand 5 states and 21 transitions. Stem has 11 letters. Loop has 4 letters.
[2026-09-30 15:33:40,941 INFO  L117           BuchiAccepts]: Finished buchiAccepts.
[2026-09-30 15:33:40,941 INFO  L82        GeneralOperation]: Start removeNonLiveStates. Operand 57 states and 73 transitions.
[2026-09-30 15:33:40,942 INFO  L131   ngComponentsAnalysis]: Automaton has 2 accepting balls. 4
[2026-09-30 15:33:40,943 INFO  L88        GeneralOperation]: Finished removeNonLiveStates. Reduced from 57 states to 54 states and 69 transitions.
[2026-09-30 15:33:40,943 INFO  L87         BuchiClosureNwa]: Accepting states before buchiClosure: 18
[2026-09-30 15:33:40,943 INFO  L106        BuchiClosureNwa]: Accepting states after buchiClosure: 19
[2026-09-30 15:33:40,943 INFO  L74         IsDeterministic]: Start isDeterministic. Operand 54 states and 69 transitions.
[2026-09-30 15:33:40,943 INFO  L81         IsDeterministic]: Finished isDeterministic. Operand is not deterministic.
[2026-09-30 15:33:40,943 INFO  L218   hiAutomatonCegarLoop]: Abstraction has 54 states and 69 transitions.
[2026-09-30 15:33:40,944 INFO  L82        GeneralOperation]: Start minimizeSevpa. Operand 54 states and 69 transitions.
[2026-09-30 15:33:40,945 INFO  L88        GeneralOperation]: Finished minimizeSevpa. Reduced states from 54 to 50.
[2026-09-30 15:33:40,945 INFO  L82        GeneralOperation]: Start removeUnreachable. Operand  has 50 states, 47 states have (on average 1.3191489361702127) internal successors, (62), 46 states have internal predecessors, (62), 2 states have call successors, (2), 2 states have call predecessors, (2), 1 states have return successors, (1), 1 states have call predecessors, (1), 1 states have call successors, (1)
[2026-09-30 15:33:40,946 INFO  L88        GeneralOperation]: Finished removeUnreachable. Reduced from 50 states to 50 states and 65 transitions.
[2026-09-30 15:33:40,946 INFO  L240   hiAutomatonCegarLoop]: Abstraction has 50 states and 65 transitions.
[2026-09-30 15:33:40,946 INFO  L457   stractBuchiCegarLoop]: Abstraction has 50 states and 65 transitions.
[2026-09-30 15:33:40,946 INFO  L362   stractBuchiCegarLoop]: ======== Iteration 5 ============
[2026-09-30 15:33:40,946 INFO  L73            BuchiIsEmpty]: Start buchiIsEmpty. Operand 50 states and 65 transitions.
[2026-09-30 15:33:40,946 INFO  L131   ngComponentsAnalysis]: Automaton has 2 accepting balls. 4
[2026-09-30 15:33:40,946 INFO  L88            BuchiIsEmpty]: Finished buchiIsEmpty Result is false
[2026-09-30 15:33:40,946 INFO  L120           BuchiIsEmpty]: Starting construction of run
[2026-09-30 15:33:40,947 INFO  L148   hiAutomatonCegarLoop]: Counterexample stem histogram [2, 2, 1, 1, 1, 1, 1, 1, 1, 1, 1, 1]
[2026-09-30 15:33:40,947 INFO  L149   hiAutomatonCegarLoop]: Counterexample loop histogram [1, 1]
[2026-09-30 15:33:40,947 INFO  L943   eck$LassoCheckResult]: Stem: "call ULTIMATE.init();"< "assume true;" >"#56#return;" "call #t~ret7 := main();"< "havoc ~x~0;havoc ~y~0;havoc ~n~0;havoc #t~nondet0;assume -2147483648 <= #t~nondet0 && #t~nondet0 <= 2147483647;~n~0 := #t~nondet0;havoc #t~nondet0;havoc #t~nondet1;assume -2147483648 <= #t~nondet1 && #t~nondet1 <= 2147483647;~x~0 := #t~nondet1;havoc #t~nondet1;havoc #t~nondet2;assume -2147483648 <= #t~nondet2 && #t~nondet2 <= 2147483647;~y~0 := #t~nondet2;havoc #t~nondet2;" "assume ~x~0 >= 0;" "#t~short4 := ~y~0 >= 0;BeginParallelComposition{ParallelCodeBlock0: assume #t~short4;havoc #t~nondet3;assume -2147483648 <= #t~nondet3 && #t~nondet3 <= 2147483647;#t~short4 := 0 != #t~nondet3;ParallelCodeBlock1: assume !#t~short4;}EndParallelComposition" "assume !#t~short4;havoc #t~nondet3;havoc #t~short4;" "~x~0 := ~x~0 - 1;" "#t~short6 := ~y~0 <= ~n~0;BeginParallelComposition{ParallelCodeBlock0: assume #t~short6;havoc #t~nondet5;assume -2147483648 <= #t~nondet5 && #t~nondet5 <= 2147483647;#t~short6 := 0 != #t~nondet5;ParallelCodeBlock1: assume !#t~short6;}EndParallelComposition" "assume #t~short6;havoc #t~nondet5;havoc #t~short6;~y~0 := 1 + ~y~0;" "#t~short6 := ~y~0 <= ~n~0;BeginParallelComposition{ParallelCodeBlock0: assume #t~short6;havoc #t~nondet5;assume -2147483648 <= #t~nondet5 && #t~nondet5 <= 2147483647;#t~short6 := 0 != #t~nondet5;ParallelCodeBlock1: assume !#t~short6;}EndParallelComposition" "assume !#t~short6;havoc #t~nondet5;havoc #t~short6;" "assume ~x~0 >= 0;" 
[2026-09-30 15:33:40,947 INFO  L945   eck$LassoCheckResult]: Loop: "#t~short4 := ~y~0 >= 0;BeginParallelComposition{ParallelCodeBlock0: assume #t~short4;havoc #t~nondet3;assume -2147483648 <= #t~nondet3 && #t~nondet3 <= 2147483647;#t~short4 := 0 != #t~nondet3;ParallelCodeBlock1: assume !#t~short4;}EndParallelComposition" "assume #t~short4;havoc #t~nondet3;havoc #t~short4;~y~0 := ~y~0 - 1;" 
[2026-09-30 15:33:41,084 INFO  L213          LassoAnalysis]: Preferences:
[2026-09-30 15:33:41,084 INFO  L125   ssoRankerPreferences]: Compute integeral hull: false
[2026-09-30 15:33:41,084 INFO  L126   ssoRankerPreferences]: Enable LassoPartitioneer: false
[2026-09-30 15:33:41,085 INFO  L127   ssoRankerPreferences]: Term annotations enabled: false
[2026-09-30 15:33:41,085 INFO  L128   ssoRankerPreferences]: Use exernal solver: true
[2026-09-30 15:33:41,085 INFO  L129   ssoRankerPreferences]: SMT solver command: z3 SMTLIB2_COMPLIANT=true -memory:1024 -smt2 -in -t:12000
[2026-09-30 15:33:41,085 INFO  L130   ssoRankerPreferences]: Dump SMT script to file: false
[2026-09-30 15:33:41,085 INFO  L131   ssoRankerPreferences]: Path of dumped script: 
[2026-09-30 15:33:41,085 INFO  L132   ssoRankerPreferences]: Filename of dumped script: AliasDarteFeautrierGonnord-SAS2010-counterex1b_true-termination.c_Iteration5_Lasso
[2026-09-30 15:33:41,085 INFO  L133   ssoRankerPreferences]: MapElimAlgo: Matthias
[2026-09-30 15:33:41,085 INFO  L250          LassoAnalysis]: Starting lasso preprocessing...
[2026-09-30 15:33:41,106 INFO  L270          LassoAnalysis]: Preprocessing complete.
[2026-09-30 15:33:41,106 INFO  L156       PredicateUnifier]: Initialized classic predicate unifier
[2026-09-30 15:33:41,106 INFO  L85        PathProgramCache]: Analyzing trace with hash -1561385618, now seen corresponding path program 1 times
[2026-09-30 15:33:41,106 INFO  L118   FreeRefinementEngine]: Executing refinement strategy FIXED_PREFERENCES
[2026-09-30 15:33:41,106 INFO  L324   FreeRefinementEngine]: Using trace check IpTcStrategyModulePreferences [381462129]
[2026-09-30 15:33:41,106 INFO  L97    rtionOrderModulation]: Keeping assertion order NOT_INCREMENTALLY
[2026-09-30 15:33:41,107 INFO  L127          SolverBuilder]: Constructing new instance of SMTInterpol with explicit timeout -1 ms and remaining time -1 ms
[2026-09-30 15:33:41,110 INFO  L108    AnnotateAndAsserter]: Assert order NOT_INCREMENTALLY partitioned 14 statements into 1 equivalence classes.
[2026-09-30 15:33:41,114 INFO  L111    AnnotateAndAsserter]: Assert order NOT_INCREMENTALLY issued 1 check-sat command(s) and asserted 14 of 14 statements.
[2026-09-30 15:33:41,115 INFO  L114    AnnotateAndAsserter]: Assert order NOT_INCREMENTALLY issued 1 check-sat command(s)
[2026-09-30 15:33:41,115 INFO  L115    AnnotateAndAsserter]: Conjunction of SSA is sat
[2026-09-30 15:33:41,115 INFO  L348             TraceCheck]: Trace is feasible, we will do another trace check, this time with branch encoders.
[2026-09-30 15:33:41,116 INFO  L108    AnnotateAndAsserter]: Assert order NOT_INCREMENTALLY partitioned 14 statements into 1 equivalence classes.
[2026-09-30 15:33:41,119 INFO  L111    AnnotateAndAsserter]: Assert order NOT_INCREMENTALLY issued 1 check-sat command(s) and asserted 14 of 14 statements.
[2026-09-30 15:33:41,119 INFO  L114    AnnotateAndAsserter]: Assert order NOT_INCREMENTALLY issued 1 check-sat command(s)
[2026-09-30 15:33:41,119 INFO  L115    AnnotateAndAsserter]: Conjunction of SSA is sat
[2026-09-30 15:33:41,120 INFO  L130   FreeRefinementEngine]: Strategy FIXED_PREFERENCES found a feasible trace
[2026-09-30 15:33:41,121 INFO  L156       PredicateUnifier]: Initialized classic predicate unifier
[2026-09-30 15:33:41,121 INFO  L85        PathProgramCache]: Analyzing trace with hash 2973, now seen corresponding path program 2 times
[2026-09-30 15:33:41,121 INFO  L118   FreeRefinementEngine]: Executing refinement strategy FIXED_PREFERENCES
[2026-09-30 15:33:41,121 INFO  L324   FreeRefinementEngine]: Using trace check IpTcStrategyModulePreferences [1521408133]
[2026-09-30 15:33:41,121 INFO  L97    rtionOrderModulation]: Keeping assertion order NOT_INCREMENTALLY
[2026-09-30 15:33:41,121 INFO  L127          SolverBuilder]: Constructing new instance of SMTInterpol with explicit timeout -1 ms and remaining time -1 ms
[2026-09-30 15:33:41,123 INFO  L108    AnnotateAndAsserter]: Assert order NOT_INCREMENTALLY partitioned 2 statements into 1 equivalence classes.
[2026-09-30 15:33:41,124 INFO  L111    AnnotateAndAsserter]: Assert order NOT_INCREMENTALLY issued 1 check-sat command(s) and asserted 2 of 2 statements.
[2026-09-30 15:33:41,124 INFO  L114    AnnotateAndAsserter]: Assert order NOT_INCREMENTALLY issued 1 check-sat command(s)
[2026-09-30 15:33:41,124 INFO  L115    AnnotateAndAsserter]: Conjunction of SSA is sat
[2026-09-30 15:33:41,124 INFO  L348             TraceCheck]: Trace is feasible, we will do another trace check, this time with branch encoders.
[2026-09-30 15:33:41,124 INFO  L108    AnnotateAndAsserter]: Assert order NOT_INCREMENTALLY partitioned 2 statements into 1 equivalence classes.
[2026-09-30 15:33:41,125 INFO  L111    AnnotateAndAsserter]: Assert order NOT_INCREMENTALLY issued 1 check-sat command(s) and asserted 2 of 2 statements.
[2026-09-30 15:33:41,125 INFO  L114    AnnotateAndAsserter]: Assert order NOT_INCREMENTALLY issued 1 check-sat command(s)
[2026-09-30 15:33:41,125 INFO  L115    AnnotateAndAsserter]: Conjunction of SSA is sat
[2026-09-30 15:33:41,126 INFO  L130   FreeRefinementEngine]: Strategy FIXED_PREFERENCES found a feasible trace
[2026-09-30 15:33:41,126 INFO  L156       PredicateUnifier]: Initialized classic predicate unifier
[2026-09-30 15:33:41,126 INFO  L85        PathProgramCache]: Analyzing trace with hash -1547990582, now seen corresponding path program 1 times
[2026-09-30 15:33:41,126 INFO  L118   FreeRefinementEngine]: Executing refinement strategy FIXED_PREFERENCES
[2026-09-30 15:33:41,126 INFO  L324   FreeRefinementEngine]: Using trace check IpTcStrategyModulePreferences [1723570514]
[2026-09-30 15:33:41,126 INFO  L97    rtionOrderModulation]: Keeping assertion order NOT_INCREMENTALLY
[2026-09-30 15:33:41,126 INFO  L127          SolverBuilder]: Constructing new instance of SMTInterpol with explicit timeout -1 ms and remaining time -1 ms
[2026-09-30 15:33:41,129 INFO  L108    AnnotateAndAsserter]: Assert order NOT_INCREMENTALLY partitioned 16 statements into 1 equivalence classes.
[2026-09-30 15:33:41,134 INFO  L111    AnnotateAndAsserter]: Assert order NOT_INCREMENTALLY issued 1 check-sat command(s) and asserted 16 of 16 statements.
[2026-09-30 15:33:41,134 INFO  L114    AnnotateAndAsserter]: Assert order NOT_INCREMENTALLY issued 1 check-sat command(s)
[2026-09-30 15:33:41,134 INFO  L115    AnnotateAndAsserter]: Conjunction of SSA is sat
[2026-09-30 15:33:41,134 INFO  L348             TraceCheck]: Trace is feasible, we will do another trace check, this time with branch encoders.
[2026-09-30 15:33:41,136 INFO  L108    AnnotateAndAsserter]: Assert order NOT_INCREMENTALLY partitioned 16 statements into 1 equivalence classes.
[2026-09-30 15:33:41,139 INFO  L111    AnnotateAndAsserter]: Assert order NOT_INCREMENTALLY issued 1 check-sat command(s) and asserted 16 of 16 statements.
[2026-09-30 15:33:41,139 INFO  L114    AnnotateAndAsserter]: Assert order NOT_INCREMENTALLY issued 1 check-sat command(s)
[2026-09-30 15:33:41,139 INFO  L115    AnnotateAndAsserter]: Conjunction of SSA is sat
[2026-09-30 15:33:41,141 INFO  L130   FreeRefinementEngine]: Strategy FIXED_PREFERENCES found a feasible trace
[2026-09-30 15:33:41,286 INFO  L213          LassoAnalysis]: Preferences:
[2026-09-30 15:33:41,286 INFO  L125   ssoRankerPreferences]: Compute integeral hull: false
[2026-09-30 15:33:41,286 INFO  L126   ssoRankerPreferences]: Enable LassoPartitioneer: false
[2026-09-30 15:33:41,286 INFO  L127   ssoRankerPreferences]: Term annotations enabled: false
[2026-09-30 15:33:41,286 INFO  L128   ssoRankerPreferences]: Use exernal solver: true
[2026-09-30 15:33:41,286 INFO  L129   ssoRankerPreferences]: SMT solver command: z3 SMTLIB2_COMPLIANT=true -memory:1024 -smt2 -in -t:12000
[2026-09-30 15:33:41,286 INFO  L130   ssoRankerPreferences]: Dump SMT script to file: false
[2026-09-30 15:33:41,287 INFO  L131   ssoRankerPreferences]: Path of dumped script: 
[2026-09-30 15:33:41,287 INFO  L132   ssoRankerPreferences]: Filename of dumped script: AliasDarteFeautrierGonnord-SAS2010-counterex1b_true-termination.c_Iteration5_Lasso
[2026-09-30 15:33:41,287 INFO  L133   ssoRankerPreferences]: MapElimAlgo: Matthias
[2026-09-30 15:33:41,287 INFO  L250          LassoAnalysis]: Starting lasso preprocessing...
[2026-09-30 15:33:41,311 INFO  L270          LassoAnalysis]: Preprocessing complete.
[2026-09-30 15:33:41,311 INFO  L380          LassoAnalysis]: Checking for nontermination...
[2026-09-30 15:33:41,311 INFO  L173          SolverBuilder]: Constructing external solver with command: z3 SMTLIB2_COMPLIANT=true -memory:1024 -smt2 -in -t:12000
[2026-09-30 15:33:41,312 INFO  L189       MonitoredProcess]: No working directory specified, using /home/anissa/.local/bin/z3
[2026-09-30 15:33:41,313 INFO  L229       MonitoredProcess]: Starting monitored process 14 with /home/anissa/.local/bin/z3 SMTLIB2_COMPLIANT=true -memory:1024 -smt2 -in -t:12000 (exit command is (exit), workingDir is null)
[2026-09-30 15:33:41,314 INFO  L327       MonitoredProcess]: [MP /home/anissa/.local/bin/z3 SMTLIB2_COMPLIANT=true -memory:1024 -smt2 -in -t:12000 (14)] Waiting until timeout for monitored process
[2026-09-30 15:33:41,315 INFO  L148   nArgumentSynthesizer]: Nontermination analysis: LINEAR Allow bounded executions: true Number of generalized eigenvectors: 0 Nilpotent components: true
[2026-09-30 15:33:41,315 INFO  L160   nArgumentSynthesizer]: Using integer mode.
[2026-09-30 15:33:41,329 INFO  L546       MonitoredProcess]: [MP /home/anissa/.local/bin/z3 SMTLIB2_COMPLIANT=true -memory:1024 -smt2 -in -t:12000 (14)] Ended with exit code 0
[2026-09-30 15:33:41,330 INFO  L173          SolverBuilder]: Constructing external solver with command: z3 SMTLIB2_COMPLIANT=true -memory:1024 -smt2 -in -t:12000
[2026-09-30 15:33:41,330 INFO  L189       MonitoredProcess]: No working directory specified, using /home/anissa/.local/bin/z3
[2026-09-30 15:33:41,332 INFO  L229       MonitoredProcess]: Starting monitored process 15 with /home/anissa/.local/bin/z3 SMTLIB2_COMPLIANT=true -memory:1024 -smt2 -in -t:12000 (exit command is (exit), workingDir is null)
[2026-09-30 15:33:41,333 INFO  L327       MonitoredProcess]: [MP /home/anissa/.local/bin/z3 SMTLIB2_COMPLIANT=true -memory:1024 -smt2 -in -t:12000 (15)] Waiting until timeout for monitored process
[2026-09-30 15:33:41,334 INFO  L148   nArgumentSynthesizer]: Nontermination analysis: LINEAR Allow bounded executions: true Number of generalized eigenvectors: 3 Nilpotent components: true
[2026-09-30 15:33:41,334 INFO  L160   nArgumentSynthesizer]: Using integer mode.
[2026-09-30 15:33:41,353 INFO  L546       MonitoredProcess]: [MP /home/anissa/.local/bin/z3 SMTLIB2_COMPLIANT=true -memory:1024 -smt2 -in -t:12000 (15)] Ended with exit code 0
[2026-09-30 15:33:41,354 INFO  L422          LassoAnalysis]: Proving nontermination failed: No geometric nontermination argument exists.
[2026-09-30 15:33:41,354 INFO  L213          LassoAnalysis]: Preferences:
[2026-09-30 15:33:41,354 INFO  L125   ssoRankerPreferences]: Compute integeral hull: false
[2026-09-30 15:33:41,354 INFO  L126   ssoRankerPreferences]: Enable LassoPartitioneer: false
[2026-09-30 15:33:41,354 INFO  L127   ssoRankerPreferences]: Term annotations enabled: false
[2026-09-30 15:33:41,354 INFO  L128   ssoRankerPreferences]: Use exernal solver: true
[2026-09-30 15:33:41,354 INFO  L129   ssoRankerPreferences]: SMT solver command: z3 SMTLIB2_COMPLIANT=true -memory:1024 -smt2 -in -t:12000
[2026-09-30 15:33:41,354 INFO  L130   ssoRankerPreferences]: Dump SMT script to file: false
[2026-09-30 15:33:41,354 INFO  L131   ssoRankerPreferences]: Path of dumped script: 
[2026-09-30 15:33:41,354 INFO  L132   ssoRankerPreferences]: Filename of dumped script: AliasDarteFeautrierGonnord-SAS2010-counterex1b_true-termination.c_Iteration5_Lasso
[2026-09-30 15:33:41,354 INFO  L133   ssoRankerPreferences]: MapElimAlgo: Matthias
[2026-09-30 15:33:41,354 INFO  L250          LassoAnalysis]: Starting lasso preprocessing...
[2026-09-30 15:33:41,376 INFO  L270          LassoAnalysis]: Preprocessing complete.
[2026-09-30 15:33:41,376 INFO  L467          LassoAnalysis]: AK !! Using template 'affine'.
[2026-09-30 15:33:41,376 INFO  L173          SolverBuilder]: Constructing external solver with command: z3 SMTLIB2_COMPLIANT=true -memory:1024 -smt2 -in -t:12000
[2026-09-30 15:33:41,377 INFO  L189       MonitoredProcess]: No working directory specified, using /home/anissa/.local/bin/z3
[2026-09-30 15:33:41,378 INFO  L229       MonitoredProcess]: Starting monitored process 16 with /home/anissa/.local/bin/z3 SMTLIB2_COMPLIANT=true -memory:1024 -smt2 -in -t:12000 (exit command is (exit), workingDir is null)
[2026-09-30 15:33:41,379 INFO  L327       MonitoredProcess]: [MP /home/anissa/.local/bin/z3 SMTLIB2_COMPLIANT=true -memory:1024 -smt2 -in -t:12000 (16)] Waiting until timeout for monitored process
[2026-09-30 15:33:41,380 INFO  L126   nArgumentSynthesizer]: Termination Analysis Settings: Termination analysis: LINEARNumber of strict supporting invariants: 0Number of non-strict supporting invariants: 1Consider only non-deceasing supporting invariants: trueSimplify termination arguments: trueSimplify supporting invariants: trueOverapproximate stem: false
[2026-09-30 15:33:41,389 INFO  L344   nArgumentSynthesizer]: Template has degree 0.
[2026-09-30 15:33:41,390 INFO  L209   nArgumentSynthesizer]: 1 stem disjuncts
[2026-09-30 15:33:41,390 INFO  L210   nArgumentSynthesizer]: 1 loop disjuncts
[2026-09-30 15:33:41,390 INFO  L211   nArgumentSynthesizer]: 2 template conjuncts.
[2026-09-30 15:33:41,393 INFO  L409   nArgumentSynthesizer]: We have 6 Motzkin's Theorem applications.
[2026-09-30 15:33:41,393 INFO  L410   nArgumentSynthesizer]: A total of 2 supporting invariants were added.
[2026-09-30 15:33:41,401 INFO  L427   nArgumentSynthesizer]: Found a termination argument, trying to simplify.
[2026-09-30 15:33:41,409 INFO  L436   ModelExtractionUtils]: Simplification made 8 calls to the SMT solver.
[2026-09-30 15:33:41,409 INFO  L437   ModelExtractionUtils]: 35 out of 43 variables were initially zero. Simplification set additionally 5 variables to zero.
[2026-09-30 15:33:41,409 INFO  L173          SolverBuilder]: Constructing external solver with command: z3 SMTLIB2_COMPLIANT=true -memory:1024 -smt2 -in -t:12000
[2026-09-30 15:33:41,410 INFO  L189       MonitoredProcess]: No working directory specified, using /home/anissa/.local/bin/z3
[2026-09-30 15:33:41,411 INFO  L229       MonitoredProcess]: Starting monitored process 17 with /home/anissa/.local/bin/z3 SMTLIB2_COMPLIANT=true -memory:1024 -smt2 -in -t:12000 (exit command is (exit), workingDir is null)
[2026-09-30 15:33:41,412 INFO  L327       MonitoredProcess]: [MP /home/anissa/.local/bin/z3 SMTLIB2_COMPLIANT=true -memory:1024 -smt2 -in -t:12000 (17)] Waiting until timeout for monitored process
[2026-09-30 15:33:41,413 INFO  L443   nArgumentSynthesizer]: Simplifying supporting invariants...
[2026-09-30 15:33:41,424 INFO  L546       MonitoredProcess]: [MP /home/anissa/.local/bin/z3 SMTLIB2_COMPLIANT=true -memory:1024 -smt2 -in -t:12000 (17)] Ended with exit code 0
[2026-09-30 15:33:41,424 INFO  L446   nArgumentSynthesizer]: Removed 2 redundant supporting invariants from a total of 2.
[2026-09-30 15:33:41,427 INFO  L546       MonitoredProcess]: [MP /home/anissa/.local/bin/z3 SMTLIB2_COMPLIANT=true -memory:1024 -smt2 -in -t:12000 (16)] Ended with exit code 0
[2026-09-30 15:33:41,427 INFO  L495          LassoAnalysis]: Proved termination.
[2026-09-30 15:33:41,427 INFO  L496          LassoAnalysis]: Termination argument consisting of:
Ranking function f(main_~y~0) = 2*main_~y~0 + 1
Supporting invariants []
[2026-09-30 15:33:41,428 INFO  L156   tatePredicateManager]: 0 out of 0 supporting invariants were superfluous and have been removed
[2026-09-30 15:33:41,696 INFO  L156       PredicateUnifier]: Initialized classic predicate unifier
[2026-09-30 15:33:41,699 INFO  L108    AnnotateAndAsserter]: Assert order NOT_INCREMENTALLY partitioned 14 statements into 1 equivalence classes.
[2026-09-30 15:33:41,704 INFO  L111    AnnotateAndAsserter]: Assert order NOT_INCREMENTALLY issued 1 check-sat command(s) and asserted 14 of 14 statements.
[2026-09-30 15:33:41,704 INFO  L114    AnnotateAndAsserter]: Assert order NOT_INCREMENTALLY issued 1 check-sat command(s)
[2026-09-30 15:33:41,704 INFO  L115    AnnotateAndAsserter]: Conjunction of SSA is unsat
[2026-09-30 15:33:41,705 INFO  L256         TraceCheckSpWp]: Trace formula consists of 87 conjuncts, 6 conjuncts are in the unsatisfiable core
[2026-09-30 15:33:41,705 INFO  L279         TraceCheckSpWp]: Computing forward predicates...
[2026-09-30 15:33:41,725 INFO  L108    AnnotateAndAsserter]: Assert order NOT_INCREMENTALLY partitioned 2 statements into 1 equivalence classes.
[2026-09-30 15:33:41,726 INFO  L111    AnnotateAndAsserter]: Assert order NOT_INCREMENTALLY issued 1 check-sat command(s) and asserted 2 of 2 statements.
[2026-09-30 15:33:41,726 INFO  L114    AnnotateAndAsserter]: Assert order NOT_INCREMENTALLY issued 1 check-sat command(s)
[2026-09-30 15:33:41,726 INFO  L115    AnnotateAndAsserter]: Conjunction of SSA is unsat
[2026-09-30 15:33:41,726 WARN  L254         TraceCheckSpWp]: Trace formula consists of 7 conjuncts, 6 conjuncts are in the unsatisfiable core
[2026-09-30 15:33:41,726 INFO  L279         TraceCheckSpWp]: Computing forward predicates...
[2026-09-30 15:33:41,753 INFO  L134       CoverageAnalysis]: Checked inductivity of 0 backedges. 0 proven. 0 refuted. 0 times theorem prover too weak. 0 trivial. 0 not checked.
[2026-09-30 15:33:41,754 INFO  L141   lantAutomatonBouncer]: Defining deterministic Buchi interpolant automaton with honda bouncer for stem and without honda bouncer for loop.2 stem predicates 2 loop predicates 
[2026-09-30 15:33:41,754 INFO  L69     BuchiDifferenceNCSB]: Start buchiDifferenceNCSB. First operand 50 states and 65 transitions. cyclomatic complexity: 23 Second operand  has 4 states, 4 states have (on average 3.0) internal successors, (12), 4 states have internal predecessors, (12), 1 states have call successors, (2), 2 states have call predecessors, (2), 1 states have return successors, (1), 1 states have call predecessors, (1), 1 states have call successors, (1)
[2026-09-30 15:33:41,777 INFO  L73     BuchiDifferenceNCSB]: Finished buchiDifferenceNCSB. First operand 50 states and 65 transitions. cyclomatic complexity: 23. Second operand  has 4 states, 4 states have (on average 3.0) internal successors, (12), 4 states have internal predecessors, (12), 1 states have call successors, (2), 2 states have call predecessors, (2), 1 states have return successors, (1), 1 states have call predecessors, (1), 1 states have call successors, (1) Result 63 states and 80 transitions. Complement of second has 8 states.
[2026-09-30 15:33:41,777 INFO  L140   InterpolantAutomaton]: Switched to read-only mode: Buchi interpolant automaton has 5 states 2 stem states 2 non-accepting loop states 1 accepting loop states 
[2026-09-30 15:33:41,778 INFO  L82        GeneralOperation]: Start removeUnreachable. Operand  has 4 states, 4 states have (on average 3.0) internal successors, (12), 4 states have internal predecessors, (12), 1 states have call successors, (2), 2 states have call predecessors, (2), 1 states have return successors, (1), 1 states have call predecessors, (1), 1 states have call successors, (1)
[2026-09-30 15:33:41,778 INFO  L88        GeneralOperation]: Finished removeUnreachable. Reduced from 5 states to 5 states and 14 transitions.
[2026-09-30 15:33:41,778 INFO  L85            BuchiAccepts]: Start buchiAccepts Operand 5 states and 14 transitions. Stem has 14 letters. Loop has 2 letters.
[2026-09-30 15:33:41,778 INFO  L117           BuchiAccepts]: Finished buchiAccepts.
[2026-09-30 15:33:41,778 INFO  L715   stractBuchiCegarLoop]: Bad chosen interpolant automaton: word not accepted
[2026-09-30 15:33:41,783 INFO  L156       PredicateUnifier]: Initialized classic predicate unifier
[2026-09-30 15:33:41,787 INFO  L108    AnnotateAndAsserter]: Assert order NOT_INCREMENTALLY partitioned 14 statements into 1 equivalence classes.
[2026-09-30 15:33:41,793 INFO  L111    AnnotateAndAsserter]: Assert order NOT_INCREMENTALLY issued 1 check-sat command(s) and asserted 14 of 14 statements.
[2026-09-30 15:33:41,793 INFO  L114    AnnotateAndAsserter]: Assert order NOT_INCREMENTALLY issued 1 check-sat command(s)
[2026-09-30 15:33:41,793 INFO  L115    AnnotateAndAsserter]: Conjunction of SSA is unsat
[2026-09-30 15:33:41,794 INFO  L256         TraceCheckSpWp]: Trace formula consists of 87 conjuncts, 6 conjuncts are in the unsatisfiable core
[2026-09-30 15:33:41,794 INFO  L279         TraceCheckSpWp]: Computing forward predicates...
[2026-09-30 15:33:41,813 INFO  L108    AnnotateAndAsserter]: Assert order NOT_INCREMENTALLY partitioned 2 statements into 1 equivalence classes.
[2026-09-30 15:33:41,814 INFO  L111    AnnotateAndAsserter]: Assert order NOT_INCREMENTALLY issued 1 check-sat command(s) and asserted 2 of 2 statements.
[2026-09-30 15:33:41,814 INFO  L114    AnnotateAndAsserter]: Assert order NOT_INCREMENTALLY issued 1 check-sat command(s)
[2026-09-30 15:33:41,814 INFO  L115    AnnotateAndAsserter]: Conjunction of SSA is unsat
[2026-09-30 15:33:41,814 WARN  L254         TraceCheckSpWp]: Trace formula consists of 7 conjuncts, 6 conjuncts are in the unsatisfiable core
[2026-09-30 15:33:41,815 INFO  L279         TraceCheckSpWp]: Computing forward predicates...
[2026-09-30 15:33:41,844 INFO  L134       CoverageAnalysis]: Checked inductivity of 0 backedges. 0 proven. 0 refuted. 0 times theorem prover too weak. 0 trivial. 0 not checked.
[2026-09-30 15:33:41,844 INFO  L141   lantAutomatonBouncer]: Defining deterministic Buchi interpolant automaton with honda bouncer for stem and with honda bouncer for loop.2 stem predicates 2 loop predicates 
[2026-09-30 15:33:41,845 INFO  L69     BuchiDifferenceNCSB]: Start buchiDifferenceNCSB. First operand 50 states and 65 transitions. cyclomatic complexity: 23 Second operand  has 4 states, 4 states have (on average 3.0) internal successors, (12), 4 states have internal predecessors, (12), 1 states have call successors, (2), 2 states have call predecessors, (2), 1 states have return successors, (1), 1 states have call predecessors, (1), 1 states have call successors, (1)
[2026-09-30 15:33:41,866 INFO  L73     BuchiDifferenceNCSB]: Finished buchiDifferenceNCSB. First operand 50 states and 65 transitions. cyclomatic complexity: 23. Second operand  has 4 states, 4 states have (on average 3.0) internal successors, (12), 4 states have internal predecessors, (12), 1 states have call successors, (2), 2 states have call predecessors, (2), 1 states have return successors, (1), 1 states have call predecessors, (1), 1 states have call successors, (1) Result 63 states and 80 transitions. Complement of second has 8 states.
[2026-09-30 15:33:41,866 INFO  L140   InterpolantAutomaton]: Switched to read-only mode: Buchi interpolant automaton has 5 states 2 stem states 2 non-accepting loop states 1 accepting loop states 
[2026-09-30 15:33:41,867 INFO  L82        GeneralOperation]: Start removeUnreachable. Operand  has 4 states, 4 states have (on average 3.0) internal successors, (12), 4 states have internal predecessors, (12), 1 states have call successors, (2), 2 states have call predecessors, (2), 1 states have return successors, (1), 1 states have call predecessors, (1), 1 states have call successors, (1)
[2026-09-30 15:33:41,867 INFO  L88        GeneralOperation]: Finished removeUnreachable. Reduced from 5 states to 5 states and 14 transitions.
[2026-09-30 15:33:41,867 INFO  L85            BuchiAccepts]: Start buchiAccepts Operand 5 states and 14 transitions. Stem has 14 letters. Loop has 2 letters.
[2026-09-30 15:33:41,867 INFO  L117           BuchiAccepts]: Finished buchiAccepts.
[2026-09-30 15:33:41,867 INFO  L715   stractBuchiCegarLoop]: Bad chosen interpolant automaton: word not accepted
[2026-09-30 15:33:41,873 INFO  L156       PredicateUnifier]: Initialized classic predicate unifier
[2026-09-30 15:33:41,878 INFO  L108    AnnotateAndAsserter]: Assert order NOT_INCREMENTALLY partitioned 14 statements into 1 equivalence classes.
[2026-09-30 15:33:41,885 INFO  L111    AnnotateAndAsserter]: Assert order NOT_INCREMENTALLY issued 1 check-sat command(s) and asserted 14 of 14 statements.
[2026-09-30 15:33:41,885 INFO  L114    AnnotateAndAsserter]: Assert order NOT_INCREMENTALLY issued 1 check-sat command(s)
[2026-09-30 15:33:41,885 INFO  L115    AnnotateAndAsserter]: Conjunction of SSA is unsat
[2026-09-30 15:33:41,885 INFO  L256         TraceCheckSpWp]: Trace formula consists of 87 conjuncts, 6 conjuncts are in the unsatisfiable core
[2026-09-30 15:33:41,886 INFO  L279         TraceCheckSpWp]: Computing forward predicates...
[2026-09-30 15:33:41,908 INFO  L108    AnnotateAndAsserter]: Assert order NOT_INCREMENTALLY partitioned 2 statements into 1 equivalence classes.
[2026-09-30 15:33:41,911 INFO  L111    AnnotateAndAsserter]: Assert order NOT_INCREMENTALLY issued 1 check-sat command(s) and asserted 2 of 2 statements.
[2026-09-30 15:33:41,911 INFO  L114    AnnotateAndAsserter]: Assert order NOT_INCREMENTALLY issued 1 check-sat command(s)
[2026-09-30 15:33:41,911 INFO  L115    AnnotateAndAsserter]: Conjunction of SSA is unsat
[2026-09-30 15:33:41,912 WARN  L254         TraceCheckSpWp]: Trace formula consists of 7 conjuncts, 6 conjuncts are in the unsatisfiable core
[2026-09-30 15:33:41,913 INFO  L279         TraceCheckSpWp]: Computing forward predicates...
[2026-09-30 15:33:41,950 INFO  L134       CoverageAnalysis]: Checked inductivity of 0 backedges. 0 proven. 0 refuted. 0 times theorem prover too weak. 0 trivial. 0 not checked.
[2026-09-30 15:33:41,950 INFO  L141   lantAutomatonBouncer]: Defining Buchi interpolant automaton with scrooge nondeterminism in stemwith honda bouncer for stem and without honda bouncer for loop.2 stem predicates 2 loop predicates 
[2026-09-30 15:33:41,951 INFO  L69     BuchiDifferenceNCSB]: Start buchiDifferenceNCSB. First operand 50 states and 65 transitions. cyclomatic complexity: 23 Second operand  has 4 states, 4 states have (on average 3.0) internal successors, (12), 4 states have internal predecessors, (12), 1 states have call successors, (2), 2 states have call predecessors, (2), 1 states have return successors, (1), 1 states have call predecessors, (1), 1 states have call successors, (1)
[2026-09-30 15:33:41,979 INFO  L73     BuchiDifferenceNCSB]: Finished buchiDifferenceNCSB. First operand 50 states and 65 transitions. cyclomatic complexity: 23. Second operand  has 4 states, 4 states have (on average 3.0) internal successors, (12), 4 states have internal predecessors, (12), 1 states have call successors, (2), 2 states have call predecessors, (2), 1 states have return successors, (1), 1 states have call predecessors, (1), 1 states have call successors, (1) Result 101 states and 127 transitions. Complement of second has 9 states.
[2026-09-30 15:33:41,979 INFO  L140   InterpolantAutomaton]: Switched to read-only mode: Buchi interpolant automaton has 5 states 2 stem states 2 non-accepting loop states 1 accepting loop states 
[2026-09-30 15:33:41,980 INFO  L82        GeneralOperation]: Start removeUnreachable. Operand  has 4 states, 4 states have (on average 3.0) internal successors, (12), 4 states have internal predecessors, (12), 1 states have call successors, (2), 2 states have call predecessors, (2), 1 states have return successors, (1), 1 states have call predecessors, (1), 1 states have call successors, (1)
[2026-09-30 15:33:41,980 INFO  L88        GeneralOperation]: Finished removeUnreachable. Reduced from 5 states to 5 states and 22 transitions.
[2026-09-30 15:33:41,980 INFO  L85            BuchiAccepts]: Start buchiAccepts Operand 5 states and 22 transitions. Stem has 14 letters. Loop has 2 letters.
[2026-09-30 15:33:41,980 INFO  L117           BuchiAccepts]: Finished buchiAccepts.
[2026-09-30 15:33:41,980 INFO  L85            BuchiAccepts]: Start buchiAccepts Operand 5 states and 22 transitions. Stem has 16 letters. Loop has 2 letters.
[2026-09-30 15:33:41,980 INFO  L117           BuchiAccepts]: Finished buchiAccepts.
[2026-09-30 15:33:41,980 INFO  L85            BuchiAccepts]: Start buchiAccepts Operand 5 states and 22 transitions. Stem has 14 letters. Loop has 4 letters.
[2026-09-30 15:33:41,980 INFO  L117           BuchiAccepts]: Finished buchiAccepts.
[2026-09-30 15:33:41,980 INFO  L82        GeneralOperation]: Start removeNonLiveStates. Operand 101 states and 127 transitions.
[2026-09-30 15:33:41,983 INFO  L131   ngComponentsAnalysis]: Automaton has 1 accepting balls. 2
[2026-09-30 15:33:41,983 INFO  L88        GeneralOperation]: Finished removeNonLiveStates. Reduced from 101 states to 57 states and 69 transitions.
[2026-09-30 15:33:41,983 INFO  L87         BuchiClosureNwa]: Accepting states before buchiClosure: 9
[2026-09-30 15:33:41,983 INFO  L106        BuchiClosureNwa]: Accepting states after buchiClosure: 9
[2026-09-30 15:33:41,983 INFO  L74         IsDeterministic]: Start isDeterministic. Operand 57 states and 69 transitions.
[2026-09-30 15:33:41,984 INFO  L81         IsDeterministic]: Finished isDeterministic. Operand is not deterministic.
[2026-09-30 15:33:41,984 INFO  L218   hiAutomatonCegarLoop]: Abstraction has 57 states and 69 transitions.
[2026-09-30 15:33:41,984 INFO  L82        GeneralOperation]: Start minimizeSevpa. Operand 57 states and 69 transitions.
[2026-09-30 15:33:41,985 INFO  L88        GeneralOperation]: Finished minimizeSevpa. Reduced states from 57 to 38.
[2026-09-30 15:33:41,985 INFO  L82        GeneralOperation]: Start removeUnreachable. Operand  has 38 states, 35 states have (on average 1.2571428571428571) internal successors, (44), 34 states have internal predecessors, (44), 2 states have call successors, (2), 2 states have call predecessors, (2), 1 states have return successors, (1), 1 states have call predecessors, (1), 1 states have call successors, (1)
[2026-09-30 15:33:41,986 INFO  L88        GeneralOperation]: Finished removeUnreachable. Reduced from 38 states to 38 states and 47 transitions.
[2026-09-30 15:33:41,986 INFO  L240   hiAutomatonCegarLoop]: Abstraction has 38 states and 47 transitions.
[2026-09-30 15:33:41,986 INFO  L457   stractBuchiCegarLoop]: Abstraction has 38 states and 47 transitions.
[2026-09-30 15:33:41,986 INFO  L362   stractBuchiCegarLoop]: ======== Iteration 6 ============
[2026-09-30 15:33:41,986 INFO  L73            BuchiIsEmpty]: Start buchiIsEmpty. Operand 38 states and 47 transitions.
[2026-09-30 15:33:41,986 INFO  L131   ngComponentsAnalysis]: Automaton has 1 accepting balls. 2
[2026-09-30 15:33:41,986 INFO  L88            BuchiIsEmpty]: Finished buchiIsEmpty Result is false
[2026-09-30 15:33:41,986 INFO  L120           BuchiIsEmpty]: Starting construction of run
[2026-09-30 15:33:41,986 INFO  L148   hiAutomatonCegarLoop]: Counterexample stem histogram [3, 3, 2, 2, 2, 1, 1, 1, 1, 1, 1, 1, 1]
[2026-09-30 15:33:41,986 INFO  L149   hiAutomatonCegarLoop]: Counterexample loop histogram [1, 1]
[2026-09-30 15:33:41,987 INFO  L943   eck$LassoCheckResult]: Stem: "call ULTIMATE.init();"< "assume true;" >"#56#return;" "call #t~ret7 := main();"< "havoc ~x~0;havoc ~y~0;havoc ~n~0;havoc #t~nondet0;assume -2147483648 <= #t~nondet0 && #t~nondet0 <= 2147483647;~n~0 := #t~nondet0;havoc #t~nondet0;havoc #t~nondet1;assume -2147483648 <= #t~nondet1 && #t~nondet1 <= 2147483647;~x~0 := #t~nondet1;havoc #t~nondet1;havoc #t~nondet2;assume -2147483648 <= #t~nondet2 && #t~nondet2 <= 2147483647;~y~0 := #t~nondet2;havoc #t~nondet2;" "assume ~x~0 >= 0;" "#t~short4 := ~y~0 >= 0;BeginParallelComposition{ParallelCodeBlock0: assume #t~short4;havoc #t~nondet3;assume -2147483648 <= #t~nondet3 && #t~nondet3 <= 2147483647;#t~short4 := 0 != #t~nondet3;ParallelCodeBlock1: assume !#t~short4;}EndParallelComposition" "assume !#t~short4;havoc #t~nondet3;havoc #t~short4;" "~x~0 := ~x~0 - 1;" "#t~short6 := ~y~0 <= ~n~0;BeginParallelComposition{ParallelCodeBlock0: assume #t~short6;havoc #t~nondet5;assume -2147483648 <= #t~nondet5 && #t~nondet5 <= 2147483647;#t~short6 := 0 != #t~nondet5;ParallelCodeBlock1: assume !#t~short6;}EndParallelComposition" "assume #t~short6;havoc #t~nondet5;havoc #t~short6;~y~0 := 1 + ~y~0;" "#t~short6 := ~y~0 <= ~n~0;BeginParallelComposition{ParallelCodeBlock0: assume #t~short6;havoc #t~nondet5;assume -2147483648 <= #t~nondet5 && #t~nondet5 <= 2147483647;#t~short6 := 0 != #t~nondet5;ParallelCodeBlock1: assume !#t~short6;}EndParallelComposition" "assume !#t~short6;havoc #t~nondet5;havoc #t~short6;" "assume ~x~0 >= 0;" "#t~short4 := ~y~0 >= 0;BeginParallelComposition{ParallelCodeBlock0: assume #t~short4;havoc #t~nondet3;assume -2147483648 <= #t~nondet3 && #t~nondet3 <= 2147483647;#t~short4 := 0 != #t~nondet3;ParallelCodeBlock1: assume !#t~short4;}EndParallelComposition" "assume #t~short4;havoc #t~nondet3;havoc #t~short4;~y~0 := ~y~0 - 1;" "#t~short4 := ~y~0 >= 0;BeginParallelComposition{ParallelCodeBlock0: assume #t~short4;havoc #t~nondet3;assume -2147483648 <= #t~nondet3 && #t~nondet3 <= 2147483647;#t~short4 := 0 != #t~nondet3;ParallelCodeBlock1: assume !#t~short4;}EndParallelComposition" "assume !#t~short4;havoc #t~nondet3;havoc #t~short4;" "~x~0 := ~x~0 - 1;" "#t~short6 := ~y~0 <= ~n~0;BeginParallelComposition{ParallelCodeBlock0: assume #t~short6;havoc #t~nondet5;assume -2147483648 <= #t~nondet5 && #t~nondet5 <= 2147483647;#t~short6 := 0 != #t~nondet5;ParallelCodeBlock1: assume !#t~short6;}EndParallelComposition" 
[2026-09-30 15:33:41,987 INFO  L945   eck$LassoCheckResult]: Loop: "assume #t~short6;havoc #t~nondet5;havoc #t~short6;~y~0 := 1 + ~y~0;" "#t~short6 := ~y~0 <= ~n~0;BeginParallelComposition{ParallelCodeBlock0: assume #t~short6;havoc #t~nondet5;assume -2147483648 <= #t~nondet5 && #t~nondet5 <= 2147483647;#t~short6 := 0 != #t~nondet5;ParallelCodeBlock1: assume !#t~short6;}EndParallelComposition" 
[2026-09-30 15:33:42,230 INFO  L213          LassoAnalysis]: Preferences:
[2026-09-30 15:33:42,230 INFO  L125   ssoRankerPreferences]: Compute integeral hull: false
[2026-09-30 15:33:42,230 INFO  L126   ssoRankerPreferences]: Enable LassoPartitioneer: false
[2026-09-30 15:33:42,230 INFO  L127   ssoRankerPreferences]: Term annotations enabled: false
[2026-09-30 15:33:42,230 INFO  L128   ssoRankerPreferences]: Use exernal solver: true
[2026-09-30 15:33:42,230 INFO  L129   ssoRankerPreferences]: SMT solver command: z3 SMTLIB2_COMPLIANT=true -memory:1024 -smt2 -in -t:12000
[2026-09-30 15:33:42,230 INFO  L130   ssoRankerPreferences]: Dump SMT script to file: false
[2026-09-30 15:33:42,230 INFO  L131   ssoRankerPreferences]: Path of dumped script: 
[2026-09-30 15:33:42,230 INFO  L132   ssoRankerPreferences]: Filename of dumped script: AliasDarteFeautrierGonnord-SAS2010-counterex1b_true-termination.c_Iteration6_Lasso
[2026-09-30 15:33:42,230 INFO  L133   ssoRankerPreferences]: MapElimAlgo: Matthias
[2026-09-30 15:33:42,230 INFO  L250          LassoAnalysis]: Starting lasso preprocessing...
[2026-09-30 15:33:42,265 INFO  L270          LassoAnalysis]: Preprocessing complete.
[2026-09-30 15:33:42,265 INFO  L156       PredicateUnifier]: Initialized classic predicate unifier
[2026-09-30 15:33:42,265 INFO  L85        PathProgramCache]: Analyzing trace with hash -469060690, now seen corresponding path program 2 times
[2026-09-30 15:33:42,265 INFO  L118   FreeRefinementEngine]: Executing refinement strategy FIXED_PREFERENCES
[2026-09-30 15:33:42,265 INFO  L324   FreeRefinementEngine]: Using trace check IpTcStrategyModulePreferences [1074372734]
[2026-09-30 15:33:42,265 INFO  L97    rtionOrderModulation]: Keeping assertion order NOT_INCREMENTALLY
[2026-09-30 15:33:42,265 INFO  L127          SolverBuilder]: Constructing new instance of SMTInterpol with explicit timeout -1 ms and remaining time -1 ms
[2026-09-30 15:33:42,269 INFO  L108    AnnotateAndAsserter]: Assert order NOT_INCREMENTALLY partitioned 20 statements into 1 equivalence classes.
[2026-09-30 15:33:42,275 INFO  L111    AnnotateAndAsserter]: Assert order NOT_INCREMENTALLY issued 1 check-sat command(s) and asserted 20 of 20 statements.
[2026-09-30 15:33:42,275 INFO  L114    AnnotateAndAsserter]: Assert order NOT_INCREMENTALLY issued 1 check-sat command(s)
[2026-09-30 15:33:42,275 INFO  L115    AnnotateAndAsserter]: Conjunction of SSA is sat
[2026-09-30 15:33:42,275 INFO  L348             TraceCheck]: Trace is feasible, we will do another trace check, this time with branch encoders.
[2026-09-30 15:33:42,276 INFO  L108    AnnotateAndAsserter]: Assert order NOT_INCREMENTALLY partitioned 20 statements into 1 equivalence classes.
[2026-09-30 15:33:42,280 INFO  L111    AnnotateAndAsserter]: Assert order NOT_INCREMENTALLY issued 1 check-sat command(s) and asserted 20 of 20 statements.
[2026-09-30 15:33:42,280 INFO  L114    AnnotateAndAsserter]: Assert order NOT_INCREMENTALLY issued 1 check-sat command(s)
[2026-09-30 15:33:42,280 INFO  L115    AnnotateAndAsserter]: Conjunction of SSA is sat
[2026-09-30 15:33:42,282 INFO  L130   FreeRefinementEngine]: Strategy FIXED_PREFERENCES found a feasible trace
[2026-09-30 15:33:42,282 INFO  L156       PredicateUnifier]: Initialized classic predicate unifier
[2026-09-30 15:33:42,282 INFO  L85        PathProgramCache]: Analyzing trace with hash 2820, now seen corresponding path program 2 times
[2026-09-30 15:33:42,282 INFO  L118   FreeRefinementEngine]: Executing refinement strategy FIXED_PREFERENCES
[2026-09-30 15:33:42,282 INFO  L324   FreeRefinementEngine]: Using trace check IpTcStrategyModulePreferences [1935075277]
[2026-09-30 15:33:42,282 INFO  L97    rtionOrderModulation]: Keeping assertion order NOT_INCREMENTALLY
[2026-09-30 15:33:42,282 INFO  L127          SolverBuilder]: Constructing new instance of SMTInterpol with explicit timeout -1 ms and remaining time -1 ms
[2026-09-30 15:33:42,284 INFO  L108    AnnotateAndAsserter]: Assert order NOT_INCREMENTALLY partitioned 2 statements into 1 equivalence classes.
[2026-09-30 15:33:42,285 INFO  L111    AnnotateAndAsserter]: Assert order NOT_INCREMENTALLY issued 1 check-sat command(s) and asserted 2 of 2 statements.
[2026-09-30 15:33:42,285 INFO  L114    AnnotateAndAsserter]: Assert order NOT_INCREMENTALLY issued 1 check-sat command(s)
[2026-09-30 15:33:42,285 INFO  L115    AnnotateAndAsserter]: Conjunction of SSA is sat
[2026-09-30 15:33:42,285 INFO  L348             TraceCheck]: Trace is feasible, we will do another trace check, this time with branch encoders.
[2026-09-30 15:33:42,286 INFO  L108    AnnotateAndAsserter]: Assert order NOT_INCREMENTALLY partitioned 2 statements into 1 equivalence classes.
[2026-09-30 15:33:42,287 INFO  L111    AnnotateAndAsserter]: Assert order NOT_INCREMENTALLY issued 1 check-sat command(s) and asserted 2 of 2 statements.
[2026-09-30 15:33:42,287 INFO  L114    AnnotateAndAsserter]: Assert order NOT_INCREMENTALLY issued 1 check-sat command(s)
[2026-09-30 15:33:42,287 INFO  L115    AnnotateAndAsserter]: Conjunction of SSA is sat
[2026-09-30 15:33:42,288 INFO  L130   FreeRefinementEngine]: Strategy FIXED_PREFERENCES found a feasible trace
[2026-09-30 15:33:42,288 INFO  L156       PredicateUnifier]: Initialized classic predicate unifier
[2026-09-30 15:33:42,288 INFO  L85        PathProgramCache]: Analyzing trace with hash 204244849, now seen corresponding path program 3 times
[2026-09-30 15:33:42,288 INFO  L118   FreeRefinementEngine]: Executing refinement strategy FIXED_PREFERENCES
[2026-09-30 15:33:42,288 INFO  L324   FreeRefinementEngine]: Using trace check IpTcStrategyModulePreferences [932278001]
[2026-09-30 15:33:42,288 INFO  L97    rtionOrderModulation]: Keeping assertion order NOT_INCREMENTALLY
[2026-09-30 15:33:42,288 INFO  L127          SolverBuilder]: Constructing new instance of SMTInterpol with explicit timeout -1 ms and remaining time -1 ms
[2026-09-30 15:33:42,292 INFO  L108    AnnotateAndAsserter]: Assert order NOT_INCREMENTALLY partitioned 22 statements into 1 equivalence classes.
[2026-09-30 15:33:42,298 INFO  L111    AnnotateAndAsserter]: Assert order NOT_INCREMENTALLY issued 1 check-sat command(s) and asserted 22 of 22 statements.
[2026-09-30 15:33:42,298 INFO  L114    AnnotateAndAsserter]: Assert order NOT_INCREMENTALLY issued 1 check-sat command(s)
[2026-09-30 15:33:42,298 INFO  L115    AnnotateAndAsserter]: Conjunction of SSA is sat
[2026-09-30 15:33:42,298 INFO  L348             TraceCheck]: Trace is feasible, we will do another trace check, this time with branch encoders.
[2026-09-30 15:33:42,300 INFO  L108    AnnotateAndAsserter]: Assert order NOT_INCREMENTALLY partitioned 22 statements into 1 equivalence classes.
[2026-09-30 15:33:42,304 INFO  L111    AnnotateAndAsserter]: Assert order NOT_INCREMENTALLY issued 1 check-sat command(s) and asserted 22 of 22 statements.
[2026-09-30 15:33:42,304 INFO  L114    AnnotateAndAsserter]: Assert order NOT_INCREMENTALLY issued 1 check-sat command(s)
[2026-09-30 15:33:42,304 INFO  L115    AnnotateAndAsserter]: Conjunction of SSA is sat
[2026-09-30 15:33:42,306 INFO  L130   FreeRefinementEngine]: Strategy FIXED_PREFERENCES found a feasible trace
[2026-09-30 15:33:42,559 INFO  L213          LassoAnalysis]: Preferences:
[2026-09-30 15:33:42,559 INFO  L125   ssoRankerPreferences]: Compute integeral hull: false
[2026-09-30 15:33:42,559 INFO  L126   ssoRankerPreferences]: Enable LassoPartitioneer: false
[2026-09-30 15:33:42,559 INFO  L127   ssoRankerPreferences]: Term annotations enabled: false
[2026-09-30 15:33:42,559 INFO  L128   ssoRankerPreferences]: Use exernal solver: true
[2026-09-30 15:33:42,559 INFO  L129   ssoRankerPreferences]: SMT solver command: z3 SMTLIB2_COMPLIANT=true -memory:1024 -smt2 -in -t:12000
[2026-09-30 15:33:42,559 INFO  L130   ssoRankerPreferences]: Dump SMT script to file: false
[2026-09-30 15:33:42,559 INFO  L131   ssoRankerPreferences]: Path of dumped script: 
[2026-09-30 15:33:42,559 INFO  L132   ssoRankerPreferences]: Filename of dumped script: AliasDarteFeautrierGonnord-SAS2010-counterex1b_true-termination.c_Iteration6_Lasso
[2026-09-30 15:33:42,559 INFO  L133   ssoRankerPreferences]: MapElimAlgo: Matthias
[2026-09-30 15:33:42,559 INFO  L250          LassoAnalysis]: Starting lasso preprocessing...
[2026-09-30 15:33:42,593 INFO  L270          LassoAnalysis]: Preprocessing complete.
[2026-09-30 15:33:42,593 INFO  L380          LassoAnalysis]: Checking for nontermination...
[2026-09-30 15:33:42,593 INFO  L173          SolverBuilder]: Constructing external solver with command: z3 SMTLIB2_COMPLIANT=true -memory:1024 -smt2 -in -t:12000
[2026-09-30 15:33:42,594 INFO  L189       MonitoredProcess]: No working directory specified, using /home/anissa/.local/bin/z3
[2026-09-30 15:33:42,595 INFO  L229       MonitoredProcess]: Starting monitored process 18 with /home/anissa/.local/bin/z3 SMTLIB2_COMPLIANT=true -memory:1024 -smt2 -in -t:12000 (exit command is (exit), workingDir is null)
[2026-09-30 15:33:42,596 INFO  L327       MonitoredProcess]: [MP /home/anissa/.local/bin/z3 SMTLIB2_COMPLIANT=true -memory:1024 -smt2 -in -t:12000 (18)] Waiting until timeout for monitored process
[2026-09-30 15:33:42,597 INFO  L148   nArgumentSynthesizer]: Nontermination analysis: LINEAR Allow bounded executions: true Number of generalized eigenvectors: 0 Nilpotent components: true
[2026-09-30 15:33:42,597 INFO  L160   nArgumentSynthesizer]: Using integer mode.
[2026-09-30 15:33:42,612 INFO  L546       MonitoredProcess]: [MP /home/anissa/.local/bin/z3 SMTLIB2_COMPLIANT=true -memory:1024 -smt2 -in -t:12000 (18)] Ended with exit code 0
[2026-09-30 15:33:42,612 INFO  L173          SolverBuilder]: Constructing external solver with command: z3 SMTLIB2_COMPLIANT=true -memory:1024 -smt2 -in -t:12000
[2026-09-30 15:33:42,613 INFO  L189       MonitoredProcess]: No working directory specified, using /home/anissa/.local/bin/z3
[2026-09-30 15:33:42,614 INFO  L229       MonitoredProcess]: Starting monitored process 19 with /home/anissa/.local/bin/z3 SMTLIB2_COMPLIANT=true -memory:1024 -smt2 -in -t:12000 (exit command is (exit), workingDir is null)
[2026-09-30 15:33:42,615 INFO  L327       MonitoredProcess]: [MP /home/anissa/.local/bin/z3 SMTLIB2_COMPLIANT=true -memory:1024 -smt2 -in -t:12000 (19)] Waiting until timeout for monitored process
[2026-09-30 15:33:42,616 INFO  L148   nArgumentSynthesizer]: Nontermination analysis: LINEAR Allow bounded executions: true Number of generalized eigenvectors: 3 Nilpotent components: true
[2026-09-30 15:33:42,616 INFO  L160   nArgumentSynthesizer]: Using integer mode.
[2026-09-30 15:33:42,639 INFO  L546       MonitoredProcess]: [MP /home/anissa/.local/bin/z3 SMTLIB2_COMPLIANT=true -memory:1024 -smt2 -in -t:12000 (19)] Ended with exit code 0
[2026-09-30 15:33:42,639 INFO  L422          LassoAnalysis]: Proving nontermination failed: No geometric nontermination argument exists.
[2026-09-30 15:33:42,639 INFO  L213          LassoAnalysis]: Preferences:
[2026-09-30 15:33:42,639 INFO  L125   ssoRankerPreferences]: Compute integeral hull: false
[2026-09-30 15:33:42,639 INFO  L126   ssoRankerPreferences]: Enable LassoPartitioneer: false
[2026-09-30 15:33:42,639 INFO  L127   ssoRankerPreferences]: Term annotations enabled: false
[2026-09-30 15:33:42,639 INFO  L128   ssoRankerPreferences]: Use exernal solver: true
[2026-09-30 15:33:42,639 INFO  L129   ssoRankerPreferences]: SMT solver command: z3 SMTLIB2_COMPLIANT=true -memory:1024 -smt2 -in -t:12000
[2026-09-30 15:33:42,639 INFO  L130   ssoRankerPreferences]: Dump SMT script to file: false
[2026-09-30 15:33:42,639 INFO  L131   ssoRankerPreferences]: Path of dumped script: 
[2026-09-30 15:33:42,639 INFO  L132   ssoRankerPreferences]: Filename of dumped script: AliasDarteFeautrierGonnord-SAS2010-counterex1b_true-termination.c_Iteration6_Lasso
[2026-09-30 15:33:42,639 INFO  L133   ssoRankerPreferences]: MapElimAlgo: Matthias
[2026-09-30 15:33:42,639 INFO  L250          LassoAnalysis]: Starting lasso preprocessing...
[2026-09-30 15:33:42,673 INFO  L270          LassoAnalysis]: Preprocessing complete.
[2026-09-30 15:33:42,673 INFO  L467          LassoAnalysis]: AK !! Using template 'affine'.
[2026-09-30 15:33:42,673 INFO  L173          SolverBuilder]: Constructing external solver with command: z3 SMTLIB2_COMPLIANT=true -memory:1024 -smt2 -in -t:12000
[2026-09-30 15:33:42,674 INFO  L189       MonitoredProcess]: No working directory specified, using /home/anissa/.local/bin/z3
[2026-09-30 15:33:42,675 INFO  L229       MonitoredProcess]: Starting monitored process 20 with /home/anissa/.local/bin/z3 SMTLIB2_COMPLIANT=true -memory:1024 -smt2 -in -t:12000 (exit command is (exit), workingDir is null)
[2026-09-30 15:33:42,676 INFO  L327       MonitoredProcess]: [MP /home/anissa/.local/bin/z3 SMTLIB2_COMPLIANT=true -memory:1024 -smt2 -in -t:12000 (20)] Waiting until timeout for monitored process
[2026-09-30 15:33:42,677 INFO  L126   nArgumentSynthesizer]: Termination Analysis Settings: Termination analysis: LINEARNumber of strict supporting invariants: 0Number of non-strict supporting invariants: 1Consider only non-deceasing supporting invariants: trueSimplify termination arguments: trueSimplify supporting invariants: trueOverapproximate stem: false
[2026-09-30 15:33:42,686 INFO  L344   nArgumentSynthesizer]: Template has degree 0.
[2026-09-30 15:33:42,686 INFO  L209   nArgumentSynthesizer]: 1 stem disjuncts
[2026-09-30 15:33:42,686 INFO  L210   nArgumentSynthesizer]: 2 loop disjuncts
[2026-09-30 15:33:42,686 INFO  L211   nArgumentSynthesizer]: 2 template conjuncts.
[2026-09-30 15:33:42,694 INFO  L409   nArgumentSynthesizer]: We have 16 Motzkin's Theorem applications.
[2026-09-30 15:33:42,694 INFO  L410   nArgumentSynthesizer]: A total of 4 supporting invariants were added.
[2026-09-30 15:33:42,714 INFO  L546       MonitoredProcess]: [MP /home/anissa/.local/bin/z3 SMTLIB2_COMPLIANT=true -memory:1024 -smt2 -in -t:12000 (20)] Ended with exit code 0
[2026-09-30 15:33:42,715 INFO  L507          LassoAnalysis]: Proving termination failed for this template and these settings.
[2026-09-30 15:33:42,715 INFO  L467          LassoAnalysis]: AK !! Using template '2-nested'.
[2026-09-30 15:33:42,715 INFO  L173          SolverBuilder]: Constructing external solver with command: z3 SMTLIB2_COMPLIANT=true -memory:1024 -smt2 -in -t:12000
[2026-09-30 15:33:42,715 INFO  L189       MonitoredProcess]: No working directory specified, using /home/anissa/.local/bin/z3
[2026-09-30 15:33:42,717 INFO  L229       MonitoredProcess]: Starting monitored process 21 with /home/anissa/.local/bin/z3 SMTLIB2_COMPLIANT=true -memory:1024 -smt2 -in -t:12000 (exit command is (exit), workingDir is null)
[2026-09-30 15:33:42,717 INFO  L327       MonitoredProcess]: [MP /home/anissa/.local/bin/z3 SMTLIB2_COMPLIANT=true -memory:1024 -smt2 -in -t:12000 (21)] Waiting until timeout for monitored process
[2026-09-30 15:33:42,718 INFO  L126   nArgumentSynthesizer]: Termination Analysis Settings: Termination analysis: LINEARNumber of strict supporting invariants: 0Number of non-strict supporting invariants: 1Consider only non-deceasing supporting invariants: trueSimplify termination arguments: trueSimplify supporting invariants: trueOverapproximate stem: false
[2026-09-30 15:33:42,728 INFO  L344   nArgumentSynthesizer]: Template has degree 0.
[2026-09-30 15:33:42,728 INFO  L209   nArgumentSynthesizer]: 1 stem disjuncts
[2026-09-30 15:33:42,728 INFO  L210   nArgumentSynthesizer]: 2 loop disjuncts
[2026-09-30 15:33:42,728 INFO  L211   nArgumentSynthesizer]: 3 template conjuncts.
[2026-09-30 15:33:42,741 INFO  L409   nArgumentSynthesizer]: We have 24 Motzkin's Theorem applications.
[2026-09-30 15:33:42,742 INFO  L410   nArgumentSynthesizer]: A total of 6 supporting invariants were added.
[2026-09-30 15:33:42,774 INFO  L534       MonitoredProcess]: [MP /home/anissa/.local/bin/z3 SMTLIB2_COMPLIANT=true -memory:1024 -smt2 -in -t:12000 (21)] Forceful destruction successful, exit code 0
[2026-09-30 15:33:42,774 INFO  L507          LassoAnalysis]: Proving termination failed for this template and these settings.
[2026-09-30 15:33:42,775 INFO  L467          LassoAnalysis]: AK !! Using template '3-nested'.
[2026-09-30 15:33:42,775 INFO  L173          SolverBuilder]: Constructing external solver with command: z3 SMTLIB2_COMPLIANT=true -memory:1024 -smt2 -in -t:12000
[2026-09-30 15:33:42,776 INFO  L189       MonitoredProcess]: No working directory specified, using /home/anissa/.local/bin/z3
[2026-09-30 15:33:42,777 INFO  L229       MonitoredProcess]: Starting monitored process 22 with /home/anissa/.local/bin/z3 SMTLIB2_COMPLIANT=true -memory:1024 -smt2 -in -t:12000 (exit command is (exit), workingDir is null)
[2026-09-30 15:33:42,778 INFO  L327       MonitoredProcess]: [MP /home/anissa/.local/bin/z3 SMTLIB2_COMPLIANT=true -memory:1024 -smt2 -in -t:12000 (22)] Waiting until timeout for monitored process
[2026-09-30 15:33:42,779 INFO  L126   nArgumentSynthesizer]: Termination Analysis Settings: Termination analysis: LINEARNumber of strict supporting invariants: 0Number of non-strict supporting invariants: 1Consider only non-deceasing supporting invariants: trueSimplify termination arguments: trueSimplify supporting invariants: trueOverapproximate stem: false
[2026-09-30 15:33:42,788 INFO  L344   nArgumentSynthesizer]: Template has degree 0.
[2026-09-30 15:33:42,788 INFO  L209   nArgumentSynthesizer]: 1 stem disjuncts
[2026-09-30 15:33:42,788 INFO  L210   nArgumentSynthesizer]: 2 loop disjuncts
[2026-09-30 15:33:42,788 INFO  L211   nArgumentSynthesizer]: 4 template conjuncts.
[2026-09-30 15:33:42,801 INFO  L409   nArgumentSynthesizer]: We have 32 Motzkin's Theorem applications.
[2026-09-30 15:33:42,801 INFO  L410   nArgumentSynthesizer]: A total of 8 supporting invariants were added.
[2026-09-30 15:33:42,843 INFO  L546       MonitoredProcess]: [MP /home/anissa/.local/bin/z3 SMTLIB2_COMPLIANT=true -memory:1024 -smt2 -in -t:12000 (22)] Ended with exit code 0
[2026-09-30 15:33:42,843 INFO  L507          LassoAnalysis]: Proving termination failed for this template and these settings.
[2026-09-30 15:33:42,844 INFO  L467          LassoAnalysis]: AK !! Using template '4-nested'.
[2026-09-30 15:33:42,844 INFO  L173          SolverBuilder]: Constructing external solver with command: z3 SMTLIB2_COMPLIANT=true -memory:1024 -smt2 -in -t:12000
[2026-09-30 15:33:42,845 INFO  L189       MonitoredProcess]: No working directory specified, using /home/anissa/.local/bin/z3
[2026-09-30 15:33:42,846 INFO  L229       MonitoredProcess]: Starting monitored process 23 with /home/anissa/.local/bin/z3 SMTLIB2_COMPLIANT=true -memory:1024 -smt2 -in -t:12000 (exit command is (exit), workingDir is null)
[2026-09-30 15:33:42,847 INFO  L327       MonitoredProcess]: [MP /home/anissa/.local/bin/z3 SMTLIB2_COMPLIANT=true -memory:1024 -smt2 -in -t:12000 (23)] Waiting until timeout for monitored process
[2026-09-30 15:33:42,848 INFO  L126   nArgumentSynthesizer]: Termination Analysis Settings: Termination analysis: LINEARNumber of strict supporting invariants: 0Number of non-strict supporting invariants: 1Consider only non-deceasing supporting invariants: trueSimplify termination arguments: trueSimplify supporting invariants: trueOverapproximate stem: false
[2026-09-30 15:33:42,858 INFO  L344   nArgumentSynthesizer]: Template has degree 0.
[2026-09-30 15:33:42,858 INFO  L209   nArgumentSynthesizer]: 1 stem disjuncts
[2026-09-30 15:33:42,858 INFO  L210   nArgumentSynthesizer]: 2 loop disjuncts
[2026-09-30 15:33:42,858 INFO  L211   nArgumentSynthesizer]: 5 template conjuncts.
[2026-09-30 15:33:42,876 INFO  L409   nArgumentSynthesizer]: We have 40 Motzkin's Theorem applications.
[2026-09-30 15:33:42,876 INFO  L410   nArgumentSynthesizer]: A total of 10 supporting invariants were added.
[2026-09-30 15:33:42,929 INFO  L546       MonitoredProcess]: [MP /home/anissa/.local/bin/z3 SMTLIB2_COMPLIANT=true -memory:1024 -smt2 -in -t:12000 (23)] Ended with exit code 0
[2026-09-30 15:33:42,929 INFO  L507          LassoAnalysis]: Proving termination failed for this template and these settings.
[2026-09-30 15:33:42,929 INFO  L467          LassoAnalysis]: AK !! Using template '2-phase'.
[2026-09-30 15:33:42,929 INFO  L173          SolverBuilder]: Constructing external solver with command: z3 SMTLIB2_COMPLIANT=true -memory:1024 -smt2 -in -t:12000
[2026-09-30 15:33:42,930 INFO  L189       MonitoredProcess]: No working directory specified, using /home/anissa/.local/bin/z3
[2026-09-30 15:33:42,931 INFO  L229       MonitoredProcess]: Starting monitored process 24 with /home/anissa/.local/bin/z3 SMTLIB2_COMPLIANT=true -memory:1024 -smt2 -in -t:12000 (exit command is (exit), workingDir is null)
[2026-09-30 15:33:42,932 INFO  L327       MonitoredProcess]: [MP /home/anissa/.local/bin/z3 SMTLIB2_COMPLIANT=true -memory:1024 -smt2 -in -t:12000 (24)] Waiting until timeout for monitored process
[2026-09-30 15:33:42,933 INFO  L126   nArgumentSynthesizer]: Termination Analysis Settings: Termination analysis: LINEARNumber of strict supporting invariants: 0Number of non-strict supporting invariants: 1Consider only non-deceasing supporting invariants: trueSimplify termination arguments: trueSimplify supporting invariants: trueOverapproximate stem: false
[2026-09-30 15:33:42,943 WARN  L339   nArgumentSynthesizer]: Using a linear SMT query and a templates of degree > 0, hence this method is incomplete.
[2026-09-30 15:33:42,943 INFO  L344   nArgumentSynthesizer]: Template has degree 1.
[2026-09-30 15:33:42,943 INFO  L209   nArgumentSynthesizer]: 1 stem disjuncts
[2026-09-30 15:33:42,943 INFO  L210   nArgumentSynthesizer]: 2 loop disjuncts
[2026-09-30 15:33:42,943 INFO  L211   nArgumentSynthesizer]: 3 template conjuncts.
[2026-09-30 15:33:42,955 INFO  L409   nArgumentSynthesizer]: We have 24 Motzkin's Theorem applications.
[2026-09-30 15:33:42,955 INFO  L410   nArgumentSynthesizer]: A total of 6 supporting invariants were added.
[2026-09-30 15:33:43,000 INFO  L427   nArgumentSynthesizer]: Found a termination argument, trying to simplify.
[2026-09-30 15:33:43,128 INFO  L436   ModelExtractionUtils]: Simplification made 40 calls to the SMT solver.
[2026-09-30 15:33:43,129 INFO  L437   ModelExtractionUtils]: 75 out of 114 variables were initially zero. Simplification set additionally 34 variables to zero.
[2026-09-30 15:33:43,129 INFO  L173          SolverBuilder]: Constructing external solver with command: z3 SMTLIB2_COMPLIANT=true -memory:1024 -smt2 -in -t:12000
[2026-09-30 15:33:43,129 INFO  L189       MonitoredProcess]: No working directory specified, using /home/anissa/.local/bin/z3
[2026-09-30 15:33:43,131 INFO  L229       MonitoredProcess]: Starting monitored process 25 with /home/anissa/.local/bin/z3 SMTLIB2_COMPLIANT=true -memory:1024 -smt2 -in -t:12000 (exit command is (exit), workingDir is null)
[2026-09-30 15:33:43,132 INFO  L327       MonitoredProcess]: [MP /home/anissa/.local/bin/z3 SMTLIB2_COMPLIANT=true -memory:1024 -smt2 -in -t:12000 (25)] Waiting until timeout for monitored process
[2026-09-30 15:33:43,133 INFO  L443   nArgumentSynthesizer]: Simplifying supporting invariants...
[2026-09-30 15:33:43,147 INFO  L546       MonitoredProcess]: [MP /home/anissa/.local/bin/z3 SMTLIB2_COMPLIANT=true -memory:1024 -smt2 -in -t:12000 (25)] Ended with exit code 0
[2026-09-30 15:33:43,147 INFO  L446   nArgumentSynthesizer]: Removed 6 redundant supporting invariants from a total of 6.
[2026-09-30 15:33:43,151 INFO  L546       MonitoredProcess]: [MP /home/anissa/.local/bin/z3 SMTLIB2_COMPLIANT=true -memory:1024 -smt2 -in -t:12000 (24)] Ended with exit code 0
[2026-09-30 15:33:43,151 INFO  L495          LassoAnalysis]: Proved termination.
[2026-09-30 15:33:43,151 INFO  L496          LassoAnalysis]: Termination argument consisting of:
Ranking function 2-phase ranking function:
  f0 = -1*main_~y~0 + 1*main_~n~0
  f1 = 1*v_rep(ite main_#t~short6 1 0)_12
Supporting invariants []
[2026-09-30 15:33:43,152 INFO  L156   tatePredicateManager]: 0 out of 0 supporting invariants were superfluous and have been removed
[2026-09-30 15:33:43,591 WARN  L873   BoogieBacktranslator]: Unfinished Backtranslation: Expression type not yet supported in backtranslation: IfThenElseExpression
[2026-09-30 15:33:43,591 WARN  L873   BoogieBacktranslator]: Unfinished Backtranslation: Expression type not yet supported in backtranslation: IfThenElseExpression
[2026-09-30 15:33:43,597 INFO  L156       PredicateUnifier]: Initialized classic predicate unifier
[2026-09-30 15:33:43,601 INFO  L108    AnnotateAndAsserter]: Assert order NOT_INCREMENTALLY partitioned 20 statements into 1 equivalence classes.
[2026-09-30 15:33:43,607 INFO  L111    AnnotateAndAsserter]: Assert order NOT_INCREMENTALLY issued 1 check-sat command(s) and asserted 20 of 20 statements.
[2026-09-30 15:33:43,607 INFO  L114    AnnotateAndAsserter]: Assert order NOT_INCREMENTALLY issued 1 check-sat command(s)
[2026-09-30 15:33:43,607 INFO  L115    AnnotateAndAsserter]: Conjunction of SSA is unsat
[2026-09-30 15:33:43,607 INFO  L256         TraceCheckSpWp]: Trace formula consists of 99 conjuncts, 6 conjuncts are in the unsatisfiable core
[2026-09-30 15:33:43,608 INFO  L279         TraceCheckSpWp]: Computing forward predicates...
[2026-09-30 15:33:43,630 INFO  L108    AnnotateAndAsserter]: Assert order NOT_INCREMENTALLY partitioned 2 statements into 1 equivalence classes.
[2026-09-30 15:33:43,631 INFO  L111    AnnotateAndAsserter]: Assert order NOT_INCREMENTALLY issued 1 check-sat command(s) and asserted 2 of 2 statements.
[2026-09-30 15:33:43,631 INFO  L114    AnnotateAndAsserter]: Assert order NOT_INCREMENTALLY issued 1 check-sat command(s)
[2026-09-30 15:33:43,631 INFO  L115    AnnotateAndAsserter]: Conjunction of SSA is unsat
[2026-09-30 15:33:43,631 WARN  L254         TraceCheckSpWp]: Trace formula consists of 8 conjuncts, 8 conjuncts are in the unsatisfiable core
[2026-09-30 15:33:43,632 INFO  L279         TraceCheckSpWp]: Computing forward predicates...
[2026-09-30 15:33:43,656 INFO  L134       CoverageAnalysis]: Checked inductivity of 0 backedges. 0 proven. 0 refuted. 0 times theorem prover too weak. 0 trivial. 0 not checked.
[2026-09-30 15:33:43,656 INFO  L141   lantAutomatonBouncer]: Defining deterministic Buchi interpolant automaton with honda bouncer for stem and without honda bouncer for loop.2 stem predicates 2 loop predicates 
[2026-09-30 15:33:43,656 INFO  L69     BuchiDifferenceNCSB]: Start buchiDifferenceNCSB. First operand 38 states and 47 transitions. cyclomatic complexity: 13 Second operand  has 4 states, 4 states have (on average 3.25) internal successors, (13), 4 states have internal predecessors, (13), 1 states have call successors, (2), 2 states have call predecessors, (2), 1 states have return successors, (1), 1 states have call predecessors, (1), 1 states have call successors, (1)
[2026-09-30 15:33:43,680 INFO  L73     BuchiDifferenceNCSB]: Finished buchiDifferenceNCSB. First operand 38 states and 47 transitions. cyclomatic complexity: 13. Second operand  has 4 states, 4 states have (on average 3.25) internal successors, (13), 4 states have internal predecessors, (13), 1 states have call successors, (2), 2 states have call predecessors, (2), 1 states have return successors, (1), 1 states have call predecessors, (1), 1 states have call successors, (1) Result 50 states and 63 transitions. Complement of second has 6 states.
[2026-09-30 15:33:43,681 INFO  L140   InterpolantAutomaton]: Switched to read-only mode: Buchi interpolant automaton has 4 states 2 stem states 1 non-accepting loop states 1 accepting loop states 
[2026-09-30 15:33:43,681 INFO  L82        GeneralOperation]: Start removeUnreachable. Operand  has 4 states, 4 states have (on average 3.25) internal successors, (13), 4 states have internal predecessors, (13), 1 states have call successors, (2), 2 states have call predecessors, (2), 1 states have return successors, (1), 1 states have call predecessors, (1), 1 states have call successors, (1)
[2026-09-30 15:33:43,681 INFO  L88        GeneralOperation]: Finished removeUnreachable. Reduced from 4 states to 4 states and 13 transitions.
[2026-09-30 15:33:43,682 INFO  L85            BuchiAccepts]: Start buchiAccepts Operand 4 states and 13 transitions. Stem has 20 letters. Loop has 2 letters.
[2026-09-30 15:33:43,682 INFO  L117           BuchiAccepts]: Finished buchiAccepts.
[2026-09-30 15:33:43,682 INFO  L715   stractBuchiCegarLoop]: Bad chosen interpolant automaton: word not accepted
[2026-09-30 15:33:43,689 INFO  L156       PredicateUnifier]: Initialized classic predicate unifier
[2026-09-30 15:33:43,694 INFO  L108    AnnotateAndAsserter]: Assert order NOT_INCREMENTALLY partitioned 20 statements into 1 equivalence classes.
[2026-09-30 15:33:43,701 INFO  L111    AnnotateAndAsserter]: Assert order NOT_INCREMENTALLY issued 1 check-sat command(s) and asserted 20 of 20 statements.
[2026-09-30 15:33:43,701 INFO  L114    AnnotateAndAsserter]: Assert order NOT_INCREMENTALLY issued 1 check-sat command(s)
[2026-09-30 15:33:43,701 INFO  L115    AnnotateAndAsserter]: Conjunction of SSA is unsat
[2026-09-30 15:33:43,701 INFO  L256         TraceCheckSpWp]: Trace formula consists of 99 conjuncts, 6 conjuncts are in the unsatisfiable core
[2026-09-30 15:33:43,702 INFO  L279         TraceCheckSpWp]: Computing forward predicates...
[2026-09-30 15:33:43,724 INFO  L108    AnnotateAndAsserter]: Assert order NOT_INCREMENTALLY partitioned 2 statements into 1 equivalence classes.
[2026-09-30 15:33:43,725 INFO  L111    AnnotateAndAsserter]: Assert order NOT_INCREMENTALLY issued 1 check-sat command(s) and asserted 2 of 2 statements.
[2026-09-30 15:33:43,726 INFO  L114    AnnotateAndAsserter]: Assert order NOT_INCREMENTALLY issued 1 check-sat command(s)
[2026-09-30 15:33:43,726 INFO  L115    AnnotateAndAsserter]: Conjunction of SSA is unsat
[2026-09-30 15:33:43,726 WARN  L254         TraceCheckSpWp]: Trace formula consists of 8 conjuncts, 8 conjuncts are in the unsatisfiable core
[2026-09-30 15:33:43,726 INFO  L279         TraceCheckSpWp]: Computing forward predicates...
[2026-09-30 15:33:43,747 INFO  L134       CoverageAnalysis]: Checked inductivity of 0 backedges. 0 proven. 0 refuted. 0 times theorem prover too weak. 0 trivial. 0 not checked.
[2026-09-30 15:33:43,748 INFO  L141   lantAutomatonBouncer]: Defining deterministic Buchi interpolant automaton with honda bouncer for stem and with honda bouncer for loop.2 stem predicates 2 loop predicates 
[2026-09-30 15:33:43,748 INFO  L69     BuchiDifferenceNCSB]: Start buchiDifferenceNCSB. First operand 38 states and 47 transitions. cyclomatic complexity: 13 Second operand  has 4 states, 4 states have (on average 3.25) internal successors, (13), 4 states have internal predecessors, (13), 1 states have call successors, (2), 2 states have call predecessors, (2), 1 states have return successors, (1), 1 states have call predecessors, (1), 1 states have call successors, (1)
[2026-09-30 15:33:43,768 INFO  L73     BuchiDifferenceNCSB]: Finished buchiDifferenceNCSB. First operand 38 states and 47 transitions. cyclomatic complexity: 13. Second operand  has 4 states, 4 states have (on average 3.25) internal successors, (13), 4 states have internal predecessors, (13), 1 states have call successors, (2), 2 states have call predecessors, (2), 1 states have return successors, (1), 1 states have call predecessors, (1), 1 states have call successors, (1) Result 50 states and 63 transitions. Complement of second has 6 states.
[2026-09-30 15:33:43,769 INFO  L140   InterpolantAutomaton]: Switched to read-only mode: Buchi interpolant automaton has 4 states 2 stem states 1 non-accepting loop states 1 accepting loop states 
[2026-09-30 15:33:43,769 INFO  L82        GeneralOperation]: Start removeUnreachable. Operand  has 4 states, 4 states have (on average 3.25) internal successors, (13), 4 states have internal predecessors, (13), 1 states have call successors, (2), 2 states have call predecessors, (2), 1 states have return successors, (1), 1 states have call predecessors, (1), 1 states have call successors, (1)
[2026-09-30 15:33:43,769 INFO  L88        GeneralOperation]: Finished removeUnreachable. Reduced from 4 states to 4 states and 13 transitions.
[2026-09-30 15:33:43,769 INFO  L85            BuchiAccepts]: Start buchiAccepts Operand 4 states and 13 transitions. Stem has 20 letters. Loop has 2 letters.
[2026-09-30 15:33:43,769 INFO  L117           BuchiAccepts]: Finished buchiAccepts.
[2026-09-30 15:33:43,769 INFO  L715   stractBuchiCegarLoop]: Bad chosen interpolant automaton: word not accepted
[2026-09-30 15:33:43,775 INFO  L156       PredicateUnifier]: Initialized classic predicate unifier
[2026-09-30 15:33:43,778 INFO  L108    AnnotateAndAsserter]: Assert order NOT_INCREMENTALLY partitioned 20 statements into 1 equivalence classes.
[2026-09-30 15:33:43,783 INFO  L111    AnnotateAndAsserter]: Assert order NOT_INCREMENTALLY issued 1 check-sat command(s) and asserted 20 of 20 statements.
[2026-09-30 15:33:43,783 INFO  L114    AnnotateAndAsserter]: Assert order NOT_INCREMENTALLY issued 1 check-sat command(s)
[2026-09-30 15:33:43,783 INFO  L115    AnnotateAndAsserter]: Conjunction of SSA is unsat
[2026-09-30 15:33:43,783 INFO  L256         TraceCheckSpWp]: Trace formula consists of 99 conjuncts, 6 conjuncts are in the unsatisfiable core
[2026-09-30 15:33:43,784 INFO  L279         TraceCheckSpWp]: Computing forward predicates...
[2026-09-30 15:33:43,802 INFO  L108    AnnotateAndAsserter]: Assert order NOT_INCREMENTALLY partitioned 2 statements into 1 equivalence classes.
[2026-09-30 15:33:43,803 INFO  L111    AnnotateAndAsserter]: Assert order NOT_INCREMENTALLY issued 1 check-sat command(s) and asserted 2 of 2 statements.
[2026-09-30 15:33:43,803 INFO  L114    AnnotateAndAsserter]: Assert order NOT_INCREMENTALLY issued 1 check-sat command(s)
[2026-09-30 15:33:43,803 INFO  L115    AnnotateAndAsserter]: Conjunction of SSA is unsat
[2026-09-30 15:33:43,803 WARN  L254         TraceCheckSpWp]: Trace formula consists of 8 conjuncts, 8 conjuncts are in the unsatisfiable core
[2026-09-30 15:33:43,804 INFO  L279         TraceCheckSpWp]: Computing forward predicates...
[2026-09-30 15:33:43,821 INFO  L134       CoverageAnalysis]: Checked inductivity of 0 backedges. 0 proven. 0 refuted. 0 times theorem prover too weak. 0 trivial. 0 not checked.
[2026-09-30 15:33:43,821 INFO  L141   lantAutomatonBouncer]: Defining Buchi interpolant automaton with scrooge nondeterminism in stemwith honda bouncer for stem and without honda bouncer for loop.2 stem predicates 2 loop predicates 
[2026-09-30 15:33:43,821 INFO  L69     BuchiDifferenceNCSB]: Start buchiDifferenceNCSB. First operand 38 states and 47 transitions. cyclomatic complexity: 13 Second operand  has 4 states, 4 states have (on average 3.25) internal successors, (13), 4 states have internal predecessors, (13), 1 states have call successors, (2), 2 states have call predecessors, (2), 1 states have return successors, (1), 1 states have call predecessors, (1), 1 states have call successors, (1)
[2026-09-30 15:33:43,842 INFO  L73     BuchiDifferenceNCSB]: Finished buchiDifferenceNCSB. First operand 38 states and 47 transitions. cyclomatic complexity: 13. Second operand  has 4 states, 4 states have (on average 3.25) internal successors, (13), 4 states have internal predecessors, (13), 1 states have call successors, (2), 2 states have call predecessors, (2), 1 states have return successors, (1), 1 states have call predecessors, (1), 1 states have call successors, (1) Result 42 states and 53 transitions. Complement of second has 5 states.
[2026-09-30 15:33:43,842 INFO  L140   InterpolantAutomaton]: Switched to read-only mode: Buchi interpolant automaton has 4 states 2 stem states 1 non-accepting loop states 1 accepting loop states 
[2026-09-30 15:33:43,842 INFO  L82        GeneralOperation]: Start removeUnreachable. Operand  has 4 states, 4 states have (on average 3.25) internal successors, (13), 4 states have internal predecessors, (13), 1 states have call successors, (2), 2 states have call predecessors, (2), 1 states have return successors, (1), 1 states have call predecessors, (1), 1 states have call successors, (1)
[2026-09-30 15:33:43,842 INFO  L88        GeneralOperation]: Finished removeUnreachable. Reduced from 4 states to 4 states and 16 transitions.
[2026-09-30 15:33:43,842 INFO  L85            BuchiAccepts]: Start buchiAccepts Operand 4 states and 16 transitions. Stem has 20 letters. Loop has 2 letters.
[2026-09-30 15:33:43,843 INFO  L117           BuchiAccepts]: Finished buchiAccepts.
[2026-09-30 15:33:43,843 INFO  L85            BuchiAccepts]: Start buchiAccepts Operand 4 states and 16 transitions. Stem has 22 letters. Loop has 2 letters.
[2026-09-30 15:33:43,843 INFO  L117           BuchiAccepts]: Finished buchiAccepts.
[2026-09-30 15:33:43,843 INFO  L85            BuchiAccepts]: Start buchiAccepts Operand 4 states and 16 transitions. Stem has 20 letters. Loop has 4 letters.
[2026-09-30 15:33:43,843 INFO  L117           BuchiAccepts]: Finished buchiAccepts.
[2026-09-30 15:33:43,843 INFO  L82        GeneralOperation]: Start removeNonLiveStates. Operand 42 states and 53 transitions.
[2026-09-30 15:33:43,843 INFO  L131   ngComponentsAnalysis]: Automaton has 0 accepting balls. 0
[2026-09-30 15:33:43,844 INFO  L88        GeneralOperation]: Finished removeNonLiveStates. Reduced from 42 states to 0 states and 0 transitions.
[2026-09-30 15:33:43,844 INFO  L87         BuchiClosureNwa]: Accepting states before buchiClosure: 0
[2026-09-30 15:33:43,844 INFO  L106        BuchiClosureNwa]: Accepting states after buchiClosure: 0
[2026-09-30 15:33:43,844 INFO  L74         IsDeterministic]: Start isDeterministic. Operand 0 states and 0 transitions.
[2026-09-30 15:33:43,844 INFO  L81         IsDeterministic]: Finished isDeterministic. Operand is deterministic.
[2026-09-30 15:33:43,844 INFO  L218   hiAutomatonCegarLoop]: Abstraction has 0 states and 0 transitions.
[2026-09-30 15:33:43,844 INFO  L240   hiAutomatonCegarLoop]: Abstraction has 0 states and 0 transitions.
[2026-09-30 15:33:43,844 INFO  L457   stractBuchiCegarLoop]: Abstraction has 0 states and 0 transitions.
[2026-09-30 15:33:43,844 INFO  L362   stractBuchiCegarLoop]: ======== Iteration 7 ============
[2026-09-30 15:33:43,844 INFO  L73            BuchiIsEmpty]: Start buchiIsEmpty. Operand 0 states and 0 transitions.
[2026-09-30 15:33:43,844 INFO  L131   ngComponentsAnalysis]: Automaton has 0 accepting balls. 0
[2026-09-30 15:33:43,844 INFO  L88            BuchiIsEmpty]: Finished buchiIsEmpty Result is true
[2026-09-30 15:33:43,848 INFO  L201        PluginConnector]: Adding new model de.uni_freiburg.informatik.ultimate.plugins.generator.buchiautomizer CFG 30.09 03:33:43 BoogieIcfgContainer
[2026-09-30 15:33:43,848 INFO  L131        PluginConnector]: ------------------------ END BuchiAutomizer----------------------------
[2026-09-30 15:33:43,849 INFO  L158              Benchmark]: Toolchain (without parser) took 5984,63ms. Allocated memory was 536,9MB in the beginning and 1,1GB in the end (delta: 570,4MB). Free memory was 507,8MB in the beginning and 905,9MB in the end (delta: -398,1MB). Peak memory consumption was 174,2MB. Max. memory is 12,9GB.
[2026-09-30 15:33:43,849 INFO  L158              Benchmark]: CDTParser took 0,16ms. Allocated memory is still 536,9MB. Free memory is still 497,5MB. There was no memory consumed. Max. memory is 12,9GB.
[2026-09-30 15:33:43,849 INFO  L158              Benchmark]: CACSL2BoogieTranslator took 129,10ms. Allocated memory is still 536,9MB. Free memory was 507,8MB in the beginning and 493,7MB in the end (delta: 14,1MB). Peak memory consumption was 8,4MB. Max. memory is 12,9GB.
[2026-09-30 15:33:43,849 INFO  L158              Benchmark]: Boogie Preprocessor took 20,78ms. Allocated memory is still 536,9MB. Free memory was 493,7MB in the beginning and 491,8MB in the end (delta: 1,8MB). There was no memory consumed. Max. memory is 12,9GB.
[2026-09-30 15:33:43,849 INFO  L158              Benchmark]: IcfgBuilder took 174,23ms. Allocated memory is still 536,9MB. Free memory was 491,8MB in the beginning and 474,4MB in the end (delta: 17,5MB). Peak memory consumption was 16,8MB. Max. memory is 12,9GB.
[2026-09-30 15:33:43,849 INFO  L158              Benchmark]: BuchiAutomizer took 5657,30ms. Allocated memory was 536,9MB in the beginning and 1,1GB in the end (delta: 570,4MB). Free memory was 473,2MB in the beginning and 905,9MB in the end (delta: -432,7MB). Peak memory consumption was 149,0MB. Max. memory is 12,9GB.
[2026-09-30 15:33:43,850 INFO  L338   ainManager$Toolchain]: #######################  End [Toolchain 1] #######################
 --- Results ---
 * Results from de.uni_freiburg.informatik.ultimate.core:
  - StatisticsResult: Toolchain Benchmarks
    Benchmark results are:
 * CDTParser took 0,16ms. Allocated memory is still 536,9MB. Free memory is still 497,5MB. There was no memory consumed. Max. memory is 12,9GB.
 * CACSL2BoogieTranslator took 129,10ms. Allocated memory is still 536,9MB. Free memory was 507,8MB in the beginning and 493,7MB in the end (delta: 14,1MB). Peak memory consumption was 8,4MB. Max. memory is 12,9GB.
 * Boogie Preprocessor took 20,78ms. Allocated memory is still 536,9MB. Free memory was 493,7MB in the beginning and 491,8MB in the end (delta: 1,8MB). There was no memory consumed. Max. memory is 12,9GB.
 * IcfgBuilder took 174,23ms. Allocated memory is still 536,9MB. Free memory was 491,8MB in the beginning and 474,4MB in the end (delta: 17,5MB). Peak memory consumption was 16,8MB. Max. memory is 12,9GB.
 * BuchiAutomizer took 5657,30ms. Allocated memory was 536,9MB in the beginning and 1,1GB in the end (delta: 570,4MB). Free memory was 473,2MB in the beginning and 905,9MB in the end (delta: -432,7MB). Peak memory consumption was 149,0MB. Max. memory is 12,9GB.
 * Results from de.uni_freiburg.informatik.ultimate.plugins.generator.cacsl2boogietranslator:
  - GenericResult: Unfinished Backtranslation
    Unfinished Backtranslation: Unknown variable: ~unnamed0~0~true
  - GenericResult: Unfinished Backtranslation
    Unfinished Backtranslation: Expression type not yet supported in backtranslation: IfThenElseExpression
  - GenericResult: Unfinished Backtranslation
    Unfinished Backtranslation: Expression type not yet supported in backtranslation: IfThenElseExpression
 * Results from de.uni_freiburg.informatik.ultimate.plugins.generator.traceabstraction:
  - StatisticsResult: Constructed decomposition of program
    Your program was decomposed into 6 terminating modules (1 trivial, 3 deterministic, 2 nondeterministic). One deterministic module has affine ranking function null and consists of 5 locations. One deterministic module has affine ranking function (((long) 2 * y) + 1) and consists of 5 locations. One deterministic module has affine ranking function ((((long) 2 * n) + 1) + ((long) -2 * y)) and consists of 5 locations. One nondeterministic module has affine ranking function (((long) 2 * y) + 1) and consists of 5 locations. One nondeterministic module has 2-phase ranking function null, null and consists of 4 locations. 1 modules have a trivial ranking function, the largest among these consists of 2 locations.
  - StatisticsResult: Timing statistics
    BüchiAutomizer plugin needed 5.6s and 7 iterations.  TraceHistogramMax:3. Analysis of lassos took 3.1s. Construction of modules took 0.0s. Büchi inclusion checks took 0.8s. Highest rank in rank-based complementation 3. Minimization of det autom 2. Minimization of nondet autom 4. Automata minimization 0,0s AutomataMinimizationTime, 5 MinimizatonAttempts, 25 StatesRemovedByMinimization, 3 NontrivialMinimizations. Non-live state removal took 0.0s Buchi closure took 0.0s. Biggest automaton had -1 states and ocurred in iteration -1.	Nontrivial modules had stage [3, 0, 2, 0, 0].	InterpolantCoveringCapabilityFinite: 0/0	InterpolantCoveringCapabilityBuchi: 0/0	HoareTripleCheckerStatistics: 0 mSolverCounterUnknown, 161 SdHoareTripleChecker+Valid, 0,1s IncrementalHoareTripleChecker+Time, 0 mSdLazyCounter, 152 mSDsluCounter, 115 SdHoareTripleChecker+Invalid, 0,1s Time, 0 mProtectedAction, 0 SdHoareTripleChecker+Unchecked, 0 IncrementalHoareTripleChecker+Unchecked, 30 mSDsCounter, 45 IncrementalHoareTripleChecker+Valid, 0 mProtectedPredicate, 131 IncrementalHoareTripleChecker+Invalid, 176 SdHoareTripleChecker+Unknown, 0 mSolverCounterNotChecked, 45 mSolverCounterUnsat, 85 mSDtfsCounter, 131 mSolverCounterSat, 0,0s SdHoareTripleChecker+Time, 0 IncrementalHoareTripleChecker+Unknown	LassoAnalysisResults: nont0 unkn0 SFLI1 SFLT0 conc0 concLT0 SILN0 SILU0 SILI0 SILT0 lasso5 LassoPreprocessingBenchmarks:   Lassos: inital32 mio100 ax137 hnf100 arr100 mio100 div100 bol101 ite100 ukn100 eq149 hnf92 smp100 dnf107 smp100 tf100 neg100 sie100 LassoTerminationAnalysisBenchmarks: ConstraintsSatisfiability: unsat Degree: 0 Time: 81ms VariablesStem: 5 VariablesLoop: 7 DisjunctsStem: 1 DisjunctsLoop: 2 SupportingInvariants: 10 MotzkinApplications: 40 LassoTerminationAnalysisBenchmarks: LassoNonterminationAnalysisSatFixpoint: 0	LassoNonterminationAnalysisSatUnbounded: 0	LassoNonterminationAnalysisUnsat: 5	LassoNonterminationAnalysisUnknown: 0	LassoNonterminationAnalysisTime: 0.2s	InitialAbstractionConstructionTime: 0.0s
  - TerminationAnalysisResult: Termination proven
    Buchi Automizer proved that your program is terminating
RESULT: Ultimate proved your program to be correct!
[2026-09-30 15:33:43,857 INFO  L546       MonitoredProcess]: [MP /home/anissa/.local/bin/z3 SMTLIB2_COMPLIANT=true -memory:1024 -smt2 -in -t:12000 (1)] Ended with exit code 0
Received shutdown request...
