Program,Ext,Timeout (s),Ultimate-LR Verdict,Ultimate-LR Wall (ms),Ultimate-LR Plugin (ms),Ultimate-LR Lassos (ms),Ultimate-LR Iters,Ultimate-PL Verdict,Ultimate-PL Wall (ms),Ultimate-PL Plugin (ms),Ultimate-PL Lassos (ms),Ultimate-PL Iters,Ultimate-PL PaSTTeL Calls,Ultimate-PL PaSTTeL Success,Ultimate-PL No Result,Ultimate-PL Unmapped,Ultimate-PL Techniques,Agreement,Speedup (wall),Speedup (plugin)
4NestedWith3Variables-2.c,c,1000,TERMINATING,5366.00,700.00,500.00,2,TERMINATING,4690.00,700.00,500.00,2,1,1,0,0,RankingBased(2-4-MultiphaseTemplate),SAME,1.144,1.000
4NestedWith3Variables_true-termination.c,c,1000,TERMINATING,4746.00,700.00,500.00,2,TERMINATING,4834.00,700.00,500.00,2,1,1,0,0,RankingBased(2-4-MultiphaseTemplate),SAME,0.982,1.000
ACSL-InvariantAndContinue.c,c,1000,TERMINATING,4742.00,500.00,200.00,2,TERMINATING,4774.00,500.00,200.00,2,1,1,0,0,RankingBased(2-4-NestedTemplate),SAME,0.993,1.000
ACSL-array_loop_invariant.c,c,1000,NONTERMINATING,4984.00,500.00,500.00,1,NONTERMINATING,4866.00,500.00,400.00,1,0,0,0,0,-,SAME,1.024,1.000
ACSL-at.c,c,1000,NONTERMINATING,4799.00,400.00,400.00,1,NONTERMINATING,4814.00,400.00,400.00,1,0,0,0,0,-,SAME,0.997,1.000
ACSL-boolConversion.c,c,1000,NONTERMINATING,4435.00,100.00,100.00,1,NONTERMINATING,4429.00,100.00,100.00,1,0,0,0,0,-,SAME,1.001,1.000
Ackermann-1.c,c,1000,UNKNOWN,643555.00,-,-,-,UNKNOWN,823392.00,-,-,-,6,6,0,0,RankingBased(AffineTemplate),BOTH UNKNOWN,-,-
Ackermann-2.c,c,1000,UNKNOWN,837861.00,-,-,-,UNKNOWN,783925.00,-,-,-,6,6,0,0,RankingBased(2-4-NestedTemplate)|RankingBased(AffineTemplate),BOTH UNKNOWN,-,-
Ackermann01-1.c,c,1000,TERMINATING,21267.00,17000.00,8000.00,19,UNKNOWN,736474.00,-,-,-,6,6,0,0,RankingBased(AffineTemplate),Ultimate-LR ONLY,-,-
Ackermann01_true-termination.c,c,1000,UNKNOWN,665682.00,-,-,-,UNKNOWN,637445.00,-,-,-,7,7,0,0,RankingBased(2-4-NestedTemplate)|RankingBased(AffineTemplate),BOTH UNKNOWN,-,-
Ackermann02.c,c,1000,UNKNOWN,847135.00,-,-,-,UNKNOWN,782292.00,-,-,-,5,5,0,0,RankingBased(AffineTemplate),BOTH UNKNOWN,-,-
Ackermann03.c,c,1000,UNKNOWN,874244.00,-,-,-,UNKNOWN,748694.00,-,-,-,8,8,0,0,RankingBased(2-4-NestedTemplate)|RankingBased(AffineTemplate),BOTH UNKNOWN,-,-
Ackermann04.c,c,1000,UNKNOWN,894401.00,-,-,-,UNKNOWN,681976.00,-,-,-,5,5,0,0,RankingBased(AffineTemplate),BOTH UNKNOWN,-,-
Ackermann_false-termination.c,c,1000,NONTERMINATING,9474.00,1500.00,1400.00,1,NONTERMINATING,9074.00,1600.00,1500.00,1,0,0,0,0,-,SAME,1.044,0.938
Ackermann_false-termination_true-valid-memsafety.c,c,1000,NONTERMINATING,12402.00,3500.00,2200.00,2,NONTERMINATING,9729.00,2200.00,1800.00,2,1,1,0,0,RankingBased(AffineTemplate),SAME,1.275,1.591
Ackermann_true-termination.c,c,1000,TIMEOUT,447963.00,-,-,-,UNKNOWN,1000026.00,996400.00,6000.00,10,6,6,0,0,RankingBased(AffineTemplate),NEITHER,-,-
Acsl02-EnsuresLocal-Unsafe.c,c,1000,TERMINATING,4844.00,500.00,200.00,2,TERMINATING,5174.00,500.00,300.00,2,1,1,0,0,RankingBased(2-4-NestedTemplate),SAME,0.936,1.000
Acsl03-EnsuresGlobal-Safe.c,c,1000,TERMINATING,4840.00,500.00,300.00,2,TERMINATING,5310.00,500.00,300.00,2,1,1,0,0,RankingBased(AffineTemplate),SAME,0.911,1.000
Acsl04-EnsuresGlobal-Unsafe.c,c,1000,TERMINATING,5062.00,500.00,200.00,2,TERMINATING,5489.00,500.00,200.00,2,1,1,0,0,RankingBased(AffineTemplate),SAME,0.922,1.000
Addition01_true-termination.c,c,1000,TERMINATING,8563.00,3300.00,2000.00,4,TERMINATING,8396.00,3000.00,1000.00,4,3,3,0,0,RankingBased(2-4-NestedTemplate)|RankingBased(AffineTemplate),SAME,1.020,1.100
Addition01_true-unreach-call_true-termination.c,c,1000,TERMINATING,7625.00,1200.00,600.00,3,TERMINATING,5932.00,1300.00,700.00,3,2,2,0,0,RankingBased(AffineTemplate),SAME,1.285,0.923
Addition02.c,c,1000,TERMINATING,6172.00,1400.00,700.00,3,TERMINATING,6793.00,1300.00,700.00,3,2,2,0,0,RankingBased(AffineTemplate),SAME,0.909,1.077
Addition03-1.c,c,1000,TERMINATING,6679.00,2000.00,1100.00,4,TERMINATING,6698.00,1700.00,1000.00,4,3,3,0,0,RankingBased(AffineTemplate),SAME,0.997,1.176
Addition03-2.c,c,1000,TERMINATING,6248.00,1500.00,800.00,4,TERMINATING,7032.00,1800.00,1000.00,4,3,3,0,0,RankingBased(2-4-NestedTemplate)|RankingBased(AffineTemplate),SAME,0.889,0.833
AffineTerms.c,c,1000,NONTERMINATING,4448.00,300.00,200.00,1,NONTERMINATING,4533.00,300.00,200.00,1,0,0,0,0,-,SAME,0.981,1.000
AliasDarteFeautrierGonnord-SAS2010-Fig1.c,c,1000,TERMINATING,8154.00,3700.00,1800.00,9,TERMINATING,8128.00,3700.00,1800.00,9,7,7,0,0,RankingBased(2-4-LexicographicTemplate)|RankingBased(2-4-NestedTemplate)|RankingBased(AffineTemplate),SAME,1.003,1.000
AliasDarteFeautrierGonnord-SAS2010-Fig1_true-termination.c,c,1000,TERMINATING,8512.00,4000.00,2000.00,9,TERMINATING,11607.00,5600.00,2700.00,9,7,7,0,0,RankingBased(AffineTemplate),SAME,0.733,0.714
AliasDarteFeautrierGonnord-SAS2010-Fig2a.c,c,1000,TERMINATING,9932.00,3700.00,2500.00,5,TERMINATING,8440.00,2500.00,1400.00,5,3,3,0,0,RankingBased(2-4-MultiphaseTemplate)|RankingBased(AffineTemplate),SAME,1.177,1.480
AliasDarteFeautrierGonnord-SAS2010-Fig2a_true-termination.c,c,1000,TERMINATING,8936.00,3200.00,2200.00,5,TERMINATING,8105.00,2500.00,1300.00,5,3,3,0,0,RankingBased(2-4-MultiphaseTemplate)|RankingBased(2-4-NestedTemplate),SAME,1.103,1.280
AliasDarteFeautrierGonnord-SAS2010-Fig2b_true-termination.c,c,1000,TERMINATING,16519.00,11700.00,6400.00,16,TERMINATING,13769.00,9100.00,4800.00,14,12,12,0,0,RankingBased(2-4-MultiphaseTemplate)|RankingBased(2-4-NestedTemplate)|RankingBased(AffineTemplate),SAME,1.200,1.286
AliasDarteFeautrierGonnord-SAS2010-aaron2_true-termination.c,c,1000,TERMINATING,5393.00,800.00,500.00,2,TERMINATING,5685.00,800.00,500.00,2,1,1,0,0,RankingBased(AffineTemplate),SAME,0.949,1.000
AliasDarteFeautrierGonnord-SAS2010-aaron3.c,c,1000,TERMINATING,5879.00,900.00,700.00,2,TERMINATING,5183.00,800.00,600.00,2,1,1,0,0,RankingBased(2-4-MultiphaseTemplate),SAME,1.134,1.125
AliasDarteFeautrierGonnord-SAS2010-aaron3_true-termination.c,c,1000,TERMINATING,5775.00,900.00,700.00,2,TERMINATING,5374.00,800.00,600.00,2,1,1,0,0,RankingBased(2-4-MultiphaseTemplate),SAME,1.075,1.125
AliasDarteFeautrierGonnord-SAS2010-counterex1b.c,c,1000,TERMINATING,8096.00,3600.00,1800.00,7,TERMINATING,7935.00,3100.00,1500.00,7,5,5,0,0,RankingBased(2-4-MultiphaseTemplate)|RankingBased(2-4-NestedTemplate)|RankingBased(AffineTemplate),SAME,1.020,1.161
AliasDarteFeautrierGonnord-SAS2010-easy1.c,c,1000,TERMINATING,5287.00,500.00,300.00,2,TERMINATING,4861.00,500.00,300.00,2,1,1,0,0,RankingBased(AffineTemplate),SAME,1.088,1.000
AliasDarteFeautrierGonnord-SAS2010-easy1_true-termination.c,c,1000,TERMINATING,4957.00,600.00,300.00,2,TERMINATING,5401.00,600.00,400.00,2,1,1,0,0,RankingBased(2-4-NestedTemplate),SAME,0.918,1.000
AliasDarteFeautrierGonnord-SAS2010-easy2-1.c,c,1000,TERMINATING,5358.00,500.00,300.00,2,TERMINATING,4876.00,500.00,300.00,2,1,1,0,0,RankingBased(AffineTemplate),SAME,1.099,1.000
AliasDarteFeautrierGonnord-SAS2010-easy2_true-termination.c,c,1000,TERMINATING,4754.00,500.00,300.00,2,TERMINATING,5004.00,500.00,300.00,2,1,1,0,0,RankingBased(AffineTemplate),SAME,0.950,1.000
AliasDarteFeautrierGonnord-SAS2010-exmini_true-termination.c,c,1000,TERMINATING,5046.00,600.00,400.00,2,TERMINATING,4891.00,600.00,400.00,2,1,1,0,0,RankingBased(AffineTemplate),SAME,1.032,1.000
AliasDarteFeautrierGonnord-SAS2010-loops.c,c,1000,UNKNOWN,6248.00,1700.00,1500.00,2,UNKNOWN,8615.00,3800.00,3500.00,2,3,1,2,0,RankingBased(AffineTemplate),BOTH UNKNOWN,-,-
AliasDarteFeautrierGonnord-SAS2010-loops_true-termination.c,c,1000,UNKNOWN,6113.00,1800.00,1500.00,2,UNKNOWN,9465.00,4300.00,4000.00,2,3,1,2,0,RankingBased(AffineTemplate),BOTH UNKNOWN,-,-
AliasDarteFeautrierGonnord-SAS2010-ndecr_true-termination.c,c,1000,TERMINATING,4700.00,500.00,300.00,2,TERMINATING,4875.00,500.00,300.00,2,1,1,0,0,RankingBased(AffineTemplate),SAME,0.964,1.000
AliasDarteFeautrierGonnord-SAS2010-nestedLoop-2.c,c,1000,TERMINATING,7461.00,2800.00,1600.00,8,TERMINATING,8220.00,3500.00,1700.00,8,7,7,0,0,RankingBased(2-4-NestedTemplate)|RankingBased(AffineTemplate),SAME,0.908,0.800
AliasDarteFeautrierGonnord-SAS2010-random1d-1.c,c,1000,TERMINATING,5033.00,700.00,500.00,2,TERMINATING,5198.00,700.00,500.00,2,1,1,0,0,RankingBased(AffineTemplate),SAME,0.968,1.000
AliasDarteFeautrierGonnord-SAS2010-random1d-2.c,c,1000,TERMINATING,4978.00,700.00,500.00,2,TERMINATING,5039.00,700.00,500.00,2,1,1,0,0,RankingBased(AffineTemplate),SAME,0.988,1.000
AliasDarteFeautrierGonnord-SAS2010-random1d_true-termination.c,c,1000,TERMINATING,4935.00,700.00,500.00,2,TERMINATING,4981.00,700.00,500.00,2,1,1,0,0,RankingBased(AffineTemplate),SAME,0.991,1.000
AliasDarteFeautrierGonnord-SAS2010-random2d.c,c,1000,TERMINATING,5666.00,1400.00,1200.00,2,TERMINATING,7998.00,2400.00,1900.00,2,1,1,0,0,RankingBased(AffineTemplate),SAME,0.708,0.583
AliasDarteFeautrierGonnord-SAS2010-random2d_true-termination.c,c,1000,TERMINATING,8903.00,2200.00,2000.00,2,TERMINATING,5813.00,1200.00,900.00,2,1,1,0,0,RankingBased(AffineTemplate),SAME,1.532,1.833
AliasDarteFeautrierGonnord-SAS2010-rsd.c,c,1000,TERMINATING,6632.00,2000.00,1700.00,2,TERMINATING,12946.00,6300.00,6000.00,2,2,1,1,0,RankingBased(AffineTemplate),SAME,0.512,0.317
AliasDarteFeautrierGonnord-SAS2010-rsd_true-termination.c,c,1000,TERMINATING,6544.00,1900.00,1700.00,2,TERMINATING,10343.00,5800.00,5600.00,2,2,1,1,0,RankingBased(AffineTemplate),SAME,0.633,0.328
AliasDarteFeautrierGonnord-SAS2010-speedpldi2.c,c,1000,TERMINATING,5682.00,900.00,600.00,2,TERMINATING,5617.00,900.00,700.00,2,1,1,0,0,RankingBased(AffineTemplate),SAME,1.012,1.000
AliasDarteFeautrierGonnord-SAS2010-speedpldi2_true-termination.c,c,1000,TERMINATING,5457.00,900.00,700.00,2,TERMINATING,5253.00,900.00,700.00,2,1,1,0,0,RankingBased(AffineTemplate),SAME,1.039,1.000
AliasDarteFeautrierGonnord-SAS2010-speedpldi4_true-termination.c,c,1000,TERMINATING,5027.00,700.00,500.00,2,TERMINATING,5075.00,800.00,500.00,2,1,1,0,0,RankingBased(AffineTemplate),SAME,0.991,0.875
AliasDarteFeautrierGonnord-SAS2010-terminate.c,c,1000,TERMINATING,4854.00,600.00,400.00,2,TERMINATING,4909.00,600.00,400.00,2,1,1,0,0,RankingBased(2-4-NestedTemplate),SAME,0.989,1.000
AliasDarteFeautrierGonnord-SAS2010-terminate_true-termination.c,c,1000,TERMINATING,4800.00,500.00,400.00,2,TERMINATING,4808.00,600.00,400.00,2,1,1,0,0,RankingBased(AffineTemplate),SAME,0.998,0.833
AliasDarteFeautrierGonnord-SAS2010-while2_true-termination.c,c,1000,TERMINATING,5494.00,1300.00,700.00,4,TERMINATING,5614.00,1300.00,700.00,4,3,3,0,0,RankingBased(AffineTemplate),SAME,0.979,1.000
ArrayQuantifierEliminationBug07.c,c,1000,TERMINATING,6208.00,1600.00,1200.00,8,TERMINATING,6211.00,1600.00,1200.00,8,1,1,0,0,RankingBased(AffineTemplate),SAME,1.000,1.000
Arrays01-EquivalentConstantIndices_true-termination.c,c,1000,TERMINATING,5536.00,1000.00,700.00,2,TERMINATING,5432.00,900.00,700.00,2,1,1,0,0,RankingBased(AffineTemplate),SAME,1.019,1.111
Arrays02-EquivalentConstantIndices.c,c,1000,NONTERMINATING,4909.00,600.00,500.00,1,NONTERMINATING,4940.00,600.00,600.00,1,0,0,0,0,-,SAME,0.994,1.000
Arrays02-EquivalentConstantIndices_false-termination.c,c,1000,NONTERMINATING,4804.00,400.00,400.00,1,NONTERMINATING,4834.00,500.00,400.00,1,0,0,0,0,-,SAME,0.994,0.800
Arrays03-ValueRestictsIndex-2.c,c,1000,TIMEOUT,1000003.00,996000.00,937200.00,235,TIMEOUT,1000004.00,995800.00,936700.00,233,1,1,0,0,RankingBased(AffineTemplate),BOTH TIMEOUT,-,-
ArraysOfVariableLength.c,c,1000,UNKNOWN,41381.00,-,-,-,UNKNOWN,15338.00,-,-,-,3,3,0,0,RankingBased(2-4-NestedTemplate)|RankingBased(AffineTemplate),BOTH UNKNOWN,-,-
ArraysOfVariableLength5.c,c,1000,UNKNOWN,9987.00,-,-,-,UNKNOWN,9952.00,-,-,-,2,2,0,0,RankingBased(AffineTemplate),BOTH UNKNOWN,-,-
ArraysOfVariableLength6.c,c,1000,TIMEOUT,1000004.00,-,-,-,TIMEOUT,1000015.00,-,-,-,3,3,0,0,RankingBased(AffineTemplate),BOTH TIMEOUT,-,-
ArraysWithLenghtAtDeclaration.c,c,1000,UNKNOWN,14301.00,-,-,-,UNKNOWN,18050.00,-,-,-,3,3,0,0,RankingBased(2-4-NestedTemplate)|RankingBased(AffineTemplate),BOTH UNKNOWN,-,-
ArraysWithLenghtAtDeclaration_-read.c,c,1000,UNKNOWN,13015.00,-,-,-,UNKNOWN,10630.00,-,-,-,2,2,0,0,RankingBased(AffineTemplate),BOTH UNKNOWN,-,-
ArraysWithLenghtAtDeclaration_-write.c,c,1000,UNKNOWN,10286.00,-,-,-,UNKNOWN,10034.00,-,-,-,2,2,0,0,RankingBased(AffineTemplate),BOTH UNKNOWN,-,-
Avery-2006FLOPS-Tabel1_true-alloca.c,c,1000,UNKNOWN,16527.00,-,-,-,UNKNOWN,18343.00,-,-,-,1,1,0,0,RankingBased(AffineTemplate),BOTH UNKNOWN,-,-
Avery-FLOPS2006-Table1_true-termination.c,c,1000,TERMINATING,5045.00,800.00,500.00,3,TERMINATING,5187.00,900.00,600.00,3,2,2,0,0,RankingBased(2-4-NestedTemplate)|RankingBased(AffineTemplate),SAME,0.973,0.889
Avg_true.c,c,1000,TERMINATING,6701.00,2400.00,1200.00,5,TERMINATING,6885.00,2600.00,1300.00,5,4,4,0,0,RankingBased(AffineTemplate),SAME,0.973,0.923
Avg_true_true-termination.c,c,1000,TERMINATING,6791.00,2500.00,1200.00,5,TERMINATING,6842.00,2600.00,1300.00,5,4,4,0,0,RankingBased(AffineTemplate),SAME,0.993,0.962
Bangalore-1.c,c,1000,NONTERMINATING,4456.00,200.00,200.00,1,NONTERMINATING,4563.00,300.00,200.00,1,0,0,0,0,-,SAME,0.977,0.667
Bangalore-2.c,c,1000,TERMINATING,6162.00,1700.00,1100.00,2,TERMINATING,6489.00,700.00,400.00,2,1,1,0,0,RankingBased(AffineTemplate),SAME,0.950,2.429
Bangalore.c,c,1000,TERMINATING,5954.00,400.00,200.00,2,TERMINATING,4723.00,400.00,300.00,2,1,1,0,0,RankingBased(AffineTemplate),SAME,1.261,1.000
Bangalore_false-termination.c,c,1000,NONTERMINATING,4520.00,200.00,200.00,1,NONTERMINATING,4465.00,200.00,200.00,1,0,0,0,0,-,SAME,1.012,1.000
Bangalore_true-termination.c,c,1000,TERMINATING,4963.00,600.00,400.00,2,TERMINATING,4819.00,600.00,400.00,2,1,1,0,0,RankingBased(AffineTemplate),SAME,1.030,1.000
Bangalore_v2.c,c,1000,NONTERMINATING,4685.00,300.00,300.00,1,NONTERMINATING,6303.00,400.00,300.00,1,0,0,0,0,-,SAME,0.743,0.750
Bangalore_v2_false-termination.c,c,1000,NONTERMINATING,5292.00,500.00,500.00,1,NONTERMINATING,7179.00,200.00,200.00,1,0,0,0,0,-,SAME,0.737,2.500
Bangalore_v3.c,c,1000,NONTERMINATING,4971.00,200.00,200.00,1,NONTERMINATING,4572.00,200.00,200.00,1,0,0,0,0,-,SAME,1.087,1.000
Bangalore_v3_false-termination.c,c,1000,NONTERMINATING,5072.00,400.00,400.00,1,NONTERMINATING,4950.00,200.00,200.00,1,0,0,0,0,-,SAME,1.025,2.000
Ben-Amram-2010LMCS-Ex2.3-alloca_true-termination.c,c,1000,UNKNOWN,30777.00,-,-,-,UNKNOWN,25543.00,-,-,-,2,2,0,0,RankingBased(AffineTemplate),BOTH UNKNOWN,-,-
Benghazi.c,c,1000,TERMINATING,16741.00,4600.00,3800.00,2,TERMINATING,14155.00,1700.00,1100.00,2,1,1,0,0,RankingBased(2-4-NestedTemplate),SAME,1.183,2.706
Benghazi_nondet-1.c,c,1000,TERMINATING,6550.00,1000.00,600.00,2,TERMINATING,6054.00,800.00,500.00,2,1,1,0,0,RankingBased(2-4-NestedTemplate),SAME,1.082,1.250
Benghazi_nondet-2.c,c,1000,TERMINATING,6638.00,800.00,600.00,2,TERMINATING,7599.00,700.00,400.00,2,1,1,0,0,RankingBased(2-4-NestedTemplate),SAME,0.874,1.143
Benghazi_nondet_true-termination.c,c,1000,TERMINATING,6559.00,700.00,500.00,2,TERMINATING,5715.00,800.00,400.00,2,1,1,0,0,RankingBased(2-4-NestedTemplate),SAME,1.148,0.875
Benghazi_true-termination.c,c,1000,TERMINATING,5508.00,800.00,500.00,2,TERMINATING,5315.00,800.00,400.00,2,1,1,0,0,RankingBased(2-4-NestedTemplate),SAME,1.036,1.000
Binary_Search-1.c,c,1000,NONTERMINATING,8140.00,2900.00,1500.00,2,NONTERMINATING,7961.00,3200.00,1700.00,2,1,1,0,0,RankingBased(AffineTemplate),SAME,1.022,0.906
Binary_Search_true-termination.c,c,1000,NONTERMINATING,7758.00,3000.00,1600.00,2,NONTERMINATING,7363.00,2900.00,1900.00,2,1,1,0,0,RankingBased(AffineTemplate),SAME,1.054,1.034
BoolVsInt.c,c,1000,TERMINATING,6559.00,1900.00,1300.00,6,TERMINATING,5786.00,1200.00,800.00,6,1,1,0,0,RankingBased(AffineTemplate),SAME,1.134,1.583
BradleyMannaSipma-2005CAV-Fig1-modified-alloca_unknown-termination.c,c,1000,NONTERMINATING,9989.00,3000.00,2700.00,2,NONTERMINATING,6338.00,1600.00,1500.00,2,0,0,0,0,-,SAME,1.576,1.875
BradleyMannaSipma-2005ICALP-Fig1-alloca_unknown-termination.c,c,1000,NONTERMINATING,5810.00,1200.00,1200.00,1,NONTERMINATING,6999.00,1700.00,1600.00,1,0,0,0,0,-,SAME,0.830,0.706
BradleyMannaSipma-CAV2005-Fig1-modified.c,c,1000,NONTERMINATING,4958.00,300.00,200.00,1,NONTERMINATING,4830.00,300.00,300.00,1,0,0,0,0,-,SAME,1.027,1.000
BradleyMannaSipma-CAV2005-Fig1-modified_false-termination.c,c,1000,NONTERMINATING,4888.00,400.00,300.00,1,NONTERMINATING,5649.00,300.00,200.00,1,0,0,0,0,-,SAME,0.865,1.333
BradleyMannaSipma-CAV2005-Fig1.c,c,1000,TERMINATING,5132.00,900.00,700.00,2,TERMINATING,5286.00,800.00,600.00,2,1,1,0,0,RankingBased(AffineTemplate),SAME,0.971,1.125
BradleyMannaSipma-CAV2005-Fig1_true-termination.c,c,1000,TERMINATING,5253.00,1000.00,800.00,2,TERMINATING,5164.00,800.00,600.00,2,1,1,0,0,RankingBased(AffineTemplate),SAME,1.017,1.250
BrockschmidtCookFuhs-2013CAV-Fig1-alloca-2.c,c,1000,UNKNOWN,9201.00,-,-,-,UNKNOWN,13320.00,-,-,-,1,1,0,0,RankingBased(AffineTemplate),BOTH UNKNOWN,-,-
BrockschmidtCookFuhs-2013CAV-Fig1-alloca_true-termination.c,c,1000,UNKNOWN,19079.00,-,-,-,UNKNOWN,16710.00,-,-,-,3,3,0,0,RankingBased(AffineTemplate),BOTH UNKNOWN,-,-
BrockschmidtCookFuhs-2013CAV-Introduction-alloca-2.c,c,1000,TERMINATING,7334.00,3000.00,1700.00,2,TERMINATING,7306.00,2600.00,1400.00,2,1,1,0,0,RankingBased(2-4-NestedTemplate),SAME,1.004,1.154
BrockschmidtCookFuhs-2013CAV-Introduction-alloca_true-termination.c,c,1000,TERMINATING,6858.00,2400.00,1300.00,2,TERMINATING,8659.00,3800.00,2400.00,2,1,1,0,0,RankingBased(2-4-NestedTemplate),SAME,0.792,0.632
BrockschmidtCookFuhs-CAV2013-Fig1.c,c,1000,TERMINATING,6205.00,1700.00,1000.00,5,TERMINATING,6297.00,1900.00,1000.00,5,4,4,0,0,RankingBased(2-4-NestedTemplate)|RankingBased(AffineTemplate),SAME,0.985,0.895
BrockschmidtCookFuhs-CAV2013-Fig1_true-termination.c,c,1000,TERMINATING,6140.00,1800.00,1000.00,5,TERMINATING,7785.00,2900.00,1500.00,5,4,4,0,0,RankingBased(2-4-NestedTemplate)|RankingBased(AffineTemplate),SAME,0.789,0.621
BrockschmidtCookFuhs-CAV2013-Fig9a_true-termination.c,c,1000,TERMINATING,6969.00,2000.00,1200.00,5,TERMINATING,6444.00,2200.00,1200.00,5,4,4,0,0,RankingBased(2-4-NestedTemplate)|RankingBased(AffineTemplate),SAME,1.081,0.909
BrockschmidtCookFuhs-CAV2013-Introduction_true-termination.c,c,1000,TERMINATING,4798.00,500.00,300.00,2,TERMINATING,4732.00,500.00,300.00,2,1,1,0,0,RankingBased(2-4-NestedTemplate),SAME,1.014,1.000
BubblesortMallocWithSwapFunction_true-termination.c,c,1000,UNKNOWN,6971.00,-,-,-,UNKNOWN,7091.00,-,-,-,2,2,0,0,RankingBased(AffineTemplate),BOTH UNKNOWN,-,-
BubblesortWithSwapFunction_true-termination.c,c,1000,UNKNOWN,7059.00,-,-,-,UNKNOWN,6921.00,-,-,-,2,2,0,0,RankingBased(AffineTemplate),BOTH UNKNOWN,-,-
Bubblesort_true-termination.c,c,1000,TERMINATING,12983.00,8600.00,5900.00,8,TERMINATING,9905.00,5600.00,3800.00,7,4,4,0,0,RankingBased(2-4-NestedTemplate)|RankingBased(AffineTemplate),SAME,1.311,1.536
BugDoubleLabel.c,c,1000,TERMINATING,4569.00,400.00,200.00,2,TERMINATING,4735.00,500.00,200.00,2,1,1,0,0,RankingBased(AffineTemplate),SAME,0.965,0.800
BugInterproceduralSequentialComposition_Berlin.c,c,1000,NONTERMINATING,4825.00,600.00,600.00,1,NONTERMINATING,4852.00,600.00,600.00,1,0,0,0,0,-,SAME,0.994,1.000
BugInterproceduralSequentialComposition_SouthTyrol-minimized.c,c,1000,NONTERMINATING,4726.00,100.00,100.00,1,NONTERMINATING,5513.00,100.00,100.00,1,0,0,0,0,-,SAME,0.857,1.000
BugOldVars01-simplified.c,c,1000,TERMINATING,5389.00,800.00,500.00,2,TERMINATING,5037.00,800.00,500.00,2,1,1,0,0,RankingBased(2-4-NestedTemplate),SAME,1.070,1.000
BugRewriteArraysNullpointerException.c,c,1000,UNKNOWN,5818.00,-,-,-,UNKNOWN,5758.00,-,-,-,1,1,0,0,RankingBased(2-4-NestedTemplate),BOTH UNKNOWN,-,-
Cairo_nondet.c,c,1000,NONTERMINATING,24097.00,4000.00,3700.00,1,NONTERMINATING,14714.00,900.00,800.00,1,0,0,0,0,-,SAME,1.638,4.444
Cairo_nondet_false-termination.c,c,1000,NONTERMINATING,6015.00,900.00,800.00,1,NONTERMINATING,6296.00,400.00,400.00,1,0,0,0,0,-,SAME,0.955,2.250
Cairo_step2-1.c,c,1000,TERMINATING,6369.00,1300.00,1000.00,2,TERMINATING,5815.00,900.00,700.00,2,1,1,0,0,RankingBased(AffineTemplate),SAME,1.095,1.444
Cairo_step2-2.c,c,1000,NONTERMINATING,6204.00,1600.00,1600.00,1,NONTERMINATING,13862.00,9200.00,9200.00,1,1,0,1,0,-,SAME,0.448,0.174
Cairo_step2_false-termination.c,c,1000,NONTERMINATING,5932.00,1600.00,1500.00,1,NONTERMINATING,15103.00,10000.00,10000.00,1,1,0,1,0,-,SAME,0.393,0.160
ChawdharyCookGulwaniSagivYang-ESOP2008-aaron1.c,c,1000,TERMINATING,10230.00,5900.00,5700.00,2,TERMINATING,24071.00,19300.00,19100.00,2,2,1,1,0,RankingBased(AffineTemplate),SAME,0.425,0.306
ChawdharyCookGulwaniSagivYang-ESOP2008-aaron1_true-termination.c,c,1000,TERMINATING,10313.00,4800.00,4600.00,2,TERMINATING,27683.00,20400.00,20100.00,2,2,1,1,0,RankingBased(AffineTemplate),SAME,0.373,0.235
ChawdharyCookGulwaniSagivYang-ESOP2008-aaron2_true-termination.c,c,1000,TERMINATING,5250.00,600.00,400.00,2,TERMINATING,7618.00,1000.00,700.00,2,1,1,0,0,RankingBased(2-4-NestedTemplate),SAME,0.689,0.600
ChawdharyCookGulwaniSagivYang-ESOP2008-aaron3.c,c,1000,TERMINATING,5453.00,800.00,600.00,2,TERMINATING,8104.00,1900.00,1500.00,2,1,1,0,0,RankingBased(2-4-MultiphaseTemplate),SAME,0.673,0.421
ChawdharyCookGulwaniSagivYang-ESOP2008-aaron3_true-termination.c,c,1000,TERMINATING,5586.00,900.00,700.00,2,TERMINATING,8123.00,2300.00,1600.00,2,1,1,0,0,RankingBased(2-4-MultiphaseTemplate),SAME,0.688,0.391
ChawdharyCookGulwaniSagivYang-ESOP2008-aaron4.c,c,1000,TERMINATING,21140.00,14400.00,13400.00,2,TERMINATING,39339.00,33500.00,32700.00,2,2,1,1,0,RankingBased(2-4-NestedTemplate),SAME,0.537,0.430
ChawdharyCookGulwaniSagivYang-ESOP2008-aaron4_true-termination.c,c,1000,TERMINATING,22407.00,16000.00,15300.00,2,TERMINATING,58180.00,48200.00,45800.00,2,2,1,1,0,RankingBased(2-4-NestedTemplate),SAME,0.385,0.332
ChawdharyCookGulwaniSagivYang-ESOP2008-aaron6.c,c,1000,TERMINATING,23078.00,6400.00,5200.00,2,TERMINATING,25021.00,7400.00,5700.00,2,1,1,0,0,RankingBased(AffineTemplate),SAME,0.922,0.865
ChawdharyCookGulwaniSagivYang-ESOP2008-aaron6_true-termination.c,c,1000,TERMINATING,26082.00,8500.00,6800.00,2,TERMINATING,26060.00,7900.00,6400.00,2,1,1,0,0,RankingBased(AffineTemplate),SAME,1.001,1.076
ChawdharyCookGulwaniSagivYang-ESOP2008-easy1.c,c,1000,TERMINATING,24005.00,4800.00,3100.00,2,TERMINATING,23428.00,5100.00,3400.00,2,1,1,0,0,RankingBased(AffineTemplate),SAME,1.025,0.941
ChawdharyCookGulwaniSagivYang-ESOP2008-easy1_true-termination.c,c,1000,TERMINATING,8946.00,500.00,300.00,2,TERMINATING,6608.00,1100.00,700.00,2,1,1,0,0,RankingBased(AffineTemplate),SAME,1.354,0.455
ChawdharyCookGulwaniSagivYang-ESOP2008-easy2.c,c,1000,TERMINATING,6164.00,600.00,300.00,2,TERMINATING,5798.00,500.00,300.00,2,1,1,0,0,RankingBased(AffineTemplate),SAME,1.063,1.200
ChawdharyCookGulwaniSagivYang-ESOP2008-easy2_true-termination.c,c,1000,TERMINATING,4646.00,400.00,300.00,2,TERMINATING,5051.00,500.00,300.00,2,1,1,0,0,RankingBased(AffineTemplate),SAME,0.920,0.800
ChawdharyCookGulwaniSagivYang-ESOP2008-random1d_true-termination.c,c,1000,TERMINATING,5221.00,700.00,500.00,2,TERMINATING,5114.00,600.00,400.00,2,1,1,0,0,RankingBased(AffineTemplate),SAME,1.021,1.167
ChawdharyCookGulwaniSagivYang-ESOP2008-random2d.c,c,1000,TERMINATING,5582.00,1300.00,1100.00,2,TERMINATING,5863.00,1100.00,900.00,2,1,1,0,0,RankingBased(AffineTemplate),SAME,0.952,1.182
ChawdharyCookGulwaniSagivYang-ESOP2008-random2d_true-termination.c,c,1000,TERMINATING,8257.00,2100.00,1800.00,2,TERMINATING,8047.00,2100.00,1600.00,2,1,1,0,0,RankingBased(AffineTemplate),SAME,1.026,1.000
ChenCookFuhsNimkarOHearn-TACAS2014-Introduction.c,c,1000,NONTERMINATING,5654.00,600.00,500.00,1,NONTERMINATING,4644.00,200.00,200.00,1,0,0,0,0,-,SAME,1.217,3.000
ChenCookFuhsNimkarOHearn-TACAS2014-Introduction_false-termination.c,c,1000,NONTERMINATING,4546.00,300.00,200.00,1,NONTERMINATING,4514.00,200.00,200.00,1,0,0,0,0,-,SAME,1.007,1.500
ChenFlurMukhopadhyay-2012SAS-Fig1-alloca.c,c,1000,TERMINATING,10586.00,6000.00,3500.00,2,TERMINATING,14378.00,8200.00,4200.00,2,1,1,0,0,RankingBased(2-4-NestedTemplate),SAME,0.736,0.732
ChenFlurMukhopadhyay-2012SAS-Fig1-alloca_true-termination.c,c,1000,TERMINATING,12504.00,7800.00,5300.00,2,UNKNOWN,478864.00,-,-,-,1,1,0,0,RankingBased(2-4-NestedTemplate),Ultimate-LR ONLY,-,-
ChenFlurMukhopadhyay-SAS2012-Ex1.02.c,c,1000,TERMINATING,4918.00,600.00,400.00,2,TERMINATING,6152.00,600.00,400.00,2,1,1,0,0,RankingBased(AffineTemplate),SAME,0.799,1.000
ChenFlurMukhopadhyay-SAS2012-Ex1.02_true-termination.c,c,1000,TERMINATING,6473.00,500.00,300.00,2,TERMINATING,6212.00,1100.00,800.00,2,1,1,0,0,RankingBased(2-4-NestedTemplate),SAME,1.042,0.455
ChenFlurMukhopadhyay-SAS2012-Ex1.03_true-termination.c,c,1000,TERMINATING,6065.00,1500.00,900.00,2,TERMINATING,5782.00,500.00,300.00,2,1,1,0,0,RankingBased(AffineTemplate),SAME,1.049,3.000
ChenFlurMukhopadhyay-SAS2012-Ex1.04.c,c,1000,TERMINATING,6479.00,500.00,400.00,2,TERMINATING,6336.00,1400.00,800.00,2,1,1,0,0,RankingBased(AffineTemplate),SAME,1.023,0.357
ChenFlurMukhopadhyay-SAS2012-Ex2.01.c,c,1000,TERMINATING,5495.00,600.00,400.00,2,TERMINATING,6959.00,600.00,300.00,2,1,1,0,0,RankingBased(2-4-NestedTemplate),SAME,0.790,1.000
ChenFlurMukhopadhyay-SAS2012-Ex2.03.c,c,1000,NONTERMINATING,5320.00,600.00,600.00,1,NONTERMINATING,5636.00,200.00,200.00,1,0,0,0,0,-,SAME,0.944,3.000
ChenFlurMukhopadhyay-SAS2012-Ex2.03_false-termination.c,c,1000,NONTERMINATING,5863.00,400.00,300.00,1,NONTERMINATING,4783.00,200.00,200.00,1,0,0,0,0,-,SAME,1.226,2.000
ChenFlurMukhopadhyay-SAS2012-Ex2.04.c,c,1000,NONTERMINATING,6046.00,200.00,200.00,1,NONTERMINATING,4720.00,200.00,200.00,1,0,0,0,0,-,SAME,1.281,1.000
ChenFlurMukhopadhyay-SAS2012-Ex2.04_false-termination.c,c,1000,NONTERMINATING,6655.00,200.00,200.00,1,NONTERMINATING,5918.00,900.00,800.00,1,0,0,0,0,-,SAME,1.125,0.222
ChenFlurMukhopadhyay-SAS2012-Ex2.05.c,c,1000,NONTERMINATING,5748.00,300.00,200.00,1,NONTERMINATING,6326.00,300.00,300.00,1,0,0,0,0,-,SAME,0.909,1.000
ChenFlurMukhopadhyay-SAS2012-Ex2.05_false-termination.c,c,1000,NONTERMINATING,4906.00,300.00,300.00,1,NONTERMINATING,6624.00,300.00,300.00,1,0,0,0,0,-,SAME,0.741,1.000
ChenFlurMukhopadhyay-SAS2012-Ex2.07.c,c,1000,TERMINATING,5090.00,600.00,400.00,2,TERMINATING,7103.00,700.00,400.00,2,1,1,0,0,RankingBased(2-4-MultiphaseTemplate),SAME,0.717,0.857
ChenFlurMukhopadhyay-SAS2012-Ex2.07_true-termination.c,c,1000,TERMINATING,5080.00,600.00,400.00,2,TERMINATING,7137.00,700.00,400.00,2,1,1,0,0,RankingBased(2-4-NestedTemplate),SAME,0.712,0.857
ChenFlurMukhopadhyay-SAS2012-Ex2.09.c,c,1000,TERMINATING,5335.00,600.00,400.00,2,TERMINATING,7667.00,1100.00,800.00,2,1,1,0,0,RankingBased(2-4-NestedTemplate),SAME,0.696,0.545
ChenFlurMukhopadhyay-SAS2012-Ex2.09_true-termination.c,c,1000,TERMINATING,5085.00,600.00,400.00,2,TERMINATING,7692.00,1500.00,800.00,2,1,1,0,0,RankingBased(2-4-NestedTemplate),SAME,0.661,0.400
ChenFlurMukhopadhyay-SAS2012-Ex2.10_true-termination.c,c,1000,TERMINATING,5454.00,500.00,300.00,2,TERMINATING,7929.00,500.00,300.00,2,1,1,0,0,RankingBased(2-4-NestedTemplate),SAME,0.688,1.000
ChenFlurMukhopadhyay-SAS2012-Ex2.12.c,c,1000,NONTERMINATING,5652.00,700.00,600.00,1,NONTERMINATING,6127.00,200.00,200.00,1,0,0,0,0,-,SAME,0.922,3.500
ChenFlurMukhopadhyay-SAS2012-Ex2.12_false-termination.c,c,1000,NONTERMINATING,5221.00,600.00,500.00,1,NONTERMINATING,6208.00,200.00,200.00,1,0,0,0,0,-,SAME,0.841,3.000
ChenFlurMukhopadhyay-SAS2012-Ex2.13.c,c,1000,TERMINATING,7690.00,1900.00,1300.00,2,TERMINATING,5279.00,600.00,300.00,2,1,1,0,0,RankingBased(2-4-NestedTemplate),SAME,1.457,3.167
ChenFlurMukhopadhyay-SAS2012-Ex2.13_true-termination.c,c,1000,TERMINATING,7859.00,600.00,400.00,2,TERMINATING,8406.00,1900.00,1000.00,2,1,1,0,0,RankingBased(2-4-MultiphaseTemplate),SAME,0.935,0.316
ChenFlurMukhopadhyay-SAS2012-Ex2.14.c,c,1000,NONTERMINATING,7943.00,700.00,600.00,1,NONTERMINATING,7122.00,200.00,200.00,1,0,0,0,0,-,SAME,1.115,3.500
ChenFlurMukhopadhyay-SAS2012-Ex2.14_false-termination.c,c,1000,NONTERMINATING,7349.00,700.00,700.00,1,NONTERMINATING,6659.00,600.00,500.00,1,0,0,0,0,-,SAME,1.104,1.167
ChenFlurMukhopadhyay-SAS2012-Ex2.15.c,c,1000,NONTERMINATING,7676.00,600.00,500.00,1,NONTERMINATING,8219.00,600.00,500.00,1,0,0,0,0,-,SAME,0.934,1.000
ChenFlurMukhopadhyay-SAS2012-Ex2.15_false-termination.c,c,1000,NONTERMINATING,12594.00,500.00,400.00,1,NONTERMINATING,14997.00,1700.00,1700.00,1,0,0,0,0,-,SAME,0.840,0.294
ChenFlurMukhopadhyay-SAS2012-Ex2.16.c,c,1000,TERMINATING,16379.00,2100.00,700.00,2,TERMINATING,19394.00,4000.00,2600.00,2,1,1,0,0,RankingBased(2-4-NestedTemplate),SAME,0.845,0.525
ChenFlurMukhopadhyay-SAS2012-Ex2.16_true-termination.c,c,1000,TERMINATING,18521.00,4300.00,3400.00,2,TERMINATING,19014.00,3500.00,1600.00,2,1,1,0,0,RankingBased(2-4-NestedTemplate),SAME,0.974,1.229
ChenFlurMukhopadhyay-SAS2012-Ex2.17.c,c,1000,NONTERMINATING,18654.00,3100.00,3000.00,1,NONTERMINATING,19655.00,3900.00,3900.00,1,0,0,0,0,-,SAME,0.949,0.795
ChenFlurMukhopadhyay-SAS2012-Ex2.17_false-termination.c,c,1000,NONTERMINATING,20687.00,2900.00,2800.00,1,NONTERMINATING,22033.00,4400.00,4200.00,1,0,0,0,0,-,SAME,0.939,0.659
ChenFlurMukhopadhyay-SAS2012-Ex2.18.c,c,1000,TERMINATING,23588.00,5000.00,3100.00,2,TERMINATING,21727.00,4500.00,2700.00,2,1,1,0,0,RankingBased(2-4-NestedTemplate),SAME,1.086,1.111
ChenFlurMukhopadhyay-SAS2012-Ex2.18_true-termination.c,c,1000,TERMINATING,10170.00,600.00,400.00,2,TERMINATING,6536.00,1300.00,500.00,2,1,1,0,0,RankingBased(2-4-MultiphaseTemplate),SAME,1.556,0.462
ChenFlurMukhopadhyay-SAS2012-Ex2.19.c,c,1000,TERMINATING,6952.00,800.00,500.00,2,TERMINATING,5433.00,500.00,300.00,2,1,1,0,0,RankingBased(2-4-MultiphaseTemplate),SAME,1.280,1.600
ChenFlurMukhopadhyay-SAS2012-Ex2.19_true-termination.c,c,1000,TERMINATING,5529.00,600.00,400.00,2,TERMINATING,6830.00,1300.00,800.00,2,1,1,0,0,RankingBased(2-4-MultiphaseTemplate),SAME,0.810,0.462
ChenFlurMukhopadhyay-SAS2012-Ex2.20_true-termination.c,c,1000,TERMINATING,6713.00,700.00,500.00,2,TERMINATING,5496.00,600.00,400.00,2,1,1,0,0,RankingBased(AffineTemplate),SAME,1.221,1.167
ChenFlurMukhopadhyay-SAS2012-Ex2.22_true-termination.c,c,1000,TERMINATING,6268.00,1600.00,1000.00,2,TERMINATING,6513.00,1300.00,600.00,2,1,1,0,0,RankingBased(2-4-NestedTemplate),SAME,0.962,1.231
ChenFlurMukhopadhyay-SAS2012-Ex3.01.c,c,1000,TERMINATING,6533.00,900.00,500.00,2,TERMINATING,5750.00,500.00,300.00,2,1,1,0,0,RankingBased(2-4-NestedTemplate),SAME,1.136,1.800
ChenFlurMukhopadhyay-SAS2012-Ex3.01_true-termination.c,c,1000,TERMINATING,4933.00,600.00,400.00,2,TERMINATING,4956.00,500.00,300.00,2,1,1,0,0,RankingBased(2-4-NestedTemplate),SAME,0.995,1.200
ChenFlurMukhopadhyay-SAS2012-Ex3.02.c,c,1000,NONTERMINATING,4594.00,300.00,200.00,1,NONTERMINATING,4516.00,300.00,200.00,1,0,0,0,0,-,SAME,1.017,1.000
ChenFlurMukhopadhyay-SAS2012-Ex3.02_false-termination.c,c,1000,NONTERMINATING,4420.00,200.00,200.00,1,NONTERMINATING,4984.00,400.00,400.00,1,0,0,0,0,-,SAME,0.887,0.500
ChenFlurMukhopadhyay-SAS2012-Ex3.03.c,c,1000,TERMINATING,6338.00,1000.00,600.00,2,TERMINATING,6074.00,600.00,400.00,2,1,1,0,0,RankingBased(2-4-NestedTemplate),SAME,1.043,1.667
ChenFlurMukhopadhyay-SAS2012-Ex3.03_true-termination.c,c,1000,TERMINATING,6566.00,1100.00,800.00,2,TERMINATING,6193.00,700.00,400.00,2,1,1,0,0,RankingBased(2-4-NestedTemplate),SAME,1.060,1.571
ChenFlurMukhopadhyay-SAS2012-Ex3.04.c,c,1000,TERMINATING,6570.00,600.00,400.00,2,TERMINATING,5578.00,1000.00,700.00,2,1,1,0,0,RankingBased(2-4-NestedTemplate),SAME,1.178,0.600
ChenFlurMukhopadhyay-SAS2012-Ex3.04_true-termination.c,c,1000,TERMINATING,5265.00,700.00,500.00,2,TERMINATING,6242.00,600.00,300.00,2,1,1,0,0,RankingBased(2-4-NestedTemplate),SAME,0.843,1.167
ChenFlurMukhopadhyay-SAS2012-Ex3.05_true-termination.c,c,1000,TERMINATING,6422.00,600.00,400.00,2,TERMINATING,6407.00,600.00,400.00,2,1,1,0,0,RankingBased(2-4-NestedTemplate),SAME,1.002,1.000
ChenFlurMukhopadhyay-SAS2012-Ex3.07.c,c,1000,TERMINATING,6613.00,900.00,600.00,2,TERMINATING,6714.00,1300.00,1000.00,2,1,1,0,0,RankingBased(2-4-NestedTemplate),SAME,0.985,0.692
ChenFlurMukhopadhyay-SAS2012-Ex3.07_true-termination.c,c,1000,TERMINATING,6910.00,2000.00,1500.00,2,TERMINATING,6046.00,700.00,400.00,2,1,1,0,0,RankingBased(2-4-NestedTemplate),SAME,1.143,2.857
ChenFlurMukhopadhyay-SAS2012-Ex3.08.c,c,1000,TERMINATING,7378.00,600.00,400.00,2,TERMINATING,6858.00,700.00,400.00,2,1,1,0,0,RankingBased(2-4-NestedTemplate),SAME,1.076,0.857
ChenFlurMukhopadhyay-SAS2012-Ex3.08_false-termination.c,c,1000,NONTERMINATING,6009.00,700.00,700.00,1,NONTERMINATING,5766.00,300.00,300.00,1,0,0,0,0,-,SAME,1.042,2.333
ChenFlurMukhopadhyay-SAS2012-Ex3.08_true-termination.c,c,1000,TERMINATING,7164.00,700.00,500.00,2,TERMINATING,7241.00,1100.00,800.00,2,1,1,0,0,RankingBased(2-4-NestedTemplate),SAME,0.989,0.636
ChenFlurMukhopadhyay-SAS2012-Ex3.09_true-termination.c,c,1000,TERMINATING,5862.00,1200.00,600.00,2,TERMINATING,7343.00,600.00,400.00,2,1,1,0,0,RankingBased(2-4-NestedTemplate),SAME,0.798,2.000
ChenFlurMukhopadhyay-SAS2012-Ex3.10.c,c,1000,TERMINATING,6744.00,1300.00,700.00,2,TERMINATING,6310.00,600.00,400.00,2,1,1,0,0,RankingBased(AffineTemplate),SAME,1.069,2.167
ChenFlurMukhopadhyay-SAS2012-Ex3.10_true-termination.c,c,1000,TERMINATING,7027.00,1300.00,800.00,2,TERMINATING,5718.00,600.00,400.00,2,1,1,0,0,RankingBased(AffineTemplate),SAME,1.229,2.167
ChenFlurMukhopadhyay-SAS2012-Ex4.01.c,c,1000,TERMINATING,7779.00,900.00,600.00,2,TERMINATING,5892.00,1000.00,500.00,2,1,1,0,0,RankingBased(2-4-NestedTemplate),SAME,1.320,0.900
ChenFlurMukhopadhyay-SAS2012-Ex4.01_false-termination.c,c,1000,NONTERMINATING,7010.00,300.00,300.00,1,NONTERMINATING,5037.00,300.00,300.00,1,0,0,0,0,-,SAME,1.392,1.000
ChenFlurMukhopadhyay-SAS2012-Ex4.01_true-termination.c,c,1000,TERMINATING,7987.00,1900.00,1300.00,2,TERMINATING,5487.00,600.00,400.00,2,1,1,0,0,RankingBased(2-4-NestedTemplate),SAME,1.456,3.167
ChenFlurMukhopadhyay-SAS2012-Fig1_true-termination.c,c,1000,TERMINATING,8333.00,1700.00,1100.00,2,TERMINATING,5279.00,600.00,400.00,2,1,1,0,0,RankingBased(2-4-NestedTemplate),SAME,1.579,2.833
ChoirNightTrezor02.c,c,1000,TERMINATING,7165.00,1400.00,800.00,2,TERMINATING,7398.00,1600.00,900.00,2,1,1,0,0,RankingBased(AffineTemplate),SAME,0.969,0.875
ColonSipma-TACAS2001-Fig1.c,c,1000,TERMINATING,20189.00,4600.00,3100.00,2,TERMINATING,20207.00,3300.00,2800.00,2,1,1,0,0,RankingBased(AffineTemplate),SAME,0.999,1.394
ColonSipma-TACAS2001-Fig1_true-termination.c,c,1000,TERMINATING,6609.00,1000.00,600.00,2,TERMINATING,6410.00,800.00,500.00,2,1,1,0,0,RankingBased(AffineTemplate),SAME,1.031,1.250
ComplInterv2.c,c,1000,NONTERMINATING,5648.00,500.00,500.00,1,NONTERMINATING,5179.00,300.00,300.00,1,0,0,0,0,-,SAME,1.091,1.667
ComplInterv3.c,c,1000,NONTERMINATING,4993.00,600.00,600.00,1,NONTERMINATING,5233.00,600.00,600.00,1,0,0,0,0,-,SAME,0.954,1.000
ComplInterv3_false-no-overflow_false-termination.c,c,1000,NONTERMINATING,5153.00,700.00,600.00,1,NONTERMINATING,5262.00,700.00,600.00,1,0,0,0,0,-,SAME,0.979,1.000
CompoundExpression01.c,c,1000,NONTERMINATING,4924.00,200.00,200.00,1,NONTERMINATING,5714.00,200.00,200.00,1,0,0,0,0,-,SAME,0.862,1.000
ConvLower.c,c,1000,NONTERMINATING,6408.00,200.00,100.00,1,NONTERMINATING,6340.00,500.00,500.00,1,0,0,0,0,-,SAME,1.011,0.400
CookSeeZuleger-2013TACAS-Fig3-alloca-2.c,c,1000,UNKNOWN,13909.00,-,-,-,UNKNOWN,13441.00,-,-,-,2,2,0,0,RankingBased(2-4-NestedTemplate)|RankingBased(AffineTemplate),BOTH UNKNOWN,-,-
CookSeeZuleger-2013TACAS-Fig3-alloca.c,c,1000,TERMINATING,14531.00,9900.00,8200.00,6,TERMINATING,14597.00,9600.00,8000.00,6,4,4,0,0,RankingBased(AffineTemplate),SAME,0.995,1.031
CookSeeZuleger-2013TACAS-Fig3-alloca_true-termination.c,c,1000,TERMINATING,14631.00,9500.00,7900.00,6,TERMINATING,15106.00,9200.00,7400.00,6,4,4,0,0,RankingBased(2-4-NestedTemplate)|RankingBased(AffineTemplate),SAME,0.969,1.033
CookSeeZuleger-2013TACAS-Fig7a-alloca-2.c,c,1000,UNKNOWN,18124.00,-,-,-,UNKNOWN,17558.00,-,-,-,2,2,0,0,RankingBased(AffineTemplate),BOTH UNKNOWN,-,-
CookSeeZuleger-2013TACAS-Fig7a-alloca.c,c,1000,UNKNOWN,20041.00,-,-,-,UNKNOWN,18088.00,-,-,-,3,3,0,0,RankingBased(AffineTemplate),BOTH UNKNOWN,-,-
CookSeeZuleger-2013TACAS-Fig7a-alloca_true-termination.c,c,1000,UNKNOWN,21946.00,-,-,-,UNKNOWN,18782.00,-,-,-,3,3,0,0,RankingBased(AffineTemplate),BOTH UNKNOWN,-,-
CookSeeZuleger-2013TACAS-Fig7b-alloca_true-termination.c,c,1000,UNKNOWN,24793.00,-,-,-,UNKNOWN,29420.00,-,-,-,6,6,0,0,RankingBased(2-4-NestedTemplate)|RankingBased(AffineTemplate),BOTH UNKNOWN,-,-
CookSeeZuleger-TACAS2013-Fig1.c,c,1000,TERMINATING,8218.00,900.00,600.00,2,TERMINATING,6091.00,1300.00,600.00,2,1,1,0,0,RankingBased(AffineTemplate),SAME,1.349,0.692
CookSeeZuleger-TACAS2013-Fig7b_true-termination.c,c,1000,TERMINATING,9295.00,2000.00,1500.00,2,TERMINATING,8463.00,3400.00,2900.00,2,1,1,0,0,RankingBased(AffineTemplate),SAME,1.098,0.588
CookSeeZuleger-TACAS2013-Fig8b.c,c,1000,TERMINATING,9161.00,2600.00,2300.00,2,TERMINATING,20179.00,12500.00,12000.00,2,2,1,1,0,RankingBased(2-4-LexicographicTemplate),SAME,0.454,0.208
CookSeeZuleger-TACAS2013-Fig8b_true-termination.c,c,1000,TERMINATING,11087.00,5600.00,5000.00,2,TERMINATING,26986.00,21000.00,20600.00,2,2,1,1,0,RankingBased(2-4-LexicographicTemplate),SAME,0.411,0.267
Copenhagen.c,c,1000,TERMINATING,4936.00,600.00,400.00,2,TERMINATING,5779.00,500.00,300.00,2,1,1,0,0,RankingBased(AffineTemplate),SAME,0.854,1.200
Copenhagen_true-termination.c,c,1000,TERMINATING,5454.00,500.00,400.00,2,TERMINATING,5836.00,500.00,300.00,2,1,1,0,0,RankingBased(AffineTemplate),SAME,0.935,1.000
CounterExp-4bit.c,c,1000,TERMINATING,35805.00,31100.00,30700.00,7,TERMINATING,46039.00,40500.00,40000.00,7,2,1,1,0,RankingBased(2-4-MultiphaseTemplate),SAME,0.778,0.768
Cousot.c,c,1000,NONTERMINATING,7612.00,800.00,600.00,2,NONTERMINATING,8188.00,2300.00,1600.00,2,1,1,0,0,RankingBased(AffineTemplate),SAME,0.930,0.348
Cousot_false-no-overflow_false-termination.c,c,1000,NONTERMINATING,5742.00,800.00,500.00,2,NONTERMINATING,8060.00,1100.00,700.00,2,1,1,0,0,RankingBased(AffineTemplate),SAME,0.712,0.727
DivMinus2.c,c,1000,TERMINATING,9793.00,5600.00,4200.00,8,TERMINATING,10366.00,5900.00,4500.00,8,8,6,2,2,RankingBased(AffineTemplate),SAME,0.945,0.949
Division-2.c,c,1000,NONTERMINATING,4696.00,200.00,100.00,1,NONTERMINATING,4473.00,200.00,200.00,1,0,0,0,0,-,SAME,1.050,1.000
Division_false-termination.c,c,1000,NONTERMINATING,4612.00,200.00,100.00,1,NONTERMINATING,4475.00,200.00,100.00,1,0,0,0,0,-,SAME,1.031,1.000
DownwardConversions.c,c,1000,NONTERMINATING,4402.00,100.00,100.00,1,NONTERMINATING,4513.00,100.00,100.00,1,0,0,0,0,-,SAME,0.975,1.000
Et1.c,c,1000,TERMINATING,5139.00,600.00,400.00,2,TERMINATING,5154.00,500.00,300.00,2,1,1,0,0,RankingBased(2-4-NestedTemplate),SAME,0.997,1.200
Et1_false-no-overflow_true-termination.c,c,1000,TERMINATING,4853.00,600.00,400.00,2,TERMINATING,4928.00,600.00,300.00,2,1,1,0,0,RankingBased(2-4-NestedTemplate),SAME,0.985,1.000
Et1_true.c,c,1000,TERMINATING,5267.00,1000.00,300.00,2,TERMINATING,5556.00,1000.00,400.00,2,1,1,0,0,RankingBased(2-4-NestedTemplate),SAME,0.948,1.000
Et2.c,c,1000,NONTERMINATING,4732.00,200.00,200.00,1,NONTERMINATING,4679.00,200.00,200.00,1,0,0,0,0,-,SAME,1.011,1.000
Et2_false-no-overflow_false-termination.c,c,1000,NONTERMINATING,4601.00,200.00,200.00,1,NONTERMINATING,4702.00,200.00,200.00,1,0,0,0,0,-,SAME,0.979,1.000
Et2_true.c,c,1000,TERMINATING,5641.00,1300.00,500.00,2,TERMINATING,6221.00,1500.00,500.00,2,1,1,0,0,RankingBased(2-4-NestedTemplate),SAME,0.907,0.867
Et2_true_true-termination.c,c,1000,TERMINATING,5917.00,1300.00,500.00,2,TERMINATING,6144.00,1400.00,400.00,2,1,1,0,0,RankingBased(2-4-NestedTemplate),SAME,0.963,0.929
Et3_true_true-termination.c,c,1000,TERMINATING,5618.00,1000.00,300.00,2,TERMINATING,6020.00,1000.00,300.00,2,1,1,0,0,RankingBased(2-4-NestedTemplate),SAME,0.933,1.000
Et4.c,c,1000,NONTERMINATING,5086.00,300.00,300.00,1,NONTERMINATING,4889.00,300.00,300.00,1,0,0,0,0,-,SAME,1.040,1.000
Et4_false-no-overflow_false-termination.c,c,1000,NONTERMINATING,4589.00,300.00,300.00,1,NONTERMINATING,4627.00,300.00,300.00,1,0,0,0,0,-,SAME,0.992,1.000
Et4_true.c,c,1000,TERMINATING,6329.00,1900.00,500.00,2,TERMINATING,6194.00,1600.00,600.00,2,1,1,0,0,RankingBased(2-4-NestedTemplate),SAME,1.022,1.188
Et4_true_true-termination.c,c,1000,TERMINATING,6556.00,1900.00,600.00,2,TERMINATING,6599.00,2000.00,600.00,2,1,1,0,0,RankingBased(2-4-NestedTemplate),SAME,0.993,0.950
Even.c,c,1000,NONTERMINATING,5014.00,500.00,500.00,1,NONTERMINATING,4936.00,500.00,400.00,1,0,0,0,0,-,SAME,1.016,1.000
EvenOdd01-1.c,c,1000,TERMINATING,6546.00,1900.00,1000.00,2,TERMINATING,6388.00,1700.00,900.00,2,1,1,0,0,RankingBased(AffineTemplate),SAME,1.025,1.118
EvenOdd01_true-termination.c,c,1000,TERMINATING,6047.00,1300.00,700.00,2,TERMINATING,5858.00,1200.00,700.00,2,1,1,0,0,RankingBased(AffineTemplate),SAME,1.032,1.083
EvenOdd01_true-unreach-call_true-termination.c,c,1000,TERMINATING,6030.00,1200.00,700.00,2,TERMINATING,5761.00,1200.00,600.00,2,1,1,0,0,RankingBased(AffineTemplate),SAME,1.047,1.000
Even_false-no-overflow_false-termination.c,c,1000,NONTERMINATING,4867.00,500.00,500.00,1,NONTERMINATING,4928.00,400.00,400.00,1,0,0,0,0,-,SAME,0.988,1.250
Ex01.c,c,1000,NONTERMINATING,5051.00,300.00,300.00,1,NONTERMINATING,4937.00,400.00,300.00,1,0,0,0,0,-,SAME,1.023,0.750
Ex01_false-no-overflow_false-termination.c,c,1000,NONTERMINATING,4734.00,300.00,300.00,1,NONTERMINATING,4949.00,400.00,400.00,1,0,0,0,0,-,SAME,0.957,0.750
Ex02.c,c,1000,NONTERMINATING,4462.00,200.00,200.00,1,NONTERMINATING,4722.00,200.00,200.00,1,0,0,0,0,-,SAME,0.945,1.000
Ex03.c,c,1000,NONTERMINATING,4459.00,200.00,200.00,1,NONTERMINATING,4526.00,200.00,200.00,1,0,0,0,0,-,SAME,0.985,1.000
Ex04.c,c,1000,NONTERMINATING,4563.00,300.00,300.00,1,NONTERMINATING,4821.00,400.00,300.00,1,0,0,0,0,-,SAME,0.946,0.750
Ex04_false-no-overflow_false-termination.c,c,1000,NONTERMINATING,4747.00,400.00,300.00,1,NONTERMINATING,4714.00,300.00,300.00,1,0,0,0,0,-,SAME,1.007,1.333
Ex05.c,c,1000,NONTERMINATING,4545.00,100.00,100.00,1,NONTERMINATING,4715.00,100.00,100.00,1,0,0,0,0,-,SAME,0.964,1.000
Ex06.c,c,1000,NONTERMINATING,4645.00,300.00,200.00,1,NONTERMINATING,4690.00,300.00,300.00,1,0,0,0,0,-,SAME,0.990,1.000
Ex07.c,c,1000,NONTERMINATING,5458.00,1100.00,600.00,3,NONTERMINATING,5715.00,1200.00,600.00,3,2,2,0,0,RankingBased(2-4-NestedTemplate)|RankingBased(AffineTemplate),SAME,0.955,0.917
Fibonacci01-2.c,c,1000,UNKNOWN,666712.00,-,-,-,UNKNOWN,569728.00,-,-,-,5,5,0,0,RankingBased(2-4-LexicographicTemplate)|RankingBased(2-4-NestedTemplate)|RankingBased(AffineTemplate),BOTH UNKNOWN,-,-
Fibonacci01_true-termination.c,c,1000,UNKNOWN,522853.00,-,-,-,UNKNOWN,607688.00,-,-,-,5,5,0,0,RankingBased(AffineTemplate),BOTH UNKNOWN,-,-
Fibonacci02.c,c,1000,TERMINATING,24752.00,19100.00,4600.00,14,TERMINATING,25694.00,20600.00,5400.00,14,12,12,0,0,RankingBased(2-4-NestedTemplate)|RankingBased(AffineTemplate),SAME,0.963,0.927
Fibonacci03.c,c,1000,TIMEOUT,1000011.00,996700.00,3200.00,7,TIMEOUT,1000022.00,994500.00,3600.00,7,5,5,0,0,RankingBased(2-4-NestedTemplate)|RankingBased(AffineTemplate),BOTH TIMEOUT,-,-
Fibonacci04-overflow.c,c,1000,UNKNOWN,649109.00,-,-,-,UNKNOWN,650173.00,-,-,-,5,5,0,0,RankingBased(2-4-NestedTemplate)|RankingBased(AffineTemplate),BOTH UNKNOWN,-,-
Fibonacci04.c,c,1000,TIMEOUT,1000012.00,999200.00,3400.00,7,TIMEOUT,1000021.00,995600.00,2800.00,7,5,5,0,0,RankingBased(2-4-NestedTemplate)|RankingBased(AffineTemplate),BOTH TIMEOUT,-,-
Fibonacci05-overflow.c,c,1000,UNKNOWN,596501.00,-,-,-,UNKNOWN,480740.00,-,-,-,5,5,0,0,RankingBased(2-4-NestedTemplate)|RankingBased(AffineTemplate),BOTH UNKNOWN,-,-
Fibonacci05.c,c,1000,TIMEOUT,1000008.00,999000.00,2900.00,7,TIMEOUT,1000036.00,992500.00,2900.00,7,5,5,0,0,RankingBased(2-4-NestedTemplate)|RankingBased(AffineTemplate),BOTH TIMEOUT,-,-
Flip.c,c,1000,NONTERMINATING,4468.00,200.00,200.00,1,NONTERMINATING,4408.00,200.00,200.00,1,0,0,0,0,-,SAME,1.014,1.000
ForLoopWithEmptyBody-Safe.c,c,1000,TERMINATING,4738.00,600.00,400.00,2,TERMINATING,4848.00,600.00,400.00,2,1,1,0,0,RankingBased(AffineTemplate),SAME,0.977,1.000
GCD-1.c,c,1000,NONTERMINATING,4598.00,300.00,300.00,1,NONTERMINATING,4664.00,300.00,200.00,1,0,0,0,0,-,SAME,0.986,1.000
GCD.c,c,1000,NONTERMINATING,4434.00,200.00,200.00,1,NONTERMINATING,4370.00,300.00,200.00,1,0,0,0,0,-,SAME,1.015,0.667
GCD2.c,c,1000,NONTERMINATING,4566.00,300.00,300.00,1,NONTERMINATING,4501.00,300.00,200.00,1,0,0,0,0,-,SAME,1.014,1.000
GasCake01_InvariantCheck.c,c,1000,NONTERMINATING,4306.00,100.00,100.00,1,NONTERMINATING,4386.00,100.00,100.00,1,0,0,0,0,-,SAME,0.982,1.000
GasCake02.c,c,1000,NONTERMINATING,7592.00,3200.00,3000.00,2,NONTERMINATING,7725.00,3200.00,3100.00,2,0,0,0,0,-,SAME,0.983,1.000
GasCake02_woNullCheck.c,c,1000,NONTERMINATING,6669.00,2200.00,2200.00,1,NONTERMINATING,6661.00,2200.00,2200.00,1,0,0,0,0,-,SAME,1.001,1.000
GasCake03.c,c,1000,NONTERMINATING,4701.00,400.00,300.00,1,NONTERMINATING,4700.00,400.00,300.00,1,0,0,0,0,-,SAME,1.000,1.000
GasCake04.c,c,1000,NONTERMINATING,4536.00,200.00,200.00,1,NONTERMINATING,4561.00,200.00,200.00,1,0,0,0,0,-,SAME,0.995,1.000
GasCake05.c,c,1000,NONTERMINATING,4975.00,200.00,200.00,1,NONTERMINATING,4954.00,200.00,200.00,1,0,0,0,0,-,SAME,1.004,1.000
GoannaDoubleFreeInt.c,c,1000,TERMINATING,4725.00,600.00,500.00,2,TERMINATING,4854.00,700.00,600.00,2,1,1,0,0,RankingBased(AffineTemplate),SAME,0.973,0.857
GopanReps-CAV2006-Fig1a.c,c,1000,TERMINATING,5260.00,1000.00,800.00,2,TERMINATING,4810.00,600.00,400.00,2,1,1,0,0,RankingBased(2-4-MultiphaseTemplate),SAME,1.094,1.667
GopanReps-CAV2006-Fig1a_true-termination.c.c,c,1000,TERMINATING,5157.00,1000.00,800.00,2,TERMINATING,5159.00,700.00,500.00,2,1,1,0,0,RankingBased(2-4-MultiphaseTemplate),SAME,1.000,1.429
Gothenburg-1.c,c,1000,TERMINATING,6153.00,1700.00,1500.00,2,TERMINATING,5512.00,1300.00,800.00,2,1,1,0,0,RankingBased(2-4-MultiphaseTemplate),SAME,1.116,1.308
Gothenburg-2.c,c,1000,TERMINATING,6644.00,1500.00,1300.00,2,TERMINATING,5502.00,1200.00,800.00,2,1,1,0,0,RankingBased(2-4-MultiphaseTemplate),SAME,1.208,1.250
Gothenburg_true-termination.c,c,1000,TERMINATING,5739.00,1500.00,1200.00,2,TERMINATING,6257.00,1700.00,1100.00,2,1,1,0,0,RankingBased(2-4-MultiphaseTemplate),SAME,0.917,0.882
GulavaniGulwani-CAV2008-Fig1a.c,c,1000,TERMINATING,6226.00,1800.00,1600.00,2,TERMINATING,6523.00,1000.00,600.00,2,1,1,0,0,RankingBased(2-4-MultiphaseTemplate),SAME,0.954,1.800
GulavaniGulwani-CAV2008-Fig1c.c,c,1000,TERMINATING,6248.00,1000.00,700.00,2,TERMINATING,5704.00,500.00,300.00,2,1,1,0,0,RankingBased(AffineTemplate),SAME,1.095,2.000
GulavaniGulwani-CAV2008-Fig1c_true-termination.c,c,1000,TERMINATING,5288.00,600.00,400.00,2,TERMINATING,5903.00,800.00,500.00,2,1,1,0,0,RankingBased(2-4-LexicographicTemplate),SAME,0.896,0.750
GulwaniJainKoskinen-2009PLDI-Fig1-alloca-2.c,c,1000,UNKNOWN,401956.00,-,-,-,TIMEOUT,1000003.00,995800.00,881500.00,35,3,3,0,0,RankingBased(AffineTemplate),NEITHER,-,-
GulwaniJainKoskinen-2009PLDI-Fig1-alloca_true-termination.c,c,1000,TIMEOUT,1000004.00,996100.00,995300.00,4,TIMEOUT,1000004.00,996000.00,995200.00,4,1,1,0,0,RankingBased(AffineTemplate),BOTH TIMEOUT,-,-
Hammereisenbach-AlternatingBranches_false-termination.c,c,1000,NONTERMINATING,6955.00,2700.00,2600.00,3,NONTERMINATING,10756.00,6400.00,6300.00,3,6,0,6,0,-,SAME,0.647,0.422
HarrisLalNoriRajamani-2010SAS-Fig1-alloca_true-termination.c,c,1000,TERMINATING,23074.00,18800.00,15200.00,8,TERMINATING,21169.00,16800.00,11100.00,7,1,1,0,0,RankingBased(AffineTemplate),SAME,1.090,1.119
HarrisLalNoriRajamani-2010SAS-Fig2-alloca_unknown-termination.c,c,1000,NONTERMINATING,6851.00,2400.00,1800.00,2,NONTERMINATING,7702.00,3200.00,1800.00,2,1,1,0,0,RankingBased(AffineTemplate),SAME,0.890,0.750
HarrisLalNoriRajamani-2010SAS-Fig3-alloca.c,c,1000,TERMINATING,5901.00,1500.00,1100.00,2,TERMINATING,6124.00,1700.00,1100.00,2,1,1,0,0,RankingBased(2-4-NestedTemplate),SAME,0.964,0.882
HarrisLalNoriRajamani-2010SAS-Fig3-alloca_true-termination.c,c,1000,TERMINATING,5871.00,1600.00,1100.00,2,TERMINATING,5896.00,1500.00,1100.00,2,1,1,0,0,RankingBased(AffineTemplate),SAME,0.996,1.067
HarrisLalNoriRajamani-SAS2010-Fig2.c,c,1000,NONTERMINATING,4728.00,400.00,400.00,1,NONTERMINATING,4713.00,400.00,400.00,1,0,0,0,0,-,SAME,1.003,1.000
HarrisLalNoriRajamani-SAS2010-Fig2_false-termination.c,c,1000,NONTERMINATING,4928.00,500.00,400.00,1,NONTERMINATING,5040.00,500.00,500.00,1,0,0,0,0,-,SAME,0.978,1.000
HarrisLalNoriRajamani-SAS2010-Fig3_true-termination.c,c,1000,TERMINATING,4898.00,600.00,300.00,2,TERMINATING,4937.00,700.00,300.00,2,1,1,0,0,RankingBased(2-4-NestedTemplate),SAME,0.992,0.857
HeizmannHoenickeLeikePodelski-ATVA2013-Fig1.c,c,1000,TERMINATING,4736.00,500.00,300.00,2,TERMINATING,4726.00,500.00,300.00,2,1,1,0,0,RankingBased(2-4-NestedTemplate),SAME,1.002,1.000
HeizmannHoenickeLeikePodelski-ATVA2013-Fig6.c,c,1000,TERMINATING,4714.00,600.00,300.00,2,TERMINATING,4741.00,500.00,300.00,2,1,1,0,0,RankingBased(AffineTemplate),SAME,0.994,1.200
HeizmannHoenickeLeikePodelski-ATVA2013-Fig6_true-termination.c,c,1000,TERMINATING,4786.00,500.00,400.00,2,TERMINATING,4830.00,500.00,300.00,2,1,1,0,0,RankingBased(2-4-NestedTemplate),SAME,0.991,1.000
HeizmannHoenickeLeikePodelski-ATVA2013-Fig7.c,c,1000,TERMINATING,15209.00,11000.00,10500.00,4,UNKNOWN,11273.00,-,-,-,2,2,0,0,RankingBased(AffineTemplate),Ultimate-LR ONLY,-,-
HeizmannHoenickeLeikePodelski-ATVA2013-Fig8_true-termination.c,c,1000,TERMINATING,5028.00,700.00,500.00,2,TERMINATING,4995.00,700.00,500.00,2,1,1,0,0,RankingBased(AffineTemplate),SAME,1.007,1.000
HenzingerJhalaMajumdarSutre-POPL2002-LockingExample.c,c,1000,NONTERMINATING,4624.00,300.00,200.00,1,NONTERMINATING,4650.00,300.00,200.00,1,0,0,0,0,-,SAME,0.994,1.000
HenzingerJhalaMajumdarSutre-POPL2002-LockingExample_false-termination.c,c,1000,NONTERMINATING,4552.00,300.00,200.00,1,NONTERMINATING,4551.00,200.00,200.00,1,0,0,0,0,-,SAME,1.000,1.500
KroeningSharyginaTsitovichWintersteiger-2010CAV-Fig1-alloca.c,c,1000,UNKNOWN,38351.00,-,-,-,UNKNOWN,29211.00,-,-,-,1,1,0,0,RankingBased(AffineTemplate),BOTH UNKNOWN,-,-
KroeningSharyginaTsitovichWintersteiger-2010CAV-Fig1-alloca_true-termination.c,c,1000,UNKNOWN,10122.00,-,-,-,UNKNOWN,10404.00,-,-,-,1,1,0,0,RankingBased(2-4-NestedTemplate),BOTH UNKNOWN,-,-
Krtek01.c,c,1000,NONTERMINATING,5953.00,400.00,400.00,1,NONTERMINATING,6161.00,400.00,400.00,1,0,0,0,0,-,SAME,0.966,1.000
LarrazOliverasRodriguez-CarbonellRubio-FMCAD2013-Fig1_true-termination.c,c,1000,TERMINATING,6915.00,2300.00,1300.00,7,TERMINATING,6402.00,2400.00,1300.00,7,6,6,0,0,RankingBased(2-4-MultiphaseTemplate)|RankingBased(2-4-NestedTemplate)|RankingBased(AffineTemplate),SAME,1.080,0.958
Lcm.c,c,1000,NONTERMINATING,4262.00,200.00,200.00,1,NONTERMINATING,4235.00,200.00,200.00,1,0,0,0,0,-,SAME,1.006,1.000
Lcm_false-no-overflow_false-termination.c,c,1000,NONTERMINATING,4230.00,200.00,200.00,1,NONTERMINATING,4304.00,200.00,200.00,1,0,0,0,0,-,SAME,0.983,1.000
LeUserDefRec_true.c,c,1000,TERMINATING,4527.00,500.00,300.00,2,TERMINATING,4720.00,600.00,300.00,2,1,1,0,0,RankingBased(AffineTemplate),SAME,0.959,0.833
LeeJonesBen-Amram-POPL2001-Ex1.c,c,1000,TERMINATING,5198.00,1200.00,800.00,2,TERMINATING,7541.00,3500.00,3200.00,2,2,1,1,0,RankingBased(AffineTemplate),SAME,0.689,0.343
LeeJonesBen-Amram-POPL2001-Ex2_true-termination.c,c,1000,TERMINATING,5323.00,1300.00,900.00,2,TERMINATING,8091.00,4000.00,3600.00,2,2,1,1,0,RankingBased(AffineTemplate),SAME,0.658,0.325
LeeJonesBen-Amram-POPL2001-Ex3_true-termination.c,c,1000,UNKNOWN,207290.00,-,-,-,UNKNOWN,250850.00,-,-,-,7,7,0,0,RankingBased(2-4-NestedTemplate)|RankingBased(AffineTemplate),BOTH UNKNOWN,-,-
LeeJonesBen-Amram-POPL2001-Ex4.c,c,1000,TERMINATING,7619.00,3500.00,1500.00,8,TERMINATING,8166.00,4100.00,1700.00,8,7,7,0,0,RankingBased(2-4-NestedTemplate)|RankingBased(AffineTemplate),SAME,0.933,0.854
LeeJonesBen-Amram-POPL2001-Ex4_true-termination.c,c,1000,TERMINATING,7641.00,3600.00,1500.00,8,TERMINATING,7957.00,3900.00,1700.00,8,7,7,0,0,RankingBased(2-4-MultiphaseTemplate)|RankingBased(2-4-NestedTemplate)|RankingBased(AffineTemplate),SAME,0.960,0.923
LeeJonesBen-Amram-POPL2001-Ex5.c,c,1000,UNKNOWN,27250.00,23200.00,22700.00,2,UNKNOWN,106507.00,102400.00,101800.00,2,5,1,4,0,RankingBased(2-4-NestedTemplate),BOTH UNKNOWN,-,-
LeeJonesBen-Amram-POPL2001-Ex6.c,c,1000,TERMINATING,5577.00,1500.00,900.00,3,TERMINATING,5619.00,1500.00,900.00,3,2,2,0,0,RankingBased(AffineTemplate),SAME,0.993,1.000
LeikeHeizmann-TACAS2014-Ex1.c,c,1000,TERMINATING,4585.00,600.00,400.00,2,TERMINATING,4552.00,500.00,400.00,2,1,1,0,0,RankingBased(AffineTemplate),SAME,1.007,1.200
LeikeHeizmann-TACAS2014-Ex1_true-termination.c,c,1000,TERMINATING,4562.00,600.00,400.00,2,TERMINATING,4538.00,500.00,300.00,2,1,1,0,0,RankingBased(AffineTemplate),SAME,1.005,1.200
LeikeHeizmann-TACAS2014-Ex7.c,c,1000,TERMINATING,4488.00,500.00,300.00,2,TERMINATING,4543.00,500.00,300.00,2,1,1,0,0,RankingBased(2-4-NestedTemplate),SAME,0.988,1.000
LeikeHeizmann-TACAS2014-Ex7_true-termination.c,c,1000,TERMINATING,4507.00,500.00,300.00,2,TERMINATING,4595.00,500.00,300.00,2,1,1,0,0,RankingBased(2-4-NestedTemplate),SAME,0.981,1.000
LeikeHeizmann-TACAS2014-Ex8_true-termination.c,c,1000,TERMINATING,4850.00,900.00,700.00,2,TERMINATING,4710.00,600.00,400.00,2,1,1,0,0,RankingBased(2-4-MultiphaseTemplate),SAME,1.030,1.500
LeikeHeizmann-TACAS2014-Fig1.c,c,1000,TERMINATING,4524.00,500.00,300.00,2,TERMINATING,4616.00,500.00,300.00,2,1,1,0,0,RankingBased(2-4-MultiphaseTemplate),SAME,0.980,1.000
LeikeHeizmann-TACAS2014-Fig1_true-termination.c,c,1000,TERMINATING,4582.00,500.00,300.00,2,TERMINATING,4574.00,500.00,300.00,2,1,1,0,0,RankingBased(2-4-NestedTemplate),SAME,1.002,1.000
LeikeHeizmann-WST2014-Ex9_true-termination.c,c,1000,TERMINATING,4443.00,400.00,200.00,2,TERMINATING,4415.00,400.00,200.00,2,1,1,0,0,RankingBased(2-4-NestedTemplate),SAME,1.006,1.000
LexIndexValue-Array-1.c,c,1000,TIMEOUT,1000003.00,996200.00,941600.00,243,TIMEOUT,1000003.00,996100.00,941000.00,207,1,1,0,0,RankingBased(AffineTemplate),BOTH TIMEOUT,-,-
LexIndexValue-Array_true-termination.c,c,1000,TIMEOUT,1000010.00,-,-,-,TERMINATING,55191.00,38300.00,18200.00,5,4,4,0,0,RankingBased(2-4-MultiphaseTemplate)|RankingBased(2-4-NestedTemplate)|RankingBased(AffineTemplate),Ultimate-PL ONLY,-,-
LexIndexValue-Pointer-2.c,c,1000,TIMEOUT,1000004.00,982600.00,919800.00,177,TIMEOUT,1000015.00,995300.00,935600.00,183,1,1,0,0,RankingBased(AffineTemplate),BOTH TIMEOUT,-,-
LexIndexValue-Pointer-3.c,c,1000,TIMEOUT,1000014.00,983900.00,908100.00,168,TIMEOUT,1000005.00,995000.00,936100.00,179,1,1,0,0,RankingBased(AffineTemplate),BOTH TIMEOUT,-,-
LexIndexValue-Pointer_true-termination.c,c,1000,TERMINATING,70086.00,62400.00,42400.00,7,TERMINATING,95334.00,78400.00,72900.00,5,3,1,2,0,RankingBased(AffineTemplate),SAME,0.735,0.796
Lobnya-Boolean-Reordered-1.c,c,1000,TERMINATING,28153.00,21500.00,21100.00,2,TERMINATING,90905.00,86000.00,85500.00,2,4,1,3,0,RankingBased(2-4-MultiphaseTemplate),SAME,0.310,0.250
Lobnya-Boolean-Reordered-2.c,c,1000,TERMINATING,51293.00,43500.00,42600.00,2,TERMINATING,124634.00,110000.00,108400.00,2,4,1,3,0,RankingBased(2-4-MultiphaseTemplate),SAME,0.412,0.395
Lobnya-Boolean-Reordered_true-termination.c,c,1000,TERMINATING,73998.00,57900.00,56000.00,2,TERMINATING,107941.00,90600.00,90300.00,2,4,1,3,0,RankingBased(2-4-MultiphaseTemplate),SAME,0.686,0.639
LogAG.c,c,1000,TERMINATING,5582.00,1300.00,800.00,4,TERMINATING,6819.00,1800.00,1100.00,4,3,3,0,0,RankingBased(2-4-NestedTemplate)|RankingBased(AffineTemplate),SAME,0.819,0.722
Loop-2.c,c,1000,NONTERMINATING,5788.00,400.00,300.00,1,NONTERMINATING,4901.00,200.00,200.00,1,0,0,0,0,-,SAME,1.181,2.000
Loop.c,c,1000,NONTERMINATING,6366.00,100.00,100.00,1,NONTERMINATING,5726.00,300.00,200.00,1,0,0,0,0,-,SAME,1.112,0.333
LoopWithoutStatements.c,c,1000,NONTERMINATING,6113.00,200.00,100.00,1,NONTERMINATING,5514.00,100.00,100.00,1,0,0,0,0,-,SAME,1.109,2.000
Loops.c,c,1000,TERMINATING,6627.00,1400.00,700.00,6,TERMINATING,7969.00,1400.00,800.00,6,5,5,0,0,RankingBased(AffineTemplate),SAME,0.832,1.000
Luxembourg.c,c,1000,TERMINATING,6313.00,1000.00,500.00,2,TERMINATING,6187.00,600.00,300.00,2,1,1,0,0,RankingBased(AffineTemplate),SAME,1.020,1.667
Madrid.c,c,1000,NONTERMINATING,5412.00,200.00,200.00,1,NONTERMINATING,6524.00,100.00,100.00,1,0,0,0,0,-,SAME,0.830,2.000
Madrid_false-termination.c,c,1000,NONTERMINATING,4389.00,100.00,100.00,1,NONTERMINATING,6998.00,200.00,100.00,1,0,0,0,0,-,SAME,0.627,0.500
Marbie1.c,c,1000,NONTERMINATING,17537.00,1900.00,1800.00,1,NONTERMINATING,20280.00,2700.00,2600.00,1,0,0,0,0,-,SAME,0.865,0.704
Marbie1_false-no-overflow_false-termination.c,c,1000,NONTERMINATING,19157.00,2300.00,2100.00,1,NONTERMINATING,19415.00,2100.00,2000.00,1,0,0,0,0,-,SAME,0.987,1.095
Marbie2.c,c,1000,NONTERMINATING,20058.00,2500.00,2400.00,1,NONTERMINATING,18625.00,2300.00,2100.00,1,0,0,0,0,-,SAME,1.077,1.087
Marbie2_false-no-overflow_false-termination.c,c,1000,NONTERMINATING,19987.00,3000.00,2700.00,1,NONTERMINATING,20188.00,2900.00,2800.00,1,0,0,0,0,-,SAME,0.990,1.034
Masse-VMCAI2014-Ex6.c,c,1000,TERMINATING,15158.00,2500.00,2100.00,2,TERMINATING,9987.00,4200.00,3900.00,2,2,1,1,0,RankingBased(AffineTemplate),SAME,1.518,0.595
Masse-VMCAI2014-Ex6_true-termination.c,c,1000,TERMINATING,6983.00,2200.00,1800.00,2,TERMINATING,8926.00,3900.00,3500.00,2,2,1,1,0,RankingBased(AffineTemplate),SAME,0.782,0.564
Masse-VMCAI2014-Fig1a.c,c,1000,TERMINATING,6415.00,1800.00,1500.00,2,TERMINATING,8092.00,3400.00,3100.00,2,2,1,1,0,RankingBased(AffineTemplate),SAME,0.793,0.529
Masse-VMCAI2014-Fig1a_true-termination.c,c,1000,TERMINATING,6160.00,1800.00,1500.00,2,TERMINATING,9432.00,3800.00,3600.00,2,2,1,1,0,RankingBased(AffineTemplate),SAME,0.653,0.474
Masse-alloca-3.c,c,1000,UNKNOWN,36345.00,19200.00,18300.00,2,UNKNOWN,64128.00,46000.00,45400.00,2,2,0,2,0,-,BOTH UNKNOWN,-,-
McCarthy91-1.c,c,1000,TERMINATING,16234.00,10700.00,2400.00,7,TERMINATING,17051.00,11500.00,2600.00,7,5,5,0,0,RankingBased(AffineTemplate),SAME,0.952,0.930
McCarthy91-2.c,c,1000,TERMINATING,15931.00,11100.00,2800.00,7,TERMINATING,15189.00,9800.00,2600.00,7,5,5,0,0,RankingBased(2-4-LexicographicTemplate)|RankingBased(AffineTemplate),SAME,1.049,1.133
McCarthy91.c,c,1000,TERMINATING,14698.00,9000.00,2300.00,7,TERMINATING,16579.00,10200.00,1700.00,7,5,5,0,0,RankingBased(2-4-NestedTemplate)|RankingBased(AffineTemplate),SAME,0.887,0.882
McCarthy91_Iteration.c,c,1000,TERMINATING,5585.00,1100.00,800.00,2,TERMINATING,7910.00,1100.00,800.00,2,1,1,0,0,RankingBased(2-4-MultiphaseTemplate),SAME,0.706,1.000
McCarthy91_Iteration_true-termination.c,c,1000,TERMINATING,6261.00,1600.00,1100.00,2,TERMINATING,7603.00,600.00,400.00,2,1,1,0,0,RankingBased(2-4-MultiphaseTemplate),SAME,0.823,2.667
McCarthy91_Recursion_true-termination.c,c,1000,TERMINATING,15287.00,10500.00,3100.00,8,TERMINATING,16808.00,10000.00,2500.00,8,5,5,0,0,RankingBased(AffineTemplate),SAME,0.910,1.050
MenloPark.c,c,1000,TERMINATING,20291.00,4900.00,2600.00,2,TERMINATING,20832.00,5400.00,3100.00,2,1,1,0,0,RankingBased(2-4-NestedTemplate),SAME,0.974,0.907
MenloPark_true-termination.c,c,1000,TERMINATING,19627.00,5400.00,3000.00,2,TERMINATING,22360.00,5300.00,2800.00,2,1,1,0,0,RankingBased(2-4-NestedTemplate),SAME,0.878,1.019
MicrosoftZuneBug_false-termination.c,c,1000,NONTERMINATING,5110.00,900.00,800.00,1,NONTERMINATING,5190.00,900.00,800.00,1,0,0,0,0,-,SAME,0.985,1.000
Middle.c,c,1000,NONTERMINATING,4639.00,400.00,400.00,1,NONTERMINATING,4634.00,400.00,400.00,1,0,0,0,0,-,SAME,1.001,1.000
Middle_false-no-overflow_false-termination.c,c,1000,NONTERMINATING,4573.00,400.00,400.00,1,NONTERMINATING,4639.00,400.00,400.00,1,0,0,0,0,-,SAME,0.986,1.000
MinusBuiltIn.c,c,1000,TERMINATING,4624.00,500.00,300.00,2,TERMINATING,4574.00,500.00,300.00,2,1,1,0,0,RankingBased(AffineTemplate),SAME,1.011,1.000
MinusBuiltIn_false-no-overflow.c,c,1000,TERMINATING,4555.00,500.00,300.00,2,TERMINATING,4903.00,700.00,400.00,2,1,1,0,0,RankingBased(AffineTemplate),SAME,0.929,0.714
MinusMin.c,c,1000,TERMINATING,5439.00,800.00,600.00,2,TERMINATING,5208.00,800.00,500.00,2,1,1,0,0,RankingBased(2-4-NestedTemplate),SAME,1.044,1.000
MinusMin_false-no-overflow_true-termination.c,c,1000,TERMINATING,5194.00,800.00,600.00,2,TERMINATING,4941.00,700.00,500.00,2,1,1,0,0,RankingBased(2-4-NestedTemplate),SAME,1.051,1.143
MirrorInterv.c,c,1000,NONTERMINATING,4486.00,500.00,500.00,1,NONTERMINATING,4336.00,500.00,500.00,1,0,0,0,0,-,SAME,1.035,1.000
MirrorIntervSim.c,c,1000,NONTERMINATING,4517.00,300.00,300.00,1,NONTERMINATING,4620.00,300.00,300.00,1,0,0,0,0,-,SAME,0.978,1.000
MirrorInterv_false-no-overflow_false-termination.c,c,1000,NONTERMINATING,4483.00,500.00,500.00,1,NONTERMINATING,4498.00,500.00,500.00,1,0,0,0,0,-,SAME,0.997,1.000
MultCommutative-2.c,c,1000,TERMINATING,6210.00,2000.00,1000.00,6,TERMINATING,6366.00,2200.00,1100.00,6,5,5,0,0,RankingBased(AffineTemplate),SAME,0.975,0.909
MutualRecursion_1a.c,c,1000,NONTERMINATING,5356.00,1200.00,800.00,3,NONTERMINATING,5819.00,1500.00,800.00,3,1,1,0,0,RankingBased(2-4-NestedTemplate),SAME,0.920,0.800
MutualRecursion_1a_false-termination.c,c,1000,NONTERMINATING,5326.00,1200.00,800.00,3,NONTERMINATING,5512.00,1300.00,800.00,3,1,1,0,0,RankingBased(AffineTemplate),SAME,0.966,0.923
MutualRecursion_1b.c,c,1000,UNKNOWN,870019.00,-,-,-,UNKNOWN,1000011.00,998200.00,4000.00,5,4,4,0,0,RankingBased(2-4-NestedTemplate)|RankingBased(AffineTemplate),BOTH UNKNOWN,-,-
MutualRecursion_1b_true-termination.c,c,1000,UNKNOWN,897654.00,-,-,-,UNKNOWN,918659.00,-,-,-,4,4,0,0,RankingBased(AffineTemplate),BOTH UNKNOWN,-,-
Mysore-1.c,c,1000,TERMINATING,4635.00,500.00,300.00,2,TERMINATING,4631.00,500.00,300.00,2,1,1,0,0,RankingBased(2-4-MultiphaseTemplate),SAME,1.001,1.000
Mysore-2.c,c,1000,TERMINATING,4674.00,500.00,400.00,2,TERMINATING,5929.00,1300.00,400.00,2,1,1,0,0,RankingBased(2-4-NestedTemplate),SAME,0.788,0.385
NO_00.c,c,1000,NONTERMINATING,4289.00,100.00,100.00,1,NONTERMINATING,4380.00,100.00,100.00,1,0,0,0,0,-,SAME,0.979,1.000
NO_01.c,c,1000,NONTERMINATING,4733.00,500.00,400.00,2,NONTERMINATING,4851.00,600.00,400.00,2,1,1,0,0,RankingBased(AffineTemplate),SAME,0.976,0.833
NO_02.c,c,1000,NONTERMINATING,4403.00,300.00,200.00,2,NONTERMINATING,4458.00,200.00,200.00,2,0,0,0,0,-,SAME,0.988,1.500
NO_03.c,c,1000,NONTERMINATING,4422.00,200.00,200.00,2,NONTERMINATING,4490.00,200.00,100.00,2,0,0,0,0,-,SAME,0.985,1.000
NO_04.c,c,1000,NONTERMINATING,5172.00,1000.00,600.00,5,NONTERMINATING,5258.00,1000.00,600.00,5,1,1,0,0,RankingBased(AffineTemplate),SAME,0.984,1.000
NO_10.c,c,1000,NONTERMINATING,4515.00,400.00,300.00,1,NONTERMINATING,4508.00,300.00,300.00,1,0,0,0,0,-,SAME,1.002,1.333
NO_10_false-no-overflow_false-termination.c,c,1000,NONTERMINATING,4529.00,400.00,300.00,1,NONTERMINATING,4603.00,400.00,300.00,1,0,0,0,0,-,SAME,0.984,1.000
NO_21.c,c,1000,NONTERMINATING,4345.00,100.00,100.00,1,NONTERMINATING,4381.00,100.00,100.00,1,0,0,0,0,-,SAME,0.992,1.000
NestedRecursion_1a-1.c,c,1000,NONTERMINATING,4954.00,600.00,400.00,2,NONTERMINATING,4939.00,600.00,500.00,2,0,0,0,0,-,SAME,1.003,1.000
NestedRecursion_1a-2.c,c,1000,NONTERMINATING,4733.00,600.00,400.00,2,NONTERMINATING,4992.00,600.00,500.00,2,0,0,0,0,-,SAME,0.948,1.000
NestedRecursion_1a_false-termination.c,c,1000,NONTERMINATING,4903.00,600.00,400.00,2,NONTERMINATING,4893.00,700.00,500.00,2,0,0,0,0,-,SAME,1.002,0.857
NestedRecursion_1b.c,c,1000,TERMINATING,10146.00,5900.00,1600.00,9,TERMINATING,10303.00,6000.00,1700.00,9,7,7,0,0,RankingBased(2-4-NestedTemplate)|RankingBased(AffineTemplate),SAME,0.985,0.983
NestedRecursion_1c_true-termination.c,c,1000,TERMINATING,6112.00,1800.00,600.00,4,TERMINATING,6336.00,2000.00,600.00,4,3,3,0,0,RankingBased(2-4-NestedTemplate)|RankingBased(AffineTemplate),SAME,0.965,0.900
NestedRecursion_1d.c,c,1000,TERMINATING,7865.00,3700.00,1100.00,8,TERMINATING,8152.00,3900.00,1200.00,8,5,5,0,0,RankingBased(2-4-NestedTemplate)|RankingBased(AffineTemplate),SAME,0.965,0.949
NestedRecursion_1d_true-termination.c,c,1000,TERMINATING,7955.00,3800.00,1100.00,8,TERMINATING,8407.00,4100.00,1200.00,8,5,5,0,0,RankingBased(2-4-NestedTemplate)|RankingBased(AffineTemplate),SAME,0.946,0.927
NestedRecursion_2a.c,c,1000,NONTERMINATING,4561.00,400.00,300.00,1,NONTERMINATING,4681.00,400.00,300.00,1,0,0,0,0,-,SAME,0.974,1.000
NestedRecursion_2a_false-termination.c,c,1000,NONTERMINATING,4571.00,400.00,300.00,1,NONTERMINATING,4614.00,400.00,300.00,1,0,0,0,0,-,SAME,0.991,1.000
NestedRecursion_2b.c,c,1000,NONTERMINATING,6194.00,2000.00,1200.00,4,NONTERMINATING,6156.00,2000.00,1200.00,4,2,2,0,0,RankingBased(AffineTemplate),SAME,1.006,1.000
NestedRecursion_2b_false-termination.c,c,1000,NONTERMINATING,6158.00,2000.00,1200.00,4,NONTERMINATING,6236.00,2000.00,1200.00,4,2,2,0,0,RankingBased(AffineTemplate),SAME,0.987,1.000
NestedRecursion_2c.c,c,1000,UNKNOWN,329937.00,-,-,-,UNKNOWN,344921.00,-,-,-,3,3,0,0,RankingBased(AffineTemplate),BOTH UNKNOWN,-,-
NonTermination2.c,c,1000,TERMINATING,4834.00,600.00,400.00,2,TERMINATING,4737.00,600.00,300.00,2,1,1,0,0,RankingBased(2-4-NestedTemplate),SAME,1.020,1.000
NonTermination3-1.c,c,1000,NONTERMINATING,13522.00,9200.00,8700.00,13,NONTERMINATING,13587.00,9300.00,8800.00,13,1,1,0,0,RankingBased(AffineTemplate),SAME,0.995,0.989
NonTermination3-2.c,c,1000,NONTERMINATING,12932.00,8700.00,8200.00,13,NONTERMINATING,13425.00,9000.00,8500.00,13,1,1,0,0,RankingBased(2-4-NestedTemplate),SAME,0.963,0.967
NonTermination3_false-termination.c,c,1000,NONTERMINATING,4851.00,600.00,500.00,2,NONTERMINATING,4997.00,700.00,600.00,2,0,0,0,0,-,SAME,0.971,0.857
NonTermination3_false-termination_true-valid-memsafety.c,c,1000,NONTERMINATING,4868.00,600.00,500.00,2,NONTERMINATING,4758.00,600.00,500.00,2,0,0,0,0,-,SAME,1.023,1.000
NonTerminationSimple2.c,c,1000,NONTERMINATING,4467.00,300.00,300.00,1,NONTERMINATING,4430.00,300.00,300.00,1,0,0,0,0,-,SAME,1.008,1.000
NonTerminationSimple2_false-termination.c,c,1000,NONTERMINATING,4544.00,400.00,300.00,1,NONTERMINATING,4559.00,300.00,300.00,1,0,0,0,0,-,SAME,0.997,1.333
NonTerminationSimple3.c,c,1000,NONTERMINATING,4355.00,200.00,200.00,1,NONTERMINATING,4495.00,200.00,200.00,1,0,0,0,0,-,SAME,0.969,1.000
NonTerminationSimple3_false-termination.c,c,1000,NONTERMINATING,4320.00,200.00,200.00,1,NONTERMINATING,4418.00,200.00,200.00,1,0,0,0,0,-,SAME,0.978,1.000
NonTerminationSimple4.c,c,1000,NONTERMINATING,4653.00,400.00,400.00,1,NONTERMINATING,4622.00,400.00,300.00,1,0,0,0,0,-,SAME,1.007,1.000
NonTerminationSimple4_false-termination.c,c,1000,NONTERMINATING,4625.00,400.00,400.00,1,NONTERMINATING,4560.00,400.00,400.00,1,0,0,0,0,-,SAME,1.014,1.000
NonTerminationSimple5.c,c,1000,NONTERMINATING,4651.00,400.00,400.00,1,NONTERMINATING,4709.00,400.00,400.00,1,0,0,0,0,-,SAME,0.988,1.000
NonTerminationSimple5_false-termination.c,c,1000,NONTERMINATING,4640.00,400.00,400.00,1,NONTERMINATING,4733.00,400.00,400.00,1,0,0,0,0,-,SAME,0.980,1.000
NonTerminationSimple6.c,c,1000,NONTERMINATING,4564.00,300.00,300.00,1,NONTERMINATING,4607.00,300.00,300.00,1,0,0,0,0,-,SAME,0.991,1.000
NonTerminationSimple6_false-termination.c,c,1000,NONTERMINATING,4514.00,300.00,300.00,1,NONTERMINATING,4481.00,300.00,200.00,1,0,0,0,0,-,SAME,1.007,1.000
NonTerminationSimple7.c,c,1000,NONTERMINATING,4414.00,200.00,200.00,1,NONTERMINATING,4426.00,200.00,200.00,1,0,0,0,0,-,SAME,0.997,1.000
NonTerminationSimple7_false-termination.c,c,1000,NONTERMINATING,4342.00,200.00,100.00,1,NONTERMINATING,4459.00,200.00,200.00,1,0,0,0,0,-,SAME,0.974,1.000
NonTerminationSimple8.c,c,1000,NONTERMINATING,5295.00,1000.00,1000.00,1,NONTERMINATING,5282.00,1000.00,900.00,1,0,0,0,0,-,SAME,1.002,1.000
NonTerminationSimple8_false-termination.c,c,1000,NONTERMINATING,5356.00,1000.00,1000.00,1,NONTERMINATING,5353.00,1100.00,1000.00,1,0,0,0,0,-,SAME,1.001,0.909
NonTerminationSimple9.c,c,1000,NONTERMINATING,4379.00,200.00,100.00,1,NONTERMINATING,4347.00,200.00,100.00,1,0,0,0,0,-,SAME,1.007,1.000
NonTerminationSimple9_false-termination.c,c,1000,NONTERMINATING,4349.00,200.00,100.00,1,NONTERMINATING,4403.00,200.00,100.00,1,0,0,0,0,-,SAME,0.988,1.000
NonterminatingForLoopSafe.c,c,1000,NONTERMINATING,4425.00,200.00,100.00,1,NONTERMINATING,4430.00,200.00,100.00,1,0,0,0,0,-,SAME,0.999,1.000
NoriSharma-2013FSE-Fig7-alloca-2.c,c,1000,TIMEOUT,1000003.00,996000.00,991900.00,4,TIMEOUT,1000003.00,995900.00,991900.00,4,2,2,0,0,RankingBased(AffineTemplate),BOTH TIMEOUT,-,-
NoriSharma-2013FSE-Fig7-alloca.c,c,1000,TIMEOUT,1000025.00,996100.00,991700.00,4,TIMEOUT,1000017.00,984800.00,979900.00,4,2,2,0,0,RankingBased(AffineTemplate),BOTH TIMEOUT,-,-
NoriSharma-2013FSE-Fig7-alloca_true-termination.c,c,1000,TIMEOUT,1000003.00,995900.00,992300.00,4,TIMEOUT,1000003.00,995900.00,992700.00,4,2,2,0,0,RankingBased(AffineTemplate),BOTH TIMEOUT,-,-
NoriSharma-2013FSE-Fig8-alloca-2.c,c,1000,UNKNOWN,77719.00,-,-,-,UNKNOWN,73250.00,-,-,-,2,2,0,0,RankingBased(AffineTemplate),BOTH UNKNOWN,-,-
NoriSharma-2013FSE-Fig8-alloca.c,c,1000,UNKNOWN,38448.00,-,-,-,UNKNOWN,42165.00,-,-,-,2,2,0,0,RankingBased(AffineTemplate),BOTH UNKNOWN,-,-
NoriSharma-2013FSE-Fig8-alloca_true-termination.c,c,1000,UNKNOWN,37284.00,-,-,-,UNKNOWN,40174.00,-,-,-,2,2,0,0,RankingBased(AffineTemplate),BOTH UNKNOWN,-,-
NoriSharma-FSE2013-Fig7_true-termination.c,c,1000,TERMINATING,5309.00,1100.00,900.00,2,TERMINATING,4929.00,700.00,500.00,2,1,1,0,0,RankingBased(2-4-MultiphaseTemplate),SAME,1.077,1.571
NoriSharma-FSE2013-Fig8.c,c,1000,TERMINATING,6488.00,2200.00,2000.00,2,TERMINATING,10535.00,6300.00,6000.00,2,2,1,1,0,RankingBased(AffineTemplate),SAME,0.616,0.349
NoriSharma-FSE2013-Fig8_true-termination.c,c,1000,TERMINATING,6421.00,2100.00,1900.00,2,TERMINATING,11121.00,6800.00,6600.00,2,2,1,1,0,RankingBased(AffineTemplate),SAME,0.577,0.309
Nyala-2lex-2.c,c,1000,TERMINATING,5112.00,800.00,600.00,2,TERMINATING,5045.00,700.00,500.00,2,1,1,0,0,RankingBased(AffineTemplate),SAME,1.013,1.143
Nyala-2lex_true-termination.c,c,1000,TERMINATING,5101.00,700.00,500.00,2,TERMINATING,5303.00,800.00,600.00,2,1,1,0,0,RankingBased(AffineTemplate),SAME,0.962,0.875
OrderDependentEquality.c,c,1000,TERMINATING,5038.00,700.00,400.00,2,TERMINATING,5314.00,700.00,500.00,2,1,1,0,0,RankingBased(AffineTemplate),SAME,0.948,1.000
Overflow_false-no-overflow_true-termination.c,c,1000,TERMINATING,4939.00,500.00,300.00,2,TERMINATING,5089.00,500.00,300.00,2,1,1,0,0,RankingBased(AffineTemplate),SAME,0.971,1.000
Problem01_label00_true-unreach-call.c,c,1000,NONTERMINATING,52040.00,46200.00,38000.00,6,NONTERMINATING,115455.00,102800.00,83800.00,5,4,3,1,0,RankingBased(2-4-NestedTemplate)|RankingBased(AffineTemplate),SAME,0.451,0.449
Problem01_label20_false-unreach-call.c,c,1000,NONTERMINATING,138206.00,118600.00,96800.00,5,NONTERMINATING,147963.00,127400.00,106400.00,4,4,3,1,0,RankingBased(AffineTemplate),SAME,0.934,0.931
Pure3Phase-1.c,c,1000,TERMINATING,23082.00,7700.00,6800.00,2,TERMINATING,22288.00,6000.00,4000.00,2,1,1,0,0,RankingBased(2-4-MultiphaseTemplate),SAME,1.036,1.283
Pure3Phase-2.c,c,1000,TERMINATING,24112.00,8300.00,6800.00,2,TERMINATING,20888.00,4800.00,3700.00,2,1,1,0,0,RankingBased(2-4-MultiphaseTemplate),SAME,1.154,1.729
Pure3Phase_true-termination.c,c,1000,TERMINATING,25102.00,8100.00,6800.00,2,TERMINATING,20543.00,4600.00,3900.00,2,1,1,0,0,RankingBased(2-4-MultiphaseTemplate),SAME,1.222,1.761
SyntaxSupportBitwiseOperations01.c,c,1000,TERMINATING,12019.00,1100.00,900.00,2,TERMINATING,5095.00,800.00,600.00,2,1,1,0,0,RankingBased(AffineTemplate),SAME,2.359,1.375
TerminatorRamsey.c,c,1000,TERMINATING,5260.00,1100.00,900.00,2,TERMINATING,5640.00,1200.00,1000.00,2,1,1,0,0,RankingBased(AffineTemplate),SAME,0.933,0.917
Toulouse-MultiBranchesToLoop-alloca.c,c,1000,TERMINATING,28511.00,24100.00,17700.00,20,TERMINATING,34082.00,29600.00,18000.00,20,2,2,0,0,RankingBased(AffineTemplate),SAME,0.837,0.814
Toulouse-MultiBranchesToLoop-alloca_true-termination.c,c,1000,TERMINATING,28574.00,24200.00,18100.00,20,TERMINATING,37173.00,32700.00,18600.00,20,2,2,0,0,RankingBased(AffineTemplate),SAME,0.769,0.740
a.01-alloca_true-termination.c,c,1000,UNKNOWN,12762.00,-,-,-,UNKNOWN,45891.00,-,-,-,1,1,0,0,RankingBased(AffineTemplate),BOTH UNKNOWN,-,-
a.01_false-no-overflow.c,c,1000,TERMINATING,5734.00,1400.00,800.00,5,TERMINATING,6351.00,1800.00,1000.00,5,3,3,0,0,RankingBased(2-4-NestedTemplate)|RankingBased(AffineTemplate),SAME,0.903,0.778
a.01_true-termination.c,c,1000,TERMINATING,8751.00,1100.00,500.00,5,TERMINATING,8876.00,3600.00,1900.00,5,3,3,0,0,RankingBased(AffineTemplate),SAME,0.986,0.306
a.02.c,c,1000,NONTERMINATING,7035.00,300.00,300.00,1,NONTERMINATING,7585.00,1100.00,1000.00,1,0,0,0,0,-,SAME,0.927,0.273
a.02.real.c,c,1000,NONTERMINATING,8293.00,1000.00,1000.00,1,NONTERMINATING,10031.00,2200.00,2100.00,1,0,0,0,0,-,SAME,0.827,0.455
a.03-no-inv.c,c,1000,NONTERMINATING,31128.00,15400.00,12500.00,3,NONTERMINATING,24976.00,10200.00,9100.00,2,1,1,0,0,RankingBased(AffineTemplate),SAME,1.246,1.510
a.03.c,c,1000,NONTERMINATING,18260.00,7100.00,6000.00,3,NONTERMINATING,19596.00,6300.00,4600.00,2,1,1,0,0,RankingBased(AffineTemplate),SAME,0.932,1.127
a.03.real.c,c,1000,NONTERMINATING,29323.00,12900.00,10200.00,3,NONTERMINATING,23748.00,8400.00,7000.00,2,1,1,0,0,RankingBased(AffineTemplate),SAME,1.235,1.536
a.04-alloca.c,c,1000,TERMINATING,20447.00,4900.00,4600.00,2,TERMINATING,10750.00,5000.00,4500.00,2,1,1,0,0,RankingBased(AffineTemplate),SAME,1.902,0.980
a.04-alloca_false-no-overflow.c,c,1000,TERMINATING,12719.00,6000.00,3800.00,2,TERMINATING,10907.00,6300.00,4400.00,2,1,1,0,0,RankingBased(AffineTemplate),SAME,1.166,0.952
a.04_true-termination.c,c,1000,TERMINATING,4939.00,500.00,300.00,2,TERMINATING,5258.00,600.00,300.00,2,1,1,0,0,RankingBased(AffineTemplate),SAME,0.939,0.833
a.05-alloca.c,c,1000,TERMINATING,10059.00,4600.00,3500.00,3,TERMINATING,8248.00,3500.00,3000.00,3,1,1,0,0,RankingBased(AffineTemplate),SAME,1.220,1.314
a.05-alloca_false-no-overflow.c,c,1000,TERMINATING,10947.00,5800.00,3800.00,2,TERMINATING,10080.00,4300.00,2900.00,2,1,1,0,0,RankingBased(AffineTemplate),SAME,1.086,1.349
a.05_false-no-overflow.c,c,1000,TERMINATING,4702.00,500.00,300.00,2,TERMINATING,4824.00,500.00,300.00,2,1,1,0,0,RankingBased(AffineTemplate),SAME,0.975,1.000
a.06-alloca.c,c,1000,TERMINATING,15658.00,9900.00,8600.00,8,TERMINATING,15986.00,11200.00,9500.00,8,1,1,0,0,RankingBased(2-4-NestedTemplate),SAME,0.979,0.884
a.06-alloca_false-no-overflow.c,c,1000,TERMINATING,18195.00,11400.00,6400.00,2,TERMINATING,18414.00,12700.00,6900.00,2,1,1,0,0,RankingBased(AffineTemplate),SAME,0.988,0.898
a.06-alloca_true-termination.c,c,1000,TERMINATING,17530.00,11800.00,7500.00,2,TERMINATING,17111.00,12100.00,8400.00,2,1,1,0,0,RankingBased(AffineTemplate),SAME,1.024,0.975
a.06.c,c,1000,TERMINATING,7768.00,700.00,500.00,2,TERMINATING,7100.00,400.00,300.00,2,1,1,0,0,RankingBased(AffineTemplate),SAME,1.094,1.750
a.06_false-no-overflow.c,c,1000,TERMINATING,6885.00,1500.00,900.00,2,TERMINATING,9354.00,1700.00,1000.00,2,1,1,0,0,RankingBased(2-4-NestedTemplate),SAME,0.736,0.882
a.06_true-termination.c,c,1000,TERMINATING,5586.00,500.00,300.00,2,TERMINATING,10286.00,3100.00,1300.00,2,1,1,0,0,RankingBased(AffineTemplate),SAME,0.543,0.161
a.07-alloca.c,c,1000,TERMINATING,30210.00,20500.00,13300.00,3,TERMINATING,44681.00,31400.00,20900.00,3,1,1,0,0,RankingBased(AffineTemplate),SAME,0.676,0.653
a.07-alloca_false-no-overflow.c,c,1000,TERMINATING,59925.00,44400.00,23200.00,3,TERMINATING,56257.00,39600.00,25900.00,3,1,1,0,0,RankingBased(AffineTemplate),SAME,1.065,1.121
a.07-alloca_true-termination.c,c,1000,TERMINATING,86784.00,72700.00,24200.00,3,TERMINATING,61679.00,44000.00,26700.00,3,1,1,0,0,RankingBased(2-4-NestedTemplate),SAME,1.407,1.652
a.07.c,c,1000,TERMINATING,17617.00,2800.00,2300.00,2,TERMINATING,17905.00,2400.00,1800.00,2,1,1,0,0,RankingBased(AffineTemplate),SAME,0.984,1.167
a.07_false-no-overflow.c,c,1000,TERMINATING,5683.00,500.00,300.00,2,TERMINATING,6063.00,600.00,400.00,2,1,1,0,0,RankingBased(AffineTemplate),SAME,0.937,0.833
a.08-alloca_false-no-overflow.c,c,1000,TERMINATING,8593.00,3900.00,2700.00,2,TERMINATING,8535.00,4100.00,2800.00,2,1,1,0,0,RankingBased(AffineTemplate),SAME,1.007,0.951
a.08-alloca_true-termination.c,c,1000,TERMINATING,9423.00,5100.00,3400.00,2,TERMINATING,11640.00,6500.00,4600.00,2,1,1,0,0,RankingBased(AffineTemplate),SAME,0.810,0.785
a.08.c,c,1000,TERMINATING,5300.00,400.00,200.00,2,TERMINATING,5280.00,400.00,300.00,2,1,1,0,0,RankingBased(AffineTemplate),SAME,1.004,1.000
a.08_false-no-overflow.c,c,1000,TERMINATING,5816.00,1100.00,700.00,2,TERMINATING,5730.00,500.00,300.00,2,1,1,0,0,RankingBased(AffineTemplate),SAME,1.015,2.200
a.08_true-termination.c,c,1000,TERMINATING,4826.00,600.00,300.00,2,TERMINATING,5944.00,400.00,300.00,2,1,1,0,0,RankingBased(AffineTemplate),SAME,0.812,1.500
a.09.c,c,1000,NONTERMINATING,4400.00,200.00,200.00,1,NONTERMINATING,4316.00,200.00,200.00,1,0,0,0,0,-,SAME,1.019,1.000
a.09_assume-alloca_false-no-overflow.c,c,1000,TERMINATING,11555.00,6400.00,4700.00,2,TERMINATING,10050.00,5600.00,4900.00,2,1,1,0,0,RankingBased(AffineTemplate),SAME,1.150,1.143
a.09_assume.c,c,1000,TERMINATING,5856.00,500.00,300.00,2,TERMINATING,6195.00,500.00,300.00,2,1,1,0,0,RankingBased(AffineTemplate),SAME,0.945,1.000
a.09_assume_false-no-overflow.c,c,1000,TERMINATING,4797.00,700.00,500.00,2,TERMINATING,5917.00,500.00,300.00,2,1,1,0,0,RankingBased(2-4-NestedTemplate),SAME,0.811,1.400
a.10-alloca.c,c,1000,TERMINATING,10398.00,6200.00,5400.00,4,TERMINATING,13101.00,8800.00,7500.00,4,2,2,0,0,RankingBased(2-4-NestedTemplate)|RankingBased(AffineTemplate),SAME,0.794,0.705
a.10-alloca_false-no-overflow.c,c,1000,TERMINATING,16737.00,11100.00,7600.00,4,TERMINATING,17538.00,12100.00,8900.00,4,2,2,0,0,RankingBased(AffineTemplate),SAME,0.954,0.917
aaron2-2.c,c,1000,TERMINATING,5820.00,800.00,600.00,2,TERMINATING,4957.00,700.00,500.00,2,1,1,0,0,RankingBased(2-4-NestedTemplate),SAME,1.174,1.143
aaron2_true-termination.c,c,1000,TERMINATING,4813.00,700.00,500.00,2,TERMINATING,4915.00,700.00,500.00,2,1,1,0,0,RankingBased(AffineTemplate),SAME,0.979,1.000
acqrel-fail.t2.c,c,1000,NONTERMINATING,6489.00,700.00,700.00,1,NONTERMINATING,5625.00,700.00,700.00,1,0,0,0,0,-,SAME,1.154,1.000
add_first_alloca.c,c,1000,TERMINATING,11975.00,7600.00,7200.00,2,TERMINATING,11020.00,4400.00,4000.00,2,1,1,0,0,RankingBased(AffineTemplate),SAME,1.087,1.727
add_last-alloca.i_10.bpl,bpl,1000,TERMINATING,5343.00,3500.00,3400.00,2,TERMINATING,3750.00,1700.00,1500.00,2,1,1,0,0,RankingBased(AffineTemplate),SAME,1.425,2.059
add_last-alloca.i_11.bpl,bpl,1000,TERMINATING,4942.00,3100.00,3000.00,2,TERMINATING,3777.00,1800.00,1600.00,2,1,1,0,0,RankingBased(AffineTemplate),SAME,1.308,1.722
add_last-alloca.i_8.bpl,bpl,1000,TERMINATING,4851.00,3000.00,2900.00,2,TERMINATING,3727.00,1700.00,1600.00,2,1,1,0,0,RankingBased(AffineTemplate),SAME,1.302,1.765
add_last-alloca.i_9.bpl,bpl,1000,TERMINATING,5356.00,3500.00,3400.00,2,TERMINATING,3749.00,1800.00,1600.00,2,1,1,0,0,RankingBased(AffineTemplate),SAME,1.429,1.944
add_last-alloca_true-termination.c,c,1000,TERMINATING,8984.00,4400.00,4000.00,2,TERMINATING,7268.00,2500.00,2200.00,2,1,1,0,0,RankingBased(AffineTemplate),SAME,1.236,1.760
afagp-fail.t2.c,c,1000,NONTERMINATING,15788.00,10100.00,9900.00,2,NONTERMINATING,15788.00,10000.00,9700.00,2,0,0,0,0,-,SAME,1.000,1.010
afagx1.t2.c,c,1000,NONTERMINATING,4936.00,500.00,500.00,1,NONTERMINATING,4942.00,500.00,500.00,1,0,0,0,0,-,SAME,0.999,1.000
agafp.t2.c,c,1000,NONTERMINATING,32058.00,26100.00,26000.00,1,NONTERMINATING,29854.00,23000.00,22900.00,1,0,0,0,0,-,SAME,1.074,1.135
alternating_list.i_17.bpl,bpl,1000,TERMINATING,6389.00,4600.00,4500.00,2,TERMINATING,7243.00,5200.00,5100.00,2,1,0,1,1,-,SAME,0.882,0.885
alternating_list.i_18.bpl,bpl,1000,TERMINATING,6501.00,4700.00,4600.00,2,TERMINATING,7383.00,5300.00,5200.00,2,1,0,1,1,-,SAME,0.881,0.887
alternating_list.i_22.bpl,bpl,1000,TERMINATING,7834.00,6000.00,5900.00,2,TERMINATING,5250.00,3200.00,3100.00,2,1,1,0,0,RankingBased(AffineTemplate),SAME,1.492,1.875
alternating_list.i_23.bpl,bpl,1000,TERMINATING,6113.00,4300.00,4100.00,2,TERMINATING,4935.00,2800.00,2700.00,2,1,1,0,0,RankingBased(AffineTemplate),SAME,1.239,1.536
alternating_list.i_24.bpl,bpl,1000,TERMINATING,6508.00,4700.00,4600.00,2,TERMINATING,5054.00,3000.00,2900.00,2,1,1,0,0,RankingBased(AffineTemplate),SAME,1.288,1.567
alternating_list.i_25.bpl,bpl,1000,TIMEOUT,1000003.00,998400.00,998300.00,3,TIMEOUT,1000003.00,998300.00,998100.00,3,1,0,1,1,-,BOTH TIMEOUT,-,-
alternating_list.i_26.bpl,bpl,1000,TIMEOUT,1000004.00,998400.00,998300.00,3,TIMEOUT,1000013.00,998000.00,997800.00,3,1,0,1,1,-,BOTH TIMEOUT,-,-
alternating_list.i_31.bpl,bpl,1000,TERMINATING,37236.00,28600.00,27300.00,6,TERMINATING,11152.00,7800.00,7400.00,6,1,1,0,0,RankingBased(AffineTemplate),SAME,3.339,3.667
alternating_list.i_33.bpl,bpl,1000,TIMEOUT,1000004.00,997100.00,996900.00,3,TIMEOUT,1000003.00,998100.00,997900.00,3,1,0,1,1,-,BOTH TIMEOUT,-,-
alternating_list.i_36.bpl,bpl,1000,UNKNOWN,817797.00,-,-,-,UNKNOWN,369911.00,-,-,-,2,1,1,0,RankingBased(AffineTemplate),BOTH UNKNOWN,-,-
alternating_list.i_37.bpl,bpl,1000,UNKNOWN,328609.00,-,-,-,UNKNOWN,475095.00,-,-,-,2,0,2,1,-,BOTH UNKNOWN,-,-
alternating_list.i_40.bpl,bpl,1000,UNKNOWN,162429.00,-,-,-,UNKNOWN,173543.00,-,-,-,1,1,0,0,RankingBased(AffineTemplate),BOTH UNKNOWN,-,-
alternating_list.i_41.bpl,bpl,1000,UNKNOWN,189394.00,-,-,-,UNKNOWN,216448.00,-,-,-,1,1,0,0,RankingBased(AffineTemplate),BOTH UNKNOWN,-,-
and-01-false.c,c,1000,UNKNOWN,4644.00,400.00,300.00,1,UNKNOWN,4729.00,400.00,400.00,1,0,0,0,0,-,BOTH UNKNOWN,-,-
and-01.c,c,1000,TERMINATING,5520.00,1300.00,1100.00,2,TERMINATING,5385.00,1100.00,900.00,2,1,1,0,0,RankingBased(AffineTemplate),SAME,1.025,1.182
and-02-false.c,c,1000,NONTERMINATING,4743.00,400.00,400.00,1,NONTERMINATING,4758.00,400.00,400.00,1,0,0,0,0,-,SAME,0.997,1.000
and-03-false.c,c,1000,UNKNOWN,4477.00,200.00,200.00,1,UNKNOWN,4535.00,200.00,200.00,1,0,0,0,0,-,BOTH UNKNOWN,-,-
and-04-false.c,c,1000,UNKNOWN,4508.00,300.00,200.00,1,UNKNOWN,4542.00,200.00,200.00,1,0,0,0,0,-,BOTH UNKNOWN,-,-
and-04.c,c,1000,TERMINATING,4841.00,600.00,400.00,2,TERMINATING,4835.00,600.00,400.00,2,1,1,0,0,RankingBased(AffineTemplate),SAME,1.001,1.000
and-assume.c,c,1000,TERMINATING,5498.00,1300.00,1100.00,2,TERMINATING,5370.00,1200.00,900.00,2,1,1,0,0,RankingBased(AffineTemplate),SAME,1.024,1.083
apchild-accepted-fail.t2.c,c,1000,NONTERMINATING,30909.00,25900.00,21800.00,3,NONTERMINATING,33860.00,26700.00,21000.00,3,1,1,0,0,RankingBased(2-4-MultiphaseTemplate),SAME,0.913,0.970
apchild-accepted.t2.c,c,1000,NONTERMINATING,26610.00,21500.00,17900.00,3,NONTERMINATING,24502.00,19400.00,16400.00,3,1,1,0,0,RankingBased(AffineTemplate),SAME,1.086,1.108
apchild-live.t2.c,c,1000,NONTERMINATING,30672.00,25500.00,21400.00,4,NONTERMINATING,41455.00,36100.00,30800.00,4,1,1,0,0,RankingBased(2-4-NestedTemplate),SAME,0.740,0.706
apchildlive-succeed.t2.c,c,1000,NONTERMINATING,23410.00,18400.00,15500.00,3,NONTERMINATING,23871.00,18800.00,15700.00,3,1,1,0,0,RankingBased(2-4-NestedTemplate),SAME,0.981,0.979
array01-alloca-1.c,c,1000,UNKNOWN,13565.00,-,-,-,UNKNOWN,12916.00,-,-,-,3,3,0,0,RankingBased(AffineTemplate),BOTH UNKNOWN,-,-
array01-alloca_true-termination.c,c,1000,TERMINATING,13715.00,5900.00,4600.00,5,TERMINATING,12046.00,6800.00,5300.00,5,3,3,0,0,RankingBased(AffineTemplate),SAME,1.139,0.868
array02-alloca-1.c,c,1000,TERMINATING,18241.00,12200.00,9700.00,7,TERMINATING,16269.00,11000.00,8600.00,7,5,5,0,0,RankingBased(AffineTemplate),SAME,1.121,1.109
array02-alloca_true-termination.c,c,1000,TERMINATING,17165.00,12100.00,9600.00,7,TERMINATING,16780.00,11300.00,8500.00,7,5,5,0,0,RankingBased(2-4-NestedTemplate)|RankingBased(AffineTemplate),SAME,1.023,1.071
array03-alloca-1.c,c,1000,UNKNOWN,18601.00,-,-,-,UNKNOWN,18429.00,-,-,-,3,3,0,0,RankingBased(2-4-NestedTemplate)|RankingBased(AffineTemplate),BOTH UNKNOWN,-,-
array03-alloca_true-termination.c,c,1000,UNKNOWN,16362.00,-,-,-,UNKNOWN,16557.00,-,-,-,3,3,0,0,RankingBased(AffineTemplate),BOTH UNKNOWN,-,-
array04_alloca.c,c,1000,NONTERMINATING,8127.00,2700.00,2300.00,3,NONTERMINATING,7418.00,2100.00,1900.00,3,1,1,0,0,RankingBased(AffineTemplate),SAME,1.096,1.286
array06_alloca.c,c,1000,UNKNOWN,13602.00,-,-,-,TERMINATING,8728.00,3500.00,2600.00,4,2,2,0,0,RankingBased(2-4-NestedTemplate)|RankingBased(AffineTemplate),Ultimate-PL ONLY,-,-
array07_alloca.c,c,1000,UNKNOWN,10684.00,-,-,-,TERMINATING,8528.00,2900.00,2300.00,4,2,2,0,0,RankingBased(2-4-NestedTemplate)|RankingBased(AffineTemplate),Ultimate-PL ONLY,-,-
array08_alloca.c,c,1000,UNKNOWN,41280.00,-,-,-,UNKNOWN,28017.00,-,-,-,2,2,0,0,RankingBased(2-4-LexicographicTemplate)|RankingBased(AffineTemplate),BOTH UNKNOWN,-,-
array09_alloca.c,c,1000,UNKNOWN,36033.00,-,-,-,UNKNOWN,98721.00,-,-,-,2,1,1,0,RankingBased(AffineTemplate),BOTH UNKNOWN,-,-
array10_alloca.c,c,1000,UNKNOWN,149735.00,145100.00,144900.00,3,UNKNOWN,28393.00,-,-,-,2,2,0,0,RankingBased(2-4-MultiphaseTemplate)|RankingBased(AffineTemplate),BOTH UNKNOWN,-,-
array11_alloca_true-termination.c,c,1000,UNKNOWN,6736.00,-,-,-,UNKNOWN,6970.00,-,-,-,1,1,0,0,RankingBased(2-4-NestedTemplate),BOTH UNKNOWN,-,-
array14_alloca.c,c,1000,UNKNOWN,27060.00,-,-,-,UNKNOWN,58245.00,-,-,-,2,1,1,0,RankingBased(AffineTemplate),BOTH UNKNOWN,-,-
array15_alloca.c,c,1000,UNKNOWN,23152.00,-,-,-,UNKNOWN,43817.00,-,-,-,2,1,1,0,RankingBased(AffineTemplate),BOTH UNKNOWN,-,-
array16_alloca_fixed.c,c,1000,UNKNOWN,40238.00,-,-,-,UNKNOWN,57981.00,-,-,-,2,1,1,0,RankingBased(AffineTemplate),BOTH UNKNOWN,-,-
array16_alloca_original.c,c,1000,UNKNOWN,31818.00,-,-,-,UNKNOWN,58833.00,-,-,-,2,1,1,0,RankingBased(AffineTemplate),BOTH UNKNOWN,-,-
array17_alloca.c,c,1000,UNKNOWN,7017.00,-,-,-,UNKNOWN,6828.00,-,-,-,1,1,0,0,RankingBased(2-4-NestedTemplate),BOTH UNKNOWN,-,-
array18_alloca.c,c,1000,UNKNOWN,78094.00,-,-,-,UNKNOWN,25023.00,-,-,-,2,2,0,0,RankingBased(2-4-LexicographicTemplate)|RankingBased(AffineTemplate),BOTH UNKNOWN,-,-
array19_alloca.c,c,1000,NONTERMINATING,6028.00,1700.00,1500.00,3,NONTERMINATING,6667.00,1900.00,1600.00,3,1,1,0,0,RankingBased(AffineTemplate),SAME,0.904,0.895
array2.t2.c,c,1000,TERMINATING,5382.00,1000.00,400.00,2,TERMINATING,5332.00,900.00,400.00,2,1,1,0,0,RankingBased(AffineTemplate),SAME,1.009,1.111
array_free.t2.c,c,1000,TERMINATING,5329.00,1100.00,600.00,2,TERMINATING,6014.00,1500.00,600.00,2,1,1,0,0,RankingBased(2-4-NestedTemplate),SAME,0.886,0.733
array_init.t2.c,c,1000,TERMINATING,5480.00,900.00,500.00,2,TERMINATING,5954.00,1300.00,500.00,2,1,1,0,0,RankingBased(2-4-NestedTemplate),SAME,0.920,0.692
ase_example.t2.c,c,1000,TERMINATING,7259.00,2900.00,1100.00,4,TERMINATING,7347.00,2800.00,1100.00,4,3,3,0,0,RankingBased(AffineTemplate),SAME,0.988,1.036
atoi.c,c,1000,UNKNOWN,7091.00,-,-,-,UNKNOWN,6859.00,-,-,-,1,1,0,0,RankingBased(AffineTemplate),BOTH UNKNOWN,-,-
atol.c,c,1000,UNKNOWN,6952.00,-,-,-,UNKNOWN,6889.00,-,-,-,1,1,0,0,RankingBased(AffineTemplate),BOTH UNKNOWN,-,-
aviad.c,c,1000,TERMINATING,4936.00,700.00,600.00,2,TERMINATING,5165.00,800.00,600.00,2,1,1,0,0,RankingBased(2-4-NestedTemplate),SAME,0.956,0.875
aviad_true-alloca.c,c,1000,UNKNOWN,10316.00,-,-,-,UNKNOWN,10168.00,-,-,-,1,1,0,0,RankingBased(AffineTemplate),BOTH UNKNOWN,-,-
aviad_true-alloca_true-termination.c,c,1000,UNKNOWN,10349.00,-,-,-,UNKNOWN,14280.00,-,-,-,1,1,0,0,RankingBased(AffineTemplate),BOTH UNKNOWN,-,-
aviad_true-termination.c,c,1000,TERMINATING,5872.00,600.00,500.00,2,TERMINATING,7685.00,1600.00,1400.00,2,1,1,0,0,RankingBased(AffineTemplate),SAME,0.764,0.375
b.01-alloca.c,c,1000,TERMINATING,8263.00,3300.00,2700.00,2,TERMINATING,7463.00,2900.00,2600.00,2,1,1,0,0,RankingBased(AffineTemplate),SAME,1.107,1.138
b.01-alloca_false-no-overflow.c,c,1000,TERMINATING,8725.00,4300.00,2800.00,2,TERMINATING,8464.00,3900.00,2700.00,2,1,1,0,0,RankingBased(AffineTemplate),SAME,1.031,1.103
b.01-alloca_true-termination.c,c,1000,TERMINATING,8853.00,4200.00,2900.00,2,TERMINATING,9253.00,4800.00,3000.00,2,1,1,0,0,RankingBased(2-4-NestedTemplate),SAME,0.957,0.875
b.01.c,c,1000,TERMINATING,4568.00,300.00,200.00,2,TERMINATING,4506.00,400.00,200.00,2,1,1,0,0,RankingBased(AffineTemplate),SAME,1.014,0.750
b.01_true-termination.c,c,1000,TERMINATING,4566.00,400.00,200.00,2,TERMINATING,4666.00,500.00,200.00,2,1,1,0,0,RankingBased(AffineTemplate),SAME,0.979,0.800
b.02-alloca.c,c,1000,TERMINATING,7647.00,3300.00,2700.00,2,TERMINATING,7712.00,3400.00,2500.00,2,1,1,0,0,RankingBased(AffineTemplate),SAME,0.992,0.971
b.02-alloca_false-no-overflow.c,c,1000,TERMINATING,8484.00,4200.00,2800.00,2,TERMINATING,8554.00,4100.00,2800.00,2,1,1,0,0,RankingBased(AffineTemplate),SAME,0.992,1.024
b.02-alloca_true-termination.c,c,1000,TERMINATING,7975.00,3600.00,2700.00,2,TERMINATING,8151.00,3600.00,2800.00,2,1,1,0,0,RankingBased(AffineTemplate),SAME,0.978,1.000
b.02.c,c,1000,TERMINATING,4429.00,300.00,200.00,2,TERMINATING,4601.00,400.00,300.00,2,1,1,0,0,RankingBased(AffineTemplate),SAME,0.963,0.750
b.02_false-no-overflow.c,c,1000,TERMINATING,4574.00,500.00,300.00,2,TERMINATING,4698.00,500.00,300.00,2,1,1,0,0,RankingBased(AffineTemplate),SAME,0.974,1.000
b.02_true-termination.c,c,1000,TERMINATING,4564.00,500.00,300.00,2,TERMINATING,4684.00,500.00,300.00,2,1,1,0,0,RankingBased(AffineTemplate),SAME,0.974,1.000
b.03-no-inv.c,c,1000,NONTERMINATING,4185.00,200.00,100.00,1,NONTERMINATING,4302.00,200.00,200.00,1,0,0,0,0,-,SAME,0.973,1.000
b.03-no-inv_assume-alloca.c,c,1000,TERMINATING,6940.00,2600.00,1900.00,3,TERMINATING,7990.00,3600.00,2000.00,3,1,1,0,0,RankingBased(AffineTemplate),SAME,0.869,0.722
b.03-no-inv_assume.c,c,1000,TERMINATING,4831.00,600.00,400.00,2,TERMINATING,4789.00,600.00,400.00,2,1,1,0,0,RankingBased(AffineTemplate),SAME,1.009,1.000
b.03-no-inv_assume_false-no-overflow.c,c,1000,TERMINATING,4662.00,600.00,400.00,2,TERMINATING,4820.00,600.00,400.00,2,1,1,0,0,RankingBased(AffineTemplate),SAME,0.967,1.000
b.03-no-inv_assume_true-termination.c,c,1000,TERMINATING,4941.00,700.00,500.00,2,TERMINATING,4898.00,700.00,500.00,2,1,1,0,0,RankingBased(AffineTemplate),SAME,1.009,1.000
b.03.c,c,1000,NONTERMINATING,4313.00,200.00,200.00,1,NONTERMINATING,4320.00,200.00,100.00,1,0,0,0,0,-,SAME,0.998,1.000
b.03_assume.c,c,1000,TERMINATING,4594.00,500.00,300.00,2,TERMINATING,4741.00,500.00,300.00,2,1,1,0,0,RankingBased(AffineTemplate),SAME,0.969,1.000
b.03_assume_false-no-overflow.c,c,1000,TERMINATING,4660.00,500.00,300.00,2,TERMINATING,4719.00,500.00,300.00,2,1,1,0,0,RankingBased(AffineTemplate),SAME,0.987,1.000
b.04-alloca_true-termination.c,c,1000,TERMINATING,8377.00,4200.00,2900.00,2,TERMINATING,8734.00,4500.00,2900.00,2,1,1,0,0,RankingBased(AffineTemplate),SAME,0.959,0.933
b.04_true-termination.c,c,1000,TERMINATING,4827.00,500.00,200.00,2,TERMINATING,4629.00,500.00,300.00,2,1,1,0,0,RankingBased(AffineTemplate),SAME,1.043,1.000
b.05-alloca.c,c,1000,TERMINATING,6872.00,2600.00,2100.00,4,TERMINATING,6984.00,2700.00,2100.00,4,1,1,0,0,RankingBased(AffineTemplate),SAME,0.984,0.963
b.05-alloca_false-no-overflow.c,c,1000,TERMINATING,6931.00,2400.00,2000.00,3,TERMINATING,7016.00,2400.00,2100.00,3,1,1,0,0,RankingBased(AffineTemplate),SAME,0.988,1.000
b.05.c,c,1000,TERMINATING,4687.00,400.00,300.00,2,TERMINATING,4591.00,400.00,300.00,2,1,1,0,0,RankingBased(AffineTemplate),SAME,1.021,1.000
b.05_false-no-overflow.c,c,1000,TERMINATING,4677.00,500.00,400.00,2,TERMINATING,4629.00,500.00,300.00,2,1,1,0,0,RankingBased(AffineTemplate),SAME,1.010,1.000
b.05_true-termination.c,c,1000,TERMINATING,4632.00,500.00,300.00,2,TERMINATING,4745.00,500.00,300.00,2,1,1,0,0,RankingBased(2-4-NestedTemplate),SAME,0.976,1.000
b.06-alloca_true-termination.c,c,1000,TERMINATING,7680.00,3500.00,2900.00,3,TERMINATING,7666.00,3400.00,2900.00,3,1,1,0,0,RankingBased(AffineTemplate),SAME,1.002,1.029
b.06.c,c,1000,TERMINATING,4469.00,400.00,200.00,2,TERMINATING,4539.00,400.00,300.00,2,1,1,0,0,RankingBased(AffineTemplate),SAME,0.985,1.000
b.07-alloca.c,c,1000,TERMINATING,10244.00,6000.00,4600.00,3,TERMINATING,10163.00,5800.00,4500.00,3,1,1,0,0,RankingBased(AffineTemplate),SAME,1.008,1.034
b.07-alloca_false-no-overflow.c,c,1000,TERMINATING,89272.00,85100.00,4400.00,3,TERMINATING,10724.00,6300.00,4300.00,3,1,1,0,0,RankingBased(AffineTemplate),SAME,8.325,13.508
b.07-alloca_true-termination.c,c,1000,TERMINATING,253430.00,249200.00,4400.00,3,TERMINATING,10966.00,6500.00,4500.00,3,1,1,0,0,RankingBased(AffineTemplate),SAME,23.111,38.338
b.07.c,c,1000,TERMINATING,4802.00,400.00,300.00,2,TERMINATING,5010.00,500.00,300.00,2,1,1,0,0,RankingBased(AffineTemplate),SAME,0.958,0.800
b.07_true-termination.c,c,1000,TERMINATING,5101.00,600.00,300.00,2,TERMINATING,5215.00,600.00,400.00,2,1,1,0,0,RankingBased(AffineTemplate),SAME,0.978,1.000
b.08.c,c,1000,NONTERMINATING,4744.00,300.00,300.00,1,NONTERMINATING,4944.00,300.00,300.00,1,0,0,0,0,-,SAME,0.960,1.000
b.09-no-inv.c,c,1000,NONTERMINATING,4798.00,400.00,400.00,1,NONTERMINATING,4742.00,400.00,400.00,1,0,0,0,0,-,SAME,1.012,1.000
b.09-no-inv_assume-alloca_true-termination.c,c,1000,TIMEOUT,1000004.00,995700.00,994900.00,3,TIMEOUT,1000004.00,995800.00,993200.00,3,1,1,0,0,RankingBased(AffineTemplate),BOTH TIMEOUT,-,-
b.09.c,c,1000,NONTERMINATING,4982.00,500.00,500.00,1,NONTERMINATING,4989.00,400.00,400.00,1,0,0,0,0,-,SAME,0.999,1.250
b.09_assume-alloca.c,c,1000,UNKNOWN,15446.00,-,-,-,TERMINATING,16638.00,12200.00,8900.00,9,2,2,0,0,RankingBased(AffineTemplate),Ultimate-PL ONLY,-,-
b.09_assume-alloca_true-termination.c,c,1000,TERMINATING,17474.00,12700.00,9600.00,9,TERMINATING,16965.00,12600.00,9300.00,9,2,2,0,0,RankingBased(2-4-NestedTemplate)|RankingBased(AffineTemplate),SAME,1.030,1.008
b.09_assume.c,c,1000,TERMINATING,5222.00,700.00,500.00,2,TERMINATING,5259.00,700.00,500.00,2,1,1,0,0,RankingBased(AffineTemplate),SAME,0.993,1.000
b.09_assume_true-termination.c,c,1000,TERMINATING,5414.00,1000.00,500.00,3,TERMINATING,5671.00,1000.00,600.00,3,2,2,0,0,RankingBased(2-4-NestedTemplate)|RankingBased(AffineTemplate),SAME,0.955,1.000
b.10_true-termination.c,c,1000,TERMINATING,4827.00,600.00,400.00,2,TERMINATING,4827.00,700.00,400.00,2,1,1,0,0,RankingBased(AffineTemplate),SAME,1.000,0.857
b.11-alloca.c,c,1000,UNKNOWN,19109.00,-,-,-,UNKNOWN,17728.00,-,-,-,3,3,0,0,RankingBased(2-4-NestedTemplate)|RankingBased(AffineTemplate),BOTH UNKNOWN,-,-
b.11_false-no-overflow.c,c,1000,TERMINATING,5242.00,1000.00,800.00,2,TERMINATING,5144.00,900.00,700.00,2,1,1,0,0,RankingBased(AffineTemplate),SAME,1.019,1.111
b.11_true-termination.c,c,1000,TERMINATING,5099.00,800.00,600.00,2,TERMINATING,5096.00,800.00,600.00,2,1,1,0,0,RankingBased(AffineTemplate),SAME,1.001,1.000
b.12-alloca.c,c,1000,TERMINATING,10247.00,5900.00,5300.00,7,TERMINATING,10603.00,6200.00,5400.00,7,2,2,0,0,RankingBased(2-4-NestedTemplate)|RankingBased(AffineTemplate),SAME,0.966,0.952
b.12-alloca_false-no-overflow.c,c,1000,TERMINATING,11145.00,6800.00,5800.00,7,TERMINATING,11311.00,6900.00,5800.00,7,2,2,0,0,RankingBased(AffineTemplate),SAME,0.985,0.986
b.12-alloca_true-termination.c,c,1000,TERMINATING,11840.00,7400.00,6100.00,7,TERMINATING,11662.00,7300.00,6000.00,7,2,2,0,0,RankingBased(AffineTemplate),SAME,1.015,1.014
b.12.c,c,1000,TERMINATING,5326.00,1100.00,1000.00,2,TERMINATING,6148.00,1900.00,1700.00,2,2,1,1,0,RankingBased(AffineTemplate),SAME,0.866,0.579
b.12_false-no-overflow.c,c,1000,TERMINATING,6318.00,2000.00,1800.00,2,TERMINATING,9037.00,4500.00,4300.00,2,2,1,1,0,RankingBased(AffineTemplate),SAME,0.699,0.444
b.12_true-termination.c,c,1000,TERMINATING,5911.00,1600.00,1300.00,2,TERMINATING,6983.00,2700.00,2400.00,2,2,1,1,0,RankingBased(AffineTemplate),SAME,0.846,0.593
b.13-alloca.c,c,1000,UNKNOWN,19063.00,-,-,-,TERMINATING,17315.00,12800.00,11300.00,8,2,2,0,0,RankingBased(AffineTemplate),Ultimate-PL ONLY,-,-
b.13-alloca_false-no-overflow.c,c,1000,UNKNOWN,26850.00,-,-,-,TERMINATING,19524.00,15100.00,10200.00,7,2,2,0,0,RankingBased(AffineTemplate),Ultimate-PL ONLY,-,-
b.13-alloca_true-termination.c,c,1000,TERMINATING,19395.00,15000.00,9400.00,7,TERMINATING,20026.00,15600.00,9500.00,7,2,2,0,0,RankingBased(AffineTemplate),SAME,0.968,0.962
b.13.c,c,1000,TERMINATING,5461.00,1200.00,1100.00,2,TERMINATING,6653.00,2400.00,2200.00,2,2,1,1,0,RankingBased(AffineTemplate),SAME,0.821,0.500
b.13_false-no-overflow.c,c,1000,TERMINATING,7569.00,3100.00,2700.00,2,TERMINATING,11196.00,6000.00,5500.00,2,2,1,1,0,RankingBased(AffineTemplate),SAME,0.676,0.517
b.13_true-termination.c,c,1000,TERMINATING,8301.00,2800.00,1900.00,2,TERMINATING,10733.00,5100.00,4600.00,2,2,1,1,0,RankingBased(AffineTemplate),SAME,0.773,0.549
b.14-alloca.c,c,1000,TERMINATING,14246.00,8800.00,7400.00,6,TERMINATING,13965.00,8700.00,7400.00,6,2,2,0,0,RankingBased(2-4-NestedTemplate)|RankingBased(AffineTemplate),SAME,1.020,1.011
b.14.c,c,1000,TERMINATING,4914.00,700.00,400.00,3,TERMINATING,5627.00,700.00,500.00,3,1,1,0,0,RankingBased(AffineTemplate),SAME,0.873,1.000
b.14_true-termination.c,c,1000,TERMINATING,5130.00,600.00,400.00,3,TERMINATING,5075.00,700.00,400.00,3,1,1,0,0,RankingBased(AffineTemplate),SAME,1.011,0.857
b.15-alloca.c,c,1000,TERMINATING,32103.00,26600.00,11400.00,7,TERMINATING,33419.00,28900.00,12500.00,7,2,2,0,0,RankingBased(AffineTemplate),SAME,0.961,0.920
b.15-alloca_false-no-overflow.c,c,1000,TERMINATING,31134.00,26200.00,10900.00,6,TERMINATING,48317.00,43500.00,12900.00,7,2,2,0,0,RankingBased(AffineTemplate),SAME,0.644,0.602
b.15-alloca_true-termination.c,c,1000,TERMINATING,47205.00,42600.00,11800.00,7,TERMINATING,30790.00,25900.00,10600.00,6,2,2,0,0,RankingBased(AffineTemplate),SAME,1.533,1.645
b.15.c,c,1000,TERMINATING,5000.00,800.00,600.00,4,TERMINATING,6872.00,2000.00,1400.00,4,2,2,0,0,RankingBased(AffineTemplate),SAME,0.728,0.400
b.15_false-no-overflow.c,c,1000,TERMINATING,6810.00,700.00,500.00,3,TERMINATING,4948.00,700.00,500.00,3,1,1,0,0,RankingBased(2-4-NestedTemplate),SAME,1.376,1.000
b.15_true-termination.c,c,1000,TERMINATING,6896.00,2000.00,1200.00,4,TERMINATING,6798.00,1000.00,600.00,4,2,2,0,0,RankingBased(AffineTemplate),SAME,1.014,2.000
b.16-alloca_false-no-overflow.c,c,1000,UNKNOWN,19158.00,-,-,-,UNKNOWN,22691.00,-,-,-,2,2,0,0,RankingBased(AffineTemplate),BOTH UNKNOWN,-,-
b.16.c,c,1000,TERMINATING,8367.00,1300.00,900.00,3,TERMINATING,8565.00,600.00,400.00,3,2,2,0,0,RankingBased(AffineTemplate),SAME,0.977,2.167
b.17-alloca.c,c,1000,UNKNOWN,19024.00,-,-,-,UNKNOWN,19429.00,-,-,-,2,2,0,0,RankingBased(AffineTemplate),BOTH UNKNOWN,-,-
b.17-alloca_false-no-overflow.c,c,1000,UNKNOWN,24791.00,-,-,-,UNKNOWN,20285.00,-,-,-,2,2,0,0,RankingBased(AffineTemplate),BOTH UNKNOWN,-,-
b.17.c,c,1000,TERMINATING,4797.00,600.00,400.00,3,TERMINATING,5190.00,800.00,500.00,3,2,2,0,0,RankingBased(AffineTemplate),SAME,0.924,0.750
b.17_false-no-overflow.c,c,1000,TERMINATING,5917.00,900.00,600.00,3,TERMINATING,5537.00,900.00,600.00,3,2,2,0,0,RankingBased(AffineTemplate),SAME,1.069,1.000
b.17_true-termination.c,c,1000,TERMINATING,6126.00,1700.00,700.00,3,TERMINATING,8541.00,1500.00,800.00,3,2,2,0,0,RankingBased(2-4-LexicographicTemplate)|RankingBased(AffineTemplate),SAME,0.717,1.133
b.18.c,c,1000,TERMINATING,7363.00,2200.00,1500.00,7,TERMINATING,9017.00,2200.00,1300.00,8,3,3,0,0,RankingBased(2-4-NestedTemplate)|RankingBased(AffineTemplate),SAME,0.817,1.000
b.18_true-termination.c,c,1000,TERMINATING,7353.00,1300.00,600.00,6,TERMINATING,5423.00,1200.00,600.00,7,3,3,0,0,RankingBased(2-4-LexicographicTemplate)|RankingBased(2-4-NestedTemplate)|RankingBased(AffineTemplate),SAME,1.356,1.083
basename-3.c,c,1000,UNKNOWN,137327.00,-,-,-,UNKNOWN,270248.00,-,-,-,2,2,0,0,RankingBased(AffineTemplate),BOTH UNKNOWN,-,-
binsearch-recursive.c,c,1000,TERMINATING,16743.00,12300.00,10500.00,4,TERMINATING,17997.00,13100.00,11100.00,4,3,3,0,0,RankingBased(AffineTemplate),SAME,0.930,0.939
binsearch.c,c,1000,TERMINATING,10371.00,5400.00,4200.00,2,TERMINATING,8890.00,3600.00,2000.00,2,1,1,0,0,RankingBased(AffineTemplate),SAME,1.167,1.500
bio.t2.c,c,1000,TIMEOUT,1000005.00,994400.00,200500.00,2,TIMEOUT,1000006.00,991000.00,420200.00,4,3,3,0,0,RankingBased(AffineTemplate),BOTH TIMEOUT,-,-
bitcount32.t2.c,c,1000,TERMINATING,5983.00,1500.00,600.00,2,TERMINATING,6036.00,1600.00,600.00,2,1,1,0,0,RankingBased(2-4-MultiphaseTemplate),SAME,0.991,0.938
boogieBoolConversionForWhileForCondex.c,c,1000,NONTERMINATING,4727.00,200.00,100.00,1,NONTERMINATING,4490.00,100.00,100.00,1,0,0,0,0,-,SAME,1.053,2.000
bound-scaled200.bpl,bpl,1000,TERMINATING,2993.00,900.00,700.00,2,TERMINATING,3303.00,1100.00,900.00,2,1,1,0,0,RankingBased(AffineTemplate),SAME,0.906,0.818
bound-scaled400.bpl,bpl,1000,TERMINATING,3705.00,1400.00,1100.00,2,TERMINATING,3993.00,1500.00,1300.00,2,1,1,0,0,RankingBased(AffineTemplate),SAME,0.928,0.933
broydn.c.i.broydn.pl.t2.fixed.t2.c,c,1000,TERMINATING,58902.00,53400.00,10200.00,13,TERMINATING,54766.00,49600.00,11000.00,13,12,12,0,0,RankingBased(2-4-NestedTemplate)|RankingBased(AffineTemplate),SAME,1.076,1.077
broydn.c.i.broydn.pl.t2.nor.t2.rlgfixed.t2.c,c,1000,TERMINATING,67642.00,61800.00,12500.00,13,TERMINATING,136238.00,130700.00,15800.00,13,12,12,0,0,RankingBased(2-4-LexicographicTemplate)|RankingBased(2-4-NestedTemplate)|RankingBased(AffineTemplate),SAME,0.496,0.473
broydn.t2.c,c,1000,TERMINATING,69458.00,58100.00,12000.00,13,TERMINATING,59444.00,54000.00,11500.00,13,12,12,0,0,RankingBased(2-4-NestedTemplate)|RankingBased(AffineTemplate),SAME,1.168,1.076
brutesearch-no-inv.c,c,1000,UNKNOWN,45213.00,-,-,-,UNKNOWN,171100.00,-,-,-,2,2,0,0,RankingBased(AffineTemplate),BOTH UNKNOWN,-,-
brutesearch.c,c,1000,UNKNOWN,46807.00,-,-,-,UNKNOWN,168802.00,-,-,-,2,2,0,0,RankingBased(AffineTemplate),BOTH UNKNOWN,-,-
bs.t2.c,c,1000,NONTERMINATING,5120.00,800.00,800.00,1,NONTERMINATING,6342.00,1700.00,1700.00,1,0,0,0,0,-,SAME,0.807,0.471
bsort100.t2.c,c,1000,TERMINATING,14084.00,9000.00,2500.00,9,TERMINATING,13031.00,6600.00,2400.00,9,4,4,0,0,RankingBased(AffineTemplate),SAME,1.081,1.364
bubble_nice.c,c,1000,UNKNOWN,23272.00,-,-,-,UNKNOWN,21544.00,-,-,-,1,1,0,0,RankingBased(AffineTemplate),BOTH UNKNOWN,-,-
bubble_sort.c,c,1000,TERMINATING,79988.00,75700.00,75100.00,6,TERMINATING,77958.00,73600.00,73100.00,6,3,3,0,0,RankingBased(2-4-NestedTemplate)|RankingBased(AffineTemplate),SAME,1.026,1.029
bubblesort-alloca-1.c,c,1000,TERMINATING,97493.00,93100.00,91900.00,6,TERMINATING,768565.00,764000.00,762900.00,7,4,4,0,0,RankingBased(2-4-MultiphaseTemplate)|RankingBased(AffineTemplate),SAME,0.127,0.122
bubblesort-alloca.i_8.bpl,bpl,1000,TERMINATING,81051.00,79100.00,78700.00,6,TIMEOUT,1000003.00,-,-,-,3,3,0,0,RankingBased(2-4-NestedTemplate)|RankingBased(AffineTemplate),Ultimate-LR ONLY,-,-
bubblesort-alloca_true-termination.c,c,1000,TERMINATING,87004.00,82600.00,81700.00,6,TERMINATING,82193.00,77800.00,76800.00,6,3,3,0,0,RankingBased(AffineTemplate),SAME,1.059,1.062
bubblesort_inner_loop.t2.c,c,1000,TERMINATING,5455.00,1200.00,600.00,2,TERMINATING,5431.00,1200.00,600.00,2,1,1,0,0,RankingBased(AffineTemplate),SAME,1.004,1.000
bug-FalseStemFeasible.c,c,1000,NONTERMINATING,5060.00,800.00,500.00,3,NONTERMINATING,5081.00,800.00,500.00,3,1,1,0,0,RankingBased(AffineTemplate),SAME,0.996,1.000
bug02_isEmptyHeuristic_recursion.c,c,1000,TERMINATING,7432.00,3200.00,1500.00,7,TERMINATING,8131.00,3900.00,1700.00,7,6,6,0,0,RankingBased(2-4-NestedTemplate)|RankingBased(AffineTemplate),SAME,0.914,0.821
bug06_IsEmptyHeuristic.c,c,1000,NONTERMINATING,4981.00,800.00,500.00,3,NONTERMINATING,4984.00,700.00,400.00,3,1,1,0,0,RankingBased(AffineTemplate),SAME,0.999,1.143
bug07_IsEmptyHeuristic.c,c,1000,NONTERMINATING,5010.00,700.00,700.00,1,NONTERMINATING,4997.00,700.00,700.00,1,0,0,0,0,-,SAME,1.003,1.000
bug08_IsEmptyHeuristic.c,c,1000,NONTERMINATING,4504.00,300.00,300.00,1,NONTERMINATING,4628.00,300.00,300.00,1,0,0,0,0,-,SAME,0.973,1.000
build_fullname.c,c,1000,UNKNOWN,18087.00,-,-,-,UNKNOWN,13552.00,-,-,-,1,1,0,0,RankingBased(AffineTemplate),BOTH UNKNOWN,-,-
builtin_return_address.c,c,1000,TERMINATING,4657.00,400.00,200.00,2,TERMINATING,4650.00,400.00,200.00,2,1,1,0,0,RankingBased(2-4-NestedTemplate),SAME,1.002,1.000
byron-1.t2.c,c,1000,TERMINATING,5835.00,1500.00,500.00,2,TERMINATING,5786.00,1400.00,500.00,2,1,1,0,0,RankingBased(2-4-NestedTemplate),SAME,1.008,1.071
byron-2.t2.c,c,1000,TERMINATING,8783.00,4500.00,1500.00,4,TERMINATING,10118.00,5600.00,1800.00,4,3,3,0,0,RankingBased(2-4-NestedTemplate)|RankingBased(AffineTemplate),SAME,0.868,0.804
byron-4.t2.c,c,1000,TERMINATING,7533.00,3100.00,1600.00,5,TERMINATING,7902.00,3400.00,1500.00,5,1,1,0,0,RankingBased(2-4-NestedTemplate),SAME,0.953,0.912
c.01-no-inv-alloca.c,c,1000,UNKNOWN,9231.00,-,-,-,UNKNOWN,11541.00,-,-,-,1,1,0,0,RankingBased(2-4-NestedTemplate),BOTH UNKNOWN,-,-
c.01-no-inv-alloca_false-no-overflow.c,c,1000,UNKNOWN,10696.00,-,-,-,UNKNOWN,9776.00,-,-,-,1,1,0,0,RankingBased(AffineTemplate),BOTH UNKNOWN,-,-
c.01-no-inv-alloca_true-termination.c,c,1000,UNKNOWN,10791.00,-,-,-,UNKNOWN,11389.00,-,-,-,1,1,0,0,RankingBased(AffineTemplate),BOTH UNKNOWN,-,-
c.01-no-inv.c,c,1000,UNKNOWN,7104.00,2300.00,2100.00,2,UNKNOWN,9335.00,4100.00,3900.00,2,3,1,2,0,RankingBased(AffineTemplate),BOTH UNKNOWN,-,-
c.01-no-inv_false-no-overflow.c,c,1000,UNKNOWN,8809.00,3300.00,2900.00,2,UNKNOWN,22839.00,16800.00,16500.00,2,3,1,2,0,RankingBased(AffineTemplate),BOTH UNKNOWN,-,-
c.01-no-inv_true-termination.c,c,1000,UNKNOWN,8967.00,3600.00,3200.00,2,UNKNOWN,23226.00,17500.00,17300.00,2,3,1,2,0,RankingBased(AffineTemplate),BOTH UNKNOWN,-,-
c.01.c,c,1000,UNKNOWN,5319.00,1300.00,1100.00,2,UNKNOWN,7201.00,3100.00,2900.00,2,3,1,2,0,RankingBased(2-4-NestedTemplate),BOTH UNKNOWN,-,-
c.01_assume-alloca.c,c,1000,UNKNOWN,11205.00,-,-,-,UNKNOWN,11186.00,-,-,-,2,2,0,0,RankingBased(AffineTemplate),BOTH UNKNOWN,-,-
c.01_assume-alloca_false-no-overflow.c,c,1000,UNKNOWN,10810.00,-,-,-,UNKNOWN,11083.00,-,-,-,2,2,0,0,RankingBased(AffineTemplate),BOTH UNKNOWN,-,-
c.01_assume-alloca_true-termination.c,c,1000,UNKNOWN,10932.00,-,-,-,UNKNOWN,11106.00,-,-,-,2,2,0,0,RankingBased(AffineTemplate),BOTH UNKNOWN,-,-
c.01_assume.c,c,1000,TERMINATING,5281.00,1200.00,700.00,4,TERMINATING,5351.00,1200.00,800.00,4,3,3,0,0,RankingBased(AffineTemplate),SAME,0.987,1.000
c.01_assume_false-no-overflow.c,c,1000,TERMINATING,5364.00,1200.00,700.00,4,TERMINATING,5439.00,1200.00,700.00,4,3,3,0,0,RankingBased(AffineTemplate),SAME,0.986,1.000
c.01_assume_true-termination.c,c,1000,TERMINATING,5315.00,1100.00,500.00,4,TERMINATING,5301.00,1200.00,600.00,4,3,3,0,0,RankingBased(AffineTemplate),SAME,1.003,0.917
c.02.c,c,1000,TERMINATING,5794.00,900.00,500.00,4,TERMINATING,5731.00,1200.00,800.00,5,4,4,0,0,RankingBased(2-4-NestedTemplate)|RankingBased(AffineTemplate),SAME,1.011,0.750
c.02_false-no-overflow.c,c,1000,TERMINATING,5976.00,1300.00,700.00,4,TERMINATING,5866.00,1300.00,800.00,4,3,3,0,0,RankingBased(AffineTemplate),SAME,1.019,1.000
c.02_true-termination.c,c,1000,TERMINATING,5384.00,1200.00,600.00,4,TERMINATING,6394.00,1700.00,800.00,4,3,3,0,0,RankingBased(AffineTemplate),SAME,0.842,0.706
c.03-alloca_false-no-overflow.c,c,1000,UNKNOWN,27757.00,-,-,-,UNKNOWN,27483.00,-,-,-,2,2,0,0,RankingBased(2-4-NestedTemplate)|RankingBased(AffineTemplate),BOTH UNKNOWN,-,-
c.03-alloca_true-termination.c,c,1000,UNKNOWN,34853.00,-,-,-,UNKNOWN,33876.00,-,-,-,2,2,0,0,RankingBased(AffineTemplate),BOTH UNKNOWN,-,-
c.03.c,c,1000,TERMINATING,6195.00,800.00,600.00,2,TERMINATING,5029.00,500.00,400.00,2,1,1,0,0,RankingBased(2-4-MultiphaseTemplate),SAME,1.232,1.600
c.03_false-no-overflow.c,c,1000,TERMINATING,7836.00,1600.00,1300.00,2,TERMINATING,6192.00,1400.00,600.00,2,1,1,0,0,RankingBased(2-4-MultiphaseTemplate),SAME,1.266,1.143
c.03_true-termination.c,c,1000,TERMINATING,7255.00,800.00,600.00,2,TERMINATING,6778.00,2000.00,1200.00,2,1,1,0,0,RankingBased(2-4-MultiphaseTemplate),SAME,1.070,0.400
c.04-no-inv.c,c,1000,TERMINATING,6913.00,800.00,600.00,2,TERMINATING,7357.00,1900.00,1400.00,2,1,1,0,0,RankingBased(AffineTemplate),SAME,0.940,0.421
c.04.c,c,1000,TERMINATING,6924.00,800.00,600.00,2,TERMINATING,6820.00,2000.00,1700.00,2,1,1,0,0,RankingBased(AffineTemplate),SAME,1.015,0.400
c.05.c,c,1000,NONTERMINATING,6290.00,200.00,200.00,1,NONTERMINATING,5517.00,800.00,700.00,1,0,0,0,0,-,SAME,1.140,0.250
c.07-alloca.c,c,1000,TERMINATING,19338.00,12800.00,12000.00,3,TERMINATING,21838.00,15900.00,13400.00,3,1,1,0,0,RankingBased(2-4-NestedTemplate),SAME,0.886,0.805
c.07.c,c,1000,TERMINATING,6854.00,400.00,300.00,2,TERMINATING,6661.00,1500.00,1100.00,2,1,1,0,0,RankingBased(AffineTemplate),SAME,1.029,0.267
c.07_true-termination.c,c,1000,TERMINATING,7204.00,500.00,300.00,2,TERMINATING,7470.00,1600.00,900.00,2,1,1,0,0,RankingBased(AffineTemplate),SAME,0.964,0.312
c.08-alloca.c,c,1000,UNKNOWN,16710.00,-,-,-,UNKNOWN,16486.00,-,-,-,1,1,0,0,RankingBased(AffineTemplate),BOTH UNKNOWN,-,-
c.08-alloca_false-no-overflow.c,c,1000,UNKNOWN,16737.00,-,-,-,UNKNOWN,17175.00,-,-,-,1,1,0,0,RankingBased(AffineTemplate),BOTH UNKNOWN,-,-
c.08-alloca_true-termination.c,c,1000,UNKNOWN,19843.00,-,-,-,UNKNOWN,38885.00,-,-,-,1,1,0,0,RankingBased(2-4-NestedTemplate),BOTH UNKNOWN,-,-
c.08.c,c,1000,TERMINATING,20469.00,5100.00,3400.00,4,TERMINATING,21529.00,6300.00,3700.00,4,3,3,0,0,RankingBased(2-4-NestedTemplate)|RankingBased(AffineTemplate),SAME,0.951,0.810
c.08_true-termination.c,c,1000,TERMINATING,25666.00,8600.00,4300.00,4,TERMINATING,30980.00,12600.00,3200.00,5,4,4,0,0,RankingBased(2-4-LexicographicTemplate)|RankingBased(2-4-MultiphaseTemplate)|RankingBased(2-4-NestedTemplate)|RankingBased(AffineTemplate),SAME,0.828,0.683
c.09.c,c,1000,TERMINATING,21652.00,4100.00,3400.00,2,TERMINATING,23925.00,4800.00,4000.00,2,1,1,0,0,RankingBased(AffineTemplate),SAME,0.905,0.854
c.10.c,c,1000,NONTERMINATING,20725.00,1800.00,1600.00,1,NONTERMINATING,21483.00,3200.00,3200.00,1,0,0,0,0,-,SAME,0.965,0.562
calloc01.c,c,1000,NONTERMINATING,5354.00,200.00,200.00,1,NONTERMINATING,4649.00,200.00,100.00,1,0,0,0,0,-,SAME,1.152,1.000
calloc04.c,c,1000,NONTERMINATING,4808.00,400.00,300.00,1,NONTERMINATING,5106.00,200.00,200.00,1,0,0,0,0,-,SAME,0.942,2.000
cav2.c,c,1000,NONTERMINATING,5718.00,500.00,400.00,1,NONTERMINATING,6348.00,500.00,400.00,1,0,0,0,0,-,SAME,0.901,1.000
cfg.t2.c,c,1000,NONTERMINATING,6383.00,600.00,500.00,1,NONTERMINATING,5038.00,600.00,500.00,1,0,0,0,0,-,SAME,1.267,1.000
chaining1.c,c,1000,NONTERMINATING,6562.00,400.00,400.00,1,NONTERMINATING,6083.00,900.00,800.00,1,0,0,0,0,-,SAME,1.079,0.444
chaining2.c,c,1000,TERMINATING,8925.00,4200.00,3900.00,2,TERMINATING,29773.00,25000.00,24800.00,2,4,1,3,0,RankingBased(AffineTemplate),SAME,0.300,0.168
chunk1.c,c,1000,TERMINATING,10799.00,3900.00,3200.00,2,TERMINATING,13896.00,7400.00,6300.00,2,2,1,1,0,RankingBased(2-4-NestedTemplate),SAME,0.777,0.527
cll_search-alloca-1.c,c,1000,UNKNOWN,35331.00,-,-,-,UNKNOWN,20104.00,-,-,-,1,1,0,0,RankingBased(AffineTemplate),BOTH UNKNOWN,-,-
cll_search-alloca-2.c,c,1000,NONTERMINATING,37311.00,32500.00,32000.00,2,NONTERMINATING,15221.00,10500.00,10100.00,2,1,1,0,0,RankingBased(AffineTemplate),SAME,2.451,3.095
cll_search-alloca-WithForgottenReturn_false-valid-deref.c,c,1000,NONTERMINATING,35715.00,30700.00,30400.00,2,NONTERMINATING,17323.00,10300.00,9600.00,2,1,1,0,0,RankingBased(AffineTemplate),SAME,2.062,2.981
cll_traverse-alloca.c,c,1000,UNKNOWN,146406.00,-,-,-,NONTERMINATING,18887.00,11300.00,10800.00,2,1,1,0,0,RankingBased(AffineTemplate),Ultimate-PL ONLY,-,-
cnt.t2.c,c,1000,TERMINATING,98118.00,91000.00,28400.00,28,TERMINATING,231265.00,219200.00,66700.00,28,6,6,0,0,RankingBased(2-4-LexicographicTemplate)|RankingBased(2-4-MultiphaseTemplate)|RankingBased(2-4-NestedTemplate)|RankingBased(AffineTemplate),SAME,0.424,0.415
collatz.c,c,1000,TIMEOUT,1000027.00,983800.00,43500.00,84,TIMEOUT,1000017.00,985900.00,230800.00,180,12,12,0,0,RankingBased(2-4-LexicographicTemplate)|RankingBased(2-4-NestedTemplate)|RankingBased(AffineTemplate),BOTH TIMEOUT,-,-
compoundLiterals_02.c,c,1000,TERMINATING,6669.00,1700.00,1200.00,2,TERMINATING,7757.00,2100.00,1700.00,2,1,1,0,0,RankingBased(AffineTemplate),SAME,0.860,0.810
compoundLiterals_03.c,c,1000,TERMINATING,8571.00,3300.00,3000.00,2,TERMINATING,7498.00,2300.00,2100.00,2,1,1,0,0,RankingBased(AffineTemplate),SAME,1.143,1.435
constants.t2.c,c,1000,TERMINATING,8924.00,2200.00,1200.00,2,TERMINATING,7537.00,2800.00,1500.00,2,1,1,0,0,RankingBased(AffineTemplate),SAME,1.184,0.786
consts1.t2.c,c,1000,TERMINATING,8315.00,2500.00,1700.00,4,TERMINATING,8836.00,2400.00,1300.00,4,1,1,0,0,RankingBased(2-4-NestedTemplate),SAME,0.941,1.042
consts1nt.t2.c,c,1000,NONTERMINATING,6374.00,700.00,700.00,1,NONTERMINATING,6639.00,600.00,500.00,1,0,0,0,0,-,SAME,0.960,1.167
consts2nt.t2.c,c,1000,NONTERMINATING,7322.00,500.00,500.00,1,NONTERMINATING,6662.00,700.00,700.00,1,0,0,0,0,-,SAME,1.099,0.714
consts3nt.t2.c,c,1000,NONTERMINATING,6779.00,1600.00,1500.00,1,NONTERMINATING,6701.00,1400.00,1300.00,1,0,0,0,0,-,SAME,1.012,1.143
consts4nt.t2.c,c,1000,NONTERMINATING,6426.00,600.00,600.00,1,NONTERMINATING,7439.00,500.00,500.00,1,0,0,0,0,-,SAME,0.864,1.200
consts5nt.t2.c,c,1000,NONTERMINATING,7205.00,700.00,700.00,1,NONTERMINATING,7590.00,1500.00,1500.00,1,0,0,0,0,-,SAME,0.949,0.467
continue-Safe.c,c,1000,NONTERMINATING,4905.00,100.00,100.00,1,NONTERMINATING,7082.00,100.00,100.00,1,0,0,0,0,-,SAME,0.693,1.000
continueStatement.c,c,1000,TERMINATING,7966.00,3700.00,2700.00,4,TERMINATING,8276.00,3100.00,1900.00,4,3,3,0,0,RankingBased(2-4-NestedTemplate)|RankingBased(AffineTemplate),SAME,0.963,1.194
coolant_basis_1_neg.c,c,1000,NONTERMINATING,16220.00,10800.00,9800.00,2,NONTERMINATING,35029.00,27600.00,27000.00,2,2,1,1,0,RankingBased(AffineTemplate),SAME,0.463,0.391
coolant_basis_1_neg_false-valid-ltl.c,c,1000,NONTERMINATING,29417.00,21400.00,16200.00,5,NONTERMINATING,48833.00,42300.00,37300.00,5,5,4,1,0,RankingBased(2-4-NestedTemplate)|RankingBased(AffineTemplate),SAME,0.602,0.506
coolant_basis_1_safe_sfty_true-valid-ltl.c,c,1000,NONTERMINATING,33095.00,24800.00,19200.00,5,NONTERMINATING,63034.00,55100.00,49400.00,5,5,4,1,0,RankingBased(2-4-NestedTemplate)|RankingBased(AffineTemplate),SAME,0.525,0.450
coolant_basis_1_unsafe_sfty.c,c,1000,NONTERMINATING,43873.00,28000.00,26800.00,2,NONTERMINATING,66295.00,48600.00,44200.00,2,2,1,1,0,RankingBased(2-4-MultiphaseTemplate),SAME,0.662,0.576
coolant_basis_1_unsafe_sfty_false-valid-ltl.c,c,1000,NONTERMINATING,73986.00,57100.00,41600.00,5,NONTERMINATING,44823.00,35100.00,31000.00,5,5,4,1,0,RankingBased(AffineTemplate),SAME,1.651,1.627
coolant_basis_2_neg.c,c,1000,NONTERMINATING,13925.00,9600.00,9300.00,2,NONTERMINATING,33401.00,28900.00,28500.00,2,2,1,1,0,RankingBased(AffineTemplate),SAME,0.417,0.332
coolant_basis_2_safe_liveness.c,c,1000,NONTERMINATING,17879.00,12500.00,11800.00,2,NONTERMINATING,35891.00,30200.00,29200.00,2,2,1,1,0,RankingBased(2-4-LexicographicTemplate),SAME,0.498,0.414
coolant_basis_3_safe_sftyliveness_true-valid-ltl.c,c,1000,NONTERMINATING,10845.00,5100.00,5100.00,1,NONTERMINATING,11589.00,5700.00,5700.00,1,1,0,1,0,-,SAME,0.936,0.895
coolant_basis_3_unsafe_sftyliveness_false-valid-ltl.c,c,1000,NONTERMINATING,9893.00,3700.00,3700.00,1,NONTERMINATING,11061.00,4500.00,4500.00,1,1,0,1,0,-,SAME,0.894,0.822
coolant_basis_4_1_unsafe_sftyliveness.c,c,1000,NONTERMINATING,10548.00,3400.00,3400.00,1,NONTERMINATING,11388.00,5200.00,5100.00,1,1,0,1,0,-,SAME,0.926,0.654
coolant_basis_4_1_unsafe_sftyliveness_false-valid-ltl.c,c,1000,NONTERMINATING,12027.00,6900.00,6800.00,1,NONTERMINATING,11313.00,6500.00,6500.00,1,1,0,1,0,-,SAME,1.063,1.062
coolant_basis_4_2_unsafe_sftyliveness.c,c,1000,NONTERMINATING,9332.00,3000.00,3000.00,1,NONTERMINATING,11334.00,4000.00,3900.00,1,1,0,1,0,-,SAME,0.823,0.750
coolant_basis_4_2_unsafe_sftyliveness_false-valid-ltl.c,c,1000,NONTERMINATING,12526.00,4800.00,4700.00,1,NONTERMINATING,13792.00,8500.00,8500.00,1,1,0,1,0,-,SAME,0.908,0.565
coolant_basis_4_neg_false-valid-ltl.c,c,1000,NONTERMINATING,10696.00,6100.00,6100.00,1,NONTERMINATING,11775.00,5300.00,5200.00,1,1,0,1,0,-,SAME,0.908,1.151
coolant_basis_4_safe_sftyliveness_true-valid-ltl.c,c,1000,NONTERMINATING,11470.00,4200.00,4100.00,1,NONTERMINATING,13681.00,7200.00,7200.00,1,1,0,1,0,-,SAME,0.838,0.583
coolant_basis_4_unsafe_sftyliveness.c,c,1000,NONTERMINATING,11341.00,6200.00,6100.00,1,NONTERMINATING,11708.00,6300.00,6300.00,1,1,0,1,0,-,SAME,0.969,0.984
coolant_basis_4_unsafe_sftyliveness_false-valid-ltl.c,c,1000,NONTERMINATING,12171.00,5200.00,5200.00,1,NONTERMINATING,14871.00,7600.00,7500.00,1,1,0,1,0,-,SAME,0.818,0.684
coolant_basis_5_neg_false-valid-ltl.c,c,1000,NONTERMINATING,14702.00,7700.00,7700.00,1,NONTERMINATING,22275.00,11900.00,11900.00,1,1,0,1,0,-,SAME,0.660,0.647
coolant_basis_5_safe_sftyliveness_true-valid-ltl.c,c,1000,NONTERMINATING,34060.00,17200.00,17000.00,1,NONTERMINATING,37705.00,21100.00,21100.00,1,1,0,1,0,-,SAME,0.903,0.815
coolant_basis_5_unsafe_sftyliveness.c,c,1000,NONTERMINATING,35829.00,18500.00,18400.00,1,NONTERMINATING,39906.00,21400.00,21200.00,1,1,0,1,0,-,SAME,0.898,0.864
coolant_basis_5_unsafe_sftyliveness_false-valid-ltl.c,c,1000,NONTERMINATING,41238.00,23300.00,23200.00,1,NONTERMINATING,45067.00,26100.00,26000.00,1,1,0,1,0,-,SAME,0.915,0.893
coolant_basis_6_safe_sftyliveness.c,c,1000,NONTERMINATING,9735.00,3700.00,3600.00,1,NONTERMINATING,9913.00,3900.00,3900.00,1,1,0,1,0,-,SAME,0.982,0.949
coolant_basis_6_safe_sftyliveness_true-valid-ltl.c,c,1000,NONTERMINATING,8995.00,3600.00,3500.00,1,NONTERMINATING,8860.00,4100.00,4100.00,1,1,0,1,0,-,SAME,1.015,0.878
coolant_basis_6_unsafe_sftyliveness.c,c,1000,NONTERMINATING,7371.00,2700.00,2700.00,1,NONTERMINATING,8140.00,3400.00,3300.00,1,1,0,1,0,-,SAME,0.906,0.794
coolant_basis_6_unsafe_sftyliveness_false-valid-ltl.c,c,1000,NONTERMINATING,8710.00,4000.00,3900.00,1,NONTERMINATING,9067.00,4500.00,4500.00,1,1,0,1,0,-,SAME,0.961,0.889
count_down-alloca-2.c,c,1000,UNKNOWN,11796.00,-,-,-,UNKNOWN,12522.00,-,-,-,3,3,0,0,RankingBased(2-4-NestedTemplate)|RankingBased(AffineTemplate),BOTH UNKNOWN,-,-
count_down-alloca_true-termination.c,c,1000,UNKNOWN,11595.00,-,-,-,UNKNOWN,12129.00,-,-,-,3,3,0,0,RankingBased(2-4-NestedTemplate)|RankingBased(AffineTemplate),BOTH UNKNOWN,-,-
count_up_alloca.c,c,1000,UNKNOWN,12407.00,-,-,-,UNKNOWN,12323.00,-,-,-,3,3,0,0,RankingBased(AffineTemplate),BOTH UNKNOWN,-,-
counting-bits-BK.c,c,1000,TERMINATING,7359.00,2000.00,1300.00,2,TERMINATING,5762.00,600.00,400.00,2,1,1,0,0,RankingBased(AffineTemplate),SAME,1.277,3.333
counting-bits-set.c,c,1000,TERMINATING,8192.00,1700.00,1400.00,2,TERMINATING,7426.00,2800.00,2200.00,2,1,1,0,0,RankingBased(AffineTemplate),SAME,1.103,0.607
crc.t2.c,c,1000,TERMINATING,37064.00,31500.00,13900.00,24,TERMINATING,46716.00,39000.00,17400.00,24,5,5,0,0,RankingBased(2-4-NestedTemplate)|RankingBased(AffineTemplate),SAME,0.793,0.808
create.t2.c,c,1000,TERMINATING,27815.00,12700.00,4400.00,2,TERMINATING,37194.00,18000.00,5800.00,2,1,1,0,0,RankingBased(2-4-NestedTemplate),SAME,0.748,0.706
create_seg.t2.c,c,1000,TERMINATING,16219.00,7800.00,1200.00,2,TERMINATING,22438.00,12100.00,4500.00,2,1,1,0,0,RankingBased(AffineTemplate),SAME,0.723,0.645
create_via_tmps.t2.c,c,1000,TERMINATING,70174.00,46800.00,13900.00,3,TERMINATING,76314.00,51200.00,14800.00,3,2,2,0,0,RankingBased(2-4-LexicographicTemplate)|RankingBased(AffineTemplate),SAME,0.920,0.914
cstrcat_mixed_alloca.c,c,1000,UNKNOWN,1000018.00,987200.00,986900.00,2,TERMINATING,35104.00,18800.00,18300.00,3,2,2,0,0,RankingBased(AffineTemplate),Ultimate-PL ONLY,-,-
cstrcat_reverse_alloca.c,c,1000,TERMINATING,20031.00,15500.00,15100.00,3,TERMINATING,18001.00,13400.00,13100.00,3,2,2,0,0,RankingBased(AffineTemplate),SAME,1.113,1.157
cstrchr-alloca-1.c,c,1000,TERMINATING,375900.00,370500.00,370200.00,3,TERMINATING,13215.00,8400.00,8100.00,3,1,1,0,0,RankingBased(AffineTemplate),SAME,28.445,44.107
cstrchr-alloca_true-termination.c,c,1000,TERMINATING,705134.00,700100.00,699700.00,3,TERMINATING,11537.00,7100.00,6800.00,3,1,1,0,0,RankingBased(AffineTemplate),SAME,61.119,98.606
cstrchr_diffterm_alloca.c,c,1000,UNKNOWN,1000003.00,995300.00,995000.00,2,TERMINATING,9654.00,5100.00,4600.00,3,1,1,0,0,RankingBased(2-4-NestedTemplate),Ultimate-PL ONLY,-,-
cstrchr_malloc.c,c,1000,TERMINATING,688674.00,683500.00,683000.00,3,TERMINATING,9198.00,4300.00,4100.00,3,1,1,0,0,RankingBased(AffineTemplate),SAME,74.872,158.953
cstrcmp-alloca-1.c,c,1000,UNKNOWN,17824.00,-,-,-,UNKNOWN,16720.00,-,-,-,0,0,0,0,-,BOTH UNKNOWN,-,-
cstrcmp-alloca_true-termination.c,c,1000,UNKNOWN,18679.00,-,-,-,UNKNOWN,16732.00,-,-,-,0,0,0,0,-,BOTH UNKNOWN,-,-
cstrcmp_mixed_alloca.c,c,1000,UNKNOWN,1000003.00,993600.00,993400.00,2,TERMINATING,12305.00,7700.00,7400.00,3,1,1,0,0,RankingBased(AffineTemplate),Ultimate-PL ONLY,-,-
cstrcpy-alloca.i_10.bpl,bpl,1000,TERMINATING,4812.00,3000.00,2800.00,2,TERMINATING,4074.00,2100.00,1900.00,2,1,1,0,0,RankingBased(AffineTemplate),SAME,1.181,1.429
cstrcpy-alloca.i_8.bpl,bpl,1000,TERMINATING,4849.00,3000.00,2800.00,2,TERMINATING,3953.00,1900.00,1800.00,2,1,1,0,0,RankingBased(AffineTemplate),SAME,1.227,1.579
cstrcpy_malloc.c,c,1000,TERMINATING,11251.00,6500.00,6000.00,2,TERMINATING,12155.00,6800.00,6300.00,2,1,1,0,0,RankingBased(AffineTemplate),SAME,0.926,0.956
cstrcpy_reverse_alloca.c,c,1000,TERMINATING,17931.00,12300.00,11900.00,2,TERMINATING,11666.00,6200.00,5900.00,2,1,1,0,0,RankingBased(AffineTemplate),SAME,1.537,1.984
cstrcspn-alloca_true-termination.c,c,1000,TIMEOUT,1000004.00,994900.00,994600.00,4,TERMINATING,30622.00,26000.00,24900.00,7,3,3,0,0,RankingBased(AffineTemplate),Ultimate-PL ONLY,-,-
cstrcspn.c,c,1000,UNKNOWN,93973.00,-,-,-,TERMINATING,64106.00,59700.00,58300.00,7,3,2,1,0,RankingBased(AffineTemplate),Ultimate-PL ONLY,-,-
cstrcspn_mixed_alloca.c,c,1000,UNKNOWN,470534.00,466100.00,466000.00,2,TERMINATING,21879.00,17200.00,16400.00,7,3,3,0,0,RankingBased(AffineTemplate),Ultimate-PL ONLY,-,-
cstrcspn_true-termination.c,c,1000,TIMEOUT,1000003.00,996100.00,995700.00,4,TERMINATING,38496.00,33700.00,31300.00,7,3,3,0,0,RankingBased(AffineTemplate),Ultimate-PL ONLY,-,-
cstrlen_diffterm_alloca.c,c,1000,TERMINATING,7972.00,2800.00,2300.00,2,TERMINATING,7639.00,1900.00,1600.00,2,1,1,0,0,RankingBased(AffineTemplate),SAME,1.044,1.474
cstrlen_malloc.c,c,1000,TERMINATING,8905.00,4000.00,3500.00,2,TERMINATING,8496.00,3400.00,3000.00,2,1,1,0,0,RankingBased(AffineTemplate),SAME,1.048,1.176
cstrlen_reverse_alloca.c,c,1000,TERMINATING,10050.00,4200.00,4000.00,2,TERMINATING,7542.00,2400.00,2100.00,2,1,1,0,0,RankingBased(AffineTemplate),SAME,1.333,1.750
cstrncat-alloca-1.c,c,1000,TERMINATING,11301.00,5200.00,4700.00,3,TERMINATING,9767.00,4500.00,4100.00,3,1,1,0,0,RankingBased(AffineTemplate),SAME,1.157,1.156
cstrncat-alloca_true-termination.c,c,1000,TERMINATING,8212.00,3400.00,3100.00,3,TERMINATING,7574.00,3100.00,2800.00,3,1,1,0,0,RankingBased(AffineTemplate),SAME,1.084,1.097
cstrncat_diffterm_alloca.c,c,1000,TERMINATING,8049.00,3500.00,3200.00,3,TERMINATING,7578.00,3000.00,2700.00,3,1,1,0,0,RankingBased(AffineTemplate),SAME,1.062,1.167
cstrncat_malloc.c,c,1000,TERMINATING,8246.00,3900.00,3600.00,3,TERMINATING,9169.00,4000.00,3700.00,3,1,1,0,0,RankingBased(AffineTemplate),SAME,0.899,0.975
cstrncat_mixed_alloca.c,c,1000,TERMINATING,8208.00,3600.00,3200.00,3,TERMINATING,7790.00,3100.00,2800.00,3,1,1,0,0,RankingBased(AffineTemplate),SAME,1.054,1.161
cstrncat_reverse_alloca.c,c,1000,TERMINATING,11344.00,6500.00,6200.00,3,TERMINATING,7742.00,3200.00,2900.00,3,1,1,0,0,RankingBased(AffineTemplate),SAME,1.465,2.031
cstrncmp-alloca-2.c,c,1000,TERMINATING,25313.00,20800.00,20500.00,4,TERMINATING,27390.00,22800.00,22500.00,4,1,0,1,0,-,SAME,0.924,0.912
cstrncpy-alloca-1.c,c,1000,TERMINATING,16466.00,12000.00,11600.00,3,TERMINATING,13919.00,9400.00,9000.00,3,2,2,0,0,RankingBased(AffineTemplate),SAME,1.183,1.277
cstrncpy-alloca_true-termination.c,c,1000,TERMINATING,16664.00,12200.00,11800.00,3,TERMINATING,13782.00,9400.00,8900.00,3,2,2,0,0,RankingBased(AffineTemplate),SAME,1.209,1.298
cstrncpy_diffterm_alloca.c,c,1000,TERMINATING,14027.00,9700.00,9200.00,3,TERMINATING,13100.00,8500.00,8100.00,3,2,2,0,0,RankingBased(AffineTemplate),SAME,1.071,1.141
cstrncpy_mixed_alloca.c,c,1000,TERMINATING,18114.00,13600.00,13200.00,3,TERMINATING,13435.00,8900.00,8500.00,3,2,2,0,0,RankingBased(AffineTemplate),SAME,1.348,1.528
cstrpbrk-alloca-1.c,c,1000,UNKNOWN,11730.00,-,-,-,UNKNOWN,12381.00,-,-,-,0,0,0,0,-,BOTH UNKNOWN,-,-
cstrpbrk-alloca_true-termination.c,c,1000,UNKNOWN,12198.00,-,-,-,UNKNOWN,12070.00,-,-,-,0,0,0,0,-,BOTH UNKNOWN,-,-
cstrpbrk.c,c,1000,TIMEOUT,1000003.00,995900.00,995400.00,4,UNKNOWN,1000004.00,995900.00,995400.00,4,2,1,1,0,RankingBased(AffineTemplate),NEITHER,-,-
cstrpbrk_diffterm_alloca.c,c,1000,UNKNOWN,771692.00,-,-,-,TERMINATING,28671.00,24300.00,23300.00,6,3,3,0,0,RankingBased(AffineTemplate),Ultimate-PL ONLY,-,-
cstrpbrk_reverse_alloca.c,c,1000,TIMEOUT,1000003.00,996000.00,995500.00,4,TERMINATING,20530.00,16100.00,15300.00,6,3,3,0,0,RankingBased(AffineTemplate),Ultimate-PL ONLY,-,-
cstrpbrk_true-termination.c,c,1000,TIMEOUT,1000007.00,996000.00,995500.00,4,TERMINATING,94275.00,85700.00,80600.00,6,3,3,0,0,RankingBased(AffineTemplate),Ultimate-PL ONLY,-,-
cstrspn.c,c,1000,UNKNOWN,1000018.00,984100.00,980100.00,4,UNKNOWN,541184.00,-,-,-,2,1,1,0,RankingBased(AffineTemplate),BOTH UNKNOWN,-,-
cstrspn_diffterm_alloca.c,c,1000,UNKNOWN,12797.00,-,-,-,UNKNOWN,12835.00,-,-,-,0,0,0,0,-,BOTH UNKNOWN,-,-
cstrspn_malloc.c,c,1000,UNKNOWN,57570.00,-,-,-,TERMINATING,28926.00,24200.00,23200.00,6,3,3,0,0,RankingBased(AffineTemplate),Ultimate-PL ONLY,-,-
cstrspn_reverse_alloca.c,c,1000,UNKNOWN,940791.00,-,-,-,TERMINATING,21283.00,16900.00,16100.00,6,3,3,0,0,RankingBased(AffineTemplate),Ultimate-PL ONLY,-,-
cstrspn_true-termination.c,c,1000,TIMEOUT,1000010.00,996000.00,995500.00,4,TERMINATING,136491.00,122200.00,114900.00,6,3,3,0,0,RankingBased(AffineTemplate),Ultimate-PL ONLY,-,-
ctl.t2.c,c,1000,NONTERMINATING,23254.00,4600.00,4400.00,1,NONTERMINATING,21233.00,4100.00,3900.00,1,0,0,0,0,-,SAME,1.095,1.122
curious.t2.c,c,1000,NONTERMINATING,11846.00,600.00,500.00,2,NONTERMINATING,8015.00,1500.00,1200.00,2,0,0,0,0,-,SAME,1.478,0.400
curious4.t2.c,c,1000,NONTERMINATING,59007.00,34200.00,33100.00,2,NONTERMINATING,66622.00,38700.00,37500.00,2,0,0,0,0,-,SAME,0.886,0.884
d.t2.c,c,1000,NONTERMINATING,5218.00,600.00,600.00,1,NONTERMINATING,5077.00,600.00,600.00,1,0,0,0,0,-,SAME,1.028,1.000
db2.t2.c,c,1000,NONTERMINATING,89005.00,81100.00,67300.00,13,NONTERMINATING,96660.00,90000.00,73100.00,13,1,1,0,0,RankingBased(AffineTemplate),SAME,0.921,0.901
db3.t2.c,c,1000,NONTERMINATING,99182.00,90000.00,72200.00,13,NONTERMINATING,106733.00,99000.00,81300.00,13,1,1,0,0,RankingBased(AffineTemplate),SAME,0.929,0.909
dead.neg-st88b-succeed.t2.c,c,1000,NONTERMINATING,7254.00,1700.00,1600.00,1,NONTERMINATING,8717.00,900.00,900.00,1,0,0,0,0,-,SAME,0.832,1.889
destroy.t2.c,c,1000,TERMINATING,18792.00,9700.00,3000.00,3,TERMINATING,16105.00,8200.00,3400.00,3,2,2,0,0,RankingBased(AffineTemplate),SAME,1.167,1.183
diff-alloca-1.c,c,1000,TERMINATING,29401.00,21700.00,20800.00,6,TERMINATING,23489.00,17000.00,15100.00,6,3,3,0,0,RankingBased(2-4-NestedTemplate)|RankingBased(AffineTemplate),SAME,1.252,1.276
diff.c,c,1000,UNKNOWN,578347.00,-,-,-,TIMEOUT,1000003.00,995300.00,995000.00,5,2,2,0,0,RankingBased(AffineTemplate),NEITHER,-,-
dijkstra1-both-nt.c,c,1000,NONTERMINATING,5066.00,600.00,600.00,1,NONTERMINATING,4977.00,500.00,500.00,1,0,0,0,0,-,SAME,1.018,1.200
diskperf_simpl1_true-unreach-call_true-termination.cil.c,c,1000,TERMINATING,6160.00,1200.00,400.00,2,TERMINATING,6350.00,1300.00,400.00,2,1,1,0,0,RankingBased(AffineTemplate),SAME,0.970,0.923
division.c,c,1000,NONTERMINATING,4814.00,400.00,400.00,1,NONTERMINATING,4877.00,400.00,400.00,1,0,0,0,0,-,SAME,0.987,1.000
doubleLoop.c,c,1000,TERMINATING,5077.00,700.00,400.00,3,TERMINATING,5362.00,800.00,400.00,3,2,2,0,0,RankingBased(2-4-NestedTemplate)|RankingBased(AffineTemplate),SAME,0.947,0.875
dropbuf.t2.c,c,1000,NONTERMINATING,9494.00,4800.00,2500.00,2,NONTERMINATING,9696.00,4800.00,2400.00,2,1,1,0,0,RankingBased(2-4-NestedTemplate),SAME,0.979,1.000
dummy.t2.c,c,1000,NONTERMINATING,4960.00,600.00,600.00,1,NONTERMINATING,5280.00,600.00,600.00,1,0,0,0,0,-,SAME,0.939,1.000
e-1394complete-succeed.t2.c,c,1000,NONTERMINATING,17938.00,13000.00,7400.00,4,NONTERMINATING,19142.00,14300.00,7800.00,4,3,3,0,0,RankingBased(2-4-NestedTemplate)|RankingBased(AffineTemplate),SAME,0.937,0.909
e-acqrel-fail.t2.c,c,1000,NONTERMINATING,5103.00,800.00,600.00,2,NONTERMINATING,5284.00,800.00,700.00,2,0,0,0,0,-,SAME,0.966,1.000
e-acqrel-succeed.t2.c,c,1000,NONTERMINATING,5250.00,800.00,800.00,1,NONTERMINATING,5485.00,800.00,700.00,1,0,0,0,0,-,SAME,0.957,1.000
e-pgarch-fail.t2.c,c,1000,NONTERMINATING,6022.00,1500.00,1300.00,2,NONTERMINATING,6172.00,1600.00,1400.00,2,0,0,0,0,-,SAME,0.976,0.938
e-pgarch-succeed.t2.c,c,1000,NONTERMINATING,6463.00,1700.00,1600.00,2,NONTERMINATING,6459.00,1600.00,1500.00,2,0,0,0,0,-,SAME,1.001,1.062
easy1.c,c,1000,TERMINATING,5169.00,700.00,500.00,2,TERMINATING,5426.00,700.00,500.00,2,1,1,0,0,RankingBased(AffineTemplate),SAME,0.953,1.000
easy1_true-termination.c,c,1000,TERMINATING,5188.00,700.00,500.00,2,TERMINATING,5159.00,600.00,400.00,2,1,1,0,0,RankingBased(AffineTemplate),SAME,1.006,1.167
easy2-2.c,c,1000,TERMINATING,4918.00,600.00,400.00,2,TERMINATING,5173.00,500.00,400.00,2,1,1,0,0,RankingBased(AffineTemplate),SAME,0.951,1.200
easy2_true-termination.c,c,1000,TERMINATING,5151.00,600.00,400.00,2,TERMINATING,5016.00,600.00,400.00,2,1,1,0,0,RankingBased(2-4-NestedTemplate),SAME,1.027,1.000
easySum-alloca.c,c,1000,TERMINATING,8223.00,3700.00,3100.00,2,TERMINATING,7975.00,3300.00,2700.00,2,1,1,0,0,RankingBased(AffineTemplate),SAME,1.031,1.121
easySum-alloca_true-termination.c,c,1000,TERMINATING,8248.00,3500.00,2600.00,2,TERMINATING,8151.00,3500.00,2800.00,2,1,1,0,0,RankingBased(AffineTemplate),SAME,1.012,1.000
easySum_true-termination.c,c,1000,TERMINATING,5100.00,500.00,300.00,2,TERMINATING,4873.00,500.00,200.00,2,1,1,0,0,RankingBased(AffineTemplate),SAME,1.047,1.000
efegp.t2.c,c,1000,NONTERMINATING,10346.00,5200.00,5100.00,1,NONTERMINATING,10601.00,5200.00,5100.00,1,0,0,0,0,-,SAME,0.976,1.000
elmhes.t2.c,c,1000,TERMINATING,13068.00,8300.00,3000.00,6,TERMINATING,13554.00,8500.00,2800.00,6,5,5,0,0,RankingBased(2-4-MultiphaseTemplate)|RankingBased(2-4-NestedTemplate)|RankingBased(AffineTemplate),SAME,0.964,0.976
email_spec0_product05_true-unreach-call.cil.c,c,1000,TERMINATING,31243.00,23700.00,4000.00,9,TERMINATING,30146.00,23700.00,3800.00,9,7,7,0,0,RankingBased(2-4-NestedTemplate)|RankingBased(AffineTemplate),SAME,1.036,1.000
eric.t2.c,c,1000,TERMINATING,18159.00,13600.00,4400.00,9,TERMINATING,10621.00,5900.00,3000.00,7,4,4,0,0,RankingBased(2-4-NestedTemplate)|RankingBased(AffineTemplate),SAME,1.710,2.305
eric1.t2.c,c,1000,UNKNOWN,485305.00,-,-,-,UNKNOWN,520179.00,-,-,-,15,15,0,0,RankingBased(2-4-LexicographicTemplate)|RankingBased(2-4-NestedTemplate)|RankingBased(AffineTemplate),BOTH UNKNOWN,-,-
eric2.t2.c,c,1000,TIMEOUT,1000003.00,995500.00,65100.00,59,TIMEOUT,1000003.00,995600.00,87100.00,49,49,49,0,0,RankingBased(2-4-NestedTemplate)|RankingBased(AffineTemplate),BOTH TIMEOUT,-,-
eric3.t2.c,c,1000,NONTERMINATING,6694.00,2100.00,1400.00,2,NONTERMINATING,7507.00,2800.00,1700.00,2,1,1,0,0,RankingBased(AffineTemplate),SAME,0.892,0.750
euclid-no-inv.c,c,1000,TERMINATING,5365.00,1000.00,600.00,2,TERMINATING,5726.00,1000.00,600.00,2,1,1,0,0,RankingBased(AffineTemplate),SAME,0.937,1.000
euclid.c,c,1000,TERMINATING,5506.00,900.00,600.00,2,TERMINATING,5576.00,900.00,600.00,2,1,1,0,0,RankingBased(AffineTemplate),SAME,0.987,1.000
ex1.t2.c,c,1000,NONTERMINATING,5311.00,600.00,600.00,1,NONTERMINATING,5188.00,600.00,600.00,1,0,0,0,0,-,SAME,1.024,1.000
ex11.t2.c,c,1000,NONTERMINATING,16104.00,11300.00,7200.00,7,NONTERMINATING,16255.00,11600.00,7400.00,7,3,3,0,0,RankingBased(AffineTemplate),SAME,0.991,0.974
ex14.t2.c,c,1000,TERMINATING,5454.00,900.00,400.00,2,TERMINATING,6496.00,1700.00,400.00,2,1,1,0,0,RankingBased(2-4-NestedTemplate),SAME,0.840,0.529
ex16.t2.c,c,1000,NONTERMINATING,9330.00,4200.00,3900.00,6,NONTERMINATING,9177.00,4200.00,3900.00,6,0,0,0,0,-,SAME,1.017,1.000
ex17.t2.c,c,1000,TERMINATING,7156.00,2300.00,1400.00,5,TERMINATING,7757.00,2700.00,1500.00,5,1,1,0,0,RankingBased(AffineTemplate),SAME,0.923,0.852
ex18.t2.c,c,1000,TERMINATING,9348.00,4400.00,2500.00,6,TERMINATING,9267.00,4600.00,2500.00,6,2,2,0,0,RankingBased(2-4-NestedTemplate)|RankingBased(AffineTemplate),SAME,1.009,0.957
ex2-alloca.c,c,1000,UNKNOWN,47565.00,-,-,-,UNKNOWN,67290.00,-,-,-,2,1,1,0,RankingBased(AffineTemplate),BOTH UNKNOWN,-,-
ex2.t2.c,c,1000,NONTERMINATING,5311.00,900.00,800.00,1,NONTERMINATING,5230.00,800.00,800.00,1,0,0,0,0,-,SAME,1.015,1.125
ex23.t2.c,c,1000,TERMINATING,5676.00,1200.00,500.00,2,TERMINATING,5843.00,1000.00,500.00,2,1,1,0,0,RankingBased(AffineTemplate),SAME,0.971,1.200
ex26.t2.c,c,1000,TERMINATING,6858.00,2300.00,1000.00,3,TERMINATING,7006.00,2300.00,1100.00,3,2,2,0,0,RankingBased(AffineTemplate),SAME,0.979,1.000
ex27.t2.c,c,1000,TERMINATING,12809.00,7500.00,2500.00,6,TERMINATING,12962.00,7700.00,2600.00,6,5,5,0,0,RankingBased(2-4-NestedTemplate)|RankingBased(AffineTemplate),SAME,0.988,0.974
ex3.t2.c,c,1000,TERMINATING,5359.00,1000.00,400.00,2,TERMINATING,5390.00,1000.00,500.00,2,1,1,0,0,RankingBased(AffineTemplate),SAME,0.994,1.000
ex30.t2.c,c,1000,TERMINATING,6328.00,1900.00,700.00,3,TERMINATING,6742.00,2300.00,800.00,3,2,2,0,0,RankingBased(2-4-NestedTemplate)|RankingBased(AffineTemplate),SAME,0.939,0.826
ex31.t2.c,c,1000,NONTERMINATING,4889.00,600.00,500.00,1,NONTERMINATING,4945.00,500.00,500.00,1,0,0,0,0,-,SAME,0.989,1.200
ex32.t2.c,c,1000,TERMINATING,6385.00,2000.00,1000.00,4,TERMINATING,6992.00,2200.00,1000.00,4,3,3,0,0,RankingBased(AffineTemplate),SAME,0.913,0.909
ex36.t2.c,c,1000,NONTERMINATING,47897.00,41800.00,13000.00,16,NONTERMINATING,46440.00,41000.00,13000.00,16,15,15,0,0,RankingBased(2-4-NestedTemplate)|RankingBased(AffineTemplate),SAME,1.031,1.020
ex3_true-termination.c,c,1000,UNKNOWN,525965.00,-,-,-,UNKNOWN,548058.00,-,-,-,5,5,0,0,RankingBased(AffineTemplate),BOTH UNKNOWN,-,-
ex40.t2.c,c,1000,NONTERMINATING,7022.00,1400.00,1300.00,1,NONTERMINATING,6680.00,900.00,800.00,1,0,0,0,0,-,SAME,1.051,1.556
ex7.t2.c,c,1000,TERMINATING,8095.00,2100.00,800.00,2,TERMINATING,7462.00,1600.00,500.00,2,1,1,0,0,RankingBased(AffineTemplate),SAME,1.085,1.312
ex8.t2.c,c,1000,NONTERMINATING,7728.00,1900.00,1200.00,2,NONTERMINATING,8768.00,2600.00,1400.00,2,1,1,0,0,RankingBased(AffineTemplate),SAME,0.881,0.731
ex9.t2.c,c,1000,NONTERMINATING,8935.00,2900.00,1600.00,2,NONTERMINATING,8734.00,2800.00,1500.00,2,1,1,0,0,RankingBased(AffineTemplate),SAME,1.023,1.036
example.t2.c,c,1000,TERMINATING,7536.00,2400.00,1300.00,3,TERMINATING,7778.00,2100.00,1100.00,3,2,2,0,0,RankingBased(AffineTemplate),SAME,0.969,1.143
exampleFile.c,c,1000,NONTERMINATING,5787.00,600.00,600.00,1,NONTERMINATING,5738.00,600.00,600.00,1,0,0,0,0,-,SAME,1.009,1.000
f91.c,c,1000,TERMINATING,10161.00,5700.00,1500.00,6,TERMINATING,9685.00,5400.00,1400.00,6,5,5,0,0,RankingBased(2-4-NestedTemplate)|RankingBased(AffineTemplate),SAME,1.049,1.056
fake-succeed.t2.c,c,1000,NONTERMINATING,13804.00,8300.00,8200.00,1,NONTERMINATING,13966.00,8400.00,8300.00,1,0,0,0,0,-,SAME,0.988,0.988
fast_poll.t2.c,c,1000,NONTERMINATING,10184.00,5000.00,4900.00,1,NONTERMINATING,10646.00,4600.00,4400.00,1,0,0,0,0,-,SAME,0.957,1.087
fermat.t2.c,c,1000,TERMINATING,10884.00,5700.00,2000.00,4,TERMINATING,9349.00,4000.00,1400.00,4,3,3,0,0,RankingBased(AffineTemplate),SAME,1.164,1.425
fibcall.t2.c,c,1000,TERMINATING,5919.00,1000.00,500.00,2,TERMINATING,5645.00,1500.00,500.00,2,1,1,0,0,RankingBased(2-4-NestedTemplate),SAME,1.049,0.667
fibo_5_false-unreach-call.c,c,1000,TERMINATING,11608.00,6800.00,2000.00,7,TERMINATING,10960.00,5300.00,1500.00,7,4,4,0,0,RankingBased(2-4-NestedTemplate)|RankingBased(AffineTemplate),SAME,1.059,1.283
fibonacci.c,c,1000,UNKNOWN,658138.00,-,-,-,UNKNOWN,871881.00,-,-,-,5,5,0,0,RankingBased(2-4-NestedTemplate)|RankingBased(AffineTemplate),BOTH UNKNOWN,-,-
fir.t2.c,c,1000,TERMINATING,8324.00,4000.00,1300.00,4,TERMINATING,8414.00,4100.00,1300.00,4,3,3,0,0,RankingBased(AffineTemplate),SAME,0.989,0.976
firewire.t2.c,c,1000,TERMINATING,37980.00,33500.00,13300.00,17,TERMINATING,36263.00,31800.00,11700.00,17,9,9,0,0,RankingBased(2-4-NestedTemplate)|RankingBased(AffineTemplate),SAME,1.047,1.053
flag-alloca.c,c,1000,TERMINATING,38544.00,34200.00,30700.00,2,TERMINATING,26641.00,22100.00,10400.00,2,1,1,0,0,RankingBased(2-4-MultiphaseTemplate),SAME,1.447,1.548
flag-alloca_true-termination.c,c,1000,TERMINATING,38270.00,33900.00,30500.00,2,TERMINATING,21637.00,17400.00,8800.00,2,1,1,0,0,RankingBased(2-4-MultiphaseTemplate),SAME,1.769,1.948
flag.c,c,1000,TERMINATING,7061.00,3000.00,2800.00,2,TERMINATING,24069.00,19900.00,19700.00,2,2,1,1,0,RankingBased(2-4-MultiphaseTemplate),SAME,0.293,0.151
flag_false-no-overflow_true-termination.c,c,1000,TERMINATING,9845.00,5600.00,5400.00,2,TERMINATING,27939.00,23700.00,23400.00,2,2,1,1,0,RankingBased(2-4-MultiphaseTemplate),SAME,0.352,0.236
flag_true-termination.c,c,1000,TERMINATING,8273.00,4000.00,3700.00,2,TERMINATING,26731.00,22500.00,22100.00,2,2,1,1,0,RankingBased(2-4-MultiphaseTemplate),SAME,0.309,0.178
fourn.c.i.fourn.pl.t2.fixed.t2.c,c,1000,NONTERMINATING,9610.00,4900.00,2800.00,3,NONTERMINATING,12860.00,8100.00,4200.00,3,2,2,0,0,RankingBased(2-4-NestedTemplate)|RankingBased(AffineTemplate),SAME,0.747,0.605
fourn.c.i.fourn.pl.t2.nor.t2.rlgfixed.t2.c,c,1000,NONTERMINATING,14410.00,7500.00,4600.00,3,NONTERMINATING,12477.00,6900.00,3800.00,3,2,2,0,0,RankingBased(2-4-NestedTemplate)|RankingBased(AffineTemplate),SAME,1.155,1.087
fuhs-inflasso.t2.c,c,1000,TIMEOUT,1000004.00,995800.00,481200.00,38,TIMEOUT,1000004.00,-,-,-,37,37,0,0,RankingBased(2-4-NestedTemplate)|RankingBased(AffineTemplate),BOTH TIMEOUT,-,-
fun10.t2.c,c,1000,NONTERMINATING,37075.00,31700.00,31500.00,1,NONTERMINATING,37271.00,31800.00,31700.00,1,0,0,0,0,-,SAME,0.995,0.997
fun10b.t2.c,c,1000,NONTERMINATING,32778.00,27600.00,27500.00,1,NONTERMINATING,33102.00,27800.00,27700.00,1,0,0,0,0,-,SAME,0.990,0.993
fun11.t2.c,c,1000,NONTERMINATING,5729.00,1100.00,1100.00,1,NONTERMINATING,5729.00,1200.00,1100.00,1,0,0,0,0,-,SAME,1.000,0.917
fun1b.t2.c,c,1000,NONTERMINATING,26902.00,21300.00,10600.00,8,NONTERMINATING,25692.00,20200.00,11000.00,8,3,3,0,0,RankingBased(AffineTemplate),SAME,1.047,1.054
fun2.t2.c,c,1000,TERMINATING,40458.00,35000.00,13700.00,11,TERMINATING,41687.00,36100.00,17000.00,13,7,7,0,0,RankingBased(2-4-NestedTemplate)|RankingBased(AffineTemplate),SAME,0.971,0.970
fun4.t2.c,c,1000,TERMINATING,8163.00,3900.00,1400.00,6,TERMINATING,8062.00,3900.00,1500.00,6,3,3,0,0,RankingBased(AffineTemplate),SAME,1.013,1.000
fun5.t2.c,c,1000,TERMINATING,22022.00,17700.00,5200.00,14,TERMINATING,32737.00,28400.00,8200.00,17,12,12,0,0,RankingBased(2-4-NestedTemplate)|RankingBased(AffineTemplate),SAME,0.673,0.623
fun6.t2.c,c,1000,NONTERMINATING,6952.00,2300.00,2300.00,1,NONTERMINATING,7110.00,2400.00,2300.00,1,0,0,0,0,-,SAME,0.978,0.958
fun7.t2.c,c,1000,NONTERMINATING,7212.00,2600.00,2500.00,1,NONTERMINATING,7343.00,2600.00,2500.00,1,0,0,0,0,-,SAME,0.982,1.000
fun8.t2.c,c,1000,TERMINATING,8179.00,3600.00,1300.00,3,TERMINATING,8498.00,3800.00,1400.00,3,2,2,0,0,RankingBased(AffineTemplate),SAME,0.962,0.947
gcd01_true-termination.c,c,1000,TERMINATING,6049.00,1700.00,800.00,4,TERMINATING,7320.00,3000.00,1400.00,6,5,5,0,0,RankingBased(2-4-NestedTemplate)|RankingBased(AffineTemplate),SAME,0.826,0.567
gcd01_true-unreach-call_true-termination.c,c,1000,TERMINATING,6026.00,1700.00,800.00,4,TERMINATING,6233.00,1800.00,900.00,4,3,3,0,0,RankingBased(AffineTemplate),SAME,0.967,0.944
gcd02.c,c,1000,TERMINATING,9668.00,5300.00,3400.00,6,TERMINATING,11461.00,7100.00,4300.00,8,7,7,0,0,RankingBased(AffineTemplate),SAME,0.844,0.746
gcd1-alloca.c,c,1000,UNKNOWN,15856.00,-,-,-,UNKNOWN,17481.00,-,-,-,3,3,0,0,RankingBased(AffineTemplate),BOTH UNKNOWN,-,-
gcd1-alloca_true-termination.c,c,1000,UNKNOWN,15067.00,-,-,-,UNKNOWN,16506.00,-,-,-,3,3,0,0,RankingBased(AffineTemplate),BOTH UNKNOWN,-,-
gcd1.c,c,1000,TERMINATING,6004.00,1700.00,1100.00,4,TERMINATING,6629.00,2300.00,1500.00,6,5,5,0,0,RankingBased(2-4-NestedTemplate)|RankingBased(AffineTemplate),SAME,0.906,0.739
gcd1_true-termination.c,c,1000,TERMINATING,6059.00,1700.00,1100.00,4,TERMINATING,6683.00,2400.00,1500.00,6,5,5,0,0,RankingBased(AffineTemplate),SAME,0.907,0.708
genady-alloca.c,c,1000,TERMINATING,6265.00,2000.00,1300.00,2,TERMINATING,6335.00,2200.00,1300.00,2,1,1,0,0,RankingBased(AffineTemplate),SAME,0.989,0.909
genady-alloca_true-termination.c,c,1000,TERMINATING,6102.00,1900.00,1200.00,2,TERMINATING,6787.00,2600.00,1400.00,2,1,1,0,0,RankingBased(2-4-NestedTemplate),SAME,0.899,0.731
genady.c,c,1000,TERMINATING,4635.00,500.00,300.00,2,TERMINATING,4669.00,500.00,300.00,2,1,1,0,0,RankingBased(AffineTemplate),SAME,0.993,1.000
gotolabelnotfound.c,c,1000,NONTERMINATING,5141.00,200.00,100.00,1,NONTERMINATING,5598.00,100.00,100.00,1,0,0,0,0,-,SAME,0.918,2.000
heidy1.t2.c,c,1000,NONTERMINATING,4870.00,500.00,500.00,1,NONTERMINATING,4827.00,500.00,400.00,1,0,0,0,0,-,SAME,1.009,1.000
heidy10.t2.c,c,1000,TERMINATING,6700.00,2500.00,800.00,4,TERMINATING,6671.00,2500.00,800.00,4,3,3,0,0,RankingBased(2-4-NestedTemplate)|RankingBased(AffineTemplate),SAME,1.004,1.000
heidy2.t2.c,c,1000,NONTERMINATING,4875.00,600.00,500.00,1,NONTERMINATING,4858.00,500.00,500.00,1,0,0,0,0,-,SAME,1.003,1.200
heidy5.t2.c,c,1000,TERMINATING,5269.00,900.00,400.00,2,TERMINATING,5342.00,1000.00,500.00,2,1,1,0,0,RankingBased(AffineTemplate),SAME,0.986,0.900
heidy6.t2.c,c,1000,NONTERMINATING,5764.00,1400.00,800.00,2,NONTERMINATING,5781.00,1300.00,800.00,2,1,1,0,0,RankingBased(AffineTemplate),SAME,0.997,1.077
heidy7-simple.t2.c,c,1000,NONTERMINATING,5739.00,1400.00,800.00,2,NONTERMINATING,5578.00,1300.00,800.00,2,1,1,0,0,RankingBased(AffineTemplate),SAME,1.029,1.077
heidy8.t2.c,c,1000,NONTERMINATING,5558.00,1400.00,800.00,2,NONTERMINATING,5549.00,1400.00,900.00,2,1,1,0,0,RankingBased(AffineTemplate),SAME,1.002,1.000
heidy9.t2.c,c,1000,TERMINATING,5000.00,800.00,400.00,2,TERMINATING,4981.00,800.00,400.00,2,1,1,0,0,RankingBased(AffineTemplate),SAME,1.004,1.000
hongyi1.t2.c,c,1000,TERMINATING,11716.00,7200.00,2800.00,8,TERMINATING,44485.00,39900.00,27800.00,13,4,4,0,0,RankingBased(AffineTemplate),SAME,0.263,0.180
hqr.c.i.hqr.pl.t2.fixed.t2.c,c,1000,NONTERMINATING,17384.00,12300.00,6000.00,6,NONTERMINATING,45604.00,40300.00,9700.00,9,6,6,0,0,RankingBased(2-4-NestedTemplate)|RankingBased(AffineTemplate),SAME,0.381,0.305
hqr.c.i.hqr.pl.t2.nor.t2.rlgfixed.t2.c,c,1000,NONTERMINATING,18587.00,13400.00,6600.00,6,NONTERMINATING,18934.00,13800.00,7100.00,6,3,3,0,0,RankingBased(AffineTemplate),SAME,0.982,0.971
huh.t2.c,c,1000,TERMINATING,7422.00,3000.00,1000.00,3,TERMINATING,7891.00,3300.00,1100.00,3,2,2,0,0,RankingBased(2-4-NestedTemplate)|RankingBased(AffineTemplate),SAME,0.941,0.909
id2_b2_o3_true-unreach-call.c,c,1000,NONTERMINATING,4751.00,500.00,400.00,1,NONTERMINATING,4932.00,400.00,400.00,1,0,0,0,0,-,SAME,0.963,1.250
id_i10_o10_false-unreach-call.c,c,1000,TERMINATING,5155.00,800.00,400.00,2,TERMINATING,5107.00,800.00,400.00,2,1,1,0,0,RankingBased(AffineTemplate),SAME,1.009,1.000
iecs.t2.c,c,1000,TERMINATING,5483.00,1200.00,500.00,2,TERMINATING,5445.00,1200.00,500.00,2,1,1,0,0,RankingBased(2-4-NestedTemplate),SAME,1.007,1.000
infinite.c,c,1000,NONTERMINATING,4651.00,400.00,400.00,1,NONTERMINATING,4733.00,500.00,400.00,1,0,0,0,0,-,SAME,0.983,0.800
inline.c,c,1000,TERMINATING,4813.00,800.00,400.00,2,TERMINATING,5191.00,800.00,500.00,2,1,1,0,0,RankingBased(2-4-NestedTemplate),SAME,0.927,1.000
insertionSort_recursive.c,c,1000,UNKNOWN,11081.00,-,-,-,UNKNOWN,11114.00,-,-,-,2,2,0,0,RankingBased(AffineTemplate),BOTH UNKNOWN,-,-
insertion_sort.c,c,1000,TERMINATING,25850.00,21500.00,20900.00,6,TERMINATING,24819.00,20500.00,19900.00,6,3,3,0,0,RankingBased(AffineTemplate),SAME,1.042,1.049
insertionsort-alloca-2.c,c,1000,TERMINATING,159490.00,155000.00,154200.00,6,TERMINATING,145146.00,140800.00,140000.00,6,2,2,0,0,RankingBased(AffineTemplate),SAME,1.099,1.101
insertionsort-alloca_true-termination.c,c,1000,TERMINATING,157815.00,153500.00,152800.00,6,TERMINATING,143078.00,138700.00,138000.00,6,2,2,0,0,RankingBased(AffineTemplate),SAME,1.103,1.107
insertionsort.c,c,1000,TERMINATING,86719.00,82500.00,81900.00,6,TERMINATING,87155.00,82800.00,82200.00,6,2,2,0,0,RankingBased(AffineTemplate),SAME,0.995,0.996
insertsort.t2.c,c,1000,NONTERMINATING,6109.00,1700.00,1000.00,2,NONTERMINATING,6102.00,1700.00,1100.00,2,1,1,0,0,RankingBased(AffineTemplate),SAME,1.001,1.000
intSqRoot.t2.c,c,1000,NONTERMINATING,4963.00,700.00,600.00,1,NONTERMINATING,4865.00,600.00,600.00,1,0,0,0,0,-,SAME,1.020,1.167
invalid-Hoare-triple-in-FP-ArrayPQE.c,c,1000,TERMINATING,5875.00,1600.00,1300.00,5,TERMINATING,5806.00,1600.00,1200.00,5,1,1,0,0,RankingBased(AffineTemplate),SAME,1.012,1.000
invgen.t2.c,c,1000,TERMINATING,5017.00,900.00,400.00,2,TERMINATING,5090.00,800.00,400.00,2,1,1,0,0,RankingBased(AffineTemplate),SAME,0.986,1.125
jacobi.c.i.jacobi.pl.t2.fixed.t2.c,c,1000,TERMINATING,9201.00,4600.00,1200.00,6,TERMINATING,9453.00,4900.00,1300.00,6,3,3,0,0,RankingBased(2-4-NestedTemplate)|RankingBased(AffineTemplate),SAME,0.973,0.939
jacobi.c.i.jacobi.pl.t2.nor.t2.rlgfixed.t2.c,c,1000,TERMINATING,9260.00,4700.00,1300.00,6,TERMINATING,9508.00,4900.00,1200.00,6,3,3,0,0,RankingBased(2-4-NestedTemplate)|RankingBased(AffineTemplate),SAME,0.974,0.959
jacobi.t2.c,c,1000,TERMINATING,9123.00,4500.00,1100.00,6,TERMINATING,9503.00,4800.00,1400.00,6,3,3,0,0,RankingBased(AffineTemplate),SAME,0.960,0.938
jain_6-1.c,c,1000,NONTERMINATING,4751.00,500.00,500.00,1,NONTERMINATING,4776.00,500.00,400.00,1,0,0,0,0,-,SAME,0.995,1.000
java_AG313-alloca.c,c,1000,TERMINATING,8270.00,3800.00,3100.00,3,TERMINATING,8427.00,4100.00,3100.00,3,1,1,0,0,RankingBased(2-4-NestedTemplate),SAME,0.981,0.927
java_AG313-alloca_true-termination.c,c,1000,TERMINATING,8111.00,3800.00,3100.00,3,TERMINATING,8374.00,4000.00,3300.00,3,1,1,0,0,RankingBased(AffineTemplate),SAME,0.969,0.950
java_AProVEMathRecursive.c,c,1000,TERMINATING,5281.00,900.00,700.00,2,TERMINATING,5474.00,1100.00,800.00,2,1,1,0,0,RankingBased(AffineTemplate),SAME,0.965,0.818
java_Ackermann.c,c,1000,UNKNOWN,566315.00,-,-,-,UNKNOWN,313425.00,-,-,-,8,8,0,0,RankingBased(2-4-NestedTemplate)|RankingBased(AffineTemplate),BOTH UNKNOWN,-,-
java_Avg.c,c,1000,TERMINATING,6856.00,2600.00,1600.00,6,TERMINATING,7041.00,2700.00,1800.00,6,5,5,0,0,RankingBased(AffineTemplate),SAME,0.974,0.963
java_Break-alloca.c,c,1000,TERMINATING,5988.00,1800.00,1200.00,2,UNKNOWN,6612.00,-,-,-,1,1,0,0,RankingBased(AffineTemplate),Ultimate-LR ONLY,-,-
java_Break-alloca_true-termination.c,c,1000,TERMINATING,6205.00,1900.00,1200.00,2,TERMINATING,6576.00,2300.00,1300.00,2,1,1,0,0,RankingBased(2-4-NestedTemplate),SAME,0.944,0.826
java_Break_true-termination.c,c,1000,TERMINATING,4709.00,500.00,300.00,2,TERMINATING,4669.00,400.00,200.00,2,1,1,0,0,RankingBased(AffineTemplate),SAME,1.009,1.250
java_BubbleSort-alloca-2.c,c,1000,UNKNOWN,6701.00,-,-,-,UNKNOWN,6669.00,-,-,-,1,1,0,0,RankingBased(AffineTemplate),BOTH UNKNOWN,-,-
java_BubbleSort-alloca.i_10.bpl,bpl,1000,TERMINATING,15904.00,14100.00,13700.00,6,TERMINATING,13621.00,11600.00,11200.00,6,3,3,0,0,RankingBased(AffineTemplate),SAME,1.168,1.216
java_BubbleSort-alloca_true-termination.c,c,1000,TERMINATING,10573.00,6100.00,5100.00,6,TERMINATING,9026.00,4600.00,3800.00,6,3,3,0,0,RankingBased(AffineTemplate),SAME,1.171,1.326
java_BubbleSort.c,c,1000,TERMINATING,81126.00,76800.00,76200.00,6,TERMINATING,79330.00,75000.00,74500.00,6,3,3,0,0,RankingBased(AffineTemplate),SAME,1.023,1.024
java_Continue1-alloca.c,c,1000,UNKNOWN,20240.00,-,-,-,UNKNOWN,20587.00,-,-,-,1,1,0,0,RankingBased(2-4-NestedTemplate),BOTH UNKNOWN,-,-
java_Continue1-alloca_true-termination.c,c,1000,UNKNOWN,20186.00,-,-,-,UNKNOWN,19554.00,-,-,-,1,1,0,0,RankingBased(AffineTemplate),BOTH UNKNOWN,-,-
java_Continue1.c,c,1000,TERMINATING,4409.00,300.00,200.00,2,TERMINATING,4512.00,300.00,200.00,2,1,1,0,0,RankingBased(AffineTemplate),SAME,0.977,1.000
java_Diff.c,c,1000,TIMEOUT,1000003.00,996100.00,995900.00,3,TIMEOUT,1000004.00,995900.00,995600.00,5,2,2,0,0,RankingBased(AffineTemplate),BOTH TIMEOUT,-,-
java_DivMinus1.c,c,1000,TERMINATING,4489.00,400.00,200.00,2,TERMINATING,4538.00,400.00,300.00,2,1,1,0,0,RankingBased(AffineTemplate),SAME,0.989,1.000
java_DivWithoutMinus.c,c,1000,TERMINATING,5753.00,1600.00,1500.00,2,TERMINATING,8155.00,4000.00,3900.00,2,2,1,1,0,RankingBased(AffineTemplate),SAME,0.705,0.400
java_Double3.c,c,1000,TIMEOUT,1000010.00,997300.00,1300.00,7,TIMEOUT,1000032.00,995000.00,2600.00,7,4,4,0,0,RankingBased(2-4-NestedTemplate)|RankingBased(AffineTemplate),BOTH TIMEOUT,-,-
java_Factorial.c,c,1000,TERMINATING,5168.00,500.00,300.00,2,TERMINATING,4736.00,500.00,300.00,2,1,1,0,0,RankingBased(AffineTemplate),SAME,1.091,1.000
java_LogBuiltIn-alloca.c,c,1000,TERMINATING,6604.00,2200.00,1700.00,2,TERMINATING,6746.00,2300.00,1800.00,2,1,1,0,0,RankingBased(2-4-NestedTemplate),SAME,0.979,0.957
java_LogBuiltIn-alloca_true-termination.c,c,1000,TERMINATING,6565.00,2300.00,1900.00,2,TERMINATING,6386.00,2200.00,1800.00,2,1,1,0,0,RankingBased(AffineTemplate),SAME,1.028,1.045
java_LogBuiltIn_true-termination.c,c,1000,TERMINATING,4812.00,500.00,300.00,2,TERMINATING,4699.00,600.00,300.00,2,1,1,0,0,RankingBased(2-4-NestedTemplate),SAME,1.024,0.833
java_Nested.c,c,1000,TERMINATING,5548.00,1300.00,900.00,13,TERMINATING,5899.00,1400.00,900.00,13,3,3,0,0,RankingBased(AffineTemplate),SAME,0.940,0.929
java_PlusSwap.c,c,1000,TERMINATING,4454.00,400.00,300.00,2,TERMINATING,4539.00,400.00,300.00,2,1,1,0,0,RankingBased(2-4-MultiphaseTemplate),SAME,0.981,1.000
java_Recursions.c,c,1000,TIMEOUT,1000003.00,996100.00,433900.00,160,TIMEOUT,1000003.00,996200.00,419400.00,143,15,15,0,0,RankingBased(2-4-NestedTemplate)|RankingBased(AffineTemplate),BOTH TIMEOUT,-,-
java_Sequence-alloca.c,c,1000,TIMEOUT,1000003.00,995900.00,705000.00,66,TIMEOUT,1000003.00,995400.00,652900.00,71,1,1,0,0,RankingBased(AffineTemplate),BOTH TIMEOUT,-,-
java_Sequence-alloca_true-termination.c,c,1000,TIMEOUT,1000003.00,996000.00,654100.00,68,TIMEOUT,1000003.00,996100.00,659300.00,63,1,1,0,0,RankingBased(AffineTemplate),BOTH TIMEOUT,-,-
java_TimesPlusUserDef.c,c,1000,TERMINATING,12002.00,5100.00,2900.00,7,TERMINATING,13286.00,7200.00,3800.00,7,6,6,0,0,RankingBased(2-4-NestedTemplate)|RankingBased(AffineTemplate),SAME,0.903,0.708
jfdctint.t2.c,c,1000,TERMINATING,19937.00,13300.00,7900.00,4,TERMINATING,33548.00,23200.00,10900.00,4,3,3,0,0,RankingBased(2-4-NestedTemplate)|RankingBased(AffineTemplate),SAME,0.594,0.573
joey_false-termination.c,c,1000,NONTERMINATING,29391.00,15400.00,13300.00,4,NONTERMINATING,35483.00,19700.00,17400.00,4,4,1,3,0,RankingBased(AffineTemplate),SAME,0.828,0.782
knapsack.c,c,1000,TERMINATING,29875.00,13300.00,8700.00,5,TERMINATING,29884.00,13600.00,8500.00,5,3,3,0,0,RankingBased(2-4-NestedTemplate)|RankingBased(AffineTemplate),SAME,1.000,0.978
lis-alloca-2.c,c,1000,UNKNOWN,15300.00,-,-,-,UNKNOWN,18092.00,-,-,-,2,2,0,0,RankingBased(AffineTemplate),BOTH UNKNOWN,-,-
lis.c,c,1000,UNKNOWN,9797.00,-,-,-,UNKNOWN,11612.00,-,-,-,2,2,0,0,RankingBased(2-4-NestedTemplate)|RankingBased(AffineTemplate),BOTH UNKNOWN,-,-
ll_append-alloca-1.c,c,1000,UNKNOWN,12212.00,-,-,-,UNKNOWN,13384.00,-,-,-,2,2,0,0,RankingBased(AffineTemplate),BOTH UNKNOWN,-,-
ll_append-alloca-2.c,c,1000,NONTERMINATING,11694.00,6700.00,5800.00,5,NONTERMINATING,11378.00,5000.00,4200.00,5,1,1,0,0,RankingBased(AffineTemplate),SAME,1.028,1.340
ll_append-alloca-WithAbsOfMinIntBug_false-no-overflow.c,c,1000,NONTERMINATING,13023.00,6300.00,5500.00,5,NONTERMINATING,11914.00,6100.00,5200.00,5,1,1,0,0,RankingBased(AffineTemplate),SAME,1.093,1.033
ll_append_rec-alloca-2.c,c,1000,UNKNOWN,9284.00,-,-,-,UNKNOWN,10583.00,-,-,-,1,1,0,0,RankingBased(AffineTemplate),BOTH UNKNOWN,-,-
ll_create_rec-alloca-2.c,c,1000,TERMINATING,9454.00,2600.00,2100.00,2,TERMINATING,6755.00,2200.00,1300.00,2,1,1,0,0,RankingBased(AffineTemplate),SAME,1.400,1.182
loi01.c,c,1000,NONTERMINATING,5126.00,200.00,200.00,1,NONTERMINATING,5486.00,200.00,100.00,1,0,0,0,0,-,SAME,0.934,1.000
loi02.c,c,1000,NONTERMINATING,6054.00,200.00,100.00,1,NONTERMINATING,6316.00,100.00,100.00,1,0,0,0,0,-,SAME,0.959,2.000
loop-lockstep-example.bpl,bpl,1000,TERMINATING,2485.00,700.00,400.00,3,TERMINATING,2765.00,700.00,400.00,3,2,2,0,0,RankingBased(AffineTemplate),SAME,0.899,1.000
magic.t2.c,c,1000,TERMINATING,126179.00,120100.00,24800.00,19,TERMINATING,331579.00,322900.00,69700.00,19,18,18,0,0,RankingBased(2-4-LexicographicTemplate)|RankingBased(2-4-NestedTemplate)|RankingBased(AffineTemplate),SAME,0.381,0.372
matmult.t2.c,c,1000,TIMEOUT,1000003.00,995300.00,916400.00,99,TIMEOUT,1000003.00,987400.00,800900.00,99,6,6,0,0,RankingBased(2-4-LexicographicTemplate)|RankingBased(2-4-MultiphaseTemplate)|RankingBased(2-4-NestedTemplate)|RankingBased(AffineTemplate),BOTH TIMEOUT,-,-
matrix_chain.c,c,1000,UNKNOWN,161459.00,-,-,-,UNKNOWN,201962.00,-,-,-,3,3,0,0,RankingBased(AffineTemplate),BOTH UNKNOWN,-,-
matrixsqrt.t2.c,c,1000,TERMINATING,21598.00,16300.00,8800.00,12,TERMINATING,18299.00,12300.00,5600.00,12,6,6,0,0,RankingBased(2-4-NestedTemplate)|RankingBased(AffineTemplate),SAME,1.180,1.325
max-array.c,c,1000,NONTERMINATING,5062.00,500.00,400.00,1,NONTERMINATING,5513.00,400.00,400.00,1,0,0,0,0,-,SAME,0.918,1.250
mc91.c,c,1000,TERMINATING,10308.00,5300.00,1200.00,6,TERMINATING,11816.00,5800.00,2200.00,6,5,5,0,0,RankingBased(AffineTemplate),SAME,0.872,0.914
mem_slave_tlm.1_true-unreach-call_false-termination.cil.c,c,1000,NONTERMINATING,94387.00,88000.00,86800.00,9,NONTERMINATING,248296.00,238400.00,234700.00,9,4,0,4,2,-,SAME,0.380,0.369
mergeSort.c,c,1000,UNKNOWN,35252.00,-,-,-,UNKNOWN,36752.00,-,-,-,1,1,0,0,RankingBased(AffineTemplate),BOTH UNKNOWN,-,-
mergesort-no-inv.c,c,1000,TIMEOUT,1000007.00,981900.00,981600.00,1,TIMEOUT,1000005.00,996000.00,995900.00,1,0,0,0,0,-,BOTH TIMEOUT,-,-
mergesort-recursive.c,c,1000,UNKNOWN,233864.00,-,-,-,UNKNOWN,1000003.00,996000.00,995700.00,5,3,2,1,0,RankingBased(AffineTemplate),BOTH UNKNOWN,-,-
min-max-inc.wvr.bpl,bpl,1000,TERMINATING,6757.00,4900.00,4100.00,4,TERMINATING,4533.00,2500.00,1700.00,4,3,3,0,0,RankingBased(AffineTemplate),SAME,1.491,1.960
minepump_spec1_product01_true-unreach-call.cil.c,c,1000,NONTERMINATING,6481.00,1700.00,1600.00,2,NONTERMINATING,6708.00,1800.00,1600.00,2,0,0,0,0,-,SAME,0.966,0.944
moreSimplifiedDifficultChar.bpl,bpl,1000,TERMINATING,4485.00,2700.00,2600.00,2,TERMINATING,3200.00,1200.00,1100.00,2,1,1,0,0,RankingBased(AffineTemplate),SAME,1.402,2.250
mult_array-alloca-2.c,c,1000,TERMINATING,22201.00,18000.00,17600.00,4,TERMINATING,21659.00,17300.00,17000.00,4,2,2,0,0,RankingBased(AffineTemplate),SAME,1.025,1.040
mult_array-alloca_true-termination.c,c,1000,TERMINATING,22209.00,18000.00,17600.00,4,TERMINATING,21624.00,17400.00,17000.00,4,2,2,0,0,RankingBased(AffineTemplate),SAME,1.027,1.034
mutual2.c,c,1000,TERMINATING,6298.00,2200.00,1200.00,5,TERMINATING,6361.00,2300.00,1300.00,5,4,4,0,0,RankingBased(AffineTemplate),SAME,0.990,0.957
n-1.t2.c,c,1000,NONTERMINATING,5257.00,900.00,800.00,1,NONTERMINATING,5399.00,800.00,800.00,1,0,0,0,0,-,SAME,0.974,1.125
n-10.t2.c,c,1000,NONTERMINATING,6259.00,900.00,800.00,1,NONTERMINATING,12307.00,3200.00,3100.00,1,0,0,0,0,-,SAME,0.509,0.281
n-12.t2.c,c,1000,NONTERMINATING,4678.00,500.00,500.00,1,NONTERMINATING,4830.00,500.00,500.00,1,0,0,0,0,-,SAME,0.969,1.000
n-12a.t2.c,c,1000,NONTERMINATING,8978.00,500.00,400.00,1,NONTERMINATING,5063.00,400.00,400.00,1,0,0,0,0,-,SAME,1.773,1.250
n-13.t2.c,c,1000,NONTERMINATING,4980.00,500.00,500.00,1,NONTERMINATING,4971.00,500.00,500.00,1,0,0,0,0,-,SAME,1.002,1.000
n-14.t2.c,c,1000,NONTERMINATING,5029.00,500.00,500.00,1,NONTERMINATING,5079.00,500.00,500.00,1,0,0,0,0,-,SAME,0.990,1.000
n-15.t2.c,c,1000,NONTERMINATING,4955.00,500.00,500.00,1,NONTERMINATING,5081.00,500.00,500.00,1,0,0,0,0,-,SAME,0.975,1.000
n-15a.t2.c,c,1000,NONTERMINATING,6210.00,1700.00,1000.00,2,UNKNOWN,5135.00,-,-,-,1,1,0,0,RankingBased(2-4-MultiphaseTemplate),Ultimate-LR ONLY,-,-
n-16.t2.c,c,1000,NONTERMINATING,5061.00,500.00,500.00,1,NONTERMINATING,5242.00,600.00,600.00,1,0,0,0,0,-,SAME,0.965,0.833
n-16a.t2.c,c,1000,NONTERMINATING,5060.00,500.00,500.00,1,NONTERMINATING,5099.00,500.00,500.00,1,0,0,0,0,-,SAME,0.992,1.000
n-18.t2.c,c,1000,NONTERMINATING,4749.00,600.00,500.00,1,NONTERMINATING,4734.00,500.00,500.00,1,0,0,0,0,-,SAME,1.003,1.200
n-18a.t2.c,c,1000,NONTERMINATING,5091.00,600.00,600.00,1,NONTERMINATING,4949.00,500.00,500.00,1,0,0,0,0,-,SAME,1.029,1.200
n-1c.t2.c,c,1000,NONTERMINATING,5173.00,800.00,800.00,1,NONTERMINATING,5133.00,800.00,700.00,1,0,0,0,0,-,SAME,1.008,1.000
n-1d.t2.c,c,1000,NONTERMINATING,4841.00,600.00,500.00,1,NONTERMINATING,5047.00,600.00,600.00,1,0,0,0,0,-,SAME,0.959,1.000
n-20.t2.c,c,1000,NONTERMINATING,5987.00,1600.00,1500.00,1,NONTERMINATING,6155.00,1600.00,1500.00,1,0,0,0,0,-,SAME,0.973,1.000
n-21.t2.c,c,1000,NONTERMINATING,4995.00,600.00,600.00,1,NONTERMINATING,5114.00,700.00,600.00,1,0,0,0,0,-,SAME,0.977,0.857
n-3.t2.c,c,1000,NONTERMINATING,5064.00,600.00,600.00,1,NONTERMINATING,5096.00,600.00,600.00,1,0,0,0,0,-,SAME,0.994,1.000
n-32.t2.c,c,1000,NONTERMINATING,4941.00,500.00,500.00,1,NONTERMINATING,4926.00,500.00,500.00,1,0,0,0,0,-,SAME,1.003,1.000
n-33.t2.c,c,1000,NONTERMINATING,5176.00,600.00,600.00,1,NONTERMINATING,5350.00,700.00,600.00,1,0,0,0,0,-,SAME,0.967,0.857
n-36.t2.c,c,1000,NONTERMINATING,6283.00,1500.00,1500.00,1,NONTERMINATING,6321.00,1500.00,1400.00,1,0,0,0,0,-,SAME,0.994,1.000
n-37.t2.c,c,1000,NONTERMINATING,5289.00,800.00,800.00,1,NONTERMINATING,5266.00,800.00,800.00,1,0,0,0,0,-,SAME,1.004,1.000
n-3a.t2.c,c,1000,NONTERMINATING,5042.00,600.00,500.00,1,NONTERMINATING,5086.00,600.00,500.00,1,0,0,0,0,-,SAME,0.991,1.000
n-4.t2.c,c,1000,NONTERMINATING,6216.00,1700.00,900.00,2,NONTERMINATING,6295.00,1700.00,900.00,2,1,1,0,0,RankingBased(AffineTemplate),SAME,0.987,1.000
n-46.t2.c,c,1000,NONTERMINATING,5295.00,800.00,800.00,1,NONTERMINATING,5367.00,900.00,800.00,1,0,0,0,0,-,SAME,0.987,0.889
n-48.t2.c,c,1000,NONTERMINATING,5255.00,800.00,800.00,1,NONTERMINATING,5302.00,800.00,700.00,1,0,0,0,0,-,SAME,0.991,1.000
n-5.t2.c,c,1000,NONTERMINATING,7033.00,2500.00,1500.00,2,NONTERMINATING,7443.00,2800.00,1500.00,2,1,1,0,0,RankingBased(2-4-NestedTemplate),SAME,0.945,0.893
n-6.t2.c,c,1000,NONTERMINATING,5256.00,800.00,700.00,1,NONTERMINATING,5365.00,800.00,700.00,1,0,0,0,0,-,SAME,0.980,1.000
n-7.t2.c,c,1000,NONTERMINATING,5673.00,1100.00,1000.00,2,NONTERMINATING,5701.00,1000.00,900.00,2,0,0,0,0,-,SAME,0.995,1.100
n-8.t2.c,c,1000,NONTERMINATING,5363.00,700.00,700.00,1,NONTERMINATING,5288.00,600.00,600.00,1,0,0,0,0,-,SAME,1.014,1.167
n-8a.t2.c,c,1000,NONTERMINATING,5343.00,800.00,800.00,1,NONTERMINATING,5492.00,800.00,700.00,1,0,0,0,0,-,SAME,0.973,1.000
n-9.t2.c,c,1000,NONTERMINATING,5158.00,900.00,800.00,1,NONTERMINATING,5215.00,800.00,700.00,1,0,0,0,0,-,SAME,0.989,1.125
nakata.t2.c,c,1000,UNKNOWN,771295.00,-,-,-,UNKNOWN,1000004.00,995700.00,10400.00,13,7,7,0,0,RankingBased(2-4-NestedTemplate)|RankingBased(AffineTemplate),BOTH UNKNOWN,-,-
ndes.t2.c,c,1000,TIMEOUT,1000003.00,-,-,-,TIMEOUT,1000003.00,995700.00,699700.00,81,8,8,0,0,RankingBased(2-4-NestedTemplate)|RankingBased(AffineTemplate),BOTH TIMEOUT,-,-
neg-1394complete-succeed.t2.c,c,1000,NONTERMINATING,18991.00,13600.00,8000.00,4,NONTERMINATING,17709.00,12900.00,7400.00,4,3,3,0,0,RankingBased(2-4-NestedTemplate),SAME,1.072,1.054
neg-e-1394complete-fail.t2.c,c,1000,NONTERMINATING,15978.00,11300.00,6600.00,4,NONTERMINATING,16559.00,11800.00,6900.00,4,3,3,0,0,RankingBased(AffineTemplate),SAME,0.965,0.958
neg-e-1394complete-succeed.t2.c,c,1000,NONTERMINATING,16030.00,11300.00,6600.00,4,NONTERMINATING,17114.00,12200.00,6900.00,4,3,3,0,0,RankingBased(2-4-NestedTemplate)|RankingBased(AffineTemplate),SAME,0.937,0.926
neg-e-acqrel-fail.t2.c,c,1000,NONTERMINATING,5105.00,700.00,700.00,1,NONTERMINATING,5152.00,800.00,700.00,1,0,0,0,0,-,SAME,0.991,0.875
neg-e-acqrel-succeed.t2.c,c,1000,NONTERMINATING,5173.00,800.00,700.00,2,NONTERMINATING,5237.00,900.00,700.00,2,0,0,0,0,-,SAME,0.988,0.889
neg-e-pgarch-fail.t2.c,c,1000,NONTERMINATING,5701.00,1400.00,1200.00,2,NONTERMINATING,5913.00,1400.00,1300.00,2,0,0,0,0,-,SAME,0.964,1.000
neg-e-pgarch-succeed.t2.c,c,1000,NONTERMINATING,5715.00,1300.00,1200.00,2,NONTERMINATING,5681.00,1200.00,1100.00,2,0,0,0,0,-,SAME,1.006,1.083
neg-e-popl07-succeed.t2.c,c,1000,NONTERMINATING,8122.00,3600.00,2300.00,3,NONTERMINATING,8862.00,4200.00,2700.00,3,1,1,0,0,RankingBased(AffineTemplate),SAME,0.916,0.857
neg-pgarch-succeed.t2.c,c,1000,NONTERMINATING,6052.00,1500.00,1300.00,2,NONTERMINATING,5965.00,1500.00,1400.00,2,0,0,0,0,-,SAME,1.015,1.000
neg-popl07-fail.t2.c,c,1000,NONTERMINATING,7704.00,3200.00,2000.00,2,NONTERMINATING,8017.00,3400.00,2100.00,2,1,1,0,0,RankingBased(AffineTemplate),SAME,0.961,0.941
neg-popl07-succeed.t2.c,c,1000,NONTERMINATING,8336.00,3900.00,2300.00,2,NONTERMINATING,8429.00,3800.00,2300.00,2,1,1,0,0,RankingBased(AffineTemplate),SAME,0.989,1.026
neg-smagilla-succeed.t2.c,c,1000,NONTERMINATING,8359.00,3900.00,2900.00,7,NONTERMINATING,8184.00,3500.00,2700.00,7,1,1,0,0,RankingBased(AffineTemplate),SAME,1.021,1.114
nested.t2.c,c,1000,TERMINATING,9047.00,4700.00,1700.00,5,TERMINATING,9885.00,5500.00,1700.00,5,3,3,0,0,RankingBased(2-4-NestedTemplate)|RankingBased(AffineTemplate),SAME,0.915,0.855
noReturn01.c,c,1000,NONTERMINATING,4263.00,100.00,100.00,1,NONTERMINATING,4369.00,100.00,100.00,1,0,0,0,0,-,SAME,0.976,1.000
noReturn02.c,c,1000,NONTERMINATING,4192.00,100.00,100.00,1,NONTERMINATING,4266.00,100.00,100.00,1,0,0,0,0,-,SAME,0.983,1.000
non_term.t2.c,c,1000,NONTERMINATING,4845.00,600.00,500.00,1,NONTERMINATING,4871.00,600.00,500.00,1,0,0,0,0,-,SAME,0.995,1.000
nondet_ll_search-alloca-2.c,c,1000,UNKNOWN,29756.00,-,-,-,UNKNOWN,11553.00,-,-,-,1,1,0,0,RankingBased(AffineTemplate),BOTH UNKNOWN,-,-
not-01.c,c,1000,TERMINATING,4806.00,600.00,400.00,2,TERMINATING,4969.00,600.00,400.00,2,1,1,0,0,RankingBased(2-4-NestedTemplate),SAME,0.967,1.000
not-02-false.c,c,1000,NONTERMINATING,4441.00,200.00,200.00,1,NONTERMINATING,4491.00,200.00,200.00,1,0,0,0,0,-,SAME,0.989,1.000
not-03-false.c,c,1000,NONTERMINATING,4557.00,200.00,200.00,1,NONTERMINATING,4586.00,200.00,200.00,1,0,0,0,0,-,SAME,0.994,1.000
not-03.c,c,1000,TERMINATING,4846.00,600.00,400.00,2,TERMINATING,5021.00,600.00,400.00,2,1,1,0,0,RankingBased(AffineTemplate),SAME,0.965,1.000
not-04-false.c,c,1000,NONTERMINATING,4600.00,300.00,200.00,1,NONTERMINATING,4697.00,300.00,300.00,1,0,0,0,0,-,SAME,0.979,1.000
not-04.c,c,1000,TERMINATING,8127.00,3800.00,3600.00,2,TERMINATING,35850.00,31400.00,31200.00,2,4,1,3,0,RankingBased(2-4-MultiphaseTemplate),SAME,0.227,0.121
not-05-false.c,c,1000,NONTERMINATING,4642.00,300.00,200.00,1,NONTERMINATING,4693.00,300.00,200.00,1,0,0,0,0,-,SAME,0.989,1.000
not-05.c,c,1000,TERMINATING,4797.00,500.00,300.00,2,TERMINATING,4947.00,500.00,300.00,2,1,1,0,0,RankingBased(AffineTemplate),SAME,0.970,1.000
oct_vs_subpoly.t2.c,c,1000,NONTERMINATING,5185.00,700.00,600.00,1,NONTERMINATING,5300.00,700.00,700.00,1,0,0,0,0,-,SAME,0.978,1.000
openbsd_cmemchr-alloca_true-termination.c,c,1000,TERMINATING,6950.00,2400.00,2000.00,2,TERMINATING,6742.00,2200.00,1900.00,2,1,1,0,0,RankingBased(AffineTemplate),SAME,1.031,1.091
openbsd_cmemrchr-alloca-1.c,c,1000,TERMINATING,7162.00,2900.00,2600.00,2,TERMINATING,6971.00,2300.00,2100.00,2,1,1,0,0,RankingBased(AffineTemplate),SAME,1.027,1.261
openbsd_cmemrchr-alloca_true-termination.c,c,1000,TERMINATING,6758.00,2400.00,2200.00,2,TERMINATING,7713.00,3300.00,3100.00,2,1,1,0,0,RankingBased(AffineTemplate),SAME,0.876,0.727
openbsd_cmemset-alloca-2.c,c,1000,TERMINATING,8319.00,3000.00,2400.00,2,TERMINATING,7508.00,2100.00,1700.00,2,1,1,0,0,RankingBased(AffineTemplate),SAME,1.108,1.429
openbsd_cstpcpy-alloca.i_10.bpl,bpl,1000,TERMINATING,8751.00,6500.00,6400.00,2,TERMINATING,7328.00,4200.00,4000.00,2,1,1,0,0,RankingBased(AffineTemplate),SAME,1.194,1.548
openbsd_cstpcpy-alloca.i_8.bpl,bpl,1000,TERMINATING,9904.00,7200.00,7000.00,2,TERMINATING,6515.00,3900.00,3700.00,2,1,1,0,0,RankingBased(AffineTemplate),SAME,1.520,1.846
openbsd_cstpncpy-alloca-2.c,c,1000,UNKNOWN,148027.00,-,-,-,TERMINATING,12417.00,8000.00,7400.00,3,2,2,0,0,RankingBased(AffineTemplate),Ultimate-PL ONLY,-,-
openbsd_cstpncpy-alloca_true-termination.c,c,1000,UNKNOWN,145089.00,-,-,-,TERMINATING,12796.00,8200.00,7600.00,3,2,2,0,0,RankingBased(AffineTemplate),Ultimate-PL ONLY,-,-
openbsd_cstrcmp-alloca_true-termination.c,c,1000,UNKNOWN,281626.00,-,-,-,TERMINATING,9652.00,5400.00,4800.00,2,1,1,0,0,RankingBased(AffineTemplate),Ultimate-PL ONLY,-,-
openbsd_cstrcpy-alloca.i_10.bpl,bpl,1000,TERMINATING,10067.00,6300.00,5900.00,2,TERMINATING,9389.00,5300.00,5100.00,2,1,1,0,0,RankingBased(AffineTemplate),SAME,1.072,1.189
openbsd_cstrcpy-alloca.i_8.bpl,bpl,1000,TERMINATING,8787.00,6600.00,6300.00,2,TERMINATING,9256.00,5000.00,4800.00,2,1,1,0,0,RankingBased(AffineTemplate),SAME,0.949,1.320
openbsd_cstrlcpy-alloca_true-termination.c,c,1000,TERMINATING,11278.00,6900.00,6400.00,5,TERMINATING,10947.00,6400.00,5800.00,5,2,2,0,0,RankingBased(AffineTemplate),SAME,1.030,1.078
openbsd_cstrlen-alloca.i_5.bpl,bpl,1000,TERMINATING,5979.00,3900.00,3600.00,2,TERMINATING,7701.00,3300.00,3000.00,2,1,1,0,0,RankingBased(AffineTemplate),SAME,0.776,1.182
openbsd_cstrncpy-alloca_true-termination.c,c,1000,TERMINATING,13200.00,8700.00,8100.00,3,TERMINATING,13508.00,8900.00,8300.00,3,2,2,0,0,RankingBased(AffineTemplate),SAME,0.977,0.978
openbsd_cstrpbrk-alloca.i_11.bpl,bpl,1000,TIMEOUT,1000009.00,997100.00,997100.00,1,TERMINATING,29256.00,17700.00,16000.00,2,1,1,0,0,RankingBased(2-4-NestedTemplate),Ultimate-PL ONLY,-,-
openbsd_cstrstr-alloca.i_10.bpl,bpl,1000,TERMINATING,35167.00,25600.00,24900.00,2,TERMINATING,11686.00,4200.00,4100.00,2,1,1,0,0,RankingBased(AffineTemplate),SAME,3.009,6.095
or-01-false.c,c,1000,UNKNOWN,5732.00,1300.00,1300.00,1,UNKNOWN,5725.00,1300.00,1300.00,1,0,0,0,0,-,BOTH UNKNOWN,-,-
or-02.c,c,1000,TERMINATING,5438.00,1200.00,900.00,2,TERMINATING,5398.00,1100.00,900.00,2,1,1,0,0,RankingBased(AffineTemplate),SAME,1.007,1.091
or-05-false.c,c,1000,UNKNOWN,6037.00,1800.00,1800.00,1,UNKNOWN,26683.00,22100.00,22100.00,1,1,0,1,0,-,BOTH UNKNOWN,-,-
or-05.c,c,1000,UNKNOWN,6664.00,2200.00,2200.00,1,UNKNOWN,26656.00,22300.00,22200.00,1,1,0,1,0,-,BOTH UNKNOWN,-,-
or-06.c,c,1000,TERMINATING,4746.00,500.00,300.00,2,TERMINATING,5003.00,600.00,400.00,2,1,1,0,0,RankingBased(2-4-NestedTemplate),SAME,0.949,0.833
p-43.t2.c,c,1000,TIMEOUT,1000005.00,995300.00,128200.00,260,TIMEOUT,1000021.00,991800.00,136200.00,137,137,137,0,0,RankingBased(2-4-LexicographicTemplate)|RankingBased(2-4-MultiphaseTemplate)|RankingBased(2-4-NestedTemplate)|RankingBased(AffineTemplate),BOTH TIMEOUT,-,-
p-46.t2.c,c,1000,TIMEOUT,1000019.00,-,-,-,NONTERMINATING,128165.00,113500.00,31600.00,13,11,11,0,0,RankingBased(2-4-LexicographicTemplate)|RankingBased(2-4-MultiphaseTemplate)|RankingBased(2-4-NestedTemplate)|RankingBased(AffineTemplate),Ultimate-PL ONLY,-,-
pals_lcr-var-start-time.3.ufo.UNBOUNDED.pals.c_9.bplTransformedIcfg_BEv2_26.bpl,bpl,1000,TERMINATING,5850.00,3100.00,2600.00,8,TERMINATING,7462.00,4700.00,4100.00,6,2,2,0,0,RankingBased(AffineTemplate),SAME,0.784,0.660
paths_39_7a_gpio_grgpio.c,c,1000,TERMINATING,10548.00,4900.00,4500.00,2,TERMINATING,7619.00,2700.00,2400.00,2,1,1,0,0,RankingBased(AffineTemplate),SAME,1.384,1.815
pentagon.t2.c,c,1000,TIMEOUT,1000006.00,995700.00,31100.00,30,TIMEOUT,1000025.00,994900.00,53000.00,34,28,28,0,0,RankingBased(2-4-NestedTemplate)|RankingBased(AffineTemplate),BOTH TIMEOUT,-,-
polyrank4.t2.c,c,1000,TIMEOUT,1000007.00,984400.00,47800.00,15,TIMEOUT,1000005.00,996000.00,106900.00,170,170,170,0,0,RankingBased(2-4-MultiphaseTemplate)|RankingBased(2-4-NestedTemplate),BOTH TIMEOUT,-,-
recHanoi01.c,c,1000,TIMEOUT,1000036.00,995900.00,3500.00,6,UNKNOWN,924236.00,-,-,-,3,3,0,0,RankingBased(AffineTemplate),NEITHER,-,-
rec_strcopy_malloc.c,c,1000,UNKNOWN,11616.00,-,-,-,UNKNOWN,12280.00,-,-,-,0,0,0,0,-,BOTH UNKNOWN,-,-
selectionsort-alloca.i_14.bpl,bpl,1000,TERMINATING,11032.00,6900.00,6500.00,3,TERMINATING,9983.00,5900.00,5400.00,3,2,2,0,0,RankingBased(AffineTemplate),SAME,1.105,1.169
selectionsort-alloca.i_16.bpl,bpl,1000,TERMINATING,13183.00,10100.00,9100.00,6,TERMINATING,11809.00,7400.00,6600.00,6,3,3,0,0,RankingBased(AffineTemplate),SAME,1.116,1.365
slayer-3-new.t2.c,c,1000,NONTERMINATING,361584.00,343300.00,83000.00,14,NONTERMINATING,170236.00,157500.00,55400.00,14,11,11,0,0,RankingBased(2-4-NestedTemplate)|RankingBased(AffineTemplate),SAME,2.124,2.180
slayer-3.t2.c,c,1000,NONTERMINATING,173522.00,163100.00,61200.00,14,NONTERMINATING,171217.00,156300.00,59800.00,14,11,11,0,0,RankingBased(2-4-NestedTemplate)|RankingBased(AffineTemplate),SAME,1.013,1.044
slayer-4-filtered.t2.c,c,1000,NONTERMINATING,200085.00,171300.00,148400.00,2,NONTERMINATING,188953.00,166500.00,144700.00,2,1,1,0,0,RankingBased(2-4-NestedTemplate),SAME,1.059,1.029
smtinterpol-bug-wrong-interpolants-03.c,c,1000,UNKNOWN,9536.00,-,-,-,UNKNOWN,7099.00,-,-,-,1,1,0,0,RankingBased(AffineTemplate),BOTH UNKNOWN,-,-
spctrm.c.i.spctrm.pl.t2.fixed.t2.c,c,1000,TERMINATING,27010.00,22100.00,7000.00,8,TERMINATING,32675.00,26800.00,9000.00,8,7,7,0,0,RankingBased(AffineTemplate),SAME,0.827,0.825
spctrm.c.i.spctrm.pl.t2.nor.t2.rlgfixed.t2.c,c,1000,TERMINATING,31409.00,25400.00,9200.00,8,TERMINATING,30993.00,25200.00,8900.00,8,7,7,0,0,RankingBased(2-4-NestedTemplate)|RankingBased(AffineTemplate),SAME,1.013,1.008
spctrm.t2.c,c,1000,TERMINATING,31780.00,25200.00,9500.00,8,TERMINATING,31768.00,25700.00,8400.00,8,7,7,0,0,RankingBased(2-4-LexicographicTemplate)|RankingBased(2-4-NestedTemplate)|RankingBased(AffineTemplate),SAME,1.000,0.981
strchr-2.c,c,1000,TERMINATING,10437.00,5500.00,5300.00,3,TERMINATING,9238.00,3900.00,3600.00,3,1,1,0,0,RankingBased(AffineTemplate),SAME,1.130,1.410
strdup.c,c,1000,TERMINATING,18755.00,13600.00,12900.00,4,TERMINATING,19315.00,11000.00,9600.00,4,2,2,0,0,RankingBased(AffineTemplate),SAME,0.971,1.236
strlcat.c,c,1000,TERMINATING,32497.00,26700.00,25100.00,6,TERMINATING,14860.00,10500.00,9500.00,6,3,3,0,0,RankingBased(AffineTemplate),SAME,2.187,2.543
strlen.c,c,1000,TERMINATING,7142.00,3000.00,2800.00,2,TERMINATING,5985.00,1900.00,1600.00,2,1,1,0,0,RankingBased(AffineTemplate),SAME,1.193,1.579
strspn.c,c,1000,UNKNOWN,623146.00,618800.00,618400.00,4,TERMINATING,18834.00,14600.00,13600.00,6,3,3,0,0,RankingBased(AffineTemplate),Ultimate-PL ONLY,-,-
strtok_r.c,c,1000,TIMEOUT,1000003.00,995700.00,993200.00,12,TERMINATING,39606.00,35200.00,32200.00,15,6,6,0,0,RankingBased(AffineTemplate),Ultimate-PL ONLY,-,-
substring-alloca-1.c,c,1000,UNKNOWN,820707.00,-,-,-,UNKNOWN,422922.00,-,-,-,2,1,1,0,RankingBased(AffineTemplate),BOTH UNKNOWN,-,-
substring-alloca_true-termination.c,c,1000,UNKNOWN,776308.00,-,-,-,UNKNOWN,413461.00,-,-,-,2,1,1,0,RankingBased(AffineTemplate),BOTH UNKNOWN,-,-
svcomp_Ackermann01_true-unreach-call_modified_modified.c,c,1000,UNKNOWN,846707.00,-,-,-,TERMINATING,30150.00,25000.00,10400.00,15,7,7,0,0,RankingBased(AffineTemplate),Ultimate-PL ONLY,-,-
svcomp_ChenFlurMukhopadhyay-2012SAS-Fig1_true-alloca.c,c,1000,TERMINATING,12119.00,7100.00,4700.00,2,UNKNOWN,534254.00,-,-,-,1,1,0,0,RankingBased(2-4-NestedTemplate),Ultimate-LR ONLY,-,-
svcomp_CookSeeZuleger-2013TACAS-Fig7b_true-alloca.c,c,1000,UNKNOWN,17013.00,-,-,-,UNKNOWN,16779.00,-,-,-,5,5,0,0,RankingBased(2-4-NestedTemplate)|RankingBased(AffineTemplate),BOTH UNKNOWN,-,-
svcomp_Toulouse-BranchesToLoop_true-alloca.c,c,1000,TERMINATING,14848.00,9600.00,7500.00,4,TERMINATING,17055.00,12000.00,7100.00,4,2,2,0,0,RankingBased(AffineTemplate),SAME,0.871,0.800
svcomp_Toulouse-MultiBranchesToLoop_true-alloca.c,c,1000,TERMINATING,35539.00,29700.00,20800.00,20,TERMINATING,39396.00,33600.00,19000.00,20,2,2,0,0,RankingBased(AffineTemplate),SAME,0.902,0.884
svcomp_b.13.c,c,1000,TERMINATING,7647.00,2700.00,2200.00,2,TERMINATING,10901.00,5300.00,4800.00,2,2,1,1,0,RankingBased(AffineTemplate),SAME,0.701,0.509
svcomp_bubblesort_alloca.c,c,1000,TERMINATING,106916.00,101900.00,100400.00,6,TERMINATING,97759.00,93400.00,91700.00,6,3,3,0,0,RankingBased(AffineTemplate),SAME,1.094,1.091
svcomp_cstrchr_true_alloca.c,c,1000,TERMINATING,314441.00,310300.00,310000.00,3,TERMINATING,8256.00,4000.00,3800.00,3,1,1,0,0,RankingBased(AffineTemplate),SAME,38.086,77.575
svcomp_cstrlen_unsafe.c,c,1000,TERMINATING,11259.00,7100.00,6900.00,2,TERMINATING,6562.00,2300.00,2100.00,2,1,1,0,0,RankingBased(AffineTemplate),SAME,1.716,3.087
svcomp_diff_alloca.c,c,1000,TERMINATING,18157.00,13900.00,13300.00,6,TERMINATING,13363.00,9100.00,8300.00,6,3,3,0,0,RankingBased(AffineTemplate),SAME,1.359,1.527
svcomp_flag-alloca.c,c,1000,TERMINATING,36603.00,32300.00,28900.00,2,TERMINATING,27900.00,23700.00,9000.00,2,1,1,0,0,RankingBased(2-4-MultiphaseTemplate),SAME,1.312,1.363
svcomp_flag.c,c,1000,TERMINATING,8076.00,3900.00,3700.00,2,TERMINATING,26865.00,22700.00,22400.00,2,2,1,1,0,RankingBased(2-4-MultiphaseTemplate),SAME,0.301,0.172
svcomp_gcd1_true-alloca.c,c,1000,UNKNOWN,15954.00,-,-,-,UNKNOWN,17216.00,-,-,-,3,3,0,0,RankingBased(AffineTemplate),BOTH UNKNOWN,-,-
svcomp_insertion_sort_unsafe.c,c,1000,TERMINATING,70651.00,66400.00,65600.00,6,TERMINATING,69698.00,65500.00,64700.00,6,3,3,0,0,RankingBased(AffineTemplate),SAME,1.014,1.014
svcomp_insertionsort_alloca.c,c,1000,TERMINATING,159536.00,155300.00,154500.00,6,TERMINATING,143782.00,139600.00,138900.00,6,2,2,0,0,RankingBased(AffineTemplate),SAME,1.110,1.112
svcomp_java_BubbleSort_unsafe.c,c,1000,TERMINATING,658920.00,654800.00,654000.00,6,TIMEOUT,1000002.00,996100.00,847000.00,84,4,4,0,0,RankingBased(2-4-NestedTemplate)|RankingBased(AffineTemplate),Ultimate-LR ONLY,-,-
svcomp_strchr_true-termination.c,c,1000,TERMINATING,10854.00,6000.00,5700.00,3,TERMINATING,8840.00,4200.00,3600.00,3,1,1,0,0,RankingBased(AffineTemplate),SAME,1.228,1.429
svdcmp.c.i.svdcmp.pl.t2.fixed.t2.c,c,1000,TIMEOUT,1000010.00,-,-,-,UNKNOWN,626010.00,-,-,-,21,21,0,0,RankingBased(2-4-NestedTemplate)|RankingBased(AffineTemplate),NEITHER,-,-
svdcmp.c.i.svdcmp.pl.t2.nor.t2.rlgfixed.t2.c,c,1000,UNKNOWN,846123.00,-,-,-,UNKNOWN,585424.00,-,-,-,21,21,0,0,RankingBased(2-4-MultiphaseTemplate)|RankingBased(2-4-NestedTemplate)|RankingBased(AffineTemplate),BOTH UNKNOWN,-,-
svdcmp.t2.c,c,1000,UNKNOWN,659948.00,-,-,-,TIMEOUT,1000012.00,-,-,-,21,21,0,0,RankingBased(2-4-LexicographicTemplate)|RankingBased(2-4-NestedTemplate)|RankingBased(AffineTemplate),NEITHER,-,-
toeplz.c.i.toeplz.pl.t2.fixed.t2.c,c,1000,TERMINATING,58627.00,54100.00,14800.00,11,TERMINATING,70471.00,66100.00,18300.00,12,11,11,0,0,RankingBased(2-4-NestedTemplate)|RankingBased(AffineTemplate),SAME,0.832,0.818
wcsrchr.c,c,1000,TERMINATING,8150.00,4100.00,3800.00,2,TERMINATING,6398.00,2200.00,1900.00,2,1,1,0,0,RankingBased(AffineTemplate),SAME,1.274,1.864
wrap.c,c,1000,UNKNOWN,665634.00,-,-,-,UNKNOWN,669704.00,-,-,-,1,1,0,0,RankingBased(AffineTemplate),BOTH UNKNOWN,-,-
wtf.t2.c,c,1000,TERMINATING,32639.00,27600.00,14300.00,13,TERMINATING,35834.00,30800.00,14800.00,13,7,7,0,0,RankingBased(AffineTemplate),SAME,0.911,0.896
yPositive-SIscaled100.bpl,bpl,1000,TERMINATING,7953.00,6100.00,5900.00,2,TERMINATING,8556.00,6500.00,6300.00,2,1,1,0,0,RankingBased(2-4-NestedTemplate),SAME,0.930,0.938
yPositive-SIscaled50.bpl,bpl,1000,TERMINATING,4249.00,2500.00,2300.00,2,TERMINATING,4610.00,2600.00,2400.00,2,1,1,0,0,RankingBased(2-4-NestedTemplate),SAME,0.922,0.962
yPositive-SIscaled75.bpl,bpl,1000,TERMINATING,5836.00,4000.00,3800.00,2,TERMINATING,6255.00,4200.00,4100.00,2,1,1,0,0,RankingBased(2-4-NestedTemplate),SAME,0.933,0.952
zeroconf.t2.c,c,1000,TERMINATING,25005.00,20800.00,8500.00,11,TERMINATING,25579.00,21300.00,9000.00,11,7,7,0,0,RankingBased(AffineTemplate),SAME,0.978,0.977
